Name,Team,Competition,Season,Minutes,Primary Position,Nationality,Age,Date of Birth,All Goals,NP Goals,xG,xG/Shot,Shots,Goal Conversion%,Shooting%,Shot Touch%,Penalty Conversion%,PSxG,Assists,xG Assisted,Key Passes,OP Assists,OP xG Assisted,OP Key Passes,SP Assists,SP xG Assisted,SP Key Passes,Scoring Contribution,xG & xG Assisted,Shots & Key Passes,O/U Performance,Dribbles,Successful Dribbles,Failed Dribbles,Dribble%,Fouls Won,Penalty Wins,Dispossessed,Turnovers,Interceptions,PAdj Interceptions,Clearances,PAdj Clearances,Defensive Actions,Aggressive Actions,Blocks/Shot,Defensive Regains,Average DA X,Ball Recov. F2,Ball Recoveries,Tackles,Tack&Int,Tack/DP%,PAdj Tackles,PAdj Tack&Int,Fouls,Dribbles Stopped%,Dribbled Past,Aerial Win%,Aerial Wins,Errors,Pressures,PAdj Pressures,Pressure Regains,Counterpressures,Counterpress Regains,Average Pressure X,Pressures F2,Pressures F2%,Counterpressures F2,Counterpressures F2%,Yellow Cards,2nd Yellows,Red Cards,OP Passes,Passing%,Long Balls,L/R Footedness%,Long Ball%,Pr. Long Balls,UPr. Long Balls,Passes Pressured%,Pr. Pass%,Pr. Pass% Dif.,Average Pass X,Deep Progressions,xGBuildup,xGChain,Carries,Carry%,Carry Length,OP F3 Passes,PintoB,OP Passes Into Box,SP PintoB,Passes Inside Box,Touches In Box,PinTin,Throughballs,Successful Box Cross%,Successful Crosses,Crossing%,Deep Completions,Pass Forward%,Pass Sideways%,Pass Backward%,F3 Pass Forward%,F3 Pass Sideways%,F3 Pass Backward%,Pass Length,Pr. Pass Length,Pass Length Ratio,Pr. Pass Length%,Pr. Pass Length Dif.,Succ. Pass Length,Succ.Pr. Pass Length,Goals Conceded,PSxG Faced,GSAA,Save%,xSv%,Shot Stopping%,xG Faced,Shots Faced,Shots Faced OT%,All Shots Faced,Positioning Error,Penalties Faced,Penalties Conceded,GK Aggressive Dist.,Claims%,Pass into Danger%,Pass into Pressure%,Positive Outcome,Positive Outcome%,Pass OBV,D&C OBV,DA OBV,Shot OBV,Goalkeeper OBV,OBV
Aaron Molinas,Defensa y Justicia,"División Profesional, Paraguay",2026,1463,Left Defensive Midfielder,Argentina,26,01/08/00,0.18,0,0.06,0.06,0.98,0,31,1,100,0.02,0.25,0.12,2.09,0.18,0.06,1.41,0.06,0.07,0.68,0.25,0.18,3.07,0.06,1.11,0.8,0.31,72,1.23,0,1.23,0.92,0.61,0.58,0.86,0.75,13.65,7.26,0.02,4.67,39.21,10.82,5.04,1.11,1.72,64,1.16,1.74,0.49,36,0.61,37,0.43,0.06,12.05,12.44,3.69,3.87,1.05,43.05,4.12,34,2.15,56,0.18,0,0,54.42,82,6.46,10,57,2.21,10.02,21,81,-1,52.96,8.3,0.35,0.38,48.71,96,4.31,15.68,2.71,1.66,1.05,0,0.68,2.34,0.12,16,0.43,29,0.25,21,68,11,26,68,5,22.73,18.72,0.92,94,-4.01,20.85,17.67,0,0,0,0,0,,0,0,,0,0,0,0,0,0,22,10,6.17,52,0.08,0.08,0.04,-0.06,,0.14
Aarón Quirós,Vélez Sarsfield,Liga Profesional,2026,429,Left Centre Back,Argentina,25,30/10/01,0,0,0.11,0.27,0.42,0,50,0,,0.07,0,0.02,0.21,0,0.02,0.21,0,0,0,0,0.14,0.63,-0.14,0.21,0.21,0,100,0.42,0,0,0.42,1.26,1.64,5.45,6.41,6.71,2.31,0.02,4.4,20.71,8.6,0.63,0.84,2.1,80,0.93,2.57,0.84,67,0.21,53,1.68,0,5.03,5.76,1.89,0.84,0.21,21.92,0.21,4,0.21,25,0.21,0,0,40.27,82,4.19,85,54,6.29,6.92,10,65,-17,35.14,2.52,0.3,0.3,32.09,99,4.96,2.31,0,0,0,0.21,1.05,1.05,0,,0.21,50,0.21,28,71,1,36,64,0,25.63,26.92,0.92,73,1.29,23.67,19.54,0,0,0,0,0,,0,0,,0,0,0,0,0,0,15,4,1.85,14,0.08,0.03,0.01,0.01,,0.12
Adam Bareiro,Boca Juniors,Liga Profesional,2026,751,Right Centre Forward,Paraguay,30,25/07/96,0.36,0.36,0.47,0.21,2.28,16,53,5,,0.61,0.12,0.05,0.84,0.12,0.05,0.84,0,0,0,0.48,0.52,3.12,-0.04,0.6,0.48,0.12,80,2.04,0,1.32,2.04,0.12,0.21,1.8,2.07,17.63,7.79,0.05,4.8,56.62,3.6,2.76,1.32,1.44,69,1.59,1.8,2.04,29,0.6,48,3.6,0,14.27,18.93,3.72,3.72,1.2,62.84,10.07,71,3.12,84,0.48,0,0,20.74,74,0.6,10,56,2.28,0.6,36,55,-19,61.42,1.44,0.45,0.86,16.07,85,4.07,7.07,0.12,0.12,0,0.48,6.83,6.95,0.12,0,0,0,0.96,8,70,23,3,73,24,14.52,14.72,0.99,100,0.19,14.39,14.79,0,0,0,0,0,,0,0,,0,0,0,0,0,0,28,13,2.94,22,-0.09,-0.04,0.12,0.14,,0.13
Adolfo Gaich,Estudiantes,Liga Profesional,2026,619,Centre Forward,Argentina,27,25/02/99,0.44,0.44,0.29,0.1,2.76,16,32,6,,0.37,0.29,0.04,0.29,0.29,0.04,0.29,0,0,0,0.73,0.32,3.05,0.4,0.29,0.29,0,100,1.45,0,1.16,0.87,0,0,0.73,0.91,16.13,6.54,0,4.36,62.47,4.5,2.62,0.58,0.58,67,0.74,0.74,2.32,33,0.29,44,2.18,0,13.22,18.99,3.49,3.49,1.45,66.12,10.9,82,3.34,96,0.15,0,0,17.73,59,0.44,5,50,0.87,0.73,26,33,-25,56.72,0.73,0.24,0.47,12.79,86,3.2,4.21,0.73,0.73,0,0,5.09,5.81,0.15,0,0,,0.15,17,62,21,14,62,24,13.38,9.9,0.98,132,-3.48,13.12,13.07,0,0,0,0,0,,0,0,,0,0,0,0,0,0,47,12,2.09,17,-0.06,-0.01,0.01,0.18,,0.12
Adrián Fernández,Racing Club,Liga Profesional,2026,869,Left Centre Midfielder,Argentina,25,19/05/01,0.1,0.1,0.08,0.05,1.55,7,27,2,,0.06,0.1,0.18,1.14,0.1,0.16,1.04,0,0.01,0.1,0.21,0.25,2.69,-0.04,1.55,1.04,0.52,67,0.73,0,2.07,2.07,0.52,0.48,0.52,0.58,20.82,10.05,0.01,7.15,47.76,8.39,4.04,2.9,3.42,85,3.23,3.71,1.97,64,0.52,70,0.73,0,15.95,17.25,5.7,4.45,1.86,48.32,7.04,44,3,67,0.41,0,0.1,28.7,76,2.38,19,51,1.66,3.52,24,72,-4,58.7,3.94,0.24,0.32,27.97,86,5.16,9.53,0.93,0.83,0.1,0.31,1.55,2.38,0.21,11,0.21,29,0.21,21,66,14,24,66,10,19.55,18.05,0.91,97,-1.51,17.79,17.45,0,0,0,0,0,,0,0,,0,0,0,0,0,0,24,7,3.81,30,0.05,0.07,0.03,0,,0.15
Adrián Martínez,Racing Club,Liga Profesional,2026,1761,Centre Forward,Argentina,34,06/07/92,0.2,0.15,0.31,0.17,1.79,9,29,5,50,0.29,0.05,0.04,0.66,0.05,0.04,0.66,0,0,0,0.2,0.35,2.45,-0.15,0.46,0.15,0.31,33,0.51,0,0.92,2.76,0.2,0.26,0.51,0.65,15.9,6.39,0.01,4.24,68.01,3.22,2.2,0.31,0.51,75,0.28,0.53,1.69,50,0.1,23,1.02,0,13.96,16.68,3.99,3.83,1.43,69.99,11.91,85,3.53,92,0.15,0,0.1,12.22,70,0.31,58,55,0.66,0.41,26,56,-14,62.68,0.56,0.18,0.43,10.43,76,3.11,5.06,0.31,0.31,0,0.31,6.29,6.59,0.05,0,0.1,40,0.82,11,62,27,7,71,22,15.07,13.46,1.02,99,-1.61,15.38,13.28,0,0,0,0,0,,0,0,,0,0,0,0,0,0,28,7,2,15,-0.05,-0.05,0.04,0,,-0.06
Adrián Spörle,Belgrano,Liga Profesional,2026,1959,Left Back,Argentina,31,12/07/95,0,0,0.03,0.08,0.41,0,44,0,,0.01,0,0.06,0.74,0,0.06,0.74,0,0,0,0,0.09,1.15,-0.09,1.52,1.06,0.46,70,0.23,0,0.83,1.42,0.87,0.8,1.61,1.47,14.93,6.39,0.02,5.01,39.99,8.5,3.22,2.43,3.31,73,2.44,3.24,1.15,37,0.92,51,0.96,0.14,11.35,11.41,3.63,3.12,1.06,43.63,4.64,41,2.43,78,0.18,0,0,34.69,72,1.75,78,40,2.21,3.72,14,63,-9,51.65,4.27,0.37,0.4,30.41,94,4.67,8.87,0.87,0.74,0.14,0.28,1.47,2.21,0,58,0.64,24,0.18,29,60,10,26,60,14,18.4,17.14,0.93,95,-1.26,17.14,16.34,0,0,0,0,0,,0,0,,0,0,0,0,0,0,29,9,4.69,34,0.12,0.07,-0.01,-0.02,,0.17
Adrián Sánchez,Belgrano,Liga Profesional,2026,2386,Right Defensive Midfielder,Argentina,27,13/05/99,0.04,0.04,0.01,0.02,0.3,13,25,0,,0.01,0.04,0.04,0.53,0.04,0.04,0.49,0,0,0.04,0.08,0.05,0.83,0.03,0.41,0.34,0.08,82,1.36,0,1.02,0.57,1.47,1.49,1.4,1.37,22.29,12.3,0.02,8.34,40.69,11.62,5.85,2.68,4.15,75,2.65,4.14,1.66,54,0.91,58,0.98,0,17.99,17.46,6.79,4.9,1.81,42.47,6.26,35,2.79,57,0.19,0.04,0,51.15,86,3.77,12,71,2.04,4.68,14,83,-4,48.96,5.88,0.26,0.29,41.65,97,4.62,9.36,0.57,0.53,0.04,0.11,0.53,1.06,0,47,0.3,53,0.15,19,73,9,28,69,3,20.27,19.25,0.97,97,-1.02,19.76,18.67,0,0,0,0,0,,0,0,,0,0,0,0,0,0,17,9,4.55,35,0.02,0.07,0.06,0,,0.14
Agustin Quiroga,AA Estudiantes Río Cuarto,Liga Profesional,2026,387,Left Centre Back,Argentina,24,05/04/02,0,0,0.06,0.03,1.86,0,38,1,,0.07,0,0.01,0.23,0,0.01,0.23,0,0,0,0,0.07,2.09,-0.07,0.93,0.23,0.7,25,0.23,0,0.46,1.39,1.63,0.58,5.11,3.11,8.83,4.65,0.06,3.95,27.43,13.71,2.56,0.7,2.32,60,0.71,1.29,0.46,50,0.46,50,1.86,0.23,7.67,5.15,2.32,1.39,0.46,38.33,2.09,27,0.93,67,0.23,0,0,39.73,70,5.81,93,44,6.51,11.85,10,70,0,42.46,7.2,0.09,0.13,29.74,94,5.09,6.51,0,0,0,0,2.56,2.56,0,,0,0,0,46,49,5,68,32,0,27.36,29.21,0.86,89,1.85,23.44,26.08,0,0,0,0,0,,0,0,,0,0,0,0,0,0,34,12,2.35,24,0.1,0.04,0.12,-0.08,,0.18
Agustin Quiroga,Central Córdoba SdE,Liga Profesional,2026,862,Left Back,Argentina,24,05/04/02,0,0,0.03,0.02,1.15,0,9,1,,0,0,0.04,0.63,0,0.04,0.52,0,0,0.1,0,0.07,1.78,-0.07,1.04,0.52,0.52,50,0.84,0,1.15,0.94,1.36,0.72,3.86,2.25,15.87,8.98,0.02,7,31.51,8.98,3.66,1.67,3.03,62,1.09,1.82,1.88,50,1.04,68,2.72,0,12.32,7.37,4.91,2.72,1.04,36.56,3.24,26,1.46,54,0.31,0,0,28.2,60,2.19,93,40,4.49,4.91,16,37,-23,51.22,4.59,0.26,0.29,22.97,91,5.32,5.53,0.63,0.42,0.21,0.1,1.25,1.67,0.21,50,0.42,33,0.1,37,56,8,42,51,8,22.26,18.35,0.92,100,-3.9,20.48,18.43,0,0,0,0,0,,0,0,,0,0,0,0,0,0,37,10,3.38,35,0.06,0.04,0.05,-0.03,,0.11
Agustín Auzmendi,Gimnasia La Plata,Liga Profesional,2026,1527,Right Centre Forward,Argentina,29,31/01/97,0.29,0.24,0.31,0.14,2.24,11,42,5,100,0.26,0.12,0.1,0.88,0.12,0.1,0.88,0,0,0,0.35,0.41,3.12,-0.06,0.77,0.47,0.29,62,2.18,0.06,1.95,2.06,0.53,0.35,0.65,0.34,17.98,8.25,0.01,4.77,58.26,3.48,2.18,0.94,1.47,55,0.54,0.89,1.12,13,0.77,43,3.24,0,16.03,11.45,4.07,3.71,1.18,59.92,11.73,73,3.36,90,0.12,0,0,19.04,63,0.53,13,53,0.88,0.77,32,46,-18,63.98,1.53,0.37,0.62,15.44,79,3.75,6.72,0.53,0.53,0,0.24,6.13,6.66,0,44,0.41,44,0.65,16,69,15,8,76,16,14.95,13.35,0.98,89,-1.6,14.69,11.85,0,0,0,0,0,,0,0,,0,0,0,0,0,0,36,9,4.57,29,0.03,0.05,0.02,-0.03,,0.07
Agustín Cardozo,Lanús,Liga Profesional,2026,1925,Left Defensive Midfielder,Argentina,29,29/05/97,0,0,0.01,0.03,0.37,0,25,0,,0,0.05,0.03,0.47,0.05,0.03,0.47,0,0,0,0.05,0.04,0.84,0.01,0.23,0.19,0.05,80,0.98,0,0.84,0.47,0.75,0.72,0.93,0.97,15.43,8.74,0.03,5.75,37.79,13.23,6.83,1.12,1.87,65,1.04,1.75,1.08,24,0.61,60,1.17,0,13.23,12.6,4.82,3.69,1.36,40.11,3.93,30,1.59,43,0,0,0,52.17,89,4.77,11,80,1.82,5.05,19,85,-4,48.68,6.45,0.5,0.51,41.79,97,4.53,10.19,0.56,0.47,0.09,0,0.23,0.7,0.14,0,0,0,0,18,73,9,25,67,8,19.76,17.95,0.98,98,-1.81,19.34,17.51,0,0,0,0,0,,0,0,,0,0,0,0,0,0,17,9,4.24,30,0,0.07,0.03,-0.01,,0.09
Agustín García Basso,Racing Club,Liga Profesional,2026,567,Left Back,Argentina,34,25/03/92,0,0,0.01,0.02,0.48,0,0,0,,0,0,0,0.32,0,0,0.32,0,0,0,0,0.01,0.79,-0.01,0.32,0.32,0,100,0.32,0,0.32,0.16,0.64,0.83,3.18,4.51,9.37,3.81,0.04,5.24,27.64,13.5,4.76,0.64,1.27,67,1,1.83,1.43,33,0.32,67,1.91,0.32,7.31,10.45,3.02,1.43,0.16,31.51,1.27,17,0.64,44,0.32,0,0.16,58.76,81,9.37,90,71,5.4,10.96,15,60,-21,43.78,6.51,0.48,0.49,45.42,99,4.45,9.53,1.11,1.11,0,0,0.16,1.27,0,14,0.48,27,0,25,70,4,37,63,0,24.41,23.4,0.96,105,-1.01,23.34,24.46,0,0,0,0,0,,0,0,,0,0,0,0,0,0,25,8,4.29,29,0.1,0.05,0.14,-0.01,,0.28
Agustín Hausch,Defensa y Justicia,Liga Profesional,2026,973,Left Wing,Argentina,23,20/05/03,0.09,0.09,0.1,0.06,1.57,6,65,3,,0.15,0,0.14,1.11,0,0.14,1.11,0,0,0,0.09,0.24,2.68,-0.15,1.85,1.2,0.65,65,1.39,0,1.39,2.59,0.83,1.04,0.56,0.42,12.67,5.74,0,4.07,48.76,5.64,3.15,0.83,1.67,64,0.91,1.95,0.65,43,0.46,22,0.19,0,11.19,12.44,3.24,3.15,1.11,50.69,5.27,47,2.22,71,0.09,0,0,28.22,74,1.3,15,52,1.3,1.76,21,66,-9,64.55,3.89,0.32,0.45,30.62,90,7.75,12.12,1.57,1.57,0,0.46,2.41,3.98,0.09,53,1.3,29,0.65,13,67,20,17,58,25,17.83,18.41,0.92,95,0.58,16.4,17.47,0,0,0,0,0,,0,0,,0,0,0,0,0,0,24,6,4.59,34,0.08,0.12,0.02,0.05,,0.28
Agustín Ladstatter,San Lorenzo de Almagro,Liga Profesional,2026,566,Right Wing,Argentina,21,04/06/05,0,0,0.07,0.04,1.75,0,27,3,,0.07,0,0.08,1.43,0,0.07,1.11,0,0.01,0.32,0,0.15,3.18,-0.15,2.86,1.75,1.11,61,1.59,0,2.7,3.18,0,0,0.79,0.7,18.75,9.85,0,5.24,49.09,6.83,3.65,0.79,0.79,42,0.64,0.64,1.43,14,1.11,18,0.32,0,16.52,13.45,4.13,5.08,1.27,51.26,8.9,54,4.45,88,0,0,0.16,24.94,71,1.43,78,45,0.79,3.18,21,63,-9,61.52,4.45,0.21,0.29,29.87,82,5.88,9.85,2.38,1.91,0.48,0.16,1.59,3.5,0,33,0.95,38,0,26,63,11,31,56,13,20.05,13.4,0.91,119,-6.66,18.29,15.99,0,0,0,0,0,,0,0,,0,0,0,0,0,0,30,11,4.37,31,0.18,0.08,0.01,-0.09,,0.18
Agustín Lagos,CA Platense,Liga Profesional,2026,574,Right Back,Argentina,25,08/10/01,0,0,0.01,0.02,0.47,0,33,0,,0.01,0,0.06,0.78,0,0.06,0.78,0,0,0,0,0.08,1.26,-0.08,1.1,0.78,0.31,71,2.04,0,0.94,1.1,2.04,2.11,2.04,1.85,21.81,12.24,0,10.04,36.93,12.71,4.24,3.29,5.33,75,3.45,5.56,1.88,50,1.1,75,1.41,0.16,16.63,15.41,8,3.92,2.35,38.04,4.86,29,2.35,60,0.16,0,0,33.89,73,3.14,14,43,2.98,6.28,13,71,-2,47.15,5.33,0.18,0.28,26.04,95,4.75,5.96,1.57,1.1,0.47,0,0.31,1.41,0.31,20,0.31,50,0,37,53,9,37,55,8,21.98,20.1,0.91,96,-1.89,19.96,19.37,0,0,0,0,0,,0,0,,0,0,0,0,0,0,30,10,3.94,26,0.14,0.07,0.05,-0.01,,0.25
Agustín Lastra,AA Estudiantes Río Cuarto,Liga Profesional,2026,1077,Goalkeeper,Argentina,25,01/01/01,0,0,0,,0,,,0,,0,0,0,0,0,0,0,0,0,0,0,0,0,0,0.08,0.08,0,100,0.67,0,0,0,0,0,0,0,0.08,0,0,7.19,2.63,4.18,0.08,0,0,,0,0,0,,0,,0,0.08,0.08,0.13,0.08,0,0,4.21,0,0,0,,0,0,0,17.97,70,6.69,6,46,1.92,12.54,16,72,2,12.12,0.84,0.08,0.08,15.71,100,5.9,0.5,0,0,0,0,0,0,0,,0,,0,49,50,0,83,0,17,42.25,35.59,0.78,75,-6.66,32.88,26.59,1,0.88,-0.13,65,69,-4,1.04,2.84,26,10.86,1.67,0.25,0.25,16.96,2,25,3,1.09,9,0.08,0.1,,,-0.13,0.04
Agustín Marchesín,Boca Juniors,Liga Profesional,2026,1161,Goalkeeper,Argentina,38,15/03/88,0,0,0,,0,,,0,,0,0,0,0,0,0,0,0,0,0,0,0,0,0,0,0,0,,0.23,0,0,0,0,0,0,0,0.08,0,0,5.35,3.07,2.64,0,0,0,,0,0,0,,0,,0,0.08,0.08,0.13,0.08,0.08,0.08,11.73,0,0,0,0,0,0,0,17.76,73,4.96,10,44,3.33,7.91,21,62,-11,11.2,0.7,0.09,0.09,14.66,100,4.64,0.16,0,0,0,0,0.08,0.08,0,,0,,0,49,50,1,100,0,0,36.93,43.64,0.76,80,6.71,27.95,34.74,0.62,0.54,-0.08,70,74,-4,0.66,2.09,26,8.06,2.02,0,0,17.73,0,28,3,0.64,4,0.05,0.05,,,-0.01,0.09
Agustín Massaccesi,Instituto,Liga Profesional,2026,438,Right Centre Back,Argentina,24,16/09/02,0,0,0.04,0.1,0.41,0,50,0,,0.12,0,0.02,0.21,0,0.02,0.21,0,0,0,0,0.06,0.62,-0.06,0.41,0.41,0,100,1.03,0,0.41,0,2.05,1.31,6.98,4.36,13.76,6.16,0.02,5.13,23.27,9.24,3.08,2.87,4.93,88,1.72,3.03,1.64,0,0.41,75,2.46,0,9.24,5.65,3.7,1.03,0.41,26.65,1.03,11,0.41,40,0.21,0,0,28.13,74,3.7,5,47,8.42,6.37,14,55,-19,39.4,2.46,0.21,0.24,23.41,98,5.27,3.29,0.41,0.21,0.21,0,1.23,1.44,0,0,0,,0.21,42,54,3,44,50,6,26.14,29.57,0.84,83,3.43,21.88,24.63,0,0,0,0,0,,0,0,,0,0,0,0,0,0,34,11,1.62,10,0.04,0.06,0.08,0.02,,0.19
Agustín Medina,Lanús,Liga Profesional,2026,996,Right Defensive Midfielder,Argentina,20,23/10/06,0,0,0.04,0.05,0.72,0,13,1,,0.03,0,0.02,0.63,0,0.02,0.63,0,0,0,0,0.06,1.36,-0.06,0.72,0.63,0.09,88,0.81,0,0.9,0.81,1.27,1.58,0.81,0.85,23.5,12.38,0.01,8.32,42.32,12.38,5.06,2.17,3.43,53,2.79,4.36,2.62,13,1.9,71,1.08,0.09,18.89,20.76,6.51,5.24,1.81,42.93,6.24,33,2.35,45,0.45,0,0,56.49,79,4.16,11,71,1.27,5.42,16,69,-10,50.42,4.52,0.43,0.46,46,97,3.83,9.94,0.27,0.27,0,0,0.9,1.17,0,0,0.09,25,0.09,18,74,7,15,79,6,19.05,16.4,1.01,103,-2.65,19.27,16.92,0,0,0,0,0,,0,0,,0,0,0,0,0,0,21,6,4.81,35,-0.08,0.08,0.03,0,,0.04
Agustín Módica,Gimnasia Mendoza,Liga Profesional,2026,1512,Centre Forward,Italy,23,11/01/03,0.71,0.6,0.45,0.16,2.74,22,41,7,100,0.56,0.06,0.03,0.36,0.06,0.03,0.36,0,0,0,0.65,0.48,3.09,0.18,2.5,1.55,0.95,62,1.61,0,2.5,3.27,0.18,0.14,1.13,0.85,21.78,9.22,0.01,5.53,60.48,2.44,1.84,1.01,1.19,63,0.92,1.06,1.9,29,0.6,37,2.2,0,18.92,14.37,4.76,4.76,1.61,63.8,15.35,81,4.17,88,0.36,0,0,12.26,70,0.36,6,60,1.25,0.48,30,66,-4,58.55,1.49,0.4,0.6,13.98,67,5.73,3.57,0.24,0.24,0,0.12,5.3,5.53,0.12,0,0,0,0.3,16,63,22,15,63,22,15.15,12.63,1.03,96,-2.52,15.59,12.16,0,0,0,0,0,,0,0,,0,0,0,0,0,0,32,11,2.33,16,-0.03,0,0.01,0.17,,0.16
Agustín Palavecino,Aldosivi,Liga Profesional,2026,1072,Right Wing,Argentina,23,08/03/03,0,0,0.06,0.04,1.26,0,27,2,,0.04,0,0.08,0.84,0,0.08,0.84,0,0,0,0,0.13,2.1,-0.13,1.6,1.09,0.5,68,2.6,0,2.43,2.18,1.09,0.55,1.01,0.48,20.82,8.9,0.02,5.79,47.54,6.97,3.86,1.76,2.85,78,1.11,1.66,1.43,33,0.5,46,2.35,0,17.8,10.04,4.79,4.37,1.6,49.24,8.31,47,3.36,77,0.42,0,0,24.18,66,0.92,11,61,1.34,1.18,27,60,-6,54.94,2.1,0.25,0.33,23,82,6.43,5.54,0.76,0.76,0,0.25,3.44,4.2,0,67,0.76,31,0.34,15,72,13,14,79,8,16.93,15.64,1,109,-1.29,16.88,17.04,0,0,0,0,0,,0,0,,0,0,0,0,0,0,32,8,3.37,28,0,0.04,-0.01,-0.07,,-0.03
Agustín Seyral,CA Sarmiento,Liga Profesional,2026,796,Right Centre Back,Argentina,21,30/01/05,0,0,0.02,0.1,0.23,0,0,0,,0,0,0,0,0,0,0,0,0,0,0,0.02,0.23,-0.02,0,0,0,,0.57,0,0,0.11,1.81,1.18,6.44,4.85,13.57,6.11,0.1,7.58,23.51,7.91,1.7,1.47,3.28,93,1.35,2.53,1.36,75,0.11,56,2.15,0,10.74,8.21,4.97,1.58,0.45,27.15,1.24,12,0.68,43,0.23,0,0,30.75,75,2.83,11,42,7.35,5.77,10,54,-22,34.2,1.58,0.16,0.16,21.71,99,5.97,1.58,0.11,0.11,0,0,0.57,0.68,0,0,0,0,0,36,60,4,50,50,0,25.82,29.67,0.87,107,3.85,22.49,31.87,0,0,0,0,0,,0,0,,0,0,0,0,0,0,24,7,1.18,12,0.05,0.04,0.13,-0.02,,0.21
Agustín Sández,Rosario Central,Liga Profesional,2026,1605,Left Back,Paraguay,25,15/01/01,0,0,0.06,0.08,0.79,0,29,1,,0.05,0.06,0.08,0.73,0.06,0.06,0.62,0,0.02,0.11,0.06,0.14,1.51,-0.08,0.5,0.5,0,100,0.5,0,1.07,0.45,1.18,1.24,2.52,3.13,14.24,6.34,0.04,6.67,34.07,7.46,2.64,2.02,3.2,72,2.5,3.74,1.23,60,0.79,73,1.79,0,10.99,13.57,4.26,3.2,1.12,38.63,3.42,31,1.79,56,0.39,0,0,31.96,80,1.91,89,55,2.69,3.31,13,56,-24,50.66,3.98,0.41,0.45,26.75,95,5.49,8.24,0.84,0.56,0.28,0.17,2.24,2.8,0,33,0.45,47,0.34,27,60,12,31,54,15,17.29,12.89,0.95,104,-4.39,16.44,13.44,0,0,0,0,0,,0,0,,0,0,0,0,0,0,23,10,3.61,24,0.09,0.04,0.06,-0.02,,0.16
Agustín falcon,Belgrano,Liga Profesional,2026,543,Right Back,Argentina,21,20/01/05,0,0,0.01,0.03,0.17,0,0,0,,0,0,0,0,0,0,0,0,0,0,0,0.01,0.17,-0.01,1.16,1.16,0,100,0.83,0,0.99,0.5,1.49,1.61,2.49,2.08,18.07,9.61,0.02,8.78,39.22,10.44,4.31,2.82,4.31,68,2.29,3.9,1.66,57,1.33,50,0.99,0,13.59,11.89,6.13,3.98,2.49,41.18,4.97,37,2.98,75,0.66,0,0,30.33,71,2.49,14,48,3.48,4.14,10,50,-21,51.61,4.81,0.19,0.19,23.54,94,3.38,5.97,0.5,0.5,0,0,0.33,0.83,0,33,0.17,20,0,37,55,8,36,58,6,20.62,23.26,0.91,93,2.64,18.77,21.69,0,0,0,0,0,,0,0,,0,0,0,0,0,0,28,8,2.65,20,0.11,0.05,0.03,0,,0.18
Alan Aguerre,Central Córdoba SdE,Liga Profesional,2026,1897,Goalkeeper,Argentina,36,22/08/90,0,0,0,,0,,,0,,0,0.05,0,0.05,0,0,0,0.05,0,0.05,0.05,0,0.05,0.05,0,0,0,,0.28,0,0,0,0,0,0,0,0.05,0,0,8.06,2.71,3.18,0,0,0,,0,0,0,,0,,0,0,0.05,0.04,0.05,0,0,1.69,0,0,0,,0.09,0,0,17.74,66,7.45,12,45,2.32,14.28,13,77,11,13.27,1.42,0.07,0.07,16.13,100,7.46,0.52,0.05,0,0.05,0,0.05,0.05,0,0,0,,0,51,49,0,91,9,0,46.08,41.5,0.79,92,-4.59,36.55,38.08,1.04,1.37,0.33,74,66,8,1.41,3.98,27,14.61,1.89,0.09,0.05,18.07,-1,28,3,1.27,12,0.11,0.06,,,0.38,0.56
Alan Barrionuevo,Tigre,Liga Profesional,2026,2259,Left Centre Back,Argentina,29,01/01/97,0.08,0.08,0.1,0.08,1.16,7,24,0,,0.08,0.08,0.02,0.2,0.08,0.02,0.2,0,0,0,0.16,0.12,1.35,0.04,0.2,0.16,0.04,80,0.24,0,0.08,0.24,0.84,0.74,5.1,4.17,8.72,5.3,0.05,5.06,23.08,11.47,1.43,1.55,2.39,85,1.52,2.26,0.52,65,0.28,76,2.99,0,6.65,6.18,2.95,1.04,0.68,27.68,0.44,7,0.16,15,0.04,0,0,34.74,80,4.46,16,60,6.21,6.29,13,64,-16,35.03,2.55,0.31,0.33,22.35,99,5.54,2.63,0.08,0.08,0,0.04,2.27,2.35,0.04,0,0,,0.08,35,64,2,53,47,0,25.32,25.31,0.93,89,-0.02,23.58,22.4,0,0,0,0,0,,0,0,,0,0,0,0,0,0,22,7,3.05,21,0.06,0.02,0.07,-0.06,,0.1
Alan Laprida,Central Córdoba SdE,Liga Profesional,2026,440,Right Wing,Argentina,22,29/09/04,0,0,0.01,0.02,0.41,0,0,1,,0,0,0.04,0.41,0,0.04,0.41,0,0,0,0,0.05,0.82,-0.05,7.16,4.5,2.66,63,3.68,0,2.46,5.12,0.61,0.52,0.2,0.09,19.44,7.98,0.01,5.12,44.72,7.98,3.27,1.84,2.46,90,1,1.52,2.05,80,0.2,10,0.2,0.2,15.55,9.92,3.89,3.07,1.02,44.72,6.14,39,1.84,60,0.2,0,0,24.15,70,1.02,75,36,1.02,2.05,27,80,10,58.1,4.71,0.18,0.18,35.4,81,6.83,8.59,0.61,0.61,0,0,0.2,0.82,0,33,0.2,33,0.2,16,66,18,19,62,19,18.81,17.67,0.93,97,-1.14,17.54,17.12,0,0,0,0,0,,0,0,,0,0,0,0,0,0,23,11,4.46,44,-0.05,0.02,0.02,-0.01,,-0.02
Alan Lescano,Argentinos Juniors,Liga Profesional,2026,2246,Right Centre Midfielder,Argentina,25,10/11/01,0.2,0.16,0.13,0.08,1.56,10,41,1,100,0.16,0,0.08,1.16,0,0.07,1.08,0,0,0.08,0.16,0.21,2.72,-0.05,1.28,1,0.28,78,1.6,0,1.8,1.24,0.56,0.81,0.52,0.76,17.23,8.21,0.01,6.77,47.18,10.34,5.49,2.04,2.6,73,2.88,3.69,1.04,28,0.76,35,0.36,0,14.22,20.68,5.53,4.73,1.96,47.61,6.65,47,3.09,65,0.2,0,0,44.6,83,4.29,84,76,1.16,5.01,18,79,-5,52.34,5.89,0.49,0.58,40.71,93,5.4,11.42,0.64,0.56,0.08,0.28,2.76,3.33,0.12,25,0.24,29,0.36,13,76,11,17,75,7,20.31,17.73,1,104,-2.58,20.29,18.42,0,0,0,0,0,,0,0,,0,0,0,0,0,0,18,7,5.08,32,-0.03,0.09,0.01,-0.03,,0.03
Alan Sosa,Aldosivi,Liga Profesional,2026,1060,Right Defensive Midfielder,Argentina,23,04/05/03,0.08,0.08,0.05,0.02,2.12,4,24,2,,0.02,0.08,0.08,1.27,0,0.03,0.51,0.08,0.05,0.76,0.17,0.13,3.4,0.04,2.63,1.61,1.02,61,1.1,0,1.95,2.38,1.78,1.02,1.19,0.91,22.07,11.04,0.02,7.47,41.18,13.84,7.13,2.8,4.58,70,2.81,3.84,0.85,41,1.19,63,1.02,0.08,18.51,14.66,5.26,4.33,1.44,45.04,7.98,43,2.72,63,0.17,0,0.08,43.04,78,4.58,92,68,1.44,6.45,14,72,-6,51.3,6.45,0.2,0.23,39.81,90,6.12,9.76,1.1,0.34,0.76,0.17,0.68,1.02,0,31,0.42,42,0.17,20,72,8,22,77,2,20.98,16.02,0.99,111,-4.95,20.85,17.71,0,0,0,0,0,,0,0,,0,0,0,0,0,0,24,10,4.97,38,0.06,0.1,0.06,-0.06,,0.17
Alan Velasco,Boca Juniors,Liga Profesional,2026,661,Right Wing,Argentina,24,26/07/02,0.54,0.54,0.28,0.09,3,18,32,3,,0.41,0.14,0.19,2.04,0.14,0.18,1.91,0,0.01,0.14,0.68,0.48,5.04,0.21,3.54,2.59,0.95,73,1.77,0.14,2.18,3.27,0.68,0.76,0.54,0.68,17.03,8.31,0,5.58,49.56,7.9,4.5,2.32,3,71,2.84,3.6,1.09,25,0.95,21,0.54,0,13.62,17.52,4.9,4.36,2.04,51.12,7.08,52,3.41,78,0.14,0,0,37.05,75,2.32,13,50,1.09,4.09,21,69,-6,61.39,5.86,0.8,1.04,41.14,88,6.83,13.08,1.63,1.23,0.41,0.14,3.95,5.18,0.27,17,0.41,21,0.41,11,72,16,15,69,17,18.68,17.27,0.94,108,-1.4,17.57,18.65,0,0,0,0,0,,0,0,,0,0,0,0,0,0,22,6,7.63,42,0.02,0.08,0,-0.03,,0.07
Alcides Benítez,Belgrano,Liga Profesional,2026,1377,Right Back,Paraguay,24,27/06/02,0,0,0.06,0.09,0.65,0,20,1,,0.1,0,0.02,0.52,0,0.02,0.39,0,0,0.13,0,0.08,1.18,-0.08,1.37,0.78,0.59,57,1.83,0,1.63,1.83,0.98,0.9,1.96,1.73,20.78,10.91,0.02,6.4,35.36,10.13,4.25,3.72,4.7,83,3.67,4.57,1.5,56,0.78,40,0.78,0,15.55,14.62,4.7,3.46,0.91,37.93,4.44,29,2.03,58,0.46,0,0,30.19,70,1.76,11,49,2.35,3.2,14,62,-8,52.47,4.18,0.32,0.34,28.1,89,5.57,7.65,1.11,0.85,0.26,0,1.24,2.09,0.07,29,0.46,26,0.13,27,64,9,20,71,9,19.26,16.15,0.95,101,-3.12,18.24,16.35,0,0,0,0,0,,0,0,,0,0,0,0,0,0,31,11,4.55,34,0.11,0.09,0.04,0.03,,0.27
Alejandro Cabrera,AA Estudiantes Río Cuarto,Liga Profesional,2026,1052,Right Defensive Midfielder,Argentina,34,29/09/92,0,0,0.04,0.04,1.03,0,0,0,,0,0,0.01,0.51,0,0.01,0.51,0,0,0,0,0.05,1.54,-0.05,0.43,0.34,0.09,80,2.31,0,0.68,0.43,0.6,0.51,2.05,2.05,19.33,10.18,0.03,7.7,37.58,16.68,6.5,2.57,3.16,71,2.86,3.37,1.62,50,1.03,45,0.77,0,15.14,14.83,5.39,3.85,1.37,39.47,4.62,31,2.48,64,0.26,0,0,54.65,84,4.62,9,61,2.48,7.18,9,82,-2,47.86,6.5,0.36,0.37,43.96,98,4.6,8.72,0.17,0.09,0.09,0,0.51,0.6,0,0,0,0,0,26,68,6,34,62,4,21.16,19,0.95,91,-2.17,20.1,17.32,0,0,0,0,0,,0,0,,0,0,0,0,0,0,18,8,4.36,34,0.03,0.09,0.07,-0.04,,0.15
Alejandro Maciel,Central Córdoba SdE,Liga Profesional,2026,2040,Right Centre Back,Argentina,29,21/04/97,0.04,0.04,0.01,0.02,0.31,14,29,0,,0.04,0.04,0.04,0.18,0.04,0.04,0.13,0,0,0.04,0.09,0.04,0.49,0.04,0.35,0.31,0.04,88,0.44,0,0,0.26,1.54,0.88,7.46,4.97,12.18,7.01,0.07,7.94,21.1,8.91,1.1,2.21,3.75,69,1.75,2.62,1.01,50,0.97,69,3.48,0,8.95,6.43,4.15,1.59,0.44,24.61,0.79,9,0.44,28,0.35,0,0,37.89,73,5.6,7,51,8.95,9.57,14,52,-21,33.24,2.38,0.21,0.21,28.98,99,4.52,2.56,0.13,0.13,0,0.09,0.75,0.88,0.09,0,0,,0.13,35,64,1,60,40,0,28.9,27.41,0.89,89,-1.49,25.85,24.33,0,0,0,0,0,,0,0,,0,0,0,0,0,0,25,7,2.49,25,0.1,0.04,0.02,0.01,,0.16
Alejandro Martínez,Huracán,Liga Profesional,2026,456,Right Wing,Argentina,29,15/04/97,0,0,0.02,0.03,0.79,0,0,1,,0,0,0.08,0.99,0,0.06,0.59,0,0.02,0.39,0,0.11,1.78,-0.11,3.16,1.58,1.58,50,0.99,0,2.37,2.96,1.38,1.31,0.59,0.61,16.39,7.7,0,5.33,48.08,7.5,4.94,2.57,3.95,81,2.8,4.11,0.79,67,0.59,14,0.2,0,13.03,13.33,3.95,3.75,1.18,52.87,7.5,58,2.57,68,0.2,0,0,23.5,67,2.17,89,61,1.38,2.76,24,53,-14,57.57,3.55,0.15,0.19,26.26,83,6.3,6.32,1.38,0.99,0.39,0,0.39,1.38,0.2,29,0.39,33,0,16,67,17,19,66,16,17.02,16.41,1.05,113,-0.61,17.95,18.52,0,0,0,0,0,,0,0,,0,0,0,0,0,0,33,9,3.18,23,0.01,0.06,0.04,-0.05,,0.06
Alejandro Tello,Racing Club,Liga Profesional,2026,341,Left Centre Midfielder,Argentina,18,07/02/08,0,0,0.08,0.06,1.32,0,40,2,,0.27,0.26,0.18,1.32,0.26,0.18,1.32,0,0,0,0.26,0.26,2.64,0,0.79,0.53,0.26,67,0,0,2.11,1.32,0.53,0.49,0.53,0.25,13.74,6.6,0,4.75,43.2,7.4,3.7,1.06,1.58,80,1.23,1.72,0.79,100,0.26,83,1.32,0,11.89,11.23,4.23,3.17,1.32,43.48,3.43,29,2.11,67,0.26,0,0,28.53,82,1.85,10,70,0.79,2.38,21,75,-7,53.81,3.96,0.27,0.33,23.77,89,3.74,8.45,0.53,0.53,0,0,2.11,2.64,0.26,0,0,,0.53,22,68,10,16,72,13,17.36,14.05,1,90,-3.31,17.3,12.68,0,0,0,0,0,,0,0,,0,0,0,0,0,0,23,11,3.54,24,-0.03,0.01,0.05,-0.01,,0.02
Alejo Cordoba,San Lorenzo de Almagro,Liga Profesional,2026,397,Left Centre Back,Argentina,22,16/05/04,0,0,0,,0,,,0,,0,0,0,0,0,0,0,0,0,0,0,0,0,0,0,0,0,,0.45,0,0.23,0,0.91,1.2,2.04,2.45,11.33,4.08,0.03,7.02,25.22,13.37,1.36,2.95,3.85,76,3.59,4.8,0.23,71,0.91,47,2.04,0,8.16,9.85,4.76,1.13,0.45,27.53,1.36,17,0.68,60,0,0,0,49.17,85,3.85,23,65,2.95,4.98,9,76,-9,33.3,1.36,0.22,0.22,35.34,99,4.1,1.59,0,0,0,0.23,0.23,0.23,0,,0,0,0.23,27,69,4,29,71,0,21.03,22.67,0.95,87,1.64,20.05,19.83,0,0,0,0,0,,0,0,,0,0,0,0,0,0,16,5,1.79,15,0.07,0.04,0.03,,,0.14
Alejo Osella,Independiente Rivadavia,Liga Profesional,2026,1299,Left Centre Back,Argentina,26,29/09/00,0.28,0.28,0.15,0.1,1.45,19,48,2,,0.26,0,0.02,0.35,0,0.01,0.28,0,0.01,0.07,0.28,0.17,1.8,0.11,1.52,0.9,0.62,59,0.55,0,0.9,1.39,0.69,1.01,3.12,3.36,10.46,5.13,0.05,4.85,33.44,10.25,2.91,1.66,2.36,67,1.61,2.62,0.48,42,0.83,61,3.19,0.07,8.31,8.19,2.91,1.66,0.83,37.61,2.42,29,0.9,54,0.07,0,0,30.13,70,2.84,16,45,4.02,5.47,20,55,-15,44.97,2.77,0.33,0.36,23.48,92,4.36,4.09,0.83,0.48,0.35,0,2.49,2.98,0.07,25,0.28,22,0.07,33,63,4,42,47,10,23.66,20.96,0.92,93,-2.71,21.68,19.43,0,0,0,0,0,,0,0,,0,0,0,0,0,0,33,9,2.43,17,0.09,0.04,0.01,0.06,,0.2
Alejo Veliz,Rosario Central,Liga Profesional,2026,1221,Centre Forward,Argentina,23,18/09/03,0.29,0.29,0.37,0.14,2.73,11,32,6,0,0.34,0,0.02,0.29,0,0.02,0.29,0,0,0,0.29,0.39,3.02,-0.1,0.59,0.37,0.22,63,1.84,0.07,1.47,2.43,0,0,0.81,0.99,10.91,3.83,0.02,2.65,59.51,2.88,2.06,0.15,0.15,67,0.14,0.14,1.03,0,0.07,54,3.54,0,9.73,11.5,2.36,2.14,0.66,64.72,7.89,81,1.7,79,0.07,0,0,11.65,67,0.37,9,83,0.88,0.37,33,51,-16,59.32,0.22,0.32,0.57,9.88,74,3.98,2.8,0,0,0,0.29,7.37,7.37,0,,0.07,100,0.52,13,68,20,8,84,8,14.36,13.91,1.06,112,-0.45,15.27,15.52,0,0,0,0,0,,0,0,,0,0,0,0,0,0,33,7,2.82,18,-0.02,-0.03,0,-0.06,,-0.12
Alex Adrián Arce Barrios,Independiente Rivadavia,Liga Profesional,2026,1103,Centre Forward,Paraguay,31,15/06/95,0.49,0.41,0.44,0.19,2.29,18,36,5,50,0.48,0,0.08,1.22,0,0.08,1.22,0,0,0,0.41,0.52,3.51,-0.11,1.22,0.82,0.41,67,1.55,0,1.22,1.96,0.16,0.16,0.98,0.87,18.12,8.33,0.03,5.55,59.41,5.31,3.1,0.49,0.65,50,0.48,0.63,1.8,38,0.49,52,5.47,0,16,12.66,4.73,4.24,1.47,62.6,11.92,74,3.59,85,0.24,0,0,20.89,65,0.9,13,65,1.14,1.22,32,53,-12,61.87,2.12,0.46,0.7,15.1,83,4.75,7.51,0.41,0.41,0,0.65,6.94,7.35,0.08,0,0,0,1.14,22,62,16,23,61,16,15.96,14.74,0.99,92,-1.23,15.81,13.61,0,0,0,0,0,,0,0,,0,0,0,0,0,0,35,10,3.87,24,0.03,0.01,-0.01,0.1,,0.13
Alex Luna,Instituto,Liga Profesional,2026,1805,Left Wing,Argentina,22,30/03/04,0.3,0.2,0.29,0.09,3.34,6,36,5,67,0.37,0,0.06,1,0,0.03,0.5,0,0.03,0.5,0.2,0.35,4.34,-0.15,3.39,1.99,1.4,59,3.34,0.05,4.59,3.89,0.95,0.88,0.1,0.09,16.85,7.73,0.01,4.19,54.5,8.48,5.33,1.2,2.14,65,1.07,1.95,1.79,25,0.65,33,0.4,0,14.11,13.01,3.69,3.69,1.1,54.99,8.33,59,2.84,77,0.25,0,0,25.38,69,2.44,7,56,0.4,4.04,22,66,-3,62.27,4.24,0.58,0.7,34.6,78,6.76,7.98,1.25,0.65,0.6,0.25,4.34,4.99,0.3,24,0.4,24,0.35,15,72,13,16,73,11,19.91,15.57,0.94,104,-4.34,18.69,16.15,0,0,0,0,0,,0,0,,0,0,0,0,0,0,30,8,5.36,35,-0.01,0.15,0.01,0.04,,0.19
Alex Vigo,Talleres de Córdoba,Liga Profesional,2026,414,Right Back,Argentina,27,27/04/99,0,0,0.09,0.14,0.65,0,33,1,,0.01,0,0.01,0.22,0,0.01,0.22,0,0,0,0,0.11,0.87,-0.11,0.87,0.22,0.65,25,0.43,0,0.65,1.3,1.74,1.91,3.26,2.77,17.83,9.57,0,5.44,34.46,10,2.83,2.83,4.57,76,2.46,4.37,1.52,50,0.87,57,1.74,0,13.48,12.95,5,2.61,1.09,39.2,4.57,34,1.96,75,0.65,0,0,30.22,80,2.39,10,65,3.7,3.26,12,59,-21,49.82,3.48,0.17,0.2,25.22,93,5.69,6.74,0.22,0.22,0,0,1.52,1.74,0.22,100,0.65,50,0,27,61,12,23,48,29,19.01,16.01,0.96,108,-3,18.27,17.22,0,0,0,0,0,,0,0,,0,0,0,0,0,0,27,13,2.61,20,0.07,0.07,0.06,-0.08,,0.11
Alexander Díaz,Deportivo Riestra,Liga Profesional,2026,1111,Right Centre Forward,Argentina,26,21/03/00,0.16,0.16,0.16,0.14,1.13,14,43,2,,0.16,0,0.08,0.97,0,0.08,0.97,0,0,0,0.16,0.24,2.11,-0.08,0.73,0.32,0.4,44,3.24,0,2.51,3.48,0.32,0.18,0.16,0.03,20.73,7.94,0.01,5.02,59.49,5.91,4.13,1.38,1.7,85,0.89,1.06,2.02,25,0.24,26,1.94,0,17.33,8.99,4.29,3.64,0.97,60.84,12.39,71,3.16,87,0,0,0,21.22,55,1.21,8,71,0.4,1.46,34,49,-6,67.23,3,0.32,0.44,22.43,79,6.48,8.18,0.97,0.97,0,0.16,3.32,4.29,0.08,25,0.32,19,0.73,14,77,9,12,81,7,15.5,12.67,1.14,139,-2.83,17.62,17.63,0,0,0,0,0,,0,0,,0,0,0,0,0,0,44,8,3.35,29,-0.07,0,0,0.03,,-0.04
Alexander Machado,Banfield,Liga Profesional,2026,339,Left Centre Forward,Uruguay,24,27/05/02,0.27,0.27,0.15,0.08,1.86,14,29,5,,0.28,0,0.04,0.8,0,0.04,0.8,0,0,0,0.27,0.19,2.66,0.07,0,0,0,,0.53,0,1.33,1.06,0,0,0.27,0.14,14.62,5.85,0,6.65,58.31,3.72,2.13,0.8,0.8,100,0.5,0.5,0.8,,0,48,3.19,0,13.03,8.66,6.65,3.46,1.33,59.96,9.04,69,2.66,77,0,0,0,14.36,66,0.53,65,67,0.27,0.8,29,47,-18,61.11,1.06,0.24,0.27,11.17,81,3.61,5.32,0.53,0.53,0,0.8,4.25,4.79,0.27,50,0.53,67,0.53,28,55,17,25,65,10,13.58,9.54,1.02,123,-4.04,13.79,11.73,0,0,0,0,0,,0,0,,0,0,0,0,0,0,40,9,1.91,17,0.01,0.05,0.03,0.04,,0.13
Alexandro Mendieta,Talleres de Córdoba,Liga Profesional,2026,1022,Left Back,Paraguay,21,25/07/05,0.18,0.18,0.04,0.06,0.62,29,43,1,,0.1,0,0.03,0.44,0,0.03,0.35,0,0.01,0.09,0.18,0.07,1.06,0.1,0.44,0.09,0.35,20,0.79,0,1.23,1.58,1.41,1.33,3.96,3.47,14.79,7.57,0.01,6.08,32.29,8.37,2.38,2.64,4.05,83,2.62,3.95,0.97,62,0.53,59,1.67,0,11.27,11.66,3.43,2.47,0.88,38.87,3.52,31,1.5,61,0.18,0,0.09,31.44,69,2.64,96,38,4.67,6.25,10,41,-28,50.11,3.52,0.15,0.24,25.71,91,4.02,6.6,0.88,0.53,0.35,0,0.97,1.5,0,20,0.35,18,0.09,30,58,12,35,41,24,22.19,20.34,0.85,82,-1.85,18.93,16.61,0,0,0,0,0,,0,0,,0,0,0,0,0,0,34,11,2.96,27,0.06,0.04,0.04,-0.01,,0.14
Alexis Castro,Estudiantes,Liga Profesional,2026,1268,Left Defensive Midfielder,Argentina,32,17/10/94,0.28,0.28,0.16,0.1,1.63,17,26,1,,0.25,0,0.1,1.42,0,0.1,1.35,0,0,0.07,0.28,0.27,3.05,0.02,1.49,0.92,0.57,62,1.42,0,1.99,2.13,0.99,1.02,1.14,1.45,21.72,11.14,0.02,7.67,44.95,12.85,5.75,2.41,3.41,69,2.98,4,1.63,32,1.06,48,1.14,0,17.82,20.03,5.61,4.9,1.42,47.33,7.95,45,3.27,67,0.21,0,0,42.23,82,2.91,87,61,1.56,4.33,17,80,-2,52.54,5.75,0.39,0.49,36.27,91,4.39,10.36,1.06,0.92,0.14,0.14,2.48,3.41,0.28,20,0.21,33,0.28,20,70,10,24,72,4,18.88,16.17,0.96,101,-2.7,18.04,16.34,0,0,0,0,0,,0,0,,0,0,0,0,0,0,21,9,4.62,31,0.07,0.06,0.08,0.02,,0.23
Alexis Cuello,San Lorenzo de Almagro,Liga Profesional,2026,2266,Centre Forward,Argentina,26,17/02/00,0.2,0.16,0.17,0.09,1.87,9,26,3,50,0.14,0.12,0.14,0.99,0.12,0.14,0.99,0,0,0,0.28,0.31,2.86,-0.03,3.06,1.67,1.39,55,2.03,0,3.57,4.01,0.32,0.34,0.75,0.78,17.8,6.79,0,4.69,62.1,4.89,3.18,1.31,1.63,80,1.46,1.79,1.43,36,0.32,37,2.38,0,15.13,15.51,3.85,3.65,1.07,65.51,11.8,78,3.26,89,0.32,0.04,0,18.27,65,0.4,32,45,0.83,0.79,34,60,-4,65.89,2.22,0.37,0.52,22.64,70,5.31,7.03,0.56,0.52,0.04,0.4,5.08,5.6,0,21,0.32,33,0.71,17,68,15,12,72,15,14.14,11.31,0.98,99,-2.84,13.87,11.17,0,0,0,0,0,,0,0,,0,0,0,0,0,0,37,11,3.53,29,0.06,-0.01,0.01,-0.06,,0
Alexis Maldonado,Belgrano,Liga Profesional,2026,1855,Right Centre Back,Argentina,29,01/09/97,0,0,0.02,0.08,0.24,0,20,0,,0.02,0,0.01,0.1,0,0.01,0.1,0,0,0,0,0.03,0.34,-0.03,0,0,0,,0.39,0,0.15,0.1,0.97,0.93,5.63,5.51,10.43,5.05,0.05,5.63,21.91,6.84,1.31,1.65,2.62,79,1.45,2.38,0.92,50,0.44,62,1.65,0.05,7.86,7,3.54,1.21,0.68,25.06,0.78,10,0.29,24,0.15,0,0,29.64,84,2.04,8,50,6.16,3.54,11,69,-15,35.25,1.16,0.25,0.26,22.22,99,4.77,1.16,0.1,0.1,0,0,0.44,0.53,0,0,0,,0,25,71,4,25,71,4,22.84,22.42,0.93,95,-0.42,21.35,21.31,0,0,0,0,0,,0,0,,0,0,0,0,0,0,16,7,1.95,16,0.04,0.04,0.06,-0.01,,0.13
Alexis Soto,Rosario Central,Liga Profesional,2026,1288,Left Back,Argentina,33,19/10/93,0.07,0.07,0.04,0.1,0.42,17,33,0,,0.04,0,0.05,0.56,0,0.05,0.56,0,0,0,0.07,0.09,0.98,-0.02,0.63,0.35,0.28,56,0.63,0,0.7,0.84,0.7,0.78,3.01,3.25,12.16,6.5,0.04,6.5,30.27,9.93,2.31,2.03,2.73,76,2.83,3.61,0.77,42,0.63,50,1.12,0.14,9.37,11.34,4.26,2.31,0.98,34.66,1.96,21,1.12,48,0.21,0,0,44.87,81,3.15,71,48,3.91,5.66,12,79,-2,44.49,4.26,0.44,0.49,38.09,97,4.46,7.69,0.49,0.49,0,0.07,0.91,1.4,0.07,57,0.35,31,0.07,29,61,10,28,55,17,19.98,19.05,0.91,92,-0.93,18.15,17.53,0,0,0,0,0,,0,0,,0,0,0,0,0,0,23,10,4.96,29,0.09,0.06,0.03,-0.01,,0.18
Alexis Steimbach,Gimnasia La Plata,Liga Profesional,2026,2011,Right Back,Argentina,24,24/07/02,0.04,0.04,0.04,0.05,0.72,6,13,1,,0.04,0.27,0.12,1.16,0.27,0.12,1.16,0,0,0,0.31,0.16,1.88,0.16,2.51,1.66,0.85,66,1.16,0,1.3,1.88,1.7,1.34,2.51,1.79,15.89,9,0.03,6.04,31.37,9.85,3,2.37,4.07,73,1.8,3.14,1.03,53,0.9,61,1.34,0,12.62,8.8,3.98,2.51,0.98,34.87,3.18,25,1.25,50,0.36,0,0.04,33.44,68,3,17,49,3.49,5.19,13,61,-7,48.89,4.3,0.32,0.39,27.71,89,4.84,6.89,1.07,1.03,0.04,0.18,1.48,2.51,0.13,42,0.63,29,0.22,28,63,9,22,62,16,21.62,19.47,0.91,103,-2.15,19.75,20.02,0,0,0,0,0,,0,0,,0,0,0,0,0,0,32,11,3.9,32,0.12,0.07,0.07,-0.01,,0.23
Alfio Oviedo,Tigre,Liga Profesional,2026,455,Centre Forward,Paraguay,31,17/12/95,0.2,0.2,0.32,0.18,1.78,11,33,3,0,0.33,0,0.04,0.99,0,0.04,0.99,0,0,0,0.2,0.36,2.77,-0.16,1.19,0.79,0.4,67,1.39,0,1.19,3.56,0,0,0.99,1.15,16.23,5.34,0,1.98,60.74,4.16,2.18,1.39,1.39,88,1.41,1.41,3.17,0,0.2,46,6.33,0,12.07,12.18,1.58,3.76,0.99,64.25,9.1,75,3.56,95,0.59,0,0,18.21,62,0.59,13,75,0.99,0.79,54,54,-8,62.24,1.39,0.26,0.5,14.45,77,4.84,5.94,0,0,0,0,6.14,6.14,0,,0,0,0.4,13,77,10,7,77,17,14.25,11.8,1.07,107,-2.45,15.19,12.58,0,0,0,0,0,,0,0,,0,0,0,0,0,0,38,14,2.85,17,-0.06,0.04,0,-0.13,,-0.15
Allan Wlk,Lanús,Liga Profesional,2026,369,Centre Forward,Paraguay,23,28/02/03,0.24,0.24,0.48,0.14,3.41,7,50,6,,0.52,0,0.06,0.73,0,0.06,0.73,0,0,0,0.24,0.54,4.14,-0.3,0.73,0.73,0,100,0.24,0,1.95,3.17,0.24,0.13,1.22,1.06,34.36,19.98,0.02,5.12,62.38,3.9,3.17,0.73,0.97,75,0.72,0.85,0,0,0.24,42,3.9,0,33.63,25.91,4.63,3.41,0.73,63.72,25.83,77,2.68,79,0,0,0,20.96,66,0.49,13,67,1.22,0.73,34,50,-16,64,1.22,0.72,1,19.01,81,3.73,7.07,0.73,0.73,0,0.49,8.04,8.77,0,0,0,0,0.97,8,72,20,14,55,31,13.19,13.2,1.01,104,0.01,13.32,13.7,0,0,0,0,0,,0,0,,0,0,0,0,0,0,41,9,5.68,28,-0.09,-0.12,0.09,0.04,,-0.07
Ander Herrera,Boca Juniors,Liga Profesional,2026,508,Right Midfielder,Spain,37,13/08/89,0,0,0.08,0.06,1.24,0,14,1,,0.1,0,0.12,1.24,0,0.12,1.24,0,0,0,0,0.2,2.48,-0.2,0.18,0,0.18,0,1.42,0,1.06,1.77,0.53,0.83,0.89,1.37,13.82,6.2,0.02,5.14,41.63,7.44,4.78,2.13,2.66,67,2.78,3.61,1.06,14,1.06,50,1.06,0,10.98,16.09,3.72,3.01,0.71,43.63,4.43,40,2.48,82,0.18,0,0,65.9,86,3.72,16,64,1.95,4.78,15,79,-6,53.49,6.38,0.65,0.67,53.5,97,3.17,17.01,1.06,1.06,0,0.35,3.19,4.25,0.18,17,0.18,17,0.71,17,69,14,20,69,11,18.48,21.45,0.95,103,2.97,17.49,22,0,0,0,0,0,,0,0,,0,0,0,0,0,0,19,9,8.38,41,-0.05,0.03,0.01,0.03,,0.04
Andrés Vombergar,Aldosivi,Liga Profesional,2026,538,Left Centre Forward,Slovenia,32,19/11/94,0.67,0.67,0.54,0.16,3.35,20,35,5,,0.66,0,0.05,1.17,0,0.05,1.17,0,0,0,0.67,0.59,4.52,0.08,0.33,0.17,0.17,50,1,0,1,2.01,0.17,0.03,0.84,0.72,18.73,8.03,0.02,4.01,54.61,4.68,2.34,1.51,1.67,82,1.33,1.37,1.67,0,0.33,42,5.18,0,15.55,9.92,3.35,4.35,1.17,57.37,10.04,65,3.85,88,0,0,0,19.9,58,0,19,0,0.84,0.5,28,40,-18,58.86,0.67,0.51,0.71,12.04,85,3.42,4.52,0.5,0.5,0,0.33,8.36,8.86,0,0,0,0,0.67,16,64,20,19,63,19,13.19,11.93,0.95,105,-1.26,12.59,12.58,0,0,0,0,0,,0,0,,0,0,0,0,0,0,47,11,3.16,20,-0.06,0,0.01,0.12,,0.07
Antony Alonso,Deportivo Riestra,Liga Profesional,2026,1779,Left Centre Midfielder,Uruguay,28,10/05/98,0.2,0.2,0.25,0.15,1.62,13,59,4,,0.31,0.05,0.07,0.81,0.05,0.07,0.81,0,0,0,0.25,0.32,2.43,-0.06,0.96,0.46,0.51,47,0.35,0,1.01,2.53,0.51,0.27,1.21,0.53,17.81,7.89,0.02,4.5,49.99,5.51,2.99,1.16,1.67,64,0.81,1.08,1.42,19,0.66,36,2.99,0,15.33,7.87,3.79,4.15,1.42,53.73,8.7,57,3.49,84,0.15,0,0,15.28,56,0.2,14,31,1.37,0.51,34,55,-1,59.74,1.52,0.3,0.44,11.43,73,5.33,4.55,0.2,0.2,0,0.35,4.5,4.71,0.05,0,0,0,0.61,31,59,10,24,59,17,13.83,12.6,0.99,99,-1.23,13.64,12.42,0,0,0,0,0,,0,0,,0,0,0,0,0,0,46,13,2.19,21,0,0.03,0,0.06,,0.09
Aníbal Moreno,River Plate,Liga Profesional,2026,2291,Left Defensive Midfielder,Argentina,27,12/05/99,0,0,0.02,0.02,0.79,0,20,1,,0.03,0.12,0.02,0.47,0.12,0.02,0.47,0,0,0,0.12,0.03,1.26,0.08,0.47,0.35,0.12,75,0.75,0,0.9,0.86,1.02,1.48,1.96,2.97,21.41,10.29,0.02,9,40.69,14.26,6.83,3.46,4.48,77,5.08,6.56,1.45,50,1.02,42,1.02,0.04,16.5,24.12,6.72,5.89,2.63,42.34,5.66,34,2.75,47,0.2,0,0,56.17,85,5.15,22,74,2.79,6.13,12,75,-10,48.12,6.32,0.45,0.46,43.05,97,4.39,10.02,0.51,0.51,0,0,0.08,0.59,0.08,8,0.04,14,0.04,21,72,7,22,74,4,20.64,18.82,0.99,102,-1.82,20.5,19.21,0,0,0,0,0,,0,0,,0,0,0,0,0,0,18,8,5.24,29,0.04,0.07,0.05,-0.02,,0.14
Armando Méndez,Newell's Old Boys,Liga Profesional,2026,1280,Right Back,Uruguay,30,30/03/96,0,0,0.03,0.05,0.56,0,13,0,,0,0,0.04,0.84,0,0.04,0.84,0,0,0,0,0.07,1.41,-0.07,0.42,0.28,0.14,67,1.12,0.07,0.91,1.2,0.98,0.7,2.39,1.66,19.61,10.33,0.01,7.66,38.18,7.45,2.67,3.44,4.43,82,2.59,3.3,1.2,42,0.77,51,1.41,0,15.05,11.84,5.76,3.73,1.62,40.95,5.62,37,2.53,68,0.21,0,0.07,22.85,64,1.48,9,34,3.02,3.66,16,60,-4,54.57,4.5,0.17,0.2,18.98,90,6.78,7.1,0.98,0.49,0.49,0.42,2.11,2.6,0,57,0.84,27,0.56,36,56,9,37,54,9,22.04,19.76,0.86,86,-2.28,19.04,17.05,0,0,0,0,0,,0,0,,0,0,0,0,0,0,37,13,3.71,30,0.1,0.09,0.04,-0.02,,0.2
Augusto Max,Gimnasia La Plata,Liga Profesional,2026,1606,Centre Defensive Midfielder,Argentina,34,09/08/92,0,0,0.01,0.03,0.17,0,33,0,,0,0.06,0.01,0.11,0.06,0.01,0.11,0,0,0,0.06,0.01,0.28,0.04,0.73,0.56,0.17,77,0.9,0,0.73,0.56,0.95,0.78,2.69,1.88,26.4,14.29,0.04,11.26,34.67,11.04,3.59,3.14,4.09,80,2.46,3.24,1.57,60,0.78,36,0.5,0.06,21.8,15.82,8.69,5.21,1.96,36.85,4.26,20,2.02,39,0.45,0,0,33.34,85,2.24,11,71,3.31,2.52,14,78,-7,42,2.19,0.22,0.23,25.44,96,4.2,2.86,0.11,0.11,0,0,0.28,0.39,0.06,0,0,0,0.06,20,72,8,39,59,2,18.84,20.84,0.98,106,2,18.5,22.09,0,0,0,0,0,,0,0,,0,0,0,0,0,0,18,9,2.19,20,0,0.04,0.05,-0.01,,0.09
Augusto Schott,Talleres de Córdoba,Liga Profesional,2026,2189,Right Back,Argentina,26,16/01/00,0.12,0.12,0.07,0.09,0.82,15,35,1,,0.09,0,0.03,0.58,0,0.03,0.58,0,0,0,0.12,0.11,1.4,0.02,0.29,0.08,0.21,29,0.53,0,0.53,0.9,1.32,1.39,3.12,3.41,13.11,5.75,0.03,5.51,30.92,7.77,2.75,1.93,3.25,75,1.83,3.22,1.03,50,0.66,51,1.69,0.04,10.15,10.61,3.95,2.1,0.74,36.39,2.92,29,1.27,61,0.29,0,0,34.94,72,1.73,12,39,3.86,3.66,11,55,-18,51.26,5.92,0.33,0.34,27.66,95,6.26,8.67,0.86,0.66,0.21,0.04,1.77,2.43,0.04,19,0.21,14,0.08,33,56,11,32,57,11,19.66,19.69,0.9,92,0.03,17.66,18.2,0,0,0,0,0,,0,0,,0,0,0,0,0,0,28,9,4.13,29,0.06,0.06,-0.02,0.01,,0.1
Axel Werner,Aldosivi,Liga Profesional,2026,1473,Goalkeeper,Argentina,30,27/02/96,0,0,0,,0,,,0,,0,0,0,0,0,0,0,0,0,0,0,0,0,0,0,0,0,,0.18,0,0,0,0,0,0,0,0.06,0,0,8.01,2.93,2.57,0,0,0,0,0,0,0,0,0.12,,0,0,0.06,0.03,0.06,0,0,3.33,0,0,0,,0.18,0,0,14.97,66,7.52,11,48,1.96,13.75,11,60,-6,12.72,1.1,0.04,0.04,12.47,100,5.94,0.49,0,0,0,0,0,0,0,,0,,0,59,41,0,88,13,0,46.33,46.12,0.81,87,-0.21,37.46,40.1,0.98,1.08,0.1,69,66,3,1.1,3.18,26,12.34,1.79,0.18,0.12,16.6,1,32,2,1.5,14,0.09,0.07,0,,0.05,0.2
Ayrton Costa,Boca Juniors,Liga Profesional,2026,1542,Left Centre Back,Argentina,27,11/07/99,0,0,0.03,0.08,0.41,0,0,0,,0,0,0.01,0.18,0,0.01,0.18,0,0,0,0,0.04,0.58,-0.04,0.23,0.18,0.06,75,0.99,0,0.35,0.41,1.23,1.68,5.48,7.62,10.91,4.84,0.02,7.12,26.59,11.61,1.81,1.46,2.68,86,2.13,3.81,0.76,75,0.23,73,3.27,0.06,8.69,12.21,4.9,1.52,0.93,29.76,1.28,15,0.64,42,0.29,0,0,48.26,87,3.38,86,69,6.54,3.85,13,67,-19,34.63,1.34,0.29,0.33,36.24,98,4.45,1.58,0.06,0.06,0,0,0.88,0.93,0,100,0.06,100,0,22,75,3,33,59,7,19.98,21,0.97,97,1.02,19.42,20.46,0,0,0,0,0,,0,0,,0,0,0,0,0,0,17,8,2.34,15,0.02,0.03,-0.01,-0.04,,0
Ayrton Portillo,Defensa y Justicia,Liga Profesional,2026,1231,Right Wing Back,Argentina,26,17/08/00,0.22,0.22,0.08,0.08,1.02,21,43,1,,0.08,0.07,0.11,0.73,0.07,0.11,0.73,0,0,0,0.29,0.19,1.75,0.1,0.51,0.22,0.29,43,0.95,0.07,1.32,1.39,0.8,0.76,1.83,1.97,15.13,6.21,0.01,5.41,41.96,6.8,2.78,1.17,1.97,84,1.23,1.99,0.95,50,0.22,33,0.66,0.07,13.01,13.64,4.24,3.8,1.1,46.62,5.99,46,2.7,71,0.37,0,0,25.8,68,1.75,9,48,2.34,3.14,14,53,-15,56.09,3.29,0.23,0.29,23.53,90,6.05,7.02,1.17,0.95,0.22,0.22,2.78,3.73,0,69,1.02,42,0.29,27,58,15,21,64,16,18.87,18,0.94,103,-0.87,17.75,18.46,0,0,0,0,0,,0,0,,0,0,0,0,0,0,35,14,3.79,30,0.08,0.08,-0.03,-0.04,,0.09
Baltasar Rodríguez,Racing Club,Liga Profesional,2026,699,Right Centre Midfielder,Argentina,23,08/07/03,0,0,0.17,0.07,2.32,0,17,3,,0.12,0.13,0.03,0.77,0.13,0.01,0.39,0,0.02,0.39,0.13,0.2,3.09,-0.07,2.45,1.29,1.16,53,2.19,0,1.55,3.73,0.77,0.85,0.13,0.06,25.11,11.98,0,6.7,51.19,10.82,6.44,1.67,2.45,81,1.98,2.83,2.7,50,0.39,41,0.9,0,21.12,22.81,5.67,5.41,2.58,50.91,10.56,50,3.61,67,0.77,0,0,27.04,75,1.93,4,52,0.26,3.61,22,66,-9,56.51,3.09,0.17,0.31,27.94,83,6.79,7.08,1.03,0.52,0.52,0.13,2.45,2.96,0,38,0.39,38,0.13,19,68,13,24,65,11,18.66,13.52,0.98,107,-5.14,18.34,14.45,0,0,0,0,0,,0,0,,0,0,0,0,0,0,24,8,2.6,22,0,0.06,0.02,-0.06,,0.01
Bautista Barros Schelotto,Gimnasia La Plata,Liga Profesional,2026,745,Right Back,Argentina,26,12/01/00,0.12,0.12,0.17,0.36,0.48,25,25,0,,0.12,0.12,0.09,1.33,0.12,0.09,1.33,0,0,0,0.24,0.27,1.81,-0.03,0.12,0.12,0,100,0.36,0,0.6,0.48,1.21,0.62,2.66,1.48,16.19,7.61,0,7.25,33.33,7.97,2.17,2.54,3.74,70,2.46,3.08,0.97,59,1.09,55,1.33,0,12.68,10.13,5.56,2.78,1.45,36.21,3.02,24,1.45,52,0.24,0,0,26.93,70,2.66,17,51,2.9,4.95,12,59,-10,50.59,2.9,0.35,0.42,18.48,95,3.62,5.44,1.69,1.33,0.36,0.12,1.09,2.42,0,50,0.85,33,0.12,33,58,9,18,60,22,20.59,14.98,0.92,118,-5.62,18.91,17.7,0,0,0,0,0,,0,0,,0,0,0,0,0,0,35,10,3.21,19,0.24,0.04,0.06,0,,0.34
Bautista Merlini,CA Platense,Liga Profesional,2026,833,Centre Attacking Midfielder,Argentina,31,03/07/95,0.22,0.22,0.17,0.1,1.73,13,38,2,,0.23,0.11,0.18,1.51,0.11,0.18,1.51,0,0,0,0.32,0.35,3.24,-0.03,1.73,1.08,0.65,63,4.22,0,3.03,1.95,0.76,0.8,0.22,0.22,15.89,6.81,0.02,5.51,49.17,9.08,4.43,1.08,1.84,71,1.17,1.97,1.3,56,0.43,30,0.32,0,13.51,14.07,4.32,4.54,1.73,50.43,6.27,46,3.03,67,0,0,0,42.26,83,2.38,14,67,0.86,2.92,25,78,-5,59.02,7.24,0.54,0.69,43.88,91,6.58,16.11,1.08,0.97,0.11,0.32,3.57,4.54,0.11,10,0.22,50,0.43,16,72,13,17,72,11,16.74,16.17,0.98,105,-0.56,16.48,17.04,0,0,0,0,0,,0,0,,0,0,0,0,0,0,18,10,6.77,41,-0.01,0.15,0.02,0.06,,0.21
Blas Armoa,Gimnasia Mendoza,Liga Profesional,2026,343,Right Centre Midfielder,Paraguay,26,02/02/00,0.26,0.26,0.39,0.21,1.84,14,29,4,,0.26,0,0.09,1.57,0,0.09,1.57,0,0,0,0.26,0.48,3.41,-0.22,0.79,0.52,0.26,67,2.36,0,2.36,3.41,0,0,0.26,0.15,13.12,3.94,0,2.62,58.9,5.77,2.1,0.52,0.52,100,0.6,0.6,1.31,100,0,25,1.05,0,11.28,7.77,2.1,1.31,0.26,59.2,7.61,67,1.31,100,0.26,0,0,17.31,71,0,19,0,0.52,0.26,24,59,-13,61.76,0.52,0.3,0.75,21.77,80,5.15,6.03,0.52,0.52,0,0.52,3.94,4.46,0,100,0.52,40,0.52,13,69,19,4,78,17,15.6,12.13,0.93,102,-3.47,14.58,12.39,0,0,0,0,0,,0,0,,0,0,0,0,0,0,27,9,3.2,21,0.05,0.03,0,0.03,,0.1
Brahian Cuello,Unión,Liga Profesional,2026,1078,Left Midfielder,Argentina,29,29/09/97,0.25,0.25,0.19,0.11,1.67,15,35,2,,0.21,0,0.02,0.67,0,0.02,0.67,0,0,0,0.25,0.21,2.34,0.04,0.92,0.42,0.5,45,1.67,0,2,1.92,0.84,0.77,0.67,0.45,17.79,7.52,0.02,5.51,51.93,9.19,6.01,1.25,2.09,65,1.02,1.79,1.92,30,0.67,49,1.59,0,14.61,11.4,4.34,4.84,1.75,53.36,8.27,57,3.84,79,0.33,0,0,30.31,72,1,9,48,1,1.75,22,63,-9,59.93,3.59,0.41,0.52,26.72,88,5.16,10.94,0.67,0.67,0,0.08,2.25,2.92,0,75,0.5,38,0.17,21,65,14,17,65,18,16.57,14.36,0.99,105,-2.21,16.38,15.02,0,0,0,0,0,,0,0,,0,0,0,0,0,0,30,9,5.62,32,0,0.07,0.01,-0.06,,0.01
Braian Emmanuel Sánchez,Deportivo Riestra,Liga Profesional,2026,439,Right Wing,Argentina,33,10/06/93,0.21,0.21,0.17,0.12,1.44,14,29,2,,0.12,0,0.03,0.21,0,0.03,0.21,0,0,0,0.21,0.2,1.64,0.01,4.1,2.87,1.23,70,1.23,0,1.23,3.08,0.82,0.29,0.62,0.14,26.05,14.15,0.02,6.77,50.2,8,4.31,1.85,2.67,53,0.67,0.95,1.03,33,1.64,29,1.03,0,23.18,6.4,5.33,5.54,2.05,51.34,11.28,49,4.72,85,0,0,0,27.9,62,0.41,9,33,1.03,0.82,21,66,3,57.52,3.08,0.09,0.22,27.9,88,4.94,7.79,0.62,0.62,0,0,1.64,2.26,0,0,0,0,0,30,64,7,26,71,3,13.77,13.96,1.02,101,0.19,14.03,14.05,0,0,0,0,0,,0,0,,0,0,0,0,0,0,39,10,3.08,32,-0.05,0.04,0.08,0.03,,0.09
Braian Romero,Vélez Sarsfield,Liga Profesional,2026,347,Centre Forward,Argentina,35,14/06/91,0.26,0,0.38,0.13,2.86,0,27,6,100,0.2,0,0.13,0.26,0,0.13,0.26,0,0,0,0,0.51,3.12,-0.51,0.52,0.26,0.26,50,2.08,0,2.08,3.12,0,0,1.56,1.9,16.35,6.75,0,6.49,60.61,2.86,1.56,0.26,0.26,20,0.29,0.29,1.3,0,1.04,38,2.34,0,14.8,17.15,4.93,3.63,1.3,66.43,11.68,79,2.86,79,0.78,0,0,11.94,53,0.78,4,50,2.34,0.78,29,33,-20,62.13,0.26,0.25,0.58,10.9,64,4.1,3.12,0.52,0.52,0,0.26,5.19,5.71,0,0,0,0,0.52,20,61,20,17,67,17,15.08,16.76,1.05,149,1.68,15.83,25.02,0,0,0,0,0,,0,0,,0,0,0,0,0,0,47,6,1.53,15,0.03,-0.05,0.02,0.02,,0.02
Brandon Zacarias Oviedo,Banfield,Liga Profesional,2026,647,Right Centre Back,Argentina,21,24/01/05,0,0,0,0.02,0.14,0,0,0,,0,0,0,0,0,0,0,0,0,0,0,0,0.14,0,0.84,0.42,0.42,50,1.67,0,2.37,0.84,1.39,0.75,3.9,2.5,17.12,8.35,0.01,7.52,31.27,11.69,3.48,2.64,4.04,86,1.62,2.37,0.56,75,0.42,43,1.39,0.28,13.92,9.79,5.98,3.06,1.25,35.1,2.78,20,0.97,32,0,0,0,27.97,70,3.2,16,51,4.73,5.43,14,67,-3,45.74,4.73,0.1,0.1,24.49,88,7.72,5.15,0.14,0.14,0,0,0,0.14,0,0,0,0,0,37,58,5,43,57,0,22.16,23.05,0.94,94,0.88,20.77,21.59,0,0,0,0,0,,0,0,,0,0,0,0,0,0,23,4,2.62,17,0.03,0.08,-0.01,0,,0.1
Brayan Cortés,Argentinos Juniors,Liga Profesional,2026,2614,Goalkeeper,Chile,31,10/03/95,0,0,0,,0,,,0,,0,0,0,0.03,0,0,0,0,0,0.03,0,0,0.03,0,0,0,0,,0.03,0,0.03,0,0,0,0,0,0,0,0,5.37,2.97,3.92,0,0,0,,0,0,0,100,0,,0,0,0,0,0,0,0,,0,,0,,0.14,0,0,27.54,82,5.03,15,47,2.69,7.99,22,77,-5,13.7,0.93,0.17,0.17,24.27,100,5.17,0.52,0.07,0.07,0,0,0,0.07,0,0,0,,0,35,65,0,100,0,0,33.3,35.33,0.79,81,2.03,26.36,28.53,0.69,0.74,0.05,67,65,3,0.7,2.1,25,8.44,2.23,0.03,0.03,18.75,0,16,3,1.43,9,0.07,0.08,,,0.01,0.17
Brian Aguirre,Estudiantes,Liga Profesional,2026,740,Left Wing,Argentina,23,05/01/03,0.12,0.12,0.11,0.05,2.31,5,47,4,,0.11,0.24,0.15,1.22,0.24,0.1,0.97,0,0.05,0.24,0.36,0.26,3.53,0.11,2.92,2.07,0.85,71,0.97,0.12,1.82,4.26,0.49,0.6,0.24,0.3,14.59,5.23,0.01,3.04,51.42,5.96,2.92,0.73,1.22,60,0.77,1.37,2.43,33,0.49,47,0.97,0,11.43,14.09,2.8,4.01,1.46,55.92,6.93,61,3.16,79,0.24,0,0,25.17,63,1.95,18,44,0.85,3.77,30,59,-5,63.22,2.92,0.28,0.39,28.33,83,7.94,8.27,1.34,0.97,0.36,0.49,2.8,3.77,0,45,0.97,29,0.85,16,69,14,12,75,13,20.95,15.96,0.97,113,-4.99,20.28,18.11,0,0,0,0,0,,0,0,,0,0,0,0,0,0,41,9,4.57,34,0.09,0.17,0.02,-0.03,,0.25
Bruno Cabrera,Newell's Old Boys,Liga Profesional,2026,761,Right Centre Back,Argentina,29,27/04/97,0.12,0.12,0.06,0.06,0.95,13,13,0,,0.05,0,0,0,0,0,0,0,0,0,0.12,0.06,0.95,0.06,0.35,0.35,0,100,0.83,0,0.35,0.24,1.06,0.63,4.5,2.63,11.6,4.85,0.04,5.8,23.9,8.64,1.54,1.3,2.37,85,1.17,1.8,1.77,33,0.24,59,3.08,0,8.52,5.74,4.14,1.77,0.95,28.97,1.54,18,0.71,40,0.12,0.12,0,34.43,78,3.55,6,43,5.44,7.34,14,69,-9,35.39,2.25,0.15,0.17,26.51,98,4.58,1.89,0.35,0.24,0.12,0,1.89,2.13,0,33,0.12,20,0,30,66,5,63,38,0,27.01,23.11,0.88,89,-3.9,23.85,20.49,0,0,0,0,0,,0,0,,0,0,0,0,0,0,25,9,2.85,25,0.04,0.02,0,-0.03,,0.03
Bruno Cabrera,Lanús,Liga Profesional,2026,339,Right Wing,Argentina,23,20/05/03,0,0,0.2,0.11,1.86,0,14,3,,0.01,0,0.03,0.53,0,0.03,0.53,0,0,0,0,0.23,2.39,-0.23,1.86,1.33,0.53,71,2.12,0,1.86,2.12,0.27,0.12,1.59,1.24,22.56,9.82,0.04,7.7,49.15,6.37,3.45,0.8,1.06,43,0.75,0.88,2.65,25,1.06,27,0.8,0,19.11,14.68,6.64,4.25,1.59,49.9,9.29,49,3.19,75,0.27,0,0,22.3,73,1.33,15,71,2.12,1.33,33,79,6,55.63,2.39,0.34,0.42,22.03,87,5.24,5.84,0.8,0.8,0,0,4.78,5.57,0,0,0,0,0.27,21,54,25,18,68,14,16.84,15.86,0.96,103,-0.97,16.14,16.31,0,0,0,0,0,,0,0,,0,0,0,0,0,0,31,14,2.39,22,-0.08,0.02,0.06,-0.07,,-0.07
Bruno Leyes,Tigre,Liga Profesional,2026,1306,Left Defensive Midfielder,Argentina,25,29/10/01,0,0,0.02,0.04,0.55,0,0,0,,0,0,0.02,0.41,0,0.01,0.34,0,0.01,0.07,0,0.04,0.97,-0.04,0.41,0.41,0,100,1.31,0,0.55,0.41,1.24,1.01,1.86,1.16,23.37,12.34,0.02,7.44,39.94,14.89,6.82,2.27,3.52,72,2.09,3.11,2,47,0.9,36,0.69,0.07,19.09,15.18,5.72,5.03,1.79,41.61,5.51,29,2.07,41,0.34,0,0,40.53,77,3.17,81,53,3.03,4.76,15,66,-11,47.9,5.31,0.24,0.24,30.33,97,5.06,6.48,0.48,0.41,0.07,0,0.14,0.55,0.07,0,0,0,0,26,68,6,39,57,3,21.52,19.83,0.93,94,-1.69,20.04,18.55,0,0,0,0,0,,0,0,,0,0,0,0,0,0,26,9,3.45,24,0.07,0.08,0,-0.02,,0.12
Bruno Pittón,Unión,Liga Profesional,2026,605,Left Back,Argentina,33,31/01/93,0,0,0.02,0.11,0.15,0,0,0,,0,0,0.03,0.74,0,0.03,0.74,0,0,0,0,0.05,0.89,-0.05,0,0,0,,0.45,0,0.74,0.45,0.74,0.73,2.23,1.66,14.43,7.58,0.02,6.84,31.13,8.48,3.27,2.68,3.42,75,2.56,3.28,0.74,50,0.89,50,1.34,0,11,10.64,3.87,2.08,0.89,35.58,2.97,27,1.34,64,0,0,0,32.12,70,2.83,79,42,2.83,6.1,13,64,-6,51.2,5.65,0.36,0.39,25.13,96,4.9,7.58,1.49,1.19,0.3,0.15,1.34,2.53,0,30,0.45,43,0.3,39,54,7,47,41,12,21.63,18.52,0.92,105,-3.1,19.83,19.48,0,0,0,0,0,,0,0,,0,0,0,0,0,0,33,11,3.38,25,0.14,0.03,0.12,-0.01,,0.28
Bruno Sepúlveda,Banfield,Liga Profesional,2026,659,Left Centre Forward,Argentina,34,16/09/92,0.55,0.27,0.25,0.13,1.91,14,29,3,100,0.23,0.14,0.09,1.09,0.14,0.09,1.09,0,0,0,0.41,0.33,3.01,0.08,0.27,0.14,0.14,50,0.96,0.14,1.23,2.32,0.82,0.51,0.55,0.44,18.58,8.61,0,4.23,59.69,2.73,1.23,0.68,1.5,71,0.46,0.98,1.5,0,0.27,44,2.46,0,17.07,11.86,3.82,3.14,0.96,62.16,12.02,70,2.32,74,0.27,0,0,17.48,78,0.41,13,60,0.55,0.68,28,71,-7,59.94,1.09,0.34,0.56,13.93,81,5.13,6.42,0.41,0.41,0,0.14,6.15,6.56,0,0,0.14,33,0.68,9,70,21,4,74,21,15.61,13.23,1,114,-2.38,15.65,15.13,0,0,0,0,0,,0,0,,0,0,0,0,0,0,20,10,5.12,34,-0.01,0.08,0.01,-0.23,,-0.15
Bruno Zuculini,Racing Club,Liga Profesional,2026,843,Right Centre Midfielder,Argentina,33,01/04/93,0,0,0.01,0.04,0.32,0,0,1,,0,0.11,0.08,0.43,0.11,0.08,0.43,0,0,0,0.11,0.09,0.75,0.01,0.32,0.11,0.21,33,0.64,0,0.53,0.85,0.75,0.83,1.28,1.25,25.53,14.74,0.02,7.9,43.14,11.43,6.52,3.2,3.95,73,3.3,4.13,1.39,35,1.17,32,0.64,0,21.04,20.28,6.09,4.59,1.6,44.25,8.12,39,3.31,72,0.32,0,0,32.04,75,0.85,11,36,1.5,2.14,21,63,-12,52.32,3.2,0.38,0.39,20.19,94,3.99,6.09,0.43,0.43,0,0.32,1.17,1.6,0,50,0.21,50,0.53,22,69,10,23,70,7,18.42,17.47,0.94,97,-0.95,17.22,16.86,0,0,0,0,0,,0,0,,0,0,0,0,0,0,26,10,3.05,29,0.02,0.02,0.04,-0.01,,0.06
Camilo Rey Domenech,Boca Juniors,Liga Profesional,2026,362,Centre Defensive Midfielder,Argentina,20,09/03/06,0,0,0.01,0.04,0.25,0,0,0,,0,0,0.01,0.25,0,0.01,0.25,0,0,0,0,0.02,0.5,-0.02,0.25,0.25,0,100,0,0,0.25,1,1.24,1.54,1,1.15,13.19,6.72,0.09,4.48,32.33,11.7,5.72,1.49,2.74,75,1.6,3.13,1.24,33,0.5,100,1.24,0,10.45,10.02,3.48,2.49,1,34.66,1.74,17,0.75,30,0,0,0,51.02,87,2.99,8,63,1.74,3.98,22,80,-6,45.48,2.99,0.56,0.57,41.56,98,4.76,5.97,0.25,0.25,0,0,0,0.25,0,0,0,,0,15,75,9,13,83,4,19.92,19.57,0.98,113,-0.35,19.57,22.21,0,0,0,0,0,,0,0,,0,0,0,0,0,0,15,4,3.73,22,-0.02,0.06,0.06,0,,0.09
Carlos Abeldaño,Atlético Tucumán,Liga Profesional,2026,624,Left Centre Forward,Argentina,21,08/04/05,0.14,0.14,0.18,0.1,1.88,8,23,7,,0.13,0,0.01,0.14,0,0.01,0.14,0,0,0,0.14,0.2,2.02,-0.05,0.43,0.43,0,100,0.87,0.14,1.3,3.03,0,0,0.29,0.45,17.61,7.5,0,4.18,64.26,3.46,2.45,1.01,1.01,88,1.15,1.15,1.44,67,0.14,35,2.74,0,15.15,15.23,3.9,3.03,1.3,65.53,12.7,84,2.74,90,0.29,0,0,9.96,68,0,65,,0.29,0,43,53,-14,62.69,1.01,0.12,0.26,9.38,69,3.57,3.61,0.29,0.29,0,0,3.32,3.61,0,0,0,0,0.14,24,58,18,24,68,8,13,14.34,0.98,103,1.34,12.7,14.81,0,0,0,0,0,,0,0,,0,0,0,0,0,0,30,9,1.21,8,0.01,0.1,-0.01,-0.03,,0.07
Carlos Izquierdoz,Lanús,Liga Profesional,2026,1941,Right Centre Back,Argentina,38,02/11/88,0.09,0.09,0.04,0.06,0.7,13,20,0,0,0.04,0.05,0.05,0.46,0.05,0.05,0.46,0,0,0,0.14,0.1,1.16,0.04,0.09,0.09,0,100,0.6,0,0.23,0.05,0.65,0.77,5.38,5.15,8.53,4.87,0.06,5.61,24.02,11.54,1.9,1.48,2.13,74,1.56,2.33,0.65,29,0.51,68,3.66,0.09,6.44,6.35,3.24,1.48,0.7,29.71,1.11,17,0.74,50,0.37,0,0,48.54,85,6.68,20,66,6.35,9.18,14,74,-11,34.66,3.43,0.39,0.44,35.88,99,4.74,3.75,0.32,0.32,0,0.19,1.67,1.99,0.05,14,0.05,33,0.23,27,70,3,44,51,5,25.17,21.5,0.96,97,-3.67,24.05,20.89,0,0,0,0,0,,0,0,,0,0,0,0,0,0,20,8,3.14,22,0.11,0.03,0.04,-0.03,,0.15
Carlos Quintana,Rosario Central,Liga Profesional,2026,304,Left Centre Back,Argentina,38,10/02/88,0,0,0,,0,,,0,,0,0.3,0.1,0.3,0.3,0.1,0.3,0,0,0,0.3,0.1,0.3,0.2,0,0,0,,0.89,0,0.3,0.3,0.89,0.8,6.52,6.68,4.45,1.78,0.02,4.45,17.81,5.63,0.89,0,0.89,0,0,0.8,1.19,50,0.59,91,2.96,0.3,3.56,3.76,2.08,1.48,0.89,25.53,0.3,8,0.3,20,0.3,0,0,29.35,73,1.78,91,40,7.71,3.26,17,56,-18,31.09,0.89,0.06,0.15,20.16,99,4.08,0.89,0,0,0,0.3,0.59,0.59,0,,0,,0.3,35,64,1,33,67,0,23.63,27.45,0.91,86,3.81,21.59,23.71,0,0,0,0,0,,0,0,,0,0,0,0,0,0,23,9,2.05,17,0.06,0.01,-0.04,,,0.03
Carlos Quintana,Deportivo Riestra,Liga Profesional,2026,478,Left Centre Back,Argentina,38,10/02/88,0,0,0.1,0.09,1.13,0,17,2,,0.08,0,0.01,0.19,0,0.01,0.19,0,0,0,0,0.11,1.32,-0.11,0.38,0.38,0,100,0.75,0,0.19,0,1.32,0.41,4.33,1.47,7.72,4.14,0.09,4.52,22.5,7.35,1.7,1.51,2.83,100,0.56,0.97,1.32,100,0,56,2.83,0,4.9,1.86,2.45,1.13,0.38,29.21,0.57,12,0.38,33,0.57,0,0,11.3,45,1.32,89,35,5.65,2.45,24,33,-12,38.2,0.94,0.34,0.34,4.9,96,4.9,1.32,0,0,0,0,2.07,2.07,0,,0,,0,65,34,2,57,43,0,28.44,31.24,0.85,93,2.8,24.22,29.04,0,0,0,0,0,,0,0,,0,0,0,0,0,0,50,10,1.04,9,0.03,0.01,0.12,-0.05,,0.12
Carlos Villalba,CA Sarmiento,Liga Profesional,2026,579,Right Centre Midfielder,Argentina,28,18/07/98,0.16,0.16,0.12,0.06,1.86,8,58,3,,0.19,0,0.01,0.31,0,0.01,0.31,0,0,0,0.16,0.13,2.17,0.02,0.31,0,0.31,0,1.09,0,0.16,1.09,1.24,1.34,2.17,1.54,14.6,5.59,0.05,4.97,40.74,7.15,4.19,1.09,2.33,47,1.17,2.51,2.33,27,1.24,45,2.02,0,11.34,12.81,3.42,2.95,0.78,47.51,5.13,45,1.71,58,0.62,0,0,21.28,70,1.24,8,38,2.8,2.64,17,68,-2,50.77,2.49,0.38,0.44,15.69,93,4.27,4.82,0.31,0.31,0,0.16,2.33,2.64,0.16,0,0.16,50,0.16,31,59,10,26,68,6,21,19.22,0.93,109,-1.78,19.44,21,0,0,0,0,0,,0,0,,0,0,0,0,0,0,27,9,3.36,23,-0.02,0.02,-0.01,0.03,,0.03
Celías Adán Ingenthron,CA Platense,Liga Profesional,2026,303,Left Back,Argentina,18,27/06/08,0,0,0.01,0.04,0.3,0,0,0,,0,0,0,0,0,0,0,0,0,0,0,0.01,0.3,-0.01,0,0,0,,1.78,0,1.49,0.59,0.3,0.33,2.08,2.57,19.03,9.22,0,6.54,34.66,12.49,2.08,2.68,2.97,60,2.94,3.27,1.49,25,1.78,55,1.78,0,14.87,16.56,5.35,4.76,1.49,39.21,5.05,34,3.57,75,0.3,0,0,37.16,73,4.16,97,70,2.38,5.65,10,63,-11,48.94,5.95,0.15,0.17,28.24,94,2.84,8.92,0.89,0.89,0,0,0.3,1.19,0,33,0.3,13,0,34,59,7,33,63,3,20.78,16.05,0.99,112,-4.73,20.62,17.99,0,0,0,0,0,,0,0,,0,0,0,0,0,0,32,14,3.33,21,0.08,0.04,0.01,0,,0.12
Cesar Vega,Atlético Tucumán,Liga Profesional,2026,956,Centre Defensive Midfielder,Argentina,22,07/01/04,0,0,0,0.01,0.19,0,0,0,,0,0,0.01,0.38,0,0,0.28,0,0,0.09,0,0.01,0.56,-0.01,0.56,0.19,0.38,33,1.22,0,0.66,0.75,1.6,0.8,0.94,0.57,31.82,20.06,0.01,11.96,36.13,11.02,4.99,5.56,7.16,77,3.42,4.21,2.45,52,1.69,33,0.47,0.09,23.82,12.55,9.04,5.65,2.73,37.49,4.43,19,2.26,40,0.56,0,0,25.99,82,1.98,6,75,1.41,2.17,16,73,-8,46.74,2.26,0.13,0.13,20.34,94,4.59,3.67,0.09,0,0.09,0,0,0,0,0,0,,0,21,73,6,26,72,3,19.19,17.22,0.99,103,-1.96,19.06,17.71,0,0,0,0,0,,0,0,,0,0,0,0,0,0,21,8,2.42,19,0.01,0.04,0.06,0,,0.11
Claudio Baeza,Vélez Sarsfield,Liga Profesional,2026,1363,Left Defensive Midfielder,Chile,33,22/12/93,0,0,0.01,0.04,0.33,0,0,0,,0,0,0.03,0.26,0,0.03,0.26,0,0,0,0,0.04,0.59,-0.04,0.73,0.4,0.33,55,1.12,0,0.99,0.73,1.65,1.81,2.38,2.48,22.05,12.81,0.02,8.19,40.44,15.91,7.92,2.31,3.96,66,2.7,4.51,1.25,42,1.19,52,1.72,0,18.48,20.68,6.34,5.02,1.85,42.67,6.67,36,3.1,62,0.33,0,0,52.41,84,3.5,10,68,2.9,4.62,15,72,-12,48.92,6.01,0.41,0.41,39.34,96,3.55,9.97,0.13,0.13,0,0,0.46,0.59,0,0,0,0,0.07,22,72,6,21,75,3,18.94,16.02,0.99,102,-2.92,18.67,16.41,0,0,0,0,0,,0,0,,0,0,0,0,0,0,21,11,4.19,33,0.03,0.07,0.05,-0.01,,0.13
Claudio Bravo,Argentinos Juniors,Liga Profesional,2026,300,Left Back,Argentina,29,12/03/97,0,0,0.05,0.08,0.6,0,0,1,,0,0,0.05,0.6,0,0.05,0.6,0,0,0,0,0.09,1.2,-0.09,1.5,0.9,0.6,60,0.9,0,1.2,0.6,0.9,1.53,2.1,2.74,20.39,8.99,0.05,7.5,36.65,10.79,3.6,4.2,5.1,70,6.14,7.67,0.9,55,1.8,33,0.9,0,15.59,23.6,4.8,3.9,1.5,40.64,5.7,37,3,77,0.3,0,0,54.57,76,4.2,86,64,3.6,5.1,14,67,-9,50.81,6.3,0.35,0.38,46.17,96,4.68,14.69,1.2,1.2,0,0,0.6,1.8,0,25,0.3,17,0,25,56,19,29,55,16,20.11,20.2,0.97,124,0.09,19.6,25.13,0,0,0,0,0,,0,0,,0,0,0,0,0,0,27,7,4.71,28,0.07,0.11,0.1,-0.02,,0.25
Clever Ferreira,Atlético Tucumán,Liga Profesional,2026,1599,Right Centre Back,Paraguay,23,19/02/03,0.11,0.11,0.11,0.09,1.24,9,27,1,,0.08,0.06,0.03,0.28,0.06,0.03,0.28,0,0,0,0.17,0.14,1.52,0.02,0.28,0.23,0.06,80,0.79,0,0.45,0.34,0.9,0.66,7.09,5.39,7.48,4.5,0.1,5.8,21.5,9.96,1.97,1.35,2.25,80,0.93,1.59,0.62,63,0.34,72,4.73,0,5.52,4.11,3.1,0.96,0.51,30.63,0.84,15,0.51,53,0.23,0,0,29.83,67,3.49,6,39,8.16,7.99,13,50,-17,35.29,2.31,0.3,0.31,21.61,97,4.64,2.31,0.23,0.17,0.06,0.06,2.31,2.48,0.11,0,0.06,17,0.11,39,59,2,59,37,5,30.44,27.09,0.85,72,-3.36,25.77,19.52,0,0,0,0,0,,0,0,,0,0,0,0,0,0,25,5,2.36,17,0.06,0.04,0.15,-0.06,,0.19
Conan Ledesma,Rosario Central,Liga Profesional,2026,2211,Goalkeeper,Argentina,33,12/02/93,0,0,0,,0,,,0,,0,0,0,0,0,0,0,0,0,0,0,0,0,0,0,0,0,,0.16,0,0,0.04,0,0,0.04,0.06,0.12,0.12,0,5.98,3.1,3.62,0,0,0,,0,0,0.04,,0,,0,0.08,0.08,0.09,0.08,0,0,10.44,0,0,0,,0.04,0,0,15.39,70,6.07,14,46,1.95,11.28,12,61,-9,11.75,1.1,0.1,0.1,13.96,100,5.8,0.49,0.04,0,0.04,0,0,0,0,0,0,,0,51,49,0,100,0,0,42.32,46.36,0.77,88,4.04,32.48,40.9,0.73,0.59,-0.14,68,75,-6,0.69,2.32,27,8.67,2.1,0.12,0.08,19.17,-1,28,3,1.31,8,0.09,0.06,-0.07,,-0.13,-0.05
Cristian Medina,Estudiantes,Liga Profesional,2026,472,Centre Attacking Midfielder,Argentina,24,31/05/02,0,0,0.15,0.13,1.14,0,50,1,,0.03,0.19,0.1,1.34,0.19,0.09,1.14,0,0.01,0.19,0.19,0.25,2.48,-0.06,1.53,0.38,1.14,25,2.86,0,1.34,2.48,0.19,0.26,0.57,0.67,21.74,11.63,0,7.44,52.09,5.34,3.05,2.48,2.67,72,2.61,2.87,0.57,33,0.95,22,0.38,0,18.88,16.25,5.91,5.15,1.34,52.61,11.06,59,3.81,74,0,0,0,32.23,90,1.53,8,80,0.76,1.72,25,91,1,57.68,6.48,0.58,0.66,33,90,6.91,11.44,1.14,0.95,0.19,0,1.34,2.29,0.19,0,0,0,0,16,72,12,22,73,5,18.68,17.17,1.02,101,-1.51,19.08,17.35,0,0,0,0,0,,0,0,,0,0,0,0,0,0,17,10,4.54,36,0.04,0.07,0.07,-0.1,,0.08
Cristian Paz,Deportivo Riestra,Liga Profesional,2026,2228,Centre Back,Argentina,31,23/04/95,0,0,0,,0,,,0,,0,0,0,0.08,0,0,0.08,0,0,0,0,0,0.08,0,0.2,0.16,0.04,80,0.32,0,0.16,0.12,0.97,0.67,6.22,3.02,11.03,5.61,0.04,6.38,25.32,9.94,2.38,1.54,2.5,79,0.81,1.48,1.17,60,0.4,63,1.58,0.08,8.32,4.41,3.64,1.33,0.53,30.92,1.25,15,0.57,42,0.16,0,0,15.55,64,1.74,15,51,6.79,2.87,18,49,-15,38,1.49,0.05,0.05,8.52,97,5.53,1.66,0.2,0.2,0,0,0.04,0.24,0,0,0,0,0,40,54,5,54,46,0,24.09,21.65,0.94,88,-2.44,22.54,19.07,0,0,0,0,0,,0,0,,0,0,0,0,0,0,40,13,1.24,12,0.03,0.03,0.04,,,0.09
Cristian Tarragona,Unión,Liga Profesional,2026,2343,Right Centre Forward,Argentina,35,08/04/91,0.5,0.42,0.34,0.14,2.38,18,47,4,100,0.51,0.04,0.07,1.04,0.04,0.07,1.04,0,0,0,0.46,0.41,3.42,0.05,0.88,0.46,0.42,52,1.81,0,2.23,2.73,0.08,0.07,0.61,0.66,17.55,7.57,0.02,4.92,59.53,5.72,3.73,0.77,0.84,71,0.83,0.91,1.77,30,0.31,36,2.04,0,15.09,13.76,4.22,3.61,1.31,61.88,10.83,72,3.07,85,0.15,0,0,23.43,73,0.73,12,58,0.88,1,30,68,-5,61.27,2.34,0.43,0.62,22.39,83,3.97,8.56,0.5,0.46,0.04,0.19,4.84,5.3,0.12,0,0.12,30,0.46,13,68,19,16,66,18,14.82,13.65,1.02,106,-1.17,15.07,14.52,0,0,0,0,0,,0,0,,0,0,0,0,0,0,31,11,4.99,29,-0.07,0.01,0.02,0.16,,0.12
Cristian Zabala,CA Sarmiento,Liga Profesional,2026,2137,Right Defensive Midfielder,Argentina,28,03/03/98,0.04,0.04,0.03,0.06,0.51,8,17,0,,0.04,0.04,0.05,0.84,0.04,0.03,0.59,0,0.02,0.25,0.08,0.09,1.35,0,1.18,0.72,0.46,61,0.8,0,1.14,1.1,1.52,1.1,1.64,1.51,18.74,9.43,0.02,6.7,41.71,13.18,5.56,2.57,4.09,80,2,3.1,1.22,44,0.63,52,1.43,0,14.95,12.5,5.01,3.66,1.43,45.49,5.9,39,2.11,57,0.21,0,0,43.88,80,2.48,10,53,2.23,4.13,19,71,-9,47.96,4.84,0.25,0.3,34.07,95,4.68,8.04,0.76,0.42,0.34,0.04,0.46,0.88,0.04,17,0.21,56,0,25,64,11,29,63,7,19.54,17.05,0.97,99,-2.49,18.89,16.89,0,0,0,0,0,,0,0,,0,0,0,0,0,0,21,8,3.89,33,0.04,0.07,0.08,0,,0.18
Cristopher Fiermarín,Defensa y Justicia,Liga Profesional,2026,1576,Goalkeeper,Uruguay,28,31/12/97,0,0,0,,0,,,0,,0,0,0,0,0,0,0,0,0,0,0,0,0,0,0.06,0.06,0,100,0.23,0,0,0,0,0,0,0,0.11,0.11,0,7.65,2.92,4.23,0.06,0,0,0,0,0,0,25,0.17,100,0.06,0,0.11,0.13,0.06,0,0,6.98,0,0,0,,0,0,0,17.88,72,5.31,27,44,1.66,10.45,13,64,-8,10.64,0.63,0.11,0.11,15.31,100,5.17,0.46,0,0,0,0,0,0,0,,0,,0,45,54,0,88,13,0,37.83,35.89,0.75,76,-1.94,28.34,27.24,1.09,0.91,-0.18,65,71,-6,0.97,3.08,28,10.91,1.71,0.17,0.11,16.79,1,24,4,1.27,11,0.07,0.07,,,-0.25,-0.11
César Ibáñez,Huracán,Liga Profesional,2026,1907,Left Back,Argentina,27,16/06/99,0,0,0.03,0.03,0.9,0,16,1,,0,0.14,0.05,0.66,0.09,0.05,0.61,0.05,0.01,0.05,0.14,0.08,1.56,0.06,1.04,0.47,0.57,45,1.65,0,1.18,1.51,1.09,1.26,2.41,2.69,19.96,11.37,0.01,7.46,35.41,10.86,3.96,3.16,4.25,84,3.58,4.83,1.98,62,0.61,58,1.65,0.05,14.82,15.79,5.19,2.97,0.71,38.99,4.3,29,2.22,75,0.52,0.05,0,34.03,69,3.35,86,43,3.21,6.94,14,65,-4,51.36,5.24,0.23,0.28,28.65,92,4.46,8.07,1.46,0.8,0.66,0.09,0.9,1.7,0,35,0.52,20,0.14,30,59,11,28,60,12,22.21,18.96,0.89,101,-3.25,19.82,19.2,0,0,0,0,0,,0,0,,0,0,0,0,0,0,32,9,5.48,39,0.16,0.08,-0.02,-0.04,,0.18
César Pérez,Defensa y Justicia,Liga Profesional,2026,821,Left Defensive Midfielder,Chile,24,28/11/02,0.11,0.11,0.23,0.1,2.3,5,14,2,,0.11,0,0.04,0.33,0,0.04,0.33,0,0,0,0.11,0.27,2.63,-0.16,1.21,0.77,0.44,64,2.19,0,2.19,1.75,0.99,1.27,1.75,1.11,26.54,12.72,0.05,8.77,44,11.3,4.28,2.08,3.07,56,2.65,3.92,1.97,32,1.65,48,1.75,0,22.48,24.83,6.58,6.58,2.52,47.02,9.43,42,3.73,57,0.33,0,0,48.15,81,3.4,11,74,1.97,4.39,20,77,-3,52.15,8.34,0.4,0.62,39.15,91,4.57,12.72,0.77,0.77,0,0.11,3.84,4.61,0,14,0.11,17,0.11,22,63,15,30,59,11,19.5,15.02,1.01,111,-4.48,19.64,16.71,0,0,0,0,0,,0,0,,0,0,0,0,0,0,23,10,6.02,38,0,0.04,0.01,-0.15,,-0.09
César Rigamonti,Gimnasia Mendoza,Liga Profesional,2026,2149,Goalkeeper,Argentina,39,06/04/87,0,0,0,,0,,,0,,0,0,0,0,0,0,0,0,0,0,0,0,0,0,0.08,0.08,0,100,0.17,0,0,0.04,0,0,0,0,0.08,0.04,0,6.7,2.66,4.15,0,0,0,,0,0,0.04,,0,100,0.04,0,0.04,0.03,0,0,0,6.99,0,0,0,,0.08,0,0,20.06,70,7.12,19,44,2.22,13.91,11,55,-15,12.72,0.88,0.07,0.07,16.96,100,6.26,0.5,0,0,0,0,0.04,0.04,0,,0,,0,48,52,0,100,0,0,41.83,45.08,0.76,74,3.25,31.65,33.28,1.05,1.18,0.14,71,67,4,1.15,3.56,33,10.93,1.83,0.13,0.04,15.38,-1,31,4,1.2,9,0.09,0.07,0,,0.17,0.33
Damián Fernández,Defensa y Justicia,Liga Profesional,2026,1627,Right Centre Back,Argentina,25,01/01/01,0.06,0.06,0.02,0.1,0.22,25,50,0,,0.05,0,0.01,0.22,0,0.01,0.22,0,0,0,0.06,0.03,0.44,0.02,0.22,0.22,0,100,0.28,0,0.17,0.33,1,0.95,5.97,6.1,14.49,7.03,0.05,8.08,25.53,10.35,1.71,3.04,4.04,86,3.28,4.23,1,67,0.5,55,2.32,0,10.51,11.56,4.92,2.32,0.94,29.39,1.49,14,0.89,38,0.28,0,0,45.47,84,3.65,15,56,7.03,5.42,16,79,-5,37.58,3.21,0.24,0.25,35.24,99,5.75,3.49,0.06,0.06,0,0.11,0.83,0.89,0,0,0,0,0.11,25,72,3,30,67,3,22.37,22.27,0.94,98,-0.1,20.92,21.83,0,0,0,0,0,,0,0,,0,0,0,0,0,0,20,9,3.63,27,0.05,0.03,0.11,0.03,,0.21
Damián Martínez,Barracas Central,Liga Profesional,2026,615,Right Wing Back,Argentina,36,30/01/90,0.15,0.15,0.14,0.25,0.59,25,25,1,,0.03,0,0.05,0.73,0,0.05,0.73,0,0,0,0.15,0.19,1.32,-0.05,0.59,0.29,0.29,50,0.59,0,0.44,0.59,0.29,0.18,2.05,0.97,18.16,9.37,0.01,6,31.83,6.74,2.2,1.9,2.2,65,0.92,1.11,0.88,46,1.03,50,0.59,0,15.38,7.76,4.69,2.49,0.29,35.02,4.25,28,1.61,65,0.15,0,0,23.87,61,1.46,15,33,3.22,3.22,17,47,-15,51.56,2.78,0.25,0.33,20.21,95,5.06,4.83,1.46,1.32,0.15,0.15,1.17,2.49,0,50,0.73,38,0.15,33,60,7,39,55,6,22.03,22.49,0.86,87,0.46,19.05,19.51,0,0,0,0,0,,0,0,,0,0,0,0,0,0,38,10,2.84,28,0.09,0.04,0.06,-0.03,,0.15
Danilo Arboleda,Banfield,Liga Profesional,2026,1499,Right Centre Back,Colombia,31,15/05/95,0,0,0,0.05,0.06,0,100,0,,0.01,0,0,0,0,0,0,0,0,0,0,0,0.06,0,0.48,0.42,0.06,88,0.18,0,0.06,0.06,1.32,0.73,8.4,4.97,13.69,6.72,0.07,7.14,23.18,8.88,0.72,1.98,3.3,85,1.24,1.98,0.48,58,0.36,78,2.4,0,11.41,6.77,4.5,1.44,0.84,26.53,1.02,9,0.42,29,0.12,0,0,23.77,85,2.46,35,67,9.18,2.88,15,79,-5,33.42,1.38,0.16,0.16,15.37,99,4.96,1.32,0.06,0.06,0,0,0.12,0.18,0,0,0,,0,30,68,1,55,45,0,23.95,23.91,0.96,95,-0.04,23.06,22.67,0,0,0,0,0,,0,0,,0,0,0,0,0,0,22,12,1.8,15,0.02,0.03,0.11,0,,0.16
Danilo Arboleda,San Lorenzo de Almagro,Liga Profesional,2026,492,Right Centre Back,Colombia,31,15/05/95,0,0,0.1,0.11,0.91,0,20,0,,0.15,0,0,0.18,0,0,0.18,0,0,0,0,0.1,1.1,-0.1,1.28,1.1,0.18,86,0.18,0,0,0.37,0.73,0.88,8.78,10.03,8.41,5.3,0.05,6.4,22.22,13.35,1.1,1.46,2.19,100,1.69,2.57,0.18,100,0,75,3.84,0,6.77,7.62,2.74,2.19,0.91,25.98,0.73,11,0.55,25,0,0,0,41.51,84,3.29,29,58,9.33,5.12,12,64,-20,33.38,1.65,0.25,0.27,28.89,99,4.08,1.65,0.18,0.18,0,0,0.91,1.1,0,0,0,,0,27,71,1,56,44,0,23.21,19.07,0.97,105,-4.14,22.46,20.11,0,0,0,0,0,,0,0,,0,0,0,0,0,0,16,3,2.16,18,0.07,0.03,0.02,-0.05,,0.07
Dardo Miloc,Barracas Central,Liga Profesional,2026,1590,Centre Defensive Midfielder,Argentina,36,15/10/90,0,0,0.01,0.05,0.11,0,50,0,,0.01,0,0.02,0.4,0,0.02,0.4,0,0,0,0,0.02,0.51,-0.02,0.23,0.11,0.11,50,1.02,0,0.68,0.28,0.96,0.77,2.21,1.75,14.1,7.64,0.01,4.53,33.27,14.49,5.94,1.87,2.83,77,1.19,1.96,0.96,40,0.57,72,1.59,0,11.27,6.89,3.57,2.55,0.79,35.41,1.87,17,0.96,38,0.34,0,0,34.93,81,1.7,28,61,2.49,2.49,17,70,-11,46.54,2.72,0.17,0.17,23.21,96,3.92,4.08,0,0,0,0.11,0.34,0.34,0,,0,0,0.11,23,69,7,36,60,4,19.07,17.42,0.96,94,-1.65,18.36,16.45,0,0,0,0,0,,0,0,,0,0,0,0,0,0,24,10,2.99,29,0.04,0.05,0.06,0,,0.14
Darío Cáceres,Defensa y Justicia,Liga Profesional,2026,344,Left Wing Back,Paraguay,28,25/01/98,0,0,0.07,0.06,1.05,0,0,1,,0,0,0.1,1.83,0,0.06,1.57,0,0.04,0.26,0,0.17,2.88,-0.17,0.52,0,0.52,0,0.52,0,1.83,1.57,0.78,0.96,0.78,0.92,7.59,3.4,0.02,2.35,42.87,9.16,3.4,1.05,1.83,80,1.22,2.18,0.26,100,0.26,75,2.35,0,6.28,7.21,1.83,1.57,0.52,45.35,1.57,25,1.31,83,0,0,0,34.8,72,3.4,88,45,2.09,6.28,18,62,-10,59.5,3.92,0.23,0.28,29.56,90,5.66,11.51,2.35,2.09,0.26,0.26,3.66,5.76,0,67,1.57,35,0.52,17,69,14,16,66,18,20.95,18.49,0.89,95,-2.45,18.74,17.53,0,0,0,0,0,,0,0,,0,0,0,0,0,0,33,12,3.48,32,0.13,0.06,-0.02,-0.07,,0.1
Darío Cáceres,Central Córdoba SdE,Liga Profesional,2026,387,Left Back,Paraguay,28,25/01/98,0,0,0,0.01,0.23,0,0,0,,0,0,0.02,0.46,0,0.02,0.46,0,0,0,0,0.02,0.7,-0.02,1.39,1.16,0.23,83,0,0,0.93,0.93,1.86,1.27,3.72,2.53,11.15,6.04,0.04,4.88,26.66,9.06,2.79,1.39,3.25,55,1.24,2.51,0.46,29,1.16,38,0.7,0,9.29,7.29,2.79,1.39,1.16,30.03,1.86,20,0.46,33,0.23,0,0,49.01,77,4.65,89,54,4.88,7.43,9,64,-14,48.73,6.5,0.41,0.43,44.13,96,4.53,10.92,1.86,1.63,0.23,0,0.46,2.09,0,75,1.39,32,0,29,58,12,38,45,17,21.09,24.03,0.94,96,2.93,19.86,23.03,0,0,0,0,0,,0,0,,0,0,0,0,0,0,24,10,4.48,37,0.13,0.07,0.03,-0.01,,0.21
David Barbona,Defensa y Justicia,Liga Profesional,2026,916,Centre Attacking Midfielder,Argentina,31,21/02/95,0.29,0.29,0.15,0.09,1.67,18,53,1,0,0.16,0.1,0.18,2.26,0,0.13,1.67,0.1,0.06,0.59,0.39,0.33,3.93,0.06,0.88,0.39,0.49,44,0.88,0,0.88,2.06,0.2,0.19,0.39,0.47,15.13,7.27,0,4.13,52.34,7.66,4.71,0.69,0.88,64,0.89,1.09,0.59,33,0.39,47,0.79,0,13.85,14.82,3.54,2.75,0.98,54.9,7.56,55,1.87,68,0.1,0,0,43.8,77,4.03,13,55,1.57,6.19,16,78,1,62.15,6.48,0.58,0.64,38.6,94,6.23,18.17,2.65,1.77,0.88,0.2,1.96,3.73,0,37,1.08,33,0.39,16,72,12,22,71,8,20.15,18.68,0.92,101,-1.47,18.61,18.8,0,0,0,0,0,,0,0,,0,0,0,0,0,0,23,6,8.45,50,0.08,0.07,0,-0.01,,0.14
David Martínez,Defensa y Justicia,Liga Profesional,2026,1495,Left Centre Back,Paraguay,28,20/01/98,0.06,0.06,0.07,0.07,0.96,6,13,1,,0.06,0.06,0.03,0.36,0.06,0.03,0.36,0,0,0,0.12,0.1,1.32,0.02,0.36,0.24,0.12,67,0.36,0,0.72,0.36,1.51,1.77,5.36,4.98,13.85,7.17,0.04,6.56,27.23,11.74,2.65,2.11,3.61,76,2.25,4.02,1.51,48,0.66,49,1.51,0,10.24,10.42,4.16,2.11,0.72,32.93,1.93,19,0.84,40,0.36,0,0,48.54,79,5.96,89,52,6.38,10.42,12,69,-10,39.26,5.6,0.26,0.28,38.72,98,5.04,6.62,0.72,0.72,0,0,0.6,1.32,0.06,25,0.24,80,0,36,60,3,41,56,3,25.52,23.1,0.89,99,-2.42,22.65,22.96,0,0,0,0,0,,0,0,,0,0,0,0,0,0,25,10,2.45,19,0.12,0.08,0.05,0.01,,0.27
David Romero,Tigre,Liga Profesional,2026,850,Left Centre Forward,Argentina,23,24/03/03,0.74,0.74,0.48,0.13,3.7,20,43,10,,0.88,0.21,0.1,0.85,0.21,0.1,0.85,0,0,0,0.95,0.58,4.55,0.37,2.43,1.48,0.95,61,2.01,0,3.18,3.6,0.21,0.17,0,0,11.43,3.39,0.01,2.33,65.85,4.13,2.75,0.42,0.64,50,0.44,0.61,1.27,40,0.42,38,2.01,0,9.74,7.37,1.91,2.33,0.53,65.64,7.83,80,2.01,86,0.11,0,0,9.53,62,0.42,30,67,0,0.64,41,51,-10,64.15,2.01,0.41,0.74,16.41,65,8.33,3.49,0.42,0.42,0,0.21,6.03,6.46,0,0,0,0,0.32,21,67,12,15,73,12,15.18,15.31,1.02,99,0.13,15.47,15.16,0,0,0,0,0,,0,0,,0,0,0,0,0,0,42,12,2.46,15,-0.03,0.11,-0.01,0.24,,0.32
David Sotelo,Newell's Old Boys,Liga Profesional,2026,491,Right Defensive Midfielder,Argentina,23,29/07/03,0,0,0.03,0.03,1.1,0,33,1,,0.05,0,0.04,0.92,0,0.04,0.92,0,0,0,0,0.07,2.01,-0.07,0.73,0.37,0.37,50,0.73,0,0.55,1.28,0.73,0.83,2.56,2.52,22.71,10.8,0,6.41,42.18,11.9,5.68,1.47,2.2,53,1.36,2.19,1.83,22,1.28,50,1.1,0,19.41,14.83,4.58,5.49,1.1,46.46,9.16,47,3.66,67,0,0,0,37.17,71,4.21,10,46,2.75,8.97,19,77,6,51.96,7.51,0.3,0.35,30.03,95,5.03,10.44,0.92,0.92,0,0,0.18,1.1,0,20,0.18,10,0,24,66,10,28,68,4,23.43,15.13,0.9,98,-8.3,20.97,14.76,0,0,0,0,0,,0,0,,0,0,0,0,0,0,25,6,5.79,47,0.02,0.07,0.03,-0.01,,0.11
David Zalazar,Banfield,Liga Profesional,2026,1143,Right Midfielder,Argentina,24,08/05/02,0.08,0.08,0.1,0.04,2.76,3,29,4,,0.13,0.24,0.18,1.58,0.24,0.1,0.79,0,0.09,0.79,0.32,0.28,4.33,0.03,2.21,1.34,0.87,61,1.58,0,2.36,2.84,0.71,0.46,1.18,0.51,17.8,10.16,0.01,5.67,46.87,10.16,4.73,1.97,2.68,68,1.25,1.71,0.55,25,0.95,61,1.34,0.08,15.28,10.25,4.33,3.7,1.34,50.04,6.77,44,2.44,66,0.32,0,0,27.96,50,3.62,71,38,2.6,8.19,23,59,9,57.06,2.99,0.33,0.43,27.8,84,5.32,5.12,2.21,0.95,1.26,0.16,2.52,3.47,0.08,32,1.02,23,0.24,19,75,6,20,72,8,25.56,20.41,0.92,102,-5.15,23.56,20.74,0,0,0,0,0,,0,0,,0,0,0,0,0,0,40,7,5.96,41,0.12,0.07,0.01,-0.08,,0.12
Diego Barrera,Central Córdoba SdE,Liga Profesional,2026,1756,Left Midfielder,Argentina,22,27/06/04,0.15,0.15,0.14,0.1,1.44,11,39,2,,0.2,0,0.05,0.92,0,0.04,0.77,0,0.01,0.15,0.15,0.19,2.36,-0.04,2.46,1.38,1.08,56,1.08,0,2.56,3.08,0.77,0.48,0.82,0.61,17.48,7.33,0,4.72,43.9,8.41,3.9,1.54,2.31,83,0.78,1.26,1.03,50,0.31,35,0.97,0,14.92,9.63,3.79,2.97,0.92,45.74,5.84,39,2.05,69,0.21,0,0,23.43,66,1.03,11,41,1.03,2.31,24,60,-6,55.56,2.97,0.24,0.36,26.76,82,7.29,5.64,0.56,0.36,0.21,0.05,2.31,2.67,0.05,36,0.21,8,0.15,17,70,13,17,66,16,19.19,15.67,0.91,105,-3.53,17.44,16.52,0,0,0,0,0,,0,0,,0,0,0,0,0,0,32,10,3.22,29,0,0.1,0,0.07,,0.17
Diego Churín,CA Sarmiento,Liga Profesional,2026,881,Centre Forward,Argentina,37,30/11/89,0.2,0.1,0.19,0.11,1.74,6,24,3,100,0.14,0,0.03,0.72,0,0.03,0.72,0,0,0,0.1,0.22,2.45,-0.11,0.72,0.31,0.41,43,1.63,0.1,0.92,2.76,0.1,0.1,0.92,0.79,16.04,6.74,0,4.5,55.73,4.9,3.37,1.53,1.63,71,1.22,1.32,1.43,38,0.61,54,3.98,0,13.38,12.72,3.37,5.21,1.63,59.57,9.3,69,4.09,78,0.1,0,0.1,23.7,64,0.61,24,46,1.12,1.12,35,57,-7,60.7,0.92,0.37,0.43,16.35,87,2.98,5.41,0.31,0.31,0,0.2,4.7,5.01,0,67,0.2,29,0.82,20,60,21,13,64,23,14.66,13.38,1,92,-1.28,14.72,12.33,0,0,0,0,0,,0,0,,0,0,0,0,0,0,31,8,3.61,26,-0.06,0.06,-0.04,-0.14,,-0.18
Diego Crego,Independiente Rivadavia,Liga Profesional,2026,474,Left Centre Midfielder,Argentina,29,18/06/97,0,0,0.15,0.11,1.33,0,14,1,,0,0,0.01,0.38,0,0.01,0.19,0,0,0.19,0,0.15,1.71,-0.15,1.52,0.95,0.57,63,1.33,0,2.09,2.28,2.47,3.36,1.14,1.31,18.42,7.78,0.02,8.35,43.05,11.77,4.75,1.71,4.18,60,1.7,5.06,0.76,33,1.14,38,1.14,0.19,15.95,17.67,5.7,3.42,1.33,46.8,7.4,46,2.66,78,0.19,0,0,28.48,67,1.71,79,36,1.9,3.99,16,59,-8,52.51,4.94,0.31,0.43,26.01,85,5.62,7.02,0.76,0.19,0.57,0,2.85,3.04,0,25,0.19,11,0.19,34,56,10,38,46,16,20.31,17.65,0.89,112,-2.67,18.09,19.8,0,0,0,0,0,,0,0,,0,0,0,0,0,0,40,17,3.42,25,-0.01,0.05,0.04,-0.09,,-0.01
Diego Mondino,Gimnasia Mendoza,Liga Profesional,2026,1432,Right Centre Back,Argentina,32,13/11/94,0,0,0.02,0.05,0.44,0,0,0,,0,0,0.01,0.19,0,0.01,0.13,0,0,0.06,0,0.03,0.63,-0.03,0.06,0.06,0,100,0.5,0,0,0.31,1.19,1.01,5.09,4.05,12,5.47,0.07,6.54,24.07,11.31,1.19,2.07,3.27,83,1.67,2.67,0.44,42,0.44,65,3.02,0,9.49,7.53,4.84,1.63,0.88,29.99,1.51,16,0.5,31,0.19,0,0,36.2,75,5.15,8,55,6.79,7.73,17,59,-16,32.49,1.95,0.41,0.42,23.88,99,5.15,1.95,0.19,0.13,0.06,0,0.75,0.88,0.06,0,0,,0,37,61,2,65,35,0,27.56,26.19,0.92,87,-1.37,25.31,22.77,0,0,0,0,0,,0,0,,0,0,0,0,0,0,30,9,3.17,21,0.06,0.01,0.11,-0.02,,0.16
Diego Ortegoza,Talleres de Córdoba,Liga Profesional,2026,924,Centre Attacking Midfielder,Argentina,29,18/04/97,0,0,0.15,0.08,1.75,0,22,2,,0.04,0.1,0.06,1.07,0.1,0.05,0.88,0,0.01,0.19,0.1,0.21,2.82,-0.11,0.97,0.49,0.49,50,0.68,0,1.75,2.14,0.68,0.67,0.78,0.5,30.77,15.58,0.03,9.35,46.71,7.79,4.58,2.04,2.73,66,2.15,2.82,2.34,39,1.07,33,0.68,0,26.38,26.69,8.28,6.52,1.75,48.64,11.2,42,4.09,63,0.29,0,0,33.69,80,2.53,14,55,1.56,3.8,22,72,-7,55.23,3.8,0.32,0.4,31.16,90,5.55,8.57,1.17,0.88,0.29,0.1,1.36,2.24,0,25,0.29,33,0,17,72,11,22,68,10,19.68,16.32,0.94,105,-3.36,18.52,17.2,0,0,0,0,0,,0,0,,0,0,0,0,0,0,25,11,3.87,29,0.01,0.08,-0.02,-0.04,,0.03
Diego Ortegoza,Racing Club,Liga Profesional,2026,518,Right Centre Midfielder,Argentina,29,18/04/97,0,0,0.04,0.04,1.04,0,33,1,,0.02,0,0.17,1.22,0,0.16,1.04,0,0.01,0.17,0,0.21,2.26,-0.21,0.87,0.87,0,100,1.39,0,2.43,1.22,0.17,0.27,0.87,0.86,25.02,13.38,0.06,7.99,41.1,8.51,4.52,2.61,2.78,79,2.94,3.21,1.39,67,0.7,50,0.52,0,21.03,22.26,6.26,4.87,1.04,42.34,7.99,38,2.95,61,0.35,0,0,37.01,85,2.09,12,92,1.39,1.74,19,83,-2,54.54,4.17,0.22,0.38,34.75,92,5.49,9.56,0.52,0.35,0.17,0.17,1.39,1.74,0,0,0,0,0.17,18,67,15,16,71,13,17.73,18.85,1,100,1.12,17.71,18.92,0,0,0,0,0,,0,0,,0,0,0,0,0,0,18,9,5.51,36,0.06,0.02,0.12,-0.02,,0.18
Diego Porcel,Argentinos Juniors,Liga Profesional,2026,773,Right Centre Forward,Argentina,21,20/01/05,0.12,0.12,0.13,0.07,1.98,6,24,4,,0.02,0,0.07,0.81,0,0.06,0.7,0,0.01,0.12,0.12,0.2,2.79,-0.08,1.63,0.58,1.05,36,2.09,0,3.03,3.61,0.23,0.41,0.35,0.45,19.78,8.49,0,5.24,54.6,5.47,2.68,1.86,2.09,76,2.63,3.04,2.09,29,0.58,38,1.05,0,15.83,22.97,4.31,4.54,1.51,54.71,8.73,55,3.49,77,0.47,0.12,0,22.23,67,0.35,14,23,0.47,1.4,25,59,-8,61.88,2.44,0.21,0.33,25.83,78,5.74,7.33,0.93,0.81,0.12,0.12,4.42,5.24,0,25,0.23,11,0.47,14,69,18,17,59,24,16.01,13.46,0.91,107,-2.55,14.52,14.46,0,0,0,0,0,,0,0,,0,0,0,0,0,0,34,8,3.4,20,-0.03,0.05,0.03,-0.08,,-0.03
Diego Sosa,Instituto,Liga Profesional,2026,2188,Left Wing Back,Argentina,29,27/07/97,0.04,0.04,0.07,0.06,1.15,4,21,1,,0.04,0.12,0.13,1.19,0.12,0.12,0.99,0,0.02,0.21,0.16,0.2,2.34,-0.04,0.41,0.33,0.08,80,0.53,0,0.58,0.53,0.7,0.58,2.1,1.9,10.41,5.31,0.02,3.33,32.14,9.75,3.41,1.36,2.06,80,1.4,1.99,0.58,58,0.33,38,0.41,0,8.47,7.92,2.3,1.89,0.49,36.16,2.18,26,1.15,61,0.12,0,0,35.29,72,3.13,84,41,2.76,7.03,11,58,-15,52.55,3.21,0.32,0.44,28.1,97,3.49,7.73,1.69,1.15,0.53,0.21,1.77,2.92,0.04,44,0.9,34,0.21,32,57,12,23,59,18,21.57,18.18,0.88,100,-3.4,18.99,18.18,0,0,0,0,0,,0,0,,0,0,0,0,0,0,30,11,4.73,30,0.22,0.06,0.05,-0.03,,0.31
Diego Valdés,Vélez Sarsfield,Liga Profesional,2026,977,Centre Attacking Midfielder,Chile,32,29/01/94,0.28,0.28,0.29,0.13,2.3,12,24,2,,0.25,0.46,0.35,2.58,0.46,0.31,2.03,0,0.04,0.55,0.74,0.64,4.88,0.1,2.86,1.66,1.2,58,1.66,0,1.38,3.41,0.74,0.81,0.09,0.09,13.17,4.79,0.01,5.25,55.67,7.65,4.24,1.57,2.3,68,1.75,2.55,0.83,43,0.74,39,1.38,0,10.87,12.11,4.15,3.68,1.47,56.69,7.09,65,2.86,78,0,0,0,44.77,74,3.59,14,57,0.28,6.08,20,72,-2,59.19,6.91,0.73,0.97,42.56,91,5.21,16.58,2.76,2.21,0.55,0.74,4.7,6.91,0.18,13,0.64,32,0.83,18,71,10,22,73,4,19.1,14.1,0.97,105,-5,18.5,14.83,0,0,0,0,0,,0,0,,0,0,0,0,0,0,26,9,9.37,62,0.11,0.12,0.02,0.1,,0.36
Diego Valoyes,Talleres de Córdoba,Liga Profesional,2026,354,Right Wing,Colombia,30,21/09/96,0,0,0.08,0.04,2.03,0,38,4,,0.03,0,0.01,0.25,0,0.01,0.25,0,0,0,0,0.08,2.29,-0.08,5.08,2.8,2.29,55,0.76,0,3.3,4.32,0.25,0.44,1.53,1.1,18.05,8.13,0,5.59,44.42,5.34,2.29,1.02,1.27,57,1,1.44,3.05,0,0.76,41,1.78,0,13.98,14.92,4.58,3.3,0.76,45.73,5.34,38,2.8,85,0,0,0,23.64,62,1.02,8,36,2.03,2.29,28,54,-8,60.7,2.54,0.48,0.51,31.01,77,7.04,8.39,0.51,0.51,0,0.25,4.07,4.58,0.25,50,0.76,23,0.51,10,76,15,6,79,15,17.73,13.8,0.97,113,-3.93,17.2,15.55,0,0,0,0,0,,0,0,,0,0,0,0,0,0,40,11,3.74,32,-0.03,0.17,-0.08,-0.08,,-0.01
Dilan Godoy,Vélez Sarsfield,Liga Profesional,2026,933,Centre Forward,Argentina,20,04/02/06,0,0,0.29,0.12,2.41,0,32,4,,0.25,0.19,0.13,1.06,0.19,0.13,1.06,0,0,0,0.19,0.42,3.47,-0.22,0.96,0.39,0.58,40,1.25,0,2.41,4.54,0.48,0.55,0.58,0.64,20.65,6.37,0.02,7.24,62.09,6.27,3.96,1.45,1.93,60,1.84,2.39,1.45,31,0.96,34,2.03,0,17.76,19.79,6.08,4.82,1.83,64.44,13.12,74,3.96,82,0.19,0,0,24.41,70,0.77,63,73,0.87,0.77,23,60,-10,63.64,2.51,0.51,0.75,22.29,75,5.23,9.84,0.77,0.77,0,0.48,6.08,6.85,0,13,0.19,25,0.87,20,64,16,15,69,17,14.08,13.48,1.02,108,-0.6,14.34,14.51,0,0,0,0,0,,0,0,,0,0,0,0,0,0,28,7,4.69,32,0,0.02,0,-0.03,,0
Duvan Vergara,Racing Club,Liga Profesional,2026,655,Left Wing,Colombia,30,08/09/96,0.41,0.41,0.12,0.06,2.06,20,67,3,,0.28,0,0.04,0.82,0,0.03,0.69,0,0.01,0.14,0.41,0.17,2.88,0.24,2.61,0.96,1.65,37,2.33,0,2.2,3.3,0.69,0.74,0.14,0.13,11.4,3.71,0,4.26,53.38,6.87,4.26,0.82,1.51,67,1.09,1.83,1.24,50,0.41,64,0.96,0,9.47,13.11,3.57,2.47,1.1,52.74,5.63,59,2.06,83,0.27,0,0,28.83,76,1.1,3,47,0.27,2.2,17,72,-4,65.47,3.71,0.55,0.59,32.82,84,6.35,14.01,1.37,1.24,0.14,0.41,3.84,5.08,0,40,0.55,40,0.55,19,63,18,20,62,19,16.85,15.77,0.94,101,-1.08,15.76,15.98,0,0,0,0,0,,0,0,,0,0,0,0,0,0,26,7,4.35,28,0.06,0.07,0,0.05,,0.18
Dylan Aquino,Lanús,Liga Profesional,2026,967,Left Wing,Argentina,21,03/06/05,0.56,0.56,0.31,0.1,3.16,18,38,4,,0.46,0.19,0.26,2.05,0.19,0.23,1.67,0,0.03,0.37,0.74,0.57,5.21,0.18,2.6,1.49,1.12,57,1.58,0,4,2.33,0.84,0.53,0.28,0.23,17.95,6.6,0.01,6.05,49.53,9.12,6.14,2.33,3.16,81,2.28,2.81,1.67,33,0.56,28,0.47,0,14.05,14.11,4.65,4.09,1.58,51.63,6.98,50,3.16,77,0.37,0,0,31.91,73,1.49,15,53,0.74,2.33,26,74,1,60.28,3.72,0.65,0.85,34.42,84,6.82,10.61,1.86,1.3,0.56,0.74,4.37,5.67,0.19,25,0.56,33,0.84,15,69,16,18,68,15,17.35,15.52,0.99,114,-1.83,17.23,17.63,0,0,0,0,0,,0,0,,0,0,0,0,0,0,30,11,7.16,42,0.09,0.17,0.05,0.18,,0.49
Dylan Gorosito,Boca Juniors,Liga Profesional,2026,397,Right Back,Argentina,20,02/02/06,0,0,0.02,0.04,0.45,0,0,1,,0,0.23,0.22,0.45,0.23,0.22,0.45,0,0,0,0.23,0.24,0.91,-0.01,2.49,1.36,1.13,55,0.68,0,1.59,2.04,2.04,2.17,3.17,2.47,20.63,9.97,0,7.25,30.14,9.07,4.31,2.72,4.76,80,3.28,5.45,1.13,0,0.68,44,0.91,0,16.77,18.75,5.67,2.27,1.13,32.6,3.63,22,0.68,30,0,0,0,33.78,71,1.81,9,29,3.63,5.89,14,54,-17,49.24,3.4,0.43,0.61,34.23,91,5,6.57,0.45,0.45,0,0.23,1.13,1.59,0,50,0.68,50,0.45,26,61,13,21,62,17,20.21,16.29,0.87,104,-3.92,17.6,16.95,0,0,0,0,0,,0,0,,0,0,0,0,0,0,33,10,3.65,22,0.17,0.08,0.01,-0.01,,0.26
Eduardo Salvio,Lanús,Liga Profesional,2026,1585,Right Wing,Argentina,36,12/07/90,0.06,0.06,0.17,0.11,1.59,4,46,2,,0.23,0.17,0.13,1.31,0.11,0.12,1.14,0.06,0.01,0.17,0.23,0.3,2.9,-0.08,2.95,1.59,1.36,54,0.97,0,3.01,3.75,0.4,0.34,0.97,0.91,14.77,7.5,0,4.66,49.73,6.25,2.84,1.08,1.48,51,1.01,1.35,0.74,14,1.02,37,0.57,0,12.95,12.53,3.69,2.56,0.8,53.01,7.67,59,2.1,82,0.06,0,0,34.98,78,1.25,19,48,1.14,2.44,25,82,4,59.29,3.86,0.43,0.58,37.77,84,5.79,11.59,1.36,1.14,0.23,0.23,3.75,4.88,0,42,0.8,38,0.45,14,66,20,13,69,18,16.66,13.61,0.93,96,-3.05,15.5,13.11,0,0,0,0,0,,0,0,,0,0,0,0,0,0,24,9,4.58,33,0.01,0.06,0.02,0,,0.09
Edwuin Cetré,Estudiantes,Liga Profesional,2026,1014,Left Wing,Colombia,28,31/12/97,0,0,0.11,0.05,2.04,0,39,3,,0.07,0.09,0.18,1.95,0.09,0.08,0.8,0,0.1,1.15,0.09,0.29,3.99,-0.2,2.31,1.24,1.06,54,3.11,0,1.6,2.48,0.62,0.81,0.71,0.87,11.45,5.15,0,3.64,54.26,4.79,2.4,0.62,1.24,50,0.64,1.45,0.89,22,0.62,27,0.35,0,9.94,12.1,2.48,2.31,0.62,58.37,6.21,63,1.95,85,0.27,0,0,24.94,69,2.13,8,44,0.98,4.61,16,67,-2,67.23,2.4,0.21,0.36,29.02,88,5.39,9.67,1.95,0.8,1.15,0.44,3.19,3.99,0.09,23,0.8,20,0.62,8,73,19,11,63,26,21.59,16.46,0.93,112,-5.13,20.08,18.49,0,0,0,0,0,,0,0,,0,0,0,0,0,0,29,8,5.58,36,0.1,0.1,0,-0.07,,0.13
Elías Cabrera,Tigre,Liga Profesional,2026,776,Left Midfielder,Argentina,23,24/02/03,0,0,0.14,0.06,2.2,0,26,3,,0.11,0,0.14,1.62,0,0.06,0.46,0,0.09,1.16,0,0.28,3.83,-0.28,1.16,0.58,0.58,50,2.44,0,1.86,1.28,0.7,0.5,0.7,0.41,22.16,11.6,0,5.68,43.11,8.47,5.22,2.32,3.02,74,2.07,2.57,1.28,36,0.81,27,0.81,0,18.68,15.19,4.99,5.45,1.51,44.01,6.73,36,3.83,70,0.23,0,0,29.12,71,2.78,10,55,1.04,4.76,26,74,3,58.83,4.06,0.24,0.43,26.68,90,5.2,9.74,1.86,0.58,1.28,0.12,1.74,2.32,0.12,6,0.35,43,0.12,21,69,10,20,71,8,19.96,14.72,0.94,106,-5.24,18.79,15.63,0,0,0,0,0,,0,0,,0,0,0,0,0,0,32,12,6.11,41,0.04,0.05,0.04,-0.07,,0.07
Elías Gómez,Vélez Sarsfield,Liga Profesional,2026,2314,Left Back,Argentina,32,08/06/94,0,0,0.01,0.03,0.23,0,0,0,,0,0.12,0.04,0.62,0.12,0.04,0.58,0,0,0.04,0.12,0.05,0.86,0.07,1.4,0.78,0.62,56,1.32,0,1.17,1.44,1.21,1.19,2.64,3.02,11.01,5.64,0.02,5.33,31.67,11.75,3.38,1.59,2.8,68,1.63,2.83,1.01,53,0.74,60,1.44,0.04,8.4,9.49,3.38,1.98,0.86,36.39,2.1,25,1.17,59,0.27,0,0,41.54,73,3.93,82,44,3.31,8.21,11,66,-7,50.28,5.41,0.31,0.34,35.98,94,4.5,8.91,1.44,1.21,0.23,0.16,0.58,1.79,0.04,41,0.7,32,0.16,26,65,9,22,64,14,22.26,17.26,0.9,98,-5,20.05,16.93,0,0,0,0,0,,0,0,,0,0,0,0,0,0,31,11,3.97,30,0.13,0.07,0.02,-0.01,,0.21
Elías López,Aldosivi,Liga Profesional,2026,405,Right Back,Argentina,26,07/07/00,0,0,0.02,0.03,0.67,0,33,1,,0.08,0,0.14,1.33,0,0.08,0.67,0,0.06,0.67,0,0.16,2,-0.16,0.67,0.67,0,100,0.67,0,0.44,0.44,0.67,0.44,3.78,3.33,9.99,5.55,0,6,27.5,10.22,2.89,2.66,3.33,92,2.02,2.46,0.67,0,0.22,43,0.67,0,6.66,5.14,3.78,0.67,0.44,29.79,1.11,17,0.44,67,0.22,0,0,33.53,71,3.78,14,59,4.44,5.77,12,35,-36,49.75,3.33,0.22,0.26,28.43,98,5.41,5.77,2.89,0.89,2,0,0.22,1.11,0,23,0.67,38,0,32,58,11,27,54,19,20.91,18.14,0.95,96,-2.78,19.92,17.42,0,0,0,0,0,,0,0,,0,0,0,0,0,0,30,6,6.93,43,0.28,0.07,0.08,0.04,,0.47
Elías Pereyra,Defensa y Justicia,Liga Profesional,2026,600,Left Wing Back,Argentina,27,14/02/99,0.3,0.3,0.16,0.18,0.9,33,67,1,,0.2,0,0.02,0.3,0,0.02,0.3,0,0,0,0.3,0.17,1.2,0.13,1.35,0.45,0.9,33,1.2,0,0.9,1.95,0.45,0.44,1.8,1.81,11.1,6.15,0,3.6,41.89,4.2,1.65,1.05,1.5,58,1.03,1.47,0.45,29,0.75,38,0.45,0,9.9,9.96,2.25,2.7,0.6,49.5,5.55,56,2.4,89,0,0,0,26.25,77,0.6,87,33,2.1,1.5,16,66,-12,56.97,4.05,0.29,0.35,27,92,4.83,9.3,0.6,0.45,0.15,0,1.35,1.8,0,25,0.15,9,0.15,19,65,16,21,58,21,16.95,15,0.92,102,-1.96,15.58,15.31,0,0,0,0,0,,0,0,,0,0,0,0,0,0,27,14,3.11,23,-0.01,0.07,-0.09,0.08,,0.05
Emanuel Coronel,Rosario Central,Liga Profesional,2026,1626,Right Back,Argentina,29,31/01/97,0,0,0.03,0.06,0.5,0,33,1,,0.02,0.06,0.11,0.44,0.06,0.11,0.44,0,0,0,0.06,0.14,0.94,-0.09,1.55,1.16,0.39,75,1.27,0,1.05,0.94,0.89,1.05,2.93,3.4,14,6.59,0.03,6.31,33.01,10.02,3.04,1.88,2.77,79,2.3,3.35,1.72,44,0.5,51,1.16,0.06,10.41,11.88,4.43,1.77,0.66,37.03,2.44,23,0.94,53,0.28,0.06,0,42.28,79,2.32,16,48,3.54,4.26,13,65,-14,45.38,4.76,0.27,0.33,36.97,95,4.16,6.86,0.55,0.5,0.06,0.22,1.11,1.61,0.06,20,0.22,24,0.28,31,60,9,35,53,12,18.7,16.94,0.93,92,-1.76,17.43,15.53,0,0,0,0,0,,0,0,,0,0,0,0,0,0,26,12,3.14,23,0.08,0.07,0.02,-0.02,,0.14
Emanuel Mammana,Vélez Sarsfield,Liga Profesional,2026,1818,Right Centre Back,Argentina,30,09/02/96,0,0,0.01,0.05,0.3,0,50,0,,0.03,0,0,0.05,0,0,0.05,0,0,0,0,0.02,0.35,-0.02,0.05,0,0.05,0,0.15,0,0.1,0.05,0.94,0.97,6.68,7.87,6.68,3.66,0.04,4.8,20.7,11.19,1.58,1.29,2.23,81,1.51,2.47,0.4,62,0.3,67,1.63,0.05,5.05,6.67,2.08,0.89,0.4,24.82,0.45,9,0.25,28,0.05,0,0,39.9,85,5.64,8,72,7.57,6.98,11,70,-15,36.4,2.97,0.33,0.35,26.73,100,3.78,2.62,0,0,0,0,0.64,0.64,0,,0,,0,26,72,2,42,57,2,25.47,24.01,0.96,88,-1.46,24.5,21.19,0,0,0,0,0,,0,0,,0,0,0,0,0,0,19,8,2.11,15,0.07,0.03,0.1,-0.01,,0.18
Emiliano Amor,San Lorenzo de Almagro,Liga Profesional,2026,589,Left Centre Back,Syria,31,15/05/95,0,0,0.01,0.03,0.31,0,50,0,,0,0,0.01,0.15,0,0.01,0.15,0,0,0,0,0.02,0.46,-0.02,0,0,0,,0.31,0,0,0.31,1.83,2.23,3.97,4.45,8.87,3.97,0.04,5.2,25.19,8.1,1.07,2.14,3.97,88,2.59,4.82,0.15,86,0.31,52,1.68,0,6.57,7.98,3.21,1.38,0.61,27.96,0.92,14,0.76,56,0,0,0,44.48,85,3.21,14,57,4.59,5.04,8,87,2,34.02,1.68,0.13,0.13,32.86,99,3.73,1.99,0,0,0,0,0.92,0.92,0,,0,,0.15,25,72,3,54,38,8,23.58,22.63,0.95,107,-0.95,22.48,24.13,0,0,0,0,0,,0,0,,0,0,0,0,0,0,18,6,2.11,17,0.02,0.04,-0.01,-0.01,,0.05
Emiliano Amor,Defensa y Justicia,Liga Profesional,2026,1418,Centre Back,Syria,31,15/05/95,0.06,0.06,0.02,0.1,0.19,33,33,0,,0.02,0,0.01,0.25,0,0.01,0.25,0,0,0,0.06,0.03,0.44,0.03,0.19,0.13,0.06,67,0.13,0,0.25,0.44,1.52,1.7,5.2,5.08,7.55,2.79,0.07,5.27,25.55,9.46,0.63,0.63,2.16,56,0.75,2.45,0.57,42,0.51,69,3.49,0,6.35,6.74,2.92,1.27,0.51,30.42,1.14,18,0.51,40,0.13,0,0,36.5,87,3.17,14,68,5.9,4,13,73,-14,33.72,0.76,0.23,0.24,26.72,99,4.72,0.83,0.06,0.06,0,0.13,1.08,1.14,0,0,0,,0.19,22,76,2,15,62,23,22.17,21.46,0.96,96,-0.71,21.21,20.63,0,0,0,0,0,,0,0,,0,0,0,0,0,0,21,10,2.67,23,0.04,0.04,0.03,-0.01,,0.09
Emiliano Rigoni,Belgrano,Liga Profesional,2026,2131,Right Wing,Argentina,33,03/02/93,0.08,0.08,0.09,0.07,1.31,6,35,2,,0.06,0.17,0.1,1.31,0.08,0.07,0.89,0.08,0.03,0.42,0.25,0.19,2.62,0.06,1.98,1.18,0.8,60,0.38,0,1.9,2.79,0.72,0.62,0.84,0.78,14.44,6.59,0,3.88,50.59,6.5,3.59,0.84,1.56,57,0.79,1.41,1.1,13,0.63,44,1.22,0,12.5,11.28,3.08,3.63,1.1,54.11,7.35,59,2.53,70,0.08,0,0.04,25.21,70,2.07,72,45,1.48,4.01,17,61,-8,61.56,2.83,0.3,0.38,24.87,85,6.24,8.91,1.52,0.97,0.55,0.21,2.58,3.55,0.04,36,0.68,24,0.42,16,70,14,13,68,18,20.52,18.22,0.91,91,-2.31,18.73,16.63,0,0,0,0,0,,0,0,,0,0,0,0,0,0,30,9,5.02,35,0.05,0.05,0.02,-0.02,,0.11
Emiliano Viveros,Argentinos Juniors,Liga Profesional,2026,833,Left Wing,Argentina,24,29/09/02,0.11,0.11,0.07,0.05,1.51,7,29,2,,0.07,0.22,0.1,1.19,0.22,0.1,1.08,0,0.01,0.11,0.32,0.17,2.7,0.15,0.86,0.43,0.43,50,2.27,0,2.7,2.16,0.22,0.32,0.43,0.71,18.05,9.19,0,7.02,51.07,8.43,5.19,1.4,1.62,62,2.1,2.42,1.3,0,0.86,35,0.76,0,15.45,23.45,5.84,5.73,2.81,53.17,8.43,55,3.89,68,0.11,0,0,37.82,78,2.16,13,54,0.97,3.46,19,68,-10,59.61,4.21,0.53,0.62,35.88,89,5.1,12.54,1.4,1.08,0.32,0,2.7,3.78,0,15,0.22,17,0.54,16,67,18,14,68,18,18.59,15.56,0.95,97,-3.02,17.57,15.14,0,0,0,0,0,,0,0,,0,0,0,0,0,0,22,8,5,37,0,0.06,0,-0.01,,0.05
Emilio Giaccone,Unión,Liga Profesional,2026,389,Right Defensive Midfielder,Argentina,21,13/01/05,0,0,0.04,0.04,1.16,0,40,2,,0.01,0.46,0.05,0.69,0.46,0.05,0.69,0,0,0,0.46,0.09,1.85,0.37,1.16,0.69,0.46,60,0.69,0,1.62,0.69,0.69,0.73,1.39,1.19,26.18,13.2,0.04,10.42,39.67,11.35,4.4,3.94,4.63,85,3.81,4.54,1.62,33,0.69,29,0.93,0,20.62,19.73,7.41,4.86,1.16,41.28,6.02,29,2.55,52,0.23,0,0,32.2,79,1.39,8,67,1.85,1.62,16,68,-11,47.53,3.71,0.51,0.53,26.41,91,4.25,6.02,0.46,0.46,0,0.23,1.62,2.08,0,50,0.23,100,0.23,26,64,10,35,62,4,17.6,15.83,1.03,101,-1.77,18.14,16.05,0,0,0,0,0,,0,0,,0,0,0,0,0,0,25,12,2.85,24,0.05,0.03,0.16,-0.03,,0.22
Emmanuel Ojeda,Huracán,Liga Profesional,2026,1524,Right Defensive Midfielder,Argentina,29,04/11/97,0,0,0.04,0.08,0.47,0,25,0,,0.04,0.12,0.06,1.18,0.12,0.06,1.18,0,0,0,0.12,0.1,1.65,0.01,0.65,0.24,0.41,36,0.47,0,0.59,1.24,0.77,0.97,1.36,1.27,14.82,7.44,0.05,6.26,38.19,9.03,5.02,2.24,3.01,76,2.47,3.44,0.65,50,0.71,38,0.89,0,12.05,12.16,4.78,3.07,1.3,40.83,3.9,32,1.59,52,0.12,0,0,40.74,81,3.13,14,60,2.3,4.25,18,68,-13,46.43,3.72,0.27,0.32,33.07,95,4.6,6.26,0.47,0.47,0,0,0.89,1.36,0.12,25,0.18,33,0.06,21,71,9,28,65,7,20.4,18.52,0.98,95,-1.88,19.89,17.6,0,0,0,0,0,,0,0,,0,0,0,0,0,0,22,8,4.58,33,0.01,0.04,-0.05,-0.03,,-0.03
Enzo Copetti,Rosario Central,Liga Profesional,2026,1430,Centre Forward,Argentina,30,15/01/96,0.31,0.31,0.32,0.14,2.2,14,40,4,,0.35,0.06,0.04,0.82,0.06,0.04,0.76,0,0,0.06,0.38,0.36,3.02,0.01,0.57,0.25,0.31,44,1.64,0,1.2,2.89,0.44,0.66,0.57,0.8,18.31,8.06,0.01,5.54,63.05,3.65,2.45,0.76,1.2,60,0.79,1.45,1.38,0,0.5,51,2.39,0,16.24,19.96,5.03,3.71,1.45,64.96,12.65,78,3.34,90,0.25,0,0,19.45,68,0.76,18,60,0.94,0.88,33,65,-3,62.09,1.7,0.32,0.54,16.87,82,4.29,6.29,0.44,0.44,0,0.31,7.3,7.74,0,14,0.19,30,0.69,10,68,22,15,59,26,15.02,13.83,1.04,109,-1.19,15.61,15.02,0,0,0,0,0,,0,0,,0,0,0,0,0,0,33,14,3.36,22,-0.05,-0.03,0,-0.01,,-0.1
Enzo Giménez,Rosario Central,Liga Profesional,2026,1557,Right Back,Paraguay,28,16/02/98,0.06,0.06,0.13,0.11,1.16,5,30,1,,0.06,0.06,0.13,0.81,0.06,0.13,0.81,0,0,0,0.12,0.26,1.96,-0.15,1.21,0.46,0.75,38,1.68,0,1.04,1.68,1.04,1.24,1.91,2.48,17.39,7.69,0.03,5.95,42.17,9.07,3.01,2.6,3.64,87,3.32,4.56,1.56,56,0.4,50,2.14,0.06,13.23,15.75,4.1,4.16,1.33,45.93,5.32,40,2.66,64,0.29,0,0,39.18,77,1.62,9,47,2.2,3.12,16,70,-7,51.26,3.24,0.32,0.51,30.8,92,4.74,9.13,0.69,0.64,0.06,0.35,3.01,3.64,0.06,42,0.46,35,0.29,21,63,15,18,66,15,18.17,15.99,0.96,103,-2.17,17.37,16.42,0,0,0,0,0,,0,0,,0,0,0,0,0,0,25,9,4.36,31,0.06,0.04,0,-0.11,,-0.01
Enzo Martínez,Gimnasia La Plata,Liga Profesional,2026,2198,Left Centre Back,Uruguay,28,28/04/98,0.08,0.08,0.05,0.1,0.53,15,38,0,,0.09,0,0.01,0.08,0,0.01,0.08,0,0,0,0.08,0.06,0.61,0.02,0.25,0.16,0.08,67,0.7,0,0.2,0.37,1.15,0.99,6.06,4.82,11.91,5.65,0.05,6.88,23.94,12.2,1.76,1.76,2.91,81,1.43,2.41,1.19,50,0.41,63,2.46,0.04,8.97,7.59,4.26,1.56,0.57,29.17,1.06,12,0.53,34,0.2,0,0.04,34.96,78,4.34,82,48,7.12,8.02,12,70,-8,33.64,2.62,0.28,0.31,25.51,98,5.33,2.58,0.25,0.25,0,0.08,0.9,1.15,0,0,0,0,0.08,37,61,2,65,35,0,26.28,25.56,0.86,94,-0.72,22.63,24,0,0,0,0,0,,0,0,,0,0,0,0,0,0,23,8,2.72,19,0.08,0.05,0.02,-0.01,,0.14
Enzo Verón,Rosario Central,Liga Profesional,2026,316,Right Back,Argentina,19,06/03/07,0.29,0.29,0.2,0.35,0.57,50,50,1,,0.27,0,0.16,1.43,0,0.16,1.43,0,0,0,0.29,0.36,2,-0.07,0.57,0.29,0.29,50,0.86,0,2.57,2,1.14,1.73,0.86,1.11,17.4,7.99,0,6.56,40.4,11.7,5.71,2.28,3.42,80,2.73,4.45,0.86,33,0.57,25,0.57,0,14.26,18.92,4.85,5.42,2.57,43.81,5.42,38,3.71,68,0.57,0,0,45.64,77,1.71,9,35,2.28,3.42,18,56,-21,52.44,6.85,0.4,0.61,40.22,94,4.09,12.84,1.14,1.14,0,0.57,3.14,4.28,0,100,1.43,42,0.57,28,64,7,38,53,9,17.1,16.08,0.88,91,-1.02,15.11,14.6,0,0,0,0,0,,0,0,,0,0,0,0,0,0,30,13,5.45,32,0.23,0.05,0.02,0.19,,0.48
Eric Meza,Estudiantes,Liga Profesional,2026,1448,Right Back,Argentina,27,07/04/99,0,0,0.09,0.08,1.12,0,33,2,,0.04,0.12,0.06,0.87,0.12,0.05,0.81,0,0.01,0.06,0.12,0.14,1.99,-0.02,1.93,1.12,0.81,58,0.62,0,0.81,2.3,0.75,0.82,2.11,2.28,16.65,6.46,0.03,5.84,36.91,8.08,2.49,2.42,3.17,80,2.68,3.5,1.24,41,0.62,32,0.43,0,13.05,14.61,4.54,3.6,0.93,40.92,4.72,36,2.17,60,0.31,0,0,31.07,70,2.73,7,45,3.11,5.03,14,56,-14,53.68,4.35,0.27,0.36,29.08,91,5.34,7.83,1.62,1.18,0.43,0.06,1.18,2.36,0,50,0.99,34,0.12,30,58,12,22,59,19,22.12,19.57,0.9,103,-2.55,19.98,20.2,0,0,0,0,0,,0,0,,0,0,0,0,0,0,32,9,3.67,24,0.12,0.08,0.02,-0.03,,0.19
Eros Mancuso,Estudiantes,Liga Profesional,2026,1180,Right Back,Argentina,27,16/04/99,0.08,0.08,0.02,0.03,0.69,11,44,1,,0.03,0,0.11,1.22,0,0.11,1.22,0,0,0,0.08,0.13,1.91,-0.06,0.92,0.38,0.53,42,1.45,0,1.14,1.07,0.69,0.93,1.37,1.6,13.27,7.02,0.04,5.87,33.05,10.15,3.51,2.36,3.05,79,3.31,4.24,1.07,53,0.61,44,0.92,0,10.15,13.63,4.35,2.14,0.61,35.53,2.67,26,1.53,71,0.38,0,0,45.16,78,4.5,16,53,2.21,7.63,10,67,-11,53.52,5.11,0.37,0.42,39.44,96,3.88,12.59,1.22,1.07,0.15,0.15,1.45,2.52,0,50,0.92,41,0.23,28,62,10,25,62,13,21.72,19.82,0.92,99,-1.9,20.03,19.54,0,0,0,0,0,,0,0,,0,0,0,0,0,0,26,10,4.81,30,0.1,0.08,0.03,-0.01,,0.2
Esteban Fernández,Gimnasia Mendoza,Liga Profesional,2026,928,Left Centre Midfielder,Argentina,24,05/01/02,0.19,0.19,0.04,0.05,0.87,22,44,1,,0.16,0.19,0.18,1.65,0.19,0.14,1.36,0,0.04,0.29,0.39,0.22,2.52,0.17,2.91,1.65,1.26,57,1.55,0,3.1,3.98,0.68,0.55,0.39,0.28,25.8,12.13,0,7.37,49.59,9.22,4.27,1.75,2.43,60,1.47,2.01,1.16,25,1.16,44,0.68,0,22.89,17.94,6.31,6.01,1.84,50.36,11.93,52,3.98,66,0.39,0,0,37.05,81,2.62,12,63,0.78,3.78,24,79,-1,55.8,5.43,0.39,0.51,38.61,84,6.39,11.06,0.87,0.58,0.29,0.29,1.84,2.43,0,11,0.1,25,0.29,16,67,18,18,73,9,18.33,14.93,1,108,-3.4,18.31,16.2,0,0,0,0,0,,0,0,,0,0,0,0,0,0,25,10,6.22,37,-0.01,0.07,0.05,0.07,,0.19
Esteban Rolón,Aldosivi,Liga Profesional,2026,888,Right Defensive Midfielder,Argentina,31,24/03/95,0,0,0.03,0.06,0.61,0,17,1,,0,0,0.12,1.42,0,0.09,1.01,0,0.03,0.41,0,0.16,2.03,-0.16,0.81,0.51,0.3,63,0.71,0,1.22,1.62,0.61,0.42,1.42,0.71,23.4,10.23,0.02,7.5,47.1,11.35,6.18,2.43,3.04,89,1.96,2.38,1.82,75,0.3,68,1.72,0,19.15,15.47,6.69,5.17,2.23,49.39,8.81,46,3.14,61,0.61,0,0,28.36,67,2.63,19,52,2.03,4.46,25,54,-13,55.61,3.44,0.31,0.34,21.48,88,4.26,7.19,1.72,0.91,0.81,0.2,1.11,2.03,0,12,0.3,75,0.41,32,60,9,35,58,7,20.42,15.93,0.97,104,-4.49,19.72,16.57,0,0,0,0,0,,0,0,,0,0,0,0,0,0,32,9,4.13,37,0.08,0.03,0.03,-0.04,,0.11
Eugenio Raggio,CA Platense,Liga Profesional,2026,781,Left Centre Back,Argentina,25,30/08/01,0,0,0,0.04,0.12,0,0,0,,0,0,0,0,0,0,0,0,0,0,0,0,0.12,0,0.12,0.12,0,100,0.92,0,0.12,0.35,1.5,1.15,7.03,6.29,8.76,4.38,0.08,8.07,20.58,12.91,1.5,1.27,2.77,100,0.9,2.05,0.35,100,0,80,2.77,0.12,7.15,6.05,4.15,1.15,0.69,25.12,0.58,8,0.35,30,0.23,0,0,36.9,81,3.92,9,63,7.49,5.77,11,69,-11,35.18,2.19,0.19,0.19,24.33,99,4.7,2.42,0.12,0.12,0,0,0.12,0.23,0,0,0,,0,30,66,4,57,43,0,23.71,18.39,0.95,108,-5.32,22.53,19.93,0,0,0,0,0,,0,0,,0,0,0,0,0,0,26,11,1.63,15,0.03,0.04,0.11,-0.01,,0.17
Exequiel Zeballos,Boca Juniors,Liga Profesional,2026,571,Left Wing,Argentina,24,23/04/02,0.16,0.16,0.26,0.12,2.21,7,50,4,,0.45,0.47,0.25,1.1,0.47,0.24,0.95,0,0.01,0.16,0.63,0.51,3.31,0.12,3.94,2.52,1.42,64,1.89,0,3.94,4.1,0,0,0,0,10.71,5.67,0,3.31,52.57,5.67,2.99,1.42,1.42,69,2.11,2.11,0.95,20,0.63,25,0.16,0,8.66,12.54,2.68,2.21,1.1,52.16,4.73,55,1.73,79,0,0,0,23,70,0.63,12,36,0.16,1.58,27,71,1,68.22,5.2,0.43,0.63,32.45,79,7.73,10.71,0.32,0.16,0.16,1.26,6.77,6.93,0.16,100,0.95,33,1.73,16,64,20,19,56,25,15.67,13.76,0.98,101,-1.91,15.37,13.92,0,0,0,0,0,,0,0,,0,0,0,0,0,0,31,6,4.16,25,-0.03,0.19,0.01,0.13,,0.3
Ezequiel Bonifacio,Independiente Rivadavia,Liga Profesional,2026,737,Right Back,Argentina,32,08/05/94,0,0,0.06,0.08,0.73,0,17,2,,0,0.12,0.02,0.37,0,0.01,0.24,0.12,0.01,0.12,0.12,0.08,1.1,0.04,0.37,0.12,0.24,33,0.49,0,0.86,0.61,0.49,0.66,1.71,1.56,14.05,6.23,0.04,5.5,32.55,8.19,2.81,1.83,2.32,88,2.15,2.8,1.71,71,0.24,36,0.49,0,10.51,10.24,4.03,2.93,1.22,37.27,3.05,29,2.08,71,0.37,0,0,22.24,69,2.69,19,49,2.08,5.13,9,60,-9,52.06,3.05,0.26,0.32,17.23,94,5.31,4.03,1.59,0.24,1.34,0,0.73,0.98,0,54,0.98,57,0,38,48,14,30,52,18,24.22,21.03,0.89,107,-3.19,21.58,22.43,0,0,0,0,0,,0,0,,0,0,0,0,0,0,34,8,4.21,29,0.15,0.03,0.04,-0.05,,0.16
Ezequiel Cannavo,Racing Club,Liga Profesional,2026,1988,Right Back,Argentina,24,11/06/02,0.05,0.05,0.03,0.07,0.45,10,10,1,,0.01,0,0.04,0.41,0,0.04,0.36,0,0,0.05,0.05,0.07,0.86,-0.03,0.5,0.14,0.36,27,1.04,0.05,1.22,1.22,1.27,1.49,2.4,2.83,18.6,8.37,0.05,8.19,33.59,9.14,3.3,3.49,4.75,79,3.89,5.37,1.04,60,0.91,46,1.18,0,14.08,16.86,5.97,3.17,1.13,37.54,4.16,30,1.9,60,0.18,0,0,29.47,72,1.63,6,55,2.9,2.44,13,54,-18,52.34,3.39,0.26,0.3,24.62,90,5.14,7.02,0.95,0.5,0.45,0.23,1.45,1.95,0,14,0.23,21,0.27,33,53,14,30,52,18,18.84,16.84,0.97,112,-2.01,18.29,18.87,0,0,0,0,0,,0,0,,0,0,0,0,0,0,27,10,3.54,26,0.09,0.08,0.07,-0.02,,0.23
Ezequiel Cerutti,San Lorenzo de Almagro,Liga Profesional,2026,448,Right Wing,Argentina,34,16/01/92,0,0,0.04,0.03,1.41,0,14,2,,0,0,0.06,1.01,0,0.02,0.4,0,0.04,0.6,0,0.1,2.41,-0.1,0.8,0,0.8,0,3.22,0,0.4,2.81,0.2,0.12,0.6,0.4,14.88,6.23,0,3.02,52.31,6.03,3.62,0.8,1.01,44,0.69,0.81,2.41,43,1.01,40,1.21,0,11.66,10.99,2.21,3.22,1.01,53.63,6.43,55,2.61,81,0.2,0,0,23.72,61,1.41,11,30,1.21,4.02,29,62,0,64.86,2.01,0.18,0.22,24.73,89,5.85,8.44,1.81,1.41,0.4,0.2,1.81,3.22,0,33,0.6,25,0.6,26,56,18,31,43,26,21.42,16.37,0.9,109,-5.05,19.39,17.81,0,0,0,0,0,,0,0,,0,0,0,0,0,0,36,7,3.52,37,-0.02,0.1,-0.01,-0.05,,0.02
Ezequiel Ham,Atlético Tucumán,Liga Profesional,2026,832,Left Centre Midfielder,Syria,32,09/03/94,0,0,0.1,0.07,1.3,0,8,2,,0.09,0.11,0.14,1.3,0,0.09,0.65,0.11,0.04,0.65,0.11,0.23,2.6,-0.12,0.54,0.43,0.11,80,0.22,0,0.76,0.54,0.87,1.03,1.3,1.34,14.39,8.01,0.01,5.41,46.73,8.87,5.52,0.97,1.84,60,0.98,2.01,0.43,55,0.65,36,0.43,0,12.98,12.38,4.11,3.46,1.08,49.14,6.17,48,2.27,66,0.32,0,0,33.86,77,3.35,15,60,2.38,4.54,19,77,0,55.18,4.76,0.21,0.28,26.72,96,4.88,9.74,1.19,0.43,0.76,0.32,2.81,3.25,0,9,0.22,29,0.43,19,71,10,24,66,10,21.9,19.45,0.97,105,-2.44,21.23,20.48,0,0,0,0,0,,0,0,,0,0,0,0,0,0,21,8,4.27,24,0.04,0.06,0.01,-0.04,,0.06
Ezequiel Herrera,San Lorenzo de Almagro,Liga Profesional,2026,2038,Right Back,Argentina,23,21/01/03,0.04,0.04,0.03,0.07,0.4,11,22,0,,0.04,0,0.03,0.35,0,0.03,0.26,0,0,0.09,0.04,0.06,0.75,-0.01,0.84,0.66,0.18,79,0.75,0,0.53,0.49,0.88,0.72,2.91,2.49,15.28,7.68,0.03,7.06,28.77,8.87,2.47,2.03,2.91,78,1.91,2.62,0.93,68,0.57,46,1.06,0.04,12.32,10.97,5.12,2.52,1.15,32.92,3,24,1.37,54,0.22,0,0,34.09,72,1.85,9,33,3.62,4.86,14,64,-9,44.22,3.84,0.21,0.24,27.82,97,4.95,4.68,0.53,0.31,0.22,0.18,0.79,1.1,0,17,0.13,21,0.18,37,58,5,42,55,4,21.47,20.53,0.87,89,-0.94,18.73,18.33,0,0,0,0,0,,0,0,,0,0,0,0,0,0,29,9,2.66,24,0.11,0.05,0.02,0,,0.18
Ezequiel Muñoz,Gimnasia Mendoza,Liga Profesional,2026,1983,Left Centre Back,Argentina,36,07/10/90,0.09,0.09,0.06,0.14,0.41,22,33,0,,0.1,0,0,0.05,0,0,0.05,0,0,0,0.09,0.06,0.45,0.03,0.18,0.18,0,100,0.32,0,0.14,0.18,1.04,0.8,4.63,3.44,10.12,5.76,0.08,5.85,22.26,13.12,1.13,1.36,2.41,86,1.01,1.82,0.59,56,0.23,76,2.95,0,8.17,6.29,3.77,1.63,0.86,28.6,0.82,10,0.32,19,0.05,0,0,36.54,83,3.27,23,59,5.63,4.58,15,68,-15,30.42,1.13,0.28,0.28,23.6,99,4.82,1.04,0.09,0.05,0.05,0,0.91,0.95,0,0,0,,0.05,30,67,3,61,35,4,22.63,20.87,0.94,100,-1.76,21.32,20.98,0,0,0,0,0,,0,0,,0,0,0,0,0,0,23,11,2.31,18,0.04,0.03,0.14,0.03,,0.24
Ezequiel Naya,Central Córdoba SdE,Liga Profesional,2026,1007,Right Centre Forward,Argentina,25,03/08/01,0.18,0.18,0.21,0.14,1.52,12,59,4,,0.25,0,0.01,0.27,0,0.01,0.27,0,0,0,0.18,0.22,1.79,-0.04,0.45,0.27,0.18,60,2.06,0,0.89,3.66,0.27,0.16,0.89,0.59,23.23,10.01,0.01,3.84,57.23,4.91,2.5,0.63,0.89,70,0.31,0.47,1.88,0,0.27,31,2.14,0,20.73,13.4,3.57,4.47,0.98,59.28,13.4,65,3.48,78,0.09,0,0,16.62,61,0.71,14,50,1.16,1.16,30,60,-1,56.98,1.43,0.2,0.35,14.12,78,4.37,4.11,0.18,0.18,0,0.18,3.84,4.02,0,0,0.09,33,0.18,15,71,15,15,74,11,17.19,15.84,1.03,103,-1.34,17.66,16.35,0,0,0,0,0,,0,0,,0,0,0,0,0,0,35,10,1.65,16,-0.04,-0.04,0.03,0.04,,0
Ezequiel Piovi,Estudiantes,Liga Profesional,2026,1861,Right Defensive Midfielder,Argentina,34,19/08/92,0.05,0.05,0.02,0.03,0.77,6,31,1,,0.02,0.05,0.02,0.39,0.05,0.02,0.39,0,0,0,0.1,0.04,1.16,0.06,0.44,0.24,0.19,56,0.63,0,0.44,0.63,0.77,0.77,1.31,1.65,20.46,10.64,0.04,7.45,38.58,11.85,4.69,2.51,3.29,74,2.67,3.45,1.74,53,0.87,56,1.11,0.05,16.3,17.93,5.9,3.97,1.4,40.64,5.08,31,1.84,46,0.34,0,0,50.39,84,5.22,6,70,1.79,6.96,17,74,-10,48.27,6.92,0.39,0.41,39.17,98,3.97,9.77,0.53,0.39,0.15,0,0.24,0.63,0,27,0.15,60,0,19,73,7,23,75,2,21.48,17,0.98,104,-4.48,20.99,17.73,0,0,0,0,0,,0,0,,0,0,0,0,0,0,20,8,4.88,32,0.02,0.06,0.05,-0.01,,0.12
Ezequiel Unsain,Talleres de Córdoba,Liga Profesional,2026,772,Goalkeeper,Argentina,31,08/03/95,0,0,0,,0,,,0,,0,0,0,0,0,0,0,0,0,0,0,0,0,0,0.12,0.12,0,100,0,0,0,0,0,0,0,0,0,0,0,10.61,2.1,3.96,0,0,0,,0,0,0,,0,,0,0,0,0,0,0,0,,0,,0,,0,0,0,20.63,79,5.59,13,49,2.33,9.09,14,65,-14,13.02,0.93,0.2,0.2,18.06,100,4.73,0.82,0,0,0,0,0,0,0,,0,,0,45,55,0,86,14,0,34.11,37.5,0.78,71,3.39,26.45,26.46,1.17,1.99,0.83,78,63,15,1.43,5.36,32,16.55,1.67,0.47,0.35,21.75,-4,20,3,1.93,11,0.1,0.04,,,0.55,0.69
F.Gulli,San Lorenzo de Almagro,Liga Profesional,2026,1167,Centre Attacking Midfielder,Argentina,21,24/09/05,0,0,0.1,0.09,1.08,0,50,1,,0.11,0.23,0.1,1,0.08,0.07,0.46,0.15,0.03,0.54,0.23,0.2,2.08,0.03,2.55,1.39,1.16,55,1.23,0,2.78,3.01,0.62,0.61,0.69,0.66,14.04,6.25,0,5.01,50.42,7.95,5.01,1.08,1.7,52,1.03,1.64,0.69,21,1,30,0.46,0,12.27,11.7,3.78,3.24,1.39,52.3,6.94,57,2.16,67,0.23,0,0,33.33,74,2.93,80,54,1,5.17,17,71,-3,58.05,5.63,0.32,0.4,33.41,84,5.99,11.5,1.7,0.69,1,0.23,1.77,2.47,0,9,0.31,18,0.39,21,67,11,32,57,11,20.37,16.05,0.93,97,-4.32,19,15.5,0,0,0,0,0,,0,0,,0,0,0,0,0,0,26,8,4.64,43,-0.02,0.07,0.02,-0.01,,0.06
F.Vázquez,Argentinos Juniors,Liga Profesional,2026,487,Left Centre Back,Argentina,21,01/01/05,0,0,0.27,0.29,0.92,0,20,0,,0.02,0,0.01,0.37,0,0.01,0.37,0,0,0,0,0.28,1.29,-0.28,0.55,0.18,0.37,33,0.92,0,0.18,0.74,0.92,1.38,3.88,6.11,7.95,4.25,0.06,4.99,24.41,9.06,2.03,1.66,2.59,100,2.51,3.89,0.55,,0,73,2.03,0,5.73,8.89,3.14,1.29,1.11,27.96,1.11,19,0.18,14,0,0,0,65.61,90,4.25,82,56,5.91,5.54,11,60,-30,36.78,3.7,0.61,0.65,56.37,99,4.27,4.25,0.18,0.18,0,0,1.66,1.85,0,0,0,,0,27,70,4,48,48,4,21.22,24.63,0.94,92,3.42,19.99,22.55,0,0,0,0,0,,0,0,,0,0,0,0,0,0,13,6,5.42,31,0.08,0.04,0.13,-0.07,,0.18
Fabio Pereyra,Huracán,Liga Profesional,2026,1748,Right Centre Back,Argentina,36,30/01/90,0,0,0.02,0.07,0.31,0,17,0,,0,0,0,0.1,0,0,0.1,0,0,0,0,0.02,0.41,-0.02,0.15,0.15,0,100,0.51,0,0.26,0.05,0.77,1.04,6.69,6.52,7.41,3.91,0.08,4.22,24.65,10.55,1.65,1.03,1.8,77,1.04,2.07,0.41,50,0.31,75,4.07,0,5.97,6.31,2.57,1.24,0.51,29.51,0.88,15,0.31,25,0.1,0.05,0,36.55,75,4.27,8,50,7.67,7.52,13,56,-20,34.49,2.06,0.18,0.19,25.43,99,4.65,2.01,0.05,0,0.05,0,0.72,0.72,0.05,0,0,,0.05,33,64,2,69,31,0,25.8,24.06,0.91,92,-1.74,23.37,22.09,0,0,0,0,0,,0,0,,0,0,0,0,0,0,25,8,2.71,22,0.04,0.03,0,-0.01,,0.05
Fabricio Bustos,River Plate,Liga Profesional,2026,423,Right Back,Argentina,30,27/04/96,0,0,0.05,0.06,0.85,0,0,1,,0,0,0.01,0.43,0,0.01,0.43,0,0,0,0,0.06,1.28,-0.06,0.64,0,0.64,0,0.85,0,0.43,1.06,1.49,2.13,1.91,2.73,11.49,4.04,0,4.89,37.48,10.21,4.26,1.7,3.19,80,2.41,4.54,1.06,50,0.43,33,0.43,0,8.72,13.16,3.19,1.91,1.06,42.42,3.19,37,1.28,67,0.21,0,0,49.79,81,2.34,7,55,2.55,3.62,9,79,-2,53.9,4.89,0.57,0.57,40.85,97,4.21,14.68,1.28,1.06,0.21,0.43,1.28,2.34,0,17,0.43,40,0.43,27,63,10,30,59,10,18.44,20.51,0.93,90,2.07,17.19,18.44,0,0,0,0,0,,0,0,,0,0,0,0,0,0,18,8,6.3,36,0.12,0.06,0.03,-0.06,,0.14
Fabricio Iacovich,Estudiantes,Liga Profesional,2026,722,Goalkeeper,Argentina,24,28/01/02,0,0,0,,0,,,0,,0,0,0,0,0,0,0,0,0,0,0,0,0,0,0,0,0,,0,0,0,0,0,0,0,0,0.37,0,0,5.61,3.8,2.87,0,0,0,0,0,0,0.12,50,0.12,,0,0,0.25,0.32,0,0,0,21.24,0,0,0,,0,0,0,16.44,75,3.61,70,39,1.74,7.6,16,69,-6,12.1,0.5,0.37,0.37,14.58,99,3.96,0,0,0,0,0,0,0,0,,0,,0,45,55,0,,,,35.78,32.99,0.73,71,-2.79,26.12,23.44,0.5,0.65,0.15,80,74,6,0.74,2.49,26,9.47,2.32,0.25,0.12,17.81,1,27,4,0.86,6,0.06,0.03,-0.01,,0.13,0.2
Fabricio López,San Lorenzo de Almagro,Liga Profesional,2026,348,Right Back,Argentina,24,20/11/02,0.26,0.26,0.04,0.04,1.04,25,25,1,,0.13,0,0.05,0.52,0,0.05,0.52,0,0,0,0.26,0.1,1.55,0.16,0.78,0.26,0.52,33,0.26,0,1.04,1.55,1.04,1.21,3.36,3.69,21.48,11.13,0.02,8.8,34.93,8.8,2.07,2.85,3.88,65,3.01,4.21,1.81,44,1.55,57,2.07,0,16.82,17.13,6.73,3.62,1.04,37.25,4.4,26,2.33,64,0.26,0,0,27.18,61,1.81,15,47,3.62,3.62,13,50,-11,51.6,4.14,0.09,0.14,20.45,91,5.21,6.21,1.81,1.04,0.78,0.52,3.36,4.4,0,14,0.26,33,0.78,43,48,9,33,50,17,19.78,12.2,0.93,80,-7.58,18.34,9.79,0,0,0,0,0,,0,0,,0,0,0,0,0,0,46,13,3.36,31,0.26,0.03,0.02,0.05,,0.35
Fabricio Pérez,Estudiantes,Liga Profesional,2026,1109,Left Wing,Argentina,21,06/12/05,0.24,0.24,0.17,0.09,1.79,14,41,3,,0.25,0,0.06,0.65,0,0.06,0.65,0,0,0,0.24,0.22,2.43,0.02,2.76,1.22,1.54,44,1.14,0,2.92,4.22,0.41,0.58,0.49,0.32,20.37,8.36,0,5.76,54.26,5.44,3,1.46,1.87,69,1.41,1.99,1.62,46,0.65,52,0.89,0,17.37,17.54,4.87,5.28,2.35,55.76,10.55,61,4.54,86,0.24,0,0,24.19,70,0.97,20,52,0.73,1.62,28,74,4,60.74,2.84,0.39,0.51,28.89,78,6.9,8.85,0.65,0.57,0.08,0.08,3,3.57,0,88,0.73,26,0.57,13,70,17,13,67,20,17.48,15.37,0.96,109,-2.11,16.82,16.82,0,0,0,0,0,,0,0,,0,0,0,0,0,0,30,12,3.29,23,0,0.06,-0.05,0.06,,0.06
Fabrizio Sartori,Independiente Rivadavia,Liga Profesional,2026,1592,Right Centre Forward,Argentina,24,14/07/02,0.45,0.45,0.26,0.15,1.7,27,43,5,,0.4,0,0.09,0.62,0,0.09,0.62,0,0,0,0.45,0.35,2.32,0.11,0.85,0.4,0.45,47,0.85,0,2.21,3.56,0.11,0.11,0.51,0.47,21.37,10.46,0,3.9,64.88,3.79,3.05,0.45,0.57,62,0.34,0.45,1.47,29,0.28,21,1.02,0,19.45,17.15,3.79,3.34,0.9,66.53,15.49,80,3.05,92,0.11,0,0,10.74,72,0.11,6,40,0.51,0.28,34,64,-8,64.4,1.07,0.33,0.51,13.29,67,6.42,4.07,0.28,0.28,0,0.34,4.52,4.81,0,0,0.11,22,0.57,20,57,22,8,68,24,14.75,12.68,0.99,99,-2.07,14.65,12.53,0,0,0,0,0,,0,0,,0,0,0,0,0,0,29,9,1.92,12,0,0.02,-0.01,0.14,,0.15
Facundo Bruera,Barracas Central,Liga Profesional,2026,1444,Right Centre Forward,Argentina,28,22/09/98,0.06,0.06,0.17,0.08,2.24,3,39,4,,0.15,0.06,0.11,1.31,0.06,0.11,1.31,0,0,0,0.12,0.29,3.55,-0.16,0.87,0.5,0.37,57,1.06,0,2.62,3.18,0.12,0.06,0.69,0.47,20.07,7.98,0.01,4.49,60.28,4.49,2.18,0.69,0.81,73,0.36,0.42,2.68,50,0.25,49,5.98,0,16.7,10.31,3.99,4.05,1.31,61.88,11.97,72,3.62,89,0.37,0,0,19.7,55,0.44,18,54,0.93,0.56,45,48,-7,61.16,1.5,0.21,0.36,15.58,74,4.43,5.42,0.5,0.5,0,0.62,5.42,5.92,0,13,0.19,50,0.87,16,72,12,16,74,10,14.81,14.22,1.05,100,-0.59,15.53,14.29,0,0,0,0,0,,0,0,,0,0,0,0,0,0,41,9,3.32,26,-0.04,-0.01,-0.02,0,,-0.07
Facundo Cambeses,Racing Club,Liga Profesional,2026,2604,Goalkeeper,Argentina,29,08/04/97,0,0,0,,0,,,0,,0,0,0.01,0.07,0,0.01,0.07,0,0,0,0,0.01,0.07,-0.01,0,0,0,,0.17,0,0,0,0,0,0,0,0.17,0.03,0,6.29,2.86,3.59,0,0,0,0,0,0,0,0,0.03,0,0,0,0.17,0.25,0.14,0,0,5.39,0,0,0,,0.07,0,0,21.63,69,5.87,8,39,2.56,12.61,11,46,-23,13.05,1.69,0.11,0.12,19.04,100,4.94,0.59,0.1,0.07,0.03,0,0,0.07,0,0,0,,0,45,55,0,100,0,0,41.65,49.43,0.73,76,7.78,30.49,37.33,1.04,1.06,0.02,68,67,1,1.06,3.25,34,9.61,1.89,0.14,0,18.86,0,25,2,1.3,10,0.11,0.06,,,-0.05,0.12
Facundo Cobos,AA Estudiantes Río Cuarto,Liga Profesional,2026,795,Left Back,Argentina,33,18/02/93,0.11,0.11,0.04,0.11,0.34,33,67,1,,0.09,0,0.03,1.02,0,0.02,0.79,0,0.01,0.23,0.11,0.07,1.36,0.04,0.91,0.23,0.68,25,1.02,0,1.25,0.91,1.93,1.76,1.93,2.03,16.2,7.7,0.02,6.91,34.46,10.99,4.64,3.17,5.1,76,2.21,3.97,0.91,59,1.02,50,1.25,0,12.12,10.01,4.98,3.06,1.36,35.45,2.72,22,1.47,48,0,0,0,33.87,69,2.15,86,35,2.83,5.32,12,64,-4,54.74,5.1,0.22,0.27,26.73,92,5.2,9.29,1.7,1.02,0.68,0.11,0.57,1.59,0,47,1.36,44,0.11,33,54,13,29,55,16,22.43,22.22,0.86,91,-0.22,19.31,20.15,0,0,0,0,0,,0,0,,0,0,0,0,0,0,31,7,4.17,33,0.08,0.05,0.02,0.06,,0.21
Facundo Colidio,River Plate,Liga Profesional,2026,1399,Left Centre Forward,Argentina,26,03/01/00,0.32,0.26,0.3,0.15,1.99,13,45,3,100,0.28,0.19,0.11,1.48,0.19,0.09,1.29,0,0.02,0.19,0.45,0.41,3.47,0.05,2.38,0.71,1.67,30,2.19,0,2.44,3.73,0.19,0.33,0.51,0.8,17.43,7.2,0.02,5.98,62.26,4.7,3.6,0.84,1.03,57,1.31,1.65,1.16,23,0.64,27,0.71,0,15.44,24.01,5.15,5.15,1.87,64.07,11.71,76,4.76,93,0.13,0,0.06,24.57,70,1.03,8,52,0.64,1.87,19,68,-2,66.78,3.67,0.37,0.63,27.08,81,5.82,11.13,1.03,0.84,0.19,0.19,4.31,5.15,0.06,13,0.19,18,0.45,13,68,19,9,70,21,16.13,13.05,1,110,-3.09,16.08,14.32,0,0,0,0,0,,0,0,,0,0,0,0,0,0,24,8,5.11,28,-0.02,0.04,0.01,0.02,,0.05
Facundo Farías,Estudiantes,Liga Profesional,2026,531,Centre Attacking Midfielder,Argentina,24,27/08/02,0,0,0.27,0.12,2.2,0,23,3,,0.08,0,0.15,1.53,0,0.15,1.53,0,0,0,0,0.42,3.73,-0.42,2.88,1.87,1.02,65,3.56,0,2.71,3.9,0.34,0.31,0.34,0.44,17.13,5.77,0.02,5.09,55.9,6.1,3.73,1.36,1.7,67,1.7,2,1.19,20,0.68,25,0.51,0,14.58,17.46,4.24,4.75,1.53,58.36,9.33,64,4.07,86,0,0,0,31.88,83,1.36,5,62,0.51,2.03,26,90,7,58.11,4.07,0.46,0.77,37.31,84,4.67,10.51,0.68,0.68,0,0.34,3.39,4.07,0.17,0,0.34,29,0.34,13,71,16,19,74,6,15.75,13.7,0.97,98,-2.05,15.33,13.4,0,0,0,0,0,,0,0,,0,0,0,0,0,0,22,10,5.14,42,0.06,0.04,0.02,-0.18,,-0.07
Facundo Guch,Newell's Old Boys,Liga Profesional,2026,1612,Centre Attacking Midfielder,Argentina,19,19/01/07,0.11,0.11,0.05,0.04,1.51,7,26,2,,0.07,0.17,0.13,1.56,0.17,0.09,0.89,0,0.04,0.67,0.28,0.18,3.07,0.1,2.68,1.56,1.12,58,1.95,0,2.18,2.9,0.61,0.39,0.33,0.19,18.98,8.65,0,5.58,51.26,8.21,4.86,1.34,1.95,67,1.01,1.4,0.89,29,0.67,17,0.17,0,16.75,13.04,4.86,4.69,1.56,52.76,9.21,55,3.63,77,0.22,0,0,28.08,67,2.85,84,45,1,5.69,21,67,0,59.17,4.97,0.25,0.33,32.6,86,6.63,8.65,1.9,0.61,1.28,0,0.84,1.45,0.11,21,0.45,24,0.11,19,67,13,21,65,14,21.9,16.81,0.92,97,-5.08,20.15,16.25,0,0,0,0,0,,0,0,,0,0,0,0,0,0,29,6,5.33,48,-0.01,0.07,0.02,-0.02,,0.06
Facundo Jainikoski,Argentinos Juniors,Liga Profesional,2026,1002,Left Wing,Argentina,18,14/03/08,0.09,0.09,0.16,0.07,2.24,4,24,3,,0.11,0.18,0.12,0.99,0.18,0.11,0.72,0,0.02,0.27,0.27,0.28,3.23,-0.01,2.51,1.26,1.26,50,3.23,0,4.85,4.49,0.36,0.43,0.36,0.47,16.34,6.82,0.01,5.3,55.15,7.72,4.58,1.53,1.89,71,2.12,2.55,0.9,22,0.63,8,0.09,0,13.92,19.4,4.94,4.76,1.71,56.09,8.89,64,3.95,83,0,0,0,22.45,72,1.53,21,65,0.45,2.24,13,59,-12,63.94,3.32,0.42,0.54,30.62,73,6.58,9.25,1.26,0.99,0.27,0.27,3.41,4.4,0.18,14,0.54,22,0.54,16,68,16,19,62,18,19.59,16.98,0.95,94,-2.61,18.67,15.92,0,0,0,0,0,,0,0,,0,0,0,0,0,0,29,11,5.58,31,0.11,0.1,0.01,-0.04,,0.18
Facundo Kalinger,Huracán,Liga Profesional,2026,755,Right Centre Midfielder,Argentina,21,29/01/05,0,0,0.12,0.11,1.07,0,33,1,,0.1,0.12,0.04,0.95,0.12,0.04,0.95,0,0,0,0.12,0.16,2.03,-0.04,1.67,0.95,0.71,57,2.26,0,2.62,3.57,1.07,0.65,0.36,0.19,24.54,12.75,0.01,8.46,47.89,7.39,3.34,2.26,3.34,68,1.7,2.34,1.67,25,1.07,17,0.36,0,20.61,18.74,6.79,6.2,2.98,49.48,10.25,50,4.41,71,0,0,0,30.38,82,1.19,79,67,0.71,1.43,18,74,-7,56.29,3.1,0.23,0.37,29.67,83,4.8,9.29,0.6,0.6,0,0,3.34,3.93,0.12,0,0,,0.36,19,63,19,21,68,12,15.53,13.43,1.01,104,-2.1,15.68,13.98,0,0,0,0,0,,0,0,,0,0,0,0,0,0,23,11,4.02,32,0,-0.04,0.02,-0.04,,-0.06
Facundo Lencioni,Gimnasia Mendoza,Liga Profesional,2026,2228,Left Midfielder,Argentina,25,13/02/01,0.16,0.16,0.14,0.06,2.5,6,29,4,0,0.17,0.28,0.17,1.98,0.16,0.12,1.29,0.12,0.05,0.69,0.44,0.32,4.48,0.13,2.22,1.37,0.85,62,1.21,0,2.63,2.75,0.69,0.56,0.57,0.36,13.45,7.27,0.02,4.08,44.36,7.67,3.72,1.13,1.82,52,0.9,1.46,0.73,19,1.05,44,0.48,0,11.63,8.97,3.07,2.95,0.85,45.8,4.69,40,2.02,68,0.2,0,0,27.79,69,3.27,82,54,1.05,5.57,18,68,0,57.69,4.85,0.31,0.49,29.61,85,6.16,8.04,1.66,0.81,0.85,0.2,2.38,3.19,0.2,22,0.44,28,0.28,19,73,8,22,72,6,22.44,17.16,0.95,105,-5.29,21.28,17.95,0,0,0,0,0,,0,0,,0,0,0,0,0,0,31,10,6.46,47,0.09,0.09,0.02,-0.02,,0.18
Facundo Mallo,Rosario Central,Liga Profesional,2026,934,Right Centre Back,Uruguay,31,15/01/95,0,0,0.01,0.06,0.1,0,0,0,,0,0,0.01,0.1,0,0.01,0.1,0,0,0,0,0.01,0.19,-0.01,0.19,0.19,0,100,0.19,0,0.29,0.19,1.64,1.69,4.82,4.88,9.44,5.59,0.09,6.93,23.6,10.02,1.06,1.25,2.89,87,1.09,2.78,0.87,71,0.19,61,2.6,0.1,7.32,7.1,4.05,0.96,0.29,25.64,0.77,11,0.39,40,0.29,0,0,40.35,83,3.85,11,57,5.68,5.88,13,68,-15,33.43,2.12,0.17,0.18,29.28,99,4.26,2.02,0.19,0.19,0,0.1,0.58,0.77,0.1,0,0,,0.1,25,71,4,43,43,14,23.94,23.75,0.91,93,-0.19,21.77,22.04,0,0,0,0,0,,0,0,,0,0,0,0,0,0,17,6,1.84,15,0.06,0.03,0.07,-0.01,,0.15
Facundo Mansilla,Central Córdoba SdE,Liga Profesional,2026,1658,Left Centre Back,Argentina,27,26/02/99,0.05,0.05,0.02,0.07,0.27,20,40,0,,0.01,0,0,0.11,0,0,0.05,0,0,0.05,0.05,0.02,0.38,0.03,0.38,0.38,0,100,0.54,0,0.33,0.22,1.3,0.81,6.3,4.44,12.76,6.84,0.05,6.3,23.8,10.32,1.47,2.12,3.42,91,1.42,2.23,1.03,56,0.22,69,3.96,0,9.61,6.65,3.85,1.41,0.6,27.67,0.92,10,0.22,15,0.05,0,0,35.4,81,2.01,85,43,7.22,3.8,12,49,-32,32.95,1.95,0.24,0.25,26.87,98,4.99,1.63,0.11,0,0.11,0,0.6,0.6,0,0,0,0,0,27,71,2,40,60,0,22.51,23.29,0.94,92,0.78,21.09,21.32,0,0,0,0,0,,0,0,,0,0,0,0,0,0,18,6,2.24,21,0.04,0.04,0.09,-0.01,,0.16
Facundo Miño,Deportivo Riestra,Liga Profesional,2026,1687,Right Centre Back,Argentina,27,15/10/99,0,0,0,0.05,0.11,0,50,0,,0,0,0.02,0.32,0,0.01,0.21,0,0.02,0.11,0,0.03,0.43,-0.03,0,0,0,,0.69,0,0.21,0.11,1.23,0.69,4.48,2.14,15.63,8.43,0.04,6.72,31.73,11.58,3.31,2.08,3.31,68,1.25,1.93,1.55,43,0.96,63,1.71,0,12.06,6.39,4.8,2.93,0.96,35.59,3.04,25,1.71,58,0.48,0,0,19.36,52,3.95,12,36,5.71,9.82,13,50,-2,42.33,3.41,0.11,0.12,9.5,97,4.29,2.61,0.8,0.11,0.69,0.05,0.59,0.69,0,47,0.37,18,0.05,45,51,5,61,31,8,30.79,28.13,0.87,89,-2.66,26.71,25.02,0,0,0,0,0,,0,0,,0,0,0,0,0,0,43,8,2.38,22,0.15,0.03,-0.04,0,,0.13
Facundo Sanguinetti,Banfield,Liga Profesional,2026,1953,Goalkeeper,Argentina,25,28/02/01,0,0,0,,0,,,0,,0,0,0,0.05,0,0,0.05,0,0,0,0,0,0.05,0,0,0,0,,0.18,0,0,0.05,0,0,0,0,0,0,0,7.56,2.55,3.5,0,0,0,,0,0,0,,0,,0,0.05,0,0,0,0,0,,0,,0,,0,0,0,11.11,63,5.9,8,43,1.43,12.26,9,45,-17,10.82,0.78,0.08,0.08,10.37,100,6.97,0.09,0,0,0,0,0,0,0,,0,,0,60,40,0,100,0,0,48.32,46.52,0.77,69,-1.8,37.01,32.24,0.97,1.24,0.28,75,67,7,1.28,3.82,28,13.5,2.06,0.09,0.09,14.7,-3,34,2,1.42,11,0.09,0.05,,,0.3,0.44
Facundo Waller,Huracán,Liga Profesional,2026,1653,Left Defensive Midfielder,Uruguay,29,08/04/97,0.05,0.05,0.03,0.04,0.82,7,33,1,,0.07,0,0.02,0.44,0,0.02,0.44,0,0,0,0.05,0.05,1.25,0.01,0.65,0.33,0.33,50,2.78,0.05,1.09,0.82,0.76,0.81,2.18,1.94,23.46,12.47,0.06,9.14,38.33,14.92,6.21,3.48,4.25,75,3.67,4.48,2.23,41,1.14,43,1.25,0,17.85,17.85,6.97,5.23,2.23,41.13,5.88,33,2.56,49,0.33,0,0,41.53,76,4.41,83,61,3.76,5.66,21,69,-7,48.64,5.82,0.19,0.21,33.04,95,5,8.6,0.44,0.38,0.05,0,0.71,1.09,0.05,25,0.11,25,0.05,24,68,8,28,66,6,22.25,20.74,0.98,107,-1.51,21.73,22.1,0,0,0,0,0,,0,0,,0,0,0,0,0,0,26,10,4.06,34,0.01,0.06,0.04,-0.01,,0.11
Facundo Zabala,Independiente,Liga Profesional,2026,1942,Left Back,Argentina,27,01/01/99,0,0,0.02,0.03,0.79,0,24,1,,0.02,0.05,0.06,0.88,0.05,0.06,0.88,0,0,0,0.05,0.08,1.67,-0.03,1.58,1.07,0.51,68,1.07,0,1.53,1.48,1.2,1.36,2.09,2.19,17.98,8.66,0.04,6.72,35.76,14.22,5.05,2.64,3.85,78,2.8,4.16,1.95,46,0.74,51,1.67,0,13.58,15.03,4.87,3.94,1.71,38.47,4.36,32,2.64,67,0.23,0,0,46.2,72,4.22,87,44,3.75,7.97,15,59,-13,51.63,8.29,0.27,0.33,40.17,93,4.86,12.05,1.99,1.34,0.65,0.09,1.25,2.59,0.09,19,0.51,26,0.14,35,58,7,30,61,9,21.9,20.56,0.89,91,-1.34,19.55,18.66,0,0,0,0,0,,0,0,,0,0,0,0,0,0,31,10,5.59,38,0.21,0.07,0.03,-0.02,,0.29
Fausto Vera,River Plate,Liga Profesional,2026,1755,Right Defensive Midfielder,Argentina,26,25/03/00,0,0,0.1,0.05,2,0,18,2,,0.03,0,0.03,0.62,0,0.03,0.62,0,0,0,0,0.13,2.62,-0.13,0.41,0.36,0.05,88,0.77,0,0.97,1.03,0.56,0.88,1.54,2.28,13.28,6.67,0.05,5.69,42.37,11.13,4.92,1.9,2.46,76,2.88,3.76,1.59,48,0.62,57,1.38,0,9.85,14.93,4.36,3.18,1.54,45.17,4.26,43,2.05,65,0.21,0,0.05,61.75,88,5.49,16,79,2.51,6,15,79,-10,48.75,6.26,0.59,0.65,53.18,97,4.66,11.03,0.51,0.51,0,0.05,1.74,2.26,0.05,20,0.1,17,0.1,19,72,9,26,69,5,20.14,17.23,0.99,110,-2.91,19.93,19,0,0,0,0,0,,0,0,,0,0,0,0,0,0,15,8,7.34,38,0.01,0.07,0.05,-0.06,,0.07
Federico Fattori,Talleres de Córdoba,Liga Profesional,2026,427,Right Defensive Midfielder,Argentina,34,21/07/92,0,0,0.02,0.05,0.42,0,50,0,,0.01,0,0,0.21,0,0,0.21,0,0,0,0,0.02,0.63,-0.02,0.42,0.42,0,100,0.21,0,1.48,1.05,1.48,1.75,1.48,1.91,20.67,10.34,0.01,8.02,40,11.18,6.12,2.11,3.59,71,2.65,4.4,1.9,40,0.84,50,1.05,0.21,16.66,23.07,6.33,5.06,1.69,43.03,6.12,37,2.74,54,0.63,0,0,82.69,90,4.85,23,68,2.32,6.33,12,85,-5,47.31,9.28,0.56,0.56,70.24,97,3.25,13.5,0.42,0.42,0,0,0.42,0.84,0,0,0,,0,20,71,9,27,70,3,18.61,15.9,0.98,96,-2.71,18.22,15.28,0,0,0,0,0,,0,0,,0,0,0,0,0,0,18,12,6.81,53,-0.03,0.08,0.06,-0.03,,0.09
Federico Fattori,Argentinos Juniors,Liga Profesional,2026,1828,Centre Defensive Midfielder,Argentina,34,21/07/92,0,0,0.01,0.02,0.25,0,40,0,,0.02,0,0.01,0.54,0,0.01,0.54,0,0,0,0,0.02,0.79,-0.02,0.1,0.1,0,100,1.03,0,0.79,0.3,1.08,1.51,2.95,4.25,14.72,8.02,0.03,6.79,34.86,16.15,5.46,1.62,2.71,69,2.19,3.7,0.84,35,0.74,33,0.98,0.05,12.26,17.67,5.22,3.35,1.53,38.32,3.05,25,1.58,47,0.2,0,0,74.04,90,8.02,23,86,3.74,8.52,15,87,-3,43.83,7.19,0.43,0.44,59.76,99,4.45,11.08,0.54,0.54,0,0,0.3,0.84,0,0,0.05,14,0.05,19,73,7,30,66,4,21.99,19.7,1,103,-2.29,22.02,20.23,0,0,0,0,0,,0,0,,0,0,0,0,0,0,14,8,5.58,36,0.01,0.11,0.05,0.01,,0.18
Federico Gino,Aldosivi,Liga Profesional,2026,1112,Right Centre Midfielder,Uruguay,33,25/02/93,0.16,0.08,0.07,0.07,1.05,8,15,1,100,0.09,0,0,0.16,0,0,0.16,0,0,0,0.08,0.07,1.21,0.01,0.32,0,0.32,0,0.73,0,0.65,1.38,0.49,0.43,1.13,0.99,22.91,13.2,0.01,6.23,45.78,10.44,4.86,1.86,2.35,72,1.43,1.86,1.86,50,0.73,44,1.21,0.08,19.35,14.69,4.86,5.02,1.78,48.1,9.15,47,2.91,58,0.49,0,0,33.84,75,2.19,17,60,1.62,3.16,14,68,-6,48.59,3.56,0.13,0.18,22.59,93,3.39,6.07,0.08,0,0.08,0.16,2.11,2.11,0,100,0.08,50,0.16,25,63,12,36,57,7,18.97,16.05,0.99,93,-2.92,18.71,15,0,0,0,0,0,,0,0,,0,0,0,0,0,0,28,10,3.02,27,0,0.02,0.02,-0.03,,0.01
Federico Navarro,Rosario Central,Liga Profesional,2026,599,Right Defensive Midfielder,Argentina,26,08/03/00,0,0,0,0.02,0.15,0,0,0,,0,0,0,0,0,0,0,0,0,0,0,0,0.15,0,0.15,0.15,0,100,0.45,0,1.5,0.45,0.3,0.22,1.05,1.02,19.85,8.57,0.01,7.07,37.82,11.88,4.81,3.61,3.91,80,4.51,4.73,1.8,38,0.9,40,0.3,0.15,14.43,17.62,6.01,5.41,1.95,40.83,4.06,28,2.11,39,0.45,0,0,39.85,86,3.16,15,75,1.2,4.06,13,71,-14,46.06,3.01,0.28,0.28,33.68,94,4.75,5.56,0.15,0.15,0,0,0.45,0.6,0,0,0,,0.15,15,79,7,30,62,8,19.27,16.66,0.97,97,-2.6,18.66,16.17,0,0,0,0,0,,0,0,,0,0,0,0,0,0,18,10,1.8,14,-0.04,0.02,0.03,-0.01,,0
Federico Ricca,Belgrano,Liga Profesional,2026,742,Left Back,Uruguay,32,30/11/94,0,0,0.04,0.09,0.49,0,0,0,,0,0,0.04,0.36,0,0.04,0.36,0,0,0,0,0.08,0.85,-0.08,0.36,0.36,0,100,0.73,0,0.49,0.73,1.09,1.48,2.18,2.48,9.46,4.61,0,4.25,33.76,8.86,1.94,1.21,2.31,91,0.84,2.32,0.85,67,0.12,70,1.94,0,7.4,6.98,2.67,1.82,0.73,39.54,2.43,33,1.09,60,0.12,0,0.12,35.18,77,2.43,84,57,2.43,4,12,58,-19,49.53,4.97,0.17,0.2,28.27,96,5.07,7.76,0.73,0.73,0,0.24,1.33,2.06,0,50,0.49,44,0.12,35,58,7,33,58,9,19.67,15.32,0.94,91,-4.34,18.41,14,0,0,0,0,0,,0,0,,0,0,0,0,0,0,25,11,3,25,0.12,0.05,0.04,-0.01,,0.2
Federico Vera,Huracán,Liga Profesional,2026,486,Right Back,Argentina,28,23/03/98,0,0,0.03,0.09,0.37,0,0,1,,0,0,0.02,0.37,0,0.02,0.37,0,0,0,0,0.05,0.74,-0.05,0.93,0.56,0.37,60,1.3,0,0.93,1.67,0.93,1.21,1.48,2.07,15.17,7.59,0,6.48,31.92,9.07,1.85,2.41,3.33,65,3.09,4.29,1.85,64,1.3,40,1.11,0.19,10.92,13.44,5.18,2.78,0.93,33.53,2.22,20,1.3,47,0.19,0,0,27.94,67,3.33,7,45,3.15,5.74,19,46,-21,46.22,1.85,0.11,0.15,23.13,90,3.73,2.96,0.56,0.56,0,0.19,1.11,1.67,0,0,0,0,0,28,62,10,31,63,6,21.57,20.03,0.92,105,-1.54,19.84,20.99,0,0,0,0,0,,0,0,,0,0,0,0,0,0,35,10,2.7,25,0.13,0.02,0,-0.04,,0.11
Federico Álvarez,Tigre,Liga Profesional,2026,1536,Left Back,Argentina,32,06/08/94,0,0,0.03,0.04,0.94,0,13,1,,0.01,0.06,0.03,0.59,0,0.02,0.47,0.06,0.01,0.12,0.06,0.06,1.52,0,0.7,0.53,0.18,75,1.05,0,0.7,0.64,1.64,1.69,3.16,2.26,11.84,5.86,0.02,5.1,28.76,11.89,4.51,1.93,3.57,77,1.64,3.32,0.7,68,0.59,72,1.93,0,9.2,7.52,3.22,1.99,0.82,34.44,2.11,23,1.29,65,0.12,0,0,33.92,62,2.7,87,34,4.1,7.09,14,53,-9,50.05,5.74,0.34,0.36,25.19,96,4.71,6.56,0.94,0.35,0.59,0.06,0.41,0.76,0,25,0.23,13,0.06,37,56,7,36,57,7,24.63,20.3,0.86,104,-4.33,21.17,21.09,0,0,0,0,0,,0,0,,0,0,0,0,0,0,39,12,4.21,29,0.11,0.06,0.02,-0.04,,0.15
Felipe Anso,Aldosivi,Liga Profesional,2026,390,Left Midfielder,Argentina,19,07/03/07,0.23,0.23,0.07,0.05,1.38,17,17,2,,0.23,0,0.05,0.92,0,0.04,0.69,0,0.01,0.23,0.23,0.12,2.31,0.11,3.23,1.85,1.38,57,0.23,0,2.77,4.15,0.69,0.41,0.46,0.41,24.22,11.07,0.02,5.77,49.94,7.38,3.69,1.85,2.54,80,1.24,1.65,2.08,0,0.46,33,0.69,0,20.99,10.88,5.31,5.54,1.61,49.52,9,43,3.46,63,0.46,0,0,20.53,60,2.08,19,45,0.69,4.38,16,65,4,59.6,3.23,0.26,0.31,21.91,74,6.08,5.77,0.69,0.23,0.46,0.23,3.92,4.15,0.23,33,0.46,67,0.46,18,73,9,16,72,12,20.38,15.66,0.9,99,-4.72,18.3,15.47,0,0,0,0,0,,0,0,,0,0,0,0,0,0,47,14,4.66,29,-0.05,-0.01,0.02,0.01,,-0.03
Felipe Bussio,CA Platense,Liga Profesional,2026,654,Right Defensive Midfielder,Argentina,22,15/06/04,0,0,0.03,0.06,0.41,0,0,1,,0,0,0.01,0.41,0,0.01,0.41,0,0,0,0,0.04,0.83,-0.04,0.55,0.41,0.14,75,0.69,0,1.1,0.55,1.93,1.44,2.2,1.62,25.71,13.48,0.04,10.04,40.36,14.44,6.33,2.48,4.4,67,2.08,3.52,2.2,46,1.24,68,2.06,0,21.04,16.59,7.98,4.95,2.06,42.71,5.78,27,2.48,50,0.28,0,0,32.18,71,2.06,22,63,2.89,2.61,20,71,0,46.65,2.89,0.11,0.11,21.18,94,4.2,4.54,0.41,0.41,0,0,0.14,0.55,0,33,0.14,100,0,26,68,6,27,73,0,19.87,18.97,1.02,101,-0.9,20.25,19.25,0,0,0,0,0,,0,0,,0,0,0,0,0,0,26,7,2.5,22,0.02,0.05,0.03,-0.06,,0.04
Felipe Peña Biafore,Lanús,Liga Profesional,2026,1303,Right Defensive Midfielder,Argentina,25,04/04/01,0.14,0.14,0.19,0.13,1.45,10,33,1,,0.1,0,0.02,0.55,0,0.02,0.55,0,0,0,0.14,0.21,2,-0.07,0.28,0.21,0.07,75,0.48,0,0.69,0.48,1.66,1.75,1.66,1.52,19.76,10.29,0.04,6.98,39.34,12.78,5.8,2.14,3.8,67,2.13,3.88,0.97,39,1.04,59,2.35,0,16.65,17.2,5.87,4.15,1.59,40.88,5.46,33,2.49,60,0.07,0,0,50.02,80,3.25,15,61,2.14,4.84,16,70,-10,49.24,5.18,0.5,0.63,32.54,97,3.22,9.67,0.69,0.69,0,0.14,2.69,3.39,0,10,0.07,25,0.35,22,70,8,21,73,6,19.37,17.12,0.97,108,-2.24,18.75,18.43,0,0,0,0,0,,0,0,,0,0,0,0,0,0,23,9,3.63,25,0.04,0.05,0.06,-0.06,,0.09
Felipe Zenobio,Tigre,Liga Profesional,2026,2169,Goalkeeper,Argentina,26,21/05/00,0,0,0,,0,,,0,,0,0,0,0,0,0,0,0,0,0,0,0,0,0,0,0,0,,0.12,0,0,0,0,0,0,0,0.08,0.04,0,5.85,2.69,2.78,0,0,0,,0,0,0.04,,0,,0,0,0.04,0.02,0,0,0,10.79,0,0,0,,0.04,0,0,14.9,68,5.77,12,44,2.61,10.62,13,46,-22,11.33,1.08,0.11,0.11,12.99,100,5.56,0.46,0,0,0,0,0,0,0,,0,,0,50,50,0,100,0,0,43.81,52.04,0.78,90,8.23,34.15,46.76,0.62,0.81,0.19,75,67,8,0.66,2.45,26,9.59,1.59,0.17,0.12,17.8,1,28,2,1.09,8,0.08,0.05,-0.03,,0.09,0.19
Fermín Antonini,Gimnasia Mendoza,Liga Profesional,2026,1494,Right Defensive Midfielder,Argentina,29,01/07/97,0,0,0.04,0.06,0.66,0,27,1,,0.06,0.06,0.01,0.42,0.06,0.01,0.42,0,0,0,0.06,0.05,1.08,0.01,0.42,0.24,0.18,57,2.05,0,1.2,0.54,1.27,1.07,1.45,1.17,29.1,14.64,0.04,9.16,41.05,12.23,5.12,2.95,4.22,64,2.42,3.49,2.29,34,1.69,44,1.08,0,23.86,18.39,7.17,6.45,2.17,42.61,8.01,34,3.49,54,0.36,0,0,33.02,84,2.29,14,73,1.69,2.89,19,72,-11,46.77,3.13,0.27,0.28,24.82,94,4.71,4.76,0.24,0.24,0,0.06,0.72,0.96,0,25,0.12,50,0.06,19,70,10,25,71,4,18.66,15.36,1,99,-3.3,18.62,15.22,0,0,0,0,0,,0,0,,0,0,0,0,0,0,19,8,2.89,20,0.02,0.05,0.07,0.02,,0.15
Fernando Alarcón,Instituto,Liga Profesional,2026,1875,Left Centre Back,Argentina,32,15/06/94,0.05,0.05,0.07,0.1,0.77,6,31,0,,0.05,0,0.02,0.24,0,0.02,0.24,0,0,0,0.05,0.1,1.01,-0.05,0.14,0.1,0.05,67,0.43,0,0.14,0.24,0.96,0.92,5.71,5.55,11.76,5.57,0.08,6.05,26.49,12.05,2.5,1.82,2.78,76,1.56,2.48,1.34,52,0.58,61,2.98,0.05,8.59,7.57,3.41,1.63,0.34,30.43,1.25,15,0.72,44,0.38,0,0,37.83,74,3.7,20,49,6.67,6.62,12,61,-13,39.8,3.41,0.34,0.38,26.07,99,3.71,3.31,0.19,0.19,0,0.05,1.78,1.97,0,0,0,0,0.19,38,59,3,45,51,4,24.46,23.42,0.91,96,-1.05,22.14,22.53,0,0,0,0,0,,0,0,,0,0,0,0,0,0,24,6,3.62,22,0.05,0.02,0.09,-0.02,,0.14
Fernando Iván Rodríguez,AA Estudiantes Río Cuarto,Liga Profesional,2026,375,Left Wing Back,Argentina,26,04/10/00,0,0,0.01,0.02,0.48,0,0,0,,0,0,0.02,0.72,0,0.02,0.72,0,0,0,0,0.03,1.2,-0.03,0.72,0.48,0.24,67,0,0,0.72,0.72,1.2,1.03,2.64,2.45,17.75,7.44,0.02,5.52,38.6,7.68,2.88,1.92,3.12,67,1.75,2.78,1.92,60,0.96,36,0.96,0,14.15,11.39,4.08,3.36,1.44,40.93,4.8,34,2.16,64,0.72,0,0,33.1,61,2.16,92,29,3.6,6.48,16,37,-24,53.74,6.96,0.08,0.09,25.91,96,5.93,7.68,1.44,0.96,0.48,0,0.24,1.2,0,33,0.72,23,0,38,58,4,50,44,6,22.46,15.63,0.88,97,-6.83,19.81,15.21,0,0,0,0,0,,0,0,,0,0,0,0,0,0,42,15,2.97,21,0.12,0.03,0.12,-0.01,,0.27
Fernando Juárez,Central Córdoba SdE,Liga Profesional,2026,347,Right Defensive Midfielder,Argentina,28,22/08/98,0,0,0,,0,,,0,,0,0,0.01,0.52,0,0.01,0.52,0,0,0,0,0.01,0.52,-0.01,0.26,0.26,0,100,2.59,0,1.04,0.26,2.85,3.11,2.08,1.64,19.98,9.6,0,6.75,41.1,12.46,4.67,2.08,4.93,80,2.24,5.35,1.82,0,0.52,53,2.34,0,16.09,15.31,4.41,4.67,1.3,43.44,5.97,37,2.59,56,0.26,0,0,44.63,85,7.53,21,85,2.59,8.3,16,66,-19,46,5.45,0.12,0.13,38.4,97,4.03,7.01,0.26,0.26,0,0,0,0.26,0,0,0,,0,24,72,3,44,52,4,24.25,20.71,1,111,-3.54,24.3,22.98,0,0,0,0,0,,0,0,,0,0,0,0,0,0,19,8,3.43,32,0.04,0.05,0.02,,,0.11
Fernando Martínez,Central Córdoba SdE,Liga Profesional,2026,1291,Right Back,Argentina,26,26/07/00,0.07,0.07,0.02,0.04,0.49,14,43,1,,0.01,0,0.07,0.28,0,0.07,0.28,0,0,0,0.07,0.09,0.77,-0.02,1.6,0.63,0.98,39,0.56,0,1.74,2.09,1.32,0.82,1.53,0.89,21.74,11.01,0.03,7.11,35.01,8.43,2.58,3,4.32,68,1.62,2.44,1.18,44,1.39,45,1.32,0,17.56,10.91,5.3,3.28,1.18,36.92,4.6,26,1.95,60,0.21,0,0,26.76,69,1.25,6,39,1.67,3.07,15,53,-16,49.15,3.41,0.23,0.27,25.16,86,6.39,3.97,1.12,0.63,0.49,0.21,1.88,2.51,0,25,0.49,23,0.21,27,63,11,30,58,12,19.13,13.72,0.93,99,-5.41,17.83,13.59,0,0,0,0,0,,0,0,,0,0,0,0,0,0,29,9,2.69,26,0.11,0.06,0.07,-0.01,,0.22
Fernando Muslera,Estudiantes,Liga Profesional,2026,1703,Goalkeeper,Uruguay,40,15/06/86,0,0,0,,0,,,0,,0,0,0,0.05,0,0,0.05,0,0,0,0,0,0.05,0,0.05,0.05,0,100,0.37,0,0,0,0,0,0.16,0.16,0.05,0.16,0,6.82,3.5,3.7,0,0,0,0,0,0,0,0,0.11,50,0.05,0.05,0.05,0.06,0.05,0,0,3.04,0,0,0,,0.05,0,0,20.66,81,6.29,8,56,2.85,8.61,17,65,-16,13.48,0.32,0.21,0.21,17.12,100,4.59,0.21,0,0,0,0,0,0,0,,0,,0,35,65,0,75,25,0,34.77,39.5,0.83,79,4.73,28.71,31.38,0.58,0.74,0.16,76,70,6,0.85,2.43,24,10.3,1.91,0.05,0,19.25,1,19,2,2.02,13,0.07,0.08,0,,0.25,0.4
Fernando Román,Defensa y Justicia,Liga Profesional,2026,439,Left Back,Paraguay,28,19/11/98,0.2,0.2,0.1,0.08,1.23,17,33,1,,0.21,0,0.05,0.82,0,0.05,0.82,0,0,0,0.2,0.14,2.05,0.06,0.61,0.2,0.41,33,1.02,0.2,1.02,0.82,0.82,0.69,4.1,3.47,17.83,9.83,0.07,7.38,31.53,9.43,3.07,2.87,3.69,88,3.19,3.88,1.43,60,0.41,70,1.43,0.2,13.73,12.5,4.71,2.66,1.02,34.89,3.48,25,2.05,77,0.61,0,0,30.32,63,0.82,85,33,4.51,2.05,12,38,-25,49.05,3.28,0.31,0.41,22.13,94,4.03,6.97,1.23,1.23,0,0.2,1.43,2.66,0,50,0.61,27,0.2,33,55,12,35,53,12,18.4,14.96,0.87,98,-3.44,16.07,14.71,0,0,0,0,0,,0,0,,0,0,0,0,0,0,37,12,4.28,26,0.04,0.22,0.09,0.1,,0.45
Fernando Román,Aldosivi,Liga Profesional,2026,1136,Left Back,Paraguay,28,19/11/98,0,0,0.01,0.03,0.24,0,0,0,,0,0.08,0.07,0.63,0.08,0.05,0.32,0,0.02,0.32,0.08,0.08,0.87,0,0.95,0.48,0.48,50,0.63,0,0.63,0.79,1.11,1.22,3.88,3.64,15.45,8.48,0.06,7.05,29.72,12.44,2.38,1.98,3.09,66,1.88,3.1,1.27,60,1.03,51,1.74,0,12.28,9.79,4.52,3.09,1.19,34.02,3.17,26,1.74,56,0.24,0,0,30.9,61,2.54,83,32,4.99,6.81,14,49,-12,42.86,3.25,0.09,0.15,22.58,94,4.99,3.96,1.03,0.55,0.48,0.08,0.48,1.03,0,23,0.32,29,0.08,37,60,3,56,42,2,24.14,23.69,0.88,86,-0.45,21.2,20.47,0,0,0,0,0,,0,0,,0,0,0,0,0,0,34,10,3.26,29,0.14,0.06,0.05,-0.02,,0.24
Fernando Tobio,Barracas Central,Liga Profesional,2026,1492,Centre Back,Argentina,37,17/10/89,0.12,0.12,0.03,0.1,0.36,33,50,0,,0.14,0,0,0.06,0,0,0.06,0,0,0,0.12,0.04,0.42,0.08,0.18,0.18,0,100,0.18,0,0.18,0,0.36,0.15,6.03,3.4,6.45,4.22,0.02,4.76,17.88,7.66,0.72,1.39,1.75,88,0.7,0.85,0.18,86,0.18,51,1.09,0,4.89,2.47,2.47,0.78,0.36,21.04,0.24,5,0.12,15,0.06,0,0,20.09,79,2.77,19,55,6.45,4.64,13,67,-11,32.63,1.21,0.14,0.16,13.81,99,4.68,0.66,0,0,0,0,0.6,0.6,0,,0,,0,33,65,2,45,55,0,25.45,23,0.9,93,-2.45,23.01,21.41,0,0,0,0,0,,0,0,,0,0,0,0,0,0,25,10,0.99,9,0.04,0.03,0.05,0.05,,0.16
Florián Monzón,Vélez Sarsfield,Liga Profesional,2026,1286,Centre Forward,Argentina,25,02/01/01,0.42,0.35,0.35,0.14,2.45,14,46,4,100,0.41,0,0.03,0.49,0,0.03,0.42,0,0,0.07,0.35,0.38,2.94,-0.03,1.82,0.56,1.26,31,0.91,0,1.82,3.78,0.35,0.5,0.77,0.84,18.62,8.33,0.01,5.53,66.34,5.25,3.08,0.84,1.19,63,0.81,1.31,1.68,13,0.49,42,3.08,0,16.1,18.44,4.76,4.76,1.96,69.51,14,87,4.2,88,0.21,0,0,20.93,70,0.49,5,64,0.98,0.56,30,59,-11,63.49,1.61,0.48,0.61,18.83,75,4.43,7.91,0.84,0.77,0.07,0.56,7.14,7.91,0,8,0.07,17,0.91,15,70,15,13,75,12,14.34,12.95,1.03,108,-1.39,14.71,14.04,0,0,0,0,0,,0,0,,0,0,0,0,0,0,32,11,3.25,23,-0.07,0,0.02,0.05,,0
Francisco Metilli,Belgrano,Liga Profesional,2026,1063,Left Defensive Midfielder,Argentina,29,28/03/97,0.34,0.34,0.21,0.11,2.03,17,38,3,,0.33,0,0.17,1.19,0,0.15,1.02,0,0.02,0.17,0.34,0.39,3.22,-0.05,1.1,0.76,0.34,69,1.44,0,1.19,1.19,0.76,0.74,0.68,0.6,20.83,9.91,0.02,7.11,48.82,8.3,4.4,1.61,2.37,68,1.64,2.38,0.85,20,0.76,16,0.25,0,18.46,17.26,5.76,6.18,2.29,49.98,8.47,46,3.73,60,0,0,0,38.35,79,1.61,84,63,0.93,2.29,18,83,4,54.04,5.67,0.56,0.6,34.37,95,4.85,11.01,1.02,0.85,0.17,0.42,2.29,3.13,0.08,33,0.42,50,0.59,19,71,10,19,72,9,16.99,13.93,0.99,98,-3.06,16.76,13.63,0,0,0,0,0,,0,0,,0,0,0,0,0,0,21,10,4.48,34,0.05,0.09,0.03,0.12,,0.3
Francisco Ortega,River Plate,Liga Profesional,2026,305,Left Back,Argentina,27,18/03/99,0,0,0.02,0.08,0.3,0,100,0,,0.1,0,0.01,0.3,0,0.01,0.3,0,0,0,0,0.04,0.59,-0.04,0.3,0.3,0,100,0.89,0,0.89,0.59,0.59,1.01,0.59,0.89,9.75,4.14,0.04,3.84,39.16,10.64,2.66,1.18,1.77,100,1.32,2.33,0.59,,0,75,0.89,0.3,7.98,7.59,2.66,2.36,1.77,42.34,2.96,37,1.48,63,0,0,0,44.92,79,1.77,87,43,0.89,3.84,14,67,-12,54.33,2.36,0.2,0.24,35.76,98,4.76,12.12,0.59,0.59,0,0,1.18,1.77,0,100,0.59,29,0,21,63,16,7,61,32,18.9,18.56,0.89,103,-0.35,16.8,19.08,0,0,0,0,0,,0,0,,0,0,0,0,0,0,26,8,2.16,16,0.05,0.03,0.1,0.05,,0.23
Francisco Romero,AA Estudiantes Río Cuarto,Liga Profesional,2026,1244,Centre Defensive Midfielder,Argentina,27,07/03/99,0,0,0.01,0.02,0.36,0,0,0,,0,0,0.06,1.16,0,0.02,0.51,0,0.04,0.65,0,0.07,1.52,-0.07,0.07,0.07,0,100,0.8,0,0.43,0.51,1.3,0.94,3.04,2.52,14.76,8.61,0.02,6.51,38.04,11.65,4.99,1.74,3.04,69,1.45,2.39,0.58,53,0.8,60,1.81,0.07,12.45,9.62,4.63,3.11,1.23,41.95,4.05,33,2.1,67,0.07,0,0,39.88,80,4.05,14,60,3.76,6.01,19,75,-5,49.05,4.41,0.1,0.12,28.3,98,3.95,6.3,1.52,0.36,1.16,0,0.29,0.65,0,14,0.22,38,0,23,71,6,30,67,3,21.57,17.74,0.95,106,-3.82,20.44,18.75,0,0,0,0,0,,0,0,,0,0,0,0,0,0,27,11,4.39,42,0.06,0.04,0.03,-0.02,,0.12
Francisco Scarpeccio,Newell's Old Boys,Liga Profesional,2026,331,Centre Forward,Argentina,20,21/01/06,0.27,0.27,0.18,0.13,1.36,20,60,3,,0.46,0,0.03,0.54,0,0.03,0.54,0,0,0,0.27,0.21,1.9,0.07,0.27,0.27,0,100,1.36,0,2.72,4.63,0,0,1.09,0.99,20.68,9.25,0,5.71,62.15,3.27,1.09,0.82,0.82,75,0.46,0.46,2.45,0,0.27,54,3.54,0,17.41,11.99,5.17,4.08,1.9,64.67,14.69,84,4.08,100,0.27,0,0,22.31,53,0.54,18,50,1.36,0.82,34,31,-22,61.67,0.82,0.17,0.26,19.59,69,3.13,5.71,0.54,0.54,0,0.54,4.9,5.44,0,0,0,0,1.09,15,55,29,5,52,43,13.76,13.15,1.11,131,-0.61,15.28,17.24,0,0,0,0,0,,0,0,,0,0,0,0,0,0,42,7,2.83,24,-0.03,-0.13,-0.01,0.08,,-0.09
Francisco Álvarez,Argentinos Juniors,Liga Profesional,2026,2495,Right Centre Back,Argentina,26,25/02/00,0.11,0.11,0.05,0.06,0.94,12,27,0,,0.08,0,0.01,0.25,0,0.01,0.25,0,0,0,0.11,0.07,1.19,0.04,0.18,0.18,0,100,0.94,0,0.25,0.36,1.01,1.48,5.7,8.27,8.95,4.22,0.07,6.35,25.87,12.37,1.73,1.48,2.49,73,2.19,3.67,0.79,48,0.54,64,3.93,0,6.67,9.96,3.35,1.01,0.54,29.22,0.9,14,0.32,32,0.29,0,0,65.14,87,5.74,12,61,6.75,8.4,11,72,-15,36.41,5.09,0.43,0.45,53.38,99,5.35,5.59,0.29,0.29,0,0.07,1.66,1.95,0.07,0,0.04,20,0.11,25,73,3,41,57,2,23.45,22.23,0.93,87,-1.22,21.79,19.27,0,0,0,0,0,,0,0,,0,0,0,0,0,0,16,7,3.74,23,0.06,0.09,0.06,-0.01,,0.19
Franco Cristaldo,Talleres de Córdoba,Liga Profesional,2026,1322,Centre Attacking Midfielder,Argentina,30,14/08/96,0.07,0.07,0.08,0.09,0.89,8,31,1,,0.03,0.14,0.14,2.31,0.14,0.09,1.5,0,0.05,0.82,0.2,0.22,3.2,-0.01,0.75,0.68,0.07,91,1.02,0,1.77,1.63,0.2,0.14,0.48,0.6,19.74,9.94,0,5.72,54.65,7.76,4.29,0.95,1.16,50,1.09,1.23,0.75,7,0.95,41,0.95,0.07,18.04,19.14,5.04,4.15,1.16,56.02,11.51,64,3.34,80,0.07,0,0,38.54,79,2.93,6,54,0.68,5.24,18,75,-4,57.74,4.7,0.37,0.5,35.54,92,4.5,12.12,1.91,1.09,0.82,0.27,2.18,3.27,0.07,7,0.34,38,0.48,13,73,15,16,71,13,19.45,14.73,0.96,113,-4.72,18.7,16.6,0,0,0,0,0,,0,0,,0,0,0,0,0,0,22,7,6.15,47,-0.02,0.03,0.01,-0.02,,0
Franco Escobar,Newell's Old Boys,Liga Profesional,2026,471,Right Back,Argentina,31,20/02/95,0,0,0,,0,,,0,,0,0,0.01,0.19,0,0.01,0.19,0,0,0,0,0.01,0.19,-0.01,0.19,0,0.19,0,1.34,0,1.15,0.95,1.15,0.74,2.86,3.41,18.33,8.4,0.01,8.02,29.79,11.26,2.67,2.86,4.01,63,2.22,2.96,1.53,38,1.72,54,1.34,0,13.94,11.91,6.3,3.63,1.72,33.26,4.01,29,2.1,58,0.38,0,0,31.5,71,0.76,20,36,3.05,1.91,15,55,-16,48.35,3.82,0.07,0.08,23.48,93,4.53,6.3,1.34,0.57,0.76,0,1.15,1.72,0,14,0.19,50,0.19,34,57,8,39,52,9,17.25,13.9,0.97,111,-3.34,16.68,15.43,0,0,0,0,0,,0,0,,0,0,0,0,0,0,33,14,2.6,33,0.14,0.04,0.01,,,0.19
Franco Ibarra,Rosario Central,Liga Profesional,2026,2320,Right Defensive Midfielder,Argentina,25,27/04/01,0,0,0.02,0.03,0.58,0,13,0,,0.02,0.08,0.04,0.81,0.08,0.04,0.81,0,0,0,0.08,0.06,1.4,0.02,0.58,0.43,0.16,73,2.79,0,1.44,1.01,1.05,1.26,1.36,1.68,23.09,11.45,0.04,9.16,38.89,12.34,5.59,3.72,4.77,81,5.01,6.28,1.71,48,0.89,65,1.24,0.08,17.69,22.87,6.63,6.05,2.37,40.55,5.01,28,2.72,45,0.39,0,0,50.98,85,4.81,19,70,2.29,5.94,17,76,-9,46.49,6.21,0.44,0.45,44.19,96,4.48,8.15,0.5,0.47,0.04,0.04,0.27,0.74,0.08,31,0.23,55,0,20,72,8,29,67,4,21.11,18.01,0.98,100,-3.1,20.6,18.09,0,0,0,0,0,,0,0,,0,0,0,0,0,0,16,6,5.38,33,0.05,0.07,0.06,-0.02,,0.16
Franco Jara,Instituto,Liga Profesional,2026,793,Centre Forward,Argentina,38,14/07/88,0.11,0,0.2,0.11,1.93,0,24,4,50,0.06,0,0.02,0.45,0,0.02,0.45,0,0,0,0,0.22,2.38,-0.22,1.02,0.45,0.57,44,1.93,0,1.7,2.5,0.23,0.15,0.45,0.4,11.57,3.06,0,2.61,62.11,4.31,3.18,0.34,0.57,60,0.31,0.46,1.36,33,0.23,20,1.02,0,9.87,10.82,2.5,2.38,0.68,65.08,8.05,82,1.81,76,0.23,0,0,17.24,74,1.25,14,92,0.45,1.36,30,59,-15,61.09,1.81,0.24,0.36,18.6,83,4.89,5.79,0.34,0.34,0,0.34,5.9,6.24,0.11,0,0,0,0.68,9,66,25,10,65,25,16.02,11.01,1.09,118,-5.02,17.4,13,0,0,0,0,0,,0,0,,0,0,0,0,0,0,26,8,2.34,18,-0.14,0.05,0.02,-0.16,,-0.24
Franco Leys,Aldosivi,Liga Profesional,2026,566,Right Defensive Midfielder,Argentina,33,17/10/93,0,0,0.01,0.02,0.32,0,50,1,,0,0,0,0,0,0,0,0,0,0,0,0.01,0.32,-0.01,0.16,0.16,0,100,1.27,0,0,0.32,1.27,0.96,1.27,1.22,21.13,11.44,0,8.42,38.1,11.28,4.93,2.07,3.34,68,0.98,1.93,1.75,25,0.95,40,0.95,0,17.32,10.17,6.36,3.02,1.27,39.62,4.61,27,1.59,53,0.16,0,0,32.41,79,3.34,10,57,1.91,5.24,12,63,-16,46.03,2.54,0.11,0.11,20.18,98,4.13,3.97,0.16,0.16,0,0.16,0.32,0.48,0,0,0,0,0.16,24,70,7,28,72,0,22.12,21.82,0.94,73,-0.3,20.7,16.01,0,0,0,0,0,,0,0,,0,0,0,0,0,0,22,9,1.99,18,0.05,0.04,0.01,-0.01,,0.09
Franco Nicola,Atlético Tucumán,Liga Profesional,2026,1622,Left Centre Midfielder,Uruguay,24,17/04/02,0.11,0.11,0.1,0.06,1.55,7,25,2,,0.1,0.06,0.11,1.33,0,0.06,0.67,0.06,0.05,0.67,0.17,0.21,2.89,-0.04,1.44,0.89,0.56,62,1.55,0,1.61,2.22,0.28,0.2,0.61,0.34,26.64,13.1,0.02,7.71,48.55,8.49,4.33,1.72,2,60,1.31,1.51,2.16,17,1.17,40,1.61,0,22.76,16.06,6.49,5.22,1.67,50.03,10.93,48,3.83,73,0.06,0,0,25.97,71,2.05,72,47,0.78,4.16,21,68,-3,57.92,3,0.26,0.31,23.53,89,6.29,7.66,1.55,0.56,1,0.11,1.78,2.33,0,21,0.44,27,0.17,13,71,16,14,72,14,19.16,14.57,0.92,95,-4.58,17.7,13.8,0,0,0,0,0,,0,0,,0,0,0,0,0,0,26,9,4.85,34,0.04,0.06,0.01,0.02,,0.12
Franco Pardo,Racing Club,Liga Profesional,2026,857,Right Centre Back,Argentina,29,04/04/97,0,0,0.03,0.08,0.32,0,33,0,,0.02,0,0,0,0,0,0,0,0,0,0,0.03,0.32,-0.03,0,0,0,,0.63,0,0.21,0.21,0.32,0.34,3.57,4.29,7.14,2.84,0.05,3.47,26.22,12.71,1.47,1.05,1.37,91,1.21,1.55,0.63,50,0.11,64,2.42,0,5.46,6.05,2.1,1.47,0.42,29.26,0.95,17,0.53,36,0.32,0,0,43.27,79,7.67,6,64,4.73,10.82,10,57,-23,35.76,2.31,0.25,0.26,30.56,99,3.81,2.31,0.11,0.11,0,0.11,0.84,0.95,0,0,0,,0.11,28,68,4,55,45,0,28.67,25.54,0.93,89,-3.14,26.57,22.64,0,0,0,0,0,,0,0,,0,0,0,0,0,0,19,6,2.19,16,0.05,0.04,0.01,-0.04,,0.07
Franco Saavedra,Gimnasia Mendoza,Liga Profesional,2026,1099,Left Back,Argentina,23,01/09/03,0,0,0.04,0.05,0.82,0,10,1,,0.03,0.08,0.12,1.06,0.08,0.11,0.98,0,0.01,0.08,0.08,0.15,1.88,-0.07,2.95,1.97,0.98,67,1.64,0,0.82,1.39,1.15,0.86,2.7,2.02,15.81,8.03,0.02,5.9,33.38,10.98,3.11,1.72,2.87,75,1.1,1.96,1.39,60,0.57,50,1.15,0.16,12.7,9.16,4.18,3.52,1.47,38.85,3.52,28,1.88,53,0.16,0,0.16,33.99,68,2.78,88,35,3.85,6.72,16,49,-19,47.92,5.41,0.33,0.38,30.96,93,5.2,5.98,0.9,0.66,0.25,0.08,0.82,1.47,0,27,0.25,19,0.16,40,55,6,49,47,4,22.54,20.25,0.87,100,-2.29,19.56,20.21,0,0,0,0,0,,0,0,,0,0,0,0,0,0,35,13,3.69,30,0.14,0.09,0.01,-0.03,,0.22
Franco Torres,Gimnasia La Plata,Liga Profesional,2026,780,Right Wing,Argentina,27,24/05/99,0.35,0.35,0.31,0.15,2.08,17,44,4,,0.28,0,0.15,1.5,0,0.12,1.38,0,0.03,0.12,0.35,0.46,3.58,-0.11,2.31,1.38,0.92,60,1.38,0,1.5,3.81,0.58,0.33,0.58,0.4,22.15,10.96,0,4.5,50.15,5.65,3,0.81,1.38,32,0.53,0.85,1.5,22,1.73,31,0.58,0,19.96,14.63,3.58,4.27,0.92,50.8,9.46,47,2.88,68,0.46,0,0,22.38,66,1.27,15,50,1.15,1.96,22,64,-3,62.41,4.62,0.54,0.69,23.54,83,6.45,9.35,1.15,1.04,0.12,0.23,3.58,4.62,0.23,50,0.81,50,0.23,19,67,14,16,65,19,17.07,17.85,0.95,107,0.78,16.19,19.13,0,0,0,0,0,,0,0,,0,0,0,0,0,0,29,8,4.56,35,0.03,0.08,0.01,0.09,,0.22
Franco Vázquez,Belgrano,Liga Profesional,2026,1822,Left Defensive Midfielder,Argentina,37,21/02/89,0.1,0.1,0.13,0.07,1.73,6,26,2,,0.13,0.15,0.09,1.14,0.15,0.09,1.14,0,0,0,0.25,0.21,2.87,0.03,1.73,1.24,0.49,71,2.57,0,2.57,1.73,0.69,0.64,0.59,0.5,15.22,7.26,0.01,4.74,45.29,10.23,5.68,2.17,2.87,73,2.23,2.87,1.43,38,0.79,55,1.04,0.05,11.61,11.76,3.76,3.21,1.38,47.29,4.74,41,2.03,63,0.3,0,0.05,41.65,80,4.2,84,77,1.43,4.6,20,79,-1,54.78,7.86,0.38,0.5,41.36,91,5.15,13.24,1.14,1.09,0.05,0.2,2.22,3.31,0.05,22,0.35,39,0.15,20,70,10,25,68,7,20.44,17.94,1.01,105,-2.5,20.6,18.84,0,0,0,0,0,,0,0,,0,0,0,0,0,0,21,9,5.21,38,0.04,0.08,0.02,-0.01,,0.13
Franco Watson,Lanús,Liga Profesional,2026,703,Centre Attacking Midfielder,Argentina,24,24/07/02,0,0,0.21,0.1,2.17,0,29,3,,0.14,0,0.11,1.66,0,0.08,1.41,0,0.03,0.26,0,0.32,3.84,-0.32,0.51,0.51,0,100,2.43,0,2.05,1.54,0.51,0.69,0.51,0.42,20.47,9.85,0.02,5.37,53.42,5.25,3.58,1.15,1.66,53,1.11,1.8,1.15,20,1.02,48,1.41,0,18.17,18.06,4.73,4.86,1.54,56.4,11,61,3.97,82,0.13,0,0,37.74,87,2.69,20,81,1.02,2.81,21,75,-11,58.11,5.76,0.36,0.45,33.39,92,5.52,14.33,1.15,0.9,0.26,0.26,3.97,4.86,0,22,0.38,60,0.38,11,71,18,14,78,8,18.4,14.84,1.03,113,-3.56,18.96,16.82,0,0,0,0,0,,0,0,,0,0,0,0,0,0,17,6,5.85,44,0.01,0.04,0.02,-0.03,,0.04
Franco Zapiola,CA Platense,Liga Profesional,2026,1509,Centre Attacking Midfielder,Argentina,25,18/02/01,0.12,0.12,0.13,0.05,2.45,5,37,3,,0.2,0.06,0.21,2.68,0.06,0.16,2.03,0,0.05,0.66,0.18,0.34,5.13,-0.16,1.91,1.31,0.6,69,1.91,0,2.27,2.56,0.6,0.63,0.24,0.25,18.07,8.77,0.01,6.2,54.01,6.5,4.06,1.25,1.85,66,1.3,1.93,0.89,47,0.66,26,0.48,0,15.98,16.1,5.13,4.59,1.55,55.45,9.96,62,3.64,79,0.18,0,0,36.68,72,3.94,92,55,1.25,6.08,23,73,2,61.5,7.28,0.35,0.54,38.82,89,4.92,14.67,2.5,1.61,0.89,0.42,2.33,3.94,0.3,21,0.78,34,0.42,22,71,7,23,71,6,21.73,18.64,0.95,106,-3.09,20.57,19.76,0,0,0,0,0,,0,0,,0,0,0,0,0,0,27,9,8.35,59,0.09,0.06,0.01,-0.01,,0.15
G.Baroni,Talleres de Córdoba,Liga Profesional,2026,887,Right Midfielder,Argentina,17,20/01/09,0,0,0.07,0.04,1.73,0,29,2,,0.03,0.3,0.11,1.52,0,0.02,0.41,0.3,0.09,1.12,0.3,0.18,3.25,0.13,1.93,1.02,0.91,53,1.32,0,2.33,2.54,0.3,0.37,0.51,0.64,25.58,13.4,0.01,7.71,50.96,7.71,3.35,1.42,1.73,67,1.63,2,1.02,33,0.71,47,0.91,0,23.14,29.63,6.8,8.12,2.23,51.87,12.79,55,6.7,83,0.1,0,0,33.5,68,3.25,86,43,0.81,7.31,21,65,-3,59.87,3.86,0.22,0.26,30.96,87,4.8,10.05,2.03,0.2,1.83,0.1,1.32,1.52,0,5,0.1,8,0,16,69,14,16,72,12,20.01,12.53,0.92,114,-7.49,18.35,14.29,0,0,0,0,0,,0,0,,0,0,0,0,0,0,27,7,6.9,49,0.06,0.05,0.02,-0.06,,0.06
Gabriel Alanís,AA Estudiantes Río Cuarto,Liga Profesional,2026,1498,Left Midfielder,Argentina,32,15/03/94,0.12,0.12,0.15,0.08,1.8,7,27,3,,0.08,0,0.07,0.9,0,0.06,0.72,0,0.01,0.18,0.12,0.22,2.7,-0.1,1.62,0.9,0.72,56,0.9,0.06,1.38,2.28,0.3,0.12,1.5,1.4,18.75,8.71,0.01,7.15,47.11,6.01,3.12,1.86,2.16,78,1.65,1.77,0.9,31,0.54,41,1.44,0,16.05,13.85,5.77,4.09,1.5,50.8,8.11,51,3.06,75,0,0,0.06,24.46,67,1.08,76,38,1.74,2.64,20,63,-5,59.5,2.4,0.3,0.39,22.84,87,5.37,6.97,0.78,0.42,0.36,0.24,3.37,3.79,0.06,38,0.42,24,0.3,16,68,16,17,59,23,18.31,14.14,0.92,95,-4.16,16.87,13.49,0,0,0,0,0,,0,0,,0,0,0,0,0,0,33,11,3.53,30,-0.01,0.09,0.01,-0.08,,0
Gabriel Arias,Newell's Old Boys,Liga Profesional,2026,668,Goalkeeper,Chile,39,12/09/87,0,0,0,,0,,,0,,0,0,0,0.13,0,0,0,0,0,0.13,0,0,0.13,0,0,0,0,,0,0,0,0,0,0,0,0,0,0,0,6.47,3.19,2.83,0,0,0,,0,0,0,,0,,0,0,0,0,0,0,0,,0,,0,,0.13,0,0,12.26,51,5.79,4,36,2.42,13.47,13,43,-8,12.35,2.96,0.02,0.02,9.57,100,6.34,1.08,0.13,0,0.13,0,0,0,0,0,0,,0,70,30,0,100,0,0,59.85,59.47,0.77,81,-0.38,46.13,47.96,1.62,1.39,-0.23,60,66,-6,1.17,4.04,39,10.24,2.12,0.13,0.13,15.25,2,40,4,1.35,10,0.14,0.06,,,-0.4,-0.2
Gabriel Báez,Talleres de Córdoba,Liga Profesional,2026,1042,Left Back,Argentina,31,20/07/95,0,0,0.04,0.08,0.52,0,17,0,,0,0,0.1,1.38,0,0.1,1.21,0,0.01,0.17,0,0.14,1.9,-0.14,0.86,0.69,0.17,80,0.43,0,0.6,0.6,0.95,1.09,1.55,1.95,12.61,6.82,0.02,5.44,38.03,8.98,3.11,2.25,3.2,79,2.51,3.6,0.69,68,0.6,44,1.04,0,9.67,11.36,3.8,2.85,1.21,44.25,4.15,43,1.99,70,0.09,0,0,45.77,79,2.59,90,48,1.9,5.01,12,77,-3,50.41,4.49,0.37,0.41,36.96,97,3.7,11.66,1.21,0.95,0.26,0.43,2.16,3.11,0,50,1.04,36,0.52,25,67,9,18,67,16,18.88,15.51,0.92,107,-3.37,17.37,16.57,0,0,0,0,0,,0,0,,0,0,0,0,0,0,24,8,5.93,34,0.12,0.05,-0.04,-0.03,,0.1
Gabriel Compagnucci,Atlético Tucumán,Liga Profesional,2026,472,Right Midfielder,Argentina,35,28/08/91,0,0,0.09,0.05,1.71,0,0,2,,0,0.38,0.25,1.52,0.38,0.25,1.52,0,0,0,0.38,0.34,3.24,0.04,1.14,0.95,0.19,83,1.14,0,0.38,0.76,0.95,0.8,0.76,0.49,9.91,3.62,0.04,4.38,42.9,8.57,4.19,0.95,1.9,56,0.71,1.51,0.57,20,0.76,58,1.33,0,8.38,8.39,2.48,2.1,0.57,46.16,3.43,41,1.14,55,0.19,0,0,36.77,70,2.1,9,52,1.33,3.43,21,64,-5,63.31,3.81,0.34,0.47,31.05,98,4.77,13.33,0.95,0.95,0,0.38,4.19,5.14,0,80,1.52,36,0.57,23,60,18,24,54,21,18.44,15.7,0.97,100,-2.74,17.84,15.75,0,0,0,0,0,,0,0,,0,0,0,0,0,0,26,8,4,26,0.16,0.08,0.06,-0.12,,0.18
Gabriel Díaz,CA Sarmiento,Liga Profesional,2026,480,Left Midfielder,Argentina,26,18/04/00,0,0,0.09,0.17,0.56,0,67,1,,0.03,0,0.02,0.38,0,0.02,0.38,0,0,0,0,0.11,0.94,-0.11,0.75,0.75,0,100,0.38,0,0.56,0.56,1.69,2.11,3,2.35,11.07,5.44,0.04,2.81,33.51,6.57,2.63,0.75,2.44,50,0.9,3.01,1.88,40,0.75,15,0.38,0,8.44,6.43,2.25,2.25,0.75,40.95,3.75,44,1.69,75,0.19,0.19,0,20.64,67,0.38,82,13,3.38,2.44,9,58,-9,48.93,1.31,0.15,0.24,16.14,94,4.91,3.75,0.38,0.38,0,0,0.56,0.94,0,50,0.19,11,0,37,51,11,35,40,25,20.83,15.51,0.85,54,-5.32,17.68,8.34,0,0,0,0,0,,0,0,,0,0,0,0,0,0,36,15,3.88,34,-0.02,0.03,0.06,-0.03,,0.05
Gabriel Neves,Estudiantes,Liga Profesional,2026,831,Right Defensive Midfielder,Uruguay,29,10/08/97,0,0,0.02,0.04,0.54,0,20,0,,0.02,0,0.11,1.84,0,0.07,1.08,0,0.04,0.76,0,0.13,2.38,-0.13,0.22,0.11,0.11,50,0.22,0,0.32,0.32,0.65,0.97,2.81,3.27,21.76,10.5,0.03,8.77,37.9,12.34,4.55,3.03,3.68,68,3.88,4.86,0.87,38,1.41,62,0.87,0,17.86,22.03,7.04,5.63,2.17,40.98,5.31,30,2.38,42,0.22,0,0,61.93,83,6.93,18,68,3.68,9.31,13,75,-8,45.52,6.39,0.3,0.36,46.66,99,3.3,8.01,0.97,0.32,0.65,0,0.32,0.65,0,0,0.11,50,0,20,72,8,24,74,1,22.52,20.01,0.98,90,-2.5,22.05,18.09,0,0,0,0,0,,0,0,,0,0,0,0,0,0,19,7,5.29,42,0.05,0.03,0.06,-0.02,,0.13
Gabriel Obredor,Deportivo Riestra,Liga Profesional,2026,710,Right Centre Forward,Argentina,29,05/01/97,0,0,0.09,0.06,1.65,0,23,3,,0.07,0,0.07,0.76,0,0.07,0.76,0,0,0,0,0.16,2.41,-0.16,1.77,0.89,0.89,50,1.39,0,2.28,4.81,0.38,0.09,1.01,0.64,36.36,16.6,0.05,10.89,55.81,6.71,3.8,1.77,2.15,70,0.9,0.98,3.04,14,0.76,48,4.81,0,31.54,17.22,8.49,6.59,2.15,57.35,19.89,63,5.83,88,0.25,0,0,22.04,54,0.63,5,38,1.65,1.01,39,54,0,63.52,1.77,0.26,0.39,17.86,71,7.61,6.84,0.76,0.76,0,0.51,7.22,7.98,0.13,67,0.63,36,0.76,25,63,12,24,61,15,15.38,14.52,1.01,114,-0.85,15.45,16.53,0,0,0,0,0,,0,0,,0,0,0,0,0,0,46,13,2.88,23,0,0.01,-0.01,-0.09,,-0.1
Gabriel Risso Patrón,Newell's Old Boys,Liga Profesional,2026,304,Left Back,Argentina,31,04/11/95,0,0,0,,0,,,0,,0,0,0,0.3,0,0,0,0,0,0.3,0,0,0.3,0,0.3,0.3,0,100,0.59,0,0.59,0.3,0.59,0.39,1.18,0.79,10.36,5.03,0,3.26,31.47,6.51,2.66,0.89,1.48,75,0.52,0.91,0.3,0,0.3,33,0.59,0,9.18,5.54,3.26,1.18,0.89,30.73,1.78,19,0.89,75,0,0,0,21.02,70,1.48,88,38,1.18,3.85,15,81,12,49.31,2.66,0.06,0.06,17.77,95,4.24,4.44,0.89,0.59,0.3,0,0,0.59,0,33,0.3,33,0,49,48,4,27,60,13,21.37,14.68,0.84,106,-6.68,17.94,15.52,0,0,0,0,0,,0,0,,0,0,0,0,0,0,43,14,1.72,18,0.11,0.03,0.02,,,0.17
Gabriel Rojas,Racing Club,Liga Profesional,2026,1411,Left Back,Argentina,29,21/06/97,0.06,0.06,0.01,0.02,0.45,14,43,0,,0.04,0.26,0.18,1.79,0.13,0.11,0.89,0.13,0.06,0.89,0.32,0.19,2.23,0.13,1.21,0.57,0.64,47,0.77,0,0.96,1.91,1.02,1.22,1.72,2.11,9.7,3.89,0.03,2.68,36.22,6.76,2.42,1.28,2.3,80,1.41,2.63,0.96,50,0.32,46,1.02,0,7.46,8.45,1.79,1.53,0.32,42.24,2.87,38,1.28,83,0.19,0,0,35.41,67,3.76,88,39,2.62,8.68,13,65,-2,55.52,5.42,0.26,0.33,30.88,92,4.73,9.25,2.93,1.4,1.53,0.32,1.21,2.62,0.06,26,1.08,28,0.51,25,65,10,28,59,13,24.07,20.15,0.86,100,-3.92,20.8,20.15,0,0,0,0,0,,0,0,,0,0,0,0,0,0,34,9,6.51,53,0.25,0.05,0.02,0,,0.32
Gabriel Ávalos,Independiente,Liga Profesional,2026,2212,Centre Forward,Paraguay,36,11/10/90,0.45,0.37,0.21,0.1,2.12,17,25,4,100,0.29,0.12,0.1,0.85,0.12,0.1,0.85,0,0,0,0.49,0.31,2.97,0.18,0.16,0.08,0.08,50,1.14,0.04,1.14,2.6,0.08,0.08,0.61,0.65,13.59,5.65,0.02,3.38,68.5,3.05,2.16,0.41,0.49,67,0.37,0.45,1.34,17,0.2,52,4.8,0,11.92,11.84,3.01,1.95,0.77,71.82,10.82,91,1.79,92,0.12,0,0,17.86,56,0.24,33,40,0.73,0.49,37,46,-9,62.87,0.89,0.29,0.49,12.94,81,3.23,5.41,0.41,0.41,0,0.57,7.44,7.85,0.08,0,0.12,19,0.65,18,62,20,17,69,14,13.63,12.44,1.01,99,-1.19,13.79,12.38,0,0,0,0,0,,0,0,,0,0,0,0,0,0,40,9,3.14,21,-0.02,-0.02,0.05,0.04,,0.05
Gaspar Duarte,Rosario Central,Liga Profesional,2026,466,Right Wing,Argentina,23,05/01/03,0,0,0.24,0.14,1.74,0,22,3,,0.03,0,0.05,0.77,0,0.05,0.77,0,0,0,0,0.29,2.51,-0.29,2.32,0.96,1.35,42,2.32,0,2.12,4.05,0.19,0.29,0.96,1.16,15.63,6.95,0,4.44,48.21,4.05,1.93,1.35,1.54,100,2.18,2.47,1.16,,0,33,0.39,0,13.12,15.98,3.47,5.02,1.54,50.27,5.98,46,3.28,65,0.19,0,0,22.58,69,0.19,11,33,0.96,0.58,19,61,-8,61.99,1.16,0.19,0.43,25.47,83,6.18,7.53,1.16,1.16,0,0.19,5.6,6.75,0,17,0.19,6,0.77,12,67,21,18,41,41,15.27,13.62,0.98,117,-1.65,15.03,15.89,0,0,0,0,0,,0,0,,0,0,0,0,0,0,23,12,4.5,27,0.03,0.12,0.03,-0.09,,0.09
Gastón Arturia,CA Sarmiento,Liga Profesional,2026,552,Right Centre Back,Argentina,27,28/10/99,0,0,0.04,0.06,0.65,0,25,0,,0.01,0,0,0,0,0,0,0,0,0,0,0.04,0.65,-0.04,0.49,0.16,0.33,33,0.49,0,0,0.33,1.63,1.46,5.21,5.87,12.22,5.21,0.07,3.75,29.6,9.61,1.3,1.14,2.77,100,1.38,2.84,1.47,100,0,73,3.1,0.16,9.61,10.65,2.77,2.28,0.49,32.51,1.14,12,0.33,14,0.16,0,0,27.38,75,3.26,10,53,7.01,4.4,24,61,-13,35.23,1.79,0.2,0.2,17.44,98,3.79,1.3,0,0,0,0,1.79,1.79,0,,0,,0,43,51,5,38,50,13,25.33,26.49,0.91,94,1.16,23.04,24.83,0,0,0,0,0,,0,0,,0,0,0,0,0,0,29,12,1.58,11,0.05,0,0.26,-0.04,,0.27
Gastón Benedetti,Estudiantes,Liga Profesional,2026,1666,Left Back,Argentina,25,28/03/01,0,0,0.03,0.07,0.43,0,0,0,,0,0.11,0.09,0.7,0.11,0.08,0.65,0,0.01,0.05,0.11,0.12,1.13,-0.01,0.7,0.49,0.22,69,0.43,0,0.65,1.03,0.92,0.88,2.05,2.4,13.35,6.48,0.03,5.35,31.44,9.35,2.86,2.16,3.08,70,2.39,3.27,0.97,40,0.92,60,1.13,0.05,10.21,11.07,3.57,2.11,0.76,35.43,2.54,25,1.57,74,0.27,0,0,39.93,75,4.05,88,50,3.19,6.92,13,61,-14,50.41,6.05,0.36,0.42,31.99,96,4.94,9.29,1.19,0.92,0.27,0.05,0.92,1.84,0,27,0.43,22,0.11,31,62,7,40,53,6,23.36,21.96,0.92,90,-1.4,21.42,19.79,0,0,0,0,0,,0,0,,0,0,0,0,0,0,29,10,4.41,32,0.11,0.06,0.04,-0.04,,0.17
Gastón Campi,Barracas Central,Liga Profesional,2026,718,Left Centre Back,Argentina,35,05/04/91,0,0,0,0.04,0.13,0,0,0,,0,0,0,0.13,0,0,0.13,0,0,0,0,0.01,0.25,-0.01,0.38,0.25,0.13,67,0.13,0,0.13,0.25,1.38,0.67,4.39,3.68,11.65,6.01,0.06,5.51,26.17,8.52,1.75,1.5,2.88,86,1.13,1.8,1.38,86,0.25,71,1.88,0,8.77,5.43,3.13,1.63,0.5,30.19,1.63,19,0.75,46,0.25,0,0,30.07,69,4.89,89,51,6.01,7.89,14,63,-6,38,3.13,0.09,0.1,21.8,98,4.75,2.38,0.13,0,0.13,0,0.38,0.38,0,0,0,0,0,45,52,3,63,32,5,27.15,26.85,0.91,90,-0.31,24.74,24.04,0,0,0,0,0,,0,0,,0,0,0,0,0,0,28,7,1.77,18,0.21,0.06,0.15,0,,0.41
Gastón Hernández,San Lorenzo de Almagro,Liga Profesional,2026,872,Left Centre Back,Argentina,28,18/01/98,0,0,0.03,0.15,0.21,0,0,0,,0,0,0,0,0,0,0,0,0,0,0,0.03,0.21,-0.03,0.62,0.41,0.21,67,1.03,0,0.1,0.52,1.76,1.58,8.05,7.25,13.84,6.92,0.08,8.05,23.5,9.19,1.76,2.48,4.23,86,2.59,4.17,0.62,60,0.41,64,3.3,0,10.74,10.21,4.34,1.76,0.93,29.29,1.45,13,0.72,41,0.21,0,0,35.52,83,2.89,26,68,8.78,3.51,14,62,-21,35.58,2.68,0.2,0.2,27.88,98,5.75,2.68,0.21,0.21,0,0,0.52,0.72,0,0,0,0,0,27,70,3,54,46,0,21.48,19.61,0.96,91,-1.88,20.72,17.76,0,0,0,0,0,,0,0,,0,0,0,0,0,0,21,9,1.89,19,0.02,0.04,0.1,-0.04,,0.12
Gastón Lódico,Instituto,Liga Profesional,2026,1180,Left Defensive Midfielder,Argentina,28,27/05/98,0,0,0.08,0.09,0.91,0,33,1,,0.04,0.15,0.27,3.28,0.08,0.17,1.75,0.08,0.09,1.52,0.15,0.35,4.19,-0.2,0.84,0.61,0.23,73,1.3,0,0.76,0.99,1.07,1.07,1.52,1.38,14.71,7.85,0.01,5.41,40.95,10.45,5.18,1.45,2.52,56,1.3,2.37,0.46,26,1.14,50,0.38,0,12.81,11.08,4.19,3.05,1.3,41.63,4.12,32,1.75,57,0.08,0,0,50.09,80,7.4,9,66,2.13,10.52,12,78,-2,53.1,7.32,0.6,0.73,41.93,97,4.33,12.2,3.81,1.75,2.06,0.23,1.98,3.74,0.23,16,0.84,39,0.23,18,74,8,31,64,5,23.11,18.45,0.96,105,-4.67,22.19,19.34,0,0,0,0,0,,0,0,,0,0,0,0,0,0,24,10,8.52,55,0.18,0.09,0.01,-0.07,,0.21
Gastón Martirena,Racing Club,Liga Profesional,2026,608,Right Wing Back,Uruguay,26,04/01/00,0,0,0.02,0.03,0.89,0,17,1,,0.01,0,0.08,0.59,0,0.07,0.44,0,0.01,0.15,0,0.1,1.48,-0.1,1.04,0.3,0.74,29,0.89,0,1.04,1.48,0.59,0.65,1.18,1.47,15.84,8.14,0.01,4.59,46.09,8.88,4,1.92,2.52,76,2.26,2.91,1.18,50,0.59,29,0.59,0,13.03,14.56,3.85,4,1.18,49.85,6.66,51,3.26,81,0,0,0,29.16,68,3.55,17,51,2.96,5.18,22,77,9,54.47,3.11,0.17,0.29,23.54,90,4.59,6.96,1.18,0.74,0.44,0,1.18,1.92,0,38,0.59,24,0,21,60,19,17,64,19,24.1,23.56,0.91,90,-0.54,21.9,21.11,0,0,0,0,0,,0,0,,0,0,0,0,0,0,33,9,3.46,33,0.07,0.04,0.13,-0.03,,0.2
Gastón Suso,Atlético Tucumán,Liga Profesional,2026,1546,Left Centre Back,Argentina,35,11/03/91,0,0,0.02,0.06,0.35,0,17,0,,0,0,0,0.12,0,0,0.12,0,0,0,0,0.02,0.47,-0.02,0.06,0.06,0,100,0.41,0,0.06,0.12,0.64,0.62,4.48,4.53,7.1,3.67,0.08,5.07,24.24,10.19,1.16,1.16,1.8,91,1.08,1.7,0.64,67,0.12,77,3.61,0,5.3,4.89,3.09,0.99,0.52,26.54,0.82,15,0.64,65,0.12,0,0,25.44,77,3.96,69,60,5.12,6,14,63,-14,32.78,1.57,0.12,0.13,13.68,99,4.16,1.4,0.06,0.06,0,0.06,1.16,1.22,0,0,0,0,0.06,34,63,3,58,38,4,27.08,22.01,0.93,98,-5.06,25.23,21.67,0,0,0,0,0,,0,0,,0,0,0,0,0,0,25,7,2.06,13,0.04,-0.01,0.1,-0.03,,0.11
Gastón Verón,Argentinos Juniors,Liga Profesional,2026,376,Left Centre Forward,Argentina,25,22/04/01,0.72,0.72,0.73,0.13,5.5,13,39,8,,1.04,0,0.07,1.2,0,0.07,1.2,0,0,0,0.72,0.8,6.7,-0.08,1.43,0.72,0.72,50,1.2,0,3.35,2.39,0,0,0.24,0.41,16.26,6.7,0,3.59,66.09,6.22,4.78,1.91,1.91,89,3.1,3.1,2.63,0,0.24,63,4.07,0,11.72,18.33,2.63,1.91,0.48,67.98,10.04,86,1.43,75,0,0,0,27.02,68,2.15,17,90,0.72,1.91,28,66,-2,60.63,4.3,0.73,1.07,26.3,83,4.8,9.33,1.2,1.2,0,0,12.2,13.39,0,40,0.48,40,0.48,20,61,19,26,54,21,16.11,14.87,1.1,107,-1.24,17.72,15.87,0,0,0,0,0,,0,0,,0,0,0,0,0,0,22,7,4.07,20,-0.14,-0.01,0.01,0.21,,0.08
Gastón Ávila,Rosario Central,Liga Profesional,2026,1818,Left Centre Back,Argentina,25,29/09/01,0.15,0.15,0.06,0.06,0.89,17,28,0,,0.11,0.05,0.03,0.35,0.05,0.03,0.35,0,0,0,0.2,0.08,1.24,0.11,0.1,0.1,0,100,1.34,0,0.2,0.2,0.84,1.24,4.21,5.37,9.31,5.5,0.04,5.79,25.75,10.84,1.93,1.49,2.33,68,2.12,3.37,0.59,33,0.69,59,2.18,0,7.23,9.77,3.66,1.24,0.59,31.24,0.99,14,0.54,44,0.15,0,0,48.13,83,7.38,86,67,5.15,10,11,75,-8,37.53,4.61,0.44,0.48,38.23,99,4.51,4.75,0.4,0.4,0,0.1,1.68,2.08,0.05,13,0.05,33,0.1,26,73,2,34,65,1,26.09,23.19,0.95,100,-2.9,24.69,23.21,0,0,0,0,0,,0,0,,0,0,0,0,0,0,17,6,4.01,25,0.1,0.05,0.01,0,,0.16
Germán Conti,Gimnasia La Plata,Liga Profesional,2026,654,Right Centre Back,Argentina,32,02/06/94,0.14,0.14,0.05,0.13,0.41,33,67,0,,0.11,0,0,0,0,0,0,0,0,0,0.14,0.05,0.41,0.08,0,0,0,,0.14,0,0,0.14,0.69,0.47,6.6,3.43,7.43,4.4,0.06,4.27,18.99,8.39,1.24,0.69,1.38,71,0.3,0.77,1.1,0,0.28,64,3.16,0,5.92,3.29,2.2,1.1,0,24.12,0.41,7,0.41,38,0.28,0.14,0,23.66,83,3.16,15,72,7.29,3.71,11,62,-21,32.81,1.1,0.2,0.2,14.45,100,3.06,1.38,0,0,0,0.14,1.24,1.24,0,,0,,0.14,32,63,4,40,50,10,23.45,21.64,0.97,116,-1.81,22.73,25.06,0,0,0,0,0,,0,0,,0,0,0,0,0,0,22,6,2.19,15,0.06,0.02,0.07,0.05,,0.2
Gianluca Ferrari,Atlético Tucumán,Liga Profesional,2026,797,Right Centre Back,Argentina,29,29/06/97,0,0,0.08,0.1,0.79,0,14,0,,0.04,0,0.07,0.56,0,0.07,0.56,0,0,0,0,0.14,1.35,-0.14,0.34,0.23,0.11,67,0.68,0,0.34,0.23,0.68,0.69,4.4,4.6,9.03,3.16,0.07,3.84,25.49,9.82,1.58,1.47,2.15,76,1.3,1.99,1.35,50,0.45,50,2.37,0,6.21,6.21,2.37,1.02,0.45,30.76,1.02,16,0.45,44,0.23,0,0,27.1,69,3.84,10,44,5.76,7.34,15,53,-16,36.47,2.03,0.22,0.26,18.4,98,5.65,2.03,0.45,0.45,0,0.23,2.26,2.71,0.11,25,0.11,50,0.23,38,60,2,33,67,0,29.43,30.01,0.89,90,0.57,26.11,27.1,0,0,0,0,0,,0,0,,0,0,0,0,0,0,26,7,2.59,15,0.09,0.04,0.13,-0.07,,0.19
Giovanni Cantizano,Rosario Central,Liga Profesional,2026,616,Left Wing,Argentina,19,20/03/07,0.15,0.15,0.17,0.08,2.04,7,50,3,,0.19,0.15,0.18,1.31,0.15,0.18,1.31,0,0,0,0.29,0.35,3.36,-0.06,3.21,2.04,1.17,64,1.46,0,2.77,3.21,0.15,0.2,0.44,0.7,18.26,7.16,0,5.99,50.98,6.86,3.94,1.9,2.04,81,1.69,1.88,1.17,40,0.44,0,0,0,15.19,17.2,5.26,5.55,2.34,51.71,7.45,49,4.09,74,0.15,0,0,32.42,76,0.73,18,45,0.44,1.61,13,58,-18,60.32,4.24,0.39,0.57,35.63,84,6.57,12.12,0.58,0.58,0,0.29,4.38,4.97,0,25,0.44,23,0.44,12,72,17,17,66,17,15.1,13.16,0.97,113,-1.94,14.71,14.93,0,0,0,0,0,,0,0,,0,0,0,0,0,0,27,9,4.45,23,0.02,0.11,0.02,-0.01,,0.14
Giuliano Cerato,Instituto,Liga Profesional,2026,2249,Right Wing Back,Argentina,28,09/06/98,0.16,0.16,0.05,0.06,0.8,20,45,1,,0.12,0.04,0.13,1.52,0,0.13,1.48,0.04,0,0.04,0.2,0.18,2.32,0.02,0.48,0.32,0.16,67,0.32,0,0.68,0.56,1.4,1.1,1.96,1.75,16.73,8.33,0.03,7.4,34.76,11.37,4.12,2.16,3.56,68,2.24,3.33,1.08,45,1.04,50,0.76,0.08,13.53,12.74,5.4,3.12,1.28,38.38,4,30,1.84,59,0.24,0,0,38.78,63,5.48,17,49,3.48,9.73,14,48,-15,53.19,6.84,0.47,0.59,30.3,97,4.58,10.49,2.64,2.24,0.4,0.24,1.88,4.12,0.12,44,1.52,36,0.16,33,59,7,30,66,4,25.46,23.74,0.91,89,-1.73,23.26,21.19,0,0,0,0,0,,0,0,,0,0,0,0,0,0,36,10,6.7,43,0.25,0.08,0.04,-0.01,,0.36
Giuliano Galoppo,River Plate,Liga Profesional,2026,397,Left Centre Midfielder,Argentina,27,17/06/99,0.23,0.23,0.32,0.1,3.18,7,36,3,,0.3,0,0.15,1.13,0,0.15,1.13,0,0,0,0.23,0.47,4.31,-0.24,0.68,0.23,0.45,33,2.49,0,2.27,2.04,0.91,1.51,1.59,2.55,17.69,8.39,0.08,3.18,46.03,9.3,4.31,0.68,1.59,43,0.86,2.37,1.59,0,0.91,50,1.36,0,15.42,24.51,1.81,4.76,0.68,49.05,7.03,46,3.18,67,0.23,0,0,37.65,84,4.54,25,83,2.72,4.31,15,77,-8,53.09,6.12,0.53,0.72,32.89,91,5.48,9.53,1.36,1.36,0,0.23,3.18,4.54,0,17,0.23,50,0.45,14,71,15,14,76,10,21.16,19.91,1,98,-1.25,21.22,19.56,0,0,0,0,0,,0,0,,0,0,0,0,0,0,18,7,4.97,28,0.06,0.09,0.03,-0.01,,0.18
Gonzalo Abrego,San Lorenzo de Almagro,Liga Profesional,2026,606,Left Centre Midfielder,Argentina,26,06/01/00,0,0,0.03,0.04,0.74,0,60,1,,0.09,0,0.05,0.45,0,0.04,0.3,0,0.01,0.15,0,0.08,1.19,-0.08,1.04,0.89,0.15,86,1.04,0,1.63,0.89,0,0,1.48,1.44,18.26,9.8,0.01,5.79,43.11,12.03,5.94,1.19,1.19,57,1.17,1.17,1.19,29,0.89,73,2.82,0,15.89,14.45,4.31,5.94,1.48,45.61,5.79,36,2.97,50,0.15,0,0,36.82,76,2.67,14,58,2.38,3.71,22,60,-16,50.56,4.75,0.18,0.19,27.61,93,4.54,6.98,0.45,0.15,0.3,0.15,1.19,1.34,0,33,0.3,33,0.15,25,64,11,38,53,9,19.73,17.19,0.98,93,-2.54,19.26,16.04,0,0,0,0,0,,0,0,,0,0,0,0,0,0,26,11,4.68,42,0.03,0.05,0.03,0,,0.11
Gonzalo González,AA Estudiantes Río Cuarto,Liga Profesional,2026,655,Right Wing Back,Argentina,23,14/04/03,0,0,0.02,0.08,0.27,0,0,0,,0,0,0,0.14,0,0,0,0,0,0.14,0,0.02,0.41,-0.02,0.69,0.27,0.41,40,1.37,0,0.69,0.96,1.37,1,2.33,1.68,17.85,7.69,0.01,5.08,35.38,7.69,2.88,1.79,3.16,59,1.11,2.1,1.92,57,1.24,77,1.37,0,14.15,9.57,3.71,1.92,0.14,36.57,3.98,28,1.24,64,0.14,0,0,26.78,62,1.92,4,44,3.02,3.71,15,39,-23,53.7,3.98,0.07,0.09,23.21,95,5.06,5.63,0.41,0.27,0.14,0,0.55,0.82,0,0,0,0,0,39,50,11,37,37,27,19.3,16.73,0.95,111,-2.58,18.36,18.51,0,0,0,0,0,,0,0,,0,0,0,0,0,0,35,13,2.38,23,0.05,0.06,0.06,-0.01,,0.15
Gonzalo Lencina,CA Platense,Liga Profesional,2026,641,Centre Forward,Argentina,29,17/10/97,0.14,0.14,0.32,0.12,2.67,5,37,4,,0.21,0,0.07,1.26,0,0.07,1.26,0,0,0,0.14,0.39,3.93,-0.25,0.84,0.42,0.42,50,1.69,0,1.69,3.09,0.28,0.2,0.42,0.45,20.51,8.29,0,6.6,64.89,3.93,2.53,0.56,0.84,67,0.4,0.6,1.55,33,0.28,47,2.53,0,18.54,18.81,6.04,2.81,1.26,66.79,15.59,84,2.67,95,0.14,0,0,18.4,65,0.14,11,20,0.56,0.56,29,55,-10,61.36,1.4,0.2,0.51,16.3,78,3.72,5.9,0.42,0.42,0,0.56,6.6,7.02,0,0,0.14,33,0.98,15,60,25,12,76,12,14.27,14.38,0.96,91,0.11,13.7,13.1,0,0,0,0,0,,0,0,,0,0,0,0,0,0,31,10,3.57,22,-0.05,0.01,-0.01,-0.04,,-0.09
Gonzalo Maffini,AA Estudiantes Río Cuarto,Liga Profesional,2026,1849,Right Centre Back,Argentina,33,16/01/93,0,0,0.04,0.09,0.44,0,22,0,,0.02,0.05,0.02,0.19,0.05,0.02,0.19,0,0,0,0.05,0.06,0.63,-0.02,0.1,0.05,0.05,50,0.58,0,0.1,0.15,1.56,1.41,6.86,5.4,12.85,6.38,0.07,6.13,24.4,13.72,1.75,1.9,3.46,65,1.4,2.81,1.02,40,1.02,73,4.23,0.05,9.98,7.9,3.6,2.14,0.68,28.41,1.46,15,0.78,36,0.19,0,0.05,30.56,70,3.55,14,45,7.93,6.76,17,59,-11,35.77,1.9,0.12,0.17,16.5,99,4.78,2.24,0.15,0.1,0.05,0.1,1.51,1.61,0,0,0,0,0.1,43,54,3,46,52,2,25.93,23.09,0.88,86,-2.84,22.91,19.85,0,0,0,0,0,,0,0,,0,0,0,0,0,0,32,9,1.75,15,0.07,0.03,0.01,-0.01,,0.11
Gonzalo Maroni,Barracas Central,Liga Profesional,2026,753,Left Centre Forward,Argentina,27,17/03/99,0.24,0.24,0.22,0.12,1.79,13,40,2,,0.29,0,0.07,0.96,0,0.07,0.96,0,0,0,0.24,0.29,2.75,-0.05,2.99,1.91,1.08,64,1.79,0,3.59,2.51,0.6,0.44,0.36,0.15,18.65,8.73,0,4.9,49,7.77,4.42,1.55,2.15,62,1.1,1.54,2.39,0,0.96,41,1.08,0,14.71,10.87,4.07,2.99,0.6,49.43,6.93,47,2.39,80,0.6,0,0,32.16,79,1.2,10,63,0.96,1.32,26,68,-11,59.72,6.46,0.32,0.44,35.27,84,8.3,12.31,1.2,1.08,0.12,0.12,3.71,4.78,0.12,10,0.12,14,0.24,20,67,13,26,65,9,18.12,16.32,1.01,105,-1.8,18.25,17.12,0,0,0,0,0,,0,0,,0,0,0,0,0,0,23,9,4.15,35,0.02,0.12,0.01,0.06,,0.21
Gonzalo Martínez,Tigre,Liga Profesional,2026,568,Centre Attacking Midfielder,Argentina,33,12/06/93,0.48,0.48,0.24,0.06,4.12,12,50,4,,0.35,0.16,0.21,2.06,0.16,0.14,0.95,0,0.06,1.11,0.63,0.45,6.18,0.18,3.17,2.06,1.11,65,5.23,0,3.01,3.01,0,0,0.32,0.14,17.12,8.4,0.02,5.07,53.29,10.15,6.66,2.06,2.06,81,1.65,1.65,0.95,0,0.48,44,0.63,0,14.11,10.83,3.96,3.17,1.27,54.18,7.77,55,2.54,80,0.16,0,0,38.37,68,5.39,85,53,0.95,9.51,16,62,-5,58.6,8.88,0.53,0.69,45.98,88,5.67,12.53,3.65,1.59,2.06,0,2.06,3.65,0,13,0.63,33,0.16,24,68,8,29,66,5,23.13,16.73,0.92,100,-6.4,21.37,16.8,0,0,0,0,0,,0,0,,0,0,0,0,0,0,28,8,8.83,56,0.14,0.16,0,0,,0.3
Gonzalo Montiel,River Plate,Liga Profesional,2026,2085,Right Back,Argentina,29,31/12/96,0.22,0.13,0.11,0.16,0.69,19,25,1,67,0.1,0.04,0.09,1.47,0.04,0.08,1.3,0,0.01,0.17,0.17,0.2,2.16,-0.03,0.6,0.26,0.35,43,0.91,0,0.43,0.91,0.86,1.32,1.99,3.13,9.15,4.06,0.02,3.97,39.43,9.5,2.76,1.68,2.55,81,2.65,3.96,0.52,64,0.39,52,1.42,0,6.95,10.83,2.68,2.29,0.86,44.19,2.72,39,1.47,64,0.17,0,0,52.02,81,2.46,7,54,2.37,4.14,12,70,-11,53.72,6.78,0.47,0.58,42.65,97,4.99,14.46,1.25,1.17,0.09,0.3,2.59,3.76,0,34,0.56,33,0.3,25,64,11,22,69,10,18.78,15.62,0.96,110,-3.16,17.96,17.15,0,0,0,0,0,,0,0,,0,0,0,0,0,0,23,11,6.2,34,0.14,0.08,0.02,0.02,,0.27
Gonzalo Morales,Barracas Central,Liga Profesional,2026,677,Right Centre Forward,Argentina,23,03/03/03,0.27,0.27,0.12,0.06,2,13,33,6,,0.32,0,0.02,0.4,0,0.02,0.4,0,0,0,0.27,0.14,2.39,0.13,1.06,0.27,0.8,25,1.06,0,1.73,2.39,0.13,0.11,0.4,0.18,9.71,4.12,0.02,2.26,55.82,4.79,2.79,0.13,0.27,50,0.05,0.16,1.06,0,0.13,28,1.46,0,8.51,4.96,2,1.86,0.67,60.39,5.99,70,1.6,86,0.13,0,0,15.56,62,0.53,78,36,0.8,1.06,36,57,-5,61.4,1.2,0.1,0.18,16.36,80,5.03,4.66,0.67,0.67,0,0.13,1.86,2.53,0.13,20,0.13,50,0.27,11,70,19,9,66,26,18.16,17.02,0.97,103,-1.14,17.7,17.56,0,0,0,0,0,,0,0,,0,0,0,0,0,0,34,10,1.29,16,-0.05,-0.02,-0.01,0.02,,-0.06
Gonzalo Piñeiro,Tigre,Liga Profesional,2026,349,Right Defensive Midfielder,Argentina,26,02/10/00,0,0,0.01,0.02,0.26,0,100,0,,0,0,0.01,0.52,0,0.01,0.52,0,0,0,0,0.02,0.77,-0.02,0.52,0.52,0,100,0.77,0,1.03,0,1.03,0.87,1.29,1.17,26.07,14.97,0.09,8.26,40.54,16,6.45,2.58,3.61,83,2.12,2.99,3.87,33,0.52,40,1.03,0,19.62,15.83,5.42,5.68,1.55,42.79,7.49,38,3.36,59,0.77,0,0,34.85,75,1.55,11,50,1.29,3.1,18,68,-7,45.06,2.58,0.09,0.09,23.75,96,4.65,3.87,0.26,0.26,0,0,0,0.26,0,0,0,0,0,28,64,7,33,67,0,20.09,17.78,0.97,108,-2.31,19.47,19.29,0,0,0,0,0,,0,0,,0,0,0,0,0,0,28,9,2.12,19,0.02,0.05,0.22,-0.01,,0.27
Gonzalo Pérez,Lanús,Liga Profesional,2026,659,Right Back,Uruguay,25,03/01/01,0,0,0.02,0.03,0.68,0,20,0,,0,0.14,0.12,0.82,0.14,0.12,0.82,0,0,0,0.14,0.14,1.5,0,0.14,0,0.14,0,0.55,0,0.27,0.14,0.55,0.51,2.32,2.85,10.78,4.37,0,4.78,34.27,13.79,5.05,1.77,2.32,72,2.32,2.83,0.96,44,0.68,50,1.09,0,8.05,8.92,3.69,1.37,0.55,37.65,1.77,22,0.68,50,0.27,0,0,53.51,80,3.55,18,43,3.14,7.51,10,76,-4,44.53,6.42,0.45,0.46,40.41,99,3.3,9.15,1.37,1.23,0.14,0,0,1.23,0,60,0.82,55,0,27,67,6,28,69,3,20.9,18.02,0.91,88,-2.88,18.94,15.79,0,0,0,0,0,,0,0,,0,0,0,0,0,0,23,8,4.19,28,0.21,0.05,0.03,-0.02,,0.27
Gonzalo Ríos,Independiente Rivadavia,Liga Profesional,2026,1258,Right Centre Midfielder,Argentina,27,26/01/99,0.14,0.14,0.06,0.05,1.22,12,47,1,,0.1,0.21,0.11,1.29,0.21,0.11,1.22,0,0,0.07,0.36,0.18,2.5,0.18,1.93,1.36,0.57,70,1.72,0,2.65,3.01,0.36,0.33,0.79,0.52,14.31,6.08,0,3.79,44.55,8.16,4.08,1,1.36,50,1.02,1.35,1.36,7,1,29,0.72,0,11.95,10.57,3.08,3.29,0.79,45.69,5.22,44,2.29,70,0.14,0,0,28.12,72,2.65,12,54,1.43,4.22,24,69,-4,59.61,5.87,0.48,0.57,30.05,84,6.16,10.38,1.57,1.14,0.43,0.21,1.57,2.72,0.07,36,0.86,43,0.21,20,65,15,23,61,16,20.26,17.7,0.95,98,-2.55,19.34,17.4,0,0,0,0,0,,0,0,,0,0,0,0,0,0,26,9,4.64,32,0.05,0.07,0.01,-0.02,,0.11
Gregorio Rodríguez,San Lorenzo de Almagro,Liga Profesional,2026,638,Right Wing Back,Argentina,26,16/01/00,0.28,0.28,0.14,0.17,0.85,33,50,1,,0.26,0.14,0.06,0.42,0.14,0.06,0.42,0,0,0,0.42,0.2,1.27,0.22,1.55,0.99,0.56,64,0.28,0,2.12,2.96,0.71,0.56,0.85,0.71,24.69,9.59,0.01,8.04,44.47,5.64,2.82,2.4,3.1,65,2.12,2.68,1.27,53,1.27,25,0.42,0,21.02,18.74,5.92,5.64,1.97,46.31,9.87,47,4.23,75,0,0,0,22.01,67,0.99,12,47,1.69,1.27,34,50,-17,59.17,2.4,0.3,0.45,24.69,83,6.87,5.92,1.13,1.13,0,0,1.97,3.1,0,38,0.71,29,0,24,54,22,29,57,14,18.42,16.38,0.96,84,-2.03,17.7,13.77,0,0,0,0,0,,0,0,,0,0,0,0,0,0,33,9,2.6,28,0.01,0.03,0.06,0.04,,0.13
Guido Carrillo,Estudiantes,Liga Profesional,2026,1490,Centre Forward,Argentina,35,24/05/91,0.12,0.12,0.34,0.11,3.08,4,45,5,0,0.32,0.06,0.09,1.21,0.06,0.09,1.21,0,0,0,0.18,0.42,4.29,-0.24,0.24,0.18,0.06,75,0.97,0,1.03,1.15,0.12,0.16,1.15,1.01,12.2,5.01,0.02,3.38,63.22,3.87,3.26,0.24,0.36,44,0.28,0.44,0.91,29,0.3,49,4.11,0,11.06,11.46,2.66,3.08,0.85,69.15,9.42,85,2.42,78,0,0,0,19.94,67,0.79,9,68,1.45,0.85,35,52,-15,62.13,1.93,0.55,0.77,11.06,86,3.92,7.25,0.24,0.24,0,0.6,8.46,8.7,0.06,0,0.06,14,1.15,16,67,18,13,76,12,15.38,14.96,1,99,-0.42,15.41,14.75,0,0,0,0,0,,0,0,,0,0,0,0,0,0,32,6,3.88,24,-0.04,0.01,-0.01,-0.02,,-0.05
Guido Herrera,Talleres de Córdoba,Liga Profesional,2026,1658,Goalkeeper,Argentina,34,28/02/92,0,0,0,,0,,,0,,0,0,0,0.05,0,0,0.05,0,0,0,0,0,0.05,0,0,0,0,,0.38,0,0,0,0,0,0,0,0,0,0,7.22,2.62,3.85,0,0,0,,0,0,0,100,0,,0,0.05,0,0,0,0,0,,0,,0,,0.16,0.05,0,19.16,68,8.9,70,49,2.55,15.58,12,56,-12,11.66,0.92,0.06,0.06,16.28,100,6.11,0.49,0.05,0.05,0,0,0,0.05,0,0,0,,0,51,49,0,100,0,0,43.19,44.67,0.8,79,1.49,34.54,35.49,0.65,0.79,0.14,76,72,5,0.83,2.77,26,10.64,1.79,0.05,0.05,15.41,3,28,3,1.23,10,0.11,0.05,,,0.18,0.34
Guido Mainero,CA Platense,Liga Profesional,2026,1671,Right Wing,Argentina,31,22/03/95,0.05,0.05,0.06,0.06,0.97,6,39,1,,0.06,0,0.05,0.97,0,0.02,0.59,0,0.02,0.38,0.05,0.11,1.94,-0.06,1.67,0.7,0.97,42,1.29,0,1.24,2.64,0.43,0.39,1.19,1.27,12.93,5.39,0.01,4.2,48.8,7.38,3.77,0.97,1.4,75,0.94,1.32,1.02,29,0.32,49,1.35,0,10.99,10.26,3.34,3.56,1.35,51.83,5.76,52,2.69,76,0.16,0,0,31.94,62,2.86,16,40,1.78,6.52,20,56,-6,61.18,3.12,0.18,0.21,29.14,89,6.06,9.37,1.35,0.65,0.7,0.27,1.83,2.48,0.05,32,0.59,19,0.16,14,71,15,8,74,18,21.8,17.18,0.9,98,-4.62,19.54,16.9,0,0,0,0,0,,0,0,,0,0,0,0,0,0,37,11,4.91,38,-0.01,0.08,0.01,-0.01,,0.07
Guillermo Enrique,Aldosivi,Liga Profesional,2026,317,Right Back,Argentina,26,23/02/00,0,0,0.03,0.02,1.13,0,0,1,,0,0,0.07,1.13,0,0.07,0.85,0,0,0.28,0,0.1,2.27,-0.1,5.11,2.84,2.27,56,1.13,0,1.99,3.69,1.42,1.33,1.99,2.15,12.48,5.11,0.03,5.67,37.15,9.93,4.82,1.99,3.4,70,2.51,3.85,0.57,33,0.85,63,1.42,0,9.93,7.17,3.97,1.7,0,43.49,3.69,37,0.85,50,0.28,0,0,27.8,62,3.97,16,42,3.4,7.94,13,67,4,51.13,6.53,0.16,0.18,30.93,83,7.4,6.81,1.13,0.85,0.28,0,0.85,1.7,0,75,1.42,56,0,20,71,9,13,83,4,23.95,25.51,0.91,104,1.56,21.91,26.46,0,0,0,0,0,,0,0,,0,0,0,0,0,0,41,14,3.83,34,0.12,0.08,0.03,-0.02,,0.21
Guillermo Soto,Tigre,Liga Profesional,2026,443,Right Back,Chile,32,18/01/94,0,0,0.01,0.01,0.61,0,0,1,,0,0,0.09,1.02,0,0.09,1.02,0,0,0,0,0.1,1.62,-0.1,0.81,0.2,0.61,25,0.2,0,0.61,1.02,1.22,1.12,2.64,2.24,9.34,4.26,0.04,4.26,28.08,9.95,3.86,1.02,2.23,56,1.18,2.29,1.02,20,0.81,33,0.41,0.2,7.31,7.82,2.84,1.02,0.2,28.81,1.22,17,0.41,40,0,0,0,33.5,73,1.22,7,38,3.25,2.64,18,56,-16,54.37,3.45,0.2,0.32,29.64,95,4.73,9.14,2.44,1.83,0.61,0.41,1.83,3.65,0,42,1.22,38,0.2,19,67,14,9,71,20,19.21,16.43,0.94,90,-2.78,18.02,14.86,0,0,0,0,0,,0,0,,0,0,0,0,0,0,32,12,4.91,35,0.17,0.06,0.03,-0.02,,0.26
Gustavo Abregú,Instituto,Liga Profesional,2026,1794,Right Defensive Midfielder,Argentina,29,03/07/97,0,0,0.02,0.07,0.35,0,14,0,,0,0.05,0.03,0.6,0.05,0.03,0.6,0,0,0,0.05,0.06,0.95,0,0.5,0.4,0.1,80,0.5,0,0.55,1.2,0.8,0.7,1.4,1.42,17.31,9.83,0.02,5.67,40.89,13.24,5.67,1.56,2.36,72,1.36,2.07,0.95,39,0.6,60,1.35,0,14.8,13.09,4.41,4.31,1.2,43.28,5.42,37,2.36,55,0.05,0,0,32.86,83,3.36,15,80,2.11,3.51,18,74,-9,49.47,3.16,0.43,0.46,24.68,94,4.45,6.72,0.4,0.4,0,0.05,0.45,0.85,0,0,0.1,50,0.1,15,77,8,19,77,4,21.23,19.81,1,100,-1.42,21.19,19.82,0,0,0,0,0,,0,0,,0,0,0,0,0,0,19,7,4.48,28,0.02,0.05,0.02,-0.02,,0.07
Hernán Galíndez,Huracán,Liga Profesional,2026,2528,Goalkeeper,Ecuador,39,29/03/87,0,0,0,,0,,,0,,0,0,0,0.04,0,0,0.04,0,0,0,0,0,0.04,0,0.04,0.04,0,100,0.14,0,0,0,0,0,0,0,0.07,0.04,0,6.62,2.31,2.88,0,0,0,0,0,0,0,50,0.07,,0,0,0.07,0.11,0.04,0,0,16.94,0,0,0,,0,0,0,18.58,69,5.77,20,41,2.67,11.43,18,65,-5,11.99,1.03,0.04,0.04,15.63,100,5.67,0.57,0.07,0.07,0,0,0,0.07,0,0,0,,0,48,52,0,100,0,0,42.88,43.2,0.74,76,0.31,31.69,32.76,0.68,0.82,0.14,74,69,5,0.85,2.6,24,10.75,1.57,0.18,0.11,14.66,-1,28,4,1.12,9,0.11,0.05,0,,0.15,0.31
Hernán López,Argentinos Juniors,Liga Profesional,2026,1307,Right Wing,Argentina,26,06/09/00,0.28,0.28,0.28,0.1,2.82,10,39,4,,0.38,0.21,0.2,1.93,0.21,0.16,1.45,0,0.04,0.48,0.48,0.48,4.75,0,1.93,1.03,0.9,54,2.41,0,3.31,3.79,0.28,0.39,0.14,0.24,19.42,8.47,0,5.85,59.75,7.78,5.1,1.65,1.93,71,2.4,2.8,1.31,9,0.69,40,0.41,0.07,16.6,24.31,5.03,4.75,1.86,60,11.36,68,4.13,87,0,0,0.07,31.06,66,2.69,83,48,0.83,4.89,15,59,-7,62.48,4.96,0.44,0.73,34.5,82,5.24,10.12,2.07,1.38,0.69,0.48,3.86,5.23,0.28,17,0.62,29,0.62,20,67,14,20,70,10,20.81,17.2,0.93,111,-3.61,19.39,19.05,0,0,0,0,0,,0,0,,0,0,0,0,0,0,30,8,5.98,37,0.06,0.07,0.01,0,,0.13
Horacio Tijanovich,Central Córdoba SdE,Liga Profesional,2026,1006,Left Defensive Midfielder,Argentina,30,27/02/96,0,0,0.11,0.09,1.25,0,57,2,,0.15,0.18,0.05,0.72,0.18,0.05,0.63,0,0,0.09,0.18,0.16,1.97,0.02,0.89,0.54,0.36,60,3.04,0,1.88,2.51,0.54,0.29,1.88,1.19,16.47,6.44,0.04,4.38,43.74,7.16,2.86,1.07,1.61,55,0.91,1.2,1.61,31,0.89,36,1.43,0,13.87,10.3,3.22,3.58,0.89,48.44,5.82,42,2.24,63,0.45,0,0,22.91,65,1.07,10,36,2.42,2.42,27,52,-13,54.52,2.24,0.23,0.28,23.36,85,4.73,4.92,0.36,0.36,0,0.27,2.06,2.42,0,25,0.18,25,0.18,24,63,13,31,53,16,19.22,15.99,0.95,99,-3.22,18.29,15.89,0,0,0,0,0,,0,0,,0,0,0,0,0,0,33,8,2.47,26,-0.01,0.08,0.02,-0.01,,0.07
Hugo Nervo,Huracán,Liga Profesional,2026,1154,Right Centre Back,Argentina,35,05/01/91,0.08,0.08,0.02,0.05,0.39,20,80,0,,0.12,0,0,0.08,0,0,0.08,0,0,0,0.08,0.02,0.47,0.06,0.08,0.08,0,100,0.39,0,0,0,0.55,0.68,7.48,8.81,5.07,2.57,0.05,4.91,21.05,10.6,1.48,0.94,1.48,57,1.13,1.81,0.08,20,0.7,63,3.66,0,4.05,4.86,2.03,1.09,0.47,26.17,0.39,10,0.23,21,0,0,0,41.63,82,4.52,15,59,8.03,7.17,10,64,-18,37.47,3.43,0.16,0.16,28.38,100,4.32,3.2,0.23,0.08,0.16,0,0.7,0.78,0,0,0,0,0,30,68,2,51,49,0,24.44,20.37,0.93,99,-4.07,22.73,20.2,0,0,0,0,0,,0,0,,0,0,0,0,0,0,18,6,2,14,0.07,0.03,0.04,0.05,,0.19
Ian Subiabre,River Plate,Liga Profesional,2026,884,Left Midfielder,Argentina,19,31/12/06,0.1,0.1,0.22,0.11,2.04,5,35,3,,0.26,0.2,0.12,1.43,0.1,0.06,0.92,0.1,0.06,0.51,0.31,0.34,3.46,-0.03,4.07,2.14,1.93,53,1.32,0.1,2.75,4.17,0.41,0.61,0.2,0.34,14.86,4.38,0.01,3.66,56.98,5.6,3.16,1.32,1.73,76,2.17,2.78,2.04,50,0.41,36,0.51,0,11.5,18.7,2.85,4.68,1.73,55.96,6.92,60,3.77,80,0.31,0,0,30.54,64,1.93,85,48,0.61,3.66,20,58,-6,61.72,3.56,0.54,0.72,35.22,83,6.13,10.38,1.12,0.51,0.61,0.2,4.07,4.58,0,9,0.31,14,0.2,15,63,22,14,57,29,18.82,12.71,0.96,105,-6.11,18.02,13.33,0,0,0,0,0,,0,0,,0,0,0,0,0,0,34,10,7.33,36,0.02,0.16,0,0.01,,0.18
Ibrahim Hesar,AA Estudiantes Río Cuarto,Liga Profesional,2026,452,Left Centre Forward,Syria,33,14/11/93,0.2,0,0.04,0.05,0.8,0,0,1,100,0,0,0.1,1.2,0,0.1,1.2,0,0,0,0,0.14,1.99,-0.14,1.59,1,0.6,63,2.39,0,1,4.98,0.4,0.22,1.2,0.77,23.72,9.77,0.02,5.18,57.49,4.78,2.99,1.79,2.19,69,1.55,1.77,1.79,20,0.8,41,2.59,0,20.13,15.64,4.78,3.79,1,60.34,14.95,74,3.59,95,0.6,0,0,24.92,60,0.4,83,40,1.2,1,34,48,-12,57.16,1.79,0.08,0.16,23.72,82,4.12,4.39,0.6,0.6,0,0.6,3.19,3.79,0,33,0.4,29,1,17,60,23,18,64,18,13.75,12,1.02,107,-1.76,14.03,12.81,0,0,0,0,0,,0,0,,0,0,0,0,0,0,40,13,2.25,17,-0.02,0.02,0.05,-0.05,,-0.01
Ignacio Abraham,Banfield,Liga Profesional,2026,2178,Left Back,Syria,28,11/01/98,0,0,0.02,0.03,0.58,0,36,1,,0.01,0.17,0.16,1.07,0.17,0.16,1.07,0,0,0,0.17,0.17,1.65,-0.01,1.32,0.79,0.54,59,0.66,0,1.03,1.32,0.83,0.4,2.85,1.8,11.2,5.83,0.01,4.46,33.29,8.64,3.51,1.61,2.44,72,0.93,1.32,0.45,46,0.62,51,0.83,0,9.21,5.36,3.18,1.74,0.7,37.97,3.02,33,1.16,67,0.04,0,0,27.19,59,2.31,89,33,3.88,5.99,12,51,-8,54.87,5.37,0.23,0.32,23.72,91,6.75,7.19,1.74,1.45,0.29,0.21,0.87,2.31,0.04,64,1.4,34,0.17,38,56,6,41,55,5,24.1,22.39,0.86,86,-1.7,20.73,19.27,0,0,0,0,0,,0,0,,0,0,0,0,0,0,40,10,4.33,32,0.22,0.07,0.05,-0.03,,0.32
Ignacio Arce,Deportivo Riestra,Liga Profesional,2026,2346,Goalkeeper,Argentina,34,07/02/92,0,0,0,0.08,0.04,0,0,0,,0,0,0.01,0.12,0,0.01,0.12,0,0,0,0,0.01,0.15,-0.01,0.08,0.08,0,100,0.23,0,0.04,0,0,0,0.04,0.02,0.19,0.08,0,6.14,3.8,6.48,0.04,0,0,0,0,0,0.04,0,0.04,,0,0.04,0.15,0.12,0.04,0.04,0,27.31,0,0,0,0,0.15,0,0,21.71,44,11.78,10,39,3.18,27.08,10,33,-12,17.51,5.6,0.11,0.12,19.95,100,10.09,3.45,0.61,0.5,0.12,0,0,0.5,0,0,0,,0,82,18,0,96,4,0,60.47,58.66,0.88,89,-1.81,52.91,52.38,0.58,0.64,0.07,81,78,2,0.65,2.95,30,9.82,2.04,0.12,0.12,21.63,1,51,4,2.41,22,0.26,0.09,0,0,0.1,0.45
Ignacio Chicco,Aldosivi,Liga Profesional,2026,388,Goalkeeper,Argentina,30,29/06/96,0,0,0,,0,,,0,,0,0,0,0,0,0,0,0,0,0,0,0,0,0,0,0,0,,0,0,0,0,0,0,0,0,0,0,0,7.88,2.5,2.78,0,0,0,,0,0,0,,0,,0,0,0,0,0,0,0,,0,,0,,0,0,0,9.74,71,7.19,75,53,0.93,12.75,6,100,29,9.76,1.62,0.19,0.19,9.28,100,6.89,0.7,0,0,0,0,0,0,0,,0,,0,57,43,0,100,0,0,46.12,44.67,0.79,100,-1.45,36.6,44.67,1.16,0.87,-0.29,71,78,-7,0.74,3.94,33,11.83,1.72,0,0,17.27,-1,41,2,1.97,14,0.1,0.05,,,-0.14,0
Ignacio Galván,Atlético Tucumán,Liga Profesional,2026,1541,Left Back,Argentina,24,05/09/02,0,0,0.03,0.05,0.53,0,33,1,,0.01,0,0.06,0.93,0,0.06,0.88,0,0,0.06,0,0.09,1.46,-0.09,1.52,0.58,0.93,38,1.05,0.06,1.69,2.34,1.11,0.69,2.69,2.12,12.21,5.02,0,5.31,37.63,10.8,4.03,1.93,3.04,79,1.53,2.23,1.05,67,0.53,66,2.04,0.06,9.29,7.47,3.91,2.57,1.17,41.76,3.33,36,1.69,66,0.18,0.06,0,31.19,70,2.22,82,48,2.92,4.38,15,67,-2,52.28,5.31,0.2,0.25,26.05,87,6.8,7.71,0.7,0.47,0.23,0.23,1.46,1.93,0,33,0.35,29,0.35,41,50,9,35,48,17,20.46,14.56,0.95,113,-5.9,19.41,16.5,0,0,0,0,0,,0,0,,0,0,0,0,0,0,30,10,4.63,30,0.16,0.1,-0.03,-0.02,,0.22
Ignacio Gariglio,Deportivo Riestra,Liga Profesional,2026,348,Left Centre Back,Argentina,28,24/04/98,0,0,0.07,0.09,0.78,0,33,1,,0.15,0,0,0,0,0,0,0,0,0,0,0.07,0.78,-0.07,0.26,0.26,0,100,0,0,0.52,0.26,0.52,0.12,4.66,1.63,15.53,10.1,0.05,10.1,25.37,12.17,3.62,1.55,2.07,46,0.51,0.63,0.78,29,1.81,50,2.07,0.52,13.2,4.58,6.21,3.37,1.29,29.5,1.81,14,1.29,38,0.52,0,0,16.31,49,1.55,24,32,5.44,4.14,12,56,6,40.44,1.55,0.1,0.12,7.51,93,5.83,1.81,0,0,0,0,2.07,2.07,0,,0,0,0,48,49,3,57,43,0,25.3,21.64,0.86,122,-3.66,21.7,26.39,0,0,0,0,0,,0,0,,0,0,0,0,0,0,53,11,0.88,8,0.07,0.03,0.1,-0.05,,0.15
Ignacio Malcorra,Unión,Liga Profesional,2026,343,Left Midfielder,Argentina,39,23/07/87,0.26,0.26,0.19,0.07,2.88,9,18,2,,0.03,0.26,0.39,2.62,0.26,0.34,1.83,0,0.05,0.79,0.52,0.58,5.5,-0.05,0.52,0.26,0.26,50,0.52,0,0.52,2.1,0,0,0.52,0.49,13.1,5.24,0,4.19,51.25,7.34,4.19,1.83,1.83,88,1.93,1.93,0.79,67,0.26,29,0.52,0,10.48,11.16,3.41,2.62,0.79,49.75,5.24,50,2.1,80,0.26,0,0,37.22,68,3.41,71,41,2.1,6.81,24,63,-6,61.04,4.46,0.47,0.9,31.71,93,4.17,12.84,3.15,1.83,1.31,0.79,3.41,5.24,0,17,1.05,33,0.26,21,65,13,24,57,18,22.24,18.51,0.94,94,-3.72,20.97,17.33,0,0,0,0,0,,0,0,,0,0,0,0,0,0,30,9,7.97,44,0.17,0.09,-0.02,-0.16,,0.08
Ignacio Malcorra,Independiente,Liga Profesional,2026,1317,Left Centre Midfielder,Argentina,39,23/07/87,0.07,0.07,0.12,0.07,1.85,4,22,3,,0.06,0.21,0.1,1.57,0.07,0.06,0.96,0.14,0.04,0.62,0.27,0.22,3.42,0.05,0.27,0.21,0.07,75,1.44,0,1.23,1.44,0.21,0.23,0.48,0.48,12.23,4.44,0.03,3.9,51.26,7.11,3.96,0.96,1.16,74,1.08,1.32,0.62,17,0.34,26,0.48,0,10.8,11.04,3.21,3.28,1.23,53.62,6.22,58,2.26,69,0.21,0,0,29.45,61,2.73,81,40,1.3,5.95,22,61,0,62.99,4.51,0.3,0.41,25.63,91,4.36,11.41,2.05,1.37,0.68,0.14,2.39,3.76,0.07,33,0.68,21,0.34,19,72,9,20,69,10,21.92,16.76,0.93,98,-5.17,20.31,16.35,0,0,0,0,0,,0,0,,0,0,0,0,0,0,33,7,6.36,43,0,0.06,0,-0.06,,0.01
Ignacio Miramón,Gimnasia La Plata,Liga Profesional,2026,1734,Right Defensive Midfielder,Argentina,23,11/06/03,0.05,0.05,0.04,0.06,0.57,9,36,1,,0.03,0,0.09,0.62,0,0.09,0.62,0,0,0,0.05,0.12,1.19,-0.07,1.14,0.78,0.36,68,2.08,0,1.61,1.35,0.99,0.82,1.35,1.16,22.21,11.62,0.01,7.63,42.47,11.57,5.14,2.49,3.48,73,2.17,2.99,1.71,32,0.93,68,0.78,0,18.06,13.77,5.86,5.14,1.92,43.86,7.16,40,3.37,66,0.47,0,0,41.62,77,4.2,15,61,2.28,5.92,14,70,-7,49.36,6.12,0.36,0.42,35.6,93,6.18,9.24,0.73,0.73,0,0.05,0.52,1.25,0.1,43,0.36,47,0.05,20,68,12,22,71,7,21.5,20.84,0.94,98,-0.66,20.21,20.51,0,0,0,0,0,,0,0,,0,0,0,0,0,0,22,8,5.09,34,0.03,0.09,0.04,0,,0.16
Ignacio Nicolás Campo,Huracán,Liga Profesional,2026,885,Right Back,Argentina,21,29/03/05,0.1,0.1,0.02,0.05,0.51,20,40,1,,0.05,0.1,0.02,0.31,0.1,0.02,0.31,0,0,0,0.2,0.04,0.81,0.16,1.32,0.92,0.41,69,0.81,0,0.71,0.92,1.22,1.08,2.64,2.11,16.07,7.83,0.02,6.81,33.08,8.34,3.36,1.93,3.15,61,1.67,2.75,1.22,39,1.22,48,1.02,0,12.92,8.92,4.68,3.15,1.02,36.94,3.97,31,2.03,65,0.51,0,0,24.51,70,2.03,15,57,3.05,3.15,15,70,0,50.71,2.24,0.11,0.12,20.65,94,3.97,5.49,1.22,0.51,0.71,0,0.41,0.92,0,17,0.2,22,0,36,52,13,22,54,24,20.41,17.01,0.93,96,-3.4,18.92,16.26,0,0,0,0,0,,0,0,,0,0,0,0,0,0,30,11,4.23,32,0.09,0.05,0,0,,0.13
Ignacio Ovando,Rosario Central,Liga Profesional,2026,2132,Right Centre Back,Argentina,19,28/06/07,0.04,0.04,0.09,0.19,0.46,9,27,0,,0.08,0,0.01,0.25,0,0.01,0.25,0,0,0,0.04,0.1,0.72,-0.05,0.25,0.17,0.08,67,1.48,0.04,0.51,0.25,1.65,2.19,3.29,3.67,9.58,4.85,0.04,5.66,28.55,11.14,2.07,0.97,2.62,70,1.27,3.46,0.76,29,0.42,59,2.28,0.04,7.85,9.87,3.71,1.48,0.68,32.82,1.31,17,0.63,43,0.13,0,0,43.1,87,2.15,13,59,3.67,3.25,12,67,-20,35.9,1.98,0.35,0.41,33.9,98,4.03,2.49,0,0,0,0.08,1.1,1.1,0,,0,,0.17,28,69,3,44,53,3,20.21,19.33,0.97,103,-0.88,19.51,19.86,0,0,0,0,0,,0,0,,0,0,0,0,0,0,16,7,3.46,22,0.05,0.04,0.02,0.01,,0.13
Ignacio Pais,Banfield,Liga Profesional,2026,1401,Left Defensive Midfielder,Argentina,26,29/05/00,0,0,0.06,0.06,1.09,0,18,1,,0.01,0,0.04,0.71,0,0.04,0.71,0,0,0,0,0.1,1.8,-0.1,0.45,0.32,0.13,71,0.71,0,1.03,0.64,1.16,0.52,1.73,0.95,28.59,16.96,0.04,9.96,41.12,14.14,6.88,2.76,3.92,62,1.42,1.95,2.51,29,1.67,37,1.16,0,23.45,13.64,7.78,6.43,2.18,42.65,8.1,35,3.34,52,0.19,0,0,33.99,75,2.51,19,59,2.51,3.47,17,68,-7,48.96,5.14,0.25,0.3,24.1,94,5.21,6.94,0.58,0.45,0.13,0,0.9,1.35,0.06,33,0.19,38,0.06,31,64,6,29,66,6,20.16,18.93,0.98,108,-1.23,19.71,20.37,0,0,0,0,0,,0,0,,0,0,0,0,0,0,28,10,3.93,30,0.05,0.07,0.03,-0.04,,0.11
Ignacio Perruzzi Ambrosini,San Lorenzo de Almagro,Liga Profesional,2026,1288,Centre Defensive Midfielder,Argentina,21,21/03/05,0,0,0.02,0.09,0.28,0,25,0,,0,0,0.02,0.35,0,0.02,0.35,0,0,0,0,0.05,0.63,-0.05,0.28,0.14,0.14,50,2.66,0.07,0.7,0.84,0.7,0.76,1.82,1.57,19.84,9.78,0.01,7.06,37.55,13.14,5.17,1.96,2.66,68,1.82,2.59,2.03,50,0.91,59,1.33,0.07,15.86,14.36,5.94,4.89,2.1,40.06,4.4,28,2.38,49,0.35,0,0,35.36,82,1.47,9,57,2.24,2.17,15,71,-11,45.03,3.84,0.17,0.24,26.13,94,5.17,5.31,0.35,0.35,0,0.14,0.63,0.98,0,0,0,,0.14,22,71,7,24,72,4,19.88,18.03,0.97,99,-1.85,19.26,17.86,0,0,0,0,0,,0,0,,0,0,0,0,0,0,19,7,2.77,23,0,0.05,-0.02,-0.01,,0.02
Ignacio Pussetto,Independiente,Liga Profesional,2026,461,Right Wing,Argentina,31,20/12/95,0.2,0.2,0.21,0.11,1.95,10,20,2,,0.12,0,0.09,0.78,0,0.09,0.78,0,0,0,0.2,0.3,2.73,-0.1,1.56,0.98,0.59,63,1.56,0,2.15,3.12,0.2,0.22,1.76,2.15,21.86,9.95,0,6.83,46.52,5.07,3.32,2.34,2.54,71,3.15,3.36,2.54,29,0.98,41,2.54,0,16.98,21.45,5.66,3.12,1.37,50.82,8.78,52,2.15,69,0.2,0,0,23.81,66,0.39,3,40,1.95,0.78,26,58,-9,65.87,1.56,0.45,0.54,22.25,81,4.94,9.56,0.39,0.39,0,0.78,6.44,6.83,0,50,0.2,11,0.98,16,69,15,12,71,16,16.1,15.51,0.93,100,-0.59,14.98,15.47,0,0,0,0,0,,0,0,,0,0,0,0,0,0,33,7,4.39,25,0.06,0.05,0,-0.09,,0.02
Ignacio Ramírez,Newell's Old Boys,Liga Profesional,2026,841,Centre Forward,Uruguay,29,31/01/97,0.43,0.32,0.23,0.11,2.03,16,37,6,100,0.19,0.11,0.03,0.32,0.11,0.03,0.32,0,0,0,0.43,0.27,2.35,0.16,0.75,0.21,0.54,29,1.93,0,1.18,3.1,0.21,0.12,0.54,0.49,21.62,7.92,0.01,4.92,64.34,2.78,1.5,0.64,0.86,60,0.38,0.5,1.5,0,0.43,30,1.28,0,19.59,13.12,4.17,3.21,0.96,66.52,15.84,81,3.1,97,0,0,0,11.35,62,0.11,3,17,0.64,0.54,17,35,-28,56.47,0.54,0.11,0.3,9.74,69,3.29,2.89,0.43,0.43,0,0.11,5.99,6.42,0,0,0,0,0.21,17,62,21,19,67,15,15.78,15.85,0.93,118,0.06,14.69,18.7,0,0,0,0,0,,0,0,,0,0,0,0,0,0,44,11,1.46,15,-0.02,-0.06,0,0.01,,-0.07
Ignacio Rodríguez,Racing Club,Liga Profesional,2026,631,Left Back,Argentina,24,21/02/02,0,0,0.02,0.03,0.57,0,0,0,,0,0,0.17,1.14,0,0.15,1,0,0.01,0.14,0,0.18,1.71,-0.18,1,0.57,0.43,57,1.57,0,2,1.71,1.28,1.2,1.57,1.79,14.55,5.85,0.03,6.13,35.87,11.7,3.85,3,4.28,78,3.29,4.49,1,45,0.86,70,1,0.14,10.56,11.03,4.71,2,0.57,38.95,2.85,27,1.28,64,0.29,0,0,47.22,78,3.14,81,52,2.85,4.71,17,72,-6,56.36,7.56,0.34,0.47,44.93,93,6.6,15.98,1.71,1,0.71,0.29,1.28,2.28,0,33,0.86,27,0.43,27,59,14,30,58,12,19.8,20.73,0.94,87,0.93,18.63,18.11,0,0,0,0,0,,0,0,,0,0,0,0,0,0,25,8,6.05,38,0.12,0.11,0.03,-0.02,,0.24
Ignacio Russo,Tigre,Liga Profesional,2026,2174,Right Centre Forward,Argentina,26,12/12/00,0.29,0.29,0.27,0.13,2.07,14,38,5,,0.22,0.12,0.1,0.87,0.12,0.1,0.83,0,0.01,0.04,0.41,0.37,2.94,0.04,0.5,0.33,0.17,67,1.82,0.04,1.04,2.4,0.25,0.24,0.58,0.36,13.37,4.97,0.01,3.06,62.86,3.6,2.98,0.95,1.2,79,0.56,0.8,1.2,50,0.25,30,1.49,0,11.22,8.1,2.57,3.15,0.87,66.6,9.11,81,2.82,89,0.17,0,0,18.51,59,0.58,13,52,0.83,0.87,29,53,-6,65.46,1.66,0.34,0.52,15.73,87,4.2,6.29,0.46,0.41,0.04,0.17,3.77,4.18,0.04,18,0.08,8,0.37,13,72,15,11,68,21,15.57,14.27,0.99,102,-1.3,15.46,14.61,0,0,0,0,0,,0,0,,0,0,0,0,0,0,39,11,3.13,21,-0.05,0.04,0,0.01,,0
Ignacio Sabatini,Gimnasia Mendoza,Liga Profesional,2026,706,Right Wing,Argentina,27,20/06/99,0.13,0.13,0.25,0.13,1.91,7,40,3,,0.45,0.26,0.23,1.4,0.26,0.23,1.4,0,0,0,0.38,0.48,3.32,-0.09,1.66,0.64,1.02,38,2.55,0.13,3.57,3.06,0.13,0.11,1.79,1.54,17.35,8.16,0.02,5.1,53.13,5.74,2.68,1.28,1.4,59,1.35,1.47,1.66,0,0.89,35,1.91,0,14.41,14.62,3.83,2.17,0.51,58.77,9.44,65,1.79,82,0.13,0,0,20.54,70,0.38,16,38,1.91,0.89,21,51,-19,65.27,2.42,0.41,0.69,23.34,74,6.82,8.42,1.02,1.02,0,0.77,4.59,5.61,0,63,0.89,58,1.15,24,60,16,14,70,17,15.88,14.64,0.98,102,-1.24,15.52,14.92,0,0,0,0,0,,0,0,,0,0,0,0,0,0,36,14,4.25,26,0.09,0.09,0.03,0.13,,0.33
Ignacio Vázquez,CA Platense,Liga Profesional,2026,1766,Right Centre Back,Argentina,29,14/05/97,0.05,0,0.04,0.05,0.71,0,29,0,100,0.02,0,0,0.15,0,0,0.15,0,0,0,0,0.04,0.87,-0.04,0.25,0.25,0,100,1.27,0,0.46,0.25,1.73,1.64,4.79,4.72,10.14,5.25,0.07,6.78,26.72,13,1.53,1.78,3.52,66,1.6,3.24,0.61,41,0.92,70,2.85,0.05,7.85,7.5,3.67,2.19,0.87,32.41,1.12,14,0.41,19,0.15,0,0,36.49,76,5.3,13,54,6.52,8.1,15,55,-22,36.71,2.96,0.2,0.21,26.55,98,5.03,3.01,0.2,0.2,0,0,1.53,1.73,0,0,0,0,0,32,65,4,42,54,3,27.02,27.78,0.92,82,0.76,24.75,22.67,0,0,0,0,0,,0,0,,0,0,0,0,0,0,26,10,2.31,18,0.06,0.06,0.02,-0.04,,0.1
Imanol González Benac,Gimnasia Mendoza,Liga Profesional,2026,636,Left Centre Back,Argentina,28,05/01/98,0,0,0.01,0.05,0.28,0,0,0,,0,0,0,0,0,0,0,0,0,0,0,0.01,0.28,-0.01,0,0,0,,0.71,0,0,0,1.41,0.71,6.22,4.89,8.77,4.39,0.03,3.82,24.03,10.33,0.85,0.85,2.26,75,0.93,1.64,0.71,80,0.28,69,3.54,0.14,7.21,5.94,2.12,1.27,0.42,27.96,0.85,12,0.28,22,0,0,0,32.25,69,2.83,90,42,6.79,6.22,11,30,-40,33.61,1.27,0.27,0.27,20.51,100,6.96,1.13,0.14,0.14,0,0,0.71,0.85,0,0,0.14,100,0,39,58,4,88,13,0,26.18,23.13,0.9,86,-3.05,23.47,19.93,0,0,0,0,0,,0,0,,0,0,0,0,0,0,26,6,2.18,18,0.03,0.03,-0.12,-0.01,,-0.08
Ismael Cortez,Gimnasia Mendoza,Liga Profesional,2026,308,Right Back,Argentina,26,25/06/00,0,0,0,0.01,0.29,0,100,1,,0,0,0.05,0.58,0,0.04,0.29,0,0.01,0.29,0,0.05,0.88,-0.05,1.46,0.88,0.58,60,0.58,0,2.05,1.46,0.29,0.17,2.05,1.39,19,12.57,0,9.35,31.41,10.52,2.92,2.05,2.34,41,1.55,1.72,2.05,23,2.92,33,0.29,0,14.91,11.37,5.55,2.63,0.88,34.83,3.8,25,1.17,44,0.29,0,0,21.92,59,2.92,13,43,2.05,6.72,7,38,-22,47.77,3.22,0.43,0.43,18.42,81,5.98,4.09,0.58,0.29,0.29,0,0,0.29,0,0,0,0,0,40,52,8,29,57,14,22.85,10.18,0.92,110,-12.68,21.07,11.21,0,0,0,0,0,,0,0,,0,0,0,0,0,0,42,11,2.63,19,0.04,0.04,0.02,0,,0.1
Iván Guaraz,Barracas Central,Liga Profesional,2026,538,Centre Defensive Midfielder,Argentina,21,10/03/05,0,0,0.01,0.02,0.67,0,0,1,,0,0,0,0.17,0,0,0.17,0,0,0,0,0.01,0.84,-0.01,0.5,0.5,0,100,1,0,1.17,0.33,0.5,0.14,2.68,1.88,17.57,8.2,0.04,7.53,33.97,12.55,5.19,1.34,1.84,80,0.79,0.92,1.17,33,0.33,50,1.51,0,15.06,7.31,5.52,3.85,2.01,37.18,3.35,22,2.17,57,0.5,0,0,32.12,74,2.34,22,50,3.18,4.18,20,55,-18,49.84,3.51,0.11,0.11,22.75,93,3.61,5.19,0.33,0.33,0,0,0,0.33,0,0,0,0,0,23,71,6,26,68,6,21.5,17.23,0.93,91,-4.28,19.98,15.66,0,0,0,0,0,,0,0,,0,0,0,0,0,0,23,7,1.67,17,-0.03,0.02,0.07,-0.01,,0.05
Iván Gómez,CA Platense,Liga Profesional,2026,911,Right Defensive Midfielder,Argentina,29,27/02/97,0,0,0.04,0.05,0.79,0,13,1,,0,0,0.01,0.3,0,0.01,0.3,0,0,0,0,0.04,1.09,-0.04,0.69,0.3,0.4,43,0.59,0,1.88,0.99,1.19,1.3,1.78,2.33,21.04,8.69,0.03,7.9,41.6,14.12,6.72,2.07,3.26,78,2.46,3.76,1.48,33,0.59,67,1.78,0,17.48,19.23,5.73,5.14,1.68,43.87,6.32,36,2.67,52,0.1,0,0,45.33,86,2.57,10,67,2.37,3.26,18,71,-15,48.57,3.06,0.41,0.42,35.55,93,4.66,6.91,0.1,0.1,0,0.1,0.79,0.89,0,100,0.1,20,0.3,18,69,13,19,73,9,18.98,16.9,0.98,100,-2.08,18.65,16.84,0,0,0,0,0,,0,0,,0,0,0,0,0,0,19,9,3.97,27,-0.04,0.08,0.11,-0.04,,0.11
Iván Marcone,Independiente,Liga Profesional,2026,2019,Centre Defensive Midfielder,Argentina,36,02/06/90,0.04,0.04,0.04,0.06,0.62,7,21,0,,0.05,0,0.02,0.67,0,0.02,0.62,0,0,0.04,0.04,0.06,1.29,-0.02,0.89,0.62,0.27,70,1.6,0,1.11,0.76,1.03,1.01,1.34,1.45,13.77,7.09,0.03,5.79,36.96,12.21,5.35,2.14,3.16,70,2.26,3.27,1.16,42,0.94,59,0.98,0,10.52,10.92,4.32,2.67,1.38,38.53,2.63,25,1.16,43,0.22,0,0,42.87,82,4.23,10,65,2.41,5.44,24,81,-2,49.89,5.84,0.29,0.31,36.68,95,5.1,9.23,0.8,0.8,0,0.18,1.16,1.96,0.18,0,0.04,33,0.13,24,70,6,32,66,1,21.56,18.32,0.97,100,-3.23,20.83,18.34,0,0,0,0,0,,0,0,,0,0,0,0,0,0,19,7,3.51,24,0.03,0.09,0,-0.01,,0.11
Iván Morales,Argentinos Juniors,Liga Profesional,2026,1087,Centre Forward,Chile,27,28/07/99,0.17,0.17,0.29,0.21,1.41,12,41,5,,0.19,0.08,0.06,0.91,0.08,0.06,0.91,0,0,0,0.25,0.35,2.32,-0.1,1.08,0.66,0.41,62,1.66,0,2.15,2.9,0.08,0.13,0.25,0.32,17.31,7.62,0.01,5.63,63.05,3.06,1.57,0.91,0.99,79,1.36,1.49,2.07,25,0.25,21,0.66,0,14.33,21.33,4.89,3.15,1.41,64.82,11.68,82,2.73,87,0.17,0,0,12.01,70,0.5,11,86,0.33,0.5,29,74,3,65.34,1.41,0.19,0.45,15.24,74,6.89,5.38,0.5,0.5,0,0.41,4.47,4.97,0.08,50,0.33,31,0.5,11,68,21,11,69,20,14.29,11.2,1.03,117,-3.1,14.77,13.05,0,0,0,0,0,,0,0,,0,0,0,0,0,0,30,12,2.26,15,-0.04,0.03,0.01,-0.03,,-0.04
Iván Tapia,Barracas Central,Liga Profesional,2026,1804,Left Centre Midfielder,Argentina,28,22/11/98,0.1,0.05,0.02,0.02,1.35,4,33,1,100,0.04,0.1,0.09,1.45,0.1,0.01,0.45,0,0.08,1,0.15,0.11,2.79,0.04,0.4,0.2,0.2,50,1.35,0,1.3,1.25,0.6,0.36,0.7,0.49,16.96,9.23,0,5.29,45.26,8.83,4.04,0.75,1.35,42,0.52,0.88,0.65,17,1.05,33,0.55,0,15.57,10.47,4.64,4.09,1.55,46.11,6.09,39,2.74,67,0.05,0,0,31.73,78,2.49,8,51,0.85,4.79,15,77,0,52.88,3.64,0.17,0.18,26.69,92,4.07,6.39,1.8,0.4,1.4,0.05,0.3,0.7,0,25,0.5,50,0.1,19,68,14,20,68,13,20.45,15.62,0.93,98,-4.82,19.12,15.36,0,0,0,0,0,,0,0,,0,0,0,0,0,0,23,8,4.27,40,0.04,0.04,0,-0.02,,0.06
Iván Villalba,Independiente Rivadavia,Liga Profesional,2026,1699,Right Centre Back,Paraguay,31,18/01/95,0,0,0.05,0.08,0.58,0,27,0,,0.01,0,0,0.05,0,0,0.05,0,0,0,0,0.05,0.64,-0.05,0.16,0.05,0.11,33,0.85,0,0,0.21,0.42,0.33,5.4,4.99,12.61,7.04,0.04,6.83,26.8,9.69,1.75,1.75,2.17,60,1.76,2.1,1.01,51,1.17,59,2.86,0,9.85,8.46,4.34,1.85,1.01,31.22,1.48,15,0.74,40,0.37,0,0,27.81,74,3.97,10,56,6.51,5.93,17,50,-24,38.71,2.38,0.33,0.36,19.76,99,4.42,2.07,0.16,0.11,0.05,0.11,1.48,1.59,0.05,0,0,0,0.05,39,58,3,62,38,0,25.64,25,0.91,80,-0.63,23.32,20.04,0,0,0,0,0,,0,0,,0,0,0,0,0,0,26,7,2.12,14,0.04,0.04,0.04,-0.04,,0.07
Jabes Saralegui,Tigre,Liga Profesional,2026,1107,Right Midfielder,Argentina,23,11/04/03,0,0,0.09,0.09,0.98,0,33,1,,0.03,0.08,0.12,0.81,0.08,0.09,0.49,0,0.03,0.33,0.08,0.21,1.79,-0.13,1.06,0.57,0.49,54,1.71,0,1.54,1.95,0.33,0.32,0.81,0.57,17.07,8.05,0.01,6.18,47.32,8.37,4.8,1.22,1.54,60,1.2,1.53,0.65,0,0.81,50,0.73,0,15.37,11.22,4.88,3.9,1.22,49.3,7.07,46,3.17,81,0.08,0,0.08,26.99,65,2.44,19,43,1.71,4.8,18,62,-3,57.58,3.74,0.23,0.33,26.26,89,4.47,7.64,1.22,0.73,0.49,0,1.06,1.79,0.08,27,0.33,29,0,23,66,11,30,64,6,21.88,18.3,0.92,97,-3.57,20.06,17.74,0,0,0,0,0,,0,0,,0,0,0,0,0,0,35,7,4.54,37,0.07,0.06,0,-0.04,,0.09
Jalil Elías,Tigre,Liga Profesional,2026,1638,Right Defensive Midfielder,Syria,30,24/04/96,0.05,0.05,0.04,0.09,0.44,13,25,0,,0.01,0,0.03,0.82,0,0.03,0.82,0,0,0,0.05,0.06,1.26,-0.01,0.49,0.16,0.33,33,0.77,0,0.6,0.93,0.88,0.82,1.37,1.09,18.41,9.56,0.04,6.7,42.22,13.19,6.32,1.1,1.98,56,1.2,2.02,0.55,18,0.88,53,1.7,0.05,16.76,13.61,5.17,4.4,1.48,44.12,6.1,36,2.25,51,0.05,0,0,43.41,83,1.92,9,65,1.59,2.75,18,75,-8,49.76,6.43,0.3,0.32,31.27,96,4.43,10,0.44,0.44,0,0.11,1.21,1.65,0.05,50,0.27,63,0.16,27,65,8,35,62,3,18.81,14.75,1.01,111,-4.07,19.09,16.4,0,0,0,0,0,,0,0,,0,0,0,0,0,0,21,9,4.49,31,0.07,0.06,0,-0.04,,0.09
Javier Burrai,CA Sarmiento,Liga Profesional,2026,1574,Goalkeeper,Ecuador,36,08/10/90,0,0,0,,0,,,0,,0,0,0,0,0,0,0,0,0,0,0,0,0,0,0,0,0,,0.17,0,0,0,0,0,0,0,0,0,0,7.37,2.41,3.09,0,0,0,,0,0,0,,0,,0,0,0,0,0,0,0,,0,,0,,0.17,0,0,16.06,66,7.37,12,45,1.31,14.92,10,70,4,10.49,0.91,0.1,0.1,14.06,100,6.15,0.63,0,0,0,0,0,0,0,,0,,0,57,43,0,100,0,0,45.28,36.32,0.79,88,-8.96,35.92,31.84,1.03,1.02,-0.01,73,73,0,1.07,3.77,31,12.29,1.83,0.06,0.06,14.09,3,33,3,1.23,11,0.11,0.04,,,-0.02,0.12
Javier Dominguez,Atlético Tucumán,Liga Profesional,2026,739,Right Defensive Midfielder,Paraguay,26,25/05/00,0,0,0.02,0.02,1.1,0,11,1,,0,0,0.02,0.73,0,0.01,0.61,0,0,0.12,0,0.04,1.83,-0.04,0.61,0.49,0.12,80,1.83,0,1.7,1.22,2.19,1.62,1.58,1,22.89,12.91,0.04,7.43,40.04,14.98,6.21,2.8,4.99,66,2.12,3.74,2.56,31,1.46,67,0.97,0,17.53,13.36,5.36,4.87,2.19,41.8,6.21,35,2.56,53,0.37,0,0,40.18,70,1.58,8,45,1.83,3.29,16,65,-6,51.05,4.26,0.38,0.39,30.8,91,4.8,8.77,0.49,0.37,0.12,0,0.24,0.61,0,0,0,0,0.12,27,65,8,25,71,4,18.16,16.5,0.96,100,-1.67,17.39,16.54,0,0,0,0,0,,0,0,,0,0,0,0,0,0,29,10,5.04,31,-0.04,0.08,-0.06,-0.03,,-0.06
Javier Ferreira,AA Estudiantes Río Cuarto,Liga Profesional,2026,585,Left Centre Forward,Paraguay,34,14/02/92,0,0,0.37,0.16,2.31,0,20,5,,0.17,0,0.02,0.62,0,0.02,0.62,0,0,0,0,0.39,2.92,-0.39,0.62,0,0.62,0,2.61,0,1.85,3.08,0.15,0.1,0.62,0.34,16.3,6.77,0,4,60.78,5.08,3.23,1.08,1.23,78,1.11,1.21,1.85,33,0.31,38,3.54,0,13.38,11,3.84,3.38,0.92,64.16,9.84,74,2.61,77,0.46,0,0,18.46,55,0,10,0,0.77,0.46,32,37,-19,59.79,0.77,0.28,0.48,15.38,74,4.44,4.31,0.15,0.15,0,0.46,6,6.15,0,0,0.15,50,0.62,22,61,17,25,61,14,14.61,11.13,0.93,103,-3.48,13.63,11.43,0,0,0,0,0,,0,0,,0,0,0,0,0,0,41,7,2.15,17,-0.03,-0.01,0,-0.13,,-0.17
Javier Vallejos,Central Córdoba SdE,Liga Profesional,2026,339,Goalkeeper,Argentina,23,02/01/03,0,0,0,,0,,,0,,0,0,0,0,0,0,0,0,0,0,0,0,0,0,0.27,0.27,0,100,0,0,0,0,0,0,0.27,0.12,0,0,0,7.42,3.11,3.98,0,0,0,,0,0,0,,0,,0,0,0,0,0,0,0,,0,,0,,0,0,0,22.01,70,3.98,12,32,2.65,10.08,11,50,-20,12.41,0.53,0.11,0.11,20.95,100,5.61,0.53,0,0,0,0,0,0,0,,0,,0,45,55,0,100,0,0,37.47,46.19,0.67,76,8.72,25.05,35.24,1.33,1.44,0.11,64,61,3,0.94,3.71,29,12.73,2.07,0,0,17.13,-2,21,1,0.74,7,0.06,0.08,0,,0.11,0.24
Jeremías Lázaro,Instituto,Liga Profesional,2026,639,Left Attacking Midfielder,Argentina,22,27/06/04,0.14,0.14,0.2,0.11,1.83,8,15,2,,0.12,0.28,0.47,2.25,0.28,0.46,1.97,0,0.01,0.28,0.42,0.67,4.08,-0.24,2.82,1.83,0.99,65,1.83,0,3.24,3.94,0.7,0.67,0.28,0.27,14.79,5.49,0,4.93,49.8,8.45,4.51,2.25,2.96,73,2.08,2.75,0.85,33,0.85,33,0.7,0,11.69,11.39,4.23,3.1,1.27,50.62,5.92,51,2.54,82,0.14,0,0,31.69,72,2.11,23,60,0.42,3.38,19,59,-13,59.24,3.8,0.41,0.94,35.91,82,5.42,11.55,1.69,1.27,0.42,0.85,4.93,6.2,0.28,25,1.13,44,0.85,19,64,17,21,62,17,17.59,14.83,1,98,-2.76,17.57,14.6,0,0,0,0,0,,0,0,,0,0,0,0,0,0,24,6,6.27,31,0.14,0.06,0.03,-0.03,,0.21
Jeronimo Russo,Newell's Old Boys,Liga Profesional,2026,1231,Left Back,Argentina,21,29/05/05,0.07,0.07,0.05,0.08,0.66,11,22,1,,0.01,0.15,0.1,0.88,0.15,0.1,0.8,0,0,0.07,0.22,0.15,1.54,0.07,1.75,1.39,0.37,79,1.83,0,1.61,1.02,0.95,0.81,2.27,1.57,15.5,7.68,0.04,6.36,33.53,12.28,4.53,2.05,3,65,1.37,2.18,0.88,32,1.1,50,1.24,0,12.57,9.45,4.61,2.56,1.02,37.42,3.51,28,1.68,66,0.29,0.07,0,36.33,67,2.92,82,37,4.02,6.14,16,53,-14,49.69,4.53,0.28,0.32,33.19,93,4.96,6.87,0.95,0.58,0.37,0.37,1.1,1.68,0,46,0.88,38,0.37,39,54,7,43,51,6,21.99,22.4,0.87,96,0.41,19.1,21.48,0,0,0,0,0,,0,0,,0,0,0,0,0,0,38,13,4.02,31,0.16,0.08,0.04,-0.03,,0.26
Jerónimo Gómez Mattar,Newell's Old Boys,Liga Profesional,2026,1084,Right Defensive Midfielder,Argentina,18,06/08/08,0,0,0.06,0.04,1.33,0,38,2,,0.06,0.08,0.06,1.08,0.08,0.02,0.42,0,0.04,0.66,0.08,0.12,2.41,-0.04,1,0.5,0.5,50,2.82,0,1.66,1.58,1.08,0.98,1.74,1.68,16.61,10.05,0.05,7.14,40.32,12.79,5.4,2.16,3.24,68,1.88,2.86,0.91,38,1,33,0.42,0,13.54,10.3,4.9,3.74,1.66,44.7,5.81,43,2.57,69,0.33,0,0,35.29,73,2.66,8,46,2.66,4.82,18,61,-12,52.31,4.9,0.18,0.26,30.81,91,5.19,6.98,1.91,0.83,1.08,0,1.08,1.91,0,13,0.25,30,0.08,26,62,12,31,65,4,21.02,18.48,0.94,109,-2.53,19.78,20.12,0,0,0,0,0,,0,0,,0,0,0,0,0,0,28,11,5.02,38,0.07,0.08,0.06,0.01,,0.21
Jhohan Romaña,San Lorenzo de Almagro,Liga Profesional,2026,1453,Right Centre Back,Colombia,28,12/09/98,0,0,0.02,0.09,0.25,0,0,0,,0,0,0,0.06,0,0,0.06,0,0,0,0,0.02,0.31,-0.02,0.06,0,0.06,0,0.99,0,0.5,0.25,0.99,0.8,5.02,4.48,11.4,5.33,0.06,6.2,23.25,10.9,1.61,1.36,2.35,92,1.44,2.24,0.93,86,0.12,70,3.28,0.06,9.11,8.82,4.15,1.8,0.99,26.49,0.93,10,0.5,28,0.25,0,0,31.54,83,1.61,13,49,5.27,3.04,15,68,-14,34.39,2.04,0.15,0.15,23.23,97,5.7,2.17,0.06,0.06,0,0,0.37,0.43,0,0,0,,0,22,76,2,29,69,3,21.76,18.57,0.95,97,-3.19,20.65,17.96,0,0,0,0,0,,0,0,,0,0,0,0,0,0,18,6,1.52,13,0.01,0.06,0.1,-0.02,,0.15
Jhon Córdoba,Instituto,Liga Profesional,2026,1364,Right Wing,Colombia,26,14/07/00,0.07,0.07,0.14,0.1,1.39,5,43,3,,0.12,0,0.14,0.92,0,0.14,0.92,0,0,0,0.07,0.28,2.31,-0.22,1.98,0.73,1.25,37,1.19,0.07,1.78,3.63,0.53,0.47,0.79,0.74,22.84,10.16,0.01,5.15,53.61,6.14,3.96,1.98,2.51,79,1.72,2.2,2.31,46,0.53,29,0.99,0,18.55,15.04,4.42,2.97,0.99,54.89,11.15,60,2.57,87,0.2,0,0,18.02,59,0.33,5,29,0.99,0.92,27,55,-3,66.41,2.31,0.44,0.56,19.93,78,6.88,6.53,0.73,0.73,0,0.53,4.55,5.28,0,73,0.73,31,0.66,15,68,17,11,67,22,16.01,15.12,0.99,92,-0.89,15.83,13.94,0,0,0,0,0,,0,0,,0,0,0,0,0,0,36,7,3.93,26,0.03,0.13,0.07,-0.03,,0.2
Jhon Rentería,CA Sarmiento,Liga Profesional,2026,452,Centre Attacking Midfielder,Colombia,21,23/10/05,0,0,0.21,0.11,1.99,0,50,3,,0.25,0.2,0.22,1.2,0.2,0.18,0.4,0,0.04,0.8,0.2,0.43,3.19,-0.23,7.17,3.19,3.99,44,3.19,0,4.58,6.97,0,0,0.2,0.3,25.11,9.76,0,7.57,57.3,5.98,2.59,2.39,2.39,71,2.71,2.71,1,44,1,30,0.6,0,21.72,23.63,6.18,7.97,2.59,58.18,14.55,67,6.38,80,0.6,0,0,23.12,72,1.99,88,63,0.2,3.19,17,70,-2,64.52,2.79,0.26,0.39,36.07,71,6.32,7.77,1.39,0,1.39,0.6,4.18,4.18,0,0,0.4,22,0.6,12,71,17,23,59,18,18.86,13.08,0.97,102,-5.79,18.38,13.35,0,0,0,0,0,,0,0,,0,0,0,0,0,0,24,12,6.52,43,0.1,0.07,0.01,0.05,,0.23
Jhonatan Candia,Barracas Central,Liga Profesional,2026,1130,Left Centre Forward,Uruguay,31,14/03/95,0.08,0.08,0.14,0.08,1.83,4,43,3,,0.18,0,0.02,0.56,0,0.02,0.56,0,0,0,0.08,0.16,2.39,-0.08,0.88,0.56,0.32,64,1.35,0,1.04,3.11,0.24,0.21,0.88,0.54,18.8,8.36,0.01,5.1,54.31,4.94,2.63,0.64,0.88,57,0.36,0.57,2.15,17,0.48,41,3.11,0,16.01,11.15,4.46,4.06,1.04,57.18,10.67,67,3.43,84,0.24,0,0,23.26,67,1.43,18,72,1.51,1.35,37,59,-9,58.16,2.23,0.12,0.24,18.08,84,4.04,6.29,0.16,0.16,0,0.08,3.74,3.9,0,0,0,0,0.16,14,67,18,15,67,18,16.68,14.36,1.02,102,-2.32,17.06,14.67,0,0,0,0,0,,0,0,,0,0,0,0,0,0,28,9,2.03,21,-0.1,-0.04,0,0.01,,-0.13
Joaquín Freitas,River Plate,Liga Profesional,2026,1200,Right Wing,Argentina,20,01/12/06,0.08,0.08,0.15,0.1,1.5,5,25,2,,0.11,0.15,0.21,1.8,0.15,0.21,1.8,0,0,0,0.23,0.37,3.3,-0.14,2.4,1.35,1.05,56,1.88,0.08,2.63,3.83,0.23,0.38,0.45,0.72,18,6.23,0.02,5.4,56.72,5.93,3.53,1.2,1.43,70,1.93,2.31,2.33,36,0.53,21,0.53,0,14.48,21.09,4.28,5.18,1.95,58.93,9.45,65,4.28,83,0.15,0,0,28.28,73,0.6,10,67,0.45,0.9,22,68,-5,62.45,3.38,0.3,0.61,31.13,82,6.31,10.05,1.13,1.13,0,0.53,2.78,3.9,0.23,40,0.75,50,0.6,15,67,18,15,69,16,14.62,11.98,1.04,116,-2.64,15.16,13.88,0,0,0,0,0,,0,0,,0,0,0,0,0,0,25,8,4.71,25,0.04,0.16,0.03,-0.02,,0.21
Joaquín García,Vélez Sarsfield,Liga Profesional,2026,1925,Right Back,Argentina,25,19/08/01,0.09,0.09,0.04,0.13,0.33,29,71,0,,0.06,0,0.06,0.98,0,0.05,0.94,0,0,0.05,0.09,0.1,1.31,0,0.51,0.23,0.28,45,0.51,0.05,0.65,0.84,0.94,1.07,1.4,1.63,11.92,4.72,0.03,5.61,37.17,9.35,3.09,1.59,2.53,71,1.74,2.82,0.89,45,0.65,50,1.12,0,9.59,11.19,3.97,2.53,1.08,41.38,3.55,37,1.5,59,0.14,0,0,42.65,77,2.57,15,54,2.15,3.97,12,62,-15,54.56,4.91,0.36,0.38,34.32,96,3.94,11.88,1.31,1.22,0.09,0.14,1.96,3.18,0,61,0.89,35,0.37,26,63,10,21,64,15,18.59,18.73,0.96,101,0.14,17.87,18.84,0,0,0,0,0,,0,0,,0,0,0,0,0,0,29,10,4.31,33,0.13,0.05,0.01,-0.01,,0.18
Joaquín Laso,Tigre,Liga Profesional,2026,1611,Right Centre Back,Argentina,36,03/07/90,0,0,0.02,0.04,0.39,0,0,0,,0,0,0.02,0.28,0,0.02,0.28,0,0,0,0,0.04,0.67,-0.04,0,0,0,,0.5,0,0.34,0.17,1.17,0.85,6.15,4.64,8.66,3.69,0.05,4.97,21.58,13.41,2.01,1.56,2.74,76,1.24,2.08,0.45,58,0.5,70,2.23,0,6.65,5.05,3.07,1.12,0.5,26.36,0.67,10,0.34,30,0.22,0,0,40.23,75,5.92,14,52,7.49,10.06,14,63,-13,35.35,3.46,0.29,0.3,28.33,99,4.8,3.8,0.34,0.34,0,0.06,0.67,1.01,0,50,0.17,38,0.11,35,62,4,38,60,1,28.22,26.66,0.89,85,-1.55,25.05,22.6,0,0,0,0,0,,0,0,,0,0,0,0,0,0,27,9,3.16,22,0.09,0.05,0.1,-0.02,,0.22
Joaquín Novillo,Aldosivi,Liga Profesional,2026,697,Left Centre Back,Argentina,28,18/02/98,0,0,0.02,0.06,0.39,0,67,0,,0.01,0,0,0.13,0,0,0.13,0,0,0,0,0.03,0.52,-0.03,0,0,0,,0.52,0,0,0.13,0.65,0.18,5.42,3.25,11.75,5.81,0.07,4.91,27.47,8.26,0.9,1.16,1.81,100,0.76,0.94,1.81,100,0,66,3.23,0,8.78,5.77,3.36,1.16,0.13,33.71,1.55,18,0.52,44,0,0,0,24.27,80,2.19,73,52,5.94,3.74,13,63,-17,32.56,0.65,0.05,0.06,15.62,100,3.86,0.9,0,0,0,0,1.29,1.29,0,,0,,0,33,65,2,71,29,0,24.51,23.22,0.94,91,-1.3,22.95,21.11,0,0,0,0,0,,0,0,,0,0,0,0,0,0,23,9,0.77,7,-0.01,0,-0.26,-0.02,,-0.29
Joaquín Pereyra,Estudiantes,Liga Profesional,2026,305,Left Back,Argentina,21,15/06/05,0,0,0.03,0.03,1.18,0,0,1,,0,0,0.06,0.88,0,0.06,0.59,0,0,0.29,0,0.09,2.06,-0.09,0.29,0.29,0,100,0.29,0,1.18,0.88,0.59,0.54,3.83,5.85,14.15,6.19,0.02,3.24,33.37,10.9,3.24,1.77,2.36,67,2.67,3.21,2.06,67,0.88,36,1.18,0,10.31,15.35,2.06,4.13,0.88,38.07,2.36,23,1.77,43,0.59,0,0,41.85,71,1.47,89,31,4.72,3.83,11,65,-6,50.12,6.48,0.2,0.29,33.3,94,3.09,6.19,0.29,0,0.29,0,0.59,0.59,0,0,0,0,0,30,60,10,33,57,10,19.71,19.51,0.94,109,-0.2,18.45,21.31,0,0,0,0,0,,0,0,,0,0,0,0,0,0,35,14,3.06,23,0.06,0.04,0.07,-0.05,,0.11
Joaquín Pombo,Aldosivi,Liga Profesional,2026,729,Left Centre Back,Argentina,25,17/03/01,0,0,0.01,0.06,0.25,0,0,0,,0,0,0,0,0,0,0,0,0,0,0,0.01,0.25,-0.01,0.25,0.12,0.12,50,0.25,0,0.12,0.25,0.99,0.8,6.29,3.64,11.11,5.31,0.09,6.05,21.33,8.76,1.48,1.48,2.47,67,0.94,1.74,1.36,0,0.74,63,2.1,0,8.39,5.98,3.58,1.73,0.99,26.9,0.62,7,0.25,14,0.25,0,0,22.09,74,2.34,82,46,7.65,3.7,19,39,-35,32.09,1.48,0.11,0.11,14.07,97,5.26,1.6,0,0,0,0,0.49,0.49,0,,0,,0,36,62,2,77,23,0,24.95,28.57,0.87,81,3.63,21.71,23.12,0,0,0,0,0,,0,0,,0,0,0,0,0,0,31,10,1.43,10,0.03,0.02,0.04,-0.02,,0.06
Joaquín Tobio Burgos,Estudiantes,Liga Profesional,2026,834,Left Wing,Argentina,22,13/12/04,0.11,0.11,0.14,0.08,1.62,7,47,2,,0.17,0.22,0.2,2.48,0.11,0.12,1.29,0.11,0.08,1.19,0.32,0.34,4.1,-0.01,1.73,0.76,0.97,44,0.86,0,1.73,2.7,0.76,0.81,0.32,0.43,16.29,6.69,0.03,4.53,49.84,6.15,2.7,0.76,1.51,47,0.79,1.59,0.86,20,0.86,69,1.19,0,14.67,15.16,3.88,4.86,1.73,50.75,7.01,48,3.24,67,0,0,0,28.81,73,3.02,86,60,0.54,4.86,16,70,-3,63.78,2.81,0.28,0.46,26.87,86,6.76,10.9,3.45,1.51,1.94,0.32,2.7,4.21,0,31,1.29,48,0.43,13,67,20,14,54,32,19.46,14.58,0.95,100,-4.88,18.51,14.54,0,0,0,0,0,,0,0,,0,0,0,0,0,0,24,6,6.42,38,0.17,0.06,0.02,0.08,,0.34
Jonatan Galván,Instituto,Liga Profesional,2026,1580,Left Centre Back,Argentina,34,24/06/92,0,0,0.04,0.05,0.8,0,14,0,,0.02,0,0.06,0.34,0,0.06,0.34,0,0,0,0,0.1,1.14,-0.1,0.17,0,0.17,0,0.34,0,0.17,0.23,1.42,1.26,4.1,3.92,10.82,5.47,0.04,5.24,29.44,9.97,1.94,1.25,2.68,69,1.3,2.56,1.71,53,0.57,66,3.02,0.06,7.97,7.28,3.02,1.37,0.4,34.94,1.59,20,0.57,42,0.34,0,0,36.34,73,4.84,24,50,5.58,8.26,14,48,-25,38.1,1.94,0.45,0.48,24.89,98,4.63,2.79,0.34,0.34,0,0.17,2.16,2.51,0,17,0.28,45,0.23,33,63,4,39,55,6,27.09,26.43,0.9,87,-0.66,24.33,22.94,0,0,0,0,0,,0,0,,0,0,0,0,0,0,27,7,4.08,27,0.1,0.03,0.04,-0.02,,0.14
Jonathan Gómez,CA Sarmiento,Liga Profesional,2026,569,Left Midfielder,Argentina,37,20/12/89,0.16,0.16,0.13,0.06,2.22,7,29,3,,0.07,0,0.03,0.63,0,0.03,0.63,0,0,0,0.16,0.16,2.85,0,0.47,0.16,0.32,33,2.37,0,1.74,1.42,0,0,1.74,1.75,11.87,4.75,0,4.11,39.48,6.17,2.85,1.42,1.42,75,1.21,1.21,0.63,0,0.47,40,0.95,0,9.81,9.75,3.32,1.74,0.79,42.72,3.16,32,0.95,55,0.16,0,0,30.7,78,1.74,4,50,2.06,3.16,19,71,-7,52.9,3.64,0.24,0.43,29.11,90,5.72,5.7,0.32,0.32,0,0.16,2.37,2.69,0,50,0.16,33,0.32,16,70,14,22,64,14,20.15,17.45,0.92,97,-2.7,18.63,16.92,0,0,0,0,0,,0,0,,0,0,0,0,0,0,18,5,2.72,20,-0.05,0.01,0.01,-0.03,,-0.07
Jonathan Herrera,Deportivo Riestra,Liga Profesional,2026,1056,Left Centre Forward,Argentina,35,15/09/91,0,0,0.26,0.12,2.3,0,44,5,,0.21,0,0.05,0.6,0,0.05,0.6,0,0,0,0,0.31,2.9,-0.31,0.43,0.34,0.09,80,0.94,0,1.36,2.39,0.26,0.09,0.6,0.31,20.7,7.24,0,4.86,62.62,3.75,2.47,0.77,1.02,90,0.35,0.44,2.13,0,0.09,31,1.7,0,17.89,8.45,4.17,3.15,1.02,63.84,13.21,74,2.73,86,0.34,0,0,15.42,55,0.34,8,40,0.68,0.77,27,51,-4,63.59,0.77,0.18,0.49,13.8,77,4.17,5.2,0.43,0.43,0,0.34,7.5,7.92,0,20,0.09,11,0.51,17,66,17,20,64,16,14.38,13.9,1.02,109,-0.49,14.65,15.08,0,0,0,0,0,,0,0,,0,0,0,0,0,0,39,10,2.15,20,-0.07,-0.05,0,-0.04,,-0.16
Jonathan Herrera,CA Sarmiento,Liga Profesional,2026,535,Left Centre Forward,Argentina,35,15/09/91,0.17,0.17,0.31,0.18,1.68,10,50,5,,0.35,0,0.04,0.5,0,0.04,0.5,0,0,0,0.17,0.35,2.19,-0.18,0.34,0,0.34,0,0.34,0,0.67,2.52,0.17,0.05,1.18,0.44,14.46,6.39,0,3.19,57.09,2.86,1.68,1.35,1.51,89,0.56,0.61,1.01,0,0.17,35,1.85,0,12.11,6.3,2.69,3.7,1.18,61.19,8.07,67,3.19,86,0,0,0,14.12,61,0.34,12,50,1.35,0.5,27,44,-17,62.63,1.18,0.34,0.41,11.27,90,5.47,4.54,1.01,1.01,0,0.5,5.38,6.39,0,17,0.34,40,0.67,15,65,20,15,70,15,13.36,12.33,1.11,97,-1.03,14.84,11.95,0,0,0,0,0,,0,0,,0,0,0,0,0,0,37,12,1.83,14,0.02,0.02,0.03,0.09,,0.17
Jordy Caicedo,Huracán,Liga Profesional,2026,2128,Centre Forward,Ecuador,29,17/11/97,0.51,0.38,0.31,0.18,1.73,22,54,5,100,0.35,0,0.03,0.47,0,0.03,0.47,0,0,0,0.38,0.34,2.2,0.04,0.63,0.21,0.42,33,0.85,0.04,1.65,2.28,0.21,0.23,0.72,0.71,17.89,7.61,0.01,4.44,64.7,2.96,2.28,0.59,0.8,74,0.56,0.78,2.11,17,0.21,34,1.78,0.04,15.27,14.5,4.02,3,1.1,67.91,12.98,85,2.62,87,0.47,0,0.04,12.31,59,0.25,15,55,0.76,0.42,37,55,-3,65.9,0.8,0.2,0.4,11.67,74,4.76,4.23,0.13,0.13,0,0.3,5.08,5.2,0.04,67,0.08,29,0.47,13,65,22,7,65,28,12.65,10.41,1.02,102,-2.24,12.86,10.57,0,0,0,0,0,,0,0,,0,0,0,0,0,0,38,10,2.06,17,-0.05,0.03,0,0.03,,0.01
Jorge Broun,Rosario Central,Liga Profesional,2026,398,Goalkeeper,Argentina,40,25/05/86,0,0,0,,0,,,0,,0,0,0.05,0.23,0,0.05,0.23,0,0,0,0,0.05,0.23,-0.05,0,0,0,,0.23,0,0,0,0,0,0.23,0.14,0.23,0.23,0,7.47,3.09,2.94,0,0,0,0,0,0,0,0,0.23,,0,0,0.23,0.38,0,0,0,7.75,0,0,0,,0,0,0,18.1,75,9.5,12,55,2.72,14.71,11,60,-15,11.6,1.13,0.08,0.13,14.94,100,4.71,0.23,0,0,0,0,0,0,0,,0,,0,46,54,0,100,0,0,42.33,44.26,0.83,75,1.93,34.94,33.38,0.91,1.24,0.34,73,63,10,1.21,3.39,26,13.13,2.33,0.23,0.23,16.14,-2,22,4,1.24,8,0.1,0.06,0,,0.12,0.28
Josue Reinatti,Newell's Old Boys,Liga Profesional,2026,1282,Goalkeeper,Argentina,23,01/06/03,0,0,0,,0,,,0,,0,0,0.01,0.07,0,0,0,0,0.01,0.07,0,0.01,0.07,-0.01,0,0,0,,0.21,0,0,0.07,0,0,0,0,0.14,0.07,0,7.37,2.6,2.6,0,0,0,,0,0,0,,0,,0,0.07,0.14,0.13,0.14,0.07,0.07,7.52,0,0,0,0,0,0,0,19.16,66,7.16,11,44,4.56,11.72,23,57,-9,12.64,1.26,0.11,0.11,17.19,100,5.97,0.56,0.07,0,0.07,0,0,0,0,0,0,,0,46,54,0,100,0,0,44.03,48.43,0.8,83,4.41,35.29,40.36,0.7,1.19,0.49,81,67,13,0.97,3.65,30,12.14,1.67,0.07,0.07,11.89,1,28,2,1.08,10,0.09,0.05,,,0.44,0.58
José Devecchi,San Lorenzo de Almagro,Liga Profesional,2026,620,Goalkeeper,Argentina,31,08/07/95,0,0,0,,0,,,0,,0,0,0,0.15,0,0,0,0,0,0.15,0,0,0.15,0,0,0,0,,0.29,0,0,0,0,0,0,0,0,0,0,6.83,2.54,3.49,0,0,0,,0,0,0,100,0,,0,0,0,0,0,0,0,,0,,0,,0.15,0,0,13.94,60,7.12,6,42,2.61,14.52,12,38,-22,10.26,0.87,0.1,0.1,12.2,100,7.63,0.15,0,0,0,0,0,0,0,,0,,0,63,37,0,100,0,0,47.95,52.26,0.76,80,4.31,36.32,41.73,0.58,0.78,0.2,81,74,7,0.96,3.05,28,10.75,1.37,0,0,17.21,-2,39,2,1.22,8,0.1,0.07,,,0.19,0.36
José Florentín,Independiente Rivadavia,Liga Profesional,2026,2071,Centre Defensive Midfielder,Paraguay,30,04/07/96,0.17,0.17,0.17,0.09,1.87,9,33,2,,0.23,0,0.07,0.7,0,0.07,0.7,0,0,0,0.17,0.24,2.56,-0.06,0.3,0.17,0.13,57,1.3,0,0.7,0.87,1,0.87,2.96,2.71,23.38,12.65,0.03,8.52,40.79,11.6,4.52,2.13,3.13,64,1.74,2.62,2.09,38,1.17,62,3.22,0,19.17,16.49,6.43,4.87,1.78,43.07,6.39,33,2.87,59,0.13,0,0,37.81,83,2.69,85,68,3.43,3.48,21,70,-12,48.5,4.35,0.43,0.57,27.95,96,4.65,6.52,0.17,0.17,0,0.17,3.56,3.74,0.13,25,0.04,20,0.52,24,65,11,25,70,5,19.67,16.93,0.98,104,-2.73,19.37,17.68,0,0,0,0,0,,0,0,,0,0,0,0,0,0,20,8,4.23,27,0.01,0.05,0.02,0.01,,0.09
José María Canale Domínguez,Lanús,Liga Profesional,2026,1516,Left Centre Back,Paraguay,30,19/07/96,0,0,0.03,0.11,0.3,0,40,0,,0.04,0,0.01,0.18,0,0.01,0.18,0,0,0,0,0.05,0.48,-0.05,0.48,0.48,0,100,0.89,0,0.48,0.36,0.89,0.93,5.64,5.72,8.13,3.98,0.07,4.93,22.48,10.21,1.84,1.78,2.67,79,1.92,2.85,0.59,63,0.48,62,2.61,0.06,5.76,5.85,2.79,0.77,0.48,25.75,0.42,7,0.18,23,0.06,0,0,43.41,85,3.74,86,58,6.83,5.23,13,69,-16,34.71,1.9,0.32,0.32,35.63,98,4.73,1.78,0.24,0.24,0,0,0.77,1.01,0.06,0,0,,0,26,71,2,43,50,7,23.49,22.95,0.93,93,-0.54,21.86,21.43,0,0,0,0,0,,0,0,,0,0,0,0,0,0,20,8,3.01,22,0.06,0.04,0.01,-0.01,,0.1
José Palomino,Talleres de Córdoba,Liga Profesional,2026,589,Left Centre Back,Argentina,36,04/01/90,0,0,0.08,0.08,0.92,0,17,0,,0.03,0,0.01,0.15,0,0.01,0.15,0,0,0,0,0.08,1.07,-0.08,0,0,0,,0.15,0,0.15,0.15,0.46,0.21,5.35,5.07,6.88,3.82,0.07,3.97,18.15,8.1,0.76,0.92,1.38,100,1.07,1.28,0.31,,0,73,4.13,0,5.66,5.2,2.14,0.76,0.46,20.96,0.46,8,0.15,20,0,0,0,42.64,83,1.99,91,39,6.27,4.13,10,43,-40,33.66,1.22,0.26,0.29,32.56,99,4.72,1.68,0.15,0.15,0,0,1.99,2.14,0,0,0,,0,27,73,1,45,55,0,22.76,21.39,0.92,95,-1.37,20.95,20.22,0,0,0,0,0,,0,0,,0,0,0,0,0,0,20,6,2.09,16,0.04,0.03,0.06,-0.1,,0.02
José Sosa,Estudiantes,Liga Profesional,2026,385,Left Defensive Midfielder,Argentina,41,18/06/85,0,0,0.04,0.04,0.93,0,25,0,,0.02,0.23,0.12,1.63,0.23,0.04,0.7,0,0.08,0.93,0.23,0.15,2.57,0.08,0.47,0.23,0.23,50,2.1,0,0.23,0.47,0.47,0.72,0.47,0.85,14.01,7.01,0.02,4.67,44.72,11.91,5.6,1.4,1.87,50,2,2.72,1.17,38,1.4,60,1.4,0,11.44,15.67,3.74,3.97,1.17,45.62,4.67,41,2.57,65,0.47,0,0,68.42,80,8.17,16,65,0.93,12.14,16,78,-2,53.13,11.44,0.19,0.19,57.68,99,4.15,18.45,2.57,0.93,1.63,0,0,0.93,0,36,0.93,33,0,21,70,8,25,65,10,21.42,16.05,0.94,105,-5.37,20.1,16.92,0,0,0,0,0,,0,0,,0,0,0,0,0,0,21,8,5.67,45,0.1,0.08,-0.01,-0.02,,0.15
Juan Antonini,AA Estudiantes Río Cuarto,Liga Profesional,2026,1116,Right Back,Argentina,27,03/03/99,0,0,0.02,0.04,0.56,0,14,0,,0.01,0,0.01,0.32,0,0.01,0.24,0,0.01,0.08,0,0.04,0.89,-0.04,0.24,0.16,0.08,67,0.16,0,0.48,0.24,1.61,1.33,6.29,6.54,14.03,6.77,0.02,7.74,30.13,8.79,2.5,1.69,3.31,75,1.55,2.87,0.65,67,0.56,67,2.82,0,11.69,11.37,5.24,2.42,1.05,34.51,3.23,28,1.61,67,0,0,0.08,28.87,71,2.5,12,48,7.1,4.35,13,41,-30,44.97,3.06,0.2,0.2,19.11,97,4.74,4.27,0.97,0.65,0.32,0.08,1.45,2.1,0,50,0.48,40,0.08,34,63,3,47,47,6,22.6,20,0.92,94,-2.6,20.72,18.83,0,0,0,0,0,,0,0,,0,0,0,0,0,0,25,5,1.92,15,0.11,0.03,-0.07,-0.02,,0.05
Juan Barinaga,Boca Juniors,Liga Profesional,2026,767,Right Back,Argentina,26,09/10/00,0,0,0.01,0.03,0.23,0,50,0,,0.03,0,0.05,0.47,0,0.05,0.47,0,0,0,0,0.06,0.7,-0.06,1.53,0.94,0.59,62,1.06,0,1.88,1.41,0.47,0.61,2.46,3.39,11.38,2.82,0.04,5.16,33.89,8.92,3.29,1.88,2.35,84,2.28,2.89,0.47,57,0.35,61,1.29,0,9.04,11.62,3.75,2.82,1.41,39.11,3.17,35,1.64,58,0.12,0,0,37.31,76,2.11,7,38,3.99,3.99,15,54,-22,51.21,3.4,0.39,0.4,33.68,91,4.16,6.57,0.94,0.47,0.47,0.12,0.47,0.94,0,63,0.7,43,0.12,22,68,10,20,64,16,20.17,21.32,0.91,97,1.14,18.39,20.71,0,0,0,0,0,,0,0,,0,0,0,0,0,0,28,8,4.72,35,0.13,0.06,0.05,0,,0.23
Juan Bisanz,Huracán,Liga Profesional,2026,1261,Right Wing,Argentina,25,27/08/01,0.14,0.14,0.24,0.09,2.71,5,32,5,,0.18,0,0.07,0.79,0,0.07,0.79,0,0,0,0.14,0.31,3.5,-0.17,2.28,1,1.28,44,1.93,0.14,1.93,3.57,0.64,0.8,0.36,0.32,13.99,4.78,0.01,3.93,56.49,4.92,2.43,1,1.64,64,1.25,2.05,1.5,20,0.57,52,1.14,0,11.49,13.95,3.21,3.85,1.21,57.16,7.21,63,2.93,76,0.14,0,0,20.34,62,0.57,32,36,0.57,1.36,20,47,-14,60.04,2.57,0.34,0.54,22.77,79,6.47,5.99,1,1,0,0.29,4.57,5.57,0.07,50,0.5,21,0.43,16,70,15,12,68,20,17.85,15.38,0.94,96,-2.47,16.79,14.77,0,0,0,0,0,,0,0,,0,0,0,0,0,0,35,8,3.6,25,-0.01,0.1,0.02,0.03,,0.13
Juan Cabrera,CA Sarmiento,Liga Profesional,2026,399,Right Back,Argentina,26,09/03/00,0,0,0.01,0.04,0.23,0,0,0,,0,0,0.04,0.23,0,0.04,0.23,0,0,0,0,0.05,0.45,-0.05,0.9,0.23,0.68,25,0.68,0,1.35,1.13,0.68,0.64,2.03,2.56,17.13,6.54,0.02,6.76,35.24,9.02,3.38,2.48,3.16,79,2.92,3.56,2.48,78,0.68,44,0.9,0,12.17,12.34,4.73,3.38,0.9,37.76,3.61,30,1.58,47,0.45,0,0,31.55,66,3.38,17,52,3.38,5.18,18,57,-9,49.42,5.18,0.21,0.25,25.92,91,4.64,7.21,1.35,0.9,0.45,0,0.45,1.35,0,0,0,0,0,33,58,9,34,53,13,20.71,21.27,0.95,105,0.56,19.69,22.28,0,0,0,0,0,,0,0,,0,0,0,0,0,0,38,14,4.53,37,0.04,0.04,0.05,-0.01,,0.13
Juan Cardozo,Central Córdoba SdE,Liga Profesional,2026,583,Centre Defensive Midfielder,Paraguay,22,23/02/04,0,0,0,,0,,,0,,0,0,0,0.15,0,0,0.15,0,0,0,0,0,0.15,0,0.62,0.62,0,100,0.62,0,0.46,0.15,1.23,0.74,2.01,1.29,18.21,11.42,0.04,8.64,32.59,12.66,4.17,0.93,2.16,32,0.65,1.39,1.08,21,2.01,45,1.39,0,16.21,9.97,6.48,4.01,2.01,34.39,2.78,17,1.23,31,0,0,0,35.5,83,2.01,8,72,2.16,2.62,14,76,-7,41.45,2.32,0.1,0.1,26.24,98,3.32,3.55,0,0,0,0,0,0,0,,0,,0,22,66,12,39,43,17,17.93,14.11,1,101,-3.82,17.87,14.19,0,0,0,0,0,,0,0,,0,0,0,0,0,0,14,7,2.79,36,-0.02,0.05,0.04,,,0.07
Juan Cortazzo,Gimnasia La Plata,Liga Profesional,2026,461,Right Centre Back,Argentina,21,17/10/05,0,0,0.07,0.09,0.78,0,0,0,,0,0,0.01,0.2,0,0.01,0.2,0,0,0,0,0.08,0.98,-0.08,0.2,0.2,0,100,0,0,0.59,0.2,1.56,1.6,8.2,7.02,9.76,5.47,0.06,8,23.81,10.35,1.37,0.98,2.54,83,0.72,2.32,0.78,100,0.2,72,4.49,0,8.2,6.43,4.3,1.56,0.39,30.65,1.56,19,0.39,25,0.2,0,0,30.07,73,3.71,17,41,9.37,7.81,13,64,-10,32.7,1.56,0.16,0.16,19.72,96,2.91,1.37,0,0,0,0,1.37,1.37,0,,0,,0,47,49,4,57,43,0,27.22,25.69,0.82,85,-1.53,22.34,21.87,0,0,0,0,0,,0,0,,0,0,0,0,0,0,20,5,0.86,7,0.05,0.01,0.05,-0.03,,0.07
Juan Cozzani,CA Platense,Liga Profesional,2026,683,Goalkeeper,Argentina,28,08/10/98,0,0,0,,0,,,0,,0,0,0,0,0,0,0,0,0,0,0,0,0,0,0,0,0,,0.4,0,0,0,0,0,0,0,0.13,0.26,0,7.64,3.94,4.08,0,0,0,0,0,0,0,0,0.13,,0,0,0.13,0.11,0.13,0,0,14.75,0,0,0,,0,0,0,14.36,64,9.35,7,50,2.11,16.46,10,75,11,13.09,1.98,0.12,0.12,12.51,100,5.1,0.53,0.13,0.13,0,0,0,0.13,0,0,0,,0,66,34,0,100,0,0,49.99,46.34,0.83,91,-3.65,41.3,42.21,1.32,1.56,0.24,69,63,6,1.55,4.21,40,10.67,2.53,0.13,0.13,17.47,-3,36,3,1.63,11,0.14,0.07,0,,-0.07,0.14
Juan Cruz Meza,River Plate,Liga Profesional,2026,419,Right Wing,Argentina,18,13/03/08,0,0,0.09,0.06,1.5,0,29,2,,0.01,0.21,0.2,1.93,0.21,0.13,1.07,0,0.07,0.86,0.21,0.29,3.44,-0.08,1.93,0.64,1.29,33,2.36,0,1.29,3.01,0.43,0.73,0.64,1,16.33,8.16,0,5.8,48.14,6.66,3.87,1.5,1.93,70,1.97,2.7,0.64,25,0.64,57,0.86,0,14.18,19.41,4.3,4.94,1.93,49.27,6.23,44,3.44,70,0.43,0,0,32.01,74,2.15,10,50,1.07,3.87,16,68,-6,58.93,3.22,0.58,0.71,30.51,87,6.08,9.45,2.15,1.29,0.86,0.43,2.36,3.65,0.21,20,0.64,33,0.43,19,69,12,30,50,20,18.41,15.86,0.96,92,-2.56,17.75,14.55,0,0,0,0,0,,0,0,,0,0,0,0,0,0,22,9,5.33,29,0.16,-0.01,0.02,-0.08,,0.1
Juan Elordi,Independiente Rivadavia,Liga Profesional,2026,1661,Left Back,Argentina,32,20/08/94,0.05,0.05,0.17,0.14,1.25,4,39,1,,0.19,0.11,0.05,1.14,0.11,0.05,0.92,0,0.01,0.22,0.16,0.23,2.38,-0.07,0.6,0.16,0.43,27,0.33,0,0.92,0.87,1.19,1.13,3.3,2.68,13.92,6.28,0.05,6.72,34.24,10.13,4.12,1.52,2.71,72,1.5,2.63,0.92,41,0.6,68,1.46,0,11.54,10.35,4.61,2.98,1.19,40.5,4.12,36,2,67,0.16,0,0,34.08,73,2.06,80,42,3.95,4.23,15,56,-17,54.63,4.88,0.41,0.46,26.49,94,4.34,9.64,1.3,0.92,0.38,0.16,2.44,3.36,0,29,0.65,38,0.43,34,53,13,24,65,11,19.8,17.51,0.91,97,-2.29,18.05,17.03,0,0,0,0,0,,0,0,,0,0,0,0,0,0,28,8,5.05,33,0.13,0.06,0.09,-0.03,,0.25
Juan Espínola,Barracas Central,Liga Profesional,2026,500,Goalkeeper,Paraguay,32,01/11/94,0,0,0,,0,,,0,,0,0,0,0,0,0,0,0,0,0,0,0,0,0,0,0,0,,0.18,0,0,0,0,0,0,0,0.18,0.36,0,8.64,3.44,3.06,0,0,0,0,0,0,0,0,0.18,,0,0,0.18,0.19,0.18,0,0,6.7,0,0,0,,0,0,0,12.78,45,8.46,2,36,1.98,21.24,7,45,0,13.78,3.24,0.02,0.02,11.52,100,7.43,0.9,0.18,0,0.18,0,0,0,0,0,0,,0,80,19,1,100,0,0,63.24,58.1,0.81,89,-5.14,51.13,51.53,0.9,1.01,0.11,69,65,4,0.81,2.88,26,11.16,1.91,0,0,12.69,8,49,3,1.49,12,0.21,0.06,0,,-0.06,0.22
Juan Fedorco,Independiente,Liga Profesional,2026,1019,Right Centre Back,Argentina,26,27/11/00,0.09,0.09,0.04,0.06,0.8,11,22,0,,0.03,0,0.01,0.09,0,0.01,0.09,0,0,0,0.09,0.05,0.88,0.04,0.44,0.27,0.18,60,0.8,0,0.27,0.35,1.86,1.85,5.74,6.1,11.49,5.83,0.06,7.6,28.14,12.46,2.39,1.59,3.45,78,1.77,3.61,0.88,63,0.44,63,4.86,0,9.01,9.62,4.59,1.94,0.8,32.94,1.86,21,0.88,45,0.27,0,0,32.61,79,2.74,11,52,6.8,4.24,20,71,-8,37.28,2.65,0.18,0.23,20.76,97,6.28,2.74,0,0,0,0.09,2.03,2.03,0,,0,,0.09,28,68,4,35,61,3,23.83,19.45,0.94,101,-4.38,22.46,19.72,0,0,0,0,0,,0,0,,0,0,0,0,0,0,27,11,2.06,14,0.03,0.03,0.12,-0.01,,0.18
Juan Fernando Quintero,River Plate,Liga Profesional,2026,717,Centre Attacking Midfielder,Colombia,33,17/01/93,0.38,0.38,0.17,0.05,3.64,10,41,2,0,0.26,0.38,0.42,3.51,0.25,0.35,2.76,0.13,0.07,0.75,0.75,0.59,7.15,0.16,2.13,1.38,0.75,65,1.25,0,1,1.51,0.25,0.35,0.38,0.52,6.78,3.51,0,2.01,50.27,7.03,4.14,0.13,0.38,25,0.18,0.54,0,0,0.38,60,0.38,0,6.65,9.79,1.76,1.25,0.38,52.23,3.64,55,0.88,70,0,0,0,66.5,78,11.29,93,70,1.38,15.18,15,80,2,58.92,14.93,0.88,1.06,62.61,97,5.24,25.72,4.14,3.01,1.13,0.38,2.63,5.65,0.63,15,0.63,28,0.5,21,71,8,27,66,6,24.21,20.09,0.96,99,-4.12,23.27,19.9,0,0,0,0,0,,0,0,,0,0,0,0,0,0,18,7,11.74,64,0.3,0.13,0,-0.01,,0.42
Juan Franco,Gimnasia Mendoza,Liga Profesional,2026,675,Right Back,Paraguay,34,09/02/92,0,0,0,0.03,0.13,0,0,0,,0,0,0.02,0.4,0,0.02,0.4,0,0,0,0,0.02,0.53,-0.02,1.73,0.53,1.2,31,1.33,0,0.13,1.87,0.93,0.69,0.93,0.87,15.47,8,0.01,5.87,32.51,6.67,2,1.33,2.27,53,0.92,1.61,1.07,20,1.2,80,0.53,0,13.07,10.58,4.54,3.07,0.8,34.99,3.2,24,1.73,57,0.13,0,0.13,25.34,68,2.4,11,44,1.33,5.07,13,53,-15,50.18,3.07,0.13,0.15,23.21,93,5.83,4.67,0.67,0.53,0.13,0,0.13,0.67,0,20,0.13,10,0,34,57,9,23,57,20,21.97,19.22,0.86,104,-2.75,18.98,20.01,0,0,0,0,0,,0,0,,0,0,0,0,0,0,40,17,3.84,27,0.07,0.04,0.02,-0.01,,0.13
Juan Gauto,CA Platense,Liga Profesional,2026,1309,Left Wing,Argentina,22,01/06/04,0,0,0.08,0.05,1.72,0,36,3,,0.14,0.14,0.15,1.79,0.14,0.11,1.31,0,0.04,0.48,0.14,0.23,3.51,-0.09,2.27,1.24,1.03,55,1.1,0,3.02,3.16,0.62,0.45,0.21,0.26,20.21,9.42,0,6.53,56.08,6.67,3.99,0.96,1.58,56,0.9,1.35,0.96,15,0.76,27,0.27,0,18.35,18.49,5.71,4.88,2.2,57.72,12.24,67,3.78,77,0,0,0,31.21,76,1.86,12,45,0.48,3.85,16,78,3,63.3,3.64,0.32,0.4,35.4,85,7.25,12.24,2.47,1.79,0.69,0.27,3.44,5.22,0.14,31,1.37,40,0.41,15,68,16,21,65,13,18.51,15.25,0.91,99,-3.26,16.83,15.15,0,0,0,0,0,,0,0,,0,0,0,0,0,0,27,10,5.77,43,0.08,0.1,0.02,0.04,,0.24
Juan Gutiérrez,Defensa y Justicia,Liga Profesional,2026,2066,Centre Forward,Uruguay,24,03/02/02,0.17,0.17,0.21,0.1,2.18,8,42,4,,0.2,0.22,0.09,0.61,0.22,0.09,0.57,0,0,0.04,0.39,0.3,2.79,0.09,2.48,1.39,1.09,56,1.74,0.04,2.44,3.88,0.35,0.32,0.3,0.2,20.99,9.06,0,4.83,53.67,6.1,2.92,1.05,1.39,63,1.17,1.49,1.09,26,0.61,31,0.7,0,18.9,19.34,4.31,3.83,1.09,55.1,11.19,59,2.74,72,0.09,0,0,17.64,72,0.91,19,68,0.52,1.13,24,67,-5,62.62,2.53,0.29,0.39,21.56,77,7.89,7.4,0.3,0.26,0.04,0.3,4.66,4.92,0.04,14,0.26,25,0.57,14,64,22,12,62,26,16.41,14.45,0.99,110,-1.97,16.24,15.88,0,0,0,0,0,,0,0,,0,0,0,0,0,0,30,12,2.28,17,-0.01,0.05,0,0,,0.05
Juan Ignacio Saborido,CA Platense,Liga Profesional,2026,1858,Right Back,Argentina,28,24/04/98,0,0,0.04,0.04,1.07,0,18,2,,0.03,0,0.01,0.29,0,0.01,0.29,0,0,0,0,0.05,1.36,-0.05,1.45,0.73,0.73,50,0.82,0,1.16,1.84,0.63,0.6,1.99,2.1,21.42,10.08,0.05,8.72,35.81,8.96,3.44,2.62,3.25,61,2.49,3.09,0.92,46,1.65,51,0.92,0,17.88,16.89,6.78,4.02,1.65,38.34,5.48,31,2.62,65,0.05,0,0,30.04,70,2.33,15,48,3.05,3.78,17,55,-15,53.29,4.99,0.17,0.2,27.28,91,5.78,7.03,0.58,0.48,0.1,0,1.11,1.6,0,33,0.34,21,0.05,32,59,9,29,63,8,19.98,19.27,0.91,96,-0.71,18.18,18.51,0,0,0,0,0,,0,0,,0,0,0,0,0,0,32,11,3.44,26,0.05,0.07,0.12,-0.02,,0.22
Juan Insaurralde,CA Sarmiento,Liga Profesional,2026,1966,Left Centre Back,Argentina,42,02/10/84,0,0,0.03,0.07,0.37,0,38,0,,0.04,0,0,0.14,0,0,0.14,0,0,0,0,0.03,0.5,-0.03,0.23,0.18,0.05,80,0.41,0.05,0.27,0.09,0.96,0.62,6.59,5.09,8.06,4.21,0.06,5.04,21.45,10.53,1.1,0.87,1.83,90,0.65,1.27,0.87,50,0.09,77,2.61,0,6.32,5.02,2.84,0.87,0.37,29.31,0.87,14,0.23,26,0.32,0.05,0.05,32.28,73,4.44,66,45,8.1,8.29,14,55,-18,34.82,2.7,0.13,0.13,22.16,98,5.49,2.01,0.18,0.09,0.09,0.14,0.87,0.96,0,0,0.09,67,0.14,38,58,3,41,59,0,29.16,28.18,0.86,81,-0.98,25.07,22.71,0,0,0,0,0,,0,0,,0,0,0,0,0,0,25,8,1.98,17,0.06,0.07,0.07,-0.02,,0.19
Juan Miritello,Defensa y Justicia,Liga Profesional,2026,415,Centre Forward,Argentina,27,07/02/99,0.43,0.43,0.32,0.3,1.08,40,40,3,,0.43,0,0.05,0.65,0,0.05,0.65,0,0,0,0.43,0.37,1.73,0.06,0,0,0,,0.87,0,2.17,2.17,0,0,0.43,0.57,8.88,2.38,0,2.82,63.59,3.47,1.73,0,0,,0,0,0.87,,0,47,1.95,0,8.02,7.53,2.82,2.38,0.65,65.88,6.93,86,2.38,100,0,0,0,14.08,76,0.43,20,100,0.43,0.43,41,72,-4,56.24,0.43,0.15,0.45,14.3,77,3.36,2.6,0,0,0,0.43,5.2,5.2,0,,0,,0.87,6,63,31,17,67,17,14.76,12.18,1.03,108,-2.58,15.26,13.17,0,0,0,0,0,,0,0,,0,0,0,0,0,0,31,20,2.43,19,-0.04,-0.01,-0.01,0.2,,0.14
Juan Méndez,Instituto,Liga Profesional,2026,726,Left Defensive Midfielder,Argentina,29,27/04/97,0,0,0.02,0.04,0.5,0,0,1,,0,0.12,0.05,0.62,0.12,0.05,0.62,0,0,0,0.12,0.07,1.12,0.05,0.5,0.37,0.12,75,0.5,0,0.99,0.25,1.49,1.65,0.99,0.92,20.96,11.53,0.03,7.07,39.02,12.77,6.57,2.73,4.22,79,2.91,4.55,1.24,45,0.74,40,0.74,0,16.99,17.99,5.08,4.71,1.49,41.25,5.21,31,2.85,61,0.37,0,0,42.78,76,3.22,14,59,1.61,4.84,17,76,-1,49.12,5.83,0.57,0.59,34.48,96,5.16,7.81,0.74,0.74,0,0,0.25,0.99,0.12,17,0.12,100,0.12,26,65,9,30,60,10,20.8,18.31,0.99,105,-2.49,20.51,19.17,0,0,0,0,0,,0,0,,0,0,0,0,0,0,25,10,4.71,35,0.05,0.11,0.04,-0.03,,0.17
Juan Pablo Ludueña,Unión,Liga Profesional,2026,2242,Left Centre Back,Argentina,23,10/02/03,0.04,0.04,0.05,0.08,0.6,7,27,0,,0.03,0.04,0.02,0.16,0.04,0.02,0.16,0,0,0,0.08,0.07,0.76,0.01,0.36,0.16,0.2,44,0.28,0,0.4,0.44,1.32,1.35,5.18,4.23,11.64,6.02,0.04,7.27,25.23,12.2,2.01,2.01,3.33,81,2.04,3.39,0.4,43,0.48,59,2.73,0,9.27,9.16,4.38,1.97,0.84,29.11,1.28,14,0.68,35,0.16,0,0,34.16,78,4.66,19,64,5.86,6.54,13,60,-18,38.87,3.01,0.35,0.38,24.21,97,6.17,2.97,0.44,0.36,0.08,0.04,1.24,1.61,0.04,9,0.04,25,0.08,31,67,1,31,65,4,25.58,21.34,0.97,98,-4.24,24.7,20.98,0,0,0,0,0,,0,0,,0,0,0,0,0,0,24,6,3.1,18,0.05,0.04,0.11,-0.03,,0.17
Juan Pablo Pignani,Central Córdoba SdE,Liga Profesional,2026,656,Right Centre Back,Argentina,25,01/07/01,0,0,0.02,0.06,0.27,0,0,0,,0,0,0,0.14,0,0,0.14,0,0,0,0,0.02,0.41,-0.02,0.41,0.27,0.14,67,0.41,0,0,0.41,0.96,0.45,5.08,4.07,12.76,6.45,0.07,5.76,25.69,8.51,1.65,1.37,2.33,77,0.86,1.31,0.96,60,0.41,48,2.06,0,10.43,7.77,3.57,2.47,0.96,31.33,1.78,17,0.96,39,0.27,0,0.14,37.05,75,2.61,6,40,6.04,5.49,11,56,-20,37.92,2.47,0.1,0.11,27.99,99,3.79,2.2,0,0,0,0,0.69,0.69,0,,0,,0,38,60,2,44,56,0,23.4,22.65,0.89,85,-0.76,20.8,19.36,0,0,0,0,0,,0,0,,0,0,0,0,0,0,25,6,1.96,20,0.03,0.03,0.03,-0.02,,0.08
Juan Pintado,Unión,Liga Profesional,2026,311,Right Back,Uruguay,29,27/07/97,0,0,0,0.01,0.29,0,0,0,,0,0,0.09,1.16,0,0.09,1.16,0,0,0,0,0.09,1.45,-0.09,1.16,1.16,0,100,0,0,2.6,1.45,0.87,1.01,2.89,3.2,17.93,7.81,0.03,8.67,31.66,8.67,3.76,4.63,5.49,73,5.12,6.14,0.58,44,1.73,63,1.45,0,13.01,14.13,5.78,2.89,1.16,34.28,2.89,22,1.16,40,0.29,0,0,37.3,71,4.63,4,50,2.89,9.25,11,61,-9,54.83,7.81,0.47,0.5,37.01,90,5.69,12.14,2.02,1.45,0.58,0,0.58,2.02,0,57,1.73,38,0,30,63,7,29,64,7,22.06,12.34,0.9,109,-9.72,19.89,13.49,0,0,0,0,0,,0,0,,0,0,0,0,0,0,28,9,5.26,33,0.22,0.05,0.11,-0.01,,0.37
Juan Randazzo,Deportivo Riestra,Liga Profesional,2026,1022,Right Centre Back,Argentina,32,10/10/94,0,0,0.01,0.03,0.18,0,50,0,,0.02,0,0.03,0.35,0,0.03,0.35,0,0,0,0,0.03,0.53,-0.03,0,0,0,,0.79,0,0.18,0.18,0.79,0.43,4.93,2.34,13.74,7.05,0.03,5.55,29.32,10.66,3.08,1.5,2.29,85,0.72,1.15,1.76,25,0.26,58,2.2,0,10.48,5.28,3.61,1.59,0.44,33.5,2.55,24,0.88,56,0.26,0,0,17.88,54,2.38,17,36,5.37,6.16,12,45,-9,41.67,2.11,0.19,0.2,7.75,97,4.12,2.64,0.35,0.18,0.18,0.18,1.06,1.23,0,25,0.09,33,0.26,49,44,6,47,50,3,27.85,22.57,0.83,70,-5.28,23.06,15.81,0,0,0,0,0,,0,0,,0,0,0,0,0,0,41,9,2,20,0.05,-0.01,0.03,-0.01,,0.07
Juan Rattalino,San Lorenzo de Almagro,Liga Profesional,2026,356,Right Defensive Midfielder,Argentina,22,22/06/04,0,0,0.04,0.05,0.76,0,0,1,,0,0,0.07,1.01,0,0.07,1.01,0,0,0,0,0.11,1.77,-0.11,1.01,0.51,0.51,50,0.76,0,1.77,1.01,0.76,0.81,1.77,2.09,23.78,12.15,0.07,9.11,40.26,13.16,6.07,1.77,2.53,54,1.63,2.44,1.27,14,1.52,54,1.77,0,20.75,20.59,7.34,6.07,2.02,42.13,7.59,37,3.8,63,0,0,0,44.53,81,3.29,16,62,2.53,4.55,12,83,2,49.41,3.8,0.55,0.66,33.4,92,3.54,8.6,0.76,0.51,0.25,0.25,2.02,2.53,0,67,0.51,50,0.25,22,64,14,29,62,9,18.18,19.94,0.95,95,1.76,17.31,19.03,0,0,0,0,0,,0,0,,0,0,0,0,0,0,24,11,6.12,40,-0.03,0.03,0.02,-0.02,,0
Juan Sforza,Talleres de Córdoba,Liga Profesional,2026,1241,Left Defensive Midfielder,Argentina,24,13/02/02,0,0,0.04,0.08,0.51,0,14,0,,0.04,0,0.03,0.51,0,0.01,0.29,0,0.02,0.22,0,0.07,1.02,-0.07,0.07,0.07,0,100,1.31,0,0.51,0.51,0.94,0.91,2.32,2.5,16.82,7.83,0.03,7.76,38.12,14.57,6.09,2.68,3.63,67,2.95,3.86,1.09,41,1.31,60,2.32,0.07,13.27,14.27,5.66,3.84,1.16,41.69,4.5,34,2.18,57,0.29,0,0,54.88,84,4.93,82,64,2.97,7.11,16,80,-5,47.89,7.47,0.26,0.29,42.49,98,4.74,10.22,0.73,0.51,0.22,0,0.15,0.65,0,10,0.07,17,0,23,70,7,29,70,1,21.27,18.02,0.97,99,-3.24,20.53,17.76,0,0,0,0,0,,0,0,,0,0,0,0,0,0,17,7,4.94,38,0.02,0.07,0.04,-0.03,,0.11
Juan Velázquez,Belgrano,Liga Profesional,2026,850,Left Midfielder,Argentina,22,18/11/04,0,0,0.03,0.04,0.64,0,0,1,,0,0,0.14,1.06,0,0.14,1.06,0,0,0,0,0.17,1.69,-0.17,0.85,0.32,0.53,38,0.64,0,1.16,1.91,1.59,1.42,0.74,0.79,13.55,6.14,0.01,4.55,45.71,9,4.55,1.59,3.18,83,1.78,3.2,0.64,50,0.32,47,0.85,0,11.33,12.11,3.92,3.71,1.27,49.25,6.46,57,2.97,80,0.11,0,0,36.43,73,1.16,86,48,1.16,2.01,15,68,-5,58.64,2.97,0.65,0.75,30.6,92,5.33,11.33,1.69,1.69,0,0.32,3.07,4.77,0.11,69,1.16,38,0.64,20,63,16,23,58,19,16.25,14.68,0.96,97,-1.56,15.65,14.29,0,0,0,0,0,,0,0,,0,0,0,0,0,0,29,11,5.82,44,0.14,0.08,-0.06,-0.03,,0.13
Juan Villalba,Tigre,Liga Profesional,2026,527,Left Centre Back,Argentina,20,14/03/06,0,0,0.07,0.11,0.68,0,0,0,,0,0,0.02,0.51,0,0.02,0.51,0,0,0,0,0.09,1.2,-0.09,0.68,0.51,0.17,75,1.03,0,0.34,0.51,1.2,1.6,2.39,2.33,6.83,2.73,0.08,4.61,22.82,8.2,1.88,0.17,1.37,25,0.19,1.79,0.34,0,0.51,67,1.37,0,6.32,7.16,3.08,1.03,0.34,26.26,0.51,8,0.34,33,0.34,0,0,45.96,75,4.95,80,42,4.61,9.57,15,47,-28,37,2.56,0.61,0.62,37.93,99,6.96,3.25,0,0,0,0.17,1.54,1.54,0,,0,0,0.17,36,61,3,47,47,5,27.27,30.08,0.85,86,2.82,23.2,25.89,0,0,0,0,0,,0,0,,0,0,0,0,0,0,23,5,3.98,29,0.01,0.1,0.03,-0.08,,0.05
Julián Ceballos,Gimnasia Mendoza,Liga Profesional,2026,753,Left Centre Midfielder,Argentina,22,12/09/04,0,0,0.03,0.03,1.19,0,20,2,,0,0.12,0.11,0.96,0,0.08,0.72,0.12,0.02,0.24,0.12,0.14,2.15,-0.02,1.67,0.96,0.72,57,0.72,0,1.55,1.91,0.96,0.8,0.96,0.67,27.95,15.29,0.02,6.21,43.75,9.56,4.66,3.11,4.06,79,2.33,3.13,1.79,22,0.84,33,0.48,0,23.05,17.72,5.38,6.57,2.03,45.19,9.32,40,4.06,62,0.24,0,0,34.52,79,1.79,78,47,1.55,3.23,18,72,-7,53.07,4.42,0.27,0.33,31.06,91,5.86,7.53,0.72,0.48,0.24,0,0.6,1.08,0.12,33,0.24,20,0,23,60,17,27,59,14,19.62,16.8,0.93,82,-2.83,18.3,13.85,0,0,0,0,0,,0,0,,0,0,0,0,0,0,23,8,4.5,34,0.07,0.04,-0.01,0,,0.1
Julián Contrera,CA Sarmiento,Liga Profesional,2026,1280,Right Midfielder,Argentina,23,09/05/03,0,0,0.08,0.07,1.12,0,38,2,,0.08,0.14,0.2,1.62,0.14,0.12,0.7,0,0.08,0.91,0.14,0.28,2.74,-0.14,1.76,0.77,0.98,44,1.69,0,2.88,3.37,0.63,0.33,0.91,0.72,19.12,8.09,0.01,4.57,45.62,7.52,4.08,1.2,1.83,74,0.76,1.09,3.16,33,0.42,21,0.42,0,14.76,12.02,3.87,3.45,1.12,48.14,6.82,46,2.53,73,0.56,0,0,21.23,61,2.32,10,43,1.48,4.78,21,66,4,62.43,1.97,0.25,0.29,24.05,78,6.61,5.98,2.11,0.98,1.12,0.42,2.67,3.66,0.07,37,1.2,41,0.56,15,74,12,20,68,12,21.09,14.76,0.92,99,-6.33,19.31,14.59,0,0,0,0,0,,0,0,,0,0,0,0,0,0,31,9,3.94,37,0.16,0.04,0,-0.01,,0.19
Julián Fernández,Rosario Central,Liga Profesional,2026,1011,Right Wing,Argentina,22,29/01/04,0.18,0.18,0.14,0.08,1.69,11,21,2,,0.18,0.18,0.09,1.34,0.18,0.09,1.34,0,0,0,0.36,0.23,3.03,0.12,2.94,1.87,1.07,64,2.05,0,3.03,3.29,0.89,1.3,0.36,0.43,12.46,4.63,0.01,4.01,50.49,7.03,3.29,1.51,2.4,71,2.16,3.47,0.62,40,0.62,18,0.18,0,10.33,13,3.03,3.03,0.71,53.5,5.25,51,1.87,62,0.18,0,0,39.43,79,1.96,84,67,0.71,2.58,19,69,-9,58.43,4.9,0.47,0.54,41.04,88,6.62,13.35,1.51,1.51,0,0.45,3.29,4.81,0,29,0.8,50,0.89,11,69,20,11,69,20,16.82,14.3,0.99,110,-2.52,16.61,15.73,0,0,0,0,0,,0,0,,0,0,0,0,0,0,22,9,5.17,36,0.01,0.14,0.02,0.06,,0.23
Julián Mavilla,CA Sarmiento,Liga Profesional,2026,489,Left Midfielder,Argentina,26,26/04/00,0.55,0.55,0.2,0.1,2.02,27,55,4,,0.29,0.18,0.11,2.02,0.18,0.07,1.29,0,0.04,0.74,0.74,0.31,4.05,0.43,2.21,1.66,0.55,75,1.47,0.18,1.1,2.76,0.74,0.25,0.92,0.25,16.56,9.2,0,6.44,46.18,6.81,3.86,1.84,2.58,71,0.69,0.94,0.37,43,0.74,29,0.74,0,14.35,5.79,5.34,2.94,1.29,48.07,6.26,44,2.39,81,0.18,0,0,25.02,69,2.76,89,45,1.29,5.7,17,73,4,58.66,3.13,0.22,0.5,25.02,90,6.09,7.91,1.66,0.92,0.74,0.18,3.68,4.6,0,11,0.55,27,0.37,20,68,12,35,51,14,23.44,15.33,0.88,96,-8.1,20.66,14.79,0,0,0,0,0,,0,0,,0,0,0,0,0,0,30,13,4.84,34,0.07,0.06,0.04,-0.02,,0.15
Julián Mavilla,Belgrano,Liga Profesional,2026,305,Left Wing,Argentina,26,26/04/00,0.29,0.29,0.16,0.55,0.29,100,100,1,,0.1,0,0.06,0.88,0,0.06,0.88,0,0,0,0.29,0.22,1.18,0.07,0.88,0.88,0,100,0.88,0,2.65,2.36,0.88,0.75,2.06,1.61,10.03,4.13,0.06,5.31,40.56,7.08,4.13,1.18,2.06,80,0.94,1.69,0.59,0,0.29,42,1.47,0,8.26,6.39,3.54,2.36,0.88,45.45,3.83,46,2.06,88,0,0,0,21.23,71,0.88,83,43,2.06,2.06,19,53,-17,56.37,3.83,0.12,0.3,23.3,80,6.28,7.08,0,0,0,0,1.47,1.47,0,,0,0,0,24,62,14,29,58,13,17.74,15.42,0.96,117,-2.32,16.96,17.99,0,0,0,0,0,,0,0,,0,0,0,0,0,0,37,17,2.65,19,0.02,0.09,0.05,0.07,,0.23
Julián Palacios,Unión,Liga Profesional,2026,1976,Right Midfielder,Argentina,27,03/02/99,0.14,0.14,0.1,0.05,1.91,7,31,2,,0.16,0.32,0.19,2.14,0.32,0.18,1.91,0,0.01,0.23,0.46,0.29,4.05,0.16,1.68,1.09,0.59,65,2.23,0,2.14,2.23,0.82,0.74,0.27,0.26,18.9,7.83,0.01,5.78,50.88,8.42,5.1,1.73,2.55,58,1.6,2.34,1.55,33,1.23,35,0.41,0,15.66,14.38,4.46,4.37,1.18,51.66,8.2,52,3.32,76,0.23,0,0.05,34.79,71,2.14,11,55,0.73,3.42,21,66,-5,61.53,5.6,0.44,0.63,34.97,89,6.04,13.34,2.46,2.19,0.27,0.36,3.19,5.37,0.23,24,0.77,40,0.32,19,67,14,23,63,14,17.71,15.32,0.99,113,-2.39,17.49,17.3,0,0,0,0,0,,0,0,,0,0,0,0,0,0,31,11,8.3,47,0.07,0.11,-0.01,0,,0.16
Junior Arias,Aldosivi,Liga Profesional,2026,777,Centre Forward,Uruguay,33,16/05/93,0,0,0.24,0.11,2.2,0,11,5,,0.02,0,0.03,0.58,0,0.03,0.58,0,0,0,0,0.27,2.78,-0.27,0.35,0.12,0.23,33,0.81,0,1.16,2.43,0.35,0.47,0.81,0.77,19.22,8.68,0.01,3.82,62.14,4.17,2.43,0.58,0.93,38,0.4,0.88,0.69,22,0.93,47,2.55,0,17.94,13.14,3.24,3.94,1.5,63.74,13.54,75,2.89,74,0.23,0,0,17.83,69,0.81,15,50,1.16,1.27,25,62,-7,60.78,1.04,0.3,0.4,13.43,83,4.85,5.56,0.23,0.23,0,0.69,6.25,6.48,0,0,0,0,0.93,12,71,17,15,79,6,16.64,15.18,0.99,113,-1.46,16.41,17.12,0,0,0,0,0,,0,0,,0,0,0,0,0,0,30,8,2.93,27,-0.03,-0.02,0.04,-0.16,,-0.17
Junior Marabel,CA Sarmiento,Liga Profesional,2026,1940,Right Centre Forward,Paraguay,28,25/03/98,0.51,0.32,0.37,0.19,2,16,37,4,100,0.37,0.19,0.06,0.6,0.19,0.06,0.6,0,0,0,0.51,0.43,2.6,0.08,0.51,0.14,0.37,27,1.07,0,1.16,2.64,0.19,0.1,0.56,0.42,15.96,6.5,0,3.67,62.33,3.57,1.9,0.51,0.7,50,0.45,0.55,0.79,8,0.51,41,3.16,0,14.66,11.97,3.29,3.29,0.84,64.77,11.32,77,2.88,87,0.05,0,0,18.75,69,0.32,13,70,0.7,0.32,30,56,-12,60.31,1.16,0.41,0.65,13.32,79,3.99,5.66,0.32,0.32,0,0.46,6.08,6.4,0,0,0.09,33,0.56,16,64,20,16,71,12,14.36,13.1,1.04,109,-1.26,14.96,14.24,0,0,0,0,0,,0,0,,0,0,0,0,0,0,28,9,3.15,28,-0.01,-0.03,0,0.02,,-0.02
Jáminton Campaz,Rosario Central,Liga Profesional,2026,1378,Left Wing,Colombia,26,23/05/00,0.2,0.2,0.19,0.06,3.2,6,43,4,,0.27,0.26,0.26,2.22,0.2,0.18,1.31,0.07,0.08,0.91,0.46,0.45,5.42,0,4.25,2.29,1.96,54,1.83,0,2.48,4.44,0.2,0.17,0.2,0.13,15.35,6.01,0,4.18,54.63,6.99,3.92,1.37,1.57,72,1.74,1.91,1.37,30,0.52,56,0.98,0,12.61,15.16,3.4,3.07,1.11,54.84,7.64,61,2.48,81,0,0,0,31.87,66,2.55,91,53,0.59,4.44,17,64,-2,64.06,5.22,0.48,0.67,37.03,85,5.87,11.36,3.59,2.42,1.18,0.33,4.11,6.53,0.07,33,1.44,28,0.39,16,71,13,23,62,15,20.19,16.41,0.92,93,-3.78,18.5,15.31,0,0,0,0,0,,0,0,,0,0,0,0,0,0,30,10,6.64,38,0.31,0.12,0,0.01,,0.44
Kendry Páez,River Plate,Liga Profesional,2026,410,Right Wing,Ecuador,19,03/05/07,0.22,0.22,0.16,0.07,2.2,10,60,3,,0.4,0,0.25,1.54,0,0.25,1.32,0,0,0.22,0.22,0.41,3.73,-0.19,3.95,2.2,1.76,56,0.88,0,3.3,3.95,0.88,1.4,0.44,0.73,14.5,3.73,0,3.52,55.2,4.83,3.52,0.66,1.54,60,1.1,2.49,0.44,0,0.44,29,0.44,0,13.62,21.72,3.08,4.83,1.76,57.34,8.57,63,3.08,64,0.22,0,0,31.64,71,2.64,90,46,1.32,4.83,16,65,-5,62.58,3.3,0.5,0.92,37.13,80,6.03,9.67,2.2,2.2,0,0.22,3.73,5.93,0,50,1.32,67,0.66,11,69,20,14,73,14,19.42,16.05,0.91,96,-3.38,17.61,15.36,0,0,0,0,0,,0,0,,0,0,0,0,0,0,23,4,6.33,31,0.1,0.04,0.01,0.07,,0.21
Kevin Coronel,Argentinos Juniors,Liga Profesional,2026,1141,Right Back,Argentina,22,10/08/04,0,0,0.02,0.01,1.18,0,40,1,,0.02,0,0.09,1.26,0,0.09,1.26,0,0,0,0,0.11,2.45,-0.11,0.71,0.47,0.24,67,0.63,0,1.26,0.95,0.24,0.38,1.5,2.39,16.73,8.13,0.01,5.92,39.25,8.92,3.31,2.68,2.92,76,4.08,4.46,1.18,47,0.87,59,0.79,0,12.86,19.47,4.18,3.71,1.42,41.58,4.5,35,2.13,57,0.16,0,0,54.37,79,3.08,9,45,1.97,6.39,10,70,-8,50.15,5.92,0.39,0.49,47.97,96,3.99,11.05,2.05,1.89,0.16,0.08,1.42,3.31,0.08,62,1.34,40,0.16,21,61,18,27,57,16,20.31,18.51,0.92,104,-1.8,18.62,19.24,0,0,0,0,0,,0,0,,0,0,0,0,0,0,23,8,6.31,41,0.14,0.08,0.03,-0.03,,0.21
Kevin Gutiérrez,Argentinos Juniors,Liga Profesional,2026,598,Centre Defensive Midfielder,Argentina,29,02/06/97,0,0,0.01,0.01,0.6,0,50,0,,0.02,0,0.03,0.75,0,0.03,0.75,0,0,0,0,0.03,1.36,-0.03,0.15,0.15,0,100,0.15,0,0.75,0.15,0.3,0.44,1.2,1.7,10.09,5.57,0.07,6.17,35.41,13.1,4.37,2.11,2.41,61,3.44,3.88,0.3,45,1.36,67,0.3,0.15,7.83,12.38,3.46,3.16,1.51,38.98,2.41,31,1.81,57,0.15,0,0,75.14,89,6.63,23,83,1.66,7.53,6,74,-15,43.91,6.17,0.5,0.51,62.04,99,4.82,10.09,1.05,1.05,0,0.15,0.15,1.2,0,29,0.3,67,0.3,20,74,6,28,66,6,20.31,21.24,0.99,94,0.94,20.14,19.97,0,0,0,0,0,,0,0,,0,0,0,0,0,0,13,5,6.76,38,0,0.09,0.09,-0.01,,0.17
Kevin Jappert,Barracas Central,Liga Profesional,2026,1259,Right Centre Back,Argentina,22,24/02/04,0.07,0.07,0.05,0.07,0.79,9,27,0,,0.03,0,0.04,0.21,0,0.04,0.21,0,0,0,0.07,0.09,1,-0.02,0.57,0.57,0,100,0.71,0,0.29,0.07,1.43,1.03,5.65,4.91,10.58,5.43,0.01,5.58,23.93,11.79,1.93,2.29,3.72,82,1.66,2.7,0.79,67,0.5,69,2.36,0,7.51,5.71,3.65,1,0.5,28.36,1.22,16,0.57,57,0.14,0,0,34.02,72,3,16,42,7.36,5.5,17,62,-10,38.09,3.79,0.17,0.24,26.23,99,6.11,4.22,0.21,0.14,0.07,0.07,1.5,1.64,0,0,0,0,0.07,36,61,2,53,47,0,24.99,26.18,0.9,92,1.19,22.48,24.17,0,0,0,0,0,,0,0,,0,0,0,0,0,0,28,9,2.69,22,0.08,0.06,0.04,-0.07,,0.11
Kevin Lomónaco,Independiente,Liga Profesional,2026,2025,Right Centre Back,Argentina,24,07/01/02,0,0,0.03,0.11,0.31,0,14,0,,0.01,0.04,0.01,0.36,0.04,0.01,0.36,0,0,0,0.04,0.04,0.67,0,0.36,0.36,0,100,1.16,0,0.58,0.62,0.8,0.78,3.25,3.64,11.11,5.42,0.04,5.69,29.01,15.69,3.56,1.33,2.13,79,1.48,2.26,0.76,47,0.36,54,2.49,0.04,9.02,9.98,3.69,1.82,0.84,31.92,1.91,21,0.76,41,0.22,0,0,44.14,84,4.76,7,66,4.58,5.87,19,75,-10,39.03,4.13,0.34,0.36,35.47,97,6.89,4.71,0.27,0.27,0,0,0.76,1.02,0.04,17,0.04,20,0.09,21,75,4,28,69,3,23.51,21.44,0.97,98,-2.07,22.88,21,0,0,0,0,0,,0,0,,0,0,0,0,0,0,20,9,3.59,24,0.02,0.08,0.03,-0.03,,0.1
Kevin Ortiz,Atlético Tucumán,Liga Profesional,2026,949,Centre Defensive Midfielder,Argentina,26,17/09/00,0,0,0.01,0.02,0.57,0,17,1,,0,0.09,0.04,0.57,0.09,0.04,0.57,0,0,0,0.09,0.06,1.14,0.04,0.95,0.66,0.28,70,1.52,0,0.57,0.57,1.14,1.1,2.28,2.37,22.39,11.76,0.02,9.39,40.36,14.8,6.54,3.13,4.27,62,3.08,4.18,1.52,38,1.9,64,1.52,0,17.74,17.24,6.36,5.41,1.9,43.48,6.45,36,3.04,56,0.09,0.09,0,37.28,73,3.04,10,52,3.6,4.46,23,65,-8,47.31,4.55,0.19,0.21,25.61,96,4.3,6.54,0.66,0.47,0.19,0.09,0.28,0.76,0,0,0.09,20,0.09,34,60,5,32,65,3,21.91,20.5,0.93,97,-1.42,20.35,19.81,0,0,0,0,0,,0,0,,0,0,0,0,0,0,23,9,4.59,30,0.05,0.06,0.06,-0.02,,0.15
Kevin Retamar,CA Platense,Liga Profesional,2026,1196,Right Wing,Argentina,27,05/02/99,0.23,0.23,0.25,0.12,2.11,11,36,3,,0.2,0.15,0.13,1.43,0.15,0.13,1.43,0,0,0,0.38,0.37,3.54,0,1.28,0.75,0.53,59,0.9,0,1.43,2.41,0.68,0.43,0.9,0.95,16.4,7.07,0.02,5.64,53.12,5.94,3.08,0.9,1.58,63,0.94,1.37,0.6,22,0.53,40,1.28,0,15.05,14.88,4.66,3.76,1.5,56.63,9.78,65,2.93,78,0,0,0,29.27,66,1.2,12,52,1.28,1.96,21,59,-7,63.58,3.61,0.39,0.6,26.33,90,6.76,10.91,1.05,1.05,0,0.68,5.19,6.24,0,50,0.98,41,0.9,17,68,15,14,66,19,16.74,15.31,0.96,91,-1.43,16.15,13.99,0,0,0,0,0,,0,0,,0,0,0,0,0,0,31,7,5.09,35,0.01,0.09,0.03,-0.04,,0.08
Kevin Vázquez,Independiente Rivadavia,Liga Profesional,2026,312,Centre Defensive Midfielder,Argentina,25,18/03/01,0,0,0.04,0.04,1.15,0,25,1,,0.02,0,0.22,2.02,0,0.2,1.44,0,0.01,0.58,0,0.26,3.17,-0.26,0.86,0.58,0.29,67,0.86,0,1.73,0.29,0.86,1.07,0.58,0.26,16.72,9.22,0,6.05,46.66,10.95,4.32,1.44,2.31,42,1.86,2.93,1.15,25,2.02,33,0.58,0,14.13,18.29,4.61,6.05,1.73,49.58,6.92,49,3.46,57,0,0,0,45.55,88,5.19,4,72,1.15,6.63,13,86,-2,48.63,6.92,0.35,0.53,39.49,95,4.95,10.09,1.15,0.86,0.29,0.86,1.73,2.59,0,50,0.58,67,0.58,15,75,10,20,66,14,22.38,20.99,0.96,97,-1.39,21.38,20.39,0,0,0,0,0,,0,0,,0,0,0,0,0,0,16,10,6.49,40,0.04,0.13,0.01,-0.01,,0.17
Kevin Zenon,Boca Juniors,Liga Profesional,2026,403,Right Wing,Argentina,25,29/07/01,0.22,0.22,0.25,0.12,2.01,11,67,2,,0.33,0,0.12,1.12,0,0.1,0.89,0,0.01,0.22,0.22,0.37,3.13,-0.14,2.23,0.45,1.79,20,2.68,0,1.34,3.35,0.45,0.44,0.89,0.74,13.85,6.7,0,3.35,52.99,10.06,6.26,1.34,1.79,50,1.77,2.21,0.45,17,1.34,33,0.45,0,12.07,15.89,2.91,4.92,0.89,55.88,7.15,59,4.47,91,0.22,0,0,42.01,72,3.35,84,63,1.79,4.47,21,67,-5,63.25,5.36,0.56,0.81,40.22,90,5.32,16.54,2.91,2.01,0.89,0,2.91,4.92,0,23,0.67,27,0.45,17,69,14,20,66,14,20.77,18.12,0.98,98,-2.65,20.38,17.67,0,0,0,0,0,,0,0,,0,0,0,0,0,0,30,10,5.45,38,0.02,0.1,0.02,0.1,,0.25
Lautaro Angel Ezequiel Montenegro,San Lorenzo de Almagro,Liga Profesional,2026,618,Left Centre Back,Argentina,21,25/02/05,0,0,0.01,0.04,0.29,0,0,0,,0,0,0,0,0,0,0,0,0,0,0,0.01,0.29,-0.01,0.58,0.58,0,100,0.58,0,0.58,0.15,1.6,1.31,3.2,2.22,20.08,10.33,0.07,6.84,29.96,6.99,1.16,2.33,3.93,80,2.67,3.98,1.46,50,0.58,44,1.16,0,16.3,15.18,4.95,3.2,0.73,32.76,2.62,16,1.02,32,0.29,0,0,29.83,76,2.91,88,44,4.07,5.68,11,58,-17,39.01,3.49,0.08,0.08,24.3,98,5.17,3.49,0.29,0.29,0,0,0.29,0.58,0,100,0.29,100,0,31,66,3,29,63,8,23.58,24.08,0.88,89,0.5,20.72,21.34,0,0,0,0,0,,0,0,,0,0,0,0,0,0,21,5,1.94,16,0.05,0.04,0.17,-0.01,,0.25
Lautaro Blanco,Boca Juniors,Liga Profesional,2026,2035,Left Back,Argentina,27,18/02/99,0.04,0.04,0.02,0.05,0.49,9,27,0,,0.03,0.09,0.13,1.42,0.09,0.12,1.24,0,0.01,0.18,0.13,0.15,1.9,-0.02,1.28,0.66,0.62,52,0.18,0,1.19,1.42,0.71,0.98,1.77,2.4,13.97,8.09,0.02,6.19,32.84,11.19,4.69,2.52,3.23,74,3.42,4.41,0.44,53,0.88,45,0.4,0.04,11.01,14.8,4.55,2.87,1.15,35.67,2.96,27,1.5,52,0.04,0,0,46.87,72,4.25,83,44,3.63,7.74,14,56,-16,51.7,5.22,0.52,0.63,41.17,94,4.63,11.28,2.39,2.12,0.27,0.18,0.8,2.92,0.09,52,1.5,30,0.13,26,67,8,26,65,9,21.65,22.91,0.88,94,1.25,18.96,21.59,0,0,0,0,0,,0,0,,0,0,0,0,0,0,26,8,6.86,42,0.22,0.09,0.04,0.01,,0.35
Lautaro Carrera,Gimnasia Mendoza,Liga Profesional,2026,688,Right Centre Back,Argentina,23,29/05/03,0,0,0.04,0.08,0.52,0,0,0,,0,0,0,0,0,0,0,0,0,0,0,0.04,0.52,-0.04,0.13,0.13,0,100,0.39,0,0.52,0.26,1.18,0.83,5.63,5.61,15.96,8.64,0.04,9.29,23.91,7.98,1.05,2.49,3.66,83,2.06,2.89,1.44,43,0.52,48,1.83,0,12.04,10.7,6.02,1.57,0.92,27.1,1.57,13,0.65,42,0.13,0,0,26.3,68,2.09,9,33,7.07,4.84,12,40,-28,34.65,1.18,0.08,0.09,18.58,96,4.09,1.18,0,0,0,0,1.05,1.05,0,,0,,0,40,56,4,67,33,0,27.17,35.27,0.85,85,8.1,23.15,30.05,0,0,0,0,0,,0,0,,0,0,0,0,0,0,28,6,0.94,9,0.02,0,0.08,-0.04,,0.06
Lautaro Di Lollo,Boca Juniors,Liga Profesional,2026,1912,Right Centre Back,Argentina,22,09/03/04,0.05,0.05,0.07,0.07,0.89,5,32,0,,0.08,0,0,0,0,0,0,0,0,0,0.05,0.07,0.89,-0.02,0.19,0.19,0,100,0.33,0,0.28,0.14,0.75,1.14,4.05,5.59,11.58,5.41,0.04,6.02,27.05,13.04,1.6,2.26,3.01,75,3.22,4.35,0.8,57,0.75,74,4.24,0,8.52,11.89,3.77,2.02,0.85,31.13,1.6,19,0.89,44,0.14,0,0,62.7,86,3.53,5,54,5.04,5.51,13,71,-16,37.33,3.91,0.52,0.53,47.68,99,4.8,4.38,0.05,0.05,0,0,2.12,2.17,0,0,0,,0.09,29,69,2,42,58,0,21.63,20.79,0.94,90,-0.84,20.25,18.73,0,0,0,0,0,,0,0,,0,0,0,0,0,0,17,7,3.57,22,0.05,0.06,0.04,-0.01,,0.14
Lautaro Díaz,Racing Club,Liga Profesional,2026,402,Left Centre Forward,Argentina,28,20/05/98,0,0,0.15,0.16,0.9,0,50,2,,0.13,0,0.08,1.34,0,0.08,1.34,0,0,0,0,0.23,2.24,-0.23,2.47,1.79,0.67,73,1.79,0,1.12,4.26,1.12,0.98,0.9,0.88,12.77,4.71,0.03,4.48,57.21,5.38,2.69,1.12,2.24,83,1.26,2.25,0.67,50,0.22,40,1.34,0,10.98,10.03,3.36,3.14,1.34,63.59,7.62,69,2.24,71,0,0,0,18.15,62,0.22,16,33,0.9,0.67,33,59,-3,61.52,2.24,0.37,0.47,20.39,79,6.85,6.27,0.9,0.9,0,0.22,2.24,3.14,0,50,0.45,33,0.45,15,66,20,7,64,29,14.96,12.23,0.99,102,-2.73,14.77,12.53,0,0,0,0,0,,0,0,,0,0,0,0,0,0,35,10,3.72,30,0.01,0.02,0.04,-0.04,,0.03
Lautaro Giaccone,Argentinos Juniors,Liga Profesional,2026,503,Left Back,Argentina,25,31/01/01,0,0,0.07,0.04,1.61,0,33,2,,0.1,0,0.07,0.89,0,0.07,0.89,0,0,0,0,0.14,2.5,-0.14,1.97,1.07,0.89,55,0.72,0.18,1.25,2.68,0.89,1.2,0.89,1.16,12.88,5.9,0,5.01,48.65,7.16,2.68,1.43,2.33,73,2.04,3.24,0.18,0,0.54,14,0.18,0,11.27,16.72,4.29,4.11,1.97,50.58,5.37,48,2.68,65,0,0,0,32.2,74,2.33,77,59,1.43,3.4,24,70,-3,61.58,4.29,0.32,0.47,30.41,90,6.02,10.55,0.72,0.54,0.18,0.18,3.4,3.94,0,50,0.72,29,0.54,13,64,24,15,61,24,18.99,15.15,1.02,103,-3.83,19.29,15.66,0,0,0,0,0,,0,0,,0,0,0,0,0,0,28,10,6.42,34,-0.02,0.19,0.01,-0.09,,0.09
Lautaro Giannetti,Newell's Old Boys,Liga Profesional,2026,717,Left Centre Back,Argentina,33,12/11/93,0,0,0.01,0.05,0.25,0,0,0,,0,0,0,0.13,0,0,0.13,0,0,0,0,0.01,0.38,-0.01,0.13,0.13,0,100,0.13,0,0.25,0,0.63,0.64,7.9,7.53,7.65,3.89,0.09,5.14,20,7.02,1.13,1.63,2.26,87,1.86,2.5,0.63,50,0.25,70,2.89,0,5.39,4.87,2.76,1.13,0.38,24.93,0.63,12,0.25,22,0.13,0,0,31.74,89,2.51,19,69,8.91,2.63,17,75,-14,35.07,1.76,0.19,0.2,23.71,99,5.11,1.63,0.13,0.13,0,0,0.5,0.63,0,100,0.13,100,0,23,76,1,54,46,0,22.53,23.6,0.98,98,1.07,22.09,23.07,0,0,0,0,0,,0,0,,0,0,0,0,0,0,16,7,1.68,19,0.01,0.04,0.01,0,,0.05
Lautaro Godoy,Atlético Tucumán,Liga Profesional,2026,1279,Right Centre Midfielder,Argentina,23,14/03/03,0.07,0.07,0.08,0.04,2.04,3,31,2,,0.09,0.07,0.09,1.41,0,0.05,0.77,0.07,0.04,0.63,0.14,0.17,3.45,-0.03,4.71,1.9,2.81,40,0.91,0,1.97,4.29,0.7,0.62,0.35,0.22,24.07,11.61,0.01,5.07,49.21,12.24,6.12,2.39,3.1,68,1.57,2.18,1.83,35,1.13,19,0.28,0,19.84,13.39,3.87,5,1.13,50.85,9.5,48,4.15,83,0.14,0.07,0,35.12,74,2.6,15,42,1.13,5.42,15,68,-7,57.32,6.19,0.38,0.41,38,85,7.2,11.54,2.18,1.13,1.06,0.07,0.84,1.97,0.21,19,0.42,25,0.07,21,68,11,24,64,12,20.24,19.44,0.9,99,-0.81,18.22,19.22,0,0,0,0,0,,0,0,,0,0,0,0,0,0,24,7,5.34,42,-0.03,0.12,0.04,-0.03,,0.1
Lautaro Gutierrez,Belgrano,Liga Profesional,2026,550,Left Centre Forward,Argentina,20,04/02/06,0.33,0.33,0.19,0.09,1.96,17,50,4,,0.4,0,0.07,0.82,0,0.07,0.82,0,0,0,0.33,0.26,2.78,0.07,1.31,0.82,0.49,63,0.65,0,2.13,5.24,0,0,0.49,0.68,15.87,4.91,0.02,3.93,61.86,7.2,4.09,0.16,0.16,20,0.24,0.24,0.98,0,0.65,39,2.78,0,14.73,15.43,3.11,5.56,1.47,62.63,11.13,76,4.75,85,0,0,0,23.24,67,0.16,27,20,0.49,0.82,25,55,-12,62.16,1.64,0.42,0.53,22.09,73,3.86,8.35,0.49,0.49,0,0.33,5.73,6.22,0,0,0.16,20,0.98,12,71,17,6,78,16,13.79,13.16,1,96,-0.62,13.78,12.67,0,0,0,0,0,,0,0,,0,0,0,0,0,0,30,7,3.7,28,-0.05,-0.04,0.13,0.12,,0.16
Lautaro Gómez,Banfield,Liga Profesional,2026,1038,Right Midfielder,Argentina,23,07/08/03,0.26,0.26,0.05,0.04,1.13,23,54,2,,0.18,0,0.1,1.13,0,0.08,0.87,0,0.02,0.26,0.26,0.15,2.25,0.11,2.34,1.3,1.04,56,2.52,0,4.25,3.73,0.35,0.27,0.35,0.16,25.24,11.36,0,6.33,45.96,9.71,5.12,2.86,3.21,66,1.85,2.11,1.3,19,1.47,36,0.69,0,21.07,13.99,5.03,5.9,1.3,45.86,8.07,38,3.73,63,0.17,0,0,21.59,62,1.39,80,44,0.61,2.86,23,61,0,58.37,3.73,0.28,0.35,26.19,73,6,7.2,0.87,0.61,0.26,0.43,2.34,2.95,0,50,0.52,33,0.43,25,68,7,17,78,5,19.77,14.12,0.94,102,-5.65,18.59,14.35,0,0,0,0,0,,0,0,,0,0,0,0,0,0,35,12,4.68,35,0.02,0.05,0.04,0.02,,0.13
Lautaro Millán,Independiente,Liga Profesional,2026,1122,Right Centre Midfielder,Chile,21,15/08/05,0.24,0.24,0.18,0.12,1.44,17,39,2,,0.24,0.08,0.1,1.69,0.08,0.08,1.28,0,0.02,0.4,0.32,0.27,3.13,0.05,1.04,0.88,0.16,85,1.93,0,1.28,0.88,0.64,0.78,0.16,0.22,20.46,10.35,0.01,6.9,48.19,8.51,4.73,1.04,1.69,65,1.25,2.03,1.12,13,0.56,31,0.88,0,18.3,20.77,6.1,5.06,2.17,48.88,9.07,50,3.61,71,0.32,0,0,31.7,79,2.41,5,60,0.48,3.69,18,71,-8,59.17,4.25,0.26,0.39,28.49,94,5.54,10.27,1.36,0.72,0.64,0.32,2.97,3.69,0,12,0.32,40,0.72,14,74,13,16,71,13,18.84,15.47,0.98,101,-3.37,18.46,15.59,0,0,0,0,0,,0,0,,0,0,0,0,0,0,24,9,5.3,34,0,0.08,0.03,0.09,,0.19
Lautaro Rivero,River Plate,Liga Profesional,2026,1891,Left Centre Back,Argentina,23,31/10/03,0.05,0.05,0.06,0.08,0.67,7,29,0,,0.04,0,0.01,0.1,0,0.01,0.1,0,0,0,0.05,0.06,0.76,-0.02,0.38,0.29,0.1,75,1,0,0.52,0.33,1.24,1.89,4.33,6.73,9.28,4.38,0.08,5.76,26,11.13,2.05,1.43,2.66,83,2.15,4.04,0.95,64,0.29,75,2.62,0.05,6.9,10.67,3.38,1.76,0.86,29.43,1.19,17,0.71,41,0.33,0,0,52.53,85,6.04,75,70,5.23,7.76,9,71,-15,37.55,3.43,0.44,0.47,43.44,98,5.93,3.52,0.14,0.14,0,0.05,1.09,1.24,0,33,0.1,50,0.05,24,73,2,32,65,3,23.45,22,0.95,101,-1.45,22.3,22.19,0,0,0,0,0,,0,0,,0,0,0,0,0,0,16,7,4.22,21,0.06,0.07,-0.02,-0.03,,0.08
Lautaro Ríos,Banfield,Liga Profesional,2026,332,Left Defensive Midfielder,Argentina,26,08/10/00,0,0,0.07,0.07,1.09,0,50,2,,0.06,0,0.01,0.27,0,0.01,0.27,0,0,0,0,0.08,1.36,-0.08,0.27,0,0.27,0,2.17,0,1.36,1.9,0.81,0.38,2.17,0.99,17.64,8.96,0.02,3.8,40.8,10.86,5.43,1.09,1.9,67,0.46,0.84,2.71,0,0.54,50,1.09,0,13.84,6.37,2.44,2.71,0.81,42.83,4.34,31,2.17,80,0.27,0,0,25.78,75,0.81,14,50,2.44,1.36,22,52,-22,49,2.44,0.29,0.29,18.73,84,4.19,3.8,0,0,0,0,1.09,1.09,0,,0,,0,24,66,9,36,64,0,18.67,18.26,0.97,107,-0.41,18.05,19.6,0,0,0,0,0,,0,0,,0,0,0,0,0,0,26,8,2.82,25,0.01,0.05,-0.08,0.01,,-0.01
Lautaro Vargas,Unión,Liga Profesional,2026,2000,Right Back,Argentina,21,31/01/05,0,0,0.01,0.03,0.45,0,20,1,,0.03,0.09,0.1,1.17,0.09,0.1,1.17,0,0,0,0.09,0.11,1.62,-0.02,2.02,1.21,0.81,60,0.54,0.04,1.03,1.39,1.17,0.98,2.11,1.73,13.18,7.02,0.02,5.4,31.1,8.5,2.38,1.66,2.83,51,1.56,2.54,0.72,28,1.57,35,0.31,0.09,10.84,10.32,3.55,2.47,0.76,34.46,2.38,22,1.21,49,0.4,0,0,34.56,74,5.13,7,59,2.92,7.92,10,66,-8,49.86,5.53,0.34,0.43,31.95,93,5.53,8.23,2.11,1.8,0.31,0.09,0.63,2.43,0.09,53,1.35,38,0.09,28,68,5,33,63,4,24.5,21.28,0.93,99,-3.23,22.83,21.12,0,0,0,0,0,,0,0,,0,0,0,0,0,0,30,12,6.96,41,0.27,0.08,0.03,-0.02,,0.37
Lautaro Villegas,Banfield,Liga Profesional,2026,1029,Right Defensive Midfielder,Argentina,23,29/12/03,0,0,0.03,0.08,0.35,0,25,1,,0.05,0,0.02,0.61,0,0.02,0.61,0,0,0,0,0.05,0.96,-0.05,0.52,0.44,0.09,83,0.61,0,1.14,0.7,0.7,0.35,1.14,0.52,26.84,13.11,0.01,7.61,41.61,10.58,4.72,2.27,2.97,70,1.21,1.56,1.14,27,0.96,38,0.79,0,23.52,12.37,6.56,6.03,2.45,43.42,8.04,34,3.41,57,0.26,0,0,31.74,77,2.19,14,64,1.84,2.71,20,73,-4,50.59,3.5,0.17,0.18,24.92,94,5.19,7.34,0.52,0.52,0,0.09,1.05,1.57,0.17,33,0.26,60,0.09,24,64,12,24,65,11,19.72,18.28,1,106,-1.44,19.7,19.44,0,0,0,0,0,,0,0,,0,0,0,0,0,0,28,12,3.27,29,0,0.06,0.07,-0.01,,0.13
Leandro Brey,Boca Juniors,Liga Profesional,2026,552,Goalkeeper,Argentina,24,20/09/02,0,0,0,,0,,,0,,0,0,0,0,0,0,0,0,0,0,0,0,0,0,0,0,0,,0,0,0,0,0,0,0,0,0,0,0,6.35,3.41,3.42,0,0,0,,0,0,0,,0,,0,0,0,0,0,0,0,,0,,0,,0,0,0,19.22,59,7.17,18,41,3.1,14.5,19,59,0,10.32,0.81,0.35,0.35,15.8,100,4.72,0.16,0,0,0,0,0,0,0,,0,,0,59,41,0,100,0,0,45.84,42.4,0.78,82,-3.44,35.88,34.65,0.33,0.39,0.06,75,70,5,0.62,1.3,15,8.96,1.85,0.33,0.33,20.66,4,33,1,1.52,11,0.1,0.04,,,-0.15,-0.01
Leandro Díaz,Atlético Tucumán,Liga Profesional,2026,1567,Centre Forward,Argentina,34,05/06/92,0.4,0.23,0.23,0.12,1.95,12,47,5,60,0.41,0.06,0.07,0.52,0.06,0.07,0.46,0,0,0.06,0.29,0.3,2.47,-0.01,0.46,0.17,0.29,38,1.26,0.06,0.75,2.7,0,0,0.57,0.4,15.45,7.24,0.05,3.22,60.45,4.25,2.64,0.23,0.23,57,0.23,0.23,1.78,0,0.17,45,3.27,0,13.55,9.57,2.76,1.72,0.63,64.14,10.28,76,1.49,87,0.17,0,0,16.43,65,1.38,24,86,0.92,1.26,31,55,-10,58.22,1.32,0.21,0.42,10.8,78,2.8,4.37,0.29,0.29,0,0.17,4.42,4.71,0,0,0,0,0.46,14,60,25,14,58,28,16.5,14.68,1.1,121,-1.82,18.17,17.75,0,0,0,0,0,,0,0,,0,0,0,0,0,0,31,9,2.08,14,0.01,-0.01,-0.03,0.06,,0.02
Leandro Fernández,Defensa y Justicia,Liga Profesional,2026,548,Centre Forward,Argentina,35,11/03/91,0.16,0.16,0.22,0.08,2.63,6,31,5,,0.11,0.16,0.16,1.48,0.16,0.15,1.31,0,0.01,0.16,0.33,0.37,4.11,-0.04,1.97,1.31,0.66,67,0.99,0,1.48,2.63,0.33,0.34,0.33,0.47,21.86,8.05,0,4.6,68.16,3.94,2.96,0.66,0.99,100,0.97,1.31,1.97,100,0,44,1.31,0,19.23,20.77,4.44,4.6,1.31,69.74,17.26,90,4.44,96,0.16,0,0,20.05,58,1.48,25,60,0.82,1.97,22,45,-13,62.63,2.3,0.36,0.62,18.57,82,4.85,6.41,1.15,0.99,0.16,0.49,5.92,6.9,0.33,0,0,0,0.66,17,67,17,28,62,10,19.08,14.98,1.08,122,-4.1,20.69,18.27,0,0,0,0,0,,0,0,,0,0,0,0,0,0,41,9,4.45,29,-0.08,0.05,0.01,-0.14,,-0.16
Leandro González Pírez,Estudiantes,Liga Profesional,2026,1480,Right Centre Back,Argentina,34,25/02/92,0.06,0.06,0.04,0.08,0.49,13,38,0,,0.03,0,0.01,0.18,0,0.01,0.18,0,0,0,0.06,0.04,0.67,0.02,0.49,0.43,0.06,88,1.22,0,0.36,0.18,0.43,0.5,5.23,5.55,7.36,3.71,0.05,4.2,25.38,11.98,1.89,1.09,1.52,82,1.23,1.73,1.03,64,0.24,73,3.53,0,5.23,5.86,2.19,0.91,0.49,32.61,1.03,20,0.55,60,0.49,0,0,45.01,85,6.08,11,63,6.39,8.46,17,78,-7,36.98,3.1,0.54,0.57,34,99,4.89,3.04,0.18,0.18,0,0.06,1.34,1.52,0,0,0,0,0.06,25,72,3,34,64,2,25.46,21.68,0.94,102,-3.77,23.94,22.01,0,0,0,0,0,,0,0,,0,0,0,0,0,0,20,8,3.73,25,0.07,0.06,0.03,0,,0.15
Leandro Lescano,Huracán,Liga Profesional,2026,325,Left Back,Argentina,23,02/03/03,0,0,0.03,0.02,1.39,0,20,2,,0,0,0.04,0.83,0,0.04,0.83,0,0,0,0,0.07,2.22,-0.07,0.83,0.28,0.55,33,1.39,0,1.39,1.39,1.11,0.98,1.94,2.22,16.08,8.04,0.02,5.82,34.39,11.09,3.88,1.66,2.77,75,1.81,2.79,3.05,75,0.55,45,1.39,0,11.37,13.85,4.99,3.05,1.39,37.58,3.6,32,1.66,55,0.55,0.28,0.28,33.55,62,1.66,87,26,3.88,4.44,17,58,-4,50.15,3.6,0.09,0.14,29.11,91,4.57,4.99,1.39,0,1.39,0.28,0.55,0.55,0.28,0,0,0,0.28,23,64,13,28,56,17,20.25,18.66,0.87,87,-1.59,17.58,16.31,0,0,0,0,0,,0,0,,0,0,0,0,0,0,26,6,4.08,38,0.1,0.09,-0.04,-0.05,,0.11
Leandro Lozano,Argentinos Juniors,Liga Profesional,2026,1384,Right Back,Uruguay,28,18/12/98,0,0,0.03,0.03,0.85,0,23,1,,0.02,0.13,0.14,1.56,0.13,0.12,1.43,0,0.01,0.13,0.13,0.16,2.41,-0.03,0.72,0.46,0.26,64,1.89,0.07,0.91,1.17,1.3,1.89,3.12,3.99,14.76,6.89,0.02,7.09,37.25,11.25,4.49,2.28,3.58,71,3.4,5.29,0.59,45,0.91,63,1.95,0,11.9,16.64,5.07,2.54,1.17,41.31,4.1,34,1.76,69,0.2,0,0,43.88,77,2.54,13,48,3.84,4.55,14,63,-14,53.86,4.75,0.38,0.44,38.42,96,3.78,13,1.89,1.5,0.39,0.26,1.3,2.8,0,38,0.91,27,0.26,23,58,19,23,59,18,19.54,17.51,0.93,109,-2.02,18.18,19.12,0,0,0,0,0,,0,0,,0,0,0,0,0,0,25,10,5.69,34,0.13,0.1,0.07,-0.02,,0.29
Leandro Paredes,Boca Juniors,Liga Profesional,2026,1551,Centre Defensive Midfielder,Argentina,32,28/06/94,0.12,0,0.04,0.02,1.57,0,19,1,100,0.02,0.17,0.21,2.26,0.12,0.14,1.33,0.06,0.07,0.93,0.17,0.25,3.83,-0.07,0.64,0.58,0.06,91,2.09,0,0.29,0.52,0.46,0.66,1.39,2.16,9.17,4.53,0.03,3.54,38.06,10.91,4.64,1.62,2.09,58,2.22,2.88,0.87,30,1.16,67,0.58,0,6.73,9.58,2.21,1.68,0.58,41.98,1.97,29,0.81,48,0.46,0,0,73.41,85,10.91,10,68,3.25,14.1,16,86,1,47.98,13.06,0.82,0.88,62.32,99,4.78,18.86,2.67,1.45,1.22,0.06,0.41,1.86,0.29,7,0.23,19,0.06,23,71,6,37,61,2,23.74,21.97,0.95,96,-1.77,22.49,21.09,0,0,0,0,0,,0,0,,0,0,0,0,0,0,17,6,11.58,69,0.23,0.14,0.03,-0.05,,0.35
Leonard Costa,Independiente Rivadavia,Liga Profesional,2026,1627,Right Centre Back,Uruguay,28,23/08/98,0.06,0.06,0.04,0.09,0.44,13,25,0,,0.05,0.06,0.03,0.17,0.06,0.03,0.17,0,0,0,0.11,0.07,0.61,0.04,0,0,0,,0.44,0,0.28,0.11,0.83,0.65,5.2,4.78,7.19,3.82,0.04,4.26,23.96,9.52,1.6,0.77,1.6,58,0.71,1.36,0.72,23,0.55,61,1.99,0,5.75,5.27,2.43,1.11,0.33,29.86,1,17,0.55,50,0.06,0,0,28.49,82,3.21,6,62,5.53,4.87,12,67,-14,38.35,1.72,0.27,0.29,21.03,98,6.12,2.38,0.06,0.06,0,0.22,1.44,1.49,0,0,0.11,100,0.22,31,63,5,35,60,5,24.41,20.84,0.94,95,-3.57,23,19.9,0,0,0,0,0,,0,0,,0,0,0,0,0,0,20,7,2.13,14,0.03,0.05,0.02,0.01,,0.11
Leonardo Gil,Huracán,Liga Profesional,2026,2006,Left Defensive Midfielder,Chile,35,30/05/91,0.04,0.04,0.03,0.04,0.58,8,38,0,,0.04,0.09,0.15,1.84,0,0.1,1.17,0.09,0.05,0.67,0.13,0.17,2.42,-0.04,0.36,0.22,0.13,63,2.56,0,1.12,1.03,0.31,0.41,0.99,1.1,19.61,10.1,0.03,6.73,43.88,12.21,6.64,2.47,2.78,77,2.55,2.96,1.17,42,0.72,38,1.17,0,16.06,16.69,5.29,4.98,1.48,46.9,7.22,45,2.83,57,0.18,0,0,48.01,76,3.63,78,54,1.48,6.24,19,76,0,54.01,6.19,0.36,0.38,39.04,96,4.17,12.79,1.71,0.81,0.9,0.09,0.94,1.75,0.09,21,0.4,30,0.27,21,68,11,24,67,9,19.95,15.74,0.94,106,-4.2,18.75,16.66,0,0,0,0,0,,0,0,,0,0,0,0,0,0,24,8,5.79,47,0.03,0.09,0,0,,0.11
Leonardo Godoy,Independiente,Liga Profesional,2026,945,Right Back,Argentina,31,27/04/95,0,0,0.02,0.03,0.57,0,17,1,,0.01,0,0.03,0.76,0,0.01,0.48,0,0.01,0.29,0,0.04,1.33,-0.04,0.76,0.1,0.67,13,1.33,0,0.86,1.43,0.57,0.6,3.24,3.17,13.33,5.81,0.05,5.62,32.51,10.76,4.38,1.43,2,75,1.35,1.95,1.43,60,0.48,48,1.05,0,10.47,11.18,4,3.71,1.33,36.79,3.24,31,2.29,62,0.38,0,0,30.47,65,4.28,10,48,4.19,7.9,13,69,4,50.65,6.38,0.17,0.2,23.8,92,4.65,6.95,2.48,0.76,1.71,0,0.67,1.43,0,38,1.24,28,0.1,33,62,5,45,53,1,24.14,22.81,0.94,98,-1.33,22.58,22.29,0,0,0,0,0,,0,0,,0,0,0,0,0,0,36,9,4.84,33,0.17,0.07,-0.15,-0.02,,0.07
Leonardo Heredia,CA Platense,Liga Profesional,2026,885,Centre Forward,Argentina,30,10/01/96,0,0,0.18,0.09,2.03,0,30,5,,0.06,0,0.02,0.51,0,0.02,0.51,0,0,0,0,0.2,2.54,-0.2,0.3,0.2,0.1,67,0.91,0,1.52,2.24,0.71,0.64,0.61,0.59,21.65,10.77,0.01,5.39,65.01,4.37,2.74,0.2,0.91,40,0.15,0.79,1.32,0,0.3,44,2.85,0,20.12,17.36,4.98,3.86,1.22,66.81,16.87,84,3.46,89,0.3,0,0,14.74,69,0.41,16,67,0.61,0.61,31,61,-7,60.2,0.61,0.22,0.33,12.6,77,3.34,4.78,0.41,0.41,0,0,3.96,4.37,0,0,0,0,0.2,15,67,18,19,68,13,13.8,11.91,1.03,116,-1.9,14.28,13.86,0,0,0,0,0,,0,0,,0,0,0,0,0,0,34,9,1.92,15,-0.01,0,-0.07,-0.15,,-0.22
Leonardo Marchi,Central Córdoba SdE,Liga Profesional,2026,315,Left Back,Argentina,30,16/09/96,0,0,0,,0,,,0,,0,0,0.02,0.57,0,0,0,0,0.02,0.57,0,0.02,0.57,-0.02,0.57,0.29,0.29,50,0,0,1.14,0.57,0.57,0.61,2.28,1.31,11.7,6.28,0,4.57,29.03,8.85,1.43,1.71,2.28,67,1.53,2.14,1.14,25,0.86,57,1.14,0,8.85,5.75,3.42,2.28,0.86,35.14,2,23,0.86,38,0.57,0,0,27.97,61,2.57,85,33,3.14,6.85,14,67,6,47.23,2.28,0.04,0.04,19.69,91,4.14,4.57,0.86,0.29,0.57,0,0,0.29,0,33,0.29,17,0,37,56,7,25,50,25,24.55,21.76,0.85,80,-2.79,20.84,17.36,0,0,0,0,0,,0,0,,0,0,0,0,0,0,41,14,2.97,27,0.05,0.04,0.04,,,0.13
Leonardo Morales,Belgrano,Liga Profesional,2026,2341,Right Centre Back,Argentina,35,10/04/91,0.04,0.04,0.03,0.05,0.54,7,14,0,,0.05,0,0.03,0.5,0,0.03,0.46,0,0,0.04,0.04,0.06,1.04,-0.03,0.46,0.35,0.12,75,0.58,0,0.46,0.35,0.73,0.66,3.96,3.52,9.19,4.5,0.07,4.38,25.04,10.54,2.42,1.5,2.23,67,1.53,2.19,0.38,45,0.73,61,1.54,0.08,7.31,6.82,2.54,1.27,0.42,30.17,1.27,17,0.38,30,0.19,0,0.04,32.8,76,2.58,16,51,4.54,4.46,12,69,-7,43.94,4.11,0.23,0.26,24.72,97,5.58,5.23,0.46,0.38,0.08,0.12,0.81,1.19,0,33,0.19,42,0.12,32,63,5,29,63,7,21.38,18.6,0.94,99,-2.78,20.15,18.37,0,0,0,0,0,,0,0,,0,0,0,0,0,0,22,6,3.53,26,0.09,0.06,0.09,-0.01,,0.22
Leonel Bucca,Independiente Rivadavia,Liga Profesional,2026,571,Left Centre Midfielder,Argentina,27,19/03/99,0.63,0.63,0.26,0.11,2.37,27,33,3,,0.47,0,0.16,0.79,0,0.16,0.79,0,0,0,0.63,0.42,3.15,0.21,1.42,0.79,0.63,56,1.73,0.16,2.05,2.52,0.63,0.6,1.89,1.89,15.61,7.1,0,4.41,44.31,10.56,3.94,2.21,2.84,74,2.34,2.94,1.58,38,0.79,58,3.31,0,11.83,12.73,3.94,2.68,0.79,46.63,4.57,39,2.21,82,0,0,0,33.11,64,1.42,92,39,3.15,2.37,26,58,-6,52.79,2.84,0.34,0.54,27.28,86,4.61,7.1,0.32,0.16,0.16,0.47,5.2,5.36,0.16,50,0.32,33,0.63,28,63,10,27,62,11,19.11,17.03,0.92,94,-2.08,17.68,16.07,0,0,0,0,0,,0,0,,0,0,0,0,0,0,32,10,3.44,22,0.08,0.01,-0.01,0.14,,0.22
Leonel Di Plácido,Atlético Tucumán,Liga Profesional,2026,1058,Right Back,Argentina,32,27/01/94,0,0,0.02,0.02,0.85,0,20,1,,0.01,0,0.09,1.02,0,0.09,0.85,0,0,0.17,0,0.11,1.87,-0.11,1.02,0.51,0.51,50,0.43,0,0.51,1.28,1.02,0.89,3.4,3.1,16.08,8.25,0,6.47,36.26,11.49,4.76,2.3,3.32,57,1.91,2.81,1.28,43,1.7,56,2.38,0,12.51,9.97,4.42,3.66,1.28,39.27,3.57,29,2.21,60,0.34,0,0,33.44,75,2.72,12,51,3.91,4.85,16,59,-16,53.78,5.62,0.28,0.37,27.06,94,6.22,9.27,1.28,1.19,0.09,0.17,1.19,2.38,0.09,40,0.51,38,0.17,33,56,11,34,52,14,20.23,17.45,0.93,96,-2.78,18.86,16.69,0,0,0,0,0,,0,0,,0,0,0,0,0,0,29,12,5.9,38,0.17,0.07,0.01,-0.02,,0.23
Leonel Flores,Boca Juniors,Liga Profesional,2026,669,Right Wing,Argentina,19,05/02/07,0,0,0.25,0.09,2.82,0,29,3,,0.06,0.13,0.16,1.61,0.13,0.16,1.61,0,0,0,0.13,0.41,4.44,-0.28,4.57,2.82,1.75,62,2.02,0,3.9,4.84,0.54,0.55,0.67,1.07,13.44,4.71,0,4.3,59.08,6.18,4.44,1.08,1.61,62,1.49,2.04,1.08,17,0.67,13,0.13,0,11.29,14.79,3.36,4.44,1.48,63.6,8.47,75,3.9,88,0.27,0,0,34.15,73,1.61,4,55,1.21,2.42,21,63,-10,66.32,6.32,0.58,0.85,44.09,82,7.71,14.92,1.61,1.61,0,0.94,4.71,6.32,0.13,33,1.34,32,1.21,12,67,21,11,68,21,16.43,15.65,0.95,97,-0.78,15.54,15.23,0,0,0,0,0,,0,0,,0,0,0,0,0,0,24,6,6.53,35,0.02,0.27,0,-0.17,,0.11
Leonel Mosevich,Instituto,Liga Profesional,2026,2275,Right Centre Back,Argentina,29,03/02/97,0,0,0.05,0.1,0.51,0,31,0,,0.03,0,0,0,0,0,0,0,0,0,0,0.05,0.51,-0.05,0,0,0,,0.36,0,0.08,0.12,1.11,1.14,5.18,4.93,10.92,5.97,0.07,6.21,24.49,7.6,0.99,1.78,2.89,76,1.62,2.76,1.15,56,0.55,71,2.85,0,7.99,7.45,3.56,1.5,0.59,29.63,1.27,16,0.47,32,0.24,0,0,29.99,84,2.26,10,54,5.82,3.56,11,61,-22,31.3,0.47,0.33,0.36,21.21,100,4.04,0.44,0.04,0.04,0,0,1.19,1.23,0,0,0,,0,24,74,3,64,36,0,23.36,22.11,0.93,87,-1.25,21.65,19.28,0,0,0,0,0,,0,0,,0,0,0,0,0,0,18,5,2.69,17,0.03,0.01,0.11,-0.04,,0.11
Leonel Pérez,Racing Club,Liga Profesional,2026,319,Centre Defensive Midfielder,Argentina,22,08/08/04,0.28,0.28,0.08,0.3,0.28,100,100,0,,0.2,0,0.01,0.56,0,0.01,0.56,0,0,0,0.28,0.1,0.85,0.19,0.28,0.28,0,100,1.13,0,0.28,0,1.41,2.08,1.41,1.93,13.81,4.51,0.07,6.2,32.95,11.27,5.35,1.69,3.1,86,2.8,4.89,0.56,0,0.28,40,1.13,0.28,11.55,16.9,4.79,4.23,2.25,36.37,3.1,27,1.97,47,0.28,0,0,51.01,93,4.79,8,100,2.54,3.66,14,92,-1,45.78,4.51,0.18,0.18,41.43,99,4.05,6.76,0,0,0,0,0.28,0.28,0,,0,,0,16,81,3,29,71,0,20.04,19.75,1.01,98,-0.3,20.3,19.29,0,0,0,0,0,,0,0,,0,0,0,0,0,0,6,2,5.61,33,0.04,0.17,0.07,-0.01,,0.28
Lisandro López,Belgrano,Liga Profesional,2026,2101,Left Centre Back,Argentina,37,31/08/89,0.04,0.04,0.03,0.06,0.6,7,29,0,,0.06,0,0.01,0.34,0,0.01,0.3,0,0,0.04,0.04,0.04,0.94,0,0.56,0.47,0.09,85,0.6,0,0.17,0.39,1.2,1.35,6.13,6.45,7.71,4.5,0.06,5.23,22.42,9.64,1.11,1.84,3.04,77,1.99,3.34,0.39,50,0.56,61,1.97,0,5.48,5.57,2.87,0.73,0.6,25.43,0.64,12,0.21,29,0.17,0,0,45.67,89,3.47,15,74,6.3,4.5,10,84,-4,38.28,4.41,0.33,0.35,37.1,99,6.47,4.28,0.13,0.09,0.04,0.09,1.24,1.33,0,0,0.04,50,0.09,26,71,3,35,64,1,22.44,20.22,0.99,103,-2.21,22.17,20.83,0,0,0,0,0,,0,0,,0,0,0,0,0,0,16,9,3.99,28,0.04,0.07,0.04,0,,0.16
Lisandro Magallán,Vélez Sarsfield,Liga Profesional,2026,1881,Left Centre Back,Argentina,33,26/09/93,0,0,0.05,0.2,0.24,0,20,0,,0.02,0.05,0.01,0.19,0.05,0.01,0.19,0,0,0,0.05,0.06,0.43,-0.01,0.05,0.05,0,100,0.24,0,0.14,0.14,0.67,0.72,5.88,6.82,7.32,3.59,0.05,4.78,21.1,12.1,1.44,1.24,1.91,84,1.55,2.27,0.62,67,0.24,74,2.44,0,5.45,6.35,2.58,0.96,0.53,26.14,0.43,8,0.24,25,0.14,0,0,36.94,79,3.01,16,48,6.84,5.31,11,65,-14,36.2,2.2,0.23,0.23,24.74,99,3.75,2.15,0.1,0.1,0,0.1,0.62,0.72,0,0,0,,0.1,33,65,2,38,60,2,23.32,25.39,0.91,81,2.07,21.28,20.5,0,0,0,0,0,,0,0,,0,0,0,0,0,0,23,8,1.67,13,0.03,0.03,0.04,-0.04,,0.07
Lisandro Piñero,Banfield,Liga Profesional,2026,745,Left Midfielder,Argentina,19,14/07/07,0,0,0.11,0.1,1.09,0,0,2,,0,0.12,0.07,1.09,0.12,0.04,0.6,0,0.03,0.48,0.12,0.18,2.17,-0.06,1.21,0.97,0.24,80,3.5,0,3.38,2.05,0.85,0.59,0.48,0.25,16.18,7.13,0,4.83,48.65,7.13,3.74,1.21,2.05,56,0.84,1.43,0.97,11,0.97,9,0.12,0,14.01,9.46,3.86,3.62,0.97,49.31,6.52,47,2.29,63,0.36,0,0,21.26,63,1.33,9,42,0.72,2.9,19,63,0,61.69,2.78,0.4,0.45,25.36,80,5.58,8.21,1.57,1.21,0.36,0.12,1.57,2.78,0.12,15,0.48,29,0.36,25,64,11,22,63,15,18.54,14.66,0.94,111,-3.88,17.36,16.22,0,0,0,0,0,,0,0,,0,0,0,0,0,0,34,13,5.33,35,0.03,0.06,0.01,-0.05,,0.05
Luca Rafaelli,Instituto,Liga Profesional,2026,308,Right Wing,Argentina,18,20/08/08,0.29,0.29,0.16,0.09,1.75,17,33,3,,0.16,0.29,0.12,1.46,0.29,0.12,1.46,0,0,0,0.58,0.28,3.21,0.3,4.38,2.04,2.34,47,1.46,0,0.58,3.8,0.29,0.26,0.58,0.55,25.41,9.93,0,6.72,51.12,6.72,3.8,1.75,2.04,75,1.93,2.19,2.04,33,0.58,22,0.58,0,21.62,21.38,5.84,6.43,2.04,51.39,10.52,49,4.67,73,0.58,0,0,20.15,66,0.88,7,60,0.88,1.17,29,50,-16,57.85,1.75,0.33,0.45,23.37,81,6,5.84,0.58,0.58,0,0.29,2.63,3.21,0.58,0,0.29,25,0.29,23,64,13,15,75,10,16.29,13.23,1.03,137,-3.06,16.72,18.07,0,0,0,0,0,,0,0,,0,0,0,0,0,0,33,9,3.13,24,0.02,0.06,-0.01,-0.01,,0.05
Luca Regiardo,Newell's Old Boys,Liga Profesional,2026,1833,Left Defensive Midfielder,Argentina,20,22/10/06,0.05,0.05,0.02,0.05,0.39,13,13,0,,0.04,0,0,0.25,0,0,0.2,0,0,0.05,0.05,0.03,0.64,0.02,0.34,0.25,0.1,71,0.44,0,0.74,0.69,0.93,0.9,1.72,1.42,18.51,9.62,0.03,6.53,35.39,13.06,5.06,2.31,3.24,69,1.67,2.57,1.42,30,1.03,41,0.69,0,14.88,10.32,5.11,3.63,1.08,37.28,3.49,23,1.77,49,0.39,0,0,35.45,82,2.8,13,62,2.55,3.68,15,73,-9,44.9,3.63,0.2,0.21,27.2,96,4.6,4.91,0.15,0.15,0,0,0.25,0.39,0,0,0,0,0,22,69,9,24,75,1,21.4,22.38,0.95,97,0.98,20.35,21.68,0,0,0,0,0,,0,0,,0,0,0,0,0,0,20,9,2.62,25,0.03,0.06,0,0.01,,0.11
Lucas Acosta,Aldosivi,Liga Profesional,2026,485,Goalkeeper,Argentina,31,11/03/95,0,0,0,,0,,,0,,0,0,0,0.19,0,0,0.19,0,0,0,0,0,0.19,0,0,0,0,,0.19,0,0,0,0,0,0,0,0,0,0,10.03,2.15,3.72,0.19,0,0,,0,0,0,,0,,0,0.19,0,0,0,0,0,,0,,0,,0,0,0,11.89,50,9.29,10,43,1.86,19.88,7,70,20,13.07,2.41,0.05,0.06,11.89,100,8.66,1.3,0.56,0.37,0.19,0,0,0.37,0,0,0,,0,72,28,0,100,0,0,59.43,50.52,0.81,91,-8.91,48.2,46.07,1.11,1.24,0.12,71,68,3,1.47,3.9,23,17.09,1.56,0.19,0.19,22.14,-4,50,3,2.12,14,0.19,0.06,,,-0.08,0.17
Lucas Ayala,Unión,Liga Profesional,2026,433,Left Back,Argentina,19,10/02/07,0,0,0.02,0.04,0.62,0,0,1,,0,0,0.01,0.21,0,0.01,0.21,0,0,0,0,0.03,0.83,-0.03,0.42,0.21,0.21,50,0.62,0,0.83,0.62,0.83,0.67,1.66,1.46,16.41,7.27,0.02,5.61,33.91,9.14,3.12,2.28,3.12,69,2.11,2.78,0.62,60,1.04,46,1.25,0,13.71,12.25,4.36,2.7,0.83,35.1,2.49,18,1.45,54,0,0,0,26.58,74,1.87,95,47,1.87,3.74,12,57,-17,50.72,3.95,0.16,0.17,23.47,95,4.05,6.65,0.62,0.62,0,0,0.62,1.25,0.42,67,0.83,80,0,40,49,12,44,47,9,19.74,14.71,0.93,100,-5.03,18.28,14.72,0,0,0,0,0,,0,0,,0,0,0,0,0,0,22,7,3.2,21,0.06,0.06,0.03,-0.02,,0.13
Lucas Beltrán,River Plate,Liga Profesional,2026,425,Centre Forward,Argentina,25,28/03/01,0,0,0.21,0.11,1.91,0,56,3,,0.36,0,0.18,1.06,0,0.18,1.06,0,0,0,0,0.39,2.97,-0.39,1.48,0.42,1.06,29,1.48,0,2.12,2.97,0.21,0.35,0.21,0.35,20.98,8.69,0,6.36,67.16,5.51,3.18,0.85,1.06,67,1.03,1.38,1.06,33,0.42,28,1.06,0,19.08,23.4,5.72,4.24,1.06,67.51,15.9,83,3.6,85,0,0,0,24.59,76,0.85,15,80,0.21,1.06,21,65,-11,63.55,3.18,0.35,0.47,24.8,84,5.09,10.39,0.85,0.85,0,0.64,5.51,6.36,0.42,0,0.42,50,1.27,17,62,21,18,57,24,15.89,14.37,1,103,-1.53,15.96,14.83,0,0,0,0,0,,0,0,,0,0,0,0,0,0,20,5,3.94,27,0.06,-0.02,0,0.16,,0.21
Lucas Besozzi,Lanús,Liga Profesional,2026,652,Left Wing,Argentina,23,21/01/03,0,0,0.08,0.1,0.83,0,50,1,,0.06,0.28,0.16,1.38,0.28,0.16,1.38,0,0,0,0.28,0.24,2.21,0.03,3.31,1.52,1.8,46,1.24,0,3.59,4,0.83,0.9,1.1,1.55,11.88,5.66,0,4.14,51.64,7.6,3.04,0.55,1.38,36,0.61,1.51,0.28,25,0.97,29,0.28,0,11.05,13.1,3.45,3.18,1.52,53.24,6.08,55,1.93,61,0,0,0,39.77,78,1.24,18,53,1.24,2.21,16,74,-4,59.99,6.08,0.67,0.74,39.91,85,7.4,15.05,1.38,1.38,0,0.14,2.07,3.45,0,50,0.83,29,0.55,13,71,16,14,69,17,16.62,13.98,0.99,117,-2.65,16.47,16.29,0,0,0,0,0,,0,0,,0,0,0,0,0,0,23,7,5.8,36,0.04,0.13,0.02,-0.04,,0.15
Lucas Blondel,Huracán,Liga Profesional,2026,1723,Right Back,Switzerland,30,13/09/96,0.05,0.05,0.08,0.06,1.46,4,14,1,,0.05,0,0.03,0.63,0,0.03,0.57,0,0,0.05,0.05,0.11,2.09,-0.06,0.73,0.47,0.26,64,0.84,0,1.72,1.2,1.41,1.49,2.3,2.46,15.82,8.98,0.04,7,34.99,12.38,5.07,1.88,3.29,52,2.13,3.62,1.1,33,1.72,70,2.19,0.1,12.85,12.74,4.96,3.45,1.25,40.41,4.8,37,2.25,65,0.21,0,0,37.6,69,1.78,11,32,3.13,4.75,16,54,-15,53.28,4.13,0.22,0.3,31.6,92,4.08,8.25,0.94,0.68,0.26,0.05,1.57,2.25,0,11,0.16,9,0.05,28,60,12,23,62,15,20.38,18.13,0.88,94,-2.25,17.85,17.07,0,0,0,0,0,,0,0,,0,0,0,0,0,0,31,9,4.37,33,0.06,0.04,0,-0.04,,0.06
Lucas Bruera,AA Estudiantes Río Cuarto,Liga Profesional,2026,772,Goalkeeper,Argentina,29,18/10/97,0,0,0,,0,,,0,,0,0,0,0,0,0,0,0,0,0,0,0,0,0,0,0,0,,0.12,0,0,0,0,0,0,0,0.12,0.12,0,7.23,2.01,3.5,0,0,0,,0,0,0.12,,0,,0,0,0,0,0,0,0,,0,,0,,0.12,0,0,11.66,63,6.88,7,47,0.93,13.76,6,36,-27,10.09,0.7,0.01,0.01,8.75,100,8.71,0.7,0,0,0,0,0,0,0,,0,,0,63,37,0,100,0,0,47.75,44.41,0.81,86,-3.33,38.83,38.29,0.58,0.82,0.24,81,74,8,1.05,3.15,24,13.3,2.03,0.35,0.35,18.1,-3,28,2,0.64,5,0.09,0.04,-0.08,,-0.03,0.01
Lucas Carrizo,Huracán,Liga Profesional,2026,1411,Left Centre Back,Argentina,29,19/05/97,0,0,0.01,0.02,0.26,0,25,0,,0,0,0.01,0.26,0,0,0.19,0,0,0.06,0,0.01,0.51,-0.01,0.19,0.13,0.06,67,1.59,0,0.19,0.19,0.89,0.69,3.7,3.22,10.52,6.38,0.02,6.25,27.9,11.29,1.98,1.85,2.74,67,2.12,2.81,0.7,48,0.89,50,1.15,0,7.97,7.66,3.51,1.66,0.89,30.63,1.08,14,0.45,27,0.32,0,0.06,42.47,79,6.06,91,53,5.55,9.5,12,52,-26,34.95,3.63,0.19,0.2,32.71,99,4.67,3.63,0.26,0.19,0.06,0.06,0.57,0.77,0,0,0,0,0.13,31,65,4,56,40,4,26.48,27.42,0.9,81,0.94,23.9,22.31,0,0,0,0,0,,0,0,,0,0,0,0,0,0,21,7,2.23,20,0.06,0.05,0.05,-0.01,,0.15
Lucas Castro,Aldosivi,Liga Profesional,2026,679,Left Defensive Midfielder,Argentina,37,08/04/89,0,0,0.05,0.05,1.06,0,38,1,,0.04,0,0.04,0.66,0,0.04,0.66,0,0,0,0,0.09,1.72,-0.09,1.19,0.93,0.27,78,0.93,0,1.46,1.06,0.8,0.33,0.93,0.66,14.45,6.36,0.03,4.77,39.58,14.32,5.97,1.59,2.39,75,1.12,1.45,1.59,20,0.53,44,0.53,0,11.27,6.73,3.58,3.18,0.8,42.3,3.84,34,1.99,63,0.13,0,0,40.43,59,3.05,13,37,2.25,7.03,23,58,-1,48.61,4.9,0.26,0.32,32.08,93,4.88,5.7,0.53,0.53,0,0.27,1.59,2.12,0.13,0,0.27,22,0.53,31,62,7,30,65,5,22.31,19.8,0.9,88,-2.51,20.11,17.49,0,0,0,0,0,,0,0,,0,0,0,0,0,0,39,6,4.07,29,-0.04,0.05,0.08,-0.01,,0.08
Lucas Castro,Gimnasia La Plata,Liga Profesional,2026,341,Left Midfielder,Argentina,37,08/04/89,0,0,0.17,0.07,2.37,0,0,1,,0,0,0.04,0.53,0,0.04,0.53,0,0,0,0,0.21,2.9,-0.21,1.05,0.53,0.53,50,1.58,0,2.37,2.11,0.26,0.17,1.85,1.68,22.41,10.54,0.02,6.59,47.59,12.92,7.12,3.69,3.95,78,3.64,3.8,1.05,20,1.05,83,2.64,0,18.19,13.79,5.27,5.8,1.85,49.49,9.23,51,4.48,77,0,0,0,40.6,69,2.11,10,40,3.16,3.95,18,50,-19,53.14,3.69,0.31,0.39,36.38,91,3.96,8.7,1.58,1.58,0,0,3.43,5.01,0.26,0,0,0,0,26,64,10,42,45,12,20.47,20.47,0.93,113,0,19.13,23.2,0,0,0,0,0,,0,0,,0,0,0,0,0,0,28,4,4.09,32,0.01,0.04,0.05,-0.19,,-0.09
Lucas González,Central Córdoba SdE,Liga Profesional,2026,1387,Left Centre Midfielder,Argentina,26,02/06/00,0,0,0.05,0.03,1.56,0,4,2,,0,0,0.04,0.78,0,0.03,0.65,0,0,0.13,0,0.08,2.34,-0.08,1.62,1.17,0.45,72,1.69,0,2.6,1.17,0.52,0.41,0.32,0.17,17.19,8.3,0.01,5.38,45.68,11.09,5.64,1.3,1.82,77,1.12,1.54,1.04,40,0.39,32,0.52,0.06,14.92,8.87,4.67,4.15,1.23,45.65,5.84,39,2.4,58,0.26,0,0,35.29,78,4.54,10,65,1.62,5.71,26,77,-2,51.73,5.45,0.23,0.27,36.33,91,6.17,8.56,0.91,0.71,0.19,0,0.58,1.3,0,0,0,0,0,17,70,13,21,72,7,22.33,19.53,0.97,97,-2.8,21.56,18.97,0,0,0,0,0,,0,0,,0,0,0,0,0,0,22,8,3.98,34,-0.04,0.11,0.02,-0.05,,0.03
Lucas Gómez,Argentinos Juniors,Liga Profesional,2026,385,Right Centre Midfielder,Argentina,22,16/06/04,0,0,0.01,0.01,0.47,0,50,1,,0,0,0.03,0.94,0,0.03,0.94,0,0,0,0,0.04,1.4,-0.04,0,0,0,,2.11,0,1.64,0.7,0.47,0.65,1.87,2.44,16.84,9.59,0,6.08,47.89,10.76,4.44,1.87,2.34,80,2.75,3.39,1.64,0,0.47,50,0.23,0,13.33,19.36,4.91,4.44,1.87,49.24,6.08,46,3.04,68,0,0,0,41.17,84,3.04,14,68,2.11,4.21,12,74,-10,47.44,3.27,0.26,0.27,35.32,93,3.64,7.25,0.23,0.23,0,0,0.47,0.7,0,0,0,0,0,20,71,9,13,77,10,19.83,17.55,0.96,95,-2.29,19.13,16.58,0,0,0,0,0,,0,0,,0,0,0,0,0,0,13,6,3.18,25,-0.01,0.07,0.04,-0.02,,0.08
Lucas Martínez,River Plate,Liga Profesional,2026,2582,Right Centre Back,Argentina,30,09/05/96,0.07,0.07,0.11,0.11,1.01,7,28,0,,0.08,0.03,0.02,0.17,0.03,0.02,0.17,0,0,0,0.1,0.13,1.19,-0.02,0.98,0.66,0.31,68,0.91,0.03,0.24,0.7,1.64,2.37,3.52,5.03,9.87,4.32,0.04,5.23,27.45,11.92,2.06,1.81,3.45,80,2.75,5.12,0.98,70,0.45,56,2.3,0.03,7.08,10.89,3.59,1.85,1.01,30.87,1.19,17,0.56,30,0.24,0,0,55.89,85,6.45,16,67,4.64,8.47,11,75,-10,36.43,4.74,0.45,0.49,44.17,98,6.24,5.02,0.1,0.1,0,0.03,1.99,2.09,0.03,0,0,0,0.1,26,72,2,30,68,2,23.96,22.74,0.94,92,-1.23,22.63,20.85,0,0,0,0,0,,0,0,,0,0,0,0,0,0,16,7,4.45,25,0.09,0.08,0.04,-0.05,,0.16
Lucas Menossi,Unión,Liga Profesional,2026,769,Right Defensive Midfielder,Argentina,34,10/07/92,0.47,0.47,0.09,0.09,1.05,44,67,1,,0.3,0,0.06,0.7,0,0.06,0.7,0,0,0,0.47,0.15,1.76,0.32,0.82,0.59,0.23,71,0.7,0,1.4,0.7,0.82,0.79,1.29,1.13,14.51,7.37,0.01,4.33,42.46,14.28,7.72,1.99,2.81,71,1.78,2.57,1.29,30,0.82,50,1.05,0,11.24,11.17,3.28,3.86,0.82,44.71,4.21,38,2.46,64,0.35,0,0,39.79,80,2.93,10,69,1.64,3.86,20,71,-8,50.07,4.8,0.5,0.66,31.36,94,5.75,8.31,0.7,0.7,0,0.12,1.17,1.87,0.12,0,0,,0.12,26,64,9,21,73,6,19.66,16.69,1,102,-2.97,19.66,17.02,0,0,0,0,0,,0,0,,0,0,0,0,0,0,25,10,5.22,32,0.04,0.12,-0.06,0.09,,0.2
Lucas Passerini,Belgrano,Liga Profesional,2026,1248,Centre Forward,Argentina,32,15/07/94,0.07,0.07,0.28,0.12,2.45,3,24,4,0,0.16,0.5,0.19,1.37,0.5,0.19,1.37,0,0,0,0.58,0.48,3.82,0.1,1.66,0.87,0.79,52,2.02,0.07,4.97,5.7,0.22,0.19,1.44,1.15,17.23,6.85,0.01,3.46,61.1,4.9,3.89,0.87,1.08,80,0.88,1.07,2.74,0,0.22,39,3.1,0,13.84,11.44,2.74,3.24,0.65,67.02,11.46,83,2.88,89,0.29,0.07,0,20.12,69,0.94,10,81,1.59,1.01,29,61,-7,64.83,1.95,0.46,0.66,23.22,63,4.15,8.08,0.36,0.36,0,0.87,8,8.36,0.29,0,0.07,33,1.23,13,70,17,15,71,14,13.21,11.27,1.06,111,-1.94,13.97,12.5,0,0,0,0,0,,0,0,,0,0,0,0,0,0,34,12,3.7,26,-0.05,-0.12,0.01,-0.02,,-0.19
Lucas Robertone,Vélez Sarsfield,Liga Profesional,2026,1401,Left Defensive Midfielder,Argentina,29,17/03/97,0.06,0.06,0.04,0.03,1.41,5,18,1,,0.04,0.06,0.1,0.96,0,0.07,0.64,0.06,0.03,0.32,0.13,0.14,2.38,-0.02,0.51,0.39,0.13,75,1.73,0,0.58,1.09,1.93,2.07,1.61,1.84,16.45,8.93,0.04,6.81,40.01,15.23,7.26,2.31,4.24,60,2.29,4.36,1.8,30,1.54,48,1.67,0,12.4,13.14,5.08,4.24,1.35,42.65,4.82,39,2.38,56,0.45,0.06,0,48.95,79,4.63,13,61,2.7,6.49,16,73,-6,52.48,5.59,0.43,0.49,34.43,96,3.9,10.99,1.16,0.58,0.58,0.19,1.09,1.67,0.13,17,0.26,36,0.26,21,68,11,17,77,6,20.59,17.92,0.96,96,-2.68,19.71,17.25,0,0,0,0,0,,0,0,,0,0,0,0,0,0,21,8,5.06,38,0.06,0.08,0.05,-0.03,,0.15
Lucas Rodríguez,Aldosivi,Liga Profesional,2026,792,Left Back,Argentina,33,26/09/93,0,0,0.07,0.12,0.57,0,20,1,,0.06,0,0.08,1.25,0,0.06,0.8,0,0.02,0.45,0,0.14,1.82,-0.14,1.36,0.91,0.45,67,0.8,0,0.91,0.68,0.23,0.17,1.82,0.96,11.6,6.14,0.03,4.32,33.32,8.64,3.41,1.82,2.05,73,2.05,2.21,1.02,64,0.68,67,0.68,0,8.75,7.35,2.96,1.82,0.45,35.85,2.61,30,1.59,88,0.11,0,0,31.72,68,2.73,84,35,2.5,7.05,14,62,-6,50.27,3.18,0.29,0.31,27.51,95,3.59,5.23,2.5,1.36,1.14,0.23,0.91,2.27,0.11,32,0.91,30,0.23,28,64,8,28,65,7,21.85,17.46,0.88,87,-4.39,19.28,15.13,0,0,0,0,0,,0,0,,0,0,0,0,0,0,40,13,4.72,40,0.17,0.06,-0.07,-0.05,,0.11
Lucas Souto,Defensa y Justicia,Liga Profesional,2026,1638,Right Centre Back,Argentina,28,10/10/98,0.05,0.05,0.06,0.16,0.38,14,29,0,,0.06,0,0.01,0.11,0,0.01,0.11,0,0,0,0.05,0.07,0.49,-0.02,0.66,0.22,0.44,33,0.55,0,0.88,0.99,1.76,1.71,4.34,4.44,11.59,5.22,0.02,6.32,30.86,9.78,2.31,1.7,3.46,74,1.63,3.33,1.15,38,0.6,66,2.47,0,8.85,9.32,3.96,1.87,1.04,36.66,2.58,29,1.04,56,0.05,0,0.05,37.85,80,2.36,6,54,5.22,3.52,18,61,-18,46.38,3.24,0.26,0.33,30.27,95,5.39,6.26,0.33,0.27,0.05,0,0.99,1.26,0,33,0.11,25,0.05,28,60,13,25,54,21,19.09,19.14,0.93,95,0.05,17.79,18.26,0,0,0,0,0,,0,0,,0,0,0,0,0,0,25,11,2.49,23,0.06,0.05,0.01,0,,0.13
Lucas Suárez,CA Sarmiento,Liga Profesional,2026,1425,Left Back,Argentina,31,16/03/95,0.06,0.06,0.03,0.05,0.57,11,44,0,,0.08,0,0.03,0.44,0,0.03,0.44,0,0,0,0.06,0.06,1.01,0.01,0.95,0.51,0.44,53,0.88,0,0.88,1.26,1.39,1.01,3.28,3.28,17.74,9.28,0.03,6.63,30.97,8.27,2.71,3.09,4.48,80,2.48,3.48,1.2,59,0.76,49,1.52,0,13.45,10.07,4.29,2.59,1.01,34.86,2.65,20,1.07,41,0.19,0,0,26.77,65,2.27,77,42,3.6,5.05,15,57,-7,45.78,4.23,0.17,0.2,21.15,92,4.13,4.48,1.01,0.38,0.63,0.06,0.95,1.33,0.06,19,0.25,31,0,39,56,5,38,52,10,23.27,17.41,0.95,112,-5.86,22.07,19.47,0,0,0,0,0,,0,0,,0,0,0,0,0,0,34,13,3.02,24,0.12,0.02,-0.01,-0.02,,0.11
Lucas Varaldo,Central Córdoba SdE,Liga Profesional,2026,459,Right Centre Forward,Argentina,24,23/02/02,0,0,0.1,0.06,1.57,0,25,3,,0.18,0,0,0,0,0,0,0,0,0,0,0.1,1.57,-0.1,1.76,1.18,0.59,67,0.39,0,2.16,1.57,0.39,0.43,0,0,21.18,10,0.02,3.73,57.6,3.33,1.76,0.78,1.18,67,0.4,0.83,0.78,33,0.39,28,1.96,0,19.8,15.96,3.53,4.12,0.39,59.13,13.14,66,3.33,81,0.39,0,0,20.78,67,1.37,16,78,0.2,1.57,31,53,-14,56.85,2.74,0.2,0.24,18.43,84,4.51,5.49,0.2,0.2,0,0,2.16,2.35,0,0,0,0,0,20,67,13,14,79,7,16.38,15.14,0.99,81,-1.24,16.24,12.3,0,0,0,0,0,,0,0,,0,0,0,0,0,0,28,6,2.41,22,-0.05,0.01,0.01,0.1,,0.06
Lucas Zelarayán,Belgrano,Liga Profesional,2026,2085,Centre Attacking Midfielder,Armenia,34,19/06/92,0.17,0.17,0.15,0.07,2.2,8,29,2,,0.14,0.09,0.18,1.94,0,0.14,1.38,0.09,0.04,0.56,0.26,0.34,4.14,-0.08,2.37,1.51,0.86,64,1.64,0.04,3.06,3.06,0.22,0.2,0.3,0.22,14.29,5.48,0,4.62,57.29,6.52,4.27,1.04,1.25,67,0.98,1.18,1.12,8,0.52,14,0.22,0,12.13,11.49,3.71,3.58,1.17,59.5,8.12,67,2.5,70,0.13,0,0,33.97,74,3.06,15,51,0.86,5.48,16,74,0,62.39,6.26,0.37,0.51,38.94,86,5.6,14.42,2.68,1.29,1.38,0.56,3.11,4.4,0.04,18,0.65,29,0.65,20,66,14,25,64,10,20.47,16.61,0.91,95,-3.86,18.71,15.83,0,0,0,0,0,,0,0,,0,0,0,0,0,0,24,8,6.34,48,0.09,0.08,0.02,-0.03,,0.16
Luciano Cabral,Independiente,Liga Profesional,2026,322,Centre Attacking Midfielder,Chile,31,25/04/95,0.28,0.28,0.33,0.17,1.96,14,29,2,,0.31,0,0.05,0.84,0,0.04,0.56,0,0.01,0.28,0.28,0.38,2.8,-0.1,0.28,0.28,0,100,1.96,0,3.63,2.24,1.12,1.48,0,0,15.1,4.19,0,5.87,49.96,7.83,4.19,1.4,2.52,71,2.03,3.51,0.84,0,0.56,17,0.28,0,13.14,15.91,4.75,3.91,1.12,47.62,6.15,47,3.35,86,0.28,0,0.28,32.99,77,0.84,6,27,1.12,1.96,25,77,0,61.63,5.87,0.3,0.51,32.99,87,4.39,13.7,1.4,0.56,0.84,0.28,3.35,3.91,0.28,40,0.56,40,0.28,17,79,3,8,88,4,17.55,15.69,0.97,97,-1.85,16.94,15.29,0,0,0,0,0,,0,0,,0,0,0,0,0,0,21,10,7.66,39,-0.06,0.13,0.03,0.07,,0.16
Luciano Cingolani,Gimnasia Mendoza,Liga Profesional,2026,756,Left Midfielder,Argentina,25,05/04/01,0.24,0.24,0.14,0.07,2.02,12,65,4,,0.31,0.12,0.12,1.55,0.12,0.11,1.31,0,0.02,0.24,0.36,0.26,3.57,0.09,1.43,0.48,0.95,33,1.67,0.12,1.43,2.5,0.71,0.69,0.36,0.36,17.73,6.07,0,5.24,51.14,5.47,2.38,2.26,2.98,79,1.77,2.46,1.19,29,0.6,60,1.79,0,14.28,12.61,4.05,3.69,1.43,51.21,7.74,54,3.21,87,0.36,0,0,25.82,63,1.55,15,48,0.71,2.86,20,55,-8,60.75,3.69,0.23,0.34,25.47,87,7.82,7.14,1.07,0.71,0.36,0.48,2.98,3.69,0,78,0.83,35,0.71,14,72,15,13,63,23,17.64,13.61,0.94,121,-4.03,16.55,16.48,0,0,0,0,0,,0,0,,0,0,0,0,0,0,38,10,3.97,29,-0.01,0.19,0.01,0.14,,0.33
Luciano Gómez,Independiente Rivadavia,Liga Profesional,2026,804,Right Back,Argentina,30,21/03/96,0.11,0.11,0.04,0.05,0.67,17,50,1,,0.13,0.11,0.14,1.46,0.11,0.14,1.46,0,0,0,0.22,0.17,2.13,0.05,1.79,1.34,0.45,75,1.57,0,1.46,1.01,0.45,0.36,0.9,1.06,14.56,6.83,0.02,5.71,36.48,10.75,4.25,2.13,2.58,73,2.17,2.53,1.57,56,0.78,43,0.34,0,10.97,11.23,4.93,3.58,1.79,37.19,3.58,33,2.69,75,0.11,0,0,38.52,73,3.58,10,50,1.34,6.72,13,72,-1,54.11,7.61,0.44,0.55,37.51,93,5.83,11.2,2.58,2.35,0.22,0.11,1.01,3.36,0.11,61,1.68,52,0.11,36,57,7,24,69,7,21.17,18.92,0.9,93,-2.25,19,17.56,0,0,0,0,0,,0,0,,0,0,0,0,0,0,29,13,6.78,39,0.24,0.11,0.02,0.04,,0.4
Luciano Herrera,Newell's Old Boys,Liga Profesional,2026,900,Centre Forward,Argentina,30,30/05/96,0,0,0.19,0.1,1.8,0,39,4,,0.16,0.1,0.03,0.4,0.1,0.03,0.4,0,0,0,0.1,0.22,2.2,-0.12,2.3,1.7,0.6,74,1.7,0,2.8,3.6,0.3,0.19,1.5,0.79,21.8,8.9,0.01,5.5,52.99,6.8,2.9,0.7,1,70,0.3,0.49,3.3,25,0.3,32,1.2,0,18.2,11.33,4.4,3.9,1.1,57.75,11.7,64,3.1,79,0.4,0,0,14.7,62,0.5,78,31,1.6,1.5,26,51,-11,56.25,2.2,0.28,0.39,19.2,72,8.47,3.4,0.6,0.5,0.1,0,4,4.5,0.1,33,0.2,17,0.2,19,72,9,21,68,12,17.55,14.59,0.95,107,-2.96,16.72,15.6,0,0,0,0,0,,0,0,,0,0,0,0,0,0,38,12,2.09,21,-0.04,0.07,0.04,-0.06,,0.01
Luciano Paredes,Gimnasia Mendoza,Liga Profesional,2026,1434,Right Back,Argentina,24,08/09/02,0.06,0.06,0.03,0.05,0.69,9,27,1,,0.08,0,0.02,0.38,0,0.02,0.38,0,0,0,0.06,0.05,1.07,0.01,1.38,0.63,0.75,45,0.56,0,1.57,1.63,1.44,1.19,2.89,2.6,16.13,7.28,0.03,5.9,31.05,11.23,2.89,1.82,3.26,74,1.41,2.59,0.82,40,0.63,78,2.01,0.13,13.49,10.31,4.39,3.01,0.82,34.17,3.39,25,1.95,65,0,0,0,32.51,62,2.7,4,39,3.95,5.77,16,51,-11,48.67,4.64,0.26,0.28,25.73,89,5.04,5.65,0.5,0.38,0.13,0,0.82,1.19,0,63,0.38,19,0,42,51,7,40,49,11,22.23,20.57,0.92,102,-1.66,20.38,20.9,0,0,0,0,0,,0,0,,0,0,0,0,0,0,37,11,3.12,25,0.09,0.03,-0.04,-0.02,,0.06
Luciano Vallejo,Atlético Tucumán,Liga Profesional,2026,1143,Left Centre Back,Argentina,22,28/05/04,0.08,0.08,0.04,0.11,0.39,20,20,0,,0.08,0,0,0.16,0,0,0.16,0,0,0,0.08,0.05,0.55,0.03,0.08,0.08,0,100,0.55,0,0.32,0,0.71,0.5,6.3,4.69,8.98,4.49,0.04,5.04,24.9,9.45,1.73,1.58,2.28,74,1.23,1.73,0.79,73,0.55,70,2.99,0,6.62,5.3,3.15,1.42,0.55,29.34,1.18,18,0.39,28,0.16,0.08,0,27.96,73,3.31,85,46,7.09,6.38,11,65,-8,36.49,2.68,0.1,0.11,18.98,98,4.91,2.13,0.63,0.47,0.16,0,0.87,1.34,0,13,0.24,60,0,36,60,4,56,44,0,26.54,22.23,0.88,84,-4.31,23.41,18.72,0,0,0,0,0,,0,0,,0,0,0,0,0,0,25,7,2.24,17,0.09,0.04,0.01,0.01,,0.15
Luciano Vietto,San Lorenzo de Almagro,Liga Profesional,2026,526,Centre Attacking Midfielder,Argentina,33,04/12/93,0.34,0.34,0.16,0.08,2.05,17,50,3,,0.26,0,0.08,1.37,0,0.04,0.68,0,0.03,0.68,0.34,0.24,3.42,0.11,2.05,0.34,1.71,17,0.85,0,2.56,2.91,0.34,0.38,0.85,0.95,17.61,6.67,0.03,4.44,53.25,6.15,2.91,0.51,0.85,60,0.56,0.94,1.54,0,0.34,14,0.17,0,15.56,14.79,4.1,4.79,1.2,55.39,9.06,58,3.76,79,0.68,0,0,28.04,74,3.42,9,54,2.39,4.79,27,76,2,59.2,4.27,0.35,0.43,27.69,82,4.99,10.09,1.88,1.03,0.85,0.17,3.25,4.27,0,0,0.34,40,0.17,18,73,9,27,66,7,21.17,19.24,0.93,96,-1.93,19.76,18.44,0,0,0,0,0,,0,0,,0,0,0,0,0,0,27,10,4.82,48,-0.03,0.04,0.03,0.08,,0.12
Luis Ingolotti,Atlético Tucumán,Liga Profesional,2026,2357,Goalkeeper,Argentina,26,13/01/00,0,0,0,,0,,,0,,0,0.04,0,0.11,0.04,0,0.08,0,0,0.04,0.04,0,0.11,0.03,0.04,0.04,0,100,0.11,0,0,0,0,0,0,0,0.04,0,0,6.26,2.9,4.12,0,0,0,,0,0,0,,0,,0,0,0.04,0.01,0.04,0,0,1.4,0,0,0,,0.04,0,0,12.18,53,5.57,17,35,1.26,14.47,7,45,-8,10.99,2.37,0.09,0.09,11.3,100,8.12,0.8,0.08,0.04,0.04,0,0,0.04,0,0,0,,0,67,33,0,100,0,0,55.58,56.65,0.72,92,1.07,40.22,52.37,0.76,0.62,-0.14,65,71,-6,0.81,2.18,23,9.66,1.65,0.15,0.11,16.33,1,37,2,1.97,13,0.1,0.09,0,,-0.13,0.07
Maizon Rodríguez,Unión,Liga Profesional,2026,2180,Right Centre Back,Uruguay,23,21/05/03,0.04,0.04,0.04,0.07,0.54,8,15,0,,0.04,0,0.01,0.29,0,0.01,0.29,0,0,0,0.04,0.05,0.83,-0.01,0.25,0.17,0.08,67,0.33,0,0.21,0.17,0.62,0.59,4.58,4.58,9.5,4.87,0.06,5.2,24.08,12.34,1.82,1.24,1.86,88,1.26,1.85,0.83,87,0.17,62,3.34,0.08,7.43,7.44,3.06,1.11,0.45,27.03,0.83,11,0.45,41,0.12,0,0,34.56,79,3.51,6,53,5.28,5.95,14,64,-16,38.74,3.01,0.24,0.26,24.73,99,5.48,3.14,0.17,0.17,0,0.12,1.32,1.49,0.04,0,0,0,0.17,35,62,3,50,49,1,24.97,21.47,0.92,92,-3.5,23.09,19.75,0,0,0,0,0,,0,0,,0,0,0,0,0,0,24,7,3.45,19,0.07,0.04,0.09,-0.02,,0.19
Malcom Braida,Boca Juniors,Liga Profesional,2026,578,Left Back,Argentina,29,16/05/97,0,0,0,0.01,0.31,0,0,0,,0,0,0.12,1.09,0,0.12,1.09,0,0,0,0,0.13,1.4,-0.13,1.4,1.25,0.16,89,1.25,0,1.25,0.62,1.25,1.59,2.49,3.52,11.69,4.99,0.07,5.61,31.83,10.6,4.21,2.65,3.9,74,3.41,4.99,0.94,25,0.94,43,0.94,0,8.1,11.2,3.43,1.4,0.47,34.04,1.71,21,0.62,44,0,0,0,52.83,83,1.4,18,47,2.49,2.96,9,66,-18,53.73,4.05,0.6,0.63,45.04,96,3.93,13.56,1.71,1.71,0,0.31,1.25,2.96,0.16,45,0.78,26,0.16,20,62,18,18,59,23,17.24,11.94,0.94,118,-5.29,16.14,14.12,0,0,0,0,0,,0,0,,0,0,0,0,0,0,22,7,4.77,30,0.11,0.12,0.09,-0.01,,0.31
Manuel Brondo,Atlético Tucumán,Liga Profesional,2026,349,Centre Forward,Argentina,24,24/02/02,0,0,0.22,0.12,1.8,0,29,3,,0.18,0,0,0.26,0,0,0.26,0,0,0,0,0.22,2.06,-0.22,2.32,0.77,1.55,33,1.8,0,1.03,5.41,1.29,1.25,0.26,0.27,19.58,7.73,0,5.93,63.45,2.83,2.06,1.03,2.32,100,1.05,2.3,1.55,100,0,22,1.03,0,17,16.7,5.41,2.83,0.77,64.07,13.65,80,2.58,91,0,0,0,16.49,63,0.26,26,50,0.26,0.52,27,50,-13,57.79,1.03,0.21,0.36,17.26,66,3.93,4.12,0.77,0.77,0,0,4.64,5.41,0,0,0,0,0.52,16,60,24,19,50,31,13.34,9.4,0.99,116,-3.93,13.26,10.95,0,0,0,0,0,,0,0,,0,0,0,0,0,0,30,9,3.5,19,-0.04,-0.07,0.02,-0.11,,-0.2
Manuel García,CA Sarmiento,Liga Profesional,2026,969,Centre Defensive Midfielder,Argentina,27,10/06/99,0,0,0,0.01,0.19,0,0,0,,0,0,0.01,0.19,0,0.01,0.19,0,0,0,0,0.01,0.37,-0.01,0.46,0.28,0.19,60,0.56,0,0.46,0.46,0.46,0.34,2.14,1.78,17.64,7.71,0.02,5.94,37.52,9.84,4.27,2.69,3.16,83,2.2,2.54,2.41,45,0.56,30,0.56,0,12.63,9.67,4.55,3.71,1.39,40.7,3.99,32,1.76,48,0.28,0,0,28.23,73,1.95,9,48,2.79,3.44,17,71,-3,45.04,2.88,0.25,0.25,20.52,96,3.95,3.71,0.09,0,0.09,0.19,0.37,0.37,0,0,0.09,33,0.19,27,64,8,28,68,5,21.35,20.3,0.9,92,-1.04,19.24,18.69,0,0,0,0,0,,0,0,,0,0,0,0,0,0,30,10,2.51,26,0.01,0.05,-0.01,0,,0.05
Manuel Insaurralde,San Lorenzo de Almagro,Liga Profesional,2026,815,Left Defensive Midfielder,Argentina,27,30/01/99,0.11,0.11,0.02,0.03,0.88,13,25,1,,0.02,0,0.01,0.44,0,0.01,0.44,0,0,0,0.11,0.04,1.33,0.07,0.66,0.33,0.33,50,1.55,0,0.77,0.99,1.44,1.25,1.44,1.18,22.2,13.14,0.01,8.95,35.72,12.92,6.3,3.09,4.53,70,3.02,4.27,0.77,52,1.33,76,1.77,0,18.34,15.82,6.85,4.31,1.21,36.72,4.53,25,1.99,46,0.11,0,0,46.94,86,2.32,14,68,1.77,3.09,18,80,-6,49.31,4.97,0.15,0.15,38.33,96,4.78,8.84,0.22,0.22,0,0,0.66,0.88,0.11,50,0.11,50,0,19,72,9,29,65,6,16.19,14.97,0.97,109,-1.22,15.72,16.27,0,0,0,0,0,,0,0,,0,0,0,0,0,0,20,10,3.45,28,-0.01,0.07,0.03,-0.03,,0.07
Manuel Lanzini,Vélez Sarsfield,Liga Profesional,2026,1980,Centre Attacking Midfielder,Argentina,33,14/02/93,0.27,0.27,0.12,0.07,1.64,17,44,2,,0.25,0,0.14,1.59,0,0.11,1.18,0,0.03,0.41,0.27,0.26,3.23,0.01,1.41,0.82,0.59,58,2.64,0,2.77,2.73,0.86,0.95,0.27,0.3,13.96,6.18,0.01,4.73,50.99,8.14,4.68,1.09,1.95,62,1.06,2.01,0.82,36,0.68,31,0.45,0,12.05,13.34,3.91,3,1,53.24,6.91,57,2.32,77,0.14,0,0,42.59,79,2.05,10,44,0.45,4.45,16,83,3,61.39,6.5,0.47,0.54,42.23,90,5.19,17.36,1.64,1,0.64,0.32,3,4,0.23,11,0.27,21,0.73,19,67,14,23,64,14,17.23,14.03,0.92,102,-3.19,15.79,14.37,0,0,0,0,0,,0,0,,0,0,0,0,0,0,25,12,7.3,58,0.03,0.08,0.01,0.09,,0.21
Manuel Panaro,Gimnasia La Plata,Liga Profesional,2026,974,Left Wing,Argentina,24,27/12/02,0.09,0.09,0.12,0.07,1.85,5,30,4,,0.08,0.09,0.11,0.55,0.09,0.11,0.55,0,0,0,0.18,0.24,2.4,-0.05,3.05,1.29,1.76,42,2.22,0,2.31,4.62,0.28,0.13,1.11,0.68,16.45,6.38,0.01,4.34,47.58,5.27,2.22,1.48,1.76,89,1.14,1.27,1.02,71,0.18,32,0.92,0,14.05,10.26,3.61,2.4,0.92,51.61,6.84,49,1.94,81,0.28,0,0.09,19.23,68,0.92,12,48,1.66,1.39,25,55,-13,57.62,1.57,0.25,0.4,24.22,74,6.63,4.71,0.28,0.28,0,0.37,3.97,4.25,0.09,33,0.37,20,0.46,13,67,19,10,71,20,17.22,16.54,0.92,103,-0.68,15.86,17.02,0,0,0,0,0,,0,0,,0,0,0,0,0,0,31,10,2.11,19,0.03,0,-0.01,-0.09,,-0.08
Manuel Roffo,Instituto,Liga Profesional,2026,1594,Goalkeeper,Argentina,26,03/04/00,0,0,0,,0,,,0,,0,0,0,0,0,0,0,0,0,0,0,0,0,0,0,0,0,,0.17,0,0.06,0,0,0,0.06,0.08,0,0,0,5.08,3.52,4.52,0,0,0,,0,0,0,,0,,0,0.11,0,0,0,0,0,,0,,0,,0.06,0,0,15.75,67,5.25,19,42,1.75,10.72,12,52,-15,12.46,1.02,0.13,0.13,14.85,100,5.83,0.73,0.06,0.06,0,0,0,0.06,0,0,0,,0,45,55,0,100,0,0,42.8,45.27,0.75,66,2.46,32.03,29.82,0.96,0.78,-0.18,63,70,-7,0.77,2.6,31,8.41,2.21,0,0,17.13,-1,27,3,2.07,14,0.07,0.09,0,,-0.12,0.04
Marcelino Moreno,Lanús,Liga Profesional,2026,679,Centre Attacking Midfielder,Argentina,31,24/06/95,0.4,0.4,0.47,0.13,3.58,11,52,4,,0.54,0.13,0.2,2.52,0,0.14,1.46,0.13,0.06,1.06,0.53,0.67,6.1,-0.14,2.39,1.19,1.19,50,1.59,0,2.79,3.32,0.13,0.14,0.4,0.61,12.2,4.91,0,2.39,57.97,5.57,1.86,0.53,0.66,100,0.65,0.79,0.93,100,0,33,0.66,0,10.74,10.87,1.99,2.25,0.4,57.85,6.9,64,1.99,88,0.13,0,0,29.58,78,2.79,6,51,0.53,5.31,16,87,8,63.75,7.83,0.78,1.02,34.09,86,6.11,13.53,4.11,2.79,1.33,0.13,4.64,7.43,0.4,10,0.4,38,0.13,16,71,12,26,67,7,20.66,14.6,0.93,103,-6.06,19.25,14.97,0,0,0,0,0,,0,0,,0,0,0,0,0,0,25,10,7.22,59,0.19,0.08,0.01,0.11,,0.4
Marcelo Estigarribia,Unión,Liga Profesional,2026,1782,Left Centre Forward,Argentina,31,09/04/95,0.2,0.1,0.27,0.09,3.18,3,32,5,100,0.23,0.1,0.1,0.71,0.1,0.1,0.71,0,0,0,0.2,0.38,3.89,-0.17,0.45,0.2,0.25,44,0.71,0,1.11,2.58,0.05,0.07,1.41,1.27,15.61,4.6,0.01,4.45,60.18,4.75,2.83,0.71,0.76,82,0.62,0.69,1.92,60,0.15,64,6.97,0.05,12.98,12.98,3.54,3.54,1.16,65.25,10.31,79,2.93,83,0.35,0,0,26.47,56,0.81,19,48,1.87,1.21,35,45,-11,62.46,2.17,0.53,0.64,17.08,85,3.89,8.08,0.4,0.4,0,0.71,9.09,9.5,0,13,0.1,12,1.06,21,67,12,20,64,16,15.15,14.3,0.98,91,-0.85,14.81,13.05,0,0,0,0,0,,0,0,,0,0,0,0,0,0,43,9,4.18,23,-0.02,-0.02,-0.05,-0.02,,-0.12
Marcelo Miño,Barracas Central,Liga Profesional,2026,1748,Goalkeeper,Argentina,29,20/08/97,0,0,0,,0,,,0,,0,0,0,0,0,0,0,0,0,0,0,0,0,0,0,0,0,,0.31,0,0,0,0,0,0,0,0,0,0,7.16,3.27,6.08,0,0,0,,0,0,0,,0,0,0,0,0,0,0,0,0,,0,,0,,0.05,0,0,17.3,55,8.65,13,41,2.21,18.9,10,47,-8,11.79,1.85,0.04,0.04,14.78,100,8.28,0.88,0.05,0,0.05,0,0,0,0,0,0,,0,69,30,0,100,0,0,53.48,53.09,0.76,80,-0.4,40.8,42.66,0.72,0.95,0.23,82,76,6,1.12,3.97,33,11.9,2.06,0,0,14.32,1,44,4,1,9,0.17,0.09,,,0.23,0.5
Marcelo Torres,Gimnasia La Plata,Liga Profesional,2026,1539,Centre Forward,Argentina,29,05/11/97,0.41,0.23,0.23,0.18,1.29,18,50,3,75,0.34,0.06,0.03,0.47,0.06,0.03,0.47,0,0,0,0.29,0.26,1.75,0.03,0.47,0.29,0.18,63,0.47,0.12,1.23,2.05,0.29,0.22,0.23,0.24,18.19,7.9,0,3.74,63.02,2.98,1.64,0.53,0.82,69,0.46,0.68,1.05,25,0.23,30,0.53,0,16.61,12.82,3.57,3.63,0.82,63.88,12.58,76,2.98,82,0.06,0,0,14.62,78,0.29,19,71,0.29,0.35,23,67,-11,60.51,0.94,0.33,0.42,12.64,83,3.75,5.85,0.41,0.41,0,0.29,5.15,5.56,0.12,0,0,0,0.7,10,65,24,9,82,9,13.67,12.67,1.01,107,-1,13.83,13.57,0,0,0,0,0,,0,0,,0,0,0,0,0,0,29,13,3.09,25,-0.05,-0.02,0.01,0.15,,0.09
Marcelo Weigandt,Boca Juniors,Liga Profesional,2026,858,Right Back,Argentina,26,10/01/00,0,0,0.02,0.05,0.42,0,25,0,,0.01,0,0.13,1.36,0,0.13,1.36,0,0,0,0,0.15,1.78,-0.15,1.57,0.94,0.63,60,0.42,0,1.36,1.26,1.26,1.53,2.2,3.03,15.2,8.18,0.02,5.56,35.59,9.12,3.04,2.52,3.77,69,3.25,4.78,0.73,44,1.15,72,1.89,0,11.95,16.1,3.36,2.62,0.73,40.37,4.09,34,1.78,68,0,0,0,41.94,77,2.94,11,52,3.46,4.4,13,57,-20,51.13,4.4,0.33,0.41,35.75,93,4.1,8.81,1.47,1.36,0.1,0.42,1.47,2.83,0.1,57,1.15,55,0.52,22,68,10,20,64,15,19.96,21.46,0.95,102,1.5,18.92,21.97,0,0,0,0,0,,0,0,,0,0,0,0,0,0,28,11,4.67,34,0.15,0.05,0.03,-0.03,,0.19
Marco Di Césare,Racing Club,Liga Profesional,2026,1485,Left Centre Back,Argentina,24,29/01/02,0.12,0.12,0.07,0.11,0.67,18,27,0,,0.09,0,0.01,0.24,0,0.01,0.24,0,0,0,0.12,0.08,0.91,0.04,0.36,0.3,0.06,83,0.48,0,0.24,0.18,1.39,1.47,6.12,6.89,10.06,5.39,0.06,5.94,24.88,12.73,2.12,1.45,2.85,69,1.6,3.06,1.27,59,0.67,57,2.97,0.06,7.33,8.2,2.91,1.33,0.36,29.34,0.85,12,0.55,41,0.48,0.12,0,45.16,79,5.27,19,54,8.12,7.82,14,62,-17,34.77,3.46,0.25,0.31,33.7,99,5.09,3.09,0.42,0.42,0,0,0.97,1.39,0,0,0,0,0,27,70,3,53,45,2,25.51,27.91,0.92,95,2.39,23.44,26.47,0,0,0,0,0,,0,0,,0,0,0,0,0,0,23,8,2.37,21,0.06,0.06,0.05,0.02,,0.18
Marco Pellegrino,Boca Juniors,Liga Profesional,2026,757,Left Centre Back,Argentina,24,17/07/02,0,0,0.04,0.16,0.24,0,0,0,,0,0,0,0,0,0,0,0,0,0,0,0.04,0.24,-0.04,0.36,0.36,0,100,0.36,0,0,0.12,0.59,0.84,4.88,6.27,7.13,3.21,0.04,4.99,22.57,10.34,1.19,1.19,1.78,91,1.61,2.45,0.48,100,0.12,49,2.02,0,5.59,7.75,2.97,0.83,0.36,27.82,0.48,9,0.36,43,0,0,0,54.1,88,2.38,77,45,6.06,4.04,11,67,-21,35.34,1.78,0.45,0.45,43.99,100,5.29,2.14,0,0,0,0,0.48,0.48,0,,0,,0,26,70,4,50,44,6,20.79,22.39,0.95,100,1.6,19.85,22.47,0,0,0,0,0,,0,0,,0,0,0,0,0,0,20,9,2.85,19,0.05,0.06,0.05,-0.02,,0.15
Marcos Acuña,River Plate,Liga Profesional,2026,1386,Left Back,Argentina,35,27/10/91,0.06,0.06,0.03,0.04,0.84,8,23,0,,0.06,0,0.1,1.23,0,0.09,1.1,0,0,0.13,0.06,0.13,2.08,-0.06,1.69,1.04,0.65,62,0.97,0,1.1,1.36,1.04,1.76,2.08,3.27,11.49,4.93,0.01,4.55,34.29,13.38,4.68,2.21,3.25,85,3.39,5.15,1.1,64,0.39,51,1.69,0,8.18,12.98,3.25,2.34,0.65,38.63,2.66,33,1.43,61,0.45,0,0,61.95,80,7.21,86,58,3.18,11.43,12,66,-14,51.87,8.51,0.56,0.59,55.78,96,4.92,15.78,2.01,1.62,0.39,0.19,0.58,2.21,0.13,26,0.65,22,0.19,24,66,10,30,56,14,22.22,19.69,0.93,102,-2.53,20.61,20.06,0,0,0,0,0,,0,0,,0,0,0,0,0,0,23,11,8.05,46,0.16,0.1,0.06,0.02,,0.35
Marcos Iacobellis,Central Córdoba SdE,Liga Profesional,2026,856,Right Midfielder,Argentina,27,26/12/99,0,0,0.09,0.04,2.31,0,18,3,,0.07,0.11,0.15,1.79,0,0.1,1.05,0.11,0.04,0.74,0.11,0.24,4.1,-0.13,3.05,2.1,0.95,69,2.21,0,2.84,3.05,0.84,0.72,0,0,20.3,9.57,0,4.1,47.87,7.26,4.1,1.68,2.52,70,1.23,1.95,2.42,22,0.74,18,0.42,0,16.3,12.6,3.58,4.84,1.79,47.67,6.94,43,2.84,59,0.32,0,0,29.87,65,3.89,87,47,0.63,7.57,17,58,-7,59.69,6.84,0.22,0.26,34.39,86,6.62,10.31,1.79,0.74,1.05,0,1.58,2.31,0.53,6,0.11,7,0.11,16,73,11,18,67,14,23.11,16.12,0.92,114,-6.99,21.26,18.43,0,0,0,0,0,,0,0,,0,0,0,0,0,0,29,6,4.95,40,0.01,0.08,0.02,-0.07,,0.04
Marcos Ignacio Ledesma,Instituto,Liga Profesional,2026,680,Goalkeeper,Argentina,30,14/09/96,0,0,0,,0,,,0,,0,0,0,0,0,0,0,0,0,0,0,0,0,0,0,0,0,,0.26,0,0,0,0,0,0.13,0.16,0.13,0.13,0,6.48,3.51,4.23,0,0,0,0,0,0,0,0,0.13,100,0.13,0,0.13,0.13,0.13,0,0,4.69,0,0,0,,0,0,0,15.74,68,5.56,20,41,2.65,11.11,11,20,-48,9.73,1.06,0.28,0.28,13.23,100,5.6,0.93,0,0,0,0,0,0,0,,0,,0,42,58,0,100,0,0,41.81,50.4,0.75,86,8.59,31.25,43.52,0.26,0.32,0.06,83,80,4,0.57,1.59,18,8.6,1.91,0,0,17.62,-1,27,1,0.91,5,0.09,0.06,0,,0,0.15
Marcos Rojo,Racing Club,Liga Profesional,2026,1283,Left Centre Back,Argentina,36,19/03/90,0.07,0,0.01,0.03,0.56,0,0,0,100,0,0,0.01,0.21,0,0.01,0.21,0,0,0,0,0.03,0.77,-0.03,0.21,0.14,0.07,67,0.7,0,0.07,0.07,0.77,0.72,5.12,5.13,6.94,3.23,0.04,4,21.71,10.1,2.53,1.05,1.82,94,1.21,1.93,0.7,83,0.07,59,1.54,0.07,5.19,5.41,2.24,1.05,0.35,27.4,0.35,7,0.21,20,0.28,0,0.07,52.68,84,6.66,93,59,6.52,9.96,8,64,-20,37.78,6.1,0.2,0.22,42.09,100,4.78,6.24,0.35,0.35,0,0,0.49,0.84,0,40,0.14,50,0,30,68,2,51,49,0,25.55,27.65,0.91,102,2.1,23.18,28.14,0,0,0,0,0,,0,0,,0,0,0,0,0,0,18,6,3.51,27,0.13,0.06,0.09,-0.02,,0.25
Mariano Bracamonte,Deportivo Riestra,Liga Profesional,2026,1043,Right Wing Back,Argentina,27,23/04/99,0.09,0.09,0.1,0.09,1.12,8,31,2,,0.08,0.09,0.07,0.78,0.09,0.03,0.35,0,0.04,0.43,0.17,0.17,1.9,0,0.26,0.17,0.09,67,1.04,0,0.6,0.86,1.12,0.33,2.33,0.79,17.61,8.98,0.02,5.61,36.76,13.47,6.73,2.76,3.88,74,0.91,1.24,1.73,55,0.95,53,0.78,0,13.12,4.19,3.54,2.42,0.86,39.77,4.49,34,1.73,71,0.26,0,0,24.6,44,3.45,14,38,3.71,7.77,18,36,-8,55.74,4.58,0.26,0.29,18.91,93,5.33,5.53,1.64,0.69,0.95,0,1.29,1.99,0,37,0.69,26,0,35,59,6,38,53,9,26.01,23.81,0.91,108,-2.2,23.62,25.62,0,0,0,0,0,,0,0,,0,0,0,0,0,0,53,6,3.3,35,0.16,0.09,0.01,0.04,,0.3
Martín Barrios,CA Platense,Liga Profesional,2026,961,Left Defensive Midfielder,Uruguay,27,23/01/99,0,0,0.02,0.02,1.03,0,18,1,,0.01,0,0.02,0.66,0,0.02,0.56,0,0.01,0.09,0,0.04,1.69,-0.04,0.75,0.66,0.09,88,0.84,0,0.56,0.84,1.22,0.77,0.84,0.62,22.66,11.71,0,7.68,42.21,10.77,4.96,1.97,3.18,58,1.8,2.58,1.87,30,1.4,25,0.09,0,18.92,16.07,6.37,5.99,2.53,44.21,7.3,39,3.47,58,0.19,0,0,42.24,85,3.37,16,69,1.31,4.4,13,77,-8,49.49,5.15,0.16,0.18,35.68,97,5.84,8.43,0.66,0.56,0.09,0,0,0.56,0.09,43,0.37,57,0,23,67,10,38,58,4,20.77,17.67,0.98,108,-3.1,20.3,19.03,0,0,0,0,0,,0,0,,0,0,0,0,0,0,20,9,3.02,26,0.02,0.06,0.04,-0.03,,0.1
Martín Garay,Tigre,Liga Profesional,2026,1185,Left Defensive Midfielder,Argentina,27,11/06/99,0.08,0.08,0.01,0.03,0.53,14,57,1,,0.02,0.08,0.05,0.68,0.08,0.05,0.68,0,0,0,0.15,0.06,1.22,0.09,0.08,0.08,0,100,1.37,0,1.14,0.61,1.06,0.93,2.2,1.83,21.49,11.32,0.01,8.13,36.96,12.61,5.01,2.51,3.57,85,1.9,2.83,1.37,69,0.46,53,1.29,0,17.62,13.97,6.3,4.4,1.75,39.52,4.94,28,2.58,59,0.08,0,0,43.82,77,4.18,12,59,3.04,6.23,17,67,-10,49.02,5.01,0.25,0.3,34.55,96,4.83,8.89,0.99,0.99,0,0,0.38,1.37,0,69,0.68,43,0,30,62,9,24,68,9,20.7,18.23,0.95,103,-2.47,19.68,18.84,0,0,0,0,0,,0,0,,0,0,0,0,0,0,25,10,4.68,33,0.06,0.06,0.04,-0.01,,0.15
Martín García,Aldosivi,Liga Profesional,2026,816,Right Midfielder,Argentina,21,05/08/05,0,0,0.11,0.05,2.32,0,24,5,,0.08,0.11,0.07,0.55,0.11,0.07,0.55,0,0,0,0.11,0.18,2.87,-0.07,1.21,0.88,0.33,73,2.2,0,2.2,1.98,0.66,0.39,2.2,1.38,28.66,14.11,0.01,8.49,44.27,8.38,4.08,2.54,3.2,82,1.29,1.68,2.87,56,0.55,56,2.2,0,23.37,11.44,6.06,4.96,1.32,48.67,11.91,51,3.86,78,0.66,0,0,18.19,51,1.76,28,53,2.65,2.87,27,45,-6,51.71,2.2,0.25,0.3,18.08,80,7.74,3.09,0.77,0.33,0.44,0.11,1.87,2.2,0.22,29,0.33,27,0,30,66,4,18,82,0,20.82,16.5,1.02,112,-4.31,21.15,18.41,0,0,0,0,0,,0,0,,0,0,0,0,0,0,41,5,2.38,19,0.03,0.09,0.04,-0.05,,0.12
Martín Garnerone,AA Estudiantes Río Cuarto,Liga Profesional,2026,1032,Right Midfielder,Argentina,28,27/09/98,0.09,0.09,0.17,0.09,1.74,5,30,3,,0.12,0,0.13,1.05,0,0.1,0.61,0,0.02,0.44,0.09,0.29,2.79,-0.21,1.57,0.87,0.7,56,1.22,0,2.62,3.14,0.52,0.4,0.52,0.45,13.78,5.58,0,3.58,51.64,7.15,3.58,0.96,1.48,58,0.86,1.26,1.13,27,0.7,40,0.7,0,11.69,10.4,3.14,3.31,0.96,53.64,6.54,56,2.88,87,0.17,0,0,26.86,73,1.83,10,41,1.13,3.84,19,62,-11,63.15,3.84,0.33,0.42,28.52,82,6.58,10.38,1.31,0.61,0.7,0.35,2.53,3.14,0.09,7,0.17,11,0.17,17,66,17,16,66,18,19.48,16.76,0.92,103,-2.71,17.93,17.19,0,0,0,0,0,,0,0,,0,0,0,0,0,0,25,9,4.68,43,0.02,0.08,0.02,-0.04,,0.07
Martín Luciano,Newell's Old Boys,Liga Profesional,2026,537,Left Back,Argentina,23,11/08/03,0,0,0,0.01,0.34,0,50,0,,0.05,0,0.07,0.5,0,0.07,0.5,0,0,0,0,0.07,0.84,-0.07,0.84,0.84,0,100,1.17,0,0.34,1.17,2.18,1.66,2.52,2.11,21.97,11.4,0,8.05,38.09,10.56,3.52,2.85,5.03,68,2.71,4.37,2.35,36,1.34,62,1.34,0.17,17.1,13.03,6.54,3.52,1.34,40.41,5.37,31,2.52,71,0.5,0,0,34.38,62,2.35,83,32,3.86,6.04,15,57,-5,50.69,4.02,0.1,0.11,24.48,95,6,5.7,1.17,0.5,0.67,0.34,1.01,1.51,0,14,0.67,33,0.34,30,61,9,26,68,6,22.86,21,0.88,83,-1.85,20.14,17.47,0,0,0,0,0,,0,0,,0,0,0,0,0,0,38,13,2.18,26,0.05,0.07,0,0.01,,0.13
Martín Ortega,Newell's Old Boys,Liga Profesional,2026,665,Right Back,Argentina,27,19/08/99,0,0,0.03,0.04,0.68,0,60,1,,0.02,0.27,0.07,0.54,0.14,0.06,0.41,0.14,0.01,0.14,0.27,0.1,1.22,0.17,0.95,0.54,0.41,57,0.27,0,1.22,0.95,1.08,0.45,2.17,1.47,12.59,6.77,0.02,4.74,27.97,10.02,2.71,2.17,3.25,70,1.57,2.02,0.68,33,0.95,33,0.68,0,9.74,6.2,3.11,2.3,0.54,33.06,2.44,25,1.35,59,0.27,0,0,27.88,64,1.76,15,36,2.84,4.2,11,39,-25,48.25,4.47,0.23,0.26,24.23,92,4.3,4.87,0.41,0.27,0.14,0,0.81,1.08,0,33,0.14,11,0,35,55,9,50,42,8,20.43,18.02,0.93,98,-2.4,19,17.68,0,0,0,0,0,,0,0,,0,0,0,0,0,0,40,16,2.03,20,0.09,0.05,0.08,-0.01,,0.21
Mateo Bajamich,AA Estudiantes Río Cuarto,Liga Profesional,2026,1067,Right Centre Forward,Argentina,27,02/08/99,0.08,0.08,0.24,0.13,1.77,5,38,3,,0.19,0,0.12,0.93,0,0.12,0.93,0,0,0,0.08,0.35,2.7,-0.27,0.42,0.34,0.08,80,0.93,0,3.71,3.63,0.25,0.21,0.59,0.56,15.52,6.16,0.01,5.23,63.83,4.56,2.95,0.51,0.76,75,0.43,0.63,0.59,33,0.17,19,0.93,0,14.42,12.58,5.06,3.54,1.27,66.62,11.89,82,3.46,98,0,0,0,20.16,60,0.76,11,50,0.84,1.27,20,50,-10,62.57,3.04,0.26,0.5,22.18,73,5.17,7.42,0.34,0.34,0,0.34,4.81,5.15,0.08,0,0.08,10,0.59,17,67,16,20,64,16,16.08,13.93,0.99,127,-2.16,15.95,17.71,0,0,0,0,0,,0,0,,0,0,0,0,0,0,38,9,3.91,30,-0.07,0,0.02,0.05,,0
Mateo Cáceres,Talleres de Córdoba,Liga Profesional,2026,728,Right Defensive Midfielder,Argentina,24,24/09/02,0,0,0.02,0.03,0.62,0,60,1,,0.02,0,0.05,0.86,0,0.03,0.37,0,0.02,0.49,0,0.07,1.48,-0.07,0.62,0.62,0,100,0.86,0,1.48,0.86,0.86,0.8,1.11,1.08,20.27,10.75,0,6.92,41.3,7.04,3.21,1.73,2.59,74,1.72,2.52,0.86,17,0.62,31,0.62,0,17.79,16.51,5.93,4.2,1.61,43.36,6.18,35,2.84,68,0.25,0,0,26.69,82,1.36,5,52,1.24,2.47,19,79,-3,54.48,3.21,0.17,0.18,25.46,92,5.52,6.05,0.62,0,0.62,0,0.37,0.37,0,40,0.37,75,0,15,69,16,14,78,8,17.92,15.94,0.97,103,-1.98,17.31,16.43,0,0,0,0,0,,0,0,,0,0,0,0,0,0,21,9,3.57,33,-0.02,0.04,0.01,0,,0.02
Mateo Del Blanco,Unión,Liga Profesional,2026,1701,Left Back,Argentina,23,30/10/03,0.11,0.11,0.08,0.03,2.33,5,25,2,,0.04,0.11,0.22,2.49,0.05,0.14,1.64,0.05,0.08,0.85,0.21,0.3,4.82,-0.09,2.28,1.48,0.79,65,1.59,0.05,1.59,2.12,1.32,1.32,1.59,1.33,15.29,7.2,0.02,6.77,40.83,11.43,4.76,1.75,3.07,61,1.74,3.05,0.95,38,1.11,46,0.9,0.16,12.6,11.92,4.92,3.33,1.48,44.47,5.19,41,2.43,73,0.21,0,0,45.51,69,6.88,88,51,2.96,12.07,14,63,-6,55.45,8.78,0.44,0.56,44.19,93,6.05,12.91,3.07,1.64,1.43,0.05,2.22,3.86,0.11,31,1.16,26,0.11,27,65,7,33,57,10,23.71,19.05,0.92,103,-4.66,21.83,19.61,0,0,0,0,0,,0,0,,0,0,0,0,0,0,32,10,8.8,47,0.25,0.17,0.01,-0.07,,0.35
Mateo Mendia,CA Platense,Liga Profesional,2026,778,Right Centre Back,Argentina,22,02/02/04,0,0,0.04,0.06,0.58,0,40,0,,0.02,0,0,0.23,0,0,0.23,0,0,0,0,0.04,0.81,-0.04,0.58,0.58,0,100,0.35,0,0.12,0,1.16,1.22,4.97,5.71,9.25,4.62,0.06,5.67,24.99,10.87,1.39,0.81,1.97,54,1.09,2.31,1.39,50,0.69,59,2.54,0,7.05,8.71,3.24,2.31,0.92,31.97,1.27,18,0.81,35,0.35,0,0,43.24,83,5.78,11,67,5.55,8.09,10,56,-27,36.53,3.93,0.4,0.4,30.06,100,5.13,3.7,0,0,0,0,1.27,1.27,0,,0,,0,31,66,3,41,56,3,24.99,20.49,0.97,97,-4.5,24.24,19.81,0,0,0,0,0,,0,0,,0,0,0,0,0,0,21,7,3.55,21,0.11,0.05,-0.14,-0.03,,-0.01
Mateo Pérez,Independiente,Liga Profesional,2026,991,Right Defensive Midfielder,Argentina,20,23/01/06,0,0,0.05,0.06,0.73,0,13,1,,0.01,0,0.02,0.45,0,0.02,0.45,0,0,0,0,0.07,1.18,-0.07,1.27,0.91,0.36,71,1.45,0,2.27,1.54,0.82,0.6,1.54,1.2,20.43,9.26,0,7.17,47.96,10.63,4.63,1.54,2.36,53,1.63,2.24,1.36,13,1.36,35,1.18,0,17.53,15.46,5.72,4.18,1.82,50.32,8.9,51,3.45,83,0.27,0,0,27.7,79,1.18,13,57,2,1.63,22,64,-15,53.39,3.18,0.35,0.36,25.43,88,5.71,7.54,0.36,0.36,0,0.18,0.91,1.27,0.09,0,0,0,0.27,17,73,10,24,69,7,16.5,14.87,0.99,98,-1.63,16.36,14.64,0,0,0,0,0,,0,0,,0,0,0,0,0,0,22,7,3.42,27,-0.04,0.09,0.03,-0.05,,0.04
Mateo Seoane,Gimnasia La Plata,Liga Profesional,2026,805,Left Defensive Midfielder,Argentina,22,08/02/04,0,0,0.01,0.02,0.45,0,50,1,,0.01,0,0.03,0.34,0,0.03,0.34,0,0,0,0,0.04,0.78,-0.04,0.45,0.34,0.11,75,0.34,0,0.78,0.56,1.45,0.91,1.34,0.8,24.6,14.09,0.01,7.94,41.1,7.94,3.13,1.45,2.91,46,0.65,1.55,1.45,33,1.68,36,0.56,0,21.81,11.23,7.27,6.04,2.46,41.68,7.49,34,3.36,56,0.34,0,0,28.18,80,1.9,18,68,1.57,2.57,15,68,-13,48.41,2.35,0.12,0.15,21.25,95,3.28,4.7,0.45,0.45,0,0,0,0.45,0,0,0,,0,28,64,8,33,64,2,19.55,16.28,0.98,113,-3.27,19.15,18.44,0,0,0,0,0,,0,0,,0,0,0,0,0,0,23,8,4.81,32,0.02,0.03,0.06,-0.01,,0.1
Mathías De Ritis,San Lorenzo de Almagro,Liga Profesional,2026,1330,Left Back,Uruguay,23,30/01/03,0,0,0.01,0.02,0.47,0,29,1,,0,0.14,0.09,0.81,0.14,0.09,0.68,0,0,0.14,0.14,0.1,1.29,0.03,1.29,0.54,0.74,42,0.95,0,1.42,1.96,0.88,0.63,3.79,3.38,17.26,8.93,0.01,6.5,33.79,9.47,2.98,2.5,3.38,63,1.98,2.62,1.15,48,1.49,48,1.02,0.07,13.6,11.9,4.26,2.84,1.02,37.19,3.86,28,1.62,57,0.41,0,0,31.81,70,2.37,76,39,4.47,5.35,13,54,-16,48.21,4.53,0.13,0.2,28.69,89,4.95,6.02,0.68,0.54,0.14,0.07,0.54,1.08,0,80,0.61,27,0.07,31,57,12,33,52,16,20.25,17.17,0.91,95,-3.08,18.34,16.3,0,0,0,0,0,,0,0,,0,0,0,0,0,0,31,9,3.23,31,0.11,0.05,0.05,-0.01,,0.2
Matko Miljevic,Racing Club,Liga Profesional,2026,1286,Left Centre Midfielder,USA,25,08/05/01,0.14,0.14,0.15,0.04,3.57,4,29,3,,0.13,0.07,0.08,1.4,0,0.03,0.7,0.07,0.05,0.7,0.21,0.23,4.97,-0.02,0.77,0.56,0.21,73,2.52,0,2.38,2.03,0.56,0.76,0.42,0.38,13.57,6.02,0.01,2.66,51.33,8.33,5.11,0.84,1.4,63,1.04,1.8,2.03,0,0.49,53,1.19,0,10.71,12.85,1.75,2.73,0.7,52.81,5.74,54,2.24,82,0.28,0.07,0,46.88,82,6.44,15,68,1.54,8.4,20,83,1,59.4,9.94,0.36,0.4,47.44,91,6.1,16.93,2.66,1.33,1.33,0,2.1,3.43,0.14,16,0.42,38,0.14,16,70,14,21,71,8,22.61,19.21,0.97,101,-3.4,21.89,19.36,0,0,0,0,0,,0,0,,0,0,0,0,0,0,19,8,6.64,47,0.06,0.07,0.01,-0.05,,0.1
Matías Abaldo,Independiente,Liga Profesional,2026,1767,Left Wing,Uruguay,22,02/04/04,0.25,0.25,0.14,0.08,1.68,15,52,3,,0.19,0.1,0.1,1.27,0.1,0.07,0.76,0,0.03,0.51,0.36,0.23,2.95,0.12,2.75,1.22,1.53,44,0.56,0,2.8,3.62,0.41,0.49,0.2,0.22,14.31,6.88,0.01,4.28,53.64,5.65,3.57,0.66,1.07,42,0.66,1.15,0.61,11,0.92,29,0.41,0,13.04,13.08,3.77,3.36,1.27,54.9,7.69,59,2.65,79,0.1,0,0.05,26.48,70,1.73,12,53,0.56,2.9,21,61,-9,65.79,2.9,0.27,0.43,29.95,81,5.39,11.1,1.58,1.07,0.51,0.31,3.77,4.84,0.05,16,0.46,25,0.56,14,71,15,15,67,18,17.71,14.34,0.97,97,-3.37,17.2,13.98,0,0,0,0,0,,0,0,,0,0,0,0,0,0,27,8,4.97,33,0,0.08,0.01,0.05,,0.14
Matías Borgogno,CA Platense,Liga Profesional,2026,1567,Goalkeeper,Argentina,28,20/08/98,0,0,0,,0,,,0,,0,0,0,0,0,0,0,0,0,0,0,0,0,0,0,0,0,,0.34,0,0,0,0,0,0,0,0.06,0.06,0,6.66,3.61,3.56,0,0,0,,0,0,0,,0,,0,0,0.06,0.09,0,0,0,5.56,0,0,0,,0.06,0,0,15.34,53,6.95,11,38,2.18,15.91,13,55,1,13.19,1.9,0.05,0.05,13.04,100,6.9,0.75,0.06,0,0.06,0,0,0,0,0,0,,0,67,33,0,100,0,0,53.24,47.43,0.78,86,-5.81,41.59,41.01,0.75,0.91,0.16,75,69,6,0.96,2.99,31,9.65,2.2,0.06,0.06,17.2,4,41,3,0.83,6,0.13,0.04,,,0.1,0.28
Matías Borgogno,Defensa y Justicia,Liga Profesional,2026,688,Goalkeeper,Argentina,28,20/08/98,0,0,0,,0,,,0,,0,0,0,0,0,0,0,0,0,0,0,0,0,0,0,0,0,,0.13,0,0,0,0,0,0,0,0,0,0,6.8,3.23,3.66,0,0,0,,0,0,0,,0,,0,0.26,0,0,0,0,0,,0,,0,,0,0,0,18.97,69,4.32,25,35,1.96,10.47,14,47,-23,10.13,0,0.16,0.16,16.22,100,5.54,0,0,0,0,0,0,0,0,,0,,0,36,64,0,,,,36.09,38.63,0.71,68,2.53,25.52,26.23,1.05,1.08,0.03,74,73,1,0.88,4.06,32,12.69,1.74,0,0,13.84,-2,27,5,1.31,8,0.07,0.05,,,0.04,0.16
Matías Catalán,Talleres de Córdoba,Liga Profesional,2026,1673,Right Centre Back,Chile,34,18/08/92,0,0,0.04,0.06,0.7,0,15,0,,0.02,0.05,0.07,0.48,0.05,0.07,0.43,0,0,0.05,0.05,0.11,1.18,-0.06,0.22,0.22,0,100,0.22,0,0.22,0.27,0.48,0.56,5.76,6.28,6.08,3.34,0.05,3.87,23.86,9.68,1.4,0.86,1.34,76,1.01,1.57,0.48,73,0.27,64,2.04,0,4.79,5.62,2.1,1.29,0.7,32.91,0.97,20,0.54,42,0.05,0,0,47.28,84,6.29,3,68,6.62,8.45,11,64,-21,37.09,4.09,0.24,0.32,37.22,99,4.83,4.3,0.59,0.38,0.22,0.16,1.67,2.04,0,36,0.27,24,0.22,21,74,4,31,65,4,25.59,22.62,0.96,99,-2.96,24.54,22.43,0,0,0,0,0,,0,0,,0,0,0,0,0,0,17,6,3.68,26,0.13,0.05,0.08,-0.01,,0.24
Matías Cóccaro,Newell's Old Boys,Liga Profesional,2026,1051,Centre Forward,Uruguay,29,14/11/97,0.51,0.43,0.28,0.18,1.54,28,50,3,100,0.37,0,0.01,0.34,0,0.01,0.34,0,0,0,0.43,0.29,1.88,0.14,0.77,0.6,0.17,78,1.88,0,2.06,3.17,0.43,0.56,1.28,1,24.24,12.33,0.02,5.31,61.13,3.51,2.23,1.03,1.46,63,0.9,1.46,2.06,0,0.6,39,2.06,0,21.16,16.8,4.71,2.83,0.69,63.9,17.22,81,2.48,88,0.26,0,0,17.05,66,0.77,18,64,1.28,1.2,27,57,-10,61.62,1.03,0.2,0.38,14.65,73,4.05,5.74,0.51,0.51,0,0.26,4.63,5.14,0,50,0.34,40,0.51,18,55,27,21,54,25,14.83,11,1.02,107,-3.83,15.11,11.77,0,0,0,0,0,,0,0,,0,0,0,0,0,0,27,8,3.14,25,-0.03,-0.03,0.05,0.08,,0.08
Matías Fernández,Independiente Rivadavia,Liga Profesional,2026,1575,Centre Attacking Midfielder,Argentina,25,22/06/01,0.17,0.17,0.21,0.08,2.86,6,32,4,0,0.25,0.29,0.17,1.71,0.23,0.17,1.6,0.06,0.01,0.11,0.46,0.39,4.57,0.07,2.57,1.43,1.14,56,1.31,0,2.57,3.49,0.34,0.28,0.29,0.27,17.66,8.8,0.01,5.2,57.01,8.97,5.26,0.91,1.26,50,0.71,0.99,1.43,20,0.91,24,0.29,0,15.38,12.93,4.06,3.37,1.14,58.37,9.83,64,3.03,90,0.29,0,0,30.92,73,2.51,9,58,0.69,3.94,22,66,-7,61.36,4.63,0.58,0.74,32.69,83,6.2,11.43,1.66,1.37,0.29,0.23,3.94,5.32,0.11,34,0.74,34,0.29,16,70,14,20,67,14,19.46,13.58,0.99,113,-5.87,19.2,15.39,0,0,0,0,0,,0,0,,0,0,0,0,0,0,29,10,6.84,44,0.08,0.1,0.01,0.01,,0.2
Matías Fonseca,Instituto,Liga Profesional,2026,657,Centre Forward,Uruguay,25,11/03/01,0.14,0.14,0.33,0.16,2.05,7,20,5,,0.26,0,0,0,0,0,0,0,0,0,0.14,0.33,2.05,-0.19,0.55,0.27,0.27,50,0.68,0,1.78,3.15,0.27,0.23,0.55,0.42,21.36,8.49,0,4.79,57.39,5.61,2.74,0.96,1.23,58,1.05,1.28,3.29,29,0.68,39,1.78,0,17.12,14.88,4.11,3.56,1.23,58.53,12.46,73,2.6,73,0.27,0,0,19.99,63,0.68,15,50,0.96,0.96,24,59,-3,57.76,1.1,0.43,0.61,15.61,76,2.97,5.48,0.41,0.41,0,0,4.24,4.66,0,33,0.27,67,0.14,16,63,21,10,68,23,15.16,16.67,0.98,100,1.5,14.89,16.58,0,0,0,0,0,,0,0,,0,0,0,0,0,0,35,8,2.41,17,-0.07,0,0,0.01,,-0.07
Matías Galarza,Talleres de Córdoba,Liga Profesional,2026,2188,Right Defensive Midfielder,Argentina,24,03/03/02,0,0,0.02,0.03,0.66,0,19,0,,0.01,0.04,0.06,0.95,0.04,0.06,0.95,0,0,0,0.04,0.08,1.6,-0.03,1.36,1.19,0.16,88,3.17,0,1.77,1.48,1.07,1.21,0.91,0.75,14.56,6.29,0.01,6.01,37.47,13.21,4.98,2.02,3.09,72,1.94,3.15,1.03,33,0.78,48,0.95,0.04,11.64,12.16,4.4,3.37,1.23,38.84,3.09,27,1.48,44,0.21,0.04,0,57.56,88,4.4,6,71,1.56,5.55,17,82,-5,47.7,7.69,0.33,0.38,53.53,95,4.9,10.7,0.49,0.49,0,0,0.37,0.86,0.12,0,0,0,0,16,75,9,22,76,3,19.55,17.5,0.97,101,-2.05,18.96,17.65,0,0,0,0,0,,0,0,,0,0,0,0,0,0,15,8,5.83,40,0.03,0.1,0.02,-0.02,,0.13
Matías Gallardo,Instituto,Liga Profesional,2026,799,Left Defensive Midfielder,Argentina,23,22/11/03,0.11,0.11,0.08,0.06,1.46,8,15,1,,0.05,0.11,0.08,1.24,0.11,0.07,1.01,0,0.01,0.23,0.23,0.16,2.7,0.06,1.35,0.68,0.68,50,1.58,0,1.35,1.35,1.24,1.1,1.46,1.44,26.93,14.42,0.03,10.25,41.79,12.73,6.08,3.83,5.07,71,3.28,4.38,1.35,37,1.58,41,1.01,0,21.74,17.64,7.89,5.18,2.59,42.93,7.77,36,3.38,65,0.34,0,0,48.33,76,4.84,84,61,2.48,6.99,16,67,-9,51.49,6.2,0.61,0.64,41.01,94,4.46,10.03,1.35,1.13,0.23,0.23,1.35,2.48,0,25,0.56,38,0.34,26,67,7,33,66,1,21.19,18.87,0.96,95,-2.32,20.31,18,0,0,0,0,0,,0,0,,0,0,0,0,0,0,25,8,5.59,32,0.09,0.09,0.1,0.02,,0.29
Matías García,Deportivo Riestra,Liga Profesional,2026,570,Centre Defensive Midfielder,Argentina,31,10/11/95,0,0,0.01,0.03,0.32,0,0,1,,0,0,0.04,0.63,0,0.01,0.16,0,0.03,0.47,0,0.05,0.95,-0.05,0,0,0,,0.79,0,0.16,0.16,0.95,0.94,0.95,0.58,19.25,10.57,0,6.47,43.02,15.62,9.47,1.89,2.84,60,1.09,2.03,2.05,20,1.26,59,2.52,0,15.31,10.21,4.73,4.1,1.1,45.11,6.15,40,3.31,81,0.47,0,0,24.46,65,1.89,64,57,1.42,2.84,18,48,-17,50.19,2.84,0.12,0.12,12.62,98,3.22,4.42,0.95,0,0.95,0,0.63,0.63,0,17,0.16,100,0,37,55,8,32,64,4,20.79,17.89,0.96,97,-2.9,19.95,17.27,0,0,0,0,0,,0,0,,0,0,0,0,0,0,38,12,3.23,28,0.1,0.05,-0.06,-0.01,,0.08
Matías Godoy,Aldosivi,Liga Profesional,2026,468,Left Midfielder,Argentina,24,09/01/02,0,0,0.04,0.04,1.15,0,0,2,,0,0,0.05,1.15,0,0.05,0.96,0,0.01,0.19,0,0.09,2.31,-0.09,1.92,0.96,0.96,50,1.73,0,3.27,3.65,0.19,0.19,0.19,0.04,18.46,8.85,0,5.96,51.42,8.08,4.42,2.31,2.5,80,1.29,1.48,0.77,50,0.58,0,0,0,15.38,9.58,5.19,4.04,0.96,52.22,8.65,56,3.27,81,0.19,0,0,21.54,75,1.54,13,47,0.19,3.27,21,77,2,57.63,3.85,0.2,0.23,26.15,75,8.66,6.54,0.58,0.19,0.38,0,1.15,1.35,0,0,0,0,0,11,73,16,15,62,24,19.77,12.72,0.91,104,-7.05,18,13.23,0,0,0,0,0,,0,0,,0,0,0,0,0,0,20,5,4.29,32,0.01,0.04,0.01,-0.05,,0.01
Matías Mansilla,Unión,Liga Profesional,2026,2463,Goalkeeper,Argentina,30,14/01/96,0,0,0,,0,,,0,,0,0,0.01,0.04,0,0.01,0.04,0,0,0,0,0.01,0.04,-0.01,0,0,0,,0.15,0,0,0.07,0,0,0.04,0.03,0.11,0.07,0,5.81,3.13,2.56,0,0,0,0,0,0,0,0,0.04,,0,0,0.11,0.07,0.11,0,0,4.26,0,0,0,,0.07,0,0,11.44,58,6.54,3,43,1.83,13.34,10,46,-11,11.76,1.83,0.14,0.14,10.16,100,6.99,1.02,0.11,0.11,0,0,0,0.11,0,0,0,,0,68,32,0,96,4,0,54.73,55.24,0.81,89,0.5,44.45,49.03,1.02,1.06,0.04,72,71,1,0.98,3.65,37,9.98,1.93,0.11,0.11,17.07,1,38,2,1.43,8,0.13,0.05,0,,-0.05,0.13
Matías Pellegrini,Vélez Sarsfield,Liga Profesional,2026,1509,Right Wing,Argentina,26,10/03/00,0.18,0.18,0.22,0.13,1.73,10,34,2,,0.16,0.18,0.19,1.37,0.18,0.18,1.19,0,0.01,0.18,0.36,0.41,3.1,-0.06,1.37,0.66,0.72,48,1.91,0,2.33,2.86,0.42,0.55,0.66,0.68,21.06,9.13,0.02,6.14,51.28,7.52,4.18,2.03,2.45,67,2.32,2.87,1.61,40,1.01,54,2.45,0,17.42,18.37,5.31,4.89,1.49,52.97,9.19,53,3.64,74,0.42,0,0,33.53,71,1.55,81,46,0.95,3.04,22,66,-5,63.58,3.76,0.54,0.83,29.53,86,5.14,13.18,2.15,1.55,0.6,0.6,4.77,6.32,0.06,25,0.78,38,0.72,19,66,15,20,65,15,16.92,13.87,0.94,97,-3.06,15.93,13.42,0,0,0,0,0,,0,0,,0,0,0,0,0,0,32,12,5.63,42,0.04,0.06,0.01,-0.01,,0.1
Matías Reali,San Lorenzo de Almagro,Liga Profesional,2026,803,Left Midfielder,Argentina,29,13/11/97,0,0,0.16,0.1,1.57,0,43,3,,0.21,0.11,0.23,3.14,0,0.1,1.57,0.11,0.13,1.57,0.11,0.39,4.71,-0.28,1.23,0.67,0.56,55,1.68,0,1.34,1.79,0.67,0.65,0.45,0.41,21.07,10.31,0.01,6.61,50.05,5.16,3.59,3.25,3.92,83,3.73,4.37,1.34,50,0.67,33,0.22,0,16.47,17.46,5.16,4.71,1.68,51.01,8.52,52,3.47,74,0.11,0,0.11,23.53,65,2.8,30,45,1.01,5.6,13,71,6,63.33,3.7,0.22,0.33,23.53,89,5.38,8.07,3.25,1.23,2.02,0.56,2.8,4.03,0,41,1.68,34,0.45,14,73,12,13,72,15,21.88,18.23,0.89,98,-3.64,19.37,17.84,0,0,0,0,0,,0,0,,0,0,0,0,0,0,30,6,6.03,48,0.19,0.05,0.05,0,,0.28
Matías Recalde,Gimnasia Mendoza,Liga Profesional,2026,1299,Left Back,Argentina,29,08/07/97,0,0,0.02,0.03,0.69,0,40,1,,0.01,0,0.07,0.62,0,0.07,0.55,0,0,0.07,0,0.09,1.32,-0.09,1.25,0.76,0.49,61,1.18,0,1.25,1.25,2.01,1.76,1.59,1.3,12.27,6.65,0.01,5.41,32.96,11.5,3.6,2.01,4.02,71,1.65,3.41,0.9,50,0.83,42,0.76,0,9.36,7.5,3.81,2.43,0.9,35.6,2.15,23,0.97,40,0.21,0,0,42.69,73,3.47,82,47,2.91,6.03,18,64,-9,45.8,4.3,0.21,0.26,35.2,93,5.44,6.24,0.83,0.42,0.42,0.07,0.62,1.04,0.14,25,0.28,17,0.21,32,57,10,30,63,7,21.04,19.9,0.93,93,-1.14,19.48,18.55,0,0,0,0,0,,0,0,,0,0,0,0,0,0,32,11,4.62,34,0.14,0.07,0.08,-0.03,,0.26
Matías Sepúlveda,Lanús,Liga Profesional,2026,868,Right Wing,Chile,27,11/03/99,0,0,0.05,0.03,1.45,0,21,1,,0.03,0.1,0.21,2.59,0.1,0.08,1.04,0,0.13,1.56,0.1,0.26,4.04,-0.15,1.76,1.04,0.73,59,1.97,0,2.28,3.11,1.04,1.28,1.45,1.68,19.5,9.85,0.02,5.91,44.18,7.47,3.73,1.35,2.39,52,1.5,2.78,1.56,20,1.24,76,1.66,0,16.59,18.76,4.87,4.04,1.56,47.74,7.16,43,2.59,64,0.41,0,0,37.33,71,3.63,80,43,2.59,7.36,19,62,-9,61.21,4.56,0.31,0.36,35.05,89,5.88,12.96,2.07,0.41,1.66,0.21,1.66,2.07,0,20,0.62,18,0.41,15,71,14,15,66,18,21.12,16.68,0.85,97,-4.45,17.95,16.15,0,0,0,0,0,,0,0,,0,0,0,0,0,0,35,11,7.17,46,0.07,0.09,0.03,-0.04,,0.14
Matías Tissera,Instituto,Liga Profesional,2026,689,Centre Forward,Argentina,30,05/09/96,0.26,0.26,0.5,0.2,2.48,11,42,6,,0.5,0,0.05,0.78,0,0.05,0.78,0,0,0,0.26,0.55,3.26,-0.28,0.91,0.39,0.52,43,1.31,0.13,2.22,2.74,0,0,0.26,0.24,20.5,9.4,0.02,4.57,65.37,4.44,2.87,0.65,0.65,63,0.45,0.45,0.78,0,0.39,14,0.52,0,19.06,16.44,4.44,4.05,0.78,66.47,16.19,85,3.66,90,0,0,0,16.32,70,0.78,10,60,0.52,1.04,24,73,2,62.34,1.96,0.33,0.59,16.97,76,7,6.66,0.26,0.26,0,0.13,4.31,4.57,0,50,0.13,50,0.13,16,61,23,14,71,16,16.63,16.81,1.04,98,0.17,17.28,16.45,0,0,0,0,0,,0,0,,0,0,0,0,0,0,30,6,2.72,17,-0.01,0.03,-0.01,0.07,,0.07
Matías Valenti,AA Estudiantes Río Cuarto,Liga Profesional,2026,1465,Left Centre Back,Argentina,24,02/09/02,0,0,0.03,0.05,0.55,0,0,0,,0,0,0.01,0.12,0,0.01,0.12,0,0,0,0,0.04,0.68,-0.04,0.37,0.25,0.12,67,0.18,0,0.61,0.31,0.98,0.83,4.79,4.28,12.66,7.07,0.08,6.08,26.05,11.12,2.03,1.23,2.21,65,1.06,1.89,1.6,50,0.68,68,2.58,0,9.95,8.96,3.99,1.72,0.86,30.2,1.66,17,0.74,43,0.43,0,0,32.57,72,3.38,81,45,5.71,6.51,15,64,-8,36.61,2.58,0.17,0.21,22.12,96,4.7,2.46,0.25,0.18,0.06,0,1.11,1.29,0,50,0.12,33,0,34,62,4,45,48,8,25.61,21.34,0.88,87,-4.27,22.49,18.64,0,0,0,0,0,,0,0,,0,0,0,0,0,0,28,10,2.22,18,0.06,0.03,0.05,-0.03,,0.11
Matías Vera,Central Córdoba SdE,Liga Profesional,2026,1913,Right Defensive Midfielder,Argentina,31,25/10/95,0,0,0.06,0.09,0.66,0,21,1,,0.04,0.05,0.04,0.85,0,0.03,0.52,0.05,0.01,0.33,0.05,0.1,1.51,-0.05,0.94,0.71,0.24,75,1.18,0,0.8,1.36,0.75,0.41,1.55,0.87,19.85,9.69,0.02,6.4,39.96,9.97,4.75,1.88,2.63,68,1.21,1.61,1.27,49,0.89,40,0.8,0,16.7,11.31,5.03,5.32,1.93,43.09,5.64,34,3.01,57,0.24,0,0,34.34,81,3.76,10,58,2.12,5.97,16,74,-6,47.76,3.86,0.25,0.29,29.35,94,4.22,5.83,0.89,0.33,0.56,0.05,0.94,1.27,0.14,0,0.05,13,0.09,21,71,9,30,65,6,22.03,17.93,0.94,100,-4.1,20.82,17.92,0,0,0,0,0,,0,0,,0,0,0,0,0,0,20,8,3.51,33,0.01,0.05,0.09,-0.01,,0.14
Matías Viña,River Plate,Liga Profesional,2026,608,Left Back,Uruguay,29,08/11/97,0,0,0.07,0.08,0.89,0,17,1,,0.05,0,0.09,0.89,0,0.09,0.89,0,0,0,0,0.16,1.78,-0.16,1.18,0.59,0.59,50,1.33,0,1.04,1.63,1.04,1.45,1.63,2.42,14.21,6.51,0.09,6.66,37.1,10.36,4.15,1.92,2.96,87,2.96,4.41,1.33,75,0.3,65,2.22,0,10.96,16.45,4.74,3.7,1.63,43.4,4.44,41,2.37,64,0.74,0.15,0,42.05,74,2.81,78,46,2.22,5.48,17,64,-11,55.45,4.89,0.34,0.38,34.5,93,4.38,11.99,1.92,1.63,0.3,0.15,1.63,3.26,0.15,38,0.89,43,0.15,28,57,15,36,51,14,19.54,16.38,0.95,102,-3.16,18.52,16.72,0,0,0,0,0,,0,0,,0,0,0,0,0,0,29,14,4.62,24,0.1,0.06,0.02,0,,0.17
Matías Zaracho,Racing Club,Liga Profesional,2026,1174,Right Centre Midfielder,Argentina,28,09/03/98,0.23,0.23,0.15,0.09,1.61,14,29,2,,0.13,0.08,0.05,1,0.08,0.05,0.92,0,0,0.08,0.31,0.2,2.61,0.1,0.61,0.31,0.31,50,1.07,0,1.3,1.38,1.07,1.45,0.77,0.99,19.55,10.04,0.03,6.44,48.72,8.36,4.68,2.22,3.3,66,2.64,4.09,1.38,26,1.15,48,1.15,0,15.94,18.51,5.37,4.75,1.69,51.22,8.36,52,3.6,76,0.31,0,0,35.72,82,2.38,10,74,1.3,2.68,21,72,-10,56.89,3.91,0.35,0.41,28.82,93,3.94,9.66,1.15,0.84,0.31,0,2.84,3.68,0.15,13,0.15,29,0.08,16,65,19,21,67,13,17.53,15.67,1.02,111,-1.86,17.93,17.33,0,0,0,0,0,,0,0,,0,0,0,0,0,0,21,8,3.83,28,0,0,0.07,-0.01,,0.05
Mauricio Cardillo,San Lorenzo de Almagro,Liga Profesional,2026,353,Right Back,Argentina,23,10/03/03,0,0,0.06,0.04,1.27,0,40,0,,0.04,0,0.01,0.25,0,0.01,0.25,0,0,0,0,0.07,1.53,-0.07,0.76,0.51,0.25,67,1.02,0,0.76,0.76,1.53,1.69,2.29,2.64,18.6,7.9,0.02,5.86,42.77,8.41,3.06,1.53,3.06,75,1.59,3.28,1.02,67,0.51,50,1.02,0,16.31,17.29,4.59,5.61,1.02,44.09,6.63,41,3.06,55,0,0,0,34.4,75,1.53,9,50,2.55,2.8,13,58,-17,54.78,2.8,0.24,0.27,27.27,95,5.02,8.16,0,0,0,0.25,3.06,3.06,0,,0.51,33,0.76,21,62,17,22,66,13,18.38,15.41,0.95,114,-2.97,17.53,17.64,0,0,0,0,0,,0,0,,0,0,0,0,0,0,27,7,3.85,29,0.02,0.11,-0.02,-0.06,,0.05
Mauricio Martínez,CA Sarmiento,Liga Profesional,2026,1423,Left Defensive Midfielder,Argentina,33,19/02/93,0.13,0.13,0.06,0.04,1.52,8,25,2,,0.1,0,0.11,0.7,0,0.1,0.51,0,0.01,0.19,0.13,0.17,2.21,-0.04,1.26,0.7,0.57,55,0.7,0,1.45,1.14,0.7,0.43,1.71,1.47,12.52,6.96,0.02,5.06,35.22,10.31,4.43,1.83,2.53,76,1.39,1.82,0.32,42,0.57,58,0.95,0,10.5,7.64,3.79,2.59,0.89,39.52,3.22,31,1.39,54,0.19,0,0,37.18,79,5.18,9,67,2.72,6.7,18,68,-10,48.81,6.96,0.26,0.45,32.31,93,6.25,8.66,1.2,0.89,0.32,0.06,0.89,1.77,0.06,11,0.13,17,0.06,24,64,11,33,64,4,24.28,20.89,0.98,100,-3.38,23.7,20.84,0,0,0,0,0,,0,0,,0,0,0,0,0,0,21,8,4.29,37,0.05,0.07,0.07,-0.01,,0.18
Mauro Méndez,Banfield,Liga Profesional,2026,1471,Right Centre Forward,Uruguay,27,16/01/99,0.37,0.37,0.26,0.14,1.9,19,39,6,,0.25,0.18,0.08,1.16,0.18,0.08,1.16,0,0,0,0.55,0.34,3.06,0.21,0.73,0.55,0.18,75,1.96,0,1.84,2.63,0,0,0.8,0.28,14.87,4.9,0,3.18,61.64,2.94,1.84,0.31,0.31,83,0.21,0.21,1.35,0,0.06,27,1.29,0,13.34,7.23,3,3.37,1.1,65.07,10.46,78,3.06,91,0.24,0,0,12.05,80,0.67,17,73,1.35,0.37,39,79,-2,60.5,1.1,0.26,0.46,14.62,76,4.89,4.53,0.43,0.43,0,0.49,4.83,5.26,0,14,0.06,100,0.8,11,60,29,12,72,16,15.87,14.78,1.05,103,-1.09,16.65,15.19,0,0,0,0,0,,0,0,,0,0,0,0,0,0,28,12,2.66,21,-0.02,-0.03,0.01,0.04,,0
Mauro Pittón,Unión,Liga Profesional,2026,1707,Right Defensive Midfielder,Argentina,32,07/08/94,0,0,0.05,0.06,0.79,0,13,1,,0.02,0,0.01,0.32,0,0.01,0.32,0,0,0,0,0.06,1.11,-0.06,0.58,0.47,0.11,82,1.27,0,0.74,0.84,1,0.87,1.85,1.38,17.45,9.54,0.03,6.7,40.08,15.29,6.7,1.58,2.58,56,1.45,2.32,0.9,39,1.27,62,1.79,0,15.19,13.63,5.06,4.43,1.58,43.29,5.7,38,2.79,63,0.26,0,0,42.13,80,3.85,20,74,2.69,4.32,16,68,-13,49.65,4.38,0.34,0.35,30.27,96,4.36,8.65,0.11,0.11,0,0.05,0.74,0.84,0,0,0.05,14,0.16,19,70,11,15,80,5,20.28,17.73,1,104,-2.55,20.34,18.36,0,0,0,0,0,,0,0,,0,0,0,0,0,0,21,8,5.19,29,0,0.08,0.06,-0.02,,0.12
Mauro Valiente,AA Estudiantes Río Cuarto,Liga Profesional,2026,906,Left Midfielder,Argentina,26,25/01/00,0.1,0.1,0.08,0.06,1.49,7,20,2,,0.13,0,0.07,1.29,0,0.05,0.99,0,0.01,0.3,0.1,0.15,2.78,-0.05,1.19,0.5,0.69,42,0.99,0,2.98,2.68,0.1,0.08,0.6,0.38,15.49,5.46,0.01,3.57,56.63,6.45,4.37,0.89,0.99,69,0.61,0.69,1.49,33,0.4,47,1.79,0,13.11,9.83,2.98,4.57,1.49,58,8.44,64,3.67,80,0.3,0,0,24.32,54,1.89,85,35,1.29,4.77,24,45,-9,64.53,3.38,0.15,0.28,24.62,80,6.01,7.45,1.69,1.29,0.4,0.1,2.88,4.17,0.1,53,1.09,30,0.3,20,66,14,20,55,25,20.37,15.25,0.89,101,-5.12,18.11,15.4,0,0,0,0,0,,0,0,,0,0,0,0,0,0,41,7,5.18,38,0.04,0.03,0.01,0.01,,0.09
Maximiliano Amarfil,CA Platense,Liga Profesional,2026,1081,Right Defensive Midfielder,Argentina,25,02/11/01,0,0,0.02,0.03,0.75,0,22,1,,0,0,0.04,1,0,0.04,1,0,0,0,0,0.06,1.75,-0.06,0.67,0.5,0.17,75,0.75,0,1.17,0.75,1.42,1.62,2.5,3.04,26.81,13.65,0.02,9.16,41.13,14.65,6.83,3,4.41,80,3.14,4.76,2.16,59,0.75,44,1.25,0,21.65,21.21,6.91,5.58,1.5,44.52,8.49,39,3.25,58,0.5,0,0,47.79,83,6.08,7,70,3.58,7.66,21,81,-2,47.71,7.66,0.24,0.28,40.79,96,5.13,10.16,0.67,0.67,0,0.08,0.5,1.17,0,13,0.17,40,0.08,24,69,7,27,70,2,22.87,20.41,0.97,107,-2.46,22.24,21.77,0,0,0,0,0,,0,0,,0,0,0,0,0,0,19,9,4.14,34,0.05,0.11,0.06,-0.02,,0.2
Maximiliano Gutiérrez,Independiente,Liga Profesional,2026,961,Right Wing,Chile,22,02/05/04,0.28,0.28,0.14,0.06,2.25,13,25,3,,0.15,0.19,0.25,1.31,0.19,0.25,1.31,0,0,0,0.47,0.39,3.56,0.08,2.62,1.78,0.84,68,0.84,0.09,3.47,3.28,0.37,0.42,0.56,0.48,13.67,6.84,0,3.75,55.13,5.99,3.56,0.66,1.03,58,0.76,1.18,1.12,33,0.47,40,0.94,0,11.89,11.15,3.47,3.18,0.94,56.47,7.21,61,2.53,79,0.09,0,0,22.38,58,0.66,8,39,0.94,1.31,26,46,-12,65.36,2.62,0.25,0.53,25.94,79,7.93,7.87,1.22,1.12,0.09,0.66,4.5,5.62,0.19,23,0.66,28,0.47,18,68,14,14,68,18,16.97,14.54,0.93,97,-2.44,15.78,14.16,0,0,0,0,0,,0,0,,0,0,0,0,0,0,35,7,3.44,25,0.12,0.05,0,-0.07,,0.1
Maximiliano Salas,River Plate,Liga Profesional,2026,525,Left Centre Forward,Argentina,29,30/11/97,0.17,0.17,0.31,0.09,3.26,5,32,5,,0.18,0,0.18,1.2,0,0.18,1.2,0,0,0,0.17,0.48,4.46,-0.31,1.54,0.69,0.86,44,1.2,0,1.2,4.46,0,0,0.69,1.15,18.18,6.52,0.02,6.17,62.33,5.32,3.94,0.51,0.51,60,0.9,0.9,1.72,50,0.34,25,0.86,0,15.95,26.25,5.49,5.32,2.06,64.5,12.01,75,4.46,84,0.34,0,0,18.87,68,1.72,76,71,1.37,1.72,31,62,-6,65.51,1.89,0.44,0.71,21.78,80,5.45,8.4,0.51,0.51,0,0.51,7.37,7.89,0,33,0.34,15,0.69,10,72,18,8,84,8,18.43,17.69,1.03,94,-0.75,18.97,16.54,0,0,0,0,0,,0,0,,0,0,0,0,0,0,25,7,2.62,13,-0.06,0,0.03,-0.18,,-0.21
Maximiliano Villa,Atlético Tucumán,Liga Profesional,2026,1463,Right Back,Uruguay,29,02/03/97,0.06,0.06,0.1,0.15,0.68,9,27,0,,0.09,0,0.03,0.55,0,0.03,0.55,0,0,0,0.06,0.13,1.23,-0.07,0.31,0.12,0.18,40,0.55,0.06,0.55,0.62,1.66,1.21,1.97,1.49,11.26,5.35,0.02,4.12,32.38,12.06,3.88,1.48,3.14,69,1.12,2.33,1.35,48,0.68,55,1.05,0,8.43,5.85,2.65,1.78,0.74,35.04,2.34,28,1.05,59,0.25,0,0,34.15,73,2.95,6,42,2.58,6.34,9,58,-15,51.33,5.6,0.2,0.32,22.83,95,4.54,8.68,0.8,0.74,0.06,0.18,1.72,2.46,0,38,0.43,19,0.25,39,53,8,40,47,13,21.55,19.48,0.88,94,-2.07,19.01,18.41,0,0,0,0,0,,0,0,,0,0,0,0,0,0,26,10,3.86,28,0.16,0.04,-0.03,0.01,,0.18
Maximiliano Zalazar,Gimnasia La Plata,Liga Profesional,2026,459,Left Midfielder,Argentina,25,07/03/01,0.2,0.2,0.34,0.07,4.71,4,25,7,,0.27,0.2,0.1,0.98,0.2,0.09,0.78,0,0.01,0.2,0.39,0.44,5.69,-0.05,2.75,1.96,0.78,71,0.98,0,1.18,2.94,1.18,1.24,0.39,0.21,15.1,5.88,0,4.51,49.99,9.41,6.28,1.18,2.35,50,0.87,2.11,1.77,43,1.18,25,0.2,0,12.16,10.26,3.73,5.3,1.57,49.18,4.51,37,3.33,63,0.59,0,0,29.42,62,2.16,12,52,1.18,3.33,16,64,2,61.44,4.12,0.58,0.82,30.6,88,6.4,9.22,0.98,0.78,0.2,0.59,5.69,6.47,0,40,0.98,24,0.59,13,77,10,13,77,11,18.32,16.96,0.98,99,-1.36,18.02,16.81,0,0,0,0,0,,0,0,,0,0,0,0,0,0,37,7,6.39,30,-0.01,0.19,0.02,0.01,,0.22
Michael Hoyos,Newell's Old Boys,Liga Profesional,2026,475,Right Centre Forward,Argentina,35,01/08/91,0.19,0.19,0.23,0.15,1.52,13,25,3,,0.1,0,0.04,0.76,0,0.04,0.76,0,0,0,0.19,0.27,2.27,-0.08,0.19,0,0.19,0,0.95,0,1.71,2.27,0.19,0.17,1.33,1.19,9.48,3.79,0,2.65,58.81,4.93,3.79,0.19,0.38,50,0.17,0.34,0.57,0,0.19,38,1.9,0,8.72,7.47,2.27,2.84,1.14,65.95,7.58,87,2.46,87,0,0,0,18.01,71,0.38,11,25,1.33,1.52,25,72,1,59.6,1.52,0.31,0.41,15.16,80,4.01,5.12,0.19,0.19,0,0.38,4.17,4.36,0,0,0.19,33,0.38,19,55,26,15,63,22,17.56,15.29,0.92,104,-2.27,16.15,15.97,0,0,0,0,0,,0,0,,0,0,0,0,0,0,30,7,2.26,18,-0.04,0.04,0.03,-0.07,,-0.04
Michael Santos,Central Córdoba SdE,Liga Profesional,2026,1610,Left Centre Forward,Uruguay,33,12/03/93,0.39,0.28,0.22,0.12,1.79,16,38,4,100,0.31,0.06,0.14,1.23,0.06,0.14,1.23,0,0,0,0.34,0.36,3.02,-0.02,1.12,0.56,0.56,50,0.95,0.06,1.62,2.29,0.17,0.08,1.17,0.71,15.21,5.93,0.01,3.47,59.04,3.75,1.96,0.56,0.73,67,0.27,0.34,1.29,29,0.28,37,2.52,0,13.42,9.28,2.96,3.24,1.01,63.56,10.01,75,2.68,83,0.06,0,0,14.98,63,0.34,18,40,1.29,0.73,28,53,-10,59.55,1.84,0.16,0.44,12.47,74,5.4,4.36,0.45,0.45,0,0.34,4.58,5.03,0.11,25,0.28,42,0.5,17,62,21,17,73,10,15.41,13.54,1,101,-1.87,15.36,13.62,0,0,0,0,0,,0,0,,0,0,0,0,0,0,35,10,2.72,26,0,-0.03,0.04,0.03,,0.03
Miguel Barbieri,Deportivo Riestra,Liga Profesional,2026,605,Left Centre Back,Argentina,33,23/08/93,0,0,0.07,0.09,0.74,0,40,0,,0.07,0,0.05,0.15,0,0.05,0.15,0,0,0,0,0.11,0.89,-0.11,0,0,0,,0.3,0,0.3,0,0.74,0.57,5.8,3.61,12.35,6.1,0.05,3.72,26.86,10.86,2.23,1.64,2.38,79,0.56,1.13,1.34,70,0.45,56,2.83,0,9.37,4.35,2.97,1.64,0.89,33.56,2.08,22,0.89,55,0.59,0,0,18.15,62,2.08,19,39,6.4,4.76,15,32,-30,37.11,2.23,0.11,0.19,8.18,96,4.44,2.23,0,0,0,0.15,2.08,2.08,0,,0,0,0.15,41,50,8,47,47,7,26.94,19.05,0.88,86,-7.89,23.71,16.29,0,0,0,0,0,,0,0,,0,0,0,0,0,0,36,7,0.91,11,0.06,0.02,0,0.02,,0.1
Miguel Merentiel,Boca Juniors,Liga Profesional,2026,1485,Centre Forward,Uruguay,30,23/02/96,0.42,0.42,0.49,0.19,2.55,17,40,5,,0.55,0.12,0.17,1.27,0.12,0.17,1.27,0,0,0,0.55,0.66,3.82,-0.11,0.97,0.61,0.36,63,0.48,0,1.7,2,0.06,0.1,0,0,11.45,5.27,0.01,3.45,69.88,4.06,2.91,0.18,0.24,43,0.24,0.34,0.36,0,0.24,27,0.36,0,10.91,14.85,3.33,2.3,1.03,69.62,9.15,84,2.06,89,0.06,0,0,21.64,74,0.85,10,58,0.24,1.21,24,73,-2,62.82,1.88,0.57,0.88,21.21,85,5.8,8.42,0.85,0.85,0,0.85,7.27,8.12,0.06,7,0.3,33,1.45,8,72,20,4,78,19,16.2,14.14,0.95,96,-2.06,15.37,13.63,0,0,0,0,0,,0,0,,0,0,0,0,0,0,25,10,4.4,28,-0.02,0.05,0.03,0.14,,0.21
Mikel Amondarain,Estudiantes,Liga Profesional,2026,1228,Right Defensive Midfielder,Argentina,21,05/01/05,0.15,0.15,0.18,0.18,1.03,14,36,1,,0.23,0.07,0.06,0.81,0.07,0.06,0.81,0,0,0,0.22,0.24,1.83,-0.02,1.32,0.81,0.51,61,0.66,0,1.98,1.98,0.66,0.88,1.39,1.44,22.13,11.43,0.05,7.62,44.95,10.48,5.06,2.34,3,80,2.83,3.71,0.88,47,0.59,52,1.25,0.07,19.12,21.7,6.3,5.79,2.27,47.3,8.79,46,3.66,63,0.15,0,0,33.63,84,2.2,7,67,1.98,2.71,20,74,-9,51.9,4.03,0.68,0.78,29.53,88,4.83,8.06,0.37,0.37,0,0.29,2.64,3,0,20,0.29,40,0.29,15,71,14,20,72,8,18.78,17.29,0.98,101,-1.49,18.37,17.4,0,0,0,0,0,,0,0,,0,0,0,0,0,0,18,8,4.97,31,0.02,0.05,0.06,0.13,,0.26
Milton Céliz,Deportivo Riestra,Liga Profesional,2026,769,Right Defensive Midfielder,Argentina,34,24/07/92,0.12,0,0.14,0.06,2.34,0,40,3,100,0.33,0,0.04,0.82,0,0.04,0.82,0,0,0,0,0.18,3.16,-0.18,2.81,1.99,0.82,71,1.99,0,1.87,2.34,0.35,0.11,1.99,0.64,23.63,13.33,0.04,5.97,43.53,14.5,8.54,2.11,2.46,60,0.72,0.83,2.57,33,1.4,52,1.87,0,19.18,5.78,4.21,4.8,1.4,46.36,7.84,41,3.27,68,0.35,0,0,30.06,57,2.34,22,51,3.27,3.27,26,49,-9,57.06,5.03,0.3,0.35,28.42,86,5.56,8.77,1.17,1.17,0,0.23,2.92,4.09,0.23,30,0.35,50,0.23,31,61,8,25,68,7,19.1,17.09,0.97,98,-2.01,18.51,16.78,0,0,0,0,0,,0,0,,0,0,0,0,0,0,42,9,3.82,35,0.05,0.07,0.05,0.08,,0.25
Milton Delgado,Boca Juniors,Liga Profesional,2026,1643,Left Defensive Midfielder,Argentina,21,15/06/05,0,0,0.03,0.04,0.6,0,18,1,,0.01,0.05,0.06,0.93,0.05,0.06,0.93,0,0,0,0.05,0.08,1.53,-0.03,0.82,0.6,0.22,73,1.53,0,1.7,1.53,0.93,1.26,1.15,1.43,19.99,10.4,0.01,7.89,41.88,12.05,4.93,2.25,3.18,67,3.07,4.33,1.64,43,1.1,63,0.93,0.05,16.1,21.34,6.35,4.65,2.03,42.97,5.53,34,2.74,59,0.27,0,0,57.28,89,3.56,13,77,2.08,3.67,18,85,-4,48.91,6.24,0.56,0.59,47.86,94,4.57,11.06,0.55,0.55,0,0.11,0.71,1.26,0,20,0.16,75,0.16,14,76,10,16,77,6,19.2,18.84,1,105,-0.36,19.16,19.87,0,0,0,0,0,,0,0,,0,0,0,0,0,0,14,7,5.4,35,0,0.06,0.05,-0.03,,0.09
Milton Giménez,Boca Juniors,Liga Profesional,2026,409,Centre Forward,Argentina,30,11/08/96,0.88,0.66,0.51,0.18,2.86,23,38,7,100,0.42,0,0,0,0,0,0,0,0,0,0.66,0.51,2.86,0.15,0.66,0.66,0,100,0.88,0,0.66,1.98,0,0,0.88,1.05,21.12,9.46,0.03,5.94,61.47,4.18,2.42,0.66,0.66,60,0.89,0.89,1.1,33,0.44,28,1.98,0,19.36,24.79,5.28,4.4,1.1,64.65,14.96,77,3.74,85,0.22,0,0,10.34,76,0.22,13,100,0.88,0.22,22,58,-18,59.24,1.32,0.33,0.68,11,88,4.35,3.3,0.44,0.44,0,0.22,5.72,6.16,0,0,0,,0.44,16,47,36,20,67,13,11.17,8.93,1.06,108,-2.24,11.87,9.62,0,0,0,0,0,,0,0,,0,0,0,0,0,0,33,15,1.61,8,-0.02,0.1,0.05,-0.05,,0.08
Milton Valenzuela,Independiente,Liga Profesional,2026,430,Left Back,Argentina,28,12/08/98,0,0,0.03,0.03,0.84,0,25,1,,0.01,0,0.03,0.84,0,0.03,0.63,0,0,0.21,0,0.06,1.68,-0.06,1.05,0.63,0.42,60,0.84,0,1.26,1.68,1.26,1.25,1.88,1.85,20.73,9.63,0.03,6.7,37.42,14.66,6.7,2.72,3.98,65,2.44,3.68,2.09,46,1.47,38,0.63,0,16.13,14.06,5.03,3.14,1.05,40.68,5.86,36,3.14,100,0.42,0,0,38.12,72,3.98,86,50,2.72,7.12,10,73,1,51.62,8.17,0.21,0.24,30.58,92,4.66,11.73,1.68,1.05,0.63,0,0.84,1.88,0,25,0.63,33,0,43,53,5,46,48,5,23.02,19.17,0.91,82,-3.85,21.07,15.82,0,0,0,0,0,,0,0,,0,0,0,0,0,0,26,11,3.87,29,0.18,0.08,0.11,-0.02,,0.35
Misael Aguirre,Unión,Liga Profesional,2026,588,Right Midfielder,Argentina,19,28/10/07,0,0,0.34,0.15,2.3,0,20,4,,0.14,0,0.04,0.77,0,0.04,0.77,0,0,0,0,0.38,3.06,-0.38,1.07,0.61,0.46,57,0.15,0,1.99,2.75,0.15,0.15,0.77,0.68,16.68,7.34,0.01,3.83,54.28,8.42,4.44,1.07,1.22,54,1.19,1.34,1.68,25,0.92,25,0.92,0,13.92,13.26,3.06,2.75,0.77,57.16,9.49,68,2.14,78,0,0,0,24.63,72,0.92,20,86,0.92,0.92,26,74,2,60.27,1.22,0.54,0.66,20.66,84,4.96,7.65,1.07,1.07,0,0.31,4.44,5.51,0,29,0.31,40,0.61,17,62,21,10,70,20,14.99,15.1,1.11,115,0.1,16.67,17.39,0,0,0,0,0,,0,0,,0,0,0,0,0,0,32,10,3.61,20,0.03,0.02,0.02,-0.12,,-0.06
Máximo Palazzo,Huracán,Liga Profesional,2026,1259,Left Centre Back,Argentina,21,05/06/05,0,0,0,0.02,0.14,0,50,0,,0.02,0,0.02,0.43,0,0.02,0.43,0,0,0,0,0.02,0.57,-0.02,0.64,0.57,0.07,89,0.43,0,0.5,0.29,0.43,0.61,2.86,3.14,9.58,4.43,0.06,4.79,29.53,11.72,2.14,1.07,1.5,68,1.38,1.99,0.86,45,0.5,51,1.79,0,7.65,9.04,3.29,2.14,1.14,36.02,2.36,31,1.29,60,0.07,0,0,47.6,82,3.57,91,55,3.93,5.43,12,51,-31,40.31,5.86,0.17,0.17,38.09,98,5.65,6.36,0.29,0.21,0.07,0,0.43,0.64,0,75,0.21,43,0.07,30,67,3,45,53,2,21.39,22.23,0.93,81,0.85,19.96,17.96,0,0,0,0,0,,0,0,,0,0,0,0,0,0,21,6,3.45,24,0.09,0.08,0.07,0,,0.24
Nacho Fernández,Gimnasia La Plata,Liga Profesional,2026,2099,Centre Attacking Midfielder,Argentina,36,11/01/90,0.09,0.09,0.1,0.07,1.37,6,38,1,0,0.12,0.13,0.15,1.71,0.09,0.11,1.24,0.04,0.04,0.47,0.21,0.25,3.09,-0.04,1.33,0.99,0.34,74,3.52,0,2.23,2.06,0.86,0.6,1.24,0.9,24.01,12.05,0.01,6.22,45.68,8.79,4.46,1.84,2.7,57,1.17,1.77,1.41,28,1.37,41,0.56,0,20.75,15.41,4.89,4.97,1.29,47.54,8.96,43,3.17,64,0.43,0,0,39.4,75,3.6,84,58,2.02,5.49,21,69,-6,55.9,6.43,0.41,0.49,38.37,91,4.99,12.39,1.76,1.2,0.56,0.21,2.1,3.3,0.09,27,0.51,35,0.26,21,68,11,25,66,10,20.34,17.04,0.97,107,-3.3,19.67,18.21,0,0,0,0,0,,0,0,,0,0,0,0,0,0,26,9,5.87,44,0.07,0.08,0.01,-0.01,,0.15
Nahuel Banegas,Tigre,Liga Profesional,2026,842,Left Back,Argentina,30,05/10/96,0,0,0.06,0.06,1.07,0,40,1,,0.04,0,0.08,1.07,0,0.08,1.07,0,0,0,0,0.14,2.14,-0.14,1.39,0.64,0.75,46,1.28,0,1.18,1.28,0.64,0.39,2.14,1.64,14.53,7.69,0.03,6.3,37.35,10.36,3.21,2.99,3.63,80,2.59,2.98,1.18,53,0.75,62,1.92,0,10.69,9.61,3.95,2.46,0.96,40.21,3.21,30,2.03,83,0.32,0,0,31.95,67,3.95,76,54,2.99,6.52,14,59,-8,51.64,5.66,0.25,0.34,25.54,92,5.1,7.59,1.6,1.28,0.32,0.32,2.78,4.06,0,53,1.18,39,0.32,33,58,9,31,59,10,22.64,18.56,0.95,95,-4.08,21.47,17.63,0,0,0,0,0,,0,0,,0,0,0,0,0,0,36,13,4.25,30,0.17,0.04,-0.01,-0.06,,0.14
Nahuel Barboza,Gimnasia Mendoza,Liga Profesional,2026,757,Left Defensive Midfielder,Argentina,27,15/09/99,0,0,0,0.01,0.12,0,0,0,,0,0,0.02,0.48,0,0.02,0.48,0,0,0,0,0.02,0.59,-0.02,0.24,0.24,0,100,0.83,0,0.48,0.48,1.19,0.88,0.95,0.76,22.47,13.2,0.03,6.78,38.5,11.65,3.69,1.9,3.09,57,1.24,2.12,2.26,33,1.43,42,0.59,0,18.31,13.04,5.47,4.4,1.55,40.81,4.87,27,2.26,51,0.36,0,0,40.77,87,3.69,8,70,1.43,4.76,14,79,-8,43.32,2.73,0.31,0.32,29.96,98,5.18,3.69,0.24,0.24,0,0,0,0.24,0,0,0,,0,23,71,6,29,65,6,21.3,18.87,0.96,97,-2.43,20.51,18.32,0,0,0,0,0,,0,0,,0,0,0,0,0,0,19,9,4.1,36,0.01,0.05,0.06,0,,0.12
Nahuel Barrios,San Lorenzo de Almagro,Liga Profesional,2026,433,Centre Attacking Midfielder,Argentina,28,06/05/98,0,0,0.06,0.07,0.83,0,25,1,,0.13,0.42,0.08,1.46,0.42,0.06,1.04,0,0.02,0.42,0.42,0.14,2.29,0.27,2.7,0.62,2.08,23,3.12,0,3.12,4.78,0.21,0.22,0.21,0.14,20.59,11.44,0,6.66,48.04,7.7,3.95,2.29,2.5,58,1.53,1.75,0.83,22,1.66,20,0.21,0,17.47,13.24,6.03,4.16,1.25,48.75,9.15,52,2.5,60,0.21,0,0,37.23,75,2.7,17,57,0.42,4.58,19,75,0,59.39,6.03,0.35,0.42,42.64,84,7.59,12.27,1.87,1.46,0.42,0,1.46,2.91,0.21,33,0.62,23,0,18,68,14,22,69,8,19.39,16.4,0.93,93,-2.99,17.95,15.21,0,0,0,0,0,,0,0,,0,0,0,0,0,0,28,11,6.18,47,0.04,0.05,0.03,-0.04,,0.08
Nahuel Losada,Lanús,Liga Profesional,2026,2145,Goalkeeper,Argentina,33,16/04/93,0,0,0,,0,,,0,,0,0,0.01,0.04,0,0,0,0,0.01,0.04,0,0.01,0.04,-0.01,0,0,0,,0.08,0,0,0.04,0,0,0,0,0.21,0.08,0,6.84,2.35,3.9,0,0,0,,0,0,0.08,,0,100,0.04,0.04,0.13,0.1,0.04,0,0,4.77,0,0,0,,0.17,0,0,21.73,78,6.04,16,51,2.89,9.02,19,69,-9,12.74,1.22,0.14,0.14,18.92,100,5.05,0.55,0,0,0,0,0,0,0,,0,,0,43,57,0,100,0,0,35.17,37.02,0.8,81,1.85,28.25,30.02,0.88,0.85,-0.03,72,73,-1,0.86,3.19,27,11.91,1.94,0.13,0.13,18.7,0,23,4,1.38,10,0.08,0.08,0.01,,-0.12,0.06
Natanael Guzmán,Aldosivi,Liga Profesional,2026,492,Right Wing,Argentina,27,10/08/99,0,0,0.12,0.1,1.28,0,43,3,,0.11,0,0.01,0.18,0,0.01,0.18,0,0,0,0,0.13,1.46,-0.13,1.83,0.55,1.28,30,1.28,0,1.83,4.21,0.92,0.85,0.55,0.37,14.47,4.03,0.02,5.13,54.02,7.51,5.13,1.1,2.01,55,0.82,1.67,0.73,17,0.92,50,1.46,0,12.63,10.23,3.3,3.3,0.92,56.89,7.14,57,2.75,83,0,0,0,19.23,54,0.92,17,50,0.73,1.65,27,50,-4,61.18,1.65,0.13,0.2,20.87,78,7.37,4.03,1.1,0.37,0.73,0.18,1.83,2.2,0,0,0.37,11,0.37,13,71,15,18,41,41,19.62,13.92,1,112,-5.7,19.61,15.6,0,0,0,0,0,,0,0,,0,0,0,0,0,0,42,5,2.07,17,-0.08,0.09,-0.01,0.02,,0.03
Nazareno Colombo,Racing Club,Liga Profesional,2026,771,Left Centre Back,Argentina,27,19/03/99,0.12,0.12,0.05,0.05,0.93,13,13,0,,0.06,0,0.01,0.35,0,0.01,0.35,0,0,0,0.12,0.06,1.28,0.06,0.23,0.23,0,100,0.93,0,0.12,0,0.58,0.93,4.2,4.79,12.37,6.89,0.03,6.07,35.28,10.97,2.57,1.63,2.22,67,1.98,2.91,1.4,22,0.82,63,1.98,0.12,9.34,12.99,4.09,2.8,0.93,40.91,3.15,34,1.75,63,0.47,0,0,52.41,82,6.77,11,61,5.95,9.34,12,71,-12,39.6,5.6,0.47,0.49,41.43,100,5.66,5.95,0.47,0.47,0,0,1.52,1.98,0.12,25,0.12,25,0,28,70,2,47,51,2,25.67,27.95,0.92,94,2.28,23.56,26.17,0,0,0,0,0,,0,0,,0,0,0,0,0,0,19,6,3.86,26,0.09,0.07,-0.02,-0.04,,0.1
Nehuén Paz,Huracán,Liga Profesional,2026,367,Left Centre Back,Argentina,33,27/04/93,0,0,0.12,0.05,2.21,0,22,0,,0.15,0,0.01,0.25,0,0.01,0.25,0,0,0,0,0.13,2.45,-0.13,0,0,0,,0.25,0,0.25,0.49,0.49,0.72,7.11,9.63,5.15,3.68,0.02,2.45,20.98,14.22,1.72,1.23,1.72,83,0.84,1.56,0.74,0,0.25,81,6.38,0,3.19,3.97,1.23,0.49,0,28.68,0.74,23,0.25,50,0.25,0,0,52.72,81,4.66,81,59,8.34,6.62,17,68,-13,32.96,0.74,0.32,0.4,33.59,99,4.05,1.47,0.49,0.49,0,0.25,5.15,5.64,0,0,0,0,0.49,30,65,5,50,33,17,23.02,23.26,0.93,89,0.25,21.42,20.77,0,0,0,0,0,,0,0,,0,0,0,0,0,0,21,6,2.99,25,0.04,0.04,-0.01,-0.12,,-0.06
Nelson Insfrán,Gimnasia La Plata,Liga Profesional,2026,2270,Goalkeeper,Argentina,31,23/05/95,0,0,0,,0,,,0,,0,0,0,0.04,0,0,0.04,0,0,0,0,0,0.04,0,0,0,0,,0,0,0,0.04,0,0,0,0,0,0,0,7.89,2.28,2.97,0,0,0,,0,0,0,100,0,,0,0,0,0,0,0,0,,0,,0,,0.08,0,0,15.46,66,7.18,12,48,1.86,13.12,11,58,-8,10.8,1.23,0.03,0.03,13.6,100,7.53,0.44,0.04,0,0.04,0,0,0,0,0,0,,0,55,45,0,91,9,0,45.9,46.57,0.8,87,0.67,36.66,40.63,1.07,0.98,-0.09,68,71,-3,1.08,3.33,25,13.16,1.97,0.04,0.04,15.19,-2,32,3,1.05,8,0.08,0.07,,,-0.03,0.12
Nicolas Bolcato,Independiente Rivadavia,Liga Profesional,2026,2137,Goalkeeper,Argentina,22,05/05/04,0,0,0,,0,,,0,,0,0,0,0,0,0,0,0,0,0,0,0,0,0,0.04,0.04,0,100,0.17,0,0,0,0,0,0.04,0.03,0.21,0.21,0,6.86,3.12,3.28,0,0,0,0,0,0,0,0,0.08,50,0.04,0.04,0.21,0.17,0.17,0,0,9.65,0,0,0,,0.04,0,0,13.43,53,6.48,13,37,1.89,15.87,9,32,-20,11.23,1.64,0.08,0.08,11.92,100,6.71,0.55,0,0,0,0,0,0,0,,0,,0,70,30,0,100,0,0,54.28,54.52,0.76,65,0.24,41.05,35.23,0.8,0.82,0.02,72,71,1,0.86,2.86,28,10.06,2,0.04,0.04,16.41,0,44,2,1.31,8,0.11,0.05,,,-0.03,0.13
Nicolás Benegas,Deportivo Riestra,Liga Profesional,2026,840,Centre Forward,Argentina,30,29/02/96,0.11,0.11,0.23,0.08,2.89,4,44,6,,0.19,0,0.09,0.75,0,0.09,0.75,0,0,0,0.11,0.32,3.64,-0.21,2.46,0.75,1.71,30,0.86,0,2.46,5.14,0.32,0.17,0.86,0.56,30.43,11.46,0.03,6.64,60.2,6.43,4.82,1.5,1.82,82,0.83,1,4.07,67,0.32,48,3.32,0,24.86,10.83,5.79,6,1.71,62.37,18.64,75,5.25,88,0.64,0,0,20.14,46,0.43,15,22,1.5,1.29,30,40,-6,65.09,1.61,0.29,0.41,19.82,67,4.82,6.21,0.75,0.75,0,0.54,6,6.75,0.11,0,0.11,33,0.54,25,64,11,16,64,21,17.09,16.33,0.91,85,-0.76,15.51,13.82,0,0,0,0,0,,0,0,,0,0,0,0,0,0,45,6,2.97,29,-0.08,-0.03,0.01,0.02,,-0.08
Nicolás Capraro,Barracas Central,Liga Profesional,2026,1226,Right Centre Back,Argentina,28,02/03/98,0,0,0.01,0.06,0.22,0,67,0,,0.06,0,0.01,0.22,0,0.01,0.22,0,0,0,0,0.02,0.44,-0.02,0.44,0.29,0.15,67,0.51,0,0.37,0.51,0.95,0.38,4.26,1.92,12.84,5.94,0.04,5.43,26.8,8.59,1.54,1.69,2.64,88,0.92,1.3,1.47,50,0.22,50,1.03,0,9.69,4.71,3.23,1.76,0.81,31.71,1.69,17,1.03,58,0.15,0,0,24.73,72,3.08,12,47,5.14,5.65,11,64,-8,38.58,2.64,0.1,0.1,19.23,96,4.67,2.28,0.29,0.22,0.07,0,0.59,0.81,0,25,0.07,50,0.15,42,54,4,39,61,0,25.77,25.08,0.89,89,-0.69,22.96,22.33,0,0,0,0,0,,0,0,,0,0,0,0,0,0,30,8,1.56,15,0.06,0.03,0.1,-0.02,,0.18
Nicolás Cordero,Aldosivi,Liga Profesional,2026,1220,Centre Forward,Argentina,27,10/04/99,0.15,0.15,0.17,0.07,2.36,6,31,4,,0.17,0,0.03,0.66,0,0.03,0.66,0,0,0,0.15,0.2,3.02,-0.05,0.44,0.3,0.15,67,1.03,0,1.03,1.48,0.44,0.24,0.59,0.4,23.6,10.55,0.02,5.09,58.41,4.79,3.02,1.4,1.84,83,0.71,0.95,2.14,33,0.3,54,5.31,0,20.06,10.97,4.28,3.61,1.11,61.1,13.79,69,2.73,76,0,0,0,21.32,65,0.37,10,56,0.66,0.59,38,63,-2,58.62,1.55,0.3,0.37,13.13,88,4.49,4.94,0.22,0.22,0,0.59,5.09,5.31,0.07,33,0.07,33,0.81,15,65,21,16,58,25,15.18,13.59,1.01,100,-1.59,15.34,13.66,0,0,0,0,0,,0,0,,0,0,0,0,0,0,37,10,2.74,24,-0.03,0,0.02,-0.05,,-0.06
Nicolás Demartini,Barracas Central,Liga Profesional,2026,1528,Left Centre Back,Argentina,27,03/11/99,0.06,0.06,0.04,0.18,0.24,25,25,0,,0.03,0.06,0.02,0.18,0.06,0.02,0.18,0,0,0,0.12,0.06,0.41,0.06,0.29,0.24,0.06,80,0.24,0,0.35,0.35,0.82,0.66,3.83,2.63,13.96,6.59,0.03,5.59,27.85,8.77,1.88,1.3,2.12,73,0.77,1.43,1.65,46,0.47,66,1.35,0,11.01,7.39,3.89,2.3,0.65,30.76,1.65,15,0.71,31,0.24,0,0,27.2,74,2.24,84,48,4.95,3.53,15,63,-11,40.71,3.12,0.18,0.18,20.2,97,5.41,3,0.18,0.12,0.06,0.06,0.59,0.71,0,33,0.06,50,0.12,38,59,3,51,47,2,23.14,24.32,0.92,107,1.18,21.27,25.93,0,0,0,0,0,,0,0,,0,0,0,0,0,0,29,9,2.06,18,0.06,0.02,0.08,-0.04,,0.13
Nicolás Fernández,Belgrano,Liga Profesional,2026,1467,Centre Forward,Argentina,30,07/02/96,0.37,0.31,0.38,0.12,3.31,9,41,6,50,0.43,0.18,0.04,0.86,0.18,0.04,0.86,0,0,0,0.49,0.42,4.17,0.07,1.04,0.43,0.61,41,0.86,0,1.29,2.58,0.06,0.07,0.25,0.26,18.71,8.03,0.01,4.29,64.52,4.97,2.94,0.86,0.92,64,0.97,1.05,0.55,11,0.49,20,0.61,0,17.29,18.22,3.93,4.6,1.17,65.86,13.92,80,4.23,92,0.06,0,0,21.34,77,0.92,28,65,0.43,1.23,24,65,-11,60.41,2.21,0.36,0.66,21.04,85,4.31,8.1,0.18,0.18,0,0.43,6.62,6.81,0,0,0,0,0.8,9,67,24,5,68,27,16.23,14.13,1.04,102,-2.11,16.89,14.41,0,0,0,0,0,,0,0,,0,0,0,0,0,0,22,6,3.76,25,-0.08,0.07,0.01,-0.07,,-0.07
Nicolás Figal,Boca Juniors,Liga Profesional,2026,598,Right Centre Back,Argentina,32,02/04/94,0,0,0.05,0.09,0.6,0,25,0,,0.01,0,0.01,0.15,0,0.01,0.15,0,0,0,0,0.07,0.75,-0.07,0,0,0,,0.3,0,0.15,0.15,0.6,0.77,3.76,4.46,6.77,4.52,0.04,4.21,22.3,7.53,0.6,1.81,2.41,86,2.08,2.85,0.15,33,0.3,59,1.96,0,4.82,5.37,2.41,0.9,0.75,26.44,0.3,6,0.15,17,0.15,0,0,48.77,83,5.42,6,53,5.87,8.13,12,61,-23,33.19,2.86,0.41,0.42,41.7,100,4.81,2.41,0,0,0,0,0.9,0.9,0.15,,0,0,0,28,68,4,25,75,0,26.47,29,0.9,86,2.53,23.72,24.92,0,0,0,0,0,,0,0,,0,0,0,0,0,0,18,5,2.53,20,0.05,0.08,0.11,-0.01,,0.23
Nicolás Gaitán,Aldosivi,Liga Profesional,2026,349,Centre Attacking Midfielder,Argentina,38,22/02/88,0.26,0.26,0.1,0.07,1.29,20,20,1,,0.16,0,0.04,1.29,0,0.03,1.03,0,0.01,0.26,0.26,0.13,2.58,0.13,0.77,0.77,0,100,1.03,0,0.77,2.32,1.03,0.89,0,0,15.71,8.24,0.02,4.64,48.99,11.33,6.95,2.32,3.35,82,1.56,2.45,1.29,33,0.52,31,1.03,0,12.1,8.28,3.61,3.86,1.03,53.03,7.21,60,3.61,93,0,0,0,31.93,64,1.8,80,35,0.52,4.64,22,53,-11,56.05,3.61,0.24,0.29,25.24,92,4.45,7.21,1.8,1.8,0,0.26,2.06,3.86,0,29,0.52,29,0.26,19,67,14,21,61,18,18.44,14.72,0.91,125,-3.72,16.8,18.39,0,0,0,0,0,,0,0,,0,0,0,0,0,0,39,12,8.19,46,0.02,0.07,0.02,0.07,,0.19
Nicolás Goitea,Newell's Old Boys,Liga Profesional,2026,1133,Left Centre Back,Argentina,29,10/06/97,0,0,0.01,0.06,0.24,0,33,0,,0,0,0,0.08,0,0,0.08,0,0,0,0,0.02,0.32,-0.02,0.24,0.24,0,100,0.4,0,0.08,0.08,0.79,0.39,6.59,3.84,6.19,3.26,0.05,4.29,20.72,8.18,0.87,0.87,1.67,79,0.43,0.82,0.56,60,0.24,45,1.19,0,4.76,2.73,2.46,0.56,0.16,27.47,0.64,13,0.16,29,0.08,0,0,26.37,74,2.78,15,40,7.78,5.8,11,64,-10,31.8,1.03,0.15,0.16,18.98,99,4.35,0.87,0.16,0,0.16,0.08,0.87,0.87,0,0,0,,0.08,34,64,1,64,36,0,26.45,29.24,0.85,89,2.79,22.45,26.03,0,0,0,0,0,,0,0,,0,0,0,0,0,0,31,10,1.68,15,0.03,0.02,0.06,-0.02,,0.09
Nicolás Guerra,Instituto,Liga Profesional,2026,618,Centre Forward,Chile,27,08/01/99,0.15,0.15,0.43,0.14,3.06,5,24,5,,0.18,0,0.03,0.58,0,0.03,0.58,0,0,0,0.15,0.46,3.64,-0.31,1.31,0.73,0.58,56,1.17,0,1.89,3.21,0.29,0.32,1.02,0.84,20.55,8.45,0.03,3.35,60.69,3.64,2.77,0.73,1.02,56,0.63,0.95,3.21,20,0.58,42,2.19,0,16.61,14.89,3.06,4.37,0.87,62.81,11.66,70,4.08,93,0.58,0,0,14.14,78,0,12,,1.02,0,19,55,-23,66.74,1.6,0.55,0.67,16.47,76,4.26,6.41,0.29,0.29,0,0.29,8.31,8.6,0,0,0.29,50,0.87,11,66,22,9,64,27,13.67,9.06,1.08,125,-4.6,14.72,11.3,0,0,0,0,0,,0,0,,0,0,0,0,0,0,32,12,2.86,14,0.01,0.05,0.11,-0.18,,-0.01
Nicolás Laméndola,Atlético Tucumán,Liga Profesional,2026,1794,Left Midfielder,Argentina,28,11/12/98,0.05,0.05,0.08,0.08,1.05,5,33,2,,0.09,0.05,0.12,1.3,0.05,0.09,1,0,0.02,0.3,0.1,0.2,2.36,-0.1,4.67,3.06,1.61,66,1.71,0.1,3.26,4.32,0.6,0.25,0.75,0.4,17.96,7.48,0.01,5.12,50,7.18,4.06,1.96,2.56,72,1.23,1.48,1.51,35,0.75,32,0.45,0,14.6,10.49,3.96,4.37,1.41,50.8,6.82,47,3.36,77,0.3,0,0,27.65,62,1.51,12,39,1.1,3.51,22,62,0,61.6,4.52,0.28,0.38,32.42,81,6.67,9.13,1.76,1.15,0.6,0.15,1.81,2.96,0.2,31,0.75,28,0.25,26,64,10,32,56,12,18.53,16.83,0.92,90,-1.69,17,15.11,0,0,0,0,0,,0,0,,0,0,0,0,0,0,32,9,6.03,40,0.1,0.1,-0.02,-0.03,,0.15
Nicolás Linares,Gimnasia Mendoza,Liga Profesional,2026,715,Left Defensive Midfielder,Argentina,30,05/03/96,0,0,0.01,0.03,0.38,0,67,1,,0.01,0,0,0.13,0,0,0.13,0,0,0,0,0.01,0.5,-0.01,0.38,0.38,0,100,0.13,0,0.76,0.13,1.38,0.9,2.01,1.25,21.9,12.33,0.03,7.93,38.82,12.33,4.4,1.76,3.15,61,0.91,1.8,2.27,38,1.13,43,1.13,0,17.87,11.23,6.04,5.03,1.13,41.66,5.66,32,2.39,48,0.25,0,0,30.08,76,1.38,10,48,2.64,2.27,16,74,-2,42.46,1.13,0.03,0.04,18.75,97,3.6,1.76,0,0,0,0,0.25,0.25,0.13,,0,0,0,24,71,5,29,71,0,19.61,19.67,0.95,95,0.06,18.72,18.78,0,0,0,0,0,,0,0,,0,0,0,0,0,0,22,9,1.42,15,0.01,0.04,0.07,-0.01,,0.11
Nicolás Meriano,Banfield,Liga Profesional,2026,1590,Left Centre Back,Argentina,26,08/11/00,0,0,0.05,0.08,0.62,0,36,0,,0.07,0,0.04,0.4,0,0.04,0.4,0,0,0,0,0.1,1.02,-0.1,0,0,0,,0.23,0,0.17,0.23,1.87,1.09,4.81,3.02,15.17,7.13,0.05,7.3,25.67,10.53,1.64,1.53,3.4,90,0.99,2.08,0.79,67,0.17,60,2.15,0,12.85,8,5.09,2.43,1.02,29.39,1.59,12,0.91,37,0.23,0.06,0.06,30,71,4.59,85,49,6.34,7.87,16,66,-5,38.34,3.62,0.23,0.29,20.78,98,6.7,3.74,0.4,0.34,0.06,0.11,1.08,1.42,0.11,14,0.06,100,0.17,44,54,2,65,33,2,28.35,27.68,0.88,98,-0.67,25.08,27.08,0,0,0,0,0,,0,0,,0,0,0,0,0,0,26,6,2.2,15,0.09,0.04,0.03,-0.02,,0.14
Nicolás Oroz,Argentinos Juniors,Liga Profesional,2026,1945,Left Centre Midfielder,Argentina,32,31/03/94,0.09,0.05,0.03,0.05,0.69,7,27,0,100,0.04,0.19,0.14,1.71,0.09,0.07,0.79,0.09,0.07,0.93,0.23,0.18,2.41,0.05,1.39,1.02,0.37,73,0.88,0,2.04,1.16,0.74,1.04,0.65,0.93,14.12,7.31,0.02,5.23,48.3,11.76,5.55,1.76,2.5,67,2.58,3.62,0.69,25,0.88,50,0.56,0,11.66,17.1,4.07,3.89,1.62,50.9,6.29,54,2.64,68,0.05,0,0,47.4,84,5.97,83,71,1.48,7.59,14,87,3,52.32,4.95,0.45,0.51,42.44,93,4.56,9.58,1.99,0.93,1.06,0.09,1.3,2.22,0.09,21,0.6,46,0.19,18,68,14,25,66,9,21.29,18.58,0.97,97,-2.71,20.62,18.07,0,0,0,0,0,,0,0,,0,0,0,0,0,0,18,8,6.72,46,0.1,0.06,0.04,-0.02,,0.18
Nicolás Otamendi,River Plate,Liga Profesional,2026,690,Left Centre Back,Argentina,38,11/02/88,0,0,0.05,0.05,0.91,0,14,0,,0.01,0,0,0,0,0,0,0,0,0,0,0.05,0.91,-0.05,0,0,0,,0.78,0,0.26,0.39,0.78,1.33,4.43,6.71,8.48,4.96,0,5.35,28.73,14.22,1.83,1.57,2.35,75,2.11,3.44,1.3,20,0.52,76,4.04,0.26,5.87,8.22,3.13,2.09,0.91,36.83,1.43,24,0.52,25,0.13,0,0,64.95,90,7.3,12,76,5.22,8.87,15,76,-14,38.78,5.35,0.28,0.3,49.82,99,6.98,5.35,0.13,0.13,0,0,1.83,1.96,0,0,0,,0.13,23,75,2,22,78,0,22.63,19.54,0.98,100,-3.09,22.12,19.57,0,0,0,0,0,,0,0,,0,0,0,0,0,0,14,7,3.51,21,0.03,0.07,-0.12,-0.05,,-0.06
Nicolás Pasquini,CA Sarmiento,Liga Profesional,2026,472,Left Back,Argentina,35,01/01/91,0.19,0.19,0.08,0.2,0.38,50,50,0,,0.19,0,0.04,0.19,0,0.04,0.19,0,0,0,0.19,0.12,0.57,0.07,0,0,0,,0,0,0,0.38,0.57,0.41,1.91,1.63,10.11,4.58,0,3.24,33.51,4.96,1.34,0.95,1.53,71,0.66,1.07,0.19,50,0.38,14,0.19,0,8.97,7.1,2.86,3.24,1.14,38.14,1.72,19,0.95,29,0,0,0,25.95,73,1.91,92,38,2.1,4.77,7,50,-23,45.75,1.91,0.33,0.36,20.42,98,3.28,3.82,0.57,0.38,0.19,0,1.14,1.53,0,33,0.19,33,0,38,50,13,10,65,25,20.24,19.32,0.9,113,-0.91,18.13,21.93,0,0,0,0,0,,0,0,,0,0,0,0,0,0,36,13,2.04,18,0.07,0.08,0.01,0.03,,0.19
Nicolás Sansotre,Deportivo Riestra,Liga Profesional,2026,1998,Right Wing Back,Argentina,33,07/09/93,0,0,0.01,0.08,0.14,0,0,0,,0,0.05,0.05,0.68,0.05,0.05,0.68,0,0,0,0.05,0.06,0.81,-0.02,0.05,0.05,0,100,0.05,0,0.32,0.36,0.77,0.49,3.2,1.41,10.81,5.09,0.01,3.92,34,8.42,3.74,1.08,1.85,71,0.45,0.94,0.54,56,0.45,72,1.76,0,9.23,4.97,2.7,2.34,0.81,40.56,3.15,34,1.62,69,0.05,0,0,19.41,57,1.49,19,31,3.51,4.55,17,52,-5,51.31,2.61,0.16,0.18,12.25,96,3.96,4.91,1.08,1.04,0.05,0.09,0.68,1.71,0.05,17,0.27,29,0.18,38,54,9,25,67,8,24.11,18.56,0.87,96,-5.55,20.87,17.76,0,0,0,0,0,,0,0,,0,0,0,0,0,0,41,9,2.21,21,0.07,0.03,0.04,0,,0.14
Nicolás Schelotto,Gimnasia La Plata,Liga Profesional,2026,1470,Left Centre Midfielder,Argentina,20,21/09/06,0.24,0.24,0.04,0.03,1.22,20,50,0,,0.03,0.12,0.17,1.9,0,0.09,0.8,0.12,0.08,1.1,0.37,0.2,3.12,0.16,0.98,0.55,0.43,56,1.96,0,1.29,2.2,0.67,0.74,0.8,0.75,21.98,11.14,0,7.59,43.32,8.94,3.98,1.53,2.2,60,1.35,2.09,1.47,41,1.04,56,0.61,0.12,18.98,16,6,3.92,1.59,44.91,6.86,36,2.08,53,0.37,0,0,44.02,73,6.49,81,54,1.1,11.75,12,70,-2,51.47,5.75,0.34,0.41,35.14,93,3.49,9.49,2.63,0.86,1.78,0.06,0.55,1.41,0.12,23,0.67,39,0.06,21,72,7,27,66,6,24.16,16.51,0.92,108,-7.65,22.3,17.77,0,0,0,0,0,,0,0,,0,0,0,0,0,0,25,7,6.64,53,0.07,0.03,0.04,-0.03,,0.11
Nicolás Talpone,AA Estudiantes Río Cuarto,Liga Profesional,2026,1210,Right Centre Midfielder,Argentina,30,08/04/96,0,0,0.07,0.06,1.26,0,24,1,,0.05,0,0.11,1.49,0,0.09,1.04,0,0.02,0.45,0,0.18,2.75,-0.18,1.56,0.74,0.82,48,0.89,0,1.49,1.34,0.45,0.32,1.19,0.93,21.65,11.9,0.03,7.14,47.45,9.82,4.54,1.64,2.08,69,1.32,1.65,1.12,33,0.74,21,0.22,0.07,18.97,13.72,5.73,4.61,2.45,50.3,9.82,52,2.68,58,0.07,0,0,40.17,79,2.9,11,64,1.64,4.09,20,77,-2,55.3,6.1,0.22,0.3,35.11,93,5.48,10.86,1.26,0.89,0.37,0.22,1.19,2.08,0.07,29,0.52,44,0.15,18,70,12,18,75,8,19.05,16.75,0.98,108,-2.3,18.62,18.13,0,0,0,0,0,,0,0,,0,0,0,0,0,0,25,12,4.14,39,0.08,0.09,-0.02,-0.02,,0.12
Nicolás Tripichio,San Lorenzo de Almagro,Liga Profesional,2026,2243,Left Defensive Midfielder,Argentina,30,04/01/96,0,0,0.09,0.09,0.96,0,17,1,,0.02,0,0.03,0.6,0,0.03,0.56,0,0,0.04,0,0.11,1.56,-0.11,1.73,1.24,0.48,72,1.6,0,1.69,1.89,1.24,1.09,1.16,1.02,22.75,10.75,0.02,8.51,41.93,12,5.66,2.69,3.93,71,2.64,3.73,1.69,40,1.12,59,1.81,0,18.46,17.39,6.66,5.46,2.33,43.89,6.78,37,3.09,57,0.28,0,0,41.85,82,2.61,13,63,1.81,3.49,18,79,-3,49.84,5.22,0.27,0.32,39.2,92,6.61,8.31,0.44,0.32,0.12,0.12,1.93,2.25,0.08,45,0.28,39,0.12,21,68,11,29,65,7,18.74,16.71,0.97,100,-2.03,18.17,16.77,0,0,0,0,0,,0,0,,0,0,0,0,0,0,22,9,3,26,0.02,0.09,0.08,-0.03,,0.16
Nicolás Watson,Deportivo Riestra,Liga Profesional,2026,1032,Right Defensive Midfielder,Argentina,28,21/05/98,0,0,0.01,0.03,0.35,0,25,1,,0,0.09,0.07,0.87,0.09,0.07,0.7,0,0.01,0.17,0.09,0.08,1.22,0.01,0.35,0.17,0.17,50,2.7,0,1.31,0.96,1.05,0.49,1.74,0.84,27.74,14.91,0.01,8.11,43.4,15.87,9.68,3.14,4.19,69,1.33,1.82,2.97,43,1.4,56,1.92,0,21.81,8.45,6.19,5.41,1.48,44.17,8.63,40,3.92,73,0.44,0,0,30.96,61,1.05,4,35,2.01,2.7,20,57,-4,56.04,3.58,0.07,0.13,20.24,91,5.23,7.94,1.57,1.48,0.09,0.09,0.26,1.74,0.09,22,0.44,42,0.35,37,56,7,42,52,7,18.44,14.45,0.92,100,-3.99,16.98,14.45,0,0,0,0,0,,0,0,,0,0,0,0,0,0,41,13,2.71,26,0.09,0.07,-0.02,-0.01,,0.13
Nicolás Zalazar,Aldosivi,Liga Profesional,2026,1849,Right Centre Back,Argentina,29,28/01/97,0,0,0.03,0.04,0.78,0,19,0,,0.01,0.05,0.02,0.49,0.05,0.02,0.49,0,0,0,0.05,0.05,1.27,0,0.39,0.29,0.1,75,0.63,0,0.15,0.44,1.07,0.89,5.31,3.12,10.22,5.01,0.06,6.04,22.1,11.98,1.75,1.7,2.78,80,1.25,2.13,0.93,58,0.44,66,2.92,0.05,7.59,4.97,3.36,1.36,0.49,27.56,0.78,10,0.44,32,0.05,0.05,0,35.83,75,4.97,24,56,6.62,7.55,15,57,-17,37.87,3.94,0.15,0.17,25.85,98,7.01,4.43,0.39,0.39,0,0.05,1.31,1.7,0,25,0.1,50,0.1,34,63,3,41,58,1,26.39,23.8,0.95,99,-2.59,24.99,23.47,0,0,0,0,0,,0,0,,0,0,0,0,0,0,27,8,2.91,25,0.08,0.06,-0.05,-0.03,,0.05
Norberto Briasco,Barracas Central,Liga Profesional,2026,783,Right Centre Forward,Armenia,30,28/02/96,0.11,0.11,0.11,0.05,2.07,6,39,3,,0.18,0,0.07,0.69,0,0.07,0.57,0,0,0.11,0.11,0.18,2.76,-0.06,1.84,0.69,1.15,38,1.72,0.11,2.41,3.91,0.11,0.02,0.69,0.55,21.95,10,0.01,4.37,50.8,5.86,4.02,1.15,1.26,77,0.57,0.59,2.53,0,0.34,32,2.18,0,18.27,9.39,4.14,4.71,1.72,52.86,9.19,50,3.33,71,0.46,0,0,25.28,67,0.69,16,55,1.03,0.92,34,62,-5,64.71,1.72,0.24,0.35,25.16,80,6.44,8.16,1.03,1.03,0,0.23,3.56,4.6,0.23,44,0.57,31,0.34,13,68,19,10,69,21,14.62,13.1,1.01,110,-1.52,14.79,14.42,0,0,0,0,0,,0,0,,0,0,0,0,0,0,26,7,2.65,20,-0.03,0,-0.01,0.07,,0.04
Néstor Breitenbruch,Aldosivi,Liga Profesional,2026,780,Right Centre Back,Argentina,31,12/09/95,0,0,0.01,0.03,0.23,0,0,0,,0,0,0.01,0.35,0,0.01,0.35,0,0,0,0,0.02,0.58,-0.02,0,0,0,,0.35,0,0.23,0.12,0.46,0.32,5.89,3.4,17.43,9.81,0.05,10.39,26.4,6.58,1.15,2.89,3.35,89,1.09,1.41,0.35,73,0.35,73,2.19,0.23,14.2,6.6,7.04,2.42,1.15,29.31,2.42,17,0.81,33,0.12,0,0,26.08,70,4.62,6,54,8.19,6.23,20,51,-19,39.63,3.92,0.23,0.24,18.81,99,5.5,3.81,0.81,0.81,0,0.12,0.81,1.62,0,29,0.23,100,0.12,44,50,6,33,61,6,28.27,30.83,0.9,90,2.56,25.46,27.71,0,0,0,0,0,,0,0,,0,0,0,0,0,0,30,6,2.74,23,0.09,0.03,0.07,-0.01,,0.17
Orlando Gill,San Lorenzo de Almagro,Liga Profesional,2026,1866,Goalkeeper,Paraguay,26,10/06/00,0,0,0,,0,,,0,,0,0,0,0.14,0,0,0.1,0,0,0.05,0,0,0.14,0,0,0,0,,0.19,0,0,0,0,0,0,0,0.05,0.1,0,7.14,2.39,3.42,0,0,0,0,0,0,0,0,0.14,,0,0.05,0.05,0.03,0,0,0,10.31,0,0,0,,0.05,0,0.05,15.58,56,6.46,71,36,1.54,16.4,8,44,-12,11.02,1.4,0.04,0.04,13.6,100,6.75,0.58,0,0,0,0,0,0,0,,0,,0,62,38,0,92,8,0,51.79,46.84,0.72,73,-4.95,37.34,34.13,0.77,1.02,0.25,78,71,7,1.02,3.57,29,12.4,1.68,0.05,0.05,16.81,0,39,3,1.47,13,0.13,0.07,,,0.36,0.57
Oscar Salomón,Newell's Old Boys,Liga Profesional,2026,564,Left Centre Back,Argentina,27,21/03/99,0.32,0.32,0.1,0.08,1.28,25,63,0,,0.34,0,0.01,0.32,0,0.01,0.32,0,0,0,0.32,0.11,1.6,0.21,0,0,0,,1.12,0,0.64,0.16,0.48,0.68,5.74,4.92,11.01,6.06,0.06,5.26,22.61,11.32,0.96,2.39,2.87,75,2.65,3.33,0.96,38,0.8,69,4.31,0.16,7.82,6.72,3.03,1.44,0.64,25.39,0.32,4,0,0,0.32,0,0,32.38,79,3.03,23,59,6.7,4.15,15,59,-21,33.27,0.96,0.24,0.29,21.37,97,3.23,1.6,0,0,0,0.32,3.83,3.83,0,,0.16,100,0.48,23,75,2,30,60,10,23.26,21.74,0.95,85,-1.52,22.01,18.49,0,0,0,0,0,,0,0,,0,0,0,0,0,0,22,9,2.47,19,0.03,0.04,-0.06,0.14,,0.15
Pablo Ferreira,CA Platense,Liga Profesional,2026,664,Right Defensive Midfielder,Argentina,22,22/10/04,0,0,0.07,0.06,1.08,0,13,1,,0.01,0,0.03,0.81,0,0.03,0.81,0,0,0,0,0.1,1.9,-0.1,1.22,0.81,0.41,67,0.95,0,0.68,0.81,1.9,1.78,0.68,0.34,23.05,12.07,0.03,9.76,42.17,15.73,8.14,2.98,4.88,81,2.6,4.39,1.76,29,0.68,40,0.81,0,18.44,16.07,7.73,4.48,1.9,45.28,8.14,44,2.58,58,0.14,0.14,0,40.41,80,3.8,12,76,1.08,4.61,15,76,-4,48.43,5.42,0.19,0.26,31.87,96,4.01,8.27,0.27,0.27,0,0,0.41,0.68,0,50,0.14,25,0,20,70,10,25,66,10,20.28,16.63,1.01,104,-3.65,20.58,17.23,0,0,0,0,0,,0,0,,0,0,0,0,0,0,24,9,3.93,26,0.03,0.09,0.11,-0.04,,0.18
Pablo Magnin,CA Sarmiento,Liga Profesional,2026,398,Left Centre Forward,Argentina,36,24/04/90,0.23,0.23,0.14,0.2,0.68,33,67,1,,0.12,0.23,0.07,0.45,0.23,0.07,0.45,0,0,0,0.45,0.21,1.13,0.25,0.23,0.23,0,100,1.36,0,2.26,1.58,0.68,0.56,0.45,0.51,14.25,6.33,0,4.3,60.35,4.3,2.71,0.45,1.13,50,0.55,1.1,1.13,0,0.45,44,1.58,0,12.67,10.64,4.07,3.85,1.81,63.57,10.18,80,3.39,88,0,0,0,15.38,72,0.9,10,80,0.9,0.68,33,62,-11,54.22,1.36,0.35,0.4,13.35,76,4.39,3.17,0.23,0.23,0,0.23,1.36,1.58,0.23,0,0,,0.23,11,57,32,7,64,29,14.61,13.65,0.97,104,-0.96,14.12,14.14,0,0,0,0,0,,0,0,,0,0,0,0,0,0,24,9,2.28,19,0.07,0.01,0.01,-0.04,,0.04
Pablo Monje,Deportivo Riestra,Liga Profesional,2026,1470,Centre Defensive Midfielder,Argentina,29,05/02/97,0,0,0.01,0.03,0.31,0,0,0,,0,0,0.14,1.35,0,0.06,0.49,0,0.08,0.86,0,0.15,1.65,-0.15,0.37,0.06,0.31,17,0.37,0,0.55,0.8,1.22,0.6,2.39,0.76,23.39,11.82,0,7.16,41.42,13.59,7.96,1.47,2.69,67,0.75,1.35,1.04,47,0.73,60,1.29,0,20.88,9.86,5.94,5.14,1.29,42.66,7.29,35,3.37,65,0.06,0,0,26.63,52,2.76,16,35,3.06,7.16,14,49,-3,57.86,3.92,0.21,0.26,15.74,93,4.9,6.25,2.51,0.86,1.65,0.12,0.37,1.22,0.24,22,0.55,16,0.18,30,62,7,31,63,6,23.89,19.94,0.9,92,-3.96,21.47,18.44,0,0,0,0,0,,0,0,,0,0,0,0,0,0,45,8,5.27,49,0.23,0.05,0.03,-0.01,,0.31
Pedro Ramírez,Deportivo Riestra,Liga Profesional,2026,1221,Left Wing Back,Argentina,26,03/04/00,0.07,0.07,0.08,0.07,1.11,7,13,2,,0.05,0,0.03,0.59,0,0.02,0.52,0,0,0.07,0.07,0.1,1.69,-0.03,1.92,0.96,0.96,50,0.74,0,1.92,1.84,1.33,0.64,1.92,0.93,19.6,8.99,0.02,6.34,37.31,13.49,6.56,2.06,3.39,68,1.2,1.84,1.47,47,0.96,33,0.74,0,16.06,8.07,4.05,3.76,0.96,41.56,5.75,36,2.51,67,0.15,0,0,20.26,55,2.14,23,37,2.28,5.45,16,66,11,52.71,3.46,0.15,0.2,18.35,81,5.59,5.53,1.18,1.03,0.15,0.22,1.99,3.02,0,25,0.29,29,0.22,39,54,7,35,53,12,23.58,17.37,0.88,97,-6.21,20.74,16.77,0,0,0,0,0,,0,0,,0,0,0,0,0,0,45,11,2.28,22,0.08,0.06,0.03,-0.02,,0.15
Pedro Silva Torrejón,Gimnasia La Plata,Liga Profesional,2026,2368,Left Back,Argentina,29,24/01/97,0,0,0.04,0.07,0.61,0,25,1,,0.01,0.11,0.1,0.76,0.11,0.09,0.72,0,0.01,0.04,0.11,0.14,1.37,-0.03,0.84,0.49,0.34,59,1.18,0.04,0.99,1.06,0.84,0.48,2.51,1.95,13.72,6.5,0.03,5.51,34.95,8.74,3.08,1.6,2.43,71,1.3,1.77,0.49,38,0.65,62,1.18,0,11.63,9.43,3.88,3.15,1.14,41.46,4.18,36,2.24,71,0.04,0,0,31.96,74,1.79,81,41,3,3.91,14,67,-7,52.07,3.88,0.17,0.31,27.28,93,4.45,7.37,0.95,0.72,0.23,0.19,1.52,2.24,0,60,0.72,40,0.27,33,57,10,33,54,13,19.39,16.61,0.89,95,-2.78,17.27,15.85,0,0,0,0,0,,0,0,,0,0,0,0,0,0,29,13,3.37,25,0.12,0.08,0.08,-0.04,,0.25
Pol Fernández,Rosario Central,Liga Profesional,2026,738,Centre Attacking Midfielder,Argentina,35,10/10/91,0,0,0.05,0.09,0.61,0,40,1,,0.08,0.12,0.11,1.83,0.12,0.1,1.59,0,0.01,0.24,0.12,0.16,2.44,-0.04,1.1,0.98,0.12,89,0.61,0,1.59,1.46,1.71,2.35,0.73,1.13,11.1,5.85,0.01,4.39,46.08,10.86,4.88,0.61,2.32,56,0.88,3.22,0.85,57,0.49,38,0.61,0.12,9.64,13.84,3.05,3.66,1.22,49.13,4.51,47,2.44,67,0.24,0,0,56.84,89,4.39,21,88,1.22,4.51,17,79,-10,50.22,5.61,0.48,0.54,48.06,95,4.36,10.86,0.61,0.24,0.37,0.37,1.71,1.95,0.12,0,0.12,33,0.61,15,73,12,15,76,9,18.32,15.92,1,110,-2.4,18.38,17.55,0,0,0,0,0,,0,0,,0,0,0,0,0,0,15,8,7.12,51,-0.03,0.05,0.01,0.03,,0.08
Rafael Barrios,Barracas Central,Liga Profesional,2026,1109,Right Wing Back,Argentina,33,22/05/93,0,0,0,0.01,0.08,0,0,0,,0,0,0.02,0.41,0,0.02,0.41,0,0,0,0,0.02,0.49,-0.02,1.06,0.41,0.65,38,0.81,0,1.3,1.62,1.46,1.05,1.79,1.53,18.35,8.44,0,6.74,34.93,9.09,3.33,2.11,3.57,70,1.64,2.69,2.19,31,0.89,53,0.81,0,14.21,9.02,4.63,3.65,1.7,38.49,4.38,31,2.68,73,0.16,0,0,30.03,65,2.11,29,37,2.35,5.2,17,62,-2,51.49,3.41,0.1,0.12,26.71,89,5.15,5.6,1.14,0.32,0.81,0,0.32,0.65,0,36,0.49,24,0,31,61,8,29,65,6,21.4,18.57,0.93,106,-2.84,19.94,19.6,0,0,0,0,0,,0,0,,0,0,0,0,0,0,38,12,3.59,33,0.12,0.07,0.03,0,,0.22
Rafael Borré,River Plate,Liga Profesional,2026,314,Centre Forward,Colombia,31,14/09/95,0,0,0.11,0.13,0.86,0,33,2,,0,0,0.09,0.86,0,0.09,0.86,0,0,0,0,0.2,1.72,-0.2,0.57,0.29,0.29,50,1.43,0,1.15,2.01,0,0,0.29,0.37,16.93,4.59,0,6.31,67.02,4.59,3.73,1.15,1.15,67,2.12,2.12,2.01,0,0.57,44,2.3,0,13.78,20.73,5.74,4.88,2.3,67.15,12.05,88,4.88,100,0,0,0,18.94,79,0,9,0,0.57,0,44,71,-8,65.88,2.87,0.25,0.32,18.08,86,5.26,9.47,0.57,0.57,0,0.57,4.59,5.17,0.29,50,0.29,50,1.43,11,63,25,9,67,24,14.41,14.45,1,92,0.04,14.44,13.23,0,0,0,0,0,,0,0,,0,0,0,0,0,0,21,8,3.73,19,-0.02,-0.05,0.01,-0.08,,-0.14
Rafael Profini,Unión,Liga Profesional,2026,1575,Left Defensive Midfielder,Argentina,23,08/09/03,0.06,0.06,0.05,0.07,0.74,8,31,1,,0.09,0.17,0.07,1.37,0.17,0.07,1.37,0,0,0,0.23,0.12,2.11,0.11,1.03,0.86,0.17,83,1.09,0.06,1.26,1.31,0.74,0.72,1.09,0.94,19.32,9.66,0.02,6.74,44.2,12.29,6,1.43,2.17,54,1.31,2.03,0.91,28,1.2,33,0.63,0.06,17.03,15.69,5.37,5.2,2.17,46.25,7.2,42,3.32,64,0.06,0,0,38.87,85,3.6,16,88,1.6,3.6,19,81,-4,52.23,5.54,0.41,0.45,31.04,93,4.05,10.4,0.69,0.69,0,0.23,1.03,1.71,0,17,0.11,40,0.29,17,73,10,20,75,4,18.99,16.58,1.03,110,-2.41,19.6,18.21,0,0,0,0,0,,0,0,,0,0,0,0,0,0,21,10,6.44,36,0.03,0.13,0.02,0,,0.18
Ramiro Carrera,Lanús,Liga Profesional,2026,1409,Left Wing,Argentina,33,23/10/93,0.13,0.13,0.19,0.07,2.56,5,25,4,,0.18,0.26,0.15,1.09,0.26,0.15,1.09,0,0,0,0.38,0.34,3.64,0.04,0.83,0.51,0.32,62,1.34,0.06,1.53,2.11,1.02,1.02,0.58,0.58,19.55,9.01,0.03,5.43,57.17,5.94,3.83,1.73,2.75,71,1.89,2.92,1.73,39,0.7,52,3,0,16.1,15.69,4.73,4.15,0.96,59.82,11.18,69,3.45,83,0.58,0.06,0,29.39,65,1.28,19,47,1.41,1.92,30,59,-6,58.26,3,0.59,0.73,23.7,87,4.09,8.18,0.58,0.58,0,0.26,5.49,6.07,0.13,11,0.13,18,0.64,23,64,13,23,65,13,17.82,17.45,0.98,102,-0.37,17.47,17.79,0,0,0,0,0,,0,0,,0,0,0,0,0,0,38,10,4.58,33,-0.02,0.05,0.03,0.02,,0.08
Ramiro Hernandes,Belgrano,Liga Profesional,2026,1204,Left Defensive Midfielder,Argentina,22,18/11/04,0.22,0.22,0.15,0.09,1.57,14,24,1,,0.12,0.15,0.1,1.57,0.15,0.1,1.57,0,0,0,0.37,0.25,3.14,0.13,2.84,1.57,1.27,55,1.2,0,3.29,2.99,0.82,0.89,0.82,0.99,19.36,8.9,0,6.06,46.78,12.78,6.5,2.17,2.99,73,2.21,3.1,1.27,53,0.82,42,0.75,0,15.92,17.01,4.49,4.26,1.27,47.5,7.25,46,2.99,70,0.3,0,0,46.2,79,1.64,18,61,1.05,2.47,18,68,-12,57.79,6.35,0.49,0.62,45.9,88,5.93,16.75,1.72,1.64,0.07,0.45,3.07,4.71,0.15,26,0.67,53,0.45,22,66,12,23,63,14,16.55,14.62,1,104,-1.93,16.56,15.23,0,0,0,0,0,,0,0,,0,0,0,0,0,0,23,10,6.33,42,0.05,0.07,0.07,0,,0.19
Ramiro Mori,Estudiantes,Liga Profesional,2026,474,Left Centre Back,Argentina,35,04/03/91,0,0,0.02,0.1,0.19,0,0,0,,0,0,0,0,0,0,0,0,0,0,0,0.02,0.19,-0.02,0,0,0,,0.76,0,0.19,0.19,0.76,0.99,4.18,4.1,9.69,4.75,0.04,6.27,26.56,12.73,1.14,1.33,2.09,88,1.81,2.8,0.76,67,0.19,53,3.61,0.19,7.6,9.79,3.61,1.52,0.57,34.1,2.09,28,0.38,25,0.19,0,0,49.78,82,4.94,56,52,5.7,7.98,13,49,-33,35.88,1.33,0.17,0.17,38.57,99,5.57,1.33,0,0,0,0,0.38,0.38,0,,0,,0,27,71,2,43,43,14,24.07,22.58,0.91,81,-1.49,21.86,18.32,0,0,0,0,0,,0,0,,0,0,0,0,0,0,23,9,2.89,25,-0.02,0.05,0.03,-0.02,,0.04
Ramiro Ruiz Rodríguez,Atlético Tucumán,Liga Profesional,2026,505,Left Midfielder,Argentina,26,20/03/00,0.18,0.18,0.33,0.13,2.49,7,21,5,,0.2,0.18,0.07,0.71,0.18,0.07,0.71,0,0,0,0.36,0.39,3.21,-0.04,1.96,1.07,0.89,55,0.71,0,1.6,3.74,1.25,0.57,0.36,0.32,14.07,4.99,0,4.81,52.22,5.88,3.21,0.71,1.96,80,0.76,1.33,1.07,50,0.18,66,3.38,0,12.29,9.9,4.1,2.49,0.89,55.9,7.48,61,2.14,86,0,0,0,24.4,54,0.36,18,17,0.53,1.96,21,43,-10,61.63,1.07,0.28,0.56,20.3,82,5.51,6.41,0.71,0.71,0,0,6.59,7.3,0,0,0.18,10,0.71,17,74,9,8,89,3,16.77,16.07,0.88,78,-0.7,14.72,12.56,0,0,0,0,0,,0,0,,0,0,0,0,0,0,34,9,3.49,26,-0.03,0.01,-0.01,-0.06,,-0.09
Ramón Arias,Tigre,Liga Profesional,2026,336,Right Back,Uruguay,34,26/07/92,0,0,0.02,0.06,0.27,0,0,0,,0,0,0.16,0.8,0,0.16,0.8,0,0,0,0,0.18,1.07,-0.18,0,0,0,,0.8,0,0.27,0,1.87,1.76,6.16,5.43,12.58,7.23,0.02,7.5,28.72,10.98,2.14,1.61,3.48,60,1.54,3.3,1.07,50,1.07,70,4.28,0,9.91,9.39,4.28,2.41,1.07,33.48,1.87,19,0.8,33,0,0,0,27.04,65,1.87,15,32,7.5,4.55,17,35,-30,43.1,2.14,0.29,0.42,13.65,98,5.86,2.94,0.54,0.54,0,0.27,1.07,1.61,0,100,0.54,40,0.54,33,64,3,9,91,0,24.58,24.58,0.88,89,0,21.68,21.84,0,0,0,0,0,,0,0,,0,0,0,0,0,0,34,5,4.18,28,0.13,0.03,0.04,-0.02,,0.17
Raúl Lozano,AA Estudiantes Río Cuarto,Liga Profesional,2026,556,Right Back,Argentina,29,01/09/97,0,0,0.02,0.03,0.81,0,0,1,,0,0.16,0.14,1.13,0.16,0.11,0.97,0,0.03,0.16,0.16,0.16,1.94,0,1.62,1.46,0.16,90,0.65,0,0.97,0.65,0.49,0.37,2.43,2.87,13.1,5.18,0.01,4.53,33.69,11.48,4.2,1.62,2.1,53,1.59,1.95,1.62,25,1.46,40,0.65,0,10.03,11.2,2.91,2.1,0.65,39.94,3.07,31,1.94,92,0,0,0,42.37,76,2.75,9,44,3.4,5.34,12,77,1,54.66,5.82,0.19,0.27,36.39,96,4.39,12.78,2.1,1.94,0.16,0,0.49,2.43,0,46,1.13,41,0,33,58,9,28,61,11,19.52,17.75,0.89,102,-1.77,17.38,18.12,0,0,0,0,0,,0,0,,0,0,0,0,0,0,30,13,4.61,35,0.25,0.08,0.08,-0.03,,0.38
Renzo Bacchia,AA Estudiantes Río Cuarto,Liga Profesional,2026,486,Goalkeeper,Uruguay,27,22/01/99,0,0,0,,0,,,0,,0,0,0.01,0.19,0,0,0,0,0.01,0.19,0,0.01,0.19,-0.01,0.19,0.19,0,100,0,0,0,0,0,0,0.19,0.04,0.19,0.19,0,8.89,2.2,3.89,0,0,0,0,0,0,0.19,100,0.19,,0,0,0,0,0,0,0,,0,,0,,0.19,0,0,9.82,44,4.82,7,29,1.48,15.56,6,0,-44,11.56,2.59,0.06,0.06,8.52,100,8.32,0.74,0.19,0,0.19,0,0,0,0,0,0,,0,70,30,0,100,0,0,58.85,66.63,0.75,,7.78,44.32,,1.3,0.97,-0.33,61,71,-10,1.11,3.33,27,12.23,1.46,0.19,0.19,16.4,3,53,4,2.04,20,0.15,0.04,-0.14,,-0.69,-0.64
Renzo Giampaoli,Gimnasia La Plata,Liga Profesional,2026,1637,Right Centre Back,Argentina,26,06/01/00,0,0,0.04,0.09,0.44,0,13,0,,0,0,0,0.05,0,0,0,0,0,0.05,0,0.04,0.49,-0.04,0.16,0.11,0.05,67,0.27,0,0.16,0.05,0.93,0.87,7.04,5.18,10.17,4.62,0.1,6.54,21.31,10.5,1.26,1.26,2.2,72,1.13,2,0.71,38,0.49,60,3.02,0.11,8.25,6.84,3.41,1.32,0.49,27.84,0.93,11,0.49,38,0.27,0,0,30.67,80,3.3,22,53,7.97,5.28,14,68,-12,33.39,1.7,0.27,0.28,19.35,99,4.79,1.76,0.16,0.11,0.05,0,0.93,1.04,0,0,0,0,0,39,58,4,50,44,6,23.8,22.87,0.9,91,-0.93,21.4,20.8,0,0,0,0,0,,0,0,,0,0,0,0,0,0,22,8,1.72,14,0.04,0.05,0.11,-0.04,,0.16
Renzo Orihuela,CA Sarmiento,Liga Profesional,2026,1326,Right Centre Back,Uruguay,25,03/04/01,0.07,0.07,0.05,0.1,0.47,14,71,0,,0.06,0,0,0.07,0,0,0.07,0,0,0,0.07,0.05,0.54,0.02,0.2,0.14,0.07,67,1.09,0,0.2,0.14,1.15,0.7,5.36,4.76,12.76,6.31,0.05,7.19,27.9,9.3,1.63,1.63,2.78,73,1.73,2.43,1.49,57,0.61,59,2.31,0.14,9.64,9.01,4.27,1.9,0.88,31.19,1.56,16,0.75,39,0.14,0,0,26.94,71,3.6,11,51,6.51,5.9,16,49,-21,36.48,2.1,0.17,0.21,17.64,98,5.23,1.7,0.07,0.07,0,0,1.02,1.09,0,0,0,,0,38,58,4,48,52,0,24.99,24.14,0.9,95,-0.86,22.48,22.88,0,0,0,0,0,,0,0,,0,0,0,0,0,0,21,6,2.18,16,0.06,0.04,0.1,0,,0.2
Renzo Tesuri,Atlético Tucumán,Liga Profesional,2026,1985,Right Midfielder,Argentina,30,06/06/96,0.09,0.09,0.12,0.11,1.13,8,32,2,,0.14,0.05,0.05,0.54,0.05,0.05,0.54,0,0,0,0.14,0.17,1.68,-0.03,1,0.41,0.59,41,1.13,0,1.54,2.36,0.45,0.26,0.82,0.6,18.18,9.84,0,5.62,47.61,6.71,3.04,1.5,1.95,51,0.98,1.24,0.5,27,1.45,21,0.45,0,16.23,13.1,4.26,3.36,1.04,49.23,7.03,43,2.4,72,0.14,0,0,23.35,64,0.82,26,35,0.95,2.18,21,56,-8,58.91,2.77,0.23,0.3,21.45,86,4.31,7.53,0.73,0.73,0,0.14,2.49,3.22,0.18,13,0.14,18,0.32,26,62,12,19,64,16,17.49,13.8,0.93,104,-3.69,16.32,14.41,0,0,0,0,0,,0,0,,0,0,0,0,0,0,35,12,3.11,21,-0.02,0.02,0.02,0,,0.01
Rick,Talleres de Córdoba,Liga Profesional,2026,1650,Left Wing,Brazil,27,01/09/99,0.22,0.22,0.19,0.06,3.22,7,36,5,,0.24,0.11,0.11,0.71,0.05,0.1,0.65,0.05,0.02,0.05,0.33,0.31,3.93,0.02,3.16,1.91,1.25,60,1.85,0,2.95,3.82,0.55,0.56,0.44,0.54,14.18,6.87,0,4.42,44.09,7.2,3.6,1.47,2.02,84,1.32,1.89,1.31,55,0.27,32,0.98,0,11.4,11.35,3.82,2.62,1.09,45.51,4.42,39,1.85,71,0.27,0,0,25.58,67,1.31,18,45,0.82,2.51,22,59,-8,63.15,4.42,0.32,0.5,33.11,82,7.97,9.93,1.2,1.09,0.11,0.22,2.4,3.49,0,45,0.82,29,0.38,20,65,16,15,67,18,18.56,15.88,0.93,93,-2.69,17.31,14.72,0,0,0,0,0,,0,0,,0,0,0,0,0,0,28,8,4.13,27,0.02,0.15,0.02,0.01,,0.19
Roberto Bochi,Aldosivi,Liga Profesional,2026,720,Centre Defensive Midfielder,Argentina,37,15/12/89,0,0,0.01,0.03,0.25,0,0,0,,0,0,0.01,0.5,0,0.01,0.5,0,0,0,0,0.02,0.75,-0.02,0.5,0.25,0.25,50,0.13,0,0.38,0.63,1,0.89,2.25,2.06,22.39,13.63,0.01,7.75,38.49,12.63,5.63,3.5,4.5,85,3.16,4.05,1.75,64,0.63,47,1.13,0.13,17.26,14.9,5.63,4.75,1.5,41.07,5.38,31,1.88,39,0.38,0,0,35.52,81,3,10,65,2.38,4.5,12,74,-6,43.09,2,0.16,0.16,23.39,96,3.49,3.75,0.13,0.13,0,0,0,0.13,0,0,0.13,50,0,23,69,8,17,80,3,21.41,17.37,0.98,108,-4.04,21,18.84,0,0,0,0,0,,0,0,,0,0,0,0,0,0,19,6,2.68,23,0.01,0.04,0.02,-0.01,,0.06
Rodrigo Aliendro,Vélez Sarsfield,Liga Profesional,2026,1622,Right Defensive Midfielder,Argentina,35,15/02/91,0.06,0.06,0.1,0.07,1.39,4,16,1,,0.08,0,0.01,0.22,0,0.01,0.22,0,0,0,0.06,0.11,1.61,-0.05,0.83,0.67,0.17,80,1.5,0,1.55,0.83,1.17,1.34,1.89,2.19,24.3,12.65,0.03,9.65,40.99,14.09,5.88,3.27,4.44,64,3.9,5.25,1.66,40,1.83,45,1.55,0,19.36,22.91,7.21,5.77,2.05,42.45,6.55,34,2.94,51,0.06,0,0,43.11,82,2.44,11,70,2.27,3.11,15,75,-7,50.04,5.55,0.35,0.39,32.07,94,3.42,10.15,0.39,0.39,0,0.06,1.28,1.66,0,71,0.33,86,0.22,26,68,6,25,70,5,18.06,15.21,1.01,104,-2.85,18.26,15.87,0,0,0,0,0,,0,0,,0,0,0,0,0,0,24,11,3.4,29,0.04,0.05,0.06,0,,0.15
Rodrigo Atencio,Independiente Rivadavia,Liga Profesional,2026,986,Right Centre Midfielder,Argentina,24,29/06/02,0,0,0.09,0.06,1.37,0,13,2,,0.01,0.36,0.17,1.64,0.18,0.12,1.19,0.18,0.05,0.46,0.36,0.26,3.01,0.1,1.82,1.37,0.46,75,0.91,0,2.37,1.46,0.36,0.43,0.46,0.54,16.52,9.22,0,4.84,46.77,8.58,4.11,0.64,1,41,0.64,1.06,0.91,10,0.91,35,0.73,0,14.96,16.27,4.11,4.65,1.37,46.91,6.48,43,3.1,67,0,0,0,38.96,78,4.74,91,61,1.73,6.48,21,81,3,56.88,4.56,0.56,0.7,38.42,90,5.22,10.68,1.73,1.09,0.64,0.18,1.82,2.92,0.55,16,0.46,42,0.36,14,72,14,11,74,15,21.16,19.87,0.95,99,-1.3,20.01,19.75,0,0,0,0,0,,0,0,,0,0,0,0,0,0,24,9,6.69,43,0.05,0.09,0.04,-0.04,,0.14
Rodrigo Auzmendi,San Lorenzo de Almagro,Liga Profesional,2026,1281,Right Centre Forward,Argentina,25,01/01/01,0.42,0.42,0.34,0.11,3.09,14,45,7,,0.43,0,0.02,0.49,0,0.02,0.49,0,0,0,0.42,0.36,3.58,0.06,0.77,0.49,0.28,64,1.26,0,1.55,1.83,0.07,0.11,0.7,0.66,18.97,8.08,0.02,5.13,62.56,4.01,2.81,0.56,0.63,62,0.54,0.65,1.62,17,0.35,51,3.3,0,16.79,17.26,4.22,5.13,1.48,66.54,13.56,81,4.22,82,0.28,0,0,17.57,54,0.49,8,50,0.77,0.91,27,39,-14,61.91,1.26,0.27,0.51,12.93,79,3.31,4.71,0.07,0.07,0,0.42,5.97,6.04,0,0,0.14,40,0.63,20,65,15,7,76,16,14.44,13.18,0.98,97,-1.26,14.13,12.77,0,0,0,0,0,,0,0,,0,0,0,0,0,0,41,6,2.45,18,-0.09,0,0.07,0.05,,0.03
Rodrigo Castillo,Lanús,Liga Profesional,2026,398,Centre Forward,Argentina,27,25/02/99,0.23,0.23,0.25,0.16,1.58,14,43,2,,0.17,0.45,0.38,1.81,0.45,0.38,1.81,0,0,0,0.68,0.63,3.4,0.05,1.13,0.68,0.45,60,2.49,0,2.72,2.94,0.91,0.93,1.36,0.98,21.28,11.77,0,5.66,55.79,4.08,2.26,0.91,1.81,100,0.98,1.92,1.81,,0,38,2.94,0,18.57,16.84,3.85,4.53,0.68,60.68,12,65,2.26,50,0,0,0,24.68,75,0.45,17,50,1.58,0.68,39,63,-13,62.29,2.04,0.91,1.16,25.36,81,4.2,8.6,0.91,0.91,0,0.23,3.85,4.75,0.91,25,0.23,33,0.45,17,69,14,16,68,16,14.49,14.05,1.01,106,-0.44,14.64,14.89,0,0,0,0,0,,0,0,,0,0,0,0,0,0,29,14,5.21,42,0.01,0.05,0,0.06,,0.12
Rodrigo Fernández Cedrés,Independiente,Liga Profesional,2026,555,Left Defensive Midfielder,Uruguay,30,02/01/96,0,0,0.02,0.02,0.81,0,20,1,,0.01,0,0.07,0.81,0,0.07,0.81,0,0,0,0,0.09,1.62,-0.09,0.97,0.65,0.32,67,0.32,0,1.13,0.65,0.97,0.97,2.76,3.05,20.1,11.35,0.06,7.13,38.56,12.97,7.94,2.59,3.57,76,2.81,3.78,2.27,56,0.81,40,0.97,0,15.56,15.8,5.67,4.05,1.46,43.69,5.51,35,2.27,56,0.32,0,0,31.77,75,4.54,20,60,4.21,6.16,16,55,-20,51.08,5.67,0.19,0.25,27.07,93,5.63,8.1,0.81,0.65,0.16,0.16,0.49,1.13,0.16,0,0,,0.16,28,62,11,24,72,4,23.67,25.18,0.92,93,1.51,21.86,23.53,0,0,0,0,0,,0,0,,0,0,0,0,0,0,21,6,4.17,32,0.03,0.1,0.03,-0.02,,0.14
Rodrigo Fernández Cedrés,Huracán,Liga Profesional,2026,486,Centre Defensive Midfielder,Uruguay,30,02/01/96,0,0,0.02,0.03,0.74,0,0,1,,0,0,0.01,0.74,0,0.01,0.74,0,0,0,0,0.03,1.48,-0.03,1.11,1.11,0,100,1.67,0,0.74,0.37,0.37,0.61,2.78,3.48,20.75,9.63,0.02,10.56,34.99,16.86,6.49,3.15,3.52,65,3.11,3.72,2.22,33,1.67,56,1.85,0,15.38,18.65,7.23,4.08,1.67,39.09,4.08,27,2.04,50,0.19,0,0,59.48,81,8.71,20,70,4.82,10.38,14,74,-6,47.28,8.89,0.16,0.17,48.55,98,5.99,10.38,0.56,0.56,0,0,0,0.56,0,0,0,0,0,21,75,4,29,71,0,24.37,22.82,0.96,96,-1.55,23.33,21.97,0,0,0,0,0,,0,0,,0,0,0,0,0,0,20,6,4.52,32,0.04,0.11,0.02,-0.03,,0.14
Rodrigo Gallo,Deportivo Riestra,Liga Profesional,2026,439,Left Wing Back,Argentina,26,03/11/00,0,0,0,,0,,,0,,0,0,0.09,0.61,0,0.02,0.2,0,0.07,0.41,0,0.09,0.61,-0.09,0.41,0.2,0.2,50,0.41,0,0.41,0.41,1.02,0.45,2.46,1.28,15.78,9.02,0.02,4.71,30.31,11.07,3.28,1.23,2.25,67,0.9,1.35,1.43,50,0.61,60,1.23,0,13.12,7.14,3.48,2.87,0.2,33.8,2.66,20,1.23,43,0.41,0,0,26.23,54,4.51,85,37,3.89,10.66,13,48,-6,47.25,5.74,0.37,0.39,18.86,96,4.61,5.33,2.05,1.43,0.61,0,0,1.43,0,40,0.82,40,0,38,59,3,19,69,12,28.85,28.39,0.86,82,-0.46,24.84,23.15,0,0,0,0,0,,0,0,,0,0,0,0,0,0,42,4,4.55,38,0.15,0.03,-0.12,,,0.06
Rodrigo González,Aldosivi,Liga Profesional,2026,1479,Right Back,Argentina,26,13/04/00,0,0,0.02,0.03,0.55,0,33,1,,0,0.06,0.08,1.03,0.06,0.08,1.03,0,0,0,0.06,0.1,1.58,-0.04,1.16,0.73,0.43,63,0.67,0,1.52,1.34,0.3,0.18,1.89,0.97,17.65,8.4,0.04,6.21,36.24,11.56,4.26,2.43,2.74,75,1.27,1.45,1.83,29,0.79,56,1.16,0.12,13.45,7.83,4.69,2.8,1.03,40.25,4.56,34,1.7,61,0.37,0,0,26.78,61,2.92,10,45,3.47,4.87,18,52,-9,52.13,3.29,0.18,0.21,24.04,89,5.98,4.93,2.25,1.22,1.03,0.06,1.16,2.37,0.06,27,0.73,38,0.12,33,58,10,28,60,11,23.07,22.39,0.9,96,-0.68,20.74,21.5,0,0,0,0,0,,0,0,,0,0,0,0,0,0,39,11,3.68,34,0.16,0.08,0.06,-0.02,,0.28
Rodrigo Herrera,Newell's Old Boys,Liga Profesional,2026,1363,Right Defensive Midfielder,Argentina,26,01/08/00,0,0,0.06,0.08,0.79,0,8,1,,0.02,0,0.02,0.46,0,0.02,0.46,0,0,0,0,0.09,1.25,-0.09,0.4,0.26,0.13,67,0.73,0,1.06,0.92,0.86,0.56,1.58,1.03,27.33,14.33,0.02,8.52,41.18,11.22,5.68,2.77,3.63,75,2.29,2.85,2.38,28,0.92,47,1.78,0,22.18,15.6,7,5.02,1.78,42.54,8.45,38,3.1,62,0.13,0,0,27.2,72,2.05,8,61,2.11,2.84,26,67,-5,51.45,3.57,0.23,0.25,18.82,92,3.86,5.68,0.4,0.33,0.07,0.07,1.12,1.45,0,33,0.26,57,0.2,27,63,10,24,67,8,20.24,17.32,0.98,99,-2.92,19.9,17.06,0,0,0,0,0,,0,0,,0,0,0,0,0,0,29,11,2.54,24,-0.01,0.05,0.06,-0.04,,0.06
Rodrigo Insúa,Barracas Central,Liga Profesional,2026,2125,Left Wing Back,Argentina,29,15/12/97,0.13,0.04,0.03,0.03,0.97,4,26,1,100,0.03,0.04,0.06,0.59,0,0.05,0.38,0.04,0.02,0.21,0.08,0.09,1.57,-0.01,1.19,0.59,0.59,50,0.89,0,1.1,1.4,0.42,0.18,1.95,1.22,11.18,4.62,0.02,4.19,36.19,8.77,3.94,1.23,1.65,78,0.86,1.04,0.85,53,0.34,68,1.19,0.04,9.15,5.67,3.01,2.63,0.64,40.93,3.09,34,1.78,68,0.17,0,0,29.1,65,2.08,84,41,2.84,4.19,17,59,-5,53.82,3.43,0.17,0.2,24.02,90,5.38,5.8,0.89,0.42,0.47,0.25,1.44,1.86,0.04,38,0.47,25,0.34,28,61,11,20,66,13,21.61,19.53,0.9,90,-2.08,19.47,17.5,0,0,0,0,0,,0,0,,0,0,0,0,0,0,33,9,2.84,26,0.08,0.05,0.04,-0.02,,0.16
Rodrigo Rey,Independiente,Liga Profesional,2026,2378,Goalkeeper,Argentina,35,07/03/91,0,0,0,,0,,,0,,0,0,0,0,0,0,0,0,0,0,0,0,0,0,0,0,0,,0.26,0,0,0.04,0,0,0,0,0,0,0,5.71,3.44,3.78,0,0,0,,0,0,0,100,0,,0,0.08,0,0,0,0,0,,0,,0,,0.08,0,0,18.51,68,6.02,16,41,3.44,11.09,16,52,-16,12.26,1.4,0.08,0.08,15.63,100,5.48,0.42,0,0,0,0,0,0,0,,0,,0,45,55,0,100,0,0,40.58,47.97,0.76,88,7.39,31.04,42.29,0.98,1.02,0.03,64,63,1,0.9,2.72,29,9.31,1.89,0.11,0.11,17.25,0,29,3,1.23,8,0.09,0.06,,,-0.02,0.12
Román Riquelme,Talleres de Córdoba,Liga Profesional,2026,342,Centre Back,Argentina,24,17/05/02,0,0,0.01,0.03,0.26,0,0,0,,0,0,0,0,0,0,0,0,0,0,0,0.01,0.26,-0.01,0.53,0.26,0.26,50,1.84,0,0,0.53,2.1,2.7,5,6.71,6.57,1.84,0.13,6.31,24.71,11.04,3.94,0.26,2.37,50,0.44,3.13,1.58,0,0.26,53,2.1,0.26,4.73,6.38,1.84,1.31,0.53,34.73,1.31,28,0.53,40,0.26,0.26,0.26,78.89,90,4.21,13,55,6.31,6.31,16,90,0,38.67,4.21,0.35,0.35,71,99,5.01,5,0,0,0,0,0.26,0.26,0,,0,,0,24,73,3,32,63,5,19.55,22.81,0.93,96,3.26,18.26,21.83,0,0,0,0,0,,0,0,,0,0,0,0,0,0,15,10,5.36,41,0.04,0.1,-0.04,-0.01,,0.1
Román Riquelme,Argentinos Juniors,Liga Profesional,2026,1345,Left Centre Back,Argentina,24,17/05/02,0.07,0.07,0.06,0.09,0.67,10,20,0,,0.08,0.07,0.01,0.13,0.07,0.01,0.13,0,0,0,0.13,0.07,0.8,0.06,0.47,0.47,0,100,0.87,0,0.4,0.27,1.14,1.73,3.48,5.14,9.9,4.68,0.12,6.15,26.82,10.77,1.54,1.34,2.48,77,1.89,3.63,1,29,0.4,63,2.68,0,7.69,11.34,3.75,2.27,1.07,31.66,1.07,14,0.74,32,0.4,0,0,57.8,86,7.76,13,69,4.75,9.9,14,68,-18,37.15,4.48,0.38,0.44,49.64,99,6.12,5.15,0.13,0.13,0,0,1,1.14,0,0,0,,0,22,75,3,32,62,5,24.21,21.64,0.96,101,-2.56,23.36,21.77,0,0,0,0,0,,0,0,,0,0,0,0,0,0,19,9,3.7,25,0.01,0.08,0.07,-0.02,,0.14
Ronaldo Dejesús,Lanús,Liga Profesional,2026,1143,Left Centre Back,Paraguay,25,20/04/01,0,0,0.05,0.07,0.71,0,11,0,,0.01,0,0.03,0.39,0,0.03,0.39,0,0,0,0,0.08,1.1,-0.08,0.55,0.55,0,100,0.63,0,0.16,0,1.18,1.22,5.9,7.48,7.48,3.86,0.07,3.86,23.68,13.3,2.68,1.18,2.36,88,1.23,2.45,0.79,83,0.16,70,3.54,0.08,5.59,5.62,1.57,1.1,0.55,31.58,0.94,17,0.39,36,0.24,0,0,49.28,83,4.41,20,60,7.01,6.22,16,68,-14,35.76,3.54,0.42,0.48,36.84,100,5.4,4.17,0.08,0.08,0,0.16,1.97,2.05,0,0,0,0,0.16,30,68,2,43,57,0,24.04,23.59,0.95,94,-0.45,22.84,22.15,0,0,0,0,0,,0,0,,0,0,0,0,0,0,20,8,3.52,25,0.1,0.06,0.06,-0.05,,0.17
Ronaldo Martínez,Talleres de Córdoba,Liga Profesional,2026,1637,Centre Forward,Paraguay,30,24/04/96,0.22,0.22,0.24,0.13,1.81,12,55,3,,0.35,0.05,0.05,0.71,0.05,0.05,0.71,0,0,0,0.27,0.29,2.53,-0.01,0.6,0.16,0.44,27,0.71,0,0.55,2.09,0.27,0.33,1.26,1.48,13.08,5.06,0.03,3.41,58.08,2.69,1.87,0.66,0.93,92,0.62,0.95,1.21,67,0.05,47,3.19,0,11.27,12.29,3.13,2.2,0.82,63.51,8.41,75,1.81,83,0.11,0,0,15.89,62,0.44,13,47,1.43,0.77,32,54,-8,58.26,0.82,0.17,0.4,10.88,82,3.18,3.74,0.27,0.27,0,0.16,4.01,4.29,0.05,0,0,0,0.38,16,63,22,19,57,24,14.79,12.8,0.97,96,-1.99,14.36,12.25,0,0,0,0,0,,0,0,,0,0,0,0,0,0,38,10,2.28,18,-0.05,0.01,0.02,0.11,,0.09
Rubén Botta,Defensa y Justicia,Liga Profesional,2026,902,Right Attacking Midfielder,Argentina,36,30/01/90,0.1,0.1,0.08,0.06,1.3,8,38,2,0,0.16,0.1,0.11,1.6,0.1,0.09,1.4,0,0.02,0.2,0.2,0.18,2.89,0.02,2.6,1.3,1.3,50,2.1,0,2.4,4.19,0.5,0.55,0.4,0.3,20.56,9.28,0.01,5.99,55.38,6.09,3.19,1.4,1.9,70,1.54,2.09,0.9,14,0.6,5,0.1,0,18.37,19.23,5.09,3.59,1.2,57.58,11.08,60,2.2,61,0.3,0,0.1,30.54,72,3.09,86,62,1.6,3.79,23,73,1,62.17,4.49,0.22,0.35,33.24,86,4.62,11.88,1.4,1.1,0.3,0.4,2.89,3.99,0,0,0.2,29,0.4,17,68,15,16,70,14,19.7,19.79,0.96,98,0.09,18.91,19.48,0,0,0,0,0,,0,0,,0,0,0,0,0,0,28,10,4.69,37,0.01,0.04,0.02,-0.02,,0.05
S.Daniele,Banfield,Liga Profesional,2026,665,Right Centre Back,Argentina,21,21/11/05,0,0,0.09,0.13,0.68,0,60,0,,0.06,0.14,0,0.14,0.14,0,0.14,0,0,0,0.14,0.09,0.81,0.05,0,0,0,,1.08,0,0.14,0.27,1.08,0.81,5.96,4.09,13.95,7.85,0.06,6.91,22.3,10.97,1.49,2.44,3.52,86,1.42,2.23,1.22,67,0.41,59,2.57,0.14,10.29,6.03,4.47,1.63,0.54,25.74,1.35,13,0.54,33,0.14,0,0,25.05,70,2.44,9,45,6.36,5.01,10,60,-10,33.92,1.08,0.25,0.25,15.57,98,4.51,0.95,0.14,0,0.14,0,1.22,1.22,0,0,0,,0,42,57,1,57,43,0,25.79,23.32,0.9,72,-2.47,23.29,16.8,0,0,0,0,0,,0,0,,0,0,0,0,0,0,28,3,2.32,17,0.04,0.03,0.19,0.02,,0.29
Samuel Lucero,Defensa y Justicia,Liga Profesional,2026,718,Left Wing Back,Argentina,21,28/07/05,0,0,0,0.02,0.25,0,0,0,,0,0,0.01,0.25,0,0.01,0.25,0,0,0,0,0.01,0.5,-0.01,0.75,0.63,0.13,83,1,0,0.75,0.5,0.88,1.15,2.88,3.39,12.66,5.64,0.06,5.02,28.8,8.02,1.38,1.76,2.63,67,1.91,3.05,0.88,22,0.88,71,2.13,0,10.03,9.61,2.76,1.88,0.63,31.54,1.25,13,0.75,40,0.13,0,0,31.35,74,1.76,90,39,3.89,3.51,15,53,-21,45.48,2.13,0.22,0.22,25.08,97,4.03,4.26,0.25,0.25,0,0,0.5,0.75,0,100,0.38,30,0,28,66,6,24,65,12,19.93,18.33,0.92,93,-1.6,18.32,17.07,0,0,0,0,0,,0,0,,0,0,0,0,0,0,30,13,4.08,31,0.07,0.03,-0.01,-0.01,,0.08
Santiago Arias,Independiente,Liga Profesional,2026,1417,Right Back,Colombia,34,12/01/92,0,0,0.01,0.03,0.25,0,25,0,,0,0.13,0.03,0.57,0.13,0.03,0.57,0,0,0,0.13,0.04,0.83,0.09,0.19,0,0.19,0,1.46,0,0.57,0.32,1.27,1.23,2.48,2.81,14.48,6.67,0.02,5.71,33.85,12.06,4.63,2.54,3.81,74,2.74,3.97,0.89,28,0.89,58,1.14,0,11.05,12.44,4.38,2.6,1.02,37.87,3.37,30,1.52,59,0.13,0,0,40.32,71,2.22,10,42,3.24,4.51,15,59,-12,51.73,6.03,0.31,0.33,30.67,97,4.54,10.48,1.08,0.83,0.25,0.13,0.95,1.78,0,53,0.7,33,0.25,30,64,6,35,58,7,20.11,16.73,0.92,97,-3.38,18.54,16.2,0,0,0,0,0,,0,0,,0,0,0,0,0,0,34,12,5.15,36,0.13,0.06,0.05,-0.01,,0.23
Santiago Ascacíbar,Boca Juniors,Liga Profesional,2026,1669,Right Centre Midfielder,Argentina,29,24/02/97,0.27,0.27,0.18,0.11,1.62,17,33,2,,0.15,0.11,0.16,0.92,0.11,0.16,0.92,0,0,0,0.38,0.34,2.53,0.04,0.27,0.16,0.11,60,1.24,0,0.92,1.35,0.81,1.17,1.29,1.63,18.17,8.03,0.03,5.28,45.83,9.49,4.15,2.32,3.13,72,3.02,4.19,1.51,42,0.92,39,1.08,0,14.34,19.22,4.15,4.91,1.51,48.32,6.74,47,3.4,69,0.22,0,0,35.43,82,1.29,18,59,1.46,2.05,18,74,-8,51.96,3.4,0.47,0.58,24.48,93,3.97,8.47,0.7,0.7,0,0.32,4.1,4.8,0.16,15,0.16,43,0.43,20,70,10,20,72,8,16.89,14.73,0.97,101,-2.16,16.44,14.92,0,0,0,0,0,,0,0,,0,0,0,0,0,0,17,7,3.95,27,0.07,0.01,0.03,-0.01,,0.1
Santiago Beltrán,River Plate,Liga Profesional,2026,2652,Goalkeeper,Argentina,22,03/10/04,0,0,0,,0,,,0,,0,0,0,0,0,0,0,0,0,0,0,0,0,0,0,0,0,,0.07,0,0,0,0,0,0,0,0.07,0,0,4.58,3.39,3.73,0,0,0,,0,0,0,100,0,,0,0,0.07,0.11,0.03,0,0,12.96,0,0,0,,0,0,0,16.12,76,3.02,56,36,1.59,6.68,13,63,-13,10.37,0.41,0.08,0.08,14.69,100,3.91,0.1,0,0,0,0,0,0,0,,0,,0,35,65,0,100,0,0,34.49,42.26,0.74,74,7.77,25.43,31.46,0.68,0.72,0.05,71,69,2,0.68,2.31,31,7.53,2.17,0.1,0.1,19.45,-2,20,2,1.42,8,0.06,0.05,,,0.05,0.16
Santiago Esquivel,Banfield,Liga Profesional,2026,690,Left Defensive Midfielder,Argentina,22,01/01/04,0,0,0.02,0.04,0.52,0,0,1,,0,0,0.08,0.65,0,0.08,0.65,0,0,0,0,0.1,1.17,-0.1,0.91,0.78,0.13,86,0.91,0,2.61,0.78,1.04,0.9,1.44,1.46,32.88,18.4,0.01,9.52,42.66,12,4.04,2.87,3.91,65,2.29,3.19,1.57,33,1.57,30,0.78,0,28.44,21.69,7.7,7.96,2.35,43.07,9.65,34,4.83,61,0.39,0.13,0,32.88,82,2.48,5,68,1.96,3.13,21,85,4,48.87,5.61,0.33,0.33,30.01,89,5.4,7.57,0.39,0.39,0,0.13,0.52,0.91,0.13,0,0,0,0.13,23,70,7,28,69,3,20.39,18.25,0.99,104,-2.13,20.26,19.04,0,0,0,0,0,,0,0,,0,0,0,0,0,0,18,5,3.94,29,0.03,0.06,0.02,-0.02,,0.09
Santiago Fernández,Talleres de Córdoba,Liga Profesional,2026,1628,Left Centre Back,Argentina,21,29/03/05,0.06,0.06,0.02,0.05,0.39,14,43,0,,0.03,0,0,0.11,0,0,0.11,0,0,0,0.06,0.02,0.5,0.03,0.5,0.28,0.22,56,0.99,0,0.28,0.61,1.66,1.99,4.7,5.45,9.78,4.42,0.06,5.47,22.66,9.51,1.44,1.55,3.21,80,1.58,3.57,0.72,36,0.39,52,1.6,0.06,7.52,8.43,3.04,1.16,0.61,26.86,0.88,12,0.39,33,0.06,0,0,43.77,86,3.48,12,59,5.75,4.86,12,60,-25,36.35,3.09,0.26,0.26,35.2,98,5.37,3.26,0,0,0,0,0.39,0.39,0.06,,0,,0.17,27,69,4,41,56,3,22.21,21.95,0.95,88,-0.26,21.14,19.39,0,0,0,0,0,,0,0,,0,0,0,0,0,0,18,7,2.87,22,0.03,0.03,0.09,0.02,,0.17
Santiago González,Tigre,Liga Profesional,2026,468,Right Defensive Midfielder,Argentina,23,02/05/03,0,0,0.03,0.04,0.77,0,0,1,,0,0,0,0.19,0,0,0.19,0,0,0,0,0.03,0.96,-0.03,2.31,1.54,0.77,67,1.15,0,1.15,2.11,1.35,0.94,2.31,2.3,17.11,8.46,0.05,8.26,41.5,12.88,6.34,1.73,3.08,75,2.05,3,0,67,0.58,67,1.54,0.38,15.38,15.4,6.73,4.23,1.54,44.43,5.19,34,2.31,55,0,0,0,39.98,81,2.31,9,67,2.5,3.27,19,76,-4,51.98,4.42,0.21,0.26,34.98,92,5.21,6.73,0.58,0.58,0,0,1.35,1.92,0,0,0,,0.19,20,68,12,23,74,3,17.84,13.24,0.99,109,-4.6,17.63,14.39,0,0,0,0,0,,0,0,,0,0,0,0,0,0,18,7,3.56,24,-0.02,0.07,0.08,-0.05,,0.07
Santiago Longo,Belgrano,Liga Profesional,2026,927,Left Defensive Midfielder,Argentina,28,11/04/98,0,0,0.02,0.03,0.68,0,29,0,,0.07,0,0.01,0.29,0,0.01,0.29,0,0,0,0,0.03,0.97,-0.03,0.19,0.19,0,100,0.39,0,0.49,0.39,0.58,0.47,0.97,0.91,19.99,10.77,0.01,8.35,41.82,13.98,6.89,3.69,4.27,78,3.12,3.59,1.16,45,1.07,47,0.68,0,15.24,13.48,6.41,4.56,2.33,43.55,5.63,37,2.14,47,0.29,0,0.1,38.82,84,2.04,5,68,1.16,2.81,12,78,-6,47.5,4.85,0.26,0.34,28.15,98,3.63,7.57,0,0,0,0,0.39,0.39,0,,0,0,0,25,68,6,28,69,3,18.56,17.34,0.99,105,-1.22,18.41,18.21,0,0,0,0,0,,0,0,,0,0,0,0,0,0,17,7,4.12,31,0,0.05,0.02,0.03,,0.11
Santiago López,Tigre,Liga Profesional,2026,1536,Left Midfielder,Argentina,20,08/02/06,0.06,0.06,0.15,0.09,1.64,4,25,2,,0.11,0.12,0.16,1.82,0,0.1,1.11,0.12,0.06,0.7,0.18,0.31,3.46,-0.14,3.99,1.82,2.17,46,2.17,0,4.16,5.45,0.82,0.56,0.35,0.28,28.77,13.89,0.01,9.49,50.69,8.2,4.34,3.05,3.87,73,2.65,3.21,2.23,42,1.11,52,0.64,0,23.56,19.77,7.74,6.97,3.22,52.3,12.37,52,5.51,79,0.23,0,0,26.78,63,1.88,7,40,0.82,4.22,24,61,-2,61.3,3.93,0.38,0.53,34.75,76,6.37,9.02,1.64,0.7,0.94,0.47,3.05,3.75,0,21,0.64,27,0.59,19,69,12,17,66,18,19.38,14.17,0.91,101,-5.2,17.61,14.34,0,0,0,0,0,,0,0,,0,0,0,0,0,0,35,10,5.87,38,0.08,0.09,0,-0.01,,0.16
Santiago López García,Banfield,Liga Profesional,2026,2256,Right Back,Argentina,29,03/12/97,0.08,0.08,0.03,0.07,0.48,17,42,1,,0.06,0.16,0.07,1.16,0.16,0.07,1.08,0,0,0.08,0.24,0.1,1.64,0.14,0.88,0.48,0.4,55,1.48,0,0.76,0.8,1.32,0.7,2.11,1.61,14.72,7.22,0.02,5.87,33.52,8.66,2.95,2.03,3.35,74,1.43,2.13,0.56,50,0.72,49,0.72,0.04,12.17,8,4.03,2.19,0.76,36.57,3.27,27,1.6,73,0.12,0,0,29.53,73,2.35,11,49,2.99,3.95,16,63,-10,51.68,5.71,0.23,0.28,25.38,95,7.69,7.3,1.28,1,0.28,0.04,0.68,1.68,0,53,0.76,49,0.12,32,60,8,32,61,8,20.14,18.45,0.94,100,-1.69,18.87,18.41,0,0,0,0,0,,0,0,,0,0,0,0,0,0,32,13,4.09,31,0.13,0.09,0.01,-0.01,,0.22
Santiago Montiel,Independiente,Liga Profesional,2026,1332,Right Wing,Argentina,26,21/11/00,0.2,0.2,0.22,0.09,2.3,9,38,3,,0.21,0.2,0.18,1.49,0.14,0.14,0.88,0.07,0.04,0.61,0.41,0.4,3.78,0.01,2.09,1.28,0.81,61,2.09,0,3.18,3.18,0.41,0.42,0.27,0.3,17.03,8.52,0.01,5.61,58.56,6.01,4.19,1.28,1.69,70,1.26,1.68,0.74,33,0.54,17,0.41,0,15,15.09,5,4.87,1.69,59.93,10.41,69,4.19,86,0.2,0,0.07,24.67,60,2.03,85,38,1.01,4.6,21,60,0,67.5,3.99,0.34,0.58,29.67,82,6.63,10.07,1.96,1.01,0.95,0.47,3.78,4.8,0,21,0.68,25,0.54,17,75,7,23,68,9,21.18,19.77,0.89,94,-1.41,18.77,18.56,0,0,0,0,0,,0,0,,0,0,0,0,0,0,31,7,6.03,43,0.01,0.08,0.02,0.05,,0.17
Santiago Moya,Aldosivi,Liga Profesional,2026,791,Centre Back,Argentina,23,12/06/03,0.11,0.11,0.08,0.22,0.34,33,67,0,,0.01,0,0.06,0.23,0,0.06,0.23,0,0,0,0.11,0.13,0.57,-0.02,0.11,0.11,0,100,0.68,0,0.11,0.23,0.91,0.32,4.21,1.9,8.2,4.33,0.04,5.58,21.92,12.64,1.37,0.68,1.59,60,0.37,0.69,0.8,67,0.46,61,2.16,0,6.72,3,3.19,1.14,0.46,25.15,0.8,12,0.57,50,0.23,0,0,26.3,70,1.94,16,53,4.9,2.96,14,53,-17,35.35,2.16,0.23,0.29,16.39,99,5.48,1.94,0.11,0.11,0,0,0.91,1.02,0,0,0,,0,32,64,3,35,65,0,23.1,23.48,0.96,108,0.39,22.2,25.32,0,0,0,0,0,,0,0,,0,0,0,0,0,0,27,7,1.76,17,0.02,0.04,0.03,-0.09,,0
Santiago Moyano,Central Córdoba SdE,Liga Profesional,2026,1621,Right Back,Argentina,29,22/09/97,0,0,0.02,0.06,0.33,0,17,0,,0.02,0.06,0.06,0.78,0.06,0.05,0.61,0,0.01,0.17,0.06,0.08,1.11,-0.02,0.89,0.67,0.22,75,0.78,0,1.17,1.11,1.61,1.27,2.83,2.17,17.6,8.38,0.02,7.6,31.1,9.33,2.66,2.33,3.94,70,1.79,3.06,1.72,47,1,42,0.83,0,13.6,10.72,5,2.55,1.05,34.15,3,22,1.5,59,0.22,0,0,29.2,73,2,12,46,3.16,4,14,63,-10,48.8,3.83,0.2,0.26,25.37,92,5.46,5.38,1.17,0.72,0.44,0,0.5,1.22,0.11,52,0.61,41,0.06,28,62,11,32,62,6,21.01,17.54,0.92,99,-3.48,19.28,17.33,0,0,0,0,0,,0,0,,0,0,0,0,0,0,28,11,2.78,25,0.1,0.06,0.06,-0.01,,0.2
Santiago Núñez,Estudiantes,Liga Profesional,2026,1350,Right Centre Back,Argentina,26,28/04/00,0.07,0.07,0.07,0.07,0.93,7,36,0,,0.1,0.07,0.06,0.13,0.07,0.06,0.13,0,0,0,0.13,0.12,1.07,0.01,0.07,0,0.07,0,0.8,0,0.13,0.07,1.07,1.15,6.53,6.89,10.46,5.26,0.1,6.4,21.75,11.2,1.53,2.07,3.13,84,2.28,3.43,1,58,0.4,67,3.13,0.07,7.4,7.9,3.53,1.6,0.93,26.13,0.87,12,0.6,38,0.27,0.07,0,49.78,85,4.53,10,62,7.4,6.46,11,59,-26,35.39,2.2,0.31,0.39,35.85,99,3.86,2.47,0.13,0.13,0,0.2,2.47,2.6,0.07,0,0,0,0.2,28,70,2,54,46,0,23.13,21.92,0.95,95,-1.22,22.01,20.75,0,0,0,0,0,,0,0,,0,0,0,0,0,0,18,7,3.42,23,0.07,0.03,-0.03,0,,0.07
Santiago Rodríguez,Gimnasia Mendoza,Liga Profesional,2026,710,Right Centre Forward,Argentina,29,22/08/97,0.13,0.13,0.1,0.05,1.9,7,20,3,,0.01,0,0.02,0.63,0,0.02,0.63,0,0,0,0.13,0.13,2.54,0,1.78,0.89,0.89,50,1.65,0,3.17,3.42,0.13,0.13,0.51,0.27,18.77,7.99,0,3.81,59.06,4.69,3.55,0.89,1.01,78,0.57,0.69,1.01,33,0.25,17,0.51,0,17,12.67,3.3,3.93,1.27,60.86,12.05,71,3.3,84,0.13,0,0,19.79,68,1.01,92,57,0.76,1.52,31,70,3,61.52,2.92,0.26,0.33,23.34,78,5.72,6.09,0.38,0.25,0.13,0,2.92,3.17,0,0,0.13,20,0.51,13,72,15,15,77,8,17.63,16.05,1.02,102,-1.58,17.99,16.37,0,0,0,0,0,,0,0,,0,0,0,0,0,0,36,14,3.02,25,-0.03,0.02,0.03,-0.08,,-0.06
Santiago Salle,CA Sarmiento,Liga Profesional,2026,1654,Right Midfielder,Argentina,22,03/06/04,0,0,0.05,0.12,0.44,0,38,1,,0.01,0.05,0.13,1.09,0.05,0.13,1.03,0,0,0.05,0.05,0.19,1.52,-0.13,2.45,1.36,1.09,56,2.07,0,2.5,3.48,1.14,0.58,1.36,0.7,15.95,5.93,0.02,5.33,41.46,8.49,3.21,1.42,2.56,68,1.05,1.63,1.8,35,0.65,54,1.42,0,12.74,9.56,4.3,3.59,0.93,47.17,5.71,45,2.61,73,0.38,0,0,21.77,61,1.36,14,38,1.8,3.1,24,56,-5,57.27,3.65,0.23,0.36,24.27,78,7.34,5.55,1.2,0.87,0.33,0.49,1.69,2.56,0,36,0.6,31,0.54,30,60,10,26,63,11,20.39,16.9,0.95,113,-3.49,19.31,19.03,0,0,0,0,0,,0,0,,0,0,0,0,0,0,36,12,3.59,28,0.09,0.07,0.01,-0.01,,0.16
Santiago Solari,Racing Club,Liga Profesional,2026,1441,Right Wing,Argentina,28,18/01/98,0.12,0.12,0.19,0.09,2,6,25,4,,0.12,0.19,0.1,1.12,0.19,0.1,1.06,0,0,0.06,0.31,0.29,3.12,0.02,2.25,1.25,1,56,0.81,0,2.12,2.75,0.31,0.38,0.87,0.98,15.62,6.5,0.02,4.87,52.78,6.62,3.75,1.06,1.37,61,1.08,1.45,1.19,21,0.69,39,1.37,0,13.37,14.63,3.56,2.44,0.81,57.11,8.5,64,2.19,90,0.19,0,0,23.99,63,0.81,13,65,1.06,1.06,28,48,-15,64.11,3.06,0.33,0.47,23.36,81,6.2,9.5,1.62,1.5,0.12,0.37,4.62,6.12,0,35,0.94,50,0.62,26,64,11,24,68,7,15.96,12.53,1.06,108,-3.43,16.91,13.54,0,0,0,0,0,,0,0,,0,0,0,0,0,0,37,14,3.6,30,0.09,0.03,-0.03,-0.05,,0.04
Santiago Sosa,Racing Club,Liga Profesional,2026,1971,Centre Defensive Midfielder,Argentina,27,02/05/99,0.05,0.05,0.04,0.05,0.78,6,24,0,,0.05,0.05,0.05,0.64,0.05,0.05,0.64,0,0,0,0.09,0.09,1.42,0,0.14,0.09,0.05,67,0.41,0,0.37,0.37,1.42,1.8,4.38,5.28,14.94,7.03,0.03,6.3,35.41,17.13,6.07,1.74,3.15,69,1.92,3.72,1.37,41,0.78,73,4.52,0.05,11.92,14.23,3.93,3.2,1.37,41.46,4.06,34,1.6,50,0.27,0,0,51.25,80,7.49,16,76,5.75,8.54,21,73,-8,46.25,5.53,0.35,0.4,33.98,98,4.45,8.5,0.37,0.37,0,0.09,1.6,1.96,0.05,13,0.05,17,0.09,24,70,6,31,65,4,23.12,19.48,0.98,98,-3.64,22.74,19.14,0,0,0,0,0,,0,0,,0,0,0,0,0,0,21,8,3.76,31,0.01,0.05,0.04,-0.03,,0.07
Santiago Sosa,Defensa y Justicia,Liga Profesional,2026,2020,Right Defensive Midfielder,Argentina,21,29/01/05,0,0,0.01,0.02,0.36,0,13,0,,0,0,0.01,0.4,0,0.01,0.4,0,0,0,0,0.02,0.76,-0.02,0.8,0.49,0.31,61,1.74,0,0.71,0.89,0.98,1.13,1.96,1.87,17.11,8.24,0.03,6.06,38.19,10.92,3.61,2.18,3.16,78,2.4,3.53,1.29,52,0.62,49,0.94,0,13.72,14.03,4.46,4.54,1.38,40.94,4.14,30,2.09,46,0.18,0,0.04,36.45,81,1.92,15,54,2.72,2.81,15,72,-8,46.14,3.07,0.24,0.24,29.32,96,4.9,4.95,0.31,0.31,0,0,0.13,0.45,0,43,0.13,60,0,20,68,12,28,59,13,18.41,17.41,0.95,88,-1,17.54,15.4,0,0,0,0,0,,0,0,,0,0,0,0,0,0,21,8,2.91,23,-0.01,0.07,0.06,-0.01,,0.11
Sasha Marcich,Lanús,Liga Profesional,2026,2090,Left Back,Argentina,28,28/05/98,0.04,0.04,0.03,0.05,0.6,7,7,1,,0.02,0.09,0.1,0.95,0.09,0.1,0.86,0,0,0.09,0.13,0.13,1.55,0,1.03,0.78,0.26,75,0.99,0,0.86,1.21,0.95,0.87,2.54,2.58,13.57,5.73,0.02,5.38,33.52,9.13,4.01,1.98,2.93,79,1.88,2.75,1.51,65,0.52,53,0.86,0,10.08,10.04,3.79,2.2,0.82,36.65,2.67,26,1.08,49,0.22,0,0,38.33,73,2.8,84,41,3.36,6.03,13,67,-6,51.11,4.95,0.44,0.49,30.92,94,4.61,9.13,1.25,0.9,0.34,0.26,1.51,2.41,0,55,1.03,38,0.3,30,58,11,25,61,14,21.1,19.15,0.88,94,-1.95,18.62,17.99,0,0,0,0,0,,0,0,,0,0,0,0,0,0,29,9,4.97,35,0.16,0.06,0.03,-0.01,,0.25
Saúl Salcedo,Newell's Old Boys,Liga Profesional,2026,1370,Right Centre Back,Paraguay,29,28/08/97,0,0,0.03,0.06,0.53,0,38,0,,0.01,0,0,0.07,0,0,0.07,0,0,0,0,0.03,0.59,-0.03,0.2,0.2,0,100,0.26,0,0.07,0.07,0.46,0.29,6.37,4.54,7.88,4.6,0.05,4.73,24.24,9.06,0.53,1.25,1.71,79,0.74,1.03,0.53,60,0.33,57,2.56,0,6.11,4.11,2.89,1.44,0.59,30.13,1.05,17,0.66,45,0.26,0,0,28.44,79,3.28,7,46,7.82,5.65,16,64,-14,34.92,1.9,0.16,0.16,19.9,99,6.25,1.64,0.13,0.13,0,0.07,1.31,1.44,0,0,0,,0.07,32,65,3,56,44,0,27.64,27.69,0.89,83,0.05,24.54,23.05,0,0,0,0,0,,0,0,,0,0,0,0,0,0,24,9,1.46,13,0.07,0.04,-0.06,-0.04,,0.02
Sebastián Driussi,River Plate,Liga Profesional,2026,1178,Right Centre Forward,Argentina,30,08/02/96,0.46,0.46,0.41,0.15,2.68,17,43,4,,0.45,0,0.06,1.07,0,0.06,1.07,0,0,0,0.46,0.47,3.75,-0.01,1.91,1.07,0.84,56,1.22,0.08,1.3,2.9,0.23,0.35,0.54,0.84,18.88,7.8,0,5.66,60.56,5.58,3.67,1.07,1.3,64,1.79,2.13,0.92,20,0.61,35,1.15,0,17.04,26.23,4.97,3.9,0.99,62.24,12.99,76,2.9,75,0,0,0,28.89,80,1.3,7,81,0.76,1.38,26,74,-6,62.43,2.98,0.61,0.8,26.52,89,4.07,11.46,0.76,0.76,0,0.23,5.04,5.81,0,20,0.23,43,0.61,11,70,19,10,73,17,15.69,14.16,1.02,104,-1.53,16.05,14.77,0,0,0,0,0,,0,0,,0,0,0,0,0,0,22,8,5.35,28,-0.04,0.06,0.01,0.04,,0.07
Sebastián Medina,Tigre,Liga Profesional,2026,436,Left Midfielder,Argentina,26,14/03/00,0,0,0.05,0.03,1.65,0,13,3,,0,0,0.02,0.41,0,0.02,0.41,0,0,0,0,0.07,2.06,-0.07,0.62,0.62,0,100,1.03,0,1.86,1.44,0.83,0.59,0.62,0.39,16.09,8.66,0,4.54,45.91,7.22,3.3,1.03,1.86,71,1.13,1.73,1.44,0,0.41,53,1.65,0,13.62,11.57,3.92,1.65,1.03,46.24,6.19,45,1.65,100,0,0,0,20.22,52,0.62,77,18,1.65,2.48,36,42,-10,55.11,1.44,0.35,0.37,17.95,83,4.97,4.13,0.21,0.21,0,0.21,1.86,2.06,0,0,0.21,8,0.41,29,54,17,30,50,20,19.96,15.73,0.85,85,-4.23,17,13.38,0,0,0,0,0,,0,0,,0,0,0,0,0,0,38,10,2.12,16,-0.01,0.03,0.03,-0.06,,-0.01
Sebastián Prieto,Argentinos Juniors,Liga Profesional,2026,2118,Left Back,Argentina,33,08/04/93,0.08,0.08,0.03,0.04,0.89,10,24,1,,0.05,0.08,0.14,1.06,0.08,0.14,1.02,0,0,0.04,0.17,0.17,1.95,0,0.98,0.72,0.25,74,0.81,0,0.89,0.93,0.98,1.42,2.25,3.11,14.66,6.88,0.04,6.71,39.91,10.03,3.65,1.87,2.85,70,2.73,4.15,1.1,41,0.81,56,0.81,0,11.69,17.32,4.93,3.57,1.7,44.31,4.72,40,2.55,71,0.21,0,0,51.92,77,4.46,84,54,3.65,6.8,14,64,-13,52.06,7.05,0.43,0.48,43.68,97,4.82,12.58,1.7,1.53,0.17,0.17,1.02,2.55,0,45,0.98,31,0.13,24,62,14,27,61,12,20.82,21.24,0.94,93,0.42,19.47,19.68,0,0,0,0,0,,0,0,,0,0,0,0,0,0,24,9,5.56,36,0.18,0.1,0.05,0,,0.33
Sebastián Villa,Boca Juniors,Liga Profesional,2026,320,Left Wing,Colombia,30,18/05/96,0,0,0.09,0.04,2.25,0,13,2,,0.09,0.28,0.18,1.97,0.28,0.18,1.97,0,0,0,0.28,0.27,4.22,0.01,4.78,1.97,2.81,41,1.12,0,1.97,6.18,0,0,0,0,12.93,4.5,0,3.93,61.09,6.18,3.37,1.12,1.12,50,1.94,1.94,1.69,20,1.12,25,0.28,0,10.12,15.48,3.09,4.22,1.97,62.86,6.46,64,3.65,87,0,0,0,42.72,78,3.65,7,52,0.84,6.18,12,72,-6,64.65,5.62,0.36,0.47,50.03,84,6.3,20.8,1.69,1.69,0,0.84,3.93,5.62,0,67,1.69,26,1.12,12,70,19,18,64,19,21.15,18.85,0.88,102,-2.31,18.66,19.19,0,0,0,0,0,,0,0,,0,0,0,0,0,0,19,5,6.21,42,0.18,0.08,-0.01,-0.06,,0.19
Sebastián Villa,Independiente Rivadavia,Liga Profesional,2026,1229,Left Centre Forward,Colombia,30,18/05/96,0,0,0.12,0.05,2.34,0,31,3,,0.14,0.29,0.37,3.37,0.29,0.26,2.05,0,0.11,1.32,0.29,0.49,5.71,-0.2,2.78,1.54,1.24,55,1.39,0,1.9,2.86,0.29,0.24,0.07,0.04,9.08,3.22,0,1.9,64.93,4.91,3.37,0.37,0.66,63,0.34,0.58,0.88,40,0.22,13,0.07,0,7.83,6.76,1.83,2.27,0.73,63.78,6.08,78,2.27,100,0.15,0,0,34.93,66,4.25,9,40,1.1,9.67,17,70,4,63.47,7.76,0.61,0.79,39.61,90,6.98,11.28,4.76,2.78,1.98,0.29,1.9,4.69,0.07,40,2.42,35,0.22,13,76,11,21,69,9,25.02,19.8,0.89,97,-5.22,22.21,19.24,0,0,0,0,0,,0,0,,0,0,0,0,0,0,32,7,9.69,61,0.31,0.13,0.01,0,,0.45
Sebastián Váldez,Independiente,Liga Profesional,2026,1457,Left Centre Back,Argentina,31,05/11/95,0,0,0.05,0.11,0.43,0,29,0,,0.07,0,0.01,0.19,0,0.01,0.12,0,0,0.06,0,0.05,0.62,-0.05,0.31,0.25,0.06,80,0.93,0,0.31,0.12,0.8,0.84,5.68,5.72,10.44,5.75,0.04,7.1,24.42,16.19,2.66,1.67,2.47,75,1.56,2.41,0.74,56,0.56,68,3.09,0.06,8.09,8.57,4.39,1.42,0.74,29.51,1.11,14,0.68,48,0.19,0.06,0,39.35,82,2.66,10,56,6.43,4.02,15,73,-9,38.04,1.98,0.33,0.33,26.63,99,6.68,2.22,0.06,0.06,0,0.06,0.99,1.05,0,0,0,0,0.12,29,67,4,47,47,6,22.2,20.95,0.95,100,-1.25,21.1,21.02,0,0,0,0,0,,0,0,,0,0,0,0,0,0,21,7,3.69,26,0.01,0.07,-0.04,0.01,,0.04
Sergio Ojeda,AA Estudiantes Río Cuarto,Liga Profesional,2026,1392,Centre Back,Argentina,34,03/01/92,0.06,0.06,0.03,0.15,0.19,33,33,0,,0.04,0,0.01,0.06,0,0.01,0.06,0,0,0,0.06,0.04,0.26,0.02,0.39,0.32,0.06,83,0.84,0,0.19,0.06,1.03,0.79,5.24,3.3,8.92,4.33,0.05,6.21,21.99,8.28,0.97,1.36,2.39,84,1.3,2.09,0.84,56,0.26,46,1.23,0,6.72,5.55,3.69,0.71,0.32,24.58,0.45,7,0,0,0.26,0,0,27.87,77,3.49,17,56,6.08,5.43,12,56,-21,36.77,2.39,0.1,0.12,20.49,99,6.03,2.39,0.32,0.32,0,0,0.32,0.65,0,20,0.06,50,0,33,64,3,38,59,3,24.94,26.4,0.91,80,1.46,22.65,21.19,0,0,0,0,0,,0,0,,0,0,0,0,0,0,24,8,1.83,16,0.05,0.05,0.1,0.02,,0.22
Sergio Vittor,Banfield,Liga Profesional,2026,1086,Left Centre Back,Argentina,37,08/06/89,0,0,0.01,0.06,0.25,0,33,0,,0,0,0,0,0,0,0,0,0,0,0,0.01,0.25,-0.01,0.17,0.17,0,100,0.25,0,0.58,0,1.41,0.61,5.97,3.75,11.43,6.3,0.1,5.97,24.69,11.1,1.66,1.57,2.98,73,0.83,1.44,0.99,50,0.58,51,1.74,0.08,8.87,5.24,3.56,1.16,0.66,30.22,0.75,8,0.33,29,0.25,0,0,32.31,71,5.14,10,50,7.79,8.37,19,66,-5,35.22,3.07,0.18,0.18,22.21,97,6.1,2.49,0.08,0.08,0,0,0.17,0.25,0,0,0,,0,36,63,1,57,43,0,28.94,25.89,0.9,87,-3.05,26.07,22.44,0,0,0,0,0,,0,0,,0,0,0,0,0,0,29,8,2.66,21,0.06,0.05,0.04,-0.01,,0.13
Sheyko Studer,Independiente Rivadavia,Liga Profesional,2026,1782,Left Centre Back,Argentina,24,11/11/02,0.1,0.1,0.03,0.07,0.4,25,50,0,,0.06,0,0.01,0.3,0,0.01,0.3,0,0,0,0.1,0.04,0.71,0.06,0.3,0.3,0,100,1.26,0,0.4,0.25,1.11,0.81,4.8,3.65,7.73,3.28,0.04,4.95,25.19,9.85,1.92,1.21,2.32,80,1.06,1.87,0.56,64,0.3,67,1.31,0.05,5.96,4.89,2.98,1.01,0.76,29.59,0.96,16,0.61,60,0.2,0,0,31.81,74,3.74,21,46,6.16,6.72,14,56,-19,38.75,3.38,0.26,0.28,24.79,99,4.95,3.48,0.05,0.05,0,0.05,1.51,1.57,0.05,100,0.05,50,0.15,36,61,3,32,64,4,26.48,25.24,0.89,84,-1.23,23.59,21.14,0,0,0,0,0,,0,0,,0,0,0,0,0,0,26,8,2.8,18,0.04,0.05,0.03,0.01,,0.14
Simón Escobar,Vélez Sarsfield,Liga Profesional,2026,368,Left Back,Argentina,17,16/07/09,0,0,0.08,0.05,1.71,0,0,1,,0,0,0,0,0,0,0,0,0,0,0,0.08,1.71,-0.08,2.2,1.71,0.49,78,1.71,0,2.69,2.69,0.73,0.72,0.49,0.43,19.33,11.5,0.02,8.08,45.46,7.83,4.65,2.69,3.43,58,2.81,3.53,1.47,20,1.96,20,0.24,0,15.17,13.12,6.12,5.38,1.96,48.83,7.34,48,3.67,68,0.24,0,0,32.55,71,1.47,83,50,0.73,2.69,17,58,-13,55.89,4.16,0.12,0.16,36.71,87,5.2,9.05,0.73,0.73,0,0,2.45,3.18,0,33,0.49,33,0,23,63,14,14,59,27,17.64,15.92,0.97,95,-1.72,17.19,15.06,0,0,0,0,0,,0,0,,0,0,0,0,0,0,34,10,3.18,25,-0.05,0.05,0.03,-0.11,,-0.07
Siro Rosané,AA Estudiantes Río Cuarto,Liga Profesional,2026,1066,Left Defensive Midfielder,Argentina,26,06/06/00,0,0,0.04,0.03,1.27,0,13,2,,0.02,0.08,0.1,1.01,0.08,0.07,0.51,0,0.03,0.51,0.08,0.14,2.28,-0.06,0.93,0.51,0.42,55,2.79,0,1.44,1.35,1.01,0.66,2.11,1.53,22.21,10.64,0.01,7.77,42.45,11.23,5.66,2.79,3.8,75,2.7,3.36,1.35,53,0.93,53,2.03,0,18.07,14,5.4,4.48,1.18,45.71,6.92,38,2.96,66,0.08,0,0,37.91,75,3.29,16,56,2.7,5.32,18,69,-5,51.62,4.9,0.25,0.27,31.33,92,4.39,8.11,1.6,0.93,0.68,0.08,0.51,1.44,0.42,16,0.25,25,0.08,24,68,8,28,61,10,21.13,16.93,0.94,97,-4.19,19.87,16.46,0,0,0,0,0,,0,0,,0,0,0,0,0,0,26,9,4.53,38,0.08,0.06,0.06,-0.04,,0.16
T.Ortiz,Huracán,Liga Profesional,2026,581,Right Wing,Argentina,18,20/09/08,0.31,0.31,0.08,0.06,1.24,25,50,2,,0.16,0,0.06,0.93,0,0.06,0.93,0,0,0,0.31,0.14,2.17,0.17,2.63,1.08,1.55,41,1.24,0,3.41,4.33,0.62,0.53,0.62,0.91,16.56,7.12,0,4.8,53.67,6.66,3.72,1.24,1.86,62,1.31,1.84,0.62,17,0.77,33,0.62,0,15.02,17.24,4.33,4.49,1.39,54.95,9.91,66,3.72,83,0.15,0,0.15,23.37,72,1.39,77,60,0.77,2.17,21,70,-3,59.2,3.25,0.17,0.23,28.33,76,5.75,7.89,0.62,0.62,0,0,2.63,3.25,0.15,25,0.31,33,0.15,14,65,21,20,53,27,18.42,17.31,1.01,115,-1.11,18.53,19.84,0,0,0,0,0,,0,0,,0,0,0,0,0,0,28,9,4.54,33,-0.04,0.04,0.01,0.14,,0.15
Teo Rodríguez Pagano,San Lorenzo de Almagro,Liga Profesional,2026,1069,Left Back,Argentina,21,11/10/05,0,0,0.01,0.02,0.67,0,13,1,,0.03,0,0.05,0.51,0,0.04,0.34,0,0.02,0.17,0,0.07,1.18,-0.07,3.28,1.85,1.43,56,1.18,0,1.26,2.86,0.76,0.68,2.44,2.64,11.79,5.05,0.02,5.89,36.39,9.68,3.54,1.77,2.53,72,1.73,2.4,1.01,65,0.67,56,1.18,0,9.01,9.82,4.13,2.61,1.43,40.28,2.61,29,1.18,45,0.08,0,0,34.27,66,2.53,87,33,3.62,6.4,12,54,-12,52.8,4.8,0.22,0.23,33.51,89,6.02,6.9,0.93,0.59,0.34,0.17,0.76,1.35,0,64,0.67,26,0.17,41,47,12,43,39,18,21.32,20.74,0.86,91,-0.58,18.44,18.96,0,0,0,0,0,,0,0,,0,0,0,0,0,0,33,9,3.28,27,0.16,0.07,0.04,-0.01,,0.26
Thiago Cardozo,Belgrano,Liga Profesional,2026,2681,Goalkeeper,Uruguay,30,30/07/96,0,0,0,,0,,,0,,0,0,0,0.07,0,0,0.03,0,0,0.03,0,0,0.07,0,0,0,0,,0.37,0,0,0,0,0,0,0,0.13,0.07,0,6.55,2.87,3.99,0.07,0,0,,0,0,0.03,100,0,,0,0,0.1,0.1,0.1,0,0,15.45,0,0,0,,0.03,0,0,19.37,62,7.42,15,40,3.02,15.51,14,50,-12,11.92,1.85,0.12,0.12,16.52,100,6.08,0.81,0.03,0.03,0,0,0,0.03,0,0,0,,0,57,43,0,92,8,0,48.09,48.04,0.77,82,-0.05,37.01,39.21,0.57,0.71,0.14,80,75,5,0.93,2.79,26,10.54,1.63,0.13,0.1,18.85,0,31,3,1.18,9,0.12,0.07,-0.02,,0.1,0.28
Thiago Santamaría,CA Sarmiento,Liga Profesional,2026,1083,Right Back,Argentina,23,03/04/03,0,0,0.05,0.05,0.91,0,27,1,,0.02,0.08,0.09,1,0.08,0.07,0.83,0,0.02,0.17,0.08,0.14,1.91,-0.06,0.58,0.17,0.42,29,0.83,0,1.74,1.16,2.24,1.44,2.41,1.88,15.45,8.14,0.01,6.31,35.56,10.3,3.57,2.16,4.4,60,1.95,3.39,1.16,33,1.41,23,0.5,0,12.13,10,4.82,3.07,1.25,37.34,3.07,25,1.83,59,0.25,0,0,32.06,70,3.16,13,51,2.99,5.65,10,60,-10,52.78,4.15,0.19,0.25,27.08,90,3.74,7.14,1.66,1.08,0.58,0,0.91,1.99,0.08,35,0.66,44,0.25,30,58,11,24,59,16,19.57,17.62,0.93,91,-1.96,18.25,16.09,0,0,0,0,0,,0,0,,0,0,0,0,0,0,30,11,4.97,47,0.17,0.08,0.04,-0.02,,0.27
Thiago Silvero,Vélez Sarsfield,Liga Profesional,2026,1002,Right Centre Back,Argentina,20,17/04/06,0.09,0.09,0.06,0.08,0.81,11,56,0,,0.13,0.09,0.06,0.27,0.09,0.06,0.27,0,0,0,0.18,0.13,1.08,0.05,0.63,0.45,0.18,71,1.26,0,0.45,0.36,0.99,1.24,5.66,5.96,11.58,5.12,0.04,7,24.52,12.93,2.07,2.25,3.23,89,2.37,3.62,0.45,75,0.27,56,2.78,0.09,8.89,10.09,4.49,2.07,0.99,26.16,0.99,11,0.54,26,0.36,0,0,45.89,69,3.41,7,33,7.54,8.53,12,41,-28,38.03,2.96,0.33,0.39,34.12,98,4.54,3.68,0.27,0.27,0,0.09,1.89,2.16,0,33,0.09,25,0.09,38,58,4,46,51,2,26.53,28.09,0.85,75,1.56,22.53,21.17,0,0,0,0,0,,0,0,,0,0,0,0,0,0,28,6,2.52,21,0.11,0.07,-0.03,-0.04,,0.1
Thomas Rios,Newell's Old Boys,Liga Profesional,2026,448,Left Wing,Argentina,20,21/09/06,0,0,0.13,0.1,1.21,0,0,2,,0,0.2,0.03,0.2,0.2,0.03,0.2,0,0,0,0.2,0.16,1.41,0.04,2.21,0.6,1.61,27,1.21,0,4.42,4.62,0.2,0.32,0.4,0.39,19.91,8.85,0.01,5.63,49.39,7.24,3.42,2.61,2.82,87,2.16,2.48,1.81,33,0.4,40,1.21,0,15.48,13.78,4.02,4.22,1.81,49.19,8.04,52,3.02,71,0,0,0,17.9,64,0.4,81,40,0.4,1.01,19,59,-5,59.23,0.8,0.05,0.25,21.72,67,7.4,5.83,0,0,0,0.2,2.21,2.21,0,,0,0,0.2,15,65,20,14,62,24,14.98,11.99,0.89,98,-3,13.28,11.7,0,0,0,0,0,,0,0,,0,0,0,0,0,0,33,2,0.97,10,-0.06,0.03,0.05,-0.13,,-0.12
Thyago Ayala,CA Sarmiento,Liga Profesional,2026,582,Goalkeeper,Argentina,25,06/09/01,0,0,0,,0,,,0,,0,0,0,0,0,0,0,0,0,0,0,0,0,0,0,0,0,,0.15,0,0,0,0,0,0,0,0,0,0,7.74,2.74,4.8,0,0,0,,0,0,0,,0,,0,0,0,0,0,0,0,,0,,0,,0,0,0,14.54,47,10.67,7,42,1.86,23.82,7,38,-9,13.07,3.4,0.07,0.07,12.07,100,10.01,2.01,0.46,0.15,0.31,0,0,0.15,0,0,0,,0,85,15,0,100,0,0,59.71,53.78,0.88,103,-5.93,52.55,55.39,0.93,1.07,0.14,78,74,3,0.91,4.18,31,13.61,1.98,0.15,0,14.96,-5,42,3,1.84,13,0.18,0.12,,,0.07,0.37
Tiago Cravero,Central Córdoba SdE,Liga Profesional,2026,917,Left Defensive Midfielder,Argentina,24,02/10/02,0,0,0,0.02,0.29,0,0,1,,0,0,0,0.1,0,0,0.1,0,0,0,0,0.01,0.39,-0.01,0.1,0.1,0,100,0.98,0,0.49,0.1,2.26,1.32,1.67,1.13,23.16,13.35,0,9.32,33.9,13.84,3.53,2.45,4.71,69,1.72,3.04,1.57,47,1.08,53,0.98,0.1,19.14,13.08,6.97,3.73,1.28,35.36,3.73,19,1.57,42,0.2,0,0,31.7,74,3.24,13,62,2.94,3.93,16,59,-15,43.37,2.94,0.23,0.23,20.12,97,4.72,3.73,0,0,0,0,0,0,0,,0,,0,30,66,4,32,61,8,22.17,23.39,0.94,90,1.22,20.92,21,0,0,0,0,0,,0,0,,0,0,0,0,0,0,27,9,1.92,22,0,0.05,0.07,-0.01,,0.11
Tiago Palacios,Estudiantes,Liga Profesional,2026,1130,Centre Attacking Midfielder,Uruguay,25,27/03/01,0.32,0.32,0.17,0.08,2.23,14,32,3,,0.23,0.16,0.24,2.07,0.16,0.21,1.59,0,0.03,0.48,0.48,0.41,4.3,0.07,2.55,1.35,1.19,53,1.99,0,3.11,3.11,0.48,0.57,0.24,0.29,17.37,8.13,0,4.86,52.44,8.28,3.74,1.04,1.51,52,1.28,1.85,1.51,37,0.96,29,0.56,0,14.82,17.37,4.22,3.03,0.8,54.88,8.92,60,2.31,76,0.4,0,0,34.97,78,3.9,88,64,1.12,5.26,22,79,1,60.18,6.53,0.55,0.72,37.6,86,6.05,12.91,2.15,1.35,0.8,0.24,3.03,4.38,0.08,15,0.48,38,0.48,14,74,11,20,72,7,20.56,18.25,0.96,106,-2.31,19.72,19.42,0,0,0,0,0,,0,0,,0,0,0,0,0,0,24,10,7.81,47,0.03,0.16,0.01,0.06,,0.25
Tiago Serrago,Tigre,Liga Profesional,2026,995,Right Midfielder,Argentina,22,04/02/04,0.09,0.09,0.06,0.05,1.27,7,29,2,,0.02,0,0.13,0.81,0,0.13,0.81,0,0,0,0.09,0.19,2.08,-0.1,2.71,1.63,1.09,60,0.9,0,2.53,2.8,0.54,0.43,0.81,0.55,23.7,10.94,0.01,5.34,45.83,7.69,4.25,1.63,2.17,60,1.48,1.91,1.9,20,1.09,35,0.54,0,20.17,15.75,3.98,5.43,0.99,46.58,8.05,40,4.34,80,0.09,0,0,21.98,63,0.72,14,27,1.54,1.99,25,63,0,60.52,4.07,0.23,0.38,23.61,80,6.95,6.96,0.81,0.81,0,0.36,1.72,2.53,0,33,0.36,21,0.45,27,56,17,31,51,18,19.81,20.22,0.96,99,0.42,19.11,20.1,0,0,0,0,0,,0,0,,0,0,0,0,0,0,35,11,2.6,23,0.04,0.06,0,-0.04,,0.06
Timoteo Chamorro,Talleres de Córdoba,Liga Profesional,2026,619,Right Wing Back,Argentina,20,07/02/06,0,0,0.07,0.04,1.6,0,55,2,,0.07,0.29,0.26,1.75,0.29,0.26,1.75,0,0,0,0.29,0.32,3.34,-0.03,1.16,0.73,0.44,63,0,0,1.02,2.04,0.44,0.5,1.16,1.46,13.23,6.4,0.01,4.51,41.73,6.4,2.76,1.45,1.89,71,1.65,2.15,0.87,50,0.58,36,0.73,0,10.91,13.05,3.49,3.05,1.16,45.22,4.07,37,2.18,71,0.29,0,0,33.59,74,1.75,11,50,1.89,2.76,17,62,-11,56.73,2.91,0.45,0.71,30.68,92,4,11.49,1.31,1.31,0,0.44,4.07,5.38,0,78,1.89,41,0.73,20,66,14,15,62,23,18.44,17.06,0.93,95,-1.37,17.19,16.14,0,0,0,0,0,,0,0,,0,0,0,0,0,0,31,12,5.83,36,0.15,0.06,-0.08,-0.06,,0.07
Tiziano Perrotta,Banfield,Liga Profesional,2026,1247,Left Centre Forward,Argentina,20,24/11/06,0.43,0.43,0.29,0.11,2.74,16,34,5,,0.36,0.07,0.13,1.08,0.07,0.13,1.08,0,0,0,0.51,0.43,3.82,0.08,1.23,0.58,0.65,47,1.37,0,2.89,4.11,0.14,0.09,0.36,0.23,15.22,6.42,0.02,4.91,58.72,4.55,3.03,1.01,1.15,82,0.62,0.71,0.94,50,0.22,40,3.03,0,13.35,8.41,4.11,2.53,0.87,60.98,9.81,74,2.24,89,0.07,0,0,19.99,62,0.43,80,55,0.79,0.36,38,63,0,62.16,2.74,0.39,0.65,21.14,73,5.38,6.06,0.65,0.65,0,0.36,5.92,6.57,0.22,0,0.29,36,0.51,22,66,12,29,63,8,14.74,14.55,1,97,-0.19,14.8,14.14,0,0,0,0,0,,0,0,,0,0,0,0,0,0,36,10,4.31,31,0.02,0,-0.01,0.04,,0.05
Tobias Ostchega,AA Estudiantes Río Cuarto,Liga Profesional,2026,872,Left Back,Argentina,28,24/08/98,0,0,0.06,0.06,1.03,0,20,1,,0.02,0,0.02,0.31,0,0.02,0.31,0,0,0,0,0.08,1.34,-0.08,1.14,0.93,0.21,82,0.52,0,1.24,1.14,1.03,0.77,2.79,2.13,13.73,6.09,0.01,4.64,31.24,9.29,4.23,1.65,2.68,64,1.28,2.05,1.44,31,0.93,47,0.93,0,10.63,8.67,3.72,1.96,1.14,34.09,1.96,18,1.14,58,0.21,0,0,31.17,67,2.27,91,33,3.82,5.88,16,59,-8,53.7,5.47,0.16,0.2,26.73,93,4.66,7.02,1.44,0.52,0.93,0.1,1.03,1.55,0,21,0.52,24,0.1,39,54,8,44,46,10,21.17,19.33,0.83,86,-1.84,17.68,16.55,0,0,0,0,0,,0,0,,0,0,0,0,0,0,42,14,3.27,30,0.13,0.05,0.06,-0.06,,0.19
Tobías Andrada,River Plate,Liga Profesional,2026,369,Right Defensive Midfielder,Argentina,19,01/02/07,0,0,0.01,0.05,0.24,0,0,0,,0,0,0.02,0.73,0,0.02,0.73,0,0,0,0,0.03,0.98,-0.03,0.98,0.49,0.49,50,0.73,0,1.95,1.71,0.24,0.31,0.24,0.42,20.02,10.5,0,6.35,47.56,10.74,5.62,1.71,1.95,54,2.07,2.38,1.95,29,1.47,50,0.24,0,16.36,19.49,5.62,5.62,2.69,49.87,8.06,49,3.42,61,0.24,0,0,59.58,85,3.91,12,70,0.98,4.88,19,77,-8,52.51,6.59,0.38,0.38,52.25,94,4.27,15.38,0.98,0.98,0,0,0.73,1.71,0,50,0.49,67,0,16,71,13,16,73,11,19.09,17.53,0.97,107,-1.56,18.51,18.82,0,0,0,0,0,,0,0,,0,0,0,0,0,0,16,5,6.35,46,0.02,0.07,0.03,-0.02,,0.11
Tobías Andrada,Vélez Sarsfield,Liga Profesional,2026,1650,Right Wing,Argentina,19,01/02/07,0.05,0.05,0.05,0.06,0.93,6,29,1,,0.1,0.05,0.05,0.82,0.05,0.05,0.82,0,0,0,0.11,0.11,1.74,0,1.42,0.76,0.65,54,1.8,0,2.02,2.24,0.93,1.21,0.93,1.22,27.1,10.58,0.01,9.27,45.19,9.98,5.73,2.73,3.65,69,3.27,4.48,1.58,26,1.2,33,0.65,0,22.79,26.86,7.69,6.65,2.51,46.15,9.54,42,4.25,64,0.27,0,0,45.59,80,2.07,16,62,1.25,3,16,77,-2,56.99,6.98,0.43,0.53,38.44,91,4.64,16.36,0.93,0.93,0,0.16,1.74,2.67,0.16,18,0.16,19,0.16,21,69,11,22,68,10,17.71,15.44,0.99,102,-2.27,17.54,15.76,0,0,0,0,0,,0,0,,0,0,0,0,0,0,24,11,4.6,35,0.02,0.04,0.04,-0.04,,0.07
Tomas Bottari,Independiente Rivadavia,Liga Profesional,2026,1391,Centre Defensive Midfielder,Argentina,25,25/04/01,0,0,0.01,0.02,0.26,0,0,0,,0,0,0.01,0.45,0,0.01,0.45,0,0,0,0,0.02,0.71,-0.02,0.32,0.13,0.19,40,1.16,0,0.39,0.39,1.68,1.55,1.55,1.27,20.25,11.38,0.03,8.09,36.33,13.71,5.82,2.26,3.95,70,2.38,3.92,0.84,41,0.97,56,1.23,0,17.14,14.94,6.47,4.66,1.49,39.06,4.98,29,2.52,54,0.13,0,0,34.02,87,1.88,10,83,2.01,1.81,17,74,-13,44.3,2.07,0.28,0.3,21.6,97,3.92,3.3,0.13,0.13,0,0,0,0.13,0,0,0,0,0,19,74,8,33,65,2,18.28,16.84,1.02,109,-1.44,18.6,18.42,0,0,0,0,0,,0,0,,0,0,0,0,0,0,19,10,2.98,19,0.03,0.05,-0.02,-0.01,,0.05
Tomás Adoryán,Banfield,Liga Profesional,2026,1050,Left Centre Midfielder,Argentina,25,21/09/01,0,0,0.12,0.05,2.31,0,26,3,,0.1,0.17,0.11,1.54,0.17,0.09,1.2,0,0.03,0.34,0.17,0.23,3.86,-0.06,1.11,0.51,0.6,46,2.91,0.09,2.4,2.23,0.43,0.17,0.77,0.37,30.67,12.77,0.01,7.88,43.28,11.31,5.65,4.03,4.46,80,2.68,2.85,3.51,50,1.03,38,1.29,0,23.13,15.51,6.51,6.43,1.8,45.67,9.77,42,4.54,71,0.69,0,0,32.56,73,2.83,13,56,1.63,4.2,22,70,-2,54.47,5.65,0.34,0.43,32.99,88,6.82,9.94,1.8,1.37,0.43,0.26,3,4.37,0.26,33,0.77,35,0.43,24,68,8,28,66,6,21.35,18.45,0.96,98,-2.9,20.5,18.08,0,0,0,0,0,,0,0,,0,0,0,0,0,0,30,13,5.85,43,0.08,0.18,-0.03,-0.05,,0.18
Tomás Aranda,Boca Juniors,Liga Profesional,2026,1325,Left Midfielder,Argentina,19,08/05/07,0.07,0.07,0.14,0.06,2.38,3,23,2,,0.06,0.2,0.26,1.49,0.2,0.24,1.22,0,0.02,0.27,0.27,0.4,3.87,-0.13,3.4,2.79,0.61,82,2.31,0,3.06,2.45,0.75,0.97,0.27,0.3,17.87,8.08,0.01,5.71,50.75,9.17,4.82,1.36,2.11,63,1.82,2.79,1.29,35,0.82,29,0.48,0,15.22,20.59,4.82,4.76,1.56,51.74,7.61,50,3.26,69,0.14,0,0,48.71,82,2.92,15,59,1.09,4.14,17,78,-4,57.94,8.08,0.73,0.85,49.52,90,6.07,18.95,1.97,1.77,0.2,0.41,3.6,5.37,0.48,17,0.48,39,0.68,17,68,15,18,69,13,17.45,15.28,0.96,106,-2.17,16.73,16.23,0,0,0,0,0,,0,0,,0,0,0,0,0,0,18,7,6.69,42,0.07,0.11,0.01,-0.11,,0.08
Tomás Badaloni,Rosario Central,Liga Profesional,2026,306,Centre Forward,Argentina,26,01/05/00,0,0,0.22,0.25,0.88,0,0,1,,0,0.29,0.09,0.88,0.29,0.09,0.88,0,0,0,0.29,0.31,1.76,-0.02,0.29,0.29,0,100,1.18,0,1.18,2.06,0,0,0.88,1.18,22.04,10.28,0,4.41,60.54,2.06,1.76,0.29,0.29,33,0.41,0.41,1.47,0,0.59,53,2.35,0,20.27,27.52,4.41,3.23,1.76,63.2,15.57,77,2.94,91,0,0,0,14.98,73,0.59,79,67,1.18,0.59,33,67,-6,57.73,0.29,0.43,0.61,12.34,79,3.53,4.11,0,0,0,0.59,3.53,3.53,0,,0,0,0.88,7,65,27,7,64,29,14.79,15.02,1,105,0.23,14.78,15.85,0,0,0,0,0,,0,0,,0,0,0,0,0,0,31,13,2,14,0.02,-0.05,0.01,-0.23,,-0.25
Tomás Belmonte,Boca Juniors,Liga Profesional,2026,796,Left Defensive Midfielder,Argentina,28,26/05/98,0.11,0.11,0.14,0.11,1.24,9,18,1,,0.04,0,0.01,0.23,0,0.01,0.23,0,0,0,0.11,0.14,1.47,-0.03,0.68,0.57,0.11,83,2.03,0,0.68,1.36,0.79,0.94,1.58,1.94,14.58,6.44,0.01,4.3,42.15,10.06,3.17,1.7,2.49,83,1.92,2.86,1.92,25,0.34,43,1.81,0,11.08,12.5,3.5,2.26,0.68,44.15,3.73,34,0.9,40,0.45,0,0,42.06,88,2.37,13,84,1.92,2.49,17,83,-5,47.53,3.05,0.4,0.5,33.01,96,3.72,6.9,0.11,0.11,0,0.23,3.39,3.5,0,0,0.11,50,0.23,16,74,10,20,72,8,18.14,18.48,0.99,101,0.35,17.9,18.74,0,0,0,0,0,,0,0,,0,0,0,0,0,0,17,7,4.13,33,-0.04,0.05,0.03,-0.09,,-0.05
Tomás Conechny,Racing Club,Liga Profesional,2026,1426,Left Wing,Argentina,28,29/03/98,0.19,0.19,0.16,0.12,1.33,14,33,2,,0.2,0.13,0.15,1.2,0.13,0.15,1.2,0,0,0,0.32,0.31,2.53,0.01,0.38,0.19,0.19,50,0.44,0,2.34,2.34,0.57,0.69,0.76,0.86,14.14,6.44,0.02,4.67,51.61,5.74,3.03,0.88,1.45,58,1.12,1.81,1.45,31,0.63,46,3.22,0,11.99,13.19,3.79,3.47,1.45,52.95,6.88,57,2.65,76,0.13,0,0,27.65,67,0.63,81,42,0.88,1.39,25,56,-10,62.45,2.4,0.39,0.57,21.65,83,5.11,9.66,0.82,0.82,0,0.44,5.05,5.87,0,15,0.38,30,0.88,15,67,18,12,65,22,16.38,13.87,0.96,99,-2.51,15.79,13.78,0,0,0,0,0,,0,0,,0,0,0,0,0,0,34,11,3.92,29,0.06,0.01,0.02,0.05,,0.14
Tomás Fernández,Aldosivi,Liga Profesional,2026,790,Right Centre Forward,Argentina,28,10/02/98,0.11,0.11,0.19,0.12,1.6,7,36,3,,0.18,0.23,0.12,1.71,0.23,0.11,1.25,0,0.02,0.46,0.34,0.32,3.31,0.02,1.03,0.57,0.46,56,0.46,0,2.62,2.74,0.34,0.18,0.46,0.19,24.28,12.2,0.01,6.72,52.39,5.36,3.76,2.85,3.19,78,1.77,1.95,2.51,46,0.8,44,0.8,0,18.92,9.99,5.58,3.76,1.14,54.26,10.71,57,2.51,67,0.46,0,0,17.89,56,1.6,17,37,1.03,3.76,24,56,0,60.58,2.62,0.19,0.39,17.32,76,6.2,4.67,1.37,1.03,0.34,0,2.28,3.31,0.11,67,0.91,38,0,16,72,11,12,83,5,22.08,17.72,0.9,95,-4.36,19.92,16.77,0,0,0,0,0,,0,0,,0,0,0,0,0,0,41,6,4.32,35,-0.04,-0.03,0.05,0.02,,0
Tomás Galván,River Plate,Liga Profesional,2026,1993,Left Wing,Argentina,26,10/04/00,0.14,0.14,0.15,0.11,1.35,10,33,1,,0.13,0.14,0.21,1.58,0.14,0.18,1.35,0,0.03,0.23,0.27,0.36,2.93,-0.09,1.76,0.77,0.99,44,2.66,0,1.54,2.75,0.99,1.46,0.36,0.54,18.33,7.9,0.02,7.45,50.05,7.54,4.47,1.94,2.93,72,3.08,4.55,0.86,52,0.77,38,0.72,0,15.53,23.87,6.01,4.2,1.67,50.68,7.99,51,2.57,61,0,0,0,39.42,82,1.08,18,52,0.5,1.94,23,79,-3,59.73,4.88,0.59,0.7,38.15,91,5.06,13.37,1.04,0.63,0.41,0.54,3.39,4.02,0.05,13,0.36,31,0.9,13,71,16,16,70,15,16.8,14.22,0.99,108,-2.58,16.69,15.36,0,0,0,0,0,,0,0,,0,0,0,0,0,0,17,7,6.92,39,0.06,0.08,0.04,0,,0.18
Tomás González,Deportivo Riestra,Liga Profesional,2026,380,Left Centre Forward,Argentina,23,17/05/03,0.47,0.47,0.23,0.1,2.37,20,40,3,,0.33,0,0.06,1.18,0,0.05,0.95,0,0.01,0.24,0.47,0.3,3.55,0.18,1.18,0.47,0.71,40,0.95,0,2.37,1.9,0.24,0.07,0.71,0.26,19.19,6.87,0,5.21,53.99,8.77,5.21,2.13,2.37,90,0.71,0.78,1.18,67,0.24,44,4.5,0,15.88,5.31,4.74,4.27,1.42,57.45,9.48,60,3.55,83,0,0,0,26.06,54,1.18,10,38,1.42,2.37,29,48,-6,67.21,3.08,0.23,0.38,20.38,80,4.6,9.71,0.47,0.24,0.24,0.47,4.74,4.98,0,50,0.71,50,0.71,21,67,12,7,71,22,16.42,13.67,0.94,136,-2.76,15.46,18.56,0,0,0,0,0,,0,0,,0,0,0,0,0,0,45,11,2.7,23,-0.05,0,-0.01,0.15,,0.08
Tomás González,AA Estudiantes Río Cuarto,Liga Profesional,2026,1761,Right Defensive Midfielder,Argentina,28,31/10/98,0,0,0.07,0.07,0.97,0,11,1,,0,0,0.08,1.12,0,0.08,1.12,0,0,0,0,0.14,2.1,-0.14,1.43,0.56,0.87,39,1.64,0,2.45,2.81,1.18,0.86,1.18,0.98,27.04,11.5,0.02,7.36,46.55,9.66,6.19,2.3,3.48,73,1.67,2.53,2.15,19,0.87,46,1.48,0.05,22.64,16.69,6.44,6.34,2.56,48.15,10.12,45,4.34,69,0.36,0,0,31.95,71,1.38,15,45,1.58,2.66,22,65,-6,57.61,4.14,0.17,0.28,29.6,84,4.47,9.41,0.66,0.61,0.05,0.2,2.1,2.71,0.2,15,0.31,30,0.31,23,65,11,23,66,11,18.09,14.75,0.94,99,-3.34,17.08,14.61,0,0,0,0,0,,0,0,,0,0,0,0,0,0,27,9,3.73,32,-0.01,0.03,0.02,-0.06,,-0.02
Tomás Guidara,Lanús,Liga Profesional,2026,1749,Right Back,Argentina,30,12/03/96,0,0,0,0.01,0.1,0,0,0,,0,0.05,0.03,0.41,0.05,0.03,0.41,0,0,0,0.05,0.03,0.51,0.02,0.62,0.46,0.15,75,1.23,0,1.13,0.72,0.87,0.88,2.42,2.07,17.03,9.67,0.04,6.89,29.57,9.52,2.57,3.09,3.96,83,2.81,3.69,1.23,58,0.62,58,1.49,0,12.71,11.34,5.09,1.65,0.72,32.47,2.68,21,0.98,59,0.26,0,0,40.18,79,2.78,13,50,3.4,4.63,15,66,-13,47.08,6.22,0.33,0.36,35.08,95,4.4,7.87,0.77,0.51,0.26,0,0.15,0.67,0.05,33,0.26,23,0.05,33,57,10,32,54,14,20.3,18.01,0.93,96,-2.3,18.92,17.31,0,0,0,0,0,,0,0,,0,0,0,0,0,0,28,11,4.19,30,0.11,0.06,0.01,0,,0.17
Tomás Marchiori,Vélez Sarsfield,Liga Profesional,2026,781,Goalkeeper,Argentina,31,19/06/95,0,0,0,,0,,,0,,0,0,0,0,0,0,0,0,0,0,0,0,0,0,0,0,0,,0.35,0,0,0.12,0,0,0,0,0,0,0,9.1,2.62,3.46,0,0,0,,0,0,0,,0,0,0,0,0,0,0,0,0,,0,,0,,0,0,0,14.75,59,7.14,19,39,2.53,15.55,13,57,-2,10.99,1.04,0.06,0.06,12.21,99,5.24,0.35,0,0,0,0,0,0,0,,0,,0,61,39,0,100,0,0,44.86,44.06,0.76,84,-0.79,33.92,37.15,0.58,0.6,0.03,85,84,1,1.16,3.8,26,14.52,1.67,0,0,15.55,-2,40,1,0.78,7,0.09,0.08,,,-0.09,0.08
Tomás Molina,Argentinos Juniors,Liga Profesional,2026,1764,Centre Forward,Argentina,31,11/04/95,0.26,0.26,0.3,0.12,2.5,10,43,5,0,0.27,0.1,0.06,0.61,0.1,0.06,0.61,0,0,0,0.36,0.37,3.11,-0.01,1.68,0.87,0.82,52,1.07,0,3.57,3.78,0.31,0.41,0.71,1.01,17.6,7.7,0.01,4.9,66.62,4.23,2.65,0.77,1.07,60,1.09,1.5,1.33,25,0.51,45,3.67,0,15.56,22.02,4.13,3.47,1.02,68.98,13.06,84,3.11,90,0.2,0,0,17.19,65,0.56,14,69,1.02,0.51,32,46,-19,60.33,1.48,0.44,0.58,18.01,67,5.71,5.1,0.31,0.31,0,0.51,6.53,6.84,0.05,33,0.2,29,0.82,14,62,24,11,67,22,14.06,14.34,1.04,103,0.28,14.55,14.84,0,0,0,0,0,,0,0,,0,0,0,0,0,0,32,8,2.32,14,-0.05,-0.03,0.01,-0.09,,-0.16
Tomás Nasif,CA Platense,Liga Profesional,2026,572,Centre Forward,Argentina,22,01/01/04,0.31,0.31,0.23,0.1,2.36,13,47,4,,0.39,0.16,0.09,0.94,0.16,0.09,0.94,0,0,0,0.47,0.32,3.31,0.15,0.79,0.47,0.31,60,1.26,0,3.62,4.72,0,0,1.1,1.28,24.24,10.7,0.02,5.35,62.23,4.09,2.83,0.47,0.47,60,0.42,0.42,1.1,33,0.31,35,3.78,0,22.67,23.76,4.72,4.41,0.63,64.71,18.42,81,3.78,86,0,0,0,20.78,64,0.79,25,63,1.42,0.94,37,56,-9,60.79,2.52,0.15,0.5,20.46,71,5.09,7.87,0.31,0.31,0,0.47,6.61,6.93,0,0,0.16,100,0.63,15,66,19,16,62,22,15.68,14.01,1.01,94,-1.67,15.83,13.23,0,0,0,0,0,,0,0,,0,0,0,0,0,0,36,13,2.77,20,0.01,-0.06,-0.01,0.08,,0.03
Tomás O'Connor,Gimnasia Mendoza,Liga Profesional,2026,420,Left Defensive Midfielder,Argentina,22,24/03/04,0,0,0.02,0.03,0.64,0,33,1,,0.01,0.43,0.14,1.71,0.43,0.14,1.71,0,0,0,0.43,0.16,2.36,0.27,0.86,0.21,0.64,25,1.93,0,2.14,2.14,1.5,1.15,1.07,0.9,25.91,11.99,0.02,9.85,41.11,10.06,4.71,3.21,4.71,79,2.47,3.61,1.71,20,0.86,45,1.07,0,20.99,15.55,8.57,4.5,2.36,43.13,8.14,39,2.36,52,0.21,0,0,44.11,81,1.71,9,47,1.28,3.43,17,74,-6,48.19,5.14,0.45,0.52,38.54,92,4.9,8.57,0.86,0.86,0,0,1.07,1.93,0.43,0,0,0,0.21,24,65,11,35,63,3,18.52,16.74,0.93,104,-1.77,17.19,17.45,0,0,0,0,0,,0,0,,0,0,0,0,0,0,25,12,4.63,34,0.04,0.04,0.08,-0.03,,0.13
Tomás Palacios,Estudiantes,Liga Profesional,2026,1655,Left Centre Back,Argentina,23,27/04/03,0.05,0.05,0.07,0.12,0.6,9,18,0,,0.05,0,0.01,0.27,0,0.01,0.27,0,0,0,0.05,0.09,0.87,-0.03,1.36,1.2,0.16,88,2.34,0,0.98,0.82,0.71,0.8,5.06,6.05,8.54,3.75,0.05,4.68,24.69,9.24,1.36,1.58,2.28,78,2.2,3,0.71,64,0.44,72,2.66,0,6.25,7.73,2.61,1.31,0.65,29.9,0.76,12,0.33,25,0.27,0,0.05,51.01,86,4.46,89,54,6.42,6.85,13,69,-16,38.55,4.35,0.44,0.45,46.44,96,5.22,4.73,0.38,0.33,0.05,0,1.03,1.36,0,14,0.11,20,0,22,75,3,31,67,2,24.27,24.63,0.92,84,0.36,22.24,20.76,0,0,0,0,0,,0,0,,0,0,0,0,0,0,17,7,3.86,24,0.07,0.08,0.01,-0.02,,0.15
Tomás Porra,Barracas Central,Liga Profesional,2026,1945,Right Centre Midfielder,Argentina,22,08/01/04,0.05,0.05,0.04,0.03,1.11,4,21,1,,0.01,0.19,0.09,1.39,0.19,0.07,1.3,0,0.02,0.09,0.23,0.13,2.5,0.1,2.5,1.3,1.2,52,1.76,0,2.55,3.01,1.02,0.68,0.74,0.59,19.02,8.66,0.02,5.97,45.66,9.72,4.44,1.71,2.73,77,1.27,1.95,0.93,35,0.51,38,0.93,0,16.48,10.37,4.77,4.91,1.76,48.47,7.91,48,3.7,75,0.23,0,0,35.31,74,2.13,83,52,1.81,3.01,28,71,-3,56.49,5.42,0.21,0.27,36.56,86,7.2,11.15,1.25,1.02,0.23,0.09,1.11,2.13,0.09,22,0.32,25,0.14,22,68,10,23,68,10,19.12,17.07,0.98,104,-2.05,18.75,17.75,0,0,0,0,0,,0,0,,0,0,0,0,0,0,27,10,4.4,39,0.03,0.09,0.05,-0.04,,0.13
Tomás Silva,CA Platense,Liga Profesional,2026,1869,Left Back,Argentina,23,07/03/03,0,0,0.01,0.02,0.39,0,0,0,,0,0,0.06,0.72,0,0.05,0.63,0,0.01,0.1,0,0.06,1.11,-0.06,1.01,0.63,0.39,62,0.87,0,1.25,1.4,1.83,1.6,2.02,2.02,19.5,10.35,0.04,7.9,36.09,11.17,4.62,2.89,4.72,67,2.74,4.34,1.16,46,1.4,57,0.82,0,15.51,14.65,5.83,3.37,1.3,38.82,4.53,29,2.12,63,0.19,0,0,37.56,71,3.56,80,52,3.03,5.78,14,59,-12,52.05,5.25,0.3,0.37,31.35,92,5.05,8.38,0.77,0.67,0.1,0.05,0.72,1.4,0,56,0.48,34,0.1,34,58,8,30,56,14,20.49,18.1,0.94,104,-2.39,19.23,18.86,0,0,0,0,0,,0,0,,0,0,0,0,0,0,30,11,4.45,35,0.13,0.05,0.05,-0.01,,0.22
Ulises Sánchez,Gimnasia Mendoza,Liga Profesional,2026,850,Right Defensive Midfielder,Argentina,28,25/06/98,0,0,0.05,0.03,1.69,0,31,2,,0.03,0,0.11,1.48,0,0.09,1.06,0,0.03,0.42,0,0.16,3.18,-0.16,2.12,1.27,0.85,60,2.01,0,2.33,2.43,0.32,0.31,1.16,0.69,24.98,14.5,0.03,9.53,42.8,8.05,3.92,2.43,2.75,53,1.98,2.29,1.38,26,2.12,31,0.42,0.11,21.28,16.65,7.73,6.88,2.43,45.28,9,42,4.55,66,0.32,0,0,30.38,67,6.35,21,65,2.12,8.89,17,65,-2,52.52,6.25,0.34,0.43,30.28,90,5.93,7.09,1.38,0.74,0.64,0.21,0.64,1.38,0.11,15,0.21,17,0.21,22,72,6,30,69,1,27.12,22.28,1.01,104,-4.84,27.36,23.12,0,0,0,0,0,,0,0,,0,0,0,0,0,0,27,5,6.68,57,0.07,0.06,-0.03,-0.05,,0.06
Valentino Acuña,Newell's Old Boys,Liga Profesional,2026,329,Right Defensive Midfielder,Argentina,20,26/01/06,0,0,0,,0,,,0,,0,0,0.14,2.46,0,0.03,0.55,0,0.11,1.92,0,0.14,2.46,-0.14,0.82,0.27,0.55,33,1.64,0,1.37,1.37,0.82,0.49,1.64,0.72,22.44,9.58,0.02,6.02,46.03,7.66,3.01,1.64,2.46,75,1.2,1.69,1.37,0,0.55,60,0.82,0,19.43,9.76,5.2,4.38,0.82,47.8,9.03,46,2.19,50,0.27,0,0,23.26,74,1.92,82,41,1.64,4.65,16,56,-17,53.47,3.83,0.21,0.22,22.16,91,5.64,5.2,2.46,0.55,1.92,0,0.27,0.82,0,22,0.55,67,0.27,15,75,11,21,68,11,20.52,13.5,0.95,122,-7.02,19.44,16.47,0,0,0,0,0,,0,0,,0,0,0,0,0,0,22,8,6.32,53,0.03,0.08,0.1,,,0.21
Valentino Simoni,Gimnasia Mendoza,Liga Profesional,2026,707,Centre Forward,Argentina,22,29/04/04,0.13,0.13,0.12,0.12,1.02,13,88,2,,0.27,0,0.06,1.02,0,0.06,1.02,0,0,0,0.13,0.18,2.04,-0.05,0.64,0.38,0.25,60,0.25,0,1.66,1.4,0.13,0.04,0.64,0.42,20.76,9.93,0,5.98,60.73,3.95,2.16,0.89,1.02,64,0.68,0.72,0.51,33,0.51,32,3.44,0,19.35,14.72,5.09,5.86,2.29,62.83,14.26,74,4.33,74,0.13,0,0,21.39,65,0.64,27,50,0.76,1.15,34,59,-6,57.28,1.15,0.23,0.32,16.3,85,4.95,4.2,0.13,0.13,0,0.51,2.16,2.29,0,0,0.13,33,0.51,14,66,20,12,70,18,15.09,13.03,0.96,102,-2.06,14.43,13.28,0,0,0,0,0,,0,0,,0,0,0,0,0,0,36,8,2.47,20,-0.07,-0.02,0.02,0.11,,0.04
Valentín Depietri,Talleres de Córdoba,Liga Profesional,2026,884,Left Wing,Argentina,26,30/10/00,0.31,0.31,0.31,0.11,2.85,11,32,4,,0.32,0.1,0.1,2.14,0.1,0.1,2.14,0,0,0,0.41,0.41,4.99,-0.01,4.28,2.85,1.43,67,1.02,0.1,2.75,3.46,0.2,0.34,0.31,0.11,18.43,9.16,0,5.8,49.83,6.01,3.16,1.43,1.63,70,1.28,1.61,2.04,38,0.61,18,0.41,0.1,14.97,15.68,4.99,3.87,1.43,53.16,8.04,54,2.85,74,0.31,0,0,30.44,81,1.93,5,76,0.92,1.93,24,81,0,63.42,4.07,0.39,0.62,36.25,85,8.26,13.64,1.63,1.63,0,0.71,5.7,7.33,0.2,19,0.71,54,0.92,11,70,19,9,71,20,18.16,16.52,1,101,-1.63,18.2,16.69,0,0,0,0,0,,0,0,,0,0,0,0,0,0,23,10,6.66,39,0.06,0.22,-0.01,0.02,,0.29
Valentín Dávila,Talleres de Córdoba,Liga Profesional,2026,844,Centre Forward,Argentina,19,18/01/07,0.43,0.43,0.35,0.13,2.67,16,52,5,,0.51,0,0.05,0.75,0,0.05,0.75,0,0,0,0.43,0.4,3.41,0.03,0.75,0.32,0.43,43,1.81,0,2.45,3.41,0.11,0.12,1.49,1.66,23.69,9.07,0.01,6.61,61.46,4.69,3.09,0.96,1.07,60,1.03,1.15,1.81,33,0.64,50,2.77,0,20.91,20.01,5.65,5.33,1.49,65.6,16.96,81,4.59,86,0,0,0,15.36,63,0.85,26,89,1.6,0.85,32,59,-4,59.59,1.28,0.34,0.52,14.19,69,5.51,3.95,0.11,0.11,0,0.43,6.08,6.19,0,0,0.11,20,0.53,17,65,18,16,59,24,16.08,11.95,1.04,105,-4.13,16.69,12.57,0,0,0,0,0,,0,0,,0,0,0,0,0,0,32,9,2.58,17,-0.03,-0.04,0.08,0.13,,0.14
Valentín Fascendini,Talleres de Córdoba,Liga Profesional,2026,627,Left Centre Back,Argentina,23,12/03/03,0,0,0.05,0.06,0.72,0,0,0,,0,0,0.01,0.43,0,0.01,0.43,0,0,0,0,0.06,1.15,-0.06,0,0,0,,1.43,0,0.29,0.43,1.29,1.44,3.87,4.44,11.62,6.17,0.05,6.02,26.75,10.18,2.87,1.58,2.87,92,1.91,3.36,2.01,50,0.14,54,2.15,0,8.03,10.72,3.59,1.58,0.57,30.94,1.15,14,0.86,55,0.43,0,0,54.5,89,3.01,92,51,5.02,4.73,14,81,-8,39,3.73,0.44,0.46,43.17,98,3.61,4.59,0,0,0,0,1.15,1.15,0,,0,0,0,24,73,3,25,72,3,19.79,21.47,0.93,92,1.68,18.37,19.76,0,0,0,0,0,,0,0,,0,0,0,0,0,0,17,8,5.44,31,0.08,0.02,-0.05,-0.03,,0.02
Valentín Moreno,Tigre,Liga Profesional,2026,1353,Right Back,Argentina,23,18/02/03,0,0,0.02,0.04,0.4,0,33,1,,0.02,0.07,0.1,0.86,0.07,0.1,0.86,0,0,0,0.07,0.12,1.26,-0.05,0.53,0.27,0.27,50,0.8,0,0.53,0.67,1.13,0.75,3.13,2.4,14.83,7.58,0.02,6.72,32.16,7.85,2.93,1.8,2.93,64,1.2,1.95,0.8,35,1,52,1,0,12.24,8.6,4.52,2.06,1.06,35.55,2.73,22,1.13,55,0.33,0,0,24.34,71,1.73,10,44,3.53,3.53,13,51,-20,53.15,2.06,0.22,0.26,19.69,95,4.69,4.92,0.73,0.67,0.07,0.13,0.73,1.4,0,45,0.47,25,0.07,26,60,14,20,64,16,20.35,18.73,0.9,104,-1.62,18.38,19.47,0,0,0,0,0,,0,0,,0,0,0,0,0,0,32,9,2.91,21,0.09,0.04,0.02,-0.01,,0.15
Vicente Pizarro,Rosario Central,Liga Profesional,2026,2283,Left Defensive Midfielder,Chile,24,04/11/02,0.04,0.04,0.07,0.08,0.87,5,27,1,,0.04,0.04,0.09,1.34,0.04,0.08,1.14,0,0.02,0.2,0.08,0.16,2.21,-0.08,0.99,0.63,0.35,64,1.06,0,0.99,1.06,0.87,1.14,0.95,1.06,13.05,7.33,0.01,5.24,40.51,10.72,4.3,1.18,2.05,55,1.42,2.56,1.03,26,0.99,52,1.06,0.04,10.84,12.9,3.67,3.11,1.1,42.47,3.59,33,1.62,52,0.16,0,0,49.72,84,2.8,86,66,1.5,3.67,18,80,-5,51.54,5.48,0.4,0.46,40.93,96,4.83,11.67,1.5,1.18,0.32,0.08,1.58,2.76,0.08,18,0.35,39,0.24,19,70,11,25,67,8,18.12,15.44,0.98,105,-2.68,17.75,16.19,0,0,0,0,0,,0,0,,0,0,0,0,0,0,19,9,6.06,40,0.01,0.07,0.02,-0.04,,0.06
Víctor Cuesta,CA Platense,Liga Profesional,2026,1371,Left Centre Back,Argentina,38,18/11/88,0,0,0.04,0.08,0.53,0,25,0,,0.04,0,0.01,0.13,0,0.01,0.13,0,0,0,0,0.05,0.66,-0.05,0.13,0.13,0,100,0.85,0,0.13,0.13,1.31,1.31,5.12,5.01,9.45,4.07,0.05,4.99,26.51,11.88,2.1,1.38,2.69,88,1.53,2.83,0.98,70,0.2,74,3.41,0,7.15,7.55,2.95,2.03,0.59,32.05,1.44,20,0.79,39,0.33,0,0,34.13,84,3.08,74,59,5.91,4.4,16,76,-8,37,1.84,0.26,0.28,21.4,99,4.54,2.49,0.07,0.07,0,0.07,1.12,1.18,0,0,0,0,0.07,27,68,4,39,55,5,22.75,20.39,0.94,100,-2.36,21.32,20.32,0,0,0,0,0,,0,0,,0,0,0,0,0,0,18,7,2.15,14,0.04,0.03,0.02,-0.03,,0.06
Walter Bou,Lanús,Liga Profesional,2026,646,Right Centre Forward,Argentina,33,24/08/93,0.28,0.14,0.13,0.08,1.67,8,33,3,100,0.06,0,0.07,0.7,0,0.07,0.7,0,0,0,0.14,0.2,2.37,-0.06,1.11,0.84,0.28,75,0.56,0,2.23,2.09,0.7,0.64,0.97,0.98,24.09,10.17,0,5.01,61.18,5.85,3.34,0.84,1.53,67,0.93,1.57,1.25,0,0.42,28,0.97,0,22,21.34,4.6,4.32,1.25,63.55,16.71,76,3.62,84,0.28,0,0,23.81,75,1.81,32,76,1.25,2.09,32,66,-10,57.36,1.39,0.38,0.4,19.91,85,3.06,7.24,0.84,0.84,0,0.14,2.51,3.34,0,33,0.28,67,0.14,10,66,24,8,73,19,17,14.9,1.01,103,-2.1,17.15,15.32,0,0,0,0,0,,0,0,,0,0,0,0,0,0,27,10,3.27,30,-0.03,0.07,0.03,-0.11,,-0.04
Walter Mazzantti,Newell's Old Boys,Liga Profesional,2026,1350,Right Wing,Argentina,30,04/09/96,0.13,0.13,0.13,0.15,0.87,15,54,2,,0.14,0.13,0.18,1.33,0.13,0.18,1.33,0,0,0,0.27,0.31,2.2,-0.04,1.4,1,0.4,71,2.2,0.07,2.6,1.93,0.47,0.5,0.4,0.38,18.87,9.34,0.02,6.47,50.8,6.67,2.93,2.07,2.53,62,1.72,2.22,1.07,14,1.27,32,0.73,0,15.87,12.18,5.13,3.47,1.53,52.33,8.47,53,2.4,69,0.07,0,0,24.54,70,0.93,25,67,0.6,1.2,25,58,-12,64.03,3.47,0.32,0.49,26.81,86,7.99,9.6,1.13,1.13,0,0.33,2.73,3.87,0.2,29,0.67,42,0.53,18,68,13,19,64,17,14.99,12.44,0.98,99,-2.55,14.69,12.31,0,0,0,0,0,,0,0,,0,0,0,0,0,0,32,11,3.61,33,0.05,0.13,0.02,0.02,,0.22
Walter Núñez,Newell's Old Boys,Liga Profesional,2026,926,Left Wing,Argentina,23,12/02/03,0.1,0.1,0.1,0.06,1.65,6,29,3,,0.1,0.1,0.15,0.88,0.1,0.14,0.68,0,0.01,0.19,0.19,0.25,2.53,-0.06,2.53,1.56,0.97,62,2.04,0,4.57,3.6,0.49,0.44,0.39,0.52,26.16,13.81,0.01,7,51.06,6.71,4.08,2.63,3.11,87,2.34,2.78,1.94,67,0.39,60,1.46,0,21.69,15.74,5.64,5.15,2.33,51.31,11.09,51,3.89,75,0.19,0,0,19.93,68,1.56,14,47,0.78,2.92,35,72,4,60.91,3.01,0.32,0.4,27.23,75,7.15,7.49,1.56,1.17,0.39,0.39,2.72,3.89,0.1,31,0.58,43,0.49,23,63,14,22,65,13,18.81,14.84,0.94,94,-3.97,17.73,14.01,0,0,0,0,0,,0,0,,0,0,0,0,0,0,36,13,4.02,30,0.03,0.08,0.02,-0.02,,0.11
Williams Alarcón,Boca Juniors,Liga Profesional,2026,407,Left Centre Midfielder,Chile,26,28/11/00,0,0,0.05,0.04,1.11,0,20,1,,0,0.22,0.07,1.33,0.22,0.04,0.88,0,0.03,0.44,0.22,0.12,2.43,0.1,1.77,1.11,0.66,63,0.88,0,0.88,1.55,0.66,0.93,0.66,0.67,14.6,6.86,0.04,5.75,42.72,6.63,3.98,1.55,2.21,100,2.07,3,0.88,,0,50,0.88,0,12.16,16.94,5.09,3.76,1.55,46.2,5.53,45,2.65,71,0.22,0,0,51.97,89,2.87,8,62,1.99,3.32,22,85,-3,51.42,5.75,0.35,0.4,47.55,95,4.84,10.84,1.33,0.44,0.88,0,0.66,1.11,0,0,0,0,0,17,74,9,31,63,6,19.34,17.69,0.96,97,-1.66,18.6,17.1,0,0,0,0,0,,0,0,,0,0,0,0,0,0,15,7,4.64,40,0.01,0.04,0.05,-0.05,,0.05
Williams Barlasina,Newell's Old Boys,Liga Profesional,2026,408,Goalkeeper,Argentina,28,28/06/98,0,0,0,,0,,,0,,0,0,0,0,0,0,0,0,0,0,0,0,0,0,0,0,0,,0.22,0,0,0,0,0,0,0,0,0.22,0,6.61,2.18,3.97,0,0,0,0,0,0,0,0,0.22,,0,0,0,0,0,0,0,,0,,0,,0,0,0,13.01,66,4.85,27,42,1.76,9.92,14,57,-9,10.72,0.88,0.01,0.01,11.02,100,7.04,0.22,0,0,0,0,0,0,0,,0,,0,53,47,0,100,0,0,42.81,40.66,0.8,70,-2.15,34.12,28.4,1.76,1.72,-0.05,64,65,-1,1.5,4.85,39,12.34,1.45,0.22,0.22,17.77,-2,33,2,2.14,24,0.06,0.05,,,-0.21,-0.1
Yair Arismendi,CA Sarmiento,Liga Profesional,2026,663,Left Back,Argentina,28,04/04/98,0,0,0.03,0.03,1.09,0,0,1,,0,0,0.03,0.54,0,0.03,0.54,0,0,0,0,0.06,1.63,-0.06,1.63,1.09,0.54,67,2.04,0,0.68,1.9,0.54,0.48,2.58,2.29,15.06,7.05,0.02,6.65,30.28,7.19,2.58,1.49,2.04,65,1.41,1.89,1.22,29,0.81,40,0.81,0,12.35,12.51,4.75,1.9,0.27,33.8,2.58,21,1.09,57,0.41,0,0,22.11,67,1.76,83,46,3.39,2.98,22,58,-9,49.34,2.58,0.21,0.24,21.03,90,5.39,4.34,0.81,0.54,0.27,0.14,0.95,1.49,0,33,0.27,20,0.27,32,59,9,28,63,9,20.23,17.88,0.92,84,-2.35,18.6,14.94,0,0,0,0,0,,0,0,,0,0,0,0,0,0,34,12,3.91,28,0.07,0.04,0.09,-0.04,,0.17
Yeison Daniel Moreno Murillo,AA Estudiantes Río Cuarto,Liga Profesional,2026,313,Right Centre Forward,Colombia,29,07/04/97,0,0,0.1,0.06,1.73,0,17,1,,0.03,0,0.04,0.86,0,0.04,0.86,0,0,0,0,0.14,2.59,-0.14,2.3,0.58,1.73,25,0.58,0,2.02,4.32,0.29,0.27,1.44,1.21,32.53,14.11,0,6.91,57.49,6.91,4.89,0.86,1.15,50,0.38,0.65,2.02,33,0.86,42,3.74,0,29.65,17.6,6.05,6.91,2.02,59.59,19.29,65,5.47,79,0.29,0,0,19.86,69,0,38,0,1.44,0.29,42,63,-6,60.26,1.44,0.15,0.15,16.98,68,4.78,6.62,0.29,0.29,0,0.29,6.05,6.33,0,100,0.29,100,0.29,18,56,26,9,57,35,13.03,12.79,1.03,112,-0.24,13.4,14.35,0,0,0,0,0,,0,0,,0,0,0,0,0,0,36,13,2.13,22,-0.11,-0.04,0,-0.1,,-0.25
Yonatan Goitía,Deportivo Riestra,Liga Profesional,2026,1198,Left Defensive Midfielder,Argentina,32,07/02/94,0,0,0.04,0.03,1.35,0,11,2,,0.04,0.08,0.02,0.3,0.08,0.02,0.23,0,0.01,0.08,0.08,0.07,1.65,0.01,0.45,0.38,0.08,83,1.28,0,0.75,0.9,0.98,0.64,2.03,1.01,20.8,9.99,0.02,6.68,42.67,16.15,10.51,2.03,3,71,1.34,1.98,2.63,54,0.83,59,0.98,0,16.15,8.6,5.11,4.28,1.2,45.9,6.76,42,3.3,77,0.45,0,0.08,24.33,59,1.5,17,48,2.55,2.63,22,57,-2,56.44,2.78,0.17,0.19,15.02,92,3.28,6.16,1.13,0.98,0.15,0.08,0.9,1.88,0.08,27,0.3,67,0.38,32,57,11,23,68,9,19.37,16.4,0.95,99,-2.97,18.31,16.31,0,0,0,0,0,,0,0,,0,0,0,0,0,0,38,9,2.64,25,0.08,0.08,0.07,0,,0.23
Yonatthan Rak,Barracas Central,Liga Profesional,2026,632,Centre Back,Uruguay,33,17/08/93,0,0,0.01,0.02,0.28,0,0,0,,0,0,0,0.14,0,0,0.14,0,0,0,0,0.01,0.43,-0.01,0,0,0,,1.14,0,0.43,0,0.85,0.73,6.26,6.36,7.4,3.99,0.06,4.7,22.25,10.54,1.28,1.57,2.42,79,1.76,2.49,0.43,57,0.43,63,2.14,0,5.41,4.88,2.71,1.14,0.57,24.37,0.43,8,0.43,38,0,0,0,42.14,83,6.55,20,65,7.4,8.97,12,71,-12,35.89,4.56,0.17,0.18,33.03,99,6.11,4.27,0,0,0,0,0.57,0.57,0,,0,,0,30,67,3,60,40,0,26.86,23.96,0.95,103,-2.9,25.56,24.73,0,0,0,0,0,,0,0,,0,0,0,0,0,0,19,7,2.53,22,0.05,0.07,0.04,-0.01,,0.15
Yoshan Valois,Lanús,Liga Profesional,2026,753,Centre Forward,Colombia,22,03/10/04,0.48,0.48,0.25,0.14,1.79,27,40,4,,0.35,0.12,0.07,1.08,0.12,0.07,1.08,0,0,0,0.6,0.32,2.87,0.28,0.6,0.24,0.36,40,1.2,0,2.39,2.87,0.12,0.07,0.6,0.75,22.6,10.05,0.05,4.78,63.47,4.31,2.51,0.48,0.6,67,0.56,0.64,2.27,0,0.24,44,2.39,0,19.85,22.86,4.31,4.19,1.2,65.97,16.02,81,3.47,83,0,0,0,21.05,71,0.84,15,64,0.72,1.2,35,66,-5,64.26,1.55,0.26,0.47,20.09,77,4.23,7.41,0,0,0,0.36,5.5,5.5,0,,0.24,40,0.72,9,64,27,6,66,27,14.37,13.17,1.01,103,-1.2,14.54,13.52,0,0,0,0,0,,0,0,,0,0,0,0,0,0,31,10,3.32,24,-0.11,-0.05,0.03,0.16,,0.02
Yuri Casermeiro,Central Córdoba SdE,Liga Profesional,2026,719,Left Centre Back,Argentina,24,11/03/02,0,0,0.03,0.09,0.38,0,0,0,,0,0,0,0,0,0,0,0,0,0,0,0.03,0.38,-0.03,0.5,0.5,0,100,0.38,0,0.38,0.13,1.13,0.48,5.75,3.17,12.89,7.01,0.06,6.63,26.11,10.76,2.13,2.25,3.38,69,1.43,1.91,1.38,47,1,55,2.88,0.13,9.26,6.11,3.75,2,0.88,31.54,2,22,1.13,56,0.5,0,0,31.65,70,5.25,9,47,7.63,9.38,16,51,-19,32.86,1.88,0.28,0.28,24.39,98,4.79,2.13,0.38,0.38,0,0.13,1.25,1.63,0.13,0,0,0,0.13,37,62,1,53,47,0,30.43,31.54,0.86,84,1.11,26.18,26.41,0,0,0,0,0,,0,0,,0,0,0,0,0,0,26,7,2.6,23,0.05,0.06,0.2,-0.02,,0.29
Álex Verón,Vélez Sarsfield,Liga Profesional,2026,376,Left Wing,Argentina,18,23/10/08,0,0,0.12,0.08,1.44,0,67,3,,0.11,0,0.04,0.48,0,0.04,0.48,0,0,0,0,0.16,1.92,-0.16,2.15,0.96,1.2,44,1.2,0,1.92,3.83,0.48,0.48,0.24,0.14,17.48,6.7,0.03,7.66,48.98,3.35,1.44,1.2,1.68,83,1.14,1.63,0,75,0.24,14,0.24,0,16.28,19.35,6.22,4.07,2.15,50.35,7.18,44,2.87,71,0,0,0,18.43,68,0.72,75,100,0.24,0.72,19,53,-15,64.55,2.15,0.06,0.18,22.98,79,7.65,5.51,0.48,0,0.48,0,2.87,2.87,0,0,0,0,0.48,19,65,16,26,65,9,14.18,9.06,1.12,108,-5.12,15.94,9.82,0,0,0,0,0,,0,0,,0,0,0,0,0,0,32,9,1.92,18,-0.06,0.06,0,-0.01,,0
Álvaro Montero,Vélez Sarsfield,Liga Profesional,2026,1663,Goalkeeper,Colombia,31,28/03/95,0,0,0,,0,,,0,,0,0,0,0.11,0,0,0.11,0,0,0,0,0,0.11,0,0,0,0,,0.11,0,0,0,0,0,0,0,0,0,0,6.6,3.38,2.76,0,0,0,,0,0,0,,0,,0,0.11,0,0,0,0,0,,0,,0,,0,0,0,15.15,57,6.33,13,38,2.27,14.5,11,37,-19,11.03,1.03,0.11,0.11,12.88,100,6.29,0.27,0,0,0,0,0.05,0.05,0,,0,,0,65,35,0,100,0,0,50.25,51.84,0.74,74,1.59,37.08,38.56,0.54,0.66,0.12,82,78,4,0.79,3.03,29,10.28,1.82,0.05,0.05,17.67,3,36,2,0.93,7,0.1,0.05,0,,0.23,0.39
Álvaro Montero,Boca Juniors,Liga Profesional,2026,778,Goalkeeper,Colombia,31,28/03/95,0,0,0,,0,,,0,,0,0,0,0,0,0,0,0,0,0,0,0,0,0,0,0,0,,0.35,0,0,0,0,0,0.12,0.16,0,0,0,6.13,3.04,2.89,0,0,0,,0,0,0,,0,,0,0,0,0,0,0,0,,0,,0,,0,0,0,17.12,79,3.7,9,43,2.31,6.36,18,69,-10,11.65,0.58,0.2,0.2,15.61,100,5.27,0.35,0,0,0,0,0,0,0,,0,,0,38,62,0,100,0,0,33.71,40.39,0.76,77,6.68,25.53,30.93,1.04,0.9,-0.15,73,77,-4,0.71,3.82,41,9.37,1.52,0.12,0.12,23.02,1,21,5,0.69,4,0.05,0.05,0,,-0.24,-0.13
Álvaro Ocampo,Belgrano,Liga Profesional,2026,404,Left Centre Back,Argentina,22,11/07/04,0,0,0.01,0.05,0.22,0,0,0,,0,0,0.01,0.22,0,0.01,0.22,0,0,0,0,0.02,0.45,-0.02,0,0,0,,0,0,0.22,0,0.67,0.59,4.45,3.41,8.24,4.23,0.02,4.45,23.9,9.8,1.11,1.34,2,100,1.28,1.87,0.45,100,0,46,1.34,0,6.46,5.21,3.34,0.67,0.22,28.02,0.22,3,0,0,0,0,0,26.95,61,2.23,86,25,4.9,8.46,8,60,-1,33.82,2.23,0.11,0.12,18.93,99,6.16,2,0,0,0,0.22,0.67,0.67,0,,0.22,100,0.22,47,52,2,56,44,0,29.94,22.37,0.74,126,-7.57,22.07,28.28,0,0,0,0,0,,0,0,,0,0,0,0,0,0,33,7,1.85,13,0.03,0.06,0.04,-0.01,,0.12
Ángel Correa,River Plate,Liga Profesional,2026,469,Centre Attacking Midfielder,Argentina,31,08/03/95,0.58,0.38,0.28,0.09,3.07,13,38,4,100,0.29,0.19,0.14,0.96,0.19,0.13,0.77,0,0.02,0.19,0.58,0.42,4.03,0.16,3.65,2.3,1.34,63,1.34,0.19,3.65,3.84,0.19,0.33,0.19,0.28,16.9,7.68,0,4.61,59.36,3.26,1.92,1.54,1.73,57,2.1,2.42,1.15,17,1.15,25,0.38,0,14.21,16.04,4.03,3.07,0.77,61.86,10.37,73,2.69,88,0,0,0,35.34,79,1.92,17,59,0.77,2.69,16,67,-12,61.36,5.19,0.35,0.62,43.02,85,5.33,12.87,1.73,1.54,0.19,0.58,7.11,8.64,0.19,22,0.38,25,1.34,12,72,16,18,64,18,17.48,13.56,0.97,94,-3.93,16.96,12.76,0,0,0,0,0,,0,0,,0,0,0,0,0,0,22,7,6.57,42,-0.01,0.17,0.01,-0.06,,0.12
Ángel Di María,Rosario Central,Liga Profesional,2026,1807,Centre Attacking Midfielder,Argentina,38,13/02/88,0.35,0.25,0.18,0.05,3.19,8,38,3,100,0.29,0.2,0.24,2.64,0.1,0.11,1.39,0.1,0.13,1.25,0.45,0.42,5.83,0.03,4.18,2.24,1.94,54,1.74,0.05,3.04,3.49,0.3,0.34,0.25,0.26,8.87,4.09,0,2.44,60.76,5.03,3.84,0.2,0.5,24,0.26,0.6,0.4,14,0.65,0,0,0.05,8.27,9.29,2.04,2.79,0.85,61.96,5.68,69,2.39,86,0.2,0,0,40.65,67,5.88,91,52,1.3,10.26,19,72,5,59.74,9.07,0.4,0.57,45.24,87,6.16,14.4,4.88,3.14,1.74,0.2,3.24,6.38,0.4,15,0.75,25,0.1,22,68,9,35,57,8,23.27,18.71,0.93,103,-4.56,21.54,19.22,0,0,0,0,0,,0,0,,0,0,0,0,0,0,27,8,8.03,51,0.2,0.12,0.01,-0.03,,0.31
Ángel Romero,Boca Juniors,Liga Profesional,2026,453,Right Centre Forward,Paraguay,34,03/07/92,0.2,0.2,0.15,0.1,1.59,13,50,3,,0.23,0,0.11,0.79,0,0.11,0.79,0,0,0,0.2,0.27,2.38,-0.07,1.19,0.2,0.99,17,2.19,0.2,1.39,3.18,0,0,0.4,0.6,12.91,4.97,0.02,3.58,57.43,2.78,1.79,0.99,0.99,71,1.52,1.52,0.4,67,0.4,42,2.19,0,11.52,14.88,2.78,2.58,0.6,59.33,8.15,71,2.38,92,0,0,0,23.25,76,1.39,15,58,0.6,2.19,30,73,-3,59.53,2.38,0.07,0.33,24.24,84,3.52,6.36,0,0,0,0.79,4.77,4.77,0,,0,0,0.6,15,63,22,16,69,16,16.07,15.13,1.02,111,-0.94,16.43,16.86,0,0,0,0,0,,0,0,,0,0,0,0,0,0,23,5,2.21,16,-0.01,0.1,0.02,0.09,,0.19
Érik Godoy,Argentinos Juniors,Liga Profesional,2026,733,Left Centre Back,Argentina,33,15/08/93,0.12,0.12,0.1,0.14,0.74,17,17,0,,0.05,0,0,0,0,0,0,0,0,0,0.12,0.1,0.74,0.02,0.12,0.12,0,100,0.49,0,0.25,0.12,1.35,1.76,5.4,7.14,8.11,3.32,0.09,5.16,24.69,10.93,2.09,1.11,2.46,69,1.32,3.08,1.35,57,0.49,63,2.7,0.12,5.65,7.94,2.95,0.98,0.49,29.34,0.86,15,0.25,25,0,0,0,48.27,84,3.68,24,58,6.14,5.65,12,72,-12,33.59,2.09,0.37,0.38,35.86,99,4.5,2.46,0.12,0.12,0,0.12,1.35,1.47,0,100,0.12,100,0.12,31,66,3,45,55,0,22.72,22.91,0.93,101,0.19,21.06,23.12,0,0,0,0,0,,0,0,,0,0,0,0,0,0,21,7,2.85,18,0.09,0.04,0.09,-0.05,,0.17
Éver Banega,Defensa y Justicia,Liga Profesional,2026,398,Right Defensive Midfielder,Argentina,38,28/06/88,0,0,0.02,0.03,0.68,0,0,0,,0,0,0.04,1.13,0,0.03,0.91,0,0.01,0.23,0,0.06,1.81,-0.06,2.04,1.13,0.91,56,0.68,0,1.58,1.58,0.68,0.75,0.23,0.29,16.75,8.6,0,6.11,40.16,7.24,2.49,2.04,2.72,90,1.99,2.73,1.58,50,0.23,20,0.23,0,13.13,13.55,4.98,3.17,2.04,41.18,4.53,34,1.58,50,0.23,0,0,65.4,84,8.37,14,62,1.58,12.22,21,91,7,50.63,12.22,0.32,0.33,60.2,97,5.16,20.37,3.17,2.26,0.91,0,0.23,2.49,0,14,0.45,29,0,18,75,7,27,68,6,23.64,20.12,0.95,103,-3.51,22.53,20.8,0,0,0,0,0,,0,0,,0,0,0,0,0,0,16,7,8.78,54,0.17,0.08,0.03,-0.03,,0.25
Óscar Cortés,Huracán,Liga Profesional,2026,1879,Left Wing,Colombia,23,02/12/03,0.1,0.1,0.09,0.06,1.53,6,38,2,,0.06,0.19,0.19,1.48,0.19,0.16,1.2,0,0.03,0.29,0.29,0.28,3.02,0.01,2.97,2.01,0.96,68,0.43,0,2.97,2.44,0.34,0.37,0.53,0.54,13.51,5.7,0.01,4.36,52.48,7.85,4.12,1.25,1.58,68,1.57,1.94,0.91,25,0.57,31,1.05,0.05,11.35,12.73,3.83,2.78,1.29,53.38,6.66,59,2.35,84,0.14,0,0,30.51,72,1.96,17,50,1.25,3.21,27,67,-5,63.07,3.45,0.26,0.39,33.19,85,6.55,11.78,1.15,0.77,0.38,0.57,2.87,3.64,0.05,13,0.67,31,0.72,14,72,14,15,66,20,18.71,16.27,0.96,107,-2.44,17.91,17.38,0,0,0,0,0,,0,0,,0,0,0,0,0,0,28,10,4.38,32,0.05,0.08,0.01,-0.04,,0.1
Óscar Romero,Huracán,Liga Profesional,2026,819,Centre Attacking Midfielder,Paraguay,34,03/07/92,0.22,0,0.05,0.03,1.76,0,25,2,100,0.05,0,0.06,1.21,0,0.02,0.44,0,0.04,0.77,0,0.11,2.97,-0.11,0.99,0.77,0.22,78,1.76,0,1.32,1.98,0.66,0.54,1.21,1.54,15.82,7.8,0.01,4.62,51.15,5.71,2.97,1.76,2.42,73,1.87,2.41,1.1,25,0.66,43,0.33,0,12.97,12.16,3.41,3.96,1.1,52.58,7.47,58,3.19,81,0.11,0,0,37.25,72,4.4,82,47,1.76,8.79,13,71,-2,56.58,7.8,0.14,0.16,35.93,92,4.33,11.98,1.98,1.21,0.77,0,0.77,1.98,0.22,17,0.33,27,0,24,69,8,34,62,4,23.14,16.91,0.92,97,-6.23,21.24,16.41,0,0,0,0,0,,0,0,,0,0,0,0,0,0,26,11,5.77,41,0.08,0.05,0.03,-0.1,,0.06