Name,Team,Competition,Season,Minutes,Primary Position,Nationality,Date of Birth,Age,All Goals,NP Goals,xG,xG/Shot,Shots,Goal Conversion%,Shooting%,Shot Touch%,Penalty Conversion%,PSxG,Assists,xG Assisted,Key Passes,OP Assists,OP xG Assisted,OP Key Passes,SP Assists,SP xG Assisted,SP Key Passes,Scoring Contribution,xG & xG Assisted,Shots & Key Passes,O/U Performance,Dribbles,Successful Dribbles,Failed Dribbles,Dribble%,Fouls Won,Penalty Wins,Dispossessed,Turnovers,Interceptions,PAdj Interceptions,Clearances,PAdj Clearances,Defensive Actions,Aggressive Actions,Blocks/Shot,Defensive Regains,Average DA X,Ball Recov. F2,Ball Recoveries,Tackles,Tack&Int,Tack/DP%,PAdj Tackles,PAdj Tack&Int,Fouls,Dribbles Stopped%,Dribbled Past,Aerial Win%,Aerial Wins,Errors,Pressures,PAdj Pressures,Pressure Regains,Counterpressures,Counterpress Regains,Average Pressure X,Pressures F2,Pressures F2%,Counterpressures F2,Counterpressures F2%,Yellow Cards,2nd Yellows,Red Cards,OP Passes,Passing%,Long Balls,L/R Footedness%,Long Ball%,Pr. Long Balls,UPr. Long Balls,Passes Pressured%,Pr. Pass%,Pr. Pass% Dif.,Average Pass X,Deep Progressions,xGBuildup,xGChain,Carries,Carry%,Carry Length,OP F3 Passes,PintoB,OP Passes Into Box,SP PintoB,Passes Inside Box,Touches In Box,PinTin,Throughballs,Successful Box Cross%,Successful Crosses,Crossing%,Deep Completions,Pass Forward%,Pass Sideways%,Pass Backward%,F3 Pass Forward%,F3 Pass Sideways%,F3 Pass Backward%,Pass Length,Pr. Pass Length,Pass Length Ratio,Pr. Pass Length%,Pr. Pass Length Dif.,Succ. Pass Length,Succ.Pr. Pass Length,Goals Conceded,PSxG Faced,GSAA,Save%,xSv%,Shot Stopping%,xG Faced,Shots Faced,Shots Faced OT%,All Shots Faced,Positioning Error,Penalties Faced,Penalties Conceded,GK Aggressive Dist.,Claims%,Pass into Danger%,Pass into Pressure%,Positive Outcome,Positive Outcome%,Pass OBV,D&C OBV,DA OBV,Shot OBV,Goalkeeper OBV,OBV
Nacho Miras,Mechelen,Jupiler Pro League,2026/2027,686,Goalkeeper,Spain,18/07/97,29,0,0,0,,0,,,0,,0,0,0,0.13,0,0,0.13,0,0,0,0,0,0.13,0,0,0,0,,0.26,0,0,0,0,0,0,0,0,0,0,8.66,2.12,3.54,0,0,0,,0,0,0,,0,,0,0,0,0,0,0,0,,0,,0,,0,0,0,19.94,73,6.17,8,44,2.23,11.94,12,52,-21,11.64,0.92,0.16,0.16,18.24,100,5.02,0.66,0,0,0,0,0,0,0,,0,,0,40,60,0,80,20,0,36.86,39.46,0.76,62,2.6,28.18,24.59,1.84,1.5,-0.33,56,64,-8,1.27,4.2,31,13.38,1.85,0,0,20.63,-3,27,3,1.81,13,0.05,0.08,,,-0.31,-0.18
Myron van Brederode,Mechelen,Jupiler Pro League,2026/2027,686,Left Centre Forward,Netherlands,05/07/03,23,0.39,0.13,0.04,0.05,0.79,17,33,1,100,0.06,0,0.21,2.23,0,0.05,0.79,0,0.16,1.44,0.13,0.25,3.02,-0.12,1.44,1.05,0.39,73,0.79,0,2.36,2.76,0.26,0.26,0.26,0.19,13.52,7.35,0,2.89,58.32,5.77,3.28,0.66,0.92,71,0.65,0.91,0,67,0.26,60,0.39,0,12.86,10.06,2.62,1.71,0.66,60.18,8.79,68,1.44,85,0,0,0,34.51,72,3.81,11,50,0.79,7.09,17,75,3,67.72,6.04,0.32,0.39,34.38,89,4.67,17.98,3.28,1.44,1.84,0.13,4.46,5.9,0.13,4,0.13,7,0.92,18,63,19,20,62,18,20.98,15.75,0.89,88,-5.24,18.59,13.79,0,0,0,0,0,,0,0,,0,0,0,0,0,0,28,9,7.11,52,0.03,0.1,0.01,-0.02,,0.11
Geoffrey Kondo,Cercle Brugge,Jupiler Pro League,2026/2027,683,Left Centre Back,France,01/05/02,25,0,0,0.01,0.03,0.26,0,0,0,,0,0,0.03,0.4,0,0.03,0.4,0,0,0,0,0.03,0.66,-0.03,0.26,0.26,0,100,0.13,0,0.26,0,1.58,1.25,3.29,1.87,6.46,4.22,0.08,3.16,26.65,13.44,3.29,0.66,2.24,100,0.4,1.64,1.58,100,0,50,1.58,0,4.22,3.54,1.58,0.53,0.26,37.68,1.58,38,0.4,75,0.13,0,0,59.16,83,6.72,92,59,4.74,9.88,15,70,-12,38.27,4.22,0.36,0.38,48.23,99,4.91,5.01,0.92,0.53,0.4,0,0.66,1.19,0.13,14,0.13,17,0,29,69,2,47,50,3,24.68,25.56,0.91,95,0.87,22.48,24.23,0,0,0,0,0,,0,0,,0,0,0,0,0,0,21,10,5.52,31,0.17,0.06,-0.01,-0.01,,0.22
Gaëtan Coucke,Cercle Brugge,Jupiler Pro League,2026/2027,683,Goalkeeper,Belgium,02/11/98,28,0,0,0,,0,,,0,,0,0,0,0,0,0,0,0,0,0,0,0,0,0,0.26,0.26,0,100,0,0,0,0,0,0,0,0,0,0,0,7.25,2.2,2.77,0,0,0,,0,0,0,,0,,0,0,0,0,0,0,0,,0,,0,,0,0,0,20.29,65,4.88,12,35,4.08,10.01,19,38,-27,13.93,1.45,0.22,0.22,18.05,100,4.46,1.19,0,0,0,0,0,0,0,,0,,0,47,53,0,78,22,0,40.64,52.78,0.68,73,12.14,27.51,38.69,1.45,1.09,-0.36,59,69,-10,1.24,3.56,29,12.25,1.52,0.26,0.26,28.36,-4,32,4,1.63,9,0.1,0.04,,,-0.57,-0.43
Davy Roef,Gent,Jupiler Pro League,2026/2027,682,Goalkeeper,Belgium,05/02/94,33,0,0,0,,0,,,0,,0,0,0,0,0,0,0,0,0,0,0,0,0,0,0,0,0,,0.13,0,0,0,0,0,0,0,0,0,0,4.62,2.23,3.03,0,0,0,,0,0,0,,0,,0,0,0,0,0,0,0,,0,,0,,0,0,0,28.5,79,7.52,13,53,3.17,10.95,21,67,-12,11.18,0.13,0.11,0.11,24.94,100,4.47,0,0,0,0,0,0,0,0,,0,,0,34,66,0,,,,36,37.2,0.83,77,1.2,30.04,28.47,0.53,0.48,-0.05,82,83,-2,0.6,2.9,31,9.5,1.29,0,0,14.14,-4,24,3,1.02,8,0.06,0.06,,,-0.05,0.06
Siebe Van der Heyden,Gent,Jupiler Pro League,2026/2027,682,Left Centre Back,Belgium,29/05/98,29,0,0,0.04,0.1,0.4,0,33,0,,0.02,0.13,0.13,0.53,0.13,0.13,0.53,0,0,0,0.13,0.17,0.92,-0.04,0.13,0.13,0,100,0.4,0,0,0,1.06,1.07,3.56,3.04,8.58,3.96,0.06,3.96,24.29,6.47,1.06,0.92,1.98,70,0.89,1.96,0.79,57,0.4,56,2.38,0.13,6.86,5.42,2.38,1.06,0.4,29.86,1.32,19,0.53,50,0.4,0,0,57.93,91,5.67,92,72,5.15,6.33,14,75,-17,35.27,4.22,0.41,0.44,48.3,100,4.56,4.88,0,0,0,0.13,1.45,1.45,0,,0,0,0.13,18,78,4,35,65,0,21.95,20.62,0.97,102,-1.33,21.23,21.12,0,0,0,0,0,,0,0,,0,0,0,0,0,0,16,9,3.66,27,0.03,0.05,0.17,-0.03,,0.22
Ibrahim Karamoko,Standard Liège,Jupiler Pro League,2026/2027,679,Right Centre Back,France,22/07/01,25,0,0,0.04,0.07,0.53,0,0,0,,0,0.13,0.04,0.13,0.13,0.04,0.13,0,0,0,0.13,0.08,0.66,0.05,0,0,0,,0.79,0,0,0,1.19,1.39,5.7,6.59,11,6.62,0.05,5.17,25.52,11.13,2.12,2.12,3.31,89,2.53,3.92,1.06,78,0.26,54,2.52,0.13,7.82,9.25,2.91,1.06,0.26,32.02,1.59,20,0.4,38,0.13,0,0,52.2,90,3.71,17,67,7.02,4.24,14,79,-11,38.78,2.38,0.44,0.45,39.75,100,4.22,3.44,0,0,0,0.13,1.19,1.19,0,,0,,0.13,23,72,5,46,50,4,21.78,23.62,0.97,94,1.84,21.05,22.1,0,0,0,0,0,,0,0,,0,0,0,0,0,0,13,6,3.05,17,0.04,0.04,0.02,-0.06,,0.04
Ibe Hautekiet,Standard Liège,Jupiler Pro League,2026/2027,679,Left Centre Back,Belgium,12/04/02,25,0,0,0.03,0.06,0.53,0,25,0,,0.02,0,0,0,0,0,0,0,0,0,0,0.03,0.53,-0.03,0.13,0,0.13,0,0.13,0,0.13,0.26,1.32,1.58,5.56,6.59,9.14,4.64,0.05,5.7,27.43,12.32,2.65,1.72,3.05,81,1.74,3.32,0.4,40,0.4,74,3.44,0.13,7.02,7.61,3.18,1.06,0.66,32.9,1.32,19,0.26,25,0,0,0,54.19,87,3.71,37,68,6.09,4.9,11,79,-8,37.22,1.85,0.51,0.52,40.01,99,4.89,2.52,0,0,0,0,1.06,1.06,0,,0,0,0,23,75,2,16,84,0,21.09,21.09,0.97,95,0.01,20.38,20.11,0,0,0,0,0,,0,0,,0,0,0,0,0,0,17,6,3.83,22,0.01,0.04,0.03,0.01,,0.08
Matthieu Epolo,Standard Liège,Jupiler Pro League,2026/2027,679,Goalkeeper,DR Congo,14/01/05,22,0,0,0,,0,,,0,,0,0,0,0,0,0,0,0,0,0,0,0,0,0,0.26,0.26,0,100,0.53,0,0,0,0,0,0.13,0.16,0.13,0.13,0,9.27,2.64,2.78,0,0,0,,0,0,0.13,,0,,0,0.13,0,0,0,0,0,,0,,0,,0.26,0,0,22.92,62,7.68,16,40,4.77,14.57,20,49,-13,13.51,0.93,0.19,0.19,21.07,100,5.3,0.53,0,0,0,0,0,0,0,,0,,0,58,42,0,100,0,0,43.67,43.93,0.76,80,0.26,33.34,35.3,1.32,1.52,0.2,64,59,5,1.31,3.71,27,13.78,1.71,0.26,0.26,20.05,-4,33,2,2.19,12,0.11,0.09,-0.08,,0.08,0.19
Adnane Abid,Standard Liège,Jupiler Pro League,2026/2027,679,Left Wing,Belgium,22/08/03,23,0.4,0.4,0.18,0.08,2.12,19,44,3,,0.33,0.13,0.28,1.85,0.13,0.28,1.85,0,0,0,0.53,0.45,3.97,0.08,1.72,1.19,0.53,69,1.32,0.13,3.58,2.78,0.26,0.33,0.26,0.24,17.36,6.89,0,5.56,51.72,11,6.49,1.85,2.12,74,1.96,2.28,0.53,33,0.66,29,0.26,0,14.97,16.59,4.37,4.5,1.85,52.53,8.21,55,2.52,56,0.13,0,0,38.82,72,2.25,15,65,0.79,2.91,13,65,-7,62.42,6.76,0.68,0.82,38.56,85,8.47,14.97,3.18,3.18,0,1.06,5.3,8.48,0.4,4,0.26,20,0.93,22,64,14,25,65,10,17.47,17.89,1.01,104,0.42,17.59,18.57,0,0,0,0,0,,0,0,,0,0,0,0,0,0,28,8,7.68,44,0.12,0.35,0.02,0.02,,0.51
Casper Nielsen,Standard Liège,Jupiler Pro League,2026/2027,679,Right Centre Midfielder,Denmark,28/04/94,33,0.26,0.13,0.13,0.06,2.25,6,29,2,100,0.07,0.26,0.3,2.25,0.26,0.22,1.72,0,0.08,0.53,0.4,0.43,4.5,-0.03,0.4,0.13,0.26,33,1.32,0,1.32,1.19,0.4,0.61,1.06,1.04,16.43,8.08,0.06,3.97,45.43,10.6,6.23,1.99,2.38,83,2.33,2.94,0.4,40,0.4,22,0.53,0,14.04,15.42,3.44,5.03,1.19,49.14,7.02,50,3.44,68,0.13,0,0,43.19,59,3.97,15,43,1.72,8.48,12,34,-25,60.37,5.7,0.47,0.71,32.73,94,4.15,12.72,3.44,1.99,1.46,0.53,3.58,5.56,0.4,31,1.19,32,0.53,27,64,9,33,59,7,22.06,19.78,0.91,71,-2.29,20.01,13.98,0,0,0,0,0,,0,0,,0,0,0,0,0,0,38,6,8.15,46,0.17,0.05,0.1,-0.1,,0.21
Laurent Lemoine,Zulte Waregem,Jupiler Pro League,2026/2027,678,Right Centre Back,Belgium,23/04/98,29,0,0,0.06,0.08,0.8,0,33,0,,0.09,0,0,0,0,0,0,0,0,0,0,0.06,0.8,-0.06,0,0,0,,0.8,0,0.13,0.4,0.53,0.41,3.71,2.4,11.54,5.04,0.08,6.5,21.68,7.69,1.72,1.33,1.86,77,0.89,1.3,1.59,40,0.4,78,1.86,0,8.62,5.54,4.64,1.86,0.93,26.19,1.19,14,0.66,36,0.27,0,0,35.02,88,1.86,9,58,4.24,2.65,14,76,-12,36.45,2.26,0.37,0.41,28.78,98,3.98,2.39,0,0,0,0,1.59,1.59,0,,0,,0,29,68,3,44,56,0,21.72,20.95,0.97,99,-0.77,21.03,20.81,0,0,0,0,0,,0,0,,0,0,0,0,0,0,14,7,2.37,17,0.05,0.02,0.17,-0.05,,0.19
Jakob Kiilerich,Zulte Waregem,Jupiler Pro League,2026/2027,678,Left Centre Back,Denmark,09/05/00,27,0,0,0.05,0.13,0.4,0,33,0,,0.07,0,0.01,0.27,0,0.01,0.27,0,0,0,0,0.07,0.66,-0.07,0,0,0,,0.27,0,0,0,0.66,0.34,5.31,3.39,6.37,3.98,0.06,4.38,21.45,7.03,0.66,0.66,1.33,83,0.41,0.75,0.4,0,0.13,68,2.26,0,5.31,3.29,2.52,0.66,0.4,25.8,0.4,8,0.27,40,0,0,0,43.91,89,4.51,82,77,5.97,5.17,13,80,-9,37.94,3.18,0.26,0.28,32.9,100,4.58,4.38,0.66,0.66,0,0.27,1.86,2.52,0,0,0.13,50,0.27,24,74,1,52,45,3,22.34,21,0.98,106,-1.34,21.97,22.2,0,0,0,0,0,,0,0,,0,0,0,0,0,0,13,7,2.02,14,0.14,0.05,0.17,-0.04,,0.32
Enrique Lofolomo,Zulte Waregem,Jupiler Pro League,2026/2027,678,Centre Defensive Midfielder,Germany,13/04/00,27,0,0,0,0.03,0.13,0,0,0,,0,0,0.01,0.4,0,0.01,0.4,0,0,0,0,0.01,0.53,-0.01,0.4,0.27,0.13,67,1.72,0,0.53,0.66,0.8,0.76,1.19,0.65,15.52,9.15,0.02,5.04,38.1,11.81,5.44,1.99,2.79,71,1.16,1.92,1.06,14,0.8,44,1.06,0,12.47,7.94,3.58,2.39,0.8,42.74,4.91,39,1.46,61,0.13,0,0,43.38,85,3.85,18,73,1.72,4.78,17,69,-15,47.66,3.98,0.31,0.31,34.36,97,4.73,6.5,0,0,0,0,0.13,0.13,0,,0,,0,20,69,11,24,69,6,21.65,19.14,1,96,-2.5,21.61,18.44,0,0,0,0,0,,0,0,,0,0,0,0,0,0,17,8,3.49,25,0.01,0.07,0.09,0,,0.17
Josué Kongolo,KRC Genk,Jupiler Pro League,2026/2027,678,Left Centre Back,Belgium,12/04/06,21,0.27,0.27,0.09,0.22,0.4,67,67,0,,0.16,0,0.01,0.13,0,0.01,0.13,0,0,0,0.27,0.1,0.53,0.17,0.13,0,0.13,0,1.72,0,0.93,0.13,0.93,1.13,3.58,3.54,11.01,5.31,0.08,4.78,26.6,9.02,1.86,1.99,2.92,88,2.09,3.23,1.46,60,0.27,38,0.8,0,7.69,8.55,3.71,1.59,0.4,33.43,2.12,28,1.06,67,0.27,0,0,69.64,93,4.78,23,67,5.17,5.57,9,73,-20,37.67,3.05,0.54,0.59,63.67,98,4.03,5.17,0.13,0.13,0,0.53,1.99,2.12,0,0,0,0,0.27,15,81,4,13,72,15,22.58,29.21,0.97,87,6.63,21.81,25.32,0,0,0,0,0,,0,0,,0,0,0,0,0,0,8,3,5.35,34,0.04,0.07,0.1,0.02,,0.23
Lucca Brughmans,KRC Genk,Jupiler Pro League,2026/2027,678,Goalkeeper,Belgium,26/06/08,18,0,0,0,,0,,,0,,0,0,0,0.13,0,0,0.13,0,0,0,0,0,0.13,0,0,0,0,,0,0,0,0,0,0,0.13,0.14,0,0,0,6.23,2.06,1.99,0,0,0,,0,0,0,,0,,0,0,0,0,0,0,0,,0,,0,,0,0,0,22.42,75,7.56,3,51,2.92,12.07,18,76,1,10.6,1.46,0.21,0.21,21.36,100,4.2,1.06,0,0,0,0,0,0,0,,0,,0,48,52,0,100,0,0,41.14,41.64,0.81,85,0.5,33.18,35.34,1.33,0.93,-0.39,64,75,-11,0.9,3.71,28,13.27,1.43,0.13,0.13,13.18,-5,25,3,1.62,10,0.08,0.07,0.01,,-0.5,-0.34
Matthias Pieklak,Lommel,Jupiler Pro League,2026/2027,678,Goalkeeper,Belgium,13/09/06,20,0,0,0,,0,,,0,,0,0,0,0,0,0,0,0,0,0,0,0,0,0,0,0,0,,0,0,0,0,0,0,0,0,0,0,0,10.62,2.15,4.51,0,0,0,,0,0,0,,0,,0,0.13,0,0,0,0,0,,0,,0,,0,0,0,29.21,76,6.37,16,43,4.78,9.96,25,66,-10,8.25,0.13,0.11,0.11,24.96,100,3.33,0,0,0,0,0,0,0,0,,0,,0,37,63,0,,,,33.77,38.66,0.8,83,4.89,27.1,31.94,0.93,1.37,0.44,78,68,10,1.66,4.25,21,19.91,1.73,0,0,12.86,-4,27,6,0.58,5,0.04,0.08,,,0.2,0.32
Jason van Duiven,Lommel,Jupiler Pro League,2026/2027,678,Right Back,Netherlands,23/02/05,22,0,0,0.06,0.06,0.93,0,29,1,,0.05,0.4,0.1,1.33,0.27,0.04,0.4,0.13,0.06,0.93,0.4,0.16,2.26,0.24,0.4,0.4,0,100,1.73,0,0.27,0.66,1.06,0.87,2.92,2.2,15.53,8.23,0.09,7.04,30.68,7.83,2.79,1.59,2.66,71,1.37,2.24,1.33,38,0.66,50,1.19,0.13,12.61,10.54,4.78,1.86,0.66,37.01,4.12,33,0.93,50,0.13,0,0,33.19,74,3.32,6,49,4.12,5.58,12,68,-6,47.43,4.78,0.15,0.2,28.68,97,5.19,6.37,1.86,0.53,1.33,0.13,1.06,1.59,0,36,0.66,28,0.13,29,59,12,33,60,6,21.84,22.07,0.92,95,0.23,20.04,20.98,0,0,0,0,0,,0,0,,0,0,0,0,0,0,32,10,4.73,40,0.16,0.09,0.23,-0.01,,0.47
Lucas Schoofs,Lommel,Jupiler Pro League,2026/2027,678,Right Defensive Midfielder,Belgium,02/01/97,30,0.13,0.13,0.04,0.06,0.8,17,17,1,,0.07,0,0.04,0.8,0,0.04,0.8,0,0,0,0.13,0.08,1.59,0.05,0.13,0.13,0,100,0.66,0,1.06,0.93,0.93,0.76,1.73,1.5,24.43,14.34,0.04,8.36,41.84,8.89,2.79,2.52,3.45,59,1.8,2.57,1.59,25,1.73,67,1.06,0,20.31,16.16,6.24,5.97,2.26,44.93,8.76,43,2.92,49,0.13,0,0,36.24,79,2.79,24,84,1.99,3.05,22,66,-13,46.98,2.79,0.24,0.29,26.15,93,3.75,6.77,0.53,0.4,0.13,0.4,1.99,2.39,0,25,0.27,50,0.53,22,67,11,22,69,10,18.49,14.03,1.03,110,-4.46,18.97,15.46,0,0,0,0,0,,0,0,,0,0,0,0,0,0,28,12,3.54,30,0.04,0.03,0.08,-0.02,,0.13
Joey Pelupessy,Lommel,Jupiler Pro League,2026/2027,678,Left Defensive Midfielder,Indonesia,14/05/93,34,0,0,0.01,0.03,0.27,0,0,0,,0,0,0,0.27,0,0,0.27,0,0,0,0,0.01,0.53,-0.01,0,0,0,,0.53,0,0,0.27,1.19,1.06,1.33,1.11,6.9,2.92,0.03,3.32,32.01,5.71,2.39,0.27,1.46,40,0.25,1.31,0.27,33,0.4,44,0.53,0,6.37,5.4,2.39,1.33,0.53,35.38,1.46,23,0.66,50,0,0,0,29.47,90,2.12,9,76,1.99,2.12,12,74,-15,44.01,1.73,0.22,0.22,22.57,99,3.18,3.72,0,0,0,0,0,0,0,,0,,0,18,69,13,14,82,4,19.6,22.3,0.97,94,2.71,18.95,20.92,0,0,0,0,0,,0,0,,0,0,0,0,0,0,18,10,3.12,26,-0.01,0.02,0.04,-0.01,,0.04
Dani van den Heuvel,OH Leuven,Jupiler Pro League,2026/2027,678,Goalkeeper,Netherlands,27/05/03,24,0,0,0,,0,,,0,,0,0,0,0,0,0,0,0,0,0,0,0,0,0,0,0,0,,0.13,0,0,0,0,0,0,0,0.13,0.13,0,7.3,2.04,3.05,0.13,0,0,,0,0,0,,0,,0,0,0.13,0.2,0.13,0.13,0.13,11.82,0,0,0,0,0,0,0,24.3,74,5.44,14,41,3.59,9.83,19,68,-6,10.82,0.93,0.13,0.13,21.12,100,4.9,0.27,0,0,0,0,0,0,0,,0,,0,46,54,0,100,0,0,34.94,37.99,0.76,89,3.05,26.71,33.99,1.33,1.66,0.34,68,60,8,1.44,4.12,30,13.55,1.49,0.4,0.4,16.01,-4,25,3,0.66,5,0.09,0.05,,,0.15,0.29
Tiago Araújo,Gent,Jupiler Pro League,2026/2027,677,Left Wing Back,Portugal,26/03/01,26,0.27,0.27,0.08,0.05,1.46,18,18,1,,0.04,0.27,0.17,0.93,0.27,0.17,0.93,0,0,0,0.53,0.25,2.39,0.28,0.93,0.27,0.66,29,0.66,0,0.8,2.13,0.8,0.64,2.26,1.82,13.96,8.37,0,3.59,36.48,8.11,2.66,1.2,1.99,50,0.87,1.51,0.66,27,1.2,75,0.8,0.13,12.1,10.08,2.92,1.6,0.8,40.9,4.12,34,1.06,67,0.13,0,0,47.98,78,5.72,96,68,3.59,7.04,12,68,-11,49.66,4.52,0.44,0.56,41.6,94,3.29,11.03,1.99,1.73,0.27,0.27,1.99,3.72,0,40,1.33,34,0.4,24,59,17,31,53,16,22.55,22.02,0.97,109,-0.53,21.86,24.11,0,0,0,0,0,,0,0,,0,0,0,0,0,0,23,7,4.92,36,0.34,0.04,0.01,-0.07,,0.32
Lee Han-Beom,Club Brugge,Jupiler Pro League,2026/2027,677,Right Centre Back,South Korea,16/06/02,24,0.13,0.13,0.08,0.15,0.53,25,75,0,,0.22,0,0,0,0,0,0,0,0,0,0.13,0.08,0.53,0.05,0.13,0.13,0,100,0.4,0,0.53,0.27,0.4,0.63,3.86,5.51,12.1,5.45,0.04,4.26,34.8,11.44,3.72,1.2,1.6,64,1.85,2.47,1.33,29,0.66,62,3.06,0,9.58,14.06,2.93,1.33,0.4,41.78,3.72,39,1.06,80,0.13,0,0,84.85,94,3.86,12,76,4.52,4.39,9,83,-11,38.15,4.65,1.16,1.17,71.02,99,4.45,6.78,0.13,0.13,0,0.13,1.6,1.73,0.27,0,0,,0.27,16,81,3,29,65,6,19.91,20.53,0.98,90,0.62,19.58,18.43,0,0,0,0,0,,0,0,,0,0,0,0,0,0,12,9,4.79,22,0.07,0.06,0.05,0.06,,0.24
Yann Sommer,Club Brugge,Jupiler Pro League,2026/2027,677,Goalkeeper,Switzerland,16/12/88,38,0,0,0,,0,,,0,,0,0,0,0,0,0,0,0,0,0,0,0,0,0,0.13,0.13,0,100,0.13,0,0,0,0,0,0,0,0.27,0.27,0,6.12,3.01,3.99,0,0,0,0,0,0,0,0,0.27,,0,0,0.27,0.42,0.13,0,0,33.38,0,0,0,,0,0,0,34.31,89,5.45,26,56,2.93,6.78,21,83,-7,14.77,0.27,0.55,0.55,29.79,100,4.53,0.27,0,0,0,0,0,0,0,,0,,0,27,73,0,50,50,0,27.95,31.92,0.85,84,3.97,23.84,26.87,0.4,1.15,0.75,89,68,21,1.26,3.59,29,12.24,2.12,0,0,22.78,-4,13,4,2.07,10,0.08,0.09,,,0.59,0.76
Brandon Mechele,Club Brugge,Jupiler Pro League,2026/2027,676,Left Centre Back,Belgium,27/01/93,34,0.27,0.27,0.09,0.09,1.06,25,38,0,,0.26,0,0.01,0.4,0,0.01,0.4,0,0,0,0.27,0.11,1.46,0.16,0.13,0.13,0,100,0.4,0,0.4,0,1.06,1.35,4.39,6.47,11.45,5.72,0.1,6.26,32.1,12.78,5.06,1.46,2.53,85,2.31,3.66,0.67,33,0.27,65,3.73,0,9.32,14.4,4.13,2,0.4,39.22,3.19,34,1.2,60,0.13,0,0,80.78,91,5.19,34,67,5.32,6.79,13,76,-15,40.99,9.72,0.87,0.89,62.15,99,4.89,13.04,0.13,0.13,0,0.27,2.79,2.93,0,0,0,,0.53,22,74,4,35,63,2,21.52,20.77,0.96,93,-0.75,20.67,19.37,0,0,0,0,0,,0,0,,0,0,0,0,0,0,14,8,6.55,30,0.09,0.07,0.05,0.04,,0.26
Taishi Nozawa,Antwerp,Jupiler Pro League,2026/2027,675,Goalkeeper,Japan,24/12/02,24,0,0,0,,0,,,0,,0,0.13,0.13,0.13,0.13,0.13,0.13,0,0,0,0.13,0.13,0.13,0,0,0,0,,0.27,0,0,0,0,0,0,0,0.13,0,0,9.33,3.01,3.6,0,0,0,,0,0,0.13,,0,,0,0.13,0,0,0,0,0,,0,,0,,0,0,0,23.72,71,6,21,42,2,12.39,17,78,7,9.94,1.2,0.06,0.2,20.39,100,5.27,0.8,0.13,0.13,0,0,0,0.13,0,0,0,,0,49,51,0,100,0,0,41.71,32.25,0.75,83,-9.46,31.33,26.89,1.73,1.79,0.06,70,69,1,1.94,5.86,37,15.99,2.13,0.27,0.27,18.05,-4,25,4,2.07,12,0.11,0.08,-0.02,,-0.1,0.08
Ismaila Coulibaly,RAAL La Louvière,Jupiler Pro League,2026/2027,674,Centre Defensive Midfielder,Mali,24/12/00,26,0,0,0.03,0.03,1.07,0,25,1,,0.01,0,0.04,0.67,0,0.04,0.67,0,0,0,0,0.07,1.73,-0.07,0.93,0.67,0.27,71,0.13,0,0.53,0.53,0.8,0.33,1.07,0.47,19.62,12.68,0.01,5.34,39.34,14.28,6.67,2.14,2.94,73,1.09,1.42,0.8,29,0.8,55,1.47,0,16.81,6.71,4.54,2.8,1.07,40.37,5.2,31,1.33,48,0.13,0,0,38.43,79,2.67,10,51,2,4.27,17,65,-14,49.41,4.27,0.23,0.31,30.29,97,4.79,7.87,0.27,0.13,0.13,0.13,1.33,1.47,0,0,0,0,0.4,21,66,12,15,76,8,22.08,19.74,0.96,102,-2.34,21.14,20.11,0,0,0,0,0,,0,0,,0,0,0,0,0,0,22,5,3.51,31,-0.02,0.12,0.03,-0.05,,0.09
Visar Musliu,Sint-Truiden,Jupiler Pro League,2026/2027,674,Left Centre Back,Macedonia,12/11/94,32,0,0,0.01,0.05,0.13,0,0,0,,0,0,0,0,0,0,0,0,0,0,0,0.01,0.13,-0.01,0.13,0.13,0,100,1.07,0,0,0,1.74,1.77,4.81,4.25,11.89,5.75,0.06,7.08,26.68,14.03,1.6,1.47,3.21,85,1.63,3.4,0.94,75,0.27,74,3.07,0.13,9.49,10.42,4.14,1.34,0.67,32.3,1.6,17,0.67,50,0.13,0,0,70.55,89,6.41,20,70,6.28,7.75,13,73,-16,36.82,6.15,0.51,0.52,58.12,100,4.1,8.28,0.13,0.13,0,0,0.27,0.4,0,0,0,,0,26,71,3,35,63,2,22.04,23.65,0.96,101,1.61,21.26,23.89,0,0,0,0,0,,0,0,,0,0,0,0,0,0,13,7,5.81,32,0.06,0.09,0.17,-0.01,,0.3
Leo Kokubo,Sint-Truiden,Jupiler Pro League,2026/2027,674,Goalkeeper,Japan,22/01/01,26,0,0,0,,0,,,0,,0,0,0,0,0,0,0,0,0,0,0,0,0,0,0,0,0,,0.4,0,0,0.13,0,0,0,0,0,0,0,8.42,2.7,3.21,0,0,0,,0,0,0,,0,,0,0.13,0,0,0,0,0,,0,,0,,0.13,0,0,30.86,84,8.42,14,59,4.14,10.15,23,73,-11,12.4,0.8,0.23,0.23,28.06,100,4.47,0.53,0,0,0,0,0,0,0,,0,,0,32,68,0,100,0,0,33.47,37.06,0.84,81,3.59,28.11,29.89,1.2,1.65,0.44,75,66,9,1.43,4.81,36,13.36,1.67,0.27,0.27,21.88,-4,17,7,1.76,10,0.09,0.03,,,0.17,0.29
Colin Coosemans,RSC Anderlecht,Jupiler Pro League,2026/2027,673,Goalkeeper,Belgium,02/08/92,34,0,0,0.02,0.14,0.13,0,0,0,,0,0,0,0,0,0,0,0,0,0,0,0.02,0.13,-0.02,0,0,0,,0.4,0,0,0,0,0,0.27,0.35,0,0,0,4.54,2.95,3.07,0,0,0,,0,0,0,,0,100,0.13,0,0,0,0,0,0,,0,,0,,0,0,0,32.61,84,7.22,7,55,3.88,9.49,19,79,-5,15.7,0.94,0.32,0.32,28.73,100,5.6,0.94,0.13,0.13,0,0,0.27,0.4,0,0,0,,0,30,70,0,100,0,0,31.44,35.21,0.83,86,3.77,26,30.32,0.67,0.68,0.01,77,77,0,0.82,2.94,32,9.22,1.66,0,0,26.61,-3,19,4,1.91,10,0.08,0.08,0,,0.1,0.26
Léo Pétrot,RSC Anderlecht,Jupiler Pro League,2026/2027,673,Left Centre Back,France,14/04/97,30,0,0,0.04,0.1,0.4,0,33,0,,0,0,0.01,0.27,0,0.01,0.27,0,0,0,0,0.05,0.67,-0.05,0,0,0,,0.94,0,0.13,0.13,0.94,1.3,3.88,5.66,7.48,2.67,0.07,4.01,29.08,10.83,3.21,1.34,2.27,100,1.76,3.06,0.53,100,0,57,2.81,0,5.61,7.83,2.67,1.07,0.53,34.71,1.6,29,0.53,50,0.13,0,0,70.7,92,4.95,84,77,5.08,5.21,10,79,-13,40.44,5.75,0.57,0.59,57.74,100,4.33,7.62,0.27,0.27,0,0.13,1.34,1.6,0,0,0,,0.13,21,75,5,32,68,0,22.14,22.5,0.97,105,0.36,21.59,23.71,0,0,0,0,0,,0,0,,0,0,0,0,0,0,11,6,5.49,30,0.04,0.06,0.12,-0.05,,0.17
Ali Maamar,RSC Anderlecht,Jupiler Pro League,2026/2027,673,Right Back,Morocco,22/03/05,22,0,0,0.09,0.08,1.07,0,63,1,,0.11,0.27,0.29,2,0.27,0.29,2,0,0,0,0.27,0.38,3.07,-0.11,1.87,0.67,1.2,36,0.8,0,1.74,2.27,0.94,1.45,1.2,1.63,16.44,8.02,0,6.28,40.2,8.42,3.34,1.6,2.54,46,2.25,3.7,1.74,25,1.87,33,0.53,0,13.1,18.62,4.28,2.67,1.07,42.49,4.81,37,1.74,65,0,0,0,42.63,79,1.34,22,31,2.41,3.07,18,71,-8,55.64,6.82,0.52,0.77,43.04,91,6.38,14.57,2.27,2.27,0,0.53,2.94,5.21,0.13,41,1.34,37,0.53,21,65,14,19,62,18,18.62,18.66,0.91,86,0.04,16.96,16.12,0,0,0,0,0,,0,0,,0,0,0,0,0,0,26,11,7.71,41,0.21,0.13,0.02,0.06,,0.44
Laurent Jans,Beveren,Jupiler Pro League,2026/2027,673,Right Back,Luxembourg,04/08/92,34,0,0,0.01,0.02,0.27,0,0,0,,0,0,0.02,0.27,0,0.02,0.27,0,0,0,0,0.03,0.54,-0.03,0.13,0,0.13,0,0.8,0,0.13,0.54,1.07,1.12,1.87,1.66,7.76,5.08,0.04,3.61,36,10.84,5.08,0.67,1.74,50,0.59,1.72,0.27,33,0.67,38,0.8,0,7.09,6.55,2.68,1.47,0.54,40.78,2.54,36,0.67,45,0,0,0,46.29,79,4.28,14,58,3.34,5.89,13,73,-6,48.66,4.68,0.38,0.38,34.65,98,3.41,9.5,1.87,1.47,0.4,0,0.27,1.74,0,29,0.67,33,0.27,28,57,15,39,54,7,20.54,23.65,0.96,94,3.11,19.68,22.3,0,0,0,0,0,,0,0,,0,0,0,0,0,0,24,8,3.13,24,0.13,0.04,0.15,-0.01,,0.31
Seiji Kimura,Westerlo,Jupiler Pro League,2026/2027,673,Right Centre Back,Japan,23/08/01,25,0,0,0.03,0.09,0.4,0,0,0,,0,0,0,0,0,0,0,0,0,0,0,0.03,0.4,-0.03,0,0,0,,0.27,0,0.27,0,0.8,0.71,4.01,3.79,4.28,2.54,0.04,3.88,21.38,8.56,1.07,0.54,1.34,67,0.51,1.22,0.4,33,0.27,58,1.47,0,3.48,3.54,2.27,0.54,0.27,28.78,0.54,15,0.27,50,0,0,0,56.99,89,4.68,17,66,5.49,5.62,13,79,-10,37.68,4.55,0.44,0.47,47.49,99,5.08,4.82,0.27,0.27,0,0,0.94,1.2,0.13,0,0,,0,26,71,3,50,47,3,21.21,20.29,0.94,93,-0.91,20,18.86,0,0,0,0,0,,0,0,,0,0,0,0,0,0,14,6,3.65,23,0.11,0.06,0,-0.05,,0.13
Cisse Sandra,Westerlo,Jupiler Pro League,2026/2027,673,Left Defensive Midfielder,Belgium,15/12/03,23,0.13,0.13,0.1,0.09,1.07,13,50,1,,0.13,0,0.03,0.4,0,0.02,0.27,0,0.01,0.13,0.13,0.13,1.47,0.01,0.27,0.13,0.13,50,0.94,0,0.67,1.74,0.67,0.63,1.87,1.88,14.05,7.09,0.03,5.62,46.76,7.63,3.08,1.34,2.01,71,1.23,1.86,1.07,0,0.54,43,1.2,0.13,11.77,12.1,4.41,2.41,1.47,53.54,7.36,63,1.87,78,0.27,0,0,38.8,85,2.68,70,71,2.68,2.94,20,85,0,48.98,4.55,0.35,0.41,32.24,95,4.06,8.7,0.54,0.54,0,0,1.74,2.27,0.13,0,0,0,0.13,21,68,11,26,68,6,19.51,17.86,0.98,98,-1.66,19.06,17.54,0,0,0,0,0,,0,0,,0,0,0,0,0,0,16,6,3.55,23,0,0.07,-0.02,0.04,,0.09
Andreas Jungdal,Westerlo,Jupiler Pro League,2026/2027,673,Goalkeeper,Denmark,21/02/02,25,0,0,0,,0,,,0,,0,0,0.01,0.13,0,0,0,0,0.01,0.13,0,0.01,0.13,-0.01,0,0,0,,0.4,0,0,0,0,0,0.13,0.13,0,0,0,8.29,2.25,3.61,0,0,0,0,0,0,0,0,0.13,,0,0,0,0,0,0,0,,0,,0,,0,0,0,24.48,63,4.15,19,27,4.28,11.37,26,65,3,11.84,0.8,0.15,0.15,20.74,100,4.33,0.4,0,0,0,0,0,0,0,,0,,0,49,51,0,100,0,0,41.13,38.78,0.62,69,-2.35,25.4,26.74,2.01,1.73,-0.27,58,64,-6,1.55,4.82,35,13.91,1.78,0.13,0.13,21.68,-4,39,7,1.49,9,0.12,0.07,0,,-0.43,-0.24
Marcos Peano,RAAL La Louvière,Jupiler Pro League,2026/2027,665,Goalkeeper,Argentina,14/10/98,28,0,0,0,,0,,,0,,0,0.14,0.07,0.14,0.14,0.07,0.14,0,0,0,0.14,0.07,0.14,0.06,0,0,0,,0.27,0,0,0,0,0,0,0,0.14,0,0,7.04,2.38,4.6,0,0,0,,0,0,0.14,,0,,0,0,0,0,0,0,0,,0,,0,,0,0,0.14,31.13,70,6.36,15,37,4.87,12.45,19,53,-17,16.01,1.08,0.2,0.2,27.61,100,5.4,0.95,0.27,0.27,0,0,0,0.27,0.14,0,0,,0,40,60,0,86,14,0,38.34,41.9,0.72,68,3.56,27.61,28.33,1.76,1.77,0.01,62,61,0,1.71,4.6,31,14.62,1.89,0,0,17.03,-5,29,2,1.6,14,0.12,0.14,0,,-0.16,0.09
Kevin Van Den Kerkhof,Sporting Charleroi,Jupiler Pro League,2026/2027,664,Right Back,Algeria,13/03/96,31,0.27,0.27,0.09,0.06,1.49,18,18,1,,0.2,0.27,0.23,1.08,0.27,0.23,1.08,0,0,0,0.54,0.31,2.57,0.23,1.63,1.08,0.54,67,0.68,0,1.63,1.35,0.68,0.91,2.85,3.44,16.12,7.05,0.01,6.77,37.41,7.18,2.3,2.71,3.39,83,3.47,4.38,0.68,56,0.54,33,0.27,0.14,13.01,17.48,5.15,2.85,1.22,43.63,5.28,41,2.17,76,0.14,0,0,45.52,75,4.88,7,50,4.34,8.26,21,72,-2,51.32,5.96,0.73,0.93,44.17,94,5.6,11.38,1.9,1.35,0.54,0.41,3.12,4.47,0,64,1.35,28,0.54,21,66,14,21,60,19,23.3,20.06,0.9,93,-3.24,21.03,18.75,0,0,0,0,0,,0,0,,0,0,0,0,0,0,28,9,9,43,0.38,0.13,0.04,-0.04,,0.51
Bryan Heynen,KRC Genk,Jupiler Pro League,2026/2027,664,Left Defensive Midfielder,Belgium,05/02/97,30,0.14,0.14,0.16,0.08,2.03,7,20,1,,0.14,0,0.03,0.54,0,0.02,0.41,0,0.01,0.14,0.14,0.19,2.58,-0.05,0.41,0.41,0,100,1.63,0,1.08,0.68,0.81,0.7,3.66,3.81,15.59,9.63,0.07,5.15,38.29,11.66,6.24,1.76,2.58,54,2.08,2.78,1.08,43,1.49,60,1.22,0,12.74,13.98,3.66,3.93,1.49,45.68,5.69,45,2.17,55,0,0,0,49.89,85,4.47,17,61,4.2,6.78,9,75,-10,52.83,8.27,0.5,0.61,41.62,97,3.66,16.13,1.22,0.81,0.41,0.14,3.39,4.2,0.14,44,0.54,31,0.27,24,66,10,26,71,3,20.35,17.1,0.95,103,-3.24,19.3,17.63,0,0,0,0,0,,0,0,,0,0,0,0,0,0,15,6,6.57,41,0.17,0.08,0.04,-0.04,,0.25
Shaquil Delos,RAAL La Louvière,Jupiler Pro League,2026/2027,661,Right Wing Back,France,15/06/99,27,0,0,0.02,0.04,0.41,0,33,1,,0.01,0.14,0.12,0.95,0.14,0.12,0.95,0,0,0,0.14,0.13,1.36,0,1.23,0.54,0.68,44,0.68,0,0.54,1.63,0.82,0.46,2.86,1.5,16.47,8.58,0.02,4.76,35.07,6.67,2.72,1.91,2.72,82,1.15,1.61,0.82,60,0.41,60,0.82,0,13.75,6.01,3.4,1.77,0.95,40.05,4.9,36,1.23,69,0.14,0,0,27.9,67,2.04,36,43,3.54,4.08,16,47,-20,52.85,3.27,0.31,0.32,23.68,91,5.57,6.13,1.36,0.95,0.41,0.27,1.63,2.59,0,60,0.95,27,0.68,23,65,12,18,62,20,20.93,17.91,0.94,103,-3.01,19.63,18.49,0,0,0,0,0,,0,0,,0,0,0,0,0,0,34,8,3.01,27,0.16,0.06,0.05,-0.01,,0.27
Sieben Dewaele,Beveren,Jupiler Pro League,2026/2027,660,Right Defensive Midfielder,Belgium,01/02/99,28,0,0,0,0.03,0.14,0,0,0,,0,0,0.01,0.14,0,0.01,0.14,0,0,0,0,0.01,0.27,-0.01,0,0,0,,1.09,0,0.41,0.14,0.82,0.66,2.18,1.83,17.72,9.54,0.04,5.59,35.04,9.4,3.68,1.91,2.73,82,1.98,2.64,0.68,50,0.41,36,1.09,0.14,15.13,14.75,4.91,4.22,1.64,38.4,4.36,29,1.77,42,0.27,0,0,38.84,79,3.82,19,74,2.86,4.5,15,70,-10,48.17,2.73,0.32,0.33,27.94,99,3.54,7.22,0.41,0.41,0,0,0.41,0.82,0,33,0.27,67,0,26,61,13,17,74,9,19.94,17.45,0.96,109,-2.49,19.2,19.07,0,0,0,0,0,,0,0,,0,0,0,0,0,0,19,7,4.66,36,0.01,0.05,0.1,0,,0.16
Joaquin Seys,Club Brugge,Jupiler Pro League,2026/2027,658,Left Back,Belgium,27/03/05,22,0,0,0.07,0.1,0.68,0,60,1,,0.08,0.41,0.08,1.5,0,0.02,0.68,0.41,0.06,0.82,0.41,0.15,2.19,0.26,0.27,0.14,0.14,50,0.82,0,0.55,0.27,0.55,0.81,1.37,2.05,10.94,5.2,0.04,4.24,38.12,8.07,2.32,1.23,1.78,90,1.95,2.75,0.68,67,0.14,25,0.41,0,9.03,13.74,3.56,2.46,0.82,40.73,3.56,39,1.78,72,0.14,0,0,53.2,86,2.87,78,62,2.19,3.83,12,79,-7,51.98,6.02,0.52,0.63,45.67,99,4.29,14.36,2.19,1.23,0.96,0,1.23,2.46,0,6,0.14,25,0.14,24,63,13,28,62,10,19.18,18.83,1,103,-0.35,19.2,19.4,0,0,0,0,0,,0,0,,0,0,0,0,0,0,18,6,8.19,38,0.14,0.05,0.03,0.06,,0.27
Thomas Claes,Zulte Waregem,Jupiler Pro League,2026/2027,656,Right Centre Midfielder,Belgium,25/03/04,23,0.14,0.14,0.08,0.04,1.92,7,14,2,,0.04,0,0.11,1.1,0,0.11,1.1,0,0,0,0.14,0.2,3.02,-0.06,0.69,0.27,0.41,40,0.55,0,1.78,1.1,1.1,0.68,0.96,0.75,17.01,8.09,0,4.25,44.76,11.25,5.21,1.65,2.74,80,0.85,1.53,1.65,25,0.41,71,0.69,0,13.72,8.72,3.7,3.57,0.96,46.13,5.21,38,2.06,58,0,0,0,37.45,81,2.47,29,64,1.37,3.43,19,70,-11,54.48,5.35,0.35,0.42,33.34,92,4.47,11.39,1.37,1.37,0,0.41,1.37,2.74,0.27,30,0.55,50,0.27,26,64,10,25,65,10,18.5,15.81,0.99,98,-2.69,18.3,15.49,0,0,0,0,0,,0,0,,0,0,0,0,0,0,22,8,4.49,33,0.13,0.07,0.03,-0.04,,0.19
Anosike Ementa,Zulte Waregem,Jupiler Pro League,2026/2027,656,Centre Forward,Denmark,02/05/02,25,0.14,0.14,0.08,0.06,1.37,10,50,2,,0.19,0.55,0.32,2.33,0.55,0.32,2.33,0,0,0,0.69,0.4,3.71,0.29,0.69,0.41,0.27,60,3.16,0,1.78,3.16,0,0,1.24,0.75,14.69,6.04,0.04,2.88,61.23,4.26,3.57,0.27,0.27,100,0.21,0.21,2.88,100,0,67,5.77,0,11.53,7.74,2.33,2.47,0.82,68.57,10.02,87,2.33,94,0.27,0,0,24.3,56,0.82,9,67,1.24,1.24,40,55,-1,64.68,2.06,0.45,0.76,20.45,80,3.69,7.14,0.41,0.41,0,1.24,6.73,7.14,0,0,0.41,43,1.78,22,72,6,19,71,10,14.64,13.09,1,99,-1.55,14.67,12.91,0,0,0,0,0,,0,0,,0,0,0,0,0,0,47,16,5.39,40,0.08,-0.08,-0.01,0.1,,0.1
Abdoulaye Sissako,Sint-Truiden,Jupiler Pro League,2026/2027,655,Left Defensive Midfielder,France,25/05/98,29,0,0,0.1,0.08,1.24,0,11,1,,0.01,0,0.06,1.1,0,0.06,1.1,0,0,0,0,0.16,2.34,-0.16,1.37,1.1,0.27,80,0.41,0,1.65,0.41,0.96,1.01,2.2,2.37,18.96,10.44,0.01,8.38,37.54,13.6,6.05,2.89,3.85,81,3.37,4.38,0.96,29,0.69,42,1.37,0,15.11,17.66,6.18,4.53,1.92,41.82,5.08,34,2.34,52,0.14,0,0,53.45,87,4.12,17,86,3.16,3.85,21,81,-5,50.67,5.36,0.73,0.8,43.83,95,4.41,14.29,0.82,0.82,0,0.41,2.47,3.3,0,33,0.41,75,0.82,17,68,15,22,72,6,17.93,16.35,1.02,108,-1.58,18.25,17.7,0,0,0,0,0,,0,0,,0,0,0,0,0,0,16,8,5.74,32,0,0.14,-0.09,-0.12,,-0.07
Tom Reyners,Lommel,Jupiler Pro League,2026/2027,655,Centre Attacking Midfielder,Belgium,19/04/00,27,0.41,0.41,0.17,0.09,1.79,23,54,3,,0.37,0,0.1,1.24,0,0.1,1.24,0,0,0,0.41,0.27,3.02,0.15,1.1,0.82,0.27,75,0.96,0,3.71,1.79,0.69,0.48,0.27,0.22,17.18,9.89,0,4.81,54.39,6.6,2.34,1.24,1.92,82,0.89,1.37,0.82,50,0.27,14,0.27,0,15.12,11.35,3.98,3.16,1.37,56.54,9.34,62,1.92,61,0.14,0,0,27.76,75,3.02,29,55,0.96,4.81,24,68,-7,55.17,3.71,0.34,0.44,29.27,83,4.77,7.97,0.82,0.69,0.14,0.14,3.16,3.85,0,50,0.41,23,0.55,20,62,18,22,57,21,20.94,15.92,0.92,90,-5.02,19.21,14.38,0,0,0,0,0,,0,0,,0,0,0,0,0,0,27,8,4.05,34,0,0.05,0.05,0.13,,0.23
Ilias Sebaoui,Sint-Truiden,Jupiler Pro League,2026/2027,654,Left Wing,Morocco,03/10/01,25,0.14,0.14,0.42,0.11,3.71,4,15,3,,0.29,0.41,0.22,2.2,0.41,0.21,1.93,0,0.02,0.28,0.55,0.64,5.91,-0.09,2.2,1.38,0.83,63,1.38,0,2.61,2.2,0,0,1.1,1.26,21.6,10.59,0.01,6.46,48.9,7.7,4.54,2.2,2.2,80,2.61,2.61,1.93,20,0.55,50,0.28,0,17.47,20.12,5.5,3.58,0.69,51.52,9.35,54,2.75,77,0.14,0,0,40.44,75,2.89,13,57,2.06,4.13,18,67,-8,62.39,3.58,0.7,1.1,41.13,90,5.09,15.82,2.89,2.61,0.28,0.69,8.12,10.73,0,24,1.38,42,1.51,17,67,16,16,64,20,19.44,17.78,0.98,103,-1.66,19.13,18.3,0,0,0,0,0,,0,0,,0,0,0,0,0,0,23,8,6.64,35,0.05,0.1,-0.11,-0.21,,-0.16
José Marsà,Mechelen,Jupiler Pro League,2026/2027,653,Left Centre Back,Spain,03/03/02,25,0,0,0.09,0.13,0.69,0,0,0,,0,0,0,0.14,0,0,0.14,0,0,0,0,0.09,0.83,-0.09,0.28,0.28,0,100,0.28,0,0.55,0.55,0.83,0.71,5.1,4.45,14.2,9.1,0.02,6.34,27.04,8.96,2.89,1.38,2.21,77,1.03,1.74,0.69,25,0.41,64,1.24,0.14,12.13,11.28,4.55,2.34,1.1,30.72,2.21,18,0.96,41,0,0,0,48.38,78,5.93,86,52,6.34,10.06,12,71,-7,42.96,5.51,0.28,0.28,40.11,98,3.94,8.82,0.55,0.41,0.14,0,0.83,1.24,0,75,0.55,50,0,32,63,5,27,64,9,25.19,24.1,0.89,91,-1.09,22.51,21.84,0,0,0,0,0,,0,0,,0,0,0,0,0,0,25,8,3.76,27,0.22,0.05,0.02,-0.06,,0.23
Timothy Eyoma,Lommel,Jupiler Pro League,2026/2027,652,Right Centre Back,England,28/01/00,27,0,0,0.01,0.03,0.28,0,0,0,,0,0,0,0,0,0,0,0,0,0,0,0.01,0.28,-0.01,0,0,0,,0.69,0.14,0.28,0.14,0.55,0.48,4.69,3.76,9.38,3.72,0.09,5.79,23.25,9.38,1.79,0.69,1.24,50,0.5,0.98,0.55,17,0.69,77,1.38,0,8.28,6.84,2.76,1.93,0.55,29.99,1.66,20,0.83,43,0.14,0,0,53.39,83,5.24,9,54,7.45,7.04,17,65,-18,34.43,3.03,0.12,0.13,45.11,99,3.77,3.31,0.14,0.14,0,0,0.14,0.28,0,0,0,0,0,29,68,3,33,67,0,23.79,28.84,0.92,86,5.06,21.78,24.95,0,0,0,0,0,,0,0,,0,0,0,0,0,0,23,10,1.75,15,0.05,0.15,-0.03,-0.01,,0.17
Freddie Potts,Club Brugge,Jupiler Pro League,2026/2027,651,Right Defensive Midfielder,England,11/09/03,23,0,0,0.04,0.06,0.69,0,0,0,,0,0,0.09,0.83,0,0.08,0.69,0,0.01,0.14,0,0.13,1.52,-0.13,0,0,0,,1.11,0,0.55,0.28,1.24,1.83,1.38,1.98,10.78,5.11,0.06,3.04,41.5,8.71,5.25,1.38,2.63,77,2.13,3.96,1.38,0,0.41,59,1.38,0,8.01,12.37,2.07,1.8,0.41,45.69,4.01,50,1.11,62,0.41,0,0,60.94,92,3.04,3,79,2.35,2.9,14,83,-9,50.25,4.28,0.6,0.62,49.61,98,3.86,13.82,1.11,0.97,0.14,0.55,2.07,3.04,0.14,0,0.14,50,0.69,16,74,10,20,77,3,18.61,18.24,1,95,-0.37,18.65,17.33,0,0,0,0,0,,0,0,,0,0,0,0,0,0,13,7,5.07,24,0.08,0.05,0.04,-0.04,,0.13
Yannick Cappelle,Zulte Waregem,Jupiler Pro League,2026/2027,650,Left Back,Belgium,06/07/03,23,0,0,0.03,0.03,0.97,0,0,1,,0,0.14,0.06,0.83,0.14,0.03,0.42,0,0.03,0.42,0.14,0.09,1.8,0.05,0.83,0.69,0.14,83,0.83,0,0.14,0.55,0.83,0.45,2.91,1.61,11.76,7.61,0.04,4.84,32.28,6.78,2.21,1.52,2.35,65,1.13,1.58,0.83,44,0.83,55,0.83,0,9.41,6.14,3.46,1.11,0.69,38.01,3.32,35,0.97,88,0,0,0,32.11,78,1.66,78,39,4.15,3.04,16,59,-19,49.86,2.77,0.23,0.27,26.71,98,3.83,6.51,1.66,0.42,1.25,0,1.38,1.8,0,33,0.55,36,0.14,29,60,11,32,45,23,20.34,19.11,0.92,90,-1.24,18.62,17.14,0,0,0,0,0,,0,0,,0,0,0,0,0,0,30,13,4.47,32,0.13,0.05,0.07,-0.05,,0.2
Gary Magnée,Cercle Brugge,Jupiler Pro League,2026/2027,649,Right Wing Back,Belgium,11/10/99,27,0,0,0.08,0.1,0.83,0,0,1,,0,0,0.18,2.91,0,0.08,1.11,0,0.1,1.8,0,0.26,3.74,-0.26,1.94,1.11,0.83,57,0.55,0,1.94,1.66,0.97,0.99,1.52,1.11,20.24,14,0.02,6.1,45.68,11.64,6.24,1.39,2.36,43,1.32,2.31,0.55,25,1.8,38,0.42,0,18.3,15.69,4.44,2.77,0.42,48.06,9.15,50,1.94,70,0,0,0,33.96,64,5.54,14,43,2.63,11.64,17,73,9,57.98,5.41,0.42,0.48,29.53,90,3.52,9.29,3.88,1.66,2.22,0.28,2.22,3.88,0.14,21,0.83,24,0.28,23,70,7,30,57,13,26.13,18.67,0.89,94,-7.45,23.19,17.47,0,0,0,0,0,,0,0,,0,0,0,0,0,0,36,11,10.17,55,0.46,0.05,-0.03,-0.08,,0.4
Kamiel Van de Perre,Union Saint-Gilloise,Jupiler Pro League,2026/2027,645,Right Defensive Midfielder,Belgium,11/02/04,23,0.14,0.14,0.01,0.04,0.14,100,100,0,,0.11,0.14,0.04,0.28,0.14,0.04,0.28,0,0,0,0.28,0.04,0.42,0.24,0.56,0.42,0.14,75,1.54,0,0.28,0.7,0.98,1.02,1.12,1.18,21.08,12.85,0.03,7.82,36.68,12.85,6.84,2.93,3.91,66,2.71,3.73,1.54,33,1.54,77,2.37,0.14,16.62,15.15,5.86,4.33,1.4,38.68,5.31,32,2.51,58,0.14,0,0,48.87,87,3.91,21,76,1.95,4.33,22,79,-9,47.82,5.03,0.85,0.86,36.58,98,3.38,10.61,0.7,0.7,0,0,0,0.7,0.14,0,0,,0,20,67,12,36,57,8,18.21,15.87,0.99,101,-2.34,18.02,16.05,0,0,0,0,0,,0,0,,0,0,0,0,0,0,16,8,4.9,27,0.06,0.05,0.04,0.02,,0.18
Noë Dussenne,OH Leuven,Jupiler Pro League,2026/2027,641,Centre Back,Belgium,06/04/92,35,0,0,0.15,0.13,1.12,0,13,0,,0,0,0.02,0.42,0,0.02,0.42,0,0,0,0,0.16,1.54,-0.16,0,0,0,,0.42,0,0.28,0.28,2.11,1.87,6.88,5.96,13.06,5.9,0.06,5.76,24.48,13.48,2.67,1.12,3.23,67,1,2.87,1.54,33,0.56,72,3.23,0,10.39,8.54,3.65,1.54,0.42,28.61,1.4,14,0.42,27,0,0,0,49.42,81,6.46,10,52,8.56,10.81,16,80,0,34.03,3.79,0.38,0.4,38.89,99,4.92,3.79,0,0,0,0,2.11,2.11,0,,0,,0,28,70,2,52,44,4,26.87,26.55,0.88,92,-0.31,23.62,24.35,0,0,0,0,0,,0,0,,0,0,0,0,0,0,23,7,3.48,25,0.06,0.11,0.05,-0.05,,0.18
Yassine Khalifi,Sporting Charleroi,Jupiler Pro League,2026/2027,641,Left Defensive Midfielder,Morocco,08/08/05,21,0,0,0.02,0.02,0.7,0,0,0,,0,0,0.05,1.26,0,0.05,1.26,0,0,0,0,0.07,1.97,-0.07,0.28,0.28,0,100,1.69,0,0.98,0.7,0.98,1.38,1.69,2.23,13.35,7.03,0.03,6.46,39.69,13.07,5.76,1.55,2.53,65,2.04,3.42,0.42,25,0.84,50,0.42,0,11.38,15.47,4.78,4.07,1.41,41.47,3.37,30,1.83,45,0.14,0,0,64.07,92,5.48,13,74,3.65,5.48,17,85,-6,47.74,7.31,0.66,0.66,56.21,98,4.61,12.51,0.98,0.98,0,0,0,0.98,0.14,14,0.14,50,0,18,71,11,33,61,7,20.25,22.81,0.97,92,2.56,19.69,21.02,0,0,0,0,0,,0,0,,0,0,0,0,0,0,14,8,8.59,41,0.07,0.11,0.04,-0.03,,0.19
Mardochée Nzita,Sporting Charleroi,Jupiler Pro League,2026/2027,636,Left Back,Belgium,23/02/00,27,0,0,0.05,0.04,1.41,0,10,0,,0,0,0.2,2.12,0,0.2,2.12,0,0,0,0,0.25,3.54,-0.25,1.56,0.85,0.71,55,1.56,0.14,0.85,2.12,1.27,1.64,2.55,3.33,17.12,9.06,0.03,6.37,31.63,10.05,4.1,3.4,4.67,86,4,5.64,0.71,50,0.57,30,0.42,0,13.02,17.33,5.09,2.55,0.99,32.44,2.97,23,0.85,33,0.14,0,0,50.23,76,6.65,86,53,6.23,8.77,23,68,-8,50,8.21,0.61,0.75,46.41,95,4.84,13.16,2.97,2.83,0.14,0.71,2.55,5.38,0.14,33,1.7,60,0.71,28,63,8,35,56,9,23.84,25.38,0.91,93,1.53,21.73,23.64,0,0,0,0,0,,0,0,,0,0,0,0,0,0,26,11,6.72,32,0.33,0.2,0.03,-0.06,,0.5
Robert-Jan Vanwesemael,Sint-Truiden,Jupiler Pro League,2026/2027,634,Right Back,Belgium,25/03/02,25,0.14,0.14,0.09,0.07,1.28,11,22,1,,0.12,0.14,0.14,1.7,0.14,0.14,1.7,0,0,0,0.28,0.22,2.98,0.06,0.85,0.57,0.28,67,0.43,0,1.14,2.13,0.43,0.47,0.85,0.77,15.47,6.96,0.03,4.97,44.36,7.24,3.41,0.71,1.14,56,0.78,1.25,0.43,33,0.57,0,0,0,14.34,16.22,3.97,3.12,0.71,45.18,5.96,42,1.85,59,0.14,0,0,48.55,79,3.69,20,65,1.7,4.83,14,71,-8,54.96,7.1,0.58,0.74,45.57,95,5.13,17.32,2.13,2.13,0,0.57,3.27,5.39,0,40,0.99,22,0.43,22,69,9,22,70,8,19.04,17.99,0.99,106,-1.05,18.77,19.04,0,0,0,0,0,,0,0,,0,0,0,0,0,0,27,12,8.62,46,0.13,0.09,0.05,0.01,,0.29
Christian Burgess,Gent,Jupiler Pro League,2026/2027,633,Centre Back,England,06/10/91,35,0.14,0.14,0.04,0.15,0.28,50,50,0,,0.1,0,0.03,0.57,0,0.03,0.57,0,0,0,0.14,0.07,0.85,0.07,0.14,0.14,0,100,0.43,0,0,0,0.85,0.72,6.68,5.31,6.68,3.7,0.01,4.12,21.29,6.97,1,1.56,2.42,73,1.14,1.86,0.14,60,0.57,59,1.85,0,4.98,4.11,2.28,1.28,0.57,30.22,0.57,11,0.57,44,0,0,0,57.45,90,6.11,17,78,7.96,6.54,13,80,-10,35.15,2.84,0.32,0.36,48.06,100,4.84,3.7,0.14,0.14,0,0.14,1.28,1.42,0,0,0,,0.14,21,77,2,19,81,0,23.65,22.16,0.98,108,-1.48,23.2,24.02,0,0,0,0,0,,0,0,,0,0,0,0,0,0,14,6,4.04,30,0.05,0.05,0.1,0.04,,0.23
Dylan Ourega,Westerlo,Jupiler Pro League,2026/2027,630,Left Back,France,05/10/04,22,0.14,0.14,0.08,0.07,1.14,13,38,1,,0.03,0,0.06,0.57,0,0.05,0.43,0,0,0.14,0.14,0.14,1.71,0.01,2.57,1.14,1.43,44,1.86,0,1.71,2.57,1.14,1.08,1.86,1.52,13.56,6,0.02,7.28,32.17,8.71,3.57,1.14,2.28,89,0.96,2.03,1.14,80,0.14,46,0.86,0,11.28,11.05,5.28,1.86,1.43,38.29,3.71,33,1.28,69,0,0,0,32.55,78,2.57,78,62,2.28,3.71,21,55,-23,47.3,3.28,0.28,0.36,32.55,88,5.39,6.71,1,0.86,0.14,0,2,2.86,0,57,0.86,55,0,21,67,12,32,60,9,18.94,15.92,0.99,105,-3.02,18.75,16.67,0,0,0,0,0,,0,0,,0,0,0,0,0,0,21,4,3.44,23,0.17,0.1,0.03,-0.05,,0.25
Louis Bostyn,Zulte Waregem,Jupiler Pro League,2026/2027,629,Goalkeeper,Belgium,03/10/93,33,0,0,0,,0,,,0,,0,0,0,0,0,0,0,0,0,0,0,0,0,0,0,0,0,,0.29,0,0,0,0,0,0,0,0,0,0,6.15,2.38,2.86,0,0,0,,0,0,0,,0,,0,0,0,0,0,0,0,,0,,0,,0,0,0,18.89,70,8.73,10,52,3.01,13.88,14,41,-29,12.63,1.86,0.13,0.13,16.6,100,4.26,1.14,0.29,0.29,0,0,0,0.29,0.14,0,0,,0,54,46,0,88,13,0,43.64,50.02,0.81,80,6.38,35.34,40.1,0.57,1.04,0.47,85,72,13,1.1,3.72,36,10.45,1.51,0.14,0.14,20.72,-5,31,3,1.35,9,0.1,0.06,,,0.27,0.43
Fredrik Hammar,Mechelen,Jupiler Pro League,2026/2027,629,Left Defensive Midfielder,Sweden,25/02/01,26,0,0,0.02,0.14,0.14,0,0,0,,0,0,0.01,0.29,0,0.01,0.29,0,0,0,0,0.03,0.43,-0.03,0.29,0.29,0,100,1.43,0,0.72,0.57,1.15,1.06,1.72,1.5,22.05,10.74,0.07,7.3,35.55,14.03,6.59,4.58,5.73,89,4.16,5.22,2,67,0.57,52,2.43,0,15.46,12.66,5.44,4.29,1.57,37.79,4.44,29,2.43,57,0.43,0,0,33.64,76,2.29,15,67,2.15,3.01,18,58,-18,52.28,2.43,0.13,0.16,22.48,94,3.46,9.31,0.72,0.72,0,0.29,1.57,2.29,0,0,0,0,0.43,22,70,8,20,71,9,17.63,14.94,0.99,107,-2.69,17.5,15.97,0,0,0,0,0,,0,0,,0,0,0,0,0,0,25,5,3.91,30,-0.03,0.07,0.13,-0.02,,0.15
Joris Kayembe,KRC Genk,Jupiler Pro League,2026/2027,628,Left Back,DR Congo,07/08/94,32,0.14,0.14,0.03,0.06,0.57,25,50,0,,0.14,0,0.13,0.86,0,0.13,0.86,0,0,0,0.14,0.16,1.43,-0.02,1.29,1.15,0.14,89,0.72,0,1.29,1,1.86,2.03,1.43,1.41,12.32,6.02,0,4.44,31.21,11.89,3.72,2.58,4.44,72,2.75,4.79,1,42,1,62,1.15,0,8.74,9.16,3.01,1.72,0.43,33.33,2.15,25,1.15,67,0,0,0,60.16,85,3.72,75,57,1.86,6.16,12,68,-17,49.37,7.59,0.65,0.69,56.29,96,3.64,15.33,1.15,1,0.14,0.43,1.72,2.72,0,13,0.43,30,0.43,35,55,10,36,53,10,19.68,16.93,0.93,101,-2.75,18.35,17.13,0,0,0,0,0,,0,0,,0,0,0,0,0,0,16,8,5.89,37,0.21,0.1,-0.03,0.06,,0.34
Christophe Janssens,Beveren,Jupiler Pro League,2026/2027,627,Left Back,Belgium,08/03/98,29,0,0,0.03,0.04,0.72,0,20,0,,0.01,0,0.1,0.86,0,0.1,0.72,0,0.01,0.14,0,0.13,1.58,-0.13,0,0,0,,0.57,0,0.43,0.29,1.87,1.92,4.02,4.03,11.34,5.74,0.05,6.6,28.21,11.2,3.45,1.58,3.45,65,1.81,3.72,1,44,0.86,63,1.72,0,8.76,10.15,4.16,2.3,0.72,35.49,2.44,28,1.29,56,0.43,0,0,56.13,79,6.46,77,51,6.32,10.34,11,66,-13,43.77,6.75,0.36,0.39,40.06,99,2.92,10.05,0.86,0.43,0.43,0.57,2.15,2.58,0,17,0.57,29,0.57,35,58,8,54,39,7,24.62,26.47,0.89,89,1.84,21.82,23.57,0,0,0,0,0,,0,0,,0,0,0,0,0,0,23,8,3.82,30,0.21,0.04,0.24,-0.04,,0.45
Valy Konaté,Cercle Brugge,Jupiler Pro League,2026/2027,623,Left Wing Back,Côte d'Ivoire,13/11/06,20,0,0,0.02,0.03,0.72,0,20,1,,0.01,0,0.07,0.58,0,0.07,0.58,0,0,0,0,0.09,1.3,-0.09,0.72,0.58,0.14,80,1.3,0,0.43,0.58,2.02,1.69,2.31,1.77,22.54,12.43,0.06,8.09,37.75,10.84,4.91,2.02,4.05,70,1.11,2.81,1.73,50,0.87,69,1.3,0,18.78,14.83,6.21,3.61,1.3,42.47,7.08,38,2.17,60,0.29,0,0,39.74,71,1.88,87,33,3.03,5.06,18,75,4,52.33,6.07,0.41,0.43,34.39,97,4.54,9.68,1.01,0.72,0.29,0.43,1.44,2.17,0.29,57,0.87,24,0.43,27,62,11,33,54,13,20.41,16.79,0.91,105,-3.62,18.53,17.69,0,0,0,0,0,,0,0,,0,0,0,0,0,0,30,14,5.59,32,0.13,0.09,0.01,-0.02,,0.21
Óscar Gil,OH Leuven,Jupiler Pro League,2026/2027,620,Right Wing Back,Spain,25/04/98,29,0.15,0.15,0.12,0.12,1.02,14,29,1,,0.1,0,0.08,1.02,0,0.08,1.02,0,0,0,0.15,0.2,2.03,-0.06,1.16,0.44,0.73,38,2.61,0,0.87,1.89,2.18,2.32,1.31,1.21,23.22,12.48,0.06,7.69,40.9,9.43,4.21,3.19,5.37,67,2.67,4.99,1.16,53,1.6,45,0.73,0,18.86,16.43,5.51,3.77,1.16,44.23,7.84,42,3.05,81,0.29,0,0,41.06,81,0.58,11,24,1.31,2.47,9,70,-11,54.82,3.34,0.41,0.5,36.42,94,4.34,12.33,0.87,0.73,0.15,0.44,3.63,4.35,0,33,0.58,33,0.44,18,63,19,22,56,21,16.53,13.93,0.94,103,-2.6,15.59,14.41,0,0,0,0,0,,0,0,,0,0,0,0,0,0,22,9,5.5,40,0.1,0.09,-0.02,-0.03,,0.14
Junya Ito,KRC Genk,Jupiler Pro League,2026/2027,619,Right Wing,Japan,08/03/93,34,0.15,0.15,0.1,0.13,0.73,20,40,1,,0.07,0.29,0.21,2.18,0.15,0.16,1.6,0.15,0.05,0.58,0.44,0.3,2.91,0.13,1.16,0.44,0.73,38,0.73,0,2.62,2.33,0.29,0.28,0.15,0.08,11.93,5.67,0,3.05,52.28,5.67,2.62,1.75,2.04,63,1.84,2.12,0.58,22,1.02,67,0.29,0,9.6,10.69,2.62,2.33,1.02,57.28,6.69,70,1.75,75,0,0,0,32.28,67,2.18,19,45,0.44,4.51,16,55,-12,63.05,3.64,0.58,0.97,32.87,86,5.92,11.78,2.04,1.16,0.87,0.73,4.22,5.38,0.15,21,0.87,24,0.87,11,76,13,16,65,19,19.29,16.85,0.91,104,-2.44,17.49,17.6,0,0,0,0,0,,0,0,,0,0,0,0,0,0,21,4,7.84,53,0.11,0.1,0.02,0,,0.23
Thierry Ambrose,Kortrijk,Jupiler Pro League,2026/2027,613,Left Attacking Midfielder,Guadeloupe,27/03/97,30,0,0,0.09,0.07,1.32,0,22,2,,0.07,0.15,0.09,0.73,0.15,0.09,0.73,0,0,0,0.15,0.17,2.06,-0.03,2.2,1.17,1.03,53,1.76,0,3.67,2.79,0,0,0.59,0.45,17.18,7.49,0,3.96,56.73,6.9,4.26,0.88,0.88,86,0.77,0.77,1.32,0,0.15,48,1.76,0,14.97,12.42,3.82,3.67,1.47,58.94,9.54,64,2.94,80,0.44,0,0,35.23,68,2.5,12,52,2.06,3.38,32,64,-4,59.78,5.43,0.3,0.42,36.7,85,6.44,12.04,1.32,1.32,0,0.29,3.67,4.99,0.15,33,0.59,20,0.44,17,64,19,32,50,18,20.83,20.12,0.94,92,-0.71,19.49,18.52,0,0,0,0,0,,0,0,,0,0,0,0,0,0,27,8,4.23,35,0.01,0.07,0.02,0,,0.09
Mouhamed El Bachir Ngom,Gent,Jupiler Pro League,2026/2027,612,Right Centre Back,Senegal,11/05/00,27,0,0,0.05,0.05,1.18,0,0,0,,0,0,0.04,0.88,0,0.04,0.88,0,0,0,0,0.09,2.06,-0.09,0.88,0.74,0.15,83,0.74,0,0.29,0.74,1.03,0.74,4.7,3.67,16.46,10.58,0.08,5.29,28.28,9.7,3.38,2.65,3.68,90,2.31,3.05,2.06,60,0.29,56,1.47,0,11.76,9.74,4.12,2.21,0.44,32.68,2.06,18,0.88,40,0,0,0,47.92,80,6.17,9,55,6.91,8.97,16,65,-15,42.91,4.41,0.37,0.4,42.78,98,4.04,6.32,0.59,0.44,0.15,0,1.03,1.47,0,50,0.29,25,0,27,66,6,44,51,5,25.32,26.1,0.92,85,0.77,23.19,22.22,0,0,0,0,0,,0,0,,0,0,0,0,0,0,20,6,4.85,35,0.09,0.08,0.14,-0.07,,0.23
Marley Aké,Zulte Waregem,Jupiler Pro League,2026/2027,610,Left Centre Midfielder,France,04/01/01,26,0.15,0.15,0.12,0.06,1.92,8,15,1,,0.11,0,0.09,1.18,0,0.03,0.44,0,0.05,0.74,0.15,0.21,3.1,-0.06,1.62,0.88,0.74,55,2.06,0,1.03,2.06,0.44,0.34,0.29,0.25,23.15,12.09,0,5.46,47.37,6.63,4.42,1.33,1.77,100,0.98,1.32,0.29,100,0,63,0.74,0,21.67,13.49,4.87,3.1,1.18,48.75,9.88,46,2.21,71,0.15,0,0,26.98,71,1.77,8,43,0.44,3.98,16,67,-4,57.47,4.42,0.26,0.33,25.07,88,4.03,7.08,1.62,0.59,1.03,0,0.74,1.33,0,9,0.29,33,0.29,23,66,12,33,63,4,19.34,15.03,0.87,101,-4.31,16.86,15.22,0,0,0,0,0,,0,0,,0,0,0,0,0,0,23,7,4.35,32,0.06,0.08,0.03,-0.06,,0.1
Wouter George,OH Leuven,Jupiler Pro League,2026/2027,610,Right Defensive Midfielder,Belgium,02/03/02,25,0.3,0.3,0.12,0.08,1.48,20,30,2,,0.25,0.15,0.2,2.07,0.15,0.19,1.77,0,0.02,0.3,0.44,0.32,3.54,0.12,0.59,0.59,0,100,0.59,0,1.92,1.48,0.3,0.19,0.89,0.77,21.68,11.36,0,5.9,46.51,8.85,4.87,2.21,2.51,79,2.15,2.34,0.74,56,0.59,20,0.3,0,18.73,16.44,5.02,6.2,1.92,47.26,9.74,52,4.57,74,0.3,0,0,39.53,75,2.66,21,46,2.21,4.43,22,68,-7,57.41,4.43,0.3,0.48,34.37,92,4.61,12.24,2.07,1.33,0.74,0.3,1.77,3.1,0,29,0.89,50,0.44,25,64,12,22,70,8,20.54,19.07,0.92,90,-1.48,18.89,17.11,0,0,0,0,0,,0,0,,0,0,0,0,0,0,24,10,5.68,41,0.13,0.06,0.05,0.08,,0.33
Bruno Godeau,Beveren,Jupiler Pro League,2026/2027,610,Left Centre Back,Belgium,09/05/92,35,0,0,0.02,0.11,0.15,0,0,0,,0,0,0,0.15,0,0,0.15,0,0,0,0,0.02,0.3,-0.02,0,0,0,,0,0,0.15,0.15,0.74,0.76,5.46,5.05,6.79,2.95,0.07,5.61,19.7,9.29,1.77,1.33,2.07,90,1.3,2.07,0.3,50,0.15,32,0.89,0,5.16,5.15,3.1,0.89,0.59,24.83,0.59,11,0.3,33,0.15,0,0,51.49,89,6.2,70,68,6.49,8.11,9,75,-14,31.14,1.33,0.25,0.25,39.98,99,2.76,1.92,0.15,0.15,0,0,0.3,0.44,0,0,0,,0,16,82,3,23,77,0,24.06,25.59,0.93,94,1.53,22.46,23.98,0,0,0,0,0,,0,0,,0,0,0,0,0,0,10,4,1,8,0,0.03,0.43,-0.03,,0.44
Johannes Schenk,Beveren,Jupiler Pro League,2026/2027,607,Goalkeeper,Germany,12/01/03,24,0,0,0,,0,,,0,,0,0,0,0,0,0,0,0,0,0,0,0,0,0,0,0,0,,0,0,0,0,0,0,0,0,0.3,0.15,0,9.34,2.45,4.45,0,0,0,,0,0,0.15,,0,,0,0,0.15,0.19,0,0,0,27.02,0,0,0,,0,0,0.15,31,72,8.9,41,48,3.71,14.83,19,68,-4,12.35,0.89,0.08,0.08,25.8,100,3.96,0.74,0,0,0,0,0,0,0,,0,,0,50,50,0,100,0,0,38.54,38.88,0.81,78,0.34,31.07,30.29,1.33,1.49,0.16,70,66,4,1.66,4.45,32,14.09,1.64,0.15,0.15,21.69,-4,26,4,1.16,8,0.1,0.09,0,,0.05,0.24
Dennis Praet,Mechelen,Jupiler Pro League,2026/2027,605,Centre Attacking Midfielder,Belgium,13/05/94,33,0,0,0.01,0.04,0.3,0,0,0,,0,0,0.02,0.6,0,0.02,0.6,0,0,0,0,0.03,0.89,-0.03,0.45,0.45,0,100,1.93,0,0.74,0.6,1.19,1.02,1.93,1.57,20.99,12.95,0.04,6.1,41.16,10.57,5.66,2.98,4.17,80,2.89,3.91,1.34,64,0.74,56,0.74,0,16.67,15.3,4.47,3.87,1.34,44.86,6.1,37,1.79,46,0.15,0,0,37.21,80,2.83,10,61,2.98,3.57,20,75,-5,53.65,3.13,0.2,0.22,29.47,96,4.86,11.16,1.04,1.04,0,0,1.34,2.38,0,0,0,0,0.3,22,65,13,24,69,7,20.26,20.76,0.94,91,0.51,18.94,18.81,0,0,0,0,0,,0,0,,0,0,0,0,0,0,28,10,3.38,28,-0.03,0.09,0.05,-0.01,,0.1
Lukas Hubert Mondele Anzun,Cercle Brugge,Jupiler Pro League,2026/2027,601,Right Defensive Midfielder,Belgium,28/03/04,23,0.15,0.15,0.11,0.06,1.8,8,17,1,,0.13,0,0.07,0.6,0,0.07,0.6,0,0,0,0.15,0.18,2.4,-0.03,0.3,0.15,0.15,50,0.75,0,0.3,0.9,0.45,0.4,1.35,1.02,14.38,5.69,0.04,4.34,43.03,10.19,6.89,1.05,1.5,88,1.05,1.45,0.3,67,0.15,67,0.3,0,13.03,11.52,3.3,4.34,1.05,48.51,7.34,56,2.4,55,0.15,0,0,29.51,80,2.1,76,70,1.35,3,24,73,-6,50.99,2.7,0.39,0.46,21.72,95,3.46,6.74,0.3,0.3,0,0.3,2.25,2.55,0,0,0,0,0.3,18,65,17,18,71,11,19.55,15.6,0.98,112,-3.95,19.09,17.43,0,0,0,0,0,,0,0,,0,0,0,0,0,0,22,12,4.31,24,0.02,0.05,0.18,0.02,,0.26
Christian Brüls,Beveren,Jupiler Pro League,2026/2027,600,Centre Attacking Midfielder,Belgium,29/09/88,38,0,0,0.1,0.07,1.35,0,44,1,,0.01,0.3,0.2,2.4,0.3,0.18,1.95,0,0.02,0.45,0.3,0.3,3.75,0,1.2,0.9,0.3,75,1.65,0,3,2.25,0.15,0.14,0.6,0.58,12.44,4.35,0,4.05,57.05,8.7,5.1,1.2,1.35,67,1,1.14,0.45,63,0.6,50,1.8,0.15,10.8,10.74,3,4.2,1.5,60.81,7.65,71,3.3,79,0.15,0,0,54.88,73,9,30,67,1.95,12.14,18,63,-10,56.42,7.2,0.5,0.59,49.33,91,4.53,15.89,3.15,1.8,1.35,0,1.5,3.3,0.3,29,1.05,27,0.45,20,61,19,35,53,12,22.88,19.01,0.99,113,-3.86,22.65,21.54,0,0,0,0,0,,0,0,,0,0,0,0,0,0,24,6,8.49,68,0.11,0.05,0.02,-0.01,,0.17
Jakob Napoleon Romsaas,Sporting Charleroi,Jupiler Pro League,2026/2027,597,Centre Attacking Midfielder,Norway,15/05/04,23,0.15,0.15,0.19,0.09,2.11,7,36,2,,0.12,0.45,0.2,2.26,0.3,0.14,1.51,0.15,0.06,0.75,0.6,0.38,4.37,0.22,1.06,0.6,0.45,57,1.06,0,1.21,1.51,0.9,1.18,0.9,1.09,20.81,10.25,0.06,6.94,48.71,8.75,5.13,1.51,2.41,53,2.06,3.24,1.06,25,1.36,47,1.21,0,18.25,24.2,5.58,5.28,1.51,51.57,10.1,55,3.77,71,0,0,0,36.79,83,3.17,22,72,1.81,3.47,26,71,-12,57.36,4.52,0.39,0.58,30.46,92,5.31,12.06,1.96,1.21,0.75,0.75,5.28,6.48,0.3,46,1.21,62,1.51,13,73,15,16,79,5,18.08,14.73,1.01,112,-3.35,18.19,16.49,0,0,0,0,0,,0,0,,0,0,0,0,0,0,23,10,6.11,32,0.11,0.08,0.08,-0.1,,0.18
Mustapha Isah,RAAL La Louvière,Jupiler Pro League,2026/2027,597,Left Centre Forward,Nigeria,22/07/04,22,0.75,0.75,0.56,0.2,2.72,28,61,7,,0.93,0,0.09,0.91,0,0.09,0.91,0,0,0,0.75,0.65,3.62,0.1,2.56,1.51,1.06,59,1.36,0,1.81,3.02,0.15,0.06,0,0,28.36,13.27,0,5.88,64.86,4.07,2.87,1.06,1.21,78,0.72,0.78,0.75,0,0.3,19,0.6,0,26.55,12.38,5.73,4.53,1.81,64.81,20.67,78,3.32,73,0.15,0,0,11.31,75,0.6,10,80,0.3,0.45,21,61,-14,60.62,1.96,0.35,0.73,15.99,75,6.54,4.68,0.3,0.3,0,0.6,5.73,6.03,0,0,0.15,50,0.6,13,61,26,23,68,10,17.63,17.78,1.02,107,0.15,18.04,19.04,0,0,0,0,0,,0,0,,0,0,0,0,0,0,24,9,2.81,25,0.04,0.11,0,0.43,,0.58
Ibrahim Fofana,Westerlo,Jupiler Pro League,2026/2027,595,Right Defensive Midfielder,Côte d'Ivoire,01/10/03,23,0,0,0.03,0.03,0.91,0,0,0,,0,0.15,0.13,1.06,0.15,0.13,1.06,0,0,0,0.15,0.17,1.97,-0.01,0.15,0,0.15,0,0.45,0,1.36,0.61,2.12,2.14,2.27,1.87,19.82,13.62,0.02,7.41,34.91,13.32,5.14,2.87,4.99,76,2.74,4.88,1.97,38,0.91,56,1.36,0,14.98,14.84,5.45,3.63,1.06,38.39,3.93,26,1.51,42,0,0,0,58.71,86,3.78,9,66,3.18,4.84,17,89,3,48.72,5.9,0.55,0.67,44.94,96,3.58,12.41,0.15,0.15,0,0.15,1.21,1.36,0.15,0,0,0,0.3,19,68,12,17,74,9,19.09,18.98,0.95,93,-0.11,18.17,17.59,0,0,0,0,0,,0,0,,0,0,0,0,0,0,16,8,5.48,34,0.11,0.05,0.14,-0.05,,0.25
Ludwig Augustinsson,RSC Anderlecht,Jupiler Pro League,2026/2027,587,Left Back,Sweden,20/04/94,33,0,0,0.09,0.05,1.69,0,27,1,,0.14,0,0.06,0.77,0,0.06,0.77,0,0,0,0,0.15,2.45,-0.15,0.46,0.31,0.15,67,0.31,0,0.31,0.77,0.61,0.96,2.91,4.43,8.89,3.68,0.02,3.52,37.89,9.19,4.44,0.31,0.92,100,0.45,1.41,0.92,,0,25,0.77,0,7.66,11.13,2.76,1.69,1.38,41.93,3.06,40,0.92,55,0,0,0,57.92,83,2.3,90,47,3.22,4.6,12,66,-17,55.44,7.51,0.53,0.63,48.42,98,3.2,19,1.38,0.61,0.77,0.15,3.68,4.29,0,22,0.46,20,0.15,25,62,13,25,56,19,18.45,17.97,0.95,107,-0.48,17.51,19.22,0,0,0,0,0,,0,0,,0,0,0,0,0,0,19,9,5.81,35,0.17,0.05,0.13,0,,0.35
Taiga Hata,Sint-Truiden,Jupiler Pro League,2026/2027,583,Left Back,Japan,19/01/02,25,0,0,0.03,0.1,0.31,0,0,0,,0,0,0.08,0.93,0,0.08,0.93,0,0,0,0,0.11,1.24,-0.11,0.15,0.15,0,100,0.31,0,0.31,1.39,0.62,0.69,2.47,3.32,14.68,8.34,0,6.49,33.27,8.19,2.01,2.01,2.63,87,2.62,3.31,0,67,0.31,73,1.24,0.15,12.67,13.69,4.79,1.24,0.46,37.8,3.71,29,0.93,75,0,0,0,46.04,79,3.55,23,66,3.4,4.48,18,67,-13,50.43,4.02,0.44,0.5,37.54,96,2.86,13.9,1.39,1.39,0,0.15,2.16,3.55,0.15,78,1.24,47,0.46,28,66,7,34,60,6,18.49,18.31,0.98,101,-0.18,18.17,18.54,0,0,0,0,0,,0,0,,0,0,0,0,0,0,25,10,5.87,30,0.17,0.02,0.04,-0.03,,0.19
Yuto Tsunashima,Antwerp,Jupiler Pro League,2026/2027,580,Right Centre Back,Japan,14/08/00,26,0,0,0.03,0.07,0.47,0,0,0,,0,0,0,0,0,0,0,0,0,0,0,0.03,0.47,-0.03,0.31,0.16,0.16,50,0.31,0,0.16,0.31,0.93,0.95,5.27,4.74,11.16,6.36,0.08,5.43,23.64,12.09,3.1,1.55,2.48,77,1.34,2.3,1.86,40,0.47,69,3.1,0,7.75,6.89,3.26,1.4,0.78,30.49,2.02,26,0.62,44,0.16,0,0,52.26,83,5.74,14,61,5.58,9.15,11,70,-13,37.33,4.34,0.38,0.39,42.02,99,5.02,4.5,0,0,0,0,0.62,0.62,0,,0,0,0,29,69,2,52,48,0,24.38,19.15,0.95,105,-5.22,23.15,20.2,0,0,0,0,0,,0,0,,0,0,0,0,0,0,18,6,2.74,15,0.06,0.04,0.02,-0.04,,0.07
Alexis Trouillet,Standard Liège,Jupiler Pro League,2026/2027,580,Centre Defensive Midfielder,France,22/12/00,26,0,0,0.02,0.04,0.62,0,50,0,,0.01,0,0.01,0.16,0,0.01,0.16,0,0,0,0,0.04,0.78,-0.04,0.16,0.16,0,100,0.78,0,1.09,0.62,1.24,1.56,1.86,2.6,12.87,6.51,0.03,5.12,35.98,18.3,8.84,1.55,2.79,71,1.69,3.25,0.78,43,0.62,58,1.09,0,10.55,11.25,4.03,2.79,1.24,36.95,2.95,28,0.93,33,0.16,0,0,67,86,4.5,13,73,2.33,5.74,14,73,-13,49.94,7.44,0.55,0.57,55.36,97,5.44,14.58,0.31,0.31,0,0,0.78,1.09,0,0,0.16,33,0.31,21,73,7,22,71,6,19.96,15.91,0.99,106,-4.05,19.78,16.9,0,0,0,0,0,,0,0,,0,0,0,0,0,0,14,5,4.65,25,0.02,0.15,0.07,-0.02,,0.23
Matte Smets,KRC Genk,Jupiler Pro League,2026/2027,580,Right Centre Back,Belgium,03/01/04,23,0,0,0.01,0.07,0.16,0,100,0,,0.07,0,0,0,0,0,0,0,0,0,0,0.01,0.16,-0.01,0,0,0,,0.47,0,0,0,0.93,0.97,4.65,4.38,6.67,3.72,0.08,3.57,20,8.22,2.17,0.78,1.71,83,0.9,1.87,0.78,100,0.16,48,1.86,0,5.12,4.33,1.55,0.62,0.31,28.51,0.78,15,0.31,50,0,0,0,56.62,88,9.62,13,70,7.14,11.17,11,75,-13,39.52,8.53,0.51,0.51,48.4,100,4.64,9.15,0.47,0.47,0,0,0.16,0.62,0.16,0,0,0,0,22,75,3,42,54,3,28.1,32.06,0.94,81,3.96,26.43,25.81,0,0,0,0,0,,0,0,,0,0,0,0,0,0,13,7,5.35,32,0.08,0.06,0.12,-0.03,,0.24
Hervé Koffi,Union Saint-Gilloise,Jupiler Pro League,2026/2027,579,Goalkeeper,Burkina Faso,15/10/96,30,0,0,0,,0,,,0,,0,0,0,0,0,0,0,0,0,0,0,0,0,0,0,0,0,,0.47,0,0,0,0,0,0,0,0,0,0,5.28,2.23,2.17,0.16,0,0,,0,0,0,,0,,0,0,0,0,0,0,0,,0,,0,,0.16,0,0,23.3,80,7.61,9,60,2.49,10.25,19,82,2,11.91,0.93,0.09,0.09,21.75,100,4.61,1.09,0,0,0,0,0,0,0,,0,,0,38,62,1,86,14,0,38.14,35.97,0.83,96,-2.17,31.8,34.43,0.31,0.75,0.44,88,70,18,0.98,2.49,24,10.41,1.56,0,0,16.93,-3,19,3,0.96,5,0.07,0.03,,,0.37,0.48
Marko Ilić,Kortrijk,Jupiler Pro League,2026/2027,579,Goalkeeper,Serbia,02/02/98,29,0,0,0,,0,,,0,,0,0,0,0,0,0,0,0,0,0,0,0,0,0,0.31,0.31,0,100,0,0,0,0,0,0,0,0,0.16,0,0,7.77,2.64,3.89,0,0,0,,0,0,0,,0,,0,0,0.16,0.15,0,0,0,6.51,0,0,0,,0,0,0,20.68,65,8.86,3,46,3.73,15.7,14,52,-13,10.57,0.47,0.15,0.15,18.35,100,4.64,0.31,0,0,0,0,0,0,0,,0,,0,47,53,0,100,0,0,42.05,44.38,0.8,93,2.33,33.52,41.18,1.71,1.98,0.27,65,59,6,1.5,4.82,36,13.37,1.44,0.16,0.16,14.1,-4,25,3,0.62,5,0.07,0.08,,,0.11,0.25
Check Keita,Sporting Charleroi,Jupiler Pro League,2026/2027,579,Left Centre Back,Mali,01/04/03,24,0.16,0.16,0.17,0.27,0.62,25,75,0,,0.33,0,0,0,0,0,0,0,0,0,0.16,0.17,0.62,-0.01,0.47,0.31,0.16,67,0.93,0,0.31,0.47,1.56,2.27,5.75,7.39,9.64,5.44,0.12,5.6,19.98,6.84,0.47,2.02,3.58,93,2.93,5.2,0.47,75,0.16,53,1.4,0,7.15,9.75,3.27,1.09,0.47,25.22,0.78,11,0.47,43,0,0,0,48.37,93,2.49,9,57,6.53,3.58,17,83,-10,32.73,1.87,0.61,0.65,42.46,98,4.82,2.18,0,0,0,0,1.4,1.4,0,,0,,0.16,16,82,2,14,86,0,21.29,21.29,0.95,97,0,20.29,20.73,0,0,0,0,0,,0,0,,0,0,0,0,0,0,16,12,3.56,18,-0.02,0.04,0.14,0.18,,0.34
Mohamed Koné,Sporting Charleroi,Jupiler Pro League,2026/2027,579,Goalkeeper,Côte d'Ivoire,06/03/02,25,0,0,0,,0,,,0,,0,0,0,0,0,0,0,0,0,0,0,0,0,0,0,0,0,,0.31,0,0,0,0,0,0,0,0,0,0,5.29,2.92,3.27,0,0,0,,0,0,0,,0,,0,0,0,0,0,0,0,,0,,0,,0,0,0,29.24,73,8.71,18,48,6.84,11.2,25,53,-20,12.84,0.93,0.25,0.25,26.44,100,3.92,0.62,0,0,0,0,0,0,0,,0,,0,42,57,0,100,0,0,40.07,46.78,0.81,82,6.71,32.61,38.44,0.78,1.15,0.38,77,66,11,0.99,3.42,32,10.58,1.67,0.16,0.16,19.8,-4,27,6,1.8,9,0.09,0.06,,,0.12,0.26
Momodou Sonko,Gent,Jupiler Pro League,2026/2027,578,Left Attacking Midfielder,Sweden,30/01/05,22,0.31,0.31,0.14,0.05,2.8,11,39,5,,0.31,0.16,0.02,0.16,0.16,0.02,0.16,0,0,0,0.47,0.17,2.96,0.3,1.87,1.25,0.62,67,0.16,0,2.02,2.18,0.47,0.41,1.25,1.03,23.04,13.7,0.02,4.83,52.26,4.67,2.8,2.02,2.49,87,1.35,1.76,0.47,60,0.31,29,0.31,0,20.55,17.01,4.36,3.74,0.93,56.23,13.7,67,2.49,67,0.16,0,0,25.69,77,1.71,15,55,1.87,2.49,21,66,-11,58.71,2.49,0.43,0.5,29.43,88,6.29,8.56,1.09,1.09,0,0,3.74,4.83,0,29,0.47,20,0.31,15,69,17,27,56,16,18.42,18.82,0.95,88,0.4,17.41,16.56,0,0,0,0,0,,0,0,,0,0,0,0,0,0,25,7,5.22,38,-0.02,0.13,0.03,0.08,,0.22
Gilles Ruyssen,Kortrijk,Jupiler Pro League,2026/2027,578,Centre Back,Belgium,17/06/94,32,0,0,0.05,0.15,0.31,0,50,0,,0.01,0,0,0,0,0,0,0,0,0,0,0.05,0.31,-0.05,0,0,0,,0.47,0,0.16,0.16,0.94,0.83,5.3,4.61,8.26,4.36,0.02,5.77,22.96,11.06,0.62,1.09,2.03,70,0.77,1.6,0.94,75,0.47,43,1.87,0.16,6.23,4.54,2.81,1.56,0.78,33.72,1.25,20,0.47,30,0.16,0,0,52.21,86,5.92,10,62,6.55,8.26,11,75,-11,32.25,1.71,0.26,0.29,38.03,99,4.5,2.03,0.16,0.16,0,0,0.47,0.62,0,0,0,,0,24,72,4,46,54,0,26.31,23.3,0.94,96,-3.01,24.82,22.35,0,0,0,0,0,,0,0,,0,0,0,0,0,0,17,6,3.3,30,0.07,0.02,0.05,-0.01,,0.14
Aiham Ousou,Sporting Charleroi,Jupiler Pro League,2026/2027,577,Right Centre Back,Syria,08/01/00,27,0.16,0.16,0.12,0.16,0.78,20,20,0,,0.14,0,0,0,0,0,0,0,0,0,0.16,0.12,0.78,0.03,0.47,0.16,0.31,33,1.09,0.16,0.16,0.62,1.72,2.34,3.59,5.09,11.55,4.68,0.1,5.31,26.56,9.52,2.03,2.65,4.37,89,3.65,5.99,1.09,60,0.31,64,1.4,0,7.8,10.78,3.43,1.72,1.09,27.43,1.72,22,0.62,36,0.31,0,0,62.44,91,5.15,19,67,5.46,5.78,19,81,-10,35.59,3.59,0.57,0.66,55.41,99,4.54,4.37,0,0,0,0,1.87,1.87,0.16,,0,,0,24,73,2,25,71,4,22.65,22.6,0.96,90,-0.05,21.81,20.43,0,0,0,0,0,,0,0,,0,0,0,0,0,0,14,9,4.99,24,0.02,0.05,0.18,0,,0.25
Massiré Sylla,Union Saint-Gilloise,Jupiler Pro League,2026/2027,576,Centre Back,Senegal,06/01/05,22,0,0,0.06,0.09,0.62,0,0,0,,0,0,0.01,0.31,0,0.01,0.31,0,0,0,0,0.06,0.94,-0.06,0.16,0.16,0,100,1.87,0,0,0,2.65,2.34,4.84,3.69,12.49,6.72,0.09,5.93,23.56,14.21,3.28,3.59,6.25,96,3.14,5.48,0.78,80,0.16,73,3.44,0,8.12,7.23,3.75,1.56,0.78,28.13,1.25,15,0.78,50,0.31,0,0,51.22,84,6.25,3,63,6.56,8.28,14,68,-15,33.25,2.97,0.68,0.75,40.76,100,4.96,3.12,0.16,0.16,0,0,1.09,1.25,0,0,0,0,0,34,63,3,50,50,0,24.36,26.38,0.93,95,2.02,22.59,24.95,0,0,0,0,0,,0,0,,0,0,0,0,0,0,21,11,4.75,24,0.07,0.05,0.07,-0.06,,0.13
Michael Frey,Antwerp,Jupiler Pro League,2026/2027,575,Centre Forward,Switzerland,18/07/94,32,0.63,0.47,0.36,0.14,2.5,19,44,3,100,0.51,0,0.06,0.78,0,0.06,0.78,0,0,0,0.47,0.42,3.29,0.05,0.78,0.31,0.47,40,1.1,0,2.19,3.44,0.31,0.37,1.56,1.44,13.3,4.69,0,3.76,63.62,6.42,5.16,0.63,0.94,80,0.61,0.98,1.41,0,0.16,64,5.95,0,11.27,11.36,3.13,2.19,0.31,70.25,9.55,85,1.72,79,0.16,0,0,25.51,63,0.31,7,29,1.72,0.94,33,58,-4,61.2,1.1,0.46,0.55,19.56,76,2.87,6.89,0.31,0.31,0,0.63,8.45,8.76,0.16,0,0,0,1.1,17,69,14,11,70,18,13.53,13.9,0.87,92,0.37,11.79,12.81,0,0,0,0,0,,0,0,,0,0,0,0,0,0,34,8,3.41,20,-0.13,-0.03,-0.05,0.05,,-0.16
Ryan Merlen,Sint-Truiden,Jupiler Pro League,2026/2027,575,Right Defensive Midfielder,France,10/05/02,25,0.47,0.47,0.16,0.09,1.72,27,36,1,,0.21,0.47,0.2,1.72,0.47,0.16,1.41,0,0.04,0.31,0.94,0.36,3.44,0.58,0,0,0,,0.31,0,1.57,0.78,0.31,0.44,0.78,0.84,8.92,4.54,0.04,3.91,45.43,8.3,3.76,0.78,1.1,71,0.82,1.26,0.63,50,0.31,40,0.63,0,7.52,8.2,2.97,2.35,0.94,47.86,3.29,44,1.57,67,0.16,0,0,47.44,80,7.99,12,70,2.51,9.71,21,86,6,51.93,7.05,0.97,1.15,40.87,95,4.05,13.78,2.04,1.72,0.31,0.47,4.07,5.79,0.63,15,0.63,57,0.78,22,68,10,31,65,5,24.34,21.7,0.96,102,-2.64,23.44,22.18,0,0,0,0,0,,0,0,,0,0,0,0,0,0,19,6,9.93,53,0.11,0.06,0.01,-0.03,,0.15
Louis Patris,Union Saint-Gilloise,Jupiler Pro League,2026/2027,574,Right Wing Back,Belgium,06/06/01,25,0.16,0.16,0.06,0.07,0.78,20,40,1,,0.12,0,0.26,1.26,0,0.26,1.26,0,0,0,0.16,0.32,2.04,-0.16,1.1,0.47,0.63,43,0.78,0,1.26,2.2,1.41,1.12,1.1,0.71,20.87,9.73,0.02,6.12,52.79,7.22,4.71,2.82,4.24,75,2.37,3.49,1.73,33,0.94,27,0.47,0,16.32,14.4,4.86,4.55,2.2,57.2,10.83,66,3.45,76,0.31,0,0,33.11,71,0.94,28,40,1.57,1.88,18,68,-4,58.7,2.98,0.64,0.75,27.46,90,3.34,10.36,1.26,1.26,0,1.26,4.86,6.12,0,38,0.94,43,1.26,25,57,18,17,62,21,16.38,16.57,0.93,110,0.19,15.19,18.26,0,0,0,0,0,,0,0,,0,0,0,0,0,0,35,12,5.21,29,0.17,0.04,0.06,-0.02,,0.25
Hugo Vetlesen,Club Brugge,Jupiler Pro League,2026/2027,573,Centre Attacking Midfielder,Norway,28/02/00,27,0.47,0.31,0.31,0.13,2.35,13,33,2,100,0.3,0,0.26,2.35,0,0.25,2.04,0,0.01,0.31,0.31,0.58,4.71,-0.26,0.78,0.31,0.47,40,1.26,0,1.26,1.73,0.16,0.21,0.47,0.61,12.72,5.34,0.04,3.45,58.91,5.49,2.83,1.57,1.73,77,2.55,2.76,1.26,67,0.47,50,0.47,0,9.89,14.75,2.67,2.51,1.1,62.19,8.32,84,1.73,69,0.16,0,0,38.78,80,2.04,24,81,1.26,1.73,24,82,2,58.85,5.18,0.79,1.07,32.97,93,4.98,16.95,1.73,1.73,0,1.41,8.63,10.36,0,18,0.31,15,1.73,18,67,15,16,74,10,17.4,17.75,1,104,0.36,17.37,18.42,0,0,0,0,0,,0,0,,0,0,0,0,0,0,21,8,9.15,41,-0.05,0.06,-0.02,0.06,,0.05
Brecht Dejaegere,Kortrijk,Jupiler Pro League,2026/2027,568,Right Defensive Midfielder,Belgium,28/05/91,36,0,0,0.01,0.04,0.32,0,0,0,,0,0,0.32,2.38,0,0.18,1.43,0,0.14,0.95,0,0.33,2.69,-0.33,0.63,0.48,0.16,75,2.54,0,0.95,0.95,0.63,0.61,2.06,1.44,22.66,10.93,0.03,6.81,37.43,10.3,3.96,2.85,3.49,86,2.35,2.97,2.38,57,0.48,50,0.79,0,17.43,12.86,4.91,3.8,1.74,38.33,4.75,27,1.58,42,0.16,0,0,35.18,79,3.8,7,56,2.69,6.18,13,71,-8,52.37,3.8,0.52,0.56,28.84,94,4.14,8.08,2.22,0.79,1.43,0.63,2.38,3.17,0.32,29,1.11,70,0.79,22,63,15,37,53,10,20.62,16.4,0.97,115,-4.22,19.96,18.78,0,0,0,0,0,,0,0,,0,0,0,0,0,0,24,9,6.75,54,0.23,0.08,0.04,-0.02,,0.33
Patrick Nkoa,RAAL La Louvière,Jupiler Pro League,2026/2027,565,Centre Back,Cameroon,10/07/99,27,0,0,0.14,0.18,0.8,0,60,0,,0.23,0,0.04,0.16,0,0.04,0.16,0,0,0,0,0.18,0.96,-0.18,0,0,0,,0.16,0,0,0,1.91,0.54,5.41,2.69,14.17,8.28,0.11,9.08,23.4,7.64,0.32,1.75,3.66,73,0.81,1.35,1.27,33,0.64,68,2.71,0,11.31,5.95,5.26,1.43,0.96,27.19,1.59,14,0.64,44,0.16,0,0,34.56,89,1.75,16,55,5.89,2.71,6,57,-32,31.86,0.64,0.2,0.25,28.03,100,3.88,1.11,0.16,0.16,0,0.16,2.23,2.39,0,0,0,,0.16,14,80,6,14,86,0,21.67,23.78,0.96,72,2.11,20.74,17.24,0,0,0,0,0,,0,0,,0,0,0,0,0,0,13,4,1.1,10,-0.01,0.1,0.1,-0.06,,0.12
Yoni Gomis,Beveren,Jupiler Pro League,2026/2027,565,Right Centre Back,France,22/09/05,21,0.16,0.16,0.06,0.39,0.16,100,100,0,,0.08,0,0,0.16,0,0,0.16,0,0,0,0.16,0.07,0.32,0.09,0.32,0.32,0,100,0.64,0,0,0.32,2.55,2.36,4.14,3.85,9.88,4.46,0.02,6.53,21.75,7.65,0.96,1.59,4.14,77,1.37,3.73,0.48,33,0.48,36,0.64,0,7.81,7.8,4.3,1.43,0.64,25.66,0.64,8,0.32,22,0.16,0,0,50.19,91,6.37,5,73,5.58,7.33,11,75,-16,33.14,1.27,0.21,0.27,41.9,99,3.67,2.23,0,0,0,0,0.48,0.48,0,,0,,0.16,21,75,4,0,93,7,23.78,24.74,0.96,93,0.96,22.93,23.07,0,0,0,0,0,,0,0,,0,0,0,0,0,0,13,6,2.66,19,0.05,0.05,0.15,0.02,,0.27
Hans Vanaken,Club Brugge,Jupiler Pro League,2026/2027,565,Left Defensive Midfielder,Belgium,23/08/92,34,0.16,0.16,0.1,0.09,1.12,14,57,0,,0.24,0.16,0.19,1.75,0.16,0.19,1.75,0,0,0,0.32,0.29,2.87,0.03,0.16,0.16,0,100,0.96,0,1.28,0.48,0.32,0.46,0.64,0.94,10.2,4.94,0.01,3.99,46.01,10.52,5.1,1.28,1.59,80,2.11,2.58,0.32,33,0.32,50,0.64,0.32,8.61,13.39,2.87,3.03,1.12,52.92,5.1,59,2.07,68,0,0,0,73.97,93,5.42,21,89,1.75,4.94,18,90,-2,52.72,8.61,0.85,1,60.42,97,3.66,23.44,2.55,2.55,0,0.64,2.71,5.26,0.16,0,0,,0.8,20,70,10,26,66,8,18.88,19.77,1.01,103,0.89,19.03,20.35,0,0,0,0,0,,0,0,,0,0,0,0,0,0,12,6,9.29,45,0.08,0.03,0.06,0.1,,0.27
Thérence Koudou,Mechelen,Jupiler Pro League,2026/2027,564,Left Wing Back,France,12/12/04,22,0.16,0.16,0.07,0.05,1.28,13,13,1,,0.15,0,0.08,1.28,0,0.08,1.28,0,0,0,0.16,0.15,2.55,0.01,2.55,0.8,1.75,31,1.6,0,2.39,3.03,0.32,0.45,0.96,0.77,10.69,5.1,0,3.19,45.29,11.01,4.31,0.64,0.96,67,0.54,0.99,0.8,0,0.32,56,0.8,0,9.25,7.66,2.07,2.23,0.8,44.38,3.51,38,1.6,71,0,0,0,40.67,73,1.75,12,39,2.07,3.35,20,63,-9,58.01,5.26,0.24,0.34,39.08,88,5.79,13.56,2.07,1.91,0.16,0.32,2.71,4.63,0,38,0.96,25,0.48,24,57,18,25,58,18,19.04,18.45,0.9,88,-0.59,17.18,16.16,0,0,0,0,0,,0,0,,0,0,0,0,0,0,36,14,5.3,39,0.11,0.08,0.01,0.03,,0.23
Amando Lapage,Westerlo,Jupiler Pro League,2026/2027,561,Left Centre Back,Belgium,07/11/04,22,0.16,0.16,0.12,0.18,0.64,25,25,0,,0.16,0,0,0,0,0,0,0,0,0,0.16,0.12,0.64,0.04,0,0,0,,0.64,0,0.16,0.32,0.96,0.96,6.89,7.08,9.3,5.29,0.08,4.01,19.26,11.22,1.92,1.28,2.24,89,1.22,2.18,1.6,67,0.16,64,1.12,0.32,6.41,6.46,2.08,0.8,0.48,24.7,0.8,13,0.48,60,0,0,0,61.56,87,10.1,28,72,8.66,12.34,9,78,-10,35.34,4.81,0.45,0.47,51.3,99,3.51,5.29,0.16,0,0.16,0,0.8,0.8,0,0,0,0,0,24,74,3,39,58,3,24.47,25.72,0.93,86,1.24,22.76,22.22,0,0,0,0,0,,0,0,,0,0,0,0,0,0,16,4,4.14,26,0.07,0.05,0.25,0,,0.38
Josué Vergara,Gent,Jupiler Pro League,2026/2027,561,Centre Forward,Panama,24/07/07,19,0.48,0.48,0.52,0.19,2.73,18,41,6,,0.56,0,0.02,0.16,0,0.02,0.16,0,0,0,0.48,0.53,2.89,-0.05,0.48,0.32,0.16,67,1.93,0,1.61,2.41,0,0,1.77,1.48,10.11,3.37,0,2.09,54.13,4.01,2.09,0.48,0.48,50,0.35,0.35,1.12,25,0.48,59,4.17,0,8.51,6.54,1.61,1.61,0.32,61.95,5.78,68,1.61,100,0.16,0,0,14.13,68,0.48,20,50,1.77,0.96,39,53,-15,58.19,1.12,0.4,0.63,13.65,75,4.3,3.69,0.16,0.16,0,0.16,6.26,6.42,0,0,0,,0.64,19,59,22,26,61,13,17.27,14.53,0.97,105,-2.74,16.78,15.25,0,0,0,0,0,,0,0,,0,0,0,0,0,0,35,11,1.41,10,-0.08,-0.07,0.01,0.07,,-0.07
Thibo Somers,Antwerp,Jupiler Pro League,2026/2027,560,Right Back,Belgium,15/03/99,28,0,0,0.07,0.07,0.96,0,67,2,,0.07,0.32,0.05,0.64,0.32,0.05,0.48,0,0.01,0.16,0.32,0.13,1.61,0.2,0.16,0,0.16,0,0.16,0,0.32,0.8,0.48,0.49,1.13,0.88,13.18,8.2,0.04,5.14,48.57,6.27,3.05,1.29,1.77,50,1.24,1.73,0.64,40,1.29,38,0.96,0,11.25,10.73,3.38,2.89,0.64,53.13,6.27,56,2.09,72,0,0,0,27.01,71,1.93,23,52,1.29,3.54,11,52,-19,58.62,2.41,0.28,0.37,18.97,95,3.02,8.84,1.45,0.64,0.8,0.64,3.05,3.7,0,22,0.64,25,0.64,21,59,20,27,53,20,20.92,16.72,0.95,106,-4.19,19.95,17.77,0,0,0,0,0,,0,0,,0,0,0,0,0,0,23,4,4.12,22,0.1,0.02,0.18,0.01,,0.31
Yllan Okou,RAAL La Louvière,Jupiler Pro League,2026/2027,554,Left Centre Back,France,22/12/02,24,0,0,0,0.01,0.32,0,0,0,,0,0,0.01,0.32,0,0.01,0.32,0,0,0,0,0.02,0.65,-0.02,0,0,0,,0.49,0,0,0,0.65,0.31,4.06,2.16,7.47,2.92,0.05,2.76,24.19,10.23,2.27,0.49,1.14,100,0.31,0.62,0.81,,0,43,0.97,0.16,6.17,3.76,2.44,0,0,31.62,0.97,16,0,,0.16,0.16,0,47.75,74,5.68,86,39,5.85,12.67,10,56,-18,33.81,3.41,0.27,0.29,39.14,100,4.69,4.87,0.65,0.49,0.16,0,0,0.49,0,25,0.16,8,0,30,66,4,33,67,0,27.06,31.17,0.82,68,4.11,22.14,21.35,0,0,0,0,0,,0,0,,0,0,0,0,0,0,26,7,3.49,33,0.08,0.08,0.06,-0.01,,0.2
Siebe Schrijvers,OH Leuven,Jupiler Pro League,2026/2027,552,Left Defensive Midfielder,Belgium,17/07/96,30,0,0,0.19,0.08,2.44,0,7,3,,0,0.16,0.27,2.93,0.16,0.14,1.47,0,0.13,1.47,0.16,0.46,5.38,-0.3,0.65,0.49,0.16,75,1.47,0,1.14,0.49,0.81,0.74,0.65,0.4,15.97,7.33,0.05,5.21,45.72,8.15,3.91,1.3,2.12,67,0.91,1.64,0.81,40,0.65,53,1.63,0,13.85,11.39,3.91,2.61,0.98,47.56,7.33,53,1.79,69,0.33,0,0,37.31,69,1.96,23,32,1.63,5.05,22,66,-4,57.66,4.89,0.33,0.57,29.66,96,4.51,10.43,2.28,0.65,1.63,0.49,4.56,5.21,0,7,0.49,38,0.81,20,69,12,23,72,5,20.16,16.76,0.9,83,-3.4,18.15,13.97,0,0,0,0,0,,0,0,,0,0,0,0,0,0,30,6,7.43,49,0.25,0.04,0.05,-0.19,,0.16
Kevin Mac Allister,Union Saint-Gilloise,Jupiler Pro League,2026/2027,552,Right Centre Back,Argentina,06/11/97,29,0.16,0.16,0.12,0.15,0.82,20,60,0,,0.18,0,0.05,0.49,0,0,0.16,0,0.05,0.33,0.16,0.18,1.31,-0.02,0.82,0.82,0,100,0.65,0,0,0,2.12,1.71,3.92,3.11,18.77,14.03,0.07,8.81,31.06,11.26,4.08,3.43,5.55,64,3.18,4.89,1.31,33,1.96,77,3.26,0,14.2,12.6,4.9,2.45,0.49,34.01,3.43,24,0.82,33,0.65,0,0,48.3,78,3.75,6,50,4.41,7.02,16,72,-5,45.02,5.06,0.62,0.7,35.57,100,3.23,8.81,0.49,0.16,0.33,0.65,3.59,3.75,0.49,67,0.33,18,0.65,31,60,9,43,54,4,20.67,17.16,0.92,102,-3.51,18.92,17.48,0,0,0,0,0,,0,0,,0,0,0,0,0,0,20,6,6.15,37,0.16,0.03,0.28,-0.07,,0.4
Nicolò Tresoldi,Club Brugge,Jupiler Pro League,2026/2027,547,Centre Forward,Germany,19/08/04,22,0.49,0.33,0.56,0.17,3.29,10,20,5,100,0.4,0,0.04,0.66,0,0.04,0.66,0,0,0,0.33,0.6,3.95,-0.27,1.32,0.33,0.99,25,1.97,0,1.48,2.63,0.49,0.72,0.66,0.84,22.04,10.2,0.01,6.58,61.78,4.6,2.63,0.66,1.15,50,0.95,1.67,1.15,0,0.66,55,1.97,0,20.23,30.59,5.92,3.78,0.49,65.12,15.62,77,2.8,74,0,0,0,19.24,76,0.49,15,60,0.82,0.66,29,82,6,60.99,0.99,0.6,0.97,19.24,80,4.16,7.73,0.16,0.16,0,0.49,8.39,8.55,0,0,0.16,50,1.32,5,79,16,4,83,13,14.52,15.96,0.97,97,1.44,14.14,15.51,0,0,0,0,0,,0,0,,0,0,0,0,0,0,24,8,3.27,16,-0.11,0,0.01,-0.22,,-0.32
Carlos Forbs,Club Brugge,Jupiler Pro League,2026/2027,546,Right Wing,Portugal,18/03/04,23,0.33,0.33,0.31,0.14,2.14,15,38,3,,0.33,0.49,0.35,2.31,0.33,0.28,1.65,0.16,0.07,0.66,0.82,0.66,4.45,0.17,3.62,2.31,1.32,64,1.15,0,2.97,3.13,0.16,0.31,0.33,0.54,13.68,5.93,0,4.28,57.81,5.77,3.3,0.82,0.99,63,1.28,1.6,0.49,25,0.49,0,0,0,12.36,19.52,3.79,3.46,1.32,59.61,8.4,68,2.64,76,0.16,0,0.16,33.12,70,0.66,90,25,0.66,2.31,13,71,1,73.89,5.77,0.82,1.24,39.54,86,8.61,18.78,3.46,2.64,0.82,1.98,7.25,9.89,0,10,1.32,40,2.31,16,67,17,21,59,20,16.51,15.2,0.96,87,-1.31,15.86,13.21,0,0,0,0,0,,0,0,,0,0,0,0,0,0,30,9,12.67,55,0.19,0.36,0,0.07,,0.63
Chris Lokesa,Beveren,Jupiler Pro League,2026/2027,546,Left Wing,Belgium,06/11/04,22,0.49,0.33,0.18,0.09,1.98,17,25,3,100,0.21,0,0.11,0.49,0,0.11,0.49,0,0,0,0.33,0.29,2.47,0.04,4.62,1.98,2.64,43,1.32,0.16,3.63,4.78,1.32,1.26,0.33,0.32,11.21,3.63,0,3.46,49.46,6.6,2.97,1.15,2.47,70,1.04,2.3,0.49,0,0.49,29,0.33,0,9.56,10.05,3.3,2.8,1.65,52.16,5.11,53,1.81,65,0.16,0,0,30.67,76,1.15,11,47,0.66,2.14,17,61,-15,61.09,4.45,0.28,0.49,38.58,80,5.85,12.2,1.15,1.15,0,0.33,4.29,5.44,0.16,29,0.33,12,0.49,18,67,15,18,64,19,16.98,13.79,0.97,97,-3.19,16.39,13.35,0,0,0,0,0,,0,0,,0,0,0,0,0,0,22,8,4.85,38,-0.02,0.26,0.02,0.08,,0.35
Marlon Fossey,Standard Liège,Jupiler Pro League,2026/2027,543,Right Back,USA,08/09/98,28,0,0,0.09,0.07,1.32,0,0,1,,0,0.17,0.19,1.16,0.17,0.19,1.16,0,0,0,0.17,0.28,2.48,-0.11,0.17,0.17,0,100,0.5,0,0.5,0.5,1.16,1.29,1.82,2.1,9.61,4.14,0.08,3.64,29.71,10.93,5.3,1.32,2.48,89,1.64,2.93,0.66,67,0.17,71,1.99,0,7.62,8.6,2.32,1.66,0.83,36.97,2.32,30,0.66,40,0,0,0,45.05,73,1.99,13,50,2.32,3.48,11,64,-10,55.38,5.3,0.67,0.74,30.47,97,4.57,14.08,1.32,1.32,0,0.5,4.8,6.13,0,63,1.32,40,0.66,26,60,14,19,62,19,18.22,17.79,0.92,97,-0.43,16.77,17.21,0,0,0,0,0,,0,0,,0,0,0,0,0,0,29,8,5.05,26,0.13,0.09,0.05,-0.12,,0.15
Besfort Zeneli,Union Saint-Gilloise,Jupiler Pro League,2026/2027,541,Centre Attacking Midfielder,Sweden,20/11/02,24,0.33,0.33,0.35,0.16,2.16,15,54,2,,0.56,0.67,0.4,3,0.33,0.2,1.33,0.33,0.2,1.66,1,0.75,5.16,0.25,2.16,1.16,1,54,1.5,0,1.83,2,0.17,0.14,0.5,0.4,20.47,10.65,0.05,6.16,48.13,7.49,4.66,0.83,1,63,0.74,0.88,1.33,0,0.5,33,0.33,0,18.31,17.86,5.49,4.66,1.66,49.33,8.99,49,3.49,75,0,0,0,32.62,79,2.5,14,50,0.83,4.66,19,76,-4,60.18,4.99,0.54,0.9,32.12,88,4.59,13.48,3.83,1.66,2.16,0.5,4.66,6.32,0.17,13,0.67,44,1.16,23,67,10,30,63,7,18.11,13.92,0.94,105,-4.19,16.98,14.61,0,0,0,0,0,,0,0,,0,0,0,0,0,0,24,10,8.14,49,0.32,0.07,0.02,0.28,,0.69
Luc Marijnissen,Mechelen,Jupiler Pro League,2026/2027,541,Right Centre Back,Netherlands,08/01/03,24,0,0,0.08,0.08,1,0,0,0,,0,0,0.01,0.17,0,0.01,0.17,0,0,0,0,0.09,1.17,-0.09,0.33,0.33,0,100,0.5,0,0.33,0.17,0.5,0.49,3.5,2.76,13.65,7.66,0.06,6.33,27.47,14.81,3,2,2.5,75,2.22,2.71,1,50,0.67,68,4.66,0,10.65,11.51,4.33,2,0.83,33.22,3.16,30,1,50,0,0,0,54.26,84,5.83,18,67,4.99,7.16,21,70,-14,38.56,3.83,0.35,0.4,40.78,99,5.51,5.66,0.67,0.67,0,0,2.33,3,0,25,0.17,33,0.17,24,71,5,24,65,12,24.83,20.29,0.96,98,-4.54,23.94,19.9,0,0,0,0,0,,0,0,,0,0,0,0,0,0,19,6,3.1,24,0.04,0.08,0.12,-0.1,,0.14
Marco Kana,RSC Anderlecht,Jupiler Pro League,2026/2027,540,Left Defensive Midfielder,Belgium,07/08/02,24,0,0,0.02,0.04,0.67,0,25,1,,0.07,0,0.06,1.17,0,0.06,1.17,0,0,0,0,0.08,1.83,-0.08,0.5,0.5,0,100,0.5,0,1.17,0.33,0.67,1.09,1.67,2.56,11.33,5.5,0,3.17,40.5,9,6.33,0.83,1.5,83,1.04,2.13,1.5,67,0.17,67,1.33,0,9,13.08,2.67,3.83,1,43.51,3.67,41,2.33,61,0.67,0,0,65.33,91,4,15,71,2.67,4.67,17,92,1,53.19,9.33,0.62,0.76,56.16,97,4.71,19.16,1.33,1.33,0,0,0.5,1.83,0,13,0.17,100,0.17,16,75,10,20,77,3,19.6,18.05,0.98,98,-1.55,19.17,17.63,0,0,0,0,0,,0,0,,0,0,0,0,0,0,14,7,7.22,39,0.05,0.06,0.01,0,,0.12
Shunsuke Saito,Westerlo,Jupiler Pro League,2026/2027,540,Left Wing,Japan,25/04/05,22,0.5,0.5,0.19,0.1,2,25,42,3,,0.5,0,0.23,1.83,0,0.23,1.83,0,0,0,0.5,0.42,3.83,0.08,2.17,1,1.17,46,1,0,2,2.67,0.17,0.13,0.33,0.31,18.84,8.34,0.01,5.17,50.1,7.33,4,1.5,1.67,82,1.36,1.49,0.67,33,0.33,33,0.17,0,16.67,15.75,4.5,3.5,1,52.56,9.17,55,2.5,71,0,0,0,31.84,75,1,11,38,0.83,2.17,20,66,-10,60.13,4.33,0.38,0.66,33.17,89,6.57,11.84,2,1.83,0.17,0.83,3.5,5.33,0.33,17,1,40,0.83,17,64,18,23,62,15,18.73,18.58,0.92,85,-0.15,17.14,15.78,0,0,0,0,0,,0,0,,0,0,0,0,0,0,25,7,4.75,30,0.16,0.16,0.01,0.11,,0.44
Rafiu Durosinmi,KRC Genk,Jupiler Pro League,2026/2027,536,Centre Forward,Nigeria,31/12/02,24,0.84,0.5,0.4,0.16,2.52,20,20,4,100,0.39,0,0.13,1.34,0,0.13,1.34,0,0,0,0.5,0.53,3.86,-0.03,0.5,0.34,0.17,67,1.51,0,1.17,4.03,0.17,0.26,1.17,1.36,27.19,12.42,0.02,4.7,64.17,2.85,1.85,1.01,1.17,86,1.13,1.39,2.85,67,0.17,63,5.2,0,23.33,23.49,3.86,2.69,0.34,68.33,19.64,84,2.52,94,0.34,0,0,19.13,74,0.5,9,75,1.17,0.67,32,65,-9,63.48,1.17,0.67,1,14.6,79,3.54,8.06,0.34,0.34,0,0.84,8.06,8.39,0,0,0,0,1.17,10,71,19,6,73,21,14.23,14.01,1.07,117,-0.22,15.26,16.43,0,0,0,0,0,,0,0,,0,0,0,0,0,0,25,4,4.48,27,-0.02,-0.02,-0.06,-0.08,,-0.18
Isa Sakamoto,Westerlo,Jupiler Pro League,2026/2027,534,Centre Attacking Midfielder,Japan,25/08/03,23,0.17,0.17,0.14,0.07,2.02,8,25,3,,0.07,0.51,0.2,2.36,0.51,0.2,2.36,0,0,0,0.67,0.34,4.38,0.33,1.35,0.67,0.67,50,0.84,0,2.02,2.36,0,0,0.34,0.29,16,7.91,0,4.21,55.68,7.41,4.04,0.67,0.67,100,0.71,0.71,0.67,100,0,0,0,0,14.65,14.88,3.87,3.7,0.51,57.77,9.09,62,2.19,59,0.17,0,0,29.47,82,1.01,18,55,0.67,1.52,16,87,4,56.61,3.87,0.46,0.7,30.14,87,6.39,10.44,1.01,1.01,0,0.34,4.04,5.05,0,0,0.17,50,0.67,16,69,16,16,76,8,16.45,16.39,1.02,102,-0.05,16.81,16.75,0,0,0,0,0,,0,0,,0,0,0,0,0,0,20,6,5.74,36,0,0.07,0,-0.07,,0.01
Wagane Faye,RAAL La Louvière,Jupiler Pro League,2026/2027,533,Right Centre Back,Senegal,19/11/93,33,0,0,0.05,0.09,0.51,0,0,0,,0,0,0,0,0,0,0,0,0,0,0,0.05,0.51,-0.05,0.34,0.17,0.17,50,1.18,0,1.01,0.51,1.18,0.76,4.05,1.72,15.37,7.77,0.05,5.91,25.39,13,5.07,3.21,4.39,79,2.06,2.83,1.52,44,0.84,53,1.69,0,10.98,6.41,4.22,1.18,0.17,30.03,1.69,15,0.68,57,0.17,0,0,37.83,74,2.2,21,37,5.07,4.9,11,70,-4,41.18,3.21,0.28,0.31,30.4,96,3.84,4.05,0.17,0.17,0,0.17,1.69,1.86,0,0,0,0,0.17,36,56,8,42,54,4,22.02,21.28,0.88,91,-0.74,19.37,19.27,0,0,0,0,0,,0,0,,0,0,0,0,0,0,29,7,1.69,16,0.03,0.04,0.21,-0.07,,0.21
Guilherme Smith,Union Saint-Gilloise,Jupiler Pro League,2026/2027,532,Left Wing Back,Brazil,10/06/03,23,0.17,0.17,0.19,0.06,2.88,6,29,4,,0.09,0.17,0.14,1.69,0.17,0.14,1.69,0,0,0,0.34,0.33,4.57,0.01,2.88,1.69,1.19,59,1.52,0,1.86,2.37,0.51,0.51,0.17,0.09,16.25,9.14,0,5.76,45.7,6.26,3.56,1.86,2.37,61,1.81,2.32,0.51,30,1.19,0,0,0,13.88,13.2,5.08,3.22,1.19,45.37,5.93,43,2.37,74,0,0,0,32,74,2.03,11,57,0.51,3.22,28,69,-6,58.88,5.08,0.71,0.85,39.28,90,7.85,11.68,1.69,1.52,0.17,0.85,5.42,6.94,0,30,0.85,29,1.52,25,58,17,28,52,20,17.33,12.78,1,122,-4.55,17.4,15.54,0,0,0,0,0,,0,0,,0,0,0,0,0,0,29,11,6.18,34,0.04,0.27,0.01,-0.1,,0.22
Jeppe Erenbjerg,KRC Genk,Jupiler Pro League,2026/2027,531,Centre Attacking Midfielder,Denmark,28/04/00,27,0,0,0.18,0.08,2.37,0,29,3,,0.08,0.51,0.32,2.54,0.34,0.21,1.52,0.17,0.11,1.02,0.51,0.5,4.91,0.01,0.85,0.51,0.34,60,0.17,0,1.19,1.86,0.17,0.26,0.51,0.33,13.56,7.96,0.03,2.54,57.31,4.07,2.71,0.34,0.51,50,0.44,0.71,0.34,0,0.34,57,0.68,0,12.88,13.95,2.2,3.39,0.85,60.81,8.3,64,2.88,85,0.17,0,0,36.77,80,3.22,75,63,1.19,4.41,20,82,1,62.25,5.93,0.58,0.82,33.04,93,5.22,15.76,2.37,1.36,1.02,0.85,4.41,5.76,0,36,1.36,67,1.19,10,70,21,15,68,17,18.62,17.18,0.96,100,-1.44,17.89,17.16,0,0,0,0,0,,0,0,,0,0,0,0,0,0,16,3,7.01,44,0.07,0.1,0,-0.05,,0.12
Kyriani Sabbe,Club Brugge,Jupiler Pro League,2026/2027,530,Right Back,Belgium,25/01/05,22,0,0,0.03,0.04,0.68,0,0,0,,0,0,0.09,1.36,0,0.09,1.36,0,0,0,0,0.12,2.04,-0.12,1.02,0.85,0.17,83,0.34,0,1.87,1.36,0.34,0.49,1.02,1.51,12.05,6.28,0.04,6.11,41.24,10.69,6.28,0.85,1.19,71,1.26,1.75,0.34,50,0.34,50,0.34,0,10.86,15.84,4.41,2.21,0.85,46.74,4.75,44,1.53,69,0,0,0,70.24,89,5.26,15,82,1.87,5.6,16,87,-2,52.23,10.01,0.73,0.77,65.32,95,4,21.21,2.38,2.38,0,0.34,2.54,4.92,0,29,0.85,42,0.85,23,66,11,37,50,13,18.9,18.01,0.98,102,-0.89,18.54,18.3,0,0,0,0,0,,0,0,,0,0,0,0,0,0,21,13,9.21,43,0.2,0.08,0.02,-0.03,,0.26
Danylo Sikan,RSC Anderlecht,Jupiler Pro League,2026/2027,528,Left Centre Forward,Ukraine,15/04/01,26,0.17,0.17,0.46,0.12,3.92,4,30,5,,0.45,0,0.04,0.51,0,0.04,0.51,0,0,0,0.17,0.5,4.44,-0.33,1.02,0.51,0.51,50,1.19,0,1.54,2.39,0.51,0.65,1.36,2.04,14.5,6.82,0,5.29,58.15,5.8,3.41,1.02,1.54,100,1.43,2.08,1.19,,0,59,2.73,0,12.28,16.99,4.61,2.56,1.19,64.98,9.04,74,1.36,53,0.17,0,0,23.71,74,1.54,33,75,1.71,1.71,22,58,-16,62.2,1.88,0.54,0.82,21.32,85,5.27,8.19,1.36,1.36,0,0.34,8.19,9.55,0,13,0.34,50,0.85,13,67,20,10,65,25,17.54,17.11,1,97,-0.42,17.47,16.58,0,0,0,0,0,,0,0,,0,0,0,0,0,0,25,4,3.14,17,-0.09,0.04,0.04,-0.12,,-0.13
Ibrahim Diakité,Cercle Brugge,Jupiler Pro League,2026/2027,525,Right Centre Back,Guinea,30/10/03,23,0,0,0.01,0.06,0.17,0,0,0,,0,0,0.02,0.17,0,0.02,0.17,0,0,0,0,0.03,0.34,-0.03,0.34,0.34,0,100,1.2,0,0.69,0.69,1.03,0.8,2.57,1.88,18.18,7.72,0.03,7.03,36.71,13.72,4.46,2.06,3.09,80,1.99,2.79,2.06,57,0.51,73,2.74,0,14.06,11.26,5.14,2.92,0.69,42.16,5.49,39,2.06,71,0.17,0,0,38.59,79,1.03,13,43,3.43,1.54,22,64,-15,42.92,3.77,0.33,0.33,30.7,95,4.51,4.46,0,0,0,0.17,0.34,0.34,0,,0,,0.17,26,66,8,27,62,12,18.57,19.65,0.97,95,1.09,17.99,18.67,0,0,0,0,0,,0,0,,0,0,0,0,0,0,29,14,2.81,18,0,0.06,0.02,-0.01,,0.08
Viggo Martens,Cercle Brugge,Jupiler Pro League,2026/2027,521,Left Attacking Midfielder,Belgium,03/01/07,20,0,0,0.11,0.06,1.9,0,36,2,,0.24,0,0.1,1.04,0,0.1,1.04,0,0,0,0,0.21,2.93,-0.21,1.38,0.52,0.86,38,1.73,0.17,1.38,2.24,0.69,0.38,0.17,0.02,43.33,24.51,0,11.39,57.5,5.35,4.32,1.21,1.9,58,0.86,1.24,0.52,33,0.86,36,0.69,0,41.6,29.86,10.88,7.6,2.07,57.71,27.62,66,5.18,68,0,0,0,20.37,66,1.04,32,55,0.35,1.73,25,70,4,61.42,3.45,0.54,0.65,22.1,88,6.04,7.08,0.86,0.86,0,0.17,3.8,4.66,0,40,0.35,20,0.17,16,62,21,15,56,29,18.75,16.53,0.97,101,-2.22,18.15,16.73,0,0,0,0,0,,0,0,,0,0,0,0,0,0,38,16,5.04,27,0.05,0.15,0.04,0.07,,0.31
Giulian Biancone,RSC Anderlecht,Jupiler Pro League,2026/2027,518,Right Centre Back,France,30/03/00,27,0,0,0.08,0.07,1.22,0,0,0,,0,0,0.03,0.17,0,0.03,0.17,0,0,0,0,0.1,1.39,-0.1,0.87,0.87,0,100,1.91,0,0.35,0.17,0.69,0.94,4.69,6.33,11.29,6.43,0.04,5.73,29.77,16.16,4.86,3.3,4,76,4.74,5.68,1.56,33,1.04,61,3.82,0,6.43,8.98,2.95,1.39,0.69,36.2,2.08,32,0.69,50,0.52,0,0,76.44,86,7.99,12,71,5.91,10.08,14,70,-16,42.22,7.3,0.77,0.77,66.36,99,5.49,10.25,0.52,0.52,0,0.17,2.43,2.95,0.17,0,0.17,100,0.17,31,66,3,41,58,2,22.14,20.01,0.96,94,-2.13,21.32,18.76,0,0,0,0,0,,0,0,,0,0,0,0,0,0,16,7,5.75,30,0.14,0.12,0,-0.08,,0.19
Xander Dierckx,Antwerp,Jupiler Pro League,2026/2027,512,Right Defensive Midfielder,Belgium,26/02/09,18,0,0,0.07,0.19,0.35,0,0,0,,0,0,0.03,0.35,0,0.03,0.35,0,0,0,0,0.1,0.7,-0.1,1.06,0.53,0.53,50,0.7,0,2.81,1.76,0.7,0.69,0.88,0.75,16.71,7.04,0,6.69,53.43,7.21,2.81,1.58,2.29,82,1.55,2.24,1.23,33,0.35,35,1.23,0,13.9,12.99,5.45,4.93,2.11,56.76,8.8,63,3.52,71,0,0,0,26.39,75,0.7,30,57,1.23,0.88,18,57,-17,51.6,2.64,0.36,0.48,22.87,82,4.61,6.16,0.53,0.53,0,0.35,2.46,2.99,0,33,0.18,20,0.53,19,66,15,29,63,9,15.7,14.78,1.03,120,-0.93,16.17,17.71,0,0,0,0,0,,0,0,,0,0,0,0,0,0,25,7,3.25,23,-0.02,0.01,0.05,-0.08,,-0.03
Norman Bassette,Westerlo,Jupiler Pro League,2026/2027,511,Centre Forward,Belgium,08/11/04,22,0.7,0.53,0.37,0.13,2.82,19,50,7,100,0.54,0,0.1,1.06,0,0.1,1.06,0,0,0,0.53,0.47,3.88,0.06,0.88,0.35,0.53,40,1.94,0,0.7,3.52,0,0,1.23,1.12,17.62,6.7,0,4.23,64,3.52,2.47,0.35,0.35,100,0.3,0.3,3.35,,0,26,1.41,0,13.92,13.82,3.7,1.94,0.35,71.64,12.16,87,1.76,91,0.18,0,0,12.51,78,0.18,73,25,1.23,0.7,22,82,4,61.06,0.88,0.35,0.58,14.63,78,5.34,5.11,0.53,0.53,0,0.18,4.23,4.76,0,0,0,0,0.35,13,61,26,14,59,28,14.69,12.11,0.9,93,-2.58,13.17,11.22,0,0,0,0,0,,0,0,,0,0,0,0,0,0,25,5,2.94,19,-0.02,0.1,0,0.18,,0.26
Dries Wouters,Lommel,Jupiler Pro League,2026/2027,511,Left Centre Back,Belgium,27/01/97,30,0,0,0.06,0.11,0.53,0,33,0,,0.13,0,0,0,0,0,0,0,0,0,0,0.06,0.53,-0.06,0.18,0.18,0,100,0.88,0,0.35,0.18,0.53,0.35,3.35,2.24,3.88,2.47,0.07,2.47,16.29,7.05,1.41,1.06,1.59,100,0.87,1.22,0.18,100,0,56,0.88,0,2.64,1.76,0.53,0.18,0,24.72,0.35,13,0,0,0.18,0,0,54.63,93,5.46,72,74,4.76,5.99,16,89,-4,28.42,2.11,0.16,0.21,48.29,99,5,2.47,0,0,0,0,1.23,1.23,0,,0,0,0,19,77,4,21,79,0,21.85,23.57,0.97,99,1.73,21.18,23.43,0,0,0,0,0,,0,0,,0,0,0,0,0,0,16,11,2.27,18,0,0.09,0.23,0.1,,0.41
Shawn Adewoye,Lommel,Jupiler Pro League,2026/2027,509,Left Back,Belgium,28/06/00,26,0,0,0.02,0.05,0.53,0,33,0,,0.01,0,0.01,0.18,0,0.01,0.18,0,0,0,0,0.03,0.71,-0.03,0,0,0,,0.53,0,0.53,0.35,1.06,0.95,6.01,5.35,10.44,4.95,0.06,7.25,20.37,10.08,2.48,2.3,3.36,93,2.13,3.08,0.88,83,0.18,52,2.12,0.18,7.25,6.57,3.89,0.88,0.18,29.37,1.77,24,0.71,80,0.18,0,0,50.58,86,4.42,34,60,7.78,5.66,14,71,-15,35.23,1.59,0.22,0.22,42.27,98,3.83,3.18,0.18,0.18,0,0.18,1.95,2.12,0,100,0.18,50,0.53,22,73,5,17,67,17,22.5,25.64,0.94,93,3.14,21.06,23.85,0,0,0,0,0,,0,0,,0,0,0,0,0,0,24,13,2.12,19,0.06,0.04,0.07,-0.03,,0.14
Cameron Congreve,Westerlo,Jupiler Pro League,2026/2027,508,Right Wing,Wales,23/01/04,23,0,0,0.22,0.09,2.31,0,38,3,,0.09,0.53,0.31,3.37,0.53,0.25,2.66,0,0.06,0.71,0.53,0.53,5.67,0.01,1.42,1.06,0.35,75,1.42,0,1.6,1.77,0.35,0.33,0.18,0.11,23.41,12.77,0,6.21,54.27,6.21,3.01,2.66,3.01,71,2.3,2.63,0.89,33,1.06,30,0.53,0,19.86,18.93,5.67,4.97,1.95,55.04,12.94,65,4.08,82,0.18,0,0,30.5,65,2.48,75,50,0.71,4.43,21,55,-10,62.58,4.43,0.42,0.71,30.14,91,7.24,10.28,2.48,1.6,0.89,0.89,3.9,5.5,0,36,1.24,37,1.24,12,74,13,16,71,14,19.74,15.87,0.94,108,-3.87,18.65,17.16,0,0,0,0,0,,0,0,,0,0,0,0,0,0,32,6,8,46,0.14,0.16,0.02,-0.04,,0.28
Steve Ngoura,Cercle Brugge,Jupiler Pro League,2026/2027,501,Centre Forward,France,21/02/05,22,0.36,0.18,0.45,0.13,3.59,5,25,6,100,0.31,0,0.13,1.08,0,0.13,1.08,0,0,0,0.18,0.58,4.67,-0.4,2.33,1.44,0.9,62,1.26,0,3.59,4.13,0.36,0.21,0.36,0.34,21.9,11.13,0.02,5.39,66.41,4.13,2.87,0,0.36,0,0,0.21,1.8,0,0.36,36,2.15,0,20.1,16.67,4.85,2.51,0.9,67.7,16.87,84,2.33,93,0,0,0,17.23,74,0.54,10,43,1.08,0.54,37,66,-8,63.16,2.69,0.44,0.82,25.13,76,5.87,6.64,0.54,0.54,0,1.26,8.08,8.62,0,33,0.54,75,1.62,22,62,16,22,68,11,16.03,15.84,1,104,-0.19,16.02,16.54,0,0,0,0,0,,0,0,,0,0,0,0,0,0,30,10,5.64,29,0.05,0.03,-0.01,-0.17,,-0.09
Ibrahima Sory Bangoura,KRC Genk,Jupiler Pro League,2026/2027,499,Right Defensive Midfielder,Guinea,04/01/04,23,0,0,0.16,0.22,0.72,0,50,1,,0.19,0.18,0.03,0.54,0.18,0.03,0.54,0,0,0,0.18,0.19,1.26,0,0.36,0.36,0,100,1.44,0,1.26,1.08,1.44,1.4,0.72,0.82,15.87,7.57,0.06,5.23,37.61,9.74,3.25,1.8,3.25,59,2.26,3.65,2.89,50,1.26,29,0.36,0.18,11.18,13.58,4.15,3.25,0.72,40.45,3.25,29,1.8,56,0.18,0,0,34.98,93,3.61,4,87,1.44,3.43,14,79,-13,49.85,3.61,0.55,0.59,32.1,93,3.27,7.39,0.18,0.18,0,0.18,1.08,1.26,0,0,0,,0.36,13,73,13,24,71,5,19.31,20.97,0.99,100,1.66,19.04,20.96,0,0,0,0,0,,0,0,,0,0,0,0,0,0,10,6,3.46,23,0,0.04,0.04,0.04,,0.13
Dennis Eckert,Standard Liège,Jupiler Pro League,2026/2027,498,Centre Forward,Iran,08/01/97,30,0.72,0.54,0.34,0.17,1.99,27,73,5,100,0.32,0.18,0.08,0.72,0.18,0.08,0.72,0,0,0,0.72,0.42,2.71,0.31,0.18,0.18,0,100,1.63,0,1.45,1.63,0,0,0,0,16.45,6.69,0.01,4.16,70.16,4.16,3.25,0.18,0.18,50,0.23,0.23,1.27,0,0.18,44,3.07,0,15,18.23,3.98,3.25,0.72,71.46,13.38,89,2.89,89,0,0,0,15.55,76,1.08,17,75,0,1.45,29,52,-24,64.23,1.45,0.54,0.71,13.38,85,5.19,6.15,0.72,0.54,0.18,0.9,7.05,7.59,0,0,0,0,1.45,14,66,20,6,79,15,15.79,13.64,1,96,-2.14,15.76,13.04,0,0,0,0,0,,0,0,,0,0,0,0,0,0,27,11,3.49,19,0,0.04,0,0,,0.05
Ewoud Pletinckx,OH Leuven,Jupiler Pro League,2026/2027,498,Right Centre Back,Belgium,09/10/00,26,0,0,0.14,0.15,0.9,0,0,0,,0,0,0.02,0.36,0,0.02,0.36,0,0,0,0,0.16,1.27,-0.16,0.18,0.18,0,100,0,0,0.36,0.36,1.08,1.25,2.71,2.97,11.75,5.97,0.05,4.52,31.39,11.39,4.16,1.63,2.71,69,1.27,2.53,0.9,57,0.72,56,1.81,0,9.22,8.03,3.43,2.35,1.45,35.68,2.35,25,0.9,38,0.18,0,0,54.05,87,5.79,16,74,4.16,6.33,14,74,-13,37.38,3.98,0.43,0.55,43.57,98,3.79,6.15,0.36,0.36,0,0,1.81,2.17,0.18,50,0.18,50,0,23,74,3,47,53,0,21.92,21.93,0.98,100,0.01,21.37,22.01,0,0,0,0,0,,0,0,,0,0,0,0,0,0,14,5,3.85,26,0.07,0.01,0.06,-0.18,,-0.04
Stredair Appuah,Lommel,Jupiler Pro League,2026/2027,496,Left Wing,France,26/06/04,22,0,0,0.05,0.05,0.91,0,0,1,,0,0,0.11,1.27,0,0.11,1.27,0,0,0,0,0.16,2.18,-0.16,4.72,3.27,1.45,69,1.27,0,2.72,4.17,0.73,0.65,0.73,0.66,16.69,9.07,0.01,4.35,49.11,6.17,2.72,1.45,2.18,67,1.01,1.67,0.36,20,0.73,20,0.18,0,14.88,11.5,3.45,4.54,1.45,52.8,8.35,56,3.63,80,0,0,0,32.84,74,1.45,83,73,1.27,1.45,26,63,-11,58.85,4.17,0.39,0.48,39.19,84,7.6,10.89,1.63,1.63,0,0.18,1.63,3.27,0,33,0.91,29,0.36,9,72,19,2,78,20,17.78,19.71,1.01,105,1.94,18.04,20.61,0,0,0,0,0,,0,0,,0,0,0,0,0,0,32,11,5.99,47,0.01,0.11,0.01,-0.03,,0.1
Amine Boukamir,Sporting Charleroi,Jupiler Pro League,2026/2027,496,Right Defensive Midfielder,Morocco,22/10/06,20,0.18,0.18,0.01,0.02,0.54,33,67,0,,0.03,0,0,0.36,0,0,0.36,0,0,0,0.18,0.02,0.91,0.16,0.36,0.36,0,100,0.73,0,1.63,0.36,1.27,1.55,1.63,2.17,17.06,10.17,0.03,6.35,44.7,9.98,4.54,1.45,2.72,62,1.98,3.53,1.63,29,0.91,38,0.54,0,14.16,19.36,5.26,2.9,1.09,47.88,7.26,51,2.18,75,0,0,0,62.63,90,4.36,12,75,2.9,4.54,18,85,-6,47.52,4.72,0.49,0.49,54.82,97,4.29,9.8,0.18,0.18,0,0,0.18,0.36,0,0,0,0,0,15,76,9,30,65,6,19.82,20.45,0.98,101,0.63,19.41,20.6,0,0,0,0,0,,0,0,,0,0,0,0,0,0,13,7,5.32,26,-0.03,0.09,-0.03,0,,0.03
Rayan Touzghar,Standard Liège,Jupiler Pro League,2026/2027,491,Left Centre Midfielder,Morocco,26/10/03,23,0,0,0.05,0.09,0.55,0,33,1,,0.03,0,0.1,1.65,0,0.07,1.1,0,0.03,0.55,0,0.15,2.2,-0.15,0.18,0.18,0,100,1.28,0,1.47,0.92,0.92,1.03,1.47,2,17.41,8.8,0.03,6.05,38.78,11.55,5.87,1.47,2.38,53,1.6,2.63,1.65,0,1.28,15,0.37,0,14.3,16.48,4.77,4.03,0.73,41.45,4.95,35,2.2,55,0,0,0,53.15,80,3.67,81,57,2.2,5.68,17,83,3,56.62,4.03,0.61,0.63,42.52,95,4.33,15.76,1.83,1.1,0.73,0.73,3.3,4.4,0,20,0.55,60,0.92,14,69,17,14,71,15,18.54,17.26,0.97,103,-1.28,18,17.8,0,0,0,0,0,,0,0,,0,0,0,0,0,0,23,7,6.18,32,-0.09,0.02,0.07,0.01,,0
Ondrej Kricfalusi,Union Saint-Gilloise,Jupiler Pro League,2026/2027,490,Left Centre Back,Czech Republic,08/03/04,23,0,0,0.08,0.07,1.1,0,33,0,,0.11,0,0.02,0.37,0,0.02,0.37,0,0,0,0,0.09,1.47,-0.09,0.37,0.18,0.18,50,0.18,0,0.18,0.55,1.47,1.35,2.2,1.96,15.05,9.18,0.14,7.16,30.29,10.1,3.49,2.39,3.86,59,2.13,3.48,0.92,43,1.65,69,2.02,0,11.75,10.49,4.41,2.02,0.92,36.71,3.49,30,0.73,36,0.18,0,0,40.02,77,3.12,33,57,3.3,4.41,14,84,6,37.11,3.49,0.81,0.84,31.21,98,4.43,3.86,0.55,0.18,0.37,0,1.29,1.47,0,33,0.18,50,0,32,62,5,48,48,5,21.46,22.82,0.93,88,1.37,20.01,20.19,0,0,0,0,0,,0,0,,0,0,0,0,0,0,20,5,4.31,22,0.05,0.09,0.19,-0.04,,0.29
Aurélien Scheidler,Sporting Charleroi,Jupiler Pro League,2026/2027,484,Centre Forward,France,03/06/98,28,0.56,0.37,0.39,0.14,2.79,13,40,5,100,0.33,0.19,0.04,0.37,0.19,0.04,0.37,0,0,0,0.56,0.43,3.16,0.13,0,0,0,,1.86,0,1.49,1.12,0,0,0.37,0.49,15.98,7.06,0.02,3.72,62.79,3.16,2.23,0.37,0.37,100,0.45,0.45,1.49,,0,59,4.83,0,14.13,19.34,2.97,1.3,0.37,64.96,11.34,80,0.93,71,0,0,0,20.26,60,0.37,11,50,0.74,0.37,37,55,-5,61.71,1.49,0.65,0.97,12.08,82,3.5,5.76,0.74,0.74,0,0.74,10.04,10.78,0,0,0,0,1.12,20,59,21,13,61,26,13.99,15.01,1,95,1.02,13.96,14.25,0,0,0,0,0,,0,0,,0,0,0,0,0,0,39,12,4.72,23,-0.11,-0.06,-0.01,0.02,,-0.16
Rein Van Helden,Antwerp,Jupiler Pro League,2026/2027,483,Left Centre Back,Belgium,23/07/02,24,0.19,0.19,0.03,0.09,0.37,50,50,0,,0.15,0,0,0.19,0,0,0.19,0,0,0,0.19,0.04,0.56,0.15,0,0,0,,0.19,0,0.19,0,0.93,1.06,2.98,3.02,11.38,7.09,0.09,7.83,24.91,15.11,2.98,1.49,2.42,67,1.56,2.62,1.68,50,0.75,65,2.05,0.19,8.21,9.03,5.04,1.68,1.12,31.44,2.24,27,0.56,33,0,0,0,59.49,85,5.78,11,60,3.36,9.32,7,70,-16,36.35,4.48,0.27,0.27,43.45,100,4.4,4.85,0.19,0.19,0,0,0.56,0.75,0,0,0,,0,22,75,3,42,54,4,23.61,19.03,0.96,98,-4.57,22.75,18.67,0,0,0,0,0,,0,0,,0,0,0,0,0,0,18,7,3.28,19,0.03,0.05,0.02,0.04,,0.14
Adem Zorgane,Union Saint-Gilloise,Jupiler Pro League,2026/2027,482,Left Centre Midfielder,Algeria,05/01/00,27,0.19,0.19,0.18,0.11,1.68,11,33,1,,0.28,0,0.17,2.05,0,0.17,2.05,0,0,0,0.19,0.35,3.73,-0.16,1.49,1.12,0.37,75,0.93,0,1.68,1.49,0.75,0.74,0.56,0.52,14.18,7.84,0,4.66,46.09,11.01,5.97,2.43,3.17,68,2.34,3.08,0.56,40,1.12,20,0.19,0,11.57,10.46,3.73,4.66,2.05,49.01,5.97,52,2.99,64,0.19,0,0,65.49,85,5.6,17,77,1.31,6.53,16,79,-5,54.04,9.14,1.19,1.29,55.23,95,3.6,22.76,2.43,2.05,0.37,1.31,5.97,8.02,0.75,15,0.56,60,1.31,24,67,9,25,68,7,17.82,15.64,0.98,108,-2.18,17.45,16.9,0,0,0,0,0,,0,0,,0,0,0,0,0,0,17,9,9.8,51,0.17,0.18,0.03,-0.05,,0.33
Goduine Koyalipou,Kortrijk,Jupiler Pro League,2026/2027,482,Centre Forward,Central African Republic,14/02/00,27,0,0,0.37,0.11,3.36,0,22,7,,0.18,0,0.06,0.75,0,0.06,0.75,0,0,0,0,0.43,4.11,-0.43,1.49,0.93,0.56,63,0.93,0,2.24,3.36,0.37,0.22,0.75,0.72,24.63,13.06,0,6.72,63.76,6.16,2.8,0.56,0.93,100,0.65,0.87,0.37,100,0,31,2.24,0,23.7,21.78,6.53,3.73,1.68,65.69,18.85,80,3.17,85,0,0,0,21.65,72,1.49,21,89,1.31,1.12,32,70,-2,54.18,1.68,0.29,0.49,21.65,78,6.35,5.97,0.19,0.19,0,0.37,6.34,6.53,0,0,0,0,0.19,10,73,17,13,63,25,15.57,14.3,1.12,115,-1.28,17.38,16.48,0,0,0,0,0,,0,0,,0,0,0,0,0,0,28,5,2.8,22,-0.03,-0.02,0.01,-0.07,,-0.11
Rudy Kohon,Kortrijk,Jupiler Pro League,2026/2027,481,Right Back,France,22/05/04,23,0,0,0.02,0.05,0.37,0,50,0,,0.01,0,0.01,0.37,0,0.01,0.37,0,0,0,0,0.03,0.75,-0.03,1.5,1.31,0.19,88,1.12,0,1.5,0.37,2.06,1.67,3.74,3.06,21.32,10.47,0.01,8.04,26.25,7.86,2.06,2.99,5.05,80,2.27,3.95,1.87,40,0.75,50,1.31,0,16.46,10.79,5.8,2.43,0.56,29.24,2.06,13,1.5,62,0.37,0,0.19,38.9,86,1.68,15,50,3.93,3.18,8,71,-15,42.9,2.99,0.2,0.21,35.16,95,5.06,5.98,0.75,0.75,0,0,0.37,1.12,0,0,0.19,50,0,19,68,13,19,69,13,18.15,16.83,0.96,90,-1.31,17.47,15.23,0,0,0,0,0,,0,0,,0,0,0,0,0,0,23,14,3.85,35,0.04,0.05,0.05,-0.01,,0.14
Thierry Lutonda,RAAL La Louvière,Jupiler Pro League,2026/2027,481,Left Wing Back,Belgium,26/10/00,26,0,0,0.07,0.05,1.31,0,14,2,,0.05,0,0.12,1.31,0,0.08,0.94,0,0.04,0.37,0,0.19,2.62,-0.19,0.75,0.19,0.56,25,0,0,2.06,1.12,1.31,0.63,1.5,0.44,25.26,14.04,0.01,6.55,42.01,7.86,4.3,1.68,2.99,69,0.69,1.32,1.5,43,0.75,14,0.19,0,22.08,8.38,5.05,4.68,1.68,44.59,8.8,40,2.99,64,0,0,0,26.95,60,2.62,77,42,1.87,5.8,15,65,6,56.1,3.93,0.2,0.23,24.89,87,5.58,7.49,1.5,0.94,0.56,0,1.68,2.62,0,25,0.56,25,0,33,57,10,18,65,18,23.1,18.97,0.89,104,-4.13,20.64,19.72,0,0,0,0,0,,0,0,,0,0,0,0,0,0,38,8,3.91,34,0.15,0.08,0.05,-0.04,,0.24
Patrick Pflücke,Sporting Charleroi,Jupiler Pro League,2026/2027,480,Right Wing,Germany,29/11/96,30,0.19,0.19,0.25,0.08,3.19,6,41,4,,0.44,0.37,0.32,3.37,0.19,0.22,2.44,0.19,0.1,0.94,0.56,0.56,6.56,0,0.56,0.37,0.19,67,0.56,0,1.69,0.75,0.19,0.27,0.19,0.19,17.8,8.99,0,6.37,57.54,4.87,2.62,0.56,0.75,50,0.82,1.1,0.19,25,0.56,50,0.56,0,17.05,22.61,5.81,3.56,1.31,58.31,11.8,69,2.44,68,0,0,0,32.6,73,4.68,83,51,0.94,8.43,19,78,5,62.8,4.12,0.44,0.69,29.6,93,4.86,14.24,3.75,2.44,1.31,0.37,4.87,7.31,0,35,1.69,47,0.75,13,72,16,21,66,13,24.57,21.05,0.92,95,-3.52,22.64,19.93,0,0,0,0,0,,0,0,,0,0,0,0,0,0,25,6,11.04,50,0.21,0.07,0.02,0.09,,0.38
Birger Verstraete,OH Leuven,Jupiler Pro League,2026/2027,477,Left Defensive Midfielder,Belgium,15/04/94,33,0,0,0.01,0.03,0.38,0,0,0,,0,0,0.01,0.19,0,0.01,0.19,0,0,0,0,0.02,0.57,-0.02,0,0,0,,1.13,0,0.94,0.75,1.51,1.77,1.89,1.55,16.6,9.05,0.04,7.92,38.26,10.75,6.6,2.64,4.15,78,2.62,4.39,1.13,20,0.75,33,0.57,0,12.83,13.07,5.47,4.15,2.26,40.99,3.96,31,1.51,36,0.38,0,0,43.95,83,3.77,13,67,2.26,5.28,13,84,1,47.19,5.28,0.35,0.36,32.26,95,4.8,7.17,0.75,0.75,0,0,0,0.75,0,0,0,,0,27,65,8,32,66,3,21.58,20.69,0.96,101,-0.88,20.82,20.82,0,0,0,0,0,,0,0,,0,0,0,0,0,0,17,3,3.92,29,0.05,0.04,0.09,-0.02,,0.17
Lasse Flø Borregaard,Westerlo,Jupiler Pro League,2026/2027,471,Right Back,Denmark,14/10/05,21,0,0,0,,0,,,0,,0,0.38,0.1,1.34,0.38,0.1,1.34,0,0,0,0.38,0.1,1.34,0.28,0.96,0.57,0.38,60,0.57,0,1.91,1.91,0.19,0.15,2.68,2.37,18.54,8.6,0,6.31,35.97,7.07,3.06,3.25,3.44,85,3.05,3.2,0.96,75,0.57,67,0.76,0,14.33,13.93,5.54,3.06,1.53,39.34,4.78,33,1.91,63,0.19,0,0,41.08,83,1.72,12,60,2.87,2.68,17,70,-14,56.13,5.16,0.38,0.43,37.26,92,5.38,13.95,1.15,1.15,0,0,0.38,1.53,0,50,0.57,38,0,14,67,19,21,63,16,16.66,14.2,0.98,101,-2.46,16.26,14.35,0,0,0,0,0,,0,0,,0,0,0,0,0,0,20,7,5.75,36,0.13,0.07,0.01,,,0.21
James Willy Ndjeungoue,Kortrijk,Jupiler Pro League,2026/2027,466,Left Centre Back,Cameroon,03/04/03,24,0,0,0.06,0.1,0.58,0,0,0,,0,0,0.02,0.58,0,0.02,0.58,0,0,0,0,0.08,1.16,-0.08,0.58,0.39,0.19,67,0.39,0,1.16,0.97,1.54,0.85,3.09,2.72,17.96,9.46,0.01,6.18,27.43,11.59,2.12,2.9,4.44,68,2.28,3.12,1.54,54,1.35,57,1.54,0,13.52,9.32,3.86,1.35,0,30.1,2.7,20,0.77,57,0.39,0,0,40.16,77,7.14,87,63,4.06,10.43,9,75,-2,40.73,4.63,0.35,0.36,32.25,94,5.17,5.02,0.77,0.58,0.19,0,0.97,1.54,0.19,25,0.39,100,0,38,53,8,42,54,4,25.95,27.26,0.91,71,1.31,23.7,19.34,0,0,0,0,0,,0,0,,0,0,0,0,0,0,28,10,3.55,27,0.14,0.03,0.09,-0.02,,0.24
Lukas Ambros,RSC Anderlecht,Jupiler Pro League,2026/2027,452,Right Defensive Midfielder,Czech Republic,04/06/04,22,0,0,0.17,0.09,1.99,0,30,2,,0.09,0,0.26,2.99,0,0.13,1.59,0,0.13,1.39,0,0.44,4.98,-0.44,2.79,2.39,0.4,86,1.2,0,1.79,2.59,0.2,0.36,0,0,17.53,8.57,0,5.98,51.4,7.37,4.38,0.8,1,57,1.21,1.57,1.2,0,0.6,50,0.2,0,15.74,22.79,4.78,3.59,1.2,52.04,9.56,61,2.39,67,0.2,0,0,48.02,78,4.18,79,62,1,5.78,17,84,5,65.87,8.17,0.92,1.16,48.61,91,5.59,23.91,5.58,3.39,2.19,0.8,5.18,8.57,0,7,0.8,33,1,13,74,13,17,73,11,18.91,17.03,0.95,109,-1.88,17.94,18.51,0,0,0,0,0,,0,0,,0,0,0,0,0,0,20,7,11.62,58,0.24,0.18,-0.02,0.01,,0.42
Roggerio Nyakossi,OH Leuven,Jupiler Pro League,2026/2027,452,Left Centre Back,Switzerland,12/01/04,23,0,0,0.02,0.03,0.6,0,0,0,,0,0,0.01,0.4,0,0.01,0.4,0,0,0,0,0.03,1,-0.03,0.4,0.2,0.2,50,1,0,0.6,0.2,2.19,1.58,3.99,2.72,10.16,5.58,0.1,6.58,24.96,10.96,2.39,1.59,3.79,73,1.4,2.99,0.6,50,0.6,63,1.99,0,7.97,6.88,3.99,1.59,0.8,31.99,1.4,18,0.2,13,0.2,0,0,44.85,91,3.39,13,74,4.19,4.38,13,84,-6,35.64,4.19,0.28,0.3,36.87,98,4.04,4.58,0.2,0.2,0,0,0.8,1,0,0,0,,0,30,65,5,61,39,0,20.83,18.42,0.98,109,-2.41,20.35,20.01,0,0,0,0,0,,0,0,,0,0,0,0,0,0,19,11,2.49,17,0.05,0.02,0.22,-0.02,,0.27
Leonardo Lopes,Gent,Jupiler Pro League,2026/2027,449,Left Defensive Midfielder,Portugal,29/11/98,28,0,0,0,0.02,0.2,0,100,0,,0,0,0.02,0.8,0,0.02,0.8,0,0,0,0,0.03,1,-0.03,0.6,0.2,0.4,33,1.6,0,1.6,2.01,0.8,0.69,2.61,1.8,17.65,9.03,0.07,4.61,36.35,7.22,3.41,1.6,2.41,80,1.61,2.3,1.6,33,0.4,40,0.4,0,14.44,10.67,4.21,3.21,1.4,41.31,5.42,38,1.81,56,0.4,0,0,33.7,85,3.41,12,74,3.41,3.81,17,69,-16,47.03,3.81,0.34,0.38,31.49,90,5.16,6.02,0.2,0.2,0,0.2,0.4,0.6,0,100,0.2,100,0.2,19,67,14,30,63,7,21.75,19.3,0.97,111,-2.45,21.05,21.5,0,0,0,0,0,,0,0,,0,0,0,0,0,0,15,4,4.07,29,-0.02,0.02,0.18,-0.01,,0.18
Juho Talvitie,Lommel,Jupiler Pro League,2026/2027,448,Right Wing,Finland,24/03/05,22,0,0,0.14,0.09,1.61,0,25,3,,0.11,0.2,0.11,0.8,0.2,0.1,0.6,0,0.01,0.2,0.2,0.25,2.41,-0.05,3.01,1.61,1.41,53,2.41,0,4.02,4.82,0.6,0.52,1.61,1.55,19.88,9.84,0,5.22,47.92,6.83,4.22,1.81,2.41,60,1.53,2.05,1.41,14,1.21,44,0.8,0,16.67,13.11,4.42,4.42,1,51.05,8.84,53,3.41,77,0.2,0,0,26.91,77,2.01,88,83,2.01,2.01,33,63,-14,54.28,4.42,0.55,0.58,35.75,79,6.67,7.43,1,0.8,0.2,0.2,4.22,5.02,0.2,0,0,0,0.8,20,64,16,32,54,14,17.11,13.47,1.05,101,-3.64,17.97,13.57,0,0,0,0,0,,0,0,,0,0,0,0,0,0,32,14,4.76,44,0.07,0.17,0,-0.04,,0.19
Gustav Mortensen,Standard Liège,Jupiler Pro League,2026/2027,446,Left Back,Denmark,18/03/04,23,0,0,0.03,0.07,0.4,0,0,0,,0,0,0.06,0.81,0,0.06,0.81,0,0,0,0,0.08,1.21,-0.08,0,0,0,,0.4,0,1.01,0.81,0.61,0.53,1.82,2.05,17.55,8.67,0,4.84,40.74,8.27,2.62,3.43,4.03,89,3.5,4.02,1.01,50,0.4,33,0.4,0.2,13.11,13.55,3.43,3.03,0.61,46.68,6.66,51,2.02,67,0.2,0,0,44.78,70,3.63,75,58,3.03,5.04,17,65,-5,51.07,5.65,0.66,0.66,33.08,95,3.89,9.48,0.81,0.81,0,0,0.81,1.61,0,75,0.81,33,0,32,57,11,23,66,11,19.96,18.69,0.97,109,-1.27,19.32,20.39,0,0,0,0,0,,0,0,,0,0,0,0,0,0,32,9,4.62,26,0.11,0.1,0.03,-0.02,,0.22
Mateo Biondic,Union Saint-Gilloise,Jupiler Pro League,2026/2027,441,Right Centre Forward,Germany,23/07/03,23,0.41,0.41,0.31,0.13,2.45,17,33,4,,0.2,0.82,0.35,1.83,0.82,0.35,1.83,0,0,0,1.22,0.65,4.28,0.57,1.43,0.61,0.82,43,1.63,0,2.04,3.87,0.41,0.39,0,0,26.91,15.29,0,6.12,68.97,6.12,3.87,0.61,1.02,60,0.57,0.96,1.83,33,0.41,47,4.28,0,24.46,21.03,5.71,4.48,1.63,69.89,20.39,83,4.28,95,0,0,0,22.63,75,0.41,7,50,0,0.82,33,68,-7,61.5,2.45,0.53,0.86,21.41,80,4.88,8.36,1.43,1.43,0,0.61,7.54,8.97,0,29,0.61,50,0.61,15,64,21,17,56,27,14.99,12.17,0.97,98,-2.82,14.54,11.97,0,0,0,0,0,,0,0,,0,0,0,0,0,0,34,14,3.77,21,0.02,0.03,0,-0.11,,-0.06
Matties Volckaert,Gent,Jupiler Pro League,2026/2027,441,Right Wing Back,Belgium,11/10/02,24,0,0,0.02,0.02,0.82,0,75,1,,0.02,0.2,0.11,0.82,0.2,0.1,0.61,0,0.01,0.2,0.2,0.13,1.63,0.07,0.2,0.2,0,100,0.41,0,0.41,0.61,0.41,0.43,1.22,1.16,16.32,8.57,0.02,4.28,44.83,3.26,0.82,2.04,2.45,83,1.9,2.33,1.22,0,0.41,62,1.63,0,13.06,12.39,3.47,2.04,0.82,48.37,6.53,50,1.84,90,0,0,0,23.67,65,1.63,17,50,1.63,2.86,19,36,-29,57.51,1.02,0.24,0.31,17.95,97,3.96,4.49,1.22,0.82,0.41,0,1.02,1.84,0,50,0.82,40,0,21,54,25,18,64,18,20.21,15.94,1,116,-4.27,20.21,18.54,0,0,0,0,0,,0,0,,0,0,0,0,0,0,32,8,3.1,27,0.03,0.01,0.01,-0.02,,0.03
Tibe De Vlieger,Gent,Jupiler Pro League,2026/2027,438,Right Defensive Midfielder,Belgium,04/11/05,21,0.21,0,0.03,0.05,0.62,0,0,1,100,0,0.41,0.11,1.44,0.21,0.06,1.03,0.21,0.05,0.41,0.41,0.14,2.05,0.27,0.21,0,0.21,0,2.26,0,0.21,0.62,0.62,0.68,1.85,1.61,23.62,13.76,0.04,5.96,41.39,10.27,4.31,3.29,3.9,76,3.12,3.8,1.85,29,1.03,67,2.05,0,18.89,16.37,4.72,4.93,1.44,44.25,7.6,40,1.85,38,0,0,0,42.92,83,3.7,17,56,2.05,6.37,11,92,9,49.63,3.9,0.34,0.36,36.35,98,4.46,7.39,0.62,0,0.62,0,1.44,1.44,0,0,0,0,0,17,72,10,17,69,14,21.19,17.46,0.94,105,-3.73,19.89,18.28,0,0,0,0,0,,0,0,,0,0,0,0,0,0,18,6,4.91,39,0.05,0.08,0.01,0,,0.13
William Balikwisha,OH Leuven,Jupiler Pro League,2026/2027,437,Right Attacking Midfielder,DR Congo,11/05/99,28,0.21,0.21,0.09,0.06,1.65,13,38,2,,0.03,0,0.07,1.03,0,0.07,1.03,0,0,0,0.21,0.16,2.68,0.04,1.65,1.03,0.62,63,1.23,0,4.12,3.09,0.82,0.78,0.21,0.27,19.14,8.23,0,5.76,55.05,5.97,3.5,2.47,3.29,92,2.4,3.18,1.44,0,0.21,9,0.21,0,15.23,13.79,5.15,2.26,1.03,53.82,8.85,58,1.65,73,0,0,0,30.87,73,1.44,7,44,0.62,2.88,22,65,-8,60.38,3.09,0.32,0.38,38.28,84,6.36,10.5,1.65,1.65,0,0.41,3.09,4.73,0.21,38,1.03,45,0.82,16,61,23,14,59,27,17.12,17.36,0.94,93,0.24,16.14,16.15,0,0,0,0,0,,0,0,,0,0,0,0,0,0,24,4,5.39,37,0,0.12,0.02,-0.03,,0.12
Bernard Nguene,Standard Liège,Jupiler Pro League,2026/2027,437,Right Wing,Cameroon,03/08/06,20,0.21,0.21,0.49,0.15,3.29,6,19,6,,0.07,0.21,0.03,0.62,0.21,0.03,0.62,0,0,0,0.41,0.52,3.91,-0.11,1.03,0.21,0.82,20,1.23,0.21,2.88,3.29,0.21,0.26,0.62,0.45,15.03,7.2,0.03,4.12,61.12,3.7,2.47,0.41,0.62,67,0.44,0.7,0.82,0,0.21,33,2.88,0,13.79,13.7,4.12,1.65,0.82,64.48,10.7,78,1.23,75,0,0,0,17.08,73,0.62,53,75,0.82,0.62,24,75,2,62.9,2.26,0.42,0.78,17.5,73,4.83,6.59,0.21,0.21,0,0.41,7.62,7.82,0,0,0.21,100,0.62,13,61,25,19,59,22,13.82,15.88,1.01,87,2.05,14.02,13.79,0,0,0,0,0,,0,0,,0,0,0,0,0,0,33,10,3.29,18,-0.06,0.16,0.03,-0.32,,-0.19
Shandre Campbell,Kortrijk,Jupiler Pro League,2026/2027,436,Right Wing Back,South Africa,14/07/05,21,0.21,0.21,0.4,0.11,3.51,6,24,5,,0.28,0,0.17,1.45,0,0.17,1.45,0,0,0,0.21,0.57,4.96,-0.36,1.03,0.21,0.83,20,0.41,0,2.69,3.93,0.41,0.52,0.62,0.32,23.76,13.64,0.02,5.99,42.98,7.65,3.72,1.86,2.27,64,1.31,1.83,1.03,43,1.03,20,0.21,0,20.87,14.98,5.17,3.1,0.41,45.65,8.68,42,2.07,67,0,0,0,29.14,76,1.45,86,39,1.65,2.69,21,69,-7,59.76,3.31,0.58,0.88,32.03,85,6.06,9.71,1.65,1.65,0,0.21,3.72,5.37,0.21,13,0.21,20,0.21,20,58,23,34,55,11,19.07,21.26,0.88,80,2.19,16.86,16.92,0,0,0,0,0,,0,0,,0,0,0,0,0,0,26,10,5.1,38,0.08,0.14,-0.04,-0.05,,0.14
Cheick Conde,Beveren,Jupiler Pro League,2026/2027,435,Left Defensive Midfielder,Guinea,25/07/00,26,0,0,0.01,0.03,0.41,0,0,0,,0,0,0.04,1.03,0,0.04,1.03,0,0,0,0,0.06,1.45,-0.06,0.41,0.41,0,100,1.45,0,1.45,0.21,1.65,1.82,2.69,2.34,21.51,12.61,0.03,7.03,38.54,14.27,6.2,2.9,4.55,82,3.36,5.18,1.65,57,0.62,61,2.27,0,16.96,16.87,4.55,4.14,0.83,42.23,5.58,33,1.65,40,0,0,0,41.36,79,2.69,9,52,3.93,3.93,23,74,-5,48.11,3.31,0.3,0.32,30.81,95,3.69,8.69,0.62,0.62,0,0,0.21,0.83,0,0,0,,0,22,69,9,21,76,2,20.63,20.98,0.96,95,0.35,19.72,19.84,0,0,0,0,0,,0,0,,0,0,0,0,0,0,24,8,3.54,25,-0.01,0.06,0.02,-0.02,,0.05
Modibo Fofana,Antwerp,Jupiler Pro League,2026/2027,433,Centre Attacking Midfielder,Côte d'Ivoire,02/11/07,19,0,0,0.07,0.04,1.66,0,13,2,,0.02,0,0.14,2.7,0,0.13,2.5,0,0.01,0.21,0,0.21,4.37,-0.21,2.29,1.46,0.83,64,2.08,0,2.08,3.95,1.25,1.31,0.21,0.14,23.09,9.57,0,7.91,54.2,10.19,5.2,1.87,3.12,75,1.66,2.97,1.87,33,0.62,0,0,0,19.35,19.05,7.28,6.45,2.7,56.63,12.48,65,4.99,77,0,0,0,27.88,81,1.04,25,63,0.62,1.25,16,91,10,59.33,6.03,0.43,0.54,31.83,84,8.77,10.61,1.66,1.25,0.42,0.62,2.08,3.33,0,25,0.42,22,0.62,14,68,18,16,71,14,17.49,18.34,0.98,99,0.85,17.13,18.16,0,0,0,0,0,,0,0,,0,0,0,0,0,0,22,9,4.99,30,0.04,0.14,0,-0.06,,0.12
Mathias Delorge,Gent,Jupiler Pro League,2026/2027,431,Left Defensive Midfielder,Belgium,30/07/04,22,0,0,0.04,0.04,1.04,0,60,1,,0.01,0,0.13,1.67,0,0.07,1.04,0,0.05,0.63,0,0.16,2.71,-0.16,1.04,0.83,0.21,80,0.63,0,1.04,0.42,1.88,1.33,2.5,1.99,16.07,9.18,0.02,6.89,32.53,7.93,4.17,2.92,4.8,93,2.05,3.38,0.42,67,0.21,67,0.42,0.21,12.73,8.17,4.8,2.5,0.83,35.6,2.71,21,0.83,33,0.21,0,0,51.13,88,8.97,71,80,4.59,9.18,19,88,0,48.79,3.55,0.59,0.62,43.62,97,4.03,9.18,2.3,1.04,1.25,0.21,0.63,1.67,0,18,0.63,50,0.21,11,78,11,16,64,20,24.57,23.66,0.98,106,-0.92,24.1,25.06,0,0,0,0,0,,0,0,,0,0,0,0,0,0,16,7,8.64,56,0.08,0.07,0.01,-0.05,,0.1
Elias Filet,RAAL La Louvière,Jupiler Pro League,2026/2027,422,Centre Forward,France,05/03/02,25,0.43,0.43,0.28,0.19,1.49,29,86,2,,0.33,0,0.19,0.85,0,0.19,0.85,0,0,0,0.43,0.47,2.35,-0.04,1.49,0.64,0.85,43,1.92,0,1.71,4.27,0.21,0.08,1.49,0.52,23.9,13.02,0,5.12,60.84,7.04,2.56,0.64,0.85,75,0.12,0.2,0.85,0,0.21,60,8.11,0,22.62,8.46,4.91,3.41,0.21,64.66,17.07,75,2.56,75,0,0,0,22.62,57,0,88,0,1.49,0.21,50,46,-11,54.68,1.28,0.68,0.89,16.01,69,5.27,3.84,0.43,0.43,0,0.21,3.63,4.06,0,0,0,0,0.21,25,64,11,11,72,17,14.06,13.56,0.93,86,-0.49,13.06,11.72,0,0,0,0,0,,0,0,,0,0,0,0,0,0,39,7,4.01,39,0.05,0.04,0.02,0.14,,0.24
Lennart Mertens,Beveren,Jupiler Pro League,2026/2027,420,Centre Forward,Belgium,13/08/92,34,0,0,0.25,0.15,1.71,0,13,4,,0.03,0,0,0,0,0,0,0,0,0,0,0.25,1.71,-0.25,0,0,0,,1.93,0,1.5,1.28,0,0,0.21,0.22,15.42,8.35,0,3.64,71.25,3,1.71,0.21,0.21,100,0.12,0.12,1.5,,0,33,3.21,0,13.71,13.13,3.43,3.43,0.86,72.59,12.63,92,3,88,0,0,0,15.2,68,0.43,23,100,0.43,0.21,36,50,-18,58.87,0.43,0.33,0.47,10.07,81,3.16,4.5,0,0,0,0.21,4.93,4.93,0,,0,0,0.21,8,77,15,5,86,10,12.79,13.75,0.96,92,0.96,12.26,12.61,0,0,0,0,0,,0,0,,0,0,0,0,0,0,33,10,1.99,16,-0.06,-0.06,0.01,-0.15,,-0.25
Davis Opoku,OH Leuven,Jupiler Pro League,2026/2027,418,Left Wing Back,Belgium,28/10/07,19,0.22,0.22,0.07,0.1,0.65,33,33,1,,0.12,0.22,0.08,1.08,0.22,0.08,1.08,0,0,0,0.43,0.14,1.72,0.29,1.72,1.08,0.65,63,1.94,0,1.51,1.08,0.65,0.43,1.51,1.4,20.22,11.61,0.01,7.1,33.12,6.45,2.37,3.44,4.09,70,2.58,3.01,1.29,42,1.51,29,0.43,0,15.49,13.31,4.73,3.23,1.29,37.81,4.95,32,1.72,53,0,0,0,34.84,68,2.15,15,40,2.37,4.52,16,65,-3,52.51,4.73,0.18,0.29,34.2,92,5.43,6.24,1.29,1.08,0.22,0,1.29,2.37,0,33,0.65,27,0.22,21,63,15,10,55,34,20.11,17.96,0.95,87,-2.15,19.11,15.67,0,0,0,0,0,,0,0,,0,0,0,0,0,0,31,7,4.26,36,0.06,0.09,-0.04,0.05,,0.15
Harrison Murray-Campbell,Kortrijk,Jupiler Pro League,2026/2027,415,Left Centre Back,England,03/08/06,20,0,0,0.01,0.03,0.22,0,0,0,,0,0,0.01,0.22,0,0.01,0.22,0,0,0,0,0.01,0.43,-0.01,0.43,0.43,0,100,0.43,0,0,0,1.52,1.64,7.6,6.69,14.97,8.46,0.14,7.81,23.49,13.67,3.69,1.74,3.26,80,1.62,3.25,1.3,50,0.43,60,1.95,0,11.94,12.25,5.21,3.04,1.74,27.79,2.17,18,1.09,36,0.22,0,0,68.36,83,6.29,19,56,8.46,10.42,7,67,-16,39.58,6.08,0.47,0.47,55.99,100,4.78,7.6,0,0,0,0,0.43,0.43,0,,0,,0,32,66,2,37,63,0,24.46,24.84,0.93,102,0.38,22.79,25.25,0,0,0,0,0,,0,0,,0,0,0,0,0,0,15,5,4.45,38,0.04,0.06,0.16,-0.01,,0.25
Dante Vanzeir,Cercle Brugge,Jupiler Pro League,2026/2027,411,Right Attacking Midfielder,Belgium,15/04/98,29,0.22,0.22,0.37,0.14,2.63,8,25,5,,0.41,0.22,0.18,1.53,0.22,0.18,1.53,0,0,0,0.44,0.55,4.16,-0.11,0.22,0,0.22,0,0.44,0,1.53,1.75,0.66,0.83,0.44,0.38,29.1,16.19,0.02,6.35,64.9,6.13,2.63,1.75,2.41,89,0.83,1.66,0.22,0,0.22,43,0.66,0,27.35,18.25,6.35,3.72,1.53,66.42,22.54,82,3.28,88,0,0,0,25.16,64,1.97,12,60,0.66,3.06,22,62,-2,60.31,2.19,0.44,0.73,20.79,86,4.22,6.56,2.19,1.53,0.66,0.88,6.35,7.88,0,40,1.09,45,1.09,15,69,15,17,77,7,18.47,13.47,1,95,-5,18.48,12.75,0,0,0,0,0,,0,0,,0,0,0,0,0,0,30,12,5.49,30,0.01,0.03,0.05,0.14,,0.22
Tobias Hedl,Zulte Waregem,Jupiler Pro League,2026/2027,410,Right Wing,Austria,14/01/03,24,0.44,0.44,0.31,0.16,1.98,22,56,3,,0.31,0.44,0.19,1.1,0.44,0.19,1.1,0,0,0,0.88,0.49,3.08,0.38,2.42,1.98,0.44,82,1.1,0,2.2,2.86,0.44,0.24,0.66,0.24,19.77,9.01,0.02,4.61,58.65,4.17,2.86,1.1,1.54,56,0.66,0.9,0.44,33,0.88,10,0.22,0,18.23,10.75,3.95,3.51,1.1,59.68,12.08,66,3.3,94,0,0,0,22.41,68,1.1,13,45,1.54,1.54,36,59,-9,60.96,1.98,0.18,0.55,26.8,84,4.93,6.15,0.66,0.66,0,0.88,7.03,7.69,0,33,0.88,44,1.1,16,69,16,7,82,11,17.34,17.91,1.03,105,0.57,17.88,18.79,0,0,0,0,0,,0,0,,0,0,0,0,0,0,30,12,2.79,23,0.02,0.11,0.02,0.05,,0.2
Emmanuel Kakou,Cercle Brugge,Jupiler Pro League,2026/2027,409,Right Centre Back,Côte d'Ivoire,29/06/05,21,0,0,0.08,0.06,1.32,0,17,0,,0.07,0,0,0,0,0,0,0,0,0,0,0.08,1.32,-0.08,0.88,0.44,0.44,50,0.88,0,0.22,0.66,0.66,0.49,3.96,4.27,14.09,5.5,0.1,9.24,29.07,13.21,4.4,2.42,3.08,73,2.52,3.01,0.66,50,0.88,50,2.42,0,11,11.56,6.6,1.76,1.1,33.36,2.42,22,0.66,38,0.22,0,0,57,83,2.86,11,59,5.28,3.52,11,58,-25,37.92,1.54,0.55,0.57,47.54,98,4.26,2.42,0.22,0.22,0,0.22,2.86,3.08,0,0,0,,0.22,19,79,3,18,73,9,19.91,20.73,0.99,112,0.82,19.62,23.23,0,0,0,0,0,,0,0,,0,0,0,0,0,0,21,10,2.51,13,-0.01,0.05,0.05,-0.08,,0.01
István Átrok,Zulte Waregem,Jupiler Pro League,2026/2027,406,Left Attacking Midfielder,Hungary,05/12/05,21,0.67,0.67,0.26,0.13,2,33,56,4,,0.37,0,0.13,1.33,0,0.11,0.89,0,0.02,0.44,0.67,0.39,3.33,0.28,0.67,0.22,0.44,33,0.67,0,2.88,0.67,0.22,0.11,0,0,19.08,10.65,0,2.88,59.49,3.99,2,1.11,1.33,63,0.84,0.95,0.44,25,0.67,44,0.89,0,17.53,10.94,2.66,3.99,0.89,61.02,12.2,70,3.11,78,0,0,0,23.96,75,1.55,9,70,0.22,2,23,70,-4,59.67,2.66,0.56,0.81,22.85,84,6.48,7.54,0.89,0.44,0.44,0,4.88,5.32,0.22,0,0,0,0.22,17,58,25,24,50,26,18.01,15.16,1.02,106,-2.84,18.36,16.04,0,0,0,0,0,,0,0,,0,0,0,0,0,0,24,8,5.1,37,0.02,0.03,0.01,0.11,,0.17
Don-Angelo Konadu,Lommel,Jupiler Pro League,2026/2027,404,Centre Forward,Netherlands,02/05/06,21,0.22,0.22,0.36,0.16,2.23,10,30,3,,0.42,0,0.1,1.34,0,0.1,1.34,0,0,0,0.22,0.46,3.56,-0.24,1.56,1.34,0.22,86,2,0,2.45,2.89,0.22,0.26,0.89,0.9,9.35,4.01,0,2,64.01,1.78,0.67,0.22,0.45,50,0.26,0.51,0.67,0,0.22,13,0.22,0,8.46,7.68,2,2.67,0,70.76,7.79,92,2.67,100,0,0,0,13.58,84,2.23,16,91,1.78,1.56,28,74,-10,53.11,3.56,0.3,0.51,18.7,80,6.12,4.9,0.22,0.22,0,0.22,6.01,6.23,0,0,0.22,100,0.45,17,57,26,32,68,0,20.39,17.62,1.01,110,-2.77,20.57,19.39,0,0,0,0,0,,0,0,,0,0,0,0,0,0,26,16,2.14,18,0.01,-0.04,0,0,,-0.04
Jamie Lawrence,OH Leuven,Jupiler Pro League,2026/2027,390,Right Centre Back,Germany,09/11/02,24,0,0,0.05,0.11,0.46,0,0,0,,0,0,0,0,0,0,0,0,0,0,0,0.05,0.46,-0.05,0.46,0.23,0.23,50,0.69,0,0.46,0.46,0.46,0.49,8.54,7.92,13.61,7.84,0.04,5.08,25.63,9.23,4.38,1.85,2.31,89,1.74,2.23,2.31,75,0.23,88,3.46,0,9.46,8.47,3.69,2.54,1.15,34.03,2.54,27,1.62,64,0.23,0,0,55.14,85,5.08,16,55,10.15,7.61,17,81,-4,37.66,4.15,0.25,0.25,45.92,98,5.14,3.69,0.92,0.92,0,0,1.15,2.08,0,25,0.23,100,0,26,71,3,69,31,0,22.41,22.88,0.93,103,0.47,20.8,23.56,0,0,0,0,0,,0,0,,0,0,0,0,0,0,19,8,3.14,28,0.05,0.05,0.01,-0.04,,0.07
Ayumu Yokoyama,KRC Genk,Jupiler Pro League,2026/2027,380,Left Wing,Japan,03/03/03,24,0.24,0.24,0.22,0.1,2.13,11,44,3,,0.09,0.24,0.04,0.71,0.24,0.04,0.71,0,0,0,0.47,0.26,2.84,0.21,1.18,0.47,0.71,40,0.47,0,1.66,1.89,0.24,0.23,0.47,0.47,10.41,6.86,0,3.08,49.68,4.26,2.37,0.47,0.71,50,0.5,0.73,0.24,0,0.47,0,0,0,9.7,10.69,2.6,2.37,0.47,52.77,4.97,51,0.95,40,0,0,0,37.14,71,0.95,14,80,0.71,0.95,14,74,3,61.62,3.79,0.36,0.64,39.98,91,6.6,13.01,0.71,0.71,0,0.71,4.5,5.2,0.24,0,0.24,7,0.71,12,64,24,11,55,35,15.76,16.12,0.98,94,0.36,15.37,15.22,0,0,0,0,0,,0,0,,0,0,0,0,0,0,21,6,5.11,29,0.07,0.09,0.01,-0.08,,0.09
Makaya Diaby,Cercle Brugge,Jupiler Pro League,2026/2027,376,Left Defensive Midfielder,France,16/03/07,20,0,0,0.26,0.14,1.91,0,38,2,,0.38,0,0.06,1.2,0,0.06,1.2,0,0,0,0,0.32,3.11,-0.32,0.72,0.72,0,100,0.96,0,1.2,0.72,1.2,0.89,0.96,0.68,28,12.68,0.07,7.9,40.75,6.7,4.31,3.35,4.55,88,2.4,3.3,3.35,33,0.48,67,1.91,0,21.3,14.86,5.98,4.79,1.2,43.71,8.38,39,1.91,40,0.24,0,0,28.48,84,0.72,34,50,1.2,1.2,25,70,-14,51.49,3.11,0.49,0.54,23.45,93,5.06,7.42,0.24,0.24,0,0.48,3.83,4.07,0,0,0,0,0.48,8,82,10,16,74,10,17.81,17.1,1,96,-0.7,17.77,16.41,0,0,0,0,0,,0,0,,0,0,0,0,0,0,20,10,3.28,16,0,0.04,0.07,0.06,,0.17
Mamadou Diakhon,Club Brugge,Jupiler Pro League,2026/2027,375,Left Wing,Senegal,21/09/05,21,0.24,0.24,0.25,0.07,3.36,7,29,3,,0.14,0.48,0.4,2.64,0.48,0.3,1.68,0,0.1,0.96,0.72,0.64,6,0.08,4.32,3.12,1.2,72,3.84,0.24,3.36,3.84,0.48,0.79,0.24,0.35,11.04,3.6,0,1.44,60.53,5.76,3.84,0.24,0.72,50,0.45,1.24,0.24,0,0.24,20,0.24,0,10.56,16.87,1.44,3.36,0.48,62.67,7.44,70,2.64,79,0,0,0,38.65,79,2.16,10,64,0.72,2.88,21,72,-8,74.98,3.6,0.88,1.2,52.81,88,8.69,22.81,3.84,2.16,1.68,0.96,9.84,12,0,19,1.68,41,1.92,4,68,27,7,60,33,18,16.93,1.04,117,-1.06,18.66,19.83,0,0,0,0,0,,0,0,,0,0,0,0,0,0,22,5,8.95,36,0.15,0.59,0.01,-0.05,,0.7
Nayel Mehssatou,Kortrijk,Jupiler Pro League,2026/2027,370,Left Wing Back,Chile,10/04/02,25,0,0,0.04,0.05,0.73,0,0,1,,0,0,0.05,0.73,0,0.05,0.73,0,0,0,0,0.09,1.46,-0.09,0.73,0.49,0.24,67,1.22,0,1.7,0.73,0.73,0.78,1.7,1.47,11.92,6.32,0.06,3.65,38.79,9.49,3.41,0.97,1.7,50,0.84,1.62,0.73,20,0.97,25,0.24,0,10.22,7.99,2.43,4.14,0.97,42.74,3.41,33,2.43,59,0,0,0,38.43,76,1.7,24,35,2.43,4.14,13,68,-8,52.36,5.35,0.36,0.41,35.27,94,5.52,9.49,0.24,0.24,0,0.73,2.19,2.43,0,100,0.49,29,0.73,26,57,16,31,49,21,18.88,16.27,0.91,101,-2.62,17.11,16.4,0,0,0,0,0,,0,0,,0,0,0,0,0,0,26,10,4.69,33,0.01,0.06,-0.05,-0.05,,-0.04
Mike Eerdhuijzen,Mechelen,Jupiler Pro League,2026/2027,368,Centre Back,Netherlands,12/07/00,26,0,0,0.14,0.12,1.22,0,20,0,,0.03,0,0.06,0.73,0,0.06,0.73,0,0,0,0,0.2,1.96,-0.2,0.24,0.24,0,100,0.24,0,0,0,0.49,0.29,3.92,4.1,10.77,5.14,0.11,5.63,22.89,13.95,2.94,1.96,2.45,89,2.94,3.24,0.73,83,0.24,70,3.92,0,8.08,9.99,3.67,2.45,0.73,31.83,1.47,18,0.49,20,0.24,0,0,64.37,86,8.81,88,71,5.63,10.77,14,58,-27,36.18,5.14,0.58,0.7,47.48,100,4.28,7.1,0.49,0.49,0,0,3.18,3.67,0,50,0.24,50,0.24,18,77,5,21,79,0,25.25,21.3,0.97,98,-3.95,24.54,20.95,0,0,0,0,0,,0,0,,0,0,0,0,0,0,18,7,4.89,33,0.06,0.03,0.04,-0.13,,0
Mihajlo Cvetković,RSC Anderlecht,Jupiler Pro League,2026/2027,365,Right Centre Forward,Serbia,09/01/07,20,0,0,0.27,0.11,2.47,0,30,7,,0.12,0,0.17,1.23,0,0.17,1.23,0,0,0,0,0.44,3.7,-0.44,0.49,0.25,0.25,50,2.47,0,2.22,2.96,0,0,0,0,17.76,7.9,0,4.19,71.32,3.21,2.22,0.25,0.25,50,0.45,0.45,0.49,100,0.25,20,0.74,0,17.02,23.4,3.95,4.69,1.48,71.67,15.05,88,4.19,89,0,0,0,13.32,78,0.49,10,100,0,0.49,29,59,-19,67.88,1.48,0.37,0.65,16.78,75,4.04,7.16,0.25,0.25,0,0.74,8.64,8.88,0,0,0,0,1.23,10,59,31,14,59,28,13.87,11.64,1.11,111,-2.23,15.4,12.97,0,0,0,0,0,,0,0,,0,0,0,0,0,0,22,9,3.92,18,-0.05,-0.03,0.01,-0.09,,-0.16
Franz Tangala,Zulte Waregem,Jupiler Pro League,2026/2027,365,Right Back,Belgium,14/04/05,22,0,0,0.02,0.07,0.25,0,0,0,,0,0,0.01,0.25,0,0.01,0.25,0,0,0,0,0.03,0.49,-0.03,1.23,0.25,0.99,20,0.74,0,1.23,1.73,0.49,0.3,2.22,1.93,19.25,8.14,0.04,10.36,28.61,8.14,4.2,2.71,3.21,65,1.91,2.22,0.74,44,1.48,60,0.74,0,15.79,10.82,7.4,2.22,0.99,30.35,2.71,17,1.23,56,0.25,0,0,29.37,68,2.47,10,42,2.96,5.18,13,52,-16,54.04,5.68,0.14,0.15,25.17,89,4.64,7.4,1.73,0.74,0.99,0,0.49,1.23,0,29,0.49,25,0,37,55,9,40,47,13,21.22,20.42,0.89,110,-0.8,18.96,22.43,0,0,0,0,0,,0,0,,0,0,0,0,0,0,26,7,3.21,22,0.13,0.04,-0.11,-0.01,,0.05
Anas Tajaouart,RAAL La Louvière,Jupiler Pro League,2026/2027,364,Left Centre Midfielder,Morocco,06/09/05,21,0,0,0.05,0.11,0.49,0,50,1,,0.17,0.25,0.11,0.25,0.25,0.11,0.25,0,0,0,0.25,0.16,0.74,0.09,0.25,0.25,0,100,2.23,0,0.74,0.49,0.49,0.2,2.47,1.42,23.51,9.9,0,7.18,44.4,9.9,4.21,1.24,1.73,63,0.89,1.09,1.24,25,0.74,43,0.74,0.25,21.03,14.38,5.94,6.43,2.23,48.25,9.4,45,4.45,69,0,0,0,28.21,86,0.99,18,80,2.72,0.99,15,78,-9,52.84,3.46,0.24,0.44,24.25,96,5.43,9.16,0,0,0,0,0.74,0.74,0.25,,0,0,0,23,61,16,16,76,8,17.69,16.84,0.98,103,-0.84,17.42,17.32,0,0,0,0,0,,0,0,,0,0,0,0,0,0,17,8,3.39,28,-0.03,0.06,0.08,0.13,,0.24
Zakaria El Ouahdi,KRC Genk,Jupiler Pro League,2026/2027,360,Right Back,Morocco,30/12/01,25,0,0,0.31,0.41,0.75,0,0,1,,0,0,0.07,0.5,0,0.07,0.5,0,0,0,0,0.38,1.25,-0.38,1.75,1,0.75,57,1.25,0.25,1,2.5,1.75,2.03,1.75,1.91,10.25,6,0.02,5.25,35.02,8.25,2.25,2.25,4,82,2.59,4.61,0.25,100,0.5,100,0.75,0,8.25,9.14,3.75,1.5,0.75,42.6,3.75,45,1.5,100,0,0,0,30.75,85,2.75,29,55,1.75,5,10,73,-12,48.42,2.25,0.86,0.86,30,89,4.58,7.5,1.25,1.25,0,0.5,2,3.25,0,20,0.5,50,0.75,23,56,21,17,67,17,20.65,17.67,0.92,102,-2.98,18.97,18,0,0,0,0,0,,0,0,,0,0,0,0,0,0,11,6,4.45,27,0.09,0.21,0.03,-0.14,,0.19
Zsombor Gruber,RAAL La Louvière,Jupiler Pro League,2026/2027,358,Right Centre Forward,Hungary,06/09/04,22,0,0,0.25,0.08,3.01,0,0,4,,0,0.25,0.33,1.51,0.25,0.23,0.5,0,0.1,1,0.25,0.58,4.52,-0.33,2.01,1.26,0.75,63,2.01,0,2.01,3.52,0.5,0.17,0,0,20.85,11.81,0.02,5.53,60.25,5.02,3.27,1,1.51,67,0.5,0.67,0.75,33,0.5,33,0.75,0,19.09,8.99,5.28,5.28,1.26,59.62,12.06,63,3.77,71,0,0,0,20.85,56,2.26,77,35,0.75,5.78,18,53,-3,62.77,4.27,0.36,0.74,25.63,83,6.87,6.03,2.76,0.75,2.01,0.25,4.02,4.77,0,18,0.75,25,0.5,20,70,10,13,75,13,24.16,20.9,0.86,100,-3.26,20.84,20.9,0,0,0,0,0,,0,0,,0,0,0,0,0,0,39,6,4.97,37,0.09,0.1,0.01,-0.19,,0
Mame Wade,RAAL La Louvière,Jupiler Pro League,2026/2027,356,Right Centre Midfielder,Senegal,09/10/02,24,0,0,0.1,0.19,0.51,0,50,1,,0.04,0.25,0.05,0.51,0.25,0.05,0.51,0,0,0,0.25,0.15,1.01,0.11,1.01,0.76,0.25,75,0.76,0,2.28,1.77,0.25,0.05,1.01,0.5,30.6,16.19,0,4.8,50.85,5.31,2.53,1.52,1.77,86,0.9,0.95,2.53,0,0.25,33,1.26,0,26.55,12.77,4.8,4.55,0.25,51.08,12.64,48,2.28,50,0.51,0,0,25.04,82,2.78,6,85,1.26,3.03,24,83,1,55.87,3.29,0.41,0.47,24.02,84,6.5,7.33,0.51,0.51,0,0,1.77,2.28,0,50,0.51,50,0.51,12,74,14,7,72,21,19.05,18.31,1.03,108,-0.75,19.6,19.84,0,0,0,0,0,,0,0,,0,0,0,0,0,0,21,8,2.5,24,-0.01,0.06,-0.02,-0.01,,0.02
Jearl Margaritha,Beveren,Jupiler Pro League,2026/2027,355,Left Wing,Curaçao,09/04/00,27,0.51,0.51,0.25,0.08,3.04,17,58,5,,0.21,0.25,0.11,0.76,0.25,0.11,0.76,0,0,0,0.76,0.35,3.8,0.41,4.81,2.28,2.53,47,1.01,0,3.55,5.07,1.27,1.19,1.01,0.75,13.68,4.31,0,3.04,58.4,7.85,5.07,0.51,1.77,100,0.37,1.56,1.77,,0,0,0,0,11.65,11.59,2.79,3.8,1.52,61.82,8.61,74,3.29,87,0.76,0,0,30.39,71,0.76,26,50,1.01,1.52,18,73,1,66.33,3.55,0.31,0.56,39.26,80,7.26,12.92,1.52,1.52,0,0.51,6.84,8.36,0.25,33,0.51,15,1.01,11,66,24,10,59,31,15.79,13.43,0.96,119,-2.36,15.18,16.01,0,0,0,0,0,,0,0,,0,0,0,0,0,0,27,7,5.37,35,-0.11,0.24,0.06,-0.06,,0.13
Cedric Van Meirvenne,Mechelen,Jupiler Pro League,2026/2027,355,Left Wing Back,Belgium,17/04/05,22,0,0,0.05,0.06,0.76,0,0,1,,0,0,0.2,1.78,0,0.2,1.78,0,0,0,0,0.25,2.54,-0.25,1.52,1.27,0.25,83,1.78,0,3.3,1.01,0.25,0.31,0.25,0.14,12.18,4.57,0.02,3.04,41.05,8.63,3.55,1.78,2.03,88,1.57,1.88,0.76,67,0.25,33,0.25,0,9.64,9.08,2.28,2.28,0.76,44.52,3.81,39,1.27,56,0,0,0,34.26,81,2.03,11,62,0.51,3.04,24,79,-1,60.75,5.07,0.46,0.52,37.55,89,7.89,16.24,2.28,2.28,0,0.76,2.28,4.57,0,56,1.78,44,0.76,19,60,20,20,56,23,18.54,16.2,0.98,108,-2.34,18.24,17.49,0,0,0,0,0,,0,0,,0,0,0,0,0,0,22,8,4.95,31,0.22,0.17,0.04,-0.02,,0.4
Chukwubuikem Ikwuemesi,OH Leuven,Jupiler Pro League,2026/2027,352,Centre Forward,Nigeria,04/08/01,25,0,0,0.13,0.06,2.05,0,38,6,,0.24,0.26,0.07,0.77,0.26,0.07,0.77,0,0,0,0.26,0.2,2.81,0.06,2.3,1.02,1.28,44,1.28,0,2.3,4.6,0,0,1.02,1.23,18.66,9.46,0,6.14,72.42,2.81,1.28,0.51,0.51,100,0.29,0.29,0.51,,0,83,1.28,0,17.64,15.62,5.88,3.58,2.05,76.93,16.36,93,3.32,93,0.26,0,0,9.46,68,0.51,18,67,1.02,0.77,32,50,-18,65.61,1.02,0.25,0.38,17.13,69,6.31,4.09,0.26,0.26,0,0.26,5.62,5.88,0,0,0.26,100,1.28,16,55,30,0,75,25,16.83,13.12,1.1,88,-3.71,18.48,11.53,0,0,0,0,0,,0,0,,0,0,0,0,0,0,27,5,2.07,12,-0.01,-0.06,0.05,-0.03,,-0.05
Joedrick Pupe,Sint-Truiden,Jupiler Pro League,2026/2027,349,Left Back,Belgium,03/06/97,29,0,0,0.07,0.06,1.03,0,0,1,,0,0,0.05,0.52,0,0.05,0.52,0,0,0,0,0.12,1.55,-0.12,1.29,0.26,1.03,20,0.52,0,0.52,2.58,1.03,0.96,1.81,1.79,10.59,3.1,0.04,4.39,38.08,10.85,4.13,1.29,2.32,100,1.76,2.72,1.03,100,0,73,2.84,0,8.26,9.62,3.62,0.77,0.26,45.1,3.62,44,0.52,67,0.26,0,0,54.75,80,4.65,82,55,3.87,6.46,22,73,-7,53.06,6.46,0.82,0.86,45.45,94,3.18,18.08,1.29,1.29,0,0.77,4.65,5.94,0,0,0.26,20,1.03,27,62,11,29,59,13,20.87,20.09,0.95,99,-0.78,19.89,19.84,0,0,0,0,0,,0,0,,0,0,0,0,0,0,20,9,7.21,43,0.19,0.05,0,-0.03,,0.21
Ibrahim Salah,Antwerp,Jupiler Pro League,2026/2027,347,Left Midfielder,Morocco,29/08/01,25,0,0,0.08,0.03,2.59,0,20,3,,0.01,0,0.08,1.04,0,0.08,1.04,0,0,0,0,0.16,3.63,-0.16,2.33,1.04,1.3,44,0,0,3.11,4.93,0.52,0.51,0,0,13.48,5.45,0,1.82,49.99,7.26,4.93,1.04,1.56,80,0.98,1.49,1.3,0,0.26,10,0.26,0,11.15,11.09,1.82,1.82,0.78,51.93,6.48,58,1.04,57,0,0,0,30.86,77,2.33,24,53,0.26,4.15,13,88,11,60.83,3.89,0.36,0.42,34.23,80,6.14,11.67,1.82,1.82,0,0.26,3.63,5.45,0,29,1.04,31,0.52,15,70,15,13,76,11,20.52,15.1,0.94,110,-5.41,19.3,16.67,0,0,0,0,0,,0,0,,0,0,0,0,0,0,23,9,8.5,53,-0.01,-0.01,0.01,-0.12,,-0.13
Oliver Antman,RSC Anderlecht,Jupiler Pro League,2026/2027,347,Left Midfielder,Finland,14/08/01,25,0,0,0.05,0.04,1.3,0,40,2,,0.02,0,0.18,2.34,0,0.18,2.34,0,0,0,0,0.23,3.63,-0.23,2.6,1.3,1.3,50,0.78,0,2.34,2.34,0,0,0.78,1.28,17.4,6.49,0,4.41,51.95,4.41,3.38,1.3,1.3,63,1.88,1.88,0.78,25,0.78,25,0.26,0,15.32,21.23,4.15,3.89,1.04,53.04,8.31,54,2.6,67,0.26,0,0,41.02,81,0.78,12,30,1.04,2.34,20,77,-4,68.95,3.38,0.81,0.89,45.44,90,6.15,21.29,3.38,2.86,0.52,1.82,5.45,8.31,0.26,38,1.56,40,1.82,10,71,19,11,67,22,17.24,15.67,0.91,95,-1.57,15.63,14.87,0,0,0,0,0,,0,0,,0,0,0,0,0,0,17,5,8.39,42,0.07,0.17,0.01,-0.03,,0.22
Samed Bazdar,Sint-Truiden,Jupiler Pro League,2026/2027,344,Centre Forward,Bosnia and Herzegovina,30/01/04,23,1.05,1.05,0.67,0.2,3.4,31,38,6,,0.63,0,0.16,1.31,0,0.16,1.31,0,0,0,1.05,0.82,4.71,0.22,0.52,0.26,0.26,50,0.78,0,1.31,2.61,0.26,0.27,0.52,0.63,21.44,8.11,0,3.14,63.94,2.35,2.09,0.78,1.05,60,0.72,0.99,1.57,33,0.52,47,1.83,0,19.09,24.83,2.61,4.71,0.26,66.03,14.64,77,3.66,78,0.26,0,0,15.69,72,0.78,25,75,0.78,0.78,28,53,-19,65.38,1.57,0.64,1.2,14.9,81,4.19,7.32,1.83,1.83,0,0.52,9.67,11.5,0,0,0.26,100,1.57,18,70,11,18,71,11,16.51,12.93,1.06,137,-3.57,17.55,17.71,0,0,0,0,0,,0,0,,0,0,0,0,0,0,38,15,3.29,17,0.01,-0.02,0.04,0.3,,0.33
Christopher Scott,Antwerp,Jupiler Pro League,2026/2027,338,Left Defensive Midfielder,Germany,06/06/02,24,0,0,0.1,0.05,2.13,0,25,2,,0.04,0.27,0.11,1.07,0.27,0.11,1.07,0,0,0,0.27,0.22,3.2,0.05,1.07,0.8,0.27,75,1.33,0,1.86,1.86,0.53,0.54,1.6,1.27,16.25,6.93,0.02,2.66,41.03,9.59,5.59,1.33,1.86,100,1.41,1.95,1.86,100,0,29,0.53,0,13.05,12.43,2.13,2.93,0.8,44.12,5.33,41,2.4,82,0,0,0,31.97,80,1.6,31,60,1.86,2.4,18,83,2,54.27,4,0.33,0.38,27.97,89,5.8,11.19,1.33,1.33,0,0.8,2.93,4.26,0,0,0.27,14,1.07,20,64,16,14,76,10,19.68,18.29,0.97,111,-1.39,19.17,20.24,0,0,0,0,0,,0,0,,0,0,0,0,0,0,19,7,4,27,0.16,0.06,0.01,-0.06,,0.16
Ryotaro Araki,Sint-Truiden,Jupiler Pro League,2026/2027,334,Centre Attacking Midfielder,Japan,28/01/02,25,0.27,0.27,0.16,0.08,1.89,14,29,2,,0.4,0,0.24,2.97,0,0.05,0.54,0,0.19,2.43,0.27,0.39,4.86,-0.12,0.54,0.27,0.27,50,1.62,0,2.43,3.24,0.54,0.87,0.27,0.48,18.62,9.98,0,6.48,50.91,7.02,4.05,0.81,1.35,60,0.51,1.37,1.08,33,0.54,50,0.54,0,16.73,20.6,4.86,4.05,1.08,52.13,8.09,48,2.43,60,0,0,0,39.39,79,3.24,16,57,0.27,5.67,20,76,-3,58.58,4.05,0.68,0.74,36.43,88,3.98,14.57,5.67,2.97,2.7,0,2.97,5.94,0,14,0.81,43,0.27,13,66,20,19,65,17,18.34,10.41,0.97,114,-7.94,17.8,11.88,0,0,0,0,0,,0,0,,0,0,0,0,0,0,24,12,9.2,57,0.32,0.01,0.03,0.03,,0.4
Freddy Mbemba,Sporting Charleroi,Jupiler Pro League,2026/2027,333,Left Wing,France,15/12/02,24,0.81,0.81,0.35,0.13,2.7,30,40,4,,0.59,0,0.12,1.35,0,0.12,1.35,0,0,0,0.81,0.47,4.05,0.34,4.59,3.24,1.35,71,2.7,0,2.16,2.7,0.54,0.68,0.54,0.82,17.83,7.56,0.02,6.48,48.55,7.83,2.7,1.89,2.43,70,2.35,3.04,1.35,25,0.81,29,0.54,0,14.85,19.82,5.67,3.24,1.62,51.29,7.83,53,3.24,100,0,0,0,29.98,79,0.27,6,14,1.35,1.08,27,73,-6,60.37,4.05,0.57,0.83,36.46,89,7.5,12.15,0.81,0.81,0,0.81,7.29,8.1,0,33,0.81,50,1.35,19,58,23,18,58,24,15.79,15.2,0.89,89,-0.59,14.01,13.5,0,0,0,0,0,,0,0,,0,0,0,0,0,0,30,16,5.37,28,-0.01,0.22,0.03,0.32,,0.56
Ken Masui,Kortrijk,Jupiler Pro League,2026/2027,330,Centre Attacking Midfielder,Japan,03/04/01,26,0,0,0.05,0.07,0.82,0,33,2,,0.04,0,0.13,1.64,0,0.13,1.64,0,0,0,0,0.18,2.46,-0.18,1.09,0.27,0.82,25,1.91,0,1.37,2.18,0.27,0.05,0,0,14.75,8.47,0,2.46,44.58,6.83,2.18,1.91,2.18,88,1.37,1.42,0,50,0.27,0,0,0,12.84,8.86,2.46,1.91,0.27,45.75,5.74,45,1.09,57,0,0,0,26.49,81,0.82,16,38,0.27,1.91,18,78,-3,54.48,3,0.26,0.29,27.86,87,7.25,6.83,1.09,1.09,0,0.27,1.91,3,0,25,0.55,100,0.27,23,54,23,24,64,12,17.62,17.2,0.93,109,-0.42,16.42,18.68,0,0,0,0,0,,0,0,,0,0,0,0,0,0,24,9,3.2,26,0.07,0.05,0.03,-0.05,,0.1
Eran Tuypens,Antwerp,Jupiler Pro League,2026/2027,329,Left Back,Belgium,06/12/05,21,0.27,0.27,0.01,0.01,0.82,33,67,1,,0.04,0.27,0.11,2.19,0.27,0.08,1.37,0,0.04,0.82,0.55,0.12,3.01,0.43,1.37,0.55,0.82,40,0.55,0,0.82,2.19,1.64,1.72,3.28,3.55,15.32,6.02,0.04,7.66,36.38,14.77,6.84,0.82,2.46,75,0.81,2.53,0.82,67,0.27,58,1.91,0,13.68,15.99,5.74,3.56,1.64,38.02,4.1,30,1.37,38,0,0,0,51.16,79,3.83,80,56,3.56,6.57,12,74,-5,50.68,6.84,0.24,0.27,41.86,94,4.08,14.23,2.46,1.64,0.82,0,0.55,2.19,0,33,0.82,43,0,35,58,7,29,56,15,20.66,16.58,0.94,92,-4.08,19.33,15.31,0,0,0,0,0,,0,0,,0,0,0,0,0,0,20,8,8.75,48,0.24,0.05,0.07,0,,0.35
Maxime Busi,Antwerp,Jupiler Pro League,2026/2027,329,Right Back,Belgium,13/10/99,27,0,0,0,,0,,,0,,0,0,0.05,0.82,0,0.05,0.82,0,0,0,0,0.05,0.82,-0.05,0,0,0,,0.27,0,1.37,0.27,1.09,0.93,0.82,0.65,18.88,6.84,0.06,7.66,35.89,13.96,4.93,2.19,3.28,57,2.51,3.44,1.37,50,1.64,58,1.92,0,15.6,15.09,5.47,3.83,1.64,38.92,5.47,35,2.74,71,0.55,0,0,44.88,68,3.83,10,47,1.37,7.66,13,65,-2,48.63,4.93,0.27,0.27,32.84,95,4.71,10.13,1.37,0.82,0.55,0,0,0.82,0.27,0,0,0,0,24,69,7,24,65,11,23.35,18.43,0.92,111,-4.92,21.48,20.48,0,0,0,0,0,,0,0,,0,0,0,0,0,0,33,8,4.35,29,0.16,0.06,0.03,,,0.25
Ferre Slegers,Beveren,Jupiler Pro League,2026/2027,327,Left Defensive Midfielder,Belgium,30/11/04,22,0,0,0.08,0.04,1.93,0,14,1,,0.05,0.28,0.25,1.65,0.28,0.25,1.65,0,0,0,0.28,0.33,3.58,-0.06,0.55,0.55,0,100,0.83,0,2.76,1.38,1.65,1.44,0.28,0.28,21.77,10.47,0,5.24,45.01,10.75,5.24,3.31,4.96,71,3.61,5.05,2.48,0,1.38,18,0.55,0,15.98,16.74,4.41,6.06,2.2,47.17,6.06,38,3.31,55,0.28,0,0,44.37,74,2.2,77,53,0.55,3.86,18,70,-4,55.45,4.41,0.42,0.58,39.41,90,4.19,13.5,1.1,1.1,0,0.28,3.03,4.13,0,0,0.28,33,0.28,23,65,12,20,61,18,16.68,13.13,0.99,105,-3.55,16.49,13.76,0,0,0,0,0,,0,0,,0,0,0,0,0,0,21,7,5.46,52,0.13,-0.03,-0.25,-0.05,,-0.2
Antoine Bernier,Sporting Charleroi,Jupiler Pro League,2026/2027,324,Right Wing,Belgium,09/09/97,29,0,0,0.14,0.08,1.67,0,17,3,,0,0,0.15,1.11,0,0.15,1.11,0,0,0,0,0.29,2.78,-0.29,1.11,0.83,0.28,75,1.11,0,3.62,1.67,0.56,0.69,0.28,0.4,15.85,8.62,0,3.89,48.12,5.28,2.22,0,0.56,0,0,0.69,0.28,0,0.56,78,1.95,0,15.57,20.88,3.62,2.22,0.56,49.95,7.51,48,1.67,75,0.28,0,0,32.54,78,0.28,13,17,1.11,0.83,22,65,-13,62.16,4.45,0.52,0.74,32.81,85,7.1,11.68,1.11,1.11,0,0.83,5.28,6.4,0.28,75,1.11,29,0.83,15,71,14,19,71,10,16.79,18.12,0.91,86,1.33,15.24,15.58,0,0,0,0,0,,0,0,,0,0,0,0,0,0,29,8,5.95,26,0.04,0.08,0.04,-0.12,,0.04
Massimo Decoene,Mechelen,Jupiler Pro League,2026/2027,323,Right Centre Back,Belgium,10/02/04,23,0,0,0.02,0.09,0.28,0,0,0,,0,0,0.02,0.28,0,0.02,0.28,0,0,0,0,0.04,0.56,-0.04,0.28,0.28,0,100,0.28,0,0.56,0,0.28,0.16,4.18,3.58,12.26,7.8,0.04,5.02,31.2,9.75,3.62,1.67,1.95,50,1.51,1.67,1.11,14,1.67,58,1.95,0,9.47,7.51,2.51,1.95,0.84,35.74,2.79,29,1.39,71,0.28,0,0,44.02,77,3.06,12,42,5.85,5.57,14,56,-21,41.58,5.29,0.36,0.38,35.11,98,4.57,6.13,0.28,0.28,0,0,1.11,1.39,0,100,0.28,20,0,34,62,3,45,55,0,21.9,22.97,0.91,81,1.07,19.96,18.7,0,0,0,0,0,,0,0,,0,0,0,0,0,0,21,5,3.98,31,0.04,0.04,0.04,-0.01,,0.1
Kaito Matsuzawa,Sint-Truiden,Jupiler Pro League,2026/2027,319,Left Wing,Japan,04/02/01,26,0.28,0.28,0.17,0.08,2.26,13,25,3,,0.07,0.56,0.31,1.13,0.56,0.31,1.13,0,0,0,0.85,0.48,3.39,0.36,1.69,1.13,0.56,67,1.13,0,0.56,2.54,0,0,0.85,1.46,19.76,9.6,0.03,5.65,49.43,5.08,2.82,1.69,1.69,86,2.16,2.16,1.13,67,0.28,75,0.85,0,16.94,23.61,5.08,5.36,1.69,53.2,8.75,52,4.23,79,0,0,0,35.28,77,1.69,8,75,0.85,2.26,19,64,-13,64.22,3.67,0.74,1.08,35,92,6.06,16.94,1.69,1.41,0.28,1.41,7.06,8.47,0,17,1.13,40,1.98,18,59,23,18,52,30,17.48,14.2,1,110,-3.28,17.46,15.66,0,0,0,0,0,,0,0,,0,0,0,0,0,0,31,14,4.91,24,0.09,0.1,0.08,-0.11,,0.15
Marius Courcoul,RAAL La Louvière,Jupiler Pro League,2026/2027,315,Right Defensive Midfielder,France,31/12/06,20,0,0,0.01,0.04,0.29,0,0,0,,0,0.29,0.09,0.86,0.29,0.09,0.86,0,0,0,0.29,0.1,1.14,0.19,0.57,0.29,0.29,50,0.86,0,1.72,1.43,0.57,0.13,1.72,0.89,24.88,12.01,0,5.43,39.62,12.87,7.43,1.72,2.29,86,0.59,0.72,1.72,50,0.29,80,1.14,0,21.44,9.94,4.86,2.86,1.14,41.09,7.43,35,1.72,60,0.29,0,0,28.02,72,1.43,20,36,2,3.72,20,75,3,52.13,4.57,0.18,0.25,19.73,86,5.4,7.43,1.14,1.14,0,0,0.29,1.43,0.29,0,0,,0.29,24,69,7,38,62,0,20.88,16.66,0.88,87,-4.23,18.28,14.5,0,0,0,0,0,,0,0,,0,0,0,0,0,0,38,18,2.77,28,0.09,0.03,0,-0.01,,0.1
Nelson Ishiwatari,Sint-Truiden,Jupiler Pro League,2026/2027,309,Right Defensive Midfielder,Japan,09/05/05,22,0.29,0.29,0.12,0.06,2.04,14,29,2,,0.2,0.29,0.01,0.29,0.29,0.01,0.29,0,0,0,0.58,0.14,2.33,0.45,1.75,0.58,1.17,33,1.17,0,1.17,2.33,1.75,2.38,2.62,2.81,25.66,11.37,0,9.33,42.94,12.83,6.42,3.5,5.25,75,3.94,6.32,2.33,33,1.17,69,2.62,0.29,20.71,23.7,7.29,5.54,2.92,47.75,9.62,46,4.08,74,0.87,0,0,43.16,87,2.04,11,78,3.21,2.04,26,69,-18,49.24,3.21,0.43,0.44,33.25,90,3.94,11.96,0.29,0.29,0,0,2.92,3.21,0,0,0,,0.29,21,64,16,24,66,10,16.04,15.05,0.99,95,-0.99,15.82,14.36,0,0,0,0,0,,0,0,,0,0,0,0,0,0,17,9,3.38,18,0.03,0.06,-0.13,0,,-0.04
Jamie Roche,Kortrijk,Jupiler Pro League,2026/2027,309,Right Defensive Midfielder,Sweden,04/04/01,26,0.29,0.29,0.03,0.05,0.58,50,50,1,,0.03,0,0.04,0.58,0,0.04,0.58,0,0,0,0.29,0.07,1.17,0.22,0,0,0,,0.88,0,0.58,0,0.58,0.55,2.63,2.56,18.96,10.5,0.03,4.08,40.44,9.33,3.5,2.04,2.63,78,1.53,2.09,2.92,0,0.58,33,0.58,0,14,13.19,3.21,3.21,0.58,42.64,6.42,46,1.75,55,0.29,0,0,28.59,87,3.5,80,86,2.92,3.79,8,88,0,45.5,2.04,0.57,0.59,22.17,97,3.9,3.79,0,0,0,0,0.58,0.58,0,,0,0,0,17,70,14,0,100,0,21.78,18.66,1.04,112,-3.12,22.65,20.82,0,0,0,0,0,,0,0,,0,0,0,0,0,0,13,5,4.4,33,0.08,0.05,0.05,-0.03,,0.15
Abdoul Karim Traoré,OH Leuven,Jupiler Pro League,2026/2027,307,Right Defensive Midfielder,Guinea,11/01/07,20,0,0,0.16,0.06,2.64,0,22,4,,0.04,0.29,0.17,1.46,0.29,0.17,1.46,0,0,0,0.29,0.33,4.1,-0.04,0.29,0.29,0,100,0.88,0,1.46,2.05,0.88,1.08,0.88,1.01,14.64,7.03,0,5.56,50.76,7.32,3.51,0.59,1.46,50,0.51,1.59,0.59,0,0.59,42,1.46,0.29,13.76,11.08,4.68,2.64,1.76,53.47,7.32,53,1.17,44,0.29,0,0.29,30.16,72,2.64,9,64,1.17,3.81,25,66,-7,54.11,3.22,0.36,0.56,30.45,90,5.26,9.37,2.05,2.05,0,0.29,6.15,8.2,0,29,0.88,75,1.17,17,66,16,19,63,19,18.41,13.98,1.02,115,-4.43,18.77,16.08,0,0,0,0,0,,0,0,,0,0,0,0,0,0,32,10,4.6,29,0.04,0.14,0.02,-0.13,,0.07
Enric Llansana,RSC Anderlecht,Jupiler Pro League,2026/2027,302,Right Defensive Midfielder,Netherlands,11/04/01,26,0,0,0.05,0.06,0.89,0,33,0,,0.04,0,0.1,1.19,0,0.09,0.89,0,0.01,0.3,0,0.15,2.09,-0.15,0.6,0.6,0,100,1.19,0,1.19,0.89,0.6,0.87,1.79,2.22,21.77,12.53,0.03,6.26,47.51,11.63,6.86,2.68,3.28,60,3.48,4.35,3.28,33,1.79,60,1.79,0,15.81,20.04,3.58,5.67,1.19,51.17,7.75,49,4.18,74,0.3,0,0,53.98,83,1.49,22,50,2.68,2.09,20,68,-15,55.7,7.16,0.58,0.67,46.53,96,5.1,15.51,1.49,1.49,0,1.19,4.47,5.96,0,0,0,0,1.79,15,73,12,15,81,4,15.54,14.99,1.01,105,-0.55,15.64,15.67,0,0,0,0,0,,0,0,,0,0,0,0,0,0,20,12,7.19,45,-0.02,0.12,0,-0.02,,0.09
Christiaan Ravych,Cercle Brugge,Jupiler Pro League,2026/2027,296,Centre Back,Belgium,29/07/02,24,0.3,0.3,0.07,0.06,1.21,25,25,0,,0.23,0,0,0,0,0,0,0,0,0,0.3,0.07,1.21,0.23,0,0,0,,0.3,0,0,0.61,0.61,0.75,5.77,2.51,12.14,6.07,0.08,5.16,24.27,9.11,2.13,1.52,2.13,83,1.23,1.98,0.91,50,0.3,56,2.73,0,9.71,6.87,2.73,0.91,0.3,29.13,1.52,16,0,0,0,0,0,41.59,84,3.64,22,71,6.07,4.86,11,81,-3,38.15,2.13,0.6,0.62,33.39,99,4.15,2.13,0,0,0,0.3,3.34,3.34,0,,0,0,0.3,20,76,4,29,57,14,22.51,17.44,0.98,101,-5.07,22.09,17.63,0,0,0,0,0,,0,0,,0,0,0,0,0,0,14,5,3.67,19,0.01,0.04,0.38,-0.02,,0.41
Malcolm Lohunanu-Mbasi,Mechelen,Jupiler Pro League,2026/2027,295,Right Centre Forward,Belgium,10/05/08,19,0,0,0.28,0.18,1.52,0,20,6,,0.3,0.3,0.07,0.3,0.3,0.07,0.3,0,0,0,0.3,0.35,1.83,-0.04,0,0,0,,3.35,0,3.05,4.27,0.3,0.35,0.3,0.51,13.72,4.57,0,2.44,63.36,2.13,1.22,0.3,0.61,50,0.51,0.85,1.83,0,0.3,17,0.61,0,11.59,11.38,2.13,1.52,0.91,65.5,8.84,76,0.91,60,0,0,0,9.15,74,0,19,0,0.3,0.3,45,64,-10,63.13,0.91,0.11,0.36,15.55,67,6.76,3.35,0,0,0,0.61,5.18,5.18,0,,0.3,100,0.61,13,68,19,9,73,18,12.05,10.16,0.98,110,-1.89,11.77,11.21,0,0,0,0,0,,0,0,,0,0,0,0,0,0,52,26,2.32,17,-0.05,-0.01,-0.08,0.04,,-0.1
Michel-Ange Balikwisha,Gent,Jupiler Pro League,2026/2027,294,Right Attacking Midfielder,DR Congo,09/05/01,26,0,0,0,,0,,,0,,0,0,0.03,1.22,0,0.03,1.22,0,0,0,0,0.03,1.22,-0.03,0.61,0,0.61,0,1.53,0,1.22,1.84,1.22,1.22,1.22,0.92,28.48,12.86,0,7.04,47.26,6.12,2.76,3.98,5.21,87,2.9,4.13,0.92,33,0.61,22,0.61,0,23.58,17.65,6.12,6.12,2.45,49.78,11.02,47,3.37,55,0,0,0,28.78,83,0.92,18,50,1.53,1.53,21,80,-3,59.27,3.98,0.34,0.36,27.25,90,4.88,11.64,1.84,1.84,0,0.31,1.53,3.37,0,0,0.31,20,0.31,21,61,18,32,50,18,16.77,17.46,0.95,89,0.69,15.93,15.47,0,0,0,0,0,,0,0,,0,0,0,0,0,0,20,11,3.83,30,-0.04,0.08,0.06,,,0.1
Kevin Johan Amaro Viega,KRC Genk,Jupiler Pro League,2026/2027,292,Right Back,Uruguay,02/03/04,23,0,0,0.02,0.02,0.93,0,33,1,,0,0,0.13,1.54,0,0.13,1.54,0,0,0,0,0.15,2.47,-0.15,1.54,1.23,0.31,80,0,0,1.54,0.62,0.93,0.82,4.32,3.88,20.97,12.03,0.04,8.94,28.59,9.25,3.7,4.01,4.93,81,3.22,4.04,0.31,57,0.93,25,0.31,0,16.65,14.85,6.78,2.47,0.93,30.38,3.08,19,1.85,75,0,0,0,42.86,86,2.47,6,73,4.32,3.39,10,81,-5,50.74,2.16,0.48,0.56,38.23,94,4.16,11.72,1.54,1.54,0,0,0,1.54,0,60,0.93,43,0,25,61,15,18,61,21,18.91,22.01,0.95,95,3.1,18.01,20.84,0,0,0,0,0,,0,0,,0,0,0,0,0,0,16,6,4.63,31,0.11,0.05,0.2,-0.03,,0.33
Jellert Van Landschoot,Kortrijk,Jupiler Pro League,2026/2027,291,Left Midfielder,Belgium,26/08/97,29,0,0,0.3,0.12,2.48,0,25,4,,0,0,0.19,1.24,0,0.19,1.24,0,0,0,0,0.49,3.71,-0.49,0,0,0,,0.62,0,0.31,0,0.31,0.22,0.31,0.21,17.34,9.91,0.02,2.79,53.17,6.19,3.1,1.24,1.55,100,1.03,1.25,0.31,100,0,25,0.62,0,15.79,11.12,2.48,2.48,0.62,56.7,9.91,63,1.55,63,0,0,0,30.96,71,0.62,84,17,0.62,3.41,10,64,-7,60.43,3.71,0.53,0.72,24.46,99,4.57,11.14,0.62,0.62,0,0.62,3.71,4.33,0,0,0.31,9,0.62,24,55,21,36,36,28,19.4,18.18,0.81,59,-1.22,15.64,10.65,0,0,0,0,0,,0,0,,0,0,0,0,0,0,32,10,4.74,38,0.04,0.04,0.03,-0.2,,-0.08
Álvaro Cortés,Antwerp,Jupiler Pro League,2026/2027,288,Left Centre Back,Spain,16/03/05,22,0,0,0.1,0.06,1.56,0,0,1,,0,0,0,0,0,0,0,0,0,0,0,0.1,1.56,-0.1,0,0,0,,0.31,0,0.63,0,1.25,0.94,9.38,7.2,8.75,4.06,0.05,5.63,14.44,10,1.88,1.56,2.81,83,1.16,2.1,1.88,0,0.31,73,3.44,0.31,5.31,4.17,1.88,0.31,0,18.24,0,0,0,0,0,0,0,55.95,80,4.06,80,39,10,9.69,9,59,-21,32.58,1.56,0.5,0.63,46.89,99,4.61,1.56,0,0,0,0,2.5,2.5,0,,0,,0,33,65,2,40,60,0,23.58,17.98,0.86,86,-5.6,20.26,15.51,0,0,0,0,0,,0,0,,0,0,0,0,0,0,24,7,2.06,16,0.01,0.04,0.19,-0.12,,0.11
Arthur Vermeeren,Antwerp,Jupiler Pro League,2026/2027,288,Left Defensive Midfielder,Belgium,06/02/05,22,0,0,0.02,0.05,0.31,0,100,0,,0.04,0,0.08,1.25,0,0.03,0.63,0,0.05,0.63,0,0.09,1.56,-0.09,0.94,0.31,0.63,33,0,0,0.94,1.25,1.25,1.13,1.56,1.18,23.76,10.31,0.03,6.56,38.3,8.44,4.06,2.5,3.75,73,2.04,3.17,1.88,57,0.94,14,0.31,0,19.38,15.27,5,4.06,1.56,41.15,6.88,35,1.88,46,0.63,0,0,35.63,84,2.5,12,73,2.19,2.81,19,65,-18,51,4.06,0.52,0.56,30.01,93,5.2,8.13,0.94,0.31,0.63,0,0.31,0.63,0,33,0.31,100,0,19,70,11,19,73,8,20.15,19.81,0.97,81,-0.34,19.62,16.09,0,0,0,0,0,,0,0,,0,0,0,0,0,0,18,7,5.31,40,0.1,0.07,0.11,-0.01,,0.27
Jan Virgili,Club Brugge,Jupiler Pro League,2026/2027,285,Left Wing,Spain,25/07/06,20,0.32,0.32,0.36,0.13,2.85,11,33,3,,0.03,0,0.21,0.95,0,0.21,0.95,0,0,0,0.32,0.57,3.79,-0.25,5.69,2.85,2.85,50,1.26,0,3.48,4.74,0.32,0.46,0.63,0.91,12.65,6.64,0,6.32,46.06,4.11,0.95,0.95,1.26,38,1.34,1.79,0,17,1.58,0,0,0,11.7,17.14,5.69,4.11,1.58,50.39,5.69,49,3.79,92,0,0,0,28.77,70,0.63,2,33,0.95,1.58,12,64,-6,61.69,3.16,0.64,0.91,36.99,79,8.08,10.75,1.9,1.9,0,0.32,6.32,8.22,0,17,0.63,25,0.63,18,64,17,24,62,15,17.05,15.65,0.96,116,-1.4,16.41,18.14,0,0,0,0,0,,0,0,,0,0,0,0,0,0,25,7,5.82,34,0.04,0.1,0.03,-0.19,,-0.02
Salieu Drammeh,Standard Liège,Jupiler Pro League,2026/2027,275,Right Wing,Gambia,27/03/03,24,0.65,0.65,0.23,0.12,1.96,33,50,3,,0.47,0,0.05,0.65,0,0.05,0.65,0,0,0,0.65,0.28,2.62,0.38,0.65,0.65,0,100,1.63,0,5.23,1.63,0,0,0.98,1.11,21.9,11.11,0,8.17,49.59,3.6,2.29,2.62,2.62,100,2.63,2.63,0.65,100,0,0,0,0,18.63,19.07,6.21,6.54,2.62,54.5,11.11,60,6.21,95,0,0,0,21.25,78,0.65,16,67,0.98,0.98,25,69,-10,63.12,1.96,0.51,0.62,27.78,79,5.39,8.83,2.29,2.29,0,0,3.92,6.21,0.33,14,0.33,33,0.33,25,62,14,41,56,4,14.48,8.98,1,94,-5.49,14.45,8.43,0,0,0,0,0,,0,0,,0,0,0,0,0,0,32,15,8.2,43,0.05,0.09,0.01,0.14,,0.28
Relebohile Mofokeng,Union Saint-Gilloise,Jupiler Pro League,2026/2027,271,Left Centre Forward,South Africa,22/10/04,22,1,1,0.63,0.21,2.99,33,67,4,,1.18,0.33,0.29,2.33,0.33,0.29,2.33,0,0,0,1.33,0.92,5.32,0.41,1,0.67,0.33,67,0.33,0,0.67,1,0.33,0.32,1.33,1.74,29.61,14.31,0,7.98,64.26,7.32,5.32,2,2.33,86,2.22,2.54,0,75,0.33,38,1,0,27.61,27.82,6.65,5.99,1.66,67.23,21.29,77,5.66,94,0,0,0,42.25,78,1.66,17,56,2,2.33,14,67,-11,62.37,3.66,1.24,1.58,33.27,95,4.69,18.63,2,2,0,0.33,8.65,10.65,0,17,0.67,40,1,13,69,18,11,66,23,14.41,12.72,1,121,-1.69,14.42,15.41,0,0,0,0,0,,0,0,,0,0,0,0,0,0,22,10,7.45,38,0.05,0.09,0,0.49,,0.62
Axel Drouhin,Kortrijk,Jupiler Pro League,2026/2027,270,Right Centre Back,France,17/03/00,27,0,0,0.08,0.25,0.33,0,0,0,,0,0,0,0,0,0,0,0,0,0,0,0.08,0.33,-0.08,0,0,0,,0,0,0,0,0.67,0.63,6.66,5.95,6.66,3,0.03,3.33,21.24,10.99,2.66,1.66,2.33,83,1.62,2.25,0.33,50,0.33,70,2.33,0,4.66,4.42,1.33,0.33,0,25.48,0.67,14,0,0,0,0,0,54.94,80,3,17,39,7.99,6.33,8,43,-37,43.02,4.66,0.45,0.53,43.95,100,5.14,6.33,0.67,0.67,0,0,0.67,1.33,0.33,0,0,0,0,28,68,4,58,37,5,23.47,30.03,0.87,68,6.55,20.39,20.28,0,0,0,0,0,,0,0,,0,0,0,0,0,0,18,2,3.9,29,0.04,0.05,-0.06,-0.02,,0.02
Raul Florucz,Union Saint-Gilloise,Jupiler Pro League,2026/2027,270,Right Centre Forward,Austria,09/06/01,25,1.33,1.33,0.48,0.12,4,33,50,7,,1.16,0,0.07,1.33,0,0.07,1.33,0,0,0,1.33,0.55,5.34,0.79,2.67,1.33,1.33,50,1.67,0,3,3,0,0,0,0,25.7,12.35,0.03,5.34,62.86,8.01,5.34,0.33,0.33,33,0.18,0.18,2.34,0,0.67,0,0,0,23.03,19.3,4.67,4,1,63.08,16.69,72,3.67,92,0.33,0,0,22.03,74,0.33,72,100,0,0.33,12,75,1,62.42,2.67,0.48,0.91,28.37,80,7.81,8.68,1,1,0,1.67,9.34,10.35,0.33,0,1,100,1.67,16,72,12,12,77,12,13.83,7.03,1,113,-6.8,13.87,7.98,0,0,0,0,0,,0,0,,0,0,0,0,0,0,26,13,4.71,29,0.09,0.23,0,0.54,,0.85
Luca Schelfhout,Antwerp,Jupiler Pro League,2026/2027,262,Left Back,Belgium,16/09/07,19,0,0,0.03,0.03,1.03,0,33,1,,0.09,0,0.03,0.34,0,0.03,0.34,0,0,0,0,0.06,1.37,-0.06,0.69,0.34,0.34,50,0.69,0,1.72,1.72,0.69,0.64,4.12,4.67,20.28,11.34,0.05,6.19,29.48,13.06,4.81,4.47,5.16,81,4.76,5.4,1.72,50,1.03,78,2.41,0,14.09,15.08,3.09,2.75,1.03,33.24,3.44,24,2.06,75,0.69,0,0,34.71,76,2.41,25,41,4.47,5.5,9,55,-21,49.84,4.12,0.23,0.26,31.96,89,5.05,7.56,0.69,0.69,0,0.34,0.34,1.03,0,50,0.69,50,0.34,30,63,8,27,64,9,22.2,16.93,0.9,117,-5.27,20.08,19.86,0,0,0,0,0,,0,0,,0,0,0,0,0,0,18,8,3.02,18,0.11,0.05,0.1,-0.01,,0.25
Lucas Mbamba,Westerlo,Jupiler Pro League,2026/2027,258,Right Back,Belgium,11/08/06,20,0,0,0.04,0.05,0.7,0,0,1,,0,0,0.02,0.35,0,0.02,0.35,0,0,0,0,0.05,1.05,-0.05,1.05,0.7,0.35,67,0.7,0,2.79,0.7,1.05,1.28,2.79,2.84,11.86,4.18,0.02,6.28,32.1,8.72,1.74,0.7,1.74,50,0.77,2.05,0.35,0,0.7,57,1.39,0,10.81,12.37,4.18,3.14,0.35,40.52,4.18,39,2.09,67,0,0,0,37.66,84,1.39,25,50,3.49,2.09,14,61,-23,50.42,2.79,0.38,0.42,35.92,90,4.46,8.72,0.7,0.7,0,0,1.05,1.74,0,0,0,0,0,24,58,18,36,36,28,17.28,17.79,0.92,81,0.52,15.94,14.5,0,0,0,0,0,,0,0,,0,0,0,0,0,0,14,7,2.86,18,0.04,0.06,0.21,-0.03,,0.28
Boris Lambert,Kortrijk,Jupiler Pro League,2026/2027,256,Left Defensive Midfielder,Belgium,09/04/00,27,0,0,0.02,0.07,0.35,0,0,1,,0,0,0.02,0.35,0,0.02,0.35,0,0,0,0,0.04,0.7,-0.04,0.7,0.35,0.35,50,0.35,0,0.35,0.7,1.05,0.46,2.81,2.38,21.8,12.66,0.02,8.09,38.48,8.09,3.16,1.41,2.46,80,1.08,1.54,2.11,75,0.35,29,0.7,0,18.28,8.87,5.63,2.46,1.41,41.58,5.27,29,1.41,57,0,0,0,24.61,73,1.05,14,33,2.81,3.16,19,64,-8,45.08,2.81,0.28,0.3,16.53,94,5.16,3.87,0.35,0.35,0,0,0.35,0.7,0,0,0,0,0,33,60,7,27,73,0,19.58,15.63,0.94,120,-3.94,18.36,18.81,0,0,0,0,0,,0,0,,0,0,0,0,0,0,36,14,4.15,32,0.06,0.04,0.03,0,,0.12
Rob Schoofs,Union Saint-Gilloise,Jupiler Pro League,2026/2027,254,Right Defensive Midfielder,Belgium,22/03/94,33,0,0,0.11,0.1,1.06,0,0,1,,0,0.71,0.23,2.48,0.71,0.21,2.12,0,0.03,0.35,0.71,0.34,3.54,0.37,0.35,0.35,0,100,0.71,0,0.35,1.42,1.06,0.9,1.42,1.36,16.63,9.91,0,7.08,49.47,10.97,4.96,2.12,3.19,86,2.33,3.23,0.71,67,0.35,60,1.06,0,13.8,14.39,5.66,4.6,2.83,54.07,8.49,62,3.19,69,0,0,0,53.44,81,8.49,83,65,3.19,11.33,13,95,15,52.25,6.02,0.72,0.9,43.89,97,3.25,15.22,2.48,1.42,1.06,1.77,5.66,7.08,0.71,14,0.35,50,2.48,20,67,13,21,70,9,21.55,19.79,0.91,104,-1.76,19.62,20.62,0,0,0,0,0,,0,0,,0,0,0,0,0,0,14,5,8.95,46,0.13,0.07,0.02,-0.11,,0.11
Tawfik Bentayeb,RSC Anderlecht,Jupiler Pro League,2026/2027,252,Right Centre Forward,Morocco,13/01/02,25,0.72,0.72,0.46,0.22,2.15,33,50,4,,0.51,0.36,0.31,1.79,0.36,0.31,1.79,0,0,0,1.07,0.77,3.94,0.3,0.72,0.36,0.36,50,1.07,0,1.79,3.58,0.72,0.94,1.07,1.6,22.18,11.45,0.03,9.3,61.38,3.94,1.79,1.43,2.15,67,1.94,2.88,1.07,0,0.72,33,1.07,0,19.68,26.85,8.23,3.58,1.43,66.66,15.74,80,2.86,80,0,0,0,21.11,80,2.86,76,89,1.43,2.86,25,87,7,59.35,3.22,0.62,1.06,20.75,81,3.87,7.16,0.36,0.36,0,0.36,6.44,6.8,0,0,0.36,100,1.07,12,71,17,15,70,15,19.67,16.22,1.02,103,-3.45,20.03,16.63,0,0,0,0,0,,0,0,,0,0,0,0,0,0,29,7,3.9,28,0.02,-0.11,0.03,0.12,,0.06
Bouke Boersma,Mechelen,Jupiler Pro League,2026/2027,250,Centre Forward,Netherlands,22/06/05,21,0,0,0.18,0.07,2.52,0,29,9,,0.15,0,0.04,0.72,0,0.04,0.72,0,0,0,0,0.22,3.24,-0.22,0.72,0.36,0.36,50,2.52,0,1.44,1.08,0,0,0,0,12.22,6.11,0,5.39,65.38,2.88,1.8,0.36,0.36,100,0.44,0.44,1.8,,0,39,3.24,0,10.43,8.89,4.67,1.44,0.36,68.36,8.27,79,1.44,100,0,0,0,11.15,61,0,7,0,0.36,0.36,48,47,-15,61.24,0.72,0.08,0.27,10.79,80,3.1,3.24,0.36,0.36,0,0,4.31,4.67,0,0,0,0,0.36,26,68,6,22,67,11,15.96,15.72,0.91,80,-0.24,14.59,12.6,0,0,0,0,0,,0,0,,0,0,0,0,0,0,52,10,2.16,16,-0.02,0.01,-0.05,-0.2,,-0.25
Elohim Kaboré,Beveren,Jupiler Pro League,2026/2027,249,Centre Forward,Côte d'Ivoire,19/12/06,20,0.36,0.36,0.57,0.23,2.53,14,57,5,,0.96,0,0.02,0.36,0,0.02,0.36,0,0,0,0.36,0.6,2.89,-0.24,1.09,0.72,0.36,67,2.89,0,1.45,1.81,0.36,0.2,0.36,0.33,23.87,9.77,0,7.23,59.11,5.79,3.62,1.45,1.81,80,1.25,1.45,0.36,0,0.36,14,0.72,0,22.07,24.24,6.51,4.7,1.45,60.11,16.28,74,4.34,92,0,0,0,22.07,81,0.36,5,50,0.36,0.72,26,75,-6,66.58,1.45,0.25,0.69,19.9,89,7.37,10.49,0,0,0,0,7.23,7.23,0,,0,,1.45,5,66,29,3,66,31,13.35,13.63,1.02,114,0.28,13.67,15.47,0,0,0,0,0,,0,0,,0,0,0,0,0,0,24,10,4.77,29,-0.02,0.01,0.02,0.46,,0.47
Shogo Taniguchi,Sint-Truiden,Jupiler Pro League,2026/2027,245,Right Centre Back,Japan,14/07/91,35,0,0,0.09,0.09,1.1,0,33,0,,0.06,0,0.02,0.37,0,0.02,0.37,0,0,0,0,0.11,1.47,-0.11,0,0,0,,0.37,0,0,0.37,0.73,0.62,4.4,4.35,6.97,2.57,0,4.4,24.23,10.27,2.57,0,0.73,0,0,0.62,1.47,0,0.37,70,2.57,0,5.5,5,2.2,0.37,0,33.91,1.1,20,0.37,100,0,0,0,46.96,85,5.87,22,76,5.5,6.6,17,64,-22,37.99,4.04,0.4,0.42,34.85,100,5.03,5.5,0.37,0.37,0,0,2.57,2.93,0,0,0,,0.37,27,70,3,13,80,7,23.42,21.08,1.01,108,-2.33,23.57,22.8,0,0,0,0,0,,0,0,,0,0,0,0,0,0,18,8,2.9,13,0.03,0.03,0.01,-0.06,,0.01
Benito Raman,Mechelen,Jupiler Pro League,2026/2027,244,Right Attacking Midfielder,Belgium,06/11/94,32,0,0,0.08,0.06,1.47,0,25,5,,0.01,0,0.26,0.37,0,0.26,0.37,0,0,0,0,0.34,1.84,-0.34,0,0,0,,0,0,1.47,1.84,0.37,0.21,0.74,0.73,15.47,7,0,4.05,68.55,5.89,4.05,0.37,0.74,25,0.21,0.42,0.74,0,1.1,17,0.37,0,14.36,10.39,3.68,2.95,1.47,71.01,12.15,85,2.58,88,0,0,0,16.94,57,0.37,20,20,0.74,1.84,18,33,-24,60.4,1.1,0.5,0.55,13.63,86,5.36,4.42,1.1,1.1,0,0.37,5.16,6.26,0.37,33,0.37,20,1.1,18,65,16,17,58,25,15.7,10.36,0.92,129,-5.34,14.46,13.34,0,0,0,0,0,,0,0,,0,0,0,0,0,0,45,8,6.3,40,0.16,0.09,0.03,-0.11,,0.17
Nikki Havenaar,Union Saint-Gilloise,Jupiler Pro League,2026/2027,244,Left Centre Back,Japan,15/02/95,32,0,0,0,,0,,,0,,0,0,0.01,0.37,0,0.01,0.37,0,0,0,0,0.01,0.37,-0.01,0,0,0,,0.74,0,0,0.37,1.11,0.96,3.32,4.97,15.51,7.75,0.04,3.32,34.84,12.92,2.22,0.74,1.85,50,0.76,1.71,2.22,0,0.74,79,5.54,0,12.55,16.49,2.95,1.85,0,37.24,2.95,24,1.11,60,0,0,0,47.62,85,1.85,6,50,4.43,2.58,15,68,-17,35.74,2.58,0.6,0.6,33.23,99,2.71,3.32,0,0,0,0,1.48,1.48,0,,0,0,0,31,64,5,78,22,0,20.35,20.4,0.97,102,0.05,19.83,20.85,0,0,0,0,0,,0,0,,0,0,0,0,0,0,15,1,6.05,31,0.07,0,0.01,,,0.08
Djibril Lamego,RAAL La Louvière,Jupiler Pro League,2026/2027,233,Left Centre Back,France,24/02/03,24,0,0,0,0.01,0.39,0,0,1,,0,0,0,0,0,0,0,0,0,0,0,0,0.39,0,0,0,0,,0.77,0,0,0,0.39,0.15,4.24,1.47,14.65,7.71,0.02,6.17,24.63,13.11,6.55,2.31,2.7,100,0.85,1,0.39,100,0,29,0.77,0.39,11.95,4.18,4.63,3.08,1.93,26.91,1.54,13,1.16,38,0.39,0,0,39.71,74,2.7,92,41,6.55,4.24,19,50,-24,41.98,3.47,0.26,0.26,29.3,100,4.8,6.55,0.39,0.39,0,0.39,1.54,1.93,0,0,0,,0.39,36,61,4,29,71,0,24.18,26.84,0.92,72,2.66,22.15,19.24,0,0,0,0,0,,0,0,,0,0,0,0,0,0,22,6,2.12,17,0.05,0.06,0.21,-0.01,,0.32
Kurt Abrahams,Beveren,Jupiler Pro League,2026/2027,230,Right Midfielder,South Africa,29/12/96,30,0,0,0.07,0.09,0.78,0,50,1,,0.02,0,0.04,0.39,0,0.04,0.39,0,0,0,0,0.11,1.17,-0.11,0.78,0,0.78,0,0.78,0,2.35,1.96,0.39,0.21,0.78,0.61,17.21,7.43,0.06,5.87,44.92,7.43,3.52,2.74,3.13,78,2.79,3,0.78,33,0.78,100,0.78,0,13.69,15.39,4.3,3.52,1.96,47.77,6.26,46,1.56,44,0,0,0,30.9,80,0.78,6,100,1.17,0.39,15,67,-13,54.56,3.13,0.56,0.6,27.77,86,3.46,8.6,0.39,0.39,0,0.39,5.48,5.87,0,0,0.39,50,0.78,16,65,19,14,68,18,15.17,15.98,1,107,0.81,15.13,17.13,0,0,0,0,0,,0,0,,0,0,0,0,0,0,20,9,2.7,25,-0.13,0.06,0.02,-0.04,,-0.1
Serxho Ujka,Zulte Waregem,Jupiler Pro League,2026/2027,228,Left Centre Midfielder,Albania,26/08/98,28,0.39,0.39,0.05,0.04,1.18,33,67,1,,0.12,0,0,0,0,0,0,0,0,0,0.39,0.05,1.18,0.35,1.97,1.18,0.79,60,0.39,0,0.79,1.97,0.39,0.21,0.39,0.42,24.48,11.05,0.03,7.5,43.09,9.08,3.95,1.18,1.58,38,0.95,1.16,1.97,33,1.97,33,0.79,0,21.32,12.11,6.32,2.37,0.39,44.38,9.87,46,1.18,50,0,0,0,30,71,0.79,4,40,0.79,1.58,26,70,-1,51.29,2.76,0.2,0.4,26.06,92,5.7,5.53,0.79,0.39,0.39,0,1.18,1.58,0,0,0,0,0,23,69,8,7,71,21,17.51,16.06,0.93,112,-1.45,16.26,17.96,0,0,0,0,0,,0,0,,0,0,0,0,0,0,24,9,3.75,26,0.08,0.09,0.05,-0.05,,0.17
Henry Lawrence,Standard Liège,Jupiler Pro League,2026/2027,227,Right Wing Back,England,20/09/01,25,0,0,0,,0,,,0,,0,0,0.04,0.79,0,0.04,0.79,0,0,0,0,0.04,0.79,-0.04,0,0,0,,3.56,0,0.4,0.79,0.79,0.66,3.17,4.41,9.9,4.36,0,4.36,40.31,11.48,4.36,1.19,1.98,60,1.46,2.12,1.19,33,0.79,38,1.19,0,7.52,8.52,2.77,2.38,0.79,47.58,3.17,42,1.98,83,0,0,0,55.43,84,2.38,11,60,3.56,3.56,10,76,-7,53.14,4.36,0.38,0.48,50.68,98,3.58,13.86,0.79,0.79,0,0,0.4,1.19,0,50,0.4,25,0,20,65,15,9,71,20,16.06,15.58,0.94,104,-0.48,15.09,16.2,0,0,0,0,0,,0,0,,0,0,0,0,0,0,18,7,4.2,34,0.12,0.08,0,,,0.19
Marten Winkler,RSC Anderlecht,Jupiler Pro League,2026/2027,225,Right Midfielder,Germany,30/10/02,24,0.8,0.8,0.45,0.19,2.4,33,67,3,,0.82,0,0.12,1.6,0,0.12,1.6,0,0,0,0.8,0.57,4,0.23,2.4,0.8,1.6,33,2.4,0,0.8,4.8,0.4,0.47,0.8,1.25,19.98,9.99,0,4,53.7,3.2,2.4,0.4,0.8,17,0.66,1.13,2.8,20,2,0,0,0,16.79,24.72,2.8,4.4,0.4,54.84,9.59,57,4,91,0,0,0,31.97,75,1.6,78,31,2,4,23,79,4,65.55,3.6,0.79,1,35.57,88,5.89,14.39,2.4,2.4,0,0.4,4.4,6.79,0,17,0.8,20,0.8,17,60,24,17,53,31,19.44,20.1,0.87,87,0.66,16.89,17.41,0,0,0,0,0,,0,0,,0,0,0,0,0,0,30,10,5.32,29,0.15,0.07,0.02,0.3,,0.54
Ilias Koutsoupias,RSC Anderlecht,Jupiler Pro League,2026/2027,222,Left Defensive Midfielder,Greece,09/05/01,26,0,0,0,,0,,,0,,0,0.4,0.12,0.81,0.4,0.12,0.81,0,0,0,0.4,0.12,0.81,0.29,0.4,0.4,0,100,1.62,0,1.21,2.83,1.21,1.72,0.4,0.66,11.33,3.64,0.13,4.45,45.56,11.33,6.47,2.02,3.24,100,3.05,4.78,0.4,,0,50,1.62,0,8.9,13.34,2.83,1.62,0.4,49.6,4.85,55,1.21,75,0.4,0,0,63.52,87,2.43,11,60,1.21,3.24,15,80,-7,51.71,7.69,1.16,1.18,57.04,94,4.31,15.37,1.21,1.21,0,0,2.02,3.24,0,33,0.4,33,0,22,65,13,21,74,5,16.87,16.73,0.96,103,-0.13,16.25,17.29,0,0,0,0,0,,0,0,,0,0,0,0,0,0,16,4,8.01,47,0.2,0.04,0.04,,,0.27
Wolke Janssens,Sint-Truiden,Jupiler Pro League,2026/2027,219,Right Centre Back,Belgium,10/01/95,32,0,0,0.02,0.04,0.41,0,0,0,,0,0,0,0,0,0,0,0,0,0,0,0.02,0.41,-0.02,0,0,0,,0.82,0,0,0,3.29,3.6,2.88,4.1,11.93,9.46,0.04,6.58,26.55,13.98,3.7,3.7,6.99,82,5,8.6,0.41,50,0.82,100,3.29,0,7.81,10.38,3.29,2.47,0.41,31.73,1.65,21,0.82,33,0,0,0,79.79,88,7.4,21,62,2.88,11.93,12,70,-18,35.98,6.17,0.19,0.19,62.92,100,4.72,6.58,0,0,0,0,0,0,0,,0,,0,22,73,5,38,63,0,24.17,15.83,0.96,111,-8.35,23.11,17.64,0,0,0,0,0,,0,0,,0,0,0,0,0,0,12,6,1.03,10,0.04,0.08,0.09,0,,0.21
Mátyás Kovács,RAAL La Louvière,Jupiler Pro League,2026/2027,218,Right Wing Back,Hungary,06/07/03,23,0,0,0.01,0.03,0.41,0,0,1,,0,0,0.1,1.24,0,0.05,0.83,0,0.05,0.41,0,0.12,1.65,-0.12,1.24,0.41,0.83,33,1.24,0,0.83,1.65,0,0,2.06,1.3,24.36,11.15,0.03,4.95,39.62,7.84,4.13,3.3,3.3,80,2.19,2.19,1.65,33,0.83,0,0,0,19.41,10.5,3.72,3.72,0.41,42.65,6.61,34,2.89,78,0.41,0,0,29.73,67,1.65,13,44,2.06,3.72,12,67,0,56.76,3.72,0.03,0.1,25.6,94,5.56,8.67,1.24,0.83,0.41,0.83,2.06,2.89,0,67,0.83,40,0.83,28,58,14,29,62,10,18.97,14.42,0.99,101,-4.55,18.74,14.52,0,0,0,0,0,,0,0,,0,0,0,0,0,0,36,6,3.72,45,0.1,0.07,0.04,-0.01,,0.2
Joshua-Williame Kana,RSC Anderlecht,Jupiler Pro League,2026/2027,218,Left Wing,Belgium,12/06/09,17,0.41,0.41,0.32,0.16,2.07,20,40,2,,0.47,0,0.03,0.83,0,0.02,0.41,0,0.01,0.41,0.41,0.35,2.89,0.06,4.96,2.48,2.48,50,2.07,0,4.55,4.55,0,0,0,0,13.64,7.03,0,4.55,51.09,10.33,6.61,0,0,0,0,0,1.24,0,0.41,75,1.24,0,12.4,17.77,4.13,3.31,1.65,52.06,7.03,57,2.48,75,0,0,0,39.68,82,0.41,13,100,0.41,0,24,67,-15,71.93,5.37,0.46,0.73,49.59,84,6.36,23.97,2.48,2.48,0,0.83,6.2,8.68,0,0,0.41,25,2.07,12,58,30,16,57,28,14,13.75,1.02,115,-0.25,14.32,15.8,0,0,0,0,0,,0,0,,0,0,0,0,0,0,26,12,6.2,36,-0.12,0.23,0,0.22,,0.34
Reda Laalaoui,Westerlo,Jupiler Pro League,2026/2027,217,Left Defensive Midfielder,Morocco,10/05/05,22,0,0,0.36,0.15,2.48,0,33,2,,0.28,0,0.14,1.66,0,0.14,1.66,0,0,0,0,0.5,4.14,-0.5,0.41,0.41,0,100,0.83,0,0.41,0.83,0,0,2.07,2.57,17.39,10.77,0,5.38,34.18,7.04,4.56,2.48,2.48,100,3.1,3.1,1.66,,0,58,2.9,0,13.25,16.23,5.38,2.9,1.24,37.15,3.73,28,1.24,43,0.41,0,0,44.31,81,2.9,13,64,3.31,3.31,26,71,-9,49.47,3.73,0.3,0.65,32.3,97,3.43,9.94,0.41,0.41,0,0.41,4.97,5.38,0,0,0,,0.41,21,61,18,21,63,17,18.7,17.82,0.94,82,-0.88,17.5,14.6,0,0,0,0,0,,0,0,,0,0,0,0,0,0,18,6,5.72,39,-0.01,0.01,0.15,-0.28,,-0.14
Romeo Vermant,Club Brugge,Jupiler Pro League,2026/2027,217,Centre Forward,Belgium,23/01/04,23,0,0,0.74,0.15,4.98,0,25,8,,0.57,0,0.04,0.41,0,0.04,0.41,0,0,0,0,0.79,5.39,-0.79,0.41,0.41,0,100,2.9,0,2.49,2.49,0.41,0.64,0.41,0.56,16.18,7.88,0,4.15,67.08,4.98,4.15,0,0.41,,0,0.64,0.83,,0,44,1.66,0,15.35,21.49,4.15,2.9,0.83,70.68,13.28,86,2.9,100,0.41,0,0,15.77,69,0.83,16,100,0.41,0.83,10,75,6,68.07,2.49,0.79,1.16,18.26,77,4.78,7.05,1.66,1.66,0,1.24,14.52,16.18,0,25,0.41,100,2.07,10,85,5,24,76,0,14.95,13.84,1.15,133,-1.11,17.17,18.38,0,0,0,0,0,,0,0,,0,0,0,0,0,0,31,5,4.81,20,-0.03,0.13,-0.11,-0.4,,-0.41
Shin Yamada,OH Leuven,Jupiler Pro League,2026/2027,216,Centre Forward,Japan,29/05/00,27,0,0,0.21,0.1,2.09,0,20,4,,0.01,0,0,0,0,0,0,0,0,0,0,0.21,2.09,-0.21,0,0,0,,1.67,0,3.34,1.25,0,0,0.83,0.83,27.55,16.28,0,7.1,67.95,2.92,1.67,0,0,0,0,0,1.67,0,0.42,50,2.09,0,25.88,26.71,5.84,5.01,1.67,69.54,23.79,92,5.01,100,0,0,0,11.27,63,0,24,,0.83,0,30,67,3,57.32,0.83,0.22,0.33,11.27,63,6.96,2.5,0,0,0,0.42,5.01,5.01,0,,0,0,0.42,7,53,40,0,50,50,15.28,20.59,1.02,100,5.31,15.64,20.51,0,0,0,0,0,,0,0,,0,0,0,0,0,0,30,0,1.67,18,-0.03,-0.05,0.02,-0.11,,-0.17
Robin Mirisola,OH Leuven,Jupiler Pro League,2026/2027,213,Centre Forward,Belgium,07/12/06,20,0,0,0.11,0.09,1.27,0,0,3,,0,0,0.04,0.85,0,0.04,0.85,0,0,0,0,0.16,2.12,-0.16,0.42,0.42,0,100,1.27,0,2.12,0.85,0,0,0.42,0.28,20.75,10.59,0.04,5.5,67.44,5.08,4.23,0.42,0.42,25,0.34,0.34,1.69,0,1.27,53,3.39,0,18.63,14.12,5.5,2.12,0.85,70.28,16.51,89,2.12,100,0,0,0,15.67,60,0,18,0,0.85,0.42,35,33,-27,65.32,1.27,0.38,0.48,10.59,76,5.3,5.08,0.42,0.42,0,0.42,4.66,5.08,0,0,0.42,100,1.27,9,65,26,17,58,25,15.92,12.39,1,90,-3.53,15.85,11.16,0,0,0,0,0,,0,0,,0,0,0,0,0,0,42,7,3.98,33,0.07,0.02,0.06,-0.08,,0.07
Royer Caicedo,Cercle Brugge,Jupiler Pro League,2026/2027,210,Left Centre Back,Colombia,04/05/06,21,0,0,0.12,0.14,0.86,0,0,0,,0,0,0,0,0,0,0,0,0,0,0,0.12,0.86,-0.12,0.43,0.43,0,100,0.43,0,0.43,0.86,0.86,1.14,5.57,5.82,11.57,3.86,0.04,6,28.69,12,2.14,1.29,2.14,100,0.53,1.67,1.29,100,0,80,3.43,0.43,9,8.25,3,0.86,0,32.06,2.14,24,0.43,50,0,0,0,42.84,79,2.14,86,42,6.43,4.28,15,71,-8,39.43,2.57,0.22,0.25,32.56,96,4.66,3.43,0,0,0,0,3.43,3.43,0,,0,,0,27,65,9,0,100,0,21.51,19.99,0.91,86,-1.52,19.63,17.14,0,0,0,0,0,,0,0,,0,0,0,0,0,0,27,12,2.74,16,-0.04,-0.05,0.25,-0.11,,0.04
Krys Kouassi,Cercle Brugge,Jupiler Pro League,2026/2027,210,Centre Forward,France,07/03/07,20,0.43,0,0.05,0.06,0.86,0,100,3,100,0.23,0,0.04,0.86,0,0.04,0.86,0,0,0,0,0.09,1.72,-0.09,1.72,1.72,0,100,1.29,0,1.72,1.72,0.43,0.53,0.43,0.05,28.77,14.6,0,6.01,67.14,3.86,2.58,1.72,2.15,80,0.93,1.46,1.72,50,0.43,60,1.29,0,25.33,16.01,5.58,3.43,0.86,67.83,21.04,83,2.58,75,0.43,0,0,12.02,62,0,94,,0.43,0,34,50,-12,64.86,1.72,0.09,0.4,14.17,82,5.95,5.15,0.86,0.86,0,0,1.72,2.58,0,0,0,0,0,14,66,21,8,75,17,12.57,14.95,1.02,91,2.38,12.81,13.58,0,0,0,0,0,,0,0,,0,0,0,0,0,0,34,14,2.92,17,-0.03,0.03,0,0.05,,0.05
Snayder Vladimir Porozo Caicedo,Antwerp,Jupiler Pro League,2026/2027,209,Right Centre Forward,Ecuador,11/05/07,20,0.86,0.86,0.62,0.18,3.44,25,38,6,,0.75,0,0.01,0.43,0,0.01,0.43,0,0,0,0.86,0.63,3.88,0.23,0.86,0.86,0,100,1.29,0,3.44,1.72,0.43,0.28,0.43,0.28,9.47,4.31,0.02,2.58,50.86,5.17,4.74,0.86,1.29,100,0.82,1.1,1.72,100,0,28,2.15,0,6.89,6.91,2.58,2.58,0.43,61.86,4.74,69,2.15,83,0.43,0,0,15.07,63,0.43,8,25,0.86,1.29,16,43,-20,57.32,2.15,0.64,0.72,18.52,77,7.21,3.01,0.43,0.43,0,0,4.31,4.74,0,0,0,0,0,21,56,23,29,71,0,18.33,24.15,0.91,105,5.82,16.63,25.27,0,0,0,0,0,,0,0,,0,0,0,0,0,0,30,5,2.02,10,-0.04,0.15,-0.12,0.29,,0.28
Suf Podgoreanu,Kortrijk,Jupiler Pro League,2026/2027,208,Left Wing Back,Israel,19/01/02,25,0,0,0.09,0.05,1.73,0,25,3,,0.02,0,0.11,1.3,0,0.11,1.3,0,0,0,0,0.21,3.04,-0.21,0.87,0.87,0,100,1.3,0,1.3,2.17,0,0,1.73,2.16,9.54,2.17,0,2.6,57.49,6.51,2.6,1.3,1.3,75,1.14,1.14,1.3,67,0.43,0,0,0,6.94,6.86,2.17,3.04,0.43,62.73,4.34,63,2.6,86,0,0,0,34.27,68,2.17,22,63,1.73,3.47,14,62,-7,57.12,6.07,0.32,0.4,32.96,93,5.43,9.11,2.17,2.17,0,0,0.87,3.04,0,40,1.3,43,0,29,53,18,52,29,19,19.2,16.24,1.04,105,-2.96,19.93,17.07,0,0,0,0,0,,0,0,,0,0,0,0,0,0,28,10,3.86,38,0.06,0.11,0.04,-0.02,,0.19
Oumar Diouf,Sint-Truiden,Jupiler Pro League,2026/2027,204,Centre Forward,Senegal,14/05/03,24,0,0,0.33,0.15,2.2,0,40,6,,0.42,0,0,0,0,0,0,0,0,0,0,0.33,2.2,-0.33,0.44,0.44,0,100,1.76,0,0.88,2.65,0.44,0.46,1.32,1.01,27.33,11.46,0,8.82,57.03,3.97,2.65,2.2,2.65,100,1.77,2.23,0.88,,0,31,2.2,0,24.25,25.26,8.82,3.97,2.2,57.74,15.43,64,2.2,56,0,0,0,14.55,47,0.88,27,50,1.76,1.32,22,13,-35,53.25,2.2,0.47,0.57,10.58,83,4.72,2.2,0,0,0,0,4.85,4.85,0,,0,,0,19,78,3,0,100,0,16.15,9.64,1.29,91,-6.51,20.83,8.81,0,0,0,0,0,,0,0,,0,0,0,0,0,0,42,8,1.85,11,-0.03,0.05,-0.01,0,,0.01
Tristan Degreef,RSC Anderlecht,Jupiler Pro League,2026/2027,204,Centre Attacking Midfielder,Belgium,18/01/05,22,0,0,0.07,0.08,0.88,0,0,1,,0,0,0.27,2.65,0,0.27,2.65,0,0,0,0,0.34,3.54,-0.34,1.33,0.88,0.44,67,0.88,0,2.65,2.21,0,0,0.44,0.73,18.57,9.29,0,5.75,58.29,9.29,5.75,0.88,0.88,100,1.29,1.29,0.88,,0,0,0,0,16.81,26.72,5.31,4.42,1.33,57.98,11.06,66,3.98,90,0,0,0,42.46,78,1.77,13,40,1.33,3.54,14,71,-7,66.77,6.19,0.56,0.73,41.57,89,5.5,20.79,2.65,2.65,0,1.77,5.31,7.96,0.44,0,1.33,75,1.77,17,66,17,21,57,21,16.35,15.9,0.95,88,-0.45,15.56,13.95,0,0,0,0,0,,0,0,,0,0,0,0,0,0,18,6,7.78,40,0.11,0.07,-0.01,-0.11,,0.07
Daan Heymans,KRC Genk,Jupiler Pro League,2026/2027,203,Centre Attacking Midfielder,Belgium,14/06/99,27,0,0,0.22,0.07,3.1,0,29,3,,0.25,0,0.01,0.44,0,0.01,0.44,0,0,0,0,0.23,3.55,-0.23,0.44,0,0.44,0,1.33,0,1.33,1.33,0.44,0.38,1.33,1.52,17.29,7.54,0,5.32,42.08,7.54,4.88,2.22,2.66,83,2.49,2.87,2.66,0,0.44,33,0.44,0,12.41,13.39,4.88,3.55,0,48.48,5.32,43,1.77,50,0.89,0,0,38.13,86,1.33,23,100,1.77,0.89,20,83,-3,55.79,3.1,0.77,0.87,31.03,93,2.86,11.97,0.89,0.89,0,0,4.43,5.32,0,0,0,0,0,13,68,19,15,74,11,15.61,16.19,1,105,0.58,15.63,16.98,0,0,0,0,0,,0,0,,0,0,0,0,0,0,16,9,4.52,37,-0.03,-0.02,0.07,0.11,,0.13
Loïc Mbe Soh,Sint-Truiden,Jupiler Pro League,2026/2027,201,Right Centre Back,France,12/06/01,25,0,0,0.04,0.04,0.89,0,0,0,,0,0,0,0,0,0,0,0,0,0,0,0.04,0.89,-0.04,0,0,0,,0.45,0,0.45,0,1.34,2.19,4.47,4.58,5.81,2.23,0.06,6.26,21.87,13.41,5.36,0.89,2.23,100,1.46,3.65,0.45,,0,60,1.34,0.45,4.47,4.58,3.13,0,0,24.54,0.45,10,0,,0.45,0,0,67.04,90,11.62,16,87,6.26,11.62,11,88,-2,39.01,7.6,0.89,0.92,54.97,99,5.42,10.28,0.45,0.45,0,0,0.89,1.34,0,0,0,,0,28,70,2,30,70,0,24.73,24.23,1.01,105,-0.49,24.85,25.48,0,0,0,0,0,,0,0,,0,0,0,0,0,0,13,8,9.83,44,0.07,0.1,-0.34,-0.09,,-0.26
Bilal Bafdili,Mechelen,Jupiler Pro League,2026/2027,199,Right Defensive Midfielder,Belgium,02/08/04,22,0,0,0.1,0.06,1.81,0,50,2,,0.11,0,0.08,1.81,0,0.06,1.36,0,0.02,0.45,0,0.19,3.62,-0.19,2.72,1.81,0.91,67,0.91,0,3.17,2.72,0,0,0.45,0.4,10.86,4.07,0,2.26,51.8,7.24,6.34,0,0,0,0,0,1.36,0,0.45,0,0,0,9.51,9.44,1.81,2.72,0.91,53,4.98,52,2.72,100,0,0,0,35.76,80,1.81,16,57,2.26,1.36,30,68,-12,61.24,6.34,0.18,0.35,37.57,86,5.91,15.84,2.26,1.81,0.45,0,1.81,3.62,0,0,0,0,0,20,68,12,26,71,3,17.47,18.96,0.99,102,1.49,17.21,19.41,0,0,0,0,0,,0,0,,0,0,0,0,0,0,28,13,7.06,44,0.08,0.1,0.01,0,,0.19
Keano Vanrafelghem,Mechelen,Jupiler Pro League,2026/2027,199,Right Attacking Midfielder,Belgium,01/08/03,23,0,0,0.2,0.11,1.81,0,25,2,,0.08,0.45,0.17,2.26,0.45,0.17,2.26,0,0,0,0.45,0.38,4.08,0.08,2.72,0.45,2.26,17,2.26,0,5.44,4.53,0,0,0,0,18.12,5.89,0,4.98,59.74,6.79,3.62,0.91,0.91,100,1.5,1.5,0.45,,0,29,0.91,0,16.76,22.73,4.53,4.08,0.91,60.82,11.78,70,2.72,67,0.45,0,0,29.44,66,1.81,14,44,0.45,3.62,21,73,7,66.96,4.08,0.3,0.52,30.8,74,6.42,13.14,2.72,2.72,0,0.91,5.89,8.61,0,0,0,0,0.91,17,70,13,14,69,17,19.16,18.5,0.94,96,-0.66,17.94,17.73,0,0,0,0,0,,0,0,,0,0,0,0,0,0,34,10,5.25,39,0.03,0.01,0.02,-0.06,,0
Semm Renders,Antwerp,Jupiler Pro League,2026/2027,198,Left Back,Belgium,16/12/07,19,0,0,0.02,0.05,0.45,0,0,1,,0,0,0.02,0.91,0,0.02,0.91,0,0,0,0,0.04,1.36,-0.04,0,0,0,,0.45,0,0.91,0,1.36,1.34,4.53,3.55,17.23,7.71,0.03,9.52,27.53,8.62,3.17,2.27,3.63,63,1.84,3.17,0.45,25,1.36,67,1.81,0,14.51,11.37,5.44,2.27,0.91,29.73,2.27,16,0.91,40,0.45,0,0,29.02,72,2.72,15,38,4.53,7.26,3,67,-5,45.85,2.72,0.49,0.52,21.31,96,6.24,4.99,1.81,0.45,1.36,0,0.45,0.91,0,0,0,0,0,27,63,10,9,45,45,23.16,18.52,0.9,129,-4.64,20.96,23.99,0,0,0,0,0,,0,0,,0,0,0,0,0,0,32,9,3.17,30,0.11,0.04,0.18,0,,0.32
Massamba Sow,Sporting Charleroi,Jupiler Pro League,2026/2027,198,Centre Back,France,12/06/04,22,0,0,0.12,0.13,0.91,0,0,0,,0,0,0.01,0.46,0,0.01,0.46,0,0,0,0,0.13,1.37,-0.13,0,0,0,,0.46,0,0,0.46,0.46,0.57,2.73,3.26,5.92,1.37,0.1,3.64,27.28,6.83,2.28,0.91,1.37,100,1.14,1.7,0.91,,0,80,1.82,0,4.1,4.71,1.82,1.37,0.91,24.79,0.46,11,0.46,33,0,0,0,47.8,92,3.64,13,80,3.64,3.64,15,76,-15,35.7,4.55,0.66,0.66,41.88,99,5.35,5.01,0,0,0,0,0.91,0.91,0,,0,,0,22,74,5,18,64,18,20.79,21.77,0.99,103,0.98,20.67,22.45,0,0,0,0,0,,0,0,,0,0,0,0,0,0,13,7,5.19,24,0.04,0.06,-0.01,-0.13,,-0.04
Ralf Seuntjens,Lommel,Jupiler Pro League,2026/2027,198,Centre Forward,Netherlands,16/04/89,38,0.46,0,0.05,0.12,0.46,0,0,1,100,0,0,0,0,0,0,0,0,0,0,0,0.05,0.46,-0.05,0,0,0,,0.91,0,0.46,1.82,0.46,0.17,1.37,0.85,24.59,9.56,0.02,4.55,53.54,4.55,2.73,0.46,0.91,100,0.17,0.33,1.82,,0,25,0.46,0,22.31,14.31,4.1,2.28,0.46,57.26,15.03,67,1.37,60,0,0,0,15.94,72,0,39,0,1.37,0.91,15,67,-5,49.96,2.28,0.05,0.1,11.84,85,3.82,2.28,0,0,0,0,1.82,1.82,0,,0,,0,13,56,31,20,80,0,16.86,12.3,0.91,114,-4.57,15.38,14.06,0,0,0,0,0,,0,0,,0,0,0,0,0,0,33,13,0.91,8,-0.09,0.01,0.13,-0.17,,-0.12
Noah Adedeji-Sternberg,KRC Genk,Jupiler Pro League,2026/2027,197,Left Wing,Belgium,18/06/05,21,0,0,0.12,0.05,2.29,0,20,3,,0.06,0.46,0.23,3.21,0.46,0.18,2.75,0,0.05,0.46,0.46,0.34,5.5,0.11,4.12,2.29,1.83,56,0.92,0,3.21,3.66,0.92,0.88,0.92,0.97,15.57,5.95,0,5.04,47.42,5.5,4.58,2.75,3.66,86,1.99,2.86,0.46,0,0.46,0,0,0,12.82,11.4,3.66,3.66,0.46,51.32,6.41,50,2.29,63,0,0,0,39.39,84,1.37,16,60,0.92,2.29,29,77,-7,64.25,6.41,0.72,0.88,46.26,85,5.94,21.07,2.29,1.37,0.92,0.46,2.75,4.12,0,0,0,0,0.46,10,73,18,11,78,11,16.34,14.57,0.97,95,-1.77,15.82,13.87,0,0,0,0,0,,0,0,,0,0,0,0,0,0,20,8,7.74,47,0.09,0.18,0.13,-0.07,,0.33
László Bénes,Gent,Jupiler Pro League,2026/2027,196,Right Attacking Midfielder,Slovakia,08/09/97,29,0,0,0.02,0.03,0.46,0,0,1,,0,0,0.09,0.92,0,0.02,0.46,0,0.08,0.46,0,0.11,1.37,-0.11,0,0,0,,1.37,0,0,0,0.46,0.31,0.46,0.55,17.87,13.29,0.05,3.67,50.43,5.5,1.83,0.46,0.92,50,0.31,0.63,0.92,0,0.46,25,0.46,0,16.49,9.71,3.21,1.83,0.46,51.8,8.71,53,0.46,25,0,0,0,19.24,73,3.21,82,70,1.37,3.67,37,78,4,53.06,1.37,0.26,0.27,15.58,100,3.71,4.58,0.92,0.46,0.46,0,0.92,1.37,0,50,0.46,33,0.46,22,63,14,20,70,10,23.88,20.57,0.97,107,-3.3,23.13,22.08,0,0,0,0,0,,0,0,,0,0,0,0,0,0,33,8,3.94,26,-0.01,0.09,-0.05,-0.02,,0.01
Jules Ahoka,Antwerp,Jupiler Pro League,2026/2027,194,Right Defensive Midfielder,DR Congo,07/05/06,21,0,0,0.16,0.07,2.32,0,0,0,,0,0,0.13,1.39,0,0.13,1.39,0,0,0,0,0.29,3.71,-0.29,0.93,0.93,0,100,1.39,0,0.93,1.39,0.93,0.91,0.93,0.91,24.1,12.98,0.04,10.2,43.55,18.07,7.88,5.1,6.02,92,5.18,6.09,3.24,75,0.46,50,1.85,0,15.76,15.98,7.42,3.71,1.39,45.44,6.49,41,3.24,88,0,0,0,45.42,85,3.24,18,64,0.93,5.1,4,50,-35,50.82,5.56,0.62,0.7,41.71,93,5,7.42,0.93,0.93,0,0,4.63,5.56,0,0,0,0,0.46,21,70,8,31,69,0,19.96,9.08,1,81,-10.88,20.06,7.4,0,0,0,0,0,,0,0,,0,0,0,0,0,0,19,8,3.61,19,0.12,0.09,0.02,-0.22,,0
Fedde Leysen,Union Saint-Gilloise,Jupiler Pro League,2026/2027,193,Left Centre Back,Belgium,08/07/03,23,0,0,0.08,0.08,0.93,0,0,0,,0,0,0.1,1.4,0,0.1,1.4,0,0,0,0,0.18,2.33,-0.18,0.47,0,0.47,0,0.47,0,0,0.47,0.93,0.74,2.79,3.48,9.31,7.91,0.09,3.26,32.56,7.91,2.79,1.4,2.33,43,1.53,2.27,0.93,33,1.86,75,1.4,0.47,6.98,8.92,1.86,1.4,0.47,31.93,1.86,27,0.93,67,0.47,0,0,59.59,80,6.05,88,57,4.19,9.31,13,74,-6,40.19,4.19,0.63,0.71,48.42,99,3.92,6.98,0.93,0.93,0,0,1.86,2.79,0.47,0,0,,0,31,64,4,40,53,7,23.09,23.6,0.9,91,0.51,20.76,21.55,0,0,0,0,0,,0,0,,0,0,0,0,0,0,21,6,4.7,30,0.16,0.04,-0.03,-0.12,,0.05
Matthew Anderson,Kortrijk,Jupiler Pro League,2026/2027,193,Left Wing Back,Scotland,24/01/04,23,0,0,0,,0,,,0,,0,0,0,0,0,0,0,0,0,0,0,0,0,0,0,0,0,,0,0,0.47,0.47,0.47,0.09,0.93,0.54,17.75,9.34,0.03,2.34,27.59,6.54,1.4,3.27,3.74,50,1.34,1.43,0.93,13,3.27,,0,0,13.54,7.98,2.34,0.93,0,28.11,0.93,7,0,0,0.47,0,0,17.75,58,0.47,100,13,0.93,3.74,4,0,-58,36.21,0.93,0.22,0.22,16.35,94,5.18,0.93,0,0,0,0,0,0,0,,0,0,0,38,55,8,0,100,0,21.01,0.51,0.9,,-20.5,18.92,,0,0,0,0,0,,0,0,,0,0,0,0,0,0,53,11,2.52,21,0.05,0.07,0.08,,,0.2
Félix Lemaréchal,Club Brugge,Jupiler Pro League,2026/2027,192,Left Centre Midfielder,France,06/08/03,23,0,0,0.16,0.05,3.28,0,14,2,,0.05,0.47,0.76,4.22,0.47,0.45,2.35,0,0.32,1.88,0.47,0.92,7.51,-0.46,1.88,1.41,0.47,75,1.41,0,2.81,4.22,0.47,0.69,0,0,19.23,6.57,0.05,8.44,52.28,7.04,3.28,2.35,2.81,100,3.75,4.45,1.88,,0,100,0.47,0,15.01,23.28,6.57,4.69,3.28,51.9,8.44,56,2.81,60,0,0,0,51.13,80,4.22,25,90,0,4.69,13,75,-5,60.25,5.16,1.49,1.57,50.19,90,4.15,17.36,4.69,1.41,3.28,2.81,10.32,11.73,0,30,2.35,71,2.81,19,69,12,24,65,11,18.9,17.32,0.99,89,-1.59,18.78,15.39,0,0,0,0,0,,0,0,,0,0,0,0,0,0,17,3,11.91,54,0.62,0.06,-0.02,-0.13,,0.53
Jean Thierry Lazare Amani,Cercle Brugge,Jupiler Pro League,2026/2027,191,Left Defensive Midfielder,Côte d'Ivoire,06/03/98,29,0,0,0.02,0.03,0.47,0,0,1,,0,0,0.02,0.94,0,0.02,0.94,0,0,0,0,0.04,1.42,-0.04,0.47,0.47,0,100,3.3,0,1.42,0.94,0.47,0.19,0,0,39.16,22.18,0,9.91,49.51,10.85,5.66,2.36,2.83,63,2.06,2.26,2.83,50,1.42,67,0.94,0,33.97,23.27,8.49,7.55,3.3,50.35,17.46,51,4.25,56,0.47,0,0,30.67,82,0,19,0,0.47,1.42,28,79,-3,51.8,4.72,0.55,0.57,30.67,92,6.08,9.44,0.47,0.47,0,0,0.94,1.42,0,0,0,,0.47,25,60,15,20,65,15,18.14,16.34,0.86,90,-1.8,15.59,14.74,0,0,0,0,0,,0,0,,0,0,0,0,0,0,25,18,3.92,37,0.03,0.07,0.02,-0.02,,0.1
Erick Nunes,Cercle Brugge,Jupiler Pro League,2026/2027,190,Right Attacking Midfielder,Brazil,28/02/04,23,0.47,0.47,0.4,0.17,2.37,20,20,6,,0.47,0.47,0.23,0.95,0.47,0.23,0.95,0,0,0,0.95,0.63,3.31,0.32,2.37,1.42,0.95,60,0.47,0,1.42,3.31,0,0,0.47,0.63,36.43,21.29,0,5.68,52.04,4.73,3.78,1.89,1.89,50,2.08,2.08,0.47,20,1.89,50,0.47,0,34.06,29.62,4.73,5.2,0.95,52.91,18.92,56,3.78,73,0,0,0,12.77,67,0.47,18,100,0.47,0.47,23,71,5,60.71,2.84,0.66,0.67,16.09,76,9.99,3.78,0.47,0.47,0,0.47,3.31,3.78,0,100,0.47,20,0.95,10,77,13,13,88,0,16.64,13.84,1.02,100,-2.8,17,13.87,0,0,0,0,0,,0,0,,0,0,0,0,0,0,37,13,1.8,12,0.07,0.09,0.04,0.04,,0.24
Kyrell Wilson,Gent,Jupiler Pro League,2026/2027,182,Right Wing Back,England,30/11/04,22,0,0,0.25,0.13,1.98,0,25,3,,0.03,0,0.24,2.47,0,0.24,2.47,0,0,0,0,0.49,4.45,-0.49,0.99,0.99,0,100,0,0,1.48,2.47,0,0,1.48,0.67,26.23,18.31,0,8.41,36.69,5.44,3.46,2.47,2.47,50,1.22,1.22,1.48,0,2.47,43,1.48,0,22.27,11.83,6.43,4.45,2.47,35.33,5.44,24,1.48,33,0.49,0,0,28.21,76,1.48,15,50,2.47,1.98,27,76,1,58.89,1.98,0.8,0.92,29.2,90,5.63,10.39,0.49,0.49,0,0.99,4.45,4.95,0,0,0.49,33,0.49,16,56,27,10,48,43,19.26,18.92,0.9,89,-0.34,17.27,16.82,0,0,0,0,0,,0,0,,0,0,0,0,0,0,24,6,6.04,34,0.17,0.13,0.06,-0.27,,0.09
Lucas Michal,Cercle Brugge,Jupiler Pro League,2026/2027,174,Left Wing,France,21/06/05,21,0,0,0.02,0.02,1.03,0,50,2,,0.14,0,0.05,0.52,0,0.05,0.52,0,0,0,0,0.07,1.55,-0.07,1.03,0.52,0.52,50,0.52,0,2.06,2.06,0,0,0.52,0.64,21.15,10.83,0.05,5.67,54.8,3.61,2.58,0,0,,0,0,1.55,,0,0,0,0,19.6,17.94,4.13,3.61,0.52,56.22,13.41,68,3.1,86,0,0,0,28.89,74,1.55,5,75,2.06,0.52,30,71,-3,64.65,2.58,0.08,0.43,31.47,89,6.58,11.35,1.03,1.03,0,0,2.58,3.61,0,100,1.03,40,0,18,61,21,14,68,18,15.58,18.34,1.05,108,2.75,16.38,19.89,0,0,0,0,0,,0,0,,0,0,0,0,0,0,26,11,2.42,24,-0.06,0.09,-0.09,-0.04,,-0.1
Carlos Mejia,Antwerp,Jupiler Pro League,2026/2027,174,Right Wing,Ecuador,23/07/07,19,0,0,0.08,0.03,2.59,0,20,3,,0.01,0.52,0.14,2.07,0.52,0.11,1.03,0,0.03,1.03,0.52,0.22,4.65,0.29,5.69,2.59,3.1,45,3.62,0.52,3.62,5.69,0,0,0,0,10.34,3.62,0,4.14,48.98,7.24,4.14,1.55,1.55,75,1.39,1.39,1.03,50,0.52,50,0.52,0,7.76,7.1,3.62,2.59,1.03,51.91,3.1,40,1.03,40,0,0,0,32.58,63,2.59,85,42,0,6.21,8,83,20,64.37,7.76,0.23,0.37,46.03,81,8.4,11.9,2.59,1.55,1.03,0,2.59,4.14,0,20,0.52,17,0,22,66,12,52,26,22,20.56,12.16,0.97,105,-8.39,19.99,12.81,0,0,0,0,0,,0,0,,0,0,0,0,0,0,28,5,10.55,37,0,0.62,0.02,-0.1,,0.52
Simion Michez,Mechelen,Jupiler Pro League,2026/2027,172,Right Wing Back,Cameroon,08/02/02,25,0,0,0.01,0.02,0.52,0,100,1,,0.01,0,0.05,1.04,0,0.05,1.04,0,0,0,0,0.06,1.57,-0.06,1.57,1.04,0.52,67,2.61,0,2.09,1.57,2.09,0.74,1.57,0.81,32.37,20.36,0,8.88,40.89,9.4,4.18,3.65,5.74,54,2.84,3.58,4.18,43,3.13,33,0.52,0,24.54,16.24,6.79,4.7,0.52,40.87,8.35,34,2.61,56,0.52,0,0,28.72,72,4.18,5,80,2.09,4.7,14,90,18,53.49,5.22,0.14,0.19,29.76,88,7.34,8.88,1.57,1.57,0,0,0,1.57,0,33,0.52,17,0,26,54,19,24,47,29,20.39,15.27,0.93,90,-5.12,18.93,13.68,0,0,0,0,0,,0,0,,0,0,0,0,0,0,29,10,3.39,26,0.12,0.07,-0.04,-0.02,,0.13
Aaron Bibout,KRC Genk,Jupiler Pro League,2026/2027,172,Centre Forward,Cameroon,08/09/04,22,1.05,1.05,0.8,0.3,2.62,40,60,5,,0.36,0,0.09,1.57,0,0.09,1.57,0,0,0,1.05,0.89,4.19,0.16,1.05,1.05,0,100,1.05,0,0.52,1.57,0.52,0.45,1.57,2.13,12.04,5.23,0,2.62,61.41,3.66,3.66,0.52,1.05,100,0.55,1,1.05,,0,29,2.62,0,10.47,10.45,2.09,0.52,0.52,67.48,8.9,85,0.52,100,0,0,0,23.56,72,1.57,18,75,1.57,2.09,20,30,-42,61.11,1.57,0.68,0.95,22.51,91,3.72,6.8,0.52,0.52,0,0,6.28,6.8,0,100,0.52,100,1.05,8,70,22,0,85,15,16.55,14.02,0.98,64,-2.53,16.14,9.04,0,0,0,0,0,,0,0,,0,0,0,0,0,0,14,6,5.18,37,-0.02,0.05,0.05,-0.11,,-0.03
Frederic Leroi Soelle Soelle,Sint-Truiden,Jupiler Pro League,2026/2027,170,Centre Forward,Belgium,23/12/05,21,0,0,0.16,0.1,1.58,0,33,5,,0.02,0,0.11,1.58,0,0.11,1.58,0,0,0,0,0.27,3.17,-0.27,0,0,0,,1.06,0,1.06,2.64,0,0,0.53,0.86,23.76,12.67,0,3.7,69.45,2.11,1.06,1.58,1.58,100,2.59,2.59,1.58,,0,50,1.06,0,20.59,24.45,3.7,4.22,0.53,70.87,17.95,87,3.7,88,0,0,0,13.73,66,1.58,68,75,1.06,1.58,14,25,-41,62.21,1.06,0.07,0.38,14.26,81,4.34,5.28,0.53,0.53,0,0.53,4.22,4.75,0,0,0,0,1.06,14,69,17,10,80,10,20.08,17.19,1.01,269,-2.88,20.22,46.31,0,0,0,0,0,,0,0,,0,0,0,0,0,0,28,14,3.17,16,-0.04,-0.1,0,-0.05,,-0.18
Isaac Cissé,Sporting Charleroi,Jupiler Pro League,2026/2027,170,Left Defensive Midfielder,Côte d'Ivoire,09/10/06,20,0,0,0.04,0.02,1.59,0,0,1,,0,0.53,0.13,1.06,0.53,0.13,1.06,0,0,0,0.53,0.17,2.64,0.36,0.53,0.53,0,100,1.59,0,2.64,1.06,1.59,1.86,1.06,1.23,12.69,4.23,0.08,6.35,32.25,12.17,6.88,2.12,3.7,100,2.67,4.53,1.59,,0,17,0.53,0,8.99,12.08,5.29,3.17,1.59,33.68,2.64,29,2.12,67,0.53,0,0,47.61,82,2.64,7,42,1.59,5.82,13,75,-7,50.77,5.29,0.59,0.68,44.96,92,4.91,10.05,1.06,1.06,0,0,2.12,3.17,0,0,0,,0.53,18,68,13,21,63,16,20.27,19.32,0.93,106,-0.95,18.89,20.46,0,0,0,0,0,,0,0,,0,0,0,0,0,0,18,5,4.18,20,0.06,-0.02,0.08,-0.04,,0.09
Abdelkahar Kadri,Gent,Jupiler Pro League,2026/2027,170,Right Attacking Midfielder,Algeria,23/06/00,26,0,0,0.01,0.01,1.06,0,0,0,,0,0,0.27,1.59,0,0.27,1.59,0,0,0,0,0.28,2.65,-0.28,1.59,1.06,0.53,67,1.06,0,2.12,0.53,0,0,0.53,0.23,26.54,12.74,0.06,7.96,56.24,7.43,2.65,1.59,1.59,75,1.82,1.82,0.53,0,0.53,100,1.06,0,24.42,25.4,6.37,5.31,2.12,58.84,16.45,67,4.25,80,0,0,0,42.46,76,4.25,8,47,1.06,8.49,16,71,-5,60.9,7.96,0.26,0.53,38.22,93,4.28,16.45,0.53,0.53,0,0.53,3.18,3.72,0,0,0.53,100,1.06,12,72,16,3,84,13,22.25,18.48,0.89,102,-3.77,19.73,18.82,0,0,0,0,0,,0,0,,0,0,0,0,0,0,21,1,7.59,68,0.08,0,0.03,-0.04,,0.08
Adama Bojang,Sporting Charleroi,Jupiler Pro League,2026/2027,169,Centre Forward,Gambia,27/05/04,23,0,0,0.37,0.1,3.73,0,0,4,,0,0.53,0.13,0.53,0.53,0.13,0.53,0,0,0,0.53,0.51,4.26,0.03,1.06,0.53,0.53,50,0.53,0,4.26,4.79,1.06,1.23,0.53,0.57,29.81,15.97,0,6.92,62.02,4.26,2.66,1.06,2.13,100,1.51,2.74,3.19,100,0,58,3.73,0,25.55,32.35,5.86,3.19,0,65.12,18.63,73,2.66,83,0.53,0,0,28.22,76,1.6,24,75,0.53,2.13,24,77,1,61.81,4.26,0.7,0.9,27.15,71,5.29,11.71,0.53,0.53,0,0.53,7.45,7.99,0,0,0,0,0.53,7,60,33,9,59,32,15.95,13.74,0.96,94,-2.21,15.39,12.85,0,0,0,0,0,,0,0,,0,0,0,0,0,0,25,5,5.06,23,-0.06,-0.09,0.02,-0.11,,-0.24
Wilguens Paugain,Zulte Waregem,Jupiler Pro League,2026/2027,168,Right Back,Haiti,23/08/01,25,0,0,0,,0,,,0,,0,0,0.07,0.54,0,0,0,0,0.07,0.54,0,0.07,0.54,-0.07,1.61,1.61,0,100,1.07,0,2.14,1.07,2.68,1.32,2.68,1.12,18.23,10.72,0,6.43,34.05,8.58,2.68,1.61,4.29,60,0.59,1.91,0.54,33,1.07,50,0.54,0,16.08,5.78,5.36,2.68,1.61,41.83,5.9,37,2.14,80,0,0,0,31.1,71,3.75,14,58,3.22,5.9,12,44,-27,49.63,3.75,0.2,0.2,29.49,89,5.02,5.36,2.68,1.07,1.61,0,0,1.07,0,20,0.54,20,0,29,64,8,30,70,0,24.17,18.69,0.9,117,-5.48,21.82,21.96,0,0,0,0,0,,0,0,,0,0,0,0,0,0,38,14,4.18,32,0.07,0.05,0.04,,,0.16
Luis Narh,Antwerp,Jupiler Pro League,2026/2027,168,Left Centre Forward,Ghana,24/12/07,19,0,0,0.27,0.1,2.68,0,80,5,,0.6,0,0.27,1.61,0,0.27,1.61,0,0,0,0,0.54,4.29,-0.54,0.54,0.54,0,100,1.07,0,1.61,5.9,0,0,0,0,30.58,11.8,0.07,8.58,66.32,5.37,2.68,2.15,2.15,67,2.58,2.58,2.68,50,1.07,25,1.61,0.54,25.75,27.8,5.9,4.29,1.07,67.47,20.92,81,3.76,88,0,0,0,11.8,68,1.07,25,100,0.54,0.54,32,71,3,57.22,1.07,0.78,0.84,15.02,71,5.67,3.76,0.54,0.54,0,1.07,8.58,9.12,0,0,0,,1.07,23,68,9,14,86,0,16.77,13.85,1,106,-2.93,16.79,14.7,0,0,0,0,0,,0,0,,0,0,0,0,0,0,36,18,3.86,18,0.01,-0.11,0.11,-0.13,,-0.12
Ousseynou Niang,Zulte Waregem,Jupiler Pro League,2026/2027,165,Left Wing,Senegal,11/10/01,25,0,0,0.25,0.23,1.09,0,50,2,,0.28,0,0.03,1.09,0,0.03,1.09,0,0,0,0,0.28,2.19,-0.28,0.55,0.55,0,100,1.64,0,3.83,1.09,0,0,0,0,24.06,9.3,0,4.92,62.91,7.65,4.37,0.55,0.55,100,0.51,0.51,1.64,,0,50,0.55,0,21.87,16.36,4.37,3.83,0.55,63.73,17.5,80,3.28,86,0.55,0,0,27.34,72,2.19,25,50,0.55,3.83,24,62,-11,59.21,2.73,0.12,0.4,31.17,84,7.83,7.11,2.19,2.19,0,0,3.28,5.47,0,25,0.55,25,0.55,20,65,15,15,62,23,20.77,15.31,1.02,124,-5.46,21.18,18.97,0,0,0,0,0,,0,0,,0,0,0,0,0,0,22,6,2.13,17,0.04,-0.09,-0.03,0.18,,0.1
Tobias Mohr,Standard Liège,Jupiler Pro League,2026/2027,156,Left Back,Germany,23/08/95,31,0,0,0.02,0.04,0.58,0,0,0,,0,0,0,0,0,0,0,0,0,0,0,0.02,0.58,-0.02,0,0,0,,0,0,1.16,0.58,0.58,0.79,4.62,5.89,11.56,5.78,0,6.36,27.27,9.83,6.36,1.73,2.31,75,1.86,2.65,2.31,100,0.58,33,1.16,0,7.52,8.21,4.62,1.73,1.16,28.62,1.16,15,0.58,33,0,0,0,39.89,71,2.89,72,56,5.2,4.62,19,75,4,48.17,2.89,0.19,0.19,30.06,94,3.66,3.47,0.58,0,0.58,0,0,0,0,0,0,0,0,21,71,7,0,83,17,20.87,18.65,0.94,105,-2.22,19.57,19.65,0,0,0,0,0,,0,0,,0,0,0,0,0,0,25,2,6.82,42,0.02,0.02,0.01,-0.03,,0.02
Andrew Omobamidele,RSC Anderlecht,Jupiler Pro League,2026/2027,156,Right Centre Back,Republic of Ireland,22/06/02,24,0,0,0,,0,,,0,,0,0,0,0,0,0,0,0,0,0,0,0,0,0,0,0,0,,0,0,0,0,0,0,2.31,3.61,8.1,2.89,0.05,3.47,35.66,7.52,2.89,1.16,1.16,100,1.71,1.71,1.74,,0,17,0.58,0,5.79,8.82,3.47,2.89,2.31,46.71,2.89,50,1.74,60,0.58,0,0,51.49,91,2.89,8,56,2.89,4.63,11,64,-27,39.39,1.16,0.19,0.19,46.29,100,5.83,1.16,0,0,0,0,0,0,0,,0,,0,15,80,5,100,0,0,21.84,19.44,0.95,90,-2.4,20.85,17.56,0,0,0,0,0,,0,0,,0,0,0,0,0,0,9,3,0.46,3,0.01,0.07,-0.01,,,0.07
Nathan Saliba,RSC Anderlecht,Jupiler Pro League,2026/2027,151,Left Defensive Midfielder,Canada,06/02/04,23,0,0,0.2,0.08,2.38,0,0,1,,0,0,0.05,1.19,0,0.05,1.19,0,0,0,0,0.25,3.58,-0.25,0,0,0,,1.19,0,0.6,2.38,2.38,3.69,0.6,0.87,22.65,11.33,0,7.15,45.91,9.54,6.56,4.17,6.56,88,6.51,10.2,1.19,0,0.6,60,1.79,0,17.29,28.81,7.15,6.56,1.79,48.53,8.94,52,4.17,64,0,0,0,59.62,88,1.19,29,50,0.6,2.38,18,95,6,56.18,7.75,0.42,0.46,51.87,95,4.3,22.65,1.79,1.79,0,0,3.58,5.37,0.6,0,0,,0,21,63,16,16,63,21,16.03,15.47,0.97,102,-0.56,15.61,15.8,0,0,0,0,0,,0,0,,0,0,0,0,0,0,10,5,4.77,24,0.07,0,0.18,-0.12,,0.12
Arbnor Muja,Sint-Truiden,Jupiler Pro League,2026/2027,149,Right Wing,Albania,28/11/98,28,0,0,0.11,0.06,1.81,0,0,2,,0,0,0.57,1.81,0,0.57,1.81,0,0,0,0,0.68,3.63,-0.68,3.63,0.6,3.02,17,3.02,0,1.21,9.67,1.21,1.26,0.6,0.38,18.13,8.46,0,2.42,51.55,3.63,1.81,1.81,3.02,75,1.14,2.4,0,50,0.6,33,0.6,0,16.32,12.75,1.21,3.63,0,54.6,8.46,52,3.02,83,0,0,0,32.03,67,0.6,19,17,1.81,2.42,40,77,10,61.95,1.81,0.2,0.93,33.24,78,4.18,10.88,1.21,1.21,0,1.21,3.02,4.23,0,50,1.81,50,1.81,20,71,9,28,61,11,17.41,14.68,0.93,102,-2.74,16.12,15.01,0,0,0,0,0,,0,0,,0,0,0,0,0,0,40,18,5.14,47,0.25,0.06,0,-0.05,,0.27
Anthony Valencia,Antwerp,Jupiler Pro League,2026/2027,149,Left Midfielder,Ecuador,20/07/03,23,1.81,1.81,0.39,0.11,3.63,50,67,4,,1.46,0,0.28,3.02,0,0.28,3.02,0,0,0,1.81,0.67,6.65,1.14,6.04,3.63,2.42,60,1.21,0,1.21,4.23,0.6,0.63,1.21,1.16,12.09,6.65,0,1.81,44.36,12.09,4.84,3.02,3.63,100,3.01,3.63,1.81,100,0,100,1.81,0,7.25,7.14,1.81,4.23,0.6,53.35,3.63,50,3.63,86,0.6,0,0,47.75,85,5.44,77,75,2.42,6.04,12,90,5,54.71,7.25,0.47,0.87,51.38,93,5.87,16.32,3.02,3.02,0,0,5.44,8.46,0.6,20,0.6,50,0.6,17,65,17,26,70,4,20.87,19.73,0.95,106,-1.14,19.92,20.97,0,0,0,0,0,,0,0,,0,0,0,0,0,0,17,11,5.98,43,0.13,0.27,0,0.65,,1.06
Dikeni Salifou,Mechelen,Jupiler Pro League,2026/2027,148,Left Defensive Midfielder,Germany,07/06/03,23,0,0,0.04,0.03,1.21,0,50,2,,0,0,0,0,0,0,0,0,0,0,0,0.04,1.21,-0.04,1.21,0,1.21,0,0.61,0,1.21,1.21,0,0,1.21,1.38,13.97,4.25,0,3.64,48.73,9.11,3.04,1.82,1.82,75,1.76,1.76,0.61,0,0.61,60,3.64,0,11.54,11.71,2.43,3.04,0.61,46.34,4.25,37,1.21,40,0,0,0,29.75,75,1.82,11,60,1.21,3.04,33,71,-4,54.19,0.61,0.07,0.09,22.47,89,4.8,9.11,0.61,0.61,0,0.61,1.82,2.43,0,0,0,,0.61,25,51,24,13,67,20,17,14.29,1.04,112,-2.71,17.66,15.98,0,0,0,0,0,,0,0,,0,0,0,0,0,0,33,14,0.73,11,-0.06,-0.02,0.11,-0.03,,-0.01
Kyan Vaesen,OH Leuven,Jupiler Pro League,2026/2027,148,Left Centre Forward,Belgium,12/04/01,26,0,0,0.08,0.07,1.22,0,0,3,,0,0,0.06,0.61,0,0.06,0.61,0,0,0,0,0.15,1.82,-0.15,0,0,0,,0,0,2.43,1.82,0,0,0,0,13.38,6.08,0,4.87,54.6,3.65,2.43,0,0,0,0,0,0,0,0.61,43,1.82,0,13.38,9.66,4.87,3.04,2.43,59.24,8.51,64,2.43,80,0.61,0,0,17.64,85,0,19,,0,0,21,71,-14,59.57,1.22,0.19,0.26,13.99,74,7.31,6.69,0.61,0.61,0,0,2.43,3.04,0.61,0,0,,0,15,56,29,36,45,18,13.05,16.77,0.95,88,3.72,12.42,14.71,0,0,0,0,0,,0,0,,0,0,0,0,0,0,18,12,4.38,28,-0.01,0.01,-0.01,-0.09,,-0.1
Rok Storman,Kortrijk,Jupiler Pro League,2026/2027,146,Centre Attacking Midfielder,Slovenia,03/09/04,22,0,0,0.03,0.02,1.23,0,50,3,,0.04,0,0,0,0,0,0,0,0,0,0,0.03,1.23,-0.03,1.84,0.61,1.23,33,0,0,3.69,1.23,0,0,0,0,19.66,9.22,0,7.99,54.48,9.22,6.14,1.23,1.23,50,1.35,1.35,1.84,50,1.23,17,0.61,0,16.59,14.98,6.76,3.07,1.84,49.37,9.22,56,2.46,80,0,0,0.61,23.96,75,0,25,0,0,1.23,10,100,25,58.6,3.69,0.14,0.14,25.19,80,5.8,7.99,0,0,0,0,3.07,3.07,0,,0,,0,25,45,30,8,62,31,18.08,16.15,0.92,100,-1.93,16.61,16.15,0,0,0,0,0,,0,0,,0,0,0,0,0,0,28,8,2.15,19,-0.06,-0.02,-0.05,0.03,,-0.1
Zalán Vancsa,Lommel,Jupiler Pro League,2026/2027,145,Centre Forward,Hungary,26/10/04,22,0,0,0.08,0.06,1.25,0,0,2,,0,0,0.02,0.62,0,0.02,0.62,0,0,0,0,0.1,1.87,-0.1,1.25,1.25,0,100,1.25,0,1.25,1.87,0.62,0.46,0.62,0.23,10.58,2.49,0,4.36,52.5,4.36,3.11,2.49,3.11,100,1.61,2.07,0,100,0,0,0,0,8.09,5.07,3.74,3.74,1.25,65.96,6.85,85,3.74,100,0,0,0,26.15,62,1.25,12,50,1.25,1.87,19,25,-37,61.33,3.11,0.12,0.18,24.28,95,6.95,8.72,1.25,1.25,0,0,1.87,3.11,0,0,0,0,0.62,14,60,26,21,29,50,18.82,17.18,0.94,80,-1.65,17.7,13.71,0,0,0,0,0,,0,0,,0,0,0,0,0,0,36,5,2.43,19,-0.11,0.19,0.03,-0.03,,0.08
Malick Mbaye,Zulte Waregem,Jupiler Pro League,2026/2027,143,Right Wing,Senegal,05/04/04,23,0,0,0.42,0.1,4.39,0,29,6,,0.01,0.63,0.16,0.63,0.63,0.16,0.63,0,0,0,0.63,0.58,5.02,0.04,2.51,1.25,1.25,50,3.14,0,1.88,7.53,0,0,0,0,16.94,8.78,0,3.14,51.77,10.04,6.9,0.63,0.63,100,0.49,0.49,1.25,,0,14,0.63,0,15.06,11.06,2.51,0.63,0,49.34,5.02,33,0,0,0,0,0,29.49,68,1.25,10,50,1.25,1.25,15,71,3,64.77,5.02,0.82,0.9,42.04,78,8.89,11.92,0,0,0,0.63,5.65,5.65,0,,1.25,33,0.63,15,72,13,16,63,21,17.43,20.69,1.01,87,3.26,17.62,17.98,0,0,0,0,0,,0,0,,0,0,0,0,0,0,23,13,5.02,27,0.01,0.22,0.02,-0.38,,-0.12
Benjamin Tahirović,KRC Genk,Jupiler Pro League,2026/2027,142,Right Defensive Midfielder,Bosnia and Herzegovina,02/03/03,24,0,0,0.03,0.03,1.27,0,50,1,,0,0,0.04,1.27,0,0.04,1.27,0,0,0,0,0.08,2.54,-0.08,0,0,0,,1.27,0,0,2.54,0.63,0.99,2.54,3.32,17.12,10.15,0.03,4.44,40.64,8.88,8.24,1.9,2.54,100,1.69,2.68,1.9,100,0,25,0.63,0,13.32,10.71,3.17,4.44,0.63,47.42,6.34,48,2.54,57,1.27,0,0,47.56,94,3.17,18,83,3.17,3.17,13,90,-4,54.59,5.07,0.83,0.86,45.03,99,3.96,17.12,0,0,0,0.63,1.27,1.27,0,,0,,0.63,15,74,11,30,67,4,18.89,19.29,0.98,98,0.41,18.47,18.89,0,0,0,0,0,,0,0,,0,0,0,0,0,0,8,3,8.56,47,0.06,0.09,0.04,-0.03,,0.16
Joël Ito,RAAL La Louvière,Jupiler Pro League,2026/2027,141,Left Centre Midfielder,Belgium,26/03/98,29,0,0,0.03,0.05,0.64,0,100,1,,0.02,0,0.03,0.64,0,0.03,0.64,0,0,0,0,0.07,1.28,-0.07,1.28,0.64,0.64,50,0.64,0,3.19,1.28,0,0,0.64,0.12,33.19,15.32,0,12.13,46.18,9.57,3.19,3.19,3.19,56,1.43,1.43,3.19,0,2.55,0,0,0,26.81,10.62,8.3,8.94,2.55,48.61,10.21,38,5.74,64,0.64,0.64,0,23.62,80,2.55,30,80,1.91,1.91,18,86,6,52.06,0,0.13,0.2,23.62,84,6.77,5.11,0.64,0.64,0,0,1.28,1.91,0.64,100,0.64,50,0,13,68,20,0,100,0,18.62,23.7,1.02,104,5.08,18.93,24.64,0,0,0,0,0,,0,0,,0,0,0,0,0,0,23,8,1.91,16,-0.02,0.08,0.04,-0.03,,0.07
Denzel De Roeve,Union Saint-Gilloise,Jupiler Pro League,2026/2027,139,Right Wing Back,Belgium,09/08/04,22,0.65,0.65,0.13,0.1,1.3,50,100,2,,0.06,0,0,0,0,0,0,0,0,0,0.65,0.13,1.3,0.52,0,0,0,,0,0,1.3,0,0.65,0.62,0.65,0.53,14.28,4.54,0,5.84,44.92,8.44,3.89,1.95,2.6,100,1.4,2.02,0,100,0,67,1.3,0,12.33,11.13,3.89,1.3,0.65,49.89,6.49,53,1.3,100,0,0,0,32.44,66,0,19,0,0.65,1.3,12,50,-16,55.35,3.24,0.72,0.72,24.01,95,6.43,9.08,0,0,0,0,5.19,5.19,0.65,,0,0,0.65,18,66,16,7,57,36,15.58,13.01,0.86,84,-2.57,13.37,10.91,0,0,0,0,0,,0,0,,0,0,0,0,0,0,28,12,2.73,12,-0.02,0.09,0.04,0.05,,0.15
Lukasz Lakomy,OH Leuven,Jupiler Pro League,2026/2027,139,Left Attacking Midfielder,Poland,17/01/01,26,0,0,0.06,0.09,0.65,0,0,1,,0,0,0.04,1.3,0,0.02,0.65,0,0.03,0.65,0,0.1,1.95,-0.1,0,0,0,,0,0,1.3,2.6,0.65,0.52,0.65,0.85,20.78,11.69,0.03,5.19,47.63,5.19,3.25,2.6,3.25,80,2.58,3.11,1.3,50,0.65,17,0.65,0,17.53,20.02,3.25,5.84,1.3,50.21,11.04,63,5.19,89,0,0,0,31.81,82,4.54,79,78,0.65,5.84,5,33,-49,50.02,1.95,0.22,0.3,26.62,85,4.43,4.54,2.6,0.65,1.95,0,1.95,2.6,0,25,0.65,100,0,11,75,14,29,57,14,20.32,4.89,1,174,-15.43,20.3,8.5,0,0,0,0,0,,0,0,,0,0,0,0,0,0,20,5,2.6,31,0.06,-0.09,0.09,-0.06,,-0.01
Bahmed Deuff,Antwerp,Jupiler Pro League,2026/2027,137,Centre Attacking Midfielder,Mauritania,09/03/06,21,0,0,0.08,0.06,1.32,0,50,2,,0.26,0,0,0,0,0,0,0,0,0,0,0.08,1.32,-0.08,0,0,0,,3.29,0,2.64,0,0.66,0.64,2.64,2.35,20.42,9.22,0.04,7.25,37.2,7.91,3.29,3.29,3.95,100,2.79,3.42,2.64,100,0,57,2.64,0,14.49,13.03,5.27,3.29,0.66,41.43,4.61,32,1.32,40,0.66,0.66,0,34.92,93,1.32,20,40,5.27,0.66,20,73,-20,45.13,1.32,0.78,0.8,34.92,94,6.21,3.29,0,0,0,0,1.32,1.32,0,,0,,0,23,64,13,20,80,0,20.54,27.85,0.94,79,7.31,19.28,22.11,0,0,0,0,0,,0,0,,0,0,0,0,0,0,11,4,2.9,34,-0.01,0.09,-0.04,0.03,,0.08
Noa Ojea,RSC Anderlecht,Jupiler Pro League,2026/2027,134,Right Midfielder,Belgium,09/08/09,17,0,0,0.11,0.08,1.35,0,0,2,,0,0,0.11,2.02,0,0.06,1.35,0,0.06,0.67,0,0.22,3.36,-0.22,2.69,1.35,1.35,50,2.02,0,2.69,2.02,0,0,0,0,20.18,10.76,0,4.04,53.39,4.71,4.04,2.02,2.02,100,2.43,2.43,0,,0,,0,0,18.16,22.62,4.04,4.71,1.35,52.02,11.44,63,4.71,100,0,0,0,34.31,74,1.35,76,50,0,2.69,12,71,-3,64.98,3.36,0.45,0.51,39.69,88,4.6,13.45,1.35,0.67,0.67,0,2.69,3.36,0,0,0.67,33,0,16,66,19,15,60,25,17.46,9.4,0.98,95,-8.05,17.18,8.93,0,0,0,0,0,,0,0,,0,0,0,0,0,0,40,16,7.6,47,-0.11,0.08,0.03,-0.14,,-0.13
Mohammed Fuseini,Union Saint-Gilloise,Jupiler Pro League,2026/2027,131,Centre Forward,Ghana,15/05/02,25,0,0,0.5,0.14,3.44,0,80,14,,0.34,0.69,0.24,2.06,0.69,0.24,2.06,0,0,0,0.69,0.74,5.5,-0.05,1.38,0.69,0.69,50,1.38,0,0,2.06,0.69,0.55,0,0,7.57,2.75,0,0.69,74.77,2.75,2.06,0,0.69,0,0,0.55,0.69,0,0.69,0,0,0,6.88,11.06,0.69,2.06,0.69,75.06,6.19,90,2.06,100,0,0,0,6.88,82,2.06,22,100,0,2.06,36,75,-7,65.03,1.38,0.11,0.81,11.7,88,8.67,4.13,0.69,0.69,0,1.38,8.26,8.94,0,0,0.69,100,1.38,0,91,9,0,100,0,23.47,14.01,1.09,85,-9.45,25.54,11.94,0,0,0,0,0,,0,0,,0,0,0,0,0,0,18,18,2.75,16,0.06,0.26,0,-0.14,,0.18
Takuya Ogiwara,OH Leuven,Jupiler Pro League,2026/2027,131,Left Back,Japan,22/11/99,27,0,0,0.06,0.09,0.69,0,100,1,,0.08,0,0.04,0.69,0,0.04,0.69,0,0,0,0,0.1,1.38,-0.1,0.69,0.69,0,100,0.69,0,2.75,0,1.38,0.86,2.06,2.39,18.58,8.26,0.04,6.19,30.18,8.26,2.75,2.75,4.13,67,2.16,3.03,1.38,0,1.38,40,1.38,0,14.45,12.61,4.13,0.69,0.69,32.3,2.06,14,0,0,0,0,0,39.22,67,2.06,88,33,4.13,4.13,19,43,-24,50.31,6.19,0.16,0.2,37.15,93,5.34,12.38,0.69,0.69,0,0,1.38,2.06,0,100,1.38,33,0,30,51,19,33,33,33,21.12,23.45,0.89,77,2.33,18.9,18.08,0,0,0,0,0,,0,0,,0,0,0,0,0,0,29,7,0.96,10,0.14,0.06,0.57,-0.02,,0.76
Antoine Colassin,Sporting Charleroi,Jupiler Pro League,2026/2027,131,Centre Forward,Belgium,25/02/01,26,0.69,0.69,0.36,0.13,2.75,25,75,6,,1.05,0.69,0.18,2.75,0.69,0.18,2.75,0,0,0,1.38,0.54,5.51,0.84,2.75,1.38,1.38,50,0.69,0,2.75,5.51,0,0,0.69,0.86,22.04,13.08,0,8.26,54.51,8.95,6.2,1.38,1.38,67,2.01,2.01,4.13,0,0.69,44,2.75,0,16.53,21.74,7.57,6.89,2.07,57.68,11.71,71,6.89,100,0,0,0,22.72,69,0.69,10,100,0.69,0.69,17,50,-19,68.46,0,0.42,0.7,21.35,71,5.2,10.33,0,0,0,2.07,7.57,7.57,0,,0.69,50,2.75,20,66,14,7,73,20,13.82,11.85,1.04,152,-1.96,14.31,18.03,0,0,0,0,0,,0,0,,0,0,0,0,0,0,29,9,5.16,22,-0.01,-0.02,-0.01,0.43,,0.39
Sam de Grand,Lommel,Jupiler Pro League,2026/2027,129,Left Back,Netherlands,04/10/04,22,0,0,0.02,0.03,0.7,0,0,1,,0,0,0.31,2.09,0,0.19,1.4,0,0.12,0.7,0,0.33,2.79,-0.33,0.7,0.7,0,100,0,0,1.4,0,0.7,0.68,0.7,0.68,4.19,2.79,0,2.09,27.42,9.77,4.19,0,0.7,0,0,0.68,0,0,0.7,0,0,0.7,4.19,4.04,2.09,0.7,0,40.75,2.09,50,0,0,0,0,0,64.18,82,9.77,86,64,1.4,14.65,5,80,-2,45.8,5.58,0.44,0.46,56.5,98,3.16,13.95,2.79,1.4,1.4,0.7,0.7,2.09,0.7,0,0,0,0,30,62,8,30,55,15,22.43,19.78,0.9,79,-2.65,20.23,15.68,0,0,0,0,0,,0,0,,0,0,0,0,0,0,25,12,4.95,48,0.32,0.07,0.12,-0.01,,0.5
Adeshina Ibrahim Ayodele,Mechelen,Jupiler Pro League,2026/2027,129,Centre Forward,Nigeria,21/06/06,20,0.7,0.7,0.92,0.22,4.19,17,67,11,,1.28,0,0,0,0,0,0,0,0,0,0.7,0.92,4.19,-0.22,0,0,0,,1.4,0.7,0.7,2.79,0,0,0.7,1.16,9.77,2.79,0.07,2.09,57.65,4.19,2.79,0.7,0.7,100,1.16,1.16,1.4,,0,27,2.09,0,7.67,8.93,2.09,2.79,0.7,67.29,6.28,82,1.4,50,0.7,0,0,16.74,60,0,17,0,0.7,0.7,44,64,4,63.89,0,0.72,0.84,18.14,85,2.84,4.88,0,0,0,0.7,8.37,8.37,0,,0,0,0.7,12,80,8,14,71,14,14.88,12.35,0.78,96,-2.54,11.57,11.8,0,0,0,0,0,,0,0,,0,0,0,0,0,0,40,16,0.28,1,-0.18,0.38,0.01,0.06,,0.26
Maksim Paskotsi,Gent,Jupiler Pro League,2026/2027,125,Right Centre Back,Estonia,18/01/03,24,0,0,0,,0,,,0,,0,0,0,0,0,0,0,0,0,0,0,0,0,0,0,0,0,,0,0,0.72,0,2.16,1.99,3.61,3.39,10.82,4.33,0.06,2.89,27.97,6.49,1.44,1.44,3.61,100,1.4,3.39,0.72,,0,100,2.16,0,8.66,8.58,2.16,0.72,0,32.66,2.89,33,0,0,0,0,0,46.18,84,0.72,29,20,4.33,2.89,12,56,-28,39.21,2.16,0.22,0.22,36.08,98,4.25,2.89,0,0,0,0,0.72,0.72,0,,0,,0,26,68,7,25,25,50,20,14.25,0.98,97,-5.75,19.51,13.78,0,0,0,0,0,,0,0,,0,0,0,0,0,0,22,7,2.02,16,0,0.01,-0.02,,,-0.01
Henry Oware,Lommel,Jupiler Pro League,2026/2027,123,Left Back,Ghana,31/03/04,23,0,0,0,,0,,,0,,0,0,0.02,0.73,0,0.02,0.73,0,0,0,0,0.02,0.73,-0.02,0,0,0,,0,0,0,0,3.65,1.62,4.38,2.17,15.33,7.3,0.03,5.11,23.59,8.03,2.19,2.19,5.84,100,1.37,2.99,0,,0,67,1.46,0,13.14,5.95,4.38,0.73,0.73,33.02,3.65,28,0.73,100,0,0,0,44.53,82,8.76,94,67,8.03,9.49,21,69,-13,41.28,4.38,0.07,0.07,37.23,100,3.6,6.57,0.73,0.73,0,0,0,0.73,0,100,0.73,100,0,30,56,14,44,44,11,25.91,31.53,0.9,67,5.62,23.21,21.23,0,0,0,0,0,,0,0,,0,0,0,0,0,0,25,10,0.73,5,0.09,0.04,0.03,,,0.16
Nikolas Sattlberger,KRC Genk,Jupiler Pro League,2026/2027,120,Right Centre Back,Austria,17/01/04,23,0,0,0.16,0.21,0.75,0,0,0,,0,0,0,0,0,0,0,0,0,0,0,0.16,0.75,-0.16,0,0,0,,0.75,0,0,0,0.75,1.13,1.5,2.26,9.75,3,0,6,27.66,6.75,2.25,1.5,2.25,67,2.26,3.39,0.75,50,0.75,0,0,0,7.5,10.95,3.75,2.25,0.75,34,1.5,20,0.75,33,0,0,0,76.49,96,9.75,14,100,2.25,9,4,100,4,41.77,6.75,0.3,0.3,67.49,100,4.48,6.75,0,0,0,0,1.5,1.5,0,,0,,0,17,81,2,33,67,0,24.7,26.11,1.01,100,1.41,24.99,26.11,0,0,0,0,0,,0,0,,0,0,0,0,0,0,8,5,2.55,28,0.14,0.08,0.08,-0.03,,0.27
Ibrahima Cissé,Gent,Jupiler Pro League,2026/2027,115,Centre Forward,Senegal,23/09/07,19,1.56,1.56,0.92,0.39,2.35,67,100,12,,1.01,0,0,0,0,0,0,0,0,0,1.56,0.92,2.35,0.64,0.78,0,0.78,0,0.78,0,1.56,3.91,0,0,1.56,1.87,19.54,7.04,0,3.91,58.61,3.13,2.35,1.56,1.56,100,1.29,1.29,3.13,,0,44,3.13,0,14.85,10.79,2.35,1.56,0,66.76,12.51,84,0.78,50,0.78,0,0.78,6.25,33,0,33,,1.56,0,11,0,-33,55.08,1.56,0.29,0.92,5.47,57,7.31,0.78,0,0,0,0,3.13,3.13,0,,0,,0,44,44,11,100,0,0,16.81,9.42,1.07,,-7.39,17.98,,0,0,0,0,0,,0,0,,0,0,0,0,0,0,56,0,0.86,8,0.01,0.02,-0.02,0.51,,0.52
Tunde Akinsola,Cercle Brugge,Jupiler Pro League,2026/2027,113,Right Attacking Midfielder,Nigeria,09/03/03,24,0,0,0.03,0.04,0.8,0,0,2,,0,0,0.02,0.8,0,0.02,0.8,0,0,0,0,0.05,1.59,-0.05,3.98,1.59,2.39,40,3.19,0,1.59,3.98,0,0,0,0,19.12,8.76,0,7.17,57.13,6.37,5.58,1.59,1.59,100,1.39,1.39,0,,0,0,0,0,17.53,15.66,5.58,6.37,1.59,57.33,10.36,59,3.19,50,0,0,0,22.31,54,0,93,,0,0,7,50,-4,61.16,3.19,0.08,0.1,28.68,81,7.49,7.97,0,0,0,0,1.59,1.59,0,,0,0,0,21,79,0,30,70,0,15.28,17.52,0.93,29,2.24,14.24,5.04,0,0,0,0,0,,0,0,,0,0,0,0,0,0,50,14,2.23,9,-0.09,0.09,0.02,-0.03,,-0.02
Nzubechi Sixtus Ogbuehi,Kortrijk,Jupiler Pro League,2026/2027,108,Centre Attacking Midfielder,Nigeria,14/03/03,24,0,0,0.1,0.12,0.83,0,0,0,,0,0,0,0,0,0,0,0,0,0,0,0.1,0.83,-0.1,0,0,0,,2.49,0,0,3.33,0,0,0,0,25.78,12.47,0,8.32,66.34,3.33,1.66,0,0,0,0,0,0.83,0,1.66,56,4.16,0,24.95,15.16,7.48,2.49,0.83,65.33,21.62,87,2.49,100,0,0,0,19.13,57,0,10,,0,0,35,13,-44,68.21,1.66,0.08,0.17,11.64,86,5.18,6.65,0,0,0,0,4.16,4.16,0,,0,,0,22,57,22,0,50,50,13.93,13.41,0.94,32,-0.52,13.05,4.23,0,0,0,0,0,,0,0,,0,0,0,0,0,0,39,4,0.83,5,0,-0.01,0,-0.13,,-0.14
Ryan Fosso,Standard Liège,Jupiler Pro League,2026/2027,107,Centre Defensive Midfielder,Switzerland,16/06/02,24,0,0,0,,0,,,0,,0,0,0,0,0,0,0,0,0,0,0,0,0,0,0,0,0,,0.84,0,0,0,0,0,2.53,3.43,23.59,13.48,0.05,7.58,32.71,17.69,5.9,5.9,5.9,78,3.92,3.92,2.53,0,1.68,100,1.68,0,15.16,12.57,6.74,5.05,2.53,34.79,2.53,17,0.84,17,0.84,0,0,37.07,67,0.84,22,33,2.53,2.53,13,83,16,44.86,1.68,0.06,0.06,18.53,100,4.73,3.37,0,0,0,0,0,0,0,,0,,0,28,61,11,25,25,50,19.81,15.07,1,104,-4.74,19.81,15.72,0,0,0,0,0,,0,0,,0,0,0,0,0,0,33,9,1.01,17,-0.02,0.06,-0.66,,,-0.63