Name,Team,Competition,Season,Minutes,Primary Position,Nationality,Age,Date of Birth,All Goals,NP Goals,xG,xG/Shot,Shots,Goal Conversion%,Shooting%,Shot Touch%,Penalty Conversion%,PSxG,Assists,xG Assisted,Key Passes,OP Assists,OP xG Assisted,OP Key Passes,SP Assists,SP xG Assisted,SP Key Passes,Scoring Contribution,xG & xG Assisted,Shots & Key Passes,O/U Performance,Dribbles,Successful Dribbles,Failed Dribbles,Dribble%,Fouls Won,Penalty Wins,Dispossessed,Turnovers,Interceptions,PAdj Interceptions,Clearances,PAdj Clearances,Defensive Actions,Aggressive Actions,Blocks/Shot,Defensive Regains,Average DA X,Ball Recov. F2,Ball Recoveries,Tackles,Tack&Int,Tack/DP%,PAdj Tackles,PAdj Tack&Int,Fouls,Dribbles Stopped%,Dribbled Past,Aerial Win%,Aerial Wins,Errors,Pressures,PAdj Pressures,Pressure Regains,Counterpressures,Counterpress Regains,Average Pressure X,Pressures F2,Pressures F2%,Counterpressures F2,Counterpressures F2%,Yellow Cards,2nd Yellows,Red Cards,OP Passes,Passing%,Long Balls,L/R Footedness%,Long Ball%,Pr. Long Balls,UPr. Long Balls,Passes Pressured%,Pr. Pass%,Pr. Pass% Dif.,Average Pass X,Deep Progressions,xGBuildup,xGChain,Carries,Carry%,Carry Length,OP F3 Passes,PintoB,OP Passes Into Box,SP PintoB,Passes Inside Box,Touches In Box,PinTin,Throughballs,Successful Box Cross%,Successful Crosses,Crossing%,Deep Completions,Pass Forward%,Pass Sideways%,Pass Backward%,F3 Pass Forward%,F3 Pass Sideways%,F3 Pass Backward%,Pass Length,Pr. Pass Length,Pass Length Ratio,Pr. Pass Length%,Pr. Pass Length Dif.,Succ. Pass Length,Succ.Pr. Pass Length,Goals Conceded,PSxG Faced,GSAA,Save%,xSv%,Shot Stopping%,xG Faced,Shots Faced,Shots Faced OT%,All Shots Faced,Positioning Error,Penalties Faced,Penalties Conceded,GK Aggressive Dist.,Claims%,Pass into Danger%,Pass into Pressure%,Positive Outcome,Positive Outcome%,Pass OBV,D&C OBV,DA OBV,Shot OBV,Goalkeeper OBV,OBV
Aaron Astudillo,Cobresal,Primera División,2026,1259,Right Defensive Midfielder,Venezuela,26,16/04/00,0,0,0.02,0.04,0.36,0,20,1,,0,0.07,0.09,0.5,0.07,0.09,0.5,0,0,0,0.07,0.1,0.86,-0.03,1,0.79,0.21,79,0.5,0,1.29,1,0.36,0.16,2.57,1.33,18.73,11.08,0.02,7.01,30.74,6.86,3.07,2.43,2.79,68,1.69,1.85,1.57,24,1.14,27,0.29,0,14.73,9.87,5.29,2.43,0.72,33.91,3,20,1.22,50,0.14,0,0,34.68,79,1.93,20,50,3.43,3,16,72,-7,51.07,4.29,0.26,0.34,31.1,94,5.13,7.87,0.57,0.5,0.07,0.14,1.57,2.07,0,50,0.43,21,0.21,21,69,10,25,69,6,18.78,20.51,0.95,94,1.73,17.87,19.31,0,0,0,0,0,,0,0,,0,0,0,0,0,0,22,9,4.14,30,0.09,0.07,0.04,-0.01,,0.2
Agustín Arce,Universidad de Chile,Primera División,2026,1027,Left Wing,Chile,21,23/01/05,0.35,0.35,0.19,0.06,3.42,10,21,3,,0.2,0.09,0.14,1.67,0.09,0.08,1.23,0,0.05,0.44,0.44,0.33,5.08,0.11,0.88,0.53,0.35,60,0.79,0,1.67,1.4,0.61,0.85,0.7,0.87,18.41,9.2,0.03,6.31,51.46,8.33,5.44,1.4,2.02,64,2.01,2.86,1.14,25,0.79,62,1.4,0.09,15.87,21.08,5.35,4.82,2.37,53.16,8.24,52,3.16,65,0.18,0,0,41.9,74,4.03,15,55,1.4,6.57,16,59,-14,60.14,6.14,0.41,0.56,36.47,94,4.36,15.17,2.37,1.67,0.7,0.35,4.12,5.79,0.18,7,0.35,22,0.61,19,70,11,18,70,12,20.73,15.5,0.95,97,-5.23,19.69,15,0,0,0,0,0,,0,0,,0,0,0,0,0,0,28,10,6.77,39,0.11,0.07,0.02,-0.06,,0.14
Agustín Farías,Universidad Católica,Primera División,2026,501,Right Centre Back,Argentina,39,24/12/87,0,0,0.05,0.08,0.72,0,0,1,,0,0,0,0.18,0,0,0.18,0,0,0,0,0.06,0.9,-0.06,0,0,0,,0.54,0,1.26,0,1.26,1.28,3.59,3.5,14.36,6.1,0.03,7.72,31.5,12.92,3.95,1.79,3.05,63,2.06,3.34,0.54,14,1.08,57,1.44,0,12.03,12.96,5.21,3.05,1.62,37.68,2.69,22,1.08,35,0.18,0,0,38.59,78,1.97,7,42,4.49,3.77,16,64,-14,39.89,1.79,0.24,0.29,27.82,97,4.79,4.31,0.18,0.18,0,0,1.08,1.26,0,0,0,,0.18,21,71,8,29,58,13,21.94,23.42,0.9,85,1.49,19.64,19.94,0,0,0,0,0,,0,0,,0,0,0,0,0,0,22,7,3.75,25,0.02,0.03,0.19,-0.07,,0.17
Agustín José Urzi,Universidad Concepción,Primera División,2026,938,Left Wing,Argentina,26,03/05/00,0.1,0.1,0.16,0.07,2.3,4,29,3,,0.2,0.19,0.12,1.63,0.19,0.1,1.34,0,0.02,0.29,0.29,0.28,3.93,0.01,2.11,1.53,0.58,73,2.3,0,2.3,2.69,0.58,0.5,0.67,0.53,16.31,7.87,0.01,4.8,52.8,7.87,3.84,1.25,1.82,72,0.9,1.4,0.77,17,0.48,18,0.29,0,14.29,11.95,3.93,3.93,1.25,55.83,8.35,58,2.88,73,0.19,0,0,30.7,70,2.3,86,39,1.25,5.28,18,60,-10,60.71,4.03,0.3,0.42,30.79,89,5.21,11.13,1.25,0.77,0.48,0.58,4.12,4.89,0.1,38,0.96,50,0.96,19,69,13,17,72,11,20.39,17.36,0.9,97,-3.03,18.44,16.88,0,0,0,0,0,,0,0,,0,0,0,0,0,0,30,10,5.72,39,-0.02,0.04,0.02,0.05,,0.09
Agustín Nadruz,Cobresal,Primera División,2026,1181,Centre Defensive Midfielder,Uruguay,30,28/06/96,0.15,0.15,0.04,0.03,1.14,13,33,1,,0.06,0,0,0.08,0,0,0.08,0,0,0,0.15,0.04,1.22,0.12,0.53,0.38,0.15,71,0.46,0,0.38,0.46,0.84,0.58,1.45,1.12,22.1,14.1,0.04,7.77,38.54,7.85,3.28,2.06,2.9,56,1.59,2.17,1.07,26,1.6,63,0.76,0,18.98,14.27,6.17,3.12,1.22,40.83,5.72,30,1.6,51,0.08,0,0,34.45,82,1.83,11,47,2.36,2.97,16,68,-14,46.58,4.12,0.26,0.27,29.42,97,4.54,5.18,0,0,0,0,0.69,0.69,0.08,,0,,0,24,68,8,28,65,7,20.38,20.94,0.92,90,0.56,18.7,18.86,0,0,0,0,0,,0,0,,0,0,0,0,0,0,21,9,4.13,30,0,0.06,0.05,-0.02,,0.09
Alan Medina,Everton,Primera División,2026,2141,Centre Attacking Midfielder,Uruguay,28,09/04/98,0.38,0.21,0.23,0.09,2.61,8,42,3,100,0.17,0.13,0.22,2.06,0.13,0.19,1.89,0,0.02,0.17,0.34,0.45,4.67,-0.11,1.39,0.88,0.5,64,1.77,0,2.02,2.77,0.46,0.4,1.47,1.26,21.14,10.51,0.01,6.43,52.36,9.04,5,1.47,1.93,67,1.36,1.77,1.34,42,0.71,42,1.18,0,18.32,17.06,5.21,5.3,1.77,57,11.47,63,3.74,71,0.13,0,0,32.91,72,3.4,19,56,1.85,5.72,19,68,-3,59.3,6.18,0.43,0.66,31.77,90,5.66,12.4,2.44,2.02,0.42,0.5,5.51,7.52,0.13,17,0.55,27,0.88,22,70,8,24,68,8,22.09,16.73,0.95,105,-5.35,21.08,17.55,0,0,0,0,0,,0,0,,0,0,0,0,0,0,26,8,5.54,37,0.05,0.1,0.03,-0.08,,0.11
Alan Robledo,O'Higgins,Primera División,2026,1254,Right Centre Back,Argentina,28,16/02/98,0,0,0.04,0.07,0.5,0,14,0,,0.04,0,0,0.14,0,0,0.14,0,0,0,0,0.04,0.65,-0.04,0.07,0.07,0,100,0.29,0,0,0,0.86,0.89,4.95,4.88,6.32,3.01,0.07,4.52,21.07,6.68,1,1.08,1.94,88,1.18,2.07,0.57,60,0.14,62,1.87,0,4.81,4.83,2.58,0.86,0.43,25.86,0.43,9,0.14,17,0.14,0,0,31.51,81,3.3,11,50,5.45,6.1,7,62,-20,36.08,2.51,0.28,0.29,23.47,100,4.54,2.66,0.29,0.29,0,0.07,1.08,1.36,0,0,0,0,0.07,32,65,3,49,51,0,25.32,23.25,0.9,76,-2.07,22.87,17.69,0,0,0,0,0,,0,0,,0,0,0,0,0,0,21,8,2.96,23,0.06,0.03,-0.04,-0.04,,0.01
Aldrix Esteban Jara Falcón,Deportes Concepcion,Primera División,2026,1113,Right Wing,Chile,26,07/09/00,0.16,0.16,0.16,0.06,2.67,6,27,4,,0.12,0,0.14,1.94,0,0.1,1.54,0,0.05,0.4,0.16,0.3,4.61,-0.14,2.51,1.54,0.97,61,1.21,0,2.35,3.48,0.32,0.32,0.65,0.59,10.76,5.74,0,3.56,50.62,7.52,4.69,0.81,1.13,45,0.71,1.03,0.08,14,0.97,25,0.49,0,10.03,8.89,2.67,2.02,0.4,52.06,5.18,52,1.37,68,0.08,0,0,29.68,70,1.94,17,44,0.97,4.12,23,70,0,63.27,4.21,0.31,0.45,33.4,86,7.07,11.73,2.18,1.78,0.4,0.32,4.12,5.9,0.16,30,1.05,32,0.49,12,71,17,15,67,18,19.56,13.83,0.91,98,-5.73,17.72,13.59,0,0,0,0,0,,0,0,,0,0,0,0,0,0,26,9,6.49,41,0.1,0.1,0.02,-0.05,,0.17
Alejandro Azócar,Coquimbo Unido,Primera División,2026,611,Left Wing,Chile,26,18/10/00,0.29,0.29,0.17,0.08,2.06,14,36,3,,0.21,0.15,0.17,1.18,0.15,0.15,1.03,0,0.01,0.15,0.44,0.34,3.24,0.1,2.21,1.47,0.74,67,1.47,0,1.47,2.5,0.44,0.39,0.74,0.68,16.05,6.63,0.02,5.3,51.53,6.19,3.24,1.33,1.77,69,1.59,1.98,1.03,71,0.59,50,0.88,0,13.7,13.27,4.12,2.5,1.03,56.35,8.69,63,2.06,82,0.15,0,0,26.95,66,2.06,85,67,1.18,2.65,23,51,-15,66.16,5.15,0.58,0.71,28.42,88,7.13,11.93,2.36,2.21,0.15,0.15,4.86,7.07,0,56,1.62,55,0.74,22,62,16,21,62,17,17.5,15.18,1.05,125,-2.32,18.46,19.04,0,0,0,0,0,,0,0,,0,0,0,0,0,0,35,8,4.74,29,0.06,0.19,0.02,0.05,,0.33
Alejandro Camargo,Coquimbo Unido,Primera División,2026,1478,Right Defensive Midfielder,Argentina,37,11/06/89,0.24,0.24,0.07,0.05,1.34,18,45,1,,0.17,0,0.01,0.3,0,0.01,0.3,0,0,0,0.24,0.08,1.64,0.16,0.06,0.06,0,100,0.67,0,0.73,0.18,0.85,0.72,3.23,3.02,17.48,9.68,0.04,6.58,38.38,15.16,7.55,2.25,3.11,67,2.4,3.12,1.34,22,1.1,61,2.44,0,13.88,13.73,4.93,3.71,1.28,42.43,4.93,36,1.95,52,0.18,0,0,42.5,84,5.11,8,76,3.71,6.27,14,74,-10,47.97,4.75,0.4,0.44,27.64,97,3.47,8.59,0.67,0.61,0.06,0.06,1.4,2.01,0.06,9,0.06,33,0.06,17,74,9,25,73,2,21.96,18.9,0.99,103,-3.05,21.69,19.44,0,0,0,0,0,,0,0,,0,0,0,0,0,0,18,7,4.44,30,0.03,0.08,0.04,-0.01,,0.13
Alejandro Jesús Santander Caro,Cobresal,Primera División,2026,1025,Goalkeeper,Chile,24,04/11/02,0,0,0,,0,,,0,,0,0,0,0.09,0,0,0,0,0,0.09,0,0,0.09,0,0,0,0,,0.18,0,0,0,0,0,0,0,0.09,0.09,0,9.13,2.48,5.44,0,0,0,0,0,0,0,100,0.09,,0,0,0.09,0.02,0,0,0,15.95,0,0,0,,0.09,0,0,15.01,71,8.07,5,51,1.49,14.48,6,50,-21,9.48,2.19,0.04,0.04,14.22,100,6.18,0.61,0.44,0.26,0.18,0,0,0.26,0,0,0,,0,47,52,0,100,0,0,46.65,52.06,0.79,86,5.41,36.91,44.83,1.14,1.09,-0.05,67,68,-1,1.1,3.42,24,14.48,1.55,0.35,0.26,14.9,-2,25,4,1.91,14,0.11,0.13,,,-0.08,0.16
Alex Joel Valdés Voissin,Deportivo Ñublense SADP,Primera División,2026,372,Left Wing,Chile,24,07/08/02,0,0,0.08,0.03,2.9,0,33,3,,0.04,0,0.34,1.45,0,0.34,1.45,0,0,0,0,0.42,4.35,-0.42,4.11,1.69,2.42,41,1.69,0,2.42,3.38,1.21,0.98,0.97,0.37,23.69,10.88,0.02,5.56,53.01,7.49,3.14,2.18,3.38,90,1.2,2.18,2.42,50,0.24,50,1.93,0,19.1,12.61,5.08,4.83,0.73,54.32,11.12,58,4.11,85,0,0,0,37.47,74,3.63,8,60,1.45,5.56,25,73,-2,63.11,5.08,0.46,0.89,41.34,85,6.27,15.47,3.87,3.14,0.73,0.24,3.63,6.77,0,25,0.97,33,0.73,16,68,16,19,64,17,21,18.48,0.93,103,-2.52,19.63,19,0,0,0,0,0,,0,0,,0,0,0,0,0,0,23,8,5.66,43,0.25,0.09,0.02,-0.11,,0.26
Alfonso Parot,Deportes Limache,Primera División,2026,1667,Left Centre Back,Chile,37,14/10/89,0.05,0.05,0.01,0.04,0.22,25,50,0,,0.01,0.05,0.03,0.32,0.05,0.02,0.27,0,0.01,0.05,0.11,0.04,0.54,0.07,0.32,0.32,0,100,0.65,0,0.16,0.11,0.86,0.59,6.32,4.15,10.2,5.72,0.06,6.75,19.39,8.47,1.4,1.4,2.27,81,0.95,1.54,0.38,50,0.32,65,1.94,0.05,8.42,6.11,4.32,1.08,0.59,23.13,0.65,8,0.43,40,0.11,0,0,34.55,80,6.32,89,60,7.77,9.12,13,68,-12,35.06,3.4,0.19,0.2,27.64,99,5.5,3.13,0.43,0.38,0.05,0,0.38,0.76,0.05,38,0.22,44,0,33,65,2,55,41,3,28.79,26.15,0.91,100,-2.65,26.31,26.18,0,0,0,0,0,,0,0,,0,0,0,0,0,0,22,5,2.78,22,0.08,0.05,0.02,0,,0.15
Andrés Zanini,La Serena,Primera División,2026,714,Right Centre Back,Argentina,29,17/01/97,0,0,0,,0,,,0,,0,0,0.02,0.25,0,0.02,0.25,0,0,0,0,0.02,0.25,-0.02,0.13,0.13,0,100,0.5,0,0.5,0,1.01,1.04,6.55,6.76,10.84,6.18,0.08,6.05,27.45,11.59,1.89,1.76,2.77,88,2.02,3.06,1.26,83,0.25,75,3.4,0,7.81,8.33,3.28,1.51,0.63,30.8,1.51,19,0.76,50,0.25,0,0,36.55,74,4.66,11,49,8.7,7.44,21,56,-18,34.02,1.89,0.23,0.23,25.2,98,4.3,2.39,0.13,0.13,0,0.25,0.76,0.88,0,0,0,,0.25,34,62,4,47,47,5,26.91,25.36,0.87,90,-1.55,23.45,22.72,0,0,0,0,0,,0,0,,0,0,0,0,0,0,25,8,2.81,21,0.08,0.03,0.04,,,0.15
Angel Gillard,Deportes Concepcion,Primera División,2026,352,Left Midfielder,Argentina,24,20/01/02,0,0,0.1,0.05,2.05,0,25,5,,0.06,0,0.04,0.51,0,0.04,0.51,0,0,0,0,0.14,2.56,-0.14,2.81,1.02,1.79,36,0.77,0,1.79,3.58,0.77,0.45,0.77,0.24,14.32,6.39,0,3.84,48.14,5.37,2.05,2.05,2.81,73,0.99,1.44,1.53,60,0.77,31,1.28,0,10.74,7.63,2.05,1.53,0.51,51.04,5.37,50,1.53,100,0.51,0,0,18.67,64,0.26,15,17,1.02,1.28,26,47,-16,59.87,1.28,0.16,0.21,19.95,77,5.91,5.37,0.51,0.51,0,0,2.3,2.81,0,50,0.26,33,0.26,18,62,20,0,81,19,17.48,17.83,0.89,111,0.35,15.6,19.85,0,0,0,0,0,,0,0,,0,0,0,0,0,0,27,4,1.51,13,0.02,0.02,0.02,-0.06,,0.01
Antonio Castillo,Cobresal,Primera División,2026,1161,Left Back,Chile,28,14/11/98,0,0,0.01,0.02,0.47,0,33,1,,0,0.08,0.08,1.16,0.08,0.05,0.78,0,0.03,0.39,0.08,0.09,1.63,-0.01,0.85,0.47,0.39,55,0.16,0,0.62,0.93,1.24,1.01,3.49,2.57,14.42,6.9,0.02,5.2,30.65,8.76,2.56,2.33,3.57,68,1.82,2.82,0.93,36,1.09,55,1.32,0,11.17,9.27,3.33,2.02,0.62,35.62,2.87,26,1.01,50,0,0,0,35.28,78,3.49,87,64,3.88,5.04,9,60,-18,48.33,3.8,0.32,0.35,29.62,96,4.33,7.44,1.24,0.62,0.62,0,0.08,0.7,0.16,50,0.62,35,0,32,59,10,18,70,13,20.12,17.62,0.96,92,-2.5,19.23,16.16,0,0,0,0,0,,0,0,,0,0,0,0,0,0,26,13,4.82,29,0.15,0.09,0.08,-0.01,,0.31
Antonio Díaz,Universidad Concepción,Primera División,2026,679,Left Midfielder,Chile,26,25/04/00,0.13,0.13,0.09,0.09,1.06,13,25,2,,0.11,0.13,0.05,0.93,0.13,0.05,0.8,0,0,0.13,0.27,0.15,1.99,0.12,1.06,0.4,0.66,38,0.4,0,1.72,2.92,1.19,1.07,1.46,1.06,13.52,6.23,0.01,4.37,39.41,7.42,3.84,1.06,2.25,73,0.8,1.87,1.33,25,0.4,55,0.8,0,11.14,6.96,3.71,2.12,0.8,42.07,3.18,29,1.19,56,0.53,0,0,28.11,65,1.46,87,50,1.99,2.39,19,50,-15,56.33,2.39,0.3,0.37,25.06,84,4.66,8.09,1.33,1.06,0.27,0.4,3.45,4.51,0,40,0.8,29,0.4,25,64,11,25,61,15,19.39,17.53,0.99,102,-1.86,19.13,17.95,0,0,0,0,0,,0,0,,0,0,0,0,0,0,38,9,4.64,32,0.08,0,-0.05,0.03,,0.06
Ariel Cáceres,Deportes Concepcion,Primera División,2026,1468,Right Back,Chile,27,20/11/99,0.12,0.12,0.04,0.07,0.55,22,22,1,,0.05,0,0.02,0.49,0,0.02,0.43,0,0,0.06,0.12,0.06,1.04,0.06,0.86,0.49,0.37,57,0.49,0,0.74,0.86,1.65,1.42,2.7,2.25,14.59,7.42,0.01,5.82,31.64,7.91,2.21,1.9,3.55,65,1.68,3.1,1.23,43,1.04,63,1.53,0,11.46,9.48,4.05,2.51,0.86,36.11,2.82,25,1.29,51,0.18,0,0,34.14,71,1.84,12,31,3.68,5.03,15,58,-13,50.33,4.11,0.14,0.16,27.52,95,4.68,6.74,0.61,0.43,0.18,0.06,0.74,1.16,0,50,0.55,21,0.06,31,60,8,35,57,8,21.06,18.49,0.84,97,-2.58,17.79,18.02,0,0,0,0,0,,0,0,,0,0,0,0,0,0,30,10,4.68,28,0.14,0.05,0.04,0,,0.23
Ariel Uribe,Universidad Concepción,Primera División,2026,426,Centre Forward,Chile,27,13/02/99,0,0,0.18,0.05,3.38,0,31,2,,0.23,0,0.2,2.11,0,0.15,1.48,0,0.05,0.63,0,0.38,5.49,-0.38,2.53,1.69,0.84,67,1.69,0,4.01,3.59,0.42,0.32,0,0,25.33,12.03,0,6.33,57.91,9.71,6.97,1.27,1.69,67,1.02,1.34,1.48,0,0.63,14,0.63,0,22.59,22.41,5.91,6.54,2.32,57.53,14.14,63,4.85,74,0,0,0,40.11,82,2.53,86,67,0,3.8,20,69,-13,62.58,8.65,0.88,1.04,43.69,88,5.51,19.21,2.32,1.69,0.63,0,3.17,4.85,0.21,18,0.42,29,0.63,15,72,13,19,67,14,17.85,14.13,0.99,116,-3.72,17.64,16.43,0,0,0,0,0,,0,0,,0,0,0,0,0,0,16,6,9.77,51,0.08,0.1,0.02,-0.1,,0.1
Arnaldo Castillo,O'Higgins,Primera División,2026,1532,Centre Forward,Paraguay,29,08/05/97,0.41,0.41,0.44,0.16,2.76,15,49,4,,0.37,0,0.09,0.59,0,0.09,0.59,0,0,0,0.41,0.53,3.35,-0.12,0.65,0.47,0.18,73,0.47,0,1.12,2.17,0.29,0.29,0.71,0.64,18.45,7.05,0.01,4.82,63.85,3.88,2.53,0.71,1,80,0.68,0.97,2.06,50,0.18,48,4.35,0,15.69,15.36,4,3.35,1.12,66.97,12.81,82,2.76,82,0.24,0,0,19.98,68,0.47,68,62,0.82,0.65,32,59,-9,60.95,1.41,0.47,0.74,13.28,82,3.83,6.29,0.47,0.47,0,0.35,8.17,8.64,0.12,13,0.18,60,0.88,13,65,22,7,72,21,15.46,14.69,0.99,99,-0.76,15.3,14.54,0,0,0,0,0,,0,0,,0,0,0,0,0,0,40,13,2.96,19,-0.06,-0.01,0.01,-0.16,,-0.21
Arturo Vidal,Colo Colo,Primera División,2026,1815,Centre Back,Chile,39,21/05/87,0.05,0.05,0.05,0.05,0.99,5,10,0,0,0.01,0.05,0.03,0.64,0.05,0.03,0.64,0,0,0,0.1,0.09,1.64,0.01,0.5,0.5,0,100,0.79,0,0.45,0.25,0.94,1.47,3.27,4.67,15.62,7.24,0.05,7.29,31.07,14.53,3.22,3.42,4.36,78,5.07,6.54,1.29,45,0.99,68,2.78,0.1,11.01,15.8,4.56,2.88,1.29,35.57,2.53,23,1.44,50,0.35,0,0,65.47,88,8.08,24,70,4.51,10.32,13,84,-4,40.26,6.35,0.57,0.62,50.29,99,4.18,8.18,0.64,0.64,0,0.05,1.44,2.08,0.05,0,0.05,25,0.1,24,72,4,21,76,3,22.81,19.34,0.94,102,-3.47,21.54,19.67,0,0,0,0,0,,0,0,,0,0,0,0,0,0,15,7,6.76,40,0.09,0.1,-0.02,-0.1,,0.07
Augusto Ezequiel Aguirre,Deportes Limache,Primera División,2026,2118,Right Centre Back,Argentina,27,01/08/99,0,0,0.04,0.1,0.42,0,10,0,,0.01,0.04,0.03,0.25,0.04,0.03,0.25,0,0,0,0.04,0.07,0.68,-0.03,0.25,0.13,0.13,50,0.47,0,0.42,0.25,1.15,0.83,5.1,3.82,7.95,4.33,0.06,5.06,22.24,8.41,1.61,0.81,1.95,83,0.77,1.6,0.3,43,0.17,51,1.27,0,6.84,4.88,3.36,1.02,0.47,26.28,0.76,11,0.42,42,0.04,0,0,35.4,79,3.53,26,44,6.25,6.8,11,64,-15,37.09,3.65,0.26,0.32,29.32,98,6.08,3.82,0.13,0.13,0,0.21,1.06,1.19,0,100,0.13,50,0.21,28,69,3,43,54,2,26.16,26.23,0.89,84,0.07,23.32,21.99,0,0,0,0,0,,0,0,,0,0,0,0,0,0,21,6,2.57,20,0.08,0.06,0.09,-0.01,,0.24
Axel Jonatan Alfonzo Villarreal,Deportes Limache,Primera División,2026,619,Right Centre Back,Paraguay,22,06/05/04,0,0,0.05,0.09,0.58,0,50,0,,0.11,0,0.01,0.15,0,0.01,0.15,0,0,0,0,0.06,0.73,-0.06,0.15,0,0.15,0,0.15,0,0.29,0.29,1.46,1.44,7.42,6.93,5.09,1.89,0.05,2.91,17.82,5.97,0.87,0.44,1.89,100,0.47,1.91,0.29,,0,59,2.47,0.15,4.37,3.88,1.46,1.16,0.87,23.39,0.58,13,0.29,25,0.15,0,0.29,36.96,82,2.18,11,38,8.44,4.66,5,43,-40,32.59,0.87,0.14,0.16,30.12,99,3.99,1.16,0,0,0,0.15,1.46,1.46,0,,0,,0.15,27,71,2,38,50,13,24.26,33.94,0.89,106,9.68,21.52,35.9,0,0,0,0,0,,0,0,,0,0,0,0,0,0,18,5,1.75,15,0.04,0.01,-0.03,0.02,,0.04
Bastián Ignacio Ubal Peña,Universidad Concepción,Primera División,2026,623,Left Centre Back,Chile,24,28/01/02,0,0,0.08,0.29,0.29,0,100,0,,0.19,0,0.02,0.29,0,0.02,0.29,0,0,0,0,0.1,0.58,-0.1,0,0,0,,0.58,0,0.58,0.58,1.01,1.26,6.93,7.2,11.7,5.63,0.05,6.35,24.53,13.14,2.17,1.01,2.02,58,1.14,2.4,1.16,33,0.72,54,2.74,0,9.68,9.47,3.9,0.87,0.58,28.87,1.3,13,0.43,50,0.43,0,0,49.82,83,7.8,13,68,8.09,10.4,10,68,-14,35.02,3.32,0.29,0.31,38.85,98,4.68,3.32,0,0,0,0,1.01,1.01,0,,0,0,0.14,21,77,2,26,74,0,26.39,23.83,0.95,88,-2.56,25.02,20.95,0,0,0,0,0,,0,0,,0,0,0,0,0,0,20,9,3.06,24,0.05,0.06,-0.05,0.07,,0.13
Bastián Yáñez,O'Higgins,Primera División,2026,1106,Left Midfielder,Chile,25,26/06/01,0.16,0.16,0.06,0.06,1.06,15,38,1,,0.09,0.08,0.12,1.22,0,0.1,0.9,0.08,0.02,0.33,0.24,0.18,2.28,0.06,1.22,0.81,0.41,67,1.63,0,1.14,1.46,0.41,0.36,0.41,0.31,11.39,5.29,0.01,3.74,48.33,5.37,2.85,1.14,1.55,67,1.06,1.42,0.57,57,0.57,0,0,0.08,9.68,9.68,3.09,2.2,0.65,49.22,4.56,47,1.87,85,0,0,0.08,33.12,73,1.87,95,43,0.9,3.82,21,72,-1,62.39,4.96,0.3,0.38,31.01,93,5.24,14,1.87,1.38,0.49,0.24,1.79,3.17,0.08,43,1.06,25,0.33,14,71,15,17,65,17,18.92,16.12,0.91,96,-2.8,17.15,15.53,0,0,0,0,0,,0,0,,0,0,0,0,0,0,28,10,5.04,37,0.03,0.07,0.01,0.03,,0.15
Bayron Oyarzo,Unión La Calera,Primera División,2026,1403,Left Midfielder,Chile,31,13/07/95,0.06,0.06,0.1,0.06,1.6,4,36,3,,0.15,0,0.08,1.09,0,0.06,0.96,0,0.02,0.13,0.06,0.18,2.69,-0.12,4.17,2.63,1.54,63,1.35,0,4.17,4.23,0.9,0.79,0.26,0.28,19.43,8.02,0.01,4.87,52.09,6.86,4.17,1.67,2.57,81,1.51,2.31,1.73,40,0.38,15,0.19,0,16.1,14.58,4.04,3.53,0.71,53.4,9.17,57,2.69,76,0.19,0,0,24.37,64,2.44,10,50,0.71,4.43,21,62,-2,62.59,5.71,0.22,0.3,31.81,80,7.65,10.33,1.48,1.22,0.26,0.38,2.69,3.91,0.13,35,0.64,25,0.51,16,72,11,17,68,16,21.57,17.36,0.98,117,-4.21,21.12,20.31,0,0,0,0,0,,0,0,,0,0,0,0,0,0,35,9,3.28,28,-0.04,0.1,0.01,0.04,,0.11
Benjamín Berríos,Everton,Primera División,2026,1779,Right Defensive Midfielder,Chile,28,08/03/98,0,0,0.02,0.04,0.51,0,20,0,,0,0,0.02,0.56,0,0.02,0.56,0,0,0,0,0.04,1.06,-0.04,0.66,0.4,0.25,62,0.86,0,0.71,1.11,1.06,0.98,2.68,2.01,12.34,5.87,0.03,5.36,35.43,12.04,4.45,1.11,2.18,69,1.1,2.09,0.61,47,0.51,49,1.01,0,10.62,10.11,4.2,2.48,1.06,39.81,2.93,28,1.32,53,0.1,0,0,45.07,82,3.54,17,63,3.14,5.16,14,75,-7,48.9,5.82,0.39,0.41,35.51,97,4.17,9.92,0.51,0.4,0.1,0.05,0.86,1.26,0.05,20,0.15,30,0.05,27,65,9,30,65,5,20.76,17.76,0.96,97,-3,19.94,17.28,0,0,0,0,0,,0,0,,0,0,0,0,0,0,21,9,4.48,28,0.04,0.07,0.04,-0.02,,0.14
Benjamín Chandía,Coquimbo Unido,Primera División,2026,907,Left Midfielder,Chile,24,24/11/02,0,0,0.13,0.07,1.89,0,26,3,,0.06,0.2,0.3,1.09,0.2,0.3,1.09,0,0,0,0.2,0.42,2.98,-0.22,1.19,0.4,0.79,33,0.6,0,2.28,2.58,0.6,0.5,0.69,0.56,14.49,6.35,0,3.57,53.86,6.85,4.07,0.69,1.29,54,0.69,1.2,0.99,17,0.6,14,0.2,0,12.8,11.89,3.18,3.27,1.29,55.31,7.04,55,2.68,82,0,0,0,27.48,69,1.19,77,50,0.99,2.08,22,67,-1,62.81,3.77,0.38,0.72,27.78,86,5.85,10.22,0.99,0.99,0,0.6,3.87,4.86,0,40,0.6,27,0.69,19,68,13,17,70,14,16.6,14.44,0.96,105,-2.16,15.89,15.19,0,0,0,0,0,,0,0,,0,0,0,0,0,0,29,7,4.65,36,0.09,0.09,0.02,-0.08,,0.11
Benjamín Gazzolo,Coquimbo Unido,Primera División,2026,1667,Right Centre Back,Chile,29,13/07/97,0,0,0.02,0.1,0.16,0,0,0,,0,0.05,0.01,0.22,0.05,0.01,0.22,0,0,0,0.05,0.03,0.38,0.02,0.22,0.16,0.05,75,0.32,0,0.27,0.16,1.13,1.05,5.94,5.88,12.31,6.1,0.05,6.26,26.02,11.17,1.4,1.94,3.08,72,1.95,3,0.86,52,0.76,70,3.56,0,9.61,9.33,3.99,1.3,0.54,29.35,1.13,12,0.43,33,0.22,0.05,0,33.04,81,2.97,16,55,6.64,4.7,12,55,-26,34.42,1.57,0.24,0.25,23.16,98,5.09,1.62,0.16,0.16,0,0.05,0.49,0.65,0,67,0.11,40,0.05,25,73,2,37,63,0,23.95,21.41,0.92,95,-2.54,22.11,20.26,0,0,0,0,0,,0,0,,0,0,0,0,0,0,20,5,2.53,17,0.03,0.04,0.04,-0.02,,0.09
Benjamín Ignacio Valenzuela González,Cobresal,Primera División,2026,721,Right Defensive Midfielder,Chile,21,03/04/05,0.12,0.12,0.07,0.13,0.5,25,75,1,,0.11,0.12,0.05,1.12,0.12,0.04,1,0,0.01,0.12,0.25,0.12,1.62,0.13,0.25,0.25,0,100,0.75,0,1.12,0.87,0.5,0.51,2.25,1.27,21.73,11.61,0.03,7.99,32.18,8.24,3.12,1.5,2,44,0.65,1.16,1.87,22,1.87,38,0.62,0,18.48,11.62,5.37,3.75,0.87,34.44,3.75,20,2,53,0.25,0,0,33.22,77,3.37,11,66,2.87,4.5,16,63,-14,50.48,3.37,0.35,0.37,29.1,95,4.25,6.24,0.75,0.5,0.25,0.25,1.25,1.75,0,17,0.25,29,0.12,27,65,7,32,62,6,20.57,19.7,0.97,95,-0.87,19.86,18.66,0,0,0,0,0,,0,0,,0,0,0,0,0,0,20,6,4.77,32,0.09,0.07,-0.14,0.04,,0.06
Benjamín Rojas,O'Higgins,Primera División,2026,353,Right Back,Chile,25,28/02/01,0,0,0,,0,,,0,,0,0,0.04,0.77,0,0.04,0.77,0,0,0,0,0.04,0.77,-0.04,1.79,1.02,0.77,57,1.79,0,0.26,1.28,0.26,0.14,4.34,3.48,7.91,3.83,0.02,5.36,28.18,12.51,3.32,1.79,2.04,100,1.84,1.98,0.77,100,0,20,0.51,0,5.36,5.79,2.81,1.28,0.77,34.59,1.53,29,0.26,20,0,0,0,29.86,78,4.34,25,61,5.36,6.13,11,88,9,45.68,2.55,0.1,0.11,24.25,93,5.97,5.61,0.26,0,0.26,0.26,1.02,1.02,0,0,0.26,100,0.51,36,55,8,36,59,5,23.28,23.88,0.95,85,0.61,22.14,20.22,0,0,0,0,0,,0,0,,0,0,0,0,0,0,27,8,3.88,29,0.08,0.05,0,,,0.14
Benjamín Schamine,O'Higgins,Primera División,2026,411,Left Defensive Midfielder,Argentina,23,23/10/03,0,0,0.02,0.03,0.66,0,33,1,,0.06,0,0,0,0,0,0,0,0,0,0,0.02,0.66,-0.02,1.31,1.09,0.22,83,2.19,0,0.66,0.88,0.44,0.25,0.88,0.71,15.98,6.57,0.02,5.25,41.78,9.19,5.03,1.53,1.97,78,1.69,1.94,1.97,50,0.44,36,0.88,0,12.48,11.26,3.72,4.16,1.09,46.35,5.91,47,2.63,63,0.22,0,0,26.04,77,2.19,17,71,1.31,2.63,19,58,-19,50.78,3.28,0.11,0.12,22.32,94,3.62,6.78,0,0,0,0,0.44,0.44,0,,0,0,0,23,65,12,32,58,10,18.76,14.94,1,112,-3.82,18.77,16.79,0,0,0,0,0,,0,0,,0,0,0,0,0,0,22,6,2.01,16,-0.01,0.05,0.03,0,,0.07
Bernardo Cerezo,Universidad Católica,Primera División,2026,568,Right Back,Chile,31,20/01/95,0,0,0.02,0.05,0.32,0,50,0,,0.09,0,0.11,1.74,0,0.11,1.74,0,0,0,0,0.13,2.06,-0.13,0.16,0,0.16,0,0.63,0,0.48,0.63,0.63,0.94,3.01,4.21,16.16,7.45,0.04,6.81,37.51,9.98,3.64,1.58,2.22,67,2.14,3.08,1.43,60,0.79,55,1.74,0,13.15,17.82,5.54,4.44,1.58,42.99,4.75,36,2.53,57,0.48,0,0,38.5,76,2.69,9,46,3.8,5.07,14,65,-11,52.41,4.59,0.25,0.34,27.57,97,3.25,12.2,2.06,1.74,0.32,0.16,1.11,2.85,0,38,0.95,29,0.16,31,58,11,31,53,16,20.32,18.08,0.93,104,-2.24,18.9,18.76,0,0,0,0,0,,0,0,,0,0,0,0,0,0,28,11,6.26,40,0.24,0.03,0.13,0,,0.39
Bianneider Tamayo,Universidad de Chile,Primera División,2026,590,Left Centre Back,Venezuela,21,12/01/05,0.15,0.15,0.08,0.1,0.76,20,40,0,,0.13,0,0,0,0,0,0,0,0,0,0.15,0.08,0.76,0.08,0.15,0,0.15,0,0.61,0,0.76,0.31,1.22,1.96,4.73,6.72,12.21,5.95,0.1,7.02,27.07,14.8,3.82,1.98,3.2,93,3.03,4.99,0.31,83,0.15,48,1.53,0.15,9.92,14.92,4.27,2.14,1.07,33.46,2.29,23,1.22,57,0.31,0,0,62.26,90,5.49,79,71,5.49,7.02,8,77,-13,39.57,7.17,0.33,0.37,50.21,98,4.66,8.39,0,0,0,0,1.83,1.83,0,,0,,0,30,68,2,35,65,0,22.38,22.29,0.97,88,-0.08,21.6,19.51,0,0,0,0,0,,0,0,,0,0,0,0,0,0,14,7,3.54,20,0.11,0.07,0.06,-0.05,,0.19
Branco Ampuero,Universidad Católica,Primera División,2026,2114,Right Centre Back,Chile,33,18/07/93,0.04,0.04,0.04,0.15,0.26,17,17,0,,0.04,0,0.02,0.09,0,0.02,0.09,0,0,0,0.04,0.06,0.34,-0.02,0.26,0.26,0,100,0.77,0,0.26,0.26,1.19,1.56,4.77,5.43,6.09,2.43,0.08,3.79,22.66,10.35,1.75,0.72,1.92,68,0.93,2.49,0.64,50,0.34,65,2.9,0,4.73,5.8,2.17,1.06,0.47,29.36,0.85,18,0.38,36,0.3,0,0,42.24,88,5.66,19,78,5.62,6.43,12,70,-18,33,1.15,0.33,0.34,33.17,99,4.63,1.45,0,0,0,0.04,0.89,0.89,0,,0,0,0.04,24,72,4,56,44,0,23.67,23.39,0.98,99,-0.28,23.12,23.05,0,0,0,0,0,,0,0,,0,0,0,0,0,0,17,9,2.74,18,0.04,0.07,0.1,-0.01,,0.21
Brian Martínez,Everton,Primera División,2026,871,Left Midfielder,Argentina,27,17/08/99,0.1,0.1,0.21,0.1,2.17,5,24,3,,0.18,0.21,0.29,1.96,0.21,0.29,1.96,0,0,0,0.31,0.5,4.13,-0.19,1.76,1.14,0.62,65,1.76,0,3.72,3.31,0.93,0.82,0.31,0.23,20.66,9.09,0.02,7.23,46.69,8.37,4.44,2.07,3,69,1.96,2.79,0.83,25,0.93,35,1.24,0,17.77,16.91,5.99,4.03,1.34,48.7,8.16,46,2.69,67,0.21,0,0,37.3,68,2.27,11,48,0.72,4.34,23,69,0,61.53,5.79,0.54,0.86,38.64,87,7.69,13.22,1.55,1.34,0.21,0.62,4.65,5.99,0.21,20,0.31,27,0.72,23,66,11,23,65,12,19.03,14.56,0.99,113,-4.47,18.78,16.47,0,0,0,0,0,,0,0,,0,0,0,0,0,0,30,8,7.13,49,0.07,0.14,0.07,0.02,,0.29
Bruno Gutiérrez,La Serena,Primera División,2026,1829,Right Back,Chile,24,24/06/02,0.05,0.05,0.05,0.2,0.25,20,20,0,,0.04,0.05,0.08,0.39,0.05,0.08,0.39,0,0,0,0.1,0.13,0.64,-0.03,0.49,0.25,0.25,50,1.28,0,0.69,0.93,1.18,1,2.71,2.39,14.51,7.04,0.02,4.92,32.78,7.97,2.07,2.51,3.69,81,2.07,3.06,0.74,42,0.59,50,0.93,0,11.27,9.14,3.49,2.07,0.69,36.42,3.15,28,1.03,50,0.34,0,0,22.44,71,1.62,10,38,3.15,3.79,13,61,-9,46.8,2.9,0.29,0.36,16.78,91,3.92,3.59,0.74,0.34,0.39,0.25,1.43,1.77,0,13,0.25,23,0.25,38,53,9,34,53,12,21.89,20.49,0.89,94,-1.39,19.41,19.26,0,0,0,0,0,,0,0,,0,0,0,0,0,0,35,12,3.15,25,0.12,0.02,0.04,0.01,,0.18
Bryan Alfonso Vejar Utreras,Deportes Concepcion,Primera División,2026,568,Right Back,Chile,31,13/07/95,0,0,0.01,0.02,0.32,0,50,0,,0.05,0,0.04,0.63,0,0.04,0.48,0,0,0.16,0,0.05,0.95,-0.05,0.79,0.48,0.32,60,0.32,0,1.11,0.63,1.9,1.67,3.49,2.67,19.01,9.03,0.01,9.51,30.51,9.19,3.33,2.85,4.75,58,2.41,4.08,0.16,50,2.06,40,0.63,0,16,13.57,6.81,2.69,0.63,32.54,3.33,21,1.27,47,0,0,0,34.86,72,2.38,7,34,4.6,5.86,12,60,-12,44.33,4.12,0.11,0.12,27.89,97,4.49,5.86,1.11,0.63,0.48,0,0.16,0.79,0.16,29,0.32,18,0,36,55,9,46,46,8,22.5,23.71,0.88,88,1.21,19.74,20.82,0,0,0,0,0,,0,0,,0,0,0,0,0,0,31,13,3.15,21,0.1,0.06,0.05,0.01,,0.21
Bryan Carrasco,Palestino,Primera División,2026,885,Right Wing,Chile,35,30/01/91,0.2,0.2,0.04,0.05,0.91,22,22,1,0,0.03,0.1,0.08,1.12,0.1,0.08,1.12,0,0,0,0.3,0.12,2.03,0.18,0.71,0.2,0.51,29,0.51,0,1.63,1.22,0.51,0.54,0.81,1.07,13.42,6.1,0,4.57,48.38,5.69,2.95,0.91,1.42,43,0.77,1.31,0.91,0,1.22,39,0.91,0,11.59,11.88,3.56,3.96,1.42,49.72,5.79,50,3.15,79,0,0,0,23.18,73,1.42,9,38,1.32,3.25,19,76,3,59.84,1.52,0.35,0.44,19.62,90,3.95,8.03,1.42,1.22,0.2,0.41,2.64,3.86,0,36,0.51,24,0.51,15,66,19,18,58,24,19.62,16.03,0.88,111,-3.59,17.24,17.73,0,0,0,0,0,,0,0,,0,0,0,0,0,0,27,9,5.19,32,0.09,0.05,0,-0.03,,0.1
Bryan Carvallo,Cobresal,Primera División,2026,1366,Left Centre Midfielder,Chile,30,14/09/96,0.07,0.07,0.11,0.08,1.38,5,29,2,,0.12,0.33,0.19,2.7,0.2,0.13,1.78,0.13,0.06,0.92,0.4,0.3,4.09,0.1,1.58,1.12,0.46,71,1.85,0,2.83,1.71,0.46,0.36,0.53,0.56,16.67,8.11,0.02,4.35,48.27,7.71,4.09,1.25,1.71,61,1.09,1.45,0.86,20,0.79,61,0.72,0,14.63,11.25,3.43,3.82,0.99,50.33,7.58,52,2.37,62,0.07,0,0,44.09,80,4.22,9,61,1.19,6.26,16,79,-2,57.25,8.77,0.42,0.53,44.49,91,5.79,15.62,2.83,1.38,1.45,0.13,2.17,3.56,0.4,23,0.66,56,0.4,22,69,9,28,66,5,20.06,16.23,0.96,101,-3.84,19.22,16.42,0,0,0,0,0,,0,0,,0,0,0,0,0,0,22,9,7.68,53,0.08,0.08,0.09,-0.01,,0.23
Bryan Ogaz,Universidad Concepción,Primera División,2026,1165,Centre Defensive Midfielder,Chile,26,08/06/00,0,0,0.01,0.05,0.15,0,0,0,,0,0.08,0,0.23,0.08,0,0.23,0,0,0,0.08,0.01,0.39,0.07,0.54,0.54,0,100,1.24,0,0.85,0.23,1.16,0.96,1.7,1.78,21.09,10.43,0.04,7.96,38.09,12.83,4.79,2.94,4.09,81,3.19,4.16,0.93,40,0.7,50,1.39,0.08,17.23,15.26,6.03,5.02,1.62,40.63,5.79,34,3.01,60,0.46,0,0,42.49,84,2.7,8,65,2.32,3.55,19,78,-6,46.51,4.87,0.26,0.27,32.68,97,4.52,7.49,0.39,0.39,0,0.08,0.46,0.85,0.08,20,0.08,33,0.08,19,73,8,21,77,2,20.4,19.05,0.97,96,-1.34,19.78,18.35,0,0,0,0,0,,0,0,,0,0,0,0,0,0,19,8,4.13,31,0.03,0.08,0.08,-0.01,,0.18
Bryan Rabello,O'Higgins,Primera División,2026,817,Centre Attacking Midfielder,Chile,32,15/05/94,0.11,0.11,0.07,0.06,1.21,9,27,1,,0.09,0.33,0.15,1.76,0.22,0.1,1.21,0.11,0.05,0.55,0.44,0.21,2.97,0.23,0.33,0.11,0.22,33,2.2,0,1.54,1.54,0.22,0.23,0.11,0.07,21.25,10.24,0,5.07,54.72,6.28,3.08,1.32,1.54,67,1.76,1.99,1.21,40,0.66,37,0.77,0,18.72,23.1,4.85,5.07,1.43,54.87,10.57,56,3.85,76,0.22,0,0,27.31,80,2.42,20,65,0.55,3.3,17,73,-7,58.73,4.85,0.5,0.55,27.75,91,6.76,10.46,1.65,0.88,0.77,0.33,3.3,4.18,0.11,13,0.22,18,0.66,16,70,15,26,62,12,19.97,17.83,0.94,107,-2.14,18.68,19.05,0,0,0,0,0,,0,0,,0,0,0,0,0,0,24,8,5.88,36,0.03,0.05,0.02,-0.01,,0.09
Bryan Soto,Audax Italiano,Primera División,2026,319,Centre Defensive Midfielder,Chile,25,31/05/01,0,0,0,,0,,,0,,0,0,0.04,0.28,0,0.04,0.28,0,0,0,0,0.04,0.28,-0.04,0.56,0.28,0.28,50,1.13,0,1.13,0.56,1.41,1.68,1.98,2.04,11.57,8.75,0,5.64,40.89,9.03,3.1,1.13,2.54,57,1.07,2.75,1.13,25,0.85,33,0.56,0,9.6,10.43,3.95,2.54,1.41,44.59,3.1,32,0.85,33,0.56,0,0,31.61,86,5.64,8,87,2.82,5.64,10,75,-11,45.63,3.67,0.44,0.49,29.07,94,2.95,5.08,0,0,0,0.28,0.56,0.56,0,,0.28,100,0.28,13,75,12,11,89,0,24.44,23.19,1.01,95,-1.25,24.61,22.07,0,0,0,0,0,,0,0,,0,0,0,0,0,0,8,3,2.65,21,0.05,0.05,0.01,,,0.11
Camilo Moya,Unión La Calera,Primera División,2026,756,Right Defensive Midfielder,Chile,28,18/03/98,0,0,0.01,0.02,0.48,0,25,1,,0.02,0,0.02,0.6,0,0.02,0.6,0,0,0,0,0.03,1.07,-0.03,0.71,0.24,0.48,33,1.43,0,0.95,0.71,0.71,0.93,1.55,1.55,20.83,12.26,0.02,7.14,43.04,12.14,5.24,1.55,2.26,76,1.68,2.61,1.43,20,0.48,74,1.67,0.12,17.97,16.39,6.43,4.76,1.79,43.85,6.43,36,2.26,48,0.36,0,0.12,43.2,85,4.88,6,77,2.26,5.59,18,77,-7,46.13,6.07,0.15,0.16,33.32,96,4.79,7.62,0.36,0.36,0,0,0.12,0.48,0.12,0,0,0,0,20,71,10,22,77,2,22.66,18.77,1.01,116,-3.89,22.85,21.79,0,0,0,0,0,,0,0,,0,0,0,0,0,0,18,7,3.31,30,0.04,0.07,0,-0.01,,0.1
Carlos Alberto Villanueva Fuentes,Unión La Calera,Primera División,2026,679,Centre Attacking Midfielder,Chile,27,30/06/99,0,0,0.15,0.09,1.59,0,25,2,,0.11,0,0.04,0.66,0,0.04,0.66,0,0,0,0,0.19,2.25,-0.19,2.12,1.19,0.93,56,1.32,0,2.38,2.38,0.66,0.64,0.53,0.6,15.37,7.68,0.01,3.97,52.46,7.68,4.37,1.19,1.85,82,1.18,1.82,1.99,60,0.26,67,1.32,0,12.19,12.84,3.05,2.91,1.32,54.78,7.29,60,2.25,77,0.4,0,0,31.8,77,2.25,20,61,1.59,2.65,20,65,-13,55.05,4.5,0.18,0.25,29.41,86,6.49,9.67,1.19,1.19,0,0.26,2.38,3.58,0.26,0,0.13,20,0.4,19,66,15,29,60,11,21.2,18.5,1.01,109,-2.7,21.47,20.2,0,0,0,0,0,,0,0,,0,0,0,0,0,0,20,9,3.31,31,-0.01,0.08,0.02,0.02,,0.1
Carlos Humberto Escobar Ortiz,Deportes Concepcion,Primera División,2026,393,Centre Forward,Chile,37,23/12/89,0,0,0.15,0.06,2.29,0,30,5,0,0.06,0,0.06,1.37,0,0.06,1.37,0,0,0,0,0.21,3.66,-0.21,0,0,0,,1.37,0,0.23,0.92,0.23,0.35,0.92,1.06,15.11,7.32,0,3.66,58.23,3.89,2.06,1.83,2.06,100,2.18,2.53,1.14,100,0,41,3.66,0,12.59,14.32,2.52,2.75,1.37,61.62,9.61,76,1.83,67,0,0,0,15.11,78,1.14,30,100,0.92,1.14,28,45,-33,61.6,1.37,0.51,0.62,8.93,95,4.42,6.41,0.23,0.23,0,0.23,7.1,7.32,0,0,0,,0.92,15,63,22,14,57,29,15.36,14.76,0.99,80,-0.6,15.28,11.85,0,0,0,0,0,,0,0,,0,0,0,0,0,0,31,14,5.49,24,0.17,0.07,0,-0.27,,-0.03
Carlos Jeremy Morales Gatica,Deportes Limache,Primera División,2026,579,Right Back,Chile,26,20/07/00,0,0,0.05,0.06,0.78,0,60,1,,0.15,0,0.06,0.93,0,0.06,0.93,0,0,0,0,0.11,1.71,-0.11,2.95,1.4,1.56,47,1.09,0,2.02,3.73,0.93,0.95,0.62,0.55,20.37,9.33,0,5.75,44.64,10.89,6.07,2.18,3.11,82,2.04,2.98,1.87,40,0.47,60,0.47,0,16.33,14.75,4.82,5.13,1.71,47.08,6.84,42,3.58,70,0.16,0,0,34.52,70,2.95,6,56,1.4,4.51,15,63,-7,57.41,3.58,0.28,0.33,38.41,86,7.48,8.4,2.18,2.02,0.16,0.47,2.18,4.2,0.16,57,1.71,33,0.62,20,68,13,17,67,17,21.12,20.06,0.95,98,-1.06,20.09,19.57,0,0,0,0,0,,0,0,,0,0,0,0,0,0,26,4,5.69,38,0.07,0.15,-0.01,0.03,,0.23
Cecilio Waterman,Universidad Concepción,Primera División,2026,1668,Centre Forward,Panama,35,12/04/91,0.22,0.22,0.33,0.13,2.64,8,45,7,,0.46,0.05,0.04,0.49,0.05,0.04,0.49,0,0,0,0.27,0.37,3.13,-0.11,0.92,0.65,0.27,71,0.54,0,1.73,2.27,0.11,0.06,0.92,0.83,14.46,5.45,0.02,3.34,64.21,3.02,2.05,0.43,0.54,100,0.45,0.51,0.92,100,0,46,2.75,0.05,13.16,12.04,2.75,2.91,0.54,69.17,11.54,88,2.7,93,0.11,0,0.05,14.78,74,0.81,10,68,1.29,0.81,36,65,-8,61.9,1.35,0.33,0.53,13.59,80,4.03,5.61,0.16,0.16,0,0.43,6.85,7.01,0,67,0.22,40,0.81,14,65,22,13,72,14,16.15,14.63,0.98,102,-1.52,15.83,14.96,0,0,0,0,0,,0.01,0,0,0.22,0,0,0,0,0,29,11,2.51,18,-0.02,0.01,0.07,0.1,,0.16
Charles Aránguiz,Universidad de Chile,Primera División,2026,1172,Left Defensive Midfielder,Chile,37,16/04/89,0.08,0,0.05,0.06,0.84,0,9,1,100,0.01,0.08,0.12,1.15,0.08,0.12,1.08,0,0,0.08,0.08,0.18,2,-0.1,0.77,0.69,0.08,90,2,0,1.92,1.23,0.77,0.89,0.69,0.92,22.27,10.21,0.03,7.37,44.68,12.82,7.22,2,2.76,67,2.58,3.47,1.31,37,1,38,0.69,0,18.97,23.96,5.91,5.68,1.92,45.62,7.83,41,3.53,62,0.08,0,0,61.97,85,3.53,12,57,1.54,5.3,15,82,-4,54.19,9.06,0.62,0.67,53.91,95,3.99,18.74,1.38,1.15,0.23,0.15,1.77,2.92,0.23,0,0,0,0.38,23,70,7,28,68,5,19.22,17.79,0.95,100,-1.43,18.21,17.84,0,0,0,0,0,,0,0,,0,0,0,0,0,0,16,8,7.53,50,0.07,0.08,0.02,-0.03,,0.13
Christian Bravo,Huachipato,Primera División,2026,1191,Goalkeeper,Chile,20,18/07/06,0,0,0,,0,,,0,,0,0,0,0,0,0,0,0,0,0,0,0,0,0,0.08,0.08,0,100,0.23,0,0,0.08,0,0,0,0,0,0,0,9.6,2.57,3.78,0,0,0,,0,0,0,,0,,0,0,0,0,0,0,0,,0,,0,,0.08,0,0,17.39,72,6.8,16,49,2.19,11.57,14,65,-8,9.54,0.76,0.14,0.14,14.29,100,5.56,0.45,0,0,0,0,0,0,0,,0,,0,47,53,0,100,0,0,40.04,42.23,0.79,76,2.2,31.63,32.02,1.59,1.21,-0.38,66,74,-8,1.18,4.69,30,15.87,1.69,0.23,0.23,17.39,2,25,3,1.61,13,0.08,0.07,,,-0.35,-0.2
Christian Damián Moreno,Cobresal,Primera División,2026,1436,Left Centre Back,Argentina,30,26/04/96,0,0,0.02,0.06,0.38,0,0,0,,0,0,0.01,0.06,0,0.01,0.06,0,0,0,0,0.03,0.44,-0.03,0.19,0.06,0.13,33,0.25,0,0.19,0.63,0.94,0.83,5.39,3.94,9.02,4.82,0.07,5.33,19.12,9.4,1.57,1.38,2.32,92,1.14,1.98,0.5,100,0.13,59,2.07,0.06,7.27,5.62,3.51,1,0.56,22.38,0.56,8,0.31,31,0.25,0,0,31.95,86,1.69,15,46,6.14,2.94,12,63,-23,35.1,1,0.27,0.28,25.13,98,4.32,1.69,0.06,0.06,0,0.06,1.07,1.13,0,0,0,0,0.13,27,70,3,37,56,7,22.02,24.65,0.92,86,2.63,20.35,21.3,0,0,0,0,0,,0,0,,0,0,0,0,0,0,17,8,2.19,15,0.03,0,-0.06,-0.02,,-0.05
Christopher Felipe Díaz Peña,Unión La Calera,Primera División,2026,1913,Right Back,Chile,31,24/07/95,0.05,0.05,0.02,0.05,0.33,14,29,0,,0.03,0.14,0.12,1.18,0.14,0.12,1.08,0,0,0.09,0.19,0.14,1.51,0.05,0.24,0.14,0.09,60,0.75,0,0.61,0.42,0.85,0.75,2.87,2.37,8.7,4.14,0.03,3.34,31.38,8.04,2.45,1.04,1.88,73,0.98,1.73,0.66,46,0.38,64,1.36,0.05,7.01,6.9,2.45,1.74,0.61,36,2.12,30,0.89,51,0.19,0,0,41.26,67,3.62,3,38,3.76,8.75,10,52,-15,47.71,4.75,0.21,0.3,33.73,98,4.25,7.06,1.79,1.18,0.61,0.19,1.27,2.45,0.05,26,0.85,26,0.24,31,62,7,32,57,11,23.78,20.5,0.87,101,-3.28,20.63,20.65,0,0,0,0,0,,0,0,,0,0,0,0,0,0,31,8,3.82,34,0.17,0.05,0.06,0.02,,0.3
Claudio Ezequiel Aquino,Colo Colo,Primera División,2026,683,Centre Attacking Midfielder,Argentina,35,23/07/91,0.26,0.13,0.18,0.09,1.98,7,40,1,100,0.21,0.4,0.29,2.37,0.26,0.22,1.71,0.13,0.07,0.66,0.53,0.47,4.35,0.06,1.19,0.66,0.53,56,1.71,0,2.37,2.37,0.13,0.19,0.4,0.55,9.49,5.14,0,3.16,55.96,7.51,4.09,0.13,0.26,11,0.2,0.39,1.05,13,1.05,63,0.66,0,8.3,11.51,2.37,2.37,0.66,57.38,5.4,65,2.11,89,0.13,0,0,57.73,75,4.88,10,54,1.45,8.04,17,73,-2,58.86,11.47,0.46,0.67,55.09,94,5.38,20.96,4.48,3.3,1.19,0.4,3.3,6.59,0.79,12,0.53,17,0.66,22,69,9,33,62,5,20.77,17.47,0.94,103,-3.3,19.57,18.07,0,0,0,0,0,,0,0,,0,0,0,0,0,0,24,8,6.62,49,0.2,0.17,0,-0.07,,0.3
Claudio Iván González Landeros,Deportes Limache,Primera División,2026,1106,Goalkeeper,Chile,36,25/04/90,0,0,0,,0,,,0,,0,0,0,0,0,0,0,0,0,0,0,0,0,0,0,0,0,,0.24,0,0,0.08,0,0,0.16,0.14,0.08,0.24,0,7.81,2.1,3.34,0,0,0,0,0,0,0,0,0.16,,0,0,0.08,0.07,0,0,0,6.32,0,0,0,,0,0,0,17.58,77,6.75,28,54,2.12,10.58,12,51,-25,11.48,0.65,0.11,0.11,16.36,100,6.16,0.33,0,0,0,0,0,0,0,,0,,0,40,60,0,100,0,0,38.24,43.64,0.8,72,5.4,30.76,31.47,1.06,0.99,-0.06,73,75,-2,1.13,3.99,30,13.43,1.89,0.16,0.16,16.84,-4,22,3,1.09,8,0.05,0.1,0.01,,-0.1,0.06
Claudio Sepúlveda,Huachipato,Primera División,2026,1607,Left Defensive Midfielder,Chile,34,18/06/92,0.06,0.06,0.07,0.14,0.5,11,22,0,,0.06,0.06,0.05,0.73,0.06,0.03,0.5,0,0.02,0.22,0.11,0.12,1.23,-0.01,0.28,0.22,0.06,80,0.67,0,0.62,0.5,0.78,0.73,2.24,1.9,20.32,10.69,0.03,7,36.49,10.97,4.48,1.68,2.46,73,1.57,2.3,1.4,31,0.62,45,0.78,0,17.25,14.45,6.22,3.75,1.4,39.54,4.82,28,1.9,51,0.22,0,0,49.94,81,5.26,9,61,3.08,7.78,15,76,-5,45.1,5.6,0.39,0.42,38.91,98,4.41,8.57,0.95,0.73,0.22,0,0.39,1.12,0.06,29,0.28,63,0.11,22,72,6,24,71,5,22.66,20.84,0.95,99,-1.82,21.5,20.63,0,0,0,0,0,,0,0,,0,0,0,0,0,0,22,8,4.74,38,0.06,0.08,0.03,0,,0.16
Clemente Montes,Universidad Católica,Primera División,2026,1001,Right Midfielder,Chile,25,24/04/01,0.27,0.27,0.2,0.09,2.25,12,36,4,,0.27,0.27,0.21,1.26,0.27,0.21,1.26,0,0,0,0.54,0.4,3.51,0.13,1.89,1.44,0.45,76,1.8,0,2.79,2.97,0.54,0.59,0.54,0.64,15.64,6.65,0.02,4.41,52.83,6.2,3.69,1.17,1.71,87,1.38,1.97,1.44,33,0.18,54,1.35,0,13.04,14.27,3.87,3.69,1.44,55.61,7.73,59,2.88,78,0.09,0.09,0.09,23.91,65,0.9,30,42,1.08,1.62,25,57,-9,63.4,3.06,0.41,0.61,26.25,81,6.74,8.63,0.81,0.81,0,0.63,6.47,7.28,0,44,0.81,27,0.9,18,70,12,19,68,14,17.6,17.75,0.91,82,0.15,16.01,14.52,0,0,0,0,0,,0,0,,0,0,0,0,0,0,29,7,4.31,30,0.02,0.09,0.01,0.01,,0.13
Cris Martínez,Huachipato,Primera División,2026,1100,Left Centre Forward,Paraguay,33,23/04/93,0.25,0.16,0.14,0.08,1.64,10,40,3,100,0.1,0.08,0.07,0.57,0.08,0.07,0.57,0,0,0,0.25,0.21,2.21,0.04,0,0,0,,1.31,0,1.55,1.23,0.33,0.34,0.49,0.44,12.85,5.24,0.01,3.44,51.32,5.07,2.29,1.23,1.55,83,1.24,1.58,0.82,33,0.25,50,4.01,0,10.88,10.05,2.86,2.7,0.9,55.52,5.89,54,1.8,67,0.16,0,0,21.35,59,0.33,85,29,0.74,0.9,25,46,-13,55.33,1.23,0.39,0.48,12.68,83,5.22,4.58,0.16,0.16,0,0.57,6.14,6.3,0,0,0.08,9,0.82,18,68,14,11,77,13,14.88,12.99,0.97,92,-1.88,14.46,11.89,0,0,0,0,0,,0,0,,0,0,0,0,0,0,40,8,2.98,23,-0.02,0,0.02,-0.01,,0
Cristian Palacios,Everton,Primera División,2026,778,Centre Forward,Uruguay,36,01/09/90,0.35,0.35,0.61,0.14,4.28,8,46,9,,0.59,0,0.03,0.93,0,0.03,0.69,0,0.01,0.23,0.35,0.65,5.2,-0.3,0.58,0.23,0.35,40,0.46,0,0.81,1.97,0.23,0.09,1.16,1.13,14.45,5.09,0.03,3.58,61.6,2.66,1.16,0.58,0.81,56,0.56,0.65,0.69,0,0.46,31,1.27,0,13.18,11.54,3.12,3.58,0.93,67.63,10.41,79,3.01,84,0,0,0,15.84,71,0.58,22,42,1.27,1.27,21,61,-10,60.77,1.73,0.53,0.96,13.64,87,4.62,5.9,0.81,0.69,0.12,0.12,7.75,8.44,0.23,29,0.35,25,0.58,11,69,20,14,75,12,18.21,14.09,0.93,86,-4.12,16.88,12.11,0,0,0,0,0,,0,0,,0,0,0,0,0,0,31,10,4.2,26,-0.04,0.03,0.02,0.07,,0.08
Cristian Suárez,Deportes Concepcion,Primera División,2026,597,Right Centre Back,Chile,39,05/02/87,0,0,0.03,0.17,0.15,0,0,0,,0,0,0,0.15,0,0,0.15,0,0,0,0,0.03,0.3,-0.03,0.3,0.15,0.15,50,0.6,0,0.3,0.3,1.36,0.91,6.93,5.48,4.22,2.41,0.08,4.52,19.69,10.55,1.21,0.45,1.81,50,0.46,1.37,0.15,25,0.45,53,2.41,0.15,3.62,3.26,2.11,0.3,0.15,23.38,0.6,17,0.15,50,0,0,0,38.58,86,3.62,27,63,8.14,4.52,9,50,-36,30.05,1.36,0.11,0.13,26.82,98,4.04,1.36,0,0,0,0,0.3,0.3,0,,0,,0,27,71,2,44,56,0,23.2,28.91,0.95,86,5.71,22.06,24.96,0,0,0,0,0,,0,0,,0,0,0,0,0,0,16,7,2.28,17,0.03,0.03,0.12,-0.03,,0.16
Cristián Alonso Riquelme Piña,Deportes Concepcion,Primera División,2026,366,Left Back,Chile,23,13/10/03,0,0,0.03,0.11,0.25,0,100,0,,0.2,0,0.05,1.23,0,0.05,0.98,0,0,0.25,0,0.08,1.47,-0.08,2.7,1.72,0.98,64,0.25,0,1.72,1.72,0.98,1.5,4.18,4.11,21.38,12.04,0.02,5.9,37.09,12.04,4.18,1.97,2.95,57,2.5,4,3.19,33,1.47,88,1.72,0,16.22,17.33,4.91,4.42,0.98,40.58,4.42,27,2.7,61,0.25,0,0,43.98,76,3.19,82,57,4.42,5.41,10,57,-19,50,5.41,0.52,0.53,40.3,91,4.51,9.58,1.47,1.47,0,0.25,1.23,2.7,0,17,0.49,33,0.25,36,58,7,28,62,10,19.28,14.12,0.94,123,-5.15,18.12,17.32,0,0,0,0,0,,0,0,,0,0,0,0,0,0,24,10,7.74,42,0.14,0.07,0.02,0.09,,0.32
Cristián Cuevas,Universidad Católica,Primera División,2026,1734,Left Back,Chile,31,01/04/95,0.05,0.05,0.04,0.08,0.52,10,30,1,,0.08,0.31,0.16,1.04,0.26,0.14,0.73,0.05,0.03,0.31,0.36,0.21,1.56,0.16,0.93,0.47,0.47,50,1.97,0,0.62,1.45,1.04,1.24,1.71,2.1,16.5,8.25,0.02,6.07,39.68,9.45,3.69,2.28,3.32,71,2.64,3.87,1.66,48,0.93,60,1.56,0.05,12.56,15.06,4.46,3.27,0.83,44.03,5.03,40,2.23,68,0.47,0,0,38.2,73,3.01,82,50,2.39,5.4,14,61,-12,51.47,5.14,0.42,0.5,30.99,95,5.34,7.68,1.66,1.14,0.52,0.26,1.56,2.7,0,34,0.67,22,0.31,21,66,13,26,66,8,20.37,18.36,0.92,97,-2.01,18.73,17.81,0,0,0,0,0,,0,0,,0,0,0,0,0,0,31,10,6.04,40,0.14,0.08,-0.02,0.03,,0.23
Cristián Gutiérrez,Unión La Calera,Primera División,2026,1235,Left Back,Canada,29,17/02/97,0,0,0.03,0.04,0.73,0,40,1,,0.03,0,0.05,0.95,0,0.05,0.73,0,0.01,0.22,0,0.08,1.68,-0.08,1.24,0.87,0.36,71,0.51,0,0.51,0.73,0.8,0.94,2.19,2.54,11.58,6.41,0.03,4.66,37.24,10.05,3.86,1.46,2.26,74,1.66,2.6,0.73,57,0.51,64,1.17,0.07,9.54,10.23,3.42,1.97,0.44,43.44,3.79,40,1.31,67,0.15,0,0,40.87,79,3.28,84,49,2.7,6.19,12,83,4,50.97,4.66,0.24,0.28,34.46,97,4.34,9.76,1.38,1.09,0.29,0.07,1.17,2.26,0,26,0.58,24,0.07,20,67,13,21,71,8,20.96,17.31,0.91,98,-3.65,19.16,16.94,0,0,0,0,0,,0,0,,0,0,0,0,0,0,26,10,4.03,33,0.07,0.07,0.12,0,,0.26
Cristián Morales,O'Higgins,Primera División,2026,523,Right Back,Chile,20,01/11/06,0.17,0.17,0.07,0.05,1.55,11,22,2,,0.1,0,0.05,1.2,0,0.04,1.03,0,0.01,0.17,0.17,0.12,2.75,0.05,1.72,1.38,0.34,80,0.69,0,0.86,0.69,1.2,1.56,4.64,5.28,17.2,6.88,0.06,6.54,29.53,7.4,3.1,2.24,3.44,72,2.32,3.88,0.86,44,0.86,71,1.72,0,14.11,15.66,4.99,1.72,0.86,33.21,3.44,24,1.2,70,0,0,0,31.14,71,5.16,16,57,6.02,7.74,12,68,-3,49.31,4.64,0.29,0.32,28.04,94,4.82,6.71,1.38,0.69,0.69,0.17,2.58,3.27,0,13,0.34,18,0.17,31,61,8,21,67,13,24.44,23.99,0.9,95,-0.45,22.09,22.9,0,0,0,0,0,,0,0,,0,0,0,0,0,0,28,8,4.97,40,0.15,0.09,0.06,-0.04,,0.26
Cristián Zavala,Coquimbo Unido,Primera División,2026,1027,Right Wing,Chile,27,02/08/99,0.18,0.18,0.1,0.09,1.14,15,38,1,,0.11,0.18,0.19,1.93,0.09,0.16,1.58,0.09,0.03,0.35,0.35,0.29,3.07,0.06,2.19,1.23,0.96,56,0.61,0,1.4,2.72,0.18,0.09,0.53,0.51,14.29,6.84,0,4.82,52.63,5.87,3.42,0.96,1.14,50,1.03,1.12,0.96,23,0.96,24,0.35,0,12.36,12.47,3.94,3.42,1.31,53.3,6.84,55,2.63,77,0.44,0,0,31.47,63,2.28,4,42,0.96,5,12,51,-12,68.02,4.21,0.31,0.57,32.61,89,4.59,12.01,3.07,2.45,0.61,0.61,4.91,7.36,0,34,1.58,29,1.05,15,77,8,13,78,9,20.99,17.34,0.9,85,-3.65,18.82,14.77,0,0,0,0,0,,0,0,,0,0,0,0,0,0,34,7,6.25,40,0.1,0.11,0,-0.01,,0.2
Cristopher Mesías Sepúlveda,Universidad Concepción,Primera División,2026,1268,Left Defensive Midfielder,Chile,28,01/05/98,0.07,0.07,0.06,0.04,1.42,5,25,2,,0.06,0,0.04,0.57,0,0.03,0.35,0,0.01,0.21,0.07,0.1,1.99,-0.03,0.64,0.43,0.21,67,0.92,0,0.64,1.28,1.14,0.95,1.14,0.82,21.65,11.5,0.03,7.03,39.79,8.52,3.83,2.84,3.97,78,2.47,3.43,2.34,41,0.78,47,0.57,0,16.47,14.16,5.04,4.68,1.49,42.97,6.03,37,2.84,61,0.57,0,0,36.27,83,3.83,82,59,1.92,5.75,17,82,-1,48.27,6.03,0.36,0.41,31.8,96,4.18,8.23,0.99,0.64,0.35,0.14,0.71,1.35,0.07,14,0.43,46,0.07,22,71,7,28,70,3,23.28,19.96,0.93,91,-3.32,21.55,18.21,0,0,0,0,0,,0,0,,0,0,0,0,0,0,19,10,4.02,29,0.08,0.06,0.03,-0.04,,0.14
César,Deportes Concepcion,Primera División,2026,718,Goalkeeper,Brazil,34,26/01/92,0,0,0,,0,,,0,,0,0,0,0,0,0,0,0,0,0,0,0,0,0,0,0,0,,0,0,0,0,0,0,0,0,0,0,0,6.15,3.1,4.64,0,0,0,,0,0,0,,0,,0,0.13,0,0,0,0,0,,0,,0,,0.13,0,0,16.56,79,6.77,11,59,1.38,10.16,11,67,-13,11.16,1.13,0.01,0.01,15.43,100,6.18,0.88,0,0,0,0,0,0,0,,0,,0,39,61,0,86,14,0,39.36,40.71,0.82,84,1.35,32.21,34.17,1.51,1.4,-0.1,57,60,-3,1.21,3.51,36,9.66,2.06,0,0,16.19,3,20,4,0.5,4,0.07,0.12,0,,-0.11,0.07
César Fuentes,Deportes Limache,Primera División,2026,612,Centre Defensive Midfielder,Chile,33,11/04/93,0.15,0.15,0.12,0.14,0.88,17,33,0,,0.21,0,0.01,0.44,0,0.01,0.44,0,0,0,0.15,0.13,1.32,0.02,0,0,0,,0.29,0,0.74,0.88,1.03,0.87,2.06,1.8,15.16,8.54,0.03,5.59,37.89,9.57,4.86,1.47,2.5,59,1.43,2.3,0.88,36,1.03,48,1.47,0.15,12.8,12.17,4.27,3.53,1.77,40.76,3.97,31,2.06,58,0,0,0,37.23,84,3.24,6,59,2.5,5,14,58,-26,48.08,3.53,0.44,0.47,28.7,95,4.35,6.03,1.03,0.88,0.15,0,1.62,2.5,0,0,0,,0.29,19,71,9,34,66,0,21.05,16.91,0.96,100,-4.14,20.13,16.85,0,0,0,0,0,,0,0,,0,0,0,0,0,0,18,6,3.62,31,0.01,0.02,0.07,0.02,,0.13
César Munder,Palestino,Primera División,2026,1391,Left Wing,Chile,26,06/01/00,0.13,0.13,0.24,0.11,2.14,6,27,4,0,0.21,0.19,0.16,1.75,0.19,0.16,1.75,0,0,0,0.32,0.41,3.88,-0.08,1.16,0.71,0.45,61,1.36,0.06,2.59,2.78,0.32,0.43,0.52,0.59,15.79,7.25,0.01,4.14,55.52,6.67,3.75,1.42,1.75,67,1.54,1.98,0.84,36,0.71,52,1.68,0,13.53,13.54,3.43,3.43,1.16,57.2,8.74,65,3.04,89,0.06,0,0,26.92,61,2.2,30,59,1.36,2.91,24,50,-10,63.37,2.78,0.49,0.7,28.41,84,6.41,9,2.07,2.07,0,0.58,3.56,5.63,0,75,1.94,37,0.78,20,67,13,19,66,15,20.22,18.2,0.98,98,-2.01,19.86,17.82,0,0,0,0,0,,0,0,,0,0,0,0,0,0,30,5,6.48,36,0.08,0.08,0.03,0,,0.18
César Pinares,Audax Italiano,Primera División,2026,639,Left Defensive Midfielder,Chile,35,22/05/91,0.28,0.14,0.06,0.04,1.41,10,30,2,100,0.09,0.28,0.09,1.41,0.28,0.07,0.85,0,0.03,0.56,0.42,0.15,2.82,0.27,0.99,0.7,0.28,71,1.55,0,2.11,1.69,0.56,0.55,1.27,1.05,11.98,7.05,0,4.51,41.19,11.28,5.92,0.99,1.55,54,1.02,1.57,1.13,0,0.85,50,0.56,0,9.87,7.46,3.81,2.68,1.27,44.33,3.95,40,1.83,68,0.14,0,0,38.62,75,2.4,78,35,1.55,6.62,10,78,3,51.95,4.37,0.14,0.22,36.65,90,5.16,7.47,1.97,0.99,0.99,0.14,0.7,1.69,0.42,14,0.42,43,0,20,67,13,36,51,13,21.35,15.61,0.86,107,-5.74,18.32,16.67,0,0,0,0,0,,0,0,,0,0,0,0,0,0,25,8,4.68,37,0.06,0.06,0.02,-0.02,,0.11
César Pinares,Deportes Limache,Primera División,2026,585,Right Defensive Midfielder,Chile,35,22/05/91,0.15,0,0.04,0.04,0.92,0,17,1,100,0,0,0.03,0.46,0,0,0.15,0,0.02,0.31,0,0.06,1.38,-0.06,0.61,0.31,0.31,50,1.38,0,1.23,1.54,1.23,1.12,1.08,0.91,15.53,9.38,0.01,3.84,37.75,7.99,4,1.23,2.46,80,0.95,2.07,1.23,60,0.31,100,0.46,0.15,13.07,7,3.38,2.46,0.61,40.94,3.38,26,1.54,63,0.46,0,0,34.74,81,3.54,85,55,1.38,6.15,15,73,-8,51.2,3.54,0.4,0.43,32.13,94,4.83,6.46,1.23,0.77,0.46,0.15,0.92,1.69,0,0,0,0,0.15,21,66,13,26,57,17,20.66,14.46,0.95,97,-6.2,19.58,13.95,0,0,0,0,0,,0,0,,0,0,0,0,0,0,19,8,3.83,43,0.06,0.08,0,-0.03,,0.11
César Yanis,Cobresal,Primera División,2026,1266,Right Centre Midfielder,Panama,30,27/01/96,0.07,0.07,0.12,0.09,1.28,6,33,2,,0.07,0.14,0.09,1.56,0.14,0.08,1.42,0,0.01,0.14,0.21,0.21,2.84,0.01,1,0.57,0.43,57,1,0,1.28,1.71,0.5,0.43,0.43,0.19,8.53,4.27,0,2.49,45.35,7.96,3.91,0.5,1,64,0.44,0.87,0.07,25,0.28,33,0.14,0.07,7.96,5.89,2.13,1.85,0.5,46.83,3.63,46,1.14,62,0,0,0,41.53,81,2.99,79,58,0.92,4.69,14,77,-4,53.61,7.4,0.49,0.54,40.39,95,6.76,12.45,1.49,1.14,0.36,0.07,1.85,2.99,0.36,5,0.07,13,0.14,18,70,12,26,65,9,19.54,18.24,0.95,102,-1.3,18.48,18.57,0,0,0,0,0,,0,0,,0,0,0,0,0,0,20,9,7,48,0.03,0.1,0.01,-0.04,,0.1
Daniel Ademir Gutiérrez Rojas,Unión La Calera,Primera División,2026,1709,Left Centre Back,Chile,23,15/02/03,0,0,0.03,0.08,0.37,0,0,0,,0,0.05,0.04,0.11,0.05,0.04,0.11,0,0,0,0.05,0.07,0.47,-0.01,0.79,0.26,0.53,33,1.21,0,0.84,0.9,0.47,0.34,3.16,2.97,12.06,6.48,0.04,5.9,25.56,8.53,1.47,1.37,1.84,72,1.22,1.57,1.05,44,0.53,53,1.11,0,9.69,8.13,4.06,1.9,0.53,29.83,1.79,18,0.68,36,0.37,0,0,36.24,79,2.26,86,40,3.74,5.11,11,74,-5,36.56,1.26,0.19,0.24,32.03,96,4.39,1.9,0.26,0.05,0.21,0.05,0.79,0.84,0,20,0.11,15,0.05,27,67,7,36,42,22,22.46,19.97,0.91,102,-2.5,20.55,20.27,0,0,0,0,0,,0,0,,0,0,0,0,0,0,21,8,2.03,18,0.06,0.04,0.08,-0.03,,0.15
Daniel Castro,Deportes Limache,Primera División,2026,1933,Left Wing,Chile,32,26/04/94,0.51,0.42,0.38,0.13,2.89,15,45,6,100,0.46,0.28,0.14,0.98,0.28,0.14,0.98,0,0,0,0.7,0.52,3.86,0.18,1.63,0.93,0.7,57,0.7,0,1.72,2.42,0.23,0.08,0.14,0.1,11.83,4.94,0,2.65,60.62,5.63,3.12,0.47,0.7,42,0.31,0.39,0.88,7,0.65,32,0.56,0,10.48,7.28,2.19,2.56,0.84,60.81,7.54,72,2.28,89,0.23,0,0,21.56,66,1.3,13,52,0.7,1.96,23,55,-11,65.22,2.93,0.43,0.64,21.93,86,7,7.92,1.07,1.07,0,0.33,5.63,6.71,0.05,13,0.33,18,0.47,15,68,17,15,74,12,18.22,16.51,0.99,111,-1.71,18.08,18.33,0,0,0,0,0,,0,0,,0,0,0,0,0,0,32,8,3.47,28,0.01,0.08,0.01,0.09,,0.18
Daniel González,Universidad Católica,Primera División,2026,789,Right Centre Back,Chile,24,19/02/02,0,0,0.04,0.09,0.46,0,25,0,,0.02,0.11,0.01,0.11,0.11,0.01,0.11,0,0,0,0.11,0.06,0.57,0.06,0.11,0,0.11,0,0,0,0.11,0.34,1.14,1.33,3.99,4.16,12.33,7.19,0.03,6.85,24.6,9.24,2.05,2.28,3.42,57,2.51,3.83,0.46,29,1.71,70,2.4,0,9.59,10.26,3.99,1.6,0.68,28.32,1.26,13,0.8,50,0,0,0,37.32,83,4.79,4,58,5.25,6.96,15,77,-6,35.12,3.54,0.5,0.51,28.3,98,4.62,3.88,0.57,0.34,0.23,0.23,1.26,1.6,0,0,0,0,0.23,30,62,8,44,53,3,24.65,26.04,0.93,86,1.39,22.89,22.45,0,0,0,0,0,,0,0,,0,0,0,0,0,0,23,10,2.57,18,0.08,0.02,0.03,-0.04,,0.1
Daniel Piña,Audax Italiano,Primera División,2026,1827,Left Centre Back,Chile,25,15/11/01,0,0,0.03,0.06,0.39,0,13,0,,0,0,0.02,0.34,0,0.02,0.34,0,0,0,0,0.04,0.74,-0.04,0.15,0.15,0,100,0.49,0,0.3,0.3,1.28,1.38,4.24,3.91,8.47,4.29,0.04,4.68,24.73,9.16,1.72,0.79,2.07,67,0.75,2.12,0.69,62,0.39,66,1.63,0,7,7.28,3.2,1.33,0.89,29.86,1.03,15,0.54,41,0.15,0,0.05,40.25,82,5.96,82,61,5.07,9.02,10,75,-7,36.69,3.55,0.23,0.26,32.91,98,5.55,4.19,0.49,0.39,0.1,0,0.69,1.08,0.05,30,0.15,21,0.05,28,67,5,38,61,1,25.34,22.38,0.92,101,-2.96,23.37,22.5,0,0,0,0,0,,0,0,,0,0,0,0,0,0,21,7,3.12,24,0.07,0.05,-0.03,-0.02,,0.07
Darío Melo,Universidad Católica,Primera División,2026,306,Goalkeeper,Chile,32,23/03/94,0,0,0,,0,,,0,,0,0,0,0,0,0,0,0,0,0,0,0,0,0,0,0,0,,0,0,0,0,0,0,0,0,0.29,0.29,0,7.93,3.93,3.82,0,0,0,0,0,0,0,0,0.29,,0,0,0.29,0.28,0.29,0,0,28.59,0,0,0,,0,0,0,22.33,81,6.76,14,55,4.11,8.23,24,72,-9,9.3,0.29,0.19,0.19,18.22,100,5.47,0,0,0,0,0,0,0,0,,0,,0,41,59,0,,,,35.07,42.99,0.83,86,7.91,29.03,37.01,1.76,1.58,-0.18,45,51,-6,1.31,3.23,30,10.87,2.71,0.29,0.29,18.43,-2,18,2,1.73,11,0.09,0.09,,,-0.36,-0.18
David Retamal,Universidad Concepción,Primera División,2026,994,Right Centre Back,Chile,23,13/04/03,0,0,0.03,0.07,0.45,0,40,0,,0.03,0,0.03,0.27,0,0.03,0.27,0,0,0,0,0.06,0.72,-0.06,0.09,0,0.09,0,0.63,0,0.36,0.27,1.18,0.81,5.16,3.8,12.67,5.7,0.05,5.25,25.38,9.41,1.09,1.63,2.81,82,1.42,2.22,1.45,50,0.36,55,2.44,0.18,9.59,8.66,3.71,1.81,0.63,31.5,1.63,17,0.72,40,0.45,0,0.09,33.49,82,3.71,13,60,5.97,5.34,14,68,-14,34.5,1.99,0.11,0.14,23.71,98,4.7,2.26,0.09,0.09,0,0.18,1.54,1.63,0,0,0,,0.09,26,69,5,36,64,0,22.8,21.43,0.95,105,-1.37,21.56,22.49,0,0,0,0,0,,0,0,,0,0,0,0,0,0,21,9,1.31,9,0.07,0.03,-0.04,-0.01,,0.05
Diego Carrasco,Deportes Concepcion,Primera División,2026,863,Left Centre Back,Chile,31,24/05/95,0,0,0.01,0.05,0.1,0,0,0,,0,0,0.01,0.31,0,0,0.21,0,0,0.1,0,0.01,0.42,-0.01,0,0,0,,0.52,0,0.1,0.21,1.04,1.17,3.86,4.1,13.25,6.68,0.04,6.47,29.28,9.81,1.77,2.09,3.13,80,1.89,3.06,1.77,73,0.52,68,2.19,0,9.39,8.89,3.76,1.67,0.52,32.78,1.46,16,0.52,31,0.21,0,0.21,32.55,77,2.92,79,51,4.49,5.11,12,60,-16,39.76,1.56,0.07,0.08,22.53,100,3.49,1.98,0.42,0.31,0.1,0,0.42,0.73,0,50,0.21,50,0.1,27,67,6,53,42,5,21.91,19.01,0.91,96,-2.9,19.96,18.23,0,0,0,0,0,,0,0,,0,0,0,0,0,0,22,7,1.45,10,0.04,0.04,0.12,-0.01,,0.19
Diego Coelho,Audax Italiano,Primera División,2026,933,Centre Forward,Uruguay,31,27/01/95,0.29,0.29,0.28,0.15,1.83,16,32,5,0,0.3,0.1,0.04,1.16,0.1,0.04,1.16,0,0,0,0.39,0.32,2.99,0.07,0.58,0.29,0.29,50,0.96,0.29,1.54,2.32,0.19,0.27,0.96,0.79,14.09,6.27,0,3.09,63.13,2.61,1.64,0.68,0.87,64,0.41,0.68,1.16,20,0.39,48,2.89,0,12.26,11.53,2.22,3.28,0.77,67.11,10.04,82,2.8,85,0.1,0,0,14.47,59,0.39,73,36,1.35,0.68,34,46,-13,60.26,0.77,0.22,0.41,11.48,71,3.88,3.96,0.1,0.1,0,0.29,5.69,5.79,0,0,0,0,0.58,16,63,21,15,68,17,15.56,15.82,0.95,100,0.25,14.72,15.8,0,0,0,0,0,,0,0,,0,0,0,0,0,0,36,8,2.96,20,-0.04,-0.06,-0.07,0.04,,-0.13
Diego Corral,Universidad Católica,Primera División,2026,724,Right Wing,Chile,21,08/03/05,0.12,0.12,0.2,0.12,1.62,8,31,3,,0.14,0.37,0.11,1.74,0.37,0.11,1.74,0,0,0,0.5,0.31,3.36,0.18,1.62,0.87,0.75,54,0.87,0.37,2.86,2.86,0.5,0.53,0.5,0.6,19.52,9.58,0.02,4.97,55.87,6.22,3.73,1.12,1.62,69,1.43,1.96,1.37,56,0.5,29,0.62,0,17.04,19.84,4.1,4.6,1.37,58.21,11.07,65,4.23,92,0.25,0,0,23.25,72,1.24,25,77,0.62,1.49,17,76,3,59.34,2.36,0.35,0.5,26.11,82,5.75,8.83,1.37,1.37,0,0.62,6.34,7.71,0.12,45,0.99,42,1.12,13,73,14,15,68,17,16.17,14.36,1.02,110,-1.81,16.52,15.83,0,0,0,0,0,,0,0,,0,0,0,0,0,0,35,15,4.97,27,-0.01,0.37,0.07,-0.04,,0.39
Diego Céspedes,Deportivo Ñublense SADP,Primera División,2026,701,Right Centre Back,Chile,28,24/09/98,0.13,0.13,0.02,0.05,0.39,33,33,0,,0.04,0,0.01,0.26,0,0.01,0.26,0,0,0,0.13,0.03,0.64,0.1,0.13,0.13,0,100,0.13,0,0.26,0,1.03,0.74,4.24,3.29,10.41,5.52,0.05,5.52,28.12,6.81,1.93,1.03,2.06,80,0.77,1.51,0.64,75,0.26,50,1.28,0,8.74,6.97,3.6,2.44,0.9,35.34,2.57,29,1.54,63,0.26,0,0.13,28.52,74,2.18,7,41,4.62,4.88,12,62,-12,39.68,1.93,0.21,0.22,20.17,98,4.06,1.93,0.39,0.13,0.26,0,0.13,0.26,0,0,0,0,0,33,63,4,40,60,0,23.46,19.96,0.92,88,-3.51,21.51,17.53,0,0,0,0,0,,0,0,,0,0,0,0,0,0,24,6,1.97,15,0.04,0.03,0.02,-0.01,,0.08
Diego Oyarzún,Everton,Primera División,2026,2006,Left Centre Back,Chile,33,18/01/93,0,0,0.03,0.1,0.31,0,14,0,,0,0.04,0.01,0.18,0.04,0.01,0.18,0,0,0,0.04,0.04,0.49,0,0.04,0.04,0,100,0.13,0,0.09,0.04,0.76,0.68,6.01,5.41,7.4,3.9,0.08,5.29,21.74,8.57,1.35,0.72,1.48,70,0.68,1.37,0.63,0,0.31,57,2.33,0,6.06,5.61,3.46,1.21,0.72,26.42,0.54,9,0.31,26,0.09,0,0,32.26,79,4.31,85,56,7.36,6.37,13,61,-19,35.4,2.02,0.24,0.26,22.66,99,4.33,1.84,0.04,0.04,0,0.04,0.81,0.85,0,0,0,0,0.04,37,61,2,61,37,2,26.31,28.17,0.89,90,1.85,23.46,25.29,0,0,0,0,0,,0,0,,0,0,0,0,0,0,23,8,3.21,21,0.08,0.02,0.08,-0.02,,0.16
Diego Rubio,La Serena,Primera División,2026,1154,Centre Forward,Chile,33,14/05/93,0.23,0.23,0.24,0.12,1.95,12,32,2,,0.25,0.23,0.15,1.4,0.23,0.15,1.4,0,0,0,0.47,0.39,3.35,0.08,1.33,0.7,0.62,53,1.95,0,2.57,3.35,0.47,0.46,1.79,1.54,22.54,9.44,0.01,5.69,56.08,5.93,2.96,1.48,1.95,63,1.32,1.78,1.87,8,0.86,54,2.96,0,19.35,17.27,3.9,3.98,0.94,60.78,13.34,69,3.28,82,0.16,0,0,28.32,67,0.62,10,44,2.26,0.94,34,61,-6,57.65,2.42,0.22,0.56,26.83,83,4.71,8.11,0.62,0.62,0,0.23,4.91,5.54,0.16,25,0.23,30,0.55,15,65,20,13,68,18,15.05,14.42,0.95,90,-0.63,14.32,13.05,0,0,0,0,0,,0,0,,0,0,0,0,0,0,34,9,3.84,31,0,0.02,0.03,0,,0.05
Diego Sanhueza,Deportivo Ñublense SADP,Primera División,2026,1181,Right Wing Back,Chile,24,29/06/02,0.15,0.15,0.09,0.08,1.22,13,31,1,,0.06,0,0.05,0.76,0,0.05,0.69,0,0,0.08,0.15,0.15,1.98,0,2.21,0.91,1.3,41,0.84,0,1.6,2.97,0.69,0.66,2.29,1.9,15.62,7.39,0.03,6.17,41.56,7.47,3.89,1.83,2.51,75,1.7,2.36,1.22,36,0.61,43,0.91,0,12.57,11.35,4.57,3.05,1.07,45.4,4.88,39,1.68,55,0.3,0,0,31.47,67,1.98,13,40,3.28,3.96,16,54,-13,53.85,4.65,0.31,0.37,31.01,87,4.89,8.15,1.52,1.07,0.46,0.08,3.58,4.65,0.23,45,0.76,34,0.15,30,58,12,37,53,9,20.44,20.61,0.89,83,0.17,18.2,17.05,0,0,0,0,0,,0,0,,0,0,0,0,0,0,36,9,3.39,24,0.08,0.09,0.05,-0.04,,0.18
Diego Sánchez,Coquimbo Unido,Primera División,2026,1721,Goalkeeper,Chile,39,07/05/87,0,0,0,,0,,,0,,0,0,0,0,0,0,0,0,0,0,0,0,0,0,0,0,0,,0.16,0,0,0,0,0,0,0,0.16,0.1,0,5.28,2.67,4.55,0,0,0,,0,0,0.05,,0,,0,0.05,0.1,0.16,0.05,0,0,15.3,0,0,0,,0.1,0,0.05,17.88,68,10.77,4,56,1.78,17.41,9,68,0,13.29,1.52,0.11,0.11,16.63,100,6.96,0.99,0.16,0.1,0.05,0,0,0.1,0.05,0,0,,0,56,44,0,100,0,0,49.83,47.97,0.85,90,-1.86,42.39,43.18,0.89,0.84,-0.05,68,70,-2,0.72,2.77,32,8.63,1.84,0.16,0.16,17.14,-2,31,3,1.38,10,0.12,0.07,0,,-0.12,0.07
Diego Ulloa,Colo Colo,Primera División,2026,1736,Left Wing Back,Chile,23,15/06/03,0,0,0.04,0.06,0.57,0,9,1,,0.01,0.05,0.05,0.41,0.05,0.05,0.41,0,0,0,0.05,0.08,0.99,-0.03,1.19,0.83,0.36,70,1.4,0,1.35,1.5,0.73,1.04,1.4,1.8,13.85,5.96,0.03,5.34,39.38,8.82,3.01,1.87,2.59,78,2.68,3.72,1.09,50,0.52,61,1.56,0.05,10.89,15.29,3.79,2.7,0.88,44.45,4.3,40,1.92,71,0.1,0,0,37.13,76,1.76,83,44,1.61,3.84,15,63,-13,53.49,2.85,0.31,0.36,30.44,93,4.61,9.39,0.99,0.88,0.1,0,1.24,2.13,0.05,53,0.67,24,0.1,20,67,13,14,67,18,17.64,14.92,0.91,102,-2.71,16.02,15.27,0,0,0,0,0,,0,0,,0,0,0,0,0,0,27,9,5.02,30,0.08,0.06,0.05,-0.02,,0.17
Dieter Villalpando,Everton,Primera División,2026,583,Left Defensive Midfielder,Mexico,35,03/08/91,0,0,0.05,0.03,1.39,0,22,1,,0.03,0,0.13,1.7,0,0.11,1.54,0,0.02,0.15,0,0.18,3.09,-0.18,0.93,0.77,0.15,83,1.54,0,1.54,2.78,0.77,0.46,0.31,0.26,14.04,6.94,0.02,5.4,41.43,7.87,3.86,1.08,1.85,54,0.97,1.43,1.08,33,0.93,25,0.31,0,11.88,9.7,4.47,3.86,1.7,42.25,4.32,36,2.16,56,0,0,0.15,41.96,81,4.01,11,55,0.77,6.79,17,88,7,56.38,8.33,0.43,0.51,40.57,94,5.67,16.35,2.16,2.01,0.15,0,0.93,2.93,0,7,0.46,50,0.31,21,72,7,26,69,5,21.96,17.86,0.94,100,-4.09,20.7,17.88,0,0,0,0,0,,0,0,,0,0,0,0,0,0,18,8,6.12,52,0.06,0.08,0.02,-0.04,,0.13
Dilan Varas,Deportes Concepcion,Primera División,2026,644,Left Back,Chile,21,31/03/05,0,0,0.02,0.04,0.56,0,0,0,,0,0,0.01,0.56,0,0.01,0.56,0,0,0,0,0.04,1.12,-0.04,1.12,0.7,0.42,63,0.28,0,0.56,0.84,0.98,0.36,3.35,1.86,13.55,6.71,0.06,6.15,28.79,6.57,2.51,1.54,2.51,73,0.71,1.06,0.56,20,0.56,64,0.98,0,11.45,7.21,4.89,1.54,0.7,33.11,3.21,28,1.12,73,0,0,0,25.14,67,1.96,92,31,3.77,5.87,6,40,-27,51.2,4.61,0.05,0.08,22.35,95,4.29,5.31,1.26,0.84,0.42,0,0.84,1.68,0,33,0.56,40,0.14,42,51,7,39,58,3,24.83,23.22,0.86,84,-1.6,21.24,19.4,0,0,0,0,0,,0,0,,0,0,0,0,0,0,32,10,2.89,15,0.12,0.05,0.15,-0.02,,0.29
Dilan Zúñiga,Palestino,Primera División,2026,1609,Left Back,Chile,30,25/07/96,0.06,0.06,0.02,0.03,0.67,8,17,1,,0.03,0.17,0.11,1.06,0.17,0.11,0.95,0,0,0.11,0.22,0.13,1.73,0.09,1.12,0.67,0.45,60,0.78,0,0.78,0.73,0.62,0.78,2.18,2.31,11.13,6.1,0.02,4.98,34.63,9.62,3.02,1.23,1.85,81,1.06,1.84,0.67,50,0.28,59,0.89,0,9.28,9.72,3.75,1.85,0.95,38.2,2.68,29,1.17,64,0.17,0,0,40.77,79,3.36,33,52,3.02,5.59,15,76,-2,51.92,5.65,0.36,0.39,33.67,96,4.79,10.68,1.23,1.01,0.22,0.06,1.29,2.29,0,36,0.5,29,0.11,26,64,10,25,61,14,20.44,18.74,0.92,94,-1.7,18.78,17.58,0,0,0,0,0,,0,0,,0,0,0,0,0,0,23,8,5.28,35,0.13,0.07,0.04,-0.01,,0.23
Dylan Escobar,Deportes Limache,Primera División,2026,373,Right Back,Chile,26,01/12/00,0.24,0.24,0.05,0.05,0.96,25,50,0,,0.05,0,0.06,0.72,0,0.06,0.72,0,0,0,0.24,0.11,1.69,0.13,1.45,1.45,0,100,1.21,0,1.93,0.72,0.96,0.37,1.69,0.94,14.95,9.4,0.06,6.51,27.66,7.96,3.13,2.41,3.38,77,1.09,1.46,2.17,50,0.72,50,1.45,0,10.37,4.55,4.1,1.45,0.24,32.4,2.41,23,1.21,83,0.48,0,0.24,31.11,71,2.41,34,53,2.41,3.86,12,70,-1,52.09,5.79,0.23,0.25,31.11,91,6.27,7.96,1.21,0.72,0.48,0,1.69,2.41,0,60,0.72,50,0,31,62,7,36,45,18,20.66,18.88,0.95,99,-1.78,19.53,18.6,0,0,0,0,0,,0,0,,0,0,0,0,0,0,33,8,4.34,27,0.07,0.06,0.26,-0.05,,0.35
Dylan Escobar,Coquimbo Unido,Primera División,2026,375,Right Back,Chile,26,01/12/00,0,0,0.01,0.01,0.48,0,50,1,,0.02,0,0.04,0.72,0,0.02,0.48,0,0.02,0.24,0,0.05,1.2,-0.05,1.2,0.24,0.96,20,0,0,1.92,2.4,0.72,0.6,2.16,2.22,20.87,11.27,0.04,7.2,35.24,7.44,1.68,1.92,2.64,50,1.21,1.81,1.68,25,1.92,40,1.44,0,17.27,12.5,5.04,3.36,1.92,40.01,5.28,31,1.68,50,0.24,0,0,30.7,75,2.16,29,53,2.64,3.6,14,70,-5,50.66,4.08,0.25,0.25,27.58,87,5.27,7.2,1.2,0.72,0.48,0,0.24,0.96,0,40,0.48,29,0.24,33,56,11,30,53,17,19.53,15.89,0.91,93,-3.64,17.71,14.7,0,0,0,0,0,,0,0,,0,0,0,0,0,0,31,12,3.89,36,0.12,0.03,-0.07,0,,0.09
Dylan Glaby,Palestino,Primera División,2026,325,Right Defensive Midfielder,Argentina,30,06/04/96,0,0,0.03,0.02,1.11,0,0,1,,0,0,0,0,0,0,0,0,0,0,0,0.03,1.11,-0.03,0,0,0,,0.83,0.28,0.28,0,1.94,2.94,1.11,1.83,25.16,15.76,0.03,9.12,40.17,11.06,4.98,2.21,4.15,89,3.51,6.44,1.66,0,0.28,45,1.38,0.28,21.29,33.52,8.02,6.36,2.49,42.14,7.47,35,3.87,61,0.55,0,0,61.39,90,2.77,4,63,1.38,4.15,13,83,-7,47.49,6.36,0.51,0.52,47.84,99,4.53,9.4,0.28,0.28,0,0,0.55,0.83,0,100,0.28,100,0,20,76,4,32,68,0,19.97,19.2,0.96,96,-0.77,19.18,18.45,0,0,0,0,0,,0,0,,0,0,0,0,0,0,10,5,10.7,44,0.25,0.06,0.05,-0.05,,0.32
Dylan Glaby,Coquimbo Unido,Primera División,2026,512,Right Defensive Midfielder,Argentina,30,06/04/96,0,0,0.03,0.06,0.53,0,33,1,,0.05,0,0.05,0.53,0,0.05,0.53,0,0,0,0,0.08,1.05,-0.08,0.18,0,0.18,0,0.7,0,0.53,0.53,0.53,0.42,1.76,1.65,24.41,14.05,0.02,7.73,41.21,13.17,5.97,2.46,2.99,88,2.41,2.84,1.58,50,0.35,67,2.11,0,20.37,17.8,6.32,4.22,2.11,41.87,6.32,31,2.28,54,0.53,0,0,41.63,79,2.11,6,60,2.28,2.99,25,76,-3,50.6,5.09,0.32,0.37,28.28,98,3.94,10.01,0.53,0.53,0,0.53,2.28,2.81,0,0,0.18,25,0.7,23,68,9,21,67,12,18.09,14.79,1,107,-3.3,18,15.78,0,0,0,0,0,,0,0,,0,0,0,0,0,0,27,12,3.25,27,0.06,0.06,0.09,-0.01,,0.2
Eduardo Vargas,Universidad de Chile,Primera División,2026,1657,Centre Forward,Chile,37,19/11/89,0.43,0.38,0.31,0.13,2.39,16,43,5,100,0.39,0.05,0.09,0.92,0.05,0.09,0.92,0,0,0,0.43,0.41,3.31,0.03,0.71,0.49,0.22,69,1.3,0,1.63,2.61,0.33,0.48,0.43,0.57,15.37,6.35,0.01,4.94,63.83,4.56,3.26,1.3,1.63,83,1.67,2.14,0.81,29,0.27,44,2.39,0,13.25,17.46,4.34,3.58,1.36,66.05,10.59,80,3.04,85,0.11,0,0,19.12,72,1.03,5,68,0.81,1.14,25,65,-8,63.65,2.01,0.41,0.65,18.63,84,6.53,7.93,0.76,0.71,0.05,0.54,6.57,7.28,0,7,0.16,43,0.71,13,69,18,14,71,15,16.71,16.02,1.04,103,-0.69,17.35,16.57,0,0,0,0,0,,0,0,,0,0,0,0,0,0,27,9,4.24,27,-0.02,0.02,0.02,0.07,,0.09
Elvis Hernández,Coquimbo Unido,Primera División,2026,802,Right Centre Back,Argentina,27,23/09/99,0,0,0.02,0.06,0.34,0,0,0,,0,0,0,0.11,0,0,0.11,0,0,0,0,0.02,0.45,-0.02,0,0,0,,0.45,0,0.22,0.11,1.01,0.93,5.61,4.58,12.12,6.06,0.01,5.95,27.04,9.65,1.8,1.23,2.24,69,0.94,1.86,1.12,33,0.56,76,3.26,0,9.88,8.51,3.93,2.24,0.56,29.97,1.8,18,1.23,55,0.11,0,0.11,29.74,83,2.81,13,54,6.4,4.38,10,48,-35,33.18,1.91,0.26,0.26,21.1,99,3.33,2.13,0.11,0.11,0,0,0.45,0.56,0,0,0,0,0,31,68,1,68,32,0,23.99,26.33,0.89,67,2.34,21.45,17.74,0,0,0,0,0,,0,0,,0,0,0,0,0,0,15,3,1.31,11,0.03,0.02,0.11,-0.03,,0.13
Emiliano Maximo Ramos Avilés,Everton,Primera División,2026,1330,Left Midfielder,Chile,21,07/03/05,0.07,0.07,0.1,0.06,1.76,4,35,3,,0.03,0.2,0.22,1.29,0.2,0.21,1.22,0,0.01,0.07,0.27,0.32,3.04,-0.05,1.35,0.68,0.68,50,1.76,0,1.62,2.3,0.47,0.48,0.95,0.82,12.92,5.55,0.01,3.86,48.61,5.75,2.91,0.95,1.42,74,0.88,1.36,1.08,0,0.34,46,1.76,0,10.96,10.12,2.71,2.44,0.95,52.96,6.02,55,1.69,69,0.14,0,0,25.58,69,1.22,73,47,1.22,2.3,19,63,-6,59.84,3.04,0.22,0.41,23.95,90,5.89,7.85,1.35,1.29,0.07,0.54,4.94,6.23,0,55,1.49,42,0.81,16,67,16,12,72,16,18.46,16.22,0.97,99,-2.24,17.84,16.03,0,0,0,0,0,,0,0,,0,0,0,0,0,0,30,9,4.6,32,0.09,0.09,0.02,-0.05,,0.15
Enzo Ferrario,Audax Italiano,Primera División,2026,1900,Right Centre Back,Chile,26,02/03/00,0.05,0.05,0.02,0.07,0.33,14,14,0,,0.04,0,0,0.09,0,0,0.09,0,0,0,0.05,0.03,0.43,0.02,0.38,0.24,0.14,63,1.37,0,0.24,0.66,0.95,0.91,4.83,4.78,11.99,6.4,0.04,6.4,26.3,9.1,1.47,1.61,2.56,72,1.55,2.47,0.76,13,0.62,70,2.7,0,9.62,9.31,4.26,2.18,1.18,30.25,1.33,14,0.62,28,0.09,0,0,41.07,82,3.79,8,59,5.73,5.5,10,70,-12,34.67,3.27,0.22,0.23,34.16,98,5.53,3.27,0.24,0.09,0.14,0,0.85,0.95,0,20,0.05,14,0.05,32,65,3,57,42,1,23.24,22.17,0.95,97,-1.07,22.04,21.6,0,0,0,0,0,,0,0,,0,0,0,0,0,0,20,9,2.15,17,0.05,0.05,0.09,0,,0.19
Enzo Roco,Palestino,Primera División,2026,1223,Left Centre Back,Chile,34,15/08/92,0,0,0.06,0.08,0.74,0,30,0,,0.07,0,0.05,0.52,0,0.04,0.44,0,0.01,0.07,0,0.11,1.25,-0.11,0.15,0,0.15,0,0.44,0,0.15,0.37,1.03,1.23,6.18,5.06,9.13,4.27,0.03,4.56,25.94,10.53,1.84,0.66,1.69,75,0.77,2.01,1.1,25,0.22,63,2.8,0,7.36,7.97,3.24,1.4,0.52,33.32,1.1,15,0.44,32,0.37,0,0,39.9,87,6.92,20,81,7.14,7.58,16,75,-12,36.14,3.09,0.28,0.33,29.44,99,5.03,3.53,0.07,0,0.07,0.22,2.13,2.13,0,0,0,0,0.37,25,72,2,35,58,6,24.21,22.35,0.98,96,-1.86,23.77,21.41,0,0,0,0,0,,0,0,,0,0,0,0,0,0,19,8,4.21,25,0.06,0.06,0.07,-0.03,,0.15
Esteban Kirkman,Everton,Primera División,2026,404,Goalkeeper,Chile,24,15/07/02,0,0,0,,0,,,0,,0,0,0,0,0,0,0,0,0,0,0,0,0,0,0,0,0,,0.22,0,0,0,0,0,0,0,0,0,0,8.47,2.41,3.79,0,0,0,,0,0,0,,0,,0,0,0,0,0,0,0,,0,,0,,0,0,0,13.59,80,4.46,15,51,1.11,7.58,8,67,-14,8.7,0.45,0.18,0.18,12.03,100,5.59,0,0,0,0,0,0,0,0,,0,,0,32,68,1,,,,32.03,42.12,0.81,105,10.09,25.99,44.4,1.11,1.53,0.42,71,60,11,1.2,3.79,31,12.26,2.11,0,0,14.15,-2,14,1,2.63,17,0.02,0.1,,,0.26,0.38
Esteban Matus,Audax Italiano,Primera División,2026,1361,Left Wing Back,Chile,24,11/02/02,0.07,0.07,0.04,0.04,1.19,6,17,1,,0.01,0.26,0.14,1.59,0.26,0.14,1.59,0,0,0,0.33,0.18,2.78,0.15,2.12,1.12,0.99,53,0.26,0,1.19,2.18,0.99,1.2,1.19,1.28,13.49,5.49,0.01,4.83,43.63,6.02,2.38,1.52,2.51,62,1.61,2.82,0.73,41,0.93,62,0.86,0.07,11.24,11.94,3.5,3.31,1.32,47.22,5.02,45,2.31,70,0.07,0,0,31,74,1.98,82,48,1.52,3.83,15,74,0,57.63,3.7,0.3,0.38,29.95,90,6.15,9.78,1.26,0.93,0.33,0.26,1.98,2.91,0.07,58,0.99,33,0.46,22,61,17,19,65,16,19.98,16.56,0.93,105,-3.42,18.56,17.33,0,0,0,0,0,,0,0,,0,0,0,0,0,0,28,10,4.69,36,0.04,0.09,0.02,-0.06,,0.09
Esteban Valencia,Cobresal,Primera División,2026,391,Left Centre Midfielder,Chile,27,12/08/99,0,0,0,0.02,0.23,0,0,0,,0,0.23,0.09,1.38,0,0.06,0.69,0.23,0.03,0.69,0.23,0.1,1.61,0.13,0.46,0,0.46,0,0,0,0,1.61,0.69,0.89,2.07,1.63,14.97,8.52,0.01,4.14,38.22,8.06,4.37,1.84,2.53,73,1.35,2.24,0.92,0,0.69,20,0.23,0,12.2,9.53,3.45,3.45,0.46,43.54,4.84,40,2.07,60,0.46,0,0,32.01,80,4.14,22,69,2.53,5.53,12,67,-13,52.3,4.61,0.26,0.31,24.41,95,4.19,8.06,2.53,1.61,0.92,0,0,1.61,0,36,0.92,67,0,20,71,9,23,74,3,21.51,17.24,0.98,116,-4.27,21.07,20.04,0,0,0,0,0,,0,0,,0,0,0,0,0,0,15,3,4.33,27,0.12,0.05,0.02,-0.01,,0.19
Ethan Espinoza,Deportes Concepcion,Primera División,2026,1265,Left Wing,Chile,25,16/01/01,0.07,0.07,0.1,0.04,2.28,3,28,3,,0.08,0,0.08,1.28,0,0.08,1.28,0,0,0,0.07,0.18,3.56,-0.1,3.34,1.71,1.64,51,3.63,0.14,3.41,4.27,0.5,0.38,0.36,0.19,14.51,6.97,0.01,4.34,51.44,8.82,4.98,1.49,1.99,55,1.46,1.85,0.85,26,1.21,26,0.5,0.07,12.16,10.62,3.56,2.77,0.78,52.42,6.19,51,1.99,72,0.14,0,0,32.58,81,1.92,16,66,0.5,2.77,22,72,-9,63.24,4.77,0.29,0.36,42.11,84,7.27,13.94,1.35,1.35,0,0.36,4.05,5.41,0,32,0.57,22,0.71,11,66,23,15,59,26,18.15,13.67,0.98,101,-4.49,17.74,13.84,0,0,0,0,0,,0,0,,0,0,0,0,0,0,20,8,5.67,33,-0.03,0.18,0.01,-0.04,,0.12
Eugenio Mena,Universidad Católica,Primera División,2026,951,Left Back,Chile,38,17/07/88,0.09,0.09,0.04,0.11,0.38,25,75,0,,0.03,0,0.04,0.47,0,0.04,0.38,0,0,0.09,0.09,0.08,0.85,0.01,0.28,0.09,0.19,33,0.28,0,0.66,1.14,1.14,1.33,2.08,2.45,11.83,5.02,0.02,5.2,35.14,9.18,3.03,2.27,3.41,75,2.72,4.05,0.38,75,0.76,40,0.57,0,9.18,11.25,3.69,2.46,1.23,39.04,3.31,36,1.32,54,0.09,0,0,37.1,80,2.56,88,51,2.56,4.54,9,64,-15,50.36,4.16,0.39,0.43,28.67,96,3.88,8.71,1.32,0.85,0.47,0.19,1.23,2.08,0,43,0.76,32,0.28,30,59,12,32,57,12,19.96,19.39,0.93,106,-0.57,18.6,20.64,0,0,0,0,0,,0,0,,0,0,0,0,0,0,27,13,4.17,28,0.14,0.07,0.06,-0.02,,0.25
Fabián Hormazábal,Universidad de Chile,Primera División,2026,2036,Right Back,Chile,30,25/04/96,0.09,0.09,0.09,0.09,0.97,9,27,1,,0.1,0.09,0.06,0.75,0.09,0.06,0.75,0,0,0,0.18,0.15,1.72,0.03,1.02,0.75,0.27,74,1.02,0,1.37,1.19,1.19,1.48,2.21,2.63,13.75,5.75,0.03,5.57,37.37,9.81,4.02,1.59,2.79,80,1.96,3.44,0.88,70,0.4,54,1.28,0.09,11.27,13.96,3.8,2.39,0.71,40.48,3.98,35,1.5,63,0.09,0,0,42.44,76,2.74,16,47,2.83,5.22,14,72,-4,53.54,5.31,0.46,0.51,37.27,95,4.77,12.78,1.37,1.02,0.35,0.13,1.99,3.01,0,45,0.66,33,0.13,23,67,10,26,58,15,20.35,17.3,0.92,96,-3.04,18.72,16.65,0,0,0,0,0,,0,0,,0,0,0,0,0,0,24,9,5.42,36,0.12,0.08,0.06,0.01,,0.27
Facundo Mater,Universidad Concepción,Primera División,2026,1778,Right Defensive Midfielder,Argentina,28,22/07/98,0,0,0.13,0.08,1.62,0,22,2,,0.11,0.05,0.12,1.32,0.05,0.12,1.32,0,0,0,0.05,0.25,2.94,-0.2,2.18,1.27,0.91,58,1.97,0,2.58,2.28,1.21,1.12,1.11,1.2,18.73,10.17,0.02,6.78,45.49,9.47,4.96,2.13,3.34,72,2.17,3.29,0.91,46,0.81,34,0.66,0,15.69,15.19,5.26,4.2,1.92,48.66,7.29,46,2.89,69,0.1,0,0,35.94,76,1.57,9,57,1.57,2.28,20,71,-5,54.41,5.21,0.43,0.52,33.56,90,4.7,10.38,0.81,0.81,0,0.15,1.97,2.78,0.25,0,0.05,13,0.4,21,71,8,27,66,7,17.43,15.89,0.99,101,-1.53,17.32,16.08,0,0,0,0,0,,0,0,,0,0,0,0,0,0,25,10,4.78,33,0.02,0.08,0.04,-0.06,,0.08
Fausto Grillo,Deportes Concepcion,Primera División,2026,1532,Left Centre Back,Argentina,33,19/02/93,0.06,0.06,0.11,0.11,0.94,6,19,0,,0.12,0,0.01,0.12,0,0.01,0.12,0,0,0,0.06,0.11,1.06,-0.05,0.18,0.12,0.06,67,0.88,0,0.24,0.35,0.76,0.52,5.11,4.2,12.81,6.52,0.06,5.93,25.77,8.17,1.41,1.59,2.35,84,1.11,1.62,1.29,67,0.29,59,2.17,0.06,9.93,7.71,4.05,2.23,0.76,30.06,1.18,12,0.71,32,0.29,0,0.06,31.08,78,3.35,86,47,6.4,5.82,13,55,-23,34.77,2.12,0.23,0.28,24.91,98,5.62,2.17,0.18,0.12,0.06,0,1.7,1.82,0,0,0,,0.06,32,66,2,46,51,3,25.72,27.41,0.88,82,1.69,22.76,22.53,0,0,0,0,0,,0,0,,0,0,0,0,0,0,21,7,2.41,15,0.03,0.04,0.03,-0.04,,0.06
Favian Loyola,Audax Italiano,Primera División,2026,434,Right Centre Midfielder,Chile,21,17/05/05,0,0,0.05,0.03,1.45,0,14,2,,0,0,0.1,1.87,0,0.04,1.24,0,0.06,0.62,0,0.15,3.32,-0.15,2.49,1.87,0.62,75,1.45,0,2.49,2.69,0.21,0.29,0.41,0.49,20.11,8.5,0.02,6.22,47.21,7.25,2.07,1.24,1.45,55,1.28,1.57,1.45,17,1.04,71,1.04,0,17.41,17.83,4.77,4.56,1.45,49.35,9.12,52,3.94,86,0.41,0,0.21,32.96,74,3.11,84,52,1.04,5.39,22,65,-9,58.4,4.56,0.21,0.32,33.17,88,6.44,9.33,2.49,1.45,1.04,0,0.41,1.87,0,25,1.04,63,0,25,60,15,24,64,11,19.21,14.91,0.95,106,-4.3,18.23,15.81,0,0,0,0,0,,0,0,,0,0,0,0,0,0,21,7,4.5,27,0.16,0.09,0.01,-0.06,,0.2
Federico Lanzillota,La Serena,Primera División,2026,1344,Goalkeeper,Argentina,34,30/11/92,0,0,0,,0,,,0,,0,0,0,0.07,0,0,0,0,0,0.07,0,0,0.07,0,0,0,0,,0.47,0,0,0,0,0,0,0,0.13,0,0,7.1,2.66,3.28,0,0,0,0,0,0,0,0,0.13,,0,0.07,0.13,0.16,0.13,0,0,5.31,0,0,0,,0.27,0,0,17.94,73,3.82,11,35,1.94,9.11,16,66,-7,10.96,0.87,0.06,0.06,15.27,100,4.66,0.13,0.07,0,0.07,0,0,0,0,0,0,0,0,37,63,0,50,50,0,37.44,37.54,0.7,68,0.1,26.18,25.69,1.34,1.14,-0.2,62,68,-6,1,3.55,31,11.32,1.53,0.2,0.13,15.53,0,23,2,1.05,8,0.06,0.07,,,-0.31,-0.18
Federico Mateos,Audax Italiano,Primera División,2026,1552,Right Centre Midfielder,Argentina,33,27/03/93,0.12,0.12,0.1,0.06,1.74,7,27,2,,0.11,0.06,0.09,1.1,0.06,0.06,0.64,0,0.03,0.46,0.17,0.19,2.84,-0.01,1.45,1.04,0.41,72,1.04,0,1.28,1.22,0.93,0.78,0.87,0.78,23.25,12.7,0.01,7.94,46.76,10.84,5.45,2.32,3.25,68,2.06,2.84,1.57,19,1.1,63,0.87,0.06,19.37,19.2,6.26,6.09,1.97,48.48,9.45,49,3.89,64,0.29,0.06,0,37.75,71,5.04,18,54,1.97,8.18,17,63,-8,51.18,5.57,0.39,0.45,32.42,94,4.01,7.94,1.57,1.1,0.46,0.12,2.09,3.19,0.06,7,0.12,15,0.23,26,64,10,35,62,3,24.76,21.77,0.93,92,-2.99,23.05,20,0,0,0,0,0,,0,0,,0,0,0,0,0,0,29,9,5.68,42,0.06,0.06,0.05,0,,0.18
Felipe Campos,Deportivo Ñublense SADP,Primera División,2026,1170,Right Centre Back,Chile,33,07/11/93,0,0,0.01,0.05,0.23,0,0,0,,0,0,0.02,0.54,0,0.02,0.54,0,0,0,0,0.04,0.77,-0.04,0.54,0.38,0.15,71,0.08,0,0.23,0.31,1.38,1.01,3.54,2.54,12.77,6.15,0.05,6.77,28.71,10.46,3.61,2.23,3.61,78,1.98,2.99,0.69,62,0.62,55,1.69,0,9.84,8.09,4.69,1.92,1.08,32.89,1.77,18,0.54,28,0.15,0,0,31.38,72,2.77,7,47,4.54,4.92,12,66,-7,43.98,3.69,0.27,0.29,21.77,98,3.79,4.77,0.92,0.46,0.46,0.15,0.92,1.38,0,42,0.46,33,0.15,36,61,3,48,48,3,22.97,21.89,0.91,98,-1.09,20.95,21.44,0,0,0,0,0,,0,0,,0,0,0,0,0,0,32,8,3.42,27,0.1,0.03,0.19,-0.02,,0.31
Felipe Chamorro,La Serena,Primera División,2026,1612,Centre Attacking Midfielder,Chile,25,29/07/01,0.28,0.28,0.33,0.18,1.79,16,56,3,,0.4,0.17,0.1,0.95,0.17,0.09,0.89,0,0.01,0.06,0.45,0.42,2.74,0.02,1.23,0.84,0.39,68,1.79,0.11,2.29,2.4,0.56,0.4,0.56,0.54,22.34,8.71,0.02,5.92,53.74,5.64,2.85,1.4,1.95,78,1.14,1.54,2.57,13,0.39,40,2.96,0.06,18.37,15.53,5.03,5.36,1.73,57.25,11.84,64,4.24,79,0.45,0,0,24.68,73,1.01,78,53,1.06,1.4,31,64,-9,57.11,2.79,0.51,0.67,21.95,82,5.09,7.76,0.61,0.5,0.11,0.34,4.52,5.03,0.06,18,0.17,30,0.56,20,69,11,21,67,12,16.01,14.65,0.96,100,-1.35,15.44,14.7,0,0,0,0,0,,0,0,,0,0,0,0,0,0,31,8,3.95,30,0.09,0.01,-0.03,0.17,,0.24
Felipe Faúndez,O'Higgins,Primera División,2026,1446,Right Back,Chile,20,26/03/06,0,0,0.02,0.04,0.68,0,64,1,,0.06,0.12,0.09,1.25,0.12,0.08,1,0,0.02,0.25,0.12,0.12,1.93,0.01,1.18,0.68,0.5,58,1.43,0,1.62,1.31,1.18,1.02,2.49,2.38,18.49,9.46,0.04,7.1,32.46,8.9,3.18,2.99,4.17,81,2.83,3.86,1.06,63,0.68,32,0.56,0.12,14.63,14.67,5.29,2.43,1.12,36.12,4.3,29,1.43,59,0.31,0,0,29.76,74,3.42,13,54,3.42,5.35,11,60,-14,49.79,3.74,0.29,0.36,27.08,91,5.36,7.1,1.37,0.62,0.75,0.31,1.68,2.3,0,50,1,39,0.25,30,62,7,38,54,9,21.87,22.8,0.91,83,0.93,19.92,18.98,0,0,0,0,0,,0,0,,0,0,0,0,0,0,27,8,4.29,28,0.14,0.09,0.03,-0.03,,0.23
Felipe Ogaz,O'Higgins,Primera División,2026,1744,Right Defensive Midfielder,Chile,23,06/05/03,0.05,0.05,0.06,0.2,0.31,17,33,0,,0.06,0.05,0.02,0.62,0.05,0.02,0.62,0,0,0,0.1,0.09,0.93,0.02,0.26,0.05,0.21,20,1.75,0,0.93,0.57,1.6,1.43,1.81,1.75,24.15,13.32,0.02,8.83,37.46,10.17,4.39,2.79,4.39,77,2.97,4.4,1.34,27,0.83,55,0.83,0.05,20.18,21.08,7.48,5.37,2.48,39.4,5.73,28,2.48,46,0.21,0,0,49.39,86,3.77,81,67,2.37,5.06,13,79,-6,45.76,5.21,0.38,0.39,40.21,97,4.78,7.28,0.31,0.31,0,0.1,0.46,0.77,0.05,33,0.1,40,0.21,24,71,5,28,70,1,20.42,19.56,0.96,99,-0.86,19.64,19.31,0,0,0,0,0,,0,0,,0,0,0,0,0,0,16,6,4.52,33,0.03,0.07,0.05,0.01,,0.17
Felipe Salomoni,Audax Italiano,Primera División,2026,428,Left Back,Argentina,23,27/03/03,0,0,0.01,0.01,0.42,0,0,0,,0,0,0.08,0.63,0,0.08,0.42,0,0.01,0.21,0,0.09,1.05,-0.09,0.63,0.42,0.21,67,0.63,0,0.42,1.05,0.84,0.79,2.74,1.82,11.79,7.37,0.02,4.42,34.62,6.74,3.16,1.68,2.53,67,1.3,2.09,0.63,43,0.84,100,1.05,0,9.47,7.93,3.16,1.26,0.42,38.74,2.32,24,0.42,33,0.21,0,0,27.37,67,2.74,80,33,4.21,6.74,13,43,-24,47.36,2.32,0.11,0.11,23.58,95,4.29,3.37,0.84,0.63,0.21,0.42,1.47,2.11,0,50,0.63,21,0.42,24,66,10,31,69,0,24.07,25.42,0.83,93,1.34,20.07,23.63,0,0,0,0,0,,0,0,,0,0,0,0,0,0,30,11,4.15,28,0.14,0.04,0.07,-0.01,,0.23
Felipe Villagrán,Cobresal,Primera División,2026,430,Left Centre Midfielder,Chile,29,16/03/97,0,0,0.07,0.02,3.56,0,29,3,,0.02,0.21,0.18,2.3,0.21,0.09,1.05,0,0.09,1.25,0.21,0.25,5.86,-0.04,0.42,0.21,0.21,50,0.42,0,1.05,0.84,1.05,0.75,1.25,0.54,22.38,12.13,0.02,6.48,41.89,7.95,3.97,0.84,1.88,44,0.91,1.66,0.84,0,1.05,60,0.63,0,20.71,15.1,5.44,3.97,1.46,45.1,7.95,38,2.51,63,0,0,0,42.25,70,5.44,86,46,1.88,11.29,8,44,-25,48.32,6.9,0.57,0.69,38.28,96,5.76,7.95,1.67,0.42,1.25,0,0.63,1.05,0,0,0,0,0,32,64,4,39,58,3,24.7,13.99,0.87,83,-10.71,21.52,11.59,0,0,0,0,0,,0,0,,0,0,0,0,0,0,25,9,10.86,58,0.07,0.08,0.04,-0.11,,0.08
Fernando Dinamarca,La Serena,Primera División,2026,685,Left Back,Chile,22,07/08/04,0,0,0,0.01,0.13,0,0,0,,0,0,0.01,0.26,0,0.01,0.26,0,0,0,0,0.01,0.39,-0.01,1.18,0.53,0.66,44,0.79,0,0.79,1.18,1.45,1.34,1.71,1.3,18.01,8.41,0.02,5.92,34.21,9.73,2.63,2.63,4.08,71,1.83,3.17,1.71,36,1.05,45,1.18,0,13.67,11.93,4.47,3.55,1.05,37.14,4.34,32,1.45,41,0.39,0,0,21.69,67,0.92,70,27,1.84,3.29,15,58,-9,46.41,1.45,0.17,0.18,16.96,88,4.46,3.02,1.05,0.66,0.39,0,0.39,1.05,0,50,0.53,50,0,39,54,7,30,70,0,19.71,14.88,0.87,100,-4.83,17.2,14.85,0,0,0,0,0,,0,0,,0,0,0,0,0,0,39,13,1.85,16,0.08,0.04,0,0,,0.11
Fernando Fabián Ovelar Martínez,Deportivo Ñublense SADP,Primera División,2026,609,Right Attacking Midfielder,Paraguay,22,05/01/04,0,0,0.22,0.14,1.63,0,9,3,,0.08,0.15,0.22,2.36,0,0.14,1.33,0.15,0.08,1.03,0.15,0.44,3.99,-0.29,4.14,2.22,1.92,54,2.36,0,3.1,5.32,0.89,0.46,0.44,0.31,21.13,9.75,0.01,6.06,53.63,9.75,6.94,1.77,2.66,75,1.34,1.79,1.03,33,0.59,35,0.89,0,18.47,14.89,4.88,5.02,2.07,54.9,10.93,59,4.43,88,0.15,0,0,24.08,59,2.07,85,50,0.74,3.84,22,47,-12,64.12,5.91,0.67,0.87,29.4,77,6.83,8.87,2.51,1.03,1.48,0,3.25,4.28,0.15,12,0.3,14,0.15,15,74,11,13,77,10,20.32,13.89,1.02,118,-6.42,20.65,16.41,0,0,0,0,0,,0,0,,0,0,0,0,0,0,36,8,7.2,50,0.05,0.19,0.02,-0.07,,0.19
Fernando Meza,Palestino,Primera División,2026,689,Left Centre Back,Argentina,36,20/03/90,0,0,0,,0,,,0,,0,0,0.01,0.39,0,0.01,0.39,0,0,0,0,0.01,0.39,-0.01,0,0,0,,0,0,0.26,0.39,0.65,0.44,4.31,3.42,4.83,3.13,0.06,2.61,22.62,9.66,1.96,1.18,1.83,82,1.21,1.65,0.26,60,0.26,67,2.61,0,3.39,3,1.18,0.26,0.26,27.12,0.52,15,0.13,50,0.26,0.13,0,48.05,86,3.92,22,61,4.83,5.88,11,71,-14,40.16,5.75,0.35,0.35,38.39,99,5.43,5.75,0.13,0.13,0,0,0.13,0.26,0,0,0,,0,31,68,2,32,68,0,21.61,19.37,0.94,94,-2.25,20.42,18.15,0,0,0,0,0,,0,0,,0,0,0,0,0,0,18,8,3.6,26,0.04,0.05,0.04,,,0.13
Fernando Zampedri,Universidad Católica,Primera División,2026,1992,Centre Forward,Chile,38,13/02/88,1.04,0.77,0.43,0.15,2.85,27,46,7,100,0.72,0.14,0.1,0.5,0.14,0.1,0.5,0,0,0,0.9,0.52,3.34,0.38,0.86,0.45,0.41,53,0.86,0.09,0.95,2.89,0.09,0.13,0.36,0.4,16.13,7.41,0.01,4.29,68.58,2.89,2.21,0.14,0.23,33,0.18,0.3,1.22,0,0.27,47,1.99,0,14.77,17.3,4.07,1.99,0.68,70.27,12.92,87,1.94,98,0.23,0,0,12.29,66,0.41,7,56,0.54,0.54,25,50,-16,59.09,1.13,0.3,0.64,11.47,75,4.15,3.75,0.27,0.27,0,0.32,7.05,7.32,0.09,33,0.14,30,0.41,13,65,23,13,73,13,16.31,14.55,1.07,100,-1.76,17.46,14.55,0,0,0,0,0,,0,0,,0,0,0,0,0,0,36,9,1.78,12,0,-0.04,0,0.15,,0.11
Fernando Zuqui,Universidad Católica,Primera División,2026,893,Right Centre Midfielder,Argentina,35,26/11/91,0,0,0,0.03,0.1,0,0,0,,0,0.1,0.21,1.91,0.1,0.1,0.71,0,0.1,1.21,0.1,0.21,2.01,-0.11,1.51,1.11,0.4,73,1.71,0,1.91,1.81,0.71,0.78,0.6,0.76,19.14,10.88,0,8.16,48.1,7.76,3.73,1.81,2.52,62,2.1,2.88,1.11,29,1.11,44,0.71,0,16.22,18.93,6.25,4.94,2.42,50.44,8.16,50,2.82,57,0.2,0,0.1,50.27,80,5.24,12,55,1.21,8.87,13,78,-2,52.97,7.46,0.48,0.57,46.65,93,4.64,11.49,3.02,1.61,1.41,0,0.1,1.71,0.5,3,0.1,8,0,20,69,10,27,69,4,21.22,16.25,0.92,99,-4.97,19.43,16.13,0,0,0,0,0,,0,0,,0,0,0,0,0,0,25,8,7.11,50,0.09,0.07,0.07,0,,0.23
Fernando de Paul,Colo Colo,Primera División,2026,888,Goalkeeper,Chile,35,24/04/91,0,0,0,,0,,,0,,0,0,0,0,0,0,0,0,0,0,0,0,0,0,0,0,0,,0.1,0,0,0,0,0,0,0,0,0,0,4.46,2.61,3.85,0.2,0,0,,0,0,0,,0,,0,0,0,0,0,0,0,,0,,0,,0,0,0,19.97,75,6.59,7,50,4.05,9.22,17,43,-32,11.03,0.41,0.03,0.03,18.44,100,5.25,0.2,0,0,0,0,0,0,0,,0,,0,40,60,0,100,0,0,37.76,50.1,0.78,80,12.34,29.54,40.16,0.51,0.56,0.05,69,66,3,0.55,1.62,24,6.79,1.52,0,0,20.97,2,18,2,0.82,5,0.08,0.07,,,0.14,0.28
Francis Mac Allister,La Serena,Primera División,2026,1676,Right Defensive Midfielder,Argentina,31,29/10/95,0,0,0.02,0.04,0.43,0,0,0,,0,0,0,0.21,0,0,0.21,0,0,0,0,0.02,0.64,-0.02,0.32,0.21,0.11,67,0.7,0,0.48,0.48,1.34,1.09,3.44,2.55,14.93,8.11,0.05,7.04,33.06,12.62,4.99,2.15,3.49,74,1.71,2.8,0.97,43,0.75,57,1.88,0,11.87,10.08,4.78,3.01,0.97,38.51,3.38,29,1.34,45,0.32,0.05,0,37.65,77,3.49,15,54,4.19,5.69,18,72,-5,42.08,4.24,0.24,0.24,25.94,97,4.26,4.94,0.32,0.27,0.05,0,0.11,0.38,0,0,0,0,0,31,62,7,43,57,0,22.69,20.39,0.93,93,-2.3,21.03,18.97,0,0,0,0,0,,0,0,,0,0,0,0,0,0,25,9,3.03,24,0.03,0.04,0.08,-0.01,,0.14
Francisco González,O'Higgins,Primera División,2026,1255,Right Wing,Argentina,25,05/04/01,0.36,0.36,0.15,0.06,2.51,14,37,3,,0.35,0.29,0.28,2.29,0.29,0.2,1.29,0,0.08,1,0.65,0.43,4.8,0.22,2.72,1.72,1,63,2.58,0,1.79,2.8,0.07,0.06,0.36,0.33,8.53,2.58,0.01,2.58,58.04,6.31,3.66,0.43,0.5,60,0.55,0.61,0.72,33,0.29,56,1.36,0,7.46,8.06,2.08,1.94,0.79,61.61,5.31,71,1.65,85,0.07,0,0,32.41,69,3.01,89,50,0.86,5.52,17,76,7,65.38,5.66,0.54,0.73,34.06,89,7.77,12.83,4.02,2.22,1.79,0.43,3.87,6.09,0.14,27,1.43,29,0.5,13,75,11,13,73,13,21.14,15.79,0.93,100,-5.35,19.66,15.83,0,0,0,0,0,,0,0,,0,0,0,0,0,0,28,8,7.72,51,0.15,0.15,0.03,0.15,,0.48
Francisco Javier Marchant Madrid,Colo Colo,Primera División,2026,387,Left Midfielder,Chile,20,30/07/06,0.23,0.23,0.1,0.06,1.63,14,43,2,,0.13,0.23,0.17,1.63,0.23,0.17,1.63,0,0,0,0.47,0.27,3.26,0.19,2.09,0.93,1.16,44,0.93,0,2.09,2.79,1.4,2.07,1.16,1.67,9.31,3.26,0,3.03,46.18,6.52,4.66,0.7,2.09,75,1.17,3.23,0.7,67,0.23,14,0.23,0,7.91,12.15,2.09,2.09,0.47,49.47,3.96,50,1.86,89,0,0,0,37.01,74,1.86,81,38,1.16,4.89,14,65,-9,65.78,3.49,0.29,0.48,36.78,90,5.03,16.29,3.26,3.03,0.23,0.47,3.26,6.28,0.47,43,1.86,50,0.7,14,71,16,11,69,20,19.08,14.86,0.92,114,-4.22,17.63,16.9,0,0,0,0,0,,0,0,,0,0,0,0,0,0,23,10,4.59,24,0.23,0.09,0.01,0.04,,0.37
Francisco Pozzo,Unión La Calera,Primera División,2026,928,Centre Forward,Argentina,23,14/07/03,0.19,0.19,0.27,0.13,2.04,10,52,5,,0.36,0,0,0,0,0,0,0,0,0,0.19,0.27,2.04,-0.08,0.58,0.29,0.29,50,0.29,0,1.46,3.1,0.1,0.11,0.39,0.38,17.66,8.83,0.03,4.95,63.61,3.88,2.91,0.58,0.68,67,0.63,0.74,0.97,0,0.29,42,2.13,0,16.11,15.47,4.37,3.98,1.26,65.72,13.58,84,3.3,83,0,0,0,16.59,62,0.49,15,63,0.78,0.39,27,54,-8,61.68,1.46,0.35,0.49,14.46,79,4.68,5.14,0.58,0.58,0,0.29,5.43,6.02,0,0,0,0,0.29,15,73,12,13,72,15,16.47,18.05,1.01,103,1.58,16.68,18.57,0,0,0,0,0,,0,0,,0,0,0,0,0,0,38,4,2.72,20,0,0.02,0.06,0.12,,0.2
Francisco Romero,Palestino,Primera División,2026,1101,Right Centre Midfielder,Chile,22,08/05/04,0.25,0.25,0.15,0.11,1.39,18,24,2,,0.24,0,0.04,0.82,0,0.04,0.82,0,0,0,0.25,0.19,2.21,0.05,1.39,1.14,0.25,82,1.55,0,1.55,1.47,0.41,0.4,1.23,0.87,21.08,9.81,0,6.46,45.77,7.44,3.51,2.04,2.45,68,2.22,2.63,2.61,40,0.98,33,0.74,0,16.42,15.85,5.64,5.47,2.12,47.38,7.19,44,3.35,61,0.49,0,0,30.07,80,2.86,13,64,1.63,4.09,19,68,-11,55.82,3.6,0.32,0.4,28.6,91,5.52,9.97,0.41,0.41,0,0.08,2.7,3.11,0,20,0.25,30,0.65,23,62,15,20,61,20,20.69,17.26,0.97,104,-3.43,19.98,17.92,0,0,0,0,0,,0,0,,0,0,0,0,0,0,19,5,4.36,27,0.01,0.06,0.02,0.15,,0.23
Francisco Salinas,Coquimbo Unido,Primera División,2026,1583,Right Back,Chile,27,03/12/99,0,0,0.13,0.09,1.42,0,36,1,,0.14,0.06,0.1,0.85,0.06,0.1,0.85,0,0,0,0.06,0.23,2.27,-0.18,1.65,0.91,0.74,55,0.51,0,1.31,1.82,1.65,1.85,2.62,2.66,14.61,7.34,0.04,5.29,38.93,11.03,3.81,1.88,3.53,72,2.02,3.87,1.54,52,0.74,70,4.04,0,11.2,11.72,3.75,2.73,1.48,42.89,4.27,38,1.88,69,0.28,0.06,0,46.69,74,5.52,5,57,3.98,8.3,17,58,-16,50.41,6.54,0.46,0.53,39.98,94,4.81,10.52,1.82,1.19,0.63,0.34,3.3,4.49,0.17,25,0.63,28,0.23,34,60,6,37,59,4,22.08,18.63,0.95,106,-3.45,20.9,19.82,0,0,0,0,0,,0,0,,0,0,0,0,0,0,28,11,5.17,33,0.18,0.08,0.01,0,,0.28
Franco Bechtholdt,Cobresal,Primera División,2026,1494,Right Centre Back,Argentina,33,14/08/93,0,0,0.01,0.08,0.18,0,0,0,,0,0,0,0,0,0,0,0,0,0,0,0.01,0.18,-0.01,0,0,0,,0.36,0,0.12,0.24,1.33,1.12,6.5,5.41,14.03,6.5,0.04,6.32,24.92,7.47,1.26,1.75,3.07,74,1.55,2.67,1.14,47,0.6,48,2.11,0,11.14,8.77,4.04,1.69,0.66,28.39,1.57,14,0.42,25,0.3,0,0,31.08,86,2.17,7,58,6.99,3.25,10,59,-27,37.43,1.2,0.11,0.11,22.65,98,3.65,1.75,0.24,0.24,0,0.06,0.84,1.08,0,0,0,,0.12,28,69,3,48,45,7,21.31,22.1,0.94,99,0.79,20.13,21.98,0,0,0,0,0,,0,0,,0,0,0,0,0,0,19,8,1.73,12,0.03,0.02,0.08,-0.02,,0.1
Franco Calderón,Universidad de Chile,Primera División,2026,1055,Right Centre Back,Argentina,28,12/05/98,0,0,0.01,0.08,0.09,0,0,0,,0,0,0,0.09,0,0,0.09,0,0,0,0,0.01,0.17,-0.01,0.09,0,0.09,0,0.51,0,0.09,0.34,0.85,0.7,6.4,7.86,11.35,5.29,0.09,5.72,26.46,10.58,1.62,1.28,2.13,75,1.64,2.34,0.77,67,0.43,59,3.07,0,9.3,11.38,3.58,1.19,0.43,29.93,2.13,23,0.68,57,0.17,0,0,42.58,84,2.73,7,47,6.83,5.38,9,69,-16,35.18,1.37,0.34,0.35,31.57,99,4.45,1.54,0,0,0,0,0.43,0.43,0,,0,,0,26,72,2,39,61,0,23.08,20.44,0.92,91,-2.64,21.22,18.53,0,0,0,0,0,,0,0,,0,0,0,0,0,0,16,5,2.08,17,0.03,-0.01,0.03,-0.01,,0.05
Franco Frías,Cobresal,Primera División,2026,540,Right Centre Forward,Argentina,24,16/03/02,0.67,0.67,0.38,0.1,3.67,18,41,7,,0.47,0,0.05,1,0,0.05,1,0,0,0,0.67,0.42,4.67,0.24,1,0.5,0.5,50,1.17,0,2.17,2.17,0.17,0.2,0.5,0.36,14.5,5.5,0.01,2.17,54.44,4.67,3.17,0.5,0.67,43,0.33,0.53,1,20,0.67,50,1.17,0,13,8.95,1.83,2.17,0.67,55.56,7.67,59,1.67,77,0.17,0,0,20.16,75,0.83,20,50,0.83,1.33,19,50,-25,59.93,2.33,0.28,0.54,23.83,85,6.72,5,0.83,0.83,0,0,6,6.83,0,20,0.17,25,0.67,14,74,11,7,93,0,15.9,13.86,0.94,97,-2.04,14.94,13.48,0,0,0,0,0,,0,0,,0,0,0,0,0,0,18,6,2.82,17,0.01,0.06,-0.05,-0.05,,-0.05
Franco Rami,Deportivo Ñublense SADP,Primera División,2026,596,Centre Forward,Argentina,23,30/03/03,0.45,0.45,0.54,0.23,2.42,19,38,7,,0.55,0,0.02,0.45,0,0.02,0.45,0,0,0,0.45,0.56,2.87,-0.11,1.06,0.91,0.15,86,0.45,0,0.75,2.42,0.15,0.04,0.91,0.61,20.08,8.15,0,3.62,61.01,3.92,2.26,0.45,0.6,50,0.27,0.31,2.57,33,0.45,47,5.28,0,17.06,11.55,2.42,3.47,0.45,64.33,13.28,78,3.17,91,0.45,0,0,16.15,57,0.45,21,43,1.36,0.6,50,47,-9,60.97,1.06,0.55,0.73,8.91,81,5.54,4.23,0.3,0.3,0,0.15,6.64,6.94,0,50,0.15,50,0.91,22,59,20,11,68,21,14.85,14.29,0.96,92,-0.56,14.26,13.17,0,0,0,0,0,,0,0,,0,0,0,0,0,0,41,7,2.4,17,0,0.04,-0.03,0.16,,0.17
Franco Troyansky,Audax Italiano,Primera División,2026,1321,Centre Forward,Argentina,29,05/03/97,0.27,0.2,0.29,0.11,2.66,8,33,5,100,0.26,0,0.03,0.82,0,0.03,0.68,0,0,0.14,0.2,0.33,3.47,-0.12,1.29,0.68,0.61,53,1.09,0,1.63,3.2,0.34,0.28,0.27,0.24,16.14,6.54,0.01,3.54,66.59,4.56,2.93,0.34,0.68,71,0.32,0.6,1.57,33,0.14,45,2.04,0,14.23,13.47,3.13,3.2,0.89,67.98,11.99,84,2.86,89,0.27,0,0,19.07,71,1.16,75,77,0.68,1.09,28,55,-17,58.42,2.04,0.32,0.53,19.27,80,4.75,5.58,0.41,0.41,0,0.2,5.04,5.45,0.07,0,0.07,13,0.48,13,66,21,17,68,15,16.54,15.5,1.01,104,-1.04,16.66,16.15,0,0,0,0,0,,0,0,,0,0,0,0,0,0,29,9,2.83,23,0.02,0.01,0,-0.01,,0.03
Gabriel Jesús Castellón Velazquez,Universidad de Chile,Primera División,2026,2138,Goalkeeper,Chile,33,07/09/93,0,0,0,,0,,,0,,0,0,0,0.08,0,0,0,0,0,0.08,0,0,0.08,0,0,0,0,,0.29,0,0.04,0,0,0,0,0,0.08,0.08,0,5.39,3.23,3.91,0,0,0,0,0,0,0,0,0.04,,0,0.04,0.08,0.1,0.08,0,0,14.45,0,0,0,,0.17,0,0,17.47,83,5.26,17,56,1.52,7.91,12,62,-21,12.35,0.84,0.19,0.19,15.53,100,4.12,0.25,0,0,0,0,0,0,0,,0,,0,34,66,0,83,17,0,34.31,40.05,0.82,67,5.74,28.26,26.68,0.59,0.82,0.23,78,70,9,0.72,2.74,34,8.12,2.47,0.17,0.13,19.42,1,14,2,1.25,8,0.06,0.06,,,0.14,0.27
Gabriel Maureira,Colo Colo,Primera División,2026,1234,Goalkeeper,Chile,20,05/02/06,0,0,0,,0,,,0,,0,0,0,0.15,0,0,0.07,0,0,0.07,0,0,0.15,0,0.07,0.07,0,100,0.15,0,0,0,0,0,0,0,0.22,0.07,0,5.76,2.95,2.99,0,0,0,,0,0,0.07,,0,,0,0.07,0.15,0.25,0.15,0,0,8.74,0,0,0,,0,0,0,13.86,71,3.79,15,39,1.02,8.82,10,62,-9,9.47,0.73,0.15,0.15,12.18,99,4.97,0.36,0,0,0,0,0,0,0,,0,,0,45,55,0,80,20,0,37.4,37.54,0.7,73,0.14,26.19,27.22,0.8,0.92,0.12,68,63,5,0.96,2.48,27,9.33,1.96,0.22,0.22,15.26,-2,18,2,1.44,8,0.06,0.05,0,,-0.03,0.08
Gabriel Maximiliano Graciani,Deportivo Ñublense SADP,Primera División,2026,1372,Right Wing Back,Argentina,33,27/11/93,0.13,0.13,0.21,0.1,2.03,6,23,2,,0.07,0.07,0.1,1.05,0.07,0.1,1.05,0,0,0,0.2,0.31,3.08,-0.11,1.31,0.46,0.85,35,0.52,0,1.18,3.02,0.26,0.2,1.25,1.03,16.4,7.55,0.04,4.53,51.77,8,4.79,1.25,1.51,61,0.96,1.16,1.51,8,0.79,53,4.46,0,13.65,11.37,3.22,3.74,1.12,55.82,8.4,62,3.15,84,0.26,0,0,31.56,61,1.05,26,48,1.57,1.84,27,54,-7,60.71,3.08,0.36,0.47,23.82,87,5.25,10.43,0.92,0.92,0,0.92,7.87,8.79,0,50,0.79,36,1.31,22,67,12,17,68,15,15.43,12.83,0.99,102,-2.6,15.24,13.13,0,0,0,0,0,,0,0,,0,0,0,0,0,0,41,11,4.76,32,0.04,0.06,0.05,-0.12,,0.03
Gary Medel,Universidad Católica,Primera División,2026,759,Right Defensive Midfielder,Chile,39,02/08/87,0,0,0,,0,,,0,,0,0,0.02,0.36,0,0.02,0.36,0,0,0,0,0.02,0.36,-0.02,0.12,0,0.12,0,1.07,0,0.47,0.24,0.95,1.28,1.19,1.64,8.06,4.74,0.03,3.68,36.91,10.08,3.68,0.95,1.9,62,1.33,2.61,0.71,29,0.59,17,0.12,0,6.4,8.85,2.25,2.61,1.19,43.67,2.85,44,1.78,68,0.36,0,0,48.61,92,4.86,15,84,1.3,5.69,8,91,0,44.68,4.03,0.41,0.43,38.06,98,3.37,6.4,0.47,0.47,0,0,0,0.47,0,25,0.12,50,0,16,76,7,24,76,0,20.86,20.06,0.98,95,-0.8,20.52,19.14,0,0,0,0,0,,0,0,,0,0,0,0,0,0,10,5,5.72,34,0.07,0.06,-0.1,,,0.03
Giovani Chiaverano,Audax Italiano,Primera División,2026,1484,Left Centre Forward,Argentina,21,20/05/05,0.3,0.3,0.2,0.12,1.64,19,44,3,,0.26,0.12,0.13,1.15,0.12,0.13,1.15,0,0,0,0.42,0.33,2.79,0.1,1.4,0.85,0.55,61,1.15,0,2.18,2.79,0.36,0.29,0.61,0.42,18.93,10.01,0,5.4,54.75,5.46,2.85,0.97,1.33,64,0.72,1.01,1.03,18,0.55,30,1.03,0,16.98,15.74,4.85,4.55,1.52,57.3,10.49,62,3.58,79,0.3,0,0,18.5,65,0.91,21,48,1.03,1.46,20,67,1,61.47,1.58,0.3,0.47,19.84,78,6.48,5.4,0.55,0.55,0,0.49,3.88,4.43,0,44,0.42,25,0.79,17,61,21,3,71,26,18.48,17.03,0.93,96,-1.45,17.27,16.38,0,0,0,0,0,,0,0,,0,0,0,0,0,0,35,10,3.47,26,-0.03,0.03,0.03,0.08,,0.11
Giovanny Andrés Ávalos Ovelar,Deportivo Ñublense SADP,Primera División,2026,433,Left Wing,Chile,21,29/03/05,0.21,0.21,0.09,0.1,0.83,25,25,2,,0.06,0,0.08,1.25,0,0.08,1.25,0,0,0,0.21,0.16,2.08,0.05,1.45,1.25,0.21,86,0.83,0,0.42,2.7,0,0,0.21,0.06,16.83,8.52,0,4.16,56.4,6.65,2.91,0.83,0.83,67,0.77,0.77,1.04,33,0.42,37,1.45,0,14.96,10.01,3.74,3.32,1.04,57.89,9.77,65,2.08,63,0,0,0,20.78,59,0.62,77,50,0.21,1.25,18,50,-9,56.25,3.12,0.14,0.22,19.95,88,5.83,4.36,0.83,0.83,0,0,2.49,3.32,0.21,75,0.62,43,0,21,69,10,19,67,14,16.94,12.48,0.97,111,-4.47,16.48,13.86,0,0,0,0,0,,0,0,,0,0,0,0,0,0,39,10,2.43,20,0,0.03,0,-0.01,,0.02
Gonzalo Escalante,La Serena,Primera División,2026,1606,Left Defensive Midfielder,Argentina,33,26/03/93,0.11,0.11,0.06,0.09,0.67,17,33,1,,0.08,0,0.11,0.9,0,0.11,0.9,0,0,0,0.11,0.18,1.57,-0.06,0.45,0.34,0.11,75,1.57,0,1.46,1.23,1.57,1.29,2.47,2.16,14.96,8.35,0.02,6.16,40.08,12.44,6.22,2.24,3.81,73,2.09,3.39,1.29,37,0.84,63,1.68,0.06,11.43,9.95,3.98,3.08,0.9,45,4.65,41,1.74,56,0.34,0,0,44.66,79,2.41,10,61,3.7,2.69,21,70,-9,49.64,4.48,0.59,0.66,33.23,94,4.88,8.52,0.67,0.67,0,0.17,1.06,1.74,0.34,8,0.17,60,0.22,28,61,11,34,61,5,18.35,18.94,0.96,102,0.59,17.65,19.29,0,0,0,0,0,,0,0,,0,0,0,0,0,0,24,9,4.19,36,0.02,0.07,-0.01,0.01,,0.1
Gonzalo Flores,Coquimbo Unido,Primera División,2026,307,Goalkeeper,Chile,26,28/02/00,0,0,0,,0,,,0,,0,0,0.02,0.29,0,0.02,0.29,0,0,0,0,0.02,0.29,-0.02,0,0,0,,0.29,0,0,0,0,0,0,0,0,0.29,0,6.45,3.27,2.93,0,0,0,0,0,0,0,0,0.29,,0,0.29,0,0,0,0,0,,0,,0,,0.29,0,0,20.23,67,9.38,22,48,2.05,17.59,8,50,-17,11.28,2.05,0.38,0.38,17.01,100,8.28,0.88,0.59,0.29,0.29,0,0,0.29,0,0,0,,0,58,42,0,100,0,0,46.68,54.34,0.79,84,7.66,37.04,45.48,0.88,0.73,-0.15,57,65,-7,0.96,2.05,23,8.8,1.83,0.29,0.29,16.91,4,22,2,4.02,25,0.12,0.05,,,-0.42,-0.24
Gonzalo Sosa,Deportes Limache,Primera División,2026,1447,Centre Forward,Argentina,37,03/01/89,0.37,0.37,0.33,0.15,2.3,16,35,4,0,0.31,0,0.03,0.62,0,0.03,0.62,0,0,0,0.37,0.37,2.92,0.01,0.19,0.06,0.12,33,0.87,0.06,0.87,2.11,0.19,0.09,1.24,0.88,12.13,5.04,0.02,2.99,55.99,3.55,1.93,0.25,0.44,100,0.15,0.25,1.43,,0,47,4.35,0,10.45,7.33,2.36,2.24,0.62,61.83,7.59,73,1.68,75,0.19,0.06,0,14.68,68,0.31,12,42,1.49,0.5,41,56,-11,59.06,1.24,0.38,0.55,9.52,82,3.67,4.79,0.19,0.19,0,0.5,6.66,6.84,0.19,0,0,0,0.75,17,63,20,19,70,10,15.81,14.84,1,96,-0.97,15.78,14.29,0,0,0,0,0,,0,0,,0,0,0,0,0,0,34,6,2.34,18,0.02,0.04,0.03,-0.06,,0.01
Gonzalo Tapia,Palestino,Primera División,2026,760,Centre Attacking Midfielder,Chile,30,23/02/96,0.47,0.36,0.16,0.07,2.13,17,44,4,100,0.49,0,0.08,0.71,0,0.08,0.71,0,0,0,0.36,0.23,2.84,0.12,0.59,0.36,0.24,60,1.42,0,2.01,2.01,0.47,0.26,0.47,0.46,15.28,6.28,0,2.84,55.82,6.39,3.55,0.71,1.18,86,0.6,0.86,0.71,67,0.12,31,1.3,0,13.97,11.08,2.13,2.96,0.47,57.88,8.88,64,2.61,88,0.12,0,0,25.1,77,1.54,14,54,1.07,2.25,23,71,-6,57.02,3.79,0.23,0.36,24.04,87,5.08,8.05,0.71,0.71,0,0.12,3.55,4.26,0.12,0,0,0,0.36,21,64,15,22,62,16,19.15,16.8,0.94,94,-2.35,18.07,15.83,0,0,0,0,0,,0,0,,0,0,0,0,0,0,23,8,4.42,24,0,0,0.03,0.07,,0.09
Guido Vadalá,Coquimbo Unido,Primera División,2026,1024,Centre Attacking Midfielder,Argentina,29,07/02/97,0.26,0.26,0.21,0.16,1.32,20,33,3,,0.13,0,0.08,1.14,0,0.06,0.88,0,0.02,0.26,0.26,0.29,2.46,-0.02,1.23,0.79,0.44,64,0.88,0,2.29,2.2,0.09,0.05,0.18,0.12,19.86,8.97,0.01,4.66,62.82,5.63,3.78,0.79,0.88,60,0.69,0.74,0.79,25,0.53,21,0.35,0,18.28,16.63,4.39,3.69,0.88,63.65,13.8,75,3.08,83,0.18,0,0,20.39,73,1.93,11,71,0.44,2.46,25,65,-8,62.47,2.29,0.26,0.43,21.1,83,6.28,8,1.14,0.7,0.44,0.26,3.78,4.48,0,15,0.44,42,0.35,16,70,14,16,77,7,18.51,14.16,1,95,-4.35,18.5,13.49,0,0,0,0,0,,0,0,,0,0,0,0,0,0,27,8,3.79,30,-0.02,0.05,0.01,-0.05,,-0.01
Guillermo Pacheco,Cobresal,Primera División,2026,1322,Right Back,Chile,37,09/04/89,0.07,0.07,0.09,0.14,0.61,11,11,0,,0.07,0.14,0.05,1.16,0.14,0.05,1.09,0,0,0.07,0.2,0.14,1.77,0.06,0.34,0.14,0.2,40,0.89,0,0.82,1.09,0.95,0.73,3,2.6,11.23,5.51,0.02,4.83,29.57,7.49,2.25,1.7,2.66,64,1.38,2.12,0.61,46,0.95,62,1.57,0,8.92,6.5,2.93,2.66,0.82,35.23,2.11,24,1.43,54,0.27,0,0,42.96,74,3.74,11,53,3.47,6.54,13,60,-14,49.08,4.02,0.37,0.44,35.61,97,4.01,8.1,1.43,0.89,0.54,0.07,1.57,2.45,0.14,38,0.82,31,0.14,27,65,7,24,66,10,20.05,16.91,0.92,101,-3.14,18.51,17.16,0,0,0,0,0,,0,0,,0,0,0,0,0,0,29,10,4.57,35,0.12,0.07,-0.06,0.02,,0.15
Harol Salgado,Universidad Concepción,Primera División,2026,380,Left Midfielder,Chile,26,03/09/00,0,0,0.26,0.22,1.19,0,20,2,,0.12,0,0.12,0.71,0,0.12,0.71,0,0,0,0,0.38,1.9,-0.38,1.42,0.95,0.47,67,0.71,0,2.61,1.66,0.71,1.02,1.19,1.14,23,10.91,0,8.3,49.23,6.64,3.56,1.42,2.13,60,1.73,2.75,1.42,57,0.95,42,1.19,0,20.15,18.77,6.4,4.03,1.9,49.48,9.01,45,3.32,82,0.47,0,0,28.45,76,1.42,10,75,1.19,1.9,20,84,8,60.64,3.56,0.54,0.62,27.74,88,4.17,11.14,0.71,0.71,0,0.47,3.79,4.5,0,0,0.24,11,0.24,13,70,18,11,79,11,16.27,13.62,1.01,106,-2.65,16.36,14.47,0,0,0,0,0,,0,0,,0,0,0,0,0,0,23,10,4.53,34,-0.01,0.03,-0.01,-0.13,,-0.11
Hugo Magallanes,Everton,Primera División,2026,1247,Right Centre Back,Uruguay,29,25/08/97,0,0,0.08,0.18,0.43,0,17,0,,0.03,0,0.02,0.22,0,0.02,0.22,0,0,0,0,0.1,0.65,-0.1,0.14,0.14,0,100,0.65,0,0.14,0.14,0.65,0.54,6.5,4.83,8.45,3.68,0.03,4.77,23.34,9.46,1.37,1.44,2.09,87,1.27,1.8,0.79,57,0.22,71,3.18,0,6.28,4.6,2.67,1.08,0.58,27.47,0.79,13,0.51,47,0.36,0.14,0,27.87,73,2.82,12,38,8.09,5.85,15,56,-17,34.54,0.94,0.2,0.22,18.63,98,5.27,1.08,0.07,0.07,0,0.07,0.87,0.94,0,0,0,,0.07,34,63,3,53,47,0,28.36,30.37,0.83,83,2.01,23.51,25.15,0,0,0,0,0,,0,0,,0,0,0,0,0,0,27,5,2.08,14,0.04,0.03,0.04,-0.06,,0.04
Hugo Martínez,Deportes Limache,Primera División,2026,333,Left Defensive Midfielder,Paraguay,26,26/04/00,0,0,0.04,0.03,1.08,0,25,1,,0,0.27,0.21,2.16,0,0.04,0.54,0.27,0.17,1.62,0.27,0.24,3.24,0.03,1.08,0.54,0.54,50,1.89,0.27,0,0.81,1.35,1.12,0.81,0.68,12.42,7.83,0.04,3.78,48.85,10.53,5.4,0.54,1.89,40,0.22,1.33,0.27,0,0.81,40,1.08,0,11.61,9.26,3.24,2.97,1.08,54.63,7.56,65,2.16,73,0,0,0,35.65,73,5.13,26,54,1.08,9.18,13,60,-13,55.44,5.13,0.29,0.32,27.01,97,4.34,10.26,3.51,0.27,3.24,0,0.81,1.08,0,8,0.27,17,0,27,65,8,29,53,18,24.11,17.05,0.94,107,-7.05,22.59,18.32,0,0,0,0,0,,0,0,,0,0,0,0,0,0,30,6,6.59,36,0.33,0.26,0.03,-0.04,,0.59
Ian Garguez,Palestino,Primera División,2026,1431,Right Back,Chile,21,02/02/05,0.06,0.06,0.07,0.07,0.88,7,21,1,,0.05,0.13,0.09,1.13,0.13,0.09,1.07,0,0,0.06,0.19,0.16,2.01,0.03,0.63,0.5,0.13,80,0.82,0,0.69,1.32,0.94,0.99,3.02,3.24,16.61,6.61,0.03,6.42,33.17,10.25,4.09,2.39,3.33,84,2.26,3.24,0.94,55,0.44,53,1.13,0,13.27,13.57,4.4,2.2,0.63,38.56,4.03,30,1.7,77,0.13,0,0,33.47,76,2.14,11,52,3.96,3.21,12,66,-10,53.74,4.97,0.33,0.43,27.93,95,4.76,9.37,1.32,0.94,0.38,0.25,1.76,2.7,0,33,0.57,39,0.31,30,56,15,28,56,16,18.35,17.94,0.95,106,-0.41,17.44,19.1,0,0,0,0,0,,0,0,,0,0,0,0,0,0,28,9,4.76,30,0.17,0.08,0.03,0,,0.28
Ignacio Alejandro Jeraldino Jul,Deportivo Ñublense SADP,Primera División,2026,1208,Centre Forward,Chile,31,05/12/95,0.37,0.15,0.23,0.11,2.09,7,43,4,100,0.3,0,0.07,0.89,0,0.07,0.89,0,0,0,0.15,0.3,2.98,-0.15,0.3,0.15,0.15,50,0.89,0.07,0.82,2.68,0.22,0.22,1.04,0.9,20.05,7.83,0.01,5.37,63.88,3.95,3.13,0.97,1.19,76,0.95,1.17,0.89,43,0.3,46,4.02,0,18.41,14.3,4.7,3.95,0.97,66.26,14.76,80,3.28,83,0.07,0,0,17.37,60,0.37,27,45,1.34,0.52,33,46,-14,63.91,1.27,0.36,0.52,12.45,81,3.41,5.59,0.3,0.3,0,0.82,7.23,7.53,0.07,0,0.15,20,0.89,23,64,13,25,61,13,14.68,14.25,0.96,115,-0.44,14.09,16.32,0,0,0,0,0,,0,0,,0,0,0,0,0,0,42,13,2.77,20,0.05,-0.02,-0.01,-0.04,,-0.02
Ignacio González,Everton,Primera División,2026,1817,Goalkeeper,Chile,37,01/12/89,0,0,0,,0,,,0,,0,0,0,0.05,0,0,0,0,0,0.05,0,0,0.05,0,0,0,0,,0.25,0,0,0,0,0,0.05,0.04,0.05,0.1,0,6.49,2.09,3.77,0,0,0,0,0,0,0.05,0,0.05,,0,0.05,0,0,0,0,0,,0,,0,,0.05,0,0,10.65,76,4.16,11,47,1.14,7.73,9,56,-20,8.29,0.25,0.13,0.13,9.56,100,6.23,0.05,0,0,0,0,0,0,0,,0,,0,34,66,0,100,0,0,37.33,43.42,0.77,81,6.09,28.89,35.14,0.89,1.01,0.12,68,64,4,0.85,2.77,25,10.9,1.74,0.15,0.1,16.79,-1,21,1,1.43,10,0.03,0.09,-0.01,,0.01,0.12
Ignacio Sebastián Mesías González,Deportes Concepcion,Primera División,2026,503,Left Wing,Chile,26,15/10/00,0.36,0.36,0.22,0.12,1.79,20,50,5,,0.39,0,0.02,0.54,0,0.02,0.54,0,0,0,0.36,0.24,2.33,0.12,0.9,0.18,0.72,20,0.72,0,2.69,3.4,0.54,0.54,0.72,0.61,18.8,8.42,0,3.22,62.01,4.12,2.15,0.9,1.43,100,0.66,1.2,1.25,,0,32,1.07,0,16.65,13.56,3.04,4.66,1.43,66.13,13.61,82,4.3,92,0.18,0,0,13.97,56,0.36,0,50,0.9,0.54,22,29,-26,61.19,1.43,0.12,0.28,15.76,69,5.55,4.66,0.54,0.54,0,0,3.58,4.12,0,67,0.36,22,0,19,66,15,27,54,19,16.46,16.44,0.95,80,-0.02,15.68,13.16,0,0,0,0,0,,0,0,,0,0,0,0,0,0,43,8,1.72,11,-0.01,-0.04,-0.01,0.14,,0.08
Ignacio Tapia,Deportivo Ñublense SADP,Primera División,2026,672,Left Wing,Argentina,22,31/08/04,0.13,0.13,0.13,0.06,2.01,7,33,3,,0.15,0.13,0.11,1.61,0,0.09,1.21,0.13,0.02,0.4,0.27,0.24,3.62,0.03,2.28,0.54,1.74,24,0.54,0,4.15,4.55,0.94,0.65,0.13,0.09,24.51,9.24,0.01,7.5,55.44,6.03,3.48,1.21,2.14,45,1.2,1.85,1.47,15,1.47,29,0.54,0,21.83,19.39,6.56,6.43,2.41,55.98,13.13,60,5.49,85,0.4,0,0,28.39,64,2.68,13,50,0.8,4.69,18,61,-3,61.78,4.42,0.29,0.39,34.29,80,6.38,9.91,2.41,1.61,0.8,0,2.68,4.29,0,11,0.27,25,0.13,22,66,12,20,70,9,20.25,18.32,0.99,108,-1.93,19.98,19.78,0,0,0,0,0,,0,0,,0,0,0,0,0,0,31,8,5.2,31,-0.01,0.06,0.06,-0.03,,0.07
Ignacio Vásquez,Universidad de Chile,Primera División,2026,874,Left Wing,Chile,20,21/05/06,0.1,0.1,0.06,0.04,1.44,7,36,2,,0.04,0.1,0.05,0.82,0.1,0.05,0.82,0,0,0,0.21,0.11,2.27,0.09,2.78,1.44,1.34,52,1.96,0,2.27,3.61,0.31,0.19,0.41,0.47,12.67,5.36,0,4.53,58.17,4.95,2.88,1.03,1.34,63,1.34,1.53,0.72,50,0.62,7,0.1,0,11.02,13.47,3.91,2.99,1.24,59.1,7.31,66,2.58,86,0.1,0,0,28.54,72,1.24,13,41,0.72,2.68,17,67,-6,64.44,1.65,0.25,0.36,32.76,85,6.45,10.71,1.34,1.24,0.1,0.21,3.61,4.84,0.21,38,0.82,32,0.62,16,67,17,13,64,23,17.68,14.34,0.93,101,-3.34,16.41,14.53,0,0,0,0,0,,0,0,,0,0,0,0,0,0,28,8,4.07,24,0.05,0.11,0.02,-0.02,,0.16
Israel Poblete,Universidad de Chile,Primera División,2026,1254,Right Defensive Midfielder,Chile,31,21/06/95,0,0,0.03,0.04,0.57,0,38,1,,0.04,0.14,0.04,0.72,0.14,0.04,0.65,0,0,0.07,0.14,0.07,1.29,0.08,0.57,0.22,0.36,38,0.93,0,1.29,1.22,0.93,1.11,1.65,2.02,21.75,10.98,0.01,7.61,44.88,10.84,5.74,2.3,3.23,68,2.85,3.96,1.36,42,1.08,56,1.29,0,18.09,22,5.96,6.32,2.01,46.96,7.04,39,3.09,49,0.07,0,0,43.29,80,1.08,16,44,1.72,2.37,14,73,-7,52.74,4.74,0.37,0.41,33.39,94,4.26,10.2,0.5,0.5,0,0.22,1.87,2.37,0,57,0.43,55,0.36,22,68,10,19,71,10,17.48,13.75,0.97,102,-3.73,16.9,13.98,0,0,0,0,0,,0,0,,0,0,0,0,0,0,21,7,4.52,37,-0.01,0.06,-0.03,-0.01,,0.01
Ián Franco Rasso,La Serena,Primera División,2026,617,Right Centre Back,Argentina,26,13/08/00,0,0,0,,0,,,0,,0,0,0,0,0,0,0,0,0,0,0,0,0,0,0.15,0.15,0,100,0.29,0,0,0.15,0.29,0.13,5.25,3.33,8.16,4.96,0.08,3.64,24.16,8.31,0.44,1.46,1.75,83,0.92,1.05,0.44,67,0.29,73,1.17,0,6.27,3.93,2.04,0.87,0.44,28.5,0.73,12,0.29,33,0.29,0,0,26.97,80,2.62,12,53,5.69,4.52,8,60,-20,33.48,2.04,0.22,0.22,18.22,100,4.39,1.6,0,0,0,0,0.29,0.29,0,,0,0,0,36,59,5,82,18,0,24.46,27.74,0.9,99,3.28,21.94,27.56,0,0,0,0,0,,0,0,,0,0,0,0,0,0,28,8,1.72,13,0.03,0.02,0.19,,,0.25
Jason León,Palestino,Primera División,2026,868,Left Back,Chile,26,10/05/00,0.1,0.1,0.04,0.03,1.35,8,38,1,,0.02,0.1,0.14,1.76,0.1,0.09,1.24,0,0.05,0.52,0.21,0.18,3.11,0.03,1.87,1.24,0.62,67,1.04,0,1.76,1.55,1.24,0.82,2.07,1.57,16.79,8.81,0.01,5.6,37.23,9.54,4.25,2.59,3.84,78,1.8,2.62,0.73,63,0.73,69,0.93,0.1,13.48,10.13,3.73,3.11,0.93,40.36,5.39,40,2.18,70,0.21,0,0,42.08,76,6.12,86,60,3.01,9.33,15,70,-6,54.3,5.7,0.36,0.41,38.25,93,4.31,12.23,1.76,0.93,0.83,0.1,0.52,1.45,0,24,0.73,32,0.21,21,71,8,17,74,9,22.86,19.22,0.94,104,-3.64,21.43,20.04,0,0,0,0,0,,0,0,,0,0,0,0,0,0,28,8,8.64,57,0.18,0.08,0.05,-0.05,,0.26
Javier Altamirano,Universidad de Chile,Primera División,2026,1055,Centre Attacking Midfielder,Chile,27,20/08/99,0.17,0.17,0.14,0.08,1.71,10,25,1,,0.17,0,0.08,1.37,0,0.07,1.19,0,0.02,0.17,0.17,0.22,3.07,-0.05,2.05,1.19,0.85,58,1.11,0,2.99,2.22,0.6,0.77,0.94,1.27,19.71,9.64,0,6.65,49.26,8.79,4.61,1.71,2.3,57,2.28,3.05,2.3,12,1.28,50,1.02,0.09,15.7,19.36,5.37,4.78,2.05,52.05,8.19,52,3.58,75,0.26,0,0,47.35,77,1.79,82,58,1.11,2.9,16,69,-9,60.29,6.23,0.4,0.46,43.34,94,4.8,18.6,2.05,1.88,0.17,0.17,2.73,4.61,0.17,0,0,0,0.17,19,69,12,22,72,6,16.7,13.46,0.98,107,-3.24,16.41,14.41,0,0,0,0,0,,0,0,,0,0,0,0,0,0,24,9,5.15,37,-0.04,0.11,-0.03,-0.02,,0.01
Javier Correa,Colo Colo,Primera División,2026,991,Centre Forward,Argentina,34,22/10/92,1.09,1,0.58,0.11,5.36,19,51,11,100,1,0.36,0.24,1.64,0.36,0.24,1.64,0,0,0,1.36,0.83,6.99,0.54,1.73,1.36,0.36,79,0.18,0.09,2.36,2.36,0.27,0.37,0.45,0.71,12.35,5.81,0.03,3.45,67.48,3.54,1.91,0.55,0.82,75,0.76,1.14,0.73,33,0.18,40,1.64,0,11.08,15.32,3.27,2.45,1.27,71.12,9.63,87,2,81,0.18,0,0,16.62,62,1.18,20,62,0.64,1.73,19,45,-18,63.42,2.09,0.41,0.97,18.17,84,6.66,5.54,0.82,0.82,0,0.73,11.45,12.26,0.18,11,0.36,40,1,12,72,17,3,84,13,17.38,15.18,1.04,94,-2.21,18.12,14.25,0,0,0,0,0,,0,0,,0,0,0,0,0,0,33,8,4.01,22,0.01,0.16,0.04,0.14,,0.35
Javier Rojas,Deportes Concepcion,Primera División,2026,551,Left Back,Chile,21,24/08/05,0,0,0,0.01,0.16,0,0,0,,0,0,0.02,0.33,0,0.02,0.33,0,0,0,0,0.02,0.49,-0.02,0.65,0.33,0.33,50,0.33,0,0.49,1.14,1.14,1,2.29,1.94,12.9,5.55,0.03,5.55,29.85,7.02,1.96,1.63,2.78,71,1.08,2.07,0.49,50,0.65,29,0.33,0,10.78,8.42,3.92,2.29,0.65,32.57,2.29,21,1.31,57,0.33,0,0,30.86,83,1.63,91,48,2.78,2.94,13,77,-7,46.95,2.78,0.09,0.16,27.27,95,4.08,5.06,1.31,1.31,0,0,0,1.31,0,63,0.82,71,0.16,32,58,10,29,61,10,21.31,20.1,0.94,110,-1.21,20.1,22.19,0,0,0,0,0,,0,0,,0,0,0,0,0,0,21,10,2.47,24,0.12,0.03,0.04,0,,0.2
Javier Rojas,Deportes Limache,Primera División,2026,488,Left Back,Chile,21,24/08/05,0,0,0,0.02,0.18,0,0,0,,0,0.18,0.14,1.29,0.18,0.13,1.11,0,0.01,0.18,0.18,0.15,1.47,0.04,0.55,0.37,0.18,67,0.55,0,1.47,0.37,1.47,1.06,2.76,1.89,19.9,11.24,0.05,6.63,32.58,8.11,2.4,3.5,4.98,86,2.34,3.4,0.92,67,0.55,13,0.37,0,15.48,9.7,4.24,3.13,1.11,35.45,3.13,20,1.84,59,0.18,0,0,27.46,72,3.32,87,46,4.05,5.9,10,65,-7,49.74,4.42,0.14,0.23,21.38,92,6.58,5.34,1.84,1.47,0.37,0.18,0.55,2.03,0,50,1.29,37,0.37,33,61,6,17,76,7,24.75,26.95,0.89,84,2.2,21.94,22.53,0,0,0,0,0,,0,0,,0,0,0,0,0,0,29,9,2.97,20,0.19,0.05,0.1,-0.01,,0.33
Jean Meneses,Deportes Limache,Primera División,2026,2061,Left Centre Midfielder,Chile,33,15/03/93,0.26,0.26,0.12,0.1,1.14,23,50,2,,0.18,0.35,0.24,1.88,0.31,0.22,1.7,0.04,0.02,0.17,0.61,0.36,3.01,0.25,2.23,1.31,0.92,59,1.92,0,3.14,3.06,0.83,0.6,0.79,0.57,19.57,9.65,0,6.16,45.8,9.7,5.2,2.05,2.88,75,1.59,2.19,0.66,44,0.7,28,0.39,0.04,16.86,12.6,5.15,3.93,1.31,47.75,7.82,46,3.01,77,0.13,0,0,36.55,71,2.71,20,54,1.35,4.45,18,68,-2,57.46,5.76,0.47,0.68,37.78,87,6.69,11.57,1.92,1.57,0.35,0.57,3.28,4.85,0.09,14,0.57,33,0.61,25,62,13,28,64,8,20.63,17.78,0.94,99,-2.85,19.42,17.68,0,0,0,0,0,,0,0,,0,0,0,0,0,0,29,7,5.19,40,0.09,0.11,0.04,0.06,,0.31
Jeison Joaquín Fuentealba Vergara,Universidad Concepción,Primera División,2026,1826,Left Wing,Chile,23,09/01/03,0.15,0.05,0.04,0.04,1.23,4,44,1,100,0.06,0,0.11,1.48,0,0.09,1.13,0,0.02,0.35,0.05,0.15,2.71,-0.1,2.91,1.82,1.08,63,2.32,0.05,2.71,3.11,0.74,0.7,0.44,0.44,23.32,11.04,0.01,7.44,49.64,6.31,2.91,1.28,2.02,65,1.04,1.73,0.99,24,0.69,23,0.25,0.05,21.05,18.64,6.36,6.31,2.27,50.68,10.25,49,4.73,75,0.2,0,0,35.39,71,2.81,13,48,0.99,5.27,19,74,3,59.29,4.58,0.33,0.42,37.76,87,5.6,11.53,2.17,1.43,0.74,0.2,2.51,3.94,0.15,30,0.84,36,0.49,18,67,15,14,71,15,19.54,15.27,0.96,108,-4.27,18.79,16.55,0,0,0,0,0,,0,0,,0,0,0,0,0,0,29,10,6.02,43,-0.02,0.1,0.01,-0.03,,0.06
Jeisson Vargas,La Serena,Primera División,2026,2022,Left Wing,Chile,29,14/09/97,0.31,0.22,0.15,0.07,2.23,10,32,3,100,0.16,0.31,0.26,2,0.18,0.17,1.02,0.13,0.09,0.98,0.53,0.41,4.23,0.12,1.47,0.85,0.62,58,1.07,0,2.85,2.14,0.36,0.33,0.58,0.43,8.59,4.36,0,2.58,54.13,7.03,3.29,0.53,0.89,52,0.37,0.7,0.49,15,0.49,38,0.49,0.04,7.61,6.21,2.14,1.83,0.58,58,5.03,66,1.34,73,0,0,0,29.87,71,2.85,13,44,0.98,6.01,20,74,3,57.12,5.39,0.45,0.63,31.16,86,5.67,8.81,2.45,0.98,1.47,0.09,1.51,2.49,0.27,11,0.27,24,0.09,17,67,15,23,67,10,21.5,16.19,0.9,100,-5.31,19.38,16.16,0,0,0,0,0,,0,0,,0,0,0,0,0,0,28,8,7.3,57,0.13,0.06,0.01,-0.02,,0.18
Jeyson Rojas,Colo Colo,Primera División,2026,1942,Right Wing Back,Chile,24,22/01/02,0.09,0.09,0.03,0.05,0.56,17,25,0,,0.05,0.09,0.09,0.93,0.09,0.09,0.93,0,0,0,0.19,0.12,1.48,0.06,0.97,0.51,0.46,52,0.42,0,0.93,1.53,0.65,0.93,1.67,2.29,14,8.44,0.02,6.3,39.63,7.37,2.92,2.18,2.83,78,3.24,4.16,0.7,54,0.6,58,1.21,0.14,11.22,15.83,4.36,2.5,1.11,43.52,4.26,38,1.53,61,0.05,0,0,38.19,78,1.76,13,41,2.09,3.89,13,72,-5,56.52,3.75,0.44,0.5,33.65,94,4.58,12.05,1.07,0.83,0.23,0.32,1.9,2.73,0.09,48,0.79,30,0.42,19,67,14,17,62,21,18.46,17.05,0.91,97,-1.41,16.77,16.55,0,0,0,0,0,,0,0,,0,0,0,0,0,0,25,10,5.73,34,0.05,0.08,0.05,0.01,,0.19
Jhojan Valencia,Universidad Católica,Primera División,2026,1530,Centre Defensive Midfielder,Colombia,30,26/07/96,0,0,0.01,0.02,0.71,0,17,1,,0,0,0.03,0.65,0,0.03,0.65,0,0,0,0,0.05,1.35,-0.05,0.76,0.59,0.18,77,0.76,0,0.88,1,1.59,1.83,0.76,0.7,24.65,13.95,0.02,8.94,41.44,11.06,5.12,3.06,4.65,78,3.46,5.29,2.24,42,0.88,53,1.24,0.06,19.36,22.03,7.41,4.18,1.71,42.69,6.35,33,2.35,56,0.41,0,0,49.66,86,3.77,6,70,1.29,4.83,16,82,-4,46.95,6.65,0.49,0.5,41.01,96,4.06,10.47,0.65,0.59,0.06,0.06,0.47,1.06,0.12,9,0.12,20,0.12,26,67,7,37,59,4,19.94,16.8,0.97,105,-3.14,19.32,17.59,0,0,0,0,0,,0,0,,0,0,0,0,0,0,19,9,5.5,36,0.06,0.07,0.01,-0.02,,0.11
Jimmy Martínez,Universidad Católica,Primera División,2026,1305,Left Centre Midfielder,Chile,29,25/01/97,0.07,0.07,0.05,0.05,1.03,7,20,1,,0.02,0.14,0.08,1.1,0.14,0.06,0.83,0,0.02,0.28,0.21,0.13,2.14,0.08,0.21,0.14,0.07,67,1.86,0,1.17,1.17,0.76,0.93,0.48,0.58,23.58,11.24,0.01,6.69,49.48,8.76,4.83,1.65,2.41,59,1.92,2.85,2.41,23,1.17,50,0.69,0,19.58,22.54,5.52,6.41,2.21,50.66,10,51,4.34,68,0.21,0,0,39.71,76,2.55,17,46,1.17,4.9,16,69,-6,53.86,5.79,0.36,0.42,33.51,95,4.18,11.45,2.21,1.52,0.69,0.14,1.65,3.17,0,16,0.62,47,0.21,19,69,12,19,74,7,19.89,18.15,0.92,96,-1.74,18.22,17.43,0,0,0,0,0,,0,0,,0,0,0,0,0,0,26,10,6.79,44,0.09,0.08,0.02,-0.04,,0.15
Joaquin Sosa,Colo Colo,Primera División,2026,1781,Left Centre Back,Uruguay,24,09/01/02,0.05,0.05,0.06,0.06,0.91,6,28,0,,0.05,0,0.01,0.25,0,0.01,0.25,0,0,0,0.05,0.07,1.16,-0.02,0.51,0.35,0.15,70,1.06,0,0.56,0.51,0.61,0.94,4.19,5.76,13.19,7.38,0.03,6.42,29.71,10.21,2.07,1.97,2.58,71,2.77,3.71,1.16,30,0.81,61,2.63,0,10.11,14.17,4.04,1.97,0.76,34.17,2.37,24,0.81,41,0.15,0,0,54.57,84,4.95,85,56,5.1,7.88,14,74,-9,41.43,7.33,0.35,0.44,47.6,98,5.87,7.88,0.45,0.35,0.1,0.1,1.06,1.41,0.05,22,0.15,23,0.1,29,68,3,35,63,2,22.53,19.77,0.91,89,-2.76,20.62,17.63,0,0,0,0,0,,0,0,,0,0,0,0,0,0,21,9,3.83,23,0.08,0.08,0.03,-0.04,,0.16
Joaquín Alberto Montecinos Naranjo,Deportes Concepcion,Primera División,2026,420,Right Wing,Chile,31,06/12/95,0.21,0.21,0.05,0.03,1.93,11,11,3,,0.12,0.21,0.15,1.71,0.21,0.15,1.71,0,0,0,0.43,0.2,3.64,0.23,2.57,1.07,1.5,42,1.93,0.21,2.57,4.92,0.64,0.76,1.07,0.83,14.13,6.85,0,4.07,41.53,5.78,3,2.35,3,79,2.67,3.43,0.21,25,0.64,30,0.64,0,11.56,9.78,3.43,2.14,0.21,43.67,4.5,39,1.28,60,0.21,0,0,29.97,66,1.71,13,38,1.07,4.5,12,50,-16,57.31,3.85,0.33,0.45,34.47,83,7.06,9.21,2.14,2.14,0,0.43,2.14,4.28,0,60,1.28,32,0.43,20,67,13,16,70,14,20.9,11.84,0.92,115,-9.06,19.18,13.64,0,0,0,0,0,,0,0,,0,0,0,0,0,0,32,10,8.22,45,0.13,0.11,0.03,-0.05,,0.22
Joaquín Alberto Montecinos Naranjo,Deportes Limache,Primera División,2026,673,Right Wing Back,Chile,31,06/12/95,0.13,0.13,0.07,0.06,1.07,13,25,2,,0.04,0.13,0.13,1.34,0.13,0.12,1.2,0,0.01,0.13,0.27,0.2,2.41,0.07,2.01,1.07,0.94,53,0.8,0,0.8,2.94,0.8,0.66,2.54,1.58,14.05,8.16,0.01,4.95,37.01,4.68,1.74,1.2,2.01,50,0.68,1.35,0.94,27,1.2,19,0.4,0.27,11.9,7.6,3.61,1.61,0.54,43.66,4.82,40,1.34,83,0,0,0,26.35,60,2.94,12,45,3.48,5.62,17,60,0,60.6,4.28,0.27,0.38,28.09,88,6.38,8.03,3.08,2.41,0.67,0.13,1.61,4.01,0,43,1.74,46,0.13,26,62,12,35,58,7,22.82,20.28,0.93,113,-2.54,21.18,22.94,0,0,0,0,0,,0,0,,0,0,0,0,0,0,35,9,4.19,37,0.18,0.09,0.03,-0.02,,0.28
Joaquín Andrés Soto Valdivia,Unión La Calera,Primera División,2026,1102,Left Defensive Midfielder,Chile,19,02/04/07,0,0,0.02,0.04,0.57,0,14,1,,0,0.08,0.02,0.65,0.08,0.02,0.65,0,0,0,0.08,0.05,1.23,0.04,0.65,0.57,0.08,88,0.33,0,0.9,0.41,1.14,0.97,0.49,0.52,16.5,9.48,0.03,6.62,42.23,9.89,4.58,1.8,2.94,71,1.94,2.91,0.82,59,0.74,33,0.41,0.08,13.89,14.18,5.07,3.59,1.23,43.46,5.31,38,2.21,61,0.08,0,0,41.83,87,4,7,73,1.23,4.74,16,75,-12,48.16,4.58,0.39,0.39,34.97,97,4.49,9.15,0.33,0.33,0,0.08,0.74,1.06,0.08,25,0.08,33,0.25,12,74,14,14,75,11,21.12,18.49,0.99,98,-2.63,20.84,18.21,0,0,0,0,0,,0,0,,0,0,0,0,0,0,13,5,4.31,32,-0.04,0.1,0.03,-0.02,,0.07
Joaquín Gutiérrez,La Serena,Primera División,2026,1082,Right Back,Chile,24,03/07/02,0,0,0.09,0.07,1.33,0,19,3,,0.09,0,0.06,0.5,0,0.03,0.33,0,0.02,0.17,0,0.15,1.83,-0.15,1,0.42,0.58,42,0.5,0,1.58,2,0.42,0.33,0.67,0.66,12.9,5.57,0.03,3.58,48.39,6.49,2.91,1,1.41,80,0.9,1.23,0.33,40,0.25,40,0.67,0,11.57,10.49,3,2.41,0.75,52.63,6.07,53,1.75,72,0.17,0,0,22.8,62,1.08,14,35,0.83,2.91,19,55,-7,55.88,1.91,0.18,0.25,21.72,87,5.62,6.07,0.92,0.75,0.17,0,1.66,2.41,0,45,0.42,24,0,25,61,13,16,68,15,19.91,14.31,0.93,119,-5.6,18.54,17.05,0,0,0,0,0,,0,0,,0,0,0,0,0,0,36,8,3.03,23,0.04,0.05,0.02,-0.02,,0.09
Joaquín Larrivey,Deportes Concepcion,Primera División,2026,1539,Centre Forward,Argentina,42,19/08/84,0.41,0.06,0.24,0.14,1.75,3,27,4,86,0.19,0.12,0.1,0.99,0.12,0.09,0.94,0,0,0.06,0.18,0.34,2.75,-0.16,0.18,0.06,0.12,33,0.58,0.12,0.64,1.17,0.06,0.02,0.99,0.82,13.34,5.79,0.02,3.74,64.5,3.8,2.52,0.41,0.47,64,0.35,0.36,0.88,20,0.23,48,3.28,0,12.05,10.52,3.33,3.04,0.88,69.21,9.59,80,2.69,88,0.12,0.06,0.06,17.55,69,0.47,9,53,1.29,0.58,33,61,-8,59.1,1.23,0.33,0.46,10.59,87,2.98,5.67,0.12,0.12,0,0.35,6.38,6.49,0.06,0,0,0,1.05,16,62,23,9,70,21,15.86,14.43,1.02,101,-1.43,16.25,14.59,0,0,0,0,0,,0,0,,0,0,0,0,0,0,30,6,3.7,23,-0.05,0.02,0.02,-0.01,,-0.02
Joaquín Moya,Everton,Primera División,2026,2033,Left Defensive Midfielder,Chile,33,12/12/93,0,0,0.02,0.05,0.4,0,11,0,,0.03,0,0.01,0.27,0,0.01,0.22,0,0,0.04,0,0.03,0.66,-0.03,0.89,0.66,0.22,75,1.51,0,0.97,0.8,1.2,1.14,1.51,1.32,19.3,11.2,0.03,8.99,39.09,12.71,4.52,3.01,4.21,75,2.64,3.78,1.15,33,1.02,66,0.84,0,15.14,13.49,6.15,3.81,1.33,41.49,5.09,34,2.13,56,0.22,0,0,38.21,85,3.81,12,65,2.44,4.96,16,82,-3,46.21,4.83,0.28,0.29,31.21,97,4.5,6.6,0.49,0.44,0.04,0.04,0.22,0.66,0.22,0,0.04,33,0.09,22,73,5,28,70,2,21.59,19.85,0.95,102,-1.73,20.5,20.34,0,0,0,0,0,,0,0,,0,0,0,0,0,0,18,8,4.4,30,0.04,0.08,0.04,0.01,,0.17
Joaquín Tapia,O'Higgins,Primera División,2026,560,Right Midfielder,Chile,22,21/02/04,0,0,0.19,0.08,2.41,0,27,5,,0.12,0,0.07,1.77,0,0.05,1.45,0,0.02,0.32,0,0.26,4.18,-0.26,1.93,1.29,0.64,67,1.93,0,2.09,3.86,0.96,0.98,0,0,12.37,5.62,0,2.25,48.76,5.94,2.89,0.96,1.93,100,1.21,2.19,0.64,100,0,53,1.61,0,10.76,9.72,1.45,2.89,0.48,46.31,4.18,39,1.77,61,0.16,0,0,18.64,65,0.48,25,33,0.16,1.29,15,42,-23,64.31,1.93,0.18,0.36,22.33,75,8.45,6.91,1.12,0.96,0.16,0.32,5.62,6.59,0.16,43,0.8,36,0.48,16,72,12,16,72,12,16.99,15.23,0.88,80,-1.77,14.92,12.14,0,0,0,0,0,,0,0,,0,0,0,0,0,0,34,5,4.51,32,0.05,0.08,0.01,-0.1,,0.04
Joe Abrigo,Palestino,Primera División,2026,378,Right Centre Forward,Chile,31,21/03/95,0,0,0.17,0.08,2.14,0,0,2,,0,0.24,0.11,1.43,0.24,0.1,0.95,0,0,0.48,0.24,0.28,3.57,-0.04,0.95,0.24,0.71,25,3.57,0,2.38,1.9,0.24,0.23,0,0,6.9,2.62,0.02,1.66,57.11,5.95,3.81,0.24,0.48,25,0.23,0.45,0.71,0,0.71,100,0.95,0,5.95,7.76,1.43,1.9,0,59.76,4.52,76,1.9,100,0,0,0,42.09,80,3.33,87,48,0.48,6.42,17,85,5,57.24,8.56,0.37,0.56,44.23,91,5.42,13.32,0.71,0.48,0.24,0,2.62,3.09,0,67,0.48,33,0,12,76,12,23,70,7,21.03,16.92,0.91,106,-4.11,19.09,17.92,0,0,0,0,0,,0,0,,0,0,0,0,0,0,12,4,8.25,44,-0.09,0.08,0,-0.09,,-0.11
Jonathan Benítez,Palestino,Primera División,2026,529,Left Midfielder,Argentina,35,03/09/91,0,0,0.05,0.04,1.19,0,14,1,,0.02,0,0.09,1.36,0,0.09,1.36,0,0,0,0,0.14,2.55,-0.14,1.36,0.85,0.51,63,1.02,0,2.21,3.23,0.17,0.14,0.17,0.15,19.24,9.02,0,5.28,51.43,7.83,4.94,2.21,2.38,87,2.52,2.66,2.55,33,0.34,38,0.85,0,14.81,15.96,4.6,5.11,1.36,51.69,8,54,3.58,70,1.02,0,0,29.63,71,1.87,88,58,0.68,2.72,18,74,2,64.64,3.92,0.3,0.37,28.43,85,6.46,12.09,1.87,1.7,0.17,0.17,1.87,3.58,0,55,1.7,40,0.34,16,69,16,25,58,17,19.15,16.6,1.02,103,-2.55,19.44,17.09,0,0,0,0,0,,0,0,,0,0,0,0,0,0,29,10,4.51,34,0.04,0.07,-0.02,-0.03,,0.06
Jonathan Gabriel Villagra Bustamante,Colo Colo,Primera División,2026,2089,Right Centre Back,Chile,25,27/03/01,0,0,0.06,0.17,0.34,0,25,0,,0.02,0.09,0.03,0.34,0.09,0.03,0.34,0,0,0,0.09,0.09,0.69,0,0.52,0.34,0.17,67,0.82,0,0.56,0.43,1.21,1.74,3.02,4.24,10.38,5.17,0.06,5.9,26.29,10.51,2.54,1.55,2.76,84,2.29,4.03,0.69,50,0.3,52,1.25,0,8.23,11.76,3.92,1.29,0.69,30.59,1.42,17,0.56,43,0.09,0,0,46,88,2.97,12,73,3.58,3.53,13,77,-11,44.23,4.57,0.42,0.48,38.51,98,5.21,7.8,0.3,0.3,0,0.13,1.21,1.51,0.04,14,0.09,50,0.22,24,71,5,24,71,5,18.88,19.55,0.98,97,0.66,18.42,18.92,0,0,0,0,0,,0,0,,0,0,0,0,0,0,16,8,4.35,26,0.05,0.06,0.07,-0.04,,0.15
Jorge Broun,Universidad Concepción,Primera División,2026,408,Goalkeeper,Argentina,40,25/05/86,0,0,0,,0,,,0,,0,0,0,0,0,0,0,0,0,0,0,0,0,0,0,0,0,,0.44,0,0,0,0,0,0,0,0,0,0,7.28,2.41,4.85,0,0,0,,0,0,0,,0,,0,0,0,0,0,0,0,,0,,0,,0.22,0.22,0,21.4,72,9.27,9,53,2.43,15.01,13,72,0,13.9,0.88,0.05,0.05,18.32,100,6.77,0.44,0,0,0,0,0,0,0,,0,,0,46,54,0,100,0,0,40.37,42.57,0.83,85,2.2,33.32,36.33,1.32,1.43,0.1,65,62,3,1.24,3.75,30,12.36,1.69,0.22,0.22,18.37,-7,30,3,2.45,20,0.1,0.07,,,0.16,0.33
Jorge Espejo,Universidad Concepción,Primera División,2026,1352,Right Back,Chile,26,27/07/00,0,0,0.03,0.06,0.53,0,13,1,,0.01,0,0.06,0.87,0,0.06,0.8,0,0,0.07,0,0.09,1.4,-0.09,1.13,0.8,0.33,71,1.2,0,1.73,1.6,1.4,1.42,1.2,1.03,11.58,5.06,0.02,4.86,37.05,7.52,2.73,1.53,2.93,74,1.6,3.01,0.87,33,0.53,33,0.47,0,9.25,9.12,3.53,2.53,0.87,39.72,3.26,35,1.53,61,0.47,0,0,30.42,76,2.53,13,58,2.06,3.46,14,64,-12,53.01,3.59,0.17,0.22,30.02,91,4.47,8.39,1.33,1.13,0.2,0.13,1.13,2.26,0.07,75,1.06,43,0.13,24,64,12,21,59,21,18.94,17.61,0.94,104,-1.33,17.86,18.32,0,0,0,0,0,,0,0,,0,0,0,0,0,0,27,11,4.04,32,0.07,0.06,0.06,-0.01,,0.18
Jorge Henríquez,Deportes Concepcion,Primera División,2026,1363,Right Centre Midfielder,Chile,32,16/06/94,0.2,0.13,0.11,0.04,2.64,5,23,2,100,0.12,0.13,0.11,1.98,0,0.04,0.73,0.13,0.07,1.25,0.26,0.22,4.62,0.04,1.59,1.06,0.53,67,1.32,0,1.52,2.31,0.26,0.28,0.59,0.56,20.34,10.17,0.02,7.13,47.22,11.89,5.55,1.25,1.52,54,0.82,1.09,1.59,27,1.06,38,0.86,0,17.5,13.19,6.34,4.43,1.45,49.14,8.06,46,2.44,55,0.2,0,0,50.93,75,7.6,21,63,1.78,10.83,17,68,-6,54.19,9.38,0.3,0.37,46.83,94,4.68,14.27,2.58,1.12,1.45,0.13,1.92,3.04,0.07,15,0.46,25,0.2,22,67,11,29,63,8,23.93,19.49,0.96,103,-4.44,22.87,20.05,0,0,0,0,0,,0,0,,0,0,0,0,0,0,23,9,8.9,53,0.05,0.1,0.03,-0.1,,0.08
Jorge Pinos,Cobresal,Primera División,2026,602,Goalkeeper,Ecuador,37,02/10/89,0,0,0,,0,,,0,,0,0,0,0,0,0,0,0,0,0,0,0,0,0,0.3,0.3,0,100,0.15,0,0,0,0,0,0,0,0.15,0,0,10.01,1.93,3.74,0,0,0,,0,0,0,,0,,0,0,0.15,0.15,0.15,0.15,0.15,4.88,0,0,0,0,0,0,0,14.5,77,9.12,0,63,0.9,13.6,6,60,-17,10.78,2.69,0.12,0.12,13.75,100,7.15,1.2,0,0,0,0,0,0,0,,0,,0,57,43,0,100,0,0,45.02,41.39,0.87,89,-3.63,39,36.82,2.54,2.19,-0.35,53,59,-6,1.84,5.38,35,15.39,1.66,0.3,0.3,18.42,0,30,6,1.6,10,0.11,0.09,,,-0.61,-0.4
Josué Ovalle,Everton,Primera División,2026,380,Right Midfielder,Chile,26,19/05/00,0,0,0.03,0.03,0.95,0,25,1,,0,0,0.15,1.89,0,0.15,1.89,0,0,0,0,0.18,2.84,-0.18,3.79,1.66,2.13,44,0.95,0,3.31,3.79,0,0,0.24,0.3,9.23,4.73,0.06,2.6,55.83,9.7,4.73,0,0,0,0,0,0.71,0,0.24,0,0,0,8.52,6.87,2.13,1.42,0.71,56.94,5.21,61,0.95,67,0,0,0,33.12,77,2.37,9,48,1.18,4.02,15,71,-5,58.81,5.44,0.36,0.47,35.02,81,7.06,13.01,1.42,1.42,0,0.71,2.37,3.79,0.47,50,0.95,33,0.71,23,59,17,35,49,16,19.25,22.67,0.93,76,3.42,17.89,17.22,0,0,0,0,0,,0,0,,0,0,0,0,0,0,24,9,6.79,34,0.25,0.08,0.01,-0.04,,0.31
José Bizama,Palestino,Primera División,2026,593,Right Centre Back,Chile,32,24/06/94,0,0,0,,0,,,0,,0,0,0,0,0,0,0,0,0,0,0,0,0,0,0.15,0.15,0,100,0.3,0,0,0.3,1.21,1.55,5.16,5.06,9.71,5.46,0.08,5.46,21.22,8.8,1.37,1.52,2.73,83,1.64,3.19,1.37,0,0.3,54,2.28,0,7.13,9.11,3.03,0.3,0.15,23.33,0.46,6,0,0,0.3,0,0,38.84,86,5.61,7,77,6.37,6.07,15,69,-16,37.18,2.43,0.17,0.17,29.59,99,4.55,2.43,0,0,0,0,0.15,0.15,0,,0,0,0,23,73,5,31,69,0,24.04,23.33,0.99,109,-0.71,23.71,25.37,0,0,0,0,0,,0,0,,0,0,0,0,0,0,22,10,2.58,18,0.02,0.05,-0.08,,,0
José Sanhueza,Universidad Concepción,Primera División,2026,910,Goalkeeper,Chile,25,02/03/01,0,0,0,,0,,,0,,0,0,0.08,0.1,0,0.08,0.1,0,0,0,0,0.08,0.1,-0.08,0,0,0,,0,0,0.1,0.1,0,0,0,0,0.1,0.1,0,8.31,2.65,2.57,0,0,0,0,0,0,0,0,0.1,0,0,0,0.1,0.04,0,0,0,20.5,0,0,0,,0,0,0,20.37,74,5.64,11,45,2.18,10.48,13,54,-21,10.25,0.49,0.06,0.14,17.5,99,3.42,0.1,0,0,0,0,0,0,0,,0,,0,37,63,0,100,0,0,37.51,40.69,0.79,77,3.19,29.46,31.21,1.19,1.31,0.12,71,68,3,1.52,4.05,29,13.94,1.75,0.2,0.2,16.18,-4,22,4,0.72,5,0.06,0.06,,,-0.03,0.1
José Tapia,La Serena,Primera División,2026,720,Goalkeeper,Chile,24,02/06/02,0,0,0,,0,,,0,,0,0,0,0.13,0,0,0.13,0,0,0,0,0,0.13,0,0,0,0,,0.13,0,0,0.13,0,0,0,0,0.13,0,0,8.88,2.45,3.13,0,0,0,,0,0,0,,0,,0,0,0.13,0.07,0,0,0,7.75,0,0,0,,0,0,0,12.88,52,6.75,10,36,2.38,16.14,13,63,11,8.69,0.75,0.17,0.17,11.01,99,5.73,0.5,0,0,0,0,0,0,0,,0,,0,67,33,0,100,0,0,50.8,44.68,0.78,87,-6.12,39.83,38.98,1,1.33,0.33,78,71,7,1.02,4.63,32,14.38,1.72,0.13,0.13,15.88,-4,43,2,1.43,11,0.08,0.04,,,-0.09,0.03
José Tiznado,Cobresal,Primera División,2026,1778,Left Centre Back,Chile,32,02/09/94,0.05,0.05,0.02,0.06,0.25,20,40,0,,0.03,0,0.01,0.15,0,0.01,0.15,0,0,0,0.05,0.03,0.4,0.03,0.3,0.3,0,100,0.35,0,0.25,0.2,1.52,0.94,6.88,4.84,8.05,3.59,0.07,5.52,19.45,7.84,1.11,1.11,2.63,69,0.62,1.57,0.66,46,0.51,58,1.97,0,6.33,4.57,2.63,1.01,0.4,24.2,0.66,10,0.35,35,0.15,0,0,31.18,83,3.49,18,57,7.54,5.47,10,64,-19,33.37,1.62,0.19,0.22,24.24,99,4.44,1.77,0.15,0.1,0.05,0.05,0.56,0.66,0,33,0.05,25,0.05,33,64,3,57,40,3,25.18,23.48,0.93,93,-1.69,23.49,21.87,0,0,0,0,0,,0,0,,0,0,0,0,0,0,19,8,2.13,14,0.08,0.04,0.1,0.01,,0.22
José Tomás Movillo Del Canto,O'Higgins,Primera División,2026,318,Left Centre Back,Chile,19,03/02/07,0,0,0.02,0.07,0.28,0,100,0,,0.03,0,0,0,0,0,0,0,0,0,0,0.02,0.28,-0.02,0,0,0,,0.28,0,0,0,0,0,6.23,7.55,8.21,3.96,0.07,3.11,17.4,7.92,0.28,0.85,0.85,100,1.08,1.08,0.57,,0,56,1.42,0,6.79,8.69,1.98,0.85,0.85,20.51,0.28,4,0,0,0,0,0,38.49,93,3.68,35,87,6.51,3.96,7,89,-5,30.43,0.57,0.16,0.26,30.56,100,3.49,0.57,0,0,0,0,0.57,0.57,0,,0,,0,16,80,4,50,50,0,22.46,20.79,0.99,98,-1.67,22.28,20.43,0,0,0,0,0,,0,0,,0,0,0,0,0,0,14,10,0.82,7,0.02,0.08,-0.09,-0.02,,-0.01
Jovany Campusano,Deportivo Ñublense SADP,Primera División,2026,2017,Left Wing Back,Chile,33,10/01/93,0,0,0.01,0.04,0.22,0,20,0,,0,0.04,0.03,0.58,0.04,0.03,0.54,0,0,0.04,0.04,0.04,0.8,0.01,0.76,0.45,0.31,59,0.71,0,0.94,1.12,0.76,0.51,2.23,1.72,16.96,9.42,0.01,5.62,34.55,8.39,3.3,1.83,2.59,73,1.53,2.04,1.16,46,0.67,51,1.03,0,13.97,11.92,4.37,2.23,0.94,37.51,3.62,26,1.12,50,0.31,0,0,31.2,71,2.19,78,45,2.95,4.15,16,61,-9,52.8,4.02,0.25,0.3,26.15,93,4.16,8.21,2.01,1.12,0.89,0.22,0.98,2.1,0,31,0.71,32,0.27,30,60,10,29,58,13,20.32,17.45,0.9,96,-2.87,18.32,16.67,0,0,0,0,0,,0,0,,0,0,0,0,0,0,34,9,4.41,32,0.18,0.04,-0.02,-0.01,,0.19
Juan Cornejo,Coquimbo Unido,Primera División,2026,1481,Left Back,Chile,36,26/02/90,0,0,0.03,0.04,0.61,0,20,0,,0.01,0.36,0.24,2.31,0.24,0.15,1.28,0.12,0.08,1.03,0.36,0.26,2.92,0.1,0.43,0.06,0.36,14,0.67,0,0.67,0.67,1.21,1.1,3.28,3.03,8.57,4.37,0.03,4.19,32.35,10.63,3.22,1.34,2.55,73,1.31,2.41,0.61,46,0.49,73,2.31,0,6.62,6.18,2.86,1.64,0.79,37.1,1.82,28,0.79,48,0.12,0,0.06,41.07,65,6.74,91,44,4.5,14.03,10,60,-5,51.31,7.17,0.42,0.51,31.23,96,4.79,9.05,4.07,1.88,2.19,0.06,0.36,2.25,0.06,30,1.21,35,0.18,36,60,4,38,60,3,27.16,21.15,0.91,92,-6.02,24.65,19.48,0,0,0,0,0,,0,0,,0,0,0,0,0,0,31,9,7.88,53,0.41,0.07,0.06,-0.02,,0.52
Juan Díaz,Universidad Católica,Primera División,2026,1225,Left Centre Back,Argentina,28,25/05/98,0.07,0.07,0.03,0.09,0.37,20,80,0,,0.04,0.07,0.03,0.37,0.07,0.03,0.37,0,0,0,0.15,0.06,0.73,0.08,0.29,0.15,0.15,50,0.51,0,0.07,0.15,1.69,2.24,4.04,5.37,10.87,5.29,0.04,6.83,27.78,13.22,2.28,1.98,3.67,79,2.63,4.88,0.81,71,0.51,77,3.45,0.07,8.08,10.74,4.48,2.13,1.32,32.55,2.13,26,1.03,48,0.37,0.07,0,53.03,84,4.85,78,54,5.44,7.64,11,68,-16,34.68,3.08,0.34,0.35,40.1,99,4.37,3.75,0.15,0.15,0,0.15,0.88,1.03,0.22,0,0.07,50,0.15,29,68,2,51,49,0,23.71,24.79,0.91,95,1.08,21.62,23.51,0,0,0,0,0,,0,0,,0,0,0,0,0,0,21,9,3.55,23,0.07,0.05,0.07,0,,0.18
Juan Francisco Rossel,Universidad Católica,Primera División,2026,310,Centre Forward,Chile,21,16/03/05,0.29,0.29,0.27,0.13,2.03,14,43,3,,0.12,0,0.04,1.16,0,0.04,1.16,0,0,0,0.29,0.31,3.2,-0.01,1.74,1.16,0.58,67,2.03,0,4.07,3.2,0,0,0.58,0.61,27.32,12.5,0,8.72,63.47,4.36,2.91,0.87,0.87,50,1.14,1.14,1.45,0,0.87,27,0.87,0,25,28.44,7.27,7.27,3.78,64.76,18.89,76,6.1,84,0.29,0,0,24.71,73,0.58,18,40,0.87,1.16,15,46,-27,60.36,2.62,0.33,0.51,26.16,79,6.95,7.56,0.58,0.58,0,0,4.36,4.94,0,50,0.29,50,0.29,12,66,21,0,77,23,14.78,14.8,0.99,111,0.02,14.57,16.49,0,0,0,0,0,,0,0,,0,0,0,0,0,0,28,4,6.22,35,-0.07,0.02,0,-0.11,,-0.16
Juan Fuentes,Cobresal,Primera División,2026,1067,Left Defensive Midfielder,Chile,31,20/03/95,0,0,0.02,0.04,0.59,0,29,0,,0.03,0,0.03,0.67,0,0.03,0.67,0,0,0,0,0.05,1.27,-0.05,0.25,0.25,0,100,0.67,0,0.34,0.08,0.59,0.51,2.61,2.36,19.23,10.71,0.03,6.41,34.47,7.93,1.86,2.02,2.61,77,2.13,2.64,2.53,33,0.59,32,0.76,0,14.85,12.29,5.15,3.21,1.01,39.42,3.37,23,1.6,50,0.42,0,0,36.78,86,2.61,7,63,2.87,3.88,12,75,-10,42.67,3.54,0.28,0.3,29.69,99,4.24,4.47,0.17,0.17,0,0.17,1.18,1.35,0,0,0,0,0.17,26,70,4,34,66,0,20.09,15.52,0.94,100,-4.57,18.94,15.56,0,0,0,0,0,,0,0,,0,0,0,0,0,0,16,8,4.23,28,0.06,0.08,-0.01,0.01,,0.14
Juan Ignacio Figueroa,Huachipato,Primera División,2026,367,Right Wing,Chile,23,25/09/03,0,0,0.05,0.05,0.98,0,75,2,,0.2,0,0.09,0.98,0,0.09,0.98,0,0,0,0,0.14,1.96,-0.14,2.21,0.98,1.23,44,1.23,0,1.47,2.95,0.49,0.3,0.49,0.31,21.61,10.56,0.02,7.12,46.68,7.37,2.46,1.72,2.21,70,1.61,1.91,0.74,25,0.74,14,0.25,0,19.15,15.66,5.4,3.93,0.74,47.42,8.35,44,1.72,44,0,0,0,24.8,79,0.25,15,25,0.98,0.49,23,83,4,53.6,0.25,0.14,0.22,25.78,87,4.16,6.63,0.49,0.49,0,0.49,1.47,1.96,0,50,0.74,50,0.25,10,70,21,7,56,37,13.91,13.65,0.9,88,-0.26,12.56,12.01,0,0,0,0,0,,0,0,,0,0,0,0,0,0,32,16,2.8,28,0.01,0.07,0.03,-0.04,,0.06
Juan Leiva,O'Higgins,Primera División,2026,1417,Left Defensive Midfielder,Chile,33,10/11/93,0,0,0.06,0.08,0.83,0,38,1,,0.07,0,0.05,0.63,0,0.05,0.63,0,0,0,0,0.11,1.46,-0.11,0.63,0.38,0.25,60,0.57,0,0.83,0.89,0.44,0.31,0.95,0.94,17.02,10.16,0.01,6.22,40.92,9.33,4,2.1,2.54,69,2.29,2.61,0.7,38,0.95,53,0.57,0,14.35,14.8,5.02,3.87,1.27,42.94,5.08,35,2.03,52,0.25,0,0.06,47.94,86,2.98,82,71,1.78,3.37,14,75,-10,50.07,7.75,0.42,0.48,41.08,96,4.75,11.11,0.63,0.63,0,0.32,1.9,2.54,0,0,0,0,0.38,22,69,9,29,69,2,19.94,19.1,0.98,100,-0.84,19.53,19.12,0,0,0,0,0,,0,0,,0,0,0,0,0,0,17,7,4.84,33,0.02,0.06,0.03,-0.02,,0.09
Juan Martín Lucero,Universidad de Chile,Primera División,2026,776,Centre Forward,Argentina,35,09/10/91,0.12,0.12,0.28,0.11,2.44,5,48,5,,0.5,0.12,0.07,1.04,0.12,0.07,1.04,0,0,0,0.23,0.35,3.48,-0.12,0.58,0.23,0.35,40,1.51,0,1.04,2.2,0,0,0.93,0.97,20.29,7.77,0.04,5.22,65.93,4.87,3.01,0.93,0.93,62,1.25,1.25,0.93,20,0.58,49,2.44,0,18.44,22.2,4.75,4.41,1.28,68.55,14.73,80,3.36,76,0.35,0,0.12,17.39,72,0.81,16,54,1.04,1.39,23,68,-4,58.55,1.28,0.36,0.49,14.15,84,4.26,4.87,0.35,0.35,0,0.35,5.91,6.26,0,0,0,0,0.81,15,64,22,10,74,17,15.81,13.14,0.94,99,-2.67,14.83,12.94,0,0,0,0,0,,0,0,,0,0,0,0,0,0,30,8,3.03,19,-0.01,-0.03,0.03,0.14,,0.14
Juan Requena,Unión La Calera,Primera División,2026,1175,Right Defensive Midfielder,Argentina,27,23/01/99,0,0,0.03,0.06,0.46,0,17,0,,0,0,0.01,0.38,0,0.01,0.38,0,0,0,0,0.04,0.84,-0.04,0.31,0.23,0.08,75,1.61,0,0.46,0.46,1.69,1.78,2.3,2.25,20.38,11.34,0.03,9.58,37.58,12.72,5.13,2.3,3.98,70,2.4,4.17,1.23,31,1,57,1.92,0.08,16.86,16.35,6.82,3.83,1.61,40.41,4.83,29,1.3,34,0.15,0,0.08,48.35,88,6.13,8,77,3.06,7.2,15,85,-4,42.23,3.98,0.25,0.26,37.31,98,5.12,4.98,0.23,0.23,0,0,0.84,1.07,0,0,0,,0.08,20,71,9,34,66,0,23,18.7,0.99,104,-4.3,22.76,19.36,0,0,0,0,0,,0,0,,0,0,0,0,0,0,14,6,2.67,24,0.01,0.07,0.04,-0.03,,0.08
Juan Salomoni,Unión La Calera,Primera División,2026,580,Right Centre Back,Argentina,29,06/10/97,0,0,0.02,0.05,0.31,0,0,0,,0,0,0.03,0.31,0,0.03,0.31,0,0,0,0,0.04,0.62,-0.04,0,0,0,,0,0,0.16,0.16,0.62,0.55,4.03,3.42,7.14,2.64,0.07,3.57,24.21,13.03,1.55,1.09,1.71,70,1.18,1.73,0.62,40,0.47,65,3.72,0,5.43,5.49,1.71,1.09,0.16,30.05,1.24,23,0.31,29,0.16,0,0,41.89,81,3.88,5,54,5.59,5.59,11,52,-30,31.61,0.78,0.12,0.14,29.63,99,4.26,0.93,0,0,0,0.16,1.24,1.24,0,,0,,0.16,26,71,3,50,50,0,24.86,30.57,0.89,88,5.71,22.25,26.82,0,0,0,0,0,,0,0,,0,0,0,0,0,0,21,7,2.14,18,0.03,0.02,0.06,-0.02,,0.1
Julián Alfaro,Everton,Primera División,2026,1127,Right Midfielder,Chile,25,01/09/01,0.24,0.24,0.32,0.11,2.95,8,35,4,,0.28,0.16,0.1,1.04,0.16,0.1,0.96,0,0.01,0.08,0.4,0.43,3.99,-0.03,1.12,0.88,0.24,79,1.2,0,1.84,2,0.4,0.46,0.64,0.65,13.74,5.91,0,3.19,54.39,6.63,4.39,1.04,1.44,68,1.09,1.55,2,17,0.48,28,0.72,0,10.7,10.18,2.4,3.11,1.28,55.82,6.55,61,2.56,82,0.56,0,0,29.31,76,1.04,14,45,0.88,2.08,23,72,-5,62.37,4.07,0.53,0.66,30.11,92,5.17,12.54,1.36,1.28,0.08,0.32,5.75,7.03,0.08,6,0.32,25,0.8,18,64,18,17,64,19,16.34,13.16,0.97,106,-3.18,15.91,13.89,0,0,0,0,0,,0,0,,0,0,0,0,0,0,27,10,5.76,35,0.06,0.03,0.01,0.03,,0.14
Julián Brea,Cobresal,Primera División,2026,1730,Left Midfielder,Argentina,27,09/10/99,0.31,0.31,0.16,0.06,2.86,11,40,4,,0.27,0.05,0.16,1.72,0.05,0.16,1.66,0,0,0.05,0.36,0.33,4.58,0.04,2.44,1.66,0.78,68,2.6,0,2.91,3.59,0.47,0.44,0.05,0.06,14.09,6.03,0.01,3.48,58.26,5.88,3.33,0.78,1.25,75,0.65,1.08,0.62,0,0.26,19,0.36,0,12.69,9.9,2.86,2.96,0.99,58.87,8.37,66,2.5,84,0.16,0,0,27.36,71,1.35,10,54,0.21,2.34,20,67,-4,63.03,4.16,0.34,0.54,33.08,83,6.63,10.66,1.51,1.35,0.16,0.47,4.16,5.51,0.16,34,0.88,29,0.73,15,70,15,21,67,12,17.09,13.16,0.97,110,-3.93,16.5,14.41,0,0,0,0,0,,0,0,,0,0,0,0,0,0,33,10,5.75,37,0.05,0.1,0.02,0.02,,0.19
Julián Fernández,Palestino,Primera División,2026,877,Centre Defensive Midfielder,Argentina,31,21/03/95,0.1,0.1,0.03,0.06,0.51,20,60,0,,0.11,0.31,0.05,0.92,0.31,0.05,0.92,0,0,0,0.41,0.08,1.44,0.33,0.1,0.1,0,100,0.82,0,0.92,0.51,1.03,0.86,2.15,2.14,17.85,8.41,0.07,6.16,38.12,12.11,5.54,2.46,3.49,86,2.7,3.56,1.95,33,0.41,43,1.33,0,13.44,13.63,5.13,4,1.74,42.05,4.31,32,1.74,44,0.41,0.1,0,51.72,81,2.98,10,55,2.67,4.93,15,72,-9,50.03,5.64,0.62,0.64,36.94,98,3.51,10.26,0.82,0.72,0.1,0.1,0.51,1.23,0,0,0,0,0,23,70,7,35,60,5,19.45,17.06,0.94,94,-2.39,18.24,16.05,0,0,0,0,0,,0,0,,0,0,0,0,0,0,23,9,7.14,45,0.08,0.04,0.11,0,,0.23
Justo Giani,Universidad Católica,Primera División,2026,1948,Left Wing,Argentina,27,06/04/99,0.37,0.37,0.37,0.11,3.23,11,24,4,,0.27,0.14,0.14,1.11,0.14,0.14,1.06,0,0,0.05,0.51,0.51,4.34,0,1.48,0.83,0.65,56,1.71,0,1.71,3.05,0.32,0.36,0.42,0.43,16.08,8.09,0.01,5.59,52.35,5.17,2.91,1.06,1.39,47,1.24,1.6,1.02,20,1.2,52,1.89,0,14,16.69,4.53,2.77,1.16,54.1,7.81,56,1.94,70,0.23,0,0,26.8,72,1.25,16,51,0.92,1.94,25,71,-1,62.74,2.31,0.39,0.68,25.14,85,3.77,10.63,1.25,1.2,0.05,0.51,6.75,7.95,0.18,19,0.37,28,0.97,18,67,15,17,70,14,16.96,16.17,0.95,103,-0.79,16.2,16.61,0,0,0,0,0,,0,0,,0,0,0,0,0,0,29,9,4.51,30,-0.01,0.04,0.01,-0.06,,-0.01
Kevin Méndez,Unión La Calera,Primera División,2026,1572,Right Midfielder,Uruguay,30,09/01/96,0.23,0.23,0.08,0.08,1.03,22,39,1,,0.17,0.34,0.26,2.86,0.23,0.19,1.43,0.11,0.07,1.43,0.57,0.35,3.89,0.23,3.26,1.66,1.6,51,1.26,0.06,2.81,2.69,0.86,0.83,0.4,0.38,18.33,9.68,0.01,5.96,53.12,8.36,4.07,2.41,3.26,63,2.5,3.33,0.92,39,1.43,41,0.69,0,15,15.55,4.41,4.41,1.32,54.96,8.3,55,3.44,78,0.17,0,0,31.84,62,4.35,7,52,0.86,7.96,17,61,-1,63.28,4.64,0.19,0.41,33.1,87,5.71,10.71,4.3,2.12,2.18,0.29,2.52,4.64,0.06,23,1.32,32,0.46,19,70,11,28,63,9,23.73,18.43,0.95,109,-5.3,22.63,20.01,0,0,0,0,0,,0,0,,0,0,0,0,0,0,32,8,7.51,63,0.15,0.17,0.03,0.02,,0.37
Kevin Nahuel Altez Moyano,Huachipato,Primera División,2026,450,Centre Attacking Midfielder,Uruguay,22,14/12/04,0.2,0.2,0.32,0.11,2.8,7,36,4,,0.28,0,0.04,1.4,0,0.03,1.2,0,0.01,0.2,0.2,0.36,4.2,-0.16,2.2,1.6,0.6,73,1,0,3.4,3.2,1.2,1.41,0,0,18,4.8,0,4.6,48.5,9.2,4.4,1,2.2,83,1.08,2.49,1.8,67,0.2,8,0.2,0,15.2,14.5,3.4,4,0.8,47.45,6.4,42,3.2,80,0.4,0,0.2,28.8,85,1.2,7,75,0,1.6,15,74,-11,58.16,4,0.42,0.64,31,83,6.54,11.2,1,0.8,0.2,0.2,5,5.8,0,20,0.2,50,0.8,15,65,20,16,61,23,16.04,13.85,0.99,103,-2.19,15.91,14.24,0,0,0,0,0,,0,0,,0,0,0,0,0,0,19,7,6.2,33,0,0.14,-0.01,-0.11,,0.02
L.Molina Canto,Deportivo Ñublense SADP,Primera División,2026,655,Left Centre Forward,Chile,20,26/02/06,0.27,0.27,0.15,0.07,2.2,13,44,3,,0.39,0.14,0.1,1.1,0.14,0.09,0.96,0,0.01,0.14,0.41,0.25,3.3,0.16,1.37,0.96,0.41,70,0.55,0,2.34,2.61,0,0,0.55,0.54,11.4,4.53,0,3.85,58.6,6.04,3.98,0.69,0.69,83,0.65,0.65,0.27,50,0.14,21,0.55,0,10.44,9.6,3.16,3.71,1.51,60.25,6.59,63,3.3,89,0.14,0,0,23.9,70,1.24,79,38,0.69,3.16,23,74,4,63.93,3.02,0.28,0.43,24.31,85,4.72,9.07,0.96,0.69,0.27,0.69,4.94,5.63,0,29,0.82,32,1.24,10,73,17,9,71,20,17.64,14.06,0.87,104,-3.58,15.39,14.68,0,0,0,0,0,,0,0,,0,0,0,0,0,0,37,12,4.4,34,0,0.01,0.02,0.08,,0.11
Lautaro Leonel Pastran Tello,Colo Colo,Primera División,2026,839,Left Attacking Midfielder,Argentina,24,26/06/02,0.43,0.43,0.37,0.12,3.22,13,37,4,,0.33,0.21,0.12,1.39,0.21,0.12,1.39,0,0,0,0.64,0.49,4.61,0.15,3.11,2.25,0.86,72,1.72,0,4.5,3,0.21,0.34,0.11,0.19,20.8,7.61,0.01,6.54,57.76,8.58,5.15,1.93,2.14,95,3.12,3.46,2.04,50,0.11,25,0.54,0,16.83,24.31,5.68,5.04,2.36,58.8,10.83,64,4.07,81,0.32,0,0,37.42,78,1.18,24,55,0.21,2.04,14,62,-16,62.95,5.79,0.56,0.81,43.31,85,6.16,16.83,1.61,1.61,0,0,4.72,6.33,0.11,27,0.43,36,0.32,16,69,15,17,68,15,15.98,14.98,0.97,97,-1.01,15.49,14.59,0,0,0,0,0,,0,0,,0,0,0,0,0,0,17,6,5.67,32,-0.03,0.17,0.02,0.05,,0.21
Leandro Díaz,O'Higgins,Primera División,2026,728,Left Back,Chile,27,15/03/99,0,0,0,0.02,0.25,0,0,0,,0,0.12,0.06,0.74,0.12,0.05,0.62,0,0.01,0.12,0.12,0.07,0.99,0.06,1.48,0.74,0.74,50,0.87,0.12,0.49,1.86,0.99,1.24,3.84,4.5,12.37,5.2,0.06,5.44,34.58,9.15,2.35,2.1,3.09,85,2.7,3.94,0.62,80,0.37,45,1.61,0,9.65,12.7,3.22,2.6,0.87,39.38,2.97,31,1.73,67,0.12,0,0,44.91,76,4.21,86,58,4.58,6.56,14,66,-10,48.74,7.3,0.45,0.46,38.35,95,4.39,9.65,1.98,1.11,0.87,0.12,0.87,1.98,0,25,0.49,29,0.12,26,65,8,31,56,13,20.56,16.58,0.95,96,-3.98,19.58,15.97,0,0,0,0,0,,0,0,,0,0,0,0,0,0,28,10,5.17,39,0.18,0.14,0.06,-0.01,,0.38
Leandro Hernández,Colo Colo,Primera División,2026,1271,Right Midfielder,Chile,21,12/06/05,0.5,0.5,0.27,0.11,2.48,20,43,3,,0.39,0.28,0.15,1.27,0.28,0.14,1.2,0,0.01,0.07,0.78,0.41,3.75,0.37,2.9,1.91,0.99,66,1.56,0,3.47,3.89,0.14,0.25,0.21,0.31,18.34,8,0,4.6,58.26,6.73,3.68,0.85,0.99,67,1.21,1.46,1.2,25,0.42,37,0.5,0,16.29,23.6,4.04,4.53,1.27,58.86,10.76,66,3.82,84,0.35,0,0,34.06,83,1.56,11,56,0.85,2.12,17,75,-8,61.34,5.1,0.69,0.83,39.79,85,7.25,14.3,1.35,1.2,0.14,0.35,4.53,5.74,0.07,16,0.42,32,0.92,12,66,21,12,70,18,16.15,15.21,0.97,100,-0.94,15.67,15.28,0,0,0,0,0,,0,0,,0,0,0,0,0,0,21,8,5.83,32,-0.04,0.08,0,0.12,,0.16
Leonardo Valencia,Deportes Concepcion,Primera División,2026,875,Centre Attacking Midfielder,Chile,35,24/04/91,0.1,0,0.07,0.05,1.34,0,23,2,100,0,0.1,0.12,1.13,0,0.04,0.51,0.1,0.08,0.62,0.1,0.19,2.47,-0.09,1.03,0.72,0.31,70,1.75,0.1,1.44,1.75,0.21,0.26,0.31,0.27,14.82,8.03,0,3.09,52.33,5.04,2.06,0.72,0.93,70,0.69,0.95,0.72,40,0.31,29,0.21,0,13.38,12.88,2.68,2.47,0.41,53.78,7.92,59,2.06,83,0.1,0,0,30.56,68,2.98,16,45,0.82,6.17,20,62,-6,58.37,6.48,0.17,0.23,31.28,92,5.94,9.67,2.16,0.82,1.34,0.21,2.06,2.88,0,19,0.51,33,0.31,22,69,9,37,57,5,23.5,16.06,0.94,106,-7.44,22.13,17.01,0,0,0,0,0,,0,0,,0,0,0,0,0,0,26,6,5.12,39,0.11,0.13,0,-0.07,,0.16
Leonel González,Universidad Concepción,Primera División,2026,936,Left Centre Back,Argentina,32,14/03/94,0,0,0,0.01,0.19,0,0,0,,0,0,0.01,0.1,0,0.01,0.1,0,0,0,0,0.01,0.29,-0.01,1.25,1.15,0.1,92,0.77,0,0.67,0.29,2.21,2.12,6.16,5.14,11.35,5.19,0.04,7.69,28.1,9.71,2.5,1.64,3.85,65,1.34,3.46,0.96,25,0.87,59,2.31,0.1,9.04,7.66,4.52,2.21,0.96,32.84,1.92,21,0.48,22,0.38,0.1,0,38.76,77,3.17,84,40,7.98,6.16,17,70,-7,37.24,2.79,0.25,0.26,32.22,98,5.61,3.56,0.29,0.29,0,0.19,0.29,0.58,0,33,0.19,100,0.19,32,65,4,27,68,5,24.22,25.44,0.89,94,1.22,21.55,24,0,0,0,0,0,,0,0,,0,0,0,0,0,0,28,10,3.21,23,0.07,0.07,0.07,-0.01,,0.22
Leroy Janpol Morales Napa,Cobresal,Primera División,2026,449,Left Wing,Panama,28,21/06/98,0.4,0.4,0.35,0.14,2.41,17,50,4,,0.19,0.2,0.1,0.8,0.2,0.1,0.8,0,0,0,0.6,0.45,3.21,0.15,3.21,2.01,1.2,63,1.2,0,2.21,4.21,1.6,0.94,0.6,0.25,18.25,7.82,0.01,6.02,52.98,5.82,3.01,1.8,3.41,69,1.83,2.77,1.8,33,0.8,0,0,0,14.64,11.72,4.81,3.81,1.6,55.21,9.02,62,3.21,84,0.2,0.2,0,22.66,78,0.2,8,25,0.6,0.8,15,67,-11,57.26,4.01,0.55,0.74,29.68,82,8.07,6.42,0,0,0,0.2,4.21,4.21,0,,0,0,0,13,73,14,19,72,9,14.74,10.79,1.02,119,-3.96,15.08,12.81,0,0,0,0,0,,0,0,,0,0,0,0,0,0,19,10,4.23,24,-0.01,0.21,0.01,0.02,,0.23
Lionel Altamirano,Huachipato,Primera División,2026,1694,Centre Forward,Argentina,34,10/11/92,0.48,0.43,0.36,0.12,3.08,14,43,6,50,0.5,0.05,0.07,0.74,0.05,0.07,0.74,0,0,0,0.48,0.44,3.83,0.04,0.32,0.11,0.21,33,0.8,0,0.9,2.18,0.16,0.11,0.96,0.87,11.96,4.36,0.01,3.13,60.95,2.98,2.18,0.53,0.69,71,0.39,0.5,0.96,33,0.21,46,2.82,0,10.47,8.71,2.71,2.28,0.74,66.79,8.24,79,1.75,77,0.21,0,0,19.29,67,1.7,5,74,1.22,2.02,24,51,-16,59.89,1.43,0.38,0.67,13.28,84,2.84,6.11,0.85,0.85,0,0.37,5.84,6.7,0.05,25,0.27,63,0.53,19,56,25,12,63,24,17.87,16.2,1.03,98,-1.67,18.42,15.81,0,0,0,0,0,,0,0,,0,0,0,0,0,0,30,10,2.48,20,-0.04,0.01,0.02,0.15,,0.13
Lorenzo Reyes,Deportivo Ñublense SADP,Primera División,2026,2025,Right Defensive Midfielder,Chile,35,12/06/91,0.04,0.04,0.03,0.05,0.67,7,20,0,,0.02,0,0.03,0.62,0,0.03,0.53,0,0,0.09,0.04,0.06,1.29,-0.02,0.76,0.62,0.13,82,1.24,0,0.89,1.02,0.98,0.8,0.93,0.72,15.51,8.18,0.01,5.2,43.21,12.71,6.58,1.87,2.84,71,1.66,2.46,0.84,38,0.76,63,1.29,0.04,12.8,10.94,4.18,2.93,1.07,45.86,4.98,39,1.82,62,0.18,0,0,47.95,85,4.18,11,78,1.51,4.8,16,73,-11,48.93,6.31,0.33,0.35,36.62,96,4.95,11.47,1.02,0.98,0.04,0.31,1.24,2.22,0.04,13,0.18,36,0.36,22,70,8,33,61,6,19.5,16.33,1.01,101,-3.18,19.62,16.56,0,0,0,0,0,,0,0,,0,0,0,0,0,0,20,9,4.59,32,0.02,0.1,0.07,-0.01,,0.18
Lucas Barrera,Universidad de Chile,Primera División,2026,1045,Centre Defensive Midfielder,Argentina,20,20/04/06,0,0,0.03,0.07,0.52,0,0,0,,0,0,0.01,0.34,0,0.01,0.34,0,0,0,0,0.05,0.86,-0.05,0.78,0.78,0,100,1.21,0,1.21,0.43,1.46,1.92,1.98,2.64,18.26,9.56,0.05,9.22,39.65,12.06,5.51,2.84,4.31,67,3.87,5.79,1.12,33,1.38,44,1.03,0,14.39,20.15,7.06,3.88,2.58,41.78,4.48,31,1.72,44,0.52,0,0,52.8,83,5.25,11,66,3.01,6.89,11,70,-14,49.1,6.12,0.33,0.39,41.52,97,5.12,11.03,0.34,0.26,0.09,0.26,1.03,1.29,0,25,0.09,25,0.34,20,72,8,22,70,8,21.29,22.09,0.96,100,0.8,20.38,22.02,0,0,0,0,0,,0,0,,0,0,0,0,0,0,16,5,4.79,28,0,0.06,0.03,-0.05,,0.04
Lucas Bastián Alarcón Ancapi,La Serena,Primera División,2026,1166,Left Centre Back,Chile,26,04/03/00,0.08,0.08,0.03,0.09,0.31,25,25,0,,0.01,0,0,0,0,0,0,0,0,0,0.08,0.03,0.31,0.05,0,0,0,,0.62,0,0.23,0.31,0.54,0.61,6.41,5.63,11.19,4.56,0.09,4.71,23.7,10.42,1.78,1.08,1.62,78,0.84,1.44,0.62,60,0.31,54,2.24,0,9.5,8.39,3.47,1.39,0.39,29.59,1.7,18,0.62,44,0.08,0,0,33.35,80,3.47,9,49,7.8,5.64,14,69,-11,32.64,3.24,0.28,0.29,23.24,99,5.65,3.01,0.08,0.08,0,0,0.62,0.69,0,0,0,,0,36,62,3,46,51,3,25.29,26.68,0.9,91,1.39,22.8,24.17,0,0,0,0,0,,0,0,,0,0,0,0,0,0,22,9,2.66,23,0.05,0.04,0.14,-0.02,,0.22
Lucas Humberto Assadi Reygadas,Universidad de Chile,Primera División,2026,908,Left Midfielder,Chile,22,07/01/04,0,0,0.15,0.07,2.08,0,38,3,,0.16,0.4,0.12,1.78,0.4,0.12,1.78,0,0,0,0.4,0.27,3.86,0.13,1.98,1.29,0.69,65,0.69,0,1.98,2.58,0.2,0.31,0,0,9.31,4.46,0.01,3.27,57.45,5.55,4.06,0.5,0.69,71,0.51,0.83,0.3,0,0.2,44,0.4,0,8.52,10.8,2.97,2.58,0.99,58.31,5.75,67,2.28,88,0,0,0,34.68,77,1.39,15,64,0.59,1.59,23,70,-7,66.41,7.23,0.54,0.67,35.48,90,8.1,18.04,1.49,1.39,0.1,0.3,2.38,3.77,0.1,13,0.5,24,0.5,12,74,13,13,75,12,17.56,15.23,0.98,109,-2.33,17.26,16.54,0,0,0,0,0,,0,0,,0,0,0,0,0,0,19,6,5.73,37,-0.06,0.21,0.01,-0.03,,0.13
Lucas Pratto,Coquimbo Unido,Primera División,2026,555,Centre Forward,Argentina,38,03/06/88,0.16,0.16,0.17,0.1,1.78,9,45,3,,0.26,0,0.07,0.49,0,0.07,0.49,0,0,0,0.16,0.24,2.27,-0.08,0.32,0.16,0.16,50,0.81,0,2.27,2.75,0.16,0.1,0.49,0.48,15.39,6.48,0.04,3.56,66.21,3.73,2.27,0.65,0.81,50,0.66,0.77,0.81,0,0.65,53,4.37,0,13.93,11.74,3.08,1.13,0,68.09,11.34,81,0.97,86,0,0,0,21.23,61,1.62,16,91,0.97,1.3,39,47,-14,60.71,2.59,0.61,0.71,17.18,81,4.04,6.81,0.81,0.81,0,0.65,6.48,7.29,0,0,0.16,100,0.97,13,68,19,19,79,2,16.82,15.14,1.07,112,-1.68,17.93,17.03,0,0,0,0,0,,0,0,,0,0,0,0,0,0,32,4,3.24,29,-0.01,0.01,0.12,-0.03,,0.09
Lucas Soto,Everton,Primera División,2026,1368,Right Back,Chile,23,23/02/03,0.2,0.2,0.08,0.1,0.72,27,36,1,,0.13,0.13,0.1,1.32,0.13,0.08,0.86,0,0.03,0.46,0.33,0.18,2.04,0.15,1.51,0.86,0.66,57,1.25,0,1.58,2.43,0.2,0.23,0.86,0.71,18.88,9.41,0.01,6.71,43.08,7.83,2.89,2.24,2.43,72,2.02,2.26,1.45,19,0.86,22,0.46,0.07,15.33,13.59,5.92,3.29,1.18,44.74,6.05,39,2.43,74,0.39,0,0,37.49,67,3.29,12,37,2.04,7.76,12,61,-6,56.25,6.51,0.32,0.41,35.25,91,6.17,10.26,2.04,1.12,0.92,0.46,1.64,2.76,0,23,0.79,22,0.46,25,64,12,24,63,13,23.19,22.02,0.88,90,-1.18,20.3,19.73,0,0,0,0,0,,0,0,,0,0,0,0,0,0,30,9,5.79,36,0.09,0.1,0.04,0.06,,0.3
Lucas Velásquez,Huachipato,Primera División,2026,1244,Left Back,Chile,20,01/02/06,0,0,0.01,0.03,0.36,0,40,1,,0.02,0,0.03,0.43,0,0,0.14,0,0.02,0.29,0,0.04,0.8,-0.04,1.45,0.65,0.8,45,1.09,0,1.37,1.45,1.09,0.87,2.97,2.27,15.77,7.96,0.01,6.08,30.83,9.48,3.69,2.1,3.18,66,1.56,2.43,1.01,35,1.09,46,1.52,0,12.81,10.27,4.05,2.68,0.65,35.17,3.11,24,1.3,49,0.07,0,0,30.89,70,1.88,86,37,3.55,4.56,17,67,-3,45.84,3.33,0.23,0.24,27.64,91,5.38,4.12,1.01,0.22,0.8,0,0.58,0.8,0,21,0.29,15,0,30,61,9,39,49,12,20.52,17.88,0.88,89,-2.64,17.98,15.84,0,0,0,0,0,,0,0,,0,0,0,0,0,0,30,9,2.99,27,0.09,0.06,-0.07,-0.01,,0.07
Luis Pavez Muñoz,O'Higgins,Primera División,2026,1379,Left Back,Chile,31,16/09/95,0.07,0.07,0.11,0.16,0.65,10,20,0,,0.02,0,0.07,0.78,0,0.06,0.59,0,0.01,0.2,0.07,0.17,1.44,-0.11,0.33,0.07,0.26,20,0.91,0,0.59,1.11,0.46,0.42,2.81,2.26,10.05,4.31,0.03,3.85,29.94,9.2,2.61,1.83,2.28,80,1.6,2.01,0.91,65,0.46,59,1.7,0.07,7.31,6.36,2.41,1.76,0.72,37.68,2.22,30,0.98,56,0.46,0,0,41.96,78,3.2,88,51,3.33,5.74,10,70,-7,49.07,4.31,0.42,0.5,33.28,95,3.78,9.72,1.57,0.85,0.72,0.2,1.7,2.54,0,54,1.04,30,0.26,25,65,10,32,60,9,20.54,19.05,0.93,96,-1.49,19.1,18.25,0,0,0,0,0,,0,0,,0,0,0,0,0,0,25,9,5.64,37,0.13,0.06,0.01,-0.08,,0.12
Luis Riveros,Coquimbo Unido,Primera División,2026,1023,Right Midfielder,Paraguay,28,23/03/98,0.18,0.18,0.31,0.14,2.29,8,27,3,,0.15,0.26,0.13,1.06,0.26,0.13,1.06,0,0,0,0.44,0.44,3.34,0,1.58,1.23,0.35,78,0.79,0.09,1.67,2.64,0.53,0.36,0.44,0.49,19.44,9.59,0.02,5.54,51.19,7.39,4.05,1.58,2.11,64,1.37,1.73,1.32,9,0.88,47,1.5,0,16.54,14.69,4.75,4.31,1.58,53.54,9.06,55,2.99,69,0.09,0.09,0,27,71,0.62,13,33,0.79,1.5,35,67,-4,59.11,2.73,0.37,0.65,26.12,87,5.49,8.8,0.88,0.88,0,1.23,6.77,7.65,0.18,10,0.18,14,1.5,19,62,19,15,67,18,16.28,13.48,0.91,100,-2.8,14.89,13.53,0,0,0,0,0,,0,0,,0,0,0,0,0,0,32,11,3.17,22,-0.02,0.09,0.03,-0.2,,-0.11
Luis Rojas,Universidad Concepción,Primera División,2026,641,Right Centre Midfielder,Chile,24,05/03/02,0.42,0.42,0.24,0.09,2.53,17,22,3,,0.27,0,0.16,1.4,0,0.16,1.4,0,0,0,0.42,0.4,3.93,0.03,2.39,1.82,0.56,76,0.7,0,1.96,2.25,0.98,0.39,0.98,0.49,13.75,5.05,0.01,3.65,46.72,6.88,3.93,1.12,2.11,62,1.15,1.54,1.4,17,0.7,41,0.98,0,11.23,8.88,2.67,2.67,1.12,49.71,5.19,46,1.4,53,0,0,0,35.22,66,2.39,17,52,1.82,3.79,24,73,6,56.53,5.05,0.3,0.58,32.56,88,4.4,11.23,1.4,1.4,0,0.14,4.35,5.75,0,20,0.28,33,0.42,22,68,10,21,68,11,19.55,15.91,0.98,115,-3.64,19.25,18.37,0,0,0,0,0,,0,0,,0,0,0,0,0,0,33,10,4.14,29,-0.04,0.05,0.03,-0.01,,0.03
Maicol Andrés León Muñoz,Huachipato,Primera División,2026,1233,Right Wing Back,Chile,23,08/06/03,0.07,0.07,0.04,0.08,0.44,17,50,0,,0.07,0.15,0.05,0.8,0.15,0.05,0.8,0,0,0,0.22,0.08,1.24,0.14,0.88,0.66,0.22,75,1.17,0,1.24,0.95,0.73,0.76,1.75,1.66,18.62,8.69,0.01,6.13,36.02,9.64,4.23,2.12,2.85,67,1.84,2.61,0.8,41,1.02,38,0.73,0,15.7,12.36,4.31,2.92,0.73,38.98,4.89,31,1.61,55,0.22,0,0,36.07,73,2.48,16,46,2.7,4.45,17,65,-9,51.8,3.72,0.27,0.3,29.06,93,4.15,9.27,0.88,0.73,0.15,0.15,1.53,2.26,0,50,0.44,25,0.37,22,66,12,19,72,9,20.33,20.21,0.93,103,-0.12,18.87,20.84,0,0,0,0,0,,0,0,,0,0,0,0,0,0,25,8,3.6,29,0,0.05,0.02,0.01,,0.09
Manuel Fernández,Coquimbo Unido,Primera División,2026,1345,Left Centre Back,Uruguay,37,24/01/89,0.07,0.07,0.02,0.07,0.27,25,50,0,,0.06,0,0,0.07,0,0,0.07,0,0,0,0.07,0.02,0.33,0.05,0.4,0.33,0.07,83,0.54,0,0.27,0.07,0.74,0.82,5.62,5.48,9.9,4.35,0.08,5.22,25.16,12.58,2.01,0.94,1.67,67,1,1.82,1.27,40,0.47,63,3.75,0.07,7.69,7.56,3.01,1.4,0.47,30.96,1.14,15,0.54,38,0.4,0.07,0.07,34.52,84,3.61,26,63,5.95,5.42,10,62,-22,36.51,1.94,0.42,0.42,25.82,99,5.28,2.41,0.13,0.13,0,0,0.6,0.74,0,0,0.07,33,0,27,72,1,39,61,0,23.63,18.31,0.95,88,-5.32,22.49,16.12,0,0,0,0,0,,0,0,,0,0,0,0,0,0,19,6,2.54,16,0.03,0.04,-0.04,0.01,,0.04
Marcelo Flores,Deportes Limache,Primera División,2026,1547,Left Back,Chile,25,09/12/01,0,0,0.02,0.05,0.35,0,17,1,,0.02,0.06,0.04,0.29,0.06,0.04,0.29,0,0,0,0.06,0.06,0.64,0,1.11,0.87,0.23,79,0.23,0,0.93,0.99,1.05,0.73,1.98,1.37,12.91,5,0.04,4.54,26.39,7.62,2.56,1.57,2.62,79,1.21,1.94,0.7,67,0.41,54,0.87,0,10.64,7.76,3.26,1.22,0.29,30.96,2.09,20,0.58,48,0.12,0,0,31,69,3.37,86,46,3.14,6.22,12,51,-19,52.48,3.37,0.33,0.36,27.45,95,4.16,6.28,0.7,0.47,0.23,0.06,0.52,0.99,0,50,0.52,24,0.06,34,51,14,36,45,19,22.37,23.3,0.91,100,0.93,20.33,23.19,0,0,0,0,0,,0,0,,0,0,0,0,0,0,30,6,3.34,27,0.13,0.05,0.03,-0.01,,0.2
Marcelo Morales,Universidad de Chile,Primera División,2026,1461,Left Back,Chile,23,05/06/03,0.06,0.06,0.04,0.04,1.05,6,35,1,,0.04,0.12,0.21,2.34,0,0.13,1.54,0.12,0.08,0.8,0.18,0.25,3.39,-0.06,1.11,0.68,0.43,61,1.36,0,1.29,1.17,0.8,0.88,1.36,1.62,12.07,5.61,0.02,4.87,41.65,9.18,3.82,1.72,2.53,76,2.11,2.99,1.17,44,0.55,38,0.92,0.12,9.18,11.85,3.82,2.03,0.62,44.44,3.7,40,1.6,79,0.43,0,0,40.85,73,4.31,82,43,2.09,9.18,11,70,-3,58.44,6.9,0.42,0.48,38.44,94,4.57,14.35,3.27,1.72,1.54,0.37,2.09,3.82,0,32,1.23,31,0.43,25,65,10,32,57,11,21.54,17.63,0.9,97,-3.91,19.42,17.07,0,0,0,0,0,,0,0,,0,0,0,0,0,0,29,10,8.4,48,0.24,0.09,0.02,-0.03,,0.32
Marcelo Ortiz,Audax Italiano,Primera División,2026,1531,Centre Back,Argentina,32,12/01/94,0,0,0.03,0.11,0.29,0,40,0,,0.05,0.06,0.03,0.06,0.06,0.03,0.06,0,0,0,0.06,0.06,0.35,0,0.12,0.12,0,100,0.12,0,0.24,0.12,0.76,0.84,5.76,5.86,6.06,2.18,0.06,4.53,21.33,9.52,1.18,0.82,1.59,74,0.77,1.61,0.35,67,0.29,45,1.18,0,4.88,4.98,2.35,0.88,0.47,27.44,0.59,12,0.35,40,0.18,0,0,42.8,84,5.17,18,62,6.76,7.35,8,70,-15,29.69,1.59,0.17,0.2,32.28,99,5.5,1.76,0.06,0.06,0,0,0.76,0.82,0.12,0,0,,0,26,71,2,37,63,0,25.55,27.55,0.95,89,2,24.16,24.55,0,0,0,0,0,,0,0,,0,0,0,0,0,0,20,9,2.16,17,0.06,0.01,0.08,0.01,,0.16
Marco Collao,Audax Italiano,Primera División,2026,1261,Centre Defensive Midfielder,Chile,28,10/04/98,0.07,0.07,0.02,0.02,0.79,9,9,1,,0.02,0,0.03,0.36,0,0.03,0.36,0,0,0,0.07,0.05,1.14,0.03,1.5,0.93,0.57,62,1.21,0,0.64,1,1.64,1.68,2.14,1.9,17.27,8.57,0.01,6.57,38.96,11.28,5.21,1.36,3,68,1.41,3.09,1.28,18,0.64,48,0.79,0.07,14.63,14.7,5.07,3.5,1.14,40.76,4.07,28,1.21,35,0.43,0.14,0,42.47,78,3.85,17,55,2.93,6.21,15,69,-9,46.12,5.5,0.28,0.29,35.33,96,5.58,7,0.21,0.14,0.07,0,0.29,0.43,0,33,0.07,20,0,22,71,7,15,82,3,22.57,20.54,0.94,88,-2.03,21.14,17.99,0,0,0,0,0,,0,0,,0,0,0,0,0,0,22,8,3.7,33,-0.03,0.08,0.01,-0.01,,0.05
Marcos Luis Arturia,Deportes Limache,Primera División,2026,780,Centre Forward,Argentina,28,07/02/98,0.12,0.12,0.28,0.11,2.65,4,30,5,,0.22,0.23,0.21,0.92,0.23,0.21,0.92,0,0,0,0.35,0.49,3.57,-0.15,0.81,0.46,0.35,57,2.77,0,2.54,2.88,0.23,0.19,1.15,0.88,22.49,10.61,0.01,4.15,57.93,5.19,3.11,1.85,2.08,94,1.17,1.36,2.42,0,0.12,33,2.65,0,18.22,13.79,3.23,4.38,1.15,61.61,12.92,71,4.04,92,0.23,0,0,16.26,69,0.81,11,50,1.5,1.27,31,68,-1,64.02,2.08,0.35,0.61,16.49,74,6.46,7.03,0.23,0.23,0,0.69,6.92,7.15,0,50,0.12,17,0.81,20,58,22,21,62,16,17.56,17.64,0.94,106,0.09,16.47,18.68,0,0,0,0,0,,0,0,,0,0,0,0,0,0,34,9,2.91,21,-0.06,0.02,-0.03,-0.05,,-0.13
Mario Briceño,Huachipato,Primera División,2026,1139,Right Wing Back,Chile,30,19/06/96,0.16,0.16,0.21,0.1,2.05,8,27,3,,0.2,0.32,0.31,1.82,0.32,0.3,1.74,0,0.01,0.08,0.47,0.52,3.87,-0.05,2.21,1.03,1.19,46,1.03,0,2.53,3.32,0.4,0.3,0.63,0.34,15.56,6.4,0.01,4.03,45.68,7.27,4.42,1.66,2.05,75,1.35,1.65,1.19,13,0.55,41,0.71,0,13.04,10.8,3.08,3.32,0.79,48.22,6,46,2.29,69,0.16,0,0,26.07,67,1.03,18,33,0.95,2.77,20,61,-6,57.9,4.27,0.42,0.71,29,83,8.41,8.3,1.74,1.58,0.16,0.71,4.19,5.77,0.08,59,1.26,32,0.71,13,72,15,13,72,14,19.69,16.82,0.89,107,-2.87,17.45,17.95,0,0,0,0,0,,0,0,,0,0,0,0,0,0,32,8,5.07,37,0.13,0.14,0.02,-0.04,,0.25
Mario Sandoval,Audax Italiano,Primera División,2026,579,Right Defensive Midfielder,Chile,19,06/08/07,0,0,0.02,0.04,0.47,0,0,1,,0,0,0,0.16,0,0,0.16,0,0,0,0,0.02,0.62,-0.02,0.78,0.47,0.31,60,2.18,0,0.78,0.93,1.4,1.31,1.4,1.26,23.01,12.59,0.01,9.17,39.38,9.64,3.42,2.49,3.89,67,2.32,3.63,1.24,36,1.24,55,0.93,0.16,19.28,16.34,6.37,4.51,1.55,41.91,5.91,31,2.33,52,0.47,0,0,28.14,79,4.04,11,74,2.02,4.82,15,69,-10,45.52,2.8,0.2,0.2,22.08,94,3.59,4.04,0.16,0,0.16,0,0.31,0.31,0,0,0,0,0,22,71,7,19,81,0,22.77,21.45,0.99,111,-1.32,22.61,23.83,0,0,0,0,0,,0,0,,0,0,0,0,0,0,23,6,1.96,15,0,0.02,0.04,-0.02,,0.04
Mario Sandoval,Deportes Concepcion,Primera División,2026,1139,Left Defensive Midfielder,Chile,35,23/07/91,0.16,0.16,0.05,0.04,1.18,13,33,1,,0.12,0,0.01,0.39,0,0.01,0.39,0,0,0,0.16,0.06,1.58,0.1,0.47,0.16,0.32,33,1.58,0,1.42,0.95,0.79,0.66,1.66,1.54,19.12,10.74,0.01,7.74,36.45,10.43,3.79,2.61,3.4,58,2.34,3,1.11,27,1.9,60,0.47,0,15.4,14.29,5.61,3.63,1.66,39.41,4.5,29,1.9,52,0.16,0,0,46.14,86,6.56,10,67,1.97,9.48,10,87,0,47.07,7.9,0.28,0.31,40.84,96,4.57,9.64,0.32,0.32,0,0,0.24,0.55,0,25,0.16,50,0,18,75,7,25,75,1,24.15,18.88,0.93,94,-5.27,22.4,17.74,0,0,0,0,0,,0,0,,0,0,0,0,0,0,15,7,4.6,27,0.03,0.06,0.04,0.02,,0.14
Martín Araya,Palestino,Primera División,2026,509,Right Midfielder,Chile,21,26/09/05,0.18,0.18,0.16,0.1,1.59,11,22,3,,0.17,0.18,0.11,1.24,0.18,0.11,1.24,0,0,0,0.35,0.27,2.83,0.08,1.24,0.53,0.71,43,0.53,0,4.07,3.54,0.53,0.58,0.88,0.8,24.23,9.37,0.02,7.07,51.78,5.48,3.18,2.65,3.18,75,2.51,3.09,1.77,44,0.88,44,1.95,0,19.81,19.79,6.01,4.42,0.71,52.7,10.96,55,3.89,88,0,0,0,21.93,62,0.71,88,40,1.24,1.41,23,41,-21,63.67,2.48,0.42,0.51,21.93,74,6.91,7.43,1.06,1.06,0,0.18,2.48,3.54,0.18,33,0.53,27,0.18,21,67,12,14,74,12,16.99,15.71,0.93,91,-1.27,15.77,14.27,0,0,0,0,0,,0,0,,0,0,0,0,0,0,34,6,4.81,29,0.04,0.14,-0.13,0.07,,0.12
Martín Barraza,Coquimbo Unido,Primera División,2026,525,Left Wing,Chile,19,07/01/07,0.17,0.17,0.35,0.18,1.88,9,45,3,,0.31,0,0.1,1.03,0,0.1,1.03,0,0,0,0.17,0.45,2.91,-0.28,1.37,0.51,0.86,38,1.2,0,1.71,3.08,0.34,0.36,0.51,0.6,19.7,7.54,0,5.65,47.6,9.08,4.97,1.54,1.88,64,1.69,2.06,1.2,20,0.86,56,0.86,0,16.96,17.29,4.63,4.28,1.37,48.26,7.71,45,2.74,64,0.17,0,0,28.26,67,0.86,66,31,1.03,2.23,23,58,-9,57.86,2.74,0.64,0.8,25.35,87,5.56,8.74,1.54,1.54,0,0.34,3.43,4.97,0,11,0.17,50,0.34,22,63,15,10,73,18,16.82,14.65,0.93,97,-2.17,15.69,14.18,0,0,0,0,0,,0,0,,0,0,0,0,0,0,37,11,5.36,32,-0.02,0.06,0.01,0.04,,0.08
Martín Cañete,Huachipato,Primera División,2026,975,Left Centre Midfielder,Argentina,27,16/06/99,0,0,0.08,0.09,0.92,0,20,1,,0.09,0.18,0.13,1.75,0.09,0.07,0.92,0.09,0.05,0.83,0.18,0.21,2.68,-0.02,1.02,0.55,0.46,55,0.92,0,1.48,1.66,0.83,0.59,1.29,1.19,23.27,9.23,0.02,6.93,46.18,9.51,5.08,2.22,3.05,86,1.83,2.42,1.75,43,0.37,49,1.85,0,19.3,16.99,5.54,4.43,1.39,48.68,9.79,51,2.95,67,0.18,0,0,40.53,76,4.99,9,56,2.49,7.76,20,62,-14,54.95,6.93,0.28,0.37,31.86,93,4.58,12.47,2.4,1.2,1.2,0.37,1.66,2.86,0.09,15,0.37,36,0.46,25,66,9,29,67,4,21.59,19.07,0.93,92,-2.53,20.06,17.59,0,0,0,0,0,,0,0,,0,0,0,0,0,0,25,8,5.25,39,0.06,0.06,0.05,0.04,,0.21
Martín Maturana,O'Higgins,Primera División,2026,625,Right Centre Midfielder,Chile,22,17/01/04,0.14,0.14,0.14,0.08,1.73,8,25,2,,0.16,0.14,0.1,1.01,0.14,0.08,0.58,0,0.02,0.43,0.29,0.24,2.74,0.05,1.15,0.43,0.72,38,2.3,0,1.01,2.74,0.72,0.97,1.73,1.8,21.31,10.51,0.02,7.63,48.67,9.07,5.76,1.3,2.02,82,1.52,2.5,1.44,50,0.29,32,1.01,0,18.58,21.47,6.05,5.62,2.16,50.32,9.94,53,4.32,77,0.43,0,0,39.89,74,3.17,13,51,3.02,4.9,21,66,-8,57.11,5.33,0.55,0.66,34.99,93,5.08,10.8,1.15,0.58,0.58,0.29,2.3,2.88,0.29,13,0.29,18,0.14,21,66,13,19,73,8,20.54,18.9,0.9,88,-1.64,18.5,16.55,0,0,0,0,0,,0,0,,0,0,0,0,0,0,24,9,4.98,33,0,0.09,0,-0.06,,0.04
Martín Sarrafiore,O'Higgins,Primera División,2026,867,Left Wing,Argentina,29,19/07/97,0.21,0.21,0.27,0.08,3.22,6,29,4,,0.18,0.1,0.15,1.56,0.1,0.15,1.56,0,0,0,0.31,0.42,4.78,-0.11,2.39,1.77,0.62,74,1.35,0,2.91,3.32,0.21,0.25,0.1,0.06,17.55,8.72,0,4.67,53.38,6.75,3.74,2.28,2.49,92,2.37,2.61,1.04,71,0.21,43,0.93,0.1,14.23,14.65,3.84,3.84,1.04,53.2,8,56,3.01,78,0.21,0,0,31.37,71,2.08,86,54,0.93,3.01,22,62,-10,58.32,6.85,0.35,0.69,33.34,84,6.87,11.74,2.08,2.08,0,0.42,5.09,7.17,0,15,0.73,35,0.52,26,63,12,29,65,5,19.52,19.59,0.95,92,0.07,18.56,18.07,0,0,0,0,0,,0,0,,0,0,0,0,0,0,27,10,6.19,40,0.01,0.11,0.03,-0.11,,0.04
Matías Campos López,Unión La Calera,Primera División,2026,958,Left Centre Forward,Chile,35,17/08/91,0.28,0.28,0.14,0.08,1.69,17,39,5,,0.19,0,0.04,0.38,0,0.04,0.38,0,0,0,0.28,0.18,2.07,0.11,1.13,0.75,0.38,67,0.66,0,2.16,3.1,0.38,0.23,0.47,0.42,14.76,6.02,0.01,3.1,61.1,3.67,2.35,0.19,0.56,40,0.21,0.44,1.03,0,0.28,22,1.13,0,13.53,11.13,2.35,3.38,0.56,63.79,10.34,76,3.2,94,0,0,0,12.69,75,0.85,15,90,0.56,0.85,26,65,-10,60.25,0.94,0.15,0.25,13.82,74,4.45,4.51,0.19,0.19,0,0.19,5.73,5.92,0.19,0,0.09,33,0.85,9,72,19,13,71,17,14.97,12.36,1.08,116,-2.62,16.15,14.34,0,0,0,0,0,,0,0,,0,0,0,0,0,0,27,6,2.11,17,-0.11,-0.06,0.07,0.05,,-0.05
Matías Cavalleri,Deportes Concepcion,Primera División,2026,574,Left Wing,Chile,28,07/04/98,0,0,0.08,0.06,1.25,0,25,2,,0.05,0.31,0.11,0.63,0.31,0.11,0.63,0,0,0,0.31,0.19,1.88,0.12,2.67,1.1,1.57,41,1.41,0,2.51,4.7,0.78,0.7,0.63,0.39,21.17,12.07,0.02,4.7,42.62,7.68,3.61,2.35,3.14,63,1.51,2.21,0.78,25,1.41,0,0,0,18.03,13.65,3.61,2.51,0.63,43.83,6.9,38,1.72,69,0.16,0,0,31.2,66,1.88,14,48,1.1,3.45,25,73,6,58.87,3.45,0.12,0.3,35.6,83,5.29,9.25,1.25,1.25,0,0.16,2.67,3.92,0,25,0.63,17,0.31,19,68,13,25,61,14,18.87,17.33,0.93,98,-1.54,17.59,16.95,0,0,0,0,0,,0,0,,0,0,0,0,0,0,29,10,3.37,18,0,0.08,0.07,-0.06,,0.1
Matías D'Alessandro Pinto Álvarez,La Serena,Primera División,2026,311,Right Wing,Chile,22,10/09/04,0,0,0.1,0.12,0.87,0,0,1,,0,0.58,0.13,1.16,0.58,0.13,1.16,0,0,0,0.58,0.24,2.02,0.34,1.73,0.29,1.45,17,1.73,0,2.31,2.89,1.45,1.19,0.87,0.74,19.37,8.1,0.02,6.07,47.13,10.12,4.92,4.05,5.49,88,2.49,3.69,0.58,50,0.58,55,1.73,0,14.75,9.18,4.92,2.6,0.58,48.65,7.52,51,1.45,56,0.29,0,0,25.16,58,1.16,7,57,0.87,2.02,18,50,-8,60.33,3.47,0.34,0.53,21.97,80,6.9,6.36,2.31,1.45,0.87,0.29,3.18,4.63,0.29,38,1.16,50,0,23,65,11,27,64,9,17.77,15.81,0.97,107,-1.96,17.32,16.9,0,0,0,0,0,,0,0,,0,0,0,0,0,0,42,11,4.89,38,0.1,0.09,0.06,-0.08,,0.16
Matías Ignacio Bórquez Lizana,Deportes Limache,Primera División,2026,1012,Goalkeeper,Chile,28,18/08/98,0,0,0,,0,,,0,,0,0,0,0,0,0,0,0,0,0,0,0,0,0,0,0,0,,0,0,0,0,0,0,0,0,0.09,0.09,0,9.61,2.39,3.47,0,0,0,0,0,0,0,0,0.09,,0,0,0.09,0.04,0.09,0,0,9.46,0,0,0,,0,0,0,15.39,70,7.11,15,49,2.31,12.18,13,58,-12,12.21,1.16,0.06,0.06,15.03,100,6.11,0.62,0.09,0,0.09,0,0,0,0,0,0,,0,46,54,0,86,14,0,42.91,42.78,0.76,82,-0.12,32.76,34.98,1.51,1.14,-0.37,54,65,-11,1.26,3.29,25,13.07,1.78,0,0,12.91,-1,23,2,0.95,8,0.08,0.08,,,-0.28,-0.12
Matías Marín,La Serena,Primera División,2026,987,Left Defensive Midfielder,Chile,27,18/12/99,0.27,0.27,0.25,0.12,2.01,14,41,3,,0.32,0,0.07,1.28,0,0.05,0.91,0,0.02,0.36,0.27,0.32,3.28,-0.05,0.82,0.46,0.36,56,0.36,0,1.19,1.92,0.64,0.55,0.73,0.72,21.89,10.12,0.03,6.38,51.02,8.03,3.92,2.19,2.83,80,2.04,2.59,2.01,33,0.55,33,0.64,0,17.69,15.6,5.2,4.38,1.28,55.06,10.76,61,3.47,79,0.46,0,0,28.27,72,2.46,77,52,1.19,4.29,17,75,2,56.07,3.92,0.31,0.49,25.17,90,4.46,8.3,1.46,0.73,0.73,0,2.19,2.92,0,6,0.09,9,0,19,70,11,16,71,12,20.5,16.66,0.93,99,-3.84,19.15,16.54,0,0,0,0,0,,0,0,,0,0,0,0,0,0,31,11,4.15,34,0.01,0.03,0.05,0.08,,0.17
Matías Olguín,Cobresal,Primera División,2026,502,Goalkeeper,Chile,30,19/03/96,0,0,0,,0,,,0,,0,0.18,0.02,0.18,0.18,0.02,0.18,0,0,0,0.18,0.02,0.18,0.16,0,0,0,,0,0,0,0,0,0,0,0,0,0,0,7.89,2.58,4.12,0.18,0,0,,0,0,0,,0,,0,0,0,0,0,0,0,,0,,0,,0,0,0,11.48,69,4.66,24,42,0,11.12,0,,,9.21,0.72,0.09,0.09,10.94,100,9.23,0.54,0.18,0.18,0,0,0,0.18,0,0,0,,0,44,56,0,100,0,0,43.7,,0.7,,,30.73,,0.9,0.83,-0.07,77,79,-2,1.32,3.95,26,15.24,1.98,0,0,16.35,-4,20,4,1.17,7,0.05,0.09,,,-0.06,0.07
Matías Palavecino,Universidad Católica,Primera División,2026,1285,Right Centre Midfielder,Argentina,28,22/05/98,0.14,0.14,0.12,0.05,2.24,6,31,2,,0.12,0.35,0.29,2.1,0.21,0.19,1.19,0.14,0.1,0.91,0.49,0.41,4.34,0.08,1.89,1.4,0.49,74,1.05,0,1.96,2.24,0.28,0.33,0.42,0.55,11.34,4.83,0,3.5,53,8.54,4.83,0.77,1.05,55,0.94,1.27,0.7,31,0.63,38,0.42,0,9.94,11.66,2.8,3.08,1.47,54.47,5.6,56,2.45,80,0.21,0.07,0,40.97,75,3.57,89,46,0.91,7.21,15,79,3,59.02,9.8,0.43,0.58,41.39,91,7.06,15.48,3.36,1.96,1.4,0.28,2.31,4.27,0.35,8,0.42,24,0.28,24,66,10,28,67,5,21.89,17.46,0.89,99,-4.44,19.53,17.29,0,0,0,0,0,,0,0,,0,0,0,0,0,0,26,10,8.7,54,0.16,0.13,0.03,0,,0.33
Matías Plaza,Deportivo Ñublense SADP,Primera División,2026,1360,Right Centre Midfielder,Chile,25,21/02/01,0.13,0,0.15,0.09,1.79,0,19,2,100,0.03,0.26,0.18,2.32,0.13,0.1,1.19,0.13,0.08,1.13,0.26,0.33,4.1,-0.07,1.65,1.06,0.6,64,1.46,0,2.05,2.45,0.79,0.69,0.73,0.53,26.14,12.31,0.01,7.41,50.67,9.99,6.42,2.91,3.71,71,2.37,3.06,1.79,41,1.19,45,0.99,0.07,21.44,17.57,5.63,5.1,1.79,52.54,11.71,55,3.77,74,0.2,0,0,35.28,74,3.77,10,54,1.19,6.49,18,66,-8,58.51,4.57,0.31,0.4,34.61,90,5.19,9.99,2.65,0.79,1.85,0.4,2.71,3.51,0.13,18,0.66,31,0.53,17,70,13,19,68,13,20.71,14.93,0.95,95,-5.78,19.59,14.26,0,0,0,0,0,,0,0,,0,0,0,0,0,0,27,8,6.89,50,0.15,0.09,0.02,-0.16,,0.1
Matías Zaldivia,Universidad de Chile,Primera División,2026,1451,Left Centre Back,Chile,35,21/01/91,0.12,0.12,0.08,0.1,0.81,15,23,0,,0.12,0,0.01,0.25,0,0.01,0.25,0,0,0,0.12,0.09,1.05,0.04,0.31,0.25,0.06,80,0.68,0,0.06,0.31,0.68,0.72,4.47,5.26,8.62,4.28,0.06,5.64,26.62,14.45,2.36,1.43,2.11,74,1.73,2.45,0.62,69,0.5,62,3.54,0,6.58,8.15,3.29,1.67,0.93,30.36,0.99,15,0.56,33,0.19,0,0,50.25,81,4.09,7,52,5.46,6.89,13,63,-18,39.68,5.96,0.46,0.48,39.08,99,5.75,6.27,0.31,0.31,0,0.06,1.86,2.17,0.06,20,0.06,50,0.12,34,64,2,45,52,3,24,22.31,0.94,97,-1.69,22.48,21.66,0,0,0,0,0,,0,0,,0,0,0,0,0,0,23,8,4.29,29,0.08,0.05,0,0,,0.12
Maximiliano Guerrero,Universidad de Chile,Primera División,2026,1607,Right Wing,Chile,26,14/01/00,0.11,0.11,0.15,0.08,1.79,6,41,2,,0.26,0.17,0.16,1.29,0.11,0.14,0.95,0.06,0.02,0.34,0.28,0.31,3.08,-0.03,2.18,1.34,0.84,62,0.28,0,1.4,2.8,0.39,0.47,0.56,0.67,14.62,6.5,0,3.53,50.69,5.21,2.69,1.18,1.57,81,1.58,2.06,0.56,17,0.28,49,1.06,0,12.94,16.07,2.91,3.14,0.9,51.97,7.34,57,2.35,75,0.11,0,0,29.23,72,1.74,13,50,0.95,3.08,19,68,-5,66.22,3.3,0.3,0.49,29.46,89,5.77,12.88,1.74,1.06,0.67,0.56,4.93,5.99,0.06,32,1.06,37,0.9,11,75,15,8,72,20,18.95,15.26,0.94,101,-3.69,17.88,15.4,0,0,0,0,0,,0,0,,0,0,0,0,0,0,28,8,5.51,36,0.02,0.05,0,0.09,,0.17
Maximiliano Rodríguez,Huachipato,Primera División,2026,1106,Centre Attacking Midfielder,Chile,26,30/05/00,0.24,0.24,0.2,0.09,2.28,11,39,4,,0.28,0.24,0.12,1.22,0.24,0.12,1.22,0,0,0,0.49,0.32,3.5,0.17,0.65,0.24,0.41,38,1.3,0.08,2.77,2.93,0.16,0.1,0.9,0.63,21.9,10.34,0.01,5.21,56.52,5.86,2.93,1.22,1.38,65,1.06,1.16,1.47,42,0.65,45,2.36,0,19.21,17.08,4.56,4.31,0.98,59.67,13.59,71,3.58,83,0.24,0,0.08,21.49,66,1.06,15,48,1.3,1.79,29,68,3,59.93,2.36,0.38,0.57,18.64,80,4.58,7.33,0.16,0.16,0,0.9,7.33,7.49,0,50,0.41,42,1.3,20,63,16,14,68,18,17.65,15.06,0.96,96,-2.59,16.96,14.49,0,0,0,0,0,,0,0,,0,0,0,0,0,0,32,6,3.27,24,0,0.01,0.02,0.02,,0.05
Maximiliano Romero,Colo Colo,Primera División,2026,1378,Centre Forward,Argentina,27,08/01/99,0.52,0.39,0.32,0.18,1.83,21,68,7,100,0.45,0.07,0.04,0.52,0.07,0.04,0.52,0,0,0,0.46,0.36,2.35,0.09,0.33,0.26,0.07,80,0.39,0.13,0.65,2.29,0,0,0.39,0.55,12.08,4.77,0.01,3.85,69.68,2.61,1.89,0.39,0.39,67,0.58,0.58,0.52,25,0.2,40,1.44,0,11.17,16.24,3.46,3.07,1.18,71.7,9.73,87,2.55,83,0,0,0,11.69,69,0.52,23,57,0.65,0.65,22,49,-20,63.24,0.59,0.27,0.52,10.12,82,4.36,4.9,0.26,0.26,0,0.26,6.46,6.73,0.07,0,0.2,23,0.52,10,68,22,7,71,23,15.24,14.13,1.03,91,-1.11,15.63,12.88,0,0,0,0,0,,0,0,,0,0,0,0,0,0,35,9,2.38,15,-0.04,0.04,-0.01,0.18,,0.17
Michael Fuentes,Audax Italiano,Primera División,2026,1025,Left Centre Midfielder,Chile,28,26/05/98,0.26,0.18,0.15,0.08,1.84,10,19,2,100,0.16,0,0.09,0.97,0,0.09,0.97,0,0,0,0.18,0.24,2.81,-0.06,1.49,0.79,0.7,53,1.84,0,2.11,2.19,0.44,0.48,0.79,0.82,19.05,10.45,0.02,4.65,53.63,8.6,5.27,2.02,2.46,72,2.03,2.51,1.05,33,0.79,33,1.4,0,16.07,17.36,4.04,4.04,1.32,56.03,9.48,59,2.9,72,0.18,0,0,31.61,73,1.32,24,63,1.14,1.76,21,60,-13,60.84,5,0.28,0.45,31.69,88,6.91,11.68,1.05,1.05,0,0.44,2.63,3.69,0.09,33,0.44,36,0.53,20,67,13,21,68,11,16.87,15.98,1,99,-0.89,16.95,15.81,0,0,0,0,0,,0,0,,0,0,0,0,0,0,26,7,4.07,31,0.06,0.1,0.03,0.02,,0.21
Miguel Barbieri,Universidad Concepción,Primera División,2026,323,Left Centre Back,Argentina,33,23/08/93,0,0,0.05,0.04,1.12,0,50,0,,0.03,0,0.01,0.28,0,0,0,0,0.01,0.28,0,0.06,1.39,-0.06,0,0,0,,0.28,0,0.56,0,1.67,0.93,5.3,2.78,15.06,8.65,0.1,7.25,25.55,16.18,3.63,2.51,4.18,82,1.6,2.52,1.39,50,0.56,80,3.35,0,11.16,6.61,4.46,0.56,0.28,28.51,1.12,10,0.28,50,0.28,0,0,38.5,71,7.53,13,59,5.86,12.27,12,61,-10,36.93,5.02,0.41,0.41,22.87,98,4.75,4.18,0.56,0,0.56,0,2.51,2.51,0,0,0,0,0,31,68,1,33,67,0,28.98,21.1,0.93,98,-7.88,26.97,20.59,0,0,0,0,0,,0,0,,0,0,0,0,0,0,31,7,3.51,26,0.04,0.04,0.14,-0.04,,0.18
Miguel Brizuela,O'Higgins,Primera División,2026,1405,Left Centre Back,Argentina,29,04/01/97,0.06,0.06,0.05,0.07,0.64,10,10,0,,0.03,0,0.05,0.38,0,0.05,0.38,0,0,0,0.06,0.1,1.03,-0.04,0,0,0,,0.19,0,0.32,0.13,0.64,0.64,4.8,4.62,6.09,3.59,0.07,3.84,22.85,10.19,1.79,0.96,1.6,88,1.13,1.78,0.51,71,0.13,61,2.82,0,4.61,4.59,2.11,0.9,0.38,31.39,1.03,22,0.51,57,0.06,0.06,0,42.28,80,5,87,57,6.53,6.98,15,62,-18,37.53,4.04,0.32,0.39,32.99,99,4.79,4.23,0.38,0.32,0.06,0.13,1.54,1.86,0,17,0.13,50,0.13,35,63,3,45,55,0,24.73,24.85,0.93,97,0.12,22.99,24,0,0,0,0,0,,0,0,,0,0,0,0,0,0,21,8,3.99,28,0.09,0.05,0.14,-0.04,,0.23
Misael Benjamín Llantén Letelier,Deportes Limache,Primera División,2026,1238,Right Centre Midfielder,Chile,27,06/02/99,0.07,0.07,0.09,0.15,0.58,13,38,1,,0.07,0.07,0.04,0.44,0.07,0.04,0.44,0,0,0,0.15,0.12,1.02,0.02,0.36,0.22,0.15,60,0.65,0,1.24,1.67,0.73,0.52,2.11,1.39,17.88,9.52,0.03,6.4,38.46,8.94,4,1.96,2.69,68,1.61,2.13,1.45,39,0.95,38,0.8,0,14.47,11.01,4.65,3.71,1.38,42.86,5.31,37,1.96,53,0.22,0,0,32.5,80,2.18,16,53,3.05,3.2,17,73,-7,49.63,4.14,0.38,0.4,26.83,92,5.15,6.98,0.58,0.51,0.07,0.36,1.6,2.11,0,13,0.15,29,0.29,23,67,10,29,66,5,21,22.45,0.94,102,1.44,19.67,22.89,0,0,0,0,0,,0,0,,0,0,0,0,0,0,24,7,4.47,32,0.08,0.09,0.04,0.01,,0.22
Misael Dávila,Deportes Concepcion,Primera División,2026,1291,Left Defensive Midfielder,Chile,35,16/07/91,0,0,0.03,0.04,0.7,0,30,1,,0.02,0.14,0.07,0.7,0.14,0.06,0.63,0,0.02,0.07,0.14,0.1,1.39,0.04,0.14,0.07,0.07,50,0.49,0,0.42,0.35,0.49,0.45,2.65,1.93,13.8,7.18,0.04,5.58,39.36,5.65,2.51,1.25,1.74,72,0.84,1.29,0.7,42,0.49,40,0.56,0,11.85,8.41,3.56,3.14,0.98,46.87,5.37,45,2.23,71,0,0,0,24.47,75,1.74,84,50,3.14,3,14,60,-14,50.12,2.37,0.13,0.17,19.24,96,3.63,3.76,0.77,0.56,0.21,0.07,1.12,1.67,0,18,0.14,18,0.14,25,66,9,39,54,7,19.49,17.35,0.95,102,-2.14,18.59,17.76,0,0,0,0,0,,0,0,,0,0,0,0,0,0,28,11,3.95,24,0.04,0.04,0.04,-0.02,,0.11
Moisés González,Universidad Concepción,Primera División,2026,618,Right Back,Chile,26,21/11/00,0,0,0.02,0.07,0.29,0,0,0,,0,0,0.01,0.29,0,0.01,0.15,0,0,0.15,0,0.03,0.58,-0.03,0.44,0.29,0.15,67,0.87,0,0.29,0.87,0.15,0.16,3.35,2.21,12.53,5.83,0.02,4.52,27.81,6.7,1.46,1.46,1.6,63,1.11,1.28,1.02,44,0.87,29,0.73,0,10.05,6.95,3.5,2.04,0.44,32.28,1.6,16,1.02,50,0.29,0,0,26.52,80,3.35,14,61,4.08,4.81,10,67,-13,41.16,3.64,0.2,0.22,21.86,96,5.99,3.93,0.44,0.29,0.15,0,0.73,1.02,0,33,0.15,25,0,28,67,5,33,63,4,22.46,24.37,0.94,103,1.91,21.09,25.14,0,0,0,0,0,,0,0,,0,0,0,0,0,0,24,9,4.4,29,0.05,0.04,-0.03,-0.03,,0.03
Nelson Alejandro Sepúlveda Moya,Deportes Concepcion,Primera División,2026,748,Centre Defensive Midfielder,Chile,34,21/01/92,0,0,0.02,0.06,0.36,0,0,0,,0,0,0.03,0.6,0,0.03,0.6,0,0,0,0,0.05,0.96,-0.05,0.36,0.24,0.12,67,1.8,0,0.6,0.36,1.32,1.28,2.29,1.74,23.34,12.75,0.04,7.82,34.52,11.19,4.33,3.97,5.29,67,3.75,5.03,1.68,39,1.92,57,0.48,0,17.69,16.37,5.65,4.69,1.56,36.99,4.33,24,2.41,51,0.6,0,0,47.04,84,6.74,9,78,3.37,7.58,19,79,-5,45.48,5.9,0.19,0.25,38.5,98,4.55,7.34,0.96,0.84,0.12,0,0.36,1.2,0.24,0,0,0,0,21,73,6,26,72,2,22.66,19.87,1,101,-2.79,22.68,20.08,0,0,0,0,0,,0,0,,0,0,0,0,0,0,15,7,4.43,32,0.06,0.09,0.08,-0.02,,0.21
Nelson Guaiquil,Huachipato,Primera División,2026,1024,Right Back,Chile,23,12/01/03,0.09,0.09,0.01,0.03,0.35,25,25,1,,0.06,0.18,0.07,0.97,0.09,0.05,0.88,0.09,0.02,0.09,0.26,0.09,1.32,0.18,0.09,0.09,0,100,0.18,0,0.88,0.26,0.79,0.5,3.34,2.18,18.11,9.93,0.05,8.26,30.88,7.82,1.93,2.9,3.69,72,2.38,2.88,0.7,50,1.14,37,0.62,0,14.51,11.17,5.71,2.81,0.79,35.9,4.13,28,1.49,53,0.26,0,0,34.55,71,4.13,23,47,4.48,7.56,14,64,-7,43.95,4.04,0.2,0.24,27.25,96,3.85,5.89,1.76,1.49,0.26,0,0.35,1.85,0,55,1.05,29,0.09,34,59,7,31,64,4,23.46,20.08,0.9,92,-3.38,21.18,18.44,0,0,0,0,0,,0,0,,0,0,0,0,0,0,33,12,3.73,32,0.15,0.05,0.12,0.03,,0.35
Nelson da Silva,Palestino,Primera División,2026,1345,Centre Forward,Argentina,30,24/08/96,0.6,0.47,0.39,0.13,3.01,16,36,6,100,0.45,0.13,0.07,0.67,0.13,0.07,0.67,0,0,0,0.6,0.46,3.68,0.14,0.6,0.33,0.27,56,0.6,0,0.74,2.74,0.07,0.06,0.8,0.7,14.73,6.56,0.02,3.28,61.68,2.54,1.61,0.33,0.4,56,0.36,0.42,1.34,0,0.27,54,5.02,0,13.05,11.61,2.74,2.28,0.6,65.49,10.11,77,2.08,91,0.2,0.07,0,17.14,63,0.27,8,36,0.94,0.6,33,54,-9,62,1.34,0.32,0.6,10.84,80,3.94,5.22,0.2,0.13,0.07,0.47,8.7,8.84,0.07,0,0.07,25,0.74,14,60,26,10,69,21,14.53,13.15,0.95,100,-1.38,13.84,13.19,0,0,0,0,0,,0,0,,0,0,0,0,0,0,39,12,3.21,22,0.01,-0.06,0,-0.04,,-0.1
Nicola Pérez,Deportivo Ñublense SADP,Primera División,2026,2140,Goalkeeper,Uruguay,36,04/02/90,0,0,0,,0,,,0,,0,0,0.01,0.08,0,0.01,0.04,0,0,0.04,0,0.01,0.08,-0.01,0.04,0,0.04,0,0.34,0,0,0.08,0,0,0.04,0.04,0.21,0.04,0,6.65,3.41,4.16,0,0,0,0,0,0,0.08,0,0.08,,0,0.08,0.13,0.09,0.04,0.04,0.04,8.51,0,0,0,0,0.13,0,0,14.85,69,6.77,6,49,1.72,12.16,9,60,-9,12.71,1.35,0.09,0.09,13.33,99,6.8,0.97,0.08,0.08,0,0,0,0.08,0,0,0,,0,54,46,0,96,4,0,45.04,49.2,0.79,88,4.16,35.69,43.39,0.84,0.89,0.05,74,73,2,0.87,3.28,34,9.76,2.12,0.25,0.21,19.71,0,30,3,1.24,9,0.1,0.05,-0.06,,-0.19,-0.09
Nicolás Aedo,Audax Italiano,Primera División,2026,639,Right Centre Midfielder,Chile,25,05/04/01,0,0,0.03,0.04,0.7,0,40,1,,0.02,0.28,0.1,1.55,0.14,0.04,0.7,0.14,0.06,0.84,0.28,0.12,2.25,0.16,0.7,0.28,0.42,40,1.13,0,1.13,1.69,0.84,1.02,0.84,0.92,16.47,9.29,0.01,7.04,46.2,7.32,2.96,1.41,2.25,63,1.55,2.57,0.7,14,0.84,63,0.7,0,14.36,15.28,5.21,4.08,0.99,47.84,6.19,43,1.83,45,0.14,0,0,34.63,78,5.35,82,58,1.55,8.59,17,78,0,55.19,5.21,0.12,0.18,28.58,93,3.93,10.14,2.25,0.7,1.55,0,0.84,1.55,0,25,0.56,29,0,21,65,14,28,65,7,23.19,16.89,0.93,108,-6.3,21.49,18.17,0,0,0,0,0,,0,0,,0,0,0,0,0,0,28,14,4.79,39,0.08,0.02,0.05,-0.01,,0.14
Nicolás Araya Bruna,Deportes Concepcion,Primera División,2026,1512,Goalkeeper,Chile,27,05/06/99,0,0,0,,0,,,0,,0,0,0,0.06,0,0,0.06,0,0,0,0,0,0.06,0,0,0,0,,0.48,0,0,0.06,0,0,0,0,0,0,0,7.08,2.78,3.69,0,0,0,,0,0,0,,0,,0,0.06,0,0,0,0,0,,0,,0,,0,0,0,14.04,74,5,14,47,0.6,10,5,57,-17,10.42,0.54,0.09,0.09,12.85,100,5.71,0.12,0,0,0,0,0,0,0,,0,,0,37,63,0,100,0,0,39.88,38.61,0.75,80,-1.27,30,30.95,0.6,0.65,0.06,79,77,2,0.82,2.86,25,11.54,1.49,0.18,0.18,14.83,-1,20,1,1.61,9,0.05,0.06,-0.01,,0.05,0.15
Nicolás Avellaneda,Unión La Calera,Primera División,2026,2118,Goalkeeper,Argentina,33,23/02/93,0,0,0,,0,,,0,,0,0.04,0.01,0.04,0.04,0.01,0.04,0,0,0,0.04,0.01,0.04,0.03,0,0,0,,0.08,0,0,0.04,0,0,0,0,0.21,0.13,0,7.77,3.75,4.59,0,0,0,0,0,0,0,0,0.13,,0,0,0.21,0.12,0.21,0.04,0.04,8.87,0,0,0,0,0.04,0,0,23.92,75,8.11,8,50,3.57,12.58,18,71,-4,10.52,0.76,0.11,0.11,21.62,100,4.97,0.51,0.04,0,0.04,0,0.04,0.04,0,0,0,,0,37,63,0,92,8,0,38.43,41.24,0.79,86,2.82,30.25,35.37,1.4,1.13,-0.28,58,66,-8,1.19,3.36,29,11.56,2.22,0,0,19,1,22,3,1.17,10,0.07,0.07,-0.02,,-0.2,-0.07
Nicolás Baeza,Everton,Primera División,2026,1137,Left Back,Chile,29,06/05/97,0.16,0.16,0.06,0.06,0.95,17,42,1,,0.11,0.08,0.17,1.35,0.08,0.13,0.79,0,0.04,0.55,0.24,0.22,2.3,0.01,1.66,1.11,0.55,67,1.11,0,0.95,1.27,1.03,1,2.53,2.38,12.03,6.17,0.04,5.7,32.38,7.99,3.01,1.66,2.69,57,1.64,2.64,0.71,39,1.27,33,0.63,0,9.66,8.78,3.88,2.45,0.95,36.96,3.01,31,1.42,58,0.16,0,0,31.98,67,5.3,82,45,3.4,10.84,11,53,-13,52.58,5.38,0.44,0.54,27.94,94,5.37,7.04,2.45,1.19,1.27,0.08,1.19,2.37,0,19,0.63,25,0.08,29,62,9,34,58,8,26.19,20.47,0.9,115,-5.73,23.65,23.57,0,0,0,0,0,,0,0,,0,0,0,0,0,0,32,9,6.22,39,0.22,0.1,0.04,-0.03,,0.33
Nicolás Garrido,O'Higgins,Primera División,2026,1176,Right Centre Back,Chile,24,26/08/02,0,0,0.03,0.06,0.46,0,17,0,,0,0,0,0.08,0,0,0.08,0,0,0,0,0.03,0.54,-0.03,0.15,0.08,0.08,50,0.38,0,0,0.15,0.38,0.41,6.74,7.35,8.88,3.6,0.07,5.82,21.91,9.72,1.38,1.07,1.45,78,1.27,1.68,0.84,60,0.31,56,2.76,0,6.97,7.76,3.75,1.3,0.69,28.28,1.15,16,0.61,47,0.38,0.08,0,42.79,86,4.29,12,58,7.73,6.43,10,71,-15,33.27,1.84,0.23,0.3,32.53,100,4.09,1.99,0,0,0,0.23,1.45,1.45,0,,0,0,0.23,29,68,2,38,62,0,24.13,25.66,0.91,90,1.54,22.06,23.16,0,0,0,0,0,,0,0,,0,0,0,0,0,0,19,7,2.93,17,0.04,0.04,-0.03,-0.03,,0.02
Nicolás Johansen,Coquimbo Unido,Primera División,2026,1290,Centre Forward,Argentina,27,22/01/99,0.49,0.42,0.37,0.15,2.51,17,33,5,50,0.29,0,0.09,1.19,0,0.09,1.19,0,0,0,0.42,0.46,3.7,-0.04,0.77,0.28,0.49,36,0.91,0,1.67,3.35,0.07,0.02,0.28,0.24,17.73,7.19,0,4.54,68.21,4.12,3.35,0.63,0.7,56,0.7,0.72,1.05,22,0.49,44,2.58,0,16.05,15.85,3.91,4.47,1.67,69.04,14.1,88,4.12,92,0.07,0,0,19.47,61,1.4,73,71,0.63,1.61,38,55,-6,63.49,1.81,0.52,0.75,17.03,79,4.4,6.42,0.63,0.63,0,0.35,8.72,9.35,0.07,11,0.21,19,0.91,16,72,12,21,67,12,17.15,13.94,1.06,104,-3.21,18.2,14.55,0,0,0,0,0,,0,0,,0,0,0,0,0,0,36,11,4.7,29,-0.03,0.03,0,0.02,,0.02
Nicolás Meza,Palestino,Primera División,2026,1057,Left Defensive Midfielder,Chile,24,11/04/02,0,0,0.03,0.06,0.6,0,14,1,,0.02,0.17,0.03,0.68,0.17,0.03,0.68,0,0,0,0.17,0.06,1.28,0.11,0.09,0,0.09,0,0.09,0,0.43,0.68,1.19,0.92,2.64,2.02,20.35,11.24,0.05,7.75,39.38,9.96,4.34,2.21,3.41,53,1.74,2.66,0.94,27,1.96,42,0.43,0,17.2,13.24,5.62,4.77,1.62,42.32,5.96,35,2.73,57,0.09,0,0,31.68,83,4.17,7,73,3.24,5.11,13,69,-13,46.33,4.09,0.29,0.32,24.7,97,4.63,6.05,0.51,0.51,0,0,0.26,0.77,0,0,0.09,25,0,20,71,9,17,77,6,21.76,18.52,0.99,92,-3.24,21.54,17.01,0,0,0,0,0,,0,0,,0,0,0,0,0,0,19,7,4.33,29,-0.01,0.07,0.07,-0.01,,0.12
Nicolás Montiel,Everton,Primera División,2026,968,Centre Forward,Argentina,21,27/02/05,0.65,0.65,0.54,0.24,2.23,29,58,5,,0.59,0.09,0.1,0.84,0.09,0.1,0.84,0,0,0,0.74,0.65,3.07,0.1,1.3,0.93,0.37,71,3.44,0.19,2.04,3.9,0.19,0.17,0.65,0.62,17.1,6.32,0.02,3.53,65.9,4,2.7,0.93,1.12,67,0.89,1.07,1.39,0,0.46,41,1.49,0,14.96,14.14,3.07,4.09,1.12,68.97,12.92,86,3.72,91,0.37,0,0,16.08,72,1.12,12,86,0.93,1.02,22,60,-11,62.71,2.32,0.69,1,17.57,77,6.99,6.23,0.46,0.46,0,1.02,7.16,7.62,0,40,0.56,50,1.39,12,61,27,10,69,21,17.01,15.46,1.04,112,-1.54,17.64,17.3,0,0,0,0,0,,0,0,,0,0,0,0,0,0,30,8,4.81,28,0.01,0.1,0.03,0.16,,0.3
Nicolás Palma,Unión La Calera,Primera División,2026,1227,Left Centre Back,Chile,25,07/10/01,0,0,0,,0,,,0,,0,0,0,0.07,0,0,0.07,0,0,0,0,0,0.07,0,0.15,0.15,0,100,0.66,0,0.22,0.07,0.59,0.52,4.03,3.87,8.14,3.08,0.05,4.91,21.4,9.02,1.1,1.25,1.83,68,1.35,1.87,0.51,42,0.59,47,1.47,0,6.38,5.53,2.64,1.25,0.66,27.56,0.73,11,0.07,6,0.15,0,0,38.35,84,4.33,16,66,4.69,5.94,13,71,-12,32.25,2.05,0.11,0.11,31.39,99,4.9,1.83,0,0,0,0,0,0,0,,0,,0,31,65,4,56,44,0,24.63,22.88,0.94,101,-1.76,23.15,23.12,0,0,0,0,0,,0,0,,0,0,0,0,0,0,20,8,1.37,14,0.03,0.04,0.04,,,0.1
Nicolás Ramírez,Universidad de Chile,Primera División,2026,1723,Left Centre Back,Chile,29,30/04/97,0.1,0.1,0.04,0.14,0.26,40,40,0,,0.06,0,0.02,0.16,0,0.02,0.16,0,0,0,0.1,0.05,0.42,0.05,0.05,0,0.05,0,0.21,0,0,0.16,0.68,0.92,5.54,6.91,9.56,5.01,0.06,5.33,26.58,9.82,1.88,1.72,2.4,73,2.25,3.17,0.47,58,0.63,55,2.3,0,7.37,9.29,2.82,2.04,0.73,31.28,1.31,18,0.78,38,0,0,0,50.31,86,3.4,12,54,6.69,5.17,9,65,-21,39.82,4.6,0.42,0.45,39.07,100,4.79,5.8,0.21,0.21,0,0,0.78,0.99,0,25,0.05,33,0.05,30,67,3,47,50,4,21.29,23.46,0.92,94,2.17,19.65,22.12,0,0,0,0,0,,0,0,,0,0,0,0,0,0,18,9,4.04,27,0.1,0.05,0.1,0.04,,0.28
Nicolás Stefanelli,La Serena,Primera División,2026,422,Right Wing,Argentina,32,21/11/94,0.43,0.43,0.14,0.07,2.13,20,60,4,,0.42,0,0.05,1.49,0,0.05,1.49,0,0,0,0.43,0.19,3.62,0.23,1.28,0.64,0.64,50,1.7,0,2.56,2.98,0.43,0.39,0.64,0.69,13.21,4.47,0,5.33,58.6,6.39,2.98,0.64,1.07,43,0.71,1.1,0.43,25,0.85,20,0.64,0,12.14,12.76,4.05,3.62,1.07,64.77,8.95,74,3.2,88,0,0,0,24.5,72,1.28,5,40,1.07,2.77,17,57,-15,60.03,4.05,0.13,0.31,27.48,84,6.08,8.73,1.28,1.28,0,0,1.7,2.98,0.21,0,0,0,0,21,70,9,17,80,2,18.81,16.75,0.88,97,-2.06,16.58,16.18,0,0,0,0,0,,0,0,,0,0,0,0,0,0,33,11,4.52,30,0.01,0.02,0.02,0.15,,0.2
Nicolás Vargas,Huachipato,Primera División,2026,1732,Centre Back,Chile,33,14/09/93,0.05,0.05,0.01,0.03,0.26,20,40,0,,0,0.1,0.04,0.62,0,0.02,0.26,0.1,0.02,0.36,0.16,0.04,0.88,0.11,0.42,0.36,0.05,88,0.78,0,0.42,0.16,0.73,0.54,5.04,4.5,9.77,5.87,0.05,5.92,23.71,10.91,2.55,1.56,2.29,73,1.48,2.02,0.52,42,0.57,54,1.66,0.05,7.74,6.8,3.69,1.2,0.47,27.16,1.14,15,0.31,26,0.16,0,0,40.74,72,7.17,7,49,6.65,13.1,13,70,-2,35.88,5.14,0.28,0.29,30.66,98,5.24,4.94,1.71,0.68,1.04,0.05,0.26,0.94,0.21,30,0.57,44,0.05,34,62,4,48,48,3,28.87,24.68,0.87,90,-4.19,25.11,22.13,0,0,0,0,0,,0,0,,0,0,0,0,0,0,31,10,4.44,34,0.16,0.05,0.04,-0.01,,0.24
Norman Rodríguez,Deportes Concepcion,Primera División,2026,1878,Right Centre Back,Uruguay,28,11/07/98,0.1,0.1,0.03,0.05,0.62,15,31,0,,0.08,0.05,0.01,0.34,0,0.01,0.24,0.05,0,0.1,0.14,0.04,0.96,0.1,0.72,0.72,0,100,0.24,0,0.43,0.29,1.44,1.49,5.03,3.91,10.69,5.18,0.07,6.33,25.52,10.02,1.53,1.58,3.02,89,1.48,2.97,0.67,70,0.19,65,2.2,0.1,8.44,7.44,3.93,1.25,0.48,32.07,1.68,20,0.53,42,0.14,0,0,33.46,76,5.37,9,54,6.66,8.34,14,60,-16,34.84,2.83,0.1,0.13,25.5,98,4.66,2.35,0.48,0.24,0.24,0,0.96,1.2,0,20,0.1,40,0,38,59,3,55,45,0,28.19,27.55,0.88,90,-0.64,24.93,24.84,0,0,0,0,0,,0,0,,0,0,0,0,0,0,22,7,2.79,17,0.08,0.07,0.06,0.01,,0.21
Oliver Rojas,Audax Italiano,Primera División,2026,514,Right Centre Back,Chile,26,10/06/00,0,0,0.01,0.03,0.53,0,0,1,,0,0,0.02,0.53,0,0.02,0.53,0,0,0,0,0.03,1.05,-0.03,0.53,0.53,0,100,0.18,0,0.18,0.35,0.7,0.35,5.78,5.09,12.61,5.78,0.04,5.96,29.32,10.68,2.28,1.75,2.45,71,1.58,1.93,1.05,33,0.7,56,2.63,0,9.81,8.49,4.2,1.58,0.7,34,1.75,18,0.35,22,0.18,0,0,31,77,2.63,6,54,6.31,4.38,9,67,-11,44.12,2.98,0.16,0.18,22.77,98,5.93,4.38,0.7,0.7,0,0,0.53,1.23,0,100,0.7,67,0.18,30,62,8,28,64,8,22.28,22.1,0.94,81,-0.18,20.86,17.84,0,0,0,0,0,,0,0,,0,0,0,0,0,0,31,11,3.99,32,0.06,0.05,-0.11,-0.02,,-0.02
Omar Carabalí,O'Higgins,Primera División,2026,1932,Goalkeeper,Ecuador,29,11/06/97,0,0,0,,0,,,0,,0,0,0,0.09,0,0,0.09,0,0,0,0,0,0.09,0,0,0,0,,0.23,0,0,0.14,0,0,0,0,0.19,0.14,0,6.89,2.9,4.56,0,0,0,0,0,0,0.05,0,0.05,,0,0.14,0.14,0.17,0.14,0,0,8.73,0,0,0,,0.14,0,0,20.59,77,7.78,72,52,2.38,12.53,13,63,-14,11.25,1.72,0.17,0.17,19,100,4.69,0.7,0.09,0,0.09,0,0,0,0,0,0,,0,43,57,0,93,7,0,41.5,44.87,0.78,79,3.38,32.51,35.38,1.16,1.21,0.05,66,65,1,1.03,3.45,30,11.37,2.22,0.09,0.09,18.89,-2,21,2,1.91,13,0.11,0.09,-0.03,,-0.06,0.12
Osvaldo Bosso,Deportivo Ñublense SADP,Primera División,2026,2118,Centre Back,Chile,33,13/10/93,0,0,0.02,0.06,0.43,0,30,0,,0.01,0,0,0,0,0,0,0,0,0,0,0.02,0.43,-0.02,0.09,0.09,0,100,0.6,0.04,0.09,0.17,1.02,0.92,4.34,3.42,8.37,3.87,0.04,5.1,25.45,11.31,1.87,0.77,1.79,67,0.69,1.6,0.89,54,0.38,52,2.08,0.04,6.72,5.69,3.32,1.57,0.81,29.46,0.85,13,0.43,27,0.09,0,0,32.09,85,2.59,14,59,5.1,3.61,11,61,-24,34.57,1.36,0.15,0.17,21.76,99,4.35,1.57,0.04,0.04,0,0,0.85,0.89,0,0,0,0,0,27,71,3,49,49,3,22.98,24.11,0.96,97,1.13,21.97,23.48,0,0,0,0,0,,0,0,,0,0,0,0,0,0,17,6,1.52,11,0.04,0.04,0.01,-0.02,,0.06
Osvaldo González,Universidad Concepción,Primera División,2026,1776,Right Centre Back,Chile,42,09/08/84,0.05,0.05,0.02,0.07,0.35,14,29,0,,0.06,0,0,0,0,0,0,0,0,0,0.05,0.02,0.35,0.03,0.2,0.15,0.05,75,0.71,0,0.25,0.2,0.86,0.74,5.22,4.5,9.68,4.06,0.06,6.03,24.1,11.3,1.37,1.32,2.18,70,1.18,1.92,1.12,31,0.56,70,3.04,0.1,7.25,6.57,3.65,1.06,0.46,29.22,1.52,21,0.51,48,0.3,0,0,37.56,86,4.46,18,65,6.03,6.03,15,74,-12,32.27,2.18,0.17,0.18,28.69,99,4.96,2.18,0,0,0,0,0.76,0.76,0,,0,,0,30,67,3,58,42,0,23.84,22.07,0.94,99,-1.77,22.44,21.75,0,0,0,0,0,,0,0,,0,0,0,0,0,0,19,9,2.35,17,0.04,0.03,0.06,0,,0.13
Pablo Ezequiel Calderón,Deportivo Ñublense SADP,Primera División,2026,968,Right Centre Back,Argentina,28,12/05/98,0,0,0.04,0.05,0.93,0,20,0,,0.01,0,0,0,0,0,0,0,0,0,0,0.04,0.93,-0.04,0,0,0,,1.02,0,0.28,0.19,0.37,0.44,5.48,4.47,14.87,8.55,0.04,7.06,28.47,11.62,2.79,2.04,2.42,81,2.14,2.58,1.77,64,0.46,70,3.07,0.09,11.06,10.73,4.83,1.3,0.74,33.06,1.86,17,0.65,50,0.37,0.09,0.09,34.29,76,2.04,22,42,6.88,3.53,13,66,-10,39.68,2.51,0.18,0.18,24.25,98,3.4,2.32,0.28,0,0.28,0,1.58,1.58,0,0,0,0,0,35,62,3,48,44,8,22.66,24.22,0.91,91,1.56,20.6,22.05,0,0,0,0,0,,0,0,,0,0,0,0,0,0,26,5,2.29,16,0.03,0.03,0.01,-0.04,,0.03
Pablo Parra,Universidad Concepción,Primera División,2026,531,Left Defensive Midfielder,Chile,32,22/07/94,0,0,0.09,0.05,1.69,0,10,2,,0,0,0.05,1.35,0,0.03,1.02,0,0.02,0.34,0,0.14,3.05,-0.14,1.52,1.19,0.34,78,1.19,0,1.35,2.03,0.34,0.32,0.68,0.42,11.18,6.1,0.01,2.88,44.25,6.94,3.39,1.52,1.86,90,1.45,1.77,0.68,67,0.17,60,0.51,0,8.98,7.67,1.69,2.54,0.17,49.61,4.57,51,1.69,67,0.34,0,0,42,81,3.22,10,50,0.85,6.27,13,86,4,52.57,6.77,0.41,0.52,42.67,94,6.68,12.19,0.85,0.34,0.51,0.17,1.35,1.69,0,20,0.17,25,0.34,11,78,12,13,76,11,21.37,14.37,0.91,98,-7,19.44,14.11,0,0,0,0,0,,0,0,,0,0,0,0,0,0,20,9,4.91,40,-0.04,0.13,0.03,-0.05,,0.06
Pablo Rodríguez,Coquimbo Unido,Primera División,2026,616,Centre Attacking Midfielder,Chile,20,09/11/06,0.29,0.29,0.23,0.17,1.31,22,22,2,,0.27,0,0.03,0.15,0,0.03,0.15,0,0,0,0.29,0.26,1.46,0.03,2.19,1.31,0.88,60,2.04,0,2.63,5.4,0.29,0.32,0.73,0.73,29.2,11.68,0.02,7.3,58.34,8.47,5.84,2.19,2.48,79,2.5,2.82,1.75,50,0.58,36,0.58,0,25.55,27.16,6.42,7.45,2.04,59.37,17.37,68,6.57,88,0.44,0,0,31.24,79,2.04,12,82,1.75,1.46,28,81,1,57.64,4.38,0.46,0.5,33.73,81,4.39,10.37,1.02,0.88,0.15,0.29,3.5,4.38,0,14,0.29,50,0.58,21,68,11,27,65,8,17.02,16.8,1.01,103,-0.22,17.22,17.34,0,0,0,0,0,,0,0,,0,0,0,0,0,0,25,12,4.53,30,0.01,0,-0.02,0,,-0.02
Paolo Guajardo,Audax Italiano,Primera División,2026,1247,Right Wing Back,Chile,23,26/05/03,0,0,0.03,0.04,0.79,0,18,2,,0.04,0.14,0.17,1.01,0.14,0.16,0.87,0,0.02,0.14,0.14,0.2,1.81,-0.06,2.24,1.16,1.08,52,1.52,0,1.81,2.53,0.94,0.8,1.88,1.75,15.16,7.65,0.01,5.42,43.96,5.99,3.32,1.37,2.31,56,1.1,1.91,0.65,21,1.08,35,0.65,0,13.21,12.24,3.97,2.82,0.87,48.33,6.5,49,2.31,82,0.22,0,0,20.07,67,0.94,6,39,1.88,2.38,14,58,-10,56.68,1.95,0.21,0.3,21.16,82,5.66,5.34,0.65,0.43,0.22,0.29,1.23,1.66,0,44,0.72,37,0.29,23,61,15,19,66,15,17.84,14.02,0.94,106,-3.82,16.86,14.86,0,0,0,0,0,,0,0,,0,0,0,0,0,0,28,7,3.2,27,0.09,0.04,0.01,0,,0.15
Rafael Caroca,Huachipato,Primera División,2026,2034,Left Centre Back,Chile,37,18/07/89,0.04,0.04,0.1,0.16,0.62,7,29,0,,0.05,0,0,0.04,0,0,0.04,0,0,0,0.04,0.1,0.66,-0.06,0.04,0,0.04,0,0.58,0,0.09,0.27,1.15,1.11,4.96,4.3,8.67,4.12,0.05,5.22,23.14,11.2,1.64,1.24,2.39,76,1.26,2.37,0.8,59,0.4,57,2.66,0,6.64,6.04,3.1,0.84,0.35,27.83,0.93,14,0.18,21,0.13,0,0,32.57,87,1.73,11,66,5.49,2.08,12,72,-15,31.31,0.93,0.35,0.37,21.38,99,4.07,0.97,0,0,0,0,1.24,1.24,0,,0,,0,27,69,4,55,41,5,19.75,20.52,0.97,98,0.77,19.18,20.04,0,0,0,0,0,,0,0,,0,0,0,0,0,0,18,10,1.8,14,0.03,0.04,0.11,-0.05,,0.13
Rafael Delgado,La Serena,Primera División,2026,1476,Left Centre Back,Argentina,36,12/01/90,0.06,0.06,0.04,0.13,0.3,20,60,0,,0.07,0,0,0,0,0,0,0,0,0,0.06,0.04,0.3,0.02,0.24,0.24,0,100,0.67,0,0.24,0.37,1.1,0.84,6.59,5.26,11.95,6.83,0.07,6.89,23.55,12.99,1.95,1.65,2.74,68,1.48,2.31,0.79,45,0.79,56,2.44,0,9.51,8.11,4.45,1.4,0.61,30.1,1.46,15,0.43,30,0.06,0,0,38.48,73,5.37,72,50,8.23,9.15,13,55,-18,33.8,3.35,0.22,0.25,27.38,99,5.12,3.48,0.06,0.06,0,0,0.67,0.73,0.06,0,0,0,0,42,56,3,56,44,0,27.45,28.32,0.9,90,0.87,24.84,25.62,0,0,0,0,0,,0,0,,0,0,0,0,0,0,29,7,2.16,17,0.08,0.05,0.04,-0.03,,0.13
Raimundo Rebolledo,Audax Italiano,Primera División,2026,1253,Right Back,Chile,29,13/05/97,0,0,0.01,0.02,0.43,0,17,0,,0.03,0,0.08,0.86,0,0.07,0.72,0,0.01,0.14,0,0.09,1.29,-0.09,0.86,0.57,0.29,67,0.93,0,0.43,0.65,1.65,1.31,2.87,2.45,12.86,5.32,0.01,4.89,33.58,8.91,3.02,2.01,3.66,76,1.57,2.88,1.08,59,0.65,42,1.08,0,9.77,8.34,3.3,1.87,0.43,38.83,3.09,32,1.01,54,0.22,0,0,35.35,73,3.74,7,48,3.88,6.83,12,62,-11,46.91,4.96,0.2,0.24,27.59,96,3.97,7.69,1.51,0.86,0.65,0.29,0.5,1.37,0,38,0.72,32,0.29,35,57,9,44,52,4,23.74,23.58,0.9,88,-0.15,21.44,20.77,0,0,0,0,0,,0,0,,0,0,0,0,0,0,27,9,4.68,34,0.25,0.05,0,0,,0.3
Ramiro González,Everton,Primera División,2026,356,Right Centre Back,Argentina,36,20/11/90,0,0,0,,0,,,0,,0,0,0,0.51,0,0,0.51,0,0,0,0,0,0.51,0,0,0,0,,0,0,0,0,0.51,0.55,5.81,5.81,10.62,6.57,0.1,6.07,19.19,10.11,0.76,1.26,1.77,83,1.52,2.07,0.25,0,0.25,53,2.02,0,9.1,10.07,4.3,0.76,0,23.65,0.51,6,0,0,0,0,0,34.13,77,2.78,17,48,6.83,4.8,17,64,-13,34.98,3.03,0.18,0.18,23.76,100,6.05,2.78,0,0,0,0,0,0,0,,0,,0,34,65,1,55,45,0,24.46,23.54,0.96,105,-0.92,23.36,24.81,0,0,0,0,0,,0,0,,0,0,0,0,0,0,28,9,1.52,9,0.04,0.15,0.49,,,0.68
Ramón Martínez,Deportes Limache,Primera División,2026,1089,Centre Defensive Midfielder,Paraguay,30,03/01/96,0.08,0.08,0.01,0.17,0.08,100,100,0,,0.06,0,0.01,0.33,0,0.01,0.33,0,0,0,0.08,0.02,0.41,0.06,0.66,0.41,0.25,63,0.5,0,0.66,0.66,1.82,1.49,1.65,1.23,21.33,11.74,0.03,8.35,34.32,13.06,4.63,2.56,4.38,82,1.98,3.48,1.24,36,0.58,67,1.82,0.08,17.52,11.51,6.28,3.47,1.07,35.99,3.39,19,1.65,48,0.08,0,0,37.53,83,3.47,10,70,2.4,4.22,17,80,-3,45.56,3.31,0.31,0.31,26.04,96,5.13,4.71,0.17,0.17,0,0.08,0.33,0.5,0,0,0,0,0.08,22,71,8,39,60,2,21.19,20.56,0.98,100,-0.62,20.77,20.51,0,0,0,0,0,,0,0,,0,0,0,0,0,0,19,6,2.88,24,0.05,0.05,-0.05,0.05,,0.1
Renzo Mariano Malanca,Huachipato,Primera División,2026,979,Left Centre Back,Argentina,23,05/05/03,0.09,0.09,0.03,0.06,0.46,20,60,0,,0.05,0,0.01,0.18,0,0.01,0.18,0,0,0,0.09,0.04,0.64,0.06,0.09,0.09,0,100,0.92,0,0.37,0.09,1.29,1.07,5.61,4.22,11.77,5.33,0.07,6.44,23.47,9.93,2.02,1.56,2.85,94,1.38,2.46,0.55,100,0.09,66,2.3,0,9.65,8.02,3.49,0.92,0.37,28.6,1.1,11,0.37,40,0.09,0,0,35.95,73,3.31,14,46,7.26,5.52,19,68,-6,39.12,4.05,0.18,0.2,24.55,99,4.5,4.78,0.74,0.55,0.18,0.09,1.29,1.84,0,38,0.37,29,0.09,36,61,3,44,50,6,24.38,24.62,0.91,94,0.24,22.21,23.26,0,0,0,0,0,,0,0,,0,0,0,0,0,0,26,8,2.66,20,0.08,0.03,0.1,-0.02,,0.19
Robinson Manuel Rivera Zúñiga,Deportivo Ñublense SADP,Primera División,2026,1795,Left Defensive Midfielder,Chile,30,16/02/96,0.05,0.05,0.04,0.03,1.4,4,29,2,,0.02,0.05,0.03,0.75,0.05,0.03,0.75,0,0,0,0.1,0.07,2.16,0.03,0.4,0.3,0.1,75,0.85,0,0.95,1.05,0.5,0.41,1.5,1.18,20.71,11.78,0.01,7.02,42.37,10.43,6.07,2.31,2.81,67,1.77,2.18,0.85,31,1.15,56,0.95,0,17.55,13.91,5.56,4.36,1.5,44.92,6.67,38,2.61,60,0.15,0,0,40.26,77,2.91,82,55,2.46,4.31,20,67,-10,51.53,4.31,0.21,0.25,32.69,95,4.12,8.47,1.25,1.05,0.2,0.05,0.8,1.85,0.1,28,0.4,40,0.25,21,70,9,24,71,5,20.51,18.52,0.96,91,-1.99,19.62,16.94,0,0,0,0,0,,0,0,,0,0,0,0,0,0,26,9,3.71,28,0,0.08,0.04,-0.04,,0.08
Rodrigo Cabral,Audax Italiano,Primera División,2026,571,Right Wing,Argentina,26,07/08/00,0.16,0,0.1,0.07,1.42,0,22,2,100,0.1,0,0.03,0.79,0,0.02,0.63,0,0.01,0.16,0,0.13,2.21,-0.13,2.21,1.26,0.95,57,2.68,0,3.94,2.84,0.47,0.63,0.47,0.42,17.66,6.94,0,5.99,51.6,6.62,3.47,0.95,1.42,55,1.17,1.8,1.1,17,0.79,22,0.32,0,15.61,16.3,5.05,5.36,2.05,52.98,8.83,57,3.78,71,0.16,0,0,23.5,73,1.58,20,48,0.95,2.84,27,81,8,57.57,1.73,0.29,0.33,28.54,80,5.02,6.15,0.47,0.32,0.16,0,2.52,2.84,0,67,0.47,33,0.16,15,73,13,23,69,8,18.28,15.52,0.97,100,-2.76,17.7,15.51,0,0,0,0,0,,0,0,,0,0,0,0,0,0,23,8,3.97,32,-0.03,0.02,-0.01,-0.03,,-0.05
Rodrigo Cáseres,Unión La Calera,Primera División,2026,1109,Right Centre Back,Argentina,29,28/08/97,0.16,0.16,0.04,0.04,1.05,15,31,0,,0.07,0,0.01,0.08,0,0.01,0.08,0,0,0,0.16,0.05,1.14,0.11,0.08,0.08,0,100,0.57,0,0.16,0.41,0.97,1.16,3.81,3.93,7.22,3.73,0.07,4.63,22.08,8.28,1.38,1.05,2.03,62,1.28,2.44,0.73,30,0.65,54,2.03,0.08,5.52,5.9,2.27,1.22,0.49,27.61,0.65,12,0.32,27,0.16,0,0,48.29,86,4.3,11,56,4.54,6.98,11,72,-13,32.19,2.35,0.22,0.23,39.76,99,4.86,2.68,0.08,0.08,0,0.16,2.52,2.6,0,0,0,,0.16,25,72,3,45,55,0,25.43,22.94,0.92,101,-2.48,23.37,23.25,0,0,0,0,0,,0,0,,0,0,0,0,0,0,18,8,2.63,21,0.05,0.04,0.03,0.01,,0.13
Rodrigo Odriozola,Huachipato,Primera División,2026,407,Goalkeeper,Uruguay,38,30/08/88,0,0,0,,0,,,0,,0,0,0,0,0,0,0,0,0,0,0,0,0,0,0.22,0,0.22,0,0,0,0,0.22,0,0,0,0,0,0,0,8.62,2.75,1.55,0,0,0,,0,0,0,,0,,0,0,0,0,0,0,0,,0,,0,,0.22,0,0,15.91,84,6.63,11,65,1.77,8.4,9,70,-14,10.14,0.44,0.1,0.1,13.93,98,5.38,0,0,0,0,0,0,0,0,,0,,0,40,60,0,,,,33.82,41.65,0.86,99,7.84,28.94,41.13,1.55,1.31,-0.24,53,60,-7,1.28,3.32,25,13.48,1.73,0.22,0.22,16.71,1,19,5,0.49,3,0.03,-0.01,,,-0.13,-0.11
Rodrigo Sandoval,Cobresal,Primera División,2026,634,Left Back,Chile,25,20/01/01,0,0,0.01,0.03,0.57,0,25,1,,0.02,0,0.01,0.28,0,0.01,0.28,0,0,0,0,0.02,0.85,-0.02,1.85,1.14,0.71,62,0,0,1.7,1.42,1.85,1.02,1.99,1.34,20.45,10.37,0.02,7.39,30.01,6.39,1.7,2.7,4.54,83,1.77,2.79,0.99,56,0.57,38,0.43,0,16.76,11.6,5.54,2.56,0.57,31.7,3.55,21,1.28,50,0.28,0,0,30.39,73,3.55,80,66,2.56,4.83,13,61,-12,46.98,2.7,0.13,0.14,29.54,91,5.15,4.69,0.99,0.71,0.28,0,0.71,1.42,0,71,0.85,35,0,29,58,13,21,73,6,21.22,19.01,0.95,106,-2.21,20.18,20.21,0,0,0,0,0,,0,0,,0,0,0,0,0,0,30,9,2.7,20,0.04,0.2,0.08,-0.01,,0.31
Rodrigo Tapia,O'Higgins,Primera División,2026,315,Left Wing,Chile,21,06/09/05,0,0,0.01,0.01,0.86,0,33,2,,0.01,0,0.14,1.43,0,0.14,1.43,0,0,0,0,0.15,2.28,-0.15,1.71,0.86,0.86,50,0,0,1.43,2.28,0.29,0.23,0,0,11.7,3.71,0,4.56,42.8,5.13,2.28,1.14,1.43,100,1.21,1.44,0.57,100,0,0,0,0,9.98,9.74,4.56,2.85,0.86,42.38,4.28,43,2,70,0,0,0,31.67,61,0.86,91,27,0.57,2.57,17,47,-13,64.15,2.85,0.15,0.29,29.67,89,5.41,9.98,1.71,1.43,0.29,0,1.71,3.14,0,67,1.71,38,0,16,72,12,11,71,17,19.14,17.01,0.87,78,-2.13,16.59,13.25,0,0,0,0,0,,0,0,,0,0,0,0,0,0,32,8,3.74,27,0.06,0.07,0.01,-0.02,,0.13
Ronnie Fernández,Palestino,Primera División,2026,798,Centre Forward,Chile,35,29/01/91,0.23,0.23,0.3,0.1,2.93,8,27,6,,0.23,0.11,0.05,0.79,0.11,0.05,0.79,0,0,0,0.34,0.36,3.72,-0.02,0.34,0.34,0,100,1.58,0,1.92,2.14,0.23,0.29,1.02,0.81,12.86,4.74,0,4.51,59.27,4.74,2.93,0.79,1.02,100,0.56,0.85,1.69,,0,57,6.21,0,10.38,11.88,3.72,2.48,0.68,62.6,7.67,74,1.92,77,0.23,0,0,18.62,54,0.34,22,23,1.35,1.13,40,44,-9,61.81,1.24,0.33,0.52,12.52,83,3.83,5.19,0.34,0.34,0,0.45,7.67,8.01,0,0,0.34,50,0.56,28,57,15,22,61,17,16.46,15.41,0.84,75,-1.06,13.84,11.63,0,0,0,0,0,,0,0,,0,0,0,0,0,0,44,7,3.43,19,-0.03,-0.01,0,-0.05,,-0.09
Salvador Cordero,Coquimbo Unido,Primera División,2026,740,Left Defensive Midfielder,Chile,30,10/03/96,0,0,0.16,0.12,1.34,0,9,2,,0.02,0,0.05,0.61,0,0.05,0.61,0,0,0,0,0.21,1.95,-0.21,0.36,0.24,0.12,67,0.85,0,0.97,1.09,1.09,0.99,1.58,1.03,22.62,9.97,0.02,8.27,42.31,10.46,4.62,2.31,3.4,61,1.9,2.88,0.85,56,1.46,50,0.85,0,19.45,16.34,6.69,4.5,2.07,43.15,7.3,38,3.04,68,0.36,0,0,38.06,81,2.8,87,62,2.67,3.4,14,60,-21,52.9,4.86,0.38,0.46,32.1,95,5.02,9.97,0.49,0.49,0,0.12,2.31,2.8,0.12,25,0.24,33,0.12,24,67,9,29,61,10,19.12,20.45,0.96,100,1.33,18.45,20.55,0,0,0,0,0,,0,0,,0,0,0,0,0,0,25,10,4.37,35,0.04,0.11,-0.01,-0.02,,0.12
Santiago Fabián Silva Silva,Huachipato,Primera División,2026,1306,Right Defensive Midfielder,Uruguay,22,19/08/04,0.07,0.07,0.04,0.04,0.83,8,8,1,,0.04,0,0.06,0.55,0,0.06,0.55,0,0,0,0.07,0.1,1.38,-0.03,1.24,0.55,0.69,44,1.24,0,1.59,1.79,0.9,0.79,0.83,0.74,17.92,8.82,0.02,6.48,41.17,10.2,4.89,1.31,2.21,70,1.17,1.96,0.76,27,0.55,55,0.83,0,15.85,14.25,5.45,4.27,1.38,43.25,5.93,37,2.41,56,0,0,0,33.92,80,2.62,14,58,1.65,3.72,25,74,-7,48.11,4.83,0.23,0.28,31.5,91,5.62,7.1,0.76,0.76,0,0.07,0.69,1.45,0,18,0.21,27,0.14,19,73,8,33,60,7,19.69,18.72,0.95,98,-0.97,18.62,18.41,0,0,0,0,0,,0,0,,0,0,0,0,0,0,24,10,3.16,25,0.03,0.07,0.04,-0.01,,0.14
Santiago Ibraim Silva Azambuja,Universidad Concepción,Primera División,2026,799,Goalkeeper,Uruguay,27,10/05/99,0,0,0,,0,,,0,,0,0,0.03,0.11,0,0.03,0.11,0,0,0,0,0.03,0.11,-0.03,0.34,0.23,0.11,67,0,0,0,0.11,0,0,0,0,0.11,0,0,6.65,3.66,4.73,0,0,0,,0,0,0,,0,,0,0,0.11,0.14,0,0,0,3.82,0,0,0,,0.23,0,0,20.95,76,5.29,10,46,3.04,8.56,19,68,-8,12.15,0.45,0.2,0.2,19.49,99,5.34,0.45,0,0,0,0,0,0,0,,0,,0,42,58,0,100,0,0,36.52,39.36,0.78,82,2.84,28.49,32.21,1.46,1.73,0.27,67,61,6,1.42,4.39,38,11.6,2.34,0.11,0.11,20.59,2,27,7,1.21,8,0.05,0.09,,,0.22,0.36
Sebastián Andrés Díaz Aracena,La Serena,Primera División,2026,1021,Right Defensive Midfielder,Chile,30,25/02/96,0.09,0.09,0.01,0.03,0.35,25,25,1,,0.04,0.09,0.05,0.71,0.09,0.05,0.71,0,0,0,0.18,0.06,1.06,0.12,0.26,0.18,0.09,67,1.06,0,0.97,0.53,2.03,1.75,1.94,1.54,22.04,11.02,0.04,10.05,39.85,12.52,4.76,3.17,5.2,78,2.48,4.23,1.85,59,0.88,50,1.41,0,17.01,14.69,7.32,5.11,2.47,43.18,6.26,37,2.73,53,0.26,0.09,0.09,38.08,83,2.56,23,71,2.47,3.09,20,79,-4,44.89,3.53,0.39,0.4,28.47,95,5.02,5.82,0.35,0.35,0,0,0.09,0.44,0,25,0.09,100,0,29,63,8,42,56,2,18.26,18.35,0.95,93,0.09,17.42,17.03,0,0,0,0,0,,0,0,,0,0,0,0,0,0,22,8,3.29,25,0.04,0.06,0.11,0,,0.2
Sebastián Arancibia,Universidad Católica,Primera División,2026,837,Right Back,Chile,20,15/06/06,0,0,0,0.03,0.11,0,0,0,,0,0,0.09,1.08,0,0.09,1.08,0,0,0,0,0.1,1.18,-0.1,1.51,0.97,0.54,64,0.75,0,1.51,1.4,0.54,0.55,2.26,2.12,16.03,8.28,0.01,5.59,31.45,6.35,1.61,3.44,3.98,67,3.48,4.03,0.43,48,1.72,31,0.54,0,12.16,12.01,4.09,3.33,1.29,34.71,3.01,25,1.83,55,0.11,0,0,28.83,75,2.47,5,50,2.69,4.52,13,54,-21,51.55,3.12,0.16,0.23,26.68,92,5.22,7.96,1.72,1.29,0.43,0.11,0.86,2.15,0,31,0.97,35,0.22,29,58,13,26,54,20,20.72,16.9,0.93,103,-3.82,19.28,17.49,0,0,0,0,0,,0,0,,0,0,0,0,0,0,29,10,3.55,23,0.08,0.07,0.04,0,,0.18
Sebastián Cabrera,Coquimbo Unido,Primera División,2026,592,Left Back,Chile,28,15/03/98,0,0,0,0.01,0.46,0,0,0,,0,0,0.11,1.82,0,0.07,1.06,0,0.04,0.76,0,0.11,2.28,-0.11,1.52,1.06,0.46,70,1.06,0,0.61,1.67,0.91,0.85,1.98,1.56,12.31,6.23,0.03,3.49,35.58,11.85,6.23,1.37,2.28,60,1.31,2.15,1.06,55,0.91,56,0.76,0,9.88,7.74,2.28,2.28,0.46,40.75,3.65,37,1.67,73,0.3,0,0,42.39,69,4.41,88,40,2.43,10.64,11,61,-8,52.93,7.9,0.16,0.29,35.86,95,5.3,10.18,2.58,1.37,1.22,0.15,0.76,2.13,0,35,1.22,35,0.3,29,65,6,40,54,6,24.44,18.04,0.87,73,-6.4,21.29,13.09,0,0,0,0,0,,0,0,,0,0,0,0,0,0,28,9,5.53,39,0.19,0.09,-0.03,-0.02,,0.22
Sebastián Galani,Coquimbo Unido,Primera División,2026,1449,Left Defensive Midfielder,Chile,29,16/08/97,0.06,0.06,0.07,0.1,0.68,9,27,1,,0.07,0,0.02,0.31,0,0.02,0.31,0,0,0,0.06,0.09,0.99,-0.03,0.75,0.43,0.31,58,1.74,0,2.05,1.3,0.81,0.89,0.81,0.63,25.22,12.73,0.05,9.07,47.22,12.05,5.78,2.79,3.6,70,2.89,3.78,1.3,30,1.18,51,1.3,0,21.12,19.98,7.52,6.09,2.3,48.65,9.94,47,4.29,70,0.31,0,0,39.56,83,3.48,19,67,1.61,4.35,19,75,-8,51.53,4.66,0.55,0.57,32.92,91,4.86,9.5,0.75,0.75,0,0.12,1.12,1.86,0.06,25,0.19,43,0.31,21,69,10,24,68,8,20.38,17.63,0.97,102,-2.75,19.78,17.98,0,0,0,0,0,,0,0,,0,0,0,0,0,0,21,9,4.44,28,0.01,0.04,0.05,0.03,,0.13
Sebastián Gallegos,Palestino,Primera División,2026,1842,Left Centre Midfielder,Uruguay,34,17/01/92,0.1,0.1,0.08,0.04,2.2,4,33,2,,0.14,0.1,0.12,1.76,0.05,0.05,0.93,0.05,0.06,0.83,0.2,0.2,3.96,0,1.12,0.59,0.54,52,1.47,0,1.22,1.51,0.44,0.31,1.47,1.42,13.83,7.72,0.01,4.54,44.48,8.85,4.4,1.76,2.2,73,1.85,2.16,0.68,32,0.64,47,0.44,0,11.44,12.33,3.81,3.23,0.83,48.48,5.52,48,2.2,68,0.24,0.05,0,40.76,78,5.57,11,58,2.3,8.8,13,78,-1,53.73,8.16,0.36,0.42,36.31,94,5.36,11.53,1.76,0.59,1.17,0.2,1.37,1.95,0,8,0.15,17,0.34,22,67,11,29,67,4,23.27,17.93,0.93,101,-5.34,21.62,18.16,0,0,0,0,0,,0,0,,0,0,0,0,0,0,18,6,6.7,44,0.07,0.09,0.06,-0.03,,0.19
Sebastián Mella,Huachipato,Primera División,2026,436,Goalkeeper,Chile,21,30/07/05,0,0,0,,0,,,0,,0,0,0,0,0,0,0,0,0,0,0,0,0,0,0,0,0,,0,0,0,0,0,0,0,0,0,0,0,7.23,2.29,3.51,0,0,0,,0,0,0,,0,,0,0,0,0,0,0,0,,0,,0,,0.41,0,0,16.52,69,7.43,1,47,2.89,13.01,13,71,1,12,2.48,0.06,0.06,14.25,100,5.96,0.83,0.21,0,0.21,0,0,0,0,0,0,,0,52,48,0,100,0,0,47.48,54.11,0.77,87,6.63,36.53,47.06,1.03,0.97,-0.06,71,72,-2,1.16,3.51,33,10.74,1.31,0.21,0.21,15.65,1,31,8,1.78,13,0.09,0.06,,,-0.22,-0.07
Sebastián Pérez,Palestino,Primera División,2026,2106,Goalkeeper,Chile,36,01/12/90,0,0,0,,0,,,0,,0,0,0,0,0,0,0,0,0,0,0,0,0,0,0,0,0,,0.17,0,0,0,0,0,0,0,0.38,0.21,0,6.67,3.39,4.91,0,0.09,0.09,67,0.07,0.07,0.04,75,0.04,,0,0.13,0.26,0.2,0.13,0.09,0.04,44.57,0.09,33,0.04,50,0.17,0,0,21.16,74,8.38,15,53,2.95,12.99,16,61,-12,11.54,1.75,0.19,0.19,18.72,100,6.07,1.07,0.17,0.13,0.04,0,0.04,0.17,0,0,0,,0,51,49,0,100,0,0,42.85,43.89,0.82,83,1.04,35.08,36.55,1.03,1.19,0.16,72,68,4,0.97,3.68,33,11.07,1.94,0.21,0.21,18.24,-1,26,2,1.74,11,0.11,0.08,-0.03,,0.06,0.22
Sebastián Sáez,Unión La Calera,Primera División,2026,1572,Right Centre Forward,Argentina,41,23/01/85,0.46,0.29,0.26,0.11,2.35,12,34,4,100,0.34,0.06,0.02,0.4,0.06,0.02,0.4,0,0,0,0.34,0.28,2.75,0.06,0.63,0.29,0.34,45,0.69,0,1.32,2.18,0.23,0.19,1.26,1.4,19.46,9.45,0,6.35,58.36,5.32,3.09,1.32,1.55,68,1.32,1.51,0.8,27,0.63,54,3.43,0,17.35,18.08,5.21,3.95,1.03,62.47,12.36,71,2.69,68,0.06,0,0,23.81,61,2.06,13,62,1.95,2.63,28,47,-13,56.13,2.29,0.34,0.5,15.74,86,3.87,5.9,0.69,0.69,0,0.23,6.58,7.27,0.06,8,0.11,25,0.46,19,67,14,19,70,11,19.43,16.66,1.06,118,-2.77,20.65,19.6,0,0,0,0,0,,0,0,,0,0,0,0,0,0,36,7,3.22,25,-0.02,0.02,0.01,-0.03,,-0.03
Sebastián Valencia,Deportivo Ñublense SADP,Primera División,2026,1542,Left Centre Back,Chile,26,12/02/00,0.18,0.18,0.03,0.07,0.47,38,63,0,,0.1,0,0.03,0.35,0,0.03,0.35,0,0,0,0.18,0.06,0.82,0.11,0.12,0.06,0.06,50,0.29,0,0.06,0.18,1.75,1.54,5.2,4.36,9.4,4.5,0.03,4.44,25.59,9.57,1.87,1.11,2.86,76,0.82,2.36,0.82,25,0.35,66,2.34,0.06,7.47,6.5,2.74,1.05,0.53,28.85,1.17,16,0.53,50,0.23,0,0.06,36.78,75,4.5,89,50,6.66,7.59,11,57,-18,39.46,3.5,0.26,0.3,27.15,99,4.7,3.62,0.23,0.12,0.12,0.12,0.88,0.99,0,50,0.18,38,0.06,38,60,2,39,60,2,25.73,27.19,0.88,93,1.46,22.59,25.4,0,0,0,0,0,,0,0,,0,0,0,0,0,0,28,8,2.62,18,0.07,0.06,0.03,0.02,,0.18
Steffan Pino,Cobresal,Primera División,2026,1749,Centre Forward,Chile,32,25/02/94,0.36,0.31,0.25,0.07,3.4,9,27,4,50,0.16,0.05,0.11,1.44,0.05,0.11,1.44,0,0,0,0.36,0.37,4.84,-0.01,1.13,0.82,0.31,73,1.49,0.05,2.42,3.65,0.1,0.04,0.82,0.53,15.85,6.69,0.02,2.68,62,2.78,1.9,0.57,0.67,65,0.5,0.54,1.96,25,0.31,55,2.98,0,13.33,10.6,2.42,3.55,0.77,65.44,10.55,79,3.09,87,0.36,0,0,21.15,76,1.75,11,74,1.29,1.9,27,63,-14,61.93,2.57,0.33,0.54,22.18,79,4.89,8.28,0.87,0.87,0,0.67,7.26,8.13,0.15,0,0.1,67,0.98,15,69,16,14,75,11,17.53,15.21,1.02,100,-2.32,17.85,15.23,0,0,0,0,0,,0,0,,0,0,0,0,0,0,24,8,4.06,26,-0.04,-0.01,0.01,-0.15,,-0.19
Thiago Vecino,O'Higgins,Primera División,2026,763,Centre Forward,Uruguay,27,24/02/99,0.47,0.35,0.34,0.14,2.48,14,52,6,100,0.49,0.12,0.03,0.71,0.12,0.03,0.71,0,0,0,0.47,0.37,3.18,0.1,0.35,0.24,0.12,67,0.24,0,1.77,2,0.47,0.41,0.71,0.99,14.26,5.78,0.01,2.36,61.83,3.65,2.24,0.12,0.59,13,0.15,0.56,1.3,0,0.83,38,3.07,0,12.85,14.59,2.12,2.71,0.35,65.39,9.55,74,2.36,87,0.24,0,0,16.86,63,0.83,73,44,1.06,1.53,31,63,-1,58.29,0.59,0.41,0.51,12.85,78,3.52,5.07,0.35,0.35,0,0.71,7.31,7.66,0,0,0,0,0.83,17,65,18,21,63,16,17.73,14.51,0.99,90,-3.21,17.54,13.01,0,0,0,0,0,,0,0,,0,0,0,0,0,0,33,8,3.57,24,-0.08,-0.06,0.02,0.27,,0.14
Tiago Hernández,Deportes Limache,Primera División,2026,484,Right Defensive Midfielder,Uruguay,24,10/05/02,0.19,0.19,0.04,0.1,0.37,50,50,1,,0.02,0,0.02,0.74,0,0.02,0.74,0,0,0,0.19,0.06,1.12,0.13,0.56,0.19,0.37,33,0.56,0,0.37,0.74,0.56,0.46,3.35,1.99,19.16,9.67,0.07,6.33,38.37,10.6,3.72,1.86,2.42,71,1.19,1.66,2.05,0,0.74,72,2.42,0,15.25,8.29,4.65,3.53,1.12,43.81,6.14,40,2.6,74,0.37,0,0,23.63,71,0.93,9,38,4.09,1.67,20,54,-17,46.51,2.05,0.04,0.07,15.25,94,3.82,4.28,0.37,0.37,0,0,0.74,1.12,0,50,0.19,100,0,31,64,5,48,48,4,19.72,21.68,0.92,79,1.96,18.13,17.12,0,0,0,0,0,,0,0,,0,0,0,0,0,0,31,9,2.1,16,0.04,0.1,0.15,-0.02,,0.27
Tomás Ahumada,Audax Italiano,Primera División,2026,2237,Goalkeeper,Chile,25,23/06/01,0,0,0,,0,,,0,,0,0,0,0.04,0,0,0.04,0,0,0,0,0,0.04,0,0.04,0.04,0,100,0.2,0,0,0.08,0,0,0.04,0.04,0,0,0,7.08,2.26,3.62,0,0,0,,0,0,0,,0,,0,0.08,0,0,0,0,0,,0,,0,,0.08,0,0,24.26,75,6.03,22,45,3.58,10.02,20,59,-16,9.71,0.52,0.16,0.16,21.4,100,4.64,0.28,0,0,0,0,0,0,0,,0,,0,34,66,0,100,0,0,36.01,39.94,0.76,72,3.92,27.44,28.84,1.09,0.89,-0.19,66,72,-6,0.9,3.18,30,10.62,1.7,0.12,0.12,17.76,-1,20,3,1.34,10,0.07,0.07,0,,-0.22,-0.09
Tomás Alarcón Vergara,Colo Colo,Primera División,2026,1550,Right Defensive Midfielder,Chile,27,18/01/99,0,0,0.02,0.03,0.81,0,21,1,,0.02,0.17,0.14,1.92,0.17,0.07,1.28,0,0.07,0.64,0.17,0.17,2.73,0.01,0.52,0.35,0.17,67,0.29,0,1.39,0.75,0.58,0.89,1.34,2.03,16.32,8.19,0.05,6.68,44.95,9.29,4.47,2.26,2.85,80,3.23,4.11,1.86,36,0.58,50,0.87,0.12,12.37,17.81,4.65,4.47,1.74,49.02,6.33,51,2.96,66,0.29,0.06,0,66.13,83,6.56,9,59,2.32,10.22,13,81,-2,52.47,8.59,0.55,0.59,56.32,97,3.79,15.5,2.38,0.93,1.45,0.06,0.52,1.45,0,15,0.35,21,0.17,15,76,9,21,76,3,21.89,18.88,0.93,96,-3.01,20.35,18.2,0,0,0,0,0,,0,0,,0,0,0,0,0,0,17,6,8.84,53,0.08,0.06,0.02,-0.02,,0.14
Tomás Pablo Astaburuaga Montoya,Universidad Católica,Primera División,2026,455,Right Back,Chile,30,10/10/96,0,0,0,0.02,0.2,0,0,0,,0,0,0.07,0.99,0,0.07,0.99,0,0,0,0,0.08,1.19,-0.08,0.4,0.4,0,100,1.19,0,0.99,0.2,0.59,0.91,1.19,1.61,14.84,7.12,0.04,3.56,43.74,9.3,2.57,0.99,1.58,45,1.1,2.01,0.79,17,1.19,63,0.99,0,13.06,17.9,2.97,2.77,0.79,49.39,6.93,53,2.37,86,0.2,0,0,35.62,82,3.17,12,57,1.78,4.95,13,67,-15,52.34,5.14,0.3,0.35,28.49,97,4.49,9.1,2.77,2.77,0,0,0.99,3.76,0,57,1.58,40,0.2,25,63,12,43,48,9,21.11,19.27,0.9,89,-1.83,19.06,17.1,0,0,0,0,0,,0,0,,0,0,0,0,0,0,31,17,6.61,37,0.15,0.05,-0.01,-0.01,,0.18
Valentín Antonio Vidal Tapia,Everton,Primera División,2026,1274,Right Centre Back,Chile,22,11/05/04,0,0,0.02,0.14,0.14,0,0,0,,0,0,0.01,0.21,0,0.01,0.21,0,0,0,0,0.03,0.35,-0.03,0.21,0.14,0.07,67,0.14,0,0.21,0.42,0.92,0.98,4.24,4.28,10.1,5.16,0.03,6.5,24.36,9.19,1.34,1.41,2.33,87,1.27,2.24,0.42,57,0.21,47,1.41,0,8.41,8.07,4.45,1.55,0.92,28.34,1.2,14,0.57,36,0.21,0,0,34.27,83,3.67,10,57,5.58,5.09,12,65,-18,37.53,1.48,0.27,0.28,25.22,98,3.33,2.83,0.35,0.28,0.07,0.07,0.92,1.2,0,60,0.28,57,0.07,32,64,4,20,70,10,23.49,25.46,0.93,87,1.96,21.79,22.24,0,0,0,0,0,,0,0,,0,0,0,0,0,0,21,10,2.64,17,0.06,0,0.15,-0.03,,0.19
Vicente Bernedo,Universidad Católica,Primera División,2026,1927,Goalkeeper,Chile,25,21/01/01,0,0,0,,0,,,0,,0,0.05,0,0.05,0,0,0,0.05,0,0.05,0.05,0,0.05,0.05,0,0,0,,0.37,0,0,0,0,0,0,0,0.19,0.09,0,6.07,2.78,5.09,0.05,0.05,0.05,100,0.08,0.08,0,100,0,,0,0.05,0.14,0.15,0.05,0,0,12.58,0,0,0,,0.05,0,0,24.43,78,7.8,14,54,2.34,12.19,15,65,-13,10.46,1.54,0.19,0.19,21.58,100,4.3,0.75,0.05,0,0.05,0,0,0,0,0,0,,0,42,58,0,100,0,0,38.6,41.15,0.8,78,2.55,30.92,32.09,1.07,0.96,-0.12,69,73,-3,0.86,3.5,36,9.67,1.99,0.05,0.05,17.54,-1,19,2,1.97,13,0.09,0.1,0,,-0.18,0.01
Vicente Espinoza,Palestino,Primera División,2026,1829,Right Centre Back,Chile,23,13/11/03,0.05,0.05,0.03,0.09,0.34,14,43,0,,0.04,0.05,0.01,0.2,0.05,0.01,0.2,0,0,0,0.1,0.04,0.54,0.06,0.15,0.15,0,100,0.39,0.05,0.25,0.25,1.18,1.32,5.56,5.12,8.17,3.79,0.04,3.64,25.29,10.33,1.62,1.13,2.31,85,1.22,2.53,0.49,60,0.2,56,1.62,0.1,6.54,6.92,2.12,0.98,0.3,29.68,1.08,17,0.39,40,0.2,0,0,43.16,84,5.46,8,58,6.84,8.07,10,57,-27,36.71,3.49,0.29,0.33,35.43,99,3.96,3.84,0.25,0.25,0,0.05,0.93,1.18,0.05,20,0.05,33,0.05,29,66,4,44,55,1,25.77,27.96,0.93,97,2.18,23.91,26.98,0,0,0,0,0,,0,0,,0,0,0,0,0,0,21,7,3.23,20,0.08,0.06,0.04,0,,0.18
Vicente Fernández,Everton,Primera División,2026,1046,Left Back,Chile,27,16/02/99,0,0,0.01,0.02,0.43,0,20,0,,0.01,0.09,0.04,0.52,0.09,0.04,0.52,0,0,0,0.09,0.05,0.95,0.04,0.69,0.52,0.17,75,0.34,0,0.69,1.03,0.77,0.76,2.75,2.36,11.35,6.11,0.01,4.64,30.76,7.57,1.98,1.63,2.41,73,1.39,2.15,0.95,45,0.6,43,0.77,0,8.77,7.47,3.27,1.89,0.69,33.91,1.72,20,0.77,41,0.17,0,0.09,32.34,75,3.53,79,55,3.96,5.16,11,77,2,49.39,4.99,0.22,0.24,27.87,96,5.81,7.22,0.69,0.43,0.26,0.09,0.69,1.12,0.09,25,0.6,30,0.26,39,53,9,37,51,12,21.83,24.71,0.9,97,2.87,19.62,23.9,0,0,0,0,0,,0,0,,0,0,0,0,0,0,29,11,4.52,33,0.12,0.06,-0.03,-0.01,,0.14
Vicente Lavín,Unión La Calera,Primera División,2026,371,Left Centre Back,Chile,23,13/02/03,0,0,0,,0,,,0,,0,0,0,0,0,0,0,0,0,0,0,0,0,0,0.48,0.48,0,100,0.24,0,0.24,0,0.73,0.62,4.36,3.34,12.61,5.58,0.05,5.33,25.13,14.3,1.45,1.21,1.94,56,1.04,1.65,1.21,40,0.97,55,1.45,0,10.18,8,3.88,2.18,0.48,30.45,1.21,12,0.73,33,0.24,0,0,40.73,74,4.36,7,45,6.3,7.76,15,62,-12,31.94,2.91,0.13,0.13,30.55,99,3.94,2.91,0.24,0.24,0,0,0,0.24,0,0,0,,0,31,67,3,42,58,0,27.21,28.3,0.87,76,1.09,23.63,21.54,0,0,0,0,0,,0,0,,0,0,0,0,0,0,24,7,1.31,11,0.05,0.05,-0.01,,,0.09
Vicente Vega,Everton,Primera División,2026,320,Right Back,Chile,22,05/05/04,0,0,0.05,0.08,0.56,0,0,0,,0,0,0,0,0,0,0,0,0,0,0,0.05,0.56,-0.05,0.56,0.56,0,100,1.41,0,0.56,1.41,0.28,0.3,1.97,2.08,18.01,8.73,0,8.44,28.04,8.16,1.69,3.1,3.38,73,3.48,3.78,1.41,50,1.13,50,1.41,0,13.51,14,5.35,1.97,0.56,29.15,1.69,13,1.13,57,0.28,0,0,34.9,77,2.53,15,47,2.25,5.07,12,72,-4,48.58,3.94,0.09,0.09,30.96,95,4.78,6.47,0.56,0.28,0.28,0,1.13,1.41,0,0,0,0,0.28,35,56,9,48,43,9,20.15,19.6,0.92,109,-0.55,18.49,21.39,0,0,0,0,0,,0,0,,0,0,0,0,0,0,32,16,2.84,26,0.04,0.06,-0.02,-0.04,,0.03
Vicente Zenteno,Audax Italiano,Primera División,2026,533,Right Defensive Midfielder,Chile,19,24/09/07,0.17,0.17,0.07,0.05,1.35,13,13,2,,0.14,0,0.01,0.34,0,0.01,0.34,0,0,0,0.17,0.08,1.69,0.09,0.68,0.17,0.51,25,0.51,0,1.35,1.69,1.01,1.01,2.53,2.66,19.58,12.83,0,6.41,43.6,9.28,4.73,3.54,4.56,78,3.53,4.54,0.84,58,1.01,50,0.68,0,15.19,15.46,5.4,5.06,2.19,46.5,6.58,43,3.54,70,0,0,0,42.53,83,4.22,52,68,3.21,5.57,13,85,3,53.27,5.91,0.4,0.41,39.33,94,4.93,12.66,0,0,0,0.51,2.19,2.19,0,,0.34,33,0.68,17,69,13,21,71,8,20.96,20.27,0.95,104,-0.69,20.01,20.98,0,0,0,0,0,,0,0,,0,0,0,0,0,0,21,7,6.28,41,0,0.06,0.04,-0.06,,0.04
Vicente Álvarez,Deportes Limache,Primera División,2026,616,Right Wing,Chile,20,13/12/06,0.44,0.44,0.29,0.22,1.32,33,56,3,,0.33,0,0.07,1.02,0,0.07,1.02,0,0,0,0.44,0.36,2.34,0.08,0.73,0.58,0.15,80,0.73,0,2.63,3.22,1.02,0.93,1.17,0.79,14.62,7.31,0,4.82,48.78,5.12,2.63,1.46,2.49,67,1.12,2.05,0.88,44,0.73,29,0.88,0,12.28,10.7,4.09,4.09,2.05,54.04,6.58,54,3.51,86,0,0,0,19.01,71,0.58,7,44,1.46,1.02,21,54,-18,65.97,2.34,0.35,0.54,21.49,81,6.67,9.21,1.02,1.02,0,0.15,3.8,4.82,0,29,0.29,20,0.58,21,61,18,21,62,17,16.33,14.59,0.96,100,-1.74,15.64,14.53,0,0,0,0,0,,0,0,,0,0,0,0,0,0,36,12,4.17,33,0.04,0.09,0.08,0.17,,0.38
Víctor Méndez,Colo Colo,Primera División,2026,2071,Left Defensive Midfielder,Chile,27,22/09/99,0.09,0.04,0.06,0.07,0.87,5,30,1,100,0.07,0.17,0.18,2.56,0.13,0.14,2.35,0.04,0.04,0.22,0.22,0.24,3.43,-0.02,0.57,0.48,0.09,85,0.61,0,1.22,1.04,0.7,0.95,0.48,0.63,10.21,5.82,0.01,3.91,49.39,10.08,5.82,1.48,2.17,74,2.3,3.24,0.78,33,0.52,39,0.3,0.04,8.04,11.49,3.09,2.56,1.09,50.92,4,50,1.7,66,0.13,0,0,64.85,87,4.78,10,72,1.09,6,12,84,-4,53.88,10.3,0.73,0.83,55.77,97,5.52,20.56,1.78,1.61,0.17,0.13,1.43,3.04,0.17,5,0.3,35,0.22,15,76,9,19,72,9,19.4,17.6,0.98,100,-1.81,19,17.56,0,0,0,0,0,,0,0,,0,0,0,0,0,0,14,7,10.16,59,0.08,0.09,0.04,0,,0.21
Yahir Aaron Salazar Mondaca,La Serena,Primera División,2026,1517,Left Back,Chile,21,18/01/05,0,0,0.01,0.05,0.3,0,60,0,,0.06,0,0.03,0.59,0,0.03,0.59,0,0,0,0,0.05,0.89,-0.05,1.48,0.71,0.77,48,0.53,0,0.36,1.42,1.01,0.79,2.25,1.6,18.33,10.02,0.03,6.82,31.52,7.53,2.61,2.73,3.74,74,2.34,3.13,0.83,36,0.95,56,1.07,0,14.77,12.12,5.04,2.25,0.71,35.5,4.09,28,1.48,66,0.06,0,0.06,25.03,67,1.54,76,36,2.79,3.8,15,58,-9,47.37,2.55,0.17,0.21,19.93,92,4.32,4.03,0.53,0.3,0.24,0,0.47,0.77,0,11,0.12,9,0,36,55,9,28,57,15,20.32,17.95,0.86,87,-2.37,17.48,15.65,0,0,0,0,0,,0,0,,0,0,0,0,0,0,36,11,3.1,24,0.05,0.03,0.06,0.02,,0.16
Yerco Abraham Oyanedel Hernández,Universidad Concepción,Primera División,2026,1738,Left Back,Chile,26,18/09/00,0,0,0.01,0.03,0.47,0,11,1,,0,0.1,0.15,1.29,0.1,0.13,1.09,0,0.02,0.21,0.1,0.16,1.76,-0.06,0.41,0.16,0.26,38,0.1,0,0.26,0.57,0.72,0.72,2.9,2.62,8.8,4.4,0.03,4.19,32.86,7.46,2.8,0.78,1.5,63,0.65,1.37,0.41,33,0.47,58,0.98,0,7.61,7.12,2.38,1.5,0.41,38.65,2.38,31,0.83,55,0.1,0,0,36.24,76,3.52,88,49,3.83,6.32,13,66,-10,52.28,4.25,0.35,0.4,28.73,97,3.53,9.73,1.71,1.35,0.36,0,0.88,2.23,0,58,1.14,42,0.1,30,62,9,29,63,8,21.94,20.3,0.9,92,-1.64,19.69,18.59,0,0,0,0,0,,0,0,,0,0,0,0,0,0,25,9,4.72,34,0.22,0.04,0.05,-0.02,,0.3
Yerko González,Deportes Limache,Primera División,2026,1155,Right Back,Chile,25,19/08/01,0.16,0.16,0.07,0.12,0.62,25,63,0,,0.16,0,0.01,0.16,0,0.01,0.16,0,0,0,0.16,0.08,0.78,0.07,0.7,0.62,0.08,89,0.47,0,0.39,0.55,1.25,0.85,4.28,3.31,9.27,4.21,0.07,4.99,26.25,8.1,2.1,1.4,2.65,86,1.04,1.88,0.47,67,0.23,61,1.56,0,7.4,4.96,3.35,1.09,0.55,30.31,1.32,18,0.55,50,0.08,0,0.16,37.86,79,4.83,10,56,5.14,7.71,11,74,-5,46.93,4.83,0.36,0.38,31.31,99,5.11,6.62,1.09,0.39,0.7,0.08,1.32,1.71,0,21,0.23,18,0,31,61,8,32,61,7,24,22.11,0.93,90,-1.89,22.3,20.01,0,0,0,0,0,,0,0,,0,0,0,0,0,0,22,7,3.3,27,0.12,0.1,0.11,0.02,,0.36
Yerko Leiva,Unión La Calera,Primera División,2026,726,Left Defensive Midfielder,Chile,28,13/06/98,0,0,0.04,0.06,0.74,0,0,1,,0,0,0.02,0.62,0,0.02,0.62,0,0,0,0,0.06,1.36,-0.06,0.37,0.37,0,100,1.36,0,1.36,1.24,0.74,0.71,0.5,0.59,19.58,9.91,0.02,5.82,44.23,8.67,5.33,2.11,2.85,68,2.44,3.14,1.36,11,0.99,11,0.12,0,16.11,17.81,4.96,4.59,1.49,46.6,7.06,44,2.97,65,0.5,0,0,44.99,83,4.46,11,68,0.99,6.07,20,84,2,50.57,7.68,0.27,0.29,39.53,96,4.45,11.65,0.5,0.5,0,0,1.12,1.61,0,0,0.12,14,0,24,65,11,35,57,7,21.11,16.3,0.97,104,-4.81,20.49,16.92,0,0,0,0,0,,0,0,,0,0,0,0,0,0,18,7,5.81,44,0.02,0.04,0,-0.04,,0.02
Yonatan Alexis Rodríguez Benítez,Deportes Concepcion,Primera División,2026,1139,Right Defensive Midfielder,Uruguay,33,30/06/93,0,0,0.05,0.06,0.87,0,9,1,,0,0,0.01,0.47,0,0.01,0.39,0,0,0.08,0,0.06,1.34,-0.06,0.79,0.47,0.32,60,1.42,0,1.11,1.11,1.03,1,1.82,1.36,21.49,11.06,0.02,8.14,37.98,11.37,3.71,2.92,3.95,74,2.65,3.65,1.5,52,1.03,59,1.26,0,17.06,13.99,6.64,4.03,1.74,41.36,4.9,29,1.74,43,0.24,0,0,33.81,75,2.53,15,46,2.69,4.58,19,70,-5,47.23,3.08,0.18,0.21,28.52,93,4.56,5.45,0.79,0.71,0.08,0,1.11,1.82,0,20,0.16,18,0,24,70,6,29,62,9,21.47,19.66,0.93,94,-1.81,19.94,18.45,0,0,0,0,0,,0,0,,0,0,0,0,0,0,25,8,4.17,25,0,0.06,0.05,-0.05,,0.06
Yonathan Andía,Unión La Calera,Primera División,2026,714,Right Defensive Midfielder,Chile,34,05/08/92,0,0,0.01,0.02,0.38,0,33,0,,0,0,0.04,0.76,0,0.04,0.76,0,0,0,0,0.05,1.13,-0.05,0.76,0.38,0.38,50,0.88,0,1.26,1.64,1.51,1.56,0.38,0.45,12.6,6.8,0.02,4.16,39.62,11.34,6.05,0.88,2.39,50,0.82,2.38,0.88,50,0.88,33,0.5,0,10.83,8.2,3.4,2.14,0.5,41.03,4.03,37,1.26,59,0.25,0,0,41.07,81,3.78,12,71,1.13,4.53,16,71,-10,48.87,5.16,0.2,0.22,33.38,93,4.86,9.32,1.26,1.01,0.25,0.25,0.63,1.64,0,20,0.38,33,0,27,65,8,36,59,4,21.31,19.74,0.97,106,-1.56,20.69,20.84,0,0,0,0,0,,0,0,,0,0,0,0,0,0,18,8,3.87,38,0.05,0.06,0.05,-0.01,,0.14
Álvaro Madrid,Colo Colo,Primera División,2026,1456,Right Defensive Midfielder,Chile,31,04/04/95,0.31,0.31,0.14,0.08,1.67,19,33,2,,0.23,0.25,0.16,1.17,0.25,0.16,1.17,0,0,0,0.56,0.3,2.84,0.26,1.05,0.68,0.37,65,1.42,0,1.42,1.36,0.12,0.13,0.56,0.73,14.96,7.42,0.01,5.69,50.38,7.79,3.89,1.42,1.55,62,2.06,2.2,0.87,20,0.87,30,0.56,0,12.67,18.65,4.64,3.52,1.17,50.51,6.18,49,2.47,70,0.06,0,0,40.99,80,2.16,7,57,1.11,3.21,17,75,-5,54.43,5.44,0.46,0.66,38.27,94,4.12,12.36,0.99,0.99,0,0.31,3.34,4.33,0.37,38,0.56,30,0.49,20,70,11,22,69,10,18.51,16.34,0.96,102,-2.17,17.76,16.69,0,0,0,0,0,,0,0,,0,0,0,0,0,0,21,9,6.55,36,0.01,0.07,0.04,0.04,,0.16
Ángelo Henríquez,La Serena,Primera División,2026,456,Centre Forward,Chile,32,12/04/94,0.59,0.59,0.52,0.19,2.76,21,36,4,,0.59,0.2,0.2,1.18,0.2,0.2,0.99,0,0,0.2,0.79,0.72,3.95,0.07,0.39,0,0.39,0,0.99,0,2.96,2.76,0.2,0.25,1.18,0.71,26.05,9.47,0.04,5.33,59.18,3.55,1.78,0.99,1.18,83,0.74,0.99,0.99,0,0.2,45,2.76,0,24.28,18.95,4.34,4.74,1.18,62.65,18.75,77,4.54,96,0,0,0,18.95,63,0,46,0,1.38,0.59,35,66,2,62.33,0.59,0.24,0.8,17.17,77,4.73,5.33,0.39,0.39,0,0.39,6.32,6.71,0,0,0.39,50,0.79,17,64,19,7,78,15,14.71,12.3,0.86,104,-2.41,12.63,12.81,0,0,0,0,0,,0,0,,0,0,0,0,0,0,41,9,3.04,24,0.02,0.01,0.03,0.27,,0.34
Érick Wiemberg Higuera,Colo Colo,Primera División,2026,586,Left Centre Back,Chile,32,19/06/94,0,0,0.09,0.07,1.23,0,13,1,,0.03,0.15,0.08,0.61,0.15,0.08,0.61,0,0,0,0.15,0.17,1.84,-0.01,0.61,0.31,0.31,50,0,0,0.31,1.38,1.07,1.86,1.07,1.64,11.82,5.53,0.05,5.83,31.92,10.9,4.91,1.54,2.61,63,2.32,4.18,0.61,44,0.92,67,1.84,0,9.67,15.93,4.45,2.15,0.77,34.16,2.46,25,1.07,50,0.15,0.15,0,55.27,86,2.76,81,64,1.23,4.15,9,66,-20,48.94,7.06,0.53,0.61,44.06,98,4.47,13.2,0.77,0.77,0,0.15,2.3,3.07,0,40,0.31,29,0.31,20,74,6,16,76,8,17.99,14.11,0.97,99,-3.88,17.45,14,0,0,0,0,0,,0,0,,0,0,0,0,0,0,14,6,7.22,33,0.18,0.04,-0.06,-0.07,,0.1
Óscar Opazo,Everton,Primera División,2026,317,Right Back,Chile,36,17/10/90,0,0,0.01,0.02,0.28,0,0,0,,0,0,0.02,0.57,0,0.02,0.57,0,0,0,0,0.02,0.85,-0.02,0.57,0.57,0,100,0,0,1.99,0.57,1.14,0.9,1.71,1.72,4.83,1.71,0.05,2.56,25.06,7.96,2.27,0.57,1.71,100,0.68,1.58,0.28,,0,83,1.42,0,3.98,3.28,1.42,0.57,0.28,37.38,1.14,29,0.57,100,0.28,0,0,39.79,82,2.56,18,60,2.27,3.69,13,70,-12,49.2,5.4,0.21,0.22,32.97,96,4.28,10.8,1.99,1.99,0,0.28,1.42,3.41,0.28,29,0.57,33,0.57,33,57,11,37,55,8,18.27,15.96,0.96,107,-2.31,17.54,17.09,0,0,0,0,0,,0,0,,0,0,0,0,0,0,25,16,3.35,31,0.12,0.06,-0.09,-0.01,,0.09