Name,Team,Competition,Season,Minutes,Primary Position,Nationality,Age,Date of Birth,All Goals,NP Goals,xG,xG/Shot,Shots,Goal Conversion%,Shooting%,Shot Touch%,Penalty Conversion%,PSxG,Assists,xG Assisted,Key Passes,OP Assists,OP xG Assisted,OP Key Passes,SP Assists,SP xG Assisted,SP Key Passes,Scoring Contribution,xG & xG Assisted,Shots & Key Passes,O/U Performance,Dribbles,Successful Dribbles,Failed Dribbles,Dribble%,Fouls Won,Penalty Wins,Dispossessed,Turnovers,Interceptions,PAdj Interceptions,Clearances,PAdj Clearances,Defensive Actions,Aggressive Actions,Blocks/Shot,Defensive Regains,Average DA X,Ball Recov. F2,Ball Recoveries,Tackles,Tack&Int,Tack/DP%,PAdj Tackles,PAdj Tack&Int,Fouls,Dribbles Stopped%,Dribbled Past,Aerial Win%,Aerial Wins,Errors,Pressures,PAdj Pressures,Pressure Regains,Counterpressures,Counterpress Regains,Average Pressure X,Pressures F2,Pressures F2%,Counterpressures F2,Counterpressures F2%,Yellow Cards,2nd Yellows,Red Cards,OP Passes,Passing%,Long Balls,L/R Footedness%,Long Ball%,Pr. Long Balls,UPr. Long Balls,Passes Pressured%,Pr. Pass%,Pr. Pass% Dif.,Average Pass X,Deep Progressions,xGBuildup,xGChain,Carries,Carry%,Carry Length,OP F3 Passes,PintoB,OP Passes Into Box,SP PintoB,Passes Inside Box,Touches In Box,PinTin,Throughballs,Successful Box Cross%,Successful Crosses,Crossing%,Deep Completions,Pass Forward%,Pass Sideways%,Pass Backward%,F3 Pass Forward%,F3 Pass Sideways%,F3 Pass Backward%,Pass Length,Pr. Pass Length,Pass Length Ratio,Pr. Pass Length%,Pr. Pass Length Dif.,Succ. Pass Length,Succ.Pr. Pass Length,Goals Conceded,PSxG Faced,GSAA,Save%,xSv%,Shot Stopping%,xG Faced,Shots Faced,Shots Faced OT%,All Shots Faced,Positioning Error,Penalties Faced,Penalties Conceded,GK Aggressive Dist.,Claims%,Pass into Danger%,Pass into Pressure%,Positive Outcome,Positive Outcome%,Pass OBV,D&C OBV,DA OBV,Shot OBV,Goalkeeper OBV,OBV
Adrián Parra,Deportes Tolima,Primera A,2026,1944,Centre Forward,Colombia,29,15/01/97,0.28,0.28,0.35,0.19,1.85,15,40,3,,0.4,0.23,0.1,1.06,0.23,0.1,1.06,0,0,0,0.51,0.45,2.92,0.06,0.69,0.56,0.14,80,1.06,0,1.43,2.04,0.32,0.42,0.42,0.46,18.42,9.49,0.02,5.14,55.95,4.91,3.19,1.94,2.27,89,2.51,2.93,1.3,44,0.23,38,1.02,0,15.23,19.1,4.49,3.33,0.69,58.81,10.14,67,2.41,72,0.09,0,0,28.14,81,0.51,19,58,0.56,0.74,21,77,-4,59.83,2.92,0.63,0.86,23.84,90,3.7,11.02,1.02,1.02,0,0.6,5.92,6.94,0.05,5,0.19,36,0.6,15,68,17,20,64,16,14.81,13.12,1,99,-1.69,14.83,13.05,0,0,0,0,0,,0,0,,0,0,0,0,0,0,18,8,5.18,32,-0.02,0.06,0.07,0.06,,0.17
Adrián Ramos,América de Cali,Primera A,2026,563,Centre Forward,Colombia,40,21/01/86,0.48,0.48,0.2,0.06,3.04,16,37,5,,0.27,0,0.05,0.64,0,0.05,0.64,0,0,0,0.48,0.24,3.68,0.23,0.96,0.8,0.16,83,0.64,0,1.28,1.6,0,0,1.76,1.79,10.71,5.43,0,1.28,51.58,4.48,3.52,0.64,0.64,80,0.51,0.51,0.96,0,0.16,50,2.72,0,9.11,9.58,1.12,1.28,0.32,59.87,6.23,68,1.12,88,0.16,0,0,18.86,74,0.64,29,67,2.08,0.64,31,63,-11,63.97,1.28,0.2,0.38,14.39,86,3.8,7.51,1.28,1.28,0,0.48,7.03,8.31,0.16,0,0.16,25,0.8,11,61,27,9,72,19,14.88,13.59,1,100,-1.28,14.91,13.54,0,0,0,0,0,,0,0,,0,0,0,0,0,0,27,10,3.18,21,0.02,0,0,0.11,,0.13
Agustín Irazoque,Inter Bogotá,Primera A,2026,2224,Left Centre Back,Argentina,27,15/11/99,0,0,0.02,0.07,0.28,0,57,0,,0.01,0,0.01,0.28,0,0.01,0.28,0,0,0,0,0.03,0.57,-0.03,0.32,0.28,0.04,88,0.49,0,0.12,0.12,1.38,1.26,4.61,3.58,8.46,4.33,0.03,4.78,23.92,8.1,1.42,1.38,2.75,74,1.2,2.46,0.4,39,0.49,51,1.42,0,6.72,5.66,2.79,0.81,0.32,27.73,0.61,9,0.2,25,0.16,0,0,34.89,89,3.24,83,70,5.02,4.21,7,79,-11,34.92,2.43,0.29,0.31,27.16,99,5.05,2.43,0.08,0.04,0.04,0.08,0.89,0.93,0,0,0.04,100,0.12,24,73,3,30,70,0,23.01,22.11,0.96,103,-0.9,22.12,22.71,0,0,0,0,0,,0,0,,0,0,0,0,0,0,14,7,3.11,21,0.02,0.04,0.05,-0.02,,0.09
Agustín Martegani,Independiente Medellín,Primera A,2026,417,Left Defensive Midfielder,Argentina,26,19/05/00,0,0,0.09,0.06,1.51,0,29,1,,0.01,0,0.06,1.51,0,0.04,1.08,0,0.02,0.43,0,0.15,3.02,-0.15,2.59,1.94,0.65,75,3.02,0,2.8,2.37,1.51,0.52,0.22,0.29,19.63,9.28,0.02,4.31,40.68,9.06,2.59,2.37,3.88,73,2.45,2.97,1.51,33,0.86,,0,0,15.75,17.26,3.45,4.31,0.43,42.98,5.61,36,2.37,55,0.43,0,0,41.64,89,3.02,88,58,0.43,4.96,15,91,1,48.46,6.9,0.55,0.59,40.77,89,7.43,9.71,1.29,0.86,0.43,0,1.51,2.37,0,17,0.22,33,0.22,20,73,7,24,64,11,18.75,13.88,0.94,108,-4.87,17.58,14.97,0,0,0,0,0,,0,0,,0,0,0,0,0,0,16,11,5.72,39,0.06,0.09,0.07,-0.01,,0.2
Aldair Gutiérrez,Atlético Bucaramanga,Primera A,2026,1629,Right Back,Colombia,28,16/06/98,0,0,0.01,0.02,0.5,0,11,1,,0.02,0.17,0.11,1.05,0.17,0.1,0.88,0,0.01,0.17,0.17,0.12,1.55,0.05,0.83,0.61,0.22,73,0.88,0,0.5,0.61,1.93,1.91,2.21,2.17,13.04,6.35,0.03,5.86,34.5,8.51,2.65,2.49,4.42,79,2.67,4.59,0.94,52,0.66,58,1.16,0.06,9.61,10.53,3.92,1.49,0.66,39.6,3.32,34,0.99,67,0.17,0,0,37.24,74,4.97,7,52,2.98,8.73,12,64,-10,47.79,6.02,0.21,0.26,31.11,97,4.41,8.51,1.82,1.11,0.72,0.06,0.88,1.99,0.06,45,0.99,35,0.06,32,62,7,35,58,7,23.74,19.47,0.9,102,-4.26,21.34,19.78,0,0,0,0,0,,0,0,,0,0,0,0,0,0,26,11,4.54,33,0.2,0.06,0.1,-0.01,,0.34
Aldair Quintana,Atlético Bucaramanga,Primera A,2026,901,Goalkeeper,Colombia,32,10/07/94,0,0,0,,0,,,0,,0,0,0,0,0,0,0,0,0,0,0,0,0,0,0.1,0.1,0,100,0.1,0,0,0,0,0,0.1,0.06,0,0,0,4.4,3.25,4.2,0,0,0,,0,0,0,,0,,0,0,0,0,0,0,0,,0,,0,,0,0,0,16.99,78,5.1,76,50,2,8.19,14,59,-18,12.81,0.3,0.12,0.12,15.19,100,5.43,0.2,0,0,0,0,0,0,0,,0,,0,38,62,0,100,0,0,36.74,43.45,0.78,77,6.71,28.68,33.42,0.3,0.39,0.09,82,77,5,0.45,1.7,22,7.9,1.48,0.1,0.1,20.18,0,23,3,1.08,8,0.05,0.09,0,,0.03,0.17
Aldair Zárate,Atlético Bucaramanga,Primera A,2026,1055,Left Defensive Midfielder,Colombia,27,21/02/99,0.09,0.09,0.03,0.02,1.71,5,25,1,,0.02,0,0.05,0.77,0,0.05,0.77,0,0,0,0.09,0.07,2.48,0.01,0.43,0.26,0.17,60,0.6,0,0.85,0.68,0.77,0.87,1.02,1.28,19.2,11.61,0.02,6.49,42.71,11.61,5.38,0.94,1.71,37,1.1,1.98,0.77,14,1.62,44,0.68,0,17.5,18.83,5.55,3.33,1.19,44.19,6.06,35,1.62,49,0.26,0,0,54.54,89,7.94,7,80,1.88,9.05,15,89,-1,48.68,9.13,0.45,0.51,46.09,97,4.82,12.55,0.43,0.43,0,0,0.43,0.85,0.09,0,0,0,0.17,16,76,7,22,74,3,23.18,20.25,0.98,98,-2.94,22.68,19.88,0,0,0,0,0,,0,0,,0,0,0,0,0,0,15,9,6.46,38,0.05,0.05,0.04,-0.03,,0.11
Alejandro Moralez,Llaneros,Primera A,2026,1547,Right Centre Back,Colombia,25,18/04/01,0,0,0.01,0.05,0.23,0,50,0,,0,0,0.01,0.17,0,0.01,0.17,0,0,0,0,0.02,0.41,-0.02,0.52,0.41,0.12,78,0.41,0,0.29,0.29,0.93,0.87,5.59,4.75,9.83,4.54,0.07,5.35,21.5,7.85,1.16,1.75,2.68,79,1.79,2.66,0.87,47,0.47,46,0.99,0,7.21,6.3,3.26,1.4,0.7,26.53,0.52,7,0.23,17,0.06,0,0,31.83,78,3.43,13,45,6.57,6.57,12,59,-18,34.89,2.27,0.19,0.19,25.72,98,5.34,2.5,0,0,0,0.17,0.52,0.52,0,,0.06,100,0.17,34,61,5,49,49,2,26.11,26.26,0.87,85,0.15,22.67,22.38,0,0,0,0,0,,0,0,,0,0,0,0,0,0,26,11,2.61,22,0.06,0.04,0.11,-0.01,,0.2
Alexis Serna,Independiente Medellín,Primera A,2026,1218,Left Defensive Midfielder,Colombia,29,06/12/97,0.15,0.15,0.06,0.04,1.33,11,28,1,,0.1,0.07,0.05,0.81,0.07,0.05,0.81,0,0,0,0.22,0.1,2.14,0.12,1.55,1.33,0.22,86,1.55,0,1.26,1.48,0.66,0.74,1.18,1.38,21.21,11.53,0.02,7.54,43.06,7.68,3.25,2.66,3.32,78,3.07,3.81,1.63,25,0.74,59,1.26,0,16.92,18.49,5.62,3.62,1.4,45.03,6.35,38,1.77,49,0.37,0.07,0,48.62,90,2.29,9,82,1.63,2.36,17,90,0,55.03,7.91,0.45,0.48,45.07,95,6.2,16.48,1.03,0.96,0.07,0.15,1.33,2.29,0.07,7,0.07,20,0.15,14,77,9,15,78,7,18.52,17.69,0.99,100,-0.83,18.31,17.77,0,0,0,0,0,,0,0,,0,0,0,0,0,0,16,8,7.31,41,0.01,0.11,0.02,0.02,,0.15
Alexis Zapata,Santa Fe,Primera A,2026,679,Centre Attacking Midfielder,Colombia,31,09/05/95,0.13,0.13,0.26,0.08,3.05,4,22,3,,0.19,0.13,0.17,1.72,0.13,0.05,0.8,0,0.12,0.93,0.27,0.43,4.77,-0.16,1.72,1.46,0.27,85,1.86,0,1.06,1.86,1.19,1.01,0.8,0.48,11.8,6.63,0.04,3.18,48.31,8.88,4.37,0.8,1.99,75,0.63,1.64,0.53,0,0.27,43,0.8,0,10.47,9.78,2.78,2.92,0.93,51.51,6.1,58,2.12,73,0.27,0,0,42.28,84,3.84,86,67,1.46,5.04,20,84,0,56.93,6.49,0.52,0.62,41.49,94,5.31,13.39,2.25,1.33,0.93,0.27,4.11,5.43,0,18,0.4,50,0.53,14,72,14,19,67,14,19.98,17.22,0.97,98,-2.76,19.41,16.87,0,0,0,0,0,,0,0,,0,0,0,0,0,0,17,7,6.6,33,0.08,0.13,0.06,-0.08,,0.18
Alfredo Morelos,Atlético Nacional,Primera A,2026,2177,Centre Forward,Colombia,30,20/06/96,0.58,0.5,0.37,0.12,3.14,16,39,4,40,0.47,0.25,0.19,2.07,0.25,0.19,2.07,0,0,0,0.74,0.56,5.21,0.18,0.99,0.41,0.58,42,1.74,0.12,1.49,2.6,0.04,0.06,0.5,0.65,13.23,6.16,0.02,4.22,64.53,3.35,2.44,0.54,0.58,68,0.63,0.69,1.2,14,0.25,41,1.12,0,11.57,13.92,3.64,1.36,0.45,67.92,9.18,79,1.07,79,0.37,0,0,28.23,75,1.69,18,59,0.95,2.44,24,68,-7,61.17,2.98,0.6,0.92,26.25,88,4.21,10.46,1.32,1.24,0.08,0.5,6.7,7.94,0.17,3,0.33,47,0.83,14,67,19,16,71,13,17.41,15.4,0.99,106,-2.01,17.18,16.32,0,0,0,0,0,,0,0,,0,0,0,0,0,0,27,11,6.75,36,0.01,0.01,0.01,0.04,,0.07
Anderson Angulo,Deportes Tolima,Primera A,2026,1341,Left Centre Back,Colombia,30,30/06/96,0,0,0.01,0.04,0.34,0,0,0,,0,0,0.02,0.34,0,0.02,0.34,0,0,0,0,0.04,0.67,-0.04,0.2,0.13,0.07,67,0.54,0,0.4,0.2,0.87,0.93,4.9,4.79,8.05,4.76,0.11,5.03,23.94,8.25,1.07,1.01,1.88,71,1.08,2.01,0.74,40,0.4,56,1.21,0,6.31,6.36,3.09,1.14,0.54,30.26,1.07,17,0.27,24,0.13,0.07,0,44.83,90,3.49,19,64,5.44,4.9,10,87,-4,37.67,3.15,0.42,0.48,38.12,98,4.45,3.36,0.2,0.2,0,0,0.74,0.94,0.07,0,0,,0.07,27,70,4,54,44,2,21.65,21.4,0.93,100,-0.24,20.22,21.34,0,0,0,0,0,,0,0,,0,0,0,0,0,0,10,5,3.62,26,0.06,0.04,0.08,-0.02,,0.16
Andrey Estupiñán,Deportivo Pasto,Primera A,2026,1585,Left Wing,Colombia,32,04/07/94,0.68,0.45,0.28,0.11,2.5,18,36,3,100,0.33,0.11,0.08,0.62,0.11,0.08,0.62,0,0,0,0.57,0.36,3.12,0.2,1.42,0.85,0.57,60,3.52,0.11,1.59,3.01,0.28,0.27,0.11,0.1,15.1,6.98,0.02,4.6,57.18,4.77,2.73,0.97,1.25,65,0.84,1.1,1.42,25,0.51,44,1.14,0,12.72,11.8,3.58,3.18,1.14,59.17,7.95,63,2.27,71,0.28,0,0.11,24.18,75,0.97,11,61,0.23,1.48,25,66,-9,60.13,3.97,0.31,0.5,27.53,87,6.24,8.4,0.51,0.51,0,0.4,5.05,5.56,0.06,33,0.28,29,0.51,14,70,15,18,74,7,16.24,13.32,1,108,-2.92,16.24,14.37,0,0,0,0,0,,0,0,,0,0,0,0,0,0,27,10,3.49,26,0.04,0.19,0.04,0.02,,0.3
Andrés Aedo,Boyacá Chicó,Primera A,2026,1110,Right Centre Back,Colombia,22,22/02/04,0.08,0.08,0.02,0.09,0.24,33,33,0,,0.04,0.08,0.02,0.16,0.08,0.02,0.16,0,0,0,0.16,0.04,0.41,0.12,0.16,0.08,0.08,50,0.41,0,0.41,0.57,0.65,0.41,2.84,1.99,14.59,8.35,0.03,5.27,30.85,6.57,2.03,1.62,2.27,71,1.18,1.59,1.3,38,0.65,37,0.57,0,11.67,9.06,3.97,1.95,0.65,33.74,2.43,21,1.05,54,0.08,0,0,20.75,73,1.22,16,41,3.4,2.43,15,67,-5,39.86,1.46,0.15,0.18,16.05,94,3.78,2.03,0.16,0.16,0,0,0.65,0.81,0,100,0.16,67,0.08,31,64,6,28,64,8,21.84,20.63,0.92,90,-1.21,20.06,18.66,0,0,0,0,0,,0,0,,0,0,0,0,0,0,28,8,1.62,17,0.03,-0.02,-0.03,0,,-0.03
Andrés Amaya,Fortaleza CEIF,Primera A,2026,481,Right Wing,Colombia,25,24/04/01,0.37,0.37,0.13,0.07,1.87,20,30,3,,0.14,0,0.07,1.12,0,0.01,0.75,0,0.05,0.37,0.37,0.2,3,0.17,1.87,1.5,0.37,80,3.18,0,2.06,2.06,0,0,0.56,0.75,21.53,9.36,0,5.62,53.3,7.11,3,1.69,1.69,90,2.25,2.25,1.12,50,0.19,50,1.31,0,18.91,22.31,5.24,4.12,1.69,54.77,11.05,58,3.18,77,0.19,0,0,26.4,72,1.5,64,44,1.12,2.81,22,55,-18,60.34,2.06,0.47,0.52,30.14,88,5.58,7.49,1.12,0.75,0.37,0,3.74,4.49,0,17,0.19,20,0.37,9,77,15,8,78,15,17.78,16.33,0.92,91,-1.45,16.42,14.86,0,0,0,0,0,,0,0,,0,0,0,0,0,0,20,6,3.52,22,-0.05,0.09,0.03,0.07,,0.14
Andrés Arroyo,Fortaleza CEIF,Primera A,2026,1796,Centre Attacking Midfielder,Colombia,24,19/01/02,0.45,0.3,0.22,0.08,2.81,11,36,3,100,0.21,0.2,0.13,1.85,0.15,0.08,1.3,0.05,0.04,0.55,0.5,0.35,4.66,0.15,0.95,0.75,0.2,79,1.75,0,2.15,2.55,0.25,0.24,0.1,0.12,14.33,7.31,0,3.71,58.63,6.16,4.31,0.8,1.05,64,0.89,1.13,0.9,22,0.45,25,0.4,0,12.77,14.51,3.21,3.01,0.7,59.02,8.87,69,2.3,77,0.2,0,0,39.43,78,4.16,13,56,0.65,6.86,21,84,6,59.63,7.72,0.42,0.55,40.08,91,5.62,14.18,2.76,1.9,0.85,0.2,2.96,4.86,0.3,18,0.55,30,0.4,13,74,13,18,76,6,21.29,16.78,0.94,102,-4.51,20.12,17.13,0,0,0,0,0,,0,0,,0,0,0,0,0,0,20,8,6.91,48,0.02,0.08,0.01,-0.02,,0.09
Andrés Colorado,Deportivo Cali,Primera A,2026,754,Right Defensive Midfielder,Colombia,28,30/11/98,0,0,0.11,0.11,0.96,0,13,1,,0.05,0,0.1,0.84,0,0.1,0.84,0,0,0,0,0.2,1.79,-0.2,0,0,0,,0.96,0,0.36,0.72,0.84,0.86,0.96,0.99,25.56,14.21,0.01,5.37,45.7,7.17,3.58,2.27,3.11,86,2.42,3.27,2.51,63,0.36,50,0.96,0,20.78,20.94,4.9,5.37,1.43,47.18,9.79,47,3.46,64,0.24,0,0,35.47,84,1.67,12,70,1.31,2.03,19,74,-10,52.28,3.94,0.38,0.49,25.8,97,3.19,8.48,0.24,0.24,0,0.24,2.51,2.75,0.24,0,0.12,33,0.6,20,72,9,24,66,10,16.62,16.21,0.98,104,-0.42,16.26,16.8,0,0,0,0,0,,0,0,,0,0,0,0,0,0,18,10,4.79,33,0,0.03,0.03,-0.05,,0.01
Andrés Colorado,Once Caldas,Primera A,2026,619,Right Defensive Midfielder,Colombia,28,30/11/98,0.15,0.15,0.06,0.07,0.87,17,33,1,,0.09,0.15,0.04,1.16,0.15,0.04,1.16,0,0,0,0.29,0.1,2.04,0.19,0.58,0.58,0,100,1.16,0,0.15,0.15,1.02,1.26,0.87,1.05,19.63,10.61,0.01,7.56,42.37,7.85,3.49,3.05,4.07,88,3.57,4.83,1.89,40,0.44,38,0.44,0,14.68,16.28,5.82,3.34,1.45,43.65,5.82,40,2.33,70,0.29,0,0,50.16,91,3.49,10,73,1.45,4.22,14,82,-10,51.75,6.98,0.47,0.52,44.2,100,3.19,12.36,0.58,0.58,0,0.15,1.45,2.04,0,0,0,0,0.29,23,67,10,26,68,6,18.96,17.89,0.98,99,-1.07,18.59,17.69,0,0,0,0,0,,0,0,,0,0,0,0,0,0,16,11,7.31,41,0.01,0.09,0.03,0.03,,0.15
Andrés Copete,Fortaleza CEIF,Primera A,2026,599,Left Centre Back,Colombia,26,26/09/00,0.15,0.15,0.07,0.12,0.6,25,50,0,,0.21,0.15,0,0.15,0.15,0,0.15,0,0,0,0.3,0.07,0.75,0.23,0,0,0,,0.9,0,0.45,0,1.2,1.2,3.76,4.16,10.22,5.26,0.06,4.81,25.95,7.52,1.65,1.8,3.01,86,2.01,3.21,0.75,50,0.3,70,1.05,0.15,7.67,8.3,2.86,1.2,0.6,33.71,1.8,24,0.6,50,0.3,0,0,40,80,3.61,86,52,5.41,5.26,13,50,-30,34.83,2.26,0.09,0.14,32.18,99,4.44,2.41,0.15,0,0.15,0,0.9,0.9,0,0,0,0,0,32,66,2,31,63,6,22.23,26.98,0.92,95,4.76,20.52,25.65,0,0,0,0,0,,0,0,,0,0,0,0,0,0,19,7,2.33,20,0.05,0.02,-0.08,0.08,,0.07
Andrés Correa,Once Caldas,Primera A,2026,568,Left Back,Colombia,32,28/01/94,0,0,0.02,0.02,0.79,0,40,1,,0.03,0.16,0.06,0.79,0.16,0.06,0.79,0,0,0,0.16,0.07,1.58,0.09,0.32,0.32,0,100,0.95,0,0.95,0.48,1.11,1.19,1.27,1.3,12.83,5.54,0.01,5.54,32.99,6.97,2.22,1.11,2.22,78,1.34,2.53,1.11,50,0.32,38,0.48,0,10.61,10.93,3.96,1.9,0.95,34,3.01,28,1.11,58,0.63,0,0,41.01,84,1.9,80,57,2.22,2.38,15,75,-9,56.42,5.86,0.46,0.51,35.31,96,4.27,15.99,1.74,1.58,0.16,0.16,1.58,3.17,0.16,9,0.32,14,0.16,24,62,14,25,56,19,17.05,18.91,0.93,89,1.86,15.77,16.87,0,0,0,0,0,,0,0,,0,0,0,0,0,0,21,12,5.46,32,0.11,0.06,-0.18,-0.02,,-0.03
Andrés Correa,Deportivo Cali,Primera A,2026,1817,Left Back,Colombia,32,28/01/94,0,0,0.01,0.03,0.35,0,14,0,,0.01,0.15,0.08,0.84,0.15,0.08,0.84,0,0,0,0.15,0.09,1.19,0.06,1.04,0.54,0.5,52,0.64,0,0.89,1.14,1.04,1,2.28,2.29,16.3,8.27,0.02,5.89,35.08,7.48,2.67,2.13,3.17,81,2.1,3.1,1.68,41,0.5,65,1.19,0,12.58,13.1,4.66,2.48,0.99,38.65,3.76,30,1.73,70,0.25,0.1,0,31.25,75,1.54,83,43,2.82,3.02,17,66,-9,51.46,4.41,0.23,0.27,26.05,93,5.02,8.02,1.04,0.79,0.25,0.15,1.19,1.98,0,67,0.89,34,0.35,27,64,9,27,64,10,18.51,16.81,0.91,93,-1.7,16.83,15.69,0,0,0,0,0,,0,0,,0,0,0,0,0,0,29,12,3.76,25,0.13,0.04,0.01,-0.01,,0.16
Andrés Felipe Román,Atlético Nacional,Primera A,2026,2475,Right Back,Colombia,31,04/10/95,0.07,0.07,0.11,0.1,1.13,6,29,2,,0.09,0.07,0.05,0.69,0.07,0.05,0.69,0,0,0,0.15,0.17,1.82,-0.02,0.65,0.4,0.25,61,0.47,0,0.91,1.56,0.58,0.76,1.02,1.31,8.65,3.67,0.02,4.07,39.27,5.71,1.96,0.91,1.49,60,1.19,1.95,1.02,54,0.62,35,0.33,0.07,6.76,8.61,3.02,1.35,0.69,43.19,3.02,45,0.98,73,0.22,0,0.04,26.18,85,1.49,9,60,1.27,2.22,11,76,-9,52.78,3.45,0.35,0.46,24.91,93,4.95,7.64,0.76,0.69,0.07,0.18,2.69,3.38,0.11,14,0.29,44,0.25,22,60,18,23,59,18,18.48,18.39,0.96,103,-0.09,17.67,18.91,0,0,0,0,0,,0,0,,0,0,0,0,0,0,17,8,4.93,26,0.06,0.06,0.01,-0.01,,0.12
Andrés Llinás,Millonarios,Primera A,2026,2100,Right Centre Back,Colombia,29,22/07/97,0.13,0.13,0.1,0.13,0.73,18,53,0,,0.13,0,0.01,0.26,0,0.01,0.26,0,0,0,0.13,0.11,0.99,0.02,0.09,0.09,0,100,0.47,0.04,0.26,0.21,0.6,0.64,3.09,2.81,13.72,8.27,0.08,5.83,28.86,8.27,2.1,1.93,2.53,67,1.75,2.39,1.2,34,0.94,62,1.84,0,10.59,9.01,4.2,1.84,0.64,32.07,1.89,18,0.73,40,0.26,0,0,34.76,88,2.01,9,59,3.47,3,12,74,-14,42.06,2.83,0.36,0.38,26.83,99,4.23,3.77,0.17,0.13,0.04,0.04,1.84,1.97,0,25,0.04,100,0.13,28,68,3,40,59,1,20.28,19.3,0.95,92,-0.98,19.17,17.68,0,0,0,0,0,,0,0,,0,0,0,0,0,0,14,7,3.93,22,0.07,0.05,0.05,0.04,,0.21
Andrés Mosquera,Santa Fe,Primera A,2026,2245,Goalkeeper,Colombia,35,09/09/91,0,0,0,,0,,,0,,0,0,0,0,0,0,0,0,0,0,0,0,0,0,0.08,0.08,0,100,0.16,0,0,0,0,0,0,0,0.12,0.04,0,6.61,2.77,4.73,0,0,0,,0,0,0.08,,0,,0,0.04,0.04,0.06,0,0,0,7.27,0,0,0,,0.12,0,0,15.31,69,4.89,18,38,1.16,11.83,8,72,3,11.1,0.96,0.09,0.09,13.71,99,5.94,0.44,0.08,0,0.08,0,0,0,0,0,0,,0,52,47,0,82,18,0,40.79,38.99,0.7,85,-1.8,28.64,33.26,0.84,0.81,-0.04,74,75,-1,0.85,3.25,28,11.42,1.71,0.08,0.08,17.03,0,26,3,1.42,10,0.09,0.09,-0.03,,-0.05,0.1
Andrés Mosquera,América de Cali,Primera A,2026,1282,Left Centre Back,Colombia,36,19/02/90,0,0,0.01,0.06,0.14,0,0,0,,0,0,0,0.07,0,0,0.07,0,0,0,0,0.01,0.21,-0.01,0,0,0,,0.49,0,0,0.14,0.35,0.38,4.98,6.08,6.95,3.37,0.04,4.14,22.9,6.32,0.91,0.84,1.19,75,1.18,1.56,0.84,50,0.28,56,1.75,0,5.4,6.82,2.67,0.56,0.21,28.79,0.98,18,0.28,50,0.14,0,0,37.06,90,2.25,6,62,5.68,2.95,10,68,-22,33.3,1.19,0.2,0.21,28.78,100,4.06,1.26,0.07,0.07,0,0,0.28,0.35,0.07,0,0,,0,26,72,2,33,67,0,20.75,22.04,0.96,88,1.29,19.84,19.48,0,0,0,0,0,,0,0,,0,0,0,0,0,0,14,8,1.96,12,0.03,0.02,-0.07,-0.01,,-0.03
Andrés Mosquera,Rionegro,Primera A,2026,600,Right Centre Back,Colombia,36,19/02/90,0.15,0.15,0.07,0.12,0.6,25,25,0,,0.11,0,0.02,0.3,0,0.02,0.3,0,0,0,0.15,0.1,0.9,0.05,0.15,0.15,0,100,1.05,0,0.15,0.45,1.05,1.47,4.2,6.32,5.4,2.7,0.06,3.6,26,9.9,1.05,0.6,1.65,67,0.91,2.38,1.2,67,0.3,47,1.05,0,3.6,5.45,1.95,0.6,0.6,30.96,0.3,8,0.15,25,0.3,0,0,57.62,90,4.2,5,67,4.95,5.55,8,76,-15,35.52,1.95,0.37,0.45,47.87,99,3.86,2.4,0.3,0.3,0,0.15,1.8,2.1,0,0,0,,0.15,19,79,2,25,75,0,22.12,22.81,0.95,93,0.69,21,21.17,0,0,0,0,0,,0,0,,0,0,0,0,0,0,13,6,5.42,27,0,0.03,-0.08,0.02,,-0.02
Andrés Rentería,Jaguares de Córdoba,Primera A,2026,1740,Centre Forward,Colombia,33,05/03/93,0.36,0.36,0.32,0.11,2.85,13,33,6,0,0.43,0.16,0.07,0.62,0.16,0.07,0.62,0,0,0,0.52,0.4,3.47,0.12,0.83,0.62,0.21,75,1.45,0.05,1.24,2.07,0.21,0.15,0.78,0.46,7.92,2.9,0.01,1.91,53.57,3.78,2.17,0.36,0.57,70,0.25,0.4,0.93,0,0.16,48,2.07,0,6.62,4.71,1.55,1.09,0.47,59.65,4.91,74,0.93,86,0.26,0,0,16.4,78,0.72,15,70,1.03,0.78,29,67,-11,57.83,2.22,0.28,0.51,16.19,84,5.82,5.28,0.31,0.31,0,0.16,5.38,5.69,0.1,0,0.1,40,0.47,9,64,27,13,69,19,16.05,14.42,0.97,96,-1.63,15.64,13.78,0,0,0,0,0,,0,0,,0,0,0,0,0,0,25,10,2.89,23,-0.05,0.01,0.03,0.11,,0.1
Andrés Ricaurte,Rionegro,Primera A,2026,1333,Left Centre Midfielder,Colombia,35,02/10/91,0.14,0.14,0.06,0.08,0.74,18,36,1,,0.09,0.2,0.13,1.55,0.14,0.1,1.08,0.07,0.03,0.47,0.34,0.18,2.3,0.15,0.27,0.14,0.14,50,2.7,0,1.15,0.95,0.41,0.5,0.54,0.72,18.84,9.05,0.02,5.67,49.36,7.83,3.58,1.49,1.89,63,1.54,2.04,1.35,13,0.88,50,0.47,0,16.01,15.38,4.46,3.78,1.35,51.24,8.51,53,2.57,68,0.27,0,0,51.8,82,5.34,85,58,1.82,7.9,18,83,1,52.89,6.96,0.31,0.44,47.2,97,3.96,13.17,2.9,1.82,1.08,0.07,0.61,2.43,0.34,7,0.2,21,0.14,20,68,13,35,59,6,21.99,20.69,0.93,95,-1.3,20.54,19.56,0,0,0,0,0,,0,0,,0,0,0,0,0,0,19,8,8.4,55,0.08,0.07,0.03,0.02,,0.21
Andrés Roa,Once Caldas,Primera A,2026,909,Left Centre Midfielder,Colombia,33,24/05/93,0.2,0.2,0.18,0.08,2.38,8,33,2,,0.17,0.2,0.16,1.98,0.2,0.11,1.29,0,0.05,0.69,0.4,0.34,4.36,0.05,1.98,1.58,0.4,80,2.18,0,1.98,1.88,0.89,1.07,0.3,0.33,16.14,8.12,0.01,4.85,47.42,7.03,4.46,2.08,2.97,75,2.64,3.71,0.99,36,0.69,50,0.3,0,13.07,14.86,3.86,3.66,1.39,47.82,5.65,43,2.18,59,0.5,0,0,51.5,83,2.87,19,46,0.4,6.14,14,82,-1,58.69,9.51,0.45,0.58,49.62,93,4.5,21.1,2.28,1.09,1.19,0,2.67,3.76,0.1,13,0.4,31,0.2,20,70,10,26,67,7,17.02,13.53,0.9,103,-3.5,15.32,13.93,0,0,0,0,0,,0,0,,0,0,0,0,0,0,22,10,10.02,56,0.02,0.1,0.01,-0.1,,0.04
Andrés Salazar,Rionegro,Primera A,2026,691,Goalkeeper,Colombia,33,17/11/93,0,0,0,,0,,,0,,0,0,0,0,0,0,0,0,0,0,0,0,0,0,0,0,0,,0.13,0,0,0,0,0,0,0,0,0,0,7.95,2.41,3.26,0,0,0,,0,0,0,,0,,0,0.13,0,0,0,0,0,,0,,0,,0.13,0,0,12.12,66,4.95,5,42,1.69,10.03,12,58,-9,9.51,0.52,0.06,0.06,9.77,100,5.67,0,0,0,0,0,0,0,0,,0,,0,62,38,0,,,,42.21,45.4,0.75,85,3.19,31.8,38.41,1.17,1.02,-0.15,40,48,-8,1.03,1.95,19,10.43,1.82,0.13,0.13,16.71,1,29,4,0.64,5,0.05,0.03,,,-0.07,0.01
Andrés Sarmiento,Atlético Nacional,Primera A,2026,1766,Left Wing,Colombia,28,14/01/98,0.36,0.36,0.39,0.11,3.46,10,32,6,,0.4,0.31,0.17,1.17,0.31,0.17,1.12,0,0,0.05,0.66,0.56,4.64,0.1,2.09,0.92,1.17,44,2.09,0.05,2.39,3.31,0.2,0.29,0.1,0.13,15.13,6.67,0.01,3.87,54.54,5.55,3.52,1.43,1.63,82,1.83,2.12,1.63,40,0.31,29,0.25,0,12.18,15.51,3.57,2.75,0.92,55.59,7.34,60,2.09,76,0,0,0,20.43,77,0.82,17,55,0.31,1.27,20,74,-3,63.35,2.96,0.47,0.8,27.16,81,5.73,8.46,0.97,0.87,0.1,0.46,5.71,6.57,0.15,42,0.51,63,0.87,16,67,17,17,68,15,16.44,14.59,0.98,100,-1.85,16.09,14.57,0,0,0,0,0,,0,0,,0,0,0,0,0,0,22,8,5.32,25,0.04,0.1,0.03,0.02,,0.19
Andrés Álvarez,Rionegro,Primera A,2026,512,Left Back,Colombia,27,11/03/99,0,0,0.05,0.03,1.58,0,0,2,,0,0,0.02,0.35,0,0.02,0.35,0,0,0,0,0.07,1.93,-0.07,0.35,0.18,0.18,50,0.18,0,0.18,0.7,1.23,0.83,2.46,1.62,14.76,6.5,0.03,6.5,30.26,10.89,2.63,1.93,3.16,69,1.94,2.77,0.7,33,0.88,60,0.53,0,12.12,11.2,4.57,3.16,1.23,35.37,2.63,22,1.76,56,0.53,0,0,32.14,75,3.34,83,51,3.16,5.8,14,52,-23,44.82,4.04,0.31,0.32,24.59,96,4.77,5.45,0.53,0.53,0,0,1.05,1.58,0,33,0.18,20,0,31,59,10,26,45,29,23.58,25.24,0.9,77,1.66,21.19,19.4,0,0,0,0,0,,0,0,,0,0,0,0,0,0,30,12,3.27,24,0.1,0.04,-0.03,-0.05,,0.06
Antony Vásquez,Rionegro,Primera A,2026,421,Centre Forward,Colombia,24,28/07/02,0.43,0.43,0.57,0.22,2.57,17,42,6,0,0.67,0,0.04,0.86,0,0.04,0.86,0,0,0,0.43,0.61,3.42,-0.18,0.21,0.21,0,100,0.86,0,2.57,2.57,0,0,0,0,15.19,6.84,0.06,4.28,70.23,3.21,2.99,0.43,0.43,50,0.65,0.65,0,0,0.43,33,1.28,0,14.76,21.69,4.06,4.49,1.07,69.96,12.19,83,4.28,95,0.21,0,0,14.33,72,0.43,21,67,0,0.64,27,67,-5,61.78,0.43,0.42,0.87,14.76,75,3.2,5.13,0,0,0,0,8.77,8.77,0,,0.21,33,0.43,5,62,33,4,67,29,13.64,12.24,0.92,86,-1.4,12.61,10.58,0,0,0,0,0,,0,0,,0,0,0,0,0,0,29,5,3.68,21,-0.1,-0.07,0,-0.21,,-0.38
Anyelo Saldana,Boyacá Chicó,Primera A,2026,1003,Right Back,Colombia,23,16/06/03,0,0,0.01,0.03,0.27,0,0,0,,0,0,0.01,0.18,0,0.01,0.09,0,0,0.09,0,0.02,0.45,-0.02,0.45,0.36,0.09,80,0.63,0,0.36,0.45,0.99,0.75,3.14,2.08,11.94,6.37,0.03,4.13,30.55,7.36,2.15,1.79,2.78,69,1.61,2.36,1.62,44,0.81,69,1.62,0,8.71,7.38,2.69,1.08,0.27,35.02,2.24,26,0.72,67,0.63,0,0,21.09,74,2.69,8,45,3.77,5.29,13,71,-3,41.72,2.51,0.2,0.2,16.6,96,3.54,2.69,0.54,0.27,0.27,0,0.45,0.72,0,17,0.09,7,0,36,61,4,43,53,3,23.85,22.64,0.87,93,-1.22,20.71,20.98,0,0,0,0,0,,0,0,,0,0,0,0,0,0,24,7,2.57,20,0.09,0.02,0.02,-0.01,,0.13
Arlen Banguero,Boyacá Chicó,Primera A,2026,1483,Left Centre Back,Colombia,26,23/03/00,0.12,0.12,0.06,0.11,0.61,20,30,0,,0.05,0,0.01,0.06,0,0.01,0.06,0,0,0,0.12,0.07,0.67,0.05,0.06,0,0.06,0,0.61,0,0.06,0.3,1.52,1.36,4.86,3.31,8.62,4.43,0.07,4.86,24.46,8.8,1.76,0.85,2.37,74,0.74,2.1,1.21,38,0.3,51,1.15,0.06,6.56,4.97,2.85,1.09,0.61,31.17,1.4,21,0.49,44,0.36,0.06,0,29.56,81,2.19,9,46,5.4,4.19,11,61,-20,34.25,1.27,0.14,0.15,22.28,99,3.27,1.46,0,0,0,0.12,0.91,0.91,0,,0.06,100,0.18,33,66,2,50,46,4,22.46,22.23,0.89,83,-0.22,19.9,18.37,0,0,0,0,0,,0,0,,0,0,0,0,0,0,20,7,1.43,13,0.03,0.05,0.07,-0.01,,0.15
Avilés Hurtado,Deportivo Cali,Primera A,2026,1371,Centre Attacking Midfielder,Colombia,39,19/04/87,0.39,0.26,0.22,0.18,1.18,22,50,1,67,0.23,0,0.1,1.9,0,0.09,1.77,0,0.01,0.13,0.26,0.32,3.09,-0.06,1.77,1.18,0.59,67,2.3,0.07,1.58,2.63,0.59,0.56,0.2,0.29,21.08,9.26,0.01,4.86,57.8,4.6,2.69,1.38,1.97,66,1.69,2.26,1.31,31,0.72,38,0.66,0,18.38,18.54,4.33,4.27,1.18,58.17,11.75,64,3.35,78,0.26,0,0,33.29,77,1.71,12,47,0.85,2.95,20,69,-7,62.65,4.86,0.39,0.57,32.7,90,5.02,14.05,1.51,1.31,0.2,0.33,3.87,5.19,0.07,26,0.59,32,0.53,14,74,12,17,71,11,17.79,16.49,0.93,90,-1.29,16.54,14.88,0,0,0,0,0,,0,0,,0,0,0,0,0,0,23,10,7.29,47,-0.02,0.05,0.04,0.02,,0.08
Baldomero Perlaza,Independiente Medellín,Primera A,2026,674,Right Defensive Midfielder,Colombia,34,01/06/92,0.13,0.13,0.11,0.17,0.67,20,40,1,,0.14,0,0,0.27,0,0,0.27,0,0,0,0.13,0.11,0.93,0.02,0.27,0.27,0,100,1.33,0,0.8,0.27,0.67,0.74,2.67,2.01,14.01,8.41,0.03,5.07,38.61,5.74,2.8,1.87,2.54,78,2.03,2.77,1.07,20,0.53,88,2,0,11.21,10.71,3.34,1.6,0.8,43.07,3.74,33,0.8,50,0.27,0,0,29.63,86,2.94,10,71,2.8,4,9,65,-21,48.67,2.8,0.3,0.41,24.42,96,3.68,5.47,0.27,0.27,0,0,0.67,0.93,0,50,0.13,100,0,16,75,8,22,76,2,20.16,17.13,0.95,84,-3.04,19.2,14.4,0,0,0,0,0,,0,0,,0,0,0,0,0,0,14,6,2.7,19,-0.02,0.06,0.04,0.05,,0.12
Beckham Castro,Millonarios,Primera A,2026,559,Right Centre Forward,Colombia,23,11/09/03,0.48,0.48,0.38,0.12,3.22,15,35,8,,0.31,0.32,0.21,1.77,0.32,0.21,1.61,0,0,0.16,0.8,0.58,4.99,0.22,1.29,0.8,0.48,63,0.8,0,1.77,3.06,0.32,0.21,0.16,0.2,13.03,6.6,0,3.06,65.52,4.83,4.02,0.32,0.64,40,0.32,0.53,0.32,0,0.48,0,0,0,13.2,10.86,2.9,0.8,0.16,66.9,10.62,80,0.8,100,0.48,0,0,15.45,77,1.29,82,53,0.32,2.25,11,67,-11,69.08,1.93,0.33,0.82,19.31,82,5.43,7.88,1.61,1.29,0.32,0.97,6.92,8.21,0,50,1.45,47,0.64,5,77,19,6,84,10,20.05,18.64,0.93,108,-1.41,18.72,20.23,0,0,0,0,0,,0,0,,0,0,0,0,0,0,21,6,4.38,23,0.18,0.08,0.01,-0.03,,0.23
Brandon Caicedo,Atlético Bucaramanga,Primera A,2026,509,Centre Forward,Colombia,25,08/05/01,0.53,0.53,0.48,0.18,2.65,20,33,6,,0.44,0.35,0.13,1.59,0.35,0.13,1.59,0,0,0,0.88,0.61,4.24,0.27,0.35,0.35,0,100,0.53,0,1.24,1.59,0,0,0.35,0.4,14.49,5.83,0,3.89,65.91,4.95,3.53,0.35,0.35,100,0.45,0.45,1.77,,0,63,3,0,12.37,11.67,3.53,3.36,0.88,68.42,10.43,84,3.36,100,0.53,0,0,20.85,78,0.88,8,63,0.88,0.88,28,71,-7,63.62,1.94,0.45,0.85,16.79,86,4.47,9.72,0.18,0.18,0,0.71,8.84,9.01,0,0,0,,1.77,11,68,21,9,65,25,15.66,15.86,0.97,100,0.19,15.16,15.92,0,0,0,0,0,,0,0,,0,0,0,0,0,0,20,6,5.2,27,-0.09,-0.03,0.02,0.07,,-0.03
Brayan Córdoba,Cúcuta Deportivo,Primera A,2026,889,Left Centre Back,Colombia,27,17/09/99,0.1,0.1,0.03,0.07,0.4,25,25,0,,0.08,0,0.03,0.2,0,0.03,0.2,0,0,0,0.1,0.06,0.61,0.04,0,0,0,,0.61,0,0.2,0.2,0.51,0.34,3.74,2.82,8.2,4.45,0.05,4.35,24.13,4.96,1.11,1.52,2.02,83,1.42,1.76,0.61,67,0.3,48,1.42,0,6.07,5.06,2.83,1.11,0.61,28.96,1.32,22,0.51,45,0.1,0,0,26.91,81,2.43,15,55,4.65,3.54,12,52,-29,32.72,1.52,0.32,0.33,23.17,98,4.49,1.32,0,0,0,0.1,1.11,1.11,0,,0,,0.2,28,70,2,38,62,0,23.69,28.54,0.94,84,4.84,22.21,24.1,0,0,0,0,0,,0,0,,0,0,0,0,0,0,22,7,2.05,19,0.04,0.01,0.13,-0.03,,0.15
Brayan Montaño,Cúcuta Deportivo,Primera A,2026,1399,Left Centre Back,Colombia,24,01/05/02,0.06,0.06,0.02,0.13,0.13,50,50,0,,0.04,0,0.02,0.19,0,0.01,0.13,0,0.01,0.06,0.06,0.04,0.32,0.03,0.19,0.19,0,100,0.32,0,0.39,0.26,1.09,0.87,3.22,2.22,6.24,3.02,0.04,2.51,21.4,6.43,1.35,0.51,1.61,80,0.36,1.23,0.45,50,0.13,45,0.58,0,5.34,4.06,1.87,0.9,0.32,25.82,0.39,7,0.32,36,0.13,0,0,31.85,79,1.99,87,42,3.99,3.99,13,67,-12,39.83,2.25,0.15,0.15,26.77,98,3.74,2.77,0.13,0.06,0.06,0.06,0.26,0.32,0,0,0.06,100,0.06,36,57,7,51,37,12,20.9,21.81,0.9,87,0.91,18.81,19.06,0,0,0,0,0,,0,0,,0,0,0,0,0,0,26,11,2.39,25,0.06,0.04,0.09,0.02,,0.2
Brayan Rovira,Deportes Tolima,Primera A,2026,1250,Left Defensive Midfielder,Colombia,30,01/12/96,0.07,0.07,0.05,0.02,1.94,4,26,1,,0.11,0.14,0.06,0.58,0.14,0.04,0.5,0,0.01,0.07,0.22,0.1,2.52,0.11,0.5,0.43,0.07,86,0.43,0,0.65,0.36,0.43,0.57,1.37,1.72,11.66,7.49,0.03,4.82,41.17,8.57,3.74,1.37,1.8,68,1.96,2.53,0.79,25,0.65,43,0.65,0,9.5,13.24,3.96,2.45,1.08,44.3,3.82,40,1.22,50,0.43,0,0,53.64,91,4.39,15,67,2.09,5.83,12,81,-10,42.34,3.67,0.52,0.57,44.28,98,3.73,7.42,0.5,0.36,0.14,0,0.86,1.22,0,0,0,,0.22,14,79,7,14,81,6,20.4,18.9,0.93,95,-1.5,19.03,17.86,0,0,0,0,0,,0,0,,0,0,0,0,0,0,14,9,5.87,34,0.07,0.06,0,-0.03,,0.1
Bryan Castrillón,Junior,Primera A,2026,1331,Left Wing,Colombia,27,29/03/99,0.14,0.14,0.25,0.09,2.91,5,49,5,,0.25,0.14,0.12,0.88,0.14,0.12,0.88,0,0,0,0.27,0.38,3.79,-0.11,2.03,1.35,0.68,67,0.74,0,2.57,2.23,0.41,0.38,0.27,0.2,14.06,7.17,0.01,4.06,54.4,5.41,3.04,0.68,1.08,53,0.62,1,0.47,10,0.61,25,0.2,0,12.98,12.14,3.38,3.45,1.22,55.27,7.71,59,2.84,82,0.14,0,0,27.05,78,0.81,14,46,0.54,1.49,11,71,-7,62.19,4.87,0.34,0.52,30.22,85,6.7,11.29,0.74,0.74,0,0.81,5.27,6.02,0.07,45,0.81,43,0.74,14,71,15,14,75,10,16.43,16.31,0.96,97,-0.12,15.69,15.79,0,0,0,0,0,,0,0,,0,0,0,0,0,0,25,8,5.4,36,0.12,0.1,0,0.05,,0.27
Bryan Urueña,Rionegro,Primera A,2026,1044,Left Midfielder,Colombia,34,30/10/92,0,0,0.05,0.05,1.12,0,8,1,,0.02,0.43,0.41,3.54,0.34,0.18,1.55,0.09,0.24,1.98,0.43,0.47,4.66,-0.04,0.43,0.17,0.26,40,1.38,0,1.64,1.64,0.26,0.25,0.17,0.19,10.52,5,0.01,3.28,48.28,6.47,3.28,1.21,1.47,74,0.93,1.18,0.34,58,0.43,57,0.34,0,9.14,7.46,2.76,2.07,1.21,48.93,4.05,44,1.38,67,0.34,0,0,38.63,71,6.99,14,56,1.29,11.38,21,80,9,58.16,6.47,0.39,0.52,37.77,93,4.68,10.78,4.14,1.72,2.41,0.34,1.29,3.02,0.26,33,1.64,41,0.43,17,73,10,24,66,10,25.36,19.97,0.91,99,-5.4,23.17,19.82,0,0,0,0,0,,0,0,,0,0,0,0,0,0,26,8,8.76,64,0.37,0.06,0,-0.04,,0.38
Carlos Bacca,Junior,Primera A,2026,327,Centre Forward,Colombia,40,07/09/86,0.55,0.55,0.46,0.34,1.38,40,60,4,,0.58,0.28,0.36,1.1,0.28,0.36,1.1,0,0,0,0.83,0.83,2.48,0,0.28,0.28,0,100,0,0,0.55,1.65,0.28,0.28,0.83,0.84,14.86,7.43,0,3.85,66.02,2.2,1.38,0,0.28,,0,0.28,0,,0,50,1.1,0,14.86,15.83,3.58,3.85,1.65,69.03,12.93,87,3.85,100,0.28,0,0,11.56,68,0,17,0,1.1,0.55,17,38,-31,62.02,0.83,0.29,0.87,9.63,77,2.53,4.68,0.28,0.28,0,0.55,5.78,6.05,0.28,0,0,0,1.1,9,74,17,0,88,12,17.32,23.63,0.9,85,6.31,15.63,20.04,0,0,0,0,0,,0,0,,0,0,0,0,0,0,32,13,1.71,16,0.04,-0.01,0.02,0.29,,0.33
Carlos Cortés,Llaneros,Primera A,2026,1601,Centre Forward,Colombia,25,16/09/01,0.17,0.11,0.15,0.1,1.57,7,39,4,100,0.16,0,0.04,0.45,0,0.04,0.45,0,0,0,0.11,0.2,2.02,-0.08,0.56,0.34,0.22,60,1.41,0.06,1.97,2.19,0.17,0.12,1.35,1.01,15.29,8.21,0.01,3.54,60.63,3.15,1.91,0.39,0.56,64,0.27,0.39,0.67,33,0.22,47,3.26,0.06,14.22,12.14,3.32,1.8,0.34,65.77,11.47,81,1.46,81,0.17,0,0,15.18,67,0.39,9,58,1.57,0.45,33,56,-11,62.66,1.18,0.25,0.35,13.49,75,5.64,5.4,0.11,0.11,0,0.17,4.5,4.61,0,0,0.17,43,0.51,16,61,23,7,69,24,15.9,15.6,0.99,100,-0.29,15.8,15.66,0,0,0,0,0,,0,0,,0,0,0,0,0,0,33,8,2.04,17,-0.01,0.02,0.02,0,,0.04
Carlos Esparragoza,Alianza Valledupar,Primera A,2026,1508,Left Defensive Midfielder,Colombia,27,05/03/99,0,0,0.04,0.03,1.61,0,4,1,,0,0,0.03,1.07,0,0.02,0.78,0,0.01,0.3,0,0.07,2.69,-0.07,0.84,0.66,0.18,79,0.66,0,0.9,0.72,1.07,0.81,0.9,0.85,19.16,11.7,0.01,4.83,44.34,8.59,3.7,1.67,2.75,61,1.25,2.07,1.79,22,1.07,74,0.84,0,15.7,12.85,4.06,3.76,1.01,45.9,6.74,43,1.97,52,0.6,0,0,46.91,81,5.01,18,56,1.61,8.18,13,78,-3,48.45,6.8,0.23,0.26,38.56,96,3.74,9.55,1.19,0.66,0.54,0,0.3,0.95,0.12,5,0.18,27,0,22,68,10,33,60,8,23.07,20.22,0.91,96,-2.84,20.96,19.31,0,0,0,0,0,,0,0,,0,0,0,0,0,0,20,8,5.53,43,0.05,0.04,0.04,-0.06,,0.07
Carlos Henao,Jaguares de Córdoba,Primera A,2026,2382,Left Centre Back,Colombia,38,02/12/88,0,0,0.04,0.05,0.79,0,24,0,,0,0,0.01,0.11,0,0.01,0.08,0,0.01,0.04,0,0.05,0.91,-0.05,0.04,0.04,0,100,0.26,0,0.08,0.08,1.06,0.75,4.04,2.92,7.71,4.5,0.06,4.23,23.28,5.86,0.87,1.21,2.27,74,0.98,1.72,0.6,21,0.42,57,1.47,0.04,5.97,4.82,2.61,0.83,0.38,29.51,0.72,12,0.23,27,0.3,0,0,29.77,76,4.04,87,49,5.1,7.18,11,52,-25,34.35,2.19,0.24,0.25,22.02,100,3.56,2.08,0.15,0.08,0.08,0.04,1.02,1.1,0,25,0.04,17,0.11,35,63,3,51,47,2,28.41,28.08,0.85,80,-0.34,24.28,22.59,0,0,0,0,0,,0,0,,0,0,0,0,0,0,24,7,2.52,20,0.07,0.03,0.08,-0.04,,0.14
Carlos Lucumí,Alianza Valledupar,Primera A,2026,1162,Centre Forward,Colombia,26,03/03/00,0.08,0,0.12,0.09,1.39,0,28,5,100,0.07,0,0.04,0.77,0,0.04,0.77,0,0,0,0,0.16,2.17,-0.16,1.24,0.7,0.54,56,1.16,0,0.7,3.41,0,0,0.62,0.35,14.26,5.97,0.01,2.71,64.07,3.49,2.32,0.46,0.46,75,0.38,0.38,1.01,50,0.15,48,2.71,0,12.86,8.93,2.48,2.17,0.39,65.85,10.07,78,1.94,89,0.08,0.08,0,11.08,71,0.31,13,57,0.7,0.46,31,49,-22,58.47,0.93,0.14,0.23,11.39,75,4.92,3.33,0,0,0,0.54,4.34,4.34,0,,0.08,50,0.77,13,65,23,7,79,14,15.33,13.1,1.03,90,-2.23,15.74,11.75,0,0,0,0,0,,0,0,,0,0,0,0,0,0,29,9,2.18,18,-0.04,-0.03,0,-0.02,,-0.09
Carlos Ordóñez,Jaguares de Córdoba,Primera A,2026,834,Right Back,Colombia,24,15/06/02,0,0,0.06,0.06,0.97,0,22,1,,0.01,0,0.01,0.43,0,0.01,0.32,0,0.01,0.11,0,0.07,1.4,-0.07,0,0,0,,0.11,0,0.22,0.32,0.86,0.72,4.64,3.42,8.95,3.99,0.07,5.18,23.6,7.87,1.62,1.08,1.94,77,1.07,1.8,0.86,0,0.32,69,2.7,0,7.01,6.56,3.34,0.76,0.22,27.72,0.97,14,0.32,43,0.54,0,0,29.45,76,2.37,14,47,5.61,4.1,14,48,-28,40.15,2.27,0.23,0.26,21.03,98,4.4,2.16,0.32,0.11,0.22,0.11,2.05,2.16,0,0,0.11,17,0.11,32,62,6,50,45,5,21.99,22.87,0.89,85,0.88,19.67,19.51,0,0,0,0,0,,0,0,,0,0,0,0,0,0,25,10,1.87,12,0.03,0.04,0.05,-0.08,,0.04
Carlos Rentería,Cúcuta Deportivo,Primera A,2026,458,Left Defensive Midfielder,Colombia,31,04/07/95,0.39,0.39,0.04,0.1,0.39,100,100,1,,0.23,0.2,0.02,0.59,0.2,0.02,0.59,0,0,0,0.59,0.06,0.98,0.53,0.59,0.39,0.2,67,0.98,0,0.59,0.59,0.59,0.25,0.98,0.48,23.96,13.94,0.04,5.5,41.31,7.86,4.32,2.16,2.75,73,1.4,1.64,2.75,0,0.79,33,0.39,0,19.05,13.91,4.91,4.12,1.96,43.72,7.27,38,2.16,52,0.39,0.2,0,30.44,88,2.95,16,83,1.18,3.34,12,74,-14,47.03,1.57,0.2,0.2,25.73,95,4.46,3.93,0.39,0.39,0,0,0.2,0.59,0,50,0.2,50,0.2,16,73,11,30,55,15,19.77,16.89,0.99,103,-2.87,19.56,17.4,0,0,0,0,0,,0,0,,0,0,0,0,0,0,16,7,2.12,20,0.03,0.02,0.04,0.13,,0.23
Carlos Romaña,Atlético Bucaramanga,Primera A,2026,1215,Right Centre Back,Colombia,27,09/11/99,0,0,0,0.02,0.3,0,0,0,,0,0.07,0.01,0.15,0.07,0.01,0.15,0,0,0,0.07,0.02,0.44,0.06,0.52,0.37,0.15,71,0.67,0,0.89,0.52,1.48,1.52,3.93,3.87,11.41,6.15,0.04,6.52,27.48,11.55,2.44,1.56,3.04,88,1.74,3.26,1.41,70,0.22,83,2.52,0.07,8.52,8.36,4.44,1.41,0.59,32.76,1.78,21,0.74,53,0.22,0,0,36.52,79,4.07,8,59,4.59,6.3,13,55,-23,36.73,2.89,0.22,0.23,29.41,95,5.92,3.48,0.15,0.15,0,0.3,0.89,1.04,0,0,0.07,33,0.3,29,68,3,30,70,0,24.37,21.82,0.93,99,-2.54,22.76,21.52,0,0,0,0,0,,0,0,,0,0,0,0,0,0,22,8,2.73,21,0.03,0.07,0.01,-0.01,,0.1
Carlos Sarabia,Millonarios,Primera A,2026,1279,Right Wing Back,Colombia,21,12/06/05,0.07,0.07,0.03,0.07,0.49,14,29,1,,0.05,0.14,0.11,1.06,0.14,0.1,0.98,0,0,0.07,0.21,0.14,1.55,0.07,0.35,0.14,0.21,40,0.21,0,0.91,1.41,1.06,0.71,1.76,1.41,12.66,5.98,0.01,4.29,37.22,5.06,2.6,1.34,2.39,59,1.08,1.8,0.7,31,0.91,67,0.7,0,10.69,8.13,3.45,1.62,0.42,41.48,4.15,39,1.27,78,0,0,0,27.01,77,1.27,3,37,1.97,3.24,14,65,-13,56.45,2.39,0.39,0.44,24.48,93,3.88,8.44,1.48,1.27,0.21,0.42,1.76,3.02,0,67,1.27,41,0.49,19,65,16,13,65,23,19.19,16.5,0.9,101,-2.69,17.27,16.73,0,0,0,0,0,,0,0,,0,0,0,0,0,0,25,11,4.57,26,0.16,0.04,0.01,0.01,,0.22
Carlos Vivas,Inter Bogotá,Primera A,2026,2565,Right Centre Back,Venezuela,24,03/04/02,0.04,0.04,0.04,0.06,0.56,6,44,0,,0.07,0,0.01,0.21,0,0,0.14,0,0,0.07,0.04,0.04,0.77,-0.01,0.39,0.32,0.07,82,0.18,0,0.18,0.21,0.84,0.69,4.39,3.24,10.39,5.26,0.07,5.58,24.96,6.84,1.4,1.65,2.49,69,1.22,1.91,0.6,54,0.74,57,1.37,0.07,8.14,6.03,3.58,0.88,0.49,30.09,1.47,18,0.42,48,0.28,0,0,36.04,84,4.77,5,62,5.37,6.74,10,64,-20,35.98,2.81,0.27,0.29,30.53,99,4.71,3.4,0.35,0.11,0.25,0,0.67,0.77,0.04,30,0.21,43,0.04,30,67,3,37,59,4,25.76,26.06,0.91,90,0.3,23.54,23.55,0,0,0,0,0,,0,0,,0,0,0,0,0,0,18,8,3.17,22,0.06,0.05,0.07,0.02,,0.2
Carlos de las Salas,Atlético Bucaramanga,Primera A,2026,593,Left Back,Colombia,28,25/04/98,0,0,0.03,0.03,0.76,0,0,1,,0,0,0.07,0.3,0,0.07,0.3,0,0,0,0,0.09,1.06,-0.09,0.46,0.15,0.3,33,1.21,0,1.21,0.76,0.91,0.92,1.21,1.36,11.53,5.31,0.07,4.25,36.23,7.13,3.19,1.06,1.97,78,1.07,2,1.06,60,0.3,40,0.61,0,9.41,9.06,3.49,1.97,0.76,41.64,3.49,37,1.37,69,0.15,0,0,30.65,80,0.91,91,38,1.52,2.12,20,70,-10,50.67,3.03,0.39,0.48,26.55,93,3.7,6.83,0.76,0.61,0.15,0.15,1.37,1.97,0,0,0.15,11,0.15,33,56,11,36,51,13,17,14.4,0.92,109,-2.6,15.58,15.67,0,0,0,0,0,,0,0,,0,0,0,0,0,0,30,14,4.01,24,0.11,0.03,0.08,-0.03,,0.19
Charly Villegas,Alianza Valledupar,Primera A,2026,423,Left Wing,Colombia,21,03/04/05,0.21,0.21,0.06,0.05,1.28,17,17,2,,0.13,0,0.01,0.21,0,0.01,0.21,0,0,0,0.21,0.07,1.49,0.14,1.7,1.06,0.64,63,1.91,0,1.28,2.55,0.43,0.29,0.43,0.62,19.36,10.64,0.02,6.38,45.01,7.45,4.47,1.49,1.91,58,1.16,1.45,1.91,29,1.06,33,0.43,0,15.96,12.74,4.47,1.7,0.85,46.57,6.17,39,1.28,75,0.21,0,0,27.23,79,0.43,85,22,0.64,1.7,16,91,12,57.61,5.53,0.16,0.18,30.64,88,5.57,10.64,0.21,0.21,0,0,1.7,1.91,0,0,0,0,0,20,65,15,28,58,14,17.65,17.27,0.88,95,-0.38,15.49,16.46,0,0,0,0,0,,0,0,,0,0,0,0,0,0,20,9,2.43,19,-0.04,0.1,-0.05,0,,0.01
Christian Mafla,Santa Fe,Primera A,2026,1945,Left Back,Colombia,33,14/01/93,0.09,0.09,0.05,0.08,0.6,15,46,1,,0.06,0.05,0.02,0.28,0.05,0.02,0.28,0,0,0,0.14,0.07,0.88,0.07,0.37,0.23,0.14,63,0.74,0,0.6,0.79,0.83,0.63,2.59,2.46,10.37,5.41,0.04,4.03,30.59,7.59,1.76,1.06,1.9,72,0.88,1.51,0.79,47,0.42,63,1.43,0,8.52,7.43,2.78,1.3,0.37,35.17,2.04,24,0.83,64,0.19,0.05,0,27.21,76,1.43,81,42,3.38,2.64,17,66,-10,48.62,2.87,0.21,0.24,22.35,95,4.41,5,0.32,0.28,0.05,0.09,1.34,1.62,0,43,0.23,24,0.14,31,57,12,34,51,15,19.28,19.48,0.9,93,0.2,17.32,18.07,0,0,0,0,0,,0,0,,0,0,0,0,0,0,26,11,2.92,21,0.06,0.05,0.03,0,,0.14
Christopher Martín,Millonarios,Primera A,2026,479,Right Wing Back,Colombia,20,31/12/05,0,0,0,0,0.38,0,0,1,,0,0,0.06,0.94,0,0.06,0.94,0,0,0,0,0.06,1.31,-0.06,0,0,0,,1.13,0,1.31,0.94,0.75,0.66,0.38,0.36,18.22,7.89,0,7.32,36.36,6.38,2.07,3,3.76,84,2.36,3.02,1.31,33,0.56,57,0.75,0,13.9,11.28,5.82,1.5,0.94,36.82,3.38,24,0.75,50,0.38,0,0,31.17,77,2.25,4,52,1.13,3.57,14,79,3,53.82,1.88,0.21,0.26,26.48,94,4.38,7.7,1.69,1.31,0.38,0,0.19,1.5,0,67,1.31,39,0,17,68,15,10,76,15,20.13,20.89,0.93,104,0.76,18.69,21.83,0,0,0,0,0,,0,0,,0,0,0,0,0,0,30,12,4.98,32,0.1,0.05,0.02,-0.01,,0.15
Cristian Arango,Atlético Nacional,Primera A,2026,706,Centre Forward,Colombia,31,08/03/95,0.25,0.25,0.38,0.1,3.95,6,48,8,,0.49,0.13,0.12,1.4,0.13,0.12,1.4,0,0,0,0.38,0.51,5.35,-0.12,1.4,0.64,0.76,45,1.02,0,0.76,2.93,0,0,0.38,0.39,16.05,6.62,0.02,3.69,63.75,5.35,3.69,0.76,0.76,86,0.63,0.63,1.4,67,0.13,50,1.4,0,13.89,15.2,3.44,4.2,0.76,65.71,11.21,81,3.44,82,0.25,0,0.13,18.47,70,0.51,13,36,0.64,1.15,19,62,-8,60.8,2.42,0.45,0.71,19.87,86,6.27,6.62,0.64,0.64,0,0.64,6.75,7.39,0,20,0.38,27,0.89,13,76,11,15,77,8,16.65,14.11,0.95,94,-2.55,15.82,13.26,0,0,0,0,0,,0,0,,0,0,0,0,0,0,36,12,4.43,24,0.03,0.08,0.03,0.13,,0.26
Cristian Arrieta,Deportes Tolima,Primera A,2026,1642,Right Back,Colombia,30,02/01/96,0,0,0.01,0.04,0.38,0,0,0,,0,0,0.01,0.33,0,0.01,0.33,0,0,0,0,0.03,0.71,-0.03,0.82,0.55,0.27,67,0.99,0.05,0.6,0.55,1.7,2.05,2.63,2.84,12.44,6.14,0,5.86,31.94,7.73,2.63,1.86,3.56,67,2.28,4.33,0.82,40,0.93,50,0.71,0,9.76,11.56,4.11,1.7,0.55,36.24,2.58,26,0.88,52,0.22,0,0,38.26,86,1.53,12,56,2.8,2.58,9,81,-6,47.55,2.8,0.33,0.34,32.56,97,4.07,6.19,0.71,0.49,0.22,0,0.38,0.88,0,23,0.16,23,0.05,20,67,13,22,65,12,17.45,15.75,0.95,105,-1.71,16.55,16.58,0,0,0,0,0,,0,0,,0,0,0,0,0,0,18,9,3.14,24,0.06,0.09,0.03,-0.01,,0.16
Cristian Barrios,Junior,Primera A,2026,1955,Right Wing,Colombia,28,18/05/98,0.23,0.23,0.18,0.14,1.24,19,48,2,,0.22,0,0.11,1.47,0,0.08,1.06,0,0.03,0.41,0.23,0.29,2.72,-0.06,1.1,0.64,0.46,58,1.66,0.05,2.12,2.39,0.32,0.32,0.41,0.32,13.86,6.63,0.01,3.55,52.62,6.45,3.18,0.87,1.2,68,1.05,1.37,0.74,27,0.41,42,0.51,0,12.25,13.09,3.08,4.14,1.47,54.88,7,57,3.22,78,0.14,0,0,31.77,78,1.2,86,47,0.51,2.44,15,76,-2,61.72,3.5,0.34,0.43,31.49,88,4.55,11.46,1.84,1.34,0.51,0.46,3.82,5.16,0.14,13,0.41,38,0.74,17,68,16,20,67,13,17.01,13.87,0.95,102,-3.15,16.1,14.18,0,0,0,0,0,,0,0,,0,0,0,0,0,0,25,10,5.25,34,0.01,0.04,0.02,0.05,,0.12
Cristian Blanco,Boyacá Chicó,Primera A,2026,447,Left Back,Colombia,27,28/01/99,0,0,0,,0,,,0,,0,0,0.03,0.4,0,0.03,0.4,0,0,0,0,0.03,0.4,-0.03,0.2,0,0.2,0,0.6,0,0,0.4,1.41,0.66,1.81,0.71,17.31,7.85,0,6.24,28.08,9.26,2.62,3.02,4.43,79,1.4,2.06,1.81,78,0.81,100,0.81,0,12.48,5.59,4.43,2.01,0.2,30.49,1.81,15,0.81,40,0,0,0.2,36.24,67,2.42,90,32,2.21,7.05,10,38,-30,43.33,2.62,0.11,0.11,26.57,99,2.89,3.42,1.01,0.4,0.6,0,0.2,0.6,0,20,0.2,33,0,35,59,6,24,65,12,21.5,16.59,0.85,111,-4.91,18.19,18.35,0,0,0,0,0,,0,0,,0,0,0,0,0,0,28,4,1.95,20,0.15,0.05,0.05,,,0.25
Cristian Dájome,Inter Bogotá,Primera A,2026,557,Right Wing,Colombia,32,02/01/94,0.16,0,0.01,0.02,0.81,0,40,1,100,0.01,0.32,0.18,2.26,0.16,0.12,1.78,0.16,0.06,0.48,0.32,0.19,3.07,0.13,3.07,1.78,1.29,58,1.45,0,2.58,3.07,0.48,0.33,0.16,0.07,20.67,11.3,0,6.62,53.6,5.65,3.07,2.42,2.91,83,1.83,2.16,0.97,67,0.48,30,0.48,0.16,17.28,13.22,5.49,4.04,1.94,53.83,10.17,59,2.91,72,0,0,0,26.32,71,1.94,19,50,0.65,3.39,23,74,3,62.42,3.07,0.27,0.37,29.06,84,5.93,10.5,2.26,1.61,0.65,0.32,1.61,3.23,0.16,21,0.97,55,0.32,15,69,16,15,66,18,19.75,17.83,0.95,96,-1.92,18.77,17.12,0,0,0,0,0,,0,0,,0,0,0,0,0,0,24,10,6.94,46,0.14,0.04,0.03,-0.02,,0.19
Cristian Santander,Fortaleza CEIF,Primera A,2026,391,Goalkeeper,Colombia,23,19/08/03,0,0,0,,0,,,0,,0,0,0,0,0,0,0,0,0,0,0,0,0,0,0,0,0,,0.23,0,0,0,0,0,0,0,0,0,0,7.6,2.77,4.15,0,0,0,,0,0,0,,0,,0,0,0,0,0,0,0,,0,,0,,0,0,0,15.43,75,4.61,21,47,1.84,8.06,11,67,-8,10.12,0.46,0.04,0.04,13.82,100,5.48,0.46,0,0,0,0,0,0,0,,0,,0,47,53,0,100,0,0,33.57,45.23,0.8,98,11.65,26.82,44.16,1.38,0.99,-0.39,54,67,-13,0.89,2.99,29,10.37,1.92,0,0,18.09,-3,19,1,0.41,3,0.05,0.05,,,-0.47,-0.36
Cristian Tovar,América de Cali,Primera A,2026,1234,Right Centre Back,Colombia,28,05/05/98,0.07,0.07,0.05,0.08,0.58,13,38,0,,0.04,0,0,0,0,0,0,0,0,0,0.07,0.05,0.58,0.02,0.15,0.15,0,100,0.15,0,0.15,0,0.66,0.76,5.18,5.38,6.27,3.06,0.08,2.63,20.06,6.27,0.95,0.51,1.17,78,0.48,1.23,0.66,50,0.15,49,1.68,0,5.1,5.53,1.46,0.51,0.07,26.56,0.88,17,0.15,29,0.15,0,0.07,33.33,90,1.9,7,51,5.98,2.92,11,73,-17,33.68,1.17,0.27,0.28,26.18,100,3.58,1.53,0,0,0,0.07,1.31,1.31,0,,0,,0.07,27,70,3,33,62,5,20.38,24.76,0.9,83,4.38,18.44,20.62,0,0,0,0,0,,0,0,,0,0,0,0,0,0,13,6,2.68,16,0.03,0.03,0.12,-0.02,,0.16
Cristian Trujillo,Deportes Tolima,Primera A,2026,1035,Left Defensive Midfielder,Colombia,28,08/08/98,0,0,0.01,0.05,0.26,0,33,0,,0.03,0,0.01,0.43,0,0.01,0.43,0,0,0,0,0.03,0.7,-0.03,0.35,0.17,0.17,50,1.57,0,0.35,0.52,1.04,1.05,1.39,1.48,27.75,15.48,0.04,10.79,37.99,7.39,2.78,3.65,4.7,72,3.53,4.58,2,38,1.39,52,1.22,0,22.09,19.73,8.44,3.83,1.3,39.69,6.87,31,1.74,45,0.09,0,0.09,44.54,87,2.09,7,55,1.74,3.48,10,70,-18,41.63,3.83,0.26,0.27,36.27,98,3.53,4.87,0.17,0.09,0.09,0,0.17,0.26,0.09,0,0,0,0,22,71,6,36,64,0,18.7,17.5,0.93,90,-1.2,17.47,15.82,0,0,0,0,0,,0,0,,0,0,0,0,0,0,16,8,3.69,33,0.03,0.04,0.06,-0.01,,0.12
Cristian Vergara,Alianza Valledupar,Primera A,2026,624,Centre Forward,Colombia,27,12/12/99,0.29,0.29,0.37,0.17,2.16,13,20,5,0,0.14,0,0.03,0.72,0,0.03,0.72,0,0,0,0.29,0.41,2.88,-0.12,0.29,0,0.29,0,1.59,0,2.02,3.17,0.43,0.3,0.87,0.67,18.6,6.06,0,4.18,68.32,2.6,2.02,0.87,1.3,100,0.46,0.77,2.45,,0,43,1.87,0,15.29,12.33,3.89,2.45,0.43,72.84,13.27,87,2.31,94,0.29,0,0,12.4,75,0.58,14,57,0.87,1.01,20,71,-3,62.48,1.15,0.1,0.47,14.42,74,4.45,5.62,0.14,0.14,0,0.29,5.62,5.77,0,0,0,0,0.43,8,70,22,10,77,13,15.14,12.44,0.93,107,-2.7,14.09,13.31,0,0,0,0,0,,0,0,,0,0,0,0,0,0,28,8,3.43,24,-0.06,-0.09,0.03,-0.21,,-0.34
Cristian Álvarez,Jaguares de Córdoba,Primera A,2026,1281,Centre Attacking Midfielder,Argentina,34,27/09/92,0.21,0.21,0.1,0.06,1.62,13,39,2,,0.08,0.28,0.26,2.67,0.14,0.16,1.76,0.14,0.1,0.91,0.49,0.36,4.29,0.13,1.12,0.42,0.7,38,1.55,0.07,2.46,2.25,0.7,0.5,0.14,0.09,16.09,8.78,0.01,4.36,51.03,6.67,3.16,0.7,1.41,71,0.42,0.92,0.7,20,0.28,33,0.56,0,14.68,11.24,3.93,3.79,1.55,51.2,7.24,49,2.25,59,0.07,0,0,36.88,77,3.86,6,56,0.42,6.67,17,79,3,55.35,5.76,0.34,0.48,38.08,89,5.46,9.41,2.67,1.19,1.48,0.14,1.83,3.02,0.28,11,0.35,38,0.21,18,69,13,25,66,8,20.89,16.36,0.91,95,-4.54,18.93,15.59,0,0,0,0,0,,0,0,,0,0,0,0,0,0,23,7,7.37,55,0.07,0.1,0.01,-0.01,,0.16
Cristián Camilo Mosquera Rivas,Boyacá Chicó,Primera A,2026,516,Right Back,Colombia,26,05/12/00,0,0,0,0.01,0.17,0,100,0,,0,0,0,0,0,0,0,0,0,0,0,0,0.17,0,0.17,0.17,0,100,0.35,0,0.17,0.17,0.35,0.31,2.96,1.06,14.47,8.2,0.02,4.36,30.09,9.59,2.44,1.92,2.27,73,1.08,1.39,1.39,43,0.7,50,0.7,0.17,11.16,6.95,4.01,2.27,0.87,33.18,2.62,23,1.39,62,0.17,0,0,28.6,70,1.39,6,21,4.18,5.41,11,61,-9,48.91,3.49,0.26,0.26,22.32,99,3.69,5.58,0.7,0.35,0.35,0,0.35,0.7,0,0,0,0,0.17,37,56,6,31,53,16,22.35,25.13,0.74,75,2.78,16.64,18.95,0,0,0,0,0,,0,0,,0,0,0,0,0,0,29,9,2.46,30,0.16,0.04,0.06,0,,0.26
Cristopher Fiermarín,Atlético Bucaramanga,Primera A,2026,598,Goalkeeper,Uruguay,28,31/12/97,0,0,0,,0,,,0,,0,0,0,0,0,0,0,0,0,0,0,0,0,0,0,0,0,,0.15,0,0,0,0,0,0,0,0,0,0,6.32,2.69,5.27,0,0,0,,0,0,0,,0,,0,0,0,0,0,0,0,,0,,0,,0,0,0,20.92,72,7.38,22,46,1.66,14.3,10,76,4,11.01,0.6,0.1,0.1,19.57,100,5.41,0.3,0,0,0,0,0,0,0,,0,,0,45,55,0,100,0,0,42.75,40.31,0.74,83,-2.44,31.67,33.59,0.6,0.59,-0.01,71,72,0,0.73,2.11,20,10.39,1.4,0.45,0.15,15.5,-3,26,2,0.96,9,0.09,0.1,,,0.09,0.27
César Haydar,Atlético Nacional,Primera A,2026,1566,Left Centre Back,Colombia,25,30/03/01,0,0,0.02,0.04,0.57,0,10,0,,0,0.06,0.05,0.75,0.06,0.05,0.75,0,0,0,0.06,0.08,1.32,-0.02,0.57,0.34,0.23,60,0.92,0,0.23,0.52,0.57,0.68,3.79,4.64,6.49,3.74,0.04,4.2,26.04,10.52,2.18,1.09,1.67,70,1.35,2.02,0.52,63,0.46,66,1.21,0,4.88,5.62,2.07,0.8,0.17,34,1.26,26,0.52,64,0.11,0,0,49.82,86,5.92,86,63,4.54,8.68,9,68,-17,39.49,6.55,0.37,0.38,41.78,98,4.94,7.47,0.63,0.57,0.06,0.06,0.69,1.26,0,27,0.17,38,0.06,27,70,3,32,67,1,23.92,22.8,0.93,93,-1.12,22.19,21.29,0,0,0,0,0,,0,0,,0,0,0,0,0,0,18,9,5.05,27,0.13,0.06,0.02,-0.03,,0.17
D.Longa,Inter Bogotá,Primera A,2026,603,Centre Forward,Colombia,22,08/04/04,0.3,0.3,0.33,0.12,2.69,11,28,7,,0.35,0,0.02,0.6,0,0.02,0.6,0,0,0,0.3,0.34,3.28,-0.04,1.49,0.9,0.6,60,1.19,0,2.69,3.73,0.3,0.25,0.45,0.44,23.57,9.4,0.04,4.48,61.03,4.03,2.54,0.75,1.04,83,0.34,0.58,2.09,0,0.15,29,0.75,0,20.74,15.84,3.88,3.88,0.45,63.51,16.26,78,3.88,100,0.45,0,0,11.34,72,0.45,20,33,0.9,0.9,26,61,-11,59.68,1.34,0.52,0.64,17.31,71,5.78,4.03,0.3,0.3,0,0.15,4.18,4.48,0,0,0,0,0.15,16,61,23,22,59,19,17.3,17.38,0.89,77,0.08,15.46,13.3,0,0,0,0,0,,0,0,,0,0,0,0,0,0,35,13,2.78,21,-0.01,0.01,0.04,0.11,,0.15
Dairon Asprilla,Atlético Nacional,Primera A,2026,641,Centre Forward,Colombia,34,24/05/92,0.28,0.28,0.34,0.16,2.11,13,53,6,,0.66,0.14,0.17,1.12,0.14,0.17,1.12,0,0,0,0.42,0.52,3.23,-0.09,1.26,0.7,0.56,56,0.98,0,1.82,2.39,0.42,0.5,0.28,0.31,18.95,7.44,0.01,3.65,66.56,4.07,2.81,0.56,0.98,67,0.9,1.4,1.96,50,0.28,38,1.82,0,16.42,20.58,3.37,3.09,0.7,67.54,13.05,79,3.09,100,0.14,0,0,14.6,79,0.42,12,100,0.28,0.42,26,73,-6,59.92,1.12,0.45,0.74,14.46,77,3.99,5.75,0.42,0.42,0,0.28,5.89,6.32,0,33,0.14,33,0.28,11,65,25,15,56,29,14.9,13.76,1.01,106,-1.14,15.02,14.53,0,0,0,0,0,,0,0,,0,0,0,0,0,0,24,8,4.1,20,-0.01,-0.02,0.02,0.26,,0.25
Dani Torres,Santa Fe,Primera A,2026,2074,Right Defensive Midfielder,Colombia,37,14/11/89,0,0,0.01,0.05,0.3,0,14,0,,0,0.04,0.05,0.65,0.04,0.05,0.61,0,0,0.04,0.04,0.06,0.95,-0.02,0.48,0.3,0.17,64,1.52,0,0.65,1.04,1.43,1.08,1.13,0.93,19.09,11.8,0.04,6.33,41.8,9.5,4.08,1.43,2.86,60,1.02,2.1,1.17,47,0.95,56,0.95,0,16.49,13.41,4.99,2.73,0.78,44.32,6.2,38,1.69,62,0.17,0,0.04,44.17,84,3.12,17,60,1.65,4.69,18,76,-8,49.36,5.9,0.39,0.42,36.18,96,4.28,8.68,0.65,0.56,0.09,0.22,1.26,1.82,0.09,7,0.04,25,0.26,27,66,7,31,67,3,20.02,16.98,0.94,98,-3.04,18.77,16.65,0,0,0,0,0,,0,0,,0,0,0,0,0,0,20,11,4.52,36,0.08,0.07,0.01,-0.02,,0.13
Daniel Cataño,Independiente Medellín,Primera A,2026,655,Centre Attacking Midfielder,Colombia,34,16/01/92,0.27,0.27,0.14,0.06,2.34,12,47,2,,0.28,0.27,0.16,2.06,0.14,0.06,1.24,0.14,0.09,0.82,0.55,0.3,4.4,0.25,0.96,0.82,0.14,86,2.2,0,2.75,2.06,0.69,0.46,0,0,12.64,5.77,0,3.57,55.87,7.01,4.53,1.1,1.79,57,1.29,1.75,1.24,33,0.82,33,0.41,0,10.31,10.29,2.89,2.06,0.82,55.38,6.32,61,1.65,80,0.14,0,0,51.12,82,4.53,10,60,0.96,6.6,18,85,3,60.95,8.66,0.7,0.77,51.81,92,4.71,20.89,2.47,1.65,0.82,0.27,2.61,4.26,0.14,11,0.27,14,0.55,17,70,13,22,71,7,20.25,17.44,0.92,88,-2.8,18.65,15.37,0,0,0,0,0,,0,0,,0,0,0,0,0,0,17,7,7.87,56,0.13,0.07,0.02,0.08,,0.3
Daniel Giraldo,Deportivo Cali,Primera A,2026,1115,Right Defensive Midfielder,Colombia,34,30/06/92,0,0,0.03,0.08,0.4,0,20,1,,0.01,0,0.05,0.65,0,0.04,0.56,0,0,0.08,0,0.08,1.05,-0.08,0.24,0.08,0.16,33,0.97,0,0.65,0.48,0.97,0.96,0.97,0.92,20.18,11.38,0.01,5.17,44.12,10.98,5.08,1.53,2.5,66,1.69,2.65,2.26,29,0.81,57,0.97,0,16.38,17.45,3.71,3.39,0.4,45.93,6.78,41,2.34,69,0.08,0,0,43.58,87,3.15,8,75,1.21,3.95,14,78,-9,50.83,4.92,0.4,0.44,33.41,97,3.92,9.2,0.73,0.65,0.08,0.08,1.21,1.86,0,11,0.16,33,0.24,17,74,9,18,76,5,19.24,16.47,0.99,101,-2.77,19.05,16.6,0,0,0,0,0,,0,0,,0,0,0,0,0,0,15,6,4.66,34,0.04,0.05,0.01,-0.04,,0.07
Daniel Londoño,Independiente Medellín,Primera A,2026,957,Left Centre Back,Colombia,31,31/12/94,0.09,0.09,0.01,0.02,0.47,20,40,0,,0.03,0,0.01,0.28,0,0.01,0.28,0,0,0,0.09,0.02,0.75,0.07,0.38,0.38,0,100,0.85,0,0.19,0,0.28,0.25,2.82,2.24,7.9,4.04,0.06,3.95,27.13,7.05,2.07,0.94,1.22,71,0.88,1.13,0.75,50,0.38,62,0.75,0,6.21,5.73,2.82,0.94,0.47,34.38,1.41,23,0.38,40,0.28,0,0,40.63,85,4.33,66,53,3.95,7.05,14,74,-11,41.93,5.17,0.32,0.32,35.17,99,5.76,6.58,0.38,0.38,0,0,0.19,0.56,0,0,0,0,0,30,65,5,36,59,6,23.23,22.42,0.89,91,-0.81,20.57,20.31,0,0,0,0,0,,0,0,,0,0,0,0,0,0,20,8,4.44,30,0.05,0.07,0.03,0,,0.15
Daniel Londoño,Once Caldas,Primera A,2026,637,Left Centre Back,Colombia,31,31/12/94,0,0,0.04,0.05,0.85,0,17,0,,0.02,0,0.01,0.42,0,0.01,0.42,0,0,0,0,0.05,1.27,-0.05,0,0,0,,0.28,0,0.28,0.14,0.57,0.9,2.69,3.34,7.77,3.11,0.06,4.95,26.34,8.76,2.12,0.99,1.55,78,1.04,1.94,0.57,33,0.28,74,1.98,0,6.22,6.91,3.39,1.13,0.57,29.27,0.99,16,0.57,50,0.14,0,0,50.45,88,6.22,63,59,4.24,9.04,14,69,-19,40.57,6.22,0.45,0.47,44.8,99,5.04,7.35,0.57,0.57,0,0,0.85,1.41,0.14,0,0,,0,27,71,2,27,73,0,25.78,26.4,0.87,79,0.62,22.54,20.96,0,0,0,0,0,,0,0,,0,0,0,0,0,0,18,11,3.93,22,0.09,0.06,0.09,-0.01,,0.23
Daniel Mantilla,Llaneros,Primera A,2026,470,Right Midfielder,Colombia,30,24/12/96,0.19,0.19,0.07,0.06,1.15,17,50,2,,0.28,0,0.03,0.96,0,0.03,0.96,0,0,0,0.19,0.1,2.11,0.09,0.57,0.19,0.38,33,0.38,0,2.11,1.15,0.77,0.64,0.96,0.54,22.98,12.25,0.08,7.08,44.52,5.94,2.3,1.72,2.49,82,1.79,2.43,1.34,75,0.38,43,0.57,0,19.91,17.68,5.94,3.83,1.15,47.48,9.19,46,2.87,75,0.77,0,0,27,76,1.91,19,59,1.34,2.87,23,73,-3,61.04,3.06,0.25,0.27,26.04,89,6.96,10.15,0.96,0.96,0,0,3.25,4.21,0,60,0.96,42,0.38,10,72,19,8,74,19,18.71,16.66,0.97,97,-2.04,18.14,16.14,0,0,0,0,0,,0,0,,0,0,0,0,0,0,20,7,4.61,33,0.09,0.08,-0.05,0.11,,0.22
Daniel Pedrozo,Deportes Tolima,Primera A,2026,598,Left Centre Back,Colombia,22,18/03/04,0,0,0.02,0.02,0.75,0,0,1,,0,0,0,0,0,0,0,0,0,0,0,0.02,0.75,-0.02,0.15,0,0.15,0,0.45,0.15,0,0.3,0.6,0.79,5.27,6.53,12.2,5.87,0.1,5.42,26.4,10.39,1.66,1.96,2.56,81,2.68,3.48,1.96,78,0.45,69,3.01,0.15,8.28,11.17,3.31,1.36,0.75,28.99,1.36,16,0.6,44,0.6,0,0.15,42.02,81,2.71,90,47,5.87,5.12,11,63,-18,39.94,3.77,0.38,0.38,32.23,100,4.15,4.22,0.15,0.15,0,0,0.75,0.9,0,0,0,0,0,27,67,6,39,57,4,21.72,22.72,0.88,80,1,19.2,18.12,0,0,0,0,0,,0,0,,0,0,0,0,0,0,20,8,3.03,18,0.02,0.14,0,-0.02,,0.13
Daniel Rivera,Junior,Primera A,2026,1560,Left Centre Back,Colombia,27,27/02/99,0,0,0.04,0.08,0.52,0,33,0,,0.05,0,0.01,0.29,0,0.01,0.29,0,0,0,0,0.05,0.81,-0.05,0.17,0.17,0,100,0.23,0,0.4,0.29,0.46,0.42,4.91,4.37,12.29,5.83,0.07,5.48,25.52,7.68,1.62,1.62,2.08,80,1.66,2.08,0.69,42,0.4,61,1.62,0,9.98,9.83,4.44,1.15,0.63,29.21,1.56,16,0.58,50,0.12,0,0,33.76,86,3.35,18,62,5.42,4.91,7,60,-25,37.32,2.6,0.34,0.35,27.07,98,4.7,3.29,0.12,0.12,0,0.06,0.98,1.1,0,50,0.06,25,0.06,31,67,3,37,61,2,23.02,23.04,0.93,104,0.02,21.42,23.87,0,0,0,0,0,,0,0,,0,0,0,0,0,0,14,5,3.39,22,0.02,0.04,0.21,-0.03,,0.24
Daniel Ruiz,Millonarios,Primera A,2026,510,Right Attacking Midfielder,Colombia,25,29/07/01,0.18,0.18,0.13,0.06,2.12,8,42,2,,0.08,0.18,0.41,2.29,0.18,0.36,1.59,0,0.05,0.71,0.35,0.54,4.41,-0.19,1.24,1.06,0.18,86,1.59,0,4.06,3,0.35,0.43,0,0,19.24,9,0,5.12,54.79,7.06,4.94,1.06,1.41,60,1.28,1.72,0.88,20,0.71,100,0.18,0,17.3,19.99,4.24,3.71,0.71,54.03,10.06,58,2.47,67,0.18,0,0,43.42,72,3.35,84,43,0.53,7.24,19,70,-2,60.1,5.47,0.29,0.68,43.25,87,4.12,15.89,2.65,1.41,1.24,0.18,3.71,5.12,0.18,27,0.88,33,0.35,16,71,13,18,66,17,20.78,16.07,0.9,110,-4.71,18.66,17.67,0,0,0,0,0,,0,0,,0,0,0,0,0,0,29,9,7.84,47,0.18,0.01,0.01,-0.06,,0.14
Daniel Valencia,América de Cali,Primera A,2026,895,Right Centre Forward,Ecuador,30,12/03/96,0.3,0.3,0.35,0.15,2.41,13,33,6,,0.28,0,0.05,0.8,0,0.05,0.8,0,0,0,0.3,0.4,3.22,-0.1,0.3,0.3,0,100,1.51,0,0.91,1.41,0.5,0.6,0.7,0.93,15.59,6.54,0.01,3.92,60.65,3.02,1.91,0.6,1.11,55,0.92,1.52,0.8,17,0.5,49,1.71,0,14.18,18.66,3.52,3.32,0.8,64.88,11.26,79,2.82,85,0.1,0,0.1,15.79,76,0.8,4,80,0.8,0.91,25,66,-11,62.45,1.01,0.31,0.52,14.18,87,3.14,6.23,0.5,0.5,0,0.4,7.34,7.84,0.1,40,0.4,67,1.31,9,61,29,10,60,31,13.9,13.42,0.97,99,-0.48,13.54,13.23,0,0,0,0,0,,0,0,,0,0,0,0,0,0,22,8,3.33,20,-0.08,-0.03,-0.01,-0.06,,-0.17
Danilo Ortíz,Deportivo Pereira,Primera A,2026,1063,Left Centre Back,Paraguay,34,27/07/92,0,0,0.03,0.11,0.25,0,67,0,,0.08,0,0,0.17,0,0,0.17,0,0,0,0,0.03,0.42,-0.03,0.17,0.17,0,100,0.25,0,0,0.08,0.85,0.61,7.11,4.99,12.53,6.1,0.07,6.52,21.8,7.11,1.1,1.44,2.29,68,1.04,1.65,1.19,36,0.68,69,3.13,0.08,9.99,7.3,3.98,1.52,0.93,27.05,1.1,11,0.34,22,0.08,0,0,34.72,79,6.27,85,60,8.47,9.06,11,61,-18,29.12,1.44,0.17,0.2,25.24,100,3.47,1.44,0,0,0,0,0.76,0.76,0,,0.08,25,0,33,65,2,53,47,0,27.17,26.44,0.91,94,-0.72,24.73,24.77,0,0,0,0,0,,0,0,,0,0,0,0,0,0,24,10,1.81,21,0.04,0.02,0.23,0.05,,0.34
Danovis Banguero,Millonarios,Primera A,2026,932,Left Centre Back,Colombia,37,26/10/89,0,0,0.03,0.04,0.68,0,29,0,,0.03,0,0.04,0.58,0,0.04,0.58,0,0,0,0,0.07,1.25,-0.07,0.68,0.58,0.1,86,0.29,0,1.16,1.06,1.64,1.49,2.99,2.53,11.68,5.5,0.04,5.41,35.65,9.27,2.22,2.22,3.86,79,2.07,3.56,0.97,58,0.58,61,1.06,0,8.49,7.15,3.67,1.64,0.58,38.68,2.51,30,0.77,47,0.19,0,0,41.31,78,2.99,79,46,3.76,5.69,12,69,-9,47.77,5.31,0.36,0.38,34.17,94,4.48,8.78,1.16,1.16,0,0,0.77,1.93,0.19,25,0.29,21,0.1,34,63,3,30,67,3,21.19,21.73,0.91,95,0.53,19.19,20.54,0,0,0,0,0,,0,0,,0,0,0,0,0,0,22,9,5.63,33,0.19,0.07,0.06,-0.02,,0.29
Dany Rosero,América de Cali,Primera A,2026,698,Left Centre Back,Colombia,33,05/10/93,0.52,0.52,0.22,0.17,1.29,40,60,0,,0.44,0,0,0,0,0,0,0,0,0,0.52,0.22,1.29,0.3,0.26,0.26,0,100,0.52,0,0.13,0,1.03,1.3,4.38,5.39,6.96,4.12,0.04,3.87,26.21,9.41,1.29,1.16,2.19,82,1.43,2.72,1.42,33,0.26,91,3.74,0,4.38,4.99,2.58,1.16,0.9,33.32,1.42,32,0.52,44,0.52,0,0,40.33,93,2.71,43,78,5.41,2.45,12,79,-13,32.6,0.39,0.59,0.59,31.31,100,4.3,0.77,0,0,0,0,2.58,2.58,0,,0,0,0,25,72,3,17,83,0,20,21.33,0.98,93,1.33,19.54,19.84,0,0,0,0,0,,0,0,,0,0,0,0,0,0,11,5,2.32,15,0.01,0.06,0.04,0.21,,0.32
Darwin López,Jaguares de Córdoba,Primera A,2026,757,Centre Forward,Colombia,34,09/02/92,0.48,0.48,0.31,0.11,2.85,17,38,6,,0.38,0,0.11,0.95,0,0.11,0.95,0,0,0,0.48,0.42,3.81,0.06,0.95,0.48,0.48,50,1.55,0,0.95,2.26,0.24,0.11,0.95,0.83,13.32,5.83,0.01,3.33,49.73,4.52,2.02,1.31,1.55,92,1.02,1.13,1.31,75,0.12,40,1.19,0,10.7,8.53,2.62,1.55,0.36,54.3,5.71,53,0.95,62,0.36,0,0,18.08,82,0.83,18,54,1.07,1.43,24,76,-5,56.09,1.9,0.23,0.46,18.67,90,5.78,4.76,0.71,0.71,0,0.24,4.16,4.88,0.12,33,0.36,100,0.48,13,69,18,10,78,13,15.33,11.26,0.94,102,-4.07,14.45,11.52,0,0,0,0,0,,0,0,,0,0,0,0,0,0,18,6,2.08,17,-0.02,0.08,0.01,0.1,,0.17
Darwin Machís,América de Cali,Primera A,2026,693,Left Midfielder,Venezuela,33,06/02/93,0,0,0.23,0.05,4.67,0,17,4,,0.03,0.13,0.09,1.69,0.13,0.08,1.56,0,0.01,0.13,0.13,0.32,6.36,-0.19,1.43,0.52,0.91,36,1.04,0,1.82,2.73,0.26,0.37,0.91,1.15,10.91,6.23,0,3.12,49.12,6.49,4.28,0.91,1.17,78,1.1,1.46,1.17,33,0.26,39,0.91,0,8.83,10.65,2.47,2.08,1.04,52.49,4.54,51,1.3,63,0.26,0,0.13,36.22,71,1.56,12,32,1.95,3.77,21,68,-2,60.48,3.77,0.37,0.59,35.05,88,5.21,12.33,1.04,0.91,0.13,0.26,4.28,5.19,0,13,0.26,11,0.52,14,66,20,11,69,20,18.1,16.28,0.87,91,-1.82,15.68,14.87,0,0,0,0,0,,0,0,,0,0,0,0,0,0,25,7,6.04,33,-0.05,0.1,0.02,-0.23,,-0.17
Darwin Quintero,Millonarios,Primera A,2026,706,Centre Attacking Midfielder,Colombia,39,18/09/87,0.13,0.13,0.22,0.12,1.91,7,27,3,,0.12,0.38,0.31,2.8,0.38,0.21,1.53,0,0.1,1.27,0.51,0.53,4.72,-0.03,3.95,2.42,1.53,61,1.27,0,2.8,4.08,0.13,0.1,0.13,0.14,16.44,7.27,0,4.72,54.89,6.37,4.21,0.76,0.89,67,0.41,0.51,0.89,25,0.38,33,0.38,0,14.91,11.09,4.33,4.21,1.27,54.81,8.8,59,2.93,70,0.13,0,0,33.91,65,4.21,16,56,0.89,6.76,15,74,9,64.36,6.5,0.63,0.78,35.44,82,6.18,13.77,4.21,2.55,1.66,0.13,4.21,6.76,0.13,6,0.25,18,0.51,26,65,9,34,59,6,22.45,18.98,0.96,99,-3.47,21.59,18.81,0,0,0,0,0,,0,0,,0,0,0,0,0,0,26,8,8.26,45,0.05,0.07,0.01,-0.06,,0.08
Darío Denis,Boyacá Chicó,Primera A,2026,1396,Goalkeeper,Uruguay,35,15/12/91,0,0,0,,0,,,0,,0,0,0,0.06,0,0,0.06,0,0,0,0,0,0.06,0,0,0,0,,0.26,0,0,0,0,0,0,0,0,0,0,7.28,2.77,4.64,0,0,0,,0,0,0,100,0,,0,0,0,0,0,0,0,,0,,0,,0.13,0,0,13.08,51,5.16,8,30,1.55,15.6,9,48,-2,11.51,1.29,0.01,0.01,11.54,100,5.87,0.64,0.06,0,0.06,0,0,0,0,0,0,,0,69,31,0,100,0,0,51.81,47.27,0.73,80,-4.54,38.02,37.79,1.48,1.31,-0.18,62,67,-4,1.28,3.93,33,11.99,2.27,0.26,0.26,21.17,1,43,5,0.72,6,0.12,0.09,,,-0.37,-0.16
David Ospina,Atlético Nacional,Primera A,2026,1176,Goalkeeper,Colombia,38,30/08/88,0,0,0,,0,,,0,,0,0,0,0.08,0,0,0.08,0,0,0,0,0,0.08,0,0,0,0,,0.23,0,0,0,0,0,0,0,0.08,0,0,7.43,2.3,3.37,0,0,0,,0,0,0,,0,,0,0,0.08,0.09,0,0.08,0,5.85,0,0,0,0,0,0,0,24.5,82,6.28,15,55,2.3,9.11,14,61,-21,12.83,0.46,0.22,0.22,22.81,100,5.17,0.23,0.08,0.08,0,0,0,0.08,0,0,0,,0,37,63,0,67,33,0,32.33,35.22,0.83,78,2.89,26.84,27.35,0.46,0.63,0.17,85,79,6,0.72,2.99,26,11.64,1.87,0,0,20.28,-2,17,3,1.98,10,0.07,0.07,,,0.11,0.24
David Ramírez,Fortaleza CEIF,Primera A,2026,344,Left Centre Back,Colombia,24,02/01/02,0,0,0.02,0.06,0.26,0,0,0,,0,0,0,0,0,0,0,0,0,0,0,0.02,0.26,-0.02,0.26,0.26,0,100,0,0,0.26,0.26,0.26,0.33,3.14,4.04,9.94,5.49,0.07,4.18,25.97,9.67,3.14,0.78,1.05,75,0.66,0.99,1.57,0,0.26,75,1.57,0,7.58,9.43,2.88,1.05,0.78,31.7,1.57,21,0.78,75,0.78,0,0,39.48,79,2.61,90,53,3.4,4.71,10,67,-12,46.49,6.01,0.48,0.48,30.59,99,5.13,7.32,1.05,0.52,0.52,0,0,0.52,0,0,0,,0,34,64,3,43,57,0,20.88,17.13,0.94,103,-3.75,19.6,17.68,0,0,0,0,0,,0,0,,0,0,0,0,0,0,20,10,4.99,26,0.07,0.04,0.12,-0.02,,0.22
David Silva,Millonarios,Primera A,2026,968,Left Centre Midfielder,Colombia,40,12/12/86,0.19,0.19,0.2,0.13,1.58,12,53,1,,0.37,0.19,0.13,1.86,0.19,0.08,1.21,0,0.05,0.65,0.37,0.33,3.44,0.04,1.12,0.46,0.65,42,1.12,0,2.05,1.67,0.19,0.14,0.19,0.16,15.71,8.92,0.01,4.46,50.64,7.53,3.9,1.77,1.95,76,1.66,1.8,0.84,33,0.56,44,0.37,0,13.11,11.63,4,3.07,0.93,51.41,6.6,50,2.14,70,0.28,0.09,0,43.23,78,4.37,10,62,0.74,6.51,18,73,-5,58.69,8.37,0.7,0.77,38.48,92,5.61,14.78,2.14,1.49,0.65,0.56,5.02,6.51,0,9,0.46,33,1.02,17,72,12,21,72,6,20.19,16.33,0.94,102,-3.86,19.01,16.71,0,0,0,0,0,,0,0,,0,0,0,0,0,0,23,10,8.14,49,0.06,0.13,0.03,0.1,,0.32
Dayro Moreno,Once Caldas,Primera A,2026,2166,Centre Forward,Colombia,41,15/09/85,0.54,0.37,0.31,0.11,2.74,14,47,4,80,0.27,0.04,0.1,1.25,0.04,0.1,1.2,0,0,0.04,0.42,0.41,3.99,0,0.17,0.08,0.08,50,0.62,0.08,0.5,0.54,0.04,0.06,0,0,7.48,3.49,0,1.62,70.76,3.32,2.45,0.04,0.08,33,0.05,0.11,0.17,0,0.08,20,0.08,0,7.27,8.6,1.45,1.37,0.5,71.1,6.19,85,1.25,91,0.17,0,0,21.85,78,2.04,15,70,0.33,2.58,17,83,5,62.27,3.45,0.4,0.6,18.53,95,4.42,9.64,1.04,0.96,0.08,0.33,4.32,5.28,0.12,20,0.33,35,0.79,14,69,16,16,72,13,18.76,16.52,0.98,104,-2.24,18.34,17.16,0,0,0,0,0,,0,0,,0,0,0,0,0,0,24,9,4.3,24,0,0.08,0,0,,0.08
Delio Ramírez,Boyacá Chicó,Primera A,2026,1425,Right Midfielder,Colombia,26,24/11/00,0.06,0.06,0.05,0.04,1.01,6,31,1,,0.08,0.13,0.15,1.71,0.13,0.15,1.58,0,0,0.13,0.19,0.2,2.72,-0.01,1.26,0.82,0.44,65,2.53,0,1.77,2.53,0.63,0.44,1.01,0.77,19.52,10.49,0.01,5.94,46.88,6.76,3.92,1.33,1.96,57,0.97,1.41,1.2,36,1.01,14,0.25,0,16.99,13.22,4.86,2.72,1.14,48.58,8.4,49,2.34,86,0.32,0,0,32.16,79,1.83,13,57,1.07,3.16,11,65,-14,56.83,3.92,0.33,0.42,33.17,89,5.16,9.67,1.64,1.33,0.32,0.32,2.65,3.98,0.19,23,0.44,32,0.69,19,65,16,18,67,14,17.47,14.84,0.95,103,-2.62,16.63,15.23,0,0,0,0,0,,0,0,,0,0,0,0,0,0,22,9,4.4,37,0.01,0.05,0.03,0,,0.09
Dennys Quintero,Llaneros,Primera A,2026,991,Right Centre Back,Ecuador,29,13/06/97,0,0,0.04,0.12,0.36,0,0,0,,0,0,0,0.09,0,0,0.09,0,0,0,0,0.05,0.45,-0.05,0.09,0,0.09,0,0.64,0,0.18,0.55,1.36,1.17,4.45,3.79,10.63,5.09,0.03,5.09,27.3,8.63,0.64,1.09,2.45,57,0.96,2.12,1,25,0.82,45,1.36,0,8.63,7.24,3.27,1.45,0.36,32.55,1.54,18,0.55,38,0.09,0,0.18,29.8,77,2.91,13,52,5.18,4.82,10,62,-16,37.29,2.45,0.18,0.21,21.62,97,3.98,2.18,0.36,0.18,0.18,0,0.91,1.09,0,0,0,0,0,34,62,5,54,46,0,24.09,22.29,0.92,109,-1.8,22.27,24.37,0,0,0,0,0,,0,0,,0,0,0,0,0,0,29,11,2.05,18,0.06,0.02,0.03,-0.05,,0.06
Dereck Alessandro Moncada Arguijo,Inter Bogotá,Primera A,2026,1052,Right Wing,Honduras,19,29/11/07,0.43,0.43,0.14,0.07,2.14,20,32,4,,0.25,0.17,0.07,0.77,0.17,0.07,0.77,0,0,0,0.6,0.21,2.91,0.39,2.05,0.94,1.11,46,1.45,0,1.45,3.42,0.26,0.21,1.45,0.77,19.85,9.76,0.01,4.88,51.76,4.88,2.05,1.03,1.28,55,1.01,1.23,1.45,17,0.86,50,1.11,0,17.37,14.34,4.45,4.36,1.2,54.36,10.53,61,3.59,82,0.17,0,0,19.6,73,0.94,15,46,1.71,1.8,23,61,-11,62.14,2.4,0.21,0.34,23.28,83,6.11,6.93,0.51,0.51,0,0.09,3.51,4.02,0.17,50,0.26,38,0.77,16,63,21,14,62,25,18.08,14.65,0.92,102,-3.43,16.64,14.94,0,0,0,0,0,,0,0,,0,0,0,0,0,0,26,11,2.98,21,-0.03,0.07,0.01,0.09,,0.15
Didier Moreno,Independiente Medellín,Primera A,2026,1401,Right Defensive Midfielder,Colombia,35,14/09/91,0.06,0.06,0.09,0.11,0.84,8,23,0,,0.09,0.06,0.06,1.16,0.06,0.06,1.16,0,0,0,0.13,0.16,1.99,-0.03,0.51,0.39,0.13,75,1.22,0,0.84,0.64,1.09,0.89,2.7,2.74,19.73,10.41,0.04,6.36,40.41,10.09,4.05,2.57,3.66,75,2.88,3.77,2.57,28,0.84,59,1.86,0,14.59,16.28,4.69,3.41,1.03,45.01,5.53,38,1.93,57,0.26,0.06,0,48.9,87,3.15,17,67,2.96,4.43,14,76,-11,50.29,6.55,0.47,0.58,38.17,97,3.34,11.31,0.64,0.64,0,0.13,1.99,2.63,0,10,0.06,25,0.45,19,72,8,23,74,3,19.71,15.19,0.98,106,-4.52,19.37,16.05,0,0,0,0,0,,0,0,,0,0,0,0,0,0,18,9,5.51,31,0.06,0.07,0.05,-0.02,,0.15
Diego  Chávez,Deportivo Pasto,Primera A,2026,1295,Centre Attacking Midfielder,Argentina,29,23/09/97,0.14,0.14,0.13,0.07,1.81,8,23,1,,0.13,0.21,0.17,1.95,0.14,0.13,1.39,0.07,0.04,0.56,0.35,0.3,3.75,0.05,0.97,0.49,0.49,50,1.81,0,1.6,1.74,0.28,0.33,0.42,0.4,16.2,8.76,0,4.17,52.71,6.12,3.48,1.04,1.32,63,1.14,1.46,1.04,36,0.63,38,0.42,0,14.18,15.22,3.34,3.13,0.63,54.54,8.76,62,2.36,76,0.56,0,0,48.04,78,3.82,19,43,1.67,7.72,19,76,-1,54.19,7.23,0.39,0.49,45.74,94,4.88,13.07,2.5,1.32,1.18,0.35,2.5,3.82,0,22,0.7,50,0.56,23,68,9,23,70,7,21.09,18.73,0.88,91,-2.36,18.61,17.07,0,0,0,0,0,,0,0,,0,0,0,0,0,0,19,7,6.97,46,0.1,0.05,0.02,0.01,,0.18
Diego Calcaterra,Cúcuta Deportivo,Primera A,2026,1936,Right Centre Back,Argentina,25,25/07/01,0.09,0.09,0.1,0.18,0.56,17,42,0,,0.14,0,0,0.05,0,0,0.05,0,0,0,0.09,0.1,0.6,-0.01,0.14,0.14,0,100,0.37,0,0.19,0.37,0.84,0.77,4.65,3.61,7.62,3.77,0.06,5.58,23.31,7.3,0.93,0.84,1.67,49,0.79,1.56,0.6,33,0.88,52,1.86,0.05,6.28,5.45,3.07,1.35,0.56,29.47,0.79,13,0.37,28,0.28,0,0.05,31.38,81,4.46,6,55,5.53,7.25,10,68,-13,31.84,1.58,0.27,0.29,23.85,98,3.67,1.58,0.09,0.09,0,0.09,1.49,1.58,0,50,0.09,67,0.14,33,65,2,44,53,3,27,24.88,0.89,96,-2.12,24.07,23.91,0,0,0,0,0,,0,0,,0,0,0,0,0,0,21,8,2.39,19,0.07,0.03,0.11,0.03,,0.23
Diego Duarte,Inter Bogotá,Primera A,2026,645,Centre Forward,Paraguay,24,07/04/02,0.14,0.14,0.36,0.13,2.79,5,30,8,,0.22,0,0.02,0.28,0,0.02,0.28,0,0,0,0.14,0.37,3.07,-0.23,0.14,0,0.14,0,1.26,0,1.39,1.53,0.14,0.09,0.7,0.43,24.82,12.27,0,4.74,65.16,3.63,2.37,0.42,0.56,60,0.34,0.43,0.7,0,0.28,47,0.98,0,23.71,16.75,4.46,4.18,0.84,66.44,18.69,79,3.35,80,0.14,0,0,10.6,67,0.42,52,43,0.98,0.7,19,56,-11,56.36,0.7,0.17,0.43,9.9,76,4.6,2.37,0.14,0.14,0,0.14,6.28,6.41,0,0,0,0,0.14,11,54,34,12,65,24,15.86,15.38,0.97,101,-0.48,15.41,15.54,0,0,0,0,0,,0,0,,0,0,0,0,0,0,40,10,1.85,13,-0.04,-0.06,0.03,-0.18,,-0.25
Diego Hernández,Rionegro,Primera A,2026,1730,Left Centre Back,Colombia,26,03/05/00,0,0,0.08,0.15,0.52,0,0,0,,0,0.05,0.01,0.31,0.05,0.01,0.31,0,0,0,0.05,0.09,0.83,-0.04,0.42,0.42,0,100,0.36,0,0.21,0.21,1.66,1.6,4.89,4.09,7.86,3.9,0.07,4.94,24.58,9.52,1.61,0.94,2.6,55,0.79,2.38,0.88,36,0.78,71,2.55,0,6.03,5.39,2.34,1.09,0.36,30.88,0.99,16,0.57,52,0.31,0,0,36.05,83,2.97,24,53,5.57,4.89,13,67,-15,36.06,2.55,0.35,0.41,27.11,99,5.05,2.55,0.1,0.1,0,0.1,1.4,1.51,0,50,0.05,25,0.1,31,66,3,49,51,0,24.15,23.57,0.92,95,-0.58,22.16,22.34,0,0,0,0,0,,0,0,,0,0,0,0,0,0,18,7,3.36,25,0.04,0.06,0.13,-0.1,,0.13
Diego Martínez,Jaguares de Córdoba,Primera A,2026,1118,Goalkeeper,Colombia,37,28/11/89,0,0,0,,0,,,0,,0,0,0.01,0.08,0,0.01,0.08,0,0,0,0,0.01,0.08,-0.01,0,0,0,,0.16,0,0,0,0,0,0,0,0.08,0,0,6.92,2.87,3.46,0,0,0,,0,0,0.08,,0,,0,0,0,0,0,0,0,,0,,0,,0.32,0,0,15.46,65,5.96,19,42,2.01,12.24,12,75,10,12.27,1.05,0.09,0.09,13.52,99,7.07,0.56,0,0,0,0,0,0,0,,0,,0,52,48,0,100,0,0,43.52,41.06,0.76,94,-2.46,32.96,38.68,1.45,1.39,-0.06,63,65,-1,1.15,3.94,32,12.24,1.72,0.16,0.16,13.85,0,33,2,1.41,13,0.08,0.08,-0.08,,0.07,0.15
Diego Moreno,Independiente Medellín,Primera A,2026,670,Left Centre Midfielder,Colombia,30,26/02/96,0.4,0.4,0.4,0.12,3.36,12,40,4,,0.31,0,0.09,1.34,0,0.03,0.54,0,0.06,0.81,0.4,0.48,4.7,-0.08,0.27,0.27,0,100,1.88,0.13,0.67,0.81,0.4,0.57,1.34,1.77,8.06,3.63,0,2.96,50.68,4.7,2.69,0.81,1.21,86,1.06,1.63,0.13,0,0.13,55,0.81,0,7.12,8.69,2.42,2.28,0.67,57.42,5.11,72,1.88,82,0.13,0,0,36.82,89,2.42,12,75,1.75,2.82,16,81,-8,55.71,4.7,0.71,0.87,34.54,96,3.81,10.21,1.48,0.67,0.81,0.4,4.7,5.38,0,0,0,0,0.54,12,73,16,21,68,11,18.14,15.9,0.98,105,-2.24,17.71,16.62,0,0,0,0,0,,0,0,,0,0,0,0,0,0,13,6,7.74,40,0.09,0.04,0.02,-0.05,,0.11
Diego Novoa,Millonarios,Primera A,2026,1495,Goalkeeper,Colombia,37,30/05/89,0,0,0,,0,,,0,,0,0,0,0,0,0,0,0,0,0,0,0,0,0,0,0,0,,0.06,0,0,0,0,0,0.06,0.06,0.12,0,0,6.44,2.38,3.01,0,0,0,,0,0,0,,0,,0,0.06,0.12,0.11,0.12,0,0,11.3,0,0,0,,0.18,0,0,9.81,69,4.33,10,45,0.78,8.91,5,43,-26,9.14,0.42,0.07,0.07,8.61,100,5.25,0.24,0,0,0,0,0,0,0,,0,,0,52,48,0,75,25,0,43.8,56.38,0.75,84,12.57,32.7,47.54,0.84,0.93,0.09,70,67,3,0.63,2.83,30,9.51,1.78,0.12,0.12,17.74,1,24,2,0.91,5,0.07,0.04,0,,0.12,0.23
Diego Ruíz,Boyacá Chicó,Primera A,2026,467,Right Back,Colombia,29,01/10/97,0,0,0.02,0.03,0.77,0,25,0,,0,0,0.03,0.39,0,0.03,0.39,0,0,0,0,0.06,1.16,-0.06,0.39,0.39,0,100,0.19,0,0.19,0.39,0.39,0.35,2.51,1.79,14.26,8.29,0.03,4.05,28.39,9.25,2.7,1.54,1.93,50,1.21,1.56,1.54,33,1.54,9,0.19,0,11.18,7.34,2.7,1.16,0.39,31.44,1.93,17,0.39,33,0.39,0,0.19,26.21,74,1.54,14,40,3.08,3.28,15,64,-10,48.15,2.89,0.1,0.14,18.5,99,4.39,4.82,0.58,0.39,0.19,0,0.19,0.58,0.19,33,0.39,25,0,26,67,7,32,56,12,20.03,17.53,0.91,103,-2.5,18.28,18.04,0,0,0,0,0,,0,0,,0,0,0,0,0,0,26,11,2.68,25,0.12,0.07,0.1,-0.01,,0.29
Duván Rodríguez,Jaguares de Córdoba,Primera A,2026,969,Right Wing,Colombia,30,04/05/96,0.19,0.19,0.12,0.08,1.58,12,24,3,,0.14,0.19,0.13,1.21,0.19,0.12,0.93,0,0.01,0.28,0.37,0.25,2.79,0.12,1.02,0.56,0.46,55,2.42,0.09,1.11,1.67,0.46,0.26,0.28,0.21,11.99,6.22,0,3.34,46.8,5.02,2.23,0.56,1.02,32,0.4,0.66,0.37,0,1.21,11,0.09,0,11.15,7.01,2.51,1.58,0.46,47.48,4.83,43,1.02,65,0.09,0,0,26.57,79,1.77,16,61,0.37,2.79,18,78,-1,58.76,4,0.17,0.31,27.41,90,7.22,8.55,1.21,0.84,0.37,0.28,1.95,2.79,0.09,46,0.74,53,0.37,15,66,19,17,62,21,18.87,15.83,0.98,105,-3.03,18.41,16.57,0,0,0,0,0,,0,0,,0,0,0,0,0,0,23,9,4.41,34,0.06,0.16,0.01,0.03,,0.26
Dylan Borrero,América de Cali,Primera A,2026,505,Right Midfielder,Colombia,24,04/01/02,0.18,0.18,0.09,0.07,1.25,14,29,1,,0.06,0,0.06,1.43,0,0.05,1.25,0,0.01,0.18,0.18,0.14,2.67,0.03,1.6,1.07,0.53,67,1.43,0,0.71,2.85,0.53,0.6,0.18,0.28,16.22,10.52,0,2.67,53.26,6.06,3.74,1.07,1.6,43,1.1,1.7,1.07,11,1.43,20,0.18,0,14.08,17.97,2.14,4.63,0.36,53.07,8.56,61,3.74,81,0,0,0,38.15,80,2.67,9,60,1.25,3.39,19,76,-4,58.65,4.63,0.26,0.33,33.87,92,4.02,13.55,1.25,0.89,0.36,0,1.78,2.67,0.36,14,0.36,40,0.36,16,60,24,12,61,28,18.24,19.1,0.99,94,0.86,17.99,18.02,0,0,0,0,0,,0,0,,0,0,0,0,0,0,17,9,6.1,46,-0.04,0.01,0.01,0,,-0.02
Dylan Lozano,Rionegro,Primera A,2026,1783,Right Back,Colombia,24,14/07/02,0,0,0.02,0.06,0.4,0,13,1,,0,0,0.07,0.45,0,0.07,0.45,0,0,0,0,0.09,0.86,-0.09,0.45,0.25,0.2,56,0.86,0,1.51,1.57,0.5,0.42,1.67,1.32,17.82,7.32,0.02,5.81,38.17,4.49,1.87,1.36,1.87,79,1.08,1.5,1.01,56,0.35,42,0.76,0,15.45,13.12,4.59,3.74,1.06,41.43,5.35,35,2.78,74,0.1,0,0,20.6,75,1.11,15,44,2.17,2.02,15,57,-18,52.93,2.27,0.19,0.24,19.64,88,5.22,5.55,0.61,0.45,0.15,0.25,1.41,1.87,0,33,0.4,19,0.3,23,65,12,7,67,25,18.39,18.72,0.9,100,0.33,16.58,18.73,0,0,0,0,0,,0,0,,0,0,0,0,0,0,29,13,3.16,26,0.04,0.03,-0.01,-0.02,,0.03
Dánnovi Quiñónes,Inter Bogotá,Primera A,2026,1977,Right Defensive Midfielder,Colombia,25,04/01/01,0,0,0.02,0.03,0.77,0,12,1,,0,0,0.01,0.41,0,0.01,0.36,0,0,0.05,0,0.03,1.18,-0.03,0.77,0.64,0.14,82,1.41,0,0.77,0.77,0.87,0.66,1.82,1.62,22.95,14.11,0.02,6.46,37.94,9.52,3.41,2,2.87,63,1.75,2.4,1.91,26,1.18,58,1.68,0.05,19.03,15.14,4.96,2.96,0.96,39.88,4.92,26,1.55,52,0.41,0,0,33.19,84,3.46,15,71,2.55,4.14,15,66,-18,46.48,4.01,0.28,0.29,27.73,95,3.61,4.83,0.18,0.18,0,0.05,0.23,0.41,0.05,0,0.05,33,0.09,18,74,7,23,74,4,21.83,21.66,0.96,88,-0.17,20.95,19.14,0,0,0,0,0,,0,0,,0,0,0,0,0,0,17,7,3.73,27,0.01,0.06,-0.02,-0.02,,0.03
Déinner Quiñones,Once Caldas,Primera A,2026,341,Right Midfielder,Colombia,31,15/08/95,0.26,0.26,0.14,0.06,2.37,11,67,2,,0.34,0,0.11,1.32,0,0.11,1.32,0,0,0,0.26,0.25,3.69,0.01,1.32,1.05,0.26,80,1.05,0,4.22,2.64,0,0,0.26,0.14,13.45,5.54,0,4.22,49.31,5.01,3.43,0.53,0.53,50,0.57,0.57,0.26,0,0.53,33,0.26,0,12.66,13.35,3.43,4.22,1.05,49.66,5.54,44,2.64,63,0,0,0,39.82,83,4.48,89,68,0.79,6.07,21,86,2,63.95,5.01,0.44,0.59,43.25,85,6.02,20.04,2.37,1.85,0.53,0.26,4.22,6.07,0.53,33,1.05,57,0.53,13,75,13,17,68,14,19.45,16.04,0.94,107,-3.41,18.19,17.21,0,0,0,0,0,,0,0,,0,0,0,0,0,0,18,8,8.1,39,0.02,0.08,0.01,0.14,,0.25
Eber Moreno,Deportivo Pereira,Primera A,2026,1510,Right Centre Back,Colombia,24,10/01/02,0,0,0.01,0.12,0.12,0,0,0,,0,0,0.01,0.36,0,0.01,0.36,0,0,0,0,0.03,0.48,-0.03,0.18,0.12,0.06,67,0.66,0,0.42,0.36,0.83,0.63,2.38,1.64,13.83,7.51,0.04,5.42,29.1,7.03,1.19,1.37,2.21,64,0.92,1.55,0.66,44,0.77,33,0.42,0.06,11.86,8.66,3.93,1.79,0.66,34.24,2.62,22,0.83,47,0.24,0,0,34.09,86,2.8,16,65,3.16,3.52,14,82,-4,38.29,2.03,0.18,0.2,26.64,98,4.23,3.4,0.3,0.18,0.12,0.06,0.3,0.48,0,60,0.18,38,0,23,71,6,30,65,5,20.27,21.26,0.95,97,0.99,19.28,20.69,0,0,0,0,0,,0,0,,0,0,0,0,0,0,19,10,2.5,27,0.05,0.05,0.12,-0.01,,0.21
Eder Chaux,Independiente Medellín,Primera A,2026,1101,Goalkeeper,Colombia,35,19/12/91,0,0,0,,0,,,0,,0,0,0,0,0,0,0,0,0,0,0,0,0,0,0,0,0,,0.16,0,0,0,0,0,0,0,0,0,0,5.56,2.49,3.11,0,0,0,0,0,0,0,0,0.08,,0,0,0,0,0,0,0,,0,,0,,0.16,0,0,17.33,74,6.62,11,52,1.96,10.71,13,74,1,11.73,1.39,0.15,0.15,15.53,100,5.62,0.74,0,0,0,0,0,0,0,,0,,0,50,50,0,100,0,0,39.28,38.99,0.8,84,-0.29,31.4,32.89,0.65,0.88,0.22,80,73,7,0.83,3.27,33,9.97,1.62,0.16,0.16,17.88,-1,20,3,1.1,8,0.02,0.05,,,0.24,0.31
Ederson Cabezas,Deportivo Pasto,Primera A,2026,711,Goalkeeper,Colombia,26,03/07/00,0,0,0,,0,,,0,,0,0,0,0,0,0,0,0,0,0,0,0,0,0,0,0,0,,0.25,0,0,0.13,0,0,0,0,0.38,0.25,0,7.6,2.54,4.43,0,0.13,0.13,50,0.09,0.09,0.13,0,0.13,,0,0,0.13,0.09,0.13,0,0,3.53,0,0,0,,0.13,0,0,19.5,73,3.92,10,38,2.41,7.98,17,54,-19,9.49,0.38,0.12,0.12,16.33,100,3.88,0.25,0,0,0,0,0,0,0,,0,,0,39,61,0,100,0,0,32.19,37.85,0.76,73,5.66,24.59,27.57,1.52,1.59,0.07,66,64,2,0.99,4.43,36,12.41,1.73,0.13,0,16.2,-3,24,4,0.39,3,0.04,0.05,-0.09,,-0.04,-0.04
Ederson Moreno,Deportivo Pereira,Primera A,2026,478,Left Defensive Midfielder,Colombia,32,17/01/94,0,0,0.01,0.01,0.57,0,33,1,,0.02,0,0.01,0.38,0,0.01,0.38,0,0,0,0,0.02,0.94,-0.02,0.19,0.19,0,100,0.57,0,0.94,0.94,0.19,0.04,1.32,0.87,23.17,12.62,0.03,6.59,38.82,6.41,1.88,1.13,1.32,67,0.69,0.73,1.88,0,0.57,0,0,0,20.54,13.3,5.28,4.14,0.75,41.06,7.16,35,2.26,55,0.19,0,0,32.59,88,3.01,90,67,1.51,4.33,11,86,-2,44.23,3.58,0.08,0.09,29.2,95,4.96,4.33,0.19,0.19,0,0,0,0.19,0,0,0,0,0,15,71,14,13,78,9,20.72,20.52,0.96,96,-0.2,19.83,19.71,0,0,0,0,0,,0,0,,0,0,0,0,0,0,12,5,1.68,18,-0.02,0.06,-0.01,-0.01,,0.02
Edgar Elizalde,Millonarios,Primera A,2026,660,Centre Back,Uruguay,26,26/02/00,0,0,0.02,0.06,0.41,0,33,0,,0.01,0.14,0.04,0.14,0.14,0.04,0.14,0,0,0,0.14,0.06,0.55,0.07,0.55,0.27,0.27,50,0.27,0,0.14,0.41,0.82,0.53,3.55,3.28,10.5,6,0.04,5.73,28.6,9.27,1.64,1.64,2.45,75,1.26,1.79,0.68,43,0.55,59,2.59,0,8.18,7.74,4.5,1.23,0.68,31.12,1.91,23,0.82,67,0.27,0,0,33.28,81,5.46,76,60,4.36,8.32,9,58,-23,37.23,3.55,0.37,0.37,25.37,98,5.75,3.55,0.27,0.27,0,0,0.95,1.23,0.14,50,0.14,100,0,34,64,2,46,54,0,25.84,23.89,0.9,90,-1.95,23.23,21.59,0,0,0,0,0,,0,0,,0,0,0,0,0,0,19,7,3.49,19,0.09,0.09,-0.03,-0.02,,0.13
Eduar Arízalas,Cúcuta Deportivo,Primera A,2026,1293,Left Midfielder,Colombia,25,24/11/01,0.07,0.07,0.08,0.11,0.7,10,50,1,,0.12,0.28,0.17,0.97,0.28,0.17,0.97,0,0,0,0.35,0.25,1.67,0.1,2.37,1.46,0.91,62,1.88,0.21,2.92,2.92,0.49,0.34,0.42,0.34,14.13,6.41,0.01,3.83,44.79,4.53,2.23,0.77,1.25,73,0.58,0.91,0.84,43,0.28,42,0.56,0,12.53,10.57,3.2,2.23,0.77,47.7,5.36,43,1.74,78,0.14,0,0,22.91,75,0.56,45,31,0.56,1.67,21,68,-7,55.78,2.3,0.13,0.33,25.9,80,7.4,5.78,0.28,0.28,0,0.35,2.58,2.85,0,25,0.28,13,0.84,11,67,23,17,59,24,16.96,14.83,0.88,95,-2.13,14.95,14.15,0,0,0,0,0,,0,0,,0,0,0,0,0,0,26,9,2.54,23,0,0.24,0.02,-0.01,,0.25
Eduar Arízalas,Rionegro,Primera A,2026,486,Left Wing,Colombia,25,24/11/01,0,0,0.17,0.1,1.67,0,44,3,,0.07,0.19,0.22,0.56,0.19,0.22,0.56,0,0,0,0.19,0.39,2.22,-0.2,2.78,2.04,0.74,73,2.22,0.19,2.41,4.26,0.19,0.33,0.19,0.24,15.56,7.22,0.03,5.56,59.03,5.93,3.52,0.74,0.93,36,1.13,1.46,0.56,25,1.3,40,0.37,0,14.26,20.87,4.26,5.19,2.22,57.32,9.08,64,3.52,68,0,0,0,24.45,74,0.93,52,50,0.56,1.48,18,68,-6,61.39,3.33,0.44,0.65,29.45,82,6.64,8.15,0.37,0.37,0,0.37,4.82,5.19,0,50,0.56,19,0.56,11,70,19,16,68,16,16.72,15.96,0.97,100,-0.75,16.25,16.04,0,0,0,0,0,,0,0,,0,0,0,0,0,0,25,7,4.2,21,0.04,0.11,0.02,-0.04,,0.13
Eduard Banguero,Alianza Valledupar,Primera A,2026,807,Left Back,Colombia,25,03/02/01,0,0,0.01,0.02,0.89,0,13,1,,0,0,0.02,0.45,0,0.02,0.45,0,0,0,0,0.04,1.34,-0.04,1.79,1,0.78,56,1.12,0,1.23,2.01,0.78,0.58,1.34,0.99,10.38,5.13,0,4.24,36.96,6.92,2.9,0.56,1.34,50,0.41,0.99,0.56,17,0.56,50,0.45,0.11,9.26,8.27,3.57,2.34,0.45,40.64,3.24,35,1.67,71,0.22,0,0,27.78,65,2.45,13,47,2.01,4.57,11,53,-12,52.41,3.68,0.18,0.21,28.01,91,5.55,6.25,0.78,0.67,0.11,0,0.33,1,0,71,0.78,24,0,23,65,12,14,70,16,19.66,16.03,0.91,108,-3.63,17.97,17.28,0,0,0,0,0,,0,0,,0,0,0,0,0,0,35,10,3.4,24,0.07,0.06,0.03,-0.03,,0.13
Eduard Bello,Atlético Nacional,Primera A,2026,1022,Right Wing,Venezuela,31,19/08/95,0.18,0.09,0.21,0.11,1.85,5,19,3,100,0.11,0.26,0.2,1.76,0.09,0.12,0.97,0.18,0.08,0.79,0.35,0.4,3.61,-0.05,0.79,0.62,0.18,78,0.97,0,0.62,0.7,0.35,0.39,0.35,0.41,16.9,8.98,0,4.93,53.55,4.49,2.38,0.97,1.32,58,1.16,1.55,1.06,0,0.7,54,1.14,0,14.88,17.1,4.31,3.61,1.14,55.58,9.24,62,2.9,80,0.18,0,0.09,21.83,78,1.5,12,65,0.53,2.11,17,71,-7,61.35,2.82,0.39,0.45,20.25,94,4.82,7.75,2.02,0.79,1.23,0.26,3.26,4.05,0.18,9,0.26,25,0.35,11,70,18,10,72,18,17.44,15.43,1,104,-2.01,17.45,16.07,0,0,0,0,0,,0,0,,0,0,0,0,0,0,21,8,6.27,38,0,0.05,0.01,-0.03,,0.04
Edwar López,Deportes Tolima,Primera A,2026,1482,Left Wing,Colombia,31,08/03/95,0,0,0.07,0.08,0.91,0,20,1,,0.06,0.06,0.1,1.03,0.06,0.1,1.03,0,0,0,0.06,0.17,1.94,-0.11,1.21,0.36,0.85,30,0.97,0,1.46,2.37,0.61,0.57,1.15,1.29,14.64,8.32,0.02,4.37,43.31,6.44,2.79,1.76,2.37,67,1.8,2.37,0.67,33,0.85,47,1.64,0,12.27,12.64,3.52,2.73,0.61,47.26,5.59,46,2.06,76,0.3,0,0,30.43,80,1.09,9,58,1.4,1.64,14,70,-10,58.44,2.85,0.21,0.33,28.73,90,4.92,10.75,1.21,0.97,0.24,0.36,2.61,3.58,0,25,0.73,50,0.61,17,63,20,14,66,21,16.66,14.82,0.97,105,-1.84,16.24,15.51,0,0,0,0,0,,0,0,,0,0,0,0,0,0,25,13,3.98,27,0.06,0.06,0.05,-0.02,,0.15
Edwin Cardona,Atlético Nacional,Primera A,2026,1301,Left Centre Midfielder,Colombia,34,07/12/92,0.35,0.28,0.12,0.04,2.77,10,48,2,100,0.24,0.21,0.3,3.8,0.14,0.21,2.63,0.07,0.09,1.18,0.48,0.42,6.57,0.07,1.04,0.62,0.42,60,1.31,0,1.25,1.94,0.35,0.48,0.07,0.1,9.68,4.57,0,2.49,52.95,4.84,2.91,0.69,1.04,63,0.92,1.39,1.11,14,0.42,46,0.42,0,7.96,9.88,2.21,2.28,0.76,53.34,4.22,53,1.31,58,0.69,0,0,46.63,75,7.68,10,59,1.52,11.48,17,74,-1,57.74,11,0.73,0.9,44.96,94,4.7,16.05,3.53,2.08,1.45,0.35,1.94,4.01,0.62,18,0.69,40,0.28,24,66,10,31,63,6,24.66,21.75,0.93,101,-2.91,22.99,22.02,0,0,0,0,0,,0,0,,0,0,0,0,0,0,22,8,12.34,61,0.24,0.09,0.01,0.01,,0.34
Edwin Herrera,Junior,Primera A,2026,1833,Right Back,Colombia,28,01/09/98,0,0,0.01,0.03,0.29,0,0,0,,0,0.15,0.07,0.39,0.15,0.07,0.34,0,0,0.05,0.15,0.08,0.69,0.07,0.59,0.54,0.05,92,0.25,0,0.54,0.64,0.79,0.82,2.26,2.16,14.83,7.37,0.03,6.19,33.66,6.58,2.11,2.11,2.9,72,2.26,3.08,1.37,30,0.83,65,0.74,0,11.34,11.28,4.52,2.11,0.54,36.98,3.39,30,1.37,65,0.1,0,0,37.76,85,2.46,30,51,2.7,4.42,10,71,-13,50.4,4.37,0.25,0.29,31.57,97,4.2,9.08,0.83,0.59,0.25,0,0.49,1.08,0.05,35,0.34,27,0,25,64,11,28,58,14,19.73,18.51,0.92,98,-1.22,18.18,18.16,0,0,0,0,0,,0,0,,0,0,0,0,0,0,19,8,2.94,23,0.08,0.06,0.03,-0.01,,0.15
Edwin Mosquera,Santa Fe,Primera A,2026,730,Left Wing,Colombia,25,26/06/01,0.12,0.12,0.11,0.06,1.97,6,44,3,,0.18,0.12,0.16,1.85,0.12,0.13,1.23,0,0.03,0.62,0.25,0.27,3.82,-0.03,2.34,1.11,1.23,47,1.97,0,2.1,3.08,0.37,0.32,0.37,0.41,15.79,8.26,0.01,3.82,55.26,6.04,4.07,0.74,1.11,67,0.5,0.82,1.48,25,0.37,11,0.12,0,13.81,13.77,3.45,2.34,0.62,53.02,7.4,54,2.1,89,0.25,0.12,0,30.34,75,1.48,15,60,0.74,2.1,26,72,-3,66.77,3.21,0.37,0.45,32.68,87,6.07,12.33,2.22,1.6,0.62,0.25,3.7,5.3,0,44,1.23,37,0.37,9,71,20,7,73,20,16.45,14.01,0.97,100,-2.44,15.87,14.05,0,0,0,0,0,,0,0,,0,0,0,0,0,0,27,9,5.12,32,0.09,0.11,0.02,-0.04,,0.18
Edwin Torres,Once Caldas,Primera A,2026,337,Right Midfielder,Colombia,29,28/11/97,0,0,0.22,0.14,1.6,0,50,3,,0.24,0,0.08,1.87,0,0.08,1.87,0,0,0,0,0.3,3.47,-0.3,1.07,0.27,0.8,25,0.8,0,1.87,2.93,0.53,0.71,0.27,0.37,20,10.14,0,4,59,4.8,3.2,2.13,2.67,100,2.82,3.53,1.6,,0,25,0.53,0,16.54,19.95,3.47,2.93,0.53,59.83,12.27,74,2.67,91,0.53,0,0,25.07,72,1.07,16,80,0.27,1.33,19,67,-5,63.84,1.33,0.44,0.6,25.87,85,5.59,9.87,0.27,0.27,0,0.8,6.67,6.94,0,0,0,0,0.8,13,71,17,14,57,30,15.93,14.32,1.01,103,-1.61,16.03,14.81,0,0,0,0,0,,0,0,,0,0,0,0,0,0,26,6,5.39,31,-0.08,0.1,0.01,0.08,,0.11
Edwin Velasco,Deportivo Cali,Primera A,2026,508,Left Wing Back,Colombia,35,04/11/91,0,0,0.04,0.07,0.53,0,0,1,,0,0,0.05,0.53,0,0.05,0.53,0,0,0,0,0.09,1.06,-0.09,1.95,1.24,0.71,64,1.59,0,1.42,1.42,0.35,0.41,2.66,2.86,15.05,6.73,0.06,5.67,36.96,7.79,2.66,2.3,2.66,72,2.95,3.36,1.77,50,0.89,44,0.71,0,10.98,12.46,4.07,2.48,0.71,42.94,4.6,42,1.59,64,0.18,0,0,37.01,81,1.95,81,61,2.83,3.01,15,75,-6,55.06,3.01,0.52,0.59,36.66,93,4.05,11.69,1.24,1.24,0,0.35,2.66,3.9,0,43,1.24,35,0.35,20,65,15,11,70,20,18.04,14.57,0.96,95,-3.48,17.34,13.82,0,0,0,0,0,,0,0,,0,0,0,0,0,0,23,9,4.36,28,0.24,0.04,0.01,-0.04,,0.26
Edwin Velasco,Deportivo Pasto,Primera A,2026,1899,Left Back,Colombia,35,04/11/91,0,0,0.03,0.07,0.43,0,22,0,,0.04,0.05,0.05,0.28,0.05,0.04,0.24,0,0,0.05,0.05,0.08,0.71,-0.03,0.38,0.33,0.05,88,0.43,0,0.62,0.95,1.14,1.11,3.17,3.31,12.94,5.73,0.03,5.5,30.83,8.96,2.04,1.61,2.75,74,1.62,2.73,1.04,50,0.57,64,1.37,0,10.28,11.05,3.93,1.85,0.71,34.73,2.23,22,0.85,46,0.14,0.05,0,31.28,74,2.51,76,43,3.93,5.02,14,70,-5,43,3.7,0.26,0.29,25.3,95,4.3,4.5,0.38,0.24,0.14,0.09,0.85,1.09,0,63,0.28,21,0.14,35,57,8,41,47,12,21.35,18.67,0.9,93,-2.67,19.11,17.32,0,0,0,0,0,,0,0,,0,0,0,0,0,0,27,9,2.9,22,0.09,0.03,0.08,0.03,,0.23
Emanuel Reynoso,Deportivo Cali,Primera A,2026,802,Right Wing,Argentina,31,15/11/95,0,0,0.06,0.03,1.79,0,19,2,,0,0.22,0.33,3.14,0,0.16,2.02,0.22,0.17,1.12,0.22,0.38,4.94,-0.16,4.04,2.13,1.91,53,3.14,0.11,3.7,4.6,0.45,0.6,0.22,0.2,25.35,13.91,0,7.07,58.04,6.95,3.93,2.02,2.47,56,2.08,2.68,2.13,13,1.57,25,0.22,0,21.2,23.25,5.72,4.82,1.35,59.14,14.58,69,4.37,91,0.79,0,0,45.65,74,5.27,90,59,1.01,8.08,17,73,-1,63.81,9.31,0.26,0.42,51.93,87,5.37,20.41,3.25,2.02,1.23,0.67,2.13,4.15,0.22,10,0.45,18,0.56,21,69,11,27,65,8,20.82,18.12,0.95,99,-2.71,19.79,17.88,0,0,0,0,0,,0,0,,0,0,0,0,0,0,22,7,9.67,59,0.33,0.17,0.09,-0.08,,0.51
Emerson Batalla,Atlético Bucaramanga,Primera A,2026,1586,Right Wing,Colombia,25,29/06/01,0.4,0.4,0.23,0.08,2.84,14,38,4,0,0.28,0.17,0.16,1.65,0.17,0.13,1.25,0,0.03,0.4,0.57,0.39,4.48,0.18,2.61,1.76,0.85,67,1.82,0,2.61,2.78,0.4,0.38,0.17,0.12,13.22,5.11,0.01,3.35,53.89,5.11,2.5,1.19,1.59,64,1.37,1.76,0.79,21,0.68,27,0.23,0.06,11.24,10.49,2.95,2.72,0.79,54.28,6.81,61,2.21,81,0.11,0,0,27.52,74,2.1,90,52,0.4,3.8,15,82,8,62.76,4.54,0.45,0.7,32.69,85,6.46,11.29,2.1,1.53,0.57,0.51,3.57,5.11,0.06,24,0.79,29,0.57,14,67,19,16,67,17,19.57,15.51,0.92,105,-4.06,18.09,16.3,0,0,0,0,0,,0,0,,0,0,0,0,0,0,25,8,5.59,42,0.06,0.11,0.01,-0.03,,0.15
Emmanuel Olivera,Santa Fe,Primera A,2026,2433,Right Centre Back,Argentina,36,01/04/90,0.07,0.07,0.08,0.11,0.74,10,30,0,,0.06,0,0.03,0.33,0,0.03,0.33,0,0,0,0.07,0.11,1.07,-0.04,0.37,0.33,0.04,90,0.37,0,0.18,0.15,0.78,0.68,5.48,4.71,8.07,4.33,0.02,4.29,25.14,7.1,1.33,1.07,1.85,67,1.03,1.71,0.63,52,0.52,66,1.78,0,6.4,5.74,2.55,0.96,0.41,28.89,1.04,16,0.41,42,0.18,0,0,36.67,82,4.74,4,54,6.47,7.73,9,69,-13,38.04,4.11,0.28,0.33,28.56,99,5.32,4.59,0.55,0.52,0.04,0,1.15,1.66,0.04,13,0.07,100,0,35,63,2,51,49,0,27.57,27.56,0.89,87,-0.01,24.59,24,0,0,0,0,0,,0,0,,0,0,0,0,0,0,19,7,2.93,21,0.09,0.04,0.05,-0.04,,0.14
Enrique Serje,Deportivo Pasto,Primera A,2026,1819,Right Centre Back,Colombia,30,09/01/96,0.05,0.05,0.08,0.09,0.89,6,28,1,,0.08,0.05,0.04,0.4,0.05,0.04,0.4,0,0,0,0.1,0.12,1.29,-0.02,0.54,0.45,0.1,82,1.78,0,1.09,0.74,1.09,1.34,1.78,1.82,20.09,10.24,0.04,6.88,38.9,9.1,3.17,2.18,3.27,68,2.09,3.43,1.53,36,1.04,56,1.78,0.1,16.42,16.75,5.05,3.61,1.19,41.66,5.19,32,1.78,49,0.45,0,0,40.82,90,2.67,14,73,2.08,3.36,12,83,-6,42.76,3.51,0.36,0.42,36.61,96,3.85,5.94,0.15,0.15,0,0.15,2.42,2.57,0.05,33,0.05,50,0.2,21,71,8,31,65,4,18.85,15.91,0.97,100,-2.94,18.31,15.97,0,0,0,0,0,,0,0,,0,0,0,0,0,0,17,10,2.77,22,0.02,0.04,0.07,-0.03,,0.11
Enzo Larrosa,Independiente Medellín,Primera A,2026,700,Left Centre Forward,Uruguay,25,20/04/01,0.13,0.13,0.17,0.08,2.06,6,31,3,,0.09,0.13,0.07,0.77,0.13,0.07,0.77,0,0,0,0.26,0.24,2.83,0.02,0.51,0.13,0.39,25,1.93,0,0.9,2.44,0.13,0.11,0.39,0.28,15.82,7.85,0,2.7,63.24,4.12,2.96,0.51,0.64,80,0.6,0.72,1.29,0,0.13,46,2.19,0,14.15,15.71,2.57,3.09,0.51,64.8,10.68,75,2.7,88,0.26,0,0,12.22,62,0.26,64,40,0.64,0.39,25,48,-14,66.82,0.9,0.26,0.46,11.19,75,4.39,4.89,0.51,0.51,0,0.77,5.53,6.05,0,25,0.26,33,0.77,20,65,15,13,82,5,15.15,13.63,0.96,113,-1.53,14.47,15.39,0,0,0,0,0,,0,0,,0,0,0,0,0,0,36,5,4.48,21,0.03,-0.04,0,-0.06,,-0.06
Esneyder Mena,Independiente Medellín,Primera A,2026,1757,Right Back,Colombia,29,02/11/97,0,0,0.06,0.07,0.82,0,31,1,,0.07,0.1,0.1,1.59,0.1,0.1,1.49,0,0,0.1,0.1,0.16,2.41,-0.06,1.38,0.72,0.67,52,0.61,0,0.77,1.74,0.77,0.92,1.28,1.06,10.04,4.92,0.02,3.38,39.42,9.53,4.41,1.43,2.2,78,1.8,2.72,0.46,58,0.41,56,1.02,0,8.15,8.7,2.2,1.43,0.41,43.37,3.28,40,1.08,75,0.05,0,0,34.69,76,2.66,8,55,1.84,4.3,13,62,-15,57.94,4.92,0.35,0.45,31.1,94,5.39,12.66,1.54,1.38,0.15,0.31,1.74,3.13,0.05,47,0.97,31,0.41,21,63,16,19,60,21,20.36,18.38,0.95,99,-1.98,19.31,18.12,0,0,0,0,0,,0,0,,0,0,0,0,0,0,26,9,5.96,35,0.1,0.09,0.02,-0.06,,0.15
Estiven Andrés Sarria Olano,Boyacá Chicó,Primera A,2026,362,Right Midfielder,Colombia,26,23/09/00,0,0,0.14,0.09,1.49,0,17,4,,0.24,0.25,0.09,0.75,0.25,0.09,0.75,0,0,0,0.25,0.23,2.24,0.02,1.74,1,0.75,57,1.99,0,1.74,3.48,0.5,0.25,0.25,0.07,16.18,8.21,0,4.98,44.54,6.47,3.24,1.99,2.49,80,1.22,1.47,1.24,0,0.5,40,0.5,0,12.94,8.83,4.23,3.73,1,45.87,4.98,38,2.24,60,0,0,0,15.93,70,0.75,13,50,0.5,1.24,16,82,12,62.25,2.74,0.62,0.66,20.16,77,7.84,5.48,0.75,0.75,0,0.5,3.98,4.73,0,100,0.75,43,0.25,18,63,19,14,59,27,17.14,13.13,0.9,108,-4.01,15.48,14.23,0,0,0,0,0,,0,0,,0,0,0,0,0,0,31,12,2.04,21,0.05,0.01,0.03,-0.1,,-0.01
Ever Meza,Alianza Valledupar,Primera A,2026,481,Left Defensive Midfielder,Colombia,26,20/07/00,0,0,0.01,0.02,0.56,0,33,1,,0.01,0,0.02,0.75,0,0.02,0.75,0,0,0,0,0.04,1.31,-0.04,0.37,0.37,0,100,1.68,0,1.12,0.75,0.56,0.27,1.68,0.83,22.46,13.66,0.02,5.05,37.96,7.86,2.99,2.06,2.62,73,1.31,1.57,3.37,43,0.75,67,1.5,0.19,17.03,12.1,4.12,2.43,1.31,41.24,5.24,31,1.12,46,1.31,0,0,40.23,85,2.81,13,54,1.68,5.24,20,80,-5,46.56,3.37,0.14,0.16,34.06,96,3.73,6.18,0.37,0.37,0,0,0.19,0.56,0,0,0,0,0,20,72,8,30,67,3,22.3,18.62,0.92,102,-3.68,20.51,18.92,0,0,0,0,0,,0,0,,0,0,0,0,0,0,17,8,4.55,43,-0.01,0.04,0.04,0,,0.06
Ever Valencia,Deportes Tolima,Primera A,2026,778,Centre Attacking Midfielder,Colombia,29,22/01/97,0.46,0.35,0.19,0.07,2.66,13,39,3,100,0.25,0.12,0.15,2.2,0.12,0.13,1.97,0,0.02,0.23,0.46,0.34,4.86,0.12,2.2,0.93,1.27,42,1.04,0,1.97,3.47,0.23,0.36,0.46,0.61,16.09,8.8,0,4.63,51.53,5.9,3.13,1.04,1.27,50,1.25,1.61,1.04,30,1.04,17,0.12,0,14.01,17.8,3.82,3.82,0.81,53.01,7.64,55,2.89,76,0.12,0,0,37.85,75,2.66,84,53,0.81,4.63,18,75,-1,63.71,4.51,0.4,0.66,39.12,88,5.63,15.97,3.01,2.43,0.58,0.35,3.7,6.13,0,19,0.69,33,0.46,14,68,17,20,62,19,17.81,13.99,0.94,113,-3.81,16.71,15.78,0,0,0,0,0,,0,0,,0,0,0,0,0,0,20,7,7.81,43,0.05,0.08,0.01,0.05,,0.19
Ewil Murillo,Santa Fe,Primera A,2026,508,Left Defensive Midfielder,Colombia,26,20/06/00,0,0,0.06,0.05,1.24,0,29,2,,0.12,0,0.01,0.35,0,0.01,0.35,0,0,0,0,0.07,1.59,-0.07,0.89,0.71,0.18,80,1.42,0,1.42,0.71,0.71,0.44,1.42,1.04,34.19,22.5,0.07,8.33,41.04,9.21,5.14,1.95,2.66,55,1.65,2.09,3.37,33,1.59,60,1.06,0.18,28.88,23.65,6.91,4.96,1.24,42.64,8.68,30,2.13,43,0.53,0,0,27.64,84,1.59,7,75,1.77,1.77,21,74,-10,51.51,3.19,0.25,0.26,25.16,94,4.81,5.49,0,0,0,0,0.18,0.18,0,,0,0,0,20,69,12,32,61,6,17.43,12.87,0.99,86,-4.56,17.29,11.03,0,0,0,0,0,,0,0,,0,0,0,0,0,0,14,7,2.85,19,0,0.09,-0.01,0.08,,0.17
Fabian Mosquera,Jaguares de Córdoba,Primera A,2026,1089,Left Defensive Midfielder,Colombia,31,02/03/95,0,0,0.01,0.02,0.58,0,14,1,,0,0,0.01,0.25,0,0.01,0.25,0,0,0,0,0.02,0.83,-0.02,0.74,0.66,0.08,89,1.07,0,0.66,0.66,1.24,0.83,1.65,1.08,15.04,7.44,0.01,5.45,35.87,7.19,2.73,1.16,2.4,70,0.94,1.77,1.32,58,0.5,57,0.99,0.08,12.81,10.22,3.64,2.31,0.58,39.58,3.72,29,0.91,39,0.17,0,0,36.45,85,2.81,13,63,2.48,3.64,21,81,-5,45.17,3.88,0.19,0.2,31.07,96,4.11,5.12,0.08,0.08,0,0,0.33,0.41,0,0,0,0,0.08,21,68,10,32,61,6,19.44,17.51,0.93,94,-1.94,18.04,16.43,0,0,0,0,0,,0,0,,0,0,0,0,0,0,16,7,4.18,32,-0.01,0.03,0,-0.02,,0
Fabio Delgado,Deportivo Pereira,Primera A,2026,1274,Left Wing Back,Colombia,27,27/05/99,0,0,0.06,0.17,0.35,0,0,0,,0,0,0.04,0.71,0,0.04,0.71,0,0,0,0,0.1,1.06,-0.1,1.13,0.71,0.42,63,0.49,0,0.99,1.48,0.85,0.74,2.68,2.26,12.01,5.37,0,4.03,31.65,7.35,2.19,1.27,2.12,82,1.09,1.83,1.13,57,0.28,69,0.78,0,9.61,7.31,3.04,1.27,0.14,37.37,2.47,26,0.42,33,0.14,0,0,37.16,82,1.91,91,68,3.18,2.33,17,73,-9,45.81,2.47,0.25,0.29,33.34,94,5.05,6.43,0.78,0.71,0.07,0.14,0.78,1.48,0.07,55,0.49,44,0.07,24,65,11,22,62,16,17.95,16.81,0.96,102,-1.15,17.29,17.18,0,0,0,0,0,,0,0,,0,0,0,0,0,0,23,10,3.24,33,0.07,0.09,-0.02,0.02,,0.17
Fabián Cantillo,Alianza Valledupar,Primera A,2026,1110,Left Defensive Midfielder,Colombia,29,16/09/97,0.08,0.08,0.11,0.07,1.62,5,35,2,,0.13,0,0.02,0.57,0,0.02,0.57,0,0,0,0.08,0.14,2.19,-0.06,0.41,0.32,0.08,80,0.89,0,1.38,0.49,0.73,0.53,1.13,0.9,15.81,8.84,0.05,3.97,44.27,8.59,4.78,1.38,2.11,68,0.93,1.47,1.86,60,0.65,56,1.13,0,12.57,8.84,2.92,2.68,0.97,46.72,5.27,42,1.86,70,0.49,0,0,26.51,85,0.97,10,80,1.46,0.89,18,78,-7,50.8,2.68,0.38,0.42,23.18,93,4.36,5.76,0.24,0.24,0,0.08,2.68,2.92,0,33,0.24,75,0.41,19,64,17,27,63,10,17.55,15.98,1.01,100,-1.57,17.76,16.05,0,0,0,0,0,,0,0,,0,0,0,0,0,0,20,9,2.93,20,0,0.08,0,-0.03,,0.05
Fabián Charales,Rionegro,Primera A,2026,1297,Right Wing,Colombia,22,11/07/04,0.07,0.07,0.13,0.11,1.11,6,38,2,,0.13,0.14,0.09,0.9,0.14,0.09,0.76,0,0,0.14,0.21,0.22,2.01,-0.01,1.25,0.83,0.42,67,2.84,0,1.8,2.57,0.35,0.25,0.83,0.5,16.93,7.7,0.01,4.58,48.02,6.52,3.33,1.66,2.01,77,1.53,1.78,0.83,53,0.49,35,0.62,0,14.43,11.64,3.88,2.5,0.76,49.7,7.15,50,1.87,75,0.14,0,0,21.3,71,1.39,12,39,1.04,3.33,18,69,-1,59.46,1.87,0.19,0.35,23.17,84,5.34,6.59,1.04,0.83,0.21,0.35,2.77,3.61,0.21,20,0.49,30,0.35,17,70,13,15,72,14,20.92,15.4,0.91,100,-5.52,19.12,15.34,0,0,0,0,0,,0,0,,0,0,0,0,0,0,31,10,3.26,23,0.01,0.06,0.01,-0.03,,0.05
Fabián Sambueza,Atlético Bucaramanga,Primera A,2026,1886,Centre Attacking Midfielder,Argentina,38,31/07/88,0.24,0.24,0.23,0.11,2.15,11,42,3,,0.22,0.19,0.24,2.53,0.19,0.21,2.05,0,0.03,0.48,0.43,0.47,4.68,-0.04,1.91,1.15,0.76,60,3.1,0,3.05,3.1,0.72,0.77,0.24,0.3,24.34,11.98,0,6.68,56.75,6.59,3.96,1.86,2.58,66,1.7,2.47,1.81,18,0.95,46,0.62,0,20.85,20.39,5.77,4.58,1.38,57.87,13.55,65,3.77,82,0.43,0,0.05,35.98,72,2.58,12,47,0.43,5.3,16,69,-4,61.33,7.02,0.5,0.7,39.8,86,5.86,14.46,2.77,2.1,0.67,0.33,4.15,6.25,0.29,7,0.29,20,0.76,22,65,13,29,61,10,18.67,15.22,0.92,102,-3.45,17.12,15.59,0,0,0,0,0,,0,0,,0,0,0,0,0,0,28,10,6.71,52,0.14,0.09,0.03,0,,0.26
Fabián Viáfara,Deportivo Cali,Primera A,2026,1977,Right Back,Colombia,34,15/03/92,0,0,0.02,0.03,0.59,0,31,1,,0.03,0.09,0.07,0.91,0.09,0.07,0.82,0,0,0.09,0.09,0.09,1.5,0.01,1.05,0.5,0.55,48,0.59,0,0.73,1.23,0.91,0.92,1.73,1.8,15.48,6.96,0.02,6.33,39.87,8.56,3.28,2.23,3.14,70,2.18,3.1,1.18,50,0.96,64,0.82,0,12.06,12.32,4.83,2.64,1.14,42.67,4.83,40,1.91,72,0.18,0,0,35.73,78,3,13,52,2.59,4.87,12,65,-13,54.88,4.42,0.27,0.31,28.91,95,3.59,10.79,1.55,1.32,0.23,0.23,1.46,2.78,0.05,62,1.27,42,0.41,27,61,12,25,58,17,20.65,21.25,0.93,92,0.6,19.16,19.49,0,0,0,0,0,,0,0,,0,0,0,0,0,0,25,10,4.72,32,0.17,0.05,0.05,-0.01,,0.25
Fabián Ángel,Junior,Primera A,2026,1127,Left Defensive Midfielder,Colombia,25,09/01/01,0.08,0.08,0.07,0.07,1.04,8,23,1,,0.05,0,0.02,0.24,0,0.02,0.24,0,0,0,0.08,0.08,1.28,0,0.48,0.24,0.24,50,0.56,0,0.64,0.72,1.28,1.23,2.48,1.9,21.89,12.94,0.06,9.27,33.82,8.23,2.32,3.6,4.87,80,3.32,4.55,1.68,31,0.88,71,1.36,0.08,16.62,14.37,7.03,3.12,1.52,37.47,4.23,25,1.36,44,0.32,0,0,32.76,90,2.88,8,75,2.72,3.6,12,80,-10,43.7,1.76,0.34,0.37,27.32,96,4.01,3.6,0,0,0,0,0.64,0.64,0,,0,,0,18,78,4,13,82,4,20.36,18.47,0.97,96,-1.89,19.69,17.74,0,0,0,0,0,,0,0,,0,0,0,0,0,0,14,7,3.82,24,0.03,0.04,0.11,-0.03,,0.14
Fabricio Sanguinetti,Inter Bogotá,Primera A,2026,2227,Centre Forward,Uruguay,26,22/08/00,0.28,0.28,0.23,0.1,2.3,12,40,6,,0.22,0.28,0.2,1.58,0.28,0.2,1.54,0,0,0.04,0.57,0.43,3.88,0.13,1.7,1.05,0.65,62,0.57,0.04,2.26,2.87,0.12,0.12,0.81,0.58,15.24,7.24,0.01,4.32,61.44,3.72,2.59,0.53,0.65,59,0.38,0.5,0.73,27,0.36,40,1.09,0,13.99,11.01,3.88,2.34,0.81,64.36,11.16,80,2.22,95,0.04,0,0,15.44,63,1.05,81,57,1.21,1.46,23,52,-11,64.22,1.94,0.27,0.54,18.51,76,8.59,5.38,0.93,0.93,0,0.49,4.89,5.82,0.12,57,0.77,34,0.93,11,70,19,6,80,14,18.56,17,1,101,-1.56,18.6,17.17,0,0,0,0,0,,0,0,,0,0,0,0,0,0,33,9,3.69,24,0.02,0.09,0.02,0.02,,0.16
Fabry Castro,Atlético Bucaramanga,Primera A,2026,381,Right Defensive Midfielder,Colombia,34,20/02/92,0,0,0.01,0.02,0.47,0,0,1,,0,0,0,0.24,0,0,0.24,0,0,0,0,0.01,0.71,-0.01,0.24,0,0.24,0,0.47,0,0.24,0.71,0.95,1.21,0.71,0.89,14.89,7.8,0,5.91,37.59,8.51,3.31,1.65,2.6,70,1.7,2.9,1.18,40,0.71,25,0.24,0,12.05,11.97,4.96,2.6,0.95,38.76,2.6,22,0.71,27,0.24,0,0,39.47,89,3.07,20,81,0.95,3.55,8,100,11,43.24,2.36,0.32,0.33,32.38,98,4.16,3.07,0,0,0,0,0.47,0.47,0,,0,0,0,18,73,9,31,62,8,20.68,16.44,0.97,100,-4.25,19.98,16.44,0,0,0,0,0,,0,0,,0,0,0,0,0,0,13,4,2.74,29,-0.02,0.06,0.04,-0.01,,0.08
Facundo Boné,Inter Bogotá,Primera A,2026,2213,Centre Attacking Midfielder,Uruguay,31,15/11/95,0.28,0.16,0.12,0.07,1.75,9,28,3,75,0.14,0.04,0.1,1.38,0.04,0.08,1.02,0,0.02,0.37,0.2,0.22,3.13,-0.01,1.87,1.14,0.73,61,1.59,0,2.36,2.89,0.45,0.38,0.45,0.34,17.4,8.42,0.01,3.66,54.93,5.41,3.05,1.34,1.79,62,1.07,1.45,1.14,33,0.81,34,0.65,0,14.92,11.95,3.05,2.24,0.41,56.72,9.39,63,1.5,67,0.16,0,0,26.02,70,2.28,80,49,0.85,4.23,19,65,-4,60.24,5.16,0.37,0.48,27.89,84,5.48,8.9,1.83,1.22,0.61,0.16,2.4,3.62,0.2,13,0.41,33,0.24,24,63,13,29,59,12,19.96,15.49,0.93,101,-4.47,18.48,15.69,0,0,0,0,0,,0,0,,0,0,0,0,0,0,26,8,6.11,41,0.01,0.04,0,0.02,,0.08
Federico Abadía,Cúcuta Deportivo,Primera A,2026,2159,Goalkeeper,Argentina,28,11/06/98,0,0,0,,0,,,0,,0,0,0.01,0.08,0,0,0.04,0,0,0.04,0,0.01,0.08,-0.01,0,0,0,,0.08,0,0,0,0,0,0.08,0.06,0.13,0,0,7.34,2.16,3.92,0,0,0,,0,0,0.08,,0,,0,0.04,0.04,0.05,0,0,0,13.01,0,0,0,,0.13,0,0.04,18.22,63,7.13,64,41,1.75,15.68,12,69,6,10.16,1.04,0.12,0.12,15.76,100,6.19,0.71,0.08,0.04,0.04,0,0,0.04,0.08,0,0,,0,56,44,0,100,0,0,46.3,38.64,0.75,81,-7.66,34.89,31.29,1.33,1.39,0.06,68,67,1,1.08,4.17,32,13.09,1.99,0.21,0.13,16.48,-1,34,3,1.16,10,0.1,0.07,0,,0.01,0.18
Felipe Aguilar,Deportivo Cali,Primera A,2026,1700,Right Centre Back,Colombia,33,19/01/93,0.11,0.11,0.07,0.15,0.48,22,56,0,,0.11,0,0.02,0.21,0,0.02,0.21,0,0,0,0.11,0.09,0.69,0.01,0.26,0.26,0,100,0.37,0,0.16,0.11,1.22,1.11,4.77,5.01,7.36,3.23,0.06,4.02,25.65,9.32,2.07,0.42,1.64,62,0.55,1.66,1.06,50,0.26,72,3.23,0.05,5.88,6.41,2.38,0.64,0.32,30.16,1.01,17,0.21,33,0.37,0.05,0,33.78,84,3.02,10,63,5.45,4.13,12,65,-19,38.03,2.07,0.21,0.28,24.62,99,4.86,2.81,0.11,0.11,0,0.11,1.22,1.32,0.05,0,0,0,0.11,31,67,3,45,51,4,22.72,22.96,0.93,96,0.24,21.16,22.03,0,0,0,0,0,,0,0,,0,0,0,0,0,0,18,7,2.12,14,0.05,0.06,0.02,0.03,,0.15
Felipe Mosquera,Deportivo Pereira,Primera A,2026,517,Centre Attacking Midfielder,Colombia,24,04/06/02,0,0,0.11,0.06,1.74,0,30,2,,0.05,0,0.02,0.7,0,0.02,0.7,0,0,0,0,0.13,2.44,-0.13,0.7,0.52,0.17,75,1.22,0.35,1.05,1.74,0.17,0.13,0.35,0.26,16.55,7.49,0.01,4.18,44.73,5.05,1.39,1.05,1.22,60,0.9,1.03,1.05,20,0.7,17,0.17,0,14.46,12.06,3.14,3.31,1.05,45.8,5.92,41,1.74,53,0.17,0,0,33.97,85,0.52,83,25,1.05,1.39,20,77,-8,46.01,1.39,0.34,0.38,33.62,94,4.68,3.66,0.17,0.17,0,0,1.22,1.39,0,0,0,0,0.35,14,71,16,19,76,5,19.4,22.21,0.9,84,2.82,17.5,18.58,0,0,0,0,0,,0,0,,0,0,0,0,0,0,21,9,2.94,24,-0.04,0.04,0,-0.07,,-0.07
Felipe Pardo,Alianza Valledupar,Primera A,2026,1540,Right Wing,Colombia,36,16/08/90,0.18,0.06,0.09,0.07,1.29,5,45,3,100,0.12,0.12,0.13,1.46,0.06,0.07,0.7,0.06,0.06,0.76,0.18,0.22,2.75,-0.04,1.29,0.94,0.35,73,1.29,0,1.93,1.64,0.53,0.34,0.64,0.51,15.2,7.83,0,3.92,52.93,5.79,3.21,1.23,1.75,72,0.93,1.26,1.23,33,0.47,33,0.47,0,12.8,9.73,3.16,2.75,0.76,55.07,8.01,63,2.34,85,0.23,0,0,21.34,63,2.16,19,39,1.23,4.97,20,70,7,62.16,2.86,0.13,0.23,22.27,86,5.71,6.96,2.1,1.29,0.82,0.12,2.46,3.74,0,28,0.88,25,0.18,12,76,12,18,66,15,22.54,17.79,0.87,96,-4.75,19.72,17.02,0,0,0,0,0,,0,0,,0,0,0,0,0,0,31,9,4.76,38,0.06,0.04,0.01,-0.03,,0.08
Felix Charrupí,Atlético Bucaramanga,Primera A,2026,1730,Right Defensive Midfielder,Colombia,25,12/05/01,0.1,0.1,0.03,0.04,0.78,13,33,1,,0.12,0,0.02,0.52,0,0.02,0.52,0,0,0,0.1,0.05,1.3,0.05,0.62,0.42,0.21,67,0.57,0,1.2,0.88,1.98,2.01,1.3,1.41,29.96,16.7,0.04,9.78,42.66,11.55,5.2,2.81,4.79,68,3.03,5.04,2.55,27,1.35,58,1.46,0.1,24.61,25.13,8.17,4.79,1.98,43.9,8.74,36,3.54,74,0.16,0.05,0,42.81,84,2.65,10,66,1.92,3.38,20,80,-5,49.1,6.35,0.44,0.46,35.95,95,4.68,9.26,0.57,0.57,0,0.1,0.83,1.4,0.1,0,0.05,50,0.16,22,66,11,35,58,6,19,17.35,0.97,101,-1.65,18.48,17.45,0,0,0,0,0,,0,0,,0,0,0,0,0,0,19,8,4.28,32,0.03,0.09,0.02,0.04,,0.18
Fernando Álvarez,Deportivo Cali,Primera A,2026,1749,Left Centre Back,Colombia,23,23/08/03,0,0,0.07,0.1,0.67,0,23,0,,0.03,0,0.01,0.15,0,0.01,0.15,0,0,0,0,0.08,0.82,-0.08,0.05,0,0.05,0,0.46,0,0.05,0.21,0.98,1.02,3.96,4.24,8.96,4.22,0.05,4.38,27.58,7.46,1.8,0.93,1.9,67,1.09,2.11,0.77,40,0.46,67,1.75,0,7.26,8.04,3.04,0.67,0.1,33.23,1.44,20,0.26,38,0.05,0,0.05,36.39,80,2.57,84,42,5.1,5.04,12,66,-15,40.63,3.81,0.26,0.31,28.41,99,3.74,4.84,0.1,0.1,0,0.05,1.34,1.44,0,0,0,0,0.1,34,62,4,48,47,5,23.53,23.56,0.89,86,0.02,20.99,20.29,0,0,0,0,0,,0,0,,0,0,0,0,0,0,18,6,2.41,16,0.03,0.03,0.07,-0.05,,0.09
Francisco Chaverra,Millonarios,Primera A,2026,681,Left Wing Back,Colombia,26,12/03/00,0.13,0.13,0.4,0.13,3.17,4,42,4,,0.35,0.13,0.08,1.06,0.13,0.08,1.06,0,0,0,0.26,0.49,4.23,-0.22,1.59,1.06,0.53,67,1.72,0,3.57,3.04,0,0,0.13,0.18,16.65,8.19,0,3.04,55.98,6.61,4.23,1.32,1.32,67,1,1,1.32,29,0.66,29,0.26,0,14,13.81,2.64,3.7,0.66,56.1,8.45,60,2.77,75,0.13,0,0,32.5,79,1.45,75,52,0.79,2.11,28,73,-5,61.52,3.83,0.27,0.67,35.27,84,4.99,13.21,1.06,0.92,0.13,0.13,6.08,7,0,25,0.26,20,0.4,12,70,18,13,68,19,17.91,16.43,0.97,101,-1.48,17.39,16.61,0,0,0,0,0,,0,0,,0,0,0,0,0,0,23,8,4.33,25,-0.01,0.03,0,0.06,,0.08
Francisco Chaverra,Independiente Medellín,Primera A,2026,1459,Left Wing Back,Colombia,26,12/03/00,0.19,0.12,0.11,0.05,2.28,5,32,2,100,0.12,0.12,0.15,1.79,0.06,0.08,1.3,0.06,0.07,0.49,0.25,0.26,4.07,-0.02,1.54,1.17,0.37,76,2.1,0.06,1.67,2.04,0.37,0.43,1.05,1.19,13.38,6.29,0,3.89,46.88,6.29,3.33,1.48,1.85,86,1.76,2.19,1.05,69,0.25,50,0.68,0.06,10.92,11.73,3.27,1.85,0.68,50.93,5.49,50,1.42,77,0.31,0,0.06,29.91,75,3.15,78,48,1.67,5.98,17,71,-4,61.91,4.07,0.3,0.4,31.51,90,5.86,12.21,1.79,0.86,0.93,0.12,2.96,3.82,0.06,10,0.31,17,0.49,13,69,18,8,70,22,22.54,18.33,0.89,98,-4.21,19.99,17.92,0,0,0,0,0,,0,0,,0,0,0,0,0,0,24,7,6.78,40,0.03,0.13,0.03,-0.06,,0.14
Francisco Fydriszewski,Independiente Medellín,Primera A,2026,1355,Centre Forward,Argentina,33,12/04/93,0.13,0.13,0.28,0.11,2.52,5,37,5,,0.31,0.13,0.12,1.26,0.13,0.12,1.26,0,0,0,0.27,0.4,3.78,-0.14,0.46,0.07,0.4,14,1,0.07,1.46,2.26,0.33,0.3,0.46,0.58,19.39,8.37,0.01,5.25,66.86,4.12,2.72,0.46,0.8,64,0.47,0.77,2.46,20,0.27,43,2.86,0,16.6,19.29,4.45,2.52,0.6,68.58,14.14,85,2.39,95,0.33,0,0,15.01,74,0.46,6,50,0.8,0.6,35,63,-12,63.4,1.33,0.32,0.59,11.75,75,3.56,6.04,0.53,0.46,0.07,0.6,7.24,7.7,0.07,0,0,0,1.13,12,66,22,9,71,20,14.91,15.81,0.98,96,0.9,14.54,15.17,0,0,0,0,0,,0,0,,0,0,0,0,0,0,31,11,3.7,21,-0.02,0.02,0.04,0.01,,0.06
Francisco Meza,Llaneros,Primera A,2026,2413,Left Centre Back,Colombia,35,28/08/91,0.07,0.07,0.03,0.07,0.37,20,30,0,,0.07,0,0.02,0.22,0,0.01,0.19,0,0,0.04,0.07,0.04,0.6,0.03,0.07,0.07,0,100,0.52,0.04,0.15,0.15,0.86,0.74,4.85,3.97,8.17,4.4,0.07,5.04,22.76,8.43,1.27,1.04,1.9,74,0.88,1.63,0.63,56,0.37,55,1.79,0.04,6.53,5.53,3.1,0.9,0.3,26.45,0.75,11,0.19,21,0.26,0,0.04,36.89,82,4.21,16,60,5.63,6.19,10,78,-4,36.76,3.17,0.21,0.25,27.04,99,5.41,3.28,0.19,0.15,0.04,0.04,1.42,1.57,0,0,0,0,0.11,32,66,2,43,53,3,23.96,25.08,0.93,98,1.12,22.34,24.61,0,0,0,0,0,,0,0,,0,0,0,0,0,0,23,9,2.71,23,0.04,0.04,0.02,0.01,,0.11
Franco Armani,Atlético Nacional,Primera A,2026,500,Goalkeeper,Argentina,40,15/10/86,0,0,0,,0,,,0,,0,0,0,0,0,0,0,0,0,0,0,0,0,0,0,0,0,,0.36,0,0,0,0,0,0,0,0.18,0,0,6.11,3.07,3.06,0,0,0,,0,0,0,100,0,,0,0,0.18,0.21,0,0,0,14.02,0,0,0,,0,0,0,26.08,78,7.91,16,51,3.78,11.87,15,50,-28,10.14,0.54,0.25,0.25,23.74,100,4.12,0.18,0,0,0,0,0,0,0,,0,,0,34,66,0,100,0,0,34.37,42.99,0.8,72,8.62,27.49,31.13,0.54,0.83,0.29,87,80,7,0.75,4.14,38,10.97,2.07,0.18,0.18,18.99,-3,24,7,1.1,6,0.08,0.06,,,0.13,0.26
Franco Fagúndez,Santa Fe,Primera A,2026,1041,Centre Attacking Midfielder,Uruguay,26,18/07/00,0.52,0.52,0.14,0.07,2.16,24,44,2,,0.21,0.35,0.24,1.9,0.26,0.18,1.3,0.09,0.06,0.61,0.86,0.38,4.06,0.48,1.73,1.04,0.69,60,2.85,0,3.46,3.03,0.52,0.4,0.52,0.45,16.08,7.09,0.01,4.24,58.59,5.79,4.15,0.69,1.21,62,0.73,1.14,0.95,57,0.43,51,1.64,0,14.44,11.93,3.72,3.37,0.78,60.75,10.37,72,3.11,92,0.35,0,0,35.87,72,2.59,21,50,0.86,4.84,20,69,-3,61.32,5.1,0.43,0.58,34.49,84,5.98,11.76,1.9,1.21,0.69,0.17,2.51,3.72,0.09,5,0.09,8,0.35,18,70,12,19,68,13,19.53,16.19,0.92,94,-3.33,17.97,15.25,0,0,0,0,0,,0,0,,0,0,0,0,0,0,27,9,6.66,43,0.02,0.04,0.07,0.01,,0.15
Frank Castañeda,Cúcuta Deportivo,Primera A,2026,625,Left Wing,Colombia,32,16/07/94,0,0,0.09,0.06,1.58,0,18,2,,0.04,0,0.09,1.44,0,0.08,1.15,0,0.02,0.29,0,0.19,3.02,-0.19,1.15,0.58,0.58,50,2.16,0,3.02,2.88,0.29,0.22,0.72,0.39,16.56,7.92,0,5.47,45.85,7.63,3.89,1.58,1.87,85,1.01,1.22,0.58,50,0.29,36,0.58,0,14.4,11.56,4.61,3.17,1.44,46.97,5.9,41,1.73,55,0,0,0,32.83,76,1.73,17,35,0.86,4.75,24,83,8,55.13,3.74,0.28,0.36,33.84,86,5.67,8.5,0.86,0.43,0.43,0.43,1.15,1.58,0,33,0.43,20,0.14,14,65,20,19,56,25,19.28,14.33,0.87,102,-4.95,16.77,14.6,0,0,0,0,0,,0,0,,0,0,0,0,0,0,21,8,5.43,49,0.13,0.06,0.02,-0.06,,0.16
Frank Fabra,Independiente Medellín,Primera A,2026,1152,Left Back,Colombia,35,21/02/91,0,0,0.03,0.04,0.86,0,27,1,,0,0.23,0.27,1.72,0.23,0.22,0.94,0,0.05,0.78,0.23,0.3,2.58,-0.07,1.41,1.02,0.39,72,0.78,0,1.56,1.56,1.17,0.93,1.56,1.52,9.07,4.61,0,3.13,31.54,6.72,2.81,1.56,2.74,77,1.39,2.32,0.94,25,0.47,76,1.02,0,6.64,6.21,2.34,1.09,0.47,35.81,1.72,26,0.78,71,0.16,0,0,37.44,74,4.69,82,58,2.42,7.19,15,72,-3,54.71,5.78,0.31,0.53,35.64,92,5.9,10.94,2.89,1.41,1.48,0.7,2.74,4.14,0.08,41,1.95,40,0.7,22,68,11,23,61,16,22.43,18.71,0.93,87,-3.72,20.93,16.27,0,0,0,0,0,,0,0,,0,0,0,0,0,0,28,9,6.69,44,0.34,0.11,0.01,-0.04,,0.42
Frank Lozano,Rionegro,Primera A,2026,2596,Left Defensive Midfielder,Colombia,33,21/08/93,0.14,0.14,0.06,0.09,0.69,20,45,1,,0.15,0,0.03,0.35,0,0.03,0.35,0,0,0,0.14,0.09,1.04,0.05,0.49,0.42,0.07,86,1.32,0.03,1.18,1.14,1.32,1.31,1.73,1.51,13.59,7.38,0.03,6.07,39.13,9.29,4.02,1.21,2.53,61,1.2,2.51,0.49,37,0.76,54,1.32,0,12.03,11.79,4.71,3.19,1.35,42.33,4.06,34,1.7,53,0.14,0,0,32.73,81,1.28,21,45,2.29,2.29,22,75,-6,48.42,4.09,0.28,0.34,27.01,93,4.88,6.31,0.45,0.45,0,0.03,1.7,2.15,0,15,0.1,27,0.07,24,68,8,30,65,5,19.25,18,0.93,91,-1.25,17.91,16.44,0,0,0,0,0,,0,0,,0,0,0,0,0,0,21,10,3.41,24,0.04,0.07,0.04,0.05,,0.2
Franklin Mosquera,Jaguares de Córdoba,Primera A,2026,1475,Goalkeeper,Colombia,27,04/04/99,0,0,0,,0,,,0,,0,0,0,0.06,0,0,0.06,0,0,0,0,0,0.06,0,0.06,0.06,0,100,0.61,0,0,0,0.06,0.05,0.06,0.06,0.06,0,0,8.61,2.82,4.09,0,0,0.06,,0,0.05,0,100,0,,0,0,0.06,0.03,0.06,0,0,11.73,0,0,0,,0.06,0,0,16.54,75,5.07,13,44,1.4,10.19,9,73,-2,11.35,0.43,0.12,0.12,14.95,100,5.78,0.12,0,0,0,0,0,0,0,,0,,0,47,53,0,100,0,0,37.09,40.84,0.73,87,3.75,27.19,35.65,1.34,1.31,-0.03,68,68,-1,1.29,4.15,31,13.31,1.83,0.12,0.12,16.16,-2,22,3,2.07,15,0.07,0.09,0.03,,0.02,0.21
Fredy Hinestroza,Atlético Bucaramanga,Primera A,2026,1598,Left Back,Colombia,36,04/04/90,0,0,0.02,0.05,0.39,0,14,0,,0.01,0,0.02,0.34,0,0.02,0.28,0,0,0.06,0,0.04,0.73,-0.04,0.62,0.45,0.17,73,0.85,0,0.85,0.68,0.68,0.7,1.41,1.48,9.69,4.68,0.02,3.27,37.03,8.56,3.21,0.96,1.63,57,0.98,1.68,1.35,29,0.73,55,1.01,0.06,7.38,7.71,2.2,1.52,0.45,39.49,2.03,27,0.9,59,0.62,0,0,42.53,81,3.04,89,55,2.08,4.9,12,71,-10,49.82,5.92,0.25,0.27,37.63,97,4.54,9.86,0.68,0.56,0.11,0,0.45,1.01,0,42,0.51,24,0.06,28,63,9,37,52,11,19.69,19.46,0.92,82,-0.23,18.21,15.95,0,0,0,0,0,,0,0,,0,0,0,0,0,0,21,10,3.5,30,0.08,0.06,0.04,-0.01,,0.17
Fáiner Torijano,Deportivo Pasto,Primera A,2026,1766,Right Centre Back,Colombia,38,30/08/88,0,0,0.01,0.03,0.25,0,0,0,,0,0,0,0.1,0,0,0.1,0,0,0,0,0.01,0.36,-0.01,0.2,0.2,0,100,0.25,0,0.25,0.1,0.97,0.97,3.62,3.72,5.96,3.06,0.03,3.26,26.15,8.51,1.68,1.02,1.99,87,1.15,2.12,0.82,50,0.15,74,2.19,0,4.13,4.37,1.83,0.66,0.36,32.11,0.97,23,0.15,23,0,0,0,32.72,82,2.6,13,46,4.33,5,12,63,-19,36.58,2.75,0.26,0.26,25.23,99,4.94,2.75,0.25,0.15,0.1,0.05,0.66,0.82,0,20,0.05,50,0.05,34,63,3,46,52,2,22.6,22.63,0.86,80,0.03,19.35,18.12,0,0,0,0,0,,0,0,,0,0,0,0,0,0,22,10,2.57,18,0.06,0.05,-0.01,-0.01,,0.09
Geovanni Banguera,Deportivo Pasto,Primera A,2026,1268,Goalkeeper,Colombia,31,14/12/95,0,0,0,,0,,,0,,0,0,0,0,0,0,0,0,0,0,0,0,0,0,0.14,0.14,0,100,0.28,0,0,0,0,0,0,0,0.43,0.14,0,6.53,3.13,3.27,0,0,0,0,0,0,0.14,50,0.07,,0,0,0.28,0.31,0.14,0,0,14.87,0,0,0,,0.14,0,0.07,14.98,65,3.19,10,29,2.2,8.87,15,53,-12,10.41,0.71,0.05,0.05,13.13,99,5.71,0.07,0,0,0,0,0,0,0,,0,,0,52,48,0,100,0,0,41.21,46.07,0.61,62,4.86,25.27,28.73,1.06,1.3,0.24,72,65,6,1.02,3.76,36,10.58,1.95,0.07,0.07,17.41,3,29,5,0.68,5,0.06,0.07,0,,0.09,0.22
Guillermo Celis,Junior,Primera A,2026,1083,Right Defensive Midfielder,Colombia,33,07/05/93,0,0,0.01,0.07,0.08,0,0,0,,0,0,0.02,0.67,0,0.02,0.67,0,0,0,0,0.02,0.75,-0.02,0.17,0.08,0.08,50,1.41,0,0.33,0.08,0.91,1.3,1.08,1.16,22.2,13.63,0.01,7.15,41.19,10.72,5.07,2.41,3.33,83,2.61,3.91,1.41,44,0.5,57,1.08,0,18.62,20.36,6.07,3.66,1.25,41.7,5.9,32,1.75,48,0.33,0.08,0,45.73,87,4.74,11,81,1.75,5.15,11,72,-15,46.14,4.24,0.37,0.37,34.5,99,3.08,7.07,0.25,0.25,0,0,0.33,0.58,0,0,0,0,0,23,72,4,32,64,5,19.99,19.75,1,110,-0.24,19.93,21.7,0,0,0,0,0,,0,0,,0,0,0,0,0,0,15,6,4.04,27,0.05,0.05,0.02,-0.01,,0.11
Guillermo Paiva,Junior,Primera A,2026,1515,Centre Forward,Paraguay,29,16/08/97,0.24,0.18,0.22,0.08,2.79,6,30,3,100,0.26,0.3,0.18,1.6,0.3,0.18,1.54,0,0,0.06,0.48,0.4,4.4,0.08,0.89,0.65,0.24,73,1.78,0.12,1.9,2.44,0.48,0.52,1.01,1.02,18.42,8.68,0.01,5.59,59.85,5.05,2.56,0.59,1.07,45,0.53,1.05,1.01,14,0.71,51,2.85,0,16.88,17.5,4.69,3.92,1.01,63.63,12.42,74,3.15,80,0.36,0,0,32.98,72,2.32,8,68,1.66,2.73,27,74,2,60.44,3.39,0.57,0.72,28.29,89,4.28,11.88,1.6,1.54,0.06,0.53,5.41,6.95,0.18,4,0.3,26,0.59,18,67,15,14,72,14,17.73,16.74,0.98,103,-0.99,17.46,17.21,0,0,0,0,0,,0,0,,0,0,0,0,0,0,26,7,6.32,38,0.04,0.05,0.02,0,,0.11
Guillermo de Amores,Millonarios,Primera A,2026,405,Goalkeeper,Uruguay,32,18/10/94,0,0,0,,0,,,0,,0,0,0.03,0.22,0,0.03,0.22,0,0,0,0,0.03,0.22,-0.03,0,0,0,,0,0,0,0,0,0,0,0,0,0,0,5.12,2.44,2.89,0,0,0,,0,0,0,,0,,0,0.22,0,0,0,0,0,,0,,0,,0,0,0,10.01,77,4.89,11,56,0.89,7.79,5,25,-52,10.54,1.78,0.05,0.07,10.23,100,5.69,0.89,0,0,0,0,0,0,0,,0,,0,46,54,0,75,25,0,41.84,72.3,0.81,119,30.46,34,85.88,1.56,1.25,-0.31,42,53,-12,0.91,2.67,31,8.68,1.6,0,0,18.83,1,19,5,1.29,8,0.09,0.04,,,-0.34,-0.21
Gustavo Charrupí,Atlético Bucaramanga,Primera A,2026,556,Left Defensive Midfielder,Colombia,22,26/07/04,0,0,0.03,0.04,0.81,0,20,1,,0.02,0,0.03,0.97,0,0.03,0.97,0,0,0,0,0.06,1.78,-0.06,1.13,0.97,0.16,86,1.29,0,3.4,0.97,0.49,0.44,0.49,0.55,22,12.13,0,8.41,44.66,10.35,5.01,1.78,2.26,69,1.51,1.95,0.49,17,0.81,14,0.16,0,19.74,18.14,6.79,3.72,1.62,44.84,8.74,44,2.91,78,0.32,0,0,51.93,87,2.43,6,68,0.81,3.24,18,78,-9,50.7,6.15,0.25,0.28,48.69,92,4.13,10.84,0.65,0.65,0,0,0.81,1.46,0,0,0,,0,16,76,8,19,73,7,17.4,14.13,0.98,113,-3.28,17.13,16.01,0,0,0,0,0,,0,0,,0,0,0,0,0,0,18,9,5.39,40,-0.01,0.07,0.05,-0.01,,0.1
Gustavo Cuéllar,Deportivo Cali,Primera A,2026,592,Left Defensive Midfielder,Colombia,34,13/10/92,0,0,0.01,0.03,0.3,0,0,0,,0,0.3,0.07,1.52,0.3,0.07,1.52,0,0,0,0.3,0.08,1.82,0.23,0.76,0.76,0,100,1.37,0,1.06,0.76,1.98,2.46,0.91,0.61,26.74,17.47,0.04,9.27,45.98,7.9,4.71,4.56,6.53,83,4.81,7.27,1.67,55,0.91,67,0.3,0.15,20.51,21.66,7.14,4.25,1.67,46.88,8.2,40,2.58,61,0.61,0,0,52.11,87,4.56,11,67,1.67,6.08,17,86,-1,50.53,9.72,0.44,0.47,44.52,97,4.73,13.67,1.06,1.06,0,0.15,0.15,1.22,0.15,14,0.3,100,0.3,19,72,9,26,70,4,21.33,18.09,0.97,95,-3.24,20.7,17.12,0,0,0,0,0,,0,0,,0,0,0,0,0,0,11,5,4.32,28,0.04,0.06,0.04,-0.02,,0.13
Gustavo Torres,Cúcuta Deportivo,Primera A,2026,366,Centre Forward,Colombia,30,14/06/96,0.25,0.25,0.2,0.07,2.95,8,17,6,,0.26,0,0.13,1.23,0,0.13,1.23,0,0,0,0.25,0.33,4.18,-0.08,1.48,1.48,0,100,0.49,0,0.74,2.46,0.25,0.09,0.74,0.44,15.25,7.87,0,3.69,45.08,4.18,2.71,1.23,1.48,63,0.75,0.83,1.72,25,0.74,38,1.23,0,12.3,8.18,2.95,0.98,0.49,48.61,5.41,44,0.74,75,0.74,0,0,17.47,78,0.74,13,60,1.48,0.49,19,43,-35,60.67,2.71,0.25,0.49,18.21,85,6.59,6.4,0.49,0.49,0,0.74,6.15,6.64,0,0,0.25,100,0.74,18,60,22,12,69,19,16.62,20.98,1,93,4.36,16.56,19.51,0,0,0,0,0,,0,0,,0,0,0,0,0,0,29,8,3.2,22,0.02,0.05,0.07,-0.04,,0.1
Gustavo Torres,Deportivo Pereira,Primera A,2026,375,Right Centre Forward,Colombia,30,14/06/96,0.24,0.24,0.3,0.1,2.88,8,25,4,,0.37,0,0.06,1.2,0,0.06,1.2,0,0,0,0.24,0.36,4.08,-0.12,0.72,0.72,0,100,1.2,0,1.2,3.12,0.24,0.15,0.72,0.54,15.1,4.79,0,2.64,57.4,4.79,3.36,0,0.24,0,0,0.15,1.68,0,0.24,32,1.92,0,13.43,8.96,2.16,1.68,0.48,59.51,8.87,66,1.2,71,0.24,0,0.24,21.58,75,1.68,6,70,0.96,2.16,36,74,-1,60.51,2.16,0.21,0.45,21.1,81,4.71,6.95,0.96,0.96,0,0.24,4.32,5.27,0,100,0.96,67,0.24,9,72,19,7,72,21,19.1,15.13,1.03,105,-3.97,19.67,15.87,0,0,0,0,0,,0,0,,0,0,0,0,0,0,29,9,3.67,35,0.08,-0.01,-0.01,-0.11,,-0.06
Halam Loboa,Independiente Medellín,Primera A,2026,1244,Right Defensive Midfielder,Colombia,20,06/05/06,0,0,0.01,0.03,0.51,0,14,1,,0.01,0,0.01,0.22,0,0.01,0.22,0,0,0,0,0.02,0.72,-0.02,0.43,0.22,0.22,50,1.81,0,0.72,0.72,0.87,1.05,0.8,0.66,19.82,11.21,0.05,7.6,41.11,8.97,3.83,2.6,3.47,77,2.68,3.73,1.23,17,0.8,59,0.72,0,15.99,17.15,6.29,3.33,1.09,42.94,6.22,39,2.32,70,0.22,0,0,38.35,89,1.52,11,57,1.23,2.24,14,82,-7,50.45,4.41,0.34,0.35,34.87,96,4.77,7.45,0.22,0.22,0,0,0,0.22,0,0,0,0,0.07,17,74,9,17,78,6,18.29,18.3,0.95,94,0.01,17.42,17.25,0,0,0,0,0,,0,0,,0,0,0,0,0,0,14,7,3.73,24,0,0.07,0.02,-0.01,,0.08
Harlen Castillo,Atlético Nacional,Primera A,2026,1191,Goalkeeper,Colombia,33,16/08/93,0,0,0,,0,,,0,,0,0,0.03,0.08,0,0,0,0,0.03,0.08,0,0.03,0.08,-0.03,0,0,0,,0.15,0,0,0.08,0,0,0.08,0.08,0,0,0,7.1,2.63,3.48,0,0,0,,0,0,0,,0,,0,0,0,0,0,0,0,,0,,0,,0,0,0,22.45,80,5.37,15,49,2.42,8.54,12,67,-13,13.07,1.13,0.13,0.13,19.42,100,4.53,0.53,0,0,0,0,0,0,0,,0,,0,39,61,0,100,0,0,35.43,40.66,0.78,82,5.23,27.7,33.36,0.91,0.62,-0.28,66,76,-11,0.69,2.65,24,11.11,1.63,0.15,0.15,18.59,2,18,3,2.09,12,0.08,0.05,0.01,,-0.29,-0.15
Harrinson Mancilla,Deportivo Pasto,Primera A,2026,1133,Left Defensive Midfielder,Colombia,35,21/12/91,0,0,0.05,0.06,0.79,0,10,1,,0,0,0.01,0.48,0,0.01,0.48,0,0,0,0,0.06,1.27,-0.06,0.24,0.24,0,100,0.64,0,1.11,0.79,0.79,0.96,1.27,1.48,22.48,12.63,0.05,6.59,40.79,7.62,3.97,1.99,2.78,68,1.97,2.93,2.38,29,0.95,60,0.71,0.08,18.11,18,5.4,3.65,1.43,44.35,6.99,39,2.62,72,0.16,0,0,39.71,86,1.91,15,62,1.67,2.7,16,77,-9,46.24,3.18,0.3,0.36,33.36,95,3.86,5.96,0.16,0.16,0,0.08,0.79,0.95,0,0,0,0,0.08,21,72,8,17,80,3,18.05,16.47,0.95,98,-1.58,17.21,16.14,0,0,0,0,0,,0,0,,0,0,0,0,0,0,16,7,3.06,23,-0.05,0.06,0.1,-0.05,,0.06
Hayen Palacios,Independiente Medellín,Primera A,2026,705,Right Wing Back,Colombia,27,07/09/99,0.13,0.13,0.39,0.17,2.3,6,39,3,,0.32,0.13,0.12,0.89,0.13,0.11,0.77,0,0.01,0.13,0.26,0.52,3.19,-0.26,0.64,0.38,0.26,60,0.89,0,0.51,1.53,1.02,0.67,1.79,1.47,14.82,8.3,0.04,4.09,43.81,4.6,2.17,1.66,2.68,62,1.53,2.2,1.28,27,1.02,78,1.79,0,11.88,10.87,2.56,1.92,0.38,49,6.13,52,1.53,80,0.38,0,0,27.47,74,1.92,4,63,1.92,2.94,13,59,-14,53.91,2.81,0.51,0.65,23.89,94,4.4,7.41,1.15,1.02,0.13,0.13,3.96,4.98,0,56,0.77,40,0.13,15,72,13,21,59,21,18.26,14.54,0.97,121,-3.73,17.77,17.62,0,0,0,0,0,,0,0,,0,0,0,0,0,0,30,10,3.88,25,0.1,0.1,0,0.02,,0.21
Helibelton Palacios,Santa Fe,Primera A,2026,2174,Right Back,Colombia,33,10/06/93,0.04,0.04,0.02,0.14,0.17,25,25,0,,0,0.08,0.07,0.54,0.08,0.07,0.54,0,0,0,0.12,0.09,0.7,0.03,0.58,0.37,0.21,64,1.24,0,0.7,0.99,1.28,1.19,1.86,1.44,12.63,6.29,0.03,4.31,35.12,7.58,2.61,1.32,2.61,67,1.18,2.36,1.03,39,0.66,55,1.41,0,10.27,9.03,3.19,2.03,0.79,39.43,3.56,35,1.24,61,0.12,0.08,0,29.06,76,1.86,12,48,2.32,3.39,15,60,-16,51.59,4.43,0.27,0.3,23.14,94,4.83,7.24,0.83,0.62,0.21,0.08,0.91,1.53,0,30,0.37,18,0.12,27,64,9,30,61,9,19.06,16.95,0.92,102,-2.11,17.46,17.22,0,0,0,0,0,,0,0,,0,0,0,0,0,0,28,12,3.81,26,0.1,0.06,0.03,-0.02,,0.17
Hernán Lópes,Rionegro,Primera A,2026,1397,Right Centre Back,Argentina,35,27/03/91,0,0,0.01,0.11,0.13,0,50,0,,0.04,0,0.03,0.26,0,0.02,0.19,0,0.01,0.06,0,0.04,0.39,-0.04,0,0,0,,0.45,0,0.06,0.06,1.29,0.89,5.48,4.56,10.05,5.41,0.02,5.86,25.75,8.83,1.35,1.35,2.64,78,1.14,2.02,1.42,33,0.39,58,2.51,0,7.28,5.92,3.22,1.1,0.52,32.72,1.29,18,0.39,35,0.32,0,0,31.7,75,3.54,7,48,6.7,6.19,15,60,-15,35.41,1.48,0.19,0.21,23.52,99,3.57,1.87,0.19,0.06,0.13,0.13,0.84,0.9,0,0,0,0,0.13,34,62,4,38,52,10,26.04,25.32,0.89,85,-0.72,23.22,21.57,0,0,0,0,0,,0,0,,0,0,0,0,0,0,26,9,2.48,21,0.01,0.02,-0.03,-0.02,,-0.02
Hervin Goyes,Deportivo Pasto,Primera A,2026,1360,Left Wing Back,Colombia,20,01/06/06,0,0,0.02,0.05,0.4,0,33,1,,0.04,0.07,0.06,1.13,0,0.04,0.93,0.07,0.02,0.2,0.07,0.08,1.52,-0.01,2.12,1.59,0.53,75,1.06,0,2.18,1.79,0.6,0.58,1.52,1.59,14.49,6.95,0.02,5.96,36.74,9.46,3.64,1.65,2.25,63,1.47,2.04,0.66,50,0.99,38,0.6,0.07,12.18,12.84,4.43,2.38,0.93,40.23,4.17,34,1.79,75,0.07,0,0,32.23,81,1.13,73,39,1.79,2.65,16,80,-1,51.58,3.97,0.19,0.23,34.08,89,6.54,8.47,0.79,0.6,0.2,0.26,1.39,1.99,0,33,0.53,24,0.26,18,69,14,18,64,18,18.23,16.49,0.92,103,-1.74,16.83,17.04,0,0,0,0,0,,0,0,,0,0,0,0,0,0,20,10,3.8,28,0.02,0.11,0.05,0.03,,0.2
Homer Martínez,Deportes Tolima,Primera A,2026,445,Right Defensive Midfielder,Colombia,29,05/10/97,0,0,0.04,0.03,1.42,0,57,1,,0.06,0,0.07,0.81,0,0.07,0.81,0,0,0,0,0.11,2.22,-0.11,0.4,0.4,0,100,1.21,0,1.42,1.62,0.4,0.67,1.62,1.77,21.43,12.94,0,6.47,40.52,6.87,3.44,2.83,3.24,67,3.98,4.65,3.03,30,1.42,63,1.01,0.2,15.57,19.27,5.06,2.43,1.42,42.2,5.86,38,1.62,67,0.61,0,0,55,84,5.66,17,72,2.43,7.08,14,85,1,49.2,9.1,0.35,0.43,50.55,95,5.67,11.73,1.21,1.21,0,0.2,1.62,2.83,0,50,1.01,83,0.4,21,71,8,24,72,3,20.05,18.48,0.97,109,-1.57,19.38,20.15,0,0,0,0,0,,0,0,,0,0,0,0,0,0,14,6,5.58,36,0.1,0.09,0.1,-0.02,,0.27
Howell Mena,Llaneros,Primera A,2026,1035,Right Centre Back,Colombia,25,18/04/01,0,0,0.01,0.02,0.43,0,20,0,,0,0,0.02,0.17,0,0.02,0.17,0,0,0,0,0.03,0.61,-0.03,0.09,0.09,0,100,0.52,0,0.26,0.43,0.78,0.62,5.65,3.76,14.35,7.48,0.09,5.13,27.38,8.78,1.39,2.17,2.96,78,1.91,2.53,2.09,54,0.61,54,1.65,0.09,10.09,8.58,3.65,1.57,0.61,34.18,2.35,23,0.87,56,0.26,0,0,28.79,78,3.48,11,52,6.87,5.48,14,61,-17,38.66,3.13,0.25,0.26,22.35,98,4.75,2.61,0.26,0,0.26,0.09,0.52,0.52,0,0,0,0,0.09,36,60,4,30,70,0,25.75,26.6,0.92,89,0.85,23.59,23.55,0,0,0,0,0,,0,0,,0,0,0,0,0,0,30,14,2.71,24,0.05,0.03,0.08,-0.01,,0.15
Hugo Rodallega,Santa Fe,Primera A,2026,2500,Centre Forward,Colombia,41,24/07/85,0.47,0.36,0.26,0.08,3.35,11,42,6,100,0.37,0.07,0.11,0.86,0.07,0.11,0.79,0,0,0.07,0.43,0.38,4.21,0.05,0.61,0.43,0.18,71,0.94,0,0.86,1.94,0.04,0.05,0.97,0.82,9.97,3.67,0.02,2.12,60.58,3.46,2.3,0.14,0.18,67,0.13,0.18,1.08,0,0.07,48,1.94,0,8.78,7.89,1.87,1.37,0.36,67.9,7.27,83,1.22,89,0.04,0,0,17.71,68,0.58,12,48,1.08,1.08,25,58,-11,60.21,2.63,0.38,0.62,16.09,87,4.58,6.19,0.9,0.9,0,0.25,5.22,6.12,0.29,0,0.04,10,0.36,20,62,18,24,65,10,17.53,14.04,1,105,-3.49,17.5,14.75,0,0,0,0,0,,0,0,,0,0,0,0,0,0,29,10,3.57,26,-0.05,0.02,0.01,0.05,,0.03
Iago Herrerín,Deportivo Pasto,Primera A,2026,899,Goalkeeper,Spain,38,24/01/88,0,0,0,,0,,,0,,0,0,0,0.1,0,0,0,0,0,0.1,0,0,0.1,0,0.1,0.1,0,100,0.3,0,0,0,0,0,0,0,0.4,0.4,0,6.11,3.48,3.61,0,0,0,,0,0,0.1,,0,,0,0,0.3,0.37,0.2,0,0,8.24,0,0,0,,0,0,0,19.33,69,4.71,9,39,2.7,9.21,16,46,-23,11.87,1.3,0.19,0.19,17.23,100,4.58,0.7,0.2,0.1,0.1,0,0,0.1,0,0,0,,0,54,46,0,86,14,0,40.24,45.03,0.73,73,4.79,29.33,32.91,1.4,1.22,-0.18,55,61,-6,1.01,3.1,36,8.51,2.63,0.1,0.1,19.77,5,29,3,0.65,5,0.06,0.08,-0.07,,-0.13,-0.06
Ian Poveda,Inter Bogotá,Primera A,2026,381,Right Wing,England,26,08/02/00,0.71,0.71,0.46,0.12,3.78,19,44,8,,0.51,0.24,0.31,1.89,0.24,0.28,1.42,0,0.03,0.47,0.95,0.77,5.68,0.18,3.55,2.36,1.18,67,1.42,0,3.07,3.78,0.24,0.09,0,0,16.79,6.86,0,3.07,50.38,6.62,3.07,1.42,1.66,75,1,1.09,1.18,33,0.47,,0,0,14.19,10.07,2.36,2.13,0.24,50.12,6.15,43,1.42,67,0.24,0,0,19.86,64,1.42,85,55,0.24,2.36,20,47,-17,66.2,4.97,0.29,0.83,29.56,79,9.05,8.75,1.89,1.42,0.47,0,3.78,5.2,0,38,0.71,27,0,26,65,9,30,59,11,18.82,16.45,0.92,102,-2.38,17.4,16.73,0,0,0,0,0,,0,0,,0,0,0,0,0,0,28,9,6.36,32,0.03,0.19,0.02,0.2,,0.43
Israel Alba,Alianza Valledupar,Primera A,2026,305,Right Back,Colombia,31,05/05/95,0,0,0.01,0.01,1.18,0,25,0,,0,0,0.09,1.77,0,0.05,1.18,0,0.04,0.59,0,0.11,2.95,-0.11,0.59,0.3,0.3,50,1.18,0,0,0.3,1.18,1.33,2.07,2.15,7.97,3.25,0.03,3.25,48.09,7.68,2.95,0.89,2.07,50,1.11,2.43,1.77,25,0.89,67,0.59,0,5.31,5.41,1.77,1.77,0.59,63.08,4.13,78,1.48,83,0.89,0,0,36.61,68,3.54,20,48,2.95,6.5,14,62,-6,54.75,4.72,0.13,0.21,31.3,99,3.46,8.86,2.66,1.18,1.48,0,0.3,1.48,0,44,1.48,45,0,28,63,8,30,63,7,22.82,21.55,0.91,76,-1.27,20.65,16.3,0,0,0,0,0,,0,0,,0,0,0,0,0,0,28,8,5.05,32,0.16,0.07,0.31,-0.04,,0.5
Israel Alba,Atlético Bucaramanga,Primera A,2026,345,Right Back,Colombia,31,05/05/95,0,0,0.08,0.06,1.3,0,0,2,,0,0,0.05,1.3,0,0.05,1.04,0,0.01,0.26,0,0.14,2.61,-0.14,0.26,0.26,0,100,0,0,0.26,0.26,1.04,1.3,1.56,1.52,9.64,5.21,0.03,5.21,37.69,6.77,3.65,0.26,1.3,50,0.25,1.55,0.78,0,0.26,100,0.26,0,8.6,8.95,4.17,2.35,1.3,41.57,3.13,36,1.56,67,0.26,0,0,29.7,72,2.87,18,44,1.82,6.25,6,56,-17,50.59,3.91,0.31,0.32,19.8,99,3.44,6.77,1.3,0.52,0.78,0.26,1.56,2.08,0,60,0.78,33,0,34,61,5,27,65,8,22.46,17.17,0.88,59,-5.29,19.76,10.06,0,0,0,0,0,,0,0,,0,0,0,0,0,0,33,13,5.26,32,0.15,0.04,0.02,-0.1,,0.11
Iván Arboleda,Rionegro,Primera A,2026,1315,Goalkeeper,Colombia,30,20/04/96,0,0,0,,0,,,0,,0,0,0,0.07,0,0,0.07,0,0,0,0,0,0.07,0,0,0,0,,0.34,0,0.07,0,0,0,0,0,0.21,0,0,6.91,2.64,5.13,0,0,0,,0,0,0.14,,0,,0,0.07,0.07,0.06,0.07,0,0,50.59,0.07,100,0,,0.27,0,0,14.64,60,5.54,23,37,1.09,13.89,8,59,-2,11.09,0.82,0.05,0.05,13.68,99,6.78,0.48,0.07,0.07,0,0,0,0.07,0,0,0,,0,54,46,0,71,29,0,47.34,38.88,0.71,69,-8.46,33.38,26.84,0.89,1,0.11,76,73,3,0.78,3.69,33,11.36,2.04,0.14,0.14,17,1,33,2,1.36,11,0.08,0.09,0,,0.08,0.25
Iván Rojas,Once Caldas,Primera A,2026,475,Left Defensive Midfielder,Colombia,29,23/07/97,0,0,0.01,0.04,0.19,0,0,0,,0,0,0.04,0.38,0,0.04,0.38,0,0,0,0,0.04,0.57,-0.04,0,0,0,,0.38,0,0.38,0,0.95,0.63,0.95,0.68,14.59,7.01,0.01,3.98,37.25,4.17,1.33,0.38,1.33,29,0.2,0.83,1.14,29,0.95,67,0.38,0,13.07,11.31,3.22,2.84,1.14,40.02,3.79,29,1.33,47,0.57,0,0,29.74,93,1.7,78,82,1.14,1.89,14,73,-20,46.28,3.6,0.29,0.3,25.76,99,3.59,5.68,0.19,0.19,0,0,0.38,0.57,0,0,0,,0.19,19,69,12,27,70,3,16.9,17,0.99,91,0.1,16.77,15.55,0,0,0,0,0,,0,0,,0,0,0,0,0,0,13,11,3.22,25,-0.02,0.04,0.02,-0.01,,0.03
Iván Scarpeta,Santa Fe,Primera A,2026,1181,Left Centre Back,Colombia,30,04/06/96,0.08,0.08,0.05,0.09,0.53,14,43,0,,0.06,0,0.02,0.3,0,0.01,0.23,0,0.01,0.08,0.08,0.07,0.84,0.01,0.15,0.15,0,100,0.23,0,0.15,0.15,1.37,1.07,5.56,4.04,9.68,5.64,0.05,5.56,23.33,9.15,2.06,1.52,2.9,77,1.14,2.21,0.76,44,0.46,59,1.83,0,7.47,5.86,3.28,1.07,0.38,28.65,1.14,15,0.38,36,0.15,0,0,33.85,79,3.58,16,57,6.86,4.95,13,70,-9,35.86,2.9,0.18,0.22,25.46,99,4.82,2.9,0.23,0.15,0.08,0.08,1.07,1.22,0,33,0.15,50,0.08,34,63,3,55,42,3,24.78,27.82,0.94,91,3.04,23.24,25.34,0,0,0,0,0,,0,0,,0,0,0,0,0,0,20,8,2.62,16,0.06,0.03,0.09,-0.01,,0.17
Jacobo Pimentel,Boyacá Chicó,Primera A,2026,338,Left Midfielder,Colombia,24,12/01/02,0.27,0.27,0.05,0.07,0.8,33,33,1,,0.24,0,0.09,1.06,0,0.05,0.53,0,0.04,0.53,0.27,0.15,1.86,0.12,0.53,0.27,0.27,50,2.13,0,1.33,2.13,0,0,0.53,0.31,24.21,14.37,0.02,5.59,49.26,4.26,2.39,1.33,1.33,56,1.04,1.04,1.86,0,1.06,0,0,0,21.02,9.67,5.59,3.99,0.53,50.49,11.71,56,2.39,60,0.53,0,0,22.88,71,2.13,13,67,1.06,2.66,14,71,0,59.79,3.46,0.22,0.27,22.88,86,5.08,7.72,2.13,1.06,1.06,0.27,1.86,2.93,0,13,0.53,40,0.27,16,69,14,21,59,21,19.17,20.12,0.98,104,0.96,18.7,20.88,0,0,0,0,0,,0,0,,0,0,0,0,0,0,22,6,3.09,34,0.12,0.01,0.04,0.12,,0.3
Jader Quiñónes,Once Caldas,Primera A,2026,1307,Left Centre Midfielder,Colombia,26,11/12/00,0,0,0.03,0.06,0.48,0,14,0,,0.01,0.07,0.08,1.24,0.07,0.08,1.24,0,0,0,0.07,0.1,1.72,-0.04,1.86,1.03,0.83,56,0.83,0,1.93,1.65,0.69,0.69,0.34,0.44,23.27,10.19,0.02,5.85,49.86,7.92,3.92,1.51,2.2,67,1.68,2.37,1.72,27,0.76,53,0.62,0,20.1,24.05,5.03,5.58,1.93,50.05,10.4,52,3.86,69,0.48,0,0,49.5,90,1.24,7,72,0.41,1.65,17,87,-3,58.63,9.43,0.48,0.5,48.06,93,5.86,21.21,0.96,0.96,0,0.21,1.51,2.48,0.14,14,0.21,50,0.21,19,69,12,20,72,8,15.55,13.96,1,103,-1.59,15.57,14.41,0,0,0,0,0,,0,0,,0,0,0,0,0,0,15,8,6.45,38,0,0.12,0.02,-0.03,,0.11
Jader Valencia,Deportes Tolima,Primera A,2026,471,Centre Forward,Colombia,27,14/11/99,0,0,0.1,0.06,1.72,0,11,3,,0.01,0,0.31,0.96,0,0.31,0.96,0,0,0,0,0.41,2.68,-0.41,1.34,0.76,0.57,57,1.72,0,1.53,4.21,0,0,0.76,0.82,24.85,13,0,4.78,53.97,4.59,3.06,1.53,1.53,73,1.79,1.79,1.72,0,0.57,37,1.91,0,21.8,24.37,4.01,3.25,1.53,55.61,12.81,59,2.68,82,0.76,0,0,24.66,81,0.57,83,43,1.15,0.96,20,74,-7,60.04,4.01,0.41,0.66,25.81,84,6.13,9.37,1.15,1.15,0,0.38,4.01,5.16,0,17,0.57,60,0.38,13,70,17,14,73,12,15.66,16.45,0.96,98,0.79,15,16.17,0,0,0,0,0,,0,0,,0,0,0,0,0,0,20,8,3.36,20,0.2,0.05,0.02,-0.1,,0.17
Jaen Pineda,Rionegro,Primera A,2026,1067,Right Defensive Midfielder,Colombia,29,16/09/97,0,0,0.02,0.02,1.27,0,20,1,,0.01,0,0.05,1.01,0,0.05,0.93,0,0,0.08,0,0.07,2.28,-0.07,1.1,0.84,0.25,77,0.42,0,0.51,1.35,1.35,1.25,1.35,1.18,22.95,13.33,0.03,7.09,42.04,10.63,4.56,2.62,3.97,61,2.51,3.77,1.43,17,1.69,50,0.93,0,18.9,17.1,5.91,4.22,1.27,44.65,7.85,42,2.95,70,0.42,0.08,0,41.43,73,5.4,5,53,2.62,8.94,18,62,-11,50.01,7.59,0.37,0.4,36.11,96,5.15,9.37,1.86,1.35,0.51,0,0.34,1.69,0.17,36,0.67,28,0,26,67,7,39,58,4,24.62,21.1,0.92,93,-3.52,22.59,19.62,0,0,0,0,0,,0,0,,0,0,0,0,0,0,27,11,4.96,40,0.1,0.07,0.13,-0.04,,0.26
Jaime Alvarado,Once Caldas,Primera A,2026,1042,Right Defensive Midfielder,Colombia,27,25/07/99,0,0,0.01,0.02,0.43,0,40,0,,0.03,0.09,0.07,1.21,0.09,0.07,1.21,0,0,0,0.09,0.08,1.64,0.01,0.35,0.26,0.09,75,1.04,0,0.52,0.35,0.6,0.58,1.38,1.43,17.11,8.47,0.03,6.13,39.97,9.16,3.71,1.99,2.59,77,2.57,3.14,0.95,45,0.6,64,0.78,0,14.17,16.32,5.18,3.28,0.86,43.07,5.36,38,2.16,66,0.43,0,0,46.22,89,5.62,13,81,1.64,6.65,13,81,-8,48.8,8.9,0.46,0.5,38.01,98,3.58,12.27,0.6,0.6,0,0,0,0.6,0.26,29,0.17,67,0,22,72,6,31,68,1,21.74,17.52,0.98,105,-4.22,21.22,18.36,0,0,0,0,0,,0,0,,0,0,0,0,0,0,14,9,5.55,32,0.07,0.06,0.02,0,,0.15
Jaime Peralta,Cúcuta Deportivo,Primera A,2026,1313,Centre Forward,Colombia,21,30/01/05,0.55,0.48,0.28,0.09,3.29,15,31,7,50,0.39,0,0.03,0.41,0,0.03,0.41,0,0,0,0.48,0.32,3.7,0.16,0.89,0.34,0.55,38,1.85,0.07,2.6,3.08,0.14,0.08,1.23,0.99,15.29,6.72,0.01,4.25,58.04,3.7,2.19,0.48,0.62,58,0.27,0.36,1.37,29,0.34,46,3.56,0,13.5,10.16,3.63,2.54,0.82,63.47,10.56,78,2.19,86,0.48,0.14,0,13.16,72,0.62,17,64,1.51,0.69,38,64,-7,58.43,1.44,0.33,0.52,15.08,68,4.18,4.32,0.14,0.14,0,0.14,6.31,6.44,0,0,0.07,25,0.14,10,65,25,5,75,21,16.16,15.2,0.99,101,-0.96,16.03,15.41,0,0,0,0,0,,0,0,,0,0,0,0,0,0,32,12,1.77,12,-0.03,-0.03,-0.07,0.03,,-0.09
Jair Castillo,Alianza Valledupar,Primera A,2026,1486,Left Defensive Midfielder,Colombia,29,20/04/97,0,0,0.02,0.03,0.61,0,30,1,,0,0,0.03,0.85,0,0.02,0.67,0,0.01,0.18,0,0.05,1.45,-0.05,0.79,0.55,0.24,69,1.27,0,0.85,0.55,1.27,0.8,1.33,1.01,20.05,11.57,0.02,6.54,39.08,10.72,4.42,2.18,3.45,62,1.65,2.45,1.88,32,1.33,44,0.42,0.06,15.99,11.41,4.91,3.75,1.27,41.55,5.03,31,1.88,50,0.42,0.06,0,46.87,81,4.97,11,61,2.36,7.09,16,78,-3,46.86,5.03,0.27,0.32,40.27,97,4.84,7.21,0.67,0.55,0.12,0.06,0.48,1.03,0.06,9,0.06,14,0.12,23,68,9,32,66,3,22.07,20.14,0.92,92,-1.92,20.33,18.59,0,0,0,0,0,,0,0,,0,0,0,0,0,0,21,9,4.57,39,0.04,0.08,0.03,-0.02,,0.13
Jairo Molina,Boyacá Chicó,Primera A,2026,1583,Centre Forward,Colombia,33,27/04/93,0.23,0.23,0.23,0.12,1.99,11,31,6,0,0.26,0,0.02,0.34,0,0.02,0.34,0,0,0,0.23,0.25,2.33,-0.02,0.34,0.23,0.11,67,1.59,0,1.19,1.76,0.17,0.2,0.63,0.49,14.56,6.88,0.02,3.47,66.23,2.9,1.93,0.17,0.34,27,0.13,0.33,1.19,13,0.45,44,2.5,0,13.25,11,3.18,2.27,0.63,69.16,11.66,88,2.1,93,0.34,0.06,0,11.2,71,0.28,10,100,0.74,0.17,31,58,-13,59.65,0.57,0.14,0.33,10.81,79,3.76,3.24,0.06,0.06,0,0.23,4.95,5,0,0,0,0,0.63,9,62,29,12,54,33,14.47,13.47,1.01,97,-1,14.57,13.04,0,0,0,0,0,,0,0,,0,0,0,0,0,0,30,9,1.39,12,-0.05,-0.02,0.02,0.08,,0.03
Jan Lucumí,América de Cali,Primera A,2026,1297,Right Midfielder,Colombia,22,10/02/04,0,0,0.08,0.06,1.46,0,38,3,,0.1,0.07,0.08,1.04,0.07,0.08,1.04,0,0,0,0.07,0.16,2.5,-0.09,1.46,1.04,0.42,71,1.67,0,1.73,2.43,0.49,0.54,0.76,0.78,22.62,10.06,0.01,5.97,49.41,4.3,2.01,2.22,2.71,74,2.77,3.31,2.78,35,0.76,45,1.04,0,17.62,22.34,5.13,4.23,1.73,51.21,9.02,51,2.15,51,0.35,0,0,23.59,78,0.62,9,45,1.04,1.11,21,67,-11,62.01,3.05,0.38,0.48,26.16,85,6.54,9.57,0.42,0.42,0,0.28,3.26,3.68,0.07,17,0.14,13,0.62,13,67,20,10,65,25,16.5,16.35,0.96,91,-0.15,15.77,14.81,0,0,0,0,0,,0,0,,0,0,0,0,0,0,23,8,4.6,28,-0.04,0.03,0.02,0,,0.02
Jan Ángulo,Deportes Tolima,Primera A,2026,2388,Right Centre Back,Colombia,25,30/04/01,0,0,0.02,0.11,0.19,0,0,0,,0,0,0.01,0.11,0,0.01,0.11,0,0,0,0,0.03,0.3,-0.03,0.23,0.23,0,100,0.6,0,0.3,0.19,0.57,0.62,3.69,4.2,8.63,4.18,0.04,4.56,27.19,8.67,1.28,1.36,1.92,80,1.7,2.32,0.64,60,0.34,49,0.98,0,6.63,8.04,3.17,1.24,0.6,34.32,1.62,24,0.68,55,0.08,0,0.04,45.9,86,2.98,11,51,4.18,5.35,9,68,-17,38.19,2.98,0.36,0.37,38.1,99,4.14,3.43,0.19,0.19,0,0.04,0.34,0.53,0,0,0,0,0.11,25,71,4,32,67,1,20.64,20.77,0.91,83,0.13,18.79,17.18,0,0,0,0,0,,0,0,,0,0,0,0,0,0,17,8,2.88,19,0.04,0.07,0.06,-0.02,,0.15
Jannenson Sarmiento,Junior,Primera A,2026,1078,Centre Attacking Midfielder,Colombia,27,17/10/99,0.08,0.08,0.1,0.04,2.42,3,3,2,,0.01,0,0.12,2,0,0.08,1.5,0,0.05,0.5,0.08,0.22,4.43,-0.14,0.58,0.42,0.17,71,0.92,0,1,1.42,0.25,0.24,0.33,0.4,11.36,5.34,0.01,3.51,46.53,6.26,3.51,0.92,1.17,58,0.92,1.16,0.5,38,0.67,56,0.42,0,9.94,9.2,2.92,2.59,0.67,49.07,4.84,49,1.92,74,0.17,0,0,45.01,78,3.84,84,51,0.84,7.1,14,69,-9,60.68,7.27,0.47,0.55,41.67,95,5.37,15.28,2.09,1,1.09,0.25,2.17,3.17,0.17,12,0.5,21,0.5,12,72,16,11,75,13,20.08,16.68,0.9,97,-3.4,17.98,16.23,0,0,0,0,0,,0,0,,0,0,0,0,0,0,23,7,7.38,44,0,0.07,-0.04,-0.09,,-0.07
Javier Burrai,Millonarios,Primera A,2026,788,Goalkeeper,Ecuador,36,08/10/90,0,0,0,,0,,,0,,0,0,0.01,0.11,0,0.01,0.11,0,0,0,0,0.01,0.11,-0.01,0,0,0,,0.11,0,0,0,0,0,0,0,0.11,0,0,4.46,2.68,2.63,0,0,0,,0,0,0.11,,0,,0,0,0,0,0,0,0,,0,,0,,0,0,0,8.69,74,3.31,9,43,0.91,6.86,7,55,-19,9.9,0.69,0.02,0.02,7.66,99,5.49,0.23,0,0,0,0,0,0,0,,0,,0,46,53,1,100,0,0,40.16,46.46,0.74,92,6.3,29.58,42.87,0.57,0.55,-0.02,69,70,-1,0.73,1.83,24,7.66,1.65,0,0,16.63,-3,25,3,1.04,6,0.04,0.03,0,,0.08,0.15
Javier Mena,Rionegro,Primera A,2026,2348,Left Back,Colombia,22,02/12/04,0.08,0.08,0.04,0.07,0.61,13,44,1,,0.05,0.15,0.11,0.84,0.15,0.11,0.84,0,0,0,0.23,0.15,1.46,0.08,1.73,1.19,0.54,69,0.96,0,1.15,1.61,1.11,1.04,1.92,1.84,13.8,6.17,0.02,5.83,37.45,7.59,2.22,1.84,2.95,72,1.86,2.9,0.96,52,0.73,51,0.88,0,11.08,10.86,4.37,2.19,0.73,41.02,3.87,35,1.57,72,0.08,0,0,29.52,72,1.99,83,41,2.49,4.26,13,59,-13,50.31,3.76,0.26,0.39,27.03,92,6.63,6.17,1.53,1.04,0.5,0.27,1.8,2.84,0.04,30,0.65,27,0.23,25,64,10,19,68,13,21.26,18.34,0.9,91,-2.91,19.06,16.62,0,0,0,0,0,,0,0,,0,0,0,0,0,0,28,10,4.52,31,0.13,0.07,-0.01,-0.01,,0.17
Jean,América de Cali,Primera A,2026,2006,Goalkeeper,Brazil,31,25/10/95,0,0,0,,0,,,0,,0,0,0,0,0,0,0,0,0,0,0,0,0,0,0,0,0,,0.27,0,0,0,0,0,0.04,0.06,0.04,0.09,0,6.15,2.35,4.04,0,0,0,0,0,0,0,0,0.04,,0,0,0.04,0.05,0,0,0,6.61,0,0,0,,0.18,0,0,18.88,77,4.93,74,46,2.11,8.66,17,72,-5,11.87,0.94,0.16,0.16,16.64,100,6.25,0.31,0,0,0,0,0,0,0,,0,0,0,39,61,0,71,29,0,37.9,38.24,0.74,76,0.35,28.06,29.09,0.72,0.82,0.1,78,75,3,0.86,3.27,31,10.54,1.77,0.31,0.18,18.84,0,20,4,1.55,10,0.08,0.06,0,,0.1,0.24
Jean Carlos Pestaña,Junior,Primera A,2026,1439,Left Centre Back,Colombia,29,24/08/97,0.06,0.06,0.06,0.13,0.44,14,14,0,,0.06,0,0,0.06,0,0,0.06,0,0,0,0.06,0.06,0.5,0,0.19,0.19,0,100,0.56,0,0.13,0.25,0.56,0.54,2.88,2.92,9.45,3.82,0.08,3.94,27.07,7.01,1,1.13,1.69,72,1.05,1.59,1.56,30,0.44,75,1.13,0.06,6.82,7.13,2.44,1.06,0.38,31.75,1.31,19,0.44,41,0.38,0,0,31.97,89,2.44,15,58,3.07,4,10,89,0,37.58,1.56,0.39,0.43,25.09,99,4.62,1.94,0.06,0.06,0,0.06,1.13,1.19,0,0,0,,0.06,26,71,3,39,61,0,22.06,19.85,0.94,96,-2.21,20.63,18.99,0,0,0,0,0,,0,0,,0,0,0,0,0,0,14,6,2.48,18,0.03,0.02,0.01,-0.01,,0.05
Jefersson Martínez,Junior,Primera A,2026,493,Goalkeeper,Colombia,33,15/08/93,0,0,0,,0,,,0,,0,0,0,0,0,0,0,0,0,0,0,0,0,0,0.18,0.18,0,100,0,0,0,0,0,0,0,0,0.73,0.37,0,8.95,4.25,3.65,0,0,0,0,0,0,0.18,0,0.37,,0,0,0.55,0.75,0.18,0,0,11.47,0,0,0,,0.18,0,0,14.43,74,5.48,14,47,0.91,10.78,8,60,-14,10.44,0.55,0.09,0.09,12.97,99,5.84,0.18,0,0,0,0,0,0,0,,0,,0,44,56,0,100,0,0,41.39,43.83,0.76,63,2.43,31.5,27.69,1.46,0.97,-0.49,50,67,-17,1.24,2.92,28,10.41,3.01,0,0,17.8,7,21,1,0.4,4,0.07,0.04,-0.03,,-0.46,-0.37
Jefferson Mena,Atlético Bucaramanga,Primera A,2026,1438,Left Centre Back,Colombia,37,14/06/89,0,0,0.02,0.08,0.31,0,40,0,,0.01,0,0,0.13,0,0,0.13,0,0,0,0,0.03,0.44,-0.03,0.38,0.31,0.06,83,0.25,0,0.38,0.25,1.13,1.23,2.94,3.47,8.95,4.07,0.11,4.82,25.92,8.01,0.63,1.38,2.5,76,1.68,2.91,1.38,30,0.44,48,1.56,0,6.19,7.23,3.13,1.06,0.38,31.06,0.88,14,0.31,29,0.25,0,0,28.1,86,1.44,38,48,3.44,2.5,12,67,-19,34.09,0.75,0.21,0.23,21.71,98,4.38,0.75,0,0,0,0,0.81,0.81,0,,0,,0,29,69,2,42,50,8,21.84,21.74,0.92,83,-0.09,20.17,18.12,0,0,0,0,0,,0,0,,0,0,0,0,0,0,19,9,2.31,15,0.04,0.02,0.08,-0.02,,0.13
Jefferson Mena,Boyacá Chicó,Primera A,2026,591,Right Centre Back,Colombia,37,14/06/89,0,0,0,0.01,0.15,0,0,0,,0,0,0.03,0.3,0,0.03,0.3,0,0,0,0,0.03,0.46,-0.03,0.3,0.3,0,100,0.3,0,0.3,0.3,0.76,0.74,3.96,1.82,11.88,7.31,0.03,5.03,22.87,7.47,0.61,2.13,2.89,74,1.43,2.18,0.91,67,0.76,67,1.52,0,8.84,6.06,3.05,1.22,0.3,28.63,1.22,14,0.46,38,0,0,0,22.09,73,2.13,27,44,4.27,4.57,10,50,-23,35.27,0.91,0.21,0.21,17.22,96,3.37,1.37,0.3,0.3,0,0.15,0.76,1.07,0,0,0,,0,31,65,4,33,67,0,24.63,19.06,0.86,77,-5.56,21.12,14.75,0,0,0,0,0,,0,0,,0,0,0,0,0,0,25,6,1.69,21,0.12,0.03,0.07,0,,0.21
Jefry Zapata,Once Caldas,Primera A,2026,1845,Centre Forward,Colombia,26,02/02/00,0.49,0.49,0.33,0.11,3.02,16,34,4,,0.42,0.1,0.1,1.32,0.1,0.1,1.32,0,0,0,0.59,0.43,4.34,0.16,2.78,1.46,1.32,53,0.88,0,2.34,3.56,0.59,0.72,0.63,0.66,19.17,8.34,0.01,4.83,54.35,4.68,2.83,1.32,1.9,71,1.6,2.32,1.56,21,0.54,48,1.51,0,16.34,17.6,4.1,3.12,0.88,56.15,9.76,60,2.68,86,0.2,0,0.05,32.73,78,1.37,17,72,0.98,1.56,23,78,-1,63.53,3.56,0.45,0.66,36.05,86,5.11,15.12,1.02,1.02,0,0.29,5.32,6.34,0.1,19,0.44,43,0.49,14,70,16,12,73,15,15.85,14.56,1,100,-1.29,15.83,14.51,0,0,0,0,0,,0,0,,0,0,0,0,0,0,23,9,5.28,31,-0.07,0.02,0.01,0.06,,0.03
Jeison Angulo,Santa Fe,Primera A,2026,869,Left Back,Colombia,30,26/06/96,0,0,0.01,0.03,0.21,0,50,0,,0,0,0.06,0.72,0,0.06,0.72,0,0,0,0,0.07,0.93,-0.07,0.21,0,0.21,0,0.1,0,0.41,0.72,1.04,0.65,2.59,1.84,11.08,5.7,0.03,4.45,31.32,7.25,1.86,0.83,1.86,53,0.53,1.18,1.24,40,0.72,38,0.52,0,9.01,6.51,3.73,1.97,1.04,37.29,2.9,32,1.45,74,0.1,0,0,37.08,78,1.45,85,45,2.9,2.9,12,58,-20,46.72,3.11,0.21,0.26,30.76,97,3.44,6.94,0.31,0.31,0,0.41,1.55,1.86,0.1,67,0.52,38,0.52,30,61,8,25,64,10,18.42,17.43,0.94,106,-0.98,17.35,18.47,0,0,0,0,0,,0,0,,0,0,0,0,0,0,22,8,3.72,23,0.07,0.05,0.05,0,,0.17
Jeison David Mena Victoria,Boyacá Chicó,Primera A,2026,677,Centre Attacking Midfielder,Colombia,24,15/09/02,0,0,0.12,0.05,2.26,0,41,3,,0.19,0.13,0.13,1.2,0.13,0.08,0.66,0,0.05,0.53,0.13,0.25,3.46,-0.12,1.59,1.2,0.4,75,2.53,0,3.19,2.39,0.53,0.56,0.13,0.03,21,11.56,0,5.05,53.17,6.51,2.92,0.8,1.33,75,0.39,0.95,1.2,0,0.27,40,0.27,0,19.01,15.22,4.78,5.05,1.46,53.28,11.3,59,4.25,84,0.27,0,0,37.08,75,2.26,89,45,0.66,4.52,23,73,-1,57.41,5.32,0.16,0.26,39.34,88,5.1,10.5,1.46,0.66,0.8,0,0.93,1.59,0.4,18,0.27,25,0,9,83,8,14,77,9,19.56,15.63,0.92,100,-3.93,18.04,15.7,0,0,0,0,0,,0,0,,0,0,0,0,0,0,24,9,4.92,51,0.04,0.03,0.01,-0.06,,0.01
Jeison Medina,Independiente Medellín,Primera A,2026,422,Centre Forward,Colombia,31,26/02/95,0.21,0.21,0.27,0.21,1.28,17,33,2,,0.34,0.21,0.1,0.64,0.21,0.1,0.64,0,0,0,0.43,0.37,1.92,0.06,1.92,0.21,1.71,11,1.28,0,2.99,2.99,0.21,0.21,0.85,0.53,16.65,8.97,0,3.63,61.08,3.42,1.28,0.21,0.43,50,0.34,0.55,0.64,0,0.21,31,1.07,0,15.8,17.31,3.42,3.42,0.43,63.92,12.17,77,2.99,88,0.21,0,0,18.36,81,1.71,6,80,1.07,1.92,16,80,-1,58.41,1.92,0.71,0.79,21.35,74,6.63,5.98,0.64,0.64,0,0.85,3.84,4.48,0,0,0,0,0.85,11,60,28,18,57,25,18,14.95,0.98,94,-3.04,17.55,14.03,0,0,0,0,0,,0,0,,0,0,0,0,0,0,13,5,3.31,25,0.12,-0.03,0,0.15,,0.24
Jermein Peña,Junior,Primera A,2026,2027,Right Centre Back,Colombia,27,15/10/99,0.04,0.04,0.06,0.04,1.29,3,21,1,,0.07,0,0.01,0.22,0,0.01,0.18,0,0,0.04,0.04,0.07,1.51,-0.02,0.49,0.36,0.13,73,0.75,0,0.31,0.27,1.29,1.62,4.26,4.31,10.61,4.88,0.08,4.57,25.93,9.06,2.22,1.91,3.2,81,2.16,3.78,0.8,36,0.44,52,1.2,0,7.95,8.87,3.15,1.24,0.58,30.56,1.38,17,0.49,39,0.13,0,0.04,39.03,82,6.66,8,65,5.02,9.55,10,73,-9,40.01,4.93,0.3,0.32,32.1,98,6.09,6.04,0.31,0.27,0.04,0.04,1.2,1.47,0,0,0,0,0.09,31,67,2,48,51,1,27.06,24.22,0.92,101,-2.84,24.97,24.58,0,0,0,0,0,,0,0,,0,0,0,0,0,0,18,6,3.63,21,0.09,0.07,0.15,-0.04,,0.26
Jerson Malagón,Jaguares de Córdoba,Primera A,2026,528,Right Centre Back,Colombia,33,25/06/93,0.17,0.17,0.07,0.19,0.34,50,50,0,,0.05,0,0,0.34,0,0,0.34,0,0,0,0.17,0.07,0.68,0.1,0,0,0,,0.34,0,0.17,0.17,1.53,1.15,3.92,2.44,5.96,3.41,0.07,4.09,18.75,7.67,2.21,1.02,2.56,67,0.83,1.98,0.68,25,0.51,40,0.68,0,4.26,2.72,1.7,0.17,0,24.8,0.51,12,0,0,0.17,0,0,42.93,93,2.38,20,61,3.92,3.92,7,90,-3,34.47,2.9,0.16,0.23,34.75,99,4.98,3.07,0,0,0,0,0.34,0.34,0,,0,,0,24,71,4,56,44,0,20.68,18.43,0.95,104,-2.24,19.63,19.11,0,0,0,0,0,,0,0,,0,0,0,0,0,0,10,6,3.51,30,0.11,0.09,0.03,-0.03,,0.19
Jersson González,Deportes Tolima,Primera A,2026,1192,Right Wing,Colombia,25,14/09/01,0.23,0.23,0.19,0.14,1.36,17,44,3,,0.16,0.08,0.11,1.43,0.08,0.11,1.43,0,0,0,0.3,0.31,2.79,-0.01,1.81,1.13,0.68,63,1.21,0.08,1.81,2.26,0.53,0.42,0.98,0.83,16.3,6.94,0.02,4.6,48.22,5.13,2.34,1.21,1.74,73,1.41,1.83,0.83,40,0.45,7,0.08,0,14.34,14.95,4,2.87,0.98,50.59,7.4,52,2.26,79,0.15,0,0,19.47,76,0.38,9,31,1.28,0.91,18,60,-16,59.61,2.11,0.41,0.56,22.19,85,6.64,7.02,0.6,0.6,0,0.53,4.08,4.68,0,50,0.83,44,0.83,12,71,17,4,82,14,16.63,17.74,0.93,95,1.11,15.43,16.8,0,0,0,0,0,,0,0,,0,0,0,0,0,0,25,10,4.19,30,0,0.11,-0.05,0.07,,0.14
Jesús Figueroa,Alianza Valledupar,Primera A,2026,1192,Right Centre Back,Colombia,30,12/02/96,0,0,0.06,0.05,1.21,0,6,0,,0.01,0.08,0.02,0.38,0.08,0.02,0.38,0,0,0,0.08,0.08,1.59,0,0.08,0.08,0,100,0.3,0,0.3,0.23,0.98,0.65,6.11,3.93,7.47,3.85,0.07,4.23,20.72,8.83,1.51,1.06,2.04,88,0.72,1.36,0.75,0,0.15,80,3.32,0.08,5.66,3.52,2.49,0.23,0.08,25.03,0.3,5,0.08,33,0.3,0,0,25.29,78,2.42,6,50,6.64,4.3,16,66,-13,36.98,2.04,0.15,0.17,16.46,97,3.88,2.57,0.3,0.23,0.08,0.08,2.26,2.49,0,25,0.15,50,0.08,36,60,5,44,50,6,23.61,20.96,0.9,94,-2.65,21.18,19.63,0,0,0,0,0,,0,0,,0,0,0,0,0,0,22,9,2.21,18,0.06,0.03,0.03,-0.07,,0.06
Jesús Muñoz,Alianza Valledupar,Primera A,2026,1722,Left Wing,Colombia,24,17/01/02,0.16,0.16,0.13,0.09,1.52,10,28,3,,0.17,0,0.11,1.31,0,0.11,1.2,0,0.01,0.1,0.16,0.24,2.82,-0.09,2.09,1.52,0.57,73,2.93,0.05,2.35,2.19,0.78,0.7,0.42,0.35,19.91,9.77,0.01,5.75,51.44,7,4.23,1.67,2.46,74,1.32,2.01,1.05,31,0.57,38,0.68,0,17.24,15.11,4.75,3.5,1.36,52.4,8.88,52,2.93,84,0.05,0,0,21.53,76,0.52,13,63,0.42,0.84,22,71,-5,58.99,2.93,0.39,0.46,25.97,85,6.67,7.26,1.05,0.94,0.1,0.31,3.08,4.02,0.16,25,0.47,31,0.47,12,75,14,19,67,14,15.56,14.14,1.01,102,-1.41,15.64,14.4,0,0,0,0,0,,0,0,,0,0,0,0,0,0,25,10,4.06,30,0.02,0.11,0.04,-0.01,,0.16
Jesús Rivas,Junior,Primera A,2026,1639,Left Defensive Midfielder,Colombia,29,05/04/97,0.05,0.05,0.03,0.06,0.49,11,22,0,,0.05,0.05,0.08,0.77,0.05,0.08,0.77,0,0,0,0.11,0.1,1.26,0.01,1.21,0.99,0.22,82,1.65,0,1.81,1.59,0.49,0.61,0.71,0.82,19.33,9.83,0.01,6.37,45.42,8.68,3.73,1.92,2.42,73,2.1,2.71,1.59,37,0.71,56,0.55,0,15.82,17.52,5.27,3.79,1.48,46.43,6.7,42,2.36,62,0.33,0.05,0.05,47.07,85,3.24,13,64,1.04,4.72,17,84,-1,53.76,7.25,0.4,0.42,43.88,94,5.8,14.39,1.26,1.15,0.11,0.6,1.87,3.02,0.33,9,0.27,38,0.55,23,69,8,27,67,6,19.21,16.49,0.95,101,-2.72,18.26,16.71,0,0,0,0,0,,0,0,,0,0,0,0,0,0,18,9,6.33,40,0.02,0.11,0.04,0.01,,0.19
Jhan Mena,Independiente Medellín,Primera A,2026,464,Left Back,Colombia,20,15/03/06,0.19,0.19,0.12,0.12,0.97,20,40,1,,0.21,0,0.03,0.39,0,0.03,0.39,0,0,0,0.19,0.14,1.36,0.05,1.16,0.97,0.19,83,0.78,0,1.36,1.36,0.97,0.8,1.94,2.5,17.65,9.5,0.02,6.79,38.46,7.18,2.13,2.52,3.49,81,2.05,2.85,1.36,67,0.58,38,0.58,0,13.77,14.93,5.04,3.3,1.16,44.56,5.43,39,1.94,59,0,0,0,33.55,79,2.72,64,64,2.13,4.07,18,79,0,50.21,3.68,0.49,0.59,32,92,4.53,7.56,0.78,0.39,0.39,0.19,2.33,2.72,0,25,0.39,20,0.19,22,58,20,13,56,31,18.94,15.98,0.96,97,-2.97,18.27,15.45,0,0,0,0,0,,0,0,,0,0,0,0,0,0,23,12,3.3,23,0.05,0.01,0.14,0.11,,0.32
Jherson Mosquera,Deportes Tolima,Primera A,2026,1028,Right Back,Colombia,27,17/09/99,0,0,0.04,0.07,0.53,0,17,1,,0,0.09,0.12,1.14,0.09,0.12,1.14,0,0,0,0.09,0.16,1.66,-0.07,0.88,0.44,0.44,50,0.88,0,1.31,1.23,1.31,1.63,1.84,2.43,13.92,5.86,0.03,5.51,35.59,9.45,3.68,2.36,3.68,77,2.95,4.58,1.14,65,0.7,41,0.96,0.09,10.41,12.96,3.94,2.36,1.14,39.16,2.89,28,1.23,52,0.26,0.09,0,42.53,81,1.14,11,41,1.93,2.71,11,76,-5,52.89,4.11,0.53,0.58,36.5,94,4.62,10.5,0.53,0.53,0,0.61,2.1,2.63,0,17,0.53,35,0.7,20,66,14,18,69,13,16.81,14.51,0.94,106,-2.3,15.84,15.31,0,0,0,0,0,,0,0,,0,0,0,0,0,0,21,10,4.7,28,0.19,0.09,0.06,-0.02,,0.33
Jhildrey Lasso,Alianza Valledupar,Primera A,2026,1853,Left Back,Colombia,24,13/07/02,0,0,0.02,0.02,0.92,0,16,1,,0.01,0.15,0.11,0.73,0.15,0.11,0.73,0,0,0,0.15,0.12,1.65,0.02,1.12,0.39,0.73,35,0.73,0,1.02,1.99,1.17,0.94,1.6,0.99,13.55,5.54,0,4.91,37.92,7.87,2.62,1.75,2.91,69,1.32,2.26,0.87,33,0.78,29,0.39,0,10.93,8.05,3.4,1.85,0.73,42.16,4.18,38,1.21,66,0.15,0,0,29.92,70,2.23,86,45,2.14,4.42,15,58,-12,50.97,4.08,0.25,0.27,28.9,91,5.34,6.22,1.36,1.02,0.34,0.15,0.83,1.85,0,57,0.97,29,0.15,26,60,14,26,61,13,20.65,18.57,0.91,90,-2.09,18.86,16.7,0,0,0,0,0,,0,0,,0,0,0,0,0,0,30,8,3.53,28,0.12,0.06,0.02,-0.02,,0.17
Jhoiner Salas,Fortaleza CEIF,Primera A,2026,508,Left Wing,Colombia,23,07/10/03,0.35,0.35,0.1,0.07,1.42,25,50,2,,0.25,0.18,0.12,1.42,0.18,0.12,1.42,0,0,0,0.53,0.22,2.83,0.31,4.07,1.77,2.3,43,2.3,0,3.37,4.43,0.18,0.2,0.35,0.46,19.84,10.8,0.02,6.55,56.64,4.61,2.83,1.06,1.24,75,1.57,1.77,0.89,50,0.35,11,0.18,0,18.07,25.96,5.85,3.72,1.59,57.38,11.51,64,3.01,81,0.18,0,0,24.62,83,0.18,9,50,0.35,0.35,15,77,-6,63.97,4.43,0.18,0.32,34.54,78,7.92,10.8,0.18,0.18,0,0.35,3.01,3.19,0,100,0.53,30,0.53,7,71,22,7,75,18,14.68,14.17,0.99,103,-0.52,14.5,14.52,0,0,0,0,0,,0,0,,0,0,0,0,0,0,24,11,3.47,24,0.01,0.13,-0.12,0.13,,0.15
Jhojan Escobar,Llaneros,Primera A,2026,966,Left Back,Colombia,26,14/01/00,0,0,0,0.02,0.09,0,0,0,,0,0,0.04,0.56,0,0.04,0.56,0,0,0,0,0.04,0.65,-0.04,0.75,0.75,0,100,1.12,0,0.93,0.28,1.68,1.14,3.07,2.43,14.44,8.2,0.05,5.31,34.36,7.64,2.05,2.14,3.82,74,1.57,2.71,1.77,46,0.75,41,0.84,0.09,10.53,7.21,3.63,1.4,0.65,38.9,3.26,31,0.93,67,0.47,0,0,29.34,73,1.4,88,31,3.35,4.19,12,70,-3,50.82,4.47,0.2,0.24,24.59,95,5.47,6.71,0.56,0.28,0.28,0.19,0.75,1.02,0,50,0.47,29,0.28,36,55,9,42,44,14,19.98,17.2,0.91,94,-2.78,18.08,16.25,0,0,0,0,0,,0,0,,0,0,0,0,0,0,33,12,3.06,26,0.09,0.05,-0.02,0,,0.12
Jhojan Torres,Santa Fe,Primera A,2026,1513,Left Defensive Midfielder,Colombia,23,11/01/03,0.06,0.06,0.02,0.03,0.59,10,30,1,,0,0,0.01,0.36,0,0.01,0.36,0,0,0,0.06,0.03,0.95,0.03,0.54,0.36,0.18,67,1.55,0,0.89,0.95,0.65,0.55,0.77,0.88,26.71,16.18,0.01,7.91,43.34,8.86,4.34,2.02,2.68,76,1.38,1.94,1.25,33,0.65,32,0.36,0,23.5,18.75,6.72,4.05,1.43,44.49,8.92,38,2.8,69,0.3,0,0,41.77,86,3.51,10,77,1.19,4.16,17,81,-6,49.82,6.49,0.29,0.31,38.26,95,4.41,8.75,0.59,0.59,0,0,0.24,0.83,0.12,0,0,0,0,20,73,7,27,70,3,20,16.86,0.98,100,-3.13,19.55,16.86,0,0,0,0,0,,0,0,,0,0,0,0,0,0,17,9,4.1,27,0.02,0.06,0.01,-0.02,,0.07
Jhomier González,Millonarios,Primera A,2026,651,Right Wing Back,Colombia,25,24/03/01,0,0,0.02,0.04,0.41,0,33,0,,0,0,0.02,0.55,0,0.02,0.55,0,0,0,0,0.04,0.97,-0.04,3.18,2.63,0.55,83,1.24,0,2.49,2.63,0.41,0.59,0.69,0.91,15.62,7.88,0.02,5.39,39.75,8.71,3.59,2.07,2.49,68,2.05,2.64,1.11,22,0.97,0,0,0,12.44,11.63,4.28,3.18,0.97,41.04,4.01,32,2.35,74,0.41,0,0,35.38,80,1.66,14,50,1.11,2.9,16,67,-13,54.82,4.84,0.37,0.38,37.59,88,6.05,11.19,0.55,0.55,0,0.14,1.11,1.66,0,0,0.14,13,0,25,62,13,23,59,17,17.54,14.55,0.94,107,-2.99,16.53,15.5,0,0,0,0,0,,0,0,,0,0,0,0,0,0,29,15,4.16,23,0.03,0.1,0.03,-0.02,,0.14
Jhomier González,Junior,Primera A,2026,1430,Right Back,Colombia,25,24/03/01,0,0,0.06,0.05,1.13,0,28,1,,0.07,0.06,0.09,1.01,0.06,0.09,0.94,0,0,0.06,0.06,0.15,2.14,-0.09,1.89,1.51,0.38,80,1.01,0,1.76,1.57,1.32,1.44,2.33,2.06,16.11,8.31,0.02,5.35,32.39,8.12,2.58,2.52,3.84,73,2.73,4.17,1.64,48,0.94,52,0.76,0,11.96,11.52,4.03,2.58,0.69,36.1,2.64,22,1.57,61,0.44,0,0,34.56,78,1.83,10,50,2.77,3.21,12,61,-17,52.86,3.71,0.31,0.36,32.67,91,5.17,9.69,0.63,0.5,0.13,0.19,1.76,2.27,0.06,30,0.38,24,0.25,24,65,11,17,71,12,17.57,15.93,0.94,105,-1.64,16.56,16.65,0,0,0,0,0,,0,0,,0,0,0,0,0,0,24,9,5.73,35,0.1,0.08,0.04,-0.01,,0.21
Jhon Altamiranda,Jaguares de Córdoba,Primera A,2026,819,Right Back,Colombia,26,18/05/00,0.11,0.11,0.01,0.02,0.33,33,67,0,,0.03,0.22,0.23,2.09,0.11,0.12,1.1,0.11,0.11,0.99,0.33,0.24,2.42,0.09,0.33,0.22,0.11,67,0,0,0.33,0.99,1.1,0.64,2.2,1.62,12.2,5.94,0.02,5.17,31.2,7.58,1.76,1.43,2.53,59,1.21,1.85,0.99,36,0.99,55,0.66,0.11,9.78,6.47,3.74,1.76,0.33,33.84,2.64,27,0.99,56,0.33,0,0,34.96,72,6.16,15,50,3.41,11.21,11,72,0,46.64,4.62,0.25,0.31,27.26,98,4.01,7.04,2.09,1.1,0.99,0.11,0.44,1.54,0.22,47,1.43,43,0.22,32,60,8,34,55,11,25.04,22.23,0.84,81,-2.8,21.01,17.95,0,0,0,0,0,,0,0,,0,0,0,0,0,0,32,12,5.71,49,0.18,0.05,0.06,-0.01,,0.29
Jhon Balanta,Fortaleza CEIF,Primera A,2026,1825,Left Centre Back,Colombia,28,15/03/98,0.05,0.05,0.04,0.14,0.3,17,17,0,,0.04,0,0,0.2,0,0,0.15,0,0,0.05,0.05,0.04,0.49,0.01,0.2,0.15,0.05,75,0.94,0,0.15,0.15,1.33,1.45,2.76,3.26,9.52,4.69,0.07,4.93,29.57,9.03,2.02,0.99,2.32,69,1.2,2.65,0.84,18,0.44,52,1.08,0.1,7.74,8.91,3.25,0.94,0.39,34.94,2.02,26,0.35,37,0.25,0,0,40.39,91,2.91,26,69,3.06,3.95,10,76,-14,39.64,3.3,0.41,0.42,31.86,99,5.7,4.39,0.05,0.05,0,0,0.79,0.84,0,100,0.05,33,0.05,25,71,4,38,58,3,20.62,20.05,0.96,92,-0.58,19.74,18.41,0,0,0,0,0,,0,0,,0,0,0,0,0,0,14,8,3.58,27,0.05,0.05,0.06,0.01,,0.17
Jhon Fredy Salazar,Atlético Bucaramanga,Primera A,2026,1048,Right Wing,Colombia,31,31/03/95,0.09,0.09,0.11,0.07,1.46,6,47,2,,0.05,0.09,0.15,1.55,0.09,0.13,1.12,0,0.02,0.43,0.17,0.26,3.01,-0.09,2.06,0.86,1.2,42,1.8,0,1.98,3.44,0.69,0.66,0.77,0.75,19.32,10.48,0.01,5.67,53.44,5.67,3.35,1.2,1.89,38,1.41,2.07,0.52,19,1.98,42,0.86,0,17.61,18.96,4.47,4.21,1.12,54.25,9.88,56,3.61,86,0.17,0,0,33.58,73,1.98,8,44,1.03,4.21,18,63,-9,61.1,3.44,0.43,0.59,35.81,88,5.84,11.25,2.4,1.8,0.6,0.17,1.98,3.78,0.09,43,1.29,39,0.17,16,68,16,26,62,12,17.95,13.5,0.92,108,-4.45,16.57,14.63,0,0,0,0,0,,0,0,,0,0,0,0,0,0,26,9,5.91,43,0.11,0.05,-0.02,-0.02,,0.12
Jhon Jairo Solís Vélez,Fortaleza CEIF,Primera A,2026,582,Left Midfielder,Colombia,27,11/02/99,0.15,0.15,0.03,0.03,1.08,14,57,1,,0.22,0,0.11,1.08,0,0.11,1.08,0,0,0,0.15,0.14,2.16,0.01,1.7,1.55,0.15,91,3.87,0,2.32,2.47,0,0,0,0,13.3,6.65,0.01,4.02,50.38,6.34,3.56,0.77,0.77,56,0.87,0.87,0.93,50,0.62,30,0.46,0,11.6,11.67,3.71,1.86,0.77,50.46,5.88,51,1.55,83,0,0,0.15,30,80,1.7,15,44,0.46,3.4,14,76,-4,56.66,4.95,0.13,0.25,34.02,88,5.97,10.51,0.77,0.62,0.15,0.31,2.01,2.63,0,40,0.77,42,0.62,19,64,16,21,62,18,18.66,16.81,0.89,97,-1.84,16.69,16.24,0,0,0,0,0,,0,0,,0,0,0,0,0,0,14,7,4.42,38,0.05,0.1,0.01,0.04,,0.19
Jhon Largacha,Deportivo Pereira,Primera A,2026,1256,Left Centre Forward,Colombia,22,21/01/04,0.07,0.07,0.13,0.08,1.79,4,36,3,0,0.09,0.14,0.18,1.22,0.07,0.15,0.79,0.07,0.03,0.43,0.21,0.31,3.01,-0.1,1.93,1,0.93,52,1.79,0,2.22,2.87,0.07,0.09,0.36,0.29,16.98,7.6,0,3.22,55.46,4.87,2.22,0.36,0.43,50,0.17,0.26,0.72,17,0.36,14,0.29,0,15.91,11.4,2.79,2.44,0.29,55.82,9.1,57,1.86,76,0.29,0,0,21.43,71,2.79,17,53,0.93,4.73,19,65,-6,58.97,3.22,0.28,0.44,24.94,83,5.5,6.59,1.15,0.57,0.57,0.14,2.01,2.58,0.14,25,0.5,39,0.29,15,69,16,20,70,11,21.64,15.59,0.93,92,-6.06,20.14,14.41,0,0,0,0,0,,0,0,,0,0,0,0,0,0,32,11,3.85,34,0.06,0.02,0,-0.07,,0
Jhon Martínez,Fortaleza CEIF,Primera A,2026,324,Right Back,Colombia,21,19/10/05,0,0,0.04,0.03,1.39,0,20,2,,0.01,0,0.01,0.28,0,0.01,0.28,0,0,0,0,0.04,1.67,-0.04,0.83,0.56,0.28,67,0.83,0,0.28,1.39,0.56,0.47,3.89,4.88,9.46,4.17,0.02,3.34,35.81,7.51,2.23,1.67,2.23,67,2.2,2.66,0.83,33,0.83,100,0.28,0,6.96,8.42,1.67,1.11,0.28,45.94,3.06,44,0.83,75,0.28,0,0,33.11,79,3.62,13,72,4.73,4.17,8,83,4,53.32,1.95,0.22,0.23,27.82,96,4.45,7.79,0.56,0.56,0,0,0.83,1.39,0,50,0.28,20,0,16,64,20,14,54,32,19.44,22.19,0.95,89,2.75,18.47,19.72,0,0,0,0,0,,0,0,,0,0,0,0,0,0,21,7,2.28,19,0.05,0.03,0.24,-0.04,,0.29
Jhon Meléndez,Rionegro,Primera A,2026,484,Right Back,Colombia,24,10/01/02,0,0,0.04,0.03,1.49,0,38,1,,0.03,0.19,0.2,1.49,0.19,0.2,1.49,0,0,0,0.19,0.24,2.98,-0.05,1.3,1.12,0.19,86,0.37,0,1.12,1.12,0.37,0.58,1.3,1.9,10.61,5.21,0.03,3.91,40.81,6.7,2.79,0.37,0.74,40,0.48,1.05,1.49,40,0.56,50,0.19,0,8.75,12.6,2.98,1.68,0.19,44.08,3.72,43,1.68,100,0.19,0,0,63.84,86,3.91,6,55,2.23,6.14,13,80,-6,50.38,7.44,0.44,0.59,61.23,97,4.69,13.77,2.42,2.23,0.19,0,0.93,3.16,0,38,0.93,50,0,25,64,11,34,54,12,18.81,18.36,0.94,84,-0.45,17.65,15.41,0,0,0,0,0,,0,0,,0,0,0,0,0,0,21,11,8.54,44,0.16,0.1,0,-0.05,,0.22
Jhon Murillo,América de Cali,Primera A,2026,639,Left Midfielder,Venezuela,31,20/11/95,0.28,0.28,0.27,0.17,1.55,18,36,3,,0.33,0.14,0.16,0.99,0.14,0.16,0.99,0,0,0,0.42,0.43,2.54,0,1.41,0.85,0.56,60,1.55,0,1.83,1.41,0.14,0.23,0.28,0.37,10.85,4.79,0,3.1,48.77,4.51,2.11,1.27,1.41,69,1.87,2.11,0.28,0,0.56,23,0.42,0,9.3,11.74,2.4,1.55,0.56,50.97,4.65,50,1.13,73,0.14,0,0,24.66,81,0.28,5,50,0.42,0.42,23,71,-10,64.8,2.54,0.4,0.66,24.66,89,6.74,11.7,1.41,1.41,0,0.56,4.23,5.64,0.14,20,0.42,38,0.7,10,70,20,18,64,18,14.15,12.32,1,97,-1.83,14.16,11.91,0,0,0,0,0,,0,0,,0,0,0,0,0,0,19,8,7.81,45,0.05,0.14,0.01,0.16,,0.36
Jhon Navia,Junior,Primera A,2026,335,Left Back,Colombia,23,26/07/03,0,0,0.07,0.14,0.54,0,50,0,,0.16,0.27,0.01,0.54,0.27,0.01,0.54,0,0,0,0.27,0.08,1.08,0.19,1.08,0.54,0.54,50,1.08,0,1.35,1.61,1.08,0.97,0.54,0.31,18.83,7.26,0.03,5.65,38.32,6.99,0.81,4.57,5.65,100,4.79,5.76,2.69,100,0,71,1.35,0,11.57,12.46,4.84,2.96,1.08,38.2,3.5,30,1.88,64,0.27,0,0,34.17,74,1.88,76,54,1.08,2.96,15,61,-13,52.42,4.04,0.36,0.42,30.4,92,4.42,9.68,0.54,0.54,0,0,2.42,2.96,0,0,0,0,0,22,68,10,22,69,8,20.25,18.4,0.92,103,-1.85,18.68,18.91,0,0,0,0,0,,0,0,,0,0,0,0,0,0,24,4,3.31,23,0.05,0.08,0.01,-0.03,,0.11
Jhon Palacios,América de Cali,Primera A,2026,1353,Left Midfielder,Colombia,21,01/08/05,0.13,0.13,0.12,0.06,2.13,6,38,3,,0.18,0.07,0.07,0.8,0.07,0.07,0.73,0,0.01,0.07,0.2,0.19,2.93,0.01,3.06,1.66,1.4,54,1.6,0,2.53,3.92,0.73,0.83,0.27,0.31,19.49,11.51,0.01,5.59,51.14,5.45,2.93,1.93,2.66,76,2.15,2.97,1.26,40,0.6,35,0.8,0,16.43,19.3,4.72,4.19,1.2,52.01,8.58,52,3.06,73,0.33,0,0,28.07,76,0.86,10,48,0.53,1.53,21,67,-9,61.66,3.13,0.39,0.5,32.46,82,5.34,12.17,1,0.93,0.07,0.27,3.52,4.46,0,47,0.53,42,0.4,14,70,16,13,72,16,16.55,13.82,0.96,90,-2.73,15.94,12.45,0,0,0,0,0,,0,0,,0,0,0,0,0,0,25,10,5.65,36,-0.03,0.06,0.01,-0.01,,0.03
Jhon Quiñónes,Cúcuta Deportivo,Primera A,2026,1492,Right Centre Back,Colombia,22,15/04/04,0.06,0.06,0.02,0.13,0.12,50,50,0,,0.01,0,0,0.12,0,0,0.12,0,0,0,0.06,0.02,0.24,0.04,0.06,0.06,0,100,0.18,0,0.18,0.06,0.72,0.61,3.86,2.67,8.81,5.25,0.07,5.43,20.22,5.61,0.72,0.84,1.57,78,0.58,1.19,0.78,57,0.24,54,1.57,0,7.18,5.79,3.44,1.33,0.66,25.36,0.6,8,0.24,18,0.12,0,0,28.24,87,1.69,7,54,4.28,2.72,12,68,-19,31.74,0.72,0.12,0.12,21.66,99,3.8,0.91,0.12,0.12,0,0,0.48,0.6,0,0,0,,0.06,27,69,3,60,33,7,22.19,22.15,0.93,87,-0.04,20.68,19.32,0,0,0,0,0,,0,0,,0,0,0,0,0,0,19,9,1.61,17,0.02,0.02,0.05,-0.01,,0.08
Jhon Valencia,Cúcuta Deportivo,Primera A,2026,304,Right Wing,Colombia,24,03/04/02,0,0,0.13,0.15,0.89,0,67,1,,0.17,0,0.02,0.59,0,0.02,0.59,0,0,0,0,0.15,1.48,-0.15,1.48,0.59,0.89,40,1.78,0,1.48,2.07,0.89,0.72,0.89,1.09,19.25,9.18,0,5.33,46.51,8.88,3.85,0.89,1.78,50,0.94,1.66,1.18,0,0.89,69,2.67,0,17.18,16.06,4.74,2.67,1.18,49.97,8.88,52,2.37,89,0,0,0,27.84,67,0.89,15,100,0.89,0.89,33,58,-9,60.05,2.37,0.38,0.4,23.69,85,6.73,8,0.89,0.59,0.3,0.3,2.67,3.26,0,0,0,0,0.59,21,53,26,15,30,56,15.52,13.71,0.98,99,-1.8,15.15,13.63,0,0,0,0,0,,0,0,,0,0,0,0,0,0,39,12,2.52,24,-0.04,0.15,0.03,0.1,,0.23
Jhon Velásquez,Fortaleza CEIF,Primera A,2026,899,Right Midfielder,Colombia,31,01/05/95,0.1,0.1,0.06,0.05,1.2,8,33,1,,0.13,0,0.12,1.6,0,0.1,1.1,0,0.02,0.5,0.1,0.18,2.8,-0.08,1,0.4,0.6,40,2,0,2.2,2.6,0.5,0.67,0.1,0.11,17.62,10.01,0.02,4.4,48.68,5.11,2.6,1.7,2.2,74,2.03,2.7,1.5,33,0.6,27,0.4,0,14.42,16.92,3.9,3.8,1.3,48.9,7.81,54,2.6,68,0.4,0,0,36.44,79,1.3,9,38,0.3,3.2,15,77,-3,60.55,5.91,0.24,0.34,36.44,89,5.11,14.12,1.6,1.1,0.5,0.2,2.7,3.8,0.1,25,0.5,31,0.5,16,70,14,16,73,11,17.23,14.91,0.9,101,-2.32,15.55,15.1,0,0,0,0,0,,0,0,,0,0,0,0,0,0,20,8,5.88,45,0,0.12,0.01,-0.02,,0.11
Jhon Vásquez,Llaneros,Primera A,2026,2019,Right Midfielder,Colombia,31,11/02/95,0.27,0.13,0.15,0.12,1.2,11,37,2,100,0.17,0.13,0.18,1.16,0.13,0.18,1.11,0,0,0.04,0.27,0.32,2.36,-0.06,1.74,1.29,0.45,74,2.85,0,3.25,3.12,0.18,0.23,0.89,0.62,11.59,4.81,0,2.81,49.48,4.95,2.85,1.2,1.38,77,1.04,1.27,1.74,33,0.36,45,1.11,0,8.65,7.27,2.1,1.83,0.45,53.1,4.59,53,1.34,73,0.4,0,0.04,20.82,62,1.69,21,48,1.34,3.08,21,52,-9,65.78,3.57,0.27,0.47,26.75,80,7.27,8.07,1.38,1.34,0.04,0.31,3.21,4.55,0.18,32,0.85,24,0.27,13,75,13,13,71,17,21.04,17.1,0.96,108,-3.93,20.18,18.42,0,0,0,0,0,,0,0,,0,0,0,0,0,0,33,9,3.62,29,0.1,0.09,0.04,0,,0.22
Jhonatan Agudelo,Cúcuta Deportivo,Primera A,2026,581,Centre Forward,Colombia,34,16/12/92,0,0,0.13,0.08,1.7,0,27,3,,0.1,0,0.03,0.46,0,0.03,0.46,0,0,0,0,0.16,2.17,-0.16,1.55,1.39,0.15,90,2.01,0,2.79,2.32,0.15,0.12,0.31,0.25,21.07,8.83,0,4.49,60.11,4.18,2.17,0.15,0.31,33,0.12,0.24,1.7,50,0.31,29,1.08,0,19.21,16.68,4.18,5.27,1.08,60.99,13.17,69,4.18,79,0.15,0,0.15,19.68,87,0.77,16,71,0.77,0.62,27,87,0,56.72,1.86,0.19,0.3,22.16,84,4.98,5.73,0.46,0.46,0,0.15,3.56,4.03,0,33,0.15,100,0.31,9,68,23,11,73,16,15.25,13.36,0.99,101,-1.9,15.11,13.51,0,0,0,0,0,,0,0,,0,0,0,0,0,0,17,9,2.05,23,-0.07,0.05,-0.01,-0.09,,-0.11
Jhonier Blanco,Llaneros,Primera A,2026,559,Centre Forward,Colombia,26,17/10/00,0.16,0.16,0.16,0.13,1.29,13,38,3,,0.19,0.16,0.14,0.8,0.16,0.14,0.8,0,0,0,0.32,0.31,2.09,0.02,0.8,0.48,0.32,60,0.64,0,1.45,3.22,0.32,0.41,1.13,0.86,18.02,7.4,0.01,3.38,65.48,2.41,1.77,0.16,0.48,20,0.12,0.53,1.29,0,0.64,40,2.57,0,16.57,15.37,2.9,3.7,0.8,70.1,14.48,87,3.38,91,0.16,0,0,12.23,68,0.32,12,67,1.13,0.48,45,63,-5,65.45,0.97,0.19,0.46,10.94,66,3.21,5.47,0.48,0.48,0,0.48,6.43,6.92,0.16,0,0,,1.13,14,65,21,15,62,24,15.06,13.31,0.97,76,-1.75,14.57,10.05,0,0,0,0,0,,0,0,,0,0,0,0,0,0,32,6,2.59,19,-0.02,-0.04,-0.01,0.04,,-0.03
Jhonier Viveros,Jaguares de Córdoba,Primera A,2026,505,Centre Attacking Midfielder,Colombia,34,27/04/92,0,0,0.03,0.04,0.71,0,25,1,,0.01,0,0.06,0.89,0,0.05,0.71,0,0.01,0.18,0,0.09,1.6,-0.09,1.78,1.6,0.18,90,6.77,0,2.14,2.67,0.36,0.29,0.18,0.13,17.99,8.91,0.03,6.23,48.79,8.91,4.63,0.89,1.25,63,0.78,1.07,1.07,33,0.53,55,1.07,0,16.21,13.27,4.81,3.92,1.6,49.97,8.55,53,2.67,68,0.18,0,0,40.61,83,3.03,15,61,0.53,4.63,24,84,1,54.39,4.45,0.29,0.32,43.28,92,5.94,9.97,1.07,0.71,0.36,0.18,1.07,1.78,0.18,0,0.18,33,0.36,14,71,14,18,66,16,18.66,15.18,0.95,105,-3.49,17.72,15.93,0,0,0,0,0,,0,0,,0,0,0,0,0,0,17,7,3.15,28,0.07,0.13,-0.02,0,,0.18
Jimmy Medranda,Llaneros,Primera A,2026,1088,Left Back,Colombia,32,06/02/94,0,0,0.03,0.04,0.91,0,18,1,,0.02,0.17,0.03,0.33,0.17,0.03,0.33,0,0,0,0.17,0.07,1.24,0.1,0.25,0.25,0,100,0.41,0,0.5,0.5,1.65,1.31,3.39,2.94,14.23,8.02,0.03,5.71,30.16,8.44,2.81,2.48,4.14,77,2.23,3.54,0.74,63,0.74,54,1.16,0,11,9.89,4.22,2.56,0.83,35.28,2.23,20,0.74,29,0,0,0,36.48,80,2.23,93,44,4.3,4.14,12,66,-14,49.18,4.38,0.16,0.22,29.36,97,4.41,8.11,0.91,0.74,0.17,0,0.99,1.74,0,27,0.33,29,0.17,30,61,9,35,54,11,21.05,20.03,0.92,91,-1.02,19.27,18.23,0,0,0,0,0,,0,0,,0,0,0,0,0,0,27,13,2.42,21,0.13,0.05,0.14,-0.03,,0.29
Joan Castro,Inter Bogotá,Primera A,2026,1954,Right Back,Colombia,29,12/01/97,0.05,0.05,0.05,0.08,0.64,7,29,1,,0.05,0.05,0.03,0.51,0.05,0.03,0.51,0,0,0,0.09,0.08,1.15,0.01,0.74,0.32,0.41,44,0.6,0,0.69,0.69,0.64,0.45,2.95,2.13,13.22,6.4,0.05,4.61,31.34,7.74,2.44,1.66,2.3,71,1.17,1.62,1.38,38,0.69,69,1.34,0,10.18,7.96,2.95,1.66,0.55,37.43,2.86,28,1.06,64,0.14,0,0.05,30.49,76,2.49,5,55,3.5,4.01,11,67,-9,50.19,3.55,0.28,0.31,25.8,96,4.52,6.54,0.32,0.23,0.09,0.05,0.64,0.88,0,43,0.32,25,0.09,30,58,11,35,51,14,20.4,19.15,0.94,96,-1.25,19.11,18.41,0,0,0,0,0,,0,0,,0,0,0,0,0,0,26,11,3.6,27,0.06,0.06,0.05,0,,0.18
Joan Parra,Once Caldas,Primera A,2026,2773,Goalkeeper,Colombia,26,09/06/00,0,0,0,,0,,,0,,0,0.03,0.02,0.16,0.03,0.02,0.13,0,0.01,0.03,0.03,0.02,0.16,0.01,0.26,0.26,0,100,0.36,0,0,0,0,0,0.06,0.05,0.06,0.06,0,7.56,2.8,4.61,0.06,0,0,0,0,0,0,0,0.06,,0,0,0.06,0.07,0,0,0,11.24,0,0,0,,0.1,0,0,23.5,70,7.53,7,44,3.15,14.02,17,65,-5,15.77,2.08,0.18,0.19,22.3,100,7.03,1.33,0.1,0.1,0,0,0,0.1,0.06,0,0,,0,46,54,0,76,24,0,42.79,42.8,0.75,75,0.01,32.23,32.09,0.91,0.9,-0.01,71,71,0,0.93,3.15,27,11.72,1.83,0.16,0.16,23.2,-1,22,3,2.3,14,0.14,0.12,0,,-0.07,0.19
Joan Valverde,Fortaleza CEIF,Primera A,2026,1820,Right Back,Colombia,23,18/06/03,0.05,0.05,0.01,0.04,0.35,14,14,0,,0.01,0.05,0.05,0.69,0.05,0.05,0.69,0,0,0,0.1,0.06,1.04,0.04,0.54,0.35,0.2,64,0.69,0.05,0.79,0.64,0.84,0.89,1.38,1.57,12.76,6.08,0.01,4.8,35.59,8.56,2.67,1.78,2.62,75,1.92,2.8,1.04,50,0.59,63,1.09,0.05,9.94,11.12,3.56,1.53,0.35,37.6,3.07,31,0.84,55,0.3,0,0,33.88,75,2.18,6,44,2.28,4.01,14,60,-15,52.15,3.91,0.27,0.29,28.34,95,4.55,8.46,0.94,0.59,0.35,0.1,0.79,1.38,0,47,0.59,30,0.15,27,57,16,22,51,27,19.76,20.46,0.91,97,0.7,18.03,19.85,0,0,0,0,0,,0,0,,0,0,0,0,0,0,27,10,3.91,32,0.1,0.1,0.01,-0.01,,0.2
Joao Abonia,Cúcuta Deportivo,Primera A,2026,1773,Right Back,Colombia,26,07/02/00,0,0,0.01,0.04,0.41,0,25,0,,0,0.05,0.02,0.46,0.05,0.02,0.41,0,0,0.05,0.05,0.04,0.86,0.01,0.96,0.46,0.51,47,1.07,0,0.71,1.42,0.81,0.7,2.08,1.8,11.37,5.48,0,3.6,30.83,6.5,1.42,1.07,1.88,70,0.82,1.52,0.96,33,0.46,44,0.41,0.1,9.34,7.9,3.05,1.37,0.41,35.41,2.23,24,0.81,59,0.25,0.05,0,27.98,78,2.34,6,53,2.44,4.01,14,70,-8,48.52,3.55,0.21,0.26,25.74,93,5.97,5.69,0.71,0.46,0.25,0.15,0.96,1.42,0.05,50,0.51,25,0.1,27,61,12,26,61,13,19.92,17.02,0.94,101,-2.9,18.76,17.11,0,0,0,0,0,,0,0,,0,0,0,0,0,0,26,13,3.2,26,0.06,0.07,0.03,-0.01,,0.15
Joaquín Varela,Independiente Medellín,Primera A,2026,356,Left Centre Back,Uruguay,28,26/06/98,0,0,0.08,0.1,0.76,0,33,0,,0,0,0,0,0,0,0,0,0,0,0,0.08,0.76,-0.08,0,0,0,,0.51,0,0,0.51,0.76,0.39,4.04,3.52,7.32,3.28,0.14,3.54,23.79,5.05,1.26,0.25,1.01,100,0.32,0.7,1.26,,0,44,1.01,0,5.81,5.83,2.53,0.51,0.25,29.1,0.51,9,0.25,50,0.51,0,0.25,44.2,82,3.03,93,36,5.05,7.32,5,50,-32,35.45,3.54,0.53,0.6,37.88,99,3.7,3.79,0,0,0,0,1.52,1.52,0,,0,,0,29,69,2,33,67,0,25.93,40.06,0.87,71,14.13,22.61,28.31,0,0,0,0,0,,0,0,,0,0,0,0,0,0,19,10,3.74,25,0.04,0.03,0.09,-0.09,,0.07
Joaquín Varela,Rionegro,Primera A,2026,520,Left Centre Back,Uruguay,28,26/06/98,0.35,0.35,0.12,0.18,0.69,50,75,0,,0.2,0,0.06,0.35,0,0.06,0.35,0,0,0,0.35,0.18,1.04,0.16,0.17,0,0.17,0,0.17,0,0.17,0.17,0.52,0.34,3.12,2.12,11.08,5.88,0.09,5.54,26.74,4.15,0.52,1.21,1.73,70,0.77,1.11,0.35,0,0.52,40,1.04,0,9.52,6.09,3.98,1.9,0.69,31.82,2.08,22,0.87,45,0,0,0,24.06,80,2.25,86,50,3.81,3.81,13,63,-17,31.94,0.69,0.11,0.22,19.9,98,4.48,0.87,0.17,0.17,0,0.17,1.38,1.56,0,0,0,,0.17,38,60,1,40,60,0,24.18,23.93,0.89,92,-0.25,21.52,22,0,0,0,0,0,,0,0,,0,0,0,0,0,0,22,4,1.51,13,0.09,0.02,0.12,0.1,,0.32
Joel Canchimbo,Junior,Primera A,2026,1313,Right Wing,Colombia,21,11/08/05,0.27,0.27,0.24,0.11,2.26,12,33,4,,0.32,0,0.07,0.69,0,0.07,0.69,0,0,0,0.27,0.31,2.95,-0.03,3.91,2.74,1.17,70,1.92,0.07,3.84,3.15,0.21,0.17,0.27,0.35,14.19,6.65,0.01,3.77,52.29,4.39,1.99,1.17,1.37,63,1.28,1.45,1.44,25,0.69,33,0.41,0,11.59,12.17,3.43,1.99,0.41,53.3,6.31,54,1.65,83,0.21,0,0,21.73,75,0.69,13,59,0.82,0.62,24,71,-4,66.23,2.88,0.43,0.61,31.19,80,8.38,9.39,0.69,0.69,0,0.48,4.73,5.42,0.07,30,0.75,31,1.03,11,65,24,8,65,27,15.24,14.99,0.97,104,-0.25,14.83,15.56,0,0,0,0,0,,0,0,,0,0,0,0,0,0,26,11,4.71,31,0.06,0.21,0,0.16,,0.44
Joel Contreras,Llaneros,Primera A,2026,329,Left Midfielder,Colombia,27,30/04/99,0.27,0.27,0.18,0.21,0.82,33,100,2,,0.48,0,0.02,0.55,0,0.02,0.55,0,0,0,0.27,0.19,1.37,0.08,1.92,1.09,0.82,57,2.19,0,1.37,1.37,0.55,0.29,0,0,15.32,8.21,0,5.2,54.65,5.47,2.46,0.82,1.37,75,0.43,0.73,1.64,0,0.27,0,0,0,12.86,7.45,4.38,1.37,0.82,53.95,7.66,60,1.37,100,1.09,0,0,24.9,64,0.82,63,30,0.55,2.19,15,50,-14,65.03,1.92,0.19,0.34,25.18,89,6.8,8.76,1.37,1.37,0,0.27,3.28,4.65,0,40,0.55,11,0.27,8,76,16,6,66,28,17.81,16.14,0.86,71,-1.67,15.37,11.45,0,0,0,0,0,,0,0,,0,0,0,0,0,0,30,5,2.74,39,-0.12,0.1,0.01,0.13,,0.12
Joel Sebastián Romero,América de Cali,Primera A,2026,492,Right Midfielder,Colombia,20,08/01/06,0.18,0.18,0.09,0.05,1.83,10,40,2,,0.08,0,0.12,1.65,0,0.12,1.65,0,0,0,0.18,0.21,3.48,-0.03,0.91,0.55,0.37,60,0.18,0,1.46,1.83,0.91,0.7,1.28,1.62,21.77,12.99,0,6.22,45.3,5.86,2.74,1.46,2.38,50,1.98,2.68,1.28,38,1.46,50,1.1,0,19.03,19.62,5.31,3.48,1.28,48.24,9.15,48,2.38,68,0.18,0,0,36.96,78,2.93,9,84,2.38,2.38,22,63,-15,54.19,3.48,0.25,0.34,33.49,92,4.74,10.43,1.65,1.65,0,0.37,2.2,3.84,0.18,33,0.73,36,0.37,14,73,13,19,61,19,17.45,17.79,1.02,108,0.34,17.74,19.25,0,0,0,0,0,,0,0,,0,0,0,0,0,0,17,7,3.77,29,0.04,0.06,0.05,0,,0.15
Johan Caballero,Inter Bogotá,Primera A,2026,968,Right Wing,Colombia,28,14/05/98,0.09,0.09,0.21,0.12,1.77,5,42,2,,0.2,0,0.08,1.58,0,0.05,1.39,0,0.03,0.19,0.09,0.3,3.35,-0.2,1.49,1.39,0.09,94,0.93,0,2.32,1.77,0.74,0.73,0.56,0.4,23.14,12.36,0.01,5.2,50.57,7.81,3.35,1.67,2.42,62,1.38,2.11,0.84,8,1.02,29,0.46,0,20.63,17.41,4.74,4.55,1.58,51.72,10.22,50,3.62,80,0.46,0,0,35.97,73,1.95,5,39,1.02,4.55,14,71,-2,59.87,5.67,0.35,0.51,37.83,90,6.02,12.27,1.21,0.84,0.37,0.19,3.62,4.46,0.09,23,0.28,16,0.19,16,68,16,20,65,15,18.62,15.79,0.89,81,-2.84,16.55,12.76,0,0,0,0,0,,0,0,,0,0,0,0,0,0,25,7,6.54,44,-0.02,0.08,0.01,-0.05,,0.03
Johan Caicedo,Deportivo Pasto,Primera A,2026,1442,Right Defensive Midfielder,Colombia,22,12/03/04,0.06,0.06,0.07,0.04,1.75,4,39,2,,0.05,0.06,0.01,0.44,0.06,0.01,0.44,0,0,0,0.12,0.08,2.18,0.05,0.81,0.5,0.31,62,1,0,1.12,1.44,1.12,1.23,2.56,2.23,22.1,12.55,0.03,7.55,40.98,11.74,5.18,2.31,3.43,69,2.12,3.35,2.25,48,1.06,62,1.44,0.06,17.67,16.15,5.56,3.62,1.44,44.54,6.55,37,2.06,57,0.44,0,0,40.7,83,3.31,15,66,3.43,4.12,20,82,-2,49.1,5.62,0.27,0.31,35.08,94,5.22,8.49,0.44,0.37,0.06,0,1.56,1.94,0.19,14,0.06,33,0,23,70,8,23,74,4,19.74,17.83,0.94,98,-1.91,18.57,17.47,0,0,0,0,0,,0,0,,0,0,0,0,0,0,21,11,4.07,31,-0.01,0.06,0.01,-0.04,,0.02
Johan Hinestroza,Jaguares de Córdoba,Primera A,2026,1848,Right Defensive Midfielder,Colombia,24,13/03/02,0,0,0.04,0.06,0.68,0,21,1,,0.01,0,0.02,0.39,0,0.02,0.39,0,0,0,0,0.06,1.07,-0.06,0.49,0.19,0.29,40,0.93,0,0.68,1.02,0.63,0.43,0.97,0.6,21.87,11.35,0.06,6.53,41.44,7.89,3.12,1.85,2.48,73,1.31,1.74,1.66,39,0.68,29,0.19,0.05,18.41,13.41,5.26,3.9,1.17,44.27,6.67,36,2.05,53,0.44,0,0,38.58,86,2.19,11,59,2.05,2.63,22,76,-10,45.66,3.6,0.29,0.3,35.02,95,5.06,6.19,0.39,0.39,0,0.1,0.58,0.97,0,25,0.15,33,0.1,17,71,11,24,69,6,18.78,20,0.95,98,1.22,17.83,19.52,0,0,0,0,0,,0,0,,0,0,0,0,0,0,17,9,3.82,32,0.01,0.06,0.05,-0.02,,0.1
Johan Martínez,Deportivo Cali,Primera A,2026,1832,Right Wing,Colombia,24,14/03/02,0.15,0.15,0.13,0.05,2.7,5,45,3,,0.19,0.29,0.18,1.87,0.29,0.16,1.47,0,0.02,0.39,0.44,0.31,4.57,0.13,2.31,1.13,1.18,49,1.67,0,1.47,2.51,0.39,0.39,0.2,0.15,12.38,5.7,0,3.14,55.51,6.73,3.98,0.39,0.79,53,0.5,0.88,0.54,22,0.34,19,0.25,0,11.45,11.8,2.95,2.7,0.79,56.6,7.22,63,2.41,89,0.05,0,0,37.82,76,2.55,93,45,0.69,5.16,17,74,-2,61.69,6.88,0.35,0.54,39.84,92,5.86,15.92,2.55,1.77,0.79,0.39,2.36,4.13,0.29,12,0.54,35,0.34,17,72,11,22,69,9,19.89,15.75,0.91,93,-4.14,18.1,14.62,0,0,0,0,0,,0,0,,0,0,0,0,0,0,21,8,7.6,51,0.04,0.12,0,-0.02,,0.14
Johan Wallens,Alianza Valledupar,Primera A,2026,1986,Goalkeeper,Colombia,34,02/08/92,0,0,0,,0,,,0,,0,0,0,0,0,0,0,0,0,0,0,0,0,0,0,0,0,,0.05,0,0,0,0,0,0,0,0.14,0.05,0,6.25,2.62,3.99,0,0,0,0,0,0,0.05,0,0.05,,0,0.05,0.09,0.05,0,0,0,6.51,0,0,0,,0.18,0,0,13.14,65,4.26,19,38,1.68,9.56,14,59,-6,10.25,0.45,0.06,0.06,11.78,100,5.31,0.14,0,0,0,0,0,0,0,,0,,0,51,49,0,33,67,0,40.95,42.62,0.7,77,1.67,28.65,33.01,1.09,1.28,0.19,72,67,5,1.07,3.9,38,10.33,2,0.23,0.23,16.77,-2,29,2,1.16,9,0.06,0.06,0.01,,-0.03,0.1
Johar Mejía,Jaguares de Córdoba,Primera A,2026,944,Centre Forward,Colombia,26,09/01/00,0,0,0.18,0.11,1.62,0,29,4,,0.12,0.1,0.06,0.95,0.1,0.06,0.95,0,0,0,0.1,0.24,2.57,-0.15,0.95,0.57,0.38,60,0.76,0,1.33,1.72,0.1,0.04,0.67,0.4,15.15,6.29,0.01,4.48,56.44,4.57,2.67,0.76,0.86,73,0.46,0.5,1.33,0,0.29,44,1.72,0,13.06,9.48,3.72,3.91,1.14,60.75,8.96,69,3.72,95,0.48,0,0,18.49,73,0.57,24,50,0.86,0.95,30,68,-4,57.47,1.33,0.35,0.44,17.34,88,5.28,6,0.48,0.48,0,0.38,3.14,3.62,0.1,20,0.29,38,0.48,15,66,19,13,65,22,16.22,14.97,0.95,97,-1.25,15.42,14.51,0,0,0,0,0,,0,0,,0,0,0,0,0,0,26,8,3.65,27,0.01,0.07,0.01,-0.07,,0.03
John García,Rionegro,Primera A,2026,531,Right Centre Back,Colombia,37,03/06/89,0,0,0.04,0.07,0.68,0,25,1,,0,0,0.02,0.17,0,0.02,0.17,0,0,0,0,0.07,0.85,-0.07,0.17,0.17,0,100,0.51,0,0.17,0,1.02,0.75,4.58,4.37,5.09,2.54,0.07,4.24,19.81,7.8,1.36,0.51,1.53,75,0.41,1.16,0.34,0,0.17,67,2.03,0,4.24,3.71,1.86,0.51,0,26.33,0.51,12,0.17,33,0,0,0,34.75,86,2.71,15,48,5.93,4.24,13,76,-10,36.22,1.86,0.1,0.14,25.77,99,5.42,1.7,0,0,0,0.17,1.19,1.19,0,,0,,0.17,26,72,2,20,80,0,22.92,26.52,0.91,77,3.61,20.77,20.47,0,0,0,0,0,,0,0,,0,0,0,0,0,0,17,6,1.56,14,0.03,0.04,0.08,-0.05,,0.1
John Jairo Ontaneda Campos,Rionegro,Primera A,2026,600,Left Centre Back,Ecuador,30,01/06/96,0,0,0.01,0.04,0.15,0,100,0,,0.02,0,0.03,0.45,0,0.03,0.45,0,0,0,0,0.03,0.6,-0.03,0.45,0.3,0.15,67,0.75,0,0,0.6,0.45,0.66,4.35,6.45,8.85,4.5,0.06,5.85,30.96,12,2.4,1.95,2.4,76,3.11,3.77,0.45,50,0.6,47,1.05,0,6.45,9.64,3.15,1.65,1.35,39.53,2.25,35,1.2,73,0.3,0,0,57.92,91,3,38,49,6,4.5,15,81,-9,39.46,4.35,0.48,0.51,48.62,99,5.4,5.55,0.3,0.15,0.15,0.3,1.05,1.2,0,0,0,0,0.3,29,64,7,46,46,8,21.37,23.23,0.93,89,1.87,19.89,20.67,0,0,0,0,0,,0,0,,0,0,0,0,0,0,16,10,6.93,34,0.11,0.1,0.05,0,,0.27
John Montaño,Independiente Medellín,Primera A,2026,1586,Left Midfielder,Colombia,20,03/10/06,0.34,0.34,0.22,0.1,2.27,15,40,4,,0.34,0.17,0.1,1.25,0.17,0.1,1.25,0,0,0,0.51,0.33,3.52,0.18,2.16,1.19,0.96,55,1.82,0,2.44,3.29,0.57,0.65,0,0,13.11,5.67,0.01,4.2,57.49,4.43,2.78,0.68,1.25,48,0.91,1.56,0.74,20,0.74,38,0.17,0,11.75,13.62,3.52,3.52,1.19,58.75,7.94,68,2.89,82,0.06,0,0,22.19,82,0.51,10,64,0.11,0.68,21,74,-8,63.39,3.8,0.44,0.65,28.15,83,7.02,10.21,1.02,1.02,0,0.4,4.71,5.73,0,11,0.4,54,0.79,13,68,20,13,63,23,14.97,14.46,1.03,104,-0.51,15.4,15.1,0,0,0,0,0,,0,0,,0,0,0,0,0,0,19,9,4.45,25,0.01,0.12,0.01,0.05,,0.19
Joider Micolta,Deportivo Pasto,Primera A,2026,871,Right Wing,Colombia,24,12/07/02,0.1,0.1,0.06,0.05,1.14,9,27,1,,0.08,0,0.1,1.24,0,0.1,1.24,0,0,0,0.1,0.16,2.38,-0.06,3,1.34,1.65,45,2.17,0,2.38,4.03,0.21,0.25,0.31,0.25,17.16,6.3,0.01,4.86,48.57,5.58,2.27,1.55,1.76,79,1.47,1.72,1.03,43,0.41,39,0.72,0,14.57,14.34,4.34,3.51,0.83,50.88,7.96,55,2.89,82,0.31,0,0,20.36,66,1.24,11,40,0.41,3,22,73,7,64.99,3.31,0.21,0.29,25.84,77,8.25,7.96,1.45,1.24,0.21,0.21,2.48,3.72,0,64,1.14,37,0.41,15,70,15,12,69,19,19.06,14.23,0.9,97,-4.84,17.14,13.86,0,0,0,0,0,,0,0,,0,0,0,0,0,0,34,8,3.02,28,0.04,0.1,0.02,0.02,,0.18
Jonathan Lovera,Jaguares de Córdoba,Primera A,2026,492,Right Centre Back,Colombia,21,05/04/05,0,0,0,,0,,,0,,0,0,0.01,0.18,0,0.01,0.18,0,0,0,0,0.01,0.18,-0.01,0.73,0.37,0.37,50,0.37,0,0,0.55,0.73,0.66,4.93,3.58,19.74,8.77,0.06,8.96,27.26,8.77,1.64,1.64,2.38,75,1.53,2.19,2.56,25,0.55,56,1.64,0,15.72,13.74,6.58,2.38,0.91,30.13,2.19,14,1.28,54,0.91,0,0.18,33.81,77,1.83,6,42,6.21,3.11,16,63,-14,36.55,3.11,0.2,0.2,27.23,98,4.45,2.92,0,0,0,0,0.37,0.37,0,,0,0,0.18,35,61,5,38,56,6,21.77,23.53,0.88,84,1.76,19.11,19.76,0,0,0,0,0,,0,0,,0,0,0,0,0,0,21,8,2.3,20,0.06,0.03,0.15,,,0.24
Jonathan Marulanda,Fortaleza CEIF,Primera A,2026,471,Right Back,Colombia,31,20/11/95,0,0,0,0.01,0.19,0,0,0,,0,0.38,0.11,1.15,0.38,0.11,1.15,0,0,0,0.38,0.11,1.34,0.27,1.15,0.57,0.57,50,0.57,0,0.95,0.95,0.76,0.76,2.29,2.45,13.93,6.49,0.03,6.49,37.01,8.78,2.86,1.91,2.67,56,1.85,2.61,1.72,54,1.53,33,0.76,0,10.31,9.77,4.96,3.05,0.95,42.72,3.82,37,2.29,75,0.19,0,0,42,77,3.05,12,47,3.25,5.54,12,77,-1,50.93,4.77,0.14,0.18,36.08,94,3.75,11.07,1.34,0.95,0.38,0,0.19,1.15,0.38,43,0.95,63,0.19,28,61,11,16,67,17,21.17,20.07,0.9,91,-1.1,19.04,18.18,0,0,0,0,0,,0,0,,0,0,0,0,0,0,28,11,3.67,36,0.2,0.04,0.06,-0.01,,0.3
Jonathan Perlaza,Deportivo Pasto,Primera A,2026,1174,Left Centre Forward,Colombia,25,06/04/01,0.15,0.15,0.1,0.08,1.23,13,19,2,,0.13,0.15,0.15,1.15,0.15,0.14,1.07,0,0.01,0.08,0.31,0.24,2.38,0.06,0.77,0.38,0.38,50,0.77,0,1.92,2.38,0.46,0.49,0.23,0.29,21.54,10.04,0,5.83,55.69,5.52,3.14,1.07,1.53,64,1.12,1.61,1.46,33,0.61,23,0.38,0,19.01,17.91,5.29,4.52,1,55.42,10.89,57,3.3,73,0.38,0,0,19.7,78,1,15,46,0.31,2.07,18,83,5,63.06,2.15,0.23,0.36,21.62,84,4.59,8.2,0.77,0.69,0.08,0.08,2.61,3.3,0.08,90,0.84,48,0.23,10,73,17,9,72,19,17.27,15.13,0.93,99,-2.15,15.98,14.92,0,0,0,0,0,,0,0,,0,0,0,0,0,0,22,7,3.81,31,-0.01,0.03,0.01,0.02,,0.04
Jordy Monroy,Deportivo Pereira,Primera A,2026,1754,Right Wing Back,Armenia,30,02/01/96,0.21,0.21,0.15,0.17,0.87,24,53,1,,0.24,0,0.11,1.03,0,0.11,0.97,0,0,0.05,0.21,0.25,1.9,-0.05,0.87,0.56,0.31,65,0.36,0,0.87,1.64,0.56,0.41,1.23,0.91,12.98,5.8,0.01,3.28,39.15,4.67,1.23,1.18,1.74,79,0.9,1.3,0.51,40,0.31,57,0.82,0,11.29,8.65,2.87,2.21,0.82,41.56,3.69,33,1.28,58,0.1,0,0,28.27,80,1.28,8,46,1.54,2.46,16,75,-5,50.97,2.77,0.23,0.36,25.04,92,4.54,6.47,0.62,0.56,0.05,0.15,1.9,2.46,0,58,0.46,27,0.31,20,62,18,20,59,21,18.39,17.15,0.93,96,-1.25,17.02,16.51,0,0,0,0,0,,0,0,,0,0,0,0,0,0,26,10,3.64,38,0.07,0.06,0.03,0.1,,0.26
Jorge Arias,Millonarios,Primera A,2026,1987,Left Centre Back,Colombia,34,12/11/92,0,0,0.05,0.09,0.54,0,17,0,,0.02,0,0.02,0.45,0,0.02,0.41,0,0,0.05,0,0.07,1,-0.07,0.32,0.27,0.05,86,0.59,0,0.14,0.27,1.04,1.06,4.17,3.54,9.51,4.98,0.08,5.84,24.54,10.69,1.9,1.59,2.63,69,1.37,2.43,1.18,42,0.72,67,2.17,0.05,6.75,5.62,3.35,0.68,0.32,28.07,0.86,13,0.27,40,0.32,0,0,37.73,83,5.71,81,64,4.98,8.06,12,70,-13,40.37,6.43,0.3,0.35,29.63,99,6.52,7.02,0.82,0.82,0,0,1.04,1.86,0.05,11,0.09,40,0,29,70,2,38,61,1,25.77,24.42,0.93,98,-1.35,23.87,23.85,0,0,0,0,0,,0,0,,0,0,0,0,0,0,16,5,4.32,23,0.1,0.08,0.06,-0.03,,0.23
Jorge Bermúdez,Deportivo Pereira,Primera A,2026,2393,Right Defensive Midfielder,Colombia,25,04/02/01,0,0,0.02,0.03,0.68,0,28,1,,0.05,0.08,0.04,0.64,0.08,0.04,0.6,0,0,0.04,0.08,0.06,1.32,0.02,0.11,0.08,0.04,67,0.9,0,0.9,0.71,1.2,0.91,0.9,0.67,21.29,12.64,0.01,6.32,37.49,8.92,2.82,1.81,3.01,70,1.33,2.24,1.5,51,0.79,33,0.3,0.11,18.13,12.88,5.15,3.01,0.79,38.56,4.7,26,1.32,44,0.15,0,0,42.73,88,3.69,12,72,1.69,4.33,18,83,-5,44.46,3.69,0.23,0.24,36.68,96,4.55,6.58,0.45,0.41,0.04,0.11,0.34,0.75,0.08,17,0.08,40,0.11,18,72,10,23,71,6,20.4,19.14,0.98,99,-1.26,19.91,18.88,0,0,0,0,0,,0,0,,0,0,0,0,0,0,16,9,3.34,33,0,0.07,0.01,0.01,,0.09
Jorge Cardona,Once Caldas,Primera A,2026,2168,Right Centre Back,Colombia,27,22/02/99,0.04,0.04,0.03,0.07,0.46,9,36,0,,0.05,0.04,0.02,0.12,0.04,0.02,0.12,0,0,0,0.08,0.05,0.58,0.03,0,0,0,,0.21,0,0.08,0.29,1.25,1.35,4.61,5.12,8.05,4.44,0.07,4.61,23.14,6.44,1.16,0.95,2.2,79,1.11,2.47,0.58,56,0.25,62,2.2,0.04,6.52,7.48,2.66,0.83,0.29,28.86,0.91,14,0.42,50,0.17,0,0,32.84,87,3.61,9,64,5.11,5.19,9,69,-18,34.97,1.79,0.37,0.37,24.91,99,3.65,2.08,0.12,0.12,0,0.12,1.62,1.74,0.04,0,0,0,0.25,28,68,4,52,46,2,24.5,23.38,0.92,86,-1.12,22.51,20.19,0,0,0,0,0,,0,0,,0,0,0,0,0,0,14,6,2.65,16,0.05,0.01,0.09,-0.03,,0.13
Jorge Eliécer Martínez Mosquera,Deportivo Pereira,Primera A,2026,1446,Goalkeeper,Colombia,20,28/04/06,0,0,0,,0,,,0,,0,0,0.01,0.06,0,0,0,0,0.01,0.06,0,0.01,0.06,-0.01,0,0,0,,0.19,0,0,0,0,0,0.06,0.06,0.06,0.06,0,8.65,2.62,3.42,0,0,0,0,0,0,0,0,0.06,,0,0.12,0.06,0.03,0,0,0,1.79,0,0,0,,0.06,0,0,17.68,64,4.73,8,34,2.55,11.46,17,63,-1,8.92,1,0.05,0.05,15.69,100,4.8,0.12,0.12,0,0.12,0,0,0,0,0,0,,0,47,53,0,100,0,0,43.57,41.57,0.67,71,-2,29.26,29.51,1.12,1.03,-0.09,73,75,-2,1.18,4.11,29,14.13,1.63,0.25,0.25,13.7,2,29,4,0.78,7,0.07,0.04,0,,-0.28,-0.16
Jorge Hurtado,Deportes Tolima,Primera A,2026,328,Right Wing,Colombia,23,05/09/03,0.55,0.55,0.25,0.1,2.47,22,22,6,,0.3,0.55,0.36,0.82,0.55,0.36,0.82,0,0,0,1.1,0.61,3.29,0.49,3.29,1.65,1.65,50,1.92,0,2.47,4.39,1.1,1.53,0,0,15.91,8.78,0.02,3.29,56.06,5.49,3.57,1.37,2.47,63,1.47,3,2.19,25,0.82,17,0.27,0,12.35,15.9,2.74,3.29,0.27,57.44,7.68,62,2.47,75,0.55,0,0,18.93,71,0.55,60,50,0,1.1,11,50,-21,61.39,3.02,0.69,0.8,25.51,77,8.23,7.13,0.55,0.55,0,0.27,4.94,5.49,0.27,0,0,,0.55,17,65,18,12,62,27,13.86,9.33,1.03,166,-4.52,14.25,15.49,0,0,0,0,0,,0,0,,0,0,0,0,0,0,24,8,3.24,20,-0.04,0.06,-0.02,0.06,,0.07
Jorge Obregón,Rionegro,Primera A,2026,992,Right Centre Forward,Colombia,29,28/03/97,0.09,0.09,0.3,0.16,1.81,5,25,4,,0.17,0,0.06,0.36,0,0.06,0.36,0,0,0,0.09,0.36,2.18,-0.27,1,0.54,0.45,55,1.91,0,2,3.45,0.18,0.23,0.73,0.53,12.25,5.99,0.02,2.99,57.64,3.81,2.54,0.64,0.82,100,0.6,0.82,1.45,100,0,43,1.81,0,10.16,8.26,2.45,2.18,0.45,59.83,6.9,68,1.63,75,0.09,0,0,14.88,77,0.91,12,63,1.27,0.91,30,64,-13,60.17,1.54,0.33,0.44,18.69,77,7.5,4.99,0.54,0.45,0.09,0.09,4.36,4.81,0,0,0.09,100,0.36,8,72,20,4,73,24,17.29,17.74,0.99,103,0.45,17.07,18.23,0,0,0,0,0,,0,0,,0,0,0,0,0,0,24,10,2.13,17,0,0.01,-0.01,0.04,,0.05
Jorge Obregón,Deportivo Pasto,Primera A,2026,450,Centre Forward,Colombia,29,28/03/97,0.2,0.2,0.21,0.09,2.4,8,17,6,,0.23,0,0.01,0.4,0,0.01,0.4,0,0,0,0.2,0.23,2.8,-0.03,0.6,0.4,0.2,67,2,0,1.6,2.8,0,0,0,0,13,5.6,0.02,3.6,67.31,1.6,1,0.4,0.4,67,0.32,0.32,0.8,0,0.2,50,1.4,0,11.8,12.53,3.2,2.4,0.2,69.89,10,85,2.2,92,0.2,0,0,11,82,0.6,20,60,0.2,0.8,21,71,-10,64.64,1.4,0.09,0.26,14,79,6.85,5.8,0.2,0.2,0,0,5.6,5.8,0,0,0.2,100,0.4,6,59,35,3,59,38,16.34,18.4,1,98,2.07,16.38,18,0,0,0,0,0,,0,0,,0,0,0,0,0,0,20,5,1.72,12,-0.07,-0.07,-0.01,-0.16,,-0.3
Jorge Rivaldo,Rionegro,Primera A,2026,1593,Centre Forward,Colombia,23,27/09/03,0.68,0.51,0.41,0.15,2.77,18,37,7,100,0.51,0,0.03,0.4,0,0.03,0.4,0,0,0,0.51,0.44,3.16,0.07,0.9,0.51,0.4,56,0.79,0.11,0.85,2.6,0.06,0.08,0.96,0.81,14.12,6.55,0.01,2.71,60.91,4.29,2.54,0.11,0.17,25,0.16,0.24,0.85,0,0.34,35,1.47,0,13.16,12.27,2.54,2.82,0.68,65.43,10.17,77,2.32,82,0.23,0,0,11.58,65,0.45,13,42,1.19,0.85,31,67,2,59.12,1.02,0.31,0.59,11.18,80,3.96,3.56,0.23,0.23,0,0.45,6.1,6.33,0,0,0,0,0.51,14,69,17,6,75,19,16.84,13.87,0.93,89,-2.98,15.65,12.35,0,0,0,0,0,,0,0,,0,0,0,0,0,0,32,11,2.07,15,0,0.05,0.02,0.07,,0.14
Jorge Soto,Rionegro,Primera A,2026,600,Goalkeeper,Colombia,33,01/08/93,0,0,0,,0,,,0,,0,0,0,0,0,0,0,0,0,0,0,0,0,0,0,0,0,,0,0,0,0,0,0,0,0,0,0,0,3.9,2.67,4.2,0,0,0,,0,0,0,,0,,0,0,0,0,0,0,0,,0,,0,,0,0,0,30.91,80,7.35,32,54,4.05,9.6,19,71,-9,15.71,1.35,0.08,0.08,27.16,100,4.75,1.05,0,0,0,0,0,0,0,,0,,0,35,65,0,71,29,0,34.25,39.73,0.8,82,5.47,27.35,32.49,1.05,1.1,0.05,65,63,2,0.74,3,43,6.9,1.98,0.15,0.15,24.94,-5,23,6,1.77,9,0.08,0.05,,,0.01,0.14
Jorge Soto,América de Cali,Primera A,2026,787,Goalkeeper,Colombia,33,01/08/93,0,0,0,,0,,,0,,0,0,0,0,0,0,0,0,0,0,0,0,0,0,0,0,0,,0,0,0,0,0,0,0,0,0,0,0,5.83,2.75,3.32,0,0,0,,0,0,0,,0,,0,0.11,0,0,0,0,0,,0,,0,,0.11,0,0,19.21,67,4.46,27,33,3.2,10.17,22,66,-1,11.63,0.69,0.11,0.11,17.49,100,5.21,0.46,0.11,0.11,0,0,0,0.11,0,0,0,,0,49,51,0,100,0,0,41.06,41.22,0.67,77,0.17,27.5,31.57,0.46,0.46,0,76,76,0,0.71,1.94,22,8.92,2.1,0,0,19.84,4,23,2,2.17,12,0.08,0.06,,,0.11,0.25
Jorman Campuzano,Atlético Nacional,Primera A,2026,2035,Left Defensive Midfielder,Colombia,30,29/04/96,0.04,0.04,0,0.02,0.13,33,33,0,,0,0.04,0.01,0.44,0.04,0.01,0.4,0,0,0.04,0.09,0.02,0.57,0.07,0.8,0.71,0.09,89,1.11,0,0.71,0.35,1.24,1.66,1.11,1.52,15.92,8.05,0.02,6.59,40.36,8.67,3.01,2.17,3.41,67,2.78,4.44,0.97,41,1.06,61,0.62,0,12.78,16.46,5,3.67,1.46,43.1,5.04,39,2.43,66,0.22,0,0.04,47.41,91,3.89,12,77,1.81,4.33,15,88,-3,44.72,5.7,0.4,0.4,42.5,98,6.02,7.08,0.27,0.27,0,0,0,0.27,0,0,0,0,0,17,73,10,31,68,1,20.67,18.93,0.98,100,-1.74,20.33,18.98,0,0,0,0,0,,0,0,,0,0,0,0,0,0,11,6,6,33,0.04,0.08,0.05,0,,0.16
Josen Escobar,América de Cali,Primera A,2026,2366,Left Defensive Midfielder,Colombia,22,11/12/04,0.08,0.08,0.02,0.03,0.8,10,33,1,,0.07,0.11,0.09,0.99,0.11,0.09,0.99,0,0,0,0.19,0.12,1.79,0.07,0.57,0.38,0.19,67,1.03,0,0.53,0.8,0.72,0.82,0.87,1.06,17.61,9.74,0.01,5.51,39.3,9.43,3.88,1.64,2.36,62,2.22,3.04,1.64,27,0.99,42,0.53,0,14.34,17.82,4.3,3.8,1.22,41.27,4.26,30,1.83,48,0.38,0.04,0,58.95,87,4.75,13,70,1.79,5.9,17,86,-1,47.85,7.04,0.47,0.52,47.96,98,4.24,12.02,0.76,0.76,0,0,0.38,1.14,0.19,5,0.04,14,0.08,19,73,8,20,77,3,20.37,19.11,0.96,99,-1.26,19.62,18.87,0,0,0,0,0,,0,0,,0,0,0,0,0,0,16,9,6.87,40,0.03,0.05,0,0.02,,0.09
Josy Pérez,Alianza Valledupar,Primera A,2026,479,Left Wing,Colombia,27,29/09/99,0,0,0.04,0.04,0.94,0,20,2,,0,0,0,0,0,0,0,0,0,0,0,0.04,0.94,-0.04,2.07,1.32,0.75,64,1.88,0,2.82,3.38,0.19,0.27,1.13,0.75,24.63,12.22,0.02,6.96,45.43,6.39,1.69,1.5,1.69,57,0.9,1.18,2.44,29,1.13,50,0.94,0,20.68,12.9,5.08,4.32,1.13,47.77,8.27,40,2.26,52,0,0,0,21.06,63,0.38,89,17,1.32,2.07,22,62,-1,52.77,3.2,0.1,0.1,26.51,79,8.21,4.51,0.75,0.56,0.19,0.19,1.69,2.26,0,50,0.38,15,0.19,36,51,13,46,38,17,19.75,14.11,0.86,97,-5.64,17.08,13.68,0,0,0,0,0,,0,0,,0,0,0,0,0,0,28,8,1.54,15,-0.04,0.05,0.01,-0.05,,-0.03
José Caldera,Deportivo Cali,Primera A,2026,1043,Left Centre Back,Colombia,24,03/02/02,0.09,0.09,0.05,0.06,0.78,11,11,0,,0.08,0.09,0.03,0.26,0.09,0.03,0.26,0,0,0,0.17,0.08,1.04,0.1,0.17,0.09,0.09,50,1.12,0,0.26,0.09,1.47,1.67,4.32,4.52,8.2,3.71,0.07,5.18,23.08,8.46,1.47,1.21,2.68,82,1.04,2.71,0.52,50,0.26,52,1.29,0,6.47,5.99,3.28,0.69,0.43,27.76,1.04,16,0.35,50,0.35,0,0,33.75,84,3.11,14,50,5.61,4.92,11,63,-21,36.48,1.64,0.34,0.38,25.81,99,3.8,1.81,0.09,0.09,0,0.09,1.73,1.81,0.09,0,0,0,0.17,25,73,2,29,71,0,24.48,27.58,0.9,82,3.1,21.98,22.68,0,0,0,0,0,,0,0,,0,0,0,0,0,0,14,4,2.23,16,0.09,0.03,0.05,0.02,,0.2
José Cavadia,América de Cali,Primera A,2026,484,Left Defensive Midfielder,Colombia,21,20/09/05,0,0,0.03,0.03,0.93,0,20,1,,0.04,0,0.02,0.56,0,0.01,0.37,0,0.01,0.19,0,0.04,1.49,-0.04,0.74,0.56,0.19,75,1.86,0,1.3,0.56,0.19,0.28,0.56,0.87,16.93,8.74,0.02,6.51,41.48,9.12,5.39,1.3,1.49,88,1.99,2.27,0.74,0,0.19,43,0.56,0,14.88,21.33,5.39,4.09,1.86,43.2,5.77,39,1.67,41,0.37,0,0.19,50.04,88,5.39,8,76,1.3,6.32,17,84,-4,49.08,5.95,0.24,0.25,45.76,96,4.1,9.12,0.74,0.19,0.56,0,0.37,0.56,0,0,0,0,0.19,12,78,10,22,69,8,21.12,18.72,0.98,101,-2.4,20.68,18.91,0,0,0,0,0,,0,0,,0,0,0,0,0,0,12,5,5.84,41,-0.01,0.05,-0.01,-0.01,,0.02
José García,Atlético Bucaramanga,Primera A,2026,1742,Left Centre Back,Colombia,23,13/06/03,0.05,0.05,0.05,0.07,0.72,7,14,0,,0.03,0.05,0.01,0.36,0.05,0.01,0.36,0,0,0,0.1,0.06,1.08,0.04,0.21,0.21,0,100,0.36,0,0.05,0.1,1.39,1.29,4.18,4.1,11.83,5.48,0.05,6.04,27.67,9.2,2.01,1.6,3,78,1.53,2.82,1.7,43,0.46,72,2.17,0.05,8.52,7.72,4.08,1.45,0.62,32.92,1.5,18,0.62,43,0.15,0,0.05,40.29,81,3.51,86,50,5.01,6.25,10,56,-25,35.71,1.86,0.31,0.34,31.2,100,4.71,2.79,0.36,0.31,0.05,0,1.45,1.76,0,29,0.1,40,0.05,36,60,4,35,54,11,22.96,22.82,0.9,97,-0.14,20.7,22.17,0,0,0,0,0,,0,0,,0,0,0,0,0,0,23,9,2.77,21,0.05,0.05,-0.07,-0.02,,0.01
José Ortiz,Independiente Medellín,Primera A,2026,1429,Right Centre Back,Colombia,28,15/11/98,0.19,0.19,0.03,0.06,0.57,33,56,0,,0.16,0,0.01,0.19,0,0.01,0.19,0,0,0,0.19,0.04,0.76,0.14,0.25,0.25,0,100,0.5,0,0.13,0.31,0.57,0.71,2.83,2.9,9.7,4.79,0.06,5.35,28.84,8.82,1.89,1.07,1.64,81,1.38,2.09,0.57,43,0.25,54,1.39,0.06,8.06,9.61,3.59,1.26,0.44,32.71,1.95,24,0.69,55,0.13,0,0.06,38.61,87,3.53,20,59,3.53,5.29,10,69,-18,39.34,3.65,0.34,0.36,30.36,99,3.93,4.35,0.13,0.13,0,0.13,1.51,1.64,0,0,0,,0.19,25,73,2,33,67,0,22.93,22.53,0.93,92,-0.4,21.21,20.8,0,0,0,0,0,,0,0,,0,0,0,0,0,0,18,9,4.86,25,0.07,0.04,-0.08,0.1,,0.12
José Ortiz,Atlético Bucaramanga,Primera A,2026,598,Right Centre Back,Colombia,28,15/11/98,0,0,0.01,0.04,0.3,0,50,0,,0.01,0,0.01,0.15,0,0,0,0,0.01,0.15,0,0.02,0.45,-0.02,0.15,0.15,0,100,0.45,0,0.15,0.3,1.05,0.7,2.56,2.54,10.39,5.57,0.08,5.87,25.19,8.73,2.56,1.2,2.26,53,1.21,1.91,1.35,45,1.05,64,1.05,0,7.83,6.68,3.91,1.2,0.75,30.05,1.51,19,0.45,38,0.15,0,0,32.21,83,3.16,15,55,3.61,4.67,11,73,-10,38.14,3.31,0.14,0.14,23.48,99,3.68,3.61,0.15,0,0.15,0,0.45,0.45,0,0,0,0,0,29,68,3,33,63,4,22.35,24.29,0.9,81,1.94,20.11,19.66,0,0,0,0,0,,0,0,,0,0,0,0,0,0,17,5,1.7,16,0.06,0.03,0,0,,0.08
Joyce Ossa,Deportivo Pasto,Primera A,2026,547,Left Centre Back,Colombia,28,13/05/98,0,0,0.02,0.03,0.66,0,25,1,,0,0,0.01,0.16,0,0.01,0.16,0,0,0,0,0.03,0.82,-0.03,0.49,0.16,0.33,33,0.49,0,0.16,0.82,1.81,1.7,3.62,3.8,9.88,4.11,0.03,4.44,25.3,7.08,1.98,2.14,3.95,81,2.25,3.95,1.65,63,0.49,69,1.48,0,6.25,6.88,2.8,0.82,0.33,30.35,0.99,16,0.49,60,0,0,0,44.27,82,2.63,89,41,3.95,6.09,8,59,-23,37.67,4.44,0.19,0.19,35.72,98,3.69,4.44,0,0,0,0,0,0,0,,0,0,0,30,66,3,48,52,0,21.43,17.86,0.9,105,-3.57,19.23,18.73,0,0,0,0,0,,0,0,,0,0,0,0,0,0,20,9,1.98,14,0.06,0.04,0.05,-0.03,,0.12
Juan Andrés Castilla Lozano,Llaneros,Primera A,2026,563,Centre Defensive Midfielder,Colombia,22,26/07/04,0,0,0.01,0.02,0.64,0,0,1,,0,0,0.03,0.32,0,0.03,0.32,0,0,0,0,0.04,0.96,-0.04,0.16,0,0.16,0,0.8,0,1.28,1.12,0.48,0.35,1.76,1.03,18.24,10.4,0.05,5.92,37.44,9.44,4.32,2.08,2.56,68,1.07,1.42,1.28,43,0.96,50,0.64,0,14.88,8.31,4.48,4.64,0.96,40.24,4.96,33,2.4,52,0.48,0,0,35.04,83,3.04,79,63,2.56,4,17,82,-1,47.76,4.32,0.3,0.32,28.64,93,4.41,5.76,0.16,0.16,0,0,0,0.16,0,0,0,,0,19,69,12,25,69,6,21.17,22.33,0.95,85,1.16,20.01,18.92,0,0,0,0,0,,0,0,,0,0,0,0,0,0,20,8,2.74,27,0.03,0.02,0.02,-0.02,,0.05
Juan Arcila,Jaguares de Córdoba,Primera A,2026,373,Left Back,Colombia,26,05/03/00,0,0,0,,0,,,0,,0,0.24,0.06,0.24,0.24,0.06,0.24,0,0,0,0.24,0.06,0.24,0.18,0.48,0.24,0.24,50,0.72,0,0.48,0.48,0.72,0.46,2.17,1.56,11.58,7.24,0.02,3.62,31.86,4.34,0.72,1.69,2.41,78,1.34,1.8,0.72,33,0.48,33,0.24,0,9.17,5.85,2.9,1.45,0.48,35.95,2.41,26,0.72,50,0.24,0,0,16.89,71,2.17,71,56,2.41,3.62,12,67,-5,44.31,1.93,0.21,0.27,15.21,94,5,2.17,0.48,0.48,0,0,0,0.48,0.24,50,0.24,14,0,31,58,11,22,67,11,21.17,10.77,0.87,130,-10.4,18.5,14.03,0,0,0,0,0,,0,0,,0,0,0,0,0,0,30,9,1.93,18,0.14,0.02,-0.01,,,0.15
Juan Avalo,Rionegro,Primera A,2026,1089,Centre Attacking Midfielder,Colombia,25,29/09/01,0,0,0.17,0.09,1.9,0,17,2,,0.06,0.17,0.15,1.49,0.08,0.13,1.24,0.08,0.03,0.25,0.17,0.32,3.39,-0.15,2.73,1.57,1.16,58,1.16,0,1.82,2.89,0.66,0.79,0.25,0.34,19.93,9.43,0,5.13,55.74,7.61,5.04,0.99,1.65,71,0.99,1.78,1.49,17,0.41,44,0.58,0.08,17.45,17.78,4.46,4.13,1.24,57.09,11.33,65,3.56,86,0.25,0,0.08,34.56,85,2.07,13,68,0.83,2.48,20,84,-2,60.27,6.04,0.48,0.64,37.21,90,6.34,13.81,1.32,0.91,0.41,0.25,2.23,3.14,0.17,13,0.25,33,0.33,15,66,19,22,62,17,17.84,17.04,0.95,102,-0.81,16.96,17.36,0,0,0,0,0,,0,0,,0,0,0,0,0,0,18,10,7.84,51,0.06,0.11,0.01,-0.09,,0.09
Juan Camilo Castillo Andrade,Fortaleza CEIF,Primera A,2026,599,Left Back,Colombia,24,02/10/02,0,0,0.03,0.03,0.9,0,0,1,,0,0,0.01,0.15,0,0.01,0.15,0,0,0,0,0.03,1.05,-0.03,1.5,0.9,0.6,60,0.3,0,2.1,1.95,0.75,0.59,1.95,1.94,10.67,5.71,0,3.61,36.63,9.92,3.31,0.9,1.65,75,0.75,1.35,1.2,33,0.3,73,1.2,0,8.57,8.15,2.71,1.8,0.6,40.08,2.56,30,1.2,67,0,0,0,30.07,72,2.26,90,36,2.56,5.71,8,57,-15,48.31,4.51,0.17,0.18,26.76,87,5.59,5.56,1.35,0.75,0.6,0.15,0.45,1.2,0,11,0.15,7,0.15,27,62,11,32,57,11,21.88,21.83,0.84,88,-0.05,18.39,19.14,0,0,0,0,0,,0,0,,0,0,0,0,0,0,27,11,2.77,26,0.05,0.05,0,-0.03,,0.07
Juan Camilo Chaverra,Alianza Valledupar,Primera A,2026,589,Goalkeeper,Colombia,34,11/12/92,0,0,0,,0,,,0,,0,0,0,0,0,0,0,0,0,0,0,0,0,0,0,0,0,,0,0,0,0,0,0,0,0,0.15,0.31,0,5.5,3.42,2.9,0,0,0,0,0,0,0,100,0.15,,0,0.15,0.15,0.16,0,0,0,3.24,0,0,0,,0,0,0,19.09,86,5.35,7,61,2.9,5.8,18,76,-10,10.29,0.46,0.02,0.02,17.57,100,4.02,0.15,0,0,0,0,0,0,0,,0,,0,31,69,0,100,0,0,31.13,35.72,0.88,89,4.59,27.52,31.65,1.68,1.34,-0.34,54,63,-9,0.95,3.67,44,8.25,2.39,0.31,0.31,16.07,2,12,4,0.79,6,0.03,0.06,,,-0.53,-0.44
Juan Camilo Mosquera,Atlético Bucaramanga,Primera A,2026,750,Left Wing,Colombia,24,13/07/02,0.12,0.12,0.16,0.14,1.2,10,20,2,,0.12,0.12,0.19,1.56,0.12,0.19,1.56,0,0,0,0.24,0.36,2.76,-0.12,1.92,1.32,0.6,69,1.44,0,2.52,3.48,0.96,0.97,0,0,17.52,8.28,0.01,5.4,55.48,5.28,2.76,2.04,3,85,2.41,3.38,0.48,50,0.36,73,1.92,0,15.12,15.56,4.8,3.12,1.44,56.74,9.12,60,2.4,77,0.24,0,0,24.36,66,0.72,79,55,0.12,1.2,27,61,-6,61.3,1.92,0.26,0.51,23.04,81,5.1,8.52,1.08,0.96,0.12,0.6,5.52,6.48,0,22,0.36,21,0.48,13,70,17,3,80,17,15.79,12.87,1,95,-2.92,15.72,12.27,0,0,0,0,0,,0,0,,0,0,0,0,0,0,32,9,4.87,30,-0.06,0.06,0.02,0,,0.02
Juan Castaño,Once Caldas,Primera A,2026,1383,Right Centre Back,Colombia,28,28/08/98,0,0,0.02,0.05,0.39,0,33,0,,0.02,0,0,0.13,0,0,0.07,0,0,0.07,0,0.02,0.52,-0.02,0.26,0.26,0,100,0.13,0,0.13,0,0.65,0.8,6.51,7.26,11.13,4.75,0.11,6.77,21.51,9.11,1.82,1.76,2.41,75,2.23,3.03,0.98,31,0.59,54,2.54,0.07,8.4,9.79,3.77,0.98,0.52,26.49,1.17,14,0.33,33,0.33,0,0.07,33.45,81,4.36,16,57,7.68,6.44,12,60,-22,34.69,2.34,0.25,0.26,25.58,99,4.15,2.41,0.2,0.2,0,0,0.72,0.91,0,0,0,0,0,29,67,4,54,43,3,26.73,28.82,0.9,95,2.09,24.01,27.23,0,0,0,0,0,,0,0,,0,0,0,0,0,0,21,9,3.03,18,0.05,0.03,-0.02,-0.02,,0.04
Juan Ceballos,Cúcuta Deportivo,Primera A,2026,812,Left Defensive Midfielder,Colombia,28,30/12/98,0,0,0.01,0.02,0.67,0,17,1,,0.02,0,0.02,0.67,0,0.02,0.67,0,0,0,0,0.03,1.33,-0.03,0.33,0.11,0.22,33,1.44,0,0.89,1,0.33,0.12,1.33,0.62,16.3,8.65,0.02,4.21,40.71,6.65,2.99,1.88,2.22,100,1.39,1.52,1,100,0,33,0.44,0,13.53,10.86,3.77,2.88,0.78,42.7,4.66,34,1.77,62,0,0,0,40.8,84,2.66,86,57,1.77,4.21,12,83,-1,47.14,3.66,0.2,0.2,36.48,95,4.25,6.32,0.55,0.55,0,0,0.33,0.89,0.11,0,0,0,0,16,72,12,19,65,16,18.72,16.63,0.95,102,-2.08,17.78,17.04,0,0,0,0,0,,0,0,,0,0,0,0,0,0,20,7,3.81,26,-0.02,0.04,0.05,0,,0.08
Juan Cuesta,Once Caldas,Primera A,2026,2757,Right Back,Colombia,29,20/11/97,0,0,0.03,0.04,0.85,0,27,1,,0.01,0.26,0.13,1.21,0.26,0.13,1.18,0,0,0.03,0.26,0.16,2.06,0.1,0.26,0.16,0.1,63,0.75,0,0.36,0.62,0.98,1.05,2.61,2.78,9.63,4.47,0.01,3.89,31.48,8.68,3.36,1.4,2.38,74,1.69,2.74,0.56,66,0.49,68,0.88,0,7.67,8.72,2.84,1.18,0.36,37.33,2.22,29,0.75,64,0.03,0,0,40.19,85,2.02,12,54,3.23,3.1,10,76,-9,55.54,3.59,0.35,0.41,32.29,98,3.97,14.37,0.98,0.98,0,0.36,2.25,3.23,0.03,53,0.98,44,0.46,20,64,16,15,62,23,17.7,18.55,0.94,94,0.85,16.68,17.39,0,0,0,0,0,,0,0,,0,0,0,0,0,0,19,10,5.68,33,0.13,0.08,0.04,-0.03,,0.22
Juan David Ríos,Junior,Primera A,2026,2133,Right Defensive Midfielder,Colombia,35,06/10/91,0,0,0.01,0.04,0.13,0,0,0,,0,0,0.02,0.46,0,0.01,0.42,0,0.01,0.04,0,0.02,0.59,-0.02,0.08,0.04,0.04,50,1.35,0,0.68,0.25,0.76,0.87,1.05,1.05,26.41,15.06,0.02,8.02,39.84,9.2,3.71,2.87,3.63,69,3.17,4.04,3.25,15,1.27,48,0.51,0.04,20.34,20.48,6.45,4.56,1.65,41.9,6.92,34,2.53,56,0.42,0,0,44.34,85,3.8,13,69,1.56,4.98,14,75,-10,48.53,5.7,0.34,0.34,35.48,98,4.05,8.94,0.3,0.21,0.08,0,0.08,0.3,0,14,0.08,40,0,27,68,6,32,67,2,20.02,18.08,0.96,97,-1.94,19.21,17.46,0,0,0,0,0,,0,0,,0,0,0,0,0,0,17,6,4.82,31,0.05,0.06,0.03,0,,0.13
Juan Dinenno,Deportivo Cali,Primera A,2026,1603,Centre Forward,Argentina,32,27/08/94,0.11,0.11,0.21,0.11,1.97,6,29,4,,0.16,0.11,0.1,0.9,0.11,0.1,0.9,0,0,0,0.22,0.31,2.86,-0.08,0.39,0.22,0.17,57,1.29,0,1.63,2.64,0.45,0.43,1.68,1.74,17.18,8.7,0,4.44,60.83,2.41,1.52,0.45,0.9,57,0.57,1,1.24,25,0.34,52,2.86,0,15.5,16.87,3.93,2.36,0.56,66.58,12.64,82,2.08,88,0.28,0,0,15.84,71,0.62,9,61,1.91,0.79,31,60,-11,61.68,0.84,0.25,0.51,13.82,78,4.04,5.28,0.34,0.34,0,0.39,5.17,5.5,0.06,17,0.17,38,0.73,11,69,20,10,76,15,14.61,13.22,1.03,99,-1.39,15.09,13.08,0,0,0,0,0,,0,0,,0,0,0,0,0,0,29,9,3.48,22,-0.01,-0.04,0.02,-0.03,,-0.06
Juan Duque,Atlético Nacional,Primera A,2026,2004,Centre Attacking Midfielder,Colombia,21,01/04/05,0.31,0.31,0.14,0.05,2.61,12,41,2,,0.28,0.31,0.18,2.43,0.13,0.11,1.8,0.18,0.07,0.63,0.63,0.32,5.03,0.31,0.99,0.72,0.27,73,1.21,0,2.11,2.11,0.49,0.68,0.45,0.55,20.71,10.24,0.02,5.52,52.57,8.04,4.54,1.3,1.8,48,1.66,2.35,1.62,16,1.39,36,0.36,0.09,17.83,22.47,4.49,4.9,1.35,53.65,10.6,59,3.41,70,0.22,0,0.04,42.31,80,4.54,82,61,1.21,6.65,18,74,-6,58.5,6.15,0.58,0.74,42.22,91,4.59,14.42,2.69,1.53,1.17,0.31,2.83,4.36,0.27,15,0.49,46,0.49,14,72,14,17,71,12,21.31,18.49,0.95,99,-2.82,20.14,18.25,0,0,0,0,0,,0,0,,0,0,0,0,0,0,20,7,9.92,50,0.1,0.09,0.02,0.11,,0.32
Juan Díaz,Boyacá Chicó,Primera A,2026,2298,Left Defensive Midfielder,Colombia,25,19/05/01,0.04,0.04,0.02,0.06,0.27,14,57,0,,0.04,0,0.03,0.55,0,0.02,0.47,0,0,0.08,0.04,0.04,0.82,0,0.27,0.2,0.08,71,0.78,0,0.78,0.43,0.94,0.76,0.86,0.48,15.94,8.22,0.02,5.09,40.42,8.3,3.84,1.17,2.11,71,0.94,1.7,1.06,43,0.47,46,0.43,0,13.7,9.93,4.03,3.17,0.94,42.22,4.62,34,1.61,51,0.2,0,0,41.47,88,3.6,9,70,1.33,4.66,15,85,-2,48.65,6.11,0.28,0.31,35.05,97,4.55,8.61,0.23,0.16,0.08,0,0.2,0.35,0.12,0,0,,0,20,72,8,26,71,3,20.13,17.62,0.96,100,-2.51,19.4,17.59,0,0,0,0,0,,0,0,,0,0,0,0,0,0,15,8,3.76,35,0.03,0.06,0.01,0.01,,0.11
Juan Esteban Franco Caicedo,Jaguares de Córdoba,Primera A,2026,570,Right Back,Colombia,24,01/01/02,0,0,0.01,0.04,0.32,0,50,1,,0.02,0,0.02,0.32,0,0.02,0.32,0,0,0,0,0.03,0.63,-0.03,0.95,0.47,0.47,50,0.63,0,1.1,1.1,0.79,0.59,1.58,1.17,9.31,3.63,0.01,3.95,26.32,5.05,1.1,1.26,2.05,80,0.87,1.46,0.95,60,0.32,71,0.79,0,7.26,5,3,0.79,0,30.8,1.89,26,0.47,60,0.16,0,0,26.2,75,1.89,11,38,2.05,4.58,13,60,-15,48.32,2.68,0.09,0.11,23.83,92,3.6,5.68,1.1,0.95,0.16,0,0.32,1.26,0.16,57,0.63,44,0,27,57,16,19,58,22,22.21,19.78,0.86,79,-2.43,19.1,15.72,0,0,0,0,0,,0,0,,0,0,0,0,0,0,27,9,2.37,21,0.07,0.04,0.01,-0.01,,0.11
Juan José Mera,Deportes Tolima,Primera A,2026,965,Left Centre Back,Colombia,24,11/03/02,0,0,0,,0,,,0,,0,0,0.01,0.19,0,0.01,0.19,0,0,0,0,0.01,0.19,-0.01,0.19,0.09,0.09,50,0.56,0,0.09,0.19,1.03,1.33,3.08,4.16,8.49,3.92,0.11,4.85,25.2,7.27,1.12,1.31,2.33,100,1.61,2.94,1.12,100,0,47,0.84,0,6.06,8.1,3.08,1.12,0.37,29.22,1.4,23,0.37,33,0.19,0,0,46.54,91,3.26,21,61,3.73,4.66,10,85,-6,35.7,2.98,0.55,0.56,36.37,99,3.85,2.89,0,0,0,0,0.19,0.19,0,,0,,0,29,69,3,52,48,0,20.02,18.59,0.93,103,-1.43,18.64,19.08,0,0,0,0,0,,0,0,,0,0,0,0,0,0,13,9,5.03,30,0.07,0.06,0.04,,,0.16
Juan Loaiza,Llaneros,Primera A,2026,444,Goalkeeper,Colombia,24,19/08/02,0,0,0,,0,,,0,,0,0,0,0,0,0,0,0,0,0,0,0,0,0,0,0,0,,0,0,0,0,0,0,0.2,0.04,0.61,0.2,0,8.31,2.06,3.85,0,0,0,,0,0,0,100,0,,0,0,0.61,0.78,0.41,0,0,5.29,0,0,0,,0.2,0,0,13.37,62,3.65,7,31,1.22,10.74,13,53,-8,10.95,0.41,0.03,0.03,11.75,100,6.03,0,0,0,0,0,0,0,0,,0,,0,54,45,1,,,,40.22,33.16,0.67,71,-7.06,27,23.43,0.81,1,0.19,78,73,5,1.41,3.65,26,13.98,2.14,0.2,0.2,15.09,0,31,3,0.89,8,0.05,0.08,0,,0.07,0.21
Juan Montoya,Llaneros,Primera A,2026,1168,Right Centre Midfielder,Colombia,24,23/05/02,0.08,0.08,0.11,0.07,1.62,5,24,1,,0.18,0.15,0.16,2,0.08,0.11,1.46,0.08,0.05,0.54,0.23,0.28,3.62,-0.05,0.85,0.62,0.23,73,1.08,0,1.16,2,0.85,0.89,0.31,0.2,20.88,11.87,0.01,6.24,52.39,9.63,4.55,1.39,2.23,64,1.24,2.13,0.69,17,0.77,0,0,0,18.8,16.81,5.7,4.16,1.08,53.16,10.56,56,2.7,65,0.23,0,0,42.46,81,5.7,10,65,1,8.09,16,74,-6,58.32,6.55,0.35,0.46,41.61,94,5.1,14.8,2.23,1.31,0.92,0.15,2.47,3.78,0,14,0.54,41,0.46,16,72,13,20,72,8,22.19,17.97,0.95,106,-4.22,21.18,19.06,0,0,0,0,0,,0,0,,0,0,0,0,0,0,19,7,6.75,57,0.03,0.08,0.01,0.04,,0.16
Juan Pablo Nieto,Deportes Tolima,Primera A,2026,678,Right Defensive Midfielder,Colombia,33,24/02/93,0,0,0.09,0.09,0.93,0,14,1,,0.02,0.13,0.04,0.8,0.13,0.04,0.8,0,0,0,0.13,0.12,1.73,0.01,0.27,0.13,0.13,50,0.53,0,0.66,0.8,0.66,0.68,0.53,0.58,18.98,11.55,0.05,5.97,44.47,7.7,3.85,0.93,1.59,41,1.16,1.84,0.93,25,1.33,14,0.13,0,17.13,17.38,4.91,3.98,0.53,46.34,7.57,44,2.92,73,0.27,0,0,49.65,87,1.73,13,52,1.06,2.79,13,80,-7,48.63,6.11,0.36,0.4,43.01,97,4.35,9.96,0.66,0.66,0,0.13,1.33,1.99,0,0,0,0,0.27,20,71,8,28,68,4,17.94,17.68,0.95,92,-0.26,17.09,16.33,0,0,0,0,0,,0,0,,0,0,0,0,0,0,15,8,5.24,39,-0.01,0.08,0.03,-0.04,,0.05
Juan Patiño,Once Caldas,Primera A,2026,578,Left Back,Colombia,28,09/09/98,0,0,0.02,0.02,1.09,0,14,1,,0,0,0.05,0.62,0,0.05,0.62,0,0,0,0,0.07,1.71,-0.07,0.62,0,0.62,0,0.31,0,0.78,0.93,0.93,1.04,1.71,1.95,11.36,6.38,0.03,5.14,35.32,8.09,4.05,1.71,2.65,61,2.28,3.32,0.93,57,1.09,70,1.09,0,8.72,11.28,3.58,1.56,0.78,35.47,2.49,29,1.4,90,0.16,0,0,37.05,84,2.33,82,58,2.49,3.27,10,69,-15,52.13,5.14,0.13,0.2,32.69,96,4.63,9.34,1.25,1.25,0,0.16,2.18,3.42,0.16,50,0.78,42,0.16,25,68,7,20,72,8,18.08,19.97,0.95,99,1.89,17.11,19.75,0,0,0,0,0,,0,0,,0,0,0,0,0,0,21,9,3.36,19,0.12,0.05,0.15,-0.05,,0.27
Juan Pertuz,Llaneros,Primera A,2026,1240,Right Back,Colombia,22,03/09/04,0,0,0.01,0.03,0.29,0,25,0,,0,0,0,0.15,0,0,0.07,0,0,0.07,0,0.01,0.44,-0.01,0.51,0.36,0.15,71,1.74,0,0.94,0.58,1.45,1.28,2.9,2.26,17.49,8.06,0.01,7.77,34.21,7.33,2.11,2.83,4.28,83,1.97,3.26,1.38,50,0.58,54,1.45,0,13.36,9.55,5.66,2.47,0.94,36.16,3.63,27,1.6,65,0.29,0.15,0,23.37,75,1.31,8,55,3.48,1.81,14,54,-21,48.27,2.54,0.12,0.12,20.25,93,4.55,3.27,0.65,0.15,0.51,0,0.65,0.8,0,11,0.15,17,0.07,33,59,8,49,42,9,19.53,20.85,0.95,91,1.32,18.49,18.91,0,0,0,0,0,,0,0,,0,0,0,0,0,0,24,6,2.33,20,0.04,0.04,0.04,-0.01,,0.11
Juan Quiceno,Boyacá Chicó,Primera A,2026,1880,Left Back,Colombia,22,29/08/04,0,0,0.01,0.02,0.67,0,36,1,,0.01,0,0.08,0.96,0,0.03,0.53,0,0.05,0.43,0,0.1,1.63,-0.1,1.01,0.67,0.34,67,0.72,0,1.15,0.57,0.57,0.49,1.77,1.08,12.88,6.51,0.02,3.93,34.89,6.56,2.35,1.58,2.15,72,1.22,1.7,0.91,21,0.62,50,0.57,0,10.39,8.08,3.16,1.77,0.53,38.65,3.26,31,1.1,62,0.1,0,0,29.82,78,2.73,88,44,2.78,5.17,13,71,-7,49.69,3.83,0.14,0.16,27.62,94,4.85,6.61,1.87,1.01,0.86,0,0.43,1.44,0,33,0.67,32,0,25,62,13,23,57,20,21.23,22.14,0.87,84,0.91,18.46,18.57,0,0,0,0,0,,0,0,,0,0,0,0,0,0,25,9,3.9,34,0.12,0.04,0.05,-0.02,,0.19
Juan Ramírez,Cúcuta Deportivo,Primera A,2026,539,Goalkeeper,Colombia,29,08/01/97,0,0,0,,0,,,0,,0,0,0,0,0,0,0,0,0,0,0,0,0,0,0,0,0,,0.5,0,0,0,0,0,0,0,0.17,0.17,0,9.68,2.94,4.67,0,0,0,,0,0,0,100,0,,0,0,0.17,0.14,0.17,0,0,11.36,0,0,0,,0.17,0,0,20.86,68,8.84,14,48,2.67,15.85,14,61,-8,9.69,0.33,0.01,0.01,19.36,100,6.1,0.33,0,0,0,0,0,0,0,,0,,0,49,51,1,100,0,0,41.4,39.35,0.79,88,-2.05,32.6,34.64,2.17,1.84,-0.33,61,67,-6,1.4,5.51,35,15.85,1.8,0,0,13.36,1,26,4,0.65,6,0.07,0.09,,,-0.12,0.04
Juan Roa,Rionegro,Primera A,2026,1130,Right Defensive Midfielder,Colombia,32,13/11/94,0,0,0.06,0.06,0.96,0,0,1,,0,0,0.03,0.64,0,0.03,0.64,0,0,0,0,0.09,1.59,-0.09,0.56,0.4,0.16,71,0.56,0,0.72,0.48,0.88,0.69,1.35,1.26,21.43,10.91,0.03,7.25,40.4,10.83,5.58,2.23,3.11,82,1.98,2.67,2.79,50,0.48,53,1.35,0.08,16.41,13.58,5.97,4.7,1.43,41.9,4.86,30,2.47,53,0.24,0,0,41.18,82,2.07,14,50,1.83,3.66,17,80,-2,47.05,4.3,0.39,0.43,31.86,97,4.95,7.25,0.88,0.88,0,0,1.19,2.07,0,0,0,0,0,23,70,7,29,68,3,20.28,17.9,0.93,94,-2.38,18.78,16.79,0,0,0,0,0,,0,0,,0,0,0,0,0,0,18,8,4.18,32,0.04,0.06,0.04,-0.06,,0.07
Juan Torres,Deportes Tolima,Primera A,2026,1394,Centre Attacking Midfielder,Colombia,22,21/06/04,0.45,0.32,0.24,0.09,2.58,13,38,2,67,0.22,0.26,0.27,2.45,0.26,0.25,1.87,0,0.02,0.58,0.58,0.51,5.04,0.07,1.61,1.16,0.45,72,1.29,0.06,1.61,2.52,0.52,0.72,0.13,0.09,16.66,8.52,0.01,4.91,59.61,5.23,3.36,1.1,1.61,77,1.32,2.04,0.77,50,0.32,10,0.06,0,14.79,17.69,4.26,4.13,1.61,59.96,10.52,71,2.97,72,0.32,0,0,43.52,77,2.39,15,45,0.77,4.71,16,75,-3,60.93,7.04,0.72,0.99,43.78,92,4.29,16.98,2.84,2.13,0.71,0.45,4.26,6.39,0.26,9,0.45,32,0.77,20,66,15,25,65,10,18.79,16.41,0.92,94,-2.37,17.28,15.47,0,0,0,0,0,,0,0,,0,0,0,0,0,0,22,10,8.96,54,0.07,0.13,0.06,0.02,,0.28
Juan Viveros,Alianza Valledupar,Primera A,2026,2106,Left Centre Back,Colombia,23,25/11/03,0,0,0.04,0.1,0.34,0,13,0,,0,0,0.01,0.17,0,0.01,0.17,0,0,0,0,0.05,0.51,-0.05,0.26,0.13,0.13,50,0.9,0,0.21,0.47,0.6,0.43,4.36,3.18,9.36,3.98,0.04,5.86,23.26,8.29,1.28,1.45,2.05,87,1.17,1.61,0.68,64,0.21,66,1.5,0.09,7.27,5.59,3.76,0.9,0.64,27.95,1.03,14,0.34,38,0.04,0,0,34.28,88,1.92,9,52,5,3.03,12,79,-9,35.78,1.58,0.23,0.26,28.42,98,4.08,1.92,0.04,0.04,0,0.09,1.11,1.15,0.09,100,0.04,100,0.17,30,67,3,47,49,4,20.18,21.05,0.93,95,0.87,18.79,19.96,0,0,0,0,0,,0,0,,0,0,0,0,0,0,16,7,2.15,17,0.04,0.04,0.04,-0.04,,0.08
Juan Zapata,Atlético Nacional,Primera A,2026,1083,Left Defensive Midfielder,Colombia,26,18/05/00,0,0,0.06,0.05,1.16,0,43,1,,0.05,0,0.03,0.42,0,0.03,0.42,0,0,0,0,0.09,1.58,-0.09,0.42,0.25,0.17,60,0.5,0,0.42,0.42,0.42,0.49,0.66,0.83,17.21,9.14,0.01,6.32,44.2,6.98,3.32,2.24,2.66,77,3.12,3.62,1.33,53,0.66,30,0.5,0,13.63,17.22,4.99,2.74,0.75,46.2,5.9,43,1.41,52,0.42,0,0.08,47.13,89,4.41,16,76,1.75,4.74,17,88,-1,46.95,5.65,0.56,0.58,41.31,98,4.24,7.65,0.08,0.08,0,0.17,0.91,1,0.08,0,0,,0.17,19,70,11,27,66,7,21.36,20.92,0.97,100,-0.44,20.78,20.85,0,0,0,0,0,,0,0,,0,0,0,0,0,0,16,10,7.27,36,0.01,0.05,0.05,-0.02,,0.08
Julián Angulo,Millonarios,Primera A,2026,616,Right Wing Back,Colombia,24,13/05/02,0,0,0.12,0.12,1.02,0,14,2,,0.01,0,0.25,1.31,0,0.25,1.31,0,0,0,0,0.36,2.34,-0.36,3.21,2.19,1.02,68,1.02,0,3.65,2.05,1.02,0.53,0.29,0.19,20.01,10.37,0,4.82,52.93,7.16,3.65,2.19,3.21,75,2.45,2.98,1.02,29,0.73,38,0.44,0,16.8,14.51,3.94,3.51,0.88,55.1,9.35,56,3.07,88,0.29,0,0,26.29,81,0.44,60,38,0.29,1.17,20,79,-3,63.81,3.51,0.48,0.84,31.7,82,7.02,12.12,1.02,1.02,0,1.17,5.26,6.28,0,0,0.88,55,1.75,13,76,12,11,82,7,14.92,13.33,1.01,108,-1.59,15,14.35,0,0,0,0,0,,0,0,,0,0,0,0,0,0,26,15,5.48,33,0.09,0.15,0.02,-0.08,,0.18
Julián Bazán,Deportivo Pereira,Primera A,2026,698,Left Centre Back,Colombia,21,24/11/05,0,0,0.01,0.04,0.26,0,50,0,,0.01,0,0,0.26,0,0,0.26,0,0,0,0,0.01,0.52,-0.01,0.26,0.13,0.13,50,0.9,0,0.13,0.39,1.03,0.56,3.61,2.02,14.31,8.9,0.08,5.67,27.94,4.9,0.9,1.68,2.71,72,0.97,1.52,1.29,17,0.64,58,0.9,0,11.47,6.34,4.25,1.16,0.39,31.15,2.32,20,0.64,56,0.13,0,0,35.71,86,3.74,23,62,4.64,5.03,14,85,-1,33.89,2.06,0.09,0.1,30.94,99,4.93,2.32,0.13,0.13,0,0,0.26,0.39,0,0,0,,0,24,71,5,28,72,0,23.57,24.93,0.94,97,1.36,22.09,24.1,0,0,0,0,0,,0,0,,0,0,0,0,0,0,14,6,1.55,18,0.01,0.05,0.15,-0.01,,0.21
Julián Quiñónes,Deportivo Cali,Primera A,2026,800,Centre Back,Colombia,37,04/11/89,0.11,0.11,0.05,0.11,0.45,25,25,0,,0.11,0,0,0.11,0,0,0.11,0,0,0,0.11,0.05,0.56,0.06,0.23,0.11,0.11,50,0.34,0,0.11,0.34,0.9,0.88,6.19,6.85,5.51,2.36,0.09,3.6,22.72,10.46,1.58,0.79,1.69,70,0.91,1.79,0.68,50,0.34,86,4.16,0,4.05,4.05,1.58,0.9,0.34,25.99,0.34,8,0.34,38,0.23,0,0,27.68,75,2.59,13,46,6.98,4.84,12,43,-31,35.79,1.91,0.14,0.14,16.54,99,3.49,1.91,0.11,0.11,0,0,1.58,1.69,0,0,0,0,0,31,67,2,35,59,6,26.35,25.88,0.91,92,-0.47,23.97,23.79,0,0,0,0,0,,0,0,,0,0,0,0,0,0,20,4,2.52,17,0.03,0.03,0.05,0.06,,0.16
Julián Quiñónes,Deportivo Pasto,Primera A,2026,311,Right Centre Back,Colombia,37,04/11/89,0,0,0.02,0.08,0.29,0,0,0,,0,0,0.02,0.29,0,0.02,0.29,0,0,0,0,0.04,0.58,-0.04,0,0,0,,0,0,0,0,2.6,3.12,4.92,6.1,4.92,1.74,0.08,3.18,23.47,8.97,1.45,0.87,3.47,100,0.62,3.74,0.58,,0,67,2.89,0,3.47,3.86,2.02,0.29,0.29,27.59,0.87,25,0,0,0.29,0,0,38.47,87,3.47,16,52,6.07,5.5,13,67,-20,31.75,1.16,0.12,0.12,28.92,99,2.84,1.16,0.58,0.58,0,0,0.58,1.16,0,0,0,,0,30,65,4,50,50,0,23.46,26.38,0.9,75,2.92,21,19.82,0,0,0,0,0,,0,0,,0,0,0,0,0,0,18,10,1.85,19,0.03,-0.01,-0.02,-0.03,,-0.02
Junior Hernández,Deportes Tolima,Primera A,2026,1472,Left Back,Colombia,27,04/04/99,0.06,0.06,0.06,0.05,1.1,6,44,1,,0.03,0.12,0.07,0.98,0.12,0.06,0.73,0,0.01,0.24,0.18,0.13,2.08,0.05,1.04,0.73,0.31,71,0.55,0,0.67,0.98,0.55,0.57,1.96,1.89,11.93,5.75,0,4.46,33.2,7.4,2.08,1.1,1.65,82,1.39,1.96,1.04,56,0.24,56,0.55,0,9.79,11.59,3.61,1.65,0.73,36.18,2.14,22,0.92,56,0,0,0.12,31.13,77,2.87,87,45,2.32,5.99,9,64,-13,49.02,2.94,0.32,0.4,28.62,95,4.62,6.73,1.16,0.67,0.49,0.06,1.35,2.02,0,26,0.67,35,0.24,25,66,9,24,66,10,20.77,17.89,0.9,92,-2.88,18.61,16.41,0,0,0,0,0,,0,0,,0,0,0,0,0,0,21,9,4.42,29,0.13,0.06,0.02,-0.03,,0.17
Junior Noguera,Rionegro,Primera A,2026,350,Right Wing,Paraguay,24,07/05/02,0,0,0.18,0.09,2.06,0,25,2,,0.19,0,0.1,2.31,0,0.05,1.54,0,0.05,0.77,0,0.28,4.37,-0.28,2.31,1.03,1.29,44,1.54,0,3.6,3.34,0.26,0.36,0,0,13.12,5.66,0,3.09,52.48,5.92,3.09,1.29,1.54,83,1.95,2.31,0.51,0,0.26,100,0.26,0,11.32,16.54,3.09,2.83,1.03,51.22,6.17,55,2.06,73,0,0,0,42.43,74,2.83,88,48,0.51,5.4,23,65,-9,60.33,6.43,0.62,0.78,46.81,87,6,13.37,2.57,1.29,1.29,0.26,2.83,4.11,0.26,20,0.51,25,0.26,15,65,20,17,60,23,18.87,15.7,0.91,99,-3.16,17.2,15.61,0,0,0,0,0,,0,0,,0,0,0,0,0,0,26,6,10.13,56,0.11,0.09,0.02,-0.03,,0.2
Jáder Maza,Jaguares de Córdoba,Primera A,2026,1273,Left Wing,Colombia,32,03/11/94,0.07,0.07,0.06,0.06,0.92,8,31,1,,0.04,0,0.06,0.57,0,0.05,0.49,0,0.01,0.07,0.07,0.11,1.48,-0.04,0.57,0.21,0.35,38,0.42,0,0.49,0.85,0.85,0.79,1.2,0.92,13.57,6.36,0,4.1,38.88,4.74,1.77,1.13,1.98,73,0.95,1.74,1.27,44,0.42,17,0.28,0.07,11.17,9.4,3.46,2.54,0.92,42.25,3.6,32,1.98,78,0.21,0,0,30.11,78,1.56,94,43,1.77,3.04,16,70,-8,50.22,3.04,0.25,0.29,28.06,96,4.52,6.57,0.64,0.49,0.14,0.14,1.34,1.84,0,22,0.42,30,0.14,21,63,16,17,63,19,19.08,19.82,0.88,82,0.74,16.86,16.32,0,0,0,0,0,,0,0,,0,0,0,0,0,0,26,13,4.06,34,0.03,0.06,-0.05,-0.01,,0.03
Jáder Obrian,Santa Fe,Primera A,2026,640,Right Wing,Colombia,31,17/05/95,0.14,0.14,0.13,0.13,0.98,14,43,2,,0.32,0,0.05,0.84,0,0.05,0.84,0,0,0,0.14,0.18,1.83,-0.04,0.7,0.42,0.28,60,1.13,0.14,1.69,1.97,0.42,0.37,0.28,0.21,18.43,8.86,0,5.06,47.89,7.03,2.81,0.56,0.98,44,0.37,0.74,1.41,0,0.7,22,0.28,0,16.46,13.46,4.64,3.52,1.13,46.7,7.17,44,2.25,64,0.14,0,0,26.02,70,1.27,15,60,0.7,1.69,24,74,4,56.88,2.11,0.39,0.54,26.73,88,4.85,7.03,0.84,0.84,0,0.56,3.52,4.36,0,17,0.56,24,0.42,16,66,17,6,72,22,17.53,16.23,0.96,102,-1.29,16.75,16.54,0,0,0,0,0,,0,0,,0,0,0,0,0,0,26,12,3.01,19,0.06,0.17,0,0.05,,0.28
Jáider Riquett,Once Caldas,Primera A,2026,703,Left Centre Back,Colombia,36,09/05/90,0,0,0.04,0.09,0.38,0,0,0,,0,0,0.01,0.38,0,0.01,0.38,0,0,0,0,0.05,0.77,-0.05,0,0,0,,0.77,0,0,0.26,0.38,0.37,4.48,5.05,8.96,4.61,0.1,5.89,25.64,7.3,1.66,1.02,1.41,67,1.41,1.77,1.28,33,0.51,50,1.15,0,6.66,8.21,3.84,1.28,0.77,32.16,1.66,25,0.64,50,0.13,0,0,27.52,83,1.79,84,40,5.12,3.84,9,67,-17,34.47,1.92,0.26,0.26,21.76,99,4.07,2.05,0.13,0.13,0,0,0.9,1.02,0.13,0,0,,0.13,27,72,1,38,63,0,23.63,21.26,0.89,94,-2.37,21.07,20.06,0,0,0,0,0,,0,0,,0,0,0,0,0,0,20,9,1.8,10,0.06,0.02,0.06,-0.04,,0.11
Kahiser Lenis,Jaguares de Córdoba,Primera A,2026,433,Left Wing,Panama,26,22/07/00,0,0,0.13,0.09,1.46,0,57,1,,0.09,0,0.06,1.04,0,0.06,1.04,0,0,0,0,0.18,2.5,-0.18,2.91,2.29,0.62,79,2.08,0,4.37,2.91,0.21,0.19,0.21,0.22,19.97,8.11,0.02,5.2,47.41,7.07,4.37,1.46,1.66,58,1.27,1.45,1.25,0,1.04,0,0,0,17.26,12.68,4.37,3.12,1.66,47.85,8.11,47,2.29,73,0.62,0,0.21,24.75,81,2.08,16,91,0.62,1.87,29,78,-3,57.8,2.91,0.3,0.43,29.74,79,5.92,7.7,0.62,0.62,0,0.21,3.54,4.16,0.21,0,0.21,50,0.62,9,70,21,11,70,19,16.28,15.46,1.06,120,-0.82,17.2,18.6,0,0,0,0,0,,0,0,,0,0,0,0,0,0,27,15,3.41,26,-0.05,0.14,0.02,-0.01,,0.08
Kalazán Suárez,Inter Bogotá,Primera A,2026,871,Left Back,Colombia,24,04/03/02,0,0,0,0.01,0.21,0,0,0,,0,0,0.04,0.62,0,0.04,0.62,0,0,0,0,0.04,0.83,-0.04,0.72,0.31,0.41,43,1.45,0,0.62,1.14,2.07,1.6,1.76,1.09,11.88,5.79,0.07,4.65,31.21,9.61,2.17,1.65,3.72,76,1.38,2.98,0.41,50,0.52,63,1.03,0,9.81,8,3.41,1.55,0.83,35.98,2.27,23,0.72,47,0,0,0,32.44,74,3.1,90,45,2.27,6.41,10,62,-12,45.08,3.82,0.23,0.31,26.86,94,4.93,5.48,0.93,0.72,0.21,0.1,0.31,1.03,0,33,0.52,20,0.1,35,55,11,40,45,15,22.05,17.77,0.87,100,-4.27,19.16,17.69,0,0,0,0,0,,0,0,,0,0,0,0,0,0,32,13,4.19,26,0.08,0.05,0.04,-0.01,,0.15
Keimer Sandoval,Deportivo Cali,Primera A,2026,870,Right Centre Back,Colombia,21,02/09/05,0,0,0.02,0.04,0.52,0,0,0,,0,0,0.01,0.1,0,0.01,0.1,0,0,0,0,0.03,0.62,-0.03,0.41,0.31,0.1,75,0.52,0,0.21,0.31,1.03,1.1,4.14,4.78,10.66,6.52,0.05,4.66,29.42,8.17,1.45,1.55,2.59,65,1.61,2.71,1.03,50,0.83,77,1.76,0,8.17,8.22,3.21,1.14,0.41,34.5,1.76,22,0.62,55,0.31,0,0.1,37.86,88,1.66,14,57,4.66,2.38,13,74,-13,40,3,0.3,0.31,31.35,99,4,3.62,0.1,0.1,0,0.1,0.72,0.83,0,0,0,,0,27,70,4,49,46,6,19.87,18.04,0.96,101,-1.83,19.15,18.18,0,0,0,0,0,,0,0,,0,0,0,0,0,0,14,7,2.12,15,0.06,0.04,0.04,-0.02,,0.12
Kelvin Flórez,Deportes Tolima,Primera A,2026,1229,Left Midfielder,Colombia,22,06/02/04,0.37,0.37,0.37,0.13,2.86,13,49,4,,0.44,0,0.12,1.24,0,0.11,1.17,0,0.01,0.07,0.37,0.49,4.1,-0.12,1.32,0.73,0.59,56,0.73,0,2.71,2.27,0.51,0.53,0.51,0.66,16.69,8.71,0,5.05,49.76,6.08,3.88,1.1,1.61,71,1.19,1.72,1.03,14,0.44,33,0.37,0,14.64,16.72,4.32,3.08,1.17,49.49,6.81,47,2.34,76,0,0,0,25.04,78,1.39,10,76,0.81,1.54,18,70,-8,65.14,3,0.6,0.8,28.41,85,5.43,11.2,1.32,1.24,0.07,0.81,5.27,6.52,0,44,0.73,48,0.95,15,67,19,14,67,19,16.14,15.14,1.01,110,-1.01,16.26,16.65,0,0,0,0,0,,0,0,,0,0,0,0,0,0,23,10,5.48,32,0.06,0.09,0.07,0.04,,0.25
Kelvin Osorio,Llaneros,Primera A,2026,1565,Left Centre Midfielder,Colombia,33,28/10/93,0,0,0.05,0.05,1.04,0,17,2,0,0.03,0,0.08,1.09,0,0.04,0.69,0,0.03,0.4,0,0.13,2.13,-0.13,0.4,0.17,0.23,43,0.81,0,0.4,0.98,1.04,1,2.53,2.26,13.92,5.98,0.02,4.77,42.69,6.44,2.88,1.5,2.53,70,1.31,2.31,1.09,31,0.63,44,0.81,0,11.44,9.21,3.74,2.59,0.69,47.97,5.81,51,1.73,67,0.12,0,0,28.12,78,2.36,74,58,2.99,3.62,14,78,0,53.89,3.62,0.21,0.24,23,95,4.18,7.42,1.38,0.81,0.58,0.23,2.3,3.11,0.06,8,0.23,29,0.58,21,67,13,25,67,9,20.12,19.03,0.96,100,-1.09,19.28,19.11,0,0,0,0,0,,0,0,,0,0,0,0,0,0,23,9,4.31,37,0.05,0.03,0.03,-0.08,,0.03
Kevin Angulo,América de Cali,Primera A,2026,449,Centre Forward,Colombia,18,03/07/08,0.4,0.4,0.44,0.11,3.81,11,26,9,,0.36,0,0.03,0.6,0,0.02,0.4,0,0.01,0.2,0.4,0.47,4.41,-0.07,1.81,1.6,0.2,89,1,0,1.4,1,0,0,1.2,1.23,19.46,8.83,0,3.41,60.58,4.61,3.41,1,1,100,1.2,1.2,2.41,,0,53,1.6,0.2,16.05,19.88,3.01,2.61,0.2,65.75,13.64,85,2.01,77,0.2,0,0,14.04,79,0.6,67,100,1.4,0.4,30,65,-14,61.08,1.4,0.23,0.56,15.05,85,4.56,4.81,0.6,0.6,0,0,5.42,6.02,0.2,0,0,0,0,10,74,16,21,67,13,14.33,13.96,0.98,106,-0.37,14.04,14.76,0,0,0,0,0,,0,0,,0,0,0,0,0,0,16,6,3.51,19,0.04,0.05,0,-0.04,,0.04
Kevin Balanta,Fortaleza CEIF,Primera A,2026,1469,Left Defensive Midfielder,Colombia,22,16/07/04,0,0,0.01,0.02,0.49,0,0,0,,0,0.12,0.04,0.24,0.12,0.04,0.24,0,0,0,0.12,0.05,0.73,0.07,0.92,0.55,0.37,60,1.35,0,0.86,0.86,1.29,1.48,1.1,1.33,18.8,11.09,0.01,6.86,40.06,9.92,3.55,1.96,3.25,86,2.52,3.99,2.02,50,0.31,32,0.55,0,14.94,17.39,5.21,2.63,1.04,42.47,5.45,36,1.41,53,0.24,0.06,0,40.42,85,2.69,12,59,1.65,4.04,13,74,-11,44.87,3.98,0.34,0.38,35.09,96,5.47,5.14,0.12,0.12,0,0.06,0.49,0.61,0.06,0,0,0,0.06,19,72,9,31,68,1,20.97,18.97,0.94,89,-2,19.8,16.94,0,0,0,0,0,,0,0,,0,0,0,0,0,0,16,7,3.25,24,0,0.06,-0.04,-0.02,,0
Kevin Caicedo,Llaneros,Primera A,2026,1012,Left Midfielder,Colombia,29,15/11/97,0.09,0.09,0.07,0.06,1.25,7,36,2,,0.05,0.18,0.12,1.25,0.18,0.11,1.16,0,0,0.09,0.27,0.19,2.49,0.08,1.96,1.42,0.53,73,0.53,0,2.93,2.67,0.44,0.23,0.62,0.57,20.37,11.38,0,5.78,47.58,5.34,2.31,1.25,1.69,44,1.41,1.63,0.8,29,1.6,36,0.71,0,18.32,15.84,4.98,4.36,1.96,48.99,8.63,47,2.85,65,0.18,0,0,24.81,71,0.98,9,55,0.89,1.51,20,66,-5,59.08,2.4,0.29,0.35,27.39,82,6.04,7.65,0.98,0.71,0.27,0.18,1.78,2.49,0,9,0.27,15,0.18,18,66,16,14,69,17,16.91,15.32,0.97,109,-1.59,16.45,16.68,0,0,0,0,0,,0,0,,0,0,0,0,0,0,29,8,4.29,40,0.06,0.08,0.01,0,,0.15
Kevin Londoño,Cúcuta Deportivo,Primera A,2026,1272,Right Defensive Midfielder,Colombia,26,08/07/00,0,0,0.01,0.03,0.28,0,25,0,,0,0,0.03,0.5,0,0.03,0.5,0,0,0,0,0.04,0.78,-0.04,0.28,0.21,0.07,75,0.78,0,0.35,0.42,0.99,0.82,1.63,1.32,12.73,6.79,0.03,3.89,37.77,7.57,3.11,0.71,1.7,83,0.44,1.26,0.99,33,0.14,50,0.5,0,11.18,9.52,3.11,2.19,0.78,42.8,3.61,32,0.92,42,0.35,0,0,43.01,85,2.97,12,61,1.98,4.53,15,79,-6,44.91,3.68,0.27,0.3,34.52,98,3.41,6.15,0.21,0.21,0,0.07,1.06,1.27,0,0,0.07,25,0.28,23,70,7,34,57,8,20.44,16.87,0.95,97,-3.57,19.39,16.43,0,0,0,0,0,,0,0,,0,0,0,0,0,0,20,9,3.44,30,0.01,0.06,0.02,-0.01,,0.08
Kevin Londoño,Atlético Bucaramanga,Primera A,2026,1405,Left Wing,Colombia,33,22/11/93,0.13,0.13,0.16,0.09,1.79,7,32,2,,0.12,0.19,0.13,1.41,0.13,0.13,1.28,0.06,0,0.13,0.32,0.29,3.2,0.03,0.64,0.13,0.51,20,0.9,0,1.15,2.05,0.32,0.29,0.58,0.49,14.48,6.22,0,4.55,52.52,5.64,3.14,1.03,1.35,76,1.07,1.35,0.77,50,0.32,34,0.7,0,12.69,13.36,3.97,3.08,1.35,54.76,7.5,59,2.44,79,0.19,0,0,37.29,76,1.67,8,42,0.96,3.59,21,67,-10,60.42,4.81,0.27,0.46,34.09,92,4.47,13.14,1.6,1.41,0.19,0,3.84,5.25,0.13,24,0.45,22,0.26,16,68,17,20,64,17,17.87,15.51,0.91,98,-2.37,16.33,15.13,0,0,0,0,0,,0,0,,0,0,0,0,0,0,25,10,4.79,34,0.02,0.05,-0.03,0.04,,0.08
Kevin Mantilla,Independiente Medellín,Primera A,2026,1297,Right Centre Back,Colombia,23,21/05/03,0,0,0.05,0.06,0.76,0,27,0,,0.02,0,0,0.14,0,0,0.14,0,0,0,0,0.05,0.9,-0.05,0.21,0.07,0.14,33,0.42,0,0.28,0.42,0.97,1.08,3.61,4.46,9.79,4.72,0.03,6.04,29.32,7.84,1.74,1.25,2.22,72,1.5,2.59,0.9,60,0.49,65,2.15,0.07,7.63,9.03,4.03,1.25,0.9,31.74,1.32,17,0.56,44,0.21,0,0,39.49,88,2.78,14,56,4.37,4.16,11,73,-16,40.1,2.71,0.32,0.33,33.24,98,4.97,3.47,0.28,0.28,0,0.07,1.67,1.94,0,0,0,,0.14,24,74,2,26,70,4,21.65,21.3,0.93,91,-0.35,20.23,19.46,0,0,0,0,0,,0,0,,0,0,0,0,0,0,15,8,2.99,18,0.04,0.03,0.04,-0.04,,0.06
Kevin Moreno,Alianza Valledupar,Primera A,2026,534,Left Centre Back,Colombia,26,22/07/00,0,0,0.01,0.03,0.34,0,0,0,,0,0,0,0,0,0,0,0,0,0,0,0.01,0.34,-0.01,0.17,0.17,0,100,0.17,0,0.17,0,1.01,0.7,3.2,2.01,7.24,4.21,0.01,4.55,21.69,3.54,0.51,0.67,1.68,67,0.33,1.03,0.67,50,0.34,43,0.51,0,5.9,4.35,2.7,0.84,0.17,26.33,0.67,11,0.34,40,0.17,0,0,27.46,80,2.19,26,37,4.21,4.89,8,62,-18,31.86,0.67,0.03,0.04,22.07,99,3.75,0.67,0,0,0,0,0.67,0.67,0,,0,,0,32,65,3,75,25,0,24.98,32.29,0.85,72,7.31,21.17,23.11,0,0,0,0,0,,0,0,,0,0,0,0,0,0,20,7,1.85,16,0.02,0.01,-0.02,-0.02,,0
Kevin Parra,Inter Bogotá,Primera A,2026,1647,Left Wing,Colombia,23,21/02/03,0.16,0.16,0.14,0.06,2.35,7,44,3,,0.23,0.33,0.18,1.91,0.22,0.14,1.48,0.11,0.04,0.44,0.49,0.32,4.26,0.17,3.22,1.91,1.31,59,1.86,0,2.08,3.12,0.33,0.25,0.11,0.11,10.11,5.68,0,2.3,50.27,5.14,2.4,0.33,0.66,43,0.24,0.49,0.22,20,0.44,33,0.38,0,9.56,7.61,2.02,2.3,0.55,51.24,4.86,51,1.69,74,0.05,0,0,26.18,72,2.35,6,41,0.49,5.3,15,69,-3,62,6.01,0.43,0.55,32.95,86,7.97,9.67,2.08,0.98,1.09,0.22,2.13,3.12,0.05,5,0.49,20,0.33,16,71,13,28,60,12,21.28,17.36,0.89,100,-3.92,18.94,17.38,0,0,0,0,0,,0,0,,0,0,0,0,0,0,24,8,5.74,41,0.06,0.11,0,0.04,,0.22
Kevin Pérez,Junior,Primera A,2026,644,Left Wing,Colombia,29,17/07/97,0,0,0.06,0.06,0.98,0,57,1,,0.1,0.14,0.12,1.68,0.14,0.1,1.26,0,0.02,0.42,0.14,0.18,2.65,-0.04,1.68,0.98,0.7,58,0.7,0,2.93,2.51,0.42,0.42,0.42,0.4,19.27,8.66,0.01,6.28,54.49,6.7,3.07,1.54,1.96,73,1.85,2.27,0.98,20,0.56,36,0.7,0,16.76,19.93,5.31,4.33,0.7,57.19,9.92,59,3.35,77,0.14,0,0,41.62,81,3.77,14,73,0.56,5.03,16,84,3,57.84,6.42,0.43,0.53,40.08,88,5.45,14.24,1.12,0.56,0.56,0.42,4.47,5.03,0.28,0,0.56,50,0.98,14,69,17,15,75,11,17.92,13.51,0.97,105,-4.41,17.34,14.12,0,0,0,0,0,,0,0,,0,0,0,0,0,0,19,5,7.86,49,-0.04,0.05,0.04,-0.02,,0.03
Kevin Rincón,Llaneros,Primera A,2026,829,Centre Defensive Midfielder,Colombia,20,10/06/06,0.11,0.11,0.06,0.07,0.87,13,13,1,,0.03,0,0,0.11,0,0,0.11,0,0,0,0.11,0.06,0.98,0.05,0.11,0.11,0,100,0.54,0,0.76,0.54,0.65,0.76,1.3,0.98,21.39,11.51,0.02,8.36,36.32,9.55,4.78,2.71,3.37,76,2.92,3.68,1.95,36,0.87,56,1.09,0,16.72,16.23,6.95,3.69,1.63,39.37,5.32,32,1.41,38,0.33,0,0,27.57,85,1.95,16,58,1.85,2.82,14,89,4,46.14,2.61,0.2,0.25,21.49,95,4.81,3.58,0.33,0,0.33,0.11,0.33,0.33,0,33,0.11,100,0.11,18,73,8,33,64,3,20.87,20.97,0.94,102,0.1,19.58,21.3,0,0,0,0,0,,0,0,,0,0,0,0,0,0,18,7,2.78,25,0.02,0.06,-0.03,-0.04,,0.01
Kevin Rodríguez,Once Caldas,Primera A,2026,721,Left Centre Back,Colombia,26,15/04/00,0.12,0.12,0.05,0.12,0.37,33,33,0,,0.12,0,0.01,0.37,0,0.01,0.37,0,0,0,0.12,0.06,0.75,0.07,0,0,0,,0.37,0,0.12,0.25,0.75,0.68,4.99,5.46,9.36,4.49,0.07,4.49,25.8,4.62,0.37,1.37,2.12,79,1.72,2.39,1.5,25,0.37,59,1.62,0.25,6.49,6.98,2.87,0.62,0.12,32.69,0.62,10,0.37,60,0.25,0,0,31.21,87,2.62,23,66,5.12,3.87,9,61,-27,35.25,2.37,0.15,0.16,25.34,99,4.87,2.37,0,0,0,0,0.62,0.62,0,,0,0,0,28,68,4,32,63,5,23.48,23.18,0.95,117,-0.3,22.33,27.03,0,0,0,0,0,,0,0,,0,0,0,0,0,0,16,8,3,19,0,0.03,-0.03,0.08,,0.08
Kevin Tamayo,Once Caldas,Primera A,2026,1437,Left Back,Colombia,27,26/10/99,0,0,0,0.02,0.19,0,33,0,,0,0.13,0.06,0.94,0.13,0.06,0.94,0,0,0,0.13,0.06,1.13,0.07,0.81,0.56,0.25,69,0.38,0,0.75,0.69,0.75,0.95,1.5,1.61,11.78,5.51,0.02,4.13,33.56,7.39,2.82,1.88,2.63,70,2.09,3.03,1.19,45,0.81,44,0.5,0.06,8.71,9.33,2.69,1.94,0.44,38.02,2.94,34,1.5,77,0.19,0,0,38.27,82,1.06,85,41,1.94,2.13,11,69,-13,54.97,3.57,0.47,0.49,31.26,96,4.15,12.9,0.94,0.81,0.13,0.13,0.44,1.25,0,33,0.5,25,0.06,24,63,13,17,62,20,16.1,14.79,0.91,92,-1.31,14.68,13.55,0,0,0,0,0,,0,0,,0,0,0,0,0,0,20,9,5.47,34,0.09,0.1,0.04,-0.01,,0.22
Kilian Toscano,Santa Fe,Primera A,2026,1336,Left Defensive Midfielder,Colombia,22,01/03/04,0,0,0.02,0.03,0.81,0,17,1,,0.01,0,0.02,0.4,0,0.02,0.4,0,0,0,0,0.05,1.21,-0.05,0.34,0.34,0,100,0.88,0,0.81,0.61,0.81,0.72,1.08,0.81,28.29,15.97,0.02,8.49,39.49,7.68,4.31,2.83,3.64,79,2.36,3.07,1.89,31,0.74,33,0.2,0,23.65,18.11,7.01,4.45,1.68,40.27,6.67,28,2.02,45,0.2,0,0,28.63,87,1.89,14,64,1.35,2.69,15,77,-10,49.18,2.96,0.33,0.33,24.72,95,5.4,4.78,0.13,0.13,0,0,0.07,0.2,0,50,0.07,50,0,16,74,11,24,66,10,18.83,16.14,0.97,96,-2.69,18.24,15.49,0,0,0,0,0,,0,0,,0,0,0,0,0,0,15,7,3.42,24,0,0.06,0.06,-0.02,,0.1
Larry Vásquez,Inter Bogotá,Primera A,2026,2841,Left Defensive Midfielder,Colombia,34,18/09/92,0.06,0.06,0.03,0.06,0.51,13,38,0,,0.03,0.03,0.03,1.08,0.03,0.03,1.08,0,0,0,0.1,0.06,1.58,0.04,0.89,0.76,0.13,86,0.48,0.03,0.79,0.57,1.01,0.83,1.39,1.02,19.64,11.34,0.03,7.41,38.74,10.29,4.15,3.04,4.05,79,2.44,3.27,1.14,49,0.82,61,1.24,0,15.46,12.13,5.95,2.63,1.14,41.35,4.75,31,1.55,59,0.13,0,0,48.94,88,5.67,17,83,2.19,6.05,15,81,-7,46.78,6.91,0.38,0.43,39.72,97,4.88,10.26,0.29,0.29,0,0.06,0.98,1.27,0.06,22,0.19,60,0.06,21,72,7,24,72,4,21.08,18.68,0.99,103,-2.4,20.88,19.16,0,0,0,0,0,,0,0,,0,0,0,0,0,0,15,9,5.69,39,0.04,0.07,0.05,0,,0.16
Leison Ochoa,Cúcuta Deportivo,Primera A,2026,545,Right Centre Back,Colombia,20,08/03/06,0,0,0,,0,,,0,,0,0,0.04,0.33,0,0.04,0.33,0,0,0,0,0.04,0.33,-0.04,0.33,0.17,0.17,50,0.33,0,0,0.33,0.33,0.21,3.14,1.89,12.88,6.94,0.01,5.62,26.34,6.61,0.99,1.82,2.15,85,1.52,1.73,1.16,60,0.33,50,0.99,0.17,9.91,7.77,4.79,1.32,0.99,29.35,1.32,13,0.66,50,0.5,0,0,25.27,86,3.8,15,74,4.13,4.13,11,53,-33,33.9,1.16,0.1,0.14,21.14,98,2.9,1.32,0,0,0,0.33,0.66,0.66,0,,0,,0.33,32,65,4,50,50,0,24.32,29.43,0.96,82,5.11,23.23,24.18,0,0,0,0,0,,0,0,,0,0,0,0,0,0,18,7,1.7,14,0.03,0.02,0.05,,,0.11
Leonardo Castro,Millonarios,Primera A,2026,1983,Left Centre Forward,Colombia,34,13/06/92,0.45,0.41,0.36,0.13,2.77,15,43,5,50,0.42,0.14,0.21,1.77,0.14,0.21,1.77,0,0,0,0.54,0.57,4.54,-0.02,0.64,0.5,0.14,79,0.95,0,1.45,1.72,0.32,0.37,0.64,0.65,12.71,5.81,0.01,3.4,64.07,3.99,3.04,0.45,0.77,50,0.5,0.87,1.04,0,0.45,33,0.64,0,11.21,10.36,2.95,1.91,0.36,67.91,9.08,81,1.77,93,0.27,0,0,18.2,67,1.04,16,56,0.95,1.54,24,61,-6,64.86,1.72,0.31,0.68,16.98,84,3.92,7.49,1,1,0,0.73,6.35,7.35,0,14,0.27,27,1.04,17,67,16,13,70,16,17.13,16.37,0.97,100,-0.77,16.63,16.32,0,0,0,0,0,,0,0,,0,0,0,0,0,0,33,11,4.85,26,0.04,0,0.01,0.05,,0.1
Leonardo Flores,Atlético Bucaramanga,Primera A,2026,1289,Left Defensive Midfielder,Venezuela,31,04/08/95,0.07,0.07,0.01,0.03,0.49,14,29,0,,0.03,0.14,0.05,1.12,0.14,0.05,1.12,0,0,0,0.21,0.06,1.61,0.15,0.49,0.28,0.21,57,1.47,0,1.47,0.56,0.84,0.83,0.77,0.93,19.76,10.54,0.02,5.59,46.06,10.89,6.35,2.02,2.86,69,2.15,2.98,1.12,37,0.91,47,0.56,0,16.62,17.27,4.4,4.33,1.4,47.58,7.96,48,3.21,74,0.14,0,0,51.8,82,4.82,80,70,1.82,5.79,17,81,-2,51.58,7.26,0.47,0.53,42.8,96,4.71,13.82,1.54,1.33,0.21,0.28,1.26,2.58,0,14,0.28,36,0.56,21,69,10,27,69,4,20,18.46,0.97,94,-1.55,19.47,17.26,0,0,0,0,0,,0,0,,0,0,0,0,0,0,18,7,5.66,47,0.1,0.08,-0.02,-0.01,,0.14
Leonardo Pico,Fortaleza CEIF,Primera A,2026,2652,Right Defensive Midfielder,Colombia,35,03/10/91,0,0,0.01,0.03,0.2,0,0,0,,0,0.07,0.02,0.58,0.07,0.02,0.54,0,0,0.03,0.07,0.03,0.78,0.04,0.48,0.44,0.03,93,1.15,0,1.02,0.71,0.75,0.85,0.61,0.72,12.86,7.26,0.02,4.72,40.91,8.42,3.8,0.75,1.49,50,0.85,1.7,0.68,30,0.75,44,0.41,0.03,11.44,12.73,3.77,2.31,0.85,42.93,4,35,1.05,46,0.2,0,0,50.09,91,3.56,10,81,1.02,4,11,80,-11,46.82,5.06,0.32,0.33,44.45,97,4.53,9.33,0.54,0.54,0,0,0.2,0.75,0.03,6,0.03,20,0.07,21,74,6,29,67,4,19.51,18.25,0.99,104,-1.25,19.32,18.93,0,0,0,0,0,,0,0,,0,0,0,0,0,0,15,9,5.6,41,0.04,0.08,0.02,-0.01,,0.14
Leyser Chaverra,Independiente Medellín,Primera A,2026,1351,Right Back,Colombia,29,31/03/97,0.13,0,0.03,0.06,0.47,0,0,0,100,0,0.07,0.06,1.07,0.07,0.05,0.93,0,0.01,0.13,0.07,0.09,1.53,-0.02,0.4,0.33,0.07,83,0.27,0,0.13,0.33,1.07,1.41,3,3.2,10.26,5.39,0.01,4.6,30.75,9.59,3.93,1.53,2.6,88,1.88,3.29,0.73,60,0.2,52,1,0,7.99,9.12,3.26,1.47,0.47,34.18,2.06,26,0.73,50,0.2,0,0,41.82,80,5.19,8,52,3.66,9.32,10,80,0,49.62,5.66,0.38,0.43,33.1,99,3.53,8.86,1.8,0.87,0.93,0.13,0.87,1.73,0.07,44,0.93,36,0.13,20,74,6,20,74,6,24.13,20.76,0.89,94,-3.37,21.55,19.58,0,0,0,0,0,,0,0,,0,0,0,0,0,0,25,11,7.17,41,0.19,0.05,0.01,-0.01,,0.25
Leyser Chaverra,Deportivo Cali,Primera A,2026,364,Right Wing Back,Colombia,29,31/03/97,0.25,0,0.14,0.12,1.24,0,20,0,100,0.06,0.25,0.22,1.73,0.25,0.21,1.48,0,0.01,0.25,0.25,0.36,2.97,-0.11,0.49,0.25,0.25,50,0.74,0,0.99,0.74,0.74,0.96,0.99,1.32,10.64,6.93,0.05,3.22,38.5,8.66,4.21,0.74,1.48,50,0.64,1.6,0.74,0,0.74,20,0.25,0,9.16,10.92,2.72,1.48,0.49,39.46,2.72,30,0.99,67,0,0,0,56.18,83,4.95,10,56,1.98,7.92,16,83,0,54.07,4.7,0.74,0.85,49,97,4.49,15.1,2.72,2.47,0.25,0.74,3.96,6.43,0.25,45,2.47,50,0.74,15,71,14,8,77,15,21.68,19.02,0.94,107,-2.66,20.3,20.38,0,0,0,0,0,,0,0,,0,0,0,0,0,0,20,7,4.73,34,0.33,0.03,0.03,-0.04,,0.35
Lucas Monzón,Junior,Primera A,2026,1118,Left Centre Back,Uruguay,25,28/09/01,0.08,0.08,0.01,0.07,0.08,100,100,0,,0.03,0,0,0,0,0,0,0,0,0,0.08,0.01,0.08,0.08,0.16,0.16,0,100,0.16,0,0.16,0.48,0.97,1.14,3.62,3.39,10.71,5.31,0.11,6.84,26.61,6.04,0.81,0.89,1.85,69,0.92,2.06,0.72,33,0.4,42,1.21,0,9.1,9.56,4.27,1.05,0.72,33.81,2.33,26,0.48,46,0.4,0,0,23.02,84,1.29,81,46,4.03,2.42,9,54,-30,31.34,1.05,0.14,0.14,17.55,97,4.22,0.97,0,0,0,0,0.24,0.24,0,,0,,0,30,66,4,42,58,0,22.32,25.43,0.91,75,3.11,20.21,18.99,0,0,0,0,0,,0,0,,0,0,0,0,0,0,15,4,1.02,7,0.02,0.02,0.06,0.01,,0.12
Lucas Ríos,Cúcuta Deportivo,Primera A,2026,537,Centre Attacking Midfielder,Argentina,28,07/03/98,0.33,0.33,0.22,0.09,2.51,13,47,3,,0.43,0.17,0.11,1.17,0.17,0.1,1,0,0.01,0.17,0.5,0.33,3.68,0.17,2.01,1.34,0.67,67,1.34,0,2.34,2.68,0.67,0.73,0.33,0.32,18.09,8.88,0.01,4.35,51.71,7.03,5.02,1.34,2.01,80,1.46,2.2,1,33,0.33,30,0.5,0,15.74,17.16,3.85,3.85,1.17,51.69,8.04,51,2.01,52,0.5,0,0.17,37.18,75,2.51,11,52,1,4.19,23,63,-12,58.12,5.86,0.31,0.51,38.18,88,5.21,13.57,1.51,1.17,0.33,0.33,3.52,4.69,0.17,0,0,0,0.5,20,69,12,21,72,7,18.61,16.64,0.93,98,-1.97,17.34,16.32,0,0,0,0,0,,0,0,,0,0,0,0,0,0,23,9,4.99,36,0,0.03,0.04,0.1,,0.17
Luciano Pons,Atlético Bucaramanga,Primera A,2026,2100,Centre Forward,Argentina,36,17/04/90,0.34,0.34,0.32,0.15,2.06,17,42,6,0,0.35,0,0.07,0.9,0,0.07,0.9,0,0,0,0.34,0.39,2.96,-0.05,0.17,0.04,0.13,25,1.37,0.04,0.81,2.27,0.21,0.15,0.9,0.84,18.68,9.51,0.02,5.4,63.99,3.38,2.53,0.9,1.11,66,0.84,0.99,0.77,23,0.47,42,1.84,0,17.01,17.39,4.63,2.96,0.9,68.22,13.71,81,2.4,81,0.17,0,0,13.84,70,0.47,9,79,1.03,0.47,28,61,-9,64.02,1.03,0.4,0.56,11.1,80,3,5.48,0.34,0.34,0,0.64,6.04,6.38,0,0,0,0,0.99,13,70,17,12,70,18,14.04,13.1,1.03,110,-0.94,14.4,14.47,0,0,0,0,0,,0,0,,0,0,0,0,0,0,33,10,2.89,22,-0.06,-0.04,0.06,0.06,,0.02
Luifer Hernández,Cúcuta Deportivo,Primera A,2026,1391,Centre Forward,Venezuela,25,27/04/01,0.39,0.39,0.32,0.2,1.62,24,56,4,,0.48,0.13,0.08,0.97,0.13,0.08,0.97,0,0,0,0.52,0.39,2.59,0.12,1.42,0.91,0.52,64,0.78,0,1.36,2.01,0.06,0.02,1.1,0.79,16.04,8.15,0.01,3.36,56.31,3.82,2.01,0.45,0.52,64,0.41,0.44,0.91,40,0.26,44,1.1,0.06,14.68,12.99,2.59,2.91,0.65,60.63,9.9,67,2.13,73,0.13,0,0,17.14,75,0.97,7,58,1.23,1.55,21,66,-9,56.33,1.55,0.21,0.46,17.59,84,5.17,4.59,0.65,0.65,0,0.32,3.3,3.95,0.06,20,0.13,25,0.45,15,64,21,14,72,14,16.7,13.19,0.99,95,-3.51,16.54,12.51,0,0,0,0,0,,0,0,,0,0,0,0,0,0,26,9,3.15,27,-0.03,0.05,0,0.25,,0.28
Luis Escorcia,Independiente Medellín,Primera A,2026,427,Right Centre Back,Colombia,22,06/01/04,0,0,0,,0,,,0,,0,0,0.02,0.42,0,0.02,0.42,0,0,0,0,0.02,0.42,-0.02,0.21,0.21,0,100,0.42,0,0.21,0.42,0.84,0.29,4.22,4.04,8.44,4.64,0.03,4.43,22.94,5.27,0.84,1.69,2.53,73,0.8,1.08,0.84,75,0.63,63,1.05,0.21,5.91,5.27,2.74,1.05,0.84,28.45,0.84,14,0.42,40,0.21,0,0,29.95,80,2.32,7,41,4.43,5.48,8,62,-19,39.38,1.69,0.61,0.61,25.95,98,4.32,1.48,0,0,0,0,0.21,0.21,0,,0,0,0,27,68,5,43,57,0,24.22,19.84,0.88,90,-4.38,21.43,17.82,0,0,0,0,0,,0,0,,0,0,0,0,0,0,15,6,2.91,25,0.01,0.02,0.03,,,0.06
Luis Jiménez,Jaguares de Córdoba,Primera A,2026,887,Right Back,Colombia,29,02/10/97,0,0,0.07,0.09,0.81,0,25,1,,0.01,0,0.01,0.3,0,0.01,0.3,0,0,0,0,0.08,1.12,-0.08,0.91,0.51,0.41,56,0.2,0,1.32,1.52,1.52,1.57,1.83,1.43,11.57,5.38,0.03,4.47,35.11,7.92,2.54,1.52,3.05,56,1.21,2.77,0.2,31,1.22,43,0.3,0.1,9.85,8.88,3.25,1.62,0.81,38.1,2.64,27,1.12,69,0.1,0,0,34.41,76,2.74,34,42,3.15,5.18,17,70,-7,48.47,2.74,0.3,0.32,32.28,92,5.25,5.89,0.61,0.41,0.2,0.1,1.02,1.42,0,33,0.3,14,0.1,20,69,12,22,53,24,20.98,21.26,0.86,83,0.28,18.06,17.68,0,0,0,0,0,,0,0,,0,0,0,0,0,0,27,8,3.17,23,0.03,0.05,0.04,-0.04,,0.08
Luis Manuel Orejuela,Deportivo Cali,Primera A,2026,350,Right Back,Colombia,31,19/08/95,0,0,0.1,0.13,0.77,0,0,1,,0,0.26,0.05,0.51,0.26,0.05,0.51,0,0,0,0.26,0.14,1.29,0.11,1.03,1.03,0,100,1.29,0,0.51,1.03,1.8,1.78,0.77,0.77,13.13,3.35,0.03,3.86,39.98,9.53,3.6,1.29,3.09,83,1.55,3.34,2.06,50,0.26,50,0.51,0,9.78,11.28,3.35,2.06,0.77,41.57,3.86,39,1.54,75,0,0,0,34.76,73,1.54,14,35,1.8,3.35,17,52,-21,53.36,4.38,0.47,0.54,30.89,97,6.51,8.5,0.77,0.51,0.26,0.51,2.83,3.35,0,67,0.51,20,0.77,24,70,7,15,73,12,19.05,19.33,0.9,85,0.28,17.23,16.35,0,0,0,0,0,,0,0,,0,0,0,0,0,0,22,8,5.46,33,0.08,0.09,0,-0.08,,0.09
Luis Marimón,Llaneros,Primera A,2026,363,Centre Forward,Colombia,22,17/03/04,0,0,0.01,0.04,0.25,0,100,1,,0.05,0,0.03,0.5,0,0.03,0.5,0,0,0,0,0.04,0.74,-0.04,0.25,0,0.25,0,2.48,0,1.73,1.49,0,0,0,0,19.57,9.66,0,3.72,63.59,3.96,2.48,0.74,0.74,60,0.71,0.71,2.23,0,0.5,29,1.73,0,16.6,18.37,3.22,3.96,0.74,65.6,13.13,79,3.72,94,0.25,0,0,15.61,67,0.5,11,67,0.25,0.5,28,74,7,59.48,2.23,0.09,0.12,14.37,83,5.35,5.2,0.25,0.25,0,0.74,3.72,3.96,0,100,0.5,67,0.99,18,61,21,19,57,24,15.21,13.74,1.05,121,-1.47,16,16.6,0,0,0,0,0,,0,0,,0,0,0,0,0,0,31,9,2.06,19,0,-0.07,0.01,0.07,,0.01
Luis Marquinez,Deportes Tolima,Primera A,2026,700,Goalkeeper,Colombia,23,09/04/03,0,0,0,,0,,,0,,0,0,0,0,0,0,0,0,0,0,0,0,0,0,0.13,0.13,0,100,0.13,0,0,0,0,0,0,0,0,0,0,5.53,3.42,4.63,0,0,0,,0,0,0,,0,,0,0,0,0,0,0,0,,0,,0,,0,0,0,22.88,62,4.63,64,29,3.09,12.98,14,45,-16,11.38,1.29,0.19,0.19,20.31,100,5.56,0.9,0,0,0,0,0,0,0,,0,,0,54,46,0,100,0,0,42.71,49.22,0.65,70,6.51,27.75,34.55,0.9,0.74,-0.16,67,73,-6,0.54,2.7,33,8.23,1.68,0.26,0.26,17.91,5,27,4,1.47,10,0.1,0.05,,,-0.21,-0.05
Luis Mina,América de Cali,Primera A,2026,457,Right Back,Colombia,22,12/12/04,0,0,0.03,0.07,0.39,0,50,1,,0,0,0.02,0.39,0,0.02,0.39,0,0,0,0,0.05,0.79,-0.05,1.57,0.79,0.79,50,0.79,0,1.77,3.15,1.18,1.58,1.57,1.93,15.75,6.3,0,3.54,40.76,7.48,2.95,1.97,3.15,63,2.54,4.12,1.57,56,1.18,33,0.59,0,12.4,16.32,2.56,3.54,1.38,44.83,5.31,43,2.36,67,0.98,0,0,29.33,85,1.18,10,60,2.17,1.38,16,66,-20,52.63,2.56,0.24,0.24,27.75,87,5.42,7.28,0.2,0.2,0,0.59,2.76,2.95,0,0,0.2,20,0.59,15,65,20,5,70,24,16.42,13.39,0.99,103,-3.03,16.24,13.78,0,0,0,0,0,,0,0,,0,0,0,0,0,0,16,9,4.07,27,-0.03,0.1,-0.02,-0.01,,0.04
Luis Miranda,Llaneros,Primera A,2026,1313,Left Centre Midfielder,Colombia,29,26/08/97,0.14,0.14,0.18,0.15,1.23,11,50,2,,0.25,0.14,0.1,0.75,0.14,0.1,0.75,0,0,0,0.27,0.28,1.99,-0.01,1.37,0.82,0.55,60,1.51,0,1.58,1.78,0.75,0.59,0.89,0.64,14.87,6.37,0.01,4.39,46.89,6.92,3.22,1.44,2.19,75,1.42,2,0.96,30,0.48,38,0.69,0,12.47,9.91,3.49,2.67,0.96,49.14,5.96,48,1.37,51,0.41,0,0,25.35,73,1.44,3,41,1.3,3.08,20,67,-5,55.73,3.49,0.23,0.37,25.42,89,4.91,7.88,0.89,0.75,0.14,0.41,3.08,3.84,0,8,0.62,36,0.62,21,69,10,20,71,9,21.65,17.92,0.91,98,-3.73,19.79,17.57,0,0,0,0,0,,0,0,,0,0,0,0,0,0,26,8,3.32,28,-0.01,0.08,0.03,0.09,,0.19
Luis Moreno,Deportivo Pereira,Primera A,2026,387,Right Defensive Midfielder,Colombia,25,09/04/01,0,0,0,0.01,0.23,0,0,0,,0,0,0.01,0.23,0,0.01,0.23,0,0,0,0,0.02,0.46,-0.02,0.46,0,0.46,0,0.46,0,1.16,1.39,0.7,0.43,0.93,0.59,19.28,12.31,0,4.41,39.09,8.36,2.09,1.16,1.86,63,0.67,1.1,1.16,25,0.7,43,0.7,0,16.96,10.4,3.48,4.41,1.39,40.37,4.65,27,1.39,32,0.23,0,0,23.7,86,2.32,7,83,0.93,2.79,11,82,-5,42.4,0.7,0.18,0.18,19.51,89,4.29,2.09,0,0,0,0.23,0.46,0.46,0,,0,,0.23,14,78,9,0,89,11,19.69,17.23,1.01,84,-2.46,19.85,14.52,0,0,0,0,0,,0,0,,0,0,0,0,0,0,19,9,1.65,22,-0.07,0.02,0.02,-0.01,,-0.03
Luis Muriel,Junior,Primera A,2026,1828,Centre Forward,Colombia,35,15/04/91,0.74,0.49,0.31,0.09,3.55,14,38,5,83,0.45,0.1,0.12,1.03,0.1,0.11,0.98,0,0.01,0.05,0.59,0.44,4.58,0.15,1.92,1.03,0.89,54,1.38,0.15,2.56,3.2,0.1,0.12,0.94,1.02,13.59,5.61,0.01,2.81,59.53,3.64,2.66,0.54,0.64,61,0.53,0.66,1.08,45,0.34,50,1.08,0,11.97,12.2,2.41,2.95,0.44,63.93,9.36,78,2.81,95,0.3,0,0,20.53,72,0.94,7,56,1.18,1.43,26,66,-6,60.98,2.76,0.35,0.62,23.68,80,6.04,7.73,1.08,0.98,0.1,0.2,5.02,6.01,0.05,5,0.05,9,0.54,19,64,17,19,67,14,16.58,14.52,0.96,91,-2.06,15.96,13.26,0,0,0,0,0,,0,0,,0,0,0,0,0,0,28,9,4.75,30,-0.02,0.08,0.02,0.04,,0.13
Luis Palacios,Santa Fe,Primera A,2026,1719,Right Wing,Colombia,25,09/04/01,0.1,0.1,0.18,0.11,1.62,6,42,3,,0.16,0.05,0.05,0.79,0.05,0.05,0.79,0,0,0,0.16,0.23,2.41,-0.07,0.79,0.42,0.37,53,0.52,0,1.05,1.62,0.58,0.4,1.15,0.76,12.35,5.08,0,3.56,47.92,7.28,3.87,0.31,0.89,50,0.22,0.62,0.94,14,0.31,38,0.73,0.05,11.1,9.81,2.98,2.62,0.73,52.02,6.33,57,2.25,86,0.1,0,0,23.66,66,1.41,11,53,1.62,2.2,21,59,-7,59.33,2.2,0.33,0.43,19.99,88,5.17,7.07,1.1,1.1,0,0.31,3.19,4.29,0,52,0.68,43,0.58,20,68,12,16,67,16,17.84,14.92,0.95,89,-2.91,17.02,13.33,0,0,0,0,0,,0,0,,0,0,0,0,0,0,34,12,3.91,29,0.05,0.07,0.01,-0.01,,0.11
Luis Quiñones,América de Cali,Primera A,2026,505,Right Wing,Colombia,35,25/06/91,0.18,0.18,0.24,0.09,2.49,7,29,2,,0.21,0.71,0.31,1.78,0.53,0.28,1.43,0.18,0.04,0.36,0.89,0.55,4.28,0.34,1.43,1.25,0.18,88,2.49,0.36,2.14,2.14,0.53,0.76,0.18,0.23,20.14,10.16,0.02,5.88,48.17,6.06,3.92,3.56,4.1,87,4.89,5.66,0.89,50,0.53,50,0.36,0,15.68,20.27,4.81,4.28,1.25,49.18,6.95,44,2.85,67,0.53,0,0,54.71,75,2.32,87,50,0.71,4.1,12,68,-7,64.36,5.88,0.61,0.87,53.1,94,5.18,24.59,3.21,2.67,0.53,0.18,5.52,8.2,0.53,17,0.71,36,0.89,18,70,11,22,63,14,16.05,15.04,0.94,92,-1.01,15.06,13.78,0,0,0,0,0,,0,0,,0,0,0,0,0,0,22,8,9.07,45,0.09,0.28,0.03,-0.05,,0.35
Luis Sandoval,Deportes Tolima,Primera A,2026,1540,Centre Forward,Colombia,27,31/05/99,0.47,0.35,0.28,0.13,2.16,16,43,3,100,0.42,0.18,0.24,1.93,0.18,0.24,1.87,0,0,0.06,0.53,0.52,4.09,0.01,0.94,0.47,0.47,50,1.64,0.06,1.93,2.45,0.12,0.19,0.53,0.48,15.43,6.43,0,3.51,59.75,4.21,1.99,0.7,0.82,60,0.75,0.94,1.69,22,0.47,32,0.35,0.06,13.03,16.62,3.1,3.86,1.05,62.58,9.53,73,3.16,82,0.41,0,0.06,33.96,77,2.22,22,69,0.82,2.92,18,75,-2,57.54,4.73,0.63,0.81,31.56,89,3.39,12.1,1.64,1.52,0.12,0.47,5.61,7.13,0.29,4,0.35,50,0.76,19,65,16,23,69,8,17.67,16.52,1,102,-1.16,17.63,16.92,0,0,0,0,0,,0,0,,0,0,0,0,0,0,22,11,7.27,44,-0.04,0.07,0.01,0.13,,0.17
Luis Sánchez,Deportes Tolima,Primera A,2026,331,Centre Attacking Midfielder,Colombia,26,17/09/00,0.27,0.27,0.14,0.08,1.9,14,43,2,,0.4,0,0.12,1.9,0,0.11,1.63,0,0.01,0.27,0.27,0.26,3.8,0.01,0.54,0.27,0.27,50,1.9,0,1.36,3.8,0.81,1.27,0.27,0.37,18.73,8.96,0,5.97,53.04,3.8,1.63,0.54,1.36,33,0.66,1.93,0.81,0,1.09,50,0.54,0,17.38,23.56,5.43,5.16,1.9,53.95,10.86,63,2.72,53,0.27,0,0,42.9,85,2.44,11,45,0.27,5.43,9,80,-5,58.68,4.34,0.23,0.33,45.34,95,4.56,14.66,1.63,1.63,0,0.81,6.79,8.42,0.27,17,0.27,100,1.36,19,70,11,28,67,6,18.15,12.64,0.88,97,-5.5,15.93,12.31,0,0,0,0,0,,0,0,,0,0,0,0,0,0,17,7,5.92,35,-0.09,0.05,0.04,0.15,,0.14
Luis Sánchez,Once Caldas,Primera A,2026,1652,Centre Attacking Midfielder,Colombia,26,17/09/00,0.16,0.16,0.15,0.08,1.91,9,40,2,,0.17,0.11,0.13,1.53,0.05,0.12,1.25,0.05,0.01,0.27,0.27,0.28,3.43,-0.01,1.85,1.04,0.82,56,2.07,0,1.96,3.11,1.09,1.14,0.33,0.33,23.1,11.66,0,6.92,51.76,7.19,3.65,1.14,2.23,57,1.3,2.44,0.82,25,0.87,27,0.22,0,21.14,23.64,6.05,5.18,1.63,52.72,11.17,53,4.03,78,0.16,0,0,50.4,83,2.89,13,56,0.76,4.69,16,81,-2,59.59,9.7,0.46,0.61,51.17,91,4.84,21.63,1.69,1.25,0.44,0.49,3.54,4.8,0.33,0,0.22,20,0.76,19,70,11,20,72,8,17.86,15.09,0.95,104,-2.76,16.98,15.64,0,0,0,0,0,,0,0,,0,0,0,0,0,0,18,8,7.23,43,0.02,0.1,0.04,0.01,,0.18
Luis Vásquez,Atlético Bucaramanga,Primera A,2026,989,Goalkeeper,Colombia,30,29/02/96,0,0,0,,0,,,0,,0,0,0,0,0,0,0,0,0,0,0,0,0,0,0,0,0,,0.27,0,0,0,0,0,0,0,0,0.09,0,6.64,3.29,3.46,0,0,0,0,0,0,0,100,0.09,,0,0,0,0,0,0,0,,0,,0,,0,0,0,12.38,71,4.28,4,42,1.73,8.37,11,48,-23,10.07,0.73,0.04,0.04,11.2,100,4.4,0.09,0.09,0,0.09,0,0,0,0,0,0,,0,52,48,0,100,0,0,41.5,47.71,0.76,65,6.2,31.49,31.05,1.27,0.71,-0.57,56,76,-19,0.78,2.91,31,9.47,1.73,0.09,0.09,20.09,3,27,2,1.24,8,0.07,0.03,,,-0.64,-0.53
Léider Berdugo,Cúcuta Deportivo,Primera A,2026,2177,Right Wing,Colombia,24,18/02/02,0.17,0.04,0.1,0.05,1.82,2,34,2,75,0.13,0.33,0.26,2.15,0.21,0.18,1.36,0.12,0.08,0.79,0.37,0.36,3.97,0.01,1.9,1.28,0.62,67,3.18,0,2.11,2.15,0.58,0.33,0.29,0.18,17.69,8.89,0.01,4.67,49.09,6.99,3.31,1.16,1.74,72,0.83,1.16,0.99,31,0.45,25,0.25,0,15.54,12.05,3.93,2.94,0.91,50.14,7.65,49,2.11,72,0.12,0,0,39.4,79,5.13,82,54,0.91,8.93,16,81,1,56.06,6.49,0.3,0.48,41.8,91,4.89,11.29,2.94,1.32,1.61,0.25,2.03,3.35,0.45,15,0.62,33,0.41,16,69,14,26,66,9,22.2,16.83,0.89,100,-5.36,19.82,16.88,0,0,0,0,0,,0,0,,0,0,0,0,0,0,21,8,7.18,55,0.13,0.07,0.02,-0.04,,0.18
Léider Berrío,Independiente Medellín,Primera A,2026,407,Centre Attacking Midfielder,Colombia,28,06/06/98,0.22,0.22,0.17,0.06,2.65,8,33,3,,0.26,0,0.16,2.43,0,0.08,1.33,0,0.08,1.1,0.22,0.33,5.08,-0.1,1.55,1.1,0.44,71,2.43,0,1.55,1.33,0.66,1.13,0.22,0.11,20.11,9.72,0,5.97,57.15,5.3,3.54,1.99,2.65,90,2.71,3.84,2.43,67,0.22,45,1.1,0,15.69,19.03,4.86,4.86,2.65,57.8,9.94,63,3.76,77,0.66,0,0,32.7,75,3.54,7,57,0.22,6.19,26,76,1,61.95,5.52,0.42,0.5,32.26,92,4.95,12.82,1.77,0.88,0.88,0.22,4.42,5.3,0.22,0,0.22,14,0.88,14,73,14,12,78,10,20.92,14.03,0.93,102,-6.89,19.52,14.37,0,0,0,0,0,,0,0,,0,0,0,0,0,0,25,8,6.98,43,-0.03,0.04,0.01,-0.06,,-0.02
Léider Riascos,Llaneros,Primera A,2026,800,Right Back,Colombia,26,03/07/00,0,0,0.02,0.03,0.68,0,17,1,,0,0,0.01,0.23,0,0.01,0.11,0,0,0.11,0,0.03,0.9,-0.03,1.24,0.79,0.45,64,1.24,0,1.13,1.46,1.35,1.26,2.25,2.03,14.18,5.85,0,5.63,35.21,9,2.7,2.36,3.71,72,2.56,3.82,1.13,36,0.9,68,1.69,0,10.69,9.46,4.05,2.14,0.9,39.95,4.05,38,1.24,58,0.45,0,0,29.48,72,2.36,9,48,2.59,4.61,12,62,-10,51.97,4.84,0.24,0.25,27.57,91,4.99,7.31,1.69,1.46,0.23,0.11,1.13,2.59,0,20,0.34,23,0.11,31,60,8,22,68,11,19.99,14.91,0.95,109,-5.08,18.91,16.19,0,0,0,0,0,,0,0,,0,0,0,0,0,0,30,11,2.94,27,0.1,0.05,0.02,-0.03,,0.15
Manuel Díaz,Deportivo Pereira,Primera A,2026,345,Centre Forward,Colombia,21,04/08/05,0,0,0.05,0.1,0.52,0,50,1,,0.18,0,0,0,0,0,0,0,0,0,0,0.05,0.52,-0.05,1.57,0.52,1.04,33,0.52,0,1.04,1.83,0,0,0.26,0.35,31.83,12.78,0.02,5.74,58.43,3.91,1.3,0.78,0.78,75,0.77,0.77,1.3,50,0.26,11,0.26,0,29.74,22.27,5.48,7.04,0.52,59.05,18.26,61,3.91,56,0.26,0,0,12,70,0.52,11,50,0.26,1.04,11,67,-4,55.31,0.52,0.16,0.18,11.22,77,4.4,3.13,0,0,0,0.52,2.61,2.61,0,,0.26,100,1.04,17,57,26,8,58,33,18.33,18.72,0.97,111,0.39,17.78,20.86,0,0,0,0,0,,0,0,,0,0,0,0,0,0,22,7,3.26,23,-0.01,0.01,0.03,-0.02,,0.01
Marco Pérez,Deportivo Pereira,Primera A,2026,972,Left Centre Forward,Colombia,36,17/09/90,0.28,0.19,0.12,0.12,1.02,18,64,4,100,0.11,0,0.02,0.37,0,0.02,0.37,0,0,0,0.19,0.14,1.39,0.05,0.28,0.19,0.09,67,1.02,0,0.65,1.11,0.19,0.13,0.74,0.57,11.76,4.17,0.01,3.98,60.55,3.7,2.13,0.19,0.37,100,0.15,0.27,0.37,,0,41,1.3,0,11.2,8.42,3.43,2.5,0.83,65.34,8.15,73,1.85,74,0.46,0,0,13.8,65,0.74,9,62,0.93,1.02,27,52,-13,53.49,0.83,0.11,0.27,10.09,89,3.75,2.04,0.19,0.09,0.09,0,2.31,2.41,0.09,50,0.09,33,0,14,56,30,14,64,23,16.42,15.65,1.03,108,-0.77,16.97,16.83,0,0,0,0,0,,0,0,,0,0,0,0,0,0,32,7,2.03,22,-0.02,-0.02,0,0.03,,0
Marcos Mina,América de Cali,Primera A,2026,356,Left Back,Colombia,27,11/04/99,0.25,0.25,0.09,0.12,0.76,33,33,1,,0.24,0,0.08,0.51,0,0.08,0.51,0,0,0,0.25,0.17,1.26,0.08,0.25,0.25,0,100,1.26,0,1.01,1.26,0.51,0.48,3.28,4.4,8.34,3.79,0,2.27,35.21,6.82,2.78,0.51,1.01,100,0.47,0.95,1.26,100,0,43,0.76,0,6.57,8.04,1.77,2.78,0.76,47.72,3.03,46,1.77,64,0.25,0,0,39.16,86,2.02,62,57,3.54,3.28,9,87,1,48.71,3.54,0.27,0.4,35.37,94,4.35,8.84,1.26,1.01,0.25,0,1.01,2.02,0,60,0.76,43,0,20,67,13,14,77,9,18.49,16.36,0.92,94,-2.14,17.05,15.37,0,0,0,0,0,,0,0,,0,0,0,0,0,0,18,8,3.08,14,0.09,0.08,0.03,0.17,,0.37
Marlon Carabalí,Cúcuta Deportivo,Primera A,2026,451,Left Wing,Colombia,23,09/01/03,0,0,0.12,0.07,1.6,0,38,3,,0.15,0.2,0.18,1.79,0.2,0.18,1.79,0,0,0,0.2,0.3,3.39,-0.1,2.19,1.6,0.6,73,1.6,0.2,3.79,3.79,0.2,0.18,0,0,20.34,11.76,0.02,5.58,50.89,5.18,2.79,0.4,0.6,40,0.23,0.4,1.2,0,0.6,38,0.6,0,18.74,13.37,4.98,3.59,1.6,50.92,9.17,49,2.79,78,0.2,0,0,29.11,78,2.79,14,67,0.4,3.79,16,84,6,59.62,4.19,0.25,0.45,33.89,83,6.48,10.37,2.19,1.79,0.4,0.6,2.79,4.59,0,55,1.4,44,0.6,13,72,15,13,69,17,18.12,13.55,0.96,103,-4.57,17.46,13.94,0,0,0,0,0,,0,0,,0,0,0,0,0,0,28,12,7.32,47,0.11,0.22,0,-0.02,,0.31
Marlon Sierra,Llaneros,Primera A,2026,1158,Centre Defensive Midfielder,Colombia,32,20/09/94,0,0,0,0.01,0.08,0,100,0,,0,0,0.03,0.39,0,0.03,0.39,0,0,0,0,0.03,0.47,-0.03,0.16,0.08,0.08,50,0.62,0,0.39,0.7,1.4,1.24,2.1,1.84,15.16,9.1,0.04,5.83,34.03,10.96,4.04,1.79,3.19,77,1.53,2.77,0.7,45,0.54,53,1.24,0,12.67,9.24,4.35,3.19,1.17,37.27,2.95,23,1.32,41,0.16,0,0,37.39,80,4.35,11,66,3.11,5.6,16,73,-6,44.74,3.96,0.27,0.27,25.97,97,4.57,5.36,0.08,0.08,0,0.16,0.16,0.23,0,0,0,0,0.16,22,70,8,28,71,1,23.49,22.08,0.96,98,-1.41,22.64,21.67,0,0,0,0,0,,0,0,,0,0,0,0,0,0,19,6,2.73,22,0.02,0.04,0.1,0,,0.16
Marlon Torres,América de Cali,Primera A,2026,1639,Right Centre Back,Colombia,30,16/04/96,0,0,0.02,0.18,0.11,0,50,0,,0.02,0,0.01,0.11,0,0.01,0.11,0,0,0,0,0.03,0.22,-0.03,0.27,0.16,0.11,60,0.66,0,0.05,0.33,0.6,0.78,2.47,2.89,8.46,4.12,0.04,4.17,26.61,8.18,0.99,0.93,1.54,89,1.2,1.98,1.04,67,0.11,52,0.77,0,6.65,7.96,3.08,1.1,0.49,29.75,1.1,17,0.44,40,0.33,0,0.05,46.68,89,2.97,7,59,3.35,4.12,12,79,-9,38.44,4.23,0.19,0.2,37.84,99,4.77,5.27,0.11,0.11,0,0.05,0.44,0.55,0,50,0.11,50,0.05,28,70,2,32,66,2,20.34,21.76,0.93,87,1.41,18.97,18.9,0,0,0,0,0,,0,0,,0,0,0,0,0,0,17,9,2.93,18,0.08,0.07,0.03,0.01,,0.19
Marlos Moreno,Atlético Nacional,Primera A,2026,1217,Left Wing,Colombia,30,19/09/96,0.52,0.52,0.27,0.11,2.51,21,50,4,,0.4,0.15,0.11,1.18,0.15,0.1,1.11,0,0,0.07,0.67,0.38,3.7,0.29,1.11,0.74,0.37,67,2.81,0,2.07,2.37,0.37,0.43,0.37,0.41,15.53,8.06,0.02,5.55,48.27,6.21,3.4,1.7,2.07,72,2.2,2.63,1.41,47,0.67,27,0.3,0,12.43,15.98,4.14,2.51,1.04,50.2,6.29,51,1.78,71,0.3,0,0,26.04,80,0.52,16,44,0.59,0.96,17,73,-7,63.74,3.11,0.49,0.69,30.62,88,6.74,10.8,1.48,1.33,0.15,0.3,4.07,5.4,0,30,0.59,29,0.3,13,66,22,13,65,22,16.21,16.82,0.97,97,0.61,15.78,16.29,0,0,0,0,0,,0,0,,0,0,0,0,0,0,20,7,5.75,30,0.03,0.14,0.01,0.07,,0.25
Martín Rea,Atlético Bucaramanga,Primera A,2026,801,Right Centre Back,Uruguay,29,12/11/97,0,0,0.02,0.07,0.34,0,0,0,,0,0.11,0,0.11,0.11,0,0.11,0,0,0,0.11,0.02,0.45,0.09,0,0,0,,0.11,0,0.11,0.11,0.9,0.99,4.04,4.56,8.65,4.83,0.06,5.28,27.61,8.2,1.69,0.9,1.8,80,1.06,2.05,1.01,60,0.22,55,1.35,0,6.74,7.56,3.59,1.01,0.45,31.31,0.9,13,0.34,33,0.22,0,0,36.51,86,3.15,16,51,4.38,5.84,7,52,-33,35,2.7,0.18,0.2,27.41,99,5.73,2.47,0,0,0,0,0.79,0.79,0,,0,,0,31,68,1,64,36,0,23.55,21.39,0.91,83,-2.17,21.36,17.85,0,0,0,0,0,,0,0,,0,0,0,0,0,0,15,7,2.29,17,0.04,0.04,0.07,-0.04,,0.11
Mateo Castillo,América de Cali,Primera A,2026,1389,Right Back,Colombia,23,14/03/03,0.13,0.13,0.11,0.08,1.3,10,20,2,,0.1,0,0.03,0.58,0,0.03,0.58,0,0,0,0.13,0.13,1.88,-0.01,1.43,1.04,0.39,73,1.68,0.13,0.84,1.3,0.78,0.91,1.81,2.09,9.59,4.54,0.04,3.76,32.43,6.74,2.4,1.17,1.94,69,1.49,2.41,0.84,30,0.52,67,0.91,0,7.58,9.47,2.53,1.56,0.45,37.94,2.46,32,0.91,58,0.13,0,0,32.07,83,2.07,4,48,2.4,3.69,15,82,-1,53.35,3.56,0.26,0.34,31.42,94,5.92,9.27,0.71,0.71,0,0.26,2.53,3.24,0,27,0.32,25,0.26,17,65,17,14,71,15,18.8,18.01,0.92,99,-0.78,17.34,17.91,0,0,0,0,0,,0,0,,0,0,0,0,0,0,23,12,4.85,31,0.05,0.13,0.05,-0.02,,0.21
Mateo Garavito,Deportivo Pasto,Primera A,2026,1944,Right Back,Colombia,26,23/10/00,0.05,0.05,0.01,0.06,0.23,20,40,0,,0.04,0,0.04,0.65,0,0.03,0.6,0,0,0.05,0.05,0.05,0.88,0,1.11,0.74,0.37,67,1.16,0,0.97,1.67,0.79,0.8,1.53,1.49,11.16,5.46,0.01,4.21,37.43,8.01,2.78,1.53,2.32,70,1.52,2.31,0.88,26,0.65,69,0.42,0.05,8.75,8.63,3.24,2.41,0.88,40.98,3.06,35,1.57,65,0.51,0,0,33.57,79,2.13,11,49,1.85,4.03,17,75,-4,50.12,3.7,0.19,0.22,31.62,94,4.89,7.96,0.88,0.6,0.28,0.14,0.56,1.16,0.09,26,0.37,19,0.09,26,62,12,25,60,15,19.09,15.65,0.92,100,-3.45,17.47,15.66,0,0,0,0,0,,0,0,,0,0,0,0,0,0,27,13,3.47,30,0.07,0.09,0.06,0,,0.22
Mateo García,Millonarios,Primera A,2026,2020,Right Centre Midfielder,Colombia,28,27/08/98,0.09,0.09,0.08,0.05,1.52,6,29,2,,0.13,0,0.06,0.85,0,0.06,0.85,0,0,0,0.09,0.14,2.36,-0.05,0.36,0.31,0.04,88,2.09,0,1.02,1.02,0.53,0.52,0.67,0.6,23.17,12.08,0.01,7.22,46.32,7.49,4.01,2.14,2.67,75,1.82,2.34,1.52,35,0.71,37,0.45,0,19.61,17.08,6.06,4.59,1.56,47.3,8.15,42,3.3,72,0.31,0,0.04,36.49,86,1.87,11,72,1.02,2.23,16,82,-4,53.52,6.06,0.45,0.53,33.51,95,4.59,10.92,0.67,0.62,0.04,0.04,1.74,2.36,0.04,20,0.18,36,0.22,18,70,12,22,71,7,17.75,17.28,1,108,-0.47,17.76,18.66,0,0,0,0,0,,0,0,,0,0,0,0,0,0,15,7,5.43,30,0.02,0.07,0.03,0,,0.12
Mateo Puerta,Santa Fe,Primera A,2026,587,Right Back,Colombia,29,11/06/97,0,0,0.03,0.1,0.31,0,50,1,,0,0.15,0.08,1.23,0.15,0.08,0.92,0,0,0.31,0.15,0.11,1.53,0.04,0.46,0.15,0.31,33,0.31,0,0.46,1.07,0.61,0.5,2.76,1.9,16.1,7.97,0.04,6.29,34.13,4.91,1.38,1.99,2.61,81,1.32,1.82,1.69,40,0.46,58,1.07,0,12.42,10.09,4.29,2.91,1.07,37.56,4.29,35,2.15,74,0.15,0,0,21.62,70,1.53,4,34,3.53,3.68,14,43,-28,49.22,2.91,0.13,0.18,18.86,93,3.94,4.14,0.92,0.46,0.46,0.15,1.53,1.99,0,17,0.15,13,0.31,33,62,5,33,59,7,21.54,20.13,0.87,64,-1.4,18.63,12.79,0,0,0,0,0,,0,0,,0,0,0,0,0,0,29,12,2.82,20,0.06,0.03,0.08,-0.02,,0.15
Mateo Rodas,Inter Bogotá,Primera A,2026,1262,Left Centre Back,Colombia,28,10/01/98,0.14,0.14,0.04,0.08,0.5,29,57,0,,0.11,0,0,0.07,0,0,0.07,0,0,0,0.14,0.04,0.57,0.1,0.43,0.36,0.07,83,0.57,0,0.14,0.29,0.43,0.22,5.78,4.54,13.26,6.63,0.06,6.7,23.79,7.27,1.78,1.71,2.14,89,1.17,1.39,1.64,63,0.21,46,1.21,0,9.91,6.7,4.63,1.21,0.5,28.67,1.14,12,0.5,41,0.36,0,0,34.23,75,5.21,24,45,7.2,10.27,9,50,-25,35.94,3.71,0.27,0.29,28.59,99,6.02,3.49,0.21,0.21,0,0.07,0.5,0.71,0.07,33,0.07,50,0.07,36,61,2,63,37,0,30.97,33.57,0.83,77,2.6,25.63,25.95,0,0,0,0,0,,0,0,,0,0,0,0,0,0,22,6,2.72,20,0.07,0.06,0.12,0.06,,0.31
Mateo Zuleta,Once Caldas,Primera A,2026,1094,Left Wing,Colombia,24,06/06/02,0.25,0.25,0.11,0.07,1.56,16,42,2,,0.16,0,0.13,1.73,0,0.07,0.9,0,0.06,0.82,0.25,0.24,3.29,0,1.81,1.23,0.58,68,3.13,0,1.32,2.55,0.58,0.56,0.08,0.06,19.25,8.64,0.01,5.68,47.28,5.43,2.55,1.56,2.14,51,1.73,2.28,1.56,5,1.48,31,0.41,0,16.12,16.44,4.69,3.7,1.23,48.63,7.49,46,2.88,78,0.49,0,0.08,34.55,82,1.4,11,46,0.16,2.96,17,73,-8,64.86,3.78,0.36,0.43,36.03,92,5.56,16.86,1.89,0.9,0.99,0.33,3.45,4.36,0,13,0.41,28,0.74,11,71,17,13,65,22,15.31,12.18,0.94,102,-3.13,14.41,12.43,0,0,0,0,0,,0,0,,0,0,0,0,0,0,23,10,7.16,45,0.01,0.12,0.01,0.05,,0.19
Mateus Uribe,Atlético Nacional,Primera A,2026,1740,Right Defensive Midfielder,Colombia,35,20/03/91,0.1,0.1,0.08,0.08,1.09,10,29,1,,0.11,0.05,0.07,1.03,0.05,0.07,1.03,0,0,0,0.16,0.15,2.12,0.01,0.67,0.36,0.31,54,0.41,0.05,0.41,1.03,1.24,1.5,1.6,1.8,18,8.95,0.03,6.62,42.21,8.64,3.93,2.07,3.31,69,2.54,4.04,1.34,43,0.93,54,1.09,0,14.64,16.8,4.91,3.05,1.14,45.87,6.52,45,2.17,71,0.16,0.05,0,38.89,86,2.59,8,71,1.97,3.26,14,75,-11,50.6,5.02,0.45,0.53,30.98,97,3.82,9.98,0.72,0.67,0.05,0.1,1.76,2.43,0.1,0,0,0,0.26,20,70,10,23,72,5,19.19,17.23,0.98,106,-1.97,18.82,18.28,0,0,0,0,0,,0,0,,0,0,0,0,0,0,14,7,6,31,0.01,0.07,0.09,0.03,,0.2
Matías López,Deportivo Cali,Primera A,2026,1057,Left Defensive Midfielder,Colombia,19,30/11/07,0.09,0.09,0.06,0.04,1.7,5,20,2,,0.08,0,0.14,1.7,0,0.13,1.36,0,0.01,0.34,0.09,0.2,3.41,-0.11,1.53,1.19,0.34,78,1.19,0,1.02,1.53,1.19,1.03,1.28,1.37,22.32,11.33,0.06,5.71,43.84,12.44,6.64,2.38,3.58,76,2.37,3.4,2.38,38,0.77,71,1.02,0,17.55,16.77,4.94,4,1.28,46.38,7.92,45,2.3,57,0.26,0,0,43.52,81,4.77,9,57,2.38,7.24,18,76,-4,53.44,5.79,0.54,0.61,36.54,94,4.57,10.65,1.7,1.02,0.68,0.09,0.6,1.62,0.09,30,0.6,50,0.34,17,70,13,30,64,6,21.66,18.55,0.93,99,-3.11,20.25,18.28,0,0,0,0,0,,0,0,,0,0,0,0,0,0,18,7,6.74,45,0.03,0.09,0.04,0.01,,0.16
Matías Pisano,Deportivo Pasto,Primera A,2026,1462,Centre Attacking Midfielder,Argentina,35,12/12/91,0,0,0.08,0.05,1.6,0,12,1,,0.02,0.06,0.26,3.26,0.06,0.17,2.09,0,0.1,1.17,0.06,0.34,4.86,-0.28,1.91,1.54,0.37,81,1.6,0.06,2.28,1.66,0.43,0.47,0.25,0.27,18.1,8.37,0.02,4.12,52.24,5.97,3.57,1.48,1.91,60,1.57,2.04,1.23,24,0.98,40,0.12,0,15.39,17.53,3.51,4,1.35,52.94,8.49,55,2.52,63,0.43,0.06,0,52.5,82,5.72,82,59,1.17,8.74,17,84,3,58.82,8.8,0.47,0.55,51.4,93,5.71,20.31,4.12,2.59,1.54,0.31,1.91,4.49,0.06,16,0.86,37,0.49,15,73,12,18,71,10,21.12,18.04,0.92,94,-3.08,19.41,17,0,0,0,0,0,,0,0,,0,0,0,0,0,0,18,7,8.96,60,0.17,0.14,0.03,-0.06,,0.28
Mauricio Castaño,Jaguares de Córdoba,Primera A,2026,1008,Left Back,Colombia,33,05/12/93,0,0,0.01,0.01,0.36,0,0,0,,0,0,0.04,0.45,0,0.04,0.45,0,0,0,0,0.05,0.8,-0.05,0.09,0.09,0,100,0.45,0,0.27,0.54,0.45,0.36,2.05,1.28,17.68,10.18,0.01,5,32.63,7.68,2.5,1.43,1.88,47,1.15,1.51,2.05,33,1.61,53,0.8,0,14.2,10.33,4.02,2.23,0.63,35.43,2.77,19,1.25,56,0.36,0,0,27.95,76,2.23,87,45,2.86,4.11,15,69,-7,43.71,2.5,0.24,0.25,21.52,97,3.54,4.2,0.71,0.63,0.09,0.09,0.36,0.98,0,50,0.45,38,0.09,33,57,10,36,53,11,22.17,19.06,0.86,96,-3.1,18.97,18.3,0,0,0,0,0,,0,0,,0,0,0,0,0,0,25,10,2.59,23,0.1,0.03,-0.02,0,,0.11
Mauricio Duarte,Cúcuta Deportivo,Primera A,2026,1712,Left Back,Colombia,34,23/06/92,0,0,0.02,0.04,0.47,0,44,0,,0.04,0.05,0.01,0.42,0.05,0.01,0.42,0,0,0,0.05,0.03,0.89,0.02,0.58,0.42,0.16,73,0.47,0,0.68,0.74,0.63,0.46,1.52,1.33,11.57,4.89,0.03,4,32.54,7.41,2.47,1.47,2.1,76,1.25,1.72,1.31,56,0.47,65,0.79,0,8.78,7.24,2.68,2,0.63,36.72,2.37,27,1.26,63,0.26,0,0.05,33.44,83,1.31,87,45,1.79,2.63,12,74,-9,44.94,2.79,0.32,0.37,27.39,95,4.14,6.36,0.84,0.58,0.26,0.11,1.05,1.63,0,25,0.37,23,0.11,25,66,9,25,69,7,18.22,17.58,0.94,95,-0.64,17.19,16.62,0,0,0,0,0,,0,0,,0,0,0,0,0,0,24,12,4.97,40,0.09,0.05,0.02,-0.02,,0.14
Mauro Silveira,Junior,Primera A,2026,2626,Goalkeeper,Uruguay,26,05/05/00,0,0,0,,0,,,0,,0,0,0,0.07,0,0,0.03,0,0,0.03,0,0,0.07,0,0,0,0,,0.24,0,0,0,0,0,0.03,0.03,0.17,0.03,0,7.99,2.67,3.63,0,0,0,0,0,0,0.1,67,0.03,,0,0,0.07,0.02,0.07,0,0,12.35,0,0,0,,0.21,0,0,11.31,70,4.73,19,44,0.99,9.73,8,59,-11,10.27,0.86,0.06,0.06,9.97,100,5.9,0.31,0,0,0,0,0,0,0,,0,,0,51,49,0,100,0,0,42.38,42.6,0.75,82,0.23,31.86,35.07,0.96,0.86,-0.1,72,75,-3,0.95,3.43,27,12.72,1.75,0.17,0.1,19.33,0,28,2,1.23,8,0.06,0.04,-0.05,,-0.14,-0.09
Maximiliano Lovera,Santa Fe,Primera A,2026,668,Left Wing,Argentina,27,08/03/99,0,0,0.04,0.03,1.35,0,30,1,,0.03,0.13,0.31,2.83,0,0.25,1.89,0.13,0.07,0.94,0.13,0.35,4.18,-0.22,2.56,1.08,1.48,42,2.16,0,2.83,3.77,0.54,0.31,0.54,0.32,17.93,8.22,0.01,5.39,47.5,4.99,2.29,1.35,1.89,83,0.87,1.18,0.94,33,0.27,20,0.13,0,15.63,13.44,4.99,3.64,1.21,49.8,7.82,50,2.56,70,0.27,0,0,29.92,70,3.37,10,40,0.94,8.09,14,68,-1,59.83,5.39,0.35,0.49,35.31,82,6.36,8.9,2.43,1.21,1.21,0.13,0.67,1.89,0,33,0.94,39,0.13,16,70,14,23,71,6,22.61,16.66,0.87,109,-5.95,19.56,18.11,0,0,0,0,0,,0,0,,0,0,0,0,0,0,30,8,7.8,51,0.05,0.05,0.02,-0.04,,0.08
Mayer Gil,Deportivo Pasto,Primera A,2026,1144,Left Wing,El Salvador,23,06/09/03,0.16,0.16,0.09,0.05,1.81,9,35,2,,0.13,0.16,0.2,1.1,0.16,0.2,1.1,0,0,0,0.31,0.29,2.91,0.02,2.36,1.73,0.63,73,1.26,0,2.6,1.89,0.55,0.54,0.79,0.8,8.89,4.09,0,2.52,46.98,4.48,1.89,0.63,1.18,67,0.7,1.24,0.87,33,0.31,31,0.31,0,7.55,8.6,1.81,1.65,0.47,52.93,4.01,53,1.1,67,0.08,0,0,25.17,74,1.34,10,49,1.42,2.12,23,71,-3,56.43,3.3,0.24,0.43,29.1,85,6.31,7.39,1.34,1.1,0.24,0.31,2.36,3.46,0.08,18,0.39,21,0.39,12,77,12,16,74,10,18.61,17.09,0.89,91,-1.52,16.61,15.52,0,0,0,0,0,,0,0,,0,0,0,0,0,0,27,9,2.98,24,0.14,0.1,0.01,0.02,,0.27
Michael Barrios,Once Caldas,Primera A,2026,1299,Right Wing,Colombia,35,20/04/91,0.14,0.14,0.13,0.07,1.8,8,42,2,,0.22,0.07,0.12,1.18,0.07,0.12,1.18,0,0,0,0.21,0.25,2.98,-0.04,1.04,0.55,0.48,53,1.59,0.14,1.04,3.26,0.69,0.73,0.21,0.26,9.83,4.29,0.02,2.77,51.45,3.53,1.87,0.69,1.39,50,0.61,1.33,0.62,9,0.69,50,0.62,0,8.52,8.96,2.08,1.59,0.42,54.88,5.4,63,1.32,83,0.14,0,0,25.49,77,0.35,12,42,0.35,0.69,16,61,-16,62.62,2.63,0.33,0.46,27.43,88,4.49,10.18,0.76,0.76,0,0.42,3.81,4.57,0.07,0,0.35,24,0.55,16,65,19,19,57,24,15.22,15.13,0.97,101,-0.09,14.84,15.33,0,0,0,0,0,,0,0,,0,0,0,0,0,0,22,9,3.86,25,-0.03,0.16,-0.03,0.06,,0.15
Miguel Aguirre,Deportivo Pereira,Primera A,2026,1248,Left Wing,Colombia,19,04/01/07,0,0,0.04,0.05,0.79,0,18,1,,0.08,0,0.04,0.65,0,0.04,0.65,0,0,0,0,0.08,1.44,-0.08,1.3,0.65,0.65,50,1.66,0,1.59,2.89,0.87,0.66,0.87,0.47,21.13,11.83,0.01,5.41,39.65,6.71,3.32,1.95,2.81,71,1.26,1.92,1.15,21,0.79,34,0.79,0.07,18.03,12.85,4.62,3.89,0.87,41.56,4.9,27,2.02,52,0.14,0,0,23.51,77,1.37,15,58,1.08,2.16,22,68,-9,52.98,2.52,0.34,0.4,23.8,85,5.64,6.56,0.5,0.36,0.14,0.22,1.15,1.51,0.22,0,0.07,10,0.22,21,61,18,26,56,18,18.41,14.98,0.97,111,-3.43,17.88,16.56,0,0,0,0,0,,0,0,,0,0,0,0,0,0,25,10,2.88,32,0.01,0.06,0.05,0.01,,0.13
Miguel Ortega,Deportes Tolima,Primera A,2026,395,Goalkeeper,Mexico,31,12/04/95,0,0,0,,0,,,0,,0,0,0,0,0,0,0,0,0,0,0,0,0,0,0,0,0,,0,0,0,0,0,0,0,0,0,0,0,8.21,2.64,4.11,0,0,0,,0,0,0,,0,,0,0,0,0,0,0,0,,0,,0,,0,0,0,20.53,89,3.88,62,55,0.91,6.16,10,77,-12,12.32,0.46,0.18,0.18,16.88,100,6.02,0.46,0,0,0,0,0,0,0,,0,,0,38,60,2,100,0,0,26.54,30.48,0.8,71,3.95,21.28,21.77,1.37,0.69,-0.68,65,82,-17,1.05,3.88,31,12.54,1.64,0,0,18.75,-3,9,2,1.09,6,0.07,0.05,,,-0.81,-0.69
Miguel Ortega,Llaneros,Primera A,2026,1474,Goalkeeper,Mexico,31,12/04/95,0,0,0,,0,,,0,,0,0,0,0.12,0,0,0.12,0,0,0,0,0,0.12,0,0.06,0.06,0,100,0.06,0,0,0,0,0,0,0,0.18,0.06,0,5.56,2.8,3.54,0.06,0.06,0.06,33,0.07,0.07,0,0,0.12,,0,0.06,0.12,0.09,0.06,0,0,6.65,0,0,0,,0.06,0,0,20.94,74,8.06,64,52,2.69,12.76,18,63,-11,13.46,1.16,0.11,0.11,18.56,100,5.92,0.61,0,0,0,0,0,0,0,,0,,0,42,58,0,90,10,0,40.46,37.83,0.82,81,-2.64,33.26,30.48,0.79,0.96,0.17,74,68,6,1.14,3.05,27,11.17,1.75,0.12,0.12,20.15,1,26,3,1.65,14,0.08,0.06,0,,0.1,0.24
Miguel Pernía,Fortaleza CEIF,Primera A,2026,493,Left Back,Venezuela,26,31/10/00,0,0,0.03,0.02,1.28,0,0,1,,0,0.18,0.07,0.73,0.18,0.07,0.73,0,0,0,0.18,0.09,2.01,0.09,0.73,0.55,0.18,75,0.55,0,0.55,0.55,1.46,1.07,3.28,3.22,9.85,5.11,0.02,3.47,37.2,8.58,2.92,0.91,2.37,100,0.92,1.99,1.09,100,0,53,1.46,0,7.85,8.58,2.01,0.18,0,38.82,2.01,26,0.18,100,0,0,0.18,32.66,70,3.28,77,43,4.38,6.57,11,72,2,50.53,4.74,0.36,0.41,27.37,97,5.78,7.12,0.36,0.36,0,0,2.01,2.37,0.36,100,0.55,17,0,27,64,9,28,54,18,23.9,22.56,0.86,83,-1.34,20.63,18.82,0,0,0,0,0,,0,0,,0,0,0,0,0,0,27,11,5.62,42,0.04,0.08,0.05,-0.05,,0.12
Miguel Silva,Fortaleza CEIF,Primera A,2026,1482,Goalkeeper,Venezuela,26,27/07/00,0,0,0,,0,,,0,,0,0,0,0,0,0,0,0,0,0,0,0,0,0,0,0,0,,0,0,0,0.06,0,0,0,0,0.24,0.18,0,5.59,2.75,4.43,0,0,0,,0,0,0.12,,0,,0,0,0.12,0.11,0.12,0.06,0.06,6.94,0,0,0,0,0.12,0,0,21.26,73,6.86,6,49,3.52,10.51,17,53,-20,11.77,0.73,0.11,0.11,18.95,100,4.14,0.24,0.06,0.06,0,0,0,0.06,0,0,0,,0,48,52,0,100,0,0,38.5,47.33,0.77,78,8.83,29.7,36.93,0.85,0.76,-0.09,64,68,-4,0.84,2.37,27,8.75,2.08,0.36,0.24,20.65,2,24,3,1.22,8,0.09,0.05,-0.08,,-0.15,-0.1
Milton Casco,Atlético Nacional,Primera A,2026,1999,Left Back,Argentina,38,10/04/88,0.09,0.09,0.03,0.06,0.45,20,50,1,,0.04,0.09,0.07,0.95,0.09,0.06,0.9,0,0,0.05,0.18,0.09,1.4,0.09,0.5,0.27,0.23,55,0.95,0.05,0.63,0.9,0.63,0.77,1.49,1.93,11.3,5.49,0.01,3.51,39.24,7.93,3.15,1.8,2.43,74,2.25,3.02,1.26,36,0.63,48,0.9,0.09,8.24,10.5,2.75,1.94,0.59,42.31,3.29,40,1.35,70,0.32,0,0,36.97,84,2.52,43,55,2.12,3.96,12,76,-8,51.87,5.09,0.37,0.43,31.7,96,4.08,9.86,1.26,1.22,0.05,0.14,1.26,2.48,0.09,43,0.72,36,0.14,21,67,11,21,69,10,19.97,20.43,0.93,100,0.45,18.59,20.45,0,0,0,0,0,,0,0,,0,0,0,0,0,0,22,12,5.71,29,0.16,0.1,0.03,0.01,,0.3
Misael Martínez,Alianza Valledupar,Primera A,2026,458,Centre Forward,Colombia,28,24/03/98,0.39,0.39,0.36,0.14,2.56,15,46,5,,0.49,0,0.07,0.2,0,0.07,0.2,0,0,0,0.39,0.43,2.75,-0.04,0.59,0.59,0,100,1.77,0,2.16,2.75,0,0,0.59,0.36,20.26,9.64,0,3.74,63.91,2.36,1.18,0.59,0.59,50,0.49,0.49,2.56,25,0.59,70,2.75,0,17.11,13.55,3.34,3.15,0.79,66.1,12.39,72,2.75,88,0.39,0,0,12.39,68,0.2,12,25,0.59,0.79,15,27,-41,55.93,1.18,0.17,0.52,13.77,74,5.46,2.36,0,0,0,0.2,4.33,4.33,0,,0.2,50,0.2,19,57,24,17,58,25,16.26,12.55,0.96,108,-3.71,15.62,13.54,0,0,0,0,0,,0,0,,0,0,0,0,0,0,39,8,2.38,17,0,-0.03,0.01,0.15,,0.13
Málcom Palacios,Independiente Medellín,Primera A,2026,304,Left Centre Back,Colombia,22,07/02/04,0,0,0.01,0.03,0.3,0,0,0,,0,0,0.01,0.59,0,0.01,0.59,0,0,0,0,0.02,0.89,-0.02,0.89,0.59,0.3,67,1.18,0,0.89,0.59,1.48,1.86,4.14,3.68,11.24,5.62,0.04,4.14,30.05,7.99,2.66,1.48,2.96,71,1.63,3.48,0.89,33,0.59,36,1.18,0,8.88,11.55,3.85,1.48,0.89,37.21,2.07,23,0.89,60,0,0,0,37.87,92,3.85,16,81,4.44,4.44,7,67,-25,39.46,2.96,0.18,0.19,31.07,95,3.42,3.55,0.3,0.3,0,0,0.59,0.89,0,0,0,0,0,21,72,8,33,50,17,21.37,16.49,0.98,112,-4.88,20.95,18.52,0,0,0,0,0,,0,0,,0,0,0,0,0,0,16,9,5.59,26,0.03,0.05,0.1,-0.01,,0.18
Nahuel Bustos,Santa Fe,Primera A,2026,1241,Centre Attacking Midfielder,Argentina,28,03/07/98,0.43,0.36,0.29,0.1,2.75,13,50,5,100,0.28,0.29,0.1,1.3,0.29,0.09,1.16,0,0.01,0.14,0.65,0.38,4.06,0.27,0.94,0.29,0.65,31,1.67,0.07,1.96,3.55,0.22,0.19,0.43,0.35,17.91,7.97,0.03,4.35,59.96,4.42,3.12,1.09,1.3,58,0.97,1.16,1.16,8,0.8,17,0.36,0,15.66,13.23,3.62,4.06,1.09,61.64,11.31,72,3.41,84,0.29,0,0,19.43,70,1.09,16,47,0.58,2.17,18,70,0,61.08,1.67,0.29,0.54,20.73,80,4.14,6.38,0.87,0.65,0.22,0.07,4.06,4.71,0.14,8,0.07,10,0.36,15,70,16,10,76,14,18.19,13.03,0.96,112,-5.17,17.45,14.56,0,0,0,0,0,,0,0,,0,0,0,0,0,0,24,6,3.16,21,-0.07,0.13,-0.05,-0.12,,-0.12
Neto Volpi,Deportes Tolima,Primera A,2026,1789,Goalkeeper,Brazil,34,31/07/92,0,0,0,,0,,,0,,0,0,0.01,0.1,0,0.01,0.1,0,0,0,0,0.01,0.1,-0.01,0.05,0.05,0,100,0.1,0,0.05,0,0,0,0,0,0.1,0,0,6.39,2.7,3.37,0.05,0,0,0,0,0,0,100,0.05,,0,0.05,0.1,0.11,0.1,0,0,9.19,0,0,0,,0,0,0,19.37,67,5.23,15,38,2.82,11.07,17,64,-3,11.4,0.91,0.19,0.19,15.95,100,4.55,0.5,0,0,0,0,0,0,0,,0,,0,50,50,0,80,20,0,38.87,40.55,0.7,75,1.67,27.03,30.25,0.6,0.65,0.05,76,75,2,0.7,2.57,24,10.61,1.55,0.05,0.05,16.75,-2,28,5,1.93,12,0.07,0.06,0,,0.02,0.15
Nicolas Rengifo,Deportivo Pereira,Primera A,2026,1336,Left Defensive Midfielder,Colombia,22,02/07/04,0,0,0.02,0.03,0.54,0,0,1,,0,0,0,0.2,0,0,0.2,0,0,0,0,0.02,0.74,-0.02,0.88,0.54,0.34,62,0.2,0,0.74,1.08,1.01,0.78,2.49,1.79,13,7.14,0.02,4.92,29.38,6.94,1.75,1.42,2.43,81,1.25,2.03,0.74,50,0.34,48,0.67,0.07,10.85,7.55,3.64,1.35,0.47,33.52,2.02,19,0.47,35,0.13,0,0,35.24,87,3.44,10,72,2.9,4.38,16,80,-7,40.14,1.82,0.21,0.21,29.51,95,4.75,2.43,0,0,0,0,0.27,0.27,0,,0.07,100,0,19,73,8,36,64,0,21.1,18.16,0.97,99,-2.94,20.37,18.06,0,0,0,0,0,,0,0,,0,0,0,0,0,0,17,8,2.27,21,-0.03,0.05,0.11,-0.02,,0.12
Nicolás Gil,Deportivo Pasto,Primera A,2026,2281,Left Centre Back,Colombia,29,31/03/97,0,0,0.01,0.05,0.32,0,13,0,,0.01,0.08,0.02,0.24,0.04,0.02,0.2,0.04,0,0.04,0.08,0.04,0.55,0.04,0.2,0.2,0,100,0.39,0,0.32,0.16,0.95,1.09,4.06,4.08,12.35,5.8,0.05,7.14,26.18,8.36,1.26,1.97,2.92,77,2.01,3.1,0.75,59,0.59,60,2.33,0.04,9.7,10.34,4.81,1.26,0.63,28.94,1.14,12,0.47,38,0.16,0.04,0.04,34.64,88,2.64,80,56,5.29,3.47,14,74,-14,34.39,1.81,0.23,0.25,26.83,99,4.28,2.13,0.08,0.04,0.04,0.12,0.99,1.03,0.08,0,0,0,0.08,32,65,3,44,54,2,21.29,25.52,0.91,91,4.23,19.4,23.2,0,0,0,0,0,,0,0,,0,0,0,0,0,0,20,10,2.21,17,0.06,0.04,0.04,-0.02,,0.12
Nicolás Hernández,América de Cali,Primera A,2026,988,Left Centre Back,Colombia,28,17/01/98,0,0,0.02,0.07,0.27,0,0,0,,0,0.09,0,0.18,0.09,0,0.18,0,0,0,0.09,0.02,0.46,0.07,0.09,0.09,0,100,0.27,0,0,0,0.64,0.84,4.19,5.6,7.19,4.19,0.06,3.46,27.31,5.65,0.91,0.91,1.55,100,1.18,2.02,1.09,,0,52,1.27,0,5.19,7.1,2.09,0.46,0.18,33.64,1.37,26,0.18,40,0.18,0,0.09,42.61,92,3.1,80,76,4.73,3.55,11,83,-9,34.33,2.46,0.31,0.32,36.06,100,6.6,2.55,0.09,0.09,0,0,1.09,1.18,0,0,0,,0.09,21,76,2,29,71,0,21.59,22.65,0.97,102,1.06,21,23.19,0,0,0,0,0,,0,0,,0,0,0,0,0,0,12,7,3.48,19,0.01,0.05,-0.04,-0.03,,-0.01
Nicolás Lara,Rionegro,Primera A,2026,536,Left Centre Back,Colombia,23,22/02/03,0.17,0.17,0.03,0.05,0.5,33,100,0,,0.1,0,0.05,0.17,0,0.05,0.17,0,0,0,0.17,0.08,0.67,0.09,0.17,0.17,0,100,0.5,0,0,0,2.01,2.01,4.7,3.8,11.74,6.21,0.06,4.19,29.36,7.05,1.68,1.17,3.19,64,1.32,3.33,1.85,33,0.67,56,1.68,0,8.72,8.09,2.68,1.68,0.67,38.54,2.85,33,1.01,60,0.34,0,0,28.86,74,2.68,81,48,5.87,4.36,15,55,-19,41.58,3.19,0.14,0.21,22.14,100,4.72,4.03,0.17,0.17,0,0.17,1.01,1.17,0,0,0,0,0.17,30,65,4,42,54,4,23.34,25.39,0.91,102,2.04,21.2,26,0,0,0,0,0,,0,0,,0,0,0,0,0,0,20,4,2.33,22,0.13,0.04,0.04,0.05,,0.26
Nicolás Rodríguez,Atlético Nacional,Primera A,2026,1243,Right Wing,Colombia,22,24/04/04,0,0,0.08,0.05,1.45,0,20,2,,0.02,0.22,0.15,1.3,0.22,0.15,1.3,0,0,0,0.22,0.22,2.75,-0.01,1.38,0.94,0.43,68,1.16,0,1.95,1.95,0.36,0.47,0.14,0.18,18.89,9.05,0.01,5.94,55.61,5.28,3.04,2.32,2.68,70,2.85,3.32,1.52,36,1.01,30,0.22,0,15.35,19.64,5.07,4.05,1.67,57.01,10.06,66,3.55,88,0.22,0,0,24.83,78,0.87,85,44,0.43,1.67,20,79,1,59.86,3.04,0.43,0.53,27.36,88,6.1,9.12,0.94,0.94,0,0.22,2.53,3.47,0.14,31,0.36,25,0.29,12,74,15,10,71,18,18.14,15.33,0.94,104,-2.81,17.07,15.95,0,0,0,0,0,,0,0,,0,0,0,0,0,0,22,10,5.34,31,0.06,0.05,0.02,-0.04,,0.1
Nicolás Valencia,Boyacá Chicó,Primera A,2026,912,Left Defensive Midfielder,Colombia,25,25/05/01,0.1,0.1,0.03,0.04,0.79,13,13,1,,0.05,0,0.01,0.39,0,0.01,0.39,0,0,0,0.1,0.04,1.18,0.06,0.39,0.2,0.2,50,1.78,0,0.99,1.18,0.89,0.78,1.18,0.69,23.6,13.53,0.02,7.6,41.8,8.29,4.25,1.88,2.76,73,1.21,1.99,1.97,36,0.69,38,0.59,0,19.75,15.5,5.92,5.33,1.48,43.48,7.31,37,2.57,48,0.3,0,0,36.93,87,2.57,6,62,1.88,3.46,18,81,-6,48.71,5.63,0.22,0.23,31.59,94,4.05,7.4,0.39,0.39,0,0,0.49,0.89,0,0,0,0,0.2,19,70,10,29,65,5,19.63,18.48,0.94,92,-1.15,18.38,16.98,0,0,0,0,0,,0,0,,0,0,0,0,0,0,14,7,3.16,30,0.01,0.05,0.04,0.02,,0.12
Néider Ospina,Llaneros,Primera A,2026,1376,Right Centre Midfielder,Colombia,23,26/01/03,0.26,0.26,0.19,0.08,2.49,11,34,4,,0.21,0.26,0.16,2.22,0.13,0.1,1.44,0.13,0.06,0.78,0.52,0.35,4.71,0.17,1.31,0.72,0.59,55,0.59,0,0.98,1.63,0.33,0.21,0.33,0.24,12.16,6.08,0,4.05,52.52,6.34,3.92,1.18,1.5,56,1.12,1.34,0.46,28,0.92,8,0.13,0,10.53,8.99,3.4,2.49,0.92,53.68,6.02,57,1.96,79,0.07,0,0,26.94,72,3.2,86,49,0.52,6.34,18,71,-1,61.59,5.69,0.44,0.56,27.86,92,5.32,10.99,3.4,1.63,1.77,0.26,2.62,4.25,0.07,8,0.52,40,0.26,23,66,11,31,62,7,22.34,16.2,0.93,98,-6.15,20.68,15.92,0,0,0,0,0,,0,0,,0,0,0,0,0,0,32,12,6.27,49,0.12,0.08,0.01,0.03,,0.23
Néider Parra,Atlético Nacional,Primera A,2026,624,Right Centre Back,Colombia,21,29/04/05,0,0,0.07,0.17,0.43,0,0,0,,0,0,0.07,0.29,0,0.07,0.29,0,0,0,0,0.14,0.72,-0.14,0,0,0,,0.72,0,0,0.14,0.87,1,2.89,2.96,8.8,3.61,0.15,3.9,25.06,8.95,1.88,1.01,1.88,70,0.92,1.92,1.59,25,0.43,67,1.44,0,6.35,7.28,2.6,1.3,0.58,32.75,1.59,25,0.58,44,0.14,0,0,41.43,90,2.02,8,56,3.75,2.74,9,68,-22,40.2,4.62,0.35,0.48,35.51,100,5.15,4.76,0.14,0.14,0,0,0.43,0.58,0,100,0.14,50,0,23,72,5,27,70,3,21.25,21.91,0.97,93,0.66,20.69,20.39,0,0,0,0,0,,0,0,,0,0,0,0,0,0,13,8,3.29,19,0.04,-0.06,0.12,0.01,,0.11
Omar Albornoz,Cúcuta Deportivo,Primera A,2026,403,Right Wing,Colombia,31,27/09/95,0.22,0.22,0.08,0.17,0.45,50,100,0,,0.22,0,0.08,1.34,0,0.08,0.89,0,0,0.45,0.22,0.16,1.79,0.06,1.12,0.45,0.67,40,0.67,0,1.34,1.12,0.45,0.42,1.56,0.7,7.59,2.46,0.01,2.01,35.56,5.58,1.56,0.45,0.89,67,0.3,0.73,0.67,0,0.22,29,0.45,0,6.48,5.03,1.79,1.56,0.45,40.6,2.68,41,1.12,71,0.45,0,0,32.16,80,0.89,82,44,1.56,2.01,20,78,-1,54.18,2.23,0.23,0.34,30.82,92,5.55,8.71,1.34,0.89,0.45,0.45,2.46,3.35,0,33,0.45,29,0.67,14,71,16,8,72,21,16.23,14.96,0.93,99,-1.27,15.06,14.85,0,0,0,0,0,,0,0,,0,0,0,0,0,0,24,12,4.02,39,0.01,0.07,-0.14,0.16,,0.1
Omar Bertel,América de Cali,Primera A,2026,2415,Left Back,Colombia,30,08/09/96,0,0,0.02,0.04,0.45,0,17,0,,0.01,0.07,0.09,1.04,0.07,0.09,1.04,0,0,0,0.07,0.1,1.49,-0.03,0.6,0.56,0.04,94,0.37,0,0.48,0.34,1.27,1.56,2.98,3.4,11.29,6.26,0.01,5.07,31.11,8.64,2.5,1.71,2.98,75,2.11,3.67,0.75,61,0.56,55,1.08,0.11,8.91,11.05,3.69,1.68,0.63,36.09,2.46,28,1.04,62,0.04,0,0,43.82,82,2.65,81,55,3.61,4.14,11,71,-10,46.81,4.32,0.31,0.35,35.62,98,3.92,9.13,1.19,1.16,0.04,0.19,1.08,2.24,0.11,56,0.86,42,0.15,29,63,8,23,66,11,19.26,19.73,0.94,92,0.47,18.13,18.1,0,0,0,0,0,,0,0,,0,0,0,0,0,0,22,11,5.27,35,0.13,0.06,0.07,-0.02,,0.24
Omar Fernández,Santa Fe,Primera A,2026,1835,Left Wing,Colombia,33,10/02/93,0.25,0.25,0.21,0.17,1.28,19,46,2,,0.25,0.34,0.22,2.16,0.25,0.15,1.32,0.1,0.07,0.83,0.59,0.43,3.43,0.16,1.08,0.74,0.34,68,0.88,0,0.83,1.77,0.54,0.4,0.34,0.26,12.85,7.11,0,3.29,48.32,6.62,3.63,0.74,1.28,47,0.51,0.91,0.15,17,0.83,14,0.1,0,11.97,9.37,2.89,2.65,0.98,49.97,5.84,49,1.86,70,0.05,0,0,29.38,75,2.21,7,43,0.64,4.81,17,77,2,61.36,3.63,0.37,0.52,27.27,93,5.66,10.84,2.21,0.98,1.23,0.49,2.65,3.63,0.1,20,0.78,41,0.54,15,68,18,17,65,18,19.01,14.13,0.88,105,-4.88,16.75,14.77,0,0,0,0,0,,0,0,,0,0,0,0,0,0,27,10,5.42,41,0.1,0.08,0.01,0.1,,0.29
Oscar Caicedo,Boyacá Chicó,Primera A,2026,697,Right Wing,Colombia,20,23/03/06,0,0,0.02,0.03,0.65,0,20,2,,0,0.13,0.06,0.39,0.13,0.06,0.39,0,0,0,0.13,0.08,1.03,0.05,1.68,0.65,1.03,38,0.78,0,2.2,3.62,0.52,0.63,1.16,1.17,20.16,9.17,0,3.1,47.69,5.3,2.33,1.03,1.55,57,0.6,1.22,3.1,25,0.78,36,1.16,0,16.02,13.67,2.71,3.23,0.65,50.28,8.27,52,2.71,84,0.13,0,0,18.74,74,0.26,16,33,1.29,0.65,13,70,-4,55.48,1.68,0.06,0.14,21.06,76,5.04,5.3,0.13,0.13,0,0.26,2.07,2.2,0,100,0.39,27,0.52,16,69,15,7,71,22,15.51,14.74,0.95,110,-0.77,14.74,16.24,0,0,0,0,0,,0,0,,0,0,0,0,0,0,23,8,2.47,22,0.01,0,-0.01,-0.03,,-0.03
Pedro Franco,Alianza Valledupar,Primera A,2026,2270,Left Centre Back,Colombia,35,22/04/91,0.04,0.04,0.05,0.15,0.32,13,13,0,,0.04,0,0.01,0.4,0,0.01,0.36,0,0,0.04,0.04,0.06,0.71,-0.02,0.12,0.12,0,100,0.24,0,0.04,0.08,1.19,0.96,3.61,2.58,9.24,5.51,0.05,5,25.14,7.85,1.51,0.91,2.1,68,0.85,1.81,0.63,44,0.44,61,1.67,0.04,7.69,6.11,3.33,1.39,0.52,29.98,1.19,15,0.52,37,0.16,0,0,43.14,85,4.56,13,55,4.84,7.02,12,72,-13,35.09,3.73,0.25,0.26,36,100,5.27,3.73,0.16,0.16,0,0.12,0.71,0.87,0,0,0,0,0.12,29,67,4,43,53,4,24.29,23.96,0.91,90,-0.33,22.02,21.65,0,0,0,0,0,,0,0,,0,0,0,0,0,0,18,7,3.38,27,0.04,0.06,-0.01,-0.01,,0.09
Pedro Gallese,Deportivo Cali,Primera A,2026,2404,Goalkeeper,Peru,36,22/02/90,0,0,0,,0,,,0,,0,0,0,0,0,0,0,0,0,0,0,0,0,0,0,0,0,,0.19,0,0,0,0,0,0,0,0,0,0,5.73,2.51,3.14,0,0,0,,0,0,0,,0,0,0,0,0,0,0,0,0,,0,,0,,0.07,0,0,12.99,69,5.65,77,46,1.53,10.74,11,62,-7,11.78,0.86,0.13,0.13,11.34,100,6.28,0.34,0.04,0.04,0,0,0,0.04,0.07,0,0,,0,53,46,0,100,0,0,42.96,42.53,0.79,81,-0.44,33.75,34.35,0.75,0.7,-0.05,72,74,-2,0.74,2.7,29,9.25,1.89,0.07,0.07,16.32,-3,27,3,1.28,9,0.05,0.05,,,-0.01,0.09
Pipe Gómez,Once Caldas,Primera A,2026,1700,Left Wing,Colombia,27,10/10/99,0.21,0.21,0.15,0.04,3.34,6,35,3,,0.16,0.16,0.09,1.38,0.16,0.08,1.22,0,0.01,0.16,0.37,0.24,4.71,0.13,2.96,2.17,0.79,73,1.32,0,2.06,2.28,0.53,0.59,0.21,0.24,11.22,5.61,0.01,2.81,50.86,5.56,3.39,0.95,1.48,60,1.18,1.77,1.11,20,0.64,31,0.21,0,9.16,10.36,2.49,1.96,0.64,51.87,4.92,54,1.75,89,0.26,0,0,42.03,83,1.59,20,49,0.42,3.02,19,83,-1,62.86,6.88,0.47,0.58,46.27,92,5.91,18.9,1.48,1.22,0.26,0.37,3.44,4.66,0.05,11,0.37,23,0.58,11,74,15,15,73,12,16.31,13.96,0.93,102,-2.35,15.21,14.21,0,0,0,0,0,,0,0,,0,0,0,0,0,0,20,9,7.21,41,0.01,0.17,0.01,-0.04,,0.15
R.Romaña Garavito,Llaneros,Primera A,2026,701,Goalkeeper,Colombia,29,07/01/97,0,0,0,,0,,,0,,0,0,0,0,0,0,0,0,0,0,0,0,0,0,0,0,0,,0.51,0,0,0,0,0,0.26,0.09,0,0,0,5.52,2.66,5,0.13,0,0,,0,0,0,,0,,0,0,0,0,0,0,0,,0,,0,,0,0,0,16.81,50,5.39,6,31,3.08,14.63,14,30,-20,13.32,0.9,0.2,0.2,15.14,100,5.38,0.38,0,0,0,0,0,0,0,,0,,0,65,35,0,100,0,0,49.07,45,0.7,81,-4.08,34.17,36.49,0.77,0.77,0,68,68,0,0.69,2.44,29,8.47,2.34,0,0,19,-4,46,3,1.31,11,0.1,0.07,0.01,,-0.05,0.12
Rafael Bustamante,Jaguares de Córdoba,Primera A,2026,864,Left Defensive Midfielder,Colombia,27,01/10/99,0.21,0.21,0.08,0.07,1.04,20,40,0,,0.15,0.1,0.08,1.35,0.1,0.08,1.35,0,0,0,0.31,0.16,2.4,0.15,0.1,0,0.1,0,2.19,0,1.25,0.52,1.35,0.94,0.62,0.54,23.22,12.5,0.02,7.71,38.75,8.02,2.6,3.44,4.79,85,2.81,3.75,1.56,50,0.62,73,1.15,0,18.23,14.68,6.77,4.48,1.56,40.28,5.42,30,2.92,65,0.31,0,0,54.68,88,2.4,15,59,1.56,3.12,14,87,-1,46.95,5,0.27,0.37,48.32,96,5.02,6.87,0.31,0.31,0,0.21,1.15,1.46,0.21,0,0.1,25,0.21,19,74,7,32,64,5,18.23,18.22,0.97,101,-0.01,17.64,18.48,0,0,0,0,0,,0,0,,0,0,0,0,0,0,15,8,4.79,37,-0.01,0.09,0.11,0.02,,0.21
Rafael Carrascal,América de Cali,Primera A,2026,2559,Right Defensive Midfielder,Colombia,34,25/11/92,0.04,0.04,0.02,0.03,0.7,5,30,0,,0.03,0.28,0.14,1.62,0.18,0.11,1.3,0.11,0.02,0.32,0.32,0.16,2.32,0.16,0.6,0.46,0.14,76,0.98,0.04,0.7,0.49,0.74,0.89,1.34,1.57,18.08,10.9,0,5.73,42.84,7.95,3.24,2.11,2.85,79,2.65,3.55,1.93,56,0.56,55,0.6,0.04,14.07,17.35,4.5,3.13,1.06,45.62,5.98,43,2.18,70,0.39,0,0,62.53,86,4.5,19,63,2.07,6.4,14,81,-5,51.57,8.83,0.47,0.55,51.34,98,3.96,16.92,1.72,1.27,0.46,0.28,1.06,2.32,0.07,33,0.7,38,0.32,19,72,9,25,67,9,19.76,17.17,0.95,96,-2.59,18.79,16.54,0,0,0,0,0,,0,0,,0,0,0,0,0,0,15,7,8.81,54,0.1,0.09,0.01,-0.02,,0.19
Richard Rentería,Deportivo Pereira,Primera A,2026,1033,Left Centre Back,Colombia,30,18/02/96,0.17,0.17,0.06,0.17,0.35,50,50,0,,0.07,0,0,0.09,0,0,0.09,0,0,0,0.17,0.06,0.44,0.11,0,0,0,,0.17,0,0,0.09,0.61,0.62,4.36,2.83,8.1,3.92,0.03,3.31,19.07,4.62,0.44,1.13,1.74,76,0.89,1.51,0.61,50,0.35,40,0.87,0,6.36,4.89,2,1.13,0.35,23.12,0.7,11,0.44,38,0.09,0,0,26.93,85,1.83,12,48,5.05,3.14,11,68,-17,28.5,0.78,0.15,0.2,20.13,100,3.63,0.7,0,0,0,0,0.61,0.61,0,,0,,0,32,65,3,75,25,0,22.44,25.11,0.91,93,2.67,20.46,23.37,0,0,0,0,0,,0,0,,0,0,0,0,0,0,21,9,1.32,11,0.03,0.02,0.02,0.03,,0.1
Richardson Rivas,Fortaleza CEIF,Primera A,2026,1318,Left Wing,Colombia,21,22/09/05,0.27,0.27,0.2,0.09,2.12,13,39,5,,0.2,0.07,0.05,0.55,0.07,0.05,0.48,0,0,0.07,0.34,0.25,2.66,0.09,2.12,1.37,0.75,65,0.48,0,1.91,2.59,0.14,0.07,0.27,0.31,17.96,9.63,0.01,4.57,50.67,5.12,2.59,1.09,1.23,59,1.2,1.26,1.5,17,0.75,43,0.61,0,15.43,15.83,3.96,2.94,0.34,51.2,8.13,53,2.66,91,0.14,0,0,16.52,73,0.68,13,48,0.41,1.3,19,61,-12,60.56,2.53,0.27,0.35,20.83,81,7.38,6.08,0.55,0.48,0.07,0.07,3.62,4.1,0.14,50,0.41,22,0.34,15,69,16,15,67,18,17.03,14.65,0.95,104,-2.38,16.11,15.16,0,0,0,0,0,,0,0,,0,0,0,0,0,0,29,11,2.53,19,-0.03,0.1,0.01,-0.05,,0.03
Robert Mejía,Once Caldas,Primera A,2026,1212,Right Defensive Midfielder,Colombia,26,05/10/00,0,0,0.03,0.03,0.82,0,0,1,,0,0.07,0.02,0.82,0.07,0.02,0.82,0,0,0,0.07,0.05,1.63,0.02,0.37,0.22,0.15,60,1.48,0,0.59,0.67,1.11,1.35,1.19,1.24,14.11,8.02,0.02,4.75,36.66,9.58,3.42,1.63,2.75,61,2.12,3.46,1.34,26,1.04,67,0.74,0,11.14,13.01,3.71,1.63,0.59,38.27,2.9,26,1.04,64,0.45,0,0,50.04,92,3.27,21,81,1.71,3.49,16,88,-5,48.98,8.61,0.45,0.46,44.62,97,4.67,12.99,0.22,0.22,0,0,0.45,0.67,0,33,0.07,50,0,23,71,5,30,68,2,18.08,17.29,0.99,104,-0.78,17.81,18.02,0,0,0,0,0,,0,0,,0,0,0,0,0,0,16,11,5.39,31,0.07,0.06,0.04,-0.02,,0.16
Rodrigo Contreras,Millonarios,Primera A,2026,1641,Right Centre Forward,Argentina,31,26/10/95,0.49,0.44,0.41,0.12,3.51,13,39,7,100,0.48,0.05,0.14,1.26,0.05,0.14,1.26,0,0,0,0.49,0.55,4.77,-0.05,0.88,0.55,0.33,63,2.19,0.11,2.85,2.47,0.16,0.19,0.66,0.54,16.46,8.12,0.01,4.22,60.04,4.66,3.18,0.6,0.77,50,0.57,0.76,1.21,21,0.6,48,1.7,0,14.65,12.22,3.68,4.06,1.21,62.77,10.86,74,3.29,81,0.27,0,0.05,17,58,0.71,73,57,0.82,1.1,28,55,-3,62.46,2.25,0.42,0.73,19.75,78,5,5.7,1.04,1.04,0,0.33,7.08,8.12,0.11,5,0.16,21,0.71,22,60,18,23,62,15,15.87,13.05,1,99,-2.83,15.85,12.87,0,0,0,0,0,,0,0,,0,0,0,0,0,0,36,8,3.91,22,-0.07,0.07,-0.01,0.06,,0.05
Rodrigo Ureña,Millonarios,Primera A,2026,2248,Left Defensive Midfielder,Chile,33,28/02/93,0,0,0.02,0.02,0.84,0,33,1,,0.02,0.12,0.06,1.12,0.12,0.05,0.88,0,0.01,0.24,0.12,0.08,1.96,0.04,0.36,0.24,0.12,67,0.92,0,0.64,0.52,1.12,0.94,1.2,1.04,17.33,9.65,0.04,6.21,39.72,9.33,4.4,1.68,2.8,67,1.45,2.39,0.76,17,0.84,44,0.32,0.04,14.89,12.46,5.08,2.56,1.2,42.07,5.08,34,1.32,52,0.48,0.04,0,45.28,82,7.33,4,65,2.44,9.97,14,80,-1,49.41,7.89,0.43,0.46,36.91,97,3.74,10.77,1.08,0.84,0.24,0,0.08,0.92,0.04,22,0.32,47,0,20,75,5,26,71,3,25.38,22.78,0.93,102,-2.6,23.72,23.14,0,0,0,0,0,,0,0,,0,0,0,0,0,0,20,7,6.79,38,0.1,0.04,-0.01,-0.01,,0.12
Rogerio Caicedo,Boyacá Chicó,Primera A,2026,493,Goalkeeper,Colombia,33,17/12/93,0,0,0,,0,,,0,,0,0,0,0,0,0,0,0,0,0,0,0,0,0,0,0,0,,0.36,0,0,0,0,0,0,0,0,0,0,5.47,3.45,4.2,0,0,0,,0,0,0,,0,,0,0,0,0,0,0,0,,0,,0,,0.18,0,0,13.32,65,4.56,20,38,1.09,10.95,6,63,-3,12.52,1.28,0.17,0.17,11.86,100,7.47,0.73,0,0,0,0,0,0,0,,0,,0,54,46,1,100,0,0,42.06,46.86,0.77,95,4.79,32.22,44.6,0.55,0.59,0.04,67,64,2,0.61,1.64,18,9.3,2.21,0,0,16.31,-1,28,2,0.71,6,0.07,0.06,,,0.35,0.48
Ronaldo Julio,Inter Bogotá,Primera A,2026,864,Right Back,Colombia,21,25/01/05,0,0,0.04,0.04,1.15,0,9,2,,0.02,0,0.06,1.15,0,0.04,0.94,0,0.01,0.21,0,0.1,2.29,-0.1,1.15,0.73,0.42,64,1.25,0.1,1.46,1.56,1.04,1.08,1.77,1.15,15.41,6.87,0.01,5,40.35,7.39,3.02,1.46,2.5,54,1.27,2.35,1.25,35,1.25,42,0.52,0,12.81,10.31,3.64,3.02,0.62,44.5,5,39,2.08,69,0.31,0,0,29.37,76,1.87,13,49,2.92,2.71,15,69,-8,51,3.12,0.24,0.3,28.64,91,4.99,6.56,1.15,0.73,0.42,0.1,2.19,2.92,0,27,0.31,18,0.21,28,62,10,19,68,13,18.97,20.46,0.91,89,1.49,17.24,18.15,0,0,0,0,0,,0,0,,0,0,0,0,0,0,24,7,5.2,32,0.08,0.06,0.03,-0.07,,0.1
Ronaldo Pajaro,Deportivo Cali,Primera A,2026,1348,Right Defensive Midfielder,Colombia,24,17/02/02,0,0,0.04,0.04,0.87,0,23,1,,0.03,0,0.03,0.6,0,0.03,0.6,0,0,0,0,0.07,1.47,-0.07,0.67,0.27,0.4,40,1,0,1,0.93,1,1.12,1.74,1.72,26.17,13.15,0.01,8.34,44.05,10.35,4.67,3.47,4.47,73,3.36,4.48,2.2,38,1.27,42,0.87,0,20.63,19.36,6.54,4.47,1.6,45.36,8.81,43,3.27,73,0.27,0,0,42.79,88,2.47,18,65,1.94,3.6,15,84,-4,49.33,5.21,0.33,0.36,35.98,95,4.15,8.88,0.4,0.4,0,0,0.47,0.87,0.07,0,0,0,0.07,24,69,7,30,64,6,18.52,14.97,0.97,102,-3.55,18,15.27,0,0,0,0,0,,0,0,,0,0,0,0,0,0,17,11,4.14,30,0.05,0.05,0.03,-0.02,,0.11
Royscer Colpa,Jaguares de Córdoba,Primera A,2026,1931,Right Centre Back,Colombia,31,22/05/95,0,0,0.04,0.1,0.42,0,44,0,,0.02,0.05,0.04,0.42,0.05,0.04,0.42,0,0,0,0.05,0.08,0.84,-0.04,0.37,0.33,0.05,88,0.84,0,0.51,0.42,1.12,0.78,3.08,1.95,20.04,12.26,0.07,8.9,31.96,7.74,2.05,2.24,3.36,77,1.36,2.15,1.44,50,0.65,58,1.58,0.09,16.36,10.9,6.11,2.61,1.03,36.21,3.4,21,0.84,32,0.23,0,0,32.86,88,2.14,23,65,3.4,2.98,15,85,-3,40.28,2.14,0.33,0.35,25.64,97,4.9,2.94,0.37,0.33,0.05,0.14,1.44,1.77,0,25,0.14,75,0.14,21,72,7,38,56,6,19.23,17.7,0.96,101,-1.54,18.55,17.88,0,0,0,0,0,,0,0,,0,0,0,0,0,0,16,8,2.53,21,0.07,0.04,0.08,-0.01,,0.18
Rubén Manjarrés,Inter Bogotá,Primera A,2026,760,Left Defensive Midfielder,Colombia,26,17/02/00,0,0,0.04,0.03,1.54,0,46,2,,0.06,0,0.05,1.07,0,0.04,0.95,0,0,0.12,0,0.09,2.61,-0.09,0.95,0.59,0.36,63,0.95,0,2.01,1.3,0.95,0.77,1.18,0.86,26.17,15.51,0.01,8.05,43.89,8.76,3.67,3.08,4.03,76,2.39,3.16,2.49,47,0.95,56,1.07,0,20.6,14.88,5.92,5.21,2.01,46.96,8.88,43,3.32,64,0.47,0.12,0,38.37,81,4.85,12,65,2.01,6.63,13,76,-5,49.65,6.04,0.19,0.26,36.59,92,4.89,9.71,0.83,0.59,0.24,0.12,1.07,1.66,0,29,0.24,22,0.12,17,74,9,24,71,5,22.33,23.33,0.95,85,1,21.31,19.82,0,0,0,0,0,,0,0,,0,0,0,0,0,0,20,7,5.51,35,-0.01,0.05,0.04,-0.02,,0.07
S.Isaza,Millonarios,Primera A,2026,1885,Left Wing Back,Colombia,30,02/07/96,0.14,0.14,0.06,0.03,1.81,8,45,1,,0.11,0.24,0.19,2.34,0.19,0.13,1.24,0.05,0.07,1.1,0.38,0.25,4.15,0.13,1.05,0.67,0.38,64,0.76,0,0.81,1.19,1.34,1.31,1.62,1.61,15.47,8.36,0.01,5.68,39.3,7.45,2.86,1.24,2.58,62,0.97,2.28,1.34,33,0.76,50,0.62,0,12.89,10.99,4.25,1.91,0.62,41.57,4.73,37,1.53,80,0.43,0,0,35.53,72,4.01,92,45,2.29,8.21,11,60,-13,57.47,3.58,0.26,0.39,30.37,94,4.03,10.03,2.58,1.19,1.38,0.33,1.81,3.01,0.1,31,1.15,32,0.38,16,72,12,14,70,16,23.29,20.33,0.87,96,-2.96,20.21,19.57,0,0,0,0,0,,0,0,,0,0,0,0,0,0,29,9,8.59,48,0.23,0.06,0.02,-0.01,,0.3
Salvador Ichazo,Independiente Medellín,Primera A,2026,1415,Goalkeeper,Uruguay,34,25/01/92,0,0,0,,0,,,0,,0,0,0,0.06,0,0,0,0,0,0.06,0,0,0.06,0,0,0,0,,0.06,0,0,0,0,0,0,0,0,0,0,5.41,2.68,3.56,0.06,0,0,,0,0,0,,0,,0,0,0,0,0,0,0,,0,,0,,0.13,0,0,10.94,64,4.83,63,42,1.46,9.92,11,68,3,10.91,1.14,0.03,0.03,9.54,100,5.71,0.57,0.06,0,0.06,0,0,0,0,0,0,,0,56,43,0,78,22,0,45.87,45.04,0.73,92,-0.83,33.26,41.51,1.02,0.66,-0.36,58,73,-15,0.78,2.42,28,8.65,1.77,0.19,0.19,21.27,1,31,4,1.65,9,0.07,0.03,,,-0.45,-0.34
Samuel Velásquez,Atlético Nacional,Primera A,2026,910,Left Back,Colombia,23,28/05/03,0,0,0.05,0.06,0.89,0,33,1,,0.07,0,0.07,0.69,0,0.06,0.59,0,0,0.1,0,0.11,1.58,-0.11,1.58,0.69,0.89,44,0.2,0,0.49,1.38,0.49,0.53,1.68,1.7,11.86,4.55,0.03,3.66,37.03,6.72,1.98,1.68,2.17,74,1.77,2.3,1.19,50,0.59,47,0.69,0,9,10.36,2.97,1.88,0.49,39.45,3.26,36,1.19,63,0.2,0,0,33.61,85,2.08,88,57,1.98,3.36,7,68,-17,51.52,2.97,0.37,0.41,31.93,94,4.54,8.9,0.59,0.49,0.1,0.3,2.97,3.46,0,50,0.79,36,0.49,20,67,13,20,58,22,17.98,19.56,0.95,102,1.58,17.03,20.05,0,0,0,0,0,,0,0,,0,0,0,0,0,0,20,8,4.33,27,0.08,0.08,0.07,0.01,,0.25
Santiago Aguilar,Deportivo Pereira,Primera A,2026,705,Centre Back,Colombia,28,29/07/98,0.13,0.13,0.01,0.04,0.26,50,100,0,,0.12,0,0.01,0.13,0,0.01,0.13,0,0,0,0.13,0.02,0.38,0.11,0,0,0,,0.13,0,0.51,0.13,0.51,0.22,4.08,2.46,10.59,5.1,0.04,6.51,22.62,7.15,1.53,0.77,1.28,60,0.51,0.72,1.53,0,0.51,50,1.66,0,8.29,6.32,4.08,1.02,0.38,27.5,1.02,12,0.38,38,0.38,0.13,0,36.11,84,3.19,9,51,5.36,4.98,10,61,-23,29.67,0.77,0.13,0.13,27.94,98,4.74,0.89,0.13,0.13,0,0,0.64,0.77,0.13,100,0.13,100,0,29,69,3,57,43,0,24.28,29.37,0.91,91,5.09,22.14,26.81,0,0,0,0,0,,0,0,,0,0,0,0,0,0,20,9,1.47,16,0.04,0.03,-0.06,0.01,,0.02
Santiago Cubides,Jaguares de Córdoba,Primera A,2026,408,Left Wing,Colombia,26,07/09/00,0.22,0.22,0.1,0.08,1.32,17,50,3,,0.25,0,0.1,0.88,0,0.1,0.88,0,0,0,0.22,0.2,2.2,0.02,1.32,1.1,0.22,83,0.44,0,2.2,1.98,0.44,0.35,0.22,0.23,17.41,7.05,0,4.63,50.94,4.85,2.86,0.88,1.32,67,0.65,1,1.98,0,0.44,36,1.1,0,14.54,13.8,4.19,2.86,0.88,52.13,7.27,50,1.76,62,0.22,0,0,18.95,64,0.66,80,38,0.44,1.54,26,48,-17,59.82,2.2,0.17,0.37,18.29,78,5.07,5.95,0.88,0.88,0,0,2.2,3.08,0,50,0.44,40,0,17,69,14,11,63,26,15.75,13.86,0.92,97,-1.89,14.51,13.45,0,0,0,0,0,,0,0,,0,0,0,0,0,0,32,14,3.17,26,0.05,0.01,0.06,-0.02,,0.1
Santiago Cuero,Fortaleza CEIF,Primera A,2026,1344,Left Back,Colombia,22,29/07/04,0,0,0.03,0.04,0.87,0,23,1,,0.01,0.07,0.07,0.94,0.07,0.07,0.94,0,0,0,0.07,0.1,1.81,-0.03,1.41,0.6,0.8,43,0.6,0,0.74,1.67,0.33,0.25,2.48,3.23,13.13,5.96,0.02,4.62,39.26,7.57,3.08,1.47,1.81,71,1.75,2,0.8,36,0.6,75,1.21,0,10.85,12.67,3.95,2.61,1.07,45.2,4.76,44,1.74,67,0.07,0,0,30.88,78,1.74,93,52,2.68,3.15,13,73,-5,54.56,2.68,0.4,0.49,29,92,4.44,9.24,1.27,0.94,0.33,0.33,2.08,3.01,0,53,1,37,0.4,20,64,16,12,67,22,17.71,15.49,0.91,98,-2.22,16.07,15.2,0,0,0,0,0,,0,0,,0,0,0,0,0,0,25,9,5.5,37,0.08,0.07,-0.13,-0.04,,-0.03
Santiago Córdoba,Deportivo Pasto,Primera A,2026,1188,Centre Forward,Colombia,29,14/05/97,0.45,0.45,0.24,0.09,2.73,17,31,7,,0.31,0.15,0.04,0.61,0.15,0.04,0.61,0,0,0,0.61,0.29,3.33,0.32,0.53,0.3,0.23,57,0.68,0,0.68,1.97,0.08,0.09,0.53,0.53,13.03,5.68,0,2.58,64.35,3.48,1.74,0.38,0.45,83,0.46,0.55,0.38,50,0.08,41,1.89,0,12.35,12.83,2.27,2.5,0.53,67.93,10,81,2.2,88,0.15,0,0.08,15.53,77,0.45,15,67,0.68,0.53,28,61,-16,60.38,0.98,0.16,0.34,14.77,88,4.08,6.14,0.38,0.38,0,0.23,5.45,5.83,0,20,0.15,33,0.61,9,62,29,6,74,20,15.19,15.47,0.99,108,0.28,15.04,16.72,0,0,0,0,0,,0,0,,0,0,0,0,0,0,23,7,2.67,18,-0.04,0,0.01,0.01,,-0.02
Santiago Jiménez,Deportivo Pasto,Primera A,2026,1160,Right Back,Colombia,28,22/03/98,0.08,0.08,0.09,0.08,1.16,7,33,2,,0.07,0.16,0.05,0.78,0.16,0.05,0.78,0,0,0,0.23,0.14,1.94,0.09,0.78,0.78,0,100,1.47,0,0.47,1.4,1.4,1.53,2.87,2.77,16.6,7.45,0.03,5.12,36.39,7.37,2.56,1.78,3.18,70,1.98,3.52,1.55,50,0.78,68,1.63,0,13.26,13.78,3.8,3.02,1.4,42.18,5.43,41,2.17,72,0.62,0.08,0.08,35.13,71,2.4,17,44,3.72,4.58,16,59,-12,48.72,4.96,0.31,0.4,32.57,95,5.3,8.38,0.78,0.47,0.31,0.08,1.86,2.33,0,50,0.7,24,0.16,24,68,8,30,56,14,19.98,18.1,0.9,100,-1.88,17.97,18.05,0,0,0,0,0,,0,0,,0,0,0,0,0,0,30,10,4.36,32,0.09,0.08,0.01,-0.01,,0.17
Santiago Mera,Boyacá Chicó,Primera A,2026,945,Left Midfielder,Colombia,25,18/07/01,0.19,0.19,0.24,0.12,2,10,29,5,,0.17,0.1,0.16,0.76,0.1,0.16,0.76,0,0,0,0.29,0.4,2.76,-0.12,2.09,1.14,0.95,55,0.1,0,1.9,3.05,0.38,0.25,0.67,0.4,20,10.76,0,5.33,51.05,3.9,2.57,1.71,2.09,60,0.98,1.23,1.62,14,1.14,21,0.29,0,16.66,10.46,4.48,4.76,1.43,53.82,9.43,57,3.71,78,0.1,0,0,18.09,70,0.86,16,41,1.14,1.62,20,73,2,61.95,1.52,0.4,0.6,22.38,82,6.99,6.67,0.76,0.67,0.1,0.48,4,4.67,0,38,0.38,22,0.48,13,67,20,13,67,20,18.06,19.15,0.93,95,1.09,16.86,18.19,0,0,0,0,0,,0,0,,0,0,0,0,0,0,22,5,2.67,27,0.05,0.12,0.01,-0.08,,0.1
Santiago Orozco,Cúcuta Deportivo,Primera A,2026,605,Right Defensive Midfielder,Colombia,30,02/03/96,0,0,0.02,0.02,1.19,0,25,1,,0.02,0,0.03,0.59,0,0.03,0.59,0,0,0,0,0.05,1.78,-0.05,0.45,0.45,0,100,1.19,0,0.59,0.45,1.34,1.08,2.08,1.52,21.26,12.49,0.02,6.69,38.52,6.84,2.53,1.78,3.12,75,1.53,2.6,2.23,63,0.59,71,1.49,0,17.25,14.83,5.5,3.72,0.74,41.16,5.8,34,2.53,68,0.45,0,0,46.4,84,4.46,13,58,3.12,6.69,18,81,-2,45.24,5.35,0.26,0.32,40.74,98,4.63,6.84,0.45,0.45,0,0,0,0.45,0.3,0,0,,0,18,74,8,17,78,4,23.05,19.96,0.94,100,-3.09,21.75,19.9,0,0,0,0,0,,0,0,,0,0,0,0,0,0,20,9,3.09,33,-0.01,0.08,0.02,-0.02,,0.06
Santiago Vivas,Fortaleza CEIF,Primera A,2026,674,Left Defensive Midfielder,Colombia,20,06/04/06,0,0,0.03,0.02,1.6,0,17,2,,0.02,0.13,0.05,1.33,0.13,0.03,1.07,0,0.02,0.27,0.13,0.08,2.94,0.05,0.93,0.67,0.27,71,0.93,0,0.67,1.47,0.4,0.3,0.67,0.71,25.49,13.08,0.04,9.61,44.42,6.94,2.27,2.94,3.34,79,2.63,2.93,1.87,45,0.8,71,0.67,0.13,20.68,19.46,7.87,5.2,1.47,46.33,9.47,46,3.34,64,0.13,0,0,41.5,84,3.47,87,63,0.67,5.47,19,89,5,51.06,4.27,0.12,0.16,38.43,96,5.38,8.01,0.8,0.53,0.27,0,0,0.53,0.27,0,0,0,0.13,13,77,10,17,67,17,20.39,15.3,0.93,105,-5.09,18.95,16.02,0,0,0,0,0,,0,0,,0,0,0,0,0,0,15,7,4.64,40,-0.03,0.05,0.02,-0.02,,0.03
Sebastián Acosta,Deportivo Pereira,Primera A,2026,978,Centre Attacking Midfielder,Colombia,32,31/10/94,0.09,0.09,0.32,0.11,2.85,3,32,4,,0.26,0.09,0.06,1.01,0.09,0.04,0.64,0,0.02,0.37,0.18,0.38,3.87,-0.2,0.83,0.83,0,100,1.66,0,1.75,1.47,0.18,0.16,0.18,0.23,14.36,5.43,0.01,3.04,53.36,5.89,2.49,0.28,0.46,75,0.25,0.41,1.93,0,0.09,33,0.55,0,12.15,9.07,2.76,2.76,0.74,54.03,6.81,56,1.66,60,0.09,0,0.09,29.92,76,2.58,85,55,1.1,3.77,20,62,-14,52.5,3.22,0.31,0.53,30.84,90,5.25,6.08,1.2,0.55,0.64,0.09,3.22,3.77,0.09,23,0.28,23,0.28,11,72,17,23,65,12,19.17,18.72,0.94,104,-0.45,18.06,19.41,0,0,0,0,0,,0,0,,0,0,0,0,0,0,18,5,4.28,47,-0.1,0.15,0,-0.03,,0.02
Sebastián Guzmán,Deportes Tolima,Primera A,2026,2142,Right Defensive Midfielder,Colombia,29,25/05/97,0.04,0,0.03,0.04,0.8,0,26,1,100,0.02,0.17,0.09,1.51,0.17,0.09,1.51,0,0,0,0.17,0.12,2.31,0.05,0.59,0.38,0.21,64,1.51,0,1.18,0.63,0.46,0.65,0.55,0.63,11.93,6.98,0.02,4.66,40.02,8.66,4.58,0.76,1.22,60,0.9,1.55,0.5,14,0.5,45,0.21,0,10.67,13.78,4.12,2.61,1.3,42.32,3.91,37,1.34,52,0.21,0,0,73.75,90,5.72,9,84,0.97,6.35,13,89,-1,47.78,9.33,0.66,0.72,63.58,97,3.66,15.72,1.13,1.09,0.04,0.08,0.59,1.68,0.21,0,0,0,0.17,20,71,9,32,63,6,18.9,16.5,0.99,101,-2.4,18.8,16.66,0,0,0,0,0,,0,0,,0,0,0,0,0,0,12,7,7.75,47,0.05,0.09,0.03,-0.01,,0.16
Sebastián Herrera,Fortaleza CEIF,Primera A,2026,1206,Centre Forward,Colombia,32,03/11/94,0.3,0.3,0.26,0.13,2.02,15,37,4,,0.3,0,0.08,0.82,0,0.08,0.82,0,0,0,0.3,0.34,2.84,-0.04,0.15,0.15,0,100,2.02,0,1.72,2.76,0.07,0.09,0.75,0.77,14.33,6.49,0,2.46,64.72,2.84,1.87,0.3,0.37,67,0.3,0.39,2.31,0,0.15,42,2.61,0,11.72,11.16,2.39,2.16,0.45,67.59,9.78,83,1.64,76,0.37,0,0,16.35,75,0.22,12,50,0.82,0.37,30,70,-5,63.17,0.97,0.24,0.43,14.78,78,3.42,5.82,0.3,0.3,0,0.6,7.17,7.46,0.07,0,0.22,50,1.19,9,74,17,14,73,13,12.66,12.12,1.01,104,-0.54,12.77,12.66,0,0,0,0,0,,0,0,,0,0,0,0,0,0,27,11,2.64,24,-0.04,-0.01,-0.03,0.03,,-0.05
Sebastián Navarro,Fortaleza CEIF,Primera A,2026,1552,Centre Attacking Midfielder,Colombia,26,14/07/00,0.06,0.06,0.09,0.08,1.22,5,24,1,,0.06,0.17,0.16,1.62,0.12,0.12,1.28,0.06,0.03,0.35,0.23,0.25,2.84,-0.02,0.75,0.41,0.35,54,1.57,0,0.75,1.22,0.58,0.55,0.52,0.53,13.16,7.07,0.01,3.83,51.59,6.2,3.71,1.04,1.62,58,1.02,1.57,0.58,20,0.75,43,0.58,0,11.54,12.22,3.19,2.78,0.87,53.32,6.73,58,2.03,73,0.12,0,0,39.43,83,4,7,60,1.04,6.15,16,81,-2,56.32,6.26,0.29,0.42,36.3,95,4.42,12.47,1.91,1.1,0.81,0.41,2.32,3.42,0.12,18,0.64,31,0.64,17,70,13,24,69,7,20.39,16.15,0.93,100,-4.25,19,16.12,0,0,0,0,0,,0,0,,0,0,0,0,0,0,18,9,6.21,44,0.03,0.06,0.02,-0.05,,0.07
Sebastián Palma,Boyacá Chicó,Primera A,2026,1927,Left Centre Back,Colombia,27,17/07/99,0,0,0.04,0.08,0.56,0,8,0,,0,0.05,0.01,0.19,0.05,0.01,0.19,0,0,0,0.05,0.05,0.75,-0.01,0.09,0.09,0,100,0.89,0,0.05,0.23,1.17,0.93,5.14,3.56,9.2,4.81,0.07,4.67,24.86,9.9,1.91,1.21,2.38,74,1.04,1.97,1.03,38,0.42,68,1.96,0,7.01,6.3,3.04,1.21,0.61,30.57,1.03,15,0.37,31,0.37,0,0,33.3,82,4.02,13,64,5.88,5.56,9,57,-25,35.03,2.15,0.18,0.19,24.15,99,4,2.06,0.14,0.14,0,0,1.31,1.45,0,0,0,0,0,36,62,2,36,64,0,23.88,24.86,0.93,102,0.98,22.29,25.45,0,0,0,0,0,,0,0,,0,0,0,0,0,0,19,6,2.13,19,0.04,0.05,-0.02,-0.05,,0.01
Sebastián Rodríguez,Cúcuta Deportivo,Primera A,2026,562,Left Centre Back,Colombia,26,02/12/00,0,0,0.02,0.13,0.16,0,0,0,,0,0,0,0.16,0,0,0.16,0,0,0,0,0.02,0.32,-0.02,0.32,0.32,0,100,0.16,0,0,0.16,1.28,0.94,2.56,1.9,9.28,4,0.04,4.48,20.79,7.04,0.8,0.8,2.08,63,0.55,1.48,0.8,60,0.48,58,1.12,0,7.84,5.69,3.2,0.64,0.48,23.02,0.8,10,0,0,0,0,0.16,32.18,81,4.64,13,58,3.52,7.04,10,82,1,28.77,0.96,0.09,0.09,24.81,99,4.3,0.8,0,0,0,0,0.32,0.32,0,,0,0,0,34,65,1,40,60,0,24.45,23.84,0.89,102,-0.6,21.72,24.33,0,0,0,0,0,,0,0,,0,0,0,0,0,0,21,7,1.1,9,0.07,0.05,0.12,-0.02,,0.22
Sebastián Salazar,Boyacá Chicó,Primera A,2026,1246,Right Defensive Midfielder,Colombia,31,29/09/95,0.07,0.07,0.11,0.18,0.58,13,50,1,,0.1,0.07,0.03,0.29,0.07,0.03,0.29,0,0,0,0.14,0.13,0.87,0.01,0.58,0.51,0.07,88,0.79,0,1.16,0.65,0.36,0.25,1.66,0.81,25.78,14.59,0.02,6.64,40.78,6.21,2.96,1.3,1.66,58,1,1.25,2.02,35,0.94,36,0.36,0.07,22.46,13.77,5.34,4.77,1.16,43.94,8.09,36,3.03,64,0.36,0,0,31.55,80,1.37,15,42,2.24,2.67,18,71,-9,48.53,2.38,0.31,0.33,26.36,94,3.38,4.84,0.43,0.43,0,0,1.08,1.52,0,50,0.29,80,0.22,20,72,8,24,72,4,18.58,19.15,0.92,102,0.57,17.17,19.53,0,0,0,0,0,,0,0,,0,0,0,0,0,0,20,6,2.63,32,0.01,0.1,-0.02,0.02,,0.11
Sebastián Támara,Cúcuta Deportivo,Primera A,2026,535,Right Back,Colombia,30,09/05/96,0,0,0.04,0.05,0.67,0,0,1,,0,0,0.03,0.67,0,0.03,0.67,0,0,0,0,0.07,1.35,-0.07,0.17,0.17,0,100,0.67,0,0.84,0.5,1.35,0.88,2.52,1.55,12.62,6.56,0.01,5.05,36.27,9.25,3.53,1.51,2.86,75,1.23,2.11,1.51,67,0.5,33,0.67,0,9.59,7.41,3.53,2.19,0.84,40.39,3.2,33,1.18,54,0.34,0,0,39.03,76,3.36,12,63,3.2,4.71,12,47,-29,46.21,3.53,0.17,0.29,30.95,97,3.58,5.55,0.84,0.5,0.34,0,0.5,1.01,0.17,20,0.17,8,0,23,67,10,42,55,3,20.98,19.39,0.93,85,-1.59,19.59,16.42,0,0,0,0,0,,0,0,,0,0,0,0,0,0,25,9,3.6,23,0,0.06,0.02,-0.04,,0.04
Sebastián Urrea,Deportivo Pereira,Primera A,2026,1562,Right Centre Back,Colombia,24,06/07/02,0,0,0.03,0.05,0.52,0,11,0,,0.01,0.12,0.07,0.35,0.12,0.07,0.35,0,0,0,0.12,0.09,0.86,0.02,0,0,0,,0.35,0,0,0.06,0.29,0.26,5.01,3.91,7.95,3.46,0.05,3.86,17.1,4.61,0.29,0.92,1.21,70,0.71,0.97,0.75,53,0.4,69,2.07,0,6.28,5.09,2.3,0.81,0.29,20.82,0.29,5,0,0,0.17,0,0,32.78,83,3.8,4,53,6.34,5.88,10,52,-31,27.78,1.15,0.2,0.26,25.35,100,3.73,1.38,0.12,0.12,0,0.12,1.38,1.5,0.06,0,0.06,100,0.12,28,69,3,42,54,4,26.09,32.17,0.9,88,6.08,23.38,28.35,0,0,0,0,0,,0,0,,0,0,0,0,0,0,20,9,1.39,13,0.07,0.02,0.1,-0.02,,0.17
Sebastián Viveros del Castillo,Millonarios,Primera A,2026,709,Left Centre Midfielder,Colombia,22,20/12/04,0,0,0.12,0.04,3.17,0,36,5,,0.14,0.38,0.24,1.14,0.38,0.24,1.14,0,0,0,0.38,0.36,4.32,0.02,1.02,0.63,0.38,63,1.52,0,1.27,2.29,1.14,0.91,0.51,0.29,18.79,9.4,0.01,5.71,44.63,6.98,3.81,1.14,2.29,53,0.57,1.48,2.03,27,1.02,67,1.27,0,15.62,10.97,4.95,3.94,1.52,45.48,6.35,41,2.67,68,0.13,0,0,28.83,74,2.54,8,50,1.02,4.57,19,64,-10,57.15,4.95,0.28,0.49,29.46,91,5.24,9.4,1.27,1.14,0.13,0.63,2.16,3.3,0.25,30,0.76,35,0.51,21,69,10,26,66,8,22.03,19.03,0.91,103,-3,20.09,19.56,0,0,0,0,0,,0,0,,0,0,0,0,0,0,27,8,3.82,23,0.08,0.12,0.06,-0.05,,0.2
Sergio Mosquera,Millonarios,Primera A,2026,1467,Centre Back,Colombia,32,08/02/94,0,0,0.02,0.04,0.49,0,13,0,,0,0,0.01,0.06,0,0.01,0.06,0,0,0,0,0.03,0.55,-0.03,0.18,0.18,0,100,0.31,0,0.06,0,0.67,0.59,5.34,4.45,6.38,2.82,0.06,3.43,23.75,6.62,0.86,1.1,1.78,78,0.99,1.59,0.86,70,0.31,76,1.35,0,4.42,4.06,1.9,0.61,0.37,30.54,0.49,11,0.06,10,0.18,0,0,25.46,86,2.21,16,53,6.01,3.5,11,67,-20,34.54,1.17,0.19,0.2,19.75,99,3.83,1.17,0.06,0.06,0,0,0.49,0.55,0,0,0,,0,24,74,1,47,53,0,23.28,27.85,0.9,82,4.57,20.97,22.74,0,0,0,0,0,,0,0,,0,0,0,0,0,0,16,8,2.43,14,0.04,0.04,-0.01,-0.02,,0.05
Shean Barbosa,Deportes Tolima,Primera A,2026,582,Left Back,Colombia,22,06/04/04,0,0,0,0.01,0.15,0,0,0,,0,0,0.01,0.31,0,0.01,0.31,0,0,0,0,0.01,0.46,-0.01,0.15,0.15,0,100,0.15,0,0.46,0.31,1.39,1.68,1.86,2.32,12.38,7.43,0.02,4.95,34.09,7.89,2.32,1.86,3.25,67,2.52,4.2,0.93,40,0.93,70,1.08,0,9.59,11.86,3.25,1.86,0.46,36.06,2.48,26,0.46,25,0.31,0,0,32.49,82,2.17,88,74,2.48,2.32,14,66,-16,45.46,3.25,0.37,0.37,26,98,2.96,6.19,0.31,0.15,0.15,0,0.46,0.62,0,0,0,0,0.15,25,66,9,28,60,13,19.48,20.1,0.96,92,0.62,18.79,18.52,0,0,0,0,0,,0,0,,0,0,0,0,0,0,18,11,4.41,24,0.05,0.03,0.11,0,,0.19
Simón García,Atlético Nacional,Primera A,2026,1666,Right Centre Back,Colombia,21,10/01/05,0.11,0.11,0.08,0.19,0.43,25,25,0,,0.07,0,0,0.05,0,0,0.05,0,0,0,0.11,0.08,0.49,0.03,0.22,0.22,0,100,0.11,0,0.05,0.05,0.49,0.62,4.11,5.11,5.73,2.59,0.08,3.46,21.24,5.56,0.76,0.27,0.76,45,0.36,0.97,0.59,17,0.32,55,1.13,0.05,4.86,6.28,2,0.59,0.22,26.32,0.65,13,0.11,18,0.16,0,0,47.48,90,3.62,10,63,4.54,5.29,6,70,-20,34.97,1.51,0.42,0.44,40.89,100,5.45,1.73,0,0,0,0.05,1.19,1.19,0,,0,0,0.11,25,72,3,38,63,0,22.83,22.78,0.94,91,-0.05,21.44,20.8,0,0,0,0,0,,0,0,,0,0,0,0,0,0,12,7,3.92,20,0.04,0.06,0.13,-0.03,,0.2
Steven Rodríguez,Deportivo Cali,Primera A,2026,2042,Centre Forward,Colombia,28,12/10/98,0.4,0.35,0.34,0.11,3,12,28,6,50,0.29,0.09,0.03,0.53,0.09,0.03,0.53,0,0,0,0.44,0.36,3.53,0.08,1.85,1.1,0.75,60,1.19,0.04,1.9,3.04,0.13,0.17,0.44,0.5,16.97,7.45,0.01,3.83,62.5,4.19,2.29,0.57,0.71,50,0.69,0.86,1.01,24,0.57,44,1.45,0,15.38,15.8,3.44,2.86,0.62,64.74,11.81,77,2.34,82,0.18,0.04,0,19.88,74,1.32,3,67,0.71,1.72,27,67,-7,60.39,2.25,0.38,0.53,20.36,79,5.46,6.52,0.4,0.4,0,0.44,5.95,6.35,0.09,11,0.13,19,0.44,15,66,19,16,68,16,17.55,14.76,0.99,101,-2.79,17.3,14.97,0,0,0,0,0,,0,0,,0,0,0,0,0,0,24,9,3.15,21,-0.05,0.03,-0.02,0.01,,-0.02
Stiven Barreiro,Millonarios,Primera A,2026,504,Left Centre Back,Colombia,32,18/06/94,0,0,0.05,0.07,0.71,0,50,0,,0.19,0,0,0.36,0,0,0.36,0,0,0,0,0.05,1.07,-0.05,0,0,0,,0.89,0,0.36,0.71,1.07,1.07,5.54,6.45,9.12,3.75,0.02,4.11,25.34,8.94,1.79,1.61,2.68,90,1.96,3.03,0.71,67,0.18,93,2.32,0,6.79,9.02,3.04,1.25,0.18,29.51,0.54,8,0.18,14,0.18,0,0,32.35,81,3.04,27,55,6.79,4.29,13,56,-25,40.15,2.86,0.3,0.3,24.31,96,6.13,2.68,0,0,0,0,1.61,1.61,0,,0,,0.18,26,72,2,33,60,7,23.11,25.59,0.9,79,2.48,20.75,20.1,0,0,0,0,0,,0,0,,0,0,0,0,0,0,20,7,1.66,11,0.05,0.03,0.06,0.02,,0.15
Stiven Vega,Millonarios,Primera A,2026,768,Centre Defensive Midfielder,Colombia,28,21/05/98,0,0,0.01,0.05,0.23,0,0,0,,0,0,0.05,0.94,0,0.05,0.94,0,0,0,0,0.06,1.17,-0.06,0.12,0.12,0,100,0.7,0,0.59,0.23,1.05,0.94,1.99,1.53,16.51,10.07,0.02,5.39,36.08,10.89,4.8,1.52,2.58,76,1.3,2.24,1.41,33,0.47,36,0.47,0,13.59,10.98,4.1,1.99,0.7,38.58,3.4,25,1.17,59,0.12,0,0,38.3,86,3.75,11,68,2.23,5.27,13,76,-10,48.46,4.33,0.55,0.58,28.69,98,4.05,7.85,0.35,0.35,0,0,0.47,0.82,0,0,0,0,0.23,25,70,5,28,70,1,20.64,17.24,0.96,108,-3.4,19.85,18.62,0,0,0,0,0,,0,0,,0,0,0,0,0,0,17,8,4.86,29,0.08,0.07,0.08,0,,0.23
Teun Wilke,Fortaleza CEIF,Primera A,2026,1008,Centre Forward,Mexico,24,13/03/02,0,0,0.18,0.07,2.59,0,48,7,0,0.12,0,0.09,0.71,0,0.09,0.71,0,0,0,0,0.27,3.3,-0.27,0.71,0.45,0.27,63,0.98,0.09,1.96,2.14,0.18,0.23,0.8,0.8,18.57,8.84,0.02,3.84,67.49,2.77,2.23,0.36,0.54,67,0.48,0.71,1.16,0,0.18,52,2.86,0,17.06,20.55,3.66,3.66,0.89,70.12,14.64,86,3.3,90,0.09,0.09,0,13.31,69,0.27,69,75,0.8,0.36,31,65,-3,66.16,0.63,0.23,0.38,13.66,75,4.1,5.63,0.36,0.36,0,0.54,6.25,6.61,0,25,0.45,56,0.89,12,67,21,5,70,25,13.57,12.58,1.05,96,-0.99,14.2,12.03,0,0,0,0,0,,0,0,,0,0,0,0,0,0,30,11,2.56,15,-0.03,-0.03,0,-0.07,,-0.13
Teófilo Gutiérrez,Junior,Primera A,2026,820,Centre Forward,Colombia,41,16/05/85,0.66,0.55,0.18,0.14,1.32,42,50,1,100,0.31,0.33,0.22,2.52,0.11,0.19,2.19,0.22,0.03,0.33,0.88,0.41,3.84,0.47,1.1,0.88,0.22,80,1.43,0,1.43,1.54,0.22,0.24,0.44,0.5,11.19,5.59,0.01,3.51,60.62,4.39,3.07,0.33,0.55,50,0.21,0.46,0.88,25,0.33,40,0.44,0,9.98,10.53,2.96,1.97,0.66,62.33,7.24,73,1.54,78,0.77,0,0,42.78,75,1.86,15,37,0.55,4.94,15,91,16,61.92,4.72,0.22,0.49,36.53,93,3.27,15.47,3.07,2.52,0.55,0.55,3.51,6.03,0.22,4,0.11,7,0.55,17,68,15,26,67,7,17.38,11.88,0.89,104,-5.5,15.4,12.39,0,0,0,0,0,,0,0,,0,0,0,0,0,0,25,8,6.41,47,0.01,0.05,0,0.16,,0.22
Tobias Bovone,Deportivo Pereira,Primera A,2026,992,Left Back,Argentina,27,29/11/99,0,0,0,0.01,0.18,0,50,0,,0,0,0.04,0.27,0,0.04,0.27,0,0,0,0,0.04,0.45,-0.04,0.18,0.09,0.09,50,0.45,0,0.27,0.45,0.54,0.33,2.18,1.62,14.61,7.44,0.02,5.08,30.41,6.08,1.91,1.36,1.91,71,0.97,1.31,1.09,69,0.54,25,0.27,0,12.16,8.68,4.08,2.18,0.73,34.4,2.54,21,1.09,50,0.18,0,0,31.67,70,1.72,92,33,2.99,4.45,12,56,-14,41.92,2.18,0.33,0.36,26.13,99,2.86,3.54,0.45,0.36,0.09,0.09,0.18,0.54,0.09,60,0.45,19,0.18,34,54,11,33,54,13,20.89,18.43,0.87,86,-2.46,18.26,15.94,0,0,0,0,0,,0,0,,0,0,0,0,0,0,30,11,2.94,30,0.06,0.03,0.06,0,,0.16
Tomás Ángel,América de Cali,Primera A,2026,1203,Centre Forward,Colombia,23,19/02/03,0.22,0.22,0.35,0.15,2.39,9,38,4,,0.31,0.15,0.14,1.12,0.15,0.14,1.12,0,0,0,0.37,0.5,3.52,-0.12,0.3,0.15,0.15,50,1.05,0,1.8,1.87,0.15,0.19,0.67,0.65,18.18,8.68,0,4.49,60.25,3.89,2.39,0.52,0.67,44,0.69,0.88,0.75,10,0.67,36,0.6,0,16.91,20.56,4.04,3.67,1.05,62.98,12.64,75,2.92,80,0.07,0,0,23.26,82,0.67,78,64,1.05,0.67,25,80,-2,61.56,2.84,0.45,0.74,20.8,86,4.59,9.58,0.75,0.75,0,0.37,4.34,5.09,0.15,10,0.15,50,0.52,15,64,21,16,67,16,14.53,15.71,0.97,100,1.17,14.06,15.68,0,0,0,0,0,,0,0,,0,0,0,0,0,0,18,7,6.01,34,-0.02,0.01,0.01,0.12,,0.12
Víctor Mejía,Cúcuta Deportivo,Primera A,2026,1879,Left Defensive Midfielder,Colombia,33,03/02/93,0,0,0.01,0.04,0.34,0,14,0,,0.01,0,0.01,0.53,0,0.01,0.53,0,0,0,0,0.03,0.86,-0.03,0.86,0.62,0.24,72,1.53,0,1.25,0.77,1.2,1.08,1.48,1.28,25.14,15.8,0.02,9.05,39.07,10.25,4.12,2.73,3.93,70,2.23,3.31,1.29,25,1.15,31,0.38,0.14,21.12,17.55,7.37,4.6,1.63,41.24,6.51,31,2.25,49,0.19,0,0,39.51,85,3.11,12,74,2.11,3.59,17,85,0,45.34,3.88,0.2,0.22,33.43,94,5.17,6.08,0.34,0.34,0,0,0.19,0.53,0,0,0,0,0,19,73,8,29,67,4,19.42,18.94,0.99,101,-0.48,19.3,19.19,0,0,0,0,0,,0,0,,0,0,0,0,0,0,18,8,4.05,34,0.01,0.07,0.02,-0.01,,0.09
Víctor Moreno,Santa Fe,Primera A,2026,2068,Left Centre Back,Colombia,32,22/10/94,0.04,0.04,0.07,0.13,0.52,8,25,0,,0.07,0.04,0.01,0.22,0.04,0.01,0.22,0,0,0,0.09,0.07,0.74,0.01,0.13,0.09,0.04,67,0.22,0,0.04,0.3,0.65,0.57,4.96,4.08,8.27,3.66,0.05,4.48,24.37,7.4,1.18,1.04,1.7,89,0.91,1.48,1,75,0.13,59,2.26,0.04,6.27,5.42,2.74,1.09,0.48,29.45,0.87,14,0.48,44,0.3,0,0,34.73,88,3.44,21,66,5.7,4.44,11,71,-17,35.49,1.57,0.25,0.28,26.9,99,4.67,1.61,0.04,0.04,0,0.09,1.31,1.35,0,0,0,0,0.09,26,71,3,32,65,3,23.26,24.44,0.94,93,1.17,21.94,22.71,0,0,0,0,0,,0,0,,0,0,0,0,0,0,15,7,2.34,17,0.03,0.04,0.04,0,,0.11
Walmer Pacheco,Deportivo Pereira,Primera A,2026,1687,Right Back,Colombia,31,15/01/95,0.05,0.05,0.04,0.07,0.59,9,36,1,,0.05,0.11,0.06,0.59,0.11,0.06,0.53,0,0,0.05,0.16,0.1,1.17,0.06,0.91,0.59,0.32,65,3.04,0,0.75,1.71,1.12,0.75,2.51,1.91,16.11,7.84,0.02,6.94,35.25,8.22,2.72,1.71,2.83,68,1.28,2.03,1.28,17,0.8,54,0.75,0,13.13,9.86,4.64,2.99,1.23,39.91,4.22,32,1.17,39,0.43,0.05,0.05,40.34,81,4.38,8,64,2.99,6.4,13,77,-4,45.81,3.73,0.23,0.28,36.98,95,4.39,5.71,0.75,0.59,0.16,0.11,0.96,1.55,0.05,21,0.27,26,0.16,25,64,10,27,62,11,21.33,16.93,0.96,103,-4.4,20.46,17.4,0,0,0,0,0,,0,0,,0,0,0,0,0,0,22,10,4.2,41,0.04,0.07,0.1,0.01,,0.22
Weimar Asprilla,Santa Fe,Primera A,2026,742,Goalkeeper,Colombia,27,22/05/99,0,0,0,,0,,,0,,0,0,0,0,0,0,0,0,0,0,0,0,0,0,0.24,0.24,0,100,0.36,0,0,0,0,0,0.12,0.11,0.12,0.12,0,8.01,2.82,3.03,0,0,0,0,0,0,0,0,0.12,,0,0,0.12,0.11,0,0,0,10.88,0,0,0,,0,0,0,15.04,59,4.49,19,31,2.18,12.62,12,60,1,10.31,0.85,0.22,0.22,13.71,100,6.54,0.36,0,0,0,0,0,0,0,,0,,0,59,40,0,67,33,0,45.89,47.53,0.65,78,1.64,29.76,36.89,0.97,0.87,-0.1,74,77,-3,0.91,3.76,28,13.47,1.82,0,0,17.69,-2,38,0,2.26,14,0.12,0.05,0,,-0.14,0.03
Wilfrido De la Rosa,Jaguares de Córdoba,Primera A,2026,1025,Right Wing,Colombia,33,06/02/93,0.09,0.09,0.14,0.15,0.97,9,27,2,,0.12,0.09,0.03,0.53,0,0.02,0.35,0.09,0.01,0.18,0.18,0.17,1.49,0,0.97,0.35,0.61,36,1.76,0,1.84,3.16,0.97,0.63,0.61,0.37,15.9,7.38,0,4.48,50.88,5.53,1.84,1.14,2.11,76,0.84,1.47,1.49,33,0.35,17,0.26,0,13.26,10.92,3.6,3.51,1.14,54.34,7.38,56,3.07,88,0.44,0,0,18.44,72,0.35,13,36,0.79,0.79,19,65,-7,54.04,1.49,0.19,0.3,20.9,80,5.44,4.22,0.53,0.35,0.18,0.09,2.46,2.81,0,0,0,0,0.26,10,69,21,2,77,21,15.43,14.26,0.92,115,-1.17,14.27,16.36,0,0,0,0,0,,0,0,,0,0,0,0,0,0,23,7,2.71,27,-0.03,0.04,0.02,0.04,,0.07
William Tesillo,Atlético Nacional,Primera A,2026,2111,Left Centre Back,Colombia,36,01/02/90,0.04,0.04,0.04,0.05,0.72,6,29,0,,0.09,0.09,0.07,0.72,0.09,0.07,0.72,0,0,0,0.13,0.11,1.45,0.02,0.3,0.26,0.04,86,0.51,0,0.26,0.38,0.85,1.12,3.88,5.03,9.21,3.88,0.07,5.12,25.19,9.68,1.66,1.32,2.17,78,1.81,2.93,0.85,47,0.38,61,1.41,0.09,7.03,9.28,3.2,1.24,0.51,28.61,1.07,15,0.43,34,0.17,0.04,0,58.02,87,6.99,83,61,4.99,10.27,8,73,-14,35.74,6.14,0.5,0.59,48.51,99,4.73,6.35,0.6,0.6,0,0.13,1.71,2.3,0.26,7,0.04,11,0.13,31,67,2,41,59,0,23.92,23.93,0.92,91,0.01,21.95,21.81,0,0,0,0,0,,0,0,,0,0,0,0,0,0,16,7,6.51,34,0.13,0.06,0.07,0.01,,0.27
Williams Barlasina,Fortaleza CEIF,Primera A,2026,589,Goalkeeper,Argentina,28,28/06/98,0,0,0,,0,,,0,,0,0,0,0,0,0,0,0,0,0,0,0,0,0,0,0,0,,0.15,0,0,0,0,0,0,0,0,0,0,8.09,2.97,4.43,0,0,0,,0,0,0,,0,,0,0.15,0,0,0,0,0,,0,,0,,0,0,0,16.34,77,3.97,30,43,1.68,7.64,13,74,-3,10.19,0.15,0.01,0.01,15.27,100,5.1,0,0,0,0,0,0,0,0,,0,,0,37,63,0,,,,32.63,32.87,0.72,93,0.23,23.37,30.64,1.22,1.63,0.4,76,69,8,1.1,5.19,35,14.82,1.99,0.15,0.15,17.62,-3,18,2,0.2,2,0.01,0.04,,,0.2,0.25
Wilson Morelo,Deportivo Pasto,Primera A,2026,711,Centre Forward,Colombia,39,20/05/87,0.13,0.13,0.35,0.25,1.39,9,18,2,,0.16,0.25,0.07,0.89,0.25,0.07,0.89,0,0,0,0.38,0.42,2.28,-0.04,1.9,1.39,0.51,73,1.14,0,1.9,3.67,0.13,0.13,0.38,0.42,12.14,4.17,0.01,2.91,67,2.28,1.9,0.13,0.25,50,0.19,0.31,0.63,0,0.13,32,1.01,0,11.51,11.95,2.66,2.78,1.14,70.03,9.87,86,2.53,91,0.13,0.13,0,18.47,78,0.25,19,50,0.51,0.38,25,65,-13,63.96,1.39,0.15,0.48,19.86,77,5.37,7.59,0,0,0,0.76,6.07,6.07,0,,0.38,43,1.01,8,66,26,5,63,32,15.02,12.86,1.04,105,-2.16,15.58,13.56,0,0,0,0,0,,0,0,,0,0,0,0,0,0,24,11,2.34,20,-0.04,-0.07,0.02,-0.03,,-0.12
Wiston Fernández,Alianza Valledupar,Primera A,2026,1452,Right Defensive Midfielder,Uruguay,28,03/01/98,0.06,0.06,0.09,0.06,1.43,4,30,1,,0.12,0.06,0.14,1.86,0,0.1,1.36,0.06,0.04,0.5,0.12,0.23,3.28,-0.11,0.56,0.31,0.25,56,1.43,0,1.86,1.43,1.05,0.88,1.12,0.9,20.57,10.66,0.03,5.7,47.53,9.23,4.71,1.8,2.85,71,1.68,2.56,1.67,48,0.74,42,0.87,0.06,17.23,14.15,4.71,4.4,1.8,50.68,8.61,50,2.79,63,0.37,0,0.06,42.94,80,4.4,86,57,1.98,6.88,16,77,-3,52.26,5.33,0.3,0.4,36.81,93,4.72,10.22,1.67,1.18,0.5,0.06,1.55,2.73,0,19,0.37,32,0.12,16,71,13,20,72,8,22.03,19.99,0.94,105,-2.04,20.68,21.02,0,0,0,0,0,,0,0,,0,0,0,0,0,0,22,7,5.29,41,0.07,0.06,-0.01,-0.05,,0.07
Wuilker Fariñez,Inter Bogotá,Primera A,2026,2457,Goalkeeper,Venezuela,28,14/02/98,0,0,0,,0,,,0,,0,0,0,0.04,0,0,0.04,0,0,0,0,0,0.04,0,0,0,0,,0.22,0,0,0,0,0,0,0,0.07,0,0,7.36,2.51,3.19,0,0,0,0,0,0,0,50,0.07,0,0,0.04,0.07,0.03,0.07,0,0,6.37,0,0,0,,0.07,0,0,13.7,73,4.03,17,41,1.17,8.72,8,49,-24,10.31,0.48,0.08,0.08,11.94,100,5.03,0.11,0,0,0,0,0,0,0,,0,,0,39,61,0,100,0,0,37.16,45.17,0.72,76,8.01,26.68,34.39,1.1,1.31,0.21,71,66,5,1.14,3.85,33,11.79,1.85,0.15,0.15,19.06,-2,21,3,1.38,10,0.04,0.05,0,,0.12,0.21
Yairo Moreno,Jaguares de Córdoba,Primera A,2026,897,Left Back,Colombia,31,03/04/95,0.3,0,0.04,0.04,1,0,20,0,100,0.02,0.1,0.06,0.8,0.1,0.06,0.7,0,0,0.1,0.1,0.1,1.81,0,3.51,2.61,0.9,74,3.21,0,2.61,2.71,1.71,1.34,0.9,0.49,14.05,5.32,0.02,3.91,39.75,7.83,2.81,2.21,3.91,71,1.23,2.56,0.6,56,0.9,65,1.1,0,11.24,8.03,2.81,2.01,0.5,43.84,4.42,39,1.1,55,0,0,0,37.03,85,4.21,91,72,1.51,5.22,19,78,-7,50.15,5.82,0.43,0.52,40.94,89,5.56,9.43,1.2,0.8,0.4,0.2,1.51,2.31,0.4,17,0.3,50,0.2,20,71,9,23,62,15,20.19,17.11,0.96,101,-3.09,19.44,17.33,0,0,0,0,0,,0,0,,0,0,0,0,0,0,15,8,7.34,45,0.2,0.09,0.1,0.02,,0.4
Yaliston Martínez,Boyacá Chicó,Primera A,2026,332,Left Back,Colombia,26,02/05/00,0,0,0.01,0.03,0.27,0,100,0,,0.01,0,0.05,0.81,0,0.05,0.54,0,0.01,0.27,0,0.06,1.08,-0.06,1.08,0.54,0.54,50,0.81,0,0.54,1.9,1.36,1.59,2.17,2.3,11.12,4.07,0,3.25,42.12,7.86,4.88,0.54,1.9,67,0.67,2.26,1.63,0,0.27,40,0.54,0,8.95,10.44,2.44,1.63,0,48.07,4.61,52,1.36,83,0,0,0.27,31.73,70,1.63,87,35,2.44,4.34,18,58,-11,57.72,3.53,0.15,0.17,27.66,93,5.4,9.76,1.36,1.08,0.27,0,0.27,1.36,0,80,1.36,26,0,23,66,11,22,61,17,19.62,15.6,0.85,83,-4.02,16.67,12.9,0,0,0,0,0,,0,0,,0,0,0,0,0,0,34,10,3.85,29,0.05,0.06,-0.11,-0.01,,-0.01
Yan Mosquera,Jaguares de Córdoba,Primera A,2026,1106,Right Centre Back,Colombia,31,09/04/95,0.08,0.08,0.03,0.12,0.24,33,33,0,,0.06,0,0.01,0.24,0,0.01,0.24,0,0,0,0.08,0.04,0.49,0.04,0.24,0.16,0.08,67,0.65,0,0,0.33,1.3,0.7,5.53,3.4,7.08,3.5,0.07,3.66,20.71,7.16,0.57,0.33,1.63,50,0.26,0.96,1.3,0,0.33,67,2.28,0,5.45,4.43,2.2,0.73,0.49,28.98,0.73,13,0.08,11,0.16,0.08,0.08,31.09,86,2.52,18,54,6.1,4.07,14,69,-17,32.74,0.9,0.19,0.2,22.87,100,5.04,1.14,0.08,0.08,0,0,0.81,0.9,0,100,0.08,100,0,30,67,3,36,57,7,22.32,22.64,0.93,87,0.32,20.83,19.71,0,0,0,0,0,,0,0,,0,0,0,0,0,0,18,9,1.81,18,0.06,0.03,0.03,0.02,,0.14
Yani Quintero,Deportivo Cali,Primera A,2026,531,Left Defensive Midfielder,Colombia,24,16/07/02,0,0,0.05,0.04,1.19,0,14,1,,0.01,0.17,0.18,0.85,0.17,0.18,0.85,0,0,0,0.17,0.23,2.03,-0.06,1.87,1.19,0.68,64,0.17,0,1.02,1.36,1.19,1.39,1.19,1.28,20.35,10.68,0,6.95,43.29,11.7,5.26,0.85,2.03,45,1.17,2.56,1.53,29,1.02,56,1.7,0,17.97,20.92,6.1,3.73,1.02,44.6,7.29,41,2.54,68,0.34,0,0,51.2,86,4.24,17,71,1.87,5.26,16,69,-17,53.67,6.78,0.41,0.45,41.03,95,4.78,14.24,0.17,0.17,0,0.17,1.7,1.87,0.17,100,0.17,50,0.17,19,74,7,19,75,6,19.6,16.96,0.98,90,-2.64,19.11,15.25,0,0,0,0,0,,0,0,,0,0,0,0,0,0,17,7,5.75,40,0.1,0.07,0.04,-0.04,,0.18
Yeicar Perlaza,Santa Fe,Primera A,2026,611,Right Wing,Colombia,23,23/01/03,0,0,0.17,0.11,1.62,0,36,3,,0.13,0,0.16,1.03,0,0.16,1.03,0,0,0,0,0.33,2.65,-0.33,2.06,1.33,0.74,64,1.62,0,1.91,3.09,0.44,0.29,0.74,0.55,11.48,4.71,0.01,3.09,51.3,5.89,3.53,1.03,1.47,70,1.11,1.4,0.44,25,0.44,53,1.33,0,10.31,10.01,2.36,1.77,0.74,52.03,5.3,51,1.33,75,0.15,0,0,20.32,67,1.18,9,57,0.88,1.91,23,63,-5,60.33,2.94,0.4,0.56,23.71,82,7.4,6.92,1.03,1.03,0,0.15,2.65,3.68,0,57,0.74,38,0.29,15,72,13,11,74,15,17.47,12.94,0.98,100,-4.53,17.14,12.97,0,0,0,0,0,,0,0,,0,0,0,0,0,0,30,10,3.56,25,0.01,0.1,0.02,-0.01,,0.12
Yeiner Londoño,Alianza Valledupar,Primera A,2026,870,Left Wing,Colombia,26,09/11/00,0.21,0.21,0.07,0.05,1.45,14,29,3,,0.09,0,0.11,1.03,0,0.11,1.03,0,0,0,0.21,0.18,2.48,0.02,3.1,1.45,1.65,47,3,0.1,3.1,4.45,0.72,0.56,0.41,0.26,16.34,8.07,0,4.34,52.89,5.38,3.41,1.24,1.97,67,0.88,1.44,0.93,14,0.62,17,0.31,0,14.17,12.1,3.52,3.62,0.83,54.29,7.76,55,3.31,91,0.1,0,0,18.83,76,0.72,19,50,0.83,1.03,26,81,5,64.46,2.48,0.18,0.29,24.72,76,6.04,7.96,0.41,0.41,0,0.31,3.52,3.93,0.31,25,0.31,33,0.52,22,68,10,26,62,12,16.8,16.4,0.96,100,-0.4,16.18,16.32,0,0,0,0,0,,0,0,,0,0,0,0,0,0,25,13,3.31,25,0,0.06,0.01,0,,0.08
Yeison Guzmán,América de Cali,Primera A,2026,2379,Centre Attacking Midfielder,Colombia,28,21/03/98,0.61,0.3,0.19,0.1,2.01,15,34,2,100,0.2,0.15,0.2,2.91,0.11,0.13,1.97,0.04,0.07,0.95,0.45,0.39,4.92,0.06,0.64,0.42,0.23,65,1.78,0.08,1.29,1.21,0.42,0.46,0.19,0.24,16.91,9.12,0.01,5.68,58.39,5.07,2.76,0.83,1.25,48,1,1.46,0.87,11,0.91,14,0.15,0,15.29,18.82,4.96,2.99,1.25,59.95,10.56,69,2.23,75,0.15,0,0,44.19,83,3.44,9,62,0.61,5.15,15,82,-1,58.76,7.42,0.51,0.69,39.23,95,4.5,17.21,2.53,1.51,1.02,0.34,4.31,5.83,0.19,13,0.42,39,0.87,18,69,13,25,67,7,18.75,15.34,0.96,100,-3.41,17.97,15.34,0,0,0,0,0,,0,0,,0,0,0,0,0,0,18,8,9.9,57,0.08,0.13,0.03,0,,0.25
Yeison Suárez,Junior,Primera A,2026,2461,Left Back,Colombia,29,07/07/97,0.04,0.04,0.01,0.03,0.55,7,20,1,,0.01,0.11,0.09,1.1,0.07,0.07,0.77,0.04,0.02,0.33,0.15,0.11,1.65,0.04,0.33,0.26,0.07,78,0.37,0,0.73,0.48,0.77,0.9,2.52,2.62,12.03,6.4,0.02,4.75,33.83,7.83,2.56,1.35,2.12,74,1.35,2.25,1.13,38,0.48,53,0.37,0,9.55,10.16,3.51,2.01,0.77,39.3,2.89,30,1.28,64,0.18,0,0,38.29,81,2.52,90,44,3.26,5.05,11,67,-14,52.08,3.15,0.26,0.33,32.7,97,3.7,10.02,1.46,1.02,0.44,0.07,1.02,2.05,0.04,35,0.73,34,0.15,27,63,10,23,63,14,20.14,18.21,0.9,87,-1.93,18.13,15.86,0,0,0,0,0,,0,0,,0,0,0,0,0,0,25,11,5.88,37,0.18,0.04,0,-0.02,,0.2
Yesid Díaz,Fortaleza CEIF,Primera A,2026,2593,Right Centre Back,Colombia,29,23/07/97,0,0,0.02,0.04,0.49,0,29,0,,0.01,0.03,0.02,0.45,0.03,0.02,0.42,0,0,0.03,0.03,0.03,0.94,0,0.42,0.35,0.07,83,0.35,0,0.24,0.45,0.49,0.4,3.05,3.36,8.99,4.93,0.05,5.28,27.34,9.09,1.91,1.08,1.56,63,1.12,1.52,0.52,55,0.62,61,1.28,0.03,7.46,8.35,3.51,1.6,0.59,32.76,1.6,21,0.69,43,0.21,0,0,52.21,87,4.96,10,56,4.27,7.67,11,79,-8,40.85,5.97,0.31,0.33,44.88,99,4.82,7.95,0.49,0.49,0,0,0.66,1.15,0,29,0.14,27,0.07,29,68,3,28,69,3,23.15,24.27,0.9,95,1.12,20.89,23.1,0,0,0,0,0,,0,0,,0,0,0,0,0,0,18,10,4.41,33,0.1,0.07,0.07,-0.02,,0.23
Yesús Cabrera,Boyacá Chicó,Primera A,2026,1108,Centre Attacking Midfielder,Colombia,36,14/09/90,0,0,0.03,0.04,0.81,0,20,1,,0.01,0.16,0.09,1.63,0.16,0.07,1.14,0,0.02,0.49,0.16,0.13,2.44,0.04,0.81,0.49,0.33,60,1.71,0,1.71,1.38,0.16,0.08,0.49,0.34,14.3,7.48,0.01,3.41,52.32,5.77,2.76,0.98,1.14,57,0.72,0.8,0.89,18,0.73,0,0,0,12.43,9.19,2.68,2.84,0.73,55.05,7.56,61,1.87,66,0,0,0,49.97,80,4.31,14,55,1.06,7.31,18,75,-5,51.99,6.34,0.26,0.28,46.88,94,3.55,12.11,1.79,0.81,0.98,0.08,0.89,1.71,0.41,0,0,0,0.33,20,70,10,30,60,10,19.46,14.93,0.91,96,-4.52,17.71,14.35,0,0,0,0,0,,0,0,,0,0,0,0,0,0,19,7,5.57,54,-0.01,0.04,0.01,-0.03,,0.01
Yhormar Hurtado,América de Cali,Primera A,2026,580,Right Back,Colombia,30,13/12/96,0,0,0.01,0.02,0.31,0,0,0,,0,0,0.05,0.93,0,0.05,0.93,0,0,0,0,0.06,1.24,-0.06,0.47,0.31,0.16,67,1.09,0,1.09,0.31,1.24,1.75,1.09,1.52,10.41,6.52,0.05,4.97,32.54,8.39,2.64,1.55,2.8,63,2.03,3.78,0.78,25,0.93,40,0.62,0,8.23,11.44,3.88,2.17,1.4,34.32,2.02,25,1.24,57,0.16,0,0,56.38,89,3.88,13,66,1.24,5.75,8,84,-5,50.44,5.28,0.61,0.66,51.41,98,4.45,16.62,1.4,1.4,0,0,0.47,1.86,0,78,1.24,50,0,23,70,8,21,69,9,19.57,17.92,0.93,98,-1.65,18.16,17.48,0,0,0,0,0,,0,0,,0,0,0,0,0,0,18,11,7.81,39,0.12,0.11,0.05,-0.01,,0.27
Yilmar Velázquez,Santa Fe,Primera A,2026,889,Centre Attacking Midfielder,Colombia,27,20/08/99,0,0,0.04,0.05,0.81,0,0,1,,0,0,0.02,0.91,0,0.02,0.91,0,0,0,0,0.05,1.72,-0.05,1.32,0.4,0.91,31,0.71,0,1.21,2.73,0.51,0.36,0.4,0.4,28.03,14.47,0.01,7.18,54.09,8.8,5.16,1.72,2.23,74,1.64,2,1.72,45,0.61,47,1.42,0,24.59,19.61,6.37,6.48,2.12,54.53,14.47,59,4.76,73,0.4,0,0,32.48,79,1.82,10,69,1.01,2.02,24,67,-12,54.38,4.76,0.27,0.3,27.62,90,4.26,10.12,0.51,0.51,0,0,1.92,2.43,0.1,20,0.1,20,0.3,21,68,10,25,64,11,17.79,16.5,1,99,-1.29,17.83,16.36,0,0,0,0,0,,0,0,,0,0,0,0,0,0,22,9,4.15,29,-0.02,0.04,0.01,-0.04,,-0.01
Yilson Rosales,Alianza Valledupar,Primera A,2026,2011,Right Back,Colombia,26,08/12/00,0.04,0.04,0.03,0.07,0.4,11,33,0,,0.05,0,0.02,0.27,0,0.01,0.22,0,0,0.04,0.04,0.04,0.67,0,0.49,0.36,0.13,73,0.85,0,0.49,0.36,0.98,0.85,2.15,1.42,15.35,8.73,0.02,6.22,33.63,7.97,2.33,2.46,3.45,76,1.84,2.69,0.67,52,0.76,58,0.98,0,12.26,8.66,4.61,1.84,0.94,35.77,2.46,20,0.9,49,0.18,0,0,31.78,74,2.1,10,39,2.86,4.61,12,58,-15,45.99,3.49,0.19,0.19,25.38,97,3.9,5.15,1.03,0.54,0.49,0.09,1.12,1.66,0,22,0.31,13,0.22,26,66,8,29,61,10,20.24,20.44,0.91,91,0.2,18.33,18.55,0,0,0,0,0,,0,0,,0,0,0,0,0,0,29,11,3.73,32,0.11,0.08,0,0.03,,0.22
Yimmi Chará,Junior,Primera A,2026,1120,Centre Attacking Midfielder,Colombia,35,01/04/91,0,0,0.11,0.16,0.72,0,44,1,,0.07,0.08,0.15,1.61,0.08,0.14,1.53,0,0,0.08,0.08,0.26,2.33,-0.18,0.96,0.48,0.48,50,1.12,0,0.88,1.85,0.96,1.08,0.16,0.11,13.02,7.15,0.01,2.97,52.49,5.62,3.53,0.96,1.93,80,1,2.08,0.16,40,0.24,43,0.24,0,11.89,12.82,2.49,2.65,0.56,53.51,6.27,53,2.09,79,0,0,0,50.69,88,2.49,17,70,0.24,3.45,13,84,-4,55.9,6.91,0.37,0.45,43.54,94,3.86,17.27,0.8,0.72,0.08,0.48,2.73,3.45,0.4,0,0.08,25,0.88,17,70,13,21,66,13,17.84,15.66,0.97,102,-2.18,17.3,16.05,0,0,0,0,0,,0,0,,0,0,0,0,0,0,15,8,5.48,35,0.01,0.07,0.01,0.03,,0.12
Yimy Gómez,Deportivo Pereira,Primera A,2026,745,Goalkeeper,Colombia,27,03/08/99,0,0,0,,0,,,0,,0,0,0.01,0.12,0,0,0,0,0.01,0.12,0,0.01,0.12,-0.01,0,0,0,,0,0,0,0,0,0,0,0,0,0.12,0,10.51,2.33,3.02,0,0,0,0,0,0,0,0,0.12,,0,0,0,0,0,0,0,,0,,0,,0,0,0,19.32,70,5.43,62,39,1.93,11.96,13,61,-10,9.03,0.72,0.18,0.18,17.27,100,5.2,0.24,0,0,0,0,0,0,0,,0,,0,41,59,0,100,0,0,40.14,39.35,0.71,63,-0.79,28.61,24.73,1.33,1.53,0.2,78,74,3,1.23,5.92,36,16.67,1.66,0,0,12.49,0,26,3,0.86,10,0.05,0.05,,,0.17,0.28
Yoimar Moreno,Deportes Tolima,Primera A,2026,446,Right Midfielder,Colombia,19,26/10/07,0.2,0.2,0.21,0.1,2.22,9,18,5,,0.09,0,0,0.2,0,0,0.2,0,0,0,0.2,0.21,2.42,-0.01,1.41,0.4,1.01,29,1.21,0,2.02,3.03,0,0,0.61,0.62,19.78,10.09,0,7.06,50.22,4.44,2.42,2.22,2.22,73,3.22,3.22,0.61,43,0.81,33,0.4,0,17.16,22.75,5.85,3.03,0.81,52.33,8.07,47,2.02,67,0.4,0,0,16.35,71,0.2,5,33,0.81,0.4,13,73,2,65.26,2.62,0.2,0.33,21.6,80,7.26,6.26,0.2,0.2,0,0,3.43,3.63,0,0,0,0,0,8,70,22,3,65,32,15.4,15.39,0.93,82,-0.01,14.34,12.67,0,0,0,0,0,,0,0,,0,0,0,0,0,0,29,10,2.93,17,-0.08,0.12,0.01,-0.1,,-0.05
Yony González,Independiente Medellín,Primera A,2026,842,Right Wing,Colombia,32,10/07/94,0.21,0.21,0.25,0.12,2.14,10,35,4,,0.22,0.11,0.07,1.18,0.11,0.07,1.18,0,0,0,0.32,0.31,3.31,0.01,0.86,0.64,0.21,75,2.35,0,1.6,2.14,0.32,0.38,0.64,0.8,11.86,5.02,0.03,3.21,55.8,5.13,3.63,0.96,1.28,82,1.22,1.6,0.96,0,0.21,46,1.28,0,9.94,12.94,2.67,1.71,0.53,59.55,6.41,65,1.5,88,0.32,0.11,0.11,22.98,73,1.28,20,50,1.71,1.5,19,51,-22,66.52,2.24,0.44,0.55,24.26,86,5.78,10.9,0.64,0.64,0,0.64,5.67,6.31,0,17,0.32,15,0.75,21,62,18,24,55,22,17.35,21.21,0.89,95,3.86,15.41,20.19,0,0,0,0,0,,0,0,,0,0,0,0,0,0,24,7,4.44,30,-0.05,0.06,0.07,-0.03,,0.06
Yordan Osorio,Deportes Tolima,Primera A,2026,417,Left Centre Back,Venezuela,32,09/05/94,0,0,0.09,0.1,0.86,0,25,0,,0.06,0,0.01,0.43,0,0.01,0.43,0,0,0,0,0.1,1.3,-0.1,0.65,0.43,0.22,67,0.43,0,0.86,0.43,0.86,1.29,4.97,6.68,8.21,3.46,0.11,6.05,24.07,12.53,2.81,1.94,2.81,64,2.84,4.14,0.65,57,1.08,76,3.46,0,5.62,7.28,2.81,1.08,0.86,31.45,1.08,19,0.22,20,0,0,0,50.11,89,2.59,8,57,4.97,4.54,7,78,-12,37.65,1.51,0.42,0.48,41.47,97,5.33,3.24,0.43,0.22,0.22,0,1.51,1.73,0,0,0,0,0.22,25,71,4,20,73,7,19.29,15.95,0.94,109,-3.34,18.23,17.32,0,0,0,0,0,,0,0,,0,0,0,0,0,0,11,6,3.24,16,0.07,0.08,0.12,0.01,,0.28
Yorleys Mena,Llaneros,Primera A,2026,351,Centre Forward,Colombia,35,19/07/91,0,0,0.36,0.2,1.8,0,43,4,,0.09,0,0,0,0,0,0,0,0,0,0,0.36,1.8,-0.36,0.26,0,0.26,0,0.26,0,2.31,1.8,0.26,0.13,0.51,0.42,26.17,13.6,0.08,7.95,59.66,3.33,1.8,0.51,0.77,67,0.39,0.52,1.28,0,0.26,41,3.59,0,24.37,12.99,7.44,2.31,0.26,61.66,17.44,72,1.8,78,0,0,0,13.08,59,0,7,0,0.51,0.51,33,37,-22,60.11,1.54,0.32,0.51,11.8,74,4.06,3.59,0,0,0,0,4.62,4.62,0,,0,0,0.51,16,55,29,14,64,21,18.56,16.55,0.92,68,-2.01,17.1,11.23,0,0,0,0,0,,0,0,,0,0,0,0,0,0,47,9,1.21,13,-0.06,-0.03,0.03,-0.21,,-0.27
Yuber Quiñones,Deportivo Pereira,Primera A,2026,1386,Left Wing,Colombia,24,07/10/02,0.26,0.19,0.06,0.03,2.08,9,31,4,100,0.1,0.13,0.11,0.91,0.06,0.09,0.58,0.06,0.02,0.32,0.32,0.17,2.99,0.15,1.95,0.97,0.97,50,1.56,0,2.01,3.64,0.39,0.36,0.19,0.13,19.09,8.77,0,4.35,49.96,4.81,2.01,0.71,1.1,50,0.47,0.83,0.91,17,0.71,43,0.58,0.06,17.47,11.53,3.7,3.83,0.84,50.91,8.83,51,2.27,59,0.32,0,0,16.95,71,1.56,84,47,0.39,3.12,19,75,4,54.85,2.14,0.16,0.23,21.3,77,6.25,4.35,0.78,0.39,0.39,0.19,1.62,2.01,0,25,0.52,27,0.13,17,66,17,15,70,15,21.77,17.69,0.91,104,-4.08,19.87,18.33,0,0,0,0,0,,0,0,,0,0,0,0,0,0,27,7,3.07,29,0.03,0.05,0,-0.04,,0.03
Yulián Gómez,Inter Bogotá,Primera A,2026,1914,Left Back,Colombia,29,03/08/97,0,0,0.02,0.08,0.28,0,50,0,,0.02,0,0.05,0.8,0,0.05,0.8,0,0,0,0,0.08,1.08,-0.08,0.61,0.24,0.38,38,0.42,0,0.33,0.94,1.03,0.88,2.35,1.74,13.03,6.25,0.03,4.98,32.51,5.97,1.46,1.74,2.77,67,1.39,2.27,1.79,42,0.85,72,1.08,0,9.5,7.3,3.29,1.69,0.61,36.66,2.73,29,1.18,69,0.47,0,0,31.18,83,2.12,94,53,2.68,3.67,10,54,-28,47.24,3.29,0.18,0.2,27.04,96,4.8,6.4,0.85,0.75,0.09,0.05,0.61,1.36,0.05,67,0.8,47,0.09,33,55,12,35,49,16,19.18,18.3,0.92,97,-0.89,17.67,17.83,0,0,0,0,0,,0,0,,0,0,0,0,0,0,21,9,3.76,28,0.08,0.05,-0.03,-0.01,,0.09
Yéiler Góez,Deportivo Pasto,Primera A,2026,1834,Left Defensive Midfielder,Colombia,27,31/10/99,0.05,0.05,0.05,0.06,0.74,7,27,1,,0.04,0,0.07,0.88,0,0.06,0.79,0,0.01,0.1,0.05,0.11,1.62,-0.06,0.79,0.64,0.15,81,1.91,0,2.01,0.93,0.54,0.54,0.64,0.61,16.83,9.52,0.02,5.94,42.98,9.72,4.12,1.23,1.77,57,1.39,1.93,0.69,33,0.93,63,0.59,0,14.97,16.31,4.81,2.55,1.13,43.85,5.25,35,1.62,63,0.2,0,0.05,51.82,87,4.22,9,64,1.28,5.99,16,84,-3,50.6,7.02,0.32,0.38,48.38,95,4.94,12.12,0.44,0.39,0.05,0.1,0.69,1.08,0,33,0.2,29,0.15,15,75,10,19,76,6,20.04,17.29,0.94,100,-2.74,18.76,17.31,0,0,0,0,0,,0,0,,0,0,0,0,0,0,17,9,4.96,38,-0.01,0.07,0.03,0.01,,0.09
Élan Ricardo,Deportes Tolima,Primera A,2026,302,Right Defensive Midfielder,Colombia,22,19/02/04,0,0,0.11,0.05,2.09,0,29,3,,0.01,0,0.05,0.89,0,0.03,0.6,0,0.02,0.3,0,0.16,2.98,-0.16,1.19,0.6,0.6,50,1.19,0,1.49,1.49,0.6,0.7,0.6,0.51,25.63,13.41,0.03,4.77,51.69,6.56,2.38,1.79,2.38,75,2.11,2.81,2.38,0,0.6,0,0,0,21.46,25.68,4.77,3.58,1.49,53.97,11.92,56,2.68,75,0.3,0,0.3,33.68,83,2.98,9,67,0.6,4.47,17,80,-3,52.58,2.98,0.19,0.29,28.31,94,4.52,8.64,0.3,0,0.3,0,2.09,2.09,0,0,0,0,0,15,67,18,10,83,7,18.49,12.64,0.95,109,-5.85,17.58,13.84,0,0,0,0,0,,0,0,,0,0,0,0,0,0,18,11,4.38,46,-0.09,0.02,-0.04,-0.11,,-0.23
Ítalo Montaño,Boyacá Chicó,Primera A,2026,860,Right Midfielder,Colombia,27,28/05/99,0.31,0.31,0.28,0.1,2.93,11,36,4,,0.19,0.1,0.08,1.05,0.1,0.08,1.05,0,0,0,0.42,0.36,3.98,0.06,2.51,1.57,0.94,63,1.57,0,3.14,3.77,0.31,0.16,0.42,0.39,16.43,8.9,0.01,3.04,54.28,5.55,3.56,1.05,1.36,63,0.83,0.99,0.84,14,0.63,46,1.15,0,14.66,13.66,2.72,3.45,0.73,55.5,9.21,63,3.14,91,0.31,0,0,24.08,78,1.15,86,65,0.73,1.47,19,78,0,61.1,3.98,0.5,0.65,30.78,80,6.3,9.21,0.52,0.52,0,0.1,4.29,4.82,0,40,0.31,43,0.1,15,67,18,17,68,15,17.06,15.81,0.98,104,-1.25,16.76,16.46,0,0,0,0,0,,0,0,,0,0,0,0,0,0,22,9,3,23,-0.01,0.08,0.07,-0.05,,0.09