Name,Team,Competition,Season,Minutes,Primary Position,Nationality,Age,Date of Birth,All Goals,NP Goals,xG,xG/Shot,Shots,Goal Conversion%,Shooting%,Shot Touch%,Penalty Conversion%,PSxG,Assists,xG Assisted,Key Passes,OP Assists,OP xG Assisted,OP Key Passes,SP Assists,SP xG Assisted,SP Key Passes,Scoring Contribution,xG & xG Assisted,Shots & Key Passes,O/U Performance,Dribbles,Successful Dribbles,Failed Dribbles,Dribble%,Fouls Won,Penalty Wins,Dispossessed,Turnovers,Interceptions,PAdj Interceptions,Clearances,PAdj Clearances,Defensive Actions,Aggressive Actions,Blocks/Shot,Defensive Regains,Average DA X,Ball Recov. F2,Ball Recoveries,Tackles,Tack&Int,Tack/DP%,PAdj Tackles,PAdj Tack&Int,Fouls,Dribbles Stopped%,Dribbled Past,Aerial Win%,Aerial Wins,Errors,Pressures,PAdj Pressures,Pressure Regains,Counterpressures,Counterpress Regains,Average Pressure X,Pressures F2,Pressures F2%,Counterpressures F2,Counterpressures F2%,Yellow Cards,2nd Yellows,Red Cards,OP Passes,Passing%,Long Balls,L/R Footedness%,Long Ball%,Pr. Long Balls,UPr. Long Balls,Passes Pressured%,Pr. Pass%,Pr. Pass% Dif.,Average Pass X,Deep Progressions,xGBuildup,xGChain,Carries,Carry%,Carry Length,OP F3 Passes,PintoB,OP Passes Into Box,SP PintoB,Passes Inside Box,Touches In Box,PinTin,Throughballs,Successful Box Cross%,Successful Crosses,Crossing%,Deep Completions,Pass Forward%,Pass Sideways%,Pass Backward%,F3 Pass Forward%,F3 Pass Sideways%,F3 Pass Backward%,Pass Length,Pr. Pass Length,Pass Length Ratio,Pr. Pass Length%,Pr. Pass Length Dif.,Succ. Pass Length,Succ.Pr. Pass Length,Goals Conceded,PSxG Faced,GSAA,Save%,xSv%,Shot Stopping%,xG Faced,Shots Faced,Shots Faced OT%,All Shots Faced,Positioning Error,Penalties Faced,Penalties Conceded,GK Aggressive Dist.,Claims%,Pass into Danger%,Pass into Pressure%,Positive Outcome,Positive Outcome%,Pass OBV,D&C OBV,DA OBV,Shot OBV,Goalkeeper OBV,OBV
 Miguel Ángel  Peralta Quiñónez,Independiente del Valle,Liga Pro,2026,310,Goalkeeper,Ecuador,18,25/04/08,0,0,0,,0,,,0,,0,0,0,0,0,0,0,0,0,0,0,0,0,0,0,0,0,,0.29,0,0,0,0,0,0,0,0,0,0,4.06,2.38,2.03,0,0,0,,0,0,0,,0,,0,0,0,0,0,0,0,,0,,0,,0,0,0,10.73,88,1.74,20,55,1.74,1.45,15,50,-38,9.9,0,0.06,0.06,8.41,100,3.52,0,0,0,0,0,0,0,0,,0,,0,35,65,0,,,,24.76,40.84,0.89,69,16.08,21.94,28.04,0.87,0.72,-0.14,73,77,-5,0.63,3.19,48,6.67,1.99,0,0,21.19,-3,10,4,1.59,9,0.03,0.01,,,-0.39,-0.35
Adrian Cela,Técnico Universitario,Liga Pro,2026,315,Left Defensive Midfielder,Ecuador,29,10/04/97,0,0,0.03,0.03,0.86,0,33,1,,0.03,0,0.06,1.43,0,0.06,1.43,0,0,0,0,0.08,2.29,-0.08,0,0,0,,0.86,0,0.86,0.29,0.86,0.65,2.29,1.04,19.45,10.01,0.02,6.01,36.31,10.58,4.29,0.86,1.72,50,0.41,1.06,1.72,50,0.86,17,0.29,0,16.87,8.9,4,3.72,1.14,39.99,5.43,32,2.29,62,0,0,0,34.6,80,2.29,85,40,3.43,4.58,15,84,5,48.51,5.43,0.48,0.52,28.03,96,3.79,8.87,0.86,0.86,0,0,0.86,1.72,0,33,0.29,50,0,28,66,6,35,61,3,21.49,21.79,0.88,98,0.3,18.94,21.28,0,0,0,0,0,,0,0,,0,0,0,0,0,0,23,6,6.72,47,0.08,0.05,0.08,-0.02,,0.19
Agostino Luigi Spina,Aucas,Liga Pro,2026,2517,Centre Defensive Midfielder,Argentina,25,30/10/01,0,0,0.01,0.02,0.61,0,18,1,,0.01,0.04,0.06,0.86,0.04,0.05,0.82,0,0.01,0.04,0.04,0.07,1.47,-0.03,0.21,0.14,0.07,67,1.11,0,0.29,0.54,1.47,1.8,1.14,1.35,16.84,8.22,0.02,5.54,39.86,10.15,4.83,2.22,3.68,72,2.92,4.72,1.32,39,0.86,44,0.5,0.04,13.3,16.08,4.5,3.54,1.32,41.05,4.25,32,1.93,55,0.18,0.04,0,42.01,89,2,12,68,1.47,2.61,13,81,-8,50.93,4.54,0.33,0.36,31.68,98,4.32,9.8,0.29,0.25,0.04,0.04,0.36,0.61,0,0,0,0,0.14,18,74,8,25,72,3,18.84,17.65,0.97,96,-1.19,18.31,17.01,0,0,0,0,0,,0,0,,0,0,0,0,0,0,12,6,4.42,31,0.06,0.06,0.02,-0.02,,0.12
Agustín Campana,Macará,Liga Pro,2026,851,Right Midfielder,Argentina,28,01/05/98,0.85,0.85,0.38,0.09,4.02,21,39,5,,0.44,0.11,0.15,1.37,0.11,0.13,1.06,0,0.02,0.32,0.95,0.53,5.39,0.42,1.06,0.63,0.42,60,2.64,0.21,1.9,2.22,1.16,1.02,1.06,1.13,15.97,7.51,0,3.81,47.71,8.46,3.17,1.8,2.96,65,1.37,2.4,2.01,10,0.95,36,0.42,0,12.26,10.14,2.75,2.11,0.53,50.54,6.66,54,2.01,95,0.11,0,0,33.41,65,3.07,80,51,2.11,4.97,22,57,-8,60.1,4.65,0.52,0.81,33.62,91,6.24,11.52,1.59,1.27,0.32,0.11,3.7,4.97,0.21,13,0.32,15,0.42,22,67,10,25,62,13,20.94,18.5,0.93,93,-2.44,19.46,17.23,0,0,0,0,0,,0,0,,0,0,0,0,0,0,34,11,6.05,37,0.06,0.27,0.01,0.1,,0.44
Agustín Herrera,Orense,Liga Pro,2026,2592,Centre Forward,Argentina,28,07/01/98,0.31,0.28,0.32,0.15,2.08,13,28,3,50,0.27,0.07,0.06,0.87,0.07,0.06,0.87,0,0,0,0.35,0.38,2.95,-0.03,1.25,0.76,0.49,61,2.05,0,1.67,2.57,0.28,0.24,0.83,0.9,16.7,7.05,0.01,4.58,58.98,4.13,2.81,1.11,1.39,67,1.36,1.6,1.42,20,0.56,36,1.04,0,14.17,16.35,3.85,3.47,1.28,62.06,10.31,73,2.78,80,0.14,0,0,22.02,80,0.52,22,52,1.08,0.76,21,72,-8,60.94,2.08,0.38,0.49,23.51,85,5.55,7.85,0.45,0.45,0,0.35,5,5.45,0.14,15,0.24,47,0.8,10,67,23,10,68,22,14.75,13.57,1,108,-1.18,14.69,14.7,0,0,0,0,0,,0,0,,0,0,0,0,0,0,21,9,3.13,24,-0.07,0.05,0.01,-0.03,,-0.05
Alan Ariel García Jama,Aucas,Liga Pro,2026,547,Left Back,Ecuador,26,07/02/00,0,0,0.01,0.07,0.16,0,0,0,,0,0,0,0,0,0,0,0,0,0,0,0.01,0.16,-0.01,0.82,0.33,0.49,40,0.33,0,0.16,1.32,2.3,2.44,2.3,2.16,11.03,6.58,0,3.62,26.77,8.72,1.97,1.97,4.28,86,2.01,4.44,0.99,67,0.33,62,1.32,0,8.06,8.4,2.96,0.99,0.33,32.01,1.48,18,0.49,50,0,0,0,39,78,3.79,85,53,2.96,6.42,11,63,-14,42.23,3.95,0.14,0.15,31.43,96,4.2,4.61,0.16,0,0.16,0,0.99,0.99,0,0,0,0,0.16,31,60,9,29,54,18,22.58,19.64,0.9,93,-2.94,20.43,18.19,0,0,0,0,0,,0,0,,0,0,0,0,0,0,22,10,2.45,22,0.03,0.05,0.07,-0.02,,0.13
Alan Ariel García Jama,Libertad,Liga Pro,2026,1246,Left Centre Back,Ecuador,26,07/02/00,0,0,0.01,0.03,0.22,0,0,0,,0,0,0.01,0.22,0,0.01,0.22,0,0,0,0,0.02,0.43,-0.02,0.72,0.43,0.29,60,0.22,0,0.29,0.43,1.16,0.96,4.91,4.81,8.02,3.76,0.04,3.83,24.76,9.82,1.23,1.3,2.46,86,1.11,2.07,0.36,63,0.22,62,1.3,0,6.36,5.49,1.88,0.87,0.22,33.5,1.37,22,0.43,50,0.14,0,0,40.09,76,5.42,84,46,6.72,10.04,10,62,-14,37.98,4.77,0.25,0.25,31.56,98,5.17,4.84,0.29,0.29,0,0,0.14,0.43,0.07,0,0,0,0,36,62,2,37,60,3,29.45,31.22,0.87,86,1.77,25.61,26.78,0,0,0,0,0,,0,0,,0,0,0,0,0,0,25,7,3.16,24,0.09,0.05,0.05,-0.01,,0.17
Alan Lorenzo,Orense,Liga Pro,2026,1744,Right Centre Back,Argentina,28,26/07/98,0.05,0.05,0.01,0.05,0.31,17,17,0,,0.03,0,0,0.05,0,0,0.05,0,0,0,0.05,0.02,0.36,0.04,0.21,0.1,0.1,50,0.26,0,0.15,0.36,1.03,1.22,3.41,3.95,11.92,5.94,0.07,6.56,24.31,7.95,1.76,1.86,2.89,78,2.17,3.39,0.77,70,0.52,56,1.39,0.05,9.29,10.22,4.18,1.45,0.67,27.38,1.14,12,0.41,29,0.1,0,0.05,27.87,80,1.91,12,45,4.08,3.56,12,55,-25,36.5,1.96,0.21,0.22,19.93,98,4.6,2.74,0.05,0.05,0,0.05,0.57,0.62,0,0,0,0,0.05,30,64,6,43,49,8,22.48,21.65,0.92,95,-0.83,20.69,20.65,0,0,0,0,0,,0,0,,0,0,0,0,0,0,26,12,2.16,16,0.05,0.04,0.06,0.02,,0.16
Aldair Quintana,Independiente del Valle,Liga Pro,2026,2423,Goalkeeper,Colombia,32,10/07/94,0,0,0,,0,,,0,,0,0,0.01,0.11,0,0.01,0.11,0,0,0,0,0.01,0.11,-0.01,0.04,0.04,0,100,0.04,0,0,0,0,0,0,0,0.19,0.07,0,5.65,3.29,3.9,0,0.04,0.04,100,0.02,0.02,0,100,0,,0,0.04,0.15,0.07,0.04,0,0,11.16,0,0,0,,0.04,0,0,17.87,82,4.01,69,48,1.75,6.69,14,73,-9,12.34,0.48,0.23,0.23,16.27,100,4.73,0.33,0,0,0,0,0,0,0,,0,,0,35,65,0,100,0,0,32.11,36.32,0.8,81,4.21,25.53,29.56,0.97,0.85,-0.12,65,69,-4,0.74,2.75,31,8.95,2.16,0.04,0.04,20.69,0,18,4,1.95,10,0.05,0.05,0,,-0.13,-0.03
Alex Andrés Rodríguez Reascos,Universidad Católica,Liga Pro,2026,919,Centre Attacking Midfielder,Ecuador,23,07/11/03,0,0,0.08,0.08,0.98,0,30,1,,0.03,0,0.11,1.57,0,0.1,1.47,0,0,0.1,0,0.19,2.55,-0.19,2.06,0.78,1.27,38,2.35,0.1,2.06,3.33,0.49,0.54,0.1,0.16,18.32,8.91,0,4.41,56.03,5.58,3.23,1.37,1.86,67,1.98,2.51,2.06,30,0.69,50,0.29,0,14.89,20.51,3.53,4.51,1.18,56.68,9.5,64,3.62,80,0.2,0,0,39.08,81,2.94,11,64,0.88,3.82,20,78,-4,62.12,6.17,0.34,0.42,42.12,90,5.17,18.32,1.57,1.47,0.1,0.1,2.64,4.11,0.1,19,0.29,23,0.1,17,70,13,18,67,15,19.77,17.21,0.95,99,-2.57,18.76,17,0,0,0,0,0,,0,0,,0,0,0,0,0,0,12,4,6.67,42,0,0.15,-0.02,-0.05,,0.08
Alex Rangel,Barcelona,Liga Pro,2026,1940,Left Centre Back,Ecuador,24,17/03/02,0,0,0,0.02,0.09,0,0,0,,0,0,0.01,0.14,0,0.01,0.14,0,0,0,0,0.01,0.23,-0.01,0.23,0.19,0.05,80,0.7,0.05,0.32,0.42,1.16,1.17,4.69,4.45,12.66,5.24,0.07,6.03,25.19,9.51,1.48,1.9,3.06,85,1.83,3,1.16,77,0.32,69,1.95,0.05,9.7,9.77,4.04,1.39,0.6,29.12,1.35,14,0.51,37,0.19,0,0,37.16,86,3.11,25,63,5.33,4.31,14,74,-12,40.13,3.2,0.29,0.29,29.83,98,4.6,3.94,0.19,0.19,0,0.09,0.46,0.65,0,50,0.19,67,0.19,25,71,5,35,62,2,22.18,20.48,0.95,103,-1.7,21.17,21.13,0,0,0,0,0,,0,0,,0,0,0,0,0,0,16,5,3.2,22,0.04,0.04,0.07,0,,0.16
Alex Zova,Aucas,Liga Pro,2026,2697,Right Back,Ecuador,20,23/07/06,0,0,0.02,0.09,0.2,0,33,0,,0,0.03,0.03,0.37,0.03,0.03,0.37,0,0,0,0.03,0.05,0.57,-0.02,0.57,0.4,0.17,71,0.5,0,0.47,0.5,0.63,0.72,2.4,2.69,12.08,5.77,0.03,4.87,30.54,7.54,2.57,1.5,2.14,67,1.65,2.37,1.37,45,0.73,51,0.8,0.07,9.21,10.35,3.27,1.94,0.6,35.31,2.34,25,1.1,57,0.17,0,0,39.35,86,2.94,11,62,3.1,4,10,65,-21,50.91,3.87,0.3,0.32,33.58,97,4.12,9.68,0.9,0.47,0.43,0.03,0.33,0.8,0,15,0.17,26,0.03,25,64,12,22,57,21,19.44,19.34,0.95,94,-0.1,18.55,18.15,0,0,0,0,0,,0,0,,0,0,0,0,0,0,17,9,3.91,29,0.12,0.06,0,0,,0.18
Alexander Alvarado,LDU Quito,Liga Pro,2026,770,Left Wing,Ecuador,27,20/04/99,0,0,0.07,0.05,1.52,0,0,1,,0,0.12,0.11,1.75,0,0.08,1.17,0.12,0.03,0.58,0.12,0.18,3.27,-0.06,1.29,0.7,0.58,55,1.75,0,1.87,2.34,0.12,0.19,0,0,15.43,7.95,0,3.97,51.46,3.97,2.45,1.29,1.4,61,1.71,1.9,0.35,36,0.82,60,0.7,0,13.79,15.56,3.04,3.62,1.17,52.01,7.13,52,2.34,65,0,0,0,41.73,81,2.92,10,50,0.12,5.73,18,82,1,60.35,6.78,0.38,0.44,43.02,92,5.96,16.83,1.75,0.58,1.17,0.23,2.22,2.81,0,20,0.47,29,0.23,13,72,15,17,69,13,18.97,13.55,0.93,103,-5.42,17.73,13.99,0,0,0,0,0,,0,0,,0,0,0,0,0,0,18,9,7.66,53,0.03,0.03,0.01,-0.04,,0.02
Alexander Bolaños,Aucas,Liga Pro,2026,557,Right Midfielder,Ecuador,32,22/05/94,0.32,0.32,0.36,0.22,1.62,20,30,2,,0.31,0.16,0.17,0.48,0.16,0.17,0.48,0,0,0,0.48,0.52,2.1,-0.04,2.42,1.13,1.29,47,2.75,0,1.13,2.75,0.65,0.56,0.81,0.75,10.35,4.36,0,2.59,52.04,5.17,2.75,0.32,0.97,67,0.34,0.9,1.29,50,0.16,50,0.81,0,8.89,9.05,2.59,2.1,0.81,56.1,5.66,64,1.78,85,0,0,0,21.5,82,0.48,13,60,0.97,0.65,23,63,-20,64.6,2.42,0.33,0.66,24.41,86,7.01,10.02,1.13,1.13,0,0.65,4.85,5.98,0.16,14,0.48,33,0.97,9,74,16,3,79,18,14.07,12.91,0.96,107,-1.16,13.49,13.84,0,0,0,0,0,,0,0,,0,0,0,0,0,0,15,8,3.33,24,0.04,0.18,0.02,-0.02,,0.21
Alexander Domínguez,LDU Quito,Liga Pro,2026,615,Goalkeeper,Ecuador,39,04/06/87,0,0,0,,0,,,0,,0,0,0,0,0,0,0,0,0,0,0,0,0,0,0.15,0.15,0,100,0,0,0,0,0,0,0,0,0,0,0,5.85,2.34,3.95,0,0,0,,0,0,0,,0,,0,0,0,0,0,0,0,,0,,0,,0.15,0,0,18.87,85,7.17,16,65,1.9,9.07,13,72,-13,12.35,1.76,0.06,0.06,15.21,100,4.48,0.73,0.29,0.15,0.15,0,0,0.15,0,0,0,,0,34,66,0,100,0,0,34.85,37.43,0.87,91,2.57,30.39,34.21,0.44,0.62,0.18,83,76,7,0.84,2.63,26,10.24,1.96,0,0,19.94,-3,19,5,0.94,7,0.11,0.08,,,0.13,0.32
Anderson Naula,Guayaquil City,Liga Pro,2026,1351,Centre Attacking Midfielder,Ecuador,28,21/06/98,0.07,0.07,0.1,0.11,0.93,7,29,1,,0.06,0.13,0.05,0.73,0.13,0.05,0.73,0,0,0,0.2,0.16,1.67,0.04,1.27,1,0.27,79,2,0,1.53,2,0.47,0.53,0.8,0.77,20.66,9.66,0.01,6.13,48.58,7.13,3.93,1.87,2.33,67,2.16,2.69,1.33,20,0.93,33,0.73,0,17.53,20.42,4.93,4.93,1.73,50.56,9.4,54,3.73,76,0.27,0,0,29.92,81,1.2,17,62,1.33,1.4,28,80,-1,54.68,3.33,0.28,0.33,27.79,90,4.25,8.33,0.53,0.53,0,0.2,2.33,2.87,0.2,0,0,0,0.47,19,68,13,22,66,13,16.6,15.77,0.97,99,-0.83,16.1,15.54,0,0,0,0,0,,0,0,,0,0,0,0,0,0,22,10,2.57,26,-0.02,0.03,0.04,-0.04,,0.02
Andrés Copete,Técnico Universitario,Liga Pro,2026,808,Left Centre Back,Colombia,26,26/09/00,0,0,0.01,0.03,0.45,0,50,1,,0,0,0.02,0.11,0,0.02,0.11,0,0,0,0,0.03,0.56,-0.03,0.33,0.22,0.11,67,0.33,0,0.11,0.22,1,0.41,2.78,1.25,10.91,5.12,0.09,5.12,25.36,5.79,0.67,2,3.01,82,1.3,1.71,1.11,50,0.45,67,0.89,0,7.79,5.38,3.12,1.11,0.33,30.46,0.89,11,0.56,50,0.11,0,0,22.26,82,1.89,77,52,3.34,3.12,11,58,-23,35.49,1.34,0.1,0.12,18.92,99,3.4,1.34,0.11,0.11,0,0,0.56,0.67,0.11,0,0,0,0,30,68,2,58,42,0,23.56,23.86,0.92,79,0.3,21.75,18.82,0,0,0,0,0,,0,0,,0,0,0,0,0,0,18,6,1.96,14,0,0.02,0.04,-0.01,,0.05
Andrés López,Deportivo Cuenca,Liga Pro,2026,1190,Right Back,Ecuador,33,03/02/93,0.15,0.15,0.05,0.09,0.53,29,43,1,,0.11,0,0.05,0.61,0,0.05,0.61,0,0,0,0.15,0.09,1.13,0.06,0.38,0.08,0.3,20,0.76,0,0.23,0.76,0.91,0.94,2.04,2.12,11.95,5.82,0.03,5.6,32.31,6.58,2.72,1.59,2.5,54,1.89,2.83,0.83,32,1.36,47,0.61,0,9.53,9.28,4.08,1.89,0.76,36.06,2.42,25,0.91,48,0.08,0,0,37.22,85,1.97,6,53,2.27,3.48,10,63,-22,51.06,4.39,0.27,0.28,32.07,98,3.64,8.25,0.3,0.23,0.08,0.23,2.12,2.34,0.08,25,0.23,23,0.3,24,61,15,27,60,14,18.99,17.6,0.94,104,-1.39,17.89,18.31,0,0,0,0,0,,0,0,,0,0,0,0,0,0,19,9,4.16,30,0.04,0.09,-0.03,0.04,,0.15
Andrés Mena,Aucas,Liga Pro,2026,2568,Left Centre Midfielder,Ecuador,26,06/09/00,0.11,0.11,0.09,0.07,1.3,8,35,1,,0.12,0.18,0.15,1.79,0.18,0.13,1.61,0,0.02,0.18,0.28,0.23,3.08,0.05,0.74,0.42,0.32,57,0.6,0,1.72,1.61,0.42,0.49,0.7,0.82,10.79,5.36,0.01,3.05,50.28,5.92,2.98,0.81,1.23,52,0.94,1.42,0.42,36,0.74,44,0.39,0,9.57,10.92,2.45,2.52,0.74,53.78,5.47,57,1.79,71,0.04,0,0,45.84,86,2.24,86,71,0.91,2.94,18,84,-3,58.94,5.96,0.37,0.47,41.67,94,3.29,18.86,1.26,1.05,0.21,0.46,3.33,4.38,0.25,17,0.35,36,0.81,16,70,14,20,67,12,16.46,13.66,0.98,102,-2.8,16.17,13.87,0,0,0,0,0,,0,0,,0,0,0,0,0,0,18,10,6.03,43,-0.01,0.03,0.02,0.01,,0.04
Andy Velasco,Independiente del Valle,Liga Pro,2026,964,Right Centre Back,Ecuador,28,28/10/98,0,0,0.03,0.09,0.37,0,25,0,,0.02,0.09,0.04,0.09,0.09,0.04,0.09,0,0,0,0.09,0.08,0.47,0.02,0.47,0.37,0.09,80,1.03,0,0.28,0.28,0.93,1.01,5.6,6.72,7.29,3.27,0.07,4.48,27.09,7.57,1.12,1.03,1.96,58,1.27,2.27,0.56,22,0.75,64,2.15,0.19,5.7,7.26,2.05,0.93,0.19,31.54,0.93,16,0.28,30,0.09,0,0,50.44,88,5.23,15,64,6.63,7.1,10,71,-18,37.55,4.2,0.56,0.58,43.15,99,5.97,4.67,0.09,0.09,0,0,1.21,1.31,0,0,0,0,0.19,26,71,3,46,54,0,25.57,23.22,0.95,84,-2.35,24.27,19.58,0,0,0,0,0,,0,0,,0,0,0,0,0,0,12,5,4.01,20,0.05,0.08,0.06,0,,0.2
Angelo Mina,Emelec,Liga Pro,2026,2342,Right Centre Midfielder,Ecuador,27,28/02/99,0.04,0.04,0.11,0.1,1.19,3,23,2,,0.05,0.08,0.04,0.61,0.08,0.04,0.61,0,0,0,0.12,0.16,1.81,-0.04,2.04,1.23,0.81,60,0.88,0.04,1.96,2.27,0.5,0.36,0.96,0.66,17.03,9.11,0.03,5.73,42.1,7.49,3.54,1.81,2.31,67,1.53,1.9,1.35,19,0.88,43,0.81,0,13.87,10.88,4.3,3.15,0.77,44.44,5.23,38,1.84,59,0.15,0,0,22.98,76,1.31,12,58,1.23,2,21,71,-4,52.16,3.38,0.29,0.38,23.6,85,6.32,5.73,0.54,0.54,0,0.15,2.34,2.88,0.04,36,0.23,33,0.27,22,70,7,23,70,6,19.54,17.31,0.99,108,-2.23,19.4,18.65,0,0,0,0,0,,0,0,,0,0,0,0,0,0,25,8,3.19,27,0.01,0.07,0.03,-0.05,,0.06
Anthony Bedoya,Delfin,Liga Pro,2026,2661,Right Centre Back,Ecuador,30,25/01/96,0.07,0.07,0.06,0.15,0.41,17,42,0,,0.05,0,0.02,0.37,0,0.02,0.37,0,0,0,0.07,0.08,0.78,-0.01,0.1,0.07,0.03,67,0.34,0,0.03,0.17,0.95,0.8,5.58,3.17,5.72,2.77,0.06,3.99,20.69,8.52,0.78,0.61,1.56,82,0.47,1.27,0.74,78,0.14,73,2.23,0.03,4.36,2.63,2.2,0.78,0.41,24.36,0.27,6,0.2,26,0.27,0,0,29.25,79,3.18,12,46,6.66,5.78,12,66,-13,31.38,1.42,0.16,0.21,20.26,99,4.73,1.29,0.27,0.2,0.07,0.17,1.29,1.49,0,13,0.03,100,0.17,32,64,4,53,45,3,26.64,26.22,0.88,85,-0.41,23.44,22.34,0,0,0,0,0,,0,0,,0,0,0,0,0,0,21,7,2.15,18,0.05,0.05,0.04,-0.03,,0.11
Anthony Javier Castillo Salas,Técnico Universitario,Liga Pro,2026,681,Right Midfielder,Ecuador,19,18/02/07,0,0,0.08,0.03,2.38,0,28,4,,0.04,0,0.06,1.06,0,0.06,0.93,0,0,0.13,0,0.14,3.44,-0.14,1.59,0.66,0.93,42,2.91,0,1.85,4.36,0.4,0.39,0.26,0.26,22.21,9.52,0.01,5.29,54.22,5.68,3.57,2.78,3.17,88,2.15,2.54,2.64,40,0.4,8,0.13,0,16.79,12.3,4.23,3.44,1.06,54.69,9.91,59,3.3,96,0.26,0,0,20.88,66,0.53,79,50,0.4,0.93,15,54,-12,62.46,3.44,0.18,0.27,26.04,79,7.64,6.61,0.66,0.66,0,0.26,3.04,3.7,0,20,0.26,15,0.53,18,67,15,20,58,22,16.06,12.51,0.98,122,-3.56,15.68,15.25,0,0,0,0,0,,0,0,,0,0,0,0,0,0,28,6,3.94,27,-0.03,0.09,0.02,-0.1,,-0.02
Antony Chére,Libertad,Liga Pro,2026,1733,Centre Forward,Ecuador,30,26/08/96,0.26,0.26,0.25,0.19,1.35,19,42,3,,0.26,0.05,0.07,0.78,0.05,0.07,0.78,0,0,0,0.31,0.32,2.13,-0.01,0.73,0.52,0.21,71,1.14,0.05,1.04,2.34,0.1,0.04,0.83,0.73,24.46,12.2,0.02,6.18,56.44,3.64,2.08,0.73,0.83,56,0.6,0.64,2.08,9,0.57,40,1.92,0.05,21.66,15.89,5.35,3.69,1.14,58.66,14.07,65,2.8,76,0.1,0,0,15.27,77,0.47,23,56,0.99,0.68,25,61,-16,59.41,1.61,0.37,0.48,13.55,80,4.91,5.71,0.57,0.57,0,0.16,3.12,3.69,0.05,18,0.1,50,0.42,13,67,20,12,73,15,15.46,15.19,0.96,89,-0.27,14.88,13.52,0,0,0,0,0,,0,0,,0,0,0,0,0,0,27,11,3.58,28,-0.01,-0.03,0.02,0.03,,0.02
Aníbal Leguizamón Espínola,Emelec,Liga Pro,2026,1720,Right Centre Back,Argentina,34,09/01/92,0.05,0.05,0.03,0.04,0.73,7,14,0,,0.01,0.05,0.02,0.42,0.05,0.02,0.42,0,0,0,0.1,0.05,1.15,0.05,0,0,0,,0.21,0,0.16,0.1,0.84,0.74,6.02,4.96,9.58,5.76,0.04,4.13,24.72,8.53,1.57,1.52,2.35,73,1.24,1.98,1.05,53,0.58,75,2.41,0.05,7.01,6.13,2.56,1.15,0.42,31.04,1.1,16,0.47,41,0.31,0,0,39.56,81,4.08,15,50,7.12,7.06,11,55,-25,36.5,2.72,0.28,0.31,31.03,99,5.37,3.24,0.26,0.26,0,0.1,1.78,2.04,0.05,0,0,0,0.1,30,66,3,50,48,2,25.93,25.97,0.89,95,0.04,23.01,24.66,0,0,0,0,0,,0,0,,0,0,0,0,0,0,18,6,3.09,24,0.07,0.05,0.07,-0.02,,0.17
Ariel Aguas,Leones del Norte,Liga Pro,2026,1166,Right Wing Back,Ecuador,27,05/04/99,0,0,0.02,0.11,0.23,0,33,0,,0.02,0.08,0.03,0.08,0.08,0.03,0.08,0,0,0,0.08,0.06,0.31,0.02,0.39,0.31,0.08,80,0.62,0,0.77,0.46,0.85,0.55,2.85,1.89,14.27,7.56,0.03,4.78,31.23,5.94,1.16,1.85,2.7,71,1.45,2,1.54,44,0.77,34,0.77,0,10.88,7.46,3.4,2.62,0.93,35.73,2.24,21,1.23,47,0.31,0,0,20.83,66,1.85,19,32,4.32,4.32,17,62,-4,44.95,1.93,0.12,0.16,18.67,94,3.82,2.7,0,0,0,0,0.62,0.62,0.08,,0,0,0.08,36,54,10,37,43,20,25.89,28.52,0.81,81,2.64,21.09,23.07,0,0,0,0,0,,0,0,,0,0,0,0,0,0,25,5,2.45,22,0.03,0.02,0.1,0,,0.15
Arnaldo Zambrano,Mushuc Runa,Liga Pro,2026,1167,Left Defensive Midfielder,Ecuador,25,21/12/01,0.08,0.08,0.06,0.09,0.69,11,44,1,,0.09,0.15,0.04,0.31,0.15,0.04,0.31,0,0,0,0.23,0.1,1,0.13,0.54,0.39,0.15,71,1,0,0.85,0.54,0.39,0.25,1,0.98,17.2,8.79,0.03,5.01,40.62,7.71,2.85,1.62,2,75,1.81,2.06,1.62,13,0.54,52,0.93,0,13.96,12.92,4.01,3.16,0.93,42.31,5.17,37,1.77,56,0.15,0,0,29.92,86,2.93,9,78,1.16,3.62,17,76,-10,48.78,2.78,0.27,0.35,25.68,95,5.8,5.86,0.23,0.23,0,0.08,1.16,1.39,0,0,0,0,0.08,13,76,11,11,78,12,20.24,16.25,0.99,105,-3.99,20.14,17.09,0,0,0,0,0,,0,0,,0,0,0,0,0,0,17,7,2.98,22,-0.04,0.08,0,0.04,,0.09
Aron Rodríguez,Independiente del Valle,Liga Pro,2026,1458,Right Midfielder,Ecuador,27,05/08/99,0.19,0.19,0.27,0.11,2.53,7,29,3,,0.3,0.31,0.25,1.79,0.31,0.25,1.79,0,0,0,0.49,0.51,4.32,-0.02,1.3,0.68,0.62,52,1.48,0,1.91,1.79,0.43,0.56,0.37,0.41,10.87,5.62,0,3.52,48.68,6.11,3.4,1.42,1.85,72,1.68,2.24,0.74,27,0.56,58,0.43,0,8.83,10.68,2.84,2.22,0.86,50.25,4.51,51,1.98,89,0.19,0,0,30.5,72,1.61,16,46,0.56,3.33,15,70,-2,64.28,3.83,0.69,1.09,31.3,90,5.6,13.09,1.73,1.67,0.06,0.99,6.54,8.21,0.19,50,1.48,36,0.99,15,69,16,17,65,18,19.64,16.59,0.91,99,-3.05,17.96,16.48,0,0,0,0,0,,0,0,,0,0,0,0,0,0,26,7,6.99,37,0.17,0.11,0.02,0.01,,0.31
Ayrton Morales,Técnico Universitario,Liga Pro,2026,1191,Goalkeeper,Ecuador,31,18/05/95,0,0,0,,0,,,0,,0,0,0,0,0,0,0,0,0,0,0,0,0,0,0,0,0,,0.3,0,0,0,0,0,0.08,0.05,0.08,0.15,0,7.86,2.33,4.08,0,0,0,0,0,0,0,100,0.08,,0,0,0.08,0.07,0.08,0,0,4.3,0,0,0,,0.15,0,0,10.88,51,4.23,11,28,1.21,13.75,7,23,-29,9.76,0.98,0.06,0.06,9.52,100,7.1,0.6,0,0,0,0,0,0,0,,0,,0,64,36,0,100,0,0,49.97,46.59,0.68,58,-3.38,33.91,26.99,1.13,1.24,0.1,65,62,3,1.15,3.25,27,12.24,1.57,0.23,0.23,16.81,-2,36,2,0.63,5,0.09,0.05,0,,-0.08,0.06
Ayrton Preciado,Aucas,Liga Pro,2026,1496,Right Midfielder,Ecuador,32,16/07/94,0.3,0.24,0.24,0.11,2.11,11,40,2,100,0.21,0.18,0.24,1.99,0.18,0.2,1.74,0,0.04,0.24,0.42,0.48,4.09,-0.06,1.5,0.66,0.84,44,0.96,0,1.38,2.05,0.12,0.08,0.42,0.26,9.87,3.85,0,3.13,52.78,4.21,2.23,0.66,0.78,79,0.79,0.87,0.96,60,0.18,54,0.42,0,8.24,8.78,2.59,2.47,0.96,54.77,5.05,61,2.23,90,0.24,0,0,37.3,79,1.56,9,43,0.84,3.25,16,74,-5,64.76,5.96,0.48,0.7,38.08,92,6.3,17.57,2.35,1.93,0.42,0.66,4.21,6.14,0.18,23,1.08,37,0.66,17,70,13,21,71,9,17.99,16.43,0.91,90,-1.56,16.28,14.86,0,0,0,0,0,,0,0,,0,0,0,0,0,0,21,11,6.76,47,0.12,0.16,0.01,-0.05,,0.23
Azarías Londoño,Universidad Católica,Liga Pro,2026,1595,Right Wing,Panama,25,20/06/01,0.23,0.23,0.26,0.12,2.26,10,35,3,0,0.2,0.17,0.16,1.47,0.17,0.16,1.47,0,0,0,0.39,0.42,3.72,-0.03,3.33,2.14,1.18,64,1.13,0.06,2.48,3.55,0.56,0.76,0.17,0.22,10.83,4.97,0.01,3.39,54.44,5.36,3.22,1.64,2.2,94,2.07,2.83,1.24,75,0.11,64,0.9,0,7.96,10.78,2.88,2.43,1.02,55.61,4.8,60,1.86,77,0,0,0,27.36,74,1.07,84,41,0.45,2.31,21,75,1,61.79,3.44,0.5,0.82,31.71,85,6.36,10.66,1.3,1.3,0,0.79,5.64,6.94,0.17,13,0.56,34,0.96,14,69,17,16,66,17,18.55,15.13,0.95,94,-3.42,17.62,14.24,0,0,0,0,0,,0,0,,0,0,0,0,0,0,19,6,5.57,31,0.02,0.17,-0.01,-0.02,,0.16
Bagner Delgado,Técnico Universitario,Liga Pro,2026,1347,Centre Attacking Midfielder,Ecuador,31,19/11/95,0.13,0.13,0.14,0.13,1.07,13,38,1,,0.13,0.07,0.18,2.14,0.07,0.16,1.94,0,0.01,0.2,0.2,0.32,3.21,-0.12,1.94,1.14,0.8,59,1.2,0,2.81,3.81,0.94,0.57,0.4,0.29,19.17,9.42,0.01,5.28,52.28,6.68,3.47,1.2,2.14,69,0.99,1.56,1.27,33,0.53,31,0.87,0,16.77,12.09,4.28,4.01,1.27,53.05,8.82,53,3.07,77,0.2,0,0,28.19,71,1.54,14,43,0.67,3.27,18,61,-9,63.64,5.41,0.41,0.5,29.86,83,7.12,11.96,1.54,1.27,0.27,0.73,3.54,4.81,0.33,17,0.47,27,0.8,20,67,13,23,61,15,18.33,14.88,0.93,105,-3.45,17,15.69,0,0,0,0,0,,0,0,,0,0,0,0,0,0,27,9,6.1,43,0.02,0.09,0.01,0.03,,0.15
Beder Caicedo,Orense,Liga Pro,2026,2678,Left Back,Ecuador,34,12/05/92,0.03,0.03,0.04,0.1,0.4,8,33,0,,0.05,0.03,0.05,0.64,0.03,0.05,0.64,0,0,0,0.07,0.09,1.04,-0.03,1.01,0.47,0.54,47,0.67,0.03,0.97,1.38,0.6,0.75,1.78,1.86,9.18,4.5,0.01,3.36,34.78,8.03,2.52,1.28,1.88,73,1.52,2.26,1.04,44,0.47,60,1.08,0,6.86,7.56,2.52,1.34,0.57,38.64,1.95,28,0.84,63,0.24,0,0,35.42,77,2.69,79,51,2.42,4.64,13,64,-13,51.53,5.41,0.25,0.3,30.55,93,4.39,9.95,1.01,0.87,0.13,0.13,1.11,1.98,0.03,30,0.5,32,0.17,32,59,9,30,55,14,19.8,17.71,0.92,96,-2.1,18.16,17.07,0,0,0,0,0,,0,0,,0,0,0,0,0,0,29,13,3.78,30,0.14,0.08,0.04,0.01,,0.27
Brian Heras,Delfin,Liga Pro,2026,2251,Goalkeeper,Ecuador,31,16/04/95,0,0,0,,0,,,0,,0,0,0,0.04,0,0,0.04,0,0,0,0,0,0.04,0,0,0,0,,0.36,0,0,0,0,0,0,0,0.2,0.04,0,6.04,2.79,4.24,0,0,0,0,0,0,0,50,0.08,0,0,0.08,0.2,0.1,0.2,0.04,0.04,6.34,0,0,0,0,0.16,0,0,17.43,68,6.48,15,42,1.84,13.43,10,58,-10,12.09,1.04,0.06,0.06,14.71,100,6.14,0.32,0.04,0.04,0,0,0,0.04,0,0,0,,0,52,48,0,100,0,0,43.23,43.32,0.76,86,0.09,33,37.07,0.64,0.71,0.07,79,77,2,0.84,3.04,30,10.15,1.84,0,0,17.19,-1,26,3,1.22,10,0.08,0.07,0,,0.09,0.24
Brian Kreiman,Leones del Norte,Liga Pro,2026,1529,Left Centre Back,Argentina,24,01/10/02,0,0,0.03,0.08,0.35,0,17,0,,0.02,0,0,0.12,0,0,0.12,0,0,0,0,0.03,0.47,-0.03,0.59,0.59,0,100,0.59,0,1.12,0.47,1.12,0.73,3,2.07,9.71,4.59,0.05,4.36,22.08,6.59,1.24,1.47,2.59,76,1.12,1.84,0.77,56,0.47,44,0.94,0.06,7.53,6.07,3.24,1,0.47,25.55,0.41,5,0.18,18,0.24,0,0,27.61,83,3.18,85,55,3.59,5.18,9,64,-18,37.7,2.47,0.16,0.17,24.78,94,5.02,2.3,0.06,0.06,0,0,0.53,0.59,0,0,0,0,0,36,60,4,56,41,3,23.28,25.24,0.9,83,1.96,20.86,20.83,0,0,0,0,0,,0,0,,0,0,0,0,0,0,25,12,2.36,18,0.02,0.06,0.13,0,,0.21
Brian Negro,Mushuc Runa,Liga Pro,2026,715,Left Centre Back,Argentina,29,07/09/97,0,0,0.04,0.06,0.63,0,0,0,,0,0,0.01,0.13,0,0.01,0.13,0,0,0,0,0.05,0.76,-0.05,0.25,0.13,0.13,50,0.63,0,0.13,0.13,0.5,0.47,5.41,3.76,8.81,4.28,0.06,3.27,22.96,5.66,1.01,0.38,0.88,75,0.29,0.76,1.26,50,0.13,69,2.27,0,7.17,5.69,2.01,1.01,0.25,25.56,0.5,7,0.13,13,0.13,0,0.13,26.55,82,3.4,91,57,6.17,5.16,11,54,-28,31.73,1.38,0.28,0.3,20.64,99,4.44,1.51,0,0,0,0.13,1.51,1.51,0,,0,,0.13,28,68,4,42,58,0,25.14,21.86,0.94,102,-3.28,23.69,22.36,0,0,0,0,0,,0,0,,0,0,0,0,0,0,16,6,1.72,14,0.02,0.02,0.07,-0.05,,0.05
Brian Ramirez,Manta FC,Liga Pro,2026,2083,Centre Defensive Midfielder,Argentina,26,02/01/00,0,0,0.03,0.03,0.86,0,25,1,,0.03,0.09,0.07,0.86,0.04,0.04,0.39,0.04,0.03,0.48,0.09,0.1,1.73,-0.02,0.65,0.48,0.17,73,0.69,0,0.65,0.6,1.77,1.1,0.78,0.48,19.4,10.63,0.01,6.91,40.59,10.28,4.36,1.6,3.37,63,1.26,2.37,1.3,24,0.95,35,0.48,0.04,16.59,12.66,5.18,3.59,1.3,42.38,5.44,33,2.07,58,0.26,0,0.04,39.23,82,3.02,6,49,1.21,5.79,14,76,-6,47.31,4.32,0.26,0.29,34.74,97,3.89,6.31,0.86,0.26,0.6,0.04,0.48,0.73,0.04,15,0.22,45,0.13,24,68,8,29,64,6,21.45,18.19,0.91,90,-3.26,19.43,16.35,0,0,0,0,0,,0,0,,0,0,0,0,0,0,17,7,5,43,0.03,0.08,0.05,0,,0.15
Bruno Miranda,Aucas,Liga Pro,2026,912,Centre Forward,Bolivia,28,09/02/98,0.59,0.39,0.39,0.15,2.66,15,44,5,100,0.4,0,0.08,0.39,0,0.08,0.39,0,0,0,0.39,0.47,3.06,-0.07,0.99,0.79,0.2,80,0.69,0,1.28,1.38,0,0,0.3,0.34,11.35,5.03,0.02,2.86,64.77,2.66,2.07,0.3,0.3,50,0.41,0.41,1.38,50,0.3,25,0.49,0,9.67,12.53,2.57,1.58,0.79,66.45,7.99,83,1.48,94,0.3,0,0,21.71,84,1.38,11,70,0.59,1.68,27,77,-7,63.01,1.97,0.33,0.63,22.3,89,4.48,9.57,0.3,0.3,0,0.2,5.03,5.33,0,0,0.2,67,0.59,8,74,19,4,81,14,17.49,14.57,0.99,96,-2.92,17.34,14.03,0,0,0,0,0,,0,0,,0,0,0,0,0,0,16,9,4.17,27,-0.1,0.08,0.02,-0.09,,-0.08
Bryan Caicedo,Libertad,Liga Pro,2026,2125,Right Centre Back,Ecuador,26,30/12/00,0.04,0.04,0.02,0.06,0.3,14,14,0,,0,0,0,0.08,0,0,0.04,0,0,0.04,0.04,0.02,0.38,0.02,0.25,0.13,0.13,50,0.3,0,0.38,0.51,0.51,0.33,4.11,2.83,12.03,6.61,0.03,5.25,22.3,8.73,1.31,1.69,2.2,85,1.06,1.39,1.61,74,0.3,71,2.2,0.04,8.73,5.76,3.13,1.27,0.51,26.88,0.72,8,0.38,30,0.38,0,0.04,31.81,81,3.68,12,56,5,5.63,13,67,-13,34.12,2.5,0.23,0.24,25.71,97,3.98,2.5,0.13,0.13,0,0,0.59,0.72,0.04,0,0,,0,29,68,3,31,69,0,25.52,25.92,0.93,95,0.4,23.66,24.71,0,0,0,0,0,,0,0,,0,0,0,0,0,0,19,7,2.18,17,0.05,0.04,0.01,-0.02,,0.08
Bryan Carabalí,Barcelona,Liga Pro,2026,1686,Right Back,Ecuador,29,17/12/97,0.05,0.05,0.04,0.05,0.75,7,7,1,,0.05,0.11,0.09,0.75,0.11,0.09,0.69,0,0.01,0.05,0.16,0.13,1.49,0.03,0.91,0.75,0.16,82,0.59,0.05,1.28,0.8,0.85,0.72,1.6,1.19,10.41,4.54,0.01,3.52,32.09,8.91,3.74,1.65,2.51,72,1.4,2.12,0.64,65,0.64,62,0.85,0,8.11,7.68,2.78,1.39,0.53,36.04,2.4,30,0.64,46,0.16,0,0,33.68,78,2.88,13,49,2.46,5.07,12,69,-9,51.73,4.91,0.22,0.33,30.8,94,5.03,8.11,1.07,0.64,0.43,0.21,1.76,2.4,0.05,25,0.53,23,0.27,18,72,10,20,74,6,20.62,21.18,0.91,88,0.56,18.71,18.64,0,0,0,0,0,,0,0,,0,0,0,0,0,0,23,7,4.7,33,0.07,0.12,0.04,0.01,,0.24
Bryan David Corozo Caicedo,Libertad,Liga Pro,2026,909,Left Defensive Midfielder,Ecuador,26,18/08/00,0.1,0.1,0.02,0.06,0.4,25,50,1,,0.04,0,0.04,0.99,0,0.04,0.99,0,0,0,0.1,0.06,1.39,0.04,1.39,1.09,0.3,79,1.09,0,1.78,1.09,0.49,0.53,1.09,1.18,25.93,14.35,0.03,9.2,39.96,8.51,3.96,1.68,2.18,68,1.74,2.27,2.18,22,0.79,54,1.39,0,22.07,18.69,7.52,5.44,1.98,41.82,6.33,29,2.18,40,0.1,0,0,34.44,79,3.56,35,73,1.48,4.45,17,72,-7,51.71,5.34,0.31,0.35,30.28,92,6.69,8.61,0.4,0.4,0,0,0.4,0.79,0,25,0.1,33,0.1,21,72,7,16,76,8,21.74,18.49,0.98,101,-3.25,21.33,18.7,0,0,0,0,0,,0,0,,0,0,0,0,0,0,22,9,4.15,36,-0.01,0.09,0,-0.01,,0.07
Bryan García,Deportivo Cuenca,Liga Pro,2026,959,Right Defensive Midfielder,Ecuador,25,17/01/01,0,0,0.04,0.03,1.31,0,14,1,,0.01,0,0.04,1.41,0,0.04,1.31,0,0,0.09,0,0.09,2.72,-0.09,0.94,0.66,0.28,70,0.56,0,1.13,1.22,1.03,0.87,1.03,0.96,26.37,16.42,0.01,9.48,40.9,10.7,5.26,3.19,4.22,65,3.24,4.11,1.22,25,1.69,47,0.66,0,21.96,22.42,7.88,6.1,2.35,42.38,7.41,34,3.38,55,0.19,0,0,43.92,82,5.63,14,71,2.44,6.47,23,81,-1,52.35,6.01,0.5,0.55,40.82,95,4.94,11.26,0.66,0.47,0.19,0,0.75,1.22,0,29,0.28,33,0.09,16,70,14,14,75,11,21.8,19.63,1,96,-2.17,21.73,18.93,0,0,0,0,0,,0,0,,0,0,0,0,0,0,18,7,6.58,46,-0.02,0.1,0.06,-0.04,,0.1
Bryan Hernández,Delfin,Liga Pro,2026,556,Right Back,Ecuador,28,19/12/98,0,0,0.01,0.02,0.49,0,33,1,,0.01,0,0.03,0.65,0,0.03,0.65,0,0,0,0,0.04,1.13,-0.04,1.78,1.46,0.32,82,1.62,0,1.94,1.78,0.97,0.31,0.97,0.54,8.42,2.59,0.03,4.21,33.61,7.77,2.75,0.81,1.78,71,0.28,0.6,1.3,80,0.32,67,0.32,0,6.8,2.75,2.59,2.1,0.65,38.24,2.43,36,1.46,69,0.32,0,0,21.69,66,0.81,28,38,1.13,1.94,11,47,-19,49.59,3.24,0.11,0.13,22.34,88,6.26,3.4,1.46,0.97,0.49,0,0.32,1.3,0,33,0.49,33,0,39,54,7,33,52,14,18.46,14.13,0.93,79,-4.32,17.08,11.23,0,0,0,0,0,,0,0,,0,0,0,0,0,0,30,13,2.12,18,0.08,0.08,-0.02,-0.02,,0.12
Bryan Viñán,Orense,Liga Pro,2026,596,Left Wing,Ecuador,26,19/06/00,0.15,0.15,0.16,0.08,1.96,8,38,2,,0.1,0.15,0.05,0.75,0,0.03,0.6,0.15,0.02,0.15,0.3,0.21,2.72,0.09,1.96,1.21,0.75,62,1.51,0,1.06,2.87,0.6,0.66,0.45,0.5,18.86,8.3,0,6.04,42.04,7.39,3.77,2.41,3.02,76,2.26,2.92,2.11,43,0.75,23,0.45,0,14.49,14.9,4.83,2.72,0.75,44.1,5.28,36,2.11,78,0.15,0,0,32.6,77,1.81,78,39,0.75,4.38,10,64,-13,56.21,3.77,0.3,0.4,33.35,90,5.58,9.05,0.75,0.6,0.15,0,1.21,1.81,0,60,0.45,23,0,18,69,13,15,72,13,18.5,16.7,0.89,100,-1.8,16.46,16.72,0,0,0,0,0,,0,0,,0,0,0,0,0,0,26,6,5.4,40,0.03,0.11,0.03,0,,0.16
Byron Castillo,Barcelona,Liga Pro,2026,532,Right Back,Ecuador,28,08/11/98,0.17,0,0.14,0.12,1.19,0,14,2,100,0.03,0.17,0.05,0.85,0.17,0.05,0.85,0,0,0,0.17,0.18,2.03,-0.02,2.03,0.85,1.19,42,2.03,0,2.71,2.54,0.68,0.55,0.68,0.59,11.85,5.08,0.02,3.72,42.81,6.77,3.39,1.52,2.2,75,1.77,2.33,1.02,40,0.51,33,0.85,0,9.31,12.24,3.05,2.54,1.02,45.04,4.06,44,2.2,87,0.17,0,0,29.46,77,1.19,14,50,1.35,1.69,15,60,-17,56.88,3.72,0.33,0.46,31.15,85,5.04,8.46,0.68,0.68,0,0.17,3.05,3.72,0,50,0.51,38,0.17,23,64,13,34,46,20,18.27,17.59,0.99,101,-0.68,18.02,17.82,0,0,0,0,0,,0,0,,0,0,0,0,0,0,20,8,5.37,37,0.05,0.08,0.02,-0.13,,0.01
Byron Palacios,Universidad Católica,Liga Pro,2026,913,Centre Forward,Ecuador,31,19/02/95,0.59,0.39,0.3,0.15,2.07,19,43,5,100,0.37,0.1,0.06,0.39,0.1,0.06,0.39,0,0,0,0.49,0.36,2.46,0.13,1.08,0.49,0.59,45,0.89,0.1,1.48,2.96,0.59,0.83,0.59,0.7,14.59,6.31,0.01,4.73,68.13,2.56,1.38,0.69,1.28,70,0.87,1.71,0.79,0,0.3,52,1.48,0.1,13.21,19.5,4.34,2.46,0.79,72.65,11.34,86,2.17,88,0.2,0,0,14.79,73,0.39,14,57,0.69,0.59,22,61,-12,59.2,1.38,0.23,0.51,16.07,81,4.95,4.63,0.2,0.2,0,0.3,5.22,5.42,0,0,0,0,0.59,11,63,25,15,64,21,14.3,12.17,1.02,107,-2.12,14.57,13.08,0,0,0,0,0,,0,0,,0,0,0,0,0,0,28,9,2.09,13,-0.04,0,0.03,0.07,,0.06
Carlos Arboleda,Deportivo Cuenca,Liga Pro,2026,1535,Left Back,Ecuador,35,23/01/91,0,0,0.04,0.05,0.88,0,13,1,,0,0.12,0.12,1.52,0.06,0.04,0.82,0.06,0.08,0.7,0.12,0.16,2.4,-0.05,0.88,0.7,0.18,80,0.59,0,0.94,0.94,0.35,0.47,2.05,2.03,14.36,7.03,0,4.34,36.05,7.56,3.17,2.11,2.46,82,1.88,2.36,1.41,50,0.47,54,0.82,0,11.02,10.09,3.34,1.52,0.47,39.43,3.34,30,0.94,62,0.06,0,0,31.42,72,3.34,88,52,2.58,5.86,11,61,-12,53.64,4.4,0.29,0.36,27.9,95,4.49,8.85,2.4,1.06,1.35,0,1.17,2.23,0.06,27,1,41,0.18,27,64,9,29,66,5,21.63,17.61,0.92,97,-4.03,19.95,17.05,0,0,0,0,0,,0,0,,0,0,0,0,0,0,25,7,5.25,36,0.14,0.05,0.04,-0.06,,0.17
Carlos Caicedo,Macará,Liga Pro,2026,412,Left Defensive Midfielder,Ecuador,19,16/04/07,0,0,0.07,0.08,0.87,0,50,1,,0.09,0,0.01,0.22,0,0.01,0.22,0,0,0,0,0.08,1.09,-0.08,0.44,0.44,0,100,1.97,0,0.22,0.87,0.44,0.27,1.31,0.68,22.28,10.7,0.02,5.68,39.22,8.3,2.62,1.97,2.4,64,1.22,1.5,3.28,0,1.09,36,1.09,0,17.03,11.58,4.37,4.37,1.31,42.09,5.02,29,2.4,55,0.44,0.22,0,31.23,80,3.28,10,79,2.18,3.28,22,68,-12,50.96,3.06,0.12,0.18,28.39,96,4.37,5.46,0.44,0.44,0,0,1.53,1.97,0,50,0.22,33,0,11,82,7,16,76,8,20.58,21.2,1,97,0.62,20.59,20.49,0,0,0,0,0,,0,0,,0,0,0,0,0,0,21,6,2.51,15,-0.07,0.04,-0.09,0.01,,-0.11
Carlos González,Independiente del Valle,Liga Pro,2026,909,Centre Forward,Paraguay,33,03/02/93,0.89,0.79,0.54,0.16,3.37,24,44,7,100,0.86,0,0.1,0.89,0,0.1,0.89,0,0,0,0.79,0.64,4.26,0.15,0.59,0.5,0.1,83,1.29,0,1.09,2.28,0.2,0.18,0,0,14.76,6.04,0,4.06,71.8,2.58,1.88,0.4,0.59,67,0.61,0.79,0.79,0,0.2,58,3.67,0,13.57,16.73,3.96,2.97,0.79,72.47,11.89,88,2.77,93,0.2,0,0,14.56,68,0.79,22,53,0.59,0.89,35,47,-21,64.43,0.99,0.82,1.15,12.28,81,5.47,5.65,0.59,0.59,0,0.69,8.92,9.51,0,0,0.1,33,1.09,13,63,24,11,65,25,17.49,18.92,0.95,96,1.43,16.53,18.18,0,0,0,0,0,,0,0,,0,0,0,0,0,0,29,8,4.45,21,-0.04,-0.02,0,0.38,,0.32
Carlos Gruezo,Libertad,Liga Pro,2026,990,Right Centre Back,Ecuador,26,13/03/00,0,0,0,,0,,,0,,0,0.09,0.04,0.09,0.09,0.04,0.09,0,0,0,0.09,0.04,0.09,0.05,0.09,0.09,0,100,0.18,0,0.09,0.09,1.18,0.83,3.82,2.74,8.09,3.36,0.07,4.73,20.72,6.73,0.45,0.91,2.09,91,0.71,1.54,0.36,50,0.09,55,1,0.09,6.82,5.2,2.82,0.82,0.36,26.02,0.82,12,0.27,33,0.27,0,0,28.27,80,3.18,37,48,4.82,5.64,12,60,-20,29.85,1.55,0.17,0.21,22.55,100,5.64,1.73,0.09,0.09,0,0,0.18,0.27,0.09,0,0,,0.09,32,66,2,47,53,0,26.9,25.68,0.89,79,-1.22,23.93,20.34,0,0,0,0,0,,0,0,,0,0,0,0,0,0,22,5,1.05,11,0.06,0.03,0.07,,,0.16
Carlos Orejuela,Mushuc Runa,Liga Pro,2026,668,Right Midfielder,Ecuador,33,13/03/93,0.13,0.13,0.1,0.07,1.48,9,36,2,,0.11,0,0.11,1.35,0,0.09,1.08,0,0.02,0.27,0.13,0.2,2.83,-0.07,0.81,0.67,0.13,83,0.27,0,1.75,0.67,0.13,0.16,0.27,0.23,16.31,7.28,0.01,4.85,44.3,5.66,2.83,1.62,1.75,80,1.7,1.86,1.08,71,0.4,15,0.27,0,13.62,13.43,4.31,2.7,0.81,45.65,4.99,37,1.48,55,0.27,0,0,30.06,79,3.37,22,76,0.81,3.91,21,77,-2,56.73,4.31,0.35,0.5,27.23,91,4.57,10.38,1.48,1.21,0.27,0.13,2.29,3.51,0,18,0.4,18,0.13,18,72,10,18,69,13,21.42,18.48,0.97,97,-2.94,20.82,17.94,0,0,0,0,0,,0,0,,0,0,0,0,0,0,18,8,5.35,37,0.1,0.07,0.02,0.05,,0.23
Charles Vélez,Leones del Norte,Liga Pro,2026,1304,Left Defensive Midfielder,Ecuador,34,25/12/92,0,0,0.02,0.03,0.55,0,13,1,,0,0,0.04,0.69,0,0.03,0.62,0,0,0.07,0,0.05,1.24,-0.05,0.41,0.28,0.14,67,0.9,0,0.55,0.9,0.83,0.57,1.79,1.14,10.35,5.87,0.03,3.73,37.9,8.49,4.42,0.83,1.66,48,0.65,1.22,0.55,24,0.9,66,1.31,0,9.04,7.32,2.62,2.55,0.97,41.8,2.83,31,1.24,49,0.14,0,0,38.16,83,2.97,15,69,2.07,4,16,74,-9,50.53,5.45,0.22,0.25,32.71,96,4,8.21,0.69,0.69,0,0.21,0.69,1.38,0,10,0.07,50,0.14,21,69,10,25,69,6,21.07,19.05,0.98,104,-2.01,20.66,19.73,0,0,0,0,0,,0,0,,0,0,0,0,0,0,18,9,4.14,33,0.03,0.05,0.04,-0.01,,0.11
Christopher Arteaga,Técnico Universitario,Liga Pro,2026,319,Left Wing,Ecuador,26,01/01/00,0.28,0.28,0.15,0.07,2.26,13,25,5,,0.22,0,0.11,0.85,0,0.11,0.85,0,0,0,0.28,0.26,3.11,0.02,2.26,0.28,1.98,13,1.7,0,2.54,2.83,0,0,0.28,0.04,7.63,2.54,0.04,1.98,51.63,5.09,2.83,0.57,0.57,67,0.47,0.47,0.85,0,0.28,0,0,0,6.22,4.54,1.13,1.98,0.57,58.83,3.96,64,1.7,86,0,0,0,14.13,70,0.57,15,50,0.28,1.13,11,67,-3,56.59,2.83,0.14,0.37,19.78,71,6.28,5.09,0.57,0.57,0,0.28,3.39,3.96,0,100,0.85,50,0.28,23,72,6,28,72,0,19.75,16.15,0.92,87,-3.6,18.1,14.01,0,0,0,0,0,,0,0,,0,0,0,0,0,0,43,21,2.8,18,0.09,0.03,0.05,-0.15,,0.02
Cristhian Alexander Benalcazar Folleco,Deportivo Cuenca,Liga Pro,2026,339,Centre Forward,Ecuador,25,08/06/01,0.27,0.27,0.17,0.11,1.59,17,33,3,,0.1,0,0.08,0.8,0,0.08,0.8,0,0,0,0.27,0.25,2.39,0.01,0.8,0.27,0.53,33,1.33,0,1.59,4.51,0.27,0.11,0.8,0.88,24.43,10.09,0,6.64,59.14,4.51,3.98,1.59,1.86,67,1.72,1.83,1.86,40,0.8,42,3.98,0,20.98,17.33,5.58,4.51,1.59,60.53,14.07,67,2.66,59,0,0,0,18.32,72,0.8,10,50,1.06,1.33,25,53,-20,60.99,1.59,0.34,0.39,17.26,75,4.05,6.11,0.8,0.8,0,0.27,3.98,4.78,0,67,0.53,40,0.53,5,66,29,9,61,30,17.73,16.41,0.93,121,-1.32,16.55,19.87,0,0,0,0,0,,0,0,,0,0,0,0,0,0,13,3,3.27,20,-0.02,-0.07,0.03,-0.12,,-0.18
Cristhian Javier Valencia Sánchez,Libertad,Liga Pro,2026,1803,Right Defensive Midfielder,Ecuador,27,05/08/99,0.05,0.05,0.02,0.02,0.7,7,21,1,,0.04,0.05,0.07,1.2,0.05,0.06,1.05,0,0.01,0.15,0.1,0.09,1.9,0.01,0.9,0.8,0.1,89,2.85,0,1.15,0.9,1,0.67,0.75,0.42,19.37,11.58,0.02,6.24,39.11,9.98,4.04,1.95,2.95,61,1.41,2.08,1.85,23,1.25,32,0.5,0,15.58,10.09,4.89,2.9,1.15,41.05,4.59,29,1.7,59,0.2,0,0,37.34,81,4.39,14,62,1.55,6.34,14,79,-2,48.48,6.19,0.31,0.36,34.1,95,4.75,8.14,0.5,0.3,0.2,0,0.25,0.55,0.1,10,0.05,14,0,21,72,7,28,69,3,22.87,19.52,0.96,100,-3.35,22.05,19.51,0,0,0,0,0,,0,0,,0,0,0,0,0,0,20,7,5.01,40,0.03,0.08,0,0,,0.11
Cristhian Julio Solano Barros,Leones del Norte,Liga Pro,2026,1700,Left Wing,Ecuador,27,07/02/99,0.16,0.11,0.17,0.08,2.06,5,28,3,100,0.13,0.11,0.12,1.43,0.11,0.11,1.16,0,0.02,0.26,0.21,0.29,3.49,-0.08,1.64,0.79,0.85,48,2.01,0.05,2.01,3.49,1.22,1.04,0.21,0.15,18.79,7.94,0.01,5.61,51.58,4.98,2.33,1.43,2.65,57,1.01,2.05,1.85,28,1.06,47,0.95,0,15.56,11.8,4.5,3.33,1.16,53.23,8.63,55,2.38,71,0.21,0,0,26.41,77,1.96,11,62,0.58,2.81,22,71,-6,58.76,3.07,0.23,0.45,29.9,85,6.21,8.63,1.01,0.69,0.32,0.26,3.28,3.97,0.05,26,0.42,36,0.37,17,67,15,23,60,17,17.84,13.73,0.94,103,-4.11,16.74,14.2,0,0,0,0,0,,0,0,,0,0,0,0,0,0,22,8,4.55,32,0.04,0.08,0.04,-0.01,,0.14
Cristian Tobar,LDU Quito,Liga Pro,2026,1075,Left Centre Midfielder,Ecuador,26,04/07/00,0.08,0.08,0.18,0.08,2.09,4,20,3,,0.08,0.17,0.11,1.26,0.17,0.11,1.17,0,0,0.08,0.25,0.29,3.35,-0.04,0.92,0.59,0.33,64,0.75,0,1.26,1.42,0.25,0.26,0.42,0.34,15.57,7.87,0.03,3.77,50.5,7.37,4.85,1.26,1.51,68,1.28,1.53,1,42,0.59,57,1,0,13.31,12.09,2.93,2.43,1,51.65,7.37,55,1.76,72,0.25,0,0,30.55,75,2.18,7,50,0.92,3.85,24,69,-5,56.95,3.26,0.31,0.47,28.21,93,4.21,8.87,1.17,0.84,0.33,0.17,2.93,3.77,0.33,29,0.33,31,0.5,18,69,13,21,71,8,19.9,15.89,0.93,100,-4,18.52,15.87,0,0,0,0,0,,0,0,,0,0,0,0,0,0,23,8,6.17,46,-0.03,0.08,0.02,-0.09,,-0.02
Cristopher Angulo,Mushuc Runa,Liga Pro,2026,1980,Right Midfielder,Ecuador,26,08/10/00,0.18,0.18,0.13,0.11,1.14,16,32,1,,0.13,0.05,0.08,0.95,0.05,0.08,0.95,0,0,0,0.23,0.21,2.09,0.02,1.36,1.09,0.27,80,1.82,0,0.86,1.05,0.73,0.69,1.27,1.21,15.32,8.5,0.02,5.23,39.71,7.77,3.32,1.36,2.09,71,1.13,1.82,1.18,44,0.55,62,1.64,0,12.77,10.54,3.86,2.59,0.91,42.35,4.55,36,1.77,68,0.14,0,0.09,28.28,73,1.95,13,46,1.95,3.55,16,72,-1,53.38,3.91,0.28,0.35,25.91,94,6.13,6.96,0.77,0.59,0.18,0,2.18,2.77,0.05,12,0.18,14,0.09,29,58,14,27,56,17,20.87,19.74,0.91,94,-1.13,18.9,18.49,0,0,0,0,0,,0,0,,0,0,0,0,0,0,27,8,4.17,29,0.05,0.08,0.04,0,,0.17
D.Guagua Silva,Independiente del Valle,Liga Pro,2026,836,Right Midfielder,Ecuador,19,05/11/07,0.22,0.22,0.06,0.09,0.65,33,33,1,,0.1,0.22,0.1,0.86,0.22,0.1,0.86,0,0,0,0.43,0.16,1.51,0.27,1.08,0.11,0.97,10,0.86,0,0.75,2.48,0.75,0.83,0.43,0.54,15.5,7.75,0,4.2,48.68,4.74,2.48,1.4,2.15,76,1.42,2.25,1.72,43,0.43,50,0.22,0,12.38,12.48,3.66,3.34,0.86,50.71,6.24,50,2.26,68,0.32,0,0,24.22,76,1.83,9,71,0.86,2.15,17,49,-27,60.2,2.37,0.58,0.65,22.07,89,4.53,8.72,1.4,1.4,0,0.32,1.61,3.01,0.11,38,0.86,35,0.43,17,72,11,16,79,5,18.57,17.16,1,109,-1.41,18.49,18.79,0,0,0,0,0,,0,0,,0,0,0,0,0,0,21,10,4.08,22,0.08,0.06,0.01,-0.01,,0.14
Dagner Mina,Manta FC,Liga Pro,2026,1200,Right Centre Back,Ecuador,26,15/04/00,0.07,0.07,0.05,0.1,0.45,17,33,0,,0.05,0,0,0,0,0,0,0,0,0,0.07,0.05,0.45,0.03,0.15,0.07,0.07,50,0.9,0,0.6,0.07,0.9,0.96,5.1,3.99,12.37,5.62,0.04,6.07,24.8,8.55,1.27,1.72,2.62,79,1.74,2.7,1.35,44,0.45,59,1.2,0,9.45,9.13,4.42,1.87,0.6,29.37,0.97,10,0.52,28,0.22,0,0,26.92,78,3.37,14,48,6.07,6,12,71,-6,32.82,1.35,0.2,0.21,19.12,98,3.47,1.05,0.07,0,0.07,0.07,1.05,1.05,0,0,0,0,0.07,35,63,3,29,64,7,26.55,25.82,0.87,85,-0.72,22.99,21.96,0,0,0,0,0,,0,0,,0,0,0,0,0,0,21,6,1.49,12,0.05,0.02,0,-0.01,,0.06
Damián Díaz,Guayaquil City,Liga Pro,2026,1553,Left Attacking Midfielder,Ecuador,40,30/04/86,0.23,0.17,0.13,0.08,1.62,11,39,1,100,0.13,0.12,0.08,1.27,0.12,0.06,0.99,0,0.01,0.29,0.29,0.2,2.9,0.09,1.1,0.75,0.35,68,2.26,0,2.14,2.09,0.41,0.48,0.35,0.31,14.89,8,0,3.82,51.95,5.74,3.48,1.04,1.45,45,1.36,1.85,0.58,31,1.27,43,0.35,0,13.33,15.76,2.96,3.36,0.64,53.44,7.71,58,2.49,74,0.29,0,0,48.91,81,2.61,19,63,0.58,3.94,21,80,-1,56.11,6.72,0.29,0.36,46.6,94,4.58,13.74,1.56,1.16,0.41,0,1.68,2.84,0.23,22,0.35,40,0.06,19,69,12,22,65,13,17.4,13.79,0.97,107,-3.62,16.94,14.69,0,0,0,0,0,,0,0,,0,0,0,0,0,0,22,9,5.23,55,0.03,0.03,0.04,-0.02,,0.08
Daniel Emiliano Clavijo Romero,Universidad Católica,Liga Pro,2026,1180,Right Defensive Midfielder,Ecuador,26,27/05/00,0.38,0.38,0.26,0.12,2.13,18,36,2,,0.31,0.15,0.12,1.52,0.15,0.12,1.52,0,0,0,0.53,0.39,3.66,0.15,1.07,0.61,0.46,57,0.84,0,1.45,1.6,0.76,1.12,0.61,0.8,17.54,8.16,0.01,5.49,46.73,8.77,4.96,2.06,2.82,82,2.9,4.02,1.3,38,0.46,47,0.61,0,14.18,19.95,4.88,4.65,1.52,48.3,6.94,49,2.97,64,0.15,0,0,48.11,85,3.43,15,61,1.3,4.96,17,78,-7,54.14,6.63,0.59,0.8,45.59,94,5.15,13.19,1.07,1.07,0,0.08,2.44,3.51,0.23,36,0.46,46,0.23,16,72,13,20,72,9,20.39,17.7,0.95,97,-2.69,19.41,17.26,0,0,0,0,0,,0,0,,0,0,0,0,0,0,14,5,6.34,34,0.02,0.06,0.05,0.11,,0.24
Daniel de la Cruz,LDU Quito,Liga Pro,2026,356,Right Wing Back,Ecuador,22,05/03/04,0,0,0.02,0.03,0.76,0,0,1,,0,0,0.02,0.25,0,0.02,0.25,0,0,0,0,0.04,1.01,-0.04,1.52,1.01,0.51,67,0.76,0,1.52,1.77,1.01,1.24,2.02,2.31,16.17,7.07,0.03,5.3,39.88,6.32,3.28,2.02,3.03,80,2.31,3.55,1.26,33,0.51,33,0.51,0,12.88,14.5,4.29,2.27,0.76,43.52,4.55,35,2.02,89,0,0,0,27.28,69,2.02,5,47,2.27,4.04,12,56,-13,56.19,4.04,0.1,0.14,27.28,93,5.2,6.32,1.52,1.01,0.51,0,0.25,1.26,0,50,0.76,25,0,23,62,15,36,44,20,20.59,15.82,0.92,106,-4.78,18.98,16.78,0,0,0,0,0,,0,0,,0,0,0,0,0,0,25,10,3.81,27,0.05,0.06,0.05,-0.02,,0.15
Danny Alejandro Cabezas Bazán,Manta FC,Liga Pro,2026,316,Centre Attacking Midfielder,Ecuador,33,28/01/93,0,0,0.06,0.04,1.42,0,40,1,,0.06,0,0.03,1.14,0,0.01,0.57,0,0.02,0.57,0,0.08,2.56,-0.08,1.14,0,1.14,0,1.14,0,0.57,2.56,0,0,0.28,0.41,19.66,8.83,0,6.27,55.07,7.41,4.84,1.42,1.42,71,1.56,1.56,0.85,50,0.57,50,0.28,0,17.38,18.42,4.84,5.41,1.14,54.59,10.82,62,4.56,84,0.28,0,0,53.55,80,9.12,4,71,1.14,11.96,17,83,3,53.74,11.11,0.27,0.29,51.27,96,3.9,15.67,1.42,0.57,0.85,0,0,0.57,0.28,0,0,0,0,19,71,10,31,65,4,23.49,18.76,0.99,103,-4.73,23.33,19.29,0,0,0,0,0,,0,0,,0,0,0,0,0,0,11,4,4.98,47,-0.01,0.06,0.01,0.01,,0.06
Danny Gabriel Luna Morán,Delfin,Liga Pro,2026,520,Centre Attacking Midfielder,Ecuador,35,24/05/91,0,0,0.08,0.11,0.69,0,25,1,,0.03,0.17,0.17,2.77,0,0.06,1.39,0.17,0.1,1.39,0.17,0.25,3.46,-0.07,0.52,0.52,0,100,2.25,0,0.87,1.73,0.35,0.12,0.17,0.09,13.34,6.41,0,2.6,50.9,7.45,5.02,0.17,0.52,50,0.04,0.15,1.21,0,0.17,25,0.17,0,11.95,9.49,2.25,2.94,0.52,51.9,6.58,55,2.25,76,0,0,0,27.02,70,2.77,81,52,0.52,5.02,16,74,4,62.84,4.16,0.3,0.36,24.42,92,4.74,10.22,3.29,1.56,1.73,0.17,1.91,3.46,0,26,1.04,35,0.52,20,68,12,25,64,10,20.86,20.09,0.92,96,-0.77,19.19,19.26,0,0,0,0,0,,0,0,,0,0,0,0,0,0,24,8,7.34,63,0.06,0.05,0.01,-0.01,,0.11
Dany Coronel,Libertad,Liga Pro,2026,1234,Left Wing,Ecuador,24,02/09/02,0.07,0.07,0.11,0.05,2.04,4,29,4,,0.04,0.07,0.07,0.66,0.07,0.06,0.58,0,0,0.07,0.15,0.18,2.7,-0.03,0.95,0.29,0.66,31,1.46,0,1.75,2.55,0.29,0.2,0.29,0.12,21.07,10.21,0.01,5.47,56.05,3.21,1.68,0.88,1.17,71,0.63,0.83,1.68,38,0.36,42,1.46,0,18.52,12.7,4.81,3.86,1.17,57.45,10.86,59,3.28,85,0.15,0,0,18.96,78,1.31,12,58,0.73,1.82,25,72,-6,60.59,2.41,0.19,0.34,19.25,84,3.84,6.78,0.44,0.29,0.15,0.44,3.65,3.94,0,0,0.07,8,0.44,16,66,19,20,62,17,17.95,14.55,0.98,105,-3.4,17.51,15.28,0,0,0,0,0,,0,0,,0,0,0,0,0,0,31,15,2.91,19,0.02,-0.01,0,-0.05,,-0.04
Darwin Carlos Nazareno Arroyo,Universidad Católica,Liga Pro,2026,1283,Right Back,Ecuador,22,19/02/04,0.07,0.07,0.02,0.04,0.49,14,14,0,,0.03,0.07,0.05,0.77,0.07,0.05,0.77,0,0,0,0.14,0.07,1.26,0.07,1.54,0.98,0.56,64,1.61,0,1.47,2.17,0.98,1.18,1.4,1.93,17.54,8.07,0.01,6.24,36.36,10.73,3.3,1.54,2.53,71,2.14,3.32,2.1,53,0.63,57,0.56,0,13.89,19.66,5.19,4.28,1.4,40.32,4.91,35,2.95,69,0.07,0,0,42.09,84,3.37,19,61,2.17,4.77,12,76,-8,49.09,4.84,0.52,0.55,40.2,92,4.94,9.96,1.12,0.98,0.14,0.21,1.12,2.1,0,38,0.49,30,0.21,21,67,12,25,64,11,20.13,19.34,0.94,98,-0.79,18.89,18.86,0,0,0,0,0,,0,0,,0,0,0,0,0,0,21,10,6.5,37,0.07,0.08,0.04,0,,0.2
Darío Benedetto,Barcelona,Liga Pro,2026,1254,Centre Forward,Argentina,36,16/05/90,0.5,0.5,0.37,0.11,3.23,16,42,7,,0.48,0.14,0.09,1.01,0.14,0.09,1.01,0,0,0,0.65,0.46,4.24,0.19,0.93,0.5,0.43,54,1.15,0,0.93,2.01,0,0,0.22,0.12,7.47,2.58,0.01,2.51,65.49,3.45,3.02,0.36,0.36,71,0.45,0.45,0.57,67,0.14,24,0.5,0,6.68,6.43,2.08,0.86,0.22,68.43,5.89,88,0.72,83,0.14,0,0,16.8,63,1.36,19,61,0.72,1.72,20,69,6,63.86,1.51,0.32,0.6,15.58,83,4.43,6.1,1.01,1.01,0,0.5,5.67,6.68,0.29,0,0.14,22,0.65,15,67,18,18,68,14,19.04,19.02,1.02,117,-0.02,19.37,22.28,0,0,0,0,0,,0,0,,0,0,0,0,0,0,35,8,3.81,24,-0.04,-0.03,0,0.05,,-0.02
Darío Fabián Pazmiño Daza,Leones del Norte,Liga Pro,2026,1160,Centre Attacking Midfielder,Ecuador,26,24/05/00,0.31,0.31,0.27,0.08,3.41,9,32,4,,0.28,0.16,0.17,1.86,0.16,0.17,1.78,0,0.01,0.08,0.47,0.45,5.27,0.02,1.24,0.78,0.47,63,1.94,0,1.71,3.1,0.31,0.24,0.16,0.08,17.99,8.3,0.02,5.35,57.66,6.75,4.5,1.32,1.63,59,1.1,1.35,1.24,27,0.93,8,0.08,0,15.43,14.7,4.5,4.65,1.55,58.05,9.85,64,3.65,78,0.16,0,0,40.02,70,2.02,8,40,0.78,4.42,19,71,1,59.31,5.89,0.45,0.7,41.88,89,4.34,14.12,1.78,1.55,0.23,0.31,4.03,5.58,0.16,17,0.54,37,0.31,22,67,11,27,63,9,19.31,16.15,0.93,95,-3.16,18,15.34,0,0,0,0,0,,0,0,,0,0,0,0,0,0,25,8,7.02,43,0,0.06,-0.01,-0.07,,-0.01
David Cabezas,Libertad,Liga Pro,2026,2819,Goalkeeper,Ecuador,31,11/06/95,0,0,0,,0,,,0,,0,0,0,0.1,0,0,0.1,0,0,0,0,0,0.1,0,0,0,0,,0.22,0,0,0,0,0,0,0,0.19,0.22,0,9.36,2.75,4.5,0,0,0,0,0,0,0,25,0.1,,0,0.06,0.19,0.12,0.03,0,0,9.17,0,0,0,,0.03,0,0,17.53,72,7.41,26,49,2.04,13.06,10,54,-18,11.5,1.15,0.12,0.12,16.38,100,7.09,0.54,0.03,0,0.03,0,0,0,0,0,0,,0,43,57,0,88,12,0,42.07,46.56,0.77,83,4.49,32.33,38.84,0.83,1.07,0.24,78,72,6,1.18,3.83,26,14.53,1.76,0.16,0.16,15.78,0,23,2,1.33,11,0.09,0.12,0,,0.2,0.42
David González,Deportivo Cuenca,Liga Pro,2026,1590,Centre Attacking Midfielder,Argentina,23,07/07/03,0.11,0.11,0.12,0.04,2.77,4,24,3,,0.1,0.11,0.07,1.53,0.11,0.06,1.36,0,0.01,0.17,0.23,0.19,4.3,0.03,2.49,1.7,0.79,68,1.87,0,1.87,3.68,0.85,0.85,0.17,0.06,13.81,5.04,0,3.85,54.89,5.55,3.11,1.02,1.87,64,1.16,2.01,1.08,23,0.57,36,0.23,0,11.72,12.64,3.06,4.3,1.19,56.24,7.02,60,3.34,78,0.28,0,0,38.88,79,2.72,11,60,0.85,3.85,16,73,-6,59.56,7.13,0.3,0.39,42,90,6.09,15,1.53,1.3,0.23,0.17,2.89,4.19,0.11,37,0.68,32,0.51,16,69,15,20,66,14,19.02,18.47,0.96,104,-0.55,18.29,19.17,0,0,0,0,0,,0,0,,0,0,0,0,0,0,19,7,4.86,36,-0.02,0.09,0.02,-0.04,,0.04
Daykol Romero,Independiente del Valle,Liga Pro,2026,1450,Right Back,Ecuador,25,06/05/01,0.06,0.06,0.05,0.05,0.93,7,20,1,,0.02,0.25,0.14,1.43,0.25,0.14,1.37,0,0,0.06,0.31,0.19,2.36,0.12,1.06,0.81,0.25,76,0.37,0,0.56,0.93,0.74,1.03,2.23,3.06,9.99,4.28,0.02,3.29,37.08,7.39,3.1,1.74,2.48,85,2.3,3.33,0.62,64,0.31,48,0.62,0,7.63,9.33,2.17,1.92,0.99,42.38,2.61,34,0.93,48,0.19,0,0,47.54,82,3.23,13,61,2.54,4.97,10,80,-2,51.85,6.64,0.42,0.48,42.27,97,3.97,13.41,1.24,1.06,0.19,0.31,2.05,3.1,0,60,0.93,31,0.43,22,68,10,26,59,14,20.32,16.96,0.96,108,-3.36,19.45,18.23,0,0,0,0,0,,0,0,,0,0,0,0,0,0,21,9,6.65,37,0.19,0.07,0.02,-0.03,,0.24
Denilson Bolaños,Macará,Liga Pro,2026,1352,Right Back,Ecuador,26,17/08/00,0,0,0,0.02,0.07,0,0,0,,0,0.07,0.07,0.6,0.07,0.07,0.6,0,0,0,0.07,0.07,0.67,0,0.73,0.6,0.13,82,0.67,0,0.87,0.47,1,0.85,2.66,2.01,21.5,9.98,0.04,7.45,32.12,7.65,2.33,3.59,4.59,89,2.86,3.71,2.13,65,0.47,50,0.6,0,15.77,12.57,5.66,2.33,0.87,35.48,4.13,26,1.53,66,0.2,0,0,28.48,77,1.8,17,42,3.13,3.86,13,73,-4,51.39,4.13,0.4,0.41,22.96,95,5.19,6.85,0.53,0.33,0.2,0.13,0.27,0.6,0,50,0.53,30,0.2,36,57,7,27,63,10,20.33,18.6,0.9,99,-1.73,18.25,18.48,0,0,0,0,0,,0,0,,0,0,0,0,0,0,27,12,3.55,25,0.13,0.05,0.01,0,,0.19
Deyverson,LDU Quito,Liga Pro,2026,1696,Centre Forward,Brazil,35,07/05/91,0.21,0.11,0.26,0.09,2.81,4,28,5,100,0.14,0.16,0.16,1.22,0.16,0.16,1.22,0,0,0,0.27,0.42,4.03,-0.15,0.69,0.42,0.27,62,0.74,0,1.01,1.64,0.11,0.19,1.11,1.09,13.79,6.9,0.01,3.98,63.58,5.89,4.46,0.9,1.01,65,0.98,1.17,0.74,31,0.48,63,3.93,0,12.25,13.73,3.55,1.91,0.74,69.27,10.66,87,1.59,83,0.21,0,0,21.38,58,0.9,81,45,1.33,1.8,29,49,-9,62.58,1.43,0.41,0.61,14.54,84,3.6,6.47,0.74,0.74,0,0.85,7.48,8.22,0.27,21,0.42,42,1.06,17,67,16,18,68,14,17.77,15.12,1,107,-2.66,17.83,16.1,0,0,0,0,0,,0,0,,0,0,0,0,0,0,37,9,4.92,28,0.03,-0.01,0.02,-0.1,,-0.05
Diego Armas,Técnico Universitario,Liga Pro,2026,378,Centre Attacking Midfielder,Ecuador,36,01/07/90,0.48,0.48,0.34,0.14,2.38,20,50,5,,0.6,0,0.09,1.19,0,0.01,0.48,0,0.07,0.71,0.48,0.43,3.57,0.05,0,0,0,,0.95,0,0.24,0.48,0,0,0.24,0.13,13.1,6.19,0,2.14,64.55,2.14,1.19,0.24,0.24,100,0.13,0.13,0.48,,0,25,0.24,0,12.39,6.43,2.14,1.43,0,65.23,9.77,79,1.19,83,0.48,0,0,25.01,70,1.67,13,24,0.48,6.67,15,68,-2,61.23,3.81,0.22,0.47,23.58,97,4.46,9.05,1.19,0.71,0.48,0,3.57,4.29,0,40,0.71,38,0.24,20,69,11,16,74,11,22.62,16.78,0.78,68,-5.84,17.64,11.43,0,0,0,0,0,,0,0,,0,0,0,0,0,0,31,7,4.88,38,0.04,0.04,-0.01,0.32,,0.38
Diego Armas,Orense,Liga Pro,2026,447,Centre Attacking Midfielder,Ecuador,36,01/07/90,0,0,0.05,0.06,0.81,0,25,1,,0.02,0.2,0.06,0.81,0.2,0.06,0.81,0,0,0,0.2,0.11,1.61,0.1,1.01,0.2,0.81,20,0.81,0,0.4,1.81,0.2,0.23,0.6,0.83,14.49,6.64,0,5.64,51,5.23,1.61,1.21,1.41,67,1.63,1.86,1.01,50,0.6,50,0.4,0,12.28,16.18,4.63,3.42,1.81,52.84,6.24,51,2.01,59,0.2,0,0,33.42,76,3.62,5,56,0.81,6.24,18,74,-2,53.85,5.64,0.23,0.3,31.6,94,5.44,10.07,1.61,1.61,0,0.2,1.61,3.22,0.2,0,0.2,25,0,24,66,10,24,74,2,19.56,14.25,0.92,103,-5.31,17.98,14.75,0,0,0,0,0,,0,0,,0,0,0,0,0,0,25,10,6.84,52,0.01,0.07,-0.01,-0.01,,0.06
Dixon Arroyo,Guayaquil City,Liga Pro,2026,1748,Right Defensive Midfielder,Ecuador,34,31/05/92,0,0,0.01,0.04,0.36,0,57,0,,0.01,0,0,0.1,0,0,0.1,0,0,0,0,0.01,0.46,-0.01,0.1,0.1,0,100,0.67,0,0.77,0.15,0.62,0.91,1.44,1.77,14.73,6.44,0.05,4.79,34.29,8.44,2.78,1.65,2.27,59,1.96,2.86,1.6,38,1.13,55,0.82,0,11.48,13.05,3.3,2.57,0.72,37.9,3.14,27,1.6,62,0.21,0,0,59.83,92,5.3,14,79,1.96,6.18,11,81,-11,43.13,5.41,0.29,0.29,51.54,98,3.3,7,0.1,0.1,0,0,0.21,0.31,0,0,0,,0,18,75,7,35,63,2,20.17,19.22,0.98,95,-0.96,19.83,18.26,0,0,0,0,0,,0,0,,0,0,0,0,0,0,14,8,2.64,30,0.01,0.04,0.07,-0.01,,0.11
Djorkaeff Reasco,Independiente del Valle,Liga Pro,2026,1536,Centre Forward,Ecuador,27,17/01/99,0.47,0.47,0.57,0.18,3.22,15,38,8,0,0.45,0.06,0.04,0.47,0.06,0.04,0.47,0,0,0,0.53,0.61,3.69,-0.08,0.47,0.35,0.12,75,1.7,0.06,1,1.76,0.12,0.14,0.35,0.47,11.72,5.16,0,3.57,67.24,2.87,1.93,0.41,0.53,64,0.46,0.6,0.88,0,0.23,42,1.23,0,10.43,12.35,3.34,2.34,0.94,69.27,8.61,83,1.82,78,0.12,0,0,10.19,77,0.7,28,71,0.76,0.59,29,65,-12,58.75,1.7,0.57,0.85,11.37,84,4.06,3.87,0.47,0.47,0,0.12,6.62,7.09,0,13,0.12,50,0.23,7,65,27,8,71,21,17.25,16.5,1.03,106,-0.76,17.76,17.5,0,0,0,0,0,,0,0,,0,0,0,0,0,0,19,5,2.31,13,0,0.02,0.02,-0.06,,-0.02
Eber Caicedo,Delfin,Liga Pro,2026,330,Left Centre Forward,Ecuador,35,02/05/91,0,0,0.39,0.13,3,0,27,7,,0.31,0,0.08,0.82,0,0.08,0.82,0,0,0,0,0.47,3.82,-0.47,1.09,0.55,0.55,50,1.64,0,1.09,2.18,0,0,0.27,0.34,11.73,5.46,0.03,3.82,61.87,3,1.36,0.55,0.55,100,0.6,0.6,2.18,100,0,63,6.55,0,9,8.58,3.55,1.36,0.55,61.47,6.55,73,1.36,100,0.27,0,0,15.55,66,0.27,11,25,0.82,0.55,39,48,-18,58.52,1.64,0.41,0.57,11.46,81,4.28,3.82,0,0,0,0.82,9.55,9.55,0,,0,0,1.09,13,69,19,7,79,14,15.92,13.23,0.99,76,-2.69,15.71,9.99,0,0,0,0,0,,0,0,,0,0,0,0,0,0,27,6,1.88,16,0.08,-0.06,-0.01,-0.05,,-0.03
Eddie Guevara,Deportivo Cuenca,Liga Pro,2026,1433,Right Centre Back,Ecuador,36,01/04/90,0,0,0.01,0.03,0.31,0,40,0,,0.01,0,0.01,0.13,0,0.01,0.13,0,0,0,0,0.02,0.44,-0.02,0.13,0,0.13,0,0.75,0,0.44,0.44,0.75,0.62,4.58,3.13,7.1,3.27,0.06,3.52,25.9,8.41,1.95,0.82,1.57,62,0.74,1.35,0.57,13,0.5,57,1.76,0.06,5.71,4.57,2.32,1,0.31,32.69,0.88,15,0.25,25,0.06,0,0,35.41,79,2.64,9,43,5.4,5.34,12,55,-24,40.27,4.4,0.18,0.18,28.07,97,4.09,4.9,0.38,0.25,0.13,0,0.13,0.38,0.06,17,0.06,17,0,35,59,5,49,50,1,24.8,24.67,0.9,86,-0.13,22.23,21.16,0,0,0,0,0,,0,0,,0,0,0,0,0,0,20,7,3.33,26,0.08,0.04,-0.02,-0.01,,0.09
Eddy Mejía,Universidad Católica,Liga Pro,2026,2029,Left Wing,Ecuador,26,08/03/00,0.13,0.13,0.11,0.07,1.55,9,43,2,,0.13,0.09,0.17,1.69,0.04,0.14,1.42,0.04,0.02,0.27,0.22,0.28,3.24,-0.06,1.33,1.15,0.18,87,0.93,0.04,1.2,1.33,0.49,0.5,0.62,0.73,11.31,4.97,0.01,4.21,45.61,6.21,3.24,0.89,1.38,56,0.94,1.44,0.31,17,0.71,50,0.18,0.04,10.12,12.84,3.11,2.17,0.84,48.95,5.1,50,1.51,69,0,0,0.04,42.28,82,2.88,82,52,1.2,4.92,12,76,-7,57.28,5.28,0.49,0.65,41.66,95,5.92,14.95,1.51,1.15,0.35,0.31,3.11,4.26,0.13,50,0.93,30,0.44,14,70,16,15,62,23,18.93,17.76,0.93,97,-1.17,17.66,17.3,0,0,0,0,0,,0,0,,0,0,0,0,0,0,15,6,6.92,41,0.07,0.16,0.01,0.02,,0.26
Edilson Alejandro Cabeza Almeida,Delfin,Liga Pro,2026,615,Right Centre Back,Ecuador,24,07/07/02,0,0,0,,0,,,0,,0,0,0,0,0,0,0,0,0,0,0,0,0,0,0,0,0,,0.88,0,0.44,0.29,1.02,0.32,5.56,1.63,12.28,7.9,0.07,6.29,20.33,7.6,1.17,2.19,3.22,88,0.5,0.82,0.88,71,0.29,43,0.88,0,9.21,2.9,4.09,1.61,0.58,23.5,0.73,8,0.29,18,0.44,0,0,14.92,68,2.49,6,46,5.85,5.12,11,54,-15,37.26,1.32,0.14,0.14,11.26,95,4.39,1.46,0.15,0,0.15,0,0,0,0,0,0,,0,36,60,4,40,60,0,27.69,23.62,0.83,115,-4.07,23.12,27.19,0,0,0,0,0,,0,0,,0,0,0,0,0,0,18,5,1.86,17,0.03,0.02,0.08,,,0.14
Edinson Manuel Mero Figueroa,Guayaquil City,Liga Pro,2026,2657,Centre Forward,Ecuador,28,02/08/98,0.3,0.3,0.29,0.13,2.27,13,40,6,0,0.29,0.1,0.06,0.58,0.1,0.06,0.58,0,0,0,0.41,0.35,2.85,0.06,1.39,0.58,0.81,41,1.19,0,2.68,3.66,0.17,0.14,0.61,0.59,10.84,3.83,0,2.51,67.52,2.78,1.86,0.2,0.37,60,0.28,0.42,0.51,0,0.14,31,1.59,0,10.16,12.51,2.3,3.08,0.95,70.74,9.05,89,2.81,91,0.07,0,0,11.45,77,0.37,8,52,0.68,0.64,28,63,-15,65.09,1.02,0.23,0.45,15.38,69,4.65,5.32,0.2,0.2,0,0.34,5.96,6.17,0.03,0,0.14,40,0.58,10,63,27,11,62,26,15.07,13.24,0.99,111,-1.83,14.86,14.77,0,0,0,0,0,,0,0,,0,0,0,0,0,0,26,9,2.2,23,-0.03,-0.02,0,0.05,,0
Edison Caicedo,Manta FC,Liga Pro,2026,1965,Right Back,Ecuador,27,10/09/99,0,0,0.01,0.03,0.46,0,20,0,,0,0,0.02,0.37,0,0.02,0.27,0,0,0.09,0,0.03,0.82,-0.03,0.41,0.18,0.23,44,1.28,0,0.6,0.87,1.37,0.98,2.34,1.71,13.6,6.23,0.03,6.05,31.38,7.74,2.06,1.92,3.3,72,1.63,2.62,0.78,50,0.73,45,0.78,0.05,10.95,8.88,4.35,1.56,0.6,34.47,2.11,19,0.87,56,0.18,0,0,30.36,69,2.7,9,39,3.07,6.18,13,51,-18,43.61,3.16,0.21,0.22,25.83,96,4.03,3.89,0.64,0.37,0.27,0.05,0.27,0.64,0.05,21,0.27,19,0.05,36,59,5,36,56,7,23.8,21.74,0.87,80,-2.06,20.8,17.36,0,0,0,0,0,,0,0,,0,0,0,0,0,0,28,10,2.75,24,0.09,0.05,0.04,-0.02,,0.16
Edison Vega,Deportivo Cuenca,Liga Pro,2026,2171,Left Defensive Midfielder,Ecuador,36,07/03/90,0,0,0.04,0.08,0.54,0,31,1,,0.01,0,0.03,0.58,0,0.03,0.58,0,0,0,0,0.07,1.12,-0.07,0.29,0.25,0.04,86,1.49,0,0.66,0.29,0.5,0.48,1.53,1.22,13.55,6.96,0.01,4.93,37.26,7.63,3.11,1.37,1.87,73,1.18,1.67,0.62,25,0.5,40,0.33,0,11.61,10.24,4.02,2.32,0.62,39.9,3.36,29,1.41,61,0.21,0,0,36.6,86,2.45,82,67,1.91,3.27,13,74,-13,48.69,4.44,0.28,0.32,31.13,97,4.42,6.63,0.5,0.5,0,0,0.62,1.12,0.08,25,0.12,30,0.08,19,71,10,25,69,6,19.73,17.17,0.97,103,-2.56,19.13,17.7,0,0,0,0,0,,0,0,,0,0,0,0,0,0,14,5,3.27,23,-0.01,0.05,0.02,-0.02,,0.04
Edwin Ernesto Mesa Mercado,Técnico Universitario,Liga Pro,2026,2483,Right Back,Ecuador,28,08/07/98,0.04,0.04,0.02,0.04,0.47,8,31,1,,0.02,0,0.02,0.43,0,0.02,0.43,0,0,0,0.04,0.05,0.91,-0.01,1.34,0.83,0.51,62,0.62,0,0.98,1.2,1.27,0.83,2.68,1.6,14.21,6.96,0.04,5,32.58,7.94,2.5,1.85,3.12,68,1.32,2.15,1.01,49,0.87,44,0.69,0,11.38,7.41,3.19,2.17,0.69,38.44,3.55,31,1.45,67,0.14,0,0,24.07,67,1.99,15,38,3.01,4.93,8,48,-19,53.15,3.41,0.15,0.16,21.1,91,5,6.13,0.72,0.65,0.07,0.25,1.23,1.88,0.04,50,0.54,25,0.36,32,58,10,19,60,21,21.64,16.97,0.89,102,-4.68,19.26,17.3,0,0,0,0,0,,0,0,,0,0,0,0,0,0,33,9,3.14,24,0.08,0.06,0.05,-0.01,,0.18
Elian Caicedo,Mushuc Runa,Liga Pro,2026,335,Left Centre Forward,Ecuador,21,02/06/05,0,0,0.07,0.09,0.81,0,0,3,0,0,0,0.05,0.81,0,0.05,0.81,0,0,0,0,0.12,1.61,-0.12,1.34,0.54,0.81,40,0.54,0,1.34,2.69,0,0,0.27,0.41,11.02,4.03,0.04,1.88,68.31,3.23,2.42,0,0,,0,0,0.54,,0,44,4.03,0,10.48,8.66,1.88,1.88,0.27,69.38,8.87,85,1.61,86,0.27,0,0,12.9,48,0.27,9,33,0.54,0.54,44,30,-18,62.99,1.08,0.21,0.38,11.83,68,3.19,3.23,0,0,0,0.27,4.3,4.3,0,,0.27,100,0.81,21,58,21,25,75,0,15.04,11.74,1.09,106,-3.3,16.36,12.5,0,0,0,0,0,,0,0,,0,0,0,0,0,0,40,4,2.66,14,-0.09,-0.05,0.09,-0.21,,-0.26
Elvis Patta,Libertad,Liga Pro,2026,2718,Right Back,Ecuador,36,16/11/90,0,0,0.03,0.06,0.6,0,22,1,,0.06,0.13,0.07,0.79,0.13,0.07,0.73,0,0,0.07,0.13,0.11,1.39,0.03,0.5,0.4,0.1,80,0.93,0,0.63,0.73,0.73,0.63,1.49,1.19,13.21,6.69,0.02,4.77,33.35,7.62,2.65,1.56,2.28,64,1.3,1.93,0.43,47,0.86,51,0.66,0,11.23,8.52,3.48,2.15,0.93,36.42,2.95,26,1.13,52,0.03,0,0,33.31,74,1.95,13,40,2.15,4.21,12,60,-14,51.42,4.21,0.25,0.29,28.34,97,3.66,8.41,0.83,0.66,0.17,0.17,1.19,1.85,0,48,0.46,25,0.17,36,57,8,27,58,15,20.55,18.39,0.9,92,-2.16,18.51,16.97,0,0,0,0,0,,0,0,,0,0,0,0,0,0,29,11,4.58,37,0.14,0.04,0.08,-0.01,,0.26
Elvis Velasco,Mushuc Runa,Liga Pro,2026,1506,Left Midfielder,Ecuador,27,02/09/99,0.12,0.12,0.09,0.05,1.85,6,29,3,,0.07,0.18,0.22,1.67,0.18,0.17,1.14,0,0.04,0.54,0.3,0.31,3.53,-0.01,2.33,1.43,0.9,62,1.91,0.06,1.43,2.03,0.66,0.64,0.18,0.14,10.94,5.98,0,2.99,49.01,5.32,2.87,0.66,1.31,58,0.55,1.2,0.48,22,0.48,9,0.06,0,9.8,8.71,2.45,1.73,0.48,50.76,5.14,52,1.37,79,0,0,0,25.22,68,3.17,10,48,0.72,6.1,18,66,-2,62,5.62,0.25,0.42,29.34,89,8.03,9.08,2.15,1.25,0.9,0.24,1.61,2.87,0.18,19,0.78,27,0.3,15,73,12,21,66,13,23.8,18.37,0.89,94,-5.43,21.17,17.34,0,0,0,0,0,,0,0,,0,0,0,0,0,0,23,7,5.09,35,0.05,0.18,0,-0.07,,0.16
Emerson Pata,Independiente del Valle,Liga Pro,2026,1664,Left Midfielder,Ecuador,22,10/07/04,0.43,0.43,0.17,0.05,3.62,12,45,4,,0.25,0.11,0.15,1.3,0.11,0.15,1.3,0,0,0,0.54,0.33,4.92,0.21,2.11,1.14,0.97,54,0.7,0,1.57,2.97,0.38,0.45,0.76,0.87,8.49,3.62,0.01,3.19,47.42,5.3,3.41,0.54,0.92,83,0.59,1.04,0.49,50,0.11,25,0.11,0,7.46,9.17,2.54,2.16,0.76,51.33,4.06,54,1.84,85,0.05,0,0,39.85,79,3.89,13,64,1.46,5.41,13,79,0,61.94,5.46,0.62,0.87,42.99,92,5.93,15.74,2,2,0,0.38,3.57,5.57,0.05,41,1.14,27,0.54,11,69,20,17,67,16,21.92,20.53,0.96,105,-1.39,21.12,21.58,0,0,0,0,0,,0,0,,0,0,0,0,0,0,17,5,6.28,34,0.08,0.13,0.02,0.02,,0.25
Emiliano Griffa,Leones del Norte,Liga Pro,2026,2041,Left Defensive Midfielder,Argentina,27,10/06/99,0.22,0.22,0.09,0.08,1.23,18,43,2,,0.15,0.04,0.1,1.23,0,0.07,0.88,0.04,0.03,0.35,0.26,0.19,2.47,0.07,0.97,0.62,0.35,64,1.5,0,0.88,1.23,0.57,0.5,1.1,0.74,18.39,8.77,0.02,5.73,41.27,7.67,3.48,1.59,2.16,67,1.36,1.86,1.23,28,0.79,32,0.4,0.04,15.56,12.74,4.67,3.88,1.54,43.96,5.51,35,1.98,51,0.22,0,0,31.57,75,4.01,10,55,2.03,6.39,15,71,-4,52.9,5.64,0.38,0.44,29.45,93,6.54,6.92,1.32,0.44,0.88,0.09,0.57,1.01,0.18,23,0.44,30,0.09,22,68,10,36,61,3,23.32,20.83,0.92,100,-2.49,21.4,20.77,0,0,0,0,0,,0,0,,0,0,0,0,0,0,23,7,5.88,41,0.03,0.1,0.05,0.07,,0.24
Enrique Caicedo,Libertad,Liga Pro,2026,521,Centre Forward,Ecuador,23,11/04/03,0.17,0.17,0.21,0.07,2.77,6,38,6,,0.18,0.35,0.09,0.69,0.35,0.09,0.69,0,0,0,0.52,0.3,3.46,0.22,0.86,0.35,0.52,40,1.21,0,1.21,3.46,0.35,0.18,1.56,0.82,21.44,8.3,0,4.32,53.93,3.98,1.73,1.9,2.25,79,0.83,1.01,2.77,40,0.52,43,2.94,0.17,16.94,8.89,3.8,3.63,1.21,56.79,9.68,57,2.59,71,0.17,0,0,15.73,65,1.04,32,55,2.07,1.38,31,57,-9,55.74,2.25,0.37,0.59,16.6,80,6.38,3.8,0.35,0.35,0,0.17,5.19,5.53,0.35,0,0,0,0.17,17,63,19,23,59,18,16.27,17.18,1.02,116,0.91,16.52,19.91,0,0,0,0,0,,0,0,,0,0,0,0,0,0,23,3,2.2,21,-0.08,-0.01,0.04,-0.12,,-0.17
Enzo Rubio,Delfin,Liga Pro,2026,2392,Right Back,Argentina,23,09/06/03,0,0,0.02,0.05,0.49,0,23,0,,0,0,0.04,0.26,0,0.04,0.26,0,0,0,0,0.06,0.75,-0.06,0.79,0.38,0.41,48,0.9,0,0.64,1.09,1.32,0.97,2.56,1.71,13.59,6.17,0.03,5.34,26.91,9.03,2.03,2.56,3.88,75,1.61,2.59,1.51,65,0.87,68,1.58,0,9.56,6.58,3.31,1.39,0.38,29.21,1.77,19,0.72,51,0.26,0,0,27.77,70,3.27,7,49,3.58,5.72,14,55,-15,44.72,4.37,0.22,0.26,23.67,94,5.06,4.37,0.68,0.38,0.3,0.11,1.35,1.73,0,11,0.11,19,0.19,39,57,4,42,55,3,23.19,20.78,0.9,99,-2.41,20.84,20.49,0,0,0,0,0,,0,0,,0,0,0,0,0,0,30,10,3.12,28,0.13,0.03,0.04,-0.02,,0.18
Eric Reasco,Universidad Católica,Liga Pro,2026,1657,Left Back,Ecuador,23,04/06/03,0.05,0.05,0.02,0.07,0.27,20,20,0,,0.05,0.11,0.04,0.27,0.11,0.04,0.27,0,0,0,0.16,0.06,0.54,0.1,1.36,0.6,0.76,44,1.52,0.05,0.87,1.79,1.09,1.28,1.52,1.89,14.34,6.9,0.01,6.85,34.58,7.44,2.39,1.74,2.83,64,2.11,3.39,0.87,52,0.98,47,0.43,0.05,11.74,15.36,4.94,2.06,0.71,38.9,3.8,32,1.63,79,0.16,0,0,32.87,84,1.58,81,60,2.01,2.12,14,74,-10,49.86,4.35,0.29,0.31,31.89,93,4.73,8.37,0.54,0.49,0.05,0.22,1.41,1.9,0.05,30,0.27,38,0.33,28,61,11,28,58,14,17.94,16.76,0.96,103,-1.18,17.23,17.26,0,0,0,0,0,,0,0,,0,0,0,0,0,0,22,13,3.98,24,0.11,0.05,0.05,0.03,,0.25
Erick Alexander Pluas Vera,Orense,Liga Pro,2026,775,Right Defensive Midfielder,Ecuador,24,19/03/02,0,0,0,,0,,,0,,0,0.12,0,0.35,0.12,0,0.35,0,0,0,0.12,0,0.35,0.11,0.35,0.23,0.12,67,0.93,0,0.81,0.7,0.58,0.69,0.93,0.86,15.9,9.17,0.01,6.04,39.72,9.29,3.83,1.63,2.21,78,1.84,2.54,1.28,43,0.46,40,0.23,0.23,13,13.44,4.64,3.25,1.04,42.01,4.41,34,2.21,68,0.35,0,0,47.24,90,3.48,15,67,1.51,4.64,14,85,-5,48.78,7.43,0.31,0.31,39.58,97,3.49,10.79,0.12,0.12,0,0.12,0.23,0.35,0,0,0,,0.12,21,73,6,24,75,1,19.73,18.2,0.96,99,-1.52,18.95,18.11,0,0,0,0,0,,0,0,,0,0,0,0,0,0,14,8,5.91,42,0.04,0.06,0.02,,,0.11
Erick Patricio Ladines Calvache,Guayaquil City,Liga Pro,2026,443,Left Centre Back,Ecuador,24,19/02/02,0,0,0.06,0.28,0.2,0,0,0,,0,0,0.03,0.2,0,0.03,0.2,0,0,0,0,0.08,0.41,-0.08,0,0,0,,0,0,0.2,0.2,0.2,0.11,2.85,2.09,9.15,4.47,0.1,5.9,20.53,5.08,0.81,1.22,1.42,86,1.26,1.36,0.2,100,0.2,50,1.02,0,7.93,7.41,4.07,1.02,0.61,23.11,0.2,3,0,0,0.2,0,0,28.06,68,3.25,91,33,4.47,8.13,13,37,-31,34.9,2.64,0.26,0.26,23.38,99,5.02,3.05,0.81,0.81,0,0,0.61,1.42,0,50,0.41,33,0,39,57,4,33,60,7,29.42,30.46,0.75,64,1.04,22.12,19.45,0,0,0,0,0,,0,0,,0,0,0,0,0,0,33,7,1.55,14,0.1,0,0.09,-0.04,,0.14
Erick Zambrano,Orense,Liga Pro,2026,1081,Right Wing,Ecuador,19,13/11/07,0.17,0.17,0.12,0.08,1.58,11,63,3,,0.2,0.25,0.16,1.08,0.25,0.16,1.08,0,0,0,0.42,0.28,2.67,0.13,1.25,0.83,0.42,67,1.08,0,2.75,2.33,0.08,0.15,0.33,0.34,15.74,7.25,0.02,3.58,51.59,4.33,1.83,0.92,1,69,1.29,1.44,2,17,0.42,42,0.42,0,12.83,14.51,3.25,3.91,1.08,53.04,7.08,55,3.25,83,0.08,0,0,23.9,79,0.42,86,50,0.58,0.58,14,64,-15,62.94,2.91,0.39,0.55,27.73,84,6.08,9.91,1.25,1.25,0,0.25,3.33,4.58,0,33,0.42,29,0.5,15,67,17,12,66,23,14.35,15.99,0.94,91,1.65,13.42,14.61,0,0,0,0,0,,0,0,,0,0,0,0,0,0,26,10,5.11,33,0,0.06,-0.01,0.03,,0.09
Erick Zúñiga,Delfin,Liga Pro,2026,1105,Left Wing Back,Ecuador,23,31/05/03,0,0,0.07,0.16,0.41,0,20,1,,0.01,0,0.05,0.65,0,0.05,0.65,0,0,0,0,0.11,1.06,-0.11,1.22,0.81,0.41,67,0.65,0,0.98,1.3,0.9,0.52,2.2,0.88,12.46,7.08,0.03,4.56,32.99,7.08,1.47,1.22,2.12,65,0.62,1.15,1.14,36,0.65,63,0.98,0.08,10.1,4.75,3.18,1.55,0.49,34.97,2.12,21,0.98,63,0.41,0,0,24.1,69,1.95,84,40,2.85,4.23,16,48,-21,51.2,5.21,0.19,0.28,21.74,91,6.49,5.54,1.3,0.81,0.49,0.08,0.81,1.63,0,44,0.65,35,0.08,39,53,7,40,49,12,21.75,18.83,0.92,97,-2.91,20.09,18.27,0,0,0,0,0,,0,0,,0,0,0,0,0,0,34,14,2.22,20,0.18,0.04,0.01,-0.04,,0.2
Erik Zambrano,Delfin,Liga Pro,2026,640,Centre Forward,Ecuador,24,02/01/02,0.42,0.28,0.23,0.1,2.39,12,24,4,100,0.04,0,0.04,0.84,0,0.03,0.7,0,0,0.14,0.28,0.26,3.23,0.02,2.25,1.41,0.84,63,1.26,0.14,2.95,4.08,0,0,1.26,0.46,17.71,6.75,0.03,5.62,54.81,4.78,2.81,0.56,0.56,67,0.15,0.15,2.11,33,0.28,34,1.41,0,15.04,5.34,4.78,4.78,1.26,58.66,10.68,71,4.08,85,0.14,0,0.14,11.52,59,0.7,27,63,1.41,0.98,21,52,-7,59.94,1.69,0.16,0.37,16.3,68,5.07,3.79,0.56,0.42,0.14,0.14,4.22,4.64,0.14,0,0.14,25,0.28,29,57,14,33,63,4,17.76,14.25,1.05,110,-3.51,18.62,15.69,0,0,0,0,0,,0,0,,0,0,0,0,0,0,35,14,2.23,19,0.01,0.07,0.01,-0.16,,-0.07
Erik Zambrano,Barcelona,Liga Pro,2026,587,Right Centre Forward,Ecuador,24,02/01/02,0,0,0.21,0.09,2.45,0,19,4,,0.03,0.15,0.06,0.77,0.15,0.06,0.77,0,0,0,0.15,0.27,3.22,-0.12,1.23,0.77,0.46,63,1.69,0,2.3,2.61,0,0,0.31,0.39,11.97,5.52,0,3.53,53.46,6.14,3.68,0.31,0.31,40,0.26,0.26,0.92,50,0.46,27,0.92,0,10.89,12.47,3.07,3.68,1.07,53.37,6.14,56,2.91,79,0.15,0,0,24.08,65,1.69,21,69,1.07,1.69,27,60,-4,60.64,3.53,0.34,0.48,26.54,83,4.98,8.28,1.23,1.23,0,0.15,3.37,4.6,0,38,0.61,44,0,19,66,16,13,69,19,17.63,15.47,1.09,116,-2.15,19.16,17.87,0,0,0,0,0,,0,0,,0,0,0,0,0,0,34,8,3.84,25,0.04,0.07,-0.01,-0.13,,-0.03
Esnaider Eliecer Cabezas Castillo,Guayaquil City,Liga Pro,2026,344,Left Centre Back,Ecuador,27,26/02/99,0,0,0.03,0.13,0.26,0,100,0,,0.06,0,0,0,0,0,0,0,0,0,0,0.03,0.26,-0.03,0.26,0.26,0,100,0.26,0,0.52,0.52,1.05,1.33,2.87,3.5,5.75,2.09,0.02,3.4,21.98,7.84,1.83,1.05,2.09,67,0.61,1.95,0.52,50,0.52,83,1.31,0,4.18,3.98,2.09,0.52,0.26,26.3,0.78,19,0.26,50,0.26,0,0,45.99,88,7.58,19,64,3.66,10.98,10,80,-8,35.27,2.35,0.16,0.16,39.2,99,5.37,2.35,0,0,0,0,0.26,0.26,0,,0,,0,34,63,3,56,44,0,26.5,19.65,0.9,106,-6.85,23.81,20.79,0,0,0,0,0,,0,0,,0,0,0,0,0,0,15,8,2.38,27,0.07,0.13,-0.15,0.02,,0.07
Estalin Tiberio Segura Cortés,Emelec,Liga Pro,2026,1448,Left Centre Back,Ecuador,26,21/01/00,0,0,0.04,0.09,0.44,0,14,0,,0,0.06,0.01,0.06,0.06,0.01,0.06,0,0,0,0.06,0.05,0.5,0.02,0.31,0.25,0.06,80,0.44,0,0.19,0.06,0.68,0.65,4.23,4.12,10.38,5.1,0.05,4.85,25.03,7.52,0.81,1.31,1.99,81,1.22,1.87,1.12,33,0.31,67,2.18,0,7.95,6.98,3.11,0.99,0.44,29.11,1.06,13,0.37,38,0.06,0,0.12,36.54,87,2.49,78,55,4.85,3.92,12,68,-18,34.43,1.31,0.25,0.27,29.46,99,4.54,1.43,0,0,0,0.06,1.24,1.24,0,,0,0,0.06,21,75,3,35,61,4,22.86,22.38,0.95,88,-0.48,21.63,19.72,0,0,0,0,0,,0,0,,0,0,0,0,0,0,18,8,2.05,17,0.02,0.05,0.04,-0.04,,0.08
Esteban Davila,Mushuc Runa,Liga Pro,2026,2456,Right Defensive Midfielder,Ecuador,30,06/02/96,0.07,0.07,0.08,0.08,0.95,8,31,2,,0.09,0.15,0.07,0.66,0.15,0.07,0.66,0,0,0,0.22,0.15,1.61,0.07,0.29,0.18,0.11,63,0.7,0,0.55,0.77,0.95,0.85,1.39,1.35,23.42,13.49,0.04,7.7,41.71,8.65,3.37,2.24,3.19,73,2.08,2.93,2.27,50,0.81,56,1.14,0,18.91,17.71,6.16,3.96,1.5,44.28,6.93,37,2.27,57,0.37,0,0,31.89,85,3.7,17,76,1.87,4.4,14,75,-10,47.38,3.15,0.3,0.37,25.33,96,4.88,6.45,0.37,0.37,0,0.11,1.21,1.58,0.04,20,0.07,33,0.11,20,70,11,19,70,11,21.36,19.13,0.98,100,-2.24,20.9,19.03,0,0,0,0,0,,0,0,,0,0,0,0,0,0,18,9,3.46,23,0.02,0.08,0.04,0,,0.15
F.Ratotti,Delfin,Liga Pro,2026,409,Right Centre Forward,Argentina,21,12/07/05,0,0,0.28,0.1,2.86,0,15,9,,0.13,0,0.01,0.44,0,0.01,0.44,0,0,0,0,0.3,3.3,-0.3,2.2,1.76,0.44,80,1.1,0,2.42,3.52,0,0,0.44,0.1,12.98,5.5,0,1.98,57,3.96,2.42,1.1,1.1,83,0.6,0.6,0.66,0,0.22,43,2.86,0,11.66,5.7,1.76,1.98,0.22,57.21,7.26,62,1.54,78,0,0,0,12.76,51,0.22,22,25,0.66,0.66,43,46,-5,59.09,1.76,0.11,0.32,15.18,71,6.51,3.3,0.44,0.44,0,0,5.72,6.16,0,0,0,0,0,26,67,7,47,47,7,18.47,18.19,1.1,111,-0.29,20.24,20.14,0,0,0,0,0,,0,0,,0,0,0,0,0,0,39,5,1.56,12,-0.02,-0.05,0.01,-0.19,,-0.25
Facundo Castelli,Mushuc Runa,Liga Pro,2026,501,Centre Forward,Argentina,31,17/02/95,0.36,0.18,0.22,0.09,2.51,7,36,7,100,0.29,0,0.04,0.9,0,0.04,0.9,0,0,0,0.18,0.26,3.41,-0.08,0.18,0.18,0,100,1.44,0,1.26,1.44,0.18,0.25,0.36,0.32,16.51,7.36,0.07,3.23,63.05,3.05,2.69,0.18,0.36,50,0.25,0.5,1.79,0,0.18,37,1.26,0,14.54,15.98,2.69,1.79,0,66.63,11.84,81,1.26,70,0.18,0,0,11.13,72,0.54,11,60,0.36,0.9,24,76,5,65.68,2.15,0.2,0.41,12.02,79,4.98,5.38,0,0,0,0.18,5.56,5.56,0,,0,0,0.54,15,61,24,3,77,20,15.89,10.25,1.04,117,-5.64,16.57,11.96,0,0,0,0,0,,0,0,,0,0,0,0,0,0,23,7,2.66,17,-0.03,0.04,0.01,0.07,,0.08
Facundo Ferrero,Deportivo Cuenca,Liga Pro,2026,2831,Goalkeeper,Argentina,30,04/03/96,0,0,0,,0,,,0,,0,0,0,0.06,0,0,0.03,0,0,0.03,0,0,0.06,0,0.1,0.06,0.03,67,0.1,0,0,0.06,0,0,0,0,0.1,0.1,0,7.44,3.07,4.13,0.03,0,0,0,0,0,0,40,0.1,,0,0.03,0.1,0.07,0.1,0,0,14.26,0,0,0,,0.1,0,0,21.77,74,6.58,10,45,2.26,12.27,11,57,-17,11.68,1.59,0.08,0.08,19.52,100,5.68,0.79,0.13,0.03,0.1,0,0,0.03,0,0,0,,0,42,57,0,92,8,0,41.98,46.75,0.75,75,4.77,31.59,34.86,0.95,0.97,0.01,69,69,0,0.89,3.12,27,11.54,1.86,0.1,0.1,18.04,0,24,3,1.98,14,0.13,0.07,0,,0.06,0.26
Facundo Martínez,Universidad Católica,Liga Pro,2026,968,Left Defensive Midfielder,Ecuador,41,01/04/85,0,0,0.01,0.01,0.37,0,50,0,,0,0.09,0.02,0.56,0.09,0.01,0.46,0,0.01,0.09,0.09,0.02,0.93,0.07,0.37,0.19,0.19,50,0.93,0,0.37,0.28,0.74,0.89,1.58,2.21,14.13,8.27,0.03,5.48,36.85,9.2,2.79,1.77,2.51,70,2.12,3.01,0.93,38,0.74,29,0.37,0,11.43,14.93,4.37,2.51,0.84,38.66,2.97,26,1.49,59,0.46,0,0,65.42,92,6.78,15,79,2.14,7.99,8,77,-15,45.85,8.36,0.62,0.63,53.71,99,4.3,11.24,0.56,0.28,0.28,0.09,0.46,0.74,0,0,0,0,0.19,18,75,7,36,60,5,21.95,21.36,0.97,94,-0.59,21.27,20.14,0,0,0,0,0,,0,0,,0,0,0,0,0,0,10,5,6.71,39,0.05,0.06,0.05,-0.01,,0.15
Federico Paz,Macará,Liga Pro,2026,713,Left Midfielder,Argentina,32,09/11/94,0.38,0.25,0.21,0.07,3.03,8,38,4,100,0.3,0.25,0.15,1.77,0.25,0.15,1.77,0,0,0,0.51,0.37,4.8,0.14,1.39,1.26,0.13,91,2.02,0,1.64,1.64,0.38,0.41,0.63,0.68,8.21,3.54,0.02,2.4,48.18,4.04,1.64,1.26,1.64,83,1.28,1.69,0.25,33,0.25,18,0.25,0,6.69,7.53,2.02,1.77,0.76,51.18,3.41,51,1.64,93,0.13,0,0,30.3,78,2.27,10,67,1.39,2.65,24,64,-13,62.89,5.81,0.3,0.53,32.58,91,6.3,14.14,1.52,1.39,0.13,0.25,3.54,4.92,0,42,0.88,47,0.25,20,70,10,24,65,11,18.76,16.2,1,100,-2.56,18.85,16.26,0,0,0,0,0,,0,0,,0,0,0,0,0,0,21,11,6.58,42,0.11,0.1,0.05,0.07,,0.33
Felipe José Castillo Mancheno,Técnico Universitario,Liga Pro,2026,336,Right Defensive Midfielder,Ecuador,19,28/06/07,0,0,0.02,0.02,1.07,0,0,2,,0,0,0.01,0.27,0,0.01,0.27,0,0,0,0,0.03,1.34,-0.03,0.54,0.54,0,100,1.61,0,1.34,1.34,0.54,0.22,0.8,0.27,20.65,10.46,0.03,5.1,41.81,8.85,3.22,0.8,1.34,60,0.24,0.46,2.68,0,0.54,75,1.61,0,17.7,8.31,4.29,4.02,1.61,45.21,7.24,41,2.95,73,0.27,0,0,32.45,80,1.61,20,50,1.07,2.95,14,78,-2,50.36,3.75,0.07,0.09,27.89,92,3.79,7.51,0.54,0.54,0,0,0,0.54,0,0,0,0,0,17,70,14,21,64,14,18.44,14.37,0.97,87,-4.07,17.92,12.54,0,0,0,0,0,,0,0,,0,0,0,0,0,0,17,3,2.71,24,0.08,0.03,-0.02,-0.02,,0.06
Felix Zambrano,Manta FC,Liga Pro,2026,1620,Goalkeeper,Ecuador,29,20/02/97,0,0,0,,0,,,0,,0,0,0,0.06,0,0,0.06,0,0,0,0,0,0.06,0,0,0,0,,0.17,0,0,0,0,0,0.06,0.07,0.11,0,0,6.55,2.26,3.72,0,0,0,,0,0,0,,0,,0,0,0.11,0.1,0.06,0,0,4.3,0,0,0,,0.17,0,0,10.72,56,4.55,73,33,1.22,12.55,8,47,-9,10.16,1.22,0.03,0.03,9.67,100,6.77,0.61,0.06,0.06,0,0,0,0.06,0,0,0,,0,65,35,0,100,0,0,51.05,51.66,0.72,72,0.61,36.65,37.14,1.11,1.01,-0.1,59,63,-4,0.89,2.72,24,11.39,1.57,0.17,0.11,18.7,0,32,2,1.47,13,0.09,0.06,0,,-0.19,-0.04
Fernando Cornejo,LDU Quito,Liga Pro,2026,1230,Right Defensive Midfielder,Chile,31,25/12/95,0.07,0.07,0.09,0.11,0.8,9,36,1,,0.11,0.07,0.2,1.9,0,0.15,1.54,0.07,0.05,0.37,0.15,0.28,2.71,-0.14,0.29,0.07,0.22,25,0.66,0,0.44,1.17,0.73,0.93,0.95,1.05,17.49,8.41,0.06,4.46,47.09,9.37,4.83,1.68,2.41,55,2.02,2.95,2.56,26,1.39,54,0.51,0,13.32,16.3,2.85,3.15,0.88,50.42,6.37,48,2.05,65,0.07,0,0.07,42.29,79,4.02,8,58,1.39,6.51,13,76,-4,55.52,6.22,0.58,0.64,34.1,96,4.8,13.02,1.61,1.02,0.59,0.15,1.76,2.78,0,27,0.44,30,0.29,20,71,9,26,69,5,22.03,18.4,0.93,89,-3.63,20.54,16.34,0,0,0,0,0,,0,0,,0,0,0,0,0,0,19,6,7.61,47,0.06,0.04,0.03,0,,0.13
Fernando León,Emelec,Liga Pro,2026,1417,Right Centre Back,Ecuador,33,10/04/93,0,0,0.03,0.11,0.25,0,25,0,,0.06,0,0.05,0.32,0,0.05,0.32,0,0,0,0,0.08,0.57,-0.08,0.19,0.19,0,100,0.19,0,0.13,0.19,0.89,0.8,4.57,4.66,6.73,3.87,0.1,4,23.18,9.02,1.14,1.14,2.03,69,1.15,1.95,0.76,65,0.51,50,1.65,0,4.83,4.99,2.41,1.27,0.44,31.46,1.08,22,0.76,60,0.25,0,0,38.94,82,4.89,7,58,5.65,7.37,9,59,-23,35.98,2.92,0.26,0.28,29.47,100,4.7,3.3,0.32,0.32,0,0.13,1.02,1.33,0.13,20,0.06,50,0.06,31,67,2,46,54,0,26.25,27.71,0.92,90,1.46,24.11,24.93,0,0,0,0,0,,0,0,,0,0,0,0,0,0,21,8,3.94,33,0.1,0.04,0.13,0.03,,0.3
Feyiseitan Asagidigbi,Manta FC,Liga Pro,2026,373,Left Midfielder,Nigeria,27,27/01/99,0,0,0.12,0.05,2.65,0,36,4,,0.08,0,0.08,0.96,0,0.08,0.96,0,0,0,0,0.2,3.62,-0.2,3.62,2.65,0.96,73,3.13,0,2.89,3.13,0,0,0.24,0.35,19.53,9.88,0.02,5.3,51.12,6.51,5.06,1.93,1.93,80,2.45,2.45,1.93,60,0.48,20,0.24,0,15.67,18.56,5.06,5.3,2.17,52.21,7.71,49,3.86,73,0.24,0,0,23.14,58,0.72,11,20,0.72,3.13,16,50,-8,60.52,4.82,0.27,0.3,34.23,87,6.38,7.95,0.96,0.96,0,0.48,2.17,3.13,0,0,0,0,0.48,18,73,9,18,73,9,20.8,20.25,0.85,81,-0.56,17.71,16.33,0,0,0,0,0,,0,0,,0,0,0,0,0,0,31,6,3.69,32,0.06,0.14,0.03,-0.08,,0.14
Francisco Pizzini,Emelec,Liga Pro,2026,1559,Right Midfielder,Argentina,33,18/09/93,0,0,0.11,0.06,1.91,0,18,2,0,0.04,0.17,0.28,2.31,0.12,0.17,1.44,0.06,0.12,0.87,0.17,0.39,4.21,-0.22,1.91,0.98,0.92,52,1.91,0,2.37,2.48,0.29,0.14,0.46,0.31,11.66,5.08,0,2.94,53.22,5.6,3.29,0.81,1.1,52,0.71,0.86,0.64,25,0.75,56,0.81,0,10.28,8.51,2.25,2.77,0.75,55.91,6.18,60,1.96,71,0,0,0,30.42,73,2.71,15,56,1.04,4.27,20,66,-8,60.73,5.54,0.34,0.51,31.92,87,7.97,10.45,2.42,1.39,1.04,0.12,2.66,4.04,0.23,24,0.81,37,0.35,16,70,14,24,64,12,20.04,17.25,0.96,97,-2.79,19.29,16.77,0,0,0,0,0,,0,0,,0,0,0,0,0,0,25,9,6.72,49,0.18,0.12,0.01,-0.1,,0.22
Franco Ayunta,Delfin,Liga Pro,2026,2517,Centre Forward,Argentina,24,28/11/02,0.25,0.14,0.14,0.1,1.39,10,31,3,100,0.14,0,0.03,0.43,0,0.03,0.43,0,0,0,0.14,0.17,1.82,-0.03,0.64,0.14,0.5,22,1.79,0.04,2.11,3.9,0.46,0.3,0.72,0.37,18.67,8.44,0,4.9,60.33,4.26,2.4,0.89,1.36,76,0.56,0.86,0.97,38,0.29,38,2.07,0,16.88,10.78,4.33,3.33,0.82,62.75,12.77,76,2.82,85,0.11,0,0,16.52,68,0.75,21,64,1.07,0.82,32,64,-5,60.98,1.39,0.23,0.36,16.38,76,4.42,5.22,0.39,0.39,0,0.18,3.86,4.26,0,36,0.21,46,0.29,19,62,19,16,61,23,16.1,15.04,1,101,-1.06,16.15,15.19,0,0,0,0,0,,0,0,,0,0,0,0,0,0,33,11,2.22,19,-0.04,-0.03,0.02,-0.05,,-0.1
Franco Perinciolo,Delfin,Liga Pro,2026,668,Left Wing,Argentina,29,29/04/97,0,0,0.04,0.04,1.08,0,38,2,,0.02,0,0.12,1.89,0,0.08,1.35,0,0.05,0.54,0,0.16,2.97,-0.16,1.08,0.81,0.27,75,1.62,0,2.43,1.75,0.27,0.29,0.81,0.51,20.9,10.65,0.01,5.53,46.04,4.85,3.37,2.43,2.7,78,1.35,1.64,1.89,29,0.67,50,0.54,0,16.85,9.44,4.58,2.83,1.21,48.76,7.82,46,2.02,71,0.54,0,0.13,20.09,53,1.89,80,37,1.35,4.58,26,60,7,60.42,2.16,0.18,0.29,18.6,83,6.21,5.66,1.75,1.08,0.67,0.13,2.02,3.1,0.13,23,0.67,16,0.27,26,68,6,19,71,10,22.23,16.28,0.91,103,-5.95,20.29,16.84,0,0,0,0,0,,0,0,,0,0,0,0,0,0,36,10,4.54,36,0.11,0.03,0.01,-0.03,,0.12
Franco Posse,Macará,Liga Pro,2026,1928,Centre Forward,Uruguay,26,20/09/00,0.47,0.37,0.45,0.16,2.85,13,43,6,67,0.48,0.14,0.14,1.17,0.14,0.14,1.17,0,0,0,0.51,0.6,4.01,-0.08,0.33,0.19,0.14,57,0.93,0,1.35,2.43,0.23,0.17,0.61,0.42,14.14,4.67,0.01,3.08,65.13,2.8,2.1,0.37,0.61,50,0.32,0.49,1.35,11,0.37,37,1.73,0,12.46,11.3,2.8,3.92,0.7,68.71,10.32,83,3.59,92,0.23,0,0,20.03,68,1.31,11,62,1.26,1.45,34,66,-2,63.87,2.29,0.36,0.73,17.83,84,5.01,7.7,0.75,0.75,0,0.37,5.79,6.54,0.09,31,0.51,50,0.75,13,69,18,10,73,17,17.76,17.41,0.99,95,-0.35,17.53,16.6,0,0,0,0,0,,0,0,,0,0,0,0,0,0,32,9,4.34,30,-0.02,-0.01,-0.02,0.08,,0.03
Franklin Alexander Carabalí Carabalí,Mushuc Runa,Liga Pro,2026,1137,Right Centre Back,Ecuador,30,26/06/96,0,0,0.03,0.06,0.55,0,0,0,,0,0,0.04,0.55,0,0.04,0.55,0,0,0,0,0.07,1.11,-0.07,0.24,0.24,0,100,0.79,0,0.47,0.47,0.4,0.52,4.04,3.56,9.74,4.51,0.06,4.91,24.58,7.36,1.42,1.11,1.5,93,1.28,1.8,1.35,80,0.08,65,1.9,0,7.28,7.7,3.48,0.87,0.55,29.33,1.19,16,0.16,18,0.24,0,0,27.78,80,4.35,12,60,4.75,6.57,12,61,-19,34.32,1.9,0.14,0.17,22.16,96,4.06,2.61,0.4,0.4,0,0,1.35,1.74,0,40,0.16,22,0.08,26,70,3,33,61,6,28.66,27.44,0.91,89,-1.22,26.19,24.29,0,0,0,0,0,,0,0,,0,0,0,0,0,0,20,7,2.64,19,0.03,0.04,0.03,-0.03,,0.07
Freddy Mina,Mushuc Runa,Liga Pro,2026,681,Centre Attacking Midfielder,Ecuador,28,23/07/98,0.4,0.4,0.2,0.09,2.25,18,41,3,,0.14,0.13,0.07,0.93,0.13,0.05,0.66,0,0.02,0.26,0.53,0.27,3.17,0.26,2.11,1.32,0.79,63,1.45,0,0.93,2.91,0.66,0.54,0.53,0.41,13.88,6.34,0.02,5.02,57.41,3.83,3.04,1.06,1.72,100,1.07,1.61,1.32,100,0,44,0.53,0,11.5,10.35,4.1,3.04,0.93,60.6,7.93,69,2.11,70,0.4,0,0,31.85,75,1.32,15,40,0.79,3.04,14,68,-7,60.71,4.49,0.21,0.38,32.78,91,5.9,12.29,1.06,0.66,0.4,0.4,4.1,4.76,0,0,0.13,9,0.53,16,63,22,22,62,16,17.65,18.11,0.93,98,0.46,16.34,17.81,0,0,0,0,0,,0,0,,0,0,0,0,0,0,19,7,5.09,38,-0.09,0.14,0.03,-0.02,,0.05
Gabriel Jhon Cortéz Casierra,Libertad,Liga Pro,2026,1159,Centre Forward,Ecuador,31,09/10/95,0.31,0.31,0.16,0.04,3.8,8,35,5,,0.17,0.31,0.16,1.86,0.16,0.07,1.16,0.16,0.09,0.7,0.62,0.32,5.67,0.3,1.32,0.78,0.54,59,1.55,0,1.63,3.18,0.16,0.08,0.39,0.34,11.57,5.82,0,3.03,55.13,3.88,2.02,0.54,0.7,64,0.33,0.41,0.54,0,0.31,47,1.09,0,10.48,7.19,2.56,2.02,0.62,57.5,6.6,63,1.4,69,0.39,0,0.08,23.45,67,3.26,11,56,0.62,5.59,19,75,8,59.83,4.97,0.33,0.5,26.78,86,6.29,8.69,2.33,1.16,1.16,0.23,3.57,4.74,0.23,17,0.47,24,0.39,19,68,13,30,54,15,22.98,14.78,0.97,106,-8.2,22.32,15.66,0,0,0,0,0,,0,0,,0,0,0,0,0,0,25,9,5.51,46,0.12,0.03,0,-0.04,,0.11
Gabriel Villamíl,LDU Quito,Liga Pro,2026,1116,Left Defensive Midfielder,Bolivia,25,27/06/01,0,0,0.07,0.05,1.37,0,29,2,,0.02,0,0.02,0.48,0,0.02,0.48,0,0,0,0,0.09,1.85,-0.09,1.13,0.56,0.56,50,0.4,0,1.13,1.13,0.16,0.21,0.56,0.54,12.5,7.18,0.01,3.39,48.91,5.64,3.47,1.13,1.29,70,1.16,1.38,1.21,29,0.48,43,0.48,0,10.16,10.17,2.42,2.58,1.13,51,5,49,1.77,69,0.16,0,0,29.91,80,2.42,5,70,0.73,3.31,18,75,-5,55.44,4.19,0.48,0.51,28.22,94,4.98,10.32,0.81,0.81,0,0.16,2.18,2.98,0,0,0.16,13,0.24,19,71,10,20,72,9,19.8,14.83,1,103,-4.97,19.81,15.21,0,0,0,0,0,,0,0,,0,0,0,0,0,0,21,8,5.81,37,-0.04,0.09,0.02,-0.05,,0.02
Gastón Blanc,Macará,Liga Pro,2026,930,Left Defensive Midfielder,Argentina,30,23/07/96,0.1,0.1,0.06,0.06,1.16,8,17,2,,0.03,0,0.03,0.68,0,0.01,0.48,0,0.02,0.19,0.1,0.1,1.84,0,0.48,0.39,0.1,80,0.97,0,1.06,0.58,0.68,0.6,0.97,0.97,12.48,6.58,0.02,4.45,45.29,7.16,3.58,1.26,1.94,57,1.39,2,1.84,9,0.97,57,1.26,0,9.39,9.74,3.48,1.84,0.87,48.44,4.84,52,1.45,79,0.19,0,0,34.26,75,2.71,13,62,1.16,4.16,18,63,-12,54.13,4.55,0.21,0.22,29.52,95,4.62,8.71,0.97,0.77,0.19,0.1,1.55,2.32,0,10,0.1,11,0.29,17,74,9,20,71,9,20.77,15.98,0.97,101,-4.8,20.09,16.09,0,0,0,0,0,,0,0,,0,0,0,0,0,0,19,5,4.37,29,0.01,0.05,-0.04,-0.02,,0
Germán Rivero,Deportivo Cuenca,Liga Pro,2026,1042,Centre Forward,Argentina,34,16/03/92,0.17,0.17,0.27,0.12,2.24,8,23,6,,0.14,0.17,0.06,0.69,0.17,0.06,0.69,0,0,0,0.35,0.32,2.94,0.02,0.17,0.09,0.09,50,2.59,0,1.81,1.99,0,0,0.52,0.54,15.11,6.48,0.01,3.19,65.78,3.45,2.16,0.26,0.26,43,0.23,0.23,1.38,25,0.35,41,2.07,0,13.56,11.5,2.68,2.24,0.35,66.75,11.22,83,1.99,88,0.17,0,0.09,13.82,65,0.6,22,50,0.69,1.04,36,58,-7,62.52,1.12,0.29,0.42,13.82,80,5.01,4.75,0.43,0.43,0,0.17,4.58,5.01,0.17,0,0,0,0.52,15,65,19,7,76,16,17.04,14.4,0.98,102,-2.64,16.75,14.73,0,0,0,0,0,,0,0,,0,0,0,0,0,0,33,11,2.89,19,0.02,-0.01,0,0,,0.01
Gerónimo Heredia,Delfin,Liga Pro,2026,2064,Right Defensive Midfielder,Argentina,21,08/02/05,0,0,0.06,0.05,1.4,0,25,2,,0.05,0.04,0.06,0.65,0.04,0.06,0.65,0,0,0,0.04,0.13,2.05,-0.08,1.61,0.65,0.96,41,1.09,0,1.22,2.79,0.87,0.41,0.7,0.3,17.36,8.85,0.01,4.84,45.68,6.76,2.79,1.31,2.18,68,0.85,1.26,1.05,22,0.61,33,0.57,0,15.13,10.07,3.92,4.4,1.4,47.23,6.85,45,3.1,70,0.09,0,0.04,22.2,69,1.79,8,54,1.05,2.97,20,68,-1,53.32,3.27,0.27,0.33,21.81,86,5.59,5.54,0.96,0.92,0.04,0.13,1.7,2.62,0.09,14,0.22,29,0.09,27,62,11,33,55,12,20.25,15.39,0.97,114,-4.86,19.56,17.56,0,0,0,0,0,,0,0,,0,0,0,0,0,0,28,9,4.02,33,0.04,0.04,0.03,-0.01,,0.09
Gian Franco Allala,LDU Quito,Liga Pro,2026,2235,Right Centre Back,Uruguay,29,16/01/97,0,0,0.01,0.05,0.24,0,0,0,,0,0.04,0.01,0.2,0.04,0.01,0.2,0,0,0,0.04,0.02,0.44,0.02,0.4,0.2,0.2,50,0.48,0,0.52,0.52,0.48,0.47,3.7,3.5,6.93,2.86,0.05,3.1,26.93,7.69,1.25,0.72,1.21,82,0.85,1.32,1.17,75,0.16,58,1.57,0,5.07,5.24,1.81,0.64,0.24,34.38,1.29,25,0.4,63,0.28,0,0,39.5,86,5.19,13,69,4.35,6.93,10,75,-11,36.85,3.87,0.29,0.3,34.35,97,6.46,4.35,0.24,0.24,0,0,0.68,0.93,0,0,0.04,14,0.04,24,74,2,39,61,0,24.59,22.14,0.95,92,-2.44,23.4,20.46,0,0,0,0,0,,0,0,,0,0,0,0,0,0,16,6,3.44,23,0.02,0.06,0.07,-0.02,,0.13
Gian Nardelli,Deportivo Cuenca,Liga Pro,2026,525,Left Centre Back,Argentina,26,10/03/00,0,0,0.05,0.15,0.34,0,0,0,,0,0,0,0,0,0,0,0,0,0,0,0.05,0.34,-0.05,0.34,0.34,0,100,0.86,0,0.17,0.34,1.37,1.47,4.12,3.69,12.01,6.17,0.09,5.32,26.54,11.32,2.06,1.72,3.09,100,1.94,3.41,1.03,100,0,80,2.06,0.17,9.26,9.59,3.43,1.37,0.51,30.75,1.2,13,0.34,25,0.17,0.17,0,49.74,85,4.8,32,56,4.46,8.23,7,83,-2,35.01,2.4,0.21,0.26,38.94,99,4.78,2.4,0,0,0,0,0.51,0.51,0,,0,0,0,27,72,1,43,57,0,24.8,18.84,0.94,99,-5.96,23.23,18.59,0,0,0,0,0,,0,0,,0,0,0,0,0,0,15,6,3.07,21,0.09,0.06,0.06,-0.06,,0.15
Gilmar Eduardo Napa Caicedo,Guayaquil City,Liga Pro,2026,2504,Goalkeeper,Ecuador,23,04/01/03,0,0,0,,0,,,0,,0,0,0.01,0.04,0,0.01,0.04,0,0,0,0,0.01,0.04,-0.01,0.11,0.11,0,100,0.29,0,0,0,0.04,0.06,0,0,0.07,0.04,0,8.7,2.84,3.85,0,0,0.04,0,0,0.06,0,0,0.04,0,0,0,0.07,0.07,0,0,0,3.63,0,0,0,,0.14,0,0,24.91,72,4.49,6,34,3.34,10.06,18,57,-15,11.13,0.93,0.09,0.1,22.28,100,4.68,0.47,0,0,0,0,0,0,0,,0,,0,43,57,0,92,8,0,37.71,46.17,0.68,65,8.46,25.79,30.24,0.79,0.86,0.07,78,76,2,1.15,3.56,25,14.09,1.66,0.18,0.14,17.33,0,26,5,1.14,12,0.08,0.09,-0.04,,0,0.14
Glendys Mina,Manta FC,Liga Pro,2026,1803,Left Back,Ecuador,30,24/02/96,0,0,0.01,0.05,0.25,0,20,0,,0,0,0.04,0.15,0,0.03,0.1,0,0,0.05,0,0.05,0.4,-0.05,0.75,0.5,0.25,67,0.25,0,0.3,0.7,1,0.78,2.55,1.55,9.68,4.29,0.01,3.34,30.48,8.54,2.3,1.1,2.1,61,0.84,1.61,0.75,37,0.7,53,0.95,0,7.84,5.56,2.15,1.1,0.25,34.89,1.85,24,0.75,68,0.15,0,0,28.26,66,2.9,81,34,3.05,8.14,10,58,-8,44.87,4.44,0.21,0.21,21.22,96,3.89,4.59,0.8,0.3,0.5,0.05,0.35,0.65,0,19,0.25,10,0.05,42,53,4,52,43,4,24.28,19.75,0.86,94,-4.52,20.8,18.58,0,0,0,0,0,,0,0,,0,0,0,0,0,0,30,8,2.69,24,0.16,0.04,0.05,-0.01,,0.24
Gonzalo Nápoli,Emelec,Liga Pro,2026,1230,Left Centre Midfielder,Uruguay,26,07/05/00,0,0,0.04,0.04,1.1,0,33,1,,0.04,0.07,0.13,2.27,0,0.08,1.39,0.07,0.06,0.88,0.07,0.18,3.37,-0.1,1.02,0.51,0.51,50,2.34,0,1.1,1.61,0.95,0.94,0.88,0.81,20.12,9.29,0.01,5.27,47.86,8.56,4.83,1.76,2.71,63,1.55,2.49,0.88,38,1.02,27,0.73,0,17.56,14.8,4.17,5.2,1.39,48.39,8.27,47,3.88,75,0.15,0,0.07,39.08,80,2.41,87,46,1.1,5.05,16,75,-5,55.26,4.76,0.36,0.44,34.47,94,5.33,11.12,1.98,0.73,1.24,0.15,1.39,2.12,0,19,0.37,23,0.29,14,69,17,18,68,14,19.45,15.67,0.92,97,-3.79,17.88,15.27,0,0,0,0,0,,0,0,,0,0,0,0,0,0,22,6,7,50,0.07,0.06,0.02,-0.02,,0.12
Gonzalo Rostagno,Orense,Liga Pro,2026,730,Right Defensive Midfielder,Argentina,25,11/11/01,0,0,0.02,0.03,0.74,0,17,1,,0,0,0.02,0.37,0,0.02,0.37,0,0,0,0,0.04,1.11,-0.04,0.74,0.62,0.12,83,0.86,0,0.25,0.74,0.86,1.02,1.85,1.97,16.76,8.13,0.02,6.04,40.72,9.86,4.93,1.85,2.71,65,2.17,3.2,1.73,33,0.99,55,0.74,0,13.19,16.19,4.19,3.94,1.11,43.46,5.18,39,2.22,56,0.25,0,0,37.22,83,2.96,8,83,2.09,3.33,13,68,-15,48.06,3.94,0.22,0.23,29.45,97,4.54,5.3,0.25,0.25,0,0.12,0.99,1.23,0,100,0.25,67,0.12,19,72,9,28,67,5,18.85,16.99,1,107,-1.86,18.95,18.1,0,0,0,0,0,,0,0,,0,0,0,0,0,0,19,11,2.53,25,0,0.07,0.02,-0.02,,0.06
Gonzalo Valle,LDU Quito,Liga Pro,2026,2360,Goalkeeper,Ecuador,30,27/02/96,0,0,0,,0,,,0,,0,0,0,0.04,0,0,0,0,0,0.04,0,0,0.04,0,0,0,0,,0.08,0,0.04,0.04,0,0,0.04,0.04,0.04,0.08,0,5.91,2.99,4.54,0.04,0,0,0,0,0,0,0,0.11,,0,0.08,0.04,0.02,0.04,0,0,13.1,0,0,0,,0.08,0,0,17.39,82,4.08,7,48,1.41,7.05,10,67,-15,12.5,0.99,0.1,0.1,15.41,100,5.03,0.38,0.08,0.04,0.04,0,0,0.04,0,0,0,,0,34,66,0,90,10,0,32.62,37.13,0.78,74,4.51,25.42,27.51,0.72,0.79,0.06,72,70,2,0.87,2.63,26,10.18,2.32,0.04,0.04,23.17,0,14,2,1.41,9,0.05,0.04,0,,-0.02,0.08
Gregori Anangonó,Universidad Católica,Liga Pro,2026,1612,Right Back,Ecuador,28,15/05/98,0,0,0.03,0.03,0.89,0,6,1,,0,0,0.05,0.84,0,0.04,0.56,0,0.01,0.28,0,0.08,1.73,-0.08,1.17,0.78,0.39,67,1.9,0,0.45,1.4,1.12,1.42,1.28,1.55,12.45,5.7,0.04,3.91,33.36,6.59,2.74,1.9,3.02,74,2.44,3.86,0.95,50,0.67,57,0.45,0.06,9.6,12.47,2.79,2.07,0.61,37.02,2.79,29,1.01,49,0.28,0,0,38.81,81,5.3,12,61,1.9,8.1,9,77,-4,49.44,5.81,0.35,0.38,36.91,96,4.87,9.27,2.01,1.23,0.78,0,0.56,1.79,0,28,0.56,29,0,25,64,11,27,63,11,23.57,20.46,0.92,109,-3.11,21.67,22.34,0,0,0,0,0,,0,0,,0,0,0,0,0,0,21,9,5.25,32,0.13,0.08,0,-0.04,,0.16
Gustavo Cortez,Independiente del Valle,Liga Pro,2026,1268,Left Back,Ecuador,29,10/10/97,0,0,0.02,0.03,0.78,0,45,1,,0.01,0.07,0.1,0.92,0.07,0.07,0.57,0,0.04,0.36,0.07,0.13,1.7,-0.06,0.57,0.43,0.14,75,0.5,0,0.85,0.36,0.92,1.01,2.63,3.12,7.38,3.05,0.01,3.27,34.09,6.89,2.13,1.07,1.99,88,1.24,2.25,0.57,71,0.14,47,0.57,0,5.75,6.91,2.41,1.49,0.64,40.43,1.7,30,0.78,52,0,0,0,38.84,78,3.62,85,48,2.91,7.24,7,71,-7,49.6,4.54,0.52,0.55,34.44,97,4.04,7.67,1.14,0.57,0.57,0.21,1.63,2.2,0,38,0.57,22,0.21,22,68,10,25,69,6,22.04,17.32,0.88,110,-4.72,19.33,19.02,0,0,0,0,0,,0,0,,0,0,0,0,0,0,22,6,5.66,32,0.09,0.09,-0.02,-0.03,,0.13
Gustavo Vallecilla,Barcelona,Liga Pro,2026,1209,Left Back,Ecuador,27,27/05/99,0.07,0.07,0.03,0.04,0.82,9,45,1,,0.09,0,0.04,0.6,0,0.04,0.52,0,0,0.07,0.07,0.07,1.41,0,0.89,0.6,0.3,67,0.52,0,0.52,0.89,1.19,1.27,3.57,3.54,10.57,5.66,0.04,4.99,27.52,10.35,2.23,1.41,2.61,79,1.33,2.6,0.82,56,0.37,53,1.27,0,8.34,8.75,3.2,1.41,0.3,32.84,1.64,20,0.74,53,0.37,0,0,40.51,77,4.39,36,55,4.39,7.15,11,70,-7,44.21,2.9,0.26,0.3,33.88,96,4.65,5.14,0.6,0.52,0.07,0.07,1.19,1.71,0,25,0.22,14,0.07,27,66,7,28,70,3,23.54,22.21,0.92,97,-1.33,21.74,21.59,0,0,0,0,0,,0,0,,0,0,0,0,0,0,21,7,3.5,28,0.04,0.05,-0.04,0.01,,0.06
Hamilton Piedra,Aucas,Liga Pro,2026,2966,Goalkeeper,Ecuador,33,19/02/93,0,0,0,,0,,,0,,0,0,0,0.03,0,0,0.03,0,0,0,0,0,0.03,0,0,0,0,,0.18,0,0,0,0,0,0,0,0.12,0.06,0,4.82,2.77,3.31,0,0,0,0,0,0,0,0,0.03,,0,0,0.12,0.13,0.03,0,0,7.67,0,0,0,,0.12,0,0,12.77,76,5.04,13,50,1.3,8.83,9,59,-17,10.66,0.7,0.07,0.07,11.44,100,5.47,0.27,0.03,0,0.03,0,0,0,0,0,0,,0,41,59,0,78,22,0,40,47.38,0.77,79,7.38,30.87,37.43,0.7,0.57,-0.12,71,76,-5,0.61,2.4,29,8.19,1.86,0.15,0.15,17.3,-1,21,3,0.99,7,0.06,0.04,0,,-0.14,-0.03
Hancel Javier Batalla Carreño,Libertad,Liga Pro,2026,921,Right Centre Midfielder,Ecuador,29,08/11/97,0.1,0.1,0.09,0.14,0.68,14,57,1,,0.13,0.1,0.06,0.88,0.1,0.06,0.78,0,0,0.1,0.2,0.16,1.56,0.04,1.37,0.49,0.88,36,1.76,0,1.37,2.34,0.49,0.28,0.98,0.58,13.58,5.08,0.01,4,41.28,6.74,3.32,0.98,1.47,63,0.74,1.02,1.07,29,0.59,59,0.98,0,11.53,8.27,2.83,2.93,0.29,44.42,4,35,1.66,57,0.2,0,0,34.29,78,1.86,13,58,1.56,2.64,21,64,-15,56.8,5.76,0.48,0.55,33.02,91,5.18,12.31,0.98,0.88,0.1,0.29,2.25,3.13,0.1,20,0.39,29,0.29,18,67,14,23,67,10,17.92,17.16,0.96,104,-0.76,17.26,17.92,0,0,0,0,0,,0,0,,0,0,0,0,0,0,24,11,4.42,38,0.04,0.06,-0.06,-0.02,,0.03
Heuyín Guardia,Técnico Universitario,Liga Pro,2026,436,Centre Forward,Panama,25,23/10/01,0.21,0.21,0.15,0.06,2.27,9,36,8,,0.18,0,0.01,0.21,0,0.01,0.21,0,0,0,0.21,0.15,2.48,0.05,0.21,0.21,0,100,0.21,0,1.86,2.48,0.83,0.98,0.83,0.64,23.35,11.78,0,4.75,70.72,3.51,2.27,0.41,1.24,67,0.48,1.46,2.27,0,0.21,10,0.21,0,20.87,15.79,4.34,3.93,1.03,73.65,18.81,90,3.93,100,0,0,0,6.61,86,0.41,6,67,0.83,0.62,2,100,14,61.28,0.62,0.07,0.18,7.85,63,3.82,3.1,0,0,0,0.21,3.72,3.72,0,,0,,0.21,23,44,33,33,47,20,14.24,1.64,0.94,100,-12.6,13.43,1.64,0,0,0,0,0,,0,0,,0,0,0,0,0,0,21,5,1.12,9,0.04,-0.04,0.01,-0.1,,-0.09
Hugo Quintana,Independiente del Valle,Liga Pro,2026,485,Right Centre Midfielder,Paraguay,25,09/11/01,0.74,0.74,0.39,0.23,1.67,44,67,3,,0.69,0.37,0.1,1.49,0.37,0.1,1.49,0,0,0,1.11,0.49,3.16,0.63,0.74,0.56,0.19,75,0.74,0,1.49,1.67,0.19,0.31,0,0,8.73,3.53,0,2.79,57.33,6.5,4.46,0.56,0.74,100,0.79,1.1,0.93,100,0,20,0.19,0,7.24,8.77,2.79,1.3,0.56,57.99,4.46,62,0.93,71,0,0,0,32.68,83,3.34,12,82,0,4.09,18,78,-5,58.86,7.43,0.51,0.74,31.57,92,6.43,13.74,1.49,1.49,0,0.37,4.64,6.13,0,0,0,0,0.37,13,71,16,18,69,14,20.23,15.95,1,100,-4.28,20.13,15.97,0,0,0,0,0,,0,0,,0,0,0,0,0,0,18,6,5,28,-0.07,0.07,0,0.35,,0.35
Héctor Villalba,Barcelona,Liga Pro,2026,915,Right Wing,Paraguay,32,25/07/94,0.1,0.1,0.13,0.06,2.26,4,26,4,,0.16,0.1,0.08,0.98,0,0.07,0.79,0.1,0.01,0.2,0.2,0.22,3.25,-0.02,1.38,0.69,0.69,50,0.3,0,0.98,2.26,0.59,0.7,0.2,0.1,11.51,3.84,0.01,2.46,63.17,5.81,3.74,0.79,1.38,53,0.79,1.49,0.49,0,0.69,32,0.79,0,10.23,11.65,2.07,3.25,0.89,63.99,7.87,77,3.05,94,0,0,0,25.98,56,2.07,17,38,0.79,4.82,20,55,-1,62.74,3.64,0.27,0.41,23.22,89,5.05,8.36,2.16,1.28,0.89,0,2.36,3.64,0,27,0.69,18,0,13,78,9,19,69,12,22.3,18.21,0.9,95,-4.09,20.14,17.27,0,0,0,0,0,,0,0,,0,0,0,0,0,0,42,9,5.28,39,0.04,0.06,0,0.02,,0.13
Ibrain Cuero,Manta FC,Liga Pro,2026,542,Right Back,Ecuador,21,28/08/05,0,0,0.01,0.03,0.33,0,50,0,,0,0,0.05,0.66,0,0.05,0.66,0,0,0,0,0.06,1,-0.06,1.16,0.66,0.5,57,0.83,0.17,0.83,1.16,1.16,1.05,3.32,1.96,17.77,9.97,0.02,7.31,31.63,9.47,3.32,2.99,4.15,69,2.51,3.56,0.66,38,1.33,40,0.66,0,14.12,9.11,4.98,2.16,1.16,34.51,3.16,22,1.33,62,0,0,0,24.08,61,3.32,5,50,3.65,6.31,12,55,-6,49.61,2.82,0.17,0.24,18.6,91,6.1,4.82,2.16,1.49,0.66,0,0.66,2.16,0,46,1.16,41,0,43,52,5,28,59,14,23.1,16.77,0.94,98,-6.33,21.69,16.48,0,0,0,0,0,,0,0,,0,0,0,0,0,0,41,13,4.35,31,0.11,0.17,0.06,-0.01,,0.34
Ignacio Guerrico,Emelec,Liga Pro,2026,2251,Left Back,Argentina,28,08/07/98,0.08,0.08,0.04,0.04,1,8,20,1,,0.09,0.04,0.07,1.04,0.04,0.05,0.76,0,0.02,0.28,0.12,0.11,2.04,0.01,0.64,0.48,0.16,75,0.72,0,0.48,0.76,1.36,1.02,2.52,2.3,12.4,7.6,0.05,4.56,30.84,9.28,2.84,2.2,3.56,65,1.92,2.94,0.88,38,1.16,75,1.68,0,9.36,7.62,3.16,1.56,0.72,37.34,2.68,29,1.12,72,0.2,0.04,0,32.75,72,3.44,87,48,3.16,6.56,12,60,-12,49.61,5.64,0.27,0.3,26.99,97,4.38,7.44,1.6,1,0.6,0.04,0.88,1.88,0,40,0.72,32,0.08,35,57,8,38,56,6,22.86,19.49,0.9,102,-3.37,20.65,19.88,0,0,0,0,0,,0,0,,0,0,0,0,0,0,28,9,4.47,34,0.12,0.06,0.04,0.03,,0.25
Ignacio Mosquera,Deportivo Cuenca,Liga Pro,2026,928,Right Back,Ecuador,22,17/02/04,0,0,0.01,0.05,0.29,0,33,0,,0,0,0.05,0.48,0,0.04,0.39,0,0.01,0.1,0,0.06,0.78,-0.06,0.29,0.29,0,100,0.48,0,1.16,0.39,0.87,0.85,2.13,1.6,15.9,8.92,0.03,6.59,30.25,6.4,1.26,1.75,2.62,60,1.54,2.39,1.36,14,1.16,54,1.36,0.1,12.8,10.78,4.36,1.75,0.29,32.73,2.04,16,0.78,44,0.19,0,0,27.53,76,2.33,15,48,3.01,3.97,14,63,-13,48.91,2.62,0.11,0.12,24.14,94,3.9,4.46,0.78,0.39,0.39,0,0.68,1.07,0,13,0.1,10,0.1,28,58,14,28,65,7,20.97,21.02,0.88,88,0.05,18.5,18.51,0,0,0,0,0,,0,0,,0,0,0,0,0,0,24,9,3.52,27,0.07,0.05,0.03,-0.01,,0.14
Iván Alejandro Molinas,Delfin,Liga Pro,2026,385,Centre Attacking Midfielder,Argentina,29,04/04/97,0,0,0.04,0.03,1.64,0,43,3,,0.07,0,0.11,1.87,0,0,0.23,0,0.11,1.64,0,0.15,3.51,-0.15,1.17,0.47,0.7,40,1.87,0,0.47,2.1,0.7,0.4,0.47,0.2,14.49,4.67,0,3.51,49.62,4.67,2.1,0.93,1.64,57,0.82,1.22,1.87,50,0.7,33,0.7,0,11.68,8.96,2.8,3.51,0.93,49.57,5.14,44,2.1,60,0.47,0,0,19.86,63,2.57,8,42,0.47,6.08,17,70,7,56.82,3.51,0.2,0.22,20.1,94,6.97,4.21,3.27,0.7,2.57,0,0.93,1.64,0,21,0.7,38,0,20,73,7,33,67,0,23.6,14.15,0.95,107,-9.45,22.43,15.14,0,0,0,0,0,,0,0,,0,0,0,0,0,0,24,5,5.44,40,0.19,0.06,-0.01,-0.03,,0.21
Iván Zambrano,LDU Quito,Liga Pro,2026,586,Right Centre Midfielder,Ecuador,29,09/04/97,0,0,0.01,0.03,0.31,0,0,1,,0,0.15,0.12,0.92,0.15,0.12,0.92,0,0,0,0.15,0.13,1.23,0.02,0.31,0,0.31,0,0.61,0,1.07,1.38,1.23,1.32,0.31,0.2,11.98,6.3,0.02,4.45,47.45,5.68,2.15,1.23,2.46,100,1.44,2.76,0.77,,0,63,0.77,0,9.98,9.73,3.53,1.69,0.92,48.78,4.76,48,1.38,82,0.15,0,0,29.18,84,1.84,7,60,1.07,2.3,20,88,4,52.95,2.3,0.38,0.39,23.8,94,5.11,6.91,0.61,0.61,0,0.15,0.92,1.54,0,50,0.46,30,0.31,15,73,12,13,73,13,19.24,20.65,0.93,94,1.4,17.89,19.44,0,0,0,0,0,,0,0,,0,0,0,0,0,0,17,8,4.45,30,0.04,0.03,0.03,-0.01,,0.1
Iván Zambrano,Libertad,Liga Pro,2026,1613,Right Defensive Midfielder,Ecuador,29,09/04/97,0.17,0.17,0.19,0.16,1.17,14,43,2,,0.26,0.06,0.09,0.89,0.06,0.09,0.89,0,0,0,0.22,0.28,2.06,-0.06,0.73,0.56,0.17,77,0.89,0,1.12,1.12,0.67,0.54,1,0.79,14.79,7.7,0.02,5.36,45.04,7.37,3.29,0.89,1.56,64,0.9,1.44,0.89,27,0.5,46,1.23,0,13,10.78,4.13,2.79,1.06,48.09,5.58,43,1.9,68,0.22,0,0,25.11,81,1.23,17,63,1.4,1.56,27,82,0,52.95,3.07,0.24,0.39,21.54,91,6.69,6.64,0.45,0.45,0,0.11,2.68,3.13,0.06,13,0.11,40,0.17,16,73,11,15,78,7,17.81,15.68,0.97,104,-2.14,17.2,16.36,0,0,0,0,0,,0,0,,0,0,0,0,0,0,19,7,3.01,25,0,0.05,0.01,0.06,,0.12
J. Castillo,Mushuc Runa,Liga Pro,2026,1042,Left Centre Back,Ecuador,22,01/01/04,0,0,0.02,0.05,0.35,0,0,0,,0,0,0.01,0.43,0,0.01,0.43,0,0,0,0,0.03,0.78,-0.03,0.6,0.43,0.17,71,0.43,0,0.17,0.26,2.07,1.83,4.66,4.35,8.29,4.32,0.04,4.23,28.09,10.28,1.38,0.86,2.94,91,0.93,2.77,1.81,67,0.09,79,1.64,0,5.61,6.17,2.59,0.69,0.26,34.22,1.21,22,0.43,63,0.26,0,0,45.69,81,5.53,79,54,5.27,9.67,8,57,-24,35.77,3.54,0.25,0.27,36.11,99,4.75,3.97,0.26,0.17,0.09,0,0.6,0.78,0,0,0,0,0.09,31,64,5,52,41,7,25.69,21.1,0.9,91,-4.59,23.24,19.19,0,0,0,0,0,,0,0,,0,0,0,0,0,0,22,10,3.69,25,0.05,0.04,0.03,-0.02,,0.1
J.Chala Alomia,Manta FC,Liga Pro,2026,1198,Left Back,Ecuador,21,16/09/05,0,0,0.06,0.11,0.53,0,0,1,,0,0,0.05,0.45,0,0.05,0.38,0,0.01,0.08,0,0.11,0.98,-0.11,1.13,0.38,0.75,33,0.08,0,1.2,2.1,0.83,0.79,1.35,1.06,17.27,6.91,0,5.48,41.43,6.91,2.48,2.03,2.85,61,1.74,2.53,1.95,33,1.28,43,0.75,0,13.29,12.31,3.76,3.91,0.9,44.57,5.63,42,2.7,69,0.23,0,0,25.83,66,1.88,83,45,1.73,3.76,11,47,-19,52.18,3.45,0.13,0.17,22.61,88,4.87,5.18,0.98,0.45,0.53,0.15,1.43,1.88,0,31,0.45,14,0.15,32,58,10,36,49,14,20.51,15.29,0.93,113,-5.22,19.1,17.27,0,0,0,0,0,,0,0,,0,0,0,0,0,0,33,11,2.85,21,0.09,0.06,0.01,-0.03,,0.13
Jackson González,Mushuc Runa,Liga Pro,2026,802,Left Defensive Midfielder,Ecuador,27,28/06/99,0,0,0.02,0.02,0.9,0,13,1,,0,0.22,0.06,0.56,0.22,0.06,0.56,0,0,0,0.22,0.08,1.46,0.15,1.01,0.79,0.22,78,1.12,0,1.01,1.23,1.46,1.19,3.37,3.1,21.43,12,0.04,8.86,37.64,7.85,3.37,2.02,3.48,72,2.04,3.23,1.57,50,0.79,59,1.46,0,17.84,16.62,6.28,4.6,1.8,42.05,5.83,33,1.91,41,0.22,0.11,0,32.09,85,3.14,9,68,3.7,4.26,14,74,-10,46.03,4.6,0.23,0.25,27.6,93,4.19,5.39,0,0,0,0.11,0.79,0.79,0.11,,0.11,100,0.11,21,72,7,25,75,0,22.01,16.89,0.94,101,-5.13,20.62,17.09,0,0,0,0,0,,0,0,,0,0,0,0,0,0,15,6,3.72,31,0.01,0.06,0.07,-0.04,,0.1
Jackson Rodríguez,Libertad,Liga Pro,2026,2296,Left Back,Ecuador,28,06/10/98,0,0,0.03,0.1,0.35,0,44,1,,0.03,0.08,0.06,0.82,0.08,0.06,0.74,0,0,0.08,0.08,0.09,1.18,-0.01,0.59,0.31,0.27,53,0.94,0,0.51,1.29,0.86,0.7,2.43,2.02,9.64,4.59,0.01,3.1,27.59,6.31,1.88,1.14,2,78,1.06,1.76,1.21,64,0.31,51,0.71,0.04,7.45,5.94,1.84,0.98,0.24,32.08,1.41,19,0.43,44,0.24,0.04,0,27.59,76,2.98,83,51,3.45,4.78,14,70,-6,48.06,2.94,0.24,0.26,25.16,94,4.24,6.04,0.67,0.51,0.16,0.12,0.78,1.29,0,47,0.51,48,0.24,33,57,10,34,56,10,22.77,22.42,0.89,97,-0.35,20.28,21.68,0,0,0,0,0,,0,0,,0,0,0,0,0,0,26,10,3.68,28,0.09,0.05,0,0,,0.14
Jairo Jiménez,Macará,Liga Pro,2026,609,Right Centre Back,Ecuador,31,02/04/95,0.15,0.15,0.06,0.11,0.59,25,75,0,,0.13,0.15,0.04,0.44,0.15,0.04,0.44,0,0,0,0.3,0.1,1.04,0.19,0,0,0,,0.74,0,0,0.15,2.07,1.45,5.91,3.58,7.84,4.29,0.06,5.32,21.48,10.2,0.59,1.33,3.4,75,1.26,2.71,0.59,71,0.44,81,1.92,0,5.91,4.41,3.25,0.89,0.44,26.08,0.74,13,0.3,33,0.15,0,0,23.36,74,2.07,10,44,6.51,4.14,10,69,-5,30.25,0.44,0.27,0.34,13.9,99,3.33,0.44,0,0,0,0,1.04,1.04,0.15,,0,,0,35,62,3,67,33,0,26.3,22.73,0.89,96,-3.57,23.42,21.89,0,0,0,0,0,,0,0,,0,0,0,0,0,0,29,10,2.51,19,0.07,0,0.06,0.05,,0.18
Jandry Cuero,Barcelona,Liga Pro,2026,511,Right Midfielder,Ecuador,20,25/07/06,0.35,0.35,0.16,0.06,2.47,14,43,4,,0.35,0,0.09,0.7,0,0.09,0.7,0,0,0,0.35,0.25,3.17,0.1,1.59,1.06,0.53,67,1.76,0,2.11,2.64,0.35,0.4,0.53,0.31,16.92,7.4,0.04,2.82,54.48,5.46,3.35,1.23,1.59,64,1.27,1.66,1.94,20,0.7,50,1.06,0,13.75,14.41,2.47,1.59,0.53,54.9,7.93,58,1.06,67,0.53,0,0,24.14,82,2.11,81,86,0.7,2.29,20,83,0,62.45,3.7,0.49,0.56,28.37,86,5.6,10.57,0.7,0.35,0.35,0.35,3.17,3.52,0,0,0.18,25,0.7,16,71,13,12,77,12,19.29,13.77,1.02,110,-5.52,19.63,15.2,0,0,0,0,0,,0,0,,0,0,0,0,0,0,23,11,4.88,32,0.07,0.05,-0.09,0.09,,0.12
Janner Corozo,LDU Quito,Liga Pro,2026,1446,Right Centre Forward,Ecuador,31,07/09/95,0.25,0.25,0.34,0.13,2.55,10,17,5,,0.18,0,0.08,0.75,0,0.08,0.75,0,0,0,0.25,0.42,3.3,-0.17,1.24,0.62,0.62,50,0.81,0,2.36,3.42,0.31,0.26,0.25,0.08,16.92,6.6,0.02,3.61,62.39,4.23,2.3,0.68,1,73,0.76,1.02,1.43,20,0.25,43,1.43,0,14.81,15.01,3.24,4.11,0.62,63.98,10.89,74,3.36,82,0.12,0,0.06,18.11,66,0.62,24,53,0.37,1.06,23,56,-10,63.11,1.49,0.53,0.69,19.48,78,5.36,6.66,0.37,0.37,0,0.37,7.09,7.47,0.06,0,0.06,8,0.68,16,71,13,20,65,15,15.92,13.98,0.96,100,-1.94,15.21,13.98,0,0,0,0,0,,0,0,,0,0,0,0,0,0,28,12,3.48,23,-0.07,-0.02,-0.02,-0.09,,-0.2
Javier Báez,Barcelona,Liga Pro,2026,2623,Right Centre Back,Paraguay,36,08/04/90,0.03,0.03,0.05,0.08,0.58,6,6,0,,0.01,0,0.02,0.34,0,0.02,0.34,0,0,0,0.03,0.06,0.93,-0.03,0.07,0.07,0,100,0.38,0,0.21,0.31,1.06,1.1,3.95,3.73,4.32,2.02,0.03,3.05,23.29,9.78,2.06,0.48,1.54,74,0.54,1.64,0.17,17,0.17,64,2.16,0,3.67,4.15,1.78,0.65,0.21,31.82,0.62,17,0.34,53,0.07,0,0,43.79,84,8,6,65,4.84,11.32,8,58,-25,38.21,4.77,0.33,0.35,33.97,99,3.35,5.15,0.27,0.27,0,0.1,1.51,1.78,0,13,0.03,17,0.21,26,71,3,36,61,3,27.75,24.33,0.93,87,-3.41,25.76,21.25,0,0,0,0,0,,0,0,,0,0,0,0,0,0,18,6,4.21,29,0.09,0.02,0.09,-0.04,,0.17
Jawer Guisamano,Libertad,Liga Pro,2026,895,Left Midfielder,Ecuador,30,22/10/96,0.1,0.1,0.06,0.02,2.41,4,33,4,,0.05,0.2,0.11,1.11,0,0.06,0.7,0.2,0.05,0.4,0.3,0.17,3.52,0.13,2.41,1.41,1.01,58,2.01,0,2.01,2.52,0.8,0.63,0.4,0.23,12.37,6.24,0.01,4.02,47.15,6.34,2.92,0.4,1.21,44,0.34,0.98,0.4,29,0.5,25,0.3,0,11.57,9.01,3.32,2.31,0.7,48.38,5.23,45,1.71,74,0,0,0,28.37,67,1.21,14,23,0.6,5.03,19,73,6,60.87,5.03,0.2,0.28,32.39,86,6.22,10.66,2.01,1.41,0.6,0.1,1.71,3.12,0.1,10,0.3,17,0.1,20,67,13,20,68,12,21.19,16.43,0.83,97,-4.76,17.64,15.93,0,0,0,0,0,,0,0,,0,0,0,0,0,0,33,9,4.55,39,0.06,0.09,0.02,-0.06,,0.1
Jean Carlos Blanco,Manta FC,Liga Pro,2026,2045,Centre Forward,Colombia,34,05/04/92,0.18,0,0.14,0.13,1.1,0,16,2,100,0.03,0.04,0.08,0.84,0.04,0.08,0.84,0,0,0,0.04,0.22,1.94,-0.17,0.44,0.26,0.18,60,0.84,0,1.06,1.8,0.09,0.07,0.75,0.47,17.38,7.53,0,4.4,60.99,2.33,1.28,0.48,0.57,61,0.33,0.4,1.36,0,0.31,37,1.72,0,15.54,13.31,3.87,3.3,0.88,63.92,12.06,78,2.64,80,0.22,0,0,20.33,76,0.48,15,65,0.79,0.7,26,63,-13,59.14,1.58,0.17,0.3,17.03,88,3.34,6.69,0.62,0.62,0,0.26,3.74,4.36,0,14,0.09,50,0.4,14,67,19,14,70,15,14.74,12.85,1.01,101,-1.89,14.9,13.03,0,0,0,0,0,,0,0,,0,0,0,0,0,0,27,12,3.44,28,-0.04,-0.04,0,-0.08,,-0.15
Jean Estacio,Macará,Liga Pro,2026,1322,Right Defensive Midfielder,Ecuador,29,10/10/97,0,0,0.05,0.04,1.36,0,30,1,,0.05,0.14,0.05,1.5,0.14,0.04,1.23,0,0.01,0.27,0.14,0.1,2.86,0.04,0.68,0.41,0.27,60,0.95,0,1.16,1.7,1.23,1.08,0.89,0.84,24.86,13.48,0.01,6.81,41.58,9.33,3.95,2.18,3.4,73,1.91,2.99,1.7,8,0.82,43,0.82,0,21.04,18.47,5.45,3.61,0.82,43.29,7.49,36,2.86,79,0.27,0,0,36.57,81,2.25,27,53,1.36,3.75,16,71,-9,54.75,5.11,0.4,0.5,32.21,93,5.13,11.64,0.82,0.34,0.48,0,1.09,1.43,0,8,0.2,15,0.14,21,70,9,20,70,11,19.83,17.55,0.94,99,-2.28,18.73,17.33,0,0,0,0,0,,0,0,,0,0,0,0,0,0,20,8,4.93,32,0.02,0.06,0.02,-0.03,,0.07
Jefferson Intriago,Barcelona,Liga Pro,2026,1197,Right Defensive Midfielder,Ecuador,30,03/06/96,0,0,0.02,0.04,0.53,0,29,0,,0.03,0.08,0.04,0.75,0.08,0.04,0.68,0,0,0.08,0.08,0.06,1.28,0.01,0.53,0.3,0.23,57,1.73,0,0.75,0.9,0.45,0.62,1.2,1.37,15.49,8.95,0.02,5.26,41.77,8.8,5.26,1.58,2.03,60,1.86,2.48,1.58,28,1.05,50,0.6,0.08,12.48,13.95,3.84,2.56,0.75,43.69,5.11,41,1.65,65,0.3,0,0,52.42,91,4.81,13,75,1.96,5.64,11,82,-9,51.3,7.52,0.34,0.37,48.28,97,4.09,11.96,0.53,0.38,0.15,0.15,0.9,1.28,0,29,0.23,43,0.15,15,76,10,21,71,8,20.75,20.74,0.98,93,-0.01,20.29,19.31,0,0,0,0,0,,0,0,,0,0,0,0,0,0,12,6,5.46,40,0.04,0.08,0,-0.02,,0.1
Jefferson Nazareno,Manta FC,Liga Pro,2026,543,Right Centre Back,Ecuador,27,24/03/99,0,0,0.01,0.08,0.17,0,0,0,,0,0,0,0.17,0,0,0.17,0,0,0,0,0.02,0.33,-0.02,0.17,0.17,0,100,0.83,0,0.17,0.17,1.49,1.15,3.81,3.7,9.78,7.46,0.09,4.47,26.29,8.62,0.66,0.83,2.32,100,1,2.15,1.49,,0,70,2.32,0,7.62,8.45,2.49,1.49,0.5,33.49,1.66,22,0.99,67,0.33,0,0,31.49,78,2.82,17,40,4.81,6.13,14,66,-12,37.52,1.82,0.08,0.1,25.03,99,4,1.99,0.17,0.17,0,0,0.5,0.66,0,0,0,,0,36,64,1,67,33,0,24.99,25.46,0.85,90,0.46,21.26,23.02,0,0,0,0,0,,0,0,,0,0,0,0,0,0,25,7,2.14,16,0.04,0.04,0.11,-0.02,,0.17
Jefferson Stalin Arce Mina,Delfin,Liga Pro,2026,374,Left Midfielder,Ecuador,26,28/05/00,0.24,0.24,0.22,0.13,1.68,14,43,3,,0.28,0.24,0.1,1.2,0.24,0.08,0.72,0,0.02,0.48,0.48,0.32,2.89,0.16,2.65,1.68,0.96,64,1.2,0,1.92,4.09,2.16,2.16,0,0,23.09,9.86,0.02,5.53,46.82,7.94,4.33,2.41,4.57,91,2.7,4.86,3.13,75,0.24,41,1.68,0,18.04,18.06,5.53,4.09,1.44,46.93,6.98,39,2.89,71,0.24,0,0,26.94,65,0.96,14,33,0.24,2.65,21,58,-7,60.56,1.92,0.37,0.58,27.42,82,6,7.94,0.96,0.72,0.24,0.24,3.61,4.33,0,50,0.48,40,0.24,21,69,10,9,85,6,18.96,15.19,0.9,109,-3.77,17.09,16.58,0,0,0,0,0,,0,0,,0,0,0,0,0,0,27,6,3.66,28,0.07,0.01,0.04,0.09,,0.21
Jefferson Troya,Manta FC,Liga Pro,2026,1390,Left Midfielder,Ecuador,25,01/04/01,0,0,0.06,0.06,1.04,0,38,1,,0.01,0.13,0.05,0.97,0.13,0.05,0.91,0,0,0.06,0.13,0.11,2.01,0.02,1.62,0.58,1.04,36,1.94,0,1.81,2.4,1.17,0.99,1.1,0.93,15.47,8.55,0.02,4.53,38.77,9.39,3.43,2.01,3.17,79,1.44,2.42,1.1,53,0.52,47,0.91,0,12.43,7.95,3.43,2.07,0.52,41.66,3.82,31,1.36,66,0.19,0,0,30.23,67,2.52,16,44,2.2,4.66,16,51,-16,53.82,3.43,0.29,0.36,30.49,88,6.98,8.22,1.36,1.29,0.06,0.06,1.88,3.17,0,48,0.84,25,0.06,24,62,14,22,60,18,20.59,20.82,0.89,79,0.24,18.31,16.44,0,0,0,0,0,,0,0,,0,0,0,0,0,0,29,7,3.46,34,0.04,0.05,0.06,-0.05,,0.1
Jefferson Valverde,Emelec,Liga Pro,2026,501,Left Defensive Midfielder,Ecuador,27,03/05/99,0,0,0,0.01,0.18,0,0,0,,0,0,0.01,0.18,0,0.01,0.18,0,0,0,0,0.02,0.36,-0.02,0.18,0.18,0,100,0.9,0,0.18,0.54,0.9,0.58,1.62,1.32,14.36,9.52,0,3.41,36.67,9.16,2.69,1.44,2.33,67,1.21,1.79,1.44,40,0.72,63,0.9,0,11.49,8.21,3.23,2.51,0.36,39.56,3.23,28,1.26,50,0.18,0,0,38.6,87,2.15,15,55,2.33,3.23,17,76,-11,45.18,3.41,0.42,0.42,31.06,98,3.82,5.03,0.72,0.72,0,0,0,0.72,0.18,25,0.18,50,0,18,77,5,18,82,0,20.73,21.14,0.94,91,0.41,19.4,19.26,0,0,0,0,0,,0,0,,0,0,0,0,0,0,17,9,3.91,30,0.07,0.04,0.02,0,,0.13
Jefferson Valverde,Delfin,Liga Pro,2026,1865,Centre Defensive Midfielder,Ecuador,27,03/05/99,0,0,0.01,0.02,0.34,0,14,0,,0,0,0.01,0.53,0,0.01,0.48,0,0,0.05,0,0.02,0.87,-0.02,0.43,0.24,0.19,56,0.39,0,0.87,0.48,1.64,1.15,2.12,1.43,12.16,5.69,0.03,4.58,33.75,10.52,4.63,1.83,3.47,88,1.13,2.29,0.63,69,0.24,50,1.06,0,9.7,5.84,3.43,2.08,0.82,37.09,2.27,23,0.97,47,0.14,0,0,34.02,80,4.3,12,60,2.94,6.37,15,78,-2,44.31,3.04,0.25,0.25,26.35,95,4.55,4.1,0.48,0.34,0.14,0.05,0.19,0.53,0.05,20,0.14,27,0.05,20,73,7,25,73,2,24.28,22.46,0.93,90,-1.82,22.56,20.3,0,0,0,0,0,,0,0,,0,0,0,0,0,0,18,7,3.44,28,-0.01,0.05,0.05,-0.01,,0.08
Jefferson Wila,Barcelona,Liga Pro,2026,1116,Left Wing,Ecuador,20,26/07/06,0.16,0.16,0.14,0.06,2.58,6,44,5,,0.27,0,0.11,1.21,0,0.11,1.21,0,0,0,0.16,0.25,3.79,-0.09,2.18,1.37,0.81,63,0.97,0.08,2.02,2.58,0.48,0.33,0.24,0.21,9.84,5,0.01,3.14,51.93,5.4,3.47,0.64,1.13,53,0.85,1.18,0.64,13,0.56,35,0.64,0,8.55,10.82,2.66,1.69,0.4,53.62,4.6,54,1.61,95,0,0,0,24.27,79,1.13,15,67,0.4,1.53,20,76,-2,64.91,3.63,0.45,0.58,28.46,86,7.75,10.8,1.45,1.37,0.08,0.4,4.84,6.21,0.08,22,0.48,32,0.56,12,71,17,12,69,19,17.06,14.06,0.99,100,-3,16.94,14.09,0,0,0,0,0,,0,0,,0,0,0,0,0,0,27,11,5.22,31,0.04,0.13,-0.01,-0.06,,0.1
Jeison Chalá,Macará,Liga Pro,2026,402,Right Wing,Ecuador,32,07/12/94,0,0,0.31,0.2,1.57,0,71,2,,0.6,0.22,0.31,1.57,0.22,0.31,1.57,0,0,0,0.22,0.63,3.13,-0.4,1.79,1.12,0.67,63,2.46,0,0.67,2.02,0.45,0.55,0.9,0.76,8.73,3.58,0,3.36,46.11,7.17,4.25,0.67,1.12,100,0.56,1.11,0.22,100,0,67,2.24,0.22,7.84,7.07,2.69,2.46,1.12,52.16,4.48,57,2.02,82,0,0,0,29.56,75,0.67,14,43,0.9,1.57,15,76,1,58.1,4.48,0.33,0.67,26.87,92,6.86,10.97,0.9,0.9,0,0,4.25,5.15,0.22,50,0.45,18,0,21,64,15,18,65,16,16.36,12.16,0.98,103,-4.2,16.03,12.47,0,0,0,0,0,,0,0,,0,0,0,0,0,0,28,10,3.83,27,0.12,0.12,0.01,0.35,,0.61
Jeison Medina,LDU Quito,Liga Pro,2026,545,Right Centre Forward,Colombia,31,26/02/95,0,0,0.32,0.18,1.82,0,27,3,0,0.19,0,0.07,1.49,0,0.07,1.49,0,0,0,0,0.39,3.3,-0.39,0.99,0.66,0.33,67,1.32,0,1.82,1.49,0.17,0.27,0.33,0.25,11.89,5.62,0,2.15,61.05,3.47,2.64,0.5,0.66,75,0.57,0.84,1.32,0,0.17,20,0.5,0,10.08,11.23,1.98,2.31,0.66,62.03,7.93,79,1.98,86,0.17,0,0,22.3,81,1.98,21,71,0.33,2.81,15,86,5,61.57,3.47,0.59,0.72,23.46,88,7.31,7.76,0.66,0.66,0,0.33,5.78,6.44,0,25,0.17,50,1.16,12,68,20,15,55,30,18.86,13.98,0.93,94,-4.87,17.52,13.16,0,0,0,0,0,,0,0,,0,0,0,0,0,0,20,7,4.39,24,-0.06,0.06,0.01,-0.07,,-0.06
Jeremy Chacón,Deportivo Cuenca,Liga Pro,2026,769,Right Centre Midfielder,Ecuador,23,10/03/03,0,0,0.06,0.24,0.23,0,50,0,,0.06,0.12,0.08,1.29,0.12,0.05,0.94,0,0.03,0.35,0.12,0.14,1.52,-0.02,1.17,0.59,0.59,50,2.11,0,1.41,1.05,0.82,0.98,1.76,1.68,18.85,10.3,0.02,7.49,39.39,8.55,3.86,1.99,2.81,61,1.99,2.97,1.05,33,1.29,57,0.94,0,15.93,14.95,5.39,3.04,0.82,41.78,5.39,34,2.22,73,0.23,0,0,37.47,85,2.93,5,78,2.58,2.93,14,76,-9,52.49,4.92,0.36,0.39,34.66,94,4.78,8.9,0.82,0.47,0.35,0,0.7,1.17,0.12,43,0.35,60,0,19,67,13,22,67,11,18.66,19.19,1.01,94,0.54,18.84,18.09,0,0,0,0,0,,0,0,,0,0,0,0,0,0,17,9,5.26,33,0.07,0.1,0.02,0.06,,0.25
Jeremy Mejía,Deportivo Cuenca,Liga Pro,2026,417,Left Midfielder,Ecuador,20,29/08/06,0,0,0.44,0.12,3.67,0,29,4,,0.23,0.22,0.15,1.29,0.22,0.08,0.86,0,0.07,0.43,0.22,0.59,4.96,-0.37,2.8,1.73,1.08,62,1.73,0,3.23,4.31,0.22,0.31,0.65,0.89,21.56,11.86,0.02,6.04,44.75,10.57,6.04,2.37,2.59,41,2.56,2.87,2.59,11,3.45,44,0.86,0,16.6,15.23,4.74,4.1,1.51,46.6,7.55,45,3.45,84,0.22,0,0.22,31.48,70,3.67,12,61,1.29,5.39,18,64,-6,58.51,4.53,0.27,0.63,37.09,83,6.26,9.7,1.29,0.86,0.43,0.22,2.8,3.67,0.22,17,0.43,50,0.22,23,69,8,22,67,11,22,18.22,0.91,85,-3.79,19.95,15.55,0,0,0,0,0,,0,0,,0,0,0,0,0,0,23,7,5.18,33,0.13,0.12,0.05,-0.25,,0.05
Jerónimo Cacciabue,Universidad Católica,Liga Pro,2026,1773,Left Defensive Midfielder,Argentina,28,23/01/98,0,0,0.02,0.03,0.66,0,38,1,,0.01,0,0.02,0.46,0,0.02,0.46,0,0,0,0,0.04,1.12,-0.04,0.25,0.25,0,100,0.41,0,0.2,0.41,0.81,1,1.12,1.49,11.32,6.14,0.01,4.21,40.82,8.88,4.11,1.22,2.03,51,1.76,2.76,0.76,24,1.17,33,0.25,0,9.34,13.16,3.35,2.39,0.96,43.33,3.6,39,1.07,45,0.1,0,0,61.53,90,7.31,6,81,1.83,8.33,12,84,-6,49.26,9.29,0.54,0.56,49.35,99,3.68,12.23,0.41,0.41,0,0.05,0.05,0.46,0.15,0,0,0,0.05,18,73,8,29,69,2,21.84,18.78,0.98,99,-3.06,21.33,18.64,0,0,0,0,0,,0,0,,0,0,0,0,0,0,12,6,6.4,36,0.04,0.05,0.04,-0.01,,0.11
Jesús Pretell,LDU Quito,Liga Pro,2026,2154,Centre Defensive Midfielder,Peru,27,25/03/99,0.04,0.04,0.04,0.04,1,4,21,1,,0.03,0.04,0.04,0.84,0.04,0.04,0.84,0,0,0,0.08,0.07,1.84,0.01,0.13,0.13,0,100,1,0,0.54,0.67,0.84,0.77,1.09,1.32,21.36,11.58,0.03,6.52,42.68,10.66,5.1,2.8,3.64,79,3.27,4.04,2.13,53,0.75,53,0.79,0.04,16.42,17.23,5.18,3.84,1.17,44.64,6.14,37,2.3,60,0.25,0,0,42.46,85,4.68,18,70,1.67,6.14,15,77,-8,48.37,6.31,0.41,0.43,35.4,98,5.15,9.74,0.59,0.54,0.04,0,0.25,0.79,0.13,14,0.08,29,0,19,73,9,23,73,4,22.33,18.43,0.97,106,-3.9,21.69,19.49,0,0,0,0,0,,0,0,,0,0,0,0,0,0,15,6,5.47,36,0.04,0.08,0.05,-0.03,,0.14
Jhegson Méndez,Independiente del Valle,Liga Pro,2026,1921,Centre Defensive Midfielder,Ecuador,29,25/04/97,0,0,0.03,0.05,0.61,0,23,0,0,0.01,0.09,0.06,1.5,0.05,0.02,0.8,0.05,0.04,0.7,0.09,0.09,2.11,0.01,0.47,0.33,0.14,70,0.52,0,0.61,1.03,0.61,0.6,1.26,1.17,13.12,6.79,0.02,5.95,36.71,10.07,4.26,1.73,2.34,84,1.88,2.48,1.36,50,0.33,47,0.42,0.05,10.02,10.83,4.59,2.48,1.41,39.24,2.48,25,1.36,55,0.28,0,0,46.04,87,5.39,9,68,1.5,7.68,11,88,0,48.35,6.93,0.64,0.65,36.91,97,3.7,8.81,1.26,0.28,0.98,0,0.09,0.37,0,7,0.09,18,0.05,16,76,8,22,76,2,22.47,16.13,0.95,100,-6.35,21.46,16.1,0,0,0,0,0,,0,0,,0,0,0,0,0,0,13,5,7.07,40,0.02,0.06,0.06,-0.02,,0.12
Jhon Chancellor,Universidad Católica,Liga Pro,2026,2708,Left Centre Back,Venezuela,34,01/01/92,0.07,0.07,0.07,0.13,0.53,13,19,0,,0.08,0.07,0.02,0.27,0.07,0.02,0.27,0,0,0,0.13,0.09,0.8,0.04,0.13,0.1,0.03,75,0.1,0,0.2,0.1,0.3,0.4,3.39,4.49,5.45,2.79,0.07,2.96,24.07,8.47,1.26,0.56,0.86,57,0.77,1.17,0.56,25,0.43,75,2.13,0.07,4.35,5.71,1.69,0.56,0.23,29.77,0.66,15,0.2,35,0.07,0,0,45.79,91,4.12,39,74,4.09,4.85,10,80,-11,36.76,3.19,0.4,0.45,38.55,99,5.09,3.49,0.17,0.17,0,0,1.26,1.43,0.1,0,0,,0.03,27,71,2,43,55,2,22.7,22.59,0.97,97,-0.11,22,21.84,0,0,0,0,0,,0,0,,0,0,0,0,0,0,11,6,3.69,22,0.06,0.06,0.02,0,,0.14
Jhon Espinoza,Independiente del Valle,Liga Pro,2026,1297,Right Back,Ecuador,27,23/02/99,0,0,0.07,0.05,1.39,0,10,1,,0.03,0.07,0.07,0.83,0.07,0.06,0.76,0,0,0.07,0.07,0.14,2.22,-0.07,0.76,0.35,0.42,45,0.56,0,0.42,1.32,0.69,0.79,2.01,2.18,10.76,4.65,0.03,4.93,36.24,5.55,2.15,1.18,1.87,63,1.39,2.18,0.97,56,0.69,57,1.11,0,8.61,9.9,3.12,2.08,0.97,39.9,2.5,29,1.18,57,0.28,0,0,36.3,81,4.09,16,60,3.12,5.76,12,68,-13,48.47,4.79,0.62,0.77,33.1,96,3.81,7.22,1.04,0.97,0.07,0.21,1.94,2.91,0.07,53,0.69,38,0.28,24,63,13,29,65,6,21.9,23.77,0.92,96,1.87,20.14,22.92,0,0,0,0,0,,0,0,,0,0,0,0,0,0,23,12,5.39,27,0.13,0.06,0.03,-0.07,,0.15
Jhonnier Chalá,Barcelona,Liga Pro,2026,437,Right Centre Back,Ecuador,26,03/05/00,0.21,0.21,0.09,0.11,0.82,25,50,0,,0.2,0,0,0.41,0,0,0.41,0,0,0,0.21,0.09,1.24,0.11,0,0,0,,1.85,0,0,0,0.62,0.28,3.09,2.57,9.47,3.5,0.12,2.47,23.16,8.24,2.06,1.44,2.06,88,1.53,1.81,2.27,100,0.21,56,1.03,0,5.77,5.93,1.24,0.62,0,26.66,0.82,14,0.41,67,0.62,0,0,37.07,88,4.94,13,75,3.71,5.97,10,72,-16,39.79,3.3,0.15,0.25,29.66,100,4.38,3.5,0,0,0,0,1.65,1.65,0,,0,,0,22,75,3,47,53,0,27,28.64,0.95,82,1.64,25.64,23.41,0,0,0,0,0,,0,0,,0,0,0,0,0,0,15,5,3.21,23,0.04,0.03,0.1,0.08,,0.25
Jhonny Quiñónez,Barcelona,Liga Pro,2026,1604,Left Centre Midfielder,Ecuador,28,10/06/98,0.28,0.11,0.13,0.08,1.68,7,20,2,75,0.1,0.11,0.11,1.57,0.11,0.11,1.51,0,0,0.06,0.22,0.24,3.25,-0.02,0.84,0.28,0.56,33,0.56,0,1.12,1.68,0.73,0.75,0.84,0.92,20.47,9.54,0.02,5.72,47.94,8.86,4.94,1.57,2.3,68,1.66,2.41,1.91,33,0.73,47,1.12,0.17,17,17.27,4.88,4.09,1.63,50.09,8.98,53,2.75,67,0.45,0,0,36.91,76,3.76,16,64,1.46,5.22,19,69,-7,55.52,6.68,0.45,0.5,30.68,92,5.07,12.45,1.85,1.74,0.11,0.11,2.8,4.54,0.17,9,0.34,30,0.17,26,67,7,24,69,6,21.53,19.44,0.97,97,-2.09,20.79,18.95,0,0,0,0,0,,0,0,,0,0,0,0,0,0,25,9,5.11,34,0.08,0.07,0.05,-0.06,,0.14
Joaquín Azzem Vergés Collazo,Manta FC,Liga Pro,2026,691,Centre Attacking Midfielder,Uruguay,34,31/05/92,0.26,0.26,0.15,0.05,2.73,10,29,3,,0.07,0,0.05,1.17,0,0.03,0.78,0,0.03,0.39,0.26,0.2,3.91,0.06,0.91,0.52,0.39,57,1.3,0,1.69,2.08,0.39,0.49,0,0,17.06,8.2,0,5.08,47.16,6.25,3.26,2.47,2.86,66,2.04,2.54,1.3,36,1.3,25,0.65,0,13.28,10.27,4.04,3.52,0.78,46.17,5.47,41,1.95,56,0,0,0,34.11,70,4.3,13,46,0.39,8.85,12,78,8,56.91,5.6,0.31,0.39,32.55,90,4.41,11.07,1.17,0.65,0.52,0.13,1.95,2.6,0,22,0.26,13,0.13,20,71,9,20,75,5,23.42,17.71,0.88,97,-5.72,20.67,17.18,0,0,0,0,0,,0,0,,0,0,0,0,0,0,26,7,5.04,47,-0.04,0.03,0.02,-0.01,,0
Johan Lara,Universidad Católica,Liga Pro,2026,1417,Goalkeeper,Ecuador,27,27/02/99,0,0,0,,0,,,0,,0,0,0,0.13,0,0,0.06,0,0,0.06,0,0,0.13,0,0,0,0,,0,0,0,0,0,0,0.06,0.07,0,0,0,6.92,3.05,3.49,0.06,0,0,,0,0,0,,0,,0,0.06,0,0,0,0,0,,0,,0,,0,0,0,16.83,78,4.95,9,48,2.6,7.68,16,63,-16,10.74,0.76,0.09,0.09,15.24,100,4.13,0.19,0.13,0,0.13,0,0,0,0,0,0,,0,31,69,0,100,0,0,36.84,46.08,0.76,73,9.24,27.89,33.58,0.89,0.79,-0.1,72,75,-3,0.89,3.17,30,10.41,2,0,0,19.23,-2,14,3,1.39,8,0.07,0.05,0,,-0.2,-0.08
Johan Montes,Técnico Universitario,Liga Pro,2026,761,Centre Forward,Colombia,29,20/02/97,0,0,0.32,0.1,3.07,0,46,7,,0.27,0,0,0.71,0,0,0.59,0,0,0.12,0,0.32,3.78,-0.32,0.59,0.47,0.12,80,2.25,0,1.77,3.78,0.47,0.34,0.35,0.17,26.49,11.47,0.01,6.27,59.38,2.6,1.66,0.35,0.83,50,0.28,0.62,2.25,0,0.35,41,2.13,0,23.89,17.63,5.56,3.43,0.83,60.4,16.67,70,2.96,86,0.12,0,0,12.77,74,0.59,19,83,0.35,0.71,31,56,-17,60.93,0.83,0.29,0.46,15.49,72,3.75,4.14,0.35,0.24,0.12,0.12,4.97,5.2,0,33,0.12,100,0.24,12,64,24,6,71,23,14.63,12.99,1,98,-1.64,14.59,12.7,0,0,0,0,0,,0,0,,0,0,0,0,0,0,24,5,2.06,15,-0.04,0,0.02,-0.05,,-0.06
Johan Steven Bocanegra Mora,Técnico Universitario,Liga Pro,2026,2146,Right Wing,Colombia,28,19/10/98,0.13,0.08,0.07,0.03,2.06,4,29,2,100,0.11,0.17,0.12,1.72,0.13,0.08,1.22,0.04,0.04,0.5,0.25,0.19,3.77,0.06,1.05,0.8,0.25,76,1.8,0,2.1,2.31,0.17,0.07,0.71,0.45,19.25,9.44,0,3.98,55.45,5.37,3.06,1.01,1.17,53,0.74,0.81,1.43,24,0.88,34,0.71,0,16.82,11.27,3.31,3.1,0.63,57.46,10.74,64,2.31,74,0.17,0,0.04,27.09,74,2.1,86,48,1.05,4.07,18,74,0,61.14,4.99,0.25,0.3,29.15,88,4.71,10.74,1.47,0.75,0.71,0.21,2.22,2.98,0.17,20,0.38,39,0.38,18,67,14,24,66,10,20.25,16.14,0.91,95,-4.11,18.5,15.37,0,0,0,0,0,,0,0,,0,0,0,0,0,0,22,7,5.52,38,0.05,0.03,0.01,-0.04,,0.06
John Jairo Ontaneda Campos,Aucas,Liga Pro,2026,1649,Left Centre Back,Ecuador,30,01/06/96,0,0,0.06,0.13,0.44,0,25,0,,0.02,0,0,0.05,0,0,0.05,0,0,0,0,0.06,0.49,-0.06,0.49,0.33,0.16,67,0.16,0,0.22,0.27,0.98,1.27,3.71,4.8,8.73,4.37,0.09,4.64,24.65,9.93,0.87,1.75,2.73,84,2.21,3.48,0.71,58,0.33,55,1.64,0,6.28,8.19,2.84,0.49,0.11,29.21,1.04,17,0.33,67,0.33,0,0,48.3,91,4.42,31,74,4.15,5.57,6,68,-23,37.29,3.55,0.42,0.51,39.95,99,5.99,4.26,0.11,0.11,0,0,0.93,1.04,0.05,50,0.05,50,0,20,77,3,28,69,3,22.37,22.76,0.97,94,0.39,21.62,21.42,0,0,0,0,0,,0,0,,0,0,0,0,0,0,9,4,4.07,26,0.06,0.07,0.08,-0.02,,0.19
Jonathan Alexis Majao Aguayo,Técnico Universitario,Liga Pro,2026,2021,Left Defensive Midfielder,Ecuador,24,18/12/02,0.04,0.04,0.02,0.03,0.71,6,38,1,,0.02,0,0.03,0.8,0,0.03,0.8,0,0,0,0.04,0.06,1.51,-0.01,0.85,0.76,0.09,89,1.02,0,1.11,0.45,1.07,0.84,1.51,0.99,15.41,7.79,0.02,4.9,39.11,7.44,3.34,1.47,2.54,75,1.23,2.07,1.2,47,0.49,48,0.67,0,12.78,9.01,3.7,2.98,1.07,42.16,4.14,32,1.69,57,0.22,0,0,31.18,85,1.51,14,55,1.87,2.4,16,75,-10,46.53,2.85,0.25,0.26,27.61,95,4.3,4.68,0.45,0.45,0,0,0.89,1.34,0.04,20,0.09,29,0.04,19,73,8,25,67,9,18.5,16.65,0.96,100,-1.85,17.75,16.71,0,0,0,0,0,,0,0,,0,0,0,0,0,0,15,7,3.8,27,0,0.06,0.02,-0.02,,0.06
Jonathan Morocho,Delfin,Liga Pro,2026,1098,Left Defensive Midfielder,Ecuador,25,15/10/01,0,0,0.09,0.11,0.82,0,20,1,,0.12,0.16,0.07,0.41,0.16,0.07,0.41,0,0,0,0.16,0.16,1.23,0.01,0.25,0.25,0,100,1.39,0,0.49,0.49,1.56,1.37,1.64,0.9,20.32,10.49,0.01,6.14,43.48,8.27,4.26,1.39,2.95,59,0.94,2.31,2.54,14,0.98,63,0.98,0,16.39,10.94,4.67,3.6,1.15,45.95,6.64,41,1.97,55,0.41,0,0,24.5,80,2.29,87,70,2.21,2.7,24,77,-4,49.74,2.46,0.33,0.36,19.34,95,5.32,4.75,0.41,0.41,0,0,0.74,1.15,0.08,20,0.16,50,0,16,70,14,22,64,14,20.42,17.98,0.97,98,-2.45,19.9,17.64,0,0,0,0,0,,0,0,,0,0,0,0,0,0,24,12,2.53,25,-0.01,0.05,0.03,0.01,,0.09
Jonathan Ordóñez,Guayaquil City,Liga Pro,2026,581,Left Wing Back,Ecuador,25,07/02/01,0,0,0.03,0.03,0.93,0,67,0,,0.04,0,0.05,0.31,0,0.05,0.31,0,0,0,0,0.08,1.24,-0.08,0.93,0.77,0.15,83,2.01,0,0.77,1.7,0.77,0.88,0.93,1.02,10.69,6.04,0,3.87,40.09,5.42,2.79,1.7,2.48,85,2.09,2.98,0.77,33,0.31,40,0.62,0,8.21,9.07,3.1,1.55,0.62,42.59,3.25,40,1.39,90,0,0,0,30.98,79,2.01,74,62,1.39,2.79,18,78,-1,51.48,3.1,0.23,0.23,30.98,95,4.79,6.97,0.62,0.46,0.15,0,0.15,0.62,0.15,25,0.15,8,0,17,67,16,22,62,16,18,16.13,0.95,98,-1.87,17.14,15.84,0,0,0,0,0,,0,0,,0,0,0,0,0,0,29,12,3.11,29,0.05,0.06,0.03,-0.02,,0.12
Jonathan Perlaza,Barcelona,Liga Pro,2026,1518,Left Back,Ecuador,29,12/09/97,0,0,0.01,0.03,0.47,0,25,0,,0,0.06,0.14,1.19,0.06,0.14,1.13,0,0,0.06,0.06,0.16,1.66,-0.1,0.65,0.47,0.18,73,1.07,0,0.65,0.65,0.83,0.88,2.37,2.7,10.85,5.1,0.01,4.8,28.69,7.12,2.43,1.72,2.55,66,1.91,2.79,0.47,43,0.89,58,0.65,0,8.66,9.28,3.26,1.54,0.53,31.41,1.6,18,0.83,54,0,0,0,34.75,76,2.25,87,40,3.02,4.92,11,64,-13,52.79,3.91,0.21,0.37,30.06,96,3.61,9.01,1.25,1.13,0.12,0.24,1.01,2.13,0,62,1.07,35,0.24,22,66,12,21,66,13,20.66,18.16,0.9,104,-2.51,18.53,18.79,0,0,0,0,0,,0,0,,0,0,0,0,0,0,24,10,5.05,33,0.14,0.05,0.05,-0.01,,0.23
Jonathan Ronaldo Arroyo,Leones del Norte,Liga Pro,2026,1792,Right Back,Ecuador,24,09/10/02,0,0,0.04,0.05,0.8,0,31,1,,0.03,0.15,0.07,1.05,0.15,0.07,1,0,0,0.05,0.15,0.12,1.86,0.04,0.3,0.1,0.2,33,1.41,0,1.05,1.16,0.9,0.76,2.11,1.44,17.23,8.39,0.01,5.93,37.09,6.33,2.51,2.56,3.47,81,2.25,3,1.91,52,0.6,59,0.85,0,12.81,10.53,4.32,2.01,0.7,39.42,4.07,32,1.41,70,0.35,0,0,23.46,72,1.56,8,42,2.31,3.52,12,57,-15,50.01,3.67,0.15,0.23,21.9,91,4.62,5.47,1.31,0.9,0.4,0.15,1.96,2.86,0,31,0.75,35,0.25,31,62,7,23,65,12,20.43,14.97,0.9,119,-5.45,18.34,17.86,0,0,0,0,0,,0,0,,0,0,0,0,0,0,29,13,4.22,29,0.13,0.05,0.02,-0.05,,0.15
Jonnathan Mina,Barcelona,Liga Pro,2026,392,Left Back,Ecuador,31,27/03/95,0,0,0,0.01,0.23,0,0,0,,0,0,0.12,1.83,0,0.12,1.83,0,0,0,0,0.13,2.06,-0.13,0.46,0.46,0,100,0,0,0.92,0.69,0.46,0.26,2.52,2.6,9.63,4.13,0.02,3.44,32.56,7.8,3.67,0.69,1.15,60,0.83,1.09,1.38,33,0.46,42,1.15,0.23,7.57,8.6,2.52,1.61,0.69,41.03,2.75,36,1.61,100,0.23,0,0,47.7,80,3.9,92,53,2.75,7.11,6,79,-2,57.48,5.96,0.54,0.56,42.65,96,4.59,17.43,3.21,2.52,0.69,0,0,2.52,0,50,1.61,35,0.23,15,77,8,11,78,12,21.17,15.83,0.92,109,-5.34,19.56,17.19,0,0,0,0,0,,0,0,,0,0,0,0,0,0,20,7,6.05,42,0.13,0.09,-0.04,-0.01,,0.18
Jordan Morán,Leones del Norte,Liga Pro,2026,2566,Right Centre Back,Ecuador,24,16/03/02,0,0,0.01,0.11,0.07,0,0,0,,0,0,0,0.21,0,0,0.21,0,0,0,0,0.01,0.28,-0.01,0.7,0.53,0.18,75,0.32,0,0.28,0.7,1.54,1.19,3.37,2.52,10.52,5.79,0.04,5.09,23.79,8,1.09,1.82,3.37,74,1.6,2.79,0.95,52,0.63,43,0.7,0.04,7.79,6.5,3.26,1.12,0.6,27.64,1.05,14,0.42,38,0.32,0,0,31.01,84,3.02,9,61,3.79,4.52,10,74,-11,36.76,1.72,0.18,0.18,25.74,97,6.34,2,0.11,0.11,0,0,0.14,0.25,0,0,0,0,0,33,64,3,56,42,2,22.72,21.16,0.93,91,-1.56,21.23,19.28,0,0,0,0,0,,0,0,,0,0,0,0,0,0,20,10,2.8,22,0.03,0.06,0.09,-0.01,,0.18
Jordy Alcívar,Independiente del Valle,Liga Pro,2026,879,Centre Defensive Midfielder,Ecuador,27,04/08/99,0,0,0.03,0.02,1.43,0,14,1,,0.02,0.1,0.02,1.23,0.1,0.02,1.23,0,0,0,0.1,0.05,2.66,0.05,0.82,0.61,0.2,75,0.92,0,1.02,0.72,0.72,0.82,0.72,0.81,9.42,5.84,0,3.18,43.33,12.19,5.84,1.02,1.74,83,1.38,2.2,0.31,50,0.2,80,0.41,0.1,8.09,11.37,2.77,2.46,0.41,45.08,2.87,35,0.82,33,0.1,0,0.1,60.74,92,6.45,7,79,1.33,7.58,15,89,-3,48.83,7.78,0.74,0.75,50.7,97,4.31,11.57,1.13,1.13,0,0,0.2,1.33,0.2,0,0,,0.1,14,76,10,22,74,4,21.88,18.79,0.98,104,-3.09,21.34,19.6,0,0,0,0,0,,0,0,,0,0,0,0,0,0,11,6,7.85,37,-0.02,0.11,0.02,-0.04,,0.07
Jordy Ortiz,Orense,Liga Pro,2026,705,Goalkeeper,Ecuador,23,02/06/03,0,0,0,,0,,,0,,0,0,0,0,0,0,0,0,0,0,0,0,0,0,0,0,0,,0,0,0,0,0,0,0,0,0.26,0.13,0,7.27,2.45,2.55,0,0,0,,0,0,0.13,100,0,,0,0,0.13,0.19,0.13,0,0,11.82,0,0,0,,0.13,0,0,13.27,68,3.96,69,39,1.79,8.42,14,57,-12,11.42,0.89,0.02,0.02,12.25,100,4.63,0.38,0,0,0,0,0,0,0,,0,,0,51,48,1,100,0,0,38.38,40.7,0.72,70,2.32,27.75,28.68,1.53,1.61,0.08,61,59,2,1.43,3.96,38,10.46,1.89,0,0,20.58,-2,23,1,0.74,6,0.06,0.03,0,,-0.09,0.01
Jordán Mohor,Macará,Liga Pro,2026,913,Left Back,Ecuador,26,11/12/00,0.1,0.1,0.1,0.15,0.69,14,14,0,,0.1,0,0.09,0.79,0,0.09,0.79,0,0,0,0.1,0.19,1.48,-0.09,1.08,0.59,0.49,55,0.59,0,1.18,1.38,0.59,0.59,1.38,0.97,20.61,11.64,0,7.3,41.22,7.2,2.76,3.55,4.14,80,3.32,3.91,1.68,55,0.89,50,0.89,0,15.48,13.58,5.72,3.25,1.38,42.59,6.51,42,2.27,70,0.1,0,0,31.46,76,1.18,57,32,2.07,2.96,17,64,-12,56.13,6.11,0.57,0.65,30.96,92,5.68,10.26,0.99,0.69,0.3,0.1,1.58,2.27,0,50,0.59,27,0.1,31,59,11,32,50,18,18.2,17.72,0.91,92,-0.48,16.55,16.39,0,0,0,0,0,,0,0,,0,0,0,0,0,0,24,7,5.42,33,0.17,0.09,-0.01,-0.01,,0.24
Jorge Cabeza,Leones del Norte,Liga Pro,2026,549,Right Defensive Midfielder,Ecuador,24,02/12/02,0,0,0.01,0.02,0.49,0,0,1,,0,0,0.01,0.66,0,0.01,0.66,0,0,0,0,0.02,1.15,-0.02,1.48,1.31,0.16,89,0.98,0,1.31,0.98,0,0,1.31,0.6,15.59,7.55,0.04,4.76,40.06,9.84,3.77,0.98,0.98,38,0.72,0.72,1.64,17,1.64,36,0.82,0,12.96,7.6,3.28,2.63,1.31,41.31,3.45,27,1.64,63,0,0,0,30.19,85,2.63,12,89,1.8,2.46,26,80,-5,50.82,4.76,0.23,0.23,26.09,93,4.42,7.55,0.16,0.16,0,0,0.66,0.82,0.49,100,0.16,50,0,17,72,11,17,76,7,18.39,14.44,1.03,109,-3.96,18.92,15.73,0,0,0,0,0,,0,0,,0,0,0,0,0,0,14,8,3.43,34,-0.02,0.03,0,-0.01,,0
Jorge Ordóñez,Deportivo Cuenca,Liga Pro,2026,1621,Left Midfielder,Ecuador,31,26/06/95,0.28,0.11,0.2,0.1,2.05,5,35,4,100,0.13,0.11,0.17,0.94,0.11,0.17,0.94,0,0,0,0.22,0.37,3,-0.14,1.5,0.94,0.56,63,1.61,0.17,1.39,2.28,0.33,0.33,0.44,0.47,10.88,4.16,0.02,2.39,51.64,3.78,1.72,0.89,1.22,70,0.58,0.91,1,30,0.39,41,1.17,0,8.99,7.89,1.83,1.83,0.5,56.38,5.16,57,1.67,91,0.22,0,0,19.1,74,0.56,18,29,0.67,1.72,18,63,-10,60.54,2.17,0.26,0.51,20.93,86,6.65,7.11,0.44,0.44,0,0.28,3.66,4.11,0,50,0.33,19,0.44,16,66,18,16,64,20,18.37,17.08,0.89,102,-1.29,16.37,17.47,0,0,0,0,0,,0,0,,0,0,0,0,0,0,21,6,2.86,20,0.03,0.14,0.01,-0.1,,0.08
Joshué Quiñónez,Guayaquil City,Liga Pro,2026,2533,Centre Back,Ecuador,25,28/05/01,0.04,0.04,0.05,0.25,0.21,17,50,0,,0.04,0,0.02,0.07,0,0.02,0.07,0,0,0,0.04,0.07,0.28,-0.03,0.04,0,0.04,0,0.32,0,0.18,0.14,0.64,0.79,4.09,4.8,4.97,2.38,0.04,3.62,20.22,7.32,0.82,0.96,1.6,84,1.1,1.89,0.32,69,0.18,68,1.85,0,3.69,4.55,1.99,0.53,0.21,26.59,0.5,13,0.18,33,0,0,0,40.82,90,2.38,19,48,4.83,4.19,11,75,-15,27.99,0.46,0.17,0.19,32.93,99,3.84,0.53,0,0,0,0.07,0.64,0.64,0,,0,,0.11,23,74,3,20,67,13,21.28,22.52,0.91,89,1.24,19.32,20.08,0,0,0,0,0,,0,0,,0,0,0,0,0,0,15,7,1.2,13,0.03,0.03,0.06,0.01,,0.12
Jostin Alman,Manta FC,Liga Pro,2026,1638,Right Centre Forward,Ecuador,31,10/05/95,0.11,0.11,0.2,0.15,1.26,9,30,2,0,0.1,0.05,0.05,0.71,0.05,0.05,0.71,0,0,0,0.16,0.25,1.98,-0.08,0.77,0.44,0.33,57,1.59,0.11,1.76,2.64,0.16,0.12,1.04,0.69,16.1,6.32,0.04,3.63,53.71,4.78,2.86,1.15,1.32,72,0.84,0.96,1.43,43,0.44,42,2.75,0,13.52,9.63,2.58,3.13,0.6,58.54,8.63,64,2.53,81,0.16,0,0,19.95,69,0.55,27,48,1.26,0.93,29,59,-10,62.54,1.81,0.21,0.37,17.64,85,5.15,6.87,0.71,0.71,0,0.49,4.23,4.95,0.05,23,0.33,55,0.55,18,62,20,15,63,22,14.73,13.46,0.98,96,-1.27,14.49,12.95,0,0,0,0,0,,0,0,,0,0,0,0,0,0,30,10,3.78,33,0.03,0.08,0.01,-0.11,,0.02
Josué Cuero,LDU Quito,Liga Pro,2026,709,Right Wing Back,Ecuador,25,20/05/01,0,0,0.02,0.03,0.76,0,0,1,,0,0,0.17,1.52,0,0.17,1.52,0,0,0,0,0.2,2.29,-0.2,1.27,0.89,0.38,70,1.27,0,1.4,1.27,0.89,1.02,2.16,1.65,10.92,4.32,0.01,2.92,35.12,8.26,3.81,1.52,2.41,71,1.68,2.7,2.41,38,0.64,47,1.02,0,6.99,6.87,1.65,0.76,0.25,38.28,2.16,31,0.51,67,0.13,0.13,0,32.64,72,3.94,4,53,2.79,6.73,9,61,-12,53.95,5.21,0.45,0.51,32.13,93,5.34,9.4,1.91,1.52,0.38,0.25,1.27,2.79,0.25,47,1.14,30,0.38,22,70,8,28,62,9,23.39,22.42,0.95,118,-0.97,22.26,26.54,0,0,0,0,0,,0,0,,0,0,0,0,0,0,30,9,4.88,33,0.16,0.11,0.04,-0.03,,0.28
Josué Javier Caicedo Porozo,LDU Quito,Liga Pro,2026,340,Left Wing Back,Ecuador,19,23/09/07,0,0,0.02,0.04,0.53,0,50,0,,0,0,0.02,0.79,0,0.02,0.79,0,0,0,0,0.04,1.32,-0.04,0.53,0.26,0.26,50,1.06,0,1.32,2.91,1.32,0.76,2.12,1.48,12.17,6.88,0.02,3.97,30.59,8.99,3.7,1.85,3.17,88,1.49,2.25,0.79,67,0.26,75,1.59,0,9.52,7.58,3.17,0.79,0.53,33.96,1.85,19,0.53,67,0.26,0,0.26,30.69,81,2.12,85,57,2.12,3.7,11,88,7,51.02,3.97,0.04,0.07,27.78,88,4.83,8.47,0.79,0.79,0,0.26,2.12,2.91,0,33,0.53,25,0.79,21,65,14,16,69,16,19.8,15.73,0.91,98,-4.08,17.97,15.49,0,0,0,0,0,,0,0,,0,0,0,0,0,0,16,7,2.57,37,0.08,0.04,0.07,-0.01,,0.17
José Angulo,Manta FC,Liga Pro,2026,1325,Centre Forward,Ecuador,31,02/02/95,0.27,0.2,0.26,0.12,2.24,9,36,5,100,0.3,0,0.02,0.54,0,0.02,0.48,0,0,0.07,0.2,0.28,2.78,-0.08,1.77,0.88,0.88,50,1.83,0,2.45,2.99,0.07,0.02,0.75,0.52,9.64,3.19,0.01,1.97,57.44,4.69,3.06,0.34,0.41,56,0.47,0.49,1.29,0,0.27,44,1.63,0,8.01,6.9,1.63,1.9,0.54,61.48,5.84,73,1.56,82,0.34,0,0,13.99,71,0.75,10,69,0.82,1.02,26,66,-5,62.91,1.83,0.27,0.39,16.57,77,6.33,5.57,0.41,0.41,0,0.34,5.77,6.18,0,33,0.14,40,0.54,17,67,16,17,71,12,16.02,13.3,1.05,104,-2.71,16.8,13.78,0,0,0,0,0,,0,0,,0,0,0,0,0,0,28,7,2.62,21,-0.02,0.08,0,0.05,,0.1
José Caicedo,Técnico Universitario,Liga Pro,2026,950,Left Back,Ecuador,23,19/11/03,0,0,0.01,0.02,0.28,0,33,0,,0,0.09,0.07,0.57,0.09,0.06,0.47,0,0.01,0.09,0.09,0.07,0.85,0.02,0.95,0.28,0.66,30,1.33,0,1.23,1.52,1.33,0.97,2.18,1.67,8.62,4.83,0.02,3.88,30.18,7.77,2.84,1.04,2.37,65,0.92,1.9,0.57,60,0.57,64,1.52,0,7.01,5.11,2.46,0.95,0.47,33.69,1.52,22,0.66,70,0.09,0,0,26.33,70,1.8,86,39,2.84,3.98,13,55,-15,50.91,3.69,0.22,0.23,21.98,89,5.94,5.4,1.14,0.95,0.19,0,0.28,1.23,0,75,1.14,32,0.09,31,59,10,25,61,14,21.87,20.94,0.91,98,-0.93,19.89,20.62,0,0,0,0,0,,0,0,,0,0,0,0,0,0,31,11,4.09,31,0.11,0.06,-0.01,-0.01,,0.15
José Carabalí,LDU Quito,Liga Pro,2026,1011,Left Wing Back,Ecuador,29,18/05/97,0,0,0.02,0.03,0.62,0,14,0,,0,0,0.07,1.33,0,0.07,1.16,0,0,0.18,0,0.09,1.96,-0.09,1.6,0.62,0.98,39,0.89,0,0.8,2.22,1.25,1.89,1.69,1.92,10.86,5.43,0.01,4.54,39.36,8.19,2.94,1.42,2.67,73,1.81,3.7,0.98,40,0.53,57,0.71,0.09,8.54,10.15,2.94,1.96,0.36,46.4,4,47,1.6,82,0.27,0,0,41.74,73,3.74,89,43,2.05,8.28,12,58,-14,53.9,5.7,0.5,0.57,38.54,94,5.39,12.9,2.31,1.78,0.53,0.27,1.87,3.65,0.09,31,0.8,23,0.18,25,67,8,30,58,12,22.09,16.1,0.88,99,-6,19.35,15.87,0,0,0,0,0,,0,0,,0,0,0,0,0,0,28,10,7.09,44,0.14,0.09,-0.03,-0.03,,0.18
José Cazares,Macará,Liga Pro,2026,2196,Centre Defensive Midfielder,Ecuador,35,13/05/91,0,0,0,0.02,0.16,0,0,0,,0,0,0.04,0.53,0,0.04,0.49,0,0,0.04,0,0.04,0.7,-0.04,0.37,0.29,0.08,78,0.61,0,0.66,0.74,1.31,1.14,1.72,1.59,20.74,11.02,0,7.87,38.11,10.53,3.57,2.87,4.18,79,2.5,3.64,1.84,48,0.78,60,0.98,0.04,16.02,14.68,5.9,3.81,1.35,40.4,4.39,27,2.01,53,0.2,0,0,38.28,84,3.85,15,73,2.25,4.75,14,80,-4,46.07,4.3,0.28,0.29,30,96,5.48,6.31,0.2,0.2,0,0,0,0.2,0.04,0,0,0,0,20,74,7,25,74,1,21.68,18.32,0.98,103,-3.36,21.32,18.81,0,0,0,0,0,,0,0,,0,0,0,0,0,0,17,6,3.15,22,-0.01,0.05,0.06,0,,0.09
José Contreras,Barcelona,Liga Pro,2026,2649,Goalkeeper,Venezuela,32,19/10/94,0,0,0,,0,,,0,,0,0,0,0.03,0,0,0,0,0,0.03,0,0,0.03,0,0,0,0,,0.14,0,0,0,0,0,0,0,0.03,0.03,0,6.63,2.6,3.81,0.03,0,0,0,0,0,0,0,0.03,0,0,0.03,0.03,0.04,0.03,0,0,7.94,0,0,0,,0.2,0,0,17.73,71,6.59,17,45,2.45,12.1,13,60,-11,12.53,0.88,0.08,0.08,16.48,100,5.23,0.41,0.03,0,0.03,0,0,0,0,0,0,,0,50,50,0,75,25,0,42.4,45.32,0.77,86,2.92,32.64,38.91,0.65,0.7,0.05,77,75,2,0.89,2.82,26,10.97,2.03,0.14,0.07,18.41,-1,26,3,1.62,11,0.09,0.06,,,0.06,0.21
José Cárdenas,Delfin,Liga Pro,2026,611,Goalkeeper,Ecuador,31,23/01/95,0,0,0,,0,,,0,,0,0,0,0,0,0,0,0,0,0,0,0,0,0,0,0,0,,0.15,0,0,0.15,0,0,0,0,0.15,0.15,0,6.63,2.18,4.42,0,0,0,,0,0,0.15,,0,,0,0.15,0,0,0,0,0,,0,,0,,0.15,0,0,14.58,64,5.89,5,39,1.33,13.69,7,54,-11,10.41,1.03,0.05,0.05,13.11,99,6.56,0.15,0,0,0,0,0,0,0,,0,,0,51,49,0,100,0,0,43.3,42.43,0.73,73,-0.87,31.75,31.08,1.47,0.92,-0.55,60,75,-15,0.86,3.68,30,12.37,1.64,0.15,0.15,13.45,-3,32,5,1.34,11,0.08,0.04,-0.08,,-0.63,-0.59
José Fajardo,Universidad Católica,Liga Pro,2026,1944,Centre Forward,Panama,33,17/08/93,0.42,0.28,0.41,0.13,3.06,9,30,6,75,0.29,0.14,0.08,0.74,0.14,0.08,0.74,0,0,0,0.42,0.48,3.8,-0.07,1.3,0.69,0.6,54,1.34,0.14,1.9,4.31,0.46,0.65,0.6,0.79,18.61,9.58,0.03,5.09,66.81,3.61,2.73,0.79,1.25,65,1.02,1.67,1.2,25,0.42,41,1.2,0,16.62,22.05,4.35,2.82,0.74,70.5,14.26,86,2.5,89,0.14,0,0,13.66,72,0.37,17,53,0.74,0.56,30,62,-10,65.98,1.39,0.39,0.7,17.73,73,4.96,6.44,0.56,0.56,0,0.51,8.06,8.61,0,0,0.14,33,1.02,11,63,26,6,71,23,14.68,14.27,1.01,99,-0.41,14.84,14.08,0,0,0,0,0,,0,0,,0,0,0,0,0,0,25,8,3.31,19,-0.05,0.06,0.03,-0.1,,-0.05
José Flor,Mushuc Runa,Liga Pro,2026,1524,Left Centre Back,Ecuador,28,04/04/98,0,0,0.01,0.08,0.12,0,50,0,,0.01,0.06,0.02,0.12,0.06,0.02,0.12,0,0,0,0.06,0.02,0.24,0.03,0.24,0.18,0.06,75,0.12,0,0,0.3,0.89,1.09,2.95,2.81,6.02,3.43,0.03,3.31,27.25,6.85,1.42,0.71,1.59,71,0.66,1.75,0.65,40,0.3,66,1.24,0.06,4.67,4.43,2.3,0.77,0.3,31.98,0.83,18,0.24,31,0.18,0,0,35.02,87,5.37,19,66,4.37,6.67,11,71,-16,36.73,3.07,0.25,0.26,28.29,100,4.11,3.48,0.12,0.12,0,0.06,0.47,0.59,0,0,0,0,0.06,28,69,4,51,47,2,26.35,28.88,0.93,88,2.53,24.48,25.33,0,0,0,0,0,,0,0,,0,0,0,0,0,0,11,5,3.34,22,0.06,0.02,0.03,0,,0.1
José Francisco Cevallos Jr,Emelec,Liga Pro,2026,687,Centre Attacking Midfielder,Ecuador,31,17/01/95,0.26,0.13,0.09,0.08,1.05,13,63,1,100,0.27,0,0.18,1.7,0,0.1,1.18,0,0.08,0.52,0.13,0.26,2.75,-0.13,0.39,0.13,0.26,33,0.39,0,0.65,1.05,0.65,0.53,0.79,0.54,10.74,5.63,0,3.01,47.74,7.07,4.45,0.92,1.57,70,0.87,1.39,0.92,33,0.39,0,0,0,8.91,8.19,2.23,1.7,0.39,51.03,4.85,54,1.31,77,0.26,0,0,41.65,81,6.29,11,62,1.7,9.17,11,78,-3,52.56,6.81,0.29,0.34,36.41,97,3.76,10.87,1.44,0.52,0.92,0.65,2.62,3.14,0.26,18,0.39,50,0.39,20,73,7,27,71,2,24.22,21.59,0.94,93,-2.64,22.73,20.16,0,0,0,0,0,,0,0,,0,0,0,0,0,0,19,7,5.67,46,0.11,0.08,0.01,0.05,,0.25
José Klinger,Macará,Liga Pro,2026,1130,Left Wing,Ecuador,21,09/03/05,0,0,0.09,0.05,1.83,0,39,2,,0.04,0.32,0.13,1.59,0.32,0.13,1.51,0,0.01,0.08,0.32,0.22,3.42,0.1,2.63,1.75,0.88,67,1.19,0,1.91,2.71,0.08,0.03,0.72,0.56,12.42,4.78,0.01,2.31,52.33,4.46,1.67,0.72,0.8,50,0.65,0.68,1.03,27,0.72,20,0.16,0,10.75,9.24,1.75,2.23,0.16,56.02,7.32,68,1.83,82,0.16,0,0,29.06,72,2.15,7,52,0.96,3.9,18,74,2,62.31,4.46,0.36,0.49,30.33,88,7.52,10.99,1.35,1.11,0.24,0.64,2.79,3.9,0,35,0.72,27,0.56,14,67,19,21,59,20,20.36,14.95,0.92,99,-5.41,18.79,14.81,0,0,0,0,0,,0,0,,0,0,0,0,0,0,26,8,6.27,42,0.01,0.1,0.01,-0.01,,0.11
José Luis Angulo Angulo,Leones del Norte,Liga Pro,2026,828,Goalkeeper,Ecuador,29,08/12/97,0,0,0,,0,,,0,,0,0,0,0,0,0,0,0,0,0,0,0,0,0,0,0,0,,0.22,0,0,0,0,0,0,0,0,0,0,8.36,2.19,4.02,0,0,0,,0,0,0,,0,,0,0,0,0,0,0,0,,0,,0,,0.33,0,0,16.19,67,7.39,13,47,3.8,11.95,17,43,-24,10.28,1.09,0.09,0.09,14.01,100,6.09,0.33,0,0,0,0,0,0,0,,0,,0,54,46,0,100,0,0,46.6,54.74,0.73,81,8.14,33.99,44.15,0.98,1.03,0.06,78,76,1,1.28,4.35,32,13.69,1.7,0.11,0,14.64,-1,31,3,0.77,8,0.11,0.1,,,0.03,0.25
José Luis Marrufo,Macará,Liga Pro,2026,1871,Left Centre Back,Venezuela,30,11/05/96,0.05,0.05,0.02,0.13,0.19,25,25,0,,0.05,0,0,0.14,0,0,0.14,0,0,0,0.05,0.03,0.34,0.02,0.1,0.05,0.05,50,0.58,0,0.14,0.43,1.49,1.26,5.39,4.14,11.11,5.77,0.07,5.39,24.72,8.99,1.01,1.25,2.74,65,1.01,2.27,1.11,19,0.67,59,1.64,0.05,8.75,7.33,3.22,1.3,0.34,29.84,1.06,12,0.43,33,0.14,0,0,33.14,78,4.52,84,53,6.83,7.07,14,56,-22,34.9,2.02,0.22,0.24,25.11,98,4.87,2.36,0.05,0.05,0,0,0.38,0.43,0.05,0,0,,0,34,64,2,47,51,2,27.4,28.43,0.91,90,1.03,24.94,25.6,0,0,0,0,0,,0,0,,0,0,0,0,0,0,19,5,2.4,18,0.05,0.04,0.15,0.01,,0.25
José Neris,Emelec,Liga Pro,2026,714,Centre Forward,Uruguay,26,12/03/00,0,0,0.31,0.24,1.26,0,30,6,,0.12,0,0,0.13,0,0,0.13,0,0,0,0,0.31,1.39,-0.31,0.13,0,0.13,0,1.13,0,0.88,2.02,0,0,0.5,0.25,11.34,5.67,0.02,2.65,58.92,1.39,0.88,0.63,0.63,83,0.35,0.35,0.5,0,0.13,33,1.89,0,10.21,7.79,2.39,2.02,0.5,62.25,6.93,68,1.64,81,0.13,0,0,6.3,70,0.5,22,100,0.63,0.38,30,50,-20,59.08,0.5,0.21,0.37,5.67,64,3.36,2.39,0,0,0,0,3.15,3.15,0,,0,0,0.13,9,64,27,5,58,37,17.16,19.63,1.07,113,2.47,18.3,22.25,0,0,0,0,0,,0,0,,0,0,0,0,0,0,26,5,1.07,9,-0.04,-0.04,0.01,-0.13,,-0.2
José Quintero,LDU Quito,Liga Pro,2026,942,Right Back,Ecuador,36,19/06/90,0,0,0.08,0.08,1.05,0,27,2,,0.01,0.1,0.11,1.15,0.1,0.1,1.05,0,0,0.1,0.1,0.18,2.2,-0.09,0.76,0.67,0.1,88,0.76,0,0.57,0.86,1.53,1.44,2.39,2.13,12.89,6.59,0.02,4.49,36.11,8.31,3.15,2.01,3.53,81,1.75,3.19,1.24,63,0.48,38,0.48,0,9.65,8.19,2.77,1.43,0.29,39.25,3.06,32,1.05,73,0.19,0,0,32.47,65,4.11,23,41,3.06,9.36,10,46,-19,51.76,5.35,0.47,0.55,26.64,96,5.32,8.88,1.72,1.24,0.48,0.1,1.34,2.58,0,50,1.05,25,0.19,26,66,8,20,73,6,24.94,18.42,0.87,88,-6.52,21.69,16.12,0,0,0,0,0,,0,0,,0,0,0,0,0,0,27,8,7.41,46,0.19,0.11,0.02,-0.07,,0.24
José Quiñones,Mushuc Runa,Liga Pro,2026,320,Left Centre Back,Ecuador,24,12/06/02,0,0,0.02,0.03,0.56,0,0,0,,0,0,0,0,0,0,0,0,0,0,0,0.02,0.56,-0.02,0.56,0.28,0.28,50,0.84,0,0,0.56,0.56,0.36,2.81,1.9,8.99,4.77,0.06,5.34,24.1,8.99,0.84,0.84,1.4,75,0.45,0.81,1.12,100,0.28,50,1.4,0,7.02,4.14,3.37,0,0,30.48,1.12,16,0,,0.28,0,0,29.77,79,3.37,74,48,4.49,5.34,21,63,-17,33.72,0.84,0.26,0.26,22.47,98,3.86,0.84,0,0,0,0,1.12,1.12,0,,0,,0,28,68,3,33,67,0,25.65,30.16,0.81,74,4.51,20.67,22.3,0,0,0,0,0,,0,0,,0,0,0,0,0,0,26,9,1.69,11,0.04,0.05,0.12,-0.01,,0.19
Juan Angulo,Independiente del Valle,Liga Pro,2026,794,Centre Forward,Ecuador,18,11/01/08,0.68,0.68,0.41,0.17,2.38,29,52,7,,0.5,0.34,0.25,1.25,0.34,0.25,1.25,0,0,0,1.02,0.66,3.63,0.36,1.36,0.68,0.68,50,0.68,0,1.81,2.38,0.11,0.17,0.11,0.16,16.32,7.82,0,5.78,60.17,3.97,2.61,1.25,1.36,65,1.74,1.92,1.36,33,0.68,39,1.36,0,13.83,15.98,4.87,2.49,1.02,61.31,8.84,64,1.7,68,0.23,0,0,14.51,74,0.68,10,60,0.23,1.02,15,57,-17,65.96,1.7,0.58,0.98,16.89,80,5.82,6.35,1.02,1.02,0,0.23,6.69,7.71,0.11,22,0.34,21,0.57,17,64,20,21,59,20,17.96,11.25,0.99,112,-6.71,17.78,12.61,0,0,0,0,0,,0,0,,0,0,0,0,0,0,24,10,3.35,18,0.02,0.03,0.01,0.17,,0.23
Juan Cavallaro,Delfin,Liga Pro,2026,572,Centre Attacking Midfielder,Argentina,32,27/06/94,0,0,0.06,0.05,1.1,0,14,2,,0,0,0.05,0.79,0,0.04,0.63,0,0.01,0.16,0,0.11,1.89,-0.11,1.73,1.1,0.63,64,1.73,0,2.52,1.89,0.16,0.18,0.31,0.08,22.65,10.54,0,8.81,49.04,5.51,3.62,2.52,2.67,70,1.12,1.3,1.1,33,1.1,18,0.31,0,19.51,10.45,6.92,5.35,2.2,49.72,8.65,44,3.46,65,0.16,0,0,14.79,73,0.79,10,56,0.31,1.42,18,79,6,59.89,3.62,0.12,0.19,15.73,85,7.79,5.66,1.42,1.26,0.16,0.31,3.3,4.56,0,11,0.31,40,0.47,29,65,6,39,58,3,18.06,12.63,0.96,102,-5.42,17.26,12.82,0,0,0,0,0,,0,0,,0,0,0,0,0,0,18,8,3.3,34,-0.01,0.02,0.02,-0.08,,-0.04
Juan David Jiménez,Manta FC,Liga Pro,2026,1854,Left Defensive Midfielder,Colombia,32,11/03/94,0.05,0.05,0.04,0.05,0.83,6,24,1,,0.04,0,0.03,0.73,0,0.03,0.73,0,0,0,0.05,0.07,1.55,-0.02,0.63,0.29,0.34,46,1.17,0.05,1.21,0.78,0.83,0.63,0.68,0.43,24.22,12.28,0,6.12,43.31,10.1,5.92,1.65,2.48,55,1.26,1.9,1.7,26,1.36,41,0.58,0,20.92,15.38,5.34,4.51,1.36,45.04,8.59,41,2.96,66,0.1,0,0,31.02,82,1.6,9,55,1.21,2.38,18,72,-11,50.96,3.54,0.21,0.23,27.47,93,4.81,7.48,0.39,0.39,0,0.05,1.02,1.41,0,25,0.1,40,0.24,22,66,12,25,62,13,18.27,16.47,0.93,101,-1.8,17.07,16.7,0,0,0,0,0,,0,0,,0,0,0,0,0,0,20,9,3.48,27,-0.01,0.07,0.04,-0.03,,0.05
Juan Enrique Nazareno Izquierdo,Manta FC,Liga Pro,2026,1795,Right Defensive Midfielder,Ecuador,28,17/08/98,0.05,0.05,0.01,0.04,0.35,14,14,1,,0.01,0,0.04,0.45,0,0.04,0.45,0,0,0,0.05,0.06,0.8,-0.01,0.85,0.35,0.5,41,0.9,0,0.6,1.3,0.8,0.66,1.15,1.22,17.4,10.28,0.02,5.57,40.32,8.27,3.76,1.2,2.01,59,0.69,1.34,0.8,39,0.85,46,0.65,0,15.39,10.91,4.66,2.91,0.85,41.82,4.91,32,1.45,50,0.25,0,0,29.68,80,1.65,7,57,1.4,2.66,14,75,-6,49.92,3.36,0.22,0.23,25.62,94,3.96,6.22,0.4,0.4,0,0.15,0.6,1,0,63,0.35,39,0.2,21,70,8,31,63,6,18.32,16.64,0.95,107,-1.68,17.39,17.85,0,0,0,0,0,,0,0,,0,0,0,0,0,0,20,8,3.09,28,0.04,0.06,0.05,-0.01,,0.14
Juan Espinoza,Macará,Liga Pro,2026,663,Right Back,Ecuador,23,16/06/03,0,0,0.01,0.02,0.41,0,0,1,,0,0.14,0.07,0.54,0.14,0.07,0.54,0,0,0,0.14,0.08,0.95,0.06,0.27,0.27,0,100,0.54,0,0.41,0.54,0.41,0.25,2.04,1.36,11.13,5.16,0.03,3.53,29,8.01,2.72,2.04,2.44,94,1.62,1.88,0.41,86,0.14,44,0.95,0,8.69,7.08,3.26,1.09,0.54,31.21,1.22,14,0.27,25,0,0,0,31.77,78,1.76,11,50,2.44,3.12,13,64,-14,49.81,5.02,0.29,0.29,27.83,97,4.12,7.6,0.95,0.54,0.41,0,0.81,1.36,0,57,0.54,40,0.27,37,56,7,32,57,11,19.61,17.21,0.95,100,-2.4,18.62,17.13,0,0,0,0,0,,0,0,,0,0,0,0,0,0,19,7,4.64,30,0.13,0.07,0.04,-0.01,,0.23
Juan Luis Anangonó León,Leones del Norte,Liga Pro,2026,2714,Centre Forward,Ecuador,37,12/04/89,0.33,0.23,0.19,0.1,1.96,12,36,6,75,0.19,0,0.06,1.09,0,0.06,1.09,0,0,0,0.23,0.25,3.05,-0.02,0.73,0.3,0.43,41,0.83,0.03,1.06,2.72,0.23,0.16,1.23,0.97,8.92,3.51,0.02,3.02,58.93,2.65,1.49,0.2,0.43,40,0.2,0.36,0.7,10,0.3,38,1.76,0,8.02,6.93,2.45,1.56,0.66,66.79,6.33,79,1.39,89,0.03,0,0,12,74,0.5,11,65,1.36,0.63,24,65,-9,62.47,1.23,0.2,0.35,10.74,76,4.89,5.01,0.1,0.1,0,0.33,5.64,5.74,0,33,0.03,11,0.66,14,62,24,11,66,23,15.78,15.93,0.98,96,0.15,15.51,15.26,0,0,0,0,0,,0,0,,0,0,0,0,0,0,29,11,2.97,21,-0.03,-0.01,-0.01,0.03,,-0.04
Juan Pablo Ruíz,Emelec,Liga Pro,2026,1144,Right Wing,Argentina,32,09/01/94,0.31,0.31,0.18,0.17,1.02,31,62,1,,0.31,0.08,0.12,1.65,0.08,0.11,1.42,0,0.02,0.24,0.39,0.3,2.67,0.09,1.73,1.02,0.71,59,1.57,0,2.36,2.2,1.1,0.7,0.94,0.75,11.64,5.82,0,3.7,45.04,7.71,3.7,1.1,2.2,64,1.01,1.7,0.55,36,0.63,37,0.55,0,9.99,7.73,2.75,2.52,0.63,48.06,4.64,46,1.81,72,0,0,0,31.22,81,1.26,11,41,1.49,2.52,11,76,-6,57.95,3.7,0.39,0.55,30.67,87,5.99,9.67,1.18,0.87,0.31,0.31,2.44,3.3,0.16,33,0.55,39,0.47,17,66,17,20,67,13,18.27,19.9,0.93,85,1.63,16.95,16.87,0,0,0,0,0,,0,0,,0,0,0,0,0,0,23,10,4.9,48,0.06,0.06,0.03,0.1,,0.25
Juan Viacava,Independiente del Valle,Liga Pro,2026,2060,Left Centre Back,Uruguay,27,19/02/99,0,0,0.02,0.08,0.31,0,0,0,,0,0.17,0.07,0.52,0.17,0.07,0.48,0,0,0.04,0.17,0.09,0.83,0.08,0.13,0.04,0.09,33,0.79,0,0.31,0.26,0.83,1.1,3.63,4.66,10.18,4.28,0.09,6.03,30.56,9.57,1.66,1.05,1.88,77,1.38,2.47,0.57,50,0.31,70,2.36,0.04,8.56,10.56,4.19,1.35,0.66,35.17,1.79,21,0.52,39,0.22,0,0,51.89,84,5.9,78,55,4.85,9.48,10,62,-22,38.61,5.37,0.57,0.61,43.42,99,5.57,5.68,0.39,0.26,0.13,0.09,1,1.27,0.09,11,0.04,8,0.09,25,73,2,40,59,1,26.36,24.45,0.91,88,-1.91,23.98,21.58,0,0,0,0,0,,0,0,,0,0,0,0,0,0,15,4,5.36,27,0.09,0.07,0.08,-0.02,,0.22
Julian Anaya,Técnico Universitario,Liga Pro,2026,2205,Centre Back,Colombia,27,12/06/99,0.2,0.2,0.13,0.23,0.57,36,57,0,,0.19,0,0,0.08,0,0,0.08,0,0,0,0.2,0.13,0.65,0.07,0,0,0,,0.2,0,0.08,0.04,0.86,0.55,5.8,3.4,8.12,4.33,0.05,4.45,20.46,7.67,0.45,1.14,2,68,0.84,1.39,1.06,50,0.53,62,1.84,0,5.92,3.82,2.33,0.57,0.12,27.5,0.53,9,0.08,14,0.16,0,0.08,23.84,81,2.73,14,52,6.69,4.37,12,65,-16,28.73,0.86,0.13,0.25,16.08,100,4.29,0.82,0,0,0,0,1.22,1.22,0,,0,,0,36,62,2,40,50,10,25.91,25.96,0.91,88,0.06,23.59,22.9,0,0,0,0,0,,0,0,,0,0,0,0,0,0,20,4,1.64,13,0.04,0.03,0.06,0.05,,0.18
Junior Jimar Ayovi Caicedo,Guayaquil City,Liga Pro,2026,2480,Right Wing Back,Ecuador,25,20/12/01,0,0,0.03,0.1,0.33,0,11,0,,0,0.11,0.1,0.91,0.07,0.1,0.87,0.04,0,0.04,0.11,0.14,1.23,-0.03,1.42,0.73,0.69,51,1.09,0.04,1.16,1.81,0.4,0.33,1.16,1.48,6.97,2.9,0.01,2.9,38.59,6.24,2.5,0.47,0.87,68,0.47,0.8,0.29,60,0.22,35,0.25,0.11,6.2,7.04,2.1,1.34,0.47,44.82,2.83,46,0.98,73,0,0,0.04,32.62,83,2.79,9,65,1.45,4.03,13,78,-5,54.48,3.45,0.21,0.29,33.67,92,4.69,10.45,1.71,1.31,0.4,0.15,1.23,2.54,0.22,40,0.98,44,0.29,16,65,18,13,61,26,19.41,15.81,0.96,103,-3.6,18.58,16.22,0,0,0,0,0,,0,0,,0,0,0,0,0,0,24,12,3.36,36,0.11,0.09,-0.01,-0.02,,0.18
Justin Lerma,Independiente del Valle,Liga Pro,2026,529,Right Centre Midfielder,Ecuador,18,04/05/08,0.17,0.17,0.13,0.13,1.02,17,33,1,,0.17,0.17,0.23,1.7,0.17,0.23,1.7,0,0,0,0.34,0.36,2.72,-0.02,2.38,1.19,1.19,50,1.36,0,2.72,2.89,0.34,0.45,0.17,0.21,17.18,8.34,0,5.27,46.44,8.68,4.25,1.53,1.87,75,2.24,2.69,0.68,40,0.51,100,0.34,0,14.97,20,4.76,3.4,0.68,47.78,6.46,43,1.7,50,0,0,0,37.26,84,2.72,8,67,0.51,3.74,24,75,-9,61.28,5.78,0.83,1.03,40.15,88,6.54,16.84,1.36,1.19,0.17,0.51,2.55,3.74,0,13,0.34,25,1.19,10,73,17,13,71,16,19.84,17.58,0.97,98,-2.26,19.22,17.24,0,0,0,0,0,,0,0,,0,0,0,0,0,0,13,6,6.33,34,0.01,0.15,0.02,0.08,,0.26
Júnior Sornoza,Independiente del Valle,Liga Pro,2026,1689,Left Centre Midfielder,Ecuador,32,27/01/94,0.21,0.21,0.13,0.08,1.76,12,55,1,,0.29,0.16,0.19,3.3,0.16,0.11,1.76,0,0.08,1.55,0.37,0.32,5.06,0.05,0.21,0.16,0.05,75,1.23,0.05,0.48,0.8,0.27,0.34,0.43,0.54,8.9,5.44,0.01,3.04,51.52,5.86,3.36,0.43,0.69,38,0.54,0.88,0.37,8,0.69,33,0.27,0,8.1,10.55,2.45,2.88,1.28,54.23,4.74,59,2.24,78,0.27,0,0,44.92,85,8.63,11,76,1.12,10.71,15,86,1,57.95,6.61,0.91,0.97,38.85,98,4.35,16.57,3.52,1.76,1.76,0.21,2.13,3.89,0,8,0.37,30,0.32,12,77,11,16,78,6,23.9,18.53,0.98,109,-5.36,23.37,20.2,0,0,0,0,0,,0,0,,0,0,0,0,0,0,15,6,10.71,53,0.09,0.09,0.03,0.13,,0.34
Kevin Minda,LDU Quito,Liga Pro,2026,628,Centre Defensive Midfielder,Ecuador,28,20/11/98,0,0,0.1,0.07,1.43,0,20,1,,0.04,0,0.09,0.57,0,0.09,0.57,0,0,0,0,0.2,2.01,-0.2,0.43,0.14,0.29,33,0.29,0,0.43,0.29,1.43,1.29,2.72,2.62,12.04,6.45,0.1,2.87,37.62,10.46,5.45,0.43,1.86,60,0.49,1.78,2.01,0,0.29,63,1.72,0,9.6,9.37,1.86,3.01,0.43,44.18,4.16,43,1.86,62,0.43,0,0,36.97,86,3.73,19,90,3.01,3.87,11,80,-6,49.04,5.16,0.49,0.55,24.65,97,3.71,8.88,1.15,1.15,0,0.14,2.15,3.3,0,0,0,0,0.14,18,74,8,27,73,0,21.08,15.78,1,104,-5.3,21.13,16.44,0,0,0,0,0,,0,0,,0,0,0,0,0,0,15,7,5.33,37,0.08,0.03,0.01,-0.06,,0.07
Kevin Peralta,Mushuc Runa,Liga Pro,2026,2154,Right Back,Ecuador,29,30/04/97,0,0,0.02,0.09,0.21,0,0,0,,0,0.04,0.02,0.42,0.04,0.02,0.42,0,0,0,0.04,0.04,0.63,0,0.46,0.33,0.13,73,0.5,0.04,0.67,0.59,0.46,0.49,1.71,1.33,8.78,4.43,0.03,3.01,32.36,5.27,1.88,0.75,1.21,69,0.58,1.08,1.09,27,0.33,50,0.42,0.04,6.98,5.94,2.01,1.21,0.38,35.97,1.67,24,0.75,62,0.21,0,0,27.16,77,2.09,8,37,2.13,5.22,10,62,-14,48.23,3.13,0.18,0.21,23.07,96,3.25,4.97,0.42,0.33,0.08,0,0.59,0.92,0.04,30,0.17,13,0.08,32,58,10,34,52,13,22.56,19.9,0.85,91,-2.66,19.27,18.05,0,0,0,0,0,,0,0,,0,0,0,0,0,0,22,9,2.82,20,0.07,0.07,-0.03,-0.02,,0.09
Kevin Sambonino,Guayaquil City,Liga Pro,2026,1039,Right Defensive Midfielder,Ecuador,26,13/04/00,0,0,0.01,0.03,0.35,0,50,0,,0.01,0,0.05,0.69,0,0.05,0.69,0,0,0,0,0.06,1.04,-0.06,0.69,0.69,0,100,1.73,0.09,0.95,0.52,0.52,0.66,1.04,1.22,12.22,6.32,0.03,3.99,35.32,8.49,3.99,0.95,1.47,48,1.15,1.81,1.13,31,1.04,56,0.43,0.09,10.14,12.12,3.12,3.03,0.95,38.38,2.95,29,1.65,54,0.17,0,0,60.3,89,4.59,6,60,1.73,6.93,14,91,2,47.12,5.8,0.26,0.3,53.63,98,2.88,10.14,0.43,0.43,0,0,0,0.43,0.17,0,0,0,0,19,72,8,30,64,6,21.78,19.2,0.93,93,-2.58,20.26,17.81,0,0,0,0,0,,0,0,,0,0,0,0,0,0,15,7,3.27,33,0.01,0.07,0.08,-0.01,,0.15
Kevin Ushiña,Delfin,Liga Pro,2026,1565,Right Midfielder,Ecuador,30,25/08/96,0.17,0.17,0.13,0.16,0.81,21,43,2,,0.12,0.12,0.08,0.98,0.12,0.08,0.92,0,0,0.06,0.29,0.21,1.78,0.08,0.69,0.17,0.52,25,1.44,0,0.86,2.36,0.75,0.36,0.81,0.49,12.88,6.44,0.02,3.34,43.1,4.66,2.19,1.21,1.96,68,0.73,1.09,0.69,40,0.58,25,0.35,0,11.04,6.76,2.47,2.24,0.46,46.99,4.83,44,1.67,74,0.12,0,0,18.29,61,2.07,9,47,1.32,3.85,15,58,-3,60.84,2.59,0.3,0.42,17.6,87,6.39,5.46,1.38,1.15,0.23,0.29,2.42,3.57,0.06,63,1.15,36,0.35,17,73,10,19,69,12,22.34,18.47,0.93,99,-3.87,20.69,18.2,0,0,0,0,0,,0,0,,0,0,0,0,0,0,32,10,3.61,33,0.04,0.05,0.03,0.02,,0.15
Layan Loor,Independiente del Valle,Liga Pro,2026,1415,Left Back,Ecuador,25,22/05/01,0.06,0.06,0.03,0.02,1.34,5,14,1,,0.04,0.32,0.24,1.97,0.25,0.2,1.46,0.06,0.05,0.51,0.38,0.27,3.31,0.11,0.7,0.51,0.19,73,0.38,0,0.64,0.76,0.64,0.88,1.84,2.4,10.56,6.04,0.03,4.33,36.93,8.65,4.07,0.95,1.59,68,0.94,1.83,0.51,13,0.45,69,0.7,0,9.1,10.72,2.99,1.53,0.76,42.54,3.75,41,0.95,63,0.13,0,0.06,49.18,86,4.96,85,70,2.54,6.43,10,71,-16,53.39,7.63,0.73,0.81,44.72,97,4.27,14.12,1.53,0.89,0.64,0.32,1.46,2.35,0.06,29,0.76,26,0.32,24,67,9,25,64,11,20.07,18.86,0.96,91,-1.21,19.24,17.08,0,0,0,0,0,,0,0,,0,0,0,0,0,0,16,6,9.1,44,0.19,0.08,0.04,-0.02,,0.29
Leonel Nazareno,Leones del Norte,Liga Pro,2026,2072,Goalkeeper,Ecuador,32,04/08/94,0,0,0,,0,,,0,,0,0,0.01,0.13,0,0.01,0.09,0,0,0.04,0,0.01,0.13,-0.01,0,0,0,,0.09,0,0,0,0,0,0,0,0.09,0.09,0,6.04,3.02,4.82,0,0,0,0,0,0,0,0,0.04,,0,0.04,0.09,0.08,0.04,0,0,8.75,0,0,0,,0.13,0,0,14.99,67,4.39,13,38,1.65,9.9,11,55,-12,11.08,1.04,0.09,0.09,13.55,100,5.86,0.7,0.09,0.09,0,0,0.09,0.17,0,0,0,,0.04,50,50,0,88,13,0,43.45,43.96,0.71,87,0.5,30.89,38.34,0.78,0.95,0.17,78,73,5,1.01,3.52,32,10.9,1.88,0.13,0.09,19.35,-2,25,3,1.69,11,0.09,0.09,-0.05,,0.04,0.17
Leonel Quiñónez,LDU Quito,Liga Pro,2026,1698,Left Centre Back,Ecuador,33,02/07/93,0,0,0.04,0.04,1.17,0,23,1,,0.03,0.05,0.12,1.7,0.05,0.07,0.85,0,0.05,0.85,0.05,0.16,2.86,-0.1,0.21,0.11,0.11,50,0.42,0,0.21,0.32,1.01,1.01,2.28,2.45,10.71,4.66,0.03,3.45,36.41,8.59,3.34,1.33,2.33,76,1.71,2.72,0.69,33,0.42,45,0.74,0,8.69,9.43,2.44,1.43,0.37,41.1,2.86,33,0.95,67,0.21,0,0,47.33,77,6.78,91,54,3.23,11.56,8,68,-9,49.19,7.63,0.44,0.5,39.22,99,4.31,10.97,2.81,0.9,1.91,0.11,1.43,2.33,0,28,1.01,25,0.16,30,65,5,42,53,6,24.61,21.74,0.9,93,-2.87,22.15,20.18,0,0,0,0,0,,0,0,,0,0,0,0,0,0,22,7,9.15,53,0.23,0.07,0.06,-0.01,,0.35
Luca Ferro,Macará,Liga Pro,2026,869,Centre Forward,Argentina,25,05/08/01,0.1,0.1,0.27,0.1,2.69,4,35,6,0,0.19,0.1,0.08,0.73,0.1,0.08,0.73,0,0,0,0.21,0.34,3.42,-0.13,0.62,0.31,0.31,50,1.66,0.1,0.73,2.9,0.31,0.25,0.52,0.42,13.98,5.28,0.06,2.8,65.8,3.52,2.8,0.73,1.04,88,0.76,1.02,0.62,50,0.1,42,1.45,0,12.64,11.95,2.28,2.59,0.31,68.14,10.98,87,2.38,92,0,0,0.1,14.4,72,0.1,14,25,0.62,0.31,25,63,-9,64.53,1.14,0.29,0.47,12.53,79,3.59,6.01,0.52,0.52,0,0.1,5.49,6.01,0,20,0.1,33,0.31,15,67,18,12,67,21,14.11,13.34,0.96,101,-0.77,13.57,13.51,0,0,0,0,0,,0,0,,0,0,0,0,0,0,30,12,3.25,20,-0.02,0.03,0.02,-0.13,,-0.11
Luca Klimowicz,Emelec,Liga Pro,2026,1926,Centre Forward,Argentina,22,18/05/04,0.33,0.33,0.39,0.17,2.38,14,47,7,,0.39,0.09,0.09,0.7,0.09,0.09,0.7,0,0,0,0.42,0.49,3.08,-0.07,1.4,0.84,0.56,60,1.22,0,1.78,2.94,0.14,0.12,0.14,0.11,12.29,4.63,0,2.57,64.31,2.8,1.87,0.65,0.79,78,0.6,0.72,1.07,56,0.19,29,0.93,0,10.61,9.33,2.29,1.87,0.37,66.94,8.51,80,1.68,90,0.09,0,0,8.55,64,0.19,15,36,0.23,0.42,25,63,-2,64.46,1.17,0.36,0.62,11.68,71,5.52,3.41,0.19,0.19,0,0.42,5.65,5.84,0.05,0,0.09,20,0.65,21,60,19,19,67,14,14.78,13.59,0.95,96,-1.19,14.02,13.06,0,0,0,0,0,,0,0,,0,0,0,0,0,0,34,7,1.94,14,0,0.06,-0.01,0.06,,0.11
Luca Sosa,Barcelona,Liga Pro,2026,520,Left Centre Back,Argentina,32,10/06/94,0,0,0.01,0.02,0.69,0,25,1,,0.01,0,0.02,0.35,0,0.02,0.35,0,0,0,0,0.03,1.04,-0.03,0.17,0.17,0,100,0.69,0,0.35,0,0.52,0.76,3.11,3.64,10.2,5.02,0.06,5.19,25.78,9.86,1.56,1.73,2.25,100,2.23,2.99,0.86,100,0,62,2.25,0,7.61,7.76,3.29,1.9,0.86,30.92,1.56,20,1.21,64,0.35,0,0,45.14,84,6.4,89,64,3.63,9.51,12,69,-15,42.57,8.82,0.34,0.35,37.87,99,5.71,9.17,0.69,0.69,0,0,0.35,1.04,0,50,0.35,33,0,27,71,2,23,77,0,25.5,19,0.95,99,-6.51,24.27,18.8,0,0,0,0,0,,0,0,,0,0,0,0,0,0,14,6,5.14,34,0.1,0.08,0.04,-0.02,,0.2
Lucas Fernández Almirón,Técnico Universitario,Liga Pro,2026,398,Centre Forward,Uruguay,25,22/08/01,0,0,0.12,0.08,1.58,0,29,6,,0.01,0,0.06,1.36,0,0.06,1.13,0,0,0.23,0,0.18,2.94,-0.18,0.68,0.45,0.23,67,2.49,0.23,0.68,0.9,0,0,0.23,0.13,17.18,5.65,0,4.07,61.58,3.62,1.81,0.68,0.68,60,0.47,0.47,1.13,0,0.45,31,0.9,0,15.37,10.76,3.84,2.71,0.9,62.8,11.3,74,2.49,92,0.23,0,0,12.43,68,0,70,0,0.23,0.68,22,64,-4,58.78,1.58,0.04,0.19,12.66,95,5.48,3.62,0.23,0.23,0,0,2.49,2.71,0,0,0,,0.45,14,62,24,19,81,0,16.92,11.81,0.87,84,-5.12,14.69,9.91,0,0,0,0,0,,0,0,,0,0,0,0,0,0,29,6,4.16,23,0,0.16,0,-0.09,,0.07
Lucas Lemos,Mushuc Runa,Liga Pro,2026,1020,Left Defensive Midfielder,Uruguay,26,25/02/00,0.09,0.09,0.11,0.06,1.77,5,25,1,,0.09,0.09,0.08,0.97,0.09,0.08,0.97,0,0,0,0.18,0.18,2.74,-0.01,0.26,0.18,0.09,67,1.24,0,0.79,0.35,0.71,0.69,1.5,1.09,11.65,6.53,0.01,5.47,39.79,7.77,3.35,1.32,2.03,71,0.99,1.68,0.88,29,0.53,52,1.06,0,9.44,7.96,3.97,1.15,0.62,42.54,3,32,0.71,62,0.18,0,0.09,31.86,85,3.18,10,64,2.03,4.41,12,73,-12,47.68,3.53,0.23,0.35,25.42,95,4.82,5.74,0.35,0.35,0,0,1.5,1.85,0.09,25,0.09,25,0,15,73,11,23,66,11,23.58,22.25,0.94,86,-1.34,22.14,19.04,0,0,0,0,0,,0,0,,0,0,0,0,0,0,12,4,3.42,22,0.01,0.04,0.05,-0.07,,0.03
Lucas Mancinelli,Deportivo Cuenca,Liga Pro,2026,1404,Right Midfielder,Argentina,37,05/07/89,0.13,0.06,0.09,0.05,1.92,3,23,2,100,0.06,0.13,0.21,2.24,0.06,0.15,1.73,0.06,0.06,0.51,0.19,0.3,4.17,-0.11,0.7,0.45,0.26,64,0.9,0,1.54,1.67,0.38,0.4,0.13,0.09,10.57,5.51,0.01,3.27,52.53,5.83,3.52,0.51,0.9,47,0.45,0.85,0.45,33,0.58,38,0.64,0,9.61,9.5,2.88,2.05,0.7,53.75,5.25,55,1.54,75,0,0,0.06,31.47,64,2.5,8,44,0.51,5.32,12,60,-5,62.58,4.1,0.29,0.48,29.99,90,3.8,10.89,2.69,1.92,0.77,0.19,3.2,5.13,0.06,43,1.67,34,0.32,14,74,12,15,72,13,20.99,16.31,0.93,107,-4.68,19.43,17.4,0,0,0,0,0,,0,0,,0,0,0,0,0,0,32,9,6.96,51,0.15,0.04,0.01,-0.04,,0.16
Luis Arroyo,Aucas,Liga Pro,2026,1537,Centre Forward,Ecuador,30,07/04/96,0.12,0.12,0.18,0.15,1.23,10,48,2,,0.17,0.06,0.08,0.88,0.06,0.08,0.82,0,0,0.06,0.18,0.27,2.11,-0.09,1.23,0.47,0.76,38,1.23,0,2.87,3.28,0.12,0.17,0.29,0.3,15.34,5.91,0.01,3.4,59.52,3.57,2.22,0.64,0.76,65,0.69,0.86,2.11,25,0.35,30,0.59,0,12.64,14.06,2.99,2.46,0.7,60.14,9.07,72,2.11,86,0.41,0,0,22.25,77,0.7,22,55,0.53,1.05,19,67,-10,66.01,2.28,0.26,0.43,24.41,79,5.19,10.36,0.53,0.47,0.06,0.23,4.1,4.57,0,33,0.35,27,0.59,11,64,26,8,64,28,15.53,14.04,0.97,102,-1.49,15.07,14.32,0,0,0,0,0,,0,0,,0,0,0,0,0,0,24,10,3.47,26,0,0,-0.01,0,,-0.01
Luis Ayala,Macará,Liga Pro,2026,1881,Left Back,Ecuador,33,23/09/93,0,0,0.01,0.01,0.38,0,38,0,,0,0.1,0.06,1.24,0.1,0.05,1,0,0.01,0.24,0.1,0.07,1.63,0.03,0.24,0.24,0,100,0.77,0,0.48,0.62,1.05,0.95,1.82,1.6,10.86,5.07,0.02,4.16,34.6,6.94,1.77,1.53,2.58,70,1.39,2.34,1.39,32,0.67,42,0.72,0,8.09,7.35,2.63,1.91,0.67,39.93,2.68,33,1.24,65,0.24,0,0,33.06,73,3.54,83,45,3.01,6.7,10,56,-17,50.81,5.6,0.26,0.31,26.94,97,5.22,8.76,1.15,0.86,0.29,0,0.43,1.29,0.05,33,0.38,17,0,30,65,5,31,62,7,23.43,23.3,0.88,92,-0.14,20.57,21.47,0,0,0,0,0,,0,0,,0,0,0,0,0,0,27,10,5.97,41,0.14,0.06,0.05,-0.01,,0.24
Luis Cangá,Universidad Católica,Liga Pro,2026,2567,Right Centre Back,Ecuador,31,14/06/95,0.04,0.04,0.04,0.07,0.53,7,20,0,0,0.06,0.04,0.04,0.28,0.04,0.04,0.28,0,0,0,0.07,0.08,0.81,-0.01,0.04,0.04,0,100,0.25,0,0.11,0.21,0.42,0.57,4.17,5.59,8.07,4.28,0.07,4.94,23.2,8.35,0.91,1.37,1.79,91,2,2.58,0.74,73,0.14,67,1.75,0,6,8.25,2.95,0.88,0.56,29.65,0.88,15,0.32,36,0.14,0,0.04,45.45,87,7.43,13,68,5.12,9.99,10,71,-16,33.92,2.95,0.45,0.47,36.26,99,3.27,2.95,0.21,0.21,0,0.04,0.95,1.16,0.07,0,0,0,0.07,29,68,2,54,44,2,26.92,28.15,0.91,93,1.23,24.52,26.06,0,0,0,0,0,,0,0,,0,0,0,0,0,0,15,7,3.83,22,0.09,0.05,0.06,-0.01,,0.18
Luis Cano,Barcelona,Liga Pro,2026,1119,Right Wing,Ecuador,27,04/09/99,0,0,0.06,0.08,0.72,0,33,1,,0.02,0,0.09,1.13,0,0.07,0.97,0,0.01,0.16,0,0.15,1.85,-0.15,0.72,0.48,0.24,67,1.29,0,1.29,2.41,0.32,0.35,0.16,0.24,15.45,7.08,0.01,3.86,53.61,4.83,2.65,1.05,1.37,72,1.02,1.37,0.8,17,0.4,35,0.72,0,13.6,13.81,3.46,4.34,1.05,55.35,8.37,62,3.3,76,0.08,0,0,26.15,82,0.97,11,44,0.4,1.93,17,80,-1,61.05,4.26,0.23,0.3,26.55,89,5.04,10.78,0.64,0.4,0.24,0.4,2.82,3.22,0,25,0.48,24,0.48,14,70,16,16,69,14,17.54,16.21,0.92,102,-1.32,16.05,16.48,0,0,0,0,0,,0,0,,0,0,0,0,0,0,19,8,5.78,39,0.02,0.05,-0.01,-0.04,,0.03
Luis Castillo,Delfin,Liga Pro,2026,1425,Left Back,Ecuador,27,25/04/99,0,0,0.03,0.02,1.45,0,22,2,,0.01,0,0.01,0.38,0,0.01,0.32,0,0.01,0.06,0,0.04,1.83,-0.04,1.64,0.95,0.69,58,0.63,0,1.14,1.39,2.15,1.64,3.35,2.22,13.83,6.95,0.02,4.92,32.05,8.84,2.84,2.27,4.42,78,1.79,3.43,1.39,29,0.63,66,1.33,0,10.17,6.82,3.28,2.08,0.76,35.89,2.15,21,1.2,58,0.32,0,0.06,25.32,59,2.84,88,36,4.29,6.95,11,43,-16,44.62,3.85,0.16,0.2,22.48,91,5.5,2.9,0.82,0.44,0.38,0,0.69,1.14,0.06,23,0.19,12,0,40,54,6,57,43,0,26.31,25.95,0.86,93,-0.36,22.61,24.12,0,0,0,0,0,,0,0,,0,0,0,0,0,0,35,9,3.21,31,0.06,0.06,0.02,-0.05,,0.1
Luis Castro,Delfin,Liga Pro,2026,1497,Left Defensive Midfielder,Ecuador,30,01/03/96,0,0,0.07,0.06,1.2,0,25,2,,0.04,0,0.09,0.96,0,0.07,0.6,0,0.02,0.36,0,0.16,2.16,-0.16,0.42,0.3,0.12,71,1.62,0,0.48,0.66,1.2,0.53,2.47,1.32,14.97,7.4,0.05,4.99,39.07,10.28,5.11,1.26,2.47,66,0.67,1.2,1.2,29,0.66,49,1.44,0,12.51,6.8,3.79,2.59,0.84,44.01,4.69,38,1.8,70,0.18,0,0,24.89,75,2.65,83,47,3.13,4.99,17,74,-1,49.23,3.73,0.26,0.35,19.06,97,4.53,5.11,1.32,0.48,0.84,0.12,1.5,1.98,0,18,0.24,29,0.12,27,65,8,29,61,9,23.8,20.42,0.91,101,-3.38,21.68,20.55,0,0,0,0,0,,0,0,,0,0,0,0,0,0,21,5,4.2,38,0.07,0.06,0.06,-0.04,,0.15
Luis Cordova,Técnico Universitario,Liga Pro,2026,392,Right Centre Back,Ecuador,23,16/01/03,0,0,0.03,0.06,0.46,0,0,0,,0,0,0,0,0,0,0,0,0,0,0,0.03,0.46,-0.03,0,0,0,,0.69,0,0.46,0,1.84,1.01,4.36,2.51,11.71,7.12,0.07,5.51,24.15,8.72,1.38,1.61,3.44,64,0.76,1.77,2.52,20,0.92,43,2.3,0,7.57,3.87,3.21,0.46,0.23,28.15,0.46,6,0,0,0.46,0,0.23,23.64,74,2.07,16,41,4.59,4.82,14,56,-17,38.11,2.52,0.04,0.06,18.59,98,4.94,3.44,0,0,0,0,0.92,0.92,0,,0,0,0,39,58,3,53,47,0,25.24,21.76,0.84,88,-3.48,21.17,19.17,0,0,0,0,0,,0,0,,0,0,0,0,0,0,25,6,1.4,12,0.06,0.03,-0.42,-0.04,,-0.36
Luis Estupiñán,Técnico Universitario,Liga Pro,2026,1809,Left Wing,Ecuador,27,12/05/99,0.1,0.1,0.11,0.07,1.44,7,28,2,,0.06,0.1,0.12,1.34,0.1,0.11,1,0,0.02,0.35,0.2,0.23,2.79,-0.03,1.29,0.95,0.35,73,2.29,0,2.59,2.19,0.3,0.24,0.5,0.4,18.41,9.85,0,5.27,51,5.72,2.89,1.39,1.69,53,1.01,1.25,1.44,19,1.24,52,0.65,0,15.57,11.95,4.38,3.03,0.8,52.64,8.66,56,2.59,85,0.45,0,0,28.36,70,2.34,13,52,0.75,4.28,16,64,-6,61.6,3.93,0.33,0.38,31.04,87,6.35,10.35,1.44,0.8,0.65,0.35,2.59,3.38,0.1,21,0.65,26,0.5,21,65,15,26,60,13,19.4,14.1,0.93,102,-5.3,18.03,14.4,0,0,0,0,0,,0,0,,0,0,0,0,0,0,28,8,5.56,40,0.01,0.07,0.01,-0.04,,0.05
Luis Fragozo,Emelec,Liga Pro,2026,1124,Left Wing,Ecuador,16,07/04/10,0.08,0.08,0.17,0.07,2.4,3,27,4,,0.16,0.32,0.18,1.12,0.32,0.18,1.04,0,0,0.08,0.4,0.35,3.52,0.05,2.24,1.2,1.04,54,1.68,0.08,2.32,3.28,0.24,0.21,0.4,0.43,14.18,5.61,0,3.44,53.26,4.49,3.04,0.88,1.12,50,0.9,1.11,1.52,15,0.88,20,0.24,0.08,11.77,10.63,2.64,3.2,0.96,54.94,7.37,63,2.8,88,0.24,0,0,20.26,70,1.04,14,45,0.56,2.16,17,80,10,63.93,3.2,0.24,0.49,25.95,82,7.28,7.77,1.52,1.44,0.08,0.4,2.64,4.09,0.16,32,0.72,33,0.32,20,69,11,20,68,12,18.45,15.96,0.9,101,-2.49,16.69,16.16,0,0,0,0,0,,0,0,,0,0,0,0,0,0,27,9,4.14,26,0.1,0.11,0,-0.03,,0.18
Luis Gustavino,Aucas,Liga Pro,2026,2720,Right Centre Back,Ecuador,27,08/05/99,0,0,0.05,0.06,0.83,0,28,0,,0.05,0,0.02,0.26,0,0.02,0.23,0,0,0.03,0,0.07,1.09,-0.07,0.3,0.26,0.03,89,0.33,0.03,0.3,0.26,0.86,1.18,3.61,3.84,11.88,5.33,0.05,5.33,28.41,7.54,1.75,1.65,2.51,68,2.07,3.25,1.39,56,0.79,59,2.02,0,8.87,10.82,3.51,1.79,0.5,32.98,1.62,18,0.93,52,0.2,0,0.03,46.29,83,5,9,55,4.8,7.84,10,61,-22,41.83,4.63,0.37,0.4,39.21,99,4.73,6.22,0.43,0.4,0.03,0.03,1.29,1.69,0.07,15,0.1,23,0.07,26,71,3,39,56,5,25.17,25.58,0.92,84,0.41,23.07,21.38,0,0,0,0,0,,0,0,,0,0,0,0,0,0,17,8,3.56,25,0.08,0.05,0.03,-0.03,,0.12
Luis Johan Moreno Zuñiga,Universidad Católica,Liga Pro,2026,1399,Right Defensive Midfielder,Ecuador,21,27/02/05,0,0,0.03,0.05,0.64,0,10,1,,0,0,0.05,1.03,0,0.05,0.96,0,0,0.06,0,0.08,1.67,-0.08,0.9,0.71,0.19,79,0.9,0,1.54,1.03,0.64,0.86,0.71,0.87,16.72,8.04,0.03,5.98,44.91,8.1,4.7,1.67,2.32,72,2.12,2.98,1.16,44,0.64,50,0.58,0,13.89,17.18,4.63,4.12,1.35,46.83,6.3,45,2.57,63,0,0,0,43.54,86,3.47,11,69,1.29,4.44,13,75,-11,52.64,4.95,0.28,0.31,40.01,95,4.91,10.29,0.51,0.45,0.06,0.26,1.54,1.99,0.13,13,0.19,60,0.32,15,74,11,12,79,9,20.12,18.68,0.96,96,-1.44,19.41,18,0,0,0,0,0,,0,0,,0,0,0,0,0,0,12,5,4.98,36,0,0.07,0.04,-0.02,,0.09
Luis Moisés Gómez Cuero,Emelec,Liga Pro,2026,429,Right Back,Ecuador,26,12/01/00,0,0,0,,0,,,0,,0,0,0.01,0.21,0,0.01,0.21,0,0,0,0,0.01,0.21,-0.01,0,0,0,,0,0,0.84,0,1.26,0.72,1.68,1.27,15.52,8.18,0.02,5.24,33.85,8.18,1.89,1.68,2.94,57,1.27,1.99,1.26,38,1.26,,0,0,12.58,8.62,3.98,2.52,0.84,37.69,3.15,25,1.05,42,0.21,0,0,35.24,72,2.1,13,38,2.52,4.61,11,57,-14,47.23,1.89,0.34,0.35,27.89,97,4.32,5.66,0.42,0.42,0,0,0.21,0.63,0,100,0.42,18,0,33,54,13,11,59,30,20.77,23.94,0.86,96,3.17,17.94,23.02,0,0,0,0,0,,0,0,,0,0,0,0,0,0,23,7,3.5,28,0.1,0.04,0.02,,,0.16
Luis Segovia,LDU Quito,Liga Pro,2026,1985,Left Centre Back,Ecuador,29,25/10/97,0.09,0.09,0.07,0.12,0.63,14,36,0,,0.1,0.09,0.03,0.5,0.09,0.03,0.5,0,0,0,0.18,0.1,1.13,0.08,0.23,0.23,0,100,0.09,0,0.23,0.18,0.77,0.72,3.58,3.56,7.21,3.17,0.06,3.94,28.47,9.47,2.27,0.95,1.72,70,0.95,1.67,0.73,40,0.41,60,1.59,0.05,5.53,5.75,2.4,0.77,0.32,33.39,1.13,20,0.5,65,0.23,0,0,43.92,87,5.03,77,69,4.8,6.12,10,71,-15,40.7,4.99,0.26,0.33,36.49,99,5.65,6.21,0.32,0.32,0,0,0.91,1.22,0,43,0.18,29,0.05,25,71,4,36,61,2,23.56,26.61,0.94,92,3.05,22.15,24.41,0,0,0,0,0,,0,0,,0,0,0,0,0,0,13,5,4.37,29,0.04,0.08,0.04,0.04,,0.2
Madison Ariel Mina Ibarra,Emelec,Liga Pro,2026,530,Left Back,Ecuador,23,21/04/03,0,0,0,0.03,0.17,0,0,0,,0,0,0.2,1.19,0,0.2,1.19,0,0,0,0,0.21,1.36,-0.21,0.68,0.51,0.17,75,1.53,0,1.02,1.36,0.68,0.5,1.36,1.18,10.36,4.93,0.01,2.72,39.17,7.81,3.4,0.85,1.53,83,1,1.5,0.68,100,0.17,60,1.53,0,8.83,7.01,1.87,1.53,0.17,43.52,3.23,37,1.36,89,0.17,0,0,25.31,72,0.85,76,56,1.7,1.19,16,57,-15,54.13,3.74,0.19,0.28,23.44,92,6.1,7.13,1.02,1.02,0,0.51,1.36,2.38,0,33,0.68,27,0.51,22,68,10,21,67,12,19.02,19.92,0.92,84,0.9,17.52,16.68,0,0,0,0,0,,0,0,,0,0,0,0,0,0,27,10,2.7,25,0.08,0.06,0.11,-0.01,,0.24
Maikel Stalin Reyes Alcivar,Delfin,Liga Pro,2026,631,Right Back,Ecuador,23,12/01/03,0,0,0.02,0.04,0.43,0,0,1,,0,0,0.05,1.43,0,0.05,1.43,0,0,0,0,0.07,1.85,-0.07,1.14,0.43,0.71,38,1.71,0,1.28,2,2.28,1.75,1.28,1.4,17.97,9.13,0.02,7.13,39.2,7.56,2.71,1.85,4.14,62,1.4,3.15,1.14,38,1.14,36,0.71,0,15.12,12.75,4.85,2.28,0.86,41.24,4.71,31,1.28,56,0.14,0,0,22.11,75,1.43,5,42,1.71,3,16,59,-15,53.11,3.57,0.26,0.3,22.4,89,6.58,5.42,1,0.86,0.14,0.29,1.57,2.43,0,57,0.86,38,0.57,26,62,11,26,61,13,19.9,16.42,0.88,95,-3.49,17.51,15.57,0,0,0,0,0,,0,0,,0,0,0,0,0,0,36,18,4.44,30,0.05,0.11,0.02,-0.02,,0.16
Maikel Valencia,Manta FC,Liga Pro,2026,1003,Right Centre Midfielder,Ecuador,26,18/07/00,0,0,0.04,0.03,1.17,0,15,2,,0.01,0,0.08,1.26,0,0.05,0.45,0,0.03,0.81,0,0.12,2.42,-0.12,0.45,0.27,0.18,60,1.26,0.09,1.08,1.7,1.35,1.13,0.72,0.55,19.83,8.97,0.03,5.83,43.63,7.54,2.42,1.35,2.69,63,1.2,2.33,1.26,11,0.81,35,0.54,0,17.23,15.01,4.76,4.58,1.53,46.69,7.09,41,2.69,59,0.45,0,0,33.65,74,4.31,13,55,1.62,6.91,19,75,1,54.84,6.01,0.33,0.39,29.43,93,4.61,9.42,2.24,0.99,1.26,0.27,1.35,2.33,0.09,16,0.36,27,0.18,23,70,7,30,63,7,21.73,17.95,0.89,99,-3.78,19.36,17.75,0,0,0,0,0,,0,0,,0,0,0,0,0,0,24,9,7.1,51,0.07,0.05,0.04,-0.05,,0.11
Maiky Jordan De La Cruz Borja,Leones del Norte,Liga Pro,2026,1189,Left Back,Ecuador,22,12/08/04,0,0,0.01,0.03,0.38,0,20,1,,0.02,0.08,0.09,0.98,0.08,0.09,0.98,0,0,0,0.08,0.1,1.36,-0.02,0.68,0.3,0.38,44,0.53,0,0.83,0.98,1.21,0.79,2.42,1.59,14.15,8.1,0.01,5.75,35.55,8.25,3.1,1.97,3.18,84,1.38,2.17,0.98,73,0.38,67,0.91,0,11.2,8.36,4.24,1.74,0.61,39.36,3.03,27,1.14,65,0,0,0,28.54,73,1.67,75,36,3.41,3.63,14,60,-14,50.93,4.09,0.31,0.33,24.6,94,5.81,7.12,1.21,0.98,0.23,0.15,0.76,1.74,0,50,0.83,31,0.23,31,58,11,27,59,15,20.31,19.23,0.9,89,-1.08,18.22,17.2,0,0,0,0,0,,0,0,,0,0,0,0,0,0,29,12,5.76,32,0.08,0.06,-0.03,0,,0.11
Manuel Antonio Gamboa,Mushuc Runa,Liga Pro,2026,427,Right Centre Back,Panama,27,04/02/99,0.21,0.21,0.15,0.7,0.21,100,100,0,,0.2,0,0.02,0.42,0,0.02,0.42,0,0,0,0.21,0.17,0.63,0.04,0.63,0.42,0.21,67,0.84,0,1.26,0.63,0.84,0.9,6.32,4.14,9.9,6.74,0.05,4.42,22.48,6.11,1.26,1.26,2.11,60,0.87,1.77,0.63,57,0.84,69,1.89,0,8,5.84,3.37,1.68,0.84,29.11,0.21,3,0.21,13,0.21,0,0.21,20,76,2.11,20,43,6.95,4.21,14,50,-26,35.69,0.63,0.23,0.23,18.32,91,5.41,0.84,0.21,0.21,0,0,0.63,0.84,0,100,0.21,33,0,26,71,3,25,50,25,25.44,21.44,0.89,86,-4,22.62,18.42,0,0,0,0,0,,0,0,,0,0,0,0,0,0,21,10,1.24,11,0.03,0.04,0.15,0.09,,0.32
Manuel Erasmo Lucas Ayoví,Libertad,Liga Pro,2026,756,Right Centre Back,Ecuador,33,14/03/93,0,0,0,,0,,,0,,0,0.12,0.07,0.24,0.12,0.07,0.24,0,0,0,0.12,0.07,0.24,0.05,0.12,0.12,0,100,0.48,0,0.36,0.12,1.43,0.93,3.57,2.46,6.55,2.62,0.05,4.05,20.43,6.79,1.07,0.71,2.14,75,0.53,1.46,0.6,50,0.24,54,1.55,0,5.24,3.28,2.38,0.83,0.24,26.86,0.83,16,0.36,43,0.24,0,0,18.58,78,2.03,14,55,4.05,3.22,12,86,8,35.65,1.19,0.21,0.26,13.22,96,4.31,1.31,0,0,0,0.24,0.48,0.48,0,,0,,0.24,38,57,4,55,36,9,23.68,23.34,0.94,94,-0.34,22.29,21.87,0,0,0,0,0,,0,0,,0,0,0,0,0,0,16,5,1.95,18,-0.01,0.02,0.07,,,0.08
Manuel José Hernández Porozo,Mushuc Runa,Liga Pro,2026,2466,Left Back,Ecuador,30,17/12/96,0,0,0.02,0.04,0.4,0,9,1,,0.01,0.04,0.04,0.51,0.04,0.04,0.51,0,0,0,0.04,0.06,0.91,-0.02,1.31,0.84,0.47,64,1.28,0,0.84,1.5,1.57,1.44,1.86,1.64,10,5.36,0.02,3.9,31.67,6.68,1.61,1.64,3.21,79,1.26,2.7,0.73,57,0.44,50,0.47,0,7.63,6.75,2.7,0.95,0.44,35.65,2.08,27,0.62,65,0.11,0,0,29.05,80,1.9,83,47,2.08,3.83,9,66,-14,49.47,3.94,0.22,0.27,27.44,93,5.86,6.28,0.88,0.73,0.15,0.04,0.8,1.53,0.04,63,0.62,35,0.15,30,58,12,26,61,13,20.37,17.49,0.91,94,-2.88,18.46,16.48,0,0,0,0,0,,0,0,,0,0,0,0,0,0,20,8,2.93,21,0.06,0.08,0.03,-0.01,,0.16
Marcos Mejía,Barcelona,Liga Pro,2026,711,Left Wing,Ecuador,28,25/06/98,0,0,0.1,0.07,1.52,0,17,2,,0.15,0,0.03,0.63,0,0.03,0.63,0,0,0,0,0.14,2.15,-0.14,1.39,0.89,0.51,64,1.39,0,2.79,3.04,0.25,0.33,0.89,0.64,21.41,9.63,0.01,5.7,49.3,6.46,3.42,1.52,1.77,71,1.92,2.26,2.79,38,0.63,47,2.03,0,17.1,17.63,4.31,3.93,1.27,50.7,8.23,48,2.79,71,0,0,0,27.36,76,1.01,18,47,1.14,1.9,25,66,-10,61.9,1.65,0.28,0.36,29.13,82,6.92,10.77,0.89,0.76,0.13,0.13,3.8,4.56,0,29,0.51,31,0.51,15,69,16,8,75,16,16.77,14.91,0.96,99,-1.87,16.08,14.8,0,0,0,0,0,,0,0,,0,0,0,0,0,0,25,9,4.98,34,0.01,0.04,0.07,-0.05,,0.07
Mario Sánchez,Emelec,Liga Pro,2026,683,Goalkeeper,Ecuador,31,20/10/95,0,0,0,,0,,,0,,0,0,0,0,0,0,0,0,0,0,0,0,0,0,0,0,0,,0,0,0,0,0,0,0,0,0,0,0,5.93,2.01,3.42,0,0,0,0,0,0,0,0,0.13,,0,0,0,0,0,0,0,,0,,0,,0.13,0,0,12.12,67,3.42,13,34,1.71,8.43,12,47,-20,12.18,0.53,0.15,0.15,10.67,100,6.71,0.4,0,0,0,0,0,0,0,,0,,0,49,51,0,100,0,0,40.47,44.06,0.67,72,3.59,27.18,31.54,0.66,0.78,0.13,81,77,4,0.76,3.42,33,10.54,2.06,0,0,13.32,-1,26,3,0.94,7,0.08,0.04,,,0.05,0.17
Marlon Medranda,Macará,Liga Pro,2026,708,Left Centre Back,Ecuador,27,18/05/99,0,0,0.03,0.05,0.51,0,25,0,,0.02,0,0,0.13,0,0,0.13,0,0,0,0,0.03,0.64,-0.03,0.25,0.25,0,100,0.89,0,0.25,0.25,1.4,1.35,3.3,3.36,9.66,4.32,0.05,5.59,26.28,11.05,1.91,1.02,2.41,89,0.9,2.26,1.27,0,0.13,65,1.65,0,7.37,7.35,3.68,2.16,1.14,32.74,1.02,14,0.51,24,0.13,0,0,39.39,78,3.56,79,51,3.81,6.48,10,63,-16,34.86,3.18,0.41,0.42,31.51,98,5.87,3.43,0,0,0,0,1.14,1.14,0,,0,,0,37,61,3,48,52,0,24.87,21.53,0.93,96,-3.34,23.2,20.7,0,0,0,0,0,,0,0,,0,0,0,0,0,0,21,5,3.86,19,0.05,0.05,0.05,-0.04,,0.11
Marlon Steeven Quiñones Mendoza,Orense,Liga Pro,2026,472,Left Centre Back,Ecuador,25,18/02/01,0.19,0.19,0.04,0.06,0.76,25,50,0,,0.14,0,0.03,0.19,0,0.03,0.19,0,0,0,0.19,0.07,0.95,0.12,0.38,0.38,0,100,0.38,0,0.38,0.76,1.53,2.04,4.58,6.47,9.16,2.67,0.04,4.2,26.38,12.41,2.67,0.76,2.29,50,1.04,3.08,0.95,40,0.76,82,3.44,0.19,7.44,9.53,2.48,1.34,0.57,30.17,1.15,15,0.38,29,0.19,0,0,37.03,81,3.63,7,61,5.54,4.96,13,59,-22,38.54,2.67,0.5,0.52,28.44,96,4.99,3.24,0.38,0.38,0,0.38,1.72,2.1,0,0,0,,0.38,29,67,5,41,53,6,22.81,24.07,0.93,103,1.26,21.24,24.74,0,0,0,0,0,,0,0,,0,0,0,0,0,0,24,9,3.19,19,0.06,0.06,0.02,0,,0.14
Martin Caramuto,Leones del Norte,Liga Pro,2026,718,Right Wing,Argentina,26,12/08/00,0,0,0.18,0.05,3.26,0,35,5,,0.08,0,0.08,1.38,0,0.07,1,0,0.02,0.38,0,0.26,4.64,-0.26,1.63,1,0.63,62,2.63,0,1.38,3.51,0.5,0.44,0.88,0.74,18.81,8.27,0.02,4.89,49.19,5.77,3.26,3.38,3.89,79,3.05,3.49,1.76,50,0.88,36,0.5,0,13.67,12.35,3.89,2.76,1,51.72,7.02,51,2.26,82,0.25,0,0,26.95,69,2.01,86,64,1.13,2.88,24,63,-6,61.3,3.64,0.23,0.4,29.46,89,5.94,8.9,1.38,0.88,0.5,0.5,4.14,5.01,0.25,18,0.38,38,0.5,14,74,12,8,85,7,18.44,15.43,0.96,101,-3.01,17.73,15.53,0,0,0,0,0,,0,0,,0,0,0,0,0,0,28,9,6.06,32,-0.03,0.09,0.01,-0.1,,-0.03
Martín Cháves,Técnico Universitario,Liga Pro,2026,315,Right Wing,Uruguay,28,11/05/98,0,0,0.05,0.05,1.14,0,0,1,,0,0.29,0.03,0.86,0,0,0.57,0.29,0.03,0.29,0.29,0.09,2,0.2,0.86,0.29,0.57,33,2.86,0,2.28,2.86,0.29,0.26,0,0,23.99,11.14,0,6.28,52.45,4.57,2.57,2.28,2.57,89,2.16,2.42,2,80,0.29,40,0.57,0,19.7,19.22,5.43,4.57,1.43,53.86,11.14,57,2.86,63,0.57,0,0,29.13,80,1.14,16,36,0.29,2.86,13,73,-7,60.91,6.28,0.2,0.21,32.84,86,6.37,13.99,0.57,0.29,0.29,0,1.43,1.71,0,0,0,0,0,20,63,17,24,53,22,17.97,14.64,0.93,107,-3.33,16.68,15.6,0,0,0,0,0,,0,0,,0,0,0,0,0,0,18,6,4.8,39,-0.04,0.05,0.03,-0.07,,-0.03
Martín Tello,Macará,Liga Pro,2026,1372,Right Centre Midfielder,Ecuador,22,15/09/04,0.26,0.26,0.13,0.07,1.84,14,29,3,,0.15,0.26,0.06,1.25,0,0.03,0.85,0.26,0.02,0.39,0.52,0.18,3.08,0.34,0.59,0.39,0.2,67,0.98,0,1.38,1.57,0.26,0.32,0.59,0.53,16.27,8.92,0.02,4.98,47.87,6.89,3.48,1.51,1.77,70,1.4,1.72,0.92,29,0.66,45,0.33,0,13.84,12.74,4.33,3.21,1.31,48.77,7.02,51,2.75,86,0,0,0,27.42,76,1.71,23,49,0.85,3.21,16,68,-8,59.4,3.48,0.44,0.49,24.07,90,4.77,8.13,1.05,0.52,0.52,0.07,1.51,2.03,0.07,13,0.2,21,0.2,18,72,10,15,73,12,19.68,15.51,0.94,107,-4.17,18.41,16.67,0,0,0,0,0,,0,0,,0,0,0,0,0,0,21,8,6.39,42,-0.04,0.05,0.01,0.04,,0.07
Mateo Burdisso,Aucas,Liga Pro,2026,450,Right Centre Back,Argentina,24,21/01/02,0,0,0.05,0.08,0.6,0,0,0,,0,0,0,0,0,0,0,0,0,0,0,0.05,0.6,-0.05,0.4,0.4,0,100,0.6,0,0.4,0.6,2.4,2.72,3.2,3.04,9.59,5.4,0.03,3,28.51,9.79,1.2,1,3.4,83,1.32,4.03,1.6,0,0.2,67,2,0,7,7.65,2,0.6,0,32.36,1.2,17,0.2,33,0.2,0,0,38.17,81,2,23,37,4.6,4,12,65,-16,35.71,2,0.13,0.14,28.98,97,4.23,2,0,0,0,0,1,1,0,,0,0,0,29,70,1,30,70,0,23.34,26.33,0.91,73,2.99,21.18,19.32,0,0,0,0,0,,0,0,,0,0,0,0,0,0,16,7,2.32,19,0.06,0.04,0.01,-0.08,,0.04
Mateo Burdisso,Delfin,Liga Pro,2026,1534,Left Centre Back,Argentina,24,21/01/02,0,0,0.07,0.08,0.88,0,47,0,,0.09,0,0,0.18,0,0,0.18,0,0,0,0,0.08,1.06,-0.08,0.06,0.06,0,100,0.35,0,0.23,0.12,1.23,0.44,5.63,2.36,6.04,2.99,0.04,4.52,22.65,8.39,1.11,0.76,2,65,0.47,0.91,0.53,33,0.41,84,2.7,0,4.75,2.54,2.41,0.94,0.47,30.35,0.7,15,0.18,19,0.23,0,0.06,26.41,78,2.82,20,47,6.28,5.4,11,57,-20,32.98,2,0.13,0.23,18.54,98,4.87,2,0.29,0.18,0.12,0,2,2.17,0,0,0,0,0.06,35,62,4,44,56,0,26.82,25.94,0.89,86,-0.88,23.74,22.3,0,0,0,0,0,,0,0,,0,0,0,0,0,0,23,9,1.9,17,0.03,0.03,0.02,-0.03,,0.05
Mateo Carabajal,Independiente del Valle,Liga Pro,2026,1820,Right Centre Back,Argentina,29,20/02/97,0.05,0.05,0.03,0.05,0.64,8,8,0,,0.02,0,0,0.05,0,0,0.05,0,0,0,0.05,0.03,0.69,0.02,0.15,0.15,0,100,1.63,0,0.35,0.4,1.29,1.55,4.9,6.01,10.14,6.03,0.04,6.83,27,8.21,1.34,1.63,2.92,83,2.22,3.76,0.89,57,0.35,63,2.57,0,7.67,10.07,4.4,1.43,0.69,33.02,1.53,20,0.59,41,0.25,0.05,0,55.2,92,6.23,16,78,5.59,7.32,12,79,-12,38.6,5.34,0.63,0.66,47.23,99,5.37,6.08,0.1,0.1,0,0.1,1.78,1.88,0,0,0.05,50,0.15,22,76,2,33,66,1,23.79,20.61,0.98,101,-3.19,23.21,20.8,0,0,0,0,0,,0,0,,0,0,0,0,0,0,11,5,4.92,27,0.09,0.08,0.08,-0.04,,0.2
Mateo Maccari,Deportivo Cuenca,Liga Pro,2026,1851,Right Defensive Midfielder,Argentina,26,28/12/00,0,0,0.04,0.06,0.68,0,7,0,,0.01,0.05,0.06,0.63,0,0.05,0.53,0.05,0.01,0.1,0.05,0.09,1.31,-0.05,0.24,0.24,0,100,1.07,0,0.49,0.19,0.73,0.74,1.36,1.38,16.58,9.73,0.03,6.76,36.22,9.58,3.65,2.67,3.4,81,2.89,3.63,1.12,45,0.63,62,1.41,0,12.79,12.82,4.81,2.58,0.97,38.61,3.4,27,1.31,51,0.19,0,0.05,49.65,89,8.51,6,81,1.8,10.02,10,79,-10,45.74,5.45,0.34,0.46,41.82,98,4.62,7,0.29,0.19,0.1,0.05,0.63,0.83,0.05,17,0.1,100,0.1,14,81,6,17,80,3,25.22,19.61,0.98,102,-5.61,24.83,20.07,0,0,0,0,0,,0,0,,0,0,0,0,0,0,10,4,4.6,31,0.04,0.06,0.03,-0.03,,0.1
Mateo Ortíz,Manta FC,Liga Pro,2026,1613,Left Centre Back,Ecuador,26,30/01/00,0,0,0.04,0.05,0.73,0,31,0,,0,0,0.01,0.28,0,0.01,0.28,0,0,0,0,0.05,1,-0.05,0.28,0.22,0.06,80,1.67,0,0.45,0.56,1.12,0.95,5.8,3.79,12.77,6.08,0.06,5.58,28.52,9.71,1.9,1.84,2.96,75,1.52,2.46,0.84,29,0.61,70,2.45,0.11,10.1,8.74,3.4,1.73,0.56,36.91,2.68,27,0.84,48,0.28,0.06,0,31.29,78,2.4,19,47,6.69,4.18,16,68,-10,40.25,2.12,0.19,0.21,24.54,97,5.07,3.4,0.11,0.06,0.06,0.06,1.73,1.79,0,0,0,0,0.17,29,67,3,34,57,8,22.98,21.5,0.9,94,-1.48,20.6,20.26,0,0,0,0,0,,0,0,,0,0,0,0,0,0,19,7,2.38,18,0.01,0.06,-0.01,-0.03,,0.02
Mateo Piedra,Deportivo Cuenca,Liga Pro,2026,1294,Left Centre Back,Ecuador,26,22/03/00,0,0,0.01,0.04,0.14,0,0,0,,0,0,0,0,0,0,0,0,0,0,0,0.01,0.14,-0.01,0.07,0,0.07,0,0.7,0,0.07,0.21,0.42,0.42,3.34,3.07,8,4.1,0.06,4.59,23.46,6.4,1.32,0.97,1.39,64,1.22,1.64,0.7,22,0.56,43,0.83,0,6.33,6.62,2.92,0.83,0.35,28.57,0.77,12,0.21,25,0.28,0,0,44.04,86,3.9,83,51,4.45,6.47,6,62,-24,36.05,3.55,0.21,0.21,37.85,99,5.29,3.76,0.14,0.14,0,0,0.28,0.42,0,0,0,0,0,26,71,2,50,48,2,24.38,29.53,0.9,84,5.15,22.02,24.73,0,0,0,0,0,,0,0,,0,0,0,0,0,0,15,7,3.19,21,0.1,0.06,0.02,-0.01,,0.17
Mateo Viera,Macará,Liga Pro,2026,1383,Right Midfielder,Ecuador,22,03/11/04,0.2,0.2,0.15,0.08,1.82,11,32,2,,0.26,0.07,0.15,1.43,0.07,0.15,1.43,0,0,0,0.26,0.3,3.25,-0.04,1.37,1.04,0.33,76,1.3,0,1.3,1.56,0.26,0.26,0.39,0.35,17.83,8.59,0,4.43,50.94,6.7,3.12,1.17,1.43,58,1.22,1.48,0.98,7,0.85,30,0.46,0,15.69,14.58,3.91,2.86,0.98,52.69,7.94,51,2.28,80,0,0,0,31.57,75,1.56,24,52,1.04,2.34,24,69,-6,60.35,4.56,0.48,0.63,29.74,92,5.44,12.43,1.04,1.04,0,0.39,3.12,4.17,0.07,25,0.46,30,0.39,18,68,14,18,68,14,18.11,16.64,0.96,103,-1.47,17.45,17.09,0,0,0,0,0,,0,0,,0,0,0,0,0,0,28,12,6.24,41,0.09,0.09,0.01,0.05,,0.25
Matheo Castaño,Técnico Universitario,Liga Pro,2026,2276,Right Defensive Midfielder,Colombia,27,14/04/99,0.16,0.12,0.07,0.04,1.78,7,33,2,100,0.1,0.08,0.08,1.54,0.08,0.06,1.23,0,0.02,0.32,0.2,0.15,3.32,0.04,0.95,0.63,0.32,67,0.63,0,0.87,0.95,0.47,0.32,0.43,0.28,15.66,8.94,0,4.31,42.55,8.11,3.84,1.03,1.5,52,0.66,0.98,1.03,21,0.95,18,0.08,0,13.6,8.91,3.6,3.16,0.91,43.62,4.71,35,1.98,63,0.32,0,0,45.79,84,5.3,10,66,1.23,7.2,14,78,-7,50.8,7.99,0.36,0.41,42.47,97,5.76,12.1,1.11,0.75,0.36,0.08,0.95,1.7,0.08,21,0.32,38,0.16,25,68,7,32,64,4,21.47,18.8,0.96,103,-2.68,20.63,19.41,0,0,0,0,0,,0,0,,0,0,0,0,0,0,17,7,6.86,48,0.08,0.1,0,-0.04,,0.14
Matías Klimowicz,Deportivo Cuenca,Liga Pro,2026,839,Centre Forward,Ecuador,19,23/03/07,0.54,0.54,0.35,0.13,2.68,20,40,8,,0.49,0,0.04,0.75,0,0.04,0.75,0,0,0,0.54,0.39,3.43,0.15,0.54,0.21,0.32,40,0.64,0,1.18,2.04,0.64,0.37,0.32,0.4,18.03,8.91,0.01,4.08,61.62,3.97,2.68,0.54,1.18,42,0.49,0.86,1.5,13,0.75,38,0.97,0,16.1,15.14,3.54,3.65,0.54,64.28,12.24,76,3.22,88,0.32,0,0.11,12.88,69,0.54,17,42,0.43,1.18,20,61,-8,56.8,1.29,0.21,0.45,11.91,79,4.91,3.01,0.11,0.11,0,0.11,4.62,4.72,0,0,0.11,50,0.11,15,60,25,14,64,21,17.7,13.73,0.91,102,-3.97,16.14,13.96,0,0,0,0,0,,0,0,,0,0,0,0,0,0,26,7,2.1,16,-0.03,0.03,-0.03,0.2,,0.16
Matías Lugo,Barcelona,Liga Pro,2026,2684,Left Defensive Midfielder,Argentina,25,09/05/01,0,0,0.01,0.02,0.44,0,8,0,,0,0.03,0.02,0.64,0.03,0.02,0.64,0,0,0,0.03,0.03,1.07,0,0.54,0.34,0.2,63,0.97,0,0.74,0.74,0.84,0.76,1.27,1.27,23.97,13.95,0.05,8.35,40.01,10.86,5.26,2.11,2.95,69,2.4,3.16,1.71,38,0.94,55,1.21,0.07,20.18,21.93,6.77,4.93,1.64,41.63,6.4,32,2.75,56,0.13,0,0,45.93,87,2.48,12,69,1.64,3.22,15,77,-9,48.68,6.54,0.32,0.33,40.1,97,5.08,9.09,0.47,0.44,0.03,0.03,0.2,0.64,0,14,0.07,25,0.03,20,75,5,26,73,1,19.79,17.05,0.99,104,-2.74,19.57,17.7,0,0,0,0,0,,0,0,,0,0,0,0,0,0,16,8,4.91,33,0.02,0.08,0.05,-0.01,,0.14
Matías Miranda,Macará,Liga Pro,2026,1326,Centre Attacking Midfielder,Argentina,26,04/05/00,0.07,0.07,0.08,0.05,1.43,5,43,2,,0.09,0.27,0.16,1.77,0.2,0.13,1.43,0.07,0.02,0.34,0.34,0.23,3.19,0.1,1.77,1.15,0.61,65,1.22,0.07,2.04,2.17,0.48,0.36,0.14,0.07,14.8,6.11,0.01,5.5,51.89,8.69,4.48,1.43,1.9,81,1.42,1.78,0.61,38,0.34,63,0.81,0,12.76,11.64,4.96,3.8,1.49,52.4,6.52,51,2.31,61,0,0,0.07,39.44,75,3.33,79,52,0.81,5.77,19,68,-6,57.82,7.13,0.42,0.53,36.52,89,5.64,13.03,1.63,1.02,0.61,0.2,1.7,2.72,0,25,0.54,22,0.34,21,68,11,20,68,12,21.05,18.86,0.92,99,-2.19,19.35,18.67,0,0,0,0,0,,0,0,,0,0,0,0,0,0,21,5,6.6,50,0.03,0.1,0.07,-0.01,,0.19
Matías Perello,Independiente del Valle,Liga Pro,2026,1384,Left Midfielder,Argentina,25,16/11/01,0.52,0.52,0.48,0.15,3.19,16,29,5,,0.46,0.2,0.28,1.63,0.2,0.28,1.56,0,0,0.07,0.72,0.77,4.81,-0.05,1.63,0.98,0.65,60,1.3,0,0.78,2.02,0.33,0.43,0.33,0.21,12.49,6.63,0.01,3.9,48.79,5.4,3.51,1.3,1.63,54,1.55,1.98,0.98,29,1.11,33,0.13,0,10.21,12.16,2.93,2.28,0.65,49.86,4.88,48,1.89,83,0.2,0,0,23.02,64,2.41,18,53,0.72,4.16,13,62,-2,64.43,2.86,0.66,0.99,23.28,90,5.07,9.5,2.28,2.02,0.26,0.72,5.2,7.22,0.07,34,1.04,33,0.78,17,67,15,21,62,17,21.76,18.36,0.98,102,-3.4,21.3,18.65,0,0,0,0,0,,0,0,,0,0,0,0,0,0,29,6,4.94,25,0.12,0.13,0.02,0.14,,0.41
Mauricio Cagua,Técnico Universitario,Liga Pro,2026,828,Right Centre Back,Ecuador,22,16/02/04,0.11,0.11,0.06,0.08,0.76,14,43,1,,0.13,0,0,0,0,0,0,0,0,0,0.11,0.06,0.76,0.05,0.43,0.43,0,100,0.22,0,0.54,0.22,2.07,1.58,4.68,3.91,15.01,8.05,0.07,6.2,24.92,8.59,1.52,2.39,4.46,71,1.82,3.4,1.74,38,0.98,46,1.2,0,10.87,8.62,4.35,1.63,0.76,28.49,1.52,14,0.76,47,0.54,0,0,26.97,77,2.61,3,51,5.33,4.46,9,46,-31,35.48,1.96,0.16,0.21,20.88,97,5.36,2.07,0.11,0,0.11,0,0.98,0.98,0,0,0,,0,43,55,2,58,42,0,24.78,25.71,0.87,108,0.93,21.64,27.81,0,0,0,0,0,,0,0,,0,0,0,0,0,0,27,10,2.56,16,0.06,0.03,0.04,-0.03,,0.1
Mauricio Sebastián Alonso Pereda,Universidad Católica,Liga Pro,2026,2110,Left Wing,Uruguay,32,11/02/94,0.3,0.3,0.19,0.08,2.47,12,38,3,,0.21,0.13,0.11,1.15,0.13,0.11,1.07,0,0,0.09,0.43,0.3,3.63,0.13,1.24,0.77,0.47,62,0.98,0,1.28,1.75,0.51,0.58,0.43,0.59,13.56,6.7,0.01,4.26,51.56,4.86,2.99,1.41,1.92,70,1.8,2.37,1.19,33,0.6,39,0.47,0,10.96,14.83,3.03,2.43,0.68,52.53,5.89,54,1.83,75,0.17,0,0,31.3,76,2.43,8,58,0.85,3.75,13,64,-12,62.88,3.28,0.41,0.6,31.18,92,5.21,12.71,1.62,1.49,0.13,0.17,3.67,5.16,0.17,29,0.6,25,0.43,12,66,22,12,62,25,20.04,17.28,0.94,97,-2.75,18.86,16.78,0,0,0,0,0,,0,0,,0,0,0,0,0,0,21,8,5.2,30,0,0.05,0,-0.04,,0
Mauro Demián Luque,Leones del Norte,Liga Pro,2026,671,Right Wing,Argentina,27,26/05/99,0.13,0.13,0.18,0.08,2.15,6,31,3,,0.18,0.27,0.12,1.34,0.27,0.12,1.21,0,0,0.13,0.4,0.3,3.49,0.1,1.61,0.94,0.67,58,0.67,0,1.07,1.74,0.81,0.54,2.55,2.09,8.59,3.62,0.03,2.68,37.98,7.38,3.76,1.21,2.01,69,1.01,1.55,0.81,43,0.54,53,2.28,0,6.58,6.46,2.28,1.21,0.4,48.57,2.95,45,0.94,78,0,0,0,26.97,69,1.61,29,52,2.95,2.68,15,65,-5,56.84,3.09,0.55,0.66,23.48,90,6.9,8.99,1.61,1.07,0.54,0.54,4.96,6.04,0,50,1.07,40,0.94,27,62,11,21,69,10,18.52,17.32,0.91,95,-1.2,16.84,16.49,0,0,0,0,0,,0,0,,0,0,0,0,0,0,36,10,7.94,38,0.14,0.05,0.06,0.06,,0.31
Mauro Díaz,Universidad Católica,Liga Pro,2026,1879,Centre Attacking Midfielder,Argentina,35,09/03/91,0.14,0.14,0.13,0.08,1.58,9,36,1,,0.18,0.53,0.43,3.88,0.38,0.27,2.4,0.14,0.16,1.48,0.67,0.56,5.46,0.11,1.15,0.72,0.43,63,2.83,0,1.34,1.58,0.34,0.34,0.34,0.42,10.63,4.6,0,3.11,52.86,5.84,3.02,0.72,1.05,48,0.91,1.25,0.91,17,0.77,8,0.05,0,9.05,12.04,2.49,2.44,0.57,54.78,5.6,62,1.82,75,0.19,0.05,0,55.28,81,7.71,6,62,1.15,11.64,14,87,6,56.99,11.83,0.64,0.79,51.88,95,4.04,19.83,3.98,1.96,2.01,0.14,1.92,3.88,0.62,13,0.72,50,0.24,22,67,11,30,62,8,23.25,17.85,0.93,101,-5.4,21.67,18,0,0,0,0,0,,0,0,,0,0,0,0,0,0,17,5,10.84,61,0.25,0.06,0.02,0.04,,0.37
Maverick Vera,Aucas,Liga Pro,2026,911,Right Midfielder,Ecuador,19,15/04/07,0,0,0.11,0.09,1.19,0,8,2,,0.03,0,0.02,0.49,0,0.02,0.49,0,0,0,0,0.12,1.68,-0.12,1.58,0.79,0.79,50,1.09,0,2.37,2.96,0.4,0.48,1.19,1.05,17.59,6.92,0.01,3.85,46.6,8.99,4.94,1.98,2.37,80,1.92,2.4,1.38,17,0.49,50,0.99,0,14.23,14.94,3.46,3.56,0.89,48.16,5.83,41,2.57,72,0.1,0,0,32.41,81,0.89,22,39,1.38,2.07,14,63,-18,60.24,3.46,0.28,0.3,32.21,85,6.27,12.45,0.49,0.49,0,0.2,3.66,4.15,0,0,0.1,6,0.59,13,68,19,16,61,23,16.75,14.74,0.93,97,-2.01,15.54,14.29,0,0,0,0,0,,0,0,,0,0,0,0,0,0,23,9,3.4,29,-0.08,0.11,0.02,-0.07,,-0.02
Melvin Díaz,Deportivo Cuenca,Liga Pro,2026,1459,Left Midfielder,Ecuador,25,25/11/01,0.12,0.12,0.11,0.06,1.97,6,34,3,,0.13,0.06,0.14,1.42,0.06,0.12,1.3,0,0.03,0.12,0.19,0.25,3.39,-0.07,1.6,1.23,0.37,77,1.6,0,1.79,2.1,0.56,0.58,0.31,0.27,24.56,12.4,0.02,6.11,52.13,5.98,3.39,1.36,1.91,67,1.35,1.93,1.42,23,0.68,40,0.99,0,21.84,20.56,5.06,4.38,1.17,54.25,12.65,58,3.21,73,0.06,0,0,29.8,80,1.85,76,60,1.05,2.34,20,75,-5,58.74,4.81,0.26,0.41,30.79,90,6.11,10.43,1.05,0.8,0.25,0.43,2.71,3.52,0,53,0.86,41,0.62,14,68,18,12,68,20,18.81,17.3,0.96,105,-1.51,18.12,18.25,0,0,0,0,0,,0,0,,0,0,0,0,0,0,20,9,5.53,33,0.08,0.09,0.01,-0.02,,0.16
Michael Bermúdez,Orense,Liga Pro,2026,1167,Centre Attacking Midfielder,Ecuador,20,12/01/06,0.31,0.31,0.28,0.1,2.7,11,29,3,,0.31,0.15,0.11,1.23,0.08,0.1,1.16,0.08,0.01,0.08,0.46,0.39,3.93,0.07,1.46,0.62,0.85,42,1.46,0,2.47,3.7,0.31,0.3,0.08,0.04,16.73,7.09,0.01,3.93,59.73,3.93,2.62,0.85,1.16,65,1.24,1.53,1.7,40,0.46,40,1.46,0,14.18,17.45,3.55,3.24,0.85,60.77,9.94,70,2.78,86,0.23,0,0,24.21,79,1.23,12,73,0.39,1.39,25,65,-14,63.29,3.08,0.3,0.53,26.75,82,6.01,10.72,1.08,0.77,0.31,0.39,5.47,6.24,0.08,21,0.39,56,0.77,12,70,18,12,71,17,16.64,15.12,1,95,-1.51,16.59,14.35,0,0,0,0,0,,0,0,,0,0,0,0,0,0,26,11,3.83,28,0.02,0.03,0,-0.05,,-0.01
Michael Estrada,LDU Quito,Liga Pro,2026,1485,Centre Forward,Ecuador,30,06/04/96,0.36,0.36,0.4,0.11,3.45,11,37,8,,0.5,0.12,0.16,0.85,0.12,0.16,0.85,0,0,0,0.48,0.56,4.3,-0.08,1.64,0.85,0.79,52,1.33,0,1.58,3.39,0.12,0.11,0.73,0.68,11.64,4.06,0.01,3.03,61.52,3.27,2.18,0.42,0.55,70,0.55,0.66,1.76,0,0.18,51,2.24,0,9.45,9.77,2.67,2.48,0.79,67.12,7.45,79,2.06,83,0.24,0,0,13.39,54,0.61,16,37,1.21,1.15,31,50,-4,66,2.3,0.51,0.78,16.18,78,6.29,5.21,0.85,0.85,0,0.61,7.27,8.12,0.3,7,0.3,38,0.73,27,65,8,20,76,5,18.3,16.69,1.01,93,-1.61,18.46,15.49,0,0,0,0,0,,0,0,,0,0,0,0,0,0,36,10,2.83,20,0,0.03,-0.01,0.1,,0.13
Miguel Caicedo,Leones del Norte,Liga Pro,2026,345,Left Back,Ecuador,26,28/09/00,0,0,0.02,0.01,1.57,0,17,1,,0,0.26,0.13,1.57,0,0.08,0.78,0.26,0.06,0.78,0.26,0.15,3.13,0.11,2.61,1.57,1.04,60,1.57,0,1.3,2.35,0.52,0.34,2.35,1.84,15.14,8.09,0.02,4.96,31.06,5.74,3.13,1.83,2.35,78,1.63,1.96,2.09,67,0.52,83,1.3,0,11.22,8.69,3.91,1.3,0,33.9,1.83,16,0.52,40,0.52,0,0,28.19,70,2.61,83,45,3.13,4.96,12,53,-17,53.82,4.18,0.13,0.18,32.62,89,5.85,6.26,2.61,1.04,1.57,0,0,1.04,0,50,1.57,38,0,26,66,8,25,67,8,21.56,20.52,0.89,103,-1.04,19.19,21.23,0,0,0,0,0,,0,0,,0,0,0,0,0,0,29,9,2.98,24,0.19,0.08,0.02,-0.04,,0.25
Miguel Parrales,Orense,Liga Pro,2026,669,Centre Forward,Ecuador,31,25/12/95,0.13,0.13,0.16,0.13,1.21,11,56,2,,0.26,0,0.23,1.75,0,0.23,1.75,0,0,0,0.13,0.39,2.96,-0.26,0.13,0.13,0,100,2.29,0,1.21,1.48,0.13,0.16,0.4,0.53,9.68,3.09,0.01,2.15,64,2.96,2.02,0,0.13,,0,0.16,1.48,,0,39,1.21,0,8.2,10.32,1.88,1.88,0.4,68.15,6.59,80,1.61,86,0,0,0,20.57,82,0.81,17,75,0.67,0.81,24,73,-9,63.47,1.08,0.18,0.56,18.28,88,3.9,8.47,0.81,0.81,0,0.81,6.05,6.86,0,17,0.4,60,1.34,10,72,18,8,79,13,15.51,15.65,1.02,107,0.13,15.84,16.67,0,0,0,0,0,,0,0,,0,0,0,0,0,0,21,9,4.28,32,-0.02,-0.03,-0.01,0.13,,0.07
Miguel Parrales,Barcelona,Liga Pro,2026,364,Left Centre Forward,Ecuador,31,25/12/95,0,0,0.22,0.1,2.23,0,22,4,,0.11,0,0.1,1.98,0,0.1,1.98,0,0,0,0,0.32,4.2,-0.32,0.49,0.25,0.25,50,0.99,0,1.73,1.98,0,0,0,0,15.83,5.44,0.03,3.71,64.46,3.96,2.97,0.25,0.25,17,0.4,0.4,1.48,20,1.24,36,2.23,0,14.1,17.98,2.97,2.47,0.49,63.28,9.65,68,2.23,90,0.25,0,0,22.26,82,0.25,14,50,0,0.49,18,82,1,63.59,1.98,0.39,0.54,19.04,82,5.08,10.39,0.25,0.25,0,0.49,7.67,7.91,0,0,0,0,0.74,12,71,17,10,74,17,15.63,12.3,0.98,103,-3.33,15.32,12.68,0,0,0,0,0,,0,0,,0,0,0,0,0,0,20,6,3.93,24,-0.07,-0.03,-0.02,-0.06,,-0.17
Miguel Perea,Técnico Universitario,Liga Pro,2026,1035,Left Wing Back,Ecuador,27,17/12/99,0,0,0.06,0.03,2,0,17,2,,0.08,0,0.12,1.13,0,0.12,1.04,0,0,0.09,0,0.18,3.13,-0.18,1.91,1.22,0.7,64,0.78,0,1.22,1.65,1.13,0.74,1.04,0.73,9.65,4.52,0,2,39.69,7.21,3.65,0.43,1.56,50,0.34,1.09,0.52,29,0.43,55,0.52,0,8.69,6.31,1.3,1.48,0.17,42.08,2.87,33,1.04,71,0.09,0,0.09,29.64,67,2.26,86,41,1.74,4.78,14,69,2,57.48,4.69,0.28,0.34,30.68,92,7.51,7.91,1.3,0.96,0.35,0.35,1.83,2.78,0,67,1.48,27,0.43,17,67,15,15,65,20,21.68,18.39,0.88,100,-3.29,19.1,18.35,0,0,0,0,0,,0,0,,0,0,0,0,0,0,33,7,5.24,35,0.07,0.13,0.02,-0.06,,0.17
Miguel Perea,Mushuc Runa,Liga Pro,2026,786,Left Midfielder,Ecuador,27,17/12/99,0,0,0.03,0.02,1.15,0,30,1,,0.01,0.11,0.18,1.37,0.11,0.13,0.92,0,0.04,0.46,0.11,0.2,2.52,-0.09,1.95,1.15,0.8,59,0.46,0,2.29,2.75,0.11,0.13,0.46,0.31,8.13,3.21,0.01,2.18,52.81,5.84,2.86,0.34,0.46,75,0.5,0.63,0.46,50,0.11,40,0.46,0,7.33,7.4,1.72,2.41,0.8,55.48,4.12,56,1.49,62,0,0,0,25.32,63,2.75,85,44,0.92,5.73,18,63,0,64.47,3.67,0.26,0.32,27.27,84,7.26,8.48,2.64,1.72,0.92,0.11,0.8,2.52,0.11,39,1.6,33,0.11,16,71,13,18,68,15,23.24,18.47,0.96,93,-4.76,22.35,17.19,0,0,0,0,0,,0,0,,0,0,0,0,0,0,33,8,5.45,39,0.18,0.07,0.01,-0.04,,0.23
Miler Bolaños,Guayaquil City,Liga Pro,2026,1038,Right Wing,Ecuador,36,31/05/90,0.26,0.26,0.09,0.04,2.08,13,33,2,,0.1,0.43,0.2,1.47,0.26,0.16,1.21,0.17,0.04,0.26,0.69,0.29,3.55,0.41,1.56,0.87,0.69,56,2.25,0,2.08,2.25,0.43,0.44,0.35,0.35,11.96,5.81,0,3.38,55.07,5.46,3.12,0.87,1.3,56,0.96,1.4,0.87,30,0.69,25,0.17,0,10.23,12.12,2.86,3.21,1.04,56.45,6.59,64,2.86,89,0.35,0,0,47.33,79,2.95,9,65,0.69,4.16,17,76,-3,58.1,5.55,0.27,0.39,46.55,92,4.12,15.52,2.25,1.73,0.52,0.35,3.64,5.37,0.09,19,0.87,48,0.52,16,68,17,20,64,16,17.96,15.77,0.99,102,-2.19,17.86,16.17,0,0,0,0,0,,0,0,,0,0,0,0,0,0,21,9,5.05,56,0.1,0.06,0.01,-0.01,,0.17
Milton Céliz,Barcelona,Liga Pro,2026,942,Right Defensive Midfielder,Argentina,34,24/07/92,0.1,0.1,0.11,0.06,1.81,5,26,3,,0.16,0.1,0.05,0.76,0.1,0.05,0.76,0,0,0,0.19,0.15,2.58,0.04,1.15,0.48,0.67,42,2.2,0,1.43,2.01,0.57,0.5,1.24,0.86,17.38,8.02,0.02,6.02,42.85,7.45,3.53,1.62,2.2,59,1.54,2.03,1.81,31,1.15,57,2.58,0.1,13.94,12.52,4.49,3.92,1.34,45.61,5.63,40,2.2,56,0.1,0,0,32.28,75,2.29,26,63,1.72,3.15,20,70,-5,56.6,5.25,0.51,0.6,28.36,90,3.94,10.41,1.62,1.62,0,0.1,2.1,3.72,0.1,29,0.48,50,0.19,23,66,11,28,64,8,19.73,16.34,0.97,99,-3.39,19.12,16.15,0,0,0,0,0,,0,0,,0,0,0,0,0,0,22,7,5.81,41,0.04,0.04,-0.05,-0.02,,0.02
Nazareno Bazán,Mushuc Runa,Liga Pro,2026,331,Centre Forward,Argentina,27,07/03/99,0.27,0.27,0.33,0.12,2.72,10,10,7,,0.2,0,0.09,0.82,0,0.09,0.82,0,0,0,0.27,0.42,3.54,-0.15,0.27,0,0.27,0,0.82,0,0.82,2.18,0.27,0.16,1.09,1.23,13.88,5.99,0.03,4.9,61.82,3.26,2.99,1.09,1.36,100,0.89,1.05,0.82,,0,29,1.36,0,11.97,11.67,4.35,2.99,1.9,67.68,10.34,86,2.45,82,0,0,0,14.96,66,1.09,6,80,1.09,1.36,24,36,-30,58.5,2.18,0.28,0.55,13.06,85,3.89,5.17,0.54,0.54,0,0,4.35,4.9,0,0,0,,0.54,26,59,16,37,58,5,17.29,11.59,1.14,121,-5.7,19.78,13.98,0,0,0,0,0,,0,0,,0,0,0,0,0,0,31,9,3.24,27,-0.08,0.03,0.05,0.11,,0.1
Nestor David Caicedo Mina,Leones del Norte,Liga Pro,2026,528,Right Centre Forward,Ecuador,23,04/10/03,0.17,0.17,0.12,0.05,2.22,8,15,6,,0.05,0.17,0.05,0.68,0.17,0.05,0.68,0,0,0,0.34,0.17,2.9,0.17,1.02,0.68,0.34,67,1.53,0,1.53,2.9,0.17,0.17,0.34,0.4,14.15,5.46,0.01,3.75,55.92,4.43,3.07,0.34,0.51,50,0.17,0.34,1.19,0,0.34,22,1.36,0,12.79,8.85,3.24,2.73,1.53,56.91,9.03,71,2.22,81,0,0,0,12.61,72,0.68,20,67,0.68,0.68,35,78,6,61.38,2.22,0.13,0.27,15,84,6.34,4.6,0.34,0.34,0,0,4.26,4.6,0.17,0,0,,0.34,17,64,19,22,63,15,16.25,15.87,1.05,97,-0.38,17,15.46,0,0,0,0,0,,0,0,,0,0,0,0,0,0,31,9,2.45,22,-0.01,0.02,0,-0.06,,-0.04
Nicolás Leguizamón,Deportivo Cuenca,Liga Pro,2026,745,Centre Forward,Argentina,31,25/01/95,0.24,0.24,0.23,0.11,2.05,12,41,6,,0.33,0,0.06,1.33,0,0.06,1.33,0,0,0,0.24,0.3,3.38,-0.06,0.12,0.12,0,100,0.72,0,1.09,0.6,0.12,0.05,0.36,0.47,16.42,7.49,0.01,3.62,58.89,2.9,2.05,1.09,1.21,64,1.08,1.13,1.69,17,0.6,43,1.57,0,13.64,12.51,3.38,2.78,0.85,61.41,9.66,71,2.54,91,0.12,0,0,12.56,70,0.24,11,50,0.6,0.24,27,48,-21,57.44,1.57,0.17,0.37,9.78,90,5.85,3.74,0.36,0.36,0,0.12,3.74,4.1,0,0,0,0,0.48,15,66,20,10,71,19,15.61,14.04,1,107,-1.58,15.54,14.96,0,0,0,0,0,,0,0,,0,0,0,0,0,0,28,8,3.05,22,-0.04,0.05,0.06,-0.08,,-0.01
Nicolás Monserrat,Leones del Norte,Liga Pro,2026,2492,Centre Back,Argentina,30,07/09/96,0,0,0.02,0.07,0.25,0,14,0,,0,0,0.02,0.25,0,0.02,0.25,0,0,0,0,0.04,0.51,-0.04,0.36,0.32,0.04,90,0.18,0,0.11,0.29,1.19,0.96,5.78,4.63,6.57,2.89,0.07,4.51,21.25,9.53,0.9,1.08,2.27,71,0.99,1.96,0.61,68,0.43,66,1.95,0,4.87,4.44,2.27,0.79,0.4,27.03,0.69,14,0.32,41,0.29,0,0,33.22,83,6.07,19,65,6.54,8.56,10,74,-9,34.57,2.78,0.2,0.24,26.29,99,5.68,2.89,0.11,0.07,0.04,0.04,0.65,0.72,0.04,0,0.04,100,0.07,36,61,4,57,39,4,27.85,24.71,0.93,94,-3.14,25.97,23.24,0,0,0,0,0,,0,0,,0,0,0,0,0,0,19,8,3.91,29,0.06,0.07,0.06,-0.02,,0.16
Nixon Molina,Orense,Liga Pro,2026,511,Right Defensive Midfielder,Ecuador,33,25/03/93,0,0,0.11,0.07,1.59,0,33,1,,0.05,0.18,0.18,1.06,0.18,0.18,1.06,0,0,0,0.18,0.29,2.64,-0.11,1.06,0.35,0.7,33,2.29,0,1.94,1.59,1.76,1.84,1.41,1.43,16.04,6.87,0,7.05,40.24,12.34,5.99,1.59,3.35,53,1.82,3.66,1.41,27,1.41,67,1.76,0,13.04,15.54,5.11,2.82,1.41,42.83,4.93,38,1.59,56,0.18,0,0,57.63,79,4.23,26,57,2.11,6.7,21,79,0,52.27,7.23,0.26,0.55,51.81,94,5.17,13.39,1.41,1.41,0,0.35,3.52,4.93,0.35,0,0,0,0.7,25,68,6,26,63,11,19.85,17.24,0.96,107,-2.61,19.11,18.4,0,0,0,0,0,,0,0,,0,0,0,0,0,0,21,10,5.22,37,0.08,0.14,0.01,-0.08,,0.15
Ober Medina,Delfin,Liga Pro,2026,1305,Left Centre Back,Ecuador,22,19/12/04,0,0,0.07,0.12,0.55,0,13,0,,0.01,0,0,0.07,0,0,0.07,0,0,0,0,0.07,0.62,-0.07,0.21,0.14,0.07,67,0.34,0,0.21,0.48,2.21,2.26,4.48,2.87,4.69,1.59,0.04,3.59,20.85,9.79,1.24,0.83,3.03,80,0.65,2.91,0.34,71,0.21,59,2.28,0,3.52,2.97,1.79,0.48,0.14,25.6,0.41,12,0.21,43,0,0,0,29.31,77,2.62,20,44,5.31,5.1,15,57,-20,32.29,1.38,0.22,0.23,20.48,97,5.64,1.45,0.21,0.21,0,0,1.03,1.24,0.07,0,0,,0.07,35,63,1,52,48,0,25.12,22.4,0.89,78,-2.71,22.27,17.53,0,0,0,0,0,,0,0,,0,0,0,0,0,0,21,6,1.6,14,0.05,0.07,0.03,-0.04,,0.1
Octavio Moscarelli,Manta FC,Liga Pro,2026,2600,Left Centre Back,Argentina,25,07/01/01,0.03,0.03,0.06,0.09,0.66,5,16,0,,0.05,0,0.02,0.17,0,0.02,0.17,0,0,0,0.03,0.07,0.83,-0.04,0.24,0.07,0.17,29,0.66,0,0.28,0.31,1.25,1.1,5.02,3.43,10.28,5.54,0.1,5.19,23.76,9.69,1.49,1.45,2.7,82,1.3,2.4,1.14,56,0.31,64,1.9,0.03,7.68,6.28,2.77,1.49,0.48,29.14,1.07,14,0.76,51,0.35,0,0,29.42,80,3.12,15,53,5.92,5.02,13,58,-22,33.08,1.42,0.14,0.19,22.57,98,4.39,1.42,0.21,0.1,0.1,0,1.28,1.38,0,33,0.07,33,0,28,69,3,37,59,5,24.77,24.07,0.92,96,-0.7,22.71,23.19,0,0,0,0,0,,0,0,,0,0,0,0,0,0,20,6,1.52,14,0.05,0.04,0.07,-0.02,,0.15
Orlando Jeampaul Herrera Martinez,Emelec,Liga Pro,2026,398,Right Back,Ecuador,22,22/01/04,0,0,0.01,0.06,0.23,0,0,0,,0,0,0.04,0.68,0,0.01,0.45,0,0.03,0.23,0,0.06,0.9,-0.06,0.68,0.68,0,100,0.68,0,1.36,1.36,0.9,0.84,1.58,1.22,20.8,11.3,0.06,7.01,30.35,7.23,2.71,1.81,2.71,80,1.4,2.24,1.13,33,0.45,73,2.49,0,17.86,12.44,5.65,3.16,1.36,33.98,3.39,19,1.36,43,0.23,0,0,26.67,74,2.71,20,52,2.03,4.75,15,62,-13,50.51,3.39,0.24,0.25,25.32,93,4.79,5.88,0.68,0.23,0.45,0,0.23,0.45,0,33,0.23,17,0,18,72,10,27,62,12,22.37,21.48,0.93,93,-0.89,20.79,19.98,0,0,0,0,0,,0,0,,0,0,0,0,0,0,29,9,4.48,33,0.09,0.06,-0.03,0,,0.12
Orlín Peter Quiñónez Ayoví,Libertad,Liga Pro,2026,839,Left Centre Back,Ecuador,32,07/07/94,0.11,0.11,0.01,0.03,0.43,25,75,0,,0.08,0,0.01,0.11,0,0.01,0.11,0,0,0,0.11,0.02,0.54,0.09,0.21,0.21,0,100,0.21,0,0.21,0.21,0.64,0.36,4.07,2.85,11.69,6.86,0.03,4.18,25.26,7.08,1.61,1.39,2.04,72,0.8,1.16,0.86,50,0.54,40,0.64,0,9.44,5.35,2.68,0.86,0.32,29.45,1.39,15,0.54,63,0.11,0,0,37.21,78,4.93,77,48,5.68,8.69,11,62,-16,38.2,3.97,0.44,0.45,31.42,99,4.34,4.5,0.43,0.43,0,0,0.32,0.75,0,50,0.21,40,0,42,55,3,43,52,5,26.71,32.3,0.89,81,5.59,23.85,26.32,0,0,0,0,0,,0,0,,0,0,0,0,0,0,21,8,4.06,28,0.11,0.04,0.06,0.03,,0.25
Oscar Arboleda,Leones del Norte,Liga Pro,2026,1134,Right Centre Midfielder,Ecuador,25,02/10/01,0.16,0.16,0.06,0.04,1.83,9,35,2,,0.1,0.16,0.12,1.91,0.08,0.1,1.43,0.08,0.02,0.48,0.32,0.18,3.73,0.13,2.06,1.11,0.95,54,1.27,0,1.27,2.46,0.4,0.34,0.71,0.54,14.29,6.59,0.02,5,47.75,6.59,3.81,1.75,2.14,73,1.5,1.83,0.95,38,0.64,52,1.27,0,11.59,9.32,3.81,3.41,1.43,50.52,5.87,51,2.54,74,0,0,0,35.65,78,3.89,86,60,1.35,5.8,24,75,-3,58.7,4.29,0.27,0.36,34.38,91,4.73,10.16,1.98,1.03,0.95,0.16,1.11,2.14,0.24,24,0.56,58,0.32,18,67,15,26,61,13,19.88,16.57,0.92,94,-3.32,18.2,15.61,0,0,0,0,0,,0,0,,0,0,0,0,0,0,24,9,5.08,46,0.06,0.03,0.01,0.02,,0.12
Oscar Esteban Quiñonez Mendoza,Orense,Liga Pro,2026,1773,Left Centre Back,Ecuador,25,18/02/01,0.05,0.05,0.04,0.07,0.61,8,17,0,,0.06,0.05,0.01,0.2,0.05,0.01,0.2,0,0,0,0.1,0.05,0.81,0.05,0.46,0.41,0.05,89,0.86,0,0.51,0.41,1.12,1.02,3.76,3.68,11.67,5.84,0.05,5.99,24.02,11.11,1.78,1.73,2.84,92,1.99,3.01,1.01,67,0.15,58,1.52,0,8.98,9.91,4.11,1.67,0.56,28.32,0.86,10,0.3,18,0.51,0,0.05,38.16,82,2.28,87,45,4.21,4.62,14,78,-3,38.28,3.15,0.24,0.25,30.4,97,5.84,3.55,0.1,0.1,0,0.1,1.32,1.42,0.05,0,0.05,20,0.1,33,65,2,39,60,1,21.99,21.17,0.92,95,-0.82,20.24,20.05,0,0,0,0,0,,0,0,,0,0,0,0,0,0,22,10,2.97,24,0.09,0.07,0.03,-0.01,,0.18
Pablo Mancilla,Guayaquil City,Liga Pro,2026,1349,Left Wing Back,Ecuador,34,31/08/92,0.07,0.07,0.01,0.04,0.27,25,25,0,,0.01,0,0.01,0.33,0,0.01,0.27,0,0,0.07,0.07,0.02,0.6,0.04,0.4,0.2,0.2,50,1.27,0,0.67,0.73,1.53,1.76,1.6,1.87,8.67,3.53,0.01,3.13,37.97,5.4,1.67,1.07,2.6,76,1.14,2.91,1.13,70,0.33,30,0.47,0,6.47,7.58,1.67,1.8,0.47,43.27,2.93,45,1.4,78,0.13,0,0,27.88,86,1.87,21,56,2.07,2.87,15,80,-6,48.1,2.93,0.23,0.29,24.54,96,3.18,5.14,0.47,0.27,0.2,0,0.47,0.73,0.07,14,0.07,33,0,19,64,17,23,60,17,18.9,17.37,0.96,96,-1.53,18.06,16.6,0,0,0,0,0,,0,0,,0,0,0,0,0,0,20,10,2.02,22,0.05,0.03,-0.01,-0.01,,0.06
Pablo Matías González Maciel,Guayaquil City,Liga Pro,2026,2033,Right Attacking Midfielder,Uruguay,30,12/09/96,0.13,0.09,0.08,0.06,1.42,6,34,1,100,0.08,0.04,0.11,1.28,0,0.05,0.89,0.04,0.05,0.4,0.13,0.19,2.7,-0.05,1.15,0.58,0.58,50,1.99,0,1.28,1.42,0.27,0.37,0.22,0.32,16.65,8.59,0,4.16,52.98,5.4,2.61,0.62,0.89,54,0.84,1.21,1.02,8,0.53,16,0.13,0,15.01,18.05,3.63,4.21,1.24,54.01,8.72,58,3.28,78,0.04,0,0,44.23,85,4.03,84,71,0.84,5.05,18,79,-6,54.91,5.53,0.24,0.3,40.06,94,4.93,11.38,1.55,0.97,0.58,0.04,1.24,2.21,0.13,14,0.27,23,0.18,14,67,20,20,59,21,19.75,17.88,0.98,104,-1.87,19.27,18.54,0,0,0,0,0,,0,0,,0,0,0,0,0,0,17,8,4.72,48,0.03,0.05,0.01,-0.02,,0.07
Patricio Boolsen,Deportivo Cuenca,Liga Pro,2026,2081,Right Centre Back,Argentina,28,27/01/98,0.04,0.04,0.04,0.11,0.39,11,33,0,,0.05,0,0,0.22,0,0,0.22,0,0,0,0.04,0.04,0.61,0,0.17,0.13,0.04,75,0.48,0,0.04,0.35,0.56,0.55,4.5,4.31,8.22,3.85,0.05,4.5,22.24,6.49,1.04,1.12,1.69,74,1.18,1.73,0.65,25,0.39,70,1.73,0.09,6.44,6.21,3.11,0.69,0.39,26.38,0.43,7,0.22,31,0.13,0,0.09,43.25,87,4.24,13,58,5.36,6.49,8,70,-17,35.32,1.95,0.16,0.16,37.2,99,4.68,2.34,0.09,0.09,0,0,0.99,1.08,0,50,0.04,50,0.09,25,73,2,48,50,2,25.02,26.95,0.93,95,1.94,23.16,25.73,0,0,0,0,0,,0,0,,0,0,0,0,0,0,14,6,3.02,21,0.02,0.03,0.07,-0.03,,0.1
Patricio Madero,Leones del Norte,Liga Pro,2026,751,Right Defensive Midfielder,Argentina,28,14/12/98,0.12,0.12,0.06,0.06,0.96,13,38,1,,0.13,0.12,0.05,0.96,0.12,0.05,0.96,0,0,0,0.24,0.11,1.92,0.13,0.72,0.6,0.12,83,1.44,0.12,1.08,1.68,0.72,0.59,1.2,0.86,16.06,8.15,0,4.55,43.85,13.54,6.47,2.28,3,73,1.93,2.52,1.44,50,0.84,76,1.92,0,12.58,10.87,3.48,3.12,0.84,45.4,5.75,46,2.04,65,0.12,0,0,40.27,80,1.92,11,53,1.44,3.36,12,71,-10,49.81,4.19,0.25,0.3,31.88,92,4.34,7.79,0.24,0.24,0,0.12,1.68,1.92,0.24,0,0,0,0.24,25,65,11,32,63,5,18,15.86,0.95,109,-2.14,17.11,17.29,0,0,0,0,0,,0,0,,0,0,0,0,0,0,19,8,6.04,41,0.08,0.06,0.03,-0.02,,0.16
Patrik Kleiver Mercado Altamirano,Independiente del Valle,Liga Pro,2026,424,Left Centre Midfielder,Ecuador,23,30/07/03,0,0,0.04,0.05,0.85,0,25,1,,0.01,0,0.05,1.48,0,0.04,1.27,0,0.01,0.21,0,0.09,2.33,-0.09,2.12,0.85,1.27,40,1.48,0,2.55,2.76,0.21,0.34,0.42,0.59,15.06,7,0,3.39,51.31,7.42,3.82,1.48,1.7,88,2.13,2.47,1.06,0,0.21,40,0.85,0,12.52,17.1,2.97,3.61,1.27,54.75,7.42,59,2.55,71,0.21,0,0,32.03,82,1.27,13,60,0.64,1.91,18,82,1,58.8,6.15,0.33,0.36,32.03,89,7.11,11.46,0.85,0.21,0.64,0.21,3.18,3.39,0,0,0,0,0.85,14,70,16,19,70,11,16.72,14.01,0.99,103,-2.71,16.54,14.39,0,0,0,0,0,,0,0,,0,0,0,0,0,0,15,3,4.6,28,-0.03,0.03,0,-0.03,,-0.03
Paul Charpentier,Orense,Liga Pro,2026,341,Centre Forward,Argentina,26,30/04/00,0,0,0.1,0.06,1.58,0,17,3,,0.02,0,0.04,0.53,0,0.04,0.53,0,0,0,0,0.14,2.11,-0.14,0.26,0,0.26,0,1.32,0,1.85,3.96,0.26,0.31,0.26,0.31,17.69,7.66,0,5.28,58.35,4.49,1.85,1.06,1.32,80,0.96,1.27,3.17,0,0.26,25,1.06,0,13.47,11.54,4.75,2.64,1.32,61.44,9.51,71,1.85,70,1.06,0.26,0,15.84,76,0.53,14,50,0.53,0.79,24,47,-29,58.68,2.11,0.24,0.32,16.37,76,6.74,5.54,0,0,0,0.26,3.43,3.43,0,,0.26,50,0.26,13,63,24,10,52,38,16.19,14.57,0.99,97,-1.62,16.09,14.1,0,0,0,0,0,,0,0,,0,0,0,0,0,0,18,6,2.43,20,0.01,0.02,-0.01,-0.09,,-0.07
Pedro Ortíz,Emelec,Liga Pro,2026,1913,Goalkeeper,Ecuador,36,18/02/90,0,0,0,,0,,,0,,0,0,0,0.05,0,0,0.05,0,0,0,0,0,0.05,0,0,0,0,,0.09,0,0,0,0,0,0,0,0.09,0.05,0,7.43,2.6,3.39,0,0,0,0,0,0,0,0,0.09,,0,0,0.09,0.11,0.09,0.09,0.09,20.54,0,0,0,0,0,0,0,16.13,66,5.6,14,40,2.35,11.76,14,54,-12,10.11,1.03,0.14,0.14,14.3,100,6.04,0.56,0.05,0.05,0,0,0,0.05,0,0,0,,0,51,49,0,100,0,0,44.27,47.12,0.75,70,2.85,33.07,33.15,1.03,1.06,0.02,67,66,1,0.99,3.1,28,11.24,1.55,0.09,0.09,14.04,1,27,4,1.76,14,0.08,0.08,,,0.01,0.17
Pedro Velasco,Orense,Liga Pro,2026,2372,Right Back,Ecuador,33,28/06/93,0,0,0.02,0.02,0.76,0,20,1,,0.01,0.08,0.06,1.02,0.08,0.04,0.68,0,0.02,0.34,0.08,0.08,1.78,0,0.46,0.34,0.11,75,0.68,0,0.57,0.64,0.68,0.77,1.78,1.93,8.46,3.79,0.02,3.26,31.71,8.16,3.19,1.06,1.75,65,1.06,1.83,0.42,44,0.57,56,0.87,0,6.98,7.45,2.62,1.37,0.46,35.06,1.44,21,0.72,53,0.15,0,0.04,39,80,3.22,12,52,2.16,5.84,12,78,-3,53.02,5.2,0.31,0.35,33.8,97,3.93,11.08,1.82,1.14,0.68,0.11,0.99,2.12,0.04,23,0.61,30,0.04,25,67,7,22,69,9,20.94,17.37,0.91,95,-3.57,19,16.47,0,0,0,0,0,,0,0,,0,0,0,0,0,0,23,11,4.99,38,0.17,0.06,0.01,-0.02,,0.22
Piero Andrés Guzmán Arrobo,Aucas,Liga Pro,2026,2555,Right Centre Midfielder,Ecuador,23,13/06/03,0.07,0.07,0.13,0.07,1.73,4,35,2,,0.16,0.14,0.18,2.18,0.07,0.13,1.73,0.07,0.06,0.46,0.21,0.31,3.91,-0.1,2.18,1.06,1.13,48,1.9,0,2.01,3.21,0.46,0.45,0.39,0.43,23.99,11.83,0.03,6.48,49.61,7.11,3.31,1.69,2.15,61,2.02,2.47,1.69,22,1.09,49,0.6,0,20.6,22.82,5.64,4.37,1.41,50.82,10.07,49,3.42,78,0.14,0,0,39.8,78,2.68,85,48,0.74,5.18,20,81,3,62.52,6.3,0.34,0.46,40.72,89,5.42,17.43,2.57,1.83,0.74,0.35,2.4,4.23,0.14,16,0.53,33,0.49,16,73,11,18,72,10,18.98,15.5,0.92,101,-3.48,17.52,15.71,0,0,0,0,0,,0,0,,0,0,0,0,0,0,21,9,7.09,50,0.05,0.11,0.03,-0.04,,0.16
Rafael Chila,Técnico Universitario,Liga Pro,2026,950,Right Centre Back,Ecuador,20,19/02/06,0,0,0.06,0.09,0.66,0,0,0,,0,0,0,0.09,0,0,0.09,0,0,0,0,0.06,0.76,-0.06,0,0,0,,0.38,0,0.09,0.19,1.23,1.11,3.89,2.65,12.32,6.63,0.08,4.93,27.94,8.43,1.71,2.27,3.51,77,1.78,2.89,1.8,50,0.66,71,1.42,0,8.25,5.58,2.75,1.52,0.38,32.76,2.08,25,0.76,50,0.19,0,0,22.18,76,2.46,10,51,4.55,4.17,8,52,-24,37.37,1.71,0.15,0.17,15.45,99,3.76,1.9,0.09,0.09,0,0,1.52,1.61,0,0,0,0,0.09,35,59,6,55,45,0,25.05,30.42,0.88,83,5.37,21.93,25.22,0,0,0,0,0,,0,0,,0,0,0,0,0,0,22,7,1.53,12,0.04,0.02,0.07,-0.06,,0.07
Rafael Romo,Universidad Católica,Liga Pro,2026,1411,Goalkeeper,Venezuela,36,24/02/90,0,0,0,,0,,,0,,0,0,0,0,0,0,0,0,0,0,0,0,0,0,0,0,0,,0.13,0,0,0,0,0,0.06,0.08,0.13,0.13,0,6.44,2.93,4.27,0,0,0,0,0,0,0.06,0,0.13,,0,0,0.06,0.12,0.06,0,0,19.95,0,0,0,,0,0,0,15.37,75,6.63,13,53,1.91,10.78,14,58,-17,11.2,1.4,0.12,0.12,13.71,100,5.39,0.45,0.19,0,0.19,0,0,0,0.06,0,0,,0,42,57,0,100,0,0,38.99,40.92,0.79,76,1.93,30.66,31.14,0.64,0.61,-0.02,72,73,-1,0.69,2.3,24,9.63,1.65,0.06,0.06,20.97,1,21,3,1.84,11,0.1,0.06,-0.04,,-0.07,0.05
Renato Ibarra,Mushuc Runa,Liga Pro,2026,1668,Right Centre Forward,Ecuador,35,19/01/91,0.22,0.16,0.15,0.05,3.07,5,28,3,100,0.13,0.11,0.17,2.21,0,0.07,0.97,0.11,0.1,1.24,0.27,0.32,5.29,-0.05,1.67,0.86,0.81,52,2,0,1.29,1.89,0.27,0.23,0.16,0.15,11.27,5.88,0.01,3.45,56.64,5.34,3.45,0.49,0.76,60,0.45,0.68,1.13,14,0.32,30,0.38,0,9.66,8.89,2.97,2,0.43,58.44,6.53,68,1.67,84,0.22,0,0,31.34,75,4.59,13,52,0.76,8.15,20,72,-3,61.09,6.74,0.25,0.38,33.66,92,5.7,12.35,2.64,1.02,1.62,0.11,1.62,2.64,0,22,0.7,37,0.11,16,75,9,24,69,7,24.26,18.15,0.91,103,-6.12,22.14,18.75,0,0,0,0,0,,0,0,,0,0,0,0,0,0,24,8,7.05,48,0.19,0.11,0,-0.08,,0.22
Renny Salen Jaramillo Barre,Orense,Liga Pro,2026,1757,Left Defensive Midfielder,Ecuador,28,11/06/98,0.05,0.05,0.08,0.08,0.97,5,37,1,,0.1,0,0.02,0.46,0,0.01,0.41,0,0,0.05,0.05,0.09,1.43,-0.04,0.41,0.26,0.15,63,0.97,0,1.13,1.02,0.82,0.89,1.49,1.44,19.42,10.96,0.03,7.38,38.6,8.81,3.33,1.64,2.46,60,1.72,2.61,1.43,39,1.08,48,0.82,0,16.4,16.87,5.69,3.59,1.23,41.33,4.61,28,1.84,51,0.31,0,0.05,40.37,86,2.36,75,72,1.9,2.87,19,78,-8,50.24,4.46,0.37,0.4,34.02,94,4.51,8.45,0.15,0.1,0.05,0.2,1.49,1.59,0,0,0.05,17,0.15,17,74,9,19,76,5,17.83,15.85,0.99,95,-1.98,17.57,15.04,0,0,0,0,0,,0,0,,0,0,0,0,0,0,16,7,3.68,29,-0.01,0.05,0,-0.01,,0.04
Ricardo Adé,LDU Quito,Liga Pro,2026,1851,Centre Back,Haiti,36,20/05/90,0.05,0.05,0.02,0.06,0.34,14,43,0,,0.05,0,0.03,0.44,0,0.02,0.39,0,0,0.05,0.05,0.05,0.78,0,0.15,0.15,0,100,0.58,0,0.15,0.24,0.92,0.93,5.01,4.87,7.1,4.03,0.04,4.23,24.05,9.28,1.56,1.07,1.99,69,1.27,2.2,0.97,53,0.49,75,2.28,0.05,5.06,5.67,2.38,0.83,0.34,28.94,0.73,14,0.34,41,0.19,0,0,36.26,87,4.28,12,70,5.3,5.78,10,68,-19,35.67,3.06,0.33,0.37,28.19,99,5.27,3.35,0.53,0.44,0.1,0.05,0.73,1.17,0,0,0,0,0.1,23,74,3,36,62,1,25.27,22.11,0.96,105,-3.16,24.33,23.23,0,0,0,0,0,,0,0,,0,0,0,0,0,0,13,5,3.85,23,0.05,0.04,0.16,0.02,,0.27
Richard Mina,LDU Quito,Liga Pro,2026,900,Right Centre Back,Ecuador,27,21/07/99,0,0,0.11,0.18,0.6,0,33,0,,0.1,0,0.04,0.5,0,0.04,0.5,0,0,0,0,0.15,1.1,-0.15,0,0,0,,0.4,0,0.2,0.1,0.8,0.94,5,5.09,10.1,5.4,0.05,5.5,28.43,9.4,2.5,0.9,1.7,69,0.88,1.82,1.5,63,0.4,64,1.8,0,7.7,7.91,3.6,1.2,0.6,32.46,1.4,18,0.5,42,0.5,0,0,36.59,79,4.3,21,61,5.7,6.3,10,79,0,40.45,4.3,0.43,0.52,28.89,99,5.47,4.7,0.5,0.4,0.1,0.1,1.2,1.6,0,40,0.2,50,0.1,28,69,3,36,62,2,24.23,24.58,0.94,103,0.35,22.79,25.4,0,0,0,0,0,,0,0,,0,0,0,0,0,0,20,7,4,24,0.06,0.03,-0.03,-0.02,,0.04
Richard Schunke,Independiente del Valle,Liga Pro,2026,745,Left Centre Back,Ecuador,35,25/11/91,0,0,0.02,0.05,0.36,0,0,0,,0,0,0,0.12,0,0,0.12,0,0,0,0,0.02,0.48,-0.02,0.12,0.12,0,100,0.12,0,0,0.12,0.72,0.67,4.59,3.97,10.51,6.88,0.09,4.71,25.33,9.78,2.29,2.17,2.9,86,2.05,2.72,0.6,40,0.36,85,2.78,0,7.73,8.26,3.02,1.45,0.6,32.19,1.57,20,0.48,33,0,0,0,59.9,87,6.52,33,64,5.31,9.54,10,66,-21,37.17,4.59,0.67,0.68,48.06,100,3.72,4.71,0.12,0.12,0,0,0.72,0.85,0,0,0,,0,24,74,1,44,56,0,24.77,20.32,0.95,94,-4.45,23.43,19.06,0,0,0,0,0,,0,0,,0,0,0,0,0,0,12,5,4.15,24,0.05,0.08,0.07,-0.03,,0.17
Robert Burbano,Manta FC,Liga Pro,2026,1132,Right Midfielder,Ecuador,31,09/04/95,0,0,0.06,0.07,0.95,0,17,1,,0.01,0.16,0.09,1.11,0.16,0.08,0.95,0,0.01,0.16,0.16,0.15,2.07,0.01,1.27,0.64,0.64,50,0.95,0,1.35,1.99,0.24,0.21,0.48,0.47,13.2,6.52,0.01,2.86,51.2,5.64,2.94,0.48,0.72,67,0.51,0.73,0.8,25,0.24,10,0.08,0,11.93,9.09,2.62,3.58,1.03,52.95,6.36,53,2.7,76,0,0,0,31.4,75,2.23,9,54,0.87,3.74,17,66,-9,58.4,5.88,0.26,0.36,32.04,92,6.04,11.05,1.83,1.51,0.32,0.32,2.07,3.58,0,26,0.72,27,0.48,18,70,11,23,67,10,19.96,16.54,0.96,105,-3.42,19.12,17.32,0,0,0,0,0,,0,0,,0,0,0,0,0,0,25,9,5.18,44,0.03,0.11,0,-0.05,,0.09
Robiño Quiñónez,Aucas,Liga Pro,2026,2299,Left Back,Ecuador,23,28/11/03,0.16,0.16,0.07,0.04,1.61,10,37,1,,0.13,0.04,0.09,0.9,0.04,0.09,0.86,0,0.01,0.04,0.2,0.16,2.51,0.03,2.27,1.33,0.94,59,0.82,0.04,1.64,1.8,0.9,1.01,1.14,1.14,13.86,6.73,0,4.5,40.04,7.56,3.09,1.88,2.78,70,2.3,3.31,1.33,30,0.82,42,0.31,0,10.69,12.78,3.09,2.23,0.63,44.37,4.23,40,1.96,88,0.12,0,0,46.55,81,3.33,87,62,1.84,4.66,11,81,0,55.1,6.66,0.31,0.37,44.79,93,4.2,15.31,0.98,0.86,0.12,0.16,1.72,2.58,0.04,28,0.35,19,0.2,23,66,11,21,68,10,19.09,18.38,0.96,103,-0.7,18.39,19.01,0,0,0,0,0,,0,0,,0,0,0,0,0,0,19,10,4.76,34,0.09,0.12,0,0.02,,0.23
Rodney Redes,LDU Quito,Liga Pro,2026,1188,Right Wing,Paraguay,26,21/02/00,0.23,0.23,0.19,0.08,2.5,9,24,5,,0.18,0.08,0.11,1.06,0.08,0.1,0.91,0,0.01,0.15,0.3,0.31,3.56,0,0.23,0.08,0.15,33,1.74,0,0.91,1.21,0,0,0.3,0.3,16.06,8.26,0.01,4.92,58.56,4.39,3.48,0.68,0.68,82,0.88,0.88,0.76,50,0.15,35,0.61,0,14.62,15.17,4.39,2.65,1.21,59.68,10.08,69,2.42,91,0.08,0,0,21.59,71,1.44,18,59,0.68,2.05,19,60,-11,64.71,2.58,0.44,0.66,20.91,93,4.71,8.64,1.21,0.98,0.23,0.08,3.03,4.02,0.08,31,0.53,27,0.15,13,70,17,14,68,18,18.16,15.18,0.99,105,-2.98,17.95,15.86,0,0,0,0,0,,0,0,,0,0,0,0,0,0,26,9,5.67,32,0.04,0.08,0,-0.01,,0.11
Rodrigo Formento,Mushuc Runa,Liga Pro,2026,2859,Goalkeeper,Uruguay,27,24/09/99,0,0,0,,0,,,0,,0,0,0.01,0.16,0,0,0.09,0,0,0.06,0,0.01,0.16,-0.01,0.06,0.06,0,100,0.19,0,0,0.03,0,0,0,0,0.06,0.03,0,6.11,2.64,4.63,0,0,0,,0,0,0,,0,,0,0.03,0.06,0.05,0.03,0.03,0,9.65,0,0,0,0,0.13,0,0,21.63,71,7.71,16,48,2.52,13.57,13,62,-9,12.24,1.67,0.11,0.11,20.18,100,5.77,1.01,0.09,0.09,0,0,0,0.09,0,0,0,,0,47,53,0,100,0,0,44.52,45.13,0.77,79,0.61,34.41,35.8,0.98,0.95,-0.03,66,67,-1,0.92,2.83,30,9.57,2.17,0.09,0.09,18.03,-1,22,2,1.83,13,0.11,0.07,0.01,,-0.13,0.06
Rodrigo Morínigo,Libertad,Liga Pro,2026,1088,Centre Back,Argentina,25,03/03/01,0,0,0.01,0.06,0.25,0,33,0,,0.04,0,0,0.08,0,0,0.08,0,0,0,0,0.02,0.33,-0.02,0,0,0,,0.74,0,0,0.25,1.24,0.75,5.21,3.23,13.48,7.11,0.04,6.04,23.62,6.95,0.33,1.65,2.9,87,1.14,1.89,1.57,50,0.25,60,1.49,0.08,10.26,6.56,4.14,1.41,0.5,27.21,1.08,10,0.5,35,0.25,0,0,25.89,86,3.97,12,76,5.38,5.05,7,83,-3,26.79,0.17,0.18,0.18,19.27,100,2.7,0.17,0,0,0,0,0.58,0.58,0,,0,0,0,21,75,4,50,0,50,25.4,16.84,0.98,105,-8.56,24.91,17.67,0,0,0,0,0,,0,0,,0,0,0,0,0,0,14,5,2.03,15,0.03,0.03,0.04,0,,0.1
Rodrigo Rodríguez,Macará,Liga Pro,2026,2405,Goalkeeper,Uruguay,31,24/11/95,0,0,0,,0,,,0,,0,0,0,0,0,0,0,0,0,0,0,0,0,0,0,0,0,,0.3,0,0,0,0,0,0,0,0.11,0.11,0,6.06,2.55,3.59,0.04,0,0,,0,0,0.04,,0,,0,0,0.07,0.1,0.04,0.04,0,33.06,0.04,50,0.04,100,0,0,0,12.98,68,5.31,9,41,1.16,11.79,8,60,-8,10.49,0.86,0.06,0.06,11.52,100,6,0.41,0,0,0,0,0,0,0,,0,,0,49,51,0,100,0,0,43.89,44.83,0.74,76,0.95,32.41,34.05,0.67,0.75,0.08,74,70,3,0.94,2.54,26,9.77,1.99,0.22,0.22,13.78,-1,28,2,1.39,10,0.1,0.06,-0.02,,0.02,0.16
Roger Bismarck Arias Briones,Guayaquil City,Liga Pro,2026,2482,Left Centre Back,Ecuador,26,25/02/00,0,0,0,0.01,0.11,0,100,0,,0,0.04,0.07,0.36,0.04,0.07,0.36,0,0,0,0.04,0.07,0.47,-0.03,0.15,0.11,0.04,75,0.76,0,0.33,0.25,0.54,0.61,2.36,2.75,7.29,3.7,0.03,3.45,30.29,6.67,1.89,0.76,1.31,54,0.98,1.59,1.02,42,0.65,56,0.69,0.04,5.55,6.92,1.99,1.52,0.58,37.91,1.99,36,0.98,64,0.36,0,0,46.24,83,4.21,89,48,3.59,7.54,13,73,-10,40.55,3.88,0.24,0.28,41.05,99,4.33,5.26,0.47,0.4,0.07,0.07,0.25,0.65,0.04,23,0.15,36,0.15,27,67,6,40,55,5,23.63,24.53,0.87,87,0.9,20.57,21.24,0,0,0,0,0,,0,0,,0,0,0,0,0,0,21,8,2.5,26,0.09,0.06,0.06,0,,0.21
Rolando Silva,Orense,Liga Pro,2026,2159,Goalkeeper,Ecuador,31,14/06/95,0,0,0,,0,,,0,,0,0,0,0,0,0,0,0,0,0,0,0,0,0,0,0,0,,0.17,0,0,0,0,0,0,0,0,0,0,6.75,2.8,2.92,0,0,0,0,0,0,0,0,0.04,,0,0,0,0,0,0,0,,0,,0,,0,0,0,16.84,74,5.34,18,47,2,9.25,14,59,-15,12.46,1,0.05,0.05,14.67,100,5.41,0.54,0,0,0,0,0,0,0,,0,,0,40,60,0,85,15,0,38.96,39.85,0.8,81,0.89,31.23,32.12,1.08,0.86,-0.22,67,73,-7,0.92,3.25,30,10.71,1.78,0.17,0.13,18.3,0,24,3,0.6,5,0.05,0.05,,,-0.25,-0.15
Romario Bolaños,Aucas,Liga Pro,2026,350,Right Midfielder,Ecuador,32,22/05/94,0,0,0.15,0.07,2.05,0,63,3,,0.38,0,0.07,1.28,0,0.06,1.03,0,0.01,0.26,0,0.21,3.34,-0.21,1.54,1.03,0.51,67,3.85,0,2.82,2.57,0.51,0.81,0.51,0.44,10.01,3.85,0,2.31,49.33,4.37,2.05,0.77,1.28,100,0.88,1.69,1.03,,0,70,1.8,0,8.22,8.93,1.28,1.28,0,52.86,4.62,56,0.77,60,0.26,0,0,28.5,80,2.05,13,62,1.03,2.82,14,53,-27,61.37,5.39,0.44,0.59,32.61,85,6.23,11.04,1.8,1.28,0.51,0.51,3.34,4.62,0.26,14,1.03,57,0.51,17,71,13,23,67,9,17.99,15.93,0.96,101,-2.06,17.23,16.17,0,0,0,0,0,,0,0,,0,0,0,0,0,0,18,7,5.55,38,0.15,0.14,-0.05,0.19,,0.41
Romario Caicedo,Emelec,Liga Pro,2026,1927,Right Back,Ecuador,36,22/05/90,0.09,0.09,0.05,0.06,0.84,11,28,1,,0.09,0,0.01,0.14,0,0.01,0.14,0,0,0,0.09,0.06,0.98,0.03,1.07,0.65,0.42,61,1.45,0,1.07,1.21,1.03,0.64,2.62,2.29,9.58,4.2,0.01,3.83,37.5,7.05,2.43,1.35,2.38,69,1.12,1.76,0.89,29,0.61,47,1.49,0,7.52,6.32,2.48,1.64,0.51,43.92,3.18,42,1.4,86,0.05,0,0,29.15,74,1.78,15,39,3.27,3.88,14,63,-11,52.14,3.5,0.3,0.32,26.53,93,4.45,7.15,1.03,0.61,0.42,0.14,1.73,2.34,0.05,27,0.37,22,0.19,28,62,11,26,64,10,20.6,18.89,0.87,96,-1.71,17.97,18.09,0,0,0,0,0,,0,0,,0,0,0,0,0,0,30,13,4,32,0.12,0.05,-0.02,-0.01,,0.15
Romario Ibarra,Deportivo Cuenca,Liga Pro,2026,428,Left Wing,Ecuador,32,23/09/94,0,0,0.06,0.03,1.89,0,0,3,,0,0,0.09,0.84,0,0.09,0.84,0,0,0,0,0.15,2.73,-0.15,1.68,0.84,0.84,50,0.63,0,1.68,1.89,0.21,0.34,0.21,0.3,6.51,3.15,0,2.1,45.24,4.83,1.47,0.42,0.63,67,0.19,0.53,0.21,0,0.21,17,0.21,0,5.88,5.41,2.1,0.84,0.42,47.05,2.73,46,0.63,75,0,0,0,27.94,82,0.84,15,67,0.42,1.05,16,74,-8,60.45,3.15,0.15,0.25,32.14,90,6.84,9.24,1.47,1.26,0.21,0.21,2.31,3.57,0,14,0.21,17,0.21,12,66,22,9,61,30,17.89,19.68,1.01,109,1.79,18.06,21.52,0,0,0,0,0,,0,0,,0,0,0,0,0,0,16,6,3.72,31,-0.02,0.08,0.01,-0.07,,0.01
Ronald Briones,Independiente del Valle,Liga Pro,2026,1319,Right Centre Midfielder,Ecuador,26,14/06/00,0.34,0.34,0.35,0.13,2.59,13,34,4,,0.27,0.14,0.1,1.09,0.14,0.1,1.09,0,0,0,0.48,0.45,3.68,0.03,1.64,1.16,0.48,71,1.91,0,2.05,2.32,0.61,0.77,0.48,0.56,19.52,8.19,0.03,6.07,48.71,6.55,3.68,2.25,2.87,77,2.72,3.48,2.32,29,0.68,18,0.2,0,15.08,18.44,4.91,3,0.96,50.34,6.96,46,1.98,66,0.27,0,0,26.41,80,2.39,12,78,0.68,2.87,16,78,-2,56.32,4.03,0.55,0.76,28.8,86,4.8,9.28,0.61,0.61,0,0.27,4.44,5.05,0.14,22,0.41,33,0.55,16,71,13,20,66,14,19.2,14.05,1.02,108,-5.16,19.56,15.11,0,0,0,0,0,,0,0,,0,0,0,0,0,0,16,4,4.64,23,-0.01,0.11,0.04,0.02,,0.15
Ronald Perlaza,Barcelona,Liga Pro,2026,300,Left Back,Ecuador,21,10/05/05,0,0,0,,0,,,0,,0,0.3,0.12,1.8,0.3,0.12,1.8,0,0,0,0.3,0.12,1.8,0.18,2.4,0.9,1.5,38,1.8,0,2.1,3.89,0.3,0.48,1.2,1.3,19.77,8.09,0,5.69,44.64,9.89,4.49,3,3.3,91,4.02,4.5,1.2,75,0.3,100,1.5,0,15.58,19.71,5.39,4.79,2.4,44.68,6.59,42,3.3,69,0.3,0,0,55.42,79,2.4,85,36,1.5,6.29,8,41,-38,54.69,5.99,0.42,0.44,56.62,90,4.75,16.78,1.2,1.2,0,0.3,1.5,2.7,0.3,25,0.6,14,0.6,21,70,10,25,59,16,19.53,17.12,0.92,130,-2.41,17.87,22.33,0,0,0,0,0,,0,0,,0,0,0,0,0,0,23,7,6.08,37,0.19,0.06,0.05,,,0.3
Ronie Edmundo Carrillo Morales,Emelec,Liga Pro,2026,453,Centre Forward,Ecuador,30,07/09/96,0,0,0.22,0.08,2.58,0,23,6,,0.14,0.2,0.12,1.19,0.2,0.12,1.19,0,0,0,0.2,0.34,3.78,-0.14,0.6,0.4,0.2,67,0.99,0,1.39,3.18,0.4,0.16,0.99,0.79,14.11,4.97,0.02,3.38,58.11,3.58,2.78,0.6,0.99,50,0.27,0.42,1.59,0,0.6,47,1.59,0,11.93,8.44,3.18,2.78,0.8,62.7,8.75,73,1.99,71,0,0,0,16.1,68,0.8,32,57,1.39,0.99,16,40,-28,58.05,2.58,0.47,0.67,15.51,74,4.47,5.37,0.6,0.6,0,0.4,4.37,4.97,0.2,0,0,0,0.2,13,66,21,26,67,7,17.47,19.61,0.99,122,2.14,17.34,23.83,0,0,0,0,0,,0,0,,0,0,0,0,0,0,23,7,2.84,21,-0.02,-0.06,0.04,-0.12,,-0.16
Ronie Edmundo Carrillo Morales,Mushuc Runa,Liga Pro,2026,1651,Centre Forward,Ecuador,30,07/09/96,0.54,0.49,0.39,0.13,2.89,17,42,6,100,0.53,0.11,0.12,1.04,0.11,0.12,1.04,0,0,0,0.6,0.51,3.92,0.09,1.04,0.71,0.33,68,1.36,0,1.85,2.34,0.33,0.2,0.71,0.58,12.97,5.18,0.01,3,60.2,3.22,2.13,0.82,1.14,75,0.7,0.9,1.04,29,0.27,39,1.09,0,11.17,9.76,2.4,2.07,0.33,64.76,8.72,78,1.8,87,0.22,0,0,16.57,74,0.87,21,62,1.04,1.09,30,65,-9,61.64,2.18,0.36,0.65,18.53,81,5.83,6.21,0.76,0.76,0,0.22,5.34,6.1,0.11,36,0.27,31,0.33,14,62,24,14,62,24,16.77,15.33,1.01,107,-1.44,16.87,16.47,0,0,0,0,0,,0,0,,0,0,0,0,0,0,26,11,3.05,21,-0.01,0.03,0.03,0.12,,0.18
Ronny Biojó,Mushuc Runa,Liga Pro,2026,909,Right Centre Back,Ecuador,27,19/07/99,0,0,0.05,0.1,0.49,0,20,0,,0.07,0,0,0.2,0,0,0.2,0,0,0,0,0.06,0.69,-0.06,0.2,0.2,0,100,0.49,0,0.1,0.4,1.19,1.07,2.57,3,6.93,3.27,0.04,4.45,22.97,9.9,1.58,1.09,2.28,73,1.14,2.21,0.89,56,0.4,76,2.57,0,4.95,5.22,2.87,0.59,0.4,26.53,0.59,12,0.2,33,0.3,0,0,39.3,85,5.54,21,67,3.27,7.62,11,66,-19,35.04,2.87,0.31,0.31,30.39,99,5.37,3.37,0,0,0,0,1.19,1.19,0,,0,,0.1,20,76,5,26,65,9,25.94,21.03,0.95,97,-4.92,24.68,20.46,0,0,0,0,0,,0,0,,0,0,0,0,0,0,16,7,3,20,0.03,-0.01,0.05,-0.01,,0.06
Ronny Borja,Leones del Norte,Liga Pro,2026,673,Centre Defensive Midfielder,Ecuador,21,09/06/05,0.13,0.13,0.02,0.02,0.94,14,57,1,,0.02,0,0.01,0.27,0,0.01,0.27,0,0,0,0.13,0.02,1.2,0.11,0.4,0.4,0,100,0.4,0,1.07,0.94,1.34,0.85,0.54,0.4,20.47,10.7,0,7.76,35.8,10.03,3.75,3.34,4.68,68,2.3,3.16,1.34,33,1.61,56,0.67,0,15.78,12.08,6.55,4.01,1.74,36.36,3.61,23,1.47,37,0.27,0,0,38.39,86,4.68,18,70,1.74,5.48,17,82,-4,46.54,6.82,0.3,0.3,31.83,96,4.18,8.29,0.27,0.27,0,0,0,0.27,0,0,0,,0,24,66,9,35,61,3,23.05,22.98,0.94,91,-0.08,21.68,20.82,0,0,0,0,0,,0,0,,0,0,0,0,0,0,20,10,3.52,33,0.02,0.06,0.04,-0.02,,0.09
Sander Bueno,Libertad,Liga Pro,2026,395,Right Midfielder,Ecuador,21,26/01/05,0,0,0.01,0.01,0.91,0,0,1,,0,0,0.13,2.05,0,0.08,1.14,0,0.05,0.91,0,0.14,2.96,-0.14,2.51,2.05,0.46,82,1.14,0,3.87,2.05,0.91,0.77,0.46,0.53,21.65,6.84,0,5.24,49.64,6.84,4.1,2.73,3.65,86,3.1,3.87,1.14,67,0.46,31,0.91,0,18,18.47,4.33,4.33,1.6,51.93,9.57,53,3.19,74,0,0,0,35.09,74,2.51,90,73,1.6,2.28,25,66,-8,64.02,3.87,0.32,0.34,38.97,88,5.97,14.13,2.28,1.37,0.91,0,0.91,2.28,0.23,30,0.68,43,0,22,55,23,15,58,27,17.42,15.19,1,93,-2.23,17.37,14.09,0,0,0,0,0,,0,0,,0,0,0,0,0,0,28,8,6.24,47,0.05,0.08,0.04,-0.03,,0.15
Santiago Etchebarne,Macará,Liga Pro,2026,2177,Right Centre Back,Uruguay,32,31/08/94,0.08,0.08,0.01,0.06,0.17,50,75,0,,0.06,0,0,0.17,0,0,0.17,0,0,0,0.08,0.01,0.33,0.07,0.12,0.08,0.04,67,0.33,0,0.04,0.37,1.2,1.17,3.89,3.3,9.47,4.59,0.04,4.3,25.51,8.35,0.83,1.32,2.52,78,1.28,2.45,0.7,44,0.37,63,1.41,0.08,7.44,7.12,2.81,1.2,0.45,31.19,1.28,17,0.54,45,0.25,0,0,33.69,83,3.97,16,56,4.96,6.04,12,62,-20,36.52,2.19,0.28,0.29,25.05,99,5.67,2.56,0.04,0.04,0,0,0.5,0.54,0,0,0,0,0,32,66,3,42,55,3,26.28,26.92,0.93,84,0.65,24.33,22.58,0,0,0,0,0,,0,0,,0,0,0,0,0,0,20,6,3.06,20,0.04,0.03,0.05,0.04,,0.17
Santiago Laurino,Guayaquil City,Liga Pro,2026,2390,Left Defensive Midfielder,Uruguay,23,15/07/03,0,0,0.02,0.06,0.3,0,13,0,,0,0.08,0.05,0.53,0.08,0.05,0.53,0,0,0,0.08,0.07,0.83,0.01,0.79,0.53,0.26,67,1.13,0.04,1.39,1.09,0.79,0.9,1.28,1.41,17.17,9.34,0.02,5.61,40.81,8.7,4.22,1.28,2.07,57,1.52,2.41,0.68,39,0.98,46,0.64,0,15.21,17.83,4.18,3.99,0.87,43.83,5.99,39,2.52,63,0.15,0,0,53.5,88,2.67,90,68,1.92,3.28,15,75,-13,47.24,5.76,0.2,0.24,44.99,95,4.17,8.74,0.41,0.38,0.04,0.19,0.75,1.13,0.04,9,0.04,9,0.19,19,71,10,30,63,7,18.37,18.24,0.98,98,-0.12,17.96,17.95,0,0,0,0,0,,0,0,,0,0,0,0,0,0,15,7,3.19,34,0,0.09,0.02,-0.01,,0.11
Santiago Morales,Aucas,Liga Pro,2026,2222,Left Centre Back,Argentina,25,26/08/01,0.08,0.08,0.07,0.1,0.77,11,26,0,,0.08,0.08,0.03,0.32,0.08,0.03,0.32,0,0,0,0.16,0.1,1.09,0.06,0.36,0.36,0,100,0.16,0,0.12,0.2,0.81,0.94,3.32,3.27,8.83,4.21,0.06,3.73,25.46,8.75,1.46,1.38,2.19,72,1.5,2.43,0.81,56,0.53,67,2.15,0,6.64,7.17,2.35,1.17,0.45,32.14,1.42,21,0.65,55,0.24,0,0,39.9,80,4.05,87,51,4.7,6.56,13,62,-18,42.03,3.89,0.28,0.32,31.23,99,3.92,5.55,0.16,0.12,0.04,0.08,1.42,1.54,0.08,25,0.12,27,0.12,33,62,5,34,60,6,24.33,24.45,0.9,90,0.12,21.83,21.99,0,0,0,0,0,,0,0,,0,0,0,0,0,0,20,8,3.13,23,0.07,0.04,0.02,-0.01,,0.12
Santiago Postel,Deportivo Cuenca,Liga Pro,2026,1391,Left Centre Back,Argentina,23,25/03/03,0,0,0.11,0.15,0.71,0,36,0,,0.09,0,0,0.13,0,0,0.13,0,0,0,0,0.11,0.84,-0.11,0.32,0.19,0.13,60,0.39,0,0.13,0.26,0.97,1.06,5.24,4.89,7.77,4.34,0.06,4.85,21.69,6.21,0.71,0.58,1.55,75,0.62,1.68,1.16,25,0.19,75,2.85,0.13,6.02,4.86,2.72,0.39,0.19,24.82,0.13,2,0.13,33,0.26,0,0,35.01,86,3.82,22,56,6.15,5.95,9,65,-21,33.12,1.42,0.22,0.28,28.8,99,5.11,1.55,0.19,0.19,0,0,1.29,1.49,0,0,0,0,0,25,72,3,54,46,0,25.13,25.44,0.91,92,0.31,22.82,23.35,0,0,0,0,0,,0,0,,0,0,0,0,0,0,14,4,2.42,18,0.02,0.03,-0.04,-0.05,,-0.05
Santiago Razzeto,Técnico Universitario,Liga Pro,2026,1635,Goalkeeper,Argentina,25,03/05/01,0,0,0,,0,,,0,,0,0,0,0,0,0,0,0,0,0,0,0,0,0,0,0,0,,0,0,0,0,0,0,0,0,0.17,0.06,0,5.06,3.26,3.58,0,0,0,,0,0,0.06,100,0,,0,0,0.11,0.08,0.06,0.06,0,7.84,0,0,0,0,0.17,0,0.06,9.74,69,3.19,9,38,0.39,7.98,4,46,-23,9.43,0.33,0.07,0.07,8.37,100,6.14,0.06,0,0,0,0,0,0,0,,0,,0,48,51,1,100,0,0,41.65,43.17,0.68,52,1.52,28.13,22.57,0.99,0.87,-0.12,63,67,-5,0.87,2.64,29,9.19,1.97,0.17,0.17,16.72,1,22,3,1.27,9,0.05,0.04,0,,-0.23,-0.13
Sebastián González,LDU Quito,Liga Pro,2026,399,Centre Attacking Midfielder,Ecuador,23,05/06/03,0,0,0.04,0.04,0.9,0,0,1,,0,0.23,0.12,1.58,0.23,0.12,1.58,0,0,0,0.23,0.15,2.48,0.07,1.13,0.9,0.23,80,1.35,0,1.13,0.9,0.45,0.54,0.45,0.66,23.71,10.84,0,6.55,56.29,6.77,3.39,1.35,1.81,60,1.88,2.42,2.03,43,0.9,33,0.23,0,20.32,28.66,5.42,4.06,1.13,55.94,12.19,60,3.16,78,0.23,0,0.23,47.41,84,2.03,80,47,1.13,3.61,12,68,-16,56.1,7.45,0.38,0.4,44.03,96,6.14,16.03,1.35,1.13,0.23,0.45,2.26,3.39,0,17,0.45,29,0.68,19,72,9,21,69,10,19.6,18.38,0.93,96,-1.22,18.31,17.7,0,0,0,0,0,,0,0,,0,0,0,0,0,0,15,7,6.82,41,-0.01,0.11,0,-0.04,,0.06
Segundo Portocarrero,Leones del Norte,Liga Pro,2026,1467,Left Wing Back,Ecuador,30,14/10/96,0.06,0.06,0.07,0.13,0.55,11,33,1,,0.04,0.12,0.1,1.17,0.12,0.09,0.98,0,0.01,0.18,0.18,0.18,1.72,0.01,1.78,0.67,1.1,38,1.23,0.06,1.17,2.02,1.1,0.73,1.78,1.25,12.33,5.58,0.03,4.36,35.84,6.75,2.33,2.09,3.19,92,1.54,2.27,1.29,67,0.18,54,0.86,0,8.96,6.29,3.37,1.23,0.61,40.97,2.88,32,0.86,70,0.18,0,0,23.74,73,1.9,84,40,2.52,4.05,12,70,-3,56.09,2.76,0.19,0.28,24.23,88,6.29,6.2,1.41,1.1,0.31,0.18,1.04,2.15,0.06,52,0.92,36,0.12,24,56,20,20,50,30,21.57,20.76,0.88,88,-0.81,18.91,18.18,0,0,0,0,0,,0,0,,0,0,0,0,0,0,26,9,3.66,36,0.09,0.15,0.04,0.01,,0.29
Sergio Díaz,Barcelona,Liga Pro,2026,415,Centre Attacking Midfielder,Paraguay,28,04/03/98,0.43,0.43,0.14,0.05,2.82,15,31,2,,0.4,0,0.09,0.87,0,0,0,0,0.09,0.87,0.43,0.23,3.69,0.2,2.82,1.3,1.52,46,3.47,0,1.74,3.47,0.43,0.42,0,0,13.03,6.51,0,4.34,48.5,5.21,2.82,1.09,1.52,71,1.5,1.93,0.87,33,0.43,0,0,0,11.07,11.62,3.69,3.69,1.09,48.73,4.78,43,1.95,53,0,0,0,36.04,80,2.61,16,48,0.22,5.21,15,93,14,58.43,5.21,0.26,0.31,42.99,89,6.9,10.2,1.74,0.22,1.52,0,1.95,2.17,0.22,13,0.22,11,0,12,72,15,19,62,19,18.94,15.14,0.92,106,-3.8,17.38,16.01,0,0,0,0,0,,0,0,,0,0,0,0,0,0,22,8,4.6,34,0.07,0.15,0.01,0.05,,0.28
Sergio Núñez,Barcelona,Liga Pro,2026,454,Centre Forward,Uruguay,26,29/06/00,0.2,0.2,0.15,0.09,1.59,13,25,7,,0.11,0,0.03,0.59,0,0.03,0.59,0,0,0,0.2,0.17,2.18,0.03,0.4,0.2,0.2,50,1.19,0,0.79,1.98,0,0,0,0,8.92,3.37,0,2.58,64.76,2.77,1.59,0.2,0.2,25,0.15,0.15,0.79,0,0.59,36,0.99,0,7.93,10.68,2.38,1.19,0.2,64.51,6.34,80,0.99,83,0,0,0,8.12,71,0.2,17,25,0.2,0.59,18,56,-16,61.93,0.99,0.17,0.33,8.52,77,4.83,3.37,0.59,0.59,0,0.2,4.16,4.76,0,0,0,0,0.59,10,69,20,12,88,0,17.53,16.61,0.92,77,-0.92,16.07,12.74,0,0,0,0,0,,0,0,,0,0,0,0,0,0,35,12,2.18,13,-0.02,0.02,0,-0.03,,-0.03
Sergio Quintero,Emelec,Liga Pro,2026,1119,Right Centre Back,Ecuador,27,11/03/99,0.16,0.16,0.09,0.1,0.88,18,27,1,,0.18,0,0.01,0.08,0,0.01,0.08,0,0,0,0.16,0.1,0.96,0.06,0.8,0.56,0.24,70,0.56,0,1.05,1.29,1.21,0.87,2.33,1.71,9.33,5.07,0.02,3.94,30.24,8.68,2.89,0.72,1.93,53,0.57,1.44,1.05,44,0.64,63,1.61,0.08,7.56,4.94,2.65,1.37,0.32,35.46,2.01,27,0.72,53,0.16,0,0,27.42,82,1.93,14,53,2.81,3.14,15,73,-9,39.24,1.29,0.17,0.23,25.17,91,4.77,1.45,0.08,0.08,0,0,1.77,1.85,0,0,0,0,0,18,74,8,44,50,6,21.78,19.56,0.94,88,-2.22,20.36,17.15,0,0,0,0,0,,0,0,,0,0,0,0,0,0,18,8,2.35,18,-0.02,0,0.04,-0.02,,0.01
Sergio Vasquez,Orense,Liga Pro,2026,2526,Right Defensive Midfielder,Ecuador,22,03/01/04,0.14,0.11,0.1,0.06,1.67,6,23,1,100,0.07,0.11,0.08,1.14,0.07,0.07,0.82,0.04,0.01,0.32,0.21,0.18,2.81,0.03,1.78,1.07,0.71,60,1.67,0,1.67,2.35,0.5,0.6,0.68,0.66,12.97,5.59,0.02,4.17,41.57,8.51,3.92,1.67,2.17,72,1.96,2.57,1.21,52,0.64,43,0.36,0,10.08,11.19,3.42,2.53,1.14,43.88,3.53,35,1.46,58,0.11,0,0,47.34,84,4.99,15,71,1.57,6.13,18,82,-3,53.82,6.95,0.39,0.46,46.24,92,5.84,14.32,1.25,0.96,0.28,0.18,2.24,3.21,0.14,14,0.43,39,0.18,19,72,9,23,68,9,20.35,17.13,0.97,100,-3.22,19.66,17.18,0,0,0,0,0,,0,0,,0,0,0,0,0,0,19,9,5.71,42,0.07,0.11,0.03,-0.04,,0.17
Sixto Mina,Orense,Liga Pro,2026,716,Left Centre Back,Ecuador,27,29/10/99,0,0,0.03,0.06,0.5,0,25,0,,0.01,0,0,0.13,0,0,0.13,0,0,0,0,0.03,0.63,-0.03,0.13,0,0.13,0,0.63,0,0.38,0.5,1.76,2.21,4.52,4.15,8.29,4.15,0.05,4.4,23.47,9.68,1.51,0.88,2.64,88,0.86,3.06,0.88,75,0.13,59,1.63,0.13,6.54,6.39,2.76,0.75,0.38,27.24,0.63,10,0.13,17,0.5,0,0,39.97,85,4.9,73,71,5.28,6.16,10,73,-12,34.76,2.14,0.09,0.09,29.41,98,4.85,2.14,0,0,0,0,1.13,1.13,0,,0,0,0,27,69,4,53,47,0,21.65,21.18,0.97,99,-0.47,20.94,20.94,0,0,0,0,0,,0,0,,0,0,0,0,0,0,17,7,1.75,18,0.06,0.04,-0.06,-0.03,,0.01
Snayder Vladimir Porozo Caicedo,Aucas,Liga Pro,2026,1041,Centre Forward,Ecuador,19,11/05/07,0.26,0.26,0.18,0.09,1.9,14,41,3,,0.13,0.17,0.09,0.86,0.17,0.09,0.86,0,0,0,0.43,0.27,2.77,0.16,1.3,0.95,0.35,73,2.16,0,2.94,3.03,0.17,0.21,0.52,0.52,11.67,4.32,0.03,3.03,61.42,3.03,1.3,0.43,0.61,100,0.62,0.84,0.95,100,0,61,1.9,0,10.29,13.83,2.77,2.08,0.78,65.6,7.95,77,1.82,88,0.17,0,0,21.44,74,0.86,17,71,0.69,1.04,22,59,-16,63.84,2.42,0.34,0.44,25.16,82,6.16,8.73,0.61,0.61,0,0.26,5.53,6.14,0.17,14,0.09,9,0.61,16,58,26,15,58,27,15.96,15.35,1.03,99,-0.6,16.37,15.14,0,0,0,0,0,,0,0,,0,0,0,0,0,0,24,9,3.6,26,-0.1,0.02,0.01,-0.02,,-0.1
Stalin Morocho,Deportivo Cuenca,Liga Pro,2026,359,Right Centre Midfielder,Ecuador,28,17/05/98,0,0,0.02,0.05,0.5,0,50,1,,0.03,0.25,0.07,1,0.25,0.07,1,0,0,0,0.25,0.09,1.5,0.16,0.5,0.25,0.25,50,0.5,0,0.75,1.76,0.25,0.2,0.75,0.47,13.29,7.27,0,2.76,43.59,5.52,2.76,0.75,1,38,0.63,0.83,1.5,17,1.25,40,0.5,0,11.29,8.07,2.01,3.01,0.25,47.23,4.76,42,2.26,75,0,0,0,27.08,73,1.5,13,43,0.75,3.51,20,65,-8,52.63,5.27,0.22,0.26,25.83,94,4.15,7.77,1,1,0,0.25,1.76,2.76,0,50,0.75,27,0.25,28,61,11,42,48,10,18.93,12.72,0.9,97,-6.21,16.97,12.37,0,0,0,0,0,,0,0,,0,0,0,0,0,0,22,11,4.04,41,0.02,0.04,0.01,0.02,,0.08
Stalin Valencia,Emelec,Liga Pro,2026,1231,Left Centre Back,Ecuador,23,09/10/03,0.07,0.07,0.04,0.19,0.22,33,33,0,,0.02,0,0.01,0.22,0,0.01,0.22,0,0,0,0.07,0.05,0.44,0.02,1.17,0.95,0.22,81,0.58,0,0.51,0.51,1.32,1.08,2.34,1.83,11.19,5.63,0.05,5.92,24.16,6.58,0.73,1.68,3,85,1.28,2.36,0.88,83,0.29,35,0.51,0.15,8.63,6.62,3.87,1.17,0.51,26.78,1.32,15,0.51,44,0.29,0,0,34.14,87,4.02,88,72,3.07,4.83,13,78,-9,36.08,1.68,0.2,0.24,30.34,97,5.4,1.68,0.15,0.07,0.07,0,0.58,0.66,0,50,0.07,50,0.07,23,73,4,35,65,0,22.45,23.93,0.95,88,1.48,21.43,21.06,0,0,0,0,0,,0,0,,0,0,0,0,0,0,15,9,2.7,21,0.04,0.06,-0.03,-0.05,,0.02
Stefano Callegari,Orense,Liga Pro,2026,1278,Right Centre Back,Argentina,29,05/01/97,0,0,0.03,0.08,0.35,0,40,0,,0.02,0,0.01,0.21,0,0.01,0.21,0,0,0,0,0.04,0.56,-0.04,0.35,0.28,0.07,80,0.35,0.07,0.07,0.35,1.13,1.26,3.59,3.6,9.15,5.07,0.05,5.35,24.71,7.75,1.13,1.27,2.39,62,1.79,3.05,0.63,15,0.77,45,1.48,0,7.25,8.81,3.24,0.99,0.35,29.16,1.2,17,0.28,29,0.35,0,0,37.88,81,4.51,14,52,4.58,7.75,10,56,-25,37.52,4.08,0.18,0.2,30.77,99,5.19,4.37,0.42,0.42,0,0,0.77,1.2,0.07,0,0,,0.07,30,67,3,39,55,6,25.64,25.03,0.9,85,-0.61,23.17,21.34,0,0,0,0,0,,0,0,,0,0,0,0,0,0,20,7,2.9,21,0.05,0.1,0.1,-0.01,,0.23
Stick Castro,Libertad,Liga Pro,2026,350,Right Centre Back,Ecuador,27,24/04/99,0,0,0.01,0.02,0.51,0,0,1,,0,0.26,0.04,0.77,0.26,0.04,0.77,0,0,0,0.26,0.06,1.29,0.2,0.77,0.26,0.51,33,0.51,0,0.26,1.03,1.03,0.98,3.6,3,15.68,9,0.01,6.43,29.81,6.68,2.06,1.8,2.83,54,0.81,1.79,2.57,17,1.54,60,0.77,0.26,11.57,9.01,3.86,4.37,1.8,33.32,2.31,20,2.06,47,0.26,0,0,32.13,70,5.91,9,66,3.86,8.74,11,63,-7,46.36,5.65,0.11,0.14,27.76,97,4.54,6.17,1.29,0.51,0.77,0,0,0.51,0,40,0.51,50,0,44,48,8,54,33,13,26.02,15.15,0.95,93,-10.87,24.67,14.02,0,0,0,0,0,,0,0,,0,0,0,0,0,0,35,12,4.11,31,0.08,0.06,-0.04,-0.02,,0.09
Stiven Tapiero Rodallega,Aucas,Liga Pro,2026,1086,Left Defensive Midfielder,Colombia,35,27/07/91,0,0,0.03,0.13,0.25,0,33,0,,0.01,0,0.02,0.41,0,0.02,0.33,0,0,0.08,0,0.05,0.66,-0.05,0.41,0.25,0.17,60,1.24,0,0.83,0.5,1.33,1.41,3.32,3.18,12.43,6.63,0.05,5.97,32.16,8.21,2.15,1.66,2.98,87,1.68,3.09,1.24,57,0.25,73,1.99,0,9.53,9.74,3.65,1.49,0.58,38.69,2.65,28,0.91,61,0.33,0.08,0,35.8,89,1.99,41,63,3.48,2.98,13,75,-14,44.82,1.91,0.24,0.27,30.33,96,3.32,3.81,0.17,0.08,0.08,0.08,0.75,0.83,0.08,0,0,,0,14,78,8,11,89,0,19.8,19.53,0.97,99,-0.27,19.21,19.29,0,0,0,0,0,,0,0,,0,0,0,0,0,0,11,6,2.35,20,-0.01,0.07,0.03,-0.01,,0.08
Stiwar Mena,Técnico Universitario,Liga Pro,2026,928,Left Centre Back,Colombia,32,01/10/94,0.1,0.1,0.06,0.13,0.48,20,40,0,,0.16,0,0,0.1,0,0,0.1,0,0,0,0.1,0.07,0.58,0.03,0.19,0.19,0,100,0.58,0,0.39,0.1,0.68,0.47,3.3,2.35,7.56,3.97,0.03,4.17,28.7,6.4,1.07,0.97,1.65,71,0.87,1.34,0.78,43,0.39,58,1.36,0,5.82,4.14,3.1,1.36,0.68,36.21,1.55,27,0.58,43,0.29,0.1,0,26.75,86,2.81,68,60,3.97,3.97,13,79,-6,36.22,0.97,0.13,0.16,19.48,98,3.7,1.16,0.1,0,0.1,0.1,1.26,1.26,0,0,0,,0.19,27,70,2,42,58,0,23.52,23.16,0.92,91,-0.37,21.75,21.06,0,0,0,0,0,,0,0,,0,0,0,0,0,0,19,9,1.88,15,0.04,0.03,0,0.08,,0.15
Thiago Matías Ozaeta Macías,Delfin,Liga Pro,2026,964,Left Midfielder,Ecuador,19,21/08/07,0.09,0.09,0.07,0.06,1.21,8,31,3,,0.06,0.09,0.27,1.4,0.09,0.25,1.21,0,0.02,0.19,0.19,0.34,2.61,-0.15,0.93,0.28,0.65,30,2.43,0,1.68,2.24,0.65,0.68,0.84,0.44,19.42,9.99,0.02,6.72,47.27,7.1,3.17,1.03,1.68,44,0.76,1.44,1.31,37,1.31,33,0.47,0,17.18,12.29,5.6,3.45,1.21,47.46,7.56,44,2.8,81,0.37,0,0,19.42,47,1.59,91,35,1.77,3.64,19,34,-13,61.43,2.24,0.18,0.44,20.26,82,7,4.2,1.4,1.12,0.28,0.47,2.71,3.83,0.09,33,0.93,29,0.75,20,71,10,13,73,13,22.47,22.71,0.94,111,0.24,21.17,25.27,0,0,0,0,0,,0,0,,0,0,0,0,0,0,44,7,2.91,24,0.21,0.12,0.06,-0.06,,0.32
Tobías Iván Coppo,Leones del Norte,Liga Pro,2026,1616,Right Defensive Midfielder,Argentina,26,15/12/00,0,0,0.02,0.04,0.45,0,38,1,,0.06,0,0.01,0.45,0,0.01,0.45,0,0,0,0,0.02,0.89,-0.02,0.22,0.22,0,100,1.11,0,0.84,0.67,1.17,0.93,1.11,0.7,15.37,7.96,0.04,5.12,39.09,7.74,2.84,1.5,2.67,64,1.21,2.13,1.06,44,0.84,34,0.56,0,12.86,9.84,3.73,3.51,1.11,42.11,4.12,32,1.89,54,0.22,0,0,28.12,81,2.67,41,62,2,3.4,17,72,-9,44.67,2.56,0.2,0.22,22.83,95,4.45,4.12,0.33,0.33,0,0.06,0.33,0.67,0,17,0.06,20,0.06,21,73,6,19,80,1,22.27,21.98,0.94,92,-0.29,21,20.21,0,0,0,0,0,,0,0,,0,0,0,0,0,0,21,9,3.58,25,0,0.05,0.03,0,,0.08
Tommy Chamba,Macará,Liga Pro,2026,502,Centre Attacking Midfielder,Ecuador,22,22/10/04,0.18,0.18,0.06,0.04,1.61,11,33,2,,0.16,0,0.26,2.33,0,0.2,1.61,0,0.07,0.72,0.18,0.33,3.95,-0.15,0.9,0.54,0.36,60,2.51,0.18,1.79,1.97,0,0,0.18,0.28,14.35,6.28,0.02,3.77,58.91,6.82,2.51,1.26,1.26,78,1.58,1.58,0.72,0,0.36,38,0.54,0,12.38,12.84,3.05,3.05,1.61,57.96,8.25,67,2.33,76,0,0,0,35.16,74,3.77,72,47,1.26,7,16,70,-4,59.91,4.13,0.4,0.57,35.87,91,4.39,11.84,2.87,1.97,0.9,0.54,4.13,6.1,0.18,31,1.08,43,0.72,16,74,10,23,68,9,22.71,23.71,0.9,83,0.99,20.43,19.78,0,0,0,0,0,,0,0,,0,0,0,0,0,0,24,7,9.22,45,0.19,0.11,0.02,0.09,,0.41
Tomson Minda,Mushuc Runa,Liga Pro,2026,1434,Right Midfielder,Ecuador,26,06/12/00,0.06,0.06,0.14,0.1,1.44,4,26,3,,0.15,0.13,0.09,1.19,0.13,0.09,1.19,0,0,0,0.19,0.23,2.64,-0.04,2.13,1.51,0.63,71,1.44,0,2.51,2.39,0.25,0.24,0.5,0.43,11.8,5.52,0,2.45,50.39,5.02,2.26,0.88,1.13,70,0.9,1.13,0.94,14,0.38,41,0.69,0,10.11,8.36,2.07,2.57,0.38,53.23,5.59,55,2.39,93,0,0,0,20.71,72,0.75,5,41,0.75,1.57,20,67,-5,61.25,3.14,0.27,0.41,24.98,83,7.4,7.47,0.75,0.75,0,0.63,3.45,4.21,0,58,0.88,35,0.75,11,71,18,9,71,20,18.26,16.38,0.92,88,-1.88,16.73,14.45,0,0,0,0,0,,0,0,,0,0,0,0,0,0,26,8,3.36,25,0.01,0.1,-0.03,0,,0.08
Tomás Martínez,Barcelona,Liga Pro,2026,982,Centre Attacking Midfielder,Argentina,31,06/03/95,0,0,0.05,0.04,1.28,0,14,1,,0.03,0.27,0.18,1.83,0.18,0.12,1.01,0.09,0.06,0.82,0.27,0.23,3.11,0.04,0.82,0.55,0.27,67,1.28,0,1.74,1.37,0.64,0.76,0.46,0.55,19.6,10.35,0.01,5.68,51.96,7.97,5.86,1.56,2.2,59,2.1,2.86,0.92,31,1.1,30,0.82,0,17.13,20.51,4.67,4.4,2.02,52.54,9.62,56,3.76,85,0,0,0,43.61,73,4.58,83,49,1.28,8.61,21,71,-2,61.02,5.95,0.52,0.62,41.22,94,4.64,15.76,2.75,1.28,1.47,0.55,2.2,3.48,0.27,10,0.82,33,0.73,16,73,11,17,72,11,22.02,17.03,0.93,107,-4.99,20.52,18.17,0,0,0,0,0,,0,0,,0,0,0,0,0,0,22,7,8.72,56,0.02,0.12,0.02,-0.04,,0.12
Tomás Rodríguez,Barcelona,Liga Pro,2026,812,Centre Forward,Panama,27,08/03/99,0.22,0.22,0.49,0.17,2.88,8,31,5,,0.28,0.11,0.09,1.44,0.11,0.09,1.44,0,0,0,0.33,0.58,4.32,-0.25,1.11,0.55,0.55,50,0.89,0,2.33,2.22,0.44,0.57,0.55,0.65,16.4,8.31,0.01,3.88,61.9,4.54,3.66,0.89,1.33,67,1.15,1.72,1.11,20,0.44,48,2.55,0,14.41,18.77,3.66,3.88,0.89,64.1,10.86,75,3.44,89,0.11,0,0,22.28,77,0.89,11,57,0.89,1.22,34,72,-5,63.92,3.32,0.6,0.77,22.17,81,5.5,10.2,0.78,0.78,0,0.33,5.32,6.1,0,14,0.11,50,0.66,16,64,20,16,68,15,15.9,14.56,0.99,103,-1.34,15.77,14.97,0,0,0,0,0,,0,0,,0,0,0,0,0,0,27,10,4.32,30,-0.05,0.08,0,-0.11,,-0.08
Toño Espinoza,Macará,Liga Pro,2026,345,Right Back,Ecuador,30,14/02/96,0,0,0.02,0.02,0.78,0,0,1,,0,0,0.01,0.78,0,0.01,0.78,0,0,0,0,0.03,1.57,-0.03,2.61,1.57,1.04,60,0.78,0,0.52,2.09,1.04,1.3,1.04,1.24,13.57,6.78,0,4.44,38.24,8.87,4.7,1.57,2.61,86,1.56,2.85,0.78,67,0.26,25,0.52,0.26,11.22,11.79,3.65,2.35,0.26,40.64,4.17,37,1.57,67,0,0,0,42.79,71,2.87,24,55,2.09,4.17,10,56,-16,56.67,7.31,0.28,0.28,39.66,95,5.33,15.91,1.83,1.3,0.52,0,1.04,2.35,0,0,0,0,0.26,26,65,10,33,59,8,19.85,21.35,0.9,98,1.5,17.85,21,0,0,0,0,0,,0,0,,0,0,0,0,0,0,24,5,8.27,39,0.05,0.1,0.07,-0.03,,0.18
Valentín Burgoa,Orense,Liga Pro,2026,1439,Left Wing,Argentina,26,15/08/00,0.06,0.06,0.04,0.05,0.94,7,33,1,,0.05,0.13,0.13,1.44,0,0.09,0.81,0.13,0.04,0.63,0.19,0.17,2.38,0.02,1.81,1,0.81,55,1.25,0,1.44,2.5,1.13,0.98,0.38,0.29,17.82,8.69,0,5.94,47.55,6.82,3.63,1.44,2.56,57,1.61,2.58,0.94,27,1.06,33,0.38,0,15.51,16.28,5.19,4.19,1.94,48.68,7.32,47,2.94,70,0.06,0,0,41.14,81,2.94,90,66,0.88,3.94,18,83,3,56.64,4.75,0.5,0.52,39.52,91,5.51,12.19,1.69,1.06,0.63,0.06,1.06,2.13,0.06,15,0.38,20,0.19,16,71,13,17,68,15,18.95,16.99,0.95,103,-1.95,18.07,17.54,0,0,0,0,0,,0,0,,0,0,0,0,0,0,20,8,5.66,41,0.05,0.09,0.02,-0.02,,0.13
Victor Alfredo Griffith Mullins,Emelec,Liga Pro,2026,2059,Centre Defensive Midfielder,Panama,26,11/12/00,0,0,0.02,0.03,0.61,0,0,1,,0,0.04,0.02,0.35,0.04,0.02,0.35,0,0,0,0.04,0.04,0.96,0.01,0.26,0.13,0.13,50,1.01,0,0.61,0.48,1.09,0.94,1.09,1.01,18.27,10.23,0.03,5.94,38.67,9.35,4.41,2.71,3.8,90,2.28,3.21,1.7,65,0.31,44,0.79,0.04,13.86,11.76,4.5,2.75,0.96,40.12,4.28,31,1.79,65,0.26,0,0,31.52,83,2.19,14,68,1.44,2.88,17,76,-6,47.32,3.63,0.17,0.18,25.4,96,4.85,5.03,0.22,0.17,0.04,0.04,0.17,0.35,0,20,0.09,50,0,20,71,9,21,77,3,20.21,19.31,0.97,94,-0.9,19.58,18.16,0,0,0,0,0,,0,0,,0,0,0,0,0,0,20,7,2.69,23,0,0.04,0.07,-0.02,,0.09
Vilington Germán Branda Merlín,Libertad,Liga Pro,2026,2006,Right Wing,Ecuador,25,22/11/01,0.36,0.31,0.31,0.13,2.47,13,31,4,100,0.33,0.04,0.09,0.85,0.04,0.08,0.72,0,0.01,0.13,0.36,0.4,3.32,-0.04,2.15,1.3,0.85,60,0.76,0,1.75,2.56,0.49,0.5,0.45,0.26,14.04,6.24,0,3.72,50.41,5.11,2.87,0.94,1.44,66,0.87,1.37,1.12,27,0.49,37,0.67,0,11.98,9.47,3.14,3.1,1.03,50.46,5.65,47,2.02,65,0.09,0,0,25.75,75,0.81,82,36,0.67,2.02,21,70,-5,59.04,3.41,0.38,0.54,27.82,88,5.01,8.84,0.99,0.9,0.09,0.36,4.35,5.25,0.04,27,0.31,25,0.36,12,71,17,13,71,16,18.03,14.74,0.93,96,-3.29,16.83,14.13,0,0,0,0,0,,0,0,,0,0,0,0,0,0,29,13,4.28,34,0.08,0.1,-0.01,0.03,,0.2
Wagner Caicedo,Técnico Universitario,Liga Pro,2026,667,Centre Forward,Ecuador,26,02/07/00,0.13,0.13,0.1,0.06,1.62,8,17,7,,0.02,0.13,0.04,0.67,0.13,0.04,0.67,0,0,0,0.27,0.14,2.29,0.13,0.27,0,0.27,0,0.94,0.13,1.21,2.97,0,0,0.4,0.26,13.08,6.61,0,3.24,60.66,2.29,1.89,0.54,0.54,80,0.42,0.42,1.35,0,0.13,32,1.35,0,11.19,7.79,3.24,1.75,1.08,61.8,8.23,73,1.75,100,0.13,0.13,0,6.61,82,0.13,20,33,0.54,0.27,30,67,-15,64.4,0.81,0.15,0.2,8.9,68,4.64,2.97,0.13,0.13,0,0.27,3.91,4.05,0,0,0,0,0.4,5,59,36,5,73,23,13.44,12.78,0.97,89,-0.66,13.03,11.35,0,0,0,0,0,,0,0,,0,0,0,0,0,0,16,3,1.79,14,0.02,0.01,-0.03,-0.08,,-0.08
Willian Vargas,Barcelona,Liga Pro,2026,952,Right Back,Ecuador,29,11/06/97,0.09,0.09,0.12,0.15,0.76,13,38,1,,0.12,0,0.05,0.76,0,0.04,0.57,0,0.01,0.19,0.09,0.16,1.51,-0.07,0.57,0.19,0.38,33,0.28,0,0.95,1.04,0.28,0.47,0.85,1.05,7,2.93,0.01,2.46,44.71,5.01,1.7,0.57,0.85,67,0.73,1.2,1.04,25,0.28,55,1.99,0,5.39,7.27,1.99,1.51,0.66,46.93,2.46,46,1.04,69,0.19,0,0,29.03,75,2.08,8,42,1.23,4.54,13,63,-13,55.98,3.12,0.31,0.37,25.25,93,4.76,8.7,1.23,0.95,0.28,0.47,3.4,4.35,0,38,0.57,25,0.47,20,66,13,15,71,14,21.35,15.69,0.92,103,-5.65,19.61,16.11,0,0,0,0,0,,0,0,,0,0,0,0,0,0,26,9,4.97,32,0.14,0.04,0.01,0.01,,0.19
Wálter Chávez,Manta FC,Liga Pro,2026,1204,Goalkeeper,Ecuador,32,05/04/94,0,0,0,,0,,,0,,0,0,0,0,0,0,0,0,0,0,0,0,0,0,0,0,0,,0,0,0,0,0,0,0,0,0.15,0,0,7.77,2.24,3.29,0,0,0,,0,0,0,,0,,0,0,0.15,0.2,0.15,0,0,2.42,0,0,0,,0.07,0,0,14.5,66,6.5,13,44,1.27,13.61,7,54,-12,11.97,0.67,0.05,0.05,12.33,100,5.33,0.22,0.07,0.07,0,0,0,0.07,0,0,0,,0,52,48,0,100,0,0,43.71,46.88,0.76,82,3.17,33.33,38.67,1.42,1.41,-0.01,67,68,0,1.13,4.34,35,12.26,1.72,0.15,0,16.96,-4,29,1,1.58,12,0.09,0.04,0.01,,-0.08,0.06
Xavier Pineda,Libertad,Liga Pro,2026,578,Left Defensive Midfielder,Ecuador,27,10/11/99,0.16,0.16,0.05,0.02,2.49,6,38,3,,0.03,0,0.06,1.25,0,0.02,0.62,0,0.05,0.62,0.16,0.11,3.74,0.04,0.62,0.62,0,100,1.4,0,0.47,0.62,0.93,0.46,1.4,0.79,23.22,12.93,0,7.01,34.31,12,4.36,2.65,3.58,81,1.49,1.95,0.93,33,0.62,50,0.78,0,19.63,11.53,5.92,2.34,0.62,36.24,3.12,16,1.09,47,0.47,0,0,39.11,74,7.17,11,58,2.49,11.22,13,79,5,46.04,5.45,0.4,0.41,33.19,97,4.96,6.39,1.4,0.47,0.93,0,0,0.47,0,0,0,0,0,22,69,9,29,71,0,27.15,23.31,0.91,101,-3.84,24.64,23.57,0,0,0,0,0,,0,0,,0,0,0,0,0,0,25,9,6.76,41,-0.02,0.1,0.06,-0.06,,0.08
Yardely Rodríguez,Guayaquil City,Liga Pro,2026,2729,Right Centre Back,Ecuador,32,28/11/94,0.03,0.03,0.01,0.06,0.16,20,40,0,,0.01,0,0,0.1,0,0,0.1,0,0,0,0.03,0.01,0.26,0.02,0.3,0.2,0.1,67,0.96,0,0.59,0.46,0.82,0.99,3.79,4.62,10.06,4.35,0.08,5.9,25.55,7.12,1.55,1.39,2.21,75,1.73,2.72,0.89,61,0.46,55,1.39,0,7.88,9.29,3.63,1.32,0.66,31.17,1.48,19,0.59,45,0.07,0,0,38.39,85,3.36,14,51,4.72,5.64,10,64,-21,35.99,1.85,0.11,0.12,32.69,97,4.12,2.01,0.07,0.03,0.03,0,0.3,0.33,0.03,0,0,0,0.03,29,66,5,49,41,10,22.3,23.23,0.89,83,0.93,19.87,19.19,0,0,0,0,0,,0,0,,0,0,0,0,0,0,18,6,1.64,17,0.05,0.05,0.02,0,,0.12
Yeltzin Erique,Deportivo Cuenca,Liga Pro,2026,1509,Left Back,Ecuador,23,26/03/03,0,0,0.03,0.03,0.89,0,13,1,,0,0,0.05,0.89,0,0.03,0.48,0,0.02,0.42,0,0.07,1.79,-0.07,0.54,0.48,0.06,89,1.37,0,0.89,0.48,1.13,1.02,2.62,2.31,11.39,6.02,0.02,5.37,30.14,6.92,2.21,1.91,3.04,76,1.81,2.83,0.3,63,0.6,46,0.36,0,9.3,8.25,3.4,1.43,0.42,35.81,2.15,23,0.72,50,0,0,0,43,82,3.94,83,48,3.22,7.63,9,68,-13,47.21,4.83,0.25,0.29,40.5,98,4.09,9.36,1.13,0.6,0.54,0,0.42,1.01,0,32,0.54,26,0.12,25,63,12,29,59,13,22.46,19.16,0.89,106,-3.3,19.88,20.26,0,0,0,0,0,,0,0,,0,0,0,0,0,0,21,9,4.81,36,0.06,0.06,0.06,-0.03,,0.15
Yerlin Quiñónez,LDU Quito,Liga Pro,2026,2020,Right Wing Back,Ecuador,25,02/06/01,0.13,0.13,0.06,0.06,1.16,12,23,2,,0.03,0.13,0.14,1.51,0.13,0.14,1.51,0,0,0,0.27,0.2,2.67,0.06,2,0.85,1.16,42,1.47,0.09,1.43,2.67,0.36,0.43,0.85,0.8,14.35,6.33,0.01,4.54,46,5.66,3.07,1.65,2,82,2.07,2.5,1.96,42,0.36,50,0.49,0.04,10.74,12.41,3.52,3.07,0.85,48.99,5.21,49,2.41,78,0.18,0,0,28.03,74,1.07,18,42,1.29,2.09,19,69,-5,63.86,3.21,0.41,0.59,28.74,88,7.47,11.9,1.6,1.47,0.13,0.71,4.01,5.48,0.04,47,1.38,38,1.11,14,66,21,10,58,32,17.98,16.99,0.95,96,-0.99,17.01,16.3,0,0,0,0,0,,0,0,,0,0,0,0,0,0,25,9,6.46,39,0.04,0.17,0.01,-0.04,,0.19
Yery Jostin Bravo Gurumendi,Libertad,Liga Pro,2026,916,Left Defensive Midfielder,Ecuador,25,16/03/01,0,0,0.08,0.06,1.28,0,23,2,,0.08,0,0.03,0.59,0,0.03,0.59,0,0,0,0,0.11,1.87,-0.11,1.18,0.69,0.49,58,0.49,0,0.49,1.57,0.39,0.21,1.47,0.82,13.16,6.78,0.01,4.03,37.98,7.27,2.75,1.08,1.47,79,0.73,0.94,0.59,63,0.29,17,0.2,0,11.49,8.27,2.85,2.26,1.08,42.89,3.34,29,0.98,43,0.1,0,0,31.43,77,2.75,79,61,2.26,3.73,16,79,2,50.76,3.44,0.23,0.28,27.4,94,4.43,7.27,0.39,0.39,0,0.1,1.77,2.16,0.1,0,0,,0.1,22,66,12,24,62,14,21.55,21.71,0.95,101,0.17,20.49,21.97,0,0,0,0,0,,0,0,,0,0,0,0,0,0,25,10,3.24,29,-0.03,0.06,0.06,0,,0.09
Yorlin Arce,Técnico Universitario,Liga Pro,2026,2348,Left Centre Back,Ecuador,26,06/10/00,0,0,0.01,0.05,0.19,0,0,0,,0,0.08,0.04,0.27,0.08,0.04,0.27,0,0,0,0.08,0.05,0.46,0.03,0.69,0.61,0.08,89,1.53,0,0.54,0.54,1.23,0.8,3.6,2.37,12.03,6.67,0.05,5.4,27.62,9.16,1.95,1.72,2.95,79,1.03,1.83,1.19,57,0.46,61,1.26,0.04,9.12,6.43,3.41,1.3,0.34,32.44,1.8,20,0.5,38,0.23,0.04,0,27.13,79,3.37,8,64,4.1,4.75,15,77,-2,41.42,3.45,0.19,0.23,22.76,96,6.16,3.64,0.11,0.11,0,0.08,0.42,0.54,0,33,0.19,56,0.11,36,59,6,39,58,3,23.77,20.89,0.94,101,-2.88,22.25,21.04,0,0,0,0,0,,0,0,,0,0,0,0,0,0,24,8,2.49,18,0.07,0.06,-0.01,-0.01,,0.11
Youri Ochoa,Independiente del Valle,Liga Pro,2026,836,Left Centre Midfielder,Ecuador,21,09/01/05,0.11,0.11,0.06,0.07,0.97,11,33,1,,0.09,0,0.06,1.08,0,0.06,1.08,0,0,0,0.11,0.13,2.05,-0.02,0.32,0.22,0.11,67,1.18,0,0.32,0.86,0.86,0.93,0.75,0.94,18.95,9.69,0.02,6.14,46.91,7,3.55,1.62,2.48,71,1.99,2.92,1.08,14,0.65,73,0.86,0,16.26,19.61,5.06,4.85,2.05,48.93,7.65,47,3.23,67,0,0,0,26.82,82,1.62,14,68,1.08,2.05,21,75,-6,53.92,2.37,0.5,0.63,22.83,97,4.39,7.75,0.54,0.54,0,0.32,1.62,2.15,0,20,0.32,43,0.32,15,69,16,17,68,15,18.31,16.44,0.99,106,-1.88,18.05,17.42,0,0,0,0,0,,0,0,,0,0,0,0,0,0,20,12,4.96,29,-0.04,0.03,0.05,0,,0.04
Ángel Mena,Orense,Liga Pro,2026,1616,Centre Attacking Midfielder,Ecuador,38,20/01/88,0.17,0.17,0.13,0.15,0.89,19,50,1,,0.2,0.06,0.23,2.39,0.06,0.14,1.28,0,0.09,1.11,0.22,0.36,3.29,-0.14,1.34,0.61,0.72,46,1.84,0,1.5,2.12,0.39,0.44,0.28,0.42,9.86,4.23,0.01,2.73,55.98,5.4,3.45,0.45,0.84,57,0.62,1.06,1.28,50,0.33,35,0.33,0,8.13,10.06,2.34,2.51,0.95,57.52,5.29,65,2.17,87,0.06,0,0.06,46.5,86,3.06,83,57,0.67,5.01,15,84,-1,61.94,7.69,0.52,0.63,44,93,4.98,19.88,2.73,1.45,1.28,0.5,3.17,4.62,0.06,14,0.61,41,0.78,15,73,13,20,67,13,17.83,14.13,0.94,101,-3.7,16.79,14.25,0,0,0,0,0,,0,0,,0,0,0,0,0,0,16,7,7.91,59,0.12,0.08,0,0.05,,0.25