Jugador,Equipo,Equipo durante el período seleccionado,Posición específica,Edad,Minutos jugados,Goles,xG,Asistencias,xA,País de nacimiento,Acciones defensivas realizadas/90,Duelos defensivos/90,"Duelos defensivos ganados, %",Duelos aéreos en los 90,"Duelos aéreos ganados, %",Entradas/90,Posesión conquistada después de una entrada,Tiros interceptados/90,Interceptaciones/90,Posesión conquistada después de una interceptación,Faltas/90,Tarjetas amarillas,Tarjetas amarillas/90,Tarjetas rojas,Tarjetas rojas/90,Acciones de ataque exitosas/90,Goles/90,Goles (excepto los penaltis),"Goles, excepto los penaltis/90",xG/90,Goles de cabeza,Goles de cabeza/90,Remates,Remates/90,"Tiros a la portería, %","Goles hechos, %",Asistencias/90,Centros/90,"Precisión centros, %",Regates/90,"Regates realizados, %",Duelos atacantes/90,"Duelos atacantes ganados, %",Toques en el área de penalti/90,Carreras en progresión/90,Aceleraciones/90,Pases recibidos /90,Pases largos recibidos/90,Faltas recibidas/90,Pases/90,"Precisión pases, %",Pases hacia adelante/90,"Precisión pases hacia adelante, %",Pases hacia atrás/90,"Precision pases hacia atrás, %",Pases laterales/90,"Precisión pases laterales, %",Pases largos/90,"Precisión pases largos, %","Longitud media pases, m","Longitud media pases largos, m",xA/90,Asistencias/90,Second assists/90,Third assists/90,Desmarques/90,"Precisión desmarques, %",Jugadas claves/90,Pases en el último tercio/90,"Precisión pases en el último tercio, %",Pases al área de penalti/90,"Pases hacía el área pequeña, %",Pases en profundidad/90,"Precisión pases en profundidad, %",Ataque en profundidad/90,Centros desde el último tercio/90,Pases progresivos/90,"Precisión pases progresivos, %",Goles recibidos,Goles recibidos/90,Remates en contra,Remates en contra/90,Porterías imbatidas en los 90,"Paradas, %",xG en contra,xG en contra/90,Goles evitados,Goles evitados/90,Pases hacía atrás recibidos del arquero/90,Salidas/90,Duelos aéreos en los 90
José Esquivel,Mineros de Zacatecas,Mineros de Zacatecas,"DMF, LDMF, RCB",28,510,1,0.98,0,0.1,Mexico,5.82,3.18,38.89,3,47.06,0.35,0.51,1.41,4.24,6.15,1.24,2,0.35,2,0.35,2.12,0.18,1,0.18,0.17,0,0,11,1.94,54.55,9.091,0,1.06,33.33,1.06,66.67,4.06,47.83,1.76,0.53,0,39.88,1.06,0.88,52.94,87,19.41,78.18,5.29,96.67,19.76,94.64,7.94,62.22,18.61,36.06,0.02,0.18,0.35,0,0,0,0.35,8.65,67.35,1.24,28.57,0,0,0,0.53,7.41,80.95,0,,0,,0,0,0,0,,,1.24,,
F. Contreras,Dorados,Dorados,"LCMF, DMF",27,535,0,0.35,2,1.58,Mexico,5.21,5.55,48.48,2.02,33.33,0,0,0.5,2.52,3.08,1.35,1,0.17,0,0,2.36,0,0,0,0.06,0,0,6,1.01,16.67,0,0.34,2.86,47.06,1.01,50,3.2,42.11,1.68,0.67,0.34,39.36,0.67,0.5,53.83,84.06,18.34,74.31,7.91,97.87,21.03,84,6.06,55.56,18.8,39.51,0.27,1.68,0,0,0.34,100,1.51,10.43,79.03,3.7,40.91,0.67,100,0.84,1.35,9.76,77.59,0,,0,,0,0,0,0,,,0.67,,
Ó. Manzanarez,Jaiba Brava,Jaiba Brava,"RCB, LCB",31,815,0,0.11,0,0.23,Mexico,10.16,5.96,55.56,3.09,64.29,0.66,0.93,0.99,6.18,8.7,2.1,3,0.33,0,0,0.11,0,0,0,0.01,0,0,1,0.11,100,0,0,0,0,0,0,0.99,55.56,0.44,0.55,0,34.67,0.88,0.77,48.37,89.95,17.78,76.4,2.98,100,23.19,97.62,4.64,50,20.59,40.57,0.03,0.11,0,0,0,0,0.11,2.65,50,0.44,0,0,0,0.11,0,5.96,55.56,0,,0,,0,0,0,0,,,2.21,,
D. Lajud,Roda JC,Piratas FC,RWB,27,5,0,0,0,0,Mexico,,,,,,,0,,,0,,0,,0,,,,0,,,0,,0,,,0,,,,,,,,,,,,,,,,,,,,,,,,57.08,57.08,,,,,,,,,,,,,,,,,,0,,0,,0,0,0,,,,,,
E. García,Tapatío,Tapatío,GK,24,498,0,0,0,0,Mexico,1.08,0.36,100,0,0,0.18,0.22,0,0.54,0.67,0,0,0,0,0,0,0,0,0,0,0,0,0,0,0,0,0,0,0,0,0,0,0,0,0,0,12.83,0.54,0,22.77,86.51,12.65,77.14,0,0,8.49,97.87,7.59,64.29,26.1,39.7,0,0,0,0,0,0,0,0.18,100,0,0,0,0,0,0,6.51,66.67,7,1.27,30,5.42,2,76.67,9.16,1.65,2.16,0.39,0,1.08,0
D. de Buen,Atlético Morelia,Atlético Morelia,"RCB, LCB, CB",35,728,1,1.05,0,0.01,Mexico,7.91,4.2,67.65,3.59,62.07,0.25,0.36,0.99,4.82,7.05,0.62,3,0.37,0,0,0.49,0.12,1,0.12,0.13,1,0.12,8,0.99,25,12.5,0,0,0,0.37,66.67,1.61,69.23,1.11,0.49,0,27.82,0.37,0.62,38.7,86.9,14.71,72.27,1.98,100,18.3,99.32,4.45,36.11,23.01,39.92,0,0.12,0,0,0,0,0,6.68,68.52,0.49,25,0.12,0,0.12,0,6.68,72.22,0,,0,,0,0,0,0,,,1.36,,
J. Van Rankin,Atlético Morelia,Atlético Morelia,RCB,33,479,0,0.07,1,0.01,Mexico,6.76,4.32,60.87,2.25,50,0,0,0.19,4.13,6.35,0.38,1,0.19,0,0,0.19,0,0,0,0.01,0,0,1,0.19,0,0,0.19,0.19,0,0.19,100,0.56,100,0.56,0.38,0,29.12,0.56,0.75,39.83,91.98,18.23,90.72,2.63,92.86,16.91,93.33,3.76,70,20.87,30.72,0,0.19,0,0,0,0,0.19,6.01,78.13,0.56,0,0,0,0,0,8.08,88.37,0,,0,,0,0,0,0,,,1.5,,
D. Villalpando,Tepatitlán de Morelos,Tepatitlán de Morelos,"LCMF, RCMF",35,195,0,0.16,0,0.25,Mexico,4.15,5.54,58.33,0.92,50,0,0,0,0.92,1,0.92,1,0.46,1,0.46,0.92,0,0,0,0.07,0,0,2,0.92,0,0,0,0.46,100,0.92,50,9.23,55,0.46,2.31,0,23.54,1.38,2.77,30.92,83.58,9.69,71.43,3.23,71.43,11.08,100,3.23,85.71,17.05,30.95,0.12,1.85,0,0,0,0,0.46,5.08,81.82,0.92,100,0,0,0.46,0.46,4.62,80,0,,0,,0,0,0,0,,,0,,
S. Ramírez,Tlaxcala,Tlaxcala,GK,29,296,0,0,0,0,Mexico,0.61,0.3,0,0,0,0,0,0,0.61,0.74,0,0,0,0,0,0,0,0,0,0,0,0,0,0,0,0,0,0,0,0,0,0,0,0,0,0,17.94,0.61,0,29.19,84.38,18.85,75.81,0.3,100,10.34,100,10.95,66.67,32.21,49.51,0,0,0,0,0,0,0,3.95,53.85,0,0,0,0,0,0,7.91,73.08,9,2.74,16,4.86,0,43.75,5.36,1.63,-3.64,-1.107,0,0.61,0
J. Rodríguez,Cancún,Cancún,CF,30,664,6,3.57,0,0.15,Colombia,2.98,2.85,47.62,1.22,33.33,0,0,0,1.63,1.82,1.08,1,0.14,1,0.14,2.3,0.81,5,0.68,0.48,0,0,17,2.3,47.06,35.294,0,1.08,37.5,1.36,60,7.18,33.96,3.52,1.36,0.14,14.5,1.49,1.22,20.06,77.03,3.39,68,5.83,95.35,5.15,73.68,0.54,100,12.78,23.55,0.02,0.54,0,0,0.14,0,0.27,1.76,76.92,1.08,50,0.14,0,0.41,0.27,2.03,66.67,0,,0,,0,0,0,0,,,0,,
P. González,Tlaxcala,Tlaxcala,"RCMF, LCMF, AMF",34,650,0,0,0,0.92,Mexico,7.48,4.98,58.33,1.11,37.5,0.55,0.62,0.28,4.02,4.51,1.11,1,0.14,0,0,0.55,0,0,0,0,0,0,0,0,0,0,0,0.69,20,0.83,33.33,3.6,26.92,0,0.55,0.14,22.29,0.28,0.69,34.75,88.45,7.89,84.21,6.51,93.62,14.26,89.32,2.91,61.9,18.57,48.13,0.13,0.83,0,0,0.28,50,0.14,4.71,82.35,1.25,44.44,0.28,50,0.28,0.14,5.12,67.57,0,,0,,0,0,0,0,,,0.42,,
D. Álvarez,Tlaxcala,Tlaxcala,"LW, LAMF, CF",32,535,4,1.6,0,0,Mexico,4.21,3.2,57.89,2.69,37.5,0,0,0,2.36,2.69,0.34,0,0,0,0,3.7,0.67,4,0.67,0.27,0,0,14,2.36,35.71,28.571,0,1.85,27.27,3.36,70,9.25,67.27,2.19,1.68,0.34,17.16,1.85,2.69,23.72,69.5,6.39,63.16,5.38,87.5,4.88,68.97,0.67,50,15.24,20.25,0,0.17,0,0,0,0,0,2.36,85.71,1.01,16.67,0,0,0,0.17,2.86,70.59,0,,0,,0,0,0,0,,,0.17,,
D. López,Jaiba Brava,Jaiba Brava,CF,26,314,1,1.33,1,0.68,Mexico,1.15,2.29,25,5.45,26.32,0,0,0,0.57,0.92,1.43,1,0.29,0,0,0.86,0.29,0,0,0.38,0,0,8,2.29,25,12.5,0.29,0,0,0.29,100,4.01,57.14,2.29,0.86,0.29,13.76,2.01,1.72,16.91,72.88,4.01,57.14,4.59,93.75,4.01,71.43,0.29,100,12.36,5.35,0.19,1.15,0,0,0,0,1.15,1.72,66.67,0.86,33.33,0,0,0.86,0,0.86,66.67,0,,0,,0,0,0,0,,,0,,
J. Ocejo,Jaiba Brava,Jaiba Brava,CF,28,734,5,4.21,0,0.01,Mexico,1.84,1.47,50,6.01,42.86,0,0,0.12,1.1,1.54,0.61,2,0.25,0,0,2.08,0.61,5,0.61,0.52,1,0.12,24,2.94,45.83,20.833,0,1.23,20,0.61,80,4.66,42.11,4.66,1.1,0.12,18.76,4.17,1.35,20.97,76.02,3.8,67.74,6.5,92.45,5.52,73.33,1.59,61.54,13.43,22.7,0,0.25,0,0,0,0,0,1.59,84.62,0.61,0,0,0,0.37,0,1.47,58.33,0,,0,,0,0,0,0,,,0.12,,
G. Alcalá,CA La Paz,CA La Paz,GK,34,818,0,0,0,0,Mexico,0.44,0,0,0,0,0,0,0,0.44,0.59,0,1,0.11,0,0,0,0,0,0,0,0,0,0,0,0,0,0,0,0,0,0,0,0,0,0,0,17.82,0.11,0,28.94,87.83,15.29,82.01,0,0,13.42,94.26,8.91,65.43,28.78,42.71,0,0,0.11,0,0,0,0,0.77,85.71,0,0,0,0,0,0,6.6,61.67,9,0.99,35,3.85,3,74.29,6.61,0.73,-2.39,-0.263,0,1.1,0
L. Razo,Universidad Guadalajara,Universidad Guadalajara,CF,32,448,1,2.12,2,0.79,Mexico,2.41,1.81,33.33,4.02,40,0.2,0.24,0,1.61,1.95,0.6,0,0,0,0,1.21,0.2,1,0.2,0.43,0,0,8,1.61,25,12.5,0.4,1.41,14.29,1,20,7.43,27.03,2.41,1.21,0,13.06,2.41,0.8,20.49,68.63,6.23,61.29,5.22,80.77,4.42,54.55,0.6,0,14.91,16.06,0.16,0.6,0,0,0.6,66.67,0.8,2.41,66.67,2.41,25,0.6,66.67,0.8,0.2,2.41,66.67,0,,0,,0,0,0,0,,,0,,
J. Sánchez,,Tepatitlán de Morelos,"CB, RCB, LCB",32,106,0,0.13,0,0,Mexico,4.25,0.85,100,0,0,0,0,0,3.4,3.75,0,0,0,0,0,0,0,0,0,0.11,0,0,1,0.85,0,0,0,0,0,0,0,0.85,100,0.85,0,0,4.25,0,0.85,9.34,72.73,2.55,33.33,0.85,100,5.09,83.33,0,0,16.55,0,0,0,0,0,0,0,0,0,0,0,0,0,0,0,0,2.55,0,0,,0,,0,0,0,0,,,0.85,,
J. Venegas,Piratas FC,Piratas FC,DMF,31,368,1,0.02,0,0.01,Mexico,10.27,6.11,56,1.96,75,0.73,1.03,0.73,6.11,8.62,1.96,2,0.49,0,0,0.24,0.24,1,0.24,0,0,0,1,0.24,100,100,0,0.49,0,0.24,0,0.98,50,0,0,0,24.21,0,0.24,37.42,80.39,16.14,69.7,4.65,94.74,12.96,83.02,4.65,47.37,19.9,43.27,0,0.24,0,0.24,0,0,0,6.85,67.86,1.47,33.33,0,0,0.24,0.24,8.56,60,0,,0,,0,0,0,0,,,1.47,,
J. Cortés,Cancún,Cancún,"LCB, CB",25,103,0,0,0,0,Mexico,7.86,6.12,28.57,0.87,0,0,0,0.87,6.12,7,1.75,1,0.87,1,0.87,0,0,0,0,0,0,0,0,0,0,0,0,0,0,0,0,0.87,0,0.87,0,0,42.82,0,0,57.67,86.36,28.83,72.73,1.75,100,22.72,100,5.24,66.67,21.96,41.88,0,0,0,0,0,0,0,11.36,76.92,0.87,100,0,0,0,0,10.49,66.67,0,,0,,0,0,0,0,,,0.87,,
C. González,Tlaxcala,Tlaxcala,"LB, LWB",28,507,1,0.32,0,0.08,Mexico,5.86,5.68,43.75,2.49,50,0.18,0.23,0.36,3.2,4.09,2.31,2,0.36,2,0.36,2.84,0.18,1,0.18,0.06,0,0,9,1.6,44.44,11.111,0,2.66,0,3.2,61.11,6.92,46.15,0.71,2.31,0,28.4,0.89,0.53,35.68,77.11,13.14,74.32,3.2,100,13.67,72.73,4.44,48,20.3,46.67,0.01,0.36,0,0,0.18,100,0.18,4.62,76.92,3.02,29.41,0.18,100,0.71,0.53,8.34,70.21,0,,0,,0,0,0,0,,,0,,
B. Mendoza,Correcaminos UAT,Correcaminos UAT,"CF, AMF",29,489,4,2.46,1,0.88,Mexico,2.58,1.1,50,2.76,26.67,0,0,0.74,2.02,2.89,1.47,1,0.18,0,0,2.76,0.74,4,0.74,0.45,1,0.18,21,3.87,38.1,19.048,0.18,0.74,75,1.47,50,5.71,45.16,4.97,1.66,0.18,17.85,2.02,2.02,20.8,71.68,5.52,56.67,4.6,88,6.81,78.38,2.21,33.33,16.33,27.58,0.16,1.29,0,0,0,0,0.74,4.23,47.83,1.47,62.5,0,0,0.37,0.55,2.39,92.31,0,,0,,0,0,0,0,,,0,,
W. Ortega,Correcaminos UAT,Correcaminos UAT,"RB, RWB",25,522,0,0.71,0,0,Mexico,12.07,9.66,60.71,0.86,40,1.03,1.45,0.17,5.17,7.26,2.07,2,0.34,1,0.17,1.55,0,0,0,0.12,0,0,4,0.69,50,0,0,1.38,25,1.21,71.43,3.1,55.56,0.69,1.38,0.17,26.55,0.86,0.52,36.21,80.95,15.86,75,4.83,89.29,7.76,82.22,2.76,43.75,18.3,43.86,0,0,0,0,0,0,0.17,5.52,75,1.21,28.57,0,0,0.52,0.34,7.24,71.43,0,,0,,0,0,0,0,,,0.69,,
J. Clemente,Piratas FC,Piratas FC,"LWF, LCMF, LAMF",27,343,1,0.76,1,0.57,Mexico,2.1,2.89,27.27,1.05,25,0,0,0,1.31,2.11,0.79,1,0.26,0,0,2.36,0.26,1,0.26,0.2,0,0,6,1.57,66.67,16.667,0.26,2.62,20,1.05,75,2.89,54.55,2.89,0.79,0,26.76,2.1,0.79,32.8,79.2,9.18,77.14,7.87,86.67,8.66,72.73,0.52,50,17.53,4.96,0.15,1.31,0,0,0.26,0,0.79,2.89,90.91,2.62,60,0.26,0,1.05,0.79,6.03,73.91,0,,0,,0,0,0,0,,,0.79,,
B. Figueroa,Piratas FC,Piratas FC,"LWF, LCMF",27,675,0,1.66,1,1.31,Mexico,4.8,3.2,66.67,1.07,50,0.13,0.21,0.13,2.53,3.96,1.07,3,0.4,0,0,3.07,0,0,0,0.22,0,0,19,2.53,36.84,0,0.13,1.73,46.15,1.87,71.43,5.2,58.97,1.47,0.93,0.13,44.8,1.6,0.8,54.93,82.04,17.73,69.17,8.53,96.88,19.73,87.16,7.07,64.15,18.6,35.81,0.17,2.27,0.13,0,0,0,0.8,11.47,73.26,4.27,50,0.27,50,1.47,0.53,11.33,87.06,0,,0,,0,0,0,0,,,0.93,,
A. Escoboza,Alacranes de Durango,Alacranes de Durango,"AMF, LCMF, RWF",33,627,0,1.29,1,1.39,Mexico,3.73,2.58,55.56,2.44,52.94,0.29,0.5,0.43,2.01,3.47,1,1,0.14,0,0,2.87,0,0,0,0.19,0,0,9,1.29,33.33,0,0.14,2.58,55.56,1.58,54.55,6.6,36.96,1.87,0.43,0,27.56,2.87,1.44,33.44,75.54,9.33,61.54,6.32,88.64,12.49,83.91,2.87,60,17.44,32.68,0.2,2.01,0,0.14,0.14,100,1,5.31,59.46,3.44,54.17,0.14,100,0.57,1.72,5.45,78.95,0,,0,,0,0,0,0,,,0.14,,
J. Martínez,,Atlético Morelia,AMF,25,15,0,0,0,0,Mexico,,,,,,,0,,,0,,0,,0,,,,0,,,0,,0,,,0,,,,,,,,,,,,,,,,,,,,,,,,15.7,0,,,,,,,,,,,,,,,,,,0,,0,,0,0,0,,,,,,
M. Trejo,Tlaxcala,Tlaxcala,RCB,27,549,0,0,0,0.06,Mexico,6.89,2.95,33.33,3.28,55,0,0,0.49,5.9,6.63,0.49,2,0.33,0,0,0.16,0,0,0,0,0,0,0,0,0,0,0,0.16,0,0.16,100,0.49,66.67,0.16,0.49,0,17.21,0.49,0.16,25.9,80.38,12.46,67.11,0.98,83.33,10.49,93.75,4.75,51.72,21.89,38.19,0.01,0.16,0,0,0,0,0,2.46,66.67,0.16,0,0,0,0,0,5.41,69.7,0,,0,,0,0,0,0,,,0.33,,
Dylan Guajardo,Dorados,Dorados,"RCMF, RDMF",24,328,1,0.53,0,0.11,Mexico,7.68,8.51,61.29,2.74,40,0,0,0.27,2.47,3.65,1.92,1,0.27,0,0,1.1,0.27,1,0.27,0.15,0,0,8,2.2,25,12.5,0,0.82,33.33,0.27,100,4.66,58.82,0.82,0.82,0,24.7,0.27,1.65,36.49,86.47,11.8,76.74,5.49,90,12.9,93.62,3.29,66.67,17.68,29.92,0.03,0.55,0,0,0,0,0.27,4.66,82.35,0.55,50,0,0,0,0.27,5.49,75,0,,0,,0,0,0,0,,,0.55,,
Á. Robles,CA La Paz,CA La Paz,"AMF, RWF",24,498,2,1.75,1,1.83,Mexico,4.52,3.61,50,1.99,27.27,0,0,0,2.71,3.85,1.08,0,0,1,0.18,2.71,0.36,2,0.36,0.32,0,0,17,3.07,29.41,11.765,0.18,1.81,30,1.99,54.55,8.13,44.44,2.71,1.99,0.54,25.48,2.17,1.45,32.17,79.21,8.13,75.56,5.06,89.29,10.12,75,1.81,40,15.28,26.12,0.33,1.99,0.36,0,0.36,50,1.63,3.07,70.59,2.71,60,0.36,50,1.99,0.72,5.06,82.14,0,,0,,0,0,0,0,,,0.18,,
J. Brigido,Universidad Guadalajara,Universidad Guadalajara,"RW, RAMF",24,586,2,0.94,1,0.99,Mexico,4.61,4.15,66.67,0.77,40,0,0,0,1.84,2.4,0,0,0,0,0,3.84,0.31,2,0.31,0.14,0,0,16,2.46,56.25,12.5,0.15,0.92,83.33,1.84,83.33,6.6,55.81,1.23,2.3,0.15,25.8,1.54,1.69,29.18,77.89,9.22,58.33,6.3,95.12,8.29,83.33,3.38,68.18,17.01,39.65,0.15,0.61,0,0.31,0.15,100,0.77,4.61,56.67,2,69.23,0.15,100,0.92,0.61,5.38,80,0,,0,,0,0,0,0,,,0.15,,
J. Alonzo,CA La Paz,CA La Paz,"LWB, LB",27,723,0,0.23,0,0.38,Mexico,9.46,7.84,60.32,1.37,45.45,0.25,0.34,0,4.48,6.21,1.12,1,0.12,0,0,2.61,0,0,0,0.03,0,0,7,0.87,28.57,0,0,1.99,43.75,2.24,61.11,8.22,60.61,0.87,1.37,0.12,28.13,1.37,2.99,37.72,84.82,13.69,83.64,8.22,96.97,8.84,73.24,3.61,58.62,16.48,36.46,0.05,0.75,0.12,0.12,0.12,100,0.5,3.86,80.65,2.99,50,0.25,50,0.62,0.87,7.72,80.65,0,,0,,0,0,0,0,,,0.37,,
A. Torres,CA La Paz,CA La Paz,"DMF, LCMF, CB",26,738,2,1.55,0,0.01,Mexico,5.24,2.68,54.55,1.95,50,0.12,0.17,0.73,3.66,5.14,0.61,1,0.12,0,0,0.73,0.24,2,0.24,0.19,0,0,10,1.22,50,20,0,0.24,50,0.12,0,1.34,9.09,0.49,0.24,0.12,36.83,0.37,0,50,88.78,16.71,79.56,6.22,90.2,20.12,94.55,5.37,70.45,19.72,39.82,0,0.24,0,0.12,0.12,0,0,6.22,76.47,0.98,50,0.12,0,0.24,0.12,9.15,80,0,,0,,0,0,0,0,,,1.71,,
D. Magaña,Jaiba Brava,Jaiba Brava,"RW, RCMF, RWF",26,209,0,0.28,0,0.45,Mexico,4.74,3.44,75,0.86,0,0,0,0,2.15,3.33,0,0,0,0,0,6.03,0,0,0,0.12,0,0,4,1.72,50,0,0,5.6,23.08,4.31,80,9.9,56.52,4.31,3.44,0.86,30.14,4.74,1.72,34.88,60.49,10.33,50,10.77,80,8.61,45,1.72,75,16.87,39.41,0.19,1.29,0,0,0.43,100,1.29,1.72,50,6.46,46.67,0.43,100,2.15,1.72,3.44,100,0,,0,,0,0,0,0,,,0,,
S. Lora,Venados,Venados,CF,30,779,12,7.78,0,0.29,Colombia,2.2,1.85,25,2.43,52.38,0,0,0,1.73,2.28,0.69,1,0.12,0,0,4.39,1.39,11,1.27,0.9,2,0.23,46,5.31,63.04,26.087,0,0.35,0,2.08,44.44,7.16,40.32,5.78,1.27,0.12,18.02,2.43,1.39,22.07,74.87,7.28,60.32,5.55,87.5,5.2,77.78,2.54,50,16,26.58,0.03,0.46,0.23,0,0.12,100,0.35,3.7,53.13,1.85,56.25,0.12,100,1.16,0,2.54,86.36,0,,0,,0,0,0,0,,,0,,
G. Moreno,Correcaminos UAT,Correcaminos UAT,"RCB, CB",32,432,0,0.25,0,0,Mexico,11.25,4.79,47.83,3.54,64.71,0.42,0.62,1.04,8.54,12.68,2.5,1,0.21,1,0.21,0,0,0,0,0.05,0,0,2,0.42,0,0,0,0,0,0,0,0.42,50,0.63,0,0,27.29,0.42,0.21,39.38,85.19,11.88,68.42,2.71,84.62,21.88,93.33,5,41.67,22.68,30.39,0,0,0,0,0,0,0,3.96,57.89,0.63,0,0,0,0,0,5.63,55.56,0,,0,,0,0,0,0,,,1.25,,
O. Islas,Correcaminos UAT,Correcaminos UAT,"RW, AMF",30,763,2,1.51,2,1.54,Mexico,3.42,2.12,44.44,1.06,33.33,0,0,0.12,2.48,3.52,0.59,0,0,0,0,4.95,0.24,2,0.24,0.18,0,0,14,1.65,57.14,14.286,0.24,4.36,40.54,3.42,65.52,8.02,51.47,2.24,2.24,0.47,26.54,2.36,1.65,30.79,75.86,7.79,59.09,7.2,95.08,10.14,75.58,2.36,70,17.96,36.73,0.18,1.06,0.12,0.12,0,0,1.06,2.83,70.83,4.01,35.29,0,0,0.24,1.89,5.43,84.78,0,,0,,0,0,0,0,,,0.12,,
A. Arellano,Alebrijes de Oaxaca,Alebrijes de Oaxaca,"RCMF, LCMF, DMF",31,634,0,0.18,0,0.52,Mexico,5.82,5.25,59.46,2.56,44.44,0.43,0.56,0.14,2.27,2.96,1.28,2,0.28,0,0,0.14,0,0,0,0.03,0,0,1,0.14,0,0,0,0.28,50,0.14,0,1.28,33.33,0.57,0,0,24.84,0.28,0.57,33.93,89.96,8.8,80.65,6.67,95.74,12.21,91.86,1.56,63.64,16.41,23.09,0.07,0.71,0,0,0,0,0.14,4.68,84.85,0.57,50,0,0,0.43,0.14,4.12,72.41,0,,0,,0,0,0,0,,,0.14,,
D. Aguilar,Atlético Morelia,Atlético Morelia,"LDMF, AMF, LCB",29,727,0,0.6,3,0.83,Mexico,8.17,7.18,65.52,1.61,53.85,0,0,0,3.47,5.09,1.86,2,0.25,0,0,1.36,0,0,0,0.07,0,0,10,1.24,20,0,0.37,1.73,42.86,0.99,37.5,3.59,44.83,0.62,1.73,0.25,34.29,0.5,1.24,48.16,84.06,14.61,74.58,8.05,90.77,19.44,87.9,4.33,57.14,19.87,42.76,0.1,1.36,0.12,0,0,0,0.5,7.43,80,2.23,38.89,0.12,100,0.12,0.87,6.56,77.36,0,,0,,0,0,0,0,,,0.62,,
A. Tamay,Alebrijes de Oaxaca,Tepatitlán de Morelos,RW,33,54,0,0,0,0,Mexico,6.67,6.67,25,1.67,100,0,0,0,5,4.5,0,0,0,0,0,0,0,0,0,0,0,0,0,0,0,0,0,0,0,0,0,1.67,0,0,0,0,18.33,0,0,20,58.33,8.33,40,6.67,100,1.67,100,1.67,0,13.87,34.82,0,0,0,0,0,0,0,0,0,0,0,0,0,0,0,5,66.67,0,,0,,0,0,0,0,,,0,,
Adrián Villalobos,Mineros de Zacatecas,Mineros de Zacatecas,"RAMF, RWF, RW",28,637,1,0.75,0,1.24,Mexico,4.38,3.67,61.54,1.27,44.44,0,0,0.14,2.12,3.13,0.57,1,0.14,0,0,2.83,0.14,1,0.14,0.11,0,0,4,0.57,50,25,0,2.97,38.1,1.7,83.33,7.91,44.64,0.99,1.55,0.28,31.22,4.52,0.99,38.57,82.78,9.04,70.31,11.59,92.68,10.17,76.39,1.41,50,13.87,15.37,0.18,1.13,0,0.14,0,0,0.99,2.83,80,3.25,47.83,0,0,0.85,1.13,5.37,68.42,0,,0,,0,0,0,0,,,0.42,,
Kevin Magaña,Mineros de Zacatecas,Mineros de Zacatecas,"RDMF, DMF, RCMF",28,694,1,0.23,3,1.41,Mexico,5.06,4.15,62.5,0.65,40,0,0,0.26,2.46,3.5,0.91,1,0.13,0,0,1.3,0.13,1,0.13,0.03,0,0,7,0.91,57.14,14.286,0.39,0.91,28.57,0.78,66.67,5.06,56.41,0.91,0.26,0.39,40.72,0.39,1.3,54.08,84.65,15.43,74.79,9.08,87.14,19.84,88.89,4.67,77.78,16.52,40.41,0.18,1.56,0.13,0,0,0,0.39,8.04,87.1,1.56,66.67,0,0,0.78,0.26,6.87,62.26,0,,0,,0,0,0,0,,,0.52,,
José Ávila,Mineros de Zacatecas,Mineros de Zacatecas,"AMF, LCMF",28,706,2,1.1,3,1.8,Mexico,4.97,3.82,70,1.02,37.5,0.13,0.18,0,2.17,3.11,0.25,0,0,0,0,1.91,0.25,2,0.25,0.14,0,0,21,2.68,23.81,9.524,0.38,0.51,0,1.78,57.14,7.01,38.18,2.04,1.02,0.13,37.61,1.66,1.27,45.25,83.66,13.26,75,8.29,92.31,13,84.31,4.08,68.75,15.83,42.67,0.23,2.42,0.13,0,0.38,66.67,0.89,5.23,80.49,2.55,45,0.38,66.67,1.53,0.13,4.84,76.32,0,,0,,0,0,0,0,,,0.13,,
J. Martínez,Jaiba Brava,Jaiba Brava,"LB, LCMF, LW",28,576,0,0.02,1,0.78,Mexico,4.53,4.53,34.48,2.34,40,0,0,0,2.97,4.49,0.78,1,0.16,0,0,1.56,0,0,0,0,0,0,5,0.78,0,0,0.16,2.03,53.85,0.78,60,3.91,32,1.09,1.25,0.16,34.53,2.03,0.78,43.91,84.34,15.47,75.76,9.22,89.83,11.41,87.67,2.97,47.37,16.03,36.41,0.12,0.94,0.16,0.16,0.16,0,0.47,5.94,73.68,2.34,53.33,0.16,0,0.47,0.94,6.72,81.4,0,,0,,0,0,0,0,,,0.16,,
I. Domínguez,Venados,Venados,"RB, RWB",26,808,1,0.59,2,0.38,Mexico,8.69,7.35,56.06,2.34,71.43,1.23,1.62,0.45,3.34,4.41,1.11,2,0.22,0,0,1.23,0.11,1,0.11,0.07,0,0,11,1.23,45.45,9.091,0.22,1,33.33,1.11,30,4.12,24.32,1,0.67,0.22,27.96,1,0.78,37.2,80.54,12.25,69.09,6.13,92.73,13.48,86.78,5.9,60.38,19.97,39.39,0.04,0.22,0,0,0.11,0,0.45,4.79,76.74,1.11,30,0.22,0,0,0.45,6.79,60.66,0,,0,,0,0,0,0,,,1.45,,
J. Marchand,Universidad Guadalajara,Universidad Guadalajara,LCMF,24,780,2,0.51,0,0.01,Mexico,5.65,4.5,51.28,1.27,45.45,0.12,0.14,0.58,3.23,3.98,1.27,3,0.35,0,0,1.27,0.23,2,0.23,0.06,0,0,10,1.15,30,20,0,0.58,20,0.81,85.71,2.08,66.67,0.12,0.46,0,29.65,0.46,0.69,40.85,86.72,10.15,75,7.62,93.94,16.27,89.36,4.38,63.16,19.13,41.24,0,0.12,0,0,0.12,100,0,4.85,78.57,1.04,44.44,0.12,100,0.23,0.23,4.62,67.5,0,,0,,0,0,0,0,,,0.81,,
M. Barragán,CA La Paz,CA La Paz,CF,35,715,6,6.07,1,1.83,Mexico,3.02,1.64,38.46,4.78,63.16,0.13,0.17,0,2.27,3.1,1.01,1,0.13,0,0,2.64,0.76,5,0.63,0.76,1,0.13,26,3.27,50,23.077,0.13,0.63,40,1.13,44.44,7.8,38.71,4.41,1.01,0.13,18.13,2.77,1.26,23.16,73.91,5.92,61.7,6.17,89.8,5.79,71.74,2.27,50,15.15,35.49,0.23,1.51,0.13,0,0.38,66.67,1.01,3.4,59.26,1.51,41.67,0.38,66.67,1.51,0.25,3.52,78.57,0,,0,,0,0,0,0,,,0.13,,
U. Jaimes,CA La Paz,CA La Paz,"CF, LWF",30,247,3,2.11,0,0.31,Mexico,4.01,2.91,62.5,2.19,33.33,0,0,0.36,2.19,3.33,1.82,1,0.36,0,0,1.82,1.09,3,1.09,0.77,0,0,6,2.19,83.33,50,0,0.73,0,0.36,0,6.19,23.53,3.64,0.36,0.36,19.68,2.91,1.09,24.05,80.3,5.1,71.43,8.38,78.26,3.64,70,0.73,100,14.55,9.41,0.11,1.46,0,0,0.36,0,0.73,2.55,57.14,1.09,33.33,0.36,0,1.82,0,2.19,66.67,0,,0,,0,0,0,0,,,0,,
U. Torres,Universidad Guadalajara,Universidad Guadalajara,LB,28,676,0,0.05,1,0.25,Mexico,8.92,7.72,48.28,1.86,50,0.27,0.34,0.53,4.93,6.34,2.26,3,0.4,1,0.13,1.2,0,0,0,0.01,0,0,1,0.13,0,0,0.13,0.8,50,0.67,100,3.2,54.17,0.27,1.6,0,24.76,1.07,0.53,35.01,76.43,18.11,67.65,3.73,92.86,9.45,84.51,5.72,46.51,21.78,39.85,0.03,0.27,0,0,0.13,100,0.27,6.39,62.5,2,26.67,0.13,100,0.27,0.27,9.45,67.61,0,,0,,0,0,0,0,,,0.93,,
J. Aguayo,Universidad Guadalajara,Universidad Guadalajara,LCB,29,816,1,0.87,1,0.24,Mexico,6.29,3.42,41.94,3.86,65.71,0,0,0.33,4.85,6.03,1.21,3,0.33,0,0,0.55,0.11,1,0.11,0.1,0,0,4,0.44,75,25,0.11,0.11,100,0.22,50,0.66,83.33,0.44,0.55,0,24.04,0.99,0.55,37.72,84.21,15.88,65.97,2.76,92,16.43,97.32,6.18,57.14,23.86,38.98,0.03,0.22,0.22,0,0,0,0.11,3.75,55.88,0.33,66.67,0,0,0.11,0.11,6.73,50.82,0,,0,,0,0,0,0,,,1.43,,
J. Henestrosa,Tepatitlán de Morelos,Tepatitlán de Morelos,"RCMF, RWB, RW",32,304,0,0.08,0,0.55,Mexico,6.51,5.03,47.06,1.48,40,0.3,0.36,0,3.85,4.64,1.18,1,0.3,0,0,2.66,0,0,0,0.03,0,0,2,0.59,50,0,0,2.07,57.14,2.37,50,6.81,47.83,1.48,1.18,0.3,21.32,2.96,2.37,33.45,72.57,10.95,64.86,5.33,88.89,10.36,80,5.03,52.94,20.06,38.15,0.16,1.18,0,0,0,0,0.59,6.22,71.43,3.55,41.67,0.3,0,1.18,0.89,10.36,74.29,0,,0,,0,0,0,0,,,0.59,,
G. Hernández,Tlaxcala,Tlaxcala,"AMF, LCMF, DMF",33,353,1,0.96,0,0.25,Mexico,4.08,3.82,66.67,3.06,25,0.25,0.31,0.25,1.27,1.56,0.51,1,0.25,0,0,1.78,0.25,0,0,0.25,0,0,5,1.27,60,20,0,2.29,22.22,1.53,33.33,8.41,42.42,1.53,1.02,0,16.57,1.02,2.55,24.22,72.63,9.69,63.16,3.31,100,6.63,65.38,1.78,57.14,18.7,23.65,0.06,0.76,0,0,0.25,0,0.25,3.57,50,2.55,30,0.25,0,0.76,0.76,3.06,66.67,0,,0,,0,0,0,0,,,0,,
Emilio Sánchez,Alebrijes de Oaxaca,Alebrijes de Oaxaca,"RCMF, AMF, RDMF",32,54,0,0,0,0.01,Mexico,15,6.67,75,0,0,0,0,0,10,16.36,0,0,0,0,0,0,0,0,0,0,0,0,0,0,0,0,0,0,0,0,0,1.67,100,0,0,0,38.33,0,1.67,48.33,93.1,6.67,75,8.33,100,23.33,92.86,3.33,50,15.39,7.58,0.02,1.67,0,0,0,0,0,0,0,0,0,0,0,0,0,3.33,100,0,,0,,0,0,0,0,,,3.33,,
J. García Sancho,Tlaxcala,Tlaxcala,"LCB, RAMF",31,118,0,0,0,0,Mexico,3.81,2.29,33.33,1.53,100,0,0,0,3.05,8,0,0,0,0,0,0,0,0,0,0,0,0,0,0,0,0,0,0,0,0,0,1.53,50,0,0,0,25.17,0.76,1.53,41.19,87.04,11.44,66.67,1.53,100,25.17,96.97,3.05,25,11.45,23.85,0,0,0,0,0,0,0,3.81,40,0,0,0,0,0,0,3.81,40,0,,0,,0,0,0,0,,,1.53,,
B. Vázquez,Tlaxcala,Tlaxcala,"RCB, CB",28,425,0,0.07,0,0.07,Mexico,9.95,4.45,71.43,3.39,56.25,0.21,0.25,0.21,6.56,7.62,0.64,1,0.21,1,0.21,0,0,0,0,0.02,0,0,2,0.42,0,0,0,0,0,0,0,0.42,50,0.64,0.85,0,24.99,0.64,0,33.88,90.63,14.19,82.09,2.12,100,13.76,96.92,4.02,68.42,21.08,35.49,0.01,0.42,0,0,0,0,0,4.24,75,0.21,0,0,0,0,0,5.72,77.78,0,,0,,0,0,0,0,,,1.91,,
F. Figueroa,Tlaxcala,Tlaxcala,"AMF, RAMF, RDMF",27,487,0,0.33,1,0.63,Mexico,2.22,2.03,45.45,0.18,0,0,0,0,1.29,1.48,0.37,1,0.18,0,0,5.54,0,0,0,0.06,0,0,8,1.48,25,0,0.18,5.36,31.03,6.1,57.58,12.57,50,0.37,3.51,0,24.58,0.92,1.66,33.82,73.22,9.24,70,5.54,93.33,13.49,60.27,3.7,60,20.3,35.76,0.12,0.74,0,0,0,0,0.92,5.73,64.52,6.28,35.29,0.18,0,1.11,1.85,7.02,81.58,0,,0,,0,0,0,0,,,0,,
E. Reséndez,Correcaminos UAT,Correcaminos UAT,GK,30,828,0,0.09,0,0,Mexico,0.22,0.11,100,0.11,0,0,0,0,0.11,0.15,0,0,0,0,0,0,0,0,0,0.01,0,0,1,0.11,0,0,0,0,0,0,0,0.11,100,0.11,0,0,8.04,0.22,0.11,16.52,70.39,11.2,63.11,0,0,4.78,90.91,8.15,46.67,39.33,51.12,0,0,0,0,0,0,0,2.83,42.31,0.33,0,0,0,0,0,5.76,54.72,15,1.63,48,5.22,1,68.75,11.78,1.28,-3.22,-0.35,0,1.85,0.11
W. Guzmán,Correcaminos UAT,Correcaminos UAT,"LCMF, CF, RCMF",32,828,1,0.46,3,1.53,Mexico,4.67,4.57,52.38,1.74,25,0,0,0.33,2.28,3.2,1.3,1,0.11,0,0,0.87,0.11,1,0.11,0.05,0,0,6,0.65,33.33,16.667,0.33,1.41,30.77,0.33,33.33,3.26,46.67,0.65,0.65,0.11,25.87,0.87,0.98,34.57,81.13,11.52,74.53,6.52,86.67,11.52,82.08,4.89,68.89,20.04,39.79,0.17,1.63,0.22,0,0.22,50,1.09,6.63,77.05,2.93,44.44,0.22,50,1.09,0.43,6.74,77.42,0,,0,,0,0,0,0,,,0.11,,
R. Torres,Correcaminos UAT,Correcaminos UAT,"RCMF, RCB, LCMF",30,790,1,0.42,1,1.07,Mexico,8.32,6.72,55.93,1.82,62.5,0.11,0.16,0.57,4.44,6.13,1.03,2,0.23,0,0,0.91,0.11,1,0.11,0.05,0,0,5,0.57,40,20,0.11,0.68,50,0.8,42.86,4.33,52.63,0.57,0.8,0.11,30.08,0.46,1.71,42.27,87.33,12.19,76.64,5.13,97.78,18.8,90.91,3.42,56.67,18.44,41.65,0.12,0.91,0,0,0.11,0,0.57,4.67,73.17,1.03,55.56,0.11,0,0.46,0.34,5.7,74,0,,0,,0,0,0,0,,,0.8,,
U. García,Piratas FC,Piratas FC,LCB,25,450,0,0.52,0,0.14,Mexico,8.8,6,56.67,2.6,38.46,0.4,0.61,1,5,7.65,1.6,2,0.4,1,0.2,0,0,0,0,0.1,0,0,4,0.8,0,0,0,0,0,0,0,0.4,50,0.6,1.4,0,27.2,0.6,0.4,41,87.8,20.4,79.41,4.6,100,13,96.92,4.6,52.17,21.34,34.57,0.03,0.4,0,0,0,0,0.2,4.8,79.17,0.2,100,0,0,0.2,0,7.2,75,0,,0,,0,0,0,0,,,3.6,,
Rolando González,Piratas FC,Piratas FC,"RB, LW, RCMF",33,704,0,0.83,0,0.02,Mexico,7.67,5.24,65.85,2.17,52.94,0.13,0.19,0.26,4.09,6.23,0.77,1,0.13,0,0,1.66,0,0,0,0.11,0,0,13,1.66,46.15,0,0,0.77,16.67,1.02,75,3.07,45.83,2.43,0.77,0,31.96,0.77,0.38,41.68,76.69,16.36,61.72,9.08,91.55,8.18,89.06,4.09,43.75,16.7,35.7,0,0.38,0.13,0,0,0,0.13,4.6,61.11,1.53,33.33,0,0,0.38,0.13,6.78,66.04,0,,0,,0,0,0,0,,,1.41,,
D. Cruz,Piratas FC,Piratas FC,"RB, LB, RCB",31,630,0,0.49,1,0.87,Mexico,8.86,5.43,50,2.71,57.89,0.14,0.23,0.14,6,9.62,1.29,3,0.43,0,0,2.14,0,0,0,0.07,0,0,7,1,42.86,0,0.14,2.57,61.11,0.43,33.33,3.86,40.74,1.29,0.71,0,39.29,2.57,1.71,49.57,81.84,20.43,72.03,9.29,96.92,13.71,83.33,5.29,45.95,17.7,38.41,0.12,1.29,0,0,0,0,1,5.29,75.68,3,57.14,0,0,0.43,1.29,10.14,69.01,0,,0,,0,0,0,0,,,1.29,,
A. Tecpanécatl,Alebrijes de Oaxaca,Alebrijes de Oaxaca,"LW, LWF, RW",29,202,1,0.46,0,0.06,Mexico,6.24,4.9,63.64,0.89,100,0,0,0,3.12,4.47,2.67,3,1.34,1,0.45,2.23,0.45,1,0.45,0.21,0,0,3,1.34,66.67,33.333,0,1.34,33.33,0.89,100,11.14,56,0.89,3.12,0,23.17,0.89,4.01,28.96,86.15,7.57,76.47,8.02,88.89,8.02,88.89,2.23,40,18.67,24.29,0.03,0.89,0,0,0,0,0,3.12,71.43,1.78,50,0,0,0,0.45,3.56,75,0,,0,,0,0,0,0,,,0,,
Josué Reyes,Alebrijes de Oaxaca,Alebrijes de Oaxaca,"CB, LCB",28,729,0,0.73,0,0,Mexico,9.14,3.58,58.62,2.96,54.17,0,0,0.99,7.04,9.55,0.62,0,0,0,0,0.86,0,0,0,0.09,0,0,9,1.11,55.56,0,0,0.12,100,0.12,100,0.37,100,0.99,0,0.12,27.28,0.37,0.25,38.64,88.5,10.99,73.03,1.98,93.75,23.09,95.72,4.07,51.52,23.56,37.59,0,0,0.12,0,0,0,0,2.22,38.89,0.25,50,0,0,0,0.12,4.44,52.78,0,,0,,0,0,0,0,,,1.6,,
J. Cruz,Mixco,Tepatitlán de Morelos,CF,30,52,0,0.4,0,0,Mexico,1.73,3.46,50,6.92,50,0,0,0,0,0,1.73,0,0,0,0,1.73,0,0,0,0.69,0,0,4,6.92,25,0,0,0,0,0,0,10.38,33.33,3.46,3.46,0,10.38,3.46,3.46,19.04,90.91,1.73,100,10.38,100,1.73,100,3.46,100,16.74,43.16,0,0,0,0,0,0,0,3.46,100,0,0,0,0,0,0,3.46,100,0,,0,,0,0,0,0,,,0,,
Óscar Mazatán,Mineros de Zacatecas,Mineros de Zacatecas,"LCB, RCB, RB",24,461,2,0.87,0,0,Mexico,9.37,4.1,66.67,3.71,47.37,0.39,0.51,0.78,6.25,8.21,0.98,3,0.59,0,0,0.78,0.39,2,0.39,0.17,0,0,4,0.78,75,50,0,0.2,0,0.39,50,0.78,25,0.78,0.78,0,31.04,0.78,0,43.34,90.54,14.45,81.08,2.93,100,19.72,95.05,4.1,57.14,19.3,37.65,0,0,0,0,0,0,0,2.93,66.67,0.39,0,0,0,0,0,5.47,71.43,0,,0,,0,0,0,0,,,1.95,,
E. Santos,Tlaxcala,Tlaxcala,"LB, LWB",26,237,0,0,0,0,Mexico,7.22,5.32,71.43,1.14,33.33,0,0,0,3.42,3.6,0.38,0,0,0,0,0,0,0,0,0,0,0,1,0.38,0,0,0,0.38,0,0,0,3.04,62.5,0,0,0,18.23,1.52,0.76,24.3,79.69,9.49,68,5.32,100,6.46,76.47,1.9,40,23.45,30.01,0,0,0,0,0,0,0,1.14,66.67,0.76,0,0,0,0,0,4.18,45.45,0,,0,,0,0,0,0,,,0,,
F. Plascencia,Tlaxcala,Tlaxcala,"DMF, AMF, RCMF",27,46,0,0,0,0,Mexico,3.91,5.87,66.67,0,0,0,0,0,0,0,3.91,1,1.96,0,0,0,0,0,0,0,0,0,0,0,0,0,0,0,0,0,0,5.87,66.67,0,0,0,23.48,0,1.96,29.35,100,15.65,100,5.87,100,7.83,100,5.87,100,16.5,39.67,0,0,0,0,0,0,0,7.83,100,0,0,0,0,0,0,7.83,100,0,,0,,0,0,0,0,,,0,,
A. Iniestra,Tlaxcala,Tlaxcala,"LCMF, LDMF, RDMF",30,344,0,0.05,1,0.23,Mexico,6.8,3.92,80,1.05,25,0.78,0.97,0.26,2.88,3.55,0.78,0,0,0,0,0.52,0,0,0,0.01,0,0,3,0.78,0,0,0.26,0,0,0.26,100,1.83,71.43,0,0,0,27.73,0.78,0.78,35.84,88.32,9.16,71.43,4.71,88.89,15.7,98.33,2.62,80,14.98,32.5,0.06,0.26,0,0,0.26,100,0.26,4.97,68.42,0.52,50,0.26,100,0.26,0,3.66,57.14,0,,0,,0,0,0,0,,,1.05,,
A. Domínguez,Venados,Venados,"LCMF, AMF, RDMF",35,761,1,1.58,6,1.7,Mexico,5.2,4.73,45,1.06,66.67,0,0,0,3.07,4.02,1.3,3,0.35,0,0,1.42,0.12,1,0.12,0.19,0,0,14,1.66,35.71,7.143,0.71,0.71,33.33,0.83,42.86,6.5,45.45,2.6,0.83,0,36.43,0.24,1.54,46.36,83.93,13.96,68.64,7.81,90.91,15.85,93.28,5.91,70,17.62,37.45,0.2,1.42,0,0.12,0.24,100,1.18,7.1,70,2.01,58.82,0.59,80,1.54,0.35,8.04,73.53,0,,0,,0,0,0,0,,,0.24,,
D. Tejeda,Venados,Venados,"RAMF, RW, RWF",28,724,1,1.65,2,1.59,Mexico,7.33,8.95,41.67,3.48,60.71,0.5,0.65,0.12,3.11,4.05,1.99,1,0.12,0,0,3.98,0.12,1,0.12,0.2,0,0,18,2.24,44.44,5.556,0.25,3.73,26.67,2.73,68.18,6.22,44,3.85,2.24,0.12,14.92,2.11,0.37,19.14,63.64,4.48,69.44,3.98,87.5,6.22,50,1.12,55.56,18.76,24.76,0.2,1.24,0.25,0.12,0.12,100,1.24,1.24,50,2.73,40.91,0.12,100,0.62,0.87,3.85,74.19,0,,0,,0,0,0,0,,,0,,
B. Sánchez,Dorados,Dorados,"CF, LCMF, AMF",25,270,1,1.32,2,0.65,Mexico,1,1,0,3.67,18.18,0,0,0,1,1.34,0.67,0,0,0,0,3.33,0.33,0,0,0.44,0,0,6,2,50,16.667,0.67,3.33,40,1.33,75,3.67,45.45,4,1.67,0,31.67,2.67,0.67,36.33,75.23,8.67,65.38,8.33,92,13.67,65.85,2.33,71.43,17.3,15.61,0.22,1,0,0,0,0,1,5.67,64.71,4,41.67,0.33,100,1.33,1.33,4.33,84.62,0,,0,,0,0,0,0,,,0,,
O. Millán,CA La Paz,CA La Paz,"RCMF, AMF, CF",25,546,0,1.89,1,0.85,Mexico,3.96,2.8,47.06,0.99,16.67,0,0,0.66,2.64,3.53,0,0,0,0,0,1.98,0,0,0,0.31,0,0,14,2.31,14.29,0,0.16,1.81,18.18,1.81,63.64,6.1,43.24,2.31,2.97,0.49,25.05,1.81,0.82,30.66,77.96,8.08,69.39,8.24,94,7.25,68.18,1.15,85.71,14.1,18.38,0.14,0.66,0,0,0.49,33.33,0.49,2.31,64.29,1.81,36.36,0.49,33.33,0.82,0.49,4.12,52,0,,0,,0,0,0,0,,,0.16,,
C. Robles,CA La Paz,CA La Paz,"RCB, CB",26,507,0,0.21,2,1.16,Mexico,7.63,3.73,57.14,5.5,64.52,0,0,0.71,5.5,7.56,0.89,2,0.36,1,0.18,0.36,0,0,0,0.04,0,0,2,0.36,0,0,0.36,0,0,0.36,100,1.42,87.5,0.53,0.36,0,31.24,0.89,1.24,44.56,87.65,20.24,78.07,2.84,87.5,18.46,95.19,6.75,63.16,21.95,38.98,0.21,0.53,0,0.18,0,0,0.53,4.79,62.96,0.36,50,0,0,0.53,0,7.63,76.74,0,,0,,0,0,0,0,,,1.95,,
J. Godínez,Tepatitlán de Morelos,Tepatitlán de Morelos,CF,29,172,0,1.49,0,0.06,Mexico,3.66,1.57,0,7.33,28.57,0,0,2.09,3.66,4.57,1.05,0,0,0,0,1.05,0,0,0,0.78,0,0,4,2.09,25,0,0,0,0,1.05,50,7.33,28.57,2.62,0,1.57,5.76,2.09,2.62,13.08,76,2.09,50,5.76,100,2.62,40,0,0,14.59,0,0.03,0.52,0,0,0,0,0.52,1.57,66.67,1.05,0,0,0,0.52,0,1.05,50,0,,0,,0,0,0,0,,,0,,
L. López,Cancún,Cancún,"LCMF, RCMF",32,184,0,0.01,0,0.13,Mexico,5.87,4.4,66.67,0.98,50,1.47,1.84,0,1.47,1.84,0.49,1,0.49,0,0,0.49,0,0,0,0,0,0,1,0.49,0,0,0,0.49,0,0.49,100,3.42,57.14,0,4.4,0,49.4,1.47,0.98,64.08,88.55,23.48,77.08,8.32,100,22.99,93.62,7.83,56.25,18.94,39.69,0.07,1.47,0,0,0,0,0.98,15.16,77.42,1.47,33.33,0.49,100,0.98,0.49,11.25,86.96,0,,0,,0,0,0,0,,,0.49,,
E. Alaffita,CA La Paz,CA La Paz,"RCMF, LCMF",29,187,0,0.04,0,0.23,Mexico,2.89,2.41,20,0,0,0,0,0,2.41,3.41,1.93,0,0,1,0.48,0.48,0,0,0,0.02,0,0,1,0.48,0,0,0,0.96,50,0,0,0,0,0.96,0.96,0,28.4,0.48,0,37.06,79.22,12.03,64,7.7,87.5,10.11,80.95,0.96,50,14.4,21.28,0.11,1.44,0,0,0,0,0.96,5.29,90.91,2.89,50,0,0,0.96,0.48,5.78,83.33,0,,0,,0,0,0,0,,,0,,
J. González,Alacranes de Durango,Alacranes de Durango,"LW, LAMF",24,60,0,0.11,0,0.05,Mexico,1.5,1.5,0,0,0,0,0,0,1.5,3.75,1.5,0,0,0,0,1.5,0,0,0,0.17,0,0,1,1.5,0,0,0,0,0,3,50,10.5,42.86,1.5,9,1.5,37.5,3,1.5,36,87.5,7.5,100,1.5,100,15,100,0,0,17.82,0,0.07,1.5,0,0,0,0,3,3,100,4.5,100,0,0,4.5,0,9,100,0,,0,,0,0,0,0,,,0,,
R. Peña,Jaiba Brava,Jaiba Brava,RB,34,669,0,0,0,0,Mexico,6.73,5.78,53.49,1.35,30,0,0,0,3.63,4.91,0.81,1,0.13,0,0,0.67,0,0,0,0,0,0,0,0,0,0,0,2.02,26.67,0.13,100,3.36,48,0.67,1.08,0,36.19,2.69,1.08,46.95,84.81,19.24,79.72,9.96,100,12.11,77.78,5.11,55.26,18.64,38.09,0,0,0,0,0,0,0.27,5.38,72.5,1.88,50,0.13,0,0.27,0.54,7.94,69.49,0,,0,,0,0,0,0,,,2.69,,
N. Gómez,Correcaminos UAT,Correcaminos UAT,"CF, RW",28,141,0,0.08,0,0.22,Mexico,4.47,2.55,50,1.91,33.33,0,0,0,3.19,6,0.64,1,0.64,0,0,1.28,0,0,0,0.05,0,0,2,1.28,0,0,0,1.91,33.33,0.64,0,0.64,0,1.28,1.28,0,16.6,1.28,0,27.45,72.09,7.02,72.73,7.66,100,8.3,53.85,1.91,66.67,19.18,40.27,0.14,0.64,0,0,0.64,100,0.64,2.55,50,3.83,50,0.64,100,1.28,0.64,5.11,75,0,,0,,0,0,0,0,,,0,,
L. Sepúlveda,Universidad Guadalajara,Universidad Guadalajara,"LB, LCB",25,72,0,0,0,0,United States,7.5,6.25,40,2.5,100,0,0,1.25,5,4.8,1.25,0,0,0,0,1.25,0,0,0,0,0,0,0,0,0,0,0,0,0,1.25,100,2.5,100,0,0,1.25,7.5,0,1.25,18.75,60,7.5,66.67,0,0,7.5,50,3.75,33.33,21.73,10.85,0,0,0,0,0,0,0,5,50,0,0,0,0,0,0,3.75,100,0,,0,,0,0,0,0,,,0,,
R. López,Atlético Morelia,Atlético Morelia,"RB, RWB",24,773,2,0.33,0,0.75,Mexico,6.29,5.01,58.14,1.98,70.59,0.12,0.17,0.23,3.26,4.83,0.82,1,0.12,0,0,3.03,0.23,2,0.23,0.04,1,0.12,10,1.16,50,20,0,3.49,26.67,2.1,72.22,4.31,43.24,1.16,1.98,0.35,23.17,1.86,0.35,32.37,74.1,12.23,67.62,4.89,100,9.08,67.95,3.03,61.54,17.97,39.74,0.09,0.82,0.23,0.12,0,0,0.35,3.84,69.7,3.49,40,0,0,0.23,1.4,6.75,63.79,0,,0,,0,0,0,0,,,0.35,,
V. López,Atlético Morelia,Atlético Morelia,"RAMF, RCMF",23,441,1,0.76,0,0.2,Mexico,5.1,4.69,60.87,1.22,50,0.41,0.59,0,1.84,2.67,0,0,0,0,0,3.67,0.2,1,0.2,0.15,0,0,11,2.24,27.27,9.091,0,1.84,11.11,5.1,56,12.65,46.77,2.04,2.24,0.61,31.63,1.63,0.82,41.02,82.59,13.27,73.85,6.94,97.06,13.27,83.08,1.22,66.67,17,15.45,0.04,1.02,0.2,0,0,0,0.61,6.94,82.35,3.47,47.06,0,0,1.63,0.2,6.73,87.88,0,,0,,0,0,0,0,,,0,,
S. Naveda,América,Venados,LDMF,25,30,0,0,0,0.17,Mexico,,,,,,,0,,,7.5,,0,,0,,,,0,,,0,,0,,,0,,,,,,,,,,,,,,,,,,,,,,,,15.1,40.82,,,,,,,,,,,,,,,,,,0,,0,,0,0,0,,,,,,
Juan Machado,Mineros de Zacatecas,Mineros de Zacatecas,CF,27,551,1,1.27,0,0.25,Mexico,2.45,1.96,41.67,4.25,34.62,0,0,0.16,1.63,2.31,1.14,1,0.16,0,0,0.82,0.16,1,0.16,0.21,0,0,12,1.96,16.67,8.333,0,0,0,0.98,50,8.49,36.54,2.78,0.49,0,17.64,1.14,1.8,24.83,84.21,4.25,80.77,8.66,92.45,3.76,86.96,0.33,100,9.94,6.13,0.04,0.82,0.16,0,0.16,0,0.33,1.47,66.67,0.98,100,0.16,0,0.82,0,2.45,40,0,,0,,0,0,0,0,,,0,,
Jesse Zamudio,Tlaxcala,Tlaxcala,"RW, LDMF",27,245,0,0.13,1,0,Mexico,7.71,6.98,57.89,2.94,50,0.73,0.9,0,2.94,3.58,1.47,1,0.37,0,0,1.1,0,0,0,0.05,0,0,3,1.1,0,0,0.37,3.31,11.11,0.73,50,6.24,41.18,0.73,1.47,0,36.73,2.2,1.1,45.55,75.81,9.18,76,9.18,92,19.1,67.31,2.2,33.33,19.31,34.44,0,0.37,0,0,1.1,33.33,0.73,3.31,55.56,4.04,9.09,1.1,33.33,0.73,0.37,7.35,75,0,,0,,0,0,0,0,,,1.1,,
J. López,Jaiba Brava,Jaiba Brava,"LW, RAMF",29,160,0,0.27,0,0.24,Mexico,3.94,3.94,42.86,3.94,42.86,0,0,0,2.25,3.64,1.69,0,0,0,0,2.25,0,0,0,0.15,0,0,4,2.25,0,0,0,2.81,40,2.25,50,6.75,58.33,3.94,1.69,0,23.06,2.25,3.38,29.25,69.23,6.75,50,7.31,84.62,10.69,68.42,0.56,0,16.57,5.91,0.14,1.13,0,0,0,0,1.13,2.81,80,3.38,33.33,0,0,0.56,1.13,3.94,71.43,0,,0,,0,0,0,0,,,0,,
A. Álvarez,Cancún,Cancún,"LCB, LB",23,276,0,0.39,0,0.4,Mexico,7.5,4.57,71.43,1.63,60,0.65,0.9,0.98,3.59,4.93,0.65,1,0.33,0,0,2.28,0,0,0,0.13,0,0,2,0.65,50,0,0,3.26,30,0.98,100,2.28,85.71,2.28,1.63,0,41.09,1.63,0.65,52.5,83.85,19.89,78.69,4.24,100,21.2,83.08,6.52,65,20.09,39.61,0.13,1.3,0,0,0,0,1.3,9.46,68.97,2.28,28.57,0,0,0.65,0.98,6.52,80,0,,0,,0,0,0,0,,,1.3,,
D. Guillén,Cancún,Cancún,"RCB, CB",25,798,0,0.94,0,0,Mexico,8.8,4.17,48.65,2.82,68,0.23,0.25,1.13,6.54,7.19,1.13,3,0.34,0,0,0.23,0,0,0,0.11,0,0,7,0.79,28.57,0,0,0,0,0,0,1.02,44.44,1.24,0.11,0,17.48,0.23,0.45,25.15,89.24,8.91,77.22,1.47,100,11.95,97.17,2.37,42.86,20.98,46.58,0,0,0,0,0,0,0,2.48,54.55,0,0,0,0,0.11,0,3.5,70.97,0,,0,,0,0,0,0,,,0.9,,
Edson Gutiérrez,Dorados,Dorados,"RCB, LCB, RCMF",30,547,0,0.02,0,0.18,Mexico,7.24,3.78,56.52,2.8,47.06,0.16,0.2,1.15,4.94,6.12,0.99,3,0.49,0,0,0.49,0,0,0,0,0,0,1,0.16,0,0,0,0.49,66.67,0.33,50,1.81,36.36,0.33,0.49,0,29.78,1.15,0.49,42.45,83.72,17.28,66.67,2.14,100,18.59,99.12,6.09,43.24,24.25,46.34,0.03,0.33,0,0.16,0.16,0,0,6.42,58.97,2.63,25,0.16,0,0.33,0.33,7.57,73.91,0,,0,,0,0,0,0,,,0.82,,
J. Pérez,Universidad Guadalajara,Universidad Guadalajara,"RW, RAMF, CF",26,238,0,0.19,0,0.46,Mexico,4.54,4.16,45.45,1.89,40,0,0,0,2.65,3.09,0.38,1,0.38,0,0,4.16,0,0,0,0.07,0,0,2,0.76,0,0,0,3.78,60,4.16,36.36,9.08,25,3.03,4.16,0.76,22.31,3.03,0.38,30.63,80.25,4.92,69.23,8.7,95.65,9.45,84,1.89,20,16.48,27.77,0.17,3.03,0,0,0.38,100,1.51,2.27,83.33,3.03,75,0.38,100,0.76,2.27,4.16,90.91,0,,0,,0,0,0,0,,,0,,
Luis Hernández,Mineros de Zacatecas,Mineros de Zacatecas,RCB,28,549,0,0.19,0,0,Mexico,7.7,4.75,51.72,2.95,72.22,0,0,0.82,5.25,7.06,1.64,3,0.49,1,0.16,0,0,0,0,0.03,0,0,1,0.16,0,0,0,0,0,0,0,0.66,25,0.66,0,0,33.44,0.49,0.49,45.08,85.82,16.39,68,3.77,100,21.64,97.73,7.54,50,23.56,44.58,0,0,0,0.16,0,0,0,5.08,54.84,0.33,0,0,0,0,0,6.56,70,0,,0,,0,0,0,0,,,3.11,,
Ronaldo González,Jaiba Brava,Jaiba Brava,"RW, LDMF, RAMF",26,591,0,1.17,1,0.81,Mexico,5.18,5.33,42.86,0.76,20,0.15,0.21,0.46,2.74,3.8,1.07,3,0.46,0,0,1.52,0,0,0,0.18,0,0,5,0.76,20,0,0.15,1.22,50,1.37,55.56,5.63,45.95,1.68,2.13,0,31.52,2.28,1.68,39.75,83.14,11.57,65.79,11.88,94.87,8.07,84.91,3.35,63.64,15.6,30.97,0.12,1.22,0,0,0,0,0.61,5.33,65.71,3.2,71.43,0,0,1.22,0.91,6.24,68.29,0,,0,,0,0,0,0,,,0.15,,
U. Zurita,CA La Paz,CA La Paz,"RB, RCB, RWB",29,818,1,0.19,1,1.32,Mexico,9.35,7.7,57.14,2.42,68.18,0.22,0.3,0.33,4.73,6.35,1.1,2,0.22,0,0,0.88,0.11,1,0.11,0.02,0,0,4,0.44,25,25,0.11,1.21,54.55,0.55,20,1.98,38.89,0.88,0.33,0,25.75,1.43,0.88,34.99,81.13,12.65,66.96,7.04,93.75,9.46,84.88,3.96,61.11,18.96,34.55,0.15,0.66,0.11,0,0,0,0.55,3.85,82.86,1.98,50,0,0,0.33,0.77,8.14,59.46,0,,0,,0,0,0,0,,,1.43,,
B. Flores,Tlaxcala,Tlaxcala,"RCMF, CB, LCMF",25,496,1,0.36,0,0.01,Mexico,9.07,5.99,54.55,3.63,45,0.36,0.4,0.36,5.44,6.04,2,3,0.54,0,0,0.54,0.18,1,0.18,0.06,0,0,2,0.36,50,50,0,0.18,0,0.36,100,1.81,60,0.73,0.18,0,16.69,0,0.36,26.49,84.93,6.71,64.86,3.27,100,11.98,87.88,3.45,73.68,19.82,38.94,0,0.18,0.18,0,0,0,0,3.08,82.35,0,0,0,0,0,0,3.63,70,0,,0,,0,0,0,0,,,0,,
T. Sandoval,Correcaminos UAT,Correcaminos UAT,CF,27,286,1,0.87,1,0.46,Argentina,2.52,1.57,20,9.13,55.17,0,0,0.94,2.2,3.23,1.89,1,0.31,0,0,1.57,0.31,1,0.31,0.27,1,0.31,6,1.89,50,16.667,0.31,0.31,100,0,0,4.09,46.15,3.15,0.31,0,9.76,1.57,0.63,13.53,67.44,4.41,50,2.52,87.5,3.15,70,0.63,100,12.58,13.13,0.14,0.63,0,0,0.31,100,0.63,2.83,55.56,0.63,100,0.31,100,0.63,0.31,1.89,83.33,0,,0,,0,0,0,0,,,0,,
A. Catalán,Correcaminos UAT,Correcaminos UAT,"LB, LWB",26,575,0,0.23,0,0.02,Mexico,5.17,4.7,63.33,1.88,33.33,0,0,0.16,2.19,2.86,0.94,1,0.16,0,0,0.94,0,0,0,0.04,0,0,5,0.78,20,0,0,2.82,16.67,0.47,66.67,1.41,55.56,1.41,0.16,0,23.01,1.41,0.47,31.3,73,12.99,66.27,6.1,84.62,7.04,73.33,4.38,50,19.14,30.19,0,0.31,0,0,0,0,0.16,2.66,82.35,2.19,28.57,0.16,100,0.16,0.63,8.14,63.46,0,,0,,0,0,0,0,,,0.63,,
J. Gamboa,Piratas FC,Piratas FC,"RWF, RW, RAMF",25,710,1,1.33,0,0.12,Mexico,3.93,3.93,51.61,0.51,0,0.25,0.4,0,1.65,2.6,0.76,0,0,0,0,2.03,0.13,1,0.13,0.17,0,0,10,1.27,40,10,0,2.15,29.41,1.14,66.67,5.45,41.86,1.9,0.89,0.25,25.99,4.06,0.51,33.46,80.68,9,71.83,7.1,87.5,7.99,71.43,1.39,36.36,13.33,27.74,0.01,0.63,0,0,0.13,100,0.51,3.3,84.62,2.41,47.37,0.13,100,0.63,0.76,6.72,69.81,0,,0,,0,0,0,0,,,0.38,,
A. Justo,Alebrijes de Oaxaca,Alebrijes de Oaxaca,"LCB, LB",32,563,1,1.22,0,0.13,Mexico,8.63,4.8,70,3.84,79.17,0,0,0.48,5.28,7.23,1.28,4,0.64,1,0.16,0.8,0.16,1,0.16,0.2,0,0,7,1.12,28.57,14.286,0,0.64,0,0.64,75,5.12,71.88,1.76,0.96,0,31.97,0.48,2.24,41.56,85.77,19.02,78.99,4.64,93.1,13.43,90.48,7.03,59.09,20.43,39.31,0.02,0.16,0,0,0,0,0.16,7.19,73.33,1.12,28.57,0,0,0.48,0,9.91,87.1,0,,0,,0,0,0,0,,,1.28,,
O. Paz,Alebrijes de Oaxaca,Alebrijes de Oaxaca,GK,30,201,0,0,0,0,Mexico,0.45,0,0,0,0,0,0,0,0.45,0.48,0,1,0.45,0,0,0.45,0,0,0,0,0,0,0,0,0,0,0,0,0,0.45,100,0.45,100,0,0,0,7.16,0.45,0,16.12,72.22,13.43,70,0,0,2.69,83.33,12.54,64.29,45.13,50.07,0,0,0,0,0,0,0,3.58,50,0,0,0,0,0,0,10.3,78.26,4,1.79,12,5.37,1,66.67,2.73,1.22,-1.27,-0.569,0,2.24,0
K. Álvarez,Alebrijes de Oaxaca,Alebrijes de Oaxaca,RCB,34,730,0,0.32,0,0.12,Mexico,8.38,3.33,70.37,4.56,72.97,0.62,0.82,0.25,5.42,7.21,0.12,2,0.25,0,0,0.37,0,0,0,0.04,0,0,2,0.25,0,0,0,0.12,0,0.49,75,2.71,72.73,0.37,1.11,0.25,32.55,0.62,1.6,44.26,84.12,19.73,71.88,1.23,90,21.33,93.64,8.14,57.58,24.4,42.25,0.02,0.12,0,0,0,0,0.12,8.38,66.18,0.62,20,0,0,0.37,0,8.75,84.51,0,,0,,0,0,0,0,,,0.62,,
M. Domínguez,Atlético Morelia,Atlético Morelia,"AMF, CF, LCMF",26,357,0,0,1,1.29,Mexico,2.27,3.53,42.86,0.25,100,0,0,0,0.76,1.11,0.76,1,0.25,0,0,4.54,0,0,0,0,0,0,1,0.25,100,0,0.25,2.02,62.5,4.54,61.11,10.34,46.34,1.51,3.28,0.76,38.32,1.76,1.26,46.64,80,19.66,67.95,6.05,95.83,13.36,84.91,4.29,64.71,16.7,29.92,0.33,3.78,0.5,0,0.25,100,2.02,9.58,68.42,5.55,68.18,0.5,50,3.78,1.26,10.84,95.35,0,,0,,0,0,0,0,,,0.25,,
D. Zamora,Atlético Morelia,Atlético Morelia,LCB,28,426,0,0.42,0,0.04,Mexico,9.72,5.7,74.07,5.92,60.71,0.42,0.61,0.42,5.07,7.27,1.9,1,0.21,0,0,0,0,0,0,0.09,0,0,2,0.42,0,0,0,0,0,0,0,0,0,0.63,0,0,22.61,1.06,0.21,31.48,88.59,13.1,79.03,1.06,80,16.06,98.68,2.75,61.54,21.08,30.75,0.01,0.21,0,0,0,0,0,3.17,73.33,0,0,0,0,0.21,0,4.65,63.64,0,,0,,0,0,0,0,,,0.21,,
J. García,Jaiba Brava,Jaiba Brava,GK,28,102,0,0,0,0,Mexico,0,0,0,0,0,0,0,0,0,0,0,0,0,0,0,0.88,0,0,0,0,0,0,0,0,0,0,0,0,0,0.88,100,1.76,100,0,0,0,30.88,0,0.88,37.94,76.74,26.47,66.67,0,0,11.47,100,20.29,56.52,34.68,45.57,0,0,0,0,0,0,0,0.88,0,0,0,0,0,0,0,11.47,69.23,3,2.65,9,7.94,0,66.67,2.27,2.01,-0.73,-0.644,0,5.29,0
K. Amador,Venados,Venados,"LDMF, RCMF, LCMF",25,279,0,0.13,0,0.34,Mexico,4.52,3.87,66.67,1.61,60,0.32,0.46,0,1.61,2.31,1.29,0,0,0,0,0.97,0,0,0,0.04,0,0,3,0.97,33.33,0,0,0.32,100,0.32,100,2.26,28.57,0.32,0.32,0.32,34.52,0.65,0.32,46.77,83.45,17.1,62.26,7.1,95.45,15.48,97.92,5.81,38.89,17.08,26.57,0.11,0.65,0,0,0,0,0.97,5.48,64.71,3.55,45.45,0.32,100,1.29,0.32,6.13,78.95,0,,0,,0,0,0,0,,,0.97,,
A. Chávez,Cancún,Cancún,"RCMF, LCMF, DMF",26,711,0,0.06,0,0,Mexico,6.96,4.81,55.26,1.27,30,0.25,0.27,0.63,4.05,4.27,1.14,0,0,0,0,0.25,0,0,0,0.01,0,0,2,0.25,0,0,0,0.38,33.33,0.51,25,1.77,57.14,0.25,0.38,0,19.11,0.51,0.89,29.49,87.98,9.75,71.43,3.8,93.33,10.13,96.25,2.41,63.16,17.1,38.91,0,0.13,0.13,0,0,0,0,3.92,77.42,0.38,66.67,0,0,0.51,0,4.05,65.63,0,,0,,0,0,0,0,,,0,,
Christian Castillo,Dorados,Dorados,"RWF, LW, RW",23,297,0,0.16,1,0.33,Mexico,2.12,2.12,42.86,0.91,0,0.3,0.45,0,0.91,1.34,0.91,0,0,0,0,6.67,0,0,0,0.05,0,0,2,0.61,50,0,0.3,7.27,50,3.94,69.23,8.79,37.93,3.03,3.64,0.3,21.21,3.03,0,26.67,65.91,6.36,61.9,4.24,100,10.61,62.86,4.24,42.86,22.63,44.52,0.1,1.21,0,0,0,0,0.91,2.12,71.43,5.15,52.94,0,0,0.91,3.33,6.67,77.27,0,,0,,0,0,0,0,,,0,,
P. Uscanga,Cancún,Cancún,"LCMF, RCMF",35,527,0,0,0,0.24,Mexico,7.34,4.44,76.92,1.02,33.33,0,0,0.17,3.93,4.34,0.51,2,0.34,0,0,0.68,0,0,0,0,0,0,0,0,0,0,0,0.68,50,0.34,100,3.76,40.91,0.34,0.34,0.17,24.59,0.51,0.85,36.2,82.08,13.15,66.23,5.12,90,12.64,91.89,4.27,48,17.98,34.57,0.04,1.02,0,0.17,0.17,0,0.85,7,65.85,1.71,50,0.51,66.67,0.34,0.17,5.46,65.63,0,,0,,0,0,0,0,,,0.51,,
C. Cruz,Jaiba Brava,Jaiba Brava,"LW, LAMF",28,607,2,0.41,0,0.29,Uruguay,3.26,2.67,55.56,1.48,60,0,0,0.15,1.78,2.54,0.59,1,0.15,0,0,2.52,0.3,2,0.3,0.06,0,0,4,0.59,50,50,0,3.86,26.92,1.93,61.54,7.12,37.5,1.63,1.19,0.74,23.87,3.56,1.04,28.62,69.95,7.41,56,6.67,95.56,9.64,61.54,2.37,56.25,19.18,38.41,0.04,0.44,0.3,0,0,0,0.44,3.26,59.09,3.11,42.86,0,0,0.44,1.48,4.89,66.67,0,,0,,0,0,0,0,,,0,,
E. Cantú,Alacranes de Durango,Alacranes de Durango,"LDMF, RDMF, RCB",27,754,2,0.8,0,0.04,Mexico,6.21,5.49,56.52,2.15,44.44,0.24,0.42,0.48,2.86,5,1.91,1,0.12,0,0,0.84,0.24,2,0.24,0.1,0,0,8,0.95,50,25,0,0.48,50,0.24,50,2.03,41.18,1.07,0.95,0.36,35.21,0.72,0.36,47.98,87.31,14.8,74.19,4.3,94.44,21.25,93.82,3.22,51.85,18.22,38.95,0,0.12,0.12,0,0,0,0.12,5.49,71.74,0.72,66.67,0.12,0,0.12,0.36,6.45,70.37,0,,0,,0,0,0,0,,,0.6,,
L. Morales,Alacranes de Durango,Alacranes de Durango,"LAMF, LWF, AMF",33,388,0,0.11,0,0.14,Mexico,2.78,2.32,50,0.46,0,0,0,0,1.62,3.04,0.23,0,0,0,0,2.55,0,0,0,0.03,0,0,5,1.16,40,0,0,3.25,50,1.39,33.33,6.96,36.67,1.16,1.86,0,32.94,2.32,1.62,39.66,86.55,8.81,86.84,10.44,88.89,14.38,85.48,0.46,100,17.5,12.46,0.03,0.7,0,0,0,0,0.7,3.02,84.62,3.48,60,0,0,1.16,1.16,6.49,92.86,0,,0,,0,0,0,0,,,0,,
I. Ochoa,Jaiba Brava,Jaiba Brava,"RCMF, LCMF, LDMF",30,382,0,0.27,0,0.02,Mexico,4.95,5.42,43.48,1.65,57.14,0,0,0,2.59,3.4,2.12,1,0.24,0,0,0.71,0,0,0,0.06,0,0,4,0.94,25,0,0,0.47,50,0.24,100,2.36,60,0.71,0.47,0,37.93,0.24,0.94,49.48,90.48,13.19,78.57,7.3,96.77,20.26,95.35,2.83,50,16.45,30.33,0.01,0.24,0,0,0,0,0,4.24,55.56,0.94,50,0,0,0.24,0.24,5.65,70.83,0,,0,,0,0,0,0,,,0.47,,
L. Loroña,Alacranes de Durango,Alacranes de Durango,CF,33,300,0,0.15,0,0.21,Mexico,1.8,1.2,25,6.6,40.91,0,0,0,1.5,3.19,1.5,1,0.3,0,0,0.6,0,0,0,0.04,0,0,2,0.6,50,0,0,0.6,0,0.3,100,5.4,50,2.4,0.3,0,12.9,1.5,2.1,17.1,82.46,3.3,72.73,6.3,95.24,4.2,71.43,0.6,50,11.49,13.74,0.06,0.6,0,0,0,0,0.6,1.5,60,0.3,0,0,0,0.9,0,1.5,60,0,,0,,0,0,0,0,,,0,,
R. Parra,Tapatío,Tapatío,"RCB, CB",23,567,0,0.16,0,0.01,Mexico,8.41,6.83,48.84,1.9,25,0.16,0.19,1.59,4.92,5.96,1.11,2,0.32,0,0,0.48,0,0,0,0.03,0,0,1,0.16,0,0,0,0.16,0,0.48,100,1.27,62.5,0.32,0.79,0.16,37.94,0.63,0,51.9,86.24,22.7,76.22,3.49,95.45,19.21,94.21,5.87,43.24,18.71,37.97,0,0.16,0,0.16,0,0,0,6.03,60.53,1.43,22.22,0.32,50,0.32,0,6.51,68.29,0,,0,,0,0,0,0,,,1.59,,
E. Martínez,Atlético Morelia,Atlético Morelia,"RDMF, DMF",24,656,0,0.37,2,0.32,Mexico,7.68,6.72,67.35,2.06,40,0.41,0.61,0.14,2.74,4.05,0.96,2,0.27,0,0,0.27,0,0,0,0.05,0,0,8,1.1,12.5,0,0.27,0.96,14.29,0.14,0,2.61,42.11,1.51,0.41,0,36.49,0.41,0.96,50.49,86.68,18.25,76.69,6.31,95.65,20.58,93.33,3.98,58.62,19.09,37.75,0.04,1.1,0.14,0,0,0,0.69,10.98,88.75,1.78,38.46,0,0,1.1,0.27,10.7,82.05,0,,0,,0,0,0,0,,,0.69,,
Rubén del Campo,Atlético Morelia,Atlético Morelia,CF,26,753,5,5.38,2,0.78,Switzerland,2.51,1.08,44.44,5.14,48.84,0,0,0.24,2.03,2.97,0.96,3,0.36,0,0,3.11,0.6,3,0.36,0.64,1,0.12,32,3.82,50,15.625,0.24,0.84,42.86,1.43,58.33,7.17,40,4.42,0.48,0,10.04,1.31,1.67,12.07,74.26,2.63,72.73,3.47,75.86,2.87,70.83,0.36,33.33,14.32,10.58,0.09,0.6,0,0,0,0,0.72,1.43,83.33,0.72,66.67,0,0,0.36,0.48,1.08,88.89,0,,0,,0,0,0,0,,,0,,
Roberto Castellanos,Atlético Morelia,Atlético Morelia,LCB,28,35,0,0,0,0,United States,,,,,,,0,,,10,,1,,0,,,,0,,,0,,0,,,0,,,,,,,,,,,,,,,,,,,,,,,,23.59,36.1,,,,,,,,,,,,,,,,,,0,,0,,0,0,0,,,,,,
A. Grijalva,Venados,Venados,"LCB, RCB",26,182,1,0.08,0,0.17,Mexico,4.95,2.47,40,4.45,66.67,0,0,0.49,3.96,7.06,1.98,1,0.49,0,0,0.49,0.49,1,0.49,0.04,0,0,1,0.49,100,100,0,0.49,0,0,0,0.49,100,0.49,1.48,0,45.49,0.49,0,64.78,90.84,24.73,82,1.48,100,31.15,95.24,5.93,66.67,19.55,38.59,0.08,0.49,0,0,0,0,0.49,8.9,77.78,1.98,50,0.49,100,0.99,0,5.93,91.67,0,,0,,0,0,0,0,,,1.48,,
C. Jiménez,Cruz Azul,Cruz Azul Hidalgo,"RDMF, LCMF, RCMF",24,190,0,0.43,0,0.09,Mexico,5.68,1.42,100,2.37,60,0,0,0,4.26,6.75,0,0,0,0,0,1.42,0,0,0,0.2,0,0,6,2.84,16.67,0,0,0,0,1.89,50,5.21,63.64,0.95,1.42,0,36,0.47,1.89,43.11,91.21,10.89,82.61,4.74,100,22.26,95.74,4.74,60,19.73,39.01,0.04,0.47,0,0,0.47,0,0.47,7.11,73.33,0.95,100,0.47,0,1.42,0,7.58,87.5,0,,0,,0,0,0,0,,,1.89,,
R. Rubio,Cruz Azul,Cruz Azul Hidalgo,"LCB, CB",25,811,0,0.58,0,0,Mexico,10.1,6.55,64.41,4.55,53.66,0.22,0.36,0.78,5.66,9.16,1.33,4,0.44,1,0.11,0.44,0,0,0,0.06,0,0,2,0.22,50,0,0,0.22,100,0.11,100,1.11,70,0.33,0.44,0,31.41,0.44,0.78,41.73,89.36,15.31,80.43,2.55,78.26,19.53,96.02,3.55,65.63,20.25,37.99,0,0,0,0,0,0,0,4.22,84.21,0.22,50,0,0,0,0,7.21,73.85,0,,0,,0,0,0,0,,,1.22,,
J. Reyes,Venados,Venados,"LAMF, LW",26,740,2,1.78,5,2.72,United States,3.41,2.07,64.71,0.97,50,0.12,0.17,0,1.95,2.65,0.97,2,0.24,0,0,5.84,0.24,2,0.24,0.22,0,0,16,1.95,43.75,12.5,0.61,3.77,54.84,3.65,80,10.82,58.43,3.89,3.53,0.12,19.09,2.55,1.82,25.05,81.55,4.99,80.49,8.15,95.52,8.03,74.24,0.97,75,16.15,24.28,0.33,2.43,0.12,0,0,0,1.58,1.58,84.62,3.53,51.72,0,0,0.97,1.95,3.65,96.67,0,,0,,0,0,0,0,,,0,,
Marco García,CA La Paz,CA La Paz,"LCMF, RCMF",26,361,0,0.05,1,0.96,Mexico,7.48,5.98,58.33,0.75,100,0.25,0.37,0,3.74,5.56,2.24,0,0,0,0,0.75,0,0,0,0.01,0,0,5,1.25,0,0,0.25,0.75,33.33,1.25,40,6.23,56,0,1,0,37.65,0.5,1.75,51.36,88.35,16.7,82.09,8.73,94.29,15.71,90.48,3.74,80,16.67,24.38,0.24,2.99,0,0,0,0,1.25,6.48,92.31,2.24,55.56,0.25,100,1,0.25,8.73,82.86,0,,0,,0,0,0,0,,,0.5,,
J. Pérez,Guadalajara,Tapatío,LWB,23,96,0,0.02,0,0.01,United States,9.38,9.38,60,0,0,0,0,0,3.75,4.14,1.88,0,0,0,0,3.75,0,0,0,0.02,0,0,1,0.94,0,0,0,2.81,66.67,1.88,100,3.75,75,0,1.88,0.94,21.56,2.81,0,30,75,7.5,50,7.5,100,11.25,75,1.88,50,22.63,58.91,0.01,0.94,0,0,0,0,0,5.63,50,4.69,40,0,0,0,1.88,5.63,66.67,0,,0,,0,0,0,0,,,0,,
O. Botello,Atlético Morelia,Atlético Morelia,LB,25,15,0,0,0,0,Mexico,,,,,,,0,,,15,,0,,0,,,,0,,,0,,0,,,0,,,,,,,,,,,,,,,,,,,,,,,,16.08,47.07,,,,,,,,,,,,,,,,,,0,,0,,0,0,0,,,,,,
A. Ruiz,Correcaminos UAT,Correcaminos UAT,LCB,25,516,1,0.45,1,0.05,Mexico,6.45,3.66,52.38,4.19,50,0,0,0.35,4.53,6,1.4,1,0.17,0,0,0.52,0.17,1,0.17,0.08,1,0.17,3,0.52,33.33,33.333,0.17,0,0,0.35,100,0.7,100,0.52,0.52,0,23.2,1.05,0.35,37.15,92.02,9.94,84.21,1.74,80,22.33,95.31,1.57,33.33,21.14,38.85,0.01,0.35,0,0,0,0,0.17,2.79,68.75,0.35,0,0,0,0,0,4.88,60.71,0,,0,,0,0,0,0,,,0.7,,
R. Pasquel,Atlético Morelia,Atlético Morelia,GK,30,817,0,0,0,0,Mexico,0.77,0.33,66.67,0,0,0,0,0,0.55,0.82,0,0,0,0,0,0,0,0,0,0,0,0,0,0,0,0,0,0,0,0,0,0.22,50,0,0,0,8.37,0.33,0.11,16.3,76.35,9.36,64.71,0,0,6.5,91.53,7.71,51.43,38.11,51.02,0,0,0,0,0,0,0,2.42,36.36,0.11,0,0,0,0,0,4.96,68.89,9,0.99,34,3.75,2,73.53,6.01,0.66,-2.99,-0.329,0,1.32,0
Paolo Ríos,Mineros de Zacatecas,Mineros de Zacatecas,"RCMF, DMF",26,176,0,0,0,0,Mexico,2.56,3.07,16.67,0,0,0,0,0,2.05,2.5,0,0,0,0,0,1.02,0,0,0,0,0,0,0,0,0,0,0,1.53,66.67,1.53,0,6.14,25,0,0,0,20.97,0.51,1.02,33.24,72.31,9.72,47.37,6.65,84.62,11.76,73.91,6.14,41.67,14.92,27.9,0,0,0,0,0,0,0,4.09,37.5,1.53,33.33,0.51,0,0,0.51,5.63,54.55,0,,0,,0,0,0,0,,,1.53,,
R. Castellanos,Venados,Venados,GK,25,702,0,0,0,0,Mexico,0.13,0,0,0,0,0,0,0,0.13,0.16,0,0,0,0,0,0,0,0,0,0,0,0,0,0,0,0,0,0,0,0,0,0,0,0,0,0,14.1,0.64,0,21.41,89.22,10.13,81.01,0.13,100,9.62,98.67,4.23,60.61,27.54,49.71,0,0,0,0,0,0,0,1.92,40,0,0,0,0,0,0,3.33,65.38,17,2.18,34,4.36,1,50,12.75,1.64,-4.25,-0.545,0,1.28,0
B. El-Mesmari,Cancún,Cancún,"LB, LWB",24,678,0,0.22,2,0.23,Mexico,5.04,2.92,45.45,0.27,100,0,0,0.27,3.72,3.87,0,0,0,0,0,1.33,0,0,0,0.03,0,0,8,1.06,25,0,0.27,1.06,25,0.93,71.43,1.99,46.67,0.66,0.93,0,20.18,1.06,0,26.68,72.64,12.35,56.99,4.91,97.3,5.18,69.23,5.31,40,19.97,38.94,0.03,0.27,0,0,0.13,100,0.27,4.65,51.43,1.86,28.57,0.27,100,0.27,0.4,6.77,60.78,0,,0,,0,0,0,0,,,0.27,,
A. Peláez,Alacranes de Durango,Alacranes de Durango,GK,32,710,0,0,0,0,Mexico,0.76,0.13,100,0.13,0,0,0,0,0.63,1.08,0.13,0,0,0,0,0,0,0,0,0,0,0,0,0,0,0,0,0,0,0,0,0,0,0,0,0,12.93,0.51,0,21.68,82.46,12.42,73.47,0.25,50,8.62,94.12,8.37,56.06,32.18,44.2,0,0,0,0,0,0,0,1.27,40,0.25,0,0,0,0,0,6.72,66.04,8,1.01,29,3.68,3,72.41,9.4,1.19,1.4,0.177,0,0.89,0.13
E. Ortega,Tepatitlán de Morelos,Tepatitlán de Morelos,"RCMF, RW",29,361,0,0.41,0,0,Mexico,4.99,3.74,53.33,2.99,41.67,0,0,0.25,2.99,3.56,1.25,1,0.25,0,0,1.25,0,0,0,0.1,0,0,6,1.5,16.67,0,0,0.75,66.67,0.75,66.67,5.24,71.43,0.75,1.25,0,21.94,0.75,1.5,34.16,81.75,10.22,65.85,5.24,95.24,13.46,85.19,3.99,62.5,18.42,35.19,0,0,0,0,0,0,0,6.48,61.54,1,25,0,0,0,0.5,4.24,88.24,0,,0,,0,0,0,0,,,0,,
H. Hernández,Piratas FC,Piratas FC,GK,41,821,0,0,0,0,Mexico,0.55,0,0,0.11,0,0,0,0,0.55,0.87,0,0,0,0,0,0,0,0,0,0,0,0,0,0,0,0,0,0,0,0,0,0,0,0,0.11,0,29.6,0.77,0,38.48,87.18,14.69,72.39,0.22,100,21.81,96.98,11.29,62.14,31.84,45.94,0,0,0,0.11,0,0,0,3.18,48.28,0.55,0,0.11,0,0,0,7.67,65.71,6,0.66,18,1.97,3,66.67,4.54,0.5,-1.46,-0.16,0,1.53,0.11
R. Domínguez,Alacranes de Durango,Alacranes de Durango,"DMF, LDMF, RCMF",29,691,0,0.38,0,0.06,Mexico,5.73,4.69,50,3.26,60,0.26,0.43,0.39,3.13,5.18,1.17,3,0.39,0,0,0.39,0,0,0,0.05,0,0,6,0.78,16.67,0,0,0.13,0,0.65,40,2.08,31.25,1.17,0.39,0.13,37.9,0,0.65,50.67,89.2,13.02,76,4.3,100,23.84,94.54,2.6,45,16.64,28.53,0.01,0.13,0,0,0,0,0.13,6.38,85.71,0.26,50,0,0,0.13,0,5.86,64.44,0,,0,,0,0,0,0,,,0.26,,
Abraham Flores,Dorados,Dorados,"LB, LWB",24,358,1,0.36,0,0,Mexico,7.79,7.54,53.33,2.26,77.78,0.25,0.3,0,3.52,4.16,1.01,2,0.5,0,0,2.26,0.25,1,0.25,0.09,0,0,2,0.5,100,50,0,1.76,28.57,1.51,83.33,7.54,46.67,1.26,1.51,0.25,22.88,2.51,2.77,28.16,77.68,9.05,63.89,7.54,93.33,7.54,70,3.77,40,21.37,36.17,0,0,0,0,0,0,0,2.77,54.55,1.76,28.57,0,0,0,1.01,5.53,54.55,0,,0,,0,0,0,0,,,0.75,,
G. Ruíz,Jaiba Brava,Jaiba Brava,GK,41,713,0,0,0,0,Mexico,0.25,0,0,0,0,0,0,0,0.25,0.37,0,0,0,0,0,0,0,0,0,0,0,0,0,0,0,0,0,0,0,0,0,0,0,0,0,0.13,26.38,0.88,0,34.96,83.03,19.19,72.37,0,0,15.02,95.8,11.61,51.09,31.32,47.15,0,0,0,0,0,0,0,2.4,42.11,0.25,0,0,0,0.13,0,8.08,59.38,11,1.39,33,4.17,2,66.67,7.6,0.96,-3.4,-0.429,0,0.88,0
D. Mina,Correcaminos UAT,Correcaminos UAT,"LW, LAMF",23,521,3,1.03,1,0.4,Colombia,3.97,3.8,50,2.94,23.53,0,0,0,2.07,2.98,1.21,3,0.52,0,0,2.76,0.52,3,0.52,0.18,0,0,6,1.04,66.67,50,0.17,2.25,15.38,2.59,66.67,8.81,43.14,1.21,1.73,0.17,16.24,2.94,1.21,20.21,71.79,4.84,60.71,5.18,93.33,6.05,65.71,0,0,15.06,0,0.07,0.86,0,0,0.17,0,0.52,2.25,38.46,2.94,41.18,0.17,0,0.69,0.17,2.94,76.47,0,,0,,0,0,0,0,,,0,,
C. Rodas,Alebrijes de Oaxaca,Alebrijes de Oaxaca,GK,25,595,0,0,0,0,Mexico,0.3,0.15,100,0.15,100,0,0,0,0.15,0.22,0,0,0,0,0,0,0,0,0,0,0,0,0,0,0,0,0,0,0,0,0,0.15,100,0,0,0,9.23,0.61,0.3,17.09,82.3,10.44,73.91,0,0,6.2,97.56,6.35,57.14,35.01,47.98,0,0,0,0,0,0,0,1.21,50,0,0,0,0,0,0,5.75,73.68,8,1.21,29,4.39,2,72.41,6.88,1.04,-1.12,-0.169,0,1.82,0.15
N. Arévalo,Tepatitlán de Morelos,Tepatitlán de Morelos,"LCMF, CF, AMF",26,397,1,0.17,1,1.39,Paraguay,5.89,5.44,62.5,3.63,50,0.23,0.31,0,2.27,3.06,1.36,1,0.23,0,0,2.04,0.23,1,0.23,0.04,0,0,7,1.59,28.57,14.286,0.23,0.68,33.33,2.04,66.67,10.65,38.3,1.81,0.91,0.45,18.36,0.91,2.72,24.26,72.9,9.29,65.85,3.85,88.24,7.71,82.35,3.17,35.71,18.98,27.4,0.32,2.49,0,0,0,0,0.45,5.44,58.33,1.59,42.86,0.23,0,0.68,0.45,5.67,68,0,,0,,0,0,0,0,,,0,,
K. Loera,Universidad Guadalajara,Universidad Guadalajara,CF,27,295,2,0.55,0,0.1,Mexico,3.36,2.44,50,7.63,32,0,0,0,2.14,2.96,1.83,0,0,0,0,1.22,0.61,2,0.61,0.17,0,0,4,1.22,50,50,0,0.61,50,0.92,33.33,7.32,41.67,2.14,0.92,0,7.63,1.22,2.75,12.81,80.95,2.14,71.43,3.97,92.31,3.36,81.82,0.61,50,11.84,8.03,0.03,0.31,0,0,0,0,0.31,0.92,66.67,1.22,50,0,0,0.31,0.31,1.53,100,0,,0,,0,0,0,0,,,0,,
Mauro Pérez,Mineros de Zacatecas,Mineros de Zacatecas,CF,26,81,1,0.62,0,0,Mexico,1.11,3.33,33.33,1.11,100,0,0,0,0,0,0,0,0,0,0,2.22,1.11,1,1.11,0.69,0,0,3,3.33,66.67,33.333,0,0,0,0,0,6.67,66.67,4.44,0,0,22.22,2.22,3.33,22.22,85,2.22,100,10,77.78,4.44,75,1.11,0,13.15,35.63,0,0,0,0,0,0,0,2.22,50,0,0,0,0,0,0,2.22,50,0,,0,,0,0,0,0,,,0,,
A. Valdez Guerrero,,Alebrijes de Oaxaca,LW,22,11,0,0.11,0,0,Mexico,,,,,,,0,,,0,,0,,0,,,,0,,,0,,1,,,0,,,,,,,,,,,,,,,,,,,,,,,,19.3,0,,,,,,,,,,,,,,,,,,0,,0,,0,0,0,,,,,,
Ethan López,Alebrijes de Oaxaca,Alebrijes de Oaxaca,LCB,23,48,0,0,0,0,United States,5.63,9.38,40,3.75,100,0,0,0,1.88,2.73,0,0,0,0,0,0,0,0,0,0,0,0,0,0,0,0,0,0,0,0,0,0,0,0,0,0,45,1.88,0,75,92.5,30,87.5,3.75,100,33.75,100,0,0,19.01,0,0,0,0,0,0,0,0,11.25,100,1.88,100,0,0,0,0,16.88,77.78,0,,0,,0,0,0,0,,,0,,
B. Tellez,Tapatío,Tapatío,RCMF,21,34,0,0.05,0,0,United States,,,,,,,0,,,15,,1,,0,,,,0,,,0,,1,,,0,,,,,,,,,,,,,,,,,,,,,,,,16.51,30.35,,,,,,,,,,,,,,,,,,0,,0,,0,0,0,,,,,,
Anwar Ben Rhouma,Guadalajara U21,Tapatío,CF,21,58,0,0,0,0,United States,3.1,6.21,25,3.1,50,0,0,0,1.55,1.76,6.21,1,1.55,0,0,0,0,0,0,0,0,0,0,0,0,0,0,0,0,0,0,6.21,25,0,0,0,7.76,0,0,12.41,87.5,1.55,100,6.21,75,1.55,100,0,0,7.5,0,0,0,0,0,0,0,0,0,0,0,0,0,0,0,0,0,0,0,,0,,0,0,0,0,,,0,,
D. Delgadillo,Tapatío,Tapatío,CB,22,217,0,0.08,0,0,Mexico,4.98,2.07,60,3.32,75,0,0,0.41,3.73,3.86,0,0,0,0,0,1.24,0,0,0,0.03,0,0,1,0.41,100,0,0,0,0,0.83,100,1.66,100,0.41,1.24,0,26.96,0.41,1.24,39.4,87.37,12.03,75.86,2.49,100,21.15,90.2,5.39,69.23,28.15,42.2,0,0,0.41,0.41,0,0,0,2.9,71.43,0,0,0,0,0,0,6.64,62.5,0,,0,,0,0,0,0,,,2.49,,
J. González,Alacranes de Durango,Alacranes de Durango,RCB,28,249,0,0,0,0,Mexico,14.46,7.95,72.73,6.51,77.78,0,0,1.08,8.67,11.8,2.17,1,0.36,0,0,0,0,0,0,0,0,0,0,0,0,0,0,0,0,0,0,2.53,85.71,0,0.72,0,13.73,0,1.45,25.66,81.69,12.29,70.59,2.89,100,7.95,95.45,3.98,36.36,21.16,40.41,0,0,0,0,0,0,0,2.17,50,0,0,0,0,0,0,3.25,66.67,0,,0,,0,0,0,0,,,1.45,,
A. Di Pippa,Correcaminos UAT,Correcaminos UAT,RCB,26,236,0,0.13,0,0,Argentina,11.06,6.86,77.78,2.67,71.43,0,0,0,5.72,7.76,0.76,0,0,0,0,0.38,0,0,0,0.05,0,0,1,0.38,100,0,0,0.38,0,0,0,0.38,100,0.76,0.76,0.38,28.98,0.38,0.38,47.67,82.4,21.74,70.18,1.14,100,20.97,92.73,5.72,40,21.26,41.63,0,0,0,0,0,0,0,4.96,61.54,0.38,0,0,0,0,0,7.63,60,0,,0,,0,0,0,0,,,1.14,,
A. Ham,Jaiba Brava,Jaiba Brava,CF,22,12,0,0,0,0,Mexico,,,,,,,0,,,15,,0,,0,,,,0,,,0,,0,,,0,,,,,,,,,,,,,,,,,,,,,,,,6.39,0,,,,,,,,,,,,,,,,,,0,,0,,0,0,0,,,,,,
S. Gallinar,,Alebrijes de Oaxaca,AMF,21,11,0,0,0,0,Mexico,,,,,,,0,,,0,,0,,0,,,,0,,,0,,0,,,0,,,,,,,,,,,,,,,,,,,,,,,,7.52,0,,,,,,,,,,,,,,,,,,0,,0,,0,0,0,,,,,,
R. Martinez Amezcua,Guadalajara U21,Tapatío,RCMF,20,4,0,0,0,0,Mexico,,,,,,,0,,,0,,0,,0,,,,0,,,0,,0,,,0,,,,,,,,,,,,,,,,,,,,,,,,0,0,,,,,,,,,,,,,,,,,,0,,0,,0,0,0,,,,,,
Rogelio Gónzalez,Cruz Azul Hidalgo,Cruz Azul Hidalgo,RAMF,21,61,0,0,0,0,Mexico,5.9,2.95,100,2.95,0,0,0,0,2.95,3.33,0,0,0,0,0,0,0,0,0,0,0,0,0,0,0,0,0,0,0,0,0,7.38,20,1.48,0,0,10.33,2.95,1.48,11.8,75,4.43,100,0,0,2.95,50,0,0,15.52,0,0,1.48,0,0,0,0,0,1.48,100,0,0,0,0,0,0,1.48,100,0,,0,,0,0,0,0,,,0,,
S. Aguayo,Tapatío,Tapatío,CF,23,68,0,0.79,0,0,United States,0,0,0,7.94,66.67,0,0,0,0,0,0,0,0,0,0,0,0,0,0,1.05,0,0,4,5.29,0,0,0,1.32,0,0,0,10.59,50,5.29,0,0,14.56,0,5.29,17.21,92.31,1.32,100,6.62,100,6.62,100,0,0,15.83,0,0,0,0,0,0,0,0,1.32,100,1.32,0,0,0,0,0,0,0,0,,0,,0,0,0,0,,,0,,
J. Díaz,Cruz Azul Hidalgo,Cruz Azul Hidalgo,LB,21,98,0,0.02,0,0.02,Mexico,15.61,8.27,77.78,7.35,62.5,2.76,3.91,0,6.43,9.13,0.92,0,0,0,0,0,0,0,0,0.01,0,0,1,0.92,0,0,0,0.92,0,0,0,2.76,33.33,0,1.84,0.92,33.06,2.76,0.92,48.67,62.26,25.71,53.57,6.43,42.86,11.02,83.33,8.27,44.44,19.27,44.35,0.02,0.92,0,0,0,0,0,9.18,50,1.84,0,0,0,0,0,11.94,53.85,0,,0,,0,0,0,0,,,0.92,,
D. Muñoz,Universidad Guadalajara,Universidad Guadalajara,"CF, LW",22,129,1,1.07,0,0.07,Mexico,2.09,2.79,25,2.79,0,0.7,0.97,0,0.7,0.97,0.7,0,0,0,0,6.28,0.7,1,0.7,0.75,0,0,7,4.88,42.86,14.286,0,0.7,100,6.98,50,13.26,52.63,4.19,4.88,0,11.86,1.4,3.49,15.35,81.82,3.49,80,1.4,100,4.19,100,0.7,100,11.82,6.68,0.05,1.4,0,0,0,0,0.7,0,0,1.4,100,0,0,1.4,0.7,2.09,66.67,0,,0,,0,0,0,0,,,0.7,,
M. Levy,Cruz Azul,Cruz Azul Hidalgo,CF,19,85,0,0.76,0,0.01,Argentina,3.18,3.18,33.33,2.12,50,0,0,0,2.12,3.33,2.12,0,0,0,0,3.18,0,0,0,0.8,0,0,4,4.24,50,0,0,1.06,0,1.06,100,5.29,60,8.47,3.18,1.06,14.82,1.06,2.12,18,52.94,6.35,50,8.47,50,0,0,0,0,10.8,0,0.01,1.06,0,0,0,0,0,1.06,100,1.06,0,0,0,1.06,0,1.06,100,0,,0,,0,0,0,0,,,0,,
J. Calero,Cruz Azul,Cruz Azul Hidalgo,CF,27,76,0,0,0,0,Colombia,0,0,0,2.37,0,0,0,0,0,0,0,0,0,0,0,0,0,0,0,0,0,0,1,1.18,0,0,0,0,0,0,0,2.37,0,0,0,0,14.21,1.18,0,21.32,77.78,7.11,66.67,4.74,75,9.47,75,0,0,14.35,0,0,0,0,0,0,0,0,4.74,75,2.37,100,0,0,1.18,0,2.37,100,0,,0,,0,0,0,0,,,1.18,,
S. Rodríguez,Tepatitlán de Morelos,Tepatitlán de Morelos,"LWB, LB, LW",25,271,0,0.07,0,0.01,Mexico,9.3,5.31,50,1.99,33.33,0,0,0.33,6.64,8.11,1.66,2,0.66,0,0,0.66,0,0,0,0.02,0,0,4,1.33,0,0,0,1,33.33,0.33,100,2.66,75,1.33,0.33,0,21.92,2.32,1.99,28.23,68.24,9.63,68.97,3.65,45.45,9.3,71.43,2.32,57.14,16.15,34.62,0,0.33,0,0,0,0,0,3.32,70,2.66,37.5,0,0,0,0.33,6.97,66.67,0,,0,,0,0,0,0,,,0,,
L. Torres,Tapatío,Tapatío,CF,22,30,0,0,0,0,United States,,,,,,,0,,,4.29,,0,,0,,,,0,,,0,,0,,,0,,,,,,,,,,,,,,,,,,,,,,,,13.07,0,,,,,,,,,,,,,,,,,,0,,0,,0,0,0,,,,,,
W. Torres,Alebrijes de Oaxaca,Alebrijes de Oaxaca,"LWF, RB",26,27,0,0,0,0.08,Mexico,,,,,,,0,,,7.5,,1,,0,,,,0,,,0,,0,,,0,,,,,,,,,,,,,,,,,,,,,,,,23.71,0,,,,,,,,,,,,,,,,,,0,,0,,0,0,0,,,,,,
U. Echeverria,Cancún,Cancún,LCB,22,226,0,0,0,0.09,Argentina,10.35,4.78,83.33,2.79,71.43,0,0,1.59,6.37,8,1.19,1,0.4,0,0,1.59,0,0,0,0,0,0,1,0.4,0,0,0,0.8,100,0.8,100,1.99,80,0,0.8,0,13.14,0.4,0.8,25.09,63.49,9.96,48,1.99,60,10.35,80.77,5.97,20,28.41,29.82,0.04,0.4,0,0,0,0,0.4,7.96,45,1.59,50,0,0,0,0.8,4.78,50,0,,0,,0,0,0,0,,,0.4,,
Luis Chiu,CA La Paz,CA La Paz,"RCMF, LCMF, RW",21,55,0,0,0,0,Mexico,3.27,3.27,50,3.27,0,0,0,0,1.64,2,3.27,0,0,0,0,0,0,0,0,0,0,0,0,0,0,0,0,0,0,1.64,0,11.45,14.29,0,3.27,0,24.55,0,1.64,27.82,94.12,3.27,100,8.18,100,8.18,80,1.64,0,12.61,8.86,0,0,0,0,0,0,0,3.27,100,0,0,0,0,0,0,3.27,100,0,,0,,0,0,0,0,,,0,,
G. Báez,Tepatitlán de Morelos,Tepatitlán de Morelos,RCB,32,202,0,0.48,0,0,Mexico,7.57,3.56,62.5,3.12,71.43,0,0,0.45,5.35,6.32,0.89,0,0,0,0,0.45,0,0,0,0.22,0,0,3,1.34,33.33,0,0,0,0,0,0,0.89,50,1.78,0,0,9.8,0.45,0.45,16.93,73.68,8.91,60,1.78,50,4.46,90,4.01,55.56,26.38,52.2,0,0,0,0,0,0,0,2.67,16.67,1.34,0,0,0,0,0,4.01,66.67,0,,0,,0,0,0,0,,,0.89,,
G. Antonio Sánchez Fernández,Tepatitlán de Morelos,Tepatitlán de Morelos,LCB,28,330,0,0.13,0,0,Mexico,7.36,3,63.64,2.18,50,0,0,0.82,5.45,6.74,0.82,0,0,0,0,0,0,0,0,0.03,0,0,1,0.27,0,0,0,0,0,0,0,1.36,80,0.82,0,0,10.36,0,1.09,18.55,61.76,13.09,52.08,0.55,100,3.82,92.86,5.18,21.05,24.01,43.03,0,0,0,0,0,0,0,4.36,12.5,0.55,0,0,0,0,0,3.27,50,0,,0,,0,0,0,0,,,0.27,,
G. Olvera,Tepatitlán de Morelos,Tepatitlán de Morelos,"RWB, RAMF, RCMF",22,516,1,0.59,0,0.19,Mexico,7.33,9.94,49.12,3.14,72.22,0.17,0.21,0.17,2.27,2.75,2.09,3,0.52,1,0.17,1.05,0.17,1,0.17,0.1,0,0,4,0.7,25,25,0,1.57,33.33,0.7,50,7.33,38.1,1.22,0.87,0.52,9.42,1.05,1.57,15,61.63,6.63,47.37,1.4,75,4.88,64.29,2.09,50,19.71,34.06,0.03,0.35,0,0,0,0,0.17,2.97,47.06,1.92,36.36,0,0,0.35,0.52,3.84,63.64,0,,0,,0,0,0,0,,,0.17,,
S. González,Tepatitlán de Morelos,Tepatitlán de Morelos,CF,23,372,0,0.5,0,0.08,Mexico,1.21,2.66,27.27,4.35,27.78,0,0,0,0.48,0.61,1.69,1,0.24,0,0,0.73,0,0,0,0.12,0,0,6,1.45,33.33,0,0,0.24,0,1.21,20,7.02,13.79,2.42,1.94,0.24,12.82,1.21,0.24,13.55,80.36,2.18,33.33,4.6,89.47,3.87,81.25,0.48,50,9.58,11.45,0.02,0.24,0.24,0,0,0,0.48,0.73,100,0.48,50,0,0,0.73,0,0.97,50,0,,0,,0,0,0,0,,,0,,
D. García,,Dorados,RB,26,8,0,0,0,0,Mexico,,,,,,,0,,,0,,0,,0,,,,0,,,0,,0,,,0,,,,,,,,,,,,,,,,,,,,,,,,18.08,0,,,,,,,,,,,,,,,,,,0,,0,,0,0,0,,,,,,
S. Castañeda,Tepatitlán de Morelos,Tepatitlán de Morelos,"CB, LCB",29,648,0,1.12,0,0.01,Mexico,6.94,3.19,52.17,4.31,67.74,0.28,0.33,0.14,5,5.87,1.53,3,0.42,0,0,0.42,0,0,0,0.16,0,0,5,0.69,40,0,0,0.14,100,0,0,1.11,50,0.83,0.28,0,10.28,0,1.25,19.72,84.51,9.03,75.38,1.81,100,6.81,93.88,4.44,56.25,22.8,40.93,0,0.28,0,0,0,0,0,1.67,41.67,0.14,100,0,0,0.14,0.14,4.03,65.52,0,,0,,0,0,0,0,,,1.39,,
J. Castillo,Alacranes de Durango,Alacranes de Durango,"RAMF, RB",22,66,0,0,0,0,Mexico,10.91,8.18,66.67,0,0,1.36,2.5,0,4.09,7.5,1.36,1,1.36,0,0,4.09,0,0,0,0,0,0,0,0,0,0,0,5.45,0,4.09,100,9.55,57.14,0,2.73,0,21.82,2.73,0,24.55,66.67,9.55,71.43,4.09,100,4.09,66.67,0,0,15.8,0,0,0,0,0,0,0,0,0,0,4.09,33.33,0,0,0,1.36,5.45,75,0,,0,,0,0,0,0,,,0,,
M. Zavala,Tepatitlán de Morelos,Tepatitlán de Morelos,"LCB, RCB",33,273,0,0,0,0,Mexico,9.56,9.23,39.29,2.64,62.5,0.66,0.78,0.99,5.27,6.23,2.64,1,0.33,1,0.33,0,0,0,0,0,0,0,0,0,0,0,0,0,0,0,0,0.99,33.33,0.33,0,0,13.19,0.66,0.33,23.41,80.28,13.85,71.43,1.65,80,6.26,89.47,2.64,50,19.21,19.06,0,0,0,0,0,0,0,2.97,66.67,0,0,0,0,0,0,6.26,57.89,0,,0,,0,0,0,0,,,0.66,,
A. Izarra,Atlético Morelia,Atlético Morelia,CF,20,15,0,0.08,0,0,Venezuela,,,,,,,0,,,0,,0,,0,,,,0,,,0,,1,,,0,,,,,,,,,,,,,,,,,,,,,,,,9.45,0,,,,,,,,,,,,,,,,,,0,,0,,0,0,0,,,,,,
J. Conejo,Atlético Morelia,Atlético Morelia,LCMF,22,24,0,0,0,0,Mexico,,,,,,,0,,,7.5,,0,,0,,,,0,,,0,,0,,,0,,,,,,,,,,,,,,,,,,,,,,,,16.77,48.87,,,,,,,,,,,,,,,,,,0,,0,,0,0,0,,,,,,
Ricardo Rentería,CA La Paz,CA La Paz,"AMF, RAMF, RW",24,115,0,0.11,0,0,Mexico,2.35,5.48,42.86,0.78,100,0,0,0,0,0,3.13,1,0.78,0,0,4.7,0,0,0,0.09,0,0,2,1.57,50,0,0,5.48,28.57,3.91,60,11.74,40,4.7,4.7,0.78,14.87,5.48,2.35,18,60.87,3.91,60,1.57,100,7.04,55.56,0.78,100,22.43,11.83,0,0,0,0,0,0,0.78,2.35,100,3.13,50,0,0,0.78,1.57,3.91,60,0,,0,,0,0,0,0,,,0,,
J. Torres,Alacranes de Durango,Alacranes de Durango,"RDMF, RCMF, LAMF",25,652,1,0.38,0,0.69,Mexico,4.14,3.17,56.52,2.9,38.1,0.41,0.7,0,1.93,3.26,0.69,1,0.14,0,0,2.07,0.14,1,0.14,0.05,0,0,15,2.07,26.67,6.667,0,2.35,29.41,1.24,66.67,4.69,50,1.66,0.83,0,27.19,1.66,1.1,34.51,77.2,7.59,52.73,6.21,91.11,13.8,86,2.9,52.38,18.58,42.25,0.09,0.97,0.14,0,0,0,0.55,4.42,71.88,2.48,27.78,0.14,100,0.69,0.69,4,68.97,0,,0,,0,0,0,0,,,0.69,,
L. Gutiérrez,Alacranes de Durango,Alacranes de Durango,"LCMF, AMF",24,240,0,0,0,0.07,Mexico,4.88,3.75,60,1.88,40,0.38,0.81,0,2.25,4.86,1.13,0,0,0,0,0.38,0,0,0,0,0,0,1,0.38,0,0,0,0.38,0,0.75,50,8.63,60.87,0,1.5,0.38,35.63,0.38,5.63,42.38,85.84,7.13,52.63,6.38,94.12,20.25,92.59,0.75,50,14.49,12.97,0.03,0.38,0,0,0,0,0.38,4.5,50,1.13,0,0,0,0.38,0,2.25,66.67,0,,0,,0,0,0,0,,,0.75,,
E. Rubio,Jaiba Brava,Jaiba Brava,"RW, CF, RWB",19,102,1,0.46,0,0.05,Mexico,8.82,8.82,60,1.76,0,0.88,1.76,0,2.65,5.29,1.76,1,0.88,0,0,1.76,0.88,1,0.88,0.41,0,0,3,2.65,33.33,33.333,0,0.88,0,0.88,100,7.94,22.22,4.41,1.76,0,26.47,3.53,1.76,32.65,81.08,7.94,66.67,11.47,92.31,7.94,77.78,1.76,50,12.03,10.59,0.05,1.76,0,0,0,0,0.88,3.53,50,1.76,50,0,0,1.76,0,6.18,57.14,0,,0,,0,0,0,0,,,0.88,,
A. Ríos,Jaiba Brava,Jaiba Brava,LCB,24,301,0,0.18,1,0.08,Mexico,7.77,4.19,78.57,2.69,44.44,0.6,0.73,0.6,3.89,4.76,0.6,2,0.6,0,0,0.3,0,0,0,0.06,0,0,1,0.3,0,0,0.3,0,0,0.3,100,2.09,71.43,0.9,0.3,0,28.41,0.6,1.2,40.96,83.94,17.04,75.44,4.78,81.25,16.15,87.04,6.28,61.9,17.46,32.82,0.03,0.3,0,0,0,0,0.3,3.59,58.33,0.3,0,0,0,0.3,0,7.77,65.38,0,,0,,0,0,0,0,,,3.59,,
Alex Monarrez,Correcaminos UAT,Correcaminos UAT,LCB,21,51,0,0,0,0,Mexico,8.82,5.29,66.67,1.76,0,0,0,0,5.29,7.5,0,0,0,0,0,0,0,0,0,0,0,0,0,0,0,0,0,0,0,0,0,0,0,0,0,0,22.94,0,0,42.35,75,19.41,54.55,1.76,100,17.65,90,8.82,40,21.05,30.5,0,0,0,0,0,0,0,8.82,80,1.76,100,0,0,1.76,0,8.82,40,0,,0,,0,0,0,0,,,1.76,,
C. Sosa,Correcaminos UAT,Correcaminos UAT,"RCMF, CF",22,40,0,0,0,0,Mexico,,,,,,,0,,,6.67,,0,,0,,,,0,,,0,,0,,,0,,,,,,,,,,,,,,,,,,,,,,,,24.84,24.04,,,,,,,,,,,,,,,,,,0,,0,,0,0,0,,,,,,
M. Carreón,Alebrijes de Oaxaca,Alebrijes de Oaxaca,"LW, LB",22,63,0,0.02,0,0,Mexico,2.86,1.43,100,2.86,50,0,0,0,1.43,3,1.43,0,0,0,0,0,0,0,0,0.02,0,0,1,1.43,0,0,0,2.86,0,0,0,10,28.57,0,1.43,0,45.71,4.29,1.43,45.71,78.13,4.29,33.33,8.57,100,21.43,93.33,2.86,50,19.6,29.79,0,0,0,0,0,0,0,2.86,50,2.86,0,0,0,0,0,4.29,66.67,0,,0,,0,0,0,0,,,1.43,,
A. Vázquez,Alebrijes de Oaxaca,Alebrijes de Oaxaca,"RB, LWB, LB",26,411,0,0.01,0,0.12,Mexico,3.72,4.38,50,1.53,42.86,0.22,0.3,0.22,1.31,1.82,0.88,1,0.22,0,0,1.53,0,0,0,0,0,0,2,0.44,0,0,0,1.53,71.43,0.44,100,1.09,80,0.44,0.22,0,27.59,1.53,0.22,33.72,87.66,16.42,81.33,4.38,90,7.01,87.5,1.97,55.56,16.23,27.05,0.03,0.88,0,0,0,0,0.22,6.79,96.77,1.53,57.14,0,0,0,0.88,9.42,76.74,0,,0,,0,0,0,0,,,0.22,,
T. Gigena,Cancún,Cancún,CF,20,120,0,0.21,0,0,Mexico,2.25,1.5,50,6,50,0,0,0,1.5,2.86,0.75,0,0,0,0,0.75,0,0,0,0.16,0,0,2,1.5,50,0,0,0,0,0,0,1.5,100,4.5,0,0,11.25,2.25,1.5,13.5,83.33,2.25,33.33,6.75,100,2.25,100,0,0,15,0,0,0,0,0,0,0,0,1.5,0,0.75,0,0,0,0.75,0,0,0,0,,0,,0,0,0,0,,,0,,
V.  Torres,Correcaminos UAT,Correcaminos UAT,"LCMF, RCB",24,457,0,0.26,0,0,Ecuador,9.45,7.29,54.05,3.54,66.67,0,0,0.59,5.51,7.71,2.36,2,0.39,0,0,0.2,0,0,0,0.05,0,0,4,0.79,0,0,0,0.2,0,0.39,50,2.56,46.15,0.98,1.38,0,26.78,0.39,0.59,39.98,82.27,16.15,73.17,3.54,83.33,16.54,89.29,4.53,47.83,19.83,40.18,0,0.2,0,0.2,0,0,0,7.68,61.54,0.79,0,0,0,0,0,6.89,80,0,,0,,0,0,0,0,,,0.2,,
L. Arce,Correcaminos UAT,Correcaminos UAT,CF,21,46,0,0.1,0,0.18,Mexico,1.96,5.87,33.33,1.96,100,0,0,0,0,0,1.96,0,0,0,0,0,0,0,0,0.19,0,0,1,1.96,0,0,0,0,0,0,0,5.87,100,0,1.96,0,11.74,1.96,5.87,17.61,88.89,9.78,80,3.91,100,0,0,0,0,11.43,0,0.35,1.96,0,0,0,0,1.96,3.91,50,1.96,100,0,0,1.96,0,0,0,0,,0,,0,0,0,0,,,0,,
J. Estopier,Correcaminos UAT,Correcaminos UAT,"RB, RWB",24,274,2,0.82,0,0.12,Mexico,11.82,6.57,60,2.3,42.86,1.31,1.85,0,6.57,9.23,0.66,1,0.33,0,0,2.3,0.66,2,0.66,0.27,1,0.33,8,2.63,37.5,25,0,1.64,40,0.99,66.67,4.93,40,1.31,0.99,0.33,24.64,1.31,1.64,34.82,78.3,18.07,78.18,5.91,94.44,6.57,70,4.27,53.85,17.7,30.38,0.04,0.66,0,0,0,0,0.66,8.87,85.19,1.31,75,0,0,0.33,0.33,10.18,74.19,0,,0,,0,0,0,0,,,0.99,,
J. Zapata,Correcaminos UAT,Correcaminos UAT,"RCMF, DMF",21,145,0,0,0,0,Mexico,3.72,5.59,44.44,1.86,0,0,0,0,1.24,1.58,1.86,1,0.62,0,0,0,0,0,0,0,0,0,0,0,0,0,0,0.62,0,0,0,1.86,33.33,0,0.62,0,18,1.24,0,26.69,81.4,8.69,64.29,2.48,100,8.69,78.57,0.62,0,17.3,9.06,0,0,0,0,0,0,0,4.34,57.14,0.62,0,0,0,0,0,3.72,83.33,0,,0,,0,0,0,0,,,0,,
H. Uribe,Correcaminos UAT,Correcaminos UAT,"LW, CF, AMF",22,307,0,0.55,0,0,Mexico,3.81,2.05,28.57,2.05,42.86,0,0,0.29,3.22,5,0.59,2,0.59,0,0,3.22,0,0,0,0.16,0,0,5,1.47,20,0,0,2.35,37.5,2.93,70,9.38,59.38,2.93,2.93,0.59,25.21,0.29,2.93,34.59,77.97,9.67,66.67,7.62,100,8.21,75,1.17,75,14.85,21.65,0,0,0,0.29,0,0,0,4.98,70.59,2.93,40,0,0,0.29,0.88,5.57,73.68,0,,0,,0,0,0,0,,,0,,
J. Cantú,Correcaminos UAT,Correcaminos UAT,CF,22,194,1,0.52,1,0.02,Mexico,1.39,1.86,25,6.03,7.69,0,0,0,0.93,1.3,1.39,0,0,0,0,0.46,0.46,1,0.46,0.24,0,0,3,1.39,33.33,33.333,0.46,0.46,0,0,0,3.25,42.86,1.86,0,0,13.45,5.1,0,15.77,64.71,1.86,25,4.64,60,4.18,77.78,0,0,33.24,0,0.01,0.46,0,0,0,0,0.46,0.46,100,0,0,0,0,0,0,1.39,33.33,0,,0,,0,0,0,0,,,0,,
O. Pérez,Correcaminos UAT,Correcaminos UAT,"LB, LCB",24,580,1,0.06,0,0.18,Mexico,6.05,4.66,46.67,2.17,35.71,0.62,1,0.16,3.26,5.25,0.62,2,0.31,0,0,1.55,0.16,1,0.16,0.01,0,0,3,0.47,66.67,33.333,0,2.17,7.14,0.93,100,2.79,55.56,0.78,1.09,0.16,33.36,0.31,0.47,45.62,81.29,17.38,74.11,5.12,90.91,18,87.93,9.31,63.33,25.46,40.48,0.03,0.62,0.16,0,0.16,100,0.31,5.9,65.79,2.33,40,0.31,100,0.93,0.47,9.78,73.02,0,,0,,0,0,0,0,,,1.09,,
D. Torres Camacho,Universidad Guadalajara,Universidad Guadalajara,RCMF,21,12,0,0.04,0,0,Mexico,,,,,,,0,,,0,,0,,0,,,,0,,,0,,1,,,0,,,,,,,,,,,,,,,,,,,,,,,,19.28,0,,,,,,,,,,,,,,,,,,0,,0,,0,0,0,,,,,,
J. Liceaga,Guadalajara,Tapatío,GK,19,296,0,0,0,0,Mexico,0.61,0,0,0,0,0,0,0,0.61,0.71,0,0,0,0,0,0,0,0,0,0,0,0,0,0,0,0,0,0,0,0,0,0,0,0,0,0,11.86,0,0,21.89,88.89,8.82,75.86,0,0,9.43,96.77,6.99,65.22,26.59,44.57,0,0,0,0,0,0,0,0.91,0,0,0,0,0,0,0,3.65,66.67,7,2.13,18,5.47,0,61.11,5.78,1.76,-1.22,-0.371,0,2.43,0
C. Inda,Tapatío,Tapatío,RCMF,18,194,0,0.01,0,0.07,Mexico,6.96,6.96,40,0.93,50,0,0,0.46,4.18,4.58,1.86,0,0,0,0,0,0,0,0,0,0,0,1,0.46,0,0,0,0.46,0,0,0,6.03,46.15,0.46,0.46,0,45.46,0,1.86,56.13,90.08,15.77,79.41,10.21,100,23.66,90.2,2.32,40,17.17,56.88,0.03,0.46,0,0,0,0,0,5.1,72.73,0.46,0,0,0,0,0,5.1,81.82,0,,0,,0,0,0,0,,,0.93,,
A. Chávez,Tapatío,Tapatío,RCB,21,238,0,0.07,0,0,Mexico,11.34,9.08,45.83,3.03,87.5,0.38,0.43,1.89,6.81,7.71,3.03,2,0.76,0,0,0.38,0,0,0,0.03,0,0,2,0.76,0,0,0,0.38,100,0,0,0,0,0.38,0,0,33.28,0.76,0,49.16,82.31,24.58,75.38,4.92,84.62,13.61,94.44,8.7,73.91,21.45,47.99,0,0,0,0,0,0,0,6.81,77.78,0.76,0,0,0,0,0,12.1,62.5,0,,0,,0,0,0,0,,,3.03,,
J. Hernández,Tapatío,Tapatío,"CF, RW",22,380,2,1.17,0,0.46,Mexico,5.45,3.32,57.14,7.82,51.52,0.24,0.26,0.24,3.32,3.59,0.95,1,0.24,0,0,1.42,0.47,2,0.47,0.28,1,0.24,8,1.89,25,25,0,0.47,100,1.89,25,10.42,40.91,2.61,0.24,0,18.47,3.79,3.08,25.58,78.7,3.79,56.25,6.87,89.66,8.76,81.08,1.18,80,18.27,40.89,0.11,0.71,0,0,0,0,0.47,1.66,85.71,1.18,60,0,0,0.24,0.47,2.84,41.67,0,,0,,0,0,0,0,,,0.47,,
K. Jaime,Piratas FC,Piratas FC,LB,22,512,0,0.03,1,0.65,Mexico,8.44,5.98,61.76,3.52,35,0.53,0.82,0,4.22,6.55,1.41,1,0.18,1,0.18,1.41,0,0,0,0.01,0,0,5,0.88,20,0,0.18,3.34,26.32,0.7,50,4.39,48,1.41,0.88,0.18,29.71,2.81,1.41,39.38,72.32,13.89,60.76,9.84,94.64,9.84,71.43,3.52,40,18.08,33.25,0.11,1.05,0,0.18,0,0,0.7,4.04,65.22,3.52,40,0,0,0.53,1.05,6.5,67.57,0,,0,,0,0,0,0,,,1.76,,
A. Rodríguez,Piratas FC,Piratas FC,"CF, RCMF",26,44,0,0.1,0,0,Mexico,,,,,,,0,,,8.57,,0,,0,,,,0,,,0,,3,,,0,,,,,,,,,,,,,,,,,,,,,,,,9.25,0,,,,,,,,,,,,,,,,,,0,,0,,0,0,0,,,,,,
D. Ibe,Piratas FC,Piratas FC,CF,,327,2,1.46,0,0.1,Spain,4.13,2.75,60,3.03,36.36,0.28,0.44,0.28,2.2,3.53,1.65,2,0.55,0,0,1.1,0.55,2,0.55,0.4,1,0.28,7,1.93,28.57,28.571,0,0,0,0.55,100,8.81,43.75,4.68,0.83,0,16.51,4.95,1.65,22.29,85.19,1.1,75,10.46,84.21,5.5,90,1.93,71.43,13.56,21.77,0.03,0.55,0,0.28,0,0,0.83,0.55,50,0.55,50,0,0,0.55,0,0.28,0,0,,0,,0,0,0,0,,,0.28,,
D. Valdez,Cruz Azul Hidalgo,Cruz Azul Hidalgo,"RWF, LWB",20,41,0,0,0,0,Mexico,,,,,,,0,,,8.57,,1,,0,,,,0,,,0,,0,,,0,,,,,,,,,,,,,,,,,,,,,,,,24.5,54.56,,,,,,,,,,,,,,,,,,0,,0,,0,0,0,,,,,,
S. Espinosa,,Cruz Azul Hidalgo,CF,23,41,0,0,0,0,Mexico,,,,,,,0,,,0,,0,,0,,,,0,,,0,,0,,,0,,,,,,,,,,,,,,,,,,,,,,,,20.94,0,,,,,,,,,,,,,,,,,,0,,0,,0,0,0,,,,,,
C. Valdivia Carrillo,Cruz Azul Hidalgo,Cruz Azul Hidalgo,"LAMF, RAMF, RWF",20,355,1,0.59,1,0.28,Mexico,3.55,3.04,50,1.27,0,0.25,0.41,0,1.77,2.88,0.76,0,0,0,0,1.27,0.25,1,0.25,0.15,0,0,4,1.01,50,25,0.25,0.76,33.33,1.27,40,8.62,35.29,2.54,1.77,0,21.3,2.28,1.01,24.08,82.11,5.83,73.91,4.31,88.24,9.38,78.38,1.52,50,17.59,25.34,0.07,0.51,0,0,0.25,0,0.51,2.79,54.55,1.27,40,0.25,0,0.76,0.51,4.06,68.75,0,,0,,0,0,0,0,,,0.25,,
E. Vargas Elvira,Piratas FC,Piratas FC,"DMF, LCMF",20,54,0,0,0,0,Mexico,8.33,10,50,1.67,0,0,0,0,3.33,6.67,1.67,1,1.67,0,0,1.67,0,0,0,0,0,0,0,0,0,0,0,0,0,1.67,100,5,100,0,0,0,16.67,0,3.33,26.67,87.5,11.67,71.43,0,0,10,100,3.33,100,26.8,27.93,0,0,0,0,0,0,0,3.33,100,0,0,0,0,0,0,5,100,0,,0,,0,0,0,0,,,0,,
Emiliano Castañeda,Cruz Azul U19,Cruz Azul Hidalgo,CF,18,114,1,0.14,0,0,Mexico,3.95,3.16,25,5.53,28.57,0.79,1.11,0,2.37,3.33,0.79,0,0,0,0,0.79,0.79,1,0.79,0.11,0,0,1,0.79,100,100,0,0.79,0,0,0,5.53,14.29,2.37,0.79,0,12.63,0.79,0,18.95,70.83,3.16,75,7.11,100,4.74,33.33,0,0,13.6,0,0,0.79,0,0,0,0,0,3.95,40,1.58,50,0,0,0.79,0,1.58,100,0,,0,,0,0,0,0,,,0,,
R. Palomares,Piratas FC,Piratas FC,"LCB, CB",22,455,0,0.18,1,0.61,Mexico,7.32,6.13,48.39,3.16,43.75,0,0,0.2,4.35,7.33,0.99,3,0.59,0,0,1.78,0,0,0,0.04,0,0,3,0.59,0,0,0.2,0.4,0,2.37,75,4.15,76.19,0.99,1.38,0,34.22,0.99,0.79,49.85,86.11,21.36,80.56,2.97,100,21.76,89.09,4.95,40,22.17,38.81,0.12,0.2,0,0,0,0,0.2,7.52,71.05,0.99,40,0,0,0.4,0,9.3,74.47,0,,0,,0,0,0,0,,,1.98,,
X. Camacho,Cruz Azul U21,Cruz Azul Hidalgo,"LWB, LWF, AMF",20,123,1,0.5,0,0.17,Mexico,2.2,4.39,16.67,1.46,0,0,0,0,1.46,2.73,1.46,0,0,0,0,6.59,0.73,1,0.73,0.37,0,0,3,2.2,66.67,33.333,0,4.39,33.33,3.66,100,9.51,61.54,3.66,2.2,0,24.15,2.93,1.46,26.34,63.89,5.12,42.86,4.39,83.33,8.05,45.45,1.46,50,16.46,23.91,0.12,0.73,0.73,0,0,0,0.73,1.46,50,2.2,33.33,0,0,0,1.46,5.12,57.14,0,,0,,0,0,0,0,,,0,,
E. Ochoa,Piratas FC,Piratas FC,"RWF, LW, RW",21,124,0,0.03,0,0.24,Mexico,2.9,3.63,20,3.63,60,0.73,1.25,0,1.45,2.5,1.45,0,0,0,0,5.08,0,0,0,0.02,0,0,1,0.73,100,0,0,3.63,80,5.08,28.57,11.61,18.75,0,2.18,0.73,26.85,3.63,0.73,30.48,88.1,7.98,72.73,5.08,100,9.44,84.62,1.45,50,15.61,11.29,0.18,2.18,0.73,0,0,0,1.45,2.9,75,5.08,85.71,0,0,0.73,2.9,5.81,75,0,,0,,0,0,0,0,,,0.73,,
D. Sánchez,Piratas FC,Piratas FC,"LWF, LWB",20,49,0,0,0,0,Mexico,5.51,3.67,100,3.67,0,0,0,0,1.84,3.33,1.84,0,0,0,0,0,0,0,0,0,0,0,0,0,0,0,0,0,0,0,0,18.37,30,1.84,1.84,0,18.37,0,1.84,29.39,93.75,11.02,83.33,5.51,100,7.35,100,1.84,100,13.78,17.8,0,0,0,0,0,0,0,1.84,100,1.84,0,0,0,0,0,1.84,100,0,,0,,0,0,0,0,,,0,,
C. Leon,Cruz Azul Hidalgo,Cruz Azul Hidalgo,"DMF, LDMF, LCMF",21,266,0,0.09,0,0,Mexico,6.09,6.43,52.63,1.02,66.67,0.34,0.55,0.34,2.37,3.82,2.03,1,0.34,0,0,1.02,0,0,0,0.03,0,0,1,0.34,0,0,0,0.68,0,1.02,100,3.72,63.64,0.34,1.02,0,32.82,0,0.68,40.26,89.08,10.49,90.32,7.11,90.48,17.93,86.79,1.02,33.33,18.47,21.34,0,0,0,0,0,0,0,3.38,90,1.69,40,0,0,0.68,0.34,3.38,80,0,,0,,0,0,0,0,,,0.34,,
F. García,Piratas FC,Piratas FC,"CF, RWB",22,555,1,1.75,0,0.15,Mexico,2.27,2.11,53.85,3.08,52.63,0.49,0.79,0,0.65,1.05,0.97,0,0,0,0,2.76,0.16,1,0.16,0.28,0,0,18,2.92,55.56,5.556,0,0.49,0,2.11,53.85,8.43,32.69,3.24,0.81,0.16,15.08,2.59,0.65,20.43,76.98,4.22,73.08,5.84,91.67,5.03,74.19,0.65,100,14.74,13.33,0.02,0.65,0,0,0,0,0.49,0.97,100,1.3,37.5,0,0,0.49,0,2.11,84.62,0,,0,,0,0,0,0,,,0,,
E. Ochoa,Cruz Azul,Cruz Azul Hidalgo,GK,21,512,0,0,0,0,United States,0.53,0.35,50,0,0,0,0,0,0.35,0.6,0,0,0,0,0,0.18,0,0,0,0,0,0,0,0,0,0,0,0,0,0.35,50,0.53,33.33,0.18,0,0,23.03,0.18,0,33.93,86.01,15.29,73.56,0.18,100,17.4,95.96,8.44,47.92,29.51,51.13,0,0,0,0,0,0,0,3.34,36.84,0.53,0,0,0,0,0,4.57,61.54,10,1.76,24,4.22,1,58.33,9.46,1.66,-0.54,-0.095,0,1.41,0
Christian Fernández,Piratas FC,Piratas FC,"LCMF, RCMF, LWF",22,270,0,0.86,0,0,Mexico,7,5,53.33,2.33,42.86,0,0,0,4.33,6.96,1,0,0,0,0,1,0,0,0,0.29,0,0,7,2.33,14.29,0,0,1,33.33,0.67,0,9.33,42.86,3.33,0.67,0.33,24,0.33,3,28,78.57,7.67,65.22,4.33,84.62,7.67,82.61,1.33,25,14.8,24.95,0,0,0,0,0.33,100,0,3.33,70,0.67,100,0.33,100,0,0.33,4,66.67,0,,0,,0,0,0,0,,,0,,
Á. López,Piratas FC,Piratas FC,"RCB, CB",22,721,0,0.49,0,0,Mexico,11.11,6.74,72.22,5.37,67.44,0.12,0.2,0.12,6.12,9.87,0.75,0,0,1,0.12,0.12,0,0,0,0.06,0,0,5,0.62,0,0,0,0.12,0,0.37,33.33,3,66.67,1.5,0.75,0,26.21,0.12,1.62,41.19,86.36,12.98,73.08,4.99,90,19.85,95.6,2.5,45,20.22,35.74,0,0,0,0,0,0,0,3.62,72.41,0.12,0,0,0,0,0,5.49,54.55,0,,0,,0,0,0,0,,,3.5,,
O. Soto,Piratas FC,Piratas FC,"DMF, RCMF",26,787,4,3.32,1,0.67,Mexico,4.92,4.69,53.66,2.63,34.78,0,0,0.11,2.4,3.77,1.26,3,0.34,0,0,1.6,0.46,1,0.11,0.38,0,0,17,1.94,41.18,23.529,0.11,0.57,20,1.6,42.86,7.43,36.92,0.69,1.03,0.23,35.68,0.57,0.69,45.74,88,13.84,75.21,6.06,96.23,18.18,96.23,4,68.57,16.48,32.03,0.08,0.91,0,0,0,0,0.46,7.32,82.81,1.14,30,0.11,100,0.46,0.11,5.26,73.91,0,,0,,0,0,0,0,,,1.03,,
G. López,Piratas FC,Piratas FC,"RCMF, LCMF, AMF",23,231,0,0.19,0,0.12,Mexico,2.73,3.51,44.44,1.95,60,0,0,0,1.17,2.2,1.95,0,0,0,0,1.56,0,0,0,0.07,0,0,5,1.95,20,0,0,0.78,50,1.17,66.67,7.4,36.84,1.56,0,0,24.16,1.95,0.78,32.34,79.52,11.3,65.52,3.51,100,12.47,84.38,2.34,33.33,18.33,20.73,0.04,1.56,0.39,0,0,0,0.39,7.4,68.42,1.56,75,0,0,0.78,0.39,5.84,93.33,0,,0,,0,0,0,0,,,0.39,,
B. Fadika,Alebrijes de Oaxaca,Alebrijes de Oaxaca,"RW, RWF",29,640,1,0.86,0,1.69,Gambia,4.78,4.78,52.94,3.23,21.74,0.14,0.19,0,2.11,2.83,1.69,0,0,0,0,4.5,0.14,1,0.14,0.12,0,0,15,2.11,33.33,6.667,0,2.81,50,3.94,60.71,10.97,46.15,2.39,2.81,0,21.66,1.13,0.7,28.27,72.64,6.75,50,7.31,94.23,8.58,68.85,1.69,33.33,16.66,31.42,0.24,2.11,0,0,0.14,0,0.98,2.67,63.16,3.94,57.14,0.14,0,1.27,1.55,5.91,73.81,0,,0,,0,0,0,0,,,0,,
J. Bustos Cid,Alebrijes de Oaxaca,Alebrijes de Oaxaca,"LCMF, LW, RCMF",19,258,2,1.31,0,0.18,Mexico,6.28,4.19,58.33,3.14,33.33,0,0,0,3.84,4.93,1.05,1,0.35,0,0,2.09,0.7,1,0.35,0.46,0,0,9,3.14,44.44,22.222,0,0.35,0,0.7,100,4.88,50,1.74,0.7,0.35,25.12,1.05,1.4,29.65,81.18,10.81,70.97,5.58,100,10.12,89.66,1.74,40,17.05,24.09,0.06,1.4,0,0,0,0,0.7,4.19,75,2.79,62.5,0,0,1.05,0,4.88,78.57,0,,0,,0,0,0,0,,,1.05,,
César Vega,,Alacranes de Durango,"RAMF, RW, LWB",20,404,0,0.36,0,0.14,Mexico,3.79,3.34,46.67,2,44.44,0,0,0,2.23,3.9,0.89,1,0.22,0,0,2.45,0,0,0,0.08,0,0,7,1.56,14.29,0,0,4.01,22.22,4.01,33.33,11.81,37.74,1.11,2,0,26.29,1.56,2.23,32.08,79.86,6.68,76.67,9.58,95.35,8.91,70,2,44.44,17.73,33.47,0.03,0.67,0,0,0,0,0.45,2.45,72.73,2.9,38.46,0,0,0.45,0.67,4.46,80,0,,0,,0,0,0,0,,,0,,
Á. Hernández Gonzalez,Alebrijes de Oaxaca,Alebrijes de Oaxaca,"LB, LWB",25,276,0,0.16,0,0,Mexico,12.07,9.46,48.28,1.63,80,0,0,0.33,7.5,9.32,0.33,1,0.33,0,0,0.98,0,0,0,0.05,0,0,2,0.65,0,0,0,1.3,25,1.3,50,3.59,45.45,1.3,0,0,22.5,1.3,1.96,30,78.26,12.72,71.79,4.57,92.86,6.52,70,4.24,53.85,12.73,23.92,0,0,0,0,0,0,0,4.57,71.43,0.65,0,0,0,0.33,0.33,5.54,76.47,0,,0,,0,0,0,0,,,0.33,,
A. Valenzuela,Alacranes de Durango,Alacranes de Durango,CF,23,8,0,0,0,0,Mexico,,,,,,,0,,,0,,0,,0,,,,0,,,0,,0,,,0,,,,,,,,,,,,,,,,,,,,,,,,16.62,0,,,,,,,,,,,,,,,,,,0,,0,,0,0,0,,,,,,
T. Montano,Alacranes de Durango,Alacranes de Durango,"RCMF, RDMF, LDMF",26,102,0,0.08,0,0,Mexico,7.06,2.65,33.33,1.76,100,0,0,1.76,6.18,13.13,1.76,1,0.88,0,0,0,0,0,0,0.07,0,0,3,2.65,0,0,0,0,0,0.88,0,2.65,0,0.88,0,0,23.82,0,0,34.41,82.05,9.71,45.45,2.65,100,16.76,100,1.76,0,17.52,23.82,0,0,0,0,0,0,0,7.06,62.5,2.65,33.33,0,0,0.88,0,1.76,50,0,,0,,0,0,0,0,,,0.88,,
O. Ballesteros,Alebrijes de Oaxaca,Alebrijes de Oaxaca,"CF, RW, AMF",26,97,0,0.17,0,0.02,Mexico,4.64,3.71,75,8.35,33.33,0,0,0,1.86,3.75,0,0,0,0,0,2.78,0,0,0,0.16,0,0,3,2.78,0,0,0,2.78,33.33,2.78,66.67,9.28,40,4.64,0.93,0,18.56,0.93,0.93,26.91,68.97,6.49,42.86,2.78,100,12.06,69.23,2.78,100,21.51,28.19,0.02,0.93,0,0,0,0,0,5.57,66.67,4.64,40,0,0,0.93,0.93,4.64,100,0,,0,,0,0,0,0,,,0,,
B. Muñóz,Alacranes de Durango,Alacranes de Durango,"AMF, RCMF",22,89,0,0,0,0,Mexico,3.03,4.04,0,2.02,0,0,0,1.01,3.03,6,4.04,1,1.01,0,0,1.01,0,0,0,0,0,0,0,0,0,0,0,2.02,50,0,0,2.02,50,0,3.03,0,44.49,1.01,0,56.63,85.71,11.12,90.91,6.07,100,25.28,80,4.04,25,15.82,19.12,0,0,0,0,0,0,0,11.12,90.91,4.04,50,0,0,1.01,1.01,9.1,77.78,0,,0,,0,0,0,0,,,0,,
C. Siqueiros,Alacranes de Durango,Alacranes de Durango,"RB, RWB",28,108,0,0.04,0,0.1,Mexico,5,4.17,20,1.67,100,0,0,0,4.17,9.38,0.83,0,0,0,0,4.17,0,0,0,0.03,0,0,2,1.67,50,0,0,8.33,20,1.67,100,5.83,57.14,1.67,7.5,0.83,40,0.83,0.83,48.33,60.34,12.5,46.67,5.83,85.71,13.33,62.5,1.67,0,17.99,33.35,0.08,0.83,0,0,0,0,0,0,0,5.83,28.57,0,0,0,1.67,5,50,0,,0,,0,0,0,0,,,0,,
J. Múñoz,Alacranes de Durango,Alacranes de Durango,LCB,28,813,0,0.31,0,0.04,Mexico,7.75,5.31,62.5,4.21,63.16,0,0,0.22,4.43,7.64,0.55,0,0,0,0,0.66,0,0,0,0.03,0,0,7,0.77,28.57,0,0,0.33,0,0.55,60,3.32,60,0.55,2.66,0.11,39.19,0.89,1.33,54.8,89.09,21.25,79.69,4.21,94.74,24.13,95.87,6.2,62.5,22.74,43.67,0,0.33,0,0,0.11,100,0,10.74,76.29,0.66,16.67,0.11,100,0.11,0.11,10.07,87.91,0,,0,,0,0,0,0,,,2.1,,
D. Collazo,Alebrijes de Oaxaca,Alebrijes de Oaxaca,"RB, RW",22,22,0,0,0,0.41,Mexico,,,,,,,0,,,5,,0,,0,,,,0,,,0,,0,,,0,,,,,,,,,,,,,,,,,,,,,,,,20.06,0,,,,,,,,,,,,,,,,,,0,,0,,0,0,0,,,,,,
Diego Martínez,Alebrijes de Oaxaca,Alebrijes de Oaxaca,CF,22,356,1,2.33,1,0.16,Mexico,4.3,2.02,37.5,12.39,69.39,0,0,0.51,3.54,4.83,1.01,1,0.25,0,0,1.26,0.25,0,0,0.59,0,0,9,2.28,55.56,11.111,0.25,0,0,0.51,0,4.04,31.25,3.54,0,0,14.66,4.8,1.01,19.47,76.62,4.3,76.47,4.04,93.75,5.81,82.61,1.01,50,15.06,12.85,0.04,0.76,0,0,0,0,0.51,2.78,72.73,0.76,33.33,0,0,0,0,1.77,85.71,0,,0,,0,0,0,0,,,0,,
L. Jeffus,,Alebrijes de Oaxaca,"LCMF, RCMF, DMF",25,513,0,0.51,0,0.07,United States,7.72,4.39,52,2.98,47.06,0,0,0,5.44,7.56,1.93,2,0.35,0,0,0.88,0,0,0,0.09,0,0,4,0.7,50,0,0,0.18,0,0.53,100,2.63,40,0.7,0.88,0.53,23.16,0.18,0.18,39.12,85.2,12.98,75.68,6.49,97.3,14.91,88.24,2.81,75,17.53,32.99,0.01,0.35,0,0,0,0,0.18,4.74,81.48,0.18,0,0,0,0.18,0.18,5.96,64.71,0,,0,,0,0,0,0,,,0.35,,
J. Muñoz,Alacranes de Durango,Alacranes de Durango,GK,29,103,0,0,0,0,Mexico,0.87,1.75,50,0,0,0,0,0,0,0,0,0,0,0,0,0,0,0,0,0,0,0,0,0,0,0,0,0,0,0,0,0,0,0,0,0,13.11,0.87,0,26.21,86.67,17.48,80,0,0,7.86,100,5.24,50,30.64,47.64,0,0,0,0,0,0,0,0.87,100,0,0,0,0,0,0,6.12,85.71,1,0.87,5,4.37,0,80,1.83,1.6,0.83,0.725,0,0.87,0
J. Angulo,Alacranes de Durango,Alacranes de Durango,"CF, AMF",30,588,1,1.66,1,1.02,Colombia,4.13,2.6,58.82,4.29,53.57,0,0,0.31,2.6,4.36,0.92,0,0,0,0,0.46,0.15,0,0,0.25,0,0,9,1.38,11.11,11.111,0.15,0.46,33.33,0.61,25,5.05,45.45,2.3,0.46,0.46,17.76,1.99,1.22,24.95,80.37,5.51,66.67,6.43,85.71,6.89,80,0.92,83.33,13.96,20.66,0.16,0.92,0,0,0,0,0.61,3.83,68,0.31,50,0,0,0.46,0.15,2.3,73.33,0,,0,,0,0,0,0,,,0,,
J. Ontiveros,Alacranes de Durango,Alacranes de Durango,"LB, LWB",23,336,0,0.33,0,0.01,Mexico,7.77,8.04,63.33,1.88,57.14,0.54,1,0.27,2.14,4,1.88,0,0,0,0,0.8,0,0,0,0.09,0,0,7,1.88,0,0,0,2.95,9.09,0.8,66.67,3.21,41.67,1.34,1.07,0,34.82,1.34,1.07,46.07,72.09,16.07,61.67,4.02,86.67,17.95,77.61,5.89,68.18,19.19,36.78,0,0.27,0,0,0,0,0,7.23,70.37,3.48,30.77,0.27,100,0.8,0.27,9.91,67.57,0,,0,,0,0,0,0,,,0.27,,
D. Oteo,Alacranes de Durango,Alacranes de Durango,RB,26,541,0,0.27,0,0.13,Mexico,9.32,6.49,61.54,2,50,0,0,0.83,5.32,8.97,1,0,0,0,0,0.83,0,0,0,0.04,0,0,3,0.5,0,0,0,2.5,13.33,0.67,75,2.33,50,0.17,1,0,35.27,2.16,0.33,44.42,77.53,17.8,71.03,6.49,92.31,13.64,80.49,5.99,50,19.93,36.8,0.02,0.17,0,0,0,0,0.17,6.16,64.86,3.16,21.05,0,0,0.5,0.33,8.32,78,0,,0,,0,0,0,0,,,1.5,,
P. Villa,Alebrijes de Oaxaca,Alebrijes de Oaxaca,"RB, RWB",22,605,0,0.01,0,0.3,Mexico,7.14,5.5,51.35,1.79,58.33,0,0,0.15,4.31,5.54,1.49,1,0.15,0,0,0.6,0,0,0,0,0,0,1,0.15,0,0,0,0.89,66.67,0,0,1.79,25,0.6,0,0,20.08,0.74,0.15,28.41,78.01,10.86,61.64,5.65,94.74,7.74,90.38,3.87,50,19.69,37.2,0.04,0.45,0,0,0,0,0,3.12,61.9,1.34,55.56,0,0,0.15,0.6,6.1,65.85,0,,0,,0,0,0,0,,,0.74,,
T. Jaimes,Alebrijes de Oaxaca,Alebrijes de Oaxaca,"LW, LWB, RWF",23,332,0,0.23,0,0.22,Mexico,8.13,4.61,64.71,2.44,55.56,1.08,1.28,1.08,4.07,4.79,0.54,0,0,0,0,2.44,0,0,0,0.06,0,0,5,1.36,60,0,0,1.08,25,2.17,62.5,6.78,52,1.08,1.9,0.27,17.62,1.36,1.08,25.21,75.27,7.86,58.62,7.86,93.1,4.07,60,1.9,42.86,14.63,8.29,0.06,0.27,0,0,0,0,0,1.63,83.33,1.63,33.33,0,0,0.27,0.27,4.34,62.5,0,,0,,0,0,0,0,,,0.54,,
J. Reyes,Alacranes de Durango,Alacranes de Durango,"CF, LW, LAMF",25,242,0,1.17,0,0.15,Mexico,4.46,4.09,72.73,2.23,50,0.74,1.43,0,0.74,1.43,0.74,0,0,0,0,1.86,0,0,0,0.43,0,0,10,3.72,20,0,0,3.35,22.22,1.12,33.33,9.3,40,4.09,4.09,0,22.31,5.95,2.23,22.31,68.33,4.46,41.67,4.83,100,4.83,61.54,1.49,25,17.35,13.12,0.06,0.37,0,0,0,0,0.37,2.23,33.33,2.98,37.5,0,0,0.37,0.74,1.49,100,0,,0,,0,0,0,0,,,0,,
D. Ayala,Alebrijes de Oaxaca,Alebrijes de Oaxaca,"RCMF, LCMF, LDMF",26,144,0,0.04,0,0,Mexico,5,1.25,100,1.25,50,0.63,0.81,0,3.13,4.05,0,0,0,0,0,1.25,0,0,0,0.03,0,0,2,1.25,0,0,0,1.25,50,0.63,100,1.88,66.67,0.63,1.88,0,48.13,0,0,70,88.39,17.5,82.14,5,100,40.63,90.77,5,87.5,18.71,37.83,0,0,0,0,0,0,0,14.37,82.61,1.88,66.67,0,0,1.25,0.63,9.38,86.67,0,,0,,0,0,0,0,,,0.63,,
I. García,Alebrijes de Oaxaca,Alebrijes de Oaxaca,CF,27,553,0,1.14,0,0.31,Mexico,3.09,2.6,75,1.95,33.33,0.16,0.24,0,0.98,1.45,1.3,0,0,0,0,1.3,0,0,0,0.19,0,0,12,1.95,16.67,0,0,1.14,0,2.12,46.15,18.55,39.47,3.91,1.14,0.16,14.65,1.95,2.28,26.2,72.05,6.18,63.16,8.3,88.24,4.88,63.33,0.81,60,12.88,13.78,0.05,0.49,0,0,0,0,0.33,2.77,76.47,1.46,22.22,0,0,0.81,0,2.12,84.62,0,,0,,0,0,0,0,,,0.16,,
Andrey Andrade,Alebrijes de Oaxaca,Alebrijes de Oaxaca,"LWF, CF, RCMF",27,605,1,0.61,2,0.85,Brazil,5.5,4.91,60.61,3.42,34.78,0,0,0.15,2.53,3.33,1.34,1,0.15,0,0,1.79,0.15,1,0.15,0.09,0,0,14,2.08,35.71,7.143,0.3,2.38,6.25,1.79,50,9.67,41.54,1.93,1.34,0,23.8,1.93,1.79,33.47,74.67,8.48,66.67,8.63,91.38,9.67,69.23,1.79,50,17.02,26.41,0.13,1.04,0,0,0,0,0.45,3.42,69.57,2.53,11.76,0,0,0.45,0.3,4.46,80,0,,0,,0,0,0,0,,,0.15,,
S. Flores,Alacranes de Durango,Alacranes de Durango,"RCB, CB",31,416,0,0.11,0,0.09,Mexico,8.44,6.92,62.5,4.98,60.87,0,0,0.87,4.11,7.81,1.3,2,0.43,0,0,0.22,0,0,0,0.02,0,0,2,0.43,0,0,0,0.22,100,0,0,1.51,42.86,0.65,0.22,0.22,42.19,0.22,1.08,60.58,89.64,22.5,80.77,1.3,83.33,33.53,96.13,6.27,51.72,23.46,45.24,0.02,0.43,0,0,0,0,0.22,9.3,65.12,0.65,66.67,0,0,0.22,0.22,11.25,80.77,0,,0,,0,0,0,0,,,0.87,,
J. Ramírez,Alacranes de Durango,Alacranes de Durango,CF,27,50,0,0,0,0,Mexico,1.8,3.6,50,9,0,0,0,0,0,0,3.6,0,0,0,0,0,0,0,0,0,0,0,0,0,0,0,0,0,0,0,0,1.8,100,0,0,0,5.4,0,0,19.8,81.82,1.8,0,10.8,83.33,1.8,100,1.8,0,11.94,24.91,0,0,0,0,0,0,0,0,0,1.8,0,0,0,0,0,0,0,0,,0,,0,0,0,0,,,0,,
A. García,Alacranes de Durango,Alacranes de Durango,LB,31,413,0,0,0,0.26,United States,7.41,6.1,42.86,3.49,56.25,0.44,0.69,0.22,4.36,6.9,1.96,2,0.44,0,0,1.09,0,0,0,0,0,0,0,0,0,0,0,3.05,28.57,0.44,50,1.53,57.14,0.22,0.87,0,36.83,0.65,0.65,49.9,75.55,17.43,61.25,9.15,90.48,16.78,76.62,5.45,60,19.16,44.17,0.06,0.65,0,0,0,0,0.44,6.76,48.39,3.7,17.65,0,0,0,0.87,9.59,68.18,0,,0,,0,0,0,0,,,1.53,,
D. Latorre,Tapatío,Tapatío,CF,21,327,1,1.72,2,0.5,Mexico,6.06,4.95,61.11,7.16,34.62,0.28,0.33,0,2.75,3.3,2.2,0,0,0,0,0.83,0.28,1,0.28,0.47,1,0.28,10,2.75,20,10,0.55,0.83,33.33,0.28,0,7.43,44.44,4.13,0,0,14.04,1.65,2.48,17.89,78.46,4.4,62.5,4.4,87.5,5.5,75,0.28,100,16.41,4.9,0.14,0.28,0,0,0,0,0.83,1.38,80,1.1,0,0,0,0.55,0.55,1.65,50,0,,0,,0,0,0,0,,,0,,
C. Hernández,Tapatío,Tapatío,"LCB, LB",19,393,0,0,1,0.42,Mexico,10.31,6.87,66.67,1.83,75,0.92,1.11,0.46,4.81,5.83,0.46,0,0,0,0,1.6,0,0,0,0,0,0,0,0,0,0,0.23,1.83,62.5,0.46,100,1.15,40,0,0.92,0,35.95,0.46,0.46,45.57,80.9,21.3,69.89,2.75,100,14.2,90.32,6.18,40.74,22.22,48.14,0.1,0.69,0,0,0,0,0.92,7.56,57.58,2.98,38.46,0,0,0.23,1.15,10.08,75,0,,0,,0,0,0,0,,,1.37,,
L. Oviedo,Guadalajara U21,Tapatío,"LWB, LW",19,353,0,0.57,0,0.63,Mexico,5.1,3.57,78.57,2.55,70,0.25,0.29,0,2.04,2.29,0.25,0,0,0,0,5.35,0,0,0,0.15,0,0,6,1.53,33.33,0,0,5.35,38.1,4.33,64.71,8.41,48.48,2.29,0.51,0,24.99,2.55,0.76,33.65,68.94,7.9,51.61,6.88,88.89,11.22,63.64,2.8,45.45,19.57,16.59,0.16,1.27,0,0,0,0,1.27,1.27,20,5.61,36.36,0.25,0,0.25,2.29,5.61,68.18,0,,0,,0,0,0,0,,,0,,
Raúl Nuño,Tapatío,Tapatío,"RWB, DMF, RB",20,366,0,0.1,1,0.52,Mexico,8.11,5.41,68.18,2.46,90,0.49,0.55,0,3.93,4.4,0.74,1,0.25,0,0,1.72,0,0,0,0.03,0,0,3,0.74,0,0,0.25,2.21,55.56,1.23,40,3.69,46.67,0.98,1.23,0,28.77,1.48,0.98,40.82,78.92,11.8,58.33,8.85,94.44,14.02,82.46,5.41,54.55,23.34,46.03,0.13,1.72,0,0,0,0,0.98,5.9,58.33,3.2,61.54,0,0,1.23,1.23,7.62,74.19,0,,0,,0,0,0,0,,,0.49,,
C. Medina,Tapatío,Tapatío,"RCMF, LCMF, AMF",19,315,2,0.57,0,0.67,United States,8.29,6.57,60.87,1.14,25,0.57,0.69,0,3.71,4.48,2.29,1,0.29,0,0,2,0.57,2,0.57,0.16,0,0,5,1.43,40,40,0,0.29,0,1.43,100,8.29,44.83,1.43,2,0,25.14,2,1.43,32,77.68,11.71,70.73,8.29,82.76,6.86,83.33,0.86,33.33,13.83,20.83,0.19,0.86,0,0,0.29,0,0.57,2.86,70,1.43,60,0.29,0,0.86,0,5.43,42.11,0,,0,,0,0,0,0,,,0.57,,
J. Uribe,Tapatío,Tapatío,"RB, LWB, RWB",20,256,0,0.13,0,0.16,Mexico,6.33,5.63,31.25,2.46,14.29,0,0,0.35,4.57,6,0.35,1,0.35,0,0,4.57,0,0,0,0.05,0,0,3,1.05,33.33,0,0,3.87,36.36,4.57,61.54,6.33,61.11,3.16,2.46,0,21.8,1.41,1.05,27.42,58.97,9.49,66.67,2.81,87.5,8.79,52,1.41,50,17.9,35.83,0.06,0.35,0,0,0,0,0.35,2.46,71.43,3.87,9.09,0,0,0,1.05,5.98,35.29,0,,0,,0,0,0,0,,,0.35,,
C. Soldati,Tapatío,Tapatío,"CB, LCB",21,518,1,0.37,0,0,Mexico,8.86,4.17,58.33,5.04,68.97,0,0,0.69,6.43,8.16,1.22,1,0.17,0,0,0.35,0.17,1,0.17,0.06,1,0.17,3,0.52,33.33,33.333,0,0,0,0.17,100,1.04,83.33,0.52,0.35,0,31.1,0.17,1.39,45.87,88.26,13.73,72.15,1.04,100,25.37,95.89,4.52,50,22.52,45.57,0,0,0,0,0,0,0,3.65,47.62,0.35,0,0.17,0,0,0,5.39,61.29,0,,0,,0,0,0,0,,,1.04,,
S. Esparza,Tapatío,Tapatío,LCB,22,408,0,0,1,0.2,Mexico,9.49,7.06,65.63,2.21,70,0.44,0.55,0,4.41,5.5,0.44,1,0.22,0,0,0.44,0,0,0,0,0,0,0,0,0,0,0.22,0.88,50,0.44,0,3.09,50,0.44,1.1,0,23.6,1.1,1.99,33.53,83.55,12.79,74.14,3.53,93.75,12.57,91.23,2.87,53.85,20.39,32.78,0.04,0.44,0,0,0,0,0.44,4.19,68.42,1.32,66.67,0.22,100,0.22,0.44,5.07,69.57,0,,0,,0,0,0,0,,,1.54,,
L. Ledesma,Tapatío,Tapatío,"LWB, DMF, LCMF",22,649,1,0.96,2,0.83,Mexico,5.82,3.47,48,1.39,60,0.14,0.17,0.28,4.02,4.89,0.55,0,0,0,0,2.08,0.14,0,0,0.13,0,0,12,1.66,33.33,8.333,0.28,1.39,70,0.83,66.67,4.02,44.83,0.28,1.25,0.28,26.63,0.42,1.11,34.95,80.56,10.82,70.51,6.52,89.36,10.4,82.67,3.61,53.85,17.47,29.52,0.12,0.83,0.14,0,0.14,0,0.14,4.85,68.57,2.36,47.06,0.14,0,0.14,0.97,6.24,77.78,0,,0,,0,0,0,0,,,0.42,,
C. Corona,Tapatío,Tapatío,RCMF,22,71,0,0,0,0,Mexico,2.54,6.34,20,2.54,100,0,0,0,1.27,1.58,2.54,1,1.27,0,0,1.27,0,0,0,0,0,0,0,0,0,0,0,1.27,100,0,0,6.34,80,2.54,0,1.27,51.97,0,5.07,58.31,91.3,10.14,87.5,11.41,100,27.89,90.91,1.27,100,8.05,12.08,0,0,1.27,0,0,0,1.27,3.8,100,1.27,100,0,0,1.27,1.27,3.8,66.67,0,,0,,0,0,0,0,,,0,,
L. Jiménez,Tapatío,Tapatío,RWB,23,496,0,0.14,2,0.55,Mexico,8.17,6.35,51.43,1.63,33.33,0.73,0.86,0.36,4.17,4.93,0.73,2,0.36,0,0,2.54,0,0,0,0.03,0,0,2,0.36,50,0,0.36,3.27,50,0.91,60,5.44,33.33,1.45,0.91,0,33.02,2.54,1.45,42.1,79.31,14.52,67.5,8.89,93.88,11.43,76.19,3.99,68.18,18.67,30.31,0.1,0.91,0,0.18,0.36,50,0.91,4.54,80,3.99,50,0.54,66.67,0.73,1.45,9.44,75,0,,0,,0,0,0,0,,,1.45,,
Gael García,Tapatío,Tapatío,"AMF, LW, CF",22,497,1,0.48,2,0.85,Mexico,7.97,5.98,69.7,1.27,28.57,0.72,0.94,0,3.08,3.98,0.91,1,0.18,0,0,3.8,0.18,1,0.18,0.09,1,0.18,7,1.27,57.14,14.286,0.36,1.09,33.33,3.26,77.78,10.32,43.86,1.45,2.54,0,23.54,0.72,0.54,30.24,76.05,7.97,61.36,4.53,84,11.41,80.95,1.63,33.33,17.24,34.69,0.15,1.09,0,0,0.18,100,1.09,5.25,72.41,1.81,30,0.18,100,1.09,0.36,5.07,75,0,,0,,0,0,0,0,,,0,,
M. Cendejas,Tapatío,Tapatío,"DMF, RCMF, LCMF",23,257,1,0.16,0,0,Mexico,10.16,8.75,76,2.8,37.5,0.7,1,1.05,2.8,4,1.05,0,0,1,0.35,1.05,0.35,1,0.35,0.06,0,0,4,1.4,75,25,0,0.35,0,0.7,0,2.8,37.5,0.7,0,0,27.67,0,0.7,42.37,84.3,14.01,67.5,5.95,94.12,14.01,90,5.25,53.33,16.94,39.7,0,0,0,0,0,0,0.35,7,60,0.7,100,0,0,0.7,0,5.6,56.25,0,,0,,0,0,0,0,,,0.35,,
V. Moragrega,Tapatío,Tapatío,CF,28,233,1,2.91,0,0.83,Mexico,5.79,3.48,55.56,4.64,50,0.39,0.52,0.39,3.48,4.66,1.55,1,0.39,0,0,1.55,0.39,1,0.39,1.13,1,0.39,11,4.25,9.09,9.091,0,0.39,0,0.77,100,5.41,21.43,6.95,0.77,0,16.61,1.55,0.39,21.24,81.82,4.25,63.64,5.79,86.67,3.48,100,1.16,100,14.19,26.65,0.32,1.16,0,0,0.39,100,1.16,2.7,71.43,1.16,100,0.39,100,2.32,0,1.93,80,0,,0,,0,0,0,0,,,0,,
S. Zamora,Tapatío,Tapatío,LCMF,23,451,0,0.59,0,0.05,Mexico,6.98,4.99,72,1,20,0,0,0.2,3.39,4.36,0.6,0,0,0,0,0.6,0,0,0,0.12,0,0,3,0.6,0,0,0,0.2,100,0.4,100,2.99,46.67,0.4,0.2,0,31.53,0,0.4,42.51,89.67,9.98,76,5.39,92.59,18.56,95.7,2,60,17.78,37.84,0.01,0.4,0,0,0,0,0.2,4.99,80,0.4,100,0,0,0,0.2,3.99,70,0,,0,,0,0,0,0,,,0.6,,
D. Villaseca,Tapatío,Tapatío,"AMF, CF, RW",23,440,3,1.94,0,0.01,Czech Republic,5.11,4.91,41.67,4.5,59.09,0,0,0.2,3.07,3.85,1.23,1,0.2,0,0,2.25,0.61,3,0.61,0.4,1,0.2,9,1.84,77.78,33.333,0,1.23,16.67,1.02,60,6.34,32.26,3.07,0.82,0,22.7,2.05,0.82,28.02,77.37,7.36,69.44,5.93,72.41,9,81.82,0.82,75,16.78,25.71,0,0.2,0.2,0,0.2,0,0,4.09,85,1.64,37.5,0.2,0,0.82,0.2,2.66,61.54,0,,0,,0,0,0,0,,,0.2,,
Randy Ríos,,Mineros de Zacatecas,"LDMF, DMF",18,80,0,0,0,0,Mexico,9,4.5,100,0,0,0,0,0,4.5,6.67,0,0,0,0,0,0,0,0,0,0,0,0,0,0,0,0,0,0,0,0,0,0,0,0,0,0,24.75,0,0,32.63,86.21,12.38,63.64,4.5,75,9,100,2.25,50,13.38,23.96,0,0,0,0,0,0,0,5.63,80,0,0,0,0,0,0,4.5,75,0,,0,,0,0,0,0,,,0,,
Weymmar Castro,Mineros de Zacatecas,Mineros de Zacatecas,"LCMF, CF, LW",22,45,0,0.01,0,0,Colombia,2,0,0,4,0,0,0,0,2,2,0,0,0,0,0,0,0,0,0,0.03,0,0,1,2,0,0,0,0,0,0,0,8,25,0,2,0,10,2,2,6,0,6,0,0,0,0,0,0,0,9,0,0,0,0,0,0,0,0,2,0,2,0,0,0,0,0,0,0,0,,0,,0,0,0,0,,,0,,
P. Romero,Atlético Morelia,Atlético Morelia,"LW, LAMF, LWB",20,171,0,0.12,1,0.77,Mexico,6.84,4.21,62.5,2.63,40,0.53,0.86,0,3.68,6,0.53,1,0.53,0,0,4.74,0,0,0,0.06,0,0,2,1.05,50,0,0.53,5.79,36.36,6.32,33.33,16.84,21.88,1.58,3.68,0,25.79,2.11,1.05,35.26,71.64,5.79,54.55,13.16,88,9.47,55.56,1.58,33.33,16.48,11.26,0.41,1.58,0,0,0,0,2.11,1.58,33.33,5.26,40,0,0,0.53,2.11,3.16,50,0,,0,,0,0,0,0,,,0,,
J. Flores,Atlético Morelia,Atlético Morelia,"CF, LCMF",28,272,4,2.68,0,0.01,Mexico,1.65,2.65,25,5.29,43.75,0,0,0,0.99,1.7,1.32,0,0,1,0.33,3.31,1.32,4,1.32,0.89,3,0.99,13,4.3,53.85,30.769,0,0.33,0,1.32,75,7.61,60.87,5.63,1.99,0.66,16.21,1.65,2.98,18.86,78.95,4.63,71.43,5.63,82.35,4.96,73.33,1.65,60,14.94,13.89,0,0.33,0,0,0,0,0,1.32,100,1.32,75,0,0,1.32,0,2.32,71.43,0,,0,,0,0,0,0,,,0,,
S. Hernández,Atlético Morelia,Atlético Morelia,"LCB, LB",22,65,0,0,0,0,Mexico,6.92,5.54,25,1.38,0,0,0,0,5.54,8.57,2.77,1,1.38,1,1.38,2.77,0,0,0,0,0,0,0,0,0,0,0,0,0,2.77,100,6.92,60,0,1.38,0,52.62,0,0,66.46,87.5,29.08,85.71,2.77,100,24.92,88.89,4.15,33.33,18.07,15.83,0,0,0,0,0,0,0,2.77,50,0,0,0,0,0,0,13.85,70,0,,0,,0,0,0,0,,,0,,
Mauro Nambo,Atlético Morelia,Atlético Morelia,"LAMF, LWB",22,635,1,0.85,2,0.89,Mexico,4.54,3.54,52,3.26,65.22,0,0,0,2.69,4.01,0.57,0,0,0,0,4.68,0.14,1,0.14,0.12,0,0,16,2.27,37.5,6.25,0.28,3.83,33.33,4.11,58.62,8.93,41.27,2.69,1.7,0.71,22.96,1.84,0.57,30.9,75.69,7.09,68,9.78,91.3,7.09,62,2.13,53.33,17.04,36.94,0.13,0.99,0,0.28,0.14,100,0.85,2.83,60,3.4,37.5,0.14,100,0.57,1.13,4.96,82.86,0,,0,,0,0,0,0,,,0.14,,
M. Rodríguez,Atlético Morelia,Atlético Morelia,"RAMF, RW",26,329,3,0.97,0,0.56,Mexico,4.1,4.65,47.06,1.64,33.33,0,0,0,1.91,2.96,1.37,1,0.27,0,0,4.38,0.82,3,0.82,0.27,0,0,14,3.83,42.86,21.429,0,2.19,37.5,3.28,58.33,12.58,52.17,3.01,3.01,0,20.52,1.37,4.1,24.89,76.92,5.47,50,6.02,95.45,6.29,73.91,0.82,66.67,15.47,14.7,0.15,0.82,0,0.27,0,0,0.82,2.46,100,2.46,55.56,0,0,0.82,0.82,3.83,64.29,0,,0,,0,0,0,0,,,0,,
A. Andrade,Atlético Morelia,Atlético Morelia,"LDMF, CB, RCMF",25,361,0,0.27,0,0.36,Mexico,6.98,4.99,70,3.24,30.77,0.75,1.18,0,2.74,4.34,1.25,0,0,1,0.25,0.25,0,0,0,0.07,0,0,6,1.5,16.67,0,0,0.25,0,0.25,0,1.99,37.5,1.5,0.5,0.25,28.92,0.5,1,41.14,92.12,8.48,73.53,4.74,89.47,23.43,97.87,2.74,63.64,23.15,48.91,0.09,0.75,0,0.25,0,0,0.5,4.74,78.95,1.25,60,0,0,1.5,0,4.74,68.42,0,,0,,0,0,0,0,,,0.75,,
E. Castellanos,Atlético Morelia,Atlético Morelia,"LCMF, RCMF",23,206,0,0.02,0,0.09,Mexico,6.55,4.37,70,0.87,100,0.44,0.7,0.44,3.06,4.88,0.44,0,0,0,0,2.62,0,0,0,0.01,0,0,1,0.44,100,0,0,0.44,100,2.62,66.67,7.86,33.33,3.5,1.75,0,23.59,0.87,0.44,36.7,91.67,9.61,90.91,5.68,92.31,16.6,94.74,0.44,100,17.1,3.1,0.04,0.44,0.44,0,0,0,0.44,6.12,100,1.75,50,0,0,0.87,0.44,4.81,90.91,0,,0,,0,0,0,0,,,0,,
R. Sandoval,Atlético Morelia,Atlético Morelia,"LB, LWB",26,610,0,0.25,0,0.34,Mexico,7.97,7.52,56.86,1.92,53.85,0.3,0.45,0.15,3.39,5.19,0.89,1,0.15,0,0,1.48,0,0,0,0.04,0,0,5,0.74,40,0,0,2.21,33.33,1.18,37.5,3.98,22.22,1.33,1.03,0.15,29.66,0.74,0.44,39.25,81.95,15.2,78.64,8.11,98.18,9.74,78.79,4.13,64.29,19.04,33.4,0.05,0.74,0,0,0,0,0.89,5.61,84.21,2.21,40,0.15,100,0.59,0.74,7.38,78,0,,0,,0,0,0,0,,,0.59,,
V. Manuel Hernandez Valencia,Tepatitlán de Morelos,Tepatitlán de Morelos,RB,30,215,0,0,0,0.3,,10.47,6.7,50,0.42,0,0,0,0,7.12,10,0.42,0,0,0,0,0.84,0,0,0,0,0,0,0,0,0,0,0,1.26,33.33,0.42,100,1.67,50,0.42,0,0,8.37,0.42,0.42,18.84,68.89,10.05,66.67,1.26,100,5.44,53.85,4.6,54.55,22.41,46.33,0.13,0.84,0,0,0,0,0.42,3.77,66.67,1.26,66.67,0,0,0.42,0.42,5.02,75,0,,0,,0,0,0,0,,,0,,
J. Luis Ríos Orbe,Tepatitlán de Morelos,Tepatitlán de Morelos,LB,31,30,0,0,0,0,Mexico,,,,,,,3.75,,,0,,0,,0,,,,0,,,0,,0,,,0,,,,,,,,,,,,,,,,,,,,,,,,21.74,41.63,,,,,,,,,,,,,,,,,,0,,0,,0,0,0,,,,,,
Arturo Gatica,Tepatitlán de Morelos,Tepatitlán de Morelos,GK,26,161,0,0,0,0,Mexico,0,0,0,0,0,0,0,0,0,0,0,0,0,0,0,0,0,0,0,0,0,0,0,0,0,0,0,0,0,0,0,0,0,0,0,0,2.24,0,0,9.5,76.47,5.59,60,0,0,3.35,100,3.91,42.86,36.52,58.86,0,0,0,0,0,0,0,1.12,0,0,0,0,0,0,0,1.68,100,6,3.35,16,8.94,0,62.5,3.3,1.85,-2.7,-1.509,0,0.56,0
M. Aguilar Torres,Venados,Venados,RB,16,17,0,0,0,0,Mexico,,,,,,,0,,,30,,0,,0,,,,0,,,0,,0,,,0,,,,,,,,,,,,,,,,,,,,,,,,24.93,0,,,,,,,,,,,,,,,,,,0,,0,,0,0,0,,,,,,
S. Benitez Trejo,Venados,Venados,LAMF,21,10,0,0,0,0,Mexico,,,,,,,0,,,0,,1,,0,,,,0,,,0,,0,,,0,,,,,,,,,,,,,,,,,,,,,,,,30.89,30.89,,,,,,,,,,,,,,,,,,0,,0,,0,0,0,,,,,,
H. Ávila,Tepatitlán de Morelos,Tepatitlán de Morelos,CF,26,216,0,0.13,0,0,Belize,1.67,1.67,50,6.67,31.25,0,0,0,0.83,1.07,2.08,1,0.42,0,0,2.08,0,0,0,0.05,0,0,3,1.25,66.67,0,0,0.42,100,2.08,40,8.75,28.57,1.67,2.08,0,9.58,3.75,1.25,11.67,67.86,1.67,25,5.83,78.57,2.92,57.14,0.42,100,13.94,4.45,0,0,0,0,0,0,0,0.83,0,0,0,0,0,0.42,0.42,0.83,100,0,,0,,0,0,0,0,,,0.42,,
S. Pérez,Monterrey U21,Venados,GK,22,106,0,0,0,0,United States,1.7,0,0,0,0,0,0,0,1.7,4,0,0,0,0,0,0,0,0,0,0,0,0,0,0,0,0,0,0,0,0,0,0,0,0,0,0,8.49,0,0,15.28,94.44,7.64,88.89,0,0,6.79,100,2.55,66.67,26.36,37.45,0,0,0,0,0,0,0,0,0,0,0,0,0,0,0,0,0,0,0,3,2.55,1,100,0.39,0.33,0.39,0.331,0,1.7,0
R. Alonso,Tepatitlán de Morelos,Tepatitlán de Morelos,"RCB, CB",19,533,0,0.34,0,0,Mexico,9.96,5.4,50,2.03,50,0.84,1.01,0.84,6.42,7.65,1.18,1,0.17,0,0,0.17,0,0,0,0.06,0,0,3,0.51,0,0,0,0.34,0,0.34,50,1.01,16.67,0.68,0,0,11.82,0,0,21.44,72.44,12.16,61.11,1.35,100,6.92,82.93,7.77,54.35,24.77,36.52,0,0,0,0,0,0,0,4.39,57.69,0.34,0,0.17,0,0.17,0.17,8.11,58.33,0,,0,,0,0,0,0,,,1.18,,
F. Osorio,Tepatitlán de Morelos,Tepatitlán de Morelos,"DMF, RCMF",21,605,1,0.05,0,0.31,Chile,9.22,8.48,50.88,2.83,52.63,0.45,0.52,0,4.46,5.17,1.79,3,0.45,0,0,1.19,0.15,1,0.15,0.01,0,0,5,0.74,80,20,0,0.3,100,0.3,50,2.53,41.18,0.15,0.3,0,11.45,0.15,0.89,22.76,77.12,7.74,61.54,2.38,100,8.33,85.71,2.98,50,18.18,28.19,0.05,0.6,0,0,0.15,100,0,2.68,33.33,0.45,33.33,0.15,100,0.15,0.15,3.72,48,0,,0,,0,0,0,0,,,0,,
A. Moreno,Tepatitlán de Morelos,Tepatitlán de Morelos,"LCMF, LW, RW",20,395,1,0.36,0,0.04,Mexico,6.84,9.11,50,2.96,53.85,0.23,0.26,0.23,2.05,2.37,1.59,0,0,0,0,0.23,0.23,1,0.23,0.08,0,0,8,1.82,12.5,12.5,0,1.14,0,0.46,0,4.56,55,0.46,0.68,0,17.09,0.91,2.28,27.11,57.98,13.67,45,2.73,75,6.15,74.07,4.56,40,19.4,39.54,0.01,0.23,0,0,0.23,0,0.23,6.15,33.33,2.51,36.36,0.23,0,0.91,0,5.01,59.09,0,,0,,0,0,0,0,,,0,,
B. Casas,Tepatitlán de Morelos,Tepatitlán de Morelos,CF,21,406,1,0.35,1,0.67,Mexico,3.1,2.66,25,7.98,30.56,0.22,0.27,0,2.22,2.7,1.55,0,0,0,0,0.67,0.22,1,0.22,0.08,1,0.22,4,0.89,50,25,0.22,1.11,20,0,0,3.55,50,2.44,0.44,0,10.42,3.1,1.55,15.96,62.5,5.32,41.67,3.33,93.33,3.33,66.67,1.33,50,14.46,32.22,0.15,0.44,0,0.22,0,0,0.44,2.22,50,1.11,20,0,0,0.44,0.22,1.77,50,0,,0,,0,0,0,0,,,0,,
L. Egurrola,Tapatío,Tepatitlán de Morelos,LW,22,32,0,0,0,0,Mexico,,,,,,,0,,,0,,0,,0,,,,0,,,0,,0,,,0,,,,,,,,,,,,,,,,,,,,,,,,19.22,0,,,,,,,,,,,,,,,,,,0,,0,,0,0,0,,,,,,
M. López,Tepatitlán de Morelos,Tepatitlán de Morelos,"LWB, LB, LCMF",24,670,0,0.4,0,0.23,Mexico,6.72,5.51,41.46,2.15,31.25,0.13,0.16,0.27,4.3,5.11,1.75,2,0.27,0,0,1.61,0,0,0,0.05,0,0,4,0.54,25,0,0,1.07,37.5,2.01,53.33,5.78,55.81,1.21,1.75,0.54,11.69,0.81,1.88,21.36,69.81,11.69,66.67,1.88,78.57,4.03,63.33,3.36,52,19.13,44.8,0.03,0.4,0,0,0,0,0.27,4.57,55.88,1.88,35.71,0,0,0.4,0.67,5.64,59.52,0,,0,,0,0,0,0,,,0,,
A. Cárdenas,Tritons Vallarta MFC,Tepatitlán de Morelos,"LCB, LB",27,106,0,0.01,0,0,Mexico,5.09,0,0,2.55,33.33,0,0,1.7,5.09,5.63,0,0,0,0,0,0.85,0,0,0,0.01,0,0,1,0.85,100,0,0,0,0,0,0,1.7,50,0.85,0,0,8.49,0.85,0.85,16.98,75,8.49,60,0,0,4.25,100,5.09,33.33,23.24,41.7,0,0.85,0,0,0,0,0,2.55,100,0,0,0,0,0,0,7.64,55.56,0,,0,,0,0,0,0,,,0,,
E. Martínez,Tepatitlán de Morelos,Tepatitlán de Morelos,"DMF, LCMF, RB",27,428,0,0.06,0,0.04,Mexico,6.1,5.47,50,1.05,60,0.21,0.28,0,3.15,4.21,1.26,3,0.63,0,0,0.42,0,0,0,0.01,0,0,2,0.42,0,0,0,0.63,66.67,0,0,0.63,66.67,0.21,0.21,0,19.77,0.42,0.42,30.28,84.03,10.51,68,2.52,100,12.83,90.16,2.73,53.85,19.92,25.86,0.01,0.21,0,0,0,0,0,3.79,55.56,0.63,66.67,0,0,0,0.42,3.15,73.33,0,,0,,0,0,0,0,,,0.21,,
L. Páez,Tepatitlán de Morelos,Tepatitlán de Morelos,"CF, LW",32,142,0,0.12,0,0,Colombia,0.63,1.27,50,5.07,37.5,0,0,0,0,0,0.63,0,0,0,0,0,0,0,0,0.07,0,0,1,0.63,0,0,0,0,0,0,0,6.97,27.27,0.63,0,0,6.34,0,1.27,12.68,90,2.54,100,5.07,100,4.44,71.43,1.27,50,17.79,21.95,0,0,0,0,0,0,0,0.63,100,0.63,0,0,0,0,0,1.27,100,0,,0,,0,0,0,0,,,0,,
A. Estrada,Tepatitlán de Morelos,Tepatitlán de Morelos,GK,35,635,0,0,0,0,Mexico,0.57,0.28,100,0,0,0,0,0,0.28,0.33,0.14,0,0,1,0.14,0.14,0,0,0,0,0,0,0,0,0,0,0,0,0,0.14,100,0.14,100,0,0,0,6.8,0.28,0,15.73,71.17,10.2,58.33,0,0,4.68,93.94,8.65,49.18,36.58,50.81,0,0,0,0,0,0,0,1.84,46.15,0.14,0,0,0,0.14,0,6.24,65.91,21,2.98,45,6.38,0,53.33,16.34,2.32,-4.66,-0.66,0,1.7,0
C. Flores Sanchez,Mineros de Zacatecas,Mineros de Zacatecas,"RDMF, RCMF, LCMF",20,162,1,0.12,0,0,Mexico,2.22,2.78,80,3.33,50,0,0,0,0,0,0.56,1,0.56,0,0,1.67,0.56,1,0.56,0.07,0,0,2,1.11,50,50,0,1.11,50,1.67,33.33,5.56,40,0.56,0,0.56,28.33,0.56,0,41.11,82.43,12.22,63.64,10,94.44,11.11,95,2.78,60,15.52,19.35,0,0,0,0,0,0,0,3.89,71.43,0.56,100,0,0,0,0.56,5,66.67,0,,0,,0,0,0,0,,,0.56,,
Jhan Rengifo,Dorados,Dorados,CF,25,464,3,3.4,0,0.14,Colombia,2.91,2.52,30.77,5.82,26.67,0,0,0,2.13,2.6,0.97,1,0.19,0,0,3.1,0.58,3,0.58,0.66,0,0,13,2.52,53.85,23.077,0,0.97,40,2.13,63.64,7.56,46.15,5.43,1.94,0,8.73,2.13,0.39,11.25,75.86,1.16,50,4.27,100,3.49,61.11,0.58,0,15.83,19.99,0.03,0.39,0,0,0,0,0.58,0.58,100,1.16,66.67,0,0,0.58,0.39,0.97,80,0,,0,,0,0,0,0,,,0,,
Willian González,Dorados,Dorados,"RCB, LCB",21,42,0,0,0,0,Colombia,,,,,,,0,,,5,,0,,0,,,,0,,,0,,0,,,0,,,,,,,,,,,,,,,,,,,,,,,,26.15,46.02,,,,,,,,,,,,,,,,,,0,,0,,0,0,0,,,,,,
Diego Marmolejo,Mineros de Zacatecas,Mineros de Zacatecas,"LB, LCB",23,61,0,0,0,0,Mexico,8.85,8.85,50,0,0,0,0,0,4.43,6.43,0,0,0,0,0,0,0,0,0,0,0,0,0,0,0,0,0,0,0,0,0,0,0,0,0,0,19.18,1.48,0,32.46,90.91,16.23,81.82,1.48,100,13.28,100,1.48,0,17.06,10.66,0.01,1.48,0,0,0,0,0,1.48,100,0,0,0,0,0,0,4.43,100,0,,0,,0,0,0,0,,,0,,
Alonso Sandoval,Mineros de Zacatecas,Mineros de Zacatecas,"LWF, LAMF, LW",21,345,1,0.65,0,0.11,Mexico,10.17,4.96,63.16,1.04,50,0,0,0.52,7.04,9.2,1.3,1,0.26,0,0,2.09,0.26,1,0.26,0.17,1,0.26,4,1.04,50,25,0,0.52,50,2.87,45.45,9.65,40.54,2.09,1.04,0.52,31.04,3.65,1.83,37.04,83.8,7.83,66.67,10.43,97.5,10.7,82.93,3.91,40,16.54,39.17,0.03,0.26,0,0,0,0,0,2.87,72.73,1.04,25,0,0,0.78,0.26,5.22,60,0,,0,,0,0,0,0,,,0,,
Erick Carballo,Mineros de Zacatecas,Mineros de Zacatecas,"LAMF, LWF",23,472,3,2,0,0.14,Mexico,3.43,3.24,64.71,2.48,15.38,0.19,0.27,0,1.14,1.59,0.95,1,0.19,1,0.19,3.24,0.57,3,0.57,0.38,0,0,15,2.86,26.67,20,0,0.76,25,3.62,63.16,15.25,56.25,1.91,1.72,0.38,24.41,2.86,4,29.36,78.57,7.82,63.41,8.2,88.37,5.15,74.07,1.14,66.67,13.8,14.42,0.03,0.57,0,0,0,0,0.19,2.48,53.85,1.53,37.5,0,0,0.76,0.19,4.39,73.91,0,,0,,0,0,0,0,,,0.19,,
Alonso García,Mineros de Zacatecas,Mineros de Zacatecas,LB,24,452,1,0.99,0,0,Mexico,8.16,6.37,53.13,2.19,54.55,0.4,0.55,0.6,4.38,6,0.8,2,0.4,0,0,0.6,0.2,1,0.2,0.2,0,0,7,1.39,14.29,14.286,0,0.6,33.33,0.2,100,4.18,33.33,0.8,0.8,0.2,27.48,1.99,0.8,40.42,84.73,16.53,77.11,6.17,100,7.77,84.62,3.38,52.94,15.62,28.41,0,0.2,0,0,0,0,0,3.78,52.63,0.8,25,0,0,0.2,0.2,5.38,62.96,0,,0,,0,0,0,0,,,0.6,,
Justing Cano,Mineros de Zacatecas,Mineros de Zacatecas,"LCB, RCB",24,566,1,0.38,0,0.17,Nicaragua,11.13,5.09,56.25,3.66,52.17,0.48,0.68,1.27,7.79,11.14,0.8,4,0.64,1,0.16,0.16,0.16,1,0.16,0.06,0,0,4,0.64,25,25,0,0,0,0.16,0,1.43,77.78,0.64,0.32,0.16,42.46,0.16,1.43,55.97,92.05,18.45,81.03,3.5,95.45,29.42,98.38,5.57,51.43,20.99,40.44,0.03,0.16,0,0,0,0,0,4.45,64.29,0,0,0,0,0.16,0,5.57,62.86,0,,0,,0,0,0,0,,,2.39,,
M. Cordero,Mineros de Zacatecas,Mineros de Zacatecas,CF,22,70,0,0,0,0,Mexico,1.29,1.29,0,2.57,0,0,0,0,1.29,1.88,2.57,0,0,0,0,1.29,0,0,0,0,0,0,1,1.29,100,0,0,0,0,0,0,3.86,0,0,0,0,18,2.57,1.29,25.71,75,3.86,66.67,9,85.71,3.86,100,1.29,100,13.57,9.75,0,0,0,0,0,0,0,2.57,100,1.29,0,0,0,0,0,5.14,50,0,,0,,0,0,0,0,,,0,,
Julio Valenzuela,Mineros de Zacatecas,Mineros de Zacatecas,GK,24,205,0,0,0,0,Mexico,1.32,0,0,0,0,0,0,0,1.32,1.58,0,0,0,0,0,0,0,0,0,0,0,0,0,0,0,0,0,0,0,0,0,0,0,0,0,0,16.24,0.88,0,27.22,79.03,16.68,73.68,0,0,9.22,90.48,10.54,54.17,30.98,44.06,0,0,0,0,0,0,0,0.88,0,0,0,0,0,0,0,7.9,55.56,3,1.32,11,4.83,1,72.73,3.39,1.49,0.39,0.171,0,1.32,0
Luis Cervantes,Mineros de Zacatecas,Mineros de Zacatecas,RB,25,738,0,0.09,0,0.05,Mexico,7.68,6.83,50,1.46,41.67,0.37,0.49,0.24,3.9,5.19,0.73,2,0.24,0,0,0.98,0,0,0,0.01,0,0,3,0.37,33.33,0,0,0.85,57.14,0.49,75,3.9,34.38,0.85,0.12,0,30.37,2.44,0.61,37.93,83.6,14.15,77.59,7.68,88.89,9.39,87.01,2.68,45.45,15.53,37.93,0.01,0.12,0,0.12,0.12,0,0.12,3.17,61.54,0.98,37.5,0.12,0,0.12,0.49,5.24,53.49,0,,0,,0,0,0,0,,,1.34,,
Salvador Manríquez,Mineros de Zacatecas,Mineros de Zacatecas,"LB, LWB",26,317,0,0.05,0,0.01,Mexico,5.68,3.97,50,1.99,57.14,0.57,0.75,0,3.12,4.13,1.7,1,0.28,0,0,0.85,0,0,0,0.01,0,0,1,0.28,0,0,0,1.42,60,0.57,0,1.99,42.86,0,0.28,0,39.75,1.42,0.85,46.28,78.53,21.86,68.83,5.68,90,11.36,85,6.25,36.36,17.29,36.77,0,0.28,0,0,0,0,0.28,4.26,46.67,1.7,50,0,0,0,0.57,6.81,58.33,0,,0,,0,0,0,0,,,1.14,,
Pablo Padilla,Mineros de Zacatecas,Mineros de Zacatecas,"CF, RCMF, LCMF",26,135,1,0.34,0,0.1,Mexico,4.67,5.33,62.5,4.67,57.14,0,0,0,1.33,1.67,2,0,0,0,0,2,0.67,1,0.67,0.23,1,0.67,6,4,33.33,16.667,0,0,0,1.33,50,6.67,40,1.33,2,0,34,3.33,1.33,42,85.71,4.67,71.43,9.33,100,16.67,84,0.67,0,16.46,10.99,0.07,1.33,0,0,0,0,0.67,5.33,75,0,0,0,0,0.67,0,4.67,57.14,0,,0,,0,0,0,0,,,0,,
Leonardo Durán,Mineros de Zacatecas,Mineros de Zacatecas,GK,26,599,0,0,0,0.11,Mexico,0.45,0,0,0,0,0,0,0,0.45,0.64,0,1,0.15,0,0,0,0,0,0,0,0,0,0,0,0,0,0,0,0,0,0,0,0,0,0,0,16.98,0.45,0,27.65,90.76,12.47,84.34,0,0,14.27,96.84,7.36,67.35,27.43,43.06,0.02,0.15,0,0,0,0,0,1.05,28.57,0,0,0,0,0,0,4.51,60,12,1.8,36,5.41,0,66.67,13.13,1.97,1.13,0.17,0,0.9,0
Japheth Jiménez,Mineros de Zacatecas,Mineros de Zacatecas,"RWF, RW, RCMF",30,113,0,0.34,1,0.33,Mexico,3.19,5.58,57.14,0,0,0,0,0,0,0,2.39,0,0,0,0,2.39,0,0,0,0.27,0,0,1,0.8,0,0,0.8,2.39,33.33,3.19,50,8.76,45.45,3.19,1.59,0,29.47,6.37,1.59,39.82,68,9.56,66.67,8.76,63.64,13.54,58.82,0.8,0,16.18,9.36,0.26,2.39,0,0,0,0,2.39,3.98,20,1.59,100,0,0,1.59,0.8,4.78,66.67,0,,0,,0,0,0,0,,,0,,
E. Robles,Tlaxcala,Tlaxcala,"AMF, RCMF, RAMF",23,275,1,1.22,1,0,Mexico,6.87,5.56,47.06,4.58,28.57,0,0,0.65,4.25,4.81,2.62,1,0.33,0,0,2.95,0.33,1,0.33,0.4,0,0,7,2.29,71.43,14.286,0.33,0.65,0,1.64,80,10.47,53.13,2.62,0.98,0.33,12.11,1.64,4.25,17.67,66.67,7.2,59.09,2.95,77.78,3.27,80,1.31,75,20.59,14.55,0,0.33,0,0,0.33,0,0.33,1.31,100,0.98,0,0.33,0,0,0,4.25,53.85,0,,0,,0,0,0,0,,,0,,
A. Sánchez,Tlaxcala,Tlaxcala,"LAMF, LB",23,68,0,0.01,0,0,United States,11.91,9.26,42.86,0,0,0,0,0,7.94,8.57,1.32,1,1.32,0,0,0,0,0,0,0.01,0,0,2,2.65,0,0,0,0,0,0,0,1.32,100,0,1.32,0,17.21,3.97,1.32,11.91,55.56,6.62,40,1.32,100,2.65,50,2.65,0,18.11,14.01,0,0,0,0,0,0,0,1.32,0,0,0,0,0,0,0,3.97,0,0,,0,,0,0,0,0,,,1.32,,
J. González,Jaiba Brava,Jaiba Brava,RCB,26,253,0,0.19,0,0,Mexico,6.4,3.56,60,3.56,70,0.71,0.98,1.07,3.56,4.92,0.36,0,0,0,0,0.36,0,0,0,0.07,0,0,1,0.36,0,0,0,0.71,50,0.36,0,1.42,0,0.36,1.42,0,44.11,0.71,0.36,61.54,89.6,24.9,81.43,5.34,100,21.34,95,4.62,53.85,14.83,26.93,0,0,0,0,0,0,0,6.05,82.35,0.71,50,0,0,0,0.36,6.4,66.67,0,,0,,0,0,0,0,,,4.27,,
J. Freyfeld,América U21,Tlaxcala,LB,21,12,0,0,0,0,Mexico,,,,,,,0,,,0,,0,,0,,,,0,,,0,,0,,,0,,,,,,,,,,,,,,,,,,,,,,,,0,0,,,,,,,,,,,,,,,,,,0,,0,,0,0,0,,,,,,
O. Méndez,,Jaiba Brava,"RCMF, LWB, LCMF",21,91,0,0.33,0,0.15,Mexico,2.97,4.95,40,0.99,0,0,0,0,0.99,2.14,2.97,0,0,0,0,4.95,0,0,0,0.32,0,0,2,1.98,100,0,0,3.96,25,3.96,50,13.85,35.71,2.97,0.99,0,33.63,2.97,1.98,46.48,82.98,7.91,75,12.86,100,14.84,80,4.95,60,19.4,24.79,0.15,1.98,0,0,0,0,0.99,3.96,75,2.97,33.33,0,0,0,1.98,5.93,83.33,0,,0,,0,0,0,0,,,0.99,,
A. Nuño,Tlaxcala,Tlaxcala,GK,23,313,0,0,0,0,Mexico,1.15,0,0,0,0,0,0,0,1.15,1.45,0,0,0,0,0,0,0,0,0,0,0,0,0,0,0,0,0,0,0,0,0,0.29,100,0,0,0.58,10.93,0.29,0.29,23.29,82.72,12.94,73.33,0,0,9.2,96.88,8.91,61.29,33.23,52.11,0,0,0,0,0,0,0,1.73,50,0.29,0,0,0,0,0,6.33,68.18,6,1.73,11,3.16,0,45.45,4.63,1.33,-1.37,-0.394,0,1.15,0
A. Serna,Jaiba Brava,Jaiba Brava,"LCMF, RCMF",25,66,0,0.16,0,0,Mexico,5.45,4.09,33.33,0,0,0,0,0,4.09,7.5,1.36,0,0,0,0,1.36,0,0,0,0.22,0,0,2,2.73,0,0,0,1.36,100,0,0,8.18,33.33,6.82,5.45,0,27.27,1.36,2.73,35.45,69.23,10.91,62.5,9.55,57.14,12.27,88.89,2.73,100,17.08,21.02,0,0,0,0,0,0,0,4.09,100,1.36,100,0,0,0,0,9.55,57.14,0,,0,,0,0,0,0,,,1.36,,
M. Ramírez,Tlaxcala,Tlaxcala,"LCMF, AMF, LWB",24,113,0,0,0,0,United States,4.78,3.98,60,1.59,0,0,0,0,2.39,2.57,1.59,0,0,0,0,3.98,0,0,0,0,0,0,0,0,0,0,0,0.8,100,4.78,66.67,11.15,57.14,0,3.19,0,15.13,1.59,2.39,15.93,90,3.98,80,2.39,100,6.37,87.5,2.39,33.33,22.62,31.3,0,0,0,0,0,0,0,0.8,0,1.59,100,0,0,0.8,0.8,3.19,100,0,,0,,0,0,0,0,,,0,,
N. Bedolla,Tlaxcala,Tlaxcala,GK,20,213,0,0,0,0,Mexico,0,0,0,0,0,0,0,0,0,0,0,1,0.42,0,0,0,0,0,0,0,0,0,0,0,0,0,0,0,0,0,0,0.42,100,0,0,0,8.03,0,0.42,21.13,66,15.63,56.76,0,0,4.65,90.91,10.99,46.15,39.32,52.26,0,0,0,0,0,0,0,2.11,20,0.85,0,0,0,0,0,7.61,72.22,2,0.85,8,3.38,0,75,1.73,0.73,-0.27,-0.114,0,1.27,0
I. Ramírez,Jaiba Brava,Jaiba Brava,LCB,22,114,0,0,0,0,Mexico,10.26,4.74,83.33,3.16,25,0,0,0,6.32,10,0,1,0.79,0,0,0.79,0,0,0,0,0,0,0,0,0,0,0,0,0,0.79,100,0.79,100,0,0.79,0,45.79,0,0,60.79,87.01,24.47,74.19,5.53,100,22.89,96.55,6.32,25,10.08,20.24,0,0,0,0,0,0,0,4.74,33.33,1.58,0,0,0,0,0,7.11,77.78,0,,0,,0,0,0,0,,,4.74,,
Jonathan Tovar,Jaiba Brava,Jaiba Brava,"RCMF, RB, DMF",25,550,0,0.13,0,0,Mexico,8.51,8.18,56,1.8,54.55,0,0,0.33,3.93,5.71,0.65,1,0.16,1,0.16,0.49,0,0,0,0.02,0,0,4,0.65,25,0,0,0.65,25,0.82,20,4.91,33.33,0.33,0.98,0.16,38.78,0.98,1.47,51.05,86.54,11.78,75,8.35,96.08,22.09,87.41,5.73,65.71,18.08,38.55,0,0.16,0,0,0,0,0,5.56,70.59,1.47,22.22,0,0,0.16,0.16,5.4,63.64,0,,0,,0,0,0,0,,,0.65,,
R. Camacho,Tlaxcala,Tlaxcala,CF,24,579,1,1.19,0,0.14,Mexico,1.87,2.33,20,6.68,37.21,0,0,0.31,1.4,1.66,0.93,2,0.31,0,0,0.47,0.16,1,0.16,0.19,0,0,4,0.62,50,25,0,0,0,0.47,33.33,5.13,42.42,1.4,0.16,0,11.81,3.26,1.09,17.72,74.56,2.8,55.56,7.15,84.78,3.89,64,0.62,0,12.65,19.32,0.02,0.78,0,0,0,0,0.16,0.93,33.33,0.16,0,0,0,0.47,0,1.55,30,0,,0,,0,0,0,0,,,0,,
S. Martínez,Jaiba Brava,Jaiba Brava,"LCMF, RDMF",23,183,0,0,0,0.46,Mexico,6.39,4.92,40,5.41,72.73,0,0,0.98,4.43,5.63,1.97,0,0,0,0,0.49,0,0,0,0,0,0,0,0,0,0,0,0,0,0.49,100,2.95,83.33,0.49,0,0,29.51,0,2.46,45.25,92.39,11.8,83.33,7.38,100,17.7,100,2.46,60,16.47,29.15,0.23,1.48,0,0,0,0,0.98,3.93,87.5,0.49,100,0,0,0.98,0,5.9,75,0,,0,,0,0,0,0,,,0.98,,
D. Hernández,Tlaxcala,Tlaxcala,"LW, RAMF, AMF",25,356,0,0.35,0,0.2,Mexico,5.31,4.8,57.89,2.28,33.33,0,0,0,2.53,3.16,1.26,0,0,0,0,3.54,0,0,0,0.09,0,0,7,1.77,42.86,0,0,2.02,37.5,3.54,57.14,12.89,43.14,2.53,0.51,0,27.05,2.02,2.28,39.69,82.17,10.11,77.5,8.6,94.12,12.64,88,2.02,62.5,17.05,30.53,0.05,0.51,0.25,0,0,0,0.51,4.3,88.24,2.53,70,0,0,1.01,0.76,5.56,90.91,0,,0,,0,0,0,0,,,1.01,,
L. Bocco,Jaiba Brava,Jaiba Brava,"LB, LCB",25,721,0,0.05,0,0.05,Mexico,9.74,4.62,70.27,2.12,52.94,0,0,0.62,6.49,8.97,0.62,1,0.12,0,0,0.37,0,0,0,0.01,0,0,4,0.5,25,0,0,0.37,33.33,0.25,50,0.75,16.67,0,0.25,0.25,28.34,1.37,0.12,39.45,85.44,15.98,74.22,5.62,97.78,14.85,92.44,4.87,43.59,20.52,42.82,0.01,0.12,0.12,0,0,0,0.12,3.62,58.62,0.62,40,0,0,0.12,0.12,5.49,59.09,0,,0,,0,0,0,0,,,1.62,,
Christian,Tlaxcala,Tlaxcala,"CF, RW, LAMF",27,213,2,0.77,0,0.14,Brazil,1.27,2.54,16.67,5.07,41.67,0,0,0.42,0.85,1.2,2.11,3,1.27,0,0,1.69,0.85,2,0.85,0.32,0,0,3,1.27,66.67,66.667,0,0,0,1.69,50,10.56,44,4.23,0.42,0,8.03,1.27,1.27,13.52,71.88,1.27,33.33,5.49,76.92,3.38,75,0.42,0,14.83,3.84,0.06,0.42,0,0,0.42,0,0.42,0,0,0,0,0.42,0,0.42,0,0,0,0,,0,,0,0,0,0,,,0,,
E. Torres,Jaiba Brava,Jaiba Brava,"AMF, LCMF, CF",28,698,1,0.84,4,1.69,Mexico,4,3.61,53.57,0.64,20,0,0,0,2.06,2.82,0.9,2,0.26,0,0,0.77,0.13,1,0.13,0.11,0,0,11,1.42,18.18,9.091,0.52,0.64,40,0.52,25,4.64,50,0.9,0.64,0.13,41.78,1.16,1.93,50.29,91.54,11.48,80.9,10.44,97.53,17.66,94.16,3.48,85.19,16.98,40.79,0.22,1.55,0,0,0.13,100,0.64,6.83,84.91,1.93,33.33,0.39,66.67,0.77,0.26,6.32,85.71,0,,0,,0,0,0,0,,,0.9,,
E. García,Tlaxcala,Tlaxcala,LCB,28,693,0,0.11,0,0.12,Mexico,9.22,4.94,60.53,3.25,48,0,0,0.26,6.23,6.67,1.04,4,0.52,0,0,0,0,0,0,0.01,0,0,1,0.13,0,0,0,0,0,0,0,0.52,25,0.26,0.13,0,18.7,0.39,0,29.87,81.3,12.34,64.21,3.64,100,10.65,92.68,5.84,46.67,24.98,42.98,0.02,0.13,0.13,0,0,0,0.13,3.51,62.96,0.13,100,0,0,0.13,0,5.71,61.36,0,,0,,0,0,0,0,,,2.6,,
I. Govea,Tlaxcala,Tlaxcala,"RB, RWB",29,802,3,0.65,1,0.12,Mexico,6.96,5.05,60,2.36,52.38,0.45,0.52,0.34,3.48,4.01,1.35,3,0.34,0,0,1.01,0.34,3,0.34,0.07,0,0,14,1.57,35.71,21.429,0.11,2.02,22.22,0.22,0,1.91,29.41,0.9,0.22,0.22,24.46,3.03,0.9,32.21,78.05,13.8,74.8,5.95,94.34,6.73,65,4.49,55,18.52,40.59,0.01,0.22,0,0,0.11,0,0.22,4.6,75.61,2.02,27.78,0.22,50,0.45,0.45,6.62,67.8,0,,0,,0,0,0,0,,,0.67,,
L. Lazarte,Venados,Venados,CF,21,83,1,0.68,0,0,Argentina,1.08,2.17,0,3.25,0,0,0,0,1.08,1.58,1.08,1,1.08,0,0,1.08,1.08,1,1.08,0.74,0,0,5,5.42,20,20,0,0,0,0,0,5.42,0,4.34,1.08,0,17.35,4.34,0,14.1,53.85,1.08,100,6.51,50,2.17,100,0,0,8.53,0,0,0,0,0,0,0,0,0,0,0,0,0,0,0,0,0,0,0,,0,,0,0,0,0,,,0,,
M. Torres,Venados,Venados,"LB, LWB, AMF",19,358,0,0.03,0,0.37,Mexico,4.53,4.53,38.89,1.76,71.43,0,0,0.25,2.77,4.46,1.01,1,0.25,0,0,1.51,0,0,0,0.01,0,0,2,0.5,50,0,0,1.26,40,1.01,75,5.03,60,1.01,2.26,0,29.16,3.02,1.26,37.96,88.74,7.29,75.86,7.54,93.33,12.32,87.76,1.01,25,14.66,20.52,0.09,0.5,0,0,0,0,0.25,3.02,66.67,1.01,50,0,0,0.25,0.75,4.27,64.71,0,,0,,0,0,0,0,,,0,,
S. Saucedo,Venados,Venados,RCB,20,163,0,0,0,0,Mexico,9.39,3.87,57.14,2.76,20,0.55,1.15,0.55,6.63,13.85,2.76,0,0,0,0,0,0,0,0,0,0,0,1,0.55,0,0,0,0,0,0,0,1.1,100,0,0.55,0,36.99,0.55,1.1,46.93,91.76,17.12,83.87,2.21,100,22.64,95.12,4.97,55.56,12.48,27.91,0,0,0,0.55,0,0,0,7.73,71.43,0,0,0,0,0.55,0,6.07,90.91,0,,0,,0,0,0,0,,,1.1,,
E. Villegas,Cruz Azul U21,Cruz Azul Hidalgo,"RCB, CB",19,249,0,0,0,0,Mexico,4.34,3.61,30,1.81,60,0,0,0,3.25,5.19,1.45,1,0.36,1,0.36,0,0,0,0,0,0,0,0,0,0,0,0,0,0,0,0,1.08,66.67,0.36,0.36,0,28.19,0.72,0.72,40.12,86.49,16.27,75.56,1.08,100,19.88,96.36,3.25,44.44,23.17,31.95,0,0,0,0,0,0,0,3.61,50,1.08,33.33,0,0,0.36,0,6.51,72.22,0,,0,,0,0,0,0,,,0.72,,
P. Oladipupo Kilani,Venados,Venados,"AMF, CF",21,449,1,1.58,1,1.01,Nigeria,2,3.01,40,3.21,56.25,0,0,0,0.8,1.08,1.4,1,0.2,0,0,3.21,0.2,1,0.2,0.32,1,0.2,13,2.61,46.15,7.692,0.2,1.4,28.57,2.2,63.64,5.21,50,3.41,1.8,0,16.24,4.21,0.6,21.45,76.64,4.41,81.82,5.61,82.14,8.82,72.73,2.2,63.64,17.48,23.35,0.2,1.6,0.6,0,0.2,100,1.6,2.41,75,2.2,54.55,0.2,100,1.4,0.6,3.01,93.33,0,,0,,0,0,0,0,,,0.2,,
K. Palacios,Cruz Azul U21,Cruz Azul Hidalgo,"LB, RAMF",19,181,0,0.05,1,0.55,Mexico,6.96,8.45,47.06,1.99,25,0,0,0,2.98,5.63,1.99,1,0.5,0,0,3.48,0,0,0,0.02,0,0,1,0.5,100,0,0.5,1.49,100,1.99,75,7.46,33.33,0.99,1.99,0,30.33,1.99,0.5,42.76,72.09,13.43,51.85,5.97,83.33,14.92,83.33,5.97,33.33,17.54,31.1,0.27,1.49,0,0,0,0,0.5,8.95,44.44,1.99,50,0,0,0,0.99,5.47,81.82,0,,0,,0,0,0,0,,,0,,
B. Gamboa,Cruz Azul,Cruz Azul Hidalgo,CF,24,434,0,1.84,0,0.15,Mexico,2.28,1.87,44.44,3.53,35.29,0.21,0.32,0.41,1.24,1.94,1.45,0,0,0,0,1.66,0,0,0,0.38,0,0,10,2.07,60,0,0,0.21,0,1.24,33.33,8.09,25.64,3.11,0.62,0.21,15.35,1.66,0.83,18.87,86.81,3.53,64.71,6.43,90.32,5.18,96,1.04,80,15.06,38.56,0.03,1.04,0,0,0,0,0.41,1.66,75,0.62,66.67,0,0,0.62,0,0.62,100,0,,0,,0,0,0,0,,,0.21,,
E. Torres,Venados,Venados,"RDMF, RCMF, LDMF",22,440,0,0.1,1,0.56,Mexico,5.73,6.75,51.52,1.64,75,0,0,0.61,2.25,2.6,1.84,2,0.41,0,0,0.82,0,0,0,0.02,0,0,4,0.82,0,0,0.2,0.61,66.67,0.61,66.67,3.07,73.33,1.02,0.82,0,22.3,0.2,1.23,30.89,79.47,10.43,60.78,4.3,100,10.02,87.76,1.64,50,16.8,23.87,0.12,0.82,0,0.2,0,0,0.82,2.66,76.92,2.45,50,0,0,0.61,0.41,4.5,68.18,0,,0,,0,0,0,0,,,0.61,,
 Jesús Lara,Cruz Azul Hidalgo,Cruz Azul Hidalgo,"RB, RWB, RAMF",22,424,0,0.58,1,0.31,Mexico,8.07,7.64,50,1.91,44.44,0.21,0.38,0.64,4.03,7.13,1.91,1,0.21,0,0,2.33,0,0,0,0.12,0,0,5,1.06,20,0,0.21,2.55,33.33,3.18,40,8.92,42.86,1.06,1.27,0.21,21.44,2.12,1.7,29.5,74.1,11.25,60.38,5.52,96.15,8.7,73.17,3.61,41.18,20.19,33.7,0.07,0.42,0.21,0,0,0,0.21,3.61,58.82,2.97,57.14,0,0,0.85,1.06,7.22,67.65,0,,0,,0,0,0,0,,,1.27,,
Juan Cruz,Venados,Venados,LB,29,10,0,0,0,0,Mexico,,,,,,,0,,,0,,0,,0,,,,0,,,0,,0,,,0,,,,,,,,,,,,,,,,,,,,,,,,14.24,35.73,,,,,,,,,,,,,,,,,,0,,0,,0,0,0,,,,,,
N. Calixto,Cruz Azul Hidalgo,Cruz Azul Hidalgo,GK,20,102,0,0,0,0,United States,0,0.88,0,0,0,0,0,0,0,0,0.88,0,0,0,0,0,0,0,0,0,0,0,0,0,0,0,0,0,0,0,0,0,0,0,0,0,9.71,0,0,18.53,76.19,11.47,61.54,0,0,6.18,100,8.82,50,32.39,44.25,0,0,0,0,0,0,0,2.65,33.33,0,0,0,0,0,0,5.29,66.67,3,2.65,7,6.18,0,57.14,2.16,1.9,-0.84,-0.741,0,1.76,0
A. Cubillas,Cruz Azul Hidalgo,Cruz Azul Hidalgo,"LCB, RDMF",23,113,0,0.01,0,0,Mexico,11.15,10.35,61.54,2.39,66.67,0.8,1.3,0.8,3.98,6.52,2.39,0,0,0,0,0,0,0,0,0,0,0,1,0.8,0,0,0,0,0,0.8,0,3.19,25,0,0,0,29.47,0,1.59,41.42,94.23,18.32,91.3,7.17,100,12.74,100,3.98,80,19.98,23.48,0,0,0,0,0,0,0,9.56,91.67,1.59,50,0,0,0,0,8.76,90.91,0,,0,,0,0,0,0,,,6.37,,
Emmanuel Sanchez,Cruz Azul Hidalgo,Cruz Azul Hidalgo,"RCMF, LDMF, RDMF",20,545,2,1.29,1,0.36,Mexico,4.13,4.62,46.43,1.98,41.67,0,0,0.33,1.98,3.24,2.31,2,0.33,0,0,2.31,0.33,2,0.33,0.21,0,0,10,1.65,50,20,0.17,1.82,54.55,0.83,60,4.46,44.44,1.32,1.16,0,19.16,0.66,0.17,27.58,79.64,6.28,60.53,5.28,90.63,9.25,83.93,2.64,37.5,17.74,37.87,0.06,0.66,0,0,0.17,0,0.83,4.46,66.67,2.48,46.67,0.17,0,0.66,0.83,3.96,75,0,,0,,0,0,0,0,,,0.66,,
Á. Saavedra,Cruz Azul Hidalgo,Cruz Azul Hidalgo,"LAMF, RAMF, LW",23,502,0,1.08,0,0.77,Mexico,2.69,4.3,37.5,0.54,33.33,0,0,0,1.08,1.84,1.08,1,0.18,0,0,5.2,0,0,0,0.19,0,0,8,1.43,37.5,0,0,3.94,31.82,3.76,85.71,10.22,64.91,3.41,2.33,0.18,21.51,2.33,2.51,26.71,79.87,4.12,69.57,8.25,100,7.53,64.29,0.18,100,14.02,5.71,0.14,1.08,0,0,0.18,100,0.54,1.79,60,3.41,36.84,0.18,100,0.72,1.61,2.51,78.57,0,,0,,0,0,0,0,,,0.18,,
L. Arroyo,Venados,Venados,"RAMF, LW, LWF",22,52,0,0.05,0,0.15,Colombia,5.19,6.92,75,3.46,50,0,0,0,0,0,1.73,0,0,1,1.73,5.19,0,0,0,0.08,0,0,1,1.73,0,0,0,5.19,33.33,6.92,50,13.85,25,3.46,3.46,1.73,20.77,1.73,0,27.69,81.25,5.19,66.67,5.19,100,6.92,75,5.19,66.67,19.98,23.36,0.25,1.73,0,0,0,0,1.73,1.73,100,1.73,0,0,0,1.73,1.73,5.19,66.67,0,,0,,0,0,0,0,,,1.73,,
J. Moreno,Venados,Venados,"LCB, RCB",22,435,0,0,0,0.01,Mexico,7.03,4.34,47.62,0.83,75,0.21,0.24,0.62,4.76,5.43,0.21,0,0,0,0,0.21,0,0,0,0,0,0,1,0.21,0,0,0,0,0,0.41,50,1.66,50,0.21,0.62,0,26.48,0,0.41,41.17,83.92,16.97,73.17,2.9,71.43,17.38,95.24,6.41,51.61,23,40.68,0,0.21,0.21,0.21,0,0,0,5.59,51.85,1.03,60,0,0,0.62,0,7.66,78.38,0,,0,,0,0,0,0,,,1.45,,
B. Salgado,Cruz Azul Hidalgo,Cruz Azul Hidalgo,GK,21,199,0,0,0,0,Mexico,0.45,0,0,0,0,0,0,0,0.45,0.73,0,0,0,0,0,0,0,0,0,0,0,0,0,0,0,0,0,0,0,0,0,0.45,100,0,0,0,15.38,0.9,0.45,29.85,84.85,14.02,70.97,0,0,12.66,100,7.69,58.82,27.69,45.35,0,0,0,0,0,0,0,1.81,50,0,0,0,0,0,0,6.78,53.33,1,0.45,7,3.17,1,85.71,1.99,0.9,0.99,0.448,0,1.81,0
J. Suárez,Cruz Azul Hidalgo,Cruz Azul Hidalgo,"RCB, RWB, LCB",20,610,1,0.71,0,0.05,Venezuela,7.52,5.16,48.57,3.98,48.15,0.3,0.49,0.89,4.72,7.87,2.21,2,0.3,0,0,1.33,0.15,1,0.15,0.1,1,0.15,11,1.62,45.45,9.091,0,0.3,50,0.44,100,1.62,54.55,1.33,0.74,0.15,32.9,1.18,0,46.48,87.3,16.38,71.17,3.54,95.83,23.02,97.44,5.46,48.65,22.39,46.1,0.01,0.3,0,0,0,0,0.15,4.87,72.73,0.3,50,0,0,0,0.15,7.08,60.42,0,,0,,0,0,0,0,,,2.07,,
I. Silva,Cruz Azul Hidalgo,Cruz Azul Hidalgo,"RB, RCB",20,356,0,0.08,0,0.79,Mexico,11.12,9.86,35.9,3.79,53.33,0.76,1.22,0.76,6.83,10.95,3.03,3,0.76,1,0.25,1.26,0,0,0,0.02,0,0,1,0.25,0,0,0,2.02,50,0.76,33.33,4.3,29.41,1.52,1.77,0,27.05,1.52,0.76,37.42,73.65,14.66,56.9,5.81,95.65,10.87,79.07,8.34,33.33,21.96,39.35,0.2,1.52,0,0,0,0,0.76,7.84,54.84,3.54,28.57,0.51,50,0,1.26,9.35,62.16,0,,0,,0,0,0,0,,,0.76,,
B. Ochoa,Venados,Venados,"RCB, LDMF",23,647,0,0.3,0,0.4,Mexico,5.56,3.89,64.29,4.17,66.67,0,0,0.42,3.06,3.95,1.11,1,0.14,0,0,0.97,0,0,0,0.04,0,0,4,0.56,0,0,0,0,0,0.97,85.71,3.76,70.37,1.25,0.97,0.28,31.02,0.83,0.83,44.65,87.23,16.41,73.73,2.92,100,20.17,94.48,5.84,47.62,22.56,45.84,0.06,0.42,0,0.14,0.14,100,0.28,6.4,63.04,0.42,0,0.28,100,0.28,0,6.4,78.26,0,,0,,0,0,0,0,,,0.83,,
K. González,Cruz Azul Hidalgo,Cruz Azul Hidalgo,"LDMF, DMF, LCMF",22,582,0,0,0,0.08,Mexico,5.57,4.33,42.86,2.32,60,0.31,0.47,0.46,3.4,5.2,1.55,4,0.62,0,0,0.46,0,0,0,0,0,0,1,0.15,100,0,0,0.15,100,0.15,100,2.94,42.11,0.31,0.31,0,29.07,0.77,0.46,43.14,87.46,15.62,79.21,5.26,88.24,16.24,94.29,4.33,71.43,19.88,32.56,0.01,0.31,0,0.15,0,0,0.15,6.65,81.4,1.55,70,0,0,0.46,0.15,8.51,85.45,0,,0,,0,0,0,0,,,1.55,,
L. Macias,Venados,Venados,"RDMF, LDMF",22,171,1,1.18,1,0.37,Mexico,4.21,3.68,28.57,1.05,0,0,0,0,3.16,4.29,1.05,1,0.53,0,0,1.05,0.53,1,0.53,0.62,0,0,3,1.58,66.67,33.333,0.53,0,0,1.05,0,2.11,25,2.11,0,0,28.42,0.53,0.53,36.84,80,13.16,60,4.74,88.89,10.53,100,4.21,50,16.01,19.2,0.2,1.58,0,0,0,0,1.05,5.26,30,1.05,100,0,0,1.05,0,6.32,66.67,0,,0,,0,0,0,0,,,1.05,,
Sergio de los Ríos,Cruz Azul Hidalgo,Cruz Azul Hidalgo,"LB, LWB, AMF",23,620,1,0.74,0,1.01,Mexico,9.15,5.66,71.79,2.03,42.86,0,0,0.58,5.08,8.54,0.73,0,0,0,0,2.9,0.15,1,0.15,0.11,0,0,10,1.45,30,10,0,1.89,15.38,2.32,93.75,8.13,48.21,1.6,3.19,0.15,27.87,0.58,0.73,39.34,81.55,16.98,76.07,4.65,100,10.89,81.33,3.48,58.33,17.63,43.37,0.15,1.31,0.15,0.15,0,0,0.44,6.53,68.89,2.61,27.78,0,0,0.44,0.29,7.11,85.71,0,,0,,0,0,0,0,,,0.44,,
D. Ramírez,Cruz Azul Hidalgo,Cruz Azul Hidalgo,"RCB, LDMF, RB",22,85,0,0.29,0,0,Mexico,6.35,6.35,50,2.12,50,0,0,0,3.18,5.63,4.24,1,1.06,0,0,1.06,0,0,0,0.31,0,0,1,1.06,0,0,0,1.06,100,2.12,0,4.24,25,3.18,0,0,26.47,2.12,1.06,27.53,92.31,10.59,90,2.12,100,10.59,90,0,0,14.88,0,0,0,1.06,0,0,0,0,5.29,80,0,0,0,0,0,1.06,3.18,66.67,0,,0,,0,0,0,0,,,0,,
V. Taboada,Cruz Azul Hidalgo,Cruz Azul Hidalgo,"CF, LWF, RWF",23,247,0,0.91,1,0,Mexico,2.55,5.47,33.33,2.19,50,0,0,0,0.73,1.46,2.19,1,0.36,0,0,1.09,0,0,0,0.33,0,0,4,1.46,0,0,0.36,1.09,0,0.73,50,6.92,21.05,2.91,0.36,0,17.85,2.19,1.09,21.86,81.67,4.37,75,6.56,83.33,5.83,81.25,1.09,66.67,14.69,17.62,0,0,0,0,0.73,100,0.73,2.91,62.5,1.09,33.33,0.73,100,0.73,0,2.19,100,0,,0,,0,0,0,0,,,0,,
L. Estrada Derbez,Cruz Azul Hidalgo,Cruz Azul Hidalgo,"RDMF, AMF, CF",23,565,2,2.24,1,1.55,Mexico,4.3,3.82,54.17,2.71,47.06,0.16,0.28,0.32,2.07,3.58,1.59,1,0.16,0,0,1.43,0.32,2,0.32,0.36,0,0,21,3.35,19.05,9.524,0.16,1.43,55.56,0.16,0,3.03,31.58,2.87,0.64,0.32,27.88,0.32,0.8,34.73,76.15,12.11,64.47,6.53,87.8,11.31,78.87,3.35,47.62,19.13,39.31,0.25,1.75,0,0,0,0,1.12,7.96,66,2.55,56.25,0.16,0,1.43,0.64,7.17,73.33,0,,0,,0,0,0,0,,,0.48,,
S. Montiel,Venados,Venados,"LCB, LB",23,637,0,0.11,0,0.15,Mexico,8.76,5.37,71.05,2.68,63.16,0,0,0.28,4.95,6.36,1.13,2,0.28,0,0,0.42,0,0,0,0.02,0,0,1,0.14,0,0,0,0.28,50,0.42,66.67,1.98,50,0.42,0.57,0,31.65,0.57,0.57,44.22,86.26,20.2,78.32,4.24,93.33,15.26,92.59,4.24,70,19,34.83,0.02,0.14,0,0,0,0,0.28,5.93,73.81,0.42,33.33,0.14,0,0,0.14,7.21,56.86,0,,0,,0,0,0,0,,,2.26,,
L. Sámano,Cruz Azul Hidalgo,Cruz Azul Hidalgo,"LAMF, CF, RW",25,275,0,0.22,0,0.79,Mexico,3.6,4.25,61.54,2.62,37.5,0,0,0,0.98,1.58,0.65,0,0,0,0,2.95,0,0,0,0.07,0,0,3,0.98,0,0,0,1.96,83.33,2.29,42.86,7.85,37.5,2.62,1.96,0,26.18,2.62,1.64,33.05,88.12,6.55,75,5.56,100,12.11,91.89,0.98,100,16.78,29.7,0.26,1.64,0,0,0.33,100,1.31,2.62,87.5,1.64,80,0.33,100,0.65,1.31,4.91,86.67,0,,0,,0,0,0,0,,,0,,
M. Montelongo,Venados,Venados,LB,28,295,0,0.21,0,0.53,Mexico,6.41,7.63,48,2.14,85.71,0.31,0.35,0,2.44,2.82,1.22,2,0.61,0,0,1.53,0,0,0,0.06,0,0,5,1.53,20,0,0,2.14,42.86,0.31,100,1.53,40,0.61,0.61,0.31,26.54,1.83,0.31,32.95,83.33,14.34,80.85,4.88,93.75,10.07,81.82,3.66,58.33,20.42,27.9,0.16,1.53,0.31,0,0,0,0.61,3.66,66.67,2.44,50,0,0,0.31,0.92,5.49,83.33,0,,0,,0,0,0,0,,,0.61,,
D. Lomelí Jiménez,Cancún,Cancún,RB,,57,0,0,0,0,Mexico,1.58,4.74,33.33,1.58,0,0,0,0,0,0,0,0,0,0,0,1.58,0,0,0,0,0,0,0,0,0,0,0,1.58,100,0,0,1.58,0,0,1.58,0,17.37,1.58,0,23.68,86.67,9.47,83.33,3.16,100,3.16,100,0,0,6.27,0,0,0,0,0,0,0,0,0,0,3.16,100,0,0,1.58,1.58,3.16,100,0,,0,,0,0,0,0,,,1.58,,
M. Rodrigo Flores Quintero,Dorados,Dorados,"RWB, RCB, RAMF",20,48,0,0.07,0,0,Mexico,3.75,5.63,33.33,0,0,0,0,0,1.88,4.29,1.88,0,0,0,0,11.25,0,0,0,0.14,0,0,1,1.88,0,0,0,13.13,28.57,7.5,100,7.5,100,7.5,7.5,1.88,50.63,3.75,0,63.75,79.41,18.75,90,5.63,100,30,68.75,3.75,50,19.88,26.95,0,0,0,0,0,0,0,9.38,100,11.25,33.33,0,0,1.88,3.75,15,100,0,,0,,0,0,0,0,,,0,,
J. Hernández,Cancún,Cancún,"RB, RCB, RWB",23,710,0,0.2,0,0.21,Mexico,7.35,4.69,51.35,1.9,53.33,0.13,0.13,0.38,4.82,5.07,0.89,1,0.13,0,0,0.63,0,0,0,0.03,0,0,2,0.25,0,0,0,0.89,42.86,0.51,50,2.15,47.06,0.25,0.25,0,25.23,0.89,0.25,33.59,76.6,16.1,63.78,2.54,85,11.28,86.52,6.72,39.62,21.58,43.27,0.03,0.25,0,0,0.13,0,0.38,5.96,55.32,2.03,25,0.13,0,0.13,0.63,7.1,57.14,0,,0,,0,0,0,0,,,0.38,,
Brandon Ordorica,Dorados,Dorados,"LCMF, RCMF",20,119,1,0.37,0,0,Mexico,7.56,6.81,66.67,5.29,85.71,0.76,1,0,2.27,3,2.27,0,0,0,0,1.51,0.76,1,0.76,0.28,0,0,2,1.51,50,50,0,1.51,50,0,0,2.27,33.33,0.76,0,0,24.2,3.78,1.51,25.71,70.59,9.83,53.85,5.29,100,6.81,66.67,3.78,40,20.17,35.02,0,0,0,0,0,0,0,6.05,50,1.51,0,0,0,0,0,2.27,66.67,0,,0,,0,0,0,0,,,0.76,,
F. Melendre,Cancún,Cancún,"RW, RWB",23,686,0,0.31,1,1.05,Colombia,7.74,5.25,57.5,3.8,51.72,0.39,0.43,0.13,4.33,4.71,1.31,2,0.26,0,0,3.02,0,0,0,0.04,0,0,9,1.18,33.33,0,0.13,4.2,40.63,1.97,46.67,8,50.82,1.97,2.49,0.26,17.19,1.44,2.23,20.47,69.87,5.51,69.05,3.8,93.1,7.22,58.18,1.31,60,21.89,40.13,0.14,0.66,0,0,0,0,0.79,1.97,60,3.8,44.83,0,0,0.66,1.97,5.25,70,0,,0,,0,0,0,0,,,0,,
Óscar Coronel,Dorados,Dorados,CF,22,186,4,1.34,0,0.08,Paraguay,3.39,3.87,50,6.77,71.43,0,0,0,1.45,1.88,1.45,0,0,0,0,2.9,1.94,4,1.94,0.65,2,0.97,9,4.35,66.67,44.444,0,0,0,0,0,2.9,33.33,4.35,0,0,15.48,1.94,0.97,18.87,66.67,2.42,40,4.35,88.89,5.32,72.73,0.48,100,13.85,8.34,0.04,0.48,0,0,0,0,0.48,0.97,50,0.97,50,0,0,0.97,0,1.45,33.33,0,,0,,0,0,0,0,,,0,,
Sebastián Cervantes,Dorados,Dorados,"LB, LW, LCB",19,775,1,0.32,0,0.03,Mexico,7.78,8.71,52,3.95,64.71,0.12,0.15,0,3.14,3.97,0.93,1,0.12,0,0,1.16,0.12,1,0.12,0.04,0,0,8,0.93,50,12.5,0,0.93,50,0.35,66.67,2.32,50,0.58,0.81,0.23,31.82,1.97,0.7,43.2,79.03,17.54,66.23,6.27,94.44,13.47,87.07,7.55,44.62,21.19,39.24,0,0.12,0.12,0,0,0,0,7.55,69.23,1.63,35.71,0,0,0.23,0.46,9.99,73.26,0,,0,,0,0,0,0,,,0.7,,
Germán Padilla,Dorados,Dorados,"DMF, RCMF",19,422,0,0.32,0,0,Mexico,6.18,5.97,53.57,1.28,50,0.43,0.53,0,2.56,3.19,1.71,0,0,0,0,0,0,0,0,0.07,0,0,3,0.64,0,0,0,0,0,0,0,1.71,12.5,0.43,0.21,0,26.23,0.21,0,41.16,87.56,8.1,71.05,5.76,92.59,20.26,91.58,4.48,57.14,18.8,33.79,0,0,0,0,0,0,0,5.76,70.37,0.21,0,0,0,0,0,2.99,64.29,0,,0,,0,0,0,0,,,1.07,,
C. Castro,Dorados,Dorados,LCB,21,495,0,0.12,0,0,Mexico,10.91,6.36,65.71,2.36,30.77,0,0,0.36,6.73,8.04,0.73,1,0.18,0,0,0.36,0,0,0,0.02,0,0,2,0.36,0,0,0,0,0,0.36,100,1.27,71.43,0.36,0.36,0,25.27,0.55,0.36,40.18,81.45,17.64,73.2,3.27,94.44,15.45,88.24,6.18,38.24,22.2,43.67,0,0,0,0,0,0,0,4.18,30.43,0.73,50,0.18,100,0.36,0,6.55,61.11,0,,0,,0,0,0,0,,,1.82,,
R. Reyes,Cancún,Cancún,LCB,25,10,0,0,0,0.39,Mexico,,,,,,,0,,,75,,0,,0,,,,0,,,0,,0,,,0,,,,,,,,,,,,,,,,,,,,,,,,13.61,0,,,,,,,,,,,,,,,,,,0,,0,,0,0,0,,,,,,
David Osuna,Dorados,Dorados,"RB, RWB",23,769,0,0.12,1,0.83,Mexico,7.61,6.09,55.77,1.99,35.29,0.12,0.14,0.23,4.1,5.05,0.59,0,0,0,0,2.69,0,0,0,0.01,0,0,5,0.59,40,0,0.12,2.93,40,2.22,57.89,4.1,48.57,0.82,1.99,0.23,28.09,1.76,0.35,37.33,73.98,16.15,60.14,5.97,88.24,8.66,78.38,4.56,46.15,18.42,41.31,0.1,0.59,0.12,0,0,0,0.47,5.62,64.58,2.46,42.86,0,0,0.35,0.94,8.43,61.11,0,,0,,0,0,0,0,,,0.12,,
R. Franco,Dorados,Dorados,RCB,22,547,0,0.27,0,0.04,Mexico,9.05,5.76,60,3.78,60.87,0.16,0.22,0.66,5.43,7.17,1.48,3,0.49,1,0.16,0.16,0,0,0,0.04,0,0,3,0.49,33.33,0,0,0.16,0,0,0,0.99,66.67,0.82,0.16,0,26.98,0.82,0.82,39.98,90.12,14.81,84.44,2.96,94.44,19.09,97.41,4.44,59.26,25.12,38.85,0.01,0.33,0,0.16,0,0,0,5.1,77.42,0.66,25,0,0,0.16,0.16,8.06,77.55,0,,0,,0,0,0,0,,,1.97,,
Leonardo Vargas,Dorados,Dorados,CF,25,573,3,3.26,0,0.1,Mexico,2.36,1.88,41.67,4.4,21.43,0,0,0,1.57,2.1,0.31,2,0.31,0,0,2.2,0.47,3,0.47,0.51,1,0.16,14,2.2,50,21.429,0,1.1,42.86,1.26,50,5.34,52.94,2.51,1.1,0.31,12.57,1.57,1.88,15.08,80.21,3.3,57.14,5.03,96.88,3.77,79.17,1.1,71.43,14.54,22,0.02,0.31,0,0,0,0,0.47,1.26,75,1.57,50,0,0,0.16,0.63,1.73,72.73,0,,0,,0,0,0,0,,,0,,
G. Preciado,Cancún,Cancún,"LW, AMF, LWB",21,409,0,0.46,0,0.79,Ecuador,3.52,3.96,66.67,2.86,61.54,0,0,0.22,0.88,1.11,0.88,0,0,0,0,4.4,0,0,0,0.1,0,0,10,2.2,70,0,0,3.52,37.5,2.64,58.33,7.48,58.82,3.3,2.42,0.66,19.36,4.18,2.64,21.78,73.74,5.94,74.07,3.3,86.67,7.92,66.67,0.66,33.33,15.8,11.83,0.17,1.1,0.22,0,0,0,0.88,2.42,63.64,3.08,50,0,0,0.44,1.32,2.64,66.67,0,,0,,0,0,0,0,,,0,,
C. Vela,Cancún,Cancún,AMF,22,62,1,0.24,0,0,Mexico,2.9,0,0,0,0,0,0,1.45,2.9,6.67,0,0,0,0,0,1.45,1.45,1,1.45,0.35,0,0,1,1.45,100,100,0,1.45,0,0,0,5.81,75,4.35,0,0,15.97,1.45,2.9,17.42,83.33,1.45,100,4.35,66.67,4.35,100,1.45,100,13,14.33,0,1.45,0,0,0,0,0,0,0,0,0,0,0,0,0,0,0,0,,0,,0,0,0,0,,,0,,
José Castro,Dorados,Dorados,GK,22,813,0,0,0,0,Mexico,0.22,0.22,0,0,0,0,0,0,0.22,0.28,0,1,0.11,0,0,0,0,0,0,0,0,0,0,0,0,0,0,0,0,0,0,0.11,100,0,0,0,13.17,0.44,0.11,23.47,82.55,13.73,71.77,0.11,100,8.86,97.5,7.53,51.47,28.88,39.02,0,0,0.11,0.11,0,0,0,1.33,50,0.11,0,0,0,0,0,5.76,59.62,12,1.33,44,4.87,1,72.73,10.52,1.16,-1.48,-0.164,0,1.55,0
E. Arce,Cancún,Cancún,GK,23,836,0,0,0,0,Mexico,0.43,0.11,0,0.11,100,0,0,0,0.43,0.48,0,1,0.11,0,0,0.11,0,0,0,0,0,0,0,0,0,0,0,0,0,0.11,100,0.32,100,0,0,0,6.89,0.43,0.11,15.61,82.76,7.97,72.97,0,0,7,95.38,6.35,61.02,32.91,44.88,0,0,0,0,0,0,0,0.86,25,0.32,0,0,0,0,0,4.84,73.33,11,1.18,38,4.09,3,71.05,9.63,1.04,-1.37,-0.147,0,0.65,0.11
Carlos Galicia,Dorados,Dorados,"LCMF, DMF, RCMF",22,225,0,0.13,2,0.05,Mexico,6.4,4.4,45.45,0.8,0,0,0,0,4.4,5.59,1.2,3,1.2,0,0,0.8,0,0,0,0.05,0,0,3,1.2,0,0,0.8,0.4,0,0.8,50,2.4,50,0.4,1.2,0,31.6,0,0,44.4,84.68,18,68.89,8.4,90.48,16,97.5,4,60,17.95,24.01,0.02,0.4,0.8,0.4,0.4,100,0.8,7.6,78.95,2,80,0.8,100,1.6,0,8,85,0,,0,,0,0,0,0,,,0.4,,
A. Arredondo,Cancún,Cancún,"LCMF, DMF, RB",23,243,0,0.58,0,0.1,Mexico,7.04,9.26,56,4.07,63.64,0.37,0.61,0,1.48,2.45,2.22,0,0,0,0,0.37,0,0,0,0.21,0,0,3,1.11,0,0,0,0.37,0,0.74,50,2.22,66.67,0.37,0.37,0.37,24.07,1.11,1.11,36.3,86.73,11.11,63.33,3.7,100,17.04,97.83,6.67,61.11,21.17,28.76,0.04,0.74,0,0.37,0,0,0.37,7.41,75,1.48,50,0,0,0.74,0,6.67,77.78,0,,0,,0,0,0,0,,,0.37,,
K. Campos,Cancún,Cancún,"LW, AMF, LCMF",23,573,1,0.69,1,2.31,Mexico,3.93,3.3,57.14,0.79,40,0.16,0.17,0,1.88,2.08,0.47,1,0.16,0,0,2.67,0.16,1,0.16,0.11,0,0,13,2.04,46.15,7.692,0.16,2.04,38.46,0.79,60,4.4,46.43,1.57,1.26,0,29.84,1.73,1.41,38.48,81.63,9.9,60.32,8.64,100,15.39,87.76,3.3,61.9,17.29,29.37,0.36,2.36,0,0.16,0.47,100,0.94,5.18,66.67,3.3,52.38,0.47,100,1.26,0.94,5.65,80.56,0,,0,,0,0,0,0,,,0,,
Jaime Álvarez,Dorados,Dorados,"RW, LW, CF",23,124,0,0.33,0,0.48,Mexico,0.73,2.18,0,0.73,0,0,0,0,0.73,0.86,0.73,0,0,0,0,3.63,0,0,0,0.24,0,0,3,2.18,33.33,0,0,7.26,30,0.73,100,3.63,40,1.45,1.45,0,22.5,3.63,0.73,24.68,70.59,3.63,80,6.53,88.89,7.98,54.55,2.18,0,23.01,33.86,0.35,2.9,0,0,0,0,0.73,1.45,100,5.08,57.14,0,0,0.73,2.18,4.35,66.67,0,,0,,0,0,0,0,,,0,,
Arath Egaña,Dorados,Dorados,RW,23,375,1,0.77,0,0,Mexico,6.48,3.36,64.29,0.96,25,0.24,0.29,0,4.08,4.9,0.96,1,0.24,0,0,2.16,0.24,1,0.24,0.18,0,0,8,1.92,50,12.5,0,1.44,0,0.96,100,4.32,44.44,1.92,1.44,0.48,20.64,1.68,0.24,27.84,75,10.08,73.81,6.24,92.31,6.72,67.86,2.88,33.33,18.39,32.02,0,0,0,0,0.24,100,0.24,3.36,57.14,0.96,25,0.48,50,0.96,0.24,4.32,72.22,0,,0,,0,0,0,0,,,0.24,,
Luis Ruiz,Cancún,Cancún,"LCB, CB",24,418,0,0.73,0,0.03,Mexico,9.26,4.95,52.17,4.52,71.43,0,0,0.65,6.67,7.21,1.94,3,0.65,0,0,0.43,0,0,0,0.16,0,0,4,0.86,25,0,0,0,0,0.22,100,1.51,71.43,1.29,0.43,0,12.27,0.22,1.51,20.24,85.11,6.89,71.88,1.72,100,9.47,93.18,2.37,45.45,23.63,30.69,0.01,0.22,0.22,0,0,0,0.22,1.94,66.67,0.43,50,0,0,0.43,0,3.66,58.82,0,,0,,0,0,0,0,,,1.29,,
C. Trejo,Cancún,Cancún,"CF, AMF",26,817,6,4.48,1,0.76,Mexico,3.64,4.19,39.47,2.42,40.91,0,0,0.22,1.98,2.25,1.1,1,0.11,0,0,2.86,0.66,4,0.44,0.49,0,0,30,3.3,46.67,20,0.11,0.99,33.33,1.87,41.18,6.61,28.33,3.97,1.21,0.22,18.29,1.65,0.66,22.58,72.2,7.16,63.08,5.62,90.2,6.06,74.55,0.88,62.5,15.19,21.08,0.08,1.1,0.22,0,0.22,100,0.77,2.42,50,1.87,47.06,0.22,100,0.88,0.44,3.19,55.17,0,,0,,0,0,0,0,,,0,,
F. Peña,Dorados,Dorados,"LW, RW, LWF",25,555,0,0.96,5,2.1,Mexico,3.57,5.35,51.52,1.3,25,0,0,0,0.81,1.05,0.65,2,0.32,0,0,5.35,0,0,0,0.16,0,0,15,2.43,46.67,0,0.81,6,45.95,2.92,44.44,7.14,36.36,1.95,2.43,0.16,32.76,3.24,0.49,42,79.92,8.76,70.37,10.54,95.38,15.57,75,3.89,70.83,18.9,32,0.34,1.95,0,0,0.16,100,1.78,3.57,77.27,5.68,48.57,0.16,100,1.14,2.59,7.46,80.43,0,,0,,0,0,0,0,,,0.16,,
Miguel Nuño,Universidad Guadalajara,Universidad Guadalajara,RB,17,99,0,0.24,0,0,Mexico,8.18,6.36,71.43,3.64,50,0,0,0,3.64,8,0.91,1,0.91,0,0,2.73,0,0,0,0.22,0,0,1,0.91,100,0,0,3.64,50,0,0,3.64,75,1.82,0.91,0,28.18,1.82,2.73,34.55,81.58,6.36,57.14,7.27,100,14.55,81.25,2.73,0,22.34,19.09,0,0,0,0,0,0,0,1.82,50,3.64,50,0,0,0,2.73,4.55,60,0,,0,,0,0,0,0,,,0,,
M. Valenzuela Quezada,Universidad Guadalajara,Universidad Guadalajara,"RCMF, RDMF",21,63,0,0,0,0,Mexico,11.43,7.14,80,0,0,0,0,0,5.71,8,0,1,1.43,0,0,0,0,0,0,0,0,0,0,0,0,0,0,0,0,0,0,2.86,50,0,0,0,18.57,0,0,32.86,86.96,10,71.43,2.86,100,18.57,92.31,4.29,33.33,17.12,23.27,0,0,0,0,0,0,0,10,71.43,0,0,0,0,0,0,4.29,100,0,,0,,0,0,0,0,,,0,,
M. Alvarado,,Universidad Guadalajara,LB,18,79,0,0,0,0,United States,15.95,11.39,50,0,0,0,0,0,10.25,12.27,2.28,1,1.14,0,0,4.56,0,0,0,0,0,0,1,1.14,0,0,0,3.42,33.33,3.42,100,7.97,85.71,0,2.28,0,34.18,3.42,0,46.71,85.37,13.67,75,9.11,100,10.25,77.78,2.28,100,16.76,36.92,0,0,0,0,0,0,0,5.7,80,3.42,33.33,0,0,0,1.14,7.97,71.43,0,,0,,0,0,0,0,,,1.14,,
U. Meza,Universidad Guadalajara,Universidad Guadalajara,LB,21,19,0,0,0,0,Mexico,,,,,,,0,,,5,,0,,0,,,,0,,,0,,0,,,0,,,,,,,,,,,,,,,,,,,,,,,,19.02,0,,,,,,,,,,,,,,,,,,0,,0,,0,0,0,,,,,,
S. Hernández,Universidad Guadalajara,Universidad Guadalajara,"LW, LAMF",23,762,2,1.37,3,1.4,Mexico,5.2,4.61,58.97,0.94,25,0.12,0.15,0,2.36,3.02,0.94,1,0.12,0,0,2.24,0.24,2,0.24,0.16,0,0,8,0.94,37.5,25,0.35,2.72,26.09,2.13,55.56,9.45,35,2.13,2.83,0,26.34,3.19,1.42,29.17,72.87,8.27,68.57,5.55,95.74,8.39,61.97,2.6,54.55,15.93,33.82,0.16,0.83,0.12,0,0,0,0.83,2.95,72,2.95,24,0,0,0.59,0.71,3.78,75,0,,0,,0,0,0,0,,,0,,
J. Escalante,Leones Negros Premier,Universidad Guadalajara,RB,20,698,0,0.04,0,0,Mexico,10.19,7.87,55.74,1.29,80,0.13,0.15,0.39,5.67,6.57,0.9,3,0.39,1,0.13,0.13,0,0,0,0,0,0,2,0.26,0,0,0,0.39,0,0.52,25,2.58,20,0,0.13,0,19.6,1.81,0.64,28.75,79.37,13.54,69.52,3.22,96,7.09,89.09,2.58,65,18.02,40.26,0,0,0,0,0,0,0.13,2.32,72.22,0.52,25,0,0,0.13,0,7.22,51.79,0,,0,,0,0,0,0,,,0.26,,
A. Carreón,Universidad Guadalajara,Universidad Guadalajara,"RCMF, LCMF, CF",24,276,0,0.2,0,0,Mexico,4.57,3.26,50,1.63,60,0,0,0,2.93,3.33,0.98,0,0,0,0,0,0,0,0,0.06,0,0,2,0.65,0,0,0,0.65,0,0,0,3.91,50,0.33,0.65,0,16.3,0.33,1.63,24.46,85.33,8.15,84,4.89,93.33,6.2,84.21,2.61,87.5,15.82,29.57,0,0,0,0,0,0,0,3.91,91.67,0.33,0,0,0,0,0,4.57,78.57,0,,0,,0,0,0,0,,,0,,
O. Gil,Universidad Guadalajara,Universidad Guadalajara,"CF, AMF",25,593,3,1.96,3,1.06,Spain,2.58,1.82,50,1.82,16.67,0,0,0.15,1.67,2.17,0.3,0,0,0,0,1.82,0.46,3,0.46,0.3,0,0,8,1.21,75,37.5,0.46,0.61,50,1.06,57.14,7.89,53.85,2.12,0.46,0,18.52,2.12,2.12,21.85,81.94,5.46,61.11,4.4,89.66,7.13,87.23,1.97,61.54,16.26,39.63,0.16,1.82,0.15,0,0,0,0.61,3.19,61.9,1.21,37.5,0,0,0.61,0.3,3.04,75,0,,0,,0,0,0,0,,,0,,
J. Cázares,Universidad Guadalajara,Universidad Guadalajara,"LW, LAMF",21,54,0,0.16,0,0.1,Mexico,5,6.67,75,0,0,0,0,0,0,0,0,0,0,0,0,6.67,0,0,0,0.27,0,0,1,1.67,0,0,0,3.33,0,6.67,100,13.33,75,5,0,0,18.33,1.67,1.67,30,66.67,6.67,50,5,100,11.67,85.71,0,0,15.91,0,0.17,1.67,0,0,0,0,1.67,0,0,1.67,0,0,0,1.67,0,3.33,50,0,,0,,0,0,0,0,,,0,,
Y. Del Aguila,CA La Paz,CA La Paz,"LCB, CB",22,553,0,0.42,0,0.06,Mexico,10.74,5.53,47.06,2.28,64.29,0.49,0.65,0.65,7.65,10.14,1.46,4,0.65,0,0,0,0,0,0,0.07,0,0,3,0.49,0,0,0,0.33,0,0,0,0.98,66.67,0.65,0.65,0.16,27.18,1.46,0.65,37.59,81.82,17.41,70.09,4.39,96.3,11.39,92.86,3.25,25,18.99,37.69,0.01,0.16,0,0,0,0,0.16,3.74,43.48,0.81,0,0,0,0,0,5.53,47.06,0,,0,,0,0,0,0,,,2.12,,
O. Cantú,Universidad Guadalajara,Universidad Guadalajara,GK,23,816,0,0,0,0,Mexico,0.88,0,0,0,0,0,0,0,0.88,1.1,0,0,0,0,0,0,0,0,0,0,0,0,0,0,0,0,0,0,0,0,0,0,0,0,0,0,14.56,0.22,0,24.93,73.45,12.57,50,0,0,12.02,97.25,9.38,36.47,34.55,48.41,0,0,0,0,0,0,0,2.87,34.62,0.11,0,0,0,0,0,7.28,51.52,10,1.1,42,4.63,2,76.19,9.72,1.07,-0.28,-0.031,0,1.76,0
O. González,Universidad Guadalajara,Universidad Guadalajara,RCB,24,788,1,0.69,0,0.03,Mexico,6.85,3.77,51.52,3.54,90.32,0,0,0.23,4.91,6.17,0.91,2,0.23,0,0,0.34,0.11,1,0.11,0.08,1,0.11,6,0.69,33.33,16.667,0,0,0,0.11,100,0.69,83.33,1.26,0.46,0.11,26.61,1.03,0.8,38.38,86.61,15.53,72.06,3.08,100,15.08,98.48,5.14,44.44,22.12,42.11,0,0.11,0.11,0,0,0,0.11,3.31,65.52,0.69,33.33,0,0,0.46,0,5.37,57.45,0,,0,,0,0,0,0,,,2.4,,
A. Bravo,Universidad Guadalajara,Universidad Guadalajara,"RCMF, RDMF",24,574,2,1,3,1,Mexico,8.31,7.53,58.33,0.94,33.33,0.16,0.21,0.16,3.76,4.97,1.72,4,0.63,1,0.16,1.57,0.31,2,0.31,0.16,0,0,17,2.67,41.18,11.765,0.47,0.31,0,0.63,25,5.49,37.14,2.04,0.47,0.16,30.1,0.63,1.57,41.08,85.5,14.27,72.53,4.08,100,15.68,91,4.23,62.96,18.77,40.56,0.16,1.41,0.31,0,0.47,66.67,1.25,6.43,68.29,1.72,54.55,0.47,66.67,1.57,0,5.96,92.11,0,,0,,0,0,0,0,,,0.31,,
Jorge Ferrer,CA La Paz,CA La Paz,CF,27,171,2,1.6,0,0,Spain,2.63,1.05,0,3.68,28.57,0,0,0,2.63,3.57,1.58,0,0,0,0,4.74,1.05,2,1.05,0.84,0,0,12,6.32,50,16.667,0,0.53,0,2.11,75,6.32,33.33,4.21,0.53,0.53,18.95,1.58,0.53,24.74,82.98,4.74,66.67,7.37,100,5.79,63.64,1.05,50,14.4,6.69,0,0,0,0,0,0,0,3.68,57.14,1.05,0,0,0,0,0,2.63,80,0,,0,,0,0,0,0,,,0,,
D. Hernández,CA La Paz,CA La Paz,"AMF, DMF",24,240,0,0.44,0,0.51,Mexico,5.63,5.63,40,2.25,50,0,0,0.38,3.38,4.91,0.75,1,0.38,0,0,1.5,0,0,0,0.17,0,0,6,2.25,0,0,0,0.38,100,1.88,60,6,43.75,0.75,1.13,0.38,34.88,1.13,0.75,40.88,78.9,13.88,62.16,10.13,100,10.13,77.78,6.75,61.11,21.66,41.63,0.19,1.13,0,0,0.38,0,0.38,5.63,73.33,1.13,66.67,0.75,50,0.75,0.38,7.87,71.43,0,,0,,0,0,0,0,,,1.13,,
D. Alvarado,CA La Paz,CA La Paz,"LCB, RCB",21,80,0,0,0,0,Mexico,20.25,14.63,76.92,1.13,0,2.25,2.61,0,6.75,7.83,0,0,0,0,0,0,0,0,0,0,0,0,0,0,0,0,0,0,0,0,0,0,0,0,0,0,20.25,0,0,27,75,10.13,66.67,3.38,66.67,7.87,71.43,2.25,0,18.66,34.8,0,0,0,0,0,0,0,3.38,100,0,0,0,0,0,0,4.5,50,0,,0,,0,0,0,0,,,1.13,,
I. Larios,CA La Paz,CA La Paz,LWB,23,121,0,0.09,1,0.01,Mexico,5.95,6.69,33.33,4.46,33.33,0.74,1.03,0,2.98,4.14,0.74,1,0.74,0,0,3.72,0,0,0,0.07,0,0,2,1.49,50,0,0.74,1.49,0,2.98,100,6.69,44.44,1.49,1.49,0,20.83,1.49,0.74,27.52,78.38,5.21,71.43,8.18,81.82,6.69,88.89,0.74,100,13.22,5.57,0.01,0.74,0,0,0,0,0.74,0,0,0.74,100,0,0,0.74,0,3.72,80,0,,0,,0,0,0,0,,,0,,
E. Vázquez,CA La Paz,CA La Paz,"RCB, LB, LWB",25,233,0,0,0,0,Mexico,9.66,4.25,54.55,2.32,33.33,0,0,0,7.34,8.26,1.16,0,0,0,0,0,0,0,0,0,0,0,0,0,0,0,0,0,0,0,0,1.16,33.33,0,0,0,24.72,1.16,0.77,32.83,88.24,13.13,79.41,6.18,100,9.27,95.83,3.09,37.5,21.92,36.75,0,0,0.39,0,0,0,0,3.48,66.67,0,0,0,0,0,0,3.48,44.44,0,,0,,0,0,0,0,,,2.7,,
F. Illescas,CA La Paz,CA La Paz,"LCMF, RWB, RCMF",27,650,0,0.92,1,0.62,Mexico,5.68,4.29,58.06,1.52,54.55,0,0,0.28,3.18,4.29,1.25,1,0.14,0,0,1.94,0,0,0,0.13,0,0,11,1.52,9.09,0,0.14,1.52,45.45,1.38,70,7.34,50.94,1.8,1.94,0.28,30.6,1.66,1.94,37.11,84.33,11.08,76.25,9.28,95.52,9,84.62,2.49,77.78,17.64,39.06,0.09,0.97,0,0.14,0.14,100,0.83,4.71,73.53,1.52,54.55,0.28,50,1.11,0.28,5.26,78.95,0,,0,,0,0,0,0,,,0.42,,
H. Torres,CA La Paz,CA La Paz,"LCB, RCB, CB",27,418,1,1.42,0,0,Mexico,9.69,6.89,59.38,4.52,76.19,0.86,1.14,0,4.74,6.29,1.51,1,0.22,2,0.43,0.43,0.22,1,0.22,0.31,0,0,4,0.86,50,25,0,0,0,0,0,1.08,80,0.86,0.43,0,26.48,1.29,0.86,37.89,88.64,16.79,78.21,4.09,100,12.7,98.31,3.44,50,18.96,29.69,0,0,0,0,0,0,0,2.15,50,0,0,0,0,0,0,4.74,63.64,0,,0,,0,0,0,0,,,3.23,,