Name,Team,Competition,Season,Minutes,90s,Appearances,Primary Position,Secondary Position,Gender,Nationality,Age,Date of Birth,Height,All Goals,NP Goals,xG,xG/Shot,Shots,Goal Conversion%,Shooting%,Shot Touch%,Penalty Conversion%,PSxG,Assists,xG Assisted,Key Passes,OP Assists,OP xG Assisted,OP Key Passes,SP Assists,SP xG Assisted,SP Key Passes,Scoring Contribution,xG & xG Assisted,Shots & Key Passes,O/U Performance,Dribbles,Successful Dribbles,Failed Dribbles,Dribble%,Fouls Won,Penalty Wins,Dispossessed,Turnovers,Interceptions,PAdj Interceptions,Clearances,PAdj Clearances,Defensive Actions,Aggressive Actions,Blocks/Shot,Defensive Regains,Average DA X,Ball Recov. F2,Ball Recoveries,Tackles,Tack&Int,Tack/DP%,PAdj Tackles,PAdj Tack&Int,Fouls,Dribbles Stopped%,Dribbled Past,Aerial Win%,Aerial Wins,Errors,Pressures,PAdj Pressures,Pressure Regains,Counterpressures,Counterpress Regains,Average Pressure X,Pressures F2,Pressures F2%,Counterpressures F2,Counterpressures F2%,Yellow Cards,2nd Yellows,Red Cards,OP Passes,Passing%,Long Balls,L/R Footedness%,Long Ball%,Pr. Long Balls,UPr. Long Balls,Passes Pressured%,Pr. Pass%,Pr. Pass% Dif.,Average Pass X,Deep Progressions,xGBuildup,xGChain,Carries,Carry%,Carry Length,OP F3 Passes,PintoB,OP Passes Into Box,SP PintoB,Passes Inside Box,Touches In Box,PinTin,Throughballs,Successful Box Cross%,Successful Crosses,Crossing%,Deep Completions,Pass Forward%,Pass Sideways%,Pass Backward%,F3 Pass Forward%,F3 Pass Sideways%,F3 Pass Backward%,Pass Length,Pr. Pass Length,Pass Length Ratio,Pr. Pass Length%,Pr. Pass Length Dif.,Succ. Pass Length,Succ.Pr. Pass Length,Goals Conceded,PSxG Faced,GSAA,Save%,xSv%,Shot Stopping%,xG Faced,Shots Faced,Shots Faced OT%,All Shots Faced,Positioning Error,Penalties Faced,Penalties Conceded,GK Aggressive Dist.,Claims%,Pass into Danger%,Pass into Pressure%,Positive Outcome,Positive Outcome%,Pass OBV,D&C OBV,DA OBV,Shot OBV,Goalkeeper OBV,OBV
Isma Ruiz,Córdoba CF,La Liga 2,2026/2027,713,7.92,7,Left Defensive Midfielder,Centre Defensive Midfielder,Man,Spain,26,13/02/01,180,0.13,0.13,0.06,0.06,1.01,13,38,1,,0.1,0,0.02,0.38,0,0.02,0.38,0,0,0,0.13,0.08,1.39,0.05,0.38,0.38,0,100,1.77,0,0.5,0.63,1.01,1.21,1.64,2.34,12.75,6.06,0,4.92,40.2,10.47,5.55,1.77,2.78,74,2.35,3.56,0.63,38,0.63,33,0.5,0,10.35,12.96,3.79,2.65,1.14,41.97,2.9,28,1.39,52,0.13,0,0,45.05,87,3.03,15,71,2.4,3.53,17,81,-6,50.04,5.81,0.33,0.35,39.38,97,6.98,10.47,0.76,0.76,0,0,1.01,1.77,0,0,0,0,0.25,18,72,10,19,75,6,19.27,17.15,0.99,96,-2.12,19.09,16.51,0,0,0,0,0,,0,0,,0,0,0,0,0,0,14,7,3.91,23,-0.03,0.13,0.02,0.05,,0.17
Andrés Fernández,Almería,La Liga 2,2026/2027,700,7.78,7,Goalkeeper,,Man,Spain,40,15/12/86,185,0,0,0,,0,,,0,,0,0,0,0,0,0,0,0,0,0,0,0,0,0,0,0,0,,0.13,0,0,0,0,0,0,0,0,0,0,6.68,1.88,3.34,0,0,0,,0,0,0,,0,,0,0,0,0,0,0,0,,0,,0,,0.13,0,0,25.58,81,4.5,19,43,3.21,7.33,28,81,0,9.8,0.51,0.1,0.1,22.37,100,4.09,0.26,0,0,0,0,0,0,0,,0,,0,37,63,0,100,0,0,31.51,32.04,0.77,83,0.53,24.27,26.48,0.39,0.88,0.49,86,68,18,1.11,2.7,22,12.34,1.73,0,0,14.57,-3,20,4,2.46,19,0.07,0.06,0.01,,0.46,0.59
Federico Bonini,Almería,La Liga 2,2026/2027,700,7.78,7,Left Centre Back,,Man,Italy,25,05/08/01,188,0.13,0.13,0.02,0.08,0.26,50,50,0,,0.09,0,0,0.13,0,0,0.13,0,0,0,0.13,0.02,0.39,0.11,0,0,0,,0.26,0,0,0,0.39,0.44,4.24,4.31,5.66,2.83,0.05,2.7,18.09,8.74,1.41,0.77,1.16,100,0.95,1.38,0.77,100,0,75,1.93,0,4.11,4.93,1.8,0.13,0,22.65,0.51,13,0.13,100,0.26,0,0,57.34,92,4.37,71,60,5.14,6.43,11,81,-11,31.38,2.06,0.35,0.37,47.44,100,3.55,1.93,0,0,0,0,0.51,0.51,0,,0,,0,23,75,2,20,80,0,20.65,20.39,0.92,89,-0.26,19,18.23,0,0,0,0,0,,0,0,,0,0,0,0,0,0,12,5,4.94,39,0.04,0.03,-0.01,0.06,,0.12
David Torres,Real Valladolid,La Liga 2,2026/2027,698,7.76,7,Left Centre Back,Centre Back,Man,Spain,24,04/03/03,182,0,0,0.06,0.17,0.39,0,33,0,,0.06,0,0.01,0.26,0,0.01,0.26,0,0,0,0,0.07,0.64,-0.07,0,0,0,,0.9,0,0.26,0.13,0.64,0.76,5.41,5.27,7.86,3.87,0.11,5.28,24.13,7.6,2.06,0.9,1.55,88,0.93,1.69,0.9,67,0.13,69,2.58,0.13,6.06,5.69,3.09,1.55,0.77,32.01,1.68,28,0.64,42,0.26,0,0,42.65,88,2.96,91,57,6.7,3.87,11,68,-20,35.8,2.58,0.25,0.29,35.44,99,5.76,2.96,0,0,0,0,0.77,0.77,0,,0,,0,19,80,2,26,74,0,21.92,26.92,0.94,80,4.99,20.65,21.53,0,0,0,0,0,,0,0,,0,0,0,0,0,0,15,7,2.74,21,0.03,0.03,0.06,-0.04,,0.08
Álvaro Aceves,Real Valladolid,La Liga 2,2026/2027,698,7.76,7,Goalkeeper,,Man,Spain,23,25/07/03,190,0,0,0,,0,,,0,,0,0,0,0.13,0,0,0,0,0,0.13,0,0,0.13,0,0,0,0,,0,0,0,0,0,0,0,0,0,0,0,5.8,2.67,4.38,0.13,0,0,,0,0,0,,0,,0,0,0,0,0,0,0,,0,,0,,0.13,0,0,29.12,66,9.15,14,42,5.67,16.11,18,44,-22,13.72,2.96,0.13,0.13,27.06,100,4.71,1.42,0,0,0,0,0,0,0,,0,,0,49,51,0,82,18,0,45.5,53.18,0.76,80,7.68,34.51,42.33,0.9,1.28,0.38,72,60,12,0.9,3.22,30,10.57,1.49,0.13,0.13,23.88,-3,28,3,1.24,10,0.16,0.05,,,0.15,0.36
Raúl Lizoáin,Granada,La Liga 2,2026/2027,696,7.74,7,Goalkeeper,,Man,Spain,36,26/01/91,188,0,0,0,,0,,,0,,0,0,0,0,0,0,0,0,0,0,0,0,0,0,0.13,0.13,0,100,0.13,0,0,0,0,0,0,0,0.26,0,0,6.46,2.59,6.08,0,0,0,0,0,0,0,0,0.13,,0,0.13,0.26,0.36,0,0,0,9.22,0,0,0,,0,0,0,35.81,78,8.02,70,48,5.17,11.63,22,73,-5,12,1.16,0.11,0.11,31.16,100,4.72,0.39,0,0,0,0,0,0,0,,0,,0,34,66,0,67,33,0,35.61,40.11,0.8,85,4.5,28.59,34.2,1.29,1.37,0.08,73,71,2,0.99,4.78,44,10.99,1.73,0.13,0.13,19.91,-5,18,4,2.59,15,0.05,0.18,,,0.13,0.36
Manu Lama,Granada,La Liga 2,2026/2027,696,7.74,7,Right Centre Back,,Man,Spain,26,11/02/01,192,0.13,0.13,0.04,0.06,0.65,20,20,0,,0.09,0.13,0.03,0.13,0.13,0.03,0.13,0,0,0,0.26,0.07,0.78,0.19,0,0,0,,1.94,0,0,0.13,0.52,0.38,3.36,3.4,9.82,5.82,0.06,6.33,29.3,10.99,1.81,2.46,2.97,73,2.8,3.18,0.78,42,0.9,63,2.84,0,6.59,7.16,3.62,1.29,0.65,33.67,1.81,27,0.65,50,0.26,0,0,47.7,84,5.17,11,53,6.46,6.59,18,68,-16,33.26,1.94,0.36,0.4,36.71,100,4.18,2.46,0,0,0,0.13,1.16,1.16,0,,0.13,100,0.13,29,67,4,32,68,0,23.93,27.94,0.88,84,4.01,21.15,23.53,0,0,0,0,0,,0,0,,0,0,0,0,0,0,20,8,3.17,18,0.09,0.06,0.1,-0.02,,0.22
Carlos Hernández,AD Ceuta FC,La Liga 2,2026/2027,696,7.73,7,Right Centre Back,Centre Back,Man,Spain,36,14/09/90,185,0.52,0.52,0.11,0.12,0.91,57,57,1,,0.23,0,0.05,0.39,0,0.05,0.39,0,0,0,0.52,0.16,1.29,0.36,0.39,0.39,0,100,0.91,0,0.39,0.26,0.13,0.12,3.88,3.83,11.12,5.56,0.08,5.17,28.29,8.67,1.81,1.68,1.81,81,1.47,1.59,1.81,40,0.39,65,2.85,0,7.63,6.98,4.14,2.2,1.16,34.7,2.46,32,1.16,53,0.26,0,0,32.2,83,1.68,8,46,4.27,3.23,14,66,-18,35.77,0.78,0.34,0.35,24.96,97,5.2,1.68,0.13,0.13,0,0.39,2.72,2.85,0.13,0,0,,0.52,25,71,4,23,69,8,20.97,18.99,0.94,95,-1.97,19.81,18.13,0,0,0,0,0,,0,0,,0,0,0,0,0,0,23,7,2.19,15,0.03,0.02,0.04,0.03,,0.12
Marc Bombardó,FC Andorra,La Liga 2,2026/2027,696,7.73,7,Right Centre Back,Centre Back,Man,Spain,21,22/11/05,184,0,0,0.01,0.04,0.13,0,0,0,,0,0,0.04,1.03,0,0.04,1.03,0,0,0,0,0.05,1.16,-0.05,0.13,0.13,0,100,0.52,0,0.26,0.26,0.13,0.2,2.98,4,8.67,4.27,0.01,3.23,32.55,10.09,2.59,1.94,2.07,83,3.01,3.22,1.42,71,0.39,52,1.81,0,5.3,7.49,2.2,0.91,0.65,36.59,1.16,22,0.52,57,0.13,0,0,56.4,90,4.66,4,69,3.62,6.08,8,78,-13,39.62,4.92,0.27,0.28,46.7,99,5.57,7.76,0,0,0,0.13,0.26,0.26,0,,0,0,0.13,17,80,3,22,78,0,21.78,23.13,0.95,83,1.35,20.79,19.27,0,0,0,0,0,,0,0,,0,0,0,0,0,0,15,7,5.45,29,0.02,0.05,0.04,-0.01,,0.1
Aarón Escandell,Real Oviedo,La Liga 2,2026/2027,690,7.67,7,Goalkeeper,,Man,Spain,31,26/09/95,186,0,0,0,,0,,,0,,0,0,0,0,0,0,0,0,0,0,0,0,0,0,0,0,0,,0.52,0,0,0,0,0,0,0,0,0,0,4.7,2.54,6.78,0,0,0,,0,0,0,,0,,0,0,0,0,0,0,0,,0,,0,,0.13,0,0,24.13,66,7.43,20,41,3.65,14.61,16,54,-13,13.76,1.7,0.11,0.11,22.04,100,6.22,1.3,0.13,0.13,0,0,0,0.13,0,0,0,,0,52,48,0,70,30,0,43.14,43.9,0.76,78,0.76,32.92,34.14,0.52,0.74,0.22,79,70,9,0.87,2.48,24,10.43,1.69,0,0,26.42,-4,27,2,0.91,6,0.11,0.1,,,0.12,0.33
Diego Fuoli,CE Sabadell FC,La Liga 2,2026/2027,688,7.65,7,Goalkeeper,,Man,Spain,29,19/10/97,188,0,0,0,,0,,,0,,0,0,0.03,0.26,0,0.03,0.26,0,0,0,0,0.03,0.26,-0.03,0,0,0,,0,0,0,0,0,0,0,0,0.26,0,0,5.1,2.09,4.71,0,0,0,0,0,0,0.13,0,0.13,,0,0.13,0.13,0.05,0.13,0,0,7.18,0,0,0,,0,0,0,23.02,53,7.32,11,35,4.71,16.09,20,43,-10,13.35,3.4,0.1,0.13,20.4,100,4.86,2.48,0,0,0,0,0,0,0.13,,0,,0,60,40,0,84,16,0,55.71,59.93,0.72,85,4.22,40.35,50.85,0.65,0.85,0.19,75,68,7,0.86,2.62,30,8.63,2.01,0.13,0.13,20.99,-6,32,2,2,12,0.15,0.06,-0.1,,0.08,0.2
Albert Orriols,CE Sabadell FC,La Liga 2,2026/2027,688,7.65,7,Centre Defensive Midfielder,Right Defensive Midfielder,Man,Spain,29,01/12/97,170,0.13,0,0.01,0.03,0.39,0,0,0,100,0,0.13,0.09,1.18,0.13,0.07,0.92,0,0.01,0.26,0.13,0.1,1.57,0.03,0.26,0.13,0.13,50,1.18,0,1.05,0.78,0.65,0.34,3.01,1.76,18.96,9.29,0.03,5.89,43.71,17.66,10.59,3.27,3.92,78,2.06,2.4,2.35,44,0.92,47,1.18,0.13,13.34,7.89,4.32,3.53,0.92,51.35,7.19,54,3.01,85,0.39,0,0,44.34,78,4.71,14,65,4.32,5.89,18,65,-13,51.85,8.24,0.36,0.39,31.13,95,5.37,11.9,0.92,0.39,0.52,0,0.39,0.78,0.26,0,0,0,0,27,65,7,29,67,4,21.48,19.77,0.97,96,-1.71,20.74,18.92,0,0,0,0,0,,0,0,,0,0,0,0,0,0,22,9,5.39,33,0.03,0.07,0.05,-0.04,,0.12
José Corpas,Albacete,La Liga 2,2026/2027,688,7.64,7,Right Midfielder,Left Midfielder,Man,Spain,35,06/07/91,178,0,0,0.21,0.09,2.35,0,50,4,,0.31,0,0.09,1.05,0,0.03,0.52,0,0.06,0.52,0,0.3,3.4,-0.3,1.44,1.18,0.26,82,2.09,0,1.83,1.57,0.39,0.36,0.65,0.6,14.91,6.8,0.01,3.79,49.49,7.59,4.32,1.83,2.22,70,1.56,1.92,1.18,44,0.78,33,0.65,0,11.9,9.74,2.75,2.22,0.92,51.35,6.8,57,1.7,76,0,0,0,29.17,64,1.57,13,32,0.78,4.84,17,53,-10,63.7,4.45,0.4,0.55,28.13,90,5.98,9.81,1.83,0.78,1.05,0.13,4.06,4.84,0.13,14,0.26,11,0.26,17,70,13,23,60,17,19.51,14.81,0.89,104,-4.7,17.27,15.33,0,0,0,0,0,,0,0,,0,0,0,0,0,0,35,10,6.12,45,0,0.1,0.03,0.09,,0.22
Paulo Gazzaniga,Girona,La Liga 2,2026/2027,687,7.64,7,Goalkeeper,,Man,Argentina,35,01/01/92,195,0,0,0,,0,,,0,,0,0.13,0.02,0.13,0.13,0.02,0.13,0,0,0,0.13,0.02,0.13,0.11,0.26,0.26,0,100,0.26,0,0,0,0,0,0,0,0,0,0,6.81,2.25,3.4,0,0,0,,0,0,0,,0,,0,0.13,0,0,0,0,0,,0,,0,,0,0,0,27.62,73,6.94,5,45,2.88,12.57,25,75,2,9.32,0.65,0.39,0.41,25.66,100,4.14,0.39,0,0,0,0,0,0,0.13,,0,,0,42,58,0,67,33,0,37.49,33.39,0.78,76,-4.1,29.15,25.21,0.92,1.49,0.57,80,68,12,1.51,4.58,38,12.18,1.8,0,0,18.9,-5,25,6,2.53,17,0.08,0.06,,,0.43,0.57
Jonmi Magunagoitia,Eibar,La Liga 2,2026/2027,687,7.64,7,Goalkeeper,,Man,Spain,26,05/08/00,183,0,0,0,,0,,,0,,0,0,0.01,0.13,0,0.01,0.13,0,0,0,0,0.01,0.13,-0.01,0,0,0,,0.13,0,0,0,0,0,0,0,0,0,0,8.77,2.51,3.67,0,0,0,,0,0,0,,0,,0,0,0,0,0,0,0,,0,,0,,0,0,0,22.65,58,9.43,12,38,3.67,20.95,15,56,-2,10.61,0.79,0.34,0.34,20.03,100,6.05,0.26,0,0,0,0,0,0,0,,0,,0,59,41,0,100,0,0,51.59,40.93,0.75,81,-10.66,38.64,33.28,0.79,0.87,0.08,83,82,2,0.9,4.71,29,16.37,1.53,0,0,19.25,-5,41,3,1.54,13,0.15,0.06,,,0.2,0.4
Anaitz Arbilla,Eibar,La Liga 2,2026/2027,687,7.64,7,Left Centre Back,Left Back,Man,Spain,40,14/05/87,178,0,0,0.05,0.05,1.05,0,13,0,,0.01,0,0,0.13,0,0,0.13,0,0,0,0,0.05,1.18,-0.05,0.13,0,0.13,0,0.13,0,0.13,0.39,0.52,0.15,4.06,2.67,7.59,4.19,0.06,3.8,22.11,9.16,2.88,0.79,1.31,67,0.41,0.56,0.52,0,0.39,63,2.23,0,6.28,4.85,2.49,0.92,0.26,26.7,1.18,19,0.52,57,0.26,0,0,53.42,88,7.99,21,67,6.02,9.95,13,73,-14,35.44,4.98,0.53,0.56,43.07,98,4.09,4.71,0.13,0.13,0,0,1.44,1.57,0.13,0,0,,0.13,26,71,3,50,44,6,25.87,26.16,0.91,91,0.3,23.6,23.73,0,0,0,0,0,,0,0,,0,0,0,0,0,0,15,7,4.05,33,0.08,0.02,0.01,-0.09,,0.03
Ander Cantero,Burgos,La Liga 2,2026/2027,687,7.63,7,Goalkeeper,,Man,Spain,32,08/01/95,192,0,0,0,,0,,,0,,0,0,0,0,0,0,0,0,0,0,0,0,0,0,0,0,0,,0,0,0,0,0,0,0,0,0,0,0,7.08,2.17,5.11,0,0,0,,0,0,0,,0,,0,0,0,0,0,0,0,,0,,0,,0,0,0,19.93,71,6.95,65,43,0.92,15.34,10,92,21,10.16,0.66,0.05,0.05,16.91,100,5.61,0.13,0,0,0,0,0,0,0,,0,,0,48,52,0,0,100,0,40.14,30.77,0.73,96,-9.37,29.48,29.45,0.92,0.91,-0.01,77,78,0,1.1,4.06,30,13.37,1.87,0,0,22.36,-4,29,2,1.85,17,0.07,0.06,,,0.12,0.25
David Gonzalez,Burgos,La Liga 2,2026/2027,687,7.63,7,Right Wing,Right Midfielder,Man,Spain,24,21/06/02,180,0.39,0.39,0.27,0.17,1.57,25,33,3,,0.36,0.13,0.14,1.05,0.13,0.12,0.66,0,0.03,0.39,0.52,0.41,2.62,0.11,1.18,0.39,0.79,33,1.18,0,1.44,2.88,0.39,0.26,0.39,0.43,26.48,14.68,0.02,7.34,50.78,4.33,2.23,1.31,1.7,67,1.15,1.41,1.18,29,0.66,57,1.7,0,23.99,23.43,6.82,5.64,2.36,52.16,12.72,53,4.59,81,0.13,0,0,23.99,68,1.05,78,47,0.92,1.7,24,57,-11,56.15,1.7,0.3,0.52,21.37,84,4.55,5.37,1.31,1.05,0.26,0,2.88,3.93,0.39,10,0.26,40,0.13,21,66,13,20,71,10,17.08,17.36,0.96,109,0.28,16.45,18.94,0,0,0,0,0,,0,0,,0,0,0,0,0,0,32,7,2.95,28,0.03,0.02,0.03,0.18,,0.27
Alberto Dadie,Burgos,La Liga 2,2026/2027,687,7.63,7,Right Back,,Man,Spain,24,19/07/02,170,0.13,0.13,0.01,0.01,0.92,14,29,1,,0,0,0.03,0.52,0,0.03,0.52,0,0,0,0.13,0.04,1.44,0.09,1.05,0.52,0.52,50,1.44,0,1.05,1.57,0.66,0.43,2.88,2.55,18.62,9.96,0,6.69,34.13,12.06,3.93,3.15,3.8,56,3.28,3.72,2.36,25,2.49,22,0.26,0,13.11,12.77,4.72,3.02,0.92,38.03,3.8,29,1.44,48,0.26,0,0,40.38,76,3.67,10,46,4.46,6.42,13,64,-12,42.34,4.19,0.35,0.37,36.31,94,5.36,5.11,1.05,1.05,0,0.13,0.26,1.31,0.13,50,0.66,38,0.13,29,61,10,26,59,15,22.24,24.19,0.89,87,1.95,19.88,21.16,0,0,0,0,0,,0,0,,0,0,0,0,0,0,30,10,3.57,33,0.09,0.07,0.03,-0.03,,0.16
Romain Matthys,CD Castellón,La Liga 2,2026/2027,686,7.63,7,Goalkeeper,,Man,Belgium,28,09/07/98,183,0,0,0,,0,,,0,,0,0,0,0,0,0,0,0,0,0,0,0,0,0,0.26,0.26,0,100,0.26,0,0,0,0,0,0,0,0,0,0,4.2,3.89,4.2,0,0,0,,0,0,0,,0,,0,0.13,0,0,0,0,0,,0,,0,,0,0,0,40.51,78,5.11,4,37,5.9,8,30,66,-13,14.37,0.39,0.41,0.41,38.28,100,4.19,0.13,0,0,0,0,0,0,0,,0,,0,43,57,0,100,0,0,30.28,35.34,0.75,73,5.06,22.57,25.88,0.26,0.56,0.3,89,77,12,0.76,2.49,30,8.39,2.72,0.13,0,21.6,-3,22,4,1.76,11,0.1,0.08,,,0.3,0.48
Alberto Jiménez,CD Castellón,La Liga 2,2026/2027,686,7.63,7,Centre Back,Right Centre Back,Man,Spain,34,14/11/92,186,0,0,0.02,0.05,0.39,0,0,0,,0,0.13,0.1,0.26,0.13,0.1,0.26,0,0,0,0.13,0.13,0.66,0.01,0.26,0.26,0,100,1.18,0,1.05,0.39,0.92,1.28,4.2,6.01,8.39,4.59,0.14,4.85,25.27,11.41,2.49,1.31,2.23,100,1.85,3.13,0.39,,0,58,1.44,0.26,6.82,10.13,3.67,1.97,1.31,32.75,1.18,17,0.52,27,0.13,0,0,68.44,92,4.06,6,61,5.51,5.38,17,94,2,39.58,5.11,0.83,0.92,61.62,98,6.2,5.38,0,0,0,0,0.39,0.39,0.13,,0,,0,20,76,4,22,76,2,20.73,21.68,0.95,100,0.95,19.61,21.62,0,0,0,0,0,,0,0,,0,0,0,0,0,0,14,9,5.81,35,0.05,0.11,0.12,-0.03,,0.24
Coke Carrillo,Celta de Vigo B,La Liga 2,2026/2027,686,7.62,7,Goalkeeper,,Man,Spain,25,06/01/02,188,0,0,0,,0,,,0,,0,0,0,0,0,0,0,0,0,0,0,0,0,0,0,0,0,,0,0,0,0,0,0,0.13,0.11,0.13,0,0,8.14,3.48,3.02,0,0,0,,0,0,0,,0,,0,0,0.13,0.11,0,0,0,46.03,0,0,0,,0,0,0,20.21,64,4.07,15,29,2.62,11.42,17,65,1,10.9,0.66,0.17,0.17,19.16,100,5.6,0.26,0,0,0,0,0,0,0.13,,0,,0,50,50,1,100,0,0,39.72,36.7,0.67,72,-3.03,26.69,26.31,1.44,1.4,-0.05,68,69,-1,1.47,4.46,33,13.39,1.8,0,0,26,-3,28,4,1.46,12,0.06,0.04,0,,0.09,0.19
Javi Castro,Cádiz,La Liga 2,2026/2027,685,7.62,7,Left Centre Back,Right Centre Back,Man,Spain,26,12/09/00,183,0.13,0.13,0.07,0.11,0.66,20,60,0,,0.21,0,0.01,0.13,0,0.01,0.13,0,0,0,0.13,0.08,0.79,0.05,0.39,0.13,0.26,33,1.18,0,0.26,0.66,0.66,0.78,4.07,4.36,8.14,4.2,0.08,3.54,25.37,9.32,1.31,0.79,1.44,60,0.9,1.69,1.05,43,0.53,74,1.84,0.26,6.3,6.48,2.49,1.05,0.66,31.24,1.71,27,0.39,38,0.39,0,0,66.7,87,4.73,12,47,5.38,8.8,9,67,-20,34.83,3.28,0.39,0.42,57.64,99,6.17,3.54,0,0,0,0,1.31,1.31,0,,0,,0,23,76,1,19,81,0,22.38,21.85,0.89,90,-0.53,20,19.73,0,0,0,0,0,,0,0,,0,0,0,0,0,0,17,8,3.36,27,0.02,0.06,0.03,0.1,,0.21
Justin Smith,CD Eldense,La Liga 2,2026/2027,685,7.61,7,Right Defensive Midfielder,Left Defensive Midfielder,Man,Canada,24,03/02/03,188,0.13,0.13,0.01,0.02,0.39,33,33,0,,0.05,0,0.05,1.18,0,0.04,1.05,0,0,0.13,0.13,0.06,1.58,0.07,0.92,0.66,0.26,71,1.31,0,0.79,1.05,1.31,0.97,1.31,1.22,19.31,9.98,0.01,6.44,42.88,12.61,6.3,2.1,3.41,67,2.3,3.27,2.1,33,1.05,58,1.44,0,15.24,14.88,4.99,5.39,1.71,43.61,5.78,38,2.5,46,0.26,0,0,44,84,4.86,8,76,1.97,5.78,14,78,-6,49.07,4.99,0.27,0.27,36.25,95,6.47,9.06,0.39,0.39,0,0.13,0.92,1.31,0,0,0.13,33,0.13,15,73,12,13,75,12,20.5,18.56,0.98,104,-1.95,20.17,19.38,0,0,0,0,0,,0,0,,0,0,0,0,0,0,20,8,3.97,28,0,0.08,-0.06,0,,0.02
Floris Smand,CD Eldense,La Liga 2,2026/2027,685,7.61,7,Left Centre Back,Right Centre Back,Man,Netherlands,24,19/01/03,187,0,0,0,,0,,,0,,0,0,0,0,0,0,0,0,0,0,0,0,0,0,0.26,0.26,0,100,0.26,0,0.13,0,1.05,0.91,3.55,3.04,7.22,2.5,0.09,5.12,24.9,11.3,1.97,0.53,1.58,44,0.52,1.42,0.79,33,0.66,53,1.31,0,5.91,5.35,2.89,1.84,0.79,30.27,0.66,11,0.39,21,0,0,0,44.39,88,2.63,30,63,4.47,3.28,16,80,-8,36.68,2.76,0.19,0.19,33.89,100,6.64,3.55,0.13,0.13,0,0,0.13,0.26,0,0,0,,0.13,19,76,5,26,74,0,20.58,20.65,0.94,90,0.06,19.34,18.55,0,0,0,0,0,,0,0,,0,0,0,0,0,0,14,7,2.92,21,0.05,0.04,0.21,,,0.31
Ramón Vila,CD Eldense,La Liga 2,2026/2027,685,7.61,7,Goalkeeper,,Man,Spain,25,17/02/02,191,0,0,0,,0,,,0,,0,0,0,0,0,0,0,0,0,0,0,0,0,0,0,0,0,,0.26,0,0,0,0,0,0.26,0.2,0,0,0,5.39,3.34,4.33,0,0,0,,0,0,0,,0,,0,0.13,0,0,0,0,0,,0,,0,,0,0,0,22.46,68,5.65,13,37,2.89,12.61,14,55,-13,12.51,1.58,0.18,0.18,19.18,100,4.85,1.05,0,0,0,0,0,0,0,,0,,0,49,51,0,88,13,0,41.93,46,0.71,76,4.07,29.98,34.76,1.18,1.42,0.24,73,67,6,0.99,4.33,49,8.93,1.9,0,0,22.62,-6,31,6,0.76,5,0.08,0.07,0,,0.1,0.26
Aitor Fraga,Real Sociedad B,La Liga 2,2026/2027,685,7.61,7,Goalkeeper,,Man,Spain,24,08/03/03,194,0,0,0,,0,,,0,,0,0,0,0,0,0,0,0,0,0,0,0,0,0,0,0,0,,0.53,0,0,0,0,0,0.13,0.05,0,0,0,6.7,2.57,4.86,0,0,0,,0,0,0,,0,,0,0,0,0,0,0,0,,0,,0,,0,0,0,25.48,55,6.04,10,27,4.2,17.99,17,49,-6,12.17,0.79,0.09,0.09,22.46,100,4.92,0.39,0,0,0,0,0,0,0,,0,,0,51,49,0,100,0,0,49,46.3,0.66,63,-2.7,32.12,29.32,1.18,1.29,0.11,72,69,3,1.18,4.2,31,13.53,1.59,0.13,0.13,18.27,-4,38,2,2.63,25,0.12,0.09,0,,-0.1,0.11
Luis Chacón,Real Valladolid,La Liga 2,2026/2027,685,7.61,7,Centre Attacking Midfielder,Right Centre Midfielder,Man,Spain,27,29/05/00,174,0.13,0.13,0.17,0.1,1.71,8,54,2,,0.41,0,0.07,1.31,0,0.04,1.05,0,0.03,0.26,0.13,0.25,3.02,-0.11,0.66,0.26,0.39,40,0.79,0,1.05,1.58,1.45,1.25,0.79,0.93,12.75,6.18,0,4.34,49.48,7.36,3.81,1.18,2.63,82,0.89,2.14,0.79,50,0.26,22,0.26,0,10.78,10.07,3.55,1.97,0.39,52.62,5.92,55,1.71,87,0.13,0,0,33.78,80,2.76,26,68,1.18,3.68,11,84,4,57.4,3.81,0.3,0.36,30.5,92,4.92,11.04,1.18,0.53,0.66,0.13,3.02,3.55,0.13,11,0.13,7,0.39,16,69,15,20,65,14,17.3,16.47,0.94,89,-0.83,16.3,14.58,0,0,0,0,0,,0,0,,0,0,0,0,0,0,19,6,3.35,26,-0.01,0.02,0.03,0.14,,0.19
Arnau Tenas,Mallorca,La Liga 2,2026/2027,684,7.6,7,Goalkeeper,,Man,Spain,26,29/05/01,185,0,0,0,0.02,0.13,0,0,0,,0,0.13,0.03,0.13,0.13,0.03,0.13,0,0,0,0.13,0.03,0.26,0.1,0,0,0,,0.26,0,0,0,0,0,0,0,0,0,0,6.18,2.37,2.63,0.26,0,0,,0,0,0,,0,,0,0,0,0,0,0,0,,0,,0,,0,0,0,32.76,71,5.39,18,34,7.1,8.55,33,57,-14,13.88,1.18,0.27,0.27,28.29,100,5.24,1.18,0.39,0.39,0,0,0,0.39,0.13,0,0,,0,45,55,0,78,22,0,37.58,43.74,0.7,71,6.16,26.34,30.87,0.26,0.51,0.24,89,80,10,0.78,2.5,24,10.26,1.64,0,0,26.66,-5,30,7,1.87,13,0.14,0.06,0,0,0.1,0.29
Valentín Pezzolesi,Las Palmas,La Liga 2,2026/2027,678,7.54,7,Right Back,Left Back,Man,Argentina,20,15/04/07,180,0.13,0.13,0.04,0.09,0.4,33,67,0,,0.08,0,0,0,0,0,0,0,0,0,0.13,0.04,0.4,0.1,1.19,0.8,0.4,67,1.33,0,0.93,0.66,1.46,1.68,1.86,2.39,15.52,6.9,0.03,5.57,32.51,9.95,3.58,3.05,4.51,92,3.52,5.21,1.33,67,0.27,76,2.12,0,11.14,12.27,4.25,1.46,0.53,35.28,3.05,27,1.06,73,0.13,0,0,41.79,82,2.26,8,63,2.26,3.18,11,61,-21,52.35,3.58,0.28,0.3,34.89,95,4.42,10.35,0.27,0.27,0,0,1.19,1.46,0,0,0.13,10,0,23,58,20,22,46,32,17.96,15.98,0.97,114,-1.98,17.37,18.22,0,0,0,0,0,,0,0,,0,0,0,0,0,0,21,7,2.64,23,0,0.03,0,0.03,,0.07
José Caro,Las Palmas,La Liga 2,2026/2027,678,7.54,7,Goalkeeper,,Man,Spain,33,02/05/94,184,0,0,0,,0,,,0,,0,0,0,0.13,0,0,0.13,0,0,0,0,0,0.13,0,0,0,0,,0.4,0,0,0,0,0,0,0,0.13,0,0,7.43,3.8,4.38,0,0,0,,0,0,0,,0,,0,0.13,0.13,0.11,0.13,0.13,0.13,24.66,0,0,0,0,0,0,0,37.68,69,5.31,9,31,7.03,10.22,32,59,-10,14.14,0.93,0.25,0.25,34.1,100,4.35,0.8,0,0,0,0,0,0,0,,0,,0,49,51,0,100,0,0,36.16,40.34,0.69,71,4.17,25.09,28.68,1.46,1.19,-0.27,63,70,-7,1.29,3.98,32,12.34,2.81,0,0,27.54,-4,26,2,1.53,13,0.12,0.08,,,-0.35,-0.14
Thomas Carrique,FC Andorra,La Liga 2,2026/2027,677,7.52,7,Right Back,Right Wing Back,Man,France,28,25/02/99,173,0.13,0.13,0.02,0.04,0.53,25,25,0,,0.08,0.13,0.06,1.06,0.13,0.06,0.8,0,0.01,0.27,0.27,0.09,1.59,0.18,0.53,0.27,0.27,50,0.53,0,1.46,0.93,0.4,0.65,2.13,3.61,9.44,4.39,0.07,2.13,41.44,8.64,4.25,0.93,1.33,78,1.52,2.17,1.2,50,0.27,62,1.06,0,7.31,10.35,1.73,1.73,0.4,46.72,3.46,47,1.06,62,0.13,0,0,43.06,77,4.25,8,54,2.66,7.31,7,64,-13,55.8,3.59,0.35,0.41,37.21,94,5.2,12.89,1.73,1.2,0.53,0,1.06,2.26,0,62,1.06,21,0.13,17,71,13,12,68,20,21.39,16.99,0.92,80,-4.41,19.76,13.6,0,0,0,0,0,,0,0,,0,0,0,0,0,0,23,7,7.03,37,0.09,0.08,0.04,-0.02,,0.19
Rubén Yáñez,Sporting Gijón,La Liga 2,2026/2027,675,7.5,7,Goalkeeper,,Man,Spain,33,11/10/93,189,0,0,0,,0,,,0,,0,0,0.01,0.13,0,0.01,0.13,0,0,0,0,0.01,0.13,-0.01,0,0,0,,0.13,0,0,0,0,0,0,0,0,0,0,6.53,2.8,4,0,0,0,,0,0,0,,0,,0,0,0,0,0,0,0,,0,,0,,0.13,0,0,22.8,68,4.67,19,31,3.73,11.2,17,48,-21,12.52,1.47,0.08,0.08,20,100,5.07,0.53,0,0,0,0,0,0,0,,0,,0,51,49,0,100,0,0,39.4,45.95,0.68,68,6.54,26.75,31.15,0.8,0.82,0.02,73,72,1,0.84,2.93,28,10.4,2.25,0,0,19.92,-4,34,4,0.84,8,0.1,0.05,,,-0.04,0.11
David Rodríguez,Tenerife,La Liga 2,2026/2027,675,7.5,7,Left Back,Right Wing Back,Man,Spain,26,25/06/00,179,0,0,0.04,0.08,0.53,0,25,1,,0.01,0,0,0,0,0,0,0,0,0,0,0.04,0.53,-0.04,0.93,0.67,0.27,71,1.47,0,0.4,1.2,1.6,1.03,1.73,0.94,14.94,7.74,0.03,5.07,34.93,9.34,3.34,2.94,4.54,88,1.94,2.97,0.93,75,0.4,46,0.8,0,11.07,6.63,4.14,2.8,0.93,39.21,3.47,31,1.6,57,0.4,0,0,33.89,79,3.6,10,63,2.8,4.67,12,69,-10,49.5,3.34,0.22,0.23,28.02,95,5.34,4.94,0.27,0.27,0,0,0.53,0.8,0,50,0.13,25,0,24,64,13,16,70,14,20.89,22.57,0.96,101,1.67,20.1,22.78,0,0,0,0,0,,0,0,,0,0,0,0,0,0,27,9,3.43,30,0.07,0.05,0.04,-0.04,,0.12
Dani Martín,Tenerife,La Liga 2,2026/2027,675,7.5,7,Goalkeeper,,Man,Spain,28,07/07/98,187,0,0,0,,0,,,0,,0,0,0,0,0,0,0,0,0,0,0,0,0,0,0.13,0.13,0,100,0.13,0,0,0,0,0,0,0,0.27,0,0,5.87,3,2.94,0,0,0,,0,0,0,100,0,,0,0,0.27,0.2,0.27,0,0,17.67,0,0,0,,0,0,0,20.81,62,10.27,3,48,5.2,16.28,21,59,-3,13.78,2,0.17,0.17,18.68,100,5.8,0.93,0,0,0,0,0,0,0,,0,,0,56,43,1,100,0,0,50.81,51.88,0.79,84,1.07,39.98,43.36,1.2,1.34,0.14,53,47,6,1.07,2.53,28,9.21,2.04,0,0,20.88,-5,41,4,0.8,7,0.15,0.06,,,0.16,0.37
José León,Tenerife,La Liga 2,2026/2027,675,7.5,7,Left Centre Back,,Man,Spain,32,02/02/95,185,0,0,0.02,0.07,0.27,0,0,0,,0,0,0.08,0.27,0,0.08,0.27,0,0,0,0,0.1,0.53,-0.1,0.27,0.13,0.13,50,0.27,0,0,0.13,0.4,0.22,4.27,2.52,8.94,5.07,0.03,4.54,26.1,7.07,1.07,1.07,1.47,73,0.79,1.01,0.67,50,0.4,58,1.87,0,7.34,4.12,2.94,0.93,0.4,30.54,1.07,15,0.53,57,0,0,0,45.76,84,5.47,83,57,6,7.87,10,72,-12,38.91,2.4,0.23,0.29,37.09,100,4.83,2.53,0.13,0.13,0,0,0.67,0.8,0.13,0,0,,0.13,25,72,4,63,37,0,26.87,29.75,0.91,99,2.88,24.41,29.37,0,0,0,0,0,,0,0,,0,0,0,0,0,0,22,8,1.81,16,0.01,0.03,-0.01,-0.04,,0
Grego Sierra,Burgos,La Liga 2,2026/2027,674,7.48,7,Left Centre Back,,Man,Spain,34,04/03/93,186,0,0,0,0.01,0.13,0,0,0,,0,0,0,0.13,0,0,0.13,0,0,0,0,0.01,0.27,-0.01,0.4,0.4,0,100,0.53,0,0.13,0.27,0.53,0.53,5.34,4.46,10.02,5.21,0.04,4.54,21.47,7.88,1.6,1.47,2,79,1.28,1.8,1.47,40,0.4,63,1.6,0,7.08,6.49,3.34,0.8,0.4,25.64,0.94,13,0.27,33,0.4,0,0,49.57,85,3.87,85,53,6.81,5.88,14,81,-5,32.65,3.34,0.19,0.2,43.56,99,5.39,3.21,0.13,0.13,0,0,0,0.13,0,0,0,,0,23,75,1,33,67,0,23.41,23.58,0.93,93,0.17,21.72,21.95,0,0,0,0,0,,0,0,,0,0,0,0,0,0,17,7,1.66,16,0.02,0.03,0.04,0,,0.09
Lluís López,Albacete,La Liga 2,2026/2027,668,7.43,7,Left Centre Back,Right Centre Back,Man,Spain,30,04/03/97,182,0,0,0.05,0.11,0.4,0,0,0,,0,0,0,0.13,0,0,0.13,0,0,0,0,0.05,0.54,-0.05,0,0,0,,0.13,0,0.13,0.13,0.94,1.02,4.85,5.15,6.73,4.04,0.07,5.39,23.51,8.75,1.35,0.54,1.48,44,0.49,1.51,0.4,0,0.67,89,2.15,0,5.79,4.38,3.1,0.54,0.54,26.84,1.21,21,0.27,50,0.13,0,0,46.32,86,6.46,22,64,6.6,8.35,11,67,-19,36.29,3.77,0.41,0.41,36.76,99,4.74,3.9,0,0,0,0,0.94,0.94,0,,0,,0,23,74,3,38,62,0,27.09,28.57,0.93,90,1.48,25.08,25.66,0,0,0,0,0,,0,0,,0,0,0,0,0,0,15,6,2.96,22,0.02,0.03,0.17,-0.04,,0.18
Miguel Atienza,Leganés,La Liga 2,2026/2027,668,7.42,7,Centre Defensive Midfielder,Left Defensive Midfielder,Man,Spain,28,26/05/99,186,0.13,0.13,0.14,0.33,0.4,33,33,1,,0.13,0,0,0.13,0,0,0.13,0,0,0,0.13,0.14,0.54,-0.01,0.13,0,0.13,0,0.94,0,1.21,0.54,0.94,0.79,2.16,1.43,12.53,7.14,0.04,4.45,33.23,9.16,3.5,1.35,2.29,77,0.93,1.72,0.54,25,0.4,64,1.89,0.4,10.65,7.94,3.23,2.16,0.4,37.39,2.56,24,0.67,31,0,0,0,38.41,84,2.02,13,52,2.43,3.64,22,84,1,45.3,2.16,0.51,0.51,28.84,96,3.4,3.5,0,0,0,0.13,0.67,0.67,0,,0,,0.13,19,69,11,27,69,4,18.21,15.42,0.94,103,-2.79,17.05,15.95,0,0,0,0,0,,0,0,,0,0,0,0,0,0,22,9,4.19,33,0.03,0.03,0.09,0.04,,0.19
Miguel De la Fuente,Almería,La Liga 2,2026/2027,667,7.42,7,Centre Forward,,Man,Spain,27,02/09/99,182,0.27,0.27,0.34,0.16,2.16,13,25,4,,0.31,0,0.03,0.4,0,0.03,0.4,0,0,0,0.27,0.37,2.56,-0.1,0.67,0.4,0.27,60,2.7,0.13,1.08,2.43,0.4,0.49,0.13,0.2,19.69,8.23,0,5.12,64.94,3.24,2.29,0.27,0.67,50,0.38,0.88,1.62,0,0.27,38,1.08,0,17.8,19.76,4.72,3.24,1.35,65.97,14.56,82,2.83,88,0,0,0,15.64,67,0.4,15,50,0.4,0.54,27,52,-15,61.28,2.16,0.54,0.68,14.29,86,5.45,4.99,0.54,0.54,0,0.27,5.39,5.93,0.13,0,0,0,0.54,10,68,22,8,76,16,14.11,15.17,0.99,102,1.06,13.95,15.45,0,0,0,0,0,,0,0,,0,0,0,0,0,0,32,6,2.47,19,-0.05,0.02,0,-0.04,,-0.05
Moreno Lopera,Girona,La Liga 2,2026/2027,667,7.41,7,Left Back,Left Wing Back,Man,Spain,33,07/06/93,179,0,0,0.03,0.04,0.81,0,67,1,,0.06,0.27,0.17,1.22,0.27,0.17,1.22,0,0,0,0.27,0.2,2.03,0.07,1.35,0.95,0.41,70,1.35,0,2.03,0.95,0.27,0.19,2.03,1.84,15.53,9.05,0.01,5.54,31.29,10.67,2.84,1.76,2.03,68,1.56,1.75,0.81,40,0.81,39,0.95,0,12.96,11.96,4.19,1.76,0.54,34.27,3.24,25,0.81,46,0.41,0,0,46.98,79,2.84,83,54,2.84,4.46,14,59,-21,50.23,6.21,0.44,0.46,45.09,94,6.51,11.48,1.08,1.08,0,0.41,1.35,2.43,0.14,88,1.22,38,0.27,23,60,16,33,59,8,18.05,19.27,0.95,94,1.21,17.19,18.12,0,0,0,0,0,,0,0,,0,0,0,0,0,0,25,10,3.96,27,0.18,0.13,0.05,0,,0.36
Álex Corredera,Sporting Gijón,La Liga 2,2026/2027,666,7.4,7,Left Defensive Midfielder,Left Centre Midfielder,Man,Spain,31,18/03/96,180,0,0,0.01,0.02,0.41,0,67,0,,0.03,0.14,0.12,2.03,0,0.02,0.68,0.14,0.09,1.35,0.14,0.13,2.43,0.01,0.27,0.27,0,100,2.03,0,1.08,0.68,0.68,0.78,0.54,0.44,20.42,11.22,0.01,7.17,41.26,10.95,5,2.84,3.52,78,2.96,3.75,1.22,14,0.81,67,0.81,0,16.36,16.73,6.36,3.38,1.49,44.05,6.36,39,2.03,60,0.14,0,0,50.7,81,4.87,80,52,0.95,8.92,15,83,2,49.52,5.27,0.4,0.41,44.35,97,4.68,8.79,2.43,0.41,2.03,0,0,0.41,0,6,0.14,17,0,19,71,10,26,62,12,20.75,15.45,0.93,104,-5.31,19.21,16.05,0,0,0,0,0,,0,0,,0,0,0,0,0,0,21,7,5.45,51,0.12,0.07,0.05,0,,0.25
Carlos Neva,Albacete,La Liga 2,2026/2027,662,7.36,7,Left Back,Left Centre Back,Man,Spain,30,11/06/96,174,0,0,0.04,0.05,0.68,0,40,1,,0.01,0,0.04,0.54,0,0.04,0.54,0,0,0,0,0.07,1.22,-0.07,0.54,0.27,0.27,50,1.36,0,0.27,0.54,1.36,1.09,1.77,1.35,8.97,5.03,0.02,5.03,29.61,8.7,2.58,1.63,2.99,80,1.45,2.54,0.27,57,0.41,25,0.14,0,7.07,6.18,2.72,0.95,0.54,33.59,1.77,25,0.41,43,0,0,0,39.42,77,3.13,84,48,3.4,4.89,14,61,-15,46.31,4.89,0.27,0.31,32.36,98,4.7,8.16,0.68,0.68,0,0.14,1.5,2.18,0,60,0.54,25,0.14,27,65,9,33,57,10,21.57,22.7,0.92,92,1.12,19.82,20.95,0,0,0,0,0,,0,0,,0,0,0,0,0,0,23,8,4.39,33,0.12,0.05,0.12,-0.03,,0.26
Quique Ribes,Celta de Vigo B,La Liga 2,2026/2027,661,7.34,7,Right Centre Back,Centre Back,Man,Spain,23,15/01/04,185,0,0,0.04,0.11,0.41,0,33,0,,0.03,0,0.07,0.82,0,0.07,0.82,0,0,0,0,0.11,1.23,-0.11,0.82,0.82,0,100,0.82,0,0.41,0.27,1.63,1.31,4.09,3.21,7.9,4.77,0.05,3.81,28.1,12.39,1.63,1.63,3.27,86,1.06,2.36,0.68,33,0.27,54,1.77,0.14,5.58,4.46,1.63,0.27,0.14,31.56,1.23,22,0.14,50,0.27,0,0,58.28,84,4.22,10,53,5.72,6.26,12,73,-11,39.43,3.95,0.53,0.57,47.8,99,4.86,5.04,0.68,0.68,0,0,0.95,1.63,0.14,0,0,0,0,28,69,3,54,43,3,21.87,24.6,0.94,89,2.73,20.47,21.82,0,0,0,0,0,,0,0,,0,0,0,0,0,0,20,11,3.8,33,0.02,0.06,0,0,,0.09
Antonio Raillo,Mallorca,La Liga 2,2026/2027,660,7.33,7,Left Centre Back,Centre Back,Man,Spain,35,07/10/91,187,0.14,0.14,0.07,0.08,0.82,17,17,0,,0.13,0,0,0.14,0,0,0.14,0,0,0,0.14,0.07,0.96,0.06,0.27,0.14,0.14,50,0.68,0,0,0.14,0.14,0.2,4.64,5.3,7.5,4.23,0.08,3.82,24.68,10.51,2.18,1.36,1.5,91,1.63,1.83,1.23,80,0.14,73,3.27,0,5.18,6.15,2.59,0.82,0.41,35.36,0.96,18,0.27,33,0.41,0,0,66.71,92,2.46,33,62,5.05,3.55,15,87,-6,38.23,4.09,0.39,0.4,54.03,100,5.48,4.64,0.14,0.14,0,0.14,1.77,1.91,0.14,0,0,0,0.14,23,72,4,47,53,0,18.53,18.19,0.96,100,-0.34,17.81,18.12,0,0,0,0,0,,0,0,,0,0,0,0,0,0,16,10,3.52,25,0.05,0.07,0.05,0.01,,0.19
Rubén Alves,Córdoba CF,La Liga 2,2026/2027,659,7.32,7,Left Centre Back,Centre Back,Man,Spain,32,06/09/94,184,0,0,0.02,0.07,0.27,0,0,0,,0,0,0,0,0,0,0,0,0,0,0,0.02,0.27,-0.02,0.14,0,0.14,0,0.96,0,0,0.14,0.82,0.99,5.33,7.17,8.33,4.1,0.04,3.83,29.87,10.79,2.6,1.09,1.91,100,1.36,2.35,1.37,100,0,74,3.14,0,5.88,7.55,2.05,0.82,0.27,31.52,1.5,26,0.55,67,0.14,0,0,42.63,86,4.37,77,67,6.7,5.19,12,77,-9,37.21,3.55,0.28,0.28,30.74,100,4.79,3.83,0,0,0,0,0.68,0.68,0,,0,0,0,28,68,4,43,57,0,22.39,25.78,0.93,92,3.39,20.84,23.7,0,0,0,0,0,,0,0,,0,0,0,0,0,0,13,6,4.07,24,0.02,0.04,0.06,-0.02,,0.1
Efe Akman,FC Andorra,La Liga 2,2026/2027,658,7.31,7,Right Centre Midfielder,Right Defensive Midfielder,Man,Turkey,21,19/03/06,175,0,0,0.09,0.05,1.78,0,31,2,,0.1,0.14,0.23,0.96,0.14,0.23,0.96,0,0,0,0.14,0.32,2.73,-0.19,0.96,0.68,0.27,71,1.91,0,1.5,0.96,0,0,0.27,0.29,18.87,9.3,0,6.15,48.56,8.89,4.65,2.32,2.32,77,3.2,3.2,2.6,0,0.68,40,0.55,0,13.95,19.63,4.79,4.24,0.96,49.91,7.38,53,2.32,55,0.27,0,0,44.58,93,4.1,10,81,0.41,4.92,11,92,-1,57.52,6.84,0.57,0.73,44.72,95,5.85,17.78,0.68,0.68,0,0.27,0.96,1.64,0.14,20,0.14,50,0.14,11,79,10,9,82,8,19.96,17.45,0.99,105,-2.51,19.66,18.39,0,0,0,0,0,,0,0,,0,0,0,0,0,0,11,7,5.24,28,0.02,0.15,0.03,-0.01,,0.19
Ousmane Camara,CD Castellón,La Liga 2,2026/2027,655,7.28,7,Centre Forward,Left Centre Forward,Man,Guinea,25,02/11/01,176,0.55,0.55,0.84,0.26,3.3,17,54,7,,0.89,0.14,0.12,0.69,0.14,0.12,0.69,0,0,0,0.69,0.96,3.98,-0.28,1.51,1.1,0.41,73,1.1,0,1.1,3.85,0.27,0.41,0.82,1.23,15.11,7.28,0.03,4.26,67.65,3.3,2.06,0.14,0.41,25,0.16,0.57,1.37,0,0.41,33,0.96,0,13.6,19.78,3.57,3.71,0.82,71.46,12.22,90,3.3,89,0.14,0,0,18.54,75,0.69,87,56,1.37,0.69,21,67,-8,61.56,1.92,0.81,1.39,20.74,79,5.8,6.87,0.96,0.96,0,0.27,8.38,9.34,0.14,0,0,0,0.27,13,57,31,8,64,28,15.62,15.66,0.98,91,0.03,15.25,14.18,0,0,0,0,0,,0,0,,0,0,0,0,0,0,27,9,2.72,16,-0.04,-0.04,0.1,0.29,,0.31
Marvel,Leganés,La Liga 2,2026/2027,653,7.26,7,Left Centre Back,,Man,Spain,24,06/01/03,184,0,0,0.04,0.11,0.41,0,67,0,,0.08,0,0.01,0.14,0,0.01,0.14,0,0,0,0,0.06,0.55,-0.06,0.55,0.41,0.14,75,1.1,0,0.14,0.96,1.38,0.96,4.27,2.8,11.57,6.61,0.05,5.24,24.77,7.58,2.62,2.48,3.86,78,2.03,2.99,0.96,44,0.69,45,0.69,0,8.4,6.25,3.17,1.1,0.28,30.95,1.52,18,0.69,63,0.55,0,0,44.23,88,2.76,78,57,5.24,3.86,17,86,-2,44.32,4.96,0.45,0.46,37.06,98,4.26,7.44,0.41,0.41,0,0.14,0.83,1.24,0,33,0.14,33,0.14,22,71,7,19,70,11,19.46,21.56,0.92,92,2.1,17.88,19.84,0,0,0,0,0,,0,0,,0,0,0,0,0,0,18,9,3.42,31,0.05,0.05,0.09,0.05,,0.24
Kazunari Kita,Real Sociedad B,La Liga 2,2026/2027,651,7.23,7,Left Centre Back,Centre Back,Man,Japan,21,15/09/05,189,0.14,0.14,0.04,0.09,0.41,33,33,0,,0.11,0,0,0.14,0,0,0.14,0,0,0,0.14,0.04,0.55,0.1,0,0,0,,0.55,0,0,0.41,1.38,0.79,6.22,3.16,7.61,4.29,0.07,3.87,24.86,10.1,1.11,0.55,1.94,57,0.34,1.13,1.11,0,0.41,68,2.9,0,5.95,4.14,2.35,1.11,0.41,31.56,1.52,26,0.41,38,0.14,0.14,0,43.57,84,4.29,80,63,7.05,5.95,12,67,-17,34.01,1.24,0.11,0.13,31.67,99,4.85,1.52,0.14,0.14,0,0,0.97,1.11,0,0,0,,0,27,72,1,64,36,0,23.22,21.91,0.94,106,-1.3,21.92,23.17,0,0,0,0,0,,0,0,,0,0,0,0,0,0,24,10,1.65,15,0,0.03,0.05,-0.02,,0.07
Guille Rosas,Sporting Gijón,La Liga 2,2026/2027,650,7.22,7,Right Back,Right Wing Back,Man,Spain,27,16/05/00,175,0,0,0.03,0.05,0.55,0,25,0,,0.01,0,0.04,0.69,0,0.04,0.69,0,0,0,0,0.06,1.25,-0.06,0.97,0.55,0.42,57,0.14,0,1.38,1.11,1.11,1.09,1.25,1.29,20.62,11.49,0.03,7.2,36.08,9.14,2.91,3.74,4.84,79,4.22,5.31,0.97,69,0.97,50,0.55,0,15.92,16.76,5.4,2.08,0.69,38.09,5.26,33,1.52,73,0.42,0,0,44.15,78,2.77,25,48,2.08,4.98,11,71,-7,48.9,5.4,0.22,0.25,39.31,94,5.05,9.41,1.52,1.25,0.28,0,1.25,2.49,0,27,0.42,17,0,27,61,12,34,49,18,19.51,16.93,0.92,96,-2.58,17.9,16.17,0,0,0,0,0,,0,0,,0,0,0,0,0,0,27,11,2.78,25,0.13,0.05,0.05,-0.02,,0.21
Ander Madariaga,Eibar,La Liga 2,2026/2027,648,7.19,7,Left Defensive Midfielder,Left Centre Midfielder,Man,Spain,25,10/03/02,173,0.14,0.14,0.01,0.04,0.14,100,100,0,,0.1,0.28,0.13,0.97,0.28,0.13,0.97,0,0,0,0.42,0.13,1.11,0.28,0.28,0.28,0,100,0.97,0,0.83,0.28,0.97,0.57,2.22,1.27,16.4,8.9,0.02,7.09,35.3,10.42,4.86,1.39,2.36,71,0.77,1.34,0.28,20,0.56,63,0.69,0,14.73,7.45,4.73,3.06,0.97,39.91,5,34,1.95,64,0,0,0,38.92,88,3.06,32,85,3.34,2.5,20,83,-5,47.34,2.78,0.69,0.75,29.47,96,3.37,5.98,0.42,0.42,0,0.28,0.83,1.25,0.56,0,0,,0.28,20,66,15,28,70,2,17.63,18.55,1,98,0.92,17.56,18.16,0,0,0,0,0,,0,0,,0,0,0,0,0,0,17,8,5.24,43,0.06,0.05,0.04,0.02,,0.17
Kuki Zalazar,AD Ceuta FC,La Liga 2,2026/2027,646,7.18,7,Centre Attacking Midfielder,Centre Forward,Man,Spain,29,04/05/98,177,0,0,0.09,0.04,2.23,0,13,3,,0.03,0.14,0.17,2.23,0,0.12,1.53,0.14,0.05,0.7,0.14,0.26,4.46,-0.12,1.67,0.7,0.98,42,3.76,0,1.95,3.34,0.14,0.12,0.84,0.67,19.22,10.03,0,4.6,58.04,7.1,4.46,0.84,0.98,67,0.72,0.84,1.25,25,0.42,38,1.25,0,17.13,15.48,3.9,3.2,0.98,60.04,12.4,72,2.51,78,0.28,0,0,27.03,67,3.2,79,43,1.53,6.69,21,60,-7,59,3.62,0.26,0.39,27.72,84,4.57,7.66,2.93,1.53,1.39,0.14,2.51,4.04,0.42,19,0.98,37,0.28,12,76,12,15,73,13,21.64,17.29,0.93,90,-4.35,20.06,15.58,0,0,0,0,0,,0,0,,0,0,0,0,0,0,30,5,6.7,46,0.04,0.04,0.02,-0.06,,0.04
Taisei Miyashiro,Las Palmas,La Liga 2,2026/2027,644,7.16,7,Right Wing,Right Midfielder,Man,Japan,27,25/05/00,178,0.28,0.28,0.23,0.14,1.68,17,33,2,,0.32,0.28,0.09,0.98,0.28,0.09,0.84,0,0,0.14,0.56,0.32,2.65,0.24,1.12,0.42,0.7,38,1.4,0,2.09,1.82,0.14,0.11,0.84,1.05,12.29,7.82,0,3.21,51.4,5.59,3.49,0.84,0.98,55,0.95,1.06,0.84,56,0.7,56,0.7,0,10.61,12.02,2.51,2.23,0.42,52.83,7.4,70,1.82,81,0,0,0,28.21,79,0.14,15,33,0.98,0.28,25,70,-9,62.79,3.35,0.43,0.58,29.33,88,4.42,11.45,0.56,0.56,0,0.56,4.19,4.75,0,0,0.14,13,0.7,15,63,22,16,60,24,13.39,12.49,0.96,107,-0.9,12.88,13.31,0,0,0,0,0,,0,0,,0,0,0,0,0,0,21,7,2.71,23,0,0.03,0.01,0.19,,0.23
Gerard Gumbau,Granada,La Liga 2,2026/2027,642,7.13,7,Left Defensive Midfielder,Left Centre Midfielder,Man,Spain,32,17/12/94,188,0,0,0.05,0.04,1.26,0,11,1,,0,0.14,0.18,1.82,0,0.06,0.42,0.14,0.12,1.4,0.14,0.23,3.08,-0.09,0.28,0.28,0,100,0.7,0,0.42,0.14,0.7,0.48,0.84,0.67,18.5,10.51,0.02,6.03,41.62,7.71,4.35,2.1,2.8,68,2.09,2.57,1.96,40,0.98,64,0.98,0,14.44,14.63,5.05,3.08,1.12,44.03,5.47,38,1.82,59,0.28,0,0,35.61,84,6.73,81,68,2.24,8.55,21,85,1,52.5,5.89,0.54,0.56,27.34,98,4.83,8.41,3.08,1.12,1.96,0,0.7,1.82,0,23,0.84,43,0.14,14,74,12,18,73,8,25.06,23.28,0.94,90,-1.79,23.44,20.92,0,0,0,0,0,,0,0,,0,0,0,0,0,0,18,8,8.12,50,0.15,0.06,0.05,-0.06,,0.21
Pablo Vázquez,Sporting Gijón,La Liga 2,2026/2027,642,7.13,7,Left Centre Back,Centre Back,Man,Spain,32,06/10/94,184,0,0,0.07,0.06,1.12,0,25,0,,0.01,0,0.01,0.28,0,0.01,0.28,0,0,0,0,0.07,1.4,-0.07,0.14,0.14,0,100,0.14,0,0,0.14,0.84,0.65,4.77,4.46,9.11,4.77,0.06,5.47,25.72,13.74,1.54,1.12,1.96,62,1.14,1.79,0.98,38,0.7,78,2.94,0.14,7.01,8.01,3.08,0.98,0.42,29.77,0.98,14,0.28,29,0.42,0,0,53.97,86,3.08,16,48,5.61,5.61,13,83,-3,35.28,1.96,0.2,0.22,40.51,100,5.32,2.38,0.14,0.14,0,0,2.66,2.8,0,0,0,0,0.14,29,69,2,41,59,0,21.5,20.28,0.91,101,-1.22,19.56,20.54,0,0,0,0,0,,0,0,,0,0,0,0,0,0,21,9,2.64,24,0.04,0.04,0.08,-0.08,,0.08
Óscar Sanz Naval,CE Sabadell FC,La Liga 2,2026/2027,641,7.12,7,Right Centre Back,Left Centre Back,Man,Spain,27,07/03/00,183,0.14,0.14,0.03,0.05,0.7,20,40,0,,0.02,0,0.07,1.12,0,0.06,0.84,0,0.02,0.28,0.14,0.11,1.83,0.03,0.14,0.14,0,100,0.28,0,0,0.14,1.4,1.09,4.21,2.92,13.35,5.76,0.03,6.04,34.39,11.24,2.25,2.11,3.51,88,1.44,2.54,1.83,0,0.28,74,2.39,0,9.41,5.57,3.93,2.67,1.12,39.68,2.81,30,0.84,32,0.42,0,0,29.78,70,6.04,14,52,6.04,9.69,14,56,-14,44.73,4.5,0.33,0.33,18.82,99,4.41,3.93,1.55,0.28,1.26,0.14,1.69,1.97,0.14,45,0.7,25,0.28,31,59,9,32,57,11,27.56,25.21,0.93,93,-2.35,25.59,23.35,0,0,0,0,0,,0,0,,0,0,0,0,0,0,29,11,4.62,31,0.17,0.04,0.03,-0.03,,0.2
Quadri Liameed,CE Sabadell FC,La Liga 2,2026/2027,641,7.12,7,Right Centre Midfielder,Left Centre Midfielder,Man,Nigeria,25,07/04/02,174,0,0,0.04,0.04,1.12,0,38,2,,0.09,0.28,0.18,0.98,0.28,0.18,0.98,0,0,0,0.28,0.23,2.11,0.05,0.14,0.14,0,100,1.26,0,1.4,0.84,0.56,0.21,0.42,0.29,19.95,11.52,0.03,6.04,49.69,7.73,4.92,1.83,2.39,100,0.94,1.15,1.26,,0,47,0.98,0,16.86,10.27,5.2,2.39,0.7,49.85,7.87,47,1.83,76,0.28,0,0,24.58,76,0.42,10,27,0.56,1.4,18,75,-1,58.36,4.07,0.4,0.46,22.2,92,4.49,7.3,0.98,0.98,0,0.56,1.26,2.25,0,29,0.7,71,0.42,23,64,13,27,63,10,16.47,14.03,0.94,100,-2.44,15.45,14.09,0,0,0,0,0,,0,0,,0,0,0,0,0,0,26,11,3.3,22,0.03,0.05,0.03,0.02,,0.13
A. Alvarez,Celta de Vigo B,La Liga 2,2026/2027,639,7.09,7,Left Centre Back,Right Centre Back,Man,Spain,20,09/03/07,185,0,0,0.01,0.02,0.42,0,67,0,,0.03,0.14,0.03,0.14,0.14,0.03,0.14,0,0,0,0.14,0.04,0.56,0.1,0,0,0,,0.42,0,0.14,0.14,0.7,0.6,5.07,4.94,11.13,5.92,0.04,4.37,26,10.57,1.83,1.55,2.26,85,1.25,1.85,1.13,33,0.28,70,2.26,0.14,8.46,8.04,2.68,1.55,0.7,28.02,0.85,10,0.42,27,0.56,0,0,62.86,88,2.82,6,56,7.05,3.1,19,71,-17,41.76,6.62,0.42,0.45,53.42,99,5.38,8.88,0.14,0.14,0,0,0.42,0.56,0,0,0,,0.14,18,78,3,22,76,2,20.57,22.13,0.98,96,1.56,20.14,21.26,0,0,0,0,0,,0,0,,0,0,0,0,0,0,15,8,3.51,28,-0.01,0.09,0.05,0.02,,0.15
Sergio López,Granada,La Liga 2,2026/2027,637,7.07,7,Right Back,,Man,Spain,28,07/04/99,179,0,0,0.03,0.04,0.85,0,17,0,,0.01,0.14,0.16,1.7,0.14,0.15,1.55,0,0.01,0.14,0.14,0.19,2.54,-0.05,0.42,0.28,0.14,67,0.71,0,0.28,0.57,1.41,1.52,1.27,1.49,13.57,6.36,0.04,5.65,35.95,10.32,3.11,2.12,3.53,68,2.36,3.88,0.85,57,0.99,44,0.57,0,10.6,11.13,3.82,1.98,0.57,37.4,2.83,27,1.41,71,0.42,0,0,47.35,80,6.93,16,66,3.68,8.06,17,76,-3,47.6,5.65,0.27,0.4,38.31,99,4.9,11.17,2.26,2.12,0.14,0,0.57,2.69,0.14,69,1.7,52,0,27,64,9,33,61,6,22.66,24.84,0.95,91,2.18,21.58,22.68,0,0,0,0,0,,0,0,,0,0,0,0,0,0,25,12,5.99,34,0.28,0.07,0.07,-0.02,,0.4
Ferney Otero,Sporting Gijón,La Liga 2,2026/2027,631,7.01,7,Centre Forward,Right Centre Forward,Man,Colombia,32,25/05/95,182,0.14,0.14,0.15,0.08,1.85,8,31,2,,0.11,0.14,0.2,1.43,0.14,0.2,1.43,0,0,0,0.29,0.35,3.28,-0.07,2.14,1.43,0.71,67,2.42,0,2.14,4.56,0.14,0.14,1,1.15,15.97,5.7,0.04,3.99,61.54,4.42,3.28,0.14,0.29,17,0.08,0.22,1.43,0,0.71,51,3.71,0,14.4,15.33,3.56,3.85,0.86,66.34,11.4,79,3.14,81,0.14,0,0,24.38,67,0.71,20,56,1.43,0.86,33,56,-11,63.55,1.71,0.36,0.44,23.66,80,5.58,8.84,0.43,0.43,0,0.71,4.85,5.27,0,33,0.43,50,1,14,66,21,10,66,24,14.98,12.26,1.05,96,-2.72,15.7,11.75,0,0,0,0,0,,0,0,,0,0,0,0,0,0,34,5,2.91,29,-0.03,0.03,0.07,-0.02,,0.05
Lalo Aguilar,Leganés,La Liga 2,2026/2027,628,6.98,7,Right Centre Back,Right Back,Man,Spain,24,10/06/02,188,0,0,0.03,0.06,0.43,0,67,0,,0.04,0,0,0,0,0,0,0,0,0,0,0.03,0.43,-0.03,0,0,0,,0.57,0,0,0.29,0.14,0.09,5.01,3.19,6.87,3.72,0.07,3.29,18.81,6.16,1.15,0.72,0.86,83,0.65,0.74,0.86,67,0.14,75,2.15,0,5.3,4.09,1.43,0.43,0,27.34,0.43,8,0,0,0,0,0,44.26,89,2.43,17,49,5.16,4.87,13,83,-6,37.08,2.58,0.24,0.24,37.24,100,4.36,3.01,0,0,0,0,1,1,0.14,,0.14,100,0.14,23,73,3,52,43,5,20.62,18.02,0.92,101,-2.6,19.01,18.13,0,0,0,0,0,,0,0,,0,0,0,0,0,0,19,9,1.35,11,0.03,0.04,0.07,-0.01,,0.12
Yussi Diarra,Córdoba CF,La Liga 2,2026/2027,628,6.97,7,Right Defensive Midfielder,Right Centre Midfielder,Man,Mali,28,12/09/98,174,0.14,0.14,0.04,0.04,1,14,29,1,,0.05,0,0.02,0.29,0,0.02,0.29,0,0,0,0.14,0.06,1.29,0.09,0.86,0.72,0.14,83,0.86,0,1,1.15,0.72,0.97,1.15,1.44,12.62,6.02,0.01,4.02,51.83,6.74,3.01,1.58,2.29,69,1.77,2.74,1.58,0,0.72,55,0.86,0,9.46,11.21,3.01,2.72,1,55.07,5.59,59,2.01,74,0.29,0,0,26.1,80,1.86,9,76,1.58,2.01,21,79,-1,53.51,4.88,0.2,0.22,23.37,93,5.48,8.17,0.43,0.43,0,0,2.01,2.44,0,0,0,0,0,20,69,11,21,68,11,17.53,16.11,1,100,-1.43,17.56,16.13,0,0,0,0,0,,0,0,,0,0,0,0,0,0,22,10,3.21,20,-0.01,0.03,0.01,-0.03,,0
Naim García,Leganés,La Liga 2,2026/2027,627,6.97,7,Right Wing Back,Right Midfielder,Man,Spain,24,10/06/02,179,0.29,0.29,0.04,0.03,1.58,18,27,2,,0.02,0.14,0.02,0.43,0.14,0.01,0.29,0,0.01,0.14,0.43,0.06,2.01,0.37,1.15,0.86,0.29,75,1.29,0,1.15,1,0.29,0.29,2.58,1.47,17.51,10.34,0.01,5.89,34.13,7.75,2.73,2.58,2.87,75,1.86,2.15,1,25,0.86,44,0.57,0,13.92,9.79,4.31,2.15,0.57,38.81,3.88,28,1.29,60,0.14,0,0,26.99,68,2.3,80,39,3.59,4.88,20,64,-4,52.64,2.73,0.18,0.19,26.7,93,4.58,6.17,1.15,0.43,0.72,0,0.72,1.15,0,25,0.29,13,0.14,16,67,16,12,67,21,22.52,19.21,0.87,103,-3.31,19.65,19.88,0,0,0,0,0,,0,0,,0,0,0,0,0,0,34,10,3.14,26,0.02,0.07,0.07,-0.05,,0.11
Jérémy Mellot,CD Castellón,La Liga 2,2026/2027,622,6.92,7,Right Centre Back,Right Back,Man,France,33,27/03/94,178,0,0,0.01,0.03,0.29,0,0,0,,0,0,0.08,0.72,0,0.08,0.72,0,0,0,0,0.09,1.01,-0.09,0.43,0,0.43,0,1.45,0,0.14,0.43,1.01,1.42,2.46,3.53,8.68,4.19,0.09,4.19,27,14.75,5.49,1.74,2.75,80,2.58,4,0.72,75,0.43,65,1.88,0,6.22,9.1,2.46,1.59,0.43,32.91,1.16,19,0.58,36,0,0,0.14,74.61,86,6.51,8,66,5.06,7.23,15,78,-8,42.87,7.23,0.85,0.88,60.58,99,4.38,13.74,1.16,1.16,0,0.14,0.29,1.45,0.43,25,0.29,25,0.14,28,66,6,31,65,4,21.05,24.33,0.95,93,3.28,20.06,22.54,0,0,0,0,0,,0,0,,0,0,0,0,0,0,17,7,6.67,40,0.18,0.1,-0.06,-0.01,,0.21
Cristian Carracedo,Córdoba CF,La Liga 2,2026/2027,618,6.87,7,Right Wing,Right Midfielder,Man,Spain,31,29/11/95,179,0.15,0,0.05,0.07,0.73,0,60,1,100,0.23,0.15,0.22,3.2,0.15,0.2,2.62,0,0.03,0.58,0.15,0.27,3.93,-0.13,1.6,1.31,0.29,82,1.75,0,2.47,2.77,0.15,0.22,0.15,0.23,12.37,7.13,0.01,3.35,54.03,5.97,3.2,1.02,1.16,50,1.2,1.42,1.16,22,1.02,20,0.15,0,10.19,12.02,2.47,1.6,0.29,55.36,5.68,56,1.46,91,0.29,0,0,36.83,72,2.62,5,46,0.73,5.09,20,73,2,64.28,7.57,0.46,0.63,40.9,90,7.85,15.57,4.8,3.64,1.16,0.15,1.6,5.24,0.15,18,1.16,30,0.29,20,67,13,25,64,11,20.45,17.54,0.92,91,-2.91,18.82,15.92,0,0,0,0,0,,0,0,,0,0,0,0,0,0,24,9,8.53,51,0.25,0.16,-0.08,0.07,,0.41
Rubén Alcaraz,Granada,La Liga 2,2026/2027,610,6.78,7,Right Defensive Midfielder,Centre Defensive Midfielder,Man,Spain,36,30/04/91,180,0,0,0.05,0.04,1.48,0,20,1,,0.01,0,0.02,0.59,0,0.02,0.59,0,0,0,0,0.07,2.07,-0.07,0.15,0.15,0,100,1.62,0,0.89,0.44,0.44,0.25,1.62,1.7,21.1,11.81,0.04,7.53,37.01,11.22,3.98,1.48,1.92,91,1.13,1.39,2.07,75,0.15,67,1.77,0.15,17.86,16.03,5.9,3.1,1.18,39.75,4.87,27,1.48,48,0.15,0,0,45.75,82,5.02,14,59,3.69,6.49,21,71,-11,45.49,5.46,0.48,0.5,36.3,97,5.6,7.97,0.3,0.3,0,0,2.21,2.51,0,0,0.15,50,0.3,23,70,7,28,69,4,23.53,24.93,0.92,96,1.4,21.62,24.06,0,0,0,0,0,,0,0,,0,0,0,0,0,0,21,10,4.77,31,0.01,0.07,0.04,-0.07,,0.06
Dani Villahermosa,Real Oviedo,La Liga 2,2026/2027,607,6.74,7,Left Defensive Midfielder,Centre Attacking Midfielder,Man,Spain,26,01/01/01,172,0,0,0.04,0.05,0.74,0,0,0,,0,0,0.03,0.89,0,0.03,0.89,0,0,0,0,0.06,1.63,-0.06,0.89,0.45,0.45,50,0.89,0,0.74,1.04,0.3,0.21,0.15,0.26,18.25,10.09,0,5.93,50.11,8.46,3.56,1.48,1.78,59,1.27,1.48,0.74,22,1.04,13,0.3,0,16.02,16.35,4.75,4.45,1.04,50.17,8.16,51,2.23,50,0.15,0,0,43.02,82,2.67,18,50,1.48,4.01,18,65,-17,52.88,5.34,0.28,0.29,35.31,95,4.77,10.24,0.45,0.45,0,0.3,1.19,1.63,0,0,0,0,0.3,20,65,15,20,74,6,19.1,21.44,0.92,91,2.35,17.62,19.42,0,0,0,0,0,,0,0,,0,0,0,0,0,0,18,5,4.81,33,-0.02,0.08,0.02,-0.03,,0.05
Adrián Fuentes,Mallorca,La Liga 2,2026/2027,602,6.69,7,Centre Forward,Right Centre Forward,Man,Spain,30,16/07/96,186,0.6,0.6,0.48,0.23,2.09,29,57,6,,0.54,0,0.07,0.75,0,0.07,0.75,0,0,0,0.6,0.55,2.84,0.04,1.49,0.9,0.6,60,1.94,0,1.94,3.59,0.15,0.15,0.6,0.7,18.09,7.92,0.04,4.19,69.28,2.84,1.64,0.15,0.3,100,0.22,0.37,1.79,,0,29,0.9,0,16.14,19.74,3.74,3.29,1.2,73.14,15.1,94,3.14,95,0,0,0,12.11,51,0.15,82,100,0.6,0.15,28,43,-7,56.84,1.05,0.33,0.59,14.8,71,7.01,2.24,0,0,0,0.15,4.33,4.33,0.15,,0,0,0.15,17,69,14,27,60,13,14.92,16.23,1.09,124,1.31,16.29,20.09,0,0,0,0,0,,0,0,,0,0,0,0,0,0,40,4,2.45,16,-0.08,0.03,0.03,0.05,,0.03
Pau López,FC Andorra,La Liga 2,2026/2027,598,6.65,6,Goalkeeper,,Man,Spain,32,12/12/94,189,0,0,0,,0,,,0,,0,0,0,0,0,0,0,0,0,0,0,0,0,0,0,0,0,,0.15,0,0,0,0,0,0,0,0.3,0.15,0,6.47,3.33,6.17,0.3,0,0,,0,0,0.15,,0,,0,0,0.15,0.08,0,0,0,16.4,0,0,0,,0.15,0,0,40.18,81,9.33,71,53,2.56,15.05,16,76,-5,15.74,0.6,0.17,0.17,37.02,100,4.91,0.6,0,0,0,0,0,0,0.15,,0,,0,37,63,0,100,0,0,33.62,31.58,0.82,81,-2.04,27.45,25.45,1.66,1.42,-0.24,50,57,-7,1.38,3.31,32,10.23,1.86,0,0,31.31,-6,15,4,2.05,11,0.09,0.05,-0.01,,-0.31,-0.18
Giovanni Bonfanti,Las Palmas,La Liga 2,2026/2027,597,6.64,7,Left Centre Back,Left Back,Man,Italy,24,16/01/03,187,0,0,0.01,0.07,0.15,0,0,0,,0,0,0.01,0.15,0,0.01,0.15,0,0,0,0,0.02,0.3,-0.02,0.45,0.15,0.3,33,0.9,0,1.05,0.3,1.05,1.32,2.41,2.5,10.85,4.82,0.01,4.37,29.45,6.48,1.36,1.66,2.71,92,2.25,3.57,1.36,100,0.15,55,0.9,0,7.84,9.16,2.11,1.66,0.75,35.02,1.66,21,0.3,18,0.3,0,0,41.74,85,2.41,84,52,2.71,4.37,10,66,-19,41.54,3.47,0.29,0.34,37.37,96,5.18,4.22,0.45,0.45,0,0,0.45,0.9,0,100,0.45,60,0,27,68,4,32,64,4,19.37,22.84,0.9,85,3.48,17.34,19.43,0,0,0,0,0,,0,0,,0,0,0,0,0,0,19,7,3.09,26,0.04,0.02,0.02,-0.02,,0.06
Diego Barri,CD Castellón,La Liga 2,2026/2027,597,6.64,7,Left Defensive Midfielder,Right Defensive Midfielder,Man,Spain,31,18/09/95,188,0.15,0.15,0.1,0.09,1.05,14,29,1,,0.15,0,0.08,1.05,0,0.08,1.05,0,0,0,0.15,0.17,2.11,-0.02,0.6,0.3,0.3,50,1.21,0,1.36,1.81,1.21,1.82,0.3,0.43,15.07,8.44,0,4.22,47.18,14.01,7.23,1.96,3.16,68,2.92,4.74,0.9,40,0.9,67,0.3,0,12.36,18.58,3.16,4.37,1.05,47.09,5.42,44,2.26,52,0.15,0,0,66.91,91,1.96,10,81,0.3,2.41,16,96,5,53.54,8.74,0.63,0.71,57.11,95,3.79,22,1.36,1.36,0,0.15,1.51,2.86,0.15,0,0,0,0.3,19,70,12,25,66,8,16.5,13.6,0.98,97,-2.9,16.15,13.22,0,0,0,0,0,,0,0,,0,0,0,0,0,0,15,9,5.77,39,0.04,0.11,0.02,0.02,,0.19
Pablo Sáenz,Real Oviedo,La Liga 2,2026/2027,596,6.63,7,Right Wing,Right Midfielder,Man,Spain,26,21/05/01,175,0.3,0.3,0.11,0.04,2.72,11,28,4,,0.14,0,0.14,1.81,0,0.07,1.21,0,0.07,0.6,0.3,0.25,4.53,0.05,1.66,1.06,0.6,64,2.26,0,1.36,1.96,0,0,0.15,0.1,20.37,11.32,0.01,6.94,51.66,5.13,3.17,2.72,2.72,95,3.03,3.03,1.06,100,0.15,13,0.15,0,16.6,15.85,5.58,4.07,1.51,52.09,8.75,53,3.02,74,0,0,0,29.57,69,3.17,82,58,0.75,4.83,21,62,-6,63.12,3.77,0.22,0.35,31.99,90,6.29,11.02,1.96,1.21,0.75,0.15,2.26,3.47,0.15,23,0.75,26,0.45,17,72,11,25,64,11,20.15,16.32,0.97,99,-3.84,19.5,16.17,0,0,0,0,0,,0,0,,0,0,0,0,0,0,32,10,5.42,39,0.02,0.1,0.03,-0.03,,0.12
Iván Alejo,Real Valladolid,La Liga 2,2026/2027,596,6.63,6,Right Back,Right Wing Back,Man,Spain,32,09/02/95,186,0,0,0,0.03,0.15,0,0,0,,0,0,0.06,0.91,0,0.06,0.91,0,0,0,0,0.07,1.06,-0.07,1.66,0.75,0.91,45,3.32,0,1.66,2.11,0.45,0.41,1.36,1.22,22.34,13.73,0.03,7.09,36.57,6.79,2.87,3.32,3.77,73,3.48,3.88,2.57,38,1.21,17,0.15,0,16.45,16.54,4.98,2.72,0.75,39.48,4.83,29,1.66,61,0.15,0,0,37.28,77,3.17,6,49,2.57,5.28,15,62,-15,54.37,4.23,0.17,0.22,37.13,90,5.75,8.75,0.91,0.75,0.15,0.3,1.51,2.26,0,67,1.51,36,0.45,22,66,12,29,55,16,20.41,18.4,0.94,79,-2,19.2,14.6,0,0,0,0,0,,0,0,,0,0,0,0,0,0,23,8,3.47,29,0.1,0.12,0,-0.01,,0.21
Adrià Capdevila,Celta de Vigo B,La Liga 2,2026/2027,596,6.62,7,Left Defensive Midfielder,Right Defensive Midfielder,Man,Spain,23,11/01/04,170,0.15,0.15,0.05,0.07,0.75,20,40,1,,0.16,0,0.04,0.6,0,0.04,0.6,0,0,0,0.15,0.09,1.36,0.06,0.6,0.45,0.15,75,2.72,0,0.91,1.66,1.36,1.16,0.75,0.64,24.45,11.32,0.02,8.6,41.11,8.6,4.38,3.17,4.53,81,2.84,4,2.26,29,0.75,33,0.45,0,19.02,18.12,6.94,5.43,1.96,43.01,7.25,38,2.57,47,0.6,0,0,28.98,88,0.91,11,60,1.21,1.06,15,81,-8,52.17,3.17,0.2,0.28,27.47,92,4.89,8.6,0.3,0.3,0,0.15,0.75,1.06,0,0,0,0,0.15,14,76,10,14,77,9,17.7,20.99,0.99,95,3.3,17.49,19.89,0,0,0,0,0,,0,0,,0,0,0,0,0,0,15,8,2.87,24,0.01,0.09,0.14,0.03,,0.27
Dani Calvo,Real Oviedo,La Liga 2,2026/2027,593,6.59,6,Right Centre Back,Left Centre Back,Man,Spain,33,31/03/94,193,0.15,0.15,0.05,0.06,0.76,20,40,0,,0.09,0,0.02,0.3,0,0.02,0.3,0,0,0,0.15,0.06,1.06,0.09,0,0,0,,0.61,0,0,0,0.61,0.55,3.95,4.07,7.13,3.34,0.1,3.19,27.33,11.54,2.12,0.91,1.52,75,0.96,1.51,0.76,33,0.3,74,3.04,0.15,5.46,6.29,2.43,1.06,0.3,32.23,1.37,25,0.61,57,0.3,0,0,47.81,89,3.19,19,62,4.71,4.4,11,76,-12,38.19,3.19,0.3,0.32,34,100,3.84,3.95,0,0,0,0.3,1.52,1.52,0,,0,,0.3,21,75,4,31,69,0,21.81,19.53,0.95,94,-2.27,20.81,18.45,0,0,0,0,0,,0,0,,0,0,0,0,0,0,15,7,2.91,18,0.07,0.04,0.07,0,,0.18
Manu Morlanes,Mallorca,La Liga 2,2026/2027,592,6.58,7,Right Defensive Midfielder,Left Defensive Midfielder,Man,Spain,28,11/01/99,178,0,0,0.01,0.03,0.46,0,0,0,,0,0,0.07,1.22,0,0.07,1.22,0,0,0,0,0.08,1.67,-0.08,0.15,0,0.15,0,0.76,0.15,0.46,0.61,0.91,1.25,1.22,1.43,21.43,12,0,6.23,42.47,10.18,3.95,2.74,3.65,72,3.15,4.4,2.74,30,1.06,40,0.91,0,15.96,18.76,5.01,4.41,1.67,44.21,5.47,34,1.67,38,0.3,0,0,52.88,87,2.13,9,64,1.67,2.89,26,86,-1,50.4,4.56,0.28,0.35,42.7,98,5.09,9.88,0.46,0.46,0,0,0.61,1.06,0.3,0,0,0,0,19,68,13,18,75,6,18.08,16.39,0.97,100,-1.69,17.52,16.33,0,0,0,0,0,,0,0,,0,0,0,0,0,0,13,6,4.98,35,0,0.15,0,-0.01,,0.15
Aimar Duñabeitia,Sporting Gijón,La Liga 2,2026/2027,592,6.57,7,Right Centre Back,,Man,Spain,24,25/02/03,184,0.15,0.15,0.09,0.1,0.91,17,17,1,,0.11,0,0.01,0.15,0,0.01,0.15,0,0,0,0.15,0.1,1.06,0.05,0.61,0.61,0,100,1.98,0,1.06,0.15,1.22,1.33,3.96,3.85,7.45,4.87,0.09,3.35,27.13,12.32,2.13,0.91,2.13,75,0.95,2.28,0.91,60,0.3,62,2.74,0,5.63,6.24,1.83,1.22,0.61,34.41,1.52,27,0.3,25,0.46,0,0,47.16,83,4.11,23,51,5.32,6.69,20,81,-2,38.75,4.26,0.26,0.29,39.55,97,6.08,4.41,0.15,0.15,0,0,1.06,1.22,0,0,0,,0,28,70,2,48,52,0,22.66,22.11,0.89,94,-0.55,20.1,20.67,0,0,0,0,0,,0,0,,0,0,0,0,0,0,21,7,1.67,15,0.07,0.07,0.2,0.02,,0.36
Agustín Sienra,CD Castellón,La Liga 2,2026/2027,591,6.57,6,Left Centre Back,,Man,Argentina,27,13/07/99,185,0.15,0.15,0.14,0.24,0.61,25,25,0,,0.15,0,0.09,0.3,0,0.09,0.3,0,0,0,0.15,0.23,0.91,-0.08,0.15,0.15,0,100,0.3,0,0.15,0.3,1.07,1.57,5.48,7.73,10.5,6.7,0.02,6.54,27.6,8.83,2.74,1.98,3.04,62,2.92,4.49,0.46,50,1.22,70,2.89,0,8.07,11.89,3.96,1.98,0.91,30.34,1.52,19,0.46,23,0,0,0,61.04,86,2.89,81,48,6.7,4.87,14,75,-10,40.12,3.96,0.9,1,50.23,99,3.77,7,0.61,0.61,0,0.15,1.37,1.98,0,0,0,,0.15,22,73,5,33,61,7,20.66,22.21,0.94,99,1.55,19.41,22.01,0,0,0,0,0,,0,0,,0,0,0,0,0,0,19,7,5.42,31,0.06,0.02,0.03,0,,0.11
Jokin Ezkieta,Cádiz,La Liga 2,2026/2027,590,6.56,6,Goalkeeper,,Man,Spain,30,16/08/96,193,0,0,0,,0,,,0,,0,0,0,0,0,0,0,0,0,0,0,0,0,0,0,0,0,,0,0,0,0,0,0,0,0,0,0,0,6.4,2.66,4.57,0,0,0,,0,0,0,,0,,0,0,0,0,0,0,0,,0,,0,,0,0,0,22.11,73,4.27,14,39,2.59,8.39,21,59,-14,11.56,0.3,0.05,0.05,19.06,100,4.94,0.3,0,0,0,0,0,0,0,,0,,0,37,63,0,100,0,0,33.28,36.52,0.77,74,3.24,25.72,27,1.37,1.37,0,75,75,0,1.16,5.49,45,12.2,1.97,0,0,16.12,-3,22,3,0.46,4,0.05,0.1,-0.01,,-0.19,-0.04
Víctor Moreno,Tenerife,La Liga 2,2026/2027,590,6.56,7,Left Centre Forward,Right Midfielder,Man,Spain,21,29/09/05,174,0,0,0.02,0.05,0.46,0,100,1,,0.04,0,0.06,1.07,0,0.06,1.07,0,0,0,0,0.08,1.53,-0.08,3.2,2.29,0.92,71,0.92,0,1.53,2.9,0.15,0.06,0.31,0.21,29.44,13.12,0,7.78,57.99,5.8,2.59,2.44,2.59,94,1.67,1.73,1.22,83,0.15,20,0.76,0,25.78,17.2,7.02,5.03,1.83,59.85,18.31,71,3.97,79,0.15,0,0,23.65,71,0.31,4,15,0.31,1.98,27,75,4,61.03,3.51,0.31,0.34,26.39,86,6.49,8.7,0.46,0.46,0,0.15,1.53,1.98,0,33,0.31,17,0.31,20,53,28,25,44,32,16.37,13.39,0.9,114,-2.98,14.75,15.33,0,0,0,0,0,,0,0,,0,0,0,0,0,0,32,11,3.78,34,-0.07,0.08,0.03,0,,0.03
Miquel Codina Sayol,CE Sabadell FC,La Liga 2,2026/2027,589,6.54,7,Left Wing Back,Left Centre Back,Man,Spain,25,15/03/02,185,0,0,0.08,0.07,1.07,0,14,2,,0.12,0,0.15,0.61,0,0.15,0.61,0,0,0,0,0.23,1.68,-0.23,0.76,0.31,0.46,40,1.07,0,2.29,1.99,0.46,0.24,1.38,0.98,15.13,9.02,0.09,5.5,44.85,9.93,3.67,1.83,2.29,80,0.99,1.23,1.53,50,0.46,59,2.6,0.15,11.77,7.63,3.51,1.38,0.31,46.91,5.5,47,1.22,89,0.15,0,0,25.98,55,1.22,64,25,2.44,3.82,21,40,-16,55.66,2.75,0.37,0.55,20.93,82,6.59,5.5,1.07,1.07,0,0,2.29,3.36,0,43,0.61,25,0.31,36,55,9,14,67,19,21.38,19,0.85,85,-2.39,18.08,16.23,0,0,0,0,0,,0,0,,0,0,0,0,0,0,42,12,3.58,24,0.13,0.11,0.02,0,,0.26
Julien Ponceau,Real Valladolid,La Liga 2,2026/2027,588,6.53,7,Left Defensive Midfielder,Centre Defensive Midfielder,Man,France,26,27/11/00,170,0,0,0.03,0.04,0.61,0,25,1,,0,0.31,0.2,0.77,0.31,0.2,0.77,0,0,0,0.31,0.23,1.38,0.08,0.92,0.46,0.46,50,1.07,0,0.92,1.07,0.77,0.71,0.61,0.6,13.77,6.58,0.02,3.52,45.99,8.57,3.98,1.38,2.14,75,1.13,1.84,1.07,40,0.46,42,0.77,0,11.32,11.4,3.06,2.91,0.31,49.01,5.51,49,2.45,84,0.31,0,0,53.25,91,4.44,11,78,0.92,5.36,10,87,-4,53.41,6.89,0.3,0.49,46.83,96,5.27,15.3,1.53,1.38,0.15,0.15,1.68,3.06,0.15,30,0.61,40,0.77,17,72,11,17,77,6,19.03,16.99,0.98,102,-2.04,18.71,17.31,0,0,0,0,0,,0,0,,0,0,0,0,0,0,13,7,5.8,45,0.19,0.06,-0.07,-0.02,,0.16
Edgar González,CE Sabadell FC,La Liga 2,2026/2027,586,6.51,6,Centre Back,Right Centre Back,Man,Spain,30,31/03/97,193,0.15,0.15,0.06,0.09,0.61,25,25,0,,0.08,0,0,0.15,0,0,0.15,0,0,0,0.15,0.06,0.77,0.09,0,0,0,,0.46,0.15,0.15,0.46,0.61,0.44,5.22,2.93,9.37,3.99,0.07,4.3,28.6,13.05,1.84,0.92,1.54,55,0.68,1.12,1.54,17,0.77,77,4.15,0,6.91,4.61,2.61,1.07,0.15,35.62,2,29,0.46,43,0.61,0,0,34.09,78,1.69,26,34,5.99,4.15,20,72,-5,38.63,1.69,0.21,0.22,21.5,99,5.4,1.84,0.31,0.15,0.15,0,1.84,2,0,50,0.15,100,0.15,32,61,8,25,67,8,21.16,16.92,0.88,95,-4.24,18.62,16.15,0,0,0,0,0,,0,0,,0,0,0,0,0,0,22,12,2.2,13,0.04,0.13,0.09,-0.02,,0.24
Alejandro Francés,Girona,La Liga 2,2026/2027,583,6.48,7,Right Centre Back,Right Back,Man,Spain,24,31/07/02,182,0,0,0.02,0.06,0.31,0,0,0,,0,0,0.07,1.08,0,0.07,1.08,0,0,0,0,0.09,1.39,-0.09,0.46,0.31,0.15,67,1.23,0,0.46,0.31,0.46,0.47,2.93,2.96,12.8,4.78,0.03,5.4,26.17,9.56,2.01,2.93,3.39,70,2.56,3.02,0.62,20,1.23,63,1.54,0,9.26,8.26,3.39,1.7,0,29.44,1.54,17,0.77,45,0,0,0,53.53,88,6.48,15,71,3.55,8.48,12,77,-11,38.03,5.86,0.56,0.62,46.28,98,5.39,7.4,0.77,0.62,0.15,0,0.46,1.08,0,40,0.31,50,0,28,65,7,27,73,0,23.04,21.49,0.96,99,-1.55,22.02,21.28,0,0,0,0,0,,0,0,,0,0,0,0,0,0,19,10,5.17,36,0.11,0.07,0.16,-0.03,,0.31
Fidel,CD Eldense,La Liga 2,2026/2027,583,6.47,7,Right Wing,Right Midfielder,Man,Spain,37,26/10/89,180,0,0,0.1,0.07,1.39,0,33,1,,0.14,0,0.06,2.01,0,0.06,2.01,0,0,0,0,0.16,3.4,-0.16,1.54,0.46,1.08,30,1.39,0,2.32,2.16,0,0,0,0,16.84,8.34,0.02,4.17,52.9,6.95,3.71,0.31,0.31,29,0.36,0.36,0.46,17,0.77,33,0.31,0,16.06,14.2,3.71,3.4,0.93,54.12,9.58,60,2.47,73,0.15,0,0,45.1,73,4.32,85,51,0.93,7.57,18,73,0,60.32,6.8,0.46,0.55,44.33,91,4.27,17.76,3.24,2.63,0.62,0.31,2.63,5.25,0.15,10,0.46,30,0.31,26,62,12,36,54,10,20.48,16.49,0.93,105,-3.99,19.11,17.32,0,0,0,0,0,,0,0,,0,0,0,0,0,0,30,11,7.57,60,0.08,0.05,0.02,-0.02,,0.14
Martin Valjent,Mallorca,La Liga 2,2026/2027,582,6.47,6,Right Centre Back,Left Centre Back,Man,Slovakia,31,10/12/95,187,0,0,0,,0,,,0,,0,0,0.02,0.15,0,0.02,0.15,0,0,0,0,0.02,0.15,-0.02,0,0,0,,0.77,0,0,0.31,0.62,0.84,3.4,4,8.97,3.4,0.06,2.63,32.12,10.05,2.32,0.77,1.39,71,0.87,1.71,1.08,0,0.31,68,2.01,0,7.11,7.96,2.01,1.85,0.46,40.19,2.94,41,1.08,58,0.31,0,0,61.99,90,3.56,28,82,4.33,3.4,17,81,-9,37.92,3.56,0.31,0.31,51.32,100,5.63,3.86,0.15,0.15,0,0,0.62,0.77,0,0,0,0,0,23,74,2,36,60,4,19.5,19.3,0.98,98,-0.2,19.16,18.95,0,0,0,0,0,,0,0,,0,0,0,0,0,0,18,12,3.11,23,-0.02,0.09,0.03,,,0.1
Lander Astiazarán,Real Sociedad B,La Liga 2,2026/2027,582,6.47,6,Left Wing,Right Midfielder,Man,Spain,21,06/04/06,178,0.15,0.15,0.3,0.11,2.63,6,29,4,,0.1,0,0.11,1.08,0,0.11,1.08,0,0,0,0.15,0.4,3.71,-0.25,2.63,1.24,1.39,47,0.77,0,2.47,3.4,0.31,0.29,0.31,0.26,20.25,9.74,0,3.71,53.56,7.11,3.09,1.7,2.01,85,1.29,1.58,1.7,33,0.31,25,0.62,0,16.85,12.67,3.4,2.47,0.77,56.24,10.82,64,2.16,88,0.31,0,0,25.82,64,1.39,23,36,1.08,3.09,22,57,-7,56.98,3.25,0.44,0.79,27.52,80,5.17,6.65,0.93,0.93,0,0.15,5.1,6.03,0.15,17,0.62,33,0.31,20,55,25,12,51,37,19.46,14.45,0.92,91,-5.01,17.9,13.15,0,0,0,0,0,,0,0,,0,0,0,0,0,0,34,7,3.42,30,-0.06,0.06,0.04,-0.14,,-0.1
Germain Miller,Celta de Vigo B,La Liga 2,2026/2027,581,6.46,7,Right Wing Back,Right Back,Man,Cameroon,21,23/05/06,,0,0,0.05,0.12,0.46,0,0,1,,0,0.31,0.2,0.77,0.31,0.2,0.77,0,0,0,0.31,0.25,1.24,0.06,1.24,0.77,0.46,63,1.39,0,1.86,1.24,0.77,0.66,1.39,1.33,12.54,6.5,0.03,6.5,31.85,6.81,2.63,0.77,1.55,63,0.67,1.33,0.62,50,0.46,60,0.46,0,11.15,10.02,5.27,2.17,1.08,35.42,2.63,24,0.93,43,0.15,0,0,27.1,75,1.24,18,62,1.7,1.7,15,58,-17,54.22,2.17,0.19,0.38,25.24,88,4.67,7.43,0.62,0.62,0,0.31,1.08,1.7,0,50,0.46,33,0.31,17,64,19,13,60,27,18,15.68,0.97,105,-2.32,17.4,16.44,0,0,0,0,0,,0,0,,0,0,0,0,0,0,25,9,3.89,34,0.09,0.05,0.13,-0.04,,0.22
Joel Priego,CE Sabadell FC,La Liga 2,2026/2027,581,6.45,7,Left Centre Forward,Right Centre Forward,Man,Spain,28,31/03/99,173,0,0,0.08,0.04,2.01,0,23,3,,0.03,0.15,0.16,1.39,0.15,0.14,1.24,0,0.02,0.15,0.15,0.24,3.41,-0.09,0.31,0.31,0,100,0.62,0,2.79,2.48,0.93,0.67,0,0,31.14,16.11,0.02,6.51,63.59,6.97,4.96,1.39,2.32,75,0.95,1.62,1.39,33,0.46,11,0.15,0,28.51,18.17,5.73,4.96,1.7,64.2,21.23,74,4.18,84,0.15,0,0,22.47,62,1.55,85,53,0.62,2.32,25,54,-8,64.12,3.41,0.39,0.48,24.48,81,5.33,8.99,1.08,0.93,0.15,0.15,3.25,4.18,0,43,0.62,27,0.31,20,65,15,21,62,17,18.9,15.36,0.99,119,-3.54,18.69,18.33,0,0,0,0,0,,0,0,,0,0,0,0,0,0,26,5,3.98,25,0.03,0.07,0.02,-0.08,,0.03
Alejandro Camacho,AD Ceuta FC,La Liga 2,2026/2027,579,6.44,7,Left Wing,Left Midfielder,Man,Spain,29,30/01/98,178,0,0,0.12,0.05,2.64,0,35,4,,0.21,0,0.02,0.31,0,0.02,0.31,0,0,0,0,0.15,2.95,-0.15,2.8,1.86,0.93,67,0.78,0,2.02,1.55,0.62,0.68,0.31,0.31,19.89,10.41,0,6.37,46.85,5.59,2.95,2.49,3.11,80,1.9,2.58,1.4,60,0.62,33,0.31,0,16,13.85,5.59,4.04,1.55,47.83,7.77,49,3.42,85,0.16,0,0,26.1,75,0.31,14,33,0.47,0.78,23,66,-9,57.68,2.64,0.21,0.27,27.81,88,6.99,8.39,1.09,1.09,0,0.47,3.42,4.51,0,0,0.31,25,0.47,18,63,19,17,65,19,14.95,14.59,1,109,-0.36,14.96,15.85,0,0,0,0,0,,0,0,,0,0,0,0,0,0,31,11,2.35,17,0.04,0.16,0.03,-0.01,,0.22
Aleix Garrido,Eibar,La Liga 2,2026/2027,579,6.43,7,Right Defensive Midfielder,Right Centre Midfielder,Man,Spain,23,21/02/04,166,0.16,0.16,0.1,0.21,0.47,33,33,1,,0.14,0,0.08,0.78,0,0.07,0.47,0,0.02,0.31,0.16,0.18,1.24,-0.03,0.78,0.47,0.31,60,0.78,0,0.62,0.62,1.4,0.73,2.18,0.88,19.75,10.89,0.01,7.31,39.15,7,2.33,1.4,2.8,56,0.88,1.61,0.78,13,1.09,60,0.47,0,17.57,8.47,6.38,3.89,1.4,40.9,7,40,2.96,76,0,0,0,38.73,90,3.11,10,83,2.33,3.58,13,82,-8,47.51,4.67,0.45,0.51,31.11,96,4.62,7.15,1.56,1.09,0.47,0.16,1.09,2.18,0.16,10,0.16,50,0.31,17,71,12,30,65,4,19.41,19.13,1,98,-0.28,19.33,18.73,0,0,0,0,0,,0,0,,0,0,0,0,0,0,14,7,5.12,46,0.08,0.05,0.07,0.09,,0.29
Ton Ripoll,CE Sabadell FC,La Liga 2,2026/2027,577,6.41,7,Right Wing Back,Right Back,Man,Spain,29,26/05/98,178,0,0,0.14,0.1,1.4,0,33,2,,0.26,0.31,0.21,1.87,0,0.12,0.62,0.31,0.1,1.25,0.31,0.36,3.28,-0.05,0.31,0.31,0,100,0.78,0,1.72,1.09,0,0,2.03,1.38,12.33,5.93,0.02,4.37,44.37,9.98,4.99,1.56,1.56,67,1.13,1.13,0.94,57,0.78,53,1.4,0,10.14,6.59,2.81,1.4,0.47,48,4.68,46,0.78,56,0.16,0,0,26.37,62,2.81,7,41,2.5,6.4,12,70,8,61.05,2.5,0.36,0.63,19.5,86,5.03,7.18,2.65,0.62,2.03,0.16,2.5,3.12,0,24,0.62,40,0.16,29,56,15,33,43,24,22.83,19.34,0.88,97,-3.49,20.06,18.74,0,0,0,0,0,,0,0,,0,0,0,0,0,0,25,8,6.01,38,0.2,0.06,0.08,-0.11,,0.24
Holmes Zamorano,Girona,La Liga 2,2026/2027,577,6.41,6,Left Centre Back,,Man,Colombia,17,07/08/09,185,0.16,0.16,0.07,0.09,0.78,20,40,0,,0.15,0,0,0,0,0,0,0,0,0,0.16,0.07,0.78,0.09,0.62,0.62,0,100,1.09,0,0.47,0.16,1.09,0.9,4.37,2.92,11.08,5.15,0.11,6.24,23.89,9.05,2.03,1.25,2.34,57,1.04,1.94,1.09,33,0.94,50,2.03,0,8.74,7.48,3.43,1.72,0.47,29.06,1.72,20,0.78,45,0.16,0,0,54.94,91,2.81,17,51,5.62,4.21,12,77,-13,33.02,2.65,0.6,0.61,48.07,99,4.97,2.34,0.31,0.31,0,0,1.4,1.72,0.16,0,0,,0,21,76,3,40,60,0,21.11,23.03,0.94,90,1.91,19.84,20.74,0,0,0,0,0,,0,0,,0,0,0,0,0,0,16,11,4.06,29,0.04,0.03,0.04,0.06,,0.17
Anthony Landázuri,Tenerife,La Liga 2,2026/2027,574,6.38,6,Right Centre Back,Centre Back,Man,Ecuador,30,18/04/97,179,0,0,0,,0,,,0,,0,0,0.01,0.16,0,0.01,0.16,0,0,0,0,0.01,0.16,-0.01,0.16,0.16,0,100,0.78,0,0.16,0,0.47,0.2,3.6,2.29,10.5,6.42,0.08,5.01,27.96,9.24,1.41,1.57,2.04,77,0.86,1.07,0.78,33,0.47,55,1.88,0.16,8.15,5.16,3.29,1.72,0.78,33.54,1.57,19,0.63,36,0.16,0,0,43.24,87,3.6,11,61,4.39,5.17,12,76,-11,39.66,2.98,0.26,0.26,33.69,100,4.17,3.45,0,0,0,0,0,0,0,,0,,0,15,79,6,23,73,5,22.36,21.85,0.95,106,-0.51,21.25,23.22,0,0,0,0,0,,0,0,,0,0,0,0,0,0,15,6,1.8,15,0,0.04,0.11,,,0.15
Juanjo Sánchez,Tenerife,La Liga 2,2026/2027,573,6.37,7,Right Defensive Midfielder,Left Defensive Midfielder,Man,Spain,27,21/03/00,174,0,0,0.01,0.04,0.31,0,50,1,,0.01,0,0.01,0.47,0,0.01,0.47,0,0,0,0,0.02,0.78,-0.02,0.47,0.31,0.16,67,0.94,0,0.63,0.31,0.94,0.48,0.94,0.51,25.43,12.87,0.02,7.06,42.06,10.83,5.65,2.98,3.92,66,1.78,2.27,2.04,58,1.57,40,0.31,0,20.72,13.06,5.96,3.14,1.57,43.55,7.38,36,2.04,65,0.16,0,0,29.98,83,3.14,15,77,1.73,3.3,19,84,1,50.51,3.3,0.21,0.21,22.6,97,6.93,5.81,0.16,0.16,0,0,0.16,0.31,0,0,0,0,0,12,77,11,11,84,5,21,19.18,1.02,110,-1.83,21.38,21.16,0,0,0,0,0,,0,0,,0,0,0,0,0,0,18,3,1.95,17,0.02,0.06,0.08,-0.01,,0.15
José Arnáiz,Granada,La Liga 2,2026/2027,570,6.33,7,Left Wing,Centre Attacking Midfielder,Man,Spain,32,14/04/95,173,0,0,0.14,0.06,2.21,0,57,3,,0.12,0,0.15,1.42,0,0.1,1.11,0,0.05,0.32,0,0.29,3.63,-0.29,0.79,0.47,0.32,60,1.42,0,1.58,1.58,0.32,0.27,0.79,0.85,11.53,4.9,0.02,5.21,57.96,3.63,1.9,0.16,0.47,33,0.23,0.5,0.47,0,0.32,45,1.42,0,10.9,13.04,4.27,2.37,0.95,60.18,8.06,74,2.21,93,0,0,0,24.33,69,1.9,21,41,2.21,3.16,22,59,-10,64.7,3.95,0.31,0.52,24.96,88,7.39,9.95,1.11,0.47,0.63,0.32,2.69,3.16,0,29,0.63,20,0.63,14,66,20,17,62,21,21.31,22.33,0.91,96,1.02,19.29,21.41,0,0,0,0,0,,0,0,,0,0,0,0,0,0,29,7,6.11,36,0.07,0.13,-0.12,0,,0.08
Álex Serra,CD Eldense,La Liga 2,2026/2027,570,6.33,6,Right Centre Back,,Man,Spain,24,13/08/02,189,0,0,0.04,0.11,0.32,0,50,0,,0.02,0,0.01,0.16,0,0.01,0.16,0,0,0,0,0.04,0.47,-0.04,0.16,0.16,0,100,1.58,0,0.32,0.16,0.47,0.36,3.79,3.93,6.48,3.48,0,3.16,25.42,12.64,2.84,0.95,1.42,75,0.99,1.35,0.95,50,0.32,60,1.42,0,4.58,4.25,2.05,0.79,0.32,33.53,1.11,24,0.32,40,0.32,0,0,49.62,84,3.48,19,55,4.74,5.37,13,86,2,39.3,4.11,0.3,0.31,38.71,99,6.04,5.21,0.16,0.16,0,0,0.79,0.95,0,100,0.16,100,0,24,72,4,18,76,6,21.38,20.96,0.92,105,-0.43,19.68,22.05,0,0,0,0,0,,0,0,,0,0,0,0,0,0,19,9,4.23,29,0.02,0.05,0.06,0,,0.12
Zico Buurmeester,Leganés,La Liga 2,2026/2027,567,6.3,7,Right Centre Midfielder,Right Defensive Midfielder,Man,Netherlands,24,06/06/02,184,0,0,0.06,0.06,0.95,0,50,1,,0.22,0,0.03,0.32,0,0.03,0.32,0,0,0,0,0.1,1.27,-0.1,0.32,0.16,0.16,50,0.48,0,0.64,0.79,0.79,0.31,1.43,0.91,23.34,11.43,0,6.03,40.64,6.83,2.7,2.54,3.33,84,1.82,2.12,1.91,50,0.48,88,1.11,0,19.06,12.83,4.76,4.45,1.11,43.65,6.19,33,2.54,57,0.16,0,0,33.35,86,1.91,26,60,1.75,2.86,24,80,-6,48.8,3.65,0.32,0.35,26.52,95,3.87,7.78,0.32,0.32,0,0.16,1.59,1.91,0,50,0.32,67,0.32,23,64,13,27,63,10,17.38,15.1,0.96,104,-2.28,16.61,15.74,0,0,0,0,0,,0,0,,0,0,0,0,0,0,18,8,2.03,20,0.04,0.04,-0.08,-0.01,,-0.01
Sergio Ortu,Albacete,La Liga 2,2026/2027,562,6.25,7,Right Defensive Midfielder,Centre Defensive Midfielder,Man,Spain,28,01/03/99,178,0,0,0.06,0.18,0.32,0,50,0,,0.03,0,0.12,0.8,0,0.12,0.8,0,0,0,0,0.18,1.12,-0.18,0.16,0.16,0,100,0.32,0,0.8,0.32,0.64,0.59,0.96,1.2,13.93,7.84,0.01,4.96,43.75,11.04,5.92,1.76,2.4,79,1.74,2.33,1.28,40,0.48,29,0.32,0,10.88,9.18,4.16,3.84,2.08,47.07,5.44,50,2.72,71,0.32,0.16,0,53.78,81,3.84,3,53,1.44,6.72,10,69,-11,53.14,7.2,0.5,0.57,39.54,98,3.94,15.05,1.44,1.28,0.16,0,0.96,2.24,0.16,33,0.64,57,0,26,66,8,31,62,7,20.57,17,0.92,89,-3.57,18.98,15.06,0,0,0,0,0,,0,0,,0,0,0,0,0,0,19,8,5.51,43,0.12,0.06,0.05,-0.02,,0.21
Álex Sala,Mallorca,La Liga 2,2026/2027,562,6.24,7,Right Defensive Midfielder,Right Centre Midfielder,Man,Spain,26,08/04/01,185,0.16,0.16,0.15,0.05,2.72,6,47,3,0,0.19,0.32,0.3,2.72,0,0.13,1.28,0.32,0.18,1.44,0.48,0.45,5.45,0.03,0.96,0.48,0.48,50,1.92,0,1.92,1.76,1.28,1.6,1.28,1.35,16.82,8.49,0,4.16,55.54,5.29,3.68,0.8,2.08,71,1.04,2.64,2.24,50,0.32,29,0.32,0,13.77,17.17,3.2,2.24,0.48,59.14,9.93,72,1.92,86,0.16,0,0,34.28,81,3.36,11,54,1.76,5.77,18,82,1,59.59,6.57,0.3,0.39,34.92,91,6.3,12.01,3.2,0.96,2.24,0.16,2.72,3.68,0,15,0.48,60,0.32,12,74,14,13,72,15,19.81,14.78,0.92,107,-5.03,18.23,15.74,0,0,0,0,0,,0,0,,0,0,0,0,0,0,19,8,6.26,41,0.22,0.08,0.08,-0.16,,0.2
Luca Zidane,Leganés,La Liga 2,2026/2027,557,6.19,6,Goalkeeper,,Man,Algeria,29,12/05/98,183,0,0,0,,0,,,0,,0,0,0,0,0,0,0,0,0,0,0,0,0,0,0.32,0.32,0,100,0.32,0,0,0,0,0,0.16,0.12,0,0,0,7.92,2.85,4.36,0,0,0,,0,0,0,,0,,0,0.16,0,0,0,0,0,,0,,0,,0,0,0,26.49,65,5.98,12,32,4.68,14.05,19,59,-6,15.65,1.13,0.36,0.36,24.23,100,5.5,0.97,0,0,0,0,0,0,0,,0,,0,49,51,0,67,33,0,39.57,40.77,0.66,72,1.2,26.26,29.23,0.65,0.98,0.34,85,78,8,1.3,4.36,28,15.51,1.53,0.16,0.16,23.11,-3,36,4,1.34,10,0.09,0.09,0,,0.01,0.2
Pere Pons,CE Sabadell FC,La Liga 2,2026/2027,555,6.16,7,Left Centre Midfielder,Left Defensive Midfielder,Man,Spain,34,19/02/93,177,0,0,0.08,0.08,0.97,0,17,1,,0.07,0,0.02,0.81,0,0.02,0.81,0,0,0,0,0.1,1.79,-0.1,0.16,0,0.16,0,1.3,0,0.81,0.97,0.16,0.11,0.81,0.43,14.93,9.09,0.04,2.92,49.42,10.39,6.82,0.97,1.14,75,0.56,0.68,1.95,0,0.32,53,1.62,0,12.01,6.63,2.6,4.71,0.81,50.9,6.17,51,3.57,76,0.16,0,0,28.72,71,1.79,27,61,1.14,2.6,28,71,0,55.4,3.89,0.47,0.48,21.26,91,4.82,7.79,0.65,0.65,0,0.16,1.95,2.6,0.16,0,0,0,0.32,31,55,13,29,56,15,17.89,18.57,0.96,90,0.68,17.14,16.77,0,0,0,0,0,,0,0,,0,0,0,0,0,0,28,12,4.51,26,0.03,0.03,0.03,-0.02,,0.07
Fran Beltrán,Girona,La Liga 2,2026/2027,553,6.15,6,Right Defensive Midfielder,Left Defensive Midfielder,Man,Spain,28,02/02/99,165,0.16,0.16,0.02,0.03,0.65,25,50,0,,0.08,0.16,0.04,0.98,0.16,0.04,0.98,0,0,0,0.33,0.07,1.63,0.26,0.16,0.16,0,100,1.14,0,1.14,0.33,0.98,0.84,0.81,0.64,15.46,8.62,0.03,4.72,42.64,10.9,5.86,0.98,1.95,60,0.73,1.57,0.98,33,0.65,27,0.65,0,13.5,11.06,3.58,2.77,1.3,44.83,5.04,37,1.46,53,0.33,0,0,47.99,90,2.44,11,65,1.14,3.42,14,93,3,48.47,3.74,0.36,0.37,39.86,97,4.24,9.27,0.81,0.65,0.16,0,0.49,1.14,0,0,0,,0,20,71,10,23,70,7,19.04,16.62,0.97,101,-2.42,18.46,16.74,0,0,0,0,0,,0,0,,0,0,0,0,0,0,13,8,4.21,29,0.05,0.06,0.05,0.02,,0.18
Izan González,Girona,La Liga 2,2026/2027,552,6.14,7,Left Defensive Midfielder,Centre Defensive Midfielder,Man,Spain,22,04/11/04,170,0.16,0.16,0.09,0.19,0.49,33,67,0,,0.17,0,0.11,1.47,0,0.11,1.47,0,0,0,0.16,0.2,1.96,-0.04,1.14,0.98,0.16,86,1.79,0,1.63,0.65,1.3,0.88,1.47,1.07,24.77,13.04,0.02,7.66,42.3,10.27,4.4,2.93,4.24,75,2.4,3.28,1.79,17,0.98,38,1.3,0,20.04,14.76,5.87,4.56,1.14,44.46,7.82,39,2.12,46,0.16,0,0,38.13,85,1.63,12,71,1.96,1.79,19,78,-7,49.17,3.58,0.47,0.54,32.26,93,6.03,7.82,0.98,0.98,0,0,0.65,1.63,0.16,0,0,,0.16,20,64,16,23,67,10,16.68,16.9,0.99,104,0.22,16.58,17.58,0,0,0,0,0,,0,0,,0,0,0,0,0,0,18,8,5.1,38,-0.07,0.07,0.06,0.1,,0.15
César Gelabert,Sporting Gijón,La Liga 2,2026/2027,552,6.13,7,Centre Attacking Midfielder,Right Midfielder,Man,Spain,26,30/10/00,182,0,0,0.1,0.06,1.63,0,20,2,,0.05,0,0.05,0.65,0,0.05,0.65,0,0,0,0,0.15,2.28,-0.15,0.65,0.33,0.33,50,1.63,0,1.3,0.98,0.16,0.16,0.16,0.17,23.48,11.58,0.02,7.99,59.99,4.24,2.28,0.98,1.14,67,1.17,1.32,0.98,25,0.49,38,0.82,0,21.52,23.33,6.85,5.05,2.12,61.06,14.35,67,3.91,77,0.16,0,0.16,30.82,73,0.82,21,50,0.33,1.47,24,70,-3,57.46,4.24,0.17,0.27,27.23,93,5.33,9.62,0.98,0.65,0.33,0.33,3.26,3.91,0,17,0.33,20,0.49,17,66,17,24,61,15,16.4,15.42,0.96,106,-0.99,15.82,16.41,0,0,0,0,0,,0,0,,0,0,0,0,0,0,33,13,3.7,38,-0.08,0.03,0.01,-0.07,,-0.11
Miguel Calatayud,Mallorca,La Liga 2,2026/2027,547,6.08,7,Right Back,Right Wing Back,Man,Spain,21,25/04/06,182,0,0,0.01,0.02,0.33,0,50,0,,0,0,0.17,0.82,0,0.17,0.82,0,0,0,0,0.17,1.15,-0.17,2.14,1.48,0.66,69,0.49,0,0,1.65,1.32,1.69,2.63,3.01,13.99,5.92,0.06,5.76,35.29,8.56,3.13,2.3,3.62,82,2.47,4.16,1.48,70,0.49,53,1.48,0,10.2,11.53,3.29,0.82,0.33,42.98,4.28,42,0.66,80,0.49,0,0,38.83,77,1.65,11,50,3.29,2.63,17,62,-15,52.24,3.29,0.31,0.39,33.57,96,4.77,8.23,0.99,0.66,0.33,0.33,1.32,1.97,0,33,0.66,33,0.33,22,62,16,20,62,18,18.66,15.85,0.96,121,-2.81,17.98,19.17,0,0,0,0,0,,0,0,,0,0,0,0,0,0,27,11,3.39,25,0.13,0.08,0.03,-0.01,,0.23
Ángel Arcos,Celta de Vigo B,La Liga 2,2026/2027,544,6.05,7,Left Wing,Left Attacking Midfielder,Man,Spain,21,17/04/06,184,0,0,0.1,0.06,1.82,0,45,3,,0.17,0,0.07,1.32,0,0.06,0.99,0,0.02,0.33,0,0.18,3.14,-0.18,3.64,1.98,1.65,55,1.98,0,3.47,2.48,0.17,0.11,0.17,0.11,19.85,10.25,0,3.8,58.88,6.29,3.97,0.66,0.83,57,0.58,0.69,0.33,50,0.5,14,0.17,0,18.86,16.56,3.64,3.97,0.99,59.49,12.07,64,3.14,79,0,0,0,28.45,73,2.15,9,45,0.17,4.8,14,75,2,64.48,3.14,0.31,0.4,37.38,84,6.77,11.58,1.98,1.32,0.66,0.17,2.48,3.8,0,17,0.66,33,0.5,12,72,17,14,71,14,19.15,14.75,0.93,106,-4.4,17.8,15.58,0,0,0,0,0,,0,0,,0,0,0,0,0,0,27,7,3.92,31,-0.03,0.13,0,0.03,,0.13
Yassine Kechta,Leganés,La Liga 2,2026/2027,544,6.04,7,Left Centre Midfielder,Right Centre Midfielder,Man,Morocco,25,24/02/02,174,0,0,0.03,0.06,0.5,0,33,1,,0.09,0,0.1,0.99,0,0.1,0.99,0,0,0,0,0.13,1.49,-0.13,1.16,0.5,0.66,43,0.66,0,2.32,1.16,0.33,0.26,0.66,0.58,29.8,15.9,0.02,5.63,44.17,5.3,2.65,2.32,2.65,88,2.08,2.35,2.32,75,0.33,9,0.17,0,25.17,21.59,5.3,4.64,0.5,46.16,10.43,41,3.15,68,0.17,0,0,29.8,85,0.99,67,43,1.16,1.82,24,87,2,53,3.48,0.38,0.42,26.82,88,5.31,7.95,0.33,0.33,0,0.99,2.81,3.15,0.5,0,0.33,33,1.16,19,59,22,19,69,13,17.51,17.05,0.95,88,-0.46,16.62,15.08,0,0,0,0,0,,0,0,,0,0,0,0,0,0,21,8,4.92,35,0.03,0.02,0.04,0,,0.08
Álex Muñoz,Almería,La Liga 2,2026/2027,543,6.03,7,Left Back,,Man,Spain,32,29/07/94,187,0,0,0.02,0.08,0.33,0,0,0,,0,0,0.01,0.17,0,0.01,0.17,0,0,0,0,0.03,0.5,-0.03,0.33,0.33,0,100,0.83,0,0.5,0.83,0.83,1.01,3.65,4.06,13.1,5.8,0.05,5.8,29.9,6.63,1.33,2.49,3.32,94,2.98,3.99,1.33,75,0.17,69,1.49,0,9.29,10.9,2.99,3.15,1,35.76,2.65,29,1.49,47,0.17,0,0,41.13,83,0.66,85,21,4.31,2.49,10,77,-6,42.09,2.99,0.18,0.18,34.99,97,3.87,4.48,0.17,0.17,0,0,0.83,1,0.17,100,0.33,29,0,28,68,4,30,67,4,17.4,17.27,0.9,77,-0.13,15.69,13.38,0,0,0,0,0,,0,0,,0,0,0,0,0,0,21,8,4.13,32,0.11,0.05,0.08,-0.04,,0.2
Fran Gámez,Albacete,La Liga 2,2026/2027,542,6.02,7,Right Back,Right Wing Back,Man,Spain,35,26/07/91,174,0,0,0.02,0.06,0.33,0,100,0,,0.04,0,0.18,1.99,0,0.17,1.83,0,0.01,0.17,0,0.2,2.33,-0.2,1.16,0.66,0.5,57,1,0,1.16,1.33,0.83,0.84,2.99,3.5,14.78,9.47,0.06,7.64,37.04,9.8,4.82,1.99,2.82,75,2.69,3.53,0.66,43,0.66,44,1.33,0,12.29,10.73,4.98,1.83,1.16,40.04,3.82,31,0.66,36,0.33,0,0,46.84,66,4.49,5,44,4.65,8.64,13,50,-16,57.45,7.14,0.49,0.59,39.87,95,5.25,13.12,3.82,2.99,0.83,0.5,1.83,4.82,0,39,1.66,26,0.33,23,68,10,28,63,9,21.81,19.94,0.91,99,-1.87,19.95,19.66,0,0,0,0,0,,0,0,,0,0,0,0,0,0,33,9,7.74,59,0.32,0.15,0.11,-0.01,,0.57
Stefan Džodić,Almería,La Liga 2,2026/2027,541,6.02,6,Right Defensive Midfielder,Centre Defensive Midfielder,Man,Serbia,22,14/03/05,190,0.17,0.17,0.2,0.11,1.83,9,18,1,,0.17,0,0.08,1,0,0.08,1,0,0,0,0.17,0.28,2.83,-0.11,0.66,0.66,0,100,1.16,0,0.66,1.16,1.16,1.38,1.5,1.64,17.62,7.98,0.03,5.15,37.11,11.14,5.98,1.99,3.16,75,2.34,3.73,1.83,20,0.66,76,2.16,0,13.8,16.62,3.99,4.49,1.16,37.98,3.82,28,1.5,33,0.33,0,0,53.36,84,2.33,17,61,1.83,3.49,15,71,-13,46.81,5.32,0.52,0.58,42.22,96,5.98,8.81,0.5,0.5,0,0,0.83,1.33,0.17,0,0,0,0,20,71,9,13,83,4,17.82,16.38,0.95,97,-1.44,16.89,15.85,0,0,0,0,0,,0,0,,0,0,0,0,0,0,22,9,5,44,0.03,0.07,0.05,-0.02,,0.12
Diego Alende,FC Andorra,La Liga 2,2026/2027,541,6.01,6,Left Centre Back,Right Centre Back,Man,Spain,29,24/08/97,183,0,0,0.04,0.04,1,0,0,1,,0,0,0,0,0,0,0,0,0,0,0,0.04,1,-0.04,0.33,0.17,0.17,50,0.5,0,0.5,0.5,1,1.55,5.66,7.04,10.98,5.99,0.02,4.66,31.17,11.81,2.16,1.83,2.83,100,2.7,4.26,1.83,,0,59,2.83,0,7.32,10.6,2.66,2.16,0.5,37.16,2.16,30,0.83,38,0.5,0,0,64.71,88,2.99,8,50,6.16,5.49,9,66,-23,37.87,3.49,0.43,0.48,52.73,99,5.45,4.16,0,0,0,0,1,1,0,,0,,0,20,75,5,20,80,0,21.04,20.11,0.94,108,-0.93,19.7,21.78,0,0,0,0,0,,0,0,,0,0,0,0,0,0,12,4,3.18,20,-0.01,0.07,-0.22,-0.03,,-0.2
David Ruiz,CD Eldense,La Liga 2,2026/2027,541,6.01,6,Left Back,Left Wing Back,Man,Spain,24,16/04/03,182,0,0,0.06,0.03,1.66,0,30,1,,0.05,0,0.05,0.83,0,0.05,0.83,0,0,0,0,0.1,2.5,-0.1,1.5,1,0.5,67,0.33,0,0.83,0.67,0.67,0.45,1.5,1.31,12.15,6.49,0,3,34.76,7.99,3.66,1.33,2,62,1.01,1.47,1.17,60,0.83,20,0.17,0,9.65,8.32,2,1.83,0.5,40.69,3.5,36,1.5,82,0.33,0,0,38.11,79,2,77,43,2.16,3.99,15,55,-24,53.99,3.99,0.26,0.34,35.29,96,6.92,10.49,1,0.83,0.17,0.17,1.66,2.5,0,17,0.17,6,0.17,23,59,17,16,59,25,17.94,18.86,0.88,99,0.91,15.76,18.58,0,0,0,0,0,,0,0,,0,0,0,0,0,0,29,12,4.11,30,0.02,0.09,0.07,-0.05,,0.12
Unai Elgezabal,Eibar,La Liga 2,2026/2027,535,5.95,6,Left Centre Back,Right Centre Back,Man,Spain,34,24/04/93,185,0,0,0.01,0.08,0.17,0,0,0,,0,0,0,0,0,0,0,0,0,0,0,0.01,0.17,-0.01,0.17,0,0.17,0,0.67,0,0,0.17,0.5,0.33,7.23,3.17,7.06,3.7,0.08,4.71,19.98,7.4,0.34,1.01,1.51,100,0.43,0.76,1.01,100,0,61,2.35,0,5.04,2.24,2.69,0.34,0.17,27.67,0.67,13,0.17,50,0.34,0,0,36.65,87,3.7,5,65,8.74,4.2,18,83,-4,34,0.84,0.38,0.4,27.74,99,4.3,1.01,0,0,0,0,0.34,0.34,0,,0,,0,23,75,2,17,83,0,24.38,28.27,0.95,94,3.89,23.25,26.59,0,0,0,0,0,,0,0,,0,0,0,0,0,0,17,7,3.73,32,0,0.02,0.09,-0.02,,0.09
Juanjo Nieto,CD Castellón,La Liga 2,2026/2027,533,5.93,7,Right Wing Back,Right Back,Man,Spain,32,02/10/94,174,0,0,0.06,0.13,0.51,0,33,0,,0.02,0.17,0.1,1.01,0.17,0.1,1.01,0,0,0,0.17,0.17,1.52,0,0.51,0.51,0,100,1.52,0,1.18,0.84,0.67,1.07,1.18,1.76,11.98,5.23,0,4.22,38.67,8.94,4.05,2.53,3.21,83,3.64,4.71,0.84,75,0.51,67,0.67,0,8.6,12.65,3.04,1.86,0.67,46.1,3.37,39,1.01,55,0.17,0,0,44.54,88,2.53,13,79,2.02,2.36,15,89,1,55.03,4.56,0.64,0.76,38.81,96,5.26,15.02,1.01,1.01,0,0.34,1.35,2.36,0,33,0.34,67,0.34,14,67,20,15,58,27,17.16,19.39,1.01,105,2.23,17.3,20.38,0,0,0,0,0,,0,0,,0,0,0,0,0,0,18,9,4.81,31,0.14,0.09,0.02,-0.01,,0.24
Alberto Reina,Real Oviedo,La Liga 2,2026/2027,532,5.91,6,Right Defensive Midfielder,Left Wing,Man,Spain,29,18/11/97,179,0,0,0.03,0.06,0.51,0,0,0,,0,0,0.1,1.69,0,0.06,1.02,0,0.04,0.68,0,0.13,2.2,-0.13,1.02,0.68,0.34,67,1.19,0,1.52,2.03,0.17,0.16,0.34,0.26,15.24,7.62,0.03,5.25,50.2,8.97,3.89,1.52,1.69,82,1.52,1.68,1.52,0,0.34,31,0.68,0,12.19,13.43,4.23,2.71,1.35,50.94,5.76,47,1.52,56,0.34,0,0,43.34,79,3.56,25,50,1.02,6.43,15,73,-6,53.96,6.77,0.49,0.53,36.23,92,5.09,12.7,1.52,0.85,0.68,0.34,2.88,3.72,0,22,0.34,25,0.68,19,73,8,23,71,7,20.17,17.26,0.9,102,-2.9,18.18,17.66,0,0,0,0,0,,0,0,,0,0,0,0,0,0,26,10,6.64,41,0.09,-0.03,0.04,-0.03,,0.07
Ignasi Vilarrasa,Burgos,La Liga 2,2026/2027,532,5.91,7,Left Back,,Man,Spain,27,22/08/99,183,0,0,0,0.01,0.17,0,0,0,,0,0,0.02,0.34,0,0.02,0.34,0,0,0,0,0.03,0.51,-0.03,1.35,1.02,0.34,75,1.02,0,0.34,1.69,0.68,0.78,1.02,1,9.99,5.08,0.01,4.06,34.83,5.25,0.85,1.52,2.2,90,1.75,2.53,1.19,75,0.17,0,0,0,7.28,6.76,3.22,1.86,0.85,37.57,1.86,26,1.19,64,0,0,0,35.56,79,2.54,90,38,1.35,6.27,12,81,3,46.57,4.06,0.22,0.24,33.02,94,4.18,6.77,1.35,1.02,0.34,0.17,0.51,1.52,0,38,0.68,31,0.17,34,53,13,35,50,15,21.62,18.53,0.88,97,-3.1,18.95,18,0,0,0,0,0,,0,0,,0,0,0,0,0,0,29,13,3.32,28,0.1,0.04,0.02,-0.01,,0.15
José Gragera,Burgos,La Liga 2,2026/2027,530,5.89,7,Right Defensive Midfielder,Left Defensive Midfielder,Man,Spain,27,13/05/00,186,0,0,0.02,0.07,0.34,0,0,0,,0,0,0,0.17,0,0,0.17,0,0,0,0,0.03,0.51,-0.03,0.51,0.34,0.17,67,1.02,0,0.17,1.19,0.51,0.54,1.7,1.74,16.99,10.7,0.05,4.25,38.87,12.06,4.59,2.38,2.89,78,2.58,3.11,2.72,50,0.68,50,1.53,0,11.89,12.05,2.72,2.89,0.85,42.3,3.74,31,0.68,24,0.51,0,0,44.68,84,2.55,22,56,2.04,4.25,13,89,5,44.67,2.21,0.56,0.58,30.58,97,4.24,4.93,0.17,0.17,0,0,0.85,1.02,0,0,0,,0,16,71,13,14,76,10,20.17,15.98,0.95,105,-4.19,19.07,16.75,0,0,0,0,0,,0,0,,0,0,0,0,0,0,19,7,3.7,35,-0.01,0.03,0.05,-0.03,,0.04
Juanma Herzog,Las Palmas,La Liga 2,2026/2027,530,5.88,6,Right Centre Back,Left Centre Back,Man,Spain,23,12/05/04,187,0,0,0.02,0.06,0.34,0,0,0,,0,0,0.03,0.34,0,0.03,0.34,0,0,0,0,0.05,0.68,-0.05,0.34,0.17,0.17,50,0.17,0,0.17,0.34,0.17,0.13,4.93,6.6,6.8,2.89,0.05,3.91,22.72,5.44,0,0.68,0.85,80,0.67,0.8,1.02,50,0.17,63,2.04,0.17,5.1,5.37,2.21,1.02,0.68,27.21,1.02,20,0.34,33,0,0,0,44.69,94,1.02,21,50,5.27,1.7,13,89,-5,36.91,1.53,0.2,0.3,40.27,99,3.9,2.55,0,0,0,0.51,2.04,2.04,0,,0.34,100,0.51,20,74,6,20,67,13,15.99,18.82,0.95,95,2.82,15.13,17.8,0,0,0,0,0,,0,0,,0,0,0,0,0,0,17,13,2.45,20,0,0.03,0.04,-0.03,,0.03
Javi Llabrés,Burgos,La Liga 2,2026/2027,527,5.86,7,Left Wing,Left Midfielder,Man,Spain,24,10/09/02,174,0.17,0.17,0.06,0.04,1.54,11,22,2,,0.1,0.17,0.25,2.05,0.17,0.22,1.54,0,0.03,0.51,0.34,0.31,3.58,0.03,1.19,0.51,0.68,43,0.68,0,3.07,3.07,0.34,0.29,0.34,0.15,14.51,8.36,0.03,3.24,46.86,7,3.75,1.71,2.05,77,1.54,1.83,1.19,50,0.51,33,0.51,0,11.6,10.31,2.56,2.39,0.85,49.23,5.8,50,1.71,71,0,0,0,27.47,75,1.88,16,58,0.68,2.9,25,68,-7,57.98,2.9,0.38,0.63,27.13,81,5.53,8.87,2.22,1.54,0.68,1.02,3.41,4.95,0.34,23,0.68,40,1.02,10,71,19,17,62,21,19.56,16.17,0.92,101,-3.39,17.96,16.42,0,0,0,0,0,,0,0,,0,0,0,0,0,0,32,10,5.15,46,0.27,0.02,0.03,0,,0.32
Juan Díaz,Cádiz,La Liga 2,2026/2027,527,5.86,6,Right Back,Right Wing Back,Man,Spain,21,23/05/06,,0,0,0.01,0.02,0.68,0,0,0,,0,0,0.08,1.02,0,0.08,1.02,0,0,0,0,0.09,1.71,-0.09,1.02,0.17,0.85,17,1.02,0,0.51,1.71,1.37,1.52,3.24,3.7,18.1,7,0.05,8.71,34.53,11.61,4.1,2.73,4.1,59,3.4,4.92,0.68,29,1.88,64,1.2,0,14.69,17.23,5.81,3.24,1.37,40.08,5.64,38,1.88,58,0.17,0,0,54.64,84,4.44,5,65,4.27,5.81,12,64,-20,48.86,5.46,0.31,0.33,46.79,95,3.92,9.9,0.85,0.85,0,0,0.85,1.71,0,40,0.51,27,0.34,21,69,10,17,74,9,18.67,17.88,0.96,105,-0.79,17.84,18.78,0,0,0,0,0,,0,0,,0,0,0,0,0,0,22,11,3.3,26,0.08,0.06,0.16,-0.02,,0.28
Juan Bernat,Eibar,La Liga 2,2026/2027,526,5.84,6,Left Back,Left Wing Back,Man,Spain,34,28/02/93,170,0,0,0,,0,,,0,,0,0,0.07,0.86,0,0.07,0.86,0,0,0,0,0.07,0.86,-0.07,0.68,0.17,0.51,25,0.68,0,1.54,0.86,0,0,1.71,0.96,11.12,5.99,0.02,4.79,30.34,6.67,2.4,2.05,2.05,63,1.77,1.77,0.68,22,1.2,33,0.34,0,8.38,5.55,3.08,1.88,0.86,35.51,1.88,22,1.03,55,0,0,0,34.39,85,0.86,90,36,2.22,1.88,14,79,-6,46.81,3.08,0.55,0.6,31.48,93,3.83,5.47,0.17,0.17,0,0.17,1.2,1.37,0,0,0.17,20,0.34,21,67,13,25,66,9,18.74,16.3,0.94,96,-2.44,17.66,15.73,0,0,0,0,0,,0,0,,0,0,0,0,0,0,19,6,3.87,30,0.04,0.04,0.03,,,0.12
Ignasi Miquel,Leganés,La Liga 2,2026/2027,524,5.82,6,Centre Back,,Man,Spain,34,27/09/92,188,0,0,0.09,0.26,0.34,0,50,0,,0.04,0,0.08,0.52,0,0.08,0.52,0,0,0,0,0.17,0.86,-0.17,0,0,0,,1.03,0,0.17,0.17,1.2,0.91,5.5,4.25,6.87,3.61,0.03,3.09,23.04,6.53,1.72,1.03,2.23,75,0.53,1.44,1.2,0,0.34,47,1.2,0.17,4.64,3.89,1.03,0.69,0,31.01,0.86,19,0.17,25,0.17,0,0,49.32,86,4.81,78,61,7.22,6.19,9,52,-35,33.69,3.09,0.4,0.46,41.07,99,3.5,3.27,0.34,0.34,0,0.17,0.86,1.2,0,0,0.17,50,0,21,78,1,63,37,0,22.38,29.62,0.92,72,7.24,20.65,21.41,0,0,0,0,0,,0,0,,0,0,0,0,0,0,17,6,2.54,25,0.07,0.03,0.13,0,,0.23
Kirian Rodríguez,Las Palmas,La Liga 2,2026/2027,522,5.8,7,Left Defensive Midfielder,Right Defensive Midfielder,Man,Spain,31,04/03/96,176,0,0,0.01,0.04,0.34,0,0,0,,0,0,0.02,0.52,0,0.02,0.52,0,0,0,0,0.03,0.86,-0.03,0.69,0.34,0.34,50,2.07,0,0.86,1.03,0.17,0.22,0.69,0.88,8.79,5.68,0.03,3.27,38.55,7.58,4.31,0.34,0.52,22,0.34,0.56,0.69,14,1.21,33,0.34,0,7.75,9.41,2.41,1.03,0,40.57,2.24,29,0.52,50,0.34,0,0,74.59,90,3.27,7,66,0.86,4.82,11,94,4,47.75,10.16,0.51,0.52,67.19,97,5.05,16.02,1.03,1.03,0,0,0,1.03,0.17,0,0,0,0,28,64,8,35,58,6,17.89,15.79,0.95,101,-2.1,17,15.99,0,0,0,0,0,,0,0,,0,0,0,0,0,0,14,7,6.1,59,0.08,0.09,0.03,-0.02,,0.18
Tomy Carbonell,Real Sociedad B,La Liga 2,2026/2027,517,5.75,7,Right Defensive Midfielder,Centre Defensive Midfielder,Man,Spain,22,22/02/05,183,0,0,0,,0,,,0,,0,0,0.01,0.52,0,0.01,0.17,0,0,0.35,0,0.01,0.52,-0.01,0.35,0.17,0.17,50,1.74,0,0.7,0.35,0.87,0.28,3.13,1.18,17.75,8.87,0.06,6.96,37.53,8.35,2.78,1.04,1.91,46,0.43,0.71,2.26,36,1.22,54,1.22,0,14.44,7.58,5.22,3.13,1.74,43.73,7.13,49,1.91,61,0.17,0,0,27.49,71,2.44,12,38,4.52,5.05,21,70,0,44.37,1.74,0.24,0.24,21.05,95,4.04,2.09,0.87,0.35,0.52,0,0.17,0.52,0,20,0.17,50,0,27,67,6,8,83,8,24.82,24.69,0.85,84,-0.13,21.07,20.72,0,0,0,0,0,,0,0,,0,0,0,0,0,0,27,5,2.63,27,0.03,0.05,0.06,,,0.14
Diego Percan,Córdoba CF,La Liga 2,2026/2027,515,5.72,7,Centre Forward,Right Centre Forward,Man,Spain,25,12/11/01,179,0.35,0.35,0.29,0.12,2.45,14,29,4,,0.38,0.17,0.1,1.4,0.17,0.1,1.4,0,0,0,0.52,0.38,3.85,0.14,0.87,0.7,0.17,80,1.92,0,2.27,2.62,0.17,0.2,0.35,0.51,19.41,7.69,0,4.72,70.93,2.97,1.92,0.52,0.7,100,0.51,0.71,2.27,,0,35,1.22,0,16.61,21.22,4.72,3.32,0.7,73.03,14.51,87,3.15,95,0.35,0,0,15.38,74,0.35,6,50,0.7,0.35,23,54,-20,60.02,2.1,0.18,0.51,16.61,79,4.61,5.77,0.17,0.17,0,0.35,7.17,7.34,0.17,0,0.17,25,0.87,13,62,26,15,73,12,14.09,15.59,0.96,82,1.5,13.52,12.77,0,0,0,0,0,,0,0,,0,0,0,0,0,0,14,7,3.55,23,-0.06,0.06,0,0.05,,0.05
Manu Fuster,Las Palmas,La Liga 2,2026/2027,514,5.71,7,Centre Attacking Midfielder,Left Centre Forward,Man,Spain,29,21/10/97,170,0.18,0.18,0.16,0.1,1.58,11,44,2,,0.15,0.18,0.16,2.45,0.18,0.11,1.93,0,0.04,0.53,0.35,0.32,4.03,0.03,1.05,0,1.05,0,2.63,0,2.45,2.8,0.53,0.44,0.35,0.46,16.63,9.63,0,4.03,62.03,4.03,2.28,0.35,0.88,40,0.33,0.77,1.05,0,0.53,50,0.35,0,15.23,17.03,3.5,3.68,1.23,64.39,12.26,80,2.45,67,0.18,0,0,33.97,78,2.63,17,45,0.53,5.6,16,81,3,61.32,5.08,0.47,0.63,34.49,87,4.3,13.13,3.33,2.1,1.23,0.35,2.98,5.08,0,11,0.7,40,0.7,15,72,13,24,63,13,19.86,14.94,0.91,110,-4.91,18.12,16.39,0,0,0,0,0,,0,0,,0,0,0,0,0,0,22,7,8.07,65,0.1,0.04,0,-0.01,,0.13
Youness Lachhab,Real Oviedo,La Liga 2,2026/2027,513,5.7,7,Left Defensive Midfielder,Right Defensive Midfielder,Man,Morocco,28,22/04/99,192,0,0,0.14,0.13,1.05,0,33,1,,0.16,0,0,0,0,0,0,0,0,0,0,0.14,1.05,-0.14,0.18,0,0.18,0,0.35,0,0.88,0.53,0.35,0.42,1.93,1.68,18.95,9.48,0.06,6.32,39.61,11.76,4.74,1.93,2.28,73,2.2,2.62,2.28,50,0.7,48,1.75,0,14.74,14.04,4.91,3.86,1.05,42.73,4.74,32,1.75,45,0.53,0,0,42.11,82,1.75,89,43,2.81,3.16,22,77,-5,46.93,3.16,0.53,0.53,33.34,97,3.94,5.44,0,0,0,0,1.05,1.05,0.18,,0,0,0.18,21,71,8,32,55,13,18.2,17.08,0.89,89,-1.12,16.24,15.18,0,0,0,0,0,,0,0,,0,0,0,0,0,0,19,6,4.05,32,0.03,0.06,0.05,0.05,,0.19
Ismaël Gharbi,Leganés,La Liga 2,2026/2027,512,5.69,6,Right Centre Forward,Left Centre Midfielder,Man,Tunisia,23,09/04/04,173,0.35,0.35,0.18,0.07,2.46,14,43,4,,0.26,0.18,0.18,1.76,0,0.18,1.58,0.18,0,0.18,0.53,0.36,4.22,0.16,2.81,1.76,1.05,63,2.46,0,2.11,2.64,0.7,0.38,0.88,0.65,23.38,11.43,0.01,6.86,48.65,7.03,3.69,1.41,2.11,50,1.28,1.66,1.05,0,1.41,33,0.35,0,20.92,16.47,5.1,2.81,0.88,51.38,11.78,56,2.81,100,0.18,0,0,27.95,75,2.11,22,57,1.23,3.34,23,65,-10,57.58,3.87,0.61,0.85,30.76,86,5.79,9.67,1.23,1.23,0,0.18,2.81,4.04,0.35,0,0,0,0.18,13,70,17,15,73,13,18.47,15.38,0.98,105,-3.09,18.05,16.12,0,0,0,0,0,,0,0,,0,0,0,0,0,0,33,14,4.78,42,0.08,0.04,0.04,0.14,,0.3
Enzo Loiodice,Las Palmas,La Liga 2,2026/2027,511,5.68,7,Right Defensive Midfielder,Left Back,Man,France,26,26/11/00,176,0,0,0.03,0.05,0.7,0,25,0,,0,0,0.03,0.35,0,0.03,0.35,0,0,0,0,0.06,1.06,-0.06,1.41,0.53,0.88,38,1.94,0,0.88,1.59,0.7,0.63,1.76,1.92,17.26,8.98,0.07,5.64,37.75,9.51,4.4,2.64,3.35,75,2.98,3.61,1.76,60,0.88,75,2.11,0,12.86,14.5,4.23,2.99,1.06,41.05,4.93,38,1.23,41,0.35,0,0,52.84,87,2.64,79,65,1.94,3.88,15,72,-14,47.98,5.64,0.53,0.54,44.92,95,3.76,8.81,0.53,0.53,0,0,0.7,1.23,0,0,0,0,0,22,68,11,26,62,12,18.03,15.66,0.96,89,-2.37,17.29,13.88,0,0,0,0,0,,0,0,,0,0,0,0,0,0,19,9,3.59,30,0.03,0.08,0.14,-0.03,,0.22
Andrés Cejudo,Sporting Gijón,La Liga 2,2026/2027,508,5.65,6,Left Back,Left Centre Back,Man,Spain,19,10/06/07,186,0,0,0.12,0.23,0.53,0,33,0,,0.03,0.18,0.02,0.35,0.18,0.02,0.35,0,0,0,0.18,0.14,0.89,0.03,0.53,0.35,0.18,67,0.53,0,0,0.18,1.06,0.78,2.3,1.88,12.39,6.9,0.02,5.67,29.75,9.74,2.12,1.42,2.48,73,1.39,2.17,1.77,60,0.53,50,1.06,0,9.21,9.14,3.72,1.06,0.18,32.79,1.77,19,0.18,17,0.18,0,0,40.72,76,2.12,90,43,3.54,3.72,14,58,-18,42.15,3.89,0.16,0.29,33.64,99,5.46,5.49,0.35,0.18,0.18,0,0.71,0.89,0.18,0,0,,0,31,65,4,42,52,6,20.64,21.22,0.88,85,0.58,18.24,17.99,0,0,0,0,0,,0,0,,0,0,0,0,0,0,23,6,2.23,19,0.07,0.05,0.06,-0.07,,0.11
Dani Díaz,Real Sociedad B,La Liga 2,2026/2027,508,5.65,7,Right Wing,Right Midfielder,Man,Spain,20,21/06/06,167,0.18,0.18,0.09,0.05,1.77,10,20,4,,0.08,0.35,0.44,2.13,0.18,0.37,1.06,0.18,0.07,1.06,0.53,0.53,3.9,0,1.77,0.53,1.24,30,1.59,0,1.06,2.13,0.35,0.18,0.35,0.26,16.83,9.56,0,4.25,55.49,5.49,3.01,0.53,0.89,43,0.19,0.38,0.53,0,0.71,20,0.18,0,15.76,10.66,3.54,1.95,0.71,56.07,10.63,67,1.59,82,0,0,0,12.58,59,2.3,86,42,0.35,5.49,16,81,22,63.29,2.3,0.45,0.57,15.23,83,8.71,3.37,2.3,0.89,1.42,0.35,2.83,3.72,0,31,0.71,21,0.35,11,71,18,5,79,16,24.81,13.29,0.89,95,-11.51,21.99,12.68,0,0,0,0,0,,0,0,,0,0,0,0,0,0,28,2,4.99,44,0.23,0.11,0,-0.01,,0.33
Gorka Carrera,Real Sociedad B,La Liga 2,2026/2027,506,5.62,6,Centre Forward,Left Centre Forward,Man,Spain,22,14/05/05,178,0.18,0.18,0.23,0.22,1.07,17,33,3,,0.18,0,0,0,0,0,0,0,0,0,0.18,0.23,1.07,-0.06,1.07,0.53,0.53,50,2.67,0,1.07,1.78,0,0,1.25,0.78,21.35,11.03,0.02,5.16,61.64,3.56,1.42,0.18,0.18,33,0.03,0.03,1.78,0,0.36,0,0,0,19.39,12.79,4.8,1.96,0.89,66.03,16.01,83,1.78,91,0.18,0,0,9.79,75,0.36,7,67,1.42,0.36,25,67,-8,56.28,0.71,0.15,0.38,11.57,80,6.64,2.31,0,0,0,0,1.96,1.96,0,,0,,0.53,7,73,20,8,85,8,14.61,13.58,1.01,125,-1.03,14.77,16.99,0,0,0,0,0,,0,0,,0,0,0,0,0,0,30,7,1.12,12,-0.05,0.04,0.03,-0.07,,-0.05
Nikita Iosifov,Sporting Gijón,La Liga 2,2026/2027,505,5.61,7,Left Midfielder,Left Wing,Man,Russia,26,10/04/01,175,0.18,0.18,0.11,0.1,1.07,17,67,2,,0.12,0.18,0.16,0.54,0.18,0.16,0.54,0,0,0,0.36,0.28,1.61,0.08,1.61,0.71,0.89,44,2.5,0,1.78,2.14,0.18,0.1,0.71,0.52,12.66,7.67,0,5.53,45.27,7.31,3.57,0.54,0.71,33,0.55,0.64,0.54,29,1.07,33,0.36,0,11.59,11.47,4.28,2.68,0.89,48.89,6.06,52,1.96,73,0.18,0,0,25.33,72,0.89,15,63,1.43,0.71,24,63,-9,58.76,3.57,0.13,0.37,27.29,88,7.51,8.2,0.36,0.36,0,0.71,2.68,3.03,0,50,0.36,25,0.89,17,57,26,13,57,30,16.23,18.65,0.95,98,2.42,15.36,18.23,0,0,0,0,0,,0,0,,0,0,0,0,0,0,33,10,2.19,21,0.08,0.14,0.01,0.02,,0.25
Gorka Gorosabel,Real Sociedad B,La Liga 2,2026/2027,503,5.59,7,Right Centre Midfielder,Centre Attacking Midfielder,Man,Spain,21,12/05/06,178,0.36,0.36,0.25,0.23,1.07,33,83,2,,0.23,0.18,0.09,1.07,0.18,0.09,1.07,0,0,0,0.54,0.34,2.15,0.2,1.25,0.54,0.72,43,0.72,0,1.97,1.61,0.18,0.03,1.25,0.49,26.14,11.99,0.04,7.52,43.95,7.52,4.65,1.97,2.15,61,1.1,1.14,2.69,14,1.25,47,1.61,0,21.66,11.39,5.91,5.73,1.61,47.08,9.31,43,2.51,44,0,0,0,22.92,65,1.07,14,35,1.43,2.86,26,74,9,56.06,1.97,0.33,0.53,18.98,85,5.91,5.37,0.72,0.72,0,0.18,1.61,2.33,0.18,0,0.18,25,0.36,22,65,13,23,67,10,18.29,13.88,0.89,104,-4.41,16.25,14.46,0,0,0,0,0,,0,0,,0,0,0,0,0,0,38,11,3.54,30,0.02,0.06,0.02,0.05,,0.15
Guillermo Vallejo,AD Ceuta FC,La Liga 2,2026/2027,496,5.51,5,Goalkeeper,,Man,Spain,32,21/04/95,182,0,0,0,,0,,,0,,0,0,0,0,0,0,0,0,0,0,0,0,0,0,0,0,0,,0,0,0,0,0,0,0,0,0,0.18,0,8.53,2.25,3.63,0.18,0,0,0,0,0,0,0,0.18,,0,0,0,0,0,0,0,,0,,0,,0,0,0,20.87,75,5.81,3,48,3.63,8.53,28,70,-5,9.76,0.36,0.07,0.07,19.24,100,5.41,0.36,0,0,0,0,0,0,0,,0,,0,40,60,0,100,0,0,36.41,39.25,0.8,86,2.84,29.08,33.79,2.18,1.78,-0.4,54,62,-9,1.41,4.72,41,11.61,2.11,0,0,23.25,-6,24,3,0.58,4,0.06,0.03,,,-0.6,-0.51
Carlos Domínguez,Real Oviedo,La Liga 2,2026/2027,496,5.51,5,Left Centre Back,Centre Back,Man,Spain,26,10/02/01,187,0.18,0.18,0.13,0.24,0.54,33,33,0,,0.17,0,0,0,0,0,0,0,0,0,0.18,0.13,0.54,0.05,0.18,0,0.18,0,1.09,0,0.18,0.18,0.36,0.29,7.08,6.06,8.35,4.36,0.06,4.72,22.21,10.71,2,1.82,2.18,91,1.42,1.7,0.54,80,0.18,61,2,0,5.99,4.75,2.72,1.27,0.91,32.83,1.27,21,0.36,29,0.36,0,0,40.66,80,3.63,78,50,7.62,6.72,9,71,-9,33.18,2,0.39,0.4,27.77,99,4.48,1.63,0.36,0.18,0.18,0,1.09,1.27,0,0,0,,0,29,67,4,33,67,0,25.42,21.08,0.92,87,-4.34,23.3,18.24,0,0,0,0,0,,0,0,,0,0,0,0,0,0,22,8,2.2,16,0.06,0.02,0.25,0.02,,0.34
Dani Tasende,Córdoba CF,La Liga 2,2026/2027,496,5.51,6,Left Back,Left Centre Back,Man,Spain,26,05/07/00,172,0,0,0.03,0.04,0.73,0,0,1,,0,0,0.12,1.45,0,0.11,1.09,0,0.01,0.36,0,0.15,2.18,-0.15,0.18,0.18,0,100,2,0,0.91,1.27,0.36,0.54,2.18,2.43,11.8,6.72,0,3.99,44.15,8.17,2.72,1.09,1.45,50,1.26,1.8,1.45,14,1.09,71,1.82,0.18,9.26,11.27,3.09,3.27,0.54,50.74,4.72,51,2.54,78,0.18,0,0,31.59,73,4.18,78,49,3.09,7.63,10,67,-6,52.76,3.45,0.33,0.45,25.05,94,4.01,7.63,2,1.45,0.54,0.36,1.09,2.54,0,73,1.45,53,0.18,28,62,10,31,62,7,23.63,22.66,0.91,96,-0.98,21.42,21.74,0,0,0,0,0,,0,0,,0,0,0,0,0,0,22,10,6.14,39,0.18,0.08,-0.01,-0.03,,0.23
Mario Soberón,Albacete,La Liga 2,2026/2027,494,5.49,7,Right Centre Forward,Left Centre Forward,Man,Spain,30,17/05/97,178,0,0,0.25,0.09,2.92,0,31,5,,0.13,0.18,0.17,1.28,0.18,0.17,1.28,0,0,0,0.18,0.42,4.19,-0.24,1.64,0.73,0.91,44,1.46,0,1.82,2.55,0.18,0.29,0.73,0.4,20.04,7.47,0.02,4.37,60.43,4.92,3.28,0.91,1.09,71,0.57,0.87,1.46,0,0.36,6,0.18,0,17.68,13.91,4.01,4.92,1.28,63.81,14.4,81,4.19,85,0.18,0,0,20.04,68,1.82,16,50,2,2.37,28,69,0,61.27,4.19,0.47,0.73,21.14,82,5.8,7.84,0.55,0.55,0,0.36,4.01,4.56,0.18,0,0.36,67,0.55,12,74,14,16,77,7,20.7,20.82,0.95,98,0.12,19.66,20.33,0,0,0,0,0,,0,0,,0,0,0,0,0,0,22,6,3.88,26,-0.04,-0.02,-0.15,-0.09,,-0.29
Joel López,Celta de Vigo B,La Liga 2,2026/2027,491,5.46,7,Left Wing Back,Left Back,Man,Spain,25,30/03/02,180,0,0,0.01,0.04,0.37,0,50,0,,0.01,0,0.07,1.47,0,0.07,1.47,0,0,0,0,0.09,1.83,-0.09,1.28,0.73,0.55,57,1.1,0,1.28,1.83,1.1,1.09,2.2,1.66,17.95,8.06,0.01,5.49,35.68,9.52,3.11,3.66,4.76,83,3.29,4.39,1.47,67,0.73,56,0.92,0,12.82,12.55,3.48,2.01,0.73,42.3,4.76,37,1.28,64,0.37,0,0,47.44,77,5.68,89,67,3.85,6.78,14,61,-15,52.17,6.59,0.33,0.43,41.21,94,5.99,12.64,1.47,1.1,0.37,0,1.1,2.2,0,63,0.92,38,0,27,57,15,25,62,13,21.43,22.33,0.96,99,0.89,20.53,22.2,0,0,0,0,0,,0,0,,0,0,0,0,0,0,26,9,5.31,39,0.08,0.07,0.06,0,,0.21
Óscar Marcos,Celta de Vigo B,La Liga 2,2026/2027,490,5.44,7,Left Centre Midfielder,Right Attacking Midfielder,Man,Spain,21,18/02/06,181,0.18,0.18,0.24,0.13,1.84,10,30,3,,0.2,0,0.15,0.92,0,0.15,0.92,0,0,0,0.18,0.4,2.76,-0.21,1.65,1.29,0.37,78,2.02,0,2.21,2.21,0,0,0.55,0.45,26.83,13.23,0,7.35,55.81,5.33,2.21,2.21,2.21,80,2.06,2.06,0.92,40,0.55,0,0,0,23.71,24.02,6.8,7.17,2.02,57.41,15.25,64,4.78,67,0.18,0,0,27.2,83,0.74,13,50,0.55,1.47,21,75,-8,61.41,2.39,0.35,0.51,30.14,87,5.64,10.66,1.1,1.1,0,0,2.02,3.12,0.18,17,0.37,67,0.37,14,62,24,10,62,28,15.05,14.05,0.94,97,-0.99,14.21,13.69,0,0,0,0,0,,0,0,,0,0,0,0,0,0,20,9,3.91,27,-0.05,0.05,0.04,0.07,,0.1
Álvaro Martín,CD Castellón,La Liga 2,2026/2027,487,5.41,6,Right Defensive Midfielder,,Man,Spain,26,14/01/01,174,0,0,0.04,0.04,0.92,0,20,1,,0.02,0,0.14,1.11,0,0.09,0.74,0,0.05,0.37,0,0.18,2.03,-0.18,1.29,1.29,0,100,1.66,0,3.14,0.37,0.37,0.55,0.37,0.48,18.28,8.5,0.06,7.57,44.97,10.71,5.17,2.03,2.4,61,2.86,3.41,0.92,0,1.29,73,1.48,0,15.33,21.78,6.46,3.88,2.22,45.64,5.54,36,2.59,67,0.18,0,0,53.38,83,3.14,86,61,1.85,3.69,21,68,-16,54.52,6.46,0.99,1.04,47.47,93,4.64,16.25,1.48,0.92,0.55,0,1.29,2.22,0,25,0.37,29,0,16,73,11,22,69,9,19.04,18.82,0.95,93,-0.22,18.15,17.51,0,0,0,0,0,,0,0,,0,0,0,0,0,0,19,8,6.65,40,0.04,0.05,0.01,-0.04,,0.07
Antonio Cordero,Cádiz,La Liga 2,2026/2027,487,5.41,7,Left Wing,Left Midfielder,Man,Spain,20,13/11/06,178,0.18,0.18,0.09,0.06,1.48,13,25,3,,0.15,0.18,0.12,1.11,0,0.08,0.74,0.18,0.04,0.37,0.37,0.22,2.59,0.15,1.48,0.37,1.11,25,2.59,0,4.07,2.59,0.18,0.2,0.92,1.08,15.9,5.92,0.02,2.59,51.62,5.18,2.03,1.85,2.03,77,2.18,2.38,2.22,50,0.55,67,0.74,0,11.83,12.6,1.85,2.4,0.55,57.34,7.77,66,2.03,85,0.18,0,0,26.25,70,2.4,13,41,1.29,5.55,17,76,6,64.86,2.96,0.16,0.31,31.8,78,6.63,10.35,2.03,1.48,0.55,0.18,2.03,3.51,0,27,0.74,21,0,11,65,23,11,52,38,20.53,16.26,0.89,96,-4.27,18.34,15.6,0,0,0,0,0,,0,0,,0,0,0,0,0,0,25,5,3.53,26,0.08,0.08,0.01,0,,0.18
Marc Domènech,FC Andorra,La Liga 2,2026/2027,485,5.39,7,Centre Defensive Midfielder,Left Defensive Midfielder,Man,Spain,24,31/10/02,174,0.19,0.19,0.05,0.04,1.3,14,14,1,,0.1,0,0.07,1.48,0,0.07,1.48,0,0,0,0.19,0.12,2.78,0.07,2.22,1.48,0.74,67,0.93,0,1.3,2.04,0.19,0.3,0.93,1.36,18.36,8.71,0.04,4.82,44.79,10.57,5.38,2.22,2.41,92,3.32,3.62,2.97,50,0.19,43,0.56,0,13.54,18.3,3.71,3.52,1.11,47.24,6.67,49,1.85,53,0.37,0,0,55.62,89,5.01,78,75,1.3,6.3,11,88,0,51.39,6.67,0.32,0.35,52.47,94,6.27,14.28,0.37,0.37,0,0,1.11,1.48,0.19,0,0,0,0.19,15,77,8,21,74,5,20.02,17.81,0.98,101,-2.21,19.71,17.97,0,0,0,0,0,,0,0,,0,0,0,0,0,0,14,6,5.54,35,0.03,0.08,-0.01,-0.04,,0.06
Jon Garro,Real Sociedad B,La Liga 2,2026/2027,484,5.37,6,Right Back,Right Wing Back,Man,Spain,21,09/06/05,186,0,0,0.01,0.03,0.37,0,50,1,,0.02,0,0.04,0.37,0,0.04,0.19,0,0,0.19,0,0.05,0.74,-0.05,0.74,0.19,0.56,25,0.56,0,0.37,0.74,0.93,0.37,2.23,0.86,17.31,10.61,0.05,7.82,29.15,10.79,2.79,1.67,2.61,69,0.99,1.35,0.19,50,0.74,33,0.56,0,15.63,9.2,4.47,1.12,0.74,33.24,3.91,25,0.56,50,0.19,0,0,32.56,81,2.79,15,65,2.61,3.91,8,72,-9,40.9,2.98,0.16,0.2,26.61,97,4.08,3.72,0.37,0.19,0.19,0,0.19,0.37,0,0,0,0,0,26,66,8,50,45,5,21.71,20.24,0.94,92,-1.46,20.39,18.53,0,0,0,0,0,,0,0,,0,0,0,0,0,0,24,9,2.51,25,0.09,0.04,0.18,0,,0.31
Pablo Torre,Mallorca,La Liga 2,2026/2027,482,5.35,7,Centre Attacking Midfielder,Right Centre Midfielder,Man,Spain,24,02/04/03,173,0.19,0.19,0.1,0.06,1.68,11,33,0,,0.14,0,0.04,0.75,0,0.03,0.56,0,0.01,0.19,0.19,0.14,2.43,0.05,1.31,0.37,0.93,29,1.12,0,1.87,1.31,0.75,0.81,0.37,0.47,16.07,9.34,0.03,4.11,55.78,4.67,2.99,0.75,1.49,100,0.88,1.69,0.37,100,0,22,0.37,0,14.94,18.62,3.92,2.24,0.56,57.42,10.27,69,1.49,67,0.19,0,0,44.83,86,1.87,15,43,0.75,3.92,21,87,1,58.57,6.73,0.36,0.39,40.35,93,5.76,16.44,1.68,1.12,0.56,0.19,1.31,2.43,0.19,0,0,0,0.37,16,61,22,27,53,19,16.52,14.71,0.91,101,-1.81,15.02,14.82,0,0,0,0,0,,0,0,,0,0,0,0,0,0,14,7,4.89,38,0,0.06,0.01,-0.09,,-0.02
Enric Gallego,Tenerife,La Liga 2,2026/2027,480,5.33,6,Right Centre Forward,Centre Forward,Man,Spain,40,11/09/86,189,0.94,0.75,0.44,0.14,3.19,24,35,6,100,0.43,0,0.02,0.56,0,0.02,0.56,0,0,0,0.75,0.46,3.75,0.29,0.75,0.56,0.19,75,1.31,0.19,0.75,2.06,0.38,0.2,1.31,0.84,23.65,11.07,0,4.13,61.6,4.88,3.38,0.56,0.94,75,0.51,0.7,3.57,100,0.19,50,5.63,0,19.52,13.65,3.57,3.75,0.56,64.07,15.01,77,2.82,75,0.19,0,0,20.27,56,1.13,76,50,1.88,1.69,37,43,-13,61.18,2.06,0.14,0.5,15.01,86,4.36,5.82,0.38,0.38,0,0,5.82,6.19,0,0,0,0,0,18,71,11,13,77,10,16.77,15.01,1,112,-1.75,16.79,16.85,0,0,0,0,0,,0,0,,0,0,0,0,0,0,51,15,2.25,19,-0.05,0.1,0,-0.08,,-0.03
Curro Sánchez,Burgos,La Liga 2,2026/2027,476,5.29,7,Centre Attacking Midfielder,Right Centre Forward,Man,Spain,31,02/01/96,174,0.19,0,0.12,0.2,0.57,0,0,1,100,0,0.19,0.24,1.32,0.19,0.12,0.38,0,0.12,0.95,0.19,0.36,1.89,-0.17,0.38,0.38,0,100,1.51,0,0.76,2.27,0,0,0.76,0.71,21.56,12.67,0,4.92,50.62,6.81,3.03,1.13,1.13,60,1.18,1.18,1.32,20,0.76,73,2.08,0,19.1,19.76,4.73,3.97,1.32,51.96,10.21,53,2.84,71,0,0,0,34.61,75,2.84,90,68,0.95,3.97,24,72,-3,54.35,4.54,0.27,0.41,27.61,92,3.18,7.94,0.95,0.38,0.57,0.38,2.08,2.46,0.38,60,0.57,50,0.76,16,67,18,12,86,2,19.04,15.68,0.97,101,-3.36,18.39,15.9,0,0,0,0,0,,0,0,,0,0,0,0,0,0,28,7,3.65,39,0.08,0.02,0.04,-0.02,,0.13
Álvaro Rodríguez,Eibar,La Liga 2,2026/2027,472,5.24,6,Right Back,Right Wing Back,Man,Spain,32,21/07/94,181,0.38,0.38,0.08,0.2,0.38,100,100,1,,0.23,0.19,0.11,0.76,0.19,0.11,0.76,0,0,0,0.57,0.19,1.14,0.38,0,0,0,,0.76,0,0.95,0.38,0.76,0.27,2.48,1.35,9.54,6.1,0.02,4.58,31.63,7.06,1.91,1.53,2.29,80,0.63,0.9,0,67,0.38,40,0.76,0,8.01,4.09,3.24,0.95,0.38,40.24,3.24,40,0.95,100,0,0,0,29.57,66,1.72,6,41,3.05,3.62,11,57,-10,49.4,2.86,0.28,0.4,20.79,94,4.53,5.72,2.1,1.72,0.38,0,1.34,3.05,0,45,0.95,26,0,30,61,9,20,73,7,20.08,18.59,0.91,86,-1.49,18.28,15.93,0,0,0,0,0,,0,0,,0,0,0,0,0,0,39,14,4.03,35,0.18,0.02,0.03,0.14,,0.36
Jesús Clemente,CD Eldense,La Liga 2,2026/2027,468,5.2,5,Right Back,Right Wing Back,Man,Spain,26,07/09/00,183,0,0,0.01,0.02,0.38,0,50,0,,0,0,0.03,0.58,0,0.03,0.58,0,0,0,0,0.03,0.96,-0.03,0.77,0.19,0.58,25,1.15,0,1.35,1.54,0.96,0.82,1.54,1.28,11.93,5.96,0.02,3.85,38.12,9.04,2.69,1.73,2.69,75,1.53,2.35,1.15,80,0.58,50,1.15,0,9.04,7.7,2.89,2.31,0.58,46.32,3.27,36,1.54,67,0.19,0,0,40.01,73,1.54,19,24,1.73,6.15,14,70,-3,48.78,5.77,0.36,0.38,33.85,93,4.22,7.31,0.58,0.58,0,0.19,1.73,2.31,0,33,0.19,9,0.19,34,56,10,39,45,16,19.52,14.7,0.83,93,-4.82,16.14,13.64,0,0,0,0,0,,0,0,,0,0,0,0,0,0,34,14,5.19,41,0.15,0.03,-0.09,-0.02,,0.07
Jon Magunazelaia,Eibar,La Liga 2,2026/2027,467,5.19,6,Centre Attacking Midfielder,Right Wing,Man,Spain,25,12/07/01,178,0.39,0.39,0.15,0.16,0.96,40,40,2,,0.19,0.19,0.18,0.96,0.19,0.18,0.96,0,0,0,0.58,0.34,1.93,0.24,0.77,0,0.77,0,1.35,0,1.54,3.08,0.96,0.47,1.35,0.56,19.45,12.71,0,5.2,50.28,5.2,2.5,1.93,2.89,77,1.34,1.81,1.54,67,0.58,54,1.35,0,15.98,10.79,4.24,2.7,0.96,54.85,9.24,58,2.31,86,0,0,0.19,23.3,70,0.39,44,40,1.35,0.96,27,76,6,58.91,3.85,0.57,0.7,20.8,85,4.84,7.9,0.58,0.58,0,0.77,4.04,4.62,0,0,0,0,0.96,23,63,14,29,61,10,14.89,12.55,0.96,93,-2.35,14.35,11.7,0,0,0,0,0,,0,0,,0,0,0,0,0,0,25,9,3.87,26,0.05,0.05,0.07,0.11,,0.27
Álex Forés,Burgos,La Liga 2,2026/2027,465,5.16,7,Centre Forward,Right Centre Forward,Man,Spain,26,11/04/01,179,0.58,0.58,0.5,0.17,2.91,20,33,7,,0.45,0,0,0,0,0,0,0,0,0,0.58,0.5,2.91,0.08,0.77,0,0.77,0,0.77,0,0.58,4.26,0,0,0.19,0.18,18.4,7.56,0,2.91,64.22,4.65,2.91,0.39,0.39,33,0.38,0.38,0.77,0,0.77,39,1.74,0,17.24,17.16,2.71,4.84,0.77,64.36,13.75,80,4.46,92,0,0,0,15.11,55,0,26,0,0.19,0.19,23,58,2,55.71,1.36,0.53,0.79,13.56,73,5.19,3.29,0.39,0.39,0,0.19,6.01,6.39,0.19,0,0,0,0.19,22,60,18,29,53,18,15.3,14.36,1.04,99,-0.94,15.97,14.17,0,0,0,0,0,,0,0,,0,0,0,0,0,0,46,7,1.86,16,-0.02,0.03,0,0.07,,0.07
Hugo Cortés,FC Andorra,La Liga 2,2026/2027,461,5.12,6,Right Wing,Centre Forward,Man,Spain,20,03/03/07,178,0.39,0.39,0.17,0.06,2.74,14,43,4,,0.28,0,0.08,0.78,0,0.08,0.78,0,0,0,0.39,0.26,3.52,0.13,0.59,0.2,0.39,33,0.39,0,1.56,1.17,0.2,0.31,0.39,0.59,20.12,10.94,0,6.06,63.31,5.08,3.32,1.17,1.37,75,1.99,2.3,1.56,0,0.39,33,0.39,0,17.39,28.68,5.67,3.13,0.98,64.77,14.07,81,2.54,81,0,0,0,29.31,78,2.15,9,92,0.59,2.15,8,54,-24,62.63,3.32,0.52,0.72,27.55,90,5.11,12.11,0.59,0.59,0,0,3.91,4.49,0,33,0.2,50,0.2,14,63,24,16,65,19,16.04,12.78,1.07,121,-3.25,17.09,15.52,0,0,0,0,0,,0,0,,0,0,0,0,0,0,20,5,5.33,27,-0.09,0.05,0.01,0.03,,0
Urko Izeta,Cádiz,La Liga 2,2026/2027,459,5.1,7,Centre Forward,Centre Attacking Midfielder,Man,Spain,27,28/09/99,175,0.2,0,0.18,0.13,1.37,0,29,3,100,0.06,0,0.02,0.59,0,0.02,0.59,0,0,0,0,0.2,1.96,-0.2,0.98,0.98,0,100,1.76,0,0.78,3.53,0.2,0.2,0.2,0.24,19.02,9.41,0,5.1,58.85,4.51,1.18,0.78,0.98,57,0.9,1.1,0.78,40,0.59,33,0.78,0,17.85,18.48,4.51,4.71,1.18,61.36,12.94,73,3.33,71,0,0,0,19.41,79,0.78,14,57,0.59,0.98,25,62,-17,58.78,1.18,0.19,0.34,20.2,83,3.64,5.69,0.2,0.2,0,0.39,5.49,5.69,0,0,0,,1.18,10,59,32,7,72,21,15.07,16.26,0.99,108,1.19,14.9,17.59,0,0,0,0,0,,0,0,,0,0,0,0,0,0,26,12,3.88,33,-0.04,-0.02,0.01,-0.07,,-0.13
Damián Rodríguez,Cádiz,La Liga 2,2026/2027,455,5.06,6,Centre Defensive Midfielder,Left Defensive Midfielder,Man,Spain,24,16/03/03,180,0,0,0,,0,,,0,,0,0,0.09,1.38,0,0.08,1.19,0,0.01,0.2,0,0.09,1.38,-0.09,0,0,0,,1.58,0,0.79,0.59,0.59,0.77,0.79,0.87,14.04,8.31,0.03,5.34,38.26,10.88,4.75,2.57,3.16,87,3,3.77,1.19,67,0.4,17,0.2,0,10.28,10.92,3.76,1.98,0.59,42.07,3.36,33,0.59,30,0.59,0,0,47.86,91,4.55,86,77,1.58,5.14,12,82,-8,45.98,4.55,0.31,0.31,40.74,97,3.63,6.13,0.4,0.2,0.2,0,0.4,0.59,0,0,0,0,0,18,71,11,19,74,6,20.2,19.06,0.97,88,-1.14,19.63,16.76,0,0,0,0,0,,0,0,,0,0,0,0,0,0,15,9,4.53,38,0.04,0.04,0.06,,,0.15
Jon Guruzeta,Eibar,La Liga 2,2026/2027,452,5.02,7,Left Wing,Right Wing Back,Man,Spain,27,02/04/00,185,0.6,0.6,0.27,0.13,2.19,27,55,4,,0.29,0.4,0.27,1.39,0.4,0.26,1.2,0,0.01,0.2,1,0.55,3.59,0.45,1.39,0.4,1,29,1.39,0,1.2,1.79,0.6,0.17,1.2,0.41,21.32,10.16,0.01,4.58,50.27,4.58,2.79,2.79,3.39,82,1.37,1.54,1.99,40,0.6,55,1.2,0,16.54,8.86,3.39,3.59,1.2,52.7,8.97,54,2.79,78,0.6,0,0,24.71,65,1,11,36,1.59,2.39,30,54,-11,55.75,1.79,0.43,0.78,22.72,88,7.9,5.18,1,0.8,0.2,0.4,2.79,3.59,0,20,0.2,14,0.4,16,63,21,12,69,19,18.28,15.12,0.91,96,-3.15,16.59,14.53,0,0,0,0,0,,0,0,,0,0,0,0,0,0,32,5,3.01,23,0.09,0.14,0.08,0.02,,0.33
Unax Agote,Real Sociedad B,La Liga 2,2026/2027,451,5.01,6,Left Back,Left Centre Back,Man,Spain,24,27/03/03,180,0,0,0.01,0.02,0.6,0,0,0,,0,0,0.02,0.6,0,0.02,0.6,0,0,0,0,0.03,1.2,-0.03,1.6,1,0.6,63,1.99,0,0.6,1.2,1.2,0.6,3.99,1.78,18.55,10.17,0.01,7.98,35.52,10.37,5.58,2.19,3.39,73,1.22,1.82,1.99,57,0.8,83,1,0,14.36,7.24,5.58,4.39,1.4,39.66,4.79,33,2.59,59,0.6,0,0,33.9,76,5.18,90,58,5.78,7.18,15,78,2,47.75,5.38,0.12,0.14,29.91,94,4.93,7.58,0.8,0.6,0.2,0.4,0.8,1.4,0.2,25,0.8,40,0.4,30,60,10,39,50,11,23.57,28.64,0.9,100,5.07,21.11,28.63,0,0,0,0,0,,0,0,,0,0,0,0,0,0,28,11,3.33,30,0.1,0.08,-0.16,-0.02,,0
Álex Martín,Córdoba CF,La Liga 2,2026/2027,447,4.96,6,Right Centre Back,Left Centre Back,Man,Spain,29,24/01/98,183,0,0,0,0.02,0.2,0,0,0,,0,0,0.03,0.2,0,0.03,0.2,0,0,0,0,0.03,0.4,-0.03,0.2,0.2,0,100,0.81,0,0.2,0.2,0.81,0.94,4.03,5.11,10.07,4.43,0.08,5.24,25.78,8.06,1.81,1.21,2.01,75,1.53,2.47,1.41,50,0.4,78,2.82,0,7.45,9.25,2.82,1.81,1.01,31.65,1.61,22,0.6,33,0.2,0,0,42.91,88,3.83,9,58,5.84,4.84,17,79,-9,37.39,4.03,0.3,0.3,35.46,99,5.78,5.04,0,0,0,0.2,0.81,0.81,0,,0,,0.2,24,73,3,44,56,0,24.72,28.59,0.93,85,3.87,22.89,24.25,0,0,0,0,0,,0,0,,0,0,0,0,0,0,15,7,4.67,29,0.05,0.05,0.21,-0.01,,0.3
Álvaro Marín,Celta de Vigo B,La Liga 2,2026/2027,444,4.93,7,Centre Forward,Right Wing,Man,Spain,24,30/04/03,187,0.61,0.61,0.54,0.2,2.64,23,38,7,,0.54,0,0.01,0.41,0,0.01,0.41,0,0,0,0.61,0.55,3.04,0.06,0.2,0.2,0,100,1.83,0,2.43,1.42,0.2,0.34,1.42,1.22,21.3,10.75,0.01,3.85,61.28,2.43,1.62,0.41,0.61,100,0.24,0.58,1.01,,0,27,0.81,0,19.88,18.87,2.64,3.45,0.61,65.97,16.23,82,2.64,76,0,0,0,13.19,74,0.61,21,100,1.42,0.61,18,57,-17,55.85,1.01,0.2,0.65,15.21,80,3.82,3.04,0,0,0,0,5.68,5.68,0.2,,0,0,0,9,55,36,20,47,33,14.08,13.46,1.07,82,-0.61,14.99,11.08,0,0,0,0,0,,0,0,,0,0,0,0,0,0,25,10,1.44,11,-0.02,0.04,0.03,0.11,,0.16
Jesé,Las Palmas,La Liga 2,2026/2027,441,4.9,6,Centre Forward,Centre Attacking Midfielder,Man,Spain,34,25/02/93,178,0.41,0.41,0.15,0.08,1.84,22,56,4,,0.33,0,0.07,0.61,0,0.07,0.61,0,0,0,0.41,0.22,2.45,0.18,0.82,0.61,0.2,75,0.82,0,1.02,2.04,0.2,0.26,0,0,18.16,8.57,0,3.47,64.5,4.28,2.24,1.22,1.43,67,1.39,1.66,1.22,0,0.61,17,0.41,0,15.71,19,3.06,3.67,1.22,65.1,12.65,81,2.86,78,0,0,0.2,26.52,70,0.61,6,50,0.41,0.82,21,70,0,59.95,1.02,0.25,0.42,22.85,91,4.75,8.16,0.41,0.41,0,0.41,3.47,3.88,0,0,0,0,0.82,9,69,22,10,70,20,13.88,15.18,0.95,94,1.3,13.13,14.3,0,0,0,0,0,,0,0,,0,0,0,0,0,0,33,8,2.75,20,-0.11,0.06,0,0.03,,-0.02
Guillermo Macho,CD Eldense,La Liga 2,2026/2027,440,4.89,7,Left Defensive Midfielder,Right Defensive Midfielder,Man,Spain,24,02/01/03,175,0.2,0.2,0.1,0.05,2.04,10,40,2,,0.03,0,0.02,0.61,0,0,0.2,0,0.02,0.41,0.2,0.12,2.66,0.08,0.61,0.2,0.41,33,2.25,0,1.02,1.23,1.23,1.27,0.41,0.32,15.94,6.74,0,5.52,41.52,11.45,6.34,1.64,2.86,62,1.54,2.81,1.23,29,1.02,36,0.82,0,13.08,10.75,4.5,3.27,1.43,42.02,4.91,38,1.84,56,0.2,0,0,47.01,83,1.43,13,58,1.02,1.84,17,81,-2,52.61,4.5,0.35,0.41,41.49,95,4.31,10.63,0.61,0.41,0.2,0,2.25,2.66,0.2,33,0.2,33,0.2,18,71,11,21,69,10,17.3,18.16,0.97,96,0.85,16.81,17.47,0,0,0,0,0,,0,0,,0,0,0,0,0,0,19,6,3.29,26,-0.03,0.08,0.01,-0.08,,-0.02
David López,Girona,La Liga 2,2026/2027,437,4.86,5,Right Centre Back,Centre Back,Man,Spain,37,08/10/89,185,0,0,0.03,0.14,0.21,0,100,0,,0.04,0,0,0,0,0,0,0,0,0,0,0.03,0.21,-0.03,0,0,0,,0.21,0,0.62,0.41,1.03,0.74,3.71,2.36,7.41,3.29,0.05,3.29,21.75,7,0.82,0.82,1.85,57,0.44,1.18,0.41,40,0.62,70,1.44,0,6.18,4.57,2.47,1.65,1.03,27.57,1.24,20,0,0,0.21,0,0,49.21,90,8.24,18,73,6.59,8.44,22,82,-8,30.24,3.29,0.53,0.56,44.26,98,4.42,2.88,0,0,0,0,0.62,0.62,0.21,,0,,0,24,72,4,50,50,0,25.6,26.51,0.96,93,0.91,24.58,24.65,0,0,0,0,0,,0,0,,0,0,0,0,0,0,15,8,3.91,30,0.01,0.14,-0.11,-0.02,,0.02
José Matos,AD Ceuta FC,La Liga 2,2026/2027,437,4.85,7,Left Back,Left Wing Back,Man,Spain,32,05/05/95,168,0,0,0.02,0.05,0.41,0,0,1,,0,0,0.02,0.41,0,0.02,0.41,0,0,0,0,0.04,0.82,-0.04,1.03,0.41,0.62,40,1.85,0,0.62,2.06,1.03,1.25,2.06,2.15,10.09,3.91,0,4.12,41.26,7.62,3.09,0.82,1.85,80,0.77,2.02,1.03,50,0.21,46,1.24,0,8.24,7.27,3.3,2.06,0.62,46.27,3.5,43,1.44,70,0.21,0,0,27.4,80,2.06,76,56,2.47,3.3,7,77,-3,48.35,3.71,0.35,0.39,22.04,93,4.97,7.21,0.21,0.21,0,0.41,1.85,2.06,0,100,0.21,20,0.41,31,60,9,26,57,17,20.19,16.61,0.94,99,-3.58,18.89,16.43,0,0,0,0,0,,0,0,,0,0,0,0,0,0,30,14,4.26,29,0.1,0.02,0.02,-0.04,,0.1
Jon Balda,Real Sociedad B,La Liga 2,2026/2027,430,4.78,6,Right Centre Back,Left Back,Man,Spain,25,19/04/02,174,0,0,0.05,0.04,1.25,0,0,1,,0,0.21,0.04,0.42,0.21,0.03,0.21,0,0.02,0.21,0.21,0.1,1.67,0.11,1.25,0.63,0.63,50,2.3,0,0.21,1.25,0.63,0.5,3.76,2.27,16.73,8.36,0.09,6.69,32.76,8.78,2.51,1.67,2.3,67,0.97,1.46,2.51,63,0.84,71,2.51,0,12.54,8.45,3.55,1.88,0.63,39.93,3.14,25,0.84,44,0.42,0,0,35.12,74,5.23,91,63,4.81,7.32,14,61,-13,40.59,2.3,0.18,0.2,30.11,96,5.81,2.09,0.84,0.21,0.63,0,1.05,1.25,0.42,0,0.21,14,0,22,66,12,60,30,10,24.8,24.32,0.96,101,-0.48,23.82,24.52,0,0,0,0,0,,0,0,,0,0,0,0,0,0,27,9,2.72,25,0.07,0.05,-0.06,-0.06,,0.01
Yann Bodiger,AD Ceuta FC,La Liga 2,2026/2027,428,4.75,6,Left Centre Back,Right Defensive Midfielder,Man,France,32,08/02/95,188,0,0,0,,0,,,0,,0,0,0,0,0,0,0,0,0,0,0,0,0,0,0.63,0.42,0.21,67,1.26,0,0.84,0.84,1.05,0.66,2.1,1.79,17.68,10.1,0.05,6.52,36.23,9.26,3.79,2.31,3.37,69,1.72,2.39,1.89,29,1.05,50,0.63,0,13.47,11.11,3.58,2.74,0.42,40.59,4.21,31,1.05,38,0.21,0,0,49.66,86,2.74,76,50,3.79,3.79,15,72,-14,39.73,3.79,0.17,0.17,39.98,96,5.44,5.68,0.21,0.21,0,0,0.63,0.84,0,0,0,,0,30,63,7,52,48,0,20.28,21.7,0.93,88,1.42,18.94,19.09,0,0,0,0,0,,0,0,,0,0,0,0,0,0,17,7,2.44,23,0.04,0.05,0.14,,,0.23
Nacho Gil,Tenerife,La Liga 2,2026/2027,427,4.74,5,Left Midfielder,Left Wing,Man,Spain,31,08/09/95,170,0,0,0.06,0.03,1.9,0,22,2,,0.07,0.42,0.23,2.11,0.42,0.14,1.05,0,0.09,1.05,0.42,0.29,4,0.13,2.32,0.84,1.48,36,2.74,0,0.84,3.37,1.26,0.79,0,0,24.45,12.86,0,6.96,50.31,6.96,3.79,2.11,3.37,91,1.4,2.19,2.11,67,0.21,0,0,0,20.24,13.92,6.11,4.43,1.9,50.14,10.33,51,3.37,76,0,0,0,28.88,70,3.79,7,51,0.63,6.75,14,64,-6,59.45,5.27,0.29,0.35,30.56,88,6.05,8.43,2.11,0.63,1.48,0.21,1.48,2.11,0.42,0,0.21,8,0.21,25,59,15,45,38,18,23.42,15.07,0.91,92,-8.35,21.21,13.86,0,0,0,0,0,,0,0,,0,0,0,0,0,0,37,13,4.36,36,0.12,0.09,0.02,-0.02,,0.21
Iván Garriel,Real Valladolid,La Liga 2,2026/2027,426,4.73,5,Left Back,Left Wing Back,Man,Spain,22,02/04/05,177,0,0,0.01,0.05,0.21,0,100,0,,0,0,0.06,0.85,0,0.06,0.85,0,0,0,0,0.07,1.06,-0.07,0.85,0.21,0.63,25,0,0,1.27,2.54,0.63,0.6,3.38,2.91,21.13,11.62,0.04,9.3,30.68,8.66,2.32,4.23,4.86,83,4.31,4.91,1.06,50,0.85,83,1.06,0,15.85,14.86,6.55,2.54,0.85,35.46,4.65,29,1.48,58,0.42,0,0,33.6,76,4.01,75,68,4.65,4.65,13,65,-11,51.77,2.11,0.44,0.58,31.27,89,4.09,7.4,1.48,1.48,0,0.21,0.42,1.9,0,43,1.27,50,0.21,25,64,11,23,60,17,20.66,22.3,0.97,92,1.64,20.02,20.45,0,0,0,0,0,,0,0,,0,0,0,0,0,0,22,8,3.72,30,0.14,0.05,0.07,-0.01,,0.25
Álex Suárez,Las Palmas,La Liga 2,2026/2027,425,4.73,5,Right Centre Back,,Man,Spain,34,17/03/93,179,0,0,0,,0,,,0,,0,0,0,0,0,0,0,0,0,0,0,0,0,0,0,0,0,,0.63,0,0,0,0,0,2.75,3.19,8.68,6.77,0.07,4.87,27.27,4.66,0.85,1.48,1.48,100,1.53,1.53,0.85,,0,50,0.63,0,6.35,7.13,3.6,0.85,0.85,32.72,1.69,27,0.42,50,0.42,0,0,46.35,92,3.39,17,76,3.6,3.6,12,71,-21,36.5,1.9,0.2,0.2,40,100,3.84,2.33,0,0,0,0,0.42,0.42,0,,0,,0.21,26,73,2,55,45,0,17.98,18.21,0.96,83,0.23,17.29,15.12,0,0,0,0,0,,0,0,,0,0,0,0,0,0,15,9,2.22,25,0.04,0.06,0.17,,,0.27
Iñaki González,Las Palmas,La Liga 2,2026/2027,424,4.71,6,Left Defensive Midfielder,Centre Defensive Midfielder,Man,Spain,22,26/07/04,180,0,0,0.02,0.1,0.21,0,0,0,,0,0.21,0.06,1.49,0.21,0.06,1.49,0,0,0,0.21,0.08,1.7,0.14,0.43,0.43,0,100,2.34,0,1.49,0.21,0.85,0.86,2.76,3.27,20.4,11.9,0.04,8.71,42.7,7.23,2.98,1.91,2.76,64,2.41,3.27,1.91,50,1.06,70,1.49,0.21,16.58,18.65,5.95,5.31,2.13,45.41,7.86,47,3.4,64,0.43,0.21,0,44.2,93,3.19,5,68,4.04,3.4,15,91,-2,51.77,7.86,0.36,0.37,41.44,96,5.35,12.11,0.64,0.64,0,0,0.43,1.06,0,0,0,,0,17,74,9,21,72,7,17.94,20.8,0.95,87,2.86,17.06,18.15,0,0,0,0,0,,0,0,,0,0,0,0,0,0,11,7,4.97,38,0.01,0.08,0.15,-0.02,,0.22
Jon Bautista,Eibar,La Liga 2,2026/2027,423,4.7,7,Centre Forward,Left Centre Forward,Man,Spain,31,02/07/95,182,0.21,0.21,0.5,0.14,3.62,6,29,8,,0.55,0.43,0.14,1.06,0.43,0.14,1.06,0,0,0,0.64,0.64,4.68,0,0.64,0.21,0.43,33,1.06,0,1.49,2.77,0,0,0,0,27.68,14.05,0.01,6.17,58.22,3.62,1.7,1.06,1.06,71,0.29,0.29,1.92,0,0.43,50,4.47,0,24.7,11.92,5.75,2.98,0.85,59.07,15.54,63,2.56,86,0.21,0,0,15.54,58,0.43,19,67,0.21,0.43,33,42,-15,59.74,1.06,0.28,0.66,11.5,65,4.05,4.47,0.43,0.43,0,0.43,7.24,7.67,0.21,0,0,,1.06,21,59,21,10,76,14,15.2,14.45,0.92,83,-0.75,14.01,12.02,0,0,0,0,0,,0,0,,0,0,0,0,0,0,46,9,2.68,20,0,-0.02,0,0.05,,0.02
Diego Bri,Córdoba CF,La Liga 2,2026/2027,422,4.69,6,Left Wing,Left Back,Man,Spain,24,11/09/02,177,0.21,0.21,0.34,0.16,2.13,10,50,3,,0.29,0.21,0.1,0.85,0.21,0.1,0.85,0,0,0,0.43,0.44,2.98,-0.01,1.28,0.64,0.64,50,2.77,0.21,2.34,2.56,0.21,0.28,0.64,0.66,14.7,7.24,0,3.84,53.34,7.67,5.33,1.07,1.28,63,1.45,1.73,1.92,33,0.64,64,1.49,0,11.72,14.56,3.2,2.77,0.64,57.2,7.03,60,1.92,69,0.43,0,0,25.78,75,1.28,78,67,1.28,1.28,19,58,-17,61.5,3.2,0.59,0.73,28.55,85,8.41,9.16,0.85,0.85,0,0.43,4.69,5.54,0,50,0.85,25,0.43,14,67,19,16,67,16,17.05,20.44,0.99,99,3.39,16.81,20.15,0,0,0,0,0,,0,0,,0,0,0,0,0,0,26,8,4.41,25,-0.01,0.42,-0.02,0.02,,0.4
Sergio Rodelas,Granada,La Liga 2,2026/2027,421,4.67,7,Right Wing,,Man,Spain,22,30/11/04,168,0,0,0.1,0.04,2.35,0,27,5,,0.02,0.21,0.15,0.86,0.21,0.15,0.86,0,0,0,0.21,0.26,3.21,-0.04,2.78,1.28,1.5,46,0.86,0,2.78,2.78,0.21,0.11,0.43,0.29,19.68,8.77,0,5.78,52.84,5.56,3.42,0.43,0.64,33,0.63,0.74,1.71,0,0.86,29,0.43,0,18.18,19.05,5.13,4.49,2.14,54.8,10.48,58,3.85,86,0.21,0,0,20.32,56,0.64,77,20,1.07,2.57,21,52,-4,63.07,1.93,0.29,0.37,25.46,79,8.23,5.56,0.86,0.86,0,0.43,2.57,3.42,0,75,0.64,16,0.21,15,68,16,15,54,31,18.7,18.2,0.78,73,-0.5,14.55,13.36,0,0,0,0,0,,0,0,,0,0,0,0,0,0,35,6,3.23,17,0.02,0.11,-0.02,-0.11,,0
Jacobo González,Real Oviedo,La Liga 2,2026/2027,420,4.67,6,Left Wing,Centre Forward,Man,Spain,30,24/03/97,179,0,0,0.36,0.15,2.36,0,27,3,,0.14,0,0.07,0.86,0,0.06,0.64,0,0.01,0.21,0,0.43,3.21,-0.43,1.5,0.64,0.86,43,1.71,0,3.43,3.64,0.21,0.38,0.21,0.13,20.57,7.07,0.02,4.71,57.57,3.21,1.71,1.07,1.29,63,1.5,1.88,2.79,0,0.64,33,1.5,0,16.71,17.36,4.5,5.14,1.93,59.58,11.14,67,4.5,88,0.21,0,0,28.06,67,2.79,16,65,1.71,2.79,27,58,-9,62.59,2.79,0.3,0.59,29.14,79,5.66,8.57,1.07,0.86,0.21,0.43,6.43,7.28,0,0,0,0,0.43,16,70,14,10,83,8,19.36,19.06,1,110,-0.3,19.36,21.03,0,0,0,0,0,,0,0,,0,0,0,0,0,0,34,7,3.66,23,0.02,-0.03,0,-0.09,,-0.1
Eder García,Córdoba CF,La Liga 2,2026/2027,416,4.63,6,Centre Attacking Midfielder,Left Centre Midfielder,Man,Spain,23,03/01/04,183,0.22,0.22,0.13,0.06,2.16,10,20,4,,0.13,0.22,0.12,1.51,0.22,0.12,1.51,0,0,0,0.43,0.24,3.67,0.19,0.43,0.43,0,100,0.86,0,1.51,1.08,0.65,0.9,0,0,20.1,10.38,0,4.76,61.73,5.84,3.89,1.73,2.38,100,1.99,2.88,1.3,,0,0,0,0,17.08,21.36,4.11,3.46,1.08,62.42,12.54,73,3.03,88,0.43,0,0,26.37,82,1.95,9,69,0.65,2.16,20,75,-7,59.5,5.4,0.6,0.75,24.21,93,6.78,10.81,1.51,1.51,0,0.22,2.38,3.89,0.22,43,0.65,75,0.22,22,65,13,26,64,10,18.38,20.59,1,102,2.21,18.41,21.1,0,0,0,0,0,,0,0,,0,0,0,0,0,0,18,8,5.17,30,0.03,0.04,0,0.05,,0.12
Juanmi Latasa,Real Valladolid,La Liga 2,2026/2027,416,4.62,7,Centre Forward,Right Centre Forward,Man,Spain,26,22/03/01,192,0.22,0.22,0.24,0.16,1.51,14,29,3,0,0.06,0,0.03,1.08,0,0.03,1.08,0,0,0,0.22,0.27,2.6,-0.05,0.22,0,0.22,0,1.95,0,1.51,4.76,0.65,0.77,0.65,0.61,19.69,9.74,0,2.6,70.5,4.11,3.46,0.22,0.87,50,0.11,0.88,2.38,0,0.22,45,3.9,0,17.1,17.59,2.38,3.9,1.08,72.65,15.37,90,3.68,94,0.65,0,0,20.56,67,0.43,70,100,1.08,0,33,56,-10,60.56,1.3,0.59,0.67,16.02,77,2.4,5.19,0,0,0,0.43,5.63,5.63,0,,0,0,0.43,10,71,19,8,71,21,11.69,12.54,1.05,120,0.85,12.31,15.05,0,0,0,0,0,,0,0,,0,0,0,0,0,0,28,8,2.62,19,-0.03,-0.03,0.01,-0.31,,-0.36
Adrián Embarba,Almería,La Liga 2,2026/2027,409,4.54,6,Right Wing,Left Wing,Man,Spain,35,06/05/92,173,0,0,0.05,0.03,1.76,0,38,2,,0.04,0,0.23,1.98,0,0.22,1.76,0,0.01,0.22,0,0.28,3.74,-0.28,1.32,0.66,0.66,50,0.88,0,3.96,3.74,0.88,1.06,1.1,1.36,20.49,8.15,0.02,5.07,46.92,5.95,4.19,1.98,2.86,75,2.24,3.3,1.32,40,0.66,33,0.44,0,17.18,21.05,3.96,3.74,0.88,48.13,8.15,47,3.3,88,0.22,0,0,31.5,76,3.3,14,56,1.32,5.73,18,71,-5,59.69,3.08,0.36,0.53,35.24,80,6.14,9.25,2.42,1.98,0.44,0.22,1.54,3.52,0,45,1.32,33,0.44,10,72,18,12,69,19,20.04,13.48,0.92,86,-6.56,18.43,11.61,0,0,0,0,0,,0,0,,0,0,0,0,0,0,25,7,5.68,51,0.11,0.07,0.04,-0.05,,0.16
Sergi Darder,Mallorca,La Liga 2,2026/2027,408,4.54,5,Left Defensive Midfielder,Right Defensive Midfielder,Man,Spain,33,21/12/93,180,0,0,0.08,0.18,0.44,0,100,0,,0.18,0,0.08,0.66,0,0.08,0.66,0,0,0,0,0.16,1.1,-0.16,0.88,0.88,0,100,1.54,0,0.88,0.44,0.22,0.29,1.54,1.73,10.14,5.95,0.04,1.98,38.7,10.8,4.41,1.1,1.32,100,1.3,1.59,0.88,,0,50,0.44,0,8.16,8.48,1.32,2.42,0.44,46.58,3.75,46,1.76,73,0.22,0,0,46.95,82,1.98,11,45,2.42,3.53,16,80,-2,50.06,4.63,0.32,0.32,38.79,97,4.23,8.82,0.44,0.44,0,0,1.32,1.76,0,0,0.22,17,0,20,68,12,23,73,5,18.26,19.93,0.92,100,1.67,16.76,19.86,0,0,0,0,0,,0,0,,0,0,0,0,0,0,20,9,2.87,23,-0.06,0.06,0.12,0.06,,0.18
Guilherme Fernandes,Córdoba CF,La Liga 2,2026/2027,407,4.52,4,Goalkeeper,,Man,Portugal,26,27/03/01,191,0,0,0,,0,,,0,,0,0,0,0,0,0,0,0,0,0,0,0,0,0,0.22,0.22,0,100,0.22,0,0,0,0,0,0,0,0,0,0,7.3,3.59,6.42,0,0,0,,0,0,0,,0,,0,0,0,0,0,0,0,,0,,0,,0,0,0,44.04,81,10.18,12,53,4.87,14.17,21,69,-12,19.17,1.77,0.13,0.13,39.84,100,5.86,1.33,0,0,0,0,0,0,0,,0,,0,36,64,0,33,67,0,33.94,40.98,0.8,71,7.04,27.09,28.92,1.77,1.55,-0.22,62,67,-5,1.49,4.65,44,10.62,2.57,0.22,0.22,26.38,-5,14,6,2.17,12,0.11,0.08,,,-0.42,-0.23
Hugo Granados,FC Andorra,La Liga 2,2026/2027,403,4.48,6,Left Centre Midfielder,Centre Attacking Midfielder,Man,Spain,24,06/02/03,186,0,0,0.22,0.09,2.45,0,36,3,,0.15,0.22,0.07,1.34,0.22,0.07,1.34,0,0,0,0.22,0.29,3.79,-0.07,0.67,0.67,0,100,2.01,0,3.12,1.34,0.22,0.4,0.22,0.35,13.61,4.91,0,4.02,49.5,6.25,3.79,0.67,0.89,43,0.83,1.24,1.78,25,0.89,58,3.12,0,11.16,14.77,3.35,5.13,2.01,52.61,5.8,52,2.68,52,0.67,0,0,29.67,83,2.01,11,82,0.22,2.45,18,68,-15,58.91,3.35,0.4,0.6,29.67,87,5.17,10.71,1.34,1.34,0,0.67,4.91,6.25,0.22,0,0,0,1.12,9,81,11,6,81,13,15.57,12.01,1,96,-3.56,15.61,11.54,0,0,0,0,0,,0,0,,0,0,0,0,0,0,18,6,5.2,26,0.07,0.06,0.01,-0.07,,0.07
Samuel Rodríguez,Real Oviedo,La Liga 2,2026/2027,403,4.48,6,Left Back,,Man,Spain,22,07/12/04,182,0,0,0.01,0.03,0.22,0,100,0,,0,0,0.08,1.34,0,0.08,1.34,0,0,0,0,0.08,1.56,-0.08,1.79,1.12,0.67,63,2.01,0,0.89,1.34,0.45,0.53,2.9,3.28,10.05,5.58,0.04,4.24,30.05,9.38,3.8,1.34,1.79,86,1.11,1.64,1.12,50,0.22,40,0.89,0,7.59,5.62,2.9,1.34,0.45,33.12,1.34,18,0.67,50,0.45,0,0,33.72,78,5.14,82,66,3.35,7.37,14,59,-19,54.55,3.57,0.23,0.31,31.93,94,6.97,8.48,2.01,1.79,0.22,0,0.22,2.01,0,67,1.56,44,0.22,21,65,14,18,66,16,21.72,17.98,0.91,89,-3.74,19.84,15.98,0,0,0,0,0,,0,0,,0,0,0,0,0,0,24,7,5,30,0.11,0.11,-0.06,-0.01,,0.16
Pedro Alemañ,Granada,La Liga 2,2026/2027,401,4.45,7,Centre Attacking Midfielder,Right Centre Midfielder,Man,Spain,25,20/03/02,182,0.22,0.22,0.13,0.06,2.25,10,30,3,,0.17,0,0.03,0.9,0,0.01,0.67,0,0.02,0.22,0.22,0.17,3.14,0.06,0.67,0.22,0.45,33,2.47,0,2.92,1.8,0.67,0.64,0.9,0.76,27.62,13.25,0.02,6.06,50.16,7.19,4.27,0.67,1.35,75,0.57,1.21,0.67,50,0.22,31,1.12,0,26.27,22.96,5.84,4.94,0.67,51.32,14.82,56,3.37,68,0.45,0,0,27.17,77,2.69,77,60,2.92,2.47,27,75,-2,52.36,3.14,0.19,0.25,26.27,85,5.05,6.06,0.45,0.22,0.22,0,4.27,4.49,0,0,0.22,25,0.22,14,64,21,22,67,11,19.21,19.48,0.94,98,0.27,17.99,19.03,0,0,0,0,0,,0,0,,0,0,0,0,0,0,26,11,4.49,28,-0.05,0.05,0.02,-0.06,,-0.04
Pablo Meixús,Celta de Vigo B,La Liga 2,2026/2027,399,4.44,7,Centre Back,Right Defensive Midfielder,Man,Spain,24,20/05/03,,0,0,0.01,0.04,0.23,0,100,0,,0.01,0,0,0.23,0,0,0.23,0,0,0,0,0.01,0.45,-0.01,0.45,0.45,0,100,0.68,0,0,0.68,0.23,0.09,4.96,3.8,7.44,3.16,0.03,4.28,24.24,8.79,1.58,0.45,0.68,50,0.39,0.48,1.35,0,0.45,55,1.35,0.23,5.63,5.22,1.8,1.35,1.13,29.53,1.13,20,0.23,17,0.23,0,0,49.36,89,2.7,22,71,6.09,2.7,13,83,-6,36.42,2.25,0.27,0.27,42.15,98,4.26,2.7,0,0,0,0,0.45,0.45,0,,0,,0,18,79,3,8,92,0,21.25,23.49,0.97,92,2.24,20.57,21.7,0,0,0,0,0,,0,0,,0,0,0,0,0,0,13,6,3.09,32,0,0.04,0.02,-0.01,,0.05
Sergio González,Burgos,La Liga 2,2026/2027,398,4.42,4,Right Centre Back,,Man,Spain,30,13/05/97,184,0,0,0.12,0.18,0.68,0,0,0,,0,0,0.03,0.23,0,0.03,0.23,0,0,0,0,0.15,0.9,-0.15,0.23,0.23,0,100,1.81,0,0,0.45,0.68,0.88,4.98,4.5,9.95,4.3,0.03,4.07,24.79,11.31,1.36,1.36,2.04,60,1.44,2.32,1.81,50,0.9,67,1.36,0,6.79,7.79,2.94,0.23,0,25.99,0.45,7,0.23,100,0.23,0,0,61.76,88,5.43,11,59,6.56,7.69,14,73,-15,33.53,4.07,0.53,0.65,51.58,99,4.19,4.3,0.23,0.23,0,0,2.26,2.49,0,100,0.23,50,0,24,72,4,42,58,0,23.29,24.88,0.91,79,1.59,21.19,19.54,0,0,0,0,0,,0,0,,0,0,0,0,0,0,17,9,3.98,31,0.07,0.05,0.02,-0.15,,-0.02
Javier Muñoz,Almería,La Liga 2,2026/2027,398,4.42,4,Right Defensive Midfielder,Right Centre Midfielder,Man,Spain,32,27/02/95,177,0.45,0.45,0.11,0.17,0.68,67,100,1,,0.17,0.45,0.14,1.36,0.45,0.14,1.36,0,0,0,0.91,0.25,2.04,0.65,0.68,0.45,0.23,67,0.68,0,0.68,0.23,0.45,0.61,0.91,0.7,20.14,9.73,0.02,4.75,38.3,7.02,2.26,2.26,2.72,100,2.06,2.67,2.04,100,0,33,0.23,0,15.84,14.32,4.07,3.17,0.68,38.86,4.53,29,2.26,71,0.23,0,0,27.84,80,2.04,10,60,1.13,3.17,21,63,-17,48.13,2.49,0.41,0.57,21.95,97,4.12,4.07,0.68,0.68,0,0,1.58,2.26,0.23,0,0,0,0,23,66,11,33,61,6,17.58,14.63,0.94,95,-2.96,16.49,13.86,0,0,0,0,0,,0,0,,0,0,0,0,0,0,24,9,3.53,31,-0.03,0.11,0.06,0.04,,0.18
Aisar Ahmed,Real Oviedo,La Liga 2,2026/2027,396,4.4,7,Right Back,Left Back,Man,Spain,25,01/07/01,172,0,0,0.03,0.04,0.91,0,50,1,,0.13,0,0.1,1.14,0,0.1,1.14,0,0,0,0,0.13,2.04,-0.13,0.23,0,0.23,0,1.82,0,0.45,1.14,1.36,1.04,2.27,2.75,15.9,8.17,0.09,5.9,37.02,10.45,4.54,3.41,4.77,94,2.78,3.82,0.68,83,0.23,56,1.14,0.23,11.81,9.45,4.09,2.95,1.36,41.04,4.09,35,2.27,77,0.23,0,0,38.15,77,2.04,16,50,2.5,3.86,9,70,-7,53.23,3.63,0.29,0.4,31.79,95,4.65,9.31,1.59,1.59,0,0,0.45,2.04,0,86,1.36,55,0,18,69,13,20,66,15,18.76,18.45,0.93,110,-0.31,17.43,20.32,0,0,0,0,0,,0,0,,0,0,0,0,0,0,27,11,6.09,36,0.18,0.07,0.06,0.01,,0.31
Diego Mariño,Albacete,La Liga 2,2026/2027,394,4.38,4,Goalkeeper,,Man,Spain,37,08/05/90,185,0,0,0,,0,,,0,,0,0,0,0,0,0,0,0,0,0,0,0,0,0,0,0,0,,0,0,0,0,0,0,0,0,0,0,0,6.84,2.55,5.93,0,0,0,,0,0,0,,0,,0,0,0,0,0,0,0,,0,,0,,0,0,0,20.99,80,6.16,7,52,2.51,9.35,15,74,-6,11.88,1.14,0.04,0.04,16.2,100,5.23,0.46,0,0,0,0,0,0,0,,0,,0,34,66,0,100,0,0,35.19,44.14,0.79,81,8.95,27.85,35.65,1.6,1.78,0.18,68,65,4,1.76,5.02,37,13.46,1.55,0,0,17.95,-3,18,2,1.19,10,0.11,0.13,,,0.08,0.32
Bourama Dembélé,Granada,La Liga 2,2026/2027,393,4.36,4,Left Centre Back,,Man,Mali,19,24/04/08,195,0.23,0.23,0.13,0.29,0.46,50,50,0,,0.2,0,0.02,0.46,0,0.02,0.46,0,0,0,0.23,0.15,0.92,0.08,0.23,0.23,0,100,0.46,0,0,0,0.46,0.25,2.29,1.61,5.5,2.98,0,3.21,30.4,5.96,1.38,0.46,0.92,50,0.29,0.53,0.23,0,0.46,43,0.69,0,4.81,3.71,2.75,0.92,0.69,38.67,1.15,24,0.23,25,0,0,0,35.07,81,3.44,75,44,5.04,5.04,19,70,-11,33.68,1.15,0.25,0.27,27.74,100,5.47,1.38,0,0,0,0,0.69,0.69,0,,0,,0,30,65,5,17,50,33,25.63,31.77,0.87,89,6.14,22.3,28.39,0,0,0,0,0,,0,0,,0,0,0,0,0,0,23,10,2.57,17,0.05,0.04,0,0.07,,0.16
Yeray Cabanzón,Real Valladolid,La Liga 2,2026/2027,392,4.36,7,Right Wing,Right Midfielder,Man,Spain,24,13/05/03,170,0,0,0.09,0.03,3.44,0,13,4,,0.05,0.23,0.22,2.06,0,0.12,1.15,0.23,0.1,0.92,0.23,0.31,5.51,-0.08,1.15,0.46,0.69,40,1.15,0,2.29,1.61,0.46,0.48,0,0,15.6,9.18,0,4.13,45.82,7.11,3.9,2.06,2.52,82,1.97,2.44,1.84,50,0.46,33,0.23,0,11.7,11.11,2.98,2.29,1.15,46.7,5.28,45,1.61,70,0.23,0,0,34.64,77,3.21,77,61,0.46,4.82,21,78,0,60.2,3.21,0.31,0.43,32.8,89,4.51,12.62,2.06,0.92,1.15,0.46,1.15,2.06,0.23,11,0.69,30,0.23,9,75,17,11,75,15,19.94,16.2,0.92,108,-3.75,18.29,17.43,0,0,0,0,0,,0,0,,0,0,0,0,0,0,20,6,6.15,47,0.16,0.02,0.03,-0.06,,0.14
Martí Vilà,FC Andorra,La Liga 2,2026/2027,391,4.35,5,Left Back,Left Centre Back,Man,Spain,28,25/05/99,166,0,0,0.01,0.06,0.23,0,0,0,,0,0,0.19,2.76,0,0.16,2.53,0,0.04,0.23,0,0.21,2.99,-0.21,0,0,0,,0.23,0,0.46,0.46,0.23,0.37,2.07,3.6,9.2,4.14,0,2.76,36.61,9.66,3.68,1.15,1.38,100,1.95,2.32,1.61,,0,67,1.38,0,6.44,10.59,1.84,1.61,0.46,41.87,2.53,39,0.46,29,0.23,0,0,61.43,83,5.52,89,57,3.22,8.51,9,86,3,50.49,8.05,0.55,0.67,53.38,99,4.42,17.26,2.07,1.61,0.46,0.46,2.3,3.91,0,33,1.38,55,0.69,21,64,16,27,64,9,20.64,22.65,0.93,107,2.02,19.29,24.3,0,0,0,0,0,,0,0,,0,0,0,0,0,0,17,7,7.66,36,0.14,0.09,0.03,-0.03,,0.24
Carlos Redru,AD Ceuta FC,La Liga 2,2026/2027,390,4.34,4,Left Back,Right Back,Man,Spain,29,22/06/97,178,0,0,0.06,0.13,0.46,0,0,0,,0,0,0.06,0.92,0,0.06,0.92,0,0,0,0,0.12,1.38,-0.12,1.38,0.92,0.46,67,2.77,0,0.46,0.92,0.69,0.76,1.61,1.64,10.84,5.77,0.07,4.15,39.12,8.07,1.61,1.38,2.08,67,1.3,2.06,0.69,33,0.69,57,0.92,0,8.76,8.49,3,1.61,0.23,44.77,3.92,45,1.15,71,0,0,0,39.44,85,2.54,78,61,1.85,3.92,13,76,-9,47.35,3.23,0.3,0.35,35.06,97,5.06,6.69,1.38,1.38,0,0.23,1.38,2.77,0,33,0.69,43,0.23,21,68,11,14,83,3,19.59,19.77,0.95,105,0.18,18.53,20.78,0,0,0,0,0,,0,0,,0,0,0,0,0,0,27,15,4.57,32,0.18,0.05,-0.17,-0.04,,0.02
Álex Rubio,Albacete,La Liga 2,2026/2027,388,4.31,6,Left Centre Forward,Left Midfielder,Man,Spain,24,24/07/02,175,0.23,0.23,0.34,0.16,2.09,11,22,6,,0.18,0,0.17,0.7,0,0.17,0.7,0,0,0,0.23,0.52,2.78,-0.28,1.16,0.46,0.7,40,0.93,0,1.39,1.85,0.46,0.29,0,0,31.98,14.6,0,5.56,71.44,3.94,2.55,0.7,1.16,60,0.82,1.1,2.78,33,0.46,0,0,0,28.51,21.59,4.64,6.03,1.16,72.19,25.49,89,5.56,92,0.46,0,0,12.75,70,0.23,12,33,0,0.7,16,70,0,63.97,0.46,0.35,0.8,14.6,83,6.66,4.64,0.46,0.46,0,1.16,6.03,6.49,0,0,0,0,1.85,6,75,19,5,80,15,15.32,8.73,0.95,101,-6.58,14.6,8.81,0,0,0,0,0,,0,0,,0,0,0,0,0,0,29,6,2.16,16,-0.04,0.11,-0.01,0.06,,0.12
Víctor Fernández,Real Valladolid,La Liga 2,2026/2027,388,4.31,7,Centre Attacking Midfielder,Right Wing,Man,Spain,19,08/11/07,174,0.23,0.23,0.12,0.06,2.09,11,44,3,,0.25,0,0.11,0.93,0,0.1,0.7,0,0.01,0.23,0.23,0.23,3.02,0,1.16,0.46,0.7,40,2.32,0.23,2.55,2.55,0.7,0.66,0.7,0.52,21.36,9.75,0,4.41,50.47,6.73,4.64,1.63,2.32,88,2.01,2.67,1.86,80,0.23,11,0.23,0,17.88,16.05,3.72,2.32,0.46,53.06,9.75,55,1.39,60,0,0,0,28.79,81,1.63,87,78,1.16,1.63,16,76,-5,59.41,3.72,0.49,0.67,31.58,88,4.77,10.45,1.16,0.93,0.23,0,2.79,3.72,0,60,0.93,67,0.46,15,67,18,16,73,11,17.02,15.71,1.02,108,-1.31,17.42,16.95,0,0,0,0,0,,0,0,,0,0,0,0,0,0,22,11,3.44,24,-0.07,0.26,0.03,0.11,,0.32
Jefté Betancor,Las Palmas,La Liga 2,2026/2027,385,4.28,7,Centre Forward,Right Centre Forward,Man,Spain,33,05/07/93,186,0.23,0.23,0.12,0.09,1.4,17,50,4,,0.21,0,0.14,1.17,0,0.14,1.17,0,0,0,0.23,0.26,2.57,-0.02,0.23,0,0.23,0,0.93,0,1.17,1.17,0.7,0.63,0.23,0.21,15.66,8.41,0,2.57,64.75,2.1,0.93,1.17,1.87,56,1.28,1.92,0.93,20,0.93,44,0.93,0,13.55,14.61,2.34,1.64,0.23,67.08,10.52,78,1.17,71,0,0,0,14.02,85,0.7,12,100,0.23,0.7,22,64,-20,59.11,0.47,0.25,0.49,13.09,86,3.8,4.44,0,0,0,0.93,4.67,4.67,0.23,,0,,1.17,12,58,29,11,58,32,15.32,14.47,0.98,108,-0.85,15.03,15.62,0,0,0,0,0,,0,0,,0,0,0,0,0,0,26,12,3.53,42,0.01,-0.04,0.01,0.05,,0.03
Patrick Soko,Leganés,La Liga 2,2026/2027,385,4.28,7,Centre Forward,Left Centre Forward,Man,Cameroon,29,30/10/97,181,0.23,0.23,0.23,0.1,2.34,10,60,8,,0.19,0,0.08,0.23,0,0.08,0.23,0,0,0,0.23,0.31,2.57,-0.08,1.4,0.94,0.47,67,0.47,0,0.94,3.04,0.23,0.26,0.23,0.06,20.57,10.05,0,2.81,64.6,2.81,1.87,0.47,0.7,67,0.47,0.73,1.17,0,0.23,22,1.4,0,18.94,14.56,2.57,2.81,0.23,66.83,15.2,80,2.34,83,0,0,0,12.86,56,0.23,14,50,0.23,0.47,33,58,2,59.25,1.17,0.32,0.46,13.09,79,9.08,3.27,0,0,0,0.23,2.81,2.81,0,,0.23,33,0.23,7,77,16,7,79,14,13.87,11.75,0.88,92,-2.11,12.2,10.85,0,0,0,0,0,,0,0,,0,0,0,0,0,0,42,7,0.94,7,-0.08,0.12,0.01,0.05,,0.1
César Álvarez,Tenerife,La Liga 2,2026/2027,384,4.27,5,Right Back,,Man,Spain,24,14/04/03,173,0,0,0,0.01,0.23,0,0,0,,0,0,0.01,0.23,0,0.01,0.23,0,0,0,0,0.01,0.47,-0.01,1.64,1.17,0.47,71,1.17,0,1.41,1.17,1.17,0.93,1.88,1.29,12.42,5.86,0,5.63,37.14,12.89,5.63,1.41,2.58,75,1.12,2.05,0,0,0.47,83,1.17,0,11.02,8.07,4.45,2.11,1.17,41.37,3.28,30,0.47,22,0,0,0,39.61,77,2.34,4,59,2.34,3.52,17,69,-8,52.95,7.03,0.42,0.43,36.1,94,5.93,9.61,0.94,0.94,0,0,0.94,1.88,0,50,0.47,29,0.23,37,51,11,51,34,15,18.4,15.68,0.97,111,-2.72,17.85,17.44,0,0,0,0,0,,0,0,,0,0,0,0,0,0,29,12,3,22,0.12,0.09,0.05,-0.02,,0.24
Ibai Aguirre,Real Sociedad B,La Liga 2,2026/2027,382,4.25,7,Left Centre Midfielder,Left Defensive Midfielder,Man,Spain,20,09/01/07,,0,0,0.02,0.04,0.47,0,100,1,,0.08,0,0.04,1.41,0,0.04,1.41,0,0,0,0,0.06,1.88,-0.06,0.47,0.24,0.24,50,1.41,0,0.47,0.94,0.47,0.34,1.18,0.78,17.88,9.65,0.04,7.06,43.58,6.82,2.82,0.94,1.41,40,0.55,0.88,1.88,29,1.41,57,0.94,0,15.06,10.72,5.41,3.53,1.41,45.42,6.59,44,1.88,53,0.47,0,0,35.29,79,2.59,40,58,2.12,3.53,19,67,-12,46.41,3.29,0.1,0.13,28.24,97,5.68,4.24,0.24,0.24,0,0,0.47,0.71,0,100,0.24,100,0,15,76,8,28,67,6,20.39,21.3,0.95,96,0.92,19.37,20.53,0,0,0,0,0,,0,0,,0,0,0,0,0,0,18,3,2.71,25,-0.02,0.06,-0.01,0.04,,0.08
Abel Ruiz,Girona,La Liga 2,2026/2027,381,4.24,6,Centre Attacking Midfielder,Left Centre Forward,Man,Spain,27,27/01/00,180,0.47,0.47,0.23,0.12,1.89,25,38,3,,0.47,0.24,0.17,2.12,0.24,0.17,2.12,0,0,0,0.71,0.4,4.01,0.31,0.24,0,0.24,0,0.47,0,1.65,2.12,0.24,0.12,0.47,0.24,15.58,8.26,0,3.31,62.5,2.83,1.65,0.71,0.94,100,0.61,0.73,0.94,100,0,17,0.47,0,13.93,10.96,3.07,1.65,0.71,65.75,10.62,76,1.18,71,0.24,0.24,0,22.43,84,0.47,16,67,0.47,0.71,27,70,-14,56.32,1.89,0.56,0.82,21.72,86,5.19,7.79,0.94,0.94,0,0,3.31,4.25,0.24,50,0.47,100,0.47,10,63,27,15,61,24,15.83,15.21,1.03,106,-0.62,16.26,16.19,0,0,0,0,0,,0,0,,0,0,0,0,0,0,20,7,6.04,40,0,0.01,0.02,0.08,,0.11
Marc-Olivier Doué,Cádiz,La Liga 2,2026/2027,381,4.23,4,Right Defensive Midfielder,Left Defensive Midfielder,Man,France,26,10/10/00,185,0,0,0,0.02,0.24,0,0,0,,0,0,0.04,1.18,0,0.04,1.18,0,0,0,0,0.05,1.42,-0.05,1.65,1.18,0.47,71,1.89,0,1.18,1.89,1.18,1.17,0.47,0.58,17.72,7.56,0.02,6.38,41.33,10.87,3.07,2.13,3.31,82,2.49,3.66,0.95,60,0.47,46,1.42,0,14.65,14.98,5.2,4.02,1.42,41.84,4.73,32,0.95,24,0.47,0,0,43.95,87,1.18,17,100,0.47,1.18,15,86,-1,50.17,4.25,0.31,0.34,39.7,93,5.7,7.8,0.47,0.47,0,0,0,0.47,0,0,0,,0,16,75,9,24,70,6,17.18,13.82,1.05,112,-3.36,17.97,15.52,0,0,0,0,0,,0,0,,0,0,0,0,0,0,15,7,5.25,49,-0.01,0.04,0.01,0,,0.03
Chidiebere Okoro,AD Ceuta FC,La Liga 2,2026/2027,380,4.22,7,Left Defensive Midfielder,Centre Attacking Midfielder,Man,Nigeria,20,22/12/06,,0,0,0.06,0.07,0.95,0,0,1,,0,0,0.02,0.47,0,0.02,0.47,0,0,0,0,0.08,1.42,-0.08,2.37,1.89,0.47,80,1.42,0,2.84,2.37,0.71,0.85,1.18,1.16,25.33,14.21,0.03,9.71,45.71,15.86,8.29,4.26,4.97,90,4.3,5.16,3.31,75,0.47,75,1.42,0,17.76,17.8,7.58,4.5,1.89,47.7,9,51,2.84,63,0.47,0,0,44.51,87,3.08,6,72,1.66,3.79,19,89,2,51.3,2.84,0.41,0.44,43.33,91,4.62,9.71,0.24,0.24,0,0,2.6,2.84,0,100,0.24,33,0,11,76,13,12,78,10,18.15,17.12,1.01,104,-1.02,18.27,17.81,0,0,0,0,0,,0,0,,0,0,0,0,0,0,17,7,5.23,31,0,0.11,0.09,-0.04,,0.17
Ramón Martínez,Real Valladolid,La Liga 2,2026/2027,379,4.21,4,Right Centre Back,,Man,Spain,24,21/10/02,185,0,0,0.01,0.03,0.24,0,0,0,,0,0,0,0,0,0,0,0,0,0,0,0.01,0.24,-0.01,0,0,0,,0,0,0.24,0,0.47,0.58,2.37,2.57,4.27,3.32,0.04,2.85,25.35,9.02,1.19,0.71,1.19,75,0.73,1.31,0.47,0,0.24,67,1.42,0,3.08,2.77,0.95,0.71,0.24,33.72,0.47,15,0.24,33,0.24,0,0,61.45,90,6.41,10,68,2.85,9.02,5,85,-5,37.53,4.27,0.21,0.21,49.82,100,5.01,4.51,0,0,0,0,0.47,0.47,0,,0,,0,20,76,4,16,84,0,24.92,25.06,0.96,104,0.14,23.87,25.96,0,0,0,0,0,,0,0,,0,0,0,0,0,0,13,6,3.18,28,0.01,0.04,0.02,-0.01,,0.05
Daijiro Chirino,Almería,La Liga 2,2026/2027,379,4.21,6,Right Back,Right Wing,Man,Netherlands,25,23/01/02,185,0,0,0.01,0.03,0.24,0,0,0,,0,0,0,0,0,0,0,0,0,0,0,0.01,0.24,-0.01,0.95,0.71,0.24,75,1.19,0,1.19,1.9,0.47,0.5,2.61,2.97,15.67,9.02,0.06,4.04,25.62,8.78,1.9,2.37,2.85,91,3.22,3.72,1.19,83,0.24,67,0.95,0,12.11,14.8,2.61,2.85,0.71,29.46,2.14,18,0.95,33,0,0,0,47.72,86,3.09,12,65,4.04,3.32,13,75,-11,43.51,4.27,0.09,0.09,42.26,94,5.37,7.36,0.47,0.47,0,0,0.24,0.71,0,50,0.24,33,0,25,68,7,16,74,10,18.08,18.39,0.96,104,0.31,17.37,19.2,0,0,0,0,0,,0,0,,0,0,0,0,0,0,24,13,2.37,26,0.12,0.14,-0.2,-0.02,,0.05
Quim Junyent,Almería,La Liga 2,2026/2027,377,4.19,6,Centre Attacking Midfielder,Left Centre Midfielder,Man,Spain,20,24/03/07,,0,0,0,,0,,,0,,0,0,0.09,1.19,0,0.05,0.72,0,0.04,0.48,0,0.09,1.19,-0.09,0.48,0.24,0.24,50,2.39,0,1.91,2.15,0.24,0.15,0,0,26.73,16.23,0,5.01,43.4,5.49,2.86,1.67,1.91,64,1.65,1.8,1.67,25,0.95,17,0.24,0,23.39,22.12,4.3,6.44,1.67,44.44,9.78,42,2.86,44,0.24,0.24,0,42.96,82,1.19,15,36,0.72,2.63,24,75,-7,52.1,2.39,0.38,0.4,39.61,92,4.58,6.68,0.72,0.24,0.48,0.24,1.19,1.43,0,33,0.24,50,0.48,13,70,18,11,79,11,16.76,13.51,0.95,89,-3.25,15.93,12,0,0,0,0,0,,0,0,,0,0,0,0,0,0,18,4,4.84,35,-0.01,0.04,0.03,,,0.07
Sergio Molina,FC Andorra,La Liga 2,2026/2027,376,4.17,7,Centre Defensive Midfielder,Right Centre Back,Man,Spain,31,17/02/96,178,0,0,0.07,0.05,1.44,0,17,1,,0.02,0,0.13,2.64,0,0.07,1.44,0,0.06,1.2,0,0.2,4.07,-0.2,0.96,0.24,0.72,25,1.68,0,0.72,1.2,0.96,1.56,1.92,2.54,9.82,5.51,0.02,4.55,36.29,10.54,4.79,1.68,2.64,88,2.34,3.89,0.48,50,0.24,50,0.96,0,7.91,12.33,2.88,2.4,0.24,40.79,3.35,42,1.92,80,0.48,0,0,60.62,88,6.23,9,62,2.4,9.58,7,71,-17,53.95,9.34,0.56,0.65,51.75,96,4.84,21.08,2.88,1.44,1.44,0,0.96,2.4,0,17,0.48,40,0,21,75,4,24,76,0,21.93,18.25,0.93,82,-3.68,20.39,15,0,0,0,0,0,,0,0,,0,0,0,0,0,0,15,8,12.03,56,0.16,0.07,0.03,-0.08,,0.19
Adu Ares,Eibar,La Liga 2,2026/2027,376,4.17,6,Right Wing,Left Wing,Man,Spain,25,11/10/01,183,0.48,0.48,0.16,0.07,2.4,20,60,4,,0.37,0.72,0.13,1.2,0.72,0.13,1.2,0,0,0,1.2,0.3,3.59,0.9,4.07,2.64,1.44,65,2.16,0,3.12,2.88,0.24,0.09,0,0,17.02,7.19,0,3.83,50.37,5.75,3.12,1.2,1.44,100,0.81,0.9,1.68,,0,50,0.72,0,14.62,10.55,3.83,3.12,0.48,50.3,8.15,56,2.4,77,0.72,0,0,27.08,86,0.48,12,50,0.24,0.72,26,87,1,60.97,4.79,0.33,0.54,34.75,85,8.16,11.26,2.16,2.16,0,0.48,3.59,5.75,0,11,0.72,60,0.96,16,63,21,28,60,13,16.48,15.31,1,100,-1.16,16.54,15.29,0,0,0,0,0,,0,0,,0,0,0,0,0,0,20,12,4.53,29,0.01,0.19,0.02,0.03,,0.25
Brian Cipenga,Almería,La Liga 2,2026/2027,375,4.16,6,Left Wing,Left Midfielder,Man,DR Congo,29,10/03/98,172,0.24,0.24,0.16,0.1,1.68,14,29,2,,0.14,0.72,0.17,1.92,0.72,0.17,1.92,0,0,0,0.96,0.34,3.6,0.62,5.29,3.36,1.92,64,0.72,0,1.68,5.53,0.48,0.63,1.68,1.97,20.91,9.61,0.02,6.97,42.7,4.57,2.88,1.44,1.92,55,1.55,2.17,0.72,33,1.2,25,0.48,0,18.74,19.95,5.77,4.09,0.96,43.36,6.73,36,1.68,41,0.24,0,0,28.36,70,1.2,14,63,2.16,1.44,19,65,-5,65.83,5.53,0.43,0.6,34.6,84,11.44,11.78,1.92,1.92,0,0.48,4.57,6.49,0.24,25,1.44,38,0.96,12,72,17,8,78,14,17.11,16.58,1.03,94,-0.53,17.69,15.51,0,0,0,0,0,,0,0,,0,0,0,0,0,0,36,12,7.09,46,-0.02,0.24,0.03,0.06,,0.3
Juan Cruz,Real Oviedo,La Liga 2,2026/2027,365,4.05,5,Left Back,Left Centre Back,Man,Spain,34,27/07/92,182,0,0,0,,0,,,0,,0,0,0.04,0.25,0,0.04,0.25,0,0,0,0,0.04,0.25,-0.04,0.74,0.49,0.25,67,0,0,0.74,1.73,0.49,0.48,2.96,2.34,7.65,3.46,0.05,4.44,28.58,10.12,2.72,1.23,1.73,100,1.42,1.9,0,100,0,50,1.73,0,6.91,6.86,2.72,0.74,0,36.48,1.97,29,0.25,33,0,0,0,34.56,70,2.72,88,33,3.46,7.65,12,68,-2,45.54,1.73,0.31,0.31,25.67,93,4.41,4.2,0.49,0.25,0.25,0,0,0.25,0,100,0.49,18,0,30,63,7,18,65,18,22.18,17.52,0.89,104,-4.66,19.66,18.31,0,0,0,0,0,,0,0,,0,0,0,0,0,0,28,7,3.26,28,0.25,0.04,0.05,,,0.34
Chinaza Onouha,Granada,La Liga 2,2026/2027,363,4.04,7,Centre Forward,,Man,Nigeria,22,09/04/05,,0,0,0.14,0.08,1.73,0,0,4,,0,0,0.02,0.25,0,0.02,0.25,0,0,0,0,0.17,1.98,-0.17,0.5,0.25,0.25,50,3.47,0,2.23,4.21,0.25,0.33,0.25,0.37,25.5,8.67,0,4.7,68.55,2.23,1.49,0.74,0.99,75,0.82,1.15,2.23,67,0.25,31,1.98,0,22.53,23.8,4.46,2.72,0.25,68.91,20.06,89,2.72,100,0.25,0,0,6.93,67,0.25,20,50,0.25,0.5,36,67,0,61.93,0.99,0.14,0.25,10.9,66,5.79,2.23,0.25,0.25,0,0.25,4.7,4.95,0.25,0,0.25,50,0.5,18,64,18,33,56,11,14.76,14.92,0.87,90,0.16,12.85,13.37,0,0,0,0,0,,0,0,,0,0,0,0,0,0,33,15,1.24,7,-0.04,0.06,0.03,-0.24,,-0.2
Ale Meléndez,AD Ceuta FC,La Liga 2,2026/2027,362,4.03,7,Right Defensive Midfielder,Left Defensive Midfielder,Man,Spain,28,12/05/99,178,0,0,0.02,0.04,0.5,0,0,0,,0,0,0.01,0.25,0,0.01,0.25,0,0,0,0,0.03,0.75,-0.03,0.75,0.5,0.25,67,1.99,0,0.75,1.49,0,0,0.25,0.2,14.91,6.96,0,3.23,44.61,10.43,4.97,1.49,1.49,86,1.29,1.29,1.49,50,0.25,50,0.5,0,11.92,10.14,2.73,2.98,1.49,44.28,5.22,44,1.74,58,0.25,0,0,55.65,85,4.22,5,71,0.99,5.22,15,74,-11,47.81,7.95,0.34,0.34,45.21,97,4.27,11.18,0,0,0,0,0,0,0,,0,0,0,16,73,12,29,67,4,19.79,19.69,0.97,105,-0.1,19.28,20.77,0,0,0,0,0,,0,0,,0,0,0,0,0,0,17,8,4.65,30,-0.01,0.09,-0.01,-0.03,,0.03
Daniel Budesca,Córdoba CF,La Liga 2,2026/2027,361,4.02,5,Right Back,,Man,Spain,21,26/05/06,185,0,0,0.08,0.06,1.24,0,40,1,,0.04,0.25,0.29,1.99,0.25,0.29,1.99,0,0,0,0.25,0.37,3.24,-0.12,0.5,0.5,0,100,0.25,0,1,1,0.5,0.62,2.49,3.6,12.7,6.22,0,6.72,37.53,9.21,3.49,1.99,2.49,67,2.7,3.32,1.24,40,1,50,1.24,0,9.46,13.34,4.98,2.49,1,39.76,3.24,34,1.24,50,0.25,0,0,45.82,74,3.24,15,72,2.49,4.48,12,58,-17,53.27,5.48,0.39,0.6,36.85,97,6.58,11.45,1,0.75,0.25,1.24,3.73,4.48,0,25,1,40,1.49,26,63,12,28,63,9,18.4,14.59,1.02,119,-3.81,18.79,17.4,0,0,0,0,0,,0,0,,0,0,0,0,0,0,21,10,7.69,45,0.18,0.14,0.02,-0.04,,0.3
Ibon Sanchez,Cádiz,La Liga 2,2026/2027,358,3.97,6,Centre Attacking Midfielder,Left Centre Midfielder,Man,Spain,23,07/03/04,177,0.25,0.25,0.07,0.1,0.76,33,33,1,,0.22,0.25,0.21,1.51,0.25,0.19,1.26,0,0.02,0.25,0.5,0.28,2.27,0.22,1.51,1.01,0.5,67,0,0,0.76,2.52,0,0,0.76,0.92,17.87,9.56,0,4.28,56.62,9.31,5.03,0.76,0.76,30,0.92,0.92,1.76,13,1.76,43,0.76,0,15.6,18.5,3.27,3.02,1.01,60.53,10.82,69,1.76,58,0.25,0,0,39.51,79,2.77,72,73,1.26,3.27,15,64,-15,53.58,4.53,0.43,0.54,32.72,93,3.88,10.32,0.76,0.5,0.25,0,1.01,1.51,0.5,0,0,0,0,18,68,14,29,61,10,18.58,16.32,1,117,-2.27,18.57,19.15,0,0,0,0,0,,0,0,,0,0,0,0,0,0,25,12,4.73,38,0.02,0.04,-0.02,0.1,,0.14
Pablo Santiago,CD Castellón,La Liga 2,2026/2027,356,3.95,6,Right Attacking Midfielder,Right Wing,Man,Spain,26,26/09/00,173,0.51,0.51,0.18,0.1,1.77,29,29,2,,0.29,0,0.28,1.01,0,0.28,1.01,0,0,0,0.51,0.46,2.78,0.04,1.77,0.51,1.27,29,2.28,0,2.02,2.78,0.25,0.44,0,0,20.5,7.59,0,7.09,51.08,6.33,4.05,1.27,1.52,50,1.7,2.15,1.01,43,1.27,0,0,0,18.22,26.75,6.07,6.33,1.77,51.63,9.37,51,4.56,72,0,0,0,32.15,72,2.02,13,40,0.25,4.81,15,59,-13,66.05,2.53,0.51,1.01,30.88,89,4.2,15.95,1.27,1.01,0.25,0.76,5.82,6.83,0,60,1.27,50,1.01,18,64,17,16,62,22,19.23,14.4,0.84,108,-4.83,16.18,15.53,0,0,0,0,0,,0,0,,0,0,0,0,0,0,25,7,4.48,33,0.1,0.02,0,0.1,,0.22
Bryan Gil,Girona,La Liga 2,2026/2027,355,3.94,5,Left Midfielder,Left Wing,Man,Spain,26,10/02/01,175,0,0,0.28,0.11,2.54,0,20,4,,0.04,0,0,0.25,0,0,0.25,0,0,0,0,0.28,2.79,-0.28,3.05,1.78,1.27,58,1.78,0,2.03,3.81,0.51,0.32,0.51,0.32,21.83,11.93,0,5.08,52.89,2.79,1.27,1.52,2.03,60,1.4,1.73,1.78,33,1.02,50,0.25,0,18.53,16.57,4.32,5.08,1.27,53.78,10.92,59,3.81,75,0.25,0,0,25.39,81,1.78,91,78,1.27,1.52,16,71,-11,60.99,3.55,0.33,0.46,32.75,84,6.41,10.41,1.02,1.02,0,0.25,5.59,6.6,0,0,0.25,14,0.76,15,69,17,22,66,12,17.02,20.7,0.89,106,3.68,15.19,21.88,0,0,0,0,0,,0,0,,0,0,0,0,0,0,17,6,2.51,16,-0.03,0.04,0.02,-0.24,,-0.21
Jordi Cano,FC Andorra,La Liga 2,2026/2027,351,3.9,5,Right Wing,Centre Forward,Man,Spain,32,31/03/95,,1.03,1.03,0.47,0.14,3.34,31,38,6,,0.51,0.26,0.12,1.03,0.26,0.12,1.03,0,0,0,1.28,0.59,4.36,0.7,0.77,0.51,0.26,67,1.03,0,2.82,1.54,0.26,0.13,0,0,12.07,5.65,0,2.82,64.58,4.62,3.59,0,0.26,,0,0.13,0.51,,0,44,1.03,0,11.55,11.35,2.82,2.82,0.77,63.96,8.99,78,2.82,100,0,0,0,23.1,75,0,85,0,0.26,0.26,13,75,0,68.81,1.8,0.71,0.98,25.16,85,5.53,10.78,1.03,1.03,0,0.26,4.88,5.9,0,25,0.26,25,0.51,9,66,25,7,71,21,13.94,15.26,0.95,94,1.32,13.24,14.38,0,0,0,0,0,,0,0,,0,0,0,0,0,0,32,9,5.03,27,0.03,0.15,0.02,0.16,,0.36
José Català,CE Sabadell FC,La Liga 2,2026/2027,347,3.86,7,Left Centre Back,Right Centre Back,Man,Spain,22,15/08/04,188,0,0,0.04,0.08,0.52,0,50,0,,0.01,0,0.01,0.26,0,0.01,0.26,0,0,0,0,0.05,0.78,-0.05,0,0,0,,0.26,0,0.26,0.26,0.52,0.58,5.44,3.07,10.36,4.66,0,4.14,29.85,11.14,3.63,1.81,2.33,78,1.11,1.69,1.3,50,0.52,50,1.55,0,7.25,5.25,3.11,0.52,0.26,35.05,1.81,25,0.52,100,0.26,0,0,35.22,74,3.11,8,50,5.7,5.96,9,73,-1,41.28,3.63,0.39,0.4,26.16,98,3.82,3.37,0,0,0,0,1.04,1.04,0,,0,0,0,32,65,3,31,62,8,24.25,18.14,0.94,97,-6.12,22.87,17.68,0,0,0,0,0,,0,0,,0,0,0,0,0,0,24,9,3.34,22,-0.01,0.01,0.02,-0.06,,-0.04
Toni Lato,Mallorca,La Liga 2,2026/2027,347,3.85,4,Left Back,,Man,Spain,29,20/11/97,171,0,0,0.02,0.07,0.26,0,0,0,,0,0,0.13,1.3,0,0.13,1.3,0,0,0,0,0.15,1.56,-0.15,0.26,0.26,0,100,1.3,0,0.26,0.52,3.89,4.96,1.04,1.32,15.31,7.52,0.03,5.19,36.3,10.9,4.93,2.34,6.23,90,2.65,7.61,1.56,100,0.26,71,1.3,0,11.42,13.53,4.41,2.34,1.3,43.2,4.93,43,1.82,78,0,0,0,50.33,84,2.34,85,60,2.34,2.59,23,81,-4,53.04,4.67,0.44,0.5,40.47,97,3.55,13.49,1.04,1.04,0,0.26,1.3,2.34,0,50,0.78,38,0.52,18,66,16,12,65,23,18.2,20.7,1,100,2.5,18.14,20.78,0,0,0,0,0,,0,0,,0,0,0,0,0,0,20,9,5.66,36,0.16,0.05,0.02,-0.03,,0.2
Moro Sidibe,FC Andorra,La Liga 2,2026/2027,344,3.82,5,Left Wing,Left Wing Back,Man,Spain,25,23/12/01,192,0,0,0.14,0.05,2.88,0,27,3,,0.05,0.52,0.21,3.14,0.52,0.21,3.14,0,0,0,0.52,0.36,6.02,0.17,2.62,1.57,1.05,60,0.79,0,2.1,2.36,0.26,0.43,1.05,1.72,10.48,3.14,0,2.88,54.74,4.98,3.14,0.79,1.05,100,1.28,1.71,2.1,100,0,50,1.31,0,7.6,12.81,2.1,2.62,1.05,57.77,4.98,66,2.1,80,0.26,0,0,37.72,74,0.79,11,38,1.31,1.83,12,61,-13,67.55,2.36,0.42,0.73,38.5,90,5.75,17.55,0.79,0.79,0,1.31,7.07,7.86,0,67,1.05,29,1.31,8,72,20,7,69,24,15.19,14.44,0.96,135,-0.75,14.51,19.43,0,0,0,0,0,,0,0,,0,0,0,0,0,0,22,7,6.55,30,-0.06,0.23,-0.02,-0.08,,0.07
Alejandro Marqués,Granada,La Liga 2,2026/2027,343,3.81,7,Centre Forward,,Man,Venezuela,26,03/08/00,189,0.52,0.52,0.6,0.21,2.88,18,36,8,,0.7,0,0,0.26,0,0,0.26,0,0,0,0.52,0.6,3.15,-0.07,0.52,0.52,0,100,1.57,0,0.79,2.62,0.52,0.45,0.52,0.45,21.5,12.32,0,5.77,61.29,3.15,2.36,0.52,1.05,100,0.54,0.98,0.79,,0,44,2.88,0,20.19,22.16,5.77,3.41,0.52,63.35,15.99,79,3.15,92,0,0,0,12.06,58,0.79,12,60,1.05,0.79,31,40,-18,55.19,1.31,0.78,0.8,11.54,80,6.73,2.36,0,0,0,0,4.72,4.72,0,,0,0,0.26,21,67,13,33,44,22,18.56,22.54,0.95,72,3.98,17.59,16.14,0,0,0,0,0,,0,0,,0,0,0,0,0,0,31,8,1.6,10,-0.07,0.02,0.02,0.24,,0.22
Bojan Kovacevic,Cádiz,La Liga 2,2026/2027,341,3.79,5,Right Centre Back,,Man,Serbia,23,21/05/04,194,0,0,0,,0,,,0,,0,0,0.01,0.26,0,0.01,0.26,0,0,0,0,0.01,0.26,-0.01,0,0,0,,0.26,0,0.26,0,0.79,0.76,2.91,2.92,8.98,4.23,0.02,5.55,22.56,9.77,1.06,1.32,2.11,100,1.25,2.01,1.06,100,0,64,1.85,0,6.6,6.34,4.49,1.06,0.79,26.26,0.53,8,0,0,0.26,0,0,43.31,81,2.38,20,38,4.49,4.75,14,67,-15,32.02,0.79,0.17,0.17,33.01,99,3.7,1.32,0.26,0.26,0,0,0.26,0.53,0,0,0,,0,24,70,6,40,60,0,22.47,27.93,0.89,99,5.46,19.92,27.65,0,0,0,0,0,,0,0,,0,0,0,0,0,0,18,6,1.4,12,0.05,0.01,0.02,,,0.08
Marcos Luna,Almería,La Liga 2,2026/2027,337,3.75,7,Right Back,,Man,Spain,24,04/04/03,180,0,0,0.01,0.03,0.27,0,0,0,,0,0.27,0.13,1.33,0.27,0.13,1.33,0,0,0,0.27,0.14,1.6,0.13,0.8,0.53,0.27,67,0,0,2.13,0.8,0.53,0.56,2.4,2.06,18.94,10.94,0.03,7.74,31.6,5.6,1.33,3.74,4.27,78,4.51,5.07,1.33,40,1.07,50,0.8,0,13.87,15.03,5.6,1.6,0.53,34.46,3.2,23,1.07,67,0.27,0,0,45.09,82,5.6,11,68,3.74,6.94,11,75,-7,48.44,4.8,0.46,0.51,42.42,93,4.68,11.21,1.07,0.8,0.27,0.53,1.33,2.13,0.27,0,0.53,67,0.27,25,69,7,31,67,2,20.86,21.73,0.94,98,0.87,19.63,21.39,0,0,0,0,0,,0,0,,0,0,0,0,0,0,25,12,5.47,33,0.24,0.06,0.11,-0.01,,0.39
Borja Vázquez,Cádiz,La Liga 2,2026/2027,337,3.74,7,Right Wing,Right Midfielder,Man,Spain,22,17/01/05,186,0,0,0.23,0.08,2.67,0,30,4,,0.06,0,0.17,0.53,0,0.17,0.53,0,0,0,0,0.39,3.21,-0.39,4.01,1.87,2.14,47,2.94,0,1.6,5.08,0.8,0.86,1.34,1.58,24.58,9.35,0.02,8.28,47.03,5.08,2.94,2.4,3.21,60,2.78,3.64,3.21,33,1.6,0,0,0,18.97,21.82,6.68,3.74,1.07,48.86,8.82,46,3.21,86,0.53,0,0,28.33,72,0.8,18,30,1.34,2.67,19,86,14,62.68,3.47,0.4,0.68,32.6,82,6.52,9.62,1.07,1.07,0,0.27,4.54,5.61,0,25,1.07,44,0.53,17,69,14,17,72,11,18.1,12.97,0.84,91,-5.13,15.27,11.86,0,0,0,0,0,,0,0,,0,0,0,0,0,0,23,7,3.45,31,0.07,0.13,0.12,-0.14,,0.18
Adrian Liso,Mallorca,La Liga 2,2026/2027,335,3.72,7,Left Wing,Left Midfielder,Man,Spain,22,01/04/05,182,0,0,0.08,0.08,1.08,0,0,2,,0,0,0.02,0.54,0,0.02,0.54,0,0,0,0,0.1,1.61,-0.1,1.34,0.81,0.54,60,2.96,0,1.88,2.69,0.54,0.62,1.08,1.17,22.05,12.64,0,6.99,46.9,4.03,1.61,2.42,2.96,69,2.76,3.38,1.34,63,1.08,46,1.61,0,18.55,21.17,5.92,3.23,0.81,47.64,8.34,45,2.42,75,0.27,0,0,26.62,74,0.27,80,20,1.34,1.08,20,80,6,65.16,3.23,0.27,0.3,29.58,86,5.72,11.02,1.08,1.08,0,0.27,3.23,4.3,0,50,0.81,27,0.27,20,51,29,22,41,37,15.74,15.34,0.88,83,-0.39,13.79,12.68,0,0,0,0,0,,0,0,,0,0,0,0,0,0,21,7,3.55,31,0.01,0.07,0,-0.02,,0.06
Jordi Escobar,AD Ceuta FC,La Liga 2,2026/2027,334,3.71,7,Centre Forward,Left Centre Forward,Man,Spain,25,09/02/02,188,0.54,0.54,0.77,0.24,3.23,17,33,8,,0.51,0,0,0,0,0,0,0,0,0,0.54,0.77,3.23,-0.23,0.54,0,0.54,0,0.54,0,0.81,2.96,0.27,0.25,0.54,0.59,25.06,11.86,0,5.93,66.68,1.89,0.81,0.54,0.81,40,0.51,0.76,1.62,0,0.81,30,0.81,0,22.9,20.76,4.85,4.31,0.81,68.16,17.78,78,3.5,81,0,0,0,11.86,65,0.54,29,67,0.81,0.54,18,56,-10,55.15,1.35,0.47,0.99,12.39,76,5.7,2.96,0.27,0.27,0,0,6.74,7.01,0.27,0,0,0,0,14,65,20,0,91,9,15.76,12.65,1.01,121,-3.11,16,15.35,0,0,0,0,0,,0,0,,0,0,0,0,0,0,41,14,1.94,13,0.03,-0.08,0.04,0.07,,0.06
Zito Luvumbo,Mallorca,La Liga 2,2026/2027,334,3.71,5,Right Wing,Right Attacking Midfielder,Man,Angola,25,08/03/02,171,0,0,0.18,0.1,1.89,0,29,5,,0.37,0.27,0.07,0.81,0.27,0.07,0.81,0,0,0,0.27,0.25,2.69,0.02,1.08,1.08,0,100,1.89,0,2.69,3.23,0.27,0.4,0.54,0.55,12.93,5.12,0.05,2.69,59.65,5.66,3.5,0.27,0.54,33,0.24,0.64,1.08,0,0.54,33,0.54,0,11.59,13.46,2.16,2.69,0.81,62.34,8.62,74,2.16,80,0,0,0,17.51,66,0.81,73,75,0.81,0.81,20,62,-5,68.79,3.23,0.15,0.38,21.02,73,10.95,8.08,0.81,0.81,0,0.54,5.93,6.74,0.27,0,0.81,50,1.08,26,57,17,27,57,17,15.44,16.83,1.01,123,1.39,15.63,20.75,0,0,0,0,0,,0,0,,0,0,0,0,0,0,26,8,1.75,10,-0.09,0.18,0,0.12,,0.21
Nicholas Gioacchini,CE Sabadell FC,La Liga 2,2026/2027,333,3.71,5,Right Centre Forward,Left Centre Forward,Man,USA,26,24/07/00,183,0.81,0.81,1.12,0.28,4.05,20,33,10,,0.64,0,0,0,0,0,0,0,0,0,0.81,1.12,4.05,-0.31,0.54,0.54,0,100,2.16,0,2.43,2.16,0,0,0.54,0.55,42.37,16.46,0.03,8.37,68.84,5.94,4.05,1.89,1.89,88,0.95,0.95,2.7,0,0.27,30,2.16,0,37.78,23.01,8.1,8.37,2.16,69.35,33.2,88,8.1,97,0.54,0,0,13.49,63,0.54,24,100,0.54,0.54,34,58,-5,64.44,1.89,0.62,1.33,14.57,70,4.9,5.13,0.54,0.54,0,0.27,9.72,10.26,0,0,0,0,0.27,18,61,21,16,74,11,16.61,12.92,1.03,91,-3.69,17.13,11.77,0,0,0,0,0,,0,0,,0,0,0,0,0,0,38,20,2.43,14,-0.01,0.08,0,0.2,,0.27
Fran Castillo,CD Castellón,La Liga 2,2026/2027,332,3.69,6,Left Attacking Midfielder,Left Midfielder,Man,Spain,30,29/01/97,175,0.27,0.27,0.29,0.1,2.98,9,36,4,,0.38,0.27,0.41,2.98,0.27,0.38,2.71,0,0.03,0.27,0.54,0.7,5.96,-0.16,1.36,0.54,0.81,40,1.9,0,2.17,3.8,0.27,0.44,0,0,25.49,11.39,0.03,7.59,62.24,7.05,3.8,1.63,1.9,75,2.45,2.89,1.36,67,0.54,50,0.54,0,22.5,33.08,6.78,6.24,2.98,62.57,16.54,73,4.34,70,0.27,0,0,42.02,77,2.71,7,53,0.54,4.61,12,80,3,62.07,6.24,1.38,1.47,45.28,89,4.01,17.62,2.71,2.44,0.27,1.08,7.59,10.03,0.54,20,0.54,29,1.63,15,73,12,17,71,12,18.3,16.07,0.94,87,-2.23,17.26,14.06,0,0,0,0,0,,0,0,,0,0,0,0,0,0,27,8,8.43,50,0.06,0.16,0.04,0.06,,0.32
Agus Medina,Albacete,La Liga 2,2026/2027,331,3.68,6,Left Back,Left Midfielder,Man,Spain,32,07/09/94,176,0,0,0.1,0.05,1.9,0,29,3,,0.12,0.27,0.07,0.82,0,0,0,0.27,0.07,0.82,0.27,0.16,2.72,0.11,0.82,0.27,0.54,33,0.54,0,1.09,2.18,1.09,0.88,0.54,0.2,27.46,14.41,0.02,9.25,43.33,10.61,3.54,1.09,2.18,50,1.03,1.9,1.36,25,1.09,50,0.82,0,25.02,18.72,8.16,4.08,1.36,43.84,10.88,43,2.72,67,0.27,0,0,32.09,74,4.89,14,60,2.45,6.25,20,57,-17,49.91,3.81,0.3,0.34,27.19,90,4.17,9.25,0.82,0.27,0.54,0.27,4.08,4.35,0,0,0.27,20,0.27,23,66,10,26,68,6,24.2,19.63,0.96,101,-4.57,23.16,19.83,0,0,0,0,0,,0,0,,0,0,0,0,0,0,23,4,5.47,40,0.04,0.11,0.03,0.04,,0.23
Iñigo Córdoba,CD Castellón,La Liga 2,2026/2027,329,3.66,6,Left Wing Back,Left Attacking Midfielder,Man,Spain,30,12/03/97,177,0,0,0.18,0.16,1.09,0,25,1,,0.25,0.27,0.32,1.37,0.27,0.32,1.37,0,0,0,0.27,0.5,2.46,-0.23,0.55,0.27,0.27,50,0,0,4.64,1.91,1.64,2.52,1.64,2.52,21.31,10.66,0,7.92,43.91,10.93,3.28,2.73,4.37,63,4.18,6.69,1.91,33,1.64,100,1.09,0,16.94,24.36,5.46,6.28,1.91,46.01,7.1,42,2.73,43,0.82,0,0,41.8,79,0.27,81,25,1.91,0.82,16,81,2,57.5,3.55,1.19,1.31,38.8,84,4.47,13.39,1.09,1.09,0,0.82,4.37,5.46,0,0,0.27,17,0.82,22,64,13,16,65,18,15.37,16.69,0.98,99,1.32,15.06,16.48,0,0,0,0,0,,0,0,,0,0,0,0,0,0,23,6,6.07,36,0.1,0.03,0.05,0.11,,0.3
Alex Lebarbier,Real Sociedad B,La Liga 2,2026/2027,326,3.63,5,Left Defensive Midfielder,Left Centre Midfielder,Man,France,22,22/08/04,184,0,0,0.02,0.08,0.28,0,0,1,,0,0,0.05,0.83,0,0.05,0.83,0,0,0,0,0.07,1.1,-0.07,0.28,0.28,0,100,0.83,0,0.83,0.83,0.28,0.23,2.48,1.34,17.65,7.45,0,4.96,38.47,8.83,3.59,1.38,1.65,56,0.7,0.93,1.38,25,1.1,67,1.1,0,15.17,9.92,3.31,3.31,0.55,42.17,5.24,35,1.93,58,0.28,0,0,28.41,74,1.65,90,40,3.86,2.76,21,59,-15,48.59,2.48,0.18,0.18,21.79,94,4.95,4.69,0.83,0.83,0,0,0.28,1.1,0,33,0.28,100,0,22,70,9,24,71,6,20.38,24.19,0.91,79,3.81,18.59,19.07,0,0,0,0,0,,0,0,,0,0,0,0,0,0,23,7,2.23,22,0.03,0.03,0.07,-0.03,,0.1
Iván Morante,Girona,La Liga 2,2026/2027,326,3.62,6,Right Defensive Midfielder,Left Centre Midfielder,Man,Spain,26,14/01/01,182,0,0,0.01,0.02,0.83,0,33,1,,0,0.28,0.07,1.1,0.28,0.06,0.83,0,0.02,0.28,0.28,0.09,1.93,0.19,0.55,0.28,0.28,50,1.1,0,1.38,0.28,0.83,1.04,0.55,0.55,17.94,10.76,0.02,7.17,45.23,10.76,5.52,2.76,3.59,77,3.27,4.31,1.1,25,0.83,57,1.1,0,14.07,16.51,5.52,2.48,1.1,48.46,6.9,49,1.66,67,0,0,0,51.32,83,3.86,91,54,0.83,6.9,8,69,-14,50.42,5.24,0.91,0.95,45.8,96,4.45,11.31,1.1,0.28,0.83,0.55,1.1,1.38,0,0,0,0,0.55,14,78,8,27,71,2,20.29,15.01,0.95,81,-5.28,19.27,12.21,0,0,0,0,0,,0,0,,0,0,0,0,0,0,16,4,7.86,45,-0.02,0.11,0.1,-0.01,,0.17
Aingeru Olabarrieta,CD Eldense,La Liga 2,2026/2027,323,3.58,4,Left Wing,Right Wing,Man,Spain,21,13/11/05,182,0,0,0.07,0.04,1.67,0,17,2,,0.07,0,0.04,0.56,0,0.04,0.56,0,0,0,0,0.11,2.23,-0.11,1.39,1.12,0.28,80,0.84,0,3.07,3.35,0.28,0.19,0.28,0.3,10.32,3.63,0,4.18,49.58,6.42,4.18,1.39,1.67,100,1.61,1.8,0.84,,0,13,0.28,0,8.09,7.27,3.35,1.12,0.56,51.86,4.18,52,1.12,100,0,0,0,26.5,76,1.95,73,70,0.84,2.23,20,79,3,59.46,1.67,0.33,0.4,28.18,85,5.69,8.93,0.56,0.56,0,0,0.84,1.39,0.28,50,0.56,22,0,8,74,18,3,72,25,19.06,18.92,0.95,98,-0.14,18.07,18.6,0,0,0,0,0,,0,0,,0,0,0,0,0,0,27,7,3.88,24,-0.01,0.03,0.01,-0.05,,-0.01
Iván Jaime,Las Palmas,La Liga 2,2026/2027,322,3.58,5,Left Wing,Left Midfielder,Man,Spain,26,25/09/00,180,0.28,0.28,0.27,0.07,3.92,7,29,6,,0.37,0.28,0.08,1.4,0.28,0.07,1.12,0,0,0.28,0.56,0.35,5.31,0.21,4.48,2.24,2.24,50,1.12,0,1.12,4.2,1.4,1.4,0,0,11.47,3.92,0,2.8,53.38,6.15,3.36,1.12,2.52,100,1.12,2.53,1.4,100,0,50,0.56,0,8.95,10.14,2.52,1.68,0.56,55.05,5.59,63,1.12,67,0.28,0,0,31.33,79,1.12,12,50,0.28,1.96,27,71,-8,66.93,3.92,0.39,0.47,39.72,87,6.45,17.06,1.96,1.68,0.28,0.56,5.31,6.99,0,14,0.84,38,0.28,15,66,20,8,66,26,16.2,14.3,0.96,103,-1.9,15.5,14.72,0,0,0,0,0,,0,0,,0,0,0,0,0,0,26,10,4.7,33,0.01,0.16,-0.03,-0.08,,0.05
Juan Gutiérrez,Córdoba CF,La Liga 2,2026/2027,321,3.56,5,Right Centre Back,,Man,Spain,27,27/01/00,188,0,0,0.03,0.06,0.56,0,0,0,,0,0,0,0,0,0,0,0,0,0,0,0.03,0.56,-0.03,0.28,0,0.28,0,1.4,0,0.56,0.56,0,0,3.65,5.12,12.06,5.89,0.04,6.45,28.34,17.39,2.52,1.96,1.96,70,2.91,2.91,2.24,0,0.84,69,3.09,0,7.85,11.73,3.93,1.4,0.56,31.26,1.12,14,0.84,60,0.56,0,0,60.31,82,4.21,21,52,5.61,6.17,15,80,-2,37.39,3.65,0.41,0.43,45.44,98,4.62,4.21,0,0,0,0,1.68,1.68,0,,0,0,0,24,74,2,27,73,0,23.14,24.47,0.96,94,1.33,22.14,23.01,0,0,0,0,0,,0,0,,0,0,0,0,0,0,16,6,5.16,30,0.04,0.06,0.02,-0.05,,0.07
Nico Melamed,Almería,La Liga 2,2026/2027,318,3.54,5,Centre Attacking Midfielder,Left Centre Midfielder,Man,Spain,26,10/04/01,173,0.57,0.57,0.21,0.08,2.83,20,40,5,,0.33,0.28,0.05,0.85,0,0,0.28,0.28,0.04,0.57,0.85,0.26,3.67,0.59,0.85,0,0.85,0,1.7,0,1.7,1.98,0.28,0.39,0.28,0.37,13,5.37,0,4.8,47.35,6.22,3.11,0.57,0.85,33,0.74,1.13,1.13,20,1.13,67,1.13,0,11.3,14.88,3.96,2.54,1.13,49.51,4.8,43,1.41,56,0.28,0,0,29.39,84,1.13,21,44,0.57,2.26,16,78,-6,56.68,3.96,0.38,0.48,29.11,87,4.64,9.04,0.85,0.28,0.57,0,4.24,4.52,0,0,0,,0.57,12,66,22,13,63,25,17.81,14.43,0.94,92,-3.38,16.69,13.33,0,0,0,0,0,,0,0,,0,0,0,0,0,0,16,4,5.09,42,-0.03,0,0,-0.09,,-0.12
Alexandru Ișfan,Real Oviedo,La Liga 2,2026/2027,318,3.53,6,Centre Forward,Right Wing,Man,Romania,27,30/01/00,177,0,0,0.41,0.12,3.4,0,33,7,,0.22,0.28,0.17,1.7,0.28,0.17,1.7,0,0,0,0.28,0.58,5.1,-0.3,0,0,0,,0.85,0,2.27,2.27,0.28,0.14,0.57,0.55,12.74,4.25,0,2.27,69.78,2.27,1.42,1.13,1.42,100,0.99,1.13,1.7,,0,33,2.27,0,9.91,6.79,1.7,2.55,0.28,73.65,9.06,91,2.55,100,0.57,0,0,11.89,65,0.57,79,50,0.57,1.13,23,73,8,67.66,2.27,0.47,0.71,11.04,69,6.35,4.53,0.85,0.57,0.28,0.28,7.93,8.5,0,0,0,0,1.13,27,58,15,25,63,13,16.29,13.61,0.96,108,-2.68,15.61,14.71,0,0,0,0,0,,0,0,,0,0,0,0,0,0,33,8,3.74,21,0.02,0.04,0,-0.22,,-0.17
Jorge Pulido,Almería,La Liga 2,2026/2027,318,3.53,4,Right Centre Back,,Man,Spain,36,07/04/91,186,0,0,0.03,0.1,0.28,0,0,0,,0,0,0,0,0,0,0,0,0,0,0,0.03,0.28,-0.03,0,0,0,,0.28,0,0,0.28,0.85,1.17,6.8,9.28,7.37,4.53,0,3.97,22.15,9.07,1.98,1.42,2.27,83,1.99,3.17,0.28,0,0.28,50,1.7,0,5.67,7.95,3.12,1.13,0.57,27.17,1.13,20,0.57,50,0,0,0,58.67,89,2.27,9,44,9.35,2.55,12,62,-28,34.05,3.12,0.15,0.15,49.03,99,3.75,3.68,0,0,0,0,0.57,0.57,0,,0,,0,23,73,4,38,62,0,18.73,29.49,0.89,70,10.75,16.76,20.62,0,0,0,0,0,,0,0,,0,0,0,0,0,0,15,6,3.29,23,0.01,-0.01,-0.05,-0.03,,-0.08
Iván Gil,Eibar,La Liga 2,2026/2027,316,3.51,6,Centre Attacking Midfielder,Right Centre Forward,Man,Spain,27,17/01/00,167,0.57,0.57,0.09,0.04,1.99,29,71,4,,0.25,0.28,0.22,2.28,0.28,0.2,1.99,0,0.02,0.28,0.85,0.31,4.27,0.55,1.14,0.57,0.57,50,1.14,0,2.28,3.41,0,0,0.28,0.03,21.63,9.96,0,4.27,58.79,5.69,3.13,1.14,1.14,80,0.42,0.42,1.71,67,0.28,50,2.28,0,18.78,6.76,3.7,3.98,0.85,59.87,13.94,74,3.13,79,0,0,0,26.18,70,1.71,19,33,0.85,4.55,21,59,-11,56.25,4.27,0.32,0.52,26.18,84,5.41,6.83,0.85,0.57,0.28,0.28,2.85,3.41,0,33,0.28,14,0.28,16,68,16,17,71,13,19.95,15.47,0.89,89,-4.49,17.85,13.77,0,0,0,0,0,,0,0,,0,0,0,0,0,0,30,8,3.93,41,0.02,-0.01,0,0.12,,0.13
Mariano Carmona,CD Eldense,La Liga 2,2026/2027,316,3.51,4,Centre Forward,Centre Attacking Midfielder,Man,Spain,25,19/06/01,178,0.28,0.28,0.23,0.27,0.85,33,33,3,,0.28,0,0.12,1.14,0,0.12,1.14,0,0,0,0.28,0.35,1.99,-0.06,1.71,0.85,0.85,50,2.28,0,2.28,5.13,0,0,0.28,0.2,24.79,14.53,0,3.99,63.03,3.99,3.42,0.57,0.57,100,0.45,0.45,1.71,,0,43,2.56,0,22.8,18.14,3.7,2.56,0.57,63.95,16.53,73,2.28,89,0.28,0,0,12.82,69,0,4,0,0.57,0,38,59,-10,70.95,1.42,0.15,0.45,15.67,62,6.58,5.13,0,0,0,1.14,3.7,3.7,0,,0.85,60,1.71,4,71,24,0,61,39,13.17,13.29,0.94,89,0.12,12.42,11.82,0,0,0,0,0,,0,0,,0,0,0,0,0,0,36,9,3.76,31,0.1,-0.04,0,0.19,,0.25
Mikel Vesga,Almería,La Liga 2,2026/2027,315,3.5,6,Left Defensive Midfielder,,Man,Spain,34,07/04/93,191,0,0,0.01,0.03,0.57,0,50,1,,0.04,0,0,0.57,0,0,0.57,0,0,0,0,0.02,1.14,-0.02,0.29,0.29,0,100,1.43,0,1.71,0.57,0.86,1.02,2.28,2.39,14.28,8.28,0.05,7.42,36.55,12.85,4.57,0.86,1.71,43,0.93,1.95,1.71,40,1.14,67,2.28,0,11.71,12.13,4.57,3.14,1.14,45.76,4.85,41,1.71,55,0,0,0,41.97,82,2.57,73,64,2.28,4,17,77,-5,44,2.28,0.09,0.1,34.83,95,4.64,3.43,0.57,0.57,0,0,0,0.57,0,0,0,,0,21,69,10,42,58,0,18.51,16.05,0.99,105,-2.47,18.3,16.92,0,0,0,0,0,,0,0,,0,0,0,0,0,0,21,8,1.28,10,-0.01,0.08,-0.01,0,,0.05
Josep Cerdà,Mallorca,La Liga 2,2026/2027,314,3.49,6,Left Wing,Right Wing,Man,Spain,24,03/02/03,175,0,0,0.17,0.12,1.43,0,20,3,,0.03,0.29,0.04,0.57,0.29,0.02,0.29,0,0.02,0.29,0.29,0.21,2,0.08,0.57,0.57,0,100,2.58,0,2.29,2.86,0.86,0.89,0.57,0.66,17.46,7.44,0,5.72,51.7,5.72,2.86,2.86,3.72,83,3.57,4.45,1.14,60,0.57,14,0.29,0,13.45,16.47,4.29,3.43,1.14,54.15,7.44,55,2.29,67,0.57,0,0,18.6,86,0.57,30,67,0.86,0.57,26,82,-4,66.34,1.43,0.39,0.44,24.04,80,6.35,10.02,1.14,0.86,0.29,0.29,4.87,5.72,0,0,0,0,0.57,14,64,23,17,57,26,14.71,17.22,0.96,101,2.51,14.15,17.35,0,0,0,0,0,,0,0,,0,0,0,0,0,0,21,12,2.89,17,0,0.13,0,-0.09,,0.05
Israel Suero,CD Castellón,La Liga 2,2026/2027,314,3.49,5,Right Attacking Midfielder,Left Midfielder,Man,Spain,33,11/04/94,172,0.57,0.57,0.35,0.12,2.86,20,40,3,,0.37,0.57,0.21,2,0.57,0.21,2,0,0,0,1.15,0.57,4.87,0.58,0.86,0.86,0,100,0.86,0,2,2.58,0.57,0.93,0.29,0.47,12.88,6.3,0,2.86,55.98,6.01,3.72,1.15,1.72,40,1.74,2.67,0.57,0,1.72,0,0,0,11.17,16.6,2.29,3.15,0.86,59.21,7.44,67,2.29,73,0,0,0,52.11,79,1.72,86,32,0.29,5.44,16,73,-7,66.63,8.3,1.29,1.64,52.11,94,4.58,27.77,2.58,2,0.57,1.15,7.73,9.73,0,22,0.57,17,1.15,13,66,21,16,65,19,18.29,15.08,0.9,98,-3.21,16.54,14.8,0,0,0,0,0,,0,0,,0,0,0,0,0,0,22,7,10.45,51,0.18,0.08,0.01,0.06,,0.34
Fabricio,Tenerife,La Liga 2,2026/2027,314,3.49,5,Right Defensive Midfielder,,Man,Brazil,29,26/01/98,170,0.29,0.29,0.03,0.02,1.43,20,60,2,,0.02,0,0,0,0,0,0,0,0,0,0.29,0.03,1.43,0.25,1.43,1.15,0.29,80,1.15,0,0.86,0.86,1.15,0.72,0.57,0.33,27.21,13.75,0.1,10.02,38.66,13.46,6.87,2.58,3.72,53,1.36,2.08,2.29,13,2.29,0,0,0,22.34,14.04,7.16,4.01,2,39.46,6.3,28,1.72,43,0,0,0,32.94,84,2,18,54,1.15,3.15,13,93,9,50.07,2.58,0.2,0.2,27.78,94,4.58,5.44,0,0,0,0,0,0,0,,0.29,25,0,13,70,17,26,53,21,21.79,22.74,0.91,92,0.95,19.87,20.85,0,0,0,0,0,,0,0,,0,0,0,0,0,0,24,10,2.32,21,-0.04,0.07,0.03,-0.04,,0.02
Antonio Pacheco,Albacete,La Liga 2,2026/2027,314,3.49,6,Left Defensive Midfielder,Left Midfielder,Man,Spain,25,02/01/02,184,0,0,0,,0,,,0,,0,0,0.04,0.57,0,0.04,0.57,0,0,0,0,0.04,0.57,-0.04,0,0,0,,1.72,0,1.43,0.29,0.57,0.35,1.15,1.6,19.22,9.46,0.06,6.02,36.55,11.18,6.88,2.01,2.58,70,2.41,2.76,0.57,40,0.86,50,0.86,0,16.63,16.57,5.74,4.02,1.43,36.8,3.73,22,1.72,43,0,0,0,36.14,89,2.01,23,78,1.43,2.29,17,82,-7,47.45,2.29,0.38,0.38,26.67,94,3.46,6.88,0,0,0,0,0.86,0.86,0.29,,0,,0,15,75,11,25,75,0,19.08,16.95,1.01,108,-2.13,19.23,18.38,0,0,0,0,0,,0,0,,0,0,0,0,0,0,10,5,3.21,22,0.11,0.05,0.04,,,0.2
Carlos Clerc,Real Valladolid,La Liga 2,2026/2027,311,3.45,4,Left Back,Left Centre Back,Man,Spain,35,20/02/92,181,0,0,0,,0,,,0,,0,0,0,0,0,0,0,0,0,0,0,0,0,0,0.29,0,0.29,0,0.87,0,0.58,0.58,2.32,2.74,2.61,2.56,10.13,7.53,0.03,6.37,31.37,7.24,4.05,1.74,4.05,86,1.56,4.3,0.87,100,0.29,67,0.58,0,7.53,6.92,3.47,1.74,0.87,34.92,2.32,31,0.87,50,0.29,0,0,41.98,80,3.18,90,52,4.05,4.63,18,68,-12,50.82,4.63,0.22,0.22,37.35,97,4.63,9.84,0.87,0.58,0.29,0,0.29,0.87,0,0,0,0,0,25,63,12,32,53,15,19.59,22.98,0.89,84,3.39,17.52,19.33,0,0,0,0,0,,0,0,,0,0,0,0,0,0,23,9,3.82,30,0.05,0.06,0.05,,,0.16
Diego Pampín,Granada,La Liga 2,2026/2027,311,3.45,4,Left Back,,Man,Spain,27,14/03/00,175,0,0,0.03,0.05,0.58,0,0,0,,0,0,0.08,2.03,0,0.08,1.74,0,0.01,0.29,0,0.11,2.61,-0.11,0.58,0.29,0.29,50,1.74,0,0.58,1.16,0.29,0.39,1.16,1.46,10.43,3.48,0.03,3.77,33.13,9.56,2.03,0.87,1.16,60,1.35,1.74,0.58,0,0.58,25,0.29,0,8.98,13.07,3.48,2.61,1.16,37.25,2.9,32,0.87,33,0.29,0,0,48.66,77,2.9,80,38,2.61,6.08,12,78,2,50.07,5.21,0.59,0.67,43.74,96,5.08,9.85,1.16,1.16,0,0,1.45,2.61,0.29,50,0.58,15,0,26,61,13,38,44,18,21.33,23.7,0.85,99,2.37,18.19,23.53,0,0,0,0,0,,0,0,,0,0,0,0,0,0,29,10,6.55,37,0.03,0.04,0.02,-0.03,,0.05
Iker Álvarez,Córdoba CF,La Liga 2,2026/2027,307,3.41,3,Goalkeeper,,Man,Andorra,25,24/07/01,190,0,0,0.01,0.02,0.29,0,0,0,,0,0,0,0,0,0,0,0,0,0,0,0.01,0.29,-0.01,0,0,0,,0,0,0,0,0,0,0,0,0,0,0,7.93,2.45,4.99,0,0,0,,0,0,0,,0,100,0.29,0,0,0,0,0,0,,0,,0,,0,0,0,36.12,83,7.63,27,51,2.94,12.04,11,71,-12,17.79,1.47,0.31,0.31,32.89,100,6.63,1.47,0,0,0,0,0.59,0.59,0,,0,,0,31,69,1,80,20,0,32.41,39.75,0.85,79,7.34,27.43,31.46,2.06,1.76,-0.3,46,54,-8,1.2,3.82,33,11.75,1.46,0,0,20.86,-3,11,3,2.53,16,0.08,0.08,,-0.01,-0.25,-0.11
Yáser Asprilla,Girona,La Liga 2,2026/2027,304,3.38,6,Right Midfielder,Right Wing,Man,Colombia,23,18/11/03,176,1.18,1.18,0.25,0.06,3.84,31,54,6,,0.96,0,0.47,3.25,0,0.45,2.96,0,0.02,0.3,1.18,0.72,7.1,0.46,2.37,1.48,0.89,63,1.18,0,3.25,2.96,0,0,0.3,0.15,13.01,6.21,0,2.07,49.56,4.43,2.37,0.59,0.59,50,0.3,0.3,0.59,0,0.59,33,0.3,0,11.83,7.76,1.77,2.07,0.3,51.5,5.62,48,2.07,100,0,0,0,26.61,69,4.14,85,56,0.89,6.8,17,61,-8,59.94,6.21,0.31,0.81,34.89,85,7.2,8.28,2.66,1.48,1.18,0.59,3.55,5.03,0.3,11,0.59,22,0.89,15,71,14,29,54,18,24.25,16.85,0.92,120,-7.4,22.4,20.24,0,0,0,0,0,,0,0,,0,0,0,0,0,0,24,7,7.57,49,0.06,0.22,0.11,0.29,,0.69
Manu Rodríguez,Sporting Gijón,La Liga 2,2026/2027,304,3.38,4,Right Defensive Midfielder,Centre Defensive Midfielder,Man,Spain,21,15/11/05,175,0,0,0.03,0.05,0.59,0,50,1,,0.01,0,0.1,0.3,0,0.1,0.3,0,0,0,0,0.14,0.89,-0.14,0.3,0.3,0,100,0.59,0,2.07,0.3,0.59,0.55,0.3,0.16,10.37,6.52,0.03,5.04,46.71,6.81,2.67,1.48,2.07,56,1.41,1.96,0.89,40,1.18,57,1.18,0,8,7.02,3.55,3.85,2.37,48.49,3.85,48,2.37,62,0.3,0,0,42.36,90,2.67,18,69,0.59,3.55,19,93,3,46.28,2.07,0.24,0.35,34.96,94,4.58,4.44,0,0,0,0.3,0.89,0.89,0,,0.3,100,0.3,13,70,17,20,73,7,19.4,15.14,0.96,103,-4.26,18.68,15.66,0,0,0,0,0,,0,0,,0,0,0,0,0,0,14,7,3.32,34,0.07,0.05,0.06,-0.03,,0.15
Benedikt Gimber,Granada,La Liga 2,2026/2027,304,3.37,3,Left Centre Back,,Man,Germany,30,18/02/97,187,0,0,0.12,0.19,0.59,0,0,0,,0,0,0,0,0,0,0,0,0,0,0,0.12,0.59,-0.12,0.3,0.3,0,100,0.89,0,0.3,0.59,0.3,0.4,2.96,3.73,10.08,6.23,0,3.85,28.56,10.08,2.96,1.78,2.08,75,2.4,2.79,1.48,33,0.59,69,3.26,0,6.82,9.18,2.37,1.19,0.59,34.84,1.78,26,0.89,75,0,0,0,45.66,90,5.93,76,83,4.15,5.93,18,83,-7,36.25,3.56,0.46,0.46,37.06,98,5,3.85,0,0,0,0.3,1.78,1.78,0,,0,,0.3,25,71,5,62,38,0,22.8,20.2,0.99,91,-2.59,22.49,18.41,0,0,0,0,0,,0,0,,0,0,0,0,0,0,17,8,3.35,17,0.05,0.03,0,-0.13,,-0.05
Egoitz Muñoz,Córdoba CF,La Liga 2,2026/2027,303,3.37,4,Right Back,Right Wing Back,Man,Spain,23,13/04/04,179,0,0,0.03,0.03,0.89,0,0,1,,0,0.3,0.1,1.48,0.3,0.1,1.48,0,0,0,0.3,0.12,2.37,0.17,0,0,0,,0.59,0,0.59,0.3,0,0,0.3,0.41,18.1,7.71,0,7.12,38.35,7.12,3.86,2.67,2.67,60,3.08,3.08,3.86,29,1.78,50,0.3,0,11.57,12.68,5.04,2.37,0.89,40.31,3.86,33,1.78,75,0.59,0,0,35.31,77,3.56,13,71,0.89,4.45,10,50,-27,52.57,5.04,0.28,0.32,30.27,97,5.55,8.9,1.78,1.48,0.3,0,1.48,2.97,0,33,0.59,22,0,28,59,13,20,53,27,21,17.79,0.98,93,-3.21,20.54,16.59,0,0,0,0,0,,0,0,,0,0,0,0,0,0,30,13,6.05,38,0.12,0.05,-0.02,-0.03,,0.12
Hugo Burcio,Celta de Vigo B,La Liga 2,2026/2027,301,3.35,4,Left Defensive Midfielder,Right Defensive Midfielder,Man,Spain,20,30/10/06,187,0,0,0.03,0.04,0.9,0,0,0,,0,0,0.13,0.6,0,0.13,0.6,0,0,0,0,0.17,1.49,-0.17,1.79,1.49,0.3,83,2.69,0,2.09,0.9,1.49,0.75,1.2,0.7,19.43,9.86,0,7.77,39.75,10.16,3.59,2.69,4.18,82,1.9,2.66,2.69,33,0.6,38,0.9,0,14.05,9.58,4.48,4.78,1.79,39.51,2.39,17,1.49,31,0,0,0,31.98,78,1.49,22,45,1.49,2.99,16,79,1,51.08,5.98,0.63,0.63,28.69,91,4.92,6.87,0,0,0,0.3,0.3,0.3,0.3,,0,,0.3,24,72,4,9,91,0,19.4,16.5,0.96,96,-2.9,18.59,15.85,0,0,0,0,0,,0,0,,0,0,0,0,0,0,22,7,2.66,38,-0.03,0.08,0.03,-0.04,,0.05
Jesús Álvarez,Tenerife,La Liga 2,2026/2027,297,3.3,4,Left Defensive Midfielder,,Man,Spain,27,16/11/99,180,0.3,0.3,0.02,0.02,0.91,33,33,1,,0.21,0,0.01,0.3,0,0.01,0.3,0,0,0,0.3,0.02,1.21,0.28,0.3,0.3,0,100,0.61,0,1.21,0.3,0.91,0.59,2.12,1.61,18.78,10,0.03,5.76,39.96,11.21,6.36,2.42,3.33,100,1.41,2.01,1.51,100,0,56,1.51,0,14.84,9.37,4.54,2.42,0.61,42.3,5.76,39,1.82,75,0.61,0,0,39.99,85,5.15,10,77,3.03,5.76,19,84,-1,49.02,1.82,0.31,0.31,29.08,95,4.4,6.36,0.91,0.91,0,0,0.91,1.82,0,0,0,0,0,17,70,13,19,71,10,21.29,16.46,1,99,-4.83,21.39,16.32,0,0,0,0,0,,0,0,,0,0,0,0,0,0,18,7,3.57,32,-0.01,0.04,0.05,0,,0.09
Robin van Duiven,Real Valladolid,La Liga 2,2026/2027,295,3.27,6,Centre Forward,Left Centre Forward,Man,Netherlands,21,07/04/06,178,0,0,0.02,0.06,0.31,0,100,0,,0.04,0,0.04,0.92,0,0.04,0.92,0,0,0,0,0.06,1.22,-0.06,0,0,0,,0.92,0,0.92,0.92,0,0,0.31,0.11,8.86,4.58,0,2.14,73.47,2.44,1.83,0.31,0.31,100,0.16,0.16,0.61,,0,47,2.14,0,7.94,8.56,1.83,1.53,0.31,75.31,7.33,92,1.53,100,0,0,0,14.35,55,0,17,0,0.61,0.31,22,36,-19,66.96,0.92,0.09,0.15,8.25,85,3,5.19,0.31,0.31,0,0,2.75,3.05,0,0,0,,0.61,4,67,29,0,71,29,14.18,18.67,0.95,53,4.49,13.46,9.98,0,0,0,0,0,,0,0,,0,0,0,0,0,0,45,10,2.02,17,-0.12,0.03,0,0.02,,-0.07
Carlos Marín,Albacete,La Liga 2,2026/2027,293,3.26,3,Goalkeeper,,Man,Spain,30,19/02/97,187,0,0,0,,0,,,0,,0,0,0,0,0,0,0,0,0,0,0,0,0,0,0,0,0,,0,0,0,0,0,0,0,0,0,0,0,7.97,2.54,5.83,0,0,0,,0,0,0,,0,,0,0,0,0,0,0,0,,0,,0,,0,0,0,23.61,75,4.91,6,37,2.45,10.73,19,65,-10,10.82,0,0.18,0.18,20.24,100,5.39,0,0,0,0,0,0,0,0,,0,,0,41,59,0,,,,34.21,35.09,0.7,67,0.88,24.04,23.48,1.53,1.23,-0.3,50,60,-10,1.03,3.07,26,11.65,1.02,0,0,19.56,-3,24,4,0.77,5,0.08,0.07,,,-0.29,-0.14
Aboubaka Soumahoro,Mallorca,La Liga 2,2026/2027,292,3.25,5,Left Back,Left Centre Back,Man,France,22,03/02/05,187,0,0,0,0.01,0.31,0,0,0,,0,0,0,0.31,0,0,0,0,0,0.31,0,0.01,0.62,-0.01,0.92,0.31,0.62,33,1.85,0,0.62,0.62,0.62,0.6,0.62,0.67,8.62,4.62,0.03,4,33.33,8.31,2.16,2.16,2.77,88,2.58,3.18,0.62,75,0.31,29,0.62,0,5.85,7.15,2.46,2.16,0.31,42.41,2.16,37,1.23,57,0.62,0,0,46.8,87,2.16,76,64,1.54,2.46,18,85,-2,47.18,4.62,0.45,0.45,42.49,97,4.33,8.93,0.62,0.31,0.31,0,0,0.31,0,0,0.31,25,0,23,67,10,31,55,14,18.15,18.29,0.97,99,0.14,17.52,18.02,0,0,0,0,0,,0,0,,0,0,0,0,0,0,18,11,2.68,24,0.08,0.06,-0.03,-0.01,,0.1
Baïla Diallo,Granada,La Liga 2,2026/2027,291,3.24,3,Left Back,,Man,Senegal,25,23/06/01,176,0,0,0.16,0.1,1.54,0,40,2,,0.05,0.31,0.04,0.31,0.31,0.04,0.31,0,0,0,0.31,0.19,1.85,0.12,0.93,0.93,0,100,2.78,0,0,1.24,1.85,1.12,2.47,1.5,8.03,3.71,0,2.16,36.07,9.88,2.47,0.31,2.16,50,0.16,1.28,0.93,0,0.31,60,0.93,0,6.79,4.1,1.54,1.85,0.93,40.97,1.85,27,0.93,50,0,0,0,18.53,71,1.85,76,46,2.78,3.71,10,56,-16,43.76,2.47,0.16,0.33,16.06,92,6.34,3.71,0.62,0,0.62,0.31,1.54,1.54,0,0,0.31,25,0,27,62,11,25,58,17,21.27,21.94,0.93,78,0.67,19.69,17.01,0,0,0,0,0,,0,0,,0,0,0,0,0,0,26,12,2.04,14,0.07,0.03,0.04,-0.13,,0.02
Enol Rodríguez,Córdoba CF,La Liga 2,2026/2027,291,3.24,7,Left Centre Forward,Centre Forward,Man,Spain,25,27/07/01,187,0.31,0.31,0.45,0.1,4.32,7,14,9,,0.24,0.31,0.11,1.24,0.31,0.11,1.24,0,0,0,0.62,0.56,5.56,0.06,0.93,0.31,0.62,33,2.16,0,2.78,3.4,0,0,0,0,12.97,5.87,0,4.63,68.11,5.25,3.71,0.62,0.62,67,0.95,0.95,0.62,0,0.31,70,2.16,0,11.74,15.28,4.32,3.4,0.93,69.92,10.5,89,2.78,82,0.31,0,0,13.9,78,1.24,13,100,0.62,0.62,28,57,-21,65.24,2.47,0.33,0.6,19.46,76,6.78,6.8,0.31,0.31,0,0.62,7.72,8.03,0,100,0.31,25,0.62,12,70,18,9,64,27,16.84,20.43,1.04,112,3.59,17.52,22.94,0,0,0,0,0,,0,0,,0,0,0,0,0,0,6,0,3.31,17,-0.04,0.02,0,-0.28,,-0.3
David Costas,Real Oviedo,La Liga 2,2026/2027,291,3.24,3,Right Centre Back,,Man,Spain,32,25/03/95,184,0,0,0.02,0.02,0.62,0,0,0,,0,0,0,0,0,0,0,0,0,0,0,0.02,0.62,-0.02,0,0,0,,0.93,0,0,0.31,0,0,6.18,6.77,9.58,4.94,0.08,5.56,25.71,15.14,1.24,1.85,1.85,75,2.68,2.68,0.93,33,0.62,92,3.71,0,6.8,8.34,2.78,0.62,0.31,29.94,0.62,9,0,0,0,0,0,53.46,89,5.56,8,72,7.42,6.49,11,80,-9,39.47,7.11,0.28,0.28,39.86,99,4.83,6.18,0.93,0.62,0.31,0,0.62,1.24,0.31,0,0,,0,25,72,3,45,55,0,24.16,23.05,0.98,104,-1.11,23.57,23.89,0,0,0,0,0,,0,0,,0,0,0,0,0,0,14,4,3.96,26,0.15,0.02,0.04,-0.03,,0.18
Jorge Moreno,Tenerife,La Liga 2,2026/2027,291,3.24,5,Right Back,Right Centre Back,Man,Spain,25,24/07/01,184,0,0,0.04,0.06,0.62,0,0,0,,0,0,0.04,0.93,0,0.04,0.93,0,0,0,0,0.08,1.55,-0.08,0,0,0,,0.93,0,0.62,0.31,0.93,0.36,3.09,1.48,17.62,8.96,0,7.11,33.55,8.96,3.4,3.71,4.64,86,1.83,2.19,1.24,67,0.62,50,2.16,0,12.67,6.73,5.56,1.55,0,35.89,3.09,24,1.55,100,0,0,0,36.16,69,4.33,8,54,4.95,6.18,14,71,2,50.91,5.56,0.24,0.26,26.27,98,4.13,6.8,1.55,1.24,0.31,0,1.55,2.78,0,40,0.93,50,0,40,55,5,45,55,0,22.64,22.61,0.97,112,-0.03,21.85,25.29,0,0,0,0,0,,0,0,,0,0,0,0,0,0,44,19,2.38,27,0.07,0.1,0.05,-0.04,,0.19
Lorenzo Aguado,Albacete,La Liga 2,2026/2027,291,3.23,5,Right Midfielder,Right Back,Man,Spain,24,18/09/02,180,0,0,0.03,0.04,0.62,0,0,1,,0,0,0.05,0.93,0,0.05,0.93,0,0,0,0,0.07,1.55,-0.07,1.55,0.93,0.62,60,3.09,0.31,1.24,1.86,0.31,0.26,1.24,0.9,16.7,9.59,0.03,5.88,45.14,9.28,5.57,2.16,2.47,100,1.95,2.21,1.86,,0,59,3.09,0,12.68,11.33,4.64,1.24,0.93,49.56,6.49,51,0.93,75,0,0,0,29.69,68,0.31,23,17,1.86,1.24,23,42,-25,57.29,4.64,0.15,0.16,22.58,89,6.42,7.11,1.24,0.93,0.31,0.31,2.78,3.71,0.31,25,0.31,25,0.93,26,62,12,13,74,13,17.55,17.2,0.91,91,-0.35,15.91,15.73,0,0,0,0,0,,0,0,,0,0,0,0,0,0,36,6,4.48,37,0.13,0.06,0.05,-0.03,,0.2
Owen Emeka,Granada,La Liga 2,2026/2027,290,3.22,6,Right Wing,Left Wing,Man,Spain,18,17/04/09,,0.31,0.31,0.12,0.05,2.17,14,29,6,,0.2,0,0.04,0.93,0,0.04,0.93,0,0,0,0.31,0.16,3.11,0.15,3.42,1.55,1.86,45,0.62,0,1.55,4.97,0.31,0.17,1.24,1.04,21.75,8.39,0,5.59,45.32,5.28,2.17,1.24,1.55,50,1.37,1.55,2.8,40,1.24,0,0,0,17.71,18.96,4.04,2.8,0.31,45.28,7.15,40,1.86,67,0.31,0,0,14.29,52,0.62,36,50,1.24,1.24,28,54,2,63.37,1.55,0.54,0.74,20.82,75,6.97,3.73,0.62,0.62,0,0,4.04,4.66,0,50,0.31,20,0.31,24,57,20,17,33,50,15.52,8.23,0.95,123,-7.29,14.77,10.16,0,0,0,0,0,,0,0,,0,0,0,0,0,0,48,15,3.42,23,-0.03,0.16,-0.03,-0.07,,0.03
Anuar Tuhami,AD Ceuta FC,La Liga 2,2026/2027,289,3.21,4,Right Back,Right Centre Back,Man,Morocco,32,14/01/95,173,0,0,0.07,0.07,0.93,0,33,1,,0.19,0,0.1,2.18,0,0.1,2.18,0,0,0,0,0.17,3.11,-0.17,0.62,0.31,0.31,50,0.62,0,0.31,0.62,0.62,0.47,0.93,1.22,13.39,5.6,0.02,5.29,40.3,4.98,2.49,2.18,2.8,100,2.57,3.04,0.31,,0,0,0,0,10.9,11.7,3.43,1.56,0.31,43.97,4.36,40,1.25,80,0,0,0,27.09,81,2.8,11,75,1.56,3.11,15,69,-12,53.75,4.98,0.39,0.49,25.22,96,7,9.34,0.62,0.62,0,0.62,4.36,4.98,0,50,0.93,33,0.62,21,67,12,17,63,20,19.57,22.61,0.99,94,3.03,19.41,21.26,0,0,0,0,0,,0,0,,0,0,0,0,0,0,22,8,4.36,25,0.03,0.02,0.04,-0.04,,0.05
Unai Vencedor,Burgos,La Liga 2,2026/2027,285,3.16,4,Left Defensive Midfielder,Right Defensive Midfielder,Man,Spain,26,14/11/00,176,0,0,0.01,0.05,0.32,0,0,0,,0,0,0,0,0,0,0,0,0,0,0,0.01,0.32,-0.01,0.63,0,0.63,0,1.58,0,1.9,0.95,0.63,0.59,1.58,1.3,23.07,15.8,0.07,8.53,41.57,11.06,4.11,2.53,3.16,73,2.24,2.82,1.58,50,0.95,67,1.26,0,18.97,16.03,6.64,3.79,2.21,45.31,6.64,35,2.21,58,0.32,0,0,49.94,77,4.43,17,58,2.21,6.95,13,73,-5,48.36,8.53,0.29,0.29,38.88,93,4.67,10.75,0,0,0,0,0.32,0.32,0.63,,0.32,50,0.32,29,64,7,35,62,3,23.51,20,0.98,106,-3.51,23.05,21.14,0,0,0,0,0,,0,0,,0,0,0,0,0,0,20,3,2.62,28,-0.01,0.02,0.04,0,,0.05
Carles Pérez,Girona,La Liga 2,2026/2027,281,3.12,4,Right Wing,Right Midfielder,Man,Spain,29,15/02/98,173,0.64,0.64,0.21,0.07,2.88,22,22,5,,0.35,0.32,0.1,1.28,0.32,0.1,1.28,0,0,0,0.96,0.31,4.16,0.65,1.6,1.28,0.32,80,1.28,0,3.2,3.2,0.32,0.16,1.28,1.4,19.2,8.96,0.02,5.44,45.02,4.16,1.6,1.28,1.6,40,0.9,1.06,2.56,0,1.92,0,0,0,15.36,11.54,3.84,4.48,0.64,46.52,5.44,35,2.24,50,0.32,0,0,23.68,73,1.28,91,50,1.92,1.92,24,56,-18,55.81,3.84,0.24,0.4,30.4,83,8.03,7.68,0.96,0.96,0,0,3.84,4.8,0,67,0.64,29,0,15,72,13,4,79,17,18.02,16.93,0.95,105,-1.09,17.16,17.76,0,0,0,0,0,,0,0,,0,0,0,0,0,0,25,5,3.58,32,-0.09,0.2,0.07,0.25,,0.43
Javi Martón,Eibar,La Liga 2,2026/2027,281,3.12,7,Centre Forward,Left Centre Forward,Man,Spain,28,05/05/99,180,0.32,0.32,0.53,0.21,2.56,13,38,10,,0.48,0,0,0,0,0,0,0,0,0,0.32,0.53,2.56,-0.21,1.28,0.32,0.96,25,1.6,0,1.28,3.21,0,0,0.32,0.04,25,11.22,0.04,6.41,64.82,1.6,0,0.32,0.32,33,0.3,0.3,1.92,0,0.64,56,2.88,0,23.08,13.26,5.77,3.21,0,66.65,18.91,82,3.21,100,0.32,0,0,10.26,50,0,8,,0.32,0,44,47,-3,55.48,0.64,0.06,0.55,9.62,67,5.38,1.6,0,0,0,0,4.17,4.17,0,,0,,0,18,65,18,40,40,20,14.03,11.49,1.09,120,-2.53,15.32,13.78,0,0,0,0,0,,0,0,,0,0,0,0,0,0,47,6,0.35,4,-0.03,-0.03,0.03,0.13,,0.11
Jandro Orellana,Cádiz,La Liga 2,2026/2027,280,3.12,4,Left Defensive Midfielder,Right Centre Midfielder,Man,Spain,26,06/08/00,176,0,0,0.01,0.02,0.64,0,0,1,,0,0,0,0,0,0,0,0,0,0,0,0.01,0.64,-0.01,0.64,0.64,0,100,0.32,0.32,0.32,0,0.96,1.13,0.32,0.21,19.9,10.27,0.02,5.13,43.63,7.06,3.53,2.25,3.21,88,2.14,3.27,0.64,67,0.32,50,0.32,0,17.01,16.62,3.85,4.81,0.96,43.31,6.42,38,1.93,40,0.64,0,0,43.33,89,1.28,14,57,0.32,2.25,15,82,-7,49.61,1.6,0.25,0.27,32.74,99,4,4.49,0.96,0.96,0,0,0,0.96,0,0,0,,0,9,83,8,21,79,0,16.55,13.37,0.98,95,-3.19,16.17,12.74,0,0,0,0,0,,0,0,,0,0,0,0,0,0,13,6,4.81,43,-0.04,0.05,0.04,-0.02,,0.02
Alejo Sarco,Sporting Gijón,La Liga 2,2026/2027,280,3.12,7,Left Centre Forward,Right Attacking Midfielder,Man,Argentina,21,05/01/06,179,0.32,0.32,0.24,0.19,1.28,25,50,3,,0.34,0,0.11,0.96,0,0.11,0.96,0,0,0,0.32,0.36,2.25,-0.04,1.61,0.96,0.64,60,2.89,0,3.21,4.82,0,0,0.64,0.73,24.72,9.95,0,4.82,59.08,7.7,3.85,1.28,1.28,80,1.42,1.42,1.61,0,0.32,63,1.61,0,21.83,25.14,4.82,5.78,1.28,61.48,15.73,72,4.17,72,0,0,0,25.04,66,0.64,82,67,0.64,0.96,27,57,-9,55.24,2.57,0.34,0.6,26.32,78,5.16,6.42,0.96,0.96,0,0,2.57,3.53,0,33,0.64,100,0.32,24,65,11,20,65,15,13.18,8.59,1.06,123,-4.59,13.98,10.59,0,0,0,0,0,,0,0,,0,0,0,0,0,0,39,13,3.34,26,-0.09,-0.07,0.02,0.17,,0.03
Arkaitz Mariezkurrena,Real Sociedad B,La Liga 2,2026/2027,277,3.08,7,Right Centre Forward,Centre Forward,Man,Spain,22,04/04/05,181,0.33,0.33,0.1,0.06,1.63,20,40,3,,0.43,0,0.15,0.33,0,0.15,0.33,0,0,0,0.33,0.26,1.95,0.07,2.6,0.98,1.63,38,1.95,0,1.63,3.58,0.33,0.12,0,0,23.73,10.73,0.03,4.55,58.48,4.55,2.93,0.33,0.65,33,0.2,0.33,4.55,33,0.65,25,0.98,0,18.85,14.25,3.9,3.58,1.3,58.82,12.35,66,2.6,73,0.65,0,0.33,14.63,67,2.28,59,88,0.33,2.28,16,75,8,51.5,2.6,0.2,0.47,16.25,76,5.56,3.25,0.65,0.65,0,0,4.23,4.88,0.98,0,0,,0,18,67,16,30,60,10,18.74,13.6,1.19,68,-5.14,22.36,9.27,0,0,0,0,0,,0,0,,0,0,0,0,0,0,39,10,3.15,29,-0.05,0.05,0.01,0.12,,0.13
Javier Boñar,Girona,La Liga 2,2026/2027,275,3.05,5,Right Back,Right Wing Back,Man,Spain,21,02/06/05,180,0,0,0.04,0.06,0.66,0,50,1,,0,0.33,0.32,1.64,0.33,0.27,1.31,0,0.05,0.33,0.33,0.36,2.29,-0.03,0.66,0.66,0,100,1.64,0,0.33,0.33,0.66,0.59,2.95,2.68,19,7.86,0.02,7.21,31.47,7.21,2.95,2.62,3.28,67,2.16,2.74,1.31,60,1.31,40,0.66,0,15.07,12.76,5.9,2.62,1.64,36.19,4.91,33,1.64,63,0,0,0,33.42,86,3.28,6,56,3.28,5.57,12,86,0,47.27,5.24,0.64,0.72,31.45,98,4.49,8.52,1.31,0.66,0.66,0.33,0.98,1.64,0,50,0.66,100,0.33,34,54,12,38,46,15,20.97,17.25,0.9,99,-3.72,18.84,17.02,0,0,0,0,0,,0,0,,0,0,0,0,0,0,25,16,4.91,36,0.26,0.12,0.02,-0.03,,0.36
Omar Sadik,AD Ceuta FC,La Liga 2,2026/2027,274,3.05,4,Centre Forward,Right Centre Forward,Man,Morocco,23,21/03/04,185,0,0,0.2,0.1,1.97,0,50,4,,0.18,0,0.08,0.98,0,0.08,0.98,0,0,0,0,0.28,2.95,-0.28,0.66,0.66,0,100,1.97,0,2.3,3.94,0,0,0,0,22.64,12.8,0,7.55,67.39,2.95,2.3,1.97,1.97,86,1.74,1.74,0.98,67,0.33,50,3.94,0,19.69,15.62,6.56,4.27,2.3,68.52,17.72,90,4.27,100,0.33,0.33,0,14.44,65,0.33,56,33,0,0.98,23,58,-7,62.19,0.33,0.41,0.66,13.45,76,4.67,4.92,0.66,0.66,0,0.66,5.91,6.56,0,0,0,,0.98,13,62,25,13,80,7,17.41,17.29,0.98,90,-0.12,17.09,15.54,0,0,0,0,0,,0,0,,0,0,0,0,0,0,44,15,3.51,25,0.11,-0.08,0.03,-0.12,,-0.06
Vladyslav Vanat,Girona,La Liga 2,2026/2027,273,3.03,4,Left Centre Forward,Centre Forward,Man,Ukraine,25,03/01/02,182,0.33,0.33,0.43,0.22,1.98,17,67,6,,0.46,0.33,0.09,1.32,0.33,0.09,1.32,0,0,0,0.66,0.52,3.3,0.14,0.66,0,0.66,0,0,0,0,3.63,0.33,0.17,0.66,0.33,25.05,14.18,0,6.59,68.07,2.31,1.65,0,0.33,,0,0.17,0.33,,0,33,0.66,0,24.73,16.19,6.59,2.97,0.99,69.48,21.43,87,2.64,89,0,0,0,15.82,69,0,73,0,0.66,0.66,22,73,3,56.15,1.65,0.15,0.56,12.2,86,4.27,4.29,0,0,0,0.66,5.6,5.6,0,,0,0,0.66,14,65,20,23,69,8,15.49,13.29,0.87,75,-2.2,13.5,9.91,0,0,0,0,0,,0,0,,0,0,0,0,0,0,33,10,2.9,22,-0.06,0,0.04,0.2,,0.19
Javi Moreno,Albacete,La Liga 2,2026/2027,269,2.99,3,Right Centre Back,,Man,Spain,27,15/05/00,185,0,0,0,,0,,,0,,0,0,0,0,0,0,0,0,0,0,0,0,0,0,0,0,0,,0.67,0,0,0,0.67,0.4,3.68,2.16,14.73,7.03,0,6.02,23.46,6.36,0.67,2.68,3.35,100,1.79,2.19,0.67,100,0,40,0.67,0,11.38,7.39,5.02,0.67,0.33,28.27,0.67,6,0,0,0,0,0,35.14,72,4.35,12,45,6.36,7.03,14,38,-35,34.67,2.68,0.12,0.12,28.78,100,5.05,2.34,0,0,0,0,0,0,0.33,,0,,0,35,61,4,57,43,0,28.9,33.79,0.88,94,4.88,25.47,31.81,0,0,0,0,0,,0,0,,0,0,0,0,0,0,31,12,4.32,40,0.03,0.04,0.09,,,0.15
Manu Fernández,Cádiz,La Liga 2,2026/2027,266,2.96,3,Left Centre Back,Left Back,Man,Spain,26,22/04/01,185,0,0,0,,0,,,0,,0,0,0,0,0,0,0,0,0,0,0,0,0,0,0,0,0,,0.68,0,0,0,0,0,4.39,5.37,10.82,4.06,0.06,7.1,30.47,7.1,1.35,1.01,1.01,100,1.26,1.26,0.34,,0,33,1.01,0,9.46,10.93,4.73,2.37,1.01,35.9,2.7,29,1.69,71,0,0,0,57.46,95,4.73,13,82,5.07,5.07,8,93,-2,40.17,4.39,0.4,0.4,47.99,100,4.28,5.07,0,0,0,0,0,0,0,,0,,0,18,78,4,33,60,7,21.22,20.52,0.99,107,-0.7,21.02,21.96,0,0,0,0,0,,0,0,,0,0,0,0,0,0,13,9,3.24,22,0,0.04,0.15,,,0.2
Lautaro Marco Spatz,FC Andorra,La Liga 2,2026/2027,266,2.95,4,Left Centre Back,Centre Back,Man,Argentina,25,18/10/01,185,0,0,0.03,0.08,0.34,0,100,0,,0.02,0,0.06,0.68,0,0.06,0.68,0,0,0,0,0.08,1.02,-0.08,0.68,0.68,0,100,1.02,0,0.34,0,0.68,0.79,6.43,6.4,7.45,2.71,0.07,4.06,23.42,10.83,1.69,1.69,2.37,100,1.67,2.46,1.69,100,0,92,3.72,0,4.06,4.48,1.69,2.03,0.34,32.39,0.68,17,0.68,33,0.34,0,0,57.19,85,3.38,25,50,7.11,6.09,16,83,-1,40.36,5.08,0.48,0.51,47.72,99,6.58,6.09,0.68,0.68,0,0,0.68,1.35,0,0,0,,0,28,66,6,33,61,6,21.97,21.23,0.93,94,-0.74,20.47,20,0,0,0,0,0,,0,0,,0,0,0,0,0,0,24,11,7.14,41,0.07,0.09,0.01,0.05,,0.23
Markel Arana,Eibar,La Liga 2,2026/2027,266,2.95,4,Right Centre Back,Centre Back,Man,Spain,25,28/11/01,,0,0,0.03,0.1,0.34,0,100,0,,0.28,0,0,0,0,0,0,0,0,0,0,0.03,0.34,-0.03,0,0,0,,0.34,0,0.68,0,0,0,6.44,5.36,12.87,8.47,0.06,9.14,20.91,8.81,1.69,2.71,2.71,80,2.19,2.19,0,50,0.68,86,2.03,0,10.16,9.88,5.42,1.02,0.34,27.24,1.69,17,0.68,67,0,0,0,38.61,84,4.4,18,59,8.81,5.08,17,63,-21,35.34,2.03,0.3,0.3,30.48,98,4.8,1.69,0,0,0,0,0.68,0.68,0,,0,0,0,18,77,4,40,60,0,27.11,31.56,0.94,86,4.45,25.54,27.29,0,0,0,0,0,,0,0,,0,0,0,0,0,0,19,4,1.46,12,-0.01,0.02,0.15,0.1,,0.26
Jorge Pascual,Granada,La Liga 2,2026/2027,262,2.91,6,Centre Attacking Midfielder,Right Centre Midfielder,Man,Spain,24,08/04/03,183,0.34,0.34,0.26,0.07,3.78,9,27,4,,0.32,0,0,0.34,0,0,0.34,0,0,0,0.34,0.26,4.12,0.08,0.34,0,0.34,0,2.75,0,1.72,1.37,0.69,0.92,1.03,1.11,13.05,7.56,0,4.46,51.39,4.12,2.75,1.03,1.72,75,0.94,1.86,0.34,0,0.34,73,2.75,0,11.68,13.87,3.43,3.09,0.69,54.85,8.24,71,1.72,56,0,0,0,28.51,85,2.4,83,78,1.37,2.75,24,73,-12,57.09,4.46,0.77,1.04,26.79,90,4.4,10.3,0,0,0,0.34,5.5,5.5,0,,0,0,0,15,72,13,23,70,7,20.05,20.23,0.97,99,0.18,19.41,19.98,0,0,0,0,0,,0,0,,0,0,0,0,0,0,16,5,5.15,27,0.02,0.06,0.04,-0.04,,0.08
Sergio Arribas,Almería,La Liga 2,2026/2027,261,2.9,4,Centre Attacking Midfielder,Right Midfielder,Man,Spain,25,29/09/01,174,0,0,0.41,0.17,2.41,0,29,3,,0.05,0,0.06,0.69,0,0.03,0.34,0,0.03,0.34,0,0.47,3.1,-0.47,1.03,0.69,0.34,67,1.72,0,2.41,3.1,0,0,0.34,0.28,12.74,5.85,0,2.07,46.4,5.51,2.07,0.34,0.34,50,0.21,0.21,0.34,0,0.34,67,0.69,0,12.05,12.41,1.72,0.69,0.34,49.97,5.85,49,0.34,50,0,0,0,40.29,84,2.41,72,54,0.69,4.13,13,76,-7,52.64,4.82,0.52,0.62,37.88,87,4.91,9.99,2.07,1.38,0.69,0,3.1,4.48,0,0,0,0,0.69,20,66,15,34,62,3,17.4,12.79,0.93,105,-4.61,16.1,13.39,0,0,0,0,0,,0,0,,0,0,0,0,0,0,18,8,5.99,52,-0.07,0.01,0.01,-0.15,,-0.2
Carlos Guirao,CD Eldense,La Liga 2,2026/2027,261,2.9,6,Right Defensive Midfielder,Left Defensive Midfielder,Man,Spain,24,26/04/03,175,0,0,0.03,0.04,0.69,0,50,1,,0.01,0,0.03,0.34,0,0.03,0.34,0,0,0,0,0.06,1.03,-0.06,0,0,0,,0.69,0,1.03,1.72,0.69,0.79,1.03,0.87,23.44,13.1,0,5.86,48.75,9.31,4.14,2.76,3.45,80,2.29,3.08,2.07,67,0.69,44,1.38,0,18.62,18.74,4.83,4.14,1.38,52.1,10.69,57,2.07,50,0,0,0,49.64,88,1.72,18,83,1.03,2.07,18,92,5,49.38,4.48,0.33,0.33,45.51,95,5.15,12.07,1.03,1.03,0,0.34,2.41,3.45,0.34,0,0.34,33,0.34,21,68,11,34,63,3,16.32,14.91,0.97,97,-1.41,15.88,14.5,0,0,0,0,0,,0,0,,0,0,0,0,0,0,22,14,5.14,32,0.04,0.06,0.07,-0.02,,0.15
Álvaro García Pascual,Cádiz,La Liga 2,2026/2027,260,2.89,4,Centre Forward,Right Centre Forward,Man,Spain,24,20/07/02,190,0,0,0.19,0.11,1.73,0,60,4,,0.26,0,0.04,0.69,0,0.04,0.69,0,0,0,0,0.23,2.42,-0.23,0.69,0.35,0.35,50,1.04,0,0.69,2.42,0,0,1.04,1.06,31.17,15.24,0,4.85,65.9,2.77,2.08,1.39,1.39,80,1.7,1.7,1.73,50,0.35,57,1.39,0,28.05,32.99,4.85,5.19,1.39,67.71,23.55,84,4.85,93,0.69,0,0,21.47,60,1.39,6,80,1.39,1.39,35,59,-1,59.06,1.73,0.13,0.31,16.28,87,4.32,4.5,0.35,0.35,0,0,4.5,4.85,0,100,0.35,50,0.35,18,69,13,15,77,8,16.52,16.47,1.09,101,-0.05,18,16.71,0,0,0,0,0,,0,0,,0,0,0,0,0,0,31,6,1.7,14,-0.1,-0.03,0.02,0.05,,-0.06
Pepe Sánchez,Albacete,La Liga 2,2026/2027,258,2.87,3,Centre Back,Right Centre Back,Man,Spain,27,01/03/00,185,0,0,0.04,0.06,0.7,0,0,0,,0,0,0,0,0,0,0,0,0,0,0,0.04,0.7,-0.04,0,0,0,,0.35,0,0,0,0.7,1.09,6.28,7.79,3.14,1.74,0.03,4.53,26.66,9.41,2.44,0,0.7,,0,1.09,0,,0,82,3.14,0,3.14,3.64,2.79,0.35,0.35,33.39,0.35,11,0.35,100,0,0,0,51.59,85,4.18,9,48,6.97,8.02,7,40,-45,37.91,3.49,0.4,0.42,41.48,100,5.1,4.18,0,0,0,0.35,2.79,2.79,0,,0,,0.35,25,74,2,33,67,0,25.01,28.17,0.9,135,3.16,22.47,38.16,0,0,0,0,0,,0,0,,0,0,0,0,0,0,13,3,4.46,31,0.04,0.05,-0.01,-0.07,,0.01
Pablo Galdames,Burgos,La Liga 2,2026/2027,257,2.85,6,Left Defensive Midfielder,Right Defensive Midfielder,Man,Chile,30,29/12/96,176,0,0,0.05,0.07,0.7,0,0,1,,0,0,0.03,1.05,0,0.03,1.05,0,0,0,0,0.08,1.75,-0.08,0,0,0,,1.4,0,0.7,0.7,1.05,1.25,1.05,1.06,28.39,16.12,0.05,6.31,39.76,8.76,2.8,4.91,5.96,82,5.33,6.58,1.4,67,1.05,0,0,0,22.08,25.75,4.91,5.26,1.75,41.62,7.01,32,2.8,53,0,0,0,36.45,80,3.86,11,69,2.45,4.21,19,71,-8,46.61,4.91,0.56,0.56,26.64,96,3.43,6.66,0.35,0.35,0,0,0.7,1.05,0,0,0,,0,22,69,9,21,63,16,22.75,23.7,0.98,115,0.94,22.4,27.36,0,0,0,0,0,,0,0,,0,0,0,0,0,0,25,7,3.79,29,0.06,0,0.1,-0.03,,0.14
P.Gavian Alonso,Celta de Vigo B,La Liga 2,2026/2027,254,2.82,5,Right Wing Back,Right Back,Man,Spain,21,01/03/06,178,0,0,0,,0,,,0,,0,0.35,0.12,1.06,0.35,0.12,1.06,0,0,0,0.35,0.12,1.06,0.23,0.35,0,0.35,0,1.06,0,0,1.42,0.71,0.55,0.71,0.65,15.58,5.31,0.03,6.37,30.19,7.08,2.12,2.12,2.83,75,1.92,2.47,0.71,0,0.71,29,0.71,0,12.74,13.1,4.6,1.77,0.35,33.25,4.6,36,1.06,60,0,0,0,38.23,69,1.77,3,38,1.06,4.25,11,57,-12,53.27,1.77,0.17,0.29,29.03,96,4.24,7.79,1.06,1.06,0,0,0.71,1.77,0,33,0.35,10,0.71,22,58,20,18,45,36,19.42,17.02,0.93,88,-2.41,17.98,15.04,0,0,0,0,0,,0,0,,0,0,0,0,0,0,29,7,5.17,40,0.02,0.05,0.02,,,0.1
Jon Karrikaburu,Burgos,La Liga 2,2026/2027,254,2.82,5,Centre Forward,Left Centre Forward,Man,Spain,24,18/09/02,183,0.35,0.35,0.35,0.2,1.77,20,20,5,,0.32,0.71,0.06,0.71,0.71,0.06,0.71,0,0,0,1.06,0.41,2.48,0.66,0,0,0,,2.48,0,2.84,1.77,0,0,0,0,26.6,15.6,0,6.03,59.75,2.48,1.42,1.42,1.42,80,1.06,1.06,3.55,0,0.35,31,1.42,0,21.63,16.34,6.03,2.48,0.35,60.44,14.9,69,2.48,100,0.35,0,0,15.6,82,0.35,18,100,0,0.35,38,88,6,60.63,1.77,0.48,0.56,18.44,79,6.65,7.09,0.71,0.71,0,0,5.32,6.03,0,0,0,,0.71,11,62,27,15,60,25,16.44,13.44,1,100,-3,16.52,13.39,0,0,0,0,0,,0,0,,0,0,0,0,0,0,24,11,3.12,35,-0.04,0.01,0.01,0.13,,0.11
Álvaro Morata,Leganés,La Liga 2,2026/2027,254,2.82,4,Centre Forward,Left Centre Forward,Man,Spain,34,22/10/92,189,0,0,0.35,0.2,1.77,0,0,5,,0,0,0.15,1.42,0,0.15,1.42,0,0,0,0,0.5,3.19,-0.5,0,0,0,,1.06,0,3.19,1.42,0.35,0.35,0.71,0.62,29.1,10.65,0,4.97,58.93,4.26,2.13,0.71,1.06,67,0.83,1.19,3.9,100,0.35,36,1.77,0,24.49,23.41,4.26,4.61,1.06,61.2,17.75,72,3.55,77,0.35,0,0,17.75,72,1.06,12,75,1.06,1.06,30,63,-10,55.56,1.77,0.29,0.61,15.62,80,4.07,4.26,0.35,0.35,0,0.71,5.32,5.68,0,0,0,0,1.06,7,72,20,25,75,0,15.34,18.41,1.02,108,3.07,15.59,19.85,0,0,0,0,0,,0,0,,0,0,0,0,0,0,37,13,2.77,27,-0.02,0.01,-0.06,-0.27,,-0.34
Antoniu Roca,Mallorca,La Liga 2,2026/2027,253,2.82,6,Left Midfielder,Left Wing,Man,Spain,24,04/09/02,180,0,0,0.22,0.07,3.2,0,11,7,,0.29,0,0.02,0.36,0,0.02,0.36,0,0,0,0,0.24,3.55,-0.24,2.13,1.42,0.71,67,2.13,0,2.84,2.49,0.36,0.53,0.36,0.5,25.22,12.08,0.03,5.33,56.46,6.04,3.91,4.26,4.62,80,5.1,5.62,1.07,50,1.07,25,0.36,0,19.89,23.91,3.91,5.68,1.78,59.07,12.79,64,4.26,75,0.36,0,0,17.76,76,0,17,0,0.36,0.36,34,76,0,58.14,1.78,0.22,0.36,26.64,84,6.28,5.33,0.71,0.71,0,0.36,2.13,2.84,0,0,0,0,0.71,12,54,34,13,60,27,13.11,10.25,0.92,103,-2.86,12.01,10.58,0,0,0,0,0,,0,0,,0,0,0,0,0,0,24,8,2.31,19,0,0.18,0.08,-0.13,,0.14
A.Ghailan Benktib,Córdoba CF,La Liga 2,2026/2027,253,2.81,6,Left Wing,Right Defensive Midfielder,Man,Spain,26,16/10/00,,0,0,0.09,0.04,2.14,0,33,2,,0.06,0,0.07,2.14,0,0.05,1.42,0,0.02,0.71,0,0.16,4.27,-0.16,2.49,1.78,0.71,71,1.78,0,3.56,2.85,1.07,1.24,1.07,1.51,23.51,9.26,0,5.34,51.72,9.62,6.06,3.56,4.63,100,4.98,6.22,3.56,100,0,50,0.36,0,16.39,22.48,4.63,4.27,1.42,53.18,9.97,61,3.56,83,0.36,0,0,36.33,75,3.56,44,67,2.14,4.27,16,67,-8,63.53,6.77,0.44,0.46,37.4,86,6.99,16.74,1.42,1.42,0,0,3.21,4.63,0,25,0.71,40,0.71,18,71,11,21,68,11,18.78,19.13,1,104,0.35,18.82,19.99,0,0,0,0,0,,0,0,,0,0,0,0,0,0,16,7,7.37,42,-0.02,0.16,0.05,-0.04,,0.16
Miguel Rubio,Real Valladolid,La Liga 2,2026/2027,252,2.8,3,Right Centre Back,,Man,Spain,29,10/03/98,191,0,0,0.03,0.04,0.71,0,0,0,,0,0,0,0,0,0,0,0,0,0,0,0.03,0.71,-0.03,0,0,0,,0.71,0,0.36,0,0.36,0.35,6.43,5.3,8.93,3.22,0.13,6.79,26.18,9.29,2.86,1.43,1.79,80,1.56,1.91,0.71,100,0.36,50,0.71,0,6.79,5.89,2.86,1.79,0.36,33.01,1.79,26,0.36,20,0,0,0,38.58,85,3.57,19,53,7.15,6.07,12,71,-13,38.64,3.57,0.24,0.26,31.08,99,4.52,3.93,0,0,0,0,1.79,1.79,0,,0,,0,30,66,4,45,55,0,23.21,21.82,0.91,76,-1.39,21.12,16.53,0,0,0,0,0,,0,0,,0,0,0,0,0,0,12,3,3.22,26,0.04,0.04,-0.23,-0.08,,-0.23
Dani Rodríguez,Leganés,La Liga 2,2026/2027,251,2.79,7,Left Wing Back,Left Centre Midfielder,Man,Spain,38,05/06/88,178,0,0,0.07,0.1,0.72,0,50,1,,0.02,0,0.08,1.79,0,0.04,0.72,0,0.04,1.08,0,0.15,2.51,-0.15,1.08,0.36,0.72,33,3.23,0,2.87,2.15,0.36,0.36,2.51,1.19,20.08,9.32,0.02,4.66,36.49,6.09,3.23,1.79,2.15,100,1.01,1.37,2.15,,0,33,0.36,0,16.13,11.35,3.94,3.94,1.79,38.39,5.02,31,2.87,73,0,0,0,28.32,77,2.87,11,40,2.51,7.17,13,69,-7,58.02,2.87,0.86,0.94,30.47,85,7.4,8.25,2.87,1.08,1.79,0,1.79,2.87,0,38,1.08,60,0.36,14,73,12,17,61,22,21.36,15.23,0.89,108,-6.13,19.02,16.4,0,0,0,0,0,,0,0,,0,0,0,0,0,0,20,5,6.13,42,0.1,0.1,0.05,-0.06,,0.19
Agustín Albarracín,Albacete,La Liga 2,2026/2027,251,2.79,5,Right Midfielder,Left Midfielder,Man,Uruguay,21,28/08/05,178,0,0,0.06,0.08,0.72,0,0,1,,0,0,0.15,1.44,0,0.15,1.44,0,0,0,0,0.21,2.15,-0.21,0.72,0,0.72,0,0.36,0,1.79,2.51,0.36,0.13,0,0,15.43,7.18,0,3.23,59.61,5.74,4.31,0.72,1.08,67,0.43,0.57,1.79,0,0.36,0,0,0,12.92,11.37,2.87,2.51,0.72,62.56,8.61,67,1.44,57,0,0,0,32.66,73,0.72,71,29,0,2.51,12,92,19,62.27,5.38,0.36,0.52,31.22,89,5.3,12.56,2.15,2.15,0,0.36,1.79,3.95,0,0,0,0,0.36,18,75,7,29,69,3,17.84,11.95,0.91,107,-5.89,16.17,12.83,0,0,0,0,0,,0,0,,0,0,0,0,0,0,22,5,6.42,48,-0.03,0.01,0.02,-0.04,,-0.04
Hugo Cuenca,Celta de Vigo B,La Liga 2,2026/2027,250,2.78,5,Right Centre Midfielder,Right Wing,Man,Paraguay,22,07/01/05,183,0,0,0.05,0.02,2.16,0,50,2,,0.24,0.36,0.43,2.16,0.36,0.43,2.16,0,0,0,0.36,0.48,4.32,-0.12,2.52,1.8,0.72,71,1.8,0,1.08,2.16,0.36,0.34,0,0,13.32,8.28,0.06,6.12,40.39,7.92,3.96,1.08,1.44,60,1.5,1.84,0.72,0,0.72,75,1.08,0.36,11.52,11.45,5.4,2.52,1.08,42.14,3.96,34,1.44,57,0.36,0,0,39.25,77,2.52,91,47,0.36,5.04,23,67,-11,53.15,5.4,0.75,1.05,42.49,92,5.12,11.88,2.16,2.16,0,0,1.08,3.24,1.08,33,0.72,67,0.36,19,69,12,30,64,6,19.77,14.72,0.98,108,-5.06,19.45,15.94,0,0,0,0,0,,0,0,,0,0,0,0,0,0,22,6,8.14,50,0.06,0.04,0.08,-0.01,,0.17
Albert Caparrós,AD Ceuta FC,La Liga 2,2026/2027,248,2.76,3,Left Centre Back,Right Centre Back,Man,Spain,28,13/10/98,184,0,0,0.09,0.13,0.72,0,50,0,,0.16,0,0.05,0.36,0,0.05,0.36,0,0,0,0,0.14,1.09,-0.14,0.36,0.36,0,100,1.09,0,0.72,0,0.72,0.62,2.17,2.78,9.06,4.35,0,5.07,23.27,6.89,1.81,1.09,1.81,75,0.87,1.49,1.09,100,0.36,33,0.72,0,6.89,6.79,3.62,1.81,0.36,29.3,1.09,16,1.09,60,0,0,0.36,27.91,85,1.81,17,56,2.54,2.9,11,67,-19,36.91,1.09,0.16,0.2,22.47,97,3.72,2.17,0,0,0,0.36,1.81,1.81,0,,0,,0.36,21,74,5,33,50,17,24.05,29.55,0.91,81,5.5,21.81,23.83,0,0,0,0,0,,0,0,,0,0,0,0,0,0,16,5,2.03,10,0.02,0.03,-0.01,-0.04,,0
Pablo García,Sporting Gijón,La Liga 2,2026/2027,247,2.75,7,Left Back,Left Wing Back,Man,Spain,26,04/06/00,178,0,0,0,,0,,,0,,0,0,0.33,3.27,0,0.33,3.27,0,0,0,0,0.33,3.27,-0.33,0.73,0.36,0.36,50,0.36,0,1.09,0.73,1.46,1.37,1.09,1.28,18.19,9.82,0,5.82,41.07,9.09,4.73,1.82,3.27,56,1.33,2.7,0.36,60,1.46,100,1.09,0,16.01,15.44,4.37,4.73,1.09,45.81,6.18,39,3.27,69,0,0,0,36.38,75,3.27,88,69,1.09,4.73,9,75,0,55.92,4,0.29,0.42,32.01,94,3.56,13.46,3.64,3.27,0.36,0,0.73,4,0,60,2.55,64,0,17,72,11,8,81,11,21.4,20.12,0.96,94,-1.28,20.64,18.87,0,0,0,0,0,,0,0,,0,0,0,0,0,0,30,8,6.22,56,0.26,0,0.04,,,0.3
Cedric Teguia,AD Ceuta FC,La Liga 2,2026/2027,247,2.74,4,Left Midfielder,Right Wing,Man,Spain,25,30/09/01,180,0,0,0.04,0.03,1.46,0,50,2,,0.02,0,0.18,2.19,0,0.13,1.09,0,0.05,1.09,0,0.22,3.64,-0.22,1.82,0.36,1.46,20,1.09,0,2.19,1.82,0.73,0.49,0,0,21.87,15.31,0,7.65,48.47,4.74,2.92,1.09,1.82,33,0.96,1.45,1.09,14,2.19,50,1.09,0,19.68,15.5,6.2,1.82,1.09,46.11,10.57,54,1.46,80,0.36,0,0,23.69,72,2.55,80,50,0.73,4.37,21,76,5,60.62,5.47,0.05,0.18,25.51,84,6.17,9.11,2.55,1.09,1.46,0.36,1.46,2.55,0,29,1.09,30,0.36,22,64,14,36,60,4,22.8,16.53,0.9,90,-6.27,20.55,14.85,0,0,0,0,0,,0,0,,0,0,0,0,0,0,33,12,6.2,50,0.14,0.07,0.02,-0.04,,0.2
Kaj de Rooij,Real Valladolid,La Liga 2,2026/2027,246,2.74,5,Left Wing,Left Midfielder,Man,Netherlands,26,24/11/00,184,0,0,0.1,0.07,1.46,0,50,2,,0.15,0,0.02,0.37,0,0.02,0.37,0,0,0,0,0.12,1.83,-0.12,1.46,0.73,0.73,50,1.46,0,3.29,3.66,0.73,0.71,0.73,0.99,20.47,12.06,0,7.31,47.37,5.85,4.39,0.73,1.46,40,0.63,1.34,2.56,25,1.1,56,1.83,0,17.18,19.93,6.21,5.48,2.19,49.84,8.41,49,3.29,60,0.37,0,0,28.88,77,0.73,18,33,1.83,1.1,19,40,-37,62.42,4.75,0.35,0.37,29.24,79,6.15,12.43,0.37,0.37,0,0,4.02,4.39,0,0,0.37,17,0.37,16,70,14,18,62,21,16.66,18.94,0.96,94,2.28,15.92,17.74,0,0,0,0,0,,0,0,,0,0,0,0,0,0,16,4,3.44,30,-0.04,0.07,-0.01,-0.01,,0.01
Javi Villar,Albacete,La Liga 2,2026/2027,246,2.73,4,Left Defensive Midfielder,Right Defensive Midfielder,Man,Spain,24,14/03/03,187,0,0,0,,0,,,0,,0,0,0,0,0,0,0,0,0,0,0,0,0,0,0.37,0.37,0,100,0.73,0,1.1,0.37,1.1,0.71,1.1,0.75,18.67,10.25,0.06,6.22,37.64,6.96,3.3,0.73,1.83,50,0.52,1.23,1.83,0,0.73,43,1.1,0,16.11,11.13,5.49,4.03,1.83,39.82,5.49,34,1.83,45,0.73,0,0,29.29,90,2.93,11,62,2.93,2.93,22,74,-16,43.53,0.73,0.19,0.19,24.53,96,4.63,2.56,0,0,0,0,0.73,0.73,0,,0,,0,16,74,10,14,86,0,22.8,25.18,0.93,89,2.38,21.14,22.45,0,0,0,0,0,,0,0,,0,0,0,0,0,0,18,11,2.82,24,-0.02,0.02,0.06,,,0.06
Sergio Cubero,Eibar,La Liga 2,2026/2027,245,2.73,4,Right Back,Right Centre Back,Man,Spain,27,04/09/99,186,0,0,0.03,0.03,1.1,0,33,1,,0.03,0.37,0.02,0.37,0.37,0.02,0.37,0,0,0,0.37,0.05,1.47,0.32,0.73,0.37,0.37,50,0.73,0,1.47,0.73,0.73,0.63,2.57,1.24,11.74,5.14,0.02,5.14,31.57,9.91,3.67,1.1,1.83,100,0.75,1.38,0.37,,0,29,0.73,0,10.27,8.55,4.04,2.2,1.1,36.2,1.83,18,1.1,50,0.37,0,0,30.82,80,1.47,21,44,3.3,2.57,16,69,-12,50.66,4.4,0.21,0.23,28.98,94,5.84,6.6,0.73,0.73,0,0,1.83,2.57,0,100,0.73,100,0,21,71,9,22,61,17,20.7,17.75,0.96,122,-2.96,19.78,21.57,0,0,0,0,0,,0,0,,0,0,0,0,0,0,25,11,3.16,26,0.06,0.08,0.11,-0.03,,0.21
Raúl Sánchez,CD Castellón,La Liga 2,2026/2027,243,2.7,5,Right Wing Back,Left Wing,Man,Spain,29,07/11/97,188,0,0,0.24,0.13,1.85,0,40,3,,0.12,0,0.03,0.37,0,0.03,0.37,0,0,0,0,0.27,2.22,-0.27,1.11,0.37,0.74,33,1.48,0,2.22,3.7,0,0,1.11,1.76,19.24,9.25,0,3.33,50.42,3.7,2.59,1.85,1.85,63,2.8,2.8,1.85,0,1.11,20,0.37,0.37,15.91,24.34,2.59,3.7,0.74,53.24,8.51,53,2.96,80,0.37,0,0,27.38,79,0.74,71,40,1.48,1.48,25,74,-6,59.3,0.74,0.44,0.67,32.19,84,5.89,8.14,0.37,0.37,0,0.37,4.44,4.81,0,100,0.74,40,0.37,9,64,27,0,64,36,17.8,17.19,0.94,104,-0.61,16.65,17.85,0,0,0,0,0,,0,0,,0,0,0,0,0,0,23,10,2.52,19,0.12,0.04,-0.04,-0.06,,0.07
Chris Ramos,Real Oviedo,La Liga 2,2026/2027,242,2.69,4,Centre Forward,,Man,Spain,30,17/01/97,190,0.37,0.37,0.32,0.12,2.6,14,43,10,,0.54,0,0.03,0.37,0,0.03,0.37,0,0,0,0.37,0.36,2.97,0.02,0.37,0.37,0,100,1.11,0,1.49,2.97,0.37,0.54,0,0,15.24,7.06,0.04,4.09,76.15,2.23,2.23,0,0.37,,0,0.54,2.97,,0,87,4.83,0,12.26,18.13,4.09,1.11,0,78.57,12.26,100,1.11,100,0.37,0,0,10.78,43,0,22,,0,0,53,50,7,63.75,0.37,0.23,0.38,11.15,67,5.46,1.86,0,0,0,0,7.43,7.43,0,,0,0,0.37,3,80,17,0,80,20,11.06,11.9,1.14,93,0.84,12.58,11.07,0,0,0,0,0,,0,0,,0,0,0,0,0,0,47,3,1.26,9,-0.15,0.03,-0.04,0.16,,0.01
Jorge Moro,CD Eldense,La Liga 2,2026/2027,241,2.68,6,Centre Forward,Left Wing,Man,Spain,27,31/03/00,180,0,0,0.14,0.07,1.87,0,40,3,,0.01,0.37,0.3,2.24,0.37,0.3,2.24,0,0,0,0.37,0.44,4.11,-0.06,4.48,2.62,1.87,58,2.24,0,2.24,5.61,0.37,0.35,0,0,19.43,8.97,0,5.98,60.98,7.1,3.74,1.87,2.24,100,1.59,1.93,1.12,100,0,20,0.37,0,16.44,16.01,5.98,4.11,2.62,63.15,11.58,70,3.36,82,0,0,0,22.42,67,0.75,13,50,0,1.49,23,71,4,59.08,3.74,0.23,0.46,27.65,78,7.36,6.73,0.75,0.75,0,0.37,5.23,5.98,0,0,0,0,0.75,11,70,18,22,61,17,16.06,16.32,0.99,110,0.26,15.98,17.99,0,0,0,0,0,,0,0,,0,0,0,0,0,0,34,8,4.15,30,0.04,0.05,0.02,-0.12,,-0.01
Adam Jakobsen,CD Castellón,La Liga 2,2026/2027,239,2.65,4,Left Attacking Midfielder,Right Attacking Midfielder,Man,Denmark,28,06/04/99,185,0.38,0.38,0.41,0.15,2.64,14,29,4,,0.38,0.38,0.33,3.02,0.38,0.33,3.02,0,0,0,0.75,0.74,5.66,0.02,1.89,1.51,0.38,80,1.13,0,3.02,1.89,0,0,0,0,19.23,8.3,0,3.77,61.65,4.9,3.02,0,0,0,0,0,2.26,0,0.38,33,0.75,0,16.97,23.85,3.77,5.66,1.51,60.26,13.2,78,4.9,87,0.38,0,0,27.9,82,0.38,8,50,0,0.75,28,81,-1,62.62,4.15,0.95,1.27,33.56,89,5.61,12.07,0.75,0.75,0,0.75,5.28,6.03,0.38,0,0,0,0.75,14,69,18,9,78,13,15.35,16.87,0.95,92,1.53,14.57,15.6,0,0,0,0,0,,0,0,,0,0,0,0,0,0,19,7,6.3,37,-0.04,0.24,-0.01,0.02,,0.21
Nacho Martín,Sporting Gijón,La Liga 2,2026/2027,236,2.63,5,Right Defensive Midfielder,,Man,Spain,25,18/03/02,175,0,0,0,,0,,,0,,0,0,0,0,0,0,0,0,0,0,0,0,0,0,1.14,1.14,0,100,2.66,0,2.28,0.38,0.38,0.49,0.76,0.96,19.03,11.04,0,5.71,47.56,11.8,5.33,1.14,1.52,43,1.5,2,1.9,0,1.52,38,1.14,0.38,15.98,17.98,3.81,6.47,3.04,49.45,7.61,48,4.19,65,0.38,0,0,62.8,86,6.09,13,64,2.28,7.99,17,80,-6,48.92,12.18,0.12,0.12,51.38,94,4.5,15.22,0.76,0.76,0,0,0.38,1.14,0,0,0,,0.38,23,65,12,33,68,0,21.32,19.2,0.98,104,-2.12,20.82,19.95,0,0,0,0,0,,0,0,,0,0,0,0,0,0,14,3,2.06,19,0.02,0.05,0.03,,,0.1
Jordi Martín,CD Eldense,La Liga 2,2026/2027,234,2.6,4,Centre Attacking Midfielder,Left Wing,Man,Spain,26,04/01/01,176,0,0,0.03,0.02,1.16,0,0,1,,0,0.39,0.3,1.16,0.39,0.3,1.16,0,0,0,0.39,0.33,2.31,0.05,0.77,0.77,0,100,0.39,0,0.77,1.16,1.16,0.79,1.16,0.96,20.42,11.94,0,3.47,55.16,5.78,5.01,0.39,1.54,100,0.27,1.06,0.77,100,0,60,1.16,0,19.26,15.98,2.7,3.08,1.54,59.17,13.87,72,2.7,88,0,0,0,28.51,75,2.31,91,75,1.54,2.7,23,78,3,60.62,1.93,0.43,0.45,23.11,92,4.28,10.02,1.93,1.16,0.77,0,1.54,2.7,0.39,60,1.16,50,0,10,75,15,4,88,8,18.21,16.48,0.96,97,-1.73,17.54,15.95,0,0,0,0,0,,0,0,,0,0,0,0,0,0,24,11,4.43,38,0.13,0.02,0,-0.06,,0.09
Nacho Quintana,FC Andorra,La Liga 2,2026/2027,233,2.59,5,Left Centre Forward,Centre Forward,Man,Spain,26,22/02/01,178,0.77,0.77,0.53,0.17,3.09,25,38,7,,0.62,0.39,0.26,2.7,0.39,0.26,2.7,0,0,0,1.16,0.8,5.79,0.36,0.77,0,0.77,0,1.93,0,1.16,1.54,0,0,0.77,0.9,18.13,7.33,0.02,5.4,55.51,3.86,2.31,0.39,0.39,25,0.61,0.61,1.16,0,1.16,43,1.16,0,16.59,18.77,4.63,1.93,0.77,58.99,11.57,70,1.16,60,0,0,0,20.83,67,1.16,8,60,0.77,1.93,13,63,-4,60.39,3.09,0.49,0.99,20.06,85,6.54,7.33,2.31,2.31,0,0.39,5.79,8.1,0,0,0,0,0.77,17,63,20,16,68,16,17.44,11.01,1,101,-6.44,17.51,11.09,0,0,0,0,0,,0,0,,0,0,0,0,0,0,35,8,5.94,32,0,0,-0.03,-0.06,,-0.1
Arthur Bonaldo,CE Sabadell FC,La Liga 2,2026/2027,233,2.59,3,Left Centre Back,,Man,Brazil,31,17/02/96,181,0,0,0.04,0.1,0.39,0,0,0,,0,0,0,0.39,0,0,0.39,0,0,0,0,0.04,0.77,-0.04,0,0,0,,1.16,0,0.39,0,0.39,0.09,4.24,2.16,11.57,5.4,0.05,2.31,28.58,15.43,3.86,1.16,1.54,75,0.42,0.52,1.93,0,0.39,73,3.09,0,8.49,4.68,1.54,0.77,0.39,32.28,2.31,27,0.39,50,0.39,0,0,36.65,69,1.16,38,33,4.63,3.09,13,57,-11,42.91,3.09,0.13,0.13,18.13,98,2.7,3.09,0.39,0.39,0,0,1.16,1.54,0,0,0,,0,34,58,8,50,50,0,20.89,18.68,0.93,117,-2.21,19.39,21.79,0,0,0,0,0,,0,0,,0,0,0,0,0,0,35,11,2.16,12,0.04,0.02,0.08,-0.05,,0.09
Bernard Sarppong Somuah,Celta de Vigo B,La Liga 2,2026/2027,231,2.57,6,Centre Forward,,Man,Ghana,21,09/02/06,178,0.78,0.78,0.58,0.37,1.56,50,50,5,,0.58,0,0.02,0.39,0,0.02,0.39,0,0,0,0.78,0.6,1.95,0.18,0.78,0.78,0,100,0.39,0,3.11,4.28,0.39,0.37,0.39,0.37,30.36,14.01,0,8.56,66.7,5.45,3.11,0.78,1.17,67,0.31,0.68,1.56,0,0.39,17,0.78,0,28.02,26.33,7.39,4.28,1.17,68.28,23.74,85,3.5,82,0,0,0,12.45,84,0.39,7,50,0.39,0.78,24,78,-6,56.76,1.17,0.13,0.63,17.12,70,4.49,3.89,0.39,0.39,0,0,4.28,4.67,0,0,0,,0.39,8,68,24,10,70,20,13.82,7.49,0.89,92,-6.33,12.29,6.91,0,0,0,0,0,,0,0,,0,0,0,0,0,0,16,5,0.97,10,0.01,-0.04,0.01,0.29,,0.27
Enrique Clemente,Las Palmas,La Liga 2,2026/2027,231,2.57,3,Left Back,,Man,Spain,28,03/03/99,181,0.39,0.39,0.18,0.47,0.39,100,100,0,,0.28,0,0.12,1.17,0,0.12,0.78,0,0.01,0.39,0.39,0.3,1.56,0.08,0.78,0.39,0.39,50,0.78,0,0.39,0.39,0,0,2.72,2.71,5.06,1.17,0,1.56,30.22,10.9,5.06,0.39,0.39,100,0.31,0.31,0.39,100,0,67,0.78,0,4.28,5.08,1.17,0,0,33.22,0.78,18,0,,0,0,0,41.64,81,1.95,93,45,3.5,3.5,11,67,-15,51.6,5.45,0.6,0.6,33.86,98,4.4,11.29,0,0,0,0,0.78,0.78,0.39,,0,,0,20,70,10,21,72,7,18.72,19.43,0.89,117,0.71,16.68,22.71,0,0,0,0,0,,0,0,,0,0,0,0,0,0,22,11,4.79,42,0.1,0.09,0.08,0.15,,0.42
Stanko Juric,Real Valladolid,La Liga 2,2026/2027,231,2.57,3,Right Defensive Midfielder,Left Defensive Midfielder,Man,Croatia,30,15/08/96,188,0,0,0,,0,,,0,,0,0,0,0,0,0,0,0,0,0,0,0,0,0,0,0,0,,0.78,0,0.78,0.39,0.78,0.94,2.72,2.21,11.29,7.01,0,3.89,43.42,14.79,5.45,0.39,1.17,25,0.2,1.14,0.78,0,1.17,67,1.56,0,10.12,10.58,2.72,3.11,0,44.56,3.89,38,1.95,63,0,0,0,33.86,86,2.34,15,75,2.72,3.11,16,50,-36,48.34,5.06,0.29,0.29,24.13,97,4.88,6.62,0.39,0.39,0,0,0.78,1.17,0,0,0,,0,21,67,12,35,59,6,18.82,11.91,1.04,137,-6.91,19.65,16.31,0,0,0,0,0,,0,0,,0,0,0,0,0,0,18,9,2.57,17,0.11,0.07,0.01,,,0.2
Sergio Arribas,Cádiz,La Liga 2,2026/2027,230,2.55,3,Left Back,,Man,Spain,24,09/02/03,185,0,0,0.07,0.05,1.57,0,25,2,,0.01,0,0.01,0.39,0,0.01,0.39,0,0,0,0,0.09,1.96,-0.09,0.39,0.39,0,100,0.78,0,0,0.78,0.78,0.97,2.74,3.36,18.8,7.05,0.03,10.57,30.33,9.79,3.13,4.7,5.48,80,5.8,6.77,0.78,0,1.17,75,2.35,0,13.31,16.44,5.87,1.57,0,32.89,3.52,26,1.17,75,0.78,0,0,43.86,74,1.57,74,27,2.74,5.87,10,46,-28,48.61,3.92,0.31,0.38,37.98,98,4.5,8.61,1.57,1.57,0,0,1.17,2.74,0,25,0.78,29,0,29,63,8,27,59,14,19.2,11.38,0.86,91,-7.82,16.47,10.38,0,0,0,0,0,,0,0,,0,0,0,0,0,0,29,13,4.93,35,0.08,0.08,0.07,-0.06,,0.17
Vladyslav Kopotun,Cádiz,La Liga 2,2026/2027,229,2.55,6,Centre Forward,Left Centre Forward,Man,Ukraine,26,20/10/00,,0.39,0.39,0.64,0.23,2.75,14,43,9,,0.45,0,0.04,1.18,0,0.04,1.18,0,0,0,0.39,0.68,3.92,-0.29,0.78,0.39,0.39,50,1.18,0,0.39,4.71,0.39,0.25,0,0,31.39,12.16,0,7.85,66.07,2.35,1.57,0,0.39,0,0,0.25,2.35,0,0.39,11,0.39,0,29.43,30.96,7.46,3.53,1.57,65.88,24.72,84,3.53,100,0,0,0,11.38,77,0,9,,0,0,30,56,-21,61.32,1.96,0.18,0.79,16.48,76,10.74,4.71,0,0,0,0.78,6.28,6.28,0,,0,,0.78,13,70,17,0,83,17,14.83,9.86,1,127,-4.97,14.86,12.48,0,0,0,0,0,,0,0,,0,0,0,0,0,0,23,10,3.88,25,-0.01,0,-0.01,0.01,,-0.02
Konrad De La Fuente,Sporting Gijón,La Liga 2,2026/2027,229,2.55,5,Right Wing,Left Centre Forward,Man,USA,25,15/07/01,176,0,0,0.15,0.19,0.79,0,50,2,,0.02,0,0,0,0,0,0,0,0,0,0,0.15,0.79,-0.15,0.39,0.39,0,100,0.79,0,2.75,3.14,0,0,0.79,1.07,22.77,9.81,0,2.75,59.32,3.14,1.96,1.18,1.18,75,1.18,1.18,1.96,50,0.39,40,1.57,0,20.02,22.06,2.36,7.07,0.39,60.79,14.92,75,5.1,72,0,0,0,19.63,65,0,25,0,0.79,0.39,33,47,-18,59.04,1.18,0.04,0.19,18.84,79,6.16,5.1,0,0,0,0,2.36,2.36,0,,0,0,0.39,14,59,27,0,77,23,13.44,11.13,0.94,116,-2.31,12.57,12.87,0,0,0,0,0,,0,0,,0,0,0,0,0,0,33,4,1.53,18,-0.07,0.01,-0.02,-0.15,,-0.24
Álex Sancris,Leganés,La Liga 2,2026/2027,229,2.55,5,Left Wing Back,Right Wing Back,Man,Spain,30,17/01/97,181,0,0,0.1,0.04,2.36,0,33,2,,0.1,0,0.17,2.75,0,0.12,1.96,0,0.05,0.79,0,0.27,5.1,-0.27,2.75,1.57,1.18,57,0.79,0,1.18,2.36,1.18,1.09,0.79,0.7,18.46,9.03,0,6.68,37.39,10.21,3.93,3.14,4.32,73,3.13,4.22,1.18,50,1.18,83,1.96,0,14.14,12.76,3.14,3.14,0.39,40.4,3.93,28,1.96,63,0.79,0,0,34.16,69,5.1,22,39,2.36,11.39,13,63,-6,55.96,4.71,0.92,1,34.16,91,7.13,10.21,3.53,2.36,1.18,0,2.36,4.71,0,22,0.79,29,0,17,71,11,19,62,19,23.94,24.72,0.82,57,0.78,19.7,14,0,0,0,0,0,,0,0,,0,0,0,0,0,0,33,7,8.68,47,0.22,0.17,0.05,-0.04,,0.39
Thiago Ojeda,Real Valladolid,La Liga 2,2026/2027,227,2.52,3,Right Defensive Midfielder,,Man,Argentina,24,11/01/03,187,0,0,0.02,0.05,0.4,0,0,0,,0,0,0.01,0.4,0,0.01,0.4,0,0,0,0,0.03,0.79,-0.03,0.4,0,0.4,0,0.79,0,0.79,0.79,0,0,0.4,0.44,20.61,11.5,0.05,8.32,40.11,10.7,4.76,2.77,2.77,78,3.07,3.07,1.98,0,0.79,60,1.19,0,15.86,17.43,5.95,1.98,0.79,42.59,5.95,38,1.19,60,0.79,0,0,46.38,86,3.57,8,60,1.19,5.15,17,75,-11,48.4,4.76,0.38,0.4,38.85,96,4.43,9.12,0.4,0.4,0,0,0.4,0.79,0,0,0,,0,25,65,10,17,83,0,19.41,15.29,0.93,101,-4.12,18.14,15.48,0,0,0,0,0,,0,0,,0,0,0,0,0,0,13,4,3.45,28,0.04,0.11,0.02,-0.02,,0.15
Kevin Medina,Córdoba CF,La Liga 2,2026/2027,226,2.51,6,Left Wing,Left Midfielder,Man,Spain,26,25/02/01,173,0,0,0.12,0.04,2.79,0,0,4,,0,0,0.1,1.2,0,0.08,0.8,0,0.02,0.4,0,0.22,3.98,-0.22,2.39,1.59,0.8,67,2.39,0,2.39,3.59,1.2,1.51,0.4,0.46,14.34,7.57,0.04,3.19,51.17,5.18,3.59,1.59,2.79,80,1.75,3.26,1.59,0,0.4,100,0.4,0,11.15,14.32,2.79,1.59,1.2,54.07,4.78,43,1.59,100,0.4,0,0,18.72,59,0.8,12,29,0.8,2.39,15,63,3,70.5,3.19,0.43,0.51,25.89,78,8.76,7.97,1.99,1.59,0.4,1.2,4.78,6.37,0,80,1.99,50,1.2,9,72,19,10,60,30,19.19,16.19,0.85,104,-3,16.3,16.82,0,0,0,0,0,,0,0,,0,0,0,0,0,0,24,7,4.26,26,0.04,0.15,0.06,-0.12,,0.14
Iker Ropero Saizar,Real Sociedad B,La Liga 2,2026/2027,222,2.47,3,Right Centre Back,,Man,Spain,20,31/05/06,,0,0,0,,0,,,0,,0,0,0,0,0,0,0,0,0,0,0,0,0,0,0,0,0,,0,0,0,0.41,0.81,0.19,2.84,1.09,8.51,3.65,0.05,4.86,22.01,9.32,1.22,0.41,1.22,20,0.24,0.43,1.22,0,1.62,83,2.03,0,6.89,2.43,2.43,0,0,25.05,0.41,6,0,,0,0,0,28.37,86,2.84,62,78,3.65,2.84,13,67,-19,31.62,0.81,0.07,0.07,19.05,100,4.91,1.22,0,0,0,0,0,0,0,,0,,0,37,61,3,67,33,0,21.13,17.66,0.99,85,-3.47,20.84,15.08,0,0,0,0,0,,0,0,,0,0,0,0,0,0,18,8,1.46,12,0,0.05,-0.04,,,0
Mikel Goti,Real Oviedo,La Liga 2,2026/2027,219,2.43,3,Centre Attacking Midfielder,,Man,Spain,25,22/05/02,185,0,0,0.02,0.02,0.82,0,0,1,,0,0,0.33,3.29,0,0.26,2.88,0,0.07,0.41,0,0.34,4.11,-0.34,2.05,1.23,0.82,60,1.23,0,2.47,3.29,0.41,0.26,0.82,0.97,20.55,9.45,0.04,6.57,50.98,5.34,2.88,1.64,2.05,100,1.06,1.32,0.82,,0,33,0.82,0,18.08,14.83,5.75,3.29,1.23,53.28,11.1,61,2.47,75,0,0,0,34.11,74,3.29,83,44,2.05,6.16,20,72,-2,58.3,4.93,0.4,0.65,36.57,87,5.7,10.68,1.23,0.82,0.41,0.41,0.82,1.64,0,33,0.82,33,0.41,18,65,16,12,77,12,19.73,16.51,0.86,85,-3.23,16.95,14.05,0,0,0,0,0,,0,0,,0,0,0,0,0,0,27,5,7.27,52,0.07,0.03,0.03,-0.03,,0.11
Martin Pečar,Tenerife,La Liga 2,2026/2027,218,2.43,7,Right Centre Forward,Right Midfielder,Man,Slovenia,24,04/07/02,174,0,0,0.02,0.03,0.82,0,50,2,,0.06,0,0.08,0.82,0,0.08,0.82,0,0,0,0,0.1,1.65,-0.1,2.88,2.06,0.82,71,1.24,0,4.12,3.3,0,0,0.41,0.22,30.07,16.07,0,9.06,59.77,4.94,3.71,1.24,1.24,60,0.54,0.54,1.24,0,0.82,0,0,0,28.42,17.81,7.83,6.59,2.88,60.87,19.36,68,5.77,88,0,0,0,22.24,81,0.41,7,50,0.41,0.82,19,91,10,66.14,5.36,0.24,0.42,29.66,76,8.21,10.71,0.82,0.82,0,0.82,3.71,4.53,0,0,0.41,20,0.82,12,65,23,15,65,19,14.7,11.51,1.02,110,-3.19,14.94,12.62,0,0,0,0,0,,0,0,,0,0,0,0,0,0,21,5,3.13,36,0.01,0.14,0.01,0.01,,0.17
Alejandro Ibarrondo,CD Eldense,La Liga 2,2026/2027,217,2.41,4,Right Back,Right Wing Back,Man,Spain,26,15/05/01,183,0,0,0.01,0.02,0.41,0,0,1,,0,0,0.05,0.83,0,0.05,0.41,0,0,0.41,0,0.06,1.24,-0.06,0,0,0,,0.41,0,0.83,0,0.41,0.67,2.07,1.6,8.28,3.73,0,2.07,40.43,8.28,2.48,0.83,1.24,50,0.62,1.28,0.83,33,0.83,0,0,0,6.63,6.62,1.66,1.66,0.83,44.38,2.9,44,1.24,75,0.41,0,0,39.34,75,2.48,4,50,3.31,3.73,14,38,-37,54.92,4.14,0.37,0.42,33.96,98,4.67,11.6,1.24,1.24,0,0,1.24,2.48,0,33,0.41,13,0,26,55,19,14,57,29,19.85,19.36,0.92,87,-0.49,18.28,16.85,0,0,0,0,0,,0,0,,0,0,0,0,0,0,23,6,6.05,35,0.22,0.06,0.03,-0.02,,0.29
Manuel Nieto,CD Eldense,La Liga 2,2026/2027,217,2.41,5,Centre Forward,,Man,Spain,29,28/03/98,183,0,0,0.38,0.15,2.49,0,17,4,,0.09,0,0.03,0.83,0,0.03,0.83,0,0,0,0,0.42,3.33,-0.42,0.83,0.83,0,100,0.83,0,1.66,3.74,0.42,0.67,0.42,0.67,18.29,7.9,0,5.82,64.12,2.08,1.66,0.42,0.83,100,0.67,1.34,1.66,,0,43,2.49,0,16.21,16.88,5.4,4.16,2.91,65.62,13.72,85,3.74,90,0.42,0,0,17.46,63,0,8,0,0.42,1.25,35,80,17,63.85,2.08,0.4,0.6,16.21,79,6.66,4.99,0,0,0,0.42,5.4,5.4,0,,0,,0.42,14,67,19,8,75,17,14.16,12.52,0.92,99,-1.64,13.04,12.41,0,0,0,0,0,,0,0,,0,0,0,0,0,0,35,9,2.49,16,-0.07,0.06,0.01,-0.25,,-0.25
Lucas Alcázar,CD Castellón,La Liga 2,2026/2027,216,2.4,4,Left Back,Left Centre Back,Man,Spain,24,10/07/02,182,0,0,0.01,0.02,0.42,0,0,0,,0,0,0.15,1.25,0,0.15,1.25,0,0,0,0,0.16,1.67,-0.16,0,0,0,,0.42,0,1.25,0.83,0,0,1.67,2.5,14.18,6.26,0.04,6.26,40.57,7.51,2.09,2.5,2.5,100,3.96,3.96,0.83,,0,100,0.42,0,10.85,15.92,4.59,2.5,2.09,42.76,4.17,38,1.25,50,0,0,0,48.39,82,0.83,91,33,2.09,2.09,11,81,-1,54.57,5.42,0.4,0.53,43.38,96,5.37,14.6,1.67,1.67,0,0.42,2.5,4.17,0,25,0.83,33,0.42,25,58,17,14,63,23,15.4,15.27,0.96,96,-0.13,14.77,14.66,0,0,0,0,0,,0,0,,0,0,0,0,0,0,19,8,6.05,47,0.11,0.09,0.07,-0.01,,0.26
Kialy Abdoul Kone,AD Ceuta FC,La Liga 2,2026/2027,214,2.38,3,Right Wing,Left Midfielder,Man,Côte d'Ivoire,30,07/04/97,178,0,0,0.11,0.05,2.1,0,0,2,,0,1.26,0.35,2.52,1.26,0.35,2.52,0,0,0,1.26,0.46,4.62,0.8,2.1,1.68,0.42,80,3.78,0,2.94,2.94,0,0,0,0,5.46,2.1,0,1.68,60.73,6.73,3.78,0,0,,0,0,0.84,,0,0,0,0,4.62,5.81,1.26,0.84,0.84,63.54,2.94,64,0.42,50,0.42,0,0,36.57,71,3.36,70,73,0.42,4.2,27,63,-9,60.48,4.62,0.33,0.68,41.61,89,6.26,12.61,4.62,4.2,0.42,0,2.1,6.3,0,27,1.68,50,0.84,19,66,16,23,67,10,20.3,15.21,1.05,106,-5.1,21.29,16.13,0,0,0,0,0,,0,0,,0,0,0,0,0,0,22,4,10.47,48,0.15,0.16,0,-0.16,,0.16
Marcelo Expósito,Burgos,La Liga 2,2026/2027,213,2.36,5,Right Defensive Midfielder,Right Centre Back,Man,Spain,24,14/02/03,181,0,0,0,,0,,,0,,0,0,0,0,0,0,0,0,0,0,0,0,0,0,0.42,0.42,0,100,0.42,0,1.69,0.85,0.85,0.72,3.81,3.39,12.7,6.77,0.03,5.5,30.4,11.01,2.12,1.69,2.54,80,1.66,2.39,1.69,50,0.42,50,1.27,0,9.31,6.31,2.96,0.85,0.42,34.48,2.12,23,0.85,100,0,0,0,51.22,90,2.96,8,70,5.08,2.96,11,79,-11,38.43,2.12,0.21,0.21,42.33,95,4.67,3.39,0.42,0.42,0,0,0,0.42,0,0,0,,0,24,62,14,50,50,0,18.81,19.33,0.96,85,0.52,18.15,16.34,0,0,0,0,0,,0,0,,0,0,0,0,0,0,12,3,2.03,24,-0.03,0.04,0.17,,,0.19
Stefan Golubovic,FC Andorra,La Liga 2,2026/2027,212,2.36,5,Left Centre Forward,Centre Forward,Man,Serbia,20,16/07/06,179,0,0,0.8,0.14,5.93,0,29,10,,0.38,0,0.1,1.7,0,0.1,1.7,0,0,0,0,0.9,7.63,-0.9,0.85,0.42,0.42,50,0.85,0,1.7,3.39,0,0,0,0,18.23,7.21,0.07,5.93,66.64,4.24,3.39,0,0,,0,0,2.12,,0,43,2.54,0,16.11,23.97,5.51,4.66,1.27,67.86,12.29,76,3.39,73,0.85,0,0,14.41,87,0.85,19,100,0,0.85,23,89,2,64.08,2.12,0.86,1.14,14.41,71,2.91,8.9,0.42,0.42,0,0.42,12.72,13.14,0.42,0,0,,0.85,0,74,26,0,76,24,12.68,12.12,1.06,108,-0.56,13.47,13.07,0,0,0,0,0,,0,0,,0,0,0,0,0,0,10,0,4.07,16,0,-0.07,0,-0.49,,-0.57
Aldrine Kibet,Celta de Vigo B,La Liga 2,2026/2027,211,2.35,5,Right Wing,Right Attacking Midfielder,Man,Kenya,19,12/06/07,,0,0,0.36,0.17,2.13,0,60,4,,0.26,0.43,0.07,1.28,0.43,0.07,1.28,0,0,0,0.43,0.43,3.41,0,3.41,1.7,1.7,50,0.85,0,2.56,3.41,0,0,0.43,0.38,28.53,15.76,0.04,5.11,52.85,6.81,3.83,2.56,2.56,86,1.82,1.82,2.56,50,0.43,17,0.43,0,23.42,18.52,4.26,3.41,1.28,53.31,11.92,51,1.7,50,0,0,0,20.87,74,0.85,25,100,1.28,0,26,77,3,54.87,3.83,0.25,0.53,25.98,80,5.97,6.81,0.43,0.43,0,0.43,5.96,6.39,0,0,0,0,0.85,10,82,8,19,75,6,16.69,19.97,1.12,121,3.28,18.77,24.14,0,0,0,0,0,,0,0,,0,0,0,0,0,0,24,6,3.36,29,0.07,0.14,0.06,0.01,,0.27
Iván Chapela,Tenerife,La Liga 2,2026/2027,210,2.33,5,Centre Attacking Midfielder,Left Midfielder,Man,Spain,28,20/05/99,181,0.43,0.43,0.2,0.23,0.86,50,50,1,,0.4,0,0.03,0.86,0,0.02,0.43,0,0.01,0.43,0.43,0.23,1.72,0.2,2.58,1.29,1.29,50,2.58,0,3.44,3.44,0.43,0.17,0.43,0.17,24.9,12.02,0,6.01,48.56,7.73,4.72,2.58,3.01,67,1.48,1.65,0.86,25,1.29,40,0.86,0,21.47,11.86,5.15,3.86,2.58,49.42,10.31,48,3.01,78,0.43,0,0,29.2,74,2.58,10,75,0.43,3.44,18,69,-5,60.45,2.58,0.2,0.41,32.2,83,6.6,6.87,0.43,0,0.43,0,1.72,1.72,0.43,0,0,0,0,19,64,16,19,69,13,16.96,11.5,0.97,84,-5.46,16.53,9.62,0,0,0,0,0,,0,0,,0,0,0,0,0,0,25,4,4.59,44,-0.08,0.03,0.07,0.3,,0.33
Roberto López,CD Eldense,La Liga 2,2026/2027,206,2.29,4,Centre Attacking Midfielder,Left Centre Forward,Man,Spain,27,23/04/00,179,0,0,0.22,0.04,4.8,0,27,5,,0.26,0,0.12,1.31,0,0.04,0.44,0,0.08,0.87,0,0.34,6.11,-0.34,1.31,0.87,0.44,67,1.75,0,1.31,1.75,0,0,0.44,0.47,14.85,6.55,0,3.93,59.32,6.55,3.49,1.75,1.75,80,2.05,2.05,0.87,50,0.44,50,0.44,0,12.23,14.33,3.49,1.75,0.44,60.87,8.3,68,1.31,75,0,0,0,38.87,67,3.93,78,47,1.75,6.99,26,71,4,57.19,3.93,0.2,0.4,38.43,93,5.38,10.05,1.75,0.87,0.87,0,3.49,4.37,0,25,0.44,25,0,22,68,9,26,70,4,20.16,18.28,0.9,116,-1.88,18.16,21.16,0,0,0,0,0,,0,0,,0,0,0,0,0,0,29,7,7.29,42,0.01,0.02,0.02,-0.04,,0
Javier Olaizola,CD Eldense,La Liga 2,2026/2027,205,2.28,2,Left Centre Back,,Man,Spain,20,14/03/07,185,0,0,0,,0,,,0,,0,0,0.1,0.88,0,0.1,0.88,0,0,0,0,0.1,0.88,-0.1,0,0,0,,0,0,1.32,0,0.88,0.61,2.2,1.62,11.86,6.59,0.04,8.35,23.5,5.27,0.88,2.2,3.08,100,1.7,2.31,0,,0,0,0,0,9.67,7.67,6.15,0.44,0.44,23.27,0.44,5,0,0,0,0,0,35.15,91,3.51,78,73,3.08,3.95,10,89,-2,40.7,2.2,0.15,0.15,30.31,96,6.61,3.08,0.88,0.88,0,0.44,0.44,1.32,0,0,0,0,0.44,19,75,6,29,71,0,19,24.33,0.97,82,5.32,18.39,19.97,0,0,0,0,0,,0,0,,0,0,0,0,0,0,16,9,2.72,19,0.14,0.06,0.06,,,0.26
Javi Martínez,CD Eldense,La Liga 2,2026/2027,204,2.27,6,Centre Attacking Midfielder,Left Defensive Midfielder,Man,Spain,27,21/12/99,181,0.44,0.44,0.49,0.1,4.85,9,36,7,,0.35,0,0,0,0,0,0,0,0,0,0.44,0.49,4.85,-0.05,0.88,0.88,0,100,3.97,0,2.21,2.65,0.44,0.39,0,0,18.97,7.5,0,1.32,60.34,5.74,2.21,0.88,1.32,100,0.87,1.26,1.76,,0,25,0.44,0,16.32,13.38,1.32,3.09,0.88,60.59,10.15,62,3.09,100,0,0,0,27.8,78,2.65,9,75,0.88,2.65,18,75,-3,54.07,4.41,0.35,0.57,31.77,89,6.03,7.06,0.44,0.44,0,0,8.38,8.82,0,0,0,0,0.44,17,69,14,19,50,31,21.1,21.97,0.98,90,0.87,20.57,19.7,0,0,0,0,0,,0,0,,0,0,0,0,0,0,17,3,1.63,13,0.24,0.05,0.01,-0.02,,0.28
Iñaki Rupérez,Real Sociedad B,La Liga 2,2026/2027,202,2.24,3,Right Back,,Man,Spain,24,06/01/03,177,0.45,0.45,0.07,0.05,1.34,33,33,2,,0.07,0.45,0.19,0.89,0.45,0.19,0.89,0,0,0,0.89,0.26,2.23,0.63,0.89,0.45,0.45,50,0.45,0,1.34,1.79,0.89,0.65,3.57,1.86,19.65,9.38,0.03,4.02,36.88,10.27,3.57,2.68,3.57,86,1.52,2.16,2.68,75,0.45,33,1.34,0,14.29,7.45,3.13,2.23,0,44.11,4.47,31,0.89,40,0.45,0,0,24.56,64,1.34,6,20,5.36,4.91,13,44,-19,46,2.23,0.1,0.36,21.88,86,4.5,2.23,1.34,0.89,0.45,0,0.89,1.79,0,33,0.45,33,0,33,57,10,20,80,0,24.53,26.09,0.76,57,1.55,18.75,14.93,0,0,0,0,0,,0,0,,0,0,0,0,0,0,46,16,3.04,25,0.12,0.05,0,0.03,,0.2
Lautaro de León,FC Andorra,La Liga 2,2026/2027,201,2.24,4,Centre Attacking Midfielder,Right Wing,Man,Uruguay,26,08/02/01,185,0.45,0.45,0.22,0.16,1.34,33,33,1,,0.28,0,0.05,1.34,0,0.05,1.34,0,0,0,0.45,0.27,2.68,0.18,0.89,0,0.89,0,3.13,0,3.13,2.24,1.34,2.03,0.45,0.65,15.21,7.16,0.03,5.81,55.43,7.16,4.03,1.79,3.13,100,2.84,4.86,1.34,100,0,60,1.34,0,12.08,15.13,4.92,1.34,0.89,58.43,8.94,74,0.89,67,0.45,0,0,33.1,81,0.45,32,25,1.34,0.89,16,62,-19,64.09,5.81,0.21,0.39,35.33,86,5.21,16.55,0.89,0.89,0,0.45,6.71,7.6,0,0,0,0,1.34,13,75,13,8,70,22,15.64,14.44,0.95,115,-1.2,14.81,16.66,0,0,0,0,0,,0,0,,0,0,0,0,0,0,29,15,6.84,52,-0.11,0.06,0.12,0.05,,0.12
Marino Illescas,AD Ceuta FC,La Liga 2,2026/2027,200,2.22,3,Left Defensive Midfielder,Left Centre Midfielder,Man,Spain,26,08/01/01,176,0,0,0.14,0.08,1.8,0,0,1,,0,0,0.1,2.25,0,0.04,1.35,0,0.06,0.9,0,0.24,4.05,-0.24,1.35,1.35,0,100,4.5,0,3.15,2.7,0.9,1.27,2.7,2.33,26.07,14.39,0,5.84,44.79,4.5,1.8,2.7,3.6,86,2.65,3.92,2.7,75,0.45,60,1.35,0,20.68,15.39,4.95,4.5,0.9,47.03,8.99,43,1.8,40,0,0,0,46.3,84,8.09,4,67,3.15,11.69,12,81,-3,46.74,6.74,0.44,0.46,52.15,91,6.28,10.79,3.6,1.8,1.8,0,1.8,3.6,0,0,0,0,0,28,65,7,33,63,4,23.47,15.07,0.96,107,-8.4,22.56,16.13,0,0,0,0,0,,0,0,,0,0,0,0,0,0,20,10,9.8,57,0.07,0.03,-0.01,-0.16,,-0.07
Arnau Martinez,Girona,La Liga 2,2026/2027,200,2.22,2,Right Back,,Man,Spain,24,24/04/03,182,0,0,0.06,0.04,1.35,0,0,1,,0,0.45,0.11,2.25,0.45,0.1,1.8,0,0.01,0.45,0.45,0.17,3.6,0.28,0.9,0.9,0,100,0.45,0,0.9,0,0.45,0.55,1.35,1.89,4.05,2.25,0,0.9,29.19,12.15,5.85,1.35,1.8,100,1.89,2.44,0.45,,0,50,1.35,0,2.25,3.22,0.45,0.9,0.45,40.28,0.45,20,0,0,0,0,0,51.29,87,5.4,14,63,2.25,7.65,9,92,5,51.96,8.1,0.63,0.64,45.44,98,4.62,17.55,2.25,1.35,0.9,0.9,3.6,4.95,0,20,0.9,33,0.9,25,61,14,33,44,23,21.16,20.49,0.91,103,-0.67,19.31,21.06,0,0,0,0,0,,0,0,,0,0,0,0,0,0,24,13,5.31,28,0.14,0.14,0.07,-0.02,,0.34
Pedro López,AD Ceuta FC,La Liga 2,2026/2027,200,2.22,2,Goalkeeper,,Man,Spain,32,20/01/95,189,0,0,0,,0,,,0,,0,0,0,0,0,0,0,0,0,0,0,0,0,0,0,0,0,,0.45,0,0,0,0,0,0.45,0.46,0.45,0.9,0,7.65,3.88,3.6,0,0,0,0,0,0,0,0,0.45,,0,0,0.45,0.41,0.45,0,0,18.61,0,0,0,,0,0,0,24.76,65,6.75,9,38,3.6,14.4,20,60,-5,13.52,1.8,0,0,21.61,100,4.61,0.45,0,0,0,0,0,0,0,,0,,0,52,48,0,100,0,0,40.79,43.1,0.74,67,2.31,30.33,28.98,1.8,1.16,-0.64,43,63,-20,1.47,3.15,32,9.9,2.5,0,0,17.94,-2,33,1,3.06,19,0.09,0.08,0,,-0.7,-0.54
Andrés Antañón,Celta de Vigo B,La Liga 2,2026/2027,199,2.21,3,Left Defensive Midfielder,Right Attacking Midfielder,Man,Spain,20,21/01/07,183,0.45,0.45,0.05,0.05,0.91,50,100,1,,0.58,0,0,0,0,0,0,0,0,0,0.45,0.05,0.91,0.41,0.91,0.45,0.45,50,0.91,0,2.27,1.81,2.27,1.14,0,0,22.2,12.23,0,8.61,45.35,8.16,3.17,1.81,4.08,80,1.32,2.46,0.91,0,0.45,0,0,0,19.48,12.16,7.25,6.34,2.72,47,9.52,49,4.53,71,0,0,0,35.34,78,2.72,25,55,0,4.98,13,82,4,47.46,3.17,0.16,0.19,34.44,91,6.02,5.89,0.91,0.91,0,0,0.45,1.36,0,0,0,0,0,21,62,17,31,62,8,20.22,15.28,0.92,98,-4.94,18.68,15.04,0,0,0,0,0,,0,0,,0,0,0,0,0,0,15,6,1.9,22,-0.1,0.09,0.07,0.35,,0.41
Chumi,Almería,La Liga 2,2026/2027,199,2.21,2,Right Centre Back,,Man,Spain,28,01/03/99,185,0,0,0,,0,,,0,,0,0,0,0,0,0,0,0,0,0,0,0,0,0,0,0,0,,0,0,0,0,0,0,2.72,2.64,4.08,0.45,0.03,2.72,18.33,4.53,0.45,1.36,1.36,100,1.43,1.43,0,100,0,100,0.45,0,2.72,2.64,1.81,0.45,0,26.79,0.45,17,0,0,0,0,0,46.23,86,2.27,20,42,4.53,3.63,20,81,-5,32.81,0.45,0.32,0.32,39.43,100,4.51,0.45,0,0,0,0,0,0,0,,0,,0,21,70,9,0,100,0,21.61,25.77,0.89,84,4.16,19.15,21.77,0,0,0,0,0,,0,0,,0,0,0,0,0,0,16,5,2.9,22,-0.05,0.03,0.05,,,0.03
Ángel Baena,CE Sabadell FC,La Liga 2,2026/2027,198,2.2,4,Right Centre Midfielder,Left Centre Forward,Man,Spain,26,12/10/00,175,0.45,0.45,0.18,0.08,2.27,20,40,4,,0.46,0,0.05,0.45,0,0.05,0.45,0,0,0,0.45,0.23,2.72,0.22,4.99,2.27,2.72,45,2.27,0,3.18,4.99,0.45,0.26,0.91,0.72,14.98,5.45,0,6.35,58.56,5.9,4.08,0.91,1.36,100,0.65,0.91,1.36,,0,33,0.45,0,12.71,10.7,4.99,2.72,1.36,64.96,9.08,71,2.72,100,0,0,0,22.24,62,1.82,3,44,1.36,3.63,19,50,-12,63.69,0.45,0.26,0.33,29.95,76,4.76,7.72,0.45,0.45,0,0.45,3.63,4.08,0,0,0.45,17,0.45,29,52,19,29,41,29,21.98,17.28,0.88,55,-4.71,19.4,9.58,0,0,0,0,0,,0,0,,0,0,0,0,0,0,35,8,2.22,13,0.03,0.01,0,0.25,,0.28
Noel López,Tenerife,La Liga 2,2026/2027,197,2.19,4,Left Wing,Right Wing,Man,Spain,24,16/03/03,182,0,0,0.13,0.07,1.83,0,25,2,,0,0,0.03,0.92,0,0.03,0.92,0,0,0,0,0.16,2.75,-0.16,2.75,1.37,1.37,50,1.37,0,4.12,3.2,0.92,0.42,0,0,30.2,17.39,0,6.41,53.47,4.58,2.75,1.83,2.75,80,0.78,1.2,0.92,0,0.46,100,1.83,0,27.46,14.13,6.41,4.58,0,54.67,17.39,63,4.12,90,0,0,0,24.25,73,0.46,19,50,0,0.92,27,60,-13,65.24,4.58,0.06,0.18,31.12,81,8.3,10.52,1.83,1.83,0,0,3.2,5.03,0,75,1.83,50,0,13,71,16,13,78,9,14.93,13.23,1,102,-1.7,14.94,13.53,0,0,0,0,0,,0,0,,0,0,0,0,0,0,33,13,2.47,20,0.1,0.11,0.03,-0.07,,0.16
San Bartolomé,Albacete,La Liga 2,2026/2027,197,2.18,2,Left Defensive Midfielder,Centre Attacking Midfielder,Man,Spain,27,25/10/99,186,0.46,0.46,0.15,0.11,1.37,33,67,2,,0.28,0,0.17,1.37,0,0.17,1.37,0,0,0,0.46,0.33,2.75,0.13,0.46,0.46,0,100,1.37,0,1.37,0.92,1.37,2.22,0.46,0.74,18.31,10.07,0.08,5.04,52.51,10.99,6.87,0.92,2.29,50,0.92,3.14,2.29,67,0.92,67,0.92,0,15.11,12.66,4.12,4.12,1.83,56.71,9.15,61,2.29,56,0.46,0,0,25.63,77,2.75,7,86,0.46,3.2,16,67,-11,54.24,3.66,0.55,0.74,23.34,90,3.87,6.87,1.37,1.37,0,0,1.83,3.2,0,0,0,,0,16,75,9,20,67,13,18.82,14.55,1.1,131,-4.26,20.65,19.13,0,0,0,0,0,,0,0,,0,0,0,0,0,0,18,5,5.36,36,0.09,0.05,0.12,-0.01,,0.24
Adrián Lapeña,AD Ceuta FC,La Liga 2,2026/2027,196,2.18,2,Left Centre Back,,Man,Spain,31,15/04/96,181,0,0,0.04,0.04,0.92,0,100,0,,0.26,0,0,0.46,0,0,0.46,0,0,0,0,0.04,1.38,-0.04,0,0,0,,1.38,0,0,0,1.38,1.4,4.6,4.49,12.41,8.73,0.05,7.81,30.89,5.52,1.38,0.46,1.84,33,0.5,1.9,2.3,0,0.92,80,1.84,0.46,9.65,9.38,5.52,1.38,1.38,35.71,3.68,38,0.92,67,0.46,0,0,44.59,89,6.44,23,78,6.44,6.44,14,67,-22,29.04,1.38,0.12,0.13,37.24,100,5.94,1.38,0,0,0,0,1.84,1.84,0,,0,,0,15,81,4,0,100,0,22.47,26.18,0.97,94,3.71,21.7,24.7,0,0,0,0,0,,0,0,,0,0,0,0,0,0,11,5,1.43,11,0,0.03,-0.05,0.06,,0.04
Carlos Albarrán,Córdoba CF,La Liga 2,2026/2027,195,2.17,5,Left Back,Right Back,Man,Spain,33,14/01/94,187,0,0,0,,0,,,0,,0,0,0,0,0,0,0,0,0,0,0,0,0,0,0.46,0,0.46,0,0.46,0,0.92,0.92,0.46,0.68,2.31,3.23,13.84,4.61,0,6,44.49,6,0.92,1.85,2.31,100,2.94,3.63,1.38,,0,80,1.85,0,10.61,15.6,4.61,3.23,1.38,47.07,5.54,52,2.77,86,0,0,0,20.77,74,3.23,11,54,2.77,5.54,13,33,-40,49.01,5.08,0.16,0.16,16.15,91,7.81,4.15,0,0,0,0,0.46,0.46,0,,0,0,0,43,51,6,22,67,11,21.32,14.05,0.94,65,-7.28,20.1,9.19,0,0,0,0,0,,0,0,,0,0,0,0,0,0,31,19,3.18,23,0.04,0.02,0.02,,,0.09
Gastón Valles,CE Sabadell FC,La Liga 2,2026/2027,192,2.14,4,Right Centre Forward,Centre Forward,Man,Uruguay,26,09/05/01,192,0.47,0.47,0.14,0.1,1.4,33,67,1,,0.25,0,0,0,0,0,0,0,0,0,0.47,0.14,1.4,0.33,0.47,0,0.47,0,0.47,0,1.4,4.68,0,0,0,0,27.15,12.17,0,6.08,64.87,3.74,2.34,0,0,0,0,0,2.34,0,0.94,20,1.4,0,24.81,17.78,5.62,3.28,0.94,65.06,19.66,79,3.28,100,0.47,0,0,16.85,67,0,21,,0,0,17,83,17,65.06,0,0.12,0.14,14.51,65,2.81,5.62,0,0,0,0.47,6.08,6.08,0,,0.47,33,0.94,19,56,25,17,50,33,14.2,16.44,0.98,111,2.24,13.88,18.32,0,0,0,0,0,,0,0,,0,0,0,0,0,0,39,8,1.03,14,-0.01,-0.17,0.01,0.23,,0.06
Léo Baptistão,Almería,La Liga 2,2026/2027,190,2.11,5,Right Wing,Centre Attacking Midfielder,Man,Brazil,34,25/08/92,183,0.47,0.47,0.2,0.06,3.31,14,43,5,0,0.27,0.47,0.08,0.95,0.47,0.08,0.95,0,0,0,0.95,0.27,4.26,0.67,1.42,0.95,0.47,67,1.42,0,3.79,0.95,0,0,0,0,8.52,4.26,0,0.95,62.96,5.68,2.84,0,0,0,0,0,0.95,0,0.47,56,2.37,0,7.57,8.97,0.95,0.95,0.47,61.65,6.15,81,0.95,100,0,0,0,27.92,80,2.37,17,83,0.47,2.37,25,53,-27,58.59,2.84,0.24,0.32,28.39,83,4.66,9.46,0.47,0.47,0,0,6.62,7.1,0,0,0,,0,8,77,15,15,70,15,17.76,14.48,1.06,100,-3.28,18.86,14.53,0,0,0,0,0,,0,0,,0,0,0,0,0,0,33,13,4.21,22,-0.07,0.09,0,-0.13,,-0.11
Oier Luengo,Burgos,La Liga 2,2026/2027,190,2.11,3,Right Centre Back,,Man,Spain,29,10/11/97,185,0,0,0.01,0.02,0.47,0,0,0,,0,0,0,0,0,0,0,0,0,0,0,0.01,0.47,-0.01,0,0,0,,1.42,0,0.47,0,0.47,0.43,6.63,5.46,14.68,7.1,0.04,6.63,23.26,6.16,1.42,2.84,3.32,86,2.45,2.88,2.37,0,0.47,67,2.84,0,9.47,5.45,4.26,2.37,0.95,25.71,0.95,10,0.47,20,0.95,0,0,46.42,90,5.21,28,73,8.05,5.68,13,92,2,32.22,0.95,0.2,0.2,42.15,99,4.78,0.95,0,0,0,0,0.95,0.95,0,,0,,0,18,75,7,50,50,0,20.91,19.37,0.93,100,-1.54,19.38,19.41,0,0,0,0,0,,0,0,,0,0,0,0,0,0,14,7,1.94,26,0.01,0.04,0.18,-0.02,,0.21
Cristian Gutiérrez,Cádiz,La Liga 2,2026/2027,188,2.09,3,Left Back,,Man,Spain,26,29/11/00,173,0,0,0,,0,,,0,,0,0,0,0,0,0,0,0,0,0,0,0,0,0,0.48,0.48,0,100,0.96,0,0.96,0.48,0.48,0.31,3.83,2.73,14.34,8.13,0,6.22,34.66,5.26,1.43,1.91,2.39,80,1.59,1.9,0,50,0.48,100,0.48,0,12.43,10.7,5.74,2.87,1.91,44.89,5.74,46,2.39,83,0,0,0,33.47,71,2.87,92,55,4.78,4.3,10,11,-60,45.59,2.39,0.09,0.09,30.6,97,4.04,4.3,0,0,0,0,1.91,1.91,0,,0.48,14,0,28,62,10,33,56,11,19.89,19.48,0.93,83,-0.41,18.45,16.13,0,0,0,0,0,,0,0,,0,0,0,0,0,0,28,11,1.82,26,-0.05,0.08,0.08,,,0.11
Andoni López,FC Andorra,La Liga 2,2026/2027,186,2.06,3,Left Back,Left Wing Back,Man,Spain,31,04/04/96,187,0,0,0.12,0.13,0.97,0,0,1,,0,0,0.07,0.97,0,0.01,0.48,0,0.06,0.48,0,0.19,1.94,-0.19,0.48,0.48,0,100,0.48,0,0.48,1.45,0.97,1.4,4.36,3.16,7.26,2.42,0.04,4.36,34.45,8.72,3.39,0,0.97,0,0,1.4,1.45,50,0.97,63,2.42,0,5.81,7.12,1.94,2.42,0.97,47.48,3.87,67,2.42,100,0,0,0,36.8,69,2.42,94,26,6.78,6.78,15,64,-4,53.87,6.78,0.35,0.36,28.57,97,4.06,10.17,0.48,0,0.48,0,0.97,0.97,0,0,0,0,0,35,57,7,29,62,10,23.11,24.3,0.8,75,1.19,18.59,18.24,0,0,0,0,0,,0,0,,0,0,0,0,0,0,31,8,4.36,34,0.19,0.06,0.05,-0.16,,0.14
Dilan Zárate,Cádiz,La Liga 2,2026/2027,186,2.06,4,Left Defensive Midfielder,Left Centre Midfielder,Man,Spain,19,31/07/07,180,0,0,0.04,0.03,1.45,0,67,2,,0.12,0,0.09,0.97,0,0.09,0.97,0,0,0,0,0.13,2.42,-0.13,0.97,0.97,0,100,1.94,0,0.48,0.97,0,0,0.97,0.99,18.42,6.3,0,6.79,48.93,9.21,4.85,1.94,1.94,100,2.3,2.3,1.45,,0,100,0.97,0,15.03,14.3,5.82,3.39,1.45,53.5,8.24,55,2.91,86,0.48,0,0,41.21,81,1.45,50,60,0.97,2.42,12,73,-9,50.44,5.33,0.24,0.26,38.3,97,5.67,8.24,0,0,0,0,0.48,0.48,0,,0,0,0,19,73,9,35,59,6,18.2,16.04,0.95,96,-2.16,17.24,15.44,0,0,0,0,0,,0,0,,0,0,0,0,0,0,20,7,5.04,36,-0.05,0.09,-0.05,0.05,,0.05
Rodrigo Ely,Almería,La Liga 2,2026/2027,185,2.05,2,Right Centre Back,,Man,Brazil,33,02/11/93,191,0,0,0,,0,,,0,,0,0,0,0,0,0,0,0,0,0,0,0,0,0,0,0,0,,0.49,0,0,0,1.46,1.63,3.9,3.87,10.24,3.9,0.12,4.88,19.66,9.75,1.46,1.95,3.41,100,1.58,3.2,0.98,,0,50,1.46,0,7.31,7.43,3.41,0.98,0.49,28.01,0.98,13,0.49,50,0.49,0,0,53.15,89,6.83,15,74,4.88,8.29,12,93,3,31.69,0.49,0.14,0.14,40.96,100,4.53,0.49,0,0,0,0,0,0,0,,0,,0,27,70,4,0,100,0,22.53,18.67,0.94,107,-3.86,21.22,20.03,0,0,0,0,0,,0,0,,0,0,0,0,0,0,27,17,2.68,27,-0.01,0.02,0.14,,,0.16
Alex Balboa,Real Valladolid,La Liga 2,2026/2027,184,2.05,5,Right Defensive Midfielder,Left Defensive Midfielder,Man,Equatorial Guinea,26,05/03/01,181,0,0,0.06,0.03,1.95,0,0,3,,0,0,0,0,0,0,0,0,0,0,0,0.06,1.95,-0.06,0,0,0,,3.42,0,1.47,0.98,0.49,0.66,0.49,0.66,21.49,15.14,0,4.4,41.4,11.23,6.84,1.47,1.95,75,1.5,2.16,3.91,75,0.49,60,1.47,0,16.12,17.42,3.91,2.93,0.49,40.98,4.4,27,0.98,33,0.49,0.49,0,32.73,79,2.44,4,50,2.44,2.93,21,60,-19,50.3,4.4,0.12,0.14,27.35,93,4.81,7.82,0,0,0,0,0,0,0,,0,0,0,16,76,9,6,88,6,21.07,19.57,0.92,95,-1.49,19.33,18.51,0,0,0,0,0,,0,0,,0,0,0,0,0,0,17,3,2.98,26,-0.02,0.11,-0.05,-0.07,,-0.04
Mateo Sabajanes,Celta de Vigo B,La Liga 2,2026/2027,181,2.01,3,Right Defensive Midfielder,Centre Defensive Midfielder,Man,Spain,18,12/01/09,,0,0,0.11,0.06,1.99,0,0,2,,0,0,0,0,0,0,0,0,0,0,0,0.11,1.99,-0.11,0.5,0,0.5,0,1.99,0,0,0.5,0.5,0.54,0.5,0.54,18.86,8.44,0.03,5.46,41.8,9.43,3.97,0.99,1.49,33,1.37,1.91,2.48,25,1.99,50,0.99,0,15.39,19.24,3.47,4.96,1.99,45.17,6.95,45,2.98,60,0,0,0,42.69,80,2.48,11,31,0.99,7.45,16,63,-17,50.37,3.97,0.35,0.37,33.75,99,3.88,5.96,0,0,0,0,0.99,0.99,0,,0,0,0,17,73,10,8,92,0,21.57,16.71,0.87,81,-4.85,18.79,13.56,0,0,0,0,0,,0,0,,0,0,0,0,0,0,25,9,6.5,38,-0.09,0.07,0.01,-0.02,,-0.03
Matías López,CD Castellón,La Liga 2,2026/2027,180,2.01,3,Left Defensive Midfielder,,Man,Colombia,19,30/11/07,178,0.5,0.5,0.21,0.08,2.49,20,80,2,,0.54,0,0.23,1,0,0.23,1,0,0,0,0.5,0.43,3.49,0.06,1.99,1.5,0.5,75,1.5,0,1.99,1.5,1,1.56,0.5,0.81,14.46,5.49,0,4.99,54.55,10.47,4.99,1.99,2.99,100,3.17,4.72,1,100,0,50,1,0,11.47,17.93,4.49,3.99,2.99,52.1,6.98,61,1.99,50,0.5,0,0,55.86,90,3.99,7,80,1,4.49,11,83,-7,54.85,5.98,1.54,1.63,47.88,94,5.09,17.45,1.5,1.5,0,1,4.99,6.48,0,67,1.5,100,1,12,78,11,9,86,6,18.77,13.87,0.98,103,-4.91,18.44,14.27,0,0,0,0,0,,0,0,,0,0,0,0,0,0,13,4,10.22,51,0.43,0.08,0.03,0.19,,0.74
Aritz Aldasoro,Real Oviedo,La Liga 2,2026/2027,179,1.99,4,Centre Attacking Midfielder,Left Defensive Midfielder,Man,Spain,27,04/06/99,176,0,0,0.02,0.02,1,0,0,1,,0,0,0.02,1,0,0.02,1,0,0,0,0,0.04,2.01,-0.04,1.51,1,0.5,67,2.01,0,0.5,1.51,3.01,4.06,1,1.19,20.08,11.05,0,6.03,45.74,12.55,5.02,3.01,6.03,86,3.81,7.86,3.01,67,0.5,50,1.51,0,14.06,15.12,4.02,2.51,1,45.15,6.53,46,2.01,80,0,0,0.5,42.68,73,1.51,22,43,2.51,2.01,22,61,-12,51.93,5.02,0.32,0.34,35.15,94,4.12,10.04,1,0.5,0.5,0,0.5,1,0,0,0,,0,31,62,7,25,75,0,17.84,19.96,0.92,89,2.13,16.46,17.68,0,0,0,0,0,,0,0,,0,0,0,0,0,0,27,9,5.17,37,0.06,0.11,0.04,-0.02,,0.19
Víctor Mollejo,Burgos,La Liga 2,2026/2027,177,1.96,6,Left Wing,Centre Attacking Midfielder,Man,Spain,26,20/01/01,177,0,0,0.19,0.09,2.04,0,25,4,,0.07,0.51,0.14,1.02,0.51,0.14,1.02,0,0,0,0.51,0.33,3.06,0.18,1.02,1.02,0,100,4.58,0,0,1.53,0,0,1.53,1.53,16.81,5.6,0.04,5.6,51.38,3.06,2.04,2.04,2.04,80,1.98,1.98,2.55,100,0.51,46,3.06,0,12.23,10.5,4.08,1.53,1.53,58.8,8.66,71,1.53,100,0.51,0,0,28.02,64,1.02,89,33,1.53,3.06,14,75,11,57.96,3.57,0.3,0.57,25.47,94,4.23,8.66,1.02,1.02,0,0.51,6.11,7.13,0.51,50,1.02,33,0.51,16,70,14,35,53,12,19.43,17.14,0.88,112,-2.29,17.12,19.15,0,0,0,0,0,,0,0,,0,0,0,0,0,0,30,4,4.69,38,0.15,0,0.14,-0.01,,0.28
Donny van de Beek,Girona,La Liga 2,2026/2027,175,1.95,4,Centre Attacking Midfielder,Left Midfielder,Man,Netherlands,30,17/04/97,184,0.51,0.51,0.13,0.26,0.51,100,100,1,,0.49,0,0.02,0.51,0,0.02,0.51,0,0,0,0.51,0.16,1.03,0.35,0,0,0,,1.03,0,1.54,0,0,0,0,0,15.9,7.18,0,3.59,55.87,5.13,1.54,1.03,1.03,50,1.05,1.05,0.51,0,1.03,0,0,0,14.36,13.49,3.08,4.1,0.51,56.95,9.74,68,2.05,50,0,0,0,30.77,84,2.56,15,63,1.03,3.08,17,73,-11,47.71,3.08,0.44,0.58,27.69,96,2.93,7.69,0,0,0,1.03,4.1,4.1,0,,0,0,0.51,14,68,17,20,73,7,17.78,18.36,0.99,121,0.58,17.61,22.19,0,0,0,0,0,,0,0,,0,0,0,0,0,0,14,8,4.82,28,-0.11,0.05,0.03,0.39,,0.35
Javi Ontiveros,Cádiz,La Liga 2,2026/2027,174,1.94,3,Left Wing,,Man,Spain,29,08/09/97,175,0,0,0.03,0.03,1.03,0,0,2,,0,0,0.04,1.03,0,0.04,1.03,0,0,0,0,0.07,2.07,-0.07,1.55,0.52,1.03,33,4.65,0,1.03,2.07,0,0,0.52,0.64,17.55,6.2,0,6.71,45.69,4.13,3.61,2.07,2.07,44,2.24,2.24,2.58,17,2.58,25,0.52,0,12.91,13.69,5.16,5.16,2.07,46.87,5.68,44,1.55,30,0,0,0,32.01,72,3.61,4,64,1.55,4.65,24,67,-5,60.17,3.61,0.19,0.24,34.08,92,4.23,9.29,3.61,1.55,2.07,0,0.52,2.07,0,0,0,0,0,23,63,15,44,44,11,21.2,18.43,0.93,115,-2.77,19.76,21.22,0,0,0,0,0,,0,0,,0,0,0,0,0,0,25,8,3.98,44,0.08,0.05,0,-0.04,,0.08
Rubén Peña,Leganés,La Liga 2,2026/2027,174,1.93,4,Left Wing Back,Left Midfielder,Man,Spain,35,17/07/91,170,0,0,0,,0,,,0,,0,0,0.06,1.04,0,0.04,0.52,0,0.03,0.52,0,0.06,1.04,-0.06,0.52,0,0.52,0,1.55,0,0.52,1.04,1.04,1.15,3.11,2.07,24.34,12.94,0.03,6.73,34.61,6.21,4.14,3.62,4.66,100,3.41,4.56,1.55,100,0,43,1.55,0,19.16,17.59,5.7,2.59,1.04,36.79,4.14,22,1.04,40,0,0,0,25.37,73,1.04,24,50,3.11,2.07,16,70,-3,53.31,4.66,0.16,0.2,20.19,92,5.72,5.7,1.55,0.52,1.04,0,2.07,2.59,0,0,0.52,50,0,25,56,19,27,45,27,16.48,12.19,0.97,110,-4.29,15.92,13.36,0,0,0,0,0,,0,0,,0,0,0,0,0,0,36,8,3,42,0.04,0.04,-0.01,,,0.07
Álex Petxarroman,AD Ceuta FC,La Liga 2,2026/2027,170,1.89,2,Right Back,,Man,Spain,30,05/02/97,180,0,0,0.07,0.07,1.06,0,50,2,,0.04,0,0,0,0,0,0,0,0,0,0,0.07,1.06,-0.07,0.53,0,0.53,0,1.06,0,1.58,1.58,1.58,1.42,2.11,1.93,17.96,6.87,0.04,4.22,34.34,14.26,7.39,1.58,3.17,50,1.39,2.81,0.53,0,1.58,67,1.06,0,15.84,14.16,3.7,3.17,1.58,39.24,4.75,30,1.06,33,0,0,0,35.91,83,1.06,19,40,2.64,2.11,15,92,8,49.6,3.7,0.11,0.11,31.69,92,4.32,6.87,0,0,0,0,1.58,1.58,0,,0,,0,28,58,14,46,46,8,18.16,20.5,0.94,88,2.35,16.98,18.13,0,0,0,0,0,,0,0,,0,0,0,0,0,0,19,4,2.27,17,0.08,0.05,0.25,-0.01,,0.38
Álvaro Tejero,Leganés,La Liga 2,2026/2027,168,1.87,2,Left Wing Back,Left Back,Man,Spain,30,19/07/96,174,0,0,0,0,0.53,0,0,1,,0,0,0.01,0.53,0,0,0,0,0.01,0.53,0,0.02,1.07,-0.02,0,0,0,,1.07,0,0,1.6,1.6,0.4,4.81,1.23,18.71,12.29,0,6.95,27.89,4.81,1.07,0.53,2.14,33,0.15,0.54,1.6,0,1.07,25,1.07,0,16.57,4.11,5.88,1.6,0.53,31.08,3.74,23,1.6,100,0,0,0,23.52,74,1.07,10,22,5.88,3.74,19,82,8,53.44,1.6,0.03,0.03,20.85,95,4.88,6.95,0,0,0,0,0,0,0,,0,,0,29,59,12,0,69,31,20.68,14.31,0.79,91,-6.37,16.36,13.01,0,0,0,0,0,,0,0,,0,0,0,0,0,0,24,3,1.28,24,0.05,0.04,0.11,-0.01,,0.19
Eneko Aguilar,CE Sabadell FC,La Liga 2,2026/2027,168,1.87,7,Left Wing Back,Left Back,Man,Spain,27,20/04/00,178,0,0,0.06,0.04,1.61,0,0,2,,0,0,0.15,2.14,0,0.08,1.61,0,0.07,0.54,0,0.21,3.75,-0.21,0,0,0,,0,0,1.07,0.54,1.07,0.77,1.07,0.61,13.92,6.96,0,4.82,43.2,10.71,4.28,4.28,5.35,89,3.08,3.84,1.07,80,0.54,50,1.61,0,9.64,7.18,3.75,2.68,1.61,46.43,4.28,44,1.07,40,0,0,0,31.05,55,2.14,73,29,1.61,6.96,16,55,-1,59.25,3.75,0.27,0.27,17.66,91,3.27,8.03,1.07,0.54,0.54,1.61,4.82,5.35,0,0,0.54,20,1.07,33,58,9,40,60,0,22.04,17.48,0.84,99,-4.56,18.47,17.31,0,0,0,0,0,,0,0,,0,0,0,0,0,0,39,9,5.83,33,0.1,0,0.01,-0.08,,0.03
Sandro Ramírez,Las Palmas,La Liga 2,2026/2027,165,1.83,6,Right Wing,Right Midfielder,Man,Spain,31,08/07/95,175,0.55,0.55,0.17,0.08,2.18,25,50,0,,0.43,0,0.03,0.55,0,0,0,0,0.03,0.55,0.55,0.2,2.73,0.35,1.09,0.55,0.55,50,2.73,0,1.64,2.73,0.55,0.84,1.64,1.53,15.81,5.45,0,5.45,44.23,5.45,4.36,2.18,2.73,80,2.38,3.22,0.55,0,0.55,38,1.64,0,13.08,14.97,3.27,2.18,1.09,48.55,4.91,38,1.09,50,0,0,0,27.25,62,1.64,7,30,1.64,5.45,32,64,1,63.71,1.64,0.2,0.2,26.16,85,4.41,10.9,1.64,0,1.64,0,2.18,2.18,0,33,0.55,13,0,12,74,14,20,65,15,20.48,13.14,0.76,85,-7.35,15.56,11.13,0,0,0,0,0,,0,0,,0,0,0,0,0,0,35,9,4.8,47,0.01,0.05,0.01,0.23,,0.3
Giorgi Gocholeishvili,Cádiz,La Liga 2,2026/2027,164,1.82,3,Right Back,Left Back,Man,Georgia,26,13/02/01,178,0,0,0.05,0.1,0.55,0,0,1,,0,0,0,0,0,0,0,0,0,0,0,0.05,0.55,-0.05,1.65,1.65,0,100,1.1,0,2.2,1.1,1.65,1.29,2.2,1.62,21.43,11.54,0,6.04,26.4,6.04,1.1,2.75,4.4,83,2.39,3.69,0.55,50,0.55,,0,0,18.13,15.07,4.95,1.65,0,27.42,1.65,9,0,0,0.55,0,0,24.73,85,3.85,17,100,2.75,3.3,15,78,-7,44.07,4.4,0.29,0.29,28.57,90,6.49,3.3,0.55,0.55,0,0,0.55,1.1,0.55,0,0.55,100,0,16,69,15,33,50,17,18.71,16.98,1.1,123,-1.74,20.52,20.83,0,0,0,0,0,,0,0,,0,0,0,0,0,0,28,15,6.1,52,0.08,0.08,0.05,-0.05,,0.17
Joaquín González,AD Ceuta FC,La Liga 2,2026/2027,163,1.81,4,Right Defensive Midfielder,Left Centre Midfielder,Man,Spain,26,13/10/00,185,0,0,0.04,0.04,1.1,0,0,1,,0,0,0.13,2.76,0,0.13,2.76,0,0,0,0,0.18,3.87,-0.18,1.66,1.66,0,100,2.21,0,0.55,1.1,1.66,1.95,2.21,3.8,19.89,11.6,0,6.08,43.73,11.6,3.31,2.21,3.87,67,2.91,4.86,2.21,0,1.1,100,1.1,0,15.47,15.71,2.76,4.97,1.1,45.76,6.63,43,3.87,78,0.55,0,0,43.64,89,3.87,10,88,2.21,4.42,12,80,-9,51.63,7.73,0.39,0.43,35.9,97,4.79,12.15,0,0,0,1.66,5.52,5.52,0,,0.55,100,1.66,28,69,4,41,59,0,18.34,15,1,105,-3.34,18.38,15.77,0,0,0,0,0,,0,0,,0,0,0,0,0,0,18,12,8.23,48,0.1,0.1,-0.09,-0.07,,0.04
Adrián Arnuncio,Real Valladolid,La Liga 2,2026/2027,163,1.81,3,Right Centre Forward,Left Wing,Man,Spain,20,03/03/07,185,0.55,0.55,0.8,0.36,2.21,25,50,9,,0.78,0.55,0.11,0.55,0.55,0.11,0.55,0,0,0,1.11,0.92,2.77,0.19,1.11,0.55,0.55,50,4.98,0,3.32,1.66,0.55,0.67,0.55,0.67,12.73,5.53,0,3.87,64.29,4.43,3.32,1.11,1.66,67,1.42,2.08,1.11,50,0.55,44,2.21,0,10.52,9.04,2.77,2.77,1.66,67.3,8.86,84,2.77,100,0,0,0,7.75,57,0,50,,0.55,0,36,40,-17,60.03,1.11,0.72,1.3,13.84,64,5.53,1.66,0,0,0,0,3.32,3.32,0,,0,0,0,21,64,14,0,67,33,12.89,11.35,1.25,190,-1.54,16.06,21.51,0,0,0,0,0,,0,0,,0,0,0,0,0,0,36,7,5.48,34,-0.12,0.04,0,0.24,,0.16
Victor Sánchez,Córdoba CF,La Liga 2,2026/2027,158,1.76,3,Centre Forward,Right Centre Forward,Man,Spain,25,20/05/02,190,0.57,0.57,0.51,0.15,3.42,17,50,12,,0.83,0,0,0,0,0,0,0,0,0,0.57,0.51,3.42,0.06,0.57,0,0.57,0,1.14,0,1.71,3.99,0,0,1.14,1.57,21.08,10.82,0,2.28,61.17,3.42,2.85,0.57,0.57,100,0.44,0.44,2.28,,0,67,2.28,0,18.23,16.79,2.28,2.28,0.57,63.34,14.24,78,1.71,75,0.57,0,0,8.54,63,0,18,,1.14,0,21,25,-38,59.31,0.57,0.52,0.8,11.96,48,7.19,2.28,0,0,0,0.57,10.25,10.25,0,,0,,0.57,21,53,26,0,50,50,15.58,19.07,1,144,3.49,15.6,27.44,0,0,0,0,0,,0,0,,0,0,0,0,0,0,37,11,2.51,14,-0.04,-0.1,-0.01,0.21,,0.06
Antonio Casas,Sporting Gijón,La Liga 2,2026/2027,158,1.75,4,Centre Forward,Left Centre Forward,Man,Spain,27,29/03/00,178,0.57,0.57,0.26,0.12,2.28,25,25,6,,0.48,0,0,0,0,0,0,0,0,0,0.57,0.26,2.28,0.31,0,0,0,,2.28,0,1.71,4.56,1.14,1.32,1.71,1.53,11.97,6.27,0,5.7,59.37,3.42,2.28,0.57,1.71,100,0.82,2.14,0,,0,75,3.42,0,11.4,11.85,5.13,1.71,1.14,67.64,9.69,85,1.14,67,0,0,0,17.1,61,0.57,10,50,1.71,1.14,30,60,-1,59.04,1.14,0.28,0.39,14.82,81,5.63,3.99,0.57,0,0.57,0,7.41,7.41,0,0,0,0,0.57,21,55,24,14,43,43,15.3,14.04,1.07,109,-1.26,16.32,15.34,0,0,0,0,0,,0,0,,0,0,0,0,0,0,42,9,1.82,12,-0.01,0,0.06,-0.2,,-0.15
Dani Bernabéu,Albacete,La Liga 2,2026/2027,158,1.75,5,Left Back,Left Midfielder,Man,Spain,20,14/01/07,175,0.57,0.57,0.06,0.06,1.14,50,50,1,,0.09,0,0.04,1.14,0,0.04,1.14,0,0,0,0.57,0.11,2.28,0.46,1.14,0.57,0.57,50,4.57,0,2.86,2.28,0,0,5.71,5.11,17.71,9.14,0,5.71,35.17,8.57,5.71,1.14,1.14,67,0.7,0.7,2.28,50,0.57,80,2.28,0,14.28,12.26,5.14,2.28,0.57,36.17,5.14,36,1.14,50,0,0,0,44.55,75,2.86,78,42,6.85,5.71,18,53,-22,55.78,4.57,0.03,0.13,44.55,92,5.31,14.28,0.57,0.57,0,0,1.71,2.28,0.57,0,0.57,20,0,26,53,22,8,52,40,19.56,16.74,0.95,89,-2.81,18.61,14.93,0,0,0,0,0,,0,0,,0,0,0,0,0,0,13,3,3.2,17,0.05,0.09,0.06,-0.04,,0.15
Julian Rijkhoff,FC Andorra,La Liga 2,2026/2027,157,1.75,4,Right Centre Forward,Centre Forward,Man,Netherlands,22,24/01/05,183,0,0,0.66,0.16,4.01,0,57,7,,0.42,0,0,0,0,0,0,0,0,0,0,0.66,4.01,-0.66,1.72,1.72,0,100,1.15,0,1.72,1.15,0,0,0,0,11.45,5.15,0.11,3.44,71.08,4.58,2.29,0.57,0.57,100,1.04,1.04,0.57,,0,33,1.72,0,10.31,15.97,2.86,2.29,0.57,69,9.16,89,2.29,100,0,0,0,15.46,76,0,26,,0,0,21,100,24,55,0.57,0.83,0.98,16.61,86,4.26,2.86,0,0,0,0.57,10.31,10.31,0,,0,,1.15,15,61,24,0,80,20,14.53,12.87,0.96,100,-1.66,13.95,12.87,0,0,0,0,0,,0,0,,0,0,0,0,0,0,21,3,3.32,14,-0.09,0.17,0.06,-0.15,,-0.01
Pejiño,Eibar,La Liga 2,2026/2027,157,1.74,4,Right Wing,Left Wing,Man,Spain,30,28/07/96,178,0,0,0.02,0.04,0.57,0,0,1,,0,0,0.3,3.44,0,0,0,0,0.3,3.44,0,0.32,4.01,-0.32,2.87,1.15,1.72,40,2.29,0,2.87,2.87,0,0,1.15,1.29,18.35,9.17,0,5.16,41.15,5.73,3.44,1.15,1.15,50,1.83,1.83,1.15,50,1.15,50,0.57,0,16.06,14.61,5.16,2.87,0.57,41.16,4.59,29,1.72,60,0,0,0,23.51,75,3.44,89,67,1.72,4.59,24,75,0,63.81,2.29,0.28,0.28,28.1,82,5.98,6.88,3.44,0,3.44,0,1.15,1.15,0,0,0,0,0.57,20,59,22,33,42,25,18.95,15.16,0.99,107,-3.79,18.69,16.25,0,0,0,0,0,,0,0,,0,0,0,0,0,0,31,12,5.62,40,0.19,0.05,0.01,-0.02,,0.23
Rivera,Cádiz,La Liga 2,2026/2027,157,1.74,2,Left Back,Left Centre Back,Man,Spain,18,29/03/09,,0,0,0,,0,,,0,,0,0,0,0,0,0,0,0,0,0,0,0,0,0,0,0,0,,0,0,0.57,0,0.57,0.77,4.59,5.21,12.04,5.73,0,4.59,37.75,14.34,6.88,1.15,1.72,100,1.54,2.31,0.57,100,0,100,1.15,0,10.32,12.11,3.44,1.15,0.57,41,4.01,39,1.15,100,0.57,0,0,55.62,83,2.87,81,63,5.16,4.01,12,77,-6,46.31,5.16,0.56,0.56,44.15,99,3.66,7.45,0.57,0.57,0,0,0,0.57,0,0,0,,0,23,64,13,0,85,15,18.99,20.67,0.98,112,1.68,18.56,23.22,0,0,0,0,0,,0,0,,0,0,0,0,0,0,24,11,3.61,27,0.14,0.07,-0.03,,,0.18
Rafael Cruz,Las Palmas,La Liga 2,2026/2027,156,1.74,5,Left Wing,Left Midfielder,Man,Spain,17,23/10/09,,0,0,0.17,0.1,1.73,0,33,2,,0.02,0,0,0,0,0,0,0,0,0,0,0.17,1.73,-0.17,2.3,1.15,1.15,50,1.73,0,1.15,2.3,1.15,1.45,1.15,1.85,20.73,10.37,0.03,6.91,47.55,4.61,1.73,2.88,4.03,100,3.28,4.73,1.15,100,0,33,1.15,0,16.7,18.95,5.76,3.46,1.15,51.89,10.37,62,2.88,83,0.58,0,0,22.46,76,0.58,4,100,1.15,0.58,17,86,10,58.03,2.3,0.17,0.34,20.16,86,7.69,6.91,0,0,0,0,2.3,2.3,0,,0,,0,7,63,29,0,67,33,13.47,10.41,1.14,101,-3.07,15.38,10.5,0,0,0,0,0,,0,0,,0,0,0,0,0,0,27,7,0.58,6,0.01,0,0,-0.15,,-0.15
Enzo Pérez,Real Oviedo,La Liga 2,2026/2027,155,1.72,6,Right Defensive Midfielder,Left Defensive Midfielder,Man,Spain,18,04/11/08,181,0.58,0.58,0.12,0.21,0.58,100,100,1,,0.47,0.58,0.15,1.74,0.58,0.1,1.16,0,0.05,0.58,1.16,0.27,2.32,0.89,0.58,0.58,0,100,1.16,0,0.58,1.16,0,0,0.58,0.37,15.1,8.71,0.14,5.23,38.7,15.1,6.97,1.16,1.16,40,1.67,1.67,1.16,0,1.74,17,0.58,0,12.77,12.03,4.06,2.32,0,42.1,4.06,32,1.16,50,0,0,0,49.35,86,3.48,15,60,0.58,5.81,6,60,-26,50.08,6.39,0.46,0.64,31.94,98,4.09,12.19,0,0,0,0.58,2.32,2.32,0,,0,0,0,26,62,12,52,38,10,16.64,9.95,0.95,100,-6.69,15.89,9.94,0,0,0,0,0,,0,0,,0,0,0,0,0,0,13,4,7.2,46,0.21,0.1,0.05,0.38,,0.73
Noah Obioma,Cádiz,La Liga 2,2026/2027,152,1.69,2,Right Centre Back,Left Centre Back,Man,France,19,10/12/07,185,0,0,0.03,0.05,0.59,0,0,0,,0,0,0,0,0,0,0,0,0,0,0,0.03,0.59,-0.03,0.59,0,0.59,0,0,0,0,1.18,0.59,0.79,3.55,4.11,6.5,2.36,0,3.55,34.95,8.27,2.36,0.59,1.18,100,0.79,1.58,1.18,,0,60,1.77,0.59,4.73,6.01,2.95,1.18,0.59,43.26,2.36,50,1.18,100,0,0,0,50.22,89,2.36,6,44,4.14,4.73,11,80,-9,38.26,0.59,0.69,0.69,46.09,97,3.84,1.18,0,0,0,0,0.59,0.59,0,,0,,0,14,82,5,0,100,0,23.26,21.7,0.9,70,-1.56,21.03,15.09,0,0,0,0,0,,0,0,,0,0,0,0,0,0,11,3,4.79,35,0.02,0.01,0.18,-0.01,,0.19
Toni Abad,AD Ceuta FC,La Liga 2,2026/2027,151,1.67,3,Right Back,Right Wing Back,Man,Spain,30,02/11/96,174,0,0,0.06,0.11,0.6,0,100,1,,0.51,0,0,0,0,0,0,0,0,0,0,0.06,0.6,-0.06,0,0,0,,0,0,1.79,1.19,0,0,2.39,3.01,17.32,7.16,0.09,5.97,38.23,8.36,4.18,4.18,4.18,100,5.12,5.12,1.79,100,0,0,0,0,11.34,15.92,3.58,2.39,0,43.24,5.37,47,1.79,75,0,0,0,41.8,83,2.39,5,44,3.58,4.18,16,71,-12,49.31,5.37,0.43,0.43,40.6,93,3.5,9.55,0,0,0,0,2.39,2.39,0,,0,0,0,34,58,8,50,44,6,17.58,15.72,0.94,100,-1.86,16.45,15.71,0,0,0,0,0,,0,0,,0,0,0,0,0,0,27,14,5.91,32,0.06,0.11,0,0.06,,0.23
Kim Min-Su,Girona,La Liga 2,2026/2027,148,1.65,2,Left Midfielder,Centre Attacking Midfielder,Man,South Korea,21,18/01/06,177,0,0,0.13,0.04,3.04,0,20,3,,0.01,0,0.1,1.82,0,0.1,1.82,0,0,0,0,0.23,4.86,-0.23,3.04,2.43,0.61,80,4.86,0,2.43,1.21,0,0,0,0,13.96,7.89,0,4.25,58.71,2.43,2.43,0.61,0.61,25,0.75,0.75,1.82,0,1.82,0,0,0,11.54,16.92,4.25,2.43,0.61,58.67,6.68,58,1.21,50,1.21,0,0,43.71,82,2.43,11,50,0,4.86,9,100,18,68.01,4.25,0.57,0.69,50.39,93,5.61,26.11,1.21,0.61,0.61,1.21,4.86,5.46,0,0,1.21,40,1.21,14,62,24,19,53,28,18.05,12.69,0.88,100,-5.37,15.94,12.69,0,0,0,0,0,,0,0,,0,0,0,0,0,0,14,5,8.56,49,-0.04,0.2,-0.02,-0.07,,0.07
José Antonio de la Rosa,Cádiz,La Liga 2,2026/2027,146,1.62,2,Right Wing,Right Midfielder,Man,Spain,22,27/07/04,174,0,0,0.51,0.17,3.08,0,60,6,,0.51,0.62,0.5,2.46,0.62,0.5,2.46,0,0,0,0.62,1.01,5.54,-0.4,2.46,1.85,0.62,75,1.23,0,0.62,3.08,0.62,0.83,0,0,19.1,7.39,0,5.54,54.24,3.7,3.08,1.85,2.46,60,2.31,3.14,0.62,50,1.23,0,0,0,16.63,21.12,4.93,2.46,1.23,57.64,9.86,59,1.23,50,0,0,0,25.87,67,2.46,4,67,0,3.7,9,75,8,69.08,3.7,0.84,1.05,27.72,87,8.76,9.86,1.23,1.23,0,0.62,3.7,4.93,0,50,1.85,50,1.85,7,71,22,0,75,25,17.71,6.23,1,93,-11.47,17.79,5.81,0,0,0,0,0,,0,0,,0,0,0,0,0,0,31,9,4.13,31,0.06,0.23,0.04,-0.22,,0.13
Álex Millán,Leganés,La Liga 2,2026/2027,146,1.62,5,Left Centre Forward,Centre Forward,Man,Spain,27,06/11/99,182,0,0,0.28,0.22,1.23,0,50,3,0,0.58,0,0.14,0.62,0,0.14,0.62,0,0,0,0,0.41,1.85,-0.41,1.23,1.23,0,100,2.46,0,2.46,3.7,0,0,0.62,0.17,20.94,6.78,0,5.54,51.16,3.08,1.23,0.62,0.62,33,0.17,0.17,1.85,0,1.23,40,2.46,0,18.48,13.92,4.93,3.08,0,53.52,11.09,60,2.46,80,0.62,0,0,17.25,62,0,6,,0.62,0,45,62,-1,57.55,0,0.62,0.62,19.71,72,3.24,3.08,0.62,0.62,0,0,4.31,4.93,0.62,0,0,,0,10,69,21,0,80,20,14.57,12.3,0.92,93,-2.27,13.42,11.43,0,0,0,0,0,,0,0,,0,0,0,0,0,0,31,0,3.33,20,-0.03,-0.21,0.02,0.27,,0.05
Edgar Sevikyan,AD Ceuta FC,La Liga 2,2026/2027,144,1.6,2,Right Wing,Right Midfielder,Man,Russia,25,07/08/01,173,0,0,0.04,0.06,0.62,0,0,1,,0,0,0.04,0.62,0,0.04,0.62,0,0,0,0,0.08,1.25,-0.08,3.12,1.25,1.87,40,1.87,0,4.37,3.74,1.25,1.13,0,0,18.71,9.98,0,3.12,55.77,12.47,6.24,1.87,3.12,100,1.76,2.9,1.87,100,0,50,1.25,0,14.97,13.84,3.12,3.12,0,55.17,8.73,58,3.12,100,0,0,0,27.44,80,0.62,84,50,0.62,0.62,22,90,10,49.56,2.49,0.27,0.31,29.93,77,5.98,6.86,0.62,0,0.62,0.62,1.25,1.25,0,0,0.62,50,0.62,9,82,9,9,73,18,15.47,17.23,0.96,102,1.77,14.79,17.65,0,0,0,0,0,,0,0,,0,0,0,0,0,0,20,4,2.74,24,0.04,0.08,0.04,-0.02,,0.14
Diego Sánchez,Sporting Gijón,La Liga 2,2026/2027,143,1.59,3,Left Back,,Man,Spain,23,17/07/03,186,0,0,0,,0,,,0,,0,0.63,0.04,0.63,0.63,0.04,0.63,0,0,0,0.63,0.04,0.63,0.59,0,0,0,,1.26,0,0,0,0,0,5.03,4.92,14.47,10.07,0,4.41,24.38,7.55,1.26,3.15,3.15,63,3.46,3.46,0,25,1.89,33,0.63,0,11.33,12.99,3.78,2.52,0,28.18,1.89,17,0.63,25,0,0,0,39.02,73,4.41,88,50,5.66,8.18,13,70,-3,42.29,3.15,0.73,0.73,30.84,100,3.66,5.03,0,0,0,0,0,0,0,,0,,0,39,49,12,13,50,38,23.81,19.53,0.92,115,-4.28,21.92,22.39,0,0,0,0,0,,0,0,,0,0,0,0,0,0,25,7,3.15,39,0.03,0.03,0.14,,,0.2
Nacho Vidal,Real Oviedo,La Liga 2,2026/2027,143,1.58,3,Right Back,,Man,Spain,32,23/01/95,180,0,0,0.07,0.05,1.26,0,0,1,,0,0,0.2,1.89,0,0.2,1.89,0,0,0,0,0.27,3.16,-0.27,1.26,1.26,0,100,1.89,0,0.63,1.89,0.63,1.12,1.26,2.02,6.31,3.79,0,3.79,43.61,14.52,5.68,0.63,1.26,33,0.91,2.02,0.63,50,1.26,75,3.79,0,5.05,7.89,1.26,3.16,0.63,58.26,3.16,63,2.53,80,0,0,0,51.15,75,3.16,17,38,1.89,7.58,14,64,-10,53.59,4.42,0.44,0.46,41.04,94,4.39,7.58,1.89,1.26,0.63,0.63,3.79,5.05,0,33,1.26,40,0.63,20,72,9,33,58,8,22.24,19.86,0.92,96,-2.38,20.39,19.11,0,0,0,0,0,,0,0,,0,0,0,0,0,0,19,3,4.36,40,0.31,0.05,0.03,-0.12,,0.27
Brais Martínez,Burgos,La Liga 2,2026/2027,142,1.58,4,Left Back,,Man,Spain,25,12/12/01,175,0,0,0.02,0.03,0.63,0,0,1,,0,0,0,0,0,0,0,0,0,0,0,0.02,0.63,-0.02,1.27,0.63,0.63,50,0,0,1.27,3.17,0,0,3.17,1.88,17.75,15.22,0,5.71,28.43,5.71,2.54,3.17,3.17,71,2.83,2.83,1.27,50,1.27,,0,0,13.32,9.98,3.8,0,0,31.06,1.9,14,0,,0,0,0,36.14,79,2.54,81,36,3.8,6.34,8,83,4,43.01,1.27,0.03,0.05,31.71,90,3.94,5.71,0,0,0,0,0.63,0.63,0,,0,0,0,25,64,11,22,33,44,20.9,19.47,0.88,119,-1.43,18.46,23.22,0,0,0,0,0,,0,0,,0,0,0,0,0,0,19,3,0.63,11,0.06,0.02,0.04,-0.01,,0.12
Anes Krdzalic,Tenerife,La Liga 2,2026/2027,142,1.57,6,Left Defensive Midfielder,Right Defensive Midfielder,Man,Bosnia and Herzegovina,22,27/08/04,180,0,0,0,,0,,,0,,0,0.64,0.38,2.54,0.64,0.29,1.27,0,0.09,1.27,0.64,0.38,2.54,0.25,1.27,0.64,0.64,50,2.54,0,1.27,1.91,0,0,0,0,20.35,11.44,0.06,5.72,52.74,10.81,6.36,1.91,1.91,60,0.74,0.74,0,50,1.27,20,0.64,0,18.44,9.16,3.81,3.81,0.64,54.19,10.17,55,1.27,33,0,0,0,36.24,67,4.45,5,58,0.64,6.99,21,54,-13,58.48,1.91,0.34,0.34,34.33,91,4.74,8.9,1.91,0.64,1.27,0,2.54,3.18,0,33,1.27,100,0,26,62,11,7,79,14,22.54,14.85,1.03,86,-7.69,23.29,12.81,0,0,0,0,0,,0,0,,0,0,0,0,0,0,28,3,4.32,42,0.12,0.02,0.04,,,0.18
Mario Gambin,Granada,La Liga 2,2026/2027,141,1.57,5,Left Wing,Centre Attacking Midfielder,Man,Spain,20,12/02/07,173,0.64,0.64,0.25,0.13,1.92,33,33,2,,0.36,0,0.05,1.28,0,0.05,1.28,0,0,0,0.64,0.29,3.19,0.35,0.64,0.64,0,100,1.28,0,0.64,1.92,1.92,2.14,0.64,0.44,18.52,10.22,0,4.47,54.76,8.94,5.75,1.92,3.83,100,2.12,4.25,0.64,,0,25,0.64,0.64,16.61,17.76,3.83,1.92,1.28,56.64,10.22,62,1.28,67,0,0,0,19.8,65,0,0,0,1.92,0.64,19,50,-15,58.29,3.19,0.3,0.53,17.25,93,4.32,6.39,0.64,0.64,0,0,2.56,3.19,0,100,0.64,100,0,26,65,10,30,60,10,15.38,22.64,0.97,79,7.26,14.89,17.82,0,0,0,0,0,,0,0,,0,0,0,0,0,0,32,16,2.24,10,-0.07,0.01,0.08,-0.05,,-0.03
Iker Calderon,Real Sociedad B,La Liga 2,2026/2027,140,1.55,2,Right Centre Back,,Man,Spain,21,26/03/06,194,0,0,0,,0,,,0,,0,0,0,0,0,0,0,0,0,0,0,0,0,0,0,0,0,,0,0,0,0.64,0.64,0.4,5.8,2.68,13.54,9.67,0,7.09,29.69,7.73,0.64,0.64,1.29,25,0.25,0.65,2.58,0,1.93,100,1.93,0,10.31,5.48,3.22,1.29,0,32.13,1.29,13,0,0,0,0,0,34.81,85,1.93,80,50,5.8,3.87,9,20,-65,32.72,0,0.51,0.51,30.29,98,3.69,0,0,0,0,0,0,0,0,,0,,0,16,76,7,,,,23.11,9.91,0.96,200,-13.2,22.1,19.81,0,0,0,0,0,,0,0,,0,0,0,0,0,0,25,13,0.64,7,0.04,0.05,0.05,,,0.14
Leonardo Lelo,Almería,La Liga 2,2026/2027,139,1.55,2,Left Back,,Man,Portugal,27,29/03/00,175,0,0,0,,0,,,0,,0,0,0.06,0.65,0,0.06,0.65,0,0,0,0,0.06,0.65,-0.06,0.65,0.65,0,100,0.65,0,1.29,0,0,0,1.29,0.81,16.8,8.4,0,6.46,29.72,5.17,0.65,1.94,1.94,75,1.21,1.21,0,0,0.65,0,0,0,14.86,14.49,5.82,1.94,0,36.04,3.88,26,1.29,67,0,0,0,34.9,79,2.58,84,44,2.58,4.52,15,64,-15,46.42,5.82,0.17,0.17,29.73,96,5.31,8.4,0.65,0.65,0,0,0,0.65,0,0,0,0,0,39,54,7,31,54,15,18.85,20.72,0.92,111,1.87,17.39,23,0,0,0,0,0,,0,0,,0,0,0,0,0,0,30,14,5.82,50,0.04,0.06,0.08,,,0.17
Rodrigo Rêgo,CD Castellón,La Liga 2,2026/2027,138,1.53,4,Right Midfielder,Left Back,Man,Portugal,22,02/01/05,173,0,0,0.16,0.06,2.61,0,0,3,,0,0,0.33,2.61,0,0.33,2.61,0,0,0,0,0.49,5.22,-0.49,1.3,1.3,0,100,1.96,0,5.22,1.3,0,0,0.65,0.97,15,7.83,0,1.96,55.66,10.43,7.83,1.3,1.3,100,1.85,1.85,1.3,,0,25,0.65,0,12.39,19.53,1.3,5.22,1.3,56.88,6.52,53,5.22,100,0,0,0,48.91,69,1.3,82,67,1.3,1.3,18,43,-26,66.48,5.87,0.83,1.05,50.87,88,5.71,20.87,3.91,3.91,0,0.65,6.52,10.43,0,33,1.3,29,0.65,14,74,13,9,66,25,15.87,14.68,0.98,93,-1.2,15.61,13.61,0,0,0,0,0,,0,0,,0,0,0,0,0,0,33,6,9.46,44,0.06,0.2,0.01,-0.15,,0.12
Mamadou Loum,Sporting Gijón,La Liga 2,2026/2027,137,1.52,5,Right Defensive Midfielder,Left Defensive Midfielder,Man,Senegal,30,29/12/96,188,0,0,0.13,0.05,2.62,0,75,2,,0.03,0,0.08,1.31,0,0.08,1.31,0,0,0,0,0.21,3.94,-0.21,0.66,0,0.66,0,1.31,0,0,2.62,0.66,0.64,1.31,0.73,17.06,8.53,0.12,7.87,36.5,20.34,11.81,0.66,1.31,100,0.82,1.46,2.62,,0,67,3.94,0,13.78,15.46,5.9,3.94,0,40.75,3.94,29,1.31,33,0.66,0,0,55.1,81,1.31,13,50,1.31,2.62,16,71,-10,49.25,1.31,1.12,1.29,40.01,97,3.04,5.9,0.66,0.66,0,0,2.62,3.28,0,0,0,,0,24,64,13,22,78,0,16.39,13.7,1,100,-2.69,16.32,13.69,0,0,0,0,0,,0,0,,0,0,0,0,0,0,22,4,6.1,44,-0.03,0.07,0.2,-0.09,,0.16
Mathis Lachuer,Real Valladolid,La Liga 2,2026/2027,137,1.52,4,Left Centre Midfielder,Left Defensive Midfielder,Man,France,26,30/08/00,185,0,0,0.12,0.06,1.98,0,33,3,,0.15,0,0.07,0.66,0,0,0,0,0.07,0.66,0,0.19,2.63,-0.19,0.66,0.66,0,100,1.98,0,1.32,0.66,1.32,0.48,0.66,0.24,18.44,10.54,0,7.25,42.22,7.25,3.95,2.63,3.95,67,0.95,1.43,1.32,0,1.32,0,0,0,14.49,6.86,6.59,3.95,1.98,42.05,5.93,41,2.63,67,0.66,0,0,25.69,61,1.32,67,33,0.66,3.95,13,33,-28,50.79,2.63,0.33,0.38,26.35,93,4.25,2.63,0.66,0,0.66,0,1.32,1.32,0,0,0,0,0,11,78,11,0,100,0,21.2,18.77,0.82,99,-2.42,17.47,18.53,0,0,0,0,0,,0,0,,0,0,0,0,0,0,22,4,3.29,31,-0.01,0.13,0.04,-0.04,,0.11
Javi Montero,Leganés,La Liga 2,2026/2027,134,1.49,2,Centre Back,,Man,Spain,28,13/01/99,185,0,0,0,,0,,,0,,0,0,0,0,0,0,0,0,0,0,0,0,0,0,0,0,0,,0,0,0,0,0.67,0.51,6.71,4.95,11.4,8.05,0.13,6.71,19.51,8.05,0.67,1.34,2.01,67,1.02,1.52,2.68,0,0.67,67,2.68,0,7.38,5.52,3.35,0.67,0.67,26.88,1.34,18,0,0,0,0,0,57.68,82,4.69,77,47,9.39,7.38,12,64,-19,34.75,2.68,0.62,0.62,46.27,100,5.61,2.68,0,0,0,0,0,0,0,,0,,0,24,74,1,25,75,0,23.69,28.01,0.86,89,4.32,20.46,24.8,0,0,0,0,0,,0,0,,0,0,0,0,0,0,26,10,4.23,21,-0.01,0.07,0,,,0.06
Kévin Appin,Burgos,La Liga 2,2026/2027,134,1.48,3,Left Defensive Midfielder,Left Midfielder,Man,Martinique,29,19/01/98,177,0,0,0,,0,,,0,,0,0,0.04,0.67,0,0.04,0.67,0,0,0,0,0.04,0.67,-0.04,1.35,0.67,0.67,50,2.02,0,3.37,3.37,0,0,2.02,2.02,20.88,12.13,0,2.69,45.24,6.74,2.02,1.35,1.35,40,1.32,1.32,4.04,0,2.02,75,2.02,0,15.49,13.34,2.69,3.37,1.35,47.46,5.39,35,2.69,80,0.67,0,0,26.95,66,1.35,4,40,2.02,3.37,10,100,34,48.62,2.69,0.25,0.29,25.6,79,7.91,4.04,0.67,0.67,0,0,0,0.67,0,0,0,0,0,24,66,10,17,67,17,19.49,15.28,0.91,100,-4.21,17.71,15.28,0,0,0,0,0,,0,0,,0,0,0,0,0,0,29,5,2.09,18,-0.05,0.16,-0.02,,,0.09
Juan Larios,CD Eldense,La Liga 2,2026/2027,133,1.48,3,Left Back,,Man,Spain,23,11/01/04,170,0,0,0,,0,,,0,,0,0,0.21,3.39,0,0.21,3.39,0,0,0,0,0.21,3.39,-0.21,0.68,0.68,0,100,0,0,1.35,2.03,0,0,2.71,3.06,18.96,8.8,0,8.8,38.06,8.8,4.06,3.39,3.39,83,4.37,4.37,2.71,50,0.68,0,0,0,12.87,14.53,4.74,4.06,1.35,44.15,6.09,47,2.71,67,0.68,0,0,39.28,85,3.39,64,71,3.39,4.06,14,80,-5,56.59,8.13,0.42,0.52,39.95,92,6.35,14.22,2.03,2.03,0,0,2.03,4.06,0,33,0.68,33,0.68,22,62,16,24,71,5,20.21,17.97,0.96,114,-2.24,19.47,20.51,0,0,0,0,0,,0,0,,0,0,0,0,0,0,18,7,10.29,62,0.19,0.1,-0.01,,,0.27
Oleksandr Pyshchur,Girona,La Liga 2,2026/2027,132,1.46,4,Centre Forward,Left Centre Forward,Man,Ukraine,22,23/01/05,204,0,0,0.51,0.13,4.1,0,17,7,,0.33,0,0,0,0,0,0,0,0,0,0,0.51,4.1,-0.51,1.37,0.68,0.68,50,1.37,0,3.42,4.1,0.68,0.38,1.37,0.69,10.25,5.46,0.03,5.46,52.13,3.42,2.05,0,0.68,0,0,0.38,0,0,1.37,67,5.46,0,10.25,6.6,4.1,1.37,0,59.31,7.51,73,1.37,100,0.68,0,0,25.96,54,0.68,18,100,2.05,0,44,59,5,59.49,2.05,0.43,0.81,25.28,84,7.13,5.46,0.68,0.68,0,0,6.15,6.83,0,0,0,,0,10,67,23,0,63,38,14.19,15.62,1.01,97,1.42,14.37,15.2,0,0,0,0,0,,0,0,,0,0,0,0,0,0,44,10,3.14,28,-0.18,0.04,0.58,-0.12,,0.32
Jon Eceizabarrena,Real Sociedad B,La Liga 2,2026/2027,131,1.46,5,Left Defensive Midfielder,Left Wing,Man,Spain,22,22/03/05,179,0,0,0.2,0.29,0.68,0,0,1,,0,0.68,0.14,2.05,0.68,0.14,2.05,0,0,0,0.68,0.33,2.74,0.35,0.68,0.68,0,100,0.68,0,1.37,1.37,0,0,2.05,1.7,15.06,6.16,0,2.05,42.79,8.9,3.42,0,0,0,0,0,2.05,0,1.37,50,2.05,0,13.69,8.85,1.37,4.11,1.37,48.18,7.53,55,2.74,67,0,0,0,28.07,75,1.37,59,67,2.05,2.05,18,63,-13,52.79,2.05,0.51,0.51,22.59,91,4.09,6.85,0.68,0.68,0,0,1.37,2.05,0,0,0,,0,32,57,11,30,70,0,17.05,7.88,1.02,92,-9.17,17.33,7.27,0,0,0,0,0,,0,0,,0,0,0,0,0,0,25,7,4.24,30,0.01,0.02,0.09,0.09,,0.22
Antonio Gala,CD Castellón,La Liga 2,2026/2027,131,1.46,4,Centre Attacking Midfielder,Right Attacking Midfielder,Man,Italy,22,06/06/04,175,0,0,0.2,0.15,1.37,0,50,3,,0.37,0,0.02,0.69,0,0.02,0.69,0,0,0,0,0.22,2.06,-0.22,4.12,2.06,2.06,50,1.37,0,3.43,5.49,0,0,0,0,23.33,8.23,0,4.12,54.49,6.86,4.12,1.37,1.37,40,2.15,2.15,3.43,0,2.06,50,0.69,0,18.52,26.57,3.43,3.43,2.06,54.28,10.98,59,2.74,80,0,0,0,26.07,61,0.69,21,17,0,4.12,27,64,3,69.24,4.8,0.25,0.25,31.56,74,6.7,10.98,1.37,1.37,0,0,3.43,4.8,0,50,0.69,100,0,17,76,7,0,88,13,17.02,13.38,0.86,106,-3.65,14.56,14.19,0,0,0,0,0,,0,0,,0,0,0,0,0,0,32,15,3.02,28,0.01,0.09,-0.01,-0.16,,-0.07
Lucas Núñez,Eibar,La Liga 2,2026/2027,131,1.46,5,Centre Defensive Midfielder,Centre Attacking Midfielder,Man,Spain,21,17/03/06,183,0,0,0.03,0.02,1.37,0,0,4,,0,0,0.02,0.69,0,0.02,0.69,0,0,0,0,0.05,2.06,-0.05,2.75,1.37,1.37,50,1.37,0,0,2.06,0,0,8.25,4.13,22.67,10.31,0.1,8.25,27.61,8.93,5.5,1.37,1.37,100,0.72,0.72,2.75,100,0,100,3.44,0,18.55,6.86,6.87,4.81,0.69,32.08,5.5,30,4.12,86,0.69,0,0,15.8,57,0.69,36,33,8.25,2.06,22,40,-17,52.78,2.06,0.03,0.29,12.37,89,10.05,3.44,0,0,0,0,0,0,0,,0,,0,17,61,22,0,100,0,20.38,11.23,0.95,115,-9.15,19.45,12.95,0,0,0,0,0,,0,0,,0,0,0,0,0,0,43,13,1.44,24,-0.05,0.04,0.24,-0.03,,0.2
Arnau Martínez,Mallorca,La Liga 2,2026/2027,129,1.43,4,Right Back,Right Wing,Man,Spain,26,09/01/01,173,0,0,0,,0,,,0,,0,0,0.13,2.1,0,0.13,2.1,0,0,0,0,0.13,2.1,-0.13,0.7,0.7,0,100,0.7,0,0.7,1.4,2.1,2.45,0.7,0.84,6.3,4.2,0,3.5,46.26,2.8,1.4,0.7,2.8,33,0.62,3.08,0.7,0,1.4,0,0,0,4.9,6.61,2.1,0.7,0.7,61.89,3.5,71,0,0,0,0,0,30.8,82,0,8,0,0.7,2.1,6,100,18,59.9,2.8,0.51,0.53,27.3,92,4.78,12.6,1.4,1.4,0,0,4.9,6.3,0,50,0.7,17,1.4,14,76,10,28,50,22,18.84,10.23,0.86,100,-8.61,16.22,10.23,0,0,0,0,0,,0,0,,0,0,0,0,0,0,22,10,4.97,31,0.04,0,-0.71,,,-0.68
Mawuli Mensah,AD Ceuta FC,La Liga 2,2026/2027,129,1.43,2,Centre Defensive Midfielder,Left Defensive Midfielder,Man,Ghana,23,14/11/03,168,0,0,0.04,0.03,1.4,0,50,1,,0.01,0,0,0,0,0,0,0,0,0,0,0.04,1.4,-0.04,0,0,0,,2.8,0,1.4,2.8,1.4,1.12,1.4,1.12,15.4,4.9,0,4.9,27.39,11.9,5.6,4.2,5.6,100,3.96,5.08,0.7,100,0,,0,0,10.5,9.91,2.8,0.7,0.7,33.2,2.8,27,0.7,100,0,0,0,46.91,88,1.4,14,50,1.4,2.8,9,67,-22,45.75,3.5,0.15,0.19,44.11,94,4.72,7,0,0,0,0,0,0,0,,0,,0,14,77,9,10,80,10,17.83,13.16,0.98,133,-4.67,17.51,17.51,0,0,0,0,0,,0,0,,0,0,0,0,0,0,14,10,0.28,3,-0.07,0.09,0.39,-0.02,,0.39
Joaquín González,Cádiz,La Liga 2,2026/2027,128,1.43,3,Right Centre Midfielder,Left Centre Midfielder,Man,Spain,26,13/10/00,185,0,0,0.05,0.04,1.4,0,0,1,,0,0,0.07,1.4,0,0.07,1.4,0,0,0,0,0.13,2.81,-0.13,0,0,0,,1.4,0,0.7,3.51,1.4,1.44,1.4,1.69,20.34,9.82,0.1,7.01,48.76,9.82,3.51,3.51,4.91,56,4.09,5.53,2.1,50,2.81,100,2.81,0,14.73,16.71,6.31,8.42,3.51,54,7.01,48,4.21,50,0,0,0,39.27,82,4.21,12,86,2.1,4.21,11,83,1,50.84,5.61,0.18,0.2,32.96,91,4.63,8.42,0,0,0,0,2.1,2.1,0,,0,,0,27,66,7,25,75,0,17.08,16.83,1.05,101,-0.25,17.88,17.03,0,0,0,0,0,,0,0,,0,0,0,0,0,0,16,4,4.07,36,-0.06,0.05,0.14,-0.05,,0.07
Adam Buksa,Mallorca,La Liga 2,2026/2027,128,1.42,5,Centre Forward,Centre Attacking Midfielder,Man,Poland,30,11/07/96,193,0.7,0.7,0.24,0.12,2.11,33,33,2,,0.61,0,0.02,0.7,0,0.02,0.7,0,0,0,0.7,0.26,2.82,0.44,0.7,0,0.7,0,2.11,0,0.7,4.93,0,0,0.7,0.93,9.86,4.93,0,4.22,60.92,1.41,0,0,0,0,0,0,0.7,0,0.7,50,2.82,0,9.15,12.26,4.22,2.11,1.41,65.38,7.04,77,2.11,100,0.7,0,0,11.97,71,0,40,,0.7,0,41,57,-13,55.95,0.7,0.3,0.33,10.56,73,4.45,2.11,0,0,0,0,4.22,4.22,0.7,,0,,0,18,65,18,33,33,33,9.82,8.06,0.91,100,-1.76,8.94,8.03,0,0,0,0,0,,0,0,,0,0,0,0,0,0,29,12,1.83,12,-0.1,-0.01,0,0.15,,0.05
Alejandro Calvo,FC Andorra,La Liga 2,2026/2027,127,1.42,4,Left Wing,Right Wing,Man,Spain,23,19/02/04,170,0.71,0.71,0.87,0.25,3.53,20,40,6,,0.81,0.71,0.25,2.12,0.71,0.25,2.12,0,0,0,1.41,1.12,5.65,0.3,4.24,2.83,1.41,67,2.12,0,2.83,2.83,1.41,1.48,3.53,4.72,19.08,7.77,0,5.65,44.35,4.95,1.41,2.12,3.53,75,1.1,2.58,2.12,100,0.71,75,2.12,0,14.84,17.65,4.95,2.12,0.71,51.94,7.77,52,1.41,67,0,0,0,21.2,82,1.41,91,100,4.95,0,15,80,-2,61.27,6.36,1.18,1.41,30.38,84,9.15,10.6,1.41,1.41,0,1.41,4.95,6.36,0,0,0,,0.71,24,70,6,13,73,13,17.89,28.4,1,109,10.52,17.87,30.89,0,0,0,0,0,,0,0,,0,0,0,0,0,0,24,12,3.89,24,0.16,0.29,0.15,0.41,,1
Yanis Rahmani,CE Sabadell FC,La Liga 2,2026/2027,127,1.41,4,Left Wing,Right Centre Forward,Man,France,32,12/05/95,178,0,0,0.02,0.03,0.71,0,0,0,0,0,0,0,0,0,0,0,0,0,0,0,0.02,0.71,-0.02,1.42,0.71,0.71,50,1.42,0,5.69,1.42,0,0,2.84,1.65,19.19,8.53,0,3.55,55.36,7.82,4.98,1.42,1.42,100,0.87,0.87,0,,0,0,0,0,17.77,11.04,2.84,2.84,0.71,59.96,12.79,72,2.13,75,0,0,0,13.51,45,0,100,0,2.84,1.42,5,100,55,63.27,0.71,0.17,0.17,15.64,64,6.34,2.84,0,0,0,0,0.71,0.71,0,,0,0,0,41,41,18,25,25,50,19.96,3.04,0.86,100,-16.92,17.23,3.04,0,0,0,0,0,,0,0,,0,0,0,0,0,0,41,9,6.75,34,-0.06,0.11,0.03,-0.55,,-0.48
John Donald,Mallorca,La Liga 2,2026/2027,126,1.4,2,Right Centre Back,,Man,Spain,26,24/09/00,182,0,0,0.13,0.06,2.14,0,33,1,,0.65,0,0.03,0.71,0,0.03,0.71,0,0,0,0,0.16,2.85,-0.16,0,0,0,,0,0,0,0,2.14,2.72,0.71,1.01,12.83,7.13,0.27,4.28,37.45,9.98,4.99,2.14,4.28,100,2.72,5.43,2.14,100,0,50,0.71,0,8.55,10.4,4.28,2.14,0,43.82,2.85,33,0.71,33,0.71,0,0,58.44,95,2.85,14,67,0.71,4.28,7,100,5,42.84,7.84,0.29,0.45,47.04,100,6.46,7.84,0,0,0,0,2.85,2.85,0,,0,,0,17,80,4,36,64,0,20.29,19.29,0.99,100,-1.01,20.06,19.29,0,0,0,0,0,,0,0,,0,0,0,0,0,0,14,11,3.56,21,0.08,0.03,0.11,-0.11,,0.11
Dani Fernández,Tenerife,La Liga 2,2026/2027,125,1.38,3,Right Wing,Right Midfielder,Man,Spain,19,25/01/08,178,0,0,0.03,0.05,0.72,0,0,0,,0,0,0,0,0,0,0,0,0,0,0,0.03,0.72,-0.03,3.61,2.17,1.45,60,4.34,0,7.95,4.34,0.72,0.55,0,0,21.68,8.67,0,5.78,49.99,5.78,3.61,2.89,3.61,100,1.95,2.5,3.61,100,0,33,0.72,0,15.17,10.42,5.06,4.34,1.45,49.67,6.5,43,3.61,83,1.45,0,0,28.9,72,0.72,86,100,0,0.72,30,69,-3,58.79,5.78,0.36,0.36,41.91,72,7.81,10.84,1.45,1.45,0,0,1.45,2.89,0,50,0.72,33,0,23,47,30,27,60,13,16.61,15.09,1.01,100,-1.52,16.83,15.07,0,0,0,0,0,,0,0,,0,0,0,0,0,0,28,2,3.97,22,0.01,-0.03,0.03,-0.08,,-0.08