Name,Team,Competition,Season,Minutes,90s,Appearances,Primary Position,Secondary Position,Gender,Nationality,Age,Date of Birth,Height,All Goals,NP Goals,xG,xG/Shot,Shots,Goal Conversion%,Shooting%,Shot Touch%,Penalty Conversion%,PSxG,Assists,xG Assisted,Key Passes,OP Assists,OP xG Assisted,OP Key Passes,SP Assists,SP xG Assisted,SP Key Passes,Scoring Contribution,xG & xG Assisted,Shots & Key Passes,O/U Performance,Dribbles,Successful Dribbles,Failed Dribbles,Dribble%,Fouls Won,Penalty Wins,Dispossessed,Turnovers,Interceptions,PAdj Interceptions,Clearances,PAdj Clearances,Defensive Actions,Aggressive Actions,Blocks/Shot,Defensive Regains,Average DA X,Ball Recov. F2,Ball Recoveries,Tackles,Tack&Int,Tack/DP%,PAdj Tackles,PAdj Tack&Int,Fouls,Dribbles Stopped%,Dribbled Past,Aerial Win%,Aerial Wins,Errors,Pressures,PAdj Pressures,Pressure Regains,Counterpressures,Counterpress Regains,Average Pressure X,Pressures F2,Pressures F2%,Counterpressures F2,Counterpressures F2%,Yellow Cards,2nd Yellows,Red Cards,OP Passes,Passing%,Long Balls,L/R Footedness%,Long Ball%,Pr. Long Balls,UPr. Long Balls,Passes Pressured%,Pr. Pass%,Pr. Pass% Dif.,Average Pass X,Deep Progressions,xGBuildup,xGChain,Carries,Carry%,Carry Length,OP F3 Passes,PintoB,OP Passes Into Box,SP PintoB,Passes Inside Box,Touches In Box,PinTin,Throughballs,Successful Box Cross%,Successful Crosses,Crossing%,Deep Completions,Pass Forward%,Pass Sideways%,Pass Backward%,F3 Pass Forward%,F3 Pass Sideways%,F3 Pass Backward%,Pass Length,Pr. Pass Length,Pass Length Ratio,Pr. Pass Length%,Pr. Pass Length Dif.,Succ. Pass Length,Succ.Pr. Pass Length,Goals Conceded,PSxG Faced,GSAA,Save%,xSv%,Shot Stopping%,xG Faced,Shots Faced,Shots Faced OT%,All Shots Faced,Positioning Error,Penalties Faced,Penalties Conceded,GK Aggressive Dist.,Claims%,Pass into Danger%,Pass into Pressure%,Positive Outcome,Positive Outcome%,Pass OBV,D&C OBV,DA OBV,Shot OBV,Goalkeeper OBV,OBV
Sergio Barreto,Pachuca,Liga MX,2026/2027,1025,11.39,10,Left Centre Back,,Man,Argentina,28,23/04/99,182,0,0,0.04,0.05,0.7,0,13,0,,0.01,0.09,0.08,0.35,0.09,0.08,0.35,0,0,0,0.09,0.12,1.05,-0.03,0.18,0.18,0,100,0.18,0,0,0.09,0.44,0.46,4.56,3.98,9.66,5.27,0.07,5.27,25.08,8.25,1.84,1.49,1.93,81,1.33,1.79,0.79,50,0.35,86,2.81,0,7.37,6.83,3.51,0.79,0.35,29.87,1.05,14,0.35,44,0.35,0,0,33.45,88,2.9,12,66,5.09,3.86,11,76,-12,37.86,2.72,0.32,0.33,25.11,100,4.87,3.25,0.09,0.09,0,0.18,1.84,1.93,0,0,0.18,100,0.18,19,78,2,30,70,0,22.32,21.4,0.96,93,-0.92,21.54,19.81,0,0,0,0,0,,0,0,,0,0,0,0,0,0,14,4,3.96,25,0.08,0.08,0.12,-0.04,,0.24
Carlos Moreno,Pachuca,Liga MX,2026/2027,1025,11.39,10,Goalkeeper,,Man,Mexico,29,28/01/98,190,0.09,0.09,0.01,0.16,0.09,100,100,0,,0.08,0,0.02,0.18,0,0.01,0.09,0,0.01,0.09,0.09,0.03,0.26,0.06,0,0,0,,0.26,0,0,0,0,0,0,0,0.09,0,0,7.02,2.72,4.39,0,0,0,,0,0,0.09,,0,,0,0,0,0,0,0,0,,0,,0,,0.09,0,0,18.08,70,9.22,17,53,2.55,15.01,11,61,-9,11.06,1.49,0.19,0.2,15.98,99,5.36,0.79,0,0,0,0,0.18,0.18,0,,0,,0,53,47,0,89,11,0,44.89,47.08,0.82,86,2.2,36.74,40.59,0.7,0.84,0.14,80,76,4,1.17,3.51,29,12.29,1.88,0.26,0.26,18.74,-2,29,1,2.22,14,0.12,0.07,-0.04,0.05,-0.02,0.18
Nahuel Guzmán,Tigres UANL,Liga MX,2026/2027,1023,11.37,10,Goalkeeper,,Man,Argentina,41,09/02/86,193,0,0,0,,0,,,0,,0,0,0,0.09,0,0,0,0,0,0.09,0,0,0.09,0,0,0,0,,0.09,0,0,0,0,0,0,0,0.18,0,0,7.21,3.1,4.22,0,0,0,,0,0,0,,0,,0,0,0.18,0.12,0.09,0,0,13.93,0,0,0,,0.18,0,0,21.11,77,7.04,7,54,2.55,10.38,14,65,-12,14.87,0.7,0.13,0.13,17.68,100,5.52,0.53,0.09,0,0.09,0,0,0,0,0,0,,0,38,62,0,100,0,0,38.12,41.44,0.82,80,3.32,31.32,33.02,0.88,0.83,-0.05,73,74,-1,0.96,3.26,28,11.79,1.84,0.44,0.26,22.83,-3,18,3,0.9,5,0.08,0.08,,,-0.02,0.13
Óscar Jiménez,Atlante,Liga MX,2026/2027,1021,11.35,10,Goalkeeper,,Man,Mexico,38,11/10/88,182,0,0,0,,0,,,0,,0,0,0,0,0,0,0,0,0,0,0,0,0,0,0,0,0,,0.09,0,0,0,0,0,0,0,0.09,0.09,0,7.32,2.95,2.47,0,0,0,0,0,0,0,100,0.09,,0,0,0.09,0.12,0.09,0,0,21.2,0,0,0,,0,0,0,20.63,81,4.94,34,50,2.12,7.84,19,77,-4,11.35,0.26,0.2,0.2,17.54,100,5.51,0,0,0,0,0,0,0,0,,0,,0,34,66,0,,,,32.87,34.32,0.79,86,1.45,26.1,29.36,1.15,1.06,-0.09,75,77,-2,1.06,4.67,35,13.31,1.62,0.26,0.18,18.55,-5,18,2,0.92,6,0.06,0.04,,,-0.05,0.05
Sebastián Jurado,Juárez,Liga MX,2026/2027,1021,11.34,10,Goalkeeper,,Man,Mexico,29,27/09/97,187,0,0,0,,0,,,0,,0,0,0.01,0.18,0,0,0,0,0.01,0.18,0,0.01,0.18,-0.01,0.18,0.18,0,100,0.26,0,0,0,0,0,0,0,0.09,0,0,7.32,2.46,3.09,0,0,0,0,0,0,0,0,0.18,,0,0,0.09,0.14,0.09,0,0,3.33,0,0,0,,0,0,0,19.22,65,5.99,12,38,2.29,13.4,11,54,-11,11.05,0.71,0.03,0.03,16.57,100,5.44,0.26,0.09,0,0.09,0,0.09,0.09,0,0,0,,0,48,52,0,100,0,0,43.76,46.04,0.72,79,2.28,31.46,36.15,1.85,1.95,0.1,68,66,2,1.74,5.82,38,15.34,1.76,0.26,0.18,22.29,-4,25,2,1.04,9,0.1,0.03,,,0.07,0.2
Felipe Sánchez,Santos Laguna,Liga MX,2026/2027,1010,11.23,10,Left Centre Back,Centre Back,Man,Argentina,23,06/04/04,184,0,0,0.02,0.08,0.27,0,0,0,,0,0,0.01,0.09,0,0.01,0.09,0,0,0,0,0.03,0.36,-0.03,0.18,0.09,0.09,50,0.45,0,0.09,0.18,0.27,0.28,5.52,5.3,7.93,3.83,0.04,4.01,23.28,9.26,1.69,1.43,1.69,89,1.49,1.77,0.71,78,0.18,73,1.96,0.09,5.79,5.61,2.41,0.8,0.36,31.04,1.25,22,0.62,78,0.09,0,0,47.21,90,5.43,78,74,6.32,6.5,9,76,-13,34.7,2.76,0.37,0.39,38.13,100,4.54,2.76,0,0,0,0,0.71,0.71,0,,0,0,0,26,71,3,45,55,0,23.02,23.54,0.96,101,0.52,22.15,23.78,0,0,0,0,0,,0,0,,0,0,0,0,0,0,14,9,3.16,19,0.03,0.04,0.02,-0.03,,0.06
Carlos Acevedo,Santos Laguna,Liga MX,2026/2027,1010,11.23,10,Goalkeeper,,Man,Mexico,31,18/04/96,184,0,0,0,,0,,,0,,0,0,0,0,0,0,0,0,0,0,0,0,0,0,0,0,0,,0.27,0,0,0,0,0,0,0,0,0,0,8.82,2.62,4.19,0,0,0,,0,0,0,,0,,0,0,0,0,0,0,0,,0,,0,,0,0,0,20.13,81,7.22,8,59,2.23,10.07,14,72,-9,11.1,0.53,0.23,0.23,18.44,100,4.87,0.09,0,0,0,0,0,0,0,,0,,0,34,66,0,100,0,0,34.16,37.95,0.83,84,3.79,28.27,31.88,1.16,1.22,0.06,78,77,1,1.18,5.26,37,14.08,1.61,0.18,0.18,21.41,-4,15,4,1.66,10,0.05,0.05,,,-0.14,-0.04
Nathan Silva,Pumas UNAM,Liga MX,2026/2027,1009,11.21,10,Right Centre Back,Centre Back,Man,Brazil,30,05/05/97,183,0,0,0.01,0.05,0.18,0,0,0,,0,0,0.01,0.18,0,0.01,0.18,0,0,0,0,0.01,0.36,-0.01,0.09,0.09,0,100,0.09,0.09,0,0.09,0.71,0.87,4.28,3.53,7.76,4.82,0.1,3.48,21.1,9.01,1.87,1.34,2.05,75,1.1,1.96,0.62,64,0.45,58,1.34,0.18,5.8,5.26,2.32,0.36,0.18,26.16,0.54,9,0,0,0.09,0,0,50.76,89,4.1,6,67,4.82,5.62,8,76,-13,35.5,3.21,0.3,0.31,40.24,100,4.34,3.66,0,0,0,0.18,1.16,1.16,0,,0.09,50,0.18,20,76,4,27,71,2,23.16,23.68,0.96,98,0.52,22.26,23.29,0,0,0,0,0,,0,0,,0,0,0,0,0,0,16,7,4.35,29,0.06,0.04,0.15,-0.01,,0.24
Keylor Navas,Pumas UNAM,Liga MX,2026/2027,1009,11.21,10,Goalkeeper,,Man,Costa Rica,40,14/12/86,185,0,0,0,,0,,,0,,0,0,0,0,0,0,0,0,0,0,0,0,0,0,0,0,0,,0,0,0,0,0,0,0.18,0.07,0.09,0,0,5.89,2.4,3.75,0,0,0,,0,0,0.09,,0,,0,0,0,0,0,0,0,,0,,0,,0,0,0,24.89,73,6.51,16,43,2.14,13.2,11,73,-1,11.67,1.07,0.11,0.11,22.66,100,4.06,0.71,0,0,0,0,0,0,0,,0,,0,36,64,1,88,13,0,39.11,40.04,0.75,83,0.94,29.46,33.14,1.07,0.96,-0.11,69,72,-3,0.86,3.48,32,10.8,1.5,0.36,0.36,14.59,-4,23,2,1.45,10,0.08,0.07,-0.06,,-0.33,-0.25
Eduardo Águila,Atlético San Luis,Liga MX,2026/2027,1004,11.15,10,Centre Back,Left Centre Back,Man,Mexico,25,16/05/02,180,0.09,0.09,0.04,0.12,0.36,25,25,0,,0.08,0,0.01,0.18,0,0.01,0.18,0,0,0,0.09,0.05,0.54,0.04,0.54,0.36,0.18,67,0.09,0,0.18,0.18,0.45,0.49,4.03,4.39,7.98,4.12,0.03,4.3,27.65,7.26,0.99,1.52,1.97,85,1.99,2.47,0.36,78,0.27,39,1.08,0,6.1,6.46,2.6,0.54,0.36,30.76,1.26,21,0.09,17,0.09,0,0,55.14,90,3.86,88,58,4.84,5.83,8,81,-9,39.85,4.03,0.53,0.54,48.87,99,3.71,5.11,0.27,0.27,0,0,0.54,0.81,0,67,0.18,100,0,20,78,2,30,68,2,20.34,19.52,0.92,80,-0.82,18.65,15.64,0,0,0,0,0,,0,0,,0,0,0,0,0,0,13,6,3.58,26,0.05,0.04,0.06,0.02,,0.18
Luis Romo,Guadalajara,Liga MX,2026/2027,1001,11.12,10,Left Centre Back,Centre Back,Man,Mexico,31,04/06/95,182,0,0,0.02,0.06,0.27,0,33,0,,0,0.09,0.1,1.35,0.09,0.1,1.35,0,0,0,0.09,0.12,1.62,-0.03,0.36,0.18,0.18,50,0.45,0,0.54,0.63,0.72,1.08,2.79,3.42,12.68,7.56,0.07,5.49,31.5,10.7,2.61,2.43,3.15,79,2.92,4,1.26,46,0.63,53,1.8,0.09,8.99,11.68,3.87,1.44,0.72,36.36,2.43,27,0.81,56,0.09,0,0,66.56,86,7.47,17,67,4.23,9.71,15,82,-3,42.48,9.62,0.5,0.56,55.41,98,4.42,12.86,1.26,1.17,0.09,0.36,1.35,2.52,0.27,14,0.45,45,0.36,27,68,5,33,63,4,22.21,21.55,0.93,97,-0.66,20.7,20.97,0,0,0,0,0,,0,0,,0,0,0,0,0,0,17,7,6.53,37,0.18,0.06,0.04,-0.02,,0.26
Juan Brunetta,Tigres UANL,Liga MX,2026/2027,998,11.09,10,Centre Attacking Midfielder,Left Centre Midfielder,Man,Argentina,30,11/05/97,178,0.36,0.18,0.25,0.07,3.52,5,41,4,67,0.31,0.36,0.35,3.34,0.27,0.22,1.53,0.09,0.13,1.8,0.54,0.6,6.86,-0.06,2.26,1.53,0.72,68,1.89,0.09,2.44,2.8,0,0,0.27,0.3,8.3,4.24,0.01,2.35,56.88,4.78,2.71,0.54,0.54,50,0.53,0.53,0.54,14,0.54,20,0.09,0,7.22,7.33,1.8,1.35,0.63,60.54,4.87,68,0.99,73,0,0,0,33.38,76,5.14,11,58,1.08,8.03,17,78,2,62.08,7.04,0.31,0.57,36.53,88,6.49,12.63,3.34,1.35,1.98,0.63,5.41,6.77,0.18,24,1.08,44,0.81,16,72,12,24,68,8,23.03,19.11,0.94,107,-3.92,21.66,20.48,0,0,0,0,0,,0,0,,0,0,0,0,0,0,25,6,9.85,55,0.21,0.17,0.01,0.02,,0.42
Mauricio Cuevas,Santos Laguna,Liga MX,2026/2027,996,11.06,10,Right Back,Right Wing Back,Man,USA,24,09/02/03,170,0,0,0.03,0.05,0.63,0,0,1,,0,0.18,0.16,1.9,0.18,0.13,1.45,0,0.03,0.45,0.18,0.19,2.53,-0.01,0.54,0.27,0.27,50,0.63,0,0.99,0.63,0.45,0.4,0.9,0.84,11.48,4.61,0,3.8,32.38,7.95,3.16,1.45,1.9,64,1.65,2.05,0.18,33,0.81,29,0.18,0,10.03,9.94,2.71,1.18,0.09,34.48,2.44,24,0.72,62,0.18,0,0,36.7,77,2.89,12,50,1.27,5.42,9,67,-11,55.81,3.25,0.4,0.53,31.64,95,4.22,11.84,1.45,0.99,0.45,0.54,2.44,3.43,0,31,0.9,33,0.63,20,68,13,18,63,19,20.06,18.96,0.94,106,-1.11,18.77,20.09,0,0,0,0,0,,0,0,,0,0,0,0,0,0,24,11,6.98,42,0.15,0.07,0,-0.03,,0.19
Facundo Almada,Puebla,Liga MX,2026/2027,994,11.05,10,Right Centre Back,,Man,Argentina,28,09/07/98,179,0.09,0.09,0.12,0.14,0.91,10,30,0,,0.12,0,0,0,0,0,0,0,0,0,0.09,0.12,0.91,-0.03,0.54,0.36,0.18,67,0.36,0,0.09,0.45,0.63,0.41,5.7,3.9,5.16,2.44,0.07,2.9,20.21,6.97,0.63,0.81,1.45,100,0.65,1.06,0.54,100,0,66,2.26,0,3.8,2.69,1.18,0.63,0.45,30.57,0.72,19,0.27,43,0,0,0,28.51,80,4.98,13,54,6.7,8.15,11,75,-5,35.57,1.9,0.16,0.27,22.99,98,5.36,1.81,0.09,0.09,0,0.09,1.9,1.99,0,100,0.09,100,0.09,30,68,3,45,55,0,28.01,26.6,0.87,86,-1.41,24.28,22.88,0,0,0,0,0,,0,0,,0,0,0,0,0,0,19,5,2.19,16,0.05,0.04,-0.02,0,,0.07
Daniel Gutiérrez,Puebla,Liga MX,2026/2027,994,11.05,10,Goalkeeper,,Man,Mexico,29,16/06/97,181,0,0,0,,0,,,0,,0,0,0,0,0,0,0,0,0,0,0,0,0,0,0,0,0,,0.27,0,0,0,0,0,0,0,0.09,0.09,0,8.42,2.53,3.98,0,0,0,,0,0,0,,0,,0,0,0.09,0.07,0,0,0,7.56,0,0,0,,0,0,0,19.1,59,7.42,79,38,2.44,16.93,10,48,-11,12.49,1.9,0.07,0.07,17.29,100,6.01,0.91,0.09,0.09,0,0,0,0.09,0,0,0,,0,56,44,0,70,30,0,51.46,50.33,0.72,73,-1.14,36.98,36.69,0.72,0.77,0.05,78,77,1,1.06,3.35,24,13.76,1.69,0.18,0.18,19.38,-3,35,1,1.38,10,0.13,0.07,,,-0.03,0.18
Juan Pablo Vargas,Puebla,Liga MX,2026/2027,994,11.05,10,Left Centre Back,Centre Back,Man,Costa Rica,31,05/06/95,194,0,0,0.05,0.13,0.36,0,25,0,,0.07,0.09,0.02,0.27,0.09,0.02,0.27,0,0,0,0.09,0.06,0.63,0.03,0.45,0.45,0,100,0,0,0.09,0.09,0.91,0.48,6.16,3.99,9.05,4.8,0.03,5.25,23.34,6.06,1.36,1.81,2.72,95,1.15,1.63,0.27,86,0.09,56,1.27,0.09,6.97,4.96,3.08,1.36,0.63,31.58,1.27,18,0.45,33,0.09,0,0,30.96,83,4.34,81,62,6.52,6.61,11,77,-6,37.52,2.35,0.3,0.3,25.8,99,4.34,2.53,0.18,0.18,0,0.09,0.81,1,0,0,0,,0.09,28,68,4,25,71,4,26.23,21.6,0.92,105,-4.62,24.06,22.66,0,0,0,0,0,,0,0,,0,0,0,0,0,0,19,7,2.81,21,0.1,0.05,0.17,0.02,,0.34
Walter Portales,Atlante,Liga MX,2026/2027,984,10.94,10,Right Wing Back,Right Back,Man,USA,23,26/03/04,172,0.09,0.09,0.05,0.06,0.82,11,33,1,,0.07,0.18,0.16,1.37,0.18,0.16,1.37,0,0,0,0.27,0.21,2.19,0.07,1.92,0.91,1.01,48,0.46,0,1.55,1.92,0.73,0.49,1.74,0.9,20.3,11.34,0.01,5.94,38.18,8.32,2.83,2.83,3.57,67,1.93,2.41,0.64,44,1.37,33,0.09,0,16.82,11.15,5.03,2.29,0.91,39.82,5.76,34,1.28,56,0.09,0,0,32.09,72,2.19,22,56,2.1,3.57,13,65,-7,53.64,4.39,0.53,0.56,30.08,89,5.75,7.77,1.01,1.01,0,0.18,1.55,2.56,0,82,0.91,33,0.18,32,60,9,29,60,11,19.2,16.71,0.93,94,-2.49,17.87,15.66,0,0,0,0,0,,0,0,,0,0,0,0,0,0,32,13,6.42,40,0.18,0.07,0.05,0,,0.3
Eduardo Tercero,Atlante,Liga MX,2026/2027,984,10.93,10,Centre Back,Left Centre Back,Man,Mexico,31,05/05/96,182,0.09,0.09,0.02,0.07,0.27,33,33,0,,0.03,0,0,0.09,0,0,0.09,0,0,0,0.09,0.02,0.37,0.07,0.18,0.09,0.09,50,0.55,0,0.09,0.18,0.64,0.57,6.49,4.04,14.45,8.51,0.07,7.96,24.93,10.43,1.55,2.47,3.11,73,1.62,2.19,0.82,40,0.91,50,2.01,0,11.25,6.9,4.94,2.38,1.19,29.77,1.28,11,0.64,27,0.18,0,0,31,80,2.56,14,44,7.41,4.85,14,73,-7,34.84,1.92,0.29,0.29,22.13,99,5.94,2.1,0.18,0.18,0,0,0.46,0.64,0.09,50,0.09,100,0,36,58,5,83,17,0,23.79,24.5,0.87,91,0.71,20.69,22.32,0,0,0,0,0,,0,0,,0,0,0,0,0,0,22,9,3.05,20,0.02,0.06,0.09,0.02,,0.19
Jhojan Julio,Atlante,Liga MX,2026/2027,980,10.89,10,Left Centre Forward,Right Centre Forward,Man,Ecuador,29,10/02/98,172,0.18,0.09,0.19,0.11,1.74,5,42,4,50,0.19,0.37,0.17,1.65,0.37,0.16,1.38,0,0.01,0.28,0.46,0.36,3.4,0.09,2.2,1.29,0.92,58,1.19,0,3.12,4.04,0.28,0.24,0.18,0.11,24.24,10.47,0,4.5,62.13,4.68,3.76,1.93,2.2,88,1.21,1.45,1.74,0,0.28,20,0.37,0,20.56,12.75,3.76,6.24,1.38,63.12,15.15,74,5.05,81,0.09,0,0,18.45,73,1.19,15,48,0.55,2.11,26,80,7,69.32,3.03,0.3,0.55,24.05,74,5.57,9.82,1.47,1.19,0.28,0.37,5.14,6.33,0,38,0.83,43,0.73,16,74,10,16,70,14,17.83,14.21,0.9,98,-3.63,15.99,13.95,0,0,0,0,0,,0,0,,0,0,0,0,0,0,27,9,5.92,39,0.03,0,0.01,0.01,,0.05
Rodrigo López,Pumas UNAM,Liga MX,2026/2027,971,10.79,10,Right Back,Right Centre Back,Man,Mexico,25,11/11/01,173,0.09,0.09,0.01,0.03,0.46,20,20,0,,0,0.19,0.08,1.02,0.19,0.08,1.02,0,0,0,0.28,0.09,1.48,0.18,0.37,0.19,0.19,50,0.37,0,1.2,0.74,1.2,1.16,1.95,1.56,12.32,5.93,0.02,4.63,35.96,7.78,2.78,2.13,3.34,68,1.74,2.9,1.02,47,1.02,48,1.02,0,9.17,8.01,2.87,1.67,0.65,41.24,3.61,39,1.2,72,0.09,0,0,42.52,74,5.28,11,54,2.78,8.89,11,70,-4,50.19,4.63,0.28,0.32,37.71,95,4.07,9.73,1.76,1.67,0.09,0.19,1.02,2.69,0,37,0.74,28,0.28,26,63,12,33,57,10,23.27,17.84,0.89,103,-5.43,20.72,18.29,0,0,0,0,0,,0,0,,0,0,0,0,0,0,26,6,4.96,35,0.1,0.04,0.08,-0.02,,0.19
Sébastien Salles-Lamonge,Atlético San Luis,Liga MX,2026/2027,968,10.76,10,Left Defensive Midfielder,Left Attacking Midfielder,Man,France,31,27/01/96,174,0.28,0.09,0.09,0.05,1.77,5,26,1,100,0.07,0.09,0.15,2.04,0.09,0.08,1.39,0,0.06,0.65,0.19,0.23,3.81,-0.05,1.12,0.74,0.37,67,1.95,0,1.67,1.95,0.65,0.64,0.37,0.47,15.24,6.97,0,3.35,48.34,6.6,2.32,1.21,1.86,81,1.4,2.04,1.21,40,0.28,27,0.37,0,12.83,14.22,2.7,3.35,0.93,50.03,6.88,54,1.95,58,0,0,0,49.36,84,4,17,55,0.56,7.06,14,84,0,53.62,6.04,0.38,0.45,46.94,94,4.13,13.48,2.14,1.39,0.74,0.28,1.77,3.16,0,13,0.28,21,0.37,15,70,15,21,70,9,20.22,15.8,0.92,102,-4.43,18.63,16.05,0,0,0,0,0,,0,0,,0,0,0,0,0,0,18,9,6.94,50,0.08,0.05,-0.06,-0.03,,0.04
Román Torres,Atlético San Luis,Liga MX,2026/2027,960,10.66,10,Right Wing Back,Right Back,Man,Mexico,22,21/12/04,179,0,0,0.04,0.08,0.47,0,20,1,,0.01,0.09,0.11,1.13,0.09,0.11,1.13,0,0,0,0.09,0.15,1.59,-0.06,0.75,0.56,0.19,75,0.28,0,0.94,1.5,0.09,0.13,2.44,2.02,13.13,5.53,0.03,3.28,32.81,5.81,1.78,2.25,2.34,73,2.45,2.57,0.66,50,0.84,31,0.38,0,10.22,10.24,2.34,2.44,0.56,36.92,2.34,23,1.13,46,0.09,0,0,35.63,78,2.34,24,51,3.09,3.94,12,63,-15,54.14,3.19,0.38,0.44,31.88,94,3.93,11.16,1.22,1.13,0.09,0.19,1.88,3,0,62,0.84,41,0.19,23,62,16,17,60,24,19.14,16.98,0.91,104,-2.16,17.44,17.58,0,0,0,0,0,,0,0,,0,0,0,0,0,0,24,9,4.66,34,0.12,0.03,0.03,-0.03,,0.15
Jesús Murillo,Juárez,Liga MX,2026/2027,943,10.47,10,Right Centre Back,Centre Back,Man,Colombia,33,17/02/94,183,0,0,0.04,0.06,0.67,0,0,0,,0,0,0,0.1,0,0,0.1,0,0,0,0,0.04,0.76,-0.04,0.19,0.19,0,100,0.19,0,0,0.29,2.1,1.2,4.49,3.41,10.69,4.58,0.05,4.87,21.25,8.88,1.81,0.76,2.86,62,0.53,1.73,1.05,57,0.48,61,2.39,0,8.88,6.11,3.34,1.05,0.48,24.78,0.57,6,0.1,9,0.38,0,0,30.17,79,3.25,21,63,5.16,4.49,12,56,-23,35.47,1.72,0.17,0.2,22.34,99,4.71,1.72,0.1,0.1,0,0,1.15,1.24,0,0,0,0,0,32,61,6,56,44,0,22.95,24.35,0.95,103,1.4,21.9,25.04,0,0,0,0,0,,0,0,,0,0,0,0,0,0,21,9,0.91,8,0.05,0.04,-0.05,-0.05,,-0.01
Ezequiel Bullaude,Santos Laguna,Liga MX,2026/2027,938,10.43,10,Centre Forward,Left Wing,Man,Argentina,26,25/10/00,184,0.29,0.29,0.3,0.1,2.97,10,45,5,,0.3,0.1,0.19,1.34,0.1,0.19,1.34,0,0,0,0.38,0.49,4.32,-0.11,1.44,0.96,0.48,67,1.82,0.1,2.01,3.26,0.48,0.42,0.38,0.49,22.92,11.51,0,5.95,53.4,6.71,3.26,2.4,2.88,89,2.12,2.54,2.11,67,0.29,56,1.34,0,18.51,17.87,5.28,5.37,1.73,55.97,10.65,58,4.12,77,0,0,0,23.6,80,1.15,13,60,0.48,1.82,23,80,0,57.97,2.3,0.41,0.74,24.17,82,5.15,8.92,0.48,0.48,0,0.48,6.52,7,0.29,40,0.29,43,0.77,15,66,20,16,70,14,17.35,15.45,0.95,101,-1.9,16.5,15.63,0,0,0,0,0,,0,0,,0,0,0,0,0,0,21,8,3.94,24,-0.01,-0.03,0.03,0.04,,0.02
Camilo Vargas,Atlas,Liga MX,2026/2027,931,10.35,9,Goalkeeper,,Man,Colombia,38,08/03/89,183,0,0,0,,0,,,0,,0,0,0,0,0,0,0,0,0,0,0,0,0,0,0,0,0,,0,0,0,0,0,0,0,0,0.19,0.19,0,6.77,3.01,2.71,0,0,0,0,0,0,0,50,0.1,,0,0,0.19,0.15,0.19,0,0,9.98,0,0,0,,0,0,0,18.17,83,4.35,64,49,1.74,7.06,11,59,-24,10.47,0.29,0.15,0.15,15.08,100,3.98,0.1,0,0,0,0,0.1,0.1,0,,0,,0,32,68,0,100,0,0,31.16,38.72,0.78,78,7.57,24.36,30.01,0.97,1.3,0.33,68,57,11,1.11,3,26,11.41,2.09,0.58,0.39,17.87,-3,18,5,1.88,14,0.06,0.04,,,0.13,0.23
Luis Jiménez,Necaxa,Liga MX,2026/2027,922,10.25,9,Goalkeeper,,Man,Mexico,22,26/08/04,195,0,0,0,,0,,,0,,0,0,0,0.2,0,0,0.1,0,0,0.1,0,0,0.2,0,0.1,0.1,0,100,0.2,0,0,0,0,0,0,0,0.1,0.1,0,8.88,3.29,4.1,0,0,0,,0,0,0,,0,,0,0,0.1,0.15,0,0,0,89.5,0.1,100,0,,0,0,0.1,21.47,73,5.66,7,44,3.61,9.27,27,69,-4,11.35,0.88,0.14,0.14,20.5,100,5.55,0.49,0,0,0,0,0,0,0,,0,,0,48,52,0,100,0,0,37.4,36.45,0.72,74,-0.95,27.11,27.06,1.27,1.34,0.07,73,72,1,1.27,4.78,32,15.03,1.84,0.29,0.29,21.42,-2,25,3,2.51,16,0.1,0.06,-0.1,,-0.11,-0.05
Santiago Homenchenko,Querétaro,Liga MX,2026/2027,921,10.24,9,Left Defensive Midfielder,Right Defensive Midfielder,Man,Uruguay,23,29/08/03,185,0.39,0.2,0.08,0.04,2.05,10,24,2,100,0.07,0.2,0.14,1.56,0.2,0.12,1.37,0,0.02,0.2,0.39,0.22,3.61,0.17,0.49,0.29,0.2,60,1.17,0,1.47,0.68,0.98,0.66,1.66,0.82,19.83,10.06,0.01,7.23,41.17,9.77,4.1,2.93,3.91,73,1.84,2.5,1.56,27,1.07,63,0.98,0,15.53,8.88,4.98,2.93,0.78,43.84,6.15,40,1.76,60,0.39,0,0,38.2,69,4.49,77,43,3.42,8.69,17,66,-3,51.48,5.57,0.5,0.62,31.07,93,4.56,9.67,2.15,1.66,0.49,0.1,1.47,3.13,0.39,18,0.49,31,0,27,65,8,27,69,4,24.81,23.89,0.85,78,-0.92,21.1,18.52,0,0,0,0,0,,0,0,,0,0,0,0,0,0,28,8,6.98,44,0.15,0.07,0.06,-0.04,,0.24
Diego Reyes,Querétaro,Liga MX,2026/2027,921,10.24,9,Right Centre Back,Centre Back,Man,Mexico,34,18/09/92,192,0,0,0.01,0.06,0.2,0,50,0,,0.03,0,0,0,0,0,0,0,0,0,0,0.01,0.2,-0.01,0,0,0,,0.59,0.1,0.2,0,0.59,0.35,4.4,1.9,5.96,2.93,0.09,3.22,18,9.09,1.37,0.88,1.47,69,0.57,0.92,0.29,33,0.39,42,1.27,0,4.79,2.78,1.86,0.59,0.2,22.15,0.29,6,0.1,17,0.29,0,0,22.67,79,2.15,12,51,5.08,3.52,13,72,-7,36.42,2.05,0.13,0.13,14.26,99,4.23,2.05,0,0,0,0,0.2,0.2,0,,0,,0,34,62,3,33,67,0,24.05,23.99,0.94,95,-0.05,22.54,22.83,0,0,0,0,0,,0,0,,0,0,0,0,0,0,25,11,2.7,17,0.03,0.02,0.06,0.01,,0.12
Guillermo Allison,Querétaro,Liga MX,2026/2027,921,10.24,9,Goalkeeper,,Man,Mexico,36,24/09/90,190,0,0,0,,0,,,0,,0,0,0,0,0,0,0,0,0,0,0,0,0,0,0,0,0,,0.2,0,0,0,0,0,0,0,0.1,0.1,0,7.82,2.33,2.83,0,0,0,,0,0,0,,0,,0,0,0.1,0.08,0.1,0,0,9.65,0,0,0,,0,0,0,12.8,66,5.76,23,42,0.88,12.9,6,53,-12,9.74,0.98,0.12,0.12,11.63,100,6.61,0.39,0,0,0,0,0,0,0,,0,,0,57,43,0,100,0,0,47.01,45.59,0.73,73,-1.42,34.45,33.48,0.39,0.69,0.3,88,78,9,1.11,3.13,20,15.63,1.58,0.39,0.29,16.27,-4,27,3,0.87,5,0.09,0.06,,,0.19,0.34
Alí Ávila,Querétaro,Liga MX,2026/2027,920,10.23,9,Centre Forward,Right Centre Forward,Man,Mexico,23,22/09/03,176,0.39,0.39,0.44,0.21,2.05,19,48,5,0,0.5,0,0.08,0.68,0,0.08,0.68,0,0,0,0.39,0.52,2.74,-0.13,1.27,0.49,0.78,38,0.88,0.1,1.96,2.44,0.49,0.26,1.27,0.65,18.28,8.7,0.01,2.64,61.09,4.89,3.32,0.88,1.37,75,0.59,0.85,2.05,40,0.29,34,1.37,0,15.35,8.12,2.35,1.56,0.29,66.94,12.03,78,1.27,81,0.29,0,0,15.25,69,0.78,11,50,1.37,1.47,19,58,-12,61.45,1.27,0.47,0.65,16.04,74,4.89,5.38,0.68,0.68,0,0.39,4.89,5.57,0.1,43,0.29,60,0.78,14,62,24,16,69,15,16.95,14.24,1.01,95,-2.71,17.19,13.53,0,0,0,0,0,,0,0,,0,0,0,0,0,0,32,6,2.85,18,0.01,-0.05,0.02,0.07,,0.05
Jesús Garza,Tigres UANL,Liga MX,2026/2027,920,10.23,9,Right Back,Left Back,Man,Mexico,26,05/06/00,167,0,0,0.02,0.04,0.49,0,20,1,,0,0,0.01,0.39,0,0.01,0.39,0,0,0,0,0.03,0.88,-0.03,0.49,0.2,0.29,40,0.78,0,0.49,1.08,1.27,1.39,1.37,1.64,13.98,8.21,0.02,4.79,36.85,8.7,3.32,1.47,2.74,45,1.48,2.87,1.56,30,1.76,67,0.59,0,10.95,10.99,3.52,2.93,1.08,40.23,4.01,37,1.66,57,0.1,0,0,38.82,82,1.47,9,39,1.66,3.42,11,75,-7,52.03,4.5,0.33,0.34,32.27,96,3.41,9.29,0.59,0.1,0.49,0.1,0.98,1.08,0,17,0.1,5,0.2,30,59,12,33,55,13,17.92,17.33,0.93,99,-0.59,16.59,17.07,0,0,0,0,0,,0,0,,0,0,0,0,0,0,27,16,4.4,24,0.07,0.03,0.04,-0.02,,0.13
Alejandro Gómez,Tijuana,Liga MX,2026/2027,919,10.21,9,Left Centre Back,Right Centre Back,Man,Mexico,25,30/01/02,185,0.1,0.1,0.06,0.07,0.78,13,38,0,,0.03,0,0.02,0.29,0,0.02,0.29,0,0,0,0.1,0.08,1.08,0.02,0.1,0.1,0,100,0.49,0,0.29,0.29,1.08,1.05,4.41,3.14,14.69,6.17,0.03,7.45,24.82,8.23,1.47,2.16,3.23,85,1.86,2.91,0.98,80,0.39,71,0.98,0,11.56,8.5,5.19,1.57,0.78,27.88,1.86,16,0.69,44,0,0,0,49.47,88,7.64,87,66,6.17,9.8,11,82,-5,35.9,5,0.44,0.46,40.26,99,5.25,5.68,0.59,0.59,0,0,1.18,1.76,0.2,33,0.2,100,0.1,30,67,3,40,60,0,26.86,28.04,0.92,100,1.18,24.72,27.95,0,0,0,0,0,,0,0,,0,0,0,0,0,0,18,8,4.09,24,0.11,0.08,0.03,-0.03,,0.19
Antonio Rodríguez,Tijuana,Liga MX,2026/2027,919,10.21,9,Goalkeeper,,Man,Mexico,34,03/07/92,186,0,0,0,,0,,,0,,0,0,0,0,0,0,0,0,0,0,0,0,0,0,0,0,0,,0.1,0,0,0.1,0,0,0,0,0.1,0,0,6.66,2.55,3.92,0,0,0,,0,0,0,,0,,0,0.1,0.1,0.05,0,0,0,19.55,0,0,0,,0,0,0,26.35,79,8.52,18,53,3.23,12.74,16,74,-5,14.75,0.59,0.28,0.28,23.71,100,4.03,0.49,0,0,0,0,0,0,0,,0,,0,29,71,0,80,20,0,36.79,39.34,0.79,84,2.55,29.15,33,1.08,1.03,-0.04,74,75,-1,1,4.11,34,12.15,1.96,0.2,0.2,14.66,-4,19,2,2.66,16,0.11,0.04,,,-0.19,-0.04
Daniel Parra,Querétaro,Liga MX,2026/2027,916,10.18,9,Left Back,Left Wing Back,Man,Mexico,27,19/07/99,180,0,0,0.07,0.1,0.69,0,0,1,,0,0.1,0.06,0.79,0.1,0.06,0.79,0,0,0,0.1,0.13,1.47,-0.03,0.69,0.49,0.2,71,0.98,0,1.38,1.08,1.77,0.91,3.14,1.5,17.19,9.04,0.02,5.11,30.92,8.35,2.55,2.26,4.03,72,1.2,2.11,1.38,43,0.88,68,1.47,0,13.55,7.49,3.14,1.96,0.49,35.74,3.73,28,1.28,65,0.39,0,0,26.23,73,1.87,85,43,3.73,3.73,9,81,8,47.55,4.22,0.35,0.4,22.1,91,5.64,4.42,0.98,0.59,0.39,0.1,2.06,2.65,0.29,30,0.49,31,0.2,36,58,7,31,64,4,21.94,21.93,0.9,96,0,19.69,21,0,0,0,0,0,,0,0,,0,0,0,0,0,0,28,9,4.64,29,0.13,0.03,0.09,-0.07,,0.17
Joaquim,Tigres UANL,Liga MX,2026/2027,915,10.17,10,Right Centre Back,Centre Back,Man,Brazil,28,27/12/98,187,0,0,0.07,0.08,0.88,0,22,0,,0.01,0.1,0.02,0.2,0.1,0.02,0.2,0,0,0,0.1,0.1,1.08,0,0.2,0.2,0,100,0.49,0,0.29,0.39,0.79,0.81,4.92,5.25,10.03,4.62,0.05,4.33,27.19,8.26,2.06,1.57,2.36,73,1.95,2.76,0.98,33,0.59,67,3.24,0,7.47,8.31,3.15,1.77,0.79,34.26,1.87,25,0.79,44,0.1,0,0,36.57,83,5.21,16,65,5.9,7.08,13,59,-24,39.61,4.23,0.17,0.24,29.89,98,5.13,4.72,0.39,0.2,0.2,0.1,2.36,2.56,0,0,0,,0.1,25,73,2,40,58,2,25.32,21.19,0.95,88,-4.13,23.95,18.67,0,0,0,0,0,,0,0,,0,0,0,0,0,0,19,4,1.94,11,0.04,0.03,0.06,-0.06,,0.07
Juan Guevara,León,Liga MX,2026/2027,915,10.17,9,Left Centre Back,Right Centre Back,Man,Colombia,25,25/06/01,182,0,0,0.05,0.13,0.39,0,0,0,,0,0,0.02,0.2,0,0.02,0.2,0,0,0,0,0.07,0.59,-0.07,0.1,0.1,0,100,1.28,0,0.39,0.1,0.49,0.57,4.72,5.08,12.29,7.18,0.06,4.92,24.29,10.62,1.87,2.36,2.85,92,2.17,2.74,1.48,86,0.2,50,1.48,0,8.46,8.33,3.54,1.97,0.69,30.44,1.67,20,1.08,55,0.3,0,0,49.66,88,3.84,39,59,4.82,6.39,7,74,-14,34.55,2.26,0.36,0.4,42.58,99,4.89,2.56,0,0,0,0.1,1.18,1.18,0,,0,,0.1,24,73,3,46,54,0,22.06,18.66,0.93,93,-3.39,20.48,17.32,0,0,0,0,0,,0,0,,0,0,0,0,0,0,13,6,3.89,26,0.07,0.06,0.09,-0.06,,0.15
Óscar García,León,Liga MX,2026/2027,912,10.13,9,Goalkeeper,,Man,Mexico,23,01/07/03,186,0,0,0,,0,,,0,,0,0,0.01,0.2,0,0.01,0.2,0,0,0,0,0.01,0.2,-0.01,0,0,0,,0.1,0,0,0,0,0,0,0,0,0,0,7.8,2.93,4.05,0,0,0,,0,0,0,,0,,0,0,0,0,0,0,0,,0,,0,,0,0,0,25.08,76,4.54,16,40,2.17,9.28,13,70,-7,12.96,0.79,0.14,0.15,22.11,100,6.26,0.59,0,0,0,0,0,0,0.1,,0,,0,41,59,0,83,17,0,36.5,40.12,0.75,76,3.62,27.3,30.41,0.79,0.68,-0.11,76,79,-3,1.07,3.26,26,12.54,1.79,0.3,0.2,17.92,-3,17,2,2.06,13,0.08,0.07,0,,-0.12,0.04
Lucas Abascia,Querétaro,Liga MX,2026/2027,912,10.13,9,Left Centre Back,,Man,Argentina,31,09/12/95,181,0,0,0.05,0.1,0.49,0,20,0,,0,0,0.01,0.2,0,0.01,0.2,0,0,0,0,0.06,0.69,-0.06,0.2,0.2,0,100,0.39,0,0.49,0.2,1.48,0.65,4.54,2.41,12.34,5.73,0.06,5.83,19.18,11.06,1.28,2.27,3.75,85,1.57,2.22,1.18,67,0.39,50,1.68,0,8.89,5.17,3.95,0.99,0.49,22.9,0.59,7,0.2,20,0.49,0,0,31.6,77,4.34,24,52,5.43,7.41,15,64,-13,36.09,2.86,0.31,0.32,22.91,97,5.8,2.67,0.1,0.1,0,0,0.89,0.99,0,0,0,,0,35,62,3,48,52,0,27.69,22.11,0.88,89,-5.58,24.41,19.63,0,0,0,0,0,,0,0,,0,0,0,0,0,0,20,7,3.11,21,0.07,0.06,-0.12,-0.05,,-0.04
Fernando Gorriarán,Tigres UANL,Liga MX,2026/2027,906,10.06,9,Right Defensive Midfielder,Left Defensive Midfielder,Man,Uruguay,32,26/11/94,168,0.1,0.1,0.09,0.08,1.09,9,9,1,,0.08,0,0.07,0.99,0,0.06,0.89,0,0.01,0.1,0.1,0.16,2.09,-0.06,0.3,0.3,0,100,1.49,0,1.39,1.09,0.5,0.47,1.19,1.11,20.77,10.93,0.06,6.26,46.27,8.05,4.87,2.68,3.18,71,3.08,3.55,1.99,39,1.09,35,0.6,0.1,16.1,17.43,4.77,4.37,1.29,48.57,7.95,49,2.88,66,0.3,0.1,0,46.4,82,3.68,15,57,1.69,5.96,14,76,-6,53.51,5.27,0.45,0.49,36.86,94,4.23,12.22,0.89,0.7,0.2,0.2,1.89,2.58,0,11,0.1,17,0.4,19,73,8,25,68,7,19.79,16.98,0.96,93,-2.82,19.09,15.88,0,0,0,0,0,,0,0,,0,0,0,0,0,0,19,8,6.15,35,0,0.04,0.05,-0.01,,0.08
Adonis Preciado,Tijuana,Liga MX,2026/2027,905,10.05,9,Left Midfielder,Right Midfielder,Man,Ecuador,30,22/03/97,175,0,0,0.07,0.09,0.8,0,0,1,,0,0.2,0.37,2.09,0.2,0.37,2.09,0,0,0,0.2,0.44,2.88,-0.24,2.39,1.09,1.29,46,2.49,0.2,1.69,3.28,0.3,0.15,1.79,1.05,8.65,3.88,0,2.88,33.77,4.18,1.79,1.89,2.19,79,1.24,1.38,0.7,58,0.5,50,0.99,0,6.07,3.84,1.49,0.8,0.2,39.35,1.79,30,0.6,75,0.2,0,0,17.01,71,0.8,29,44,2.49,1.09,32,63,-9,65.48,1.99,0.34,0.69,20.19,81,8.41,6.96,1.39,1.29,0.1,1.19,3.88,5.17,0,57,1.89,58,1.29,14,64,23,11,60,29,18.33,17.64,0.97,107,-0.69,17.73,18.89,0,0,0,0,0,,0,0,,0,0,0,0,0,0,35,13,5.02,29,0.24,0.17,0.03,-0.08,,0.36
Iván Tona,Tijuana,Liga MX,2026/2027,901,10.01,9,Centre Defensive Midfielder,Left Defensive Midfielder,Man,Mexico,27,31/03/00,175,0,0,0.04,0.09,0.5,0,20,0,,0.06,0,0.02,0.5,0,0.02,0.5,0,0,0,0,0.07,1,-0.07,0.8,0.7,0.1,88,1,0,1.1,0.8,1,0.74,1.5,1.11,16.89,9.49,0.02,7.69,36.61,10.79,3.5,1.4,2.4,64,1.04,1.79,1.1,57,0.8,35,0.7,0.1,14.39,10.72,5.4,2.9,1.4,39.05,4.3,30,1.5,52,0.3,0,0,46.96,87,9.99,15,75,2.8,11.99,13,91,4,44.18,5.5,0.41,0.43,38.27,96,4.83,6.89,0.8,0.7,0.1,0,0.3,1,0.2,13,0.1,25,0,15,74,11,14,81,4,26.34,22.39,0.95,97,-3.95,24.97,21.66,0,0,0,0,0,,0,0,,0,0,0,0,0,0,15,5,5.7,34,0.02,0.07,0.07,0.01,,0.17
Raúl Rangel,Guadalajara,Liga MX,2026/2027,901,10.01,9,Goalkeeper,,Man,Mexico,27,24/02/00,190,0,0,0,,0,,,0,,0,0,0,0.1,0,0,0,0,0,0.1,0,0,0.1,0,0.1,0.1,0,100,0.2,0,0,0,0,0,0,0,0.1,0.1,0,5.2,3.07,3.6,0,0,0,,0,0,0,,0,,0,0,0.1,0.06,0.1,0,0,9.08,0,0,0,,0,0,0,21.59,85,5.2,19,57,2.1,7,22,81,-4,10.36,0.2,0.17,0.17,18.49,100,3.44,0.1,0,0,0,0,0,0,0,,0,,0,39,61,0,100,0,0,31.2,29.43,0.83,85,-1.76,25.9,25.11,0.6,0.78,0.18,81,76,6,0.85,3.2,30,10.59,2.24,0.2,0.2,24.02,-4,13,4,0.89,5,0.05,0.04,,,-0.06,0.03
Roberto Alvarado,Guadalajara,Liga MX,2026/2027,901,10.01,9,Right Wing Back,Right Centre Forward,Man,Mexico,28,06/09/98,176,0.4,0.4,0.22,0.13,1.7,24,53,1,,0.39,0.1,0.08,1.5,0.1,0.07,1.3,0,0.01,0.2,0.5,0.3,3.2,0.2,2.3,1,1.3,43,2.1,0,1.9,2.5,0,0,1,1.12,9.39,4.5,0.01,1.5,52.47,5.8,3.3,1,1,77,1.19,1.19,0.6,40,0.3,67,0.8,0.1,7.8,8.93,1.4,1.9,0.4,59.01,5.3,68,1.6,84,0.1,0,0,44.57,86,2.4,77,59,1.4,3.7,19,88,2,61.94,5.3,0.49,0.74,42.57,92,5.9,19.59,1.5,1.1,0.4,0.4,3.3,4.4,0,20,0.7,64,0.7,11,73,16,11,73,16,17.74,15.59,0.95,106,-2.15,16.91,16.5,0,0,0,0,0,,0,0,,0,0,0,0,0,0,16,8,7.36,45,-0.02,0.08,-0.01,0.18,,0.22
Salomón Rondón,Pachuca,Liga MX,2026/2027,900,10,10,Centre Forward,Left Centre Forward,Man,Venezuela,37,15/09/89,186,1,0.8,0.49,0.14,3.6,22,33,11,100,0.45,0,0.06,0.7,0,0.06,0.7,0,0,0,0.8,0.56,4.3,0.24,0.3,0,0.3,0,0.6,0,1.1,1.9,0,0,0.7,0.59,11.5,4.6,0.02,2.9,64.61,2.3,1.6,0.2,0.2,67,0.1,0.1,0.9,0,0.1,57,2,0,10.4,9.47,2.9,2,0.6,69.76,8.8,85,1.9,95,0,0,0,10.3,72,0.5,21,45,1.2,0.6,26,74,2,61.12,1.4,0.24,0.61,10.3,76,3.7,3.8,0.2,0.2,0,0.2,6.2,6.4,0.1,0,0,,0.2,13,71,16,13,76,11,16.2,18.15,0.91,77,1.95,14.78,13.99,0,0,0,0,0,,0,0,,0,0,0,0,0,0,30,8,2.01,12,-0.03,-0.08,-0.01,-0.04,,-0.16
Carlos Alberto Rodríguez,Cruz Azul,Liga MX,2026/2027,899,9.99,10,Left Attacking Midfielder,Left Defensive Midfielder,Man,Mexico,30,02/01/97,171,0,0,0.03,0.03,0.9,0,33,1,,0.03,0.5,0.24,3.3,0.4,0.22,2.8,0.1,0.02,0.5,0.5,0.27,4.21,0.23,1,0.8,0.2,80,1.1,0,1.1,1.2,0.5,0.62,0.5,0.57,14.32,5.81,0.02,5.51,49.63,7.41,3.7,1.5,2,79,1.64,2.25,0.7,20,0.4,0,0,0,12.12,14.9,4.51,3.3,1.7,51.98,7.21,60,2.7,82,0.2,0,0,43.65,79,3.2,16,58,0.8,5.21,15,77,-1,57.27,5.71,0.82,0.93,40.55,95,5.1,14.02,3.6,2.8,0.8,0.3,2.1,4.91,0.5,17,0.8,44,0.3,22,67,11,31,64,6,19.59,17.38,0.95,98,-2.21,18.69,17.08,0,0,0,0,0,,0,0,,0,0,0,0,0,0,18,7,11.46,52,0.17,0.11,0.03,-0.03,,0.28
Alejandro Organista,Puebla,Liga MX,2026/2027,894,9.93,10,Right Defensive Midfielder,Left Defensive Midfielder,Man,Mexico,26,01/06/00,171,0,0,0.01,0.03,0.4,0,0,0,,0,0.1,0.07,2.01,0.1,0.05,1.51,0,0.02,0.5,0.1,0.08,2.42,0.02,0.91,0.7,0.2,78,0.7,0,1.81,1.31,0.4,0.19,0.6,0.48,21.75,12.28,0.01,7.35,39.98,8.96,3.73,2.11,2.52,70,1.48,1.67,1.61,33,0.91,63,0.5,0,18.02,11.34,6.04,2.11,0.91,41.92,6.34,35,1.41,67,0.1,0,0,38.46,86,3.62,16,71,1.51,4.23,14,86,0,52.23,4.13,0.22,0.26,34.63,92,4.5,8.46,0.91,0.4,0.5,0.1,1.21,1.61,0,22,0.2,29,0.1,16,70,15,23,68,10,19.69,20.23,0.97,102,0.54,19.17,20.68,0,0,0,0,0,,0,0,,0,0,0,0,0,0,15,6,5.54,41,-0.02,0.03,0.06,-0.02,,0.05
Óscar Macías,Atlético San Luis,Liga MX,2026/2027,890,9.89,10,Right Defensive Midfielder,Left Defensive Midfielder,Man,Mexico,28,08/07/98,175,0.1,0.1,0.02,0.05,0.4,25,25,0,,0.08,0.1,0.06,0.51,0.1,0.06,0.51,0,0,0,0.2,0.08,0.91,0.13,0.3,0.1,0.2,33,1.52,0,1.21,0.81,0.71,0.62,1.01,0.84,16.48,8.79,0.02,5.05,40.06,9.5,4.25,2.32,3.03,85,2.66,3.28,0.91,50,0.4,30,0.3,0,13.24,13.93,4.14,3.03,0.71,43.34,4.45,34,1.31,43,0.1,0,0,47.3,88,3.84,16,76,1.82,4.25,17,72,-16,46.92,4.75,0.34,0.4,40.94,95,3.78,8.39,0.1,0.1,0,0.2,0.81,0.91,0,0,0.1,33,0.1,19,71,10,29,66,5,18.96,16.8,1,110,-2.17,18.99,18.4,0,0,0,0,0,,0,0,,0,0,0,0,0,0,17,9,3.74,27,0.01,0.04,0.03,0.05,,0.13
Christian Rivera,Pachuca,Liga MX,2026/2027,886,9.84,9,Right Defensive Midfielder,Centre Defensive Midfielder,Man,Colombia,31,13/01/96,185,0,0,0.01,0.04,0.41,0,25,1,,0,0,0.01,0.41,0,0.01,0.41,0,0,0,0,0.02,0.81,-0.02,0.3,0.2,0.1,67,0.91,0,0.81,0.61,0.71,0.6,0.91,0.6,20.63,11.18,0.01,6.71,41.02,10.37,3.76,3.46,4.17,81,2.67,3.27,1.83,38,0.81,45,0.51,0.1,15.35,12.75,5.49,3.05,1.22,42.36,4.98,32,1.42,47,0.2,0,0.1,43.5,89,3.56,4,64,1.83,4.67,11,76,-14,46.33,4.27,0.46,0.46,37.6,96,4.6,6.61,0.3,0.3,0,0,0.51,0.81,0.1,0,0.1,50,0.2,18,74,8,28,71,2,20.43,19.41,0.94,97,-1.01,19.27,18.75,0,0,0,0,0,,0,0,,0,0,0,0,0,0,12,5,4.9,31,0.04,0.05,0.05,-0.01,,0.14
Franco Pardo,Santos Laguna,Liga MX,2026/2027,882,9.8,9,Right Centre Back,Centre Back,Man,Argentina,30,04/04/97,186,0,0,0.03,0.05,0.61,0,17,0,0,0,0,0.01,0.2,0,0.01,0.2,0,0,0,0,0.04,0.82,-0.04,0.71,0.71,0,100,0.61,0,0.31,0.2,0.82,0.71,2.25,2.37,9.9,3.47,0.05,4.59,24.97,7.15,1.23,1.53,2.35,63,1.7,2.41,0.61,31,0.92,45,1.33,0,7.76,8.64,3.16,1.02,0.51,29.3,1.33,17,0.31,30,0.1,0,0,39.92,83,5.72,7,65,2.86,8.17,9,75,-8,36.71,3.47,0.36,0.36,34.51,99,3.92,3.57,0.41,0.41,0,0,1.02,1.43,0,25,0.1,33,0.1,30,67,2,37,60,3,26.3,22.34,0.93,101,-3.95,24.42,22.67,0,0,0,0,0,,0,0,,0,0,0,0,0,0,15,6,3.66,22,0.07,0.06,0.06,-0.04,,0.16
Eugenio Pizzuto,Atlante,Liga MX,2026/2027,881,9.79,10,Centre Defensive Midfielder,Right Centre Midfielder,Man,Mexico,25,12/05/02,174,0.2,0.2,0.08,0.06,1.43,14,21,2,,0.15,0,0.06,0.92,0,0.04,0.72,0,0.01,0.2,0.2,0.14,2.35,0.07,0.61,0.51,0.1,83,1.02,0,1.53,0.82,0.72,0.3,1.12,0.61,17.88,9.4,0,5.82,43.68,11.03,5.41,1.53,2.25,56,1.13,1.43,0.82,41,1.23,53,1.02,0,15.53,10.03,4.9,3.68,1.02,46.44,7.05,45,2.04,56,0.2,0,0,35.55,77,4.49,75,55,2.35,6.95,19,77,0,54.31,4.7,0.42,0.49,30.34,93,5.25,8.38,0.61,0.31,0.31,0.1,0.92,1.23,0,0,0.1,10,0.1,20,66,14,24,70,6,21.97,18.88,0.91,95,-3.09,20.01,18.02,0,0,0,0,0,,0,0,,0,0,0,0,0,0,20,7,6.49,46,-0.01,0.05,0.04,0.06,,0.14
Robert Morales,Pumas UNAM,Liga MX,2026/2027,879,9.77,9,Right Centre Forward,Centre Forward,Man,Paraguay,28,16/03/99,179,0.2,0.2,0.16,0.08,1.94,11,26,5,,0.14,0.2,0.06,1.13,0.2,0.06,1.13,0,0,0,0.41,0.22,3.07,0.19,0.61,0.51,0.1,83,0.61,0,1.13,1.33,0.2,0.11,0.51,0.32,15.25,7.98,0.01,2.76,62.33,3.38,2.35,0.51,0.72,63,0.51,0.62,1.02,0,0.31,40,1.64,0,13.72,11.21,2.56,1.84,0.61,65.38,10.34,75,1.33,72,0,0,0,12.18,73,0.72,15,64,0.61,1.02,16,71,-2,61.08,1.64,0.24,0.4,10.65,80,5.45,4.91,0.41,0.41,0,0.31,4.3,4.71,0,50,0.31,60,0.41,10,70,20,10,79,10,17.71,12.83,1.01,105,-4.88,17.82,13.53,0,0,0,0,0,,0,0,,0,0,0,0,0,0,29,8,2.61,18,-0.04,0.01,0.03,-0.02,,-0.02
Federico Pereira,Toluca,Liga MX,2026/2027,877,9.75,9,Left Centre Back,Right Centre Back,Man,Uruguay,27,23/02/00,185,0,0,0.02,0.05,0.51,0,0,0,,0,0,0,0.1,0,0,0.1,0,0,0,0,0.03,0.62,-0.03,0.51,0.51,0,100,0.92,0,0.62,0.1,2.26,2.72,5.95,7.22,13.95,5.75,0.1,6.67,25.57,11.28,2.36,2.56,4.82,89,3.05,5.78,1.23,63,0.31,73,4.1,0,10.16,12.72,4.41,1.13,0.31,31.26,2.05,20,0.21,18,0,0,0,55.6,88,8.1,14,77,6.98,9.54,12,68,-20,36.89,2.98,0.43,0.43,46.78,98,5.54,3.69,0.1,0.1,0,0,1.03,1.13,0,0,0,0,0,24,74,2,25,75,0,24.1,20.48,0.96,104,-3.63,23.11,21.33,0,0,0,0,0,,0,0,,0,0,0,0,0,0,14,7,4.92,26,0.06,0.06,0.26,-0.03,,0.35
Fernando Monárrez,Puebla,Liga MX,2026/2027,871,9.68,10,Left Back,Left Centre Back,Man,Mexico,27,21/07/99,172,0.1,0.1,0.03,0.03,1.34,8,23,2,,0.01,0,0.02,0.62,0,0.02,0.62,0,0,0,0.1,0.06,1.96,0.05,1.96,0.83,1.14,42,1.24,0,1.03,1.55,1.24,0.72,2.27,1.33,15.39,8.78,0.04,6.71,31.79,10.85,3.62,2.17,3.41,57,1.23,1.95,0.62,39,1.65,59,1.03,0,12.6,8.31,4.85,2.17,0.62,36.73,3.31,26,1.45,67,0.21,0,0,34.29,76,5.16,84,66,3.41,6.71,13,62,-14,46.96,6.4,0.28,0.29,32.43,92,5.32,7.95,0.62,0.62,0,0,0.52,1.14,0,67,0.41,36,0,31,60,9,32,57,10,22.68,21.41,0.94,80,-1.27,21.36,17.15,0,0,0,0,0,,0,0,,0,0,0,0,0,0,28,12,3.87,29,0.07,0.1,0.09,-0.03,,0.24
Julián Carranza,Necaxa,Liga MX,2026/2027,868,9.64,9,Centre Forward,Right Centre Forward,Man,Argentina,27,21/05/00,182,0.62,0.41,0.52,0.19,2.7,15,38,4,67,0.42,0.21,0.19,1.04,0.21,0.19,1.04,0,0,0,0.62,0.7,3.73,-0.08,0.83,0.31,0.52,38,2.59,0.1,1.66,3.53,0.62,0.68,0.52,0.62,20.54,9.03,0.02,4.77,63.34,3.53,1.97,0.83,1.45,73,0.77,1.45,2.07,0,0.31,53,2.18,0,17.64,18.32,4.05,2.9,1.14,66.9,13.38,76,2.18,75,0,0,0.1,19.4,71,1.45,24,61,0.93,1.97,33,60,-11,55.85,1.66,0.65,0.91,19.4,80,4.91,4.77,0.31,0.31,0,0.73,6.54,6.85,0,0,0.21,50,0.73,11,70,19,11,72,17,18.14,15.91,0.97,107,-2.23,17.65,17.02,0,0,0,0,0,,0,0,,0,0,0,0,0,0,30,10,4.11,28,0,0.02,-0.01,0.01,,0.02
Jesús Orozco Chiquete,Cruz Azul,Liga MX,2026/2027,866,9.63,9,Left Centre Back,,Man,Mexico,25,18/02/02,188,0.1,0.1,0.07,0.08,0.83,13,38,0,,0.1,0,0.05,0.31,0,0.05,0.31,0,0,0,0.1,0.12,1.14,-0.01,0.52,0.42,0.1,80,0.62,0,0.31,0.31,1.04,1.43,3.22,3.78,11.43,6.23,0.04,5.3,30.68,9.04,2.39,1.45,2.49,88,1.9,3.33,1.04,60,0.21,67,2.08,0,8.93,11.33,4.16,1.87,0.52,36.3,2.49,28,1.14,61,0.1,0,0,45.81,87,3.64,88,56,4.67,4.99,18,79,-7,43.94,6.65,0.47,0.53,38.02,99,5.69,8.52,0.83,0.83,0,0.1,1.35,2.18,0.1,13,0.21,100,0.1,29,68,3,35,63,1,22.03,20.87,0.93,103,-1.17,20.49,21.53,0,0,0,0,0,,0,0,,0,0,0,0,0,0,17,10,6.75,31,0.12,0.07,0.1,0.02,,0.31
Willer Ditta,Cruz Azul,Liga MX,2026/2027,855,9.49,9,Right Centre Back,,Man,Colombia,29,22/01/98,180,0.11,0.11,0.04,0.07,0.53,20,40,0,,0.03,0,0.01,0.21,0,0.01,0.21,0,0,0,0.11,0.04,0.74,0.06,0.21,0.21,0,100,0.32,0,0.63,0.21,0.63,0.84,2.53,3.19,11.59,6.32,0.08,4.63,29.04,10.64,2.84,2.42,3.05,92,2.99,3.84,1.26,50,0.21,53,1.69,0,7.9,9.77,3.05,1.58,0.95,33.67,2,25,0.63,40,0.32,0,0,48.87,90,4.21,12,68,2.95,5.79,12,82,-8,36.04,5.48,0.65,0.66,41.81,98,4.65,5.48,0,0,0,0,0.74,0.74,0,,0,0,0,23,72,5,44,54,2,22.25,19.17,0.95,96,-3.08,21.2,18.33,0,0,0,0,0,,0,0,,0,0,0,0,0,0,15,9,6.57,29,0.04,0.08,-0.09,-0.01,,0.02
Eduardo Bauermann,Pachuca,Liga MX,2026/2027,849,9.44,9,Right Centre Back,Centre Attacking Midfielder,Man,Brazil,31,12/02/96,188,0,0,0.12,0.14,0.85,0,38,0,,0.09,0,0.01,0.21,0,0.01,0.21,0,0,0,0,0.13,1.06,-0.13,0.21,0.11,0.11,50,0.21,0,0.11,0.21,0.85,0.71,5.3,4.97,8.16,4.34,0.09,5.09,24.43,9.54,1.48,1.59,2.44,94,1.27,1.97,0.95,83,0.11,67,2.54,0,5.72,4.84,2.97,0.85,0.53,32.6,1.17,20,0.32,38,0.11,0,0.11,35.71,86,2.23,15,46,6.46,3.71,9,63,-23,36.62,1.91,0.41,0.42,29.67,99,4.17,2.65,0.11,0.11,0,0.11,1.8,1.91,0.11,0,0,0,0.11,21,75,4,28,64,8,24.09,32.59,0.89,78,8.5,21.55,25.56,0,0,0,0,0,,0,0,,0,0,0,0,0,0,12,3,2.73,17,0.04,0.04,0.16,-0.04,,0.21
Óscar Estupiñán,Juárez,Liga MX,2026/2027,847,9.42,10,Centre Forward,Right Centre Forward,Man,Colombia,30,28/12/96,182,0.64,0.32,0.28,0.15,1.81,18,35,4,100,0.41,0,0.02,0.32,0,0.02,0.32,0,0,0,0.32,0.3,2.12,0.02,0.21,0,0.21,0,0.96,0,0.64,2.97,0,0,1.59,0.84,17.95,10.41,0.01,2.97,57.78,2.02,1.06,0.32,0.32,100,0.24,0.24,1.49,,0,41,3.19,0,16.25,11.6,2.87,2.34,0.53,63.52,12.43,76,2.02,86,0.11,0,0,12.96,65,0.42,73,44,2.02,0.53,33,40,-25,54.73,0.85,0.24,0.41,9.98,76,2.26,2.44,0.21,0.21,0,0.11,4.67,4.89,0,50,0.11,50,0.32,16,56,28,13,65,22,16.29,16.78,0.94,81,0.49,15.37,13.62,0,0,0,0,0,,0,0,,0,0,0,0,0,0,34,8,2.15,19,-0.01,-0.05,0.02,0.14,,0.1
Omar Campos,Cruz Azul,Liga MX,2026/2027,844,9.38,10,Left Wing Back,Left Back,Man,Mexico,24,19/07/02,176,0,0,0.05,0.04,1.17,0,36,2,,0.06,0,0.13,1.39,0,0.11,1.28,0,0.03,0.11,0,0.18,2.56,-0.18,2.45,1.81,0.64,74,0.96,0.11,1.6,1.39,0.75,0.93,0.85,1.07,11.95,7.36,0.01,4.8,38.01,9.39,3.63,2.13,2.88,77,2.54,3.47,0.53,56,0.64,67,0.64,0,9.39,11.35,3.41,1.49,0.85,41.24,4.16,44,1.17,79,0,0,0,31.36,77,2.13,83,54,1.6,3.2,12,63,-15,52.7,3.95,0.4,0.49,30.4,91,6.06,8.75,0.75,0.75,0,0.32,2.67,3.41,0.11,71,1.17,50,0.64,24,66,10,26,63,11,20.03,20.21,0.93,96,0.18,18.61,19.49,0,0,0,0,0,,0,0,,0,0,0,0,0,0,24,9,5.12,25,0.11,0.19,-0.06,0.01,,0.25
Víctor Arteaga,Pumas UNAM,Liga MX,2026/2027,840,9.33,10,Right Defensive Midfielder,Left Centre Midfielder,Man,Mexico,23,25/02/04,175,0.11,0.11,0.05,0.04,1.5,7,21,2,,0.01,0,0.04,0.64,0,0.04,0.64,0,0,0,0.11,0.1,2.14,0.01,0.64,0.21,0.43,33,0.86,0,0.75,0.96,0.75,0.5,0.86,0.59,13.4,7.29,0.03,5.47,42.64,8.57,4.39,1.07,1.82,63,0.92,1.42,1.07,44,0.64,50,0.96,0,11.36,9.65,3.97,2.25,0.64,44.19,4.93,43,1.39,62,0,0,0,33.01,81,2.89,21,64,1.07,4.29,10,64,-17,50.98,4.61,0.22,0.25,26.69,94,5.11,7.82,0.75,0.75,0,0.43,1.5,2.25,0,43,0.32,43,0.43,19,69,12,21,73,7,20.18,14.62,0.98,113,-5.55,19.82,16.52,0,0,0,0,0,,0,0,,0,0,0,0,0,0,19,5,3.47,22,0.05,0.05,0.02,-0.04,,0.08
José Paradela,Cruz Azul,Liga MX,2026/2027,836,9.29,10,Right Attacking Midfielder,Right Wing,Man,Argentina,28,14/12/98,179,0.22,0.22,0.15,0.06,2.37,9,36,3,,0.22,0.54,0.35,2.58,0.43,0.3,2.26,0.11,0.05,0.32,0.75,0.5,4.95,0.25,2.8,1.83,0.97,65,1.83,0.22,2.58,2.91,0.22,0.26,0.22,0.29,17.65,8.61,0.02,4.95,57.92,6.35,3.98,2.15,2.37,59,2.67,2.94,0.86,24,1.51,43,0.32,0,14.64,17.89,3.66,3.23,0.97,59.94,10.01,68,2.69,83,0.22,0,0,33.79,72,2.26,76,43,0.43,5.06,16,75,3,64.58,5.38,0.47,0.78,37.77,88,5.48,14.85,1.83,1.61,0.22,0.65,3.87,5.49,0.32,18,0.97,53,1.08,17,72,11,18,70,12,19.92,16.1,0.92,99,-3.82,18.36,15.97,0,0,0,0,0,,0,0,,0,0,0,0,0,0,23,7,10.91,49,0.14,0.08,0.02,0.08,,0.32
Francisco Venegas,Pachuca,Liga MX,2026/2027,823,9.14,9,Left Back,,Man,Mexico,28,15/07/98,184,0,0,0.06,0.06,0.88,0,25,1,,0.03,0,0.08,1.31,0,0.06,0.88,0,0.02,0.44,0,0.14,2.19,-0.14,0.22,0,0.22,0,0,0,0.55,0.98,0.77,0.49,1.64,1.35,9.52,3.94,0.02,3.94,33.7,7.88,3.17,1.53,2.3,74,1.42,1.9,1.53,67,0.55,71,0.55,0,6.45,5.42,2.74,1.42,0.44,37.55,2.19,34,0.88,62,0.44,0,0,40.26,75,3.39,76,38,2.95,7.55,12,55,-20,50.3,4.27,0.42,0.45,32.05,96,3.58,7.88,1.53,0.88,0.66,0.11,1.09,1.97,0.11,29,0.55,26,0.22,32,61,7,32,60,8,22.16,22.51,0.84,71,0.35,18.7,15.91,0,0,0,0,0,,0,0,,0,0,0,0,0,0,25,6,5.25,35,0.13,0.03,-0.01,-0.04,,0.12
Fernando González,Guadalajara,Liga MX,2026/2027,820,9.12,10,Left Defensive Midfielder,Centre Defensive Midfielder,Man,Mexico,33,26/01/94,175,0,0,0.02,0.04,0.55,0,0,0,,0,0.11,0.03,0.55,0.11,0.03,0.55,0,0,0,0.11,0.05,1.1,0.06,0.22,0.11,0.11,50,0.66,0,0.88,0.44,1.65,1.73,2.74,3.65,12.94,7.02,0.02,5.16,39.49,10.2,4.72,1.54,3.18,70,1.86,3.58,0.77,38,0.66,52,1.32,0,10.64,12.23,3.4,2.52,0.55,44.72,4.17,39,1.32,52,0.11,0,0,60.77,88,2.3,17,50,3.07,4.28,11,79,-9,47.02,5.59,0.57,0.57,45.96,98,3.19,11.19,0.77,0.77,0,0,0.11,0.88,0.22,0,0,0,0.11,18,76,5,17,81,2,17.44,16.25,0.92,96,-1.19,16.04,15.64,0,0,0,0,0,,0,0,,0,0,0,0,0,0,14,6,6.94,42,0.07,0.04,0.06,-0.03,,0.13
Diego Campillo,Guadalajara,Liga MX,2026/2027,815,9.06,9,Centre Back,Right Centre Back,Man,Mexico,25,18/10/01,182,0.11,0.11,0.01,0.08,0.11,100,100,0,,0.04,0.11,0.09,0.77,0.11,0.09,0.77,0,0,0,0.22,0.1,0.88,0.12,0.44,0.33,0.11,75,0.66,0,0.33,0.11,1.55,1.59,4.64,5.47,9.05,4.75,0.07,5.52,29.19,10.38,2.1,1.44,2.98,65,1.64,3.23,0.66,13,0.77,70,2.1,0,6.95,7.65,3.86,1.21,0.88,32.66,1.66,24,0.55,45,0.11,0,0,56.41,90,2.21,17,54,4.75,3.97,10,85,-6,40.64,4.53,0.4,0.44,45.26,99,4.19,8.39,0.33,0.33,0,0.33,0.88,1.21,0,0,0.11,13,0.33,21,76,3,25,71,4,18.1,16.31,0.94,99,-1.79,16.93,16.07,0,0,0,0,0,,0,0,,0,0,0,0,0,0,15,9,5.84,36,0.12,0.05,0.11,0.04,,0.32
Carlo García,Querétaro,Liga MX,2026/2027,815,9.06,9,Right Defensive Midfielder,,Man,Spain,26,11/02/01,185,0.11,0.11,0.08,0.06,1.33,8,42,2,,0.26,0,0.03,0.44,0,0.03,0.44,0,0,0,0.11,0.12,1.77,0,0.44,0.33,0.11,75,0.66,0,1.44,0.11,2.1,1.23,1.55,0.69,16.45,8.06,0.03,7.07,37.25,11.15,4.97,1.21,3.31,61,0.5,1.73,0.55,29,0.77,17,0.11,0,14.69,7.61,5.3,2.87,1.33,40.7,5.08,35,1.55,54,0.11,0,0,30.92,87,3.42,16,79,2.1,3.75,13,83,-3,47.74,2.32,0.25,0.32,26.06,94,3.51,5.08,0.33,0.33,0,0.22,1.44,1.77,0,0,0.11,33,0.33,21,71,8,28,70,2,21.07,21.02,1,103,-0.05,20.99,21.74,0,0,0,0,0,,0,0,,0,0,0,0,0,0,19,11,5.9,36,0.05,0.06,-0.06,0.08,,0.12
Denzell Arturo García Bojorquez,Juárez,Liga MX,2026/2027,814,9.04,9,Left Defensive Midfielder,Right Defensive Midfielder,Man,Mexico,23,14/08/03,170,0,0,0.04,0.05,0.66,0,33,1,,0.05,0,0.03,0.44,0,0.03,0.44,0,0,0,0,0.06,1.11,-0.06,0.55,0.33,0.22,60,1.33,0,1,0.66,1,0.56,1.33,0.91,18.36,10.73,0.01,3.87,40.25,7.85,3.32,1.11,2.1,63,0.47,1.03,1.22,0,0.66,64,1,0,16.04,10.1,3.1,3.32,0.88,43.96,6.97,43,2.43,73,0.33,0,0,33.4,82,3.87,11,67,2.32,4.76,18,80,-2,48.58,3.76,0.26,0.26,29.42,95,4.39,6.97,0.11,0.11,0,0.11,0.77,0.88,0.11,0,0,0,0.11,19,72,9,21,71,8,22.49,20.75,0.95,95,-1.74,21.26,19.79,0,0,0,0,0,,0,0,,0,0,0,0,0,0,22,10,3.88,37,0.07,0.02,0.01,0,,0.1
Kevin Mier,Cruz Azul,Liga MX,2026/2027,812,9.02,8,Goalkeeper,,Man,Colombia,27,17/05/00,188,0,0,0,,0,,,0,,0,0,0,0.11,0,0,0.11,0,0,0,0,0,0.11,0,0,0,0,,0.11,0,0,0,0,0,0.11,0.17,0.11,0,0,7.42,2.34,3.77,0,0,0,,0,0,0,100,0,,0,0.11,0.11,0.12,0.11,0,0,12,0,0,0,,0,0,0,24.71,87,6.09,21,61,2.77,7.31,21,76,-11,12,0.33,0.22,0.22,21.05,100,4.39,0.22,0,0,0,0,0,0,0,,0,,0,28,72,0,100,0,0,29.48,32.14,0.84,77,2.66,24.84,24.7,1.33,1.11,-0.22,67,72,-5,1.1,3.99,32,12.3,1.93,0,0,20.47,-5,11,3,2.05,10,0.04,0.04,0,,-0.32,-0.24
Jackson Porozo,Tijuana,Liga MX,2026/2027,811,9.01,8,Right Centre Back,Centre Back,Man,Ecuador,26,03/08/00,193,0,0,0.02,0.07,0.22,0,0,0,,0,0,0,0.11,0,0,0.11,0,0,0,0,0.02,0.33,-0.02,0.11,0.11,0,100,0.67,0,0.11,0,0.44,0.4,6.99,4.98,6.66,2.77,0.07,3.66,22.96,5.1,0.89,1.22,1.66,85,1.02,1.42,0.44,83,0.22,66,2.33,0,4.99,4.41,2.11,0.55,0.11,30.88,0.78,16,0,0,0.11,0,0,34.18,93,3.33,10,75,7.21,4.22,11,86,-7,33.33,0.78,0.41,0.42,26.52,100,4.9,0.89,0,0,0,0,0.44,0.44,0,,0,,0,12,84,4,13,88,0,23.45,20.52,0.96,94,-2.93,22.58,19.26,0,0,0,0,0,,0,0,,0,0,0,0,0,0,11,6,2.91,17,0.02,0.03,0.1,-0.01,,0.14
Manuel Capasso,Atlas,Liga MX,2026/2027,809,8.99,9,Centre Back,Right Centre Back,Man,Argentina,31,18/04/96,188,0.11,0.11,0.1,0.08,1.33,8,33,0,,0.17,0,0,0,0,0,0,0,0,0,0.11,0.1,1.33,0.01,0.33,0.33,0,100,0,0,0.33,0.22,1.33,1.04,4.45,4.63,8.23,3.89,0.05,4.45,22.11,8.56,1.11,1,2.33,69,0.96,2,1.67,67,0.44,64,2,0,5.56,5.51,2.56,1.22,0.33,28.68,0.67,12,0.22,18,0.44,0,0.11,45.47,82,4.89,10,59,5.34,7.45,9,68,-14,30.21,1.67,0.42,0.47,36.36,98,4.97,1.56,0,0,0,0,2.56,2.56,0,,0,0,0.11,27,71,2,43,50,7,25.01,23.82,0.93,102,-1.19,23.15,24.21,0,0,0,0,0,,0,0,,0,0,0,0,0,0,15,6,1.75,14,0.01,0.05,-0.13,0.02,,-0.05
José Luis Rodríguez,Juárez,Liga MX,2026/2027,807,8.96,9,Left Wing,Left Midfielder,Man,Panama,28,18/06/98,180,0.11,0.11,0.05,0.04,1.12,10,30,2,,0.1,0.33,0.17,1.56,0.33,0.15,1,0,0.02,0.56,0.45,0.22,2.68,0.23,2.01,1.34,0.67,67,1.23,0.11,2.01,2.57,0.56,0.33,0.67,0.51,11.71,5.58,0.01,3.01,50.33,4.24,2.57,1.12,1.67,77,0.88,1.21,0.56,50,0.33,40,0.67,0,10.15,6.19,2.34,1.45,0.33,52.27,5.13,51,1,69,0,0,0,23.09,73,1.79,91,44,0.78,3.9,18,76,3,60.73,2.34,0.21,0.36,24.88,86,6.32,7.92,1.67,1.12,0.56,0.22,1.56,2.68,0.11,47,1,30,0.22,14,70,16,14,65,21,20.32,16.85,0.87,105,-3.47,17.7,17.7,0,0,0,0,0,,0,0,,0,0,0,0,0,0,24,8,4.57,44,0.02,0.08,0.02,0.01,,0.13
Rômulo,Tigres UANL,Liga MX,2026/2027,801,8.9,8,Left Defensive Midfielder,Left Centre Back,Man,Brazil,27,29/02/00,184,0,0,0.02,0.05,0.34,0,33,0,,0.03,0,0.04,0.79,0,0.04,0.67,0,0,0.11,0,0.06,1.12,-0.06,0.22,0.11,0.11,50,0.22,0,1.01,0.11,1.46,1.63,2.36,2.71,11.58,6.18,0.04,4.94,36.46,7.75,3.26,1.57,3.03,82,1.66,3.29,1.12,89,0.34,65,1.69,0,8.88,8.96,3.15,2.58,1.12,42.01,3.48,39,1.12,43,0,0,0,39.45,85,3.26,11,66,3.03,4.27,12,71,-14,46.66,4.27,0.26,0.29,31.69,97,5.56,6.74,0.11,0,0.11,0.22,0.79,0.79,0,0,0.11,33,0.22,20,72,8,27,72,2,21.05,21.92,0.96,102,0.88,20.23,22.3,0,0,0,0,0,,0,0,,0,0,0,0,0,0,16,7,4.56,24,0.01,0.04,0.05,-0.01,,0.08
Rubén Duarte,Pumas UNAM,Liga MX,2026/2027,798,8.87,8,Left Centre Back,,Man,Spain,31,17/10/95,182,0,0,0.02,0.08,0.23,0,50,0,,0.03,0,0.02,0.34,0,0.02,0.34,0,0,0,0,0.04,0.56,-0.04,0,0,0,,0.34,0,0.45,0,0.45,0.65,4.06,2.88,6.09,3.5,0.05,3.38,17.9,7.22,1.35,1.35,1.8,92,1.23,1.88,0.34,80,0.11,56,2.03,0,4.4,3.32,2.25,0.45,0.11,23.39,0.45,10,0.11,25,0,0,0,45.55,86,5.86,85,68,4.4,8.34,7,58,-28,36.98,4.28,0.21,0.24,37.55,99,3.77,4.62,0.23,0.23,0,0.11,1.01,1.24,0,0,0,,0.23,23,76,1,24,73,2,25.26,19.24,0.95,102,-6.03,23.88,19.64,0,0,0,0,0,,0,0,,0,0,0,0,0,0,18,8,3.66,25,0.08,0.04,-0.03,0.02,,0.1
David Rodríguez,Atlético San Luis,Liga MX,2026/2027,797,8.85,10,Right Attacking Midfielder,Right Wing,Man,USA,25,04/05/02,178,0.34,0.34,0.21,0.09,2.26,15,50,3,,0.28,0.11,0.15,0.9,0.11,0.15,0.9,0,0,0,0.45,0.36,3.16,0.09,2.6,1.13,1.47,43,1.92,0,3.61,3.61,0.34,0.53,0.34,0.34,19.77,10.39,0.01,5.08,52.77,6.1,3.16,1.92,2.26,74,1.78,2.31,0.56,25,0.68,22,0.23,0,17.39,17.88,4.86,3.28,1.36,54.06,9.04,52,2.71,83,0,0,0,28.24,83,0.45,78,40,0.68,0.79,21,72,-11,61.38,3.84,0.64,0.76,34.56,83,5.72,11.18,0.9,0.9,0,0.45,3.05,3.95,0.23,0,0.11,50,0.45,14,63,22,15,71,14,15.68,14.66,0.97,86,-1.02,15.2,12.67,0,0,0,0,0,,0,0,,0,0,0,0,0,0,22,10,4.45,31,0.02,0.08,0.09,0.1,,0.29
Jeremy Márquez,Cruz Azul,Liga MX,2026/2027,792,8.8,9,Right Back,Right Wing Back,Man,Mexico,26,20/06/00,177,0.34,0.34,0.12,0.07,1.82,19,44,1,,0.25,0.11,0.09,1.36,0.11,0.09,1.14,0,0,0.23,0.45,0.21,3.18,0.25,2.16,1.14,1.02,53,1.36,0,1.25,1.7,1.93,2.47,0.91,1.1,15.56,8.97,0.02,6.02,46.63,11.58,5.45,2.16,4.09,66,2.96,5.43,1.02,43,1.14,50,0.34,0,12.49,16.17,4.09,3.63,1.48,48.25,6.47,52,2.84,78,0.23,0,0,50.65,81,3.41,20,64,1.82,4.43,15,67,-14,52.21,4.43,0.59,0.74,47.93,94,4.26,12.04,1.36,1.36,0,0.34,1.7,3.07,0,50,0.91,40,0.45,21,68,11,21,68,11,18.65,18.62,0.96,106,-0.03,17.88,19.77,0,0,0,0,0,,0,0,,0,0,0,0,0,0,19,7,9.18,42,0.07,0.11,0.07,0.11,,0.37
Rafa Llorente,Atlético San Luis,Liga MX,2026/2027,791,8.79,10,Centre Forward,Left Attacking Midfielder,Man,Spain,24,05/12/02,186,0.34,0.34,0.38,0.14,2.62,13,35,5,,0.2,0,0.09,1.14,0,0.09,1.14,0,0,0,0.34,0.47,3.75,-0.13,1.36,0.45,0.91,33,1.93,0.11,2.62,3.3,0.23,0.24,0.45,0.42,17.74,7.62,0,4.21,60.56,3.3,1.59,0.91,1.14,89,1.18,1.43,0.91,50,0.11,31,0.57,0,16.03,18.13,3.41,3.41,1.14,62.8,11.71,73,2.16,63,0.11,0,0,20.13,78,0.57,10,56,0.45,1.02,23,62,-16,56.42,2.73,0.4,0.69,23.2,77,6.32,6.03,0.68,0.68,0,0.11,4.32,5,0.11,17,0.11,50,0.23,18,59,23,23,70,8,15.66,13.39,0.99,107,-2.27,15.5,14.38,0,0,0,0,0,,0,0,,0,0,0,0,0,0,21,8,3.82,27,0.03,0.06,0.01,-0.06,,0.04
Luis Calzadilla,Atlante,Liga MX,2026/2027,783,8.71,9,Left Centre Midfielder,Left Wing Back,Man,Mexico,27,13/01/00,168,0.23,0.23,0.19,0.09,2.18,11,47,4,,0.22,0.11,0.04,1.03,0.11,0.04,0.92,0,0.01,0.11,0.34,0.23,3.22,0.11,1.38,0.92,0.46,67,1.61,0,1.72,2.18,0.57,0.41,0.23,0.12,16.89,8.5,0,5.17,47.63,9.3,3.91,1.26,1.84,69,0.87,1.28,0.69,20,0.57,21,0.34,0,14.93,9.69,4.48,3.91,1.38,48.24,7.24,48,2.76,71,0.23,0.11,0,24.81,76,1.15,17,53,0.69,1.72,20,69,-7,58.57,4.6,0.35,0.53,26.77,89,7.24,8.62,1.03,0.92,0.11,0.11,1.84,2.76,0,11,0.23,29,0.34,24,67,9,24,69,7,17.34,17.22,0.95,94,-0.11,16.43,16.22,0,0,0,0,0,,0,0,,0,0,0,0,0,0,33,16,4.32,28,-0.02,0.13,0,0.07,,0.18
Uriel Antuna,Pumas UNAM,Liga MX,2026/2027,782,8.69,9,Right Wing,Left Wing Back,Man,Mexico,29,20/08/97,174,0,0,0.12,0.08,1.61,0,14,3,,0.03,0.12,0.1,1.96,0.12,0.1,1.96,0,0,0,0.12,0.23,3.57,-0.11,1.15,0.69,0.46,60,1.38,0,1.15,1.84,0.46,0.44,0.69,0.48,9.55,4.6,0.01,3.11,41.58,6.79,3.57,1.27,1.73,73,1.08,1.52,0.58,67,0.46,42,0.58,0,7.71,6.52,2.19,2.07,0.69,45.14,3.34,43,1.38,67,0.12,0,0,27.62,74,2.07,7,60,0.81,3.34,13,69,-5,61.48,2.42,0.39,0.46,26.01,91,5.46,10.24,1.84,1.84,0,0.58,4.95,6.79,0,75,1.61,44,0.81,14,68,18,16,67,17,18.77,15.17,0.98,118,-3.6,18.31,17.86,0,0,0,0,0,,0,0,,0,0,0,0,0,0,25,7,6.2,37,0,0.07,0.03,-0.06,,0.03
Jhohan Romaña,León,Liga MX,2026/2027,781,8.68,8,Right Centre Back,Centre Attacking Midfielder,Man,Colombia,28,12/09/98,185,0,0,0.06,0.07,0.81,0,14,0,,0.01,0,0,0,0,0,0,0,0,0,0,0.06,0.81,-0.06,0.23,0.12,0.12,50,0.46,0,0.12,0.12,0.58,0.49,4.49,4.44,7.14,3.69,0.03,4.38,21.27,7.26,0.92,0.92,1.5,89,1.08,1.56,1.15,50,0.12,68,2.42,0,5.07,5.25,2.65,0.92,0.23,26.8,0.92,18,0.35,38,0,0,0.12,38.48,90,3.23,11,56,4.95,5.3,7,75,-15,36.53,3.23,0.33,0.37,31.91,99,5.07,3,0,0,0,0,1.38,1.38,0,,0,0,0,28,69,3,38,62,0,23.85,24.18,0.93,92,0.32,22.16,22.3,0,0,0,0,0,,0,0,,0,0,0,0,0,0,13,6,2.53,18,0.05,0.04,0.06,-0.08,,0.07
Sergio Sanabria,Puebla,Liga MX,2026/2027,766,8.51,10,Left Defensive Midfielder,Centre Defensive Midfielder,Man,Paraguay,28,15/05/99,186,0,0,0.01,0.04,0.35,0,0,1,,0,0,0.02,0.35,0,0.02,0.35,0,0,0,0,0.03,0.7,-0.03,0.59,0.59,0,100,1.64,0,1.06,0.35,1.17,0.89,1.29,0.81,26.2,16.68,0.02,10.93,37.81,9.99,4.82,2.94,4.11,69,1.97,2.86,1.53,23,1.29,67,0.94,0,21.73,13.48,8.22,3.99,2,39.55,5.99,28,2.35,59,0.12,0,0,32.31,82,2.11,28,62,2.23,2.47,16,73,-9,46.6,2.35,0.19,0.19,26.55,96,5.18,3.64,0.47,0.47,0,0,0.35,0.82,0,25,0.12,50,0.12,28,64,8,32,65,3,19.38,23.18,0.99,87,3.8,19.15,20.07,0,0,0,0,0,,0,0,,0,0,0,0,0,0,19,6,2.4,19,0.01,0.07,0.01,-0.01,,0.08
Óliver Torres,Monterrey,Liga MX,2026/2027,763,8.48,9,Right Defensive Midfielder,Left Defensive Midfielder,Man,Spain,32,09/11/94,175,0,0,0.05,0.05,0.94,0,38,1,,0.06,0.24,0.26,2,0.24,0.25,1.65,0,0.01,0.35,0.24,0.31,2.95,-0.08,0.71,0.59,0.12,83,1.18,0,1.3,0.83,0.94,1.28,0.59,0.62,18.16,9.67,0,6.49,46.03,8.85,4.36,2.24,3.18,66,2.68,3.97,1.06,53,1.18,50,0.24,0,14.86,17.9,5.19,4.25,1.18,48.7,7.31,49,2.95,69,0.24,0,0,46.58,83,5.19,7,69,0.83,7.31,11,80,-2,53.26,7.31,0.52,0.71,40.1,95,4.4,13.33,1.89,1.42,0.47,0.47,2.12,3.54,0.35,25,0.94,62,0.47,21,68,11,25,67,8,21.55,17.03,0.96,100,-4.52,20.73,16.98,0,0,0,0,0,,0,0,,0,0,0,0,0,0,19,7,7.63,41,0.16,0.08,0.04,-0.02,,0.26
Oussama Idrissi,Pachuca,Liga MX,2026/2027,762,8.47,10,Left Wing,Left Midfielder,Man,Morocco,31,25/02/96,179,0.12,0.12,0.11,0.06,1.77,7,27,2,,0.08,0.24,0.19,1.89,0.24,0.18,1.65,0,0.01,0.24,0.35,0.3,3.66,0.05,3.31,2.13,1.18,64,1.77,0,2.01,3.66,0.24,0.17,0,0,20.91,10.51,0.01,4.37,53.68,5.08,2.72,1.89,2.13,73,1.43,1.6,1.77,33,0.71,33,0.12,0,17.25,14.53,4.02,3.78,0.83,55.4,10.87,63,3.19,84,0.35,0,0,35.08,80,4.37,10,77,0.71,4.96,17,78,-2,60.76,3.31,0.45,0.62,39.81,87,5.79,12.4,1.3,1.18,0.12,0.83,3.9,5.08,0,36,1.06,38,1.3,14,69,17,11,70,19,20.62,18.43,0.97,107,-2.2,20.1,19.72,0,0,0,0,0,,0,0,,0,0,0,0,0,0,23,8,6.4,44,0.15,0.13,0,0.01,,0.29
Rodrigo Aguirre,Tigres UANL,Liga MX,2026/2027,762,8.46,8,Centre Forward,Left Centre Forward,Man,Uruguay,32,30/09/94,182,0.35,0.35,0.26,0.14,1.89,19,25,5,,0.22,0.12,0.05,0.35,0.12,0.05,0.35,0,0,0,0.47,0.32,2.24,0.16,0.59,0.24,0.35,40,0.83,0,1.89,1.89,0.24,0.35,0.71,0.83,15.95,7.56,0,3.31,64.43,2.6,1.65,0.83,1.06,70,0.99,1.34,1.65,33,0.35,54,2.36,0,13.47,15.26,2.84,2.84,0.83,68.65,10.99,82,2.48,88,0,0,0.12,11.1,62,0.24,80,40,0.71,0.59,33,46,-16,62.13,0.59,0.25,0.53,10.99,71,5.9,3.19,0.24,0.24,0,0.24,4.37,4.61,0.12,0,0.12,11,0.35,10,70,19,15,67,19,16.01,14.55,0.92,90,-1.46,14.71,13.15,0,0,0,0,0,,0,0,,0,0,0,0,0,0,41,10,3.37,17,0,0.03,-0.12,0,,-0.1
Raúl Martínez,Necaxa,Liga MX,2026/2027,761,8.46,9,Right Centre Back,Right Back,Man,Mexico,24,04/03/03,185,0,0,0,0.01,0.12,0,0,0,,0,0,0.02,0.35,0,0.01,0.24,0,0.01,0.12,0,0.02,0.47,-0.02,0.24,0.24,0,100,0.95,0,0.71,0.59,0.59,0.79,1.77,1.39,11.58,4.61,0.01,4.85,32.79,8.75,2.48,1.3,1.89,85,1.57,2.36,1.42,33,0.24,53,1.06,0,9.1,9.49,3.55,1.3,0.71,35.88,2.84,31,0.95,73,0.35,0,0,41.49,82,3.31,9,49,2.84,5.67,11,69,-13,47.01,5.67,0.4,0.4,35.7,98,4.31,8.16,0.95,0.47,0.47,0,0.47,0.95,0,25,0.47,50,0,25,67,8,35,62,3,22.3,23.59,0.91,86,1.29,20.2,20.4,0,0,0,0,0,,0,0,,0,0,0,0,0,0,23,10,4.08,27,0.07,0.04,0.07,0,,0.18
Gilberto Sepúlveda,Juárez,Liga MX,2026/2027,760,8.45,8,Left Centre Back,Right Centre Back,Man,Mexico,28,03/02/99,182,0,0,0,,0,,,0,,0,0,0,0,0,0,0,0,0,0,0,0,0,0,0,0,0,,0.83,0,0.12,0,0.83,0.66,3.79,2.86,4.74,2.96,0.04,2.72,21.41,7.58,1.42,0.59,1.42,83,0.26,0.92,0.36,75,0.12,69,1.3,0,3.79,2.3,1.54,0.47,0,25.87,0.47,13,0.12,25,0,0,0,28.89,80,1.89,16,33,4.74,4.74,11,63,-17,32.26,0.83,0.14,0.14,21.91,99,4.86,0.95,0,0,0,0,0,0,0,,0,,0,35,63,2,50,50,0,25.35,26.32,0.84,80,0.96,21.28,21.03,0,0,0,0,0,,0,0,,0,0,0,0,0,0,17,5,1.79,16,0.03,0.02,0.06,,,0.11
Diego Lainez,Tigres UANL,Liga MX,2026/2027,756,8.4,9,Right Wing,Right Midfielder,Man,Mexico,26,08/06/00,167,0,0,0.1,0.04,2.62,0,18,3,,0.02,0,0.15,2.02,0,0.12,1.55,0,0.03,0.48,0,0.25,4.64,-0.25,2.5,1.43,1.07,57,1.91,0,2.74,2.14,0.24,0.24,0.36,0.26,13.46,5.24,0.02,3.93,50.05,7.74,5.24,1.55,1.79,65,1.44,1.68,1.07,40,0.83,60,0.36,0,10.84,11.73,3.1,3.1,1.31,50.08,5.12,47,2.14,69,0.12,0,0.12,32.87,74,1.07,81,36,0.48,2.86,24,77,3,65.84,5.24,0.52,0.62,37.39,89,6.62,15.12,2.02,1.43,0.6,0.6,4.17,5.6,0,18,0.6,23,0.95,16,70,14,21,67,12,16.93,13.23,0.92,102,-3.69,15.6,13.47,0,0,0,0,0,,0,0,,0,0,0,0,0,0,27,7,6.44,34,0.05,0.17,0.01,-0.08,,0.15
Dagoberto Espinoza,América,Liga MX,2026/2027,755,8.39,9,Right Back,Left Back,Man,Mexico,23,16/04/04,180,0,0,0.02,0.04,0.36,0,33,0,,0.02,0.24,0.06,0.83,0.24,0.06,0.83,0,0,0,0.24,0.08,1.19,0.16,1.43,1.07,0.36,75,0.95,0,1.79,1.67,1.43,1.54,1.79,2.29,17.51,9.65,0.04,6.08,35.46,10.36,3.93,1.67,3.1,64,2.12,3.66,1.19,30,0.95,100,0.95,0,14.65,17.46,4.53,2.86,0.71,38.49,4.88,33,2.14,75,0,0,0,41.34,83,1.43,27,52,2.14,2.38,9,68,-14,51.53,6.2,0.3,0.32,37.77,91,5.81,11.91,1.67,1.19,0.48,0.12,0.83,2.03,0.12,14,0.36,33,0.12,25,63,13,24,61,15,17.72,18.76,0.96,84,1.04,17.04,15.73,0,0,0,0,0,,0,0,,0,0,0,0,0,0,27,12,6.11,30,0.15,0.08,0.05,-0.02,,0.26
Juninho,Pumas UNAM,Liga MX,2026/2027,752,8.36,10,Left Centre Forward,Left Wing,Man,Brazil,30,20/11/96,179,0.6,0.36,0.23,0.19,1.2,30,40,3,100,0.29,0,0.04,0.6,0,0.04,0.6,0,0,0,0.36,0.27,1.79,0.09,1.08,0.6,0.48,56,0.84,0.12,1.67,2.39,0.24,0.27,0.12,0.13,12.32,5.38,0.01,3.11,60.54,3.35,2.39,1.44,1.67,75,1.31,1.58,1.08,20,0.48,42,1.32,0,9.81,8.76,2.63,2.39,0.72,62.14,7.54,77,1.56,65,0,0,0,14.59,66,0.72,10,46,0.36,1.32,26,52,-14,64.53,1.44,0.3,0.39,15.43,77,5.32,6.1,0.72,0.72,0,0.24,3.59,4.31,0,17,0.12,50,0.24,12,63,26,10,65,25,16.65,13.2,0.96,83,-3.45,15.91,10.91,0,0,0,0,0,,0,0,,0,0,0,0,0,0,27,3,2.06,14,-0.04,0.07,0.01,0.03,,0.07
Luis Puente,Atlante,Liga MX,2026/2027,748,8.31,10,Right Centre Forward,Left Centre Forward,Man,Mexico,24,12/02/03,185,0.24,0.24,0.32,0.16,2.05,12,41,4,0,0.17,0,0.04,1.08,0,0.04,1.08,0,0,0,0.24,0.36,3.13,-0.12,1.08,0.48,0.6,44,1.56,0,1.32,3.25,0.12,0.04,0.96,0.55,18.05,8.3,0.03,5.05,64.15,2.65,1.68,0.72,0.84,86,0.38,0.42,2.17,50,0.12,31,1.44,0,15.16,9.35,4.33,3.01,0.6,69.42,13,86,2.77,92,0.12,0,0,17.21,74,0.48,23,80,1.08,0.48,33,76,3,59.24,0.6,0.52,0.65,17.09,80,3.68,5.05,0.12,0.12,0,0.36,4.93,5.05,0,0,0.12,25,0.6,13,64,23,12,69,19,13,11.3,1.01,95,-1.7,13.14,10.76,0,0,0,0,0,,0,0,,0,0,0,0,0,0,30,10,3.54,23,0.04,-0.02,0.03,-0.12,,-0.07
Omar Govea,Guadalajara,Liga MX,2026/2027,747,8.3,9,Right Defensive Midfielder,Left Defensive Midfielder,Man,Mexico,31,17/01/96,176,0,0,0.04,0.05,0.72,0,0,1,,0,0.12,0.1,0.72,0.12,0.02,0.6,0,0.07,0.12,0.12,0.13,1.45,-0.01,0.24,0.24,0,100,0.84,0,1.57,0.72,0.48,0.51,0.96,1.07,11.8,6.63,0.02,4.22,43.8,9.76,4.94,0.84,1.33,70,1.07,1.58,0.84,40,0.36,50,0.6,0,10.12,12.62,3.61,3.73,1.45,47.4,4.46,44,2.41,65,0,0,0.12,61.07,87,4.7,17,70,1.45,6.26,12,84,-3,50.28,6.87,0.48,0.49,53.48,97,4.06,14.7,1.08,0.84,0.24,0,1.08,1.93,0,22,0.24,33,0.12,16,74,9,20,76,3,18.98,15.5,0.95,107,-3.48,18,16.56,0,0,0,0,0,,0,0,,0,0,0,0,0,0,15,6,7.13,45,0.08,0.07,0.02,-0.03,,0.14
Fran Villalba,Santos Laguna,Liga MX,2026/2027,745,8.27,10,Centre Attacking Midfielder,Right Defensive Midfielder,Man,Spain,29,10/05/98,168,0.24,0.12,0.12,0.08,1.45,8,25,1,100,0.18,0.24,0.19,2.66,0.12,0.15,1.93,0.12,0.04,0.73,0.36,0.31,4.11,0.05,1.21,0.73,0.48,60,1.33,0,0.85,1.33,0.24,0.28,0.36,0.44,11.96,6.53,0.01,3.87,43.59,5.32,2.54,1.09,1.33,53,1.02,1.3,0.12,36,0.97,40,0.24,0,10.76,10.94,3.02,2.42,0.85,45.03,3.99,37,1.21,50,0.12,0,0,51.48,78,6.16,11,55,1.33,10.15,10,78,-1,57.95,11.84,0.37,0.54,47.25,97,5.22,20.06,3.5,2.66,0.85,0.24,1.69,4.35,0.24,14,0.6,50,0.73,21,70,9,25,67,7,23.54,21.29,0.92,102,-2.25,21.72,21.82,0,0,0,0,0,,0,0,,0,0,0,0,0,0,23,9,9.09,54,0.1,0.13,0.04,0.06,,0.33
Juan Nicolás Carrera Zarzar,Atlante,Liga MX,2026/2027,744,8.26,9,Right Centre Back,,Man,USA,25,05/05/02,193,0,0,0.03,0.05,0.48,0,0,0,,0,0,0,0.24,0,0,0.24,0,0,0,0,0.03,0.73,-0.03,0.12,0.12,0,100,0.48,0,0.36,0,1.69,0.83,3.87,2.49,18.64,9.44,0.06,8.11,29.95,9.32,2.42,2.54,4.24,72,1.75,2.58,1.57,43,0.97,46,1.45,0,14.53,9.18,6.17,3.39,1.57,34.98,3.51,24,1.21,36,0.36,0,0,34.01,80,2.66,21,43,5.08,4.96,13,65,-14,37.28,3.63,0.46,0.46,25.42,99,5.33,2.91,0.12,0.12,0,0,0.85,0.97,0,0,0,0,0,38,59,4,38,63,0,22.87,24.62,0.88,94,1.75,20.19,23.06,0,0,0,0,0,,0,0,,0,0,0,0,0,0,24,9,5.01,30,0.08,0.05,0.1,-0.04,,0.19
Iván Moreno,León,Liga MX,2026/2027,742,8.25,10,Right Back,Right Wing Back,Man,Mexico,29,16/01/98,168,0,0,0.04,0.04,0.97,0,38,1,,0.03,0,0.06,1.21,0,0.05,1.09,0,0,0.12,0,0.1,2.18,-0.1,1.09,0.12,0.97,11,0.73,0,2.06,1.82,0.24,0.26,1.21,1.26,17.22,8.61,0.02,7.88,38.38,8.61,3.03,3.39,3.64,74,3.17,3.43,0.97,44,1.21,67,0.73,0,12.97,12.73,5.58,2.3,1.21,38.67,4.97,38,1.09,47,0.12,0,0,39.4,80,1.82,10,56,1.33,3.15,9,69,-11,56.1,7.4,0.25,0.34,35.64,90,6.17,14.55,1.45,1.21,0.24,0.48,2.42,3.64,0,42,0.73,26,0.73,27,64,9,24,67,9,17.09,11.25,0.95,119,-5.84,16.21,13.4,0,0,0,0,0,,0,0,,0,0,0,0,0,0,21,9,4.13,28,0.05,0.08,0.08,-0.04,,0.18
Enzo Giménez,Querétaro,Liga MX,2026/2027,740,8.22,9,Right Wing,Right Back,Man,Paraguay,29,16/02/98,177,0,0,0.08,0.09,0.85,0,29,1,,0.01,0.12,0.1,1.1,0.12,0.1,1.1,0,0,0,0.12,0.18,1.95,-0.06,1.7,0.61,1.1,36,1.22,0.12,1.34,1.95,0.24,0.18,2.43,1.33,18.5,9.61,0.06,6.08,40.52,5.72,2.56,1.46,1.7,52,0.88,1.06,1.46,31,1.34,49,2.31,0,15.7,8.23,3.77,2.56,0.85,45.66,6.08,39,1.1,43,0.12,0,0,27.75,72,1.1,14,45,2.43,2.43,20,68,-4,59.1,2.56,0.45,0.58,23.85,89,4.37,9.74,1.22,1.1,0.12,0.85,3.41,4.5,0,20,0.49,44,0.97,20,65,15,15,69,16,17.35,12.46,0.98,103,-4.89,17.08,12.77,0,0,0,0,0,,0,0,,0,0,0,0,0,0,27,9,5.51,35,0.09,0.05,0.04,-0.08,,0.1
Danny Leyva,Necaxa,Liga MX,2026/2027,739,8.21,10,Right Defensive Midfielder,Centre Defensive Midfielder,Man,USA,24,04/05/03,179,0,0,0.09,0.07,1.34,0,27,1,,0.02,0,0.12,2.07,0,0.05,1.46,0,0.07,0.61,0,0.21,3.41,-0.21,0.37,0.12,0.24,33,1.58,0,1.71,1.1,0.85,1.08,0.97,1.01,13.15,7.55,0.02,5.48,39.83,10.96,5.36,1.71,2.56,67,1.62,2.7,0.85,22,0.85,50,0.61,0,10.6,9.74,3.53,2.31,0.97,42.53,3.9,37,0.97,42,0.24,0,0,47.13,79,4.51,9,54,1.95,7.31,13,80,1,52.35,5.36,0.71,0.77,40.19,93,4.15,11.81,1.83,0.85,0.97,0.12,0.97,1.83,0,20,0.49,33,0.12,18,74,8,20,74,6,21.61,20.45,0.93,107,-1.16,20.06,21.8,0,0,0,0,0,,0,0,,0,0,0,0,0,0,21,7,7.97,49,0.06,0.06,0.02,-0.08,,0.06
José Rodríguez,León,Liga MX,2026/2027,739,8.21,8,Centre Defensive Midfielder,Left Defensive Midfielder,Man,Mexico,30,16/06/96,174,0,0,0.01,0.02,0.24,0,0,0,,0,0,0.01,0.37,0,0.01,0.37,0,0,0,0,0.01,0.61,-0.01,0.37,0.37,0,100,0.37,0,0.24,0.24,1.46,1.13,1.46,1.44,12.43,9.14,0.03,4.39,38.05,9.99,4.14,1.71,3.17,88,1.54,2.68,0.73,0,0.24,63,0.61,0,9.99,8.72,3.05,2.8,1.1,42.41,3.41,34,1.46,52,0,0,0,41.42,87,2.92,54,67,2.07,3.78,12,83,-3,46.88,5.6,0.21,0.21,30.58,99,4.81,7.55,0.37,0.37,0,0,0,0.37,0,33,0.12,100,0,31,63,6,39,60,2,19.09,19.04,0.96,95,-0.05,18.41,18.08,0,0,0,0,0,,0,0,,0,0,0,0,0,0,14,6,3.05,21,0.08,0.06,-0.14,-0.01,,-0.01
Luís Esteves,Atlas,Liga MX,2026/2027,738,8.21,10,Left Attacking Midfielder,Left Wing,Man,Portugal,29,08/04/98,173,0.49,0.37,0.09,0.05,1.83,20,40,2,100,0.17,0.12,0.24,2.56,0,0.17,1.46,0.12,0.06,1.1,0.49,0.32,4.39,0.16,0.73,0.24,0.49,33,0.97,0,1.83,1.83,0.73,0.83,0.12,0.1,17.31,7.19,0,5.12,52.3,8.9,4.75,1.1,1.83,69,1.25,2.08,0.97,33,0.49,31,0.61,0,15.23,16.75,4.63,2.92,1.34,54.05,8.29,54,2.07,71,0.24,0,0,38.39,73,4.27,14,60,0.97,6.22,17,62,-11,59.15,4.75,0.24,0.5,33.52,91,5.3,12.55,2.92,1.71,1.22,0,2.19,3.9,0.24,13,0.37,33,0.24,19,69,12,17,69,14,20.67,16.69,0.95,108,-3.99,19.6,18.05,0,0,0,0,0,,0,0,,0,0,0,0,0,0,27,7,7.87,52,0.04,0.05,0.02,-0.08,,0.03
Agustín Palavecino,Cruz Azul,Liga MX,2026/2027,736,8.17,9,Left Defensive Midfielder,Centre Defensive Midfielder,Man,Argentina,30,08/11/96,179,0.12,0.12,0.18,0.05,3.43,4,25,2,,0.12,0,0.1,1.59,0,0.09,1.47,0,0.01,0.12,0.12,0.28,5.02,-0.15,0.98,0.37,0.61,38,0.98,0,3.06,1.47,0.73,0.98,1.1,1.35,20.8,11.62,0.01,6.73,47.35,12.23,5.87,3.06,3.79,71,3.49,4.47,1.1,23,1.22,54,0.86,0,16.76,20.86,5.51,4.65,2.32,48.97,7.83,47,2.57,55,0.12,0,0,54.07,77,6.24,13,60,2.45,9.05,17,64,-13,54.94,9.54,0.63,0.73,51.99,93,5.29,17.13,1.96,1.47,0.49,0,2.57,4.04,0,13,0.61,33,0,24,67,9,24,71,4,21.99,18.85,0.95,92,-3.13,20.83,17.29,0,0,0,0,0,,0,0,,0,0,0,0,0,0,18,5,8.78,40,0.05,0.12,0.04,-0.15,,0.05
Henry Martín,América,Liga MX,2026/2027,732,8.13,8,Centre Forward,Left Centre Forward,Man,Mexico,34,17/11/92,177,0.74,0.37,0.29,0.18,1.6,23,54,3,75,0.3,0.25,0.21,2.21,0.25,0.21,2.21,0,0,0,0.61,0.5,3.81,0.11,0.74,0.37,0.37,50,1.35,0,1.6,2.71,0.12,0.17,0.37,0.37,16.24,8.12,0.01,4.18,66.15,3.69,2.83,0.61,0.74,63,0.86,1.03,0.61,0,0.37,53,2.46,0,15.01,18.29,3.69,2.71,0.61,68.25,12.3,82,2.21,82,0.25,0,0,20.17,65,0.49,15,44,0.74,0.74,37,55,-11,63.37,1.35,0.38,0.63,16.11,80,3.14,7.01,0.49,0.49,0,0.98,7.38,7.87,0,0,0,0,1.6,14,65,21,7,68,25,14.06,14.2,0.96,92,0.13,13.49,13.05,0,0,0,0,0,,0,0,,0,0,0,0,0,0,31,9,4.7,25,-0.08,0.02,0.01,0.03,,-0.01
Javier Ruiz,Necaxa,Liga MX,2026/2027,731,8.13,9,Left Wing,Left Wing Back,Man,Argentina,22,23/09/04,173,0,0,0.03,0.03,1.11,0,44,2,,0.02,0.12,0.19,1.85,0,0.17,1.35,0.12,0.02,0.49,0.12,0.22,2.95,-0.09,4.06,2.34,1.72,58,2.34,0,4.06,3.94,0.12,0.16,0.12,0.02,17.84,9.23,0.01,4.55,46.8,5.04,2.46,2.21,2.34,86,2.66,2.82,2.09,0,0.37,0,0,0,13.53,13.21,3.69,1.72,0.12,49,6.03,45,1.11,64,0.25,0,0,22.89,76,2.34,17,61,0.49,3.45,16,59,-18,61.39,3.81,0.42,0.56,34.21,78,7.56,8.49,2.34,1.72,0.62,0.25,1.48,3.2,0.12,37,0.98,36,0.25,14,73,12,17,71,12,21.14,14.85,0.97,104,-6.28,20.42,15.44,0,0,0,0,0,,0,0,,0,0,0,0,0,0,21,8,4.84,31,0.13,0.08,0.02,-0.04,,0.18
Pedro Vite,Pumas UNAM,Liga MX,2026/2027,729,8.1,9,Centre Defensive Midfielder,Left Defensive Midfielder,Man,Ecuador,25,08/03/02,173,0.12,0.12,0.03,0.04,0.74,17,33,0,,0.06,0.12,0.06,0.99,0.12,0.03,0.62,0,0.03,0.37,0.25,0.09,1.73,0.15,0.49,0.25,0.25,50,0.86,0,0.62,1.48,1.23,1.29,0.49,0.33,13.83,8.64,0.02,4.32,39.79,10.74,4.57,1.48,2.72,75,1.51,2.8,1.85,50,0.49,69,1.11,0,10.62,9.39,3.58,2.84,0.74,41.35,3.46,33,1.36,48,0.37,0,0,42.96,85,3.95,74,58,0.99,6.3,7,74,-11,48.95,3.58,0.34,0.37,35.43,95,3.57,8.4,1.11,0.62,0.49,0,0,0.62,0,11,0.37,43,0,19,70,11,16,79,4,21.84,21.72,0.93,98,-0.12,20.32,21.23,0,0,0,0,0,,0,0,,0,0,0,0,0,0,17,6,5.77,43,0.11,0.04,0.04,-0.01,,0.17
Rodolfo Cota,América,Liga MX,2026/2027,727,8.07,7,Goalkeeper,,Man,Mexico,39,02/07/87,184,0,0,0,,0,,,0,,0,0,0,0.12,0,0,0.12,0,0,0,0,0,0.12,0,0.12,0.12,0,100,0.12,0,0,0,0,0,0,0,0.12,0,0,6.44,3.49,5.2,0,0,0,0,0,0,0,0,0.12,,0,0,0.12,0.16,0,0,0,0.92,0,0,0,,0,0,0,22.42,68,4.58,23,34,3.84,9.54,17,46,-22,10.99,0.25,0.1,0.1,20.93,100,5.72,0.25,0,0,0,0,0,0,0,,0,,0,43,57,0,100,0,0,39.22,49.5,0.73,71,10.28,28.46,35.35,1.11,1.46,0.35,75,67,8,1.3,4.46,46,9.66,3.12,0.25,0.12,20.16,-3,28,1,1.34,7,0.04,0.09,,,0.17,0.31
Lorenzo Faravelli,Necaxa,Liga MX,2026/2027,726,8.07,9,Left Defensive Midfielder,Left Centre Midfielder,Man,Argentina,34,28/03/93,171,0,0,0.09,0.1,0.87,0,57,1,,0.15,0,0.07,0.99,0,0.07,0.99,0,0,0,0,0.15,1.86,-0.15,0.99,0.5,0.5,50,1.49,0,0.99,1.49,0.5,0.49,0.5,0.44,17.72,10.16,0.03,5.95,41.8,7.68,3.59,1.86,2.35,71,2.14,2.62,1.24,33,0.74,43,0.37,0.12,14.62,13.25,4.96,2.97,0.62,44.05,4.71,32,1.36,46,0.12,0,0,32.09,86,3.59,12,69,1.49,4.21,17,82,-4,50.28,4.34,0.32,0.42,27.75,92,4.88,8.05,0.87,0.87,0,0.12,1.61,2.48,0.12,0,0,0,0.12,19,72,9,34,63,3,22.73,23.77,0.97,105,1.04,21.94,25,0,0,0,0,0,,0,0,,0,0,0,0,0,0,15,8,4.21,28,0.06,0.03,0.02,0.05,,0.16
Alejandro Mayorga,Juárez,Liga MX,2026/2027,724,8.04,9,Left Back,Left Centre Back,Man,Mexico,30,28/05/97,178,0,0,0.02,0.18,0.12,0,0,0,,0,0,0.04,0.37,0,0.03,0.25,0,0,0.12,0,0.06,0.5,-0.06,0.87,0.25,0.62,29,0.25,0,0.87,1.24,1.24,0.66,2.24,2.3,14.18,9.08,0.08,4.23,30.29,6.22,2.49,1.24,2.49,67,0.79,1.45,0.75,50,0.62,13,0.12,0,12.19,9.1,3.36,0.87,0.12,33.87,3.73,31,0.5,57,0.12,0,0,31.21,69,3.61,82,47,2.86,7.09,11,62,-7,47.56,5.72,0.24,0.3,28.73,93,5.36,6.96,0.99,0.62,0.37,0,0.37,0.99,0,25,0.62,28,0,37,57,7,45,48,7,23.35,18.18,0.89,92,-5.17,20.8,16.81,0,0,0,0,0,,0,0,,0,0,0,0,0,0,30,10,4.04,39,0.11,0.01,0.09,-0.04,,0.17
Nicolás Ibáñez,Cruz Azul,Liga MX,2026/2027,722,8.02,10,Right Centre Forward,Centre Forward,Man,Argentina,32,22/08/94,179,0.5,0.5,0.44,0.15,2.99,17,58,8,0,0.54,0.12,0.07,0.87,0.12,0.07,0.87,0,0,0,0.62,0.51,3.86,0.11,0.75,0.25,0.5,33,0.75,0,0.37,1.99,0.25,0.34,0.5,0.56,17.57,7.85,0.01,4.11,68.26,2.74,1.99,0.25,0.5,40,0.25,0.58,1.37,0,0.37,42,1.62,0,15.95,20.82,3.74,3.49,0.87,69.44,13.71,86,2.99,86,0.25,0,0,15.08,76,0.25,13,67,0.5,0.37,22,70,-6,61,1.5,0.33,0.64,13.21,86,4.79,5.61,0.37,0.37,0,0.37,6.6,6.98,0,33,0.12,33,1.12,10,68,22,11,71,18,16.06,16.47,0.97,97,0.42,15.61,15.96,0,0,0,0,0,,0,0,,0,0,0,0,0,0,26,6,3.25,16,-0.03,0.07,-0.01,0.18,,0.21
Florián Monzón,Atlas,Liga MX,2026/2027,721,8.01,7,Centre Forward,Right Centre Forward,Man,Argentina,26,02/01/01,184,0.37,0.37,0.3,0.14,2.12,18,41,4,,0.38,0,0.06,0.62,0,0.05,0.5,0,0.01,0.12,0.37,0.36,2.75,0.01,0.62,0.25,0.37,40,0.5,0,1.75,2.5,0.12,0.1,0.62,0.6,15.86,7.87,0.03,2.87,64.37,4.12,2.12,0.75,0.87,60,0.93,1.02,1.25,20,0.5,45,1.75,0,13.99,15.88,2.5,2.62,0.62,68.31,11.49,82,1.87,71,0,0,0,18.49,69,0.87,10,64,1.12,0.87,23,68,-1,61.5,2.12,0.32,0.5,15.49,79,5.08,5.75,0.5,0.5,0,0.5,4.87,5.37,0,0,0,0,0.37,12,63,26,15,61,24,15.55,16.45,0.98,101,0.89,15.23,16.63,0,0,0,0,0,,0,0,,0,0,0,0,0,0,35,11,3.16,21,-0.06,-0.03,-0.06,0,,-0.14
Bruno Méndez,Toluca,Liga MX,2026/2027,719,7.99,8,Right Centre Back,Right Back,Man,Uruguay,27,09/09/99,181,0,0,0.02,0.06,0.38,0,0,0,,0,0,0.01,0.38,0,0.01,0.38,0,0,0,0,0.03,0.75,-0.03,0.5,0.38,0.13,75,0.38,0,0.13,0.38,2,2.21,3.13,3.61,8.26,4.26,0.08,4.38,26.52,8.39,2.63,0.75,2.75,50,0.95,3.16,0.63,44,0.75,53,1.25,0,6.88,8.23,2.38,0.5,0.13,31.54,1.5,22,0.25,50,0.13,0,0,49.07,84,4.38,10,59,4.01,6.51,10,63,-22,39.09,5.63,0.4,0.42,40.06,99,3.92,6.88,0.25,0.13,0.13,0,0.5,0.63,0,50,0.13,33,0,31,64,5,55,38,7,23.13,21.07,0.94,90,-2.06,21.68,19,0,0,0,0,0,,0,0,,0,0,0,0,0,0,19,8,4.29,25,0.08,0.04,0.08,-0.03,,0.17
Rodrigo Schlegel,Atlas,Liga MX,2026/2027,718,7.98,7,Left Centre Back,,Man,Argentina,30,02/04/97,182,0,0,0,0.02,0.25,0,0,0,,0,0,0,0,0,0,0,0,0,0,0,0,0.25,0,0,0,0,,1,0,0.63,0.38,2,2.29,4.13,4.04,12.65,6.64,0.08,6.26,25.37,8.27,1,2.26,4.26,82,2.44,4.73,0.75,43,0.5,76,2,0,9.77,9.85,4.26,2,1,28.91,1.75,18,0.5,25,0.13,0,0,42.22,88,2.88,40,66,4.39,4.13,10,74,-14,33.66,2,0.32,0.32,34.08,97,5.24,2.26,0.13,0.13,0,0,0.38,0.5,0,0,0,,0,25,73,2,33,67,0,21.1,19.09,0.98,94,-2.01,20.67,18,0,0,0,0,0,,0,0,,0,0,0,0,0,0,18,10,1.94,16,0.03,0.01,0.17,-0.01,,0.2
Daniel Arcila,León,Liga MX,2026/2027,718,7.98,9,Left Midfielder,Left Centre Midfielder,Man,Colombia,25,15/05/02,182,0.5,0.25,0.25,0.09,2.76,9,50,3,100,0.18,0,0.12,1.88,0,0.09,1.63,0,0.03,0.25,0.25,0.37,4.64,-0.12,1.5,0.63,0.88,42,1.63,0,2.51,2.26,0.38,0.44,0.63,0.74,10.9,5.14,0,2.13,56.87,4.39,2.26,0.38,0.75,50,0.42,0.85,1,0,0.38,20,0.13,0,9.52,8.6,1.88,2.26,0.75,59.76,6.26,66,2,89,0.25,0,0,34.33,81,2.26,10,62,0.63,3.63,16,73,-8,59.3,5.26,0.36,0.53,37.46,89,6.74,12.65,1.5,1.25,0.25,0.63,3.38,4.64,0,33,0.88,54,0.38,14,75,10,18,73,9,19.77,12.87,0.97,98,-6.89,19.13,12.62,0,0,0,0,0,,0,0,,0,0,0,0,0,0,21,10,5.8,35,0.01,0.13,0,-0.05,,0.09
Jordi Cortizo,León,Liga MX,2026/2027,713,7.92,10,Right Midfielder,Right Wing,Man,Mexico,30,29/06/96,183,0.25,0.25,0.14,0.08,1.64,15,23,2,,0.25,0,0.13,1.89,0,0.04,0.76,0,0.09,1.14,0.25,0.27,3.53,-0.02,1.51,0.76,0.76,50,3.28,0,3.03,3.41,0.5,0.49,0.63,0.65,13.88,8.58,0,4.16,49.85,7.19,3.66,1.77,2.27,54,1.73,2.22,0.63,33,1.51,14,0.13,0,11.48,11.95,3.41,1.77,0.63,51.55,5.93,52,1.39,79,0,0,0,40.38,80,4.04,85,65,1.14,5.68,15,75,-5,59.39,5.17,0.27,0.42,44.8,88,4.79,13.76,2.52,1.39,1.14,0.13,3.28,4.67,0,0,0.25,11,0.25,19,68,13,29,57,14,19.45,15.81,0.93,107,-3.65,18.17,16.93,0,0,0,0,0,,0,0,,0,0,0,0,0,0,23,8,7.13,52,0.14,0.02,0.03,0.13,,0.32
Agustín Oliveros,Necaxa,Liga MX,2026/2027,710,7.89,8,Left Centre Back,Centre Defensive Midfielder,Man,Uruguay,28,16/08/98,183,0,0,0.05,0.07,0.76,0,0,0,,0,0,0,0,0,0,0,0,0,0,0,0.05,0.76,-0.05,0.25,0.13,0.13,50,1.01,0,0.51,0.25,0.25,0.42,3.8,2.91,6.97,3.67,0.03,3.29,25.99,7.48,1.52,0.76,1.01,67,0.51,0.93,0.13,50,0.38,86,1.52,0,6.21,5.63,2.41,0.89,0.51,31.9,1.39,22,0.38,43,0.13,0.13,0,34.34,87,3.93,87,67,4.31,5.32,6,56,-32,39.32,3.29,0.29,0.31,27.25,97,4.37,3.55,0.38,0.38,0,0,1.65,2.03,0,0,0,0,0,25,71,4,36,61,4,21.9,22.86,0.93,83,0.96,20.4,18.91,0,0,0,0,0,,0,0,,0,0,0,0,0,0,16,6,2.29,17,0.06,0.05,-0.02,-0.08,,0.02
Bayron Duarte,Querétaro,Liga MX,2026/2027,708,7.87,9,Right Back,Right Wing Back,Man,Colombia,24,22/02/03,174,0,0,0.02,0.03,0.51,0,0,1,,0,0.13,0.07,0.64,0.13,0.07,0.51,0,0,0.13,0.13,0.09,1.14,0.04,1.02,0.51,0.51,50,1.27,0,0.64,0.76,0.76,0.59,2.92,1.39,17.54,8.51,0.07,5.59,31.72,7.12,3.18,2.16,2.92,77,1.23,1.82,1.78,50,0.64,50,0.89,0,13.6,7.62,3.18,1.78,0.64,34.93,3.3,24,1.14,64,0.64,0,0,25.8,69,2.29,14,43,3.69,4.57,15,66,-3,51.63,5.08,0.16,0.17,23.51,94,4.54,5.72,1.02,0.64,0.38,0,0.51,1.14,0,25,0.38,21,0,34,59,7,38,53,9,21.35,19.04,0.9,93,-2.31,19.27,17.63,0,0,0,0,0,,0,0,,0,0,0,0,0,0,33,13,4.83,33,0.1,0.05,0.1,-0.02,,0.23
Mateo Coronel,Querétaro,Liga MX,2026/2027,700,7.77,8,Centre Attacking Midfielder,Left Wing,Man,Argentina,28,23/10/98,172,0.39,0.39,0.32,0.11,2.83,14,32,6,,0.4,0.13,0.24,1.8,0.13,0.21,1.54,0,0.02,0.26,0.51,0.56,4.63,-0.05,0.77,0.26,0.51,33,0.9,0,1.67,3.86,0.13,0.05,0.13,0.06,11.32,4.76,0,2.32,54.84,4.25,2.06,0.51,0.64,44,0.26,0.31,0.26,0,0.64,35,0.77,0,10.55,5.34,1.93,2.44,0.9,54.7,6.3,60,2.19,89,0,0,0,20.71,71,2.06,11,59,0.51,3.09,21,68,-4,63.52,3.6,0.39,0.85,22,80,6.15,8.23,1.16,0.51,0.64,0.39,5.79,6.3,0,22,0.51,44,0.77,13,76,11,8,83,9,20.62,17.44,0.95,100,-3.18,19.5,17.4,0,0,0,0,0,,0,0,,0,0,0,0,0,0,29,11,6.65,40,0.1,0.04,0.01,0.12,,0.27
Alan Franco,Tigres UANL,Liga MX,2026/2027,697,7.74,8,Left Centre Back,Right Centre Back,Man,Argentina,30,10/10/96,183,0,0,0.03,0.07,0.52,0,25,0,,0.01,0,0,0.13,0,0,0.13,0,0,0,0,0.04,0.65,-0.04,0.52,0.39,0.13,75,0.52,0,0.39,0.39,1.03,1.01,3.23,3.58,8.4,3.62,0.04,5.04,27.79,10.21,2.97,1.29,2.33,67,1.63,2.64,0.78,29,0.65,54,1.81,0.13,6.33,7.11,3.36,1.16,0.65,36.81,2.2,35,0.65,56,0.13,0,0,52.98,88,2.2,13,46,4.13,3.88,9,67,-21,41.23,5.04,0.23,0.23,43.8,98,5,5.56,0,0,0,0,1.42,1.42,0,,0,0,0.26,26,71,3,42,53,5,20.87,20.27,0.96,104,-0.61,20.06,21.1,0,0,0,0,0,,0,0,,0,0,0,0,0,0,16,7,2.78,18,0.05,0.07,0.04,-0.03,,0.13
Luca Orellano,Monterrey,Liga MX,2026/2027,691,7.67,9,Right Wing,Right Midfielder,Man,Argentina,27,21/03/00,173,0.13,0.13,0.09,0.03,2.74,5,52,2,,0.11,0,0.12,1.69,0,0.07,1.04,0,0.05,0.65,0.13,0.21,4.43,-0.08,2.74,1.43,1.3,52,1.56,0,3.65,2.87,0.26,0.35,0.52,0.57,10.03,4.43,0,3.52,51.97,6.12,4.17,1.3,1.56,77,1.29,1.64,0.65,40,0.39,42,0.65,0,8.08,10.5,2.74,1.69,0.65,53.89,4.56,56,1.56,92,0,0,0,35.58,74,2.61,87,56,0.78,4.43,17,68,-6,63.6,4.95,0.61,0.73,41.18,85,7.03,13.81,2.22,1.69,0.52,0.65,3.26,4.95,0,12,0.78,27,1.43,15,67,18,18,67,15,18.21,13.06,0.93,102,-5.15,16.88,13.39,0,0,0,0,0,,0,0,,0,0,0,0,0,0,27,7,8.41,43,0.06,0.17,0.01,-0.05,,0.19
Milton Valenzuela,Atlas,Liga MX,2026/2027,684,7.6,8,Left Back,Left Wing Back,Man,Argentina,28,12/08/98,169,0,0,0,0.01,0.26,0,50,0,,0,0,0,0.13,0,0,0.13,0,0,0,0,0,0.39,0,0.53,0.39,0.13,75,1.32,0,0.79,0.26,0.92,0.86,1.97,2.45,15.67,8.29,0.04,6.85,32.93,7.11,1.84,3.69,4.61,78,4.06,4.92,0.79,61,1.05,35,0.79,0,11.19,11.25,4.61,1.71,0.92,35.2,3.03,27,0.79,46,0.13,0,0.13,34.1,76,3.55,88,55,2.76,5.66,11,58,-18,47.21,4.74,0.17,0.17,30.02,97,4.97,7.11,0.53,0.39,0.13,0.13,0.53,0.92,0,0,0.13,25,0.13,32,59,9,37,54,9,21.44,19.85,0.94,100,-1.59,20.22,19.77,0,0,0,0,0,,0,0,,0,0,0,0,0,0,25,9,2.4,17,0.1,0.09,-0.06,-0.01,,0.12
Ramiro Zárate,Tijuana,Liga MX,2026/2027,683,7.59,9,Right Midfielder,Right Back,Man,Mexico,22,29/08/04,180,0.13,0.13,0.05,0.06,0.79,17,33,1,,0.12,0,0.09,1.05,0,0.09,1.05,0,0,0,0.13,0.14,1.84,0,0.79,0.79,0,100,1.19,0,1.45,0.79,0.26,0.24,2.37,1.65,18.71,9.62,0.02,5.14,32.68,5.93,2.63,3.03,3.29,68,2.54,2.78,1.71,45,1.45,33,0.4,0,13.96,10.25,3.43,2.37,0.66,36.92,4.08,29,2.11,89,0.26,0,0,25.16,73,2.11,8,48,3.43,3.29,22,61,-12,51.42,2.37,0.23,0.33,22.92,91,5.07,5.8,1.58,1.45,0.13,0,0.4,1.84,0,42,0.92,54,0,21,63,16,14,61,25,21.58,23.42,0.9,88,1.84,19.38,20.57,0,0,0,0,0,,0,0,,0,0,0,0,0,0,25,5,4.24,24,0.05,0.16,-0.03,0.06,,0.24
Aarón Quirós,Atlante,Liga MX,2026/2027,679,7.55,7,Left Centre Back,Left Back,Man,Argentina,25,30/10/01,178,0,0,0,0.01,0.26,0,0,0,,0,0,0.05,0.79,0,0.05,0.66,0,0.01,0.13,0,0.06,1.06,-0.06,0.53,0.4,0.13,75,1.19,0,0.53,0.4,1.72,1.06,3.71,2.84,11.92,5.83,0.08,4.9,30.4,12.59,3.18,1.46,3.18,85,1.07,2.13,1.46,50,0.26,39,0.93,0,9.01,6.83,3.31,1.72,0.79,36.52,1.85,21,0.53,31,0.13,0,0,40.15,71,2.91,84,33,4.77,7.68,14,65,-5,41.98,4.5,0.31,0.33,33.52,98,6.84,5.7,0.66,0.26,0.4,0,0.4,0.66,0,60,0.4,21,0.13,35,60,6,40,56,5,23.86,21.91,0.86,92,-1.95,20.55,20.22,0,0,0,0,0,,0,0,,0,0,0,0,0,0,28,9,5.21,29,0.1,0.13,0.13,-0.01,,0.36
Ricardo Chávez,Monterrey,Liga MX,2026/2027,678,7.53,8,Right Back,Right Centre Back,Man,Mexico,32,18/11/94,175,0,0,0.09,0.22,0.4,0,33,0,,0,0.13,0.04,0.66,0.13,0.04,0.66,0,0,0,0.13,0.13,1.06,0,0.93,0.4,0.53,43,1.33,0,0.27,0.93,0.53,0.62,1.99,2.37,16.87,8.5,0.03,7.31,37.16,8.77,2.66,1.99,2.52,71,1.81,2.42,2.13,17,0.8,63,1.59,0,12.75,15.7,5.71,3.19,1.33,40.68,4.52,35,1.33,42,0.27,0,0,45.69,80,5.31,9,61,2.39,8.37,7,59,-21,45.02,4.65,0.54,0.54,37.86,97,4.2,7.97,1.33,0.8,0.53,0.27,1.73,2.52,0,40,0.93,44,0.4,28,62,10,23,62,15,22.81,19.83,0.95,95,-2.98,21.66,18.75,0,0,0,0,0,,0,0,,0,0,0,0,0,0,23,10,6.06,34,0.17,0.05,0.03,-0.06,,0.2
Franco Romero,Toluca,Liga MX,2026/2027,674,7.49,8,Right Defensive Midfielder,Centre Defensive Midfielder,Man,Argentina,27,22/04/00,178,0,0,0.02,0.05,0.4,0,0,0,,0,0,0.06,0.27,0,0.06,0.27,0,0,0,0,0.08,0.67,-0.08,0.13,0,0.13,0,1.2,0,0.53,0.93,1.33,1.83,1.33,1.66,15.61,9.61,0.01,8.54,40.73,12.41,5.2,1.73,3.07,52,2.33,4.16,0.67,27,1.6,17,0.13,0,13.21,17.8,6.27,3.47,1.87,43.14,4.8,36,1.6,46,0.27,0,0,51.25,91,2.54,4,70,1.73,3.2,9,84,-8,48.4,6.41,0.5,0.51,40.44,97,4.74,10.94,0.27,0.27,0,0,0.13,0.4,0,0,0,,0,16,76,7,26,73,1,18.56,19.32,0.98,96,0.75,18.22,18.57,0,0,0,0,0,,0,0,,0,0,0,0,0,0,9,5,4.52,25,0.02,0.09,0.02,-0.03,,0.11
Francisco Nevarez,Juárez,Liga MX,2026/2027,673,7.48,10,Right Back,Right Wing Back,Man,Mexico,26,02/12/00,185,0,0,0.01,0.02,0.27,0,0,0,,0,0,0.08,0.94,0,0.08,0.94,0,0,0,0,0.08,1.2,-0.08,0.8,0.67,0.13,83,1.2,0.13,0.8,1.6,0.94,0.4,2.81,1.42,16.04,8.82,0.02,5.48,33.13,9.76,3.07,2.27,3.21,71,1.67,2.08,1.6,58,0.94,64,1.2,0,12.16,8.42,4.14,3.07,1.34,39.4,3.88,32,1.74,57,0.4,0,0,31.94,73,3.34,9,52,3.34,5.88,10,58,-15,50.64,2.54,0.22,0.25,27.4,92,5.52,5.48,0.8,0.53,0.27,0.27,1.07,1.6,0,67,0.8,26,0.27,22,65,13,15,59,27,22.13,19.3,0.91,81,-2.84,20.11,15.55,0,0,0,0,0,,0,0,,0,0,0,0,0,0,27,7,3.38,25,0.02,0.07,-0.03,-0.01,,0.05
Erick Sánchez,América,Liga MX,2026/2027,671,7.45,9,Right Defensive Midfielder,Left Defensive Midfielder,Man,Mexico,27,26/09/99,167,0,0,0.15,0.07,2.28,0,24,2,,0.07,0.13,0.08,1.07,0.13,0.07,0.94,0,0.01,0.13,0.13,0.23,3.35,-0.1,0.4,0.27,0.13,67,2.01,0,1.48,0.94,1.07,1.17,0.81,1.11,13.15,8.19,0.01,4.03,44.29,11.14,5.77,1.61,2.68,80,2.13,3.31,0.81,40,0.4,69,1.21,0,10.74,12.57,2.68,2.28,0.4,43.64,3.49,33,0.81,35,0.27,0,0,47.77,87,5.5,13,84,1.61,5.77,15,75,-11,54.02,5.1,0.65,0.73,41.74,95,4.69,14.49,1.48,1.21,0.27,0.4,2.82,4.03,0.13,9,0.4,60,0.94,16,75,8,12,78,10,20.63,17.6,1,105,-3.03,20.59,18.45,0,0,0,0,0,,0,0,,0,0,0,0,0,0,17,7,9.33,43,0.01,0.11,0.01,-0.11,,0.02
Ricardo Marín,Guadalajara,Liga MX,2026/2027,670,7.44,10,Centre Forward,Left Centre Forward,Man,Mexico,29,17/03/98,181,0.67,0.4,0.3,0.14,2.15,19,56,4,100,0.5,0.27,0.1,0.94,0.27,0.1,0.94,0,0,0,0.67,0.41,3.09,0.27,0.67,0.54,0.13,80,0.81,0,1.21,1.61,0.13,0.09,0.13,0.2,19.76,9.68,0,4.84,67.08,3.63,2.15,0.67,0.81,45,0.84,0.93,1.21,0,0.81,24,1.21,0,17.88,24.07,4.7,3.09,0.67,68.36,14.25,80,2.55,83,0.13,0,0,20.03,71,0.81,60,75,0.13,1.08,28,61,-10,57.21,0.94,0.3,0.53,15.86,86,3.89,5.24,0.27,0.27,0,0.27,5.65,5.91,0,0,0,0,0.27,15,64,21,8,77,15,14.19,11.38,1.01,105,-2.81,14.27,11.98,0,0,0,0,0,,0,0,,0,0,0,0,0,0,25,4,2.88,17,-0.05,-0.02,-0.01,0.31,,0.24
Everardo López,Toluca,Liga MX,2026/2027,668,7.42,8,Left Back,Left Centre Back,Man,Mexico,22,22/03/05,180,0.13,0.13,0.11,0.39,0.27,50,50,0,,0.13,0.13,0.12,0.54,0.13,0.12,0.54,0,0,0,0.27,0.23,0.81,0.04,0.4,0.27,0.13,67,0,0,0.4,0.4,1.48,1.87,2.29,2.79,15.09,7.14,0.06,6.33,35.76,7.54,1.35,2.56,4.04,86,3.43,5.3,1.89,63,0.4,50,0.81,0.13,10.64,14.27,4.85,2.16,0.81,39.63,3.37,32,1.08,50,0,0,0.13,49.71,87,1.75,82,41,3.37,3.23,10,55,-31,44.09,4.71,0.87,0.87,41.22,98,4.35,6.87,0.54,0.54,0,0.13,1.48,2.02,0,25,0.27,50,0.13,24,70,6,43,51,6,19.66,22.42,0.92,73,2.77,18.18,16.46,0,0,0,0,0,,0,0,,0,0,0,0,0,0,14,7,4.46,24,0.12,0.05,0.02,0.07,,0.26
Lucas Ocampos,Monterrey,Liga MX,2026/2027,663,7.37,7,Left Wing,Right Wing,Man,Argentina,32,10/07/94,178,0.68,0.41,0.26,0.07,3.53,12,31,4,100,0.32,0.14,0.14,1.9,0.14,0.12,1.63,0,0.02,0.27,0.54,0.39,5.43,0.15,2.71,1.76,0.95,65,1.76,0,0.81,3.26,0.41,0.45,0.54,0.41,15.87,7.46,0.02,6.11,58.49,7.19,4.34,1.49,1.9,73,1.8,2.24,0.81,50,0.54,54,2.04,0,13.57,15.32,5.16,4.07,2.31,59.99,9.63,71,3.66,90,0,0,0,29.71,70,2.17,12,57,0.95,3.39,22,61,-10,61.64,3.8,0.5,0.79,30.12,90,5.68,10.45,1.22,0.81,0.41,0.54,4.88,5.7,0,56,0.81,35,0.54,20,68,11,21,64,16,20.39,17.02,0.96,104,-3.38,19.64,17.72,0,0,0,0,0,,0,0,,0,0,0,0,0,0,22,5,7.58,41,0.08,0.06,0.05,-0.01,,0.17
Diego González,Santos Laguna,Liga MX,2026/2027,656,7.28,10,Right Wing,Left Back,Man,Paraguay,24,06/01/03,177,0,0,0.11,0.05,2.2,0,31,2,,0.08,0,0.09,0.69,0,0.08,0.55,0,0.01,0.14,0,0.21,2.88,-0.21,1.92,0.69,1.24,36,1.37,0,1.92,3.43,1.1,1.14,1.51,1.77,17.02,9.47,0.02,5.08,46.34,7.41,3.29,2.06,3.16,75,2.34,3.48,1.1,44,0.69,80,0.55,0,13.87,12.88,3.84,2.33,0.82,50.83,6.73,49,2.06,88,0.27,0,0,35.69,71,3.02,85,42,1.92,6.73,13,64,-6,55.69,3.16,0.5,0.65,35.01,87,5.02,9.75,1.51,1.1,0.41,0.41,3.71,4.81,0,0,0.14,5,0.41,16,72,12,18,70,11,21.25,16.03,0.9,107,-5.22,19.09,17.08,0,0,0,0,0,,0,0,,0,0,0,0,0,0,25,9,5.34,34,0.05,0.09,0.02,-0.09,,0.07
Rodrigo Echeverría,León,Liga MX,2026/2027,655,7.28,8,Centre Defensive Midfielder,Right Defensive Midfielder,Man,Chile,32,06/04/95,180,0,0,0.02,0.06,0.27,0,50,0,,0.01,0,0.01,0.27,0,0.01,0.27,0,0,0,0,0.03,0.55,-0.03,0.27,0.27,0,100,1.24,0,1.65,0.69,0.41,0.52,1.24,1.54,16.49,8.93,0.08,7.83,37.49,8.24,2.75,2.06,2.47,56,2.2,2.72,0.55,21,1.65,88,0.96,0,13.88,14.16,5.08,2.2,0.96,40.73,4.53,33,0.82,38,0.27,0,0.14,37.65,88,1.51,11,61,1.24,2.47,10,87,-2,47.76,3.85,0.3,0.33,31.33,94,4.15,6.73,0.14,0.14,0,0.14,1.24,1.37,0,0,0.14,50,0.27,20,70,10,31,61,8,18.08,13.5,0.95,101,-4.58,17.18,13.64,0,0,0,0,0,,0,0,,0,0,0,0,0,0,14,8,5.17,32,0.01,0.03,0.09,-0.02,,0.11
Carlos Sánchez,Pachuca,Liga MX,2026/2027,654,7.26,9,Right Back,,Man,Mexico,25,12/04/02,165,0,0,0.04,0.05,0.83,0,17,1,,0.04,0.28,0.13,1.24,0.28,0.12,1.1,0,0.01,0.14,0.28,0.17,2.07,0.1,1.1,0.83,0.28,75,2.07,0,1.24,0.96,0.69,0.38,2.48,1.63,18.18,10.47,0.04,5.65,31.83,7.71,2.34,2.89,3.58,75,2.33,2.71,2.48,46,0.96,40,0.83,0,13.22,10.59,3.58,1.79,0.28,33.94,2.48,19,0.96,54,0.69,0,0,36.91,74,6.2,9,51,3.86,10.74,10,59,-14,51.78,6.89,0.43,0.48,36.22,94,5.66,8.13,1.65,1.38,0.28,0,1.24,2.62,0,58,1.1,31,0,27,64,9,31,58,12,25.51,26.88,0.87,91,1.37,22.2,24.47,0,0,0,0,0,,0,0,,0,0,0,0,0,0,24,6,4.71,25,0.15,0.07,0.17,0.01,,0.4
Hugo Cuypers,Monterrey,Liga MX,2026/2027,649,7.21,8,Centre Forward,Right Centre Forward,Man,Belgium,30,06/02/97,185,0.42,0.42,0.3,0.13,2.22,19,56,5,,0.51,0,0.05,1.11,0,0.05,1.11,0,0,0,0.42,0.35,3.33,0.06,0.42,0.14,0.28,33,0.69,0,0.56,2.08,0.14,0.22,0.14,0.05,17.62,8.19,0,3.61,64.89,3.89,2.91,1.25,1.39,75,1.81,2.04,1.39,25,0.42,48,2.22,0,15.13,20.76,3.19,1.8,0.56,66.44,12.49,83,1.39,77,0,0,0,15.4,65,0.42,27,60,0.14,0.69,28,53,-12,60.84,1.39,0.27,0.53,12.07,85,4.56,4.86,0.14,0.14,0,0.28,5.69,5.83,0,0,0.14,100,0.56,16,58,26,23,49,29,15.96,13.7,1.04,98,-2.26,16.55,13.48,0,0,0,0,0,,0,0,,0,0,0,0,0,0,33,7,2.21,11,-0.09,-0.01,0.02,0.23,,0.15
Andrés Sánchez,Atlético San Luis,Liga MX,2026/2027,638,7.08,7,Goalkeeper,,Man,Mexico,29,02/10/97,193,0,0,0,,0,,,0,,0,0,0,0.14,0,0,0,0,0,0.14,0,0,0.14,0,0,0,0,,0,0,0,0,0,0,0,0,0.28,0,0,8.33,4,2.82,0,0,0,,0,0,0.14,,0,0,0,0,0.28,0.3,0,0.14,0,28.42,0.14,50,0.14,100,0,0,0,13.41,78,3.25,36,42,1.13,6.63,14,82,4,9.13,0.28,0.04,0.04,11.86,99,5.1,0.14,0,0,0,0,0.14,0.14,0,,0,,0,43,57,0,100,0,0,30.53,28.99,0.74,87,-1.54,22.55,25.28,1.41,1.42,0.01,66,65,0,1.19,4.09,27,14.96,1.79,0.14,0.14,23.19,-4,20,4,1.95,15,0.08,0.03,-0.15,,-0.05,-0.08
Ramón Juárez,América,Liga MX,2026/2027,628,6.98,7,Right Centre Back,Left Centre Back,Man,Mexico,26,08/05/01,180,0,0,0.07,0.07,1,0,14,0,,0.01,0.14,0.03,0.29,0.14,0.03,0.29,0,0,0,0.14,0.1,1.29,0.04,0.14,0.14,0,100,0.29,0,0.14,0.14,0.57,0.72,4.58,5.77,7.02,4.01,0.05,4.15,24.05,9.31,1.29,1,1.58,88,1.25,1.96,0.72,75,0.14,58,2.01,0,5.3,6.82,2.44,0.72,0.14,30.96,1.15,22,0.57,80,0.14,0,0,39.68,85,5.73,11,68,5.01,8.02,5,40,-45,35.48,2.86,0.26,0.31,30.08,99,5.27,2.86,0,0,0,0,2.01,2.01,0,,0,,0,22,76,3,15,85,0,25.6,22.21,0.94,106,-3.39,23.94,23.62,0,0,0,0,0,,0,0,,0,0,0,0,0,0,20,8,3.52,17,0.05,0.04,-0.02,-0.09,,-0.03
Kevin Velasco,Puebla,Liga MX,2026/2027,628,6.98,7,Centre Attacking Midfielder,Right Wing,Man,Colombia,30,29/04/97,172,0.14,0,0.1,0.04,2.72,0,26,3,100,0.08,0,0.15,2.58,0,0.08,1.15,0,0.07,1.43,0,0.25,5.3,-0.25,1.72,0.86,0.86,50,1.58,0,3.15,3.01,0.72,0.33,1.29,0.72,15.91,7.74,0,4.16,46.94,5.59,2.87,1,1.72,54,0.58,0.91,0.86,17,0.86,6,0.14,0,14.34,7.83,3.3,3.58,1.15,51.1,7.6,53,2.58,72,0,0,0,32.54,77,4.44,82,56,2.15,7.02,15,79,3,61.8,6.45,0.35,0.43,36.41,85,7.17,11.47,2.72,1.15,1.58,0.14,1.15,2.29,0,16,0.72,22,0.14,14,72,14,21,66,13,21.78,17.88,0.95,98,-3.9,20.62,17.44,0,0,0,0,0,,0,0,,0,0,0,0,0,0,21,6,7.12,51,0.1,0.1,0.02,-0.06,,0.16
Naves,Necaxa,Liga MX,2026/2027,621,6.9,7,Right Centre Back,Left Centre Back,Man,Brazil,25,07/05/02,184,0,0,0.06,0.13,0.44,0,33,0,,0.01,0,0.01,0.15,0,0.01,0.15,0,0,0,0,0.06,0.58,-0.06,0,0,0,,0.15,0,0.15,0.44,0.58,0.66,5.08,5.14,13.49,6.53,0.1,5.8,24.74,8.56,2.03,2.18,2.76,94,2.01,2.67,1.74,75,0.15,57,1.74,0,9.57,9.92,4.06,2.03,1.02,31.15,1.31,14,0.44,21,0.15,0,0,49.3,83,6.82,10,64,6.38,9.43,13,65,-18,36.97,3.63,0.23,0.26,40.6,99,4.98,4.35,0.15,0.15,0,0,0.87,1.02,0,0,0,,0,25,72,3,30,67,3,26.06,26.74,0.93,95,0.68,24.27,25.34,0,0,0,0,0,,0,0,,0,0,0,0,0,0,15,5,2.12,15,0.06,0.05,0.26,-0.08,,0.29
Alexis Peña,Necaxa,Liga MX,2026/2027,618,6.87,7,Centre Back,Right Centre Back,Man,Mexico,31,12/01/96,187,0,0,0.05,0.07,0.73,0,0,0,,0,0,0,0.15,0,0,0.15,0,0,0,0,0.05,0.87,-0.05,0,0,0,,0,0,0,0.29,1.16,1.38,4.95,3.57,5.53,2.48,0.05,3.35,23.87,8.74,0.87,0.44,1.6,50,0.66,2.04,0.29,50,0.44,48,1.6,0,4.81,4.81,2.18,0.44,0,32.23,0.87,18,0.15,33,0,0,0,37.71,88,3.64,16,64,5.82,4.81,13,78,-10,31.43,2.18,0.25,0.38,28.68,99,4.67,2.33,0,0,0,0,1.6,1.6,0,,0,,0,28,68,4,50,50,0,22.77,23.34,0.95,98,0.57,21.65,22.98,0,0,0,0,0,,0,0,,0,0,0,0,0,0,13,7,3.35,22,0.06,0.03,0.33,-0.05,,0.37
Luis Cárdenas,Monterrey,Liga MX,2026/2027,618,6.87,6,Goalkeeper,,Man,Mexico,33,14/09/93,176,0,0,0,,0,,,0,,0,0,0,0,0,0,0,0,0,0,0,0,0,0,0,0,0,,0,0,0,0,0,0,0.15,0.19,0.29,0,0,5.53,3.11,3.64,0,0,0,,0,0,0.15,100,0,,0,0,0.15,0.26,0.15,0,0,15.4,0,0,0,,0.15,0,0,23.59,88,6.55,15,63,1.46,9.03,14,90,2,12.27,0.58,0.17,0.17,20.09,100,3.39,0.15,0,0,0,0,0,0,0,,0,,0,33,67,0,100,0,0,32.32,30.41,0.85,90,-1.91,27.54,27.24,1.31,1.41,0.1,57,54,3,1.18,3.06,35,8.74,1.7,0.15,0.15,19.03,-2,11,1,1.69,9,0.07,0.03,-0.11,,-0.02,-0.03
Monchu,Juárez,Liga MX,2026/2027,613,6.81,10,Left Centre Midfielder,Left Defensive Midfielder,Man,Spain,27,12/09/99,173,0,0,0.13,0.06,2.35,0,13,3,,0.11,0,0.07,0.73,0,0.05,0.59,0,0.01,0.15,0,0.2,3.08,-0.2,0.59,0.44,0.15,75,1.47,0,1.03,0.73,0.59,0.23,0.73,0.44,16.75,8.96,0.01,2.5,45.3,8.52,5.58,1.47,2.06,83,1.04,1.27,1.91,50,0.29,80,0.59,0,13.37,10.3,2.06,2.79,0.44,48.18,6.17,46,1.91,68,0.15,0,0,31.29,81,3.67,12,68,1.03,5.14,9,64,-17,51.12,5.88,0.28,0.35,26.88,95,5.2,8.67,0.73,0.44,0.29,0,1.18,1.62,0.15,0,0,0,0,17,71,12,29,66,5,22.67,19.66,0.96,102,-3.01,21.68,20.13,0,0,0,0,0,,0,0,,0,0,0,0,0,0,18,8,5.44,38,0.08,0.06,0.05,-0.05,,0.14
Carlos Baltazar,Puebla,Liga MX,2026/2027,613,6.81,9,Centre Attacking Midfielder,Left Wing,Man,Mexico,30,23/02/97,171,0.15,0.15,0.07,0.06,1.18,13,38,2,,0.15,0.15,0.04,1.03,0.15,0.04,1.03,0,0,0,0.29,0.11,2.2,0.19,1.76,0.88,0.88,50,2.06,0,2.94,3.09,0,0,0.59,0.42,13.66,6.46,0.01,3.97,51.14,5.29,2.5,1.18,1.18,80,0.81,0.81,0.44,0,0.29,19,0.44,0,12.05,8.64,3.38,2.35,1.18,53.5,6.91,57,1.91,81,0.15,0,0,23.51,84,0.88,7,43,0.88,1.76,16,77,-7,59.57,2.64,0.14,0.22,29.09,83,7.05,7.2,0.44,0.44,0,0,1.32,1.76,0,33,0.15,33,0,13,60,27,16,55,29,16.57,14.83,0.9,86,-1.74,14.9,12.82,0,0,0,0,0,,0,0,,0,0,0,0,0,0,18,5,3.64,26,-0.01,0.06,0.01,0.04,,0.1
Miguel Vázquez,América,Liga MX,2026/2027,611,6.79,6,Left Centre Back,,Man,Mexico,23,06/02/04,185,0,0,0.03,0.06,0.44,0,0,0,,0,0,0.11,0.15,0,0.11,0.15,0,0,0,0,0.13,0.59,-0.13,0,0,0,,0.59,0,0,0,1.03,1.13,4.42,5.57,8.84,5.3,0.04,4.71,29.64,9.13,1.03,1.62,2.65,100,1.85,2.97,1.18,100,0,59,2.8,0,6.04,7.42,3.09,1.18,0.44,33.55,1.18,20,0.74,63,0.15,0,0,46.26,87,7.07,81,76,5.45,8.25,12,64,-23,37.55,3.54,0.26,0.42,36.69,100,6.57,4.13,0.15,0,0.15,0.15,1.47,1.47,0,0,0.15,100,0.29,30,66,4,21,71,7,24.97,24.4,0.96,89,-0.56,23.89,21.65,0,0,0,0,0,,0,0,,0,0,0,0,0,0,17,6,4.63,21,0.11,0.06,0.19,-0.04,,0.31
Diego Rossi,Monterrey,Liga MX,2026/2027,608,6.75,8,Centre Attacking Midfielder,Centre Forward,Man,Uruguay,29,04/03/98,170,0.3,0.3,0.28,0.1,2.96,10,40,5,,0.33,0.44,0.15,2.07,0.44,0.14,1.93,0,0.01,0.15,0.74,0.43,5.04,0.31,0.44,0.3,0.15,67,0.44,0,1.48,1.19,0,0,0.44,0.57,12.59,5.18,0,3.41,59.13,5.04,3.41,0.89,0.89,86,1.27,1.27,0.59,50,0.15,36,0.74,0,11.11,14.95,3.11,3.11,0.89,60.72,8.15,73,2.37,76,0.15,0,0,26.37,76,0.89,10,46,0.59,1.78,23,75,-1,63.75,2.52,0.61,0.78,25.48,92,5.61,10.67,1.48,1.04,0.44,0.44,6.81,7.85,0.15,0,0.44,25,0.89,14,65,21,21,61,18,15.86,12.89,0.95,103,-2.97,15.14,13.25,0,0,0,0,0,,0,0,,0,0,0,0,0,0,20,6,7.36,35,-0.01,0.07,0.02,0.02,,0.1
Daniel Aguirre,Guadalajara,Liga MX,2026/2027,605,6.72,7,Right Centre Back,Right Back,Man,USA,27,27/07/99,176,0,0,0.14,0.16,0.89,0,17,1,,0,0,0.1,0.45,0,0.1,0.45,0,0,0,0,0.24,1.34,-0.24,0.45,0.3,0.15,67,0.74,0,0.45,0.15,0.45,0.63,2.53,3.5,11.76,6.4,0.02,4.61,35.27,9.52,3.42,1.49,1.93,67,1.65,2.28,1.64,60,0.74,47,1.04,0,8.63,10.9,3.27,1.49,0.3,40.63,2.83,33,0.74,50,0.15,0,0,57.59,85,4.32,7,59,3.72,6.1,8,71,-15,45.56,6.7,0.56,0.71,48.96,99,4.34,12.8,1.34,1.34,0,0.3,3.72,5.06,0,22,0.6,27,0.45,21,73,6,28,65,7,19.77,19.39,0.93,86,-0.38,18.48,16.62,0,0,0,0,0,,0,0,,0,0,0,0,0,0,16,5,7.26,40,0.09,0.07,0.06,-0.14,,0.08
Íker Moreno,Puebla,Liga MX,2026/2027,604,6.71,9,Right Back,Right Wing Back,Man,Mexico,23,13/09/03,168,0,0,0.02,0.07,0.3,0,0,0,,0,0,0.01,0.45,0,0.01,0.45,0,0,0,0,0.04,0.75,-0.04,1.34,1.34,0,100,0.45,0,1.04,0.15,0.6,0.3,2.09,1.36,10.58,4.77,0.02,4.02,39.66,8.65,2.98,1.19,1.79,73,0.91,1.21,1.04,40,0.45,8,0.15,0,8.35,5.47,3.13,1.94,1.04,45.59,3.58,43,1.49,77,0,0,0.15,36.97,83,1.79,4,50,2.09,3.58,7,62,-21,54.55,5.22,0.14,0.17,34.29,96,4.8,10.58,0.45,0.3,0.15,0,0.6,0.89,0,67,0.3,14,0,27,59,14,25,56,18,17.54,14.62,0.92,110,-2.92,16.12,16.08,0,0,0,0,0,,0,0,,0,0,0,0,0,0,21,11,2.98,20,0.01,0.09,0,-0.01,,0.09
Nicolás Castro,Toluca,Liga MX,2026/2027,603,6.7,8,Left Defensive Midfielder,Centre Attacking Midfielder,Man,Argentina,26,31/10/00,183,0,0,0.11,0.04,2.54,0,29,2,,0.09,0.3,0.37,2.69,0.3,0.37,2.69,0,0,0,0.3,0.48,5.23,-0.19,0.6,0.45,0.15,75,0.9,0,1.49,1.34,0.75,1,0.45,0.51,14.48,7.02,0.04,3.88,46.25,8.06,3.14,1.19,1.94,44,1.3,2.31,0.9,17,1.49,43,0.45,0,12.39,14.42,3.14,4.03,1.64,49.65,6.12,49,2.69,67,0.3,0,0,47.47,87,3.58,16,65,1.19,4.78,12,82,-5,53.76,7.32,0.6,0.9,47.03,95,7.27,13.73,1.94,1.94,0,0.45,2.54,4.48,0.45,0,0.3,50,0.6,21,69,10,25,72,3,19.43,17.37,0.94,90,-2.06,18.3,15.61,0,0,0,0,0,,0,0,,0,0,0,0,0,0,17,7,8.15,40,0.13,0.11,0,-0.08,,0.15
Díber Cambindo,León,Liga MX,2026/2027,602,6.69,9,Centre Forward,Right Centre Forward,Man,Colombia,31,16/02/96,187,0.45,0.45,0.46,0.12,3.74,12,44,9,,0.53,0.15,0.2,1.05,0.15,0.2,1.05,0,0,0,0.6,0.66,4.79,-0.06,1.2,0.9,0.3,75,0.6,0,1.94,3.14,0,0,0.9,0.57,13.31,6.88,0,3.89,60.48,2.99,1.5,0.75,0.75,83,0.66,0.66,0.9,0,0.15,43,1.35,0,11.67,10.85,3.59,2.09,0.45,64.62,9.42,81,1.8,86,0,0,0.15,14.21,71,0.45,6,75,0.9,0.6,23,68,-3,62.48,2.09,0.42,0.72,15.56,77,5.71,5.24,0.6,0.6,0,0.45,7.63,8.23,0,0,0,,1.05,7,65,27,9,74,17,13.55,8.8,1.04,112,-4.75,14.13,9.86,0,0,0,0,0,,0,0,,0,0,0,0,0,0,29,8,3.95,27,-0.03,0.08,0.01,0.01,,0.07
Jesús Gallardo,Toluca,Liga MX,2026/2027,600,6.66,7,Left Back,Left Centre Midfielder,Man,Mexico,32,14/08/94,178,0.15,0.15,0.17,0.09,1.95,8,15,2,,0.13,0.15,0.05,0.6,0.15,0.05,0.6,0,0,0,0.3,0.22,2.55,0.08,0.9,0.6,0.3,67,0.3,0,0.45,1.35,1.35,1.9,1.5,1.87,11.86,6.15,0.01,2.85,45.17,5.55,2.4,1.2,2.55,62,1.53,3.43,1.65,17,0.75,58,1.05,0,9.01,11.79,1.95,2.55,0.6,53.73,6,67,2.25,88,0.15,0,0,43.83,81,4.05,85,66,2.55,5.1,11,59,-22,53.4,4.2,0.9,0.99,40.23,96,4.41,12.46,1.35,1.2,0.15,0.15,3.9,5.1,0,67,0.9,38,0,17,68,14,17,66,17,20.18,22.18,0.95,97,2,19.23,21.45,0,0,0,0,0,,0,0,,0,0,0,0,0,0,19,6,4.41,25,0.07,0.09,0.03,-0.1,,0.09
Cristian Borja,América,Liga MX,2026/2027,596,6.63,7,Left Back,Left Wing,Man,Colombia,34,17/02/93,182,0.15,0.15,0.05,0.12,0.45,33,33,1,,0.09,0,0.05,1.06,0,0.05,1.06,0,0,0,0.15,0.11,1.51,0.04,0.45,0.45,0,100,1.66,0,0.3,1.21,0.75,0.76,1.21,1.38,10.41,6.19,0.02,3.32,35.62,6.49,3.62,1.51,2.26,77,1.65,2.4,1.06,25,0.45,78,1.06,0,7.85,9.62,2.57,1.06,0.45,38.51,2.57,33,0.45,43,0.3,0,0,37.27,82,2.41,74,55,1.51,4.07,10,57,-25,54.93,6.49,0.27,0.35,32.44,96,5.1,11.47,1.06,0.75,0.3,0.3,2.11,2.87,0,57,0.91,40,0.3,24,60,16,22,64,13,20.74,17.7,0.95,118,-3.04,19.7,20.83,0,0,0,0,0,,0,0,,0,0,0,0,0,0,20,6,7.27,35,0.05,0.07,-0.02,0.01,,0.11
Luciano Herrera,Pumas UNAM,Liga MX,2026/2027,596,6.62,8,Left Midfielder,Right Centre Forward,Man,Argentina,31,30/05/96,179,0.15,0.15,0.19,0.08,2.42,6,44,5,,0.17,0.15,0.18,1.36,0.15,0.17,1.21,0,0.01,0.15,0.3,0.37,3.78,-0.07,1.51,0.91,0.6,60,1.66,0,1.66,2.27,0.3,0.23,0.15,0.13,17.67,7.4,0,4.83,51.84,4.53,2.42,1.96,2.27,100,1.47,1.7,1.96,100,0,45,1.96,0,13.75,10.36,4.08,2.57,1.06,53.7,7.1,52,1.66,65,0.3,0,0,19.94,66,0.91,62,40,0.45,1.96,26,59,-6,59.59,3.47,0.39,0.49,20.09,83,7.46,6.5,1.36,1.21,0.15,0.45,4.53,5.74,0,22,0.3,22,0.6,20,66,14,26,63,12,17.74,15.4,0.93,112,-2.34,16.44,17.2,0,0,0,0,0,,0,0,,0,0,0,0,0,0,36,9,4.24,26,0.09,0.02,-0.09,-0.02,,0
Gerardo Arteaga,Monterrey,Liga MX,2026/2027,595,6.61,7,Left Back,Left Centre Back,Man,Mexico,28,06/09/98,173,0,0,0.06,0.14,0.45,0,67,0,,0.04,0,0.03,0.91,0,0.02,0.6,0,0.01,0.3,0,0.1,1.36,-0.1,1.21,0.76,0.45,63,0.91,0,1.21,1.06,1.06,1.55,0.45,0.5,11.64,4.54,0,5.14,41.14,8.32,3.18,1.97,3.02,93,2.53,4.08,0.3,80,0.15,20,0.15,0,9.38,12.27,4.23,2.12,1.36,42.89,3.93,42,1.81,86,0,0,0.15,42.04,90,3.93,86,68,0.6,5.6,7,71,-19,48.07,5.75,0.32,0.4,40.68,95,4.34,9.07,0.91,0.6,0.3,0,1.06,1.66,0,50,0.45,50,0.15,24,62,14,23,67,10,19.38,15.81,0.97,122,-3.56,18.76,19.26,0,0,0,0,0,,0,0,,0,0,0,0,0,0,21,13,4.88,26,0.08,0.1,0.03,-0.03,,0.17
Luis García,Toluca,Liga MX,2026/2027,594,6.6,6,Goalkeeper,,Man,Mexico,34,30/12/92,181,0,0,0,,0,,,0,,0,0,0,0,0,0,0,0,0,0,0,0,0,0,0,0,0,,0.3,0,0,0,0,0,0,0,0,0,0,7.12,2.46,4.24,0,0,0,,0,0,0,,0,,0,0,0,0,0,0,0,,0,,0,,0,0,0,20.76,75,8.03,17,52,3.49,11.82,21,65,-10,10.47,1.21,0.12,0.12,18.94,100,5.15,1.06,0,0,0,0,0,0,0,,0,,0,39,61,0,100,0,0,43.8,46.46,0.8,80,2.66,34.83,37.28,1.06,0.99,-0.07,70,72,-2,0.96,3.49,28,12.43,1.76,0,0,20.94,-3,24,3,1.49,8,0.1,0.1,,,0.01,0.21
Diego Sánchez,Tigres UANL,Liga MX,2026/2027,591,6.57,9,Left Wing,Right Wing,Man,Mexico,22,11/04/05,155,0.15,0.15,0.15,0.1,1.52,10,20,2,,0.16,0,0.06,1.07,0,0.06,1.07,0,0,0,0.15,0.21,2.59,-0.06,3.04,1.98,1.07,65,2.44,0.15,3.04,3.04,0.46,0.45,0.3,0.35,17.2,7.91,0,4.41,53.24,8.52,6.09,1.83,2.28,75,2.62,3.07,0.91,67,0.61,20,0.15,0,14.46,16.74,3.5,3.81,0.61,54.87,8.37,58,3.2,84,0,0,0,33.33,80,0.46,14,60,0.3,0.76,16,65,-15,65.38,4.26,0.32,0.41,36.53,85,6.14,16.44,1.52,1.52,0,0.91,3.65,5.17,0,20,0.3,12,0.61,16,60,23,19,57,23,15.55,14.36,0.96,95,-1.19,14.98,13.61,0,0,0,0,0,,0,0,,0,0,0,0,0,0,22,10,6.83,36,0.07,0.26,0.01,-0.01,,0.34
Alexis Vega,Toluca,Liga MX,2026/2027,589,6.54,8,Left Wing,Left Midfielder,Man,Mexico,29,24/11/97,174,0.61,0.31,0.13,0.05,2.6,12,35,2,100,0.22,0.31,0.24,3.06,0.15,0.17,1.68,0.15,0.07,1.38,0.61,0.38,5.65,0.24,2.14,1.38,0.76,64,3.06,0,1.99,3.06,0.46,0.46,0.31,0.46,12.07,5.5,0.01,5.5,54.48,4.13,2.29,1.38,1.83,60,1.43,1.89,0.46,44,0.92,33,0.15,0,10.24,12.49,4.43,2.75,1.83,55.87,6.27,61,1.83,67,0.15,0,0,44.47,77,4.28,8,55,1.07,7.03,16,85,8,65.6,7.79,0.71,0.96,49.67,91,5.67,20.17,3.67,2.45,1.22,0.31,4.28,6.72,0,8,0.61,18,0.31,13,73,14,17,68,15,20.91,19.74,0.94,106,-1.17,19.73,20.99,0,0,0,0,0,,0,0,,0,0,0,0,0,0,19,5,12.15,57,0.1,0.11,0.03,-0.09,,0.15
Javier Aquino,Juárez,Liga MX,2026/2027,588,6.53,9,Right Back,Right Wing Back,Man,Mexico,37,10/02/90,165,0,0,0,,0,,,0,,0,0,0.01,0.31,0,0.01,0.31,0,0,0,0,0.01,0.31,-0.01,0.77,0.46,0.31,60,1.38,0,0.15,0.61,0.92,0.75,2.14,1.61,17.91,8.42,0.02,5.66,33.4,6.89,2.45,2.75,3.67,72,1.99,2.74,0.77,36,1.07,56,0.77,0,14.39,8.26,4.13,1.84,0.31,36.79,3.98,28,0.92,50,0.31,0,0,34.13,78,3.06,14,54,2.6,5.2,10,56,-23,48.1,3.83,0.17,0.18,30,97,3.89,8.11,0.46,0.46,0,0,0.15,0.61,0,33,0.15,11,0,27,61,12,32,57,11,20.67,20.68,0.94,91,0.01,19.35,18.89,0,0,0,0,0,,0,0,,0,0,0,0,0,0,23,12,1.62,20,0.03,0.05,-0.11,,,-0.03
Raphael Veiga,América,Liga MX,2026/2027,586,6.51,8,Centre Attacking Midfielder,Left Defensive Midfielder,Man,Brazil,31,18/06/95,176,0.15,0.15,0.14,0.04,3.38,5,36,3,,0.23,0.15,0.23,2.92,0.15,0.11,1.84,0,0.12,1.08,0.31,0.37,6.3,-0.07,0.77,0.31,0.46,40,0.92,0,2.15,1.69,0.15,0.18,0,0,13.68,7.99,0,2.46,60.66,3.84,2.46,0.77,0.92,56,1.04,1.21,1.38,20,0.61,17,0.15,0,11.53,14.43,2.31,2.61,0.77,61.39,7.68,67,1.84,71,0.31,0,0,33.5,81,2.77,83,49,0.31,5.38,11,77,-5,64.16,6.92,0.36,0.56,31.04,90,5.79,15.06,2.61,0.77,1.84,0.46,2.77,3.53,0.15,12,0.31,25,0.46,13,71,16,18,72,9,19.36,18.19,0.91,107,-1.17,17.57,19.47,0,0,0,0,0,,0,0,,0,0,0,0,0,0,22,8,7.44,44,0.17,0.05,0,0.06,,0.28
Sebastián Vegas,León,Liga MX,2026/2027,582,6.47,7,Left Back,Left Centre Back,Man,Chile,30,03/12/96,180,0,0,0.04,0.05,0.77,0,80,0,,0.04,0,0.01,0.15,0,0.01,0.15,0,0,0,0,0.04,0.93,-0.04,0.62,0.31,0.31,50,0.77,0,0.62,0.77,1.24,0.99,3.55,3.13,13.91,6.95,0.04,4.95,26.76,6.65,2.01,2.16,3.4,61,1.83,2.82,2.01,43,1.39,55,0.93,0,9.74,8.01,3.09,1.39,0.62,33.25,1.85,19,0.15,11,0.46,0,0,38.95,80,3.25,91,44,4.02,6.95,8,67,-14,41.76,5.41,0.34,0.36,34,97,3.53,5.72,0.31,0.31,0,0,1.55,1.85,0,0,0.15,33,0.15,35,57,7,43,51,5,23.07,20.12,0.9,106,-2.96,20.85,21.41,0,0,0,0,0,,0,0,,0,0,0,0,0,0,21,11,4.08,28,0.09,0.03,0.07,0.01,,0.2
Jairo Torres,Juárez,Liga MX,2026/2027,582,6.46,8,Right Wing,Centre Attacking Midfielder,Man,Mexico,26,04/07/00,169,0,0,0.12,0.07,1.7,0,9,2,,0.01,0.15,0.19,1.39,0.15,0.19,1.39,0,0,0,0.15,0.31,3.1,-0.15,1.39,0.93,0.46,67,2.17,0.15,2.48,2.32,0.31,0.12,0.93,0.71,9.75,4.33,0.01,2.01,50.62,4.95,2.94,0.15,0.46,20,0.09,0.21,1.39,0,0.62,33,0.62,0,8.36,5.64,1.39,2.01,0.46,56.07,5.11,61,1.39,69,0.31,0,0,24.14,77,1.86,13,67,1.08,2.63,20,76,-2,64.13,3.25,0.32,0.5,27.24,85,6.62,11.14,1.55,1.55,0,0.15,3.1,4.64,0,60,1.24,50,0.46,13,68,19,7,79,14,17.58,15.35,1.03,116,-2.23,18.1,17.73,0,0,0,0,0,,0,0,,0,0,0,0,0,0,22,10,3.45,33,0.11,0.05,0.02,-0.08,,0.1
Rafael Fernández,Tijuana,Liga MX,2026/2027,580,6.45,6,Right Back,Right Centre Back,Man,Mexico,26,04/08/00,183,0,0,0.01,0.04,0.16,0,0,0,,0,0,0.05,0.93,0,0.05,0.93,0,0,0,0,0.05,1.09,-0.05,0.47,0.31,0.16,67,0.47,0,0.47,0.93,0.62,0.43,3.88,2.59,13.65,8.38,0.12,5.58,28.8,6.05,2.64,0.93,1.55,33,0.73,1.16,1.71,8,1.86,60,0.93,0,11.01,7.4,3.57,1.71,0.16,32.52,2.64,24,1.09,64,0,0,0,32.42,76,3.1,16,54,4.65,4.96,11,62,-14,45.37,3.1,0.39,0.42,26.37,98,3.78,5.58,0.62,0.62,0,0.16,0.47,1.09,0,25,0.47,43,0.16,35,58,7,25,64,11,22.21,19.82,0.93,106,-2.39,20.67,20.98,0,0,0,0,0,,0,0,,0,0,0,0,0,0,24,6,3.91,27,0.1,0.03,0.05,-0.01,,0.17
Alan Cervantes,América,Liga MX,2026/2027,574,6.38,6,Left Defensive Midfielder,Centre Attacking Midfielder,Man,Mexico,29,16/01/98,181,0,0,0.08,0.13,0.63,0,0,0,,0,0,0.03,0.78,0,0.03,0.78,0,0,0,0,0.11,1.41,-0.11,0.63,0.63,0,100,0.47,0,0.78,0.47,1.1,1.4,1.57,2.12,14.42,6.89,0.01,5.01,41.92,9.72,4.39,1.57,2.66,67,2,3.39,1.1,29,0.78,69,1.41,0,11.75,14.71,3.92,3.29,1.25,43.48,4.39,37,1.72,52,0.47,0,0,51.71,93,9.56,12,97,2.04,9.4,7,72,-21,51.15,7.05,0.48,0.54,43.56,97,4.29,14.57,0.47,0.47,0,0,1.72,2.19,0,0,0,,0,16,73,12,20,74,5,22.18,18.29,1.02,120,-3.89,22.67,22.01,0,0,0,0,0,,0,0,,0,0,0,0,0,0,9,5,7.18,36,0.01,0.01,0.05,-0.06,,0.01
Arturo González,Atlas,Liga MX,2026/2027,572,6.36,9,Centre Attacking Midfielder,Left Centre Midfielder,Man,Mexico,32,04/09/94,175,0.16,0.16,0.1,0.09,1.1,14,43,1,,0.15,0.16,0.13,2.05,0,0.04,0.79,0.16,0.1,1.26,0.31,0.23,3.15,0.08,2.36,1.26,1.1,53,3.15,0,2.52,2.67,0.94,1,1.57,1.8,19.51,9.91,0,6.45,52.63,6.61,2.83,2.05,2.99,68,1.98,2.98,0.94,14,0.94,44,1.1,0,16.52,17.53,5.35,4.56,1.42,56.39,10.07,61,2.99,66,0,0,0,30.21,77,3.78,81,59,1.73,6.29,15,76,-1,60.57,3.93,0.57,0.62,31.15,84,4.03,10.23,2.36,0.63,1.73,0.47,2.36,2.99,0,27,0.79,29,0.79,18,67,15,22,63,15,19.26,13.93,0.93,107,-5.34,17.87,14.97,0,0,0,0,0,,0,0,,0,0,0,0,0,0,32,14,6.89,57,0.13,0.03,0.08,0.01,,0.24
Duk,Atlas,Liga MX,2026/2027,571,6.35,8,Right Wing,Right Wing Back,Man,Cape Verde Islands,27,15/02/00,182,0.31,0.31,0.25,0.12,2.05,15,46,3,,0.12,0.16,0.14,1.26,0.16,0.14,1.26,0,0,0,0.47,0.38,3.31,0.09,3.78,1.57,2.2,42,1.73,0,3.62,4.09,0.16,0.18,0.63,0.52,19.53,8.03,0,4.41,44.38,7.09,2.83,2.05,2.2,81,2.05,2.23,1.42,57,0.47,50,0.63,0,16.06,14.98,3.78,3.46,0.79,45.61,7.09,44,1.89,55,0,0,0.16,24.1,65,1.42,17,47,0.94,2.68,14,65,0,58.36,2.83,0.45,0.59,31.03,77,5.67,6.46,0.94,0.94,0,0.31,4.09,5.04,0,83,1.1,32,0.47,15,69,16,5,71,24,18.99,14.8,0.99,114,-4.19,18.73,16.88,0,0,0,0,0,,0,0,,0,0,0,0,0,0,23,6,4.27,34,0.18,0.1,0.02,-0.08,,0.21
Elías Montiel,Pachuca,Liga MX,2026/2027,571,6.34,7,Left Defensive Midfielder,Left Centre Midfielder,Man,Mexico,21,06/10/05,171,0.16,0.16,0.02,0.02,0.79,20,20,1,,0.04,0.16,0.14,2.05,0.16,0.12,1.58,0,0.02,0.47,0.32,0.16,2.84,0.16,1.1,0.16,0.95,14,0.63,0,2.21,1.89,0.32,0.16,0.63,0.57,14.03,7.73,0.01,4.1,48.7,8.2,4.26,0.79,1.1,100,0.64,0.8,0.47,,0,40,0.32,0,12.77,9.54,3.63,2.68,0.95,50.81,6.94,54,1.89,71,0,0,0,37.05,85,3.94,16,71,1.26,4.89,14,78,-7,54.38,7.25,0.48,0.57,37.37,90,4.89,13.09,1.26,0.47,0.79,0,0.16,0.63,0.32,13,0.16,17,0.16,13,77,10,10,81,10,20.03,17.47,0.95,95,-2.57,19.11,16.51,0,0,0,0,0,,0,0,,0,0,0,0,0,0,17,6,6.86,51,0.03,0.06,0.02,0,,0.13
Jesús Angulo,Toluca,Liga MX,2026/2027,567,6.3,9,Centre Attacking Midfielder,Right Wing,Man,Mexico,30,19/02/97,172,0.16,0.16,0.21,0.1,2.06,8,38,3,,0.22,0.32,0.23,2.7,0.32,0.18,2.06,0,0.05,0.63,0.48,0.44,4.76,0.03,2.06,1.27,0.79,62,0.63,0,2.54,4.12,0.63,0.82,0.48,0.59,13.48,6.35,0.01,3.81,48.96,4.44,2.54,1.27,1.9,80,1.54,2.36,0.79,0,0.32,25,0.16,0,11.42,14.54,3.17,3.17,1.27,52.23,6.03,53,1.9,60,0,0,0,30.78,85,1.43,84,45,0.63,3.01,15,94,9,61.15,4.6,0.6,0.75,34.58,87,5.79,13.96,2.22,1.43,0.79,0.63,3.65,5.08,0,7,0.32,40,0.79,16,73,11,22,69,9,17.55,14.46,0.92,97,-3.09,16.15,13.97,0,0,0,0,0,,0,0,,0,0,0,0,0,0,24,14,7.31,44,0.19,0.02,0.03,0.05,,0.29
Jorge Díaz Price,Toluca,Liga MX,2026/2027,563,6.25,9,Centre Forward,Left Midfielder,Man,Mexico,28,26/07/98,173,0.16,0.16,0.24,0.12,1.92,8,33,3,,0.09,0,0.1,1.6,0,0.1,1.6,0,0,0,0.16,0.33,3.52,-0.17,2.24,1.44,0.8,64,1.76,0,3.68,3.2,0,0,0.48,0.62,16.96,7.2,0,5.44,69.05,6.4,3.04,0.48,0.48,43,0.64,0.64,0.16,20,0.64,40,0.64,0,16.32,23.07,5.12,4.96,1.76,70.59,13.6,83,4,81,0,0,0,29.44,84,1.44,14,75,0.48,1.92,16,75,-9,62.11,5.28,0.83,1.04,33.76,84,6.82,14.08,1.12,1.12,0,1.12,5.76,6.88,0,0,0,0,1.44,14,66,19,16,67,17,15.93,13.01,0.99,97,-2.92,15.74,12.67,0,0,0,0,0,,0,0,,0,0,0,0,0,0,16,8,6.74,35,0.07,0.11,0.01,-0.07,,0.12
Helinho,Toluca,Liga MX,2026/2027,562,6.25,9,Right Wing,Right Centre Forward,Man,Brazil,27,24/04/00,175,0.48,0.32,0.35,0.09,3.68,9,48,4,100,0.5,0.48,0.24,2.88,0.48,0.19,2.24,0,0.05,0.64,0.8,0.59,6.56,0.21,3.04,1.76,1.28,58,1.76,0,1.92,3.84,0.16,0.26,0.32,0.45,9.44,3.84,0,2.88,58.34,5.92,4.32,1.6,1.76,77,1.86,2.11,0.48,40,0.48,14,0.16,0,7.36,9.49,2.4,3.2,1.44,60.97,4.96,67,2.56,80,0.48,0,0,42.24,78,4,84,52,0.64,7.36,16,71,-6,62.49,5.92,0.52,0.82,46.72,89,5.27,18.72,3.2,2.4,0.8,0.48,6.4,8.8,0,20,1.12,41,1.28,16,66,18,18,68,14,19.13,12.62,0.91,104,-6.51,17.49,13.06,0,0,0,0,0,,0,0,,0,0,0,0,0,0,15,8,7.92,40,0.03,0.12,0.01,0.16,,0.33
Edgar Zaldívar,Atlas,Liga MX,2026/2027,557,6.19,8,Left Defensive Midfielder,Right Centre Midfielder,Man,Mexico,30,16/10/96,172,0.32,0.32,0.22,0.19,1.13,29,43,1,,0.23,0.16,0.03,0.48,0.16,0.03,0.48,0,0,0,0.48,0.25,1.62,0.23,0.48,0.32,0.16,67,1.13,0,1.62,1.13,1.29,1.18,2.26,2.58,11.48,4.85,0.04,3.88,33.86,9.7,3.39,1.13,2.42,88,1.21,2.39,0.97,67,0.16,53,1.45,0,9.38,9.89,2.75,1.62,0.65,38.85,2.59,28,0.65,40,0.16,0,0,38.63,86,2.59,8,76,2.75,2.91,13,68,-18,50.85,3.88,0.71,0.8,32.33,93,4.74,8.89,0.65,0.65,0,0,1.62,2.26,0,25,0.16,50,0,15,70,15,16,69,15,18.71,18.93,0.99,100,0.22,18.61,18.98,0,0,0,0,0,,0,0,,0,0,0,0,0,0,17,8,5.09,38,0.04,0.05,0.04,0.05,,0.17
Brayan Garnica,Puebla,Liga MX,2026/2027,556,6.18,8,Right Wing,Right Midfielder,Man,Mexico,31,26/05/96,167,0,0,0.06,0.05,1.29,0,13,2,,0.01,0.16,0.04,1.13,0.16,0.04,1.13,0,0,0,0.16,0.1,2.43,0.06,1.62,0.81,0.81,50,0.65,0,2.75,2.27,0,0,0.65,0.42,19.91,10.52,0,5.66,47.46,6.8,4.05,2.91,2.91,75,1.89,1.89,0.49,55,0.97,57,1.29,0,16.51,11.78,5.02,3.24,0.97,49.19,7.28,44,2.43,75,0,0,0,31.56,76,1.13,16,47,1.13,1.94,15,72,-4,62.79,3.72,0.22,0.24,32.69,86,5.02,11.65,1.29,1.29,0,0.49,3.08,4.37,0,75,1.29,50,1.29,19,64,18,21,56,24,15.73,15.51,0.97,97,-0.22,15.2,14.99,0,0,0,0,0,,0,0,,0,0,0,0,0,0,27,8,4.76,34,0.02,0.1,0.04,-0.04,,0.11
Alan Vega,Tijuana,Liga MX,2026/2027,555,6.17,9,Left Back,Left Wing Back,Man,Mexico,27,17/03/00,173,0,0,0.05,0.03,1.46,0,11,2,,0,0.32,0.06,0.97,0.32,0.06,0.97,0,0,0,0.32,0.11,2.43,0.22,1.3,0.97,0.32,75,0.65,0,0.32,0.65,0.16,0.11,2.59,2,12.81,7.3,0,5.19,28.27,9.89,3.24,0.97,1.14,60,0.84,0.95,0,25,0.65,67,0.97,0,11.84,9.28,3.73,1.62,0.81,31.67,1.95,16,1.14,70,0,0,0,32.6,78,2.76,70,52,3.41,4.54,12,59,-19,48.31,4.05,0.38,0.41,24.98,97,4.55,7.3,1.14,0.97,0.16,0,0.81,1.78,0,71,0.97,50,0,30,56,14,38,49,13,20.27,19.25,0.9,90,-1.02,18.2,17.28,0,0,0,0,0,,0,0,,0,0,0,0,0,0,27,12,6.26,31,0.13,0.08,0.03,-0.03,,0.2
Mourad El Ghezouani,Tijuana,Liga MX,2026/2027,552,6.13,8,Centre Forward,Left Centre Forward,Man,Morocco,29,26/05/98,188,0.49,0.16,0.17,0.08,2.28,7,29,6,67,0.19,0,0,0,0,0,0,0,0,0,0.16,0.17,2.28,-0.01,0.65,0.33,0.33,50,1.47,0.49,0.65,1.47,0.65,0.5,1.63,1.28,16.14,6.52,0,4.4,52.3,3.59,1.63,0.82,1.47,100,0.34,0.84,1.63,,0,44,2.77,0,13.69,11.7,3.75,2.61,0.65,58.06,8.15,60,1.79,69,0,0,0,10.92,65,0.82,8,63,1.96,0.98,31,46,-19,53.14,0.65,0.27,0.32,6.85,74,4.37,2.45,0.33,0.33,0,0,5.54,5.87,0,0,0,,0.33,10,64,26,13,67,20,15.96,15.91,1.04,90,-0.05,16.66,14.36,0,0,0,0,0,,0,0,,0,0,0,0,0,0,36,12,1.94,9,0.07,-0.04,0.03,-0.08,,-0.01
Aldo Cruz,Atlético San Luis,Liga MX,2026/2027,551,6.12,8,Left Centre Back,Left Back,Man,Mexico,29,23/09/97,176,0,0,0.02,0.11,0.16,0,0,0,,0,0,0.03,0.65,0,0.03,0.65,0,0,0,0,0.04,0.82,-0.04,0.16,0,0.16,0,0.49,0,0.33,0.33,0.49,0.4,2.29,2.67,8.33,2.94,0.04,2.45,25.58,7.35,2.94,1.47,1.96,82,1.69,2.09,0.33,80,0.33,67,1.31,0,6.54,7.66,1.63,0.98,0.16,28.93,1.8,28,0.33,33,0.16,0,0,52.94,88,3.92,80,60,3.59,5.23,16,77,-11,45.03,7.19,0.68,0.69,46.9,99,5.02,9.97,0.65,0.49,0.16,0,0.33,0.82,0,0,0.16,20,0,27,66,7,30,59,11,19.46,19.74,0.92,92,0.28,17.96,18.09,0,0,0,0,0,,0,0,,0,0,0,0,0,0,18,10,4.17,29,0.08,0.07,0.05,-0.01,,0.19
Martín Sarrafiore,Atlante,Liga MX,2026/2027,551,6.12,7,Right Centre Midfielder,Centre Attacking Midfielder,Man,Argentina,29,19/07/97,178,0.33,0.33,0.22,0.06,3.6,9,32,4,,0.26,0,0.25,2.61,0,0.24,2.12,0,0.01,0.49,0.33,0.47,6.21,-0.14,2.29,1.8,0.49,79,1.31,0,2.61,1.47,0.33,0.25,0.33,0.12,16.18,8.5,0,4.58,51.5,9.15,5.23,1.96,2.29,60,1.69,1.94,0.98,0,1.31,33,0.98,0,13.24,9.53,3.6,3.27,0.65,52.83,7.52,57,2.78,85,0,0,0,34.81,74,1.96,80,52,1.31,2.78,29,71,-3,58.75,6.21,0.72,0.82,35.63,89,5.9,11.6,1.8,1.63,0.16,0.33,3.27,4.9,0.33,9,0.16,17,0.65,29,60,11,27,62,11,18.13,17.9,0.98,97,-0.23,17.68,17.38,0,0,0,0,0,,0,0,,0,0,0,0,0,0,30,13,9.22,49,0.06,0.09,0.03,0,,0.18
Robson Bambu,Atlético San Luis,Liga MX,2026/2027,549,6.1,6,Right Centre Back,Centre Attacking Midfielder,Man,Brazil,29,11/11/97,192,0,0,0,,0,,,0,,0,0,0.01,0.49,0,0.01,0.49,0,0,0,0,0.01,0.49,-0.01,0.33,0.33,0,100,0.33,0,0.66,0.33,0.98,0.74,4.59,4.11,10.32,4.1,0.04,4.92,27.59,7.54,2.13,1.31,2.29,80,1.66,2.4,1.47,83,0.33,70,2.29,0.16,7.54,7.47,2.95,1.8,0.49,32.92,1.64,22,0.66,36,0.49,0.16,0,59.97,86,5.57,16,65,6.23,6.88,12,68,-18,42.85,7.7,0.28,0.29,52.27,98,3.5,10.98,0.66,0.66,0,0,0.33,0.98,0,0,0,0,0,27,69,5,28,63,9,20.7,23.71,0.94,97,3.01,19.41,23.1,0,0,0,0,0,,0,0,,0,0,0,0,0,0,19,11,4.11,32,0.08,0.04,0.03,,,0.15
Erik Lira,Cruz Azul,Liga MX,2026/2027,546,6.07,7,Right Defensive Midfielder,Left Defensive Midfielder,Man,Mexico,27,07/05/00,172,0.16,0.16,0.02,0.05,0.33,50,50,0,,0,0.16,0.01,0.16,0.16,0.01,0.16,0,0,0,0.33,0.03,0.49,0.3,0.66,0.66,0,100,1.15,0,1.15,0.82,1.32,1.82,0.99,1.27,12.69,6.26,0.01,4.45,38.3,9.23,3.79,2.64,3.96,70,3.62,5.44,0.49,40,1.15,33,0.33,0,9.56,11.85,3.3,1.48,0.99,39.48,2.8,29,0.99,67,0.16,0,0,54.05,88,3.46,21,66,1.15,5.11,8,89,1,45.01,5.6,0.36,0.39,46.64,96,3.69,10.38,0.33,0.33,0,0,0.49,0.82,0,0,0,0,0.16,19,76,5,30,59,11,19.6,14.26,0.96,97,-5.33,18.81,13.8,0,0,0,0,0,,0,0,,0,0,0,0,0,0,14,6,6.74,31,0.02,0.07,0.05,-0.02,,0.12
Salvador Mariscal,Santos Laguna,Liga MX,2026/2027,542,6.02,7,Right Defensive Midfielder,Left Defensive Midfielder,Man,Mexico,24,21/04/03,187,0,0,0,0.01,0.17,0,0,0,,0,0,0.01,0.17,0,0.01,0.17,0,0,0,0,0.01,0.33,-0.01,0,0,0,,0.17,0,0.83,0.5,0.83,0.76,0.83,0.62,21.27,11.63,0.03,5.98,38.78,5.15,1.99,1.66,2.49,71,1.52,2.28,1.16,33,0.66,25,0.5,0,18.44,15.13,4.82,3.49,1.33,39.42,4.65,25,1.66,48,0,0,0,39.38,90,3.49,11,81,1.16,3.99,8,74,-16,45.73,2.82,0.26,0.27,32.4,97,4.14,4.15,0.33,0.33,0,0.17,0.33,0.66,0,50,0.17,100,0.33,15,77,8,12,84,4,20.37,18.29,0.98,98,-2.08,19.9,17.88,0,0,0,0,0,,0,0,,0,0,0,0,0,0,12,5,3.61,30,0,0.04,0.1,0,,0.14
Orbelín Pineda,Monterrey,Liga MX,2026/2027,539,5.99,7,Left Defensive Midfielder,Centre Attacking Midfielder,Man,Mexico,31,23/03/96,169,0.17,0.17,0.14,0.08,1.84,9,18,1,,0.15,0.17,0.12,1.34,0.17,0.12,1.34,0,0,0,0.33,0.26,3.17,0.08,2,1,1,50,3,0,1,1.5,1.5,1.77,1.34,1.77,17.53,10.18,0.02,5.68,43.07,11.85,5.17,1,2.5,43,1.28,3.05,1.17,22,1.34,45,0.83,0,15.36,19.7,4.51,4.84,1.5,45.18,6.34,41,2.84,59,0,0,0,47.07,85,5.01,9,81,2.5,5.01,18,77,-8,54.82,9.18,0.5,0.61,45.9,95,6.4,16.53,1.67,1.5,0.17,0,2.17,3.67,0.17,10,0.17,33,0.17,21,71,8,22,73,5,21.07,17.19,1,111,-3.87,20.99,19.13,0,0,0,0,0,,0,0,,0,0,0,0,0,0,17,7,7.11,37,0.02,0.2,0.06,-0.01,,0.27
Emmanuel Echeverría,Santos Laguna,Liga MX,2026/2027,539,5.99,9,Left Back,Left Wing Back,Man,Mexico,23,03/10/03,174,0,0,0.05,0.05,1.17,0,43,2,,0.14,0,0.15,2,0,0.13,1.84,0,0.02,0.17,0,0.2,3.17,-0.2,0.67,0.17,0.5,25,0.83,0,1.5,1.34,0.17,0.24,2,1.97,14.03,6.01,0.01,4.01,30.76,5.68,1.17,1.17,1.34,58,1.49,1.74,1,67,0.83,40,0.67,0,11.85,12.3,3.17,1.34,0.33,34.64,3.51,30,0.67,50,0.17,0,0,35.9,78,2.34,79,54,2.17,4.17,10,67,-12,56.9,4.34,0.34,0.5,34.73,92,5.49,11.69,2.17,1.84,0.33,0.17,1.84,3.67,0,54,1.34,42,0.17,22,65,13,19,59,23,18.26,13.68,0.95,104,-4.57,17.31,14.29,0,0,0,0,0,,0,0,,0,0,0,0,0,0,22,10,6.68,40,0.09,0.12,-0.08,0,,0.13
Diego Barbosa,Toluca,Liga MX,2026/2027,537,5.97,7,Right Back,Right Wing Back,Man,Mexico,30,24/09/96,173,0,0,0.03,0.03,1.01,0,50,1,,0.01,0,0.12,0.67,0,0.12,0.67,0,0,0,0,0.15,1.68,-0.15,2.51,1.84,0.67,73,0.67,0,1.68,1.68,0.84,1.07,1.51,2.05,21.95,12.9,0,9.88,39.95,8.88,3.69,3.85,4.69,72,4.65,5.71,1.68,43,1.51,40,0.67,0,16.42,19.28,7.54,3.69,1.84,42.25,5.53,34,2.01,55,0.17,0,0.17,37.02,76,2.51,16,54,2.68,3.52,17,69,-7,53.44,3.52,0.24,0.37,36.52,91,4.29,9.05,0.34,0.17,0.17,0.67,3.02,3.18,0,0,0.5,23,0.67,24,59,18,7,59,33,19.69,22.67,0.92,96,2.98,18.11,21.78,0,0,0,0,0,,0,0,,0,0,0,0,0,0,21,8,3.64,22,0.08,0.1,0.07,-0.04,,0.21
Sergio Hernández,Atlas,Liga MX,2026/2027,533,5.92,9,Left Wing,Left Midfielder,Man,Mexico,23,01/05/04,163,0,0,0.06,0.06,1.01,0,0,2,,0,0,0.09,0.68,0,0.09,0.68,0,0,0,0,0.15,1.69,-0.15,2.37,1.01,1.35,43,1.35,0.17,2.37,3.72,0.34,0.33,0.34,0.46,19.43,8.62,0,5.41,54.55,7.77,4.73,2.2,2.53,57,2.6,2.93,1.52,10,1.69,22,0.34,0,15.72,17.53,4.22,4.56,1.86,56.08,9.29,59,3.55,78,0.17,0,0,25.86,64,1.18,14,39,0.68,2.7,17,54,-11,61.27,3.55,0.41,0.48,28.56,81,5.4,8.28,1.52,1.35,0.17,0.51,3.55,4.9,0.17,11,0.51,18,0.68,18,74,8,14,78,8,18.42,15.96,0.89,81,-2.47,16.47,12.94,0,0,0,0,0,,0,0,,0,0,0,0,0,0,26,9,4.29,28,0,0.19,0.02,-0.06,,0.15
Jesús Corona,Monterrey,Liga MX,2026/2027,529,5.87,8,Left Wing,Left Wing Back,Man,Mexico,34,05/01/93,174,0.17,0.17,0.1,0.06,1.7,10,30,2,,0.03,0.17,0.1,2.21,0,0.09,1.53,0.17,0.02,0.68,0.34,0.2,3.92,0.14,3.75,2.04,1.7,55,2.21,0,1.53,4.26,0.34,0.46,0.51,0.62,10.39,4.6,0,2.55,52.54,6.98,3.75,0.68,1.02,67,0.83,1.28,1.02,0,0.34,25,0.17,0,8.68,10.65,2.21,2.38,1.19,55.13,4.77,55,1.19,50,0.17,0,0,39.84,73,3.75,28,49,1.19,6.98,15,79,6,60.37,6.81,0.21,0.31,41.72,89,6.21,13.79,1.7,1.19,0.51,0.34,3.24,4.43,0,30,1.19,29,0.85,16,60,24,22,54,23,21.16,18.58,0.91,108,-2.58,19.28,20.13,0,0,0,0,0,,0,0,,0,0,0,0,0,0,27,7,7.07,49,-0.02,0.23,0,-0.08,,0.12
Miguel García,Atlético San Luis,Liga MX,2026/2027,527,5.86,7,Centre Back,Right Centre Back,Man,Mexico,25,13/10/01,188,0,0,0.02,0.03,0.51,0,0,0,,0,0,0.01,0.34,0,0.01,0.34,0,0,0,0,0.03,0.85,-0.03,0,0,0,,0.34,0,0.51,0.17,0.51,0.34,3.41,2.8,8.7,4.95,0.05,4.95,25.44,8.19,2.73,1.37,1.88,62,1.65,1.99,0.68,40,0.85,50,1.02,0,6.66,7.62,3.58,2.05,1.54,31.15,1.02,15,0.68,33,0.17,0,0,59.22,88,3.58,16,55,4.61,5.29,12,75,-13,39.29,4.95,0.4,0.41,51.54,99,4.99,6.14,0.51,0.51,0,0,0.17,0.68,0,33,0.17,50,0,24,72,4,28,69,3,21.33,23.85,0.93,81,2.52,19.8,19.37,0,0,0,0,0,,0,0,,0,0,0,0,0,0,13,7,4.78,38,0.04,0.08,0.06,-0.03,,0.15
Gilberto Mora,Tijuana,Liga MX,2026/2027,527,5.86,7,Left Centre Midfielder,Left Wing,Man,Mexico,18,13/10/08,175,0.85,0.17,0.25,0.15,1.71,10,30,3,100,0.21,0.17,0.2,1.88,0.17,0.17,1.54,0,0.03,0.34,0.34,0.46,3.58,-0.11,2.39,1.54,0.85,64,2.22,0.17,1.37,2.73,0.68,0.55,1.02,0.8,19.46,10.41,0,6.15,41.87,6.15,2.22,1.37,2.05,62,1.03,1.58,0.34,0,0.85,40,0.34,0,17.75,14.38,5.46,2.9,1.54,43.61,5.29,30,1.71,59,0,0,0,28.17,79,1.54,10,32,1.37,4.44,18,86,7,56.83,4.27,0.41,0.78,29.53,89,6.78,8.36,1.19,0.85,0.34,0.17,4.1,4.95,0,43,0.68,29,0.17,12,71,18,20,69,10,20.95,14.89,0.84,103,-6.06,17.66,15.29,0,0,0,0,0,,0,0,,0,0,0,0,0,0,22,7,8.35,51,0.02,0.16,0.04,0.14,,0.35
Paulo Ramírez,Atlas,Liga MX,2026/2027,524,5.83,9,Left Defensive Midfielder,Right Defensive Midfielder,Man,Mexico,24,15/10/02,178,0,0,0.03,0.03,1.03,0,17,1,,0,0,0.02,0.34,0,0.02,0.34,0,0,0,0,0.06,1.37,-0.06,0.17,0,0.17,0,0.17,0,0.51,0.69,0.86,1,2.06,2.24,7.72,3.43,0.01,1.37,39.99,10.13,4.81,0.17,1.03,17,0.24,1.23,0.17,0,0.86,50,1.03,0,7.38,8.04,0.86,2.06,0.17,44.48,3.09,42,1.03,50,0,0,0,39.82,85,2.57,66,88,2.23,2.75,19,85,0,50.15,3.95,0.4,0.43,31.23,96,4.47,7.38,0.69,0.69,0,0.17,1.03,1.72,0,0,0.17,50,0.17,18,74,8,21,70,9,18.9,18.34,1,100,-0.55,18.91,18.34,0,0,0,0,0,,0,0,,0,0,0,0,0,0,14,5,4.31,32,0.02,0.06,0.03,-0.05,,0.07
S.Sandoval González,Guadalajara,Liga MX,2026/2027,514,5.71,7,Right Wing Back,Right Attacking Midfielder,Man,Mexico,19,06/08/07,165,0.53,0.53,0.18,0.07,2.45,21,50,3,,0.42,0,0.07,1.05,0,0.07,1.05,0,0,0,0.53,0.25,3.5,0.28,1.93,0.88,1.05,45,1.58,0.18,1.75,1.93,0.35,0.44,0.7,0.81,12.97,7.18,0,3.5,53.75,6.66,3.5,0.88,1.23,42,1.23,1.68,0.53,13,1.23,50,0.7,0.18,11.57,15.21,2.63,1.93,0.53,54.42,6.66,58,1.4,73,0,0,0,37.68,83,0.88,69,63,0.88,1.23,22,87,5,63.78,2.63,0.32,0.57,35.92,91,4.66,17.17,1.05,1.05,0,0.18,4.73,5.78,0,0,0,0,0.35,15,67,18,17,60,22,14.78,14.35,0.97,106,-0.43,14.28,15.27,0,0,0,0,0,,0,0,,0,0,0,0,0,0,21,10,7.96,45,-0.03,0.2,0.01,0.08,,0.26
Richard Ledezma,Guadalajara,Liga MX,2026/2027,513,5.7,9,Right Wing Back,Centre Defensive Midfielder,Man,USA,26,05/09/00,172,0.18,0.18,0.07,0.06,1.05,17,33,1,,0.11,0,0.04,0.7,0,0.04,0.7,0,0,0,0.18,0.11,1.75,0.06,1.93,0.88,1.05,45,0.18,0,1.58,2.28,0.53,0.61,1.05,0.83,8.24,3.68,0.04,2.28,42.07,6.66,3.68,1.4,1.93,62,1.81,2.43,0.53,50,0.88,0,0,0,6.31,7.7,1.58,2.1,0.88,50.17,2.8,44,1.75,83,0,0,0,52.42,83,3.51,16,69,1.75,4.38,10,71,-12,57.22,4.56,0.63,0.7,49.96,93,3.82,18.41,1.4,1.4,0,0.88,3.51,4.91,0,38,0.53,19,0.7,12,72,15,17,66,17,16.49,16.48,0.97,110,-0.01,16.06,18.09,0,0,0,0,0,,0,0,,0,0,0,0,0,0,19,7,8.27,47,0.03,0.12,0.09,0.06,,0.3
Anderson Duarte,Atlético San Luis,Liga MX,2026/2027,512,5.68,9,Left Wing Back,,Man,Uruguay,23,22/03/04,174,0,0,0.08,0.05,1.58,0,33,2,,0.19,0,0.1,0.88,0,0.1,0.88,0,0,0,0,0.18,2.46,-0.18,1.58,0.88,0.7,56,1.23,0,2.29,2.99,0.18,0.24,1.76,1.83,24.28,12.67,0.01,8.44,32.21,5.98,1.58,3.87,4.05,73,4.17,4.41,1.93,53,1.41,71,0.88,0,18.65,17.24,7.04,2.29,1.06,35.03,4.05,22,1.23,54,0.18,0,0,27.97,82,2.11,48,63,2.81,2.29,24,68,-13,54.77,2.81,0.34,0.39,30.96,85,5.58,9.32,1.06,1.06,0,0.35,2.99,4.05,0,83,1.58,45,0.7,20,58,22,15,53,32,19.01,20.14,0.95,103,1.13,18.03,20.82,0,0,0,0,0,,0,0,,0,0,0,0,0,0,22,10,3.15,22,0.04,0.08,0.02,-0.04,,0.1
Miguel Rodriguez,Necaxa,Liga MX,2026/2027,511,5.68,10,Right Wing Back,Left Wing Back,Man,Mexico,24,20/04/03,175,0.18,0.18,0.09,0.05,1.58,11,33,2,,0.21,0.18,0.17,1.06,0.18,0.17,1.06,0,0,0,0.35,0.25,2.64,0.1,1.76,1.41,0.35,80,1.06,0,2.11,2.47,1.06,0.67,0.53,0.68,15.85,7.4,0.01,3.87,37.02,5.28,2.29,1.58,2.64,69,1.69,2.36,1.23,20,0.7,55,1.06,0,13.03,11.06,3.17,2.99,0.53,38.41,3.52,27,1.76,59,0.35,0,0,29.06,79,2.11,78,50,0.88,3.87,17,80,1,60.33,3.7,0.4,0.55,29.06,87,7.72,10.04,1.41,1.23,0.18,0.53,2.47,3.7,0,38,0.88,42,0.53,15,69,15,18,65,18,19.91,18.04,0.92,107,-1.87,18.37,19.3,0,0,0,0,0,,0,0,,0,0,0,0,0,0,20,6,6.15,38,0.12,0.09,0.02,0.01,,0.24
Víctor Guzmán,Monterrey,Liga MX,2026/2027,510,5.67,5,Right Centre Back,Centre Back,Man,Mexico,25,06/03/02,182,0,0,0.04,0.07,0.53,0,0,0,,0,0,0,0,0,0,0,0,0,0,0,0.04,0.53,-0.04,0.53,0.35,0.18,67,0,0,0,0.35,1.23,1.62,4.06,5.52,10.4,4.41,0.1,4.76,26.95,10.23,2.47,1.59,2.82,82,2.31,3.93,1.59,88,0.35,68,2.65,0,7.58,10.38,3.35,1.76,0.88,32.78,1.76,23,0.35,20,0,0,0,50.08,88,5.47,9,63,4.76,7.94,8,52,-36,38.9,4.94,0.47,0.48,41.44,99,6.41,5.11,0.18,0,0.18,0,0.88,0.88,0,0,0,0,0,22,74,4,24,76,0,25.04,22.01,0.94,88,-3.02,23.59,19.3,0,0,0,0,0,,0,0,,0,0,0,0,0,0,14,5,3.9,19,0.05,0.06,0.26,-0.05,,0.32
César Araújo,Tigres UANL,Liga MX,2026/2027,507,5.64,7,Left Defensive Midfielder,Right Defensive Midfielder,Man,Uruguay,26,01/04/01,181,0,0,0.02,0.03,0.53,0,0,0,,0,0,0.03,0.53,0,0.03,0.53,0,0,0,0,0.05,1.06,-0.05,0,0,0,,1.95,0,0.53,0,0.53,0.57,0.89,0.57,18.99,11,0.06,6.57,41.69,10.47,6.57,2.48,3.02,88,2.88,3.45,1.77,33,0.35,50,0.53,0,14.73,16.82,5.68,4.44,1.77,45.7,6.21,42,2.48,56,0.18,0,0,43.65,90,3.19,14,82,1.06,3.73,13,84,-6,48.92,5.15,0.4,0.41,34.95,98,3.91,8.16,0.18,0.18,0,0,0.35,0.53,0,0,0,0,0,18,77,5,30,67,2,19.11,13.94,0.99,111,-5.17,18.92,15.41,0,0,0,0,0,,0,0,,0,0,0,0,0,0,16,10,4.61,26,0.05,0.04,-0.08,-0.01,,-0.02
Fernando Beltrán,León,Liga MX,2026/2027,498,5.54,10,Left Centre Midfielder,Centre Attacking Midfielder,Man,Mexico,29,07/05/98,163,0,0,0.04,0.03,1.26,0,43,1,,0.01,0.18,0.27,1.45,0.18,0.26,1.26,0,0.01,0.18,0.18,0.31,2.71,-0.13,0.9,0.54,0.36,60,2.35,0,1.45,2.53,0.36,0.36,0.36,0.49,11.2,4.34,0.03,5.24,39.04,3.97,1.99,1.63,1.99,100,1.32,1.69,0.36,100,0,0,0,0.18,9.21,8.68,4.52,1.63,0.72,41.22,3.61,39,0.72,44,0.18,0,0,38.29,80,3.43,16,61,1.08,4.88,14,73,-8,55.1,7.23,0.14,0.41,36.31,93,6.07,11.56,1.26,0.9,0.36,0,0.54,1.45,0.18,0,0,0,0.18,22,68,10,38,56,6,19.44,18.04,0.96,109,-1.4,18.68,19.72,0,0,0,0,0,,0,0,,0,0,0,0,0,0,18,6,5.56,41,0,0.05,0.01,-0.04,,0.02
Guilherme Castilho,Juárez,Liga MX,2026/2027,497,5.53,8,Right Defensive Midfielder,Right Centre Midfielder,Man,Brazil,27,18/09/99,180,0,0,0.03,0.05,0.54,0,0,0,,0,0,0.04,0.72,0,0.02,0.36,0,0.02,0.36,0,0.07,1.27,-0.07,0.18,0,0.18,0,1.63,0,1.09,1.09,1.63,0.98,1.45,0.72,18.64,11.94,0,3.44,38.99,6.69,2.35,1.63,3.26,53,1.63,2.62,1.45,0,1.45,50,1.09,0,15.56,9.35,2.35,3.98,0.36,40.53,4.88,31,1.63,41,0.36,0,0,30.03,74,2.89,20,57,2.17,4.34,17,56,-18,52.56,3.8,0.25,0.28,24.79,92,4.51,7.06,0.72,0.36,0.36,0,0.36,0.72,0,25,0.18,20,0,25,68,7,21,74,5,20.51,16.67,0.97,126,-3.84,19.85,21.01,0,0,0,0,0,,0,0,,0,0,0,0,0,0,26,5,3.35,30,0,0.01,0.02,-0.03,,-0.01
Paulo Victor,Querétaro,Liga MX,2026/2027,496,5.51,9,Left Wing,Left Midfielder,Man,Brazil,26,12/04/01,184,0,0,0.03,0.05,0.54,0,33,1,,0.02,0,0.08,1.81,0,0.05,1.09,0,0.03,0.73,0,0.11,2.36,-0.11,0.91,0.36,0.54,40,0.91,0,1.63,1.09,1.45,0.71,0.73,0.28,26.12,15.05,0,5.62,45.57,6.17,3.99,2.54,3.99,70,1.32,2.03,2.36,25,1.09,44,0.73,0,21.22,12.01,3.99,3.63,0.91,47.27,9.98,47,2.54,70,0.73,0,0,21.95,63,1.81,92,43,1.27,3.63,18,56,-7,60.85,1.63,0.39,0.44,20.13,87,3.93,6.53,1.45,0.91,0.54,0.18,0.91,1.81,0,25,0.36,25,0.18,30,61,9,31,44,25,20.34,18.58,0.86,82,-1.76,17.47,15.16,0,0,0,0,0,,0,0,,0,0,0,0,0,0,33,12,4.97,32,0.22,0.01,0.03,-0.03,,0.23
Pedro Pedraza,Necaxa,Liga MX,2026/2027,495,5.5,7,Right Defensive Midfielder,Centre Defensive Midfielder,Man,Mexico,27,29/04/00,183,0,0,0,,0,,,0,,0,0.18,0.02,0.55,0.18,0.02,0.55,0,0,0,0.18,0.02,0.55,0.16,0.18,0,0.18,0,0.36,0,0.55,1.27,0.73,0.57,2.18,1.8,22.38,13.28,0.02,7.28,34.92,9.28,3.64,2,2.73,65,1.77,2.34,2.91,25,1.09,33,0.18,0,17.83,16.16,5.64,3.64,1.46,39.54,5.64,32,1.27,35,0.55,0,0,34.39,84,3.09,12,68,2.37,4.37,15,75,-9,45.12,2.55,0.16,0.17,26.38,94,3.31,3.82,0,0,0,0,0.55,0.55,0,,0,,0,20,73,7,19,81,0,20.38,15.39,0.98,96,-4.99,19.96,14.76,0,0,0,0,0,,0,0,,0,0,0,0,0,0,16,5,2.15,16,-0.02,0.02,-0.14,,,-0.14
Rodolfo Pizarro,Pachuca,Liga MX,2026/2027,495,5.5,9,Centre Attacking Midfielder,Right Centre Midfielder,Man,Mexico,33,14/02/94,175,0,0,0.08,0.12,0.73,0,50,1,,0.02,0.18,0.16,1.64,0.18,0.16,1.64,0,0,0,0.18,0.24,2.37,-0.06,1.64,0.91,0.73,56,1.27,0,1.82,2.73,0.18,0.14,0.55,0.52,20.2,11.1,0,4.73,50.04,7.46,4.37,2,2.18,79,1.78,1.92,0.91,40,0.55,45,0.91,0,17.29,16.75,4.37,4.55,1.46,50.22,9.64,56,3.09,68,0,0,0,31.48,77,1.64,19,50,0.73,3.09,15,68,-10,59.55,5.46,0.42,0.56,31.66,87,5.7,10.19,1.27,1.27,0,0.55,3.46,4.73,0,43,1.27,78,0.91,16,70,15,18,68,14,17.13,14.86,0.97,102,-2.26,16.57,15.13,0,0,0,0,0,,0,0,,0,0,0,0,0,0,23,5,5.66,37,0.08,0.07,0.04,-0.02,,0.16
Matías Espíndola,Necaxa,Liga MX,2026/2027,491,5.46,8,Right Attacking Midfielder,Right Wing,Man,Argentina,23,25/11/03,185,0.18,0.18,0.3,0.15,2.02,9,9,3,,0.14,0,0.09,1.47,0,0.05,1.1,0,0.04,0.37,0.18,0.39,3.48,-0.21,1.28,0.92,0.37,71,1.28,0,2.57,1.83,0.55,0.76,0.37,0.14,17.04,9.53,0,6.23,51.62,8.25,5.5,1.47,2.02,67,1.54,2.3,0.73,0,0.73,29,0.37,0,14.85,14.47,4.95,2.57,1.1,53.39,8.61,58,1.65,64,0,0,0,32.81,69,2.38,13,62,0.55,3.67,14,68,-1,58.14,4.22,0.59,0.97,34.27,88,5.87,8.43,1.47,0.92,0.55,0,3.48,4.4,0,63,0.92,36,0.18,12,73,15,20,72,9,18.86,13.73,1,107,-5.13,18.8,14.64,0,0,0,0,0,,0,0,,0,0,0,0,0,0,29,8,4.44,29,-0.04,0.1,0.02,-0.07,,0.01
Alán Bautista,Pachuca,Liga MX,2026/2027,488,5.42,9,Centre Attacking Midfielder,Left Centre Midfielder,Man,Mexico,24,10/06/02,169,0.18,0.18,0.11,0.08,1.48,13,25,2,,0.07,0,0.15,1.29,0,0.11,0.74,0,0.04,0.55,0.18,0.27,2.77,-0.08,0.74,0.55,0.18,75,1.11,0,0.92,0.92,0,0,0.55,0.44,17.7,11.06,0.01,4.06,49.93,6.82,3.32,1.48,1.48,67,1.12,1.12,1.29,20,0.74,14,0.18,0,14.93,13.87,3.32,2.95,0.74,52.02,8.85,59,2.58,88,0,0,0,31.9,75,3.13,19,52,0.92,5.72,12,74,-1,56.86,5.16,0.29,0.41,30.61,95,5.69,8.67,1.66,0.74,0.92,0.37,2.03,2.77,0,33,0.92,42,0.37,14,74,12,23,66,11,19.91,14.98,0.93,118,-4.93,18.54,17.73,0,0,0,0,0,,0,0,,0,0,0,0,0,0,24,4,5.7,40,0.21,0.1,0.03,-0.04,,0.3
Aldo López,Santos Laguna,Liga MX,2026/2027,484,5.38,8,Right Defensive Midfielder,Left Defensive Midfielder,Man,Mexico,27,22/05/00,170,0,0,0.06,0.08,0.74,0,25,1,,0.1,0,0,0.19,0,0,0.19,0,0,0,0,0.06,0.93,-0.06,0.37,0.37,0,100,1.12,0,0.56,0.37,1.3,1.38,1.67,1.48,15.62,6.88,0.03,5.77,33.41,6.51,2.98,0.37,1.67,29,0.22,1.6,0.37,0,0.93,50,0.37,0,14.88,11.85,4.09,2.79,0.56,36.1,3.72,25,1.3,47,0.37,0,0,35.15,90,2.98,12,84,1.86,3.35,13,85,-5,49.84,5.21,0.27,0.29,29.76,96,4.28,7.81,0.19,0.19,0,0,1.12,1.3,0,0,0.19,33,0.19,16,73,11,21,71,7,19.51,14.63,1,100,-4.89,19.46,14.56,0,0,0,0,0,,0,0,,0,0,0,0,0,0,16,9,3.48,25,-0.02,0.03,0.08,0.02,,0.11
Isaías Violante,América,Liga MX,2026/2027,480,5.33,7,Right Wing,,Man,Mexico,23,19/10/03,173,0.19,0.19,0.12,0.04,2.81,7,27,3,,0.05,0.19,0.24,2.25,0.19,0.24,2.25,0,0,0,0.38,0.36,5.06,0.01,1.5,0.94,0.56,63,1.69,0,2.81,2.25,0.56,0.76,0.94,1.18,6.38,3.19,0,1.88,44.27,5.81,4.31,1.5,2.06,73,2.15,2.91,0.38,67,0.56,29,0.38,0,4.5,5.92,1.13,0.94,0.56,52.35,2.06,46,0.56,60,0,0,0,32.06,67,1.13,63,46,0.94,2.44,12,67,-1,66.45,3,0.46,0.63,35.44,89,5.93,13.31,1.5,1.5,0,0.75,5.44,6.94,0.19,63,1.31,30,1.13,13,68,19,15,59,25,16.79,12.9,0.99,93,-3.9,16.69,11.98,0,0,0,0,0,,0,0,,0,0,0,0,0,0,35,10,6.19,31,0.04,0.2,0.03,-0.11,,0.17
Jonathan Padilla,Tijuana,Liga MX,2026/2027,477,5.3,9,Right Centre Midfielder,Left Centre Midfielder,Man,Mexico,21,18/12/05,174,0,0,0.28,0.17,1.7,0,44,3,,0.19,0.19,0.12,1.13,0.19,0.06,0.57,0,0.06,0.57,0.19,0.4,2.83,-0.21,2.07,1.7,0.38,82,1.7,0,2.45,1.89,0.19,0.06,1.51,1.36,20.18,8.86,0,5.66,40.99,5.47,2.64,1.7,1.89,82,1.31,1.37,2.07,100,0.38,40,0.75,0,16.41,11.63,4.53,3.77,1.32,44.86,5.47,33,2.26,60,0.38,0,0,26.78,71,1.51,6,50,1.7,2.83,21,67,-5,58.55,2.07,0.48,0.72,25.84,85,5.32,7.17,1.32,0.57,0.75,0.38,3.77,4.34,0,14,0.38,18,0.57,12,70,18,16,63,21,19.38,15.45,0.91,107,-3.93,17.56,16.58,0,0,0,0,0,,0,0,,0,0,0,0,0,0,27,7,5.58,39,0.09,0.07,0.01,-0.02,,0.15
Federico Viñas,Toluca,Liga MX,2026/2027,477,5.3,7,Centre Forward,Right Centre Forward,Man,Uruguay,28,29/06/98,182,0.75,0.57,0.64,0.16,3.96,14,24,5,100,0.64,0,0.06,1.13,0,0.06,1.13,0,0,0,0.57,0.7,5.09,-0.13,1.7,1.13,0.57,67,3.21,0.19,3.21,3.02,0.19,0.2,0.38,0.46,13.39,7.54,0.02,4.15,60.63,5.85,3.39,1.13,1.32,75,1.28,1.47,0.75,0,0.38,52,2.64,0,11.5,13.89,3.77,2.64,0.38,62.8,7.92,69,1.89,71,0,0,0,21.69,77,0.75,78,80,0.57,0.75,38,64,-13,62.41,1.89,0.77,1.02,25.46,83,5.08,8.3,0.19,0.19,0,0.38,6.79,6.98,0,0,0,0,0.75,7,69,24,5,77,18,14.22,12.96,1,105,-1.27,14.27,13.64,0,0,0,0,0,,0,0,,0,0,0,0,0,0,19,7,5.49,28,-0.1,0.2,-0.01,0.11,,0.19
Gabriel Fernández,Cruz Azul,Liga MX,2026/2027,471,5.24,10,Centre Forward,Left Centre Forward,Man,Uruguay,33,12/05/94,185,0.76,0.57,0.5,0.1,4.77,12,36,11,50,0.36,0,0.12,0.95,0,0.12,0.95,0,0,0,0.57,0.61,5.73,-0.04,1.34,0.76,0.57,57,2.29,0,2.1,2.48,0.19,0.23,0.19,0.14,11.45,3.63,0,3.82,69.5,2.29,1.72,0.95,1.15,100,1.18,1.41,0.95,,0,57,2.48,0,9.54,11.03,3.44,2.48,0.95,72.42,8.59,90,2.29,92,0.19,0,0,12.41,70,0.19,22,100,0.19,0.19,14,40,-30,62.37,0.95,0.54,0.82,13.93,73,5.81,4.39,0.19,0.19,0,0.95,12.22,12.41,0,0,0,,1.34,11,68,21,4,78,17,11.69,9.65,1.11,72,-2.04,12.95,6.95,0,0,0,0,0,,0,0,,0,0,0,0,0,0,24,7,3.7,16,-0.11,-0.07,0.01,-0.26,,-0.42
Brian Gutierrez,Guadalajara,Liga MX,2026/2027,466,5.18,9,Right Centre Midfielder,Right Defensive Midfielder,Man,Mexico,23,16/06/03,178,0,0,0.17,0.07,2.51,0,8,2,,0.03,0.19,0.18,2.51,0.19,0.18,2.51,0,0,0,0.19,0.35,5.02,-0.16,1.35,0.96,0.39,71,0.58,0,2.12,1.74,0.39,0.58,0,0,15.05,6.75,0,3.28,54.64,6.37,3.67,1.54,1.93,80,1.97,2.55,1.93,50,0.39,100,0.39,0,11.58,14.95,2.89,3.09,1.35,57.65,6.95,60,2.32,75,0,0,0,49.01,87,1.93,13,59,0.58,2.7,18,85,-2,59.24,6.37,0.54,0.67,47.08,93,3.95,20.84,2.51,2.32,0.19,0.39,3.67,5.98,0,23,0.58,43,1.16,15,72,13,17,74,9,17.29,14.75,0.95,93,-2.53,16.47,13.78,0,0,0,0,0,,0,0,,0,0,0,0,0,0,14,6,10.44,51,-0.01,0.07,0.03,-0.04,,0.04
Carlos Salcedo,Monterrey,Liga MX,2026/2027,458,5.08,5,Left Centre Back,Right Centre Back,Man,Mexico,33,28/09/93,182,0,0,0.1,0.13,0.79,0,50,0,,0.09,0.2,0.07,0.39,0.2,0.07,0.39,0,0,0,0.2,0.17,1.18,0.02,0,0,0,,0.79,0,0,0,2.36,3.25,4.33,5.23,7.87,4.72,0.04,3.74,29.9,10.82,1.77,0.98,3.34,63,0.94,4.19,0.98,63,0.59,86,3.54,0,5.9,6.59,1.38,1.18,0.2,37.23,1.18,20,0.59,50,0.39,0,0.2,54.49,86,8.06,24,73,4.72,10.62,9,76,-10,38.51,3.34,0.3,0.38,41.31,100,4.17,3.93,0,0,0,0.39,1.97,1.97,0,,0,,0.39,25,71,3,40,60,0,24.31,22.21,0.95,108,-2.1,23.01,24.1,0,0,0,0,0,,0,0,,0,0,0,0,0,0,17,6,2.68,16,0.06,0.07,0.08,-0.01,,0.2
Ryan Mmaee,Atlas,Liga MX,2026/2027,456,5.07,6,Centre Forward,Left Centre Forward,Man,Morocco,29,31/10/97,185,0.2,0.2,0.42,0.18,2.37,8,33,4,,0.16,0,0.11,1.18,0,0.11,1.18,0,0,0,0.2,0.53,3.55,-0.33,1.77,0.39,1.38,22,1.18,0,2.56,3.94,0,0,0.99,1.22,18.93,8.09,0.02,6.9,63.07,4.14,2.56,1.18,1.18,100,1.24,1.24,1.18,100,0,42,1.58,0,16.57,19.58,6.31,2.37,1.18,66.29,12.82,77,2.37,100,0,0,0,19.72,68,0.59,17,75,1.58,0.2,24,50,-18,63.9,1.18,0.23,0.74,22.48,75,5.74,7.49,0.99,0.99,0,0.2,5.92,6.9,0.2,20,0.39,67,0.59,21,58,21,18,66,16,14.19,17.12,1.1,118,2.93,15.55,20.19,0,0,0,0,0,,0,0,,0,0,0,0,0,0,31,15,3.29,21,0,0.05,-0.02,-0.05,,-0.02
S.Rodríguez Rodelas,Pachuca,Liga MX,2026/2027,449,4.99,6,Left Defensive Midfielder,Right Defensive Midfielder,Man,Mexico,23,30/01/04,173,0,0,0.02,0.02,0.8,0,25,1,,0.02,0,0.02,0.4,0,0.02,0.4,0,0,0,0,0.04,1.2,-0.04,1.2,0.4,0.8,33,1.8,0,0.8,0.8,0,0,1.6,1.51,20.43,8.61,0.04,8.21,42.55,10.22,6.01,2.4,2.4,60,2.45,2.45,2.6,0,1.6,67,0.8,0,15.42,16.78,5.81,4.21,2,44.89,6.01,39,3,71,0.2,0,0,34.45,85,2.8,19,61,1.8,4.41,10,83,-1,49.79,2.6,0.5,0.53,28.24,94,4.94,8.41,0,0,0,0,0.2,0.2,0,,0,,0.2,16,77,6,31,67,2,20.73,15.04,0.94,108,-5.7,19.5,16.27,0,0,0,0,0,,0,0,,0,0,0,0,0,0,18,5,4.95,24,-0.01,0.08,-0.14,0,,-0.08
Kevin Palacios,Santos Laguna,Liga MX,2026/2027,449,4.99,8,Right Midfielder,Right Wing,Man,Colombia,27,30/01/00,173,0.2,0.2,0.05,0.05,1,20,40,1,,0.09,0,0.16,2.41,0,0.16,2.41,0,0,0,0.2,0.21,3.41,-0.01,4.21,3.41,0.8,81,1.81,0,2.41,3.41,0.4,0.52,0.2,0.24,19.66,8.83,0,3.41,46.24,7.62,4.61,1.6,2.01,80,1.79,2.31,0.8,75,0.4,60,0.6,0,17.25,16.59,3.01,3.21,0.6,48.14,7.82,45,2.61,81,0,0,0,32.5,84,2.01,89,59,0.8,2.81,18,80,-4,64.37,3.01,0.38,0.49,36.11,87,6.34,15.65,1,1,0,0.6,3.21,4.21,0,20,0.8,33,1.4,10,72,18,8,77,15,18.78,18.03,0.94,91,-0.75,17.64,16.45,0,0,0,0,0,,0,0,,0,0,0,0,0,0,21,12,7.26,36,0,0.12,0.03,0.04,,0.18
Nicolás Vallejo,Pachuca,Liga MX,2026/2027,447,4.97,10,Left Wing,Right Midfielder,Man,Argentina,23,02/01/04,175,0,0,0.3,0.1,3.02,0,33,5,,0.35,0.6,0.32,2.21,0.4,0.23,1.41,0.2,0.09,0.81,0.6,0.62,5.23,-0.02,1.81,1.61,0.2,89,2.62,0.2,1.81,2.21,0.6,0.51,0.2,0.16,14.5,5.03,0,1.01,54.32,5.44,3.42,0.81,1.41,100,0.78,1.29,1.41,,0,36,0.81,0,12.28,10.53,1.01,2.42,0,54.53,7.05,57,2.21,92,0,0,0,22.55,69,2.42,20,48,0.4,4.83,16,80,11,67.09,3.22,0.77,1.04,27.79,87,8.68,8.86,1.81,1.01,0.81,0.2,4.03,5.03,0.2,22,0.6,23,0.81,14,69,17,16,68,16,20.65,17.32,0.91,102,-3.32,18.82,17.6,0,0,0,0,0,,0,0,,0,0,0,0,0,0,28,6,6.74,37,0.11,0.31,0.01,0.14,,0.57
Luka Romero,Cruz Azul,Liga MX,2026/2027,446,4.95,9,Right Centre Midfielder,Centre Attacking Midfielder,Man,Argentina,22,17/11/04,169,0.2,0.2,0.21,0.08,2.63,8,38,3,,0.2,0.4,0.26,3.23,0.4,0.22,3.03,0,0.04,0.2,0.61,0.46,5.86,0.14,1.01,1.01,0,100,1.62,0,2.63,1.82,0.61,0.76,0,0,15.96,7.88,0,5.05,51.84,6.66,5.05,1.01,1.62,63,1.38,2.15,0.81,25,0.61,33,0.2,0,14.14,19.38,5.05,5.66,2.22,53.63,8.08,57,4.04,71,0.2,0,0,37.36,85,2.02,85,71,0.2,2.63,19,87,2,59.68,5.86,0.5,0.74,40.39,90,7.38,13.53,1.82,1.21,0.61,0.61,5.05,6.26,0,33,0.61,27,1.01,11,73,15,10,75,15,17.56,16.29,0.96,102,-1.27,16.9,16.6,0,0,0,0,0,,0,0,,0,0,0,0,0,0,14,4,9.09,41,0.05,0.1,0.03,0.02,,0.2
Eduardo Aguirre,Santos Laguna,Liga MX,2026/2027,444,4.93,10,Centre Forward,Centre Attacking Midfielder,Man,Mexico,28,02/08/98,175,0.2,0.2,0.4,0.2,2.03,10,50,4,,0.26,0,0.1,0.81,0,0.1,0.81,0,0,0,0.2,0.5,2.84,-0.3,0.61,0.41,0.2,67,2.43,0,1.62,1.62,0.2,0.23,0,0,17.43,5.68,0,3.65,64.94,4.46,2.84,0.41,0.61,33,0.54,0.76,1.42,0,0.81,11,0.41,0,15.61,15.53,3.45,4.05,1.22,65.76,12.16,78,3.24,80,0,0,0,18.04,82,1.42,16,78,0.2,1.62,15,87,4,63.89,1.82,0.44,0.78,18.65,88,3.3,9.12,1.22,1.22,0,0.2,4.87,6.08,0,33,0.61,60,0.61,12,67,21,13,71,16,17.26,14.04,1.01,113,-3.21,17.35,15.91,0,0,0,0,0,,0,0,,0,0,0,0,0,0,24,12,2.96,17,0.03,0.03,0,0.01,,0.07
Hugo Camberos,Guadalajara,Liga MX,2026/2027,443,4.92,7,Left Wing Back,Left Attacking Midfielder,Man,Mexico,20,20/01/07,167,0,0,0.02,0.03,0.61,0,33,1,,0.05,0,0.02,0.41,0,0.02,0.41,0,0,0,0,0.03,1.02,-0.03,1.83,1.02,0.81,56,2.85,0.2,3.05,2.24,0.81,1.14,0.81,1.31,16.26,7.52,0.01,5.69,50.56,4.27,2.85,3.05,3.86,75,4.31,5.45,1.63,29,1.02,71,1.02,0,11.58,16.76,4.06,2.85,0.81,52.51,6.71,58,2.03,71,0.2,0,0,36.79,79,1.22,12,50,1.42,1.83,17,56,-23,64.44,3.46,0.44,0.47,36.99,88,5.12,15.85,1.22,1.22,0,0.41,4.47,5.69,0,0,0,0,1.02,9,71,20,10,62,28,15.31,15.87,0.94,88,0.57,14.39,13.93,0,0,0,0,0,,0,0,,0,0,0,0,0,0,19,5,6.1,37,0.05,0.22,0,0.01,,0.28
Jorge Rodríguez,Monterrey,Liga MX,2026/2027,441,4.9,7,Left Centre Back,Right Centre Back,Man,Argentina,31,14/09/95,176,0.2,0.2,0.01,0.03,0.2,100,100,0,,0.06,0,0.01,0.2,0,0.01,0.2,0,0,0,0.2,0.01,0.41,0.19,0.2,0.2,0,100,1.22,0,0.41,0.2,0.82,1.12,3.88,4.71,12.65,4.9,0.05,5.92,32.39,10,1.63,1.63,2.45,67,2.27,3.39,1.84,33,0.82,75,1.22,0,9.18,12.85,4.28,1.22,1.02,38.1,2.86,31,0.41,33,0,0,0,56.31,89,9.59,9,78,4.69,11.43,7,76,-13,39.69,5.1,0.3,0.37,46.52,99,3.71,6.12,0.2,0.2,0,0,0.82,1.02,0,0,0,0,0.2,19,77,4,23,73,3,25.63,23.19,0.98,87,-2.45,25.09,20.24,0,0,0,0,0,,0,0,,0,0,0,0,0,0,12,5,3.96,20,0.04,0.06,0.03,0.01,,0.14
Kenedy,Pachuca,Liga MX,2026/2027,437,4.86,7,Right Wing,Right Midfielder,Man,Brazil,31,07/02/96,185,0.21,0.21,0.1,0.05,2.06,10,20,3,,0.06,0,0.02,0.21,0,0.02,0.21,0,0,0,0.21,0.12,2.26,0.08,3.91,1.65,2.26,42,2.06,0,4.53,4.94,0,0,0.21,0.2,12.76,6.79,0,2.88,49.66,8.23,4.32,1.44,1.44,100,1.16,1.16,1.44,,0,33,0.21,0,9.88,8.01,2.26,1.85,0.41,50.12,4.94,50,1.23,67,0.62,0,0,25.92,81,1.65,85,62,0.82,2.06,22,82,1,60.6,2.06,0.41,0.47,33.95,75,4.75,9.67,0.82,0.82,0,0.41,2.06,2.88,0,25,0.21,50,0.21,12,75,13,13,74,13,19.12,20.66,0.94,110,1.54,17.98,22.75,0,0,0,0,0,,0,0,,0,0,0,0,0,0,15,4,7.67,46,0.02,-0.05,-0.14,-0.07,,-0.23
Juan Torres,Necaxa,Liga MX,2026/2027,436,4.85,10,Right Wing,Left Attacking Midfielder,Man,Colombia,22,21/06/04,170,0,0,0.21,0.08,2.68,0,46,5,,0.49,0,0.03,0.62,0,0.03,0.62,0,0,0,0,0.24,3.3,-0.24,1.03,0.21,0.83,20,0.21,0,0.62,2.27,0.41,0.35,0.21,0.03,11.76,5.16,0,3.71,53.25,6.81,4.95,0.62,1.03,60,0.74,1.09,0.83,0,0.41,0,0,0,10.32,10.28,3.1,2.89,0.83,53.01,4.95,48,1.44,50,0.21,0,0,28.48,74,1.44,18,54,0.21,2.68,17,63,-12,55.87,2.89,0.34,0.47,28.27,91,4.96,8.25,0.62,0.62,0,0,3.71,4.33,0,0,0,0,0.21,19,63,17,18,70,13,16.74,11.73,0.99,113,-5.01,16.6,13.28,0,0,0,0,0,,0,0,,0,0,0,0,0,0,24,6,3.65,23,-0.01,0.04,0,0.27,,0.3
Kevin Álvarez,América,Liga MX,2026/2027,436,4.85,6,Left Back,Right Back,Man,Mexico,28,14/01/99,178,0,0,0.04,0.03,1.24,0,33,1,,0.07,0.62,0.16,1.65,0.62,0.16,1.65,0,0,0,0.62,0.2,2.89,0.42,1.24,0.41,0.83,33,0.83,0,1.65,2.06,0.83,1.17,2.27,3.17,15.06,7.02,0,4.54,34.17,9.49,3.1,1.24,2.06,60,1.7,2.87,2.27,40,0.83,38,0.62,0,11.56,15.72,3.51,3.51,0.83,39.89,4.33,38,2.89,82,0.41,0,0,41.07,83,4.13,19,71,2.48,5.57,14,76,-7,54.49,6.81,0.34,0.45,39.42,93,7.29,14.03,1.24,1.03,0.21,0.62,1.86,2.89,0,50,0.83,36,0.62,23,59,18,21,53,26,19.41,14.27,0.98,116,-5.14,19.05,16.49,0,0,0,0,0,,0,0,,0,0,0,0,0,0,20,8,6.77,32,0.12,0.09,0.03,-0.01,,0.23
Gonzalo Piovi,Cruz Azul,Liga MX,2026/2027,434,4.82,6,Centre Back,Left Centre Back,Man,Argentina,32,07/09/94,180,0,0,0.03,0.04,0.83,0,25,1,,0,0,0.02,0.41,0,0.02,0.41,0,0,0,0,0.05,1.24,-0.05,0,0,0,,0.41,0,0,0,0.41,0.58,3.32,4.12,10.99,6.43,0.04,6.01,24.27,12.85,2.49,1.04,1.45,42,1.29,1.87,1.87,25,1.45,50,1.66,0,8.29,10.15,3.11,2.07,1.04,28.2,0.83,10,0,0,0.41,0,0,60.32,80,10.57,82,66,5.39,13.89,13,55,-25,36.89,7.05,0.41,0.44,47.47,100,4.32,7.26,0.41,0.41,0,0,1.04,1.45,0,0,0.21,50,0,27,70,3,40,60,0,26.85,23.77,0.94,114,-3.08,25.15,27.02,0,0,0,0,0,,0,0,,0,0,0,0,0,0,22,7,5.85,36,0.1,0.04,0.18,-0.03,,0.29
Ramiro Sordo,Santos Laguna,Liga MX,2026/2027,428,4.76,9,Left Wing,Left Midfielder,Man,Argentina,26,28/06/00,174,0,0,0.13,0.08,1.68,0,13,2,,0.01,0,0.05,0.84,0,0.05,0.84,0,0,0,0,0.18,2.52,-0.18,2.73,1.68,1.05,62,2.94,0,2.1,3.57,0.84,1.07,0.42,0.5,17.66,7.78,0,5.25,46.79,6.94,3.78,2.94,3.78,64,2.92,3.99,1.47,27,1.68,60,0.63,0,13.24,13.01,3.78,2.73,1.05,47.5,6.1,46,1.68,62,0,0,0,31.32,67,2.31,9,52,0.42,4.41,14,59,-8,60.07,3.36,0.52,0.58,34.47,87,6.42,8.83,1.47,1.47,0,0.42,3.15,4.62,0,0,0.63,27,0.63,21,62,16,21,57,21,19.61,13.64,0.97,104,-5.97,19.02,14.23,0,0,0,0,0,,0,0,,0,0,0,0,0,0,23,10,6.43,42,-0.02,0.1,-0.02,-0.08,,-0.02
Alonso Aceves,Monterrey,Liga MX,2026/2027,426,4.73,7,Left Centre Back,Left Back,Man,Mexico,26,27/03/01,184,0,0,0.05,0.07,0.63,0,0,0,,0,0,0,0,0,0,0,0,0,0,0,0.05,0.63,-0.05,0.21,0,0.21,0,0,0,0.63,0.42,0.42,0.62,3.17,3.86,16.27,7.82,0.02,5.71,31.26,8.67,1.48,1.48,1.9,78,1.45,2.08,1.06,33,0.42,33,0.63,0,13.74,17.06,4.65,2.11,1.27,35.2,3.17,23,1.06,50,0.42,0,0,48.61,85,4.23,84,61,4.02,6.13,9,70,-15,38.44,4.44,0.2,0.24,40.37,98,4.52,5.5,0,0,0,0,0.85,0.85,0,,0,,0,31,64,5,50,46,4,23.26,26.22,0.94,95,2.96,21.77,24.78,0,0,0,0,0,,0,0,,0,0,0,0,0,0,18,7,3.19,17,0.03,0.04,0.04,-0.08,,0.03
Salvador Reyes,León,Liga MX,2026/2027,425,4.72,7,Left Back,Left Wing Back,Man,Mexico,29,03/05/98,172,0,0,0.04,0.05,0.85,0,50,1,,0.04,0,0.04,0.85,0,0.04,0.85,0,0,0,0,0.08,1.7,-0.08,0.64,0,0.64,0,0.85,0,1.7,0.85,1.27,1.18,2.12,2.4,6.78,3.18,0,2.97,35.21,7,3.39,1.27,2.54,75,0.98,2.16,0.64,0,0.42,44,0.85,0,4.88,4.77,1.91,1.06,0.42,39.58,1.48,30,0.64,60,0,0,0,35.19,78,2.12,76,59,2.76,2.97,9,72,-6,52.18,3.6,0.17,0.21,31.59,93,4.24,7.84,0.64,0.64,0,0.21,1.48,2.12,0,67,0.64,25,0,25,64,12,19,68,14,18.83,16.9,0.92,121,-1.93,17.28,20.47,0,0,0,0,0,,0,0,,0,0,0,0,0,0,20,8,3.26,22,0.04,0.06,0.01,0,,0.1
Leonardo Flores,Atlético San Luis,Liga MX,2026/2027,423,4.7,9,Centre Forward,,Man,Mexico,24,20/04/03,181,0,0,0.13,0.06,2.13,0,20,3,,0.01,0.43,0.21,1.28,0.43,0.21,1.28,0,0,0,0.43,0.35,3.4,0.08,1.7,0.85,0.85,50,2.13,0,2.34,2.55,0.43,0.52,1.49,1.53,23.39,12.54,0,6.59,57.94,6.17,3.19,2.13,2.55,77,2.06,2.58,1.28,25,0.64,41,1.49,0,19.98,21.8,5.95,2.98,0.85,62.37,15.31,77,2.34,79,0,0,0,20.83,81,0.85,16,44,1.49,1.91,17,72,-9,59.04,2.98,0.43,0.6,22.11,82,5.25,8.5,1.06,1.06,0,0.43,5.1,6.17,0,0,0,0,0.85,9,69,22,10,75,15,17.84,16.85,0.95,103,-0.99,17,17.38,0,0,0,0,0,,0,0,,0,0,0,0,0,0,21,6,3.85,26,0.03,0.01,-0.11,-0.16,,-0.24
Ismael Díaz,León,Liga MX,2026/2027,423,4.7,7,Left Midfielder,Left Centre Forward,Man,Panama,30,11/05/97,184,0,0,0.17,0.08,2.13,0,20,3,,0.03,0,0.13,1.91,0,0.13,1.91,0,0,0,0,0.3,4.04,-0.3,1.91,1.06,0.85,56,0.85,0,3.19,5.32,0.21,0.18,0.64,0.87,12.55,4.68,0,3.19,57.52,4.68,2.55,1.7,1.91,89,1.94,2.12,0.85,0,0.21,60,0.64,0,10,11.77,3.19,2.77,1.28,60.04,6.6,66,1.91,69,0,0,0,27.02,88,1.7,12,100,0.64,1.7,13,88,0,65.21,4.26,0.23,0.42,29.15,79,6.58,14.04,1.06,1.06,0,0.64,4.26,5.32,0,20,0.64,100,1.28,16,63,21,11,73,17,15.93,11.68,1.01,102,-4.25,16.03,11.92,0,0,0,0,0,,0,0,,0,0,0,0,0,0,18,11,4.57,40,0.13,0.08,0.04,-0.08,,0.17
Mauro Zaleta,Necaxa,Liga MX,2026/2027,423,4.7,9,Left Wing Back,Left Back,Man,Mexico,25,01/04/02,175,0,0,0.05,0.03,1.49,0,29,1,,0.01,0,0.07,1.06,0,0.01,0.43,0,0.06,0.64,0,0.12,2.55,-0.12,1.49,0.43,1.06,29,1.49,0,1.28,2.13,0.64,0.43,2.13,1.93,14.26,5.75,0.04,5.96,34.6,7.88,2.98,1.28,1.92,50,1.16,1.59,0.85,25,1.28,43,0.64,0,12.13,10.28,4.47,2.34,1.49,36.93,3.19,26,1.28,55,0.21,0,0,33.84,85,3.19,77,58,3.19,4.47,12,65,-20,51.61,4.47,0.35,0.49,32.78,92,6.53,6.39,0.85,0.21,0.64,0,0.85,1.06,0,25,0.21,17,0,14,77,9,3,90,7,21.79,23.51,0.94,87,1.72,20.39,20.38,0,0,0,0,0,,0,0,,0,0,0,0,0,0,16,6,5.22,34,0.07,0.07,-0.02,-0.04,,0.08
Walter Clar,Atlante,Liga MX,2026/2027,419,4.66,7,Left Wing Back,Left Midfielder,Man,Paraguay,32,26/09/94,177,0,0,0.03,0.04,0.86,0,25,2,,0.03,0,0.07,0.86,0,0.07,0.86,0,0,0,0,0.1,1.72,-0.1,0.43,0.43,0,100,0.21,0,0.21,0.64,0.86,0.38,3.65,1.96,15.66,8.15,0.03,6.87,34.85,6.65,2.58,2.58,3.43,63,1.69,2.07,0.64,0,1.5,53,1.72,0,12.45,6.81,4.51,1.72,0.43,38.09,3,24,0.64,38,0,0,0,27.47,64,1.5,75,29,5.15,3.65,21,55,-9,52,1.72,0.18,0.39,23.82,97,3.17,5.58,0.64,0.64,0,0.21,1.72,2.36,0,67,0.43,33,0.21,34,57,9,12,81,8,21.72,23.61,0.88,91,1.89,19.2,21.38,0,0,0,0,0,,0,0,,0,0,0,0,0,0,36,11,3.93,32,0.07,0.05,0.03,-0.01,,0.13
Rodrigo Dourado,Juárez,Liga MX,2026/2027,419,4.66,6,Centre Back,Centre Defensive Midfielder,Man,Brazil,32,16/06/94,187,0,0,0,,0,,,0,,0,0,0.03,0.64,0,0.03,0.64,0,0,0,0,0.03,0.64,-0.03,0.43,0.43,0,100,0.21,0,0.21,0.43,1.5,0.97,2.79,2.17,14.39,8.8,0.11,4.08,28.71,8.16,2.15,1.72,3.22,73,1.02,1.99,1.29,25,0.64,83,1.07,0,11.38,7.51,3.44,1.5,0.43,33.64,1.72,15,0.21,14,0.21,0,0,35.43,87,2.15,6,67,3.01,3.01,18,81,-6,43.67,3.44,0.3,0.31,27.06,99,5.49,5.15,0,0,0,0,0.21,0.21,0,,0,,0,16,79,5,25,75,0,18.25,17.94,0.98,101,-0.32,17.91,18.17,0,0,0,0,0,,0,0,,0,0,0,0,0,0,15,9,3.93,39,0.06,0.05,0.31,,,0.41
Carlos Vargas,Necaxa,Liga MX,2026/2027,418,4.64,7,Left Wing Back,Left Back,Man,Mexico,28,13/02/99,179,0,0,0.03,0.04,0.86,0,0,1,,0,0,0.07,1.29,0,0.04,0.65,0,0.04,0.65,0,0.11,2.16,-0.11,0.65,0.65,0,100,0.22,0,0.43,0.22,1.29,1.25,1.08,1.2,21.34,10.56,0.06,5.6,39.94,9.05,4.1,4.53,5.82,84,5.54,6.8,1.72,71,0.86,50,0.43,0,15.09,18.36,4.31,3.23,0.86,43.84,5.6,37,1.94,60,0,0,0,28.88,73,2.16,82,38,1.29,5.39,8,60,-13,51.59,2.59,0.25,0.3,20.91,97,4.59,5.39,0.86,0.22,0.65,0.65,1.72,1.94,0,0,0,0,0.65,28,64,8,20,72,8,20.83,16.75,0.91,91,-4.09,18.88,15.29,0,0,0,0,0,,0,0,,0,0,0,0,0,0,25,9,4.51,30,0.09,0.03,0.03,-0.03,,0.12
Jesús Lara,León,Liga MX,2026/2027,415,4.61,7,Left Centre Midfielder,Right Centre Midfielder,Man,Mexico,22,08/02/05,,0,0,0.05,0.05,0.87,0,75,1,,0.09,0,0.05,1.08,0,0.04,0.87,0,0.02,0.22,0,0.1,1.95,-0.1,0.22,0.22,0,100,1.95,0,2.6,0.87,0.43,0.4,0.65,0.64,18.22,9.76,0.02,4.56,45.14,6.07,3.25,1.74,2.17,67,1.95,2.35,0.87,20,0.87,50,0.43,0,15.62,15.53,3.9,2.17,0.22,47.79,7.59,49,1.3,60,0.22,0,0,34.27,72,3.69,84,52,1.74,6.07,17,79,7,52.06,4.77,0.29,0.34,32.1,89,4.8,9.11,0.65,0.43,0.22,0,1.3,1.74,0,33,0.22,8,0,20,66,14,33,50,17,22.61,22.75,0.9,87,0.14,20.33,19.85,0,0,0,0,0,,0,0,,0,0,0,0,0,0,27,8,5.9,37,0,0.04,-0.14,-0.01,,-0.12
Martín Fernández,Atlante,Liga MX,2026/2027,407,4.52,7,Centre Defensive Midfielder,Left Defensive Midfielder,Man,Uruguay,26,07/05/01,183,0,0,0,0.01,0.22,0,0,0,,0,0,0,0.22,0,0,0.22,0,0,0,0,0.01,0.44,-0.01,0.66,0.44,0.22,67,0.89,0.22,0.44,0.44,0.89,0.44,1.55,0.71,15.5,7.53,0.02,6.64,40.14,9.74,3.76,1.11,1.99,83,0.64,1.08,1.99,0,0.22,71,1.11,0,12.4,7.02,5.09,3.32,1.55,45.07,5.31,43,1.77,53,0.22,0,0,27.67,74,1.11,18,56,1.77,1.77,17,68,-6,47.61,1.99,0.16,0.16,19.04,95,3.35,3.76,0.22,0.22,0,0,0.66,0.89,0.22,0,0,,0.22,26,65,9,24,76,0,18.12,16.77,0.98,98,-1.36,17.81,16.4,0,0,0,0,0,,0,0,,0,0,0,0,0,0,23,8,3.59,28,-0.07,0.24,0.05,-0.01,,0.2
Emilio Lara,América,Liga MX,2026/2027,405,4.5,4,Right Centre Back,Right Back,Man,Mexico,25,17/05/02,187,0,0,0.18,0.27,0.67,0,33,1,,0.04,0,0.03,0.67,0,0.03,0.67,0,0,0,0,0.21,1.33,-0.21,0,0,0,,0.22,0,0.67,0.67,0.89,0.82,2.45,2.99,16.02,5.34,0.12,6.67,30.22,10.68,5.56,3.11,4,78,3.57,4.39,0.67,40,0.89,82,2,0.22,12.24,14.17,4.89,2.22,1.33,33.31,2.45,20,0.89,40,0,0,0,45.16,80,3.56,12,55,2.89,6.01,8,63,-17,46.94,5.78,0.48,0.49,35.37,97,4.01,9.34,0.67,0.22,0.44,0.22,1.11,1.33,0,0,0,0,0.22,25,69,6,33,60,7,22.14,20.55,0.94,86,-1.59,20.72,17.6,0,0,0,0,0,,0,0,,0,0,0,0,0,0,22,10,4.36,19,0.1,0.04,0.02,0.04,,0.2
Gaddi Aguirre,Atlas,Liga MX,2026/2027,404,4.49,5,Right Centre Back,,Man,Mexico,31,30/03/96,181,0,0,0.06,0.05,1.11,0,0,0,,0,0,0.01,0.22,0,0.01,0.22,0,0,0,0,0.07,1.34,-0.07,0,0,0,,0.45,0,0,0.22,0.67,0.63,2.89,3.39,8.46,3.56,0.08,4.01,28.05,8.01,1.34,1.11,1.78,71,1.06,1.69,0.45,50,0.45,64,2,0,7.12,7.52,3.12,1.34,0.89,30.16,1.56,22,0.45,33,0,0,0,43.17,88,3.34,12,68,2.89,4.9,11,78,-9,40.26,2.45,0.36,0.39,34.94,99,4.8,3.34,0,0,0,0,2,2,0,,0,,0,33,64,3,33,67,0,21.89,19.58,0.94,107,-2.31,20.64,20.99,0,0,0,0,0,,0,0,,0,0,0,0,0,0,17,7,4.09,26,0.07,0.05,-0.02,-0.05,,0.05
Efraín Orona,Santos Laguna,Liga MX,2026/2027,404,4.49,5,Left Centre Back,,Man,Mexico,28,21/02/99,182,0,0,0.04,0.03,1.34,0,33,1,,0.01,0,0,0,0,0,0,0,0,0,0,0.04,1.34,-0.04,0.45,0.45,0,100,0.22,0,0,0.45,0.22,0.11,4.23,3.8,8.46,5.57,0.05,3.79,20.77,5.12,1.11,0.67,0.89,60,0.69,0.8,0.89,0,0.45,57,0.89,0,6.9,5.99,2.89,0.45,0.45,26.22,0.89,13,0,0,0.22,0,0,36.07,84,3.12,86,54,4.45,5.57,8,67,-17,40.3,4.23,0.21,0.24,32.73,99,3.86,5.12,0.45,0.45,0,0,1.34,1.78,0,50,0.22,100,0,42,56,2,43,57,0,23.23,18.06,0.89,95,-5.18,20.71,17.15,0,0,0,0,0,,0,0,,0,0,0,0,0,0,19,9,2.69,16,0.09,0.05,0.04,-0.06,,0.12
Ozziel Herrera,Tigres UANL,Liga MX,2026/2027,404,4.49,6,Left Wing,Centre Forward,Man,Mexico,26,22/05/01,180,0.22,0.22,0.23,0.08,2.9,8,38,3,,0.26,0,0.06,0.89,0,0.06,0.89,0,0,0,0.22,0.29,3.79,-0.07,1.34,0.89,0.45,67,1.78,0,3.57,3.12,0.22,0.36,0,0,17.83,8.25,0.02,4.9,64.32,3.79,2.45,0.67,0.89,75,0.87,1.23,0.45,50,0.22,42,1.11,0,16.72,16.41,4.9,2.9,1.56,64.92,12.93,77,2.45,85,0,0,0,22.51,73,1.34,19,75,0.67,1.11,27,72,0,62.19,1.56,0.31,0.51,27.19,79,4.28,8.02,1.56,1.56,0,0.45,4.9,6.46,0,71,1.11,63,0.45,19,61,20,14,67,19,15.97,16.39,1.01,107,0.42,16.18,17.61,0,0,0,0,0,,0,0,,0,0,0,0,0,0,28,7,2.76,16,-0.01,0,-0.01,0.02,,0.01
Pablo Ortíz,Tijuana,Liga MX,2026/2027,398,4.42,7,Left Back,Left Wing Back,Man,Mexico,25,04/04/02,174,0,0,0,0.02,0.23,0,0,0,,0,0,0.02,0.23,0,0.02,0.23,0,0,0,0,0.03,0.45,-0.03,1.36,0.9,0.45,67,0.45,0,0.68,0.45,1.36,0.92,4.75,2.52,16.5,6.78,0,5.88,28.6,4.52,2.26,1.13,2.49,71,0.74,1.65,1.36,0,0.45,100,0.9,0,14.24,8.27,4.07,2.03,0.68,31.86,2.49,17,0.68,33,0.23,0,0,28.48,75,2.94,83,65,5.42,3.84,17,57,-18,42.77,2.49,0.35,0.37,23.28,97,4.16,3.39,0.68,0.45,0.23,0,0.23,0.68,0,33,0.23,20,0.23,30,57,13,40,53,7,21.52,18.55,0.94,79,-2.97,20.33,14.61,0,0,0,0,0,,0,0,,0,0,0,0,0,0,29,11,2.53,25,0.05,0.04,0.03,0,,0.12
Bryan González,Guadalajara,Liga MX,2026/2027,394,4.38,5,Left Wing Back,,Man,Mexico,24,09/04/03,180,0.46,0.46,0.28,0.09,3.2,14,57,3,,0.25,0,0.07,1.14,0,0.07,1.14,0,0,0,0.46,0.35,4.34,0.11,1.83,1.14,0.68,63,0.68,0,1.83,2.28,0.23,0.37,0.46,0.8,8.9,4.57,0,2.28,45.89,6.16,3.42,1.37,1.6,46,1.91,2.29,0.23,22,1.6,53,2.05,0,7.31,8.17,1.83,0.91,0.23,50.17,4.11,56,0.68,75,0,0,0,42.01,84,1.14,92,42,0.91,2.28,16,74,-10,61.64,4.34,0.83,0.91,39.96,91,3.76,19.41,1.14,1.14,0,0.68,9.36,10.5,0,60,1.37,50,0.46,14,65,21,11,62,27,17,15.34,0.93,90,-1.66,15.75,13.87,0,0,0,0,0,,0,0,,0,0,0,0,0,0,24,11,9.16,46,0.17,0.06,0.05,0.01,,0.29
Jorge Sánchez,Atlas,Liga MX,2026/2027,392,4.35,6,Right Wing Back,Right Back,Man,Mexico,29,09/12/97,176,0,0,0.03,0.04,0.69,0,33,1,,0.01,0,0.1,0.92,0,0.1,0.69,0,0.01,0.23,0,0.13,1.61,-0.13,0.92,0.69,0.23,75,0.92,0,0.92,1.15,0.69,0.5,0.69,0.73,16.31,6.66,0,7.12,40.25,6.66,3.22,2.3,2.99,63,2.75,3.25,0.69,40,1.38,71,1.15,0,13.32,14.95,5.74,2.76,1.38,40.36,4.82,36,2.07,75,0.23,0,0,41.35,79,2.07,17,64,1.15,2.76,14,77,-1,53.6,5.28,0.3,0.4,37.22,96,6.34,11.95,0.69,0.23,0.46,0.69,2.3,2.53,0,33,0.69,33,0.46,17,70,13,21,67,12,18.18,14.53,0.94,105,-3.64,17.1,15.23,0,0,0,0,0,,0,0,,0,0,0,0,0,0,24,11,5.7,40,0.15,0.11,0.03,-0.04,,0.25
Lucas Esteves,Atlético San Luis,Liga MX,2026/2027,387,4.3,5,Left Wing Back,Left Back,Man,Brazil,26,23/06/00,171,0,0,0.01,0.03,0.46,0,0,0,,0,0,0,0.23,0,0,0.23,0,0,0,0,0.01,0.7,-0.01,0.7,0.46,0.23,67,0.23,0,0.46,0.93,0.46,0.39,1.16,1.07,12.79,6.74,0,3.49,37.39,4.65,1.39,2.09,2.56,56,2.36,2.75,0.46,40,1.63,40,0.46,0,10.23,11.6,2.09,2.09,0.46,40.89,3.02,30,1.39,67,0,0,0,32.78,87,0.93,76,40,1.63,1.86,15,79,-8,52.01,1.63,0.1,0.1,28.36,98,2.87,7.21,0,0,0,0.23,1.16,1.16,0,,0,0,0,14,73,14,3,77,19,18.28,18.28,0.94,99,0.01,17.27,18.02,0,0,0,0,0,,0,0,,0,0,0,0,0,0,15,9,3.39,25,0,0.03,0.02,-0.02,,0.03
José Alvarado,León,Liga MX,2026/2027,386,4.29,8,Centre Forward,Right Centre Forward,Man,Mexico,27,14/03/00,174,0.7,0.47,0.12,0.07,1.63,29,57,3,100,0.37,0.23,0.09,1.63,0.23,0.09,1.63,0,0,0,0.7,0.21,3.26,0.48,0.47,0.47,0,100,1.4,0.23,1.87,1.63,0,0,0.47,0.58,16.32,5.36,0,3.03,61.1,4.2,2.8,1.17,1.17,71,1.58,1.58,1.87,0,0.47,43,2.33,0,13.29,15.96,2.56,2.33,0.7,64.14,10.72,81,1.87,80,0.23,0,0,19.82,80,0.23,15,100,0.47,0.23,26,61,-19,60.22,1.63,0.19,0.35,17.95,84,5.32,6.76,0.47,0.47,0,0.7,4.9,5.36,0,0,0,,0.7,17,61,22,3,72,24,13.03,12.48,1.01,103,-0.55,13.15,12.91,0,0,0,0,0,,0,0,,0,0,0,0,0,0,26,9,3.5,25,-0.01,-0.01,0.04,0.11,,0.13
Amaury García,Cruz Azul,Liga MX,2026/2027,385,4.28,7,Centre Back,Centre Defensive Midfielder,Man,Mexico,25,18/12/01,184,0,0,0.01,0.06,0.23,0,0,0,,0,0,0,0.23,0,0,0.23,0,0,0,0,0.02,0.47,-0.02,0.23,0,0.23,0,0.7,0,0.23,0.47,1.17,1.53,2.1,2.47,14.5,6.78,0.04,4.21,34.92,10.99,3.27,3.27,4.44,88,4.48,6.02,1.64,33,0.47,50,1.17,0,9.59,12.6,2.81,2.57,0.7,39.22,3.74,39,1.4,55,0.23,0,0,33.21,89,3.04,11,81,3.04,2.81,10,93,5,40.26,1.87,0.43,0.43,26.43,97,4.83,2.57,0,0,0,0,0.23,0.23,0,,0,0,0,15,81,3,36,64,0,20.48,23.27,0.99,106,2.79,20.37,24.72,0,0,0,0,0,,0,0,,0,0,0,0,0,0,11,3,3.23,13,-0.01,0.1,0.06,-0.02,,0.13
Ignacio Maestro Puch,Puebla,Liga MX,2026/2027,384,4.27,5,Centre Forward,,Man,Argentina,23,12/08/03,176,0.23,0.23,0.19,0.09,2.11,11,44,6,,0.43,0.23,0.03,0.7,0.23,0.03,0.7,0,0,0,0.47,0.22,2.81,0.25,1.4,0.47,0.94,33,0.23,0,2.11,3.04,0.47,0.24,0.47,0.34,20.84,9.6,0.06,5.15,60.6,3.04,1.4,1.64,2.11,100,1.04,1.28,2.34,,0,38,2.58,0,16.86,11.93,3.98,3.04,0.47,62.93,12.17,72,1.87,62,0.47,0,0,11.71,70,0.47,6,50,0.7,0.7,28,67,-3,57.14,0.94,0.21,0.35,13.11,68,8.11,2.58,0,0,0,0.23,4.21,4.21,0,,0,0,0.47,11,72,17,9,82,9,15.81,13.42,1.04,119,-2.39,16.4,16.01,0,0,0,0,0,,0,0,,0,0,0,0,0,0,42,15,2.46,19,-0.03,0,0.01,0.15,,0.12
Emiliano Gómez,Puebla,Liga MX,2026/2027,384,4.27,4,Left Wing,Left Midfielder,Man,Uruguay,25,17/09/01,177,0.23,0.23,0.03,0.03,0.94,25,50,2,,0.19,0,0.18,1.17,0,0.18,1.17,0,0,0,0.23,0.21,2.11,0.03,2.58,1.64,0.94,64,0.7,0,2.11,2.58,0.23,0.09,0.7,0.28,12.9,7.03,0,3.99,49.39,4.22,2.58,0.7,0.94,43,0.45,0.54,1.17,33,0.94,0,0,0,11.02,5.97,3.28,1.88,0.94,50.68,5.86,53,1.88,100,0,0,0,18.99,79,1.17,17,63,0.94,1.64,15,83,4,62.73,3.05,0.27,0.42,23.45,80,7.83,8.21,0.7,0.7,0,0.23,1.88,2.58,0,67,0.7,38,0.23,9,69,22,9,69,23,17.3,16.88,0.95,67,-0.42,16.44,11.35,0,0,0,0,0,,0,0,,0,0,0,0,0,0,27,12,4.13,40,0.15,0.08,0.04,-0.01,,0.26
Mathías Tomás,Puebla,Liga MX,2026/2027,383,4.26,7,Centre Attacking Midfielder,Right Defensive Midfielder,Man,Uruguay,26,29/01/01,174,0.47,0.47,0.16,0.04,4.23,11,33,3,,0.1,0,0.13,1.41,0,0.09,0.7,0,0.05,0.7,0.47,0.3,5.64,0.17,2.11,1.88,0.23,89,1.64,0,1.88,2.35,0.23,0.15,0.94,0.77,16.91,6.34,0.04,5.4,56.55,8.69,5.64,0.94,1.17,80,0.59,0.73,0.94,50,0.23,33,0.47,0,15.03,11.73,4.7,5.17,2.35,60.1,10.34,69,3.99,77,0,0,0,42.05,76,3.29,81,45,1.17,7.05,14,90,14,59.85,5.87,0.26,0.28,41.81,92,5.23,14.8,1.88,0.94,0.94,0.47,3.29,4.23,0,13,0.47,18,0.7,18,70,12,27,68,5,20.19,15.74,0.93,103,-4.44,18.72,16.26,0,0,0,0,0,,0,0,,0,0,0,0,0,0,27,10,7.05,51,-0.02,0.11,-0.05,-0.16,,-0.12
Juan Purata,Atlas,Liga MX,2026/2027,383,4.26,4,Left Centre Back,Right Centre Back,Man,Mexico,29,08/01/98,187,0,0,0.1,0.08,1.17,0,20,0,,0.01,0,0,0,0,0,0,0,0,0,0,0.1,1.17,-0.1,0,0,0,,0.7,0,0.23,0,1.17,1.5,4.46,6.2,9.63,4.46,0.05,3.05,29.24,10.81,2.58,1.64,2.82,58,2.25,3.75,1.88,29,1.17,55,1.41,0,6.11,7.5,1.88,1.88,0.47,37.75,2.35,38,1.41,75,0.23,0,0.23,56.62,89,4.46,17,73,4.93,5.64,6,69,-20,40.67,8.22,0.26,0.32,47.46,100,5.43,9.16,0.47,0.47,0,0,1.64,2.11,0,0,0,0,0,23,74,3,36,64,0,22.04,18.16,0.99,108,-3.88,21.88,19.7,0,0,0,0,0,,0,0,,0,0,0,0,0,0,14,5,4.77,28,0.09,0.08,0.07,-0.02,,0.21
Mauro Laínez,Tigres UANL,Liga MX,2026/2027,383,4.25,6,Left Back,Left Wing Back,Man,Mexico,31,08/05/96,178,0,0,0,,0,,,0,,0,0,0.03,0.47,0,0.03,0.47,0,0,0,0,0.03,0.47,-0.03,0.71,0.24,0.47,33,0.71,0,0.94,0.47,0.47,0.64,1.88,1.79,16.22,9.4,0.02,5.41,35.62,9.17,2.59,3.06,3.53,93,3.37,4.02,0.24,100,0.24,64,1.65,0,12.93,12,4.23,2.35,0.71,37.55,3.76,29,1.18,50,0.24,0,0,40.91,81,1.41,81,38,1.88,3.76,12,77,-5,48.98,5.17,0.12,0.15,33.86,96,5.6,8.46,0.47,0.47,0,0,0.47,0.94,0,50,0.24,17,0,33,56,11,31,58,11,18.91,16.65,0.91,95,-2.26,17.3,15.76,0,0,0,0,0,,0,0,,0,0,0,0,0,0,21,10,3.43,29,0.05,0.09,0.01,,,0.15
Brian Rodríguez,América,Liga MX,2026/2027,381,4.24,6,Left Wing,Right Wing,Man,Uruguay,27,19/05/00,176,0.71,0.71,0.36,0.07,4.96,14,38,4,,0.55,0.24,0.18,4.25,0.24,0.15,3.54,0,0.03,0.71,0.94,0.54,9.21,0.41,5.67,2.83,2.83,50,1.42,0,2.13,6.85,0,0,0,0,5.9,2.36,0,1.42,56.51,5.19,3.31,0.47,0.47,67,0.58,0.58,1.18,0,0.24,33,0.24,0,4.25,5.26,1.42,0.71,0.24,52.39,2.36,56,0.47,67,0,0,0,40.14,81,3.78,12,64,0.71,5.19,16,73,-8,69.73,6.61,0.72,1.09,51.95,84,6.32,23.14,3.31,2.6,0.71,0.94,6.38,8.97,0,21,1.18,36,1.42,16,71,13,19,70,10,18.26,14.55,0.97,95,-3.71,17.77,13.77,0,0,0,0,0,,0,0,,0,0,0,0,0,0,18,8,13.27,57,0.13,0.22,-0.01,0.24,,0.58
Luan,Toluca,Liga MX,2026/2027,378,4.2,7,Right Centre Back,Centre Back,Man,Brazil,34,09/05/93,189,0,0,0.03,0.06,0.48,0,50,0,,0,0,0.02,0.48,0,0.02,0.48,0,0,0,0,0.05,0.95,-0.05,0,0,0,,0.95,0.24,0.24,0,0.48,0.53,4.04,4.79,5.47,2.62,0.05,2.38,25.47,8.56,1.19,0.71,1.19,75,0.8,1.33,0.95,67,0.24,71,1.19,0,4.04,5.38,1.19,1.19,0.48,35.14,1.19,29,0.71,60,0,0,0,51.38,92,5.71,11,73,4.04,7.85,4,89,-3,34.23,4.52,0.53,0.56,43.53,99,3.28,4.76,0.71,0.71,0,0.24,1.43,2.14,0.24,0,0,,0.24,18,77,5,15,85,0,23.72,17.33,0.93,103,-6.39,22.14,17.78,0,0,0,0,0,,0,0,,0,0,0,0,0,0,10,5,3.73,16,0.07,0.02,0.15,-0.06,,0.19
Vladimir Loroña,Tigres UANL,Liga MX,2026/2027,377,4.19,7,Left Back,Left Centre Back,Man,Mexico,28,15/11/98,180,0,0,0.03,0.06,0.48,0,0,0,,0,0,0.06,1.19,0,0.06,1.19,0,0,0,0,0.09,1.67,-0.09,0,0,0,,0,0,0.72,0,1.19,1.68,1.43,1.8,15.26,8.82,0,5.72,38.64,6.92,3.34,2.38,3.58,91,2.5,4.17,1.67,67,0.24,62,1.91,0,11.21,12.99,3.82,2.62,1.19,40.74,4.77,43,1.19,45,0.48,0,0,34.58,88,2.38,12,63,3.1,2.15,20,79,-9,49.84,3.58,0.35,0.39,27.66,97,2.73,7.15,0.95,0.95,0,0,1.91,2.86,0,50,0.48,50,0.72,20,63,17,23,63,13,18.63,20.14,0.98,88,1.51,18.3,17.73,0,0,0,0,0,,0,0,,0,0,0,0,0,0,20,11,3.48,16,0.04,0.04,0.05,-0.04,,0.1
Eduardo Mustre,Puebla,Liga MX,2026/2027,377,4.19,6,Centre Forward,,Man,Mexico,24,20/01/03,176,0.72,0.72,0.24,0.13,1.91,38,50,4,,0.52,0,0.08,0.72,0,0.08,0.72,0,0,0,0.72,0.33,2.62,0.39,0,0,0,,1.67,0,1.67,3.34,0.24,0.18,0.72,0.3,20.28,8.35,0,3.82,58.25,1.43,0.95,1.19,1.43,83,0.72,0.9,1.67,100,0.24,27,1.67,0,17.42,9.83,3.1,3.34,1.19,60.46,11.69,67,2.86,86,0.24,0,0,16.22,73,0.24,73,17,0.72,1.43,19,80,8,58.33,0.48,0.28,0.42,15.98,78,5.02,3.82,0.72,0.72,0,0.24,3.82,4.53,0,0,0,0,0.24,11,69,20,6,88,6,16.2,16.24,0.87,90,0.04,14.17,14.68,0,0,0,0,0,,0,0,,0,0,0,0,0,0,23,6,3.7,27,-0.03,-0.03,-0.01,0.16,,0.09
Israel Reyes,América,Liga MX,2026/2027,376,4.17,5,Right Centre Back,Right Defensive Midfielder,Man,Mexico,27,22/05/00,181,0,0,0.02,0.03,0.72,0,33,0,,0,0,0.01,0.72,0,0.01,0.72,0,0,0,0,0.03,1.44,-0.03,0.24,0.24,0,100,0.24,0,0.48,0,1.2,1.54,1.68,2.07,11.98,7.67,0.04,5.75,34.93,10.78,3.83,2.16,3.35,75,2.86,4.4,0.48,50,0.72,50,0.96,0,9.34,11.91,4.31,1.92,0.72,34.64,1.68,18,0.48,25,0,0,0,53.67,92,11.74,18,83,2.88,12.94,6,100,8,47.95,10.78,0.49,0.5,41.45,99,4.3,14.38,0.24,0.24,0,0,1.44,1.68,0,0,0,0,0.24,21,73,6,28,70,2,25.91,24.11,0.96,100,-1.79,24.78,24.11,0,0,0,0,0,,0,0,,0,0,0,0,0,0,13,6,7.64,36,0.27,0.07,0.12,-0.02,,0.43
Benjamín Galindo,Atlético San Luis,Liga MX,2026/2027,376,4.17,5,Right Centre Back,Centre Back,Man,Mexico,28,09/03/99,190,0,0,0.01,0.06,0.24,0,0,0,,0,0,0,0,0,0,0,0,0,0,0,0.01,0.24,-0.01,0,0,0,,0.48,0,0.24,0,0.48,0.59,3.83,3.87,8.63,4.07,0.08,5.27,22.47,8.39,1.44,1.2,1.68,83,1.56,2.16,1.2,0,0.24,67,1.44,0,6.23,7.67,2.64,1.44,0.72,28.91,0.48,8,0.24,17,0.24,0,0,59.19,90,4.31,14,60,5.27,5.75,10,64,-26,36.83,4.07,0.42,0.42,48.41,100,4,4.31,0,0,0,0,0.48,0.48,0,,0,0,0,20,77,2,39,61,0,21.79,25.19,0.94,82,3.4,20.49,20.63,0,0,0,0,0,,0,0,,0,0,0,0,0,0,14,6,3.76,25,0.03,0.04,0.09,-0.02,,0.14
Gibrán Lajud,Atlético San Luis,Liga MX,2026/2027,367,4.07,4,Goalkeeper,,Man,Mexico,33,24/12/93,184,0,0,0,,0,,,0,,0,0,0,0,0,0,0,0,0,0,0,0,0,0,0,0,0,,0,0,0,0,0,0,0,0,0,0,0,7.36,2.41,2.95,0,0,0,,0,0,0,,0,,0,0,0,0,0,0,0,,0,,0,,0,0,0,18.17,76,4.42,26,40,2.21,8.84,15,71,-5,9.49,0.49,0.13,0.13,16.69,100,5.62,0.25,0,0,0,0,0,0,0,,0,,0,38,62,0,100,0,0,35.05,40.12,0.68,83,5.07,23.75,33.49,1.23,0.85,-0.37,72,81,-8,0.76,4.42,36,12.27,1.74,0.25,0.25,23.1,-4,17,0,1.33,9,0.09,0.03,,,-0.49,-0.38
Gustavo Ferrareis,Atlas,Liga MX,2026/2027,366,4.07,5,Right Back,Right Wing Back,Man,Brazil,31,01/01/96,177,0,0,0.02,0.03,0.49,0,0,1,,0,0.25,0.13,1.23,0.25,0.12,0.98,0,0.01,0.25,0.25,0.15,1.72,0.09,0.74,0.25,0.49,33,0.49,0,1.23,0.98,0.74,0.71,3.2,2.7,11.56,5.16,0,2.7,27.91,8.61,2.95,1.23,1.97,83,1.26,1.97,2.46,0,0.25,25,0.25,0,7.87,7.06,2.46,1.72,0.98,34.19,1.48,19,0.98,57,0.25,0,0,32.21,82,2.95,6,63,3.44,4.43,6,82,0,54.03,7.38,0.26,0.37,27.78,94,5.6,10.08,0.98,0.49,0.49,0.25,0.98,1.48,0.49,25,0.25,50,0.25,28,60,12,37,49,15,18.64,14.26,0.93,91,-4.37,17.36,12.93,0,0,0,0,0,,0,0,,0,0,0,0,0,0,20,12,5.26,42,0.15,0.05,-0.15,-0.02,,0.03
Efraín Álvarez,Guadalajara,Liga MX,2026/2027,361,4.01,9,Left Attacking Midfielder,Left Centre Midfielder,Man,Mexico,24,18/06/02,175,0,0,0.07,0.04,1.74,0,43,1,,0.12,0.5,0.15,2.24,0.5,0.09,1.5,0,0.06,0.75,0.5,0.21,3.99,0.28,0.25,0,0.25,0,0.25,0,2.49,2.24,0.25,0.37,0.25,0.46,12.21,5.98,0,1.99,48.49,6.23,3.74,0.5,0.75,67,0.62,0.99,1.99,0,0.25,20,0.25,0,9.72,13.29,1.99,2.74,0.25,50.63,5.73,59,2.24,82,0.25,0,0,51.1,77,4.99,89,63,1,7.23,13,77,-1,62.64,7.48,0.62,0.67,45.86,92,4.06,21.69,5.48,3.74,1.74,0.25,4.24,7.98,0.25,9,0.5,17,0.75,18,68,15,18,66,16,20.33,20.37,0.95,95,0.04,19.3,19.29,0,0,0,0,0,,0,0,,0,0,0,0,0,0,21,6,10.67,58,0.05,0.05,0,-0.04,,0.06
Fidel Daniel Ambríz González,Monterrey,Liga MX,2026/2027,359,3.99,7,Right Defensive Midfielder,Centre Defensive Midfielder,Man,Mexico,24,20/03/03,175,0,0,0.13,0.09,1.5,0,33,1,,0.09,0.25,0.18,0.75,0.25,0.18,0.75,0,0,0,0.25,0.32,2.26,-0.06,0.5,0.25,0.25,50,0.25,0,0.5,1,1.25,1.86,1.5,2.51,15.3,6.52,0.03,5.27,50.16,9.78,5.27,2.01,3.26,73,3.07,4.92,2.51,25,0.75,67,1.5,0.25,10.78,16.42,4.51,3.51,1.5,57.82,7.77,72,3.01,86,0,0,0,50.66,86,5.27,12,72,2.51,6.27,11,77,-9,49.49,5.52,0.54,0.69,40.63,96,4.9,10.28,0.25,0.25,0,0.5,3.01,3.26,0,0,0,,0.75,14,79,7,20,76,5,21.55,22.02,0.99,105,0.47,21.24,23.12,0,0,0,0,0,,0,0,,0,0,0,0,0,0,12,2,4.29,20,0.14,0.03,0.05,0,,0.22
Christian Ebere,Cruz Azul,Liga MX,2026/2027,358,3.97,9,Centre Forward,Left Centre Forward,Man,Nigeria,29,03/04/98,177,0.25,0.25,0.25,0.14,1.76,14,29,4,,0.04,0,0.18,1.01,0,0.18,1.01,0,0,0,0.25,0.43,2.77,-0.17,0.76,0.76,0,100,0.25,0,2.01,2.27,0.25,0.34,0,0,17.12,7.8,0,6.8,65.44,1.51,1.01,1.26,1.51,56,1.78,2.12,1.51,20,1.01,50,1.76,0,14.35,18.4,5.79,2.52,1.51,66.7,12.08,84,2.52,100,0.25,0,0,20.39,70,0.25,6,14,0.76,1.01,26,74,4,66.96,1.26,0.43,0.6,18.63,84,5.7,9.31,1.01,1.01,0,0.25,5.54,6.54,0,0,0,0,0.76,16,63,21,19,51,30,15.73,18.01,0.86,99,2.27,13.55,17.79,0,0,0,0,0,,0,0,,0,0,0,0,0,0,26,5,3.32,21,-0.03,0.01,0.01,-0.16,,-0.17
Ricardinho,Juárez,Liga MX,2026/2027,356,3.96,8,Centre Attacking Midfielder,Right Midfielder,Man,Portugal,28,05/08/98,178,0,0,0.11,0.14,0.76,0,0,2,,0,0,0.1,0.76,0,0.02,0.25,0,0.08,0.51,0,0.21,1.52,-0.21,2.02,0.25,1.77,13,1.26,0,1.26,4.55,0.76,0.3,0.76,1,17.94,10.11,0,3.54,46.79,5.05,2.02,1.26,2.02,63,0.94,1.24,1.52,40,0.76,13,0.25,0,15.16,9.55,3.03,1.77,0.25,49.2,8.34,55,1.52,86,0,0,0,22.75,76,2.02,9,53,0.76,3.79,18,76,0,54.73,3.29,0.12,0.21,21.99,79,6.94,6.07,0.51,0,0.51,0,1.26,1.26,0,0,0.25,33,0,21,59,20,13,58,29,20.88,15.59,0.91,99,-5.29,19.01,15.51,0,0,0,0,0,,0,0,,0,0,0,0,0,0,29,9,2.22,24,0.09,0.04,0.03,-0.08,,0.08
Felipe Mora,Atlético San Luis,Liga MX,2026/2027,354,3.93,6,Centre Forward,Right Centre Forward,Man,Chile,33,01/08/93,175,0.25,0.25,0.63,0.27,2.29,11,33,7,,0.39,0.25,0.05,0.76,0.25,0.05,0.76,0,0,0,0.51,0.67,3.05,-0.17,0.51,0.25,0.25,50,2.29,0.25,0.25,2.03,0,0,0.51,0.38,11.44,5.09,0,2.54,67.55,3.56,2.03,0.25,0.25,100,0.35,0.35,0.51,,0,33,0.51,0.25,10.68,13.65,2.54,1.02,0.51,71.53,9.41,88,0.76,75,0,0,0,13.99,78,0.25,7,100,0.51,0.25,20,62,-17,53.88,0.76,0.48,0.78,12.21,83,3.3,4.07,0.25,0.25,0,0.76,5.85,6.1,0,0,0,,0.76,16,58,27,25,69,6,14.48,11.9,1.05,100,-2.59,15.22,11.88,0,0,0,0,0,,0,0,,0,0,0,0,0,0,22,11,1.63,12,-0.06,-0.08,0.02,0.11,,-0.01
Víctor Ríos,Atlas,Liga MX,2026/2027,353,3.93,6,Right Defensive Midfielder,Centre Defensive Midfielder,Man,Mexico,23,10/02/04,191,0,0,0.02,0.04,0.51,0,0,1,,0,0,0.05,0.51,0,0.05,0.51,0,0,0,0,0.07,1.02,-0.07,0,0,0,,0.25,0,0.76,0.25,1.02,0.81,1.02,0.92,13.75,7.64,0.04,4.84,35.27,11.21,6.11,1.02,2.04,57,0.85,1.66,1.53,40,0.76,44,1.02,0,11.21,9.34,3.31,2.55,0.51,38.88,2.8,25,1.27,50,0.51,0,0,39.22,82,1.02,25,57,1.27,1.53,17,67,-15,49.56,3.82,0.2,0.22,27.51,97,4.23,8.15,0.25,0.25,0,0,0.51,0.76,0,100,0.25,100,0,24,68,9,31,63,6,17.9,17.38,0.97,94,-0.52,17.43,16.31,0,0,0,0,0,,0,0,,0,0,0,0,0,0,21,14,4.15,37,0.08,0.06,0.07,-0.04,,0.18
Aldo Rocha,Atlas,Liga MX,2026/2027,352,3.91,4,Right Defensive Midfielder,Left Defensive Midfielder,Man,Mexico,34,05/11/92,170,0.26,0,0.02,0.03,0.77,0,33,1,100,0.05,0,0.03,1.02,0,0.03,1.02,0,0,0,0,0.05,1.79,-0.05,0.26,0.26,0,100,1.28,0,0.26,1.02,1.28,1.6,2.56,3.71,18.15,9.2,0.06,7.67,36.06,9.2,3.58,2.04,3.32,73,2.57,4.17,1.02,50,0.77,40,0.51,0,15.08,19.57,5.37,3.07,1.53,37.85,3.32,22,1.02,33,0.51,0,0,42.94,87,3.32,15,68,2.81,4.6,11,75,-12,44.41,3.83,0.36,0.42,32.97,98,3.46,6.13,0.26,0.26,0,0.26,0.77,1.02,0,0,0,,0.26,22,68,10,38,58,4,19.89,19.01,0.99,114,-0.88,19.75,21.6,0,0,0,0,0,,0,0,,0,0,0,0,0,0,12,5,5.7,38,0.02,0.04,0.02,0.01,,0.1
Pablo Bennevendo,Pumas UNAM,Liga MX,2026/2027,351,3.9,6,Left Wing Back,Left Back,Man,Mexico,27,02/01/00,177,0,0,0.01,0.05,0.26,0,100,0,,0.02,0,0.04,1.03,0,0.04,1.03,0,0,0,0,0.05,1.28,-0.05,1.28,0.77,0.51,60,1.03,0,0.26,1.54,1.03,0.8,3.85,2.03,15.89,7.69,0.03,6.15,32.24,8.72,3.85,2.05,3.08,80,1.43,2.24,1.03,60,0.51,50,0.51,0.26,12.82,8.58,3.59,2.82,1.54,37.25,3.59,28,1.03,36,0,0,0.26,35.89,77,2.82,20,42,4.87,5.64,14,74,-3,51.59,5.38,0.14,0.18,31.02,97,4.4,10.25,1.79,1.79,0,0,0,1.79,0,43,0.77,38,0,30,63,8,23,65,13,22.43,19.98,0.9,87,-2.45,20.21,17.45,0,0,0,0,0,,0,0,,0,0,0,0,0,0,24,7,4.38,28,0.15,0.07,0.02,0,,0.24
Víctor Guzmán,Toluca,Liga MX,2026/2027,350,3.88,8,Centre Attacking Midfielder,Right Defensive Midfielder,Man,Mexico,32,02/02/95,175,0,0,0.08,0.05,1.54,0,0,1,,0,0,0.03,1.03,0,0.03,1.03,0,0,0,0,0.11,2.57,-0.11,0.77,0.51,0.26,67,0.77,0,0.51,0.77,0.51,0.6,1.29,1.93,16.99,9.53,0.09,5.15,44.73,9.01,4.38,1.8,2.32,64,2.66,3.25,1.8,33,1.03,47,1.8,0,13.64,20.3,3.86,3.86,0.77,48.58,6.18,45,2.83,73,0,0,0,54.06,89,3.86,22,75,1.54,4.89,11,79,-10,52.13,6.44,0.64,0.69,46.86,98,4.75,16.99,1.8,1.8,0,0.26,3.09,4.89,0,0,0.26,33,0.51,13,70,17,17,74,9,18.18,16.24,1,101,-1.95,18.12,16.36,0,0,0,0,0,,0,0,,0,0,0,0,0,0,10,4,6.69,34,0.13,0.08,0.08,-0.07,,0.21
Armando Escobar,Atlante,Liga MX,2026/2027,348,3.86,8,Left Wing Back,Left Back,Man,Mexico,33,26/08/93,173,0,0,0.1,0.1,1.04,0,25,1,,0.06,0,0,0,0,0,0,0,0,0,0,0.1,1.04,-0.1,0.26,0,0.26,0,1.29,0.26,1.29,0.52,1.29,0.56,2.85,1.56,22,7.51,0,6.21,35.24,8.02,3.11,3.88,5.18,88,1.84,2.41,1.55,88,0.52,38,0.78,0,16.57,9.08,4.66,2.33,0.52,37.81,5.69,34,1.29,56,0,0,0,27.96,71,1.04,68,36,3.37,2.33,14,59,-13,53.68,3.88,0.18,0.31,24.85,93,4.59,5.95,0.78,0.26,0.52,0,0.78,1.04,0,0,0,0,0,37,54,9,39,52,9,17.74,17.13,0.93,96,-0.61,16.53,16.43,0,0,0,0,0,,0,0,,0,0,0,0,0,0,36,22,6.45,34,0.05,0.06,0.05,-0.01,,0.15
Ignacio Rivero,Tijuana,Liga MX,2026/2027,347,3.86,6,Left Centre Midfielder,Right Centre Midfielder,Man,Uruguay,35,09/04/92,168,0.52,0.52,0.49,0.27,1.82,29,43,3,,0.48,0,0,0.26,0,0,0.26,0,0,0,0.52,0.5,2.08,0.02,1.56,0.52,1.04,33,0.52,0,0.78,2.59,0.26,0.07,0.78,0.49,18.42,6.48,0.02,5.97,39.69,4.41,1.82,2.85,3.11,69,1.54,1.61,0.78,29,1.3,27,0.78,0,14.78,7.28,4.67,3.63,1.3,40.34,4.93,33,2.59,71,0.26,0,0,14.27,63,1.04,16,57,1.04,1.56,25,56,-7,53.47,1.56,0.26,0.61,13.49,79,4.76,2.59,0.26,0.26,0,0,3.37,3.63,0,0,0,0,0,24,60,16,20,70,10,20.53,18.99,0.96,96,-1.54,19.64,18.2,0,0,0,0,0,,0,0,,0,0,0,0,0,0,41,13,1.76,16,-0.03,0,0.07,0.02,,0.06
Álvaro Angulo,Pumas UNAM,Liga MX,2026/2027,347,3.86,4,Left Back,,Man,Colombia,30,05/03/97,176,0,0,0.01,0.03,0.52,0,0,1,,0,0,0,0,0,0,0,0,0,0,0,0.01,0.52,-0.01,1.56,1.04,0.52,67,0.26,0,0.52,1.04,1.3,1.27,3.37,1.97,9.34,6.23,0.06,4.67,30.71,8.3,1.82,2.08,3.37,67,1.64,2.9,1.56,50,1.04,50,0.78,0,5.71,4.29,2.33,0.52,0,42.12,2.59,45,0.26,50,0,0,0,31.39,80,3.11,92,80,3.37,3.89,9,79,-1,47.71,3.37,0.22,0.23,28.27,97,3.62,6.23,0.52,0.26,0.26,0,1.56,1.82,0.26,0,0.26,17,0.26,27,59,15,21,58,21,19.62,10.96,0.99,113,-8.66,19.44,12.38,0,0,0,0,0,,0,0,,0,0,0,0,0,0,28,9,4.51,38,0,0.08,0.08,-0.02,,0.15
Madson,Juárez,Liga MX,2026/2027,345,3.83,8,Left Wing Back,Right Midfielder,Man,Brazil,27,25/08/99,164,0,0,0.16,0.16,1.04,0,75,2,,0.06,0,0.01,0.52,0,0.01,0.52,0,0,0,0,0.18,1.57,-0.18,0.52,0,0.52,0,2.87,0,2.09,3.13,0.26,0.42,0.52,0.33,14.35,7.31,0.02,2.09,45.17,6.26,3.65,0.78,1.04,50,0.59,1,1.57,0,0.78,38,0.78,0,12.01,10.31,1.83,1.04,0.26,47.87,6.52,54,0.78,75,0.26,0,0,22.45,76,0.78,85,38,1.3,1.3,20,44,-32,54.89,1.83,0.05,0.2,23.23,82,5.5,3.39,0,0,0,0,1.83,1.83,0,,0,0,0.26,16,70,15,31,69,0,15.7,14.37,0.94,80,-1.32,14.76,11.43,0,0,0,0,0,,0,0,,0,0,0,0,0,0,22,9,1.64,15,0,0.01,-0.01,-0.1,,-0.1
Paulinho,Toluca,Liga MX,2026/2027,345,3.83,4,Centre Forward,Left Centre Forward,Man,Portugal,34,08/11/92,188,0.52,0.52,0.53,0.18,2.87,18,55,8,,0.57,0,0.1,0.78,0,0.1,0.78,0,0,0,0.52,0.62,3.66,-0.1,0.78,0,0.78,0,1.57,0,2.09,3.39,0,0,1.04,1.12,14.62,5.22,0,3.66,53.81,4.96,2.35,1.57,1.57,75,1.72,1.72,1.57,33,0.52,22,0.52,0,11.49,12.4,2.87,3.13,0.26,58.37,6.53,57,2.61,83,0,0,0,15.67,70,0.26,74,33,1.31,0.52,31,64,-7,55.76,1.83,0.37,0.63,18.8,76,6.95,3.66,1.31,1.31,0,0.26,7.57,8.88,0.26,40,0.78,50,0.26,10,66,24,14,79,7,15.69,13.61,1.02,94,-2.08,16.01,12.85,0,0,0,0,0,,0,0,,0,0,0,0,0,0,27,6,1.91,11,0.01,-0.01,0.03,0.24,,0.27
Diego Abreu,Tijuana,Liga MX,2026/2027,344,3.83,8,Centre Forward,Right Centre Forward,Man,Uruguay,23,26/08/03,187,0,0,0.25,0.11,2.35,0,22,6,,0.09,0,0.01,0.26,0,0.01,0.26,0,0,0,0,0.26,2.61,-0.26,0,0,0,,2.09,0,0.78,1.31,0,0,0.26,0.13,8.63,3.92,0,1.57,62.27,2.88,1.05,0.26,0.26,100,0.4,0.4,0.26,,0,47,2.35,0,8.1,5.46,1.57,2.61,0.52,64.27,6.53,81,2.35,90,0.26,0,0,13.33,69,0.52,14,100,0.26,0.52,26,50,-19,53.21,1.83,0.42,0.53,10.19,85,2.5,3.14,0.26,0.26,0,0,4.97,5.23,0,0,0,,0.26,13,64,23,33,58,8,13.24,11.12,1.1,127,-2.12,14.54,14.13,0,0,0,0,0,,0,0,,0,0,0,0,0,0,38,10,1.59,12,-0.04,-0.01,0,-0.2,,-0.25
Brian García,Toluca,Liga MX,2026/2027,342,3.8,5,Left Wing Back,Left Back,Man,Mexico,29,30/10/97,170,0,0,0.02,0.04,0.53,0,50,0,,0.01,0,0.03,1.32,0,0.03,1.05,0,0,0.26,0,0.05,1.84,-0.05,0.53,0.26,0.26,50,0,0,1.05,0.53,0.53,0.64,2.9,3.62,13.95,7.9,0,4.74,30.3,7.63,4.21,2.37,2.9,75,2.57,3.22,0.53,63,0.79,60,0.79,0,11.05,13.41,3.16,0.79,0.26,35.51,2.9,26,0.26,33,0,0,0,39.22,81,5.26,33,67,3.16,7.63,12,67,-14,48.19,3.16,0.19,0.21,33.95,95,4.9,7.9,1.58,1.32,0.26,0.26,1.32,2.63,0,0,0.26,25,0.26,26,61,13,10,77,13,22.6,17.28,0.96,110,-5.32,21.62,19.09,0,0,0,0,0,,0,0,,0,0,0,0,0,0,21,7,5.5,27,0.19,0.05,0.01,-0.02,,0.24
Haret Ortega,Juárez,Liga MX,2026/2027,339,3.77,5,Left Centre Back,,Man,Mexico,27,18/05/00,192,0,0,0.01,0.05,0.27,0,100,0,,0.02,0,0,0,0,0,0,0,0,0,0,0.01,0.27,-0.01,0,0,0,,1.33,0,0,0.53,0.53,0.67,3.45,2.22,11.41,6.37,0.1,5.31,21.51,7.69,0.8,1.86,2.39,100,0.74,1.41,1.06,100,0,75,3.18,0.27,8.49,3.78,3.71,1.06,0.8,25.84,0.8,9,0.27,25,0.27,0,0,31.3,90,2.92,30,85,3.98,2.92,16,71,-18,33.71,1.59,0.07,0.07,21.49,99,4.66,2.12,0.27,0.27,0,0.27,1.33,1.59,0,0,0,,0.27,30,69,1,50,50,0,21.34,21.26,0.98,110,-0.08,20.93,23.43,0,0,0,0,0,,0,0,,0,0,0,0,0,0,19,11,1.88,23,0.09,0.01,0.14,0.02,,0.25
Ángel Sepúlveda,Guadalajara,Liga MX,2026/2027,338,3.76,9,Centre Forward,Left Centre Forward,Man,Mexico,36,14/02/91,181,0,0,0.2,0.13,1.6,0,17,3,,0.08,0.53,0.07,0.8,0.53,0.07,0.8,0,0,0,0.53,0.27,2.39,0.26,0.53,0.27,0.27,50,2.66,0,1.6,3.19,0,0,0.27,0.15,12.77,5.85,0.02,3.46,70.82,2.93,2.13,1.06,1.06,100,1.27,1.27,0.8,,0,29,2.66,0,10.91,12.63,3.19,3.72,1.6,73.49,10.11,93,3.46,93,0,0,0.27,21.81,80,0,33,,0.27,0,26,73,-8,65.57,1.86,0.28,0.45,20.48,83,4.3,9.58,0.27,0.27,0,0.53,5.85,6.12,0,0,0,0,1.06,12,62,27,8,53,39,12.47,10.89,0.99,100,-1.57,12.37,10.94,0,0,0,0,0,,0,0,,0,0,0,0,0,0,16,2,3.94,31,-0.04,-0.06,-0.04,-0.08,,-0.23
Adalberto Carrasquilla,Pumas UNAM,Liga MX,2026/2027,338,3.75,7,Right Centre Midfielder,Centre Attacking Midfielder,Man,Panama,28,27/11/98,171,0,0,0.05,0.02,2.13,0,25,2,,0.13,0.27,0.14,0.53,0.27,0.14,0.53,0,0,0,0.27,0.19,2.66,0.07,2.93,2.13,0.8,73,1.6,0,2.4,2.4,1.6,1.62,1.07,0.62,10.39,3.99,0.03,2.4,43.2,8.26,4.79,0.27,1.86,50,0.17,1.8,1.07,100,0.27,80,1.07,0,9.05,8.76,1.33,2.66,0.8,47.26,4.53,50,2.13,80,0.27,0,0.27,39.95,73,3.2,24,50,1.07,6.39,12,75,2,53.79,4.79,0.4,0.44,39.15,89,5.13,9.59,1.07,0.8,0.27,0.27,1.6,2.4,0,25,0.53,50,0.8,16,74,11,22,75,3,20.04,14.16,0.87,104,-5.87,17.4,14.74,0,0,0,0,0,,0,0,,0,0,0,0,0,0,22,6,7.08,51,-0.08,0.07,0.07,-0.02,,0.04
Johan Caicedo,Atlético San Luis,Liga MX,2026/2027,332,3.69,6,Right Defensive Midfielder,Left Defensive Midfielder,Man,Colombia,23,12/03/04,184,0,0,0.01,0.01,0.54,0,100,1,,0.02,0,0.01,0.27,0,0.01,0.27,0,0,0,0,0.01,0.81,-0.01,0.81,0.54,0.27,67,0.54,0,1.63,0.81,0.54,0.72,2.98,2.65,22.51,13.02,0.05,4.88,31.89,11.12,3.8,1.63,2.17,86,1.77,2.5,1.08,50,0.27,67,0.54,0,19.8,16.09,3.8,3.25,0.27,35.66,3.25,16,0.81,25,0.27,0,0,45.29,81,3.53,14,62,3.8,4.88,14,76,-5,46.03,4.61,0.6,0.61,34.98,95,4.94,7.32,0.27,0.27,0,0,0,0.27,0,0,0,,0,16,74,10,4,89,7,19.22,18.31,0.95,98,-0.91,18.18,17.98,0,0,0,0,0,,0,0,,0,0,0,0,0,0,21,8,5.07,46,-0.05,0.09,0.06,0,,0.1
Alan Medina,Pumas UNAM,Liga MX,2026/2027,331,3.67,10,Right Midfielder,Right Wing Back,Man,Mexico,29,18/08/97,180,0,0,0.04,0.03,1.09,0,0,1,,0,0.27,0.11,2.18,0.27,0.07,1.63,0,0.04,0.54,0.27,0.15,3.27,0.12,0.54,0.27,0.27,50,1.63,0,0.82,1.09,0.27,0.41,0.54,0.29,7.62,2.99,0,1.63,49.82,5.99,3.81,1.09,1.36,67,0.95,1.36,1.09,67,0.54,33,0.27,0,5.44,4.95,1.09,1.36,0.54,54.22,3.54,65,1.36,100,0,0,0,31.03,81,3.27,16,67,0.82,4.63,12,67,-14,62.31,6.53,0.4,0.45,29.67,94,7.66,12.79,2.72,1.91,0.82,0.27,1.36,3.27,0,20,1.09,50,0.27,19,67,14,32,55,13,20.42,15.04,0.97,115,-5.38,19.78,17.26,0,0,0,0,0,,0,0,,0,0,0,0,0,0,21,6,7.54,51,0.12,0.09,0,-0.06,,0.16
Hugo González,Toluca,Liga MX,2026/2027,329,3.65,4,Goalkeeper,,Man,Mexico,36,31/07/90,183,0,0,0,,0,,,0,,0,0,0,0.27,0,0,0.27,0,0,0,0,0,0.27,0,0,0,0,,0,0,0,0,0,0,0,0,0.27,0.27,0,5.48,2.09,3.84,0,0,0,,0,0,0,,0,,0,0,0.27,0.44,0,0,0,6.04,0,0,0,,0,0,0,26.3,81,6.3,10,50,2.47,10.14,13,71,-11,11.54,0.27,0.31,0.31,24.11,100,5.11,0.27,0.27,0.27,0,0,0,0.27,0,0,0,,0,36,64,0,100,0,0,34.82,42.37,0.8,69,7.55,27.83,29.42,0.82,0.49,-0.34,70,82,-12,0.62,2.74,28,9.86,1.68,0,0,17.9,-6,10,3,2.41,11,0.1,0.07,,,-0.38,-0.21
Jorge Rodríguez,Atlas,Liga MX,2026/2027,327,3.63,7,Left Wing Back,Left Centre Back,Man,Mexico,25,02/09/01,178,0,0,0.06,0.1,0.55,0,0,1,,0,0,0,0,0,0,0,0,0,0,0,0.06,0.55,-0.06,0,0,0,,1.1,0,0.28,1.1,1.65,1.39,1.93,1.92,13.23,5.79,0.02,3.03,32.66,6.06,0.83,2.21,3.86,50,2.14,3.53,0.28,33,2.21,60,0.83,0,10.75,10.76,1.93,0.83,0,38.51,2.76,26,0,0,0,0,0,31.42,72,3.03,80,48,2.48,5.79,11,67,-5,43.9,2.21,0.27,0.33,28.39,97,3.42,3.86,0.55,0.55,0,0.28,1.65,2.21,0,50,0.55,40,0.28,42,50,8,29,50,21,22.17,18.52,0.91,103,-3.65,20.2,19.07,0,0,0,0,0,,0,0,,0,0,0,0,0,0,23,12,3.17,25,0.08,0.05,-0.27,-0.06,,-0.2
Ricardo Monreal,Necaxa,Liga MX,2026/2027,323,3.59,4,Right Wing Back,Right Attacking Midfielder,Man,Mexico,26,09/02/01,182,0,0,0.05,0.03,1.67,0,17,2,,0.01,0,0.11,1.11,0,0.11,1.11,0,0,0,0,0.16,2.78,-0.16,2.51,1.39,1.11,56,2.51,0,3.62,2.51,0.84,1.15,1.11,1.48,11.41,4.45,0.06,3.62,41.02,7.24,3.06,1.39,2.23,71,1.73,2.88,1.67,0,0.56,80,2.23,0,8.35,11.18,2.23,1.67,0,43.38,3.9,47,1.11,67,0.56,0,0,34.52,79,0.84,10,25,1.39,3.06,13,61,-17,59.53,3.06,0.43,0.49,38.69,87,6.07,13.36,1.67,1.67,0,0.28,3.06,4.73,0,33,0.84,50,0.28,14,73,13,8,79,13,16.8,15.43,0.91,101,-1.37,15.29,15.58,0,0,0,0,0,,0,0,,0,0,0,0,0,0,21,5,7.79,42,0.1,0.12,0,-0.09,,0.14
Daniel González,Atlante,Liga MX,2026/2027,320,3.56,7,Centre Defensive Midfielder,Left Centre Midfielder,Man,Mexico,22,11/11/04,172,0,0,0.13,0.05,2.53,0,11,4,,0.06,0,0.08,1.69,0,0.08,1.69,0,0,0,0,0.21,4.21,-0.21,0.84,0.84,0,100,1.69,0,1.97,2.25,0.28,0.24,0.28,0.15,21.63,11.24,0.02,5.34,50.56,5.9,3.93,2.25,2.53,67,1.9,2.14,1.12,43,1.12,23,0.84,0,18.26,12.58,4.78,0.84,0.28,51.77,8.43,46,0.84,100,0,0,0,21.63,81,0.56,9,100,0.28,0.56,24,68,-12,60.4,2.53,0.54,0.57,25.57,86,4.71,8.15,0.84,0.84,0,0.56,4.21,5.06,0,33,0.56,40,1.4,14,76,10,14,69,17,15.69,16.31,0.99,100,0.62,15.54,16.37,0,0,0,0,0,,0,0,,0,0,0,0,0,0,19,8,8.04,38,-0.02,0.07,-0.19,-0.11,,-0.25
Ícaro,América,Liga MX,2026/2027,317,3.52,6,Left Defensive Midfielder,Right Defensive Midfielder,Man,Brazil,20,22/05/07,175,0.28,0.28,0.05,0.03,1.42,20,20,1,,0.12,0,0.06,1.71,0,0.06,1.71,0,0,0,0.28,0.1,3.13,0.18,0.28,0.28,0,100,1.99,0,1.42,0.85,0.85,1.22,1.42,1.86,16.48,8.24,0.02,6.54,41.23,11.37,6.25,1.42,2.27,71,1.94,3.17,1.42,50,0.57,40,0.57,0,13.64,16.98,4.83,4.26,1.14,42.2,4.55,33,1.99,47,0.28,0,0,39.22,89,5.68,15,91,1.42,6.25,7,70,-19,47.56,4.26,0.37,0.44,34.1,95,5.29,5.12,0.28,0.28,0,0,0.57,0.85,0,0,0,0,0,16,72,12,28,61,11,20.84,12.91,1.02,102,-7.93,21.27,13.23,0,0,0,0,0,,0,0,,0,0,0,0,0,0,14,7,5.71,26,0.01,0.1,0.06,0,,0.17
Luis Sánchez,Atlante,Liga MX,2026/2027,316,3.51,3,Left Centre Back,Centre Back,Man,Mexico,27,02/05/00,182,0,0,0.01,0.05,0.29,0,0,0,,0,0,0,0,0,0,0,0,0,0,0,0.01,0.29,-0.01,0.29,0.29,0,100,1.14,0,0.29,0,0.86,0.44,5.42,2.7,15.11,9.7,0.07,7.98,25.56,13.4,3.42,2.28,3.14,100,1.12,1.56,0.29,100,0,50,2.57,0,12.55,6.23,6.27,2.28,0.57,30.54,2,16,0.29,13,0,0,0,27.38,63,2.57,83,45,6.84,4.28,12,36,-27,39.48,3.14,0.17,0.17,16.83,98,4.42,1.71,0.29,0.29,0,0,0.57,0.86,0.29,0,0,0,0,43,53,4,50,50,0,22.01,23.49,0.95,77,1.48,20.91,18.18,0,0,0,0,0,,0,0,,0,0,0,0,0,0,37,12,1.17,10,0.07,0.04,0.12,0,,0.22
Jordán Carrillo,Guadalajara,Liga MX,2026/2027,314,3.49,7,Left Attacking Midfielder,Left Centre Midfielder,Man,Mexico,25,29/11/01,166,0,0,0.12,0.04,3.15,0,36,2,,0.09,0,0.06,1.43,0,0.05,1.15,0,0.01,0.29,0,0.17,4.58,-0.17,3.44,2.86,0.57,83,2,0,3.15,2.29,0.57,1.06,0.86,1.24,10.88,5.44,0,4.58,53.46,8.02,4.01,1.15,1.72,40,1.66,2.73,1.15,29,1.72,55,1.72,0,8.59,11,3.15,1.15,0.86,53.97,4.87,57,0.86,75,0.29,0,0,59.28,85,2,7,47,0.86,4.3,20,88,4,60.08,4.58,0.63,0.67,61.28,91,4.23,24.05,1.72,1.43,0.29,0,3.44,4.87,0,0,0.29,25,0.29,14,73,13,14,76,10,16.28,13.84,0.92,102,-2.44,14.94,14.12,0,0,0,0,0,,0,0,,0,0,0,0,0,0,13,5,7.73,38,0,0.06,-0.01,-0.08,,-0.03
Owen González,Necaxa,Liga MX,2026/2027,313,3.48,5,Right Wing Back,Left Wing,Man,Mexico,23,19/07/03,169,0.58,0.58,0.38,0.19,2.01,29,43,3,,0.53,0,0.18,1.15,0,0.18,1.15,0,0,0,0.58,0.56,3.16,0.01,0.86,0.58,0.29,67,0.86,0,1.73,2.01,0.86,0.61,0.58,0.4,15.81,6.61,0,5.46,49.57,4.6,1.73,2.3,3.16,73,2.25,2.86,0.58,50,0.86,0,0,0,12.94,12.7,4.31,3.16,1.15,53.13,6.33,49,2.3,73,0.29,0,0,28.75,81,1.73,21,75,0.58,2.3,19,85,4,55.99,2.88,0.8,1.03,29.61,90,5.67,8.34,0.86,0.86,0,0.58,4.31,5.18,0,0,0.58,100,0.86,18,54,28,3,62,34,17.89,14.64,1.03,105,-3.25,18.38,15.37,0,0,0,0,0,,0,0,,0,0,0,0,0,0,16,8,4.31,32,0.11,0.06,0,0.25,,0.43
Mauricio Isais,Pachuca,Liga MX,2026/2027,313,3.48,8,Left Back,Left Wing,Man,Mexico,26,08/04/01,185,0,0,0.2,0.1,2.01,0,0,2,,0,0,0.09,1.15,0,0.09,1.15,0,0,0,0,0.29,3.16,-0.29,0.29,0,0.29,0,0.58,0,2.01,1.73,0.29,0.36,2.01,2.22,10.65,4.89,0.02,4.32,38.29,4.6,1.15,2.01,2.3,78,2.03,2.39,0.86,33,0.58,58,2.01,0,7.77,8.33,3.45,0.86,0.58,45.51,3.74,48,0.58,67,0,0,0,27.62,69,1.44,74,38,2.59,3.16,21,48,-21,48.15,2.3,0.58,0.76,27.33,89,5.97,4.89,0.86,0.58,0.29,0,2.88,3.45,0.29,67,0.58,22,0,26,65,9,35,53,12,20.01,19.3,0.91,83,-0.71,18.28,16.09,0,0,0,0,0,,0,0,,0,0,0,0,0,0,27,3,3.48,18,0.05,0.06,-0.14,-0.16,,-0.19
Ángel Zapata,Tijuana,Liga MX,2026/2027,305,3.38,7,Right Defensive Midfielder,Left Defensive Midfielder,Man,Mexico,26,02/02/01,166,0,0,0.01,0.02,0.3,0,0,1,,0,0,0.01,0.3,0,0.01,0.3,0,0,0,0,0.01,0.59,-0.01,0.3,0.3,0,100,1.18,0,0,0.89,0,0,1.48,0.94,17.14,8.57,0,6.8,34.91,8.27,3.55,2.95,2.95,77,2.12,2.12,0.89,67,0.89,50,0.59,0,13.3,9.4,5.91,1.77,0.89,35.8,2.95,22,1.18,67,0,0,0,30.43,84,2.66,15,60,2.07,3.84,17,82,-2,52.35,5.02,0.74,0.75,19.5,97,5.06,8.86,0.3,0.3,0,0,0.3,0.59,0,0,0,,0,13,72,16,10,83,7,21.7,27.83,0.95,90,6.13,20.51,25.12,0,0,0,0,0,,0,0,,0,0,0,0,0,0,19,8,9.43,43,-0.02,0.05,0.04,0,,0.06
Esteban Andrada,Monterrey,Liga MX,2026/2027,302,3.35,3,Goalkeeper,,Man,Argentina,36,25/01/91,194,0,0,0,,0,,,0,,0,0,0,0,0,0,0,0,0,0,0,0,0,0,0,0,0,,0,0,0,0,0,0,0,0,0.3,0,0,5.67,3.97,5.37,0,0,0,0,0,0,0,0,0.3,,0,0,0.3,0.43,0,0.3,0,20.81,0,0,0,0,0,0,0,31.93,84,8.95,25,64,2.09,11.94,10,75,-9,14.35,0.3,0.13,0.13,30.14,100,5.13,0.3,0,0,0,0,0,0,0,,0,,0,30,70,0,100,0,0,32.82,43.17,0.86,97,10.35,28.39,42.02,1.19,1.35,0.15,71,68,4,1.27,4.18,44,9.55,2.71,0,0,19.21,-4,12,2,1.76,10,0.02,0.11,,,0.06,0.19
Francisco González,Tijuana,Liga MX,2026/2027,292,3.24,5,Right Midfielder,Left Midfielder,Man,Argentina,26,05/04/01,172,0,0,0.07,0.04,1.85,0,17,3,,0,0.31,0.16,1.85,0.31,0.12,1.54,0,0.04,0.31,0.31,0.23,3.7,0.08,1.23,0.31,0.93,25,1.23,0,1.23,3.08,0,0,0.93,0.75,8.94,2.47,0,1.54,54.93,4.93,2.78,0.62,0.62,33,0.88,0.88,0.93,20,1.23,63,1.54,0,7.4,6.99,0.93,2.47,0.31,57.13,4.63,63,1.85,75,0,0,0,23.13,65,1.23,79,40,0.93,3.08,18,47,-19,68.42,2.47,0.29,0.35,22.21,86,7.89,8.64,2.16,1.54,0.62,0.62,4.01,5.55,0,29,0.62,20,0.62,8,74,18,4,68,29,20.32,13.09,0.89,96,-7.23,18.05,12.58,0,0,0,0,0,,0,0,,0,0,0,0,0,0,35,6,8.98,40,0,0.12,0,-0.07,,0.06
Facundo Cáseres,Santos Laguna,Liga MX,2026/2027,285,3.17,3,Right Defensive Midfielder,Left Defensive Midfielder,Man,Argentina,26,27/05/01,178,0,0,0.06,0.1,0.63,0,50,1,,0.07,0,0.03,0.32,0,0.03,0.32,0,0,0,0,0.09,0.95,-0.09,0,0,0,,1.58,0,1.26,0.63,0,0,2.21,2.63,11.98,5.99,0,3.78,39.34,7.25,2.52,0.95,0.95,50,1.12,1.12,1.58,33,0.95,67,0.63,0.32,9.46,11.15,2.52,2.52,0.32,43.34,3.15,33,1.58,63,0.63,0,0,51.41,86,4.73,17,65,3.15,6.31,18,83,-2,50.15,7.25,0.56,0.62,44.15,98,5.15,12.62,0,0,0,0,0.63,0.63,0.32,,0,,0,21,73,6,35,65,0,20.82,21.49,0.93,103,0.67,19.41,22.2,0,0,0,0,0,,0,0,,0,0,0,0,0,0,14,8,9.78,39,0.02,0.07,0,0.03,,0.12
Alan Mozo,Pachuca,Liga MX,2026/2027,284,3.16,4,Right Back,,Man,Mexico,30,04/04/97,175,0,0,0,,0,,,0,,0,0,0.1,0.63,0,0.1,0.63,0,0,0,0,0.1,0.63,-0.1,0.63,0.63,0,100,0.95,0,0.32,0,0,0,1.58,1.14,12.66,7.91,0.05,4.12,34.7,6.96,3.8,2.85,2.85,60,2.3,2.3,1.27,44,1.9,0,0,0,8.55,7.36,2.53,1.58,0.32,40.48,3.8,44,0.63,40,0.32,0,0,37.04,78,6.01,9,73,1.58,8.23,7,73,-5,52.62,5.38,0.36,0.45,34.19,99,3.17,10.13,1.27,0.95,0.32,0,0.32,1.27,0,25,0.63,20,0,27,66,7,38,53,9,21.62,13.07,0.94,126,-8.54,20.29,16.43,0,0,0,0,0,,0,0,,0,0,0,0,0,0,28,14,5.06,42,0.18,0.05,0.04,,,0.27
Bryan Colula,León,Liga MX,2026/2027,278,3.09,6,Right Back,Right Wing Back,Man,Mexico,31,05/04/96,178,0,0,0.02,0.04,0.65,0,0,0,,0,0,0,0,0,0,0,0,0,0,0,0.02,0.65,-0.02,0,0,0,,0.97,0,0,0.65,0.97,1,3.88,3.81,13.58,5.5,0,3.88,32.45,4.53,1.29,2.91,3.88,100,2.33,3.33,1.94,100,0,67,1.29,0,8.73,7.27,2.91,0.97,0,35.88,2.59,30,0.65,67,0.65,0,0,23.6,81,3.56,16,73,4.2,4.53,8,29,-52,44.41,1.94,0.22,0.22,18.11,96,3.04,3.23,0.65,0.65,0,0,0.97,1.62,0,0,0,0,0,34,58,8,60,30,10,21.58,12.48,0.97,248,-9.1,20.94,31,0,0,0,0,0,,0,0,,0,0,0,0,0,0,23,11,3.75,25,0.08,0.01,0.04,-0.03,,0.11
Ángel Azuaje,Pumas UNAM,Liga MX,2026/2027,278,3.09,3,Left Centre Back,,Man,Venezuela,22,24/09/04,178,0.32,0.32,0.04,0.13,0.32,100,100,0,,0.26,0,0,0,0,0,0,0,0,0,0.32,0.04,0.32,0.28,0,0,0,,0,0,1.3,0.65,0,0,2.27,1.85,10.04,5.51,0.03,5.51,22.41,11.34,3.24,1.3,1.3,44,1.35,1.35,1.62,33,1.62,50,1.3,0,7.13,6.45,3.89,0.65,0.32,25,0.97,14,0.32,50,0.32,0,0,46.33,73,5.51,63,52,4.21,8.75,13,63,-10,40.68,2.59,0.03,0.07,38.87,95,5.8,3.89,0,0,0,0,1.62,1.62,0,,0,0,0,31,67,2,33,67,0,26.71,26.47,0.86,80,-0.24,23.06,21.1,0,0,0,0,0,,0,0,,0,0,0,0,0,0,26,5,1.46,8,0.03,0.04,-0.08,0.07,,0.07
Juan Domínguez,León,Liga MX,2026/2027,274,3.04,5,Right Centre Midfielder,Left Midfielder,Man,Mexico,28,29/10/98,168,0.33,0.33,0.09,0.09,0.99,33,33,2,,0.27,0,0.07,1.31,0,0.05,0.99,0,0.02,0.33,0.33,0.16,2.3,0.17,2.3,0.99,1.31,43,0.99,0,1.97,2.96,0,0,0.33,0.38,15.12,6.24,0.02,3.29,46.09,5.59,3.61,1.31,1.31,100,1.31,1.31,1.31,,0,0,0,0,12.49,12.12,2.3,3.61,0.66,46.27,4.6,37,1.97,55,0.33,0,0,28.26,80,0.99,13,60,0.33,1.64,13,92,12,53.84,4.6,0.18,0.2,31.55,86,7.09,6.9,1.31,0.99,0.33,0,1.31,2.3,0,50,0.66,40,0,15,78,8,24,71,5,15.81,14.24,1.04,106,-1.57,16.41,15.08,0,0,0,0,0,,0,0,,0,0,0,0,0,0,18,4,3.68,29,-0.06,0.12,0.03,0.09,,0.18
Edgar Guerra,León,Liga MX,2026/2027,273,3.03,6,Right Midfielder,Left Wing,Man,Colombia,26,08/03/01,173,0,0,0.1,0.08,1.32,0,75,2,,0.15,0.33,0.22,1.98,0.33,0.22,1.98,0,0,0,0.33,0.32,3.3,0.01,2.97,1.65,1.32,56,1.32,0.33,2.31,3.3,0.33,0.49,0.66,0.71,13.19,6.59,0,2.97,54.73,5.27,2.97,0.66,0.99,100,0.9,1.38,1.32,,0,50,0.33,0,11.21,14.6,2.97,1.98,0,60.83,7.58,68,1.65,83,0,0,0,30.99,71,1.32,25,57,0.99,1.98,17,71,-1,64.7,2.31,0.38,0.56,33.29,85,6.29,12.86,3.96,3.3,0.66,0.33,2.31,5.6,0,42,1.98,60,0.33,14,66,19,8,77,15,17.89,16.4,0.98,95,-1.49,17.57,15.58,0,0,0,0,0,,0,0,,0,0,0,0,0,0,22,3,5.87,36,0.04,0.29,0,0,,0.34
Cristóbal Alfaro,Atlante,Liga MX,2026/2027,267,2.97,5,Right Centre Back,Right Wing Back,Man,Mexico,20,22/05/07,184,0,0,0,,0,,,0,,0,0,0,0,0,0,0,0,0,0,0,0,0,0,0,0,0,,1.35,0,0.67,0.67,1.68,0.94,4.04,2.18,21.54,10.09,0.04,9.09,30.28,7.74,2.36,3.36,5.05,83,2.18,3.11,1.68,60,0.67,45,1.68,0,16.49,11.99,5.72,3.7,1.68,33.62,3.36,20,0.67,18,0,0,0,34.32,73,4.37,9,48,6.39,6.73,14,38,-35,40.18,1.01,0.14,0.14,27.59,96,5.61,2.02,0,0,0,0,0,0,0,,0,,0,28,62,9,50,33,17,24.37,26.38,0.89,71,2.01,21.79,18.78,0,0,0,0,0,,0,0,,0,0,0,0,0,0,31,9,2.73,20,0,0.04,0.08,,,0.12
Francisco Méndez,Necaxa,Liga MX,2026/2027,267,2.96,4,Left Centre Back,Centre Back,Man,Mexico,22,03/05/05,186,0,0,0.1,0.06,1.69,0,40,1,,0.01,0,0,0,0,0,0,0,0,0,0,0.1,1.69,-0.1,0.34,0.34,0,100,0.67,0,0.34,0,1.01,1.56,2.7,4.31,11.14,6.41,0.04,7.09,30.15,9.79,2.02,2.36,3.37,70,3.28,4.84,1.35,25,1.01,82,3.04,0,7.42,10.17,4.05,0.34,0.34,38.53,3.04,41,0.34,100,0,0,0,48.25,89,3.04,71,64,4.05,3.37,12,72,-17,41.07,6.07,0.99,1.19,40.15,99,5.65,7.42,0,0,0,0.34,2.02,2.02,0,,0,,0.34,24,72,5,14,82,5,21.94,28.88,0.94,81,6.95,20.67,23.25,0,0,0,0,0,,0,0,,0,0,0,0,0,0,8,3,4.69,21,0.12,0.07,0.05,-0.04,,0.21
D.Longa,Necaxa,Liga MX,2026/2027,267,2.96,6,Centre Forward,Left Centre Forward,Man,Colombia,23,08/04/04,,0.34,0.34,0.22,0.22,1.01,33,67,2,,0.39,0.34,0.24,1.01,0.34,0.24,1.01,0,0,0,0.67,0.46,2.02,0.21,1.35,0.67,0.67,50,0.67,0,1.01,5.4,1.01,1.21,0.34,0.5,14.17,6.75,0,4.39,58.36,3.71,1.35,0,1.01,0,0,1.21,0.67,0,0.34,42,1.69,0,13.5,12.64,4.05,3.37,1.01,59.08,8.1,60,1.35,40,0.34,0,0,14.51,71,0,13,0,1.01,0.34,33,47,-24,61.85,1.01,0.16,0.58,17.55,71,4.64,4.72,0.34,0.34,0,0.67,3.04,3.37,0,0,0,0,0.67,16,55,29,14,50,36,13.69,12.97,0.94,82,-0.72,12.88,10.65,0,0,0,0,0,,0,0,,0,0,0,0,0,0,35,14,3.61,20,0.15,-0.14,0.01,0.24,,0.25
Erick Gutiérrez,Toluca,Liga MX,2026/2027,267,2.96,4,Left Defensive Midfielder,Right Defensive Midfielder,Man,Mexico,31,14/06/95,181,0,0,0.03,0.04,0.68,0,50,1,,0.04,0,0.01,0.68,0,0.01,0.68,0,0,0,0,0.04,1.35,-0.04,1.01,0.34,0.68,33,0.68,0,1.35,1.69,0,0,1.35,1.62,18.56,10.13,0.03,5.74,44.18,8.44,3.38,2.7,2.7,100,3.76,3.76,3.04,100,0,67,0.68,0,12.83,17.93,5.06,4.39,2.03,47.55,6.41,50,2.36,54,0,0,0,42.87,88,2.36,81,70,1.35,3.38,17,86,-2,51.03,6.41,0.31,0.39,38.82,95,3.9,11.48,0.34,0.34,0,0,0.68,1.01,0,100,0.34,100,0,15,76,9,15,74,12,18.28,16.77,0.99,108,-1.52,18.04,18.03,0,0,0,0,0,,0,0,,0,0,0,0,0,0,14,5,7.05,34,0.06,0.07,0.01,-0.03,,0.11
Ricardo Monreal,Tigres UANL,Liga MX,2026/2027,260,2.89,5,Left Wing,Right Midfielder,Man,Mexico,26,09/02/01,182,0,0,0.09,0.06,1.38,0,50,2,,0.08,0,0.08,0.69,0,0.08,0.69,0,0,0,0,0.17,2.08,-0.17,1.04,0.35,0.69,33,1.38,0,2.77,3.81,0.69,0.93,0.35,0.17,19.03,7.96,0.04,4.84,56.69,5.88,3.46,0.69,1.38,40,0.38,1.32,2.08,25,1.04,20,0.35,0,16.26,15.63,3.81,3.11,0.69,56.71,8.99,55,2.42,78,0.35,0,0,30.79,71,0.69,10,67,0.35,1.04,31,54,-18,58.47,3.46,0.35,0.41,31.14,86,7.45,10.72,1.04,1.04,0,0.35,2.77,3.81,0,67,0.69,40,0.69,16,56,29,10,58,32,14.95,13.23,1,92,-1.72,14.94,12.19,0,0,0,0,0,,0,0,,0,0,0,0,0,0,23,8,2.94,21,-0.02,0.1,-0.01,-0.06,,0.01
Paul Bellón,León,Liga MX,2026/2027,257,2.86,5,Left Centre Back,,Man,Mexico,29,03/06/97,185,0,0,0,,0,,,0,,0,0,0,0,0,0,0,0,0,0,0,0,0,0,0.35,0.35,0,100,0.7,0,0,0.35,1.4,1.52,4.19,4.68,7.69,3.5,0.06,2.8,25.7,3.85,0.35,0.7,2.1,67,0.81,2.32,0.35,50,0.35,100,0.7,0,6.64,7.55,1.75,1.4,0,35.68,1.05,16,0.7,50,0,0,0,32.86,91,1.75,82,63,4.54,2.45,2,50,-41,28.92,1.05,0.04,0.04,26.92,99,3.6,1.05,0,0,0,0,0,0,0,,0,,0,27,70,4,33,67,0,20.34,25.15,0.95,190,4.81,19.36,47.8,0,0,0,0,0,,0,0,,0,0,0,0,0,0,11,5,1.4,11,0.02,0.01,0.06,,,0.09
Esteban Lozano,Santos Laguna,Liga MX,2026/2027,257,2.86,4,Centre Forward,,Man,Mexico,24,09/03/03,185,0.35,0.35,0.5,0.28,1.75,20,60,5,,0.9,0,0.01,0.35,0,0.01,0.35,0,0,0,0.35,0.51,2.1,-0.16,0.35,0,0.35,0,0.7,0.35,2.45,3.15,0,0,0.35,0.42,12.94,5.25,0,3.5,68.67,2.8,1.4,0.7,0.7,100,0.81,0.81,1.75,,0,40,2.1,0,10.49,11.01,3.15,2.45,1.05,69.42,8.39,80,2.45,100,0,0,0,16.78,69,0.35,7,33,0.7,0.7,24,50,-19,54.6,1.4,0.64,0.81,13.64,72,3.64,4.55,0.7,0.7,0,0,3.85,4.55,0.35,0,0,,0,18,57,25,15,54,31,19.49,20.33,0.92,81,0.84,17.93,16.42,0,0,0,0,0,,0,0,,0,0,0,0,0,0,29,10,2.94,11,-0.02,-0.05,0.01,0.43,,0.37
Jose Pachuca,Puebla,Liga MX,2026/2027,256,2.84,6,Right Back,Left Centre Back,Man,Mexico,21,23/07/05,190,0,0,0.08,0.07,1.06,0,0,0,,0,0,0,0,0,0,0,0,0,0,0,0.08,1.06,-0.08,1.76,0.7,1.06,40,1.06,0,0.7,1.76,1.06,0.73,1.76,1.45,13.72,5.63,0.07,3.87,33.68,8.09,1.76,2.81,3.87,100,2.18,2.91,1.76,,0,67,0.7,0,9.15,6.85,2.11,1.76,0.35,39.41,2.11,23,1.06,60,0,0,0,34.13,82,2.46,17,58,2.11,3.87,12,64,-18,47.63,4.93,0.04,0.12,29.55,94,4.76,5.98,0.35,0,0.35,0,2.11,2.11,0,0,0,,0,27,67,6,18,71,12,18.91,17.35,0.96,127,-1.55,18.24,22.11,0,0,0,0,0,,0,0,,0,0,0,0,0,0,25,10,2.43,19,0.03,0.04,-0.35,-0.06,,-0.35
Alonso Ramírez,Puebla,Liga MX,2026/2027,245,2.72,5,Left Defensive Midfielder,Right Defensive Midfielder,Man,Mexico,25,19/08/01,173,0,0,0.05,0.06,0.73,0,50,1,,0.08,0,0.02,0.37,0,0.02,0.37,0,0,0,0,0.06,1.1,-0.06,0.73,0.37,0.37,50,1.1,0,0.37,0.73,2.2,1.28,2.94,2.04,11.74,7.34,0,2.57,41.42,5.14,1.84,0.73,2.94,100,0.4,1.68,1.47,100,0,56,1.84,0,9.54,5.16,2.2,1.1,0,45.36,5.14,54,1.1,100,0.37,0,0,27.16,83,1.47,25,100,2.94,1.47,14,73,-11,50.87,2.2,0.13,0.14,22.76,97,4.18,4.4,0.37,0.37,0,0,0.73,1.1,0,0,0,,0,23,67,10,25,42,33,16.62,12.55,1.06,105,-4.06,17.63,13.23,0,0,0,0,0,,0,0,,0,0,0,0,0,0,23,12,2.53,17,-0.03,0.03,0.02,-0.02,,0.01
Geovanni Pérez,Santos Laguna,Liga MX,2026/2027,239,2.65,4,Right Centre Back,,Man,Mexico,21,26/10/05,182,0,0,0.12,0.08,1.51,0,0,1,,0,0,0,0,0,0,0,0,0,0,0,0.12,1.51,-0.12,0.75,0.75,0,100,0,0,0.38,0,1.51,1.28,2.64,2.39,8.29,3.77,0.04,3.01,25.02,7.16,2.26,1.51,3.01,67,1.35,2.63,0.38,33,0.75,50,0.75,0.38,6.41,5.13,2.26,1.13,0.38,29.78,0.75,12,0.75,67,0,0,0,33.91,82,2.26,8,50,3.77,3.39,13,54,-29,45.61,5.27,0.25,0.31,30.9,99,4.57,7.91,0,0,0,0,2.64,2.64,0,,0,,0,29,68,3,24,67,10,20.82,22.38,0.92,89,1.56,19.23,19.94,0,0,0,0,0,,0,0,,0,0,0,0,0,0,22,10,3.47,18,0.07,0.08,0.19,-0.12,,0.22
Elías Montiel,Atlas,Liga MX,2026/2027,235,2.62,3,Right Defensive Midfielder,Right Attacking Midfielder,Man,Mexico,21,06/10/05,171,0,0,0.01,0.02,0.38,0,0,0,,0,0,0.04,0.38,0,0.04,0.38,0,0,0,0,0.04,0.76,-0.04,0.76,0.76,0,100,0.76,0,0.76,0.76,0.38,0.3,0,0,10.32,5.35,0.05,3.82,43.87,6.88,1.91,0.38,0.76,50,0.66,0.96,0,100,0.38,50,0.38,0,9.94,13.29,3.06,1.91,0.76,44.2,4.59,46,1.15,60,0,0,0,52.76,81,1.91,9,45,0,4.21,14,75,-6,56.87,5.35,0.53,0.53,47.79,97,5.01,14.91,0.38,0.38,0,0.76,2.29,2.68,0,0,0.38,25,0.76,17,75,8,26,64,10,17.26,13.06,0.97,110,-4.2,16.79,14.31,0,0,0,0,0,,0,0,,0,0,0,0,0,0,20,8,8.49,46,0,0.07,-0.01,-0.01,,0.05
Alexis Gutiérrez,América,Liga MX,2026/2027,234,2.6,6,Left Wing,Centre Attacking Midfielder,Man,Mexico,27,25/02/00,181,0,0,0.15,0.05,3.08,0,0,3,,0,0,0.24,2.69,0,0.15,1.54,0,0.08,1.15,0,0.38,5.77,-0.38,0.77,0.38,0.38,50,0.77,0,0.38,1.92,0,0,0.38,0.32,16.94,8.47,0,5,51.12,3.85,2.31,1.15,1.15,60,1.34,1.34,1.54,0,0.77,60,1.15,0,14.24,16.32,4.23,3.08,1.15,49.99,8.08,57,2.69,88,0,0,0,33.49,81,3.08,92,53,0.77,5.39,14,79,-2,63.78,3.08,0.24,0.5,35.42,93,5.55,12.32,3.08,1.54,1.54,0,5,6.54,0,38,1.54,31,0.38,3,80,17,3,88,9,19.89,16.52,0.9,96,-3.36,17.82,15.82,0,0,0,0,0,,0,0,,0,0,0,0,0,0,15,6,7.55,37,0.03,0.03,0.05,-0.12,,-0.01
Adrián Alcaraz,Pachuca,Liga MX,2026/2027,234,2.6,9,Centre Attacking Midfielder,Centre Forward,Man,Paraguay,27,27/09/99,186,0,0,0.21,0.11,1.93,0,40,5,,0.11,0,0.12,1.54,0,0.12,1.54,0,0,0,0,0.34,3.47,-0.34,0.39,0.39,0,100,0.39,0,1.16,1.16,0.39,0.56,0.39,0.56,18.49,11.17,0.03,3.85,62,5.01,3.47,0.77,1.16,100,0.72,1.28,1.93,,0,57,5.01,0,15.8,12.68,3.85,1.54,0,61.9,10.02,63,1.54,100,0.39,0,0,16.18,72,1.54,9,100,0.77,1.16,33,64,-8,61.56,2.31,0.4,0.54,9.63,80,4.76,6.93,0.39,0.39,0,1.16,6.93,7.32,0,0,0.39,50,1.54,14,77,9,11,78,11,16.25,16.08,1.12,110,-0.18,18.27,17.64,0,0,0,0,0,,0,0,,0,0,0,0,0,0,35,12,4.01,21,0.05,-0.02,-0.06,-0.1,,-0.13
Kevin Castañeda,Guadalajara,Liga MX,2026/2027,230,2.55,7,Right Centre Midfielder,Centre Forward,Man,Mexico,27,27/10/99,170,0,0,0.04,0.02,1.96,0,40,1,,0.05,0,0.09,2.35,0,0.09,2.35,0,0,0,0,0.14,4.31,-0.14,0.78,0.78,0,100,1.96,0,2.35,0.78,0.39,0.71,0.78,0.78,6.27,3.52,0,3.13,45.33,7.44,5.87,1.17,1.57,75,1.83,2.53,0.39,0,0.39,33,0.39,0,4.7,5.59,1.96,1.57,0.78,52.74,1.96,42,1.17,75,0,0,0,56.39,80,5.48,4,74,1.17,7.05,15,78,-2,59.58,8.62,0.61,0.72,50.52,95,5.56,24.28,2.35,1.96,0.39,0.39,1.96,3.92,0,67,1.96,36,0.78,11,81,8,6,87,6,20.17,15.82,0.95,100,-4.35,19.25,15.76,0,0,0,0,0,,0,0,,0,0,0,0,0,0,18,5,12.38,63,0.13,0.11,-0.01,-0.01,,0.22
Óscar Perea,América,Liga MX,2026/2027,227,2.52,5,Left Wing,Right Wing,Man,Colombia,21,26/09/05,174,0.79,0.79,0.37,0.07,5.17,15,54,9,,0.7,0,0.01,0.4,0,0,0,0,0.01,0.4,0.79,0.39,5.56,0.41,3.18,1.99,1.19,63,0.79,0,2.78,3.97,0.4,0.46,0.4,0.55,10.33,5.96,0,2.78,54.19,4.37,2.38,0.79,1.19,50,0.98,1.44,1.19,0,0.79,60,1.19,0,8.34,10.24,1.99,0.79,0.4,50.98,3.97,48,0.79,100,0,0,0,18.68,73,1.19,6,43,0.4,2.78,25,54,-19,68.63,3.97,0.22,0.48,28.21,82,7.07,8.34,1.19,1.19,0,0,2.78,3.97,0,33,0.4,25,0,15,65,19,19,62,19,16.8,9.55,0.99,115,-7.26,16.71,10.95,0,0,0,0,0,,0,0,,0,0,0,0,0,0,35,6,3.38,14,-0.03,0.16,0.01,0.22,,0.36
Luis Gabriel Rey,Guadalajara,Liga MX,2026/2027,224,2.49,6,Centre Back,Right Centre Back,Man,Mexico,24,13/09/02,188,0,0,0.03,0.03,0.8,0,0,0,,0,0,0,0,0,0,0,0,0,0,0,0.03,0.8,-0.03,0,0,0,,0,0,0.8,0,1.21,1.86,2.82,3.76,11.66,3.62,0.16,6.03,22.58,10.06,3.62,2.01,3.22,71,2.92,4.78,0.8,67,0.8,73,3.22,0,8.85,11.95,3.62,1.61,0.8,27.17,1.21,14,0.4,25,0,0,0,60.73,90,3.62,18,64,4.42,4.02,16,64,-26,41.64,2.82,0.26,0.26,47.46,98,3.34,6.84,0,0,0,0,0,0,0,,0,,0,14,82,4,18,76,6,18.92,19.71,0.96,98,0.79,18.21,19.3,0,0,0,0,0,,0,0,,0,0,0,0,0,0,15,7,3.26,20,0.01,0.1,0.24,-0.03,,0.32
Alejandro Alcalá,Querétaro,Liga MX,2026/2027,223,2.47,6,Centre Attacking Midfielder,Right Defensive Midfielder,Man,Mexico,21,19/10/05,170,0,0,0.08,0.07,1.21,0,0,3,,0,0.4,0.25,1.62,0.4,0.25,1.62,0,0,0,0.4,0.34,2.83,0.07,1.21,0.81,0.4,67,0,0,2.02,2.02,0,0,1.21,0.52,15.76,8.08,0,4.45,53.06,6.87,3.23,0.4,0.4,33,0.21,0.21,0,0,0.81,0,0,0,15.36,10.56,3.64,4.04,1.21,56.39,10.1,66,3.64,90,0,0,0,25.46,63,0.4,77,11,2.42,2.42,20,54,-9,57.18,2.83,0.54,0.78,25.06,87,4.42,7.27,0.81,0.81,0,0.81,4.45,5.25,0.4,0,0.4,33,0.81,30,63,8,22,72,6,19.41,21.92,0.76,52,2.51,14.76,11.45,0,0,0,0,0,,0,0,,0,0,0,0,0,0,31,11,8.93,48,0.01,0,0.02,-0.07,,-0.05
Óscar Villa,Puebla,Liga MX,2026/2027,222,2.46,8,Left Back,Left Wing Back,Man,Mexico,26,23/02/01,172,0,0,0.01,0.02,0.41,0,0,0,,0,0,0,0,0,0,0,0,0,0,0,0.01,0.41,-0.01,1.62,1.22,0.41,75,0.41,0,2.03,0.81,0.41,0.29,2.84,2.46,15.43,7.72,0.03,2.44,38.28,6.09,2.84,1.22,1.62,75,0.69,0.98,1.62,0,0.41,17,0.81,0,12.59,8.53,2.03,1.62,0.41,40.21,3.25,26,1.62,100,0.41,0,0,24.77,81,1.62,80,40,3.25,3.66,9,43,-38,53.4,4.47,0.29,0.29,25.18,90,5.87,7.31,1.22,0.81,0.41,0,0,0.81,0,33,0.41,25,0,20,66,14,28,44,28,21.38,22.05,0.89,118,0.67,18.94,26.08,0,0,0,0,0,,0,0,,0,0,0,0,0,0,19,5,3.09,23,0.06,0.04,0.02,-0.01,,0.12
Santiago Simón,Toluca,Liga MX,2026/2027,220,2.45,3,Right Back,,Man,Argentina,24,12/06/02,178,0,0,0,,0,,,0,,0,0,0.09,1.23,0,0.09,1.23,0,0,0,0,0.09,1.23,-0.09,1.64,1.23,0.41,75,0,0,0.82,0.41,1.64,2.5,0.82,1.16,13.09,6.95,0,6.95,36.74,8.18,4.5,2.86,4.5,78,4.15,6.65,0,33,0.82,100,0.82,0,10.22,16.27,4.91,2.04,0.82,40.38,3.68,36,1.23,60,0,0,0,51.94,83,4.5,5,61,1.64,6.54,8,58,-24,50.59,4.91,0.57,0.62,48.67,97,3.43,14.31,0.41,0.41,0,0,1.23,1.64,0,100,0.41,10,0,15,74,11,14,74,11,20.9,19.9,0.92,77,-1,19.2,15.39,0,0,0,0,0,,0,0,,0,0,0,0,0,0,17,4,6.54,34,0.02,0.05,0.05,,,0.12
Luis Valadez,León,Liga MX,2026/2027,218,2.42,5,Centre Attacking Midfielder,Left Centre Midfielder,Man,Mexico,23,03/02/04,174,0,0,0.02,0.06,0.41,0,0,0,,0,0.41,0.12,0.83,0.41,0.12,0.83,0,0,0,0.41,0.14,1.24,0.27,0.41,0.41,0,100,0,0,2.07,0.83,0.41,0.35,1.65,1.32,21.1,13.24,0.03,4.96,37.28,5.79,1.24,1.65,2.07,57,1.3,1.65,0.83,40,1.24,0,0,0,19.03,12.01,4.14,3.31,0,38.3,4.14,22,1.24,38,0,0,0,24.82,83,2.07,12,63,1.65,3.31,9,83,1,49.01,2.48,0.45,0.51,23.58,91,4.62,5.38,0.83,0.41,0.41,0.41,2.07,2.48,0,0,0,0,0,27,56,17,23,54,23,18.37,14.91,0.95,89,-3.45,17.36,13.25,0,0,0,0,0,,0,0,,0,0,0,0,0,0,11,2,3.23,20,-0.01,0.02,0.13,-0.02,,0.12
Iker Benito,Querétaro,Liga MX,2026/2027,217,2.41,5,Left Wing,Left Midfielder,Man,Spain,24,09/08/02,176,0.41,0.41,0.4,0.24,1.66,25,25,2,,0.41,0.41,0.11,0.83,0.41,0.11,0.83,0,0,0,0.83,0.51,2.49,0.31,1.24,0.83,0.41,67,0,0,2.9,2.49,0.41,0.25,0.41,0.08,10.37,5.39,0,2.9,43.86,7.88,2.9,0.41,0.83,50,0.25,0.5,2.49,0,0.41,80,1.66,0,7.47,3.7,1.66,1.66,0.41,47.37,3.73,50,1.66,100,0.41,0,0,29.87,69,2.07,52,56,0.83,3.32,18,38,-30,55.69,4.56,0.79,0.93,26.55,81,7.89,9.96,0.83,0.83,0,0.83,4.15,4.98,0,0,0.41,20,1.24,22,65,14,13,63,25,16.63,12.38,0.98,138,-4.25,16.32,17.03,0,0,0,0,0,,0,0,,0,0,0,0,0,0,34,11,5.14,28,0,0.07,-0.01,0.1,,0.17
Armando González Alba,Guadalajara,Liga MX,2026/2027,217,2.41,3,Left Centre Forward,Right Centre Forward,Man,Mexico,24,19/04/03,182,0,0,0.46,0.14,3.32,0,50,8,,0.5,0,0.03,0.83,0,0.03,0.83,0,0,0,0,0.49,4.15,-0.49,0.42,0.42,0,100,0.42,0,1.25,0.83,0,0,0,0,10.38,3.32,0,2.49,69.97,5.4,4.57,0.42,0.42,50,0.24,0.24,1.25,50,0.42,56,2.08,0,8.72,12.87,2.49,2.08,0.42,71.43,8.3,95,2.08,100,0,0,0,14.53,66,0.42,0,25,0,1.66,21,50,-16,69.29,2.08,0.66,0.72,10.79,88,7,6.64,0.42,0.42,0,0.42,11.21,11.62,0,0,0,0,2.08,8,58,34,6,56,38,16.46,9.52,0.89,86,-6.95,14.67,8.18,0,0,0,0,0,,0,0,,0,0,0,0,0,0,21,11,5.93,23,-0.2,0.08,0.01,0.15,,0.04
Fernando Arce,Toluca,Liga MX,2026/2027,216,2.4,5,Left Defensive Midfielder,Centre Defensive Midfielder,Man,USA,30,26/11/96,176,0,0,0.07,0.05,1.25,0,0,1,,0,0,0.02,0.42,0,0.02,0.42,0,0,0,0,0.09,1.67,-0.09,0,0,0,,1.25,0,0.83,1.25,0,0,2.92,3.82,21.27,11.68,0.04,10.01,38.49,8.34,4.59,3.34,3.34,67,4.89,4.89,0.83,50,1.67,25,0.42,0,17.1,23.95,7.51,4.17,1.67,40.35,4.59,27,2.09,50,0.42,0,0,50.05,87,4.59,16,92,4.17,3.75,8,90,3,46.36,3.34,0.61,0.63,44.63,95,3.11,7.09,0,0,0,0,2.09,2.09,0,,0,,0,12,72,15,29,65,6,18.61,22.78,1,107,4.17,18.66,24.34,0,0,0,0,0,,0,0,,0,0,0,0,0,0,9,3,4.67,30,-0.08,0.08,-0.19,-0.04,,-0.22
Carlos Rotondi,Cruz Azul,Liga MX,2026/2027,215,2.39,3,Left Wing Back,Left Back,Man,Argentina,30,01/03/97,184,0,0,0.16,0.08,2.09,0,60,3,,0.06,0,0.11,1.25,0,0.11,1.25,0,0,0,0,0.27,3.34,-0.27,1.67,1.67,0,100,0.42,0,0.84,0,0.42,0.3,0.42,0.51,11.7,7.1,0.03,4.6,42.16,8.36,4.6,2.09,2.51,100,2.66,2.96,0,100,0,25,0.42,0,9.61,11.84,2.93,1.67,0.42,46.28,4.18,43,0.42,25,0,0,0,37.19,73,1.25,81,43,0.84,2.51,14,73,0,57.81,2.93,0.43,0.57,28.41,97,3.72,9.61,0.84,0.42,0.42,0.42,3.76,4.18,0,50,0.42,11,0.42,20,66,14,22,65,13,18.59,14.45,0.9,91,-4.14,16.74,13.13,0,0,0,0,0,,0,0,,0,0,0,0,0,0,24,6,4.97,22,0.05,0.05,0.03,-0.05,,0.09
Rafael Guerrero,Tigres UANL,Liga MX,2026/2027,215,2.39,5,Left Centre Back,Right Centre Back,Man,Mexico,24,12/01/03,183,0,0,0.05,0.11,0.42,0,0,0,,0,0,0,0,0,0,0,0,0,0,0,0.05,0.42,-0.05,0,0,0,,1.68,0,0.84,0.84,1.26,1.96,0.84,1.4,12.15,5.86,0.09,6.7,25.63,11.31,2.51,2.09,3.35,83,2.87,4.83,0.84,67,0.42,75,2.51,0,9.21,13.64,3.77,0.84,0.42,28.07,1.26,14,0.42,50,0.42,0,0,55.7,93,5.86,14,70,2.09,7.12,10,86,-7,38.84,2.51,0.18,0.18,46.91,97,4.6,3.35,0,0,0,0.42,1.68,1.68,0.42,,0.42,50,0.42,15,81,4,25,63,13,23.04,21.95,0.94,69,-1.09,21.62,15.04,0,0,0,0,0,,0,0,,0,0,0,0,0,0,9,4,2.05,15,0.02,0.06,-0.3,-0.04,,-0.25
Andrés Gudiño,Cruz Azul,Liga MX,2026/2027,207,2.3,2,Goalkeeper,,Man,Mexico,30,26/01/97,185,0,0,0,,0,,,0,,0,0,0,0,0,0,0,0,0,0,0,0,0,0,0,0,0,,0.43,0,0,0,0,0,0,0,0.43,0,0,6.52,1.95,2.17,0,0,0,,0,0,0.43,,0,,0,0,0,0,0,0,0,,0,,0,,0,0,0,13.92,70,4.78,7,44,3.48,7.39,20,44,-25,13.99,0.43,0.1,0.1,13.05,97,3.32,0.43,0,0,0,0,0,0,0,,0,,0,39,61,0,0,100,0,42.15,51.24,0.68,72,9.09,28.87,36.98,1.74,0.89,-0.85,67,83,-16,0.68,5.22,44,11.74,1.57,0.87,0.87,21.67,-6,26,0,0.78,4,0.04,0.04,-0.01,,-1.18,-1.12
Sebastián Cáceres,América,Liga MX,2026/2027,206,2.29,2,Left Centre Back,,Man,Uruguay,27,17/08/99,180,0,0,0,,0,,,0,,0,0,0,0,0,0,0,0,0,0,0,0,0,0,0,0,0,,0.44,0,0,0.44,1.31,1.56,5.67,7.11,14.84,4.8,0.04,4.8,30.13,9.6,2.18,2.18,3.49,100,2.51,4.07,0.87,100,0,63,2.18,0,11.78,14.04,3.93,2.18,0.87,34.75,3.05,26,1.75,80,0,0,0,38.4,85,6.55,17,94,6.11,6.55,7,50,-35,33,1.31,0.27,0.27,27.93,98,4.22,1.75,0,0,0,0,0.44,0.44,0,,0,,0,16,79,4,0,100,0,25.52,30.93,1.03,125,5.41,26.27,38.56,0,0,0,0,0,,0,0,,0,0,0,0,0,0,20,8,3.32,19,0.04,-0.25,-0.01,,,-0.23
Stefan Medina,Monterrey,Liga MX,2026/2027,205,2.28,4,Left Centre Back,Centre Attacking Midfielder,Man,Colombia,34,13/06/92,176,0,0,0,,0,,,0,,0,0,0,0.44,0,0,0.44,0,0,0,0,0,0.44,0,0.44,0.44,0,100,0.44,0,0,0.44,0.88,1.25,4.39,6.4,12.29,4.39,0,1.32,27.19,6.58,2.19,1.76,2.63,67,2.33,3.58,3.07,50,0.88,86,2.63,0,7.46,8.66,1.32,1.32,0,32.18,1.76,24,0.88,67,0.44,0,0.44,52.67,88,3.95,19,50,4.39,7.9,6,75,-13,33.78,3.07,0.55,0.55,41.26,100,4.33,3.07,0,0,0,0,0,0,0,,0,,0,24,70,6,71,29,0,24.5,20.05,0.91,97,-4.45,22.4,19.36,0,0,0,0,0,,0,0,,0,0,0,0,0,0,13,6,2.85,16,0.06,0.04,0.01,,,0.11
Rogelio Andrés González Román,Cruz Azul,Liga MX,2026/2027,205,2.28,5,Right Wing Back,Right Back,Man,Mexico,22,04/02/05,169,0,0,0.04,0.05,0.88,0,0,0,,0,0,0.01,0.44,0,0.01,0.44,0,0,0,0,0.05,1.32,-0.05,1.76,0.88,0.88,50,0.88,0,3.08,0.88,1.32,1.69,0.88,1.02,18.89,9.66,0,4.83,43.51,10.1,6.59,3.51,4.83,80,4.69,6.38,0.88,50,0.88,25,0.44,0,14.5,19.54,3.95,2.2,0.44,46.31,8.79,61,1.76,80,0,0,0,45.69,80,2.2,8,33,1.32,6.15,13,76,-4,55.82,2.64,0.8,0.85,47.01,92,5.53,13.62,1.32,1.32,0,0.88,4.83,6.15,0,33,0.44,10,1.32,11,72,17,13,65,23,19.14,16.3,0.87,88,-2.84,16.67,14.32,0,0,0,0,0,,0,0,,0,0,0,0,0,0,12,6,6.59,27,-0.02,0.19,0.02,-0.06,,0.13
Alan Mozo,Cruz Azul,Liga MX,2026/2027,204,2.27,4,Right Wing Back,,Man,Mexico,30,04/04/97,175,0,0,0,,0,,,0,,0,0,0.02,0.88,0,0.02,0.88,0,0,0,0,0.02,0.88,-0.02,0.88,0,0.88,0,0.44,0,0.88,1.76,1.76,2.27,1.76,1.93,11.91,5.74,0,3.97,34.78,7.94,3.53,1.76,3.53,57,2.08,4.34,2.21,0,1.32,67,0.88,0,7.94,8.49,2.21,2.21,0,38.87,2.21,28,1.76,80,0,0,0,35.29,71,1.76,7,31,1.76,5.74,9,75,4,53.21,2.65,0.4,0.42,30.88,91,4.42,9.26,0.88,0.88,0,0,0.44,1.32,0,100,0.88,25,0,18,74,8,14,71,14,19.98,12.25,0.89,111,-7.73,17.71,13.61,0,0,0,0,0,,0,0,,0,0,0,0,0,0,32,9,5.21,33,0.02,0.06,0.07,,,0.15
Sebastián Córdova,Pumas UNAM,Liga MX,2026/2027,202,2.25,3,Centre Attacking Midfielder,Left Centre Midfielder,Man,Mexico,29,11/06/97,172,0.44,0.44,0.06,0.03,2.22,20,20,4,,0.15,0,0.06,1.33,0,0.06,1.33,0,0,0,0.44,0.12,3.56,0.33,0,0,0,,1.33,0,2.67,2.67,0,0,0.44,0.18,16.45,4,0,3.56,50.58,5.33,3.11,1.33,1.33,50,1.51,1.51,2.22,0,1.33,50,0.44,0,12.89,13.06,3.11,5.33,1.33,50.37,5.78,45,3.56,67,0,0,0,23.11,63,0.89,40,18,0.44,4.89,6,75,12,63.02,4.45,0.61,0.64,25.78,84,4.54,9.78,1.33,0.89,0.44,0,2.67,3.56,0,0,0,0,0.44,15,72,12,18,73,9,20.17,11.06,0.85,81,-9.11,17.05,8.96,0,0,0,0,0,,0,0,,0,0,0,0,0,0,26,3,5.69,38,-0.1,-0.01,0.02,0.02,,-0.07
Daniel Piña,Juárez,Liga MX,2026/2027,202,2.24,2,Left Centre Back,,Man,Chile,25,15/11/01,188,0,0,0,,0,,,0,,0,0,0,0,0,0,0,0,0,0,0,0,0,0,0,0,0,,0,0,0,0,0.45,0.34,5.35,3.67,8.46,4.9,0.1,4.45,23.09,10.25,0.89,1.78,2.23,100,1.27,1.6,0.45,100,0,80,1.78,0,6.24,4.26,3.12,0.45,0.45,29.28,0.89,14,0.45,100,0,0,0,38.31,72,7.57,73,55,6.68,12.47,9,33,-39,35.82,4.9,0.12,0.12,27.62,100,5.78,4.45,0.45,0.45,0,0,0.45,0.89,0,0,0,0,0,29,67,4,50,50,0,28.71,27.74,0.87,47,-0.97,25.06,13.15,0,0,0,0,0,,0,0,,0,0,0,0,0,0,31,9,1.96,11,0.07,0.04,0.11,,,0.22
Alejandro Zendejas,América,Liga MX,2026/2027,200,2.22,3,Right Midfielder,Centre Attacking Midfielder,Man,USA,29,06/02/98,167,0,0,0.1,0.04,2.25,0,40,2,,0.06,0,0.15,3.15,0,0.11,2.25,0,0.05,0.9,0,0.25,5.4,-0.25,3.15,1.35,1.8,43,0.9,0,1.35,3.6,0.45,0.38,0.45,0.38,14.84,7.2,0,5.85,49.23,10.34,7.65,2.25,2.7,100,2.1,2.48,0.9,100,0,50,0.45,0,11.69,11.66,4.95,2.25,1.8,50.56,5.85,50,1.8,80,0,0,0,42.73,79,2.7,86,60,0.9,4.05,15,69,-10,64.47,6.75,0.33,0.65,38.23,91,5.18,19.79,3.6,2.25,1.35,0.45,2.7,4.95,0,13,0.45,33,0.9,16,71,13,20,66,14,18.33,13.15,0.94,124,-5.18,17.27,16.31,0,0,0,0,0,,0,0,,0,0,0,0,0,0,20,7,11.78,53,0.11,0.07,0.04,-0.08,,0.13
Fernando Tapia,América,Liga MX,2026/2027,198,2.2,2,Goalkeeper,,Man,Mexico,25,16/06/01,185,0,0,0,,0,,,0,,0,0,0,0,0,0,0,0,0,0,0,0,0,0,0,0,0,,0,0,0,0,0,0,0,0,0,0,0,8.19,2.97,4.55,0,0,0,,0,0,0,,0,,0,0,0,0,0,0,0,,0,,0,,0,0,0,16.38,79,3.19,17,35,1.37,7.74,8,40,-39,9.86,0,0.13,0.13,13.2,100,6.75,0,0,0,0,0,0,0,0,,0,,0,28,72,0,,,,36.01,43.09,0.75,53,7.08,26.93,22.65,0,0.26,0.26,100,94,6,0.74,4.1,25,16.38,1.52,0,0,26.72,-6,7,0,1.37,6,0.1,0.03,,,0.17,0.3
Andrés Montaño,Cruz Azul,Liga MX,2026/2027,195,2.17,6,Centre Attacking Midfielder,Left Centre Midfielder,Man,Mexico,25,21/05/02,175,0,0,0.1,0.05,2.3,0,0,2,,0,0.92,0.2,1.38,0.92,0.2,1.38,0,0,0,0.92,0.3,3.69,0.62,1.84,1.84,0,100,0.92,0,0.92,1.84,0,0,0.46,0.68,11.52,4.61,0,1.84,57.25,7.84,4.61,0.92,0.92,100,1.13,1.13,1.38,100,0,50,0.46,0,10.14,12.8,1.84,4.61,1.38,56.14,5.99,59,3.69,80,0.46,0,0,35.49,74,3.69,84,53,1.84,5.53,27,68,-6,57.46,4.15,0.54,0.63,37.33,94,6.61,11.98,4.15,4.15,0,0,1.38,5.53,0.46,33,1.38,50,0,22,65,12,23,69,8,23.35,20.14,0.95,108,-3.22,22.15,21.73,0,0,0,0,0,,0,0,,0,0,0,0,0,0,20,9,6.78,42,0.08,0.16,0.01,-0.06,,0.19
Roberto de la Rosa,Monterrey,Liga MX,2026/2027,190,2.12,5,Centre Attacking Midfielder,Left Centre Forward,Man,Mexico,27,03/01/00,175,0.47,0.47,0.54,0.19,2.84,17,17,6,,0.38,0,0.05,0.47,0,0.05,0.47,0,0,0,0.47,0.59,3.31,-0.12,0,0,0,,0,0,2.36,1.89,0,0,0,0,15.6,8.04,0,2.36,70.28,2.36,1.89,0.47,0.47,100,0.72,0.72,0.95,,0,,0,0,14.18,23.62,2.36,4.26,1.42,69.1,11.82,83,3.78,89,0,0,0,15.13,75,1.89,8,100,0.95,0.95,22,50,-25,57.84,2.36,0.49,0.82,14.66,77,5.73,5.67,0.95,0.95,0,0.47,7.57,8.51,0,0,0.47,100,0.47,11,78,11,17,75,8,17.66,21.73,1.13,165,4.07,19.93,35.76,0,0,0,0,0,,0,0,,0,0,0,0,0,0,33,11,3.36,13,-0.02,-0.07,0.09,-0.01,,-0.01
Miguel Gómez,Guadalajara,Liga MX,2026/2027,189,2.1,4,Right Centre Back,Left Wing Back,Man,Mexico,24,28/09/02,173,0,0,0.03,0.07,0.48,0,100,1,,0.09,0,0.11,0.95,0,0.11,0.95,0,0,0,0,0.14,1.43,-0.14,0,0,0,,3.34,0,0.95,0.48,1.43,1.47,2.86,3.94,28.15,15.74,0,9.07,34.75,7.16,3.34,3.82,5.25,80,5.06,6.54,2.86,0,0.95,100,0.95,0,21.47,26.36,6.2,1.91,0.95,33.98,5.25,24,0.48,25,0.48,0,0,45.33,86,0.95,11,29,4.29,1.91,15,56,-30,50.67,4.77,0.57,0.71,40.55,96,4.53,10.97,2.39,1.91,0.48,0,0,1.91,0,20,0.48,100,0,19,74,7,9,87,4,18.65,19.86,0.91,84,1.21,17.06,16.61,0,0,0,0,0,,0,0,,0,0,0,0,0,0,18,8,6.25,34,0.2,0.05,-0.33,-0.01,,-0.09
Luifer Hernández,Puebla,Liga MX,2026/2027,188,2.09,7,Centre Forward,Left Centre Forward,Man,Venezuela,26,27/04/01,180,0,0,0.34,0.18,1.92,0,50,6,,0.4,0.48,0.39,2.4,0.48,0.39,2.4,0,0,0,0.48,0.72,4.31,-0.24,1.44,0.48,0.96,33,0.96,0,1.44,4.31,0,0,0,0,14.85,5.27,0,1.44,66.68,3.35,1.44,0,0,,0,0,0,,0,33,0.96,0,14.85,8.43,1.44,3.83,0.48,66.68,11.5,77,2.87,75,0,0,0,12.93,90,0,25,,0,0,17,60,-30,61.16,0.96,0.08,0.74,16.29,76,5.55,6.71,0,0,0,0.48,6.23,6.23,0,,0.48,100,0.96,7,63,30,0,64,36,13.72,14.31,1.05,125,0.59,14.46,17.87,0,0,0,0,0,,0,0,,0,0,0,0,0,0,23,17,4.31,31,0.13,-0.09,,0.16,,0.21
Francisco Reyes,Tigres UANL,Liga MX,2026/2027,187,2.08,3,Left Back,,Man,Mexico,28,03/10/98,183,0,0,0.06,0.12,0.48,0,0,0,,0,0,0.03,0.96,0,0.03,0.96,0,0,0,0,0.09,1.44,-0.09,0.48,0.48,0,100,0.96,0,0.48,0.48,0.48,0.59,1.92,3.1,11.53,5.28,0,5.28,34.24,8.65,2.88,1.44,1.92,100,1.47,2.06,1.44,,0,57,1.92,0,8.65,7.79,4.32,2.4,1.44,39.13,3.84,44,1.44,60,0,0,0,36.99,84,3.36,83,100,1.92,3.36,9,75,-9,52.43,7.21,0.15,0.17,31.71,97,3.84,13.93,0.48,0.48,0,0,2.4,2.88,0,100,0.48,50,0.48,23,63,14,17,69,14,18.85,14.9,1.05,118,-3.94,19.87,17.61,0,0,0,0,0,,0,0,,0,0,0,0,0,0,19,6,5.72,32,0.13,0.05,-0.3,-0.07,,-0.19
Diego García,América,Liga MX,2026/2027,187,2.08,4,Right Wing,,Man,Mexico,23,29/04/04,174,0.48,0.48,0.21,0.04,4.82,10,10,5,,0.38,0,0.01,0.48,0,0.01,0.48,0,0,0,0.48,0.23,5.3,0.26,5.3,3.37,1.93,64,0,0,1.93,2.89,0.48,0.56,0.48,0.56,22.16,11.56,0,2.89,49.52,4.34,2.41,1.93,2.41,40,2.24,2.8,1.45,0,2.89,33,0.48,0,18.79,22.75,2.41,3.37,0,51.14,9.63,51,1.93,57,0,0,0,26.01,71,1.45,46,50,0.96,2.41,11,33,-38,69.28,4.34,0.29,0.62,32.27,85,6.62,13.49,0.96,0.96,0,0.48,5.3,6.26,0,50,0.48,13,0.48,9,78,13,7,82,11,16.87,19.78,0.95,69,2.9,15.96,13.65,0,0,0,0,0,,0,0,,0,0,0,0,0,0,24,5,4.19,21,0.07,0.12,0,0.06,,0.24
Pável Pérez,Toluca,Liga MX,2026/2027,181,2.01,4,Left Wing Back,Centre Attacking Midfielder,Man,Mexico,28,25/06/98,168,0,0,0.02,0.05,0.5,0,0,1,,0,0,0.06,1.49,0,0.06,1.49,0,0,0,0,0.08,1.99,-0.08,2.48,1.99,0.5,80,0.99,0,1.49,1.49,0.99,1.22,1.99,2.15,26.33,12.92,0,9.94,42.71,5.96,2.98,3.48,4.47,78,3.55,4.76,0.99,33,0.99,50,0.99,0,21.86,26.07,8.94,7.45,2.48,43.67,8.45,39,2.98,40,0,0,0,35.27,88,0.5,13,50,1.99,0.99,27,85,-3,58.32,2.98,0.24,0.28,36.26,93,6.17,12.42,1.49,1.49,0,0,1.49,2.98,0.99,0,0,0,0.99,14,62,24,24,56,20,15.89,13.81,1,106,-2.09,15.97,14.61,0,0,0,0,0,,0,0,,0,0,0,0,0,0,11,8,8.49,46,-0.09,0.05,0,-0.03,,-0.07
Edwin Cerrillo,América,Liga MX,2026/2027,181,2.01,4,Right Defensive Midfielder,,Man,USA,26,02/10/00,178,0,0,0,,0,,,0,,0,0,0.01,0.5,0,0.01,0.5,0,0,0,0,0.01,0.5,-0.01,1.5,1,0.5,67,1.5,0,0.5,0.5,0.5,0.58,1,1.28,16.45,9.97,0.04,4.99,37.56,11.47,4.99,1.5,1.99,100,1.69,2.27,1,100,0,100,0.5,0,14.46,15.14,3.99,3.49,1,40.78,4.99,34,1,29,0,0,0,41.38,83,3.49,12,70,1,4.99,5,75,-8,46.64,4.99,0.15,0.15,33.9,97,4.27,6.98,0,0,0,0,0,0,0,,0,,0,14,77,8,29,71,0,19.74,12.78,0.98,126,-6.96,19.27,16.09,0,0,0,0,0,,0,0,,0,0,0,0,0,0,21,11,1.65,7,-0.01,0.11,0.1,,,0.2
Kevin Rosero,Necaxa,Liga MX,2026/2027,177,1.96,4,Right Wing Back,Right Midfielder,Man,Colombia,28,02/12/98,178,0,0,0.02,0.02,1.02,0,0,1,,0,0,0.11,1.02,0,0.11,1.02,0,0,0,0,0.12,2.04,-0.12,2.55,1.53,1.02,60,1.02,0,2.04,3.57,0,0,0.51,0.32,17.84,4.08,0,4.59,40.27,10.7,4.59,2.04,2.04,80,1.29,1.29,1.53,50,0.51,33,0.51,0,14.27,12.25,4.08,3.06,1.53,40.79,4.59,32,1.53,50,0,0,0,32.62,73,0.51,24,20,1.02,2.04,24,71,-2,57.43,3.57,0.2,0.29,36.7,86,5.72,9.68,0.51,0.51,0,0.51,2.55,3.06,0,0,0.51,14,0.51,27,49,24,26,47,26,16.95,16.65,0.87,82,-0.3,14.68,13.64,0,0,0,0,0,,0,0,,0,0,0,0,0,0,31,10,3.42,31,0.17,0.1,-0.02,-0.03,,0.22
Edgar Saúl Jiménez Sánchez,Atlante,Liga MX,2026/2027,175,1.94,3,Left Wing Back,Left Back,Man,Mexico,26,27/03/01,174,0,0,0.02,0.04,0.51,0,0,0,,0,0,0.07,0.51,0,0.07,0.51,0,0,0,0,0.09,1.03,-0.09,0.51,0,0.51,0,0.51,0,1.03,1.54,1.54,0.8,1.54,0.77,19.02,9.77,0.07,5.66,35.45,10.28,3.09,4.11,5.66,80,2.37,3.16,0.51,60,1.03,50,0.51,0,14.4,8.01,5.14,2.57,1.54,33.69,2.57,18,1.54,60,0.51,0,0,39.59,66,4.11,29,62,2.57,5.66,27,67,1,54.6,6.68,0.38,0.45,35.48,96,4.87,10.28,1.03,1.03,0,0,0,1.03,0,50,0.51,20,0,35,55,10,55,35,10,21.19,18.28,0.93,103,-2.9,19.69,18.84,0,0,0,0,0,,0,0,,0,0,0,0,0,0,28,8,4.01,28,0.2,0.05,0.12,-0.03,,0.34
Israel Luna,Pumas UNAM,Liga MX,2026/2027,174,1.93,5,Left Centre Midfielder,Right Defensive Midfielder,Man,Mexico,25,22/03/02,178,0,0,0.27,0.09,3.11,0,67,2,,0.52,0,0,0,0,0,0,0,0,0,0,0.27,3.11,-0.27,0,0,0,,3.11,0,1.04,0.52,1.04,0.69,1.04,1.13,28.53,13.49,0.06,6.22,41.49,10.37,4.15,2.07,3.11,100,1.81,2.49,4.67,100,0,100,0.52,0,21.78,18.79,5.19,3.63,0.52,43.09,8.3,38,1.56,43,0.52,0,0,36.83,89,5.19,13,71,1.56,6.74,10,86,-3,49.42,3.63,0.21,0.45,35.79,97,4.86,7.26,0.52,0.52,0,0,3.11,3.63,0,0,0,,0,11,81,8,14,64,21,22.51,23.88,0.9,66,1.37,20.3,15.83,0,0,0,0,0,,0,0,,0,0,0,0,0,0,14,7,3.84,21,0.04,0.12,0.07,0.28,,0.5
Joaquín Moxica,Atlante,Liga MX,2026/2027,173,1.92,7,Left Centre Midfielder,Left Centre Forward,Man,Mexico,21,26/01/06,176,0,0,0.24,0.07,3.64,0,0,5,,0,0,0,0,0,0,0,0,0,0,0,0.24,3.64,-0.24,1.04,0.52,0.52,50,1.04,0,2.6,2.6,0.52,0.68,0.52,0.68,28.07,11.95,0,4.68,58.91,6.76,5.2,0.52,1.04,33,0.68,1.36,1.56,0,1.04,40,3.12,0,25.99,21.33,4.68,3.64,0,59.24,18.71,72,3.64,100,0.52,0,0,17.67,59,0,22,0,0.52,0.52,36,43,-16,62.18,1.04,0.32,0.35,17.67,76,7.81,4.68,0,0,0,0.52,6.24,6.24,0,,0,0,0,15,64,21,22,56,22,13.26,10.4,1.01,77,-2.86,13.44,7.96,0,0,0,0,0,,0,0,,0,0,0,0,0,0,49,15,2.6,13,-0.03,0.06,0,-0.22,,-0.18
José Castillo,Guadalajara,Liga MX,2026/2027,172,1.91,2,Left Centre Back,,Man,Mexico,25,01/12/01,179,0,0,0.04,0.07,0.52,0,0,0,,0,0,0.05,0.52,0,0.05,0.52,0,0,0,0,0.09,1.05,-0.09,0,0,0,,0,0,0,0,0.52,0.86,2.62,4.73,10.47,3.66,0,2.62,40.34,14.13,3.66,1.05,1.57,100,1.83,2.68,1.57,100,0,100,2.62,0,7.85,13.3,2.09,2.09,1.05,46.59,4.19,53,1.57,75,0,0,0,73.78,88,1.05,18,25,3.66,3.14,15,74,-15,46.66,5.23,0.8,0.89,57.56,100,4.96,17.79,2.09,2.09,0,0.52,2.62,4.71,0,0,0,0,0.52,22,72,6,18,74,9,16.54,18.47,0.93,105,1.93,15.42,19.44,0,0,0,0,0,,0,0,,0,0,0,0,0,0,16,8,10.05,40,0.14,0.09,-0.02,-0.02,,0.2
Kevin Zenon,Atlas,Liga MX,2026/2027,172,1.91,2,Left Wing Back,Right Midfielder,Man,Argentina,25,29/07/01,181,0,0,0.1,0.09,1.05,0,0,1,,0,0.52,0.42,5.24,0.52,0.14,2.62,0,0.27,2.62,0.52,0.51,6.29,0.01,1.57,1.05,0.52,67,0.52,0,2.1,3.15,0,0,0,0,4.72,1.05,0,2.1,51.63,7.34,4.2,0,0,,0,0,0.52,,0,100,0.52,0,4.2,5.47,1.57,2.1,0.52,51.75,2.62,63,1.57,75,0,0,0,47.2,63,5.24,79,36,2.1,12.59,14,53,-9,61.55,5.24,0.79,0.82,49.83,91,4.89,15.73,5.24,2.62,2.62,0.52,3.15,5.77,0.52,10,1.05,25,1.05,19,72,9,27,60,13,25.24,24.26,0.84,76,-0.97,21.16,18.55,0,0,0,0,0,,0,0,,0,0,0,0,0,0,34,3,9.39,41,0.45,0.08,0.01,-0.2,,0.34
Lucas Di Yorio,Santos Laguna,Liga MX,2026/2027,169,1.88,3,Centre Forward,,Man,Argentina,30,21/11/96,190,0.53,0.53,0.81,0.31,2.66,20,40,6,,1.01,0,0.01,0.53,0,0.01,0.53,0,0,0,0.53,0.82,3.19,-0.29,1.59,1.06,0.53,67,0,0,4.78,4.25,0.53,0.67,0.53,0.36,17.54,8.5,0,2.66,66.67,4.25,4.25,1.06,1.59,67,0.84,1.52,2.13,0,0.53,29,1.06,0,14.35,14.41,2.66,3.19,0,70.8,12.76,89,2.13,67,0,0,0,18.07,68,1.06,10,67,0.53,1.59,29,64,-5,60.57,1.59,0.54,0.85,18.07,65,6.34,4.78,0.53,0.53,0,0,6.91,7.44,0.53,0,0,0,0,13,66,21,11,67,22,17.94,12.4,0.88,91,-5.53,15.82,11.28,0,0,0,0,0,,0,0,,0,0,0,0,0,0,34,21,1.49,16,-0.06,-0.08,0.04,0.63,,0.52
Omar Moreno,Puebla,Liga MX,2026/2027,168,1.87,6,Right Wing,Left Wing,Man,Mexico,22,29/01/05,175,0,0,0.03,0.02,1.61,0,33,4,,0.02,0,0,0.54,0,0,0.54,0,0,0,0,0.03,2.14,-0.03,1.07,1.07,0,100,0.54,0,5.89,2.14,0,0,1.61,1.64,11.25,5.89,0.05,3.21,42.57,6.96,3.75,0.54,0.54,100,0.34,0.34,0,,0,0,0,0,10.71,9.01,2.68,2.68,0,48.75,4.82,45,1.61,60,0,0,0,19.81,68,0.54,21,25,2.14,1.61,35,54,-14,70.11,2.14,0.07,0.11,25.17,72,6.22,8.57,0,0,0,1.07,2.14,2.14,0,,0.54,50,1.07,11,54,35,6,44,50,14.72,8.19,0.84,81,-6.54,12.44,6.65,0,0,0,0,0,,0,0,,0,0,0,0,0,0,27,8,2.57,20,0.03,-0.01,0.09,-0.04,,0.07
Jorge Berlanga,Pachuca,Liga MX,2026/2027,167,1.86,2,Right Centre Back,,Man,Mexico,23,17/07/03,180,0,0,0,0.01,0.54,0,0,1,,0,0,0,0,0,0,0,0,0,0,0,0,0.54,0,0,0,0,,0,0,0,0,1.62,0.95,4.85,2.36,13.47,7.55,0.08,5.93,27.11,3.77,0,2.16,3.77,67,1.11,2.06,2.16,33,1.08,60,1.62,0,9.16,5.82,4.31,3.23,0,31.05,1.62,18,1.08,33,0,0,0,32.88,85,2.16,14,44,4.85,4.85,5,100,15,39.17,1.62,0.24,0.24,28.57,100,4.67,1.62,0,0,0,0,1.08,1.08,0,,0,,0.54,23,70,7,0,100,0,24.75,21.87,0.88,100,-2.88,21.78,21.87,0,0,0,0,0,,0,0,,0,0,0,0,0,0,18,5,1.83,10,-0.01,0.02,0.04,-0.02,,0.03
Luis Gómez,Santos Laguna,Liga MX,2026/2027,167,1.85,4,Left Midfielder,,Man,Mexico,20,01/01/07,177,0,0,0.07,0.04,1.62,0,0,2,,0,0,0.09,1.08,0,0.09,1.08,0,0,0,0,0.16,2.7,-0.16,0,0,0,,1.62,0,3.24,2.7,0,0,0.54,0.74,31.29,12.95,0,9.71,50.13,6.47,2.7,3.24,3.24,86,3.23,3.23,1.62,0,0.54,40,1.08,0,27.51,21.55,8.63,5.39,2.7,49.6,11.87,43,3.24,60,0.54,0,0,32.37,79,0.54,9,50,1.08,0.54,34,62,-17,52.8,3.78,0.32,0.42,30.21,84,5.48,10.79,1.08,1.08,0,0,1.08,2.16,0,50,0.54,33,0,8,70,21,15,75,10,16.31,16.45,1.01,120,0.13,16.39,19.75,0,0,0,0,0,,0,0,,0,0,0,0,0,0,28,11,5.07,25,0.02,0.02,0.02,-0.08,,-0.03
Alberto Herrera,Puebla,Liga MX,2026/2027,166,1.84,3,Left Defensive Midfielder,Left Centre Midfielder,Man,Mexico,26,22/02/01,174,0,0,0.03,0.05,0.54,0,100,2,,0.25,1.09,0.09,1.63,1.09,0.09,1.63,0,0,0,1.09,0.11,2.17,0.97,0.54,0.54,0,100,1.09,0,0,1.09,1.63,0.66,1.09,0.44,17.92,10.32,0,1.63,41.38,4.35,1.63,1.09,2.72,67,0.43,1.09,2.72,0,0.54,0,0,0,14.12,5.69,1.09,3.8,0,40.65,2.17,15,1.09,29,0,0,0,16.29,84,1.09,61,67,1.09,1.63,6,100,16,49.74,1.63,0.4,0.56,12.49,91,3.05,3.26,0,0,0,0.54,2.72,2.72,0,,0,,0.54,19,61,19,0,67,33,17.16,15.33,1.02,100,-1.83,17.44,15.33,0,0,0,0,0,,0,0,,0,0,0,0,0,0,26,16,4.13,35,-0.01,0.01,0,0.13,,0.13
Carlos Gruezo,Santos Laguna,Liga MX,2026/2027,165,1.83,2,Left Defensive Midfielder,,Man,Ecuador,32,18/04/95,176,0,0,0.03,0.06,0.55,0,0,1,,0,0,0,0,0,0,0,0,0,0,0,0.03,0.55,-0.03,0,0,0,,0,0,0,1.64,2.18,2.44,0.55,0.37,22.35,13.08,0,8.18,39.27,7.63,5.45,5.45,7.63,83,5.29,7.74,1.64,33,1.09,,0,0,15.26,15.15,7.09,3.82,2.18,41.71,4.36,29,1.09,29,0.55,0,0,28.89,80,1.09,10,67,0.55,1.64,7,75,-5,43.15,2.18,0.7,0.7,20.17,95,3.55,3.27,0,0,0,0,1.09,1.09,0,,0,,0,30,56,15,33,67,0,19.56,13.68,0.99,103,-5.87,19.3,14.14,0,0,0,0,0,,0,0,,0,0,0,0,0,0,9,4,3.16,36,-0.03,0.01,0.03,-0.05,,-0.04
Frank Boya,Tijuana,Liga MX,2026/2027,164,1.83,4,Right Centre Midfielder,Right Centre Back,Man,Cameroon,30,30/06/96,194,0,0,0.15,0.09,1.64,0,0,4,,0,0,0.13,1.1,0,0.13,1.1,0,0,0,0,0.29,2.74,-0.29,0.55,0.55,0,100,1.1,0,0,1.1,1.1,0.32,5.48,2.09,12.05,7.12,0.04,4.38,23.15,4.38,1.64,1.1,2.19,100,0.32,0.64,1.64,,0,67,4.38,0,9.31,4.07,2.74,1.64,0.55,31.39,1.1,12,0.55,33,0,0,0,19.72,70,1.1,14,50,6.57,1.1,30,64,-7,41.76,1.64,0.17,0.37,8.22,93,2.89,2.74,0,0,0,1.1,4.93,4.93,0,,0,,1.1,24,65,11,20,80,0,19.63,19.59,0.95,87,-0.05,18.61,17,0,0,0,0,0,,0,0,,0,0,0,0,0,0,38,14,1.86,14,-0.01,0.02,-0.41,-0.13,,-0.52
César Garza,Monterrey,Liga MX,2026/2027,164,1.82,2,Left Defensive Midfielder,Right Centre Midfielder,Man,Mexico,21,30/06/05,174,0.55,0.55,0.13,0.12,1.1,50,50,1,,0.52,0,0.06,0.55,0,0.06,0.55,0,0,0,0.55,0.19,1.65,0.36,1.1,0.55,0.55,50,0,0,1.1,1.65,2.2,2.29,1.1,1.57,24.72,13.73,0.04,13.18,39.37,13.18,6.04,3.3,5.49,67,4.43,6.72,2.2,25,1.65,50,1.1,0,19.22,22.65,9.34,4.94,2.2,40.24,6.59,34,2.75,56,0.55,0,0,39.54,85,2.75,22,63,1.1,4.39,19,86,1,44.52,3.3,0.33,0.33,28.56,94,4.7,4.94,0.55,0.55,0,0.55,2.75,3.3,0.55,0,0.55,100,0.55,22,64,15,44,56,0,20.34,15.65,0.97,104,-4.69,19.75,16.26,0,0,0,0,0,,0,0,,0,0,0,0,0,0,16,3,2.8,21,0.18,0.02,0.18,0,,0.39
Waldo Madrid,Querétaro,Liga MX,2026/2027,160,1.78,5,Right Wing Back,Right Back,Man,Mexico,23,24/08/03,182,0,0,0.06,0.06,1.12,0,100,3,,0.08,0,0.07,1.69,0,0.07,1.69,0,0,0,0,0.14,2.81,-0.14,1.69,0.56,1.12,33,1.12,0,0,3.37,0,0,1.12,0.43,12.92,6.18,0,4.49,42.92,4.49,2.25,2.25,2.25,100,1.37,1.37,1.12,,0,25,0.56,0,9.55,5.51,4.49,2.25,1.12,44.11,3.93,41,1.69,75,0,0,0,22.47,55,1.69,21,30,2.25,4.49,10,50,-5,72.05,2.81,0.38,0.47,21.91,87,6.78,8.43,1.12,1.12,0,1.12,2.81,3.93,0,50,2.25,44,1.12,24,69,7,13,80,7,22.71,27.5,0.84,99,4.79,19.12,27.15,0,0,0,0,0,,0,0,,0,0,0,0,0,0,31,12,3.88,25,0.09,0.1,0.04,-0.01,,0.21
Unai Bilbao,Tijuana,Liga MX,2026/2027,159,1.77,3,Centre Back,Right Centre Back,Man,Spain,33,03/02/94,192,0,0,0,,0,,,0,,0,0,0,0,0,0,0,0,0,0,0,0,0,0,0,0,0,,0,0,0,1.13,1.69,0.76,11.85,6.86,6.77,4.52,0.05,3.95,18.61,5.64,2.26,0,1.69,,0,0.76,0.56,,0,67,2.26,0,6.21,3.04,2.82,0.56,0.56,24.49,0,0,0,0,0,0,0,31.05,91,5.08,68,75,12.98,5.64,9,100,9,33.39,0.56,0.07,0.07,25.97,98,5.62,1.13,0,0,0,0,0,0,0,,0,,0,16,84,0,0,100,0,24.89,28.54,0.96,100,3.64,23.98,28.54,0,0,0,0,0,,0,0,,0,0,0,0,0,0,14,5,1.98,9,0.04,0.03,0.02,,,0.09
Alejandro Cárdenas,América,Liga MX,2026/2027,158,1.75,5,Centre Forward,Right Centre Forward,Man,Mexico,20,27/07/06,189,0.57,0.57,0.19,0.07,2.85,20,100,3,,0.36,0,0.12,2.85,0,0.12,2.85,0,0,0,0.57,0.31,5.71,0.26,0.57,0,0.57,0,1.14,0,1.71,1.71,0.57,0.62,2.28,2.62,12.56,5.71,0,3.43,49.78,3.43,1.71,0.57,1.14,100,0.66,1.29,0.57,,0,61,6.28,0,11.42,13.09,2.28,1.71,0,55.6,7.42,65,1.71,100,0,0,0,21.69,79,1.71,13,75,2.28,2.28,31,75,-4,57.75,1.71,0.5,0.65,14.27,84,4.7,6.28,0,0,0,1.14,7.42,7.42,0,,0.57,100,1.14,10,67,23,9,64,27,17.62,17.92,0.96,95,0.31,16.95,17.09,0,0,0,0,0,,0,0,,0,0,0,0,0,0,23,8,4.85,24,-0.02,-0.05,0.07,0.03,,0.03
Luis Reyes,Monterrey,Liga MX,2026/2027,157,1.74,5,Left Back,,Man,Mexico,36,02/04/91,184,0,0,0.08,0.05,1.72,0,67,1,,0.02,0,0.21,2.87,0,0.21,2.87,0,0,0,0,0.29,4.59,-0.29,0,0,0,,4.01,0,2.29,1.15,0,0,2.29,3.82,12.04,5.73,0.07,4.59,46.63,8.03,4.59,1.15,1.15,100,2.04,2.04,1.72,,0,0,0,0,9.17,12.99,2.87,3.44,1.15,46.35,4.01,44,3.44,100,0,0,0,56.18,85,2.87,82,56,4.01,3.44,15,88,3,58.45,9.17,0.76,0.97,52.74,95,4.64,22.93,1.72,1.72,0,0.57,4.59,6.31,0,67,1.15,18,0.57,17,75,7,18,73,10,19.15,23.66,0.94,89,4.51,17.9,21.17,0,0,0,0,0,,0,0,,0,0,0,0,0,0,18,6,8.89,34,0.32,0.08,-0.01,-0.06,,0.33
Adonis Frías,Atlas,Liga MX,2026/2027,154,1.71,2,Right Centre Back,Centre Back,Man,Argentina,29,16/03/98,189,0,0,0.04,0.03,1.17,0,0,1,,0,0,0.05,1.17,0,0.05,1.17,0,0,0,0,0.09,2.34,-0.09,0,0,0,,1.75,0,0,0,0.58,0.92,2.34,3.19,7.59,5.26,0,3.5,31.18,12.26,3.5,0.58,1.17,50,0.92,1.83,1.75,100,0.58,100,2.92,0,5.26,8.24,2.34,1.75,1.17,36.54,0.58,11,0.58,33,0,0,0,53.14,80,5.84,6,67,2.92,8.17,14,54,-26,41.17,5.84,0.37,0.37,41.46,100,5.69,8.76,0.58,0.58,0,0.58,2.34,2.92,0,0,0,,0.58,33,63,3,33,67,0,22.84,14.82,0.93,101,-8.02,21.28,14.95,0,0,0,0,0,,0,0,,0,0,0,0,0,0,22,5,2.63,15,0.11,0.1,-0.01,-0.06,,0.13
Ronaldo Nájera,Atlético San Luis,Liga MX,2026/2027,152,1.69,6,Right Attacking Midfielder,Left Wing,Man,Mexico,24,23/02/03,172,0.59,0.59,0.06,0.05,1.19,50,50,1,,0.36,0,0.06,1.19,0,0.06,1.19,0,0,0,0.59,0.12,2.37,0.47,1.78,1.19,0.59,67,0,0,1.19,1.78,0,0,0,0,26.08,12.45,0,7.11,52.16,4.15,1.19,2.37,2.37,100,2.38,2.38,1.78,,0,50,1.19,0,21.93,27.91,7.11,5.93,1.78,51.01,10.08,46,3.56,60,0,0,0,37.93,84,2.37,54,40,0.59,5.33,10,71,-12,61.18,5.33,0.18,0.22,36.15,92,4.46,17.19,1.78,1.78,0,0,4.15,5.93,0,67,1.19,50,0.59,10,75,15,10,72,17,20.18,20.45,0.89,96,0.26,17.88,19.63,0,0,0,0,0,,0,0,,0,0,0,0,0,0,15,6,1.19,12,0.01,0.11,0.03,0.02,,0.16
Carlos Villanueva,Querétaro,Liga MX,2026/2027,147,1.63,5,Right Centre Back,Right Back,Man,Mexico,33,06/04/94,188,0,0,0.04,0.07,0.61,0,0,0,,0,0,0,0,0,0,0,0,0,0,0,0.04,0.61,-0.04,0.61,0.61,0,100,0,0,0,0.61,0.61,0.12,1.84,0.86,9.82,4.91,0,1.84,24.45,6.14,0.61,2.46,3.07,100,0.6,0.72,0.61,,0,50,0.61,0,6.75,2.73,1.23,1.23,0.61,27.5,1.23,18,0.61,50,0.61,0,0,19.64,78,3.07,7,56,1.84,5.52,13,80,3,40.43,3.68,0.58,0.58,17.19,96,3.04,4.3,0,0,0,0,0.61,0.61,0,,0,,0,30,70,0,71,29,0,23.14,9.51,0.91,101,-13.63,21.11,9.61,0,0,0,0,0,,0,0,,0,0,0,0,0,0,20,3,3.01,17,0.07,0.02,0,-0.06,,0.03
Iker Fimbres,Monterrey,Liga MX,2026/2027,144,1.6,6,Left Defensive Midfielder,Right Defensive Midfielder,Man,Mexico,21,01/06/05,174,0,0,0.08,0.02,3.13,0,0,2,,0,0,0.1,1.88,0,0.01,0.63,0,0.09,1.25,0,0.18,5.01,-0.18,1.88,1.25,0.63,67,1.25,0.63,0,1.25,0.63,1.11,0,0,9.39,6.89,0,3.13,53.66,13.77,5.63,0.63,1.25,50,1.11,2.23,1.25,100,0.63,0,0,0,7.51,11.86,2.5,1.88,1.25,56.15,5.63,75,1.88,100,0,0,0,63.23,93,7.51,15,92,0,8.14,10,91,-3,55.64,5.01,0.84,0.88,55.72,98,4.96,18.16,1.88,0.63,1.25,0,0,0.63,0,0,0,,0,7,78,15,10,79,10,19.83,12.75,1.02,106,-7.08,20.15,13.51,0,0,0,0,0,,0,0,,0,0,0,0,0,0,7,5,11.02,41,0.06,0.53,-0.06,-0.09,,0.45
Luca Martínez Dupuy,Juárez,Liga MX,2026/2027,141,1.57,5,Centre Forward,Left Centre Forward,Man,Mexico,25,04/06/01,178,0,0,0.15,0.06,2.55,0,0,12,,0,0,0,0,0,0,0,0,0,0,0,0.15,2.55,-0.15,1.28,0,1.28,0,2.55,0,0.64,1.28,0,0,0,0,10.21,3.83,0,5.1,64.61,3.19,1.91,0.64,0.64,50,0.09,0.09,0,100,0.64,0,0,0,9.57,6.84,3.83,1.91,1.91,63.07,7.02,73,1.91,100,0,0,0,4.47,56,0,0,0,0,0.64,11,100,44,58.34,1.91,0.14,0.27,8.93,79,4.19,1.91,0,0,0,0,3.19,3.19,0,,0,,0,33,44,22,33,33,33,24.93,32.61,0.84,100,7.68,20.91,32.61,0,0,0,0,0,,0,0,,0,0,0,0,0,0,44,0,0.32,2,0,0.03,-0.06,-0.15,,-0.18
Cristian Calderón,Pumas UNAM,Liga MX,2026/2027,139,1.54,5,Left Back,,Man,Mexico,30,23/05/97,177,0,0,0.02,0.03,0.65,0,0,1,,0,0,0,0,0,0,0,0,0,0,0,0.02,0.65,-0.02,0.65,0,0.65,0,0.65,0,0.65,0.65,0.65,1.03,3.89,3.3,11.67,5.84,0.06,10.37,24.91,7.13,3.24,3.24,3.89,71,3.05,4.08,0,33,1.3,,0,0,8.43,8.96,5.84,1.3,0.65,27.6,1.3,15,0.65,50,0,0,0,38.9,77,3.24,78,45,3.89,7.13,5,100,23,46.75,5.19,0.18,0.18,34.36,96,3.28,7.13,0,0,0,0,1.3,1.3,0,,0,0,0,22,63,15,27,36,36,22.58,16.49,0.9,100,-6.09,20.34,16.49,0,0,0,0,0,,0,0,,0,0,0,0,0,0,30,11,3.18,22,0.01,0.04,0.03,-0.03,,0.06
Raymundo Fulgencio,Juárez,Liga MX,2026/2027,137,1.52,4,Left Wing,Right Wing,Man,Mexico,27,11/02/00,170,0,0,0.02,0.02,0.66,0,0,2,,0,0,0.08,1.31,0,0,0.66,0,0.08,0.66,0,0.1,1.97,-0.1,1.31,0.66,0.66,50,1.31,0,0.66,3.28,0,0,0.66,0.4,16.42,9.19,0,2.63,49.27,7.22,3.94,0.66,0.66,50,0.31,0.31,0,0,0.66,100,0.66,0,15.76,9.61,2.63,2.63,0,50.66,7.88,50,0.66,25,0.66,0,0,20.36,75,1.97,16,100,0.66,1.97,28,70,-5,57.5,3.94,0.11,0.11,19.05,90,8.94,6.57,1.31,0.66,0.66,0,0.66,1.31,0,50,0.66,25,0,14,67,19,40,50,10,18.9,11.36,0.97,90,-7.54,18.43,10.27,0,0,0,0,0,,0,0,,0,0,0,0,0,0,14,3,8.08,58,0.02,0.04,0.01,,,0.07
Miguel Borja,América,Liga MX,2026/2027,136,1.52,3,Centre Forward,Left Centre Forward,Man,Colombia,34,25/01/93,184,2.64,2.64,1.13,0.24,4.62,57,57,9,,1.6,0,0.27,1.98,0,0.27,1.98,0,0,0,2.64,1.4,6.6,1.24,0,0,0,,0.66,0,1.32,0.66,0,0,1.98,2.56,11.22,5.94,0,1.32,58.51,3.96,3.96,0.66,0.66,100,0.86,0.86,1.98,,0,64,4.62,0,8.58,8.4,1.32,1.32,0,68.42,6.6,77,1.32,100,0,0,0,19.14,66,0,6,0,1.98,0.66,34,45,-20,58.47,1.98,0.67,1.51,11.88,83,3.23,4.62,0.66,0.66,0,1.32,9.24,9.9,0,0,0,0,1.32,19,69,13,29,71,0,16.73,15.2,0.94,79,-1.53,15.76,12,0,0,0,0,0,,0,0,,0,0,0,0,0,0,31,9,5.48,16,0,0.08,0.02,0.95,,1.05
Sebastián Pérez-Bouquet,Atlético San Luis,Liga MX,2026/2027,136,1.51,6,Right Attacking Midfielder,Left Attacking Midfielder,Man,Mexico,23,21/06/03,167,0,0,0.19,0.1,1.99,0,67,2,,0.47,0,0.14,1.99,0,0.14,1.99,0,0,0,0,0.33,3.98,-0.33,0,0,0,,1.33,0,0.66,0.66,0.66,0.5,0.66,0.5,19.89,13.26,0,4.64,33.08,2.65,0.66,1.99,2.65,100,1.52,2.02,0,,0,0,0,0,17.9,18.39,4.64,2.65,0.66,31.4,1.99,11,0.66,25,0,0,0,40.44,90,3.31,13,63,0.66,5.3,11,86,-4,52.1,2.65,0.35,0.6,41.1,97,5.5,9.94,1.99,1.99,0,1.33,3.98,5.97,0,33,1.33,100,0.66,10,79,11,13,73,13,18.49,14.14,0.96,110,-4.35,17.81,15.62,0,0,0,0,0,,0,0,,0,0,0,0,0,0,11,8,4.04,26,0.01,0.1,0.05,0.09,,0.27
Ángel Leyva,Puebla,Liga MX,2026/2027,132,1.47,2,Right Back,Right Wing Back,Man,Mexico,20,12/10/06,186,0,0,0.02,0.03,0.68,0,100,1,,0.02,0,0.04,0.68,0,0.04,0.68,0,0,0,0,0.06,1.36,-0.06,0.68,0,0.68,0,0,0,0.68,2.73,0.68,0.27,1.36,0.54,19.76,12.27,0,4.09,33.62,6.13,2.04,2.04,2.73,60,0.82,1.09,0.68,50,1.36,100,1.36,0,17.04,6.85,3.41,2.73,0.68,35,4.77,28,2.04,75,0,0,0,25.9,75,0,18,0,1.36,1.36,8,75,0,46.04,2.73,0.45,0.49,21.13,90,3.83,3.41,0.68,0,0.68,0,2.04,2.04,0,0,0,0,0,35,54,12,60,20,20,17.6,11.47,1.01,127,-6.13,17.71,14.58,0,0,0,0,0,,0,0,,0,0,0,0,0,0,27,12,2.18,25,0.09,-0.01,0.02,-0.01,,0.1
César Huerta,Pumas UNAM,Liga MX,2026/2027,132,1.46,2,Centre Attacking Midfielder,Left Midfielder,Man,Mexico,26,02/12/00,171,0,0,0.19,0.06,3.42,0,60,4,,0.17,0,0.08,1.37,0,0,0,0,0.08,1.37,0,0.28,4.79,-0.28,2.74,2.05,0.68,75,0.68,0,1.37,2.74,0,0,0,0,13.68,7.52,0,6.84,55.45,6.84,6.15,0.68,0.68,100,0.85,0.85,0.68,,0,0,0,0,12.31,14.22,6.84,2.74,0.68,54.23,6.15,50,1.37,50,0.68,0,0,21.88,58,1.37,8,25,0,5.47,10,80,22,69.89,3.42,0.2,0.36,26.67,87,7.23,9.57,2.74,0,2.74,0,5.47,5.47,0,0,0,0,0,14,78,8,36,57,7,22.1,10.53,0.88,120,-11.57,19.56,12.65,0,0,0,0,0,,0,0,,0,0,0,0,0,0,28,2,10.6,48,-0.16,0.11,-0.01,-0.04,,-0.09
Roberto Meraz,Atlético San Luis,Liga MX,2026/2027,130,1.44,6,Right Defensive Midfielder,Left Defensive Midfielder,Man,Mexico,27,03/08/99,180,0,0,0.11,0.05,2.08,0,0,2,,0,0,0,0,0,0,0,0,0,0,0,0.11,2.08,-0.11,0,0,0,,0,0,0,0.69,0.69,0.15,2.77,1.84,14.56,8.32,0.03,5.55,32.5,6.93,1.39,1.39,2.08,100,1.52,1.67,2.08,,0,100,0.69,0,11.1,10.84,4.16,2.77,0.69,36.22,2.77,25,0.69,25,0.69,0,0,45.77,87,1.39,7,100,2.77,1.39,9,33,-54,47.47,2.77,0.17,0.26,38.14,98,4.02,6.24,0,0,0,0,6.24,6.24,0,,0,,1.39,14,77,9,11,67,22,17,8.98,1.05,178,-8.02,17.92,15.98,0,0,0,0,0,,0,0,,0,0,0,0,0,0,14,1,4.44,43,-0.05,-0.03,0.04,-0.12,,-0.16
Leonardo Rodríguez,Juárez,Liga MX,2026/2027,125,1.39,2,Centre Defensive Midfielder,,Man,Mexico,22,30/06/04,168,0,0,0,,0,,,0,,0,0,0,0,0,0,0,0,0,0,0,0,0,0,0,0,0,,0.72,0,0.72,2.15,0.72,0.54,0.72,0.54,22.26,14.36,0,9.33,37.79,10.05,5.03,3.59,4.31,100,2.65,3.19,2.87,,0,,0,0,15.8,11.68,8.62,2.15,2.15,39.27,5.03,32,1.44,67,0,0,0,28.72,81,4.31,79,86,1.44,4.31,17,86,5,47.52,5.74,0.25,0.25,25.13,91,5.09,7.9,0,0,0,0,0,0,0,,0,,0,24,64,12,45,45,9,23.93,26.14,1.01,97,2.22,24.08,25.4,0,0,0,0,0,,0,0,,0,0,0,0,0,0,21,5,2.01,15,-0.01,0.01,0.08,,,0.08
Guillermo Martínez,Tigres UANL,Liga MX,2026/2027,122,1.36,2,Right Centre Forward,Centre Forward,Man,Mexico,32,14/03/95,190,0,0,0.16,0.11,1.47,0,50,7,,0.09,0,0.03,0.74,0,0.03,0.74,0,0,0,0,0.19,2.21,-0.19,0,0,0,,1.47,0,0.74,0.74,0,0,0,0,17.65,4.41,0,2.94,76.26,2.94,1.47,0,0,,0,0,2.94,,0,44,2.94,0,14.71,20.05,2.21,5.15,0.74,75.77,13.24,90,4.41,86,0.74,0,0,10.3,57,0.74,80,100,0,0.74,36,80,23,61.35,0,0.21,0.21,5.88,88,3.13,2.21,0,0,0,0,5.88,5.88,0,,0,,0.74,0,86,14,0,67,33,12.92,8.18,1.15,94,-4.74,14.86,7.68,0,0,0,0,0,,0,0,,0,0,0,0,0,0,36,7,3.24,31,-0.08,0.03,-0.02,0.1,,0.02
Aldahir Perez,Tijuana,Liga MX,2026/2027,121,1.34,3,Right Centre Midfielder,Left Midfielder,Man,Mexico,22,03/10/04,176,0,0,0.13,0.06,2.23,0,0,3,,0,0,0.17,1.49,0,0,0,0,0.17,1.49,0,0.31,3.72,-0.31,0,0,0,,0.74,0,1.49,0,0,0,2.98,1.99,20.84,11.17,0,9.68,39.31,10.42,5.21,2.23,2.23,100,1.52,1.52,0.74,,0,0,0,0.74,17.87,15.51,8.93,4.47,1.49,43.37,6.7,38,1.49,33,0,0,0,24.57,71,4.47,84,86,3.72,4.47,18,86,15,57.61,2.98,0.09,0.21,15.63,90,6.76,5.96,2.23,0.74,1.49,0,3.72,4.47,0,33,1.49,50,0,16,76,8,0,88,13,23.96,21.27,0.98,105,-2.69,23.57,22.24,0,0,0,0,0,,0,0,,0,0,0,0,0,0,29,5,3.42,11,0.12,0.04,0.17,-0.17,,0.15
Eder López,Juárez,Liga MX,2026/2027,120,1.34,3,Left Back,Left Wing Back,Man,Mexico,21,31/12/05,178,0,0,0,,0,,,0,,0,0,0.04,0.75,0,0,0,0,0.04,0.75,0,0.04,0.75,-0.04,1.49,0.75,0.75,50,2.99,0,0.75,0.75,0,0,1.49,1.55,11.2,3.73,0,2.24,32.15,6.72,2.24,2.99,2.99,100,2.78,2.78,0.75,100,0,33,0.75,0,7.47,7.33,1.49,0.75,0,35.31,1.49,20,0,0,0.75,0,0,24.65,50,1.49,88,33,1.49,4.48,20,50,0,50.1,0.75,0.04,0.04,21.66,93,5.5,1.49,1.49,0.75,0.75,0,0,0.75,0,50,0.75,25,0,23,70,8,0,50,50,22.74,14.51,0.84,83,-8.22,19.14,12,0,0,0,0,0,,0,0,,0,0,0,0,0,0,45,5,2.69,17,0.04,0.08,0.05,,,0.17
Uros Djurdjevic,Monterrey,Liga MX,2026/2027,115,1.28,5,Left Wing,Centre Forward,Man,Montenegro,33,01/03/94,181,0,0,0.19,0.05,3.9,0,0,10,,0,0,0,0,0,0,0,0,0,0,0,0.19,3.9,-0.19,0,0,0,,0,0,2.34,0.78,0,0,0.78,1.04,14.83,3.9,0,2.34,62.31,6.24,4.68,0.78,0.78,100,1.39,1.39,2.34,,0,33,0.78,0,11.71,17.49,2.34,0,0,68.17,9.37,80,0,,0.78,0,0,12.49,56,0.78,22,50,0.78,1.56,25,50,-6,61.1,0,0.24,0.4,13.27,82,5.13,3.12,0.78,0.78,0,0,5.46,6.24,0,0,0,,0,31,38,31,50,25,25,15.03,10.29,1.04,114,-4.74,15.57,11.73,0,0,0,0,0,,0,0,,0,0,0,0,0,0,44,6,1.09,5,-0.12,0,0.02,-0.22,,-0.34
Juan Pablo Vigón,Tigres UANL,Liga MX,2026/2027,115,1.28,5,Centre Attacking Midfielder,Left Defensive Midfielder,Man,Mexico,35,19/07/91,168,0,0,0.9,0.23,3.92,0,20,4,,0.56,0,0.27,1.57,0,0.27,1.57,0,0,0,0,1.17,5.48,-1.17,0,0,0,,0,0,2.35,1.57,0.78,1.07,0,0,14.1,7.05,0,2.35,59.74,7.84,6.27,0,0.78,0,0,1.07,1.57,0,0.78,100,2.35,0,12.54,15.32,2.35,3.13,0.78,57.64,7.84,63,3.13,100,0.78,0,0,40.74,74,3.92,18,83,0,4.7,11,17,-57,63.38,7.05,1.51,1.51,27.42,91,5.45,16.45,1.57,1.57,0,1.57,6.27,7.84,0,0,2.35,60,1.57,13,80,7,14,81,5,19.71,17.3,1.02,73,-2.41,20.16,12.6,0,0,0,0,0,,0,0,,0,0,0,0,0,0,24,6,13.24,50,0.15,0.09,0.06,0.12,,0.43
Tony Leone,Pumas UNAM,Liga MX,2026/2027,112,1.25,4,Right Centre Back,Right Back,Man,Mexico,23,27/04/04,185,0,0,0.04,0.04,0.8,0,0,1,,0,0,0.18,0.8,0,0.18,0.8,0,0,0,0,0.22,1.6,-0.22,0,0,0,,0,0,1.6,0,2.41,3.84,0.8,1.28,7.22,2.41,0,2.41,24.96,11.23,4.01,2.41,4.81,100,3.84,7.67,0.8,100,0,60,2.41,0,4.01,5.23,1.6,0,0,24.47,0.8,20,0,,0,0,0,62.59,76,7.22,11,47,3.21,12.84,12,64,-12,45.43,8.83,0.18,0.36,52.16,97,4.57,12.84,1.6,1.6,0,0,0,1.6,0,50,0.8,50,0,35,60,5,50,38,13,23.74,23.16,0.88,91,-0.58,20.82,21.02,0,0,0,0,0,,0,0,,0,0,0,0,0,0,24,19,5.54,26,0.29,0.06,0.06,-0.04,,0.37
J.Sánchez,Atlas,Liga MX,2026/2027,112,1.24,3,Centre Forward,Left Centre Forward,Man,Mexico,20,18/05/07,172,0,0,0.05,0.06,0.8,0,0,2,,0,0,0,0,0,0,0,0,0,0,0,0.05,0.8,-0.05,2.41,2.41,0,100,0.8,0,2.41,4.02,0,0,0,0,8.85,3.22,0,4.83,53.55,3.22,1.61,0,0,,0,0,0.8,,0,50,1.61,0,8.04,10.92,3.22,4.02,2.41,53.2,4.02,50,2.41,60,0,0,0,20.11,84,2.41,0,100,0,2.41,24,67,-17,59.56,0.8,0.05,0.05,20.91,81,4.27,8.85,0,0,0,0,2.41,2.41,0,,0.8,100,0.8,12,48,40,9,64,27,15.99,7.8,1.02,75,-8.2,16.32,5.84,0,0,0,0,0,,0,0,,0,0,0,0,0,0,24,8,0.88,10,-0.1,-0.1,0.02,0,,-0.18
S.Cordova,Toluca,Liga MX,2026/2027,108,1.2,2,Right Back,,Man,Mexico,21,19/12/05,172,0,0,0,,0,,,0,,0,0,0.47,0.83,0,0.47,0.83,0,0,0,0,0.47,0.83,-0.47,1.66,0.83,0.83,50,0,0,0.83,3.32,0,0,1.66,2.68,10.79,4.15,0,4.98,37.39,4.98,1.66,0.83,0.83,50,1.34,1.34,0.83,50,0.83,100,0.83,0,9.13,14.18,4.15,0.83,0.83,42.79,4.15,45,0.83,100,0,0,0,58.11,86,1.66,13,67,1.66,2.49,8,67,-19,50.41,5.81,1.33,1.33,58.11,93,3.51,17.43,0.83,0.83,0,0.83,3.32,4.15,0,100,1.66,100,1.66,16,71,13,14,71,14,18.41,11.66,0.96,144,-6.75,17.71,16.85,0,0,0,0,0,,0,0,,0,0,0,0,0,0,14,12,8.63,37,0.44,0.04,0.06,,,0.54
Gael Álvarez,Pachuca,Liga MX,2026/2027,108,1.2,4,Left Midfielder,Right Midfielder,Man,Mexico,21,08/03/06,166,0,0,0.25,0.08,3.34,0,0,5,,0,0,0.03,0.83,0,0.03,0.83,0,0,0,0,0.28,4.17,-0.28,2.5,0.83,1.67,33,0.83,0,1.67,5.01,0,0,0,0,9.18,1.67,0,2.5,63.66,5.84,5.84,0,0,,0,0,0.83,,0,,0,0,8.34,8.83,1.67,2.5,0,58.99,4.17,50,2.5,100,0,0,0,21.69,65,0,6,0,0,1.67,12,100,35,58.54,3.34,0.35,0.47,31.71,79,9.49,4.17,0,0,0,0,4.17,4.17,0,,0,0,0,12,69,19,20,60,20,18.25,14.77,0.79,100,-3.48,14.48,14.77,0,0,0,0,0,,0,0,,0,0,0,0,0,0,31,4,2,12,-0.05,0.14,-0.01,-0.29,,-0.2
Diego Ochoa,Necaxa,Liga MX,2026/2027,107,1.18,1,Left Centre Back,,Man,Mexico,22,19/04/05,185,0,0,0,,0,,,0,,0,0,0,0,0,0,0,0,0,0,0,0,0,0,0,0,0,,0,0,0,0,5.07,5.88,1.69,1.96,10.98,6.76,0.22,4.22,21.96,3.38,0.84,0.84,5.91,100,0.98,6.85,1.69,,0,22,1.69,0,8.44,9.79,2.53,3.38,1.69,28.52,1.69,20,1.69,50,0.84,0,0,43.91,88,4.22,31,56,3.38,5.91,12,67,-22,38.38,0.84,0.63,0.63,38.84,100,6.15,0.84,0,0,0,0,0,0,0,,0,,0,25,69,6,100,0,0,25.81,30.45,0.93,92,4.64,23.87,28.03,0,0,0,0,0,,0,0,,0,0,0,0,0,0,12,2,2.96,21,0,0.02,-0.43,,,-0.41
Antonio Sánchez,Atlas,Liga MX,2026/2027,106,1.18,1,Goalkeeper,,Man,Mexico,27,21/01/00,185,0,0,0,,0,,,0,,0,0,0,0,0,0,0,0,0,0,0,0,0,0,0,0,0,,0,0,0,0,0,0,0,0,0,0,0,6.79,2.14,2.55,0,0,0,,0,0,0,,0,,0,0.85,0,0,0,0,0,,0,,0,,0,0,0,29.7,78,3.39,30,36,0.85,8.49,20,75,-3,8.88,0.85,0.73,0.73,28.01,100,4.31,0.85,0,0,0,0,0,0,0,,0,,0,34,66,0,100,0,0,29.93,19.85,0.81,85,-10.08,24.29,16.91,1.7,1.44,-0.26,60,66,-6,0.92,4.24,38,11.03,1,0,0,10.06,2,12,10,1.7,11,-0.3,0.05,-0.06,,-0.24,-0.55
Edher Segura,Toluca,Liga MX,2026/2027,105,1.17,1,Right Defensive Midfielder,Centre Defensive Midfielder,Man,Mexico,21,13/12/05,179,0,0,0.19,0.11,1.71,0,0,1,,0,0,0.05,0.86,0,0.05,0.86,0,0,0,0,0.24,2.57,-0.24,0,0,0,,0,0,0,0,0,0,1.71,1.37,8.56,5.13,0,1.71,37.48,5.99,2.57,0.86,0.86,100,0.69,0.69,0,,0,100,0.86,0,7.7,6.18,1.71,2.57,0.86,42.32,2.57,33,1.71,67,0,0,0,36.8,98,0.86,9,100,1.71,0.86,15,86,-12,47.78,3.42,0.73,0.75,32.52,100,3.71,5.13,0,0,0,0,0.86,0.86,0,,0,,0,4,80,15,17,50,33,16.42,12.65,1.02,110,-3.78,16.68,13.97,0,0,0,0,0,,0,0,,0,0,0,0,0,0,4,2,7.02,31,-0.01,0.09,0.02,0.06,,0.16
Irving Martínez,León,Liga MX,2026/2027,105,1.16,1,Goalkeeper,,Man,Mexico,23,05/03/04,184,0,0,0,,0,,,0,,0,0,0,0,0,0,0,0,0,0,0,0,0,0,0,0,0,,0.86,0,0,0,0,0,0,0,0,0,0,4.3,2.52,3.44,0,0,0,,0,0,0,,0,,0,0,0,0,0,0,0,,0,,0,,0,0,0,15.47,72,2.58,19,30,0,8.59,4,100,28,12.35,0,0.15,0.15,14.61,100,7.17,0,0,0,0,0,0,0,0,,0,,0,60,40,0,,,,34.59,9.87,0.66,100,-24.72,22.82,9.87,0,0,0,0,0,,0.62,0,0,6.87,0.66,0.86,0.86,21.56,-3,20,0,0.86,15,0.04,0.03,,,-0.11,-0.04
Ronaldo Beltrán,Toluca,Liga MX,2026/2027,104,1.16,1,Goalkeeper,,Man,Mexico,25,27/03/02,183,0,0,0,,0,,,0,,0,0,0,0,0,0,0,0,0,0,0,0,0,0,0,0,0,,0,0,0,0,0,0,0,0,0.86,0,0,7.76,3.24,4.31,0,0,0,,0,0,0.86,,0,,0,0,0,0,0,0,0,,0,,0,,0,0,0,24.15,92,8.63,18,77,2.59,8.63,11,50,-42,9.66,0.86,0.18,0.18,23.29,96,5.68,0,0,0,0,0,0,0,0,,0,,0,25,75,0,,,,31,52.78,0.9,79,21.79,28.01,41.58,1.73,0.39,-1.34,0,78,-78,0.68,1.73,20,8.63,2.17,0,0,16.23,-10,3,3,,,0.02,-0.04,-0.12,,-1.28,-1.43
Omar Alejandro Gálvez Vidales,Monterrey,Liga MX,2026/2027,102,1.13,2,Centre Attacking Midfielder,Left Wing,Man,Mexico,21,17/04/06,172,0,0,0.25,0.14,1.77,0,50,3,,0.25,0,0.02,0.89,0,0.02,0.89,0,0,0,0,0.28,2.66,-0.28,2.66,0.89,1.77,33,2.66,0,0.89,4.43,0,0,0,0,16.83,7.97,0,6.2,62.89,5.31,2.66,0,0,0,0,0,0,0,0.89,33,0.89,0,16.83,29.29,6.2,5.31,1.77,62.69,13.29,79,4.43,83,0,0,0,23.03,86,1.77,13,67,0,2.66,11,100,14,57.74,2.66,0.47,0.49,26.57,83,6.71,3.54,0.89,0,0.89,0.89,5.31,5.31,0,0,0,0,0.89,14,54,32,25,50,25,20,18.36,0.94,100,-1.65,18.83,18.36,0,0,0,0,0,,0,0,,0,0,0,0,0,0,29,14,3.63,14,-0.03,0.15,0.02,-0.11,,0.03
Octavio Martín Vázquez González,Atlante,Liga MX,2026/2027,100,1.11,3,Right Centre Midfielder,,Man,Mexico,22,27/05/05,173,0,0,0,,0,,,0,,0,0,0,0,0,0,0,0,0,0,0,0,0,0,2.69,0.9,1.8,33,3.59,0,8.98,4.49,0,0,0,0,10.78,7.19,0,5.39,59.36,6.29,1.8,0.9,0.9,100,0.7,0.7,0,,0,0,0,0,9.88,6.52,5.39,0.9,0.9,59.17,5.39,55,0.9,100,0,0,0,29.64,73,0.9,38,33,0.9,1.8,30,80,7,59.79,4.49,0.04,0.04,37.72,69,4.42,9.88,0,0,0,0,0,0,0,,0,0,0,39,39,21,55,27,18,16.11,17.24,0.99,113,1.13,15.91,19.54,0,0,0,0,0,,0,0,,0,0,0,0,0,0,21,3,2.16,20,-0.14,-0.07,0.02,,,-0.19
Óscar Whalley,Guadalajara,Liga MX,2026/2027,100,1.11,1,Goalkeeper,,Man,Spain,33,28/03/94,191,0,0,0,,0,,,0,,0,0,0,0,0,0,0,0,0,0,0,0,0,0,0,0,0,,0,0,0,0,0,0,0,0,0,0,0,6.3,4.37,1.8,0,0,0,,0,0,0,,0,,0,0.9,0,0,0,0,0,,0,,0,,0,0,0,9.9,91,1.8,38,67,0.9,1.8,9,50,-41,7.92,0,0.07,0.07,8.1,100,3.09,0,0,0,0,0,0,0,0,,0,,0,39,61,0,,,,22.73,35.85,0.97,35,13.11,22.04,12.56,1.8,2.67,0.87,67,51,16,2.08,5.4,43,12.59,3.06,0,0,29.02,-3,9,0,0.36,1,0.06,0.01,,,0.73,0.8
Alán Montes,Cruz Azul,Liga MX,2026/2027,100,1.11,2,Right Centre Back,,Man,Mexico,26,25/10/00,193,0,0,0.02,0.02,0.9,0,100,1,,0.04,0,0,0,0,0,0,0,0,0,0,0.02,0.9,-0.02,0,0,0,,0,0,0,0,0,0,3.61,4.82,7.23,4.52,0.08,4.52,19.8,9.03,2.71,0,0,0,0,0,1.81,0,0.9,50,1.81,0,5.42,7.24,3.61,0.9,0.9,22.62,0,0,0,0,0.9,0,0,38.84,98,2.71,12,100,3.61,2.71,0,,,38.3,1.81,0.46,0.46,33.42,100,5.85,2.71,0,0,0,0,0,0,0,,0,,0,13,87,0,33,67,0,21.05,,0.99,,,20.85,,0,0,0,0,0,,0,0,,0,0,0,0,0,0,9,7,3.7,22,0,0.1,0.01,-0.03,,0.09
Christopher Josué Andrade Martín,Necaxa,Liga MX,2026/2027,97,1.08,1,Goalkeeper,,Man,Mexico,25,01/07/01,193,0,0,0,,0,,,0,,0,0,0,0,0,0,0,0,0,0,0,0,0,0,0,0,0,,0,0,0,0,0,0,0,0,0,0,0,5.54,4.04,3.7,0,0,0,,0,0,0,,0,,0,0.92,0,0,0,0,0,,0,,0,,0,0,0,13.86,86,4.62,27,63,0.92,6.47,9,100,14,11.82,0,0,0,13.86,100,4.26,0,0,0,0,0,0,0,0,,0,,0,18,82,0,,,,31.84,24.37,0.87,100,-7.47,27.85,24.37,1.85,1.92,0.07,60,58,2,1.5,4.62,42,11.09,2.39,0,0,17.12,-5,18,9,,,0.03,0.03,-0.92,,0.12,-0.74
Carlos Álvarez,América,Liga MX,2026/2027,97,1.07,2,Centre Attacking Midfielder,Left Midfielder,Man,Spain,23,05/08/03,168,0,0,0.34,0.12,2.8,0,33,1,,0.19,0,0.1,0.93,0,0.1,0.93,0,0,0,0,0.43,3.73,-0.43,0.93,0,0.93,0,2.8,0.93,2.8,2.8,0.93,0.78,0,0,14.91,8.39,0,5.59,53.79,8.39,5.59,0,0.93,0,0,0.78,0.93,0,0.93,0,0,0,13.98,13.46,5.59,2.8,2.8,55.33,8.39,60,1.86,67,0,0,0,33.55,78,0.93,93,33,0.93,1.86,22,75,-3,65.12,6.52,0.65,0.68,37.27,85,4.3,14.91,1.86,1.86,0,0.93,7.45,9.32,0.93,0,0,0,0.93,22,61,17,25,56,19,17.34,17.9,0.92,126,0.57,16,22.59,0,0,0,0,0,,0,0,,0,0,0,0,0,0,25,8,6.06,21,0.1,0.61,0.01,0.27,,0.99
Érick Aguirre,Monterrey,Liga MX,2026/2027,93,1.04,2,Right Back,,Man,Mexico,30,22/02/97,174,0,0,0,,0,,,0,,0,0,0.17,2.89,0,0.17,2.89,0,0,0,0,0.17,2.89,-0.17,3.86,1.93,1.93,50,0,0,0.96,1.93,0.96,1.71,0.96,1.71,11.57,4.82,0,3.86,49.8,7.71,6.75,2.89,3.86,100,4.89,6.6,0.96,100,0,0,0,0,7.71,12.7,2.89,2.89,0.96,58.88,5.79,75,2.89,100,0,0,0,76.18,85,4.82,3,56,3.86,5.79,11,60,-25,56.75,11.57,0.58,0.58,75.21,96,5.3,25.07,0.96,0.96,0,0.96,2.89,3.86,0,100,0.96,20,0.96,21,70,9,31,54,15,19.08,23.75,0.92,70,4.67,17.59,16.71,0,0,0,0,0,,0,0,,0,0,0,0,0,0,19,11,9.45,44,0.08,0.22,0.02,,,0.32
Benjamín Galdames,Atlético San Luis,Liga MX,2026/2027,93,1.03,4,Right Back,Left Wing Back,Man,Mexico,26,23/02/01,174,0,0,0,,0,,,0,,0,0,0.1,0.97,0,0.1,0.97,0,0,0,0,0.1,0.97,-0.1,0,0,0,,0.97,0,0.97,0.97,0,0,1.94,3.33,25.23,12.61,0.09,6.79,31.8,5.82,2.91,4.85,4.85,83,4.98,4.98,2.91,75,0.97,40,1.94,0,17.47,18.01,5.82,0.97,0.97,30.51,1.94,11,0.97,100,0,0,0,27.17,87,0.97,17,100,1.94,0.97,26,88,0,60.54,2.91,0.28,0.28,25.23,92,5.65,10.67,0,0,0,1.94,3.88,3.88,0,,0.97,100,1.94,23,48,29,27,64,9,17.3,15.22,1.09,113,-2.08,18.87,17.2,0,0,0,0,0,,0,0,,0,0,0,0,0,0,26,13,5.24,63,0.02,0.05,0.07,,,0.14
Javier Güemez,Santos Laguna,Liga MX,2026/2027,91,1.01,4,Left Defensive Midfielder,Centre Defensive Midfielder,Man,Mexico,35,16/10/91,174,0,0,0.04,0.04,0.99,0,0,1,,0,0,0,0,0,0,0,0,0,0,0,0.04,0.99,-0.04,0,0,0,,0.99,0,0,0.99,0,0,0.99,0.9,15.77,10.84,0,2.96,33.77,7.89,5.91,0,0,,0,0,3.94,,0,33,0.99,0,11.83,12.73,2.96,1.97,0.99,35.97,1.97,17,0.99,50,0.99,0,0,51.26,91,3.94,20,80,0.99,4.93,17,67,-24,55.7,8.87,0.46,0.5,39.43,98,5.31,18.73,0,0,0,0,0,0,0,,0,,0,11,81,7,21,79,0,20.52,17.14,0.97,85,-3.38,19.9,14.55,0,0,0,0,0,,0,0,,0,0,0,0,0,0,15,7,11.63,37,0.05,0.04,0.03,-0.05,,0.07
Santiago Trigos,Pumas UNAM,Liga MX,2026/2027,89,0.99,4,Centre Defensive Midfielder,Right Defensive Midfielder,Man,Mexico,25,21/01/02,169,0,0,0,,0,,,0,,0,0,0,0,0,0,0,0,0,0,0,0,0,0,0,0,0,,1.01,0,2.02,1.01,2.02,1.88,0,0,12.12,7.07,0,3.03,41.97,9.09,4.04,3.03,5.05,75,2.96,4.84,0,0,1.01,,0,0,9.09,9.85,3.03,1.01,0,40.26,3.03,33,0,0,0,0,0,57.59,88,4.04,2,80,0,5.05,5,100,12,51.99,6.06,0.21,0.21,52.54,94,3.12,14.14,0,0,0,0,1.01,1.01,0,,0,,0,14,74,12,7,86,7,18.54,7.89,1.03,100,-10.64,19.03,7.89,0,0,0,0,0,,0,0,,0,0,0,0,0,0,14,5,4.75,39,-0.1,0.04,-0.02,,,-0.08
Sebastián Santos,Pachuca,Liga MX,2026/2027,89,0.98,2,Right Back,,Man,Mexico,24,20/01/03,183,0,0,0,,0,,,0,,0,0,0.02,1.02,0,0.02,1.02,0,0,0,0,0.02,1.02,-0.02,0,0,0,,0,0,1.02,2.03,0,0,4.07,3.17,15.25,9.15,0,3.05,32.49,12.2,5.08,2.03,2.03,100,1.58,1.58,2.03,,0,,0,0,11.18,10.78,2.03,3.05,1.02,38.14,5.08,45,2.03,67,0,0,0,36.6,75,4.07,12,50,6.1,6.1,10,60,-15,53.94,5.08,0.72,0.72,33.55,94,5.47,9.15,1.02,1.02,0,0,0,1.02,1.02,0,0,0,0,19,75,6,11,67,22,21.97,21.88,0.94,99,-0.08,20.74,21.74,0,0,0,0,0,,0,0,,0,0,0,0,0,0,21,0,3.25,30,0.08,0.1,0.28,,,0.46
Leonardo Mejía Soto,Atlante,Liga MX,2026/2027,88,0.98,3,Right Centre Midfielder,Right Defensive Midfielder,Man,Mexico,25,16/08/01,170,0,0,0.03,0.03,1.02,0,0,3,,0,0,0.07,1.02,0,0.07,1.02,0,0,0,0,0.1,2.04,-0.1,1.02,1.02,0,100,0,0,0,0,0,0,1.02,0.5,23.5,10.22,0,4.09,39.2,10.22,5.11,2.04,2.04,67,0.97,0.97,1.02,0,1.02,50,1.02,0,20.43,10.1,3.06,2.04,0,41.45,5.11,25,2.04,100,0,0,0,20.43,81,2.04,13,100,3.06,0,24,100,19,52.91,4.09,0.49,0.56,13.28,100,9.42,5.11,1.02,1.02,0,0,0,1.02,0,100,1.02,100,0,29,62,10,20,80,0,21.33,25.36,0.98,100,4.03,20.87,25.36,0,0,0,0,0,,0,0,,0,0,0,0,0,0,29,10,6.54,42,0.05,0.09,-0.68,-0.03,,-0.58
Jean Unjanque,Querétaro,Liga MX,2026/2027,88,0.98,3,Right Wing,Right Midfielder,Man,Senegal,22,19/03/05,180,0,0,0.18,0.06,3.08,0,0,8,,0,0,0,0,0,0,0,0,0,0,0,0.18,3.08,-0.18,1.03,1.03,0,100,3.08,0,2.05,1.03,2.05,0.95,1.03,0.53,12.31,3.08,0,2.05,43.32,5.13,4.1,0,2.05,,0,0.95,1.03,,0,50,1.03,0,11.28,5.82,1.03,2.05,1.03,42.34,6.15,55,2.05,100,1.03,0,0,17.44,59,1.03,20,100,1.03,1.03,35,50,-9,69.38,4.1,0.03,0.21,21.54,81,5.95,6.15,0,0,0,0,5.13,5.13,0,,1.03,100,0,18,59,24,0,67,33,11.17,9.1,1.28,105,-2.07,14.3,9.55,0,0,0,0,0,,0,0,,0,0,0,0,0,0,41,6,2.05,10,-0.09,0.08,0.02,-0.18,,-0.17
Oswaldo Ureña,Toluca,Liga MX,2026/2027,86,0.96,2,Left Centre Forward,,Man,Mexico,22,06/04/05,180,1.04,1.04,0.67,0.11,6.25,17,33,16,,0.89,1.04,0.57,1.04,1.04,0.57,1.04,0,0,0,2.08,1.24,7.29,0.85,2.08,1.04,1.04,50,0,0,1.04,3.12,1.04,1.68,1.04,1.68,20.82,10.41,0,6.25,73.21,6.25,5.21,0,1.04,0,0,1.68,0,0,1.04,0,0,0,20.82,33.62,5.21,4.16,1.04,77.7,20.82,100,4.16,100,0,0,0,11.45,83,0,0,,1.04,0,17,100,17,61.07,1.04,2.06,2.54,19.78,84,3.82,4.16,2.08,2.08,0,0,10.41,12.49,0,0,0,,0,8,67,25,0,100,0,14.34,14.49,0.94,100,0.15,13.46,14.49,0,0,0,0,0,,0,0,,0,0,0,0,0,0,17,8,2.5,9,-0.28,0.13,0.03,0.67,,0.55
Alexéi Domínguez,Pachuca,Liga MX,2026/2027,84,0.94,3,Right Wing,Right Midfielder,Man,Mexico,22,02/01/05,171,0,0,0.08,0.08,1.07,0,0,1,,0,0,0.1,1.07,0,0.1,1.07,0,0,0,0,0.18,2.13,-0.18,3.2,1.07,2.13,33,3.2,0,6.39,7.46,1.07,0.53,0,0,15.98,4.26,0,2.13,56.44,5.33,3.2,4.26,5.33,100,4.75,5.28,2.13,,0,0,0,0,9.59,9.57,2.13,5.33,2.13,66.02,7.46,78,4.26,80,0,0,0,35.16,67,1.07,9,50,0,2.13,12,50,-17,67.1,4.26,0.59,0.83,51.14,75,5.16,13.85,1.07,1.07,0,3.2,8.52,9.59,0,0,2.13,50,5.33,24,61,15,23,46,31,17.74,10.81,0.93,94,-6.93,16.49,10.22,0,0,0,0,0,,0,0,,0,0,0,0,0,0,27,18,9.59,72,-0.04,0.1,0.08,-0.07,,0.07
Erik Dueñas,Querétaro,Liga MX,2026/2027,83,0.93,4,Centre Attacking Midfielder,Right Back,Man,Mexico,22,17/10/04,164,0,0,0.04,0.03,1.08,0,0,3,,0,0,0,0,0,0,0,0,0,0,0,0.04,1.08,-0.04,0,0,0,,3.23,0,0,2.16,1.08,0.65,2.16,1.09,24.8,10.78,0.08,9.7,37.86,4.31,1.08,1.08,2.16,33,0.65,1.3,2.16,0,2.16,33,1.08,0,21.57,10.24,5.39,7.55,3.23,44.98,7.55,35,5.39,71,0,0,0,16.17,65,2.16,38,50,2.16,4.31,13,100,35,55.7,2.16,0.04,0.07,17.25,88,4.63,4.31,0,0,0,0,3.23,3.23,0,,0,,0,39,57,4,0,100,0,21.09,12.16,0.84,100,-8.93,17.61,12.16,0,0,0,0,0,,0,0,,0,0,0,0,0,0,39,13,1.62,15,0.04,-0.01,0.11,-0.08,,0.06
Guillermo Martínez,Pumas UNAM,Liga MX,2026/2027,83,0.92,5,Left Centre Forward,Centre Forward,Man,Mexico,32,14/03/95,190,1.09,1.09,0.61,0.28,2.18,50,100,4,,0.75,1.09,0.21,2.18,1.09,0.21,2.18,0,0,0,2.18,0.82,4.36,1.36,0,0,0,,1.09,0,4.36,2.18,0,0,0,0,6.54,1.09,0,1.09,62.74,4.36,2.18,1.09,1.09,100,1.64,1.64,2.18,,0,75,3.27,0,3.27,3.83,1.09,2.18,1.09,62.64,3.27,100,2.18,100,0,0,0,8.71,56,0,67,,0,0,22,50,-6,63.86,0,0.46,1.05,9.8,44,2.02,2.18,0,0,0,1.09,9.8,9.8,0,,1.09,50,2.18,11,67,22,0,50,50,14.41,13.3,0.98,64,-1.11,14.05,8.45,0,0,0,0,0,,0,0,,0,0,0,0,0,0,56,22,2.18,17,0.17,0,0,0.22,,0.37
Kevin Picón,Santos Laguna,Liga MX,2026/2027,81,0.9,3,Left Back,Right Back,Man,Mexico,23,23/02/04,172,0,0,0.03,0.03,1.11,0,0,0,,0,0,0.2,2.22,0,0.2,2.22,0,0,0,0,0.23,3.33,-0.23,3.33,0,3.33,0,0,0,0,3.33,1.11,0.75,2.22,3.23,32.16,14.41,0.08,17.74,29.32,11.09,2.22,4.44,5.54,57,6.47,7.22,2.22,57,3.33,50,2.22,0,25.5,32.43,13.31,4.44,3.33,31.59,5.54,22,1.11,25,1.11,0,0,36.59,71,3.33,5,50,2.22,6.65,0,,,56.03,1.11,0.22,0.23,31.05,89,2.73,9.98,2.22,2.22,0,1.11,3.33,5.54,0,50,2.22,40,1.11,21,68,11,0,67,33,23.12,,0.96,,,22.29,,0,0,0,0,0,,0,0,,0,0,0,0,0,0,26,3,2.66,21,0.02,0.05,0.21,-0.04,,0.23
Bernardo Parra,Querétaro,Liga MX,2026/2027,79,0.88,5,Right Defensive Midfielder,Left Defensive Midfielder,Man,Mexico,22,05/01/05,177,0,0,0,,0,,,0,,0,0,0.23,2.29,0,0.23,2.29,0,0,0,0,0.23,2.29,-0.23,2.29,2.29,0,100,1.14,0,2.29,0,2.29,0.69,3.43,1.8,4.57,0,0,2.29,26.27,10.28,4.57,1.14,3.43,100,0.22,0.91,0,,0,0,0,0,3.43,1.98,2.29,0,0,28.64,0,0,0,,0,0,0,26.28,83,3.43,11,75,3.43,4.57,4,0,-83,47.27,6.86,0.23,0.45,20.57,89,7.82,6.86,1.14,1.14,0,0,0,1.14,1.14,0,0,,0,26,65,9,50,50,0,19.42,3.99,1.02,,-15.43,19.87,,0,0,0,0,0,,0,0,,0,0,0,0,0,0,30,17,3.43,42,0.11,-0.01,0.04,,,0.14
Mono Martínez,Querétaro,Liga MX,2026/2027,79,0.87,4,Right Defensive Midfielder,Centre Attacking Midfielder,Man,Mexico,17,11/03/10,174,0,0,0,,0,,,0,,0,0,0.08,1.14,0,0.08,1.14,0,0,0,0,0.08,1.14,-0.08,0,0,0,,0,0,4.57,0,0,0,0,0,24.02,9.15,0,2.29,47.51,5.72,3.43,3.43,3.43,100,2.47,2.47,4.57,,0,,0,0,17.15,10.37,2.29,2.29,1.14,47.38,6.86,40,1.14,50,1.14,0,0,28.59,68,1.14,6,50,2.29,0,20,60,-8,54.93,4.57,1.14,1.14,25.16,82,5.58,11.44,2.29,2.29,0,0,0,2.29,0,0,0,0,0,32,64,4,40,50,10,19.79,27.63,0.99,104,7.83,19.67,28.74,0,0,0,0,0,,0,0,,0,0,0,0,0,0,24,4,4,17,0.03,-0.03,-0.01,,,-0.02
Fernando Ordóñez,Tigres UANL,Liga MX,2026/2027,77,0.85,3,Left Back,,Man,Mexico,25,01/06/01,175,0,0,0.03,0.02,1.17,0,0,0,,0,0,0.02,1.17,0,0.02,1.17,0,0,0,0,0.05,2.34,-0.05,3.52,2.34,1.17,67,0,0,1.17,1.17,1.17,1.89,2.34,3.49,16.41,9.38,0,3.52,33.58,4.69,1.17,1.17,2.34,50,1.09,2.98,3.52,0,1.17,100,1.17,0,11.72,13.73,2.34,1.17,0,31.99,2.34,20,0,0,1.17,0,0,23.44,77,2.34,80,50,2.34,4.69,9,50,-27,45.68,2.34,0.13,0.16,24.61,90,3.35,4.69,0,0,0,0,0,0,0,,0,0,0,18,68,14,0,75,25,20.89,13.01,0.83,108,-7.87,17.37,14,0,0,0,0,0,,0,0,,0,0,0,0,0,0,14,0,4.1,24,0.03,0.04,-0.93,-0.05,,-0.9
Christopher Mora,León,Liga MX,2026/2027,76,0.84,1,Left Back,,Man,Mexico,22,19/04/05,174,0,0,0,,0,,,0,,0,0,0.01,1.19,0,0.01,1.19,0,0,0,0,0.01,1.19,-0.01,1.19,1.19,0,100,0,0,0,0,0,0,1.19,1.58,10.68,4.75,0,4.75,20.82,8.3,0,1.19,1.19,100,1.58,1.58,0,,0,33,1.19,0,9.49,12.66,2.37,0,0,26.78,2.37,25,0,,0,0,0,36.78,80,5.93,83,71,1.19,8.3,2,0,-80,45.43,4.75,0.01,0.01,26.1,100,5.94,4.75,0,0,0,0,0,0,0,,0,,0,40,53,7,50,25,25,17.88,11.3,1.01,,-6.58,18.07,,0,0,0,0,0,,0,0,,0,0,0,0,0,0,38,18,4.03,36,0.12,0.05,0.19,,,0.37
Alejandro Magallón,Tijuana,Liga MX,2026/2027,68,0.76,1,Centre Back,Left Centre Back,Man,Mexico,21,08/01/06,180,0,0,0,,0,,,0,,0,0,0,0,0,0,0,0,0,0,0,0,0,0,0,0,0,,1.32,0,0,0,0,0,7.9,2.11,2.63,1.32,0.17,0,20.41,3.95,0,0,0,,0,0,0,,0,33,1.32,0,2.63,0.7,0,1.32,0,24.86,0,0,0,0,0,0,0,9.22,71,1.32,80,50,7.9,2.63,14,100,29,36.62,1.32,0,0,7.9,100,7.84,1.32,0,0,0,0,0,0,0,,0,,0,29,71,0,100,0,0,26.5,25.19,0.91,100,-1.31,24.13,25.19,0,0,0,0,0,,0,0,,0,0,0,0,0,0,14,0,,,0.01,0.02,0.45,,,0.47
Rogelio Cortéz,Necaxa,Liga MX,2026/2027,67,0.75,3,Left Attacking Midfielder,Left Defensive Midfielder,Man,Mexico,22,06/07/04,174,0,0,0.05,0.04,1.34,0,0,2,,0,0,0.05,1.34,0,0,0,0,0.05,1.34,0,0.1,2.67,-0.1,0,0,0,,2.67,0,1.34,0,1.34,2.06,0,0,13.35,4.01,0,8.01,38.67,9.35,1.34,4.01,5.34,100,4.05,6.11,0,,0,100,1.34,0,9.35,10.16,5.34,1.34,0,43.92,4.01,43,1.34,100,0,0,0,37.39,75,5.34,4,100,0,5.34,22,43,-32,54.93,6.68,0.85,0.9,32.05,96,4.78,10.68,2.67,1.34,1.34,0,0,1.34,0,0,0,,0,19,72,9,0,100,0,19.8,8.94,1.18,145,-10.86,23.28,12.96,0,0,0,0,0,,0,0,,0,0,0,0,0,0,28,3,4.54,19,0.27,0.05,0.08,-0.07,,0.33
Koifman,Tigres UANL,Liga MX,2026/2027,67,0.75,2,Right Defensive Midfielder,,Man,Mexico,19,11/06/07,,0,0,0.03,0.02,1.34,0,0,1,,0,0,0,0,0,0,0,0,0,0,0,0.03,1.34,-0.03,2.68,2.68,0,100,0,0,1.34,0,0,0,1.34,1.83,29.48,10.72,0,6.7,37.8,5.36,2.68,5.36,5.36,80,6.33,6.33,2.68,67,1.34,,0,0,21.44,28.27,6.7,6.7,2.68,40.77,4.02,19,4.02,60,0,0,0,54.94,93,4.02,29,75,1.34,5.36,7,100,7,51.57,4.02,0.08,0.08,52.26,97,5.04,13.4,0,0,0,0,0,0,0,,0,,0,15,83,2,10,90,0,20.4,21.81,0.99,100,1.41,20.15,21.81,0,0,0,0,0,,0,0,,0,0,0,0,0,0,7,2,3.89,18,-0.04,0.07,0.01,-0.04,,-0.01
Miguel Pedroza,Necaxa,Liga MX,2026/2027,66,0.74,3,Left Attacking Midfielder,,Man,Mexico,24,13/03/03,184,1.36,1.36,0.85,0.31,2.72,50,50,3,,1.26,0,0,0,0,0,0,0,0,0,1.36,0.85,2.72,0.51,0,0,0,,1.36,0,1.36,1.36,0,0,0,0,6.8,0,0,1.36,42.32,2.72,0,1.36,1.36,100,2.01,2.01,1.36,,0,100,1.36,0,4.08,6.37,1.36,0,0,43.44,0,0,0,,0,0,0,19.03,93,0,8,,0,0,36,100,7,55.28,1.36,0.11,0.89,19.03,86,1.8,4.08,0,0,0,1.36,10.87,10.87,0,,0,,2.72,14,57,29,0,67,33,14.66,17.75,0.94,100,3.09,13.76,17.75,0,0,0,0,0,,0,0,,0,0,0,0,0,0,7,0,,,-0.26,0.13,-0.01,0.39,,0.24
José Abella,Santos Laguna,Liga MX,2026/2027,65,0.72,1,Right Back,,Man,Mexico,33,09/02/94,175,0,0,0,,0,,,0,,0,0,0,0,0,0,0,0,0,0,0,0,0,0,0,0,0,,0,0,0,0,2.76,1.86,1.38,0.93,11.05,8.29,0,4.14,43.16,5.53,2.76,0,2.76,0,0,1.86,0,0,1.38,0,0,0,11.05,7.44,2.76,1.38,1.38,44.72,5.53,50,0,0,0,0,0,20.72,66,9.67,40,70,1.38,13.81,3,0,-66,55.82,6.91,1.05,1.05,15.2,100,2.02,8.29,4.14,1.38,2.76,0,0,1.38,0,0,0,,0,34,66,0,50,50,0,27.95,6.61,1.01,,-21.34,28.34,,0,0,0,0,0,,0,0,,0,0,0,0,0,0,38,34,5.25,52,0.91,0.03,-0.03,,,0.91
Iván López,Toluca,Liga MX,2026/2027,64,0.71,1,Centre Forward,,Man,Mexico,28,20/04/99,181,1.4,1.4,0.94,0.22,4.21,33,33,6,,1.26,0,0.09,1.4,0,0.09,1.4,0,0,0,1.4,1.03,5.61,0.37,0,0,0,,0,0,1.4,1.4,0,0,0,0,9.83,8.42,0,5.61,63.39,5.61,4.21,0,0,,0,0,1.4,,0,67,2.81,0,8.42,15.54,5.61,1.4,0,63.39,5.61,67,1.4,100,0,0,0,21.06,69,1.4,82,50,1.4,1.4,44,57,-12,66.55,0,1.54,1.56,15.44,82,2.71,7.02,0,0,0,1.4,12.63,12.63,0,,0,,2.81,13,69,19,0,60,40,16.1,18.35,0.8,106,2.25,12.94,19.46,0,0,0,0,0,,0,0,,0,0,0,0,0,0,38,6,6.32,23,-0.23,-0.08,0,0.22,,-0.09
Juan Cázares,Querétaro,Liga MX,2026/2027,63,0.7,1,Left Wing,,Man,Mexico,21,15/07/05,182,0,0,0.02,0.01,1.42,0,0,0,,0,0,0,0,0,0,0,0,0,0,0,0.02,1.42,-0.02,0,0,0,,0,0,1.42,2.85,0,0,0,0,14.25,11.4,0,0,55.03,5.7,4.27,0,0,,0,0,2.85,,0,0,0,0,12.82,6.61,0,1.42,0,50.19,7.12,56,1.42,100,0,0,0,19.95,67,0,50,0,0,2.85,13,50,-17,60.96,1.42,0.64,0.64,19.95,71,4.73,4.27,0,0,0,0,1.42,1.42,0,,0,0,0,40,40,20,0,33,67,16.4,6.66,0.58,164,-9.74,9.52,10.93,0,0,0,0,0,,0,0,,0,0,0,0,0,0,20,0,7.69,68,0.04,-0.02,-0.05,-0.02,,-0.06
Jesus Zambrano,Atlas,Liga MX,2026/2027,63,0.7,4,,,Man,Mexico,21,20/12/05,174,0,0,0,,0,,,0,,0,0,0,0,0,0,0,0,0,0,0,0,0,0,1.43,0,1.43,0,2.86,0,2.86,7.15,0,0,0,0,27.17,12.87,0,2.86,56.85,7.15,7.15,2.86,2.86,100,3.11,3.11,2.86,,0,0,0,0,21.45,22.55,2.86,1.43,1.43,58.97,15.73,73,1.43,100,1.43,0,0,31.46,86,0,11,,0,0,14,100,14,57.32,8.58,0.45,0.45,40.04,82,7.59,10.01,0,0,0,0,1.43,1.43,0,,0,0,0,23,77,0,29,71,0,13.28,11.55,1.01,100,-1.73,13.38,11.55,0,0,0,0,0,,0,0,,0,0,0,0,0,0,9,0,,,-0.01,0.16,0.02,,,0.17