Jugador,Competition,Season,Equipo,Equipo durante el período seleccionado,Posición específica,Edad,Minutos jugados,Goles,xG,Asistencias,xA,País de nacimiento,Acciones defensivas realizadas/90,Duelos defensivos/90,"Duelos defensivos ganados, %",Duelos aéreos en los 90,"Duelos aéreos ganados, %",Entradas/90,Posesión conquistada después de una entrada,Tiros interceptados/90,Interceptaciones/90,Posesión conquistada después de una interceptación,Faltas/90,Tarjetas amarillas,Tarjetas amarillas/90,Tarjetas rojas,Tarjetas rojas/90,Acciones de ataque exitosas/90,Goles/90,Goles (excepto los penaltis),"Goles, excepto los penaltis/90",xG/90,Goles de cabeza,Goles de cabeza/90,Remates,Remates/90,"Tiros a la portería, %","Goles hechos, %",Asistencias/90,Centros/90,"Precisión centros, %",Regates/90,"Regates realizados, %",Duelos atacantes/90,"Duelos atacantes ganados, %",Toques en el área de penalti/90,Carreras en progresión/90,Aceleraciones/90,Pases recibidos /90,Pases largos recibidos/90,Faltas recibidas/90,Pases/90,"Precisión pases, %",Pases hacia adelante/90,"Precisión pases hacia adelante, %",Pases hacia atrás/90,"Precision pases hacia atrás, %",Pases laterales/90,"Precisión pases laterales, %",Pases largos/90,"Precisión pases largos, %","Longitud media pases, m","Longitud media pases largos, m",xA/90,Asistencias/90,Second assists/90,Third assists/90,Desmarques/90,"Precisión desmarques, %",Jugadas claves/90,Pases en el último tercio/90,"Precisión pases en el último tercio, %",Pases al área de penalti/90,"Pases hacía el área pequeña, %",Pases en profundidad/90,"Precisión pases en profundidad, %",Ataque en profundidad/90,Centros desde el último tercio/90,Pases progresivos/90,"Precisión pases progresivos, %",Goles recibidos,Goles recibidos/90,Remates en contra,Remates en contra/90,Porterías imbatidas en los 90,"Paradas, %",xG en contra,xG en contra/90,Goles evitados,Goles evitados/90,Pases hacía atrás recibidos del arquero/90,Salidas/90,Duelos aéreos en los 90
E. Martínez,Liga MX U21,2025/26,Necaxa,Necaxa U21,RB,23,373,0,0,0,0,Mexico,6.51,6.27,46.15,0.97,0,0,0,0,3.62,4.95,0.72,1,0.24,0,0,0.97,0,0,0,0,0,0,0,0,0,0,0,0.24,100,1.21,60,3.38,50,0,0.72,0,24.37,0.97,1.21,33.3,76.09,13.03,62.96,3.86,93.75,12.31,84.31,4.83,35,22.69,32.97,0,0,0,0,0,0,0,3.14,61.54,0.48,100,0,0,0.24,0.24,6.76,50,0,,0,,0,0,0,0,,,1.93,,
M. Isaís,Liga MX U22,2025/26,Toluca,Deportivo Toluca U21,LB,25,252,0,0.09,0,0.31,United States,8.57,7.14,65,2.14,50,0,0,0,3.93,5.59,1.07,0,0,0,0,5.71,0,0,0,0.03,0,0,2,0.71,100,0,0,5,28.57,5.36,66.67,6.43,55.56,4.29,2.86,0,26.43,2.14,0.71,37.5,81.9,13.93,79.49,7.14,100,10.36,75.86,2.5,28.57,19.28,35.36,0.11,0.71,0,0,0,0,0.71,5.71,81.25,5,57.14,0,0,2.14,1.43,8.57,87.5,0,,0,,0,0,0,0,,,0.36,,
L. Olivas,Liga MX U23,2025/26,Atlante,Guadalajara U21,LCB,26,372,0,0.23,0,0.25,Mexico,7.5,4.35,83.33,2.66,81.82,0.24,0.36,0.24,3.63,5.36,0.97,0,0,0,0,1.45,0,0,0,0.05,0,0,3,0.73,0,0,0,0.48,100,0.48,100,1.94,62.5,1.69,2.42,0,31.94,0.48,0.48,45.97,84.74,20.32,83.33,4.35,94.44,16.45,89.71,5.56,52.17,20.79,45.14,0.06,0.48,0,0,0.48,100,0.48,6.77,67.86,0.97,50,0.48,100,0.24,0.48,10.65,72.73,0,,0,,0,0,0,0,,,1.94,,
A. Briseño,Liga MX U24,2025/26,Toluca,Deportivo Toluca U21,"RCB, LCB",32,462,0,0.5,0,0,Mexico,8.77,6.82,71.43,5.65,65.52,0.19,0.33,0.39,3.7,6.2,1.56,1,0.19,0,0,0.19,0,0,0,0.1,0,0,4,0.78,25,0,0,0,0,0,0,1.56,50,1.17,0.78,0,36.82,0.39,1.17,48.7,94,19.68,88.12,1.56,100,23.18,98.32,2.53,61.54,20.61,42.32,0,0,0.19,0,0,0,0,6.23,75,0.78,25,0.39,0,0.19,0,7.6,84.62,0,,0,,0,0,0,0,,,1.17,,
Ó. Manzanarez,Liga MX U25,2025/26,Club Tijuana,Club Tijuana U21,RCB,31,227,0,0,0,0,Mexico,13.08,7.93,90,2.78,42.86,0.4,0.48,1.19,5.55,6.77,1.59,0,0,0,0,0,0,0,0,0,0,0,0,0,0,0,0,0,0,0,0,1.59,50,0,0,0,24.19,0,0.79,38.06,84.38,15.86,70,5.15,100,13.88,94.29,5.15,61.54,20.15,35.05,0,0,0,0,0,0,0,1.98,40,0,0,0,0,0,0,6.74,47.06,0,,0,,0,0,0,0,,,5.15,,
F. Tapia,Liga MX U26,2025/26,América,América U21,GK,25,854,0,0,0,0,Mexico,1.37,0.21,50,0,0,0,0,0,1.26,1.96,0,0,0,0,0,0,0,0,0,0,0,0,0,0,0,0,0,0,0,0,0,0.11,100,0,0,0,18.44,0.32,0.11,29.09,87.32,12.86,77.05,0,0,15.39,95.21,7.17,55.88,27.83,45.6,0,0,0,0,0,0,0,1.37,61.54,0,0,0,0,0,0,5.59,66.04,8,0.84,25,2.63,3,68,7.77,0.82,-0.23,-0.024,0,1.05,0
É. Dueñas,Liga MX U27,2025/26,Querétaro U21,Querétaro U21,"RW, RB, CF",21,750,0,0.64,0,0.28,United States,11.52,8.76,60.27,0.48,25,0.84,1.07,0,5.4,6.85,2.16,1,0.12,0,0,2.76,0,0,0,0.08,0,0,5,0.6,40,0,0,2.76,43.48,1.68,78.57,7.08,38.98,1.32,1.2,0,24.12,1.44,1.32,34.2,78.25,12.6,75.24,7.32,93.44,9.12,71.05,3.12,42.31,17.54,33.89,0.03,0.72,0.12,0,0,0,0.24,4.2,71.43,3.12,50,0.12,100,0.84,1.2,8.04,71.64,0,,0,,0,0,0,0,,,1.44,,
J. González,Liga MX U28,2025/26,Puebla,Puebla U21,GK,35,290,0,0,0,0,Mexico,3.72,0,0,0.31,100,0,0,0,3.72,5.71,0,0,0,0,0,0,0,0,0,0,0,0,0,0,0,0,0,0,0,0,0,0.31,100,0,0,0,19.24,0,0.31,31.97,86.41,16.45,73.58,0,0,15.21,100,9.62,54.84,35.02,52.03,0,0,0,0,0,0,0,4.03,38.46,0,0,0.31,0,0,0,7.45,75,2,0.62,11,3.41,2,81.82,3.36,1.04,1.36,0.422,0,0.93,0.31
A. Gudiño,Liga MX U29,2025/26,Cruz Azul,Cruz Azul U21,GK,29,290,0,0,0,0,Mexico,0.93,0,0,0,0,0,0,0,0.93,1.53,0,0,0,0,0,0,0,0,0,0,0,0,0,0,0,0,0,0,0,0,0,0.31,100,0,0,0,30.1,0.62,0.31,42.21,92.65,15.83,84.31,0,0,23.59,98.68,11.17,75,25.18,47.93,0,0,0,0,0,0,0,1.86,50,0,0,0,0,0,0,6.21,75,2,0.62,9,2.79,1,77.78,2.14,0.66,0.14,0.043,0,1.86,0
G. Lajud,Liga MX U30,2025/26,Atlético de San Luis,Atlético de San Luis U21,GK,32,432,0,0,0,0,Mexico,0.83,0,0,0.21,100,0,0,0,0.83,1.52,0,0,0,0,0,0,0,0,0,0,0,0,0,0,0,0,0,0,0,0,0,0,0,0,0,0,16.25,0.83,0,23.96,93.04,10.83,84.62,0,0,12.08,100,5.83,71.43,29.53,49.84,0,0,0,0,0,0,0,2.08,50,0,0,0.21,0,0,0,4.17,80,5,1.04,20,4.17,2,75,4.22,0.88,-0.78,-0.163,0,0.83,0.21
S. Trigos,Liga MX U31,2025/26,Pumas UNAM,Pumas UNAM U21,"DMF, RCMF, CB",24,141,0,0,0,0,Mexico,5.11,7.66,41.67,5.11,37.5,1.28,1.4,0,0.64,0.7,0.64,1,0.64,0,0,0.64,0,0,0,0,0,0,0,0,0,0,0,0,0,1.28,50,7.66,58.33,0,0,0,31.28,0,2.55,38.3,88.33,15.96,76,1.91,100,15.96,96,5.11,62.5,20.74,47.89,0,0,0,0,0,0,0,5.74,66.67,0,0,0,0,0,0,5.11,87.5,0,,0,,0,0,0,0,,,0.64,,
R. Martínez,Liga MX U32,2025/26,Guadalajara U21,Guadalajara U21,"LCMF, RCB, RB",23,173,0,0.14,0,0.05,Mexico,8.84,6.76,61.54,1.56,66.67,0.52,0.68,0,4.16,5.45,0.52,2,1.04,0,0,3.12,0,0,0,0.07,0,0,3,1.56,0,0,0,2.08,50,2.08,100,8.32,68.75,0.52,1.04,0,30.17,0.52,1.56,43.7,83.33,13.53,84.62,7.28,92.86,16.65,78.13,5.2,60,19.9,42.92,0.03,0.52,0,0,0,0,1.04,4.16,62.5,2.6,40,0,0,0,1.04,6.76,53.85,0,,0,,0,0,0,0,,,1.04,,
E. Partida,Liga MX U33,2025/26,Irapuato,Querétaro U21,"LB, LW",28,224,1,0.18,0,0.13,Mexico,7.63,3.21,75,3.21,87.5,0.8,0.87,0.8,4.42,4.78,0,0,0,0,0,3.21,0.4,1,0.4,0.07,0,0,5,2.01,40,20,0,4.82,25,1.61,75,5.22,46.15,0.8,1.21,0.4,27.72,3.62,1.21,36.56,65.93,15.27,65.79,4.02,100,12.05,63.33,9.24,43.48,27.41,42.33,0.05,1.61,0,0,0,0,0.4,7.63,42.11,3.62,33.33,0.4,100,0.4,0.8,10.04,60,0,,0,,0,0,0,0,,,0,,
C. Vargas,Liga MX U34,2025/26,Cruz Azul,Cruz Azul U21,LCB,27,313,0,0.08,2,0.94,Mexico,9.78,5.46,63.16,2.01,42.86,1.44,2.54,0.86,4.89,8.64,1.15,0,0,0,0,0.58,0,0,0,0.02,0,0,2,0.58,0,0,0.58,0.58,50,0.29,100,1.44,80,0.58,1.15,0,41.41,1.15,1.15,57.51,87.5,25.3,81.82,4.89,94.12,23,90,8.63,56.67,23.56,45.38,0.27,1.15,0,0,0.29,0,0.58,10.06,82.86,0.86,33.33,0.29,100,0.29,0.29,14.09,77.55,0,,0,,0,0,0,0,,,4.31,,
A. Herrera,Liga MX U35,2025/26,Mazatlán,Mazatlán U21,LB,25,425,1,0.3,0,0.22,Mexico,9.95,8.05,71.05,1.48,85.71,0.21,0.24,0.64,4.02,4.6,1.27,1,0.21,0,0,1.06,0.21,1,0.21,0.06,0,0,1,0.21,100,100,0,1.27,16.67,0.42,100,3.18,53.33,0.21,0.64,0,25.62,1.69,1.06,34.94,77.58,11.22,69.81,5.29,92,11.65,81.82,2.75,46.15,19.49,35.5,0.05,1.27,0,0,0.21,100,0.42,5.72,74.07,1.69,50,0.85,50,0.64,0.42,8.05,71.05,0,,0,,0,0,0,0,,,1.06,,
L. Gutiérrez,Liga MX U36,2025/26,Querétaro,Querétaro U21,"RB, RW",24,506,1,0.45,2,1.07,Mexico,7.65,5.51,67.74,1.25,28.57,0.36,0.37,0.53,3.56,3.7,0.53,0,0,0,0,3.02,0.18,1,0.18,0.08,0,0,5,0.89,40,20,0.36,2.31,38.46,2.85,56.25,6.76,36.84,1.07,1.6,0.18,19.03,2.13,0.36,25.08,70.92,11.21,66.67,4.09,86.96,5.87,63.64,3.38,52.63,18.54,26.37,0.19,0.71,0,0.18,0.18,100,0.53,4.98,64.29,1.78,40,0.53,33.33,0,1.07,6.23,74.29,0,,0,,0,0,0,0,,,0.36,,
J. Reyes,Liga MX U37,2025/26,Dorados,Club Tijuana U21,"RCB, LCB",28,162,0,0,0,0,Mexico,7.78,3.89,85.71,5,77.78,0,0,0.56,4.44,5.71,0,0,0,0,0,0,0,0,0,0,0,0,0,0,0,0,0,0,0,0,0,1.67,66.67,0,0,0,23.33,0,1.67,40.56,86.3,13.89,80,5,100,18.33,87.88,3.89,57.14,21.64,45.71,0,0,0,0,0,0,0,2.22,25,0,0,0,0,0,0,7.78,57.14,0,,0,,0,0,0,0,,,5,,
G. Martínez,Liga MX U38,2025/26,Irapuato,Atlético de San Luis U21,"RCB, CB",23,634,0,0.3,0,0,Mexico,6.81,4.83,67.65,2.84,70,0.43,0.72,0.43,3.12,5.28,0.85,2,0.28,0,0,0.71,0,0,0,0.04,0,0,6,0.85,33.33,0,0,0,0,0.57,75,3.83,66.67,0.71,1.85,0,38.61,0.28,2.27,54.65,91.95,15.9,80.36,5.39,94.74,29.38,97.1,4.68,54.55,22.32,42.41,0,0,0,0.14,0,0,0,4.54,59.38,0,0,0,0,0,0,7.1,72,0,,0,,0,0,0,0,,,3.69,,
C. Robles,Liga MX U39,2025/26,CA La Paz,Atlas U21,"LCB, RCB",25,193,0,0,0,0,Mexico,10.26,7.93,64.71,3.73,75,0.47,0.65,0.47,4.66,6.52,2.33,0,0,0,0,0,0,0,0,0,0,0,0,0,0,0,0,0,0,0.47,0,1.87,50,0,0.47,0,29.38,0.47,2.33,40.1,93.02,16.79,86.11,4.2,100,14.92,100,9.33,80,22.83,41.62,0,0,0,0,0,0,0,5.13,90.91,0,0,0,0,0.47,0,8.86,89.47,0,,0,,0,0,0,0,,,1.4,,
C. López,Liga MX U40,2025/26,Atlético de San Luis,Atlético de San Luis U21,GK,26,459,0,0,0,0,Mexico,3.73,0,0,0,0,0,0,0,3.73,5.76,0,0,0,0,0,0,0,0,0,0,0,0,0,0,0,0,0,0,0,0,0,0,0,0,0,0,19.02,0.78,0,30.59,76.28,16.27,56.63,0,0,13.33,100,13.33,47.06,38.26,54.89,0,0,0,0,0,0,0,5.69,34.48,0.2,0,0.78,25,0,0,8.82,68.89,6,1.18,20,3.92,0,70,5.64,1.11,-0.36,-0.071,0,1.18,0
J. Alcantar,Liga MX U41,2025/26,Melgar,Necaxa U21,LCB,22,170,0,0.21,0,0.06,Mexico,6.88,6.35,83.33,5.29,70,0,0,0,1.59,1.96,0.53,0,0,0,0,0,0,0,0,0.11,0,0,1,0.53,0,0,0,0,0,0,0,0.53,0,0,1.06,0,15.88,1.06,0.53,32.29,78.69,15.35,62.07,1.59,100,13.76,92.31,6.88,38.46,24.99,45.61,0.03,0.53,0,0,0,0,0,4.76,44.44,1.06,0,0,0,0,0,6.88,76.92,0,,0,,0,0,0,0,,,1.06,,
H. Holguín,Liga MX U42,2025/26,Santos Laguna,Santos Laguna U21,GK,25,193,0,0,0,0,United States,1.4,0.47,100,1.4,100,0,0,0,0.93,1.43,0,0,0,0,0,0,0,0,0,0,0,0,0,0,0,0,0,0,0,0,0,0,0,0,0,0,12.12,0,0.93,25.18,96.3,8.39,88.89,0.47,100,15.39,100,4.2,88.89,25.51,51.73,0,0,0,0,0,0,0,0.93,50,0,0,0,0,0,0,3.26,85.71,1,0.47,3,1.4,1,66.67,1.51,0.7,0.51,0.238,0,3.26,1.4
L. Sánchez,Liga MX U43,2025/26,Monterrey,Monterrey U21,"LCB, RCB",26,272,0,0.2,0,0,Mexico,8.6,5.96,77.78,4.63,57.14,0,0,0.66,3.97,5.45,0.99,0,0,0,0,0.33,0,0,0,0.07,0,0,1,0.33,0,0,0,0,0,0.33,100,0.99,66.67,1.65,0.99,0,24.15,0,0.66,36.4,85.45,15.55,76.6,2.98,100,13.9,95.24,4.3,53.85,19.06,33.87,0,0,0,0,0,0,0,3.97,58.33,0.33,0,0,0,0,0,6.62,60,0,,0,,0,0,0,0,,,2.98,,
A. Álvarez,Liga MX U44,2025/26,Toluca,Deportivo Toluca U21,"LB, CF",23,1115,0,0.75,0,1.81,Mexico,9.28,7.43,59.78,1.78,59.09,0.4,0.56,0.08,4.44,6.11,1.94,3,0.24,1,0.08,3.47,0,0,0,0.06,0,0,12,0.97,50,0,0,3.96,32.65,2.83,57.14,7.75,43.75,0.4,2.42,0.48,23.65,1.13,1.7,35.76,77.65,10.98,72.06,7.35,94.51,11.46,76.06,4.04,52,21.97,37.56,0.15,0.97,0.08,0,0.08,100,0.24,4.36,68.52,3.31,43.9,0.24,66.67,0.32,1.29,7.35,76.92,0,,0,,0,0,0,0,,,1.13,,
B. Díaz,Liga MX U45,2025/26,Juárez,Juárez U21,GK,27,390,0,0,0,0,United States,1.38,0,0,0.23,100,0,0,0,1.38,1.64,0,0,0,0,0,0,0,0,0,0,0,0,0,0,0,0,0,0,0,0,0,0,0,0,0,0,6.92,0,0.46,15.46,83.58,8.77,73.68,0.23,100,5.77,96,7.85,70.59,34.46,46.65,0,0,0,0,0,0,0,1.38,66.67,0,0,0,0,0,0,5.54,75,5,1.15,18,4.15,1,72.22,4.65,1.07,-0.35,-0.081,0,1.38,0.23
J. Hernández,Liga MX U46,2025/26,Club Tijuana,Club Tijuana U21,GK,27,771,0,0,1,0,Mexico,1.52,0,0,0,0,0,0,0,1.52,2.11,0,0,0,0,0,0,0,0,0,0,0,0,0,0,0,0,0.12,0,0,0,0,0,0,0,0,0,21.01,0.35,0.12,31.52,84.44,19.03,76.69,0,0,11.56,95.96,15.06,69.77,33.75,45.75,0,0,0,0,0,0,0.12,3.04,42.31,0.12,0,0.23,100,0.12,0,9.34,73.75,7,0.82,28,3.27,3,75,5.96,0.7,-1.04,-0.121,0,0.93,0
A. Sánchez,Liga MX U47,2025/26,Atlas,Atlas U21,GK,26,198,0,0,0,0,Mexico,2.27,0,0,0,0,0,0,0,2.27,3.75,0,0,0,0,0,0,0,0,0,0,0,0,0,0,0,0,0,0,0,0,0,0.91,100,0,0,0,18.64,0.45,0.91,33.18,89.04,18.64,82.93,0,0,14.09,96.77,8.18,55.56,37.47,51.78,0,0,0,0,0,0,0,2.27,0,0.91,0,0,0,0,0,5.45,75,1,0.45,11,5,1,90.91,3.06,1.39,2.06,0.936,0,0.45,0
P. Medina,Liga MX U48,2025/26,León,Club León U21,"RB, RCMF",27,374,0,0.07,1,0.3,Mexico,9.63,9.39,64.1,0.72,100,0,0,0,3.61,5.11,1.93,2,0.48,0,0,1.93,0,0,0,0.02,0,0,2,0.48,0,0,0.24,1.68,85.71,1.44,33.33,5.29,27.27,0,1.2,0.24,29.36,0.96,0.72,38.02,86.71,14.2,76.27,7.22,100,13.72,87.72,5.53,65.22,21.23,36.71,0.07,0.48,0,0.24,0,0,0.24,5.78,75,2.41,60,0,0,0,1.44,8.9,72.97,0,,0,,0,0,0,0,,,1.44,,
A. Blanco,Liga MX U49,2025/26,León,Club León U21,GK,38,390,0,0,0,0,Mexico,2.31,0.46,100,0.23,100,0,0,0,1.85,2.73,0,0,0,0,0,0,0,0,0,0,0,0,0,0,0,0,0,0,0,0,0,0,0,0,0,0,17.31,0.46,0,25.85,83.93,14.31,75.81,0,0,11.08,93.75,8.77,63.16,31.98,48.72,0,0,0,0,0,0,0,2.31,40,0.23,0,0.46,0,0,0,6.92,60,7,1.62,21,4.85,0,66.67,5.69,1.31,-1.31,-0.302,0,1.15,0.23
A. García,Liga MX U50,2025/26,Cruz Azul,Cruz Azul U21,"CB, LCMF",24,250,0,0,0,0.42,Mexico,9.36,5.4,66.67,1.8,80,0.72,1.2,0.36,5.04,8.4,0.72,0,0,0,0,0.36,0,0,0,0,0,0,0,0,0,0,0,0,0,0.72,50,1.8,20,0.36,0,0,38.52,0,0,52.56,88.36,12.96,72.22,7.92,95.45,27.72,96.1,4.32,41.67,23.11,52.94,0.15,0.36,0,0,0,0,0.36,6.12,52.94,0,0,0.72,0,0.36,0,6.12,64.71,0,,0,,0,0,0,0,,,4.68,,
C. Jiménez,Liga MX U51,2025/26,Cruz Azul,Cruz Azul U21,"CB, RCB, LCB",23,1914,2,0.98,1,0.47,Mexico,8.79,5.31,71.68,2.87,54.1,0.24,0.37,0.42,4.75,7.44,0.94,3,0.14,2,0.09,0.66,0.09,2,0.09,0.05,1,0.05,14,0.66,14.29,14.286,0.05,0.24,0,1.13,50,3.29,44.29,0.33,1.27,0.05,38.46,0.24,0.99,54.4,88.42,16.55,74.72,4.23,95.56,28.64,94.91,5.88,52,21.62,41.86,0.02,0.24,0.09,0,0,0,0.09,7.43,68.99,0.85,11.11,0.38,12.5,0.05,0,8.04,73.68,0,,0,,0,0,0,0,,,1.74,,
R. Rubio,Liga MX U52,2025/26,Correcaminos UAT,Cruz Azul U21,"CB, RCB",25,787,0,0.04,0,0,Mexico,10.41,8.23,75,3.66,50,0.34,0.58,1.03,3.89,6.62,1.26,1,0.11,1,0.11,0.11,0,0,0,0,0,0,2,0.23,0,0,0,0,0,0.11,100,2.63,60.87,0.46,2.29,0.11,48.37,0.8,1.6,65.98,91.85,22.3,82.05,3.89,100,35.68,96.79,6.18,53.7,21.32,39.24,0,0.23,0.11,0,0,0,0,8.12,77.46,0.34,0,0.34,66.67,0,0,9.49,78.31,0,,0,,0,0,0,0,,,2.06,,
C. Ramos,Liga MX U53,2025/26,Atlas,Atlas U21,GK,26,870,0,0,0,0,Mexico,1.55,0.1,0,0.21,100,0,0,0,1.55,2.33,0,0,0,0,0,0,0,0,0,0,0,0,0,0,0,0,0,0,0,0,0,0,0,0,0,0,18.41,0.62,0,30.83,92.28,10.45,83.17,0,0,18.93,96.72,6.31,67.21,27.31,47.25,0,0,0,0,0,0,0,1.55,26.67,0.1,0,0,0,0,0,3.93,84.21,12,1.24,41,4.24,1,70.73,9.76,1.01,-2.24,-0.232,0,1.03,0.21
Jorge García,Liga MX U54,2025/26,Mazatlán,Mazatlán U21,"RB, LB",24,173,0,0,0,0,Mexico,9.88,7.28,64.29,1.04,100,0.52,0.7,0,4.68,6.28,1.04,0,0,0,0,1.04,0,0,0,0,0,0,0,0,0,0,0,2.08,0,1.04,100,14.05,40.74,0.52,1.04,0,13.53,4.16,5.72,26.53,68.63,10.4,75,5.2,100,5.2,40,5.2,60,17.8,34.01,0,0,0,0,0,0,0,2.6,60,1.56,0,0,0,0,0,5.72,45.45,0,,0,,0,0,0,0,,,1.04,,
D. Rosales,Liga MX U55,2025/26,Guadalajara U21,Guadalajara U21,"RCB, CB",20,1054,2,0.72,0,0.1,United States,8.28,6.15,66.67,1.62,31.58,0.34,0.47,0.26,3.84,5.23,1.54,3,0.26,1,0.09,0.6,0.17,2,0.17,0.06,1,0.09,3,0.26,66.67,66.667,0,0.34,50,0.43,60,1.71,45,0.68,0.77,0.09,25.28,0.43,0.34,37.83,86.23,18.36,79.07,3.16,86.49,12.3,95.14,6.83,61.25,21.73,39.34,0.01,0.17,0,0,0,0,0.09,4.18,73.47,0.68,50,0.09,100,0.09,0.17,8.54,68,0,,0,,0,0,0,0,,,1.54,,
J. Eulogio,Liga MX U56,2025/26,Pachuca,Pachuca U21,GK,22,385,0,0,0,0.37,Mexico,1.64,0.23,100,0.94,100,0,0,0,1.4,1.96,0,1,0.23,0,0,0,0,0,0,0,0,0,0,0,0,0,0,0,0,0,0,0,0,0,0,0,13.56,0.47,0.23,23.61,92.08,9.82,83.33,0,0,13.09,98.21,7.71,81.82,32.97,49.43,0.09,0.47,0,0,0,0,0.47,1.87,62.5,0,0,0.23,0,0,0,6.08,80.77,2,0.47,24,5.61,2,91.67,3.35,0.78,1.35,0.316,0,1.17,0.94
C. Bustos,Liga MX U57,2025/26,Monterrey,Monterrey U21,"RCB, LCB, RB",20,1387,1,1.09,0,0.01,Mexico,7.98,4.35,68.66,4.02,46.77,0.65,0.98,0.58,4.35,6.55,0.52,1,0.06,0,0,0.45,0.06,1,0.06,0.07,1,0.06,7,0.45,28.57,14.286,0,0.45,28.57,0.52,37.5,2.08,46.88,0.84,1.3,0,28.88,0.65,0.52,45.75,86.24,20.89,81.06,3.11,93.75,17.26,93.61,5.9,60.44,22.33,43.09,0,0.06,0.06,0.06,0,0,0,6.55,66.34,0.91,35.71,0.65,40,0.26,0.13,9.93,73.86,0,,0,,0,0,0,0,,,2.21,,
J. Gómez,Liga MX U58,2025/26,Puebla,Puebla U21,GK,25,389,0,0,0,0,Mexico,2.08,0,0,0,0,0,0,0,2.08,3.29,0,0,0,0,0,0,0,0,0,0,0,0,0,0,0,0,0,0,0,0,0,0,0,0,0,0,16.2,0.23,0.23,27.07,82.91,14.58,73.02,0,0,12.03,96.15,8.56,56.76,32.9,51.86,0,0,0,0,0,0,0,3.01,53.85,0.23,0,0.46,0,0,0,6.02,65.38,8,1.85,20,4.63,0,60,4.48,1.04,-3.52,-0.814,0,1.62,0
L. Villegas,Liga MX U59,2025/26,Querétaro,Querétaro U21,GK,24,484,0,0,0,0,Mexico,1.49,0.19,0,0.19,100,0,0,0,1.49,2.03,0,0,0,0,0,0,0,0,0,0,0,0,0,0,0,0,0,0,0,0,0,0,0,0,0,0,12.64,0.19,0.19,24.92,85.07,12.46,74.63,0,0,10.79,94.83,6.88,56.76,27.89,46.86,0,0,0,0,0,0,0,1.49,62.5,0,0,0,0,0,0,6.51,51.43,8,1.49,20,3.72,1,60,5.42,1.01,-2.58,-0.48,0,1.3,0.19
C. Rodas,Liga MX U60,2025/26,Alebrijes de Oaxaca,Atlético de San Luis U21,GK,24,775,0,0,0,0,Mexico,2.79,0.35,33.33,0.23,100,0,0,0,2.67,4.21,0.12,0,0,0,0,0,0,0,0,0,0,0,0,0,0,0,0,0,0,0,0,0,0,0,0,0,14.63,0.23,0.12,26.25,89.82,12.77,81.82,0,0,12.89,97.3,6.74,63.79,30.35,50.95,0,0,0,0,0,0,0,1.74,53.33,0,0,0,0,0,0,5.92,72.55,17,1.97,40,4.65,0,57.5,14.85,1.73,-2.15,-0.25,0,1.28,0.23
A. Leone Larios,Liga MX U61,2025/26,Monterrey U21,Monterrey U21,"RB, RCB",,143,0,0.16,0,0.11,,10.7,8.18,61.54,4.41,42.86,0.63,0.94,0.63,5.03,7.5,0.63,0,0,0,0,1.26,0,0,0,0.1,0,0,2,1.26,50,0,0,0.63,100,0,0,2.52,25,1.26,1.89,0.63,22.03,3.15,0.63,30.21,83.33,12.59,75,5.03,87.5,7.55,100,2.52,50,18.88,37.41,0.07,0.63,0,0,0,0,0.63,2.52,100,1.26,50,0,0,0,0.63,6.92,63.64,0,,0,,0,0,0,0,,,1.89,,
J. Gómez,Liga MX U62,2025/26,Pumas UNAM U17,Pumas UNAM U21,"RB, LB",16,161,0,0,0,0.08,Mexico,5.59,7.83,21.43,2.24,25,1.12,1.76,0,2.8,4.41,1.68,0,0,0,0,1.68,0,0,0,0,0,0,0,0,0,0,0,0,0,2.24,75,6.71,33.33,0.56,1.68,0,19.57,1.12,0.56,22.36,92.5,4.47,87.5,7.83,100,5.03,88.89,0.56,100,14.51,6.46,0.04,0.56,0,0,0,0,0,0.56,100,0,0,0,0,0,0,2.8,60,0,,0,,0,0,0,0,,,0,,
D. Alonso García,Liga MX U63,2025/26,Mazatlán U21,Mazatlán U21,"LCB, RCB",21,483,0,0,0,0,Mexico,7.45,6.15,72.73,3.91,80.95,0,0,0.37,2.98,3.69,0.37,0,0,0,0,0,0,0,0,0,0,0,0,0,0,0,0,0,0,0.19,0,1.49,25,0.19,0.37,0,24.78,0.75,0.75,39.5,87.74,19.38,80.77,3.54,89.47,13.23,94.37,5.96,59.38,23.06,45.92,0,0,0,0,0,0,0,6.52,80,0,0,0.37,50,0,0,9.13,79.59,0,,0,,0,0,0,0,,,2.61,,
Jorge Leyva,Liga MX U64,2025/26,Tigres UANL U21,Tigres UANL U21,RCB,21,1220,0,0.27,0,0.04,Mexico,7.38,6.05,71.95,3.17,74.42,0.22,0.37,0.15,2.8,4.63,1.18,3,0.22,1,0.07,0.15,0,0,0,0.02,0,0,3,0.22,33.33,0,0,0.15,0,0.15,50,1.25,47.06,0.37,0.74,0,30.25,0.22,0.44,42.64,85.99,15.79,71.5,4.8,96.92,17.93,96.71,5.24,45.07,18.55,28.08,0,0.07,0,0,0,0,0,4.65,71.43,0.3,50,0.37,20,0.22,0,7.38,62,0,,0,,0,0,0,0,,,3.91,,
A. Vázquez,Liga MX U65,2025/26,Santos Laguna U21,Santos Laguna U21,"LCB, RCB",21,1292,0,0.24,0,0.07,Mexico,10.1,8.64,70.97,2.86,46.34,0.28,0.42,0.42,3.69,5.62,0.98,1,0.07,0,0,0.07,0,0,0,0.02,0,0,1,0.07,0,0,0,0.07,0,0.14,50,0.91,23.08,0.28,0.7,0,15.19,0.28,0.14,26.33,82.01,13.03,79.14,0.98,64.29,9.96,90.21,4.39,52.38,20.35,28.64,0,0.21,0,0,0,0,0,4.18,65,0.28,25,0.21,33.33,0.21,0,6.27,71.11,0,,0,,0,0,0,0,,,0.49,,
C. González,Liga MX U66,2025/26,Querétaro U21,Querétaro U21,GK,21,579,0,0,0,0,Mexico,1.71,0.31,50,0.31,100,0,0,0,1.55,2,0,0,0,0,0,0,0,0,0,0,0,0,0,0,0,0,0,0,0,0,0,0,0,0,0,0,12.44,0.31,0,18.65,83.33,9.17,67.8,0,0,8.86,98.25,8.55,65.45,35.19,51.26,0,0,0,0,0,0,0,1.4,44.44,0,0,0,0,0,0,5.91,71.05,9,1.4,20,3.11,1,55,5.98,0.93,-3.02,-0.469,0,0.78,0.31
E. Alvarado,Liga MX U67,2025/26,Santos Laguna U21,Santos Laguna U21,LB,20,1633,2,0.12,2,0.33,Mexico,7.88,5.29,62.5,1.6,51.72,0.22,0.33,0.28,4.35,6.51,0.28,1,0.06,0,0,1.21,0.11,2,0.11,0.01,0,0,6,0.33,66.67,33.333,0.11,2.2,30,0.72,46.15,2.98,31.48,0.22,1.05,0,20.39,1.16,0.61,32.9,71.36,18.19,68.79,2.65,93.75,8.27,70,7.27,50,22.37,35.61,0.02,0.33,0,0,0,0,0.11,7.16,61.54,2.54,32.61,0.5,55.56,0.33,0.72,10.14,74.46,0,,0,,0,0,0,0,,,0.28,,
J. Sifuentes,Liga MX U68,2025/26,Santos Laguna U21,Santos Laguna U21,"DMF, RCB",20,220,0,0,0,0.25,Mexico,8.59,6.55,62.5,5.32,76.92,1.23,1.96,0,3.27,5.22,1.64,0,0,0,0,0.41,0,0,0,0,0,0,0,0,0,0,0,0.41,0,0.41,100,2.45,50,0.82,0,0,12.27,0,0.41,24.14,67.8,8.18,55,2.86,85.71,11.45,75,4.5,45.45,21.06,36.58,0.1,0.41,0,0,0,0,0,3.68,55.56,1.23,33.33,0.41,0,0.82,0,3.68,44.44,0,,0,,0,0,0,0,,,0.82,,
K. García,Liga MX U69,2025/26,Santos Laguna U19,Santos Laguna U21,RCB,20,168,0,0.34,0,0,Mexico,6.96,4.29,50,2.14,75,0.54,0.71,0.54,4.29,5.71,2.14,1,0.54,0,0,0,0,0,0,0.18,0,0,1,0.54,0,0,0,0,0,0.54,0,2.14,50,0.54,1.07,0,16.07,0,2.14,25.18,74.47,13.39,52,0,0,10.71,100,3.21,16.67,25.78,38.71,0,0,0,0,0,0,0,3.21,33.33,0,0,0.54,0,0,0,3.21,50,0,,0,,0,0,0,0,,,0,,
J. Pérez,Liga MX U70,2025/26,Santos Laguna,Santos Laguna U21,"LCB, CB, RCB",20,477,2,0.68,0,0,Mexico,8.87,5.09,74.07,3.02,56.25,0.57,0.78,0.94,4.53,6.26,1.13,0,0,0,0,0.75,0.38,2,0.38,0.13,2,0.38,5,0.94,60,40,0,0,0,0.38,50,0.75,50,0.94,0.94,0,14.34,0,0.38,28.11,84.56,13.4,74.65,1.89,70,10.57,98.21,5.66,66.67,23.28,39.05,0,0,0,0,0,0,0,3.77,60,0,0,0.19,0,0,0,7.17,76.32,0,,0,,0,0,0,0,,,0.38,,
F. Carrillo,Liga MX U71,2025/26,Santos Laguna U21,Santos Laguna U21,LB,20,284,0,0.35,0,0,Mexico,4.12,2.54,62.5,1.58,40,0.32,0.48,0,2.22,3.33,0,0,0,0,0,1.27,0,0,0,0.11,0,0,1,0.32,0,0,0,1.58,0,2.54,50,3.17,40,0.32,0.63,0.63,16.48,0.95,0.32,26.62,60.71,16.48,57.69,2.54,100,5.39,58.82,5.07,37.5,13.59,21.49,0,0,0,0,0,0,0,5.7,44.44,2.54,12.5,0.32,0,0.32,0,8.56,55.56,0,,0,,0,0,0,0,,,0.63,,
S. Barajas,Liga MX U72,2025/26,Santos Laguna U21,Santos Laguna U21,GK,19,1930,0,0,0,0,Mexico,1.91,0.23,100,0.33,100,0,0,0,1.68,2.54,0,1,0.05,0,0,0,0,0,0,0,0,0,0,0,0,0,0,0,0,0,0,0.19,100,0,0,0.05,6.16,0.09,0.37,13.29,78.6,7.55,65.43,0,0,4.76,96.08,5.36,51.3,33.76,50.99,0,0,0.05,0,0,0,0,1.73,35.14,0.05,0,0.05,0,0,0,3.82,63.41,28,1.31,101,4.71,4,72.28,28.32,1.32,0.32,0.015,0,1.82,0.33
T. Martínez,Liga MX U73,2025/26,Santos Laguna U21,Santos Laguna U21,LCB,21,1418,0,0.38,0,0,Mexico,10.54,6.92,68.81,4.13,44.62,0.76,1.21,0.63,5.01,7.95,1.33,5,0.32,0,0,0,0,0,0,0.02,0,0,3,0.19,0,0,0,0.06,0,0,0,0.83,53.85,0.57,0.89,0,16.06,0.13,0.7,30.72,77.07,14.22,63.39,1.71,96.3,11.87,90.91,7.05,51.35,21.63,33.92,0,0,0,0,0,0,0,4.95,60.26,0.38,0,0.32,20,0.06,0,8.31,61.07,0,,0,,0,0,0,0,,,1.46,,
A. Carrera,Liga MX U74,2025/26,Tigres UANL,Tigres UANL U21,GK,22,2306,0,0,0,0,Mexico,1.52,0.04,0,0.2,80,0,0,0,1.52,2.52,0.04,1,0.04,0,0,0,0,0,0,0,0,0,0,0,0,0,0,0,0,0,0,0.2,80,0,0,0,19.98,0.51,0.23,27.09,86.89,12.53,77.26,0.08,50,13.54,96.25,8.04,64.08,29.76,49.34,0,0,0,0,0,0,0,1.87,39.58,0.08,0,0.12,33.33,0,0,6.21,66.67,24,0.94,64,2.5,9,62.5,19.85,0.77,-4.15,-0.162,0,0.74,0.2
G. León,Liga MX U75,2025/26,Tigres UANL U21,Tigres UANL U21,"RCB, LCB",21,438,0,0,1,0.09,Mexico,8.22,7.19,65.71,2.47,75,0.41,0.74,0,3.08,5.56,2.26,3,0.62,0,0,0,0,0,0,0,0,0,0,0,0,0,0.21,0,0,0,0,1.23,50,0,0.21,0,41.1,1.03,0.62,56.92,85.56,25.07,76.23,5.34,100,22.4,93.58,9.04,47.73,23.58,42.5,0.02,0.21,0,0,0,0,0.21,8.42,51.22,1.03,0,0.41,100,0,0,10.07,63.27,0,,0,,0,0,0,0,,,4.11,,
R. Guerrero,Liga MX U76,2025/26,Tigres UANL,Tigres UANL U21,RCB,23,568,0,0.63,0,0,Mexico,5.7,4.75,60,5.7,75,0.16,0.28,0.79,2.69,4.68,1.74,2,0.32,0,0,0.16,0,0,0,0.1,0,0,4,0.63,25,0,0,0,0,0.32,0,3.49,54.55,0.79,1.27,0,35.65,0,1.27,49.6,87.22,15.05,78.95,5.07,96.88,23.13,92.47,5.07,46.88,20.47,48.17,0,0,0,0,0,0,0,5.86,59.46,0.16,100,0.48,0,0.32,0,6.97,63.64,0,,0,,0,0,0,0,,,3.49,,
K. Jaime,Liga MX U77,2025/26,Tigres UANL U21,Tigres UANL U21,LB,22,2657,1,2.1,6,5.48,Mexico,9.99,7.86,71.98,2.34,53.62,0.81,1.35,0.17,3.52,5.83,1.32,5,0.17,0,0,2.47,0.03,1,0.03,0.07,0,0,29,0.98,37.93,3.448,0.2,3.39,23,2.07,63.93,6.67,46.19,1.8,1.93,0.27,30.89,1.9,1.35,41.12,80.81,14.94,73.92,9.38,96.75,10.3,78.95,3.56,48.57,19.23,43.05,0.19,1.49,0.1,0.03,0.03,0,0.3,4.98,66.67,2.91,39.53,0.27,12.5,0.75,0.78,7.96,75.74,0,,0,,0,0,0,0,,,0.78,,
J. Tejeda,Liga MX U78,2025/26,Santos Laguna U21,Santos Laguna U21,RCB,22,2144,0,0.23,0,0.85,Mexico,8.4,6.13,69.18,2.64,44.44,0.08,0.12,0.76,4.07,6.02,0.92,2,0.08,0,0,0.13,0,0,0,0.01,0,0,7,0.29,0,0,0,0.08,0,0.21,60,1.09,46.15,0.46,0.55,0.04,20.49,0.08,0.38,34.72,81.86,16.67,69.77,1.76,92.86,12.8,97.38,8.1,54.4,23.12,37.47,0.04,0.08,0,0,0,0,0.08,4.7,61.61,0.34,25,0.17,25,0.21,0,7.85,62.57,0,,0,,0,0,0,0,,,1.34,,
D. Sánchez,Liga MX U79,2025/26,Santos Laguna U21,Santos Laguna U21,GK,23,572,0,0,0,0,Mexico,3.15,0,0,0.63,100,0,0,0,3.15,4.51,0,1,0.16,0,0,0,0,0,0,0,0,0,0,0,0,0,0,0,0,0,0,0.47,100,0,0,0,5.19,0,0.79,13.53,80.23,5.82,64.86,0,0,6.45,90.24,4.72,43.33,30.49,49.05,0,0,0,0,0,0,0,0.63,25,0.16,0,0,0,0,0,2.83,44.44,7,1.1,25,3.93,2,72,6.62,1.04,-0.38,-0.06,0,1.26,0.63
F. Ordóñez,Liga MX U80,2025/26,Tigres UANL,Tigres UANL U21,"LCB, LW, LB",25,1216,0,0.06,0,0.85,Mexico,7.77,4.14,58.93,2.52,41.18,0.74,1.12,0.3,4.59,6.94,1.04,3,0.22,0,0,1.33,0,0,0,0,0,0,2,0.15,0,0,0,1.41,31.58,1.48,60,6.07,32.93,0.74,1.04,0.07,28.35,0.44,1.11,39.89,87.2,15.76,81.22,4.59,95.16,16.13,92.2,5.03,58.82,19.77,31.8,0.06,0.74,0.07,0,0,0,0.22,4.96,74.63,1.63,63.64,0.22,66.67,0.67,0.52,7.11,78.13,0,,0,,0,0,0,0,,,1.63,,
P. Romero,Liga MX U81,2025/26,Necaxa U21,Necaxa U21,LB,20,627,0,0.03,0,0.19,Mexico,5.02,4.16,75.86,1.15,62.5,0.14,0.21,0.29,1.72,2.52,0.86,0,0,0,0,1.72,0,0,0,0,0,0,1,0.14,100,0,0,2.15,33.33,1.58,54.55,5.45,44.74,1.44,1.29,0.14,16.79,1.87,0.57,24.26,73.37,9.33,70.77,5.02,80,5.31,78.38,2.73,63.16,20.25,29.9,0.03,0.14,0,0.14,0,0,0.14,3.3,78.26,1.15,37.5,0.14,0,0.43,0.57,5.74,67.5,0,,0,,0,0,0,0,,,0.43,,
S. Gutierrez,Liga MX U82,2025/26,Pachuca U19,Pachuca U21,LCB,19,192,0,0.01,0,0,Mexico,3.75,1.88,0,3.75,62.5,0,0,0.94,3.75,4.71,1.41,0,0,0,0,0,0,0,0,0,0,0,1,0.47,0,0,0,0,0,0,0,0.47,0,0,0,0,20.63,0,0.47,31.41,85.07,13.59,65.52,3.28,100,13.59,100,3.75,62.5,22.39,42.55,0,0,0,0,0,0,0,2.34,40,0.47,0,0.47,0,0,0,7.03,66.67,0,,0,,0,0,0,0,,,2.81,,
G. Beltrán,Liga MX U83,2025/26,Necaxa U19,Necaxa U21,"LCB, RCB",20,287,0,0.07,0,0,Mexico,13.8,11.6,64.86,3.14,80,1.25,1.4,0.31,5.02,5.58,2.51,3,0.94,1,0.31,0,0,0,0,0.02,0,0,1,0.31,0,0,0,0,0,0,0,0.63,0,0.31,0.31,0,18.19,0.94,0.63,28.85,82.61,12.86,70.73,2.2,85.71,11.29,91.67,4.7,40,22.02,40.68,0,0,0,0,0,0,0,1.57,20,0.31,0,0,0,0,0,5.96,52.63,0,,0,,0,0,0,0,,,1.88,,
R. Jimenez,Liga MX U84,2025/26,Necaxa U21,Necaxa U21,"LCB, LDMF",20,1085,0,0.82,0,0.01,Mexico,6.47,6.22,61.33,3.15,44.74,0.33,0.45,0.17,2.32,3.12,0.83,0,0,0,0,0.33,0,0,0,0.07,0,0,4,0.33,0,0,0,0.17,50,0.41,60,3.32,50,0.5,0.41,0,14.68,1,1.49,22.48,84.87,8.54,72.82,3.73,100,7.63,91.3,2.74,54.55,19.57,36.96,0,0.08,0,0,0,0,0,2.32,64.29,0.41,40,0,0,0.25,0.08,3.9,57.45,0,,0,,0,0,0,0,,,1.91,,
J. Guzmán,Liga MX U85,2025/26,Monterrey U21,Monterrey U21,LCB,22,587,0,0.01,0,0,Mexico,12.11,8.74,66.67,2.3,53.33,0.61,0.91,0.31,5.67,8.41,1.23,1,0.15,0,0,0.15,0,0,0,0,0,0,1,0.15,0,0,0,0,0,0.31,50,2.91,42.11,0.15,0.92,0,20.39,0.31,0.77,32.35,82.94,13.8,67.78,3.07,90,13.19,96.51,4.91,46.88,22.89,40.18,0,0,0,0,0,0,0,4.29,57.14,0.77,0,0.15,100,0,0,6.59,69.77,0,,0,,0,0,0,0,,,1.69,,
M. Sandoval Mendez,Liga MX U86,2025/26,Monterrey U21,Monterrey U21,RB,20,1154,1,0.16,0,0,Mexico,9.36,7.72,63.64,2.89,56.76,0.16,0.22,0.39,4.29,6.07,0.94,1,0.08,0,0,0.62,0.08,1,0.08,0.01,0,0,10,0.78,10,10,0,1.01,15.38,0.47,83.33,1.79,39.13,0.78,0.31,0,19.73,2.18,0.62,28.31,76.03,11.78,63.58,4.76,100,7.1,83.52,2.65,52.94,18.24,26.59,0,0,0,0,0,0,0,2.96,60.53,0.94,25,0.16,100,0.16,0.31,6.08,55.13,0,,0,,0,0,0,0,,,1.17,,
B. Alanís Saucedo,Liga MX U87,2025/26,Monterrey U21,Monterrey U21,LB,20,1001,1,0.27,1,0.63,Mexico,8.54,8.81,57.14,1.8,30,0.45,0.69,0.09,3.06,4.7,1.53,3,0.27,0,0,2.34,0.09,1,0.09,0.02,0,0,7,0.63,42.86,14.286,0.09,1.8,40,2.25,56,5.3,38.98,0.9,2.7,0.63,23.29,2.34,0.72,33.54,79.89,12.23,72.06,7.01,98.72,8.27,78.26,2.7,50,15.67,24.18,0.06,0.63,0,0,0.09,100,0.36,3.6,85,1.62,61.11,0.27,66.67,0.54,0.63,6.83,71.05,0,,0,,0,0,0,0,,,1.17,,
Luis Cruz,Liga MX U88,2025/26,Puebla U21,Puebla U21,"LB, LW",19,226,0,0.01,0,0,Mexico,12.74,9.56,83.33,1.19,100,0,0,0.4,4.78,8.37,1.19,1,0.4,0,0,1.19,0,0,0,0,0,0,2,0.8,0,0,0,1.59,25,5.18,15.38,9.16,13.04,0,1.59,0,19.51,0.8,0,27.48,71.01,12.74,65.63,4.78,100,6.37,75,5.97,46.67,23.88,37.79,0,0,0,0,0,0,0,5.18,76.92,1.19,33.33,0,0,0.4,0,9.16,65.22,0,,0,,0,0,0,0,,,0.8,,
B. Hernández Nava,Liga MX U89,2025/26,Puebla U21,Puebla U21,"RCB, LCB",21,1572,1,0.46,0,0.03,Mexico,11.62,7.21,67.46,3.09,44.44,1.43,2.17,1.09,5.32,8.06,1.32,6,0.34,0,0,0.34,0.06,1,0.06,0.03,1,0.06,4,0.23,50,25,0,0.06,0,0.4,57.14,1.43,40,0.69,0.23,0,20.5,0.17,0.52,32.18,86.65,13.4,77.78,2.06,97.22,14.54,94.49,5.27,56.52,23.98,44.22,0,0.06,0,0,0,0,0,4.41,64.94,0.29,0,0.17,0,0.06,0,7.84,70.8,0,,0,,0,0,0,0,,,1.26,,
D. García,Liga MX U90,2025/26,Monterrey U19,Monterrey U21,"LCB, RCB",19,529,0,0.1,0,0,Mexico,7.49,6.12,50,4.76,60.71,0.34,0.44,0.17,4.08,5.26,2.21,4,0.68,2,0.34,0.51,0,0,0,0.02,0,0,3,0.51,33.33,0,0,0,0,0.51,66.67,2.72,31.25,0.85,1.02,0,24.84,0.68,1.02,40.49,84.45,18.2,71.96,4.42,96.15,12.76,100,5.27,48.39,22.99,39.73,0,0,0.17,0.34,0,0,0,5.61,66.67,0.17,0,0.85,80,0,0,7.83,63.04,0,,0,,0,0,0,0,,,3.4,,
Yael Ortega,Liga MX U91,2025/26,Puebla U21,Puebla U21,GK,20,1262,0,0,0,0,Mexico,2.07,0.14,100,0.86,83.33,0,0,0,1.93,2.93,0,0,0,0,0,0,0,0,0,0,0,0,0,0,0,0,0,0,0,0,0,0.14,100,0,0,0,13.12,0.21,0.43,24.6,83.77,13.19,75.14,0.07,0,10.63,95.3,7.13,57,31.52,48.35,0,0,0,0,0,0,0,2,50,0.14,0,0.29,25,0,0,6.35,57.3,14,1,49,3.49,4,71.43,14.86,1.06,0.86,0.061,0,1.71,0.86
E. Navarro,Liga MX U92,2025/26,Puebla,Puebla U21,RCB,21,490,0,0.11,1,0.46,Mexico,9.18,6.24,55.88,3.86,47.62,0.55,0.91,0.92,5.14,8.48,2.2,2,0.37,0,0,0.37,0,0,0,0.02,0,0,1,0.18,0,0,0.18,0,0,0.37,100,2.2,66.67,0.73,0,0.18,14.51,0.18,1.1,26.08,79.58,11.57,66.67,1.84,90,10.29,91.07,4.59,32,24.92,45.11,0.08,0.55,0,0,0,0,0.18,4.78,46.15,0.55,0,0.18,0,0.18,0,6.98,68.42,0,,0,,0,0,0,0,,,1.1,,
Osvaldo Pérez,Liga MX U93,2025/26,Puebla U19,Puebla U21,LCB,20,288,0,0,0,0,Mexico,10,10,62.5,2.19,42.86,0.31,0.63,0.94,3.44,6.88,1.25,0,0,0,0,0,0,0,0,0,0,0,0,0,0,0,0,0,0,0,0,0,0,0,0,0,23.12,0,0.31,34.38,87.27,17.19,81.82,0.63,50,12.81,97.56,3.75,66.67,20.34,48.16,0,0.31,0,0.31,0,0,0,2.5,75,0,0,0,0,0,0,5.63,66.67,0,,0,,0,0,0,0,,,0,,
G. Frisone,Liga MX U94,2025/26,Puebla U21,Puebla U21,"RB, RCB",21,646,1,0.28,0,0.36,Mexico,9.61,6.83,48.98,2.37,35.29,0.56,0.85,0.14,5.71,8.72,2.09,2,0.28,0,0,3.07,0.14,1,0.14,0.04,0,0,4,0.56,50,25,0,3.76,29.63,2.79,60,8.22,49.15,0.7,2.51,0.84,23.41,1.81,2.51,34.13,74.29,13.93,67,4.46,96.88,10.59,76.32,3.76,44.44,16.76,24,0.05,0.56,0,0,0,0,0.42,4.04,62.07,2.79,35,0.14,0,0.14,0.98,7.94,63.16,0,,0,,0,0,0,0,,,1.11,,
Rodrigo Rentería,Liga MX U95,2025/26,Atlas U21,Atlas U21,LCB,21,768,0,0.02,0,0,Mexico,6.68,4.1,51.43,1.29,81.82,0.35,0.49,0.35,4.22,5.84,1.17,2,0.23,2,0.23,0.35,0,0,0,0,0,0,1,0.12,0,0,0,0,0,0.59,60,1.41,66.67,0.47,0.7,0,33.52,0.35,0.7,44.88,84.86,19.92,69.41,3.28,100,18.98,96.91,3.52,30,22.74,38.13,0,0,0,0.12,0,0,0,5.16,56.82,0.12,0,0.47,25,0,0,7.73,63.64,0,,0,,0,0,0,0,,,3.05,,
B. Alavéz,Liga MX U96,2025/26,Puebla U21,Puebla U21,LB,22,772,0,0.42,0,0.06,Mexico,11.54,9.44,71.6,1.52,38.46,0.47,0.74,0.12,4.31,6.85,1.52,2,0.23,1,0.12,1.28,0,0,0,0.05,0,0,3,0.35,33.33,0,0,1.28,0,1.87,56.25,5.83,46,0.58,1.28,0,22.03,1.28,0.47,35.56,79.02,17.02,76.71,3.38,89.66,10.14,75.86,4.9,52.38,19.16,32.57,0.01,0.35,0,0,0.12,100,0,4.9,73.81,1.52,15.38,0.12,0,0.12,0,9.09,73.08,0,,0,,0,0,0,0,,,0.12,,
J. Cortés,Liga MX U97,2025/26,Puebla U21,Puebla U21,"LCB, LB",21,1331,1,0.3,0,0,Mexico,9.87,7.24,73.83,3.38,66,0.41,0.59,0.54,4.12,6,1.22,2,0.14,0,0,0.27,0.07,1,0.07,0.02,1,0.07,4,0.27,25,25,0,0.2,33.33,0.14,100,1.01,46.67,0.34,0.27,0.14,17.58,0.41,0.41,30.16,85.43,11.7,73.41,3.11,93.48,12.78,94.18,4.19,56.45,22.6,41.59,0,0,0,0,0,0,0,3.18,53.19,0.34,20,0.41,0,0,0.07,5.21,62.34,0,,0,,0,0,0,0,,,1.83,,
A. Pérez,Liga MX U98,2025/26,Puebla U21,Puebla U21,"RCMF, LCMF, LB",22,1410,2,1.65,0,1.41,Mexico,7.91,7.85,56.91,2.04,40.63,1.09,1.68,0.19,2.36,3.66,2.17,5,0.32,0,0,2.3,0.13,2,0.13,0.11,0,0,32,2.04,34.38,6.25,0,1.02,43.75,2.11,51.52,10.09,29.11,2.04,1.34,0.26,20.94,1.72,1.34,29.49,77.92,9.83,66.88,4.6,81.94,9.19,82.64,3.51,43.64,20,40.67,0.09,1.02,0,0,0.06,100,0.57,4.34,75,1.72,59.26,0.38,33.33,1.09,0.45,6.26,67.35,0,,0,,0,0,0,0,,,0.13,,
D. Hernández,Liga MX U99,2025/26,Monterrey U21,Monterrey U21,RB,20,690,0,0.1,0,0,Mexico,10.43,8.22,63.49,2.61,60,0.91,1.24,0,4.3,5.86,0.78,1,0.13,0,0,0.26,0,0,0,0.01,0,0,2,0.26,0,0,0,0.78,0,1.04,25,2.74,23.81,0.65,2.09,0.13,15,1.04,0.26,22.43,66.86,11.22,65.12,3.26,88,4.96,73.68,3.65,28.57,20.79,33.36,0,0.13,0,0,0,0,0,3.91,56.67,1.04,25,0.26,50,0.26,0,6.65,54.9,0,,0,,0,0,0,0,,,1.04,,
A. De La Rosa,Liga MX U100,2025/26,Puebla,Puebla U21,"RB, LB",21,1003,0,0.07,1,0.89,Mexico,7.99,7.99,52.81,1.97,45.45,0.45,0.65,0,3.32,4.83,1.44,5,0.45,0,0,2.24,0,0,0,0.01,0,0,2,0.18,50,0,0.09,1.79,40,2.6,55.17,7.99,41.57,0.18,0.63,0,17.77,1.08,2.42,27.64,74.03,12.65,62.41,3.86,93.02,7.18,81.25,3.77,38.1,21.06,43.69,0.08,0.63,0,0,0,0,0.36,3.77,54.76,2.24,44,0.54,33.33,0.27,0.63,6.91,61.04,0,,0,,0,0,0,0,,,0.9,,
D. Ayala,Liga MX U101,2025/26,Puebla U21,Puebla U21,"RB, DMF, RCMF",22,769,0,0.3,0,0.27,Mexico,10.42,9.13,65.38,1.64,28.57,0.12,0.19,0.12,4.33,7.07,1.76,2,0.23,1,0.12,1.05,0,0,0,0.03,0,0,6,0.7,50,0,0,0.94,37.5,0.7,50,3.39,34.48,0.59,0.35,0,27.04,1.4,0.35,40.14,83.97,14.4,75.61,6.09,94.23,13.81,90.68,5.97,64.71,20.15,36.49,0.03,0.47,0,0.12,0.12,0,0.23,5.62,72.92,1.29,45.45,0.94,37.5,0.35,0.35,8.31,76.06,0,,0,,0,0,0,0,,,1.4,,
J. López,Liga MX U102,2025/26,Pumas UNAM U21,Pumas UNAM U21,"RB, LB",17,161,0,0,0,0.08,Mexico,5.59,7.83,21.43,2.24,25,1.12,1.76,0,2.8,4.41,1.68,0,0,0,0,1.68,0,0,0,0,0,0,0,0,0,0,0,0,0,2.24,75,6.71,33.33,0.56,1.68,0,19.57,1.12,0.56,22.36,92.5,4.47,87.5,7.83,100,5.03,88.89,0.56,100,14.51,6.46,0.04,0.56,0,0,0,0,0,0.56,100,0,0,0,0,0,0,2.8,60,0,,0,,0,0,0,0,,,0,,
K. Martínez,Liga MX U103,2025/26,Deportivo Toluca U21,Deportivo Toluca U21,"RW, RB",20,897,3,2.75,0,1.83,Mexico,3.81,3.81,57.89,1.71,47.06,0,0,0,1.61,2.35,0.2,1,0.1,0,0,2.91,0.3,3,0.3,0.28,0,0,19,1.91,57.89,15.789,0,2.71,25.93,1.81,61.11,4.72,46.81,1.61,2.01,0.4,20.37,2.21,0.9,26.89,76.12,8.53,69.41,4.21,95.24,9.33,70.97,3.21,59.38,18.28,18.42,0.18,1.51,0.1,0,0,0,0.7,2.81,67.86,2.11,42.86,0.1,100,0.7,0.7,6.42,78.13,0,,0,,0,0,0,0,,,0.2,,
A. Rodríguez Cortés,Liga MX U104,2025/26,Pumas UNAM U17,Pumas UNAM U21,RB,17,168,0,0.01,0,0.02,Mexico,14.46,14.46,74.07,2.68,80,0.54,0.67,0.54,3.21,4,1.07,0,0,0,0,0.54,0,0,0,0,0,0,1,0.54,0,0,0,2.14,0,1.07,50,5.36,50,0.54,1.07,0,24.11,1.61,1.07,38.57,77.78,13.39,80,8.04,80,6.43,75,4.29,62.5,18.29,42.21,0.01,0.54,0,0,0,0,0.54,4.29,100,1.07,0,0,0,0.54,0,6.43,58.33,0,,0,,0,0,0,0,,,1.61,,
S. Aceves,Liga MX U105,2025/26,Deportivo Toluca U21,Deportivo Toluca U21,"RB, RCMF, LCMF",20,1571,1,0.58,1,1.19,Mexico,5.96,6.13,52.34,1.66,37.93,0.17,0.23,0.23,2.58,3.49,1.37,2,0.11,0,0,1.37,0.06,1,0.06,0.03,0,0,12,0.69,33.33,8.333,0.06,1.89,15.15,1.37,62.5,4.58,43.75,0.86,1.43,0.17,22.46,1.26,1.09,33.91,80.07,12.6,74.55,4.64,93.83,11.46,83.5,3.04,52.83,19.76,26.28,0.07,0.57,0.06,0.06,0,0,0.17,4.18,73.97,2.06,33.33,0.29,60,0.52,0.4,6.7,70.09,0,,0,,0,0,0,0,,,0.74,,
B. Kevin Ascary,Liga MX U106,2025/26,Pumas UNAM U21,Pumas UNAM U21,"RCB, LCB",20,1363,1,0.58,0,0.31,Mexico,8.06,5.88,64.04,3.57,59.26,0.13,0.17,0.66,4.16,5.31,1.45,3,0.2,1,0.07,0.13,0.07,1,0.07,0.04,0,0,4,0.26,50,25,0,0.07,0,0,0,0.66,50,0.46,0.4,0,33.61,0.07,0.2,45.69,89.88,16.57,80.48,2.18,100,21.72,96.66,3.43,40.38,17.51,29.52,0.02,0.07,0.07,0,0,0,0,2.38,61.11,0.26,0,0.07,0,0.13,0,4.29,47.69,0,,0,,0,0,0,0,,,1.85,,
H. Guzmán,Liga MX U107,2025/26,Pumas UNAM U21,Pumas UNAM U21,"RCB, LCB",18,728,0,0.11,0,0.01,Mexico,7.05,5.69,60.87,2.23,33.33,0.25,0.34,0.25,3.34,4.6,1.24,2,0.25,0,0,0,0,0,0,0.01,0,0,1,0.12,0,0,0,0.12,0,0,0,0.37,100,0.37,0.99,0,31.52,0.62,0.49,44.51,86.94,20.03,78.4,1.24,90,18.42,95.97,3.83,45.16,20.04,44.81,0,0.12,0,0,0,0,0,4.33,74.29,0.12,0,0.12,0,0,0,7.17,62.07,0,,0,,0,0,0,0,,,0.87,,
A. León,Liga MX U108,2025/26,Pumas UNAM U21,Pumas UNAM U21,LCB,17,669,0,0.27,0,0,Mexico,6.73,4.98,56.76,1.61,25,0.27,0.38,0.13,3.63,5.09,1.35,1,0.13,0,0,0.13,0,0,0,0.04,0,0,3,0.4,33.33,0,0,0,0,0,0,0.4,33.33,0.4,1.08,0,30.13,0.13,0.27,40.22,85.62,15.87,69.49,4.3,100,16.28,95.04,5.78,34.88,21.21,34.66,0,0,0.13,0,0,0,0,5.25,53.85,0.13,0,0.27,0,0,0,6.19,67.39,0,,0,,0,0,0,0,,,3.77,,
David Shrem,Liga MX U109,2025/26,Deportivo Toluca U21,Deportivo Toluca U21,GK,20,1694,0,0,0,0,Mexico,2.23,0.16,0,0.11,50,0.05,0.07,0,2.18,2.81,0.16,3,0.16,1,0.05,0,0,0,0,0,0,0,0,0,0,0,0,0,0,0,0,0,0,0,0,0,10.89,0.21,0.11,20.99,80,10.2,63.54,0,0,10.36,95.38,8.18,53.9,35.92,52.13,0,0,0,0,0,0,0,2.71,41.18,0.37,0,0.32,16.67,0,0,6.06,66.67,22,1.17,75,3.98,3,70.67,17.57,0.93,-4.43,-0.235,0,1.65,0.11
E. Villaseñor,Liga MX U110,2025/26,Pumas UNAM U21,Pumas UNAM U21,LB,18,471,1,0.39,0,0,Mexico,11.66,7.83,63.41,1.91,60,0.96,1.2,0.19,5.73,7.2,1.91,1,0.19,0,0,2.1,0.19,1,0.19,0.07,0,0,3,0.57,66.67,33.333,0,1.72,22.22,2.87,40,6.11,28.13,1.15,1.91,0,17.77,1.34,0.76,25.22,71.21,11.08,62.07,4.2,95.45,5.16,62.96,3.06,12.5,18.73,28.38,0,0,0,0,0.19,100,0,3.63,57.89,1.91,30,0.38,50,0.38,0.38,4.39,56.52,0,,0,,0,0,0,0,,,0.19,,
I. Jimenez,Liga MX U111,2025/26,Pumas UNAM U19,Pumas UNAM U21,"LCB, RCB",18,774,0,0.11,0,0,Mexico,9.42,6.74,75.86,3.14,62.96,0.81,1.1,0.93,3.49,4.71,0.7,1,0.12,0,0,0.47,0,0,0,0.01,0,0,3,0.35,0,0,0,0,0,0.58,80,2.33,30,0.35,1.51,0.23,31.28,0.23,0.23,43.49,84.76,18.37,74.68,2.79,95.83,19.53,92.86,6.28,44.44,22.39,42.19,0,0,0,0,0,0,0,5.7,59.18,0.81,0,0.47,25,0,0,8.26,66.2,0,,0,,0,0,0,0,,,2.09,,
F. Pumpido,Liga MX U112,2025/26,Deportivo Toluca U21,Deportivo Toluca U21,RB,21,1748,1,1.98,2,1.06,Argentina,7.83,7.36,60.84,2.52,55.1,0.05,0.07,0.21,3.3,4.27,1.03,3,0.15,0,0,1.6,0.05,1,0.05,0.1,1,0.05,13,0.67,38.46,7.692,0.1,1.8,31.43,1.29,60,4.53,50,1.39,1.29,0.41,16.48,1.85,1.49,26.67,72.59,11.43,67.12,2.99,93.1,8.34,75.93,2.88,35.71,20.42,31.85,0.05,0.67,0,0.05,0.05,0,0.21,3.76,63.01,2.16,30.95,0.26,20,0.51,0.67,6.85,59.4,0,,0,,0,0,0,0,,,0.62,,
J. Ortiz,Liga MX U113,2025/26,Pumas UNAM U21,Pumas UNAM U21,GK,19,194,0,0,0,0,Mexico,1.86,0,0,0,0,0,0,0,1.86,2.86,0,0,0,0,0,0,0,0,0,0,0,0,0,0,0,0,0,0,0,0,0,0,0,0,0,0,13.92,0,0,23.66,66.67,17.16,59.46,0,0,6.03,84.62,10.67,34.78,36.14,52.63,0,0,0,0,0,0,0,3.71,12.5,0.93,0,0.46,0,0,0,6.96,40,4,1.86,13,6.03,0,69.23,4.09,1.9,0.09,0.042,0,0.46,0
E. García,Liga MX U114,2025/26,Deportivo Toluca U21,Deportivo Toluca U21,GK,20,879,0,0,0,0,Mexico,1.64,0,0,0,0,0,0,0,1.64,2.35,0.1,0,0,0,0,0,0,0,0,0,0,0,0,0,0,0,0,0,0,0,0,0,0,0,0,0,18.12,0.2,0.1,31.23,81.64,15.15,64.19,0,0,14.54,97.89,11.06,51.85,34.15,48.71,0,0,0,0,0,0,0,2.35,34.78,0.2,0,0.2,50,0,0,7.78,55.26,10,1.02,35,3.58,3,71.43,7.73,0.79,-2.27,-0.232,0,0.82,0
J. González,Liga MX U115,2025/26,Deportivo Toluca U19,Deportivo Toluca U21,LB,20,352,0,0.11,0,0,Mexico,10.23,7.41,65.52,2.05,75,0.51,0.82,0.26,4.86,7.81,0.77,0,0,0,0,1.79,0,0,0,0.03,0,0,3,0.77,0,0,0,2.81,36.36,1.28,60,4.09,37.5,0.77,0.77,0.51,17.64,1.28,0.51,28.13,74.55,13.55,71.7,2.56,90,8.44,69.7,3.84,66.67,20.71,25.2,0,0,0,0,0,0,0.26,4.35,76.47,2.56,30,0.77,66.67,0,1.02,7.93,80.65,0,,0,,0,0,0,0,,,0,,
E. Orta,Liga MX U116,2025/26,Deportivo Toluca U21,Deportivo Toluca U21,LCB,19,1654,1,1.74,0,0.28,Mexico,8.92,6.96,73.44,2.88,52.83,0.22,0.3,0.22,3.59,4.97,1.25,2,0.11,1,0.05,0.6,0.05,1,0.05,0.09,0,0,9,0.49,33.33,11.111,0,0.33,33.33,0.54,60,2.72,38,0.49,2.18,0.05,30.04,0.49,0.82,45.38,81.77,21.93,71.22,3.48,93.75,16.65,93.46,12.52,59.57,25.4,42.75,0.02,0.27,0,0,0,0,0.16,9.47,63.79,1.47,48.15,1.09,50,0.65,0.05,12.84,74.15,0,,0,,0,0,0,0,,,2.39,,
M. Sánchez,Liga MX U117,2025/26,Pumas UNAM U21,Pumas UNAM U21,"LCB, LB",20,986,0,0.32,0,0.36,Mexico,9.68,8.12,71.91,2.83,70.97,0.09,0.13,0.37,3.74,5.3,1,1,0.09,0,0,1.46,0,0,0,0.03,0,0,2,0.18,100,0,0,1.1,25,2.1,47.83,5.75,41.27,0.55,1.83,0,29.21,1.37,1.1,42.9,85.96,16.06,76.14,5.93,98.46,16.34,91.06,4.84,50.94,20.27,28.55,0.03,0.37,0.09,0,0,0,0.18,4.66,72.55,1.1,33.33,0.27,0,0.18,0.27,8.31,73.63,0,,0,,0,0,0,0,,,2.1,,
A. Martínez,Liga MX U118,2025/26,Santos Laguna U17,Santos Laguna U21,LB,17,268,0,0,0,0.01,Mexico,10.07,6.38,73.68,2.01,66.67,1.68,2.38,1.01,3.69,5.24,1.01,2,0.67,0,0,1.68,0,0,0,0,0,0,0,0,0,0,0,2.35,42.86,1.68,40,3.36,40,0,2.01,0,17.46,1.01,1.01,26.19,62.82,13.77,63.41,3.36,90,6.04,61.11,5.37,62.5,20.49,31.2,0,0.34,0,0,0,0,0,4.37,53.85,3.02,33.33,0,0,0.34,0.67,7.72,73.91,0,,0,,0,0,0,0,,,0.34,,
R. Gutiérrez,Liga MX U119,2025/26,Santos Laguna U19,Santos Laguna U21,LB,18,272,0,0.1,1,0.95,Mexico,6.62,8.27,64,2.32,28.57,0,0,0,1.32,1.97,1.32,1,0.33,0,0,1.99,0,0,0,0.03,0,0,2,0.66,50,0,0.33,3.31,40,1.32,25,4.3,38.46,0,1.99,0.33,19.19,2.98,1.32,28.13,63.53,13.9,42.86,4.3,100,7.28,72.73,5.29,25,20.72,32.38,0.31,1.65,0,0,0,0,0.99,8.27,40,3.64,27.27,0.66,0,0,0.99,8.27,64,0,,0,,0,0,0,0,,,0,,
B. Salazar,Liga MX U120,2025/26,Tigres UANL U21,Tigres UANL U21,RCB,17,697,0,0.05,0,0,Mexico,7.36,7.36,71.93,3.23,52,0,0,0.13,2.07,3.12,1.94,0,0,0,0,0.39,0,0,0,0.01,0,0,2,0.26,50,0,0,0,0,0.39,66.67,2.97,43.48,0.39,0.26,0,32.41,0.26,0.77,46.1,89.08,14.33,77.48,2.71,100,25.18,96.41,3.87,63.33,20.43,30.22,0,0,0,0,0,0,0,3.1,62.5,0.13,0,0.13,0,0,0,6.84,64.15,0,,0,,0,0,0,0,,,1.55,,
E. Garza,Liga MX U121,2025/26,Santos Laguna U19,Santos Laguna U21,RB,18,213,0,0.02,0,0,Mexico,10.99,10.14,70.83,2.11,60,0.85,1.46,0,2.96,5.12,2.54,1,0.42,1,0.42,2.11,0,0,0,0.01,0,0,1,0.42,100,0,0,2.54,0,1.69,100,9.3,50,1.27,1.27,0.42,16.48,1.69,5.07,27.89,63.64,12.25,51.72,5.07,83.33,6.76,75,5.07,33.33,21.22,29.83,0,0.42,0,0,0,0,0,5.49,53.85,1.69,0,0.42,100,0.42,0.42,6.34,66.67,0,,0,,0,0,0,0,,,1.27,,
J. Echilvestre,Liga MX U122,2025/26,Santos Laguna U21,Santos Laguna U21,RB,19,1806,1,1.09,2,0.27,Mexico,12.46,8.77,64.2,2.59,65.38,1.05,1.6,0.15,5.78,8.85,0.6,1,0.05,0,0,1.35,0.05,1,0.05,0.05,0,0,16,0.8,12.5,6.25,0.1,0.7,42.86,1.74,51.43,5.08,47.06,0.9,1.89,0.2,21.03,1.1,1,33.34,80.87,15.2,72.13,3.89,94.87,8.97,87.22,4.14,39.76,19.05,37.3,0.01,0.4,0.05,0.05,0.1,50,0.1,4.44,74.16,1.5,40,0.25,40,0.6,0.5,7.92,66.04,0,,0,,0,0,0,0,,,0.75,,
E. Magaña,Liga MX U123,2025/26,Santos Laguna U21,Santos Laguna U21,"RB, LB",20,953,3,0.59,0,0.32,Mexico,10.48,7.18,59.21,2.27,33.33,1.7,2.63,0.28,4.53,7.02,2.46,7,0.66,2,0.19,2.83,0.28,3,0.28,0.06,0,0,11,1.04,63.64,27.273,0,3.21,26.47,1.89,70,6.61,50,1.42,1.32,0.28,17.47,1.51,1.79,27.39,65.52,12.94,60.58,3.02,90.63,8.03,64.71,5.01,43.4,20.78,33.41,0.03,0.47,0,0,0,0,0.09,4.53,62.5,2.93,38.71,0.09,0,0.47,0.94,8.41,61.8,0,,0,,0,0,0,0,,,0.19,,
I. Aceves,Liga MX U124,2025/26,Tigres UANL U21,Tigres UANL U21,LCB,20,1536,1,1.04,0,0.19,Mexico,10.37,8.2,70,4.04,56.52,0,0,0.23,4.63,7.93,2.23,5,0.29,1,0.06,0.18,0.06,1,0.06,0.06,1,0.06,10,0.59,20,10,0,0,0,0.18,33.33,1.76,40,0.94,0.35,0,39.38,0.35,0.59,55.78,86.24,21.56,72.28,4.86,97.59,23.5,95.76,8.5,57.93,22.22,37.35,0.01,0.12,0,0,0,0,0.06,6.62,59.29,1,5.88,0.53,22.22,0.18,0,9.43,70.19,0,,0,,0,0,0,0,,,3.46,,
O. Ruiz,Liga MX U125,2025/26,Tigres UANL U21,Tigres UANL U21,RB,20,2488,1,0.87,2,1.41,Mexico,6.8,5.53,66.01,2.53,62.86,0,0,0.07,3.15,5.19,1.09,4,0.14,0,0,2.1,0.04,1,0.04,0.03,0,0,24,0.87,29.17,4.167,0.07,2.64,35.62,1.59,56.82,3.47,41.67,0.94,1.01,0.07,31.76,1.3,0.58,42.14,79.48,17.58,69.55,7.42,95.12,12.34,84.16,6.04,52.69,22.39,43.18,0.05,0.69,0,0.04,0,0,0.33,7.27,64.68,2.75,38.16,0.47,30.77,0.36,1.01,10.06,78.42,0,,0,,0,0,0,0,,,1.48,,
J. Ibarra,Liga MX U126,2025/26,Tigres UANL U21,Tigres UANL U21,RB,19,268,0,0,0,0.14,Mexico,7.39,6.72,45,2.01,50,1.01,1.8,0,3.36,6,1.68,0,0,1,0.34,0.67,0,0,0,0,0,0,1,0.34,0,0,0,3.36,10,1.34,25,3.36,50,1.34,1.01,0,28.21,1.01,1.01,39.29,73.5,16.12,64.58,8.06,91.67,8.4,84,3.69,54.55,20.16,19.19,0.05,0.34,0,0,0,0,0.34,5.37,68.75,1.01,33.33,0,0,0.34,0.34,8.4,56,0,,0,,0,0,0,0,,,1.34,,
R. Parra,Liga MX U127,2025/26,Pumas UNAM,Pumas UNAM U21,GK,18,480,0,0,0,0.19,Mexico,1.5,0,0,0.38,100,0,0,0,1.5,2.31,0,0,0,0,0,0,0,0,0,0,0,0,0,0,0,0,0,0,0,0,0,0.19,100,0,0,0,14.63,0.19,0.19,26.06,87.77,10.31,69.09,0.19,100,14.44,100,7.13,55.26,29.05,51.48,0.04,0.19,0,0,0,0,0,3.19,47.06,0.56,0,0.75,50,0,0,3.75,70,12,2.25,26,4.88,0,53.85,7.79,1.46,-4.21,-0.789,0.19,0.94,0.38
Santiago García,Liga MX U128,2025/26,Deportivo Toluca U21,Deportivo Toluca U21,"RCB, LCB",21,1024,0,0.44,0,0.64,Mexico,9.23,7.12,70.37,3.08,62.86,0.53,0.71,0.26,3.69,4.96,1.14,2,0.18,0,0,0.26,0,0,0,0.04,0,0,6,0.53,33.33,0,0,0.18,50,0,0,0.44,40,1.14,0.18,0,22.94,0.09,0.26,35.07,80.45,15.56,65.54,2.02,95.65,14.5,94.55,7.82,40.45,23.52,32.25,0.06,0.18,0,0.09,0,0,0.18,5.63,43.75,1.14,7.69,1.05,16.67,0.18,0.09,7.21,67.07,0,,0,,0,0,0,0,,,1.58,,
A. Tagle,Liga MX U129,2025/26,Deportivo Toluca U21,Deportivo Toluca U21,LB,20,1132,0,0.47,0,0.25,Mexico,7.47,6.52,56.1,2.94,67.57,0,0,0.24,3.82,4.88,0.72,3,0.24,0,0,0.95,0,0,0,0.04,0,0,2,0.16,0,0,0,0.8,40,0.87,72.73,3.02,44.74,0.32,0.72,0.08,12.88,1.43,0.56,22.9,69.1,12.01,58.94,3.98,84,3.9,81.63,3.34,26.19,19.69,26.41,0.02,0.4,0,0,0,0,0.16,2.62,42.42,0.72,55.56,0,0,0.24,0.24,4.93,51.61,0,,0,,0,0,0,0,,,0.56,,
D. Cázares,Liga MX U130,2025/26,Deportivo Toluca U21,Deportivo Toluca U21,LB,21,946,0,0.03,0,0.19,Mexico,5.9,4.95,48.08,0.67,42.86,0.1,0.13,0.1,3.42,4.8,0.86,2,0.19,1,0.1,1.24,0,0,0,0,0,0,2,0.19,0,0,0,2.09,13.64,1.62,58.82,3.52,32.43,0.48,0.67,0.1,19.03,0.95,0.48,27.4,75.69,11.7,73.17,4,92.86,7.61,70,2.76,34.48,17.53,27.37,0.02,0.38,0,0,0,0,0,4,61.9,1.81,21.05,0.19,0,0.1,0.29,7.33,72.73,0,,0,,0,0,0,0,,,0.67,,
G. Serralde,Liga MX U131,2025/26,Pumas UNAM U21,Pumas UNAM U21,RB,21,2103,1,0.22,4,1.59,Mexico,11.04,9.8,64.19,2.52,28.81,1.2,1.6,0.13,3.55,4.75,1.24,5,0.21,0,0,1.16,0.04,1,0.04,0.01,0,0,4,0.17,25,25,0.17,2.27,32.08,0.77,50,4.45,38.46,0.34,0.34,0,26.92,1.07,0.94,35.65,76.11,15.19,66.48,4.41,95.15,10.36,78.93,5.86,51.09,20.12,34.76,0.07,0.6,0.04,0,0,0,0.34,5.35,67.2,2.01,34.04,0.47,45.45,0.21,0.68,9.42,71.36,0,,0,,0,0,0,0,,,0.34,,
E. González,Liga MX U132,2025/26,Deportivo Toluca U21,Deportivo Toluca U21,"RB, RWB",20,194,0,0,0,0.2,Mexico,8.81,8.81,68.42,1.39,0,0.46,0.58,0.46,2.32,2.88,0.93,0,0,0,0,3.25,0,0,0,0,0,0,1,0.46,0,0,0,3.71,50,2.32,60,5.1,81.82,0,0.93,0.46,18.56,1.86,3.25,25.98,76.79,6.96,46.67,6.49,100,6.96,80,3.25,14.29,25.98,33.12,0.09,0.93,0,0,0,0,0.46,2.32,40,3.71,50,0.46,0,0,1.86,5.57,58.33,0,,0,,0,0,0,0,,,0.46,,
L. Navarrete,Liga MX U133,2025/26,Deportivo Toluca U21,Deportivo Toluca U21,LB,19,2066,6,4.06,3,1.03,Mexico,8.67,5.45,64,2.79,56.25,0.26,0.34,0.57,4.92,6.41,1.35,6,0.26,1,0.04,0.96,0.26,2,0.09,0.18,1,0.04,18,0.78,50,33.333,0.13,0.48,36.36,0.61,64.29,3.79,47.13,1.26,0.91,0,18.95,0.61,1.22,29.97,78.34,13.46,68.93,2.31,86.79,10.85,89.56,5.31,52.46,23.41,40.11,0.04,0.44,0.04,0,0.04,0,0.3,5.75,68.18,1.18,33.33,0.48,36.36,0.52,0.13,8.23,70.37,0,,0,,0,0,0,0,,,0.7,,
J. Estrada,Liga MX U134,2025/26,Deportivo Toluca U21,Deportivo Toluca U21,RCB,21,1876,0,0.6,0,0,Mexico,7.53,7.24,59.6,4.37,63.74,0.05,0.07,0.43,3.17,4.3,1.97,6,0.29,0,0,0.19,0,0,0,0.03,0,0,7,0.34,57.14,0,0,0,0,0.05,0,0.82,35.29,0.48,0.43,0.14,17.61,0.24,0.67,28.74,80.13,11.47,63.18,2.06,95.35,12.86,92.54,5.28,41.82,23.72,39.46,0,0,0,0,0,0,0,3.89,43.21,0.53,9.09,0.38,37.5,0.05,0,6.14,60.94,0,,0,,0,0,0,0,,,1.73,,
P. Monroy,Liga MX U135,2025/26,Pumas UNAM,Pumas UNAM U21,"LB, RB",23,194,0,0.31,1,0.89,Mexico,4.18,4.64,50,2.78,83.33,0,0,0.46,1.86,2.61,0.93,1,0.46,0,0,6.49,0,0,0,0.14,0,0,5,2.32,40,0,0.46,8.35,22.22,5.1,72.73,10.67,73.91,3.25,1.39,0,25.52,3.25,1.86,37.58,69.14,8.81,68.42,6.49,78.57,15.31,63.64,4.64,60,22.1,39.19,0.41,1.39,0,0,0,0,0.93,5.57,66.67,5.57,16.67,0.93,0,0.46,1.86,8.81,73.68,0,,0,,0,0,0,0,,,1.86,,
A. Leone,Liga MX U136,2025/26,Pumas UNAM,Pumas UNAM U21,"RCB, RB",22,206,0,0.16,0,0.11,Mexico,10.49,6.99,62.5,3.06,42.86,0.44,0.59,0.44,5.68,7.65,0.44,0,0,0,0,0.87,0,0,0,0.07,0,0,2,0.87,50,0,0,0.44,100,0,0,1.75,25,0.87,1.31,0.44,18.35,2.18,0.44,28.4,83.08,13.11,73.33,3.93,88.89,7.43,100,2.62,33.33,19.23,39,0.05,0.44,0,0,0,0,0.44,1.75,100,0.87,50,0,0,0,0.44,6.55,60,0,,0,,0,0,0,0,,,1.75,,
H. Ramírez,Liga MX U137,2025/26,Pumas UNAM U21,Pumas UNAM U21,"LB, LCMF",22,2009,4,1.26,5,2.83,Mexico,9,7.12,67.92,2.24,56,0.18,0.24,0.04,3.99,5.4,1.12,5,0.22,0,0,2.2,0.18,4,0.18,0.06,2,0.09,9,0.4,44.44,44.444,0.22,2.69,45,1.39,58.06,3.36,46.67,0.81,0.54,0,24.24,0.9,0.76,34.09,76.22,14.25,69.5,4.61,88.35,9.54,78.4,4.93,43.64,20.31,36.51,0.13,0.99,0,0,0,0,0.49,6.09,66.18,2.46,47.27,0.49,9.09,0.54,1.12,8.74,69.23,0,,0,,0,0,0,0,,,0.22,,
P. Lara,Liga MX U138,2025/26,Pumas UNAM,Pumas UNAM U21,GK,20,764,0,0,0,0,Mexico,1.06,0.24,50,0.12,100,0.12,0.15,0,0.82,1.02,0,3,0.35,0,0,0,0,0,0,0,0,0,0,0,0,0,0,0,0,0,0,0.24,50,0,0,0,14.73,0,0.12,26.74,79.3,13.78,64.1,0,0,11.78,95,9.78,49.4,33.56,55.26,0,0,0,0,0,0,0,4.59,46.15,1.06,0,0.12,0,0,0,6.83,63.79,14,1.65,46,5.42,0,69.57,13.57,1.6,-0.43,-0.051,0,1.06,0.12
M. Paul,Liga MX U139,2025/26,Pumas UNAM U21,Pumas UNAM U21,GK,22,1241,0,0,0,0.2,Mexico,1.67,0.07,100,0.36,100,0,0,0,1.6,2.07,0,1,0.07,0,0,0,0,0,0,0,0,0,0,0,0,0,0,0,0,0,0,0.36,100,0,0,0,15.37,0.29,0.36,27.34,84.62,10.66,63.27,0,0,15.74,98.62,7.25,47,31.62,57.29,0.01,0.07,0,0,0,0,0.07,3.12,34.88,0.29,0,0.15,50,0,0,5.37,56.76,16,1.16,52,3.77,4,69.23,12.28,0.89,-3.72,-0.27,0,1.02,0.36
D. López,Liga MX U140,2025/26,Zalaegerszegi TE,Deportivo Toluca U21,RB,22,261,0,0.09,1,0.44,Mexico,7.93,7.24,47.62,2.07,33.33,0.34,0.64,0,4.14,7.66,2.07,1,0.34,0,0,1.72,0,0,0,0.03,0,0,1,0.34,0,0,0.34,2.07,50,1.03,66.67,4.48,46.15,0.69,1.03,0.34,34.14,3.1,0.34,44.14,85.94,15.52,77.78,7.93,91.3,11.72,94.12,5.17,60,16.65,29.98,0.15,1.03,0,0,0,0,1.03,6.55,94.74,2.07,50,0,0,0.34,1.03,7.59,68.18,0,,0,,0,0,0,0,,,0.69,,
R. Beltrán,Liga MX U141,2025/26,Atlante,Deportivo Toluca U21,GK,24,765,0,0,0,0.06,Mexico,3.18,0.12,100,0.12,100,0,0,0,3.06,4.51,0,0,0,0,0,0,0,0,0,0,0,0,0,0,0,0,0,0,0,0,0,0.47,75,0,0,0,18.12,0.35,0.35,28.94,86.59,12.59,71.03,0,0,16.12,98.54,9.18,61.54,32.63,51.14,0.01,0.12,0,0,0,0,0.12,3.18,55.56,0,0,0.59,40,0,0,6.24,71.7,11,1.29,30,3.53,1,63.33,8.8,1.04,-2.2,-0.259,0,1.18,0.12
Brian Aguas,Liga MX U142,2025/26,Mazatlán U21,Mazatlán U21,RCB,19,1522,0,0.83,0,0.07,Mexico,11.12,5.85,57.58,4.61,61.54,0.24,0.3,0.89,7.51,9.65,1.01,3,0.18,0,0,0.71,0,0,0,0.05,0,0,12,0.71,25,0,0,0.06,0,0.59,90,1.36,82.61,0.59,0.65,0,23.83,0.41,1.06,37.96,80.06,18.45,71.47,4.14,92.86,12.12,89.27,6.74,42.98,21.9,38.91,0,0.12,0,0,0,0,0,4.55,48.05,0.59,10,0.3,20,0.06,0,7.69,58.46,0,,0,,0,0,0,0,,,2.78,,
Ivan Tirado,Liga MX U143,2025/26,Mazatlán U21,Mazatlán U21,"RB, RWB",20,522,0,0,0,0,Mexico,10.69,7.07,63.41,2.07,58.33,0.86,1.06,0.69,5.34,6.55,1.38,1,0.17,0,0,1.21,0,0,0,0,0,0,1,0.17,0,0,0,1.21,28.57,1.03,83.33,3.28,42.11,0,0.69,0,10.34,1.03,0.86,17.59,64.71,8.62,50,3.45,95,3.79,68.18,1.9,54.55,18.58,24.32,0,0,0,0,0,0,0,2.76,37.5,1.21,14.29,0.17,0,0,0.34,3.45,50,0,,0,,0,0,0,0,,,0.86,,
D. Garcia,Liga MX U144,2025/26,Azteca,Mazatlán U21,"LCB, RCB",21,501,0,0,0,0,United States,7.37,6.11,70.59,3.77,80.95,0,0,0.36,3.05,3.78,0.36,0,0,0,0,0,0,0,0,0,0,0,0,0,0,0,0,0,0,0.18,0,1.44,25,0.18,0.36,0,24.61,0.9,0.72,39.34,86.3,19.94,78.38,3.41,89.47,12.75,94.37,6.29,54.29,23.33,44.83,0,0,0,0,0,0,0,6.65,75.68,0,0,0.36,50,0,0,8.98,78,0,,0,,0,0,0,0,,,2.51,,
B. Gutiérrez,Liga MX U145,2025/26,Mazatlán U21,Mazatlán U21,"LW, LB, CF",19,397,1,1.11,0,0.02,Mexico,4.99,5.67,52,1.36,33.33,0.23,0.31,0,1.81,2.45,1.13,1,0.23,0,0,2.49,0.23,1,0.23,0.25,0,0,9,2.04,22.22,11.111,0,1.13,40,3.17,50,7.03,41.94,1.36,1.13,0.91,14.06,0.91,1.13,18.82,74.7,4.53,45,5.89,88.46,5.44,79.17,0.91,25,12.81,10.03,0,0.45,0,0,0,0,0,1.81,62.5,1.36,33.33,0,0,0.45,0.68,2.72,66.67,0,,0,,0,0,0,0,,,0.23,,
I. González,Liga MX U146,2025/26,Mazatlán U21,Mazatlán U21,"RB, RW, RAMF",19,257,0,0,1,0.42,Mexico,5.95,6.65,42.11,1.4,0,1.4,2.45,0.35,1.75,3.06,1.4,1,0.35,0,0,4.9,0,0,0,0,0,0,0,0,0,0,0.35,4.55,30.77,5.25,66.67,11.56,48.48,1.75,1.75,0.35,11.21,2.8,2.1,16.81,56.25,4.2,33.33,3.85,81.82,5.6,50,1.75,0,22.32,34.55,0.15,1.4,0,0.35,0,0,1.05,1.75,40,3.5,50,0.35,0,1.05,1.4,3.15,66.67,0,,0,,0,0,0,0,,,0,,
Á. Leyva,Liga MX U147,2025/26,Mazatlán,Mazatlán U21,"RCB, CB",19,207,0,0,0,0,Mexico,14.78,9.13,71.43,5.22,75,1.3,2.25,1.3,6.96,12,1.74,1,0.43,0,0,0,0,0,0,0,0,0,0,0,0,0,0,0,0,0,0,1.3,33.33,0,0.43,0,4.35,0,0,16.96,74.36,9.57,72.73,0.43,100,3.04,85.71,3.04,71.43,20.6,35.22,0,0,0,0,0,0,0,1.3,100,0,0,0,0,0,0,4.78,45.45,0,,0,,0,0,0,0,,,0.43,,
J. Coronado,Liga MX U148,2025/26,Mazatlán U21,Mazatlán U21,"LB, LW",20,829,0,0.15,0,0.14,Mexico,4.78,4.34,57.5,1.63,53.33,0.54,0.77,0,1.74,2.46,0.43,1,0.11,0,0,0.65,0,0,0,0.02,0,0,5,0.54,40,0,0,1.85,17.65,0.54,20,1.52,28.57,0.33,0.43,0,15.42,1.52,0.22,21.06,73.71,8.25,68.42,3.26,96.67,6.95,78.13,2.71,36,23.66,35.31,0.02,0.43,0,0,0,0,0.22,2.82,65.38,1.63,20,0.11,0,0,0.33,4.56,61.9,0,,0,,0,0,0,0,,,0.33,,
C. Castro,Liga MX U149,2025/26,Mazatlán,Mazatlán U21,"LCB, CB",20,604,0,0.08,0,0,Mexico,10.73,7.6,78.43,1.79,58.33,0.15,0.18,0.75,4.62,5.64,1.34,2,0.3,0,0,0.3,0,0,0,0.01,0,0,2,0.3,50,0,0,0,0,0.15,100,1.79,83.33,0.3,0.3,0,21.46,0.15,1.34,36.36,82.38,15.79,70.75,1.64,72.73,15.65,95.24,5.66,47.37,21.56,39.76,0,0,0,0,0,0,0,3.73,40,0.6,0,0.6,25,0,0,7.15,45.83,0,,0,,0,0,0,0,,,0.45,,
P. García La Volpe,Liga MX U150,2025/26,Querétaro U21,Querétaro U21,RB,20,274,0,0,0,0,Mexico,10.18,7.23,59.09,1.31,50,1.31,1.9,0,4.6,6.67,2.3,1,0.33,0,0,1.64,0,0,0,0,0,0,0,0,0,0,0,2.3,14.29,1.31,100,3.61,63.64,0.66,0.66,0.33,15.11,1.64,1.31,25.95,65.82,11.82,61.11,2.3,100,5.26,56.25,1.31,50,21.74,8.9,0,0,0,0,0,0,0,2.96,77.78,2.3,14.29,0,0,0,0,8.54,53.85,0,,0,,0,0,0,0,,,0.33,,
Milán González,Liga MX U151,2025/26,Club León U21,Club León U21,RCB,20,460,0,0.22,0,0.12,Mexico,8.61,6.46,72.73,3.33,52.94,0.78,0.99,0.39,3.13,3.97,0.98,0,0,0,0,0,0,0,0,0.04,0,0,2,0.39,0,0,0,0,0,0.39,0,1.37,71.43,0.39,0.59,0,24.46,0.39,0.98,36.2,84.32,18.59,77.89,3.33,100,11.93,90.16,7.63,51.28,21.81,33.62,0.02,0.2,0,0,0,0,0,5.09,73.08,0,0,0.59,66.67,0,0,9.59,67.35,0,,0,,0,0,0,0,,,3.33,,
D. González Beltrán,Liga MX U152,2025/26,Guadalajara U21,Guadalajara U21,"RB, RCB",20,337,0,0.04,0,0.02,Mexico,9.88,9.35,62.86,2.67,80,1.6,2.17,0,2.4,3.25,2.67,1,0.27,2,0.53,1.34,0,0,0,0.01,0,0,1,0.27,0,0,0,1.87,42.86,0.8,66.67,2.94,36.36,0.27,0.53,0,16.02,1.07,1.6,23.23,70.11,10.15,63.16,4.01,100,5.88,72.73,3.2,41.67,22.73,29.07,0,0.27,0,0,0,0,0,4.01,26.67,0.8,33.33,0.27,0,0,0.27,7.48,71.43,0,,0,,0,0,0,0,,,0.27,,
E. Reyes,Liga MX U153,2025/26,Querétaro U21,Querétaro U21,"RW, LB",20,502,0,0.19,1,0.34,United States,6.63,7.89,52.27,1.08,33.33,0.54,0.79,0,1.97,2.89,1.61,3,0.54,0,0,1.61,0,0,0,0.03,0,0,2,0.36,100,0,0.18,1.79,50,0.9,40,8.61,39.58,1.25,1.08,0,18.65,2.69,2.51,25.82,86.11,7.35,73.17,6.27,94.29,8.25,91.3,1.25,85.71,18.44,11.79,0.06,0.9,0,0,0,0,0.36,2.33,92.31,1.97,81.82,0.36,100,0.9,0.72,4.48,76,0,,0,,0,0,0,0,,,0.18,,
Z. Hernández,Liga MX U154,2025/26,Guadalajara U21,Guadalajara U21,"LCB, LW",19,152,0,0,0,0.06,Mexico,11.25,8.88,60,2.37,25,0,0,0,5.92,8.57,2.37,1,0.59,0,0,1.18,0,0,0,0,0,0,0,0,0,0,0,0,0,1.78,66.67,4.74,37.5,0.59,0.59,0,6.51,0,0,20.13,85.29,11.84,75,2.37,100,4.74,100,1.78,66.67,14.76,12.67,0.03,0.59,0,0,0,0,0,2.37,50,0,0,0,0,0,0,4.74,50,0,,0,,0,0,0,0,,,0.59,,
Y. Orozco,Liga MX U155,2025/26,Guadalajara U19,Guadalajara U21,"LB, LCB",19,579,0,0.21,0,0.24,Mexico,10.26,6.22,72.5,1.71,81.82,0.47,0.6,0.93,5.28,6.75,0.78,2,0.31,0,0,0.16,0,0,0,0.03,0,0,1,0.16,0,0,0,0.47,33.33,0.16,0,1.09,28.57,0.16,1.4,0,20.98,0,0.16,28.13,87.85,11.66,78.67,4.51,100,8.86,92.98,2.64,47.06,19.75,35.92,0.04,0.47,0,0,0,0,0,2.33,60,0.47,0,0,0,0,0,3.42,68.18,0,,0,,0,0,0,0,,,1.55,,
M. Corona,Liga MX U156,2025/26,Club León U19,Club León U21,"RCB, LCB",18,291,0,0.05,0,0.04,Mexico,7.42,4.02,69.23,1.86,83.33,0,0,0.93,4.64,6.52,0.31,0,0,0,0,0,0,0,0,0.02,0,0,1,0.31,0,0,0,0,0,0,0,0.31,100,0.62,1.24,0,20.72,0.62,0.31,34.64,88.39,12.99,80.95,2.78,100,16.7,94.44,4.33,57.14,23.56,43.57,0.01,0.31,0,0,0,0,0,4.02,61.54,0.31,0,0.31,0,0.31,0,6.49,71.43,0,,0,,0,0,0,0,,,2.78,,
R. Martínez,Liga MX U157,2025/26,Querétaro U21,Querétaro U21,GK,21,482,0,0,0,0,Mexico,2.05,0.19,0,0,0,0.19,0.22,0,1.87,2.22,0.19,1,0.19,0,0,0,0,0,0,0,0,0,0,0,0,0,0,0,0,0,0,0.56,66.67,0,0,0,13.44,0.37,0.37,19.23,78.64,9.34,62,0,0,9.52,94.12,7.66,51.22,34.01,50.08,0,0,0,0,0,0,0,3.17,52.94,0.19,0,0.19,0,0,0,5.79,58.06,12,2.24,27,5.04,0,55.56,9.34,1.74,-2.66,-0.497,0,0.75,0
C. Hernández,Liga MX U158,2025/26,Guadalajara U21,Guadalajara U21,CB,19,389,0,0.07,0,0,Mexico,6.48,3.7,68.75,2.78,66.67,0.23,0.3,0.69,3.7,4.8,1.62,0,0,0,0,0,0,0,0,0.02,0,0,1,0.23,0,0,0,0,0,0,0,0.23,0,0.69,0,0,21.75,0.23,0,34.94,84.11,15.27,75.76,2.08,88.89,15.5,92.54,6.25,51.85,22.29,38.95,0,0,0,0,0,0,0,3.24,57.14,0.69,33.33,0.46,50,0.23,0,7.4,53.13,0,,0,,0,0,0,0,,,1.16,,
E. Rodriguez Valadez,Liga MX U159,2025/26,Guadalajara U19,Guadalajara U21,"LCB, RCB",18,366,0,0,0,0,Mexico,5.9,4.92,65,1.97,37.5,0.25,0.33,0.25,2.46,3.3,1.72,1,0.25,1,0.25,0,0,0,0,0,0,0,0,0,0,0,0,0,0,0,0,0.49,0,0,0,0,21.15,0.25,0.49,30,88.52,13.77,76.79,1.97,100,11.56,97.87,4.43,55.56,21.69,42.29,0,0,0,0,0,0,0,2.7,54.55,0.25,100,0,0,0.25,0,4.43,61.11,0,,0,,0,0,0,0,,,1.97,,
Christopher Mora,Liga MX U160,2025/26,Club León U21,Club León U21,"LB, LCB",21,1860,4,1.99,3,0.87,Mexico,8.95,6,67.74,3.15,55.38,0.29,0.4,0.44,4.6,6.38,0.82,2,0.1,0,0,1.26,0.19,4,0.19,0.1,4,0.19,15,0.73,46.67,26.667,0.15,0.92,31.58,0.77,75,3.29,52.94,1.6,0.58,0.15,21.82,1.21,0.92,33.82,81.83,13.84,74.13,4.89,94.06,10.79,85.65,4.55,46.81,21.19,41.66,0.04,0.44,0,0,0.05,100,0.15,3.1,54.69,1.11,43.48,0.19,25,0.48,0.29,6.34,64.12,0,,0,,0,0,0,0,,,1.31,,
J. Montesano,Liga MX U161,2025/26,Club León U19,Club León U21,"RB, LB, RAMF",19,317,0,0,0,0,Mexico,8.52,7.95,71.43,0.57,50,0.85,1.14,0,1.99,2.66,1.7,1,0.28,0,0,1.42,0,0,0,0,0,0,0,0,0,0,0,2.27,37.5,1.7,33.33,7.67,33.33,0.28,1.14,0,16.75,0.85,1.14,24.7,82.76,8.8,83.87,4.83,88.24,8.52,80,1.14,75,20.77,18.8,0,0,0,0,0,0,0,1.7,83.33,1.99,28.57,0,0,0,0.85,4.83,64.71,0,,0,,0,0,0,0,,,0.57,,
A. Brambila,Liga MX U162,2025/26,Guadalajara U21,Guadalajara U21,"RWB, RB",20,634,1,1.38,0,0.25,Mexico,11.21,8.09,56.14,2.98,52.38,1.56,2.17,0.28,5.11,7.11,0.99,2,0.28,0,0,3.26,0.14,1,0.14,0.2,0,0,5,0.71,60,20,0,2.98,38.1,1.99,85.71,6.81,43.75,1.85,2.41,0.28,14.91,1.99,0.99,26.55,72.19,8.8,67.74,4.54,87.5,7.81,70.91,1.7,50,19.99,23.65,0.04,0.85,0,0,0,0,0.43,2.27,62.5,2.13,40,0.14,100,0.28,1.28,4.4,64.52,0,,0,,0,0,0,0,,,0.28,,
P. González,Liga MX U163,2025/26,Club León U19,Club León U21,"RW, RAMF, RB",20,142,0,0.18,0,0,Mexico,6.34,5.7,55.56,3.8,16.67,1.27,1.76,0,1.9,2.65,1.9,1,0.63,0,0,2.54,0,0,0,0.11,0,0,1,0.63,0,0,0,3.8,16.67,5.07,37.5,9.51,33.33,2.54,1.27,0,12.04,3.8,1.9,15.85,64,3.17,80,3.17,100,4.44,71.43,1.27,50,20.45,25.78,0,0,0,0,0,0,0,2.54,100,1.27,50,0,0,0,0.63,3.8,83.33,0,,0,,0,0,0,0,,,0,,
Raúl Nuño,Liga MX U164,2025/26,Tapatío,Guadalajara U21,"RB, RWB",20,152,0,0.34,0,0.09,Mexico,5.92,7.7,46.15,2.37,25,0,0,0,2.37,3,2.96,0,0,0,0,0.59,0,0,0,0.2,0,0,1,0.59,0,0,0,2.37,25,0,0,4.14,42.86,0.59,0.59,0,17.76,2.37,1.78,24.28,70.73,7.11,58.33,4.74,62.5,7.11,91.67,2.37,25,17.81,38.74,0.05,0.59,0,0,0,0,0,1.78,0,0.59,100,0,0,0.59,0.59,5.33,44.44,0,,0,,0,0,0,0,,,0,,
J. de León,Liga MX U165,2025/26,Guadalajara U21,Guadalajara U21,CB,18,203,0,0.03,0,0,Mexico,6.21,3.55,75,3.1,57.14,0.44,0.68,0.44,3.1,4.77,0.44,0,0,0,0,0,0,0,0,0.01,0,0,2,0.89,0,0,0,0,0,0,0,0,0,0.44,0,0,25.71,0,0.44,35.02,93.67,12.41,85.71,2.22,100,15.96,100,4.43,60,17.75,23.35,0,0,0,0,0,0,0,2.22,20,0,0,0,0,0,0,4.88,90.91,0,,0,,0,0,0,0,,,2.22,,
C. Mendiola,Liga MX U166,2025/26,Querétaro U21,Querétaro U21,"LCB, LB",21,861,1,0.77,0,0.22,Mexico,8.89,5.64,62.96,0.84,37.5,0.94,1.22,0.42,4.39,5.7,0.84,3,0.31,0,0,0.52,0.1,0,0,0.08,0,0,2,0.21,50,50,0,0.73,28.57,0.31,66.67,0.84,37.5,0.1,0.73,0,23.83,1.15,0.21,35.12,81.85,17.67,76.33,4.91,89.36,8.47,90.12,5.85,62.5,18.35,28.9,0.02,0.21,0.1,0,0,0,0,4.7,64.44,0.73,14.29,0.1,0,0,0.21,8.26,67.09,0,,0,,0,0,0,0,,,0.73,,
José Sánchez,Liga MX U167,2025/26,Querétaro U21,Querétaro U21,"LCB, LB",19,356,0,0.31,0,0,Mexico,8.09,7.84,51.61,2.53,70,0.51,0.71,0.25,3.54,4.94,2.53,0,0,1,0.25,0.76,0,0,0,0.08,0,0,3,0.76,0,0,0,1.01,50,0.25,100,1.01,50,0.51,1.01,0,26.29,2.28,0.51,37.42,81.08,20.48,72.84,4.3,88.24,9.86,97.44,6.07,41.67,20.76,33.32,0,0.25,0.25,0,0,0,0,4.3,58.82,1.01,50,0,0,0.25,0.51,7.84,58.06,0,,0,,0,0,0,0,,,0.76,,
D. Valdez,Liga MX U168,2025/26,Cruz Azul U19,Cruz Azul U21,"LB, LCMF",20,661,3,1.45,2,0.73,Mexico,4.22,3.81,53.57,1.36,30,0.27,0.38,0.14,1.91,2.69,0.82,2,0.27,0,0,1.36,0.41,3,0.41,0.2,1,0.14,4,0.54,75,75,0.27,1.36,10,1.63,50,5.31,28.21,1.91,2.31,0,21.38,2.31,0.41,27.1,80.4,5.17,52.63,7.9,93.1,10.08,81.08,1.36,60,17.97,16.65,0.1,1.09,0,0,0,0,0.41,3.27,54.17,1.09,50,0,0,0.95,0.27,3.68,81.48,0,,0,,0,0,0,0,,,0.41,,
José Hernández,Liga MX U169,2025/26,Club Tijuana U21,Club Tijuana U21,"CF, RW, RB",20,1085,4,4.98,4,1.99,Mexico,5.14,4.98,58.33,2.82,23.53,0.17,0.23,0.08,2.07,2.88,1.24,2,0.17,0,0,3.4,0.33,2,0.17,0.41,1,0.08,27,2.24,48.15,14.815,0.33,1.16,42.86,3.48,52.38,9.54,34.78,2.49,1.99,0.83,14.93,1.74,1.66,20.24,81.56,5.56,76.12,6.14,91.89,4.65,76.79,1,50,15.87,13.56,0.17,0.83,0,0,0,0,0.5,1.74,80.95,1.08,61.54,0,0,0.91,0.5,2.74,69.7,0,,0,,0,0,0,0,,,0.17,,
J. Flores,Liga MX U170,2025/26,Club Tijuana U21,Club Tijuana U21,RB,20,789,0,0.52,0,0,Mexico,9.58,8.9,66.67,2.4,38.1,0.23,0.35,0.34,3.42,5.26,1.25,1,0.11,0,0,1.71,0,0,0,0.06,0,0,4,0.46,25,0,0,1.94,52.94,1.6,35.71,4.79,40.48,0.68,0.8,0,21.1,2.05,1.14,29.66,80,12.55,70.91,4.45,94.87,7.98,82.86,4.45,48.72,18.43,25.76,0,0.11,0,0,0,0,0,3.76,60.61,1.6,57.14,0,0,0,1.03,6.62,68.97,0,,0,,0,0,0,0,,,1.37,,
A. Osorio,Liga MX U171,2025/26,Club Tijuana U21,Club Tijuana U21,RCB,20,291,1,0.34,0,0,Colombia,11.13,10.82,48.57,2.16,57.14,0,0,0.31,5.88,8.51,3.4,3,0.93,0,0,0.62,0.31,1,0.31,0.11,1,0.31,2,0.62,50,50,0,0,0,0.31,100,1.86,50,0.62,0.62,0,22.27,0,0.62,38.35,80.65,14.85,72.92,3.4,90.91,17.32,89.29,5.57,61.11,18.66,28.06,0,0,0,0,0,0,0,3.4,81.82,0,0,0,0,0,0,9.28,63.33,0,,0,,0,0,0,0,,,1.86,,
B. Burgara,Liga MX U172,2025/26,Club Tijuana U21,Club Tijuana U21,"CF, LB",20,1231,1,0.88,1,0.31,Mexico,7.02,6.87,67.02,5.19,28.17,0.29,0.4,0.15,2.12,2.92,1.68,3,0.22,1,0.07,2.27,0.07,1,0.07,0.06,0,0,14,1.02,42.86,7.143,0.07,1.24,41.18,2.85,46.15,11.99,34.15,1.75,0.95,0.07,14.55,1.9,2.19,25.08,77.55,7.53,73.79,7.16,89.8,5.7,78.21,1.83,52,15.73,11.07,0.02,0.29,0,0,0,0,0.15,2.92,62.5,1.24,64.71,0.07,100,0.58,0.51,4.53,74.19,0,,0,,0,0,0,0,,,0.37,,
B. Felix,Liga MX U173,2025/26,Club Tijuana U19,Club Tijuana U21,RCB,19,330,0,0,0,0,Mexico,5.45,5.18,73.68,1.64,33.33,0,0,0.27,1.64,2.47,1.09,0,0,1,0.27,0.27,0,0,0,0,0,0,0,0,0,0,0,0.27,0,0.27,100,3.55,53.85,0.27,1.91,0,28.64,0.82,1.09,39.27,83.33,18.55,73.53,2.18,100,15.27,92.86,9.55,54.29,24.24,43.02,0,0,0,0,0,0,0,5.45,55,0.55,0,0.27,0,0,0,8.18,63.33,0,,0,,0,0,0,0,,,1.36,,
I. Olvera,Liga MX U174,2025/26,Club Tijuana U19,Club Tijuana U21,"LB, CF, LCB",18,881,0,0.19,0,0.1,Mexico,9.7,6.13,71.67,3.78,45.95,0.2,0.28,0.2,5.11,7.01,1.33,0,0,0,0,1.94,0,0,0,0.02,0,0,4,0.41,25,0,0,1.63,50,2.55,40,9.81,34.38,0.61,1.33,0.31,24.52,1.74,1.53,36.78,82.22,13.79,74.81,6.13,95,11.24,86.36,4.39,51.16,18.18,38.66,0.01,0.31,0,0,0,0,0.2,4.6,66.67,1.74,52.94,0.2,0,0.2,0.82,6.74,69.7,0,,0,,0,0,0,0,,,0.92,,
Martín Quiñonez,Liga MX U175,2025/26,Club Tijuana U21,Club Tijuana U21,"RCB, LCB",21,964,1,0.26,0,0,Mexico,8.68,6.82,69.86,3.08,48.48,0.93,1.29,0.37,2.99,4.14,2.05,3,0.28,1,0.09,0.19,0.09,1,0.09,0.02,1,0.09,1,0.09,100,100,0,0,0,0.09,100,2.15,47.83,0.09,0.84,0,21.01,0.47,1.21,31.56,82.54,12.51,64.93,2.24,95.83,13.26,96.48,5.51,52.54,22.7,40.42,0,0,0,0,0,0,0,3.64,48.72,0.47,40,0.19,50,0.19,0,5.04,61.11,0,,0,,0,0,0,0,,,1.87,,
L. De Jesús,Liga MX U176,2025/26,Cruz Azul U21,Cruz Azul U21,"RCB, LCB",21,290,0,0,0,0.16,Mexico,5.59,5.28,41.18,0.93,33.33,0,0,0.31,3.41,4.46,0.62,1,0.31,0,0,0.31,0,0,0,0,0,0,0,0,0,0,0,0.31,100,0,0,1.55,60,0,0.62,0,29.17,0,1.55,40.34,87.69,16.45,81.13,1.86,83.33,18.93,95.08,5.59,55.56,21.82,39.19,0.05,0.62,0,0,0,0,0.62,4.34,64.29,0.31,100,0.62,50,0,0.31,7.14,60.87,0,,0,,0,0,0,0,,,1.55,,
José Quiroz,Liga MX U177,2025/26,Club Tijuana U21,Club Tijuana U21,"RCB, RB, LCB",19,1171,0,0.06,0,0.05,Mexico,11.91,8.45,70,3.69,47.92,0.23,0.31,0.38,5.76,7.79,1.23,5,0.38,0,0,0.77,0,0,0,0,0,0,2,0.15,0,0,0,0.69,55.56,0.54,71.43,3.38,75,0.31,0.69,0.08,18.83,0.38,1.61,33.43,76.32,17.22,66.07,3.38,90.91,9.3,91.74,6.38,49.4,21.02,33.15,0,0.08,0.08,0,0,0,0.08,4.46,55.17,0.85,45.45,0.46,50,0.15,0.38,9.61,57.6,0,,0,,0,0,0,0,,,2.31,,
J. Rodarte,Liga MX U178,2025/26,Cruz Azul,Cruz Azul U21,"RCB, RB",22,535,0,0.61,0,0.02,Mexico,9.76,7.23,60.47,2.19,92.31,1.01,1.86,0.84,4.37,8.04,1.01,3,0.5,0,0,0.67,0,0,0,0.1,0,0,2,0.34,0,0,0,0.17,0,0.67,100,2.52,60,1.18,2.02,0,37.51,1.35,1.01,50.64,83.39,20.36,73.55,7.74,93.48,16.65,90.91,6.56,48.72,20.5,37.09,0,0.17,0,0.17,0,0,0,6.9,63.41,0.84,20,0.34,0,0.5,0,8.41,62,0,,0,,0,0,0,0,,,4.71,,
R. Palomares,Liga MX U179,2025/26,Club Tijuana U21,Club Tijuana U21,LCB,22,1500,0,0.59,1,0.95,Mexico,11.16,7.38,76.42,2.7,55.56,0.9,1.26,0.54,4.62,6.47,0.96,4,0.24,0,0,1.44,0,0,0,0.04,0,0,6,0.36,33.33,0,0.06,0.78,38.46,1.38,73.91,3.06,64.71,0.72,1.68,0.36,24.18,0.6,0.9,42.3,77.87,19.38,66.25,2.22,94.59,16.74,89.96,9.84,50,25.65,44.42,0.06,0.24,0,0,0,0,0.06,5.88,50,1.02,47.06,0.54,22.22,0.3,0.3,10.5,63.43,0,,0,,0,0,0,0,,,1.56,,
Ismael Flores,Liga MX U180,2025/26,Club Tijuana U21,Club Tijuana U21,GK,20,960,0,0,0,0,Mexico,2.44,0.47,60,0.28,100,0.09,0.13,0.09,2.06,2.84,0.09,1,0.09,0,0,0,0,0,0,0,0,0,0,0,0,0,0,0,0,0,0,0,0,0,0,0,13.41,0.38,0.19,22.41,83.68,9.56,69.61,0,0,12.28,94.66,6.84,57.53,30.87,49.51,0,0,0,0,0,0,0,1.97,33.33,0.47,0,0.47,20,0,0,5.34,63.16,17,1.59,45,4.22,2,62.22,12.89,1.21,-4.11,-0.385,0,1.22,0.28
Sebastián Cervantes,Liga MX U181,2025/26,Dorados,Club Tijuana U21,"LB, LW",19,1030,3,1.17,0,0.75,Mexico,10.4,6.99,60,5.42,54.84,0.7,0.92,0.17,5.5,7.24,1.31,1,0.09,0,0,2.88,0.26,3,0.26,0.1,1,0.09,14,1.22,35.71,21.429,0,3.23,37.84,2.01,60.87,5.5,46.03,1.75,1.66,0.17,22.28,2.01,0.87,36.61,74.7,15.2,69.54,6.9,92.41,9.7,69.37,6.73,48.05,22.21,35.14,0.07,0.87,0,0,0,0,0.52,6.99,66.25,3.84,40.91,0.61,14.29,0.61,1.49,10.83,73.39,0,,0,,0,0,0,0,,,1.05,,
Rogelio Esparza,Liga MX U182,2025/26,Cruz Azul U19,Cruz Azul U21,"CB, LCB, RCB",20,917,1,0.23,0,0,Mexico,6.77,5.3,51.85,2.45,48,0.1,0.15,0.69,3.93,6.12,1.18,1,0.1,0,0,0.59,0.1,1,0.1,0.02,1,0.1,3,0.29,66.67,33.333,0,0.2,0,0.49,80,1.47,60,0.59,0.59,0,24.14,0.2,0,38.87,80.81,17.37,64.41,3.93,97.5,13.84,97.16,5.99,47.54,21.61,39.38,0,0,0,0,0,0,0.2,6.87,55.71,0.49,20,0.88,22.22,0.2,0,8.15,63.86,0,,0,,0,0,0,0,,,1.96,,
K. Bañales,Liga MX U183,2025/26,Club León U21,Club León U21,"RCB, CF",20,163,0,0,1,0.06,Mexico,6.63,4.42,62.5,5.52,60,0.55,0.73,0,3.31,4.39,1.1,1,0.55,0,0,1.1,0,0,0,0,0,0,0,0,0,0,0.55,0,0,1.1,100,2.21,100,0,0,0,20.98,1.1,1.66,27.61,82,11.04,55,2.21,100,9.39,100,7.73,42.86,6.16,8.38,0.03,0.55,0,0,0,0,0.55,3.87,28.57,1.66,0,1.66,33.33,0,0,4.42,62.5,0,,0,,0,0,0,0,,,2.21,,
X. Camacho,Liga MX U184,2025/26,Guadalajara U21,Guadalajara U21,"LB, LW",20,152,0,0,0,0.14,Mexico,4.74,4.14,57.14,1.78,33.33,0,0,0.59,2.37,4.14,0.59,0,0,0,0,5.33,0,0,0,0,0,0,1,0.59,0,0,0,2.37,75,4.74,75,11.84,45,1.18,1.78,0,9.47,0,1.78,15.99,88.89,4.14,71.43,3.55,100,5.33,88.89,1.18,100,13.38,21.58,0.08,0.59,0,0,0,0,0,0.59,100,0.59,0,0,0,0,1.18,2.37,75,0,,0,,0,0,0,0,,,0,,
Á. Romero,Liga MX U185,2025/26,Guadalajara U21,Guadalajara U21,GK,20,1168,0,0,0,0,Mexico,2,0,0,0.62,100,0,0,0,2,2.73,0.08,3,0.23,0,0,0,0,0,0,0,0,0,0,0,0,0,0,0,0,0,0,0.23,100,0,0,0,10.79,0.39,0.62,20.19,82.44,11.17,71.72,0,0,7.86,95.1,8.24,60.75,35.51,55.59,0,0,0,0,0,0,0,3.93,45.1,1,23.08,0.62,25,0.15,0,5.47,77.46,15,1.16,44,3.39,4,65.91,14.48,1.12,-0.52,-0.04,0,2.23,0.62
Youssef Ortiz,Liga MX U186,2025/26,Club León U19,Club León U21,RB,19,1595,0,0.51,1,1.63,Mexico,8.07,7,62.1,1.92,55.88,0.45,0.63,0.17,3.27,4.59,1.52,4,0.23,0,0,2.71,0,0,0,0.03,0,0,6,0.34,16.67,0,0.06,3.78,40.3,1.47,76.92,4.85,63.95,0.68,1.13,0.11,17.55,1.86,1.81,27.42,75.72,10.66,69.31,4.68,97.59,7.9,74.29,3.89,42.03,21.17,33.53,0.09,0.79,0,0,0,0,0.39,3.05,68.52,2.37,54.76,0.23,0,0.11,1.47,6.77,69.17,0,,0,,0,0,0,0,,,0.68,,
A. Villegas,Liga MX U187,2025/26,León,Club León U21,LB,23,157,0,0,0,0,Mexico,6.31,5.73,60,1.72,66.67,0,0,0,2.87,4.05,1.15,1,0.57,0,0,0.57,0,0,0,0,0,0,0,0,0,0,0,0.57,0,0.57,100,1.15,100,0.57,0.57,0,14.33,1.15,0.57,17.77,80.65,7.45,69.23,5.16,100,4.01,85.71,0.57,0,21.64,26.94,0,0,0,0,0,0,0,2.87,60,0.57,0,0,0,0,0,2.87,100,0,,0,,0,0,0,0,,,0,,
S. Esparza,Liga MX U188,2025/26,Tapatío,Guadalajara U21,"LWB, LB",22,312,0,0,0,0.85,Mexico,6.06,3.46,50,1.15,50,0.58,0.81,0.58,3.75,5.27,1.73,0,0,0,0,1.15,0,0,0,0,0,0,0,0,0,0,0,2.6,33.33,0.29,100,0.58,50,0.87,0.58,0,16.15,3.17,0.58,23.08,73.75,5.77,80,6.35,77.27,6.35,63.64,2.88,40,18.05,27.87,0.24,0.87,0.29,0,0,0,0.29,1.73,50,1.44,60,0,0,0.29,1.15,4.62,75,0,,0,,0,0,0,0,,,0.58,,
P. Cornejo,Liga MX U189,2025/26,Querétaro U21,Querétaro U21,"RCB, CB",21,596,0,0.07,0,0,Mexico,8.46,6.04,65,2.87,47.37,0.15,0.17,0.3,4.38,4.86,1.06,1,0.15,0,0,0,0,0,0,0.01,0,0,1,0.15,0,0,0,0,0,0,0,1.06,57.14,0.3,0,0,19.48,0.15,0.76,32.16,78.4,15.4,64.71,2.27,100,12.08,91.25,6.64,45.45,23.53,35.19,0,0,0,0,0,0,0,3.32,54.55,0.3,50,0.3,100,0.15,0,6.64,52.27,0,,0,,0,0,0,0,,,1.66,,
Diego Lomelí,Liga MX U190,2025/26,Club León U21,Club León U21,"RCB, LCB",20,575,0,0.46,0,0,Mexico,8.92,6.42,63.41,2.97,47.37,0.47,0.67,0.63,4.38,6.22,2.03,4,0.63,1,0.16,0.47,0,0,0,0.07,0,0,3,0.47,0,0,0,0.16,0,0.63,75,2.19,71.43,1.1,0.31,0,15.97,0.47,0.94,28.17,77.78,12.83,63.41,1.72,90.91,10.64,94.12,6.26,40,23.93,30.13,0,0,0,0,0,0,0,4.38,39.29,0.63,25,0.16,0,0.31,0,7.04,55.56,0,,0,,0,0,0,0,,,1.25,,
P. Romero,Liga MX U191,2025/26,Club León U21,Club León U21,RCB,21,322,0,0.02,0,0,Mexico,7.83,6.71,62.5,1.96,42.86,0,0,0.28,3.63,6.5,1.12,0,0,0,0,0.84,0,0,0,0.01,0,0,1,0.28,100,0,0,0.56,100,0.28,0,1.12,0,0,0.84,0,28.51,0,0,38.57,87.68,16.21,74.14,1.68,100,17.05,98.36,6.15,50,21.78,24.16,0,0,0,0,0,0,0,4.19,40,0.84,33.33,1.12,0,0,0.28,6.15,68.18,0,,0,,0,0,0,0,,,1.12,,
J. Daccarett,Liga MX U192,2025/26,CA La Paz,Querétaro U21,"RB, RCB",23,534,0,0.04,0,0.58,Mexico,9.44,7.25,60.47,1.69,40,0,0,0.17,5.06,5.63,0.84,1,0.17,0,0,0.84,0,0,0,0.01,0,0,2,0.34,0,0,0,1.35,25,0.67,75,3.88,34.78,0.34,0.34,0.17,17.36,1.18,0.84,25.28,74,10.28,65.57,4.55,92.59,6.57,71.79,3.71,45.45,19.59,37.28,0.1,0.34,0,0,0.17,0,0.17,3.88,60.87,1.01,16.67,0.17,0,0,0.34,5.39,46.88,0,,0,,0,0,0,0,,,0.17,,
I. Martínez,Liga MX U193,2025/26,Club León U21,Club León U21,GK,22,1392,0,0,0,0,Mexico,3.23,0.39,83.33,0.78,83.33,0.06,0.09,0,2.84,3.96,0,1,0.06,0,0,0.06,0,0,0,0,0,0,0,0,0,0,0,0,0,0.06,100,0.06,100,0,0,0,20.37,0.39,0.26,34.46,80.49,18.36,64.79,0,0,15.26,98.73,11.06,50.88,33.43,52.87,0,0,0.06,0,0,0,0,5.17,31.25,1.1,0,0.78,8.33,0,0,7.69,63.87,12,0.78,61,3.94,5,80.33,15.69,1.01,3.69,0.239,0,2.39,0.78
O. García,Liga MX U194,2025/26,León,Club León U21,GK,22,193,0,0,0,0,Mexico,3.26,0.47,100,0.47,100,0,0,0,2.8,3.27,0,0,0,0,0,0,0,0,0,0,0,0,0,0,0,0,0,0,0,0,0,0,0,0,0,0,14.92,0.47,0,28.91,72.58,17.25,62.16,0,0,10.73,86.96,13.06,39.29,33.72,50.25,0,0,0,0,0,0,0,3.26,14.29,0.47,0,0.47,0,0,0,6.06,46.15,5,2.33,15,6.99,0,66.67,4.72,2.2,-0.28,-0.131,0,1.87,0.47
D. Ochoa,Liga MX U195,2025/26,Juárez,Juárez U21,"LCB, CB",21,242,0,0,0,0,Mexico,7.07,2.98,75,0.74,100,0,0,0.74,4.83,5.74,0.74,0,0,0,0,0.74,0,0,0,0,0,0,0,0,0,0,0,0,0,0.74,100,1.86,100,0,0,0,20.08,0.37,1.49,29.01,82.05,10.04,66.67,0.74,100,15.99,93.02,4.83,38.46,23.44,25.6,0,0,0,0,0,0,0,2.6,57.14,0,0,0,0,0,0,5.95,43.75,0,,0,,0,0,0,0,,,0.74,,
A. Velez,Liga MX U196,2025/26,Querétaro U21,Querétaro U21,"LCB, RCB",23,342,0,0.65,0,0,Mexico,8.42,6.05,65.22,3.68,78.57,0.26,0.39,1.58,4.21,6.23,0.26,0,0,0,0,0.53,0,0,0,0.17,0,0,4,1.05,50,0,0,0,0,0.26,0,0.79,0,1.05,1.05,0,27.11,0.53,0.53,43.16,79.27,19.74,66.67,2.11,87.5,17.89,94.12,7.63,37.93,22.34,39.26,0,0,0,0,0,0,0,6.58,40,0.79,0,0,0,0,0,7.63,62.07,0,,0,,0,0,0,0,,,1.58,,
Y. Delgado,Liga MX U197,2025/26,Querétaro U21,Querétaro U21,GK,20,376,0,0,0,0,Mexico,1.68,0,0,0.24,0,0,0,0,1.68,2.1,0,0,0,0,0,0,0,0,0,0,0,0,0,0,0,0,0,0,0,0,0,0,0,0,0,0,12.69,0,0,19.63,86.59,10.05,78.57,0,0,8.86,94.59,6.46,62.96,26.09,41.42,0,0,0,0,0,0,0,0.48,100,0,0,0,0,0,0,5.27,63.64,6,1.44,14,3.35,1,57.14,5.24,1.25,-0.76,-0.182,0,0.24,0.24
L. Morales,Liga MX U198,2025/26,Querétaro U21,Querétaro U21,"RB, LCB",21,813,0,0.06,0,0.01,Mexico,10.41,12.51,57.52,1.66,40,0.22,0.29,0.11,2.99,3.97,2.99,5,0.55,1,0.11,1,0,0,0,0.01,0,0,2,0.22,0,0,0,1.88,35.29,0.66,50,3.76,44.12,0.33,0.55,0,20.92,0.89,1.22,29.34,78.49,11.62,69.52,5.2,91.49,7.97,87.5,2.1,47.37,18.87,25.62,0,0.11,0,0,0,0,0,3.43,64.52,1.88,47.06,0.22,50,0.44,0.77,6.53,54.24,0,,0,,0,0,0,0,,,0.55,,
R. Canseco,Liga MX U199,2025/26,Querétaro U21,Querétaro U21,GK,20,191,0,0,0,0,Mexico,1.41,0,0,0,0,0,0,0,1.41,1.5,0,0,0,0,0,0,0,0,0,0,0,0,0,0,0,0,0,0,0,0,0,0,0,0,0,0,9.9,0.47,0,18.38,82.05,7.54,56.25,0,0,10.84,100,5.65,41.67,33.91,50.17,0,0,0,0,0,0,0,1.41,33.33,0.47,0,0,0,0,0,2.83,33.33,5,2.36,13,6.13,0,61.54,4.11,1.94,-0.89,-0.419,0,0.94,0
Á. Torres,Liga MX U200,2025/26,Juárez U21,Juárez U21,"RB, RWB",21,618,0,0.05,0,0.39,Mexico,6.7,5.24,63.89,0.87,66.67,0,0,0,3.35,4.13,0.58,0,0,0,0,3.64,0,0,0,0.01,0,0,2,0.29,50,0,0,6.26,30.23,2.91,55,5.97,46.34,0.44,2.04,0.87,15,2.33,1.17,22.43,62.99,6.41,56.82,2.91,100,8.3,61.4,1.6,18.18,20.14,20.17,0.06,0.87,0,0,0,0,0.58,2.18,53.33,5.1,48.57,0,0,0.73,1.75,4.81,72.73,0,,0,,0,0,0,0,,,0.15,,
Emilio García,Liga MX U201,2025/26,Juárez U19,Juárez U21,"RCB, RB",20,146,0,0,0,0,Mexico,5.55,3.7,66.67,2.47,50,0,0,0,3.08,3.19,0.62,0,0,0,0,0,0,0,0,0,0,0,0,0,0,0,0,0,0,0,0,1.23,0,0,0.62,0,3.7,0,0.62,9.25,73.33,4.93,62.5,1.85,100,1.85,100,1.85,66.67,24.28,23.15,0,0,0,0,0,0,0,1.23,100,0.62,100,0,0,0.62,0,3.7,50,0,,1,,0,100,0.81,0.5,,,0.62,,
B. Romero,Liga MX U202,2025/26,Juárez U23,Juárez U21,"CB, RCB, RCMF",23,144,0,0,0,0,United States,11.25,9.38,80,7.5,75,0,0,0.63,3.75,6,1.25,0,0,0,0,0,0,0,0,0,0,0,0,0,0,0,0,0,0,0,0,1.25,0,1.25,0,0,8.75,0.63,0.63,19.38,64.52,10.63,64.71,0.63,0,5,87.5,5.63,55.56,26.89,35.89,0,0,0,0,0,0,0,4.38,57.14,1.25,50,0.63,0,0.63,0,6.88,63.64,0,,0,,0,0,0,0,,,0,,
R. González,Liga MX U203,2025/26,Juárez U21,Juárez U21,"RB, RCB",22,395,1,0.22,0,0.5,Mexico,9.8,5.7,68,7.29,56.25,1.14,1.7,0.46,4.78,7.16,1.37,2,0.46,1,0.23,2.05,0.23,1,0.23,0.05,0,0,2,0.46,50,50,0,2.05,55.56,1.14,60,5.24,52.17,0.91,1.14,0.68,13.22,1.59,2.28,29.85,69.47,16.18,61.97,1.14,80,10.48,78.26,6.15,44.44,22.05,32.84,0.11,0.46,0,0,0.23,0,0.46,5.7,56,2.51,54.55,0.68,0,0.68,1.14,10.03,61.36,0,,0,,0,0,0,0,,,0.23,,
S. Hernández,Liga MX U204,2025/26,Atlético Morelia,Querétaro U21,"LB, LCB",22,770,0,0.07,0,0.48,Mexico,8.3,6.78,58.62,1.75,40,0.7,0.83,0.12,3.62,4.27,1.52,3,0.35,0,0,1.05,0,0,0,0.01,0,0,3,0.35,33.33,0,0,1.29,27.27,1.05,55.56,3.51,46.67,0.58,1.4,0,25.25,1.75,1.05,37.17,78.62,18.58,71.7,5.49,87.23,9.94,82.35,6.55,48.21,21.01,35.89,0.06,0.58,0,0,0,0,0.23,5.96,64.71,2.1,27.78,0.23,0,0.47,0.47,8.53,71.23,0,,0,,0,0,0,0,,,0.94,,
J. Carmona,Liga MX U205,2025/26,Juárez U21,Juárez U21,"RB, RW, RAMF",22,2196,10,6.94,2,2.43,Mexico,6.11,4.67,62.28,2.91,50.7,0.2,0.27,0.08,2.99,3.91,0.98,6,0.25,0,0,2.38,0.41,7,0.29,0.28,3,0.12,45,1.84,42.22,22.222,0.08,1.6,25.64,1.76,62.79,5.61,40.88,1.84,1.35,0.25,17.17,1.97,0.9,25.82,76.03,10.29,71.31,3.77,92.39,7.58,75.14,2.42,50.85,19.34,35.86,0.1,0.78,0.04,0,0.12,66.67,0.25,4.22,66.99,2.01,36.73,0.29,28.57,0.53,0.29,5.94,75.17,0,,0,,0,0,0,0,,,0.12,,
O. Lavin,Liga MX U206,2025/26,Juárez U21,Juárez U21,"RB, LCMF",21,206,0,0.06,1,0.34,Mexico,8.3,6.55,73.33,0,0,0.87,1,0,2.62,3,0.87,0,0,0,0,2.62,0,0,0,0.03,0,0,1,0.44,100,0,0.44,1.75,25,1.75,100,3.93,77.78,0,1.75,0,13.98,3.93,0.44,20.97,79.17,8.3,73.68,4.37,90,4.81,72.73,1.75,25,19.33,20.45,0.15,1.31,0,0,0,0,0.44,3.06,71.43,2.18,40,0,0,0.44,0.44,3.93,88.89,0,,0,,0,0,0,0,,,0,,
R. Juárez,Liga MX U207,2025/26,Juárez U21,Juárez U21,"LB, CB, LCB",20,1574,1,0.75,0,0.51,Mexico,6.46,4.69,60.98,3.49,42.62,0.06,0.07,0.8,3.55,4.47,1.26,6,0.34,1,0.06,0.51,0.06,1,0.06,0.04,0,0,5,0.29,40,20,0,0.51,33.33,0.57,40,1.94,44.12,0.74,0.74,0.06,20.3,0.57,0.8,30.19,75,13.84,63.64,2.34,87.8,11.78,86.41,6.63,54.31,24.58,40.73,0.03,0.4,0.06,0,0,0,0.11,6.29,52.73,0.74,23.08,0.34,16.67,0.17,0.17,7.66,58.96,0,,0,,0,0,0,0,,,0.51,,
Á. López,Liga MX U208,2025/26,Juárez U21,Juárez U21,"RCB, RB",22,1389,0,0.2,0,0.43,Mexico,8.81,6.03,64.52,5.12,55.7,0.71,0.96,0.52,4.21,5.69,1.43,6,0.39,0,0,0.39,0,0,0,0.01,0,0,3,0.19,0,0,0,0.26,25,0.52,62.5,3.17,55.1,0.58,0.84,0.19,15.42,0.58,1.62,26.37,80.84,10.89,70.24,2.33,97.22,10.43,90.68,4.08,53.97,21.95,39.9,0.03,0.13,0,0,0.06,0,0.19,2.79,51.16,0.39,16.67,0.45,42.86,0.06,0.06,4.99,64.94,0,,0,,0,0,0,0,,,1.43,,
R. Flores,Liga MX U209,2025/26,Querétaro U21,Querétaro U21,"RCB, CB, LCB",22,768,0,0,1,0.49,Mexico,8.91,6.33,79.63,3.28,46.43,0.23,0.3,0.94,3.63,4.7,1.17,2,0.23,0,0,0.35,0,0,0,0,0,0,0,0,0,0,0.12,0.12,100,0.47,50,2.46,52.38,0.7,0.35,0.12,24.61,0,0.7,38.67,84.55,14.77,66.67,2.58,100,17.93,98.04,5.27,44.44,22.41,35.96,0.06,0.35,0,0.12,0,0,0.23,2.7,52.17,0.47,50,0,0,0.23,0.12,5.63,45.83,0,,0,,0,0,0,0,,,1.88,,
H. Madera,Liga MX U210,2025/26,Atlético de San Luis U21,Atlético de San Luis U21,"RCB, LCB",22,1854,0,0.14,0,0.04,Mexico,7.82,5.97,65.04,2.23,54.35,0.49,0.69,0.63,3.45,4.92,1.94,6,0.29,0,0,0.1,0,0,0,0.01,0,0,2,0.1,0,0,0,0.1,100,0.1,0,1.36,64.29,0.29,0.63,0,23.3,0.34,0.97,34.03,87.02,13.3,76.28,3.11,95.31,15.05,94.52,5.19,52.34,22.68,38.02,0,0.15,0,0,0,0,0,3.4,57.14,0.1,0,0,0,0.05,0.05,5.97,66.67,0,,0,,0,0,0,0,,,2.43,,
B. Ege,Liga MX U211,2025/26,Querétaro U21,Querétaro U21,"LB, LW, RWB",20,576,1,1.68,0,0.14,Ghana,10.31,7.34,55.32,2.03,61.54,0.94,1.15,0,5.31,6.5,2.19,3,0.47,1,0.16,4.06,0.16,0,0,0.26,0,0,14,2.19,50,7.143,0,2.34,20,3.28,71.43,8.28,49.06,2.34,3.91,1.41,19.69,1.72,1.09,31.56,75.25,10.31,62.12,8.44,96.3,7.5,68.75,2.19,35.71,18.14,31.58,0.02,0.31,0.16,0,0.31,50,0.47,2.34,60,2.19,42.86,0.31,50,0.63,0.63,5.31,61.76,0,,0,,0,0,0,0,,,0.31,,
D. Gonzalez Prosecutor,Liga MX U212,2025/26,Juárez U21,Juárez U21,LCB,19,658,0,1.07,1,0,Mexico,9.44,5.74,69.05,2.33,29.41,0.55,0.64,0.41,4.92,5.74,0.82,2,0.27,0,0,0.41,0,0,0,0.15,0,0,7,0.96,14.29,0,0.14,0.14,0,0.27,100,0.68,100,1.09,0.68,0,19.29,0.55,0.41,30.5,75.34,14.91,55.96,2.05,100,12.72,92.47,7.25,43.4,28.75,41.78,0,0,0,0,0,0,0.14,4.65,47.06,0.82,0,0.27,0,0,0,7.66,46.43,0,,0,,0,0,0,0,,,1.91,,
Pablo Villanueva,Liga MX U213,2025/26,Juárez U21,Juárez U21,"LB, LCMF",21,2200,1,1.52,0,0.91,United States,8.02,7.24,60.45,2.09,43.14,0.74,0.95,0.29,2.9,3.74,1.47,7,0.29,0,0,1.47,0.04,1,0.04,0.06,0,0,23,0.94,34.78,4.348,0,1.15,25,1.76,48.84,6.14,38,0.41,0.82,0.08,14.93,0.74,1.43,24.42,78.06,10.02,68.98,5.73,96.43,6.42,78.34,3.68,48.89,21.08,34.45,0.04,0.29,0,0,0,0,0.16,4.3,70.48,1.39,35.29,0.25,33.33,0.2,0.41,5.36,66.41,0,,0,,0,0,0,0,,,0.29,,
Beltrán Hernández,Liga MX U214,2025/26,Juárez U19,Juárez U21,GK,19,189,0,0,0,0,Mexico,0.48,0,0,0,0,0,0,0,0.48,0.88,0,0,0,0,0,0,0,0,0,0,0,0,0,0,0,0,0,0,0,0,0,0,0,0,0,0,8.1,0,0,18.1,84.21,11.43,75,0,0,6.19,100,6.67,57.14,31.74,49.93,0,0,0,0,0,0,0,1.43,0,0.48,0,0.48,0,0,0,4.29,55.56,3,1.43,6,2.86,1,50,2,0.95,-1,-0.476,0,1.43,0
J. Alcocer,Liga MX U215,2025/26,Querétaro U19,Querétaro U21,RCB,18,662,0,0.53,0,0,Mexico,7.48,7.89,67.24,3.26,37.5,0.14,0.18,0.14,2.04,2.66,1.5,1,0.14,0,0,0.27,0,0,0,0.07,0,0,3,0.41,33.33,0,0,0,0,0.14,100,1.5,54.55,0.68,1.09,0,23.93,0.14,0.41,32.08,80.93,18.08,72.93,2.18,93.75,9.38,92.75,5.17,42.11,20.75,41.27,0,0,0,0.27,0,0,0,5.98,75,0.41,33.33,0.41,66.67,0.41,0,7.61,60.71,0,,0,,0,0,0,0,,,1.36,,
I. Tarrats,Liga MX U216,2025/26,Querétaro U19,Querétaro U21,"LCB, CB",18,668,0,0.1,0,0.15,Mexico,7.41,5.39,70,3.1,69.57,0.54,0.67,0,3.1,3.85,0.81,0,0,0,0,0.4,0,0,0,0.01,0,0,2,0.27,0,0,0,0,0,0.4,100,1.08,62.5,0.4,0.4,0,22.37,0,0.4,34.76,84.88,12.53,65.59,3.64,100,15.63,96.55,5.25,43.59,21.55,35.42,0.02,0.13,0,0,0,0,0,3.5,46.15,0.4,0,0.4,33.33,0.13,0,4.85,50,0,,0,,0,0,0,0,,,2.69,,
E. López,Liga MX U217,2025/26,Juárez U19,Juárez U21,LB,20,182,0,0,0,0.23,Mexico,2.47,2.97,0,1.98,50,0,0,0,2.47,4.17,1.98,1,0.49,1,0.49,2.97,0,0,0,0,0,0,0,0,0,0,0,5.44,27.27,2.97,50,4.95,70,1.48,1.48,0,20.77,0.99,1.48,35.11,74.65,13.85,78.57,2.47,100,13.85,71.43,5.44,63.64,22.99,35.04,0.11,0.49,0,0,0.49,0,0.49,5.93,50,4.45,33.33,0.49,0,0.49,1.98,5.93,91.67,0,,0,,0,0,0,0,,,0.99,,
Y. Barron,Liga MX U218,2025/26,Juárez U19,Juárez U21,"LCB, CB, RCB",18,1827,0,1.02,0,0.06,Mexico,5.17,3.4,56.52,3.15,62.5,0.39,0.5,0.79,2.86,3.62,0.99,1,0.05,0,0,0.15,0,0,0,0.05,0,0,9,0.44,0,0,0,0.05,100,0.1,100,0.89,55.56,0.69,0.44,0,17.49,0.3,0.44,27.44,85.1,10.79,71.69,2.17,97.73,12.32,95.6,4.24,54.65,20.95,30.22,0,0.2,0,0,0,0,0.1,2.17,47.73,0.3,33.33,0.15,0,0.2,0.05,4.68,55.79,0,,0,,0,0,0,0,,,1.82,,
L. Carmona,Liga MX U219,2025/26,Juárez U21,Juárez U21,"RCB, RB",19,1964,0,0.62,0,0.23,Mexico,7.52,5.41,69.49,4.54,59.6,0.27,0.36,0.41,3.48,4.57,1.74,7,0.32,0,0,0.55,0,0,0,0.03,0,0,7,0.32,14.29,0,0,0.14,100,0.64,57.14,2.43,43.4,0.6,0.41,0,15.08,0.73,0.96,25.39,81.05,11.96,67.43,2.43,94.34,9.12,94.47,4.49,44.9,23,35.85,0.01,0.09,0,0,0,0,0.05,3.62,54.43,0.46,50,0.14,33.33,0.14,0.14,6.32,63.04,0,,0,,0,0,0,0,,,1.51,,
I. Cárdenas,Liga MX U220,2025/26,Juárez U21,Juárez U21,"LB, CB",19,293,0,0.1,0,0,Mexico,7.99,6.76,81.82,1.23,100,0,0,0,2.46,2.89,0.61,1,0.31,0,0,0,0,0,0,0.03,0,0,1,0.31,0,0,0,0,0,0.31,0,2.46,50,0.61,0.92,0,21.19,0.92,0.92,28.87,88.3,14.74,83.33,3.69,100,5.84,100,4.3,78.57,17.87,27.07,0,0,0,0,0,0,0,1.84,83.33,0,0,0.31,0,0,0,6.14,70,0,,0,,0,0,0,0,,,0.92,,
Daniel Gonzalez,Liga MX U221,2025/26,Juárez U21,Juárez U21,LCB,19,710,0,0,0,0,Mexico,6.46,4.69,62.16,3.8,46.67,0.25,0.32,0.51,3.3,4.17,1.27,1,0.13,0,0,0.13,0,0,0,0,0,0,0,0,0,0,0,0,0,0.13,100,0.63,60,0,0,0,11.03,0.25,0.38,20.92,76.36,9.63,59.21,1.14,77.78,9.51,93.33,5.7,46.67,23.5,35.67,0,0,0,0,0,0,0,3.17,52,0.38,33.33,0.25,0,0,0,4.69,64.86,0,,0,,0,0,0,0,,,0.89,,
Guille Ruiz,Liga MX U222,2025/26,Juárez,Juárez U21,GK,22,1931,0,0,0,0,Spain,0.93,0.09,50,0.33,85.71,0,0,0,0.89,1.1,0,4,0.19,1,0.05,0,0,0,0,0,0,0,0,0,0,0,0,0,0,0,0,0.14,100,0,0,0,10.53,0.28,0.14,17.76,77.43,10.53,67.26,0,0,7.08,92.76,8.53,57.38,37.61,49.07,0,0,0.05,0,0,0,0,2.66,49.12,0.19,0,0.05,100,0,0,5.69,67.21,15,0.7,72,3.36,12,79.17,20.18,0.94,5.18,0.241,0,1.12,0.33
Alejandro Magallón,Liga MX U223,2025/26,Club Tijuana U21,Club Tijuana U21,"LB, LCB",20,1053,0,0.77,0,0.3,Mexico,10,7.52,64.77,3.08,63.89,0.09,0.12,0.43,5.04,7.34,0.6,1,0.09,0,0,1.71,0,0,0,0.07,0,0,9,0.77,0,0,0,1.62,36.84,1.71,65,5.04,38.98,1.28,1.54,0.6,21.2,0.6,0.51,35.81,80.43,14.19,72.29,6.07,97.18,11.2,83.97,4.44,50,20.93,38.46,0.03,0.43,0,0,0,0,0.17,3.68,65.12,1.37,50,0,0,0.34,0.68,7.69,58.89,0,,0,,0,0,0,0,,,2.31,,
José Aldana,Liga MX U224,2025/26,Cruz Azul U21,Cruz Azul U21,LCB,21,167,0,0,0,0,Mexico,10.78,9.7,72.22,1.08,50,1.08,2.14,0.54,2.69,5.36,1.62,2,1.08,0,0,0,0,0,0,0,0,0,0,0,0,0,0,0,0,0,0,1.08,50,0,2.16,0,45.27,1.08,1.08,52.28,92.78,16.17,80,4.85,100,25.87,100,4.85,55.56,20.42,36.91,0,0,0,0,0,0,0,3.77,57.14,0.54,0,0.54,0,0,0,4.85,77.78,0,,0,,0,0,0,0,,,3.77,,
B. Salgado,Liga MX U225,2025/26,Cruz Azul U21,Cruz Azul U21,GK,21,977,0,0,0,0,Mexico,1.66,0.09,0,0.55,100,0,0,0,1.66,2.69,0,0,0,0,0,0,0,0,0,0,0,0,0,0,0,0,0,0,0,0,0,0.18,50,0,0,0,22.29,0.28,0.09,32.61,88.42,14.55,76.58,0,0,16.03,97.7,7.92,58.14,26.99,48.45,0,0,0,0,0,0,0,1.93,19.05,0.28,0,0.18,0,0,0,5.25,70.18,11,1.01,47,4.33,2,76.6,12.94,1.19,1.94,0.179,0,1.57,0.55
J. Chavira,Liga MX U226,2025/26,Club Tijuana U21,Club Tijuana U21,RB,21,170,0,0,0,0,Mexico,13.76,13.76,57.69,2.12,50,0,0,1.06,5.82,6.23,1.06,1,0.53,0,0,1.06,0,0,0,0,0,0,0,0,0,0,0,1.06,50,0.53,100,2.65,60,0.53,1.06,1.06,13.24,0.53,1.06,23.82,71.11,10.59,65,0.53,100,6.88,84.62,2.12,100,17.7,29.28,0,0,0,0,0,0,0,4.24,75,1.06,50,0,0,0,0.53,9.53,66.67,0,,0,,0,0,0,0,,,0,,
M. Zaleta,Liga MX U227,2025/26,Mazatlán,Cruz Azul U21,"LWB, LB",24,430,0,0.37,0,0.5,Mexico,10.05,5.65,59.26,1.26,16.67,0.63,1.18,0.21,6.07,11.45,0.63,2,0.42,0,0,2.72,0,0,0,0.08,0,0,8,1.67,12.5,0,0,3.35,25,4.4,38.1,8.58,43.9,1.67,2.93,0.42,25.95,2.93,1.67,37.67,72.78,10.88,59.62,8.16,97.44,12.56,68.33,4.6,31.82,19.81,42.43,0.11,1.26,0,0,0.42,0,0.21,5.23,44,3.14,20,0.84,0,0.21,0.84,7.53,58.33,0,,0,,0,0,0,0,,,0.84,,
K. Velázquez,Liga MX U228,2025/26,Cruz Azul U21,Cruz Azul U21,"RCB, LCB",21,725,0,0.18,0,0,Mexico,9.19,7.45,66.67,2.73,54.55,0.25,0.37,0.37,3.97,5.96,1.12,0,0,0,0,1.37,0,0,0,0.02,0,0,3,0.37,33.33,0,0,0.37,0,1.61,76.92,4.47,58.33,0.62,1.61,0.12,40.84,0.74,0.99,53.5,89.1,19.37,83.33,3.48,92.86,23.83,93.23,4.84,53.85,21.08,46.06,0,0,0,0.12,0,0,0,5.34,65.12,0.37,33.33,0.37,66.67,0.25,0,8.69,78.57,0,,0,,0,0,0,0,,,1.37,,
Z. Pineda,Liga MX U229,2025/26,Cruz Azul U21,Cruz Azul U21,"LB, LCB",20,2333,1,1.2,1,1.14,Mexico,7.52,5.98,55.48,1.39,44.44,0.5,0.76,0.19,3.7,5.63,1.12,4,0.15,0,0,1.23,0.04,1,0.04,0.05,1,0.04,11,0.42,45.45,9.091,0.04,1.93,34,0.54,71.43,3.93,36.27,0.54,0.62,0.08,25.89,2.28,0.81,34.37,82.38,11.5,74.83,6.37,93.33,11.77,82.3,2.66,46.38,20.15,34.86,0.04,0.73,0.04,0,0.04,0,0.19,4.51,66.67,1.93,42,0.27,14.29,0.27,0.77,7.72,77,0,,0,,0,0,0,0,,,1.23,,
E. Dávila,Liga MX U230,2025/26,América U19,América U21,"LCB, CB",20,545,0,0,0,0.33,Mexico,12.22,7.76,63.83,1.65,40,1.82,3.33,0.17,5.45,10,0.83,1,0.17,0,0,0.17,0,0,0,0,0,0,1,0.17,0,0,0,0.66,25,0.17,0,1.98,25,0,2.64,0,43.76,0.66,0.66,63.58,82.6,23.78,70.14,4.13,96,30.88,93.58,10.9,48.48,23.83,43.81,0.05,0.66,0,0,0.17,0,0.66,12.55,64.47,2.15,30.77,2.15,53.85,0.66,0.17,13.87,69.05,0,,0,,0,0,0,0,,,1.98,,
D. Osuna,Liga MX U231,2025/26,Dorados,Club Tijuana U21,RB,23,1183,1,0.24,2,0.36,Mexico,9.36,7.68,64.36,2.21,58.62,0.38,0.53,0.15,4.03,5.58,0.99,3,0.23,0,0,3.58,0.08,1,0.08,0.02,0,0,4,0.3,50,25,0.15,3.8,20,3.65,72.92,7.76,48.04,0.91,2.97,0.46,18.49,1.14,0.68,28.45,69.79,11.94,64.97,4.49,100,7.76,63.73,4.49,45.76,21.53,37.92,0.03,0.23,0,0,0,0,0.15,3.8,54,2.89,34.21,0.23,0,0.38,0.84,6.62,66.67,0,,0,,0,0,0,0,,,1.37,,
J. Díaz,Liga MX U232,2025/26,Cruz Azul U21,Cruz Azul U21,LCB,21,997,0,0.24,0,0.63,Mexico,9.57,7.4,62.2,4.6,54.9,0.9,1.39,0.27,4.06,6.25,1.9,4,0.36,0,0,2.98,0,0,0,0.02,0,0,6,0.54,16.67,0,0,3.16,57.14,1.9,57.14,4.42,61.22,0.54,2.26,0.18,37.28,1.26,1.9,52.72,83.39,23.29,73.26,4.51,96,19.68,93.12,9.93,64.55,20.71,34.86,0.06,0.45,0,0,0.09,0,0.27,9.12,80.2,3.43,52.63,0.27,0,0.36,1.72,14.71,77.91,0,,0,,0,0,0,0,,,1.9,,
I. Silva,Liga MX U233,2025/26,Cruz Azul U21,Cruz Azul U21,"RB, RWB",19,1556,1,1.34,3,2.87,Mexico,7.46,7.69,54.14,1.91,45.45,0,0,0,3.3,5.06,1.45,3,0.17,0,0,3.24,0.06,1,0.06,0.08,0,0,25,1.45,32,4,0.17,4.05,28.57,2.72,57.45,6.25,45.37,1.04,1.74,0.12,24.12,3.07,0.98,32.39,76.61,10.82,70.05,7.11,93.5,9.14,69.62,3.76,60,19.58,30.69,0.17,1.04,0.06,0,0.06,100,0.58,4.16,66.67,4.05,41.43,0.35,66.67,0.58,1.39,7.58,73.28,0,,0,,0,0,0,0,,,0.81,,
E. Ochoa,Liga MX U234,2025/26,Cruz Azul,Cruz Azul U21,GK,21,1728,0,0,0,0.03,United States,2.03,0.05,100,0.26,100,0,0,0,1.98,3.08,0,0,0,0,0,0.05,0,0,0,0,0,0,0,0,0,0,0,0,0,0.05,100,0.42,87.5,0,0,0,29.17,0.57,0.26,42.14,87.52,19.79,78.68,0,0,19.9,96.6,10.68,58.05,27.53,47.51,0,0.05,0.05,0,0,0,0,4.53,45.98,0.26,20,0.21,25,0.05,0,7.71,68.24,20,1.04,78,4.06,6,74.36,20.71,1.08,0.71,0.037,0,1.04,0.26
F. Sámano,Liga MX U235,2025/26,Tepatitlán de Morelos,Cruz Azul U21,"RB, RCMF, RWB",23,935,0,0.83,1,1.25,Mexico,4.72,3.66,68.42,1.73,44.44,0.39,0.72,0.1,1.83,3.43,0.58,0,0,0,0,2.12,0,0,0,0.08,0,0,7,0.67,14.29,0,0.1,2.89,33.33,1.54,68.75,7.41,38.96,2.12,2.41,0.39,30.9,2.89,1.25,37.25,84.5,10.59,78.18,9.63,94,11.17,86.21,1.25,46.15,20.42,38.89,0.12,0.96,0,0,0,0,0.67,3.08,90.63,2.12,59.09,0,0,0.48,0.87,6.45,74.63,0,,0,,0,0,0,0,,,1.35,,
K. González,Liga MX U236,2025/26,Tepatitlán de Morelos,Cruz Azul U21,"CB, RCMF, RCB",21,568,0,0,0,0.11,Mexico,7.13,5.86,56.76,3.01,57.89,0.32,0.5,0.48,3.49,5.45,1.74,0,0,1,0.16,0.79,0,0,0,0,0,0,0,0,0,0,0,0,0,0.63,100,3.01,52.63,0.16,0.95,0,34.86,0.48,0.48,49.12,89.35,16,76.24,5.86,100,22.18,95.71,4.6,51.72,17.9,31.93,0.02,0.48,0,0.16,0.16,100,0,7.13,64.44,0.79,40,1.11,42.86,0.48,0,6.81,79.07,0,,0,,0,0,0,0,,,2.54,,
J. Castro,Liga MX U237,2025/26,Dorados,Club Tijuana U21,GK,22,781,0,0,0,0,Mexico,2.42,0.35,66.67,0.12,100,0.12,0.16,0,2.07,2.93,0,0,0,0,0,0,0,0,0,0,0,0,0,0,0,0,0,0,0,0,0,0.12,100,0,0,0,14.06,0.23,0.12,22.01,92.15,10.72,83.87,0,0,10.72,100,5.65,75.51,27.47,42.38,0,0,0,0,0,0,0,0.58,60,0,0,0,0,0,0,4.15,83.33,11,1.27,39,4.49,1,71.79,12.17,1.4,1.17,0.135,0,0.92,0.12
D. Ramírez,Liga MX U238,2025/26,Cruz Azul U21,Cruz Azul U21,"RCB, RB",22,1552,1,0.52,0,0.24,Mexico,9.68,7.48,64.34,2.61,53.33,0.29,0.45,0.35,4.58,7.14,1.45,6,0.35,1,0.06,0.75,0.06,1,0.06,0.03,1,0.06,6,0.35,50,16.667,0,0.58,50,0.52,55.56,2.96,41.18,0.35,0.99,0.06,32.42,0.58,0.75,45.7,86.29,19.31,75.08,4.23,91.78,17.98,96.77,5.28,54.95,21,37.27,0.01,0.23,0,0,0,0,0.06,6.73,70.69,1.04,44.44,0.17,0,0.17,0.35,9.39,76.54,0,,0,,0,0,0,0,,,2.03,,
V. Taboada,Liga MX U239,2025/26,Cruz Azul U21,Cruz Azul U21,"RB, RWB, RCMF",23,1340,2,0.93,2,1.18,Mexico,7.12,6.72,56,1.34,35,0.27,0.41,0.27,3.09,4.68,1.54,2,0.13,0,0,3.43,0.13,2,0.13,0.06,0,0,15,1.01,33.33,13.333,0.13,3.96,27.12,3.36,60,7.72,44.35,1.21,2.28,0.07,24.85,2.69,0.94,34.25,76.47,8.26,65.04,7.46,94.59,12.9,74.48,2.42,47.22,18.99,29.44,0.08,0.87,0,0.13,0.07,0,0.4,3.16,68.09,3.69,43.64,0.34,0,0.67,1.07,6.45,68.75,0,,0,,0,0,0,0,,,0.27,,
K. Mier,Liga MX U240,2025/26,Cruz Azul,Cruz Azul U21,GK,26,288,0,0,0,0.34,Colombia,2.81,0.94,66.67,0.31,100,0,0,0,2.19,3.56,0,0,0,0,0,0,0,0,0,0,0,0,0,0,0,0,0,0,0,0.31,0,2.81,33.33,0.31,0.31,0,15.94,0.31,0.63,25.63,89.02,10.63,82.35,0.63,100,11.88,100,5.63,72.22,28.09,55.18,0.11,0.63,0,0.31,0,0,0.31,4.06,53.85,0.63,100,0.31,0,0.94,0,5.31,88.24,4,1.25,12,3.75,2,66.67,2.68,0.84,-1.32,-0.413,0,1.56,0.31
L. Alvarado López,Liga MX U241,2025/26,Atlético de San Luis U21,Atlético de San Luis U21,"RCB, RB",18,239,1,1.02,0,0,Mexico,10.54,7.53,70,2.64,28.57,1.13,1.73,0.75,4.14,6.35,0.38,0,0,0,0,0.38,0.38,1,0.38,0.38,0,0,3,1.13,33.33,33.333,0,0,0,0.38,0,0.75,50,1.51,0.75,0,16.19,0.38,0,24.1,78.13,10.92,65.52,1.51,100,7.91,90.48,7.91,66.67,24.58,36.28,0,0,0.38,0,0,0,0,4.9,61.54,0.38,100,1.13,33.33,0.38,0,6.03,81.25,0,,0,,0,0,0,0,,,1.13,,
E. Villegas,Liga MX U242,2025/26,Atlas U21,Atlas U21,"RCB, CB, LCB",19,2602,0,0.2,0,0.12,Mexico,8.96,6.71,68.04,2.25,64.62,0.31,0.46,0.59,4.08,5.99,1.31,7,0.24,0,0,0.28,0,0,0,0.01,0,0,3,0.1,66.67,0,0,0,0,0.28,75,1.45,50,0.17,0.8,0,26.08,0.21,0.55,38.43,86.41,15.98,77.06,1.94,87.5,17.57,95.67,4.63,47.76,22.18,39.32,0,0.07,0,0,0.03,0,0.03,2.7,56.41,0.28,12.5,0.1,0,0.03,0,6.64,59.9,0,,0,,0,0,0,0,,,1.11,,
D. Gamiño,Liga MX U243,2025/26,Atlas U19,Atlas U21,GK,19,189,0,0,0,0,Mexico,0.95,0,0,0,0,0,0,0,0.95,1.33,0,0,0,0,0,0,0,0,0,0,0,0,0,0,0,0,0,0,0,0,0,0,0,0,0,0,12.86,0,0,22.86,81.25,9.52,65,0,0,12.86,92.59,6.19,46.15,26.83,40.54,0,0,0,0,0,0,0,0.48,100,0,0,0,0,0,0,6.19,46.15,7,3.33,12,5.71,0,41.67,3.72,1.77,-3.28,-1.562,0,1.43,0
O. Hidalgo,Liga MX U244,2025/26,Atlas U21,Atlas U21,GK,20,754,0,0,0,0,Mexico,1.79,0.24,50,0.36,100,0,0,0,1.67,2.58,0,0,0,0,0,0,0,0,0,0,0,0,0,0,0,0,0,0,0,0,0,0,0,0,0,0,13.25,0.24,0.12,24.59,89.32,11.7,78.57,0,0,11.22,100,5.01,59.52,24.34,40.04,0,0,0,0,0,0,0,0.84,14.29,0,0,0,0,0,0,2.75,39.13,17,2.03,57,6.8,0,70.18,19.83,2.37,2.83,0.338,0,1.79,0.36
Luis Mendoza,Liga MX U245,2025/26,América U19,América U21,LB,19,200,0,0.16,0,0.09,Panama,10.35,11.7,61.54,1.35,100,1.35,1.96,0,1.8,2.61,1.8,0,0,0,0,0.9,0,0,0,0.07,0,0,1,0.45,100,0,0,1.35,0,0.45,100,2.7,50,0.9,0.9,0.45,21.15,1.8,0.9,27.45,73.77,9,60,3.6,87.5,11.25,80,3.15,28.57,18.83,18.39,0.04,0.9,0,0,0,0,0,4.05,55.56,1.8,25,0.45,0,0.45,0,5.4,83.33,0,,0,,0,0,0,0,,,0,,
D. Uscanga,Liga MX U246,2025/26,Atlético de San Luis U19,Atlético de San Luis U21,GK,19,292,0,0,0,0,Mexico,0,0,0,0.31,100,0,0,0,0,0,0,0,0,0,0,0,0,0,0,0,0,0,0,0,0,0,0,0,0,0,0,0,0,0,0,0,18.18,0.31,0,27.43,73.03,15.41,58,0,0,10.48,91.18,11.1,38.89,35.57,55.45,0,0,0,0,0,0,0,4.01,23.08,0.62,0,0,0,0,0,8.63,50,4,1.23,14,4.32,0,71.43,3.84,1.18,-0.16,-0.049,0,2.16,0.31
Á. Sevilla,Liga MX U247,2025/26,Puebla U19,Atlas U21,"RWB, RB, RAMF",20,502,1,0.37,2,0.22,Mexico,7.35,6.45,63.89,1.61,44.44,0.18,0.31,0,3.05,5.31,1.43,0,0,0,0,1.25,0.18,1,0.18,0.07,0,0,4,0.72,50,25,0.36,2.15,41.67,0.72,0,6.63,35.14,1.25,1.61,0,23.13,2.69,1.97,28.51,76.1,9.32,63.46,5.2,96.55,9.32,76.92,1.79,30,18.11,12.69,0.04,0.54,0,0.18,0,0,0.72,4.48,64,2.51,57.14,0.18,0,0.9,0.72,5.92,78.79,0,,0,,0,0,0,0,,,0.72,,
D. Zamora,Liga MX U248,2025/26,Atlas U21,Atlas U21,"LB, LCB",20,1210,1,0.09,0,1.12,Mexico,10.71,10.34,56.83,2.68,47.22,0.67,1.02,0.3,4.17,6.34,1.93,6,0.45,0,0,1.64,0.07,1,0.07,0.01,0,0,3,0.22,66.67,33.333,0,2.01,33.33,1.49,55,3.64,46.94,0.3,1.19,0.15,16.36,1.93,0.89,26.26,72.52,10.34,71.22,3.42,89.13,8.85,73.11,1.86,32,19.11,23.38,0.08,0.52,0,0,0,0,0.22,3.5,65.96,2.08,39.29,0.22,0,0.52,0.67,6.62,53.93,0,,0,,0,0,0,0,,,0.67,,
G. Chávez,Liga MX U249,2025/26,Atlas U21,Atlas U21,RCB,20,170,0,0,0,0,Mexico,6.88,3.18,83.33,0.53,0,1.06,1.76,0,3.18,5.29,0,0,0,0,0,0,0,0,0,0,0,0,0,0,0,0,0,0,0,0,0,1.59,100,0,1.06,0,34.41,0,2.12,45.53,89.53,18.53,82.86,4.76,88.89,15.35,93.1,6.35,66.67,17.69,29.08,0,0,0,0,0,0,0,3.71,57.14,0.53,0,0.53,0,0,0,7.41,71.43,0,,0,,0,0,0,0,,,3.18,,
A. Bautista,Liga MX U250,2025/26,Atlas U21,Atlas U21,"RB, RCB",19,2326,0,0.24,1,0.55,Mexico,10.41,8.94,64.94,0.89,43.48,0.7,1.01,0.46,3.91,5.66,0.89,3,0.12,0,0,0.97,0,0,0,0.01,0,0,8,0.31,25,0,0.04,1.28,24.24,1.2,45.16,4.22,43.12,0.39,1.12,0.15,21.78,0.97,1.28,30.37,80.13,12.96,72.84,4.1,95.28,9.36,85.54,3.4,47.73,20.43,40,0.02,0.27,0.08,0,0.04,100,0.15,3.25,66.67,1.24,21.88,0.15,50,0.15,0.46,6.42,63.25,0,,0,,0,0,0,0,,,1.04,,
Braulio Martínez,Liga MX U251,2025/26,Atlético de San Luis U21,Atlético de San Luis U21,RCB,21,619,1,0.42,0,0.04,Mexico,7.56,5.23,63.89,3.2,36.36,0.15,0.21,0.58,4.07,5.92,1.89,2,0.29,0,0,0.73,0.15,1,0.15,0.06,0,0,3,0.44,100,33.333,0,0.15,0,0.29,100,1.02,100,0.29,0.44,0,22.1,0.58,0.58,34.46,82.28,13.96,63.54,1.89,100,17.59,94.21,7.56,50,23.81,33.59,0.01,0.15,0,0,0,0,0,4.94,47.06,0.73,20,0.29,50,0.15,0,6.4,68.18,0,,0,,0,0,0,0,,,1.45,,
M. Hernández,Liga MX U252,2025/26,Atlas U21,Atlas U21,"RWB, RB, RCB",20,1387,2,0.98,0,0.97,Mexico,8.76,7.53,62.93,2.4,51.35,0.84,1.28,0.06,3.18,4.82,1.69,2,0.13,0,0,1.1,0.13,2,0.13,0.06,1,0.06,6,0.39,83.33,33.333,0,2.27,25.71,0.52,37.5,3.31,37.25,1.04,1.62,0.58,20.44,1.88,1.1,27.64,73.71,11.29,66.09,3.63,94.64,8.63,76.69,3.31,45.1,20.24,29.24,0.06,0.45,0.06,0,0.06,0,0.26,3.11,52.08,1.62,32,0.19,33.33,0.32,0.45,5.84,66.67,0,,0,,0,0,0,0,,,1.43,,
Luis Blanco,Liga MX U253,2025/26,Atlas U21,Atlas U21,"LB, LWB",20,1654,0,0.62,0,0.85,Mexico,8.22,6.96,60.94,1.2,36.36,0.71,0.98,0,3.26,4.52,0.82,3,0.16,0,0,2.5,0,0,0,0.03,0,0,13,0.71,38.46,0,0,2.29,19.05,2.94,59.26,6.86,45.24,1.14,2.29,0.22,24.32,2.56,1.2,33.3,76.31,10.61,64.1,7.4,94.12,9.79,78.33,3.43,46.03,19.96,34.22,0.05,0.49,0,0,0.05,100,0.05,3.75,65.22,1.8,36.36,0.16,0,0.49,0.44,6.58,60.33,0,,0,,0,0,0,0,,,0.44,,
L. Hernandez,Liga MX U254,2025/26,Atlas U21,Atlas U21,GK,20,871,0,0,0,0.05,Mexico,1.96,0.1,100,0.52,100,0,0,0,1.86,2.54,0,0,0,0,0,0,0,0,0,0,0,0,0,0,0,0,0,0,0,0,0,0.21,100,0,0,0,15.29,0.1,0.41,28.73,82.73,14.98,71.72,0,0,13.02,95.24,9.71,57.45,32,48.06,0.01,0.1,0,0,0,0,0,2.48,37.5,0.21,0,0,0,0,0,6.41,53.23,11,1.14,44,4.55,4,75,11.27,1.16,0.27,0.028,0,1.45,0.52
J. Suárez,Liga MX U255,2025/26,Atlético de San Luis,Atlético de San Luis U21,"RB, RW, RWB",20,1178,2,0.68,1,0.56,Venezuela,7.95,5.65,66.22,3.29,58.14,0.23,0.36,0.46,3.97,6.27,0.99,2,0.15,0,0,2.29,0.15,2,0.15,0.05,0,0,12,0.92,41.67,16.667,0.08,1.3,17.65,2.67,62.86,6.26,36.59,1.22,2.22,0.31,23.91,2.37,0.69,32.24,81.52,11.23,70.75,5.73,92,10.08,86.36,3.67,45.83,19.79,39.47,0.04,0.15,0,0,0,0,0.23,4.74,70.97,1.22,12.5,0,0,0.23,0.15,5.73,72,0,,0,,0,0,0,0,,,0.61,,
C. Limón,Liga MX U256,2025/26,Atlético de San Luis U21,Atlético de San Luis U21,GK,20,270,0,0,0,0,Mexico,2,0.33,0,0,0,0,0,0,2,2.61,0,0,0,0,0,0,0,0,0,0,0,0,0,0,0,0,0,0,0,0,0,0.33,100,0,0,0,9.67,0.33,0.33,20.33,77.05,13.33,70,0,0,6.67,90,11,60.61,35.57,48.07,0,0,0,0,0,0,0,2.67,50,0,0,0.67,50,0.33,0,7.33,77.27,7,2.33,18,6,0,61.11,5.53,1.84,-1.47,-0.49,0,1.67,0
J. Flores,Liga MX U257,2025/26,Atlético de San Luis U21,Atlético de San Luis U21,"CB, LCB",22,1027,0,1.14,0,0,United States,8.06,5.96,69.12,4.91,60.71,0.09,0.13,0.61,3.86,5.69,1.14,3,0.26,0,0,0.44,0,0,0,0.1,0,0,4,0.35,75,0,0,0,0,0.18,100,1.49,47.06,0.44,0.7,0.09,23.22,0.26,0.44,36.37,83.61,14.02,66.88,2.28,96.15,18.05,94.66,5.17,37.29,22.95,35.61,0,0.09,0,0,0,0,0,4.21,43.75,0.35,0,0.35,25,0.09,0,8.33,63.16,0,,0,,0,0,0,0,,,1.31,,
I. Orozco,Liga MX U258,2025/26,Atlético de San Luis U21,Atlético de San Luis U21,RB,20,280,0,0.01,0,0,United States,6.11,5.14,62.5,0.64,100,0,0,0.32,2.89,4.91,1.29,0,0,0,0,1.61,0,0,0,0,0,0,1,0.32,0,0,0,1.61,60,0.96,66.67,4.82,46.67,0.32,1.29,0.32,26.36,1.93,1.29,35.36,82.73,10.29,56.25,10.61,100,10.61,87.88,5.46,41.18,19.03,29.45,0,0,0,0,0,0,0,5.46,52.94,1.61,20,0.32,0,0,0.64,5.46,58.82,0,,0,,0,0,0,0,,,1.93,,
J. San Martín,Liga MX U259,2025/26,Atlas U21,Atlas U21,LCB,21,876,0,0,0,0,Mexico,9.45,5.45,75.47,2.77,59.26,0.51,0.69,0.62,4.83,6.47,0.82,0,0,0,0,0.31,0,0,0,0,0,0,0,0,0,0,0,0,0,0.31,100,2.67,46.15,0.1,1.44,0.21,32.57,0.62,1.03,45.21,87.27,20.34,78.28,3.29,96.88,18.39,94.41,5.75,50,22.39,49.62,0,0,0,0.1,0,0,0,6.16,66.67,0.31,33.33,0.1,0,0.21,0,8.42,70.73,0,,0,,0,0,0,0,,,1.95,,
C. Franco,Liga MX U260,2025/26,Atlético de San Luis U21,Atlético de San Luis U21,"LB, LWB",22,2380,1,1.67,0,1.5,Mexico,8.05,7.3,52.33,1.97,36.54,0.57,0.86,0.26,3.67,5.56,1.55,8,0.3,1,0.04,1.29,0.04,1,0.04,0.06,0,0,17,0.64,17.65,5.882,0,1.63,18.6,1.29,64.71,3.82,42.57,0.87,1.17,0.11,20.91,1.63,1.1,29.23,73.48,12.86,68.24,5.52,93.15,6.88,76.92,3.25,53.49,20.75,40.35,0.06,0.57,0.08,0,0.15,25,0.15,5.07,64.18,1.36,41.67,0.38,20,0.38,0.23,6.92,64.48,0,,0,,0,0,0,0,,,1.1,,
H. Medina,Liga MX U261,2025/26,Atlas U21,Atlas U21,LCB,20,406,0,0,0,0.02,Mexico,6.65,5.1,69.57,2.44,54.55,0,0,0,3.1,5.25,0.44,0,0,1,0.22,0.22,0,0,0,0,0,0,1,0.22,0,0,0,0.44,50,0.44,0,1.11,20,0.22,0.89,0,24.38,2.22,0,34.58,82.69,12.41,71.43,6.65,100,11.75,90.57,4.66,57.14,19.81,30.51,0,0.22,0,0,0,0,0.22,3.99,61.11,0.44,50,0.44,0,0,0.22,6.87,64.52,0,,0,,0,0,0,0,,,1.11,,
I. Ramírez,Liga MX U262,2025/26,Atlético de San Luis U21,Atlético de San Luis U21,"LCB, RCB",22,1948,0,0.36,2,0.43,Mexico,9.47,6.84,68.24,2.31,48,0.37,0.6,0.6,4.44,7.15,1.2,7,0.32,0,0,0.46,0,0,0,0.02,0,0,6,0.28,33.33,0,0.09,0.65,28.57,0.28,50,2.03,36.36,0.55,0.88,0,28.64,0.69,0.69,43.34,83.05,18.02,72.31,3.28,94.37,17.42,92.57,6.51,51.06,22.09,36.7,0.02,0.14,0,0.05,0.05,100,0.09,6.47,58.57,1.34,31.03,0.51,27.27,0.14,0.14,8.78,67.89,0,,0,,0,0,0,0,,,1.71,,
J. Guerrero,Liga MX U263,2025/26,Atlético de San Luis U21,Atlético de San Luis U21,"RB, RWB",21,1825,1,1.08,1,0.4,Mexico,7.64,5.77,59.83,1.53,54.84,0.49,0.77,0.15,3.7,5.74,1.38,4,0.2,0,0,0.74,0.05,1,0.05,0.05,0,0,11,0.54,27.27,9.091,0.05,0.94,21.05,0.84,47.06,3.95,42.5,0.54,1.28,0.15,19.63,1.04,1.04,28.45,81.11,10.5,72.3,5.23,95.28,8.63,86.29,2.86,53.45,18.93,33.16,0.02,0.49,0,0,0,0,0.15,4.09,69.88,1.08,36.36,0.44,44.44,0.2,0.2,5.28,67.29,0,,0,,0,0,0,0,,,0.44,,
R. Elicerio,Liga MX U264,2025/26,Atlético de San Luis U21,Atlético de San Luis U21,GK,22,576,0,0,0,0,Mexico,1.09,0.16,100,0.16,100,0,0,0,0.94,1.59,0,0,0,0,0,0,0,0,0,0,0,0,0,0,0,0,0,0,0,0,0,0.31,100,0,0,0,20.78,0.63,0.31,30,86.46,13.44,76.74,0,0,15.31,93.88,8.75,57.14,27.73,45.08,0,0,0,0,0,0,0,1.09,42.86,0.16,0,0.16,0,0,0,5.31,55.88,9,1.41,20,3.13,1,55,6.58,1.03,-2.42,-0.378,0,1.09,0.16
A. Morales,Liga MX U265,2025/26,América U19,América U21,LB,20,273,0,0.13,0,0.03,Mexico,8.57,6.92,61.9,1.98,50,0.99,1.58,0,3.3,5.26,0.99,1,0.33,0,0,0,0,0,0,0.04,0,0,1,0.33,0,0,0,0.33,0,0,0,0.99,33.33,0.66,0.33,0,15.82,2.31,0.66,24.07,73.97,11.54,65.71,3.63,90.91,6.26,84.21,3.63,54.55,23.8,30.71,0.01,0.33,0,0,0,0,0,3.96,58.33,0.33,100,0,0,0.33,0,7.91,75,0,,0,,0,0,0,0,,,0.33,,
Adrián Gómez,Liga MX U266,2025/26,América U19,América U21,RCB,20,249,0,0.07,0,0.01,Mexico,10.48,8.31,65.22,2.17,33.33,0.36,0.38,0,4.7,4.88,1.45,0,0,1,0.36,0,0,0,0,0.03,0,0,1,0.36,0,0,0,0,0,0,0,0.72,50,0.36,1.08,0,14.82,0.36,0,27.11,81.33,15.18,69.05,2.17,100,7.59,95.24,6.14,58.82,20.83,31.11,0,0.36,0,0,0,0,0,2.53,57.14,0,0,0,0,0,0,6.14,76.47,0,,0,,0,0,0,0,,,1.08,,
Hugo Buyla,Liga MX U267,2025/26,América U21,América U21,"LCB, RCB",21,907,0,0.53,0,0.1,Spain,8.43,7.54,69.74,2.88,55.17,0.1,0.14,0.4,3.08,4.31,1.59,5,0.5,0,0,0.3,0,0,0,0.05,0,0,2,0.2,0,0,0,0.1,0,0.5,60,1.79,33.33,0.3,0.79,0.1,20.14,0.1,0.3,29.07,80.55,13.4,68.89,1.29,100,12.6,91.34,3.47,34.29,22.56,47.48,0.01,0.1,0,0,0.1,0,0.1,4.17,57.14,0.5,0,0.3,0,0,0,5.36,57.41,0,,0,,0,0,0,0,,,0.89,,
S. Vallejo,Liga MX U268,2025/26,América U21,América U21,"CB, RCMF, RCB",21,567,0,0,0,0,Mexico,8.41,8.41,39.62,2.38,60,0.95,1.23,0.16,4.13,5.34,3.33,5,0.79,1,0.16,0.16,0,0,0,0,0,0,0,0,0,0,0,0,0,0.16,100,1.27,37.5,0,0.48,0,25.71,0.48,0.16,36.67,85.71,13.65,72.09,2.22,100,18.25,93.04,4.6,55.17,21.03,30.22,0,0,0,0,0,0,0,4.44,67.86,0.16,0,0,0,0,0,6.67,69.05,0,,0,,0,0,0,0,,,0.95,,
C. Lugo,Liga MX U269,2025/26,América U21,América U21,GK,23,945,0,0,0,0,Mexico,1.71,0.19,50,0.57,100,0,0,0,1.62,2.19,0.1,1,0.1,1,0.1,0.1,0,0,0,0,0,0,0,0,0,0,0,0,0,0.1,100,0.29,66.67,0,0,0,9.9,0.19,0.19,18,82.54,10.1,68.87,0,0,7.14,100,5.62,45.76,32.04,48.43,0,0,0,0,0,0,0,2.38,28,0.48,0,0,0,0,0,2.95,64.52,12,1.14,30,2.86,4,60,11.51,1.1,-0.49,-0.047,0,1.71,0.57
P. Villa,Liga MX U270,2025/26,América U21,América U21,RB,22,412,0,0.06,0,0.19,Mexico,5.68,4.37,70,1.53,71.43,0.22,0.46,0.22,2.4,5.08,0.87,2,0.44,0,0,1.53,0,0,0,0.01,0,0,2,0.44,0,0,0,2.4,18.18,1.31,83.33,5.46,48,0.66,1.31,0.44,28.83,1.97,1.31,40.41,83.24,14.2,78.46,8.74,100,12.01,76.36,3.71,41.18,20.03,47.83,0.04,0.66,0,0,0,0,0.44,5.9,66.67,3.06,35.71,0.66,33.33,0.44,0.44,7.43,82.35,0,,0,,0,0,0,0,,,0.66,,
M. Vázquez,Liga MX U271,2025/26,América,América U21,LCB,22,482,0,0.15,0,0,Mexico,7.1,4.67,64,2.8,66.67,0.19,0.29,0.75,3.92,6,0.56,1,0.19,1,0.19,0.75,0,0,0,0.03,0,0,4,0.75,25,0,0,0.56,0,0.75,75,1.87,70,1.12,0.75,0.19,36.97,1.31,0.93,52.66,86.88,21.85,77.78,5.98,100,19.23,96.12,8.4,55.56,24,43.47,0,0.19,0,0,0,0,0,7.47,65,0.37,0,1.12,16.67,0.19,0,10.83,72.41,0,,0,,0,0,0,0,,,3.36,,
R. Orquin,Liga MX U272,2025/26,América,América U21,"LB, LWB",23,202,0,0.11,0,0.17,United States,3.56,4.01,55.56,1.34,66.67,0,0,0.45,1.34,2.81,0.45,0,0,0,0,4.9,0,0,0,0.05,0,0,1,0.45,0,0,0,6.68,40,3.56,62.5,11.58,34.62,3.56,6.24,0,26.29,1.78,0.89,29.85,76.12,8.47,73.68,5.35,100,9.8,72.73,0.45,0,20.77,18.04,0.07,1.34,0,0,0,0,0.45,2.23,100,4.46,50,0,0,0,2.67,4.9,81.82,0,,0,,0,0,0,0,,,0,,
W. Arredondo,Liga MX U273,2025/26,Necaxa U21,Necaxa U21,"LW, LWF, LB",19,198,0,0.65,1,0.61,Mexico,5.91,6.36,35.71,1.36,66.67,0.45,0.65,0,3.18,4.57,1.82,0,0,0,0,8.18,0,0,0,0.29,0,0,6,2.73,33.33,0,0.45,5.45,50,8.18,55.56,11.82,42.31,3.64,4.55,0.45,20,3.18,0.91,23.18,68.63,5.45,58.33,5.45,75,6.36,78.57,2.27,40,20.67,11.53,0.28,1.36,0,0,0,0,0.91,0.91,0,5,54.55,0.45,0,0.45,2.27,3.64,87.5,0,,0,,0,0,0,0,,,0.45,,
L. Carrillo,Liga MX U274,2025/26,Mazatlán U21,Mazatlán U21,RB,21,1217,0,0.08,2,1.07,Mexico,9.39,9.76,56.82,1.33,61.11,0.3,0.41,0,3.55,4.95,2.66,4,0.3,1,0.07,1.48,0,0,0,0.01,0,0,1,0.07,0,0,0.15,2.29,22.58,1.77,54.17,6.36,33.72,0.52,1.33,0.07,14.12,1.11,0.74,26.11,75.92,10.43,71.63,3.92,92.45,7.47,73.27,3.77,60.78,20.93,42.84,0.08,0.3,0,0.07,0,0,0.22,3.77,74.51,1.92,23.08,0.15,50,0.15,0.44,5.69,64.94,0,,0,,0,0,0,0,,,0.81,,
C. Tapia,Liga MX U275,2025/26,Mazatlán U21,Mazatlán U21,GK,21,187,0,0,0,0,Mexico,0.96,0,0,0.48,100,0,0,0,0.96,1.05,0,0,0,0,0,0,0,0,0,0,0,0,0,0,0,0,0,0,0,0,0,0,0,0,0,0,7.22,0,0,13.96,72.41,9.14,57.89,0,0,3.37,100,6.74,50,35.61,47.3,0,0,0,0,0,0,0,1.44,33.33,0,0,0,0,0,0,4.33,55.56,3,1.44,14,6.74,0,78.57,5.58,2.69,2.58,1.242,0,1.44,0.48
R. Franco,Liga MX U276,2025/26,Mazatlán U20,Mazatlán U21,"RCB, LCB, CB",22,331,0,0,0,0,Mexico,12.24,9.24,70.59,4.62,70.59,0.27,0.36,0,5.44,7.14,1.09,2,0.54,0,0,0.27,0,0,0,0,0,0,1,0.27,0,0,0,0,0,0.54,50,1.63,33.33,0,0,0,16.86,0,0.54,31.81,76.92,12.24,57.78,2.99,90.91,14.68,90.74,6.25,56.52,24.65,39.94,0,0,0,0,0,0,0,2.45,44.44,0.82,0,0.54,0,0.27,0,6.53,45.83,0,,0,,0,0,0,0,,,2.45,,
J. Orantes,Liga MX U277,2025/26,Necaxa U21,Necaxa U21,GK,20,760,0,0,0,0,Mexico,2.37,0.12,100,0.36,66.67,0.12,0.16,0,2.13,2.93,0,1,0.12,0,0,0,0,0,0,0,0,0,0,0,0,0,0,0,0,0,0,0.24,100,0,0,0,12.08,0.24,0.24,23.8,70.65,15.28,59.69,0,0,8.17,91.3,12.43,46.67,39.86,55.46,0,0,0,0,0,0,0,4.86,31.71,0.47,0,0,0,0,0,8.41,64.79,8,0.95,44,5.21,2,81.82,12.98,1.54,4.98,0.59,0,1.3,0.36
G. Adame,Liga MX U278,2025/26,Mazatlán,Mazatlán U21,"RW, RB, LW",21,1550,0,1.32,0,2.6,Mexico,4.35,5.34,54.35,1.39,33.33,0.29,0.41,0,1.16,1.64,0.64,2,0.12,0,0,3.48,0,0,0,0.08,0,0,10,0.58,30,0,0,3.19,25.45,4.06,61.43,7.2,46.77,1.28,2.21,0.12,13.65,2.03,0.7,17.59,64.69,6.33,66.97,2.85,87.76,5.05,58.62,1.22,47.62,20.08,19.03,0.15,0.7,0,0,0,0,0.29,1.34,65.22,2.44,33.33,0.06,100,0.46,0.81,3.54,60.66,0,,0,,0,0,0,0,,,0.41,,
B. Betancourt,Liga MX U279,2025/26,Mazatlán U21,Mazatlán U21,GK,22,1733,0,0,0,0,Mexico,2.08,0.21,25,0.42,100,0,0,0,2.03,2.68,0.05,2,0.1,0,0,0.05,0,0,0,0,0,0,0,0,0,0,0,0,0,0.05,100,0.21,100,0,0,0,15.79,0.31,0.31,26.28,85.18,12.83,72.47,0,0,12.72,97.55,8,54.55,29.25,46.99,0,0,0,0,0,0,0,1.77,44.12,0.05,0,0,0,0,0,5.61,58.33,32,1.66,101,5.25,4,68.32,21.17,1.1,-10.83,-0.562,0,1.4,0.42
D. Gómez,Liga MX U280,2025/26,Phoenix Rising,Necaxa U21,RB,22,496,0,0.01,1,0.41,Mexico,7.62,5.44,66.67,1.09,33.33,0.36,0.48,0.36,3.63,4.76,1.27,1,0.18,0,0,1.63,0,0,0,0,0,0,2,0.36,0,0,0.18,1.81,50,1.09,66.67,3.99,59.09,0.18,0.91,0,21.96,0.73,1.27,34.48,81.05,17.06,73.4,3.63,90,9.62,90.57,6.17,58.82,22.08,42.81,0.07,1.45,0,0,0,0,0.54,7.98,65.91,2.54,57.14,0.36,50,0.54,0.73,10.16,82.14,0,,0,,0,0,0,0,,,1.09,,
A. Landaverde,Liga MX U281,2025/26,Necaxa U21,Necaxa U21,"RCB, CB",22,1618,1,1.34,0,0,Mexico,8.9,7.4,63.91,3.67,71.21,0.67,0.96,0.72,3.5,5.03,1.33,2,0.11,0,0,0.22,0.06,1,0.06,0.07,0,0,9,0.5,33.33,11.111,0,0.06,0,0.11,50,1.33,54.17,0.56,0.67,0,25.09,0.22,0.67,36.16,86,15.91,74.48,2.22,97.5,15.57,96.43,4.62,42.17,22.08,38.9,0,0,0,0,0,0,0,3.62,58.46,0.17,0,0.17,0,0,0,5.95,57.94,0,,0,,0,0,0,0,,,1.84,,
S. Rodríguez,Liga MX U282,2025/26,Mazatlán,Mazatlán U21,LB,24,533,1,0.53,2,0.22,Mexico,7.09,6.59,43.59,2.03,66.67,0.34,0.48,0,3.88,5.48,1.18,1,0.17,0,0,1.52,0.17,1,0.17,0.09,0,0,5,0.84,20,20,0.34,1.35,50,0.68,100,2.03,41.67,1.52,1.01,0,24.82,2.53,0.84,34.62,73.66,17.22,69.61,4.73,92.86,7.26,83.72,4.22,68,21.02,42.75,0.04,0.51,0,0,0,0,0.51,5.57,75.76,1.52,66.67,0,0,0.51,0.68,14.02,73.49,0,,0,,0,0,0,0,,,0.68,,
V. Alcaráz,Liga MX U283,2025/26,Mazatlán,Mazatlán U21,GK,26,492,0,0,0,0,France,1.46,0,0,0.91,100,0,0,0,1.46,2.11,0,1,0.18,0,0,0,0,0,0,0,0,0,0,0,0,0,0,0,0,0,0,0.18,100,0,0,0,11.34,0.37,0.18,18.29,82,7.87,67.44,0,0,9.88,94.44,4.57,44,33.39,48.6,0,0,0,0,0,0,0,1.28,42.86,0.18,0,0,0,0,0,3.11,41.18,3,0.55,18,3.29,2,83.33,4.89,0.89,1.89,0.346,0,1.28,0.91
M. Anaya,Liga MX U284,2025/26,Puebla U21,Puebla U21,"LCB, CB",20,438,0,0,0,0,Mexico,7.19,4.52,63.64,4.73,56.52,0.21,0.27,0.21,4.11,5.45,0.62,1,0.21,0,0,0,0,0,0,0,0,0,1,0.21,0,0,0,0.21,0,0.41,0,2.05,40,0.21,1.64,0.21,31.64,0.41,0.62,45.62,85.59,15.62,72.37,4.32,85.71,21.37,94.23,4.93,41.67,20.92,38.47,0,0,0,0,0,0,0,2.67,53.85,0.62,0,0,0,0,0,6.37,61.29,0,,0,,0,0,0,0,,,2.26,,
Y. Molina,Liga MX U285,2025/26,Atlético de San Luis U21,Atlético de San Luis U21,LCB,21,1795,1,0.71,0,0,Mexico,7.72,4.66,66.67,2.71,40.74,0.1,0.15,0.65,4.51,6.82,0.7,3,0.15,2,0.1,0.35,0.05,1,0.05,0.04,1,0.05,5,0.25,20,20,0,0.15,66.67,0.3,66.67,1.35,40.74,0.25,0.35,0,19.91,0.7,0.6,29.18,81.62,13.59,70.11,2.56,96.08,10.43,94.71,6.57,53.44,23.13,38.06,0,0,0,0,0,0,0.05,4.81,57.29,0.45,22.22,0.25,0,0,0.1,7.87,66.24,0,,0,,0,0,0,0,,,1.55,,
L. Jiménez,Liga MX U286,2025/26,Necaxa,Necaxa U21,GK,21,1941,0,0,0,0.04,Mexico,2.69,0.05,0,0.28,66.67,0.05,0.06,0,2.64,3.56,0.05,4,0.19,0,0,0,0,0,0,0,0,0,0,0,0,0,0,0,0,0,0,0.09,100,0.05,0.05,0,17.2,0.14,0.19,32.41,80.83,18.22,69.47,0,0,13.08,96.1,11.41,54.47,32.95,49.76,0,0.05,0,0,0,0,0.05,4.13,40.45,0.6,7.69,0.05,100,0.05,0,7.84,63.91,27,1.25,93,4.31,5,70.97,25.04,1.16,-1.96,-0.091,0,0.97,0.28
R. Alonso,Liga MX U287,2025/26,Necaxa U21,Necaxa U21,"RCB, RB",19,1335,0,0.69,0,0,Mexico,10.72,9.3,68.12,2.36,57.14,1.21,1.69,0.27,3.17,4.42,1.35,5,0.34,0,0,0.34,0,0,0,0.05,0,0,6,0.4,0,0,0,0.27,25,0.61,44.44,2.09,45.16,0.67,0.27,0.07,15.37,0.47,0.47,30.67,80.66,13.89,68.45,2.43,94.44,12.2,92.82,7.08,60.95,25.12,41.8,0,0,0,0,0,0,0,4.58,64.71,0.54,25,0,0,0,0.07,7.82,71.55,0,,0,,0,0,0,0,,,2.02,,
Alex Monarrez,Liga MX U288,2025/26,Correcaminos UAT,Necaxa U21,LCB,21,925,0,0.31,0,0.02,Mexico,13.14,10.61,77.06,5.94,54.1,0.49,0.68,0.88,4.48,6.22,1.56,3,0.29,0,0,0.29,0,0,0,0.03,0,0,5,0.49,0,0,0,0.1,0,0.49,60,2.53,42.31,0.78,0.49,0,17.12,0.88,0.78,29.97,81.82,12.45,69.53,2.43,88,12.84,95.45,5.74,55.93,25.63,35.42,0,0.1,0,0,0,0,0,3.41,57.14,0.39,25,0.19,0,0.19,0,6.23,62.5,0,,0,,0,0,0,0,,,1.75,,
Juan Salcido,Liga MX U289,2025/26,Venados,Necaxa U21,LB,20,737,0,0.4,0,0.24,Mexico,9.28,6.96,75.44,1.47,41.67,1.71,2.16,0,2.32,2.94,0.73,2,0.24,0,0,2.08,0,0,0,0.05,0,0,4,0.49,25,0,0,1.83,13.33,1.83,93.33,5.25,60.47,0.73,1.22,0.12,15.39,3.05,1.71,24.42,72,11.85,67.01,4.27,85.71,5.37,72.73,2.81,56.52,20.42,37.6,0.03,0.24,0,0,0,0,0,4.27,57.14,2.08,17.65,0.12,0,0.12,0.37,5.86,75,0,,0,,0,0,0,0,,,0.85,,
P. Martínez,Liga MX U290,2025/26,Pachuca,Pachuca U21,RCB,24,295,0,0.31,0,0,Mexico,10.37,5.49,72.22,5.8,73.68,0.61,0.9,1.83,5.8,8.51,0.31,2,0.61,0,0,0,0,0,0,0.1,0,0,2,0.61,0,0,0,0,0,0,0,1.83,33.33,0.92,0.31,0,20.75,0,1.22,30.81,87.13,10.07,72.73,3.05,90,14.64,95.83,2.75,33.33,18.41,37.36,0,0,0,0,0,0,0,1.53,40,0.31,0,0,0,0,0,3.97,61.54,0,,0,,0,0,0,0,,,1.22,,
M. González,Liga MX U291,2025/26,Necaxa U21,Necaxa U21,RB,21,894,0,0.15,0,0.96,Mexico,5.34,4.53,53.33,1.21,58.33,0.4,0.52,0.3,2.52,3.25,0.5,1,0.1,0,0,0.91,0,0,0,0.02,0,0,4,0.4,50,0,0,1.71,41.18,0.2,0,0.7,14.29,0,0.6,0,18.22,1.21,0,28.69,70.53,14.7,58.22,2.52,92,8.86,81.82,7.25,58.33,25.04,41.24,0.1,0.7,0,0,0,0,0.3,6.64,59.09,2.42,41.67,0.4,25,0.3,0.7,10.47,66.35,0,,0,,0,0,0,0,,,1.61,,
M. Cabañas,Liga MX U292,2025/26,Pachuca U21,Pachuca U21,RCB,21,577,0,0.08,0,0,Mexico,7.95,4.21,77.78,2.65,76.47,0.31,0.41,0.47,4.37,5.75,0.31,0,0,0,0,0.16,0,0,0,0.01,0,0,1,0.16,0,0,0,0,0,0.16,100,0.62,75,0.47,0.16,0,16.53,0.16,0.31,29.01,78.49,13.88,59.55,1.72,100,11.54,94.59,5.15,42.42,23.31,41.2,0,0,0,0,0,0,0,2.81,44.44,0.47,33.33,0.47,33.33,0.16,0,6.55,57.14,0,,0,,0,0,0,0,,,1.4,,
J. Calderon,Liga MX U293,2025/26,Mazatlán U21,Mazatlán U21,"CB, RCB, LCB",22,1425,0,0.4,0,0.03,Argentina,9.73,8.21,60.77,2.78,50,0.63,0.89,0.44,4.11,5.79,1.71,3,0.19,0,0,0.38,0,0,0,0.03,0,0,6,0.38,16.67,0,0,0.06,0,0.32,100,1.14,66.67,0.38,0.13,0,20.59,0.06,0.51,31.52,84.77,12.63,74.5,2.65,92.86,12.82,93.6,5.37,49.41,19.15,29.73,0,0.13,0,0,0,0,0,3.98,55.56,0.32,0,0.25,25,0,0,5.43,61.63,0,,0,,0,0,0,0,,,1.58,,
Dylan Martinez,Liga MX U294,2025/26,Necaxa II,Necaxa U21,LCB,17,192,0,0,0,0,Mexico,4.69,4.69,30,1.88,100,0,0,0.47,3.28,4.88,0.94,0,0,0,0,0,0,0,0,0,0,0,0,0,0,0,0,0,0,0,0,0,0,0,0.47,0,19.69,1.41,0.47,30.47,84.62,8.91,68.42,1.88,75,18.28,94.87,4.22,44.44,21.16,32.96,0,0,0,0,0,0,0,1.41,33.33,0,0,0,0,0,0,4.69,50,0,,0,,0,0,0,0,,,1.41,,
R. Estrada Galvan,Liga MX U295,2025/26,Necaxa U21,Necaxa U21,GK,19,195,0,0,0,0,Mexico,2.31,0,0,0.46,100,0,0,0,2.31,3.19,0,0,0,0,0,0,0,0,0,0,0,0,0,0,0,0,0,0,0,0,0,0,0,0,0,0,8.77,0,0,18.46,77.5,12.92,75,0,0,5.08,90.91,8.31,55.56,33.3,48.55,0,0,0,0,0,0,0,2.77,50,0,0,0,0,0,0,6,69.23,2,0.92,9,4.15,1,77.78,2.51,1.16,0.51,0.235,0,0.46,0.46
Cesar Zermeño,Liga MX U296,2025/26,Mazatlán U21,Mazatlán U21,"LCB, LB",20,519,0,0,0,0,Mexico,7.46,6.42,59.46,3.12,50,0.35,0.51,0,3.29,4.83,1.04,2,0.35,0,0,0.17,0,0,0,0,0,0,0,0,0,0,0,0,0,0.35,50,1.56,55.56,0,0.69,0.17,26.53,1.39,0.35,36.59,81.04,17.17,67.68,4.86,92.86,11.1,93.75,4.68,37.04,18.95,36.32,0,0,0,0,0,0,0,3.64,38.1,0.52,0,0.17,0,0,0,7.46,46.51,0,,0,,0,0,0,0,,,3.29,,
D. Montoya,Liga MX U297,2025/26,Mazatlán U19,Mazatlán U21,"RW, RB",18,537,0,0.02,0,0.19,Mexico,6.87,5.7,55.88,1.34,62.5,0.5,0.63,0,3.18,3.99,1.17,0,0,0,0,1.84,0,0,0,0,0,0,1,0.17,0,0,0,2.85,35.29,1.51,55.56,3.52,33.33,0.17,1.68,0,13.07,2.01,0.34,17.93,68.22,6.03,66.67,4.19,92,4.19,64,1.17,42.86,24.05,28.02,0.03,0.17,0,0,0,0,0.17,1.68,60,2.18,53.85,0,0,0.34,0.84,3.85,47.83,0,,0,,0,0,0,0,,,0.5,,
J. Saldamando,Liga MX U298,2025/26,Club León U21,Club León U21,"LCB, RCB",20,2019,0,0.53,0,0.02,Mexico,9.81,4.95,72.07,4.01,56.67,0.36,0.49,0.53,5.88,8.11,0.94,6,0.27,1,0.04,0.58,0,0,0,0.02,0,0,9,0.4,11.11,0,0,0.04,100,0.58,84.62,1.96,56.82,0.45,0.22,0,25.5,0.4,0.85,37.58,88.73,16.85,81.22,1.52,91.18,15.78,95.76,4.64,49.04,21.95,39.68,0,0.09,0,0.04,0,0,0,3.21,65.28,0.27,16.67,0.04,0,0,0.04,6.46,67.59,0,,0,,0,0,0,0,,,1.11,,
E. Velázquez,Liga MX U299,2025/26,Mazatlán U21,Mazatlán U21,LCB,23,1181,0,0.54,0,0.28,Mexico,11.28,7.93,62.5,2.67,51.43,0.53,0.71,0.53,5.79,7.68,1.37,2,0.15,1,0.08,0.69,0,0,0,0.04,0,0,7,0.53,14.29,0,0,0.38,20,0.61,87.5,2.06,62.96,0.46,0.38,0,17.38,0.46,1.07,28.81,78.57,15.47,69.46,2.51,96.97,8,87.62,4.88,37.5,23.26,47.32,0.02,0.23,0,0,0,0,0.08,4.42,48.28,0.99,23.08,0.76,40,0.15,0,6.4,64.29,0,,0,,0,0,0,0,,,1.52,,
Thomas Cereceres,Liga MX U300,2025/26,Club León U19,Club León U21,LB,18,321,0,0.1,0,0.11,Mexico,7.29,6.45,56.52,1.68,16.67,0.28,0.41,0.28,3.36,4.93,1.68,0,0,0,0,3.36,0,0,0,0.03,0,0,5,1.4,0,0,0,3.93,28.57,2.8,80,5.89,47.62,0.84,1.4,0.56,22.99,1.4,0.84,29.72,75.47,8.69,70.97,7.85,96.43,7.85,75,2.24,50,16.5,34.8,0.03,0.56,0,0,0,0,0.56,2.24,100,2.52,33.33,0.28,100,0.56,0.84,4.77,52.94,0,,0,,0,0,0,0,,,0,,
Leonardo Becerra,Liga MX U301,2025/26,Necaxa U21,Necaxa U21,"RB, RCB, RWB",20,486,1,0.15,0,0.02,Mexico,9.07,5,74.07,1.3,42.86,0,0,0.19,5.37,7.19,0.37,0,0,0,0,2.78,0.19,1,0.19,0.03,0,0,5,0.93,40,20,0,2.04,18.18,2.59,78.57,5.19,60.71,0.56,2.22,0.19,19.26,1.11,0.37,30.56,73.94,16.11,68.97,5.37,96.55,6.48,77.14,6.11,54.55,18.11,20.95,0,0.19,0,0,0,0,0,3.89,76.19,2.04,27.27,0.19,0,0.19,0.19,9.44,68.63,0,,0,,0,0,0,0,,,2.41,,
P. Valle,Liga MX U302,2025/26,Necaxa U21,Necaxa U21,"RCB, LCB",21,327,0,0,0,0,Mexico,12.39,10.46,71.05,2.2,50,1.1,1.71,0.28,3.85,6,1.93,2,0.55,0,0,0,0,0,0,0,0,0,0,0,0,0,0,0.28,0,0,0,1.65,16.67,0.28,0.28,0,15.14,0.55,0.28,22.57,70.73,7.43,59.26,1.93,71.43,10.18,83.78,3.3,25,19.14,21.15,0,0,0,0,0,0,0,2.48,44.44,0.83,0,0,0,0,0,5.78,38.1,0,,0,,0,0,0,0,,,1.38,,
L. Moreno,Liga MX U303,2025/26,Mazatlán U21,Mazatlán U21,LB,19,489,0,0,0,0.53,Mexico,9.57,7.55,65.85,1.47,12.5,0.92,1.18,0,3.68,4.72,0.55,1,0.18,0,0,0.55,0,0,0,0,0,0,0,0,0,0,0,1.29,14.29,1.29,28.57,3.13,29.41,0.18,0.92,0.55,8.47,1.1,0,20.06,63.3,12.7,63.77,1.84,70,3.87,57.14,4.05,36.36,21.49,27.93,0.1,0.74,0,0,0,0,0.18,3.5,52.63,1.47,12.5,0.18,0,0,0.18,6.07,54.55,0,,0,,0,0,0,0,,,0.18,,
O. Dominguez,Liga MX U304,2025/26,Necaxa U21,Necaxa U21,"LB, LWB",18,1063,1,0.92,0,0.58,Mexico,7.2,7.37,50.57,2.88,55.88,0.08,0.12,0.17,3.39,4.67,1.19,2,0.17,1,0.08,0.85,0.08,0,0,0.08,0,0,8,0.68,25,12.5,0,1.1,46.15,0.42,40,2.96,60,0.17,0.68,0.08,21.08,0.51,0.93,31.33,84.86,11.09,76.34,4.66,96.36,11.51,88.24,4.66,63.64,20.73,38,0.05,0.42,0,0,0,0,0.08,4.4,80.77,1.61,36.84,0.08,0,0.25,0.51,6.52,77.92,0,,0,,0,0,0,0,,,1.61,,
D.  Villarreal Paul,Liga MX U305,2025/26,Monterrey U19,Monterrey U21,RB,20,399,0,0.11,1,0.43,Mexico,9.25,9.02,47.5,2.48,45.45,0.45,0.83,0,4.51,8.33,2.03,1,0.23,1,0.23,1.8,0,0,0,0.02,0,0,2,0.45,0,0,0.23,2.26,40,1.13,80,3.83,58.82,0.9,0.68,0.23,22.56,0.9,1.35,31.58,80.71,10.38,71.74,6.09,100,10.38,80.43,2.71,41.67,18.38,36.01,0.1,0.68,0,0,0,0,0.23,4.29,57.89,1.35,33.33,0.23,0,0.23,0.9,5.64,80,0,,0,,0,0,0,0,,,0.68,,
J. Mendoza Ostos,Liga MX U306,2025/26,Monterrey U17,Monterrey U21,RB,18,357,1,0.02,0,0,Mexico,11.09,10.08,47.5,2.77,54.55,0.25,0.36,0.76,6.05,8.57,2.02,2,0.5,1,0.25,1.26,0.25,1,0.25,0.01,0,0,1,0.25,100,100,0,1.26,20,1.51,50,5.8,34.78,0,1.01,0.25,16.13,1.51,1.01,27.48,64.22,11.6,50,4.54,94.44,7.56,70,2.52,50,18.47,30.54,0,0,0,0,0,0,0,3.53,64.29,1.76,14.29,0,0,0,0.25,6.3,52,0,,0,,0,0,0,0,,,1.51,,
M. Olvera Pérez,Liga MX U307,2025/26,Monterrey U19,Monterrey U21,LB,19,1152,0,0.46,0,0.65,Mexico,10.23,7.11,64.84,1.56,35,0.55,0.8,0,5.08,7.47,0.55,4,0.31,0,0,1.56,0,0,0,0.04,0,0,6,0.47,33.33,0,0,0.94,50,1.25,75,2.66,58.82,0.47,1.02,0,21.64,1.09,0.63,32.19,74.51,14.61,71.12,4.22,92.59,10.08,76.74,8.2,61.9,24.01,36.33,0.05,0.47,0,0,0.08,0,0.16,6.56,69.05,2.11,48.15,0.7,22.22,0.63,0.47,10.7,63.5,0,,0,,0,0,0,0,,,1.02,,
Diego Chavira,Liga MX U308,2025/26,Monterrey U19,Monterrey U21,"RCB, LCB",19,1693,1,0.71,0,0.31,Mexico,9.68,5.95,60.71,4.2,68.35,0.43,0.62,0.43,5.63,8.22,1.7,7,0.37,2,0.11,0.32,0.05,1,0.05,0.04,1,0.05,6,0.32,33.33,16.667,0,0,0,0.37,57.14,1.38,46.15,0.8,0.37,0,22.81,0.43,0.43,34.98,83.59,16.96,77.12,2.76,86.54,12.39,93.56,4.25,45,20.97,31.3,0.02,0.11,0,0,0,0,0.05,3.03,57.89,0.21,25,0.21,25,0.21,0,7.76,60.27,0,,0,,0,0,0,0,,,2.18,,
S. Pérez,Liga MX U309,2025/26,Monterrey U21,Monterrey U21,GK,22,1706,0,0,0,0.05,United States,1.85,0.26,80,0.74,100,0,0,0,1.64,2.27,0.05,2,0.11,1,0.05,0,0,0,0,0,0,0,0,0,0,0,0,0,0,0,0,0.11,100,0,0,0,14.93,0.16,0.32,26.43,84.83,12.98,71.95,0,0,12.71,97.1,10.23,63.4,30.56,45.58,0,0.05,0,0,0,0,0.05,1.69,28.13,0.26,0,0.11,50,0,0,6.38,66.94,36,1.9,95,5.01,2,62.11,27.01,1.42,-8.99,-0.474,0,2.11,0.74
O. Soto,Liga MX U310,2025/26,Monterrey U21,Monterrey U21,"RCB, DMF, RDMF",21,1261,1,1.98,0,0.13,Mexico,6,4.07,57.89,2.14,36.67,0,0,0.64,3.64,5.24,1.5,5,0.36,1,0.07,0.93,0.07,1,0.07,0.14,0,0,12,0.86,58.33,8.333,0,0.07,100,0.43,83.33,3.14,61.36,0.71,0.57,0,24.34,0.5,1.57,34.69,83.95,13.49,74.07,2.64,91.89,14.56,92.16,5.35,56,19.73,36.78,0.01,0.14,0,0.07,0.14,0,0.07,5.28,64.86,0.79,27.27,0.71,40,0.21,0,6.99,73.47,0,,0,,0,0,0,0,,,1,,
K. Cuneo,Liga MX U311,2025/26,Monterrey U21,Monterrey U21,GK,21,1273,0,0,0,0,Mexico,2.12,0.07,0,0.07,100,0,0,0,2.12,3.26,0.07,0,0,0,0,0.07,0,0,0,0,0,0,0,0,0,0,0,0,0,0.07,100,0.28,75,0,0,0,20.01,0.28,0.21,35.07,92.14,14.21,83.58,0,0,19.8,98.21,7.07,67,28.84,49.15,0,0,0,0.07,0,0,0,2.33,54.55,0.14,0,0.14,0,0,0,5.09,76.39,17,1.2,56,3.96,4,69.64,16.1,1.14,-0.9,-0.064,0,1.27,0.07
J. Domínguez,Liga MX U312,2025/26,Monterrey U21,Monterrey U21,"DMF, RCB, LDMF",21,2160,0,2.09,2,0.08,Mexico,10.17,7.04,59.17,3.04,71.23,0.79,1.14,0.29,5.21,7.47,1.67,3,0.13,0,0,0.54,0,0,0,0.09,0,0,23,0.96,26.09,0,0.08,0.29,28.57,0.25,66.67,1.29,38.71,0.5,0.25,0,24.96,0.17,0.42,39.25,78.56,19.13,68.41,3.13,93.33,13.33,88.75,6.92,48.8,21.93,42.13,0,0.17,0.08,0.04,0.08,50,0.08,8.08,60.82,0.75,16.67,0.42,40,0.25,0.04,8.58,69.9,0,,0,,0,0,0,0,,,0.67,,
J. Ramírez,Liga MX U313,2025/26,Pachuca U21,Pachuca U21,GK,20,298,0,0,0,0,Mexico,2.72,0.3,100,0.3,100,0,0,0,2.42,3.48,0,0,0,0,0,0,0,0,0,0,0,0,0,0,0,0,0,0,0,0,0,0.6,100,0,0,0,6.04,0.6,0.6,12.38,85.37,6.95,73.91,0,0,5.44,100,5.74,68.42,33.25,40.97,0,0,0,0,0,0,0,0.3,0,0,0,0,0,0,0,3.32,72.73,6,1.81,17,5.13,0,64.71,4.77,1.44,-1.23,-0.371,0,2.11,0.3
J. Gómez,Liga MX U314,2025/26,América U21,América U21,"LCB, LB",20,310,0,0,0,0.02,Mexico,10.45,7.26,64,2.32,50,0,0,1.16,5.81,10,2.61,0,0,0,0,0,0,0,0,0,0,0,0,0,0,0,0,0.58,0,0,0,1.45,20,0.29,0.29,0,20.03,1.74,0.29,31.65,74.31,11.9,60.98,5.52,89.47,8.71,76.67,6.39,36.36,18.03,25.39,0.01,0.29,0,0,0,0,0,4.35,46.67,0.29,0,0.58,0,0.29,0,6.97,70.83,0,,0,,0,0,0,0,,,0.29,,
C. Alfaro,Liga MX U315,2025/26,Pachuca U21,Pachuca U21,"LCB, RCB",19,850,1,0.06,1,0.3,Mexico,7.84,5.82,78.18,2.44,56.52,0,0,0.53,3.28,4.37,0.95,2,0.21,0,0,0.42,0.11,1,0.11,0.01,1,0.11,1,0.11,100,100,0.11,0.21,50,0.32,66.67,1.38,61.54,0.53,0.21,0.11,11.75,0.11,0.74,22.45,84.91,10.06,75.79,2.12,95,9.21,94.25,4.76,60,25.28,32.38,0.03,0.11,0,0,0,0,0.11,3.07,62.07,0.53,20,0.21,0,0.11,0.11,4.45,69.05,0,,0,,0,0,0,0,,,1.59,,
J. Freyfeld,Liga MX U316,2025/26,América U21,América U21,"LCB, CB, RCB",21,965,0,0.42,0,0.03,Mexico,8.21,7.93,65.88,4.1,59.09,0.28,0.42,0.09,2.7,4.05,1.87,2,0.19,1,0.09,0.19,0,0,0,0.04,0,0,6,0.56,16.67,0,0,0.09,0,0.09,100,0.65,42.86,0.84,0.09,0,29.47,0.37,0.56,41.88,86.41,20.05,76.74,0.93,100,17.44,96.26,6.72,51.39,23.69,44.71,0,0.19,0,0,0,0,0,4.94,47.17,0.75,0,0.19,0,0,0,8.86,73.68,0,,0,,0,0,0,0,,,0.65,,
H. Gallardo,Liga MX U317,2025/26,Pachuca U21,Pachuca U21,RB,21,620,2,0.73,1,0.63,Mexico,8.85,7.4,76.47,1.6,63.64,0,0,0.29,3.19,4.18,1.02,0,0,0,0,1.6,0.29,2,0.29,0.11,0,0,6,0.87,50,33.333,0.15,1.45,40,1.02,57.14,2.76,42.11,0.87,1.45,0.44,17.56,1.45,0.58,24.82,71.93,13.06,68.89,2.9,95,6.68,69.57,4.5,32.26,19.04,29.78,0.09,0.73,0,0,0,0,0.15,3.77,53.85,2.03,21.43,0.29,0,0.15,0.44,6.39,70.45,0,,0,,0,0,0,0,,,1.16,,
D. Keiser,Liga MX U318,2025/26,Pachuca U23,Pachuca U21,"LB, LCB",21,419,0,0.05,0,0.05,Mexico,9.02,7.73,55.56,3.44,43.75,1.07,1.28,0.21,3.65,4.36,1.93,1,0.21,0,0,0.43,0,0,0,0.01,0,0,2,0.43,50,0,0,0.64,33.33,0.64,0,2.15,30,0.86,0,0,13.96,0,0.86,20.62,87.5,7.73,83.33,3.01,100,6.23,89.66,1.29,83.33,19.18,20.21,0.01,0.64,0,0,0,0,0,1.07,80,0.21,0,0,0,0,0,2.79,61.54,0,,0,,0,0,0,0,,,0.64,,
Gael Delgado,Liga MX U319,2025/26,América U21,América U21,"RB, LB, RWB",21,216,0,0,0,0.06,Mexico,11.67,8.33,70,1.67,25,1.25,1.55,0.42,4.58,5.69,1.67,2,0.83,0,0,0.83,0,0,0,0,0,0,0,0,0,0,0,2.5,16.67,0.42,100,2.08,60,0,0,0,15,1.67,1.25,23.75,70.18,9.58,69.57,2.5,83.33,8.75,57.14,3.33,75,22.17,27.37,0.03,0.42,0,0,0,0,0,5,75,3.33,25,0.42,0,0,0.42,9.58,65.22,0,,0,,0,0,0,0,,,0,,
N. Bedolla,Liga MX U320,2025/26,América U21,América U21,GK,20,1069,0,0,0,0.11,Mexico,2.86,0.25,66.67,0.51,83.33,0,0,0,2.69,4.09,0,1,0.08,0,0,0,0,0,0,0,0,0,0,0,0,0,0,0,0,0,0,0.08,100,0,0,0,12.38,0.25,0.25,23.74,84.04,14.9,76.27,0,0,8,96.84,7.83,58.06,31.56,52.34,0.01,0.08,0,0,0,0,0,2.86,47.06,0.34,50,0.42,40,0.08,0,6.23,72.97,16,1.35,35,2.95,1,54.29,10.53,0.89,-5.47,-0.461,0,1.77,0.51
A. Araujo,Liga MX U321,2025/26,América U21,América U21,RCB,21,2048,0,0.84,0,0.01,Mexico,8.39,6.2,66.67,4.39,49,1.1,1.6,0.57,3.16,4.62,1.8,12,0.53,4,0.18,0.13,0,0,0,0.04,0,0,10,0.44,20,0,0,0.13,33.33,0.04,0,0.7,81.25,0.35,0.22,0,32.92,0.09,0.66,47.72,83.98,25.36,76.08,2.46,85.71,17.14,94.87,10.02,56.58,23.68,40.96,0,0.04,0.09,0.04,0,0,0,7.47,64.12,0.66,6.67,0.44,30,0.09,0.04,12.61,73.17,0,,0,,0,0,0,0,,,1.71,,
A. Contreras,Liga MX U322,2025/26,Pachuca U21,Pachuca U21,LB,20,851,0,0.12,3,1.73,Mexico,5.92,4.02,47.37,1.8,52.94,0.21,0.28,0.11,3.81,5.12,0.85,1,0.11,0,0,2.01,0,0,0,0.01,0,0,4,0.42,50,0,0.32,2.22,33.33,1.59,60,4.44,50,1.06,2.43,0,22.1,2.12,0.63,32.15,78.29,16.08,75.66,4.65,88.64,7.19,77.94,3.49,51.52,20.51,41.15,0.18,1.37,0.11,0,0.21,50,0.85,5.71,72.22,2.33,50,0.63,33.33,0.74,0.85,8.57,81.48,0,,0,,0,0,0,0,,,0.74,,
D. Alvarado,Liga MX U323,2025/26,América U21,América U21,LCB,21,862,0,0.23,0,0.16,Mexico,6.68,5.01,62.5,2.4,52.17,0.63,0.93,0.63,2.92,4.35,0.84,2,0.21,0,0,0.21,0,0,0,0.02,0,0,2,0.21,50,0,0,0,0,0.1,100,0.31,66.67,0.1,0.73,0,32.37,0.1,0.31,47.4,88.11,22.45,79.07,2.3,90.91,19,98.9,7.1,57.35,21.78,39.12,0.02,0.1,0,0,0,0,0.1,5.32,70.59,0.84,37.5,1.15,36.36,0.31,0,9.81,68.09,0,,0,,0,0,0,0,,,1.98,,
P. Budib,Liga MX U324,2025/26,Pachuca U21,Pachuca U21,"RCB, LCB",22,1155,3,2.4,1,0.32,Mexico,10.36,6.62,62.35,6.31,62.96,0.78,1.06,0.39,5.45,7.39,2.49,5,0.39,1,0.08,0.55,0.23,2,0.16,0.19,2,0.16,15,1.17,33.33,20,0.08,0.16,0,0.39,40,2.42,54.84,1.71,0.08,0,13.32,0.23,1.71,26.57,80.06,11.14,62.24,1.79,100,11.06,94.37,4.6,42.37,23.57,40.48,0.03,0.16,0,0,0,0,0.08,3.9,52,0.39,20,0.47,33.33,0.23,0,4.99,65.63,0,,0,,0,0,0,0,,,1.32,,
L. Palestina,Liga MX U325,2025/26,América U21,América U21,GK,22,292,0,0,0,0,Mexico,2.47,0,0,0,0,0,0,0,2.47,3.69,0,0,0,0,0,0,0,0,0,0,0,0,0,0,0,0,0,0,0,0.31,0,0.31,0,0,0,0,6.78,0,0,16.95,85.45,10.79,77.14,0,0,5.55,100,5.24,52.94,30.01,43.28,0,0,0,0,0,0,0,0.92,33.33,0,0,0,0,0,0,3.7,50,5,1.54,17,5.24,1,70.59,4.46,1.37,-0.54,-0.166,0,0.92,0
Á. Coronel,Liga MX U326,2025/26,América U21,América U21,LB,21,872,0,0.14,0,0.68,Mexico,12.9,9.6,60.22,4.13,67.5,1.03,1.5,0.21,6.09,8.85,2.48,2,0.21,0,0,1.44,0,0,0,0.01,0,0,5,0.52,20,0,0,1.96,42.11,1.44,35.71,5.78,55.36,0.83,1.03,0.1,17.75,2.48,2.99,27.35,66.42,12.49,47.11,4.64,100,6.81,83.33,6.09,33.9,21.98,38.13,0.07,0.41,0,0,0,0,0.21,4.44,32.56,2.37,34.78,0.72,0,0.1,0.83,6.71,60,0,,0,,0,0,0,0,,,0.21,,
C. Camacho Mendiola,Liga MX U327,2025/26,Pachuca U19,Pachuca U21,GK,19,944,0,0,0,0,Mexico,1.62,0,0,0.38,75,0,0,0,1.62,2.13,0,0,0,0,0,0,0,0,0,0,0,0,0,0,0,0,0,0,0,0,0,0.1,100,0,0,0,8.87,0.1,0.29,16.68,85.71,9.72,78.43,0,0,6.48,95.59,6.67,67.14,33.61,47.47,0,0,0,0,0,0,0,1.53,62.5,0.1,0,0.19,100,0,0,4.67,77.55,10,0.95,32,3.05,4,68.75,8.56,0.82,-1.44,-0.137,0,0.48,0.38
E. Guzman,Liga MX U328,2025/26,Pachuca U21,Pachuca U21,RB,21,1492,0,0.15,1,0.76,Mexico,8.69,7.06,57.26,1.45,50,0.42,0.57,0.06,4.22,5.72,1.09,2,0.12,0,0,1.81,0,0,0,0.01,0,0,6,0.36,16.67,0,0.06,2.11,42.86,1.63,48.15,4.04,41.79,0.48,1.15,0.24,21.84,1.63,0.78,34.26,73.94,17.86,68.92,4.64,94.81,8.45,77.86,6.58,49.54,20.72,32.56,0.05,0.66,0,0,0.06,100,0.36,6.7,63.06,2.84,42.55,0.54,55.56,0.48,1.03,10.38,72.09,0,,0,,0,0,0,0,,,1.45,,
Edwin Soto,Liga MX U329,2025/26,Pachuca U21,Pachuca U21,LB,19,785,0,0.22,0,0.19,Mexico,8.94,6.88,50,2.52,77.27,0,0,0.23,5.5,8.09,0.8,2,0.23,0,0,1.83,0,0,0,0.03,0,0,7,0.8,71.43,0,0,0.69,50,1.15,80,5.96,63.46,0.34,1.03,0,14.68,0.8,3.67,27.29,75.21,16.05,70,2.52,100,4.93,86.05,5.73,48,21.82,41.39,0.02,0.46,0,0.11,0,0,0,3.78,66.67,0.92,37.5,0.11,0,0.11,0.34,8.14,67.61,0,,0,,0,0,0,0,,,0.69,,
E. Cruz,Liga MX U330,2025/26,América U21,América U21,"RB, RWB",20,1623,2,0.39,2,0.77,United States,5.93,4.94,57.3,1.66,30,0.22,0.31,0.22,2.88,4.01,1.28,5,0.28,0,0,1.77,0.11,2,0.11,0.02,1,0.06,3,0.17,66.67,66.667,0.11,2.38,34.88,1.11,65,2.38,39.53,0.55,1.11,0.17,17.8,1.89,0.39,26.12,74.52,8.54,58.44,4.49,98.77,8.93,73.29,4.6,39.76,21.92,35.94,0.04,0.5,0,0,0.11,100,0.17,4.49,55.56,2.38,41.86,0.67,58.33,0.5,0.78,5.93,75.7,0,,0,,0,0,0,0,,,0.44,,
W. Portales,Liga MX U331,2025/26,América U21,América U21,"RB, LB",22,934,2,0.73,2,0.68,United States,11.18,10.41,72.22,0.96,30,0.39,0.62,0.19,3.28,5.28,1.06,0,0,0,0,3.28,0.19,2,0.19,0.07,0,0,9,0.87,66.67,22.222,0.19,2.7,39.29,2.51,65.38,5.78,55,1.35,2.99,0.29,25.92,1.45,0.48,36.91,77.02,12.33,68.75,6.07,93.65,13.01,80.74,5.3,56.36,20.41,29.71,0.07,0.87,0,0,0,0,0.58,4.53,70.21,2.79,41.38,0.77,37.5,0.67,0.96,9.35,70.1,0,,0,,0,0,0,0,,,0.96,,
E. Tame,Liga MX U332,2025/26,Ranger's,Atlético de San Luis U21,"RCB, DMF, LCMF",21,289,0,0.02,0,0,Spain,7.79,6.23,55,0.93,66.67,0.31,0.45,0,4.05,5.91,1.25,1,0.31,0,0,0.62,0,0,0,0.01,0,0,1,0.31,100,0,0,0.31,0,0.62,50,4.36,35.71,0.31,0.62,0,22.42,0.93,1.56,34.26,80.91,13.08,69.05,2.8,100,13.39,88.37,3.74,25,15.96,17.03,0,0,0,0,0,0,0,5.61,66.67,0.62,0,0,0,0,0,6.85,50,0,,0,,0,0,0,0,,,0.62,,
J. Strimling Curiel,Liga MX U333,2025/26,América U23,América U21,"RCB, CB",23,933,0,0.07,0,0,Mexico,6.17,3.57,62.16,1.83,63.16,0.1,0.15,0.29,3.86,6.09,0.48,2,0.19,0,0,0.19,0,0,0,0.01,0,0,2,0.19,50,0,0,0.1,0,0.19,50,0.96,70,0.58,0.39,0,27.3,0.19,0.77,41,84.47,17.56,70.33,2.41,100,18.52,95.83,6.37,37.88,23.54,37.05,0,0,0,0,0,0,0,5.31,56.36,1.45,20,1.06,18.18,0.19,0,7.33,64.47,0,,0,,0,0,0,0,,,1.74,,
M. Aguilar,Liga MX U334,2025/26,Tigres UANL U21,Tigres UANL U21,"LCB, CB",23,495,0,0.4,1,0,Mexico,6.18,5.64,61.29,6.36,48.57,0.18,0.29,0.18,2.55,4.04,1.82,1,0.18,0,0,0.36,0,0,0,0.07,0,0,5,0.91,0,0,0.18,0,0,0.55,66.67,0.91,40,0.91,1.45,0,42.36,0.73,0.18,58.91,90.74,22.55,79.84,5.09,96.43,27.82,99.35,7.45,63.41,21.6,37.02,0,0,0,0,0,0,0,6,78.79,0.36,0,0.18,0,0,0,10,70.91,0,,0,,0,0,0,0,,,3.82,,
F. Arce,Liga MX U335,2025/26,Toluca,Deportivo Toluca U21,"RDMF, RCMF",29,192,0,0.09,0,0.05,United States,10.31,6.56,57.14,2.81,50,0.94,1.54,1.41,5.63,9.23,1.41,0,0,0,0,0,0,0,0,0.04,0,0,3,1.41,0,0,0,0.47,0,0.47,0,3.28,57.14,0.47,0.94,0,25.31,0,0.94,39.38,88.1,11.72,84,3.75,100,16.41,94.29,2.81,50,18.78,48.1,0.02,0.47,0,0,0,0,0.47,7.03,86.67,1.88,25,0.94,50,0.47,0,4.69,90,0,,0,,0,0,0,0,,,0.47,,
D. Medina,Liga MX U336,2025/26,Santos Laguna,Santos Laguna U21,"AMF, LWF, RAMF",25,164,0,0.09,0,0.05,Mexico,11.52,10.98,75,1.65,0,0,0,0,3.29,4,0,0,0,0,0,2.74,0,0,0,0.05,0,0,1,0.55,100,0,0,0,0,4.39,37.5,20.3,32.43,2.2,2.74,0.55,19.76,2.74,2.74,32.38,79.66,5.49,80,8.23,93.33,11.52,76.19,2.74,80,17.93,40.53,0.03,0.55,0,0,0.55,100,0,4.39,62.5,1.65,100,0.55,100,1.65,0,2.2,75,0,,0,,0,0,0,0,,,0,,
É. Dueñas,Liga MX U337,2025/26,Querétaro U21,Querétaro U21,"RW, RB, CF",21,750,0,0.64,0,0.28,United States,11.52,8.76,60.27,0.48,25,0.84,1.07,0,5.4,6.85,2.16,1,0.12,0,0,2.76,0,0,0,0.08,0,0,5,0.6,40,0,0,2.76,43.48,1.68,78.57,7.08,38.98,1.32,1.2,0,24.12,1.44,1.32,34.2,78.25,12.6,75.24,7.32,93.44,9.12,71.05,3.12,42.31,17.54,33.89,0.03,0.72,0.12,0,0,0,0.24,4.2,71.43,3.12,50,0.12,100,0.84,1.2,8.04,71.64,0,,0,,0,0,0,0,,,1.44,,
I. Luna,Liga MX U338,2025/26,Pachuca,Pachuca U21,"LDMF, DMF, LCMF",24,173,0,0.13,0,0,Mexico,9.36,6.76,69.23,1.04,50,0.52,0.79,0.52,4.16,6.32,2.08,1,0.52,0,0,1.04,0,0,0,0.07,0,0,5,2.6,20,0,0,0,0,0.52,100,7.28,64.29,0.52,0.52,0,19.25,0,2.6,34.34,95.45,7.8,93.33,5.2,100,16.13,96.77,4.16,87.5,21.8,41.6,0,0.52,0,0,0,0,0,4.68,88.89,0.52,0,0,0,0,0,4.16,87.5,0,,0,,0,0,0,0,,,1.04,,
M. Manotas,Liga MX U339,2025/26,Real Cartagena,Atlas U21,"CF, AMF",30,372,2,1.27,0,0.38,Colombia,2.66,1.45,66.67,1.45,16.67,0,0,0,1.69,2.59,0.24,0,0,0,0,2.18,0.48,1,0.24,0.31,0,0,6,1.45,50,33.333,0,0.48,0,3.15,46.15,10.16,33.33,2.66,1.21,0,9.19,1.21,0.97,16.21,83.58,1.21,60,5.08,85.71,6.05,92,0.97,100,17.23,18.88,0.09,0.48,0,0,0,0,0.24,1.69,100,0.24,100,0.24,100,0.48,0,0.73,66.67,0,,0,,0,0,0,0,,,0,,
Á. Robles,Liga MX U340,2025/26,CA La Paz,Puebla U21,"AMF, CF, RCMF",24,522,3,1.85,2,1.22,Mexico,3.45,3.28,47.37,1.72,30,0,0,0,1.9,3.17,0.86,0,0,0,0,3.45,0.52,3,0.52,0.32,0,0,28,4.83,28.57,10.714,0.34,0.52,33.33,4.48,42.31,11.72,27.94,2.41,1.38,0,24.14,2.24,1.21,29.14,86.98,6.9,77.5,5.17,86.67,11.03,90.63,2.41,92.86,16.32,31.72,0.21,1.72,0.17,0,0.17,0,0.86,4.48,92.31,1.21,71.43,0.17,0,1.03,0.17,2.59,93.33,0,,0,,0,0,0,0,,,0,,
R. Castillo,Liga MX U341,2025/26,Puebla,Puebla U21,RCMF,25,141,0,0.34,0,0.09,Mexico,4.47,5.74,55.56,0.64,100,0.64,1.07,0,0.64,1.07,2.55,0,0,0,0,5.11,0,0,0,0.21,0,0,6,3.83,16.67,0,0,1.91,66.67,5.74,44.44,19.15,30,1.91,1.28,0.64,15.32,0,1.91,24.89,76.92,12.13,73.68,3.19,80,6.38,90,1.91,100,20.13,42.13,0.06,1.28,0,0,1.28,50,0,4.47,85.71,3.83,50,1.28,50,1.28,1.28,5.74,100,0,,0,,0,0,0,0,,,0,,
A. Torres,Liga MX U342,2025/26,Mazatlán,Mazatlán U21,"LCMF, DMF",26,250,0,0.1,0,0.13,Mexico,6.48,7.92,50,2.88,37.5,0.72,1.22,0.72,1.8,3.06,2.52,1,0.36,0,0,0,0,0,0,0.04,0,0,2,0.72,0,0,0,0,0,0,0,4.32,58.33,0.36,0.72,0,44.28,0.72,1.8,60.12,88.02,19.08,83.02,6.84,100,26.64,89.19,7.56,61.9,19.09,42.52,0.05,0.36,0,0,0,0,0,10.44,79.31,0.36,100,0,0,0.72,0,10.8,63.33,0,,0,,0,0,0,0,,,0.36,,
J. Marchand,Liga MX U343,2025/26,Atlético de San Luis,Atlético de San Luis U21,"DMF, RCMF, LCMF",24,616,0,0.48,0,0.56,Mexico,6.87,5.55,55.26,1.46,40,0.29,0.43,0.29,3.51,5.14,1.9,3,0.44,1,0.15,0.29,0,0,0,0.07,0,0,7,1.02,28.57,0,0,0.44,0,0.29,0,1.46,40,0.73,0.88,0,32.29,0.15,0.44,46.9,88.79,13.44,77.17,6.57,100,21.48,93.88,4.68,65.63,20.18,35.44,0.08,0.58,0,0,0.15,0,0,7.31,82,0.58,25,0.44,0,0.44,0,7.89,83.33,0,,0,,0,0,0,0,,,0.73,,
E. Partida,Liga MX U344,2025/26,Irapuato,Querétaro U21,"LB, LW",28,224,1,0.18,0,0.13,Mexico,7.63,3.21,75,3.21,87.5,0.8,0.87,0.8,4.42,4.78,0,0,0,0,0,3.21,0.4,1,0.4,0.07,0,0,5,2.01,40,20,0,4.82,25,1.61,75,5.22,46.15,0.8,1.21,0.4,27.72,3.62,1.21,36.56,65.93,15.27,65.79,4.02,100,12.05,63.33,9.24,43.48,27.41,42.33,0.05,1.61,0,0,0,0,0.4,7.63,42.11,3.62,33.33,0.4,100,0.4,0.8,10.04,60,0,,0,,0,0,0,0,,,0,,
S. Trigos,Liga MX U345,2025/26,Pumas UNAM,Pumas UNAM U21,"DMF, RCMF, CB",24,141,0,0,0,0,Mexico,5.11,7.66,41.67,5.11,37.5,1.28,1.4,0,0.64,0.7,0.64,1,0.64,0,0,0.64,0,0,0,0,0,0,0,0,0,0,0,0,0,1.28,50,7.66,58.33,0,0,0,31.28,0,2.55,38.3,88.33,15.96,76,1.91,100,15.96,96,5.11,62.5,20.74,47.89,0,0,0,0,0,0,0,5.74,66.67,0,0,0,0,0,0,5.11,87.5,0,,0,,0,0,0,0,,,0.64,,
A. Herrera,Liga MX U346,2025/26,Mazatlán,Mazatlán U21,LB,25,425,1,0.3,0,0.22,Mexico,9.95,8.05,71.05,1.48,85.71,0.21,0.24,0.64,4.02,4.6,1.27,1,0.21,0,0,1.06,0.21,1,0.21,0.06,0,0,1,0.21,100,100,0,1.27,16.67,0.42,100,3.18,53.33,0.21,0.64,0,25.62,1.69,1.06,34.94,77.58,11.22,69.81,5.29,92,11.65,81.82,2.75,46.15,19.49,35.5,0.05,1.27,0,0,0.21,100,0.42,5.72,74.07,1.69,50,0.85,50,0.64,0.42,8.05,71.05,0,,0,,0,0,0,0,,,1.06,,
R. Martínez,Liga MX U347,2025/26,Guadalajara U21,Guadalajara U21,"LCMF, RCB, RB",23,173,0,0.14,0,0.05,Mexico,8.84,6.76,61.54,1.56,66.67,0.52,0.68,0,4.16,5.45,0.52,2,1.04,0,0,3.12,0,0,0,0.07,0,0,3,1.56,0,0,0,2.08,50,2.08,100,8.32,68.75,0.52,1.04,0,30.17,0.52,1.56,43.7,83.33,13.53,84.62,7.28,92.86,16.65,78.13,5.2,60,19.9,42.92,0.03,0.52,0,0,0,0,1.04,4.16,62.5,2.6,40,0,0,0,1.04,6.76,53.85,0,,0,,0,0,0,0,,,1.04,,
L. Gutiérrez,Liga MX U348,2025/26,Querétaro,Querétaro U21,"RB, RW",24,506,1,0.45,2,1.07,Mexico,7.65,5.51,67.74,1.25,28.57,0.36,0.37,0.53,3.56,3.7,0.53,0,0,0,0,3.02,0.18,1,0.18,0.08,0,0,5,0.89,40,20,0.36,2.31,38.46,2.85,56.25,6.76,36.84,1.07,1.6,0.18,19.03,2.13,0.36,25.08,70.92,11.21,66.67,4.09,86.96,5.87,63.64,3.38,52.63,18.54,26.37,0.19,0.71,0,0.18,0.18,100,0.53,4.98,64.29,1.78,40,0.53,33.33,0,1.07,6.23,74.29,0,,0,,0,0,0,0,,,0.36,,
S. Mariscal,Liga MX U349,2025/26,Santos Laguna,Santos Laguna U21,"DMF, LCMF",23,287,0,0,0,0,Mexico,9.09,6.9,63.64,1.88,66.67,1.25,1.58,0.31,3.45,4.34,1.57,1,0.31,0,0,0,0,0,0,0,0,0,0,0,0,0,0,0.31,0,0,0,1.88,50,0.31,0,0,22.58,0,0.63,35.44,85.84,10.66,73.53,2.51,87.5,19.13,95.08,2.51,62.5,19.7,36.61,0,0,0,0,0,0,0.31,5.64,72.22,0.31,100,0,0,0.31,0,5.02,68.75,0,,0,,0,0,0,0,,,0,,
V. López,Liga MX U350,2025/26,,Querétaro U21,"RW, RAMF",23,146,0,0.03,0,0,Mexico,4.93,3.7,33.33,1.85,66.67,1.23,1.15,0,2.47,2.31,0.62,0,0,0,0,1.23,0,0,0,0.02,0,0,4,2.47,0,0,0,0.62,0,2.47,50,4.93,62.5,0.62,2.47,0,22.19,0.62,1.85,32.67,77.36,12.33,65,6.78,81.82,9.25,93.33,3.7,50,18.3,42.25,0,0,0,0,0,0,0,4.32,71.43,1.85,33.33,0,0,0.62,0,5.55,77.78,0,,0,,0,0,0,0,,,0,,
S. Naveda,Liga MX U351,2025/26,América,América U21,"AMF, RCMF, DMF",25,423,0,0.08,0,0.36,Mexico,5.96,4.47,71.43,1.49,57.14,0,0,0.43,2.77,3.82,0.21,1,0.21,0,0,1.28,0,0,0,0.02,0,0,3,0.64,33.33,0,0,0.43,0,0.85,100,8.51,67.5,0.64,1.91,0,23.4,0.21,4.47,34.89,89.02,11.28,83.02,8.09,97.37,9.15,88.37,2.34,72.73,17.34,34.05,0.08,0.64,0,0,0.21,100,0.21,7.23,85.29,1.28,50,0.21,0,0.64,0.21,5.74,100,0,,0,,0,0,0,0,,,0.64,,
P. Medina,Liga MX U352,2025/26,León,Club León U21,"RB, RCMF",27,374,0,0.07,1,0.3,Mexico,9.63,9.39,64.1,0.72,100,0,0,0,3.61,5.11,1.93,2,0.48,0,0,1.93,0,0,0,0.02,0,0,2,0.48,0,0,0.24,1.68,85.71,1.44,33.33,5.29,27.27,0,1.2,0.24,29.36,0.96,0.72,38.02,86.71,14.2,76.27,7.22,100,13.72,87.72,5.53,65.22,21.23,36.71,0.07,0.48,0,0.24,0,0,0.24,5.78,75,2.41,60,0,0,0,1.44,8.9,72.97,0,,0,,0,0,0,0,,,1.44,,
Christian Castillo,Liga MX U353,2025/26,Club Tijuana U21,Club Tijuana U21,"LW, RW",22,1134,3,4.38,6,5.11,Mexico,3.97,3.73,59.57,1.27,50,0.16,0.22,0,1.59,2.22,1.51,3,0.24,0,0,7.78,0.24,3,0.24,0.35,0,0,32,2.54,40.63,9.375,0.48,4.52,50.88,6.9,64.37,11.83,51.68,3.81,3.57,0.08,19.6,2.22,0.95,28.25,76.4,6.83,68.6,5.71,94.44,10.63,73.13,3.02,44.74,19.36,37.54,0.41,2.22,0.08,0,0.08,0,1.19,2.14,51.85,3.81,60.42,0.08,0,1.43,2.14,5,79.37,0,,0,,0,0,0,0,,,0.32,,
A. García,Liga MX U354,2025/26,Cruz Azul,Cruz Azul U21,"CB, LCMF",24,250,0,0,0,0.42,Mexico,9.36,5.4,66.67,1.8,80,0.72,1.2,0.36,5.04,8.4,0.72,0,0,0,0,0.36,0,0,0,0,0,0,0,0,0,0,0,0,0,0.72,50,1.8,20,0.36,0,0,38.52,0,0,52.56,88.36,12.96,72.22,7.92,95.45,27.72,96.1,4.32,41.67,23.11,52.94,0.15,0.36,0,0,0,0,0.36,6.12,52.94,0,0,0.72,0,0.36,0,6.12,64.71,0,,0,,0,0,0,0,,,4.68,,
A. Bass,Liga MX U355,2025/26,Atlas U21,Atlas U21,"AMF, RDMF, DMF",24,560,0,0.81,1,0.22,Mexico,8.2,5.63,51.43,2.25,50,0.8,1.25,0.64,4.5,7,1.77,3,0.48,0,0,0.64,0,0,0,0.13,0,0,11,1.77,18.18,0,0.16,0,0,0.16,100,4.18,53.85,1.61,0.48,0.48,36.16,0.8,1.45,50.3,88.18,12.7,77.22,8.04,88,22.98,93.71,7.55,65.96,21.33,34.45,0.04,0.32,0,0,0.16,100,0.32,8.52,75.47,0.64,25,0.48,66.67,0.32,0,7.39,82.61,0,,0,,0,0,0,0,,,2.09,,
E. Pizzuto,Liga MX U356,2025/26,Atlante,Tigres UANL U21,"LDMF, LCMF, RDMF",24,509,1,0.34,1,0.77,Mexico,6.01,5.48,51.61,1.06,33.33,1.06,1.75,0,2.12,3.5,1.24,2,0.35,0,0,1.94,0.18,1,0.18,0.06,0,0,12,2.12,25,8.333,0.18,0.88,20,1.77,70,4.24,62.5,0.71,2.83,0.53,42.44,0,0.71,54.99,89.39,15.91,78.89,8.66,100,20.16,95.61,3.54,55,17.54,30.19,0.14,1.24,0,0.18,0,0,0.35,8.49,77.08,1.77,70,0.35,50,1.59,0,7.25,87.8,0,,0,,0,0,0,0,,,1.24,,
B. El-Mesmari,Liga MX U357,2025/26,Cancún,Querétaro U21,"LW, RW",24,261,1,1.5,0,0.33,Mexico,1.38,1.72,20,0,0,0.34,0.42,0,0.69,0.85,1.03,0,0,0,0,5.17,0.34,1,0.34,0.52,0,0,8,2.76,37.5,12.5,0,5.17,6.67,5.86,64.71,9.66,46.43,3.79,3.79,0,20,2.76,0.34,23.45,64.71,5.52,50,4.48,84.62,7.93,60.87,2.41,28.57,24.17,38.28,0.11,1.38,0,0,0,0,0.34,3.1,33.33,3.1,0,0.69,0,0,0.34,2.07,83.33,0,,0,,0,0,0,0,,,0.34,,
Jorge García,Liga MX U358,2025/26,Mazatlán,Mazatlán U21,"RB, LB",24,173,0,0,0,0,Mexico,9.88,7.28,64.29,1.04,100,0.52,0.7,0,4.68,6.28,1.04,0,0,0,0,1.04,0,0,0,0,0,0,0,0,0,0,0,2.08,0,1.04,100,14.05,40.74,0.52,1.04,0,13.53,4.16,5.72,26.53,68.63,10.4,75,5.2,100,5.2,40,5.2,60,17.8,34.01,0,0,0,0,0,0,0,2.6,60,1.56,0,0,0,0,0,5.72,45.45,0,,0,,0,0,0,0,,,1.04,,
E. García,Liga MX U359,2025/26,Atlético Ottawa,Atlético de San Luis U21,"CF, RW, RWF",22,294,0,0.19,1,0.13,Mexico,6.73,6.12,65,3.37,36.36,0,0,0,2.76,4.35,0.31,0,0,0,0,2.45,0,0,0,0.06,0,0,2,0.61,50,0,0.31,3.37,27.27,2.45,50,7.65,36,1.53,0.92,0,13.78,2.14,0.92,21.12,69.57,4.9,68.75,4.29,78.57,7.35,70.83,0.92,66.67,19.75,10.01,0.04,0.61,0.31,0,0,0,0.31,3.37,54.55,2.76,44.44,0.61,50,0.61,0.92,3.67,100,0,,0,,0,0,0,0,,,0.31,,
Joban González,Liga MX U360,2025/26,Club Tijuana U21,Club Tijuana U21,"CF, RW",20,1391,7,5.46,1,0.85,Mexico,4.08,3.3,60.78,4.72,46.58,0,0,0.06,2.07,3.02,0.78,1,0.06,0,0,2.98,0.45,6,0.39,0.35,2,0.13,26,1.68,53.85,26.923,0.06,1.29,25,2.59,67.5,9.83,37.5,3.3,1.88,0.13,13.39,1.94,1.29,19.93,71.1,4.53,55.71,3.88,88.33,6.86,74.53,1.1,52.94,16.5,19.9,0.06,0.65,0,0,0,0,0.45,1.88,55.17,1.55,41.67,0.13,0,0.91,0.26,2.14,60.61,0,,0,,0,0,0,0,,,0,,
Rogelio Gónzalez,Liga MX U361,2025/26,Cruz Azul U21,Cruz Azul U21,"RW, LW, RAMF",21,1537,0,2.74,2,1.19,Mexico,6.21,5.62,64.58,1.58,29.63,0.35,0.54,0.06,2.23,3.4,1.41,3,0.18,1,0.06,4.33,0,0,0,0.16,0,0,36,2.11,27.78,0,0.12,3.16,33.33,5.56,48.42,13.58,41.38,2.05,1.87,0.23,13.94,2.05,2.4,20.14,69.77,5.8,62.63,3.98,91.18,7.03,68.33,1.7,37.93,20.2,21.98,0.07,1.17,0.06,0.06,0,0,0.35,1.93,48.48,2.46,52.38,0.29,40,0.41,0.94,3.51,71.67,0,,0,,0,0,0,0,,,0.18,,
J. Duran,Liga MX U362,2025/26,Cruz Azul U21,Cruz Azul U21,"LCMF, RCMF, AMF",21,1560,0,2.36,1,0.5,Mexico,5.48,7.33,47.24,1.1,31.58,0.58,0.98,0.06,1.44,2.45,2.71,8,0.46,0,0,1.79,0,0,0,0.14,0,0,24,1.38,29.17,0,0.06,0.81,21.43,2.83,40.82,9.58,36.14,1.38,1.38,0.35,21.46,0.87,1.9,27.58,82.01,7.15,71.77,6.52,90.27,7.79,86.67,1.85,59.38,15.77,26.1,0.03,0.75,0,0,0.12,50,0.35,3.06,81.13,1.5,53.85,0.17,33.33,0.81,0.17,3.23,75,0,,0,,0,0,0,0,,,0.35,,
E. Ochoa,Liga MX U363,2025/26,Club Tijuana U21,Club Tijuana U21,RW,21,695,4,2.97,0,0.47,Mexico,5.18,4.79,78.38,2.85,40.91,0.39,0.56,0.13,1.04,1.5,0.39,0,0,0,0,4.53,0.52,4,0.52,0.38,1,0.13,13,1.68,38.46,30.769,0,3.76,27.59,4.14,68.75,9.97,50.65,3.76,1.42,0.26,12.04,2.2,1.94,18.39,64.08,4.27,57.58,3.63,78.57,6.47,64,0.65,60,18.63,14.31,0.06,0.39,0,0,0,0,0.26,1.81,64.29,2.2,29.41,0.13,0,0.26,0.78,3.37,61.54,0,,0,,0,0,0,0,,,0.13,,
M. Zaleta,Liga MX U364,2025/26,Mazatlán,Cruz Azul U21,"LWB, LB",24,430,0,0.37,0,0.5,Mexico,10.05,5.65,59.26,1.26,16.67,0.63,1.18,0.21,6.07,11.45,0.63,2,0.42,0,0,2.72,0,0,0,0.08,0,0,8,1.67,12.5,0,0,3.35,25,4.4,38.1,8.58,43.9,1.67,2.93,0.42,25.95,2.93,1.67,37.67,72.78,10.88,59.62,8.16,97.44,12.56,68.33,4.6,31.82,19.81,42.43,0.11,1.26,0,0,0.42,0,0.21,5.23,44,3.14,20,0.84,0,0.21,0.84,7.53,58.33,0,,0,,0,0,0,0,,,0.84,,
C. Leon,Liga MX U365,2025/26,Cruz Azul U21,Cruz Azul U21,"RCMF, DMF, RDMF",20,529,0,0.06,0,0.04,Mexico,5.61,5.27,45.16,1.19,42.86,0.34,0.54,0,2.89,4.59,2.38,5,0.85,0,0,0.17,0,0,0,0.01,0,0,1,0.17,100,0,0,0.34,0,0.17,0,3.06,44.44,0.17,0.34,0,19.57,0.17,0.68,30.11,87.01,5.44,65.63,8.51,98,11.23,87.88,2.04,25,15.75,28.66,0.01,0.17,0,0,0,0,0,2.72,62.5,0.34,0,0,0,0.17,0.17,2.55,40,0,,0,,0,0,0,0,,,1.53,,
A. Morales,Liga MX U366,2025/26,Cruz Azul,Cruz Azul U21,"RCMF, AMF",20,209,1,0.37,1,0.13,Mexico,2.58,1.72,50,0.86,50,0.43,0.81,0,1.29,2.43,1.29,0,0,0,0,1.72,0.43,1,0.43,0.16,0,0,3,1.29,33.33,33.333,0.43,0.43,0,3.88,33.33,14.21,42.42,1.29,2.15,0.86,22.39,3.44,3.01,29.28,89.71,9.04,90.48,8.18,100,7.75,83.33,0,0,13.91,0,0.06,0.43,0,0,0,0,0.43,2.15,80,0.86,100,0,0,0.86,0,1.72,75,0,,0,,0,0,0,0,,,0,,
Z. Pineda,Liga MX U367,2025/26,Cruz Azul U21,Cruz Azul U21,"LB, LCB",20,2333,1,1.2,1,1.14,Mexico,7.52,5.98,55.48,1.39,44.44,0.5,0.76,0.19,3.7,5.63,1.12,4,0.15,0,0,1.23,0.04,1,0.04,0.05,1,0.04,11,0.42,45.45,9.091,0.04,1.93,34,0.54,71.43,3.93,36.27,0.54,0.62,0.08,25.89,2.28,0.81,34.37,82.38,11.5,74.83,6.37,93.33,11.77,82.3,2.66,46.38,20.15,34.86,0.04,0.73,0.04,0,0.04,0,0.19,4.51,66.67,1.93,42,0.27,14.29,0.27,0.77,7.72,77,0,,0,,0,0,0,0,,,1.23,,
I. Silva,Liga MX U368,2025/26,Cruz Azul U21,Cruz Azul U21,"RB, RWB",19,1556,1,1.34,3,2.87,Mexico,7.46,7.69,54.14,1.91,45.45,0,0,0,3.3,5.06,1.45,3,0.17,0,0,3.24,0.06,1,0.06,0.08,0,0,25,1.45,32,4,0.17,4.05,28.57,2.72,57.45,6.25,45.37,1.04,1.74,0.12,24.12,3.07,0.98,32.39,76.61,10.82,70.05,7.11,93.5,9.14,69.62,3.76,60,19.58,30.69,0.17,1.04,0.06,0,0.06,100,0.58,4.16,66.67,4.05,41.43,0.35,66.67,0.58,1.39,7.58,73.28,0,,0,,0,0,0,0,,,0.81,,
A. Montaño,Liga MX U369,2025/26,Cruz Azul,Cruz Azul U21,LCMF,24,212,1,1.01,0,0.47,Mexico,3.82,5.52,46.15,1.7,50,0.42,0.61,0,0.85,1.22,2.12,0,0,0,0,4.67,0.42,0,0,0.43,0,0,7,2.97,71.43,14.286,0,2.97,14.29,3.4,62.5,7.22,64.71,2.55,0.42,0.42,19.1,0.42,2.97,29.29,78.26,7.64,72.22,5.09,100,8.92,66.67,2.55,16.67,20.47,35.96,0.2,1.7,0,0,0.42,0,0.42,2.97,42.86,3.4,25,0.85,0,0.85,0.85,4.25,80,0,,0,,0,0,0,0,,,0.42,,
F. Sámano,Liga MX U370,2025/26,Tepatitlán de Morelos,Cruz Azul U21,"RB, RCMF, RWB",23,935,0,0.83,1,1.25,Mexico,4.72,3.66,68.42,1.73,44.44,0.39,0.72,0.1,1.83,3.43,0.58,0,0,0,0,2.12,0,0,0,0.08,0,0,7,0.67,14.29,0,0.1,2.89,33.33,1.54,68.75,7.41,38.96,2.12,2.41,0.39,30.9,2.89,1.25,37.25,84.5,10.59,78.18,9.63,94,11.17,86.21,1.25,46.15,20.42,38.89,0.12,0.96,0,0,0,0,0.67,3.08,90.63,2.12,59.09,0,0,0.48,0.87,6.45,74.63,0,,0,,0,0,0,0,,,1.35,,
K. González,Liga MX U371,2025/26,Tepatitlán de Morelos,Cruz Azul U21,"CB, RCMF, RCB",21,568,0,0,0,0.11,Mexico,7.13,5.86,56.76,3.01,57.89,0.32,0.5,0.48,3.49,5.45,1.74,0,0,1,0.16,0.79,0,0,0,0,0,0,0,0,0,0,0,0,0,0.63,100,3.01,52.63,0.16,0.95,0,34.86,0.48,0.48,49.12,89.35,16,76.24,5.86,100,22.18,95.71,4.6,51.72,17.9,31.93,0.02,0.48,0,0.16,0.16,100,0,7.13,64.44,0.79,40,1.11,42.86,0.48,0,6.81,79.07,0,,0,,0,0,0,0,,,2.54,,
C. Benítez,Liga MX U372,2025/26,Cruz Azul U21,Cruz Azul U21,"LCMF, DMF, RCMF",21,295,0,0.05,1,0,Mexico,4.88,7.93,46.15,1.83,0,0,0,0.31,1.22,2.14,0.31,0,0,0,0,1.53,0,0,0,0.02,0,0,4,1.22,50,0,0.31,0.92,33.33,1.53,40,7.02,43.48,0.31,2.14,0,15.25,0.31,1.83,25.32,81.93,6.41,66.67,3.97,100,9.76,93.75,2.14,71.43,17.42,18.52,0,0,0,0,0,0,0,3.66,83.33,0.92,33.33,0,0,0,0.31,3.36,63.64,0,,0,,0,0,0,0,,,0,,
V. Taboada,Liga MX U373,2025/26,Cruz Azul U21,Cruz Azul U21,"RB, RWB, RCMF",23,1340,2,0.93,2,1.18,Mexico,7.12,6.72,56,1.34,35,0.27,0.41,0.27,3.09,4.68,1.54,2,0.13,0,0,3.43,0.13,2,0.13,0.06,0,0,15,1.01,33.33,13.333,0.13,3.96,27.12,3.36,60,7.72,44.35,1.21,2.28,0.07,24.85,2.69,0.94,34.25,76.47,8.26,65.04,7.46,94.59,12.9,74.48,2.42,47.22,18.99,29.44,0.08,0.87,0,0.13,0.07,0,0.4,3.16,68.09,3.69,43.64,0.34,0,0.67,1.07,6.45,68.75,0,,0,,0,0,0,0,,,0.27,,
L. Estrada Derbez,Liga MX U374,2025/26,Venados,Cruz Azul U21,"LCMF, DMF",23,782,2,0.93,0,0.51,Mexico,5.87,5.64,44.9,1.96,35.29,0.23,0.36,0.12,3.11,4.88,1.73,4,0.46,0,0,1.27,0.23,2,0.23,0.11,0,0,12,1.38,33.33,16.667,0,2.19,21.05,0.81,42.86,2.65,30.43,0.81,1.27,0,32.92,0.92,0.35,44.42,79.79,14.27,64.52,7.14,93.55,17.15,86.58,5.98,48.08,20.22,37.28,0.06,1.04,0,0,0,0,0.23,9.21,72.5,3.8,27.27,1.27,9.09,0.46,0.46,7.14,79.03,0,,0,,0,0,0,0,,,1.27,,
J. Serrato,Liga MX U375,2025/26,Atlas U21,Atlas U21,"AMF, CF",20,1243,1,1.29,1,1.13,Mexico,6.15,6.44,55.06,1.23,47.06,0.72,1.13,0.07,1.88,2.94,2.39,7,0.51,1,0.07,2.75,0.07,1,0.07,0.09,0,0,15,1.09,33.33,6.667,0.07,0.43,66.67,4.49,45.16,13.68,40.21,1.09,3.4,0.43,17.96,1.52,1.88,26.21,84.81,6.08,65.48,6.44,95.51,7.39,89.22,1.01,42.86,14.42,16.57,0.08,0.72,0,0.07,0.36,20,0.43,1.88,76.92,1.52,71.43,0.43,33.33,1.01,0.29,2.24,70.97,0,,0,,0,0,0,0,,,0.07,,
M. Hernández,Liga MX U376,2025/26,Atlas U21,Atlas U21,"RWB, RB, RCB",20,1387,2,0.98,0,0.97,Mexico,8.76,7.53,62.93,2.4,51.35,0.84,1.28,0.06,3.18,4.82,1.69,2,0.13,0,0,1.1,0.13,2,0.13,0.06,1,0.06,6,0.39,83.33,33.333,0,2.27,25.71,0.52,37.5,3.31,37.25,1.04,1.62,0.58,20.44,1.88,1.1,27.64,73.71,11.29,66.09,3.63,94.64,8.63,76.69,3.31,45.1,20.24,29.24,0.06,0.45,0.06,0,0.06,0,0.26,3.11,52.08,1.62,32,0.19,33.33,0.32,0.45,5.84,66.67,0,,0,,0,0,0,0,,,1.43,,
Luis Blanco,Liga MX U377,2025/26,Atlas U21,Atlas U21,"LB, LWB",20,1654,0,0.62,0,0.85,Mexico,8.22,6.96,60.94,1.2,36.36,0.71,0.98,0,3.26,4.52,0.82,3,0.16,0,0,2.5,0,0,0,0.03,0,0,13,0.71,38.46,0,0,2.29,19.05,2.94,59.26,6.86,45.24,1.14,2.29,0.22,24.32,2.56,1.2,33.3,76.31,10.61,64.1,7.4,94.12,9.79,78.33,3.43,46.03,19.96,34.22,0.05,0.49,0,0,0.05,100,0.05,3.75,65.22,1.8,36.36,0.16,0,0.49,0.44,6.58,60.33,0,,0,,0,0,0,0,,,0.44,,
E. Esparza,Liga MX U378,2025/26,Atlético de San Luis U21,Atlético de San Luis U21,"RCMF, CF",21,339,0,0,0,0,Mexico,4.51,4.78,50,0.53,0,0.27,0.42,0,1.86,2.92,1.06,1,0.27,0,0,0.53,0,0,0,0,0,0,0,0,0,0,0,0,0,0.27,100,4.51,47.06,0.8,0,0,21.5,0.8,1.86,28.67,94.44,2.65,80,6.9,100,15.13,98.25,1.06,75,18.72,18.28,0,0,0,0,0.27,100,0,2.12,87.5,0.53,50,0.53,50,0.53,0,1.86,71.43,0,,0,,0,0,0,0,,,0,,
J. Suárez,Liga MX U379,2025/26,Atlético de San Luis,Atlético de San Luis U21,"RB, RW, RWB",20,1178,2,0.68,1,0.56,Venezuela,7.95,5.65,66.22,3.29,58.14,0.23,0.36,0.46,3.97,6.27,0.99,2,0.15,0,0,2.29,0.15,2,0.15,0.05,0,0,12,0.92,41.67,16.667,0.08,1.3,17.65,2.67,62.86,6.26,36.59,1.22,2.22,0.31,23.91,2.37,0.69,32.24,81.52,11.23,70.75,5.73,92,10.08,86.36,3.67,45.83,19.79,39.47,0.04,0.15,0,0,0,0,0.23,4.74,70.97,1.22,12.5,0,0,0.23,0.15,5.73,72,0,,0,,0,0,0,0,,,0.61,,
J. Villal,Liga MX U380,2025/26,Atlético Ottawa,Atlético de San Luis U21,"CF, LWF, LW",21,1231,2,1.82,3,2.75,United States,2.63,2.56,54.29,0.29,25,0.15,0.23,0,1.1,1.76,0.88,2,0.15,0,0,4.53,0.15,2,0.15,0.13,0,0,16,1.17,56.25,12.5,0.22,2.05,28.57,5.85,52.5,15.21,40.38,2.85,4.02,0.37,20.4,2.27,2.27,27.64,78.31,7.31,67,7.53,94.17,6.73,76.09,0.73,40,16.94,12.62,0.2,1.32,0.07,0,0.44,50,0.66,3.14,62.79,3.22,54.55,0.51,42.86,1.32,0.51,3.44,78.72,0,,0,,0,0,0,0,,,0,,
A. Sandoval,Liga MX U381,2025/26,Atlético de San Luis U21,Atlético de San Luis U21,"RW, LW, LCMF",21,1676,1,2.15,2,1.3,Mexico,4.19,4.03,61.33,0.91,23.53,0.21,0.36,0,1.5,2.49,0.54,1,0.05,0,0,3.06,0.05,1,0.05,0.12,0,0,28,1.5,35.71,3.571,0.11,2.52,29.79,3.44,50,9.67,36.67,1.99,2.31,0.38,18.58,1.29,1.56,25.13,76.28,7.14,72.93,4.94,94.57,7.95,67.57,1.83,64.71,18.23,26.61,0.07,0.75,0.16,0,0.11,50,0.21,3.06,73.68,2.58,41.67,0.32,50,0.75,0.64,4.19,79.49,0,,0,,0,0,0,0,,,0.11,,
C. Franco,Liga MX U382,2025/26,Atlético de San Luis U21,Atlético de San Luis U21,"LB, LWB",22,2380,1,1.67,0,1.5,Mexico,8.05,7.3,52.33,1.97,36.54,0.57,0.86,0.26,3.67,5.56,1.55,8,0.3,1,0.04,1.29,0.04,1,0.04,0.06,0,0,17,0.64,17.65,5.882,0,1.63,18.6,1.29,64.71,3.82,42.57,0.87,1.17,0.11,20.91,1.63,1.1,29.23,73.48,12.86,68.24,5.52,93.15,6.88,76.92,3.25,53.49,20.75,40.35,0.06,0.57,0.08,0,0.15,25,0.15,5.07,64.18,1.36,41.67,0.38,20,0.38,0.23,6.92,64.48,0,,0,,0,0,0,0,,,1.1,,
R. Patrón,Liga MX U383,2025/26,Atlético de San Luis U21,Atlético de San Luis U21,"LCMF, DMF, RCMF",22,1347,1,0.73,0,0.24,Mexico,6.82,6.61,62.63,1.2,38.89,0.8,1.3,0.07,1.87,3.04,1.67,2,0.13,1,0.07,0.73,0.07,1,0.07,0.05,0,0,11,0.73,45.45,9.091,0,0.4,33.33,0.4,66.67,3.54,47.17,0.6,0.6,0.07,24.86,0.27,1,33.74,86.14,10.02,76.67,4.94,95.95,15.3,89.96,1.94,58.62,18.95,31.26,0.02,0.4,0,0.07,0,0,0,5.35,72.5,0.87,53.85,0.13,50,0.27,0.07,4.54,80.88,0,,0,,0,0,0,0,,,0.6,,
E. Medrano,Liga MX U384,2025/26,Atlas U21,Atlas U21,"CF, AMF, RAMF",21,205,3,1.12,0,0.13,Mexico,8.34,6.59,80,3.07,71.43,0.44,0.81,0,2.63,4.86,1.32,5,2.2,1,0.44,5.27,1.32,3,1.32,0.49,1,0.44,8,3.51,62.5,37.5,0,1.32,0,4.83,63.64,14.93,50,4.83,0.88,0.44,7.02,0.44,4.39,10.1,60.87,2.63,50,0.88,50,3.07,85.71,0,0,22.36,0,0.05,0.44,0,0.44,0,0,0.44,2.63,66.67,0.88,50,0,0,0.88,0,1.76,100,0,,0,,0,0,0,0,,,0,,
J. González,Liga MX U385,2025/26,Atlas U23,Atlas U21,"LW, RAMF, AMF",21,215,0,0.29,0,0.13,Mexico,7.95,5.02,100,0.84,50,0.42,0.7,0,2.51,4.19,0,0,0,0,0,2.51,0,0,0,0.12,0,0,4,1.67,100,0,0,1.67,25,2.51,16.67,11.3,29.63,0.84,2.09,0.42,30.14,4.6,3.35,34.33,84.15,13.4,90.63,5.44,92.31,9.21,68.18,0.84,100,14.57,11.52,0.06,0.42,0,0,0,0,0,3.35,87.5,2.09,40,0,0,0.42,0.84,7.53,83.33,0,,0,,0,0,0,0,,,0,,
J. Guillén,Liga MX U386,2025/26,Atlas U21,Atlas U21,"DMF, RDMF, RCMF",20,1778,0,0.28,0,0.23,Mexico,7.09,6.23,58.54,1.06,23.81,0.15,0.23,0.25,3.29,4.91,1.57,7,0.35,1,0.05,0.51,0,0,0,0.01,0,0,11,0.56,27.27,0,0,0.4,0,0.56,54.55,3.34,39.39,0.4,1.01,0.15,25.01,0.25,0.76,37.61,87.75,12.05,76.47,5.47,96.3,15.24,93.69,4.71,64.52,20.04,38.33,0.01,0.2,0.05,0,0.05,100,0.05,5.82,71.3,0.56,27.27,0.35,57.14,0.15,0,5.11,70.3,0,,0,,0,0,0,0,,,1.52,,
A. Arredondo,Liga MX U387,2025/26,Atlas U21,Atlas U21,"LDMF, LCMF, RDMF",23,1160,1,0.69,3,2.81,Mexico,6.05,4.66,73.33,1.16,46.67,0.08,0.11,0.16,2.56,3.51,0.85,0,0,1,0.08,1.16,0.08,1,0.08,0.05,0,0,12,0.93,25,8.333,0.23,0.39,40,0.78,80,3.65,44.68,0.47,0.54,0.16,26.22,1.01,1.09,38.33,81.58,13.19,65.88,6.21,92.5,15.13,91.28,6.67,53.49,22.32,40.46,0.22,1.55,0.08,0.08,0.31,50,0.23,7.14,57.61,1.47,31.58,1.4,44.44,0.47,0.16,7.29,74.47,0,,0,,0,0,0,0,,,1.24,,
J. Guerrero,Liga MX U388,2025/26,Atlético de San Luis U21,Atlético de San Luis U21,"RB, RWB",21,1825,1,1.08,1,0.4,Mexico,7.64,5.77,59.83,1.53,54.84,0.49,0.77,0.15,3.7,5.74,1.38,4,0.2,0,0,0.74,0.05,1,0.05,0.05,0,0,11,0.54,27.27,9.091,0.05,0.94,21.05,0.84,47.06,3.95,42.5,0.54,1.28,0.15,19.63,1.04,1.04,28.45,81.11,10.5,72.3,5.23,95.28,8.63,86.29,2.86,53.45,18.93,33.16,0.02,0.49,0,0,0,0,0.15,4.09,69.88,1.08,36.36,0.44,44.44,0.2,0.2,5.28,67.29,0,,0,,0,0,0,0,,,0.44,,
S. Martínez,Liga MX U389,2025/26,Irapuato,Atlético de San Luis U21,"RCMF, DMF, LCMF",23,1068,0,0.35,0,0.57,Mexico,9.61,7.16,65.88,1.43,47.06,0.42,0.64,0.17,4.47,6.74,0.84,1,0.08,0,0,0.42,0,0,0,0.03,0,0,6,0.51,16.67,0,0,0.25,33.33,0.51,50,2.53,53.33,0.17,0.25,0,20.48,0.17,1.1,31.52,83.69,9.78,69.83,3.37,87.5,15.59,92.97,3.71,59.09,20.49,31.94,0.05,0.25,0,0.08,0,0,0,3.54,69.05,0.67,50,0.17,50,0.25,0.08,4.97,54.24,0,,0,,0,0,0,0,,,0.34,,
C. Mares,Liga MX U390,2025/26,Atlético de San Luis U21,Atlético de San Luis U21,"LW, LCMF",21,1120,3,0.95,2,1.16,Mexico,6.51,6.99,66.67,1.45,38.89,0.16,0.28,0,1.69,2.92,1.77,1,0.08,0,0,3.21,0.24,3,0.24,0.08,0,0,13,1.04,61.54,23.077,0.16,0.72,33.33,3.94,55.1,11.81,30.61,1.21,2.25,0.08,23.46,2.73,1.29,30.38,78.57,9.8,72.13,6.91,94.19,8.76,76.15,2.49,61.29,17.47,25.86,0.09,0.96,0.16,0,0.24,66.67,0.72,3.86,68.75,2.49,74.19,0.72,88.89,1.69,0.32,6.67,87.95,0,,0,,0,0,0,0,,,0.24,,
I. Gómez,Liga MX U391,2025/26,Atlético de San Luis U21,Atlético de San Luis U21,"RW, RCMF",21,876,0,0.91,2,0.5,Mexico,6.68,6.16,53.33,2.77,33.33,0.1,0.16,0.41,3.29,4.97,2.05,0,0,0,0,0.41,0,0,0,0.09,0,0,13,1.34,7.69,0,0.21,0.82,12.5,0.82,25,4.21,34.15,0.92,0.62,0,13.36,0.41,0.62,21.06,77.07,8.01,70.51,2.77,100,7.29,76.06,3.18,51.61,16.29,18.37,0.05,0.1,0,0.1,0,0,0.21,4.01,76.92,1.13,45.45,0.31,66.67,0.51,0.1,4.62,71.11,0,,0,,0,0,0,0,,,0,,
C. Cruz,Liga MX U392,2025/26,Atlas U21,Atlas U21,AMF,22,322,0,0.22,0,0.11,Mexico,7.27,6.15,68.18,1.4,40,0,0,0.56,3.07,3.84,1.68,0,0,0,0,1.96,0,0,0,0.06,0,0,4,1.12,25,0,0,0.56,0,2.8,50,13.7,42.86,1.4,2.24,0,19.29,0.84,4.19,32.98,77.97,13.42,75,4.47,93.75,9.5,79.41,3.91,71.43,19.22,37.57,0.03,1.12,0.28,0,0.56,50,0.28,7.27,65.38,1.96,71.43,0.28,100,0.84,0,6.43,73.91,0,,0,,0,0,0,0,,,0,,
K. Ortega,Liga MX U393,2025/26,Atlético de San Luis U21,Atlético de San Luis U21,"LCMF, RCMF, DMF",24,1051,0,0.53,0,1.06,Mexico,9.33,7.36,65.12,0.86,20,0.34,0.55,0.09,4.2,6.77,1.54,4,0.34,0,0,1.88,0,0,0,0.05,0,0,10,0.86,50,0,0,1.11,30.77,1.63,68.42,5.74,46.27,0.34,1.2,0,29.46,0.34,1.37,44.27,80.27,15.59,67.58,8.31,93.81,15.41,87.22,6.76,53.16,21.15,37.04,0.09,0.34,0,0,0.17,0,0.43,7.62,65.17,2.14,48,0.43,20,0.69,0.34,8.56,72,0,,0,,0,0,0,0,,,2.31,,
D. Borjas,Liga MX U394,2025/26,Querétaro U19,Querétaro U21,"RW, LW, RCMF",19,326,0,0.18,0,0.01,Mexico,7.18,7.73,60.71,1.93,28.57,0.55,0.9,0,1.93,3.13,2.76,2,0.55,0,0,1.66,0,0,0,0.05,0,0,7,1.93,14.29,0,0,1.38,20,2.48,44.44,11.32,26.83,1.1,2.76,0,18.5,0.55,1.1,26.23,74.74,7.45,62.96,7.18,96.15,6.63,83.33,1.93,42.86,17.51,17.49,0,0.28,0.28,0,0,0,0,3.59,53.85,1.38,20,0.28,0,0.28,0.28,4.42,68.75,0,,0,,0,0,0,0,,,0.28,,
L. Morales,Liga MX U395,2025/26,Querétaro U21,Querétaro U21,"RB, LCB",21,813,0,0.06,0,0.01,Mexico,10.41,12.51,57.52,1.66,40,0.22,0.29,0.11,2.99,3.97,2.99,5,0.55,1,0.11,1,0,0,0,0.01,0,0,2,0.22,0,0,0,1.88,35.29,0.66,50,3.76,44.12,0.33,0.55,0,20.92,0.89,1.22,29.34,78.49,11.62,69.52,5.2,91.49,7.97,87.5,2.1,47.37,18.87,25.62,0,0.11,0,0,0,0,0,3.43,64.52,1.88,47.06,0.22,50,0.44,0.77,6.53,54.24,0,,0,,0,0,0,0,,,0.55,,
A. Alcalá,Liga MX U396,2025/26,Querétaro U21,Querétaro U21,"LCMF, RW, LWF",20,677,1,1.23,3,0.95,United States,4.65,5.18,66.67,0.53,25,0.27,0.32,0,0.93,1.13,0.93,1,0.13,0,0,2.13,0.13,1,0.13,0.16,0,0,8,1.06,50,12.5,0.4,1.2,22.22,2.79,47.62,7.58,35.09,2.26,2.13,0,16.62,1.06,1.2,23.26,77.71,7.84,74.58,4.12,90.32,6.38,77.08,1.46,72.73,15.96,20.72,0.13,1.6,0,0,0.27,0,0.53,3.19,75,2.26,58.82,0.66,40,1.86,0.13,4.65,68.57,0,,0,,0,0,0,0,,,0,,
Á. Torres,Liga MX U397,2025/26,Juárez U21,Juárez U21,"RB, RWB",21,618,0,0.05,0,0.39,Mexico,6.7,5.24,63.89,0.87,66.67,0,0,0,3.35,4.13,0.58,0,0,0,0,3.64,0,0,0,0.01,0,0,2,0.29,50,0,0,6.26,30.23,2.91,55,5.97,46.34,0.44,2.04,0.87,15,2.33,1.17,22.43,62.99,6.41,56.82,2.91,100,8.3,61.4,1.6,18.18,20.14,20.17,0.06,0.87,0,0,0,0,0.58,2.18,53.33,5.1,48.57,0,0,0.73,1.75,4.81,72.73,0,,0,,0,0,0,0,,,0.15,,
Emilio García,Liga MX U398,2025/26,Juárez U19,Juárez U21,"RCB, RB",20,146,0,0,0,0,Mexico,5.55,3.7,66.67,2.47,50,0,0,0,3.08,3.19,0.62,0,0,0,0,0,0,0,0,0,0,0,0,0,0,0,0,0,0,0,0,1.23,0,0,0.62,0,3.7,0,0.62,9.25,73.33,4.93,62.5,1.85,100,1.85,100,1.85,66.67,24.28,23.15,0,0,0,0,0,0,0,1.23,100,0.62,100,0,0,0.62,0,3.7,50,0,,1,,0,100,0.81,0.5,,,0.62,,
B. Romero,Liga MX U399,2025/26,Juárez U23,Juárez U21,"CB, RCB, RCMF",23,144,0,0,0,0,United States,11.25,9.38,80,7.5,75,0,0,0.63,3.75,6,1.25,0,0,0,0,0,0,0,0,0,0,0,0,0,0,0,0,0,0,0,0,1.25,0,1.25,0,0,8.75,0.63,0.63,19.38,64.52,10.63,64.71,0.63,0,5,87.5,5.63,55.56,26.89,35.89,0,0,0,0,0,0,0,4.38,57.14,1.25,50,0.63,0,0.63,0,6.88,63.64,0,,0,,0,0,0,0,,,0,,
J. Carmona,Liga MX U400,2025/26,Juárez U21,Juárez U21,"RB, RW, RAMF",22,2196,10,6.94,2,2.43,Mexico,6.11,4.67,62.28,2.91,50.7,0.2,0.27,0.08,2.99,3.91,0.98,6,0.25,0,0,2.38,0.41,7,0.29,0.28,3,0.12,45,1.84,42.22,22.222,0.08,1.6,25.64,1.76,62.79,5.61,40.88,1.84,1.35,0.25,17.17,1.97,0.9,25.82,76.03,10.29,71.31,3.77,92.39,7.58,75.14,2.42,50.85,19.34,35.86,0.1,0.78,0.04,0,0.12,66.67,0.25,4.22,66.99,2.01,36.73,0.29,28.57,0.53,0.29,5.94,75.17,0,,0,,0,0,0,0,,,0.12,,
O. Lavin,Liga MX U401,2025/26,Juárez U21,Juárez U21,"RB, LCMF",21,206,0,0.06,1,0.34,Mexico,8.3,6.55,73.33,0,0,0.87,1,0,2.62,3,0.87,0,0,0,0,2.62,0,0,0,0.03,0,0,1,0.44,100,0,0.44,1.75,25,1.75,100,3.93,77.78,0,1.75,0,13.98,3.93,0.44,20.97,79.17,8.3,73.68,4.37,90,4.81,72.73,1.75,25,19.33,20.45,0.15,1.31,0,0,0,0,0.44,3.06,71.43,2.18,40,0,0,0.44,0.44,3.93,88.89,0,,0,,0,0,0,0,,,0,,
J. Hernández,Liga MX U402,2025/26,Tapatío,Querétaro U21,"CF, AMF",22,184,1,0.22,0,0,Mexico,1.96,0.49,0,3.91,37.5,0,0,0,1.96,2.55,0,0,0,0,0,1.47,0.49,1,0.49,0.11,1,0.49,2,0.98,50,50,0,0.98,0,3.42,28.57,10.76,18.18,2.93,0,0,11.74,1.47,0.98,17.61,66.67,3.42,42.86,5.38,72.73,6.36,84.62,1.96,50,20.67,46.65,0,0,0,0,0,0,0,1.96,75,0,0,0,0,0.49,0.49,2.93,50,0,,0,,0,0,0,0,,,0,,
L. Rodríguez,Liga MX U403,2025/26,Juárez U21,Juárez U21,"DMF, LDMF, LCMF",21,682,1,0.3,0,0.04,Mexico,13.46,9.9,73.33,3.43,57.69,0.4,0.63,0.26,5.81,9.17,2.38,4,0.53,1,0.13,0.79,0.13,1,0.13,0.04,0,0,6,0.79,16.67,16.667,0,0.13,0,1.45,45.45,5.41,48.78,0.26,0.92,0,18.61,0,1.58,35.1,81.95,9.63,53.42,3.56,100,16.89,93.75,6.2,53.19,23.09,37.51,0.01,0.13,0,0,0,0,0,6.47,59.18,1.19,55.56,0.53,25,0.66,0,5.94,66.67,0,,0,,0,0,0,0,,,1.06,,
C. Sosa,Liga MX U404,2025/26,Correcaminos UAT,Juárez U21,"AMF, CF, LCMF",22,955,2,1.71,0,1.5,Mexico,6.6,5.47,68.97,2.64,32.14,0.19,0.25,0,2.64,3.56,1.32,6,0.57,0,0,2.92,0.19,1,0.09,0.16,0,0,15,1.41,20,13.333,0,0.57,50,3.77,60,17.91,38.42,1.7,3.3,0.38,12.63,1.23,2.36,21.39,77.53,6.88,63.01,3.49,86.49,7.73,89.02,2.26,70.83,20.59,33.49,0.14,1.32,0,0,0.19,50,0.75,3.39,69.44,1.88,70,0.57,50,1.32,0.28,4.52,72.92,0,,0,,0,0,0,0,,,0,,
A. Pérez,Liga MX U405,2025/26,Club Tijuana,Club Tijuana U21,"CF, RCMF",21,614,4,3.17,0,0.83,Mexico,3.52,3.37,52.17,1.76,58.33,0.29,0.39,0,1.47,1.97,1.17,0,0,0,0,2.35,0.59,2,0.29,0.46,0,0,21,3.08,38.1,19.048,0,1.03,28.57,2.2,40,9.38,46.88,2.05,2.49,0.29,25.07,1.03,3.08,29.76,78.82,7.33,62,5.42,91.89,11.87,88.89,3.96,66.67,21.34,41.7,0.12,0.88,0,0.15,0,0,0.29,3.96,66.67,1.47,40,0.59,0,0.44,0.29,3.81,84.62,0,,0,,0,0,0,0,,,0,,
D. Monroy,Liga MX U406,2025/26,Juárez U21,Juárez U21,"CF, AMF, LW",22,2006,4,4.89,0,3.08,Mexico,5.11,5.92,48.48,2.92,35.38,0.4,0.52,0.04,1.84,2.37,1.66,5,0.22,1,0.04,3.05,0.18,4,0.18,0.22,0,0,43,1.93,51.16,9.302,0,1.12,40,3.1,46.38,10.09,41.78,2.15,2.24,0.49,16.38,2.15,1.75,23.02,78.75,5.97,71.43,6.51,89.66,6.77,78.81,1.62,63.89,18.03,20,0.14,1.12,0,0.04,0.31,57.14,0.45,3.1,62.32,2.15,58.33,0.36,62.5,0.85,0.45,3.68,78.05,0,,0,,0,0,0,0,,,0.09,,
R. Salazar,Liga MX U407,2025/26,Juárez U21,Juárez U21,"LCMF, RDMF, DMF",22,1622,0,0.06,0,0.08,Mexico,11.26,8.32,66,2.55,52.17,1.28,1.54,0.5,4.49,5.42,1,1,0.06,0,0,0.39,0,0,0,0,0,0,2,0.11,0,0,0,0.06,100,0.5,66.67,4.05,39.73,0.22,0.44,0,13.26,0.39,0.94,25.25,80.88,7.66,69.57,4.55,92.68,8.49,85.62,2.05,62.16,17.56,27.45,0,0.22,0,0,0.06,0,0,3.11,67.86,0.44,50,0.28,20,0.22,0,4.05,54.79,0,,0,,0,0,0,0,,,0.44,,
D. Martínez,Liga MX U408,2025/26,Juárez U21,Juárez U21,"LAMF, LCMF, LW",22,520,0,0.08,0,0.25,Mexico,5.19,4.15,70.83,1.38,62.5,0.52,0.63,0,1.73,2.1,0,0,0,0,0,1.9,0,0,0,0.01,0,0,2,0.35,50,0,0,3.12,16.67,2.25,53.85,5.88,35.29,1.04,0.87,0,12.63,1.56,1.21,18.52,62.62,4.5,61.54,3.98,82.61,6.23,52.78,1.73,20,21.27,20.15,0.04,0.35,0,0,0,0,0.17,1.21,57.14,2.42,28.57,0,0,0.17,0.69,4.15,41.67,0,,0,,0,0,0,0,,,0,,
I. Larios,Liga MX U409,2025/26,Juárez U21,Juárez U21,"RAMF, RW",23,1564,1,3.52,1,1.93,Mexico,4.32,4.43,58.44,2.36,29.27,0.52,0.68,0.12,1.21,1.59,0.86,2,0.12,0,0,4.32,0.06,1,0.06,0.2,0,0,25,1.44,48,4,0.06,2.76,29.17,5.41,51.06,11.68,37.93,2.65,1.73,0.35,15.82,1.9,1.15,22.38,74.04,5.01,62.07,5.35,94.62,6.85,73.95,0.86,26.67,17.9,19.92,0.11,1.21,0,0,0.06,100,0.52,2.3,60,2.7,40.43,0.17,66.67,0.63,0.75,3.74,73.85,0,,0,,0,0,0,0,,,0.06,,
G. Gil,Liga MX U410,2025/26,Querétaro U21,Querétaro U21,"LW, RW",23,501,1,0.85,0,0.55,Mexico,5.39,5.75,53.13,0.72,25,0,0,0.36,2.34,2.81,1.98,1,0.18,0,0,2.87,0.18,0,0,0.15,0,0,4,0.72,50,25,0,3.77,33.33,2.69,46.67,9.34,51.92,1.44,1.98,0.18,17.07,1.8,2.69,23.35,66.92,6.11,47.06,6.83,97.37,6.29,54.29,3.23,44.44,20.43,42.38,0.1,0.72,0,0,0,0,0.18,2.34,46.15,3.05,41.18,0.72,25,0.9,1.44,3.95,68.18,0,,0,,0,0,0,0,,,0.36,,
F. Peña,Liga MX U411,2025/26,Querétaro,Querétaro U21,"RW, LAMF, LW",25,169,0,0.19,1,0.28,Mexico,3.2,3.73,57.14,0.53,0,0,0,0,1.07,1.33,0,0,0,0,0,2.66,0,0,0,0.1,0,0,3,1.6,33.33,0,0.53,2.66,20,2.13,75,7.46,42.86,2.13,2.66,0,23.96,4.26,2.13,30.36,80.7,7.46,71.43,4.26,100,13.85,84.62,4.79,55.56,20.65,33.66,0.15,1.6,0,0,0,0,0.53,4.26,50,2.66,40,0,0,2.13,0,3.2,100,0,,0,,0,0,0,0,,,0,,
Brandon Ordorica,Liga MX U412,2025/26,Club Tijuana U21,Club Tijuana U21,"RCMF, LCMF, CF",20,1285,4,2.02,1,1.33,Mexico,8.47,7.77,64.86,2.66,60.53,0.56,0.82,0.07,2.87,4.21,1.26,3,0.21,0,0,1.33,0.28,2,0.14,0.14,1,0.07,13,0.91,30.77,30.769,0.07,0.91,7.69,1.82,53.85,5.53,46.84,1.4,1.75,0.07,21.22,0.49,1.68,33.48,78.24,11.49,68.29,5.18,83.78,11.49,85.98,3.57,52.94,18.26,32.37,0.09,0.77,0,0,0,0,0.14,4.34,67.74,1.54,36.36,0.14,50,0.77,0.07,5.53,69.62,0,,0,,0,0,0,0,,,0.14,,
Sebastián Cervantes,Liga MX U413,2025/26,Dorados,Club Tijuana U21,"LB, LW",19,1030,3,1.17,0,0.75,Mexico,10.4,6.99,60,5.42,54.84,0.7,0.92,0.17,5.5,7.24,1.31,1,0.09,0,0,2.88,0.26,3,0.26,0.1,1,0.09,14,1.22,35.71,21.429,0,3.23,37.84,2.01,60.87,5.5,46.03,1.75,1.66,0.17,22.28,2.01,0.87,36.61,74.7,15.2,69.54,6.9,92.41,9.7,69.37,6.73,48.05,22.21,35.14,0.07,0.87,0,0,0,0,0.52,6.99,66.25,3.84,40.91,0.61,14.29,0.61,1.49,10.83,73.39,0,,0,,0,0,0,0,,,1.05,,
Germán Padilla,Liga MX U414,2025/26,Club Tijuana U21,Club Tijuana U21,"LCMF, DMF, RCMF",18,1584,0,0.05,0,0.26,Mexico,10.11,8.13,63.64,1.14,35,0.34,0.47,0.17,4.6,6.33,1.88,5,0.28,0,0,0.17,0,0,0,0,0,0,2,0.11,50,0,0,0.11,0,0.17,66.67,3.52,40.32,0.11,0.23,0,18.13,0.11,1.25,31.99,85.08,8.75,75.97,5.23,92.39,13.07,91.3,3.3,63.79,19.15,34.6,0.01,0.34,0,0,0,0,0,3.86,73.53,0.45,62.5,0.17,100,0.28,0,5.23,58.7,0,,0,,0,0,0,0,,,0.74,,
J. Meza,Liga MX U415,2025/26,Cruz Azul U19,Cruz Azul U21,"LWB, LAMF, LCMF",19,170,0,0.24,1,0.17,Mexico,4.76,6.35,66.67,1.06,50,0.53,1.2,0,0,0,2.65,1,0.53,1,0.53,3.71,0,0,0,0.13,0,0,4,2.12,0,0,0.53,3.18,33.33,3.71,71.43,9,52.94,2.65,1.59,0,13.76,1.59,2.12,19.59,67.57,6.88,76.92,3.18,100,5.29,60,3.18,66.67,19.51,22.07,0.09,1.59,0.53,0,0,0,0,2.65,100,2.65,60,0,0,1.06,1.06,6.88,76.92,0,,0,,0,0,0,0,,,0.53,,
Emmanuel Sanchez,Liga MX U416,2025/26,Cruz Azul U21,Cruz Azul U21,"DMF, RCMF",20,1674,0,0.65,0,0.09,Mexico,6.77,5.54,67.96,1.77,42.42,0.27,0.43,0.22,2.74,4.4,1.34,2,0.11,0,0,0.48,0,0,0,0.03,0,0,12,0.65,16.67,0,0,0.43,50,0.27,60,3.12,31.03,0.22,0.54,0,24.3,0.05,0.7,35.38,85.26,9.46,71.02,6.24,96.55,15.43,89.2,4.19,61.54,20.65,37.9,0,0.22,0.05,0,0,0,0.11,4.78,68.54,0.75,28.57,0.43,37.5,0.16,0.16,5.48,66.67,0,,0,,0,0,0,0,,,1.45,,
M. Rodrigo Flores Quintero,Liga MX U417,2025/26,Club Tijuana Premier,Club Tijuana U21,RW,20,674,0,0.66,0,0.21,Mexico,4.14,4.27,50,1.87,57.14,0.13,0.19,0,1.87,2.71,1.47,1,0.13,0,0,5.47,0,0,0,0.09,0,0,10,1.34,10,0,0,4.01,23.33,9.88,44.59,18.43,39.13,3.2,3.87,0.53,13.62,1.74,2.54,19.76,65.54,6.28,63.83,3.74,89.29,6.14,45.65,0.8,16.67,17.26,10.99,0.03,0.4,0,0,0.27,0,0.27,2.27,47.06,2.94,22.73,0.4,0,0.53,0.93,3.34,72,0,,0,,0,0,0,0,,,0.13,,
D. Valdez,Liga MX U418,2025/26,Cruz Azul U19,Cruz Azul U21,"LB, LCMF",20,661,3,1.45,2,0.73,Mexico,4.22,3.81,53.57,1.36,30,0.27,0.38,0.14,1.91,2.69,0.82,2,0.27,0,0,1.36,0.41,3,0.41,0.2,1,0.14,4,0.54,75,75,0.27,1.36,10,1.63,50,5.31,28.21,1.91,2.31,0,21.38,2.31,0.41,27.1,80.4,5.17,52.63,7.9,93.1,10.08,81.08,1.36,60,17.97,16.65,0.1,1.09,0,0,0,0,0.41,3.27,54.17,1.09,50,0,0,0.95,0.27,3.68,81.48,0,,0,,0,0,0,0,,,0.41,,
Alejandro Gonzalez,Liga MX U419,2025/26,Cruz Azul U19,Cruz Azul U21,"RAMF, RW, AMF",19,175,2,0.84,0,0.11,Mexico,2.06,3.6,42.86,0.51,0,0,0,0,0.51,0.7,1.54,0,0,0,0,1.54,1.03,2,1.03,0.43,0,0,3,1.54,66.67,66.667,0,1.54,0,1.03,50,2.06,50,2.06,1.03,0,10.8,1.54,0.51,15.94,77.42,3.6,71.43,3.6,100,5.66,72.73,1.03,50,15.47,9.66,0.06,0.51,0,0,0,0,0.51,1.54,66.67,1.54,33.33,0,0,0.51,0.51,2.57,80,0,,0,,0,0,0,0,,,0,,
José Hernández,Liga MX U420,2025/26,Club Tijuana U21,Club Tijuana U21,"CF, RW, RB",20,1085,4,4.98,4,1.99,Mexico,5.14,4.98,58.33,2.82,23.53,0.17,0.23,0.08,2.07,2.88,1.24,2,0.17,0,0,3.4,0.33,2,0.17,0.41,1,0.08,27,2.24,48.15,14.815,0.33,1.16,42.86,3.48,52.38,9.54,34.78,2.49,1.99,0.83,14.93,1.74,1.66,20.24,81.56,5.56,76.12,6.14,91.89,4.65,76.79,1,50,15.87,13.56,0.17,0.83,0,0,0,0,0.5,1.74,80.95,1.08,61.54,0,0,0.91,0.5,2.74,69.7,0,,0,,0,0,0,0,,,0.17,,
O. Villarreal,Liga MX U421,2025/26,Club Tijuana U21,Club Tijuana U21,"RCMF, LCMF",19,809,0,0.42,0,1.43,Mexico,9.9,10.68,55.21,2,44.44,0.22,0.29,0.11,3.78,4.88,2.67,2,0.22,0,0,1.22,0,0,0,0.05,0,0,4,0.44,25,0,0,0.89,50,1.11,60,2.89,38.46,0.56,0.33,0,14.35,0.22,0.22,29.93,80.67,10.01,66.67,4.12,91.89,12.57,88.5,3.56,50,19.78,26.8,0.16,1,0,0,0,0,0.44,4.45,65,0.67,83.33,0,0,0.22,0.44,4.89,61.36,0,,0,,0,0,0,0,,,0.89,,
P. Muñoz Bagazuma,Liga MX U422,2025/26,Club Tijuana U21,Club Tijuana U21,"RCMF, LCMF",20,1118,0,0.21,1,0.74,Mexico,6.36,5.88,58.9,2.25,53.57,0.56,0.8,0.16,2.33,3.31,1.37,3,0.24,0,0,1.21,0,0,0,0.02,0,0,3,0.24,33.33,0,0.08,0.24,66.67,1.61,60,8.13,39.6,0.89,0.64,0.08,16.42,0.4,1.77,27.69,84.59,8.94,75.68,4.43,90.91,8.53,92.45,1.13,35.71,13.92,8.85,0.06,0.64,0,0,0,0,0.24,3.14,84.62,0.89,63.64,0.16,50,0.72,0.16,3.46,55.81,0,,0,,0,0,0,0,,,0.08,,
J. Usma,Liga MX U423,2025/26,Club Tijuana U21,Club Tijuana U21,"CF, LCMF",20,369,0,0.83,0,0.52,Ecuador,4.15,4.15,70.59,1.71,0,0,0,0,1.22,1.81,0.98,0,0,0,0,1.22,0,0,0,0.2,0,0,8,1.95,37.5,0,0,0.24,0,1.22,40,7.56,32.26,1.95,2.2,0.24,26.83,1.22,0.73,37.56,85.71,9.76,72.5,8.05,90.91,12.2,92,1.71,57.14,15,18.61,0.13,0.49,0,0,0,0,0.24,6.59,62.96,1.22,60,0,0,1.22,0,3.17,76.92,0,,0,,0,0,0,0,,,0.24,,
L. Farias,Liga MX U424,2025/26,Club Tijuana U21,Club Tijuana U21,"LW, RW",18,1453,2,2.92,2,1.76,Mexico,6.5,4.83,74.36,1.61,15.38,0.19,0.25,0.12,2.73,3.7,0.62,0,0,0,0,4.09,0.12,2,0.12,0.18,1,0.06,26,1.61,38.46,7.692,0.12,2.17,28.57,4.83,57.69,9.17,38.51,2.35,2.42,0.19,13.13,1.73,0.43,17.72,69.58,5.33,63.95,4.46,95.83,4.52,56.16,1.11,55.56,18.08,14.82,0.11,0.81,0,0,0.12,50,0.43,1.61,69.23,2.17,45.71,0.19,33.33,0.43,0.68,3.72,66.67,0,,0,,0,0,0,0,,,0,,
I. Ramírez,Liga MX U425,2025/26,Cruz Azul U19,Cruz Azul U21,"LCMF, LDMF",18,309,0,0.01,0,0,Mexico,9.32,8.45,62.07,2.04,42.86,1.17,1.56,0.29,2.91,3.9,2.33,2,0.58,0,0,0.29,0,0,0,0,0,0,1,0.29,0,0,0,0.29,0,0.29,100,5.24,22.22,0,0.58,0.29,16.31,0.29,1.17,27.38,77.66,8.16,50,7.28,96,8.74,90,5.83,30,23.05,37.54,0,0,0,0,0,0,0,4.08,64.29,0,0,0,0,0,0,4.37,46.67,0,,0,,0,0,0,0,,,0.87,,
R. Cárdenas,Liga MX U426,2025/26,Atlas U19,Atlas U21,"RAMF, RW",19,242,1,0.32,0,0,Mexico,5.58,5.95,56.25,1.12,0,0,0,0,2.23,3.4,1.86,1,0.37,0,0,1.12,0.37,1,0.37,0.12,0,0,4,1.49,50,25,0,1.12,0,0.37,100,4.83,7.69,0.74,0.37,0,17.11,1.49,0.37,23.06,72.58,8.93,83.33,5.58,80,4.83,53.85,1.12,33.33,18.51,21.62,0,0,0,0,0.37,0,0,3.35,66.67,1.86,40,0.37,0,0.37,0,4.09,72.73,0,,0,,0,0,0,0,,,0,,
A. Beas,Liga MX U427,2025/26,Atlas U21,Atlas U21,"RCMF, AMF, LCMF",20,625,1,0.98,0,0.19,Mexico,6.34,5.9,58.54,1.15,50,0.86,1.37,0,2.02,3.21,1.01,1,0.14,0,0,0.43,0.14,1,0.14,0.14,0,0,10,1.44,30,10,0,0.72,0,0.72,0,5.62,43.59,0.86,0.58,0,21.17,0.72,2.74,29.52,81.46,6.77,57.45,6.77,93.62,10.08,91.43,2.16,46.67,19.24,23.51,0.03,0.58,0,0,0,0,0.29,3.6,52,0.58,0,0.29,0,0.14,0,3.46,54.17,0,,0,,0,0,0,0,,,1.01,,
I. Dominguez,Liga MX U428,2025/26,Atlético de San Luis U21,Atlético de San Luis U21,"RW, LCMF, RCMF",20,267,0,0.36,0,0.24,Mexico,7.42,10.45,61.29,4.72,50,0.67,1.22,0,0.34,0.61,1.69,2,0.67,0,0,2.7,0,0,0,0.12,0,0,1,0.34,0,0,0,0,0,5.39,50,15.17,42.22,1.01,2.7,0,15.17,0.67,3.37,20.56,83.61,7.08,76.19,4.38,92.31,7.08,85.71,0.34,0,13.45,5.1,0.08,0.67,0,0,0,0,0.34,3.71,72.73,1.35,75,0,0,1.69,0,3.03,77.78,0,,0,,0,0,0,0,,,0,,
Luis Mendoza,Liga MX U429,2025/26,América U19,América U21,LB,19,200,0,0.16,0,0.09,Panama,10.35,11.7,61.54,1.35,100,1.35,1.96,0,1.8,2.61,1.8,0,0,0,0,0.9,0,0,0,0.07,0,0,1,0.45,100,0,0,1.35,0,0.45,100,2.7,50,0.9,0.9,0.45,21.15,1.8,0.9,27.45,73.77,9,60,3.6,87.5,11.25,80,3.15,28.57,18.83,18.39,0.04,0.9,0,0,0,0,0,4.05,55.56,1.8,25,0.45,0,0.45,0,5.4,83.33,0,,0,,0,0,0,0,,,0,,
João Lourenço,Liga MX U430,2025/26,Atlético de San Luis U21,Atlético de San Luis U21,"RW, LW",20,322,2,0.41,0,0.12,Brazil,5.87,5.87,71.43,1.4,20,0,0,0,1.68,3.05,1.4,2,0.56,0,0,5.31,0.56,2,0.56,0.12,0,0,6,1.68,66.67,33.333,0,2.24,0,7.27,57.69,17.89,42.19,2.8,3.63,1.12,17.89,0.84,2.52,21.52,72.73,4.19,66.67,6.71,87.5,5.03,77.78,0.84,66.67,20.84,7.38,0.03,0.56,0,0,0,0,0.28,2.52,100,1.68,50,0.28,100,1.12,0.28,3.07,72.73,0,,0,,0,0,0,0,,,0,,
L. Gamboa,Liga MX U431,2025/26,Atlas U21,Atlas U21,"RAMF, CF, LAMF",17,473,4,1.08,1,0.4,Mexico,5.33,3.04,75,1.33,42.86,0.95,1.39,0,2.09,3.06,0.95,1,0.19,0,0,3.23,0.76,4,0.76,0.21,0,0,13,2.47,46.15,30.769,0.19,2.28,50,2.47,38.46,7.99,35.71,3.04,2.09,0.19,21.12,2.85,1.14,22.26,75.21,3.81,60,4.95,88.46,10.47,78.18,2.09,54.55,19.51,30.32,0.08,0.76,0,0,0,0,0.19,1.71,66.67,2.66,50,0.19,0,0.76,0.95,2.85,86.67,0,,0,,0,0,0,0,,,0,,
P. Ramírez,Liga MX U432,2025/26,Atlas,Atlas U21,"AMF, LCMF",23,252,0,0.16,1,0,Mexico,7.5,5.36,60,2.5,57.14,1.07,1.38,0,3.21,4.15,1.07,1,0.36,0,0,0.71,0,0,0,0.06,0,0,3,1.07,33.33,0,0.36,1.07,0,0.36,100,6.43,44.44,1.07,1.07,0,19.64,0.71,1.07,31.43,82.95,9.29,76.92,3.57,90,13.93,84.62,2.14,83.33,19.77,41.26,0,0,0,0,0,0,0.36,4.29,100,1.07,0,0.36,100,0,0,4.64,69.23,0,,0,,0,0,0,0,,,0,,
G. Lara,Liga MX U433,2025/26,América U19,Atlas U21,"AMF, RW, RCMF",20,410,0,0.05,0,0.06,Mexico,6.59,6.59,53.33,0.66,0,1.1,1.69,0,1.98,3.03,2.2,2,0.44,0,0,1.1,0,0,0,0.01,0,0,2,0.44,0,0,0,0.66,33.33,1.98,44.44,7.46,23.53,0.66,2.41,0.66,25.68,3.29,0.66,32.93,75.33,8.78,67.5,5.27,91.67,9.66,70.45,2.41,63.64,15.6,19.02,0.01,0.44,0,0,0.22,0,0,5.27,45.83,1.54,57.14,0.44,0,0.66,0,5.05,52.17,0,,0,,0,0,0,0,,,0,,
Á. Sevilla,Liga MX U434,2025/26,Puebla U19,Atlas U21,"RWB, RB, RAMF",20,502,1,0.37,2,0.22,Mexico,7.35,6.45,63.89,1.61,44.44,0.18,0.31,0,3.05,5.31,1.43,0,0,0,0,1.25,0.18,1,0.18,0.07,0,0,4,0.72,50,25,0.36,2.15,41.67,0.72,0,6.63,35.14,1.25,1.61,0,23.13,2.69,1.97,28.51,76.1,9.32,63.46,5.2,96.55,9.32,76.92,1.79,30,18.11,12.69,0.04,0.54,0,0.18,0,0,0.72,4.48,64,2.51,57.14,0.18,0,0.9,0.72,5.92,78.79,0,,0,,0,0,0,0,,,0.72,,
D. Trejo,Liga MX U435,2025/26,Atlas U21,Atlas U21,"LCMF, DMF, RCMF",20,1196,1,0.24,1,0.48,Mexico,11.89,9.41,67.2,0.83,90.91,1.51,2.32,0.15,4.06,6.25,1.73,3,0.23,0,0,0.83,0.08,1,0.08,0.02,0,0,4,0.3,25,25,0.08,0.08,0,1.35,50,4.21,48.21,0.15,1.13,0.15,26.41,0.3,1.05,40.18,83.71,13.85,69.02,6.25,98.8,15.13,91.54,4.82,53.13,18.9,30.5,0.04,0.6,0,0,0.08,100,0.08,6.4,67.06,1.05,21.43,0.38,60,0.23,0,7.45,68.69,0,,0,,0,0,0,0,,,1.73,,
Fidel Barajas,Liga MX U436,2025/26,Atlético de San Luis,Atlético de San Luis U21,"RWF, RW, RCMF",20,383,0,0.42,0,0.42,United States,5.4,4.46,57.89,1.17,20,0.47,0.7,0,2.35,3.49,0.7,0,0,0,0,3.05,0,0,0,0.1,0,0,10,2.35,10,0,0,2.82,33.33,4.46,42.11,10.57,28.89,1.64,3.05,0.23,15.74,0.94,0.7,21.85,79.57,4.93,76.19,5.64,100,7.28,64.52,1.17,20,17.96,25.32,0.1,0.47,0,0,0.23,0,0,1.41,50,3.05,38.46,0.23,0,0.94,0.94,2.82,66.67,0,,0,,0,0,0,0,,,0.23,,
L. Arroyo,Liga MX U437,2025/26,Atlas U21,Atlas U21,"LAMF, LW",22,1662,6,5.41,1,1.31,Colombia,4.22,3.47,57.81,0.7,30.77,0.05,0.08,0.11,2.17,3.14,1.19,3,0.16,0,0,3.79,0.32,5,0.27,0.29,0,0,40,2.17,40,15,0.05,0.97,16.67,5.04,53.76,15.81,41.44,3.14,2.92,0.22,13.21,2.44,2.55,16.3,81.73,2.27,66.67,4.39,87.65,5.42,89,0.76,85.71,16.02,18.27,0.07,0.87,0.05,0.05,0.11,50,0.38,1.41,80.77,1.08,50,0.11,0,0.6,0.27,2.33,74.42,0,,0,,0,0,0,0,,,0.11,,
Bruno Gómez,Liga MX U438,2025/26,Atlético de San Luis U21,Atlético de San Luis U21,"RCMF, AMF, DMF",19,341,1,0.48,1,0.15,Mexico,8.45,7.65,62.07,2.38,66.67,0.26,0.42,0.26,3.43,5.42,2.9,2,0.53,0,0,1.58,0.26,1,0.26,0.13,0,0,5,1.32,40,20,0.26,0.79,33.33,0.79,100,5.28,60,1.06,1.06,0,15.57,0.53,1.32,26.39,79,7.39,64.29,6.33,91.67,9.24,77.14,2.38,22.22,17.65,22.92,0.04,0.79,0,0,0,0,0.53,3.17,66.67,0.26,100,0,0,0.26,0.26,2.38,88.89,0,,0,,0,0,0,0,,,0.53,,
G. Gómez,Liga MX U439,2025/26,Atlas U21,Atlas U21,"AMF, LCMF",20,447,0,0.33,0,0.52,Mexico,4.63,4.03,45,1.41,28.57,0.81,1.45,0,2.01,3.61,2.21,2,0.4,0,0,0.6,0,0,0,0.07,0,0,5,1.01,40,0,0,0.4,0,0.2,100,5.23,50,0.6,0.2,0,24.36,1.21,2.82,28.39,82.27,5.84,65.52,7.65,92.11,9.87,89.8,2.62,76.92,19.48,23.19,0.1,1.01,0,0,0,0,0.2,3.42,76.47,2.01,30,0.2,0,0.6,0,4.03,75,0,,0,,0,0,0,0,,,0.4,,
L. Suárez,Liga MX U440,2025/26,Atlas U21,Atlas U21,"RAMF, RW",20,1674,5,1.73,1,0.73,Mexico,8.49,6.67,58.06,1.29,41.67,1.24,1.84,0,3.39,5.05,1.08,5,0.27,1,0.05,4.25,0.27,5,0.27,0.09,0,0,30,1.61,33.33,16.667,0.05,2.04,23.68,5.16,57.29,15.38,46.15,0.7,1.61,0.05,20.59,2.04,4.46,30.38,68.14,10.59,57.36,6.02,83.93,8.6,68.75,5.32,54.55,19.12,30.52,0.04,0.38,0.05,0,0.32,83.33,0.27,5.16,55.21,3.66,41.18,1.56,51.72,0.97,0.59,7.2,70.15,0,,0,,0,0,0,0,,,0.32,,
K. Silva,Liga MX U441,2025/26,Atlas U21,Atlas U21,"RAMF, AMF, LAMF",20,165,0,0.23,0,0,Mexico,5.45,6,36.36,2.18,0,0.55,0.88,0,2.73,4.41,1.09,0,0,0,0,0,0,0,0,0.12,0,0,1,0.55,0,0,0,0.55,0,0,0,3.82,0,0.55,1.64,1.09,17.45,0.55,0.55,21.82,90,2.73,80,8.73,100,4.36,87.5,1.64,66.67,12.21,10.32,0,0,0,0,0,0,0,1.09,50,0,0,0,0,0.55,0,1.64,100,0,,0,,0,0,0,0,,,1.64,,
B. Ege,Liga MX U442,2025/26,Querétaro U21,Querétaro U21,"LB, LW, RWB",20,576,1,1.68,0,0.14,Ghana,10.31,7.34,55.32,2.03,61.54,0.94,1.15,0,5.31,6.5,2.19,3,0.47,1,0.16,4.06,0.16,0,0,0.26,0,0,14,2.19,50,7.143,0,2.34,20,3.28,71.43,8.28,49.06,2.34,3.91,1.41,19.69,1.72,1.09,31.56,75.25,10.31,62.12,8.44,96.3,7.5,68.75,2.19,35.71,18.14,31.58,0.02,0.31,0.16,0,0.31,50,0.47,2.34,60,2.19,42.86,0.31,50,0.63,0.63,5.31,61.76,0,,0,,0,0,0,0,,,0.31,,
L. Manzanera,Liga MX U443,2025/26,Querétaro U21,Querétaro U21,"LW, LAMF, LCMF",,269,0,0.06,0,0.36,Mexico,6.02,6.69,55,2.68,37.5,0,0,0,2.34,3.33,1.34,0,0,0,0,6.02,0,0,0,0.02,0,0,3,1,33.33,0,0,5.35,37.5,4.68,78.57,10.04,53.33,3.35,4.01,0.67,13.72,1.67,1,21.75,67.69,3.01,55.56,5.02,86.67,7.03,52.38,0.33,0,16.33,4.62,0.12,1,0,0,0,0,1,1,0,4.68,50,0.33,0,1,2.01,3.35,80,0,,0,,0,0,0,0,,,0,,
F. Leventis,Liga MX U444,2025/26,Juárez U21,Juárez U21,"RCMF, DMF, CF",19,973,0,0.94,2,0.17,Nigeria,10.82,9.06,65.31,1.66,50,0.46,0.6,0.46,4.44,5.78,2.13,2,0.18,0,0,1.76,0,0,0,0.09,0,0,9,0.83,33.33,0,0.18,0.55,66.67,2.4,42.31,11.84,36.72,1.02,1.76,0.46,16.83,0.55,1.48,29.23,77.22,10.17,65.45,4.25,93.48,9.06,86.73,3.24,54.29,19.03,27.94,0.02,0.18,0,0.09,0.09,100,0.28,3.61,69.23,1.02,36.36,0.18,50,0.18,0.28,5.83,61.9,0,,0,,0,0,0,0,,,0.37,,
J. Hernández De León,Liga MX U445,2025/26,Juárez U17,Juárez U21,"CF, LW",17,253,0,0,1,0.28,Mexico,7.83,8.54,45.83,6.76,26.32,2.13,2.86,0.36,1.78,2.38,2.85,0,0,0,0,1.78,0,0,0,0,0,0,1,0.36,0,0,0.36,0.71,100,2.13,50,7.11,25,1.07,0,0,4.62,0.71,1.07,11.03,77.42,2.13,33.33,5.34,93.33,1.78,80,0.71,50,12.24,21.8,0.1,0.36,0,0,0,0,0.36,1.07,33.33,0,0,0,0,0.36,0.36,0.71,50,0,,0,,0,0,0,0,,,0,,
Pablo Villanueva,Liga MX U446,2025/26,Juárez U21,Juárez U21,"LB, LCMF",21,2200,1,1.52,0,0.91,United States,8.02,7.24,60.45,2.09,43.14,0.74,0.95,0.29,2.9,3.74,1.47,7,0.29,0,0,1.47,0.04,1,0.04,0.06,0,0,23,0.94,34.78,4.348,0,1.15,25,1.76,48.84,6.14,38,0.41,0.82,0.08,14.93,0.74,1.43,24.42,78.06,10.02,68.98,5.73,96.43,6.42,78.34,3.68,48.89,21.08,34.45,0.04,0.29,0,0,0,0,0.16,4.3,70.48,1.39,35.29,0.25,33.33,0.2,0.41,5.36,66.41,0,,0,,0,0,0,0,,,0.29,,
V. Murillo,Liga MX U447,2025/26,Juárez U21,Juárez U21,"LAMF, LW, CF",20,1401,4,4.03,1,1.42,United States,6.23,5.91,60.87,1.22,26.32,0.64,0.81,0.06,1.99,2.51,1.48,3,0.19,0,0,3.21,0.26,4,0.26,0.26,1,0.06,27,1.73,40.74,14.815,0.06,2.83,36.36,2.44,60.53,7.58,44.07,1.73,0.96,0,11.05,1.73,1.48,15.87,63.56,4.69,56.16,3.73,87.93,4.95,57.14,1.73,37.04,20.78,21.88,0.09,0.71,0,0,0,0,0.26,2.12,48.48,2.89,37.78,0.19,0,0.45,0.96,4.3,64.18,0,,0,,0,0,0,0,,,0,,
C. Valdivia Carrillo,Liga MX U448,2025/26,Cruz Azul U21,Cruz Azul U21,"LCMF, LW, LAMF",20,1971,5,3.39,1,2.46,Mexico,4.2,4.2,59.78,1.28,14.29,0.46,0.75,0,1.23,2.03,1,1,0.05,0,0,2.92,0.23,5,0.23,0.15,0,0,31,1.42,35.48,16.129,0.05,1.32,24.14,3.38,59.46,9.77,39.72,1.32,2.28,0.5,17.12,1.05,1.14,21.83,79.29,4.43,59.79,5.71,93.6,7.9,79.77,1.42,45.16,18.74,19.02,0.11,1,0.05,0,0.18,50,0.46,2.1,69.57,1.92,42.86,0.18,50,0.73,0.32,2.69,69.49,0,,0,,0,0,0,0,,,0.23,,
K. Martínez,Liga MX U449,2025/26,Juárez U21,Juárez U21,"RCMF, RDMF",18,1424,1,1.66,0,0.56,Mexico,6.26,6.32,61,1.9,40,0.38,0.49,0.13,2.02,2.62,1.77,5,0.32,0,0,1.2,0.06,1,0.06,0.1,0,0,11,0.7,45.45,9.091,0,0.57,44.44,1.9,33.33,5.18,28.05,1.01,0.88,0.13,17.63,0.76,0.82,26.1,78.93,8.28,64.12,5.5,91.95,8.34,87.88,3.67,43.1,19.77,30.62,0.04,0.51,0,0,0,0,0.25,3.98,63.49,0.88,64.29,0.13,0,0.32,0.19,4.61,67.12,0,,0,,0,0,0,0,,,0.51,,
X. Madrigal,Liga MX U450,2025/26,Juárez U21,Juárez U21,"DMF, RDMF, LDMF",20,369,0,0.13,0,0,United States,11.95,8.78,55.56,1.95,25,1.71,2.14,0.24,5.37,6.73,2.93,4,0.98,0,0,0.24,0,0,0,0.03,0,0,2,0.49,0,0,0,0.24,0,0.49,50,2.2,88.89,0.24,0,0,12.68,0.24,2.2,21.22,83.91,6.59,74.07,2.93,100,9.76,90,1.95,62.5,21.18,19.96,0,0,0,0,0,0,0,3.17,84.62,0,0,0,0,0,0,3.66,66.67,0,,0,,0,0,0,0,,,0.49,,
M. Casillas,Liga MX U451,2025/26,Querétaro U21,Querétaro U21,"DMF, RCMF",20,693,0,0.17,0,0.78,Mexico,6.36,5.06,61.54,0.78,33.33,0.52,0.69,0,2.73,3.6,1.04,3,0.39,0,0,1.04,0,0,0,0.02,0,0,2,0.26,50,0,0,0.39,100,0.91,42.86,4.42,29.41,0.13,0.91,0,28.96,0,0.52,43.38,89.22,15.84,81.15,5.32,95.12,16.36,95.24,3.12,54.17,16.27,28.07,0.1,1.56,0.13,0,0.13,100,0.26,4.42,70.59,0.91,85.71,0.78,50,0.52,0.39,6.36,63.27,0,,0,,0,0,0,0,,,0.52,,
B. Gamboa,Liga MX U452,2025/26,Cruz Azul,Cruz Azul U21,"CF, RW, LW",24,390,2,0.67,2,0.98,Mexico,1.62,1.15,40,1.85,25,0,0,0,1.15,1.65,1.15,1,0.23,0,0,2.31,0.46,2,0.46,0.16,1,0.23,6,1.38,50,33.333,0.46,1.85,25,3.46,33.33,9.69,23.81,4.15,2.08,0,14.54,1.38,0.92,20.08,77.01,3.23,71.43,6.23,77.78,5.77,80,0.69,33.33,19.02,15.29,0.23,1.15,0,0,0,0,0.69,1.15,100,0.46,0,0,0,0.69,0.46,1.85,37.5,0,,0,,0,0,0,0,,,0,,
Christopher Aquino,Liga MX U453,2025/26,Colorado Rapids II,Juárez U21,"CF, AMF, LW",20,159,0,0.13,0,0,United States,6.23,4.53,50,2.26,25,0.57,0.81,0.57,3.4,4.86,0.57,0,0,0,0,1.7,0,0,0,0.07,0,0,2,1.13,50,0,0,1.13,0,1.7,66.67,5.66,40,0.57,1.13,0,10.19,0.57,0,15.85,67.86,5.09,44.44,2.83,100,6.23,63.64,2.26,50,18.26,6.2,0,0,0,0,0,0,0,1.7,0,2.26,0,0.57,0,0.57,0,0.57,100,0,,0,,0,0,0,0,,,0,,
J. Arellano,Liga MX U454,2025/26,Querétaro U21,Querétaro U21,"RCMF, LCMF",21,1874,2,1.51,2,1.21,Mexico,5.81,4.61,57.29,1.06,36.36,0.48,0.6,0,2.69,3.37,1.06,4,0.19,0,0,1.54,0.1,2,0.1,0.07,0,0,28,1.34,28.57,7.143,0.1,0.72,20,1.87,51.28,5.04,44.76,0.91,1.39,0.14,22.96,0.86,0.77,34.82,85.79,9.36,69.74,6.34,96.21,13.3,91.7,3.55,59.46,18.83,33.85,0.06,0.58,0.1,0.05,0.19,25,0.19,4.56,71.58,1.1,39.13,0.38,25,0.43,0.19,5.23,68.81,0,,0,,0,0,0,0,,,0.1,,
E. López,Liga MX U455,2025/26,Juárez U19,Juárez U21,LB,20,182,0,0,0,0.23,Mexico,2.47,2.97,0,1.98,50,0,0,0,2.47,4.17,1.98,1,0.49,1,0.49,2.97,0,0,0,0,0,0,0,0,0,0,0,5.44,27.27,2.97,50,4.95,70,1.48,1.48,0,20.77,0.99,1.48,35.11,74.65,13.85,78.57,2.47,100,13.85,71.43,5.44,63.64,22.99,35.04,0.11,0.49,0,0,0.49,0,0.49,5.93,50,4.45,33.33,0.49,0,0.49,1.98,5.93,91.67,0,,0,,0,0,0,0,,,0.99,,
B. Molina,Liga MX U456,2025/26,Juárez U19,Juárez U21,"LAMF, LW",19,802,1,2.3,1,1.03,Mexico,4.83,6.28,44.64,1.46,30.77,0.22,0.33,0,1.8,2.65,2.24,3,0.34,1,0.11,4.38,0.11,1,0.11,0.26,0,0,14,1.57,50,7.143,0.11,3.48,41.94,3.82,55.88,7.18,43.75,2.47,2.24,0.22,14.93,2.13,1.23,21.32,72.63,5.95,69.81,4.38,89.74,6.85,68.85,2.13,73.68,21.42,29.53,0.12,0.79,0,0,0,0,0.34,2.81,84,2.69,50,0,0,0.79,1.57,5.05,73.33,0,,0,,0,0,0,0,,,0.22,,
Victor Velazquez,Liga MX U457,2025/26,Cruz Azul U21,Cruz Azul U21,"CF, LW",20,784,1,1.12,0,0,Mexico,3.1,1.95,47.06,1.15,0,0.57,1.02,0,1.61,2.86,0.8,1,0.11,0,0,0.8,0.11,1,0.11,0.13,0,0,10,1.15,40,10,0,1.03,11.11,0.69,33.33,4.36,13.16,1.61,0.57,0.23,7.35,1.15,0.23,8.49,68.92,1.03,55.56,2.87,84,2.53,63.64,0.11,100,15.97,2.93,0,0,0.11,0,0,0,0,0.34,33.33,0.57,20,0,0,0,0.11,0.57,60,0,,0,,0,0,0,0,,,0,,
J. Valle,Liga MX U458,2025/26,América U19,América U21,"RW, LW, CF",20,357,0,0.48,0,0.59,Mexico,4.79,6.3,48,2.27,22.22,0.5,0.98,0,1.26,2.46,3.28,1,0.25,0,0,5.55,0,0,0,0.12,0,0,5,1.26,20,0,0,4.03,12.5,6.81,70.37,16.13,50,1.76,2.02,0.25,18.66,1.26,2.52,29.24,69.83,6.81,59.26,6.05,91.67,8.82,60,2.77,45.45,17.56,18.14,0.15,2.02,0.5,0,0,0,0,5.04,65,2.52,20,1.26,40,0.25,0.25,3.28,76.92,0,,0,,0,0,0,0,,,0.25,,
D. Jiménez,Liga MX U459,2025/26,América U21,América U21,"LW, LCMF, RW",19,1044,2,0.57,0,0.36,Mexico,6.21,6.72,53.85,1.64,26.32,0,0,0.09,2.59,4.17,1.72,2,0.17,0,0,1.72,0.17,2,0.17,0.05,0,0,11,0.95,27.27,18.182,0,0.6,14.29,3.02,45.71,9.05,38.1,0.78,3.45,0.86,17.16,0.69,1.29,25.09,81.1,4.57,52.83,8.19,94.74,7.93,83.7,1.47,47.06,17.18,26.5,0.03,0.78,0,0,0.09,0,0.17,2.59,50,1.03,16.67,0.17,50,0.43,0.09,2.41,46.43,0,,0,,0,0,0,0,,,0.09,,
S. Vallejo,Liga MX U460,2025/26,América U21,América U21,"CB, RCMF, RCB",21,567,0,0,0,0,Mexico,8.41,8.41,39.62,2.38,60,0.95,1.23,0.16,4.13,5.34,3.33,5,0.79,1,0.16,0.16,0,0,0,0,0,0,0,0,0,0,0,0,0,0.16,100,1.27,37.5,0,0.48,0,25.71,0.48,0.16,36.67,85.71,13.65,72.09,2.22,100,18.25,93.04,4.6,55.17,21.03,30.22,0,0,0,0,0,0,0,4.44,67.86,0.16,0,0,0,0,0,6.67,69.05,0,,0,,0,0,0,0,,,0.95,,
R. Orquin,Liga MX U461,2025/26,América,América U21,"LB, LWB",23,202,0,0.11,0,0.17,United States,3.56,4.01,55.56,1.34,66.67,0,0,0.45,1.34,2.81,0.45,0,0,0,0,4.9,0,0,0,0.05,0,0,1,0.45,0,0,0,6.68,40,3.56,62.5,11.58,34.62,3.56,6.24,0,26.29,1.78,0.89,29.85,76.12,8.47,73.68,5.35,100,9.8,72.73,0.45,0,20.77,18.04,0.07,1.34,0,0,0,0,0.45,2.23,100,4.46,50,0,0,0,2.67,4.9,81.82,0,,0,,0,0,0,0,,,0,,
V. Lopez,Liga MX U462,2025/26,Querétaro U21,Querétaro U21,"RW, RAMF",,146,0,0.03,0,0,,4.93,3.7,33.33,1.85,66.67,1.23,1.15,0,2.47,2.31,0.62,0,0,0,0,1.23,0,0,0,0.02,0,0,4,2.47,0,0,0,0.62,0,2.47,50,4.93,62.5,0.62,2.47,0,22.19,0.62,1.85,32.67,77.36,12.33,65,6.78,81.82,9.25,93.33,3.7,50,18.3,42.25,0,0,0,0,0,0,0,4.32,71.43,1.85,33.33,0,0,0.62,0,5.55,77.78,0,,0,,0,0,0,0,,,0,,
C. Valencia Ramírez,Liga MX U463,2025/26,Monterrey U21,Monterrey U21,"LW, CF, RW",20,146,0,0.03,0,0.11,Mexico,4.32,6.16,50,0.62,0,0.62,0.79,0,0.62,0.79,2.47,1,0.62,0,0,3.08,0,0,0,0.02,0,0,2,1.23,50,0,0,1.23,0,6.16,40,12.95,33.33,1.85,3.08,0.62,17.26,1.85,0.62,20.34,75.76,4.32,57.14,6.16,100,6.16,60,0.62,0,14.61,10.3,0.07,0.62,0,0,0,0,0.62,3.08,60,3.08,60,0,0,1.85,0,3.7,66.67,0,,0,,0,0,0,0,,,0.62,,
A. De Nigris,Liga MX U464,2025/26,Monterrey U19,Monterrey U21,"CF, LW",17,246,0,1.14,1,0.22,Mexico,2.56,3.29,33.33,3.29,11.11,0,0,0.37,1.46,1.9,1.46,0,0,0,0,2.93,0,0,0,0.42,0,0,5,1.83,40,0,0.37,1.1,66.67,2.56,57.14,11.34,35.48,2.93,0.37,0,6.95,0.37,2.2,11.34,80.65,2.2,66.67,5.12,92.86,1.1,100,0.37,100,19.06,14.45,0.08,0.37,0,0,0,0,0.37,0.37,100,0.37,100,0,0,0,0.37,1.46,50,0,,0,,0,0,0,0,,,0,,
J. Hernández,Liga MX U465,2025/26,Club Tijuana U21,Club Tijuana U21,"CF, RW",20,884,4,4.97,3,1.49,Mexico,4.48,4.79,55.32,3.05,16.67,0.2,0.28,0,1.63,2.21,1.43,0,0,0,0,3.26,0.41,2,0.2,0.51,1,0.1,26,2.65,50,15.385,0.31,0.61,50,2.75,59.26,8.55,33.33,2.85,2.04,0.81,14.36,1.83,1.43,17.1,83.33,4.07,80,6.01,89.83,3.56,77.14,0.71,57.14,15.19,10.7,0.15,0.71,0,0,0,0,0.41,1.43,85.71,0.71,85.71,0,0,1.02,0.31,1.73,76.47,0,,0,,0,0,0,0,,,0,,
R. Gutiérrez,Liga MX U466,2025/26,Santos Laguna U19,Santos Laguna U21,LB,18,272,0,0.1,1,0.95,Mexico,6.62,8.27,64,2.32,28.57,0,0,0,1.32,1.97,1.32,1,0.33,0,0,1.99,0,0,0,0.03,0,0,2,0.66,50,0,0.33,3.31,40,1.32,25,4.3,38.46,0,1.99,0.33,19.19,2.98,1.32,28.13,63.53,13.9,42.86,4.3,100,7.28,72.73,5.29,25,20.72,32.38,0.31,1.65,0,0,0,0,0.99,8.27,40,3.64,27.27,0.66,0,0,0.99,8.27,64,0,,0,,0,0,0,0,,,0,,
O. Hernández,Liga MX U467,2025/26,Santos Laguna U21,Santos Laguna U21,"LAMF, RAMF, AMF",18,1778,3,2.21,2,1.24,Mexico,5.57,5.92,55.56,1.06,42.86,0.1,0.15,0.1,2.18,3.32,1.01,0,0,0,0,2.68,0.15,3,0.15,0.11,0,0,32,1.62,28.13,9.375,0.1,1.37,37.04,3.34,51.52,9.52,38.3,1.52,1.42,0.15,16.7,0.66,1.21,26.98,81.61,6.99,72.46,6.73,91.73,7.59,84,1.62,46.88,17.39,25.87,0.06,0.71,0.1,0,0.15,0,0.2,2.63,76.92,1.82,50,0.3,16.67,0.76,0.46,3.75,66.22,0,,0,,0,0,0,0,,,0.15,,
E. Garza,Liga MX U468,2025/26,Santos Laguna U19,Santos Laguna U21,RB,18,213,0,0.02,0,0,Mexico,10.99,10.14,70.83,2.11,60,0.85,1.46,0,2.96,5.12,2.54,1,0.42,1,0.42,2.11,0,0,0,0.01,0,0,1,0.42,100,0,0,2.54,0,1.69,100,9.3,50,1.27,1.27,0.42,16.48,1.69,5.07,27.89,63.64,12.25,51.72,5.07,83.33,6.76,75,5.07,33.33,21.22,29.83,0,0.42,0,0,0,0,0,5.49,53.85,1.69,0,0.42,100,0.42,0.42,6.34,66.67,0,,0,,0,0,0,0,,,1.27,,
Simeone,Liga MX U469,2025/26,Tigres UANL U21,Tigres UANL U21,"LCMF, AMF, RDMF",19,900,2,1.22,0,0.26,Brazil,8.1,8.1,66.67,1.4,50,0.5,0.82,0,2.2,3.61,1.8,4,0.4,0,0,1.6,0.2,2,0.2,0.12,0,0,8,0.8,25,25,0,0.6,33.33,2.2,50,8.7,45.98,0.8,2.1,0.2,31.8,0.7,2.6,41.1,85.64,12.4,77.42,5,98,17.8,90.45,4,62.5,18.5,30.68,0.03,0.7,0.2,0,0.2,50,0.1,8.3,80.72,1.3,46.15,0.3,0,0.5,0.2,5.8,87.93,0,,0,,0,0,0,0,,,0.7,,
A. González,Liga MX U470,2025/26,Santos Laguna U21,Santos Laguna U21,"CF, RAMF, LW",22,941,1,0.76,6,3.24,Colombia,7.56,7.36,66.23,3.06,28.13,0.57,0.99,0,2.1,3.65,2.49,6,0.57,0,0,3.44,0.1,1,0.1,0.07,0,0,9,0.86,33.33,11.111,0.57,2.49,34.62,4.3,51.11,10.14,46.23,1.82,3.44,0.29,13.01,2.1,2.49,20.47,74.77,5.93,66.13,3.63,92.11,6.31,78.79,1.43,40,14.99,16.46,0.31,2.01,0,0,0.1,100,1.53,2.77,62.07,2.68,46.43,0.38,50,1.72,0.77,3.25,88.24,0,,0,,0,0,0,0,,,0,,
D. Ramirez,Liga MX U471,2025/26,Tigres UANL U19,Tigres UANL U21,"CF, AMF",19,265,0,0.69,0,0.09,Mexico,3.4,3.4,70,5.09,33.33,0,0,0,1.02,2.14,1.02,1,0.34,0,0,1.7,0,0,0,0.23,0,0,11,3.74,18.18,0,0,1.36,25,3.06,22.22,8.15,29.17,2.04,0,0,16.64,1.36,1.02,21.4,68.25,6.45,73.68,2.38,85.71,6.79,55,2.38,57.14,14.67,18.54,0.03,0.68,0,0,0.34,0,0.34,3.4,60,2.72,37.5,0.34,0,0.68,0.34,2.38,71.43,0,,0,,0,0,0,0,,,0,,
L. Ibarra,Liga MX U472,2025/26,Necaxa,Necaxa U21,"LW, AMF, LAMF",19,589,1,1.54,1,0.85,Mexico,6.72,6.26,65.85,1.99,46.15,0.76,1.21,0.15,1.83,2.9,1.83,1,0.15,0,0,2.6,0.15,1,0.15,0.24,0,0,17,2.6,29.41,5.882,0.15,0.61,25,3.36,50,9.02,40.68,2.9,1.53,0.15,17.88,2.29,1.68,23.53,83.12,5.2,76.47,6.72,93.18,7.33,79.17,0.92,50,17.88,16.59,0.13,1.38,0,0,0,0,0.31,1.83,58.33,1.22,37.5,0,0,1.07,0,2.6,82.35,0,,0,,0,0,0,0,,,0.46,,
M. Reyes Nájera,Liga MX U473,2025/26,Santos Laguna U21,Santos Laguna U21,"CF, LW, RCMF",17,403,0,0.78,1,0.63,Mexico,4.24,2.9,76.92,7.15,46.88,0.45,0.65,0.22,1.56,2.26,0.67,0,0,0,0,2.46,0,0,0,0.17,0,0,9,2.01,44.44,0,0.22,0.89,25,2.23,60,7.59,35.29,2.46,2.01,0.67,9.83,3.13,1.34,13.62,67.21,4.02,55.56,3.57,87.5,3.35,53.33,0.67,66.67,19.73,15.98,0.14,0.45,0.22,0,0,0,0.22,2.01,55.56,1.34,33.33,0,0,0.45,0.22,1.56,85.71,0,,0,,0,0,0,0,,,0.22,,
M. Bustos,Liga MX U474,2025/26,Tigres UANL U21,Tigres UANL U21,"LWB, LW",21,524,1,1.76,2,0.56,Mexico,4.64,3.61,61.9,2.58,60,0,0,0,2.4,3.59,1.03,0,0,0,0,2.92,0.17,1,0.17,0.3,1,0.17,7,1.2,57.14,14.286,0.34,5.15,23.33,2.06,50,3.95,43.48,1.37,1.89,0.17,22.5,4.29,0.34,27.14,67.09,7.56,56.82,5.15,93.33,9.45,61.82,1.72,40,19.14,16.72,0.1,0.86,0,0,0,0,0.52,2.92,64.71,4.12,33.33,0.17,0,0.34,1.37,6.18,72.22,0,,0,,0,0,0,0,,,0.52,,
N. Cedillo,Liga MX U475,2025/26,Santos Laguna,Santos Laguna U21,"DMF, LCMF, RDMF",19,1619,2,1.25,0,1.29,Mexico,10.62,10.17,60.66,2.67,35.42,0.89,1.33,0.28,3.56,5.3,2.78,12,0.67,1,0.06,1.61,0.11,2,0.11,0.07,0,0,18,1,27.78,11.111,0,0.83,40,1.78,56.25,6.67,52.5,0.67,1.17,0.06,14.23,0.61,2.17,24.79,73.77,8.51,58.17,3,87.04,9.51,84.8,4.5,51.85,21.51,41.55,0.07,0.5,0,0.06,0,0,0.17,5.56,60,0.89,50,0.28,20,0.22,0.33,5.56,68,0,,0,,0,0,0,0,,,0.11,,
T. Jiménez,Liga MX U476,2025/26,Santos Laguna U21,Santos Laguna U21,"CF, AMF",20,887,2,3.35,1,0.66,Mexico,2.94,1.32,38.46,7.2,38.03,0,0,0.2,2.44,3.91,1.01,2,0.2,2,0.2,1.62,0.2,2,0.2,0.34,0,0,19,1.93,42.11,10.526,0.1,0.3,33.33,1.72,35.29,10.25,26.73,2.33,0.71,0,9.54,2.23,1.93,13.8,73.53,4.06,60,4.06,90,2.54,68,0.71,28.57,15.99,27.66,0.07,0.41,0,0,0.2,50,0.41,2.13,52.38,0.51,40,0.3,33.33,0.51,0.1,1.83,72.22,0,,0,,0,0,0,0,,,0,,
L. Gómez,Liga MX U477,2025/26,Santos Laguna U21,Santos Laguna U21,"AMF, CF",19,1181,0,1.54,3,1.34,Mexico,6.1,7.62,60,1.3,35.29,0.15,0.23,0.08,1.37,2.05,1.98,3,0.23,0,0,4.27,0,0,0,0.12,0,0,19,1.45,47.37,0,0.23,1.91,20,4.8,63.49,15.47,42.36,1.3,5.03,1.07,21.8,1.22,2.36,34.75,69.3,12.35,59.26,6.33,86.75,9.83,68.99,2.74,41.67,17.22,32.66,0.1,1.07,0,0,0.46,33.33,0.61,5.87,57.14,4.5,38.98,0.99,30.77,1.68,0.46,5.49,80.56,0,,0,,0,0,0,0,,,0.08,,
Isaias Galván,Liga MX U478,2025/26,Tigres UANL U21,Tigres UANL U21,"CF, AMF",21,2317,10,6.24,1,2.36,Mexico,4.23,4.27,55.45,2.72,30,0.08,0.13,0,1.79,2.96,1.63,1,0.04,0,0,2.14,0.39,10,0.39,0.24,4,0.16,44,1.71,54.55,22.727,0.04,0.89,30.43,1.55,60,8.47,41.74,3.42,1.83,0.43,20.78,1.71,2.02,29.72,84.18,4.23,62.39,9.56,92.68,10.33,87.59,1.17,53.33,16.15,20.51,0.09,1.13,0,0,0,0,0.23,2.06,77.36,1.17,60,0.04,0,1.28,0.19,2.25,60.34,0,,0,,0,0,0,0,,,0.19,,
G. González,Liga MX U479,2025/26,Tigres UANL U21,Tigres UANL U21,"RAMF, RW",20,1699,2,1.88,1,0.82,Mexico,5.56,4.18,73.42,1.11,28.57,0.05,0.09,0,2.44,4.18,0.69,2,0.11,0,0,2.86,0.11,2,0.11,0.1,0,0,28,1.48,25,7.143,0.05,2.38,44.44,3.66,39.13,7.84,33.11,2.12,2.01,0.48,25.32,1.59,0.64,31.94,81.76,7.58,70.63,10.97,91.3,7.68,85.52,1.54,65.52,18.67,29.32,0.04,0.74,0.16,0,0,0,0.37,1.85,77.14,2.28,60.47,0,0,0.79,0.9,4.82,68.13,0,,0,,0,0,0,0,,,0.26,,
M. Salinas,Liga MX U480,2025/26,Tigres UANL U21,Tigres UANL U21,"LCMF, RCMF, LDMF",20,467,0,0.35,0,0,Mexico,5.59,4.05,71.43,1.16,83.33,0.58,1,0.19,2.12,3.67,0.77,1,0.19,0,0,0.58,0,0,0,0.07,0,0,6,1.16,33.33,0,0,0.77,25,0.19,0,3.66,21.05,0.58,0.77,0.39,36.62,0.39,0.58,43.55,85.84,12.33,76.56,9.64,98,15.8,89.02,5.4,64.29,25.01,30.78,0,0,0,0,0,0,0,7.9,73.17,0.96,60,0.19,100,0.19,0,5.97,80.65,0,,0,,0,0,0,0,,,1.16,,
D. Sánchez,Liga MX U481,2025/26,Tigres UANL,Tigres UANL U21,"RWF, RW",21,180,0,0.35,0,0.12,Mexico,3.5,4.5,66.67,1.5,33.33,0,0,0,0.5,0.79,1,0,0,0,0,1.5,0,0,0,0.17,0,0,4,2,25,0,0,3,16.67,2.5,20,15,20,2.5,5,1.5,23,2.5,2,34,75,7,64.29,8,87.5,10.5,76.19,0.5,0,15.04,19.23,0.06,0.5,0,0,0,0,0,1.5,33.33,4,50,0,0,2,0.5,4,62.5,0,,0,,0,0,0,0,,,0,,
E. Villavicencio,Liga MX U482,2025/26,Tigres UANL U21,Tigres UANL U21,"LCMF, RDMF, RCMF",21,1203,0,0.23,1,0.24,Mexico,5.24,4.56,63.93,1.72,43.48,0.15,0.24,0.22,2.17,3.55,1.5,1,0.07,0,0,0.45,0,0,0,0.02,0,0,10,0.75,10,0,0.07,0.15,50,0.67,44.44,4.26,47.37,0.37,0.67,0,29.55,0.3,1.35,38.68,89.36,8,70.09,7.18,96.88,18.4,95.53,2.02,48.15,17.55,19.78,0.02,0.37,0,0.15,0.07,0,0.07,4.71,74.6,0.6,37.5,0.15,0,0,0.07,3.82,62.75,0,,0,,0,0,0,0,,,1.2,,
Isac Galván,Liga MX U483,2025/26,Tigres UANL U21,Tigres UANL U21,"LW, LAMF",21,2432,9,5.96,9,4.73,Mexico,5.22,4.33,62.39,2.96,40,0,0,0.04,2.52,4.15,0.52,1,0.04,0,0,4.44,0.33,9,0.33,0.22,1,0.04,44,1.63,56.82,20.455,0.33,3.29,28.09,4.74,54.69,9.84,42.86,3.81,2.81,0.19,22.5,2.7,0.85,32.08,80.39,6.99,71.96,8.99,93.83,8.96,75.62,0.89,41.67,16.76,22.59,0.18,1.37,0.07,0.04,0,0,0.74,1.52,82.93,3.18,55.81,0.04,100,1.78,0.89,3.7,80,0,,0,,0,0,0,0,,,0,,
J. Zapata,Liga MX U484,2025/26,Tigres UANL U21,Tigres UANL U21,"RCMF, DMF, LCMF",21,2179,2,1.37,2,1.49,Mexico,6.44,5.25,70.08,1.61,30.77,0.04,0.07,0.12,2.73,4.6,0.66,1,0.04,0,0,1.2,0.08,2,0.08,0.06,0,0,23,0.95,34.78,8.696,0.08,1.03,44,0.54,76.92,3.35,41.98,0.45,0.45,0,36.39,0.41,0.91,49.32,85.68,12.85,67.85,8.1,95.41,22.3,92.04,5.62,55.15,20.47,36.58,0.06,0.87,0.04,0.04,0.12,0,0.04,7.77,72.87,1.73,45.24,0.5,25,0.37,0.37,7.43,76.11,0,,0,,0,0,0,0,,,1.57,,
J. Ulloa,Liga MX U485,2025/26,Santos Laguna U21,Santos Laguna U21,"LAMF, LCMF, CF",20,808,1,1.14,1,0.54,Mexico,8.69,9.47,44.71,4.9,43.18,1.56,2.61,0.11,2.9,4.84,4.46,3,0.33,1,0.11,4.12,0.11,1,0.11,0.13,0,0,13,1.45,23.08,7.692,0.11,1.89,47.06,5.57,52,12.92,42.24,3.12,4.23,1.23,11.81,1.56,3.56,17.15,62.34,5.24,53.19,2.78,80,6.35,59.65,2.12,47.37,18.49,21.01,0.06,0.45,0,0.22,0,0,0.22,2.12,42.11,1.78,43.75,0.11,0,0.78,0.56,2.45,77.27,0,,0,,0,0,0,0,,,0.22,,
J. Sifuentes,Liga MX U486,2025/26,Santos Laguna U21,Santos Laguna U21,"DMF, RCB",20,220,0,0,0,0.25,Mexico,8.59,6.55,62.5,5.32,76.92,1.23,1.96,0,3.27,5.22,1.64,0,0,0,0,0.41,0,0,0,0,0,0,0,0,0,0,0,0.41,0,0.41,100,2.45,50,0.82,0,0,12.27,0,0.41,24.14,67.8,8.18,55,2.86,85.71,11.45,75,4.5,45.45,21.06,36.58,0.1,0.41,0,0,0,0,0,3.68,55.56,1.23,33.33,0.41,0,0.82,0,3.68,44.44,0,,0,,0,0,0,0,,,0.82,,
A. Martínez,Liga MX U487,2025/26,Santos Laguna U21,Santos Laguna U21,"DMF, RCMF, RAMF",21,1525,2,3.86,1,1.03,Mexico,8.14,6.85,61.21,1.83,32.26,0.06,0.09,0.12,3.9,5.79,1.12,3,0.18,0,0,1.83,0.12,2,0.12,0.23,0,0,40,2.36,35,5,0.06,0.71,41.67,1.83,38.71,5.67,35.42,0.83,1.77,0.18,15.29,0.65,0.77,25.91,72.21,9.56,59.26,4.37,90.54,7.91,79.85,4.19,43.66,20.21,34.43,0.06,1,0.06,0,0.12,0,0.35,4.6,47.44,1.77,43.33,0.77,23.08,0.83,0.24,4.72,65,0,,0,,0,0,0,0,,,0.41,,
C. Meléndez,Liga MX U488,2025/26,Santos Laguna U21,Santos Laguna U21,"RW, LW, RAMF",21,461,0,0.88,1,0.41,Mexico,7.22,6.25,68.75,2.54,30.77,0.59,0.91,0,2.34,3.64,0.98,0,0,0,0,2.54,0,0,0,0.17,0,0,7,1.37,42.86,0,0.2,1.95,30,2.73,50,12.49,39.06,2.34,1.17,0.39,12.89,0.78,2.73,19.13,73.47,4.69,79.17,4.1,100,5.08,61.54,1.17,50,13.28,22.15,0.08,0.78,0.2,0,0,0,0.39,1.95,50,1.76,55.56,0,0,0.78,0.39,2.54,84.62,0,,0,,0,0,0,0,,,0.2,,
O. Méndez,Liga MX U489,2025/26,Santos Laguna U21,Santos Laguna U21,"LAMF, RW, LCMF",21,525,0,0.23,0,0.1,Mexico,7.71,5.66,72.73,1.89,36.36,0.34,0.55,0.17,3.26,5.23,1.37,2,0.34,0,0,1.71,0,0,0,0.04,0,0,5,0.86,60,0,0,1.89,27.27,1.37,50,8.74,43.14,1.54,1.03,0.17,10.97,0.86,3.77,19.03,65.77,6.17,44.44,3.26,94.74,6.34,70.27,2.74,37.5,16.32,16.24,0.02,0.34,0,0,0,0,0.17,2.74,37.5,1.71,30,0.34,0,0,0.51,2.74,50,0,,0,,0,0,0,0,,,0.17,,
B. Parra,Liga MX U490,2025/26,Querétaro,Tigres UANL U21,"RDMF, RCMF",21,331,1,0.2,0,0.17,Mexico,5.17,2.99,63.64,2.18,37.5,0,0,0.54,3.26,5.63,0.82,1,0.27,0,0,1.09,0.27,1,0.27,0.05,0,0,5,1.36,20,20,0,0.27,100,0.54,100,3.53,30.77,0.54,0.54,0,42.69,0.27,0.54,57.92,93.43,16.04,88.14,6.8,92,30.18,98.2,2.72,80,18.95,29.23,0.05,0.54,0,0,0,0,0.27,8.97,84.85,0.54,100,0.54,100,0.54,0.27,7.34,96.3,0,,0,,0,0,0,0,,,0.54,,
F. Ordóñez,Liga MX U491,2025/26,Tigres UANL,Tigres UANL U21,"LCB, LW, LB",25,1216,0,0.06,0,0.85,Mexico,7.77,4.14,58.93,2.52,41.18,0.74,1.12,0.3,4.59,6.94,1.04,3,0.22,0,0,1.33,0,0,0,0,0,0,2,0.15,0,0,0,1.41,31.58,1.48,60,6.07,32.93,0.74,1.04,0.07,28.35,0.44,1.11,39.89,87.2,15.76,81.22,4.59,95.16,16.13,92.2,5.03,58.82,19.77,31.8,0.06,0.74,0.07,0,0,0,0.22,4.96,74.63,1.63,63.64,0.22,66.67,0.67,0.52,7.11,78.13,0,,0,,0,0,0,0,,,1.63,,
D. Ramírez,Liga MX U492,2025/26,Pumas UNAM U19,Pumas UNAM U21,"LCMF, DMF, RCMF",19,865,1,0.46,1,0.95,Mexico,8.12,6.55,57.14,1.56,53.33,0.21,0.27,0.21,4.16,5.38,1.25,2,0.21,0,0,1.87,0.1,1,0.1,0.05,0,0,9,0.94,44.44,11.111,0.1,0.21,50,1.87,66.67,8.12,41.03,0.62,1.04,0,36.83,0.21,1.35,53.69,91.47,13.63,85.5,10.61,94.12,19.04,95.08,2.6,72,15.67,27.78,0.1,0.73,0,0.1,0.31,33.33,0.62,4.58,81.82,1.14,72.73,0.31,33.33,0.83,0.1,4.99,79.17,0,,0,,0,0,0,0,,,0.94,,
J. Estrada,Liga MX U493,2025/26,Deportivo Toluca U19,Deportivo Toluca U21,"RW, LW",19,1220,2,2.81,6,4.92,Mexico,4.87,3.91,52.83,1.92,23.08,0.3,0.38,0.07,2.51,3.26,1.03,0,0,1,0.07,5.31,0.15,2,0.15,0.21,0,0,28,2.07,46.43,7.143,0.44,3.69,48,3.91,64.15,7.67,50,2.66,2.58,0.07,17.26,1.84,1.18,23.83,69.97,6.12,60.24,4.28,77.59,7.82,79.25,2.21,70,19.16,27.19,0.36,1.77,0.07,0,0.07,100,1.03,2.07,64.29,2.73,75.68,0.3,50,0.74,1.99,4.8,75.38,0,,0,,0,0,0,0,,,0.22,,
S. García Arriola,Liga MX U494,2025/26,Pumas UNAM U21,Pumas UNAM U21,"LW, RW, LAMF",19,1615,2,1.35,1,2.01,Mexico,7.24,7.86,60.28,1.23,13.64,0.22,0.3,0.22,2.28,3.04,1.95,2,0.11,0,0,1.89,0.11,2,0.11,0.08,0,0,18,1,33.33,11.111,0.06,1.11,30,2.4,48.84,9.64,30.06,1.28,1.73,0.11,21.18,1.62,1.17,29.26,74.48,9.14,65.24,6.02,87.96,8.92,76.88,2.73,61.22,17.8,30.89,0.11,1,0.06,0,0.11,50,0.28,4.4,69.62,2.17,41.03,0.45,25,0.78,0.45,5.41,69.07,0,,0,,0,0,0,0,,,0.06,,
J. Medrano,Liga MX U495,2025/26,Pumas UNAM U21,Pumas UNAM U21,"RCMF, DMF, LCMF",21,1087,0,0.08,1,0.91,Mexico,7.62,5.8,50,3.06,48.65,0.66,0.85,0.25,4.06,5.21,2.07,6,0.5,0,0,0.83,0,0,0,0.01,0,0,8,0.66,37.5,0,0.08,0.58,28.57,0.5,83.33,1.99,62.5,0,0.41,0,24.84,0.08,0.75,39.16,84.78,14.16,76.02,4.47,90.74,15.07,88.46,4.55,54.55,19.84,37.49,0.07,1.08,0,0,0,0,0.08,6.29,64.47,0.75,33.33,0.58,42.86,0.17,0.17,7.62,76.09,0,,0,,0,0,0,0,,,0.83,,
J. Arroyo,Liga MX U496,2025/26,Deportivo Toluca U21,Deportivo Toluca U21,"RW, RAMF",20,1257,3,1.83,3,4.04,Mexico,4.15,3.87,59.26,1.93,37.04,0.07,0.1,0,1.79,2.41,0.79,0,0,0,0,3.37,0.21,3,0.21,0.13,0,0,15,1.07,73.33,20,0.21,3.94,25.45,2.72,55.26,6.66,48.39,3.08,2.58,0.36,22.77,2.79,1.15,28.78,74.38,8.38,71.79,5.16,91.67,8.09,69.03,0.86,66.67,17.99,17.07,0.29,1.93,0.14,0,0.07,100,1,2.15,73.33,4.08,47.37,0,0,1.5,1.15,4.94,81.16,0,,0,,0,0,0,0,,,0.14,,
D. Reynoso,Liga MX U497,2025/26,Deportivo Toluca U21,Deportivo Toluca U21,"LCMF, LDMF, RCMF",21,240,0,0,0,0.56,Mexico,4.5,5.63,33.33,2.25,50,0,0,0,2.63,4.29,1.13,2,0.75,0,0,0.75,0,0,0,0,0,0,0,0,0,0,0,0.75,100,0.38,0,1.88,20,1.13,0.38,0,24,0.38,0.75,36.38,85.57,13.5,75,5.63,93.33,10.88,93.1,1.88,60,14.12,12.38,0.21,1.13,0,0,0,0,0,6.75,66.67,0.75,50,0.38,100,0.38,0.75,7.5,70,0,,0,,0,0,0,0,,,0.75,,
D. Moreno,Liga MX U498,2025/26,Deportivo Toluca U21,Deportivo Toluca U21,"LW, RW, RCMF",21,155,0,0.31,1,0.69,Mexico,1.74,1.74,33.33,0,0,0.58,1.03,0,0.58,1.03,1.16,0,0,0,0,2.32,0,0,0,0.18,0,0,1,0.58,0,0,0.58,4.06,42.86,1.16,0,3.48,33.33,2.9,0.58,0,26.13,1.16,0.58,36.58,73.02,7.55,69.23,8.71,73.33,14.52,68,4.06,14.29,15.38,15.8,0.4,2.9,0,0,0.58,100,1.74,3.48,66.67,4.65,50,1.16,50,2.32,1.74,5.23,66.67,0,,0,,0,0,0,0,,,0,,
E. González,Liga MX U499,2025/26,Deportivo Toluca U21,Deportivo Toluca U21,"RB, RWB",20,194,0,0,0,0.2,Mexico,8.81,8.81,68.42,1.39,0,0.46,0.58,0.46,2.32,2.88,0.93,0,0,0,0,3.25,0,0,0,0,0,0,1,0.46,0,0,0,3.71,50,2.32,60,5.1,81.82,0,0.93,0.46,18.56,1.86,3.25,25.98,76.79,6.96,46.67,6.49,100,6.96,80,3.25,14.29,25.98,33.12,0.09,0.93,0,0,0,0,0.46,2.32,40,3.71,50,0.46,0,0,1.86,5.57,58.33,0,,0,,0,0,0,0,,,0.46,,
Axel Perez,Liga MX U500,2025/26,Pumas UNAM U21,Pumas UNAM U21,"LW, LAMF, LCMF",20,234,0,0.44,0,0.11,Mexico,5,5.38,42.86,1.92,0,0.38,0.59,0,2.31,3.53,1.54,0,0,0,0,2.31,0,0,0,0.17,0,0,9,3.46,11.11,0,0,1.92,0,3.46,55.56,9.23,37.5,1.15,1.92,0.38,14.62,0.77,1.15,22.31,79.31,6.54,70.59,4.62,100,6.15,68.75,1.15,33.33,14,8.49,0.04,0.77,0,0,0,0,0.38,1.54,100,2.31,33.33,0,0,0.77,0,3.85,60,0,,0,,0,0,0,0,,,0,,
L. Navarrete,Liga MX U501,2025/26,Deportivo Toluca U21,Deportivo Toluca U21,"LCB, LCMF, LB",19,2066,6,4.06,3,1.03,Mexico,8.67,5.45,64,2.79,56.25,0.26,0.34,0.57,4.92,6.41,1.35,6,0.26,1,0.04,0.96,0.26,2,0.09,0.18,1,0.04,18,0.78,50,33.333,0.13,0.48,36.36,0.61,64.29,3.79,47.13,1.26,0.91,0,18.95,0.61,1.22,29.97,78.34,13.46,68.93,2.31,86.79,10.85,89.56,5.31,52.46,23.41,40.11,0.04,0.44,0.04,0,0.04,0,0.3,5.75,68.18,1.18,33.33,0.48,36.36,0.52,0.13,8.23,70.37,0,,0,,0,0,0,0,,,0.7,,
A. Cervantes,Liga MX U502,2025/26,Deportivo Toluca U21,Deportivo Toluca U21,"LW, CF, LAMF",22,1620,3,3.11,2,2.16,Mexico,5.67,6.06,53.21,2.67,25,0.44,0.63,0,2,2.83,1.72,2,0.11,1,0.06,4.28,0.17,3,0.17,0.17,0,0,31,1.72,35.48,9.677,0.11,2.72,34.69,4.33,61.54,12.11,52.75,3.11,2.56,0.28,18,2.28,3.17,26.17,73.04,6.22,67.86,5.28,92.63,8.72,64.33,1.83,63.64,15.46,24.51,0.12,1,0.11,0.06,0.28,20,0.33,2.83,66.67,2.83,45.1,0.39,28.57,1.11,1.06,5,76.67,0,,0,,0,0,0,0,,,0.17,,
Á. Rico Reyes,Liga MX U503,2025/26,Pumas UNAM,Pumas UNAM U21,"CF, LCMF",21,688,1,1.29,2,0.91,Mexico,3.66,2.88,59.09,0.26,50,0.26,0.37,0,1.7,2.39,0.39,2,0.26,0,0,2.35,0.13,1,0.13,0.17,0,0,10,1.31,60,10,0.26,0.65,80,1.7,46.15,8.9,41.18,1.57,2.09,0.39,37.54,1.83,2.09,44.74,83.33,12.95,68.69,9.29,94.37,14.13,87.04,3.79,34.48,17.97,34.73,0.12,1.96,0,0,0.52,50,0.65,6.67,66.67,2.88,36.36,1.44,27.27,0.65,0.52,6.8,76.92,0,,0,,0,0,0,0,,,0.26,,
J. González,Liga MX U504,2025/26,Atlante,Pumas UNAM U21,"LW, CF, RW",21,1079,7,4.75,0,0.77,Mexico,4.84,3.92,59.57,2.17,42.31,0.58,0.77,0.25,1.92,2.52,1.17,2,0.17,1,0.08,5,0.58,7,0.58,0.4,0,0,33,2.75,54.55,21.212,0,1.75,4.76,6.01,56.94,12.68,44.74,3.34,3.09,0.25,19.35,2.42,1.75,27.03,74.07,6.92,68.67,6.17,86.49,7.76,70.97,1.08,53.85,15.46,18.12,0.06,0.83,0,0.08,0.08,0,0.25,3.67,70.45,1.84,36.36,0.08,0,1.17,0.08,3.92,68.09,0,,0,,0,0,0,0,,,0,,
H. Ramírez,Liga MX U505,2025/26,Pumas UNAM U21,Pumas UNAM U21,"LB, LCMF",22,2009,4,1.26,5,2.83,Mexico,9,7.12,67.92,2.24,56,0.18,0.24,0.04,3.99,5.4,1.12,5,0.22,0,0,2.2,0.18,4,0.18,0.06,2,0.09,9,0.4,44.44,44.444,0.22,2.69,45,1.39,58.06,3.36,46.67,0.81,0.54,0,24.24,0.9,0.76,34.09,76.22,14.25,69.5,4.61,88.35,9.54,78.4,4.93,43.64,20.31,36.51,0.13,0.99,0,0,0,0,0.49,6.09,66.18,2.46,47.27,0.49,9.09,0.54,1.12,8.74,69.23,0,,0,,0,0,0,0,,,0.22,,
K. Carranza,Liga MX U506,2025/26,Pumas UNAM U21,Pumas UNAM U21,"RCMF, LCMF",22,1500,0,0.95,0,0.18,Mexico,8.76,6.84,65.79,1.74,31.03,0.24,0.33,0.3,4.02,5.48,1.38,3,0.18,1,0.06,1.14,0,0,0,0.06,0,0,29,1.74,27.59,0,0,0.6,30,1.02,47.06,3.96,37.88,0.42,0.96,0.06,25.98,0.42,1.02,37.62,83.09,12.3,68.29,6.06,95.05,13.8,89.57,4.92,50,19.86,42.83,0.01,0.42,0,0,0,0,0,6,71,1.14,26.32,0.36,16.67,0.42,0.12,6.84,70.18,0,,0,,0,0,0,0,,,0.54,,
L. Reynoso Ramírez,Liga MX U507,2025/26,Mazatlán U21,Mazatlán U21,"RW, LW",19,276,0,0.17,0,0.58,Mexico,8.8,9.78,56.67,1.3,25,0.33,0.43,0,2.93,3.86,0.33,0,0,0,0,2.61,0,0,0,0.06,0,0,1,0.33,100,0,0,1.96,0,3.91,58.33,10.76,36.36,2.61,2.61,0.65,9.78,2.61,1.63,15.98,53.06,5.87,38.89,2.28,100,3.59,36.36,2.93,22.22,19.41,18.5,0.19,0.33,0,0,0,0,0.65,1.63,40,1.96,16.67,0.98,33.33,0.98,0.33,4.24,38.46,0,,0,,0,0,0,0,,,0.33,,
E. Abundiz,Liga MX U508,2025/26,Club León U21,Club León U21,"LAMF, LW, RAMF",20,319,0,0.28,0,0.44,Mexico,8.75,7.05,68,1.41,20,0.28,0.48,0.28,3.67,6.19,1.41,0,0,0,0,6.21,0,0,0,0.08,0,0,6,1.69,16.67,0,0,5.08,55.56,4.8,64.71,14.39,35.29,2.82,2.26,0.56,16.65,2.82,1.13,27.93,73.74,5.92,66.67,4.8,88.24,11.29,70,2.82,20,17.87,18.2,0.12,1.41,0,0,0,0,1.41,1.69,66.67,5.08,55.56,0.28,0,0.56,3.1,6.49,65.22,0,,0,,0,0,0,0,,,0,,
J. Estrada,Liga MX U509,2025/26,Mazatlán U19,Mazatlán U21,"RW, LW",19,316,1,1.55,0,0.45,Mexico,6.84,5.7,40,0.85,33.33,1.14,1.4,0,3.42,4.19,1.14,0,0,0,0,5.13,0.28,1,0.28,0.44,0,0,9,2.56,33.33,11.111,0,1.42,40,7.41,50,12.25,48.84,2.56,3.13,0.57,14.81,1.99,1.42,16.23,66.67,4.56,31.25,5.41,94.74,3.7,61.54,0.57,50,17.89,10.07,0.13,0.85,0,0,0,0,0.28,1.99,28.57,1.42,40,0,0,0.57,0.85,2.28,62.5,0,,0,,0,0,0,0,,,0.28,,
J. Inzunza,Liga MX U510,2025/26,Mazatlán U19,Mazatlán U21,"LCMF, DMF",18,160,0,0.12,0,0.01,Mexico,4.5,3.38,33.33,1.69,0,0,0,0.56,3.38,4.5,1.13,0,0,0,0,2.25,0,0,0,0.07,0,0,2,1.13,100,0,0,0,0,2.25,50,4.5,37.5,0,1.13,0,19.69,0,0.56,29.81,88.68,9.56,76.47,4.5,87.5,12.38,95.45,1.69,33.33,13.61,16.29,0.01,0.56,0,0.56,0,0,0,4.5,75,0,0,0.56,0,0,0,3.94,57.14,0,,0,,0,0,0,0,,,1.13,,
L. Arvizo,Liga MX U511,2025/26,Necaxa U17,Necaxa U21,"CF, AMF, RWF",18,380,0,0.37,0,0.01,Mexico,4.74,5.68,50,2.13,33.33,0,0,0,1.89,2.73,0.71,1,0.24,0,0,0.95,0,0,0,0.09,0,0,4,0.95,50,0,0,0.47,0,0.71,66.67,8.29,37.14,2.13,1.18,0.47,11.13,1.42,1.42,18.47,65.38,6.16,57.69,4.5,78.95,4.74,65,2.13,66.67,18.28,30.55,0,0.71,0,0,0,0,0,2.13,66.67,0.95,25,0.24,100,0.24,0,3.55,60,0,,0,,0,0,0,0,,,0,,
D. Montoya,Liga MX U512,2025/26,Mazatlán U19,Mazatlán U21,"RW, RB",18,537,0,0.02,0,0.19,Mexico,6.87,5.7,55.88,1.34,62.5,0.5,0.63,0,3.18,3.99,1.17,0,0,0,0,1.84,0,0,0,0,0,0,1,0.17,0,0,0,2.85,35.29,1.51,55.56,3.52,33.33,0.17,1.68,0,13.07,2.01,0.34,17.93,68.22,6.03,66.67,4.19,92,4.19,64,1.17,42.86,24.05,28.02,0.03,0.17,0,0,0,0,0.17,1.68,60,2.18,53.85,0,0,0.34,0.84,3.85,47.83,0,,0,,0,0,0,0,,,0.5,,
E. Torres,Liga MX U513,2025/26,Club León U21,Club León U21,"RDMF, DMF, RCMF",22,1321,1,0.51,0,0.26,Mexico,10.36,7.83,72.17,1.5,72.73,0.61,0.88,0.27,4.09,5.86,0.61,2,0.14,0,0,0.61,0.07,1,0.07,0.03,0,0,9,0.61,33.33,11.111,0,0.07,100,0.48,71.43,3.68,51.85,0.2,0.61,0,21.6,0.34,1.43,33.59,85.6,12.4,73.08,5.18,98.68,12.81,90.96,3.13,41.3,20.62,44.59,0.02,0.41,0.07,0,0,0,0.14,6.34,65.59,0.75,27.27,0.27,0,0.34,0.07,5.38,74.68,0,,0,,0,0,0,0,,,0.61,,
M. Godínez Gaytán,Liga MX U514,2025/26,Mazatlán U19,Mazatlán U21,"CF, AMF, RW",19,223,0,0.06,0,0.39,Mexico,4.84,4.04,90,3.23,37.5,0.81,1.07,0,0.4,0.54,0.4,0,0,0,0,2.02,0,0,0,0.03,0,0,1,0.4,100,0,0,0,0,3.63,44.44,10.49,50,0.4,0.81,0.4,15.74,2.42,3.63,22.6,78.57,4.04,60,7.67,94.74,7.67,78.95,0.81,50,16.63,13.78,0.16,1.21,0,0,0,0,0,2.42,66.67,0,0,0,0,0.81,0,3.23,50,0,,0,,0,0,0,0,,,0,,
J. Valdez,Liga MX U515,2025/26,Mazatlán U21,Mazatlán U21,"RCMF, LW, RW",19,230,0,0.18,0,0,Mexico,5.48,6.26,18.75,3.13,50,0,0,0,4.3,6,3.13,1,0.39,0,0,1.57,0,0,0,0.07,0,0,1,0.39,0,0,0,0.78,0,3.52,44.44,8.61,31.82,1.17,1.57,0.78,10.57,0.39,0.39,18.78,68.75,3.52,77.78,5.09,76.92,2.74,42.86,0.78,0,15.85,11.96,0,0,0,0,0,0,0,1.96,60,0.78,50,0,0,0.39,0,3.13,50,0,,0,,0,0,0,0,,,0,,
F. Hernández,Liga MX U516,2025/26,Club León U19,Club León U21,"RW, LDMF",19,508,1,0.93,0,0.66,United States,6.02,7.09,42.5,1.06,16.67,0.89,1.3,0,2.13,3.13,1.77,4,0.71,0,0,3.01,0.18,1,0.18,0.16,0,0,9,1.59,33.33,11.111,0,0.89,40,2.66,80,11.52,53.85,1.24,1.42,0.18,21.26,2.13,3.01,31,86.29,7.62,72.09,6.73,94.74,10.81,91.8,2.48,78.57,17.51,27.02,0.12,0.89,0,0,0.18,0,0.35,3.9,63.64,1.59,77.78,0.53,0,1.24,0.35,4.07,86.96,0,,0,,0,0,0,0,,,0.35,,
K. Herández,Liga MX U517,2025/26,Club León U19,Club León U21,"AMF, RCMF",18,757,4,1.48,1,1.25,Mexico,6.18,5.47,65.22,2.26,36.84,0.48,0.68,0.24,2.14,3.07,0.95,2,0.24,0,0,1.43,0.48,4,0.48,0.18,1,0.12,8,0.95,50,50,0.12,0.36,66.67,1.07,66.67,6.06,45.1,2.14,1.19,0.12,21.64,1.55,0.95,31.86,81.34,9.51,70,6.9,89.66,11.06,84.95,3.45,62.07,18.64,26.64,0.15,1.43,0,0.12,0,0,0.36,4.4,70.27,1.43,75,0.36,33.33,1.07,0.24,5.23,77.27,0,,0,,0,0,0,0,,,0.71,,
Leonardo Becerra,Liga MX U518,2025/26,Necaxa U21,Necaxa U21,"RB, RCB, RWB",20,486,1,0.15,0,0.02,Mexico,9.07,5,74.07,1.3,42.86,0,0,0.19,5.37,7.19,0.37,0,0,0,0,2.78,0.19,1,0.19,0.03,0,0,5,0.93,40,20,0,2.04,18.18,2.59,78.57,5.19,60.71,0.56,2.22,0.19,19.26,1.11,0.37,30.56,73.94,16.11,68.97,5.37,96.55,6.48,77.14,6.11,54.55,18.11,20.95,0,0.19,0,0,0,0,0,3.89,76.19,2.04,27.27,0.19,0,0.19,0.19,9.44,68.63,0,,0,,0,0,0,0,,,2.41,,
V. García,Liga MX U519,2025/26,Necaxa U19,Necaxa U21,"RWB, CF",18,173,0,0.15,0,0.47,Mexico,7.28,7.8,53.33,3.12,33.33,0,0,0.52,3.12,4.5,1.04,0,0,0,0,3.64,0,0,0,0.08,0,0,2,1.04,100,0,0,1.56,66.67,6.24,25,10.92,23.81,1.04,2.08,0,17.69,1.56,2.6,19.25,81.08,7.28,64.29,6.24,91.67,4.68,88.89,1.56,66.67,16.01,15.16,0.24,1.56,0,0,0,0,0.52,3.12,50,3.12,66.67,0,0,1.04,1.04,3.12,83.33,0,,0,,0,0,0,0,,,0,,
D. Maldonado,Liga MX U520,2025/26,Mazatlán U21,Mazatlán U21,"RCMF, LDMF",20,153,0,0.07,0,0.04,Mexico,4.12,5.29,22.22,0,0,0.59,0.86,0,2.35,3.43,2.94,2,1.18,0,0,0,0,0,0,0.04,0,0,1,0.59,0,0,0,0,0,0,0,2.94,60,0,0.59,0,15.88,0,1.76,24.71,85.71,11.18,73.68,3.53,100,4.71,100,2.94,80,18.5,9.33,0.02,0.59,0,0,0,0,0,6.47,72.73,0.59,0,0.59,100,0,0,6.47,72.73,0,,0,,0,0,0,0,,,0.59,,
O. Dominguez,Liga MX U521,2025/26,Necaxa U21,Necaxa U21,"LB, LWB",18,1063,1,0.92,0,0.58,Mexico,7.2,7.37,50.57,2.88,55.88,0.08,0.12,0.17,3.39,4.67,1.19,2,0.17,1,0.08,0.85,0.08,0,0,0.08,0,0,8,0.68,25,12.5,0,1.1,46.15,0.42,40,2.96,60,0.17,0.68,0.08,21.08,0.51,0.93,31.33,84.86,11.09,76.34,4.66,96.36,11.51,88.24,4.66,63.64,20.73,38,0.05,0.42,0,0,0,0,0.08,4.4,80.77,1.61,36.84,0.08,0,0.25,0.51,6.52,77.92,0,,0,,0,0,0,0,,,1.61,,
S. Rodríguez,Liga MX U522,2025/26,Pachuca U21,Pachuca U21,"RDMF, RCMF, LCMF",22,752,0,0.8,2,0.94,Mexico,9.81,10.65,58.43,1.56,46.15,0.24,0.33,0.24,3.35,4.64,2.99,2,0.24,0,0,0.6,0,0,0,0.1,0,0,7,0.84,0,0,0.24,0.6,40,1.08,33.33,5.39,37.78,1.44,1.2,0.12,16.88,0.24,1.68,26.93,78.22,7.9,62.12,4.43,72.97,8.98,88,3.35,64.29,19.26,39.64,0.11,1.2,0,0,0,0,0.72,5.39,73.33,1.68,50,0.48,25,1.2,0.36,5.15,79.07,0,,0,,0,0,0,0,,,0.12,,
G. Álvarez,Liga MX U523,2025/26,Pachuca U21,Pachuca U21,"LW, LCMF, LAMF",20,275,2,0.73,0,0.51,Mexico,3.6,1.96,50,0.65,0,0.33,0.4,0,2.29,2.8,0.65,0,0,0,0,3.6,0.65,2,0.65,0.24,0,0,10,3.27,40,20,0,1.64,0,2.95,77.78,8.84,51.85,3.6,3.27,0.98,16.04,3.6,1.64,21.27,67.69,7.2,59.09,5.56,88.24,4.58,57.14,0.65,50,15.84,10.88,0.17,1.96,0,0,0.33,0,0.33,2.95,66.67,2.29,42.86,0.33,0,1.64,0,2.62,87.5,0,,0,,0,0,0,0,,,0,,
B. Lomeli,Liga MX U524,2025/26,Necaxa U21,Necaxa U21,"RW, RAMF",19,1897,3,2.81,1,2.05,Mexico,3.75,3.89,59.76,1,33.33,0.05,0.06,0,1.38,1.85,0.57,1,0.05,0,0,3.46,0.14,3,0.14,0.13,0,0,38,1.8,50,7.895,0.05,3.65,22.08,2.66,66.07,5.6,43.22,1.52,1.99,0.38,17.79,2.66,0.76,22.11,64.81,7.83,61.82,3.46,93.15,7.45,56.05,2.8,50.85,20.2,35.88,0.1,0.81,0.05,0,0,0,0.19,3.7,65.38,3.75,32.91,0,0,0.43,0.85,5.5,80.17,0,,0,,0,0,0,0,,,0.19,,
Yaro Martínez,Liga MX U525,2025/26,Pachuca U21,Pachuca U21,"AMF, RDMF, CF",19,207,0,0.31,0,0.05,Mexico,3.91,4.78,54.55,4.35,30,0.43,0.7,0,0.87,1.4,0,0,0,0,0,3.04,0,0,0,0.13,0,0,6,2.61,16.67,0,0,0.87,0,3.91,55.56,12.61,31.03,1.74,0.87,0,11.74,0.43,1.3,17.83,80.49,6.96,75,3.48,87.5,5.22,91.67,1.3,66.67,17.8,6.87,0.02,0.43,0,0,0.87,50,0,3.48,62.5,1.3,33.33,0.87,0,0.43,0,2.17,100,0,,0,,0,0,0,0,,,0,,
A. Moreno,Liga MX U526,2025/26,Necaxa U21,Necaxa U21,"LCMF, LDMF",20,1143,1,1.06,1,1.22,Mexico,7.8,7.09,55.56,1.57,60,1.02,1.38,0.31,2.83,3.82,1.65,2,0.16,1,0.08,1.42,0.08,1,0.08,0.08,0,0,23,1.81,26.09,4.348,0.08,0.39,20,1.42,61.11,5.28,43.28,0.79,1.89,0,26.38,1.5,1.42,38.11,75,15.28,62.37,4.33,92.73,12.52,84.28,5.91,45.33,19.42,32.17,0.1,1.1,0.16,0,0,0,0.24,8.27,64.76,1.26,37.5,0.24,66.67,0.55,0.08,7.95,76.24,0,,0,,0,0,0,0,,,0.31,,
J. Santoyo,Liga MX U527,2025/26,Necaxa U21,Necaxa U21,"RCMF, AMF, RDMF",20,1736,3,2.95,0,0.62,Mexico,8.76,7.21,59.71,1.92,35.14,0.67,0.86,0.21,3.78,4.82,1.14,2,0.1,2,0.1,1.35,0.16,3,0.16,0.15,0,0,18,0.93,55.56,16.667,0,0.57,45.45,1.09,47.62,6.38,45.53,0.99,1.3,0.21,22.71,1.19,1.4,35.72,83.31,10.16,71.94,6.53,92.86,12.08,87.55,2.59,70,17.96,31.72,0.03,0.47,0.05,0,0.16,33.33,0.05,5.91,78.95,0.93,61.11,0.16,33.33,0.16,0.26,5.6,70.37,0,,0,,0,0,0,0,,,0.67,,
P. Achinulo,Liga MX U528,2025/26,Pachuca U21,Pachuca U21,"LAMF, LW, RAMF",22,381,0,0.86,0,0.45,United States,7.8,4.72,85,0.24,0,0,0,0,3.78,5.71,0.71,1,0.24,0,0,4.72,0,0,0,0.2,0,0,8,1.89,50,0,0,4.49,31.58,5.2,40.91,9.69,36.59,2.36,2.13,0.24,17.95,3.78,0.47,25.04,71.7,6.38,85.19,6.14,76.92,7.8,69.7,1.18,100,19.29,26.95,0.11,1.65,0,0,0.24,100,0.47,2.36,80,4.02,58.82,0,0,0.94,1.42,4.96,76.19,0,,0,,0,0,0,0,,,0.71,,
R. Cortéz,Liga MX U529,2025/26,Necaxa,Necaxa U21,"AMF, LCMF",21,191,0,0.09,0,0.19,Mexico,7.07,5.18,63.64,0.47,0,0.47,0.52,0,3.3,3.62,0.94,0,0,0,0,3.3,0,0,0,0.04,0,0,3,1.41,33.33,0,0,1.88,25,3.3,71.43,9.9,57.14,2.83,2.36,1.41,25.45,0.47,2.83,40.05,74.12,13.66,62.07,6.6,100,10.37,63.64,7.54,56.25,20.4,41.99,0.09,1.41,0.47,0,0.47,0,0.47,9.9,61.9,3.77,25,2.36,40,0.47,0.47,10.84,86.96,0,,0,,0,0,0,0,,,0,,
A. Ramírez,Liga MX U530,2025/26,Puebla,Puebla U21,"DMF, RCMF",24,240,0,0.02,0,0.03,Mexico,15,7.87,90.48,3.38,55.56,1.13,1.73,0,6.75,10.38,1.13,0,0,0,0,0.75,0,0,0,0.01,0,0,1,0.38,0,0,0,0,0,1.13,66.67,4.88,53.85,0.75,0,0,32.63,0,1.13,50.25,86.57,16.13,74.42,6,87.5,22.5,96.67,8.63,69.57,20.55,34.38,0.01,0.75,0,0,0,0,0,9,70.83,1.13,33.33,0.75,0,0.38,0,12.75,73.53,0,,0,,0,0,0,0,,,0.75,,
C. Murillo,Liga MX U531,2025/26,Deportivo Toluca U19,Deportivo Toluca U21,"RW, RCMF, CF",20,166,0,0.6,0,0.07,Mexico,7.59,6.51,66.67,2.71,20,0.54,0.81,0,2.71,4.05,2.17,0,0,0,0,3.8,0,0,0,0.32,0,0,7,3.8,57.14,0,0,1.08,50,3.8,28.57,13.55,36,3.25,2.71,0.54,12.47,1.08,2.17,15.72,62.07,4.34,50,0,0,7.59,78.57,1.63,33.33,16.54,22.37,0.04,1.63,0,0,0,0,0,1.08,50,2.17,50,0.54,0,0.54,0.54,3.8,71.43,0,,0,,0,0,0,0,,,0,,
K. Martínez,Liga MX U532,2025/26,Deportivo Toluca U21,Deportivo Toluca U21,"RW, RB",20,897,3,2.75,0,1.83,Mexico,3.81,3.81,57.89,1.71,47.06,0,0,0,1.61,2.35,0.2,1,0.1,0,0,2.91,0.3,3,0.3,0.28,0,0,19,1.91,57.89,15.789,0,2.71,25.93,1.81,61.11,4.72,46.81,1.61,2.01,0.4,20.37,2.21,0.9,26.89,76.12,8.53,69.41,4.21,95.24,9.33,70.97,3.21,59.38,18.28,18.42,0.18,1.51,0.1,0,0,0,0.7,2.81,67.86,2.11,42.86,0.1,100,0.7,0.7,6.42,78.13,0,,0,,0,0,0,0,,,0.2,,
A. Gregorio Román Escobedo,Liga MX U533,2025/26,Deportivo Toluca U21,Deportivo Toluca U21,"LCMF, RCMF, LDMF",20,462,0,0.04,0,0.09,Mexico,12.08,6.82,77.14,4.09,66.67,0,0,0.58,6.82,9.13,0.58,0,0,0,0,0.97,0,0,0,0.01,0,0,3,0.58,33.33,0,0,0.39,50,0.78,50,4.09,47.62,0,0.58,0.19,18.31,0.39,1.56,32.73,82.74,11.49,71.19,4.87,100,13.64,88.57,2.92,53.33,17.03,20.34,0.02,0.58,0,0,0.19,100,0,2.53,92.31,0.39,50,0.39,50,0.58,0.19,7.99,73.17,0,,0,,0,0,0,0,,,1.36,,
S. Aceves,Liga MX U534,2025/26,Deportivo Toluca U21,Deportivo Toluca U21,"RB, RCMF, LCMF",20,1571,1,0.58,1,1.19,Mexico,5.96,6.13,52.34,1.66,37.93,0.17,0.23,0.23,2.58,3.49,1.37,2,0.11,0,0,1.37,0.06,1,0.06,0.03,0,0,12,0.69,33.33,8.333,0.06,1.89,15.15,1.37,62.5,4.58,43.75,0.86,1.43,0.17,22.46,1.26,1.09,33.91,80.07,12.6,74.55,4.64,93.83,11.46,83.5,3.04,52.83,19.76,26.28,0.07,0.57,0.06,0.06,0,0,0.17,4.18,73.97,2.06,33.33,0.29,60,0.52,0.4,6.7,70.09,0,,0,,0,0,0,0,,,0.74,,
A. Juárez,Liga MX U535,2025/26,Pumas UNAM U21,Pumas UNAM U21,"RCMF, LCMF",17,1067,0,0.1,0,0.07,Mexico,11.13,8.35,60.61,0.84,30,2.02,2.67,0.08,4.05,5.33,1.86,5,0.42,0,0,0.17,0,0,0,0.01,0,0,6,0.51,16.67,0,0,0,0,0.51,16.67,2.61,22.58,0.34,0.84,0.08,38.38,0.34,0.17,53.65,88.99,13.33,81.01,8.43,94,21.34,94.07,2.36,42.86,16.69,26.87,0.01,0.25,0,0,0,0,0,5.9,77.14,0.34,0,0.34,0,0.08,0,5.65,74.63,0,,0,,0,0,0,0,,,0.76,,
E. Guadalupe Segura,Liga MX U536,2025/26,Deportivo Toluca U21,Deportivo Toluca U21,"LCMF, RCMF, DMF",20,2620,4,3.05,1,0.57,Mexico,7.35,6.01,64,1.65,41.67,0.14,0.19,0.21,3.37,4.63,1.27,2,0.07,0,0,1.17,0.14,4,0.14,0.1,1,0.03,45,1.55,33.33,8.889,0.03,0.31,66.67,0.89,50,3.13,43.96,0.96,0.93,0.07,21.71,0.31,0.79,33.32,79.07,11.06,61.8,4.81,95.71,12.74,89.76,4.12,39.17,19.26,37.21,0.02,0.38,0,0.03,0.14,0,0.07,6.29,60.66,1.17,32.35,0.79,26.09,0.17,0.21,4.77,74.1,0,,0,,0,0,0,0,,,0.52,,
J. Mancilla,Liga MX U537,2025/26,Pumas UNAM U19,Pumas UNAM U21,"CF, LW, AMF",18,164,0,0.21,0,0.04,Mexico,3.29,4.94,44.44,2.2,25,0,0,0,1.1,1.67,0.55,0,0,0,0,2.74,0,0,0,0.12,0,0,5,2.74,40,0,0,1.65,0,2.74,60,8.78,25,1.1,0.55,0,20.3,2.2,0,25.24,76.09,7.13,61.54,8.78,93.75,4.94,66.67,2.2,25,18.12,22.93,0.02,0.55,0.55,0,0,0,0,2.2,50,2.2,0,0.55,0,0,0,1.1,50,0,,0,,0,0,0,0,,,0,,
J. Salazar,Liga MX U538,2025/26,Pumas UNAM U19,Pumas UNAM U21,"RWF, RW",20,359,2,0.37,2,1.13,United States,3.26,3.26,53.85,1.5,50,0,0,0,1.5,2.4,1.25,1,0.25,0,0,2.51,0.5,2,0.5,0.09,0,0,6,1.5,50,33.333,0.5,2.01,50,2.01,37.5,6.77,40.74,2.01,2.01,0.75,30.58,3.01,1,37.86,81.46,6.77,74.07,10.28,87.8,14.79,79.66,2.51,40,17.02,15.26,0.28,2.76,0.25,0.25,0,0,1.25,2.26,55.56,2.51,70,0,0,1.5,1,5.77,65.22,0,,0,,0,0,0,0,,,0,,
J. Domínguez,Liga MX U539,2025/26,Pumas UNAM U21,Pumas UNAM U21,"RW, RWF, RAMF",18,340,1,0.25,2,0.01,Mexico,3.97,3.97,93.33,1.06,50,0,0,0,0.26,0.37,0.53,0,0,0,0,4.76,0.26,1,0.26,0.07,0,0,3,0.79,33.33,33.333,0.53,3.44,30.77,5.29,65,12.18,41.3,2.12,3.97,0.79,14.82,1.32,1.85,19.06,68.06,6.09,60.87,3.71,100,5.29,50,1.59,16.67,16.8,22.82,0,0.26,0,0,0,0,0.26,1.59,66.67,2.65,30,0.53,0,0.53,1.06,3.18,58.33,0,,0,,0,0,0,0,,,0,,
S. Venegas,Liga MX U540,2025/26,Pumas UNAM U21,Pumas UNAM U21,"LCMF, RCMF",21,237,0,0.13,0,0.01,Mexico,10.63,6.84,77.78,3.04,50,0,0,0,5.32,7.37,0.76,0,0,0,0,0.38,0,0,0,0.05,0,0,3,1.14,33.33,0,0,0,0,0.76,0,2.66,57.14,0.38,0,0,22.41,0,1.52,36.84,81.44,11.77,74.19,7.59,95,14.05,81.08,3.8,40,20.65,42.93,0.01,0.76,0,0,0,0,0,5.32,64.29,0.38,0,0.38,0,0,0,4.94,76.92,0,,0,,0,0,0,0,,,0.76,,
Fabricio,Liga MX U541,2025/26,Londrina,Deportivo Toluca U21,LW,22,1039,1,0.84,2,1.6,Brazil,3.38,4.24,53.06,0.87,40,0.17,0.24,0.09,0.95,1.33,1.21,2,0.17,0,0,4.5,0.09,1,0.09,0.07,0,0,5,0.43,40,20,0.17,3.38,35.9,5.37,58.06,14.9,44.19,1.47,3.38,0.78,19.84,3.12,2.34,27.29,80.63,5.46,79.37,7.45,89.53,7.71,69.66,0.52,16.67,14.87,14.39,0.14,1.47,0,0,0,0,1.13,1.91,81.82,3.81,50,0.09,0,0.87,1.04,5.28,77.05,0,,0,,0,0,0,0,,,0.09,,
V. Arteaga,Liga MX U542,2025/26,Toluca,Deportivo Toluca U21,"RCMF, LCMF",22,1570,1,1.74,1,0.54,Mexico,8.25,5.39,62.77,2.06,55.56,0.34,0.45,0.34,4.53,5.97,1.49,3,0.17,0,0,0.75,0.06,1,0.06,0.1,0,0,16,0.92,31.25,6.25,0.06,0.34,16.67,0.57,70,4.41,59.74,1.2,0.92,0,24.59,0.4,1.49,39.5,80.26,14.9,70.77,4.24,87.84,14.68,85.94,5.9,49.51,20.81,39.92,0.03,0.46,0.11,0,0.06,0,0.29,8.2,73.43,1.38,33.33,0.8,42.86,0.57,0.11,8.2,74.83,0,,0,,0,0,0,0,,,0.75,,
J. López,Liga MX U543,2025/26,Atlético de San Luis U21,Atlético de San Luis U21,"RCMF, CF, AMF",20,2235,6,3.97,5,4.85,Mexico,5.52,5.76,56.64,1.41,25.71,0.72,1.15,0.04,1.53,2.43,1.21,2,0.08,1,0.04,3.42,0.24,6,0.24,0.16,0,0,39,1.57,51.28,15.385,0.2,2.09,38.46,3.38,52.38,9.99,45.56,1.73,1.93,0.32,21.5,1.65,2.13,31.53,80.97,8.7,77.31,6.44,93.75,10.03,78.71,1.33,63.64,16.9,23.73,0.2,1.37,0,0.08,0.08,50,0.64,3.34,77.11,2.54,57.14,0.36,55.56,1.13,0.77,5.4,71.64,0,,0,,0,0,0,0,,,0.28,,
D. Contreras,Liga MX U544,2025/26,Pumas UNAM U21,Pumas UNAM U21,"RW, CF, RCMF",19,1396,2,1.14,0,0.18,Mexico,7.93,8.32,65.89,1.74,18.52,0.45,0.61,0.06,2,2.7,1.55,2,0.13,0,0,1.42,0.13,2,0.13,0.07,1,0.06,17,1.1,47.06,11.765,0,0.52,0,3.09,29.17,10.19,34.81,1.48,1.1,0.13,17.92,0.9,1.74,21.98,79.18,5.09,65.82,5.54,87.21,6.58,84.31,0.52,50,14.69,12.12,0.01,0.32,0,0.06,0,0,0.06,2.39,62.16,1.1,41.18,0,0,0.71,0.06,1.74,55.56,0,,0,,0,0,0,0,,,0,,
E. Quintanar,Liga MX U545,2025/26,Pumas UNAM U21,Pumas UNAM U21,"RW, LW, RAMF",20,817,2,1.66,0,0.72,Mexico,7.05,6.61,60,1.65,20,0.88,1.33,0,2.2,3.33,1.54,0,0,0,0,1.65,0.22,2,0.22,0.18,1,0.11,15,1.65,13.33,13.333,0,1.21,36.36,1.43,61.54,7.27,34.85,1.21,0.66,0,26.22,1.76,1.32,32.83,75.5,9.91,60,6.39,93.1,9.14,75.9,4.52,58.54,17.38,31.49,0.08,0.66,0,0,0.33,33.33,0.44,5.29,54.17,2.31,52.38,0.88,50,1.21,0.44,5.73,78.85,0,,0,,0,0,0,0,,,0.22,,
Francisco Valenzuela,Liga MX U546,2025/26,Dundee,Monterrey U21,"CF, LAMF, LW",19,1029,1,2.53,2,1.98,Mexico,4.99,5.51,53.97,1.66,31.58,0.79,1.22,0.09,1.22,1.9,1.92,4,0.35,0,0,2.71,0.09,1,0.09,0.22,0,0,20,1.75,30,5,0.17,1.84,33.33,2.89,54.55,11.02,36.51,3.32,0.52,0,13.91,1.4,1.92,17.67,66.34,3.94,51.11,3.94,88.89,6.38,61.64,0.96,18.18,17.98,29.17,0.17,1.05,0,0,0.09,0,0.79,1.66,47.37,2.36,37.04,0.44,0,0.7,0.7,2.1,66.67,0,,0,,0,0,0,0,,,0,,
G. Frisone,Liga MX U547,2025/26,Puebla U21,Puebla U21,"RB, RCB",21,646,1,0.28,0,0.36,Mexico,9.61,6.83,48.98,2.37,35.29,0.56,0.85,0.14,5.71,8.72,2.09,2,0.28,0,0,3.07,0.14,1,0.14,0.04,0,0,4,0.56,50,25,0,3.76,29.63,2.79,60,8.22,49.15,0.7,2.51,0.84,23.41,1.81,2.51,34.13,74.29,13.93,67,4.46,96.88,10.59,76.32,3.76,44.44,16.76,24,0.05,0.56,0,0,0,0,0.42,4.04,62.07,2.79,35,0.14,0,0.14,0.98,7.94,63.16,0,,0,,0,0,0,0,,,1.11,,
D. Paz,Liga MX U548,2025/26,Puebla U21,Puebla U21,"RCMF, DMF, LCMF",20,847,1,0.9,2,0.45,Mexico,10.63,7.76,63.01,1.28,33.33,0.85,1.19,0.43,4.89,6.83,0.85,1,0.11,0,0,1.06,0.11,1,0.11,0.1,1,0.11,7,0.74,28.57,14.286,0.21,1.38,23.08,1.28,41.67,4.68,40.91,0.96,0.96,0.43,15.09,0.53,1.06,25.5,75,8.5,75,4.04,89.47,8.39,74.68,1.7,31.25,17.64,26.93,0.05,0.85,0,0,0,0,0.21,3.51,69.7,1.49,42.86,0,0,0.43,0.43,4.68,56.82,0,,0,,0,0,0,0,,,0.43,,
A. Pérez,Liga MX U549,2025/26,Puebla U21,Puebla U21,"RCMF, LCMF, LB",22,1410,2,1.65,0,1.41,Mexico,7.91,7.85,56.91,2.04,40.63,1.09,1.68,0.19,2.36,3.66,2.17,5,0.32,0,0,2.3,0.13,2,0.13,0.11,0,0,32,2.04,34.38,6.25,0,1.02,43.75,2.11,51.52,10.09,29.11,2.04,1.34,0.26,20.94,1.72,1.34,29.49,77.92,9.83,66.88,4.6,81.94,9.19,82.64,3.51,43.64,20,40.67,0.09,1.02,0,0,0.06,100,0.57,4.34,75,1.72,59.26,0.38,33.33,1.09,0.45,6.26,67.35,0,,0,,0,0,0,0,,,0.13,,
J. Urias,Liga MX U550,2025/26,Monterrey U21,Monterrey U21,"AMF, RCMF, LCMF",20,1549,4,2.63,4,2.61,Mexico,6.16,5,61.63,1.63,28.57,0.64,0.93,0.12,2.44,3.57,1.22,2,0.12,0,0,2.5,0.23,4,0.23,0.15,0,0,30,1.74,33.33,13.333,0.23,0.87,53.33,2.15,59.46,8.02,44.2,1.45,1.74,0.23,20.57,0.52,1.34,29.11,81.44,8.25,70.42,4.42,88.16,12.61,88.48,3.43,62.71,19.75,29.45,0.15,1.28,0.12,0.06,0.46,37.5,0.64,5.35,70.65,1.86,43.75,0.76,38.46,0.87,0.46,3.72,76.56,0,,0,,0,0,0,0,,,0.17,,
O. González,Liga MX U551,2025/26,Puebla,Puebla U21,"RW, LW",22,221,0,0.2,0,0,Mexico,3.26,2.85,42.86,0.81,100,0,0,0,2.04,3.66,1.22,1,0.41,0,0,5.7,0,0,0,0.08,0,0,8,3.26,12.5,0,0,2.85,28.57,6.11,60,13.03,40.63,3.26,6.92,2.04,21.99,4.07,0.81,25.25,72.58,8.14,75,4.48,72.73,8.96,81.82,1.63,75,18.48,26.73,0,0.41,0,0,0.81,100,0,3.67,66.67,2.44,66.67,0.81,100,1.63,0.81,5.7,71.43,0,,0,,0,0,0,0,,,0.41,,
D. Ayala,Liga MX U552,2025/26,Puebla U21,Puebla U21,"RB, DMF, RCMF",22,769,0,0.3,0,0.27,Mexico,10.42,9.13,65.38,1.64,28.57,0.12,0.19,0.12,4.33,7.07,1.76,2,0.23,1,0.12,1.05,0,0,0,0.03,0,0,6,0.7,50,0,0,0.94,37.5,0.7,50,3.39,34.48,0.59,0.35,0,27.04,1.4,0.35,40.14,83.97,14.4,75.61,6.09,94.23,13.81,90.68,5.97,64.71,20.15,36.49,0.03,0.47,0,0.12,0.12,0,0.23,5.62,72.92,1.29,45.45,0.94,37.5,0.35,0.35,8.31,76.06,0,,0,,0,0,0,0,,,1.4,,
D. Torres,Liga MX U553,2025/26,Puebla U21,Puebla U21,"LCMF, AMF, RCMF",22,1147,3,2.63,3,1.86,Mexico,3.3,2.51,43.75,0.78,20,0.31,0.48,0,1.88,2.88,0.55,0,0,0,0,2.75,0.24,1,0.08,0.21,1,0.08,22,1.73,36.36,13.636,0.24,1.41,27.78,3.3,47.62,7.06,36.67,1.02,2.75,0.24,29.58,1.18,0.94,38.29,77.05,12.4,65.82,6.59,92.86,13.03,81.93,2.75,45.71,17.85,33.85,0.15,1.88,0,0,0.47,33.33,0.63,6.12,70.51,3.14,55,1.02,23.08,1.65,0.39,7.77,72.73,0,,0,,0,0,0,0,,,0.55,,
L. Abdelnur,Liga MX U554,2025/26,Santos Laguna U21,Santos Laguna U21,"LCMF, DMF",19,149,0,0.08,0,0,Argentina,7.25,7.85,53.85,0.6,100,0,0,0,3.02,3.85,1.81,0,0,0,0,0,0,0,0,0.05,0,0,3,1.81,0,0,0,1.81,0,0,0,2.42,50,1.21,0.6,0,13.29,0,1.21,27.79,71.74,7.85,61.54,3.62,83.33,8.46,85.71,1.21,50,15.63,8.98,0,0,0,0,0,0,0,3.62,50,1.21,0,0,0,0,0,4.83,100,0,,0,,0,0,0,0,,,0,,
J. Alatorre Alvarado,Liga MX U555,2025/26,Puebla U21,Puebla U21,"RW, LW, RWF",21,1200,0,1.14,0,0.43,Mexico,3.68,3.38,60,1.5,30,0.08,0.12,0,1.58,2.5,0.98,3,0.23,0,0,3.53,0,0,0,0.09,0,0,15,1.13,26.67,0,0,3.75,32,4.58,44.26,11.03,34.69,2.25,2.7,0.38,20.55,4.5,1.8,25.35,76.92,6.23,74.7,7.35,92.86,7.05,67.02,0.98,38.46,17.27,11.48,0.03,0.6,0.23,0,0.08,0,0.3,2.33,74.19,2.93,48.72,0.08,0,0.38,1.13,4.13,76.36,0,,0,,0,0,0,0,,,0.08,,
M. González,Liga MX U556,2025/26,Puebla U17,Puebla U21,RW,17,189,0,0.21,0,0.27,Mexico,4.29,4.76,70,0.48,0,0,0,0,0.95,1.43,0.48,1,0.48,0,0,6.19,0,0,0,0.1,0,0,2,0.95,0,0,0,1.43,33.33,12.38,46.15,20.95,34.09,1.9,2.38,0.48,10,0.95,1.43,10.95,65.22,3.81,75,2.38,80,2.86,66.67,0.95,100,9.12,7.68,0.13,0.48,0,0,0,0,0,1.43,66.67,0.48,0,0.48,100,0,0.48,1.43,66.67,0,,0,,0,0,0,0,,,0.48,,
G. Pérez García,Liga MX U557,2025/26,Puebla U21,Puebla U21,"DMF, LCMF, RCMF",20,192,0,0,0,0,Mexico,9.84,7.5,68.75,2.81,33.33,0,0,0.47,4.69,8.57,1.41,0,0,0,0,0,0,0,0,0,0,0,0,0,0,0,0,0,0,0.47,0,7.03,20,0,0,0,22.5,0,0.94,39.84,84.71,13.13,71.43,7.03,93.33,15.47,93.94,4.69,40,17.64,18.25,0,0,0,0,0,0,0,7.03,66.67,0.94,50,0,0,0,0,5.63,75,0,,0,,0,0,0,0,,,0.47,,
Luis Cruz,Liga MX U558,2025/26,Puebla U21,Puebla U21,"LB, LW",19,226,0,0.01,0,0,Mexico,12.74,9.56,83.33,1.19,100,0,0,0.4,4.78,8.37,1.19,1,0.4,0,0,1.19,0,0,0,0,0,0,2,0.8,0,0,0,1.59,25,5.18,15.38,9.16,13.04,0,1.59,0,19.51,0.8,0,27.48,71.01,12.74,65.63,4.78,100,6.37,75,5.97,46.67,23.88,37.79,0,0,0,0,0,0,0,5.18,76.92,1.19,33.33,0,0,0.4,0,9.16,65.22,0,,0,,0,0,0,0,,,0.8,,
C. Valencia,Liga MX U559,2025/26,Atlético de San Luis U21,Atlético de San Luis U21,"LW, RW, CF",21,379,0,0.19,0,0.11,Mexico,3.09,6.17,34.62,2.14,11.11,0.47,0.8,0,0.47,0.8,2.61,1,0.24,0,0,2.61,0,0,0,0.05,0,0,7,1.66,28.57,0,0,0.71,0,4.51,47.37,8.79,35.14,2.37,2.37,0.47,16.62,1.66,0.47,21.13,76.4,5.7,54.17,7.36,90.32,4.27,77.78,0.47,0,13.91,7.4,0.03,0.24,0,0,0,0,0.24,1.66,42.86,1.66,42.86,0,0,0.71,0,2.14,66.67,0,,0,,0,0,0,0,,,0.24,,
D. Araiza,Liga MX U560,2025/26,Puebla U21,Puebla U21,"DMF, LCMF, RCMF",21,1268,0,0.1,0,0.21,United States,11.21,7.67,62.04,3.12,47.73,0.99,1.49,0.64,5.47,8.22,2.2,3,0.21,0,0,0.57,0,0,0,0.01,0,0,7,0.5,42.86,0,0,0.28,50,0.57,25,1.99,42.86,0.43,0.28,0,17.89,0.07,0.43,32.29,80.66,11.36,71.88,5.68,92.5,12.07,84.12,4.4,61.29,19.52,34.17,0.01,0.57,0.07,0,0.07,100,0,5.47,76.62,0.85,58.33,0.35,20,0.64,0.14,6.39,68.89,0,,0,,0,0,0,0,,,1.06,,
Jorge Landeros,Liga MX U561,2025/26,Monterrey U21,Monterrey U21,"LW, RW, CF",21,536,0,0.32,0,0,Mexico,8.23,7.39,61.36,1.68,30,1.01,1.59,0.17,2.69,4.25,1.68,0,0,0,0,1.68,0,0,0,0.05,0,0,5,0.84,20,0,0,1.34,50,2.85,23.53,12.43,31.08,1.34,2.52,0.34,15.62,1.85,1.51,21.83,81.54,7.39,86.36,4.2,92,4.37,84.62,0.5,100,18.39,8.36,0,0.34,0,0,0.17,100,0,3.53,71.43,1.51,88.89,0.17,100,0.5,0.5,4.03,83.33,0,,0,,0,0,0,0,,,0.34,,
Dominic Guerrero,Liga MX U562,2025/26,Puebla U21,Puebla U21,"LW, RW, LWF",19,299,0,0.16,0,0.65,Mexico,7.83,6.32,85.71,0.9,0,0.9,1.45,0.6,1.51,2.42,0,0,0,0,0,3.31,0,0,0,0.05,0,0,3,0.9,0,0,0,1.81,66.67,3.01,70,7.53,60,0.9,1.81,0,20.77,1.81,2.11,27.39,73.63,10.23,55.88,6.02,85,6.92,86.96,1.51,80,17.7,18.03,0.19,0.9,0,0,0,0,0.6,3.01,70,3.31,81.82,0.3,100,2.11,1.2,7.22,79.17,0,,0,,0,0,0,0,,,0,,
A. Mendoza Salas,Liga MX U563,2025/26,Necaxa U19,Necaxa U21,"RAMF, CF, LWF",18,207,0,0.01,0,0.2,Mexico,3.04,2.61,50,3.04,28.57,0,0,0.43,1.74,2.93,2.17,1,0.43,0,0,1.74,0,0,0,0.01,0,0,1,0.43,0,0,0,3.04,14.29,2.17,60,10,30.43,1.3,2.17,0,11.3,2.17,1.74,13.48,54.84,3.04,28.57,2.61,83.33,5.22,58.33,1.3,0,12.11,8.28,0.09,0.43,0,0,0,0,0.43,0.43,100,0.87,0,0,0,0.43,0,0,0,0,,0,,0,0,0,0,,,0.43,,
Alek Alcazar,Liga MX U564,2025/26,Puebla U21,Puebla U21,"LW, LWF",19,150,0,0,1,0.2,Mexico,12.6,10.8,61.11,1.8,0,0,0,0,6,8.82,1.8,0,0,0,0,1.2,0,0,0,0,0,0,0,0,0,0,0.6,1.8,33.33,3,20,9.6,31.25,1.2,1.2,0,23.4,1.8,0.6,34.2,73.68,10.8,66.67,4.8,100,9.6,62.5,1.8,33.33,16.63,26,0.12,1.2,0,0,0,0,0.6,4.8,75,2.4,50,0,0,1.2,0.6,6,80,0,,0,,0,0,0,0,,,0,,
I. Ayala,Liga MX U565,2025/26,Necaxa U19,Necaxa U21,"LW, LAMF, LWF",18,448,1,0.71,1,0.66,Mexico,2.41,2.41,50,0.2,0,0.4,0.48,0,0.8,0.95,1.21,0,0,0,0,3.42,0.2,1,0.2,0.14,0,0,6,1.21,83.33,16.667,0.2,2.41,41.67,2.81,50,7.43,27.03,2.01,2.81,0.2,14.46,3.82,0.2,17.28,72.09,4.02,50,5.22,96.15,5.02,60,0.6,33.33,17.51,20.4,0.13,0.6,0,0,0.2,0,0.4,1.21,33.33,2.21,36.36,0.2,0,0.4,0.8,2.61,76.92,0,,0,,0,0,0,0,,,0.2,,
A. Reynaga,Liga MX U566,2025/26,Puebla U21,Puebla U21,"LW, RW",21,459,1,0.85,0,0.38,Mexico,10,9.8,66,3.73,15.79,0.78,1.17,0,2.75,4.08,2.35,1,0.2,0,0,3.92,0.2,1,0.2,0.17,0,0,7,1.37,28.57,14.286,0,2.75,35.71,7.65,30.77,17.06,34.48,2.35,4.12,0.59,20.39,2.16,2.94,25.29,73.64,6.08,70.97,4.31,81.82,9.8,76,2.16,45.45,18.46,16.04,0.07,0.98,0,0,0.2,100,0.59,2.55,76.92,2.75,64.29,0.39,50,1.37,0.98,5.49,75,0,,0,,0,0,0,0,,,0,,
Israel Tello,Liga MX U567,2025/26,Necaxa U19,Necaxa U21,"AMF, LCMF, LAMF",20,732,0,0.78,0,0.84,Mexico,3.57,4.3,65.71,0.98,12.5,0.25,0.36,0.12,0.49,0.72,0.98,3,0.37,1,0.12,3.57,0,0,0,0.1,0,0,19,2.34,42.11,0,0,1.72,21.43,3.81,54.84,9.59,61.54,1.48,3.2,0.37,15.12,1.48,1.97,23.98,72.31,8.36,69.12,4.06,87.88,7.62,75.81,3.07,44,19.57,31.12,0.1,1.23,0,0,0.25,50,0.37,7.13,65.52,1.97,68.75,0.12,0,1.35,0.37,5.16,88.1,0,,0,,0,0,0,0,,,0.12,,
R. Jimenez,Liga MX U568,2025/26,Necaxa U21,Necaxa U21,"LCB, LDMF",20,1085,0,0.82,0,0.01,Mexico,6.47,6.22,61.33,3.15,44.74,0.33,0.45,0.17,2.32,3.12,0.83,0,0,0,0,0.33,0,0,0,0.07,0,0,4,0.33,0,0,0,0.17,50,0.41,60,3.32,50,0.5,0.41,0,14.68,1,1.49,22.48,84.87,8.54,72.82,3.73,100,7.63,91.3,2.74,54.55,19.57,36.96,0,0.08,0,0,0,0,0,2.32,64.29,0.41,40,0,0,0.25,0.08,3.9,57.45,0,,0,,0,0,0,0,,,1.91,,
C. Henríquez,Liga MX U569,2025/26,Puebla U21,Puebla U21,"RCMF, LCMF, RW",21,409,0,0.59,0,0.1,Mexico,5.94,5.72,61.54,1.54,14.29,0,0,0,2.42,3.27,1.54,1,0.22,0,0,1.32,0,0,0,0.13,0,0,7,1.54,42.86,0,0,0.44,50,0.66,66.67,3.96,16.67,1.1,1.1,0.22,21.56,1.1,0.22,28.61,81.54,8.8,62.5,6.6,100,9.9,86.67,2.64,58.33,19.01,24.74,0.02,0.22,0,0,0,0,0,5.28,66.67,0.88,75,0.22,0,0.66,0.22,3.96,66.67,0,,0,,0,0,0,0,,,1.54,,
E. Acosta,Liga MX U570,2025/26,Mazatlán U21,Mazatlán U21,"LW, RW, CF",19,1093,3,1.12,0,1.14,Mexico,7.16,7.33,59.55,2.06,36,0.58,0.79,0.08,2.22,3.06,1.98,3,0.25,0,0,1.65,0.25,3,0.25,0.09,0,0,11,0.91,45.45,27.273,0,1.56,31.58,1.73,42.86,7.58,41.3,1.32,0.91,0.08,14.57,1.56,2.55,22.56,70.44,7.08,56.98,4.78,89.66,6.42,75.64,2.39,58.62,18.58,21.05,0.09,1.32,0,0,0.08,0,0.16,2.72,72.73,1.24,46.67,0.25,33.33,0.33,0.66,5.52,61.19,0,,0,,0,0,0,0,,,0.16,,
Ivan Tirado,Liga MX U571,2025/26,Mazatlán U21,Mazatlán U21,"RB, RWB",20,522,0,0,0,0,Mexico,10.69,7.07,63.41,2.07,58.33,0.86,1.06,0.69,5.34,6.55,1.38,1,0.17,0,0,1.21,0,0,0,0,0,0,1,0.17,0,0,0,1.21,28.57,1.03,83.33,3.28,42.11,0,0.69,0,10.34,1.03,0.86,17.59,64.71,8.62,50,3.45,95,3.79,68.18,1.9,54.55,18.58,24.32,0,0,0,0,0,0,0,2.76,37.5,1.21,14.29,0.17,0,0,0.34,3.45,50,0,,0,,0,0,0,0,,,0.86,,
J. Ayala,Liga MX U572,2025/26,Necaxa U19,Necaxa U21,"LAMF, LW",18,270,0,0.15,0,0.13,Mexico,8.67,8,58.33,2,50,2.33,3.04,0,1.67,2.17,1.33,0,0,0,0,2.67,0,0,0,0.05,0,0,2,0.67,50,0,0,3,11.11,4.33,46.15,7.67,30.43,2.33,2,0,16.67,3,1,22.33,65.67,6.33,63.16,5.33,93.75,6,66.67,2,50,20.16,22.8,0.04,0.33,0,0,0,0,0,2,66.67,2,33.33,0,0,1,0.33,5,66.67,0,,0,,0,0,0,0,,,0,,
Á. Saavedra,Liga MX U573,2025/26,Mazatlán,Mazatlán U21,"LW, RW, LAMF",23,751,4,1.98,1,1.39,Mexico,4.07,5.15,48.84,0.6,60,0.84,1.15,0,0.72,0.98,1.32,2,0.24,0,0,5.99,0.48,4,0.48,0.24,0,0,14,1.68,85.71,28.571,0.12,3.24,37.04,6.35,49.06,14.98,42.4,2.76,2.76,0.48,16.18,1.92,2.52,22.89,77.49,4.31,75,6.35,90.57,6.95,67.24,1.08,44.44,17.4,25.37,0.17,1.32,0.12,0,0.24,100,0.72,1.32,81.82,3.12,50,0.12,0,0.72,1.08,2.88,79.17,0,,0,,0,0,0,0,,,0.12,,
O. Moreno,Liga MX U574,2025/26,Mazatlán,Mazatlán U21,"CF, RW, AMF",21,283,0,0.29,0,0,Mexico,2.86,3.18,40,1.59,0,0,0,0,1.59,1.7,1.59,0,0,0,0,3.5,0,0,0,0.09,0,0,8,2.54,37.5,0,0,1.91,0,3.18,80,9.54,53.33,0.64,3.18,0.32,7.63,0.95,1.91,11.13,42.86,2.54,25,2.23,85.71,4.13,46.15,0.32,0,17.02,15.64,0,0,0,0,0,0,0,1.27,25,0.95,0,0,0,0,0.32,1.91,0,0,,0,,0,0,0,0,,,0,,
B. Gutiérrez,Liga MX U575,2025/26,Mazatlán U21,Mazatlán U21,"LW, LB, CF",19,397,1,1.11,0,0.02,Mexico,4.99,5.67,52,1.36,33.33,0.23,0.31,0,1.81,2.45,1.13,1,0.23,0,0,2.49,0.23,1,0.23,0.25,0,0,9,2.04,22.22,11.111,0,1.13,40,3.17,50,7.03,41.94,1.36,1.13,0.91,14.06,0.91,1.13,18.82,74.7,4.53,45,5.89,88.46,5.44,79.17,0.91,25,12.81,10.03,0,0.45,0,0,0,0,0,1.81,62.5,1.36,33.33,0,0,0.45,0.68,2.72,66.67,0,,0,,0,0,0,0,,,0.23,,
I. González,Liga MX U576,2025/26,Mazatlán U21,Mazatlán U21,"RB, RW, RAMF",19,257,0,0,1,0.42,Mexico,5.95,6.65,42.11,1.4,0,1.4,2.45,0.35,1.75,3.06,1.4,1,0.35,0,0,4.9,0,0,0,0,0,0,0,0,0,0,0.35,4.55,30.77,5.25,66.67,11.56,48.48,1.75,1.75,0.35,11.21,2.8,2.1,16.81,56.25,4.2,33.33,3.85,81.82,5.6,50,1.75,0,22.32,34.55,0.15,1.4,0,0.35,0,0,1.05,1.75,40,3.5,50,0.35,0,1.05,1.4,3.15,66.67,0,,0,,0,0,0,0,,,0,,
E. Andrade,Liga MX U577,2025/26,Mazatlán U21,Mazatlán U21,RCMF,19,1876,2,1.01,0,0.93,United States,8.06,6.14,64.06,1.87,58.97,0.91,1.19,0.14,3.21,4.18,1.2,6,0.29,0,0,1.25,0.1,2,0.1,0.05,0,0,19,0.91,36.84,10.526,0,0.14,33.33,1.3,62.96,4.94,58.25,0.48,0.67,0,17.85,0.34,1.82,27.59,82.09,8.78,68.31,5.13,91.59,10.07,90.48,2.54,67.92,19.02,29,0.04,0.48,0,0,0.05,100,0.19,3.93,73.17,0.53,36.36,0.24,0,0.24,0.05,4.22,63.64,0,,0,,0,0,0,0,,,0.91,,
J. Coronado,Liga MX U578,2025/26,Mazatlán U21,Mazatlán U21,"LB, LW",20,829,0,0.15,0,0.14,Mexico,4.78,4.34,57.5,1.63,53.33,0.54,0.77,0,1.74,2.46,0.43,1,0.11,0,0,0.65,0,0,0,0.02,0,0,5,0.54,40,0,0,1.85,17.65,0.54,20,1.52,28.57,0.33,0.43,0,15.42,1.52,0.22,21.06,73.71,8.25,68.42,3.26,96.67,6.95,78.13,2.71,36,23.66,35.31,0.02,0.43,0,0,0,0,0.22,2.82,65.38,1.63,20,0.11,0,0,0.33,4.56,61.9,0,,0,,0,0,0,0,,,0.33,,
K. Armenta,Liga MX U579,2025/26,Necaxa U21,Necaxa U21,"LW, LAMF, AMF",20,1355,2,2.48,1,1.57,Mexico,3.59,3.79,50.88,2.26,35.29,0.4,0.54,0.07,1.26,1.72,1.06,1,0.07,0,0,2.79,0.13,2,0.13,0.16,0,0,26,1.73,30.77,7.692,0.07,2.52,23.68,2.66,57.5,8.1,29.51,2.26,1.93,0.07,17.27,1.86,1.26,23.85,69.08,7.44,66.07,5.05,78.95,6.58,69.7,1.66,56,18.72,26.42,0.1,1,0,0,0.2,66.67,0.4,2.99,71.11,2.59,38.46,0.27,75,0.53,0.73,4.65,74.29,0,,0,,0,0,0,0,,,0.13,,
J. Palacios,Liga MX U580,2025/26,Necaxa U21,Necaxa U21,"RCMF, RDMF, DMF",19,1466,1,0.49,1,0.58,Mexico,12.71,9.39,66.67,2.39,58.97,0.55,0.79,0.8,5.89,8.45,1.23,6,0.37,1,0.06,0.74,0.06,1,0.06,0.03,0,0,14,0.86,14.29,7.143,0.06,0.49,50,0.68,45.45,4.36,43.66,0.31,0.61,0.18,19.89,0.25,1.66,36.77,82.47,12.83,69.86,5.77,94.68,13.63,88.74,4.54,58.11,20.12,35.21,0.04,0.55,0.06,0,0.06,100,0.12,6.75,71.82,1.72,39.29,0.8,23.08,0.43,0.25,7.43,74.38,0,,0,,0,0,0,0,,,1.6,,
C. Martinez,Liga MX U581,2025/26,Necaxa U21,Necaxa U21,"CF, LCMF",19,353,1,0.71,1,0.38,Mexico,3.31,3.82,73.33,3.31,69.23,0,0,0,0.51,0.71,1.02,0,0,0,0,1.53,0.25,1,0.25,0.18,0,0,7,1.78,28.57,14.286,0.25,0.76,66.67,1.02,50,6.37,24,2.29,0.76,0.25,15.81,1.78,1.02,22.95,75.56,7.65,76.67,5.1,80,6.88,85.19,2.8,54.55,18.59,17.27,0.1,1.02,0,0,0,0,0.25,3.82,60,2.04,50,0.25,0,0,0.51,3.82,80,0,,0,,0,0,0,0,,,0.25,,
W. Arredondo,Liga MX U582,2025/26,Necaxa U21,Necaxa U21,"LW, LWF, LB",19,198,0,0.65,1,0.61,Mexico,5.91,6.36,35.71,1.36,66.67,0.45,0.65,0,3.18,4.57,1.82,0,0,0,0,8.18,0,0,0,0.29,0,0,6,2.73,33.33,0,0.45,5.45,50,8.18,55.56,11.82,42.31,3.64,4.55,0.45,20,3.18,0.91,23.18,68.63,5.45,58.33,5.45,75,6.36,78.57,2.27,40,20.67,11.53,0.28,1.36,0,0,0,0,0.91,0.91,0,5,54.55,0.45,0,0.45,2.27,3.64,87.5,0,,0,,0,0,0,0,,,0.45,,
E. Cisneros,Liga MX U583,2025/26,Mazatlán U21,Mazatlán U21,"LCMF, RCMF",20,712,0,0.34,0,0.22,Mexico,6.19,5.94,53.19,1.77,42.86,0.38,0.47,0,2.65,3.28,2.02,1,0.13,0,0,0.38,0,0,0,0.04,0,0,11,1.39,18.18,0,0,0.25,0,0.51,25,3.16,40,0.25,0.38,0,22.63,0,0.88,33.24,80.99,9.61,68.42,6.32,90,11.76,87.1,4.55,61.11,26.99,36.15,0.03,0.38,0,0,0,0,0,5.06,65,0,0,0.25,0,0.13,0,4.8,68.42,0,,0,,0,0,0,0,,,0.88,,
L. Carrillo,Liga MX U584,2025/26,Mazatlán U21,Mazatlán U21,RB,21,1217,0,0.08,2,1.07,Mexico,9.39,9.76,56.82,1.33,61.11,0.3,0.41,0,3.55,4.95,2.66,4,0.3,1,0.07,1.48,0,0,0,0.01,0,0,1,0.07,0,0,0.15,2.29,22.58,1.77,54.17,6.36,33.72,0.52,1.33,0.07,14.12,1.11,0.74,26.11,75.92,10.43,71.63,3.92,92.45,7.47,73.27,3.77,60.78,20.93,42.84,0.08,0.3,0,0.07,0,0,0.22,3.77,74.51,1.92,23.08,0.15,50,0.15,0.44,5.69,64.94,0,,0,,0,0,0,0,,,0.81,,
E. González,Liga MX U585,2025/26,Mazatlán U21,Mazatlán U21,"LAMF, LW",21,156,0,0,0,0,United States,8.65,6.35,54.55,1.15,50,1.73,2.05,0,3.46,4.09,1.15,0,0,0,0,1.15,0,0,0,0,0,0,0,0,0,0,0,2.88,0,2.88,40,8.08,35.71,1.15,1.73,0,7.5,0.58,1.15,14.42,52,5.19,77.78,1.73,66.67,4.62,25,2.31,75,25.73,43.46,0,0,0,0,0,0,0,1.73,100,1.73,0,0,0,0,0.58,4.62,62.5,0,,0,,0,0,0,0,,,0,,
D. Márquez,Liga MX U586,2025/26,Necaxa U23,Necaxa U21,"RW, LW, RWB",21,399,0,0.15,2,1.43,Mexico,5.86,5.41,62.5,1.13,40,0.23,0.31,0,2.26,3.13,1.13,0,0,0,0,5.19,0,0,0,0.03,0,0,6,1.35,0,0,0.45,5.41,50,4.29,57.89,7.67,44.12,1.58,1.35,0.23,17.82,3.16,0.68,23.68,70.48,5.64,76,3.38,80,9.7,65.12,2.03,33.33,18.55,22.16,0.32,1.8,0,0,0,0,0.68,3.16,78.57,4.29,57.89,0,0,0.45,2.26,6.99,64.52,0,,0,,0,0,0,0,,,0,,
S. Godínez,Liga MX U587,2025/26,Mazatlán,Mazatlán U21,"LCMF, RCMF",21,591,1,0.94,0,0.19,Mexico,6.85,3.81,60,2.28,46.67,0.3,0.41,0.76,4.26,5.68,0.61,0,0,0,0,0.91,0.15,1,0.15,0.14,0,0,6,0.91,16.67,16.667,0,0.61,75,0.61,50,5.03,57.58,1.07,0.61,0,19.49,0.76,2.28,32.44,83.57,10.96,75,5.79,94.74,9.59,85.71,4.57,56.67,19.01,36.88,0.03,0.15,0,0,0,0,0,6.09,62.5,1.07,100,0.15,0,0.76,0.3,4.87,68.75,0,,0,,0,0,0,0,,,1.07,,
G. Adame,Liga MX U588,2025/26,Mazatlán,Mazatlán U21,"RW, RB, LW",21,1550,0,1.32,0,2.6,Mexico,4.35,5.34,54.35,1.39,33.33,0.29,0.41,0,1.16,1.64,0.64,2,0.12,0,0,3.48,0,0,0,0.08,0,0,10,0.58,30,0,0,3.19,25.45,4.06,61.43,7.2,46.77,1.28,2.21,0.12,13.65,2.03,0.7,17.59,64.69,6.33,66.97,2.85,87.76,5.05,58.62,1.22,47.62,20.08,19.03,0.15,0.7,0,0,0,0,0.29,1.34,65.22,2.44,33.33,0.06,100,0.46,0.81,3.54,60.66,0,,0,,0,0,0,0,,,0.41,,
G. López,Liga MX U589,2025/26,Mazatlán U21,Mazatlán U21,"LCMF, CF, AMF",23,1126,2,3.12,1,1.92,Mexico,3.28,3.28,51.22,1.36,17.65,0,0,0,1.6,2.23,0.8,1,0.08,0,0,3.76,0.16,1,0.08,0.25,0,0,36,2.88,33.33,5.556,0.08,1.28,37.5,5.12,43.75,10.63,40.6,1.52,2.16,0.32,20.62,1.28,1.28,27.26,75.37,10.23,64.06,4.48,89.29,9.51,78.15,4.88,50.82,20.74,39.75,0.15,1.2,0,0,0.08,100,0.4,5.36,52.24,2.16,44.44,0.8,40,0.72,0.56,4.88,73.77,0,,0,,0,0,0,0,,,0,,
S. Rodríguez,Liga MX U590,2025/26,Mazatlán,Mazatlán U21,LB,24,533,1,0.53,2,0.22,Mexico,7.09,6.59,43.59,2.03,66.67,0.34,0.48,0,3.88,5.48,1.18,1,0.17,0,0,1.52,0.17,1,0.17,0.09,0,0,5,0.84,20,20,0.34,1.35,50,0.68,100,2.03,41.67,1.52,1.01,0,24.82,2.53,0.84,34.62,73.66,17.22,69.61,4.73,92.86,7.26,83.72,4.22,68,21.02,42.75,0.04,0.51,0,0,0,0,0.51,5.57,75.76,1.52,66.67,0,0,0.51,0.68,14.02,73.49,0,,0,,0,0,0,0,,,0.68,,
S. Fierro,Liga MX U591,2025/26,Mazatlán,Mazatlán U21,"LCMF, RCMF, AMF",24,393,0,0.12,0,0.18,Mexico,2.29,2.29,40,0.23,100,0.46,0.69,0,0.92,1.38,0.46,1,0.23,0,0,0.92,0,0,0,0.03,0,0,6,1.37,16.67,0,0,0.23,100,0.92,50,6.64,37.93,0,0.69,0,27.48,0.46,2.06,38.47,88.69,10.08,79.55,6.87,96.67,14.66,92.19,3.21,71.43,17.48,35.45,0.04,0.46,0,0,0,0,0.23,5.95,88.46,0.69,100,0,0,0.46,0.23,7.1,74.19,0,,0,,0,0,0,0,,,0.46,,
X. Camacho,Liga MX U592,2025/26,Guadalajara U21,Guadalajara U21,"LB, LW",20,152,0,0,0,0.14,Mexico,4.74,4.14,57.14,1.78,33.33,0,0,0.59,2.37,4.14,0.59,0,0,0,0,5.33,0,0,0,0,0,0,1,0.59,0,0,0,2.37,75,4.74,75,11.84,45,1.18,1.78,0,9.47,0,1.78,15.99,88.89,4.14,71.43,3.55,100,5.33,88.89,1.18,100,13.38,21.58,0.08,0.59,0,0,0,0,0,0.59,100,0.59,0,0,0,0,1.18,2.37,75,0,,0,,0,0,0,0,,,0,,
H. Mata,Liga MX U593,2025/26,Guadalajara U21,Guadalajara U21,"LW, AMF, LAMF",20,563,1,1.26,0,0.83,Mexico,4.96,4.32,70.37,0.96,0,0,0,0.16,1.92,2.81,1.12,0,0,0,0,4.32,0.16,1,0.16,0.2,0,0,15,2.4,26.67,6.667,0,2.24,50,4.32,59.26,8.63,50,2.88,4.96,0.8,20.78,2.24,0.48,28.77,75.56,8.79,63.64,6.07,92.11,7.35,86.96,0.96,66.67,16.84,23.45,0.13,1.44,0.16,0,0,0,0.48,4.16,61.54,2.56,62.5,0,0,1.6,1.12,5.6,77.14,0,,0,,0,0,0,0,,,0.16,,
A. Gutiérrez,Liga MX U594,2025/26,Club León U21,Club León U21,"LW, LAMF, RW",20,841,0,0.75,0,0.74,Mexico,5.14,5.14,72.92,1.93,33.33,0.11,0.16,0,1.28,1.91,0.43,0,0,0,0,2.57,0,0,0,0.08,0,0,12,1.28,25,0,0,3.64,29.41,1.61,73.33,4.6,41.86,1.93,1.18,0,19.48,2.03,0.86,22.37,69.86,5.67,64.15,3.64,79.41,9.31,64.37,3.32,51.61,21.32,25.77,0.08,1.07,0.11,0.11,0,0,0.32,3.21,63.33,3.21,36.67,0.54,40,0.21,1.39,4.92,76.09,0,,0,,0,0,0,0,,,0.21,,
L. Martínez,Liga MX U595,2025/26,Querétaro U21,Querétaro U21,"CF, RW, RCMF",20,704,2,1.33,2,0.67,Mexico,6.14,5.24,65.85,1.92,20,0.51,0.72,0,2.17,3.05,1.15,0,0,0,0,2.17,0.26,2,0.26,0.17,1,0.13,13,1.66,30.77,15.385,0.26,0.89,57.14,1.28,70,9.46,43.24,1.92,0.77,0.13,17.64,1.15,2.94,23.78,73.66,8.05,65.08,5.24,82.93,5.88,80.43,1.66,38.46,17.06,25.74,0.09,0.77,0,0,0.38,66.67,0.51,3.71,68.97,1.41,54.55,0.77,33.33,0.64,0.51,4.47,74.29,0,,0,,0,0,0,0,,,0.13,,
J. Cázares,Liga MX U596,2025/26,Querétaro U21,Querétaro U21,"LW, LWB, RW",20,756,2,1.46,0,0.46,Mexico,6.55,6.19,65.38,2.38,35,0,0,0.24,2.5,3.26,0.83,0,0,0,0,3.33,0.24,2,0.24,0.17,0,0,13,1.55,53.85,15.385,0,2.98,36,1.9,68.75,6.07,41.18,1.55,0.6,0.12,18.21,1.31,0.95,25.83,69.12,6.31,50.94,5.95,92,8.57,63.89,1.79,46.67,18.91,24.98,0.06,0.6,0,0,0.36,33.33,0.36,2.98,56,3.1,38.46,0.36,33.33,0.48,0.95,4.88,63.41,0,,0,,0,0,0,0,,,0,,
J. Brizuela,Liga MX U597,2025/26,Club León U21,Club León U21,LW,21,1118,2,1.22,1,0.75,Mexico,5.96,6.04,52,1.13,28.57,0.08,0.11,0.24,2.74,3.75,1.85,1,0.08,0,0,2.25,0.16,2,0.16,0.1,0,0,10,0.81,40,20,0.08,2.58,28.13,2.09,57.69,6.92,46.51,1.45,1.45,0.08,11.83,3.14,1.77,14.73,67.76,4.19,59.62,2.98,94.59,4.51,57.14,0.97,25,16.31,17.58,0.06,0.4,0,0.08,0,0,0.24,0.48,50,2.33,37.93,0,0,0.24,0.72,2.74,58.82,0,,0,,0,0,0,0,,,0.08,,
S. Esparza,Liga MX U598,2025/26,Tapatío,Guadalajara U21,"LWB, LB",22,312,0,0,0,0.85,Mexico,6.06,3.46,50,1.15,50,0.58,0.81,0.58,3.75,5.27,1.73,0,0,0,0,1.15,0,0,0,0,0,0,0,0,0,0,0,2.6,33.33,0.29,100,0.58,50,0.87,0.58,0,16.15,3.17,0.58,23.08,73.75,5.77,80,6.35,77.27,6.35,63.64,2.88,40,18.05,27.87,0.24,0.87,0.29,0,0,0,0.29,1.73,50,1.44,60,0,0,0.29,1.15,4.62,75,0,,0,,0,0,0,0,,,0.58,,
C. Corona,Liga MX U599,2025/26,Guadalajara U21,Guadalajara U21,"LCMF, RCMF, RDMF",22,845,2,0.52,3,1.59,Mexico,9.37,6.92,70.77,1.07,40,0.11,0.14,0.21,4.37,5.89,1.49,5,0.53,0,0,1.49,0.21,2,0.21,0.06,0,0,15,1.6,20,13.333,0.32,0.32,66.67,1.38,69.23,5.86,58.18,0.64,0.32,0,23.64,0.43,2.56,37.38,83.19,12.78,73.33,7.99,92,10.54,87.88,3.3,48.39,18.41,37.61,0.17,1.28,0.11,0,0,0,0.43,5.33,64,1.28,41.67,0.43,50,0.85,0.21,5.54,71.15,0,,0,,0,0,0,0,,,0.75,,
A. Castro,Liga MX U600,2025/26,Cruz Azul U21,Cruz Azul U21,"AMF, RW, LCMF",21,1006,1,2.06,2,1.86,Mexico,6.17,5.28,66.1,1.43,43.75,0.45,0.64,0,2.24,3.19,0.89,4,0.36,0,0,2.59,0.09,1,0.09,0.18,0,0,21,1.88,33.33,4.762,0.18,0.89,40,3.67,43.9,8.05,37.78,2.33,2.15,0.18,19.23,1.16,1.34,28.18,83.49,7.6,75.29,5.01,98.21,9.39,81.9,2.33,61.54,16.85,30.79,0.17,1.25,0,0,0,0,0.54,3.67,73.17,1.43,50,0.27,66.67,0.98,0.54,3.58,75,0,,0,,0,0,0,0,,,0.27,,
C. Zepeda,Liga MX U601,2025/26,Guadalajara U21,Guadalajara U21,"AMF, LW, CF",21,319,1,2.63,0,0.05,Mexico,5.64,5.36,63.16,1.13,25,0,0,0,2.26,3.58,0.85,1,0.28,0,0,2.82,0.28,1,0.28,0.74,0,0,20,5.64,10,5,0,1.69,0,4.8,47.06,14.11,52,4.8,3.39,0.56,15.24,1.69,3.39,20.6,72.6,4.8,52.94,4.51,87.5,6.77,79.17,0.85,33.33,13.45,7.84,0.02,0.85,0,0,0,0,0,2.26,62.5,1.69,16.67,0,0,0.28,0,1.69,83.33,0,,0,,0,0,0,0,,,0,,
L. Valadez,Liga MX U602,2025/26,Club León U21,Club León U21,"LCMF, DMF, LDMF",22,1340,3,1.09,0,0.27,Mexico,7.32,6.99,56.73,1.34,40,0.4,0.54,0.13,2.96,3.98,1.34,3,0.2,0,0,1.14,0.2,3,0.2,0.07,0,0,14,0.94,35.71,21.429,0,0.87,30.77,0.74,72.73,6.04,40,0.87,0.67,0.07,26.26,0.87,1.14,40.23,81.8,12.76,69.47,7.52,93.75,13.84,87.86,7.25,52.78,19.82,36,0.02,0.34,0.13,0,0.07,0,0.07,7.59,61.06,0.81,33.33,0.81,16.67,0.2,0.4,7.52,66.96,0,,0,,0,0,0,0,,,1.75,,
L. Torres,Liga MX U603,2025/26,Guadalajara U21,Guadalajara U21,"CF, AMF, RAMF",22,509,2,3,2,0.46,United States,4.6,4.24,70.83,3.18,22.22,0,0,0.18,1.59,2.11,1.06,3,0.53,0,0,3.36,0.35,2,0.35,0.53,0,0,15,2.65,73.33,13.333,0.35,0.53,0,3.71,38.1,9.37,33.96,3.71,0.88,0.71,11.67,0.88,0.71,15.56,73.86,5.13,58.62,3.71,95.24,2.48,64.29,0.71,25,16.17,11.28,0.08,0.71,0,0,0,0,0.53,2.65,46.67,1.06,33.33,0.18,0,0.88,0,2.65,60,0,,0,,0,0,0,0,,,0,,
J. Lara,Liga MX U604,2025/26,Club León U21,Club León U21,"LCMF, RCMF, AMF",21,1362,2,2.17,4,3.07,Mexico,6.81,7,60.38,1.45,45.45,0.2,0.28,0.07,2.38,3.42,2.11,7,0.46,0,0,2.51,0.13,1,0.07,0.14,0,0,30,1.98,36.67,6.667,0.26,1.32,40,2.38,50,11.96,39.23,0.93,1.52,0.13,28.55,1.19,2.18,42.56,83.85,14.87,74.67,7.67,94.83,14.47,87.21,6.87,62.5,20.94,38.53,0.2,1.92,0,0.07,0.13,50,0.73,8.66,71.76,2.78,52.38,0.86,46.15,0.79,0.66,9.58,81.38,0,,0,,0,0,0,0,,,0.86,,
H. Uribe,Liga MX U605,2025/26,Correcaminos UAT,Club León U21,"RW, CF, RAMF",22,1128,1,1.81,4,1.55,Mexico,2.63,2.63,48.48,1.52,15.79,0.32,0.45,0.08,1.04,1.45,0.88,2,0.16,0,0,6.06,0.08,1,0.08,0.14,0,0,25,1.99,56,4,0.32,3.91,34.69,5.82,61.64,13.88,49.43,2.15,3.03,0.16,26.41,4.07,2.87,32.47,78.87,7.82,73.47,8.94,91.07,9.41,67.8,1.36,47.06,17.29,28.51,0.12,1.12,0,0,0.16,0,0.72,2.63,66.67,3.67,43.48,0.48,16.67,0.56,1.52,4.95,74.19,0,,0,,0,0,0,0,,,0.4,,
L. Cervantes,Liga MX U606,2025/26,Mineros de Zacatecas,Club León U21,"CF, RCMF",25,403,2,1.11,0,0.2,Mexico,4.69,3.13,64.29,2.46,45.45,0.89,1.18,0.22,1.79,2.35,0.67,1,0.22,0,0,1.56,0.45,2,0.45,0.25,0,0,4,0.89,100,50,0,0.67,0,0.89,75,4.24,42.11,0.89,0.22,0,19.65,0.89,1.79,25.91,84.48,5.81,80.77,6.92,96.77,6.92,80.65,2.23,70,18,35.85,0.04,0.67,0.22,0,0,0,0,3.13,78.57,1.34,33.33,0.45,100,0.22,0,3.13,85.71,0,,0,,0,0,0,0,,,0.67,,
E. Mendoza Olivetto,Liga MX U607,2025/26,Guadalajara U19,Guadalajara U21,"RW, CF, RAMF",19,258,0,0.23,0,0.15,Mexico,5.58,3.14,66.67,2.09,50,0.35,0.54,0.35,3.14,4.82,1.4,0,0,0,0,2.79,0,0,0,0.08,0,0,3,1.05,100,0,0,2.09,16.67,2.44,57.14,9.07,50,2.44,2.09,0,16.4,0.7,1.05,25.12,75,5.58,56.25,4.88,100,8.72,92,0.7,50,16.05,23.84,0.05,0.35,0,0,0,0,0.7,2.44,71.43,1.74,40,0,0,0.7,0.7,2.44,57.14,0,,0,,0,0,0,0,,,0,,
D. González Beltrán,Liga MX U608,2025/26,Guadalajara U21,Guadalajara U21,"RB, RCB",20,337,0,0.04,0,0.02,Mexico,9.88,9.35,62.86,2.67,80,1.6,2.17,0,2.4,3.25,2.67,1,0.27,2,0.53,1.34,0,0,0,0.01,0,0,1,0.27,0,0,0,1.87,42.86,0.8,66.67,2.94,36.36,0.27,0.53,0,16.02,1.07,1.6,23.23,70.11,10.15,63.16,4.01,100,5.88,72.73,3.2,41.67,22.73,29.07,0,0.27,0,0,0,0,0,4.01,26.67,0.8,33.33,0.27,0,0,0.27,7.48,71.43,0,,0,,0,0,0,0,,,0.27,,
E. Reyes,Liga MX U609,2025/26,Querétaro U21,Querétaro U21,"RW, LB",20,502,0,0.19,1,0.34,United States,6.63,7.89,52.27,1.08,33.33,0.54,0.79,0,1.97,2.89,1.61,3,0.54,0,0,1.61,0,0,0,0.03,0,0,2,0.36,100,0,0.18,1.79,50,0.9,40,8.61,39.58,1.25,1.08,0,18.65,2.69,2.51,25.82,86.11,7.35,73.17,6.27,94.29,8.25,91.3,1.25,85.71,18.44,11.79,0.06,0.9,0,0,0,0,0.36,2.33,92.31,1.97,81.82,0.36,100,0.9,0.72,4.48,76,0,,0,,0,0,0,0,,,0.18,,
Z. Hernández,Liga MX U610,2025/26,Guadalajara U21,Guadalajara U21,"LCB, LW",19,152,0,0,0,0.06,Mexico,11.25,8.88,60,2.37,25,0,0,0,5.92,8.57,2.37,1,0.59,0,0,1.18,0,0,0,0,0,0,0,0,0,0,0,0,0,1.78,66.67,4.74,37.5,0.59,0.59,0,6.51,0,0,20.13,85.29,11.84,75,2.37,100,4.74,100,1.78,66.67,14.76,12.67,0.03,0.59,0,0,0,0,0,2.37,50,0,0,0,0,0,0,4.74,50,0,,0,,0,0,0,0,,,0.59,,
G. Garcia,Liga MX U611,2025/26,Guadalajara U19,Guadalajara U21,"CF, LW, RWF",18,387,1,0.76,0,0.45,Mexico,6.51,6.05,57.69,3.72,31.25,0.47,0.61,0,2.56,3.37,1.16,0,0,0,0,2.56,0.23,1,0.23,0.18,0,0,8,1.86,50,12.5,0,1.16,20,3.95,35.29,13.95,33.33,2.56,2.09,0.7,13.49,1.16,2.33,19.77,68.24,7.21,61.29,3.49,73.33,5.81,72,1.63,28.57,16.65,17.27,0.1,1.16,0,0.23,0,0,0,3.49,66.67,1.86,37.5,0.23,0,1.16,0.47,2.33,60,0,,0,,0,0,0,0,,,0,,
I. Espinosa,Liga MX U612,2025/26,Club León U19,Club León U21,"RW, RWF, RAMF",18,255,0,0.06,0,0.26,Mexico,3.18,3.53,60,0,0,0,0,0,1.06,1.67,1.41,0,0,0,0,4.94,0,0,0,0.02,0,0,2,0.71,0,0,0,5.29,26.67,7.76,45.45,12.35,45.71,1.41,4.24,0,18.71,1.41,1.76,21.88,62.9,3.53,80,6,88.24,7.76,54.55,0.35,0,18.68,12.07,0.09,1.06,0,0,0,0,0.35,1.41,75,2.82,37.5,0,0,0.35,1.06,2.47,71.43,0,,0,,0,0,0,0,,,0,,
R. Martinez Amezcua,Liga MX U613,2025/26,Guadalajara U21,Guadalajara U21,"LCMF, RCMF",20,763,1,0.54,0,1.27,Mexico,6.49,5.07,69.77,1.42,58.33,0,0,0.12,2.95,4.17,0.94,0,0,0,0,3.54,0.12,1,0.12,0.06,0,0,15,1.77,40,6.667,0,2.48,33.33,3.89,51.52,10.73,47.25,0.83,1.77,0.59,22.88,0.24,2.95,31.97,80.81,9.2,70.51,6.96,100,11.68,78.79,4.36,56.76,21.64,38.8,0.15,1.77,0.12,0,0,0,0.24,4.84,65.85,2.83,37.5,0.35,66.67,0.59,0.71,6.02,74.51,0,,0,,0,0,0,0,,,0.71,,
B. Rangel,Liga MX U614,2025/26,Club León U19,Club León U21,"AMF, CF, LCMF",20,309,2,0.83,0,0.06,Mexico,8.16,6.41,68.18,1.17,0,1.75,2.5,0,2.04,2.92,1.46,0,0,0,0,2.33,0.58,2,0.58,0.24,0,0,10,2.91,30,20,0,0.87,0,2.62,55.56,8.16,50,3.2,1.46,0.29,16.6,1.75,2.91,18.93,80,5.24,72.22,3.79,92.31,5.83,90,1.46,40,20.56,30.18,0.02,0.58,0,0,0,0,0,2.91,70,0.29,0,0.29,0,0,0,2.04,100,0,,0,,0,0,0,0,,,0,,
J. Montesano,Liga MX U615,2025/26,Club León U19,Club León U21,"RB, LB, RAMF",19,317,0,0,0,0,Mexico,8.52,7.95,71.43,0.57,50,0.85,1.14,0,1.99,2.66,1.7,1,0.28,0,0,1.42,0,0,0,0,0,0,0,0,0,0,0,2.27,37.5,1.7,33.33,7.67,33.33,0.28,1.14,0,16.75,0.85,1.14,24.7,82.76,8.8,83.87,4.83,88.24,8.52,80,1.14,75,20.77,18.8,0,0,0,0,0,0,0,1.7,83.33,1.99,28.57,0,0,0,0.85,4.83,64.71,0,,0,,0,0,0,0,,,0.57,,
A. Brambila,Liga MX U616,2025/26,Guadalajara U21,Guadalajara U21,"RWB, RB",20,634,1,1.38,0,0.25,Mexico,11.21,8.09,56.14,2.98,52.38,1.56,2.17,0.28,5.11,7.11,0.99,2,0.28,0,0,3.26,0.14,1,0.14,0.2,0,0,5,0.71,60,20,0,2.98,38.1,1.99,85.71,6.81,43.75,1.85,2.41,0.28,14.91,1.99,0.99,26.55,72.19,8.8,67.74,4.54,87.5,7.81,70.91,1.7,50,19.99,23.65,0.04,0.85,0,0,0,0,0.43,2.27,62.5,2.13,40,0.14,100,0.28,1.28,4.4,64.52,0,,0,,0,0,0,0,,,0.28,,
P. González,Liga MX U617,2025/26,Club León U19,Club León U21,"RW, RAMF, RB",20,142,0,0.18,0,0,Mexico,6.34,5.7,55.56,3.8,16.67,1.27,1.76,0,1.9,2.65,1.9,1,0.63,0,0,2.54,0,0,0,0.11,0,0,1,0.63,0,0,0,3.8,16.67,5.07,37.5,9.51,33.33,2.54,1.27,0,12.04,3.8,1.9,15.85,64,3.17,80,3.17,100,4.44,71.43,1.27,50,20.45,25.78,0,0,0,0,0,0,0,2.54,100,1.27,50,0,0,0,0.63,3.8,83.33,0,,0,,0,0,0,0,,,0,,
D. Covarrubias,Liga MX U618,2025/26,Guadalajara U21,Guadalajara U21,"RCMF, LCMF, LDMF",19,821,0,0.33,0,0.03,Mexico,8,6.36,56.9,2.41,63.64,0.22,0.3,0.66,4.17,5.67,0.77,2,0.22,0,0,0.11,0,0,0,0.04,0,0,9,0.99,0,0,0,0,0,0.44,25,2.19,20,0.44,0.77,0,21.81,0.33,0.11,32.67,85.57,10.41,75.79,5.81,92.45,11.62,87.74,2.96,55.56,18.22,28.58,0,0.22,0,0,0,0,0,4.71,72.09,0.77,0,0.11,0,0,0,5.92,70.37,0,,0,,0,0,0,0,,,1.1,,
Raúl Nuño,Liga MX U619,2025/26,Tapatío,Guadalajara U21,"RB, RWB",20,152,0,0.34,0,0.09,Mexico,5.92,7.7,46.15,2.37,25,0,0,0,2.37,3,2.96,0,0,0,0,0.59,0,0,0,0.2,0,0,1,0.59,0,0,0,2.37,25,0,0,4.14,42.86,0.59,0.59,0,17.76,2.37,1.78,24.28,70.73,7.11,58.33,4.74,62.5,7.11,91.67,2.37,25,17.81,38.74,0.05,0.59,0,0,0,0,0,1.78,0,0.59,100,0,0,0.59,0.59,5.33,44.44,0,,0,,0,0,0,0,,,0,,
J. Ochoa,Liga MX U620,2025/26,Querétaro U21,Querétaro U21,"LCMF, RCMF, RDMF",21,413,0,0,0,0.03,Mexico,7.41,6.54,66.67,1.09,80,0.22,0.25,0.44,2.83,3.28,1.96,2,0.44,0,0,0,0,0,0,0,0,0,1,0.22,0,0,0,0,0,0,0,1.96,66.67,0,0,0,13.51,0,1.09,24.41,81.25,7.19,54.55,2.62,100,11.33,94.23,3.27,73.33,23.83,29.46,0.01,0.22,0,0,0,0,0.22,3.92,72.22,0.44,100,0.22,100,0.44,0,4.14,47.37,0,,0,,0,0,0,0,,,0,,
Isaac Martínez,Liga MX U621,2025/26,Guadalajara U21,Guadalajara U21,"AMF, RWF, RW",20,169,1,0.51,1,0.22,Mexico,4.26,3.73,85.71,0.53,100,0,0,0,1.07,1.71,0,0,0,0,0,3.73,0.53,1,0.53,0.27,0,0,2,1.07,50,50,0.53,0.53,100,4.26,62.5,12.78,54.17,3.2,3.2,1.07,20.77,3.73,2.13,31.95,81.67,8.52,75,6.92,92.31,8.52,81.25,0.53,0,14.91,26.83,0.12,1.6,0,0,0,0,0.53,4.26,75,3.73,57.14,0,0,1.6,0.53,3.73,85.71,0,,0,,0,0,0,0,,,0,,
D. Rodríguez,Liga MX U622,2025/26,Querétaro U21,Querétaro U21,LCMF,18,1124,0,0.97,0,0.24,Mexico,8.81,6.17,59.74,2.4,50,0.8,1.01,0.4,4.32,5.47,1.12,0,0,0,0,1.2,0,0,0,0.08,0,0,6,0.48,16.67,0,0,0.96,25,1.6,55,7.37,40.22,0.96,1.2,0.08,23.62,0.48,1.44,35.95,81.29,10.65,64.66,6.33,93.67,12.25,89.54,3.04,65.79,17.84,37.25,0.02,0.08,0,0,0.16,0,0.24,5.12,73.44,1.76,36.36,0.4,20,0.56,0.24,5.52,63.77,0,,0,,0,0,0,0,,,0.56,,
J. Salinas,Liga MX U623,2025/26,Pachuca U19,Pachuca U21,"LCMF, CF, DMF",19,337,0,0.13,2,0.62,Mexico,4.54,4.01,53.33,1.34,40,0.8,1.02,0,1.6,2.05,0.27,0,0,0,0,2.67,0,0,0,0.03,0,0,6,1.6,16.67,0,0.53,1.6,66.67,2.67,50,9.35,31.43,0.27,0.8,0,19.76,0.8,1.87,28.04,86.67,8.28,80.65,4.54,88.24,11.22,90.48,0.8,33.33,16.63,15.5,0.17,2.67,0,0,0,0,0.53,4.01,80,1.87,57.14,0,0,0,1.07,2.94,100,0,,0,,0,0,0,0,,,0,,
C. Hernandez,Liga MX U624,2025/26,Pachuca,Pachuca U21,"LAMF, AMF, CF",18,673,0,0.37,0,0.42,Mexico,8.02,7.22,66.67,1.34,0,0.53,0.71,0,2.67,3.57,1.47,2,0.27,0,0,2.54,0,0,0,0.05,0,0,9,1.2,22.22,0,0,2.41,66.67,0.94,71.43,6.55,38.78,1.74,2.27,0,25.27,1.2,1.47,32.63,76.23,9.63,68.06,6.02,88.89,11.23,73.81,2.54,57.89,17.54,35.88,0.06,0.8,0,0,0.27,0,0.4,5.08,73.68,2.41,77.78,0.27,0,0.4,1.47,7.62,73.68,0,,0,,0,0,0,0,,,0,,
O. González,Liga MX U625,2025/26,Pachuca U21,Pachuca U21,"LDMF, LCMF, AMF",21,840,2,0.44,0,0,Mexico,9.64,9.11,55.29,1.29,41.67,0.11,0.14,0.32,4.5,5.75,2.04,5,0.54,1,0.11,0.96,0.21,2,0.21,0.05,0,0,12,1.29,25,16.667,0,0,0,1.29,50,2.36,40.91,0.64,0.64,0,10.5,0.54,0.54,20.57,76.04,7.71,61.11,3.75,88.57,6.64,88.71,3.21,53.33,20.56,39.64,0,0,0,0.11,0,0,0.32,4.61,67.44,0.21,50,0,0,0.11,0,4.39,58.54,0,,0,,0,0,0,0,,,0.11,,
A. Rojas García,Liga MX U626,2025/26,Monterrey U19,Monterrey U21,"LCMF, RCMF, RDMF",20,580,0,0.27,1,0.63,United States,6.98,6.67,55.81,0.78,20,0.62,0.89,0,2.64,3.78,2.02,2,0.31,0,0,0.47,0,0,0,0.04,0,0,6,0.93,16.67,0,0.16,0.31,0,0.93,33.33,3.1,40,1.24,1.24,0.16,22.97,0.62,0.93,36.62,79.66,13.34,67.44,5.9,94.74,11.64,90.67,2.79,44.44,17.63,32.56,0.1,0.47,0.16,0,0,0,0.47,4.66,80,1.09,14.29,0.31,50,0.31,0,5.12,63.64,0,,0,,0,0,0,0,,,1.24,,
S. Rodriguez,Liga MX U627,2025/26,Monterrey U21,Monterrey U21,"RCMF, DMF",18,249,0,0.16,0,0,United States,11.2,12.29,61.76,0.72,100,0.72,1.25,0,2.89,5,3.25,0,0,0,0,1.08,0,0,0,0.06,0,0,2,0.72,100,0,0,0,0,0.72,50,1.81,80,1.08,0.72,0,20.6,0,1.08,32.53,86.67,13.73,76.32,5.42,93.33,9.76,100,3.61,70,18.09,30.37,0,0,0,0,0,0,0,7.23,85,0,0,0.72,50,0.36,0,6.87,78.95,0,,0,,0,0,0,0,,,1.08,,
C. Frayde,Liga MX U628,2025/26,Monterrey U21,Monterrey U21,"AMF, LCMF, CF",22,1486,4,2.61,2,2.61,Mexico,6.84,5.63,62.37,1.76,34.48,0.55,0.79,0.18,2.79,4.04,1.03,2,0.12,1,0.06,2.3,0.24,4,0.24,0.16,0,0,24,1.45,50,16.667,0.12,1.09,38.89,2.6,41.86,9.08,40.67,2.24,1.15,0.18,21.92,1.09,1.64,31.62,82.95,7.99,69.7,7.51,91.94,9.57,84.18,1.15,42.11,15.56,21.11,0.16,1.27,0.06,0,0.12,50,0.55,3.82,73.02,1.76,72.41,0.3,20,1.21,0.42,4.18,76.81,0,,0,,0,0,0,0,,,0.18,,
D. Arteaga,Liga MX U629,2025/26,Monterrey U21,Monterrey U21,"LCMF, RDMF, RCMF",19,1046,0,0.57,0,0.26,Mexico,10.15,10.33,62.5,2.58,30,0.77,1.13,0.17,2.93,4.27,3.53,5,0.43,0,0,0.52,0,0,0,0.05,0,0,8,0.69,0,0,0,0.09,0,0.86,50,9.98,33.62,0.86,0.26,0.09,15.06,0.26,2.67,25.98,77.15,9.21,64.49,4.99,89.66,7.66,80.9,2.07,29.17,19.44,24.09,0.02,0.43,0,0,0.17,50,0,4.39,62.75,0.52,33.33,0.34,25,0.6,0,4.13,66.67,0,,0,,0,0,0,0,,,0.52,,
O. Soto,Liga MX U630,2025/26,Monterrey U21,Monterrey U21,"RCB, DMF, RDMF",21,1261,1,1.98,0,0.13,Mexico,6,4.07,57.89,2.14,36.67,0,0,0.64,3.64,5.24,1.5,5,0.36,1,0.07,0.93,0.07,1,0.07,0.14,0,0,12,0.86,58.33,8.333,0,0.07,100,0.43,83.33,3.14,61.36,0.71,0.57,0,24.34,0.5,1.57,34.69,83.95,13.49,74.07,2.64,91.89,14.56,92.16,5.35,56,19.73,36.78,0.01,0.14,0,0.07,0.14,0,0.07,5.28,64.86,0.79,27.27,0.71,40,0.21,0,6.99,73.47,0,,0,,0,0,0,0,,,1,,
C. Reyes,Liga MX U631,2025/26,Monterrey U21,Monterrey U21,"RW, RAMF, LAMF",20,1324,6,3.51,3,4.18,Mexico,6.53,6.59,50.52,1.09,25,0.61,0.89,0,2.58,3.75,1.56,5,0.34,0,0,6.25,0.41,6,0.41,0.24,0,0,39,2.65,35.9,15.385,0.2,3.81,41.07,5.57,63.41,12.58,47.57,2.58,3.26,0.27,23.66,2.45,1.5,32.42,78.83,10.2,74.67,5.98,96.59,10.6,75,2.38,48.57,18.32,30.15,0.28,2.18,0,0.14,0.41,50,0.88,4.15,77.05,4.83,54.93,0.88,46.15,1.63,1.5,6.32,87.1,0,,0,,0,0,0,0,,,0.41,,
L. Ortiz,Liga MX U632,2025/26,Monterrey U19,Monterrey U21,"CF, AMF, RAMF",19,538,3,1.91,0,0.32,Mexico,5.35,5.02,60,0.5,33.33,0.5,0.75,0,1.84,2.75,1.17,0,0,0,0,3.01,0.5,3,0.5,0.32,0,0,13,2.17,69.23,23.077,0,1.51,33.33,2.01,41.67,7.03,33.33,1.67,1.34,0,29.94,0.5,0.84,38.64,82.25,11.04,75.76,8.7,94.23,12.38,82.43,2.51,46.67,19.93,19.72,0.05,0.84,0,0,0.33,50,0.17,5.02,80,2.17,53.85,0.33,50,0.84,0.84,5.52,57.58,0,,0,,0,0,0,0,,,0.67,,
O. Gálvez,Liga MX U633,2025/26,Monterrey U19,Monterrey U21,"CF, LCMF, AMF",20,748,5,2.97,1,2.18,Mexico,3.73,2.89,62.5,2.17,11.11,0.24,0.35,0,1.68,2.47,0.36,0,0,0,0,2.29,0.6,4,0.48,0.36,0,0,15,1.8,53.33,33.333,0.12,0.96,25,1.56,61.54,6.38,45.28,2.41,1.68,0.24,21.06,1.93,1.44,27.55,77.73,7.7,64.06,7.58,93.65,6.62,81.82,2.77,56.52,16.9,35.57,0.26,1.68,0.12,0,0.24,50,0.96,3.01,76,2.17,50,0.48,50,1.56,0.24,4.45,67.57,0,,0,,0,0,0,0,,,0.84,,
J. Serna,Liga MX U634,2025/26,Monterrey U19,Monterrey U21,"RW, LW, RAMF",20,870,1,1.76,1,0.8,Mexico,5.48,6.31,59.02,1.86,16.67,0.21,0.32,0.1,1.55,2.39,1.24,3,0.31,0,0,2.38,0.1,1,0.1,0.18,0,0,21,2.17,19.05,4.762,0.1,3,34.48,2.59,36,6.52,33.33,2.9,0.93,0.21,15.1,1.86,1.14,19.76,69.11,3.62,65.71,5.28,84.31,6.62,64.06,1.86,72.22,19.26,35.56,0.08,1.66,0,0,0.31,0,0.21,1.97,68.42,3,51.72,0.31,0,0.52,0.93,3.62,71.43,0,,0,,0,0,0,0,,,0.1,,
L. Ayala,Liga MX U635,2025/26,Monterrey U21,Monterrey U21,"RCMF, LCMF, CF",20,830,1,1.92,0,0.55,Mexico,6.61,5.53,54.9,0.76,42.86,1.19,1.72,0.11,2.39,3.44,1.08,1,0.11,0,0,1.08,0.11,0,0,0.21,0,0,5,0.54,20,20,0,0.54,40,1.19,54.55,5.64,38.46,0.65,0.65,0,22.99,0.33,1.3,33.4,79.87,12.36,66.67,6.07,89.29,10.63,88.78,6.51,55,21.85,37.57,0.06,0.43,0,0,0.11,100,0.33,6.94,62.5,1.52,50,0.76,42.86,0.98,0.22,6.07,75,0,,0,,0,0,0,0,,,1.19,,
L. Rojas,Liga MX U636,2025/26,Monterrey U21,Monterrey U21,"LW, LAMF, RW",20,1938,6,3.99,1,2.48,Mexico,5.34,5.2,57.14,1.58,38.24,0.51,0.74,0,1.86,2.7,1.3,0,0,0,0,3.62,0.28,6,0.28,0.19,0,0,31,1.44,58.06,19.355,0.05,1.63,34.29,5.11,43.64,11.61,32,2.37,2.18,0.14,14.21,2.14,1.16,18.99,65.77,5.34,47.83,3.9,84.52,5.9,68.5,1.58,23.53,17.85,26.21,0.11,1.21,0,0,0.19,0,0.65,1.95,47.62,2.14,41.3,0.23,20,0.93,0.56,3.95,65.88,0,,0,,0,0,0,0,,,0,,
J. Domínguez,Liga MX U637,2025/26,Monterrey U21,Monterrey U21,"DMF, RCB, LDMF",21,2160,0,2.09,2,0.08,Mexico,10.17,7.04,59.17,3.04,71.23,0.79,1.14,0.29,5.21,7.47,1.67,3,0.13,0,0,0.54,0,0,0,0.09,0,0,23,0.96,26.09,0,0.08,0.29,28.57,0.25,66.67,1.29,38.71,0.5,0.25,0,24.96,0.17,0.42,39.25,78.56,19.13,68.41,3.13,93.33,13.33,88.75,6.92,48.8,21.93,42.13,0,0.17,0.08,0.04,0.08,50,0.08,8.08,60.82,0.75,16.67,0.42,40,0.25,0.04,8.58,69.9,0,,0,,0,0,0,0,,,0.67,,
Icaro,Liga MX U638,2025/26,América U21,América U21,"LCMF, RCMF, DMF",19,1727,3,0.57,2,0.85,Brazil,8.76,5.99,63.48,1.88,52.78,0.68,1.01,0.31,4.27,6.37,1.93,5,0.26,0,0,2.08,0.16,3,0.16,0.03,0,0,17,0.89,41.18,17.647,0.1,0.63,33.33,2.24,62.79,7.5,47.92,0.36,1.51,0.36,23.56,0.63,2.35,35.7,88.61,9.9,78.42,5.11,97.96,14.17,93.38,2.35,60,18.64,27.65,0.04,0.42,0.1,0.05,0.1,100,0.16,5.16,75.76,0.94,44.44,0.31,50,0.26,0.21,4.53,77.01,0,,0,,0,0,0,0,,,0.63,,
E. Cruz,Liga MX U639,2025/26,América U21,América U21,"RB, RWB",20,1623,2,0.39,2,0.77,United States,5.93,4.94,57.3,1.66,30,0.22,0.31,0.22,2.88,4.01,1.28,5,0.28,0,0,1.77,0.11,2,0.11,0.02,1,0.06,3,0.17,66.67,66.667,0.11,2.38,34.88,1.11,65,2.38,39.53,0.55,1.11,0.17,17.8,1.89,0.39,26.12,74.52,8.54,58.44,4.49,98.77,8.93,73.29,4.6,39.76,21.92,35.94,0.04,0.5,0,0,0.11,100,0.17,4.49,55.56,2.38,41.86,0.67,58.33,0.5,0.78,5.93,75.7,0,,0,,0,0,0,0,,,0.44,,
Juan Gámez,Liga MX U640,2025/26,Pachuca U21,Pachuca U21,"LDMF, RCMF, LCMF",20,956,3,1.4,1,0.24,Mexico,6.59,5.27,73.21,3.39,41.67,0.47,0.64,0.09,2.26,3.09,1.13,1,0.09,0,0,0.75,0.28,3,0.28,0.13,0,0,9,0.85,44.44,33.333,0.09,0,0,0.47,80,3.29,48.57,0.47,0.38,0.19,13.09,0.09,0.85,23.54,83.6,7.91,73.81,3.58,97.37,8.66,85.87,2.26,58.33,18.45,28.94,0.02,0.38,0.09,0,0.09,0,0.09,4.61,71.43,0.38,25,0.38,25,0.09,0,3.77,80,0,,0,,0,0,0,0,,,0.09,,
D. Arriaga,Liga MX U641,2025/26,América U21,América U21,"LW, CF, RW",22,1745,2,3.35,5,2.82,Mexico,7.63,6.96,67.41,1.81,22.86,0.36,0.55,0.1,2.58,3.96,1.03,2,0.1,1,0.05,4.95,0.1,1,0.05,0.17,0,0,28,1.44,32.14,7.143,0.26,3.2,30.65,6.96,48.89,14.34,38.85,2.11,2.99,0.31,15.94,2.22,1.6,22.02,68.62,6.65,61.24,4.02,92.31,6.96,68.15,2.06,37.5,19.49,24.35,0.15,1.55,0,0,0.31,33.33,0.62,2.99,60.34,3.15,42.62,0.67,38.46,1.19,0.93,4.85,81.91,0,,0,,0,0,0,0,,,0,,
A. Cárdenas,Liga MX U642,2025/26,América U19,América U21,"CF, AMF",19,556,2,1,3,0.2,Mexico,4.21,3.24,45,7.12,63.64,0.65,0.9,0,2.1,2.93,1.62,1,0.16,0,0,0.81,0.32,2,0.32,0.16,2,0.32,8,1.29,50,25,0.49,0.32,0,0.16,100,5.5,26.47,2.59,0.32,0,8.42,1.62,0.81,14.08,72.41,2.59,50,5.34,87.88,3.56,77.27,0.81,0,17.12,17.22,0.03,0.49,0,0,0,0,0.32,1.46,55.56,0.49,33.33,0,0,0.16,0,0.97,50,0,,0,,0,0,0,0,,,0,,
S. Camarena,Liga MX U643,2025/26,América U19,América U21,"LCMF, RCMF, DMF",20,1493,1,0.14,0,0.16,Mexico,7.11,6.45,57.94,0.96,25,0.36,0.5,0.18,3.01,4.18,1.81,4,0.24,0,0,0.6,0.06,1,0.06,0.01,0,0,9,0.54,22.22,11.111,0,0.3,40,0.48,75,3.19,43.4,0,0.78,0,35.02,0.12,0.6,48.1,87.72,15.07,71.2,6.21,98.06,21.46,95.51,6.21,54.37,19.81,36.37,0.01,0.3,0,0.06,0,0,0,8.08,67.91,1.21,25,0.6,20,0.24,0.12,7.41,75.61,0,,0,,0,0,0,0,,,0.48,,
J. Chala,Liga MX U644,2025/26,Pachuca U21,Pachuca U21,"RAMF, RW, LW",19,626,2,1.64,1,0.94,Colombia,7.91,6.61,65.22,3.31,30.43,0.14,0.23,0.14,3.45,5.41,3.31,5,0.72,0,0,5.46,0.29,2,0.29,0.24,0,0,18,2.59,27.78,11.111,0.14,2.59,27.78,7.33,52.94,14.81,43.69,3.31,3.88,0.86,15.1,3.02,2.73,21.42,63.76,5.32,56.76,2.3,81.25,7.76,62.96,3.59,44,21.17,29.63,0.13,1.29,0,0,0.14,100,0.29,3.16,63.64,2.59,44.44,0.72,40,1.15,0.72,4.89,67.65,0,,0,,0,0,0,0,,,0,,
A. Fernández,Liga MX U645,2025/26,América U21,América U21,"RW, LW, RAMF",20,618,2,0.86,1,1.44,Mexico,6.7,4.51,58.06,1.75,41.67,0.15,0.22,0,3.93,5.96,1.17,1,0.15,0,0,5.39,0.29,2,0.29,0.12,0,0,10,1.46,50,20,0.15,3.06,33.33,6.55,53.33,15.15,43.27,1.6,3.79,0.58,16.89,1.17,1.46,25.19,64.74,8.74,43.33,4.37,100,7.86,68.52,0.73,80,22.97,10.94,0.21,1.17,0.44,0,0.44,33.33,0.73,2.33,50,3.79,30.77,0.29,0,0.29,1.02,3.93,66.67,0,,0,,0,0,0,0,,,0.15,,
Juan Sigala,Liga MX U646,2025/26,Pachuca U21,Pachuca U21,"CF, AMF, RCMF",19,923,3,2.05,2,1.55,Mexico,4,5.27,50,1.27,30.77,0.2,0.27,0.1,1.17,1.61,0.88,1,0.1,0,0,2.24,0.29,3,0.29,0.2,1,0.1,26,2.54,30.77,11.538,0.2,0.98,50,1.56,56.25,6.24,43.75,2.34,0.68,0.1,17.65,0.98,1.76,23.69,74.07,8,64.63,3.8,82.05,6.63,77.94,1.85,47.37,15.14,21.59,0.15,1.17,0,0,0.29,33.33,0.49,3.71,73.68,3.02,51.61,0.88,33.33,1.37,0.29,3.71,89.47,0,,0,,0,0,0,0,,,0,,
C. Ayón,Liga MX U647,2025/26,América U21,América U21,"LCMF, RCMF",21,1551,1,0.58,0,0.62,Mexico,8.7,7.37,58.27,1.45,68,0.7,1.07,0.23,3.71,5.7,1.45,4,0.23,0,0,1.62,0.06,1,0.06,0.03,0,0,13,0.75,30.77,7.692,0,0.41,42.86,1.8,67.74,6.44,53.15,0.23,0.87,0.12,28.84,0.46,1.57,39.4,87.48,10.79,76.34,6.15,98.11,17.06,91.16,3.08,60.38,19.23,34.75,0.04,0.46,0,0.06,0.12,0,0.17,6.56,76.99,0.93,50,0.29,20,0.41,0.12,5.51,73.68,0,,0,,0,0,0,0,,,1.04,,
I. Zavala,Liga MX U648,2025/26,Pachuca U21,Pachuca U21,"RAMF, RW, RWF",20,617,0,1.61,3,1.6,Mexico,3.65,3.21,31.82,1.75,16.67,0,0,0.15,2.63,3.46,0.73,2,0.29,0,0,5.11,0,0,0,0.23,0,0,17,2.48,23.53,0,0.44,5.11,22.86,6.13,54.76,11.67,47.5,2.92,2.19,0,15.32,4.67,1.9,21.59,58.11,6.71,56.52,4.23,86.21,6.13,54.76,1.75,50,19.41,27.25,0.23,1.17,0,0,0,0,0.88,2.48,64.71,3.79,50,0.44,100,0.73,1.31,4.67,68.75,0,,0,,0,0,0,0,,,0,,
D. Collazo,Liga MX U649,2025/26,Pachuca U23,Pachuca U21,"RW, RAMF",22,745,6,2.59,1,0.58,Mexico,4.83,4.35,61.11,3.02,36,0.24,0.3,0.24,1.93,2.42,0.97,0,0,0,0,4.11,0.72,6,0.72,0.31,1,0.12,18,2.17,66.67,33.333,0.12,2.66,4.55,3.87,53.13,11.23,37.63,4.11,2.42,0.24,18.6,2.05,0.85,23.8,65.48,6.77,62.5,3.87,81.25,7.13,57.63,2.05,29.41,17.02,31,0.07,0.72,0.12,0,0.48,100,0.24,2.9,58.33,3.26,37.04,0.6,60,0.97,0.24,3.87,71.88,0,,0,,0,0,0,0,,,0.24,,
A. Contreras,Liga MX U650,2025/26,América U21,América U21,"RCMF, CF, AMF",21,1221,1,1.25,0,0.94,Mexico,7.44,7.52,61.76,2.58,34.29,0.29,0.45,0.07,2.51,3.82,2.14,5,0.37,1,0.07,1.18,0.07,1,0.07,0.09,0,0,11,0.81,27.27,9.091,0,0.52,42.86,0.88,66.67,5.6,40.79,0.81,0.52,0,17.03,1.18,1.03,26.17,80,8.99,61.48,3.76,94.12,9.21,89.6,3.46,34.04,22.33,32.9,0.07,0.52,0,0,0.15,100,0.22,5.45,56.76,1.55,42.86,0.52,28.57,0.44,0.15,4.05,72.73,0,,0,,0,0,0,0,,,0.07,,
M. Fava,Liga MX U651,2025/26,Pachuca U21,Pachuca U21,"LW, LAMF",21,842,0,1.24,1,1.22,Mexico,4.6,4.06,57.89,1.39,23.08,0.11,0.15,0,2.14,2.96,0.64,2,0.21,0,0,5.24,0,0,0,0.13,0,0,15,1.6,46.67,0,0.11,3.74,20,7.59,49.3,15.07,42.55,2.14,4.92,0.86,19.56,2.14,2.03,26.4,67.61,6.09,59.65,6.41,93.33,8.34,62.82,2.67,48,19.11,28.37,0.13,1.71,0,0.11,0.11,0,0.86,2.46,39.13,4.17,38.46,1.07,30,1.5,0.75,3.95,78.38,0,,0,,0,0,0,0,,,0.43,,
A. Álvarez,Liga MX U652,2025/26,América,América U21,"AMF, RW, CF",22,240,0,0.83,0,0.07,Mexico,4.5,5.25,64.29,0.38,0,0,0,0,1.13,2.05,1.13,1,0.38,0,0,3.38,0,0,0,0.31,0,0,8,3,25,0,0,0.38,100,3.38,66.67,13.88,54.05,2.25,3.75,0.38,24.75,1.13,4.13,29.25,78.21,9,58.33,6,100,8.63,86.96,1.88,40,21.77,19.95,0.02,1.13,0,0,0,0,0.38,5.25,64.29,3.38,55.56,0.38,100,1.5,0.38,3.75,80,0,,0,,0,0,0,0,,,0,,
Gael Delgado,Liga MX U653,2025/26,América U21,América U21,"RB, LB, RWB",21,216,0,0,0,0.06,Mexico,11.67,8.33,70,1.67,25,1.25,1.55,0.42,4.58,5.69,1.67,2,0.83,0,0,0.83,0,0,0,0,0,0,0,0,0,0,0,2.5,16.67,0.42,100,2.08,60,0,0,0,15,1.67,1.25,23.75,70.18,9.58,69.57,2.5,83.33,8.75,57.14,3.33,75,22.17,27.37,0.03,0.42,0,0,0,0,0,5,75,3.33,25,0.42,0,0,0.42,9.58,65.22,0,,0,,0,0,0,0,,,0,,
C. Vela,Liga MX U654,2025/26,América U21,América U21,"CF, LW, LCMF",21,822,2,2.04,1,0.99,Mexico,5.36,6.24,56.14,1.86,29.41,0,0,0,1.86,2.87,2.19,0,0,0,0,3.39,0.22,2,0.22,0.22,0,0,28,3.07,53.57,7.143,0.11,1.2,18.18,3.07,46.43,7.99,41.1,1.31,2.41,0.11,15.88,1.42,1.64,21.57,74.11,4.93,55.56,4.16,92.11,8.32,75,2.96,33.33,18.41,17.23,0.11,1.09,0,0,0.11,100,0.55,3.72,58.82,2.74,36,0.99,33.33,1.2,0.11,3.94,69.44,0,,0,,0,0,0,0,,,0.22,,
T. Contreras,Liga MX U655,2025/26,Pachuca U21,Pachuca U21,"RDMF, RCMF, DMF",21,859,1,0.41,1,0.61,Mexico,9.95,7.02,64.18,2.41,56.52,0.52,0.72,0.42,4.92,6.81,0.94,2,0.21,1,0.1,0.94,0.1,1,0.1,0.04,0,0,9,0.94,22.22,11.111,0.1,0.42,25,0.84,75,3.67,57.14,0.21,0.31,0,18.13,0.21,1.57,31.64,79.8,12.15,58.62,3.46,93.94,11.53,95.45,6.81,58.46,21.73,42.22,0.06,0.52,0.1,0.1,0,0,0.1,7.65,68.49,1.26,25,1.05,40,0.31,0.1,5.66,79.63,0,,0,,0,0,0,0,,,0.52,,
Í. Ariztia,Liga MX U656,2025/26,América U21,América U21,"LCMF, LW",20,157,0,0.02,0,0.09,Mexico,6.31,6.88,50,1.72,33.33,0.57,0.91,0,2.29,3.64,3.44,2,1.15,0,0,1.15,0,0,0,0.01,0,0,1,0.57,100,0,0,0.57,100,0,0,2.87,0,0,1.15,0,40.13,0.57,0,49.87,91.95,12.04,76.19,7.45,100,20.64,97.22,6.88,58.33,16.99,29.64,0.05,0.57,0,0,0,0,0.57,7.45,92.31,2.29,50,0.57,0,0.57,0.57,7.45,76.92,0,,0,,0,0,0,0,,,0,,
M. Carreón,Liga MX U657,2025/26,América U21,América U21,"RW, RWB, LAMF",22,1154,3,1.73,1,1.14,Mexico,7.56,6.08,56.41,1.4,38.89,1.09,1.68,0,3.04,4.68,1.56,4,0.31,1,0.08,1.95,0.23,3,0.23,0.13,1,0.08,15,1.17,53.33,20,0.08,2.5,25,1.48,47.37,7.88,34.65,1.09,1.48,0.47,25.89,1.72,1.64,31.66,75.62,8.19,62.86,7.56,92.78,10.84,74.1,3.04,41.03,18.67,32.52,0.09,0.94,0,0.16,0.08,0,0.31,3.28,64.29,2.81,44.44,0.31,25,0.55,0.7,4.76,68.85,0,,0,,0,0,0,0,,,0.16,,
J. Cantú,Liga MX U658,2025/26,Pachuca U21,Pachuca U21,"CF, AMF",22,255,0,0.46,0,0.07,Mexico,2.47,1.06,33.33,4.94,35.71,0,0,0.71,2.12,3.27,0.71,0,0,0,0,0,0,0,0,0.16,0,0,3,1.06,0,0,0,0,0,0,0,4.94,14.29,2.12,0.35,0,13.06,2.12,0.35,21.88,77.42,4.24,66.67,7.06,90,6.35,72.22,1.06,66.67,16.21,5.25,0.02,0.35,0,0,0,0,0,2.12,50,0,0,0,0,0.71,0,1.76,60,0,,0,,0,0,0,0,,,0,,
L. Vega,Liga MX U659,2025/26,Santos Laguna U21,Santos Laguna U21,"RAMF, RCMF, RW",22,1292,4,2.12,2,1.08,Mexico,5.43,4.46,65.63,2.37,44.12,0.28,0.43,0.14,2.23,3.48,0.49,1,0.07,0,0,1.32,0.28,3,0.21,0.15,0,0,15,1.04,73.33,26.667,0.14,0.63,22.22,0.98,35.71,4.74,39.71,0.84,1.11,0.07,21.46,1.6,1.18,32.25,81.64,10.73,73.38,6.27,90,9.75,84.29,2.79,55,16.74,31.93,0.08,0.98,0,0.07,0.07,100,0.14,3.97,78.95,1.67,54.17,0.14,50,1.04,0.14,4.39,61.9,0,,0,,0,0,0,0,,,0.21,,
E. Tame,Liga MX U660,2025/26,Ranger's,Atlético de San Luis U21,"RCB, DMF, LCMF",21,289,0,0.02,0,0,Spain,7.79,6.23,55,0.93,66.67,0.31,0.45,0,4.05,5.91,1.25,1,0.31,0,0,0.62,0,0,0,0.01,0,0,1,0.31,100,0,0,0.31,0,0.62,50,4.36,35.71,0.31,0.62,0,22.42,0.93,1.56,34.26,80.91,13.08,69.05,2.8,100,13.39,88.37,3.74,25,15.96,17.03,0,0,0,0,0,0,0,5.61,66.67,0.62,0,0,0,0,0,6.85,50,0,,0,,0,0,0,0,,,0.62,,
Gael García,Liga MX U661,2025/26,León,Club León U21,"CF, LAMF, LW",22,503,1,0.54,1,0.47,Mexico,3.4,4.29,41.67,0.72,25,0.36,0.49,0,1.25,1.71,1.07,0,0,0,0,3.4,0.18,1,0.18,0.1,0,0,8,1.43,50,12.5,0.18,1.61,33.33,3.94,54.55,15.39,37.21,1.79,3.76,0.36,24.69,1.79,1.97,32.39,83.43,6.26,65.71,9.66,94.44,11.27,80.95,2.5,71.43,17.69,41.21,0.08,0.36,0,0,0,0,0.54,3.22,61.11,2.68,60,0.18,0,1.07,0.54,3.94,86.36,0,,0,,0,0,0,0,,,0,,
D. Medina,Liga MX U662,2025/26,Santos Laguna,Santos Laguna U21,"AMF, LWF, RAMF",25,164,0,0.09,0,0.05,Mexico,11.52,10.98,75,1.65,0,0,0,0,3.29,4,0,0,0,0,0,2.74,0,0,0,0.05,0,0,1,0.55,100,0,0,0,0,4.39,37.5,20.3,32.43,2.2,2.74,0.55,19.76,2.74,2.74,32.38,79.66,5.49,80,8.23,93.33,11.52,76.19,2.74,80,17.93,40.53,0.03,0.55,0,0,0.55,100,0,4.39,62.5,1.65,100,0.55,100,1.65,0,2.2,75,0,,0,,0,0,0,0,,,0,,
É. Dueñas,Liga MX U663,2025/26,Querétaro U21,Querétaro U21,"RW, RB, CF",21,750,0,0.64,0,0.28,United States,11.52,8.76,60.27,0.48,25,0.84,1.07,0,5.4,6.85,2.16,1,0.12,0,0,2.76,0,0,0,0.08,0,0,5,0.6,40,0,0,2.76,43.48,1.68,78.57,7.08,38.98,1.32,1.2,0,24.12,1.44,1.32,34.2,78.25,12.6,75.24,7.32,93.44,9.12,71.05,3.12,42.31,17.54,33.89,0.03,0.72,0.12,0,0,0,0.24,4.2,71.43,3.12,50,0.12,100,0.84,1.2,8.04,71.64,0,,0,,0,0,0,0,,,1.44,,
J. Ocejo,Liga MX U664,2025/26,Santos Laguna,Santos Laguna U21,CF,28,175,1,0.54,0,0.02,Mexico,3.09,2.06,75,5.14,30,0,0,0,1.54,2.37,0,0,0,0,0,3.09,0.51,1,0.51,0.28,0,0,6,3.09,50,16.667,0,0,0,1.54,100,5.66,54.55,4.63,0.51,0,6.69,1.54,2.06,12.34,79.17,1.54,66.67,5.66,81.82,4.11,75,0.51,100,14.85,8.86,0.01,0.51,0,0,0,0,0,0.51,100,0,0,0,0,0.51,0,0,0,0,,0,,0,0,0,0,,,0,,
D. López,Liga MX U665,2025/26,Sporting FC,Querétaro U21,CF,26,213,1,0.68,0,0,Mexico,1.27,0.42,100,3.38,37.5,0,0,0,0.85,0.95,0,0,0,0,0,2.54,0.42,1,0.42,0.29,0,0,8,3.38,37.5,12.5,0,0.85,0,2.54,50,7.61,44.44,2.11,2.54,0.85,8.03,2.96,0.42,15.21,77.78,2.11,60,4.65,90.91,4.65,63.64,1.69,50,17.77,27.17,0,0,0,0,0,0,0,1.69,75,2.11,40,0,0,0.85,0.42,2.54,66.67,0,,0,,0,0,0,0,,,0,,
Á. Robles,Liga MX U666,2025/26,CA La Paz,Puebla U21,"AMF, CF, RCMF",24,522,3,1.85,2,1.22,Mexico,3.45,3.28,47.37,1.72,30,0,0,0,1.9,3.17,0.86,0,0,0,0,3.45,0.52,3,0.52,0.32,0,0,28,4.83,28.57,10.714,0.34,0.52,33.33,4.48,42.31,11.72,27.94,2.41,1.38,0,24.14,2.24,1.21,29.14,86.98,6.9,77.5,5.17,86.67,11.03,90.63,2.41,92.86,16.32,31.72,0.21,1.72,0.17,0,0.17,0,0.86,4.48,92.31,1.21,71.43,0.17,0,1.03,0.17,2.59,93.33,0,,0,,0,0,0,0,,,0,,
M. Manotas,Liga MX U667,2025/26,Real Cartagena,Atlas U21,"CF, AMF",30,372,2,1.27,0,0.38,Colombia,2.66,1.45,66.67,1.45,16.67,0,0,0,1.69,2.59,0.24,0,0,0,0,2.18,0.48,1,0.24,0.31,0,0,6,1.45,50,33.333,0,0.48,0,3.15,46.15,10.16,33.33,2.66,1.21,0,9.19,1.21,0.97,16.21,83.58,1.21,60,5.08,85.71,6.05,92,0.97,100,17.23,18.88,0.09,0.48,0,0,0,0,0.24,1.69,100,0.24,100,0.24,100,0.48,0,0.73,66.67,0,,0,,0,0,0,0,,,0,,
A. Álvarez,Liga MX U668,2025/26,Toluca,Deportivo Toluca U21,"LB, CF",23,1115,0,0.75,0,1.81,Mexico,9.28,7.43,59.78,1.78,59.09,0.4,0.56,0.08,4.44,6.11,1.94,3,0.24,1,0.08,3.47,0,0,0,0.06,0,0,12,0.97,50,0,0,3.96,32.65,2.83,57.14,7.75,43.75,0.4,2.42,0.48,23.65,1.13,1.7,35.76,77.65,10.98,72.06,7.35,94.51,11.46,76.06,4.04,52,21.97,37.56,0.15,0.97,0.08,0,0.08,100,0.24,4.36,68.52,3.31,43.9,0.24,66.67,0.32,1.29,7.35,76.92,0,,0,,0,0,0,0,,,1.13,,
E. García,Liga MX U669,2025/26,Atlético Ottawa,Atlético de San Luis U21,"CF, RW, RWF",22,294,0,0.19,1,0.13,Mexico,6.73,6.12,65,3.37,36.36,0,0,0,2.76,4.35,0.31,0,0,0,0,2.45,0,0,0,0.06,0,0,2,0.61,50,0,0.31,3.37,27.27,2.45,50,7.65,36,1.53,0.92,0,13.78,2.14,0.92,21.12,69.57,4.9,68.75,4.29,78.57,7.35,70.83,0.92,66.67,19.75,10.01,0.04,0.61,0.31,0,0,0,0.31,3.37,54.55,2.76,44.44,0.61,50,0.61,0.92,3.67,100,0,,0,,0,0,0,0,,,0.31,,
J. Hernández,Liga MX U670,2025/26,Club Tijuana U21,Club Tijuana U21,"CF, RW",20,884,4,4.97,3,1.49,Mexico,4.48,4.79,55.32,3.05,16.67,0.2,0.28,0,1.63,2.21,1.43,0,0,0,0,3.26,0.41,2,0.2,0.51,1,0.1,26,2.65,50,15.385,0.31,0.61,50,2.75,59.26,8.55,33.33,2.85,2.04,0.81,14.36,1.83,1.43,17.1,83.33,4.07,80,6.01,89.83,3.56,77.14,0.71,57.14,15.19,10.7,0.15,0.71,0,0,0,0,0.41,1.43,85.71,0.71,85.71,0,0,1.02,0.31,1.73,76.47,0,,0,,0,0,0,0,,,0,,
G. Mendoza José,Liga MX U671,2025/26,Mazatlán U21,Mazatlán U21,CF,18,203,0,0.94,0,0.06,Mexico,3.1,2.66,66.67,3.55,62.5,0,0,0,1.33,1.55,1.33,0,0,0,0,1.33,0,0,0,0.42,0,0,2,0.89,50,0,0,0.44,0,1.33,66.67,7.54,29.41,1.77,0,0,11.53,2.22,3.1,14.63,72.73,3.1,71.43,4.88,81.82,5.32,66.67,1.77,75,16.51,20.79,0.02,0.44,0,0,0,0,0,0.89,100,0.89,50,0,0,0.44,0,2.66,66.67,0,,0,,0,0,0,0,,,0,,
I. James,Liga MX U672,2025/26,Juárez U21,Juárez U21,CF,19,327,1,1.98,0,0.01,Nigeria,1.38,3.03,18.18,5.23,31.58,0,0,0,0.83,1.05,1.1,1,0.28,0,0,2.2,0.28,1,0.28,0.54,0,0,12,3.3,25,8.333,0,0.55,50,1.65,66.67,4.95,33.33,3.3,0.83,0,6.61,1.65,0,9.36,64.71,1.65,50,2.75,60,2.2,62.5,1.65,33.33,19.64,21.31,0,0.28,0,0,0,0,0,1.1,50,0.55,50,0,0,0,0.28,1.93,57.14,0,,0,,0,0,0,0,,,0,,
F. Leventis,Liga MX U673,2025/26,Juárez U21,Juárez U21,"RCMF, DMF, CF",19,973,0,0.94,2,0.17,Nigeria,10.82,9.06,65.31,1.66,50,0.46,0.6,0.46,4.44,5.78,2.13,2,0.18,0,0,1.76,0,0,0,0.09,0,0,9,0.83,33.33,0,0.18,0.55,66.67,2.4,42.31,11.84,36.72,1.02,1.76,0.46,16.83,0.55,1.48,29.23,77.22,10.17,65.45,4.25,93.48,9.06,86.73,3.24,54.29,19.03,27.94,0.02,0.18,0,0.09,0.09,100,0.28,3.61,69.23,1.02,36.36,0.18,50,0.18,0.28,5.83,61.9,0,,0,,0,0,0,0,,,0.37,,
J. Hernández De León,Liga MX U674,2025/26,Juárez U17,Juárez U21,"CF, LW",17,253,0,0,1,0.28,Mexico,7.83,8.54,45.83,6.76,26.32,2.13,2.86,0.36,1.78,2.38,2.85,0,0,0,0,1.78,0,0,0,0,0,0,1,0.36,0,0,0.36,0.71,100,2.13,50,7.11,25,1.07,0,0,4.62,0.71,1.07,11.03,77.42,2.13,33.33,5.34,93.33,1.78,80,0.71,50,12.24,21.8,0.1,0.36,0,0,0,0,0.36,1.07,33.33,0,0,0,0,0.36,0.36,0.71,50,0,,0,,0,0,0,0,,,0,,
V. Murillo,Liga MX U675,2025/26,Juárez U21,Juárez U21,"LAMF, LW, CF",20,1401,4,4.03,1,1.42,United States,6.23,5.91,60.87,1.22,26.32,0.64,0.81,0.06,1.99,2.51,1.48,3,0.19,0,0,3.21,0.26,4,0.26,0.26,1,0.06,27,1.73,40.74,14.815,0.06,2.83,36.36,2.44,60.53,7.58,44.07,1.73,0.96,0,11.05,1.73,1.48,15.87,63.56,4.69,56.16,3.73,87.93,4.95,57.14,1.73,37.04,20.78,21.88,0.09,0.71,0,0,0,0,0.26,2.12,48.48,2.89,37.78,0.19,0,0.45,0.96,4.3,64.18,0,,0,,0,0,0,0,,,0,,
P. Oladipupo Kilani,Liga MX U676,2025/26,Querétaro U21,Querétaro U21,CF,21,745,3,3.18,0,0.95,Nigeria,3.38,4.83,42.5,7.01,41.38,0.12,0.15,0.12,1.21,1.55,2.9,2,0.24,0,0,3.5,0.36,2,0.24,0.38,0,0,23,2.78,65.22,13.043,0,0.97,25,2.54,57.14,13.17,33.03,4.23,1.33,0.36,11.84,2.9,1.81,18.48,70.59,3.87,40.63,5.07,97.62,5.44,64.44,0.72,33.33,16.78,22.73,0.11,0.85,0,0,0,0,0.6,2.78,52.17,1.09,22.22,0.24,0,0.72,0.24,1.69,64.29,0,,0,,0,0,0,0,,,0,,
M. Cota,Liga MX U677,2025/26,Juárez U21,Juárez U21,CF,19,741,0,1.64,1,0.56,Mexico,4.25,5.1,54.76,5.83,25,0.12,0.16,0,1.34,1.78,2.91,2,0.24,1,0.12,1.82,0,0,0,0.2,0,0,18,2.19,22.22,0,0.12,0.24,0,2.06,64.71,8.38,34.78,2.91,0.85,0.12,8.5,1.82,0.85,13.97,75.65,3.04,56,4.01,81.82,3.64,80,0.49,50,15.12,8.89,0.07,0.61,0,0,0,0,0.24,1.58,61.54,0.49,25,0,0,0.49,0,1.34,63.64,0,,0,,0,0,0,0,,,0,,
B. Gamboa,Liga MX U678,2025/26,Cruz Azul,Cruz Azul U21,"CF, RW, LW",24,390,2,0.67,2,0.98,Mexico,1.62,1.15,40,1.85,25,0,0,0,1.15,1.65,1.15,1,0.23,0,0,2.31,0.46,2,0.46,0.16,1,0.23,6,1.38,50,33.333,0.46,1.85,25,3.46,33.33,9.69,23.81,4.15,2.08,0,14.54,1.38,0.92,20.08,77.01,3.23,71.43,6.23,77.78,5.77,80,0.69,33.33,19.02,15.29,0.23,1.15,0,0,0,0,0.69,1.15,100,0.46,0,0,0,0.69,0.46,1.85,37.5,0,,0,,0,0,0,0,,,0,,
Christopher Aquino,Liga MX U679,2025/26,Colorado Rapids II,Juárez U21,"CF, AMF, LW",20,159,0,0.13,0,0,United States,6.23,4.53,50,2.26,25,0.57,0.81,0.57,3.4,4.86,0.57,0,0,0,0,1.7,0,0,0,0.07,0,0,2,1.13,50,0,0,1.13,0,1.7,66.67,5.66,40,0.57,1.13,0,10.19,0.57,0,15.85,67.86,5.09,44.44,2.83,100,6.23,63.64,2.26,50,18.26,6.2,0,0,0,0,0,0,0,1.7,0,2.26,0,0.57,0,0.57,0,0.57,100,0,,0,,0,0,0,0,,,0,,
Victor Velazquez,Liga MX U680,2025/26,Cruz Azul U21,Cruz Azul U21,"CF, LW",20,784,1,1.12,0,0,Mexico,3.1,1.95,47.06,1.15,0,0.57,1.02,0,1.61,2.86,0.8,1,0.11,0,0,0.8,0.11,1,0.11,0.13,0,0,10,1.15,40,10,0,1.03,11.11,0.69,33.33,4.36,13.16,1.61,0.57,0.23,7.35,1.15,0.23,8.49,68.92,1.03,55.56,2.87,84,2.53,63.64,0.11,100,15.97,2.93,0,0,0.11,0,0,0,0,0.34,33.33,0.57,20,0,0,0,0.11,0.57,60,0,,0,,0,0,0,0,,,0,,
C. Robles Zubizarreta,Liga MX U681,2025/26,Querétaro U19,Querétaro U21,"CF, RWF",20,510,1,1.91,0,0.03,Mexico,5.29,4.94,57.14,5.82,27.27,0.71,0.83,0.35,1.76,2.07,1.24,0,0,0,0,2.82,0.18,1,0.18,0.34,0,0,10,1.76,70,10,0,0.88,0,2.47,64.29,7.76,52.27,2.82,1.41,0.18,8.65,2.12,3.18,12.71,70.83,3.53,50,3.71,80.95,3.18,83.33,0.35,0,15.24,14.22,0,0.18,0,0,0,0,0,1.76,60,0.88,20,0.18,0,0,0,1.24,28.57,0,,0,,0,0,0,0,,,0.18,,
N. Jimenez,Liga MX U682,2025/26,Pumas UNAM U21,Pumas UNAM U21,CF,20,765,3,2.36,1,0.3,Colombia,3.53,5.18,45.45,5.65,22.92,0.12,0.15,0,1.06,1.37,3.06,1,0.12,0,0,2,0.35,2,0.24,0.28,1,0.12,19,2.24,26.32,15.789,0.12,0.47,25,2.94,44,16.59,20.57,2,1.41,0,10.12,2,1.65,17.76,72.85,3.29,50,5.06,81.4,3.88,66.67,0.35,33.33,13.41,6.03,0.04,0.82,0,0,0,0,0.12,0.94,50,0.35,0,0,0,0.35,0,0.94,50,0,,0,,0,0,0,0,,,0,,
C. Murillo,Liga MX U683,2025/26,Deportivo Toluca U19,Deportivo Toluca U21,"RW, RCMF, CF",20,166,0,0.6,0,0.07,Mexico,7.59,6.51,66.67,2.71,20,0.54,0.81,0,2.71,4.05,2.17,0,0,0,0,3.8,0,0,0,0.32,0,0,7,3.8,57.14,0,0,1.08,50,3.8,28.57,13.55,36,3.25,2.71,0.54,12.47,1.08,2.17,15.72,62.07,4.34,50,0,0,7.59,78.57,1.63,33.33,16.54,22.37,0.04,1.63,0,0,0,0,0,1.08,50,2.17,50,0.54,0,0.54,0.54,3.8,71.43,0,,0,,0,0,0,0,,,0,,
W. Barboza Silva,Liga MX U684,2025/26,Deportivo Toluca U21,Deportivo Toluca U21,CF,18,1289,11,8.71,2,1.83,Brazil,4.12,3,48.84,7.12,39.22,0,0,0.14,2.65,3.49,2.65,2,0.14,1,0.07,3.84,0.77,11,0.77,0.61,4,0.28,52,3.63,46.15,21.154,0.14,0.63,55.56,2.86,63.41,11.45,32.32,4.82,1.47,0.49,9.57,2.23,2.44,13.34,76.96,3.42,63.27,4.12,86.44,3.07,79.55,0.42,50,15.91,20.08,0.13,0.56,0,0,0,0,0.14,1.82,73.08,0.7,50,0.07,0,0.63,0.28,1.82,65.38,0,,0,,0,0,0,0,,,0.07,,
B. Giovani,Liga MX U685,2025/26,Deportivo Toluca U21,Deportivo Toluca U21,CF,20,770,3,2.14,0,0.45,Mexico,3.39,3.04,50,6.08,26.92,0.35,0.52,0.12,1.52,2.24,1.4,2,0.23,0,0,1.17,0.35,3,0.35,0.25,1,0.12,13,1.52,46.15,23.077,0,0,0,0.94,50,10.29,34.09,2.69,0.12,0,10.17,1.4,2.57,17.77,86.84,3.27,78.57,6.78,93.1,3.27,78.57,0.12,100,12.91,0.83,0.05,0.58,0,0,0,0,0,1.52,84.62,0.35,100,0,0,0.47,0,1.05,55.56,0,,0,,0,0,0,0,,,0,,
J. Mancilla,Liga MX U686,2025/26,Pumas UNAM U19,Pumas UNAM U21,"CF, LW, AMF",18,164,0,0.21,0,0.04,Mexico,3.29,4.94,44.44,2.2,25,0,0,0,1.1,1.67,0.55,0,0,0,0,2.74,0,0,0,0.12,0,0,5,2.74,40,0,0,1.65,0,2.74,60,8.78,25,1.1,0.55,0,20.3,2.2,0,25.24,76.09,7.13,61.54,8.78,93.75,4.94,66.67,2.2,25,18.12,22.93,0.02,0.55,0.55,0,0,0,0,2.2,50,2.2,0,0.55,0,0,0,1.1,50,0,,0,,0,0,0,0,,,0,,
J. Salazar,Liga MX U687,2025/26,Pumas UNAM U19,Pumas UNAM U21,"RWF, RW",20,359,2,0.37,2,1.13,United States,3.26,3.26,53.85,1.5,50,0,0,0,1.5,2.4,1.25,1,0.25,0,0,2.51,0.5,2,0.5,0.09,0,0,6,1.5,50,33.333,0.5,2.01,50,2.01,37.5,6.77,40.74,2.01,2.01,0.75,30.58,3.01,1,37.86,81.46,6.77,74.07,10.28,87.8,14.79,79.66,2.51,40,17.02,15.26,0.28,2.76,0.25,0.25,0,0,1.25,2.26,55.56,2.51,70,0,0,1.5,1,5.77,65.22,0,,0,,0,0,0,0,,,0,,
J. Domínguez,Liga MX U688,2025/26,Pumas UNAM U21,Pumas UNAM U21,"RW, RWF, RAMF",18,340,1,0.25,2,0.01,Mexico,3.97,3.97,93.33,1.06,50,0,0,0,0.26,0.37,0.53,0,0,0,0,4.76,0.26,1,0.26,0.07,0,0,3,0.79,33.33,33.333,0.53,3.44,30.77,5.29,65,12.18,41.3,2.12,3.97,0.79,14.82,1.32,1.85,19.06,68.06,6.09,60.87,3.71,100,5.29,50,1.59,16.67,16.8,22.82,0,0.26,0,0,0,0,0.26,1.59,66.67,2.65,30,0.53,0,0.53,1.06,3.18,58.33,0,,0,,0,0,0,0,,,0,,
Yonathan Del Valle,Liga MX U689,2025/26,Pumas UNAM U21,Pumas UNAM U21,CF,21,1562,10,6.73,0,0.09,Mexico,2.54,3.51,40.98,4.21,31.51,0.35,0.5,0.06,0.75,1.09,2.71,8,0.46,0,0,1.15,0.58,10,0.58,0.39,4,0.23,44,2.54,27.27,22.727,0,0.17,0,0.98,47.06,10.83,23.4,3.17,0.23,0.06,10.08,1.79,1.44,16.08,79.21,2.02,60,6.74,86.32,3.51,77.05,0.23,50,13.56,6.37,0.01,0.46,0,0,0,0,0,0.81,57.14,0.29,0,0.06,0,0.06,0,1.09,31.58,0,,0,,0,0,0,0,,,0,,
J. López,Liga MX U690,2025/26,Atlético de San Luis U21,Atlético de San Luis U21,"RCMF, CF, AMF",20,2235,6,3.97,5,4.85,Mexico,5.52,5.76,56.64,1.41,25.71,0.72,1.15,0.04,1.53,2.43,1.21,2,0.08,1,0.04,3.42,0.24,6,0.24,0.16,0,0,39,1.57,51.28,15.385,0.2,2.09,38.46,3.38,52.38,9.99,45.56,1.73,1.93,0.32,21.5,1.65,2.13,31.53,80.97,8.7,77.31,6.44,93.75,10.03,78.71,1.33,63.64,16.9,23.73,0.2,1.37,0,0.08,0.08,50,0.64,3.34,77.11,2.54,57.14,0.36,55.56,1.13,0.77,5.4,71.64,0,,0,,0,0,0,0,,,0.28,,
D. Contreras,Liga MX U691,2025/26,Pumas UNAM U21,Pumas UNAM U21,"RW, CF, RCMF",19,1396,2,1.14,0,0.18,Mexico,7.93,8.32,65.89,1.74,18.52,0.45,0.61,0.06,2,2.7,1.55,2,0.13,0,0,1.42,0.13,2,0.13,0.07,1,0.06,17,1.1,47.06,11.765,0,0.52,0,3.09,29.17,10.19,34.81,1.48,1.1,0.13,17.92,0.9,1.74,21.98,79.18,5.09,65.82,5.54,87.21,6.58,84.31,0.52,50,14.69,12.12,0.01,0.32,0,0.06,0,0,0.06,2.39,62.16,1.1,41.18,0,0,0.71,0.06,1.74,55.56,0,,0,,0,0,0,0,,,0,,
M. Levy,Liga MX U692,2025/26,Cruz Azul,Cruz Azul U21,CF,19,778,4,2.38,0,0.64,Argentina,3.35,3.01,53.85,4.05,37.14,0.23,0.36,0,1.5,2.34,1.39,5,0.58,1,0.12,2.54,0.46,4,0.46,0.27,2,0.23,17,1.97,47.06,23.529,0,1.39,41.67,3.01,34.62,13.65,27.12,3.59,1.16,0.23,7.75,0.93,1.85,14.58,73.02,3.59,61.29,3.82,90.91,3.24,85.71,1.5,53.85,18.57,10.85,0.07,0.58,0.12,0,0.12,0,0.23,1.27,54.55,0.69,50,0.12,0,0.23,0.58,2.08,61.11,0,,0,,0,0,0,0,,,0,,
Joban González,Liga MX U693,2025/26,Club Tijuana U21,Club Tijuana U21,"CF, RW",20,1391,7,5.46,1,0.85,Mexico,4.08,3.3,60.78,4.72,46.58,0,0,0.06,2.07,3.02,0.78,1,0.06,0,0,2.98,0.45,6,0.39,0.35,2,0.13,26,1.68,53.85,26.923,0.06,1.29,25,2.59,67.5,9.83,37.5,3.3,1.88,0.13,13.39,1.94,1.29,19.93,71.1,4.53,55.71,3.88,88.33,6.86,74.53,1.1,52.94,16.5,19.9,0.06,0.65,0,0,0,0,0.45,1.88,55.17,1.55,41.67,0.13,0,0.91,0.26,2.14,60.61,0,,0,,0,0,0,0,,,0,,
Í. Cuesta,Liga MX U694,2025/26,Cruz Azul U21,Cruz Azul U21,CF,21,712,1,3.17,1,0.26,Mexico,2.4,2.4,47.37,7.84,45.16,0.13,0.24,0.13,1.14,2.16,1.52,2,0.25,0,0,2.02,0.13,1,0.13,0.4,1,0.13,20,2.53,35,5,0.13,0.13,0,2.15,52.94,5.44,41.86,4.17,0.76,0,8.47,1.77,1.26,10.87,75.58,0.63,100,4.42,91.43,4.3,55.88,0.13,0,14.04,3.61,0.03,0.51,0,0,0,0,0.25,0.51,75,0.38,33.33,0,0,0.76,0,0.51,50,0,,0,,0,0,0,0,,,0,,
L. Vargas,Liga MX U695,2025/26,Dorados,Club Tijuana U21,CF,25,198,0,0.65,0,0.08,Mexico,3.18,3.64,75,8.64,52.63,0,0,0,0.45,0.79,0.91,0,0,0,0,0,0,0,0,0.3,0,0,4,1.82,0,0,0,0.91,0,0,0,5,18.18,3.18,0.91,0.45,13.64,2.27,1.36,19.09,71.43,2.27,40,7.73,94.12,2.73,66.67,0,0,11.16,0,0.04,0.45,0,0,0,0,0.45,0.45,0,1.36,33.33,0,0,0.91,0,1.36,100,0,,0,,0,0,0,0,,,0,,
O. Vázquez,Liga MX U696,2025/26,Dorados,Club Tijuana U21,CF,21,782,4,2.32,2,1.54,Mexico,2.88,2.88,44,2.3,20,0,0,0,1.61,2.21,1.5,0,0,0,0,2.53,0.46,3,0.35,0.27,0,0,16,1.84,43.75,25,0.23,0.35,66.67,3.11,40.74,14.73,28.91,2.88,0.69,0.12,17.26,2.42,2.07,24.4,75.94,9.09,68.35,4.37,81.58,6.33,80,1.5,53.85,15.17,15.42,0.18,1.61,0,0,0.35,66.67,0.46,4.6,67.5,2.3,70,1.04,66.67,1.5,0.23,3.68,81.25,0,,0,,0,0,0,0,,,0,,
E. Espinosa,Liga MX U697,2025/26,Atlético de San Luis U21,Atlético de San Luis U21,CF,20,1100,6,3.01,1,0.87,Mexico,4.09,3.93,52.08,2.13,19.23,0.25,0.41,0.08,1.8,3.03,1.15,0,0,0,0,1.96,0.49,6,0.49,0.25,2,0.16,20,1.64,55,30,0.08,0.25,66.67,1.31,62.5,8.51,33.65,1.96,0.57,0.08,10.06,1.06,1.31,15.38,82.45,2.78,58.82,5.24,90.63,4.09,88,0.74,66.67,14.8,19.14,0.07,0.74,0,0.08,0.16,50,0.33,2.05,68,0.57,42.86,0.25,33.33,0.25,0.16,1.55,73.68,0,,0,,0,0,0,0,,,0.08,,
M. Rangel,Liga MX U698,2025/26,Atlético de San Luis U21,Atlético de San Luis U21,CF,19,1914,5,6.77,1,1.26,Mexico,2.59,2.63,53.57,4.75,23.76,0.14,0.22,0.14,1.03,1.59,1.41,0,0,1,0.05,1.36,0.24,4,0.19,0.32,1,0.05,41,1.93,41.46,12.195,0.05,0.66,14.29,1.03,45.45,8.51,32.04,3.29,0.75,0.09,7.43,1.41,2.16,13.07,74.82,1.97,52.38,4.84,86.41,2.68,73.68,0.33,42.86,14.55,9.72,0.06,0.71,0.05,0,0.05,0,0.28,0.85,50,0.47,50,0.05,0,0.47,0.09,0.94,75,0,,0,,0,0,0,0,,,0,,
J. Martín,Liga MX U699,2025/26,Atlas U21,Atlas U21,CF,19,1317,4,4.85,1,0.52,Mexico,1.85,1.91,57.14,1.23,27.78,0.07,0.1,0.07,0.68,1.02,1.09,2,0.14,1,0.07,1.44,0.27,3,0.21,0.33,1,0.07,23,1.57,30.43,17.391,0.07,0.27,50,1.71,48,6.63,27.84,2.6,0.48,0,9.7,1.91,1.16,14.62,77.57,2.67,48.72,4.92,94.44,3.55,73.08,0.75,45.45,14.97,16.9,0.04,0.48,0.07,0,0.07,0,0.21,1.37,65,0.55,50,0.07,0,0.62,0.14,1.16,52.94,0,,0,,0,0,0,0,,,0,,
L. Gamboa,Liga MX U700,2025/26,Atlas U21,Atlas U21,"RAMF, CF, LAMF",17,473,4,1.08,1,0.4,Mexico,5.33,3.04,75,1.33,42.86,0.95,1.39,0,2.09,3.06,0.95,1,0.19,0,0,3.23,0.76,4,0.76,0.21,0,0,13,2.47,46.15,30.769,0.19,2.28,50,2.47,38.46,7.99,35.71,3.04,2.09,0.19,21.12,2.85,1.14,22.26,75.21,3.81,60,4.95,88.46,10.47,78.18,2.09,54.55,19.51,30.32,0.08,0.76,0,0,0,0,0.19,1.71,66.67,2.66,50,0.19,0,0.76,0.95,2.85,86.67,0,,0,,0,0,0,0,,,0,,
Fidel Barajas,Liga MX U701,2025/26,Atlético de San Luis,Atlético de San Luis U21,"RWF, RW, RCMF",20,383,0,0.42,0,0.42,United States,5.4,4.46,57.89,1.17,20,0.47,0.7,0,2.35,3.49,0.7,0,0,0,0,3.05,0,0,0,0.1,0,0,10,2.35,10,0,0,2.82,33.33,4.46,42.11,10.57,28.89,1.64,3.05,0.23,15.74,0.94,0.7,21.85,79.57,4.93,76.19,5.64,100,7.28,64.52,1.17,20,17.96,25.32,0.1,0.47,0,0,0.23,0,0,1.41,50,3.05,38.46,0.23,0,0.94,0.94,2.82,66.67,0,,0,,0,0,0,0,,,0.23,,
A. Ripoll,Liga MX U702,2025/26,Atlas U21,Atlas U21,CF,21,1605,6,4.77,1,1.01,Mexico,2.58,1.18,52.38,3.31,59.32,0.28,0.41,0.22,1.68,2.44,0.56,1,0.06,1,0.06,1.85,0.34,5,0.28,0.27,3,0.17,33,1.85,60.61,18.182,0.06,0.62,18.18,0.84,73.33,5.55,33.33,2.8,0.73,0.17,8.64,1.79,1.35,11.72,75.6,1.68,60,4.21,82.67,3.08,74.55,0.67,58.33,16.01,14.84,0.06,0.56,0,0.06,0,0,0.22,1.29,47.83,0.5,33.33,0,0,0.5,0.06,1.12,65,0,,0,,0,0,0,0,,,0,,
A. Zamora,Liga MX U703,2025/26,Necaxa U21,Necaxa U21,CF,19,270,0,0.39,0,0.1,Venezuela,1.67,6.33,21.05,3.33,30,0.33,0.42,0,0,0,5.67,2,0.67,0,0,0.33,0,0,0,0.13,0,0,3,1,33.33,0,0,0,0,0,0,12.67,18.42,1,0.33,0,8.33,2.67,2,15.67,80.85,4,100,5.67,70.59,3.33,80,0.33,0,15.35,9.13,0.03,0.67,0,0,0,0,0.33,2.33,71.43,0.33,100,0,0,0.67,0,2.33,85.71,0,,0,,0,0,0,0,,,0,,
S. Espinosa,Liga MX U704,2025/26,Cruz Azul U21,Cruz Azul U21,CF,23,1540,2,5.07,0,0.35,Mexico,2.92,2.69,54.35,4.44,38.16,0.23,0.34,0.12,1.23,1.79,0.76,5,0.29,0,0,1.05,0.12,2,0.12,0.3,0,0,31,1.81,35.48,6.452,0,0.64,27.27,0.64,36.36,3.51,28.33,2.69,0.41,0,7.71,1.81,0.64,12.1,69.57,2.34,62.5,3.51,85,3.33,63.16,0.58,60,13.83,8.86,0.02,0.35,0,0,0.06,0,0.06,0.94,75,1.11,52.63,0.06,0,0.53,0.18,1.52,76.92,0,,0,,0,0,0,0,,,0,,
Anwar Ben Rhouma,Liga MX U705,2025/26,Mazatlán U21,Mazatlán U21,CF,21,1235,5,6.39,0,0.54,United States,3.06,3.35,52.17,5.39,43.24,0.44,0.59,0,0.87,1.18,1.53,1,0.07,0,0,2.7,0.36,5,0.36,0.47,2,0.15,32,2.33,46.88,15.625,0,0.51,42.86,2.55,54.29,9.04,33.87,3.35,0.51,0.07,5.98,1.46,1.82,11.3,78.71,1.24,47.06,4.37,98.33,3.43,70.21,0.58,37.5,16.92,17.2,0.04,0.51,0.07,0,0,0,0.15,1.6,63.64,0.22,33.33,0,0,0.36,0.29,1.02,35.71,0,,0,,0,0,0,0,,,0.07,,
L. Arvizo,Liga MX U706,2025/26,Necaxa U17,Necaxa U21,"CF, AMF, RWF",18,380,0,0.37,0,0.01,Mexico,4.74,5.68,50,2.13,33.33,0,0,0,1.89,2.73,0.71,1,0.24,0,0,0.95,0,0,0,0.09,0,0,4,0.95,50,0,0,0.47,0,0.71,66.67,8.29,37.14,2.13,1.18,0.47,11.13,1.42,1.42,18.47,65.38,6.16,57.69,4.5,78.95,4.74,65,2.13,66.67,18.28,30.55,0,0.71,0,0,0,0,0,2.13,66.67,0.95,25,0.24,100,0.24,0,3.55,60,0,,0,,0,0,0,0,,,0,,
G. Mendoza,Liga MX U707,2025/26,Cruz Azul U19,Mazatlán U21,CF,19,203,0,0.94,0,0.06,Mexico,3.1,2.66,66.67,3.55,62.5,0,0,0,1.33,1.55,1.33,0,0,0,0,1.33,0,0,0,0.42,0,0,2,0.89,50,0,0,0.44,0,1.33,66.67,7.54,29.41,1.77,0,0,11.53,2.22,3.1,14.63,72.73,3.1,71.43,4.88,81.82,5.32,66.67,1.77,75,16.51,20.79,0.02,0.44,0,0,0,0,0,0.89,100,0.89,50,0,0,0.44,0,2.66,66.67,0,,0,,0,0,0,0,,,0,,
M. Godínez Gaytán,Liga MX U708,2025/26,Mazatlán U19,Mazatlán U21,"CF, AMF, RW",19,223,0,0.06,0,0.39,Mexico,4.84,4.04,90,3.23,37.5,0.81,1.07,0,0.4,0.54,0.4,0,0,0,0,2.02,0,0,0,0.03,0,0,1,0.4,100,0,0,0,0,3.63,44.44,10.49,50,0.4,0.81,0.4,15.74,2.42,3.63,22.6,78.57,4.04,60,7.67,94.74,7.67,78.95,0.81,50,16.63,13.78,0.16,1.21,0,0,0,0,0,2.42,66.67,0,0,0,0,0.81,0,3.23,50,0,,0,,0,0,0,0,,,0,,
V. García,Liga MX U709,2025/26,Necaxa U19,Necaxa U21,"RWB, CF",18,173,0,0.15,0,0.47,Mexico,7.28,7.8,53.33,3.12,33.33,0,0,0.52,3.12,4.5,1.04,0,0,0,0,3.64,0,0,0,0.08,0,0,2,1.04,100,0,0,1.56,66.67,6.24,25,10.92,23.81,1.04,2.08,0,17.69,1.56,2.6,19.25,81.08,7.28,64.29,6.24,91.67,4.68,88.89,1.56,66.67,16.01,15.16,0.24,1.56,0,0,0,0,0.52,3.12,50,3.12,66.67,0,0,1.04,1.04,3.12,83.33,0,,0,,0,0,0,0,,,0,,
E. Acosta,Liga MX U710,2025/26,Mazatlán U21,Mazatlán U21,"LW, RW, CF",19,1093,3,1.12,0,1.14,Mexico,7.16,7.33,59.55,2.06,36,0.58,0.79,0.08,2.22,3.06,1.98,3,0.25,0,0,1.65,0.25,3,0.25,0.09,0,0,11,0.91,45.45,27.273,0,1.56,31.58,1.73,42.86,7.58,41.3,1.32,0.91,0.08,14.57,1.56,2.55,22.56,70.44,7.08,56.98,4.78,89.66,6.42,75.64,2.39,58.62,18.58,21.05,0.09,1.32,0,0,0.08,0,0.16,2.72,72.73,1.24,46.67,0.25,33.33,0.33,0.66,5.52,61.19,0,,0,,0,0,0,0,,,0.16,,
Leonardo Mora,Liga MX U711,2025/26,Mazatlán U21,Mazatlán U21,CF,20,259,0,0.28,0,0.17,Mexico,2.08,2.08,33.33,2.43,14.29,0,0,0,1.39,2,0,0,0,0,0,0.35,0,0,0,0.1,0,0,1,0.35,0,0,0,0,0,0.69,50,7.99,34.78,1.04,0.35,0,3.47,1.39,2.43,9.73,67.86,2.43,57.14,2.78,87.5,1.74,20,0.69,0,15.79,7.55,0.06,0.69,0,0,0,0,0,1.04,33.33,0.35,0,0,0,0.35,0,0.69,50,0,,0,,0,0,0,0,,,0,,
O. Moreno,Liga MX U712,2025/26,Mazatlán,Mazatlán U21,"CF, RW, AMF",21,283,0,0.29,0,0,Mexico,2.86,3.18,40,1.59,0,0,0,0,1.59,1.7,1.59,0,0,0,0,3.5,0,0,0,0.09,0,0,8,2.54,37.5,0,0,1.91,0,3.18,80,9.54,53.33,0.64,3.18,0.32,7.63,0.95,1.91,11.13,42.86,2.54,25,2.23,85.71,4.13,46.15,0.32,0,17.02,15.64,0,0,0,0,0,0,0,1.27,25,0.95,0,0,0,0,0.32,1.91,0,0,,0,,0,0,0,0,,,0,,
B. Gutiérrez,Liga MX U713,2025/26,Mazatlán U21,Mazatlán U21,"LW, LB, CF",19,397,1,1.11,0,0.02,Mexico,4.99,5.67,52,1.36,33.33,0.23,0.31,0,1.81,2.45,1.13,1,0.23,0,0,2.49,0.23,1,0.23,0.25,0,0,9,2.04,22.22,11.111,0,1.13,40,3.17,50,7.03,41.94,1.36,1.13,0.91,14.06,0.91,1.13,18.82,74.7,4.53,45,5.89,88.46,5.44,79.17,0.91,25,12.81,10.03,0,0.45,0,0,0,0,0,1.81,62.5,1.36,33.33,0,0,0.45,0.68,2.72,66.67,0,,0,,0,0,0,0,,,0.23,,
L. Chavez,Liga MX U714,2025/26,Mazatlán U21,Mazatlán U21,CF,21,765,0,1.02,0,0.04,Mexico,4.94,4.47,57.89,4.59,41.03,0.59,0.83,0.12,1.76,2.49,1.88,0,0,0,0,1.41,0,0,0,0.12,0,0,9,1.06,44.44,0,0,0.71,16.67,1.88,43.75,7.65,26.15,1.88,0.82,0,5.29,1.06,1.18,11.65,70.71,1.76,46.67,4.12,85.71,3.41,75.86,0.71,66.67,14.31,9.05,0,0.35,0,0,0,0,0,0.71,66.67,0.47,25,0,0,0,0.12,0.94,37.5,0,,0,,0,0,0,0,,,0,,
H. Guerrero,Liga MX U715,2025/26,Necaxa U21,Necaxa U21,CF,21,415,1,1.06,0,0.15,Mexico,3.25,3.47,43.75,3.04,57.14,0,0,0,1.73,2.45,2.6,2,0.43,0,0,1.73,0.22,1,0.22,0.23,0,0,6,1.3,50,16.667,0,0.43,50,1.3,66.67,11.06,39.22,3.04,0.87,0,8.89,1.3,2.6,16.92,85.9,3.25,66.67,5.86,96.3,3.25,86.67,0.22,100,11.45,14.22,0.03,0.43,0,0,0,0,0.22,1.08,60,0,0,0,0,0.65,0,0.87,100,0,,0,,0,0,0,0,,,0,,
C. Martinez,Liga MX U716,2025/26,Necaxa U21,Necaxa U21,"CF, LCMF",19,353,1,0.71,1,0.38,Mexico,3.31,3.82,73.33,3.31,69.23,0,0,0,0.51,0.71,1.02,0,0,0,0,1.53,0.25,1,0.25,0.18,0,0,7,1.78,28.57,14.286,0.25,0.76,66.67,1.02,50,6.37,24,2.29,0.76,0.25,15.81,1.78,1.02,22.95,75.56,7.65,76.67,5.1,80,6.88,85.19,2.8,54.55,18.59,17.27,0.1,1.02,0,0,0,0,0.25,3.82,60,2.04,50,0.25,0,0,0.51,3.82,80,0,,0,,0,0,0,0,,,0.25,,
W. Arredondo,Liga MX U717,2025/26,Necaxa U21,Necaxa U21,"LW, LWF, LB",19,198,0,0.65,1,0.61,Mexico,5.91,6.36,35.71,1.36,66.67,0.45,0.65,0,3.18,4.57,1.82,0,0,0,0,8.18,0,0,0,0.29,0,0,6,2.73,33.33,0,0.45,5.45,50,8.18,55.56,11.82,42.31,3.64,4.55,0.45,20,3.18,0.91,23.18,68.63,5.45,58.33,5.45,75,6.36,78.57,2.27,40,20.67,11.53,0.28,1.36,0,0,0,0,0.91,0.91,0,5,54.55,0.45,0,0.45,2.27,3.64,87.5,0,,0,,0,0,0,0,,,0.45,,
B. Casas,Liga MX U718,2025/26,Necaxa U21,Necaxa U21,CF,21,1362,8,6.76,1,0.25,Mexico,3.77,3.3,58,3.96,40,0.26,0.44,0.13,1.59,2.65,2.25,3,0.2,1,0.07,1.78,0.53,6,0.4,0.45,0,0,33,2.18,60.61,24.242,0.07,0.33,40,0.73,36.36,8.06,27.05,2.58,0.26,0,9.91,1.98,1.45,17.31,73.28,2.64,62.5,5.55,83.33,5.29,65,1.39,52.38,16.01,27.82,0.02,0.33,0,0,0.13,50,0.2,1.78,62.96,0.79,33.33,0.33,40,0.33,0.13,1.98,46.67,0,,0,,0,0,0,0,,,0.26,,
G. López,Liga MX U719,2025/26,Mazatlán U21,Mazatlán U21,"LCMF, CF, AMF",23,1126,2,3.12,1,1.92,Mexico,3.28,3.28,51.22,1.36,17.65,0,0,0,1.6,2.23,0.8,1,0.08,0,0,3.76,0.16,1,0.08,0.25,0,0,36,2.88,33.33,5.556,0.08,1.28,37.5,5.12,43.75,10.63,40.6,1.52,2.16,0.32,20.62,1.28,1.28,27.26,75.37,10.23,64.06,4.48,89.29,9.51,78.15,4.88,50.82,20.74,39.75,0.15,1.2,0,0,0.08,100,0.4,5.36,52.24,2.16,44.44,0.8,40,0.72,0.56,4.88,73.77,0,,0,,0,0,0,0,,,0,,
Francisco Valenzuela,Liga MX U720,2025/26,Dundee,Monterrey U21,"CF, LAMF, LW",19,1029,1,2.53,2,1.98,Mexico,4.99,5.51,53.97,1.66,31.58,0.79,1.22,0.09,1.22,1.9,1.92,4,0.35,0,0,2.71,0.09,1,0.09,0.22,0,0,20,1.75,30,5,0.17,1.84,33.33,2.89,54.55,11.02,36.51,3.32,0.52,0,13.91,1.4,1.92,17.67,66.34,3.94,51.11,3.94,88.89,6.38,61.64,0.96,18.18,17.98,29.17,0.17,1.05,0,0,0.09,0,0.79,1.66,47.37,2.36,37.04,0.44,0,0.7,0.7,2.1,66.67,0,,0,,0,0,0,0,,,0,,
A. Arboleda,Liga MX U721,2025/26,Puebla U21,Puebla U21,CF,19,270,0,0.71,0,0.12,Colombia,4,4.33,69.23,2.33,42.86,0,0,0.33,1,1.64,1,2,0.67,1,0.33,1,0,0,0,0.24,0,0,5,1.67,60,0,0,0,0,1,0,11.67,31.43,3.33,0.33,0,5.33,0,1.67,16.33,77.55,3.33,90,5.67,76.47,3.67,81.82,0.67,100,12.8,9.75,0.04,0.67,0,0,0,0,0.33,2.67,100,0.33,0,0.33,100,0.33,0,1.67,80,0,,0,,0,0,0,0,,,0,,
J. Miñarro,Liga MX U722,2025/26,Puebla U21,Puebla U21,CF,20,237,1,1,0,0.01,Mexico,2.28,3.04,50,3.8,20,0,0,0,0.76,1.25,1.52,0,0,0,0,0.76,0.38,1,0.38,0.38,1,0.38,5,1.9,40,20,0,0,0,1.14,0,11.39,13.33,2.28,0,0,6.84,1.14,1.14,12.15,71.88,2.28,50,4.56,91.67,1.52,100,0,0,11.58,0,0,0.38,0,0,0,0,0.38,0.38,100,0.76,100,0,0,0,0,0.38,0,0,,0,,0,0,0,0,,,0,,
J. Alatorre Alvarado,Liga MX U723,2025/26,Puebla U21,Puebla U21,"RW, LW, RWF",21,1200,0,1.14,0,0.43,Mexico,3.68,3.38,60,1.5,30,0.08,0.12,0,1.58,2.5,0.98,3,0.23,0,0,3.53,0,0,0,0.09,0,0,15,1.13,26.67,0,0,3.75,32,4.58,44.26,11.03,34.69,2.25,2.7,0.38,20.55,4.5,1.8,25.35,76.92,6.23,74.7,7.35,92.86,7.05,67.02,0.98,38.46,17.27,11.48,0.03,0.6,0.23,0,0.08,0,0.3,2.33,74.19,2.93,48.72,0.08,0,0.38,1.13,4.13,76.36,0,,0,,0,0,0,0,,,0.08,,
J. Nungaray,Liga MX U724,2025/26,Puebla U21,Puebla U21,CF,21,348,2,0.94,1,0.58,Mexico,2.84,3.36,38.46,3.88,46.67,0.78,1.41,0,0.78,1.41,1.81,2,0.52,0,0,1.81,0.52,2,0.52,0.24,1,0.26,7,1.81,42.86,28.571,0.26,1.29,20,1.29,60,7.5,20.69,3.36,0,0,10.86,1.55,0.52,16.81,72.31,2.84,54.55,5.17,85,3.1,66.67,0,0,16.99,0,0.15,1.29,0,0,0,0,0.78,0.26,100,0.52,50,0,0,1.03,0.26,0.78,100,0,,0,,0,0,0,0,,,0,,
C. Valencia,Liga MX U725,2025/26,Atlético de San Luis U21,Atlético de San Luis U21,"LW, RW, CF",21,379,0,0.19,0,0.11,Mexico,3.09,6.17,34.62,2.14,11.11,0.47,0.8,0,0.47,0.8,2.61,1,0.24,0,0,2.61,0,0,0,0.05,0,0,7,1.66,28.57,0,0,0.71,0,4.51,47.37,8.79,35.14,2.37,2.37,0.47,16.62,1.66,0.47,21.13,76.4,5.7,54.17,7.36,90.32,4.27,77.78,0.47,0,13.91,7.4,0.03,0.24,0,0,0,0,0.24,1.66,42.86,1.66,42.86,0,0,0.71,0,2.14,66.67,0,,0,,0,0,0,0,,,0.24,,
F. Alves Cornejo,Liga MX U726,2025/26,Puebla U19,Puebla U21,CF,20,266,1,0.11,0,0.57,Mexico,3.38,4.06,58.33,3.38,20,0.68,0.88,0,0.34,0.44,2.03,0,0,0,0,0.68,0.34,1,0.34,0.04,1,0.34,1,0.34,100,100,0,0.34,0,1.35,25,9.14,18.52,2.03,0,0,5.75,1.02,1.02,10.15,80,2.37,85.71,2.71,87.5,1.35,75,0,0,11.5,0,0.19,0.68,0,0,0,0,0.34,0.34,100,0.68,100,0,0,1.35,0,0.34,100,0,,0,,0,0,0,0,,,0,,
Jorge Landeros,Liga MX U727,2025/26,Monterrey U21,Monterrey U21,"LW, RW, CF",21,536,0,0.32,0,0,Mexico,8.23,7.39,61.36,1.68,30,1.01,1.59,0.17,2.69,4.25,1.68,0,0,0,0,1.68,0,0,0,0.05,0,0,5,0.84,20,0,0,1.34,50,2.85,23.53,12.43,31.08,1.34,2.52,0.34,15.62,1.85,1.51,21.83,81.54,7.39,86.36,4.2,92,4.37,84.62,0.5,100,18.39,8.36,0,0.34,0,0,0.17,100,0,3.53,71.43,1.51,88.89,0.17,100,0.5,0.5,4.03,83.33,0,,0,,0,0,0,0,,,0.34,,
Dominic Guerrero,Liga MX U728,2025/26,Puebla U21,Puebla U21,"LW, RW, LWF",19,299,0,0.16,0,0.65,Mexico,7.83,6.32,85.71,0.9,0,0.9,1.45,0.6,1.51,2.42,0,0,0,0,0,3.31,0,0,0,0.05,0,0,3,0.9,0,0,0,1.81,66.67,3.01,70,7.53,60,0.9,1.81,0,20.77,1.81,2.11,27.39,73.63,10.23,55.88,6.02,85,6.92,86.96,1.51,80,17.7,18.03,0.19,0.9,0,0,0,0,0.6,3.01,70,3.31,81.82,0.3,100,2.11,1.2,7.22,79.17,0,,0,,0,0,0,0,,,0,,
J. Michell Vazquez Tapia,Liga MX U729,2025/26,Cruz Azul U21,Cruz Azul U21,CF,20,558,1,1.45,0,0.02,Mexico,1.29,2.42,20,5.97,32.43,0.16,0.25,0,0.65,1.02,3.06,1,0.16,0,0,2.26,0.16,1,0.16,0.23,0,0,15,2.42,46.67,6.667,0,0.32,50,1.77,54.55,9.19,17.54,3.39,0.65,0.16,5.97,1.45,0.97,10,64.52,1.77,54.55,2.9,77.78,2.42,46.67,0.65,75,12.4,9.42,0,0.32,0,0,0,0,0,0.81,20,0.48,33.33,0,0,0.16,0.16,0.48,66.67,0,,0,,0,0,0,0,,,0,,
José Hernández,Liga MX U730,2025/26,Club Tijuana U21,Club Tijuana U21,"CF, RW, RB",20,1085,4,4.98,4,1.99,Mexico,5.14,4.98,58.33,2.82,23.53,0.17,0.23,0.08,2.07,2.88,1.24,2,0.17,0,0,3.4,0.33,2,0.17,0.41,1,0.08,27,2.24,48.15,14.815,0.33,1.16,42.86,3.48,52.38,9.54,34.78,2.49,1.99,0.83,14.93,1.74,1.66,20.24,81.56,5.56,76.12,6.14,91.89,4.65,76.79,1,50,15.87,13.56,0.17,0.83,0,0,0,0,0.5,1.74,80.95,1.08,61.54,0,0,0.91,0.5,2.74,69.7,0,,0,,0,0,0,0,,,0.17,,
B. Burgara,Liga MX U731,2025/26,Club Tijuana U21,Club Tijuana U21,"CF, LB",20,1231,1,0.88,1,0.31,Mexico,7.02,6.87,67.02,5.19,28.17,0.29,0.4,0.15,2.12,2.92,1.68,3,0.22,1,0.07,2.27,0.07,1,0.07,0.06,0,0,14,1.02,42.86,7.143,0.07,1.24,41.18,2.85,46.15,11.99,34.15,1.75,0.95,0.07,14.55,1.9,2.19,25.08,77.55,7.53,73.79,7.16,89.8,5.7,78.21,1.83,52,15.73,11.07,0.02,0.29,0,0,0,0,0.15,2.92,62.5,1.24,64.71,0.07,100,0.58,0.51,4.53,74.19,0,,0,,0,0,0,0,,,0.37,,
J. Usma,Liga MX U732,2025/26,Club Tijuana U21,Club Tijuana U21,"CF, LCMF",20,369,0,0.83,0,0.52,Ecuador,4.15,4.15,70.59,1.71,0,0,0,0,1.22,1.81,0.98,0,0,0,0,1.22,0,0,0,0.2,0,0,8,1.95,37.5,0,0,0.24,0,1.22,40,7.56,32.26,1.95,2.2,0.24,26.83,1.22,0.73,37.56,85.71,9.76,72.5,8.05,90.91,12.2,92,1.71,57.14,15,18.61,0.13,0.49,0,0,0,0,0.24,6.59,62.96,1.22,60,0,0,1.22,0,3.17,76.92,0,,0,,0,0,0,0,,,0.24,,
I. Olvera,Liga MX U733,2025/26,Club Tijuana U19,Club Tijuana U21,"LB, CF, LCB",18,881,0,0.19,0,0.1,Mexico,9.7,6.13,71.67,3.78,45.95,0.2,0.28,0.2,5.11,7.01,1.33,0,0,0,0,1.94,0,0,0,0.02,0,0,4,0.41,25,0,0,1.63,50,2.55,40,9.81,34.38,0.61,1.33,0.31,24.52,1.74,1.53,36.78,82.22,13.79,74.81,6.13,95,11.24,86.36,4.39,51.16,18.18,38.66,0.01,0.31,0,0,0,0,0.2,4.6,66.67,1.74,52.94,0.2,0,0.2,0.82,6.74,69.7,0,,0,,0,0,0,0,,,0.92,,
Javier Olivas,Liga MX U734,2025/26,Club Tijuana U21,Club Tijuana U21,CF,20,171,0,0.37,0,0.15,Mexico,1.05,1.05,50,6.32,25,0,0,0,0.53,0.97,0.53,0,0,0,0,1.58,0,0,0,0.2,0,0,2,1.05,50,0,0,0,0,2.11,50,5.79,45.45,2.11,0.53,0.53,6.84,1.05,1.58,11.58,59.09,3.68,42.86,2.63,80,1.58,100,0,0,13.22,0,0.08,0.53,0,0,0,0,0.53,2.11,50,0.53,0,0,0,0.53,0,1.05,100,0,,0,,0,0,0,0,,,0,,
Brandon Ordorica,Liga MX U735,2025/26,Club Tijuana U21,Club Tijuana U21,"RCMF, LCMF, CF",20,1285,4,2.02,1,1.33,Mexico,8.47,7.77,64.86,2.66,60.53,0.56,0.82,0.07,2.87,4.21,1.26,3,0.21,0,0,1.33,0.28,2,0.14,0.14,1,0.07,13,0.91,30.77,30.769,0.07,0.91,7.69,1.82,53.85,5.53,46.84,1.4,1.75,0.07,21.22,0.49,1.68,33.48,78.24,11.49,68.29,5.18,83.78,11.49,85.98,3.57,52.94,18.26,32.37,0.09,0.77,0,0,0,0,0.14,4.34,67.74,1.54,36.36,0.14,50,0.77,0.07,5.53,69.62,0,,0,,0,0,0,0,,,0.14,,
A. Valdivia,Liga MX U736,2025/26,Juárez U19,Juárez U21,CF,20,520,2,1.2,0,0.12,Mexico,4.85,5.02,58.62,2.77,50,0,0,0,1.9,2.32,1.04,1,0.17,0,0,1.56,0.35,2,0.35,0.21,1,0.17,10,1.73,70,20,0,0.35,0,0.52,66.67,5.71,24.24,2.94,0.17,0,9.52,1.38,0.52,15.58,81.11,3.12,66.67,3.63,80.95,4.85,89.29,0.35,50,13.87,9.66,0.02,0.35,0,0,0,0,0.35,1.56,88.89,0.52,33.33,0,0,0.35,0,1.73,80,0,,0,,0,0,0,0,,,0.17,,
A. Alcalá,Liga MX U737,2025/26,Querétaro U21,Querétaro U21,"LCMF, RW, LWF",20,677,1,1.23,3,0.95,United States,4.65,5.18,66.67,0.53,25,0.27,0.32,0,0.93,1.13,0.93,1,0.13,0,0,2.13,0.13,1,0.13,0.16,0,0,8,1.06,50,12.5,0.4,1.2,22.22,2.79,47.62,7.58,35.09,2.26,2.13,0,16.62,1.06,1.2,23.26,77.71,7.84,74.58,4.12,90.32,6.38,77.08,1.46,72.73,15.96,20.72,0.13,1.6,0,0,0.27,0,0.53,3.19,75,2.26,58.82,0.66,40,1.86,0.13,4.65,68.57,0,,0,,0,0,0,0,,,0,,
J. Hernández,Liga MX U738,2025/26,Tapatío,Querétaro U21,"CF, AMF",22,184,1,0.22,0,0,Mexico,1.96,0.49,0,3.91,37.5,0,0,0,1.96,2.55,0,0,0,0,0,1.47,0.49,1,0.49,0.11,1,0.49,2,0.98,50,50,0,0.98,0,3.42,28.57,10.76,18.18,2.93,0,0,11.74,1.47,0.98,17.61,66.67,3.42,42.86,5.38,72.73,6.36,84.62,1.96,50,20.67,46.65,0,0,0,0,0,0,0,1.96,75,0,0,0,0,0.49,0.49,2.93,50,0,,0,,0,0,0,0,,,0,,
C. Sosa,Liga MX U739,2025/26,Correcaminos UAT,Juárez U21,"AMF, CF, LCMF",22,955,2,1.71,0,1.5,Mexico,6.6,5.47,68.97,2.64,32.14,0.19,0.25,0,2.64,3.56,1.32,6,0.57,0,0,2.92,0.19,1,0.09,0.16,0,0,15,1.41,20,13.333,0,0.57,50,3.77,60,17.91,38.42,1.7,3.3,0.38,12.63,1.23,2.36,21.39,77.53,6.88,63.01,3.49,86.49,7.73,89.02,2.26,70.83,20.59,33.49,0.14,1.32,0,0,0.19,50,0.75,3.39,69.44,1.88,70,0.57,50,1.32,0.28,4.52,72.92,0,,0,,0,0,0,0,,,0,,
A. Pérez,Liga MX U740,2025/26,Club Tijuana,Club Tijuana U21,"CF, RCMF",21,614,4,3.17,0,0.83,Mexico,3.52,3.37,52.17,1.76,58.33,0.29,0.39,0,1.47,1.97,1.17,0,0,0,0,2.35,0.59,2,0.29,0.46,0,0,21,3.08,38.1,19.048,0,1.03,28.57,2.2,40,9.38,46.88,2.05,2.49,0.29,25.07,1.03,3.08,29.76,78.82,7.33,62,5.42,91.89,11.87,88.89,3.96,66.67,21.34,41.7,0.12,0.88,0,0.15,0,0,0.29,3.96,66.67,1.47,40,0.59,0,0.44,0.29,3.81,84.62,0,,0,,0,0,0,0,,,0,,
D. Monroy,Liga MX U741,2025/26,Juárez U21,Juárez U21,"CF, AMF, LW",22,2006,4,4.89,0,3.08,Mexico,5.11,5.92,48.48,2.92,35.38,0.4,0.52,0.04,1.84,2.37,1.66,5,0.22,1,0.04,3.05,0.18,4,0.18,0.22,0,0,43,1.93,51.16,9.302,0,1.12,40,3.1,46.38,10.09,41.78,2.15,2.24,0.49,16.38,2.15,1.75,23.02,78.75,5.97,71.43,6.51,89.66,6.77,78.81,1.62,63.89,18.03,20,0.14,1.12,0,0.04,0.31,57.14,0.45,3.1,62.32,2.15,58.33,0.36,62.5,0.85,0.45,3.68,78.05,0,,0,,0,0,0,0,,,0.09,,
A. Mendoza Salas,Liga MX U742,2025/26,Necaxa U19,Necaxa U21,"RAMF, CF, LWF",18,207,0,0.01,0,0.2,Mexico,3.04,2.61,50,3.04,28.57,0,0,0.43,1.74,2.93,2.17,1,0.43,0,0,1.74,0,0,0,0.01,0,0,1,0.43,0,0,0,3.04,14.29,2.17,60,10,30.43,1.3,2.17,0,11.3,2.17,1.74,13.48,54.84,3.04,28.57,2.61,83.33,5.22,58.33,1.3,0,12.11,8.28,0.09,0.43,0,0,0,0,0.43,0.43,100,0.87,0,0,0,0.43,0,0,0,0,,0,,0,0,0,0,,,0.43,,
Alek Alcazar,Liga MX U743,2025/26,Puebla U21,Puebla U21,"LW, LWF",19,150,0,0,1,0.2,Mexico,12.6,10.8,61.11,1.8,0,0,0,0,6,8.82,1.8,0,0,0,0,1.2,0,0,0,0,0,0,0,0,0,0,0.6,1.8,33.33,3,20,9.6,31.25,1.2,1.2,0,23.4,1.8,0.6,34.2,73.68,10.8,66.67,4.8,100,9.6,62.5,1.8,33.33,16.63,26,0.12,1.2,0,0,0,0,0.6,4.8,75,2.4,50,0,0,1.2,0.6,6,80,0,,0,,0,0,0,0,,,0,,
D. Portugal,Liga MX U744,2025/26,Puebla U21,Puebla U21,CF,22,180,0,0.51,0,0.01,Mexico,3,3.5,42.86,1.5,0,0,0,0,1.5,2.37,1.5,0,0,0,0,2.5,0,0,0,0.26,0,0,3,1.5,66.67,0,0,0.5,0,2,75,14.5,34.48,3.5,0.5,0,6,1,2,12.5,60,3,50,3.5,71.43,1.5,100,0.5,0,11.4,4.07,0,0.5,0,0,0,0,0,0.5,0,1,0,0,0,0,0,0,0,0,,0,,0,0,0,0,,,0,,
I. Ayala,Liga MX U745,2025/26,Necaxa U19,Necaxa U21,"LW, LAMF, LWF",18,448,1,0.71,1,0.66,Mexico,2.41,2.41,50,0.2,0,0.4,0.48,0,0.8,0.95,1.21,0,0,0,0,3.42,0.2,1,0.2,0.14,0,0,6,1.21,83.33,16.667,0.2,2.41,41.67,2.81,50,7.43,27.03,2.01,2.81,0.2,14.46,3.82,0.2,17.28,72.09,4.02,50,5.22,96.15,5.02,60,0.6,33.33,17.51,20.4,0.13,0.6,0,0,0.2,0,0.4,1.21,33.33,2.21,36.36,0.2,0,0.4,0.8,2.61,76.92,0,,0,,0,0,0,0,,,0.2,,
H. Cuesta,Liga MX U746,2025/26,Inter Bogotá,Necaxa U21,CF,19,533,2,0.91,1,0.13,Colombia,4.73,5.07,56.67,3.71,36.36,0.34,0.42,0,1.52,1.89,2.2,3,0.51,0,0,1.86,0.34,2,0.34,0.15,0,0,10,1.69,50,20,0.17,0,0,2.03,50,9.29,23.64,2.03,1.18,0.34,6.59,1.52,0.68,9.79,72.41,2.36,50,3.38,75,1.35,75,0.51,33.33,14.59,11.04,0.02,0.34,0,0,0,0,0.17,1.52,66.67,0.68,25,0,0,0.51,0,1.18,71.43,0,,0,,0,0,0,0,,,0,,
Yaro Martínez,Liga MX U747,2025/26,Pachuca U21,Pachuca U21,"AMF, RDMF, CF",19,207,0,0.31,0,0.05,Mexico,3.91,4.78,54.55,4.35,30,0.43,0.7,0,0.87,1.4,0,0,0,0,0,3.04,0,0,0,0.13,0,0,6,2.61,16.67,0,0,0.87,0,3.91,55.56,12.61,31.03,1.74,0.87,0,11.74,0.43,1.3,17.83,80.49,6.96,75,3.48,87.5,5.22,91.67,1.3,66.67,17.8,6.87,0.02,0.43,0,0,0.87,50,0,3.48,62.5,1.3,33.33,0.87,0,0.43,0,2.17,100,0,,0,,0,0,0,0,,,0,,
G. Davino,Liga MX U748,2025/26,Necaxa U21,Necaxa U21,CF,21,752,2,2.12,1,0.48,Mexico,2.75,2.15,72.22,4.43,35.14,0.12,0.17,0.12,1.08,1.54,0.72,0,0,0,0,1.32,0.24,2,0.24,0.25,0,0,10,1.2,40,20,0.12,0.96,25,1.8,33.33,9.1,23.68,2.39,0.72,0,6.7,1.91,1.2,10.65,61.8,1.56,61.54,3.23,81.48,2.87,54.17,0,0,15.95,0,0.06,0.48,0,0,0,0,0.12,0.84,71.43,0.6,40,0,0,0.36,0.36,0.48,50,0,,0,,0,0,0,0,,,0,,
L. Puente,Liga MX U749,2025/26,Atlante,Pachuca U21,CF,23,331,0,1.61,0,0.17,Mexico,4.35,3.26,50,7.89,44.83,0,0,0.27,2.72,5,1.63,0,0,0,0,0.82,0,0,0,0.44,0,0,13,3.53,15.38,0,0,0.54,0,1.09,25,8.43,22.58,3.53,0.82,0,8.16,1.63,2.18,15.23,78.57,4.08,66.67,4.35,93.75,4.35,75,0.54,50,16.56,9.28,0.05,0.82,0,0,0,0,0.54,1.9,57.14,3.26,58.33,0.27,0,1.9,0,1.9,85.71,0,,0,,0,0,0,0,,,0,,
E. Mustre,Liga MX U750,2025/26,Puebla U21,Puebla U21,CF,23,367,0,0.48,0,0,Mexico,2.94,1.96,62.5,3.92,37.5,0,0,0,1.72,2.5,0.49,0,0,0,0,0.98,0,0,0,0.12,0,0,8,1.96,12.5,0,0,0,0,1.23,60,13.98,24.56,2.45,0.74,0.25,7.11,0.74,3.43,14.47,77.97,2.21,77.78,4.9,90,4.66,73.68,0.25,100,13.68,8.58,0,0,0,0,0,0,0,1.47,100,0.25,100,0,0,0.49,0,1.96,62.5,0,,0,,0,0,0,0,,,0,,
R. Rubio,Liga MX U751,2025/26,Irapuato,Santos Laguna U21,CF,22,284,1,0.97,0,0.03,Mexico,3.49,3.17,50,5.07,43.75,0.32,0.68,0.32,1.58,3.41,1.9,0,0,0,0,1.9,0.32,1,0.32,0.31,0,0,6,1.9,33.33,16.667,0,0.32,0,1.58,80,8.24,34.62,5.7,0.95,0.32,10.77,0,0.95,16.48,65.38,4.44,35.71,5.39,94.12,2.85,77.78,1.9,66.67,14.68,13.07,0.01,0.95,0,0,0.32,0,0,0.95,66.67,2.54,25,0.95,0,1.27,0,1.27,100,0,,0,,0,0,0,0,,,0,,
T. Jiménez,Liga MX U752,2025/26,Santos Laguna U21,Santos Laguna U21,"CF, AMF",20,887,2,3.35,1,0.66,Mexico,2.94,1.32,38.46,7.2,38.03,0,0,0.2,2.44,3.91,1.01,2,0.2,2,0.2,1.62,0.2,2,0.2,0.34,0,0,19,1.93,42.11,10.526,0.1,0.3,33.33,1.72,35.29,10.25,26.73,2.33,0.71,0,9.54,2.23,1.93,13.8,73.53,4.06,60,4.06,90,2.54,68,0.71,28.57,15.99,27.66,0.07,0.41,0,0,0.2,50,0.41,2.13,52.38,0.51,40,0.3,33.33,0.51,0.1,1.83,72.22,0,,0,,0,0,0,0,,,0,,
L. Gómez,Liga MX U753,2025/26,Santos Laguna U21,Santos Laguna U21,"AMF, CF",19,1181,0,1.54,3,1.34,Mexico,6.1,7.62,60,1.3,35.29,0.15,0.23,0.08,1.37,2.05,1.98,3,0.23,0,0,4.27,0,0,0,0.12,0,0,19,1.45,47.37,0,0.23,1.91,20,4.8,63.49,15.47,42.36,1.3,5.03,1.07,21.8,1.22,2.36,34.75,69.3,12.35,59.26,6.33,86.75,9.83,68.99,2.74,41.67,17.22,32.66,0.1,1.07,0,0,0.46,33.33,0.61,5.87,57.14,4.5,38.98,0.99,30.77,1.68,0.46,5.49,80.56,0,,0,,0,0,0,0,,,0.08,,
Isaias Galván,Liga MX U754,2025/26,Tigres UANL U21,Tigres UANL U21,"CF, AMF",21,2317,10,6.24,1,2.36,Mexico,4.23,4.27,55.45,2.72,30,0.08,0.13,0,1.79,2.96,1.63,1,0.04,0,0,2.14,0.39,10,0.39,0.24,4,0.16,44,1.71,54.55,22.727,0.04,0.89,30.43,1.55,60,8.47,41.74,3.42,1.83,0.43,20.78,1.71,2.02,29.72,84.18,4.23,62.39,9.56,92.68,10.33,87.59,1.17,53.33,16.15,20.51,0.09,1.13,0,0,0,0,0.23,2.06,77.36,1.17,60,0.04,0,1.28,0.19,2.25,60.34,0,,0,,0,0,0,0,,,0.19,,
D. Sánchez,Liga MX U755,2025/26,Tigres UANL,Tigres UANL U21,"RWF, RW",21,180,0,0.35,0,0.12,Mexico,3.5,4.5,66.67,1.5,33.33,0,0,0,0.5,0.79,1,0,0,0,0,1.5,0,0,0,0.17,0,0,4,2,25,0,0,3,16.67,2.5,20,15,20,2.5,5,1.5,23,2.5,2,34,75,7,64.29,8,87.5,10.5,76.19,0.5,0,15.04,19.23,0.06,0.5,0,0,0,0,0,1.5,33.33,4,50,0,0,2,0.5,4,62.5,0,,0,,0,0,0,0,,,0,,
J. Ulloa,Liga MX U756,2025/26,Santos Laguna U21,Santos Laguna U21,"LAMF, LCMF, CF",20,808,1,1.14,1,0.54,Mexico,8.69,9.47,44.71,4.9,43.18,1.56,2.61,0.11,2.9,4.84,4.46,3,0.33,1,0.11,4.12,0.11,1,0.11,0.13,0,0,13,1.45,23.08,7.692,0.11,1.89,47.06,5.57,52,12.92,42.24,3.12,4.23,1.23,11.81,1.56,3.56,17.15,62.34,5.24,53.19,2.78,80,6.35,59.65,2.12,47.37,18.49,21.01,0.06,0.45,0,0.22,0,0,0.22,2.12,42.11,1.78,43.75,0.11,0,0.78,0.56,2.45,77.27,0,,0,,0,0,0,0,,,0.22,,
L. Mascareño,Liga MX U757,2025/26,Santos Laguna U21,Santos Laguna U21,CF,21,1405,4,3,0,0.38,Mexico,3.97,3.59,58.93,4.29,25.37,0.45,0.68,0.06,1.41,2.14,1.28,0,0,0,0,1.09,0.26,4,0.26,0.19,0,0,24,1.54,54.17,16.667,0,0.13,0,1.02,25,9.61,19.33,2.63,0.19,0,8.52,1.86,1.15,12.36,82.9,2.24,74.29,4.04,88.89,2.5,82.05,0.19,66.67,12.78,5.36,0.02,0.64,0,0,0,0,0.13,0.58,66.67,0.19,66.67,0,0,0.38,0,0.83,61.54,0,,0,,0,0,0,0,,,0,,
Franco Fagúndez,Liga MX U758,2025/26,Santa Fe,Santos Laguna U21,CF,25,214,2,1.61,1,0.09,Uruguay,2.52,2.52,33.33,2.52,83.33,0,0,0,1.68,2.45,2.1,0,0,0,0,3.36,0.84,2,0.84,0.68,0,0,8,3.36,50,25,0.42,0.84,100,1.68,50,12.2,44.83,2.94,1.68,0,16.82,3.36,2.1,23.97,82.46,2.94,28.57,5.89,100,11.78,82.14,2.1,80,18.64,39.79,0.04,0.84,0,0,0,0,0,1.26,33.33,0.84,50,0.42,0,0.42,0.42,1.26,66.67,0,,0,,0,0,0,0,,,0.42,,
A. De María Y Campos,Liga MX U759,2025/26,Tigres UANL U21,Tigres UANL U21,CF,22,1414,5,5.63,0,0.45,Mexico,2.55,2.74,46.51,5.79,42.86,0,0,0.06,1.27,1.75,1.46,0,0,0,0,1.59,0.32,3,0.19,0.36,1,0.06,23,1.46,56.52,21.739,0,0.13,0,1.27,60,7.19,25.66,2.74,0.45,0.13,7.32,2.23,1.27,11.65,77.6,1.72,48.15,5.09,87.5,2.16,79.41,0.19,33.33,12.98,4.27,0.03,0.25,0.06,0,0,0,0.06,0.7,45.45,0.57,44.44,0,0,0.45,0,0.51,50,0,,0,,0,0,0,0,,,0.06,,
Leonardo Flores,Liga MX U760,2025/26,Atlético de San Luis,Tigres UANL U21,CF,23,1224,9,7.85,0,0.67,Mexico,2.94,2.79,60.53,4.04,41.82,0.07,0.12,0.07,1.18,1.94,1.47,2,0.15,0,0,3.09,0.66,9,0.66,0.58,4,0.29,45,3.31,42.22,20,0,1.47,30,2.94,42.5,10.22,31.65,4.63,1.84,0.37,12.06,3.6,1.54,17.28,77.02,2.43,60.61,5.88,90,3.46,74.47,0.22,100,13.13,9.58,0.05,0.74,0.07,0,0,0,0.29,1.03,64.29,1.69,47.83,0,0,1.1,0.29,1.69,78.26,0,,0,,0,0,0,0,,,0,,
L. Vuoso,Liga MX U761,2025/26,Santos Laguna U21,Santos Laguna U21,"CF, LWF",17,942,4,3.81,0,0.48,Mexico,4.2,4.01,61.9,2.58,40.74,0.38,0.54,0,1.34,1.9,1.53,4,0.38,0,0,2.01,0.38,4,0.38,0.36,1,0.1,21,2.01,42.86,19.048,0,0.86,44.44,2.39,32,8.89,32.26,2.68,0.76,0,9.75,1.05,1.72,14.14,64.86,3.34,42.86,4.39,93.48,3.25,67.65,0.96,20,16.94,22.28,0.05,0.57,0.1,0,0.1,0,0.29,1.43,46.67,1.15,41.67,0.19,0,0.57,0.29,1.43,60,0,,0,,0,0,0,0,,,0.1,,
A. González,Liga MX U762,2025/26,Santos Laguna U21,Santos Laguna U21,"CF, RAMF, LW",22,941,1,0.76,6,3.24,Colombia,7.56,7.36,66.23,3.06,28.13,0.57,0.99,0,2.1,3.65,2.49,6,0.57,0,0,3.44,0.1,1,0.1,0.07,0,0,9,0.86,33.33,11.111,0.57,2.49,34.62,4.3,51.11,10.14,46.23,1.82,3.44,0.29,13.01,2.1,2.49,20.47,74.77,5.93,66.13,3.63,92.11,6.31,78.79,1.43,40,14.99,16.46,0.31,2.01,0,0,0.1,100,1.53,2.77,62.07,2.68,46.43,0.38,50,1.72,0.77,3.25,88.24,0,,0,,0,0,0,0,,,0,,
D. Ramirez,Liga MX U763,2025/26,Tigres UANL U19,Tigres UANL U21,"CF, AMF",19,265,0,0.69,0,0.09,Mexico,3.4,3.4,70,5.09,33.33,0,0,0,1.02,2.14,1.02,1,0.34,0,0,1.7,0,0,0,0.23,0,0,11,3.74,18.18,0,0,1.36,25,3.06,22.22,8.15,29.17,2.04,0,0,16.64,1.36,1.02,21.4,68.25,6.45,73.68,2.38,85.71,6.79,55,2.38,57.14,14.67,18.54,0.03,0.68,0,0,0.34,0,0.34,3.4,60,2.72,37.5,0.34,0,0.68,0.34,2.38,71.43,0,,0,,0,0,0,0,,,0,,
M. Reyes Nájera,Liga MX U764,2025/26,Santos Laguna U21,Santos Laguna U21,"CF, LW, RCMF",17,403,0,0.78,1,0.63,Mexico,4.24,2.9,76.92,7.15,46.88,0.45,0.65,0.22,1.56,2.26,0.67,0,0,0,0,2.46,0,0,0,0.17,0,0,9,2.01,44.44,0,0.22,0.89,25,2.23,60,7.59,35.29,2.46,2.01,0.67,9.83,3.13,1.34,13.62,67.21,4.02,55.56,3.57,87.5,3.35,53.33,0.67,66.67,19.73,15.98,0.14,0.45,0.22,0,0,0,0.22,2.01,55.56,1.34,33.33,0,0,0.45,0.22,1.56,85.71,0,,0,,0,0,0,0,,,0.22,,
D. Ojeda,Liga MX U765,2025/26,Tigres UANL U21,Tigres UANL U21,CF,21,874,2,1.32,0,0.14,Mexico,1.96,1.85,50,5.15,38,0.1,0.18,0.1,0.93,1.59,1.03,0,0,0,0,0.62,0.21,2,0.21,0.14,0,0,7,0.72,42.86,28.571,0,0.62,0,0.93,33.33,7.72,37.33,2.99,0.31,0,9.47,1.75,1.34,16.58,83.85,3.19,70.97,5.25,92.16,3.71,86.11,0,0,15.51,0,0.01,0.21,0.1,0,0,0,0.1,1.44,78.57,0.51,20,0,0,0.82,0.1,1.44,92.86,0,,0,,0,0,0,0,,,0,,
Misael Torres,Liga MX U766,2025/26,Pumas UNAM U21,Pumas UNAM U21,CF,20,835,2,3.53,0,0,Mexico,2.91,3.77,45.71,4.1,26.32,0.11,0.15,0,1.08,1.46,2.37,1,0.11,0,0,2.05,0.22,1,0.11,0.38,0,0,16,1.72,50,12.5,0,0.54,40,1.51,57.14,15.31,29.58,2.26,0.43,0,7.87,2.16,3.23,13.8,77.34,3.13,68.97,4.74,84.09,3.02,82.14,1.29,83.33,17.44,20.32,0,0,0,0,0.11,100,0,1.94,55.56,0.86,37.5,0,0,0.32,0,1.29,58.33,0,,0,,0,0,0,0,,,0,,
O. Virgen,Liga MX U767,2025/26,Toluca,Deportivo Toluca U21,CF,21,715,4,4.31,1,1.02,Mexico,4.53,3.78,63.33,1.51,50,0.13,0.16,0.13,2.01,2.64,1.51,1,0.13,2,0.25,1.76,0.5,2,0.25,0.54,0,0,18,2.27,33.33,22.222,0.13,0.63,40,1.38,45.45,8.81,31.43,2.9,1.38,0.13,12.34,1.38,2.39,18.13,84.03,2.52,65,6.55,90.38,4.41,85.71,1.01,50,15.32,14.44,0.13,0.5,0.13,0,0.25,50,0.25,1.01,75,1.38,72.73,0.5,25,1.38,0.25,2.14,100,0,,0,,0,0,0,0,,,0.13,,
Erick Sandoval,Liga MX U768,2025/26,Deportivo Toluca U21,Deportivo Toluca U21,CF,20,363,1,1.21,0,0.04,Mexico,1.24,1.98,12.5,6.69,22.22,0.25,0.39,0,0.74,1.18,1.49,1,0.25,0,0,1.49,0.25,1,0.25,0.3,0,0,7,1.74,14.29,14.286,0,0.25,0,2.73,45.45,12.15,24.49,2.48,0.25,0.25,13.14,2.73,1.24,23.55,82.11,3.97,68.75,8.43,100,6.2,76,0.5,0,16.67,4.51,0.01,0.25,0,0,0.25,0,0.25,2.73,72.73,1.49,33.33,0.25,0,0.5,0,1.24,60,0,,0,,0,0,0,0,,,0,,
A. Cervantes,Liga MX U769,2025/26,Deportivo Toluca U21,Deportivo Toluca U21,"LW, CF, LAMF",22,1620,3,3.11,2,2.16,Mexico,5.67,6.06,53.21,2.67,25,0.44,0.63,0,2,2.83,1.72,2,0.11,1,0.06,4.28,0.17,3,0.17,0.17,0,0,31,1.72,35.48,9.677,0.11,2.72,34.69,4.33,61.54,12.11,52.75,3.11,2.56,0.28,18,2.28,3.17,26.17,73.04,6.22,67.86,5.28,92.63,8.72,64.33,1.83,63.64,15.46,24.51,0.12,1,0.11,0.06,0.28,20,0.33,2.83,66.67,2.83,45.1,0.39,28.57,1.11,1.06,5,76.67,0,,0,,0,0,0,0,,,0.17,,
Á. Rico Reyes,Liga MX U770,2025/26,Pumas UNAM,Pumas UNAM U21,"CF, LCMF",21,688,1,1.29,2,0.91,Mexico,3.66,2.88,59.09,0.26,50,0.26,0.37,0,1.7,2.39,0.39,2,0.26,0,0,2.35,0.13,1,0.13,0.17,0,0,10,1.31,60,10,0.26,0.65,80,1.7,46.15,8.9,41.18,1.57,2.09,0.39,37.54,1.83,2.09,44.74,83.33,12.95,68.69,9.29,94.37,14.13,87.04,3.79,34.48,17.97,34.73,0.12,1.96,0,0,0.52,50,0.65,6.67,66.67,2.88,36.36,1.44,27.27,0.65,0.52,6.8,76.92,0,,0,,0,0,0,0,,,0.26,,
R. Cruz,Liga MX U771,2025/26,Deportivo Toluca U21,Deportivo Toluca U21,CF,22,433,3,2.03,1,0.68,Mexico,2.91,2.91,42.86,6.44,58.06,0.21,0.34,0,1.45,2.41,1.04,0,0,0,0,1.87,0.62,2,0.42,0.42,2,0.42,8,1.66,75,37.5,0.21,0.42,50,1.04,40,8.94,30.23,3.12,0.42,0,12.26,1.45,2.29,17.88,75.58,3.95,63.16,6.86,81.82,2.29,72.73,0,0,14.29,0,0.14,0.62,0,0,0,0,0.42,1.87,66.67,0.62,66.67,0,0,0,0.21,1.87,55.56,0,,0,,0,0,0,0,,,0.21,,
J. González,Liga MX U772,2025/26,Atlante,Pumas UNAM U21,"LW, CF, RW",21,1079,7,4.75,0,0.77,Mexico,4.84,3.92,59.57,2.17,42.31,0.58,0.77,0.25,1.92,2.52,1.17,2,0.17,1,0.08,5,0.58,7,0.58,0.4,0,0,33,2.75,54.55,21.212,0,1.75,4.76,6.01,56.94,12.68,44.74,3.34,3.09,0.25,19.35,2.42,1.75,27.03,74.07,6.92,68.67,6.17,86.49,7.76,70.97,1.08,53.85,15.46,18.12,0.06,0.83,0,0.08,0.08,0,0.25,3.67,70.45,1.84,36.36,0.08,0,1.17,0.08,3.92,68.09,0,,0,,0,0,0,0,,,0,,
K. Bañales,Liga MX U773,2025/26,Club León U21,Club León U21,"RCB, CF",20,163,0,0,1,0.06,Mexico,6.63,4.42,62.5,5.52,60,0.55,0.73,0,3.31,4.39,1.1,1,0.55,0,0,1.1,0,0,0,0,0,0,0,0,0,0,0.55,0,0,1.1,100,2.21,100,0,0,0,20.98,1.1,1.66,27.61,82,11.04,55,2.21,100,9.39,100,7.73,42.86,6.16,8.38,0.03,0.55,0,0,0,0,0.55,3.87,28.57,1.66,0,1.66,33.33,0,0,4.42,62.5,0,,0,,0,0,0,0,,,2.21,,
G. Camarena,Liga MX U774,2025/26,Club León U21,Club León U21,CF,21,1033,3,3.5,0,0.16,Mexico,2.18,2.61,36.67,3.14,30.56,0,0,0.17,1.22,1.69,1.39,2,0.17,0,0,1.39,0.26,3,0.26,0.3,0,0,22,1.92,40.91,13.636,0,0.17,50,0.7,62.5,4.53,38.46,2.35,0.17,0,7.32,1.83,1.22,12.2,81.43,2.53,68.97,4.01,91.3,3.31,81.58,1.39,68.75,18.76,24.28,0.01,0.61,0.09,0,0.09,100,0.17,1.74,70,0.61,42.86,0,0,0.61,0.09,1.57,83.33,0,,0,,0,0,0,0,,,0.09,,
M. Segura,Liga MX U775,2025/26,Querétaro U21,Querétaro U21,CF,21,205,0,0.22,1,0.27,United States,1.76,2.63,50,3.51,25,0,0,0,0.44,0.81,0.44,1,0.44,0,0,1.32,0,0,0,0.1,0,0,3,1.32,0,0,0.44,1.32,0,3.07,42.86,8.78,30,4.39,1.32,0,14.49,2.2,1.32,20.2,78.26,6.15,78.57,5.71,100,4.83,72.73,2.63,50,16.44,22.4,0.12,1.32,0,0,0,0,0.88,3.51,75,0.88,50,0.44,0,1.32,0,3.07,100,0,,0,,0,0,0,0,,,0,,
L. Martínez,Liga MX U776,2025/26,Querétaro U21,Querétaro U21,"CF, RW, RCMF",20,704,2,1.33,2,0.67,Mexico,6.14,5.24,65.85,1.92,20,0.51,0.72,0,2.17,3.05,1.15,0,0,0,0,2.17,0.26,2,0.26,0.17,1,0.13,13,1.66,30.77,15.385,0.26,0.89,57.14,1.28,70,9.46,43.24,1.92,0.77,0.13,17.64,1.15,2.94,23.78,73.66,8.05,65.08,5.24,82.93,5.88,80.43,1.66,38.46,17.06,25.74,0.09,0.77,0,0,0.38,66.67,0.51,3.71,68.97,1.41,54.55,0.77,33.33,0.64,0.51,4.47,74.29,0,,0,,0,0,0,0,,,0.13,,
C. Zepeda,Liga MX U777,2025/26,Guadalajara U21,Guadalajara U21,"AMF, LW, CF",21,319,1,2.63,0,0.05,Mexico,5.64,5.36,63.16,1.13,25,0,0,0,2.26,3.58,0.85,1,0.28,0,0,2.82,0.28,1,0.28,0.74,0,0,20,5.64,10,5,0,1.69,0,4.8,47.06,14.11,52,4.8,3.39,0.56,15.24,1.69,3.39,20.6,72.6,4.8,52.94,4.51,87.5,6.77,79.17,0.85,33.33,13.45,7.84,0.02,0.85,0,0,0,0,0,2.26,62.5,1.69,16.67,0,0,0.28,0,1.69,83.33,0,,0,,0,0,0,0,,,0,,
L. Torres,Liga MX U778,2025/26,Guadalajara U21,Guadalajara U21,"CF, AMF, RAMF",22,509,2,3,2,0.46,United States,4.6,4.24,70.83,3.18,22.22,0,0,0.18,1.59,2.11,1.06,3,0.53,0,0,3.36,0.35,2,0.35,0.53,0,0,15,2.65,73.33,13.333,0.35,0.53,0,3.71,38.1,9.37,33.96,3.71,0.88,0.71,11.67,0.88,0.71,15.56,73.86,5.13,58.62,3.71,95.24,2.48,64.29,0.71,25,16.17,11.28,0.08,0.71,0,0,0,0,0.53,2.65,46.67,1.06,33.33,0.18,0,0.88,0,2.65,60,0,,0,,0,0,0,0,,,0,,
H. Uribe,Liga MX U779,2025/26,Correcaminos UAT,Club León U21,"RW, CF, RAMF",22,1128,1,1.81,4,1.55,Mexico,2.63,2.63,48.48,1.52,15.79,0.32,0.45,0.08,1.04,1.45,0.88,2,0.16,0,0,6.06,0.08,1,0.08,0.14,0,0,25,1.99,56,4,0.32,3.91,34.69,5.82,61.64,13.88,49.43,2.15,3.03,0.16,26.41,4.07,2.87,32.47,78.87,7.82,73.47,8.94,91.07,9.41,67.8,1.36,47.06,17.29,28.51,0.12,1.12,0,0,0.16,0,0.72,2.63,66.67,3.67,43.48,0.48,16.67,0.56,1.52,4.95,74.19,0,,0,,0,0,0,0,,,0.4,,
A. Ham,Liga MX U780,2025/26,Jaiba Brava,Guadalajara U21,"CF, LWF",22,360,1,0.3,0,0.35,Mexico,5,4.25,52.94,1.75,14.29,0.5,0.65,0,2.25,2.93,1.75,1,0.25,0,0,1,0.25,1,0.25,0.08,0,0,3,0.75,66.67,33.333,0,0.25,0,0.75,66.67,4,31.25,1.25,0.75,0.25,15.25,2.5,0.25,21,71.43,6.25,48,5.5,90.91,3.75,66.67,1,25,13.61,17.81,0.09,0.75,0,0,0,0,0.5,2.75,45.45,1.5,16.67,0,0,0.75,0,2.5,50,0,,0,,0,0,0,0,,,0,,
L. Cervantes,Liga MX U781,2025/26,Mineros de Zacatecas,Club León U21,"CF, RCMF",25,403,2,1.11,0,0.2,Mexico,4.69,3.13,64.29,2.46,45.45,0.89,1.18,0.22,1.79,2.35,0.67,1,0.22,0,0,1.56,0.45,2,0.45,0.25,0,0,4,0.89,100,50,0,0.67,0,0.89,75,4.24,42.11,0.89,0.22,0,19.65,0.89,1.79,25.91,84.48,5.81,80.77,6.92,96.77,6.92,80.65,2.23,70,18,35.85,0.04,0.67,0.22,0,0,0,0,3.13,78.57,1.34,33.33,0.45,100,0.22,0,3.13,85.71,0,,0,,0,0,0,0,,,0.67,,
O. Basurto Ledezma,Liga MX U782,2025/26,Querétaro U21,Querétaro U21,CF,21,221,1,0.57,0,0.06,Mexico,5.7,6.92,58.82,4.89,50,0,0,0,1.63,2.61,3.26,1,0.41,0,0,0.41,0.41,1,0.41,0.23,0,0,4,1.63,25,25,0,0,0,0.41,0,8.14,25,2.44,0.41,0,6.92,3.26,3.26,11.81,79.31,0.81,50,4.89,83.33,2.44,83.33,0.41,100,9.78,4.3,0.03,0.41,0,0.41,0,0,0,1.22,100,0,0,0,0,0,0,0.41,100,0,,0,,0,0,0,0,,,0,,
E. Mendoza Olivetto,Liga MX U783,2025/26,Guadalajara U19,Guadalajara U21,"RW, CF, RAMF",19,258,0,0.23,0,0.15,Mexico,5.58,3.14,66.67,2.09,50,0.35,0.54,0.35,3.14,4.82,1.4,0,0,0,0,2.79,0,0,0,0.08,0,0,3,1.05,100,0,0,2.09,16.67,2.44,57.14,9.07,50,2.44,2.09,0,16.4,0.7,1.05,25.12,75,5.58,56.25,4.88,100,8.72,92,0.7,50,16.05,23.84,0.05,0.35,0,0,0,0,0.7,2.44,71.43,1.74,40,0,0,0.7,0.7,2.44,57.14,0,,0,,0,0,0,0,,,0,,
G. Garcia,Liga MX U784,2025/26,Guadalajara U19,Guadalajara U21,"CF, LW, RWF",18,387,1,0.76,0,0.45,Mexico,6.51,6.05,57.69,3.72,31.25,0.47,0.61,0,2.56,3.37,1.16,0,0,0,0,2.56,0.23,1,0.23,0.18,0,0,8,1.86,50,12.5,0,1.16,20,3.95,35.29,13.95,33.33,2.56,2.09,0.7,13.49,1.16,2.33,19.77,68.24,7.21,61.29,3.49,73.33,5.81,72,1.63,28.57,16.65,17.27,0.1,1.16,0,0.23,0,0,0,3.49,66.67,1.86,37.5,0.23,0,1.16,0.47,2.33,60,0,,0,,0,0,0,0,,,0,,
I. Espinosa,Liga MX U785,2025/26,Club León U19,Club León U21,"RW, RWF, RAMF",18,255,0,0.06,0,0.26,Mexico,3.18,3.53,60,0,0,0,0,0,1.06,1.67,1.41,0,0,0,0,4.94,0,0,0,0.02,0,0,2,0.71,0,0,0,5.29,26.67,7.76,45.45,12.35,45.71,1.41,4.24,0,18.71,1.41,1.76,21.88,62.9,3.53,80,6,88.24,7.76,54.55,0.35,0,18.68,12.07,0.09,1.06,0,0,0,0,0.35,1.41,75,2.82,37.5,0,0,0.35,1.06,2.47,71.43,0,,0,,0,0,0,0,,,0,,
R. Almanza,Liga MX U786,2025/26,Club León U19,Club León U21,CF,19,277,1,1.15,0,0,Mexico,4.22,5.52,47.06,2.92,22.22,0.32,0.44,0.32,1.3,1.76,2.6,0,0,1,0.32,1.95,0.32,1,0.32,0.37,0,0,10,3.25,40,10,0,0.32,0,0.97,66.67,16.25,34,5.2,0.97,0.32,6.5,0.65,2.27,11.7,72.22,3.25,80,2.92,77.78,2.92,66.67,1.3,75,17.92,25.43,0,0,0,0,0,0,0,1.62,80,0.32,0,0,0,0.65,0,1.3,100,0,,0,,0,0,0,0,,,0,,
D. Latorre,Liga MX U787,2025/26,Tapatío,Guadalajara U21,CF,20,485,1,1.15,0,0.17,Mexico,2.78,2.78,53.33,7.42,35,0.37,0.48,0.19,0.93,1.2,2.23,0,0,0,0,3.71,0.19,1,0.19,0.21,0,0,14,2.6,42.86,7.143,0,0.56,33.33,3.53,68.42,15.03,34.57,2.6,0.37,0,10.39,1.67,2.78,14.85,80,2.23,50,4.27,91.3,3.34,77.78,0.19,0,13.42,7.4,0.03,0.56,0,0,0,0,0,1.48,75,0.93,40,0,0,0.37,0.19,0.74,75,0,,0,,0,0,0,0,,,0,,
B. Rangel,Liga MX U788,2025/26,Club León U19,Club León U21,"AMF, CF, LCMF",20,309,2,0.83,0,0.06,Mexico,8.16,6.41,68.18,1.17,0,1.75,2.5,0,2.04,2.92,1.46,0,0,0,0,2.33,0.58,2,0.58,0.24,0,0,10,2.91,30,20,0,0.87,0,2.62,55.56,8.16,50,3.2,1.46,0.29,16.6,1.75,2.91,18.93,80,5.24,72.22,3.79,92.31,5.83,90,1.46,40,20.56,30.18,0.02,0.58,0,0,0,0,0,2.91,70,0.29,0,0.29,0,0,0,2.04,100,0,,0,,0,0,0,0,,,0,,
Isaac Martínez,Liga MX U789,2025/26,Guadalajara U21,Guadalajara U21,"AMF, RWF, RW",20,169,1,0.51,1,0.22,Mexico,4.26,3.73,85.71,0.53,100,0,0,0,1.07,1.71,0,0,0,0,0,3.73,0.53,1,0.53,0.27,0,0,2,1.07,50,50,0.53,0.53,100,4.26,62.5,12.78,54.17,3.2,3.2,1.07,20.77,3.73,2.13,31.95,81.67,8.52,75,6.92,92.31,8.52,81.25,0.53,0,14.91,26.83,0.12,1.6,0,0,0,0,0.53,4.26,75,3.73,57.14,0,0,1.6,0.53,3.73,85.71,0,,0,,0,0,0,0,,,0,,
J. Villal Ozuna,Liga MX U790,2025/26,Atlético de San Luis U21,Atlético de San Luis U21,CF,20,183,1,0.57,0,0,Mexico,3.44,3.93,62.5,0,0,0,0,0,0.98,1.58,0.98,0,0,0,0,4.43,0.49,1,0.49,0.28,0,0,3,1.48,33.33,33.333,0,2.46,0,6.39,61.54,18.2,40.54,2.95,4.92,0,21.64,1.48,2.95,26.07,79.25,6.89,64.29,9.84,100,5.9,66.67,0.49,0,16.16,21.97,0,0,0.49,0,0.98,0,0,5.41,45.45,1.48,0,0.49,0,0,0,3.44,71.43,0,,0,,0,0,0,0,,,0,,
C. Valencia Ramírez,Liga MX U791,2025/26,Monterrey U21,Monterrey U21,"LW, CF, RW",20,146,0,0.03,0,0.11,Mexico,4.32,6.16,50,0.62,0,0.62,0.79,0,0.62,0.79,2.47,1,0.62,0,0,3.08,0,0,0,0.02,0,0,2,1.23,50,0,0,1.23,0,6.16,40,12.95,33.33,1.85,3.08,0.62,17.26,1.85,0.62,20.34,75.76,4.32,57.14,6.16,100,6.16,60,0.62,0,14.61,10.3,0.07,0.62,0,0,0,0,0.62,3.08,60,3.08,60,0,0,1.85,0,3.7,66.67,0,,0,,0,0,0,0,,,0.62,,
A. De Nigris,Liga MX U792,2025/26,Monterrey U19,Monterrey U21,"CF, LW",17,246,0,1.14,1,0.22,Mexico,2.56,3.29,33.33,3.29,11.11,0,0,0.37,1.46,1.9,1.46,0,0,0,0,2.93,0,0,0,0.42,0,0,5,1.83,40,0,0.37,1.1,66.67,2.56,57.14,11.34,35.48,2.93,0.37,0,6.95,0.37,2.2,11.34,80.65,2.2,66.67,5.12,92.86,1.1,100,0.37,100,19.06,14.45,0.08,0.37,0,0,0,0,0.37,0.37,100,0.37,100,0,0,0,0.37,1.46,50,0,,0,,0,0,0,0,,,0,,
D. Mendez,Liga MX U793,2025/26,Pachuca,Pachuca U21,CF,20,932,10,5.4,0,0.65,Guatemala,5.5,4.73,57.14,7.53,44.87,0.48,0.6,0,2.32,2.88,1.74,0,0,1,0.1,2.22,0.97,9,0.87,0.52,2,0.19,26,2.51,57.69,38.462,0,0.39,0,1.16,66.67,9.17,34.74,3.96,0.1,0.1,9.27,1.74,1.93,17.96,74.73,4.15,65.12,5.5,87.72,3.86,65,0.48,20,13.63,10.52,0.06,1.06,0,0,0,0,0.48,1.16,83.33,1.16,41.67,0.1,0,0.58,0,1.55,75,0,,0,,0,0,0,0,,,0,,
J. Serrato,Liga MX U794,2025/26,Atlas U21,Atlas U21,"AMF, CF",20,1243,1,1.29,1,1.13,Mexico,6.15,6.44,55.06,1.23,47.06,0.72,1.13,0.07,1.88,2.94,2.39,7,0.51,1,0.07,2.75,0.07,1,0.07,0.09,0,0,15,1.09,33.33,6.667,0.07,0.43,66.67,4.49,45.16,13.68,40.21,1.09,3.4,0.43,17.96,1.52,1.88,26.21,84.81,6.08,65.48,6.44,95.51,7.39,89.22,1.01,42.86,14.42,16.57,0.08,0.72,0,0.07,0.36,20,0.43,1.88,76.92,1.52,71.43,0.43,33.33,1.01,0.29,2.24,70.97,0,,0,,0,0,0,0,,,0.07,,
E. Esparza,Liga MX U795,2025/26,Atlético de San Luis U21,Atlético de San Luis U21,"RCMF, CF",21,339,0,0,0,0,Mexico,4.51,4.78,50,0.53,0,0.27,0.42,0,1.86,2.92,1.06,1,0.27,0,0,0.53,0,0,0,0,0,0,0,0,0,0,0,0,0,0.27,100,4.51,47.06,0.8,0,0,21.5,0.8,1.86,28.67,94.44,2.65,80,6.9,100,15.13,98.25,1.06,75,18.72,18.28,0,0,0,0,0.27,100,0,2.12,87.5,0.53,50,0.53,50,0.53,0,1.86,71.43,0,,0,,0,0,0,0,,,0,,
J. Villal,Liga MX U796,2025/26,Atlético Ottawa,Atlético de San Luis U21,"CF, LWF, LW",21,1231,2,1.82,3,2.75,United States,2.63,2.56,54.29,0.29,25,0.15,0.23,0,1.1,1.76,0.88,2,0.15,0,0,4.53,0.15,2,0.15,0.13,0,0,16,1.17,56.25,12.5,0.22,2.05,28.57,5.85,52.5,15.21,40.38,2.85,4.02,0.37,20.4,2.27,2.27,27.64,78.31,7.31,67,7.53,94.17,6.73,76.09,0.73,40,16.94,12.62,0.2,1.32,0.07,0,0.44,50,0.66,3.14,62.79,3.22,54.55,0.51,42.86,1.32,0.51,3.44,78.72,0,,0,,0,0,0,0,,,0,,
E. Medrano,Liga MX U797,2025/26,Atlas U21,Atlas U21,"CF, AMF, RAMF",21,205,3,1.12,0,0.13,Mexico,8.34,6.59,80,3.07,71.43,0.44,0.81,0,2.63,4.86,1.32,5,2.2,1,0.44,5.27,1.32,3,1.32,0.49,1,0.44,8,3.51,62.5,37.5,0,1.32,0,4.83,63.64,14.93,50,4.83,0.88,0.44,7.02,0.44,4.39,10.1,60.87,2.63,50,0.88,50,3.07,85.71,0,0,22.36,0,0.05,0.44,0,0.44,0,0,0.44,2.63,66.67,0.88,50,0,0,0.88,0,1.76,100,0,,0,,0,0,0,0,,,0,,
D. Abitia,Liga MX U798,2025/26,El Paso Locomotive,Atlético de San Luis U21,"CF, RWF",23,900,8,6.61,0,0.34,Mexico,2.5,2.1,52.38,3.6,52.78,0.1,0.16,0.2,1.3,2.1,1.3,4,0.4,0,0,1.5,0.8,5,0.5,0.66,0,0,24,2.4,41.67,33.333,0,0.4,25,1.1,36.36,10,27,3.5,0.5,0.1,8.1,1.6,2.7,14.2,78.87,1.2,100,5.1,90.2,3.5,65.71,0.6,33.33,14.6,14.02,0.03,0.7,0,0,0,0,0.3,1,70,0.9,77.78,0,0,0.7,0.1,1,90,0,,0,,0,0,0,0,,,0,,
J. Valle,Liga MX U799,2025/26,América U19,América U21,"RW, LW, CF",20,357,0,0.48,0,0.59,Mexico,4.79,6.3,48,2.27,22.22,0.5,0.98,0,1.26,2.46,3.28,1,0.25,0,0,5.55,0,0,0,0.12,0,0,5,1.26,20,0,0,4.03,12.5,6.81,70.37,16.13,50,1.76,2.02,0.25,18.66,1.26,2.52,29.24,69.83,6.81,59.26,6.05,91.67,8.82,60,2.77,45.45,17.56,18.14,0.15,2.02,0.5,0,0,0,0,5.04,65,2.52,20,1.26,40,0.25,0.25,3.28,76.92,0,,0,,0,0,0,0,,,0.25,,
D. Reyes,Liga MX U800,2025/26,Flamengo U20,América U21,CF,18,1379,8,4.3,1,1.05,Mexico,4.05,4.05,64.52,2.35,33.33,0.2,0.28,0,1.24,1.77,1.11,1,0.07,0,0,2.55,0.52,8,0.52,0.28,0,0,46,3,34.78,17.391,0.07,1.11,23.53,2.61,47.5,10.25,30.57,2.41,1.11,0.2,11.36,1.83,1.76,16.84,74.03,4.18,64.06,4.37,97.01,4.31,68.18,0.91,28.57,16.78,16.83,0.07,0.59,0,0,0,0,0.33,2.02,54.84,1.24,36.84,0.07,0,0.39,0.26,2.15,78.79,0,,0,,0,0,0,0,,,0.07,,
P. Salas,Liga MX U801,2025/26,América,América U21,CF,22,765,0,1.04,3,0.54,Mexico,3.06,3.18,51.85,4.12,28.57,0,0,0.24,1.41,2.28,0.82,0,0,0,0,1.65,0,0,0,0.12,0,0,9,1.06,55.56,0,0.35,0.24,50,1.65,35.71,10.71,21.98,2.35,0.82,0.12,12.82,1.65,0.94,20.35,75.72,5.88,66,4.82,95.12,5.41,73.91,1.29,81.82,14.94,27.58,0.06,0.59,0.24,0,0.47,75,0.47,3.06,76.92,1.18,70,0.47,75,0.94,0.12,3.41,65.52,0,,0,,0,0,0,0,,,0,,
Gael García,Liga MX U802,2025/26,León,Club León U21,"CF, LAMF, LW",22,503,1,0.54,1,0.47,Mexico,3.4,4.29,41.67,0.72,25,0.36,0.49,0,1.25,1.71,1.07,0,0,0,0,3.4,0.18,1,0.18,0.1,0,0,8,1.43,50,12.5,0.18,1.61,33.33,3.94,54.55,15.39,37.21,1.79,3.76,0.36,24.69,1.79,1.97,32.39,83.43,6.26,65.71,9.66,94.44,11.27,80.95,2.5,71.43,17.69,41.21,0.08,0.36,0,0,0,0,0.54,3.22,61.11,2.68,60,0.18,0,1.07,0.54,3.94,86.36,0,,0,,0,0,0,0,,,0,,
D. Mendez,Liga MX U803,2025/26,Pachuca U18,Pachuca U21,CF,20,1490,13,7.57,0,0.86,Guatemala,4.95,4.11,61.76,6.89,47.37,0.48,0.61,0,1.93,2.45,1.33,3,0.18,2,0.12,2.11,0.79,11,0.66,0.46,2,0.12,38,2.3,50,34.211,0,0.24,0,1.21,70,9.06,34.67,3.87,0.24,0.06,9.72,1.81,1.87,19.33,74.06,5.13,60,6.04,89,3.74,66.13,0.48,12.5,13.82,13.65,0.05,0.97,0,0.06,0.18,66.67,0.36,1.75,62.07,1.09,33.33,0.24,50,0.91,0,1.63,77.78,0,,0,,0,0,0,0,,,0,,
D. Arriaga,Liga MX U804,2025/26,América U21,América U21,"LW, CF, RW",22,1745,2,3.35,5,2.82,Mexico,7.63,6.96,67.41,1.81,22.86,0.36,0.55,0.1,2.58,3.96,1.03,2,0.1,1,0.05,4.95,0.1,1,0.05,0.17,0,0,28,1.44,32.14,7.143,0.26,3.2,30.65,6.96,48.89,14.34,38.85,2.11,2.99,0.31,15.94,2.22,1.6,22.02,68.62,6.65,61.24,4.02,92.31,6.96,68.15,2.06,37.5,19.49,24.35,0.15,1.55,0,0,0.31,33.33,0.62,2.99,60.34,3.15,42.62,0.67,38.46,1.19,0.93,4.85,81.91,0,,0,,0,0,0,0,,,0,,
A. Cárdenas,Liga MX U805,2025/26,América U19,América U21,"CF, AMF",19,556,2,1,3,0.2,Mexico,4.21,3.24,45,7.12,63.64,0.65,0.9,0,2.1,2.93,1.62,1,0.16,0,0,0.81,0.32,2,0.32,0.16,2,0.32,8,1.29,50,25,0.49,0.32,0,0.16,100,5.5,26.47,2.59,0.32,0,8.42,1.62,0.81,14.08,72.41,2.59,50,5.34,87.88,3.56,77.27,0.81,0,17.12,17.22,0.03,0.49,0,0,0,0,0.32,1.46,55.56,0.49,33.33,0,0,0.16,0,0.97,50,0,,0,,0,0,0,0,,,0,,
Juan Sigala,Liga MX U806,2025/26,Pachuca U21,Pachuca U21,"CF, AMF, RCMF",19,923,3,2.05,2,1.55,Mexico,4,5.27,50,1.27,30.77,0.2,0.27,0.1,1.17,1.61,0.88,1,0.1,0,0,2.24,0.29,3,0.29,0.2,1,0.1,26,2.54,30.77,11.538,0.2,0.98,50,1.56,56.25,6.24,43.75,2.34,0.68,0.1,17.65,0.98,1.76,23.69,74.07,8,64.63,3.8,82.05,6.63,77.94,1.85,47.37,15.14,21.59,0.15,1.17,0,0,0.29,33.33,0.49,3.71,73.68,3.02,51.61,0.88,33.33,1.37,0.29,3.71,89.47,0,,0,,0,0,0,0,,,0,,
I. Zavala,Liga MX U807,2025/26,Pachuca U21,Pachuca U21,"RAMF, RW, RWF",20,617,0,1.61,3,1.6,Mexico,3.65,3.21,31.82,1.75,16.67,0,0,0.15,2.63,3.46,0.73,2,0.29,0,0,5.11,0,0,0,0.23,0,0,17,2.48,23.53,0,0.44,5.11,22.86,6.13,54.76,11.67,47.5,2.92,2.19,0,15.32,4.67,1.9,21.59,58.11,6.71,56.52,4.23,86.21,6.13,54.76,1.75,50,19.41,27.25,0.23,1.17,0,0,0,0,0.88,2.48,64.71,3.79,50,0.44,100,0.73,1.31,4.67,68.75,0,,0,,0,0,0,0,,,0,,
A. Contreras,Liga MX U808,2025/26,América U21,América U21,"RCMF, CF, AMF",21,1221,1,1.25,0,0.94,Mexico,7.44,7.52,61.76,2.58,34.29,0.29,0.45,0.07,2.51,3.82,2.14,5,0.37,1,0.07,1.18,0.07,1,0.07,0.09,0,0,11,0.81,27.27,9.091,0,0.52,42.86,0.88,66.67,5.6,40.79,0.81,0.52,0,17.03,1.18,1.03,26.17,80,8.99,61.48,3.76,94.12,9.21,89.6,3.46,34.04,22.33,32.9,0.07,0.52,0,0,0.15,100,0.22,5.45,56.76,1.55,42.86,0.52,28.57,0.44,0.15,4.05,72.73,0,,0,,0,0,0,0,,,0.07,,
F. García,Liga MX U809,2025/26,América U21,América U21,CF,22,1589,11,8.83,3,0.94,Mexico,2.38,2.44,46.51,3,39.62,0.11,0.16,0.06,1.13,1.61,1.47,1,0.06,0,0,3.29,0.62,10,0.57,0.5,0,0,68,3.85,51.47,16.176,0.17,0.45,37.5,2.27,47.5,6.63,37.61,3.68,1.59,0.34,9.23,2.49,0.85,11.04,72.31,2.49,56.82,3.23,85.96,3.12,72.73,0.51,66.67,16.03,16.42,0.05,0.57,0.06,0,0.23,25,0.17,1.53,55.56,0.79,50,0.17,33.33,0.51,0.17,1.64,82.76,0,,0,,0,0,0,0,,,0.06,,
A. Álvarez,Liga MX U810,2025/26,América,América U21,"AMF, RW, CF",22,240,0,0.83,0,0.07,Mexico,4.5,5.25,64.29,0.38,0,0,0,0,1.13,2.05,1.13,1,0.38,0,0,3.38,0,0,0,0.31,0,0,8,3,25,0,0,0.38,100,3.38,66.67,13.88,54.05,2.25,3.75,0.38,24.75,1.13,4.13,29.25,78.21,9,58.33,6,100,8.63,86.96,1.88,40,21.77,19.95,0.02,1.13,0,0,0,0,0.38,5.25,64.29,3.38,55.56,0.38,100,1.5,0.38,3.75,80,0,,0,,0,0,0,0,,,0,,
C. Vela,Liga MX U811,2025/26,América U21,América U21,"CF, LW, LCMF",21,822,2,2.04,1,0.99,Mexico,5.36,6.24,56.14,1.86,29.41,0,0,0,1.86,2.87,2.19,0,0,0,0,3.39,0.22,2,0.22,0.22,0,0,28,3.07,53.57,7.143,0.11,1.2,18.18,3.07,46.43,7.99,41.1,1.31,2.41,0.11,15.88,1.42,1.64,21.57,74.11,4.93,55.56,4.16,92.11,8.32,75,2.96,33.33,18.41,17.23,0.11,1.09,0,0,0.11,100,0.55,3.72,58.82,2.74,36,0.99,33.33,1.2,0.11,3.94,69.44,0,,0,,0,0,0,0,,,0.22,,
J. Cantú,Liga MX U812,2025/26,Pachuca U21,Pachuca U21,"CF, AMF",22,255,0,0.46,0,0.07,Mexico,2.47,1.06,33.33,4.94,35.71,0,0,0.71,2.12,3.27,0.71,0,0,0,0,0,0,0,0,0.16,0,0,3,1.06,0,0,0,0,0,0,0,4.94,14.29,2.12,0.35,0,13.06,2.12,0.35,21.88,77.42,4.24,66.67,7.06,90,6.35,72.22,1.06,66.67,16.21,5.25,0.02,0.35,0,0,0,0,0,2.12,50,0,0,0,0,0.71,0,1.76,60,0,,0,,0,0,0,0,,,0,,
J. Salinas,Liga MX U813,2025/26,Pachuca U19,Pachuca U21,"LCMF, CF, DMF",19,337,0,0.13,2,0.62,Mexico,4.54,4.01,53.33,1.34,40,0.8,1.02,0,1.6,2.05,0.27,0,0,0,0,2.67,0,0,0,0.03,0,0,6,1.6,16.67,0,0.53,1.6,66.67,2.67,50,9.35,31.43,0.27,0.8,0,19.76,0.8,1.87,28.04,86.67,8.28,80.65,4.54,88.24,11.22,90.48,0.8,33.33,16.63,15.5,0.17,2.67,0,0,0,0,0.53,4.01,80,1.87,57.14,0,0,0,1.07,2.94,100,0,,0,,0,0,0,0,,,0,,
C. Hernandez,Liga MX U814,2025/26,Pachuca,Pachuca U21,"LAMF, AMF, CF",18,673,0,0.37,0,0.42,Mexico,8.02,7.22,66.67,1.34,0,0.53,0.71,0,2.67,3.57,1.47,2,0.27,0,0,2.54,0,0,0,0.05,0,0,9,1.2,22.22,0,0,2.41,66.67,0.94,71.43,6.55,38.78,1.74,2.27,0,25.27,1.2,1.47,32.63,76.23,9.63,68.06,6.02,88.89,11.23,73.81,2.54,57.89,17.54,35.88,0.06,0.8,0,0,0.27,0,0.4,5.08,73.68,2.41,77.78,0.27,0,0.4,1.47,7.62,73.68,0,,0,,0,0,0,0,,,0,,
A. De Nigris,Liga MX U815,2025/26,Monterrey U16,Monterrey U21,CF,18,975,1,3.24,2,1.45,Mexico,2.86,2.95,43.75,6.28,30.88,0.09,0.14,0.28,1.48,2.24,1.11,1,0.09,0,0,1.48,0.09,1,0.09,0.3,0,0,21,1.94,19.05,4.762,0.18,0.37,75,1.75,47.37,12.28,36.84,2.03,0.74,0.09,7.11,2.03,3.42,10.52,79.82,2.31,72,3.88,95.24,2.12,69.57,0.37,100,16.87,9.33,0.13,0.55,0.09,0,0,0,0.28,1.2,84.62,0.37,100,0.09,100,0.28,0.09,1.48,56.25,0,,0,,0,0,0,0,,,0.09,,
C. Frayde,Liga MX U816,2025/26,Monterrey U21,Monterrey U21,"AMF, LCMF, CF",22,1486,4,2.61,2,2.61,Mexico,6.84,5.63,62.37,1.76,34.48,0.55,0.79,0.18,2.79,4.04,1.03,2,0.12,1,0.06,2.3,0.24,4,0.24,0.16,0,0,24,1.45,50,16.667,0.12,1.09,38.89,2.6,41.86,9.08,40.67,2.24,1.15,0.18,21.92,1.09,1.64,31.62,82.95,7.99,69.7,7.51,91.94,9.57,84.18,1.15,42.11,15.56,21.11,0.16,1.27,0.06,0,0.12,50,0.55,3.82,73.02,1.76,72.41,0.3,20,1.21,0.42,4.18,76.81,0,,0,,0,0,0,0,,,0.18,,
J. Moxica,Liga MX U817,2025/26,Monterrey,Monterrey U21,CF,20,1055,4,4.98,2,1.38,Mexico,3.5,2.99,57.14,4.09,35.42,0.34,0.51,0,1.45,2.16,1.45,1,0.09,1,0.09,2.56,0.34,3,0.26,0.42,0,0,32,2.73,37.5,12.5,0.17,0.43,40,2.73,43.75,8.87,35.58,3.92,0.85,0,12.54,1.62,2.22,18.68,79,4.09,72.92,6.48,92.11,3.84,68.89,0.17,50,15.21,7.13,0.12,0.94,0.17,0,0.43,40,0.43,1.62,73.68,1.28,73.33,0.43,40,1.28,0.17,2.3,70.37,0,,0,,0,0,0,0,,,0,,
L. Ortiz,Liga MX U818,2025/26,Monterrey U19,Monterrey U21,"CF, AMF, RAMF",19,538,3,1.91,0,0.32,Mexico,5.35,5.02,60,0.5,33.33,0.5,0.75,0,1.84,2.75,1.17,0,0,0,0,3.01,0.5,3,0.5,0.32,0,0,13,2.17,69.23,23.077,0,1.51,33.33,2.01,41.67,7.03,33.33,1.67,1.34,0,29.94,0.5,0.84,38.64,82.25,11.04,75.76,8.7,94.23,12.38,82.43,2.51,46.67,19.93,19.72,0.05,0.84,0,0,0.33,50,0.17,5.02,80,2.17,53.85,0.33,50,0.84,0.84,5.52,57.58,0,,0,,0,0,0,0,,,0.67,,
O. Gálvez,Liga MX U819,2025/26,Monterrey U19,Monterrey U21,"CF, LCMF, AMF",20,748,5,2.97,1,2.18,Mexico,3.73,2.89,62.5,2.17,11.11,0.24,0.35,0,1.68,2.47,0.36,0,0,0,0,2.29,0.6,4,0.48,0.36,0,0,15,1.8,53.33,33.333,0.12,0.96,25,1.56,61.54,6.38,45.28,2.41,1.68,0.24,21.06,1.93,1.44,27.55,77.73,7.7,64.06,7.58,93.65,6.62,81.82,2.77,56.52,16.9,35.57,0.26,1.68,0.12,0,0.24,50,0.96,3.01,76,2.17,50,0.48,50,1.56,0.24,4.45,67.57,0,,0,,0,0,0,0,,,0.84,,
L. Ayala,Liga MX U820,2025/26,Monterrey U21,Monterrey U21,"RCMF, LCMF, CF",20,830,1,1.92,0,0.55,Mexico,6.61,5.53,54.9,0.76,42.86,1.19,1.72,0.11,2.39,3.44,1.08,1,0.11,0,0,1.08,0.11,0,0,0.21,0,0,5,0.54,20,20,0,0.54,40,1.19,54.55,5.64,38.46,0.65,0.65,0,22.99,0.33,1.3,33.4,79.87,12.36,66.67,6.07,89.29,10.63,88.78,6.51,55,21.85,37.57,0.06,0.43,0,0,0.11,100,0.33,6.94,62.5,1.52,50,0.76,42.86,0.98,0.22,6.07,75,0,,0,,0,0,0,0,,,1.19,,