Name,Team,Competition,Season,Minutes,Primary Position,Nationality,Age,Date of Birth,All Goals,NP Goals,xG,xG/Shot,Shots,Goal Conversion%,Shooting%,Shot Touch%,Penalty Conversion%,PSxG,Assists,xG Assisted,Key Passes,OP Assists,OP xG Assisted,OP Key Passes,SP Assists,SP xG Assisted,SP Key Passes,Scoring Contribution,xG & xG Assisted,Shots & Key Passes,O/U Performance,Dribbles,Successful Dribbles,Failed Dribbles,Dribble%,Fouls Won,Penalty Wins,Dispossessed,Turnovers,Interceptions,PAdj Interceptions,Clearances,PAdj Clearances,Defensive Actions,Aggressive Actions,Blocks/Shot,Defensive Regains,Average DA X,Ball Recov. F2,Ball Recoveries,Tackles,Tack&Int,Tack/DP%,PAdj Tackles,PAdj Tack&Int,Fouls,Dribbles Stopped%,Dribbled Past,Aerial Win%,Aerial Wins,Errors,Pressures,PAdj Pressures,Pressure Regains,Counterpressures,Counterpress Regains,Average Pressure X,Pressures F2,Pressures F2%,Counterpressures F2,Counterpressures F2%,Yellow Cards,2nd Yellows,Red Cards,OP Passes,Passing%,Long Balls,L/R Footedness%,Long Ball%,Pr. Long Balls,UPr. Long Balls,Passes Pressured%,Pr. Pass%,Pr. Pass% Dif.,Average Pass X,Deep Progressions,xGBuildup,xGChain,Carries,Carry%,Carry Length,OP F3 Passes,PintoB,OP Passes Into Box,SP PintoB,Passes Inside Box,Touches In Box,PinTin,Throughballs,Successful Box Cross%,Successful Crosses,Crossing%,Deep Completions,Pass Forward%,Pass Sideways%,Pass Backward%,F3 Pass Forward%,F3 Pass Sideways%,F3 Pass Backward%,Pass Length,Pr. Pass Length,Pass Length Ratio,Pr. Pass Length%,Pr. Pass Length Dif.,Succ. Pass Length,Succ.Pr. Pass Length,Goals Conceded,PSxG Faced,GSAA,Save%,xSv%,Shot Stopping%,xG Faced,Shots Faced,Shots Faced OT%,All Shots Faced,Positioning Error,Penalties Faced,Penalties Conceded,GK Aggressive Dist.,Claims%,Pass into Danger%,Pass into Pressure%,Positive Outcome,Positive Outcome%,Pass OBV,D&C OBV,DA OBV,Shot OBV,Goalkeeper OBV,OBV
AZ Jackson,Vancouver Whitecaps,Major League Soccer,2026,574,Left Wing,USA,25,24/10/01,0.16,0.16,0.11,0.04,2.66,6,53,4,,0.34,0.16,0.03,0.47,0.16,0.03,0.47,0,0,0,0.31,0.14,3.13,0.18,1.25,0.63,0.63,50,2.19,0.31,1.88,3.92,0.78,0.9,0.47,0.61,30.86,18.17,0,10.03,55.75,5.01,3.45,1.57,2.35,56,1.95,2.85,0.78,22,1.25,20,0.16,0,28.67,35.82,9.24,7.21,2.35,56.67,18.49,64,5.48,76,0,0,0,28.98,80,1.72,16,58,1.1,2.35,18,79,-1,65.1,4.54,0.46,0.51,35.56,85,6.61,14.88,1.1,1.1,0,0.63,6.42,7.52,0.16,0,0.31,33,1.25,14,69,17,12,71,18,18.84,19.43,0.95,97,0.6,17.9,18.83,0,0,0,0,0,,0,0,,0,0,0,0,0,0,23,14,5.95,28,0.06,0.28,0.01,-0.06,,0.29
Aaron Herrera,DC United,Major League Soccer,2026,427,Right Midfielder,Guatemala,29,05/06/97,0,0,0.09,0.06,1.69,0,13,2,,0.01,0,0.08,0.63,0,0.07,0.42,0,0.01,0.21,0,0.17,2.32,-0.17,1.27,0.84,0.42,67,0.84,0,1.27,1.27,0.21,0.22,1.9,0.97,13.92,7.8,0.03,4.64,36.5,6.75,2.95,1.27,1.48,67,0.62,0.84,1.05,0,0.63,39,1.48,0,11.6,7.15,2.74,2.53,0.42,41.51,3.8,33,1.48,58,0.21,0,0,28.89,70,3.58,16,63,2.11,5.48,18,62,-8,57.61,2.74,0.29,0.38,24.46,90,6.06,9.28,1.48,0.84,0.63,0.63,4.22,5.06,0,14,0.21,9,0.42,18,66,17,23,61,16,20.86,13.49,1.01,127,-7.37,21.01,17.09,0,0,0,0,0,,0,0,,0,0,0,0,0,0,32,11,4.74,33,0.01,0.02,-0.06,-0.09,,-0.12
Aaron Long,LAFC,Major League Soccer,2026,914,Left Centre Back,USA,34,11/10/92,0,0,0.05,0.25,0.2,0,50,0,,0.07,0,0,0.1,0,0,0.1,0,0,0,0,0.05,0.3,-0.05,0,0,0,,0.1,0,0,0.39,0.49,0.33,4.04,2.81,7.68,4.33,0.11,4.04,22.28,7.28,1.67,0.98,1.48,83,1,1.33,0.49,67,0.2,65,1.28,0.2,6.2,5.19,2.85,1.08,0.89,29.04,1.28,21,0.49,45,0.1,0,0,61.33,93,5.61,23,79,4.43,6.69,8,83,-10,39.39,5.22,0.48,0.48,50.89,100,3.45,5.91,0.1,0.1,0,0.1,0.69,0.79,0,0,0,,0.1,25,73,2,27,72,2,21.09,20.23,0.96,94,-0.86,20.33,19.1,0,0,0,0,0,,0,0,,0,0,0,0,0,0,13,9,4.23,26,0.1,0.03,0.3,0.02,,0.44
Adri Mehmeti,New York Red Bulls,Major League Soccer,2026,2008,Centre Defensive Midfielder,USA,17,05/04/09,0.04,0.04,0.08,0.12,0.67,7,13,0,,0.05,0.13,0.14,0.9,0.13,0.14,0.9,0,0,0,0.18,0.22,1.57,-0.04,0.54,0.4,0.13,75,0.72,0.04,1.43,0.54,1.39,1.64,1.79,1.99,17.21,9.46,0.06,5.83,40.84,10.8,5.33,1.93,3.32,66,1.94,3.57,1.48,43,0.99,62,1.48,0.04,13.81,15.09,4.21,4.71,1.39,44.78,6.19,45,2.64,56,0.22,0.04,0,56.8,85,1.66,15,49,2.29,2.87,20,77,-8,52.71,6.81,0.64,0.75,45.32,96,3.84,17.44,1.17,1.17,0,0.09,1.61,2.78,0.13,0,0,,0.31,23,69,8,24,70,5,17.81,16.62,0.96,98,-1.19,17.15,16.29,0,0,0,0,0,,0,0,,0,0,0,0,0,0,19,10,6.32,45,0.06,0.12,0.03,-0.02,,0.19
Adrián Marín,Orlando City,Major League Soccer,2026,1310,Left Centre Back,Spain,29,08/01/97,0,0,0,0.04,0.07,0,0,0,,0,0.21,0.04,0.48,0.21,0.04,0.48,0,0,0,0.21,0.05,0.55,0.16,0.41,0.14,0.27,33,0.41,0,0.14,0.55,0.76,0.6,2.54,2.15,10.3,5.98,0.04,4.33,28.14,6.59,2.2,1.92,2.68,85,1.71,2.31,1.37,69,0.34,75,1.24,0,7.01,6.18,2.75,1.44,0.69,34.31,1.92,27,0.69,48,0.21,0,0,42.58,82,1.65,95,39,2.82,3.91,10,77,-5,45.44,6.39,0.33,0.34,34.68,99,4.02,9.27,0.82,0.69,0.14,0.21,0.41,1.1,0,33,0.34,71,0.14,32,64,4,38,60,2,18.98,15.79,0.9,90,-3.18,17.11,14.27,0,0,0,0,0,,0,0,,0,0,0,0,0,0,23,11,3.89,29,0.14,0.04,0.07,-0.01,,0.24
Agustin Resch,Houston Dynamo,Major League Soccer,2026,1815,Left Centre Back,Argentina,24,27/02/02,0.05,0.05,0.02,0.04,0.35,14,43,0,,0.04,0,0.01,0.15,0,0.01,0.15,0,0,0,0.05,0.02,0.5,0.03,0.2,0.15,0.05,75,0.89,0,0.25,0.2,0.99,0.87,4.56,4.18,9.32,4.76,0.09,3.87,22.6,6.05,1.59,1.88,2.88,90,1.63,2.5,1.44,73,0.2,84,1.83,0.05,6,5.12,2.08,0.94,0.4,28.04,1.04,17,0.4,42,0.25,0,0,43.18,88,2.08,31,43,5.4,3.97,9,72,-17,35.09,2.63,0.28,0.28,35.99,99,3.71,3.52,0.1,0.1,0,0,0.79,0.89,0.05,0,0,,0.05,26,71,3,35,62,3,19.98,23.88,0.89,82,3.91,17.87,19.69,0,0,0,0,0,,0,0,,0,0,0,0,0,0,14,7,2.83,21,0.04,0.04,0.13,0,,0.21
Agustín Bouzat,Houston Dynamo,Major League Soccer,2026,1178,Left Defensive Midfielder,Argentina,32,27/03/94,0.08,0.08,0.09,0.07,1.22,6,31,2,,0.1,0.08,0.03,0.76,0.08,0.03,0.76,0,0,0,0.15,0.12,1.99,0.03,0.31,0.23,0.08,75,0.99,0,0.69,0.46,0.92,0.66,0.69,0.5,23.23,13.45,0.03,6.27,42.32,5.66,2.22,1.99,2.9,58,1.38,2.04,1.91,32,1.45,42,0.61,0,19.34,15.11,5.04,3.21,0.92,45.35,7.41,38,1.83,57,0.23,0,0.08,32.86,85,1.6,79,60,1.3,2.06,16,72,-13,48.48,2.37,0.35,0.4,26.6,97,3.43,7.57,0.23,0.23,0,0,1.83,2.06,0.08,33,0.08,100,0.38,19,70,11,15,74,11,17.39,17.52,0.95,98,0.13,16.51,17.23,0,0,0,0,0,,0,0,,0,0,0,0,0,0,18,9,3.65,27,-0.03,0.05,0.06,-0.01,,0.08
Agustín Ojeda,New York City FC,Major League Soccer,2026,2026,Right Wing,Argentina,22,18/06/04,0.22,0.22,0.18,0.14,1.29,17,41,2,,0.18,0.27,0.15,1.38,0.27,0.13,1.11,0,0.02,0.27,0.49,0.33,2.67,0.16,1.42,0.84,0.58,59,0.71,0.09,1.69,1.82,0.31,0.32,0.58,0.68,15.95,8.88,0,4.31,50.94,4.58,2.4,1.02,1.33,77,1.01,1.33,0.76,22,0.31,52,0.76,0,14.17,14.89,3.47,2.27,0.76,52.17,7.69,54,1.73,76,0.04,0,0,27.68,80,1.16,4,57,0.76,1.87,20,75,-5,61.37,2.09,0.38,0.61,27.85,89,5.78,10.4,1.2,0.93,0.27,0.58,4.8,5.73,0.04,26,0.53,29,0.98,15,59,26,16,54,29,16.17,14.26,0.95,96,-1.92,15.39,13.67,0,0,0,0,0,,0,0,,0,0,0,0,0,0,21,10,4.99,38,0.04,0.12,-0.01,0.04,,0.19
Ahmed Qasem,Nashville SC,Major League Soccer,2026,1069,Left Midfielder,Iraq,23,11/07/03,0.17,0.17,0.11,0.08,1.43,12,41,3,,0.15,0.08,0.05,0.34,0.08,0.05,0.34,0,0,0,0.25,0.16,1.77,0.09,2.19,0.93,1.26,42,1.35,0,2.61,2.95,0.25,0.31,0.34,0.4,21.98,10.27,0,5.05,52.93,5.31,2.7,1.26,1.52,75,1.42,1.73,1.68,50,0.42,38,0.51,0,19.03,20.66,4.3,4.21,1.01,54.25,11.71,62,3.12,74,0.25,0,0,23.67,79,0.59,92,58,0.42,0.93,23,77,-2,59.24,3.87,0.24,0.33,27.2,82,6.14,8.59,0.84,0.76,0.08,0.17,2.44,3.2,0,0,0.25,27,0.17,15,63,22,13,72,16,15.02,12.48,1.04,108,-2.54,15.56,13.48,0,0,0,0,0,,0,0,,0,0,0,0,0,0,22,9,2.91,22,-0.02,0.08,0.01,0.06,,0.13
Aiden Hezarkhani,Real Salt Lake,Major League Soccer,2026,802,Right Wing,USA,19,27/06/07,0.22,0.22,0.11,0.06,1.68,13,40,2,,0.23,0,0.1,1.12,0,0.06,0.79,0,0.04,0.34,0.22,0.21,2.8,0.01,2.24,1.12,1.12,50,2.24,0,3.25,2.69,0.34,0.24,0.67,0.45,17.61,9.31,0.01,3.81,55.4,5.61,3.7,0.56,0.9,63,0.61,0.85,1.46,0,0.34,33,0.67,0,15.59,11.88,2.8,3.14,0.56,58.12,9.65,62,2.24,71,0.22,0,0,23.22,68,1.79,83,44,1.01,3.7,23,60,-8,59.02,2.69,0.47,0.64,26.36,80,5,7.52,0.79,0.22,0.56,0.45,3.03,3.25,0,29,0.22,22,0.67,14,74,12,13,75,12,18.17,14.57,0.88,98,-3.6,15.97,14.25,0,0,0,0,0,,0,0,,0,0,0,0,0,0,26,6,4.92,38,0.04,0.06,0.03,0.13,,0.26
Aiden O'Neill,New York City FC,Major League Soccer,2026,997,Right Defensive Midfielder,Australia,28,03/07/98,0,0,0.03,0.05,0.54,0,17,0,,0.01,0.09,0.03,0.36,0.09,0.03,0.36,0,0,0,0.09,0.06,0.9,0.03,0.63,0.45,0.18,71,1.44,0,0.81,0.63,1.17,1.72,1.35,1.77,23.37,14.08,0.07,8.21,40.01,9.57,4.51,2.62,3.79,66,3.19,4.91,1.71,25,1.35,56,0.81,0.09,19.22,24.11,6.41,4.87,1.35,43.24,7.49,39,2.26,46,0.18,0,0,57.94,88,2.98,18,59,1.99,4.42,15,84,-3,50.08,5.51,0.47,0.48,46.21,97,3.83,12.36,0.45,0.45,0,0,0.72,1.17,0.09,20,0.18,29,0,19,69,12,20,72,9,18.36,17.08,0.96,102,-1.28,17.56,17.49,0,0,0,0,0,,0,0,,0,0,0,0,0,0,18,11,5.85,44,0.06,0.04,0.22,-0.02,,0.31
Ajani Fortune,Atlanta United,Major League Soccer,2026,530,Left Centre Midfielder,Trinidad and Tobago,24,29/12/02,0.34,0.34,0.11,0.06,1.7,20,50,2,,0.26,0,0.12,1.19,0,0.12,1.19,0,0,0,0.34,0.23,2.89,0.11,1.19,0.68,0.51,57,1.02,0,0.85,2.04,0.51,0.59,0.85,0.86,12.9,6.79,0.02,3.91,49.83,6.79,4.25,1.36,1.87,67,1.17,1.76,1.02,40,0.68,50,0.85,0.17,10.53,10.48,3.06,2.38,1.53,53.01,5.77,55,2.04,86,0,0,0,37.02,86,2.21,8,59,1.19,3.4,9,85,-1,54.76,5.43,0.43,0.64,34.64,94,4.84,12.06,1.02,0.85,0.17,0.17,1.36,2.21,0.34,0,0,0,0.17,21,66,14,30,59,11,18.66,19.87,0.94,95,1.22,17.48,18.92,0,0,0,0,0,,0,0,,0,0,0,0,0,0,11,3,5.31,33,0.02,0.13,0.01,0.09,,0.24
Albert Rusnák,Seattle Sounders,Major League Soccer,2026,1730,Centre Attacking Midfielder,Slovakia,32,06/07/94,0.16,0.05,0.15,0.08,1.87,3,31,2,100,0.14,0.36,0.2,2.34,0.1,0.1,1.04,0.26,0.09,1.3,0.42,0.35,4.21,0.07,0.26,0.21,0.05,80,0.26,0,0.68,0.36,0.26,0.33,0.26,0.23,9.73,5.15,0,2.97,55.99,3.69,2.71,0.57,0.83,58,0.44,0.77,0.36,11,0.42,12,0.1,0,8.79,8,2.6,1.98,0.52,58.26,5.67,64,1.51,76,0,0,0,37.41,80,3.85,10,50,0.68,7.34,12,81,1,61.46,5.41,0.48,0.6,33.66,97,5.03,15.35,3.64,1.98,1.66,0.21,2.24,4.21,0.1,13,0.57,34,0.42,14,74,12,17,75,8,21.14,18.51,0.91,97,-2.63,19.33,17.91,0,0,0,0,0,,0,0,,0,0,0,0,0,0,17,6,8.26,55,0.12,0.1,0.03,-0.04,,0.2
Alejandro Alvarado,San Diego FC,Major League Soccer,2026,499,Right Centre Midfielder,USA,23,28/07/03,0.18,0.18,0.04,0.05,0.9,20,20,1,,0.05,0,0.06,0.9,0,0.06,0.9,0,0,0,0.18,0.1,1.81,0.08,0.72,0.54,0.18,75,2.53,0,1.81,1.08,1.08,1.39,0.54,0.6,21.3,11.74,0,5.24,44.27,8.85,4.87,4.33,5.42,83,6.19,7.57,1.99,50,0.9,50,0.36,0,15.35,21,4.51,4.69,1.62,44.49,6.5,42,2.53,54,0.18,0,0,63.91,92,1.44,10,62,1.08,1.81,12,81,-11,53.34,6.32,0.45,0.47,55.25,95,3.41,18.78,0.36,0.36,0,0,1.26,1.62,0,50,0.18,50,0.18,15,72,13,22,69,9,14.8,13.18,0.98,87,-1.62,14.44,11.44,0,0,0,0,0,,0,0,,0,0,0,0,0,0,8,4,4.98,37,-0.01,0.04,0.08,-0.01,,0.09
Alejandro Bedoya,Philadelphia Union,Major League Soccer,2026,319,Right Midfielder,USA,39,28/04/87,0,0,0.13,0.08,1.7,0,33,2,,0.23,0.57,0.17,1.7,0.57,0.17,1.7,0,0,0,0.57,0.31,3.39,0.26,0,0,0,,0.28,0,0.57,0.28,0.28,0.27,0.28,0.22,17.8,8.19,0,4.8,50.97,5.37,3.39,2.26,2.54,80,1.93,2.2,1.98,0,0.57,50,4.24,0,13.56,11.35,3.96,3.39,1.13,51.05,7.06,52,3.11,92,0.28,0,0,25.43,58,0.28,18,20,0.28,1.41,24,45,-13,64.23,2.54,0.48,0.6,12.15,91,4.25,8.19,1.13,1.13,0,1.41,9.32,10.45,0,25,0.28,17,1.7,22,65,13,17,69,14,14.59,12.64,1,92,-1.95,14.62,11.61,0,0,0,0,0,,0,0,,0,0,0,0,0,0,41,9,4.92,34,0.01,0.03,0.03,0.05,,0.12
Aleksey Miranchuk,Atlanta United,Major League Soccer,2026,2012,Right Wing,Russia,31,16/10/95,0.22,0.22,0.21,0.12,1.79,13,35,2,,0.3,0.27,0.2,1.92,0.27,0.19,1.7,0,0.02,0.22,0.49,0.41,3.71,0.08,1.43,0.85,0.58,59,0.85,0,1.12,2.1,0.58,0.56,0.45,0.39,12.17,5.73,0,2.59,56.52,5.86,3.22,0.31,0.89,35,0.34,0.91,0.54,15,0.58,31,0.4,0,11.32,11.72,2.24,2.19,0.58,58.75,7.25,64,1.7,78,0.04,0,0,37.48,77,2.5,81,50,1.21,4.2,20,75,-2,61.29,6.17,0.52,0.71,37.35,93,5.17,16.28,2.24,1.83,0.4,0.72,3.89,5.73,0.31,10,0.22,17,0.85,20,67,13,26,63,11,19.39,16.81,0.93,100,-2.58,17.98,16.76,0,0,0,0,0,,0,0,,0,0,0,0,0,0,19,6,7.59,53,0.04,0.09,0.02,0.06,,0.21
Alex Bonetig,Portland Timbers,Major League Soccer,2026,724,Left Centre Back,Australia,24,19/08/02,0.12,0.12,0.02,0.13,0.12,100,100,0,,0.09,0,0,0,0,0,0,0,0,0,0.12,0.02,0.12,0.11,0.25,0.12,0.12,50,0.37,0,0.37,0.37,1.24,0.78,4.23,3.2,8.08,4.35,0.04,4.6,25.4,4.6,1.24,0.62,1.87,83,0.62,1.41,0.75,50,0.12,67,0.99,0.12,6.71,5.61,3.11,1.37,0.75,33.8,1.62,24,0.5,36,0.12,0,0,42.15,92,2.36,80,59,4.73,3.48,11,88,-4,33.31,1.62,0.35,0.35,36.81,98,4.26,1.62,0.12,0.12,0,0,0.37,0.5,0,0,0,,0,23,75,2,38,54,8,20.98,20.06,0.94,101,-0.93,19.69,20.3,0,0,0,0,0,,0,0,,0,0,0,0,0,0,13,8,2.24,21,0.06,0.03,0.09,-0.01,,0.17
Alex Mighten,San Diego FC,Major League Soccer,2026,705,Left Wing,England,24,10/04/02,0,0,0.07,0.07,0.89,0,29,1,,0.02,0.26,0.11,0.89,0.26,0.11,0.89,0,0,0,0.26,0.18,1.79,0.08,3.06,1.66,1.4,54,1.53,0.13,2.55,3.06,0.13,0.14,0.38,0.66,13.79,6.77,0,3.06,67.61,2.94,1.92,0.38,0.51,60,0.55,0.69,0.89,0,0.26,25,0.13,0,12.51,18.49,2.68,1.66,0.38,69.85,10.6,85,1.53,92,0.13,0,0,26.43,78,1.15,14,75,0.64,1.28,24,74,-4,66.37,2.43,0.28,0.37,32.18,85,6.2,12.13,0.51,0.51,0,0.77,3.7,4.21,0,75,1.15,43,1.15,7,58,35,5,52,43,15.57,13.21,1.01,102,-2.37,15.66,13.46,0,0,0,0,0,,0,0,,0,0,0,0,0,0,24,9,4.67,28,0.09,0.17,0.01,-0.02,,0.24
Alex Muyl,Nashville SC,Major League Soccer,2026,886,Left Midfielder,USA,31,29/09/95,0,0,0.11,0.18,0.61,0,67,1,,0.12,0.1,0.07,0.61,0.1,0.07,0.61,0,0,0,0.1,0.19,1.22,-0.08,1.22,0.91,0.3,75,1.22,0,1.73,2.34,1.22,1.46,0.71,0.97,22.95,13.61,0.01,6.7,45.94,4.47,2.44,1.62,2.84,57,1.89,3.35,1.12,29,1.22,45,0.51,0.1,20.21,23.82,5.69,5.18,1.73,47.64,8.94,44,3.35,65,0.2,0,0,23.76,82,0.81,23,73,1.02,0.81,23,76,-6,57.11,2.03,0.3,0.35,24.27,86,5.04,8.02,0.81,0.81,0,0.41,2.44,3.25,0.1,25,0.2,40,0.51,14,64,21,11,66,23,15.12,14.78,1.01,103,-0.34,15.23,15.23,0,0,0,0,0,,0,0,,0,0,0,0,0,0,21,10,2.6,21,-0.01,0.08,0.05,0.03,,0.15
Alex Roldán,Seattle Sounders,Major League Soccer,2026,1225,Right Centre Back,El Salvador,30,27/07/96,0,0,0.02,0.03,0.59,0,13,0,,0,0,0.05,0.51,0,0.05,0.51,0,0,0,0,0.07,1.1,-0.07,0.59,0.37,0.22,63,1.18,0,0.59,0.44,1.1,0.99,3.45,3.49,11.53,6.32,0.06,5.44,31.5,11.39,4.78,1.47,2.57,63,1.57,2.56,0.73,44,0.88,67,1.18,0,9.33,8.65,3.23,1.69,0.73,35.57,2.79,30,1.1,65,0.15,0,0,60.61,84,5,6,61,4.04,7.64,8,65,-20,45.37,8.74,0.55,0.59,52.6,98,3.86,14.25,0.73,0.66,0.07,0.07,0.73,1.4,0.07,10,0.07,11,0.07,24,71,6,29,67,4,21.43,18.86,0.94,93,-2.56,20.1,17.53,0,0,0,0,0,,0,0,,0,0,0,0,0,0,17,7,6.92,39,0.1,0.08,0.05,-0.02,,0.2
Alexander Aravena,Portland Timbers,Major League Soccer,2026,573,Right Wing,Chile,24,05/09/02,0.16,0.16,0.31,0.12,2.67,6,35,3,,0.27,0,0.04,0.47,0,0.04,0.47,0,0,0,0.16,0.35,3.14,-0.19,1.41,1.26,0.16,89,1.73,0,1.57,1.57,0,0,0.16,0.21,14.45,7.22,0,3.77,48.82,4.24,1.73,0.79,0.79,63,0.96,0.96,0.31,0,0.47,11,0.16,0.16,13.35,12.07,3.3,2.36,0.79,51.01,6.6,49,1.57,67,0,0,0,33.13,85,1.88,13,60,0.79,2.51,25,89,4,55.78,4.24,0.53,0.72,35.96,93,6.25,11.46,0.94,0.79,0.16,0.31,4.08,4.87,0,0,0.16,20,0.47,10,71,19,12,68,19,17.55,15.46,0.95,98,-2.09,16.69,15.14,0,0,0,0,0,,0,0,,0,0,0,0,0,0,18,9,4.04,30,0,0.05,0.03,0.07,,0.14
Alexandros Katranis,Real Salt Lake,Major League Soccer,2026,660,Left Wing Back,Greece,28,03/05/98,0,0,0.03,0.04,0.82,0,33,1,,0,0,0.11,0.82,0,0.11,0.82,0,0,0,0,0.15,1.64,-0.15,0.55,0.27,0.27,50,0.96,0,0.27,0.82,0.68,0.46,1.5,1.1,11.73,5.46,0.01,3.27,36.78,5.87,3.14,1.23,1.91,100,1.14,1.6,1.36,100,0,100,0.55,0,9.14,7.85,2.73,1.36,0.14,42.42,3.41,37,1.23,90,0.27,0,0,27.7,76,2.59,92,68,1.64,3.68,8,68,-7,55.88,2.87,0.27,0.38,22.24,97,3.2,9.42,0.82,0.82,0,0.14,1.64,2.46,0,50,0.68,45,0.27,19,65,15,12,77,12,20.41,15.67,0.96,100,-4.74,19.59,15.72,0,0,0,0,0,,0,0,,0,0,0,0,0,0,25,7,3.86,29,0.09,0.04,0.06,-0.02,,0.16
Alexandru Irinel Mățan,St. Louis City,Major League Soccer,2026,327,Left Attacking Midfielder,Romania,27,28/08/99,0,0,0.04,0.03,1.1,0,0,0,,0,0.28,0.17,1.38,0.28,0.17,1.38,0,0,0,0.28,0.21,2.48,0.07,1.93,0.83,1.1,43,1.65,0,1.93,2.75,0.83,0.78,0,0,13.76,7.98,0.02,4.96,41.29,9.63,5.23,1.1,1.93,80,1.14,1.93,1.1,67,0.28,33,0.28,0,11.56,11.99,3.85,3.03,1.38,44.53,4.13,36,1.1,36,0.28,0,0,43.5,77,2.75,11,53,0.55,4.68,9,80,3,55.8,6.61,0.62,0.85,43.5,92,6.15,14.31,2.75,2.48,0.28,0,2.75,5.23,0.55,20,0.55,20,0.55,20,68,12,27,62,12,19.16,18.26,0.95,105,-0.9,18.15,19.09,0,0,0,0,0,,0,0,,0,0,0,0,0,0,22,5,8.42,60,0.03,0.15,0,-0.05,,0.13
Alhassan Yusuf,New England Revolution,Major League Soccer,2026,2008,Left Defensive Midfielder,Nigeria,26,17/07/00,0.22,0.22,0.13,0.14,0.9,25,30,1,,0.2,0.09,0.09,0.81,0.09,0.09,0.81,0,0,0,0.31,0.21,1.7,0.1,0.54,0.22,0.31,42,0.94,0,0.72,1.08,1.03,0.94,0.85,0.98,17.66,9.73,0.01,4.62,43.32,8.38,3.72,1.57,2.6,81,1.49,2.43,1.39,63,0.36,30,0.45,0,14.7,15.43,3.77,3.14,0.72,45.51,5.96,41,1.93,61,0.13,0,0,48.95,90,3.63,11,77,1.57,3.99,13,86,-4,53.01,5.42,0.63,0.71,42.36,97,4.56,15.51,0.85,0.85,0,0.22,2.2,3.05,0.04,21,0.22,50,0.36,18,67,15,23,62,15,18.65,17.57,0.99,104,-1.08,18.37,18.36,0,0,0,0,0,,0,0,,0,0,0,0,0,0,12,6,5.39,35,0.04,0.09,0.04,0.1,,0.27
Allan Saint-Maximin,Charlotte,Major League Soccer,2026,341,Left Midfielder,France,29,11/03/97,0,0,0.1,0.05,2.11,0,38,2,,0.15,0.26,0.24,2.38,0.26,0.24,2.38,0,0,0,0.26,0.34,4.49,-0.07,3.96,2.9,1.06,73,2.11,0,3.17,2.11,0.26,0.17,0,0,8.45,4.49,0,1.58,54.86,3.7,1.32,0.53,0.79,50,0.48,0.65,0.53,0,0.53,33,0.26,0,7.39,5.38,1.58,0.79,0,59.2,5.02,68,0.53,67,0,0,0,30.09,80,3.7,5,70,0.53,4.75,20,74,-6,63.99,5.28,0.56,0.79,38.54,86,9.56,16.1,3.43,3.43,0,0.79,2.64,6.07,0.26,31,1.85,50,1.06,11,68,21,11,72,16,20.95,15.91,0.99,113,-5.04,20.78,18.04,0,0,0,0,0,,0,0,,0,0,0,0,0,0,24,9,6.44,48,0.26,0.19,-0.01,0.05,,0.48
Alonso Coello,Toronto FC,Major League Soccer,2026,1828,Right Defensive Midfielder,Spain,27,11/10/99,0,0,0.02,0.03,0.59,0,33,0,,0.03,0.15,0.16,2.41,0.1,0.05,0.94,0.05,0.11,1.48,0.15,0.18,3,-0.03,0.74,0.54,0.2,73,1.13,0,0.69,0.39,1.63,1.43,1.23,1.07,16.25,8.82,0.04,5.66,39.88,9.31,4.33,2.12,3.74,84,1.79,3.22,1.53,65,0.39,71,1.18,0.1,12.61,10.1,4.19,2.66,1.13,41.21,4.43,35,1.58,59,0.15,0,0,50.03,81,7.98,11,60,2.76,11.72,17,77,-3,48.87,6.25,0.44,0.47,39.35,97,5.01,10.98,3.1,1.08,2.02,0.05,0.34,1.43,0.2,13,0.44,39,0.05,22,72,7,31,66,3,24.11,21.73,0.92,95,-2.38,22.1,20.66,0,0,0,0,0,,0,0,,0,0,0,0,0,0,20,8,6.92,54,0.2,0.09,0.04,-0.01,,0.32
Amahl Pellegrino,San Diego FC,Major League Soccer,2026,856,Left Wing,Norway,36,17/06/90,0.32,0.32,0.26,0.18,1.47,21,43,2,,0.34,0.11,0.21,1.47,0.11,0.2,1.37,0,0.01,0.11,0.42,0.47,2.94,-0.05,0.32,0.11,0.21,33,0.63,0,1.68,1.37,0.63,0.85,0.53,0.68,18.61,9.88,0,4.84,64.08,3.68,2.63,0.63,1.26,60,0.77,1.62,0.74,20,0.42,15,0.21,0,17.24,23.91,4.52,3.15,0.95,66.6,13.67,79,2.63,83,0,0,0.11,27.13,80,1.47,5,67,0.84,1.89,12,72,-8,62.65,2.63,0.4,0.69,22.18,89,3.31,11.35,0.84,0.53,0.32,1.37,5.89,6.41,0.42,0,0.11,33,1.47,10,68,22,8,72,19,15.93,14.61,0.97,110,-1.31,15.47,16.02,0,0,0,0,0,,0,0,,0,0,0,0,0,0,21,9,3.4,25,0,0.02,-0.03,0.23,,0.22
Anders Dreyer,San Diego FC,Major League Soccer,2026,2136,Right Wing,Denmark,28,01/05/98,0.34,0.17,0.26,0.09,2.78,6,44,3,100,0.27,0.38,0.26,2.32,0.29,0.18,1.39,0.08,0.08,0.93,0.55,0.52,5.1,0.03,0.88,0.46,0.42,52,0.46,0.04,1.05,1.52,0.34,0.45,0.29,0.41,10.41,5.9,0,2.7,65.84,4.13,2.82,0.21,0.55,42,0.32,0.77,0.25,14,0.29,0,0,0,9.94,13.29,2.49,1.73,0.55,68.42,7.92,80,1.39,80,0.08,0.04,0,44.66,77,2.86,82,42,0.8,6.32,10,82,5,61.64,5.06,0.48,0.77,39.26,94,4.8,16.26,4.21,2.7,1.52,0.8,6.4,9.1,0.17,18,1.01,40,1.35,13,70,17,18,65,17,19.47,16.64,0.89,94,-2.83,17.25,15.61,0,0,0,0,0,,0,0,,0,0,0,0,0,0,22,7,6.95,52,0.09,0.11,0.01,0.05,,0.27
Andre Blake,Philadelphia Union,Major League Soccer,2026,2230,Goalkeeper,Jamaica,36,20/11/90,0,0,0,,0,,,0,,0,0,0,0.04,0,0,0.04,0,0,0,0,0,0.04,0,0,0,0,,0.12,0,0,0,0.04,0.02,0.04,0.04,0.16,0,0,5.05,2.82,3.11,0,0,0.04,,0,0.02,0,100,0,,0,0,0.16,0.13,0.08,0,0,5.93,0,0,0,,0,0,0,18.08,73,6.01,12,48,1.9,10.62,13,67,-6,14.05,0.93,0.22,0.22,15.02,100,5.45,0.48,0,0,0,0,0,0,0,,0,,0,50,50,0,100,0,0,39.69,40.93,0.79,83,1.25,31.17,34.16,1.29,1.31,0.02,54,53,1,1.08,2.79,36,7.67,1.83,0.12,0.08,21.49,1,28,4,2.24,13,0.07,0.04,0,,0,0.11
Andre Dozzell,DC United,Major League Soccer,2026,689,Right Defensive Midfielder,England,27,01/05/99,0,0,0.02,0.05,0.39,0,33,0,,0,0,0.03,0.91,0,0.03,0.78,0,0.01,0.13,0,0.05,1.31,-0.05,0.39,0.39,0,100,0.52,0.13,0.13,0.39,0.52,0.27,1.04,0.54,9.66,5.09,0.03,2.48,35.49,8.62,4.31,1.18,1.7,82,0.64,0.91,0.91,80,0.26,40,0.52,0,7.58,4.08,2.09,1.18,0.52,39.72,2.22,29,0.39,33,0.26,0,0,32.65,84,2.09,89,52,1.57,3.53,9,74,-10,47.2,2.61,0.37,0.42,26.12,99,4.73,7.44,0.52,0.39,0.13,0.13,0.39,0.78,0.13,50,0.26,67,0,23,69,8,28,67,5,21.77,20.33,0.91,92,-1.44,19.88,18.61,0,0,0,0,0,,0,0,,0,0,0,0,0,0,15,4,5.42,35,0.03,0.18,0.01,-0.02,,0.2
Andrei Chirilă,Cincinnati,Major League Soccer,2026,567,Left Centre Back,USA,18,14/08/08,0.16,0.16,0.01,0.03,0.48,33,67,0,,0.03,0,0.03,0.32,0,0.03,0.32,0,0,0,0.16,0.04,0.79,0.12,0.95,0.79,0.16,83,0.63,0,0.63,0.16,0.16,0.18,3.49,3.15,6.5,2.22,0.09,4.44,24.4,7.14,0.63,0.63,0.79,100,0.51,0.7,0.16,100,0,56,1.43,0,5.71,5.06,1.59,0.63,0.48,34.63,1.59,28,0.48,75,0.16,0,0,68.83,86,4.76,84,49,5.71,7.45,14,75,-11,36.59,5.55,0.31,0.35,59.47,99,4.57,6.19,0.63,0.63,0,0,0.63,1.27,0.16,0,0,,0,27,71,2,44,54,3,23,25.58,0.91,84,2.58,20.84,21.56,0,0,0,0,0,,0,0,,0,0,0,0,0,0,16,8,4.52,26,0.08,0.06,0.16,-0.01,,0.28
Andrew Gutman,Chicago Fire,Major League Soccer,2026,1446,Left Back,USA,30,01/10/96,0.06,0.06,0.08,0.09,0.81,8,15,0,,0.03,0.19,0.18,1.12,0.19,0.18,1.12,0,0,0,0.25,0.26,1.93,-0.01,0.25,0.12,0.12,50,0.68,0,0.31,0.81,0.81,0.76,3.3,3.02,10.33,4.67,0.03,4.04,29.67,7.97,2.74,1.24,2.05,87,1.38,2.14,1.18,63,0.19,65,1.62,0,7.9,8.17,2.99,1.62,0.44,38.69,2.61,33,0.93,58,0.19,0,0,37.4,78,2.43,88,45,3.8,4.85,13,66,-12,49.29,2.55,0.54,0.74,30.37,97,3.17,8.96,0.93,0.87,0.06,0.68,2.74,3.61,0.19,33,0.56,39,0.68,24,62,14,17,64,19,20.1,17.5,0.9,93,-2.61,18.03,16.32,0,0,0,0,0,,0,0,,0,0,0,0,0,0,20,8,5.02,29,0.16,0.08,0.04,-0.05,,0.23
Andrew Privett,Charlotte,Major League Soccer,2026,634,Left Centre Back,USA,26,01/08/00,0,0,0.02,0.08,0.28,0,50,0,,0.01,0,0.02,0.28,0,0.02,0.28,0,0,0,0,0.04,0.57,-0.04,0,0,0,,0.28,0,0,0.28,0.43,0.32,4.68,3.61,8.37,3.83,0.08,3.41,21,7.52,1.14,0.43,0.85,60,0.32,0.64,0.85,67,0.28,53,1.28,0,7.09,5.39,1.99,0.85,0.14,28.47,1.28,18,0.14,17,0.28,0,0,46.54,91,4.82,36,69,4.97,6.67,6,75,-16,31.85,1.7,0.19,0.21,39.3,99,4.21,3.12,0.28,0.14,0.14,0,0.43,0.57,0,100,0.28,100,0,19,79,2,18,73,9,23.86,21.83,0.94,87,-2.03,22.45,18.97,0,0,0,0,0,,0,0,,0,0,0,0,0,0,13,9,2.51,20,0.03,0.03,0.21,-0.02,,0.25
Andrew Thomas,Seattle Sounders,Major League Soccer,2026,2183,Goalkeeper,USA,28,31/08/98,0,0,0,,0,,,0,,0,0,0,0,0,0,0,0,0,0,0,0,0,0,0.04,0.04,0,100,0.12,0,0,0.04,0,0,0.04,0.05,0.12,0.08,0,6.18,2.36,3.01,0,0,0,0,0,0,0.04,33,0.08,,0,0.04,0.08,0.12,0,0,0,17.62,0,0,0,,0,0,0,20.08,75,4.66,16,42,2.1,9.11,13,66,-9,10.64,0.7,0.11,0.11,16.9,100,4.79,0.25,0.04,0.04,0,0,0,0.04,0,0,0,,0,41,59,0,100,0,0,36.56,40.1,0.75,77,3.54,27.3,31.03,1.2,1.5,0.3,72,64,7,1.18,4.2,35,12.08,1.93,0,0,20.06,0,21,4,0.86,6,0.07,0.05,-0.01,,0.18,0.29
André Gomes,Columbus Crew,Major League Soccer,2026,1311,Left Defensive Midfielder,Portugal,33,29/07/93,0.07,0.07,0.04,0.06,0.76,9,18,0,,0.03,0,0.05,0.62,0,0.02,0.41,0,0.03,0.21,0.07,0.09,1.37,-0.02,1.51,1.1,0.41,73,0.96,0,1.3,1.44,0.21,0.27,0.89,1.05,16.34,10.71,0.01,5.7,43.21,7.89,3.36,1.99,2.2,71,2.49,2.75,1.51,48,0.82,23,0.21,0.21,12.84,16.5,4.32,2.95,1.44,45.61,5.7,44,1.44,49,0.21,0,0,62.61,90,5.01,30,77,1.58,5.84,12,88,-2,49.87,6.38,0.5,0.52,56.22,96,3.24,16.41,1.65,1.44,0.21,0,0.69,2.13,0.14,4,0.14,29,0.14,16,71,13,21,68,11,18.65,16.63,0.97,106,-2.02,18.05,17.55,0,0,0,0,0,,0,0,,0,0,0,0,0,0,12,6,5.04,44,0.03,0.06,0.04,-0.02,,0.11
Andrés Cubas,Vancouver Whitecaps,Major League Soccer,2026,1682,Left Defensive Midfielder,Paraguay,30,10/05/96,0,0,0.02,0.03,0.64,0,17,0,,0.01,0.11,0.02,0.75,0.11,0.02,0.7,0,0,0.05,0.11,0.05,1.39,0.06,0.27,0.16,0.11,60,0.91,0,0.86,0.64,1.66,1.96,0.75,0.89,30.01,18.29,0.03,10,48.24,11.02,6.53,4.33,5.99,84,5.47,7.44,1.77,53,0.86,33,0.27,0.16,23.91,29.46,7.97,5.62,2.25,49.01,12.09,51,3.58,64,0.37,0,0,51.09,88,4.01,21,71,1.82,4.6,14,79,-9,52.47,7.86,0.63,0.65,44.4,97,4.39,15.94,0.59,0.59,0,0.05,0.27,0.86,0.16,0,0,0,0.11,15,77,8,19,79,2,19.94,19.82,0.98,96,-0.12,19.49,18.96,0,0,0,0,0,,0,0,,0,0,0,0,0,0,13,7,6.3,33,0.01,0.08,0.04,-0.02,,0.12
Andrés Herrera,Columbus Crew,Major League Soccer,2026,1058,Right Back,Argentina,28,02/11/98,0,0,0.07,0.07,1.11,0,38,1,,0.04,0.09,0.14,0.77,0.09,0.14,0.77,0,0,0,0.09,0.21,1.87,-0.12,0.51,0.34,0.17,67,0.77,0,0.68,0.77,1.02,1.38,1.62,2.12,14.88,7.74,0,4.34,43.11,7.06,3.32,1.79,2.81,72,2.32,3.7,1.02,36,0.68,45,0.85,0,12.08,15.48,3.66,2.64,1.11,47.2,5.27,44,1.7,65,0.17,0,0,42.44,82,1.87,7,55,2.21,2.81,18,82,0,55.25,3.66,0.49,0.61,37.51,97,3.5,14.37,1.11,1.11,0,0.34,2.55,3.66,0.09,31,0.6,21,0.26,17,67,16,12,66,22,17.57,16.08,0.94,101,-1.49,16.54,16.24,0,0,0,0,0,,0,0,,0,0,0,0,0,0,23,11,4.65,32,0.13,0.06,0,-0.05,,0.14
Andrés Perea,New York City FC,Major League Soccer,2026,1007,Left Defensive Midfielder,USA,26,13/11/00,0.09,0.09,0.08,0.07,1.16,8,46,1,,0.1,0.09,0.08,0.89,0.09,0.08,0.89,0,0,0,0.18,0.16,2.06,0.02,0.63,0.45,0.18,71,1.34,0.09,1.16,0.8,1.16,1.29,1.25,1.5,14.66,8.94,0.02,5.45,38.34,8.22,3.84,1.61,2.77,67,1.44,2.73,0.63,31,0.8,62,1.61,0,12.52,12.14,4.65,2.86,1.52,39.54,3.58,29,1.52,53,0.09,0,0,32.09,77,1.7,19,56,1.34,2.95,14,66,-11,49.08,3.31,0.42,0.49,25.84,93,4.4,6.88,0.63,0.63,0,0.18,2.23,2.86,0.18,0,0.09,17,0.27,23,67,10,21,70,9,18.29,15.5,0.98,115,-2.79,17.91,17.8,0,0,0,0,0,,0,0,,0,0,0,0,0,0,21,7,5.06,35,-0.06,0.1,0.05,-0.03,,0.07
Andy Najar,Nashville SC,Major League Soccer,2026,1477,Right Back,Honduras,33,15/03/93,0.12,0.12,0.04,0.08,0.55,22,44,0,,0.06,0.12,0.12,1.16,0.12,0.12,1.16,0,0,0,0.24,0.16,1.71,0.08,2.62,1.65,0.97,63,0.91,0,1.16,1.65,0.85,1.17,2.56,3.03,10.85,5.54,0.03,4.02,35.16,9.44,3.72,1.65,2.5,71,2.23,3.4,1.04,44,0.67,59,0.97,0.18,8.16,9.83,2.5,2.01,0.97,42.91,3.29,40,1.1,55,0.3,0,0,58.98,84,4.81,7,59,3.05,7.62,10,86,3,50.68,7.56,0.53,0.66,57.03,95,4.73,15.6,2.25,1.95,0.3,0.18,1.52,3.47,0.3,27,0.61,33,0.18,22,65,13,27,63,10,20.26,17.37,0.93,100,-2.89,18.8,17.3,0,0,0,0,0,,0,0,,0,0,0,0,0,0,19,6,5.68,37,0.16,0.15,0.07,-0.03,,0.34
Angus Gunn,San Jose Earthquakes,Major League Soccer,2026,796,Goalkeeper,Scotland,30,21/01/96,0,0,0,,0,,,0,,0,0,0,0,0,0,0,0,0,0,0,0,0,0,0,0,0,,0,0,0,0,0,0,0,0,0,0,0,6.79,2.49,4.64,0,0,0,,0,0,0,,0,,0,0.11,0,0,0,0,0,,0,,0,,0,0,0,24.43,80,3.85,7,40,2.15,7.47,14,68,-12,11.34,0.23,0.03,0.03,21.6,100,4.52,0.11,0,0,0,0,0,0,0,,0,,0,29,71,0,100,0,0,29.79,38.34,0.75,76,8.55,22.44,29.19,2.15,1.67,-0.48,57,66,-10,1.54,4.98,41,12.22,1.94,0,0,20.91,-3,16,3,0.5,3,0.04,0.07,,,-0.56,-0.44
Anthony Markanich Jr,Minnesota United,Major League Soccer,2026,2040,Left Wing Back,USA,27,25/12/99,0.31,0.31,0.24,0.15,1.63,19,41,2,,0.25,0.09,0.12,0.93,0.09,0.12,0.93,0,0,0,0.4,0.36,2.56,0.04,0.26,0.09,0.18,33,1.32,0.09,0.71,1.1,1.1,0.79,1.32,1.07,13.99,8.83,0.02,5.07,42.25,8.25,3.79,1.59,2.69,64,1.13,1.92,0.97,39,0.88,59,2.38,0,11.52,9.35,3.75,2.03,0.57,46.5,5.25,46,1.46,72,0.13,0,0,33.98,73,1.32,80,52,1.46,2.43,14,57,-16,52.77,2.82,0.49,0.67,25.24,94,3.5,8.83,0.71,0.62,0.09,0.44,5.21,5.82,0,19,0.26,23,0.44,23,63,15,16,67,18,16.33,12.32,0.94,110,-4.01,15.36,13.58,0,0,0,0,0,,0,0,,0,0,0,0,0,0,26,8,4.07,26,0.1,0.04,0.02,0,,0.17
Antino Lopez,Seattle Sounders,Major League Soccer,2026,796,Right Centre Back,USA,24,20/05/02,0,0,0.01,0.03,0.23,0,0,0,,0,0,0,0.23,0,0,0.23,0,0,0,0,0.01,0.45,-0.01,0.23,0.11,0.11,50,0.68,0,0.68,0.34,0.79,0.73,3.96,3.03,10.97,6.45,0.07,4.52,25.3,8.37,3.62,1.02,1.81,75,1.18,1.91,0.9,67,0.34,57,1.36,0,9.05,8.17,3.39,1.13,0.45,31.59,2.26,25,0.45,40,0.11,0,0,49.2,90,2.26,16,67,4.19,3.17,7,63,-26,42.08,2.6,0.29,0.29,41.17,98,4.36,4.98,0.23,0.23,0,0,0.23,0.45,0,0,0,0,0,20,76,3,16,77,7,18.88,16.86,0.96,98,-2.02,18.16,16.46,0,0,0,0,0,,0,0,,0,0,0,0,0,0,13,7,2.02,17,0.03,0.07,0.11,0,,0.19
Antoine Griezmann,Orlando City,Major League Soccer,2026,811,Centre Attacking Midfielder,France,35,20/03/91,0.55,0.55,0.39,0.13,2.88,19,38,3,,0.51,0.22,0.25,1.89,0.11,0.2,1.66,0.11,0.05,0.22,0.78,0.63,4.77,0.14,1.11,0.55,0.55,50,1,0,1.11,1.78,0.11,0.16,0.55,0.63,11.87,5.66,0.01,2.33,53.54,6.32,3.11,0.55,0.67,38,0.48,0.64,0.67,33,0.89,50,0.44,0,10.65,11.47,1.89,3.22,0.78,57.51,6.21,58,2.22,69,0.11,0,0,43.49,76,2.88,78,45,1.11,5.88,12,82,6,57.34,4.88,0.76,1.17,38.61,94,4.16,14.64,3.77,2.77,1,0.55,6.66,9.43,0.44,12,0.55,31,1.11,18,68,14,27,59,14,19.28,18.33,0.92,100,-0.95,17.79,18.4,0,0,0,0,0,,0,0,,0,0,0,0,0,0,26,9,8.5,60,0.08,0.09,0.04,0.1,,0.31
Anton Salétros,Chicago Fire,Major League Soccer,2026,1867,Right Defensive Midfielder,Sweden,30,11/04/96,0,0,0.05,0.06,0.92,0,21,1,,0.03,0,0.09,1.11,0,0.04,0.63,0,0.04,0.48,0,0.14,2.02,-0.14,0.58,0.34,0.24,58,0.19,0,0.87,0.87,0.58,0.56,1.06,1.11,18.41,10.65,0.03,6.99,41.47,8.15,4.24,1.4,1.98,71,1.51,2.06,1.25,45,0.58,57,0.58,0,15.76,16.33,5.59,3.71,1.59,44.07,5.78,37,2.17,58,0.24,0,0,53.89,84,4,80,58,1.49,6.46,15,85,1,50.55,6.8,0.53,0.56,45.07,97,4.3,13.88,1.78,1.21,0.58,0.24,1.59,2.8,0.1,14,0.34,35,0.34,22,65,13,29,61,10,18.88,15.77,0.94,104,-3.11,17.74,16.34,0,0,0,0,0,,0,0,,0,0,0,0,0,0,19,8,6.6,43,0.11,0.06,0.05,-0.03,,0.18
Antony,Portland Timbers,Major League Soccer,2026,1479,Left Wing,Brazil,25,07/09/01,0.18,0.12,0.15,0.08,1.95,6,25,3,100,0.15,0.06,0.1,1.22,0.06,0.1,1.22,0,0,0,0.18,0.25,3.16,-0.07,2.13,1.03,1.1,49,1.95,0,2.01,2.8,0.79,0.72,0.37,0.45,15.76,7.55,0.01,4.14,51.35,6.82,3.83,1.16,1.95,61,1.31,2.03,1.03,41,0.73,20,0.18,0,13.75,13.63,3.23,2.62,0.91,51.83,7.12,52,2.01,77,0,0,0,35.41,82,0.85,8,70,0.37,1.22,22,75,-7,63.01,3.53,0.55,0.68,38.4,89,5.69,15.21,1.34,1.34,0,0.3,3.47,4.81,0.06,14,0.18,19,0.67,12,61,27,14,57,29,15.34,12.49,0.99,101,-2.85,15.11,12.66,0,0,0,0,0,,0,0,,0,0,0,0,0,0,20,10,5,38,-0.03,0.12,-0.03,0,,0.06
Antônio Carlos,Houston Dynamo,Major League Soccer,2026,1257,Right Centre Back,Brazil,33,06/03/93,0,0,0.06,0.11,0.57,0,13,0,,0.05,0,0.01,0.21,0,0.01,0.21,0,0,0,0,0.07,0.79,-0.07,0.07,0.07,0,100,0.21,0,0.07,0,1,0.78,3.58,1.94,8.52,4.37,0.1,4.58,22.61,7.52,1.43,1.22,2.22,89,0.93,1.72,0.57,71,0.14,72,1.5,0.07,6.73,4.39,3.08,1,0.5,28.34,1.29,19,0.14,14,0,0,0.07,40.08,90,2.93,20,65,4.51,3.58,15,85,-4,33.63,2.08,0.31,0.32,31.28,100,4.33,2.93,0.21,0.21,0,0.07,1.22,1.43,0,0,0,,0.07,23,74,3,29,71,0,21.18,21.37,0.95,98,0.19,20.03,21.02,0,0,0,0,0,,0,0,,0,0,0,0,0,0,16,9,3,23,0.03,0.03,0.06,-0.03,,0.1
Aníbal Godoy,San Diego FC,Major League Soccer,2026,1390,Right Centre Midfielder,Panama,36,09/02/90,0,0,0.01,0.05,0.26,0,0,0,,0,0.06,0.02,0.39,0.06,0.02,0.39,0,0,0,0.06,0.04,0.65,0.03,0.39,0.26,0.13,67,1.94,0,0.97,0.97,0.71,0.9,0.58,0.72,15.15,7.96,0.02,5.31,43.58,7.83,3.43,2.07,2.78,94,2.86,3.76,1.42,82,0.13,40,0.39,0,11.65,15.81,4.08,3.17,1.36,46.15,5.05,43,1.62,51,0.26,0,0,83.24,93,3.95,88,78,1.04,4.6,13,89,-3,47.73,8.35,0.51,0.53,69.39,98,3.25,17.48,0.65,0.65,0,0,0.45,1.1,0.06,0,0,0,0,20,70,10,30,64,5,16.09,15.12,0.97,103,-0.97,15.69,15.59,0,0,0,0,0,,0,0,,0,0,0,0,0,0,11,8,4.31,39,0.03,0.07,0.03,-0.02,,0.11
Archie Goodwin,Charlotte,Major League Soccer,2026,466,Centre Forward,Australia,22,06/11/04,0.58,0.39,0.31,0.16,1.93,20,60,6,100,0.63,0,0.07,0.58,0,0.07,0.58,0,0,0,0.39,0.38,2.51,0.01,1.16,0.39,0.77,33,0.77,0.19,0.97,1.74,0.19,0.2,0.77,0.46,20.86,10.04,0.01,3.09,67.73,2.12,1.35,0.39,0.58,33,0.23,0.44,2.51,20,0.77,50,1.54,0,17.96,13.53,2.9,4.44,0.77,71.02,16.03,89,4.06,91,0.19,0,0,7.72,71,0.19,33,100,0.77,0.19,19,63,-9,68.05,1.16,0.17,0.53,7.15,76,5.95,3.86,0,0,0,0.58,7.53,7.53,0,,0,,0.97,10,67,24,15,65,20,14.61,14.28,1.06,108,-0.33,15.54,15.47,0,0,0,0,0,,0,0,,0,0,0,0,0,0,29,7,1.8,10,0,0.03,-0.03,0.18,,0.18
Ariel Lassiter,Portland Timbers,Major League Soccer,2026,854,Right Wing,Costa Rica,32,26/09/94,0.32,0.32,0.24,0.15,1.58,20,47,2,,0.26,0.32,0.15,1.26,0.21,0.12,0.95,0.11,0.03,0.32,0.63,0.39,2.85,0.25,0.74,0.21,0.53,29,1.16,0,0.84,2.21,0.32,0.29,0.63,0.71,13.28,6.96,0.01,3.16,51.9,5.27,2.64,0.42,0.74,40,0.47,0.76,0.63,0,0.63,18,0.21,0.11,12.23,11.6,2.74,2.32,0.53,51.72,6.22,51,1.69,73,0.21,0,0,31.84,71,2.85,70,47,1.37,5.27,20,78,7,60.89,3.16,0.54,0.78,31.52,91,5.36,11.49,2.21,1.37,0.84,0.21,2.85,4.22,0,29,0.74,21,0.32,10,66,24,15,56,29,21.21,17.95,0.93,101,-3.26,19.81,18.17,0,0,0,0,0,,0,0,,0,0,0,0,0,0,27,6,5.86,37,0.06,0.05,0.02,-0.01,,0.12
Artur,Houston Dynamo,Major League Soccer,2026,1343,Right Defensive Midfielder,Brazil,30,10/03/96,0,0,0.02,0.03,0.74,0,36,0,,0.01,0.07,0.03,0.47,0.07,0.03,0.47,0,0,0,0.07,0.05,1.21,0.02,0.2,0.2,0,100,0.87,0,0.54,0.2,1.34,1.42,1.61,1.77,12.67,7.44,0.07,4.69,29.95,7.44,2.28,1.74,3.08,68,1.56,2.97,0.54,55,0.8,60,0.6,0,10.39,9.46,3.02,2.81,0.94,33.51,1.81,17,0.6,21,0.2,0,0,55.82,92,2.08,16,72,1.94,2.55,15,89,-3,45.57,3.69,0.3,0.33,46.71,98,3.18,10.19,0.27,0.27,0,0,0.47,0.74,0,25,0.07,100,0,15,76,9,13,79,8,17.03,15.67,0.98,98,-1.35,16.66,15.39,0,0,0,0,0,,0,0,,0,0,0,0,0,0,8,4,4.49,32,0,0.06,0.1,-0.02,,0.15
Ashley Westwood,Charlotte,Major League Soccer,2026,2072,Right Defensive Midfielder,England,36,31/03/90,0.09,0.09,0.04,0.09,0.48,18,45,0,,0.06,0.13,0.17,1.56,0.04,0.06,0.65,0.09,0.12,0.91,0.22,0.21,2.04,0,0.26,0.09,0.17,33,0.74,0,0.35,0.61,0.65,0.55,0.87,0.6,9.51,5.86,0.03,3.13,38.1,7.78,3.74,0.43,1.09,50,0.32,0.88,0.56,33,0.43,67,0.26,0.09,8.51,7.05,2.22,1.52,0.43,42.89,2.95,35,0.74,49,0.35,0.04,0,53.61,84,6.43,4,58,1.43,10.47,8,79,-5,50.22,6.47,0.5,0.55,41.23,98,3.58,13.38,2.78,1.56,1.22,0.04,0.83,2.39,0.09,16,0.43,37,0.22,21,71,8,29,65,6,23.46,19.36,0.91,94,-4.1,21.4,18.13,0,0,0,0,0,,0,0,,0,0,0,0,0,0,19,9,6.73,49,0.15,0.07,0,0,,0.22
Augustin Anello,Philadelphia Union,Major League Soccer,2026,499,Left Midfielder,USA,24,21/04/02,0.18,0.18,0.31,0.11,2.7,7,40,3,,0.23,0.18,0.18,1.08,0.18,0.18,1.08,0,0,0,0.36,0.49,3.79,-0.13,1.98,1.08,0.9,55,0.72,0,2.34,4.15,0.18,0.16,0.54,0.46,14.43,9.02,0.02,3.79,56.56,7.03,4.69,0.18,0.36,20,0.16,0.31,1.44,20,0.72,67,1.8,0,12.8,9.53,2.7,3.07,1.08,58.79,8.84,69,3.07,100,0.36,0,0,28.67,62,0.72,13,25,0.72,2.7,23,58,-5,63.72,3.61,0.36,0.87,28.67,83,6.43,10.82,0.72,0.72,0,0.36,6.31,7.03,0,25,0.72,29,0.72,16,66,18,18,63,18,17.27,14.01,0.87,88,-3.26,14.94,12.27,0,0,0,0,0,,0,0,,0,0,0,0,0,0,36,14,5.86,30,-0.03,0.08,0,-0.07,,-0.02
Ayoub Jabbari,Cincinnati,Major League Soccer,2026,587,Right Centre Forward,Morocco,26,29/01/00,0.31,0.31,0.29,0.14,1.99,15,46,3,,0.45,0.31,0.17,0.92,0.31,0.17,0.92,0,0,0,0.61,0.45,2.91,0.16,1.99,0.77,1.23,38,3.52,0,2.14,4.6,0.92,0.78,0.77,0.85,23.13,11.49,0.01,7.51,62.3,3.52,1.99,1.69,2.6,69,2.01,2.79,1.99,17,0.77,53,4.44,0,19.46,20.17,6.28,4.44,1.23,65.31,14.86,76,3.83,86,0.15,0,0,17.16,66,0.61,9,67,1.07,0.61,35,59,-7,58.7,1.23,0.37,0.71,19.46,73,5.07,4.29,0.77,0.77,0,0.46,5.36,6.13,0,0,0.15,17,0.46,13,66,21,25,54,21,14.81,14.15,0.99,94,-0.66,14.72,13.35,0,0,0,0,0,,0,0,,0,0,0,0,0,0,40,13,3.63,21,0.06,0.02,-0.01,0.23,,0.3
Beau Leroux,San Jose Earthquakes,Major League Soccer,2026,1861,Left Defensive Midfielder,USA,23,30/08/03,0.19,0.19,0.12,0.06,1.84,11,26,2,0,0.14,0.1,0.09,0.87,0.1,0.09,0.87,0,0,0,0.29,0.21,2.71,0.08,2.37,1.16,1.21,49,1.6,0,1.69,2.71,1.02,0.85,0.97,0.89,18.57,10.11,0.02,5.66,48.12,9.77,5.32,1.93,2.95,75,1.69,2.54,1.26,50,0.63,49,0.92,0,15.42,14.09,4.35,4.11,1.4,50.7,7.78,50,2.56,62,0.15,0,0,40.13,79,3.48,23,57,1.31,5.8,16,80,1,53.2,5.37,0.61,0.68,39.79,90,4.57,11.46,1.26,1.26,0,0.29,2.9,4.16,0.15,19,0.34,32,0.34,21,66,13,22,69,9,20.79,15.46,0.94,101,-5.33,19.59,15.67,0,0,0,0,0,,0,0,,0,0,0,0,0,0,23,10,5.92,36,0.02,0.12,0,-0.03,,0.11
Ben Bender,Philadelphia Union,Major League Soccer,2026,509,Left Back,USA,25,06/03/01,0.18,0.18,0.04,0.04,1.06,17,33,1,,0.13,0,0.12,1.59,0,0.12,1.59,0,0,0,0.18,0.16,2.65,0.02,1.06,0.71,0.35,67,1.06,0,0.71,1.06,0.88,0.46,1.24,0.86,13.98,7.79,0.04,5.13,42.1,11.86,5.66,1.59,2.48,75,1.17,1.64,0.88,71,0.53,80,1.42,0.18,11.68,7.8,4.07,2.65,1.06,45.69,5.31,45,1.95,73,0.18,0,0,37.52,73,1.59,66,28,1.95,4.95,12,70,-3,53.78,4.07,0.62,0.68,33.09,95,4.28,10.09,2.3,1.59,0.71,0.53,1.77,3.36,0,38,1.06,50,0.35,29,65,6,30,67,4,19.77,15.72,0.85,103,-4.05,16.82,16.26,0,0,0,0,0,,0,0,,0,0,0,0,0,0,31,13,9.43,46,0.17,0.1,-0.02,0.06,,0.32
Benjamín Kuscevic,Toronto FC,Major League Soccer,2026,1023,Left Centre Back,Chile,30,01/05/96,0,0,0.04,0.07,0.62,0,14,0,,0,0,0,0,0,0,0,0,0,0,0,0.04,0.62,-0.04,0.18,0.18,0,100,0.35,0,0.09,0,0.97,0.77,4.31,2.73,11.26,6.78,0.07,5.02,28.66,6.86,0.79,1.41,2.38,64,1.01,1.78,1.41,47,0.79,66,1.67,0,8.45,5.59,3.34,1.14,0.53,35.71,2.64,31,0.35,31,0.35,0,0,34.67,88,3.43,24,60,5.28,4.75,12,74,-14,36.63,2.29,0.28,0.29,25.78,100,3.57,2.64,0,0,0,0,1.58,1.58,0,,0,,0.09,23,69,8,23,73,3,23.83,25.44,0.93,99,1.61,22.13,25.17,0,0,0,0,0,,0,0,,0,0,0,0,0,0,20,10,1.79,14,0.07,0.01,0.05,-0.03,,0.1
Benji Kikanović,San Jose Earthquakes,Major League Soccer,2026,1628,Right Back,USA,26,05/01/00,0,0,0.04,0.07,0.55,0,20,0,,0.02,0,0.05,0.66,0,0.05,0.66,0,0,0,0,0.09,1.22,-0.09,0.72,0.22,0.5,31,0.72,0,1.05,1.44,1.11,0.95,3.26,2.81,13.82,6.41,0.06,5.31,31.48,9.56,2.54,1.33,2.43,75,1.07,2.02,1.05,63,0.44,69,1.88,0.06,11.44,10.15,3.65,1.77,0.88,35.55,3.21,28,1,56,0.33,0,0,34.06,75,2.05,20,51,3.76,3.54,13,60,-15,49.46,3.7,0.42,0.46,28.64,93,4.78,7.46,1.11,0.88,0.22,0.11,2.05,2.93,0,55,0.77,45,0.22,37,55,8,33,56,11,18.26,16.33,0.94,102,-1.93,17.26,16.64,0,0,0,0,0,,0,0,,0,0,0,0,0,0,32,16,4.7,30,0.13,0.07,0.12,-0.03,,0.29
Bernard Kamungo,FC Dallas,Major League Soccer,2026,1183,Left Wing Back,USA,24,31/12/01,0,0,0.08,0.1,0.76,0,20,1,,0.01,0.15,0.12,0.99,0.15,0.12,0.99,0,0,0,0.15,0.2,1.75,-0.05,2.21,1.37,0.84,62,1.52,0.08,1.6,2.59,0.84,0.52,1.45,0.99,11.72,6.77,0.01,4.03,44.85,6.77,2.97,1.6,2.43,66,1.1,1.63,0.91,31,0.84,50,0.76,0,9.2,6.41,2.59,0.99,0.15,46.85,3.8,41,0.68,69,0.15,0,0,29.44,78,1.14,86,45,1.83,2.13,14,65,-14,55.79,3.8,0.43,0.49,29.52,88,6.34,9.74,1.22,1.22,0,0.68,2.66,3.88,0.08,31,0.53,32,0.91,14,70,16,13,68,19,16.94,15.62,0.97,107,-1.32,16.35,16.67,0,0,0,0,0,,0,0,,0,0,0,0,0,0,24,9,4.81,34,0.06,0.15,0,-0.04,,0.16
Besard Sabovic,Austin FC,Major League Soccer,2026,1055,Right Defensive Midfielder,Sweden,28,04/01/98,0,0,0.02,0.05,0.43,0,20,0,,0.01,0.09,0.04,0.43,0,0.02,0.34,0.09,0.02,0.09,0.09,0.07,0.85,0.02,0.77,0.68,0.09,89,1.45,0,0.43,0.34,0.43,0.29,1.54,1.06,13.31,6.83,0.03,4.69,36.99,8.62,3.76,0.94,1.37,69,0.97,1.26,1.54,50,0.43,44,0.68,0,10.92,8.77,3.58,2.3,0.85,41.24,3.93,36,0.94,41,0.34,0,0,38.83,86,2.65,15,65,1.96,3.67,15,77,-8,47.4,3.58,0.32,0.34,29.19,97,4.19,6.57,0.26,0.09,0.17,0,0.26,0.34,0,33,0.09,33,0,18,71,11,19,68,13,19.68,17.6,0.94,100,-2.08,18.48,17.59,0,0,0,0,0,,0,0,,0,0,0,0,0,0,14,6,3.24,29,0.03,0.07,0.03,-0.02,,0.12
Bongokuhle Hlongwane,Minnesota United,Major League Soccer,2026,647,Right Wing Back,South Africa,26,19/06/00,0,0,0.06,0.08,0.7,0,0,1,,0,0,0.05,0.83,0,0.05,0.83,0,0,0,0,0.11,1.53,-0.11,0.7,0.14,0.56,20,0.56,0,1.25,1.25,0.28,0.25,1.11,1.16,11.26,6.26,0.03,3.89,40.1,8.9,5.14,0.97,1.25,54,1.02,1.27,0.56,33,0.83,36,0.56,0,9.73,8.81,2.92,2.09,0.7,46.95,4.31,44,1.67,80,0.14,0,0,28.5,75,0.83,13,55,1.11,1.53,19,61,-14,57.08,2.22,0.5,0.54,25.44,91,4.58,9.45,0.97,0.97,0,0.14,3.48,4.45,0,0,0,0,0.7,14,64,21,10,66,24,14.85,12.82,1.01,99,-2.03,14.97,12.63,0,0,0,0,0,,0,0,,0,0,0,0,0,0,21,7,4.5,26,-0.02,0.06,0,-0.03,,0.01
Brad Stuver,Austin FC,Major League Soccer,2026,2218,Goalkeeper,USA,35,15/04/91,0,0,0,,0,,,0,,0,0,0,0.08,0,0,0.04,0,0,0.04,0,0,0.08,0,0.04,0.04,0,100,0.12,0,0,0,0,0,0,0,0.04,0.08,0,7.3,2.28,2.76,0,0,0,0,0,0,0,0,0.04,,0,0.04,0.04,0.03,0,0,0,13.56,0,0,0,,0.08,0,0,25.04,70,7.95,6,45,4.14,13.43,24,68,-1,11.52,1.54,0.14,0.14,21.26,100,5.66,0.93,0.04,0,0.04,0,0,0,0,0,0,,0,51,48,0,96,4,0,40.68,37.76,0.77,79,-2.92,31.35,29.98,1.46,1.63,0.17,71,68,3,1.49,5.11,36,14.36,1.56,0.12,0.12,18.66,1,29,4,1.38,12,0.1,0.06,0,,0.1,0.26
Braian Ojeda,Orlando City,Major League Soccer,2026,1807,Right Defensive Midfielder,Paraguay,26,26/06/00,0.05,0.05,0.04,0.05,0.75,7,7,0,,0.02,0.1,0.09,0.5,0.1,0.09,0.5,0,0,0,0.15,0.13,1.25,0.02,0.85,0.75,0.1,88,1.99,0,1.15,0.9,1.05,1.03,1.1,0.98,16.14,9.51,0.03,4.78,37.25,7.57,3.14,1.29,2.34,62,1.2,2.22,1.25,42,0.8,47,0.45,0.05,13.6,11.53,3.64,2.74,0.7,40.52,4.08,30,1.29,47,0.05,0,0,40.44,88,2.29,13,64,1.44,3.24,16,88,0,48.47,3.74,0.43,0.5,35.01,95,4.78,9.56,0.2,0.2,0,0.15,1.05,1.25,0.15,0,0,0,0.2,15,72,12,16,72,13,17.53,16.49,0.95,97,-1.04,16.7,15.93,0,0,0,0,0,,0,0,,0,0,0,0,0,0,15,7,3.76,29,0,0.08,0.06,-0.04,,0.1
Brais Méndez,Columbus Crew,Major League Soccer,2026,472,Right Centre Forward,Spain,29,06/01/97,0.38,0.38,0.11,0.05,2.1,18,27,2,,0.14,0,0.1,1.33,0,0.08,1.14,0,0.02,0.19,0.38,0.21,3.43,0.17,1.52,0.38,1.14,25,0.38,0,1.91,1.52,0.57,0.64,0.57,0.49,18.68,14.29,0,2.48,54.34,4.96,3.62,0.76,1.33,44,1.16,1.81,0.38,0,0.95,67,0.38,0,17.53,20.41,2.48,3.05,0.76,56.19,10.67,61,1.72,56,0,0,0,47.46,80,3.05,83,80,1.33,3.05,16,79,-1,64.16,6.1,0.52,0.61,41.74,92,4.21,23.82,2.86,2.29,0.57,0.95,4.57,6.86,0,7,0.19,20,1.52,16,67,17,15,70,14,15.88,14.41,0.98,113,-1.47,15.56,16.26,0,0,0,0,0,,0,0,,0,0,0,0,0,0,22,10,6.4,52,0.07,0.05,0.03,-0.05,,0.1
Brandan Craig,CF Montreal,Major League Soccer,2026,497,Right Centre Back,USA,22,06/04/04,0,0,0.04,0.04,1.09,0,17,0,,0.02,0,0.01,0.18,0,0,0,0,0.01,0.18,0,0.05,1.27,-0.05,0,0,0,,0.54,0,0,0.18,0.91,1.1,4.35,4.97,10.69,5.8,0.04,4.53,30.39,10.15,3.8,0.91,1.81,83,1.23,2.33,0.91,0,0.18,73,1.45,0,8.88,9.51,2.54,1.45,0.18,36.54,2.9,33,1.09,75,0.54,0,0,50.55,83,6.16,8,62,5.98,8.33,11,61,-22,38.99,6.34,0.23,0.24,40.77,100,3.68,7.07,0.36,0.18,0.18,0,0.72,0.91,0.18,0,0,0,0,26,69,4,31,67,3,25.94,29.3,0.93,86,3.36,24.16,25.24,0,0,0,0,0,,0,0,,0,0,0,0,0,0,19,8,3.7,20,0.06,0.04,-0.1,-0.04,,-0.04
Brandon Bye,Portland Timbers,Major League Soccer,2026,1902,Right Back,USA,31,28/11/95,0.05,0.05,0.05,0.07,0.71,7,20,0,,0.05,0.14,0.14,0.85,0.14,0.14,0.85,0,0,0,0.19,0.19,1.56,0,0.57,0.24,0.33,42,0.38,0,0.76,1.09,0.71,0.85,2.79,2.72,10.98,4.5,0.02,4.73,32.94,7.67,3.08,1.28,1.99,68,1.31,2.16,0.85,59,0.62,79,2.7,0,8.9,8.89,3.03,2.08,0.62,38.45,3.31,37,1.42,68,0.19,0,0,44.67,77,2.41,8,49,3.6,4.12,16,65,-13,52.78,4.73,0.63,0.7,35.26,96,3.2,12.54,1.09,0.85,0.24,0.47,2.93,3.79,0,65,0.85,33,0.57,27,59,13,25,57,18,19.18,18.9,0.94,94,-0.28,18.06,17.85,0,0,0,0,0,,0,0,,0,0,0,0,0,0,25,10,4.83,34,0.18,0.04,0.06,-0.01,,0.27
Brandon Servania,DC United,Major League Soccer,2026,1827,Left Defensive Midfielder,USA,27,11/03/99,0,0,0.04,0.04,0.99,0,25,1,,0.02,0,0.03,0.69,0,0.03,0.69,0,0,0,0,0.07,1.67,-0.07,0.25,0,0.25,0,0.99,0,0.64,1.08,0.64,0.41,1.43,0.76,26.79,15.51,0.02,8.47,42.81,9.6,5.07,2.22,2.86,62,1.18,1.59,0.99,39,1.38,26,0.54,0,23.59,13.12,6.8,6.01,2.02,44.49,9.46,40,3.74,62,0.1,0,0,26.5,77,1.58,13,50,1.67,2.91,18,62,-15,51.58,3.1,0.27,0.33,20.54,93,4.39,7.29,0.54,0.54,0,0.15,0.94,1.48,0.15,36,0.2,33,0.2,26,62,12,24,70,5,18.56,14.28,0.93,102,-4.28,17.32,14.6,0,0,0,0,0,,0,0,,0,0,0,0,0,0,22,10,3.79,26,0.02,0.06,0.02,-0.03,,0.07
Brandon Vázquez,Austin FC,Major League Soccer,2026,718,Centre Forward,USA,28,13/10/98,0,0,0.25,0.1,2.51,0,40,6,,0.16,0.13,0.02,0.38,0.13,0.02,0.38,0,0,0,0.13,0.27,2.88,-0.14,0.75,0.5,0.25,67,0.88,0,1.38,2.51,0.25,0.29,0.63,0.72,15.8,8.65,0.02,4.01,63.6,1.88,0.88,0.63,0.88,71,0.64,0.93,1.51,0,0.25,50,2.26,0,13.67,14.46,3.89,1.38,0.38,67.23,10.91,80,1.25,91,0,0,0,13.42,72,0.88,16,70,1.13,0.75,33,51,-20,56.63,0.88,0.3,0.4,12.17,81,4.71,3.51,0.13,0.13,0,0.25,5.77,5.9,0,100,0.13,20,0.5,8,67,25,7,64,29,17.51,16.96,1.01,113,-0.56,17.71,19.17,0,0,0,0,0,,0,0,,0,0,0,0,0,0,27,8,1.61,13,-0.03,-0.01,-0.01,-0.1,,-0.15
Brandt Bronico,Charlotte,Major League Soccer,2026,875,Left Defensive Midfielder,USA,31,19/06/95,0.1,0.1,0.04,0.12,0.31,33,33,0,,0.01,0,0.04,0.51,0,0.03,0.41,0,0.01,0.1,0.1,0.08,0.82,0.02,0.21,0,0.21,0,0.62,0,1.13,0.93,0.93,1,1.75,1.39,23.26,14.51,0.01,5.56,39.56,7.31,3.29,1.65,2.57,76,1.19,2.19,1.85,29,0.51,36,0.41,0.1,19.76,14.58,4.53,2.16,0.72,40.6,5.76,29,1.13,52,0.1,0,0,33.85,85,2.16,20,75,2.26,2.37,11,79,-6,49.53,3.5,0.27,0.29,27.89,94,3.71,7.41,0.41,0.31,0.1,0.1,2.16,2.47,0.1,25,0.1,25,0.31,16,68,16,26,65,8,18.58,19.06,1,100,0.48,18.52,19.1,0,0,0,0,0,,0,0,,0,0,0,0,0,0,19,12,5.45,41,0.01,0,0.05,-0.01,,0.05
Brayan Ceballos,New England Revolution,Major League Soccer,2026,715,Right Centre Back,Colombia,25,23/05/01,0.25,0.25,0.05,0.12,0.38,67,67,0,,0.16,0,0.03,0.38,0,0.03,0.38,0,0,0,0.25,0.07,0.76,0.18,0.76,0.76,0,100,1.26,0,0.25,0.38,1.01,0.71,3.9,3.36,15.49,8.69,0.15,6.8,29.75,6.68,1.76,1.89,2.9,71,1.84,2.55,1.89,33,0.76,68,2.14,0.25,11.71,11.55,4.03,2.14,0.63,35.36,2.9,25,0.63,29,0.38,0,0,43.83,86,4.16,16,59,5.16,5.79,12,65,-21,37.37,2.27,0.47,0.47,39.05,98,4.8,3.9,0.38,0.25,0.13,0.13,1.51,1.76,0,33,0.13,33,0.13,19,78,3,29,61,10,24,26.3,0.93,93,2.3,22.27,24.33,0,0,0,0,0,,0,0,,0,0,0,0,0,0,17,7,3.29,28,0.01,-0.02,0.12,0.05,,0.17
Brayan Vera,CF Montreal,Major League Soccer,2026,1977,Left Centre Back,Colombia,27,14/01/99,0.05,0.05,0.03,0.03,0.82,6,44,0,,0.05,0,0.02,0.14,0,0.02,0.14,0,0,0,0.05,0.05,0.96,0,0.23,0.18,0.05,80,0.5,0,0.14,0.14,1.32,1.27,4.05,3.26,11.47,6.1,0.04,5.46,26.89,9.88,2.59,1.64,2.96,84,1.38,2.65,0.96,54,0.32,52,1.05,0.05,8.88,7.37,3.55,1.09,0.23,30.86,1.64,18,0.32,29,0.23,0,0.05,45.42,80,4.87,77,49,5.33,8.6,9,64,-16,36.82,4.78,0.29,0.31,34.86,99,5.11,4.87,0.23,0.18,0.05,0.05,0.41,0.59,0.05,20,0.05,20,0.05,30,67,3,46,51,3,25.8,25.9,0.89,90,0.11,22.91,23.19,0,0,0,0,0,,0,0,,0,0,0,0,0,0,19,8,3.03,22,0.1,0.05,0.06,-0.02,,0.2
Brendan Hines-Ike,Austin FC,Major League Soccer,2026,1530,Left Centre Back,USA,32,29/11/94,0.12,0.12,0.05,0.11,0.47,25,63,0,,0.11,0,0,0.12,0,0,0.12,0,0,0,0.12,0.06,0.59,0.06,0.12,0.06,0.06,50,1.06,0,0.06,0.18,0.71,0.8,3.88,3.32,6.47,3.88,0.09,4.06,19.13,5.12,1.18,0.65,1.35,73,0.7,1.49,0.59,63,0.24,67,0.94,0,5.24,4.75,2.29,0.59,0.29,27.6,0.88,17,0.35,60,0.12,0,0,45.07,93,2.47,13,60,4.59,3.41,9,85,-8,35.93,3,0.37,0.37,40.07,100,4.34,4.06,0.12,0.12,0,0.06,1.12,1.24,0,0,0,0,0.06,21,76,3,30,64,6,21.68,25.6,0.94,95,3.92,20.45,24.33,0,0,0,0,0,,0,0,,0,0,0,0,0,0,11,7,2.71,23,0.02,0.04,0.07,0.02,,0.15
Brian Schwake,Nashville SC,Major League Soccer,2026,2312,Goalkeeper,USA,25,23/08/01,0,0,0,,0,,,0,,0,0.04,0.03,0.08,0.04,0.03,0.08,0,0,0,0.04,0.03,0.08,0.01,0.04,0.04,0,100,0.08,0,0,0,0,0,0,0,0.12,0.04,0,5.33,2.36,2.72,0,0,0,,0,0,0.04,,0,,0,0,0.08,0.09,0.04,0,0,2.71,0,0,0,,0.04,0,0,26.27,76,5.33,20,42,3.31,9.26,21,72,-4,10.43,0.62,0.17,0.17,23.47,100,4.66,0.27,0.08,0.04,0.04,0,0,0.04,0.04,0,0,,0,35,65,0,86,14,0,34.15,36.04,0.77,83,1.89,26.2,30.04,0.58,0.82,0.24,78,69,9,0.91,2.61,29,9.15,1.64,0.16,0.08,19.38,-2,20,4,2,15,0.06,0.06,-0.03,,0.33,0.42
Brian White,Vancouver Whitecaps,Major League Soccer,2026,1803,Centre Forward,USA,30,02/02/96,0.65,0.6,0.71,0.2,3.59,17,44,8,100,0.73,0.05,0.08,0.95,0.05,0.08,0.95,0,0,0,0.65,0.79,4.54,-0.14,0.25,0.1,0.15,40,0.4,0,0.95,1.5,0,0,0.85,1.15,17.33,9.49,0.02,3.94,69.11,2.65,2.1,0.35,0.35,50,0.4,0.4,1.45,0,0.35,48,1.7,0,15.63,18.56,3.59,2.15,0.9,71.46,13.88,89,1.8,84,0.1,0,0,13.43,73,0.2,13,80,0.95,0.15,29,68,-5,63.96,0.8,0.58,1.06,11.28,83,3.49,5.54,0.45,0.45,0,0.5,9.09,9.54,0.05,0,0,0,1.1,8,71,22,5,76,20,14.22,13.27,1.05,115,-0.95,14.92,15.28,0,0,0,0,0,,0,0,,0,0,0,0,0,0,26,9,4.15,21,-0.13,-0.04,0.01,0.16,,0.01
Brooklyn Raines,New England Revolution,Major League Soccer,2026,2052,Right Defensive Midfielder,USA,21,10/03/05,0.04,0.04,0.05,0.12,0.39,11,33,0,,0.05,0,0.03,0.66,0,0.03,0.66,0,0,0,0.04,0.07,1.05,-0.03,0.75,0.61,0.13,82,1.71,0,0.7,0.66,0.83,0.74,1.8,1.64,18.46,10.13,0.06,5.57,36.43,7.85,3.46,1.45,2.28,72,1.49,2.23,2.1,40,0.57,26,0.31,0.09,14.95,14.68,4.52,3.42,1.27,40.06,4.96,33,2.02,59,0.35,0,0,46,91,3.33,20,84,2.1,3.64,11,84,-7,50.02,4.17,0.55,0.57,39.9,97,4.51,10.35,0.26,0.26,0,0,0.48,0.75,0,0,0,0,0.09,14,72,14,14,75,11,18.3,16.81,0.99,103,-1.49,18.06,17.34,0,0,0,0,0,,0,0,,0,0,0,0,0,0,11,6,5.14,36,0,0.08,0.03,0.02,,0.13
Bruno Caicedo,Vancouver Whitecaps,Major League Soccer,2026,620,Left Wing,Ecuador,21,14/01/05,0.44,0.44,0.44,0.09,4.65,9,34,7,,0.29,0.44,0.25,1.02,0.44,0.25,1.02,0,0,0,0.87,0.68,5.66,0.19,4.21,2.32,1.89,55,2.03,0.15,2.18,5.08,0.29,0.31,0,0,12.34,4.36,0,2.76,64.48,5.81,3.49,0.58,0.87,57,0.71,1.02,0.73,25,0.44,13,0.15,0,11.04,13.85,2.32,3.05,0.58,65.36,8.13,74,2.76,90,0.44,0,0,24.4,69,0.58,18,57,0.29,0.73,16,71,3,70.76,2.47,0.53,0.89,36.31,82,8.91,11.91,0.87,0.87,0,1.02,9.88,10.75,0,50,0.73,21,0.87,4,64,32,4,52,44,16.05,15.89,1.07,115,-0.16,17.12,18.25,0,0,0,0,0,,0,0,,0,0,0,0,0,0,23,6,4.68,21,0.07,0.4,0.01,-0.07,,0.41
Bruno Damiani,Philadelphia Union,Major League Soccer,2026,1895,Left Centre Forward,Uruguay,24,17/04/02,0.14,0.14,0.32,0.15,2.14,7,22,4,,0.23,0.05,0.08,1.14,0.05,0.08,1.14,0,0,0,0.19,0.4,3.28,-0.21,0.48,0.19,0.29,40,1.9,0.05,1.28,3.18,0.57,0.49,1,0.85,23.47,10.88,0.01,6.32,64.26,4.56,3.09,1.47,2.04,78,1.11,1.6,2,18,0.43,54,4.09,0,20,17.19,5.37,4.42,1.71,66.77,16.39,82,3.75,85,0.19,0,0,22.42,69,0.48,77,59,1.05,0.76,31,58,-11,62.74,1.71,0.46,0.7,16.39,81,2.98,8.17,0.48,0.48,0,0.81,7.08,7.55,0,10,0.24,42,1.19,16,68,16,15,72,13,14.51,13.45,0.96,93,-1.06,13.92,12.56,0,0,0,0,0,,0,0,,0,0,0,0,0,0,31,9,4.67,27,-0.01,-0.01,0.04,-0.03,,-0.01
Bryan Acosta,Nashville SC,Major League Soccer,2026,701,Right Defensive Midfielder,Honduras,33,23/11/93,0.38,0.38,0.03,0.05,0.64,60,60,0,,0.27,0.13,0.04,0.77,0.13,0.03,0.51,0,0.01,0.26,0.51,0.07,1.41,0.44,0.26,0.26,0,100,0.51,0,0.51,0.13,1.03,1.09,2.05,2.31,15.91,8.6,0.03,4.75,36.87,7.57,2.82,1.8,2.82,78,2.2,3.29,2.18,0,0.51,70,0.9,0,11.93,13.51,3.46,3.34,0.9,39.99,3.59,30,1.03,31,0.38,0,0,49.66,89,3.85,16,60,2.82,5.65,11,80,-9,47.38,3.85,0.16,0.17,39.65,99,3.11,7.7,0.51,0.13,0.38,0.13,0.77,0.9,0,25,0.13,33,0.13,13,80,8,18,77,5,21.74,21.78,0.94,97,0.03,20.48,21.18,0,0,0,0,0,,0,0,,0,0,0,0,0,0,14,5,3.02,26,0,0.05,0.04,0.02,,0.11
Bryan Ramírez,Cincinnati,Major League Soccer,2026,1668,Left Wing Back,Ecuador,26,10/08/00,0.05,0.05,0.08,0.08,1.02,5,37,1,,0.07,0.11,0.08,1.08,0.05,0.07,0.97,0.05,0.01,0.11,0.16,0.16,2.1,0,2.27,1.46,0.81,64,0.49,0,1.08,1.56,1.67,1.61,1.19,1.21,17.37,7.61,0.01,4.75,37.78,8.68,3.99,2.27,3.94,79,2.12,3.73,1.73,63,0.59,42,0.43,0.05,13.38,13.44,3.51,2.64,0.81,40.91,4.85,36,1.46,55,0.43,0,0,41.97,84,2.37,82,67,1.35,3.4,17,82,-3,53.57,3.94,0.53,0.58,39,94,4.97,13.65,1.62,1.46,0.16,0.22,3.07,4.53,0,40,0.97,41,0.38,16,64,21,18,65,17,17.88,15.27,0.96,104,-2.61,17.22,15.89,0,0,0,0,0,,0,0,,0,0,0,0,0,0,20,10,5.89,36,0.11,0.09,0.03,0.01,,0.23
Bénie Traoré,New York City FC,Major League Soccer,2026,520,Left Wing,Côte d'Ivoire,24,29/11/02,0.17,0,0.09,0.13,0.69,0,25,2,100,0.11,0,0.15,0.87,0,0.15,0.87,0,0,0,0,0.24,1.56,-0.24,1.21,0.69,0.52,57,1.9,0,1.73,1.9,0.35,0.24,0.17,0.17,17.31,8.31,0,3.98,52.45,4.85,2.42,1.21,1.56,70,0.99,1.23,1.04,25,0.52,18,0.35,0,15.06,12.78,3.29,3.29,0.87,52.82,6.75,45,1.9,58,0,0,0,19.05,80,1.39,21,80,0.35,1.56,25,75,-5,60.21,2.25,0.34,0.47,21.82,87,6.4,8.14,0.52,0.52,0,0.69,3.46,3.98,0,0,0.17,25,1.04,14,66,19,11,70,19,15.89,12.65,1.04,103,-3.25,16.54,12.98,0,0,0,0,0,,0,0,,0,0,0,0,0,0,27,14,4.62,29,0.03,0.07,0.04,-0.03,,0.11
CJ Fodrey,Austin FC,Major League Soccer,2026,368,Right Centre Forward,USA,22,09/02/04,0,0,0.12,0.1,1.22,0,20,1,,0.01,0,0.01,0.24,0,0.01,0.24,0,0,0,0,0.13,1.47,-0.13,0.24,0.24,0,100,1.47,0,0.73,2.2,1.22,1.49,0.98,0.49,28.09,14.66,0.01,4.89,46.64,5.86,2.2,1.22,2.44,71,1.28,2.77,2.44,33,0.49,52,3.66,0,24.67,16.56,3.91,4.89,1.47,49.67,12.46,50,3.18,65,0.24,0,0,23.2,57,0.49,88,40,1.22,0.98,37,38,-19,56.88,0.98,0.25,0.28,17.34,90,3.91,5.86,0.24,0.24,0,0,3.91,4.15,0,100,0.24,17,0.24,21,57,22,13,46,42,16.84,15.71,0.92,79,-1.13,15.54,12.49,0,0,0,0,0,,0,0,,0,0,0,0,0,0,28,5,1.15,12,-0.1,0.07,0.03,-0.11,,-0.11
CJ dos Santos,San Diego FC,Major League Soccer,2026,997,Goalkeeper,Cape Verde Islands,26,23/08/00,0,0,0,,0,,,0,,0,0,0,0,0,0,0,0,0,0,0,0,0,0,0,0,0,,0,0,0,0.09,0,0,0,0,0.09,0.09,0,5.96,2.85,4.06,0,0,0,0,0,0,0,50,0.09,,0,0.09,0.09,0.16,0,0,0,2.46,0,0,0,,0.09,0,0,24.66,86,2.53,30,40,2.08,4.24,24,81,-5,9.69,0.18,0.09,0.09,22.31,100,4.38,0.18,0,0,0,0,0,0,0,,0,,0,29,71,1,100,0,0,26.96,30.16,0.79,76,3.2,21.33,22.78,1.08,1.22,0.14,72,69,4,1.24,3.88,35,11.11,1.74,0,0,18.87,-3,13,4,0.43,3,0.02,0.04,,,0.07,0.13
Cade Cowell,New York Red Bulls,Major League Soccer,2026,1511,Right Wing,USA,23,13/10/03,0.12,0.12,0.2,0.09,2.2,5,46,3,,0.18,0.3,0.29,1.67,0.3,0.27,1.49,0,0.01,0.18,0.42,0.49,3.87,-0.07,2.56,1.13,1.43,44,0.83,0,2.98,3.81,0.3,0.38,0.42,0.33,18.88,10.42,0,4.11,57.99,4.17,2.62,1.25,1.55,62,1.24,1.62,0.83,40,0.77,16,0.3,0,16.8,17.54,3.51,2.56,0.83,59.64,10.78,64,1.97,77,0.06,0,0,29.43,70,1.07,14,44,0.89,1.97,16,63,-8,70.56,2.03,0.46,0.83,33.72,83,6.35,14.18,2.03,1.67,0.36,1.31,7.92,9.59,0.12,32,1.49,30,1.49,11,66,23,9,65,26,16.78,15.78,0.92,97,-1,15.41,15.32,0,0,0,0,0,,0,0,,0,0,0,0,0,0,28,9,5.06,37,0.06,0.15,0.02,-0.04,,0.19
Calvin Harris,Sporting Kansas City,Major League Soccer,2026,1843,Left Wing,England,26,19/03/00,0.15,0.15,0.24,0.12,2,7,34,4,,0.28,0.15,0.07,0.54,0.15,0.07,0.54,0,0,0,0.29,0.3,2.54,-0.01,1.76,0.88,0.88,50,2.3,0,1.37,2.59,0.29,0.22,0.49,0.37,18.31,10.5,0.02,3.91,54.85,4.05,2,0.39,0.68,62,0.29,0.51,1.07,29,0.24,28,0.63,0.05,16.85,12.57,3.42,2.69,0.59,56.87,10.94,65,1.95,73,0.1,0,0,19.73,74,0.44,17,60,0.59,0.63,18,71,-3,62.71,2.34,0.25,0.5,23.1,86,7.72,8.01,0.63,0.63,0,0.44,4.35,4.98,0.05,15,0.24,25,0.78,10,63,27,9,64,27,14.17,13.7,1,104,-0.47,14.13,14.2,0,0,0,0,0,,0,0,,0,0,0,0,0,0,21,7,2.11,20,-0.07,0.15,0.03,0.05,,0.16
Capita,Sporting Kansas City,Major League Soccer,2026,1224,Right Midfielder,Angola,24,09/01/02,0.15,0.15,0.14,0.09,1.54,10,38,3,,0.18,0.07,0.07,0.44,0.07,0.07,0.44,0,0,0,0.22,0.22,1.98,0,2.79,1.18,1.62,42,1.91,0,1.91,3.97,1.25,1.19,1.4,0.82,20.73,10.95,0,4.93,48.86,5.15,2.35,1.54,2.79,78,1.16,2.36,2.28,45,0.44,45,0.66,0,17.06,12.71,4.04,2.94,0.66,52.01,9.48,56,2.28,78,0.29,0,0,18.01,69,0.81,12,61,1.54,1.18,16,54,-16,61.61,1.84,0.31,0.49,24.04,79,6.48,6.47,0.22,0.22,0,0.74,4.41,4.63,0,0,0.29,27,0.81,12,69,19,5,73,23,15.27,12.29,1.04,139,-2.98,15.86,17.1,0,0,0,0,0,,0,0,,0,0,0,0,0,0,25,5,2.39,20,-0.02,0.07,0.01,-0.01,,0.05
Carles Gil,New England Revolution,Major League Soccer,2026,2277,Centre Attacking Midfielder,Spain,34,21/11/92,0.36,0.16,0.14,0.08,1.7,9,42,1,83,0.29,0.16,0.21,2.49,0.12,0.17,1.94,0.04,0.05,0.55,0.32,0.35,4.19,-0.04,1.94,0.99,0.95,51,2.17,0,1.7,2.02,0.24,0.21,0.24,0.22,15.85,8.34,0,4.03,53.88,5.69,3.08,0.67,0.91,57,0.58,0.78,0.28,32,0.51,23,0.12,0.04,14.9,14.23,3.56,2.33,0.51,54.57,8.54,57,1.54,66,0.08,0,0,55.38,84,4.51,79,59,0.87,7,13,86,2,60.22,10.48,0.78,0.89,54.63,94,6.81,24.07,4.43,3.56,0.87,0.55,3.32,6.88,0.2,10,0.63,35,0.63,22,64,14,28,60,12,19.91,17.48,0.95,102,-2.43,19.01,17.78,0,0,0,0,0,,0,0,,0,0,0,0,0,0,19,7,9.15,63,0.19,0.14,0.01,0.06,,0.39
Carlos Garcés,LA Galaxy,Major League Soccer,2026,902,Left Centre Back,Colombia,25,10/10/01,0,0,0,0.02,0.2,0,0,0,,0,0.1,0.06,0.4,0.1,0.06,0.4,0,0,0,0.1,0.06,0.6,0.04,0.1,0.1,0,100,0.8,0,0.2,0.1,1.8,1.77,3.89,3.17,15.27,8.68,0.03,6.59,26.32,10.18,2.2,2.99,4.79,86,2.78,4.55,1.7,73,0.5,58,1.1,0,10.58,10.67,4.89,1.1,0.8,30.34,1.9,18,0.3,27,0.3,0.2,0.1,58.6,90,4.29,21,68,4.59,5.59,10,75,-15,37.19,4.39,0.55,0.58,47.02,100,6.01,6.39,0.2,0.2,0,0,0.3,0.5,0.2,0,0,,0,20,76,4,22,77,2,20.97,18.63,0.97,104,-2.34,20.25,19.41,0,0,0,0,0,,0,0,,0,0,0,0,0,0,18,10,4.53,29,0.04,0.07,0.01,-0.01,,0.11
Casemiro,Inter Miami,Major League Soccer,2026,710,Right Defensive Midfielder,Brazil,34,22/02/92,0.25,0.25,0.09,0.08,1.01,25,38,0,,0.19,0,0.02,0.51,0,0.02,0.51,0,0,0,0.25,0.1,1.52,0.15,0.38,0.38,0,100,0.89,0,0.51,0.51,0.89,0.98,4.69,5.67,14.2,7.1,0.07,5.83,27.74,8.62,2.79,1.9,2.79,88,2.37,3.35,1.39,78,0.25,68,1.9,0,10.9,13.92,3.93,2.28,0.63,34.27,2.92,27,1.39,61,0.38,0,0,57.8,87,7.48,12,77,5.83,8.62,9,82,-6,39.75,4.82,0.48,0.52,49.3,98,4,7.35,0.38,0.38,0,0,1.65,2.03,0.25,0,0,,0,22,74,4,24,74,2,23.55,24.02,0.97,98,0.47,22.74,23.53,0,0,0,0,0,,0,0,,0,0,0,0,0,0,14,6,4.87,32,0.07,0.05,0.01,-0.03,,0.11
Cavan Sullivan,Philadelphia Union,Major League Soccer,2026,1373,Right Midfielder,USA,17,27/09/09,0.26,0.26,0.28,0.1,2.69,10,44,4,,0.31,0.2,0.23,1.64,0.2,0.23,1.57,0,0,0.07,0.46,0.51,4.33,-0.05,3.34,1.97,1.38,59,1.31,0,1.18,2.56,0.59,0.39,0.59,0.41,18.49,10.55,0.01,5.31,52.94,7.08,4.39,1.64,2.23,57,1.22,1.6,1.44,36,1.25,44,0.72,0.07,15.41,12.14,4.26,3.41,0.79,53.28,8.52,55,2.75,81,0.07,0,0.07,29.3,67,1.9,87,41,1.25,4,17,65,-1,66.18,4.26,0.49,0.94,30.29,89,7.42,12.39,3.28,2.95,0.33,0.39,4.65,7.6,0.26,18,0.85,33,0.46,23,64,13,25,64,11,20.32,16.6,0.92,101,-3.72,18.73,16.8,0,0,0,0,0,,0,0,,0,0,0,0,0,0,30,9,6.29,35,0.15,0.14,0.02,0.01,,0.33
Cedric Teuchert,St. Louis City,Major League Soccer,2026,345,Right Attacking Midfielder,Germany,29,13/01/97,0,0,0.34,0.1,3.39,0,46,5,,0.46,0.52,0.28,3.13,0.52,0.25,2.61,0,0.03,0.52,0.52,0.62,6.53,-0.1,2.87,2.09,0.78,73,2.09,0,2.35,1.83,0,0,0.26,0.34,11.75,5.74,0,4.18,63.01,5.74,2.87,0.52,0.52,50,0.72,0.72,1.04,50,0.52,50,0.52,0,10.18,10.74,3.13,3.13,1.31,59.89,7.83,77,2.61,83,0,0,0,24.81,75,2.09,18,67,0.78,2.61,25,68,-7,65.64,5.48,0.62,0.83,30.55,88,8.48,10.18,3.66,2.09,1.57,1.04,6.79,8.88,0.26,7,0.52,29,1.04,16,69,15,15,74,10,19.16,16.76,1.02,103,-2.4,19.52,17.34,0,0,0,0,0,,0,0,,0,0,0,0,0,0,24,5,7.44,42,0.09,0.26,0.02,0.06,,0.43
Cesar Ruvalcaba,Columbus Crew,Major League Soccer,2026,341,Left Centre Back,USA,25,12/07/01,0,0,0.04,0.08,0.53,0,0,0,,0,0,0,0,0,0,0,0,0,0,0,0.04,0.53,-0.04,0.26,0.26,0,100,0.53,0,0,0.26,1.06,1.3,3.96,3.52,8.18,6.07,0.07,2.9,25.96,8.18,2.64,1.32,2.37,83,1.73,3.03,0.26,0,0.26,67,1.58,0,6.59,8.94,2.11,1.06,0.53,34.87,1.85,28,0,0,0.26,0,0,56.45,91,2.9,15,55,4.22,5.01,12,81,-11,41.32,4.75,0.41,0.41,49.85,99,4.79,8.7,0,0,0,0.26,1.06,1.06,0,,0,,0.26,18,77,5,18,73,9,21.07,18.69,0.92,91,-2.38,19.38,17.02,0,0,0,0,0,,0,0,,0,0,0,0,0,0,11,5,3.43,26,0.03,0.15,0.17,-0.06,,0.29
Cheikh Sabaly,Vancouver Whitecaps,Major League Soccer,2026,836,Left Wing,Senegal,27,03/03/99,0.22,0.22,0.27,0.16,1.72,13,38,3,,0.21,0.11,0.22,1.94,0.11,0.22,1.94,0,0,0,0.32,0.5,3.66,-0.17,2.37,1.29,1.08,55,0.75,0,2.58,3.12,0.65,0.64,0.11,0.15,23.58,11.63,0,6.46,55.65,6.57,3.23,2.48,3.12,77,3.34,3.98,1.94,40,0.75,10,0.11,0,19.17,24.38,5.38,4.74,1.18,55.6,11.95,62,3.12,66,0.11,0,0,29.72,79,0.97,23,64,0.54,1.08,13,70,-9,64.8,2.91,0.53,0.82,31.98,85,6.61,14.75,1.72,1.72,0,0.65,6.46,8.18,0,13,0.43,29,1.08,14,66,21,13,63,24,16.8,15.21,1.01,112,-1.58,16.96,16.97,0,0,0,0,0,,0,0,,0,0,0,0,0,0,20,8,4.81,28,0.01,0.11,-0.01,-0.04,,0.07
Chris Durkin,St. Louis City,Major League Soccer,2026,1866,Left Defensive Midfielder,USA,26,07/02/00,0.1,0.1,0.06,0.08,0.72,13,33,0,,0.09,0,0.03,0.48,0,0.03,0.48,0,0,0,0.1,0.08,1.21,0.01,0.58,0.24,0.34,42,1.5,0,0.53,1.06,1.35,1.46,1.45,1.56,22.43,12.73,0.04,6.75,44.97,9.45,4.39,2.12,3.47,86,2.33,3.79,2.36,63,0.34,70,1.5,0,17.94,18.54,5.06,3.67,1.25,47.62,8.05,45,2.17,59,0.48,0.05,0,48.38,86,3.52,14,63,2.12,4.87,17,76,-9,49.78,5.21,0.48,0.54,37.91,97,3.57,12.93,0.48,0.48,0,0.14,1.64,2.12,0.05,20,0.14,33,0.24,18,69,13,23,69,8,19.29,17.56,0.95,99,-1.73,18.36,17.47,0,0,0,0,0,,0,0,,0,0,0,0,0,0,16,7,4.58,32,0,0.05,0.04,0,,0.09
Christian Cappis,FC Dallas,Major League Soccer,2026,1557,Left Defensive Midfielder,USA,27,12/08/99,0,0,0.03,0.06,0.52,0,0,1,,0,0.06,0.15,0.98,0.06,0.11,0.69,0,0.04,0.29,0.06,0.18,1.5,-0.13,0.46,0.17,0.29,38,1.04,0,0.81,1.21,0.81,0.52,1.1,0.7,15.26,8.55,0.04,4.28,45.18,8.73,4.57,2.02,2.83,73,1.37,1.9,0.81,48,0.75,46,0.92,0,12.48,8.01,3.06,3.41,1.04,48.74,5.66,45,2.08,61,0.23,0,0,35.94,77,2.95,57,50,1.73,5.2,17,83,6,52.18,4.51,0.45,0.47,27.39,95,4.24,9.71,1.16,0.75,0.4,0.12,0.81,1.56,0.12,20,0.29,33,0.12,23,67,10,18,70,12,21.28,17.27,0.91,100,-4.01,19.33,17.3,0,0,0,0,0,,0,0,,0,0,0,0,0,0,24,7,5,37,0.1,0.04,0.07,-0.03,,0.18
Christian Ramírez,Austin FC,Major League Soccer,2026,965,Right Centre Forward,USA,35,03/04/91,0.47,0.47,0.27,0.16,1.68,28,44,4,,0.44,0.19,0.07,0.84,0.19,0.07,0.84,0,0,0,0.65,0.34,2.52,0.32,0.09,0,0.09,0,0.93,0,0.93,1.03,0.09,0.14,0.47,0.3,16.04,8.95,0.01,3.64,58.27,3.73,2.14,0.47,0.56,56,0.51,0.66,0.56,20,0.37,41,1.21,0,15.01,16.33,3.26,2.52,0.75,60.86,10.72,71,2.05,81,0,0,0,14.73,71,0.75,5,50,0.65,1.31,26,59,-13,55.93,0.65,0.3,0.53,11,86,3.29,4.1,0.47,0.37,0.09,0.65,4.85,5.22,0.09,40,0.28,60,0.47,22,56,22,18,64,18,16.27,13.96,0.97,95,-2.31,15.7,13.32,0,0,0,0,0,,0,0,,0,0,0,0,0,0,27,8,2.71,23,0.03,-0.05,-0.01,0.13,,0.11
Christopher Brady,Chicago Fire,Major League Soccer,2026,2208,Goalkeeper,USA,22,02/03/04,0,0,0,,0,,,0,,0,0,0,0,0,0,0,0,0,0,0,0,0,0,0,0,0,,0.2,0,0,0.04,0,0,0,0,0.08,0,0,6.4,2.18,3.38,0,0,0,,0,0,0.04,,0,0,0,0.08,0.04,0.07,0.04,0,0,7.37,0,0,0,,0.04,0,0,25.23,78,4.73,32,41,2.45,8.97,18,74,-4,10.52,0.29,0.29,0.29,20.99,100,3.68,0.08,0,0,0,0,0,0,0,,0,,0,34,66,0,100,0,0,33.56,33.3,0.78,82,-0.25,26.08,27.17,1.06,1.26,0.2,69,63,6,1.02,3.38,32,10.72,1.57,0.2,0.2,19.27,1,19,4,1.62,10,0.04,0.08,-0.03,,0.08,0.17
Christopher McVey,San Diego FC,Major League Soccer,2026,1558,Right Centre Back,Sweden,29,11/04/97,0.06,0.06,0.03,0.08,0.4,14,29,0,,0.07,0,0.01,0.29,0,0.01,0.29,0,0,0,0.06,0.05,0.69,0.01,0.12,0.06,0.06,50,0.23,0,0.23,0.46,1.04,1.58,1.91,2.73,8.67,4.1,0.06,5.03,27.72,8.96,2.25,1.33,2.37,74,1.96,3.54,0.81,63,0.46,55,1.21,0,6.53,9.56,3.47,1.27,0.64,30.77,1.33,20,0.23,18,0.29,0.12,0,89.15,92,3.99,26,62,2.77,5.6,7,79,-14,38.4,6.07,0.5,0.52,76.85,99,3.48,8.72,0.35,0.35,0,0.06,0.98,1.33,0.06,33,0.12,40,0.12,27,70,3,36,63,1,18.36,20.12,0.95,87,1.76,17.45,17.61,0,0,0,0,0,,0,0,,0,0,0,0,0,0,12,8,4.24,31,0.08,0.07,0.13,0.01,,0.29
Cole Bassett,Portland Timbers,Major League Soccer,2026,1637,Right Defensive Midfielder,USA,25,27/07/01,0.16,0.16,0.2,0.12,1.65,10,33,1,,0.23,0.16,0.08,1.15,0.16,0.08,1.15,0,0,0,0.33,0.28,2.8,0.05,0.6,0.33,0.27,55,1.32,0.05,1.21,1.21,0.33,0.34,0.71,0.66,20.06,11.27,0.01,6.43,41.57,7.48,3.19,1.1,1.43,59,1.19,1.53,1.1,26,0.77,39,0.66,0.05,17.92,18.62,5.55,4.18,1.43,42.94,6.38,36,2.42,58,0.11,0,0,54.25,89,2.69,16,70,1.32,3.24,17,85,-5,52.35,6.82,0.78,0.83,47.43,96,4.26,17.37,1.15,1.15,0,0.49,3.24,4.4,0.05,10,0.11,12,0.55,17,72,11,21,71,9,17.72,17.02,0.97,96,-0.7,17.21,16.3,0,0,0,0,0,,0,0,,0,0,0,0,0,0,15,8,5.66,40,0.07,0.07,0.04,0.03,,0.21
Colin Guske,Orlando City,Major League Soccer,2026,318,Left Defensive Midfielder,USA,19,28/01/07,0,0,0,0.01,0.28,0,0,0,,0,0,0.02,0.57,0,0.01,0.28,0,0.01,0.28,0,0.02,0.85,-0.02,0,0,0,,2.55,0,1.13,0.28,3.11,3.04,1.13,0.73,17.53,9.9,0.02,7.07,32.33,11.03,5.37,1.13,4.24,57,0.79,3.83,1.7,25,0.85,0,0,0,14.71,11.15,5.37,2.83,1.13,34.08,1.7,12,1.13,40,0.28,0.28,0,43.27,81,1.13,19,27,1.7,3.68,9,71,-9,43.24,2.83,0.11,0.11,33.09,96,3.6,3.96,0.28,0.28,0,0,0,0.28,0,0,0,,0,27,60,13,36,64,0,18.17,19.62,0.82,65,1.45,14.89,12.69,0,0,0,0,0,,0,0,,0,0,0,0,0,0,19,4,1.95,15,0.02,0.06,-0.04,-0.01,,0.03
Conrad Wallem,St. Louis City,Major League Soccer,2026,1864,Right Wing Back,Norway,26,08/06/00,0.05,0.05,0.09,0.08,1.01,5,14,1,,0.05,0.1,0.12,1.21,0.1,0.12,1.21,0,0,0,0.14,0.21,2.22,-0.06,0.63,0.39,0.24,62,0.92,0,1.26,1.21,0.72,0.77,1.5,1.58,15.93,7.58,0.01,4.15,43.25,7.48,3.86,1.64,2.37,64,1.79,2.56,2.17,34,0.92,75,1.3,0.1,12.22,12.62,3.43,2.56,0.63,48.32,5.65,46,1.69,66,0.24,0.05,0,39.83,83,1.64,22,65,1.93,2.08,15,82,-1,59.69,4.35,0.48,0.52,35.05,94,4.59,17.48,1.88,1.5,0.39,0.53,3.23,4.73,0,23,0.68,36,0.72,17,62,21,14,63,23,16.03,14.51,0.95,104,-1.51,15.25,15.06,0,0,0,0,0,,0,0,,0,0,0,0,0,0,23,10,4.9,33,0.13,0.11,-0.03,-0.02,,0.19
Cooper Sanchez,Atlanta United,Major League Soccer,2026,1690,Right Centre Midfielder,USA,18,25/03/08,0,0,0.04,0.06,0.8,0,20,1,,0.06,0.05,0.11,0.75,0.05,0.11,0.69,0,0.01,0.05,0.05,0.16,1.54,-0.1,0.37,0.21,0.16,57,0.43,0,0.85,0.91,0.85,0.93,0.8,0.74,23.32,15.07,0.01,6.02,48.92,6.23,3.14,1.6,2.45,52,1.74,2.67,1.92,21,1.49,38,0.59,0,19.92,20.83,4.9,4.9,1.44,50.45,10.65,53,2.56,52,0.32,0,0,38.82,86,2.66,14,78,1.01,3.19,15,75,-11,49.6,3.04,0.67,0.71,32.48,95,3.8,8.31,0.91,0.85,0.05,0.05,1.12,1.97,0.05,24,0.21,36,0.11,18,68,14,21,69,10,18.59,16.26,0.99,101,-2.33,18.34,16.4,0,0,0,0,0,,0,0,,0,0,0,0,0,0,16,8,4.77,37,0,0.04,0.03,-0.01,,0.06
Cristian Espinoza,Nashville SC,Major League Soccer,2026,1455,Right Midfielder,Argentina,31,02/04/95,0.19,0.19,0.11,0.08,1.42,13,48,2,,0.22,0.56,0.32,2.84,0.37,0.21,1.36,0.19,0.11,1.48,0.74,0.44,4.27,0.3,1.92,1.24,0.68,65,0.74,0,0.99,1.73,0.43,0.5,0.19,0.17,14.04,7.17,0,4.02,58.43,4.89,2.91,0.8,1.24,57,0.94,1.45,1.05,38,0.62,14,0.12,0.06,12.18,13.66,3.03,3.4,0.8,60.59,8.47,70,2.84,84,0,0,0,34.63,70,3.15,11,55,0.56,5.32,16,64,-6,67.49,2.78,0.61,0.76,32.22,93,5.23,13.05,3.34,1.86,1.48,0.8,4.89,6.74,0.06,17,0.99,26,1.05,9,73,18,10,70,20,19.07,16.21,0.96,96,-2.85,18.32,15.6,0,0,0,0,0,,0,0,,0,0,0,0,0,0,30,8,8.59,58,0.19,0.08,0.02,0.04,,0.34
Cristian Roldán León,Seattle Sounders,Major League Soccer,2026,1184,Left Defensive Midfielder,USA,31,02/06/95,0.23,0.23,0.09,0.06,1.52,15,25,1,,0.17,0,0.05,0.68,0,0.05,0.68,0,0,0,0.23,0.14,2.2,0.09,0.53,0.3,0.23,57,0.84,0,0.76,1.06,0.68,0.73,1.37,1.59,15.58,8.82,0.01,5.78,41.29,11.63,6.39,1.75,2.43,68,1.92,2.65,0.76,39,0.84,65,1.29,0.08,13.08,14.39,4.49,2.96,1.14,45.24,5.63,43,1.37,46,0.08,0,0,63.63,87,3.95,13,68,2.43,4.71,11,76,-12,51.92,7.91,0.61,0.71,50.94,97,3.89,19.31,1.22,1.22,0,0.08,2.51,3.73,0.23,6,0.08,17,0.38,21,70,10,24,70,6,19.26,19.83,0.98,92,0.58,18.92,18.31,0,0,0,0,0,,0,0,,0,0,0,0,0,0,14,5,6.87,41,0.01,0.1,0.03,-0.01,,0.13
Dag­ur Dan Þór­halls­son,CF Montreal,Major League Soccer,2026,698,Right Wing,Iceland,26,01/05/00,0.13,0.13,0.05,0.05,0.9,14,43,1,,0.12,0,0.07,0.9,0,0.06,0.52,0,0.01,0.39,0.13,0.12,1.81,0.01,0.64,0.52,0.13,80,1.29,0,0.64,1.16,0.52,0.42,1.29,1.31,12.77,6.45,0.04,3.22,44.36,6.58,2.58,0.64,1.16,83,0.75,1.16,1.03,75,0.13,54,0.9,0,11.09,9.76,2.58,1.93,0.64,49.34,5.29,48,1.16,60,0,0,0,25.41,83,2.32,11,58,1.81,3.48,22,86,3,54.46,2.58,0.19,0.27,23.86,93,4.43,7.22,0.77,0.39,0.39,0.26,1.93,2.32,0.13,33,0.26,25,0.52,21,57,22,30,41,29,18.71,17.07,0.93,96,-1.64,17.47,16.4,0,0,0,0,0,,0,0,,0,0,0,0,0,0,19,8,5.83,40,0.05,0.04,0.06,0.02,,0.18
Daniel,San Jose Earthquakes,Major League Soccer,2026,1485,Goalkeeper,Brazil,32,05/05/94,0,0,0,,0,,,0,,0,0,0,0,0,0,0,0,0,0,0,0,0,0,0,0,0,,0.42,0,0,0,0,0,0,0,0.06,0.06,0,5.64,2.44,2.67,0,0,0,0,0,0,0,0,0.06,,0,0,0.06,0.03,0,0,0,6.7,0,0,0,,0.18,0,0,22.98,74,6.91,19,47,3.03,11.76,17,61,-13,10.71,0.36,0.22,0.22,19.88,100,5.04,0.12,0,0,0,0,0,0,0,,0,,0,37,63,0,100,0,0,36.99,39.12,0.79,80,2.13,29.37,31.37,0.79,1.09,0.3,75,65,10,1.05,3.09,30,10.18,1.71,0.06,0.06,19.42,3,24,3,2.33,13,0.07,0.05,-0.01,,0.3,0.41
Daniel Edelman,St. Louis City,Major League Soccer,2026,2057,Right Defensive Midfielder,USA,23,27/04/03,0.13,0.13,0.07,0.09,0.74,18,24,1,,0.08,0.13,0.13,0.83,0.13,0.13,0.83,0,0,0,0.26,0.2,1.58,0.07,0.22,0.04,0.18,20,1.23,0,0.83,0.79,1.05,0.97,2.32,2.34,20.08,11.64,0.04,5.73,41.92,9.71,4.59,1.75,2.8,70,1.83,2.8,0.7,44,0.74,68,1.14,0.04,17.63,17.72,4.51,3.28,1.09,45.01,7.13,40,1.71,52,0.09,0,0,47.04,87,2.54,30,67,3.06,3.06,16,79,-8,52.14,4.38,0.55,0.61,36.45,96,4.1,12.95,0.92,0.92,0,0.13,0.92,1.84,0.09,19,0.26,50,0.13,19,64,17,23,65,12,18.03,18.17,0.97,101,0.14,17.42,18.29,0,0,0,0,0,,0,0,,0,0,0,0,0,0,17,7,4.21,31,0.03,0.06,0.04,0.04,,0.17
Daniel Lovitz,Nashville SC,Major League Soccer,2026,1695,Left Back,USA,35,26/08/91,0,0,0.04,0.1,0.37,0,29,0,,0.03,0.05,0.03,0.48,0.05,0.03,0.42,0,0,0.05,0.05,0.07,0.85,-0.02,0.58,0.42,0.16,73,0.64,0,0.37,0.96,0.69,0.8,1.7,2.12,12.69,6.74,0.03,3.82,32.72,7.01,2.44,1.54,2.23,76,1.92,2.72,1.43,65,0.48,52,0.8,0,9.72,11.16,2.92,1.12,0.48,35.55,2.23,23,0.58,52,0.32,0,0,44.45,77,3.29,74,51,2.23,5.89,9,69,-8,48.59,4.09,0.34,0.37,35.68,97,4.5,8.87,1.33,1.06,0.27,0.05,1.22,2.28,0.05,28,0.42,33,0.05,23,67,10,20,69,11,21.03,18.93,0.95,107,-2.1,19.96,20.18,0,0,0,0,0,,0,0,,0,0,0,0,0,0,25,10,3.42,27,0.12,0.04,0,-0.01,,0.15
Daniel Munie,San Jose Earthquakes,Major League Soccer,2026,2108,Right Centre Back,USA,26,09/02/00,0.17,0.17,0.09,0.14,0.64,27,47,0,,0.18,0,0.03,0.21,0,0.03,0.21,0,0,0,0.17,0.12,0.85,0.05,0.09,0.09,0,100,0.26,0,0.3,0.17,0.56,0.56,2.99,2.71,9.65,4.91,0.05,4.31,28.35,10.63,2.6,0.81,1.37,79,0.87,1.44,0.51,55,0.21,49,1.2,0,8.33,7.97,3.33,1.02,0.43,33.12,2.14,26,0.3,29,0.17,0,0,47.96,87,4.53,15,61,3.76,6.7,9,68,-19,34.46,3.93,0.39,0.46,37.45,99,4.92,4.48,0.3,0.3,0,0.09,1.45,1.75,0.04,0,0,,0.13,27,70,4,34,65,1,23.5,23.22,0.94,102,-0.28,22.1,23.74,0,0,0,0,0,,0,0,,0,0,0,0,0,0,18,10,3.71,23,0.04,0.07,0.04,0.04,,0.2
Daniel Pereira,Austin FC,Major League Soccer,2026,402,Right Defensive Midfielder,Venezuela,26,13/07/00,0,0,0.02,0.03,0.67,0,33,0,,0.01,0.22,0.15,0.67,0.22,0.15,0.67,0,0,0,0.22,0.17,1.34,0.06,1.34,0.9,0.45,67,2.91,0,1.34,1.34,1.12,0.87,0.22,0.26,19.02,10.97,0.02,4.92,40.53,9.4,5.15,1.79,2.91,80,1.85,2.72,1.57,50,0.45,33,0.22,0,15.67,18.43,3.8,3.58,1.57,42.41,5.59,36,1.57,44,0.22,0,0,60.43,90,4.25,12,76,0.67,5.15,16,91,1,47.06,4.25,0.28,0.41,55.05,95,4.8,10.97,0.45,0.45,0,0,0.22,0.67,0,0,0,0,0,15,77,8,20,71,8,18.48,15.81,0.98,101,-2.67,18.06,15.91,0,0,0,0,0,,0,0,,0,0,0,0,0,0,16,9,4.03,28,0.04,0.06,0.04,-0.02,,0.12
Daniel Pereira,CF Montreal,Major League Soccer,2026,477,Centre Defensive Midfielder,Venezuela,26,13/07/00,0,0,0.02,0.04,0.57,0,33,0,,0,0,0.06,0.94,0,0.02,0.75,0,0.04,0.19,0,0.08,1.51,-0.08,0.38,0.38,0,100,1.32,0,1.89,0.57,0.19,0.14,1.51,1.97,16.42,9.81,0.04,4.53,46.84,5.85,3.4,1.7,1.89,75,2.06,2.19,1.13,0,0.57,0,0,0,13.59,12.37,3.4,3.21,0.75,51.23,7.55,56,2.26,71,0.19,0,0,44.91,88,4.15,8,65,1.89,6.04,12,84,-5,53.01,5.09,0.7,0.71,43.97,95,5.06,12.27,1.32,1.13,0.19,0.19,1.51,2.64,0,29,0.38,40,0.19,10,86,4,14,82,5,20.33,17.41,0.94,94,-2.92,19.06,16.3,0,0,0,0,0,,0,0,,0,0,0,0,0,0,10,4,7.74,49,0.03,0.07,0.11,-0.03,,0.19
Daniel Ríos,CF Montreal,Major League Soccer,2026,770,Right Centre Forward,Mexico,31,21/02/95,0.35,0.23,0.31,0.13,2.34,10,50,4,100,0.38,0,0.1,0.7,0,0.1,0.7,0,0,0,0.23,0.41,3.04,-0.18,0.7,0.23,0.47,33,1.52,0,1.29,2.69,0.12,0.08,0.58,0.45,18.58,9.93,0.01,4.32,59.83,3.86,2.69,0.47,0.58,50,0.46,0.54,0.82,0,0.47,43,1.87,0,17.3,14.13,3.97,3.62,1.4,62.43,12.74,74,3.04,84,0.35,0,0,22.21,76,1.05,20,69,0.93,1.17,24,77,1,59.65,1.52,0.56,0.77,20.57,85,4.79,7.01,0.82,0.82,0,0.35,5.61,6.43,0,29,0.23,25,0.47,9,66,24,15,65,20,15.34,15.44,1.01,106,0.11,15.53,16.32,0,0,0,0,0,,0,0,,0,0,0,0,0,0,27,10,3.75,21,-0.06,-0.02,-0.08,0.05,,-0.1
Danley Jean Jacques,Philadelphia Union,Major League Soccer,2026,2085,Right Defensive Midfielder,Haiti,26,19/05/00,0.17,0.17,0.12,0.11,1.12,15,15,1,,0.11,0.04,0.04,0.52,0.04,0.04,0.52,0,0,0,0.22,0.16,1.64,0.05,0.82,0.35,0.47,42,0.91,0,0.39,1.21,1.51,1.1,0.69,0.62,14.72,7.77,0.01,4.53,48.76,9.28,4.7,1.6,3.11,65,1.34,2.43,1.38,32,0.86,50,0.65,0,11.78,8.96,3.5,3.28,1.04,51.19,6.39,54,2.5,76,0.22,0,0,35.05,81,2.07,10,64,0.99,2.94,13,76,-5,52.25,4.1,0.38,0.52,26.89,96,4.66,9.28,0.86,0.86,0,0.17,2.37,3.24,0.09,15,0.22,36,0.3,22,68,10,30,62,8,18.43,14.73,0.96,104,-3.7,17.7,15.26,0,0,0,0,0,,0,0,,0,0,0,0,0,0,21,10,5.2,30,0.04,0.08,0.04,-0.06,,0.09
Danny Musovski,Seattle Sounders,Major League Soccer,2026,966,Centre Forward,USA,31,29/11/95,0.09,0.09,0.35,0.17,2.05,5,45,6,,0.36,0,0.08,0.84,0,0.08,0.84,0,0,0,0.09,0.43,2.89,-0.34,0.74,0.37,0.37,50,0.84,0,1.4,2.42,0.09,0.06,0.47,0.4,16.48,6.52,0.01,2.79,63.14,2.7,1.86,0.37,0.47,100,0.38,0.44,1.3,,0,36,1.86,0,14.9,15.13,2.7,1.96,0.19,66.13,11.45,77,1.58,81,0.09,0,0,12.94,78,0,17,,0.47,0,26,53,-25,64.33,0.65,0.34,0.64,13.32,79,3.16,5.77,0.37,0.37,0,0.37,6.61,6.98,0.09,0,0,0,0.84,14,62,24,13,65,23,11.39,10.97,0.99,87,-0.41,11.27,9.6,0,0,0,0,0,,0,0,,0,0,0,0,0,0,20,8,2.51,15,-0.04,0.02,0.01,0.01,,0
Dante Polvara,St. Louis City,Major League Soccer,2026,2192,Left Centre Back,USA,26,20/06/00,0.04,0.04,0.05,0.1,0.53,8,15,0,,0.03,0,0.02,0.25,0,0.02,0.25,0,0,0,0.04,0.07,0.78,-0.03,0.16,0.12,0.04,75,0.99,0,0.33,0.41,1.56,1.66,3.12,3.17,11.87,6.69,0.07,5.22,33.13,8.66,2.96,1.68,3.24,80,1.95,3.62,0.86,57,0.41,61,1.27,0,9.32,9.44,3.16,1.56,0.66,40.05,3.45,37,0.78,50,0.12,0,0,52.6,89,2.5,35,58,3.86,3.57,13,79,-10,42.97,5.38,0.5,0.53,45.29,98,3.8,8.58,0.25,0.25,0,0.21,1.52,1.77,0,0,0.04,33,0.33,26,68,7,28,69,3,19.71,19.33,0.95,89,-0.38,18.67,17.25,0,0,0,0,0,,0,0,,0,0,0,0,0,0,13,6,3.83,26,0.04,0.07,0.09,-0.04,,0.16
Dante Sealy,Colorado Rapids,Major League Soccer,2026,1192,Right Wing,Trinidad and Tobago,23,16/04/03,0,0,0.13,0.06,2.27,0,23,3,,0.14,0.15,0.08,1.06,0.08,0.05,0.83,0.08,0.03,0.23,0.15,0.22,3.32,-0.06,1.06,0.68,0.38,64,1.66,0,2.64,2.42,0.15,0.23,0.45,0.56,12.16,6.19,0.01,3.55,55.35,4.68,2.79,0.91,1.06,92,1.03,1.26,1.36,67,0.08,73,0.6,0.08,9.89,12.38,3.02,2.34,0.53,57.21,6.49,66,1.59,68,0.08,0,0,28.47,72,1.89,84,38,0.6,4.83,20,77,5,62.14,3.1,0.35,0.45,30.36,86,5.02,11.03,1.96,1.06,0.91,0.38,4.08,5.14,0,23,0.53,26,0.53,14,67,19,23,56,21,19.93,15.56,0.89,104,-4.37,17.77,16.13,0,0,0,0,0,,0,0,,0,0,0,0,0,0,28,11,4.01,30,0.09,0.1,0.02,-0.06,,0.15
Darren Yapi,Colorado Rapids,Major League Soccer,2026,1270,Left Wing,USA,22,18/11/04,0.21,0.21,0.26,0.18,1.49,14,33,3,,0.21,0.14,0.12,0.99,0.14,0.12,0.99,0,0,0,0.35,0.38,2.48,-0.03,2.41,0.64,1.77,26,1.13,0,1.98,3.26,0.43,0.55,0.5,0.48,18.86,11.7,0.01,5.74,60.92,3.33,2.27,1.13,1.56,73,1.4,1.94,1.35,0,0.43,42,0.92,0,16.38,19.34,4.96,1.98,0.78,62.55,12.05,74,1.56,79,0.28,0,0,19.14,71,0.5,12,58,0.57,0.78,21,68,-3,60.24,1.7,0.31,0.56,21.91,79,6.33,6.24,0.92,0.92,0,0.57,3.54,4.47,0,38,0.57,33,0.43,13,69,19,15,70,15,14.91,13.95,0.99,112,-0.96,14.78,15.56,0,0,0,0,0,,0,0,,0,0,0,0,0,0,26,7,3.21,27,-0.01,0.07,0.02,0.04,,0.13
Dave Romney,San Jose Earthquakes,Major League Soccer,2026,688,Left Back,USA,33,11/06/93,0.13,0.13,0.07,0.14,0.52,25,25,0,,0.1,0,0.01,0.13,0,0.01,0.13,0,0,0,0.13,0.08,0.65,0.05,0,0,0,,0.65,0,0,0,0.13,0.2,4.05,2.81,8.24,5.36,0.06,3.79,28.1,6.54,2.62,0.39,0.52,75,0.35,0.55,0.92,67,0.13,67,1.83,0,7.06,5.57,2.49,0.65,0.52,39.43,2.49,35,0.39,60,0.13,0,0,36.88,82,2.62,70,54,4.32,4.58,8,68,-14,43.61,3.14,0.36,0.37,28.77,100,3.57,5.49,0.39,0.39,0,0,0.92,1.31,0,33,0.13,25,0,32,62,7,29,57,14,21.26,17.48,0.91,100,-3.79,19.43,17.51,0,0,0,0,0,,0,0,,0,0,0,0,0,0,26,12,3.18,23,0.06,0.02,-0.01,0.02,,0.08
David Ayala,Inter Miami,Major League Soccer,2026,386,Left Defensive Midfielder,Argentina,24,25/07/02,0,0,0.02,0.03,0.7,0,33,1,,0.02,0,0.01,0.47,0,0.01,0.47,0,0,0,0,0.04,1.17,-0.04,0.93,0.7,0.23,75,0.7,0,0,0.7,0.23,0.37,0.47,0.57,14.7,7.24,0.04,5.13,37.57,10.74,4.43,1.4,1.63,67,1.97,2.34,1.63,50,0.7,43,0.7,0.23,11.67,14.87,3.97,2.57,0.47,40.27,3.27,28,1.17,45,0.23,0,0,51.58,87,5.83,91,68,1.17,7.94,8,82,-5,47.14,5.6,0.53,0.59,42.24,99,4.13,8.17,0.23,0.23,0,0,0.47,0.7,0,0,0,0,0.23,12,79,9,11,86,3,23.33,24.72,0.94,99,1.39,21.86,24.56,0,0,0,0,0,,0,0,,0,0,0,0,0,0,11,5,5.3,34,-0.04,0.07,0.07,-0.03,,0.08
David Brekalo,Orlando City,Major League Soccer,2026,1708,Right Centre Back,Slovenia,28,02/12/98,0.11,0.11,0.05,0.1,0.47,22,56,0,,0.09,0,0,0,0,0,0,0,0,0,0.11,0.05,0.47,0.06,0.05,0.05,0,100,0.42,0,0,0.21,0.32,0.32,3.95,3.67,10.01,5.74,0.08,4.37,22.67,6.01,1.69,1.05,1.37,71,0.96,1.28,1,38,0.42,67,1.79,0,8.01,6.57,3.06,1.16,0.53,30.75,1.9,24,0.68,59,0.16,0,0,42.68,91,2.21,10,61,4.64,2.95,13,80,-11,37.6,1.9,0.37,0.38,34.62,100,4.14,2.58,0.05,0.05,0,0.11,1.37,1.42,0,0,0,0,0.11,22,74,3,27,73,0,19.02,19.23,0.96,95,0.21,18.26,18.28,0,0,0,0,0,,0,0,,0,0,0,0,0,0,16,9,3.18,24,0.04,0.04,0.13,0.03,,0.25
David Da Costa,Portland Timbers,Major League Soccer,2026,1860,Centre Attacking Midfielder,Portugal,25,04/01/01,0.15,0.15,0.07,0.06,1.11,13,43,1,,0.1,0.39,0.2,1.89,0.39,0.19,1.79,0,0.01,0.1,0.53,0.27,3,0.26,1.31,0.82,0.48,63,0.73,0,1.11,1.6,0.63,0.5,0.29,0.3,17.03,8.61,0,4.55,53.68,4.79,2.66,0.87,1.5,75,1.08,1.58,0.53,55,0.29,33,0.15,0,15.68,14.64,4.21,4.45,1.69,55.13,9.19,59,2.95,66,0.05,0,0,45.2,88,2.52,5,79,0.44,3.05,17,82,-6,57.53,6.29,0.48,0.69,42.34,95,6,18.24,1.26,1.16,0.1,0.48,3.15,4.31,0.15,12,0.19,21,0.82,16,68,16,20,63,17,17.52,14.93,0.99,100,-2.59,17.3,14.94,0,0,0,0,0,,0,0,,0,0,0,0,0,0,15,7,6.07,43,0,0.08,0.01,0.02,,0.11
David Martínez,LAFC,Major League Soccer,2026,1044,Right Wing,Venezuela,20,06/02/06,0.52,0.52,0.24,0.1,2.5,21,38,3,,0.3,0,0.08,1.29,0,0.06,1.03,0,0.02,0.26,0.52,0.32,3.79,0.2,2.59,1.47,1.12,57,1.29,0,1.81,3.02,0.34,0.21,0,0,22.85,12.5,0,5.17,52.16,4.4,2.5,2.07,2.41,77,1.83,2.04,1.29,53,0.6,31,0.34,0,19.49,17,4.66,3.71,1.29,52.84,9.83,50,2.76,74,0.17,0,0,29.67,77,2.59,93,56,1.03,3.62,24,84,7,62.12,5.35,0.4,0.59,34.32,86,7.73,13.63,1.29,1.12,0.17,0,2.5,3.62,0.09,7,0.17,11,0.09,13,71,16,15,68,17,20.74,20.78,0.95,101,0.04,19.75,21.06,0,0,0,0,0,,0,0,,0,0,0,0,0,0,19,6,5.11,36,-0.02,0.1,0.01,0.07,,0.17
David Ruiz,Inter Miami,Major League Soccer,2026,310,Right Defensive Midfielder,Honduras,22,07/02/04,0,0,0.03,0.09,0.29,0,0,0,,0,0,0.18,0.87,0,0.18,0.87,0,0,0,0,0.2,1.16,-0.2,0,0,0,,0.87,0,0.87,1.16,0.58,0.83,0.29,0.34,19.75,10.75,0.02,5.23,50.19,4.36,1.45,1.16,1.74,57,1.66,2.49,2.9,25,0.87,40,0.58,0,15.68,21.61,4.07,4.07,1.45,49.81,6.97,44,3.19,79,0.58,0,0,43.56,85,2.61,13,60,0.29,4.36,8,62,-23,53.64,4.07,0.42,0.59,39.5,96,4.54,13.65,0.87,0.87,0,0.58,2.9,3.78,0,33,0.29,50,0.58,15,67,18,9,70,21,17.18,11.3,0.96,91,-5.88,16.49,10.26,0,0,0,0,0,,0,0,,0,0,0,0,0,0,20,6,4.7,28,-0.04,0.04,0.06,-0.03,,0.03
David Schnegg,Charlotte,Major League Soccer,2026,1114,Left Back,Austria,28,28/09/98,0.16,0.16,0.08,0.15,0.57,29,57,0,,0.12,0.16,0.07,0.97,0.16,0.06,0.81,0,0.01,0.16,0.32,0.16,1.54,0.17,1.05,0.73,0.32,69,0.48,0,0.81,1.37,1.37,1.14,2.51,2.06,12.53,6.71,0.04,4.69,29.34,7.03,2.42,1.13,2.51,56,0.81,1.95,1.37,17,0.89,71,0.97,0,10.02,7.71,3.39,1.21,0.32,35.98,3.39,34,1.05,87,0.32,0.08,0,41.54,76,3.39,83,51,3.39,5.82,12,64,-12,49.27,4.53,0.49,0.52,34.59,95,3.81,9.86,1.45,0.97,0.48,0,0.89,1.86,0.24,28,0.65,26,0.16,29,60,11,30,55,15,21.49,19.27,0.91,100,-2.21,19.62,19.19,0,0,0,0,0,,0,0,,0,0,0,0,0,0,25,11,4.39,31,0.13,0.05,0.03,0.02,,0.22
David Vazquez,San Diego FC,Major League Soccer,2026,922,Left Centre Midfielder,USA,20,21/02/06,0.29,0.29,0.18,0.12,1.56,19,25,2,,0.3,0,0.06,0.59,0,0.04,0.39,0,0.02,0.2,0.29,0.24,2.15,0.05,1.56,0.98,0.59,63,0.88,0.1,2.25,2.25,0.39,0.54,0.29,0.37,29.88,15.33,0.02,8.79,53.47,6.74,3.91,2.83,3.22,83,3.71,4.25,2.64,57,0.59,29,0.39,0.2,24.41,33.79,7.42,5.86,2.05,54.43,14.35,59,4.69,80,0.39,0,0,37.01,80,1.37,73,52,0.88,2.05,21,73,-7,61.09,2.64,0.56,0.61,35.64,89,4.47,14.65,1.27,1.07,0.2,0.68,6.15,7.23,0.1,8,0.29,23,1.46,14,64,22,12,61,27,15.39,13.99,0.97,97,-1.4,14.87,13.62,0,0,0,0,0,,0,0,,0,0,0,0,0,0,24,10,4.73,32,0.06,0.13,0.04,0.06,,0.29
Dawid Bugaj,CF Montreal,Major League Soccer,2026,1599,Right Back,Poland,22,08/07/04,0,0,0.02,0.03,0.68,0,25,0,,0.04,0,0.03,0.39,0,0.03,0.39,0,0,0,0,0.05,1.07,-0.05,1.13,1.01,0.11,90,0.79,0,0.84,0.68,0.73,0.64,2.36,2.37,13.73,7.15,0.05,4.28,35.79,7.6,3.04,1.97,2.7,85,1.78,2.42,1.13,55,0.34,71,0.96,0,10.64,9.23,3.1,2.42,0.9,40.5,3.83,36,1.74,72,0.11,0,0,31.97,78,2.65,13,53,2.87,4.45,10,65,-13,50.9,3.43,0.21,0.24,26.62,95,4.33,7.82,0.62,0.62,0,0.28,1.29,1.91,0,27,0.28,23,0.17,32,55,14,29,52,19,19.7,16.45,0.92,102,-3.26,18.05,16.72,0,0,0,0,0,,0,0,,0,0,0,0,0,0,28,13,4.02,29,0.11,0.05,0.07,-0.02,,0.21
Dayne St. Clair,Inter Miami,Major League Soccer,2026,1841,Goalkeeper,Canada,29,08/05/97,0,0,0,,0,,,0,,0,0,0,0.05,0,0,0.05,0,0,0,0,0,0.05,0,0,0,0,,0.05,0,0,0,0,0,0,0,0.2,0.2,0,6.65,3.11,4.06,0,0.05,0.05,20,0.06,0.06,0.05,33,0.2,,0,0,0.1,0.09,0.05,0,0,28.86,0,0,0,,0.2,0,0,26.5,86,5.96,64,58,2.25,8.07,16,78,-8,10.63,0.59,0.2,0.2,22.29,100,5.11,0.44,0,0,0,0,0,0,0,,0,,0,28,72,0,89,11,0,32.69,37.07,0.85,84,4.38,27.77,31.21,1.47,1.45,-0.02,60,60,0,1.21,3.67,35,10.61,2.01,0.29,0.24,22.02,-1,14,5,1.56,10,0.07,0.06,-0.03,,-0.22,-0.12
DeAndre Yedlin,Real Salt Lake,Major League Soccer,2026,1186,Right Centre Back,USA,33,08/07/93,0,0,0.02,0.05,0.3,0,0,0,,0,0.08,0.04,0.46,0.08,0.04,0.38,0,0.01,0.08,0.08,0.06,0.76,0.01,0.3,0.23,0.08,75,0.46,0,0.3,0.38,0.46,0.36,2.58,2.18,13.88,8.5,0.07,5.23,34.98,7.66,3.26,1.74,2.2,68,1.6,1.96,2.05,55,0.83,29,0.46,0,10.17,9.39,3.41,1.44,0.46,43.41,4.86,48,1.21,84,0.46,0,0,41.96,86,2.88,4,57,2.88,4.78,7,86,0,45.2,3.95,0.4,0.43,34.06,98,3.16,8.5,0.61,0.46,0.15,0.08,0.68,1.14,0,25,0.23,21,0.08,24,66,10,24,61,15,20.53,19.77,0.93,103,-0.76,19.14,20.39,0,0,0,0,0,,0,0,,0,0,0,0,0,0,17,7,3.85,26,0.06,0.03,0.01,-0.02,,0.08
DeJuan Jones,San Jose Earthquakes,Major League Soccer,2026,378,Left Back,USA,29,23/06/97,0,0,0.04,0.17,0.24,0,0,0,,0,0,0.06,0.72,0,0.06,0.72,0,0,0,0,0.1,0.95,-0.1,1.19,0.24,0.95,20,0.95,0,0.24,1.91,2.15,2.17,3.1,2.64,17.16,7.39,0.03,6.44,35.89,10.49,2.38,3.1,5.24,81,3.15,5.32,1.19,71,0.72,43,0.72,0,12.87,12.17,4.53,2.86,0.95,41.31,5.48,43,2.15,75,0.48,0,0,42.67,81,3.34,43,67,3.81,4.29,8,79,-2,49.74,5.96,0.5,0.56,36.23,95,4.9,10.73,1.43,1.43,0,0,0.72,2.15,0,67,0.95,50,0,31,56,13,40,56,4,19.27,23.92,0.96,90,4.66,18.46,21.49,0,0,0,0,0,,0,0,,0,0,0,0,0,0,23,9,5.91,37,0.2,0.06,-0.04,-0.04,,0.18
Deandre Kerr,Toronto FC,Major League Soccer,2026,508,Right Wing,Canada,24,28/11/02,0,0,0.17,0.1,1.77,0,10,3,,0,0,0.04,0.53,0,0.04,0.53,0,0,0,0,0.21,2.3,-0.21,1.24,0.53,0.71,43,1.95,0,2.66,3.72,0.18,0.06,1.06,0.68,17.72,7.09,0,3.9,55.89,2.3,1.42,1.42,1.59,73,1.24,1.29,1.77,25,0.53,42,2.83,0,14.53,9.86,3.19,3.19,0.71,60,9.92,68,2.48,78,0,0,0,13.64,70,0.89,43,83,1.42,0.71,33,59,-10,63.29,0.71,0.15,0.32,15.77,73,5.3,4.25,0.89,0.89,0,0.18,4.25,5.14,0,80,0.89,56,0.18,16,57,27,17,54,29,17.14,13.76,1.09,111,-3.38,18.64,15.26,0,0,0,0,0,,0,0,,0,0,0,0,0,0,33,10,1.74,13,0.05,-0.03,0.06,-0.13,,-0.04
Dejan Joveljić,Sporting Kansas City,Major League Soccer,2026,1926,Centre Forward,Serbia,27,06/08/99,0.37,0.37,0.3,0.17,1.82,21,56,4,,0.4,0.09,0.1,0.84,0.09,0.1,0.79,0,0,0.05,0.47,0.4,2.66,0.07,0.47,0.19,0.28,40,1.03,0,0.98,1.5,0.19,0.14,0.47,0.3,16.96,8.36,0.01,3.46,62.02,2.94,2.1,0.56,0.75,60,0.38,0.53,1.35,20,0.37,24,0.51,0,15.05,11.12,2.99,3.08,0.79,64.69,11.35,75,2.71,88,0.05,0,0,15.33,76,0.7,14,65,0.61,0.93,21,67,-9,60.08,1.21,0.32,0.56,13.97,86,4.27,5.84,0.61,0.61,0,0.19,4.67,5.28,0.19,0,0.05,20,0.61,12,60,28,11,68,21,14.86,11.49,1,103,-3.37,14.85,11.83,0,0,0,0,0,,0,0,,0,0,0,0,0,0,24,9,2.63,26,-0.04,0.04,0.02,0.1,,0.12
Denis Bouanga,LAFC,Major League Soccer,2026,2109,Left Wing,Gabon,32,10/11/94,0.51,0.47,0.33,0.11,3.07,15,44,4,100,0.41,0.21,0.24,1.96,0.21,0.18,1.37,0,0.05,0.6,0.68,0.57,5.04,0.12,3.29,1.45,1.84,44,0.98,0.04,2.22,4.14,0.21,0.22,0.51,0.52,17.2,7.98,0,3.29,54.26,5.42,3.33,1.02,1.24,62,0.81,1.03,1.75,35,0.64,23,0.3,0,14.43,11.3,2.52,3.24,0.81,56.63,8.45,59,2.65,82,0.26,0,0,28.42,73,2.26,11,54,0.98,3.71,19,71,-2,67.71,2.56,0.42,0.7,33.2,83,6.37,13.19,1.88,1.28,0.6,0.68,7.3,8.58,0.09,11,0.6,25,0.98,9,69,22,9,63,28,18.5,16.44,0.95,104,-2.07,17.6,17.15,0,0,0,0,0,,0,0,,0,0,0,0,0,0,26,10,5.75,36,0.08,0.2,0.01,0.08,,0.37
Derrick Etienne Jr,Toronto FC,Major League Soccer,2026,1068,Left Wing,Haiti,30,24/11/96,0.34,0.34,0.13,0.1,1.35,25,69,3,,0.27,0.08,0.06,1.01,0.08,0.06,1.01,0,0,0,0.42,0.19,2.36,0.23,2.02,0.59,1.43,29,1.18,0,1.26,2.78,0.59,0.55,0.42,0.38,17.11,8.68,0.01,3.71,54.35,5.56,3.37,1.18,1.77,78,1.05,1.61,0.76,33,0.34,23,0.42,0,15.26,11.38,3.29,2.53,0.67,56.86,9.86,65,1.85,73,0,0,0,21.41,68,0.51,14,22,0.67,2.02,13,64,-4,57.94,2.36,0.31,0.39,24.11,85,5.66,7.16,0.76,0.67,0.08,0.17,3.96,4.64,0,22,0.34,13,0.59,19,61,21,22,56,21,18.75,15.07,0.89,94,-3.68,16.71,14.22,0,0,0,0,0,,0,0,,0,0,0,0,0,0,25,9,3.06,27,-0.02,0.06,0.02,0.02,,0.09
Devin Padelford,Minnesota United,Major League Soccer,2026,704,Left Centre Back,USA,23,02/01/03,0.13,0.13,0.14,0.23,0.64,20,40,1,,0.19,0.13,0.09,0.26,0.13,0.09,0.26,0,0,0,0.26,0.23,0.9,0.03,0.9,0.26,0.64,29,0.9,0,1.15,1.15,0.9,0.82,2.43,1.83,12.66,6.4,0,4.73,31.26,11,3.84,1.02,1.92,80,0.95,1.77,0.9,80,0.26,76,3.33,0,10.87,11.04,3.45,1.53,0.64,36.52,3.2,29,0.77,50,0,0,0,32.87,76,1.02,82,35,2.43,2.94,12,65,-11,46.24,1.79,0.36,0.47,26.73,92,4.85,4.99,1.02,0.51,0.51,0.13,1.66,2.17,0,50,0.64,26,0.26,27,61,12,18,46,36,18.92,13.97,0.88,101,-4.95,16.57,14.09,0,0,0,0,0,,0,0,,0,0,0,0,0,0,26,8,4.86,29,0.19,0.07,-0.02,0,,0.23
Diadié Samassékou,Houston Dynamo,Major League Soccer,2026,893,Left Defensive Midfielder,Mali,30,10/01/96,0,0,0.01,0.04,0.2,0,50,0,,0.05,0,0.02,0.4,0,0.02,0.4,0,0,0,0,0.03,0.61,-0.03,0.2,0.2,0,100,1.51,0,0.61,0.3,1.01,0.79,1.61,1.21,12.91,7.46,0.07,4.34,34.24,6.76,3.53,1.41,2.42,67,1.11,1.89,0.81,22,0.71,60,0.61,0,10.69,7.25,3.03,1.71,0.5,36.63,2.72,25,0.71,41,0,0,0,32.17,95,0.61,13,86,1.71,0.61,18,93,-2,48.17,2.62,0.41,0.43,26.72,97,3.57,7.76,0.3,0.3,0,0.1,0.61,0.91,0,0,0,,0.3,16,72,12,14,78,8,15.28,15.43,1,99,0.15,15.25,15.32,0,0,0,0,0,,0,0,,0,0,0,0,0,0,10,7,3.28,23,0.03,0.04,0.04,0,,0.11
Diego Chará,Portland Timbers,Major League Soccer,2026,1061,Right Defensive Midfielder,Colombia,40,04/04/86,0,0,0,0.03,0.08,0,0,0,,0,0,0.06,0.68,0,0.06,0.68,0,0,0,0,0.06,0.76,-0.06,0.17,0,0.17,0,1.36,0,0.59,0.42,0.85,0.8,1.36,1.47,20.19,11.62,0.05,7.47,34.32,10.44,5.26,2.29,3.14,77,2.19,2.99,1.1,20,0.68,19,0.25,0,16.97,16.7,5.77,3.82,1.53,36.76,3.99,24,1.87,49,0.34,0,0,48.45,91,2.63,15,66,1.61,3.73,12,86,-5,48.32,5.35,0.76,0.79,35.38,98,3.65,11.12,0.34,0.34,0,0.17,0.25,0.59,0,25,0.17,67,0.08,16,74,10,23,73,5,18.64,16.37,0.96,94,-2.27,17.87,15.44,0,0,0,0,0,,0,0,,0,0,0,0,0,0,14,9,6.02,38,0.06,0.05,0.09,0,,0.19
Diego Luna,Real Salt Lake,Major League Soccer,2026,1263,Left Attacking Midfielder,USA,23,06/09/03,0.36,0.36,0.21,0.09,2.28,16,34,2,,0.36,0.21,0.31,3.06,0.14,0.27,2.56,0.07,0.04,0.5,0.57,0.53,5.34,0.04,1.71,1,0.71,58,1.07,0,1.28,1.85,0.71,0.87,0.07,0.13,15.6,8.83,0.01,2.92,63.29,5.77,2.42,0.57,1.28,67,0.55,1.42,1.07,0,0.28,10,0.07,0,13.96,14.95,2.85,2.85,0.57,64.28,10.97,79,2.07,73,0.28,0,0,48.31,79,3.63,19,55,0.57,6.06,12,84,5,60.44,6.55,0.75,1.02,42.82,94,5.23,20.23,3.06,2.14,0.93,0.71,3.78,5.91,0.43,12,0.5,33,0.85,16,67,16,22,64,13,18.35,15.44,0.92,100,-2.91,16.87,15.47,0,0,0,0,0,,0,0,,0,0,0,0,0,0,22,7,9.73,61,0.12,0.13,0.02,0.09,,0.35
Diego Rossi,Columbus Crew,Major League Soccer,2026,1392,Right Centre Forward,Uruguay,28,04/03/98,0.39,0.32,0.23,0.09,2.46,13,32,3,100,0.23,0.06,0.07,0.9,0.06,0.07,0.9,0,0,0,0.39,0.3,3.36,0.09,2.07,0.97,1.1,47,1.68,0,2.91,3.3,0.26,0.35,0.45,0.6,16.68,7.95,0.01,4.78,62.01,5.3,3.3,0.45,0.71,54,0.59,0.94,0.26,25,0.39,18,0.19,0.06,15.97,20.97,4.14,3.04,1.23,64.05,12.28,77,2.13,70,0,0,0,35.87,83,1.42,4,63,0.71,2,22,79,-4,61.2,4.07,0.58,0.71,40.14,87,4.55,15.45,2.2,2.2,0,0.26,5.04,7.24,0,29,0.65,48,0.58,16,70,14,21,70,9,15.22,12.75,0.98,104,-2.47,14.96,13.24,0,0,0,0,0,,0,0,,0,0,0,0,0,0,21,10,5.46,42,0.05,0.04,0.01,-0.01,,0.1
Dje D'avilla,Chicago Fire,Major League Soccer,2026,1598,Left Defensive Midfielder,Côte d'Ivoire,23,04/05/03,0.06,0.06,0.04,0.06,0.62,9,55,0,,0.08,0,0.03,0.45,0,0.03,0.45,0,0,0,0.06,0.07,1.07,-0.01,0.9,0.62,0.28,69,1.13,0,0.79,0.79,1.35,1.51,1.24,1.18,17.57,9.01,0.02,6.19,37.22,10.42,4.62,2.03,3.38,88,1.89,3.4,1.41,56,0.28,52,0.73,0.06,14.13,14.62,5.12,3.15,1.69,39.41,4.22,30,1.3,41,0.34,0,0,53.94,88,2.59,14,67,1.63,3.49,16,86,-2,48.39,5.57,0.63,0.66,46.68,97,4.86,11.09,0.68,0.68,0,0.11,0.68,1.35,0.11,8,0.06,33,0.17,17,70,12,22,69,9,18.3,16.13,0.97,100,-2.16,17.79,16.08,0,0,0,0,0,,0,0,,0,0,0,0,0,0,14,7,6.6,39,0.02,0.09,-0.04,0.01,,0.08
Djibril Diani,Charlotte,Major League Soccer,2026,1097,Left Defensive Midfielder,France,28,10/02/98,0,0,0.1,0.13,0.74,0,22,0,,0.1,0.08,0.08,0.49,0.08,0.08,0.49,0,0,0,0.08,0.17,1.23,-0.09,0.82,0.57,0.25,70,0.74,0,0.66,0.49,1.31,0.93,1.23,0.93,23.29,13.04,0.01,5.9,39.87,5.58,2.3,2.13,3.44,79,1.73,2.67,1.89,63,0.57,64,1.31,0,19.27,15.64,4.84,3.03,0.82,41.49,5.49,29,1.8,59,0.41,0,0,37.48,90,3.2,82,85,1.72,3.28,19,88,-3,50.71,4.26,0.45,0.55,31,97,5.51,10.66,0.66,0.66,0,0.08,2.38,3.03,0.08,0,0.08,25,0.49,13,75,11,10,82,8,19.7,19.75,1.01,100,0.06,19.86,19.76,0,0,0,0,0,,0,0,,0,0,0,0,0,0,11,7,4.31,32,0.02,0.06,0.01,0.01,,0.1
Djordje Mihailovic,Toronto FC,Major League Soccer,2026,938,Centre Attacking Midfielder,USA,28,09/11/98,0.19,0.19,0.19,0.11,1.73,11,50,2,,0.26,0.48,0.19,2.21,0.38,0.08,0.96,0.1,0.12,1.25,0.67,0.39,3.93,0.28,0.67,0.48,0.19,71,0.86,0,0.96,0.86,0.48,0.24,0.48,0.28,19.28,8.92,0.01,3.65,60.23,4.03,2.4,0.96,1.44,56,0.6,0.84,0.86,11,0.77,18,0.19,0,17.46,10.9,3.45,2.78,0.96,62.09,11.99,69,2.3,83,0.1,0,0.1,23.98,71,4.32,11,60,0.48,7.2,13,70,0,62.67,4.13,0.28,0.39,22.07,93,4.65,9.79,3.17,1.25,1.92,0.48,2.88,4.13,0.19,9,0.48,28,0.77,17,70,14,24,66,11,22.11,13.84,0.95,115,-8.27,21.06,15.97,0,0,0,0,0,,0,0,,0,0,0,0,0,0,21,4,6.08,55,0.12,0.08,0.01,0.07,,0.29
Dominik Marczuk,Real Salt Lake,Major League Soccer,2026,391,Right Wing Back,Poland,23,31/10/03,0.23,0.23,0.11,0.07,1.61,14,71,2,,0.26,0,0.01,0.23,0,0.01,0.23,0,0,0,0.23,0.11,1.84,0.12,2.3,0.92,1.38,40,2.3,0,1.15,2.76,0.46,0.42,0.69,0.36,19.09,8.28,0.02,4.83,43.64,7.13,3.68,2.07,2.53,69,1.74,2.16,1.38,64,0.92,100,0.46,0,15.87,15.35,3.22,3.68,1.15,47.12,6.9,43,2.53,69,0.23,0,0,30.36,71,0.92,14,40,0.92,2.07,17,52,-19,55.24,2.3,0.44,0.47,29.44,91,4.88,7.82,0.46,0.46,0,0,2.76,3.22,0,50,0.23,17,0,23,53,24,24,56,21,17.01,13.98,0.98,127,-3.03,16.73,17.8,0,0,0,0,0,,0,0,,0,0,0,0,0,0,33,13,2.74,22,-0.03,0.09,0,0.16,,0.22
Dor Turgeman,New England Revolution,Major League Soccer,2026,2021,Centre Forward,Israel,23,23/10/03,0.27,0.27,0.33,0.13,2.45,11,40,7,,0.31,0.13,0.07,0.8,0.13,0.07,0.8,0,0,0,0.4,0.4,3.25,0.01,0.98,0.58,0.4,59,1.87,0.09,1.91,2,0.18,0.14,0.62,0.61,15.81,8.77,0,3.79,64.74,2.81,2.14,0.13,0.31,60,0.14,0.28,0.4,50,0.09,41,1.02,0,15.27,15.08,3.65,1.65,0.4,67.56,11.89,78,1.56,95,0.04,0,0,11.31,82,0.31,14,58,0.8,0.36,21,73,-8,64.07,0.94,0.41,0.62,14.65,78,5.86,5.48,0.49,0.49,0,0.58,6.23,6.72,0.04,0,0.09,67,1.2,10,63,27,9,67,24,13.96,13.81,0.97,103,-0.16,13.56,14.28,0,0,0,0,0,,0,0,,0,0,0,0,0,0,23,9,2.81,19,-0.05,0.07,0.03,-0.04,,0.01
Drake Callender,Minnesota United,Major League Soccer,2026,2246,Goalkeeper,USA,29,06/10/97,0,0,0,,0,,,0,,0,0,0.01,0.08,0,0.01,0.04,0,0,0.04,0,0.01,0.08,-0.01,0,0,0,,0.04,0,0,0,0,0,0,0,0,0,0,5.81,2.07,2.85,0,0,0,,0,0,0,,0,,0,0.08,0,0,0,0,0,,0,,0,,0.04,0,0,16.39,63,6.37,24,43,2.76,12.22,15,46,-17,12.19,1.08,0.16,0.18,13.1,100,4.41,0.68,0.08,0,0.08,0,0,0,0,0,0,,0,57,43,0,82,18,0,43.38,46.93,0.78,87,3.55,33.69,40.69,1.08,1.25,0.17,69,64,5,1.03,3.49,34,10.18,1.54,0.28,0.28,20.35,-1,34,3,1.18,8,0.08,0.04,-0.04,,0.1,0.18
Duane Holmes,Houston Dynamo,Major League Soccer,2026,654,Right Wing Back,USA,32,05/11/94,0,0,0.04,0.08,0.55,0,25,1,,0.01,0,0.09,0.69,0,0.09,0.69,0,0,0,0,0.13,1.24,-0.13,1.79,0.69,1.1,38,1.38,0,1.51,1.38,0.69,0.67,2.34,1.57,17.33,8.11,0,4.81,39.38,6.46,2.48,3.16,3.85,70,2.42,3.09,0.83,38,1.38,55,0.83,0.14,13.34,10.45,3.3,2.2,0.55,43.4,5.36,40,1.65,75,0.28,0,0,29.7,73,2.06,7,47,2.75,3.99,13,61,-12,54.81,2.75,0.27,0.35,27.5,90,5.96,8.25,1.65,1.1,0.55,0.14,2.06,3.16,0,67,1.1,28,0.55,19,68,13,25,53,22,18.67,14.51,0.92,86,-4.16,17.12,12.53,0,0,0,0,0,,0,0,,0,0,0,0,0,0,29,9,5.01,32,0.15,0.08,-0.26,-0.01,,-0.04
Duncan McGuire,Orlando City,Major League Soccer,2026,553,Centre Forward,USA,25,04/02/01,0.33,0.33,0.31,0.19,1.63,20,70,4,,0.59,0,0.07,0.81,0,0.07,0.81,0,0,0,0.33,0.38,2.44,-0.06,0.16,0,0.16,0,1.14,0,0.49,2.12,0.33,0.24,0.65,0.32,15.47,6.84,0.01,2.93,61.36,2.93,1.79,0.33,0.65,33,0.13,0.37,1.14,20,0.65,20,0.81,0,14,9.54,2.6,2.6,0.65,65.6,10.91,78,1.95,75,0.16,0,0,18.07,69,1.14,20,88,0.98,0.98,21,65,-3,54.98,1.3,0.54,0.73,14.49,90,4.02,4.23,0.16,0.16,0,0.49,4.4,4.56,0.16,0,0.16,50,0.81,15,60,25,23,54,23,16.81,17.32,1.02,96,0.51,17.23,16.71,0,0,0,0,0,,0,0,,0,0,0,0,0,0,29,6,2.08,13,-0.07,0.02,0.05,0.29,,0.29
Duncan McGuire,Houston Dynamo,Major League Soccer,2026,392,Centre Forward,USA,25,04/02/01,0,0,0.04,0.16,0.23,0,100,1,,0.01,0,0.03,0.69,0,0.03,0.69,0,0,0,0,0.07,0.92,-0.07,0.69,0.46,0.23,67,0.69,0,0.69,2.99,0,0,1.15,1.2,10.34,4.6,0.07,2.53,44.1,2.99,1.38,0.23,0.23,100,0.36,0.36,0.92,,0,38,0.69,0,9.19,11.41,1.84,1.61,0,49.64,4.37,48,0.92,57,0,0,0,13.79,75,0.69,17,60,1.15,1.15,12,75,0,55.38,0.69,0.13,0.16,13.33,81,5.13,3.68,0,0,0,0.23,1.15,1.15,0,,0,,0.23,14,54,32,19,31,50,14.38,8.44,0.92,111,-5.94,13.3,9.41,0,0,0,0,0,,0,0,,0,0,0,0,0,0,25,8,2.21,16,0,0,0.01,0.01,,0.02
Duran Ferree,San Diego FC,Major League Soccer,2026,1213,Goalkeeper,USA,20,27/09/06,0,0,0,0.03,0.07,0,0,0,,0,0,0,0,0,0,0,0,0,0,0,0,0.07,0,0,0,0,,0.3,0,0,0.07,0,0,0,0,0.15,0.07,0,6.83,3.15,3.04,0.07,0,0,0,0,0,0,0,0.15,,0,0.07,0.15,0.25,0.07,0,0,18.49,0,0,0,,0,0,0,34.89,92,3.49,19,54,1.04,5.42,16,91,-1,12.32,0.52,0.37,0.37,32.14,100,3.95,0.45,0.07,0.07,0,0,0.15,0.22,0.07,0,0,,0,24,76,0,100,0,0,23.49,25.15,0.88,91,1.65,20.7,22.83,1.34,1.76,0.42,63,52,12,1.55,3.64,32,11.43,2.26,0.07,0.07,24.67,2,11,5,1.74,12,0.02,0.08,,0,0.39,0.49
Dylan Chambost,Columbus Crew,Major League Soccer,2026,1248,Right Defensive Midfielder,France,29,18/08/97,0,0,0.03,0.03,1.01,0,14,1,,0.02,0.14,0.17,1.66,0.07,0.13,1.3,0.07,0.04,0.36,0.14,0.2,2.67,-0.06,0.36,0.29,0.07,80,0.36,0,0.36,0.29,0.79,0.97,0.94,1.19,15,9.23,0.02,4.11,44.92,8.44,4.54,1.51,2.31,78,1.99,2.95,1.01,33,0.43,50,0.43,0,12.48,16.45,3.39,2.81,0.94,49.1,6.13,49,1.51,54,0.14,0,0,71.69,88,6.49,80,69,1.59,8.73,14,88,0,52.38,9.81,0.57,0.61,56.98,99,3.34,22.72,2.52,1.8,0.72,0.14,0.87,2.67,0.14,9,0.22,21,0.14,19,72,9,25,70,5,20.17,17.8,0.96,101,-2.36,19.31,17.97,0,0,0,0,0,,0,0,,0,0,0,0,0,0,15,7,7.62,54,0.19,0.08,0.01,-0.03,,0.25
Dylan Nealis,New York Red Bulls,Major League Soccer,2026,1756,Right Back,USA,28,29/07/98,0,0,0.01,0.04,0.31,0,17,0,,0,0,0.02,0.41,0,0.02,0.41,0,0,0,0,0.03,0.72,-0.03,0.56,0.46,0.1,82,1.54,0,0.61,0.26,0.87,1.08,2.82,3.04,13.79,7.48,0.06,6.87,31.71,12.4,2.66,1.79,2.66,57,2.01,3.09,1.18,36,1.33,69,2.1,0.05,10.92,12.18,4.51,2.46,0.92,38.23,3.69,34,1.49,60,0.15,0,0,56.32,84,3.23,10,55,3.59,5.12,12,67,-17,44.15,6.15,0.69,0.71,44.48,98,5.45,9.22,0.72,0.56,0.15,0.1,1.28,1.84,0,21,0.15,33,0.1,26,69,5,27,67,7,20.12,18.92,0.95,93,-1.2,19.12,17.65,0,0,0,0,0,,0,0,,0,0,0,0,0,0,18,9,5,36,0.06,0.07,0.01,-0.02,,0.12
Dániel Gazdag,Columbus Crew,Major League Soccer,2026,905,Left Centre Forward,Hungary,30,01/03/96,0.3,0.1,0.13,0.1,1.29,8,23,1,100,0.15,0,0.07,0.8,0,0.07,0.8,0,0,0,0.1,0.2,2.09,-0.1,0.5,0.1,0.4,20,1.89,0,1.39,1.39,0.3,0.42,0.1,0.11,15.51,8.05,0.01,3.48,60.78,4.37,2.59,0.99,1.29,59,1.53,1.95,0.5,0,0.7,10,0.1,0.1,14.02,19.32,2.68,2.19,0.4,62.56,10.14,72,1.79,82,0,0,0,39.47,88,0.99,13,77,0.3,1.09,15,85,-3,61.58,3.78,0.45,0.58,34.7,93,3.94,17.1,0.99,0.89,0.1,0.8,5.07,5.97,0.2,10,0.5,71,1.29,11,65,25,13,66,21,12.96,11.86,0.99,108,-1.1,12.77,12.8,0,0,0,0,0,,0,0,,0,0,0,0,0,0,14,8,5.32,40,-0.04,-0.02,0.01,0.04,,-0.01
Dániel Pintér,Inter Miami,Major League Soccer,2026,479,Right Midfielder,USA,19,05/06/07,0.19,0.19,0.29,0.22,1.32,14,57,3,,0.35,0,0.06,0.56,0,0.06,0.56,0,0,0,0.19,0.35,1.88,-0.16,0.56,0.56,0,100,0.94,0,0.75,1.13,0.56,0.68,0.75,0.76,14.11,8.65,0.02,4.33,52.37,4.33,2.44,1.69,2.26,75,2.03,2.71,1.5,63,0.56,35,1.32,0,10.91,12.17,3.57,2.82,0.94,53.56,6.58,60,2.26,80,0.19,0,0,26.33,77,0.75,18,80,0.94,0.75,15,43,-34,60.71,1.88,0.61,0.66,22.57,93,4.23,8.27,0.75,0.75,0,0.56,5.45,6.21,0.19,0,0.19,17,0.56,13,64,23,14,61,25,15.36,16.4,1.05,99,1.04,16.15,16.31,0,0,0,0,0,,0,0,,0,0,0,0,0,0,24,7,3.91,30,-0.02,0.09,0.02,0.13,,0.21
Dániel Sallói,Toronto FC,Major League Soccer,2026,2170,Left Wing,Hungary,30,18/07/96,0.25,0.25,0.22,0.12,1.82,14,45,4,,0.31,0.21,0.08,0.87,0.21,0.08,0.87,0,0,0,0.46,0.3,2.7,0.15,1.04,0.33,0.7,32,1.04,0,1.29,1.99,0.37,0.32,0.54,0.38,13.02,6.26,0,3.15,51.84,4.98,2.94,0.37,0.75,75,0.26,0.58,0.62,60,0.12,28,0.41,0,12.02,9.33,2.78,2.11,0.54,53.88,7.17,60,1.62,76,0.08,0,0,23.1,71,1.24,8,64,0.66,1.82,16,65,-6,61.27,3.36,0.4,0.58,21.85,87,5.52,9.16,1,1,0,0.12,3.28,4.27,0.08,33,0.41,33,0.33,21,63,16,21,62,17,17.29,15.05,0.98,96,-2.23,16.87,14.49,0,0,0,0,0,,0,0,,0,0,0,0,0,0,23,9,3.55,28,0.03,0.06,0,0.1,,0.2
Eddie Segura,LAFC,Major League Soccer,2026,1934,Left Back,Colombia,29,01/02/97,0,0,0.02,0.05,0.51,0,18,0,,0.03,0,0.02,0.47,0,0.02,0.47,0,0,0,0,0.05,0.98,-0.05,0.19,0.09,0.09,50,0.42,0,0.33,0.84,0.98,0.84,2.47,1.86,18.7,11.17,0.06,6.93,33.83,9.07,3.91,1.63,2.61,76,1.38,2.22,1.16,45,0.51,57,1.26,0,15.96,12.45,5.58,2.33,1.02,38.41,4.93,31,1.58,68,0.23,0,0,52.11,90,2.09,48,68,2.93,2.61,11,80,-10,48,4.7,0.31,0.32,43.6,98,3.03,10.65,0.23,0.23,0,0.09,0.88,1.12,0.09,20,0.09,33,0.28,18,74,7,16,74,10,17.56,17.1,0.98,107,-0.46,17.2,18.28,0,0,0,0,0,,0,0,,0,0,0,0,0,0,14,8,4.66,31,0.04,0.04,0.08,-0.02,,0.14
Eduard Atuesta,Orlando City,Major League Soccer,2026,1175,Left Defensive Midfielder,Colombia,29,17/06/97,0,0,0.04,0.08,0.46,0,50,0,,0.06,0.23,0.07,0.92,0.15,0.05,0.77,0.08,0.01,0.15,0.23,0.1,1.38,0.13,1.15,0.77,0.38,67,1.69,0,1.53,1.15,0.77,0.63,1.15,1.17,19.38,10.88,0.02,6.21,42.83,8.5,3.52,2.15,2.91,64,2,2.63,1.38,38,1.23,21,0.23,0,15.86,15.29,4.21,3.06,0.69,45,6.36,40,1.92,63,0.46,0,0,51.18,84,2.6,18,41,1.92,5.52,15,83,0,49.38,5.13,0.59,0.65,45.66,95,4.36,12.26,1.46,1,0.46,0.08,0.69,1.69,0.08,5,0.08,8,0.15,21,69,10,25,69,6,18.82,18.07,0.88,87,-0.75,16.6,15.75,0,0,0,0,0,,0,0,,0,0,0,0,0,0,18,10,5.94,44,0.07,0.1,0.05,-0.03,,0.2
Eduard Löwen,St. Louis City,Major League Soccer,2026,700,Right Defensive Midfielder,Germany,29,27/01/97,0.39,0.26,0.16,0.07,2.44,11,21,2,100,0.16,0.26,0.22,1.67,0.13,0.15,1.03,0.13,0.07,0.64,0.51,0.38,4.12,0.13,1.03,0.77,0.26,75,1.29,0,1.29,1.41,0.39,0.32,0.9,0.7,16.2,8.62,0,4.76,49.71,5.14,3.34,1.41,1.8,73,1.26,1.58,1.29,43,0.51,67,0.77,0,13.5,12.66,3.47,3.22,1.54,52.23,7.07,52,2.57,80,0.13,0,0,46.3,81,4.63,22,61,1.93,6.56,20,77,-4,57.34,5.4,0.62,0.69,37.17,94,4.03,17.62,3.47,2.31,1.16,0.13,2.83,5.14,0.13,0,0.13,9,0.51,20,60,20,20,64,17,20.51,18.02,0.95,110,-2.49,19.57,19.77,0,0,0,0,0,,0,0,,0,0,0,0,0,0,19,7,6.73,46,0.19,0.05,-0.02,-0.17,,0.05
Edvard Tagseth,Nashville SC,Major League Soccer,2026,1428,Left Defensive Midfielder,Norway,25,22/01/01,0.06,0.06,0.01,0.04,0.19,33,33,0,,0.03,0,0.07,0.88,0,0.07,0.82,0,0.01,0.06,0.06,0.08,1.07,-0.02,0.25,0.19,0.06,75,0.76,0,0.76,0.57,1.26,1.23,0.88,0.96,17.4,9.33,0.06,5.48,41.53,10.4,5.11,1.58,2.84,71,1.79,3.02,1.39,44,0.63,38,0.5,0,14.43,16,4.16,3.53,1.32,43.02,5.67,39,1.76,50,0.13,0,0,55.16,89,2.27,87,71,1.26,2.84,14,85,-4,49.23,6.3,0.42,0.5,45.83,98,4.84,13.49,0.88,0.76,0.13,0.25,1.13,1.89,0,0,0.13,20,0.32,15,75,10,23,71,6,17.28,16.41,1,99,-0.87,17.25,16.24,0,0,0,0,0,,0,0,,0,0,0,0,0,0,14,7,4.58,34,0.1,0.09,0.05,0.01,,0.25
Edwin Cerrillo,LA Galaxy,Major League Soccer,2026,1409,Left Defensive Midfielder,USA,26,02/10/00,0,0,0.02,0.04,0.51,0,50,0,,0.01,0,0.02,0.51,0,0.02,0.51,0,0,0,0,0.04,1.02,-0.04,0.77,0.45,0.32,58,1.09,0,0.45,0.7,0.45,0.42,1.66,1.49,14.31,8.5,0.02,4.92,35.92,8.24,3.51,2.11,2.56,69,2.36,2.78,1.02,21,0.96,47,0.45,0,11.18,12.18,3.71,2.17,1.09,39.48,3,27,1.02,47,0.32,0,0,56.28,91,4.6,11,81,2.17,5.17,13,85,-7,48.75,7.35,0.73,0.75,47.72,98,4.15,14.63,1.21,1.21,0,0.06,0.38,1.6,0,5,0.06,50,0.13,18,75,7,25,71,3,19.28,15.83,0.99,99,-3.45,19,15.68,0,0,0,0,0,,0,0,,0,0,0,0,0,0,12,8,4.91,35,0.07,0.06,0.05,0,,0.18
Efraín Morales,CF Montreal,Major League Soccer,2026,1226,Right Centre Back,Bolivia,22,03/03/04,0,0,0.06,0.09,0.66,0,33,0,,0.05,0.15,0.04,0.51,0.15,0.04,0.51,0,0,0,0.15,0.1,1.17,0.05,0.22,0.07,0.15,33,0.73,0,0,0.37,0.73,0.71,4.11,3.53,13.58,7.78,0.11,7.27,25.83,9.32,2.06,1.91,2.64,84,1.59,2.3,1.1,71,0.37,69,2.13,0.15,10.57,9.61,4.84,1.84,0.95,30.56,1.98,19,0.73,40,0,0,0,45.95,87,3.52,18,63,4.48,5.21,9,69,-18,34.43,1.84,0.37,0.38,35.97,99,4.35,2.35,0,0,0,0.07,1.91,1.91,0,,0,0,0.15,23,75,2,34,63,3,22.3,18.58,0.95,95,-3.71,21.28,17.61,0,0,0,0,0,,0,0,,0,0,0,0,0,0,18,8,3.54,22,0.03,0.04,0.08,-0.03,,0.12
Elias Achouri,San Diego FC,Major League Soccer,2026,326,Left Wing,Tunisia,27,09/02/99,0.55,0.55,0.51,0.21,2.49,22,33,2,,0.51,0,0.11,1.11,0,0.11,1.11,0,0,0,0.55,0.62,3.59,-0.07,2.21,1.38,0.83,63,4.14,0,2.76,2.49,0,0,0,0,15.47,9.12,0,3.87,66.05,3.04,1.93,0.28,0.28,33,0.2,0.2,1.38,0,0.55,0,0,0,14.09,15.34,3.32,1.38,0.55,64.89,10.22,73,1.38,100,0,0,0,31.5,72,1.11,16,40,1.11,1.66,19,61,-11,67.52,3.59,0.42,0.75,37.85,87,7.56,14.09,1.38,1.38,0,0.55,6.08,7.46,0.28,20,0.55,22,1.11,3,82,15,2,78,20,15.25,18.34,0.91,89,3.09,13.82,16.26,0,0,0,0,0,,0,0,,0,0,0,0,0,0,26,3,5.25,39,0.02,0.1,0,0.18,,0.3
Elias Saad,Nashville SC,Major League Soccer,2026,405,Left Midfielder,Tunisia,27,26/12/99,0,0,0.16,0.09,1.78,0,25,2,,0.28,0.67,0.24,2,0.67,0.24,2,0,0,0,0.67,0.41,3.78,0.26,2.89,1.56,1.33,54,2.22,0,2.44,2.89,0.67,0.52,0.22,0.3,27.33,17.55,0.02,7.11,56.23,6.44,3.55,2.44,3.11,58,2.71,3.23,2.22,27,1.78,40,0.44,0,22.66,24.7,5.55,4,1.56,59.04,15.33,68,3.55,89,0.22,0,0,33.77,79,1.78,23,67,0.67,2.22,17,74,-5,65.65,5.55,0.49,0.68,37.99,88,6.84,18,1.56,1.56,0,1.33,6.89,8.44,0,14,0.89,57,1.33,15,67,18,17,63,20,17.73,16.7,0.98,100,-1.03,17.34,16.71,0,0,0,0,0,,0,0,,0,0,0,0,0,0,19,6,5.55,36,0.18,0.16,0.09,0.19,,0.62
Elijah Wynder,LA Galaxy,Major League Soccer,2026,1180,Right Defensive Midfielder,USA,23,09/03/03,0,0,0.1,0.14,0.69,0,11,1,,0,0,0.07,0.76,0,0.07,0.76,0,0,0,0,0.17,1.45,-0.17,0.61,0.23,0.38,38,0.99,0.08,1.3,1.3,0.53,0.49,0.99,1.1,18.61,10.53,0.01,4.42,44.22,6.1,3.51,1.68,2.21,79,1.65,2.14,1.07,64,0.46,39,1.14,0,15.87,16.22,3.81,2.9,0.76,45.68,6.71,42,1.75,61,0.15,0,0,41.65,86,1.91,10,83,1.14,2.14,18,74,-13,53.27,5.03,0.37,0.5,34.17,94,3.72,11.75,0.23,0.23,0,0.38,2.06,2.29,0,0,0,,0.46,19,67,14,19,69,11,16.78,15.05,1.03,105,-1.73,17.21,15.78,0,0,0,0,0,,0,0,,0,0,0,0,0,0,20,10,4.36,30,0,0.02,0.01,-0.06,,-0.03
Elías Báez,Atlanta United,Major League Soccer,2026,1948,Left Back,Argentina,22,17/10/04,0.05,0.05,0.06,0.06,1.06,4,26,1,,0.05,0.09,0.05,0.69,0.09,0.05,0.69,0,0,0,0.14,0.11,1.76,0.03,0.65,0.32,0.32,50,0.74,0,0.65,1.48,1.11,1.07,1.66,1.77,13.35,6.56,0.03,4.67,33.65,8.18,3.37,1.89,3,62,1.92,2.99,0.74,46,1.15,51,1.48,0,10.72,10.66,3.37,2.12,0.42,38.63,3.37,31,1.29,61,0.28,0,0,43.42,81,2.49,90,56,1.85,4.25,15,70,-11,51.34,4.48,0.52,0.6,37,95,3.95,10.85,0.69,0.69,0,0.28,2.59,3.28,0.05,33,0.42,31,0.37,22,63,16,17,64,19,18.12,15.08,0.94,108,-3.05,17.07,16.23,0,0,0,0,0,,0,0,,0,0,0,0,0,0,21,9,5.15,41,0.11,0.05,0.02,-0.03,,0.15
Emil Forsberg,New York Red Bulls,Major League Soccer,2026,1698,Left Centre Midfielder,Sweden,35,22/10/91,0.16,0.16,0.25,0.12,2.01,8,37,3,,0.24,0.21,0.19,1.64,0.21,0.17,1.38,0,0.02,0.27,0.37,0.44,3.66,-0.07,0.74,0.42,0.32,57,0.9,0,1.27,2.23,0.37,0.42,0.37,0.43,13.63,7.1,0.01,2.92,55.88,4.51,2.76,0.8,1.17,68,0.81,1.23,0.85,13,0.37,29,0.21,0.11,11.98,13.07,2.6,3.13,0.64,58.75,8.27,69,2.33,75,0,0,0,29.85,79,2.49,9,55,1.11,3.82,17,73,-6,61,4.72,0.57,0.82,28.73,91,4.95,12.41,2.86,1.96,0.9,0.32,3.82,5.78,0.27,9,0.32,30,0.53,14,73,13,18,71,11,19.49,18.15,0.95,106,-1.34,18.48,19.23,0,0,0,0,0,,0,0,,0,0,0,0,0,0,17,6,6.82,45,0.09,0.07,0.03,0.02,,0.21
Emilio Aristizábal,Toronto FC,Major League Soccer,2026,668,Centre Forward,Colombia,21,04/08/05,0.4,0.4,0.25,0.1,2.43,17,44,4,,0.41,0,0.09,0.81,0,0.09,0.81,0,0,0,0.4,0.35,3.23,0.06,1.62,0.81,0.81,50,0.67,0,1.75,2.43,0.4,0.44,1.21,0.9,18.32,9.03,0.02,4.45,56.39,3.91,2.56,0.54,0.94,80,0.28,0.72,0.94,0,0.13,37,2.56,0,16.84,11.78,3.5,3.91,1.35,60.66,12.26,73,3.1,79,0.13,0,0,19.13,75,0.54,8,67,1.48,0.54,31,65,-10,59.44,2.43,0.3,0.53,20.61,81,5.37,7.55,0.54,0.54,0,0.4,6.06,6.6,0.13,0,0,0,1.08,14,59,27,13,64,23,14.8,13.25,1.07,114,-1.55,15.8,15.07,0,0,0,0,0,,0,0,,0,0,0,0,0,0,15,4,3.13,23,-0.06,-0.1,-0.03,0.16,,-0.02
Emir Karic,Sporting Kansas City,Major League Soccer,2026,777,Left Back,Bosnia and Herzegovina,29,08/06/97,0,0,0.01,0.02,0.35,0,0,0,,0,0.12,0.1,0.7,0.12,0.1,0.7,0,0,0,0.12,0.11,1.04,0.01,0.7,0.7,0,100,0.23,0,0.12,0.12,0.7,0.52,1.74,1.31,12.75,7.88,0.04,4.17,31.08,6.03,2.43,2.09,2.78,82,1.49,2,0.58,71,0.46,33,0.46,0,10.08,7.2,2.9,1.04,0,34.86,2.55,25,0.46,44,0.23,0,0,50.17,82,4.75,89,62,2.67,6.72,8,59,-24,50.73,6.37,0.48,0.52,42.41,100,4.23,14.48,1.16,0.93,0.23,0.12,0.81,1.74,0.12,60,1.04,35,0.23,27,65,8,26,61,14,20.84,22.02,0.94,91,1.18,19.65,20.11,0,0,0,0,0,,0,0,,0,0,0,0,0,0,17,8,4.13,34,0.13,0.06,0.04,-0.01,,0.22
Emmanuel Lath,Atlanta United,Major League Soccer,2026,1012,Centre Forward,Côte d'Ivoire,27,31/12/98,0.18,0.18,0.3,0.14,2.13,8,21,7,,0.18,0.09,0.08,0.44,0.09,0.08,0.44,0,0,0,0.27,0.38,2.58,-0.11,0.62,0.18,0.44,29,0.8,0,1.33,1.6,0.09,0.11,0.8,0.89,17.96,7.82,0.03,4.27,67.31,3.38,2.22,0.89,0.98,100,0.89,1,0.8,,0,47,1.33,0,16.27,20.22,3.82,3.02,1.07,71.23,14.05,86,2.31,76,0.18,0,0,12.89,78,0.62,23,78,0.98,0.62,25,79,1,57.52,0.8,0.35,0.58,12.27,80,6.26,3.82,0.53,0.53,0,0.27,4.53,5.07,0.09,17,0.09,50,0.62,15,60,24,14,74,12,14.12,12.25,1.03,111,-1.86,14.57,13.58,0,0,0,0,0,,0,0,,0,0,0,0,0,0,21,6,3.34,26,0.02,0.05,-0.01,-0.14,,-0.08
Emmanuel Sabbi,Vancouver Whitecaps,Major League Soccer,2026,1027,Right Wing,USA,29,23/12/97,0.35,0.35,0.28,0.11,2.54,14,48,4,,0.44,0.18,0.12,1.05,0.18,0.12,1.05,0,0,0,0.53,0.41,3.59,0.12,2.72,1.4,1.31,52,1.75,0,2.54,4.38,0.18,0.19,0.26,0.4,20.95,10.17,0.01,5.52,59.1,5.26,3.07,1.31,1.49,71,1.74,1.93,2.45,29,0.53,40,0.35,0,17.18,20.59,4.65,3.33,0.79,60.05,12.01,70,2.72,82,0.26,0,0,21.74,74,0.88,52,59,0.53,1.23,22,63,-12,66.73,2.1,0.5,0.86,28.31,80,5.98,9.47,1.58,1.49,0.09,0.35,6.14,7.63,0,11,0.53,38,0.7,11,69,20,10,70,19,16.65,15.04,1,107,-1.61,16.71,16.02,0,0,0,0,0,,0,0,,0,0,0,0,0,0,24,7,3.91,20,0.02,0.14,0.01,-0.08,,0.09
Ender Echenique,Cincinnati,Major League Soccer,2026,1445,Right Wing Back,Venezuela,22,01/04/04,0.06,0.06,0.1,0.08,1.31,5,43,2,,0.1,0.25,0.19,1.68,0.25,0.19,1.68,0,0,0,0.31,0.3,2.99,0.02,3.12,1.62,1.5,52,0.75,0,1.56,2.8,0.56,0.64,0.62,0.59,13.08,5.98,0.01,3.3,43.87,6.79,4.05,1.12,1.68,62,1.28,1.92,0.93,47,0.69,35,0.44,0,11.03,11.6,2.55,1.81,0.44,46.23,4.8,44,1.25,69,0.06,0,0,30.22,76,1.18,8,59,0.75,1.87,18,72,-4,59.37,3.61,0.42,0.55,33.96,88,6.95,11.15,1.81,1.56,0.25,1,4.05,5.61,0.25,24,0.93,39,1.56,14,68,18,12,69,19,16.72,14.23,0.99,111,-2.5,16.57,15.76,0,0,0,0,0,,0,0,,0,0,0,0,0,0,30,13,4.41,32,0.14,0.13,0.05,-0.02,,0.3
Enea Mihaj,Atlanta United,Major League Soccer,2026,1446,Left Centre Back,Albania,28,04/07/98,0,0,0.02,0.07,0.37,0,67,0,,0.06,0,0,0,0,0,0,0,0,0,0,0.02,0.37,-0.02,0.31,0.19,0.12,60,0.31,0,0.12,0.25,1,1.14,3.98,4.05,10.77,5.17,0.03,5.11,25.49,8.4,2.12,1.49,2.49,77,1.62,2.76,1.12,42,0.44,53,1.74,0.06,8.16,8.93,3.49,1.12,0.37,31.56,1.81,22,0.44,39,0.25,0,0.06,60.2,89,5.85,17,66,4.86,7.97,9,80,-9,34.55,4.11,0.6,0.6,49.74,99,4.58,4.36,0.06,0.06,0,0.06,1,1.06,0,0,0,0,0.06,21,78,2,26,74,0,23.39,22.59,0.94,94,-0.8,22.04,21.14,0,0,0,0,0,,0,0,,0,0,0,0,0,0,15,7,3.7,27,0.04,0.05,0.1,0,,0.18
Eric Choupo-Moting,New York Red Bulls,Major League Soccer,2026,368,Centre Forward,Cameroon,37,22/03/89,0.73,0.49,0.21,0.11,1.96,25,63,3,100,0.44,0.24,0.09,0.73,0.24,0.09,0.73,0,0,0,0.73,0.3,2.69,0.44,1.22,0.24,0.98,20,0.98,0,2.69,4.16,0,0,0.73,0.85,12.24,3.67,0,3.43,62.7,3.18,2.2,0.24,0.24,100,0.26,0.26,1.47,,0,42,1.22,0,10.53,11.32,3.18,2.45,0.49,64.72,8.08,77,2.2,90,0,0,0,19.35,80,0.73,18,100,0.98,0.49,28,52,-28,64.44,1.71,0.18,0.41,21.55,76,5.35,9.55,0.73,0.73,0,0,5.88,6.61,0,33,0.24,33,0.98,13,69,18,13,77,10,13.17,11.47,1.09,119,-1.7,14.39,13.64,0,0,0,0,0,,0,0,,0,0,0,0,0,0,23,10,3.4,20,-0.08,-0.05,0.02,0.04,,-0.07
Eric Miller,Portland Timbers,Major League Soccer,2026,306,Right Back,USA,33,14/01/93,0,0,0.02,0.07,0.29,0,0,0,,0,0,0,0,0,0,0,0,0,0,0,0.02,0.29,-0.02,0,0,0,,0.59,0,0,0.59,0.59,0.56,4.12,2.5,6.77,4.12,0.02,4.71,22.19,6.77,2.35,0.29,0.88,50,0.28,0.84,0.29,0,0.29,33,0.59,0,6.18,4.26,2.06,0,0,24.89,0.59,10,0,,0,0,0,38.24,82,1.18,6,36,5,2.35,12,44,-38,46.81,5,0.25,0.25,29.41,100,3.11,8.82,0,0,0,0,1.47,1.47,0,,0,0,0.29,28,61,11,33,60,7,18.05,19.06,0.95,85,1.01,17.11,16.22,0,0,0,0,0,,0,0,,0,0,0,0,0,0,19,5,2.53,20,0.03,0.03,0.09,-0.05,,0.1
Erik Sviatchenko,Houston Dynamo,Major League Soccer,2026,708,Right Centre Back,Denmark,35,03/10/91,0.13,0.13,0.03,0.06,0.51,25,50,0,,0.04,0,0.02,0.38,0,0.02,0.38,0,0,0,0.13,0.05,0.89,0.08,0.38,0.13,0.25,33,0.25,0,0,0.51,0.76,0.62,4.32,3.89,9.66,4.58,0.05,3.81,31.11,7.12,2.67,1.27,2.03,77,0.93,1.55,1.53,78,0.38,78,2.67,0,6.87,5.68,1.91,1.27,0.25,41.33,2.54,37,0.64,50,0.38,0.13,0,35.85,80,2.29,30,42,5.34,4.45,13,55,-24,43.05,3.31,0.28,0.36,27.33,99,3.07,5.72,0.38,0.38,0,0,1.65,2.03,0,33,0.13,20,0,32,64,4,29,69,2,21.2,20.9,0.89,87,-0.29,18.82,18.11,0,0,0,0,0,,0,0,,0,0,0,0,0,0,20,6,3.42,24,0.01,0.03,0.07,0,,0.12
Erik Thommy,LA Galaxy,Major League Soccer,2026,647,Left Wing,Germany,32,19/08/94,0.14,0.14,0.2,0.07,2.92,5,33,3,,0.31,0,0.09,1.25,0,0.08,1.11,0,0.01,0.14,0.14,0.29,4.17,-0.15,1.11,0.7,0.42,63,2.23,0,0.83,0.97,0.83,0.88,0.7,0.86,18.36,9.88,0,5.57,47.59,5.43,2.64,0.97,1.81,70,0.98,1.86,0.97,25,0.42,22,0.28,0,16.42,17.44,4.73,2.23,0.83,49.48,6.68,41,1.11,50,0.14,0,0,39.93,84,2.92,17,64,1.53,3.76,15,77,-7,61.33,5.29,0.62,0.76,39.51,96,5.71,17.39,1.67,1.53,0.14,0.56,4.45,5.98,0,17,0.42,50,1.39,14,70,16,13,70,17,18.74,16.75,0.96,92,-1.99,18.03,15.42,0,0,0,0,0,,0,0,,0,0,0,0,0,0,14,6,5.79,35,0.02,0.14,0.02,0.04,,0.22
Ervin Torres,Austin FC,Major League Soccer,2026,553,Right Defensive Midfielder,USA,19,13/11/07,0.16,0.16,0.06,0.08,0.65,25,100,1,,0.19,0.33,0.05,0.49,0.33,0.05,0.49,0,0,0,0.49,0.11,1.14,0.38,0.65,0.65,0,100,1.3,0,1.79,0.81,0.98,0.78,0.98,1.05,20.82,12.2,0,5.2,40.43,6.99,2.6,1.95,2.93,80,2.14,2.92,0.81,50,0.49,25,0.16,0,18.05,19.7,4.39,3.25,1.14,43.07,6.34,35,1.14,35,0.33,0,0,43.59,88,2.93,11,60,1.46,4.39,13,83,-4,49.74,5.04,0.46,0.48,38.39,94,4.24,10.57,0.16,0.16,0,0.33,0.81,0.98,0,0,0.16,100,0.33,16,70,14,17,75,8,20.48,17.38,0.94,101,-3.11,19.22,17.48,0,0,0,0,0,,0,0,,0,0,0,0,0,0,14,6,3.03,25,0.05,0.09,0.02,0.1,,0.25
Ethan Bartlow,Sporting Kansas City,Major League Soccer,2026,881,Right Centre Back,USA,26,01/02/00,0,0,0.02,0.07,0.31,0,33,0,,0.04,0,0.02,0.31,0,0.02,0.31,0,0,0,0,0.05,0.61,-0.05,0.2,0.2,0,100,0.51,0,0,0.2,0.41,0.22,4.8,2.67,7.25,4.9,0.09,5.01,21.01,7.05,2.35,0.41,0.82,57,0.3,0.53,0.92,25,0.31,62,1.33,0,5.92,3.78,3.06,0.72,0.31,28.81,1.12,19,0.31,43,0.1,0,0,41.88,83,3.88,15,54,5.92,6.13,13,78,-5,34.97,2.96,0.18,0.19,35.45,100,4.65,3.47,0.1,0.1,0,0.1,1.43,1.53,0.2,0,0,0,0.1,29,67,4,47,47,6,23.32,23.44,0.92,102,0.12,21.4,23.89,0,0,0,0,0,,0,0,,0,0,0,0,0,0,17,6,2.51,31,0.05,0.06,0.25,0,,0.36
Ethan Horvath,New York Red Bulls,Major League Soccer,2026,2295,Goalkeeper,USA,31,08/06/95,0,0,0,,0,,,0,,0,0,0,0,0,0,0,0,0,0,0,0,0,0,0,0,0,,0,0,0,0.04,0,0,0,0,0.12,0.12,0,7.49,2.62,4.82,0,0,0,,0,0,0,,0,,0,0.04,0.12,0.16,0.04,0,0,5.4,0,0,0,,0,0,0,21.38,79,3.8,15,39,1.69,8.04,13,62,-17,12.31,0.24,0.23,0.23,17.41,100,5.44,0.08,0.04,0.04,0,0,0,0.04,0,0,0,,0,38,62,0,100,0,0,32.1,36.7,0.76,71,4.6,24.38,26.18,1.65,1.65,0,61,61,0,1.63,4.28,36,12,1.97,0.16,0.16,22.93,0,18,3,1.24,8,0.06,0.07,,,-0.04,0.08
Ethan Kohler,New England Revolution,Major League Soccer,2026,1793,Right Centre Back,USA,21,19/05/05,0,0,0.05,0.12,0.45,0,22,0,,0.03,0,0.01,0.15,0,0.01,0.15,0,0,0,0,0.06,0.6,-0.06,0.3,0.3,0,100,0.45,0,0.1,0.3,0.75,0.83,2.91,3.05,8.18,3.66,0.08,3.61,26.05,5.92,1.51,1.2,1.96,86,1.34,2.17,0.6,67,0.2,62,1.56,0.05,6.37,6.59,2.26,1.15,0.45,32.83,1.86,29,0.5,43,0.05,0,0,56.51,96,3.91,5,80,3.21,4.57,8,85,-10,38.28,3.76,0.43,0.47,50.14,99,4.4,5.17,0,0,0,0.05,1.05,1.05,0,,0,0,0.05,16,80,4,20,75,5,20.6,19.13,0.98,96,-1.47,20.13,18.35,0,0,0,0,0,,0,0,,0,0,0,0,0,0,8,5,3.52,22,0.01,0.04,0.15,-0.04,,0.15
Evander,Cincinnati,Major League Soccer,2026,1968,Centre Attacking Midfielder,Brazil,28,08/06/98,0.59,0.46,0.26,0.07,3.43,13,41,3,100,0.44,0.41,0.39,2.88,0.27,0.24,1.55,0.14,0.15,1.33,0.87,0.64,6.31,0.23,3.34,2.06,1.28,62,1.74,0.09,2.33,2.47,0.23,0.18,0.32,0.26,20.49,10.34,0,4.34,55.76,4.57,2.79,0.87,1.1,68,0.81,0.99,0.91,18,0.41,10,0.05,0.05,18.71,17.26,3.93,3.34,1.01,57.51,11.57,62,2.29,68,0.14,0,0,34.99,78,4.39,9,57,1.05,6.91,19,81,3,59.3,6.27,0.58,0.8,39.1,89,6.28,12.76,3.93,2.01,1.92,0.55,4.94,6.95,0.55,10,0.5,37,0.73,16,67,17,22,68,10,21.21,16.54,0.95,98,-4.66,20.07,16.17,0,0,0,0,0,,0,0,,0,0,0,0,0,0,21,9,8.49,54,0.22,0.18,0.04,0.08,,0.53
Ezekiel Alladoh,Philadelphia Union,Major League Soccer,2026,780,Right Centre Forward,Ghana,21,12/09/05,0.12,0.12,0.16,0.14,1.15,10,20,2,,0.04,0.12,0.09,1.27,0.12,0.09,1.27,0,0,0,0.23,0.25,2.42,-0.02,0.81,0.46,0.35,57,0.81,0,2.19,2.77,0.58,0.47,0.69,0.49,23.43,11.08,0,5.65,61.03,4.85,3.35,0.46,1.04,80,0.37,0.84,1.5,0,0.12,52,3.69,0,21.46,18.72,5.42,2.88,0.58,62.92,15.69,73,2.42,84,0.23,0,0.12,23.66,67,1.15,79,77,0.92,1.27,33,59,-8,61.52,1.96,0.39,0.51,19.5,80,3.38,8.31,0.69,0.69,0,0.81,5.19,5.89,0,17,0.23,33,1.04,17,70,13,10,72,18,14.74,12.71,1.01,101,-2.03,14.85,12.79,0,0,0,0,0,,0,0,,0,0,0,0,0,0,39,14,3.9,22,-0.02,-0.05,-0.02,0.01,,-0.08
Ezequiel Ponce,Houston Dynamo,Major League Soccer,2026,1237,Centre Forward,Argentina,29,28/03/97,0,0,0.29,0.16,1.89,0,12,4,,0.02,0.07,0.08,0.65,0.07,0.08,0.65,0,0,0,0.07,0.37,2.55,-0.3,0.87,0.36,0.51,42,0.95,0,1.45,2.25,0.15,0.11,0.65,0.5,18.91,8.87,0,4,57.47,3.93,1.75,0.36,0.51,63,0.26,0.36,1.75,0,0.22,41,1.31,0.07,16.8,13.89,3.86,3.2,0.8,60.24,10.33,61,1.82,57,0.15,0,0,16.66,82,1.16,16,84,0.73,1.31,25,70,-12,52.93,1.6,0.27,0.56,16.08,82,4.99,4.73,0.07,0.07,0,0.22,4.66,4.73,0,100,0.07,50,0.44,9,67,24,8,72,20,14.59,12.29,1.01,103,-2.3,14.76,12.7,0,0,0,0,0,,0,0,,0,0,0,0,0,0,18,7,2.84,20,-0.03,0.03,-0.02,-0.17,,-0.18
Fabian Herbers,CF Montreal,Major League Soccer,2026,613,Right Centre Midfielder,Germany,33,16/08/93,0.15,0.15,0.04,0.1,0.44,33,33,1,,0.1,0,0.05,1.17,0,0.03,0.73,0,0.02,0.44,0.15,0.1,1.61,0.05,1.03,0.88,0.15,86,1.47,0,1.32,0.73,0.73,0.49,0.88,0.39,19.51,11,0,5.14,50.79,7.92,2.35,1.61,2.35,65,0.92,1.42,1.32,29,0.88,60,0.88,0,16.58,12.17,4.25,4.11,1.32,54.01,9.68,58,2.79,68,0.15,0,0,38.15,79,2.79,21,66,1.76,3.37,22,70,-9,56.07,3.67,0.25,0.28,30.81,94,4.26,10.71,1.47,1.17,0.29,0.15,1.47,2.64,0,20,0.44,30,0.15,23,66,11,26,66,8,17.51,15.86,0.97,98,-1.65,16.9,15.57,0,0,0,0,0,,0,0,,0,0,0,0,0,0,28,15,5.99,49,0.03,0.04,0.05,-0.01,,0.11
Facundo Mura,Inter Miami,Major League Soccer,2026,1274,Right Back,Argentina,27,22/03/99,0,0,0.01,0.05,0.28,0,25,0,,0.04,0,0.05,0.49,0,0.05,0.49,0,0,0,0,0.07,0.78,-0.07,0.42,0.28,0.14,67,0.42,0,0.21,0.49,0.78,0.93,1.13,1.55,9.19,3.67,0,3.67,33.88,6.43,2.05,0.78,1.55,58,0.84,1.76,0.64,33,0.57,23,0.21,0,7.77,9.65,2.61,1.48,0.64,37.11,2.47,32,0.99,67,0,0,0,43.67,86,2.69,13,68,1.7,3.39,11,72,-14,48.2,2.76,0.33,0.39,35.26,99,3.37,9.12,0.71,0.64,0.07,0.21,1.41,2.05,0,50,0.57,36,0.21,19,66,15,14,68,18,19.26,18.54,0.99,104,-0.72,18.99,19.27,0,0,0,0,0,,0,0,,0,0,0,0,0,0,20,10,2.94,18,0.04,0.06,0,0,,0.1
Facundo Torres,Austin FC,Major League Soccer,2026,1989,Right Midfielder,Uruguay,26,12/04/00,0.14,0.14,0.16,0.11,1.49,9,45,2,,0.2,0.18,0.17,2.53,0.05,0.1,1.49,0.14,0.07,1.04,0.32,0.33,4.03,-0.01,0.91,0.36,0.54,40,1.86,0,1.18,1.9,0.32,0.26,0.27,0.21,12.94,6.47,0,3.03,53.73,4.93,2.76,0.68,1,56,0.64,0.9,0.77,14,0.54,37,0.77,0,11.49,11.11,2.72,2.53,0.63,55.51,7.2,63,1.95,77,0.14,0,0,36.79,78,3.94,91,54,1.09,6.52,23,79,1,60.37,5.43,0.33,0.45,36.79,93,4.95,13.89,3.39,1.67,1.72,0.32,3.21,4.89,0.14,13,0.59,39,0.5,15,69,16,20,68,12,20.76,15.48,0.92,100,-5.28,19.18,15.41,0,0,0,0,0,,0,0,,0,0,0,0,0,0,23,9,7.1,60,0.13,0.05,0.02,0.05,,0.26
Fafà Picault,Atlanta United,Major League Soccer,2026,799,Centre Forward,Haiti,35,22/02/91,0.34,0.34,0.24,0.21,1.13,30,40,1,,0.31,0.23,0.1,0.9,0.23,0.1,0.9,0,0,0,0.56,0.33,2.03,0.23,2.25,0.9,1.35,40,1.35,0,1.24,4.28,0.79,0.63,1.01,0.69,16.9,6.42,0.01,3.38,50.51,4.17,2.14,0.68,1.46,67,0.82,1.45,0.56,0,0.34,45,2.25,0,15.66,14.24,2.82,2.14,0.34,55.87,9.13,58,1.69,79,0.11,0,0,28.62,71,0.68,8,40,1.46,1.24,18,54,-17,58.45,2.7,0.46,0.61,27.49,84,5.46,9.58,1.01,1.01,0,0.45,4.17,5.18,0.11,11,0.23,15,0.56,14,62,24,15,58,27,16.13,17.47,0.97,111,1.34,15.63,19.39,0,0,0,0,0,,0,0,,0,0,0,0,0,0,30,9,5.27,43,-0.02,0,0.02,0,,0
Felipe Andrade,Houston Dynamo,Major League Soccer,2026,1724,Right Back,Brazil,24,28/05/02,0.05,0.05,0.06,0.08,0.73,7,14,0,,0.03,0,0.02,0.26,0,0.02,0.26,0,0,0,0.05,0.08,0.99,-0.03,0.21,0.21,0,100,0.42,0,0.42,0.63,0.94,0.87,2.51,2.17,12.01,5.59,0.04,4.8,25.65,5.43,1.41,1.88,2.82,75,1.53,2.4,1.36,76,0.63,55,1.36,0,8.77,7.53,2.87,0.78,0.42,30.42,1.57,18,0.42,53,0.42,0,0,33.1,86,1.62,20,53,3.13,2.45,12,78,-8,46.11,2.71,0.29,0.35,27.67,97,3.08,8.09,0.16,0.16,0,0.05,1.1,1.25,0,33,0.1,29,0.05,27,61,12,23,61,17,17.91,19.83,0.94,93,1.92,16.78,18.35,0,0,0,0,0,,0,0,,0,0,0,0,0,0,17,8,3.04,22,0.03,0.03,0.01,-0.05,,0.02
Felipe Mora,Portland Timbers,Major League Soccer,2026,537,Centre Forward,Chile,33,01/08/93,0.67,0.67,0.39,0.21,1.84,36,45,3,,0.51,0,0.03,0.5,0,0.03,0.5,0,0,0,0.67,0.42,2.35,0.25,0.17,0.17,0,100,2.01,0,0.84,0.84,0,0,1.17,1.32,16.93,8.72,0.01,4.86,59.74,3.69,2.18,0.84,0.84,83,0.83,0.83,0.34,0,0.17,32,1.17,0,15.76,17.96,4.53,2.18,0.67,64.69,11.9,76,1.84,85,0.17,0,0,16.93,80,0.67,10,80,1.17,0.84,22,76,-4,55.73,1.84,0.63,0.75,16.09,92,3.96,5.36,0.34,0.34,0,0,4.53,4.86,0,0,0,0,0.34,9,67,24,9,75,16,17.24,13.92,1.03,97,-3.32,17.8,13.5,0,0,0,0,0,,0,0,,0,0,0,0,0,0,21,5,3.3,23,-0.03,0,0.02,-0.02,,-0.04
Finn Surman,Portland Timbers,Major League Soccer,2026,2280,Right Centre Back,New Zealand,23,22/09/03,0.04,0.04,0.06,0.24,0.24,17,33,0,,0.06,0.04,0.01,0.16,0.04,0.01,0.16,0,0,0,0.08,0.06,0.39,0.02,0.08,0.04,0.04,50,0.59,0.04,0.08,0.08,0.95,1.1,5.61,5.2,8.37,4.14,0.13,6,21.89,7.97,1.97,0.87,1.82,71,1.05,2.15,0.36,50,0.36,65,2.17,0,7.26,7.21,2.96,0.95,0.47,30.04,1.89,26,0.39,42,0.08,0,0,48.67,92,2.88,10,66,6.08,3.87,11,79,-13,36.67,2.76,0.5,0.52,39.91,100,2.99,4.46,0,0,0,0.04,0.59,0.59,0,,0,0,0.08,22,77,1,30,66,4,21.12,20.19,0.97,100,-0.93,20.45,20.1,0,0,0,0,0,,0,0,,0,0,0,0,0,0,15,9,3.17,23,0.05,0.03,0.18,0.02,,0.28
Franco Negri,Houston Dynamo,Major League Soccer,2026,581,Left Back,Argentina,31,19/02/95,0.15,0.15,0.03,0.03,0.93,17,33,1,,0.08,0,0.01,0.31,0,0.01,0.31,0,0,0,0.15,0.04,1.24,0.12,0.77,0.46,0.31,60,0.15,0,0.93,0.77,0.77,0.71,2.63,1.73,12.24,7.13,0.02,5.11,25.64,6.04,1.55,2.17,2.94,78,2.06,2.76,0.77,64,0.62,56,0.77,0,9.3,6.4,3.41,1.24,0.62,31.27,2.01,22,0.31,25,0.15,0,0,39.52,85,2.79,88,69,3.41,3.25,7,68,-17,43.54,4.34,0.16,0.17,34.87,96,3.37,7.44,0.31,0.31,0,0,0.62,0.93,0,0,0,0,0,34,57,9,29,63,8,18.18,21.96,0.99,97,3.78,17.99,21.29,0,0,0,0,0,,0,0,,0,0,0,0,0,0,20,11,3.58,25,0.09,0.07,0.08,-0.01,,0.22
Frankie Westfield,Philadelphia Union,Major League Soccer,2026,1801,Right Back,USA,21,08/12/05,0,0,0.08,0.07,1.15,0,9,1,,0.01,0.25,0.18,1.3,0.25,0.17,1.2,0,0.01,0.1,0.25,0.26,2.45,-0.02,0.7,0.45,0.25,64,1.9,0,0.75,0.8,1.55,1.22,1.2,1.22,13.19,6.89,0.02,4.7,39.31,11.99,5.35,1.7,3.25,77,1.37,2.59,1.2,75,0.5,67,2.85,0,10.34,8.82,3.35,2.1,0.7,41.76,3.4,33,0.85,40,0.05,0,0,36.07,64,3.2,13,42,1.8,6.99,14,57,-7,56.78,4.95,0.34,0.56,28.43,95,4.37,11.19,2.45,1.45,1,0.4,3.45,4.9,0.15,51,1.45,30,0.45,31,62,8,25,63,13,22.41,18.07,0.9,105,-4.34,20.25,19.01,0,0,0,0,0,,0,0,,0,0,0,0,0,0,35,9,6.59,37,0.26,0.07,0.06,-0.07,,0.32
Gabriel Pec,LA Galaxy,Major League Soccer,2026,1344,Right Wing,Brazil,25,10/02/01,0.33,0.33,0.35,0.09,3.95,8,47,4,,0.33,0.27,0.21,1.54,0.27,0.19,1.34,0,0.02,0.2,0.6,0.57,5.49,0.04,2.68,1.61,1.07,60,1.87,0,2.01,3.75,0.67,0.7,0.13,0.13,12.65,5.36,0,2.61,49.2,5.36,2.95,0.47,1.14,37,0.3,0.99,1.07,8,0.8,18,0.27,0,11.11,9.66,1.94,2.81,0.67,48.2,4.42,40,1.81,64,0.27,0.07,0,30.33,87,1.81,88,66,0.47,2.41,14,74,-12,64.19,4.02,0.55,0.9,35.81,87,6.73,14.73,2.08,1.67,0.4,0.74,6.96,8.64,0.07,3,0.2,21,0.74,15,62,23,20,59,21,17.28,16.61,0.95,94,-0.67,16.4,15.66,0,0,0,0,0,,0,0,,0,0,0,0,0,0,14,7,5.23,36,0.11,0.15,0.02,0.04,,0.32
Gabriel Pirani,DC United,Major League Soccer,2026,500,Left Centre Forward,Brazil,24,11/04/02,0,0,0.1,0.09,1.08,0,50,2,,0.11,0,0.03,0.72,0,0.03,0.72,0,0,0,0,0.12,1.8,-0.12,1.26,0.54,0.72,43,2.52,0,3.42,3.6,0.9,0.76,0.18,0.16,27.73,16.2,0,7.02,58.12,7.2,3.42,0.54,1.44,33,0.17,0.93,1.98,43,1.08,0,0,0,25.39,14.75,6.12,2.52,1.26,59.43,16.75,66,1.8,71,0.18,0,0,22.87,76,0.9,19,63,0.18,1.44,24,75,-1,58.63,1.8,0.13,0.22,27.37,82,4.36,7.92,0.54,0.54,0,0,2.52,3.06,0.18,0,0.18,25,0.36,13,65,23,18,59,23,14.25,10.29,0.98,97,-3.96,13.94,9.96,0,0,0,0,0,,0,0,,0,0,0,0,0,0,21,7,3.15,30,-0.02,0.02,0.01,-0.01,,-0.01
Gabriel Pirani,San Diego FC,Major League Soccer,2026,455,Left Centre Midfielder,Brazil,24,11/04/02,0.4,0.4,0.13,0.06,2.37,17,42,2,,0.21,0,0.07,0.99,0,0.07,0.99,0,0,0,0.4,0.21,3.36,0.19,1.39,0.2,1.19,14,1.39,0,2.77,1.98,0.2,0.29,0.4,0.67,20.38,13.06,0.02,6.13,50.02,7.52,5.14,2.37,2.57,86,2.76,3.05,0.59,0,0.4,0,0,0,17.41,21.54,5.34,4.55,0.79,50.82,9.1,52,3.17,70,0.2,0,0,46.89,83,1.98,28,56,0.79,3.17,16,77,-6,58.19,4.75,0.46,0.55,46.5,91,4.76,18.4,0.99,0.99,0,0.59,3.56,4.55,0.4,20,0.4,100,0.59,14,62,24,10,72,18,15.7,12.76,0.98,104,-2.95,15.41,13.23,0,0,0,0,0,,0,0,,0,0,0,0,0,0,19,5,7.34,46,-0.06,0.1,0.07,-0.01,,0.09
Gage Guerra,Portland Timbers,Major League Soccer,2026,385,Centre Forward,USA,24,20/12/02,0.23,0.23,0.2,0.14,1.4,17,33,4,,0.25,0,0.05,0.23,0,0.05,0.23,0,0,0,0.23,0.25,1.64,-0.02,0,0,0,,0.23,0,0.47,1.64,0.47,0.37,0.93,0.84,28.28,17.53,0.02,5.14,67.41,2.57,1.64,0.47,0.93,67,0.41,0.78,0.47,0,0.23,15,0.47,0,27.35,24.12,4.67,4.21,0.93,70.18,22.91,84,3.74,89,0,0,0,10.52,71,0.47,23,100,0.93,0.47,23,75,4,53.76,0.23,0.43,0.57,9.35,85,5.85,2.57,0.23,0.23,0,0.23,4.67,4.91,0,0,0.23,33,0.7,2,69,29,0,73,27,15.04,14.04,1.11,111,-1,16.74,15.56,0,0,0,0,0,,0,0,,0,0,0,0,0,0,35,8,0.68,5,-0.04,0.02,0.06,0.13,,0.16
Geiner Martínez,Philadelphia Union,Major League Soccer,2026,522,Right Centre Back,Colombia,23,08/01/03,0,0,0.14,0.27,0.52,0,0,0,,0,0,0.02,0.35,0,0.02,0.35,0,0,0,0,0.16,0.86,-0.16,0.86,0.69,0.17,80,0.35,0,0.52,0.52,1.21,0.8,2.59,1.77,13.46,5.18,0.04,8.63,33.32,7.59,1.55,1.73,2.93,91,1.22,2.01,1.9,83,0.17,40,0.69,0,9.84,6.88,5.35,2.24,1.04,38.1,2.42,25,0.86,38,0.35,0,0,27.09,81,2.24,16,45,2.76,4.83,8,64,-17,37.19,1.9,0.26,0.32,22.6,95,5.35,2.42,0,0,0,0,0.69,0.69,0,,0,,0,39,60,2,50,50,0,21.99,16.45,0.89,85,-5.54,19.5,14.04,0,0,0,0,0,,0,0,,0,0,0,0,0,0,20,8,1.86,11,0.04,0.05,0.11,-0.15,,0.04
Gennadiy Synchuk,CF Montreal,Major League Soccer,2026,1100,Right Wing,Ukraine,20,09/07/06,0.08,0.08,0.35,0.11,3.35,2,41,5,,0.23,0.08,0.09,0.82,0.08,0.07,0.57,0,0.03,0.25,0.16,0.45,4.17,-0.29,1.72,1.06,0.65,62,1.88,0.08,1.23,1.96,0.65,0.6,0.41,0.38,14.64,7.85,0.02,3.76,52.7,5.32,2.62,1.23,1.88,75,1.31,1.91,1.23,44,0.41,43,0.49,0,12.19,11.34,3.03,1.64,0.41,53.93,7.12,58,1.06,65,0.25,0,0,26.83,67,1.64,82,47,0.65,3.27,18,59,-8,63.26,3.44,0.47,0.64,27.73,90,6.69,9.65,1.88,1.39,0.49,0.16,4.83,6.22,0.08,9,0.25,10,0.33,19,68,13,23,58,19,19.25,16.12,0.93,109,-3.13,17.88,17.64,0,0,0,0,0,,0,0,,0,0,0,0,0,0,28,8,4.43,31,0.06,0.14,0.03,-0.09,,0.14
Georgi Minoungou,Colorado Rapids,Major League Soccer,2026,1272,Left Wing,Burkina Faso,24,24/07/02,0,0,0.17,0.12,1.49,0,29,2,,0.07,0.14,0.16,1.27,0.14,0.16,1.27,0,0,0,0.14,0.33,2.76,-0.19,4.03,2.05,1.98,51,2.19,0,2.76,5.1,0,0,0.21,0.16,12.95,6.16,0,2.83,61.52,3.47,2.19,0.85,0.85,80,0.99,0.99,1.06,40,0.21,46,0.42,0,11.04,13.65,2.69,3.18,0.71,63,8.49,77,2.76,87,0.07,0,0,23.28,64,0.64,15,38,0.5,1.42,19,63,-1,64.7,1.84,0.47,0.64,32.62,79,6.74,7.64,1.06,1.06,0,0.78,3.54,4.6,0.07,40,0.92,26,0.78,8,70,22,8,64,28,16.09,14.05,0.96,104,-2.04,15.42,14.58,0,0,0,0,0,,0,0,,0,0,0,0,0,0,29,8,4.56,33,0.01,0.16,-0.04,-0.08,,0.05
Gerardo Valenzuela,Cincinnati,Major League Soccer,2026,1328,Right Defensive Midfielder,USA,22,27/09/04,0.07,0.07,0.09,0.08,1.22,6,28,1,,0.14,0.14,0.1,1.63,0.14,0.07,1.29,0,0.03,0.34,0.2,0.19,2.85,0.02,1.42,0.68,0.75,48,2.58,0.07,1.63,1.97,0.95,0.87,1.08,0.88,20.06,11.11,0.02,5.29,44.9,5.76,3.12,1.42,2.37,72,1.38,2.25,1.69,58,0.54,33,0.68,0.07,17.08,15.41,4.2,4,1.22,47.67,8.13,48,2.37,59,0.14,0,0.14,41.75,88,2.85,20,65,1.63,3.86,20,87,-1,51.36,4.34,0.68,0.74,37.95,92,4.41,9.76,1.15,0.68,0.47,0.47,2.58,3.25,0,12,0.27,29,0.54,11,74,15,17,77,6,19.32,18.13,0.96,97,-1.19,18.57,17.62,0,0,0,0,0,,0,0,,0,0,0,0,0,0,14,7,7.54,47,0.03,0.06,0.07,0.01,,0.18
Germán Berterame,Inter Miami,Major League Soccer,2026,1784,Left Centre Forward,Mexico,28,12/11/98,0.35,0.35,0.46,0.22,2.07,17,44,4,,0.48,0.15,0.13,1.06,0.15,0.13,1.06,0,0,0,0.5,0.59,3.13,-0.09,0.66,0.35,0.3,54,1.11,0.1,0.55,1.92,0.4,0.47,0.86,1.07,17.86,8.07,0.02,4.39,62.97,3.63,2.27,0.91,1.31,82,1.3,1.77,1.56,25,0.2,49,1.66,0,15.38,19.68,3.88,3.03,0.91,66.53,12.21,79,2.47,82,0.05,0,0,17.45,79,0.2,13,67,1.01,0.15,26,71,-8,61.45,1.01,0.62,0.9,15.13,88,4.6,6.61,0.15,0.15,0,0.66,6.96,7.11,0.05,0,0.1,17,1.41,8,70,23,7,69,24,12.74,12.63,1.05,99,-0.1,13.39,12.49,0,0,0,0,0,,0,0,,0,0,0,0,0,0,24,12,3.96,23,-0.03,0.05,0.08,0.14,,0.24
Gilberto Flores,Cincinnati,Major League Soccer,2026,348,Left Centre Back,Paraguay,23,31/03/03,0,0,0,0.01,0.26,0,0,0,,0,0,0,0,0,0,0,0,0,0,0,0,0.26,0,0.26,0,0.26,0,0.26,0,0.52,0.52,0.78,0.87,6.21,6.86,18.11,9.31,0.04,7.5,27.74,10.35,3.1,2.07,2.85,62,2.27,3.14,2.33,43,1.29,62,3.36,0,13.97,15.24,4.4,3.36,0.78,34.25,3.36,24,1.29,38,0.26,0,0,43.72,78,3.1,31,44,7.5,5.69,15,66,-13,36.51,2.33,0.37,0.37,33.63,96,3.9,3.1,0.52,0,0.52,0,0.52,0.52,0,0,0,0,0,28,68,4,42,58,0,22.77,23.68,0.91,92,0.91,20.72,21.85,0,0,0,0,0,,0,0,,0,0,0,0,0,0,23,8,2.22,19,0.06,0.02,0.09,-0.01,,0.16
Gonzalo Luján,Inter Miami,Major League Soccer,2026,1204,Right Centre Back,Argentina,25,26/04/01,0.07,0.07,0.05,0.16,0.3,25,25,0,,0.04,0,0.02,0.22,0,0.02,0.22,0,0,0,0.07,0.07,0.52,0,0.37,0.3,0.07,80,0.67,0,0.37,0.3,1.57,1.86,2.54,3.33,12.48,7.17,0.06,5.98,29.97,7.1,1.42,1.72,3.29,70,2.17,4.03,1.2,50,0.75,45,1.05,0,9.57,11.78,4.26,1.49,0.52,35.5,2.54,27,0.45,30,0.22,0,0,53.43,87,3.44,14,48,3.06,6.65,6,77,-10,34.28,1.87,0.64,0.66,46.03,99,5.06,2.76,0.22,0.22,0,0.07,0.6,0.82,0,33,0.07,50,0.07,28,69,4,24,62,14,22.54,21.14,0.92,90,-1.41,20.82,19.03,0,0,0,0,0,,0,0,,0,0,0,0,0,0,14,5,4.2,26,0.05,0.06,0.04,0,,0.16
Griffin Dillon,Real Salt Lake,Major League Soccer,2026,433,Right Defensive Midfielder,USA,23,24/04/03,0,0,0.09,0.11,0.83,0,50,1,,0.03,0,0.15,1.45,0,0.02,0.42,0,0.13,1.04,0,0.25,2.29,-0.25,0.21,0.21,0,100,1.87,0,0.62,0.42,0.83,0.64,0.83,0.55,22.02,12.05,0.02,4.36,48.54,5.82,2.49,0.42,1.25,20,0.32,0.96,0.83,22,1.66,67,0.83,0,20.78,19.55,3.53,3.53,0.83,49.72,10.8,52,1.87,53,0.21,0,0,33.86,88,3.53,15,68,0.83,5.19,12,90,3,50.15,2.08,0.17,0.27,26.18,98,3.42,6.23,1.66,0.21,1.45,0,1.66,1.87,0.21,0,0,0,0.21,20,71,9,23,57,20,18.97,12.72,0.93,103,-6.25,17.71,13.07,0,0,0,0,0,,0,0,,0,0,0,0,0,0,21,13,4.94,39,0.1,0.04,0.01,-0.05,,0.1
Griffin Dorsey,Orlando City,Major League Soccer,2026,1825,Right Back,USA,27,04/03/99,0.15,0.15,0.16,0.18,0.89,17,33,1,,0.16,0.05,0.06,0.59,0.05,0.06,0.59,0,0,0,0.2,0.22,1.48,-0.02,0.54,0.25,0.3,45,0.89,0,0.64,0.69,0.99,0.81,2.02,1.58,13.66,5.97,0.04,4.14,35.77,6.17,2.32,2.32,3.3,82,2.23,3.04,0.99,63,0.49,38,0.74,0,10.36,8.62,2.96,1.73,0.44,41.4,3.8,37,1.28,74,0.05,0,0,28.8,79,1.43,15,44,2.66,2.61,12,69,-10,52.45,2.27,0.41,0.49,24.51,95,4.86,7.99,0.74,0.69,0.05,0.49,3.35,4.04,0,27,0.3,13,0.64,15,69,16,11,64,25,17.53,18.95,0.89,80,1.41,15.62,15.19,0,0,0,0,0,,0,0,,0,0,0,0,0,0,23,9,4.01,32,0.01,0.1,0.13,0,,0.25
Griffin Yow,New England Revolution,Major League Soccer,2026,914,Right Wing,USA,24,24/09/02,0.1,0.1,0.2,0.1,1.97,5,40,3,,0.15,0,0.08,0.99,0,0.05,0.69,0,0.03,0.3,0.1,0.28,2.96,-0.18,2.07,0.99,1.08,48,0.89,0,2.36,2.76,0.3,0.28,0.39,0.36,20.69,11.53,0,5.62,49.31,4.53,2.07,1.87,2.17,54,1.91,2.19,1.58,17,1.58,57,0.79,0,17.44,15.71,4.53,2.76,0.79,50.08,8.08,46,1.77,64,0.3,0,0,26.21,74,0.69,18,32,0.49,2.07,23,78,4,63.25,2.86,0.28,0.47,29.95,87,6.52,10.74,0.69,0.3,0.39,0.69,5.81,6.11,0,71,0.79,31,0.79,14,68,18,9,72,18,16.71,13.67,0.9,100,-3.05,15.04,13.69,0,0,0,0,0,,0,0,,0,0,0,0,0,0,26,6,3.46,29,-0.04,0.06,0.01,0.01,,0.04
Guilherme,Houston Dynamo,Major League Soccer,2026,2051,Left Wing,Brazil,31,12/04/95,0.53,0.48,0.2,0.07,2.72,18,44,3,100,0.35,0.22,0.2,2.15,0.18,0.14,1.36,0.04,0.06,0.79,0.7,0.4,4.87,0.3,3.2,1.8,1.4,56,2.68,0,2.02,3.16,1.14,0.88,0.53,0.43,14,6.19,0,2.68,45.42,5.09,2.37,0.79,1.93,82,0.68,1.56,0.97,20,0.18,68,0.75,0,12.33,9.6,2.46,1.89,0.53,46.34,5.05,41,1.1,58,0.13,0,0,38.93,78,3.34,13,57,0.92,5.49,15,78,0,58.6,5.79,0.42,0.62,44.73,89,6.68,13.78,2.46,1.71,0.75,0.26,3.12,4.83,0.26,13,0.4,25,0.26,13,73,14,16,73,11,20.72,17.39,0.96,104,-3.33,19.83,18.08,0,0,0,0,0,,0,0,,0,0,0,0,0,0,21,5,6.35,46,0.11,0.15,0.02,0.06,,0.35
Guilherme Biro,Austin FC,Major League Soccer,2026,1662,Left Back,Brazil,26,30/04/00,0.16,0.16,0.08,0.08,0.92,18,24,0,,0.08,0.05,0.06,0.43,0.05,0.06,0.43,0,0,0,0.22,0.14,1.35,0.08,0.76,0.43,0.32,57,1.08,0,0.81,0.97,0.76,0.82,2.92,2.64,9.37,4.82,0.05,3.41,31.4,8.56,2.11,1.19,1.95,79,1.26,2.08,1.08,57,0.32,67,2.38,0,7.15,7.38,2.06,1.41,0.43,39.66,2.44,34,1.03,73,0.27,0,0.05,47.5,84,3.57,88,54,3.47,6.07,16,73,-11,44.38,4.06,0.42,0.48,39.59,97,4.59,7.96,0.38,0.38,0,0.49,3.68,4.06,0,29,0.38,50,0.54,25,67,8,27,62,12,20.39,16.6,0.91,95,-3.79,18.53,15.84,0,0,0,0,0,,0,0,,0,0,0,0,0,0,20,9,3.6,28,0.14,0.04,-0.02,-0.01,,0.15
Gustav Berggren,New York Red Bulls,Major League Soccer,2026,491,Left Centre Midfielder,Sweden,29,06/09/97,0,0,0.21,0.09,2.2,0,8,2,,0.04,0.37,0.31,1.28,0.37,0.31,1.28,0,0,0,0.37,0.52,3.48,-0.15,0.73,0.37,0.37,50,0.55,0,0.37,1.65,0.37,0.29,1.28,0.96,24.01,12.65,0,5.68,50.48,6.6,3.67,0.92,1.28,63,0.9,1.18,1.83,0,0.55,47,1.28,0,21.26,16.17,5.13,4.95,1.28,53.22,11.73,55,3.85,78,0.18,0,0.18,32.45,83,1.28,15,70,1.83,1.28,17,77,-7,49.77,3.67,0.58,0.93,26.58,94,5.75,8.62,1.1,1.1,0,0.37,4.4,5.5,0.55,0,0.18,50,0.73,20,69,11,30,57,13,17.82,17.08,1.01,101,-0.74,18.01,17.29,0,0,0,0,0,,0,0,,0,0,0,0,0,0,18,11,4.42,28,0.05,0.11,-0.03,-0.18,,-0.05
Hamzat Ojediran,Colorado Rapids,Major League Soccer,2026,1510,Right Defensive Midfielder,Nigeria,23,13/11/03,0.06,0.06,0.03,0.04,0.95,6,25,1,,0.03,0,0.01,0.24,0,0.01,0.24,0,0,0,0.06,0.04,1.19,0.02,0.48,0.42,0.06,88,1.19,0,0.95,0.77,0.95,1.13,1.07,1.24,15.25,9.18,0.05,4.71,37.55,9.65,4.83,1.73,2.68,81,1.94,3.07,2.32,36,0.42,60,0.54,0,11.2,13.65,3.46,3.52,1.07,40.88,3.69,33,1.07,31,0.48,0,0,55.42,90,3.69,10,68,1.67,4.83,15,87,-3,44.65,3.87,0.43,0.44,45.82,97,4.56,8.52,0.3,0.3,0,0,0.36,0.66,0.06,20,0.06,50,0.06,15,73,12,13,76,10,19.23,17.64,0.96,102,-1.6,18.4,17.93,0,0,0,0,0,,0,0,,0,0,0,0,0,0,11,5,3.8,34,-0.04,0.08,0.01,0,,0.05
Hannes Wolf,New York City FC,Major League Soccer,2026,1193,Left Wing,Austria,27,15/04/99,0.38,0.38,0.24,0.13,1.81,21,38,3,,0.46,0.15,0.08,0.98,0.15,0.08,0.98,0,0,0,0.53,0.32,2.79,0.21,1.28,0.6,0.68,47,1.58,0,1.51,2.34,0.53,0.61,0.38,0.47,21.42,12.37,0,5.88,54.49,5.96,3.32,1.66,2.19,69,1.94,2.55,1.58,44,0.75,20,0.08,0,18.18,20.58,5.36,4.45,1.21,55.29,11.09,61,3.24,73,0.15,0,0,28.06,82,0.38,63,45,0.6,0.6,23,77,-5,61.3,2.19,0.41,0.56,30.4,89,4.68,11.24,0.98,0.98,0,0.75,5.51,6.49,0.08,15,0.45,55,0.98,15,59,26,15,58,28,14.07,14.81,0.97,100,0.74,13.67,14.82,0,0,0,0,0,,0,0,,0,0,0,0,0,0,21,11,4.41,34,-0.02,0.09,0.02,0.11,,0.21
Hany Mukhtar,Nashville SC,Major League Soccer,2026,2084,Right Centre Forward,Germany,31,20/03/95,0.43,0.43,0.32,0.11,3.07,14,38,3,,0.42,0.26,0.16,1.42,0.17,0.14,1.17,0.09,0.02,0.26,0.69,0.48,4.49,0.21,1.04,0.65,0.39,63,1.34,0,1.94,2.03,0.26,0.31,0.22,0.28,17.57,9.2,0,3.71,58.4,4.1,2.59,0.65,0.91,56,0.78,1.09,0.69,20,0.52,15,0.17,0,16.24,18.82,3.41,2.63,1.04,59.25,10.75,66,1.86,70,0.13,0,0,31.48,82,1.17,13,49,0.3,2.29,15,72,-10,59.95,3.84,0.41,0.73,31.61,89,5.65,11.36,2.16,1.81,0.35,0.47,4.84,6.65,0.13,4,0.26,30,0.6,15,68,17,21,70,10,16.39,14.19,0.94,101,-2.2,15.33,14.3,0,0,0,0,0,,0,0,,0,0,0,0,0,0,18,7,5.12,37,0.06,0.03,0.01,0.05,,0.15
Harbor Miller,LA Galaxy,Major League Soccer,2026,1432,Right Back,USA,19,20/06/07,0,0,0.07,0.07,1.01,0,13,1,,0,0.06,0.11,0.75,0.06,0.11,0.69,0,0,0.06,0.06,0.18,1.76,-0.12,1.7,0.88,0.82,52,0.88,0,2.2,2.45,1.89,1.43,1.95,1.54,18.1,9.93,0.02,5.09,39.94,6.41,3.14,2.33,4.21,82,1.81,3.24,1.26,47,0.5,45,0.88,0.06,14.52,13.03,4.02,2.58,0.88,44.32,5.78,40,1.38,54,0.19,0,0,32.87,76,2.01,24,50,2.2,3.77,14,63,-14,55.58,2.33,0.4,0.45,31.68,88,5.26,10.56,1.01,0.82,0.19,0.31,2.64,3.46,0,13,0.31,23,0.44,17,65,18,11,64,25,18.63,15.62,0.95,111,-3.01,17.61,17.26,0,0,0,0,0,,0,0,,0,0,0,0,0,0,20,7,3.81,28,0.07,0.09,0,-0.06,,0.1
Harry Toffolo,Charlotte,Major League Soccer,2026,1120,Left Back,England,31,18/08/95,0,0,0.04,0.07,0.56,0,29,1,,0.03,0.16,0.09,0.72,0.16,0.09,0.72,0,0,0,0.16,0.13,1.29,0.03,0.64,0.32,0.32,50,1.53,0,0.64,0.56,1.21,1.31,2.01,1.97,11.49,6.11,0.02,4.74,28.64,5.54,2.33,1.93,3.13,89,1.63,2.94,0.64,67,0.24,52,1.21,0,8.92,7.47,3.37,1.45,0.4,33.82,2.09,23,0.88,61,0.16,0,0,43.79,82,1.93,82,41,2.81,3.94,11,70,-12,52.31,4.42,0.54,0.57,38.17,97,3.61,12.53,1.29,1.12,0.16,0.08,1.53,2.65,0,56,0.72,33,0.08,26,62,12,28,57,15,18.14,18.67,0.91,86,0.53,16.46,16.11,0,0,0,0,0,,0,0,,0,0,0,0,0,0,21,10,4.52,34,0.12,0.05,0.01,-0.01,,0.17
Hassani Dotson,Seattle Sounders,Major League Soccer,2026,958,Right Defensive Midfielder,USA,29,05/08/97,0.09,0.09,0.04,0.07,0.66,14,29,0,,0.08,0,0.07,0.66,0,0.07,0.66,0,0,0,0.09,0.11,1.32,-0.02,1.03,0.38,0.66,36,1.41,0,1.13,1.03,1.13,1.11,2.54,2.73,17.66,10.05,0.02,6.48,37.69,7.23,3.85,1.5,2.63,62,1.5,2.62,0.94,38,0.94,54,1.78,0,15.22,15.79,5.26,3.76,1.6,41.17,5.17,34,1.97,53,0.38,0,0,49.88,87,2.63,17,67,2.82,3.66,15,80,-7,50.95,4.7,0.44,0.46,42.18,95,3.35,12.02,0.56,0.56,0,0,0.94,1.5,0.09,17,0.09,100,0,19,64,17,23,67,9,17.82,14.75,0.98,98,-3.07,17.44,14.41,0,0,0,0,0,,0,0,,0,0,0,0,0,0,14,6,4.74,36,-0.02,0.04,0,-0.02,,0
Henry Kessler,Charlotte,Major League Soccer,2026,707,Right Centre Back,USA,28,24/06/98,0.13,0.13,0.03,0.07,0.38,33,67,0,,0.02,0,0,0,0,0,0,0,0,0,0.13,0.03,0.38,0.1,0.13,0.13,0,100,0.64,0,0.13,0,0.89,0.83,3.18,2.34,6.75,3.69,0.13,3.56,16.72,6.62,0.89,0.89,1.78,100,0.67,1.5,0.51,,0,45,1.15,0,5.47,4.41,2.04,0.76,0.13,21.3,0.38,7,0,0,0.13,0,0,53.85,91,5.09,25,69,3.69,6.87,5,73,-18,31.98,1.4,0.5,0.5,46.34,100,3.86,1.66,0,0,0,0,0.76,0.76,0.13,,0,0,0,23,74,3,46,54,0,23.81,25.95,0.95,78,2.13,22.63,20.12,0,0,0,0,0,,0,0,,0,0,0,0,0,0,16,11,2.81,23,0.06,0.05,0.34,0,,0.46
Herman Johansson,FC Dallas,Major League Soccer,2026,1586,Right Wing Back,Sweden,29,15/10/97,0,0,0.03,0.07,0.45,0,38,1,,0.03,0.11,0.09,1.13,0.11,0.09,1.13,0,0,0,0.11,0.13,1.59,-0.01,0.34,0.06,0.28,17,0.4,0,0.28,1.02,0.17,0.11,2.5,1.57,12.14,5.9,0.04,4.42,33.74,7.15,3.29,1.25,1.42,79,0.8,0.91,1.99,63,0.34,54,1.76,0,8.91,5.96,3.4,1.65,0.62,40.59,2.89,32,1.08,66,0.17,0,0,28.02,78,1.19,14,45,2.78,2.38,14,62,-15,54.34,2.72,0.29,0.35,21.1,95,5.41,8.06,1.19,1.13,0.06,0.68,2.67,3.8,0,52,0.85,54,0.79,18,63,19,18,61,21,18.07,16.7,0.94,104,-1.37,16.98,17.42,0,0,0,0,0,,0,0,,0,0,0,0,0,0,28,10,4.24,29,0.11,0.05,-0.03,0.01,,0.15
Hirving Lozano,LA Galaxy,Major League Soccer,2026,331,Left Midfielder,Mexico,31,29/07/95,0.27,0.27,0.24,0.09,2.72,10,40,3,,0.17,0.27,0.13,1.09,0.27,0.12,0.82,0,0.01,0.27,0.54,0.36,3.8,0.18,0.82,0.54,0.27,67,4.35,0,0.54,2.99,0,0,0,0,26.62,14.13,0,4.89,49.88,4.89,2.99,2.72,2.72,83,2.57,2.57,4.89,33,0.54,60,0.82,0,19.02,16.72,4.08,2.17,0.82,50.74,9.51,50,1.09,50,0.54,0,0,30.16,71,0.82,7,30,0,2.72,18,67,-4,54.49,2.17,0.33,0.49,33.96,94,6.37,7.88,1.36,1.09,0.27,0.82,2.72,3.8,0.82,40,0.54,29,1.09,17,62,21,21,55,24,17.63,14.78,0.88,87,-2.86,15.46,12.82,0,0,0,0,0,,0,0,,0,0,0,0,0,0,26,9,3.37,27,-0.02,0.15,-0.01,0,,0.12
Hugo Cuypers,Chicago Fire,Major League Soccer,2026,1119,Centre Forward,Belgium,29,06/02/97,1.05,0.88,0.41,0.14,2.97,30,49,6,50,0.77,0,0.04,0.72,0,0.04,0.72,0,0,0,0.88,0.46,3.7,0.43,1.05,0.72,0.32,69,1.21,0.16,0.96,2.25,0.16,0.15,1.13,1.23,21.79,10.77,0.02,5.31,59.74,5.15,3.3,1.37,1.53,74,1.56,1.72,1.29,0,0.48,37,2.01,0,19.14,22.17,4.82,3.78,1.45,63.6,14.07,74,2.89,77,0.08,0,0,18.89,72,0.56,22,58,1.21,0.88,29,72,0,60.86,1.93,0.46,0.72,18.09,88,5.26,7.16,0.4,0.4,0,0.4,7.64,8.04,0,0,0.16,50,0.72,16,67,16,17,65,18,14.24,13.36,1.03,100,-0.88,14.62,13.32,0,0,0,0,0,,0,0,,0,0,0,0,0,0,25,8,2.98,16,-0.02,0.1,0.04,0.15,,0.27
Hugo Lloris,LAFC,Major League Soccer,2026,1985,Goalkeeper,France,40,25/12/86,0,0,0,,0,,,0,,0,0,0,0.09,0,0,0.05,0,0,0.05,0,0,0.09,0,0,0,0,,0.09,0,0,0,0,0,0,0,0,0,0,6.08,1.66,2.31,0,0,0,,0,0,0,,0,,0,0.05,0,0,0,0,0,,0,,0,,0,0,0,15.14,68,4.81,71,40,1.81,10.16,14,68,0,9.54,0.45,0.09,0.09,11.97,100,4.97,0.32,0,0,0,0,0,0,0,,0,,0,44,56,0,57,43,0,40.82,40.41,0.75,81,-0.41,30.47,32.8,0.68,0.99,0.31,77,66,11,1.08,2.9,25,11.83,1.7,0.09,0.09,15.11,-2,28,4,1.59,10,0.05,0.08,,,0.31,0.45
Hugo Picard,Columbus Crew,Major League Soccer,2026,1000,Left Midfielder,France,23,08/05/03,0.18,0.18,0.17,0.1,1.71,11,26,2,,0.2,0.18,0.1,0.9,0.18,0.09,0.81,0,0.01,0.09,0.36,0.27,2.61,0.09,1.89,0.99,0.9,52,0.63,0,1.26,2.61,0.18,0.2,0.36,0.49,15.48,8.64,0,3.96,51.57,6.12,3.51,2.07,2.25,74,2.84,3.05,0.54,38,0.72,25,0.27,0,13.05,17.26,2.97,3.6,1.08,52.15,7.2,55,3.06,85,0,0,0,37.44,81,0.72,5,53,0.36,1.35,19,81,0,64.26,5.22,0.48,0.6,36.99,91,7.34,18.09,1.17,1.08,0.09,0.9,5.04,6.12,0.09,8,0.36,20,1.08,11,68,21,12,70,18,14.62,13.71,1,106,-0.91,14.64,14.47,0,0,0,0,0,,0,0,,0,0,0,0,0,0,21,7,5.23,39,-0.02,0.14,0.04,0.03,,0.19
Héctor Herrera,Houston Dynamo,Major League Soccer,2026,1412,Left Defensive Midfielder,Mexico,36,18/04/90,0.13,0.13,0.11,0.12,0.89,14,29,0,,0.08,0.06,0.11,1.66,0.06,0.11,1.66,0,0,0,0.19,0.21,2.55,-0.02,0.26,0.19,0.06,75,1.59,0,0.64,0.83,0.7,0.64,0.64,0.69,13.13,5.93,0.04,4.08,40.91,6.76,2.55,1.59,2.3,86,1.3,1.94,1.15,67,0.26,52,0.77,0.13,10.58,9.47,3.32,2.55,0.96,45.53,4.02,38,1.66,65,0.06,0,0,58.84,91,5.16,19,77,1.28,6.06,15,87,-4,47.55,6.63,0.53,0.61,48.39,97,4.04,13.71,0.77,0.77,0,0.13,1.47,2.23,0.06,25,0.26,50,0.26,17,73,10,15,76,9,18.1,16.14,0.96,99,-1.96,17.43,16.05,0,0,0,0,0,,0,0,,0,0,0,0,0,0,13,9,6.57,46,0.06,0.04,-0.01,-0.02,,0.07
Iago Teodoro,Orlando City,Major League Soccer,2026,1165,Right Centre Back,Brazil,21,17/04/05,0,0,0.05,0.06,0.77,0,20,0,,0.04,0,0.02,0.15,0,0.02,0.15,0,0,0,0,0.07,0.93,-0.07,0.15,0.15,0,100,0.46,0.08,0.15,0.23,1.24,1.23,4.48,3.6,7.03,4.56,0.07,4.09,23.31,6.95,1.62,0.7,1.93,50,0.69,1.92,1.24,25,0.7,59,2.32,0.08,5.18,4.64,2.01,1,0.46,34.74,1.39,27,0.39,38,0.31,0,0,45.43,91,4.33,12,77,5.41,4.71,14,87,-4,36.19,3.32,0.46,0.5,35.46,99,3.82,3.94,0.23,0.23,0,0,1.7,1.93,0.08,0,0,0,0.08,22,76,2,39,59,2,20.35,20.34,0.97,105,-0.01,19.83,21.35,0,0,0,0,0,,0,0,,0,0,0,0,0,0,14,7,3.52,29,0.07,0.02,0.21,-0.06,,0.25
Ian Fray,Inter Miami,Major League Soccer,2026,1423,Right Back,Jamaica,24,30/08/02,0.06,0.06,0.1,0.15,0.63,10,30,0,,0.07,0.13,0.05,0.44,0.13,0.05,0.44,0,0,0,0.19,0.15,1.07,0.04,0.89,0.51,0.38,57,1.9,0,0.95,1.33,1.26,1.68,1.33,1.75,15.3,7.59,0.06,4.55,34.13,6.89,1.9,1.9,3.16,75,2.54,4.22,1.45,52,0.63,53,0.51,0.13,12.08,15.79,3.67,2.34,0.57,39.42,3.92,32,1.45,62,0.38,0,0,40.78,85,2.59,7,72,1.77,3.16,10,77,-9,43.89,1.96,0.54,0.64,38.89,95,4.9,6.13,0.7,0.7,0,0.32,2.85,3.54,0.06,27,0.38,30,0.38,20,70,10,20,64,16,18.56,15.78,0.99,107,-2.79,18.41,16.95,0,0,0,0,0,,0,0,,0,0,0,0,0,0,15,8,4.77,27,-0.01,0.08,0.08,-0.07,,0.08
Ian Harkes,San Jose Earthquakes,Major League Soccer,2026,943,Right Defensive Midfielder,USA,31,29/03/95,0,0,0.11,0.09,1.24,0,15,1,,0,0,0.05,0.57,0,0.05,0.57,0,0,0,0,0.16,1.81,-0.16,0.19,0.1,0.1,50,0.95,0.1,0.76,1.05,1.05,1.26,1.81,1.46,15.17,8.87,0.03,5.44,43.37,9.73,5.15,1.53,2.58,73,1.17,2.43,0.86,25,0.57,37,0.67,0,12.79,11.79,4.2,3.15,1.24,47.16,5.82,46,1.91,61,0.19,0,0,42.46,86,2.58,10,71,2,3.43,8,56,-30,49.29,4.01,0.61,0.67,35.02,96,4.21,10.3,0.76,0.76,0,0.1,2.39,3.15,0.1,13,0.1,20,0.1,16,73,12,16,74,10,18,15.71,0.98,93,-2.29,17.73,14.68,0,0,0,0,0,,0,0,,0,0,0,0,0,0,17,7,4.8,30,0.01,0.1,0.09,-0.09,,0.11
Ian James,Sporting Kansas City,Major League Soccer,2026,951,Right Centre Back,USA,18,05/06/08,0,0,0.02,0.06,0.28,0,33,0,,0.01,0,0.02,0.38,0,0.02,0.38,0,0,0,0,0.03,0.66,-0.03,0.57,0.38,0.19,67,0.19,0,0.19,0.47,1.23,0.83,2.08,1.72,9.65,5.3,0.08,4.26,34.04,5.39,1.51,1.04,2.27,69,0.81,1.64,0.76,50,0.47,47,0.66,0,7.85,5.86,2.74,1.23,0.38,38.94,2.65,34,0.66,54,0,0,0,38.42,83,1.89,10,50,3.03,2.84,13,65,-18,40.69,1.61,0.24,0.25,32.36,99,4.34,2.84,0.09,0,0.09,0.09,1.14,1.14,0,0,0,0,0.19,22,71,7,30,63,7,19.78,20.92,0.95,92,1.13,18.74,19.27,0,0,0,0,0,,0,0,,0,0,0,0,0,0,19,8,2.06,18,-0.01,0.06,-0.05,-0.01,,-0.01
Ian Murphy,San Diego FC,Major League Soccer,2026,442,Left Centre Back,USA,26,15/01/00,0,0,0,,0,,,0,,0,0,0,0,0,0,0,0,0,0,0,0,0,0,0,0,0,,0.2,0,0.2,0,1.02,1.31,2.65,3.18,5.3,3.46,0.11,3.67,24.79,6.52,1.43,0.2,1.22,50,0.24,1.55,0.61,100,0.2,33,0.41,0,4.48,5.78,1.63,1.22,0.41,35.51,1.43,32,0.82,67,0.2,0,0,58.28,94,3.67,85,75,3.06,4.48,8,80,-14,33.32,2.24,0.24,0.24,49.93,100,2.93,2.85,0.2,0,0.2,0.2,0.41,0.41,0,0,0,,0.2,27,69,4,21,79,0,18.71,19.85,0.96,98,1.14,17.96,19.39,0,0,0,0,0,,0,0,,0,0,0,0,0,0,10,6,2.93,21,0.05,0.03,-0.08,,,0
Ian Smith,Portland Timbers,Major League Soccer,2026,489,Left Back,USA,24,25/07/02,0,0,0.1,0.14,0.74,0,25,0,,0.11,0,0.05,0.92,0,0.05,0.92,0,0,0,0,0.16,1.66,-0.16,0.74,0.74,0,100,1.1,0,0.74,0.55,2.03,1.68,2.39,2.63,19.51,10.31,0.08,8.28,32.09,6.08,2.76,2.21,4.23,80,2.09,3.78,1.29,50,0.55,65,2.76,0,16.38,16.31,5.15,2.39,0.92,36.33,4.05,25,1.66,69,0.55,0,0,41.79,87,1.47,90,50,3.13,2.21,23,74,-13,49.22,3.87,0.55,0.58,36.45,97,4.75,11.78,0.92,0.92,0,0.55,3.13,4.05,0.37,0,0.18,50,1.1,25,60,15,20,66,14,16.56,17.28,0.96,97,0.71,15.9,16.74,0,0,0,0,0,,0,0,,0,0,0,0,0,0,19,10,3.88,31,0.07,0.08,0.22,0.01,,0.38
Ibrahim Aliyu,Houston Dynamo,Major League Soccer,2026,473,Right Midfielder,Nigeria,24,15/01/02,0.38,0.38,0.13,0.08,1.52,25,25,3,,0.2,0,0.11,0.95,0,0.11,0.95,0,0,0,0.38,0.23,2.48,0.15,1.52,0.57,0.95,38,0.38,0,0.76,1.71,0.95,0.72,0.95,0.73,23.99,15.23,0.02,5.14,37.88,4.76,1.71,2.29,3.24,71,1.85,2.57,1.9,56,0.95,57,0.76,0,19.8,11.95,3.62,3.05,0.95,40.75,7.24,37,1.33,44,0.38,0,0,19.99,79,0.76,9,44,1.33,1.33,14,63,-17,56.85,1.71,0.44,0.52,20.57,90,6.05,8.19,0.76,0.76,0,0,2.48,3.24,0,25,0.19,50,0.19,13,68,20,7,60,33,17.02,15.77,0.98,84,-1.25,16.65,13.29,0,0,0,0,0,,0,0,,0,0,0,0,0,0,22,7,3.52,24,-0.03,0.09,0.03,0.01,,0.1
Idan Toklomati,Charlotte,Major League Soccer,2026,1825,Centre Forward,Israel,22,08/08/04,0.35,0.35,0.31,0.19,1.68,21,44,4,0,0.32,0.05,0.07,0.64,0.05,0.07,0.64,0,0,0,0.39,0.38,2.32,0.02,0.94,0.39,0.54,42,1.48,0.05,1.78,2.86,0.3,0.24,0.49,0.44,23.67,11.94,0.02,4.04,63.83,2.22,1.53,0.44,0.74,60,0.33,0.57,0.94,33,0.3,48,1.97,0,22.29,18.56,3.7,2.96,0.74,65.42,18.05,81,2.66,90,0.05,0,0,11.29,79,0.39,9,80,0.49,0.49,22,62,-17,61.66,0.94,0.45,0.6,13.32,74,5.03,4.59,0.49,0.49,0,0.2,5.52,6.02,0.05,10,0.05,25,0.79,7,58,35,4,67,29,13.64,11.79,1.05,113,-1.85,14.3,13.34,0,0,0,0,0,,0,0,,0,0,0,0,0,0,21,6,2.35,19,-0.04,-0.03,0.03,0.02,,-0.03
Ilay Feingold,New England Revolution,Major League Soccer,2026,771,Right Back,Israel,22,22/08/04,0.12,0.12,0.1,0.14,0.7,17,17,1,,0.11,0,0.13,0.93,0,0.13,0.93,0,0,0,0.12,0.24,1.64,-0.12,1.28,0.58,0.7,45,1.64,0,1.05,1.28,1.05,0.68,3.15,2.64,13.08,6.19,0.01,4.56,29.08,7.71,2.69,1.99,3.04,81,1.37,2.05,0.23,56,0.47,36,0.93,0,10.86,9.18,3.5,2.69,0.82,33.91,2.69,25,1.64,61,0.12,0,0,48.36,83,2.45,11,48,4.32,3.97,12,70,-13,46.11,4.09,0.57,0.65,45.09,96,4.91,8.41,0.93,0.93,0,0.35,1.99,2.92,0,38,0.7,30,0.47,22,67,11,10,78,13,19.43,19.28,0.93,88,-0.15,18.12,16.99,0,0,0,0,0,,0,0,,0,0,0,0,0,0,19,7,5.89,52,0.14,0.07,0.08,0.02,,0.3
Ilie Sánchez,Austin FC,Major League Soccer,2026,1147,Left Defensive Midfielder,Spain,36,20/11/90,0.08,0.08,0.07,0.12,0.63,13,38,0,,0.11,0,0,0,0,0,0,0,0,0,0.08,0.07,0.63,0,0.08,0,0.08,0,0.71,0,0.31,0.39,0.86,0.79,2.04,1.83,10.04,6.59,0.04,3.84,33.91,8.4,3.84,0.78,1.65,67,0.78,1.57,1.02,29,0.39,48,1.1,0,8.24,7.88,2.82,1.26,0.24,39.33,2.51,30,0.78,63,0.31,0,0,42.76,89,2.75,8,65,2.9,3.37,15,85,-4,44.83,3.77,0.44,0.47,28.09,97,3.1,7.22,0.55,0.47,0.08,0,0.78,1.26,0,14,0.08,100,0,19,71,9,21,74,5,19.01,18.55,0.95,97,-0.46,18.05,18.07,0,0,0,0,0,,0,0,,0,0,0,0,0,0,15,9,2.79,26,0.1,0.03,0.02,0.01,,0.17
Indiana Vassilev,Philadelphia Union,Major League Soccer,2026,1580,Left Midfielder,USA,25,15/02/01,0.17,0.11,0.08,0.09,0.91,13,31,1,100,0.12,0,0.1,0.85,0,0.1,0.8,0,0,0.06,0.11,0.18,1.77,-0.06,1.31,0.57,0.74,43,1.2,0,1.2,2.17,0.17,0.14,0.23,0.16,19.54,10.94,0.01,6.04,54.25,6.44,4.33,1.25,1.42,54,0.98,1.12,0.97,29,1.08,40,0.57,0,17.32,14.35,5.41,4.1,1.82,54.43,10.2,59,3.02,74,0.06,0,0,27.52,75,0.91,81,53,0.23,1.71,17,72,-4,62.46,3.19,0.42,0.54,26.04,89,5.15,11.34,1.37,1.14,0.23,0.34,2.56,3.7,0.11,21,0.34,24,0.34,22,61,17,26,57,17,15.82,12.05,0.96,111,-3.77,15.15,13.41,0,0,0,0,0,,0,0,,0,0,0,0,0,0,23,8,5.75,33,0.04,0.04,-0.02,0.01,,0.08
Iván Angulo,Orlando City,Major League Soccer,2026,2241,Left Wing Back,Colombia,27,21/03/99,0.04,0.04,0.08,0.14,0.56,7,43,1,,0.04,0.16,0.13,1.24,0.16,0.13,1.24,0,0,0,0.2,0.21,1.81,-0.01,2.61,1.28,1.33,49,1.12,0,1.28,2.25,0.68,0.6,0.2,0.16,23.89,12.85,0,7.51,43.11,6.38,2.57,1.81,2.49,79,1.57,2.17,0.96,47,0.48,14,0.08,0.08,21.16,17.92,6.22,4.22,1.57,44.06,8.75,41,2.85,68,0.16,0,0,37.87,86,1.41,15,74,0.6,1.49,15,83,-3,54.14,4.98,0.59,0.66,38.43,92,6.06,12.29,1.53,1.49,0.04,0.64,2.29,3.77,0.04,13,0.44,55,0.52,18,70,12,23,67,11,15.45,15.32,0.98,101,-0.13,15.1,15.39,0,0,0,0,0,,0,0,,0,0,0,0,0,0,18,10,5.28,39,0.08,0.12,0.04,0.01,,0.25
Iván Jaime,CF Montreal,Major League Soccer,2026,903,Left Wing,Spain,26,25/09/00,0.1,0.1,0.16,0.06,2.69,4,30,3,,0.24,0.1,0.13,1.69,0.1,0.08,0.9,0,0.05,0.8,0.2,0.29,4.39,-0.09,3.59,1.79,1.79,50,2.39,0.1,2.09,3.19,0.2,0.12,0.1,0.03,17.24,8.27,0,3.39,60.22,6.18,3.79,0.8,1,67,0.8,0.92,1.4,33,0.4,42,0.5,0,15.05,14.32,2.99,3.19,0.7,61.03,9.77,65,2.39,75,0.1,0,0,23.52,68,2.19,5,40,0.9,4.68,21,69,1,64.76,3.69,0.42,0.56,30.89,83,6.77,9.67,2.99,1.99,1,0.4,4.09,6.08,0.2,30,0.9,47,0.2,18,69,14,25,65,10,19.6,16.58,0.9,105,-3.02,17.56,17.37,0,0,0,0,0,,0,0,,0,0,0,0,0,0,27,8,5.88,39,0.11,0.21,0,0.04,,0.36
JT Marcinkowski,LA Galaxy,Major League Soccer,2026,1780,Goalkeeper,USA,29,08/05/97,0,0,0,,0,,,0,,0,0,0,0,0,0,0,0,0,0,0,0,0,0,0.05,0.05,0,100,0.1,0,0,0.05,0,0,0.05,0.06,0.2,0.15,0,7.48,2.61,3.84,0,0,0,,0,0,0.1,100,0,,0,0,0.1,0.05,0,0.05,0,12,0,0,0,0,0.1,0,0.05,25.89,74,4.4,23,35,2.88,9.86,18,69,-5,11.42,0.3,0.19,0.19,22.8,100,5.27,0.25,0,0,0,0,0,0,0,,0,,0,36,64,0,100,0,0,34.61,36.75,0.72,74,2.15,24.88,27.11,0.96,1.58,0.62,77,62,15,1.37,4.15,33,12.64,1.98,0.15,0.1,19.26,-1,25,4,1.39,10,0.05,0.09,-0.03,,0.51,0.61
Jack Elliott,Chicago Fire,Major League Soccer,2026,1839,Left Centre Back,England,31,24/08/95,0,0,0.04,0.07,0.59,0,8,0,,0,0,0.01,0.2,0,0.01,0.2,0,0,0,0,0.05,0.78,-0.05,0.24,0.24,0,100,0.2,0,0.2,0.05,0.39,0.42,4.75,4.54,7.39,3.96,0.07,4.11,22.71,9.05,2.15,0.93,1.32,73,1.13,1.55,0.83,62,0.34,67,1.66,0.05,5.63,6.02,2.4,0.78,0.34,31.9,1.52,27,0.44,56,0.2,0,0,60.42,86,4.75,19,52,5.87,8.07,10,68,-17,34.19,3.33,0.62,0.64,49.42,100,3.77,4.21,0.05,0.05,0,0.15,1.76,1.81,0,0,0,0,0.29,24,74,2,48,49,3,23.3,23.7,0.9,91,0.4,20.91,21.47,0,0,0,0,0,,0,0,,0,0,0,0,0,0,17,8,4.33,26,0.03,0.06,0.06,-0.05,,0.11
Jack Harrison,New England Revolution,Major League Soccer,2026,508,Right Wing,England,30,19/11/96,0,0,0.09,0.04,2.12,0,25,2,,0.03,0.53,0.47,3.72,0.53,0.47,3.72,0,0,0,0.53,0.56,5.84,-0.03,1.95,1.42,0.53,73,1.59,0,3.19,1.24,0.35,0.33,0.35,0.45,11.69,5.14,0,2.66,57.44,4.43,2.12,1.24,1.59,88,1.17,1.5,0.89,0,0.18,0,0,0,9.56,10.35,2.12,2.83,0.89,61.11,6.91,72,2.83,100,0.35,0,0,49.23,77,2.83,75,59,1.24,3.9,18,71,-6,66.39,5.31,0.95,1.1,52.24,92,6.67,23.91,4.78,4.78,0,0.53,4.07,8.85,0,48,3.01,49,0.71,13,70,17,11,72,17,18.24,18.34,0.93,101,0.11,16.97,18.51,0,0,0,0,0,,0,0,,0,0,0,0,0,0,23,5,9.69,44,0.33,0.21,0.02,-0.06,,0.5
Jack Jasinski,San Jose Earthquakes,Major League Soccer,2026,628,Right Back,USA,23,03/12/03,0.14,0.14,0.13,0.1,1.29,11,44,1,,0.28,0,0.03,0.43,0,0.03,0.43,0,0,0,0.14,0.16,1.72,-0.01,0.14,0.14,0,100,1,0,0.72,0.86,0.43,0.45,1.86,1.8,13.33,6.6,0.04,4.01,35.26,6.31,2.01,1,1.43,58,1.17,1.62,1.72,38,0.72,82,1.29,0,10.75,11.57,2.87,3.01,0.57,39.66,3.3,31,1.43,48,0.29,0,0,34.55,81,1.72,24,60,2.29,2.44,8,61,-20,51.56,3.87,0.37,0.45,28.96,96,4,9.61,0.57,0.57,0,0.43,3.44,4.01,0,25,0.57,44,0.43,32,53,14,22,58,19,18.77,18.53,0.98,109,-0.25,18.41,20.22,0,0,0,0,0,,0,0,,0,0,0,0,0,0,25,11,5.2,30,0.09,0.02,0.05,0.06,,0.22
Jack Maher,Nashville SC,Major League Soccer,2026,716,Right Centre Back,USA,27,27/10/99,0,0,0.01,0.04,0.38,0,33,0,,0.03,0,0,0,0,0,0,0,0,0,0,0.01,0.38,-0.01,0.13,0,0.13,0,0.13,0,0,0.25,0.63,0.59,5.66,6.64,5.28,2.39,0.09,3.52,24.38,6.91,1.51,0.38,1.01,60,0.39,0.98,0.63,33,0.25,64,1.76,0,4.27,4.31,1.76,0.38,0.13,31.12,1.01,24,0.13,33,0.13,0,0,60.33,92,7.16,34,74,6.79,8.55,11,81,-10,33.95,4.27,0.21,0.22,50.78,100,3.79,4.65,0,0,0,0.13,1.38,1.38,0,,0,,0.13,15,82,3,27,73,0,24.14,24.35,0.96,98,0.21,23.25,23.78,0,0,0,0,0,,0,0,,0,0,0,0,0,0,12,6,2.8,26,0.02,0.05,0.12,-0.02,,0.17
Jack McGlynn,Houston Dynamo,Major League Soccer,2026,1525,Right Centre Midfielder,USA,23,06/07/03,0.12,0.12,0.04,0.03,1.18,10,40,1,,0.12,0.24,0.2,2.66,0.18,0.15,1.65,0.06,0.05,1,0.35,0.24,3.84,0.12,0.71,0.47,0.24,67,0.59,0,0.47,0.47,0.71,0.62,0.71,0.56,10.21,5.31,0.01,2.42,39.12,6.32,2.95,0.41,1.12,58,0.3,0.92,0.47,43,0.3,50,0.24,0,9.33,8.19,2.01,1.12,0.3,42.1,3.07,33,0.3,26,0.12,0,0,58.08,83,6.08,83,61,1.77,8.97,14,87,3,53.39,7.5,0.4,0.48,51.76,98,3.36,18.71,2.6,1.42,1.18,0,0.3,1.71,0.35,16,0.41,19,0.06,21,68,11,29,62,9,21.42,19.13,0.93,97,-2.29,19.81,18.65,0,0,0,0,0,,0,0,,0,0,0,0,0,0,19,8,7.85,58,0.15,0.06,0,0.01,,0.22
Jack Skahan,San Jose Earthquakes,Major League Soccer,2026,769,Right Wing,USA,28,06/02/98,0.23,0.23,0.34,0.27,1.29,18,55,2,,0.31,0.23,0.2,1.05,0.23,0.2,1.05,0,0,0,0.47,0.55,2.34,-0.08,1.52,0.59,0.94,38,0.23,0,2.34,2.46,0.7,0.51,0.82,0.66,13.93,5.85,0.03,3.39,50.47,4.45,2.57,1.17,1.87,56,0.93,1.44,1.17,20,0.94,29,0.47,0,11.59,9.42,2.69,3.16,1.05,52.37,5.97,52,2.34,74,0.12,0,0,24.7,66,0.7,13,32,0.94,2.11,16,68,3,63.13,2.57,0.39,0.81,25.51,83,5.08,9.6,1.05,0.94,0.12,0.47,3.98,4.92,0,56,0.7,27,0.59,14,66,20,12,66,22,17.69,12.52,0.88,97,-5.17,15.61,12.15,0,0,0,0,0,,0,0,,0,0,0,0,0,0,28,9,4.23,29,0.11,0.03,0.03,0.09,,0.26
Jackson Gilman,Toronto FC,Major League Soccer,2026,851,Left Back,USA,22,28/04/04,0,0,0.11,0.14,0.85,0,38,0,,0.13,0,0.02,0.11,0,0.02,0.11,0,0,0,0,0.13,0.95,-0.13,0.11,0,0.11,0,0.32,0,0.21,0.21,0.63,0.47,2.22,1.98,11.42,5.82,0.07,4.65,25.82,7.93,2.75,2.01,2.64,73,1.55,2.02,0.63,54,0.74,62,1.69,0,8.78,6.21,2.54,0.63,0.42,30.87,1.9,22,0.21,33,0.11,0,0,37.33,83,1.8,43,50,2.75,3.07,10,61,-22,41.19,2.64,0.39,0.42,29.4,99,3.58,4.44,0.11,0,0.11,0.11,1.9,1.9,0,0,0,0,0.21,27,65,8,31,52,17,20.98,19.66,0.95,106,-1.33,20.01,20.77,0,0,0,0,0,,0,0,,0,0,0,0,0,0,19,9,2.62,22,0.03,0.03,0.03,0.02,,0.11
Jackson Hopkins,DC United,Major League Soccer,2026,1617,Right Midfielder,USA,22,30/06/04,0.11,0.11,0.26,0.14,1.84,6,48,3,,0.29,0.06,0.1,1.11,0.06,0.08,0.83,0,0.02,0.28,0.17,0.37,2.95,-0.2,1.61,0.83,0.78,52,1.11,0,1.39,2.84,0.28,0.18,0.67,0.36,17.75,8.85,0.01,4.9,51.81,6.29,3.23,1.39,1.67,78,0.77,0.95,1.45,63,0.39,31,1.11,0,14.91,8.49,4.29,3.01,0.78,54.62,8.13,54,2.45,81,0.22,0,0,22.26,71,1.11,19,39,0.89,2.62,24,69,-3,57.86,3.39,0.41,0.67,23.1,85,6.12,7.07,1.28,0.72,0.56,0.45,3.67,4.4,0.06,17,0.45,24,0.61,18,66,16,22,62,16,18.92,13.46,0.92,96,-5.47,17.45,12.97,0,0,0,0,0,,0,0,,0,0,0,0,0,0,29,9,4.07,30,0.06,0.07,-0.05,0.06,,0.15
Jackson Ragen,Seattle Sounders,Major League Soccer,2026,1545,Left Centre Back,USA,28,23/09/98,0,0,0.07,0.09,0.76,0,23,0,,0.04,0,0.02,0.23,0,0.02,0.23,0,0,0,0,0.08,0.99,-0.08,0.23,0.12,0.12,50,0.17,0,0.17,0.17,0.52,0.56,4.54,4.36,7.86,4.89,0.08,4.43,21.91,9.55,2.97,1.17,1.69,77,1.21,1.77,0.52,73,0.35,69,2.33,0,6.17,6.22,2.97,1.28,0.7,29.7,0.99,16,0.29,23,0.35,0.06,0,67.8,92,5.36,10,69,5.07,7.28,7,73,-19,39.26,5.24,0.46,0.51,55.92,99,4.09,6.87,0.06,0.06,0,0.12,1.69,1.75,0,0,0.06,100,0.17,25,73,1,34,64,2,21.56,19.88,0.95,101,-1.68,20.55,19.98,0,0,0,0,0,,0,0,,0,0,0,0,0,0,11,6,5.21,36,0.1,0.06,0.13,-0.06,,0.21
Jackson Travis,Colorado Rapids,Major League Soccer,2026,877,Left Back,USA,22,22/02/04,0,0,0.01,0.04,0.21,0,0,0,,0,0.1,0.03,0.51,0.1,0.01,0.31,0,0.02,0.21,0.1,0.04,0.72,0.06,0.62,0.31,0.31,50,1.54,0,0.62,0.92,1.03,1.14,1.44,1.84,9.44,4.82,0.01,4.21,40.4,6.67,2.56,1.54,2.56,79,1.88,3.02,0.92,50,0.41,59,1.03,0.1,6.98,8.47,2.46,2.15,0.92,45.76,3.49,50,1.33,62,0.21,0,0.1,41.44,86,1.54,73,39,1.95,3.39,12,74,-13,47.87,4.21,0.3,0.31,39.08,96,4.11,7.9,0.31,0.1,0.21,0.1,0.72,0.82,0.1,33,0.1,13,0.1,25,53,23,23,48,29,18.23,16.06,0.95,94,-2.17,17.39,15.08,0,0,0,0,0,,0,0,,0,0,0,0,0,0,17,8,3.35,27,0.02,0.05,0.01,-0.01,,0.07
Jackson Yueill,New England Revolution,Major League Soccer,2026,300,Left Defensive Midfielder,USA,29,18/03/97,0,0,0.02,0.04,0.6,0,50,0,,0.01,0,0.01,0.3,0,0.01,0.3,0,0,0,0,0.04,0.9,-0.04,0,0,0,,0.3,0,0.3,0.3,0,0,1.5,1.15,18.88,9.89,0.02,4.5,41.3,4.8,3,2.1,2.1,88,1.44,1.44,1.2,80,0.3,33,0.3,0,15.59,14.19,4.5,3.3,0.6,43.77,5.4,35,1.8,55,0,0,0,36.57,88,2.1,11,58,1.8,3.3,15,95,7,53.65,4.2,0.31,0.32,28.78,98,3.45,11.69,0.3,0,0.3,0.6,3,3,0,0,0,0,1.2,17,71,12,23,59,18,17.57,13.91,0.94,103,-3.66,16.57,14.3,0,0,0,0,0,,0,0,,0,0,0,0,0,0,12,5,2.04,17,-0.02,0.01,0.01,-0.01,,-0.01
Jacob Bartlett,Sporting Kansas City,Major League Soccer,2026,1090,Left Defensive Midfielder,USA,21,06/10/05,0.08,0.08,0.03,0.39,0.08,100,100,0,,0.01,0,0.02,0.5,0,0.02,0.33,0,0,0.17,0.08,0.05,0.58,0.03,0.25,0.25,0,100,1.4,0,0.58,1.07,0.58,0.35,1.65,1.25,21.06,12.72,0.05,5.86,38.2,6.36,2.73,1.07,1.65,68,0.77,1.11,1.98,29,0.5,50,0.5,0,18.01,12,4.13,3.39,0.91,42.09,6.53,36,1.4,41,0.17,0,0,35.27,83,4.13,17,62,1.9,6.44,12,75,-8,49.83,2.4,0.25,0.27,29.57,96,3.76,6.69,0.91,0.25,0.66,0.08,0.58,0.83,0,64,0.58,41,0.08,14,74,13,14,74,12,22.38,17.1,0.94,93,-5.28,20.96,15.82,0,0,0,0,0,,0,0,,0,0,0,0,0,0,18,5,2.84,33,0.05,0.03,0.12,0,,0.2
Jacob Shaffelburg,LAFC,Major League Soccer,2026,733,Left Wing,Canada,27,25/11/99,0,0,0.07,0.06,1.1,0,33,2,,0.05,0.25,0.31,1.84,0.25,0.28,1.6,0,0.03,0.25,0.25,0.38,2.95,-0.14,1.6,0.49,1.1,31,0.98,0,1.6,2.09,0.25,0.14,0.37,0.35,20.26,12.03,0.02,4.54,50.02,4.05,1.96,0.86,1.1,44,0.53,0.67,1.1,31,1.1,31,0.49,0,18.42,14.26,3.56,2.7,0.61,50.74,9.33,51,2.33,86,0,0,0,26.76,67,1.47,88,55,0.49,2.58,19,61,-5,63.88,1.35,0.34,0.54,26.4,87,5.58,8.84,2.09,1.84,0.25,0.25,3.56,5.4,0,53,1.72,36,0.37,12,65,23,14,50,36,17.78,13.33,0.98,119,-4.45,17.49,15.87,0,0,0,0,0,,0,0,,0,0,0,0,0,0,30,10,4.9,29,0.2,0.13,0.04,-0.06,,0.31
Jahkeele Marshall-Rutty,New York Red Bulls,Major League Soccer,2026,1572,Right Back,Canada,22,15/06/04,0,0,0.03,0.04,0.69,0,25,0,,0.02,0,0.02,0.57,0,0.02,0.52,0,0,0.06,0,0.05,1.26,-0.05,0.63,0.29,0.34,45,0.69,0,0.63,0.92,0.8,0.81,1.72,1.49,13.17,7.73,0.03,4.81,37.38,9.67,4.06,1.72,2.52,61,1.72,2.53,0.69,33,1.09,36,0.46,0,10.76,11.35,3.55,2.63,0.69,41.6,4.35,40,1.83,70,0.17,0,0,52.26,87,2.58,19,55,2.46,3.95,11,81,-5,53.62,8.41,0.52,0.54,44.76,97,5.69,18.72,0.86,0.86,0,0.06,1.77,2.63,0,0,0.23,17,0.29,24,63,14,29,58,12,18.37,19.59,0.95,98,1.22,17.5,19.13,0,0,0,0,0,,0,0,,0,0,0,0,0,0,18,9,5.39,38,0.07,0.11,0.12,-0.02,,0.28
Jake Davis,Sporting Kansas City,Major League Soccer,2026,1681,Right Back,USA,24,02/01/02,0,0,0.02,0.04,0.54,0,0,0,,0,0.11,0.09,0.75,0.11,0.09,0.75,0,0,0,0.11,0.11,1.29,0,0.96,0.59,0.37,61,0.48,0,0.96,1.23,1.71,1.31,1.77,1.15,20.78,11.99,0.02,6.26,37.61,8.19,3.96,2.36,4.07,67,1.76,3.07,1.61,41,1.18,24,0.21,0.16,16.81,11.4,4.6,3.21,0.7,41.25,6.26,37,2.03,63,0.16,0,0,43.37,77,2.89,10,49,2.3,5.35,11,59,-18,54.09,5.35,0.35,0.42,37.8,95,4.16,13.44,1.39,1.34,0.05,0.16,0.7,2.03,0.16,15,0.32,27,0.21,24,66,9,21,68,11,19.93,16.74,0.92,84,-3.18,18.3,14.07,0,0,0,0,0,,0,0,,0,0,0,0,0,0,23,9,4.04,38,0.14,0.09,0.03,-0.02,,0.23
Jakob Glesnes,LA Galaxy,Major League Soccer,2026,1653,Right Centre Back,Norway,32,24/03/94,0,0,0.02,0.04,0.44,0,13,0,,0.01,0,0.01,0.11,0,0.01,0.11,0,0,0,0,0.02,0.54,-0.02,0.38,0.27,0.11,71,0.33,0,0.22,0.44,0.87,0.59,4.36,3.94,8.11,4.52,0.08,4.85,22.35,7.95,1.96,1.2,2.07,67,1.34,1.93,0.82,47,0.6,75,1.47,0,6.15,6,2.67,1.31,0.71,30.71,1.36,22,0.44,33,0.33,0,0,55.26,88,5.88,13,65,4.79,8.66,10,76,-12,36.62,5.01,0.42,0.43,46.33,99,4.75,6.32,0.22,0.22,0,0.11,0.71,0.93,0.05,0,0,,0.11,23,75,2,26,72,2,24,20.83,0.93,95,-3.17,22.31,19.83,0,0,0,0,0,,0,0,,0,0,0,0,0,0,14,8,3.21,24,0.1,0.05,0.17,-0.02,,0.31
Jalen Neal,CF Montreal,Major League Soccer,2026,1000,Right Centre Back,USA,23,23/08/03,0,0,0,0.02,0.18,0,0,0,,0,0,0.02,0.27,0,0.02,0.27,0,0,0,0,0.02,0.45,-0.02,0.09,0.09,0,100,0.54,0,0,0.09,1.26,1.3,3.6,2.92,12.79,8.55,0.04,6.57,32.25,7.74,2.07,1.26,2.52,67,0.9,2.2,1.35,44,0.63,50,1.26,0.09,10.18,8.44,4.32,1.71,0.72,38.27,3.06,30,0.99,58,0.18,0,0,51.51,90,5.67,6,69,4.86,6.93,12,81,-8,36.65,3.6,0.26,0.27,41.87,100,4.28,3.96,0.18,0.18,0,0,0.54,0.72,0.09,0,0,,0,23,75,2,30,68,2,23.65,23.31,0.96,94,-0.34,22.66,21.99,0,0,0,0,0,,0,0,,0,0,0,0,0,0,15,9,2.84,21,-0.01,0.04,0.05,-0.01,,0.07
Jamal Thiaré,Columbus Crew,Major League Soccer,2026,467,Centre Forward,Senegal,33,30/03/93,0.19,0.19,0.31,0.16,1.93,10,30,5,,0.33,0,0.06,1.16,0,0.06,1.16,0,0,0,0.19,0.38,3.08,-0.18,0.58,0.19,0.39,33,1.93,0.19,2.12,3.08,0.39,0.54,0.58,0.6,12.33,6.55,0,2.7,68.57,2.31,1.35,0.58,0.96,60,0.44,0.98,1.54,0,0.39,37,1.35,0,10.6,11.95,2.5,0.96,0.39,71.8,9.83,93,0.96,100,0.39,0,0,10.6,85,0.39,23,67,0.58,0.58,11,57,-28,58.28,1.73,0.26,0.47,12.72,65,5.9,4.43,0.58,0.58,0,0.19,5.78,6.36,0,33,0.19,50,0.77,21,64,15,22,70,9,16.71,12.47,0.95,63,-4.24,15.86,7.84,0,0,0,0,0,,0,0,,0,0,0,0,0,0,23,15,2.04,13,0.08,0,0.02,0.01,,0.11
Jamar Ricketts,San Jose Earthquakes,Major League Soccer,2026,1530,Left Back,USA,25,23/10/01,0,0,0.07,0.13,0.53,0,0,0,,0,0.12,0.14,0.71,0.12,0.14,0.71,0,0,0,0.12,0.21,1.23,-0.09,2.12,0.82,1.29,39,2.29,0.06,0.88,3.41,1.18,1.2,1.59,1.5,18.64,10.47,0.03,5.06,40.15,8.64,3.94,2,3.18,77,1.7,2.9,1.71,71,0.59,43,1,0.06,15,13.51,4.29,2.23,0.71,44.42,6.35,42,1.59,71,0.12,0,0,31.87,78,1.53,79,44,2.06,3,11,70,-8,53.26,4.06,0.38,0.52,31.81,88,5.32,9.64,0.94,0.82,0.12,0.41,1.88,2.71,0.06,38,0.53,25,0.47,26,58,16,29,51,20,17.36,17.66,0.9,99,0.3,15.69,17.53,0,0,0,0,0,,0,0,,0,0,0,0,0,0,22,8,5.86,34,0.11,0.1,0.05,0,,0.26
James Pantemis,Portland Timbers,Major League Soccer,2026,2331,Goalkeeper,Canada,29,20/02/97,0,0,0,,0,,,0,,0,0,0.01,0.08,0,0,0.04,0,0,0.04,0,0.01,0.08,-0.01,0,0,0,,0.08,0,0,0.04,0,0,0,0,0.12,0.08,0,7.95,2.5,3.28,0,0,0,0,0,0,0.04,50,0.04,,0,0,0.08,0.07,0.04,0,0,17,0,0,0,,0.04,0,0,20.19,79,4.83,51,46,2.08,8.38,18,69,-10,11.43,0.97,0.18,0.18,16.1,100,4.63,0.39,0.04,0.04,0,0,0,0.04,0,0,0,,0,42,57,0,90,10,0,33.62,34.35,0.79,74,0.73,26.56,25.25,1.58,1.85,0.27,70,64,5,1.41,5.21,36,14.52,1.75,0.08,0.08,18.78,0,20,4,1.03,7,0.07,0.06,0,,0.17,0.3
James Sands,New York City FC,Major League Soccer,2026,768,Left Centre Back,USA,26,05/07/00,0.12,0.12,0.14,0.18,0.82,14,43,0,,0.17,0,0,0,0,0,0,0,0,0,0.12,0.14,0.82,-0.03,0.12,0,0.12,0,0.82,0,0.23,0.12,1.05,0.94,3.4,3.12,8.79,5.98,0.07,5.04,27.86,9.61,2.58,1.41,2.46,71,1.33,2.27,0.94,29,0.59,68,1.52,0,6.45,5.51,2.93,2.46,1.05,33.35,1.41,22,0.47,19,0.12,0,0,52.87,86,4.57,22,55,5.04,6.68,9,47,-39,32.3,1.76,0.44,0.57,42.2,99,4.21,2.23,0,0,0,0.12,1.29,1.29,0,,0,,0.12,28,70,2,32,58,11,23.41,28.73,0.9,74,5.32,21.01,21.28,0,0,0,0,0,,0,0,,0,0,0,0,0,0,14,6,4.22,29,0.07,0.04,0.06,-0.03,,0.14
Jansen Miller,Sporting Kansas City,Major League Soccer,2026,692,Right Centre Back,USA,24,09/02/02,0,0,0.03,0.12,0.26,0,100,0,,0.1,0,0,0,0,0,0,0,0,0,0,0.03,0.26,-0.03,0,0,0,,1.17,0,0.26,0.26,1.04,0.65,3.9,3.17,13.27,7.16,0.07,4.29,28.29,9.63,1.95,1.3,2.34,83,1.14,1.78,2.08,60,0.26,76,2.08,0,9.89,7.15,3.51,1.43,0.39,34.47,2.73,28,1.04,73,0.39,0,0,35.39,77,2.99,18,51,5.07,4.68,15,60,-17,35.58,1.82,0.19,0.19,25.89,98,5.1,2.21,0,0,0,0,0.91,0.91,0,,0,,0.13,25,71,4,29,59,12,22.52,22.73,0.94,104,0.21,21.11,23.72,0,0,0,0,0,,0,0,,0,0,0,0,0,0,22,9,1.09,12,0.02,0.05,0.05,0.02,,0.14
Japhet Larsen,Philadelphia Union,Major League Soccer,2026,865,Right Centre Back,Denmark,26,09/04/00,0.1,0.1,0.02,0.05,0.31,33,67,0,,0.06,0,0.02,0.21,0,0.02,0.21,0,0,0,0.1,0.04,0.52,0.07,0.21,0.21,0,100,1.56,0,0.21,0.31,0.73,0.65,3.02,2.76,12.7,6.56,0.06,5,32.01,12.28,3.75,1.67,2.39,84,1.34,1.99,2.71,57,0.31,52,1.14,0,8.43,7.51,3.23,2.39,1.14,36.7,2.29,27,1.35,57,0.42,0,0.1,33.51,77,2.39,9,44,3.43,5,10,61,-16,39.13,3.43,0.27,0.3,22.17,99,6.58,4.47,0.42,0.31,0.1,0.1,1.14,1.46,0,0,0,0,0.1,30,67,3,30,65,5,22.56,20.84,0.9,90,-1.72,20.38,18.68,0,0,0,0,0,,0,0,,0,0,0,0,0,0,29,10,3.36,20,0.07,0.04,0.09,0.03,,0.22
Jared Stroud,DC United,Major League Soccer,2026,542,Right Midfielder,USA,30,09/07/96,0.17,0.17,0.07,0.04,1.83,9,55,3,,0.25,0,0.08,0.83,0,0.08,0.66,0,0,0.17,0.17,0.16,2.66,0.01,0.66,0.33,0.33,50,1.83,0,1,1.83,1.16,0.51,0.66,0.28,24.57,15.6,0.01,7.47,44.5,8.47,3.65,1.83,2.99,44,0.89,1.41,2.16,30,2.32,38,0.5,0,20.58,9.8,5.64,4.48,1.33,46.73,8.63,42,2.49,56,0.5,0,0,23.24,58,1.66,20,40,1.66,3.15,24,54,-4,50.83,2.49,0.23,0.26,20.08,92,6.62,4.48,1.66,0.66,1,0.17,2.82,3.49,0,40,0.66,19,0.17,22,66,12,19,74,7,20.77,19.04,0.89,93,-1.73,18.44,17.69,0,0,0,0,0,,0,0,,0,0,0,0,0,0,29,11,6.03,34,0.13,0.08,0.01,0,,0.21
Jayden Nelson,Austin FC,Major League Soccer,2026,605,Left Midfielder,Canada,24,25/09/02,0.3,0.3,0.13,0.1,1.34,22,33,2,,0.25,0,0.09,0.89,0,0.09,0.89,0,0,0,0.3,0.22,2.23,0.07,3.57,1.78,1.78,50,2.08,0,1.78,4.31,0.45,0.22,0.59,0.39,19.48,10.56,0,3.57,48.85,4.61,2.23,1.19,1.64,80,1.03,1.25,1.78,50,0.3,29,0.59,0,16.51,15.95,3.12,3.42,1.04,50.93,8.18,50,2.08,61,0.3,0,0,31.23,74,1.78,17,60,0.89,2.68,18,74,0,62.13,5.35,0.38,0.44,34.95,85,6.42,12.94,1.04,1.04,0,0.59,3.42,4.46,0.15,29,0.59,31,0.89,15,70,14,16,71,13,17.77,15.05,0.94,100,-2.72,16.73,15.11,0,0,0,0,0,,0,0,,0,0,0,0,0,0,24,9,4.13,32,0.02,0.11,-0.02,0.1,,0.22
Jayden Reid,Sporting Kansas City,Major League Soccer,2026,1153,Left Back,USA,25,28/08/01,0,0,0.04,0.06,0.62,0,50,1,,0.04,0,0.02,0.31,0,0.02,0.31,0,0,0,0,0.06,0.94,-0.06,1.09,0.78,0.31,71,0.94,0,0.94,1.4,1.25,1.08,2.11,1.49,18.1,10.53,0.01,4.92,35.23,7.8,2.81,2.34,3.59,81,1.87,2.96,1.33,42,0.55,42,0.78,0,14.44,10.08,3.75,2.65,0.86,39.65,4.99,35,1.56,59,0.08,0,0,36.36,78,1.79,84,43,2.73,3.59,14,66,-13,50.45,3.98,0.38,0.4,32.23,93,4.84,9.68,0.86,0.86,0,0,1.17,2.03,0.08,55,0.62,25,0.08,23,60,17,22,56,22,18.51,16.78,0.89,99,-1.73,16.56,16.63,0,0,0,0,0,,0,0,,0,0,0,0,0,0,21,9,3.3,30,0.02,0.08,0.03,-0.03,,0.1
Jaziel Orozco,St. Louis City,Major League Soccer,2026,1124,Right Centre Back,USA,22,01/06/04,0,0,0.01,0.05,0.24,0,0,0,,0,0,0.06,0.4,0,0.06,0.4,0,0,0,0,0.07,0.64,-0.07,0.32,0.24,0.08,75,0.72,0,0.24,0.08,1.28,1.34,2.8,2.85,15.93,9.53,0.05,5.85,33.9,7.37,2.96,2,3.28,76,2.05,3.39,1.6,63,0.64,47,1.12,0.08,12.49,12.39,3.84,1.68,0.56,37.67,3.6,29,0.88,52,0.24,0,0,58.61,92,3.92,8,69,3.84,4.64,10,82,-9,45.29,6.89,0.44,0.49,50.45,99,3.94,12.65,0.16,0.16,0,0.08,0.56,0.72,0,0,0,0,0,23,69,7,27,68,5,20.43,20.62,0.96,97,0.2,19.64,20.02,0,0,0,0,0,,0,0,,0,0,0,0,0,0,13,9,3.96,28,0.07,0.05,0.15,-0.02,,0.25
Jeevan Badwal,Vancouver Whitecaps,Major League Soccer,2026,1333,Right Wing,Canada,20,10/03/06,0.07,0.07,0.21,0.26,0.81,8,42,1,,0.12,0.14,0.12,1.01,0.14,0.12,1.01,0,0,0,0.2,0.33,1.82,-0.13,0.41,0.07,0.34,17,2.97,0.07,1.42,1.55,0.81,0.96,0.27,0.36,22.69,11.75,0.01,7.29,57.76,7.29,5.07,1.62,2.43,73,2.09,3.05,1.08,47,0.61,35,0.54,0,19.99,23.71,6.08,3.51,1.28,58.24,13.1,66,2.63,75,0.14,0,0,39.17,89,1.22,13,72,0.54,1.42,18,79,-10,60.03,4.59,0.51,0.72,35.19,93,5.18,17.15,1.08,1.08,0,0.54,3.98,5.07,0,25,0.41,43,1.01,11,70,19,14,68,18,16.51,14.18,1.01,100,-2.34,16.6,14.16,0,0,0,0,0,,0,0,,0,0,0,0,0,0,11,5,6.82,36,-0.05,0.15,0.02,0.04,,0.16
Jefferson Díaz,Minnesota United,Major League Soccer,2026,1928,Right Centre Back,Colombia,26,04/12/00,0,0,0.08,0.09,0.84,0,39,0,,0.06,0.05,0.06,0.56,0.05,0.06,0.56,0,0,0,0.05,0.14,1.4,-0.09,0.47,0.37,0.09,80,0.89,0,0.47,0.47,1.21,1.13,2.61,2.15,13.86,7.61,0.06,6.16,31.76,11.71,3.31,1.63,2.85,70,1.43,2.56,1.45,61,0.7,57,2.05,0.05,10.78,8.81,4.25,1.73,0.84,37.08,3.5,32,0.75,43,0.37,0,0,48.72,85,2.61,13,49,3.31,4.62,11,75,-10,40.62,4.67,0.56,0.6,39.25,98,3.86,7.56,0.42,0.42,0,0.28,2.71,3.13,0.05,22,0.23,42,0.37,34,62,4,36,59,5,19.45,19.44,0.92,96,-0.01,17.87,18.6,0,0,0,0,0,,0,0,,0,0,0,0,0,0,22,12,3.85,26,0.13,0.07,0.05,-0.02,,0.23
Jeisson Palacios,Nashville SC,Major League Soccer,2026,1691,Right Centre Back,Colombia,32,19/03/94,0.05,0.05,0.05,0.1,0.53,10,30,0,,0.04,0.05,0.01,0.16,0.05,0.01,0.16,0,0,0,0.11,0.06,0.69,0.05,0.43,0.43,0,100,1.44,0.05,0.27,0.32,0.9,1.21,3.89,4.87,9.21,4.36,0.09,4.9,25.39,8.46,2.13,1.7,2.61,78,2.11,3.32,0.69,60,0.48,67,2.61,0,6.81,8.58,3.19,1.38,0.59,29.71,1.12,16,0.21,15,0.16,0,0,66.42,92,5,11,72,4.79,6.01,14,81,-11,36.76,4.47,0.52,0.55,58.97,99,4.51,5.85,0.11,0.11,0,0.05,1.65,1.76,0,0,0,0,0.11,19,78,4,29,67,4,21.34,21.79,0.97,97,0.45,20.63,21.2,0,0,0,0,0,,0,0,,0,0,0,0,0,0,14,8,4.14,29,0.03,0.07,0.1,-0.02,,0.18
Jeppe Tverskov,San Diego FC,Major League Soccer,2026,1509,Centre Defensive Midfielder,Denmark,33,11/03/93,0,0,0.05,0.15,0.36,0,17,0,,0,0.06,0.1,1.13,0.06,0.1,1.13,0,0,0,0.06,0.15,1.49,-0.1,0.72,0.42,0.3,58,1.31,0,0.66,1.01,0.89,1.32,1.43,2.18,12.47,7.34,0.05,6.09,40.28,9.9,4.35,2.15,3.04,77,3.31,4.63,1.37,52,0.66,60,0.72,0.06,8.95,13.61,4,2.86,1.67,44.91,4.47,50,1.91,67,0.12,0.06,0,94.8,90,5.31,18,60,2.27,7.99,16,86,-4,45.96,8.47,0.85,0.87,78.33,98,2.97,18.49,1.97,1.97,0,0.36,2.51,4.47,0.36,6,0.12,25,0.54,19,69,13,31,65,5,17.82,16.18,0.94,94,-1.64,16.81,15.19,0,0,0,0,0,,0,0,,0,0,0,0,0,0,13,7,6.76,48,0.1,0.1,0.08,-0.05,,0.23
Jeremy Ebobisse,LAFC,Major League Soccer,2026,439,Centre Forward,Cameroon,29,13/02/97,0,0,0.17,0.16,1.03,0,40,3,,0.14,0,0,0.21,0,0,0.21,0,0,0,0,0.17,1.23,-0.17,0,0,0,,0.82,0,1.44,1.03,0,0,0.82,0.74,17.24,9.44,0.04,3.28,60.53,3.69,2.46,0.82,0.82,67,0.6,0.6,0.41,33,0.41,29,0.41,0,16.01,13.29,2.67,1.85,0.41,65.51,11.9,74,1.85,100,0,0,0,14.98,85,0.41,69,67,0.82,0.62,19,80,-5,53.77,1.23,0.21,0.27,14.16,83,3.4,4.93,0,0,0,0.21,1.64,1.64,0,,0,,0.21,8,66,27,8,67,25,16.09,15.02,0.99,103,-1.07,15.92,15.44,0,0,0,0,0,,0,0,,0,0,0,0,0,0,15,6,0.76,6,-0.04,-0.01,-0.27,-0.01,,-0.32
Jesus Ferreira,Seattle Sounders,Major League Soccer,2026,1275,Right Wing,USA,26,23/12/00,0.14,0.14,0.14,0.09,1.48,10,38,2,0,0.18,0.21,0.25,2.4,0.21,0.22,1.91,0,0.03,0.49,0.35,0.39,3.88,-0.04,1.06,0.71,0.35,67,0.35,0,0.56,1.55,0.85,0.9,0.64,0.61,17.08,9.67,0.01,3.95,51.05,5.86,3.03,1.2,2.05,74,1.38,2.28,0.64,44,0.42,33,0.14,0,15.31,16.21,3.39,2.82,0.78,53.17,8.47,55,2.05,73,0.07,0,0,42.13,77,2.47,10,60,0.85,3.88,14,70,-6,61.49,5.5,0.45,0.71,35.78,95,3.44,15.95,2.61,1.83,0.78,0.78,5.15,6.99,0.42,8,0.28,17,1.13,15,66,19,18,65,17,17.73,13.07,0.97,104,-4.66,17.2,13.58,0,0,0,0,0,,0,0,,0,0,0,0,0,0,23,7,6.7,45,0.01,0.08,0.06,0.04,,0.19
Jesús Bueno,Philadelphia Union,Major League Soccer,2026,830,Right Defensive Midfielder,Venezuela,27,14/04/99,0.11,0.11,0.07,0.06,1.19,9,45,1,,0.09,0,0.02,0.65,0,0.02,0.54,0,0,0.11,0.11,0.09,1.84,0.02,0.54,0.43,0.11,80,1.63,0,1.08,0.76,1.3,0.99,1.3,1.34,18.54,9.11,0.02,6.18,46.78,12.03,7.05,1.63,2.93,58,1.74,2.72,1.73,27,1.19,89,0.87,0,15.18,14.22,4.55,4.44,1.95,50.3,7.59,50,2.49,56,0.33,0,0,39.35,84,2.17,26,57,1.52,3.58,12,71,-13,52.46,6.29,0.58,0.62,30.57,94,4.64,12.36,1.3,1.08,0.22,0.11,1.52,2.6,0,0,0,0,0.22,17,74,8,18,81,2,19.46,17.65,0.94,111,-1.81,18.37,19.51,0,0,0,0,0,,0,0,,0,0,0,0,0,0,23,9,5.04,31,0.06,0.1,0.05,0,,0.21
Jimer Fory,Portland Timbers,Major League Soccer,2026,2044,Left Back,Colombia,24,23/05/02,0,0,0.03,0.12,0.26,0,17,0,,0.03,0.09,0.08,0.48,0.09,0.08,0.48,0,0,0,0.09,0.11,0.75,-0.02,0.62,0.35,0.26,57,0.53,0,0.44,0.53,1.58,1.41,2.64,2.87,14.4,7.7,0.02,5.81,31.59,9.02,2.91,1.89,3.48,73,1.89,3.31,1.23,48,0.7,66,1.63,0.04,11.27,10.73,3.87,1.72,0.57,35.32,3.3,29,0.92,54,0.13,0,0.04,49.39,83,3.21,81,54,3.57,4.97,12,72,-11,48.43,5.5,0.48,0.56,41.21,98,3.62,11.01,0.75,0.62,0.13,0.13,1.01,1.63,0.04,18,0.22,14,0.13,29,63,8,31,60,9,19.75,20.07,0.94,98,0.32,18.66,19.75,0,0,0,0,0,,0,0,,0,0,0,0,0,0,22,10,4.17,29,0.11,0.07,0.04,0.01,,0.23
Joaquín Pereyra,Minnesota United,Major League Soccer,2026,2204,Right Attacking Midfielder,Argentina,28,30/11/98,0.12,0.12,0.1,0.05,1.84,7,27,2,,0.09,0.33,0.31,2.49,0.12,0.16,1.31,0.2,0.15,1.18,0.45,0.41,4.33,0.04,2.41,1.14,1.27,47,2.37,0,1.84,2.94,0.9,0.77,0.49,0.39,18.91,9.68,0.01,4.53,57.55,7.43,4.53,1.43,2.33,78,1.06,1.83,1.23,47,0.41,26,0.37,0,16.25,12.52,3.96,4.25,1.43,59.45,10.78,66,3.1,73,0.16,0,0,44.88,75,5.8,86,57,1.39,9.35,16,75,0,57.77,7.39,0.53,0.75,44.44,91,4.87,16.87,4.29,2.74,1.55,0.29,3.23,5.96,0.16,16,0.82,33,0.41,18,70,12,23,68,9,22.05,17.92,0.92,98,-4.13,20.29,17.63,0,0,0,0,0,,0,0,,0,0,0,0,0,0,21,7,8.13,56,0.26,0.08,0.02,-0.06,,0.29
Joaquín Valiente,FC Dallas,Major League Soccer,2026,1513,Right Midfielder,Uruguay,25,12/04/01,0.06,0.06,0.08,0.08,1.01,6,24,2,,0.1,0.42,0.17,1.84,0.36,0.11,1.31,0.06,0.06,0.54,0.48,0.24,2.86,0.23,0.65,0.24,0.42,36,0.18,0,1.07,2.08,0.42,0.24,0.18,0.08,21.59,10.71,0.01,5.12,54.9,6.01,3.45,1.49,1.9,66,0.96,1.2,0.48,45,0.77,21,0.24,0,19.63,11.63,4.64,4.58,1.49,57.31,12.31,63,3.33,73,0.06,0,0,31.7,75,1.84,86,40,0.71,4.04,15,77,2,59.6,3.57,0.37,0.48,26.83,92,5.15,11.84,2.08,1.49,0.59,0.42,2.62,4.1,0.24,6,0.36,23,0.59,15,72,13,19,65,16,18.01,16.39,0.88,89,-1.61,15.82,14.52,0,0,0,0,0,,0,0,,0,0,0,0,0,0,24,7,6.98,51,0.08,0.03,0.02,0.04,,0.17
Joel Waterman,Chicago Fire,Major League Soccer,2026,1242,Right Centre Back,Canada,30,23/01/96,0.07,0.07,0.03,0.23,0.14,50,50,0,,0.05,0,0.02,0.29,0,0.02,0.29,0,0,0,0.07,0.05,0.43,0.02,0,0,0,,0.58,0,0.29,0.22,0.8,0.92,3.77,3.9,8.26,5.51,0.07,4.13,27.63,10.43,2.54,0.94,1.74,87,0.99,1.9,0.94,50,0.14,42,0.8,0,6.37,6.21,2.68,1.09,0.51,33.96,1.38,22,0.51,47,0.36,0,0,62.3,90,3.69,12,52,4.85,6.01,11,81,-9,35.22,3.19,0.39,0.39,51.43,99,3.89,4.49,0,0,0,0.07,0.51,0.51,0,,0.07,50,0.22,24,72,3,42,50,8,21.96,23.18,0.92,93,1.22,20.24,21.48,0,0,0,0,0,,0,0,,0,0,0,0,0,0,15,8,3.44,26,0.07,0.06,0.1,0.02,,0.25
John Nelson,LA Galaxy,Major League Soccer,2026,1404,Left Back,USA,28,10/07/98,0,0,0.01,0.03,0.26,0,50,0,,0.01,0,0.01,0.13,0,0.01,0.13,0,0,0,0,0.02,0.38,-0.02,0.64,0.51,0.13,80,0.45,0,0.45,0.9,0.38,0.42,2.63,2.36,10.83,6.02,0.01,3.97,29.88,7.11,3.65,1.35,1.73,68,1.18,1.61,0.26,47,0.64,38,0.58,0.13,9.23,8.47,2.63,1.41,0.38,32.99,2.11,23,0.58,41,0.06,0,0,36.33,82,2.5,69,66,3.08,3.33,10,72,-9,49.75,3.91,0.4,0.4,30.25,97,4.42,9.74,0.26,0.26,0,0.06,0.9,1.15,0,0,0.26,33,0.32,30,56,15,28,57,15,19.3,19.02,0.97,97,-0.28,18.81,18.37,0,0,0,0,0,,0,0,,0,0,0,0,0,0,22,9,4.17,30,0.04,0.04,0.03,-0.01,,0.1
John Pulskamp,Sporting Kansas City,Major League Soccer,2026,902,Goalkeeper,USA,25,18/04/01,0,0,0,,0,,,0,,0,0,0,0,0,0,0,0,0,0,0,0,0,0,0,0,0,,0.2,0,0,0,0,0,0,0,0.2,0.3,0,9.28,2.92,2.69,0,0,0,0,0,0,0,0,0.2,,0,0.3,0.2,0.12,0.2,0,0,13.95,0,0,0,,0,0,0,21.36,69,6.09,19,41,2.4,12.48,16,63,-5,9.46,1,0.07,0.07,18.27,100,4.87,0.6,0,0,0,0,0,0,0,,0,,0,42,58,0,100,0,0,40.25,37.9,0.75,76,-2.35,30.37,28.85,2.5,2.46,-0.03,46,46,-1,2.39,4.59,31,14.77,2.06,0.2,0,16.09,0,27,5,0.68,10,0.04,0.08,,,-0.2,-0.08
Jon Bell,Austin FC,Major League Soccer,2026,1058,Left Centre Back,USA,29,25/08/97,0.17,0.17,0.05,0.09,0.51,33,50,0,,0.04,0,0.01,0.26,0,0.01,0.26,0,0,0,0.17,0.06,0.77,0.11,0.6,0.51,0.09,86,0.26,0,0.51,0.09,1.02,0.89,3.91,3.14,9.27,4.59,0.05,5.36,22.73,6.29,0.85,0.94,1.96,92,0.66,1.55,0.51,67,0.09,43,1.11,0.34,7.91,6.56,3.23,1.36,0.6,28.13,1.19,15,0.51,38,0.09,0,0,39.97,85,2.64,86,53,4.34,4.51,14,78,-7,35.78,1.87,0.3,0.33,34.1,99,3.32,2.81,0.26,0.26,0,0,0.94,1.19,0,33,0.09,33,0,22,73,5,21,70,9,21.12,19.3,0.93,98,-1.82,19.56,19,0,0,0,0,0,,0,0,,0,0,0,0,0,0,18,8,2.21,24,0.02,0.05,0.05,-0.04,,0.08
Jon Gallagher,Austin FC,Major League Soccer,2026,1878,Right Back,Republic of Ireland,30,22/02/96,0,0,0.04,0.06,0.67,0,29,1,,0.05,0.05,0.11,0.81,0.05,0.11,0.72,0,0,0.1,0.05,0.15,1.49,-0.11,0.72,0.34,0.38,47,1.01,0,0.48,1.29,0.38,0.28,1.63,1.15,14.67,8.77,0.03,4.07,37.32,5.18,2.64,1.25,1.63,70,1.2,1.48,0.81,55,0.53,32,0.29,0.05,12.61,11.56,3.26,2.2,0.67,41.9,4.6,37,1.44,65,0.05,0,0,28.81,76,1.44,16,43,2.2,2.73,16,67,-9,53.93,2.35,0.27,0.32,26.22,94,4.99,7.86,0.91,0.67,0.24,0.38,2.3,2.97,0,47,0.67,26,0.34,18,61,21,12,58,30,18.96,17.82,0.92,98,-1.14,17.47,17.55,0,0,0,0,0,,0,0,,0,0,0,0,0,0,26,10,3.47,32,0.08,0.05,0.07,-0.03,,0.16
Jonathan Bamba,Chicago Fire,Major League Soccer,2026,1216,Left Wing,Côte d'Ivoire,30,25/03/96,0.15,0.15,0.27,0.13,2,7,37,3,,0.34,0.15,0.23,1.41,0.15,0.23,1.41,0,0,0,0.3,0.49,3.4,-0.19,2.37,0.81,1.55,34,1.41,0,2.52,2.66,0.52,0.6,0.37,0.4,13.84,7.1,0.01,4.07,47.89,6.07,3.63,1.55,2.07,72,1.61,2.2,0.81,53,0.59,48,0.74,0,11.47,11.82,3.33,2.81,1.11,50.98,6.14,54,1.92,68,0.15,0,0,35.14,81,1.41,9,58,0.59,2.22,20,79,-2,58.94,5.77,0.57,0.91,38.4,88,7.11,13.1,1.92,1.85,0.07,0.74,4.59,6.44,0.22,4,0.22,17,0.81,18,69,14,21,66,13,16.06,12.54,0.96,104,-3.52,15.41,13.01,0,0,0,0,0,,0,0,,0,0,0,0,0,0,21,10,6.21,43,0.05,0.11,0.03,0.08,,0.28
Jonathan Bond,Houston Dynamo,Major League Soccer,2026,2289,Goalkeeper,England,33,18/05/93,0,0,0,,0,,,0,,0,0,0,0.04,0,0,0.04,0,0,0,0,0,0.04,0,0,0,0,,0.24,0,0,0.04,0,0,0,0,0.04,0,0,5.82,2.5,3.42,0,0,0,,0,0,0.04,100,0,,0,0,0,0,0,0,0,,0,,0,,0,0,0,24.57,83,5.27,6,53,3.14,6.84,23,69,-13,12.66,0.2,0.23,0.23,22.25,100,5.35,0.04,0,0,0,0,0,0,0,,0,,0,38,62,0,100,0,0,30.58,34.06,0.84,82,3.48,25.8,27.81,0.86,0.78,-0.09,69,72,-3,0.78,2.79,29,9.75,1.53,0.08,0.04,20.9,-1,21,6,1.73,13,0.04,0.09,0,,-0.02,0.1
Jonathan Dean,Chicago Fire,Major League Soccer,2026,1319,Right Back,USA,29,14/05/97,0,0,0,,0,,,0,,0,0,0.06,0.82,0,0.06,0.75,0,0.01,0.07,0,0.06,0.82,-0.06,0.55,0.27,0.27,50,0.89,0,0.68,0.82,1.5,1.55,2.8,3.27,12.49,6.35,0.02,6.42,34.75,8.26,3.69,1.23,2.73,62,1.33,2.88,0.75,31,0.75,56,1.57,0,10.51,11.43,4.85,2.32,1.09,40.07,3.34,32,1.36,59,0.07,0,0.07,37.47,82,1.5,24,52,3.28,2.39,13,72,-10,52.72,3.62,0.44,0.48,29.83,95,3.46,11.06,0.68,0.68,0,0.48,1.43,2.12,0,20,0.61,47,0.55,24,57,19,22,56,22,17.45,17.35,0.95,99,-0.1,16.65,17.12,0,0,0,0,0,,0,0,,0,0,0,0,0,0,20,10,6.01,34,0.12,0.05,0.05,,,0.21
Jonathan Osorio,Toronto FC,Major League Soccer,2026,1740,Left Defensive Midfielder,Canada,34,11/06/92,0,0,0.06,0.12,0.47,0,0,0,,0,0.16,0.07,0.72,0.16,0.07,0.72,0,0,0,0.16,0.12,1.19,0.03,0.88,0.41,0.47,47,1.19,0,0.72,0.93,0.67,0.58,1.09,0.95,15.52,9.05,0.03,4.5,43.42,9.78,5.28,1.14,1.81,65,1.08,1.66,1.29,48,0.62,50,0.41,0,13.09,11,3.67,3.47,1.4,46.23,5.95,45,2.12,61,0.36,0,0,44.44,88,1.6,14,65,1.24,2.33,14,80,-9,50.88,5.02,0.36,0.42,38.18,96,4.62,11.9,0.62,0.62,0,0.52,1.76,2.38,0.1,0,0.05,14,0.57,19,71,10,25,67,8,16.52,14.18,0.98,102,-2.33,16.18,14.54,0,0,0,0,0,,0,0,,0,0,0,0,0,0,14,8,4.38,35,0.01,0.08,0.01,-0.04,,0.07
Jonathan Shore,New York City FC,Major League Soccer,2026,591,Right Defensive Midfielder,USA,19,12/04/07,0,0,0.03,0.03,0.76,0,20,1,,0,0,0.04,0.76,0,0.04,0.76,0,0,0,0,0.07,1.52,-0.07,0.76,0.46,0.3,60,1.68,0,0.76,0.76,1.52,1.7,0.61,0.78,19.8,13.25,0.03,7.16,39.32,9.75,4.26,2.74,4.26,67,2.53,4.23,1.68,31,1.37,78,1.07,0,15.38,14.26,5.33,3.2,0.91,40.52,4.57,30,1.68,52,0.15,0,0,39.3,77,3.2,9,53,1.37,5.33,13,69,-8,49.56,3.5,0.32,0.34,33.81,96,5.83,8.07,0.76,0.76,0,0.15,0.91,1.68,0,0,0,0,0,24,67,9,21,66,13,19.81,19.89,0.88,100,0.08,17.36,19.91,0,0,0,0,0,,0,0,,0,0,0,0,0,0,19,5,3.64,20,0.01,0.08,0.07,-0.02,,0.14
Jonathan Sirois,FC Dallas,Major League Soccer,2026,900,Goalkeeper,Canada,25,26/06/01,0,0,0,,0,,,0,,0,0,0,0,0,0,0,0,0,0,0,0,0,0,0,0,0,,0.2,0,0,0,0,0,0,0,0,0,0,7.4,2.55,3.6,0,0,0,,0,0,0,,0,,0,0,0,0,0,0,0,,0,,0,,0,0,0,20.41,65,6.6,13,39,1.6,15.41,9,62,-3,11.79,0.6,0.17,0.17,18.11,100,5.35,0.1,0,0,0,0,0,0,0,,0,,0,53,47,0,100,0,0,43.03,35.51,0.71,81,-7.52,30.71,28.84,1.9,1.97,0.07,66,65,1,1.41,5.6,40,13.91,1.76,0.1,0,22.78,-3,28,2,0.76,5,0.08,0.06,,,0.05,0.2
Jordan Morris,Seattle Sounders,Major League Soccer,2026,716,Right Wing,USA,32,25/10/94,0.13,0.13,0.33,0.17,1.88,7,53,4,,0.28,0.13,0.09,1,0.13,0.09,1,0,0,0,0.25,0.42,2.89,-0.17,1,0.63,0.38,63,0.75,0,0.63,1.63,0.5,0.57,0.38,0.36,14.07,7.54,0.01,4.02,63.49,3.27,1.63,0.5,1,80,0.61,1.17,0.63,50,0.13,43,2.01,0,12.94,14.69,3.77,3.52,1.26,65.69,9.42,73,3.14,89,0,0,0,18.09,74,0.5,15,67,0.5,0.63,16,56,-18,66.29,1.26,0.44,0.67,16.33,89,6.17,8.04,0.63,0.63,0,1,7.41,8.04,0.13,0,0.38,43,1.38,14,75,11,8,78,14,13.47,13.94,1.03,119,0.47,13.87,16.61,0,0,0,0,0,,0,0,,0,0,0,0,0,0,27,9,3.58,21,0.01,0.06,0.04,0.05,,0.15
Jorge Alastuey,Austin FC,Major League Soccer,2026,414,Left Defensive Midfielder,Spain,23,13/05/03,0,0,0.07,0.06,1.3,0,17,1,,0,0,0.05,0.65,0,0.05,0.65,0,0,0,0,0.13,1.96,-0.13,0.22,0,0.22,0,0.87,0,0.22,0.22,1.09,1.29,1.09,0.74,14.35,8.92,0,4.13,48.42,6.74,3.7,0.87,1.96,80,0.85,2.14,0.65,67,0.22,22,0.43,0,12.83,11.38,3.04,2.61,0.65,54.22,8.7,68,2.17,83,0,0,0,33.71,80,2.61,84,67,1.52,3.48,16,65,-14,49,3.48,0.31,0.37,28.06,98,5.18,7.39,0.87,0.87,0,0,1.09,1.96,0.22,0,0,0,0,17,65,18,15,71,15,18.19,18.69,0.97,105,0.5,17.56,19.54,0,0,0,0,0,,0,0,,0,0,0,0,0,0,17,6,4.48,41,-0.01,0.09,0.04,-0.03,,0.09
Jorge Ruvalcaba,New York Red Bulls,Major League Soccer,2026,1719,Left Wing,Mexico,25,22/07/01,0.37,0.37,0.25,0.09,2.72,13,33,4,,0.36,0,0.08,0.89,0,0.08,0.89,0,0,0,0.37,0.33,3.61,0.04,1.31,0.89,0.42,68,0.52,0,1.05,1.31,0.31,0.37,0.21,0.19,16.49,9.53,0,3.72,60.15,4.19,2.88,0.58,0.89,55,0.62,0.98,0.73,25,0.47,60,0.16,0,15.24,16.49,3.35,3.19,0.58,61.76,10.63,70,2.51,79,0.26,0,0,27.59,83,1.78,3,77,0.52,1.99,15,80,-3,65.52,2.57,0.51,0.68,29.37,93,6.37,13.77,1.15,1.1,0.05,1.1,7.02,8.11,0.05,0,0.42,31,1.36,10,65,24,12,64,24,17.13,16.01,1,98,-1.12,17.05,15.72,0,0,0,0,0,,0,0,,0,0,0,0,0,0,20,9,4.24,29,-0.02,0.13,0,0.07,,0.18
Joseph Paintsil,LA Galaxy,Major League Soccer,2026,1675,Centre Forward,Ghana,28,31/01/98,0.27,0.27,0.3,0.15,2.04,13,53,4,,0.42,0.11,0.14,0.91,0.11,0.14,0.81,0,0,0.11,0.38,0.44,2.96,-0.07,2.47,1.02,1.45,41,2.9,0,2.04,3.55,0.43,0.32,0,0,14.45,6.13,0,3.55,54.95,3.71,1.88,0.91,1.34,81,0.65,0.97,0.86,43,0.21,25,0.16,0,12.68,9.79,3.12,2.2,0.81,55.4,7.36,58,1.72,78,0.16,0,0,21.98,80,0.59,5,50,0,1.18,14,81,1,67.98,2.63,0.47,0.73,28.32,84,7.48,11.5,1.07,0.91,0.16,0.86,5.64,6.56,0.16,5,0.38,24,1.02,10,67,23,13,63,24,15.73,13.11,0.96,104,-2.62,15.06,13.61,0,0,0,0,0,,0,0,,0,0,0,0,0,0,21,8,4.37,33,0.05,0.16,0.01,0.09,,0.32
Joseph Rosales,Austin FC,Major League Soccer,2026,1886,Right Defensive Midfielder,Honduras,26,05/11/00,0.05,0.05,0.06,0.05,1.24,4,12,1,,0.04,0.14,0.1,0.91,0.05,0.09,0.76,0.1,0.02,0.14,0.19,0.17,2.15,0.03,2.29,1.19,1.1,52,2,0,2.1,2.34,0.86,0.76,0.57,0.42,20.32,10.16,0.01,5.3,42.22,7.49,4.1,1.77,2.62,67,1.41,2.17,1.81,36,0.86,29,0.48,0.05,16.89,15.3,4.06,3.39,0.81,44.81,6.54,39,2.1,62,0.19,0,0,37.36,80,3.39,89,59,1.38,4.91,19,79,-1,52.86,4.87,0.4,0.48,39.02,90,6.07,10.07,1.67,1.38,0.29,0.05,1.57,2.96,0.05,40,0.76,37,0.29,18,68,15,21,69,10,19.39,16.9,0.92,99,-2.49,17.9,16.67,0,0,0,0,0,,0,0,,0,0,0,0,0,0,23,8,3.94,36,0.06,0.07,0,-0.02,,0.11
Josh Atencio,Colorado Rapids,Major League Soccer,2026,1297,Left Defensive Midfielder,USA,24,30/01/02,0.07,0.07,0.03,0.06,0.49,14,29,0,,0.03,0,0.04,0.76,0,0.04,0.76,0,0,0,0.07,0.06,1.25,0.01,0.28,0.14,0.14,50,0.35,0,0.49,1.32,0.83,1.11,1.25,1.54,16.24,8.19,0.01,4.3,45.93,8.4,4.23,1.39,2.22,63,1.91,3.01,2.15,31,0.83,64,0.49,0,12.77,15.24,3.26,4.09,1.04,49.25,6.52,51,2.15,53,0.56,0,0,53.29,86,2.01,30,52,1.73,3.4,16,82,-4,46.49,4.02,0.54,0.56,41.21,97,3.58,9.02,0.83,0.83,0,0.07,1.25,2.08,0,17,0.14,25,0.14,21,66,13,28,62,10,17.84,17.04,0.96,97,-0.8,17.15,16.51,0,0,0,0,0,,0,0,,0,0,0,0,0,0,16,8,5.14,36,0,0.05,-0.03,0.01,,0.02
Josh Bauer,Nashville SC,Major League Soccer,2026,602,Right Back,USA,28,21/07/98,0,0,0.04,0.07,0.6,0,0,0,,0,0,0.03,0.45,0,0.03,0.45,0,0,0,0,0.07,1.05,-0.07,0.75,0.6,0.15,80,0.6,0,1.05,0.6,0.6,0.62,2.84,3.36,12.7,5.53,0,4.63,32.78,6.13,2.54,1.2,1.79,73,1.1,1.72,1.34,57,0.45,80,1.79,0,10.16,10.44,2.84,2.09,0.45,37.34,3.44,34,1.34,64,0.15,0,0,44.83,83,1.94,22,65,3.74,2.09,15,67,-15,50.15,3.44,0.18,0.2,40.64,97,3.35,11.8,0.45,0.3,0.15,0,1.49,1.79,0,33,0.3,33,0.15,22,61,17,16,58,25,17.84,16.87,0.99,100,-0.97,17.65,16.93,0,0,0,0,0,,0,0,,0,0,0,0,0,0,20,11,2.57,34,0.07,0.05,0.06,-0.06,,0.12
Josh Sargent,Toronto FC,Major League Soccer,2026,1335,Centre Forward,USA,26,19/02/00,0.47,0.47,0.3,0.13,2.29,21,47,5,,0.42,0.13,0.06,0.47,0.13,0.06,0.47,0,0,0,0.61,0.36,2.76,0.25,1.82,1.21,0.61,67,1.55,0,0.88,2.49,0,0,1.01,0.97,17.59,8.29,0.02,4.79,63.56,3.51,2.43,0.61,0.61,64,0.5,0.5,0.88,17,0.34,38,1.55,0,16.11,13.74,4.52,3.37,1.08,67.85,13.14,82,2.63,78,0,0,0,15.03,67,1.01,21,68,1.21,1.28,21,61,-6,61.68,2.22,0.3,0.49,15.5,85,5.88,5.8,0.54,0.54,0,0.2,4.79,5.33,0,0,0,0,0.34,14,65,21,8,78,14,16.55,14.73,1.02,110,-1.82,16.84,16.15,0,0,0,0,0,,0,0,,0,0,0,0,0,0,29,8,2,15,-0.14,0.05,0.05,0.02,,-0.01
José Caicedo,Portland Timbers,Major League Soccer,2026,1038,Left Defensive Midfielder,Colombia,24,22/05/02,0,0,0.03,0.05,0.69,0,25,0,,0.01,0,0.02,0.52,0,0.02,0.52,0,0,0,0,0.05,1.21,-0.05,0.61,0.17,0.43,29,1.47,0,0.61,0.78,1.73,1.43,2.6,2.24,22.55,14.14,0.06,9.28,34.07,11.1,4.6,2.43,4.16,67,2.33,3.77,1.21,28,1.21,58,1.21,0,19,16.8,6.25,3.82,1.56,38.13,5.2,27,1.65,43,0.17,0,0,61.24,87,4.34,8,70,3.47,5.29,18,79,-8,47.19,6.33,0.56,0.62,50.83,98,3.55,11.97,0.52,0.52,0,0,0.78,1.3,0,0,0,0,0.09,20,72,8,25,71,4,19.09,18.81,0.98,98,-0.28,18.62,18.42,0,0,0,0,0,,0,0,,0,0,0,0,0,0,17,8,5.01,41,0.01,0.09,0.07,-0.02,,0.15
José Cifuentes,Toronto FC,Major League Soccer,2026,882,Centre Attacking Midfielder,Ecuador,27,11/03/99,0.1,0.1,0.1,0.09,1.12,9,27,1,,0.14,0.1,0.11,0.92,0.1,0.11,0.92,0,0,0,0.2,0.21,2.04,-0.01,1.63,1.33,0.31,81,1.23,0,1.63,1.84,0.51,0.51,0.51,0.41,28.18,15.01,0.01,7.55,53.48,10,5.21,1.74,2.25,65,1.27,1.79,1.53,50,0.92,41,0.71,0,24.91,20.01,6.23,5.82,1.94,54.47,14.29,57,3.47,60,0.31,0,0,36.34,73,1.53,14,56,1.23,2.04,28,61,-12,57.43,4.29,0.54,0.58,29.2,90,4.1,13.07,1.23,1.23,0,0.41,1.94,3.16,0.2,25,0.51,42,0.51,19,68,13,24,62,14,16.78,14.97,0.98,100,-1.81,16.47,15.03,0,0,0,0,0,,0,0,,0,0,0,0,0,0,27,8,4.88,42,0.12,0.1,-0.01,0.04,,0.25
Jovan Lukić,Philadelphia Union,Major League Soccer,2026,1695,Left Defensive Midfielder,Serbia,24,19/01/02,0,0,0.03,0.05,0.48,0,0,0,,0,0.05,0.05,0.9,0.05,0.05,0.9,0,0,0,0.05,0.07,1.38,-0.02,0.53,0.27,0.27,50,0.48,0,1.27,1.06,0.96,0.58,1.01,0.88,20.23,12.11,0.03,6.74,46.53,13.38,8.39,2.07,3.03,59,1.78,2.37,1.81,28,1.43,45,0.96,0,16.35,13.39,5.31,4.94,1.65,49.12,8.39,51,3.5,71,0.32,0,0,40.67,80,2.23,20,59,1.33,3.45,14,73,-8,54.94,4.62,0.4,0.42,29.41,93,3.52,12.85,0.64,0.64,0,0.11,0.8,1.43,0.05,17,0.11,29,0.11,22,66,12,21,69,9,17.23,14.52,0.97,92,-2.71,16.68,13.33,0,0,0,0,0,,0,0,,0,0,0,0,0,0,23,10,5.74,33,0.04,0.07,0.07,-0.02,,0.15
João Klauss,LA Galaxy,Major League Soccer,2026,599,Centre Forward,Brazil,29,28/02/97,0.75,0.75,0.58,0.19,3.01,25,60,7,,0.98,0,0.1,0.9,0,0.1,0.9,0,0,0,0.75,0.69,3.91,0.07,0.15,0.15,0,100,1.35,0,1.35,2.41,0.15,0.24,0,0,17.14,7.37,0,4.06,69.65,3.61,2.71,0.9,1.05,75,0.76,0.99,1.35,50,0.3,59,2.41,0,14.88,15.58,3.76,2.41,0.75,69.85,12.33,83,1.95,81,0,0,0,17.59,68,0.6,9,50,0,1.2,30,56,-12,61.37,1.35,0.46,0.92,15.63,81,4.69,6.76,0.75,0.75,0,0.3,7.67,8.42,0,20,0.15,17,0.6,19,55,26,20,62,18,14.97,11.33,1.01,82,-3.64,15.1,9.33,0,0,0,0,0,,0,0,,0,0,0,0,0,0,30,5,3.19,20,-0.08,0.03,0,0.36,,0.31
Juan Berrocal,Atlanta United,Major League Soccer,2026,812,Left Centre Back,Spain,27,04/02/99,0,0,0.07,0.11,0.66,0,0,0,,0,0,0.01,0.22,0,0.01,0.22,0,0,0,0,0.08,0.89,-0.08,0.11,0.11,0,100,0.11,0,0.11,0.22,1.33,1.21,2.88,3.27,11.08,5.65,0.04,4.1,29.63,10.97,2.22,1.88,3.21,85,1.89,3.1,1.22,81,0.33,57,1.77,0,8.2,8.66,2.88,0.89,0.22,35.25,2.11,26,0.22,25,0.22,0,0,55.3,92,5.43,22,79,3.44,6.32,8,73,-18,35.29,2.88,0.57,0.58,42.66,99,4.99,3.44,0,0,0,0,0.89,0.89,0,,0,,0,18,80,2,13,87,0,22.94,23.91,0.97,91,0.97,22.27,21.75,0,0,0,0,0,,0,0,,0,0,0,0,0,0,11,6,4.82,32,0.06,0.05,0.05,-0.1,,0.05
Juan Jose Arias,Real Salt Lake,Major League Soccer,2026,438,Centre Back,Colombia,22,07/01/04,0,0,0,,0,,,0,,0,0,0,0,0,0,0,0,0,0,0,0,0,0,0,0,0,,0.82,0,0.21,0,1.23,1.11,2.26,1.75,12.93,10.67,0.03,6.98,28.13,8.83,1.64,1.44,2.67,58,1.56,2.68,1.03,17,1.03,45,1.03,0,10.47,9.58,4.31,1.64,0.62,33.58,2.67,25,0.82,50,0.41,0,0,50.7,92,1.85,18,69,2.46,2.46,9,86,-6,35.06,0.82,0.37,0.37,43.31,100,4.87,0.82,0,0,0,0,0,0,0,,0,,0,21,73,6,75,25,0,19.75,17.46,0.98,103,-2.29,19.37,17.9,0,0,0,0,0,,0,0,,0,0,0,0,0,0,14,7,2.89,24,0.02,0.07,0.08,,,0.18
Juan Manuel Sanabria,Real Salt Lake,Major League Soccer,2026,1642,Left Wing Back,Uruguay,26,28/03/00,0.05,0.05,0.05,0.06,0.93,6,35,1,,0.07,0.22,0.16,1.59,0.22,0.16,1.48,0,0.01,0.11,0.27,0.22,2.52,0.06,0.55,0.27,0.27,50,0.44,0,0.33,0.71,0.99,0.94,1.53,1.42,18.2,10.36,0.01,5.86,45.31,7.13,3.84,1.97,2.96,75,1.98,2.91,0.66,56,0.66,63,1.21,0,15.62,16,4.71,3.23,1.04,47.61,7.45,48,2.36,73,0.11,0,0,41.16,80,2.25,90,49,1.59,4.49,10,70,-10,59.76,3.73,0.5,0.61,31.73,97,3.56,15.18,1.7,1.53,0.16,0.49,2.9,4.44,0.05,55,1.21,33,0.6,16,68,16,12,71,17,18.58,15.38,0.92,103,-3.2,17.02,15.84,0,0,0,0,0,,0,0,,0,0,0,0,0,0,25,9,6.76,44,0.18,0.06,0.04,0.01,,0.3
Julian Hall,New York Red Bulls,Major League Soccer,2026,2187,Centre Forward,USA,18,23/03/08,0.37,0.37,0.49,0.25,1.98,19,50,4,,0.5,0.12,0.11,0.54,0.12,0.11,0.54,0,0,0,0.49,0.59,2.51,-0.1,1.65,0.91,0.74,55,1.03,0,1.81,2.51,0.41,0.47,0.45,0.5,25.89,13.54,0,5.64,64.8,3.25,2.18,0.7,1.11,53,0.7,1.16,0.74,17,0.62,14,0.29,0,24.45,25.99,5.27,3.91,0.78,66.64,18.89,77,2.92,75,0,0,0,18.23,77,0.58,8,70,0.62,0.66,17,74,-4,60.49,1.93,0.43,0.92,19.8,81,5.9,7,0.33,0.33,0,0.29,5.02,5.35,0,13,0.12,38,0.66,11,65,25,9,72,19,15.18,14.45,1.04,104,-0.73,15.75,14.96,0,0,0,0,0,,0,0,,0,0,0,0,0,0,22,10,2.96,21,-0.06,0.06,0,0.08,,0.09
Julio Ortiz,Portland Timbers,Major League Soccer,2026,706,Right Defensive Midfielder,Ecuador,30,30/04/96,0,0,0.02,0.04,0.64,0,20,0,,0,0.13,0.02,0.38,0.13,0.02,0.38,0,0,0,0.13,0.04,1.02,0.09,0.64,0.38,0.25,60,1.78,0,0.64,0.76,1.15,0.62,1.15,0.88,14.79,6.88,0,5.1,34.91,9.56,4.97,1.4,2.55,100,1.36,1.99,0.89,100,0,45,0.64,0,12.49,11.3,4.33,3.7,1.66,37.99,3.7,30,1.53,41,0,0,0,50.6,93,2.42,19,66,1.53,3.31,17,94,2,50.46,8.16,0.49,0.49,42.7,98,4.06,15.3,0.25,0.25,0,0.13,0.76,1.02,0.13,50,0.13,50,0.13,20,70,10,21,74,5,18.26,15.86,0.97,101,-2.39,17.65,16.1,0,0,0,0,0,,0,0,,0,0,0,0,0,0,13,8,5.56,46,0.02,0.1,0.03,-0.03,,0.13
Julián Aude,LA Galaxy,Major League Soccer,2026,1001,Left Back,Argentina,23,23/03/03,0,0,0,0.03,0.09,0,0,0,,0,0,0.03,0.45,0,0.03,0.45,0,0,0,0,0.03,0.54,-0.03,0.36,0.18,0.18,50,1.71,0,0.54,0.54,1.44,1.52,1.8,1.73,14.66,7.73,0.03,5.85,30.11,6.83,1.71,2.52,3.96,85,2.7,4.22,1.08,55,0.45,33,0.54,0,11.06,10.55,3.87,1.35,0.45,32.93,2.16,20,0.36,27,0.18,0,0,52.25,88,2.7,82,59,2.16,4.23,10,77,-11,42.82,5.13,0.31,0.34,45.24,98,3.47,8.81,0.81,0.81,0,0,0.18,0.99,0,33,0.27,60,0,24,68,8,34,58,8,18.21,16.72,0.97,103,-1.49,17.63,17.21,0,0,0,0,0,,0,0,,0,0,0,0,0,0,17,8,3.87,29,0.1,0.04,0.09,0,,0.22
Julián Bazán,New York Red Bulls,Major League Soccer,2026,734,Left Centre Back,Colombia,21,24/11/05,0,0,0.02,0.05,0.37,0,33,0,,0,0,0.07,0.37,0,0.07,0.37,0,0,0,0,0.09,0.74,-0.09,0.25,0.25,0,100,0.49,0,0.61,0.25,1.47,1.81,3.56,4.16,12.5,6.5,0.05,6.13,27.14,10.18,1.96,2.57,4.05,81,2.84,4.65,0.98,60,0.61,57,2.08,0,8.95,9.72,4.17,1.96,0.74,31.51,2.21,25,1.1,56,0.25,0,0,62.4,90,2.94,21,67,4.29,3.68,8,68,-23,40.48,5.39,0.71,0.72,51.49,98,5.66,7.11,0.12,0.12,0,0.12,0.49,0.61,0,0,0,,0.12,21,75,4,33,60,7,20.03,20.85,0.99,101,0.82,19.76,21.1,0,0,0,0,0,,0,0,,0,0,0,0,0,0,12,7,4.87,33,0.08,0.07,0.14,-0.02,,0.26
Justen Glad,Real Salt Lake,Major League Soccer,2026,1190,Centre Back,USA,29,27/02/97,0,0,0.02,0.08,0.3,0,25,0,,0.03,0.08,0.01,0.15,0.08,0,0.08,0,0.01,0.08,0.08,0.03,0.45,0.04,0.08,0,0.08,0,0.38,0,0.15,0.08,0.61,0.61,3.78,2.95,7.71,3.63,0.05,4.46,25.15,9.23,2.34,0.76,1.36,63,0.66,1.26,0.61,38,0.45,63,1.66,0,6.35,5.28,2.8,0.83,0.53,34.06,2.19,35,0.3,36,0,0,0,49.39,93,5.52,15,80,4.39,6.28,9,82,-11,33.4,1.66,0.6,0.6,37.74,99,4.06,1.82,0.15,0.08,0.08,0,0.83,0.91,0.08,0,0,,0.08,22,74,4,33,63,4,22.88,20.83,0.97,95,-2.05,22.14,19.81,0,0,0,0,0,,0,0,,0,0,0,0,0,0,13,8,3.16,20,0.03,0.02,0.1,-0.02,,0.12
Justin Che,New York Red Bulls,Major League Soccer,2026,1409,Right Centre Back,USA,23,17/11/03,0,0,0.02,0.07,0.26,0,25,0,,0,0,0.05,0.45,0,0.05,0.45,0,0,0,0,0.07,0.7,-0.07,0.64,0.64,0,100,0.77,0,0.38,0.58,1.28,1.42,3.45,4.13,10.22,5.18,0.1,4.34,26.28,12.4,2.94,1.73,3,79,1.93,3.35,0.89,62,0.45,47,1.28,0.06,7.6,8.53,2.88,1.28,0.58,33.38,2.04,27,0.83,65,0.32,0,0,60,86,4.34,9,58,5.05,5.88,12,71,-15,40.79,6.13,0.66,0.68,48.24,99,5.82,8.75,0.77,0.7,0.06,0.26,1.28,1.98,0.06,25,0.19,27,0.19,28,68,4,33,64,4,21.16,21.21,0.94,85,0.05,20,18.03,0,0,0,0,0,,0,0,,0,0,0,0,0,0,16,7,4.52,30,0.1,0.06,0.12,-0.02,,0.26
Justin Ellis,Orlando City,Major League Soccer,2026,1181,Centre Forward,USA,19,13/05/07,0.08,0.08,0.22,0.11,2.06,4,48,3,,0.29,0.53,0.27,2.06,0.53,0.27,2.06,0,0,0,0.61,0.49,4.12,0.12,2.44,1.83,0.61,75,1.45,0,2.59,2.21,0.15,0.12,0.46,0.53,14.48,6.4,0,3.43,59.92,4.65,2.36,0.53,0.69,70,0.53,0.65,0.46,50,0.23,47,0.69,0,13.49,13.63,3.35,2.52,0.76,62.35,8.99,67,1.75,70,0,0,0,31.02,83,1.52,20,56,0.76,2.44,16,68,-15,58.75,4.42,0.35,0.71,34.23,87,5.28,12.65,1.98,1.98,0,0.61,6.17,8.16,0.38,15,0.53,88,0.91,19,67,14,23,65,11,16.81,15.26,0.93,98,-1.55,15.71,14.88,0,0,0,0,0,,0,0,,0,0,0,0,0,0,19,9,4.93,36,0.07,0.1,0.03,0.08,,0.28
Justin Haak,LA Galaxy,Major League Soccer,2026,2110,Left Centre Back,USA,25,11/09/01,0,0,0.04,0.07,0.51,0,8,0,,0.01,0.09,0.03,0.38,0.09,0.03,0.38,0,0,0,0.09,0.06,0.9,0.02,0.73,0.43,0.3,59,1.11,0,0.51,0.77,1.02,0.87,2.18,2.05,11.26,5.97,0.04,4.86,30.95,8.32,1.96,1.54,2.56,69,1.43,2.3,1.24,30,0.68,52,1.11,0,8.49,7.47,3.37,1.54,0.6,35.91,2.35,28,0.6,39,0.13,0,0,46.78,89,2.39,31,57,2.73,3.63,11,72,-16,37.3,3.03,0.35,0.38,40.69,97,4.79,4.52,0.17,0.17,0,0.09,0.85,1.02,0,0,0,,0.09,23,74,4,32,65,3,19.74,18.38,0.95,101,-1.36,18.66,18.48,0,0,0,0,0,,0,0,,0,0,0,0,0,0,14,6,3.17,23,0.03,0.07,0.02,-0.03,,0.08
Justin Reynolds,Sporting Kansas City,Major League Soccer,2026,566,Right Back,USA,22,03/08/04,0,0,0.09,0.14,0.64,0,50,1,,0.03,0.16,0.06,1.11,0.16,0.06,1.11,0,0,0,0.16,0.15,1.75,0.01,1.43,0.95,0.48,67,1.27,0,0.64,0.95,1.75,1.9,1.27,1.18,13.19,6.36,0.06,5.4,30.6,9.53,3.34,2.22,3.97,93,2.41,4.3,0.32,80,0.16,44,1.11,0,10.65,10.99,3.65,1.75,0.32,31.48,2.22,21,1.27,73,0,0,0,45.13,85,2.7,26,61,1.75,3.97,11,77,-8,52.85,4.61,0.55,0.57,40.68,98,4.46,14.94,1.27,1.27,0,0.16,0.95,2.22,0,50,0.79,42,0.32,20,64,15,18,63,19,17.51,17.85,0.94,90,0.33,16.39,16.14,0,0,0,0,0,,0,0,,0,0,0,0,0,0,21,11,4.04,36,0.2,0.15,-0.06,-0.03,,0.25
Júnior Alonso,Atlanta United,Major League Soccer,2026,808,Left Centre Back,Paraguay,33,08/02/93,0,0,0.01,0.03,0.33,0,0,0,,0,0,0.02,0.33,0,0.02,0.33,0,0,0,0,0.03,0.67,-0.03,0,0,0,,0,0,0,0.22,1.11,0.65,3.79,2.9,9.69,5.57,0.04,4.34,23.64,7.46,1.45,1.56,2.67,64,1.56,2.2,0.89,43,0.89,56,1.11,0.11,7.24,6.35,2.9,1.56,1,28.85,1.22,17,0.33,21,0.11,0,0,58.35,89,8.24,79,70,6.12,9.47,13,79,-10,34.79,4.12,0.54,0.55,49.89,100,4.94,5.23,0.45,0.45,0,0,0.78,1.22,0.11,25,0.11,50,0,26,71,4,32,64,4,24.15,24.94,0.95,93,0.8,22.87,23.13,0,0,0,0,0,,0,0,,0,0,0,0,0,0,14,8,4.15,30,0.09,0.06,0.14,-0.01,,0.29
Kai Trewin,New York City FC,Major League Soccer,2026,1381,Left Defensive Midfielder,Australia,25,17/05/01,0,0,0.03,0.07,0.52,0,38,0,,0.03,0,0.05,0.33,0,0.05,0.33,0,0,0,0,0.08,0.85,-0.08,0.33,0.2,0.13,60,0.52,0,0.26,0.65,1.11,1.44,2.93,3.68,15.45,9.97,0.06,5.34,33.86,9.65,4.17,1.69,2.8,76,1.87,3.31,1.11,53,0.52,69,1.56,0.07,12.64,15.12,4.04,2.87,1.3,38.78,4.17,33,1.63,57,0.2,0,0,58.14,87,4.37,16,67,4.17,5.28,12,71,-17,44.3,5.41,0.42,0.45,44.58,98,3.44,11.08,0.91,0.91,0,0.07,0.78,1.69,0.13,0,0,0,0.07,25,69,6,31,64,5,19.57,21.01,0.96,91,1.45,18.83,19.21,0,0,0,0,0,,0,0,,0,0,0,0,0,0,15,8,4.6,35,0.06,0.05,0.06,-0.01,,0.16
Kai Wagner,Philadelphia Union,Major League Soccer,2026,813,Left Back,Germany,29,14/02/97,0,0,0.02,0.02,0.77,0,14,0,,0,0.33,0.17,2.66,0.22,0.08,1.22,0.11,0.09,1.44,0.33,0.19,3.43,0.15,0.66,0.33,0.33,50,0.55,0,0.11,0.55,1.55,1.26,2.66,2.39,9.96,5.31,0.06,3.54,34.52,9.52,4.54,1.22,2.77,69,1.07,2.33,0.77,58,0.55,82,1.55,0,7.97,6.92,1.88,1.99,0.22,39.74,2.77,35,1.33,67,0.33,0,0,43.18,69,6.31,81,47,4.54,11.51,11,66,-3,58.77,7.31,0.75,0.82,32.55,98,3.51,13.17,4.21,1.77,2.44,0,0.66,2.44,0,21,1.11,23,0.11,28,65,6,31,65,4,23.42,22.11,0.88,109,-1.31,20.73,24.03,0,0,0,0,0,,0,0,,0,0,0,0,0,0,28,9,10.44,55,0.33,0.05,0.04,-0.03,,0.39
Kaick,FC Dallas,Major League Soccer,2026,1857,Right Defensive Midfielder,Brazil,21,28/11/05,0.1,0.1,0.08,0.11,0.78,13,25,1,,0.07,0.05,0.06,0.68,0.05,0.06,0.63,0,0,0.05,0.15,0.14,1.45,0,0.78,0.34,0.44,44,1.94,0,1.02,1.5,0.48,0.29,1.02,0.68,19.53,10.66,0.02,5.04,44.98,8.04,4.65,1.94,2.42,73,1.23,1.52,1.21,38,0.73,54,0.73,0,16.43,11.16,4.31,3.78,1.07,47.65,7.95,48,2.52,67,0.15,0,0,37.41,82,3.2,16,65,1.45,4.46,16,72,-10,51.92,4.36,0.36,0.41,32.61,94,3.52,10.56,0.92,0.87,0.05,0.19,1.79,2.67,0.1,16,0.19,33,0.19,20,70,10,23,67,10,18.88,15.92,0.95,105,-2.96,17.92,16.65,0,0,0,0,0,,0,0,,0,0,0,0,0,0,20,8,4.16,30,0.02,0.05,0.05,-0.02,,0.1
Kalani Kossa-Rienzi,Seattle Sounders,Major League Soccer,2026,1532,Right Back,USA,24,26/06/02,0.18,0.18,0.11,0.1,1.06,17,39,1,,0.23,0,0.14,1.23,0,0.14,1.23,0,0,0,0.18,0.25,2.29,-0.07,0.82,0.53,0.29,64,0.94,0,0.82,0.82,1.35,1.2,1.53,1.51,14.33,8.22,0,4.99,31.31,9.4,3.94,2.29,3.64,72,2.12,3.32,0.53,58,0.88,20,0.29,0.06,11.51,11.44,3.58,1.76,0.53,33.44,3.11,27,1.17,67,0.06,0,0,45.47,81,1.76,18,52,1.82,3.11,8,73,-8,54.35,3.64,0.54,0.65,39.19,97,4.13,14.86,2.17,1.82,0.35,0.41,2.76,4.58,0.12,30,0.82,41,0.41,19,66,15,17,62,21,18.42,16.18,0.95,102,-2.24,17.5,16.49,0,0,0,0,0,,0,0,,0,0,0,0,0,0,23,9,5.49,37,0.16,0.09,0.03,0,,0.28
Kamal Miller,Portland Timbers,Major League Soccer,2026,1537,Left Centre Back,Canada,29,15/05/97,0.06,0.06,0.01,0.25,0.06,100,100,0,,0.06,0,0,0.12,0,0,0.12,0,0,0,0.06,0.02,0.18,0.04,0.18,0.18,0,100,0.7,0,0.12,0.06,0.82,0.74,5.5,5.84,9.13,5.62,0.07,4.98,23.27,10.31,1.99,0.88,1.7,63,1.02,1.76,0.88,50,0.53,72,2.11,0,7.38,7.99,3.1,1.23,0.53,30.71,1.7,23,0.47,38,0.23,0,0.06,56.91,90,6.44,84,75,6.97,7.14,12,80,-10,35.58,5.09,0.55,0.57,44.62,100,3.92,5.68,0.23,0.23,0,0,0.18,0.41,0.06,0,0,,0,32,66,2,38,60,2,23,23.28,0.97,105,0.29,22.23,24.51,0,0,0,0,0,,0,0,,0,0,0,0,0,0,14,8,4.91,32,0.09,0.06,0.19,0.02,,0.35
Keaton Parks,New York City FC,Major League Soccer,2026,1185,Right Defensive Midfielder,USA,29,05/08/97,0.15,0.15,0.08,0.09,0.91,17,33,1,,0.12,0,0.06,0.53,0,0.06,0.53,0,0,0,0.15,0.14,1.44,0.01,1.06,0.61,0.46,57,1.21,0,1.21,1.29,0.84,1.03,1.97,2.27,16.78,10.55,0.02,5.01,39.93,8.12,3.26,1.44,2.28,68,1.66,2.69,1.97,47,0.68,67,2.51,0,13.36,14.42,3.34,3.04,0.91,43.99,5.54,41,1.37,45,0.38,0,0,47.07,86,2.81,15,82,2.73,2.66,25,82,-4,48.13,3.64,0.45,0.48,37.35,94,3.34,9.26,0.84,0.84,0,0.15,2.28,3.11,0.08,9,0.08,33,0.23,21,66,12,29,65,7,17.41,15.8,1,104,-1.61,17.49,16.38,0,0,0,0,0,,0,0,,0,0,0,0,0,0,18,11,3.83,30,0.01,-0.01,0.03,-0.03,,0
Keegan Rosenberry,Colorado Rapids,Major League Soccer,2026,557,Right Back,USA,33,10/12/93,0.16,0.16,0.04,0.06,0.65,25,50,0,,0.04,0,0.11,1.13,0,0.11,1.13,0,0,0,0.16,0.15,1.78,0.01,0.32,0.16,0.16,50,0.16,0,0.65,0.65,1.13,1.15,2.1,1.91,8.24,3.88,0.03,2.42,38.82,11.79,4.2,0.81,1.94,71,0.99,2.15,0.97,50,0.32,61,1.78,0,6.46,7.39,1.94,0.97,0.32,49.65,3.39,53,0.97,100,0.16,0,0,44.74,80,4.2,10,68,2.91,5.33,9,66,-14,49.11,2.26,0.36,0.54,31.17,96,2.77,9.05,2.26,1.45,0.81,0.16,2.1,3.55,0,50,1.45,64,0.32,23,63,15,21,61,18,20.62,20.22,0.97,109,-0.39,20.06,21.95,0,0,0,0,0,,0,0,,0,0,0,0,0,0,22,6,4.55,27,-0.06,0.04,0.1,-0.04,,0.04
Keisuke Kurokawa,DC United,Major League Soccer,2026,2188,Left Back,Japan,29,12/04/97,0,0,0.02,0.08,0.21,0,40,0,,0.02,0.12,0.06,0.78,0.04,0.02,0.37,0.08,0.04,0.41,0.12,0.08,0.99,0.05,1.07,0.62,0.45,58,0.45,0,0.62,1.15,0.9,0.5,1.4,0.83,12.09,6.37,0.02,4.94,33.36,6.87,2.88,1.07,1.97,57,0.62,1.13,0.86,43,0.82,35,0.37,0,10.16,5.88,3.5,1.97,0.74,36.89,2.63,26,0.86,44,0.21,0,0,30.27,72,2.51,91,40,2.14,5.55,10,59,-12,49.95,4.07,0.23,0.24,26.03,94,4.17,7.98,1.52,0.66,0.86,0,0.33,0.99,0,32,0.66,27,0,33,59,7,33,57,10,21.34,20.77,0.85,91,-0.56,18.2,19,0,0,0,0,0,,0,0,,0,0,0,0,0,0,28,13,5.3,37,0.21,0.06,-0.03,0,,0.23
Kelvin Yeboah,Minnesota United,Major League Soccer,2026,1773,Centre Forward,Italy,26,05/05/00,0.56,0.51,0.5,0.2,2.54,20,42,5,50,0.5,0.05,0.08,0.81,0.05,0.08,0.81,0,0,0,0.56,0.58,3.35,-0.02,1.42,0.56,0.86,39,1.37,0,1.93,3.55,0.2,0.19,0.36,0.29,22.39,9.85,0.01,5.08,63.72,3.71,2.59,0.46,0.66,60,0.3,0.49,1.02,14,0.3,43,1.62,0,20.92,15.82,4.57,3.71,1.37,64.79,15.79,75,3.05,82,0.1,0,0,18.13,69,0.81,12,80,0.51,0.86,28,54,-16,61.26,1.78,0.51,0.82,20.31,77,5.95,6.3,0.46,0.46,0,0.56,6.7,7.16,0,33,0.41,35,0.91,9,69,21,8,77,15,14.45,13.72,1.05,112,-0.73,15.17,15.37,0,0,0,0,0,,0,0,,0,0,0,0,0,0,29,8,3.16,22,-0.06,0.05,-0.01,-0.06,,-0.08
Kenji Cabrera,Vancouver Whitecaps,Major League Soccer,2026,379,Left Wing,Peru,23,26/01/03,0,0,0.01,0.03,0.47,0,0,0,,0,0.47,0.2,1.42,0.47,0.2,1.42,0,0,0,0.47,0.21,1.9,0.26,1.66,0.95,0.71,57,1.66,0,1.42,1.66,0.47,0.52,0.47,0.51,22.8,10.92,0,6.17,54.7,5.7,3.56,0.95,1.42,80,1.21,1.73,0.95,50,0.24,43,0.71,0,20.9,23.77,5.7,5.22,2.14,58.03,12.82,61,4.04,77,0.47,0,0,45.12,79,1.9,5,80,0.95,1.9,19,64,-15,66.79,6.41,0.35,0.64,45.6,95,5.6,23.75,1.66,1.66,0,0.24,1.42,3.09,0.24,29,0.71,30,0.24,21,54,25,21,53,26,17.05,16.43,1.05,114,-0.61,17.88,18.71,0,0,0,0,0,,0,0,,0,0,0,0,0,0,27,10,5.49,39,0.05,0.06,0.02,-0.01,,0.11
Kenji Dem,Cincinnati,Major League Soccer,2026,1162,Right Centre Forward,France,24,21/01/02,0.39,0.39,0.28,0.12,2.32,17,37,3,,0.35,0.15,0.04,0.77,0.15,0.04,0.77,0,0,0,0.54,0.32,3.1,0.22,1.63,0.93,0.7,57,0.46,0,1.55,2.25,0.39,0.37,0.85,0.63,17.12,9.22,0.01,4.88,55.99,6.04,3.25,1.16,1.55,83,1.22,1.59,0.54,40,0.23,45,1.32,0,15.41,14.96,4.18,2.79,1.01,58.98,10.22,66,1.86,67,0,0,0,31.21,83,1.86,84,63,1.08,2.71,16,74,-9,57.05,3.25,0.51,0.69,28.65,89,6.06,10.53,0.93,0.93,0,0.46,4.88,5.81,0.08,0,0.15,25,0.54,9,69,22,7,73,20,17.3,15.33,0.97,104,-1.97,16.69,15.97,0,0,0,0,0,,0,0,,0,0,0,0,0,0,18,8,5.5,31,-0.02,0.1,0.03,-0.01,,0.09
Kerwin Vargas,Charlotte,Major League Soccer,2026,1078,Right Wing,Colombia,24,01/01/02,0.25,0.25,0.2,0.11,1.84,14,45,3,,0.27,0.33,0.07,1,0.33,0.07,1,0,0,0,0.58,0.27,2.84,0.31,1.92,1,0.92,52,2.34,0,1.09,2.17,0.58,0.46,0.83,0.65,17.03,9.69,0.01,3.51,50.94,5.18,2.5,1.42,2,71,1.21,1.67,0.42,13,0.58,33,0.67,0,15.2,11.76,2.84,2.25,0.42,53.48,8.27,54,1.42,63,0,0,0,29.39,82,1.5,13,55,1.42,2.17,19,83,0,64.42,2.76,0.41,0.49,30.89,90,5.25,13.69,1.17,1.17,0,0.5,3.92,5.09,0,43,0.75,31,1,12,61,28,11,62,27,17.69,18.61,0.93,98,0.92,16.41,18.32,0,0,0,0,0,,0,0,,0,0,0,0,0,0,20,11,3.9,32,0,0.19,0.04,0.06,,0.29
Kevin Kelsy,Portland Timbers,Major League Soccer,2026,1356,Centre Forward,Venezuela,22,26/07/04,0.6,0.6,0.63,0.22,2.85,21,35,5,,0.63,0.07,0.07,0.93,0.07,0.07,0.93,0,0,0,0.66,0.7,3.78,-0.03,0.73,0.33,0.4,45,1.06,0,1.92,2.39,0.66,0.57,0.73,0.7,24.88,12.67,0.01,5.18,65.22,4.58,1.99,0.66,1.33,56,0.62,1.2,1.92,11,0.53,62,2.65,0,22.3,21.42,4.38,2.92,0.93,67.96,17.78,80,2.26,77,0.27,0,0,18.38,77,0.73,84,79,0.86,0.8,29,65,-12,57.35,1.33,0.64,0.89,16.52,78,5.5,5.71,0.13,0.13,0,0.53,7.56,7.7,0,0,0.13,40,0.8,15,62,23,13,66,21,15.23,13.75,1.03,108,-1.48,15.62,14.87,0,0,0,0,0,,0,0,,0,0,0,0,0,0,24,8,3.3,24,-0.03,-0.04,-0.02,0.2,,0.11
Kevin O’Toole,New York City FC,Major League Soccer,2026,1266,Left Back,Republic of Ireland,28,13/12/98,0,0,0.03,0.11,0.28,0,50,0,,0.01,0,0.03,0.43,0,0.03,0.43,0,0,0,0,0.06,0.71,-0.06,0.43,0.14,0.28,33,0.43,0,1.14,1,0.36,0.41,1.92,2.08,12.23,6.68,0.02,4.98,39.26,8.25,2.92,0.78,1.14,52,0.9,1.31,0.57,54,0.71,52,1.21,0,10.88,12.63,3.98,2.06,0.64,42.58,3.98,37,1.35,66,0.07,0,0,47.92,86,2.2,87,60,2.2,3.41,12,78,-8,50.14,3.77,0.41,0.42,41.81,95,3.83,11.16,0.43,0.43,0,0.14,1.42,1.85,0.07,50,0.28,24,0.28,21,60,20,18,55,27,18.17,17.15,0.97,104,-1.02,17.56,17.86,0,0,0,0,0,,0,0,,0,0,0,0,0,0,19,9,3.28,25,0.03,0.04,-0.01,-0.01,,0.06
Kieran Sargeant,San Diego FC,Major League Soccer,2026,990,Left Back,USA,23,14/05/03,0.09,0.09,0.02,0.05,0.36,25,25,0,,0.04,0.09,0.08,0.73,0.09,0.08,0.73,0,0,0,0.18,0.1,1.09,0.08,0.45,0.27,0.18,60,0.36,0,0.82,0.64,0.82,1.13,0.91,1.12,14.36,8.27,0.04,4.91,35.85,7.73,2.55,1.64,2.45,78,1.98,3.11,0.64,17,0.45,23,0.27,0.09,12.09,16.31,4,2.18,0.73,40.36,4.27,35,1.36,63,0.09,0,0,49.72,84,3.45,88,62,2.09,4.36,10,68,-16,50.95,3.64,0.58,0.65,43.18,97,3.91,13.09,0.82,0.82,0,0.45,1.36,2.18,0,56,0.64,54,0.45,20,61,18,17,60,23,18.76,21.02,0.96,98,2.26,17.98,20.5,0,0,0,0,0,,0,0,,0,0,0,0,0,0,17,7,4.3,28,0.09,0.09,0.1,0.02,,0.31
Kim Ki-Hee,Seattle Sounders,Major League Soccer,2026,363,Right Centre Back,South Korea,37,12/07/89,0,0,0.02,0.1,0.25,0,0,0,,0,0,0,0,0,0,0,0,0,0,0,0.02,0.25,-0.02,0.25,0.25,0,100,0.25,0,0,0,1.24,0.95,1.24,1.04,11.15,6.19,0.08,4.71,28.35,10.16,1.98,1.24,2.48,83,0.98,1.93,1.24,80,0.25,71,1.24,0,8.67,7.31,3.47,1.98,0.74,30.48,1.73,20,0.99,50,0,0,0,53.27,85,3.96,9,57,1.98,6.19,14,70,-15,38.78,4.21,0.3,0.33,40.88,100,3.99,6.19,0,0,0,0,0.5,0.5,0,,0,,0,20,77,3,20,80,0,21.7,20.49,0.94,95,-1.21,20.36,19.53,0,0,0,0,0,,0,0,,0,0,0,0,0,0,13,6,4.36,29,0.04,0.08,0.02,-0.01,,0.13
Kimito Nono,DC United,Major League Soccer,2026,325,Right Midfielder,Japan,24,25/03/02,0,0,0.16,0.1,1.66,0,33,3,,0.22,0.28,0.15,1.94,0.28,0.15,1.94,0,0,0,0.28,0.31,3.6,-0.03,0,0,0,,1.66,0,0.83,1.38,0.83,0.42,1.66,0.78,19.37,9.69,0.07,9.69,32.24,8.3,3.87,2.49,3.32,47,1.09,1.51,0.83,50,2.77,14,0.28,0,16.05,8.22,6.09,2.77,1.38,35.29,4.15,26,2.49,90,0,0,0,33.21,74,0.55,6,17,1.94,3.04,15,68,-5,62.17,5.54,0.63,0.79,29.89,94,5.32,14.39,1.38,1.11,0.28,0.55,4.15,5.26,0,20,0.28,14,0.83,22,64,15,17,63,19,19.19,17.58,0.87,86,-1.61,16.65,15.2,0,0,0,0,0,,0,0,,0,0,0,0,0,0,27,12,6.95,46,0.13,0.12,0.14,0.05,,0.44
Kobe Franklin,Toronto FC,Major League Soccer,2026,1324,Right Back,Canada,23,09/05/03,0.14,0.14,0.03,0.07,0.48,29,57,0,,0.05,0.14,0.03,0.41,0.14,0.03,0.41,0,0,0,0.27,0.06,0.88,0.21,0.2,0.2,0,100,0.95,0,1.02,0.61,1.09,1.02,1.83,1.76,14.75,6.8,0.06,4.89,31.37,7.48,2.31,1.7,2.79,76,1.53,2.56,0.95,59,0.54,39,0.75,0.07,12.1,11.27,3.6,2.45,0.82,35.03,2.79,23,1.29,53,0,0,0,33.85,83,2.99,21,59,2.31,4.55,10,69,-14,47.65,3.53,0.24,0.27,29.09,95,3.84,6.05,0.68,0.61,0.07,0.07,0.95,1.56,0.07,70,0.54,50,0.14,26,60,14,21,65,13,20.58,18,0.92,97,-2.59,19.02,17.49,0,0,0,0,0,,0,0,,0,0,0,0,0,0,17,7,2.74,23,0.07,0.06,-0.06,0.01,,0.08
Kosi Thompson,Colorado Rapids,Major League Soccer,2026,914,Right Back,Canada,23,26/01/03,0.2,0.2,0.03,0.05,0.59,33,33,1,,0.07,0,0.02,0.59,0,0.02,0.59,0,0,0,0.2,0.06,1.18,0.14,0.98,0.59,0.39,60,1.38,0,1.38,1.18,0.69,0.63,1.48,1.83,11.91,5.71,0.01,3.74,36.28,5.71,2.66,1.57,2.26,67,1.8,2.43,1.38,36,0.79,25,0.1,0.1,9.06,11.29,2.46,1.77,0.39,41.48,3.74,41,1.28,72,0.39,0,0,36.02,88,2.26,21,70,1.87,2.85,12,78,-10,48.2,3.15,0.24,0.28,33.56,94,4.12,6.59,0.2,0.2,0,0.2,1.18,1.38,0,50,0.2,22,0.1,21,65,14,19,60,21,18.22,16.45,0.97,89,-1.77,17.63,14.64,0,0,0,0,0,,0,0,,0,0,0,0,0,0,17,11,2.46,26,0.01,0.06,0.02,0,,0.08
Kristijan Kahlina,Charlotte,Major League Soccer,2026,2315,Goalkeeper,Croatia,34,23/07/92,0,0,0,,0,,,0,,0,0,0,0,0,0,0,0,0,0,0,0,0,0,0.04,0.04,0,100,0.04,0,0,0.04,0,0,0,0,0,0,0,7.46,2.17,2.84,0,0,0,,0,0,0,100,0,,0,0.04,0,0,0,0,0,,0,,0,,0.08,0,0,25.08,83,6.38,18,54,1.9,9.99,13,79,-4,9.87,0.54,0.2,0.2,21.07,100,4.38,0.27,0.04,0.04,0,0,0,0.04,0,0,0,,0,31,69,0,86,14,0,34.12,36.11,0.81,83,1.99,27.62,29.9,1.17,1.28,0.11,72,70,3,1.2,4.24,32,13.18,1.64,0.04,0.04,16.24,0,15,4,1.51,11,0.07,0.05,,,-0.02,0.1
Kristoffer Velde,Portland Timbers,Major League Soccer,2026,2073,Left Wing,Norway,27,08/09/99,0.26,0.26,0.13,0.05,2.56,10,32,3,0,0.16,0.22,0.19,1.87,0.17,0.12,1.13,0.04,0.07,0.74,0.48,0.32,4.43,0.16,3.17,1.69,1.48,53,2.95,0,2.95,4.08,0.22,0.23,0.52,0.52,19.32,10.2,0,3.65,53.85,3.91,2,0.91,1.13,64,0.81,1.04,1.39,48,0.52,60,0.52,0.04,17.06,16.13,3.17,3.13,0.69,55.61,9.59,56,2.26,72,0.13,0,0,31.48,68,1.91,12,34,1.04,5.08,19,73,5,66.15,4.6,0.61,0.77,39.2,84,6.82,14.28,2.87,1.87,1,0.48,4.04,5.9,0.17,17,0.74,24,0.87,18,64,18,22,59,20,19.89,17.31,0.87,92,-2.58,17.24,15.87,0,0,0,0,0,,0,0,,0,0,0,0,0,0,30,8,6.98,50,0.1,0.12,0.01,-0.03,,0.2
Kwaku Agyabeng,Sporting Kansas City,Major League Soccer,2026,675,Centre Attacking Midfielder,Ghana,20,26/06/06,0,0,0.01,0.05,0.27,0,0,0,,0,0,0.06,0.93,0,0.06,0.93,0,0,0,0,0.08,1.2,-0.08,1.33,1.2,0.13,90,1.87,0,0.67,1.07,1.2,0.69,1.73,1.5,19.21,8.54,0.03,5.74,36.87,6.4,4.14,2.4,3.6,90,2.12,2.81,2.27,86,0.27,25,0.4,0.13,14.54,11.26,4.14,2.54,0.67,43.09,6,41,1.07,42,0,0,0.13,35.63,87,2,88,68,2,2.67,11,79,-8,52.02,3.34,0.38,0.43,33.36,96,5.17,9.61,0.27,0.27,0,0.4,1.2,1.47,0.27,0,0,0,0.27,16,70,14,14,75,11,18.42,14.71,0.98,101,-3.71,18.09,14.87,0,0,0,0,0,,0,0,,0,0,0,0,0,0,16,11,3.44,33,-0.03,0.08,0.03,-0.01,,0.07
Kye Rowles,DC United,Major League Soccer,2026,1598,Left Centre Back,Australia,28,23/06/98,0.06,0.06,0.08,0.21,0.39,14,43,0,,0.1,0,0.03,0.23,0,0.03,0.23,0,0,0,0.06,0.11,0.62,-0.06,0,0,0,,0.28,0,0.11,0.39,1.18,0.67,6.03,3.12,13.35,7.6,0.09,7.72,24.65,11.83,2.53,1.69,2.87,73,0.94,1.61,0.56,47,0.62,53,2.59,0,11.1,6.63,5.01,2.2,0.9,30.67,1.92,17,0.79,36,0.06,0,0,33.4,77,3.15,81,43,7.44,5.86,14,53,-24,34.7,1.69,0.42,0.42,21.63,98,4.45,2.31,0.28,0.28,0,0.17,1.01,1.3,0.06,0,0.06,33,0.17,33,64,3,34,61,5,26.14,28.53,0.87,72,2.39,22.7,20.58,0,0,0,0,0,,0,0,,0,0,0,0,0,0,21,7,2.78,19,0.05,0.05,0.06,-0.04,,0.12
Kyle Duncan,Minnesota United,Major League Soccer,2026,1501,Right Wing Back,USA,29,07/08/97,0.06,0.06,0.12,0.18,0.66,9,36,1,,0.16,0.12,0.08,0.96,0.12,0.08,0.96,0,0,0,0.18,0.2,1.62,-0.02,1.26,0.78,0.48,62,1.26,0,1.86,1.98,0.6,0.41,1.5,0.91,18.65,9.77,0.02,5.58,41.62,8.22,4.14,2.04,2.64,87,1.45,1.86,1.32,64,0.3,59,0.78,0,15.29,11.54,4.38,2.58,0.78,45.34,6.72,44,1.8,70,0.18,0,0,32.98,82,1.02,6,52,1.68,1.8,14,81,-1,55.07,2.58,0.46,0.65,32.56,90,4.66,10.91,1.5,1.26,0.24,0.3,2.52,3.78,0.06,20,0.36,35,0.54,16,65,19,16,61,23,15.39,12.59,0.94,100,-2.8,14.53,12.54,0,0,0,0,0,,0,0,,0,0,0,0,0,0,22,10,3.9,28,0.11,0.09,0.01,0.05,,0.25
Kyle Smith,Cincinnati,Major League Soccer,2026,1031,Right Centre Back,USA,34,08/01/92,0.09,0.09,0.07,0.17,0.44,20,60,0,,0.13,0,0.01,0.17,0,0.01,0.17,0,0,0,0.09,0.09,0.61,0,0.17,0.09,0.09,50,0.09,0,0.09,0.09,0.17,0.15,3.93,3.45,11.08,7.07,0.03,4.28,31.48,7.24,2.01,1.75,1.92,71,1.52,1.67,0.79,54,0.7,50,1.13,0,8.55,7.82,2.97,0.96,0.35,40.75,3.32,39,0.52,55,0.17,0,0.09,49.22,88,5.24,12,65,5.41,6.55,17,79,-9,39.62,3.84,0.49,0.52,40.23,100,3.34,6.28,0.09,0.09,0,0,0.61,0.7,0.17,0,0.09,20,0,24,69,7,35,61,4,22.38,21.58,0.94,91,-0.81,21.08,19.63,0,0,0,0,0,,0,0,,0,0,0,0,0,0,17,9,5.1,30,0.06,0.05,-0.08,0.02,,0.04
Kyogo Furuhashi,LA Galaxy,Major League Soccer,2026,472,Centre Forward,Japan,31,19/01/95,0,0,0.13,0.08,1.72,0,33,6,,0.04,0,0.15,0.76,0,0.15,0.76,0,0,0,0,0.28,2.48,-0.28,1.14,0.57,0.57,50,0.76,0.19,1.52,1.33,0.57,0.45,0.19,0.12,20.39,9.34,0.01,2.86,57.52,2.86,0.76,0.57,1.14,75,0.59,1.04,0.95,0,0.19,17,0.19,0,18.87,14.72,2.86,1.91,0.57,58.6,12.77,68,1.14,60,0,0,0,10.48,69,0.57,21,38,0.38,1.33,20,54,-15,56.34,1.33,0.3,0.59,12.2,81,7.82,3.81,0.57,0.57,0,0.19,3.05,3.62,0,33,0.19,33,0.38,13,66,22,20,60,20,18.81,12.05,0.96,137,-6.77,18.04,16.51,0,0,0,0,0,,0,0,,0,0,0,0,0,0,31,8,2.78,19,0.04,0.15,0.06,0,,0.25
Kévin Denkey,Cincinnati,Major League Soccer,2026,1884,Left Centre Forward,Togo,26,29/11/00,0.53,0.43,0.38,0.18,2.15,20,44,5,100,0.48,0.1,0.06,0.86,0.1,0.06,0.86,0,0,0,0.53,0.44,3.01,0.09,0.96,0.62,0.33,65,1.53,0.05,1.39,2.53,0.24,0.21,0.43,0.44,15.81,7.45,0.02,3.49,63.2,3.92,2.68,0.57,0.81,75,0.58,0.79,1.15,20,0.19,42,1.43,0,14.09,13.4,3.15,1.67,0.53,65.47,10.75,76,1.39,83,0.14,0.05,0,16.39,78,0.48,27,67,0.48,0.67,31,75,-2,58.34,1.77,0.41,0.63,17.34,84,5.34,5.49,0.62,0.57,0.05,0.33,5.35,5.92,0,15,0.1,33,0.67,12,66,22,12,77,11,15.91,13.4,1.02,101,-2.51,16.26,13.56,0,0,0,0,0,,0,0,,0,0,0,0,0,0,26,10,2.78,19,-0.07,0.07,-0.04,0.04,,0
Lasse Johnsen,Sporting Kansas City,Major League Soccer,2026,1758,Right Defensive Midfielder,Norway,27,17/08/99,0.05,0.05,0.02,0.05,0.46,11,33,0,,0.06,0,0.12,0.77,0,0.1,0.46,0,0.02,0.31,0.05,0.15,1.23,-0.09,0.1,0.1,0,100,0.41,0,0.61,0.36,0.56,0.36,1.23,0.79,15.92,9.62,0.02,4.5,41.2,8.6,3.74,1.89,2.46,79,1.73,2.08,1.18,64,0.51,55,0.61,0.05,12.9,10.24,3.38,2.66,0.82,45.29,5.17,40,1.48,56,0.15,0.05,0,61.17,87,5.43,14,63,1.79,8.09,11,83,-4,49.98,7.78,0.47,0.55,50.99,99,4.79,15.87,1.43,1.02,0.41,0,0.36,1.38,0.31,11,0.2,24,0.05,17,74,10,24,69,7,20.95,17.8,0.94,95,-3.15,19.7,16.94,0,0,0,0,0,,0,0,,0,0,0,0,0,0,12,5,5.78,49,0.05,0.08,0.07,0.02,,0.21
Lawrence Ennali,Houston Dynamo,Major League Soccer,2026,2084,Left Back,Germany,24,06/03/02,0.13,0.13,0.05,0.08,0.6,21,43,1,,0.09,0.09,0.14,1.08,0.09,0.14,1.08,0,0,0,0.22,0.19,1.68,0.03,1.94,0.78,1.17,40,1.38,0.04,1.17,2.16,0.56,0.48,0.82,0.7,11.32,6,0.02,4.02,36.39,4.45,1.94,0.78,1.34,53,0.55,1.03,0.6,42,0.69,8,0.04,0,9.93,7.82,2.94,1.55,0.52,39.58,3.54,36,1.21,78,0.17,0,0,26.35,86,1.04,13,57,1.04,1.6,16,79,-7,54.21,2.03,0.32,0.42,27.17,89,5.45,9.33,0.35,0.35,0,0.56,2.42,2.76,0,50,0.52,35,0.86,13,61,26,6,64,31,15.58,14.11,0.97,109,-1.47,15.05,15.33,0,0,0,0,0,,0,0,,0,0,0,0,0,0,18,8,4.24,31,0.01,0.12,0.02,0.01,,0.16
Leonardo Barroso,Chicago Fire,Major League Soccer,2026,925,Right Back,Portugal,21,11/06/05,0,0,0.03,0.05,0.49,0,40,1,,0.07,0,0.04,0.49,0,0.04,0.49,0,0,0,0,0.06,0.97,-0.06,1.46,0.88,0.58,60,0.19,0,1.26,1.36,0.68,0.72,1.65,1.61,18,9.14,0,5.93,38.02,8.46,3.99,1.65,2.33,85,1.59,2.31,1.26,50,0.29,22,0.19,0.1,15.08,14.34,5.35,2.82,1.26,42.04,5.25,35,1.56,55,0.19,0,0,33.47,78,1.65,10,50,2.63,2.33,20,74,-4,52.31,3.21,0.52,0.55,32.2,92,4.84,8.46,0.88,0.88,0,0.39,1.65,2.53,0,33,0.39,33,0.39,27,54,20,22,55,23,17.46,17.75,0.93,89,0.29,16.31,15.79,0,0,0,0,0,,0,0,,0,0,0,0,0,0,26,11,4.25,33,0.13,0.09,0.01,0.05,,0.27
Lewis Morgan,San Diego FC,Major League Soccer,2026,597,Left Wing,Scotland,30,29/09/96,0,0,0.18,0.09,1.96,0,15,3,,0.11,0.3,0.16,1.51,0.3,0.14,1.21,0,0.02,0.3,0.3,0.34,3.47,-0.04,0.6,0.15,0.45,25,0.3,0,1.66,1.51,0.15,0.22,0.45,0.65,20.04,12.51,0.01,5.43,62.53,3.32,2.26,1.36,1.51,82,2,2.22,0.45,33,0.3,29,0.3,0.15,18.24,27.37,4.97,3.62,1.21,63.54,13.11,72,2.71,75,0.15,0,0,23.81,76,1.51,45,59,0.6,2.41,24,63,-13,65.64,1.81,0.34,0.63,21.7,87,4.05,11.3,1.05,0.6,0.45,0.9,6.33,6.93,0.3,0,0.6,27,1.36,8,75,17,9,71,20,16.61,11.87,0.95,105,-4.74,15.7,12.52,0,0,0,0,0,,0,0,,0,0,0,0,0,0,25,6,5.86,46,0.12,0.04,-0.01,-0.02,,0.13
Liel Abada,Charlotte,Major League Soccer,2026,1006,Left Wing,Israel,25,02/10/01,0.27,0.18,0.26,0.11,2.24,8,52,3,100,0.35,0.27,0.14,1.16,0.27,0.14,1.16,0,0,0,0.45,0.39,3.4,0.05,1.61,0.98,0.63,61,0.54,0.09,1.97,2.15,0.27,0.19,0.27,0.35,23.53,13.69,0.01,5.55,49.9,6.71,3.58,1.16,1.43,48,1.25,1.44,0.81,24,1.25,27,0.36,0,21.83,17.78,4.92,3.49,1.25,50.55,10.47,48,3.04,87,0.18,0,0,30.16,72,1.16,18,46,0.45,2.33,20,64,-8,62.74,3.58,0.48,0.78,31.94,88,6.21,12.71,1.34,1.25,0.09,0.81,6.71,7.96,0.18,7,0.45,17,1.43,17,57,26,13,59,27,17.63,15.91,0.93,106,-1.72,16.33,16.82,0,0,0,0,0,,0,0,,0,0,0,0,0,0,24,8,4.86,37,-0.01,0.26,0.03,0.11,,0.39
Lionel Messi,Inter Miami,Major League Soccer,2026,1966,Right Centre Forward,Argentina,39,23/06/87,0.82,0.78,0.54,0.1,5.31,15,39,5,50,0.79,0.46,0.4,2.24,0.41,0.36,1.74,0.05,0.04,0.5,1.24,0.94,7.55,0.3,3.57,2.15,1.42,60,1.69,0,2.47,2.47,0.14,0.19,0,0,7.74,3.02,0,1.51,67.25,4.12,3.16,0.55,0.69,71,0.68,0.86,0.6,29,0.23,25,0.05,0,6.59,7.75,1.33,1.92,0.46,67.02,5.68,86,1.6,83,0.14,0,0,35.62,79,3.25,92,55,0.46,5.4,17,76,-2,63.8,8.7,0.88,1.26,42.07,89,6.65,17.08,4.07,3.25,0.82,0.82,6.64,9.89,0.41,2,0.27,33,1.14,24,66,10,32,64,5,19.26,14.66,0.95,101,-4.6,18.25,14.86,0,0,0,0,0,,0,0,,0,0,0,0,0,0,18,8,7.75,47,0.23,0.29,0.02,0.04,,0.58
Logan Farrington,FC Dallas,Major League Soccer,2026,1263,Centre Forward,England,25,13/12/01,0.57,0.5,0.29,0.11,2.64,19,38,5,100,0.45,0.21,0.17,1,0.21,0.17,1,0,0,0,0.71,0.46,3.63,0.25,2.71,1.42,1.28,53,1.92,0.14,1.78,4.56,0.36,0.23,1.21,0.96,18.24,9.12,0,3.7,63.02,3.78,2.49,0.71,1.07,59,0.44,0.66,1.92,22,0.5,35,1.35,0,15.6,10.69,3.06,3.35,0.85,67.76,12.75,82,2.92,87,0.21,0,0,21.66,72,0.93,35,65,1.35,1.28,18,58,-14,64.66,2.85,0.38,0.68,25.15,80,6.04,9.4,1,1,0,0.71,6.62,7.62,0.14,14,0.21,33,1.21,13,66,21,12,70,18,15.75,15.31,1,104,-0.44,15.73,15.88,0,0,0,0,0,,0,0,,0,0,0,0,0,0,23,7,4.09,31,0,0.14,0,0.03,,0.17
Loic Williams,Colorado Rapids,Major League Soccer,2026,796,Left Centre Back,Spain,24,06/01/02,0.11,0.11,0.03,0.07,0.45,25,50,0,,0.11,0,0,0,0,0,0,0,0,0,0.11,0.03,0.45,0.08,0.68,0.68,0,100,0.57,0,0.11,0.11,0.68,0.62,3.05,2.91,7.24,3.51,0.04,2.83,31.17,8.26,3.05,1.47,2.15,93,1.74,2.37,1.13,67,0.11,76,1.81,0,4.64,5.2,2.04,0.34,0.11,38.82,1.7,37,0.23,67,0.11,0,0,58.03,92,3.17,71,67,3.73,4.07,10,76,-16,37.52,4.07,0.45,0.46,50.23,100,5.11,5.09,0.34,0.34,0,0,0.9,1.24,0.23,0,0,,0,26,71,3,36,62,2,20.27,21.08,0.95,95,0.81,19.36,20.02,0,0,0,0,0,,0,0,,0,0,0,0,0,0,13,8,3.61,22,0.08,0.07,0.02,0.03,,0.2
Louicius Deedson,FC Dallas,Major League Soccer,2026,303,Left Wing Back,Haiti,25,10/02/01,0.3,0.3,0.13,0.06,2.08,14,14,4,,0.12,0,0.17,0.59,0,0.17,0.59,0,0,0,0.3,0.3,2.67,0,0.3,0,0.3,0,0.3,0,0.59,0.89,1.78,1.07,1.78,1.24,12.16,8.6,0,3.86,33.5,8.6,4.45,1.19,2.97,67,0.76,1.83,1.19,0,0.59,60,0.89,0,10.09,7.18,2.08,0.59,0.3,38.48,2.67,26,0.59,100,0,0,0,25.81,65,1.48,87,45,2.08,2.97,14,62,-4,56.36,2.67,0.27,0.49,21.95,93,6.05,7.71,1.19,1.19,0,0.3,3.26,4.45,0,75,1.19,50,0.3,29,62,8,15,69,15,18.71,17.54,0.88,86,-1.16,16.48,15.17,0,0,0,0,0,,0,0,,0,0,0,0,0,0,36,13,4.48,36,0.2,0.09,0.01,-0.06,,0.24
Louis Munteanu,DC United,Major League Soccer,2026,1341,Left Centre Forward,Romania,24,15/06/02,0.4,0.34,0.26,0.07,3.56,9,38,8,100,0.36,0.07,0.08,0.94,0.07,0.08,0.94,0,0,0,0.4,0.34,4.5,0.06,0.74,0.27,0.47,36,1.75,0,1.61,1.75,0.13,0.05,0,0,15.64,7.25,0,2.28,63.7,4.16,2.55,0.34,0.47,38,0.18,0.23,2.01,11,0.54,30,1.28,0,13.43,7.45,2.08,2.89,0.81,64.25,9.87,74,2.55,88,0.13,0,0,17.39,63,0.6,16,38,0.27,1.34,23,62,-1,61.6,1.07,0.38,0.58,17.32,84,4.47,5.51,0.87,0.87,0,0.6,6.11,6.98,0,38,0.4,35,0.74,13,68,19,11,71,18,16.63,13.56,0.93,104,-3.07,15.54,14.08,0,0,0,0,0,,0,0,,0,0,0,0,0,0,27,7,3.11,19,0,0.02,0,-0.01,,0.02
Luca Bombino,San Diego FC,Major League Soccer,2026,1280,Left Back,USA,20,09/07/06,0.07,0.07,0.02,0.04,0.63,11,33,0,,0.06,0.07,0.1,0.56,0.07,0.1,0.56,0,0,0,0.14,0.12,1.2,0.02,0.49,0.21,0.28,43,2.81,0,0.7,0.98,0.7,0.97,1.48,2.09,15.96,8.37,0.02,5.91,37.91,10.06,4.36,2.32,3.02,79,3.37,4.34,1.62,47,0.63,43,0.91,0.14,12.03,17.24,4.36,2.6,0.77,42.87,4.78,40,1.62,62,0.28,0.07,0,56.4,85,2.25,84,49,1.9,4.15,11,79,-5,49.61,5.56,0.42,0.45,49.72,97,3.55,13.85,0.7,0.7,0,0.21,1.34,2.04,0.21,60,0.7,43,0.28,20,66,14,21,60,19,17.15,16.79,0.92,97,-0.35,15.86,16.37,0,0,0,0,0,,0,0,,0,0,0,0,0,0,15,7,5.24,38,0.15,0.09,0.09,0.01,,0.34
Luca Langoni,New England Revolution,Major League Soccer,2026,980,Right Wing,Argentina,24,08/02/02,0.28,0.28,0.15,0.07,2.11,13,43,4,,0.27,0.55,0.18,1.38,0.18,0.13,0.92,0.37,0.05,0.46,0.83,0.33,3.49,0.49,1.38,0.55,0.83,40,0.73,0.09,2.02,2.39,0.64,0.65,0.83,0.57,18.55,9.55,0,4.96,45.05,5.05,2.66,0.92,1.56,63,0.89,1.54,0.92,14,0.55,42,0.46,0,16.71,15.8,4.13,2.3,0.55,47.88,7.53,45,1.65,72,0.09,0,0,26.17,71,0.83,23,33,1.01,2.3,13,64,-6,63.6,2.39,0.4,0.5,27.83,86,5.76,9.92,1.65,1.19,0.46,0.64,4.04,5.23,0,44,1.1,33,0.83,13,69,17,11,68,21,16.78,14.71,0.9,83,-2.06,15.14,12.22,0,0,0,0,0,,0,0,,0,0,0,0,0,0,26,9,4.78,37,0.06,0.2,0.02,-0.01,,0.27
Luca Moisa,Real Salt Lake,Major League Soccer,2026,336,Right Defensive Midfielder,USA,18,19/04/08,0,0,0.03,0.03,0.8,0,33,1,,0.07,0,0.07,1.07,0,0.07,1.07,0,0,0,0,0.1,1.88,-0.1,0,0,0,,0.8,0,0.8,0.27,1.07,0.56,0.54,0.3,27.89,18.77,0.04,10.46,44.1,7.51,4.56,2.41,3.49,64,1.49,2.06,0.8,17,1.34,0,0,0,24.67,18.51,7.78,6.97,2.41,46.47,10.46,42,3.49,50,0.54,0,0,33.79,82,2.68,27,63,1.34,3.49,14,83,2,51.19,3.22,0.4,0.56,24.94,96,3.61,10.19,0.54,0.54,0,0,0.8,1.34,0.27,0,0,,0,17,70,14,8,87,5,18.18,15.31,0.97,120,-2.87,17.68,18.31,0,0,0,0,0,,0,0,,0,0,0,0,0,0,16,4,4.61,37,0.07,0.04,0.15,0,,0.26
Luca Petrasso,CF Montreal,Major League Soccer,2026,2095,Left Back,Canada,26,15/06/00,0,0,0.01,0.02,0.26,0,17,0,,0,0.09,0.12,1.42,0.09,0.12,1.42,0,0,0,0.09,0.13,1.68,-0.04,1.03,0.47,0.56,46,0.47,0.04,0.47,0.9,0.52,0.56,1.59,1.52,8.68,4.64,0.03,3.65,35,8.98,4.21,0.99,1.5,68,0.84,1.4,0.26,50,0.47,47,0.6,0.04,7.43,6.78,2.53,1.2,0.26,40.9,2.53,34,0.77,64,0.04,0,0,40.42,80,2.28,81,51,1.98,4.08,9,73,-6,53.83,4.64,0.33,0.39,32.09,96,3.99,12.97,2.02,1.93,0.09,0.3,1.59,3.52,0,53,1.2,37,0.26,23,63,14,19,59,22,18.62,18.48,0.94,101,-0.14,17.42,18.68,0,0,0,0,0,,0,0,,0,0,0,0,0,0,22,9,6.09,38,0.18,0.07,0.02,-0.01,,0.26
Luca de la Torre,Charlotte,Major League Soccer,2026,884,Left Defensive Midfielder,USA,28,22/05/98,0,0,0.04,0.06,0.71,0,0,1,,0,0.1,0.07,0.92,0.1,0.07,0.92,0,0,0,0.1,0.11,1.63,-0.01,0.71,0.41,0.31,57,0.1,0,0.61,1.32,0.41,0.32,1.22,1.2,15.98,9.16,0,3.87,42.6,7.53,3.26,1.53,1.93,68,1.14,1.46,1.12,40,0.71,44,0.41,0,13.34,11.85,2.95,3.56,0.92,44.03,4.78,36,1.63,46,0,0,0,43.06,87,1.12,44,48,1.83,1.73,17,78,-9,54.56,3.56,0.34,0.4,37.06,96,4.11,14.46,1.43,1.32,0.1,0,1.83,3.16,0,29,0.41,40,0.51,16,70,15,17,75,8,16.85,17.2,0.96,100,0.35,16.2,17.22,0,0,0,0,0,,0,0,,0,0,0,0,0,0,14,7,6.08,40,0,0.07,0.07,-0.02,,0.11
Lucas Bartlett,DC United,Major League Soccer,2026,2106,Right Centre Back,USA,29,25/07/97,0.09,0.09,0.09,0.11,0.81,11,32,0,,0.14,0,0.01,0.21,0,0.01,0.21,0,0,0,0.09,0.1,1.03,-0.01,0.09,0.04,0.04,50,0.85,0.09,0.17,0.38,0.77,0.43,5.26,2.77,8.2,3.5,0.09,3.85,21.54,11.28,2.22,0.85,1.62,87,0.5,0.94,1.45,75,0.13,62,3.38,0.13,5.94,3.42,2.39,1.11,0.47,28.86,1.03,17,0.43,38,0.21,0,0,39.02,72,4.4,18,42,6.62,9.02,15,52,-19,35.3,2.39,0.41,0.42,27.61,98,5.53,2.78,0.17,0.13,0.04,0.17,3.03,3.16,0,0,0.09,50,0.3,32,64,4,32,63,5,28.52,25.73,0.85,89,-2.79,24.29,22.83,0,0,0,0,0,,0,0,,0,0,0,0,0,0,28,9,3.12,21,0.04,0.03,0.1,-0.02,,0.16
Lucas Halter,Houston Dynamo,Major League Soccer,2026,1042,Left Centre Back,Brazil,26,01/05/00,0,0,0.03,0.06,0.52,0,0,0,,0,0,0.01,0.26,0,0.01,0.26,0,0,0,0,0.05,0.78,-0.05,0,0,0,,0.69,0,0.26,0.17,0.6,0.79,3.46,3.12,6.65,4.15,0.11,3.37,22.61,5.36,1.21,1.3,1.9,75,1.05,1.84,1.04,67,0.43,95,1.56,0.09,4.32,3.43,1.9,0.78,0.52,32.82,1.12,26,0.35,44,0.35,0,0,48.04,90,2.85,24,65,4.32,3.54,9,68,-22,37.4,2.77,0.25,0.27,40.09,99,3.58,3.63,0.35,0.35,0,0.09,1.21,1.56,0,0,0.09,100,0.17,25,72,2,33,64,2,19.3,24.83,0.96,96,5.52,18.56,23.94,0,0,0,0,0,,0,0,,0,0,0,0,0,0,14,7,2.27,16,0.07,0.02,0.13,-0.03,,0.2
Lucas Herrington,Colorado Rapids,Major League Soccer,2026,1727,Left Centre Back,Australia,19,04/09/07,0.05,0.05,0.02,0.11,0.21,25,25,0,,0.04,0.05,0.03,0.16,0.05,0.03,0.16,0,0,0,0.1,0.05,0.36,0.06,0.05,0.05,0,100,0.52,0,0.05,0.26,0.31,0.4,4.74,5.08,7.51,4.27,0.1,3.7,23.36,8.29,1.88,1.2,1.51,77,1.61,2.02,0.99,40,0.36,76,2.66,0.05,5.32,6.39,1.93,1.15,0.36,34.46,1.51,28,0.57,50,0.21,0,0,67.97,94,5,24,81,5.16,5.79,9,77,-16,34.28,3.6,0.47,0.47,57.07,100,5.6,4.17,0,0,0,0.05,0.78,0.78,0.1,,0,0,0.05,19,77,3,31,69,0,21.82,19.56,0.98,107,-2.27,21.46,20.86,0,0,0,0,0,,0,0,,0,0,0,0,0,0,13,8,3.84,30,0.02,0.08,0.05,0.01,,0.15
Lucas Hoyos,Atlanta United,Major League Soccer,2026,2327,Goalkeeper,Argentina,37,28/04/89,0,0,0,,0,,,0,,0,0,0.02,0.04,0,0.02,0.04,0,0,0,0,0.02,0.04,-0.02,0.04,0.04,0,100,0.23,0,0,0.08,0,0,0,0,0.5,0.35,0,6.42,3.49,3.79,0,0,0,0,0,0,0.04,50,0.12,,0,0.04,0.46,0.44,0.23,0.04,0,14.98,0.04,8,0.04,100,0.12,0,0,27.85,76,6.65,7,46,3.17,11.41,16,62,-14,12.4,0.15,0.26,0.26,24.99,100,4.98,0.15,0,0,0,0,0,0,0,,0,,0,33,67,0,25,75,0,34.56,40.64,0.77,77,6.08,26.49,31.45,1.55,1.45,-0.1,57,59,-3,1.43,3.56,33,10.64,1.99,0,0,18.59,-1,18,2,1.15,8,0.08,0.07,0,,-0.12,0.03
Lucas Sanabria,LA Galaxy,Major League Soccer,2026,1520,Left Defensive Midfielder,Uruguay,23,25/12/03,0.12,0.12,0.11,0.12,0.95,13,25,1,,0.05,0.06,0.06,0.65,0.06,0.06,0.65,0,0,0,0.18,0.17,1.6,0.01,0.59,0.36,0.24,60,1.42,0,1.3,1.24,0.89,0.67,0.53,0.5,21.73,10.36,0.01,6.69,43.92,8.35,3.73,2.43,3.32,67,1.83,2.51,1.42,48,1.18,41,0.53,0,17.94,15.69,5.33,3.79,1.36,45.7,7.05,39,2.07,55,0.36,0.06,0,29.55,83,1.78,8,68,1.07,2.07,17,76,-7,53.67,3.61,0.35,0.41,24.1,90,4.31,9.71,0.47,0.47,0,0.3,2.25,2.72,0.06,0,0.24,57,0.36,20,64,17,21,63,16,17.72,16.99,0.98,99,-0.73,17.44,16.83,0,0,0,0,0,,0,0,,0,0,0,0,0,0,19,8,2.93,23,0.01,0.05,0.01,-0.07,,0
Luighi,New York City FC,Major League Soccer,2026,364,Centre Forward,Brazil,20,29/04/06,0.49,0.25,0.55,0.17,3.21,8,31,8,100,0.51,0,0.03,0.49,0,0.03,0.49,0,0,0,0.25,0.57,3.7,-0.33,1.23,0.49,0.74,40,1.48,0,2.47,2.72,0.49,0.51,0.49,0.7,20.75,10.37,0,4.94,62.36,3.95,2.72,1.48,1.98,67,1.65,2.17,1.73,40,0.74,17,0.74,0,17.54,16.14,3.95,3.21,1.23,64.42,13.58,77,2.47,77,0.49,0,0,14.33,71,0.25,17,100,0.49,0.25,25,60,-11,59.04,0.99,0.32,0.71,17.29,73,4.52,3.95,0.25,0.25,0,0.99,7.9,8.15,0,0,0,0,0.99,14,75,12,19,63,19,14.36,15.55,0.91,78,1.2,13.05,12.11,0,0,0,0,0,,0,0,,0,0,0,0,0,0,34,12,2.57,19,-0.03,0.03,0.03,-0.01,,0.03
Luis Otávio,Orlando City,Major League Soccer,2026,942,Left Defensive Midfielder,Brazil,19,11/04/07,0.1,0.1,0.08,0.12,0.67,14,43,0,,0.07,0,0.02,0.38,0,0.02,0.38,0,0,0,0.1,0.1,1.05,-0.01,0.48,0.29,0.19,60,1.24,0,0.38,1.43,0.76,0.82,1.43,1.22,15.58,8.31,0.01,6.4,38.48,7.45,4.11,2.68,3.44,72,2.53,3.35,1.24,50,1.05,54,0.67,0,11.75,10.77,4.78,2.29,1.05,41.15,3.73,32,1.15,50,0.38,0,0,43.29,86,3.15,11,73,2.1,3.63,14,76,-11,50.11,6.5,0.67,0.68,37.36,96,4.01,10.99,0.29,0.29,0,0.1,0.96,1.24,0.1,0,0,0,0.1,21,69,10,23,69,8,19.14,16.27,0.96,104,-2.87,18.46,16.9,0,0,0,0,0,,0,0,,0,0,0,0,0,0,14,5,3.63,28,0,0.08,-0.03,-0.05,,0
Luis Suárez,Inter Miami,Major League Soccer,2026,1492,Centre Forward,Uruguay,39,23/01/87,0.72,0.6,0.41,0.19,2.17,28,53,2,100,0.65,0.24,0.2,1.39,0.24,0.2,1.39,0,0,0,0.84,0.62,3.56,0.23,0.97,0.48,0.48,50,1.39,0.06,1.03,2.23,0.12,0.14,0.48,0.52,9.23,4.28,0.02,2.71,60.9,4.28,2.77,0.42,0.54,78,0.49,0.63,0.54,33,0.12,56,0.84,0,8.26,10.62,2.17,1.33,0.48,65.73,6.33,77,0.97,73,0.06,0,0,34.5,78,2.53,25,70,1.21,2.9,17,76,-2,59,3.2,0.97,1.22,26.18,90,3.31,12.43,1.93,1.87,0.06,0.72,7,8.87,0.18,6,0.18,23,1.15,14,69,17,18,68,13,18.19,17.69,0.99,101,-0.5,18.03,17.92,0,0,0,0,0,,0,0,,0,0,0,0,0,0,20,10,6.77,40,0.02,0.1,0,0.25,,0.37
Luka Gavran,Toronto FC,Major League Soccer,2026,2343,Goalkeeper,Canada,26,08/05/00,0.04,0.04,0.01,0.16,0.04,100,100,0,,0.03,0,0,0,0,0,0,0,0,0,0.04,0.01,0.04,0.03,0,0,0,,0.15,0,0.04,0,0,0,0,0,0.08,0.08,0,6.26,2.59,4.03,0.04,0,0,,0,0,0,100,0,0,0,0.08,0.08,0.09,0.04,0,0,8.96,0,0,0,,0,0,0,21.55,68,6.41,13,43,2.84,12.17,14,54,-15,10.75,1.23,0.1,0.11,18.59,100,4.78,0.61,0,0,0,0,0.08,0.08,0,,0,,0,52,48,0,94,6,0,41.48,45.77,0.74,74,4.3,30.82,33.94,1.38,1.23,-0.15,64,68,-4,1.16,3.88,35,11.06,1.69,0.15,0.15,18.6,1,25,2,1.02,8,0.07,0.08,0,0,-0.22,-0.07
Lukas Engel,Real Salt Lake,Major League Soccer,2026,1207,Left Centre Back,Denmark,28,13/12/98,0.07,0.07,0.05,0.07,0.67,11,22,0,,0.1,0,0.05,0.52,0,0.05,0.52,0,0,0,0.07,0.1,1.19,-0.02,0.52,0.37,0.15,71,0.22,0,0.07,0.22,0.52,0.55,3.21,3.19,6.34,4.17,0.07,2.68,27.33,8.8,3.13,0.82,1.34,79,0.87,1.42,0.22,63,0.22,52,0.89,0,5.37,5.36,1.86,0.67,0.22,35.79,1.49,28,0.37,56,0,0,0,56.81,80,6.64,88,53,4.77,10.88,8,64,-17,41.57,8.05,0.65,0.67,45.18,99,4.07,10.51,0.75,0.52,0.22,0.15,1.57,2.09,0.07,20,0.22,18,0.3,28,68,4,45,52,3,25.17,29.33,0.9,85,4.17,22.53,25.02,0,0,0,0,0,,0,0,,0,0,0,0,0,0,20,6,5.56,32,0.14,0.06,0.04,0.03,,0.26
Lukas MacNaughton,St. Louis City,Major League Soccer,2026,1165,Right Centre Back,Canada,31,07/03/95,0.08,0.08,0.04,0.08,0.54,14,43,0,,0.05,0.08,0.07,0.62,0.08,0.07,0.54,0,0,0.08,0.15,0.11,1.16,0.04,0.08,0.08,0,100,0.39,0,0.08,0.15,0.85,1.04,4.71,4.99,10.82,5.41,0.06,4.17,26.12,9.27,2.7,1.39,2.24,90,1.43,2.47,1.7,80,0.15,62,2.39,0,7.88,7.4,2.55,0.85,0.15,34.07,1.93,25,0.23,27,0.15,0,0,52.38,87,3.24,11,62,5.1,4.87,13,75,-12,41.63,4.64,0.53,0.55,40.33,99,3.39,8.88,0.15,0.15,0,0.23,1.93,2.09,0.15,50,0.15,50,0.23,28,66,6,37,60,3,20,19.34,0.95,105,-0.66,19.03,20.23,0,0,0,0,0,,0,0,,0,0,0,0,0,0,19,11,3.84,26,0.06,0.04,0.06,-0.02,,0.13
Luke Brennan,Atlanta United,Major League Soccer,2026,449,Left Midfielder,USA,21,23/02/05,0,0,0.27,0.17,1.6,0,25,3,,0.1,0,0.04,0.6,0,0.04,0.6,0,0,0,0,0.31,2.2,-0.31,1.6,0.4,1.2,25,0.4,0,2,2.4,1,0.78,0.6,0.48,22.83,11.82,0,4.61,46.95,4.21,2.2,2.4,3.41,92,2.12,2.9,2.2,75,0.2,13,0.4,0,18.43,15.51,3.81,3.41,1,48.42,8.81,48,2,59,0.2,0,0,23.64,76,0.2,2,20,0.8,0.8,16,75,-1,62.55,2.6,0.39,0.57,26.04,85,6.75,10.22,0,0,0,0.6,4.01,4.01,0,,0.2,10,0.4,16,62,22,14,53,33,15.63,14.24,0.88,95,-1.39,13.82,13.5,0,0,0,0,0,,0,0,,0,0,0,0,0,0,26,10,3.61,26,0,0.04,0.01,0,,0.05
Malachi Jones,New York City FC,Major League Soccer,2026,507,Left Wing,USA,23,22/09/03,0.18,0.18,0.36,0.16,2.31,8,38,5,,0.27,0,0.06,0.53,0,0.06,0.53,0,0,0,0.18,0.42,2.84,-0.25,1.95,1.24,0.71,64,1.24,0.18,2.66,3.55,0.18,0.19,1.24,1.29,23.62,11.9,0.01,3.73,51.1,5.33,3.37,1.95,2.13,79,1.95,2.14,2.13,63,0.53,43,1.6,0,19.53,19.91,3.37,3.37,0.36,53.51,11.01,56,2.66,79,0.53,0,0,19.89,66,0.53,17,43,1.24,1.24,24,57,-9,59.4,0.89,0.3,0.58,25.22,79,5.58,5.51,0.18,0.18,0,0.36,5.33,5.51,0,0,0.18,17,0.53,17,60,22,13,65,23,15.97,11.88,0.99,114,-4.09,15.88,13.58,0,0,0,0,0,,0,0,,0,0,0,0,0,0,23,8,3.57,26,-0.04,0.21,0.02,0.01,,0.2
Malik Henry,Toronto FC,Major League Soccer,2026,653,Right Wing,Canada,24,22/07/02,0,0,0.06,0.09,0.69,0,20,1,,0.02,0,0.08,0.69,0,0.08,0.69,0,0,0,0,0.14,1.38,-0.14,3.31,1.79,1.52,54,0.69,0,1.65,2.76,0.41,0.45,0.55,0.51,15.98,8.54,0,5.1,54.48,3.17,2.2,1.1,1.52,80,1.02,1.46,0.96,50,0.28,40,1.1,0,13.91,12.58,4.82,3.03,1.38,57.02,9.37,67,2.48,82,0.41,0,0,23.14,67,0.96,21,50,0.69,1.79,12,45,-22,61.83,1.79,0.17,0.31,25.07,84,5.48,7.99,1.38,1.38,0,0.55,3.44,4.82,0,20,0.55,15,0.41,17,61,22,21,53,26,17.42,13.03,1.04,128,-4.39,18.18,16.66,0,0,0,0,0,,0,0,,0,0,0,0,0,0,26,12,2.7,21,-0.05,0.04,0.04,-0.06,,-0.02
Malte Amundsen,Columbus Crew,Major League Soccer,2026,1630,Left Back,Denmark,28,10/02/98,0,0,0.03,0.08,0.44,0,0,0,,0,0.06,0.03,0.28,0.06,0.03,0.28,0,0,0,0.06,0.06,0.72,-0.01,0.5,0.28,0.22,56,0.33,0,0.66,0.83,1.21,1.6,2.15,2.8,9.99,6.46,0.03,3.31,33.78,8.5,2.98,1.38,2.6,86,1.74,3.34,0.61,60,0.22,56,1.1,0.06,8.01,9.99,2.54,1.27,0.61,39.86,2.43,30,0.77,61,0.11,0,0,48.43,84,2.04,82,48,2.82,3.59,11,76,-9,47.14,5.52,0.36,0.41,40.92,97,3.73,10.66,0.55,0.55,0,0.11,1.77,2.32,0.06,40,0.33,16,0.06,22,62,16,28,53,18,18.35,18.97,0.93,91,0.62,17.08,17.22,0,0,0,0,0,,0,0,,0,0,0,0,0,0,19,9,4.17,33,0.04,0.04,0,-0.05,,0.03
Mamadou Dieng,Minnesota United,Major League Soccer,2026,582,Centre Forward,Senegal,22,03/02/04,0,0,0.41,0.15,2.78,0,56,4,,0.32,0,0.11,0.93,0,0.11,0.93,0,0,0,0,0.51,3.71,-0.51,1.7,1.08,0.62,64,1.85,0,1.7,3.4,0.46,0.4,0.77,0.83,23.18,13.6,0.02,5.72,66.62,4.48,2.94,0.31,0.77,50,0.3,0.69,1.39,0,0.31,64,4.33,0,21.48,19.26,5.25,4.17,0.62,69.7,17,79,3.55,85,0.15,0,0,19.16,76,0,12,,0.77,0,29,53,-23,63.54,1.39,0.7,0.79,19.01,77,5.94,7.57,0.31,0.31,0,0.77,7.88,8.19,0,0,0.46,100,1.08,14,63,23,8,71,20,11.77,11.32,1.02,94,-0.45,11.99,10.58,0,0,0,0,0,,0,0,,0,0,0,0,0,0,21,7,3.14,17,0.02,0.03,0.03,0,,0.07
Mamadou Fofana,New England Revolution,Major League Soccer,2026,2204,Left Centre Back,Mali,28,20/01/98,0.04,0.04,0.03,0.12,0.2,20,20,0,,0.03,0.04,0.03,0.37,0.04,0.03,0.37,0,0,0,0.08,0.06,0.57,0.02,0.25,0.25,0,100,0.08,0,0.08,0.16,1.31,1.18,4.9,5.34,8.9,4.78,0.05,4.41,26.39,8.33,1.51,1.55,2.86,76,1.63,2.81,0.61,57,0.49,72,0.94,0,6.74,6.75,2.45,0.98,0.41,33.83,1.76,26,0.61,63,0.16,0,0,56.48,91,5.6,23,70,5.92,6.94,8,76,-15,36.42,2.94,0.48,0.51,48.6,100,4.19,4.04,0.2,0.2,0,0.08,0.61,0.82,0.04,20,0.04,33,0.08,17,79,4,26,72,2,23.55,26.19,0.95,90,2.63,22.38,23.51,0,0,0,0,0,,0,0,,0,0,0,0,0,0,12,6,4.3,29,0.03,0.06,0.14,0.01,,0.24
Manu Duah,San Diego FC,Major League Soccer,2026,2135,Left Centre Back,Ghana,21,04/06/05,0,0,0.01,0.06,0.21,0,0,0,,0,0.04,0.01,0.17,0.04,0.01,0.17,0,0,0,0.04,0.02,0.38,0.02,0.55,0.51,0.04,92,1.14,0,0.38,0.3,0.72,0.89,3.08,4.04,6.87,3.04,0.09,4.13,25.13,10.29,2.91,1.22,1.94,81,1.72,2.61,0.42,59,0.3,50,0.76,0.04,5.23,7.09,2.53,1.01,0.63,31.51,1.01,19,0.34,33,0.04,0,0.04,80.17,93,5.52,11,68,3.84,7.38,8,89,-4,36.1,4.05,0.56,0.57,71.58,99,4.02,6.03,0.17,0.17,0,0,0.55,0.72,0,50,0.13,50,0.13,23,74,3,30,64,6,19.19,20.4,0.94,99,1.21,18.1,20.26,0,0,0,0,0,,0,0,,0,0,0,0,0,0,12,6,5.02,36,0.08,0.1,0.1,-0.02,,0.26
Manu García,Sporting Kansas City,Major League Soccer,2026,1377,Centre Attacking Midfielder,Spain,28,01/01/98,0.13,0.13,0.03,0.05,0.59,22,44,1,,0.1,0.26,0.3,2.09,0.26,0.27,1.83,0,0.02,0.26,0.39,0.33,2.68,0.07,1.5,0.92,0.59,61,2.55,0,1.37,1.77,0.39,0.3,0.33,0.28,18.76,11.57,0,4.51,50.21,6.28,3.2,1.18,1.57,75,0.89,1.19,1.18,50,0.39,0,0,0,16.41,11.62,3.99,1.9,0.72,51.4,7.84,48,1.11,59,0.2,0,0,40.4,77,4.31,12,55,0.98,7.13,16,74,-3,55.17,6.8,0.34,0.51,38.83,93,4.84,13.92,2.22,1.7,0.52,0.26,1.24,2.94,0.13,12,0.39,43,0.33,21,71,8,28,67,6,21.72,17.99,0.95,103,-3.73,20.58,18.6,0,0,0,0,0,,0,0,,0,0,0,0,0,0,21,7,5.01,60,0.08,0.08,0.02,0.03,,0.21
Marcel Hartel,St. Louis City,Major League Soccer,2026,1514,Left Attacking Midfielder,Germany,30,18/01/96,0.36,0.36,0.32,0.09,3.57,10,42,4,,0.3,0.18,0.27,2.68,0.12,0.21,1.9,0.06,0.06,0.77,0.54,0.59,6.24,-0.05,1.01,0.59,0.42,59,0.54,0,1.01,1.78,0.42,0.47,0.3,0.37,11.24,6.06,0.01,3.33,54.69,5.53,3.27,0.83,1.25,67,0.89,1.36,0.36,33,0.42,83,0.3,0,10.05,9.74,2.79,1.96,0.59,54.8,6.06,60,1.31,67,0,0,0,38.23,73,2.73,8,46,0.54,5.65,20,74,2,63.08,4.58,0.53,0.82,34.72,94,4.77,15.99,3.8,2.26,1.55,0.83,5.95,8.2,0.3,6,0.36,21,0.83,19,67,13,26,64,11,18.77,13.64,0.92,105,-5.12,17.18,14.29,0,0,0,0,0,,0,0,,0,0,0,0,0,0,25,7,9.02,55,0.15,0.12,0.01,-0.06,,0.21
Marco Delgado,LAFC,Major League Soccer,2026,1822,Left Defensive Midfielder,USA,31,15/05/95,0.1,0.1,0.03,0.06,0.59,17,33,0,,0.07,0.1,0.09,1.53,0.1,0.09,1.53,0,0,0,0.2,0.13,2.12,0.07,0.64,0.44,0.2,69,1.04,0,0.84,0.79,1.09,0.89,0.74,0.4,22.92,13.64,0.04,6.67,42.33,9.39,4.59,1.78,2.87,67,1.81,2.69,0.89,47,0.89,58,0.35,0,20.26,18.57,5.39,3.95,1.38,44.77,7.95,39,2.17,55,0.1,0,0,58.89,89,3.66,17,73,1.33,4.4,17,83,-6,53.71,9.34,0.53,0.58,51.48,97,4.05,19.86,1.04,1.04,0,0.2,1.14,2.17,0.3,29,0.4,50,0.3,19,71,10,26,67,7,17.84,15.46,0.98,101,-2.38,17.47,15.58,0,0,0,0,0,,0,0,,0,0,0,0,0,0,14,9,7.07,42,0.08,0.08,0.05,0.02,,0.23
Marco Pašalić,Orlando City,Major League Soccer,2026,929,Right Wing,Croatia,26,13/09/00,0.19,0.19,0.13,0.07,1.94,10,25,3,,0.18,0,0.06,0.68,0,0.05,0.58,0,0.01,0.1,0.19,0.19,2.61,0.01,2.03,0.97,1.07,48,0.87,0,1.74,2.52,0.48,0.36,0.48,0.35,21.99,13.66,0.01,3.78,49.95,4.75,2.71,0.77,1.26,44,0.55,0.91,1.07,9,0.97,41,0.68,0,20.14,13.77,3.2,2.81,0.87,52.33,10.07,50,2.03,72,0.39,0,0,28.28,78,2.13,83,61,0.58,3.39,15,69,-9,57.22,3.97,0.28,0.42,29.73,88,6.61,10.46,1.55,1.36,0.19,0.29,3.1,4.46,0.19,6,0.19,25,0.48,18,67,14,26,61,13,18.02,14.65,0.96,100,-3.37,17.32,14.71,0,0,0,0,0,,0,0,,0,0,0,0,0,0,21,7,3.44,31,0.02,0.07,0,0.05,,0.14
Marco Reus,LA Galaxy,Major League Soccer,2026,1781,Centre Attacking Midfielder,Germany,37,30/05/89,0.25,0.15,0.21,0.14,1.52,10,40,1,100,0.21,0.25,0.28,2.48,0.25,0.26,1.97,0,0.03,0.51,0.4,0.49,3.99,-0.09,0.51,0.35,0.15,70,1.01,0,0.91,1.21,0.1,0.05,0.45,0.42,15.11,8.39,0,3.64,58.75,2.93,1.77,0.91,1.01,100,0.83,0.88,0.51,100,0,5,0.05,0.1,13.7,13.97,3.39,2.63,0.96,61.61,9.91,72,2.17,83,0.1,0,0,33.91,82,2.43,24,58,0.51,4.14,11,79,-3,62.8,4.3,0.51,0.8,29.16,94,4.79,15.82,2.43,1.72,0.71,0.61,4.9,6.62,0.35,2,0.25,22,1.11,16,66,18,19,63,17,18.23,12.87,0.94,107,-5.36,17.19,13.73,0,0,0,0,0,,0,0,,0,0,0,0,0,0,19,7,7.7,50,0.04,0.03,0.02,0.03,,0.12
Marcus Caldeira,Minnesota United,Major League Soccer,2026,329,Right Centre Forward,Canada,22,13/10/04,1.09,1.09,0.71,0.32,2.19,50,50,6,,0.72,0.27,0.04,0.27,0.27,0.04,0.27,0,0,0,1.37,0.74,2.46,0.62,0.55,0,0.55,0,1.37,0,2.19,3.01,0,0,0,0,19.43,9.58,0.03,5.75,71.26,4.38,3.28,0.82,0.82,75,0.97,0.97,0,0,0.27,28,1.37,0,18.61,15.71,5.2,3.01,0.55,72.68,16.42,88,2.74,91,0,0,0,14.78,75,0.27,31,50,0,0.55,31,65,-10,57.51,1.37,1.02,1.07,15.87,69,4.47,4.93,0.27,0.27,0,0,4.1,4.38,0.27,0,0,0,0.27,20,62,18,22,72,6,12.92,12.76,1.08,110,-0.16,13.98,13.98,0,0,0,0,0,,0,0,,0,0,0,0,0,0,33,16,3.17,22,-0.06,0.03,0.02,0.26,,0.25
Marcus Ingvartsen,San Diego FC,Major League Soccer,2026,1667,Centre Forward,Denmark,30,03/01/96,0.59,0.54,0.42,0.14,2.92,19,35,5,100,0.54,0.16,0.12,0.81,0.16,0.12,0.81,0,0,0,0.7,0.54,3.73,0.16,0.59,0.22,0.38,36,1.08,0,1.4,2.43,0.16,0.24,0.76,1,17.77,8.96,0,4.7,63.76,3.35,2.59,0.49,0.65,47,0.77,1.01,1.3,17,0.54,54,1.62,0,15.98,23.4,3.94,4,0.86,66.38,12.31,77,2.97,74,0.05,0,0,21.06,79,0.59,76,52,0.92,0.97,21,69,-10,59.15,1.35,0.39,0.8,18.79,85,4.14,7.78,0.65,0.59,0.05,0.59,7.67,8.26,0.05,0,0.22,67,1.03,13,64,23,14,62,24,14.22,13.61,0.98,98,-0.61,13.87,13.36,0,0,0,0,0,,0,0,,0,0,0,0,0,0,21,7,3.67,26,-0.03,0.03,0,0.09,,0.09
Maren Haile-Selassie,Chicago Fire,Major League Soccer,2026,1724,Left Wing,Switzerland,27,12/03/99,0.37,0.37,0.22,0.11,1.93,19,49,2,,0.3,0.1,0.2,1.51,0.1,0.19,1.36,0,0.01,0.16,0.47,0.42,3.45,0.05,1.88,0.68,1.2,36,0.57,0,1.41,2.51,0.73,0.66,0.52,0.54,16.86,8.46,0,5.12,51.83,5.53,2.66,0.78,1.51,52,0.77,1.42,0.63,35,0.73,40,0.31,0,15.5,15.74,4.23,3.18,1.2,54.02,8.72,56,2.51,79,0.05,0,0,31.01,86,1.77,16,65,0.78,2.45,12,85,-1,56.58,2.87,0.59,0.82,30.44,89,4.8,11.75,2.14,1.98,0.16,0.42,4.96,6.94,0.16,5,0.16,23,0.68,13,68,19,18,64,18,16.41,13.47,0.97,101,-2.94,15.91,13.66,0,0,0,0,0,,0,0,,0,0,0,0,0,0,17,9,5.66,34,0.11,0.09,0.03,0.05,,0.28
Markus Cimermancic,Toronto FC,Major League Soccer,2026,612,Right Defensive Midfielder,Canada,22,30/09/04,0.15,0.15,0.03,0.06,0.59,25,50,1,,0.12,0,0.03,0.59,0,0.03,0.59,0,0,0,0.15,0.06,1.18,0.08,1.03,0.88,0.15,86,0.44,0,1.18,0.59,1.76,0.95,0.29,0.18,18.08,9.85,0.02,5.29,53.88,6.17,3.97,1.03,2.79,78,0.56,1.5,1.47,60,0.29,46,0.88,0,15.58,11.01,4.41,3.82,1.18,55.58,8.97,58,3.09,81,0.15,0,0,34.98,87,2.35,80,57,0.44,3.97,14,85,-1,52.28,4.26,0.34,0.38,32.04,95,4.66,10.44,0.88,0.73,0.15,0.29,2.5,3.23,0,17,0.15,100,0.59,13,70,17,17,73,10,18.17,11.4,0.94,102,-6.76,17.03,11.58,0,0,0,0,0,,0,0,,0,0,0,0,0,0,14,8,3.81,33,-0.02,0.04,0.03,-0.01,,0.05
Martín Ojeda,Orlando City,Major League Soccer,2026,1553,Left Centre Forward,Argentina,28,26/11/98,0.64,0.46,0.23,0.08,2.78,17,48,4,100,0.55,0,0.16,1.62,0,0.11,0.75,0,0.05,0.87,0.46,0.39,4.41,0.07,1.28,0.52,0.75,41,0.99,0.06,0.99,2.09,0.12,0.14,0.12,0.08,16.46,8.87,0.01,2.9,61.43,5.04,2.61,0.29,0.41,45,0.24,0.38,0.23,0,0.35,33,0.17,0,15.94,11.66,2.67,3.88,0.7,62.95,11.42,72,3.3,85,0.06,0,0,30.66,73,3.59,87,51,0.75,6.43,15,72,-1,56.97,3.88,0.41,0.61,28.46,91,4.76,9.97,2.14,1.04,1.1,0.17,4,5.04,0.35,14,0.35,23,0.29,17,68,14,23,66,11,20.88,17.45,0.92,106,-3.44,19.12,18.47,0,0,0,0,0,,0,0,,0,0,0,0,0,0,24,8,5.68,43,0.06,0.11,0.01,0.13,,0.32
Mateja Djordjević,Austin FC,Major League Soccer,2026,334,Right Centre Back,Serbia,23,16/01/03,0,0,0.05,0.08,0.54,0,0,1,,0,0,0,0,0,0,0,0,0,0,0,0.05,0.54,-0.05,0,0,0,,1.08,0,0.27,0.27,0.27,0.17,4.31,3.46,10.78,7.55,0,3.23,24.77,6.2,1.35,1.35,1.62,71,1.61,1.78,1.89,60,0.54,58,1.89,0.27,7.55,7.59,1.89,0.81,0,31.63,1.89,25,0.27,33,0.27,0,0,44.73,84,4.31,9,67,4.85,5.93,7,46,-38,37.2,1.89,0.29,0.32,28.83,98,3.14,2.96,0,0,0,0,1.62,1.62,0,,0,0,0,21,74,5,27,55,18,22.52,17.34,0.98,116,-5.18,22.06,20.08,0,0,0,0,0,,0,0,,0,0,0,0,0,0,17,10,1.78,16,-0.01,0.01,0.08,-0.05,,0.04
Mateo Silvetti,Inter Miami,Major League Soccer,2026,974,Left Midfielder,Argentina,20,13/01/06,0.28,0.28,0.16,0.07,2.49,11,37,4,,0.28,0.28,0.17,1.11,0.28,0.17,1.02,0,0.01,0.09,0.55,0.33,3.6,0.22,1.85,0.83,1.02,45,1.48,0,1.75,3.6,0.09,0.16,0.65,0.82,13.95,5.91,0.01,3.6,56.4,4.34,2.59,1.02,1.11,73,1.35,1.51,1.2,75,0.37,32,0.92,0,11.91,15.14,3.14,2.22,0.74,58.15,7.57,64,1.85,83,0.09,0,0,26.05,71,1.29,16,52,1.02,2.12,22,65,-6,67.21,2.96,0.33,0.55,28.91,88,5.58,11.55,1.2,1.11,0.09,0.74,6.28,7.39,0.09,38,0.92,50,1.02,11,68,21,11,64,25,17.14,14.61,1,105,-2.52,17.05,15.35,0,0,0,0,0,,0,0,,0,0,0,0,0,0,30,9,6.27,37,0.09,0.11,0,0.03,,0.23
Mateusz Bogusz,Houston Dynamo,Major League Soccer,2026,2097,Right Wing,Poland,25,21/08/01,0.17,0.17,0.25,0.09,2.92,6,35,4,,0.21,0.04,0.09,0.99,0.04,0.09,0.99,0,0,0,0.21,0.33,3.91,-0.12,2.27,1.29,0.99,57,1.55,0,1.93,2.45,0.26,0.29,0.6,0.45,14.33,7.3,0,3.61,48.19,4.59,2.4,0.77,1.03,60,0.73,1.02,0.73,27,0.52,35,0.34,0.04,12.83,10.17,3.22,2.15,0.6,50.17,6.48,51,1.5,70,0.13,0,0,25.71,80,0.94,13,55,0.99,1.33,22,78,-2,62.73,3,0.29,0.52,30.94,87,6.79,11.42,0.86,0.86,0,0.21,4.46,5.32,0.17,30,0.43,28,0.64,14,64,22,12,66,22,16.28,15.97,0.96,107,-0.31,15.56,17.14,0,0,0,0,0,,0,0,,0,0,0,0,0,0,22,8,4.21,31,-0.03,0.1,0.01,-0.01,,0.08
Matheus Pereira,Toronto FC,Major League Soccer,2026,313,Left Back,Brazil,26,20/12/00,0,0,0.03,0.02,1.15,0,0,1,,0,0,0.12,0.58,0,0.12,0.58,0,0,0,0,0.15,1.73,-0.15,1.15,0.86,0.29,75,2.02,0,0.58,2.02,2.59,2.02,0.58,0.58,14.98,8.06,0.03,6.62,48.4,8.35,3.17,1.15,3.74,40,0.95,2.97,2.3,14,1.73,100,0.29,0,11.52,9.7,4.03,2.3,1.15,49.35,5.47,48,1.44,63,0.58,0,0,33.12,77,1.15,74,33,1.15,2.88,15,65,-12,52.93,3.17,0.42,0.55,25.63,91,5.37,9.79,0.86,0.86,0,0.29,2.02,2.88,0,0,0.29,11,0.58,23,67,11,12,65,24,19,19.33,0.96,92,0.33,18.18,17.71,0,0,0,0,0,,0,0,,0,0,0,0,0,0,23,6,5.04,36,0.33,0.07,-0.02,-0.05,,0.33
Mathieu Choinière,LAFC,Major League Soccer,2026,1609,Right Defensive Midfielder,Canada,27,06/02/99,0.11,0.11,0.05,0.05,1.01,11,22,1,,0.06,0.11,0.07,0.95,0.11,0.07,0.89,0,0,0.06,0.22,0.12,1.96,0.1,0.5,0.39,0.11,78,1.23,0,0.5,0.5,0.89,0.73,0.62,0.54,25,13.7,0.02,6.43,43.01,7.33,3.91,1.62,2.52,57,1.24,1.97,1.17,33,1.23,27,0.22,0,22.31,17.34,4.87,4.53,1.17,44.28,8.72,39,2.57,57,0.11,0,0,54.3,90,2.24,16,57,1.06,3.47,16,88,-2,52.19,7.61,0.5,0.57,44.85,98,4.28,15.16,0.95,0.84,0.11,0,0.62,1.45,0.06,12,0.11,50,0,13,75,12,17,79,5,18.56,16.35,0.96,97,-2.21,17.8,15.88,0,0,0,0,0,,0,0,,0,0,0,0,0,0,14,8,6.55,40,0.04,0.06,0.03,-0.03,,0.11
Mathías Laborda,Vancouver Whitecaps,Major League Soccer,2026,1996,Left Centre Back,Uruguay,27,14/09/99,0.14,0.14,0.11,0.1,1.13,12,24,0,,0.1,0.05,0.04,0.32,0.05,0.04,0.32,0,0,0,0.18,0.16,1.44,0.02,0.14,0.05,0.09,33,0.45,0,0.27,0.41,0.86,1.11,2.75,3.42,10.06,5.41,0.08,4.96,32.56,10.1,3.02,1.44,2.3,67,1.71,2.82,1.13,54,0.72,69,2.03,0.09,7.49,9.04,3.02,1.71,0.77,39.25,2.75,37,1.17,68,0.18,0,0,54.84,88,4.42,13,69,3.47,5.68,12,77,-11,41.2,6.99,0.65,0.76,47.98,99,5.37,8.79,0.41,0.41,0,0.09,2.21,2.62,0.18,22,0.18,67,0.09,19,76,5,26,71,4,22.13,20.53,0.97,102,-1.6,21.37,20.86,0,0,0,0,0,,0,0,,0,0,0,0,0,0,15,7,5.4,27,0.06,0.08,0.03,-0.03,,0.13
Matt Miazga,Cincinnati,Major League Soccer,2026,1081,Centre Back,USA,31,18/07/95,0,0,0.06,0.18,0.33,0,50,0,,0.07,0.08,0.01,0.17,0.08,0.01,0.17,0,0,0,0.08,0.07,0.5,0.02,0,0,0,,0.25,0,0,0,0.33,0.31,4.5,3.97,7.99,3.41,0.07,4.25,21.6,6.41,1.67,0.92,1.25,79,0.93,1.25,1.17,71,0.25,84,1.75,0.17,5.91,5.31,2.16,0.75,0.33,30.76,1.5,25,0.58,78,0.5,0,0,46.37,91,3.91,16,64,5.41,5.24,12,79,-11,30.73,1.58,0.56,0.58,36.38,100,3.79,1.67,0,0,0,0.08,0.92,0.92,0,,0,0,0.08,20,75,5,50,50,0,23.37,22.8,0.95,89,-0.56,22.14,20.2,0,0,0,0,0,,0,0,,0,0,0,0,0,0,16,10,3.76,26,0.03,0.02,0.05,0,,0.11
Matt Turner,New England Revolution,Major League Soccer,2026,2305,Goalkeeper,USA,32,23/06/94,0,0,0,,0,,,0,,0,0,0.01,0.16,0,0,0.12,0,0,0.04,0,0.01,0.16,-0.01,0,0,0,,0.23,0,0,0.04,0.04,0.06,0.04,0.03,0.04,0,0,5.47,2.31,3.24,0,0,0.04,,0,0.06,0,,0,,0,0.04,0.04,0.03,0,0,0,73.77,0.04,100,0,,0.04,0,0,23.66,79,5.9,23,51,2.11,9.49,18,66,-13,11.31,0.78,0.24,0.24,19.83,100,4.85,0.51,0.12,0.08,0.04,0,0,0.08,0.04,0,0,,0,37,63,0,100,0,0,35.09,34.38,0.81,75,-0.71,28.47,25.89,0.98,1.35,0.38,75,65,10,1.13,3.9,36,10.89,1.7,0.08,0.08,19.34,0,19,3,1.87,13,0.07,0.08,0,,0.29,0.44
Matthew Corcoran,Nashville SC,Major League Soccer,2026,1519,Right Defensive Midfielder,USA,20,16/02/06,0,0,0.03,0.04,0.65,0,27,0,,0.03,0,0.02,0.41,0,0.02,0.41,0,0,0,0,0.05,1.07,-0.05,0.24,0.18,0.06,75,0.71,0,0.83,0.71,0.53,0.64,1.07,1.26,18.6,10.19,0.02,5.57,41.89,7.05,3.32,2.07,2.61,81,2.15,2.79,1.18,53,0.47,73,0.95,0.12,15.4,17.33,4.8,3.26,1.13,43.49,5.86,38,1.9,58,0.24,0.06,0,55.97,88,4.15,16,68,2.01,5.15,12,87,-2,49.33,6.04,0.32,0.34,47.44,97,4.13,12.2,0.59,0.59,0,0,0.71,1.3,0.06,10,0.06,17,0.06,14,75,10,14,80,6,20.08,19.62,0.96,98,-0.46,19.27,19.31,0,0,0,0,0,,0,0,,0,0,0,0,0,0,13,6,3.78,29,-0.02,0.05,0.03,-0.02,,0.04
Matthew Dos Santos,New York Red Bulls,Major League Soccer,2026,1603,Left Back,USA,18,04/06/08,0,0,0.01,0.04,0.34,0,0,0,,0,0,0.16,1.12,0,0.13,0.84,0,0.03,0.28,0,0.18,1.46,-0.18,0.62,0.45,0.17,73,0.34,0,1.01,1.12,1.63,1.87,1.57,2.09,14.82,8.25,0,6.34,42.12,9.66,4.77,1.4,3.03,54,1.55,3.42,0.95,44,1.18,49,1.01,0,12.52,13.91,4.6,3.26,1.12,45.1,5.56,44,2.08,64,0.06,0,0,48.68,75,2.53,88,35,2.41,6.46,13,68,-6,53.26,5.61,0.64,0.7,38.24,95,4.22,13.48,1.85,1.52,0.34,0.17,1.4,2.92,0.06,24,0.73,35,0.39,26,64,10,30,60,10,19.9,18.68,0.89,95,-1.22,17.79,17.7,0,0,0,0,0,,0,0,,0,0,0,0,0,0,23,8,6.19,43,0.17,0.08,-0.03,-0.02,,0.2
Matthew Edwards,Atlanta United,Major League Soccer,2026,767,Right Back,USA,23,16/02/03,0,0,0,0.02,0.23,0,0,0,,0,0.12,0.04,0.59,0.12,0.04,0.59,0,0,0,0.12,0.04,0.82,0.07,0.7,0.35,0.35,50,0.23,0,0.59,1.17,1.06,0.85,1.64,1.69,13.96,7.51,0.02,3.87,32.21,5.51,2.58,1.76,2.81,75,1.7,2.55,1.52,69,0.59,50,0.94,0.12,10.79,10.23,2.93,1.88,0.7,35.76,3.05,28,1.29,69,0.35,0,0,34.37,83,2.93,12,68,2.11,3.87,11,74,-9,54.67,3.4,0.37,0.41,29.79,94,4.56,11.14,0.47,0.47,0,0.12,1.64,2.11,0,25,0.35,23,0.7,17,63,20,15,62,23,19.31,18.68,0.94,95,-0.63,18.14,17.83,0,0,0,0,0,,0,0,,0,0,0,0,0,0,19,10,4.64,30,0,0.06,-0.03,-0.01,,0.03
Matthew Freese,New York City FC,Major League Soccer,2026,2287,Goalkeeper,USA,28,01/09/98,0,0,0.01,0.08,0.08,0,0,0,,0,0,0,0,0,0,0,0,0,0,0,0.01,0.08,-0.01,0,0,0,,0.16,0,0,0.08,0,0,0,0,0.04,0.04,0,5.75,2.41,2.72,0,0,0,,0,0,0,,0,50,0.04,0.04,0.04,0.04,0,0,0,7.75,0,0,0,,0,0,0,22.31,81,4.01,28,46,2.56,6.14,26,75,-5,9.55,0.24,0.17,0.17,20.5,100,4.25,0.2,0,0,0,0,0.16,0.16,0,,0,,0,34,66,0,100,0,0,31.97,34.21,0.78,80,2.24,24.86,27.32,1.06,1.34,0.28,72,65,7,1.13,3.86,36,10.62,1.8,0.2,0.16,17.61,-1,19,4,1.32,10,0.02,0.08,,-0.01,0.23,0.32
Matthew Polster,New England Revolution,Major League Soccer,2026,1312,Right Back,USA,33,07/06/93,0.07,0.07,0.05,0.07,0.75,9,18,0,,0.05,0.07,0.11,0.75,0.07,0.11,0.75,0,0,0,0.14,0.17,1.51,-0.03,0.62,0.27,0.34,44,0.41,0,1.03,1.37,0.82,1,2.13,2.04,9.68,5.9,0.02,3.43,38.54,8.44,3.57,0.48,1.3,39,0.51,1.51,0.96,9,0.75,59,1.51,0,8.23,8.19,2.33,1.37,0.69,44.99,3.77,46,0.62,45,0.21,0,0,56.27,90,3.5,13,76,2.4,4.32,10,77,-13,51.41,6.04,0.6,0.72,47.14,96,3.94,15.78,0.69,0.55,0.14,0.21,1.99,2.54,0.07,40,0.34,56,0.55,21,69,10,16,73,11,18.48,16.21,0.98,107,-2.27,18.15,17.36,0,0,0,0,0,,0,0,,0,0,0,0,0,0,14,8,5.95,42,0.12,0.05,0.05,0,,0.22
Matti Peltola,DC United,Major League Soccer,2026,1976,Right Defensive Midfielder,Finland,24,02/07/02,0.05,0.05,0.03,0.03,0.77,6,18,1,,0.04,0,0.05,0.87,0,0.05,0.82,0,0,0.05,0.05,0.07,1.64,-0.03,0.68,0.41,0.27,60,1.5,0,1.05,1,1.41,0.86,1.87,1.03,20.27,12.12,0.05,7.88,38.55,10.39,5.1,1.82,3.23,77,1.02,1.88,1,63,0.55,36,0.36,0.05,17.45,9.66,6.06,4.01,1.64,40.91,5.38,31,2.1,52,0.05,0,0,28.29,80,3.01,13,57,2.55,4.56,17,81,1,49.64,4.6,0.33,0.37,23.37,93,4.35,7.06,1.23,0.77,0.46,0.05,0.36,1.14,0,0,0,0,0.05,25,65,10,30,67,3,22.14,18.99,0.92,95,-3.15,20.47,18.11,0,0,0,0,0,,0,0,,0,0,0,0,0,0,21,9,4.46,31,0.11,0.05,0.12,-0.01,,0.26
Matty Longstaff,CF Montreal,Major League Soccer,2026,2017,Left Defensive Midfielder,England,26,20/03/00,0.09,0.09,0.09,0.07,1.38,6,32,1,,0.13,0.13,0.11,1.12,0.13,0.11,1.12,0,0,0,0.22,0.2,2.5,0.03,0.45,0.4,0.04,90,0.71,0,0.49,0.36,0.4,0.29,0.98,0.91,15.31,8.52,0.01,4.46,44.84,9.06,3.97,1.12,1.52,68,1.07,1.37,0.67,47,0.54,55,0.8,0,13.52,11.61,3.48,3.12,0.94,47.54,6.29,47,1.96,63,0.22,0,0,47.66,83,3.21,11,57,1.47,5.18,12,77,-6,51.1,6.25,0.41,0.52,38.47,98,3.99,13.7,1.16,1.16,0,0.09,2.01,3.17,0.09,23,0.36,23,0.13,23,64,14,28,60,12,19.64,16.48,0.94,94,-3.16,18.41,15.47,0,0,0,0,0,,0,0,,0,0,0,0,0,0,18,7,5.65,37,0.06,0.08,0,0.02,,0.16
Matías Galarza,Atlanta United,Major League Soccer,2026,727,Left Centre Midfielder,Paraguay,24,10/02/02,0,0,0.12,0.06,2.23,0,22,2,,0.08,0,0.05,1.24,0,0.05,1.24,0,0,0,0,0.18,3.47,-0.18,1.61,0.87,0.74,54,1.86,0,1.36,2.23,0.74,1,1.11,1.19,27.48,14.85,0,6.68,47.98,8.79,4.95,3.34,4.08,71,3.86,4.87,2.35,39,1.36,43,1.49,0,21.78,25.28,5.32,3.84,0.74,49.66,10.77,49,2.6,68,0.25,0,0,43.44,74,1.98,80,67,1.49,2.6,14,69,-5,56.7,5.82,0.42,0.48,38,92,4.09,13.49,0.62,0.62,0,0.25,3.34,3.96,0,60,0.5,40,0.5,26,59,15,23,62,15,16.9,13.54,0.98,103,-3.36,16.55,13.94,0,0,0,0,0,,0,0,,0,0,0,0,0,0,25,7,5.59,35,-0.03,0.06,0.02,-0.05,,0
Mauricio Cuevas,LA Galaxy,Major League Soccer,2026,812,Right Back,USA,23,09/02/03,0,0,0.02,0.04,0.55,0,60,1,,0.04,0,0.11,1.22,0,0.08,0.89,0,0.03,0.33,0,0.13,1.77,-0.13,0.89,0.55,0.33,63,1.11,0,0.55,1.44,0.33,0.36,2.77,2.27,10.64,5.87,0.02,3.1,35.64,7.43,2.33,0.89,1.22,73,0.66,1.01,1.22,63,0.33,9,0.11,0,8.53,7.55,2.22,1.99,0.44,42.27,2.88,34,1,50,0.44,0,0,46.44,74,2.55,13,43,3.1,5.65,10,59,-15,54.49,3.1,0.48,0.54,38.23,96,3.27,14.3,2.33,1.77,0.55,0.22,2.77,4.54,0,29,0.89,28,0.33,22,66,12,19,63,18,18.95,16.88,0.91,102,-2.07,17.2,17.18,0,0,0,0,0,,0,0,,0,0,0,0,0,0,26,10,7.29,47,0.07,0.06,0.12,0.02,,0.28
Mauricio Pineda,Chicago Fire,Major League Soccer,2026,715,Left Defensive Midfielder,USA,29,16/10/97,0,0,0.06,0.08,0.76,0,17,1,,0.02,0,0.03,0.5,0,0.03,0.5,0,0,0,0,0.09,1.26,-0.09,1.13,0.76,0.38,67,1.01,0,1.26,0.5,1.01,0.84,1.13,1.14,14.11,6.68,0.04,4.03,37.72,7.81,3.65,2.65,3.65,88,2.4,3.24,0.88,73,0.38,43,0.38,0.13,10.58,10.82,2.77,3.15,0.38,40.94,3.15,30,1.51,48,0,0,0,50.89,89,2.9,18,70,1.51,3.78,16,88,-1,45.58,4.16,0.62,0.7,42.45,96,3.43,9.32,0.88,0.88,0,0,0.63,1.51,0,0,0,0,0.13,18,67,14,28,65,7,17.94,16.55,0.96,95,-1.39,17.2,15.7,0,0,0,0,0,,0,0,,0,0,0,0,0,0,16,10,4.61,33,0.01,0.05,0.03,-0.04,,0.04
Max Floriani,San Jose Earthquakes,Major League Soccer,2026,404,Right Centre Back,USA,23,05/02/03,0,0,0.04,0.08,0.45,0,0,0,,0,0,0,0,0,0,0,0,0,0,0,0.04,0.45,-0.04,0,0,0,,1.56,0,0,0.22,1.34,0.8,5.8,3.8,10.7,5.35,0.06,5.13,21.86,8.25,2.45,1.11,2.45,83,0.86,1.66,0.22,0,0.22,67,1.78,0,9.36,7.21,3.34,1.34,0.67,27.86,1.56,17,0.67,50,0,0,0,43.47,90,3.12,12,70,6.46,3.79,10,80,-10,37.61,4.46,0.29,0.31,34.78,100,3.76,5.13,0,0,0,0,1.11,1.11,0,,0,0,0,34,65,2,52,48,0,21.45,19.7,0.95,89,-1.75,20.28,17.55,0,0,0,0,0,,0,0,,0,0,0,0,0,0,13,8,4.46,28,0.07,0.04,0.11,-0.04,,0.17
Maxi Moralez,New York City FC,Major League Soccer,2026,1217,Centre Attacking Midfielder,Argentina,39,26/02/87,0.07,0,0.12,0.12,1.04,0,29,1,100,0.04,0.44,0.22,2.22,0.44,0.19,1.92,0,0.02,0.3,0.44,0.34,3.25,0.1,0.44,0.3,0.15,67,1.85,0,1.26,1.7,0.22,0.31,0.3,0.36,20.19,11.09,0,5.25,56.83,6.88,3.84,1.26,1.48,68,1.49,1.8,0.67,38,0.59,9,0.15,0,18.26,20.7,4.88,2.88,0.96,57.64,12.27,67,2.14,74,0.07,0,0,43.03,79,2.59,13,53,0.44,4.73,17,76,-3,59.23,5.4,0.51,0.67,40.3,94,4.2,15.6,2.81,2.14,0.67,0.81,3.7,5.84,0.52,8,0.44,29,0.89,17,63,20,19,66,14,18.83,14.4,0.94,104,-4.42,17.67,15.04,0,0,0,0,0,,0,0,,0,0,0,0,0,0,21,10,6.66,51,0.1,0.07,0.01,-0.06,,0.13
Maxime Crépeau,Orlando City,Major League Soccer,2026,2154,Goalkeeper,Canada,32,10/05/94,0,0,0,,0,,,0,,0,0,0,0,0,0,0,0,0,0,0,0,0,0,0,0,0,,0.21,0,0,0.04,0,0,0,0,0.21,0.04,0,8.1,2.64,3.22,0.04,0,0,0,0,0,0.04,25,0.13,,0,0,0.17,0.14,0.04,0,0,13.21,0,0,0,,0.08,0,0.04,15.58,77,3.8,21,40,1.88,7.6,15,72,-5,12.27,0.58,0.13,0.13,13.24,100,5.8,0.25,0,0,0,0,0,0,0,,0,,0,42,58,0,100,0,0,32.86,35.89,0.74,78,3.03,24.32,28.15,1.84,1.89,0.05,64,63,1,1.52,5.1,36,14.16,1.64,0.13,0.13,20.09,-2,22,4,1.48,11,0.06,0.05,0,,-0.01,0.09
Maximilian Arfsten,Columbus Crew,Major League Soccer,2026,1619,Left Wing Back,USA,25,18/04/01,0.22,0.22,0.18,0.15,1.17,19,43,1,,0.16,0.22,0.18,1.39,0.22,0.17,1.28,0,0,0.11,0.44,0.36,2.56,0.09,3.17,2.22,0.95,70,1.28,0.06,1.78,2.22,0.28,0.34,1,1.37,14.96,8.56,0.01,4.34,47.58,5.34,3.17,1.45,1.72,70,1.89,2.23,1.06,35,0.61,38,0.56,0,12.46,16.35,3.34,3.06,1,52.12,6.9,55,2.22,73,0.17,0,0,39.81,75,1.5,52,44,1.45,3,15,65,-10,59.84,3.11,0.42,0.62,41.54,91,4.54,15.24,1.33,1.28,0.06,0.83,4.73,6.01,0.06,29,0.89,29,1.22,12,69,18,13,68,19,17.21,15.31,0.91,89,-1.91,15.65,13.58,0,0,0,0,0,,0,0,,0,0,0,0,0,0,23,8,5.48,42,0.06,0.11,0,-0.06,,0.12
Maximiliano Falcón,Inter Miami,Major League Soccer,2026,1346,Right Centre Back,Uruguay,29,30/04/97,0,0,0.02,0.1,0.2,0,0,0,,0,0,0.03,0.2,0,0.03,0.2,0,0,0,0,0.05,0.4,-0.05,0.33,0.27,0.07,80,1.14,0,0.2,0.27,1.14,1.57,2.01,2.7,10.16,5.21,0.04,5.15,28.19,8.42,1.94,1.14,2.27,81,1.43,3,1.27,50,0.27,63,1.47,0.07,7.75,10.26,3.74,1.4,0.8,31.55,1.8,23,0.47,33,0.27,0,0,56.22,93,4.01,15,79,2.74,4.35,9,75,-18,36.29,2.81,0.44,0.46,45.19,99,4.79,4.01,0.07,0.07,0,0.2,1,1.07,0,0,0,,0.4,19,77,4,23,72,5,20.65,23.09,0.98,97,2.44,20.29,22.41,0,0,0,0,0,,0,0,,0,0,0,0,0,0,13,8,3.18,20,0.05,0.07,0.06,-0.02,,0.16
Maxwell Woledzi,Nashville SC,Major League Soccer,2026,2228,Left Centre Back,Ghana,25,01/07/01,0.08,0.08,0.02,0.08,0.24,33,33,0,,0.02,0,0,0.04,0,0,0.04,0,0,0,0.08,0.02,0.28,0.06,0.65,0.4,0.24,63,0.44,0,0.2,0.36,0.81,0.96,3.47,3.9,8.08,4.2,0.08,4.16,23.01,8.32,1.54,1.45,2.26,88,1.65,2.61,0.57,85,0.2,57,1.17,0,6.06,6.94,2.46,0.97,0.4,28.44,0.81,13,0.32,33,0,0,0,59.47,94,2.99,19,79,3.84,3.43,12,91,-4,34.99,2.99,0.4,0.41,51.68,99,5.26,3.76,0.12,0.12,0,0,0.4,0.53,0,0,0,,0.04,16,81,3,25,70,5,19.96,19.59,0.99,101,-0.37,19.71,19.76,0,0,0,0,0,,0,0,,0,0,0,0,0,0,13,9,3.2,24,0,0.06,0.17,0,,0.23
Maya Yoshida,LA Galaxy,Major League Soccer,2026,1166,Left Centre Back,Japan,38,23/08/88,0.15,0.15,0.11,0.13,0.85,18,36,0,,0.14,0,0.01,0.08,0,0,0,0,0.01,0.08,0.15,0.12,0.93,0.04,0.31,0.23,0.08,75,0.39,0,0,0.15,1,0.83,4.4,3.84,7.64,4.48,0.07,4.4,23.28,7.33,1.23,1.47,2.47,79,1.44,2.27,0.54,60,0.39,68,1.47,0.08,5.63,5.66,2.31,0.54,0.15,31.61,1.16,21,0.08,14,0,0,0,56.25,90,3.63,25,59,4.78,5.79,8,89,-1,31.51,1.7,0.33,0.35,44.52,100,3.5,2.01,0,0,0,0.08,1.93,1.93,0,,0,,0.08,18,80,2,35,62,4,20.3,19.58,0.93,103,-0.72,18.88,20.23,0,0,0,0,0,,0,0,,0,0,0,0,0,0,15,8,2.58,21,0.01,0.06,0.2,0,,0.27
Mbekezeli Mbokazi,Chicago Fire,Major League Soccer,2026,1175,Left Centre Back,South Africa,21,18/09/05,0,0,0.05,0.1,0.54,0,29,0,,0.03,0,0.01,0.08,0,0.01,0.08,0,0,0,0,0.06,0.61,-0.06,0.54,0.31,0.23,57,0.84,0,0.15,0.46,0.77,0.69,4.82,4.59,9.96,5.51,0.09,5.82,22.06,9.11,1.76,2.3,3.06,97,2.07,2.76,0.31,88,0.08,71,1.3,0,7.35,7.37,3.37,1.38,0.54,28.03,1.23,17,0.54,39,0.15,0,0,47.79,85,3.98,86,52,6.13,6.36,12,63,-21,33.48,2.07,0.54,0.55,41.2,99,4.43,2.45,0.08,0.08,0,0.08,1.07,1.15,0,0,0,,0.08,28,68,4,53,47,0,22.8,21.86,0.92,89,-0.94,21.05,19.49,0,0,0,0,0,,0,0,,0,0,0,0,0,0,15,6,4.66,28,0.02,0.05,0.01,0,,0.07
Micael,Inter Miami,Major League Soccer,2026,1737,Left Centre Back,Brazil,26,11/08/00,0.05,0.05,0.05,0.12,0.47,11,22,0,,0.04,0,0,0.05,0,0,0.05,0,0,0,0.05,0.06,0.52,-0.01,0.21,0.16,0.05,75,0.36,0,0.21,0.16,1.09,1.45,2.85,3.74,11.91,6.58,0.08,5.54,27.4,7.82,2.43,1.5,2.59,73,1.97,3.42,1.14,56,0.57,77,1.55,0.05,9.27,11.8,3.68,1.3,0.31,33.55,2.49,27,0.62,48,0.21,0,0,61.02,93,4.92,83,76,3.57,5.75,10,79,-14,36.12,4.09,0.54,0.55,52.27,99,4.8,5.85,0.21,0.21,0,0.05,0.88,1.09,0,0,0,,0.16,18,78,4,29,65,6,22.28,22.76,0.98,99,0.48,21.79,22.44,0,0,0,0,0,,0,0,,0,0,0,0,0,0,12,8,4.68,26,0.02,0.07,0.14,-0.03,,0.2
Michael Boxall,Minnesota United,Major League Soccer,2026,1234,Centre Back,New Zealand,38,17/08/88,0,0,0.02,0.16,0.15,0,0,0,,0,0,0,0.07,0,0,0.07,0,0,0,0,0.02,0.22,-0.02,0.15,0.07,0.07,50,0.66,0,0.07,0.15,1.31,1.24,2.62,2.05,10.21,5.54,0.12,5.03,30.19,8.38,1.75,0.87,2.19,80,0.7,1.94,1.17,0,0.22,56,1.46,0,8.17,7.01,3.14,0.95,0.15,32.73,1.82,22,0.36,38,0.29,0,0,33.18,83,1.68,15,47,2.92,3.28,9,72,-10,37.91,1.46,0.35,0.37,25.3,99,3.06,2.04,0.58,0.15,0.44,0,0.51,0.66,0,38,0.22,9,0,18,80,2,29,71,0,20.05,18.77,0.92,90,-1.28,18.46,16.98,0,0,0,0,0,,0,0,,0,0,0,0,0,0,17,5,3.29,21,0.08,0.04,0.18,-0.03,,0.27
Michael Collodi,FC Dallas,Major League Soccer,2026,1316,Goalkeeper,USA,25,24/05/01,0,0,0,,0,,,0,,0,0,0,0,0,0,0,0,0,0,0,0,0,0,0,0,0,,0.14,0,0,0,0,0,0.07,0.08,0.07,0.07,0,4.58,2.48,4.04,0,0,0,,0,0,0,100,0,,0,0.07,0.07,0.05,0.07,0,0,4.11,0,0,0,,0.14,0,0,19.77,69,7.73,26,47,2.67,13.75,12,50,-19,13.55,1.3,0.21,0.21,16.21,100,5.15,0.75,0.07,0,0.07,0,0,0,0,0,0,,0,53,47,0,82,18,0,43.52,47.36,0.78,77,3.83,34,36.57,1.09,0.91,-0.19,62,68,-6,0.72,2.87,36,7.93,1.9,0.21,0.14,22.88,2,28,4,2.16,15,0.09,0.06,0,,0,0.14
Miguel Almirón,Atlanta United,Major League Soccer,2026,1590,Left Wing,Paraguay,32,09/02/94,0.23,0.23,0.35,0.14,2.43,9,37,3,0,0.27,0.28,0.26,2.04,0.28,0.23,1.53,0,0.04,0.51,0.51,0.61,4.47,-0.1,1.64,1.19,0.45,72,1.87,0.06,1.98,2.26,0.74,0.64,0.06,0.07,11.15,5.38,0,2.6,51.29,4.81,2.43,0.85,1.58,75,0.81,1.45,0.4,44,0.28,7,0.06,0,9.91,9.91,2.32,2.43,0.85,53.67,5.21,53,1.58,65,0,0,0,34.64,76,1.75,95,43,0.45,3.68,16,81,4,63.82,4.7,0.52,0.78,37.07,91,6.04,14.77,2.55,1.64,0.91,0.62,4.13,5.77,0.34,11,0.74,33,0.91,17,70,13,20,69,11,18.12,14.72,0.9,95,-3.39,16.23,13.91,0,0,0,0,0,,0,0,,0,0,0,0,0,0,22,8,6.78,53,0.09,0.17,0.02,-0.06,,0.22
Miguel Navarro,Colorado Rapids,Major League Soccer,2026,1324,Left Back,Venezuela,27,25/02/99,0,0,0.01,0.04,0.14,0,0,0,,0,0,0.03,0.61,0,0.02,0.41,0,0.01,0.2,0,0.04,0.75,-0.04,0.14,0.07,0.07,50,2.79,0,0.54,0.88,1.02,1.04,1.9,2.07,12.58,6.73,0.02,4.96,35.57,7.28,2.58,1.29,2.31,70,1.27,2.31,1.7,33,0.54,57,1.09,0,9.59,10.22,3.47,2.04,0.82,39.52,3.6,38,1.09,53,0.41,0.07,0,48.27,84,4.08,89,60,2.92,5.78,12,71,-13,46.66,5.37,0.55,0.57,41.27,97,3.69,9.04,0.95,0.54,0.41,0.2,1.29,1.84,0,43,0.54,35,0.27,26,61,13,32,60,8,20.91,20.62,0.94,93,-0.29,19.6,19.2,0,0,0,0,0,,0,0,,0,0,0,0,0,0,16,6,4.92,35,0.11,0.05,0.03,-0.01,,0.18
Miguel Perez,St. Louis City,Major League Soccer,2026,322,Right Defensive Midfielder,USA,21,27/04/05,0,0,0.06,0.04,1.4,0,20,2,,0,0,0.27,1.4,0,0.27,1.4,0,0,0,0,0.33,2.79,-0.33,0,0,0,,0.56,0,1.68,1.12,0.84,0.76,2.52,2.42,35.49,21.8,0,8.38,42.29,6.15,2.52,2.79,3.63,83,2.47,3.23,1.96,33,0.56,33,0.56,0,30.74,22.59,7.55,4.47,1.12,42.4,10.34,34,1.68,38,0.56,0,0,31.86,84,0.28,36,25,2.79,0.84,19,73,-12,50.24,2.52,0.62,0.74,27.11,92,4.11,7.82,1.4,1.4,0,0.56,3.07,4.47,0,20,0.56,67,0.56,12,73,15,21,68,11,14.79,15.57,1,103,0.78,14.78,16.09,0,0,0,0,0,,0,0,,0,0,0,0,0,0,23,11,5.09,29,0.22,0.03,0.01,-0.09,,0.17
Mihail Gherasimencov,Vancouver Whitecaps,Major League Soccer,2026,390,Left Back,Moldova,21,24/03/05,0,0,0.03,0.04,0.69,0,33,0,,0.01,0,0.02,0.23,0,0.02,0.23,0,0,0,0,0.05,0.92,-0.05,1.85,0.69,1.15,38,0.92,0,1.61,1.38,0.46,0.41,1.38,1.42,20.07,10.38,0.02,6.46,41.49,4.84,2.31,3,3.46,100,3.63,4.04,2.08,100,0,50,0.46,0,14.99,18.48,5.07,3.92,1.61,45.89,7.84,52,2.31,59,0,0,0,33.67,84,2.08,88,60,1.85,3,8,64,-20,50.97,2.31,0.3,0.32,36.21,92,5.13,10.61,0.23,0.23,0,0,0.69,0.92,0,0,0.23,14,0,14,71,15,15,57,28,18.6,17.6,0.95,108,-1,17.71,19.06,0,0,0,0,0,,0,0,,0,0,0,0,0,0,13,6,6.07,33,0.01,0.07,-0.02,-0.01,,0.05
Miki Yamane,LA Galaxy,Major League Soccer,2026,1079,Right Back,Japan,33,21/12/93,0,0,0.05,0.12,0.42,0,40,0,,0.05,0,0.09,1.25,0,0.09,1.17,0,0,0.08,0,0.15,1.67,-0.15,0.58,0.33,0.25,57,0.17,0,0.5,0.83,1.17,1.11,1.92,1.6,14.01,6.92,0.02,4.67,33.18,6.59,2.59,2.5,3.67,73,2.64,3.75,1,50,0.92,55,0.92,0,10.59,10.31,3.34,2.59,0.83,37.09,3.09,29,1.33,52,0.08,0,0,49.37,84,2.08,9,53,2.59,3.25,13,72,-11,56,5.17,0.46,0.56,40.69,97,3.25,17.51,1.33,1.25,0.08,0.58,2,3.25,0,19,0.58,41,0.58,24,62,14,18,66,16,17.26,15.63,0.95,91,-1.62,16.4,14.28,0,0,0,0,0,,0,0,,0,0,0,0,0,0,23,11,5.4,38,0.13,0.08,0.02,0,,0.23
Mikkel Desler,Austin FC,Major League Soccer,2026,826,Right Back,Denmark,31,18/02/95,0.11,0.11,0.02,0.04,0.54,20,40,0,,0.13,0,0.03,0.44,0,0.03,0.44,0,0,0,0.11,0.05,0.98,0.06,0.76,0.54,0.22,71,1.31,0,0.44,0.65,1.2,1.25,2.07,1.98,13.95,7.63,0.05,5.67,31.44,7.19,2.4,1.42,2.61,62,1.41,2.66,1.53,60,0.87,82,1.53,0.11,11,11.01,3.6,1.74,0.54,36.26,3.16,29,0.87,50,0.33,0,0,44.67,90,1.85,6,59,2.4,2.83,20,84,-6,42.74,3.81,0.41,0.42,40.42,98,4.92,7.84,0.33,0.33,0,0.22,1.42,1.74,0,67,0.22,33,0.33,19,68,14,21,68,11,17.77,17.14,0.95,96,-0.63,16.83,16.44,0,0,0,0,0,,0,0,,0,0,0,0,0,0,20,13,4.12,34,0.03,0.08,0.06,-0.01,,0.17
Milan Iloski,Philadelphia Union,Major League Soccer,2026,2088,Left Centre Forward,USA,27,28/07/99,0.47,0.39,0.35,0.1,3.58,11,34,6,67,0.39,0.09,0.2,1.9,0,0.12,0.91,0.09,0.09,0.99,0.47,0.55,5.48,-0.08,0.86,0.34,0.52,40,0.95,0.04,0.78,2.63,0.26,0.25,0.17,0.12,14.66,7.24,0,3.88,64.21,4.14,3.06,0.43,0.69,42,0.3,0.55,1.16,20,0.6,32,0.56,0,13.11,10.41,3.36,2.46,0.73,66.32,10.56,81,2.16,88,0.17,0,0,19.27,65,2.37,12,47,0.39,4.83,12,58,-7,67.08,2.63,0.45,0.77,17.81,85,4.6,7.54,2.46,0.82,1.64,0.56,5.73,6.55,0.04,25,0.91,42,0.65,13,72,15,13,69,19,21.96,15.16,0.9,96,-6.8,19.83,14.49,0,0,0,0,0,,0,0,,0,0,0,0,0,0,31,9,6.7,39,0.08,0.09,0.01,0,,0.18
Miles Robinson,Cincinnati,Major League Soccer,2026,1339,Centre Back,USA,29,13/03/97,0,0,0.05,0.17,0.27,0,50,0,,0.06,0,0.01,0.2,0,0.01,0.13,0,0,0.07,0,0.05,0.47,-0.05,0.13,0.13,0,100,0.4,0,0.4,0.13,0.94,0.88,4.03,4.56,9.21,4.71,0.09,4.71,26.63,10.82,2.69,1.08,2.02,80,1.15,2.03,1.21,50,0.27,68,2.15,0,6.92,7.54,2.69,1.34,0.47,35.94,2.15,31,0.61,45,0.13,0,0.07,54.79,86,5.04,30,67,5.04,6.52,13,71,-15,37.33,4.57,0.56,0.58,43.43,99,4.39,4.71,0.13,0.13,0,0.13,1.28,1.41,0,0,0,0,0.13,30,67,3,46,53,1,23.29,22.38,0.96,101,-0.91,22.45,22.67,0,0,0,0,0,,0,0,,0,0,0,0,0,0,18,8,4.17,28,0.06,0.03,0.15,0.04,,0.29
Mohamed Farsi,Columbus Crew,Major League Soccer,2026,853,Right Midfielder,Algeria,27,15/12/99,0.11,0.11,0.04,0.07,0.63,17,50,1,,0.11,0.32,0.17,0.84,0.32,0.17,0.84,0,0,0,0.42,0.22,1.48,0.21,1.37,0.84,0.53,62,1.16,0,0.95,2.01,0.63,0.83,1.16,1.45,12.46,5.49,0.05,5.7,39.19,5.81,2.53,1.16,1.79,100,1.5,2.33,0.32,100,0,33,0.32,0,10.98,13.6,4.33,1.79,0.74,43.09,4.64,42,1.06,59,0,0,0,41.7,88,2.22,20,70,1.58,2.74,12,83,-5,57.95,3.91,0.31,0.45,39.38,94,4.82,17,1.06,1.06,0,0.53,3.06,4.12,0,40,0.53,45,1.06,13,62,25,12,58,30,15.66,15.68,0.97,100,0.01,15.18,15.74,0,0,0,0,0,,0,0,,0,0,0,0,0,0,14,9,3.55,35,0.08,0.07,0.05,0.06,,0.25
Mohammed Sofo,New York Red Bulls,Major League Soccer,2026,620,Left Wing,Ghana,22,29/11/04,0.15,0.15,0.22,0.12,1.89,8,38,2,,0.17,0.15,0.13,0.58,0.15,0.11,0.44,0,0.01,0.15,0.29,0.35,2.47,-0.06,1.74,0.58,1.16,33,1.6,0,2.32,2.9,0.58,0.51,0.58,0.58,28.16,18,0.02,5.66,50.69,6.68,3.05,2.61,3.19,72,2.94,3.44,2.76,33,1.02,23,0.44,0,22.79,26.41,5.08,5.37,1.02,52.15,12.92,57,3.63,68,0.29,0,0,32.81,78,1.45,10,56,0.73,2.47,16,61,-17,58.89,3.48,0.43,0.56,34.11,87,5.15,12.34,0.87,0.73,0.15,0.29,4.21,4.94,0.15,0,0,0,0.44,13,69,19,9,68,22,16.7,14.31,0.99,107,-2.39,16.61,15.33,0,0,0,0,0,,0,0,,0,0,0,0,0,0,18,6,4.15,30,-0.05,0.08,0.03,-0.08,,-0.03
Moisés Mosquera,Sporting Kansas City,Major League Soccer,2026,498,Right Centre Back,Colombia,25,23/05/01,0,0,0.05,0.09,0.54,0,0,0,,0,0,0.01,0.18,0,0.01,0.18,0,0,0,0,0.06,0.72,-0.06,0.18,0,0.18,0,0.36,0,0.36,0.36,1.27,0.95,5.61,4.31,11.39,4.34,0.1,5.24,28.87,9.77,2.53,1.63,2.89,69,1.32,2.27,2.53,50,0.72,81,3.07,0.18,7.42,5.56,3.07,1.45,0.72,36.9,2.35,32,1.09,75,0.54,0,0.18,47.2,86,3.8,13,66,6.51,4.88,11,68,-18,38.66,4.34,0.39,0.4,38.88,98,5.25,4.52,0,0,0,0,1.09,1.09,0,,0,0,0,25,72,3,40,60,0,22.1,25.35,0.96,91,3.26,21.28,23.07,0,0,0,0,0,,0,0,,0,0,0,0,0,0,13,5,1.77,16,0.02,0.03,-0.01,-0.06,,-0.02
Morgan Guilavogui,Real Salt Lake,Major League Soccer,2026,1260,Left Attacking Midfielder,Guinea,28,09/03/98,0.14,0.14,0.31,0.12,2.57,6,44,3,,0.4,0.29,0.19,1.36,0.29,0.19,1.36,0,0,0,0.43,0.5,3.93,-0.07,1.14,1,0.14,88,2.36,0,1.14,1.86,0.36,0.22,1.07,1.03,19.07,10.36,0.01,4.86,53.18,6.36,4.43,1.29,1.64,78,1.38,1.6,1.86,38,0.36,63,1.79,0,15.93,16.06,3.79,3.07,0.86,57.39,9.72,61,2.14,70,0.36,0,0.07,41.22,80,1.79,7,63,1.43,2.5,20,77,-3,63.79,6.14,0.72,0.97,36.22,94,5.16,20.29,1.71,1.71,0,0.71,5.79,7.5,0.14,4,0.21,20,0.93,15,68,18,15,67,18,16.56,13.96,0.99,108,-2.59,16.35,15.13,0,0,0,0,0,,0,0,,0,0,0,0,0,0,19,5,7.63,45,0.02,0.13,-0.01,0.14,,0.28
Morris Duggan,Minnesota United,Major League Soccer,2026,2299,Left Centre Back,Germany,26,23/10/00,0.04,0.04,0.06,0.12,0.51,8,54,0,,0.06,0,0.02,0.23,0,0.02,0.23,0,0,0,0.04,0.08,0.74,-0.05,0.2,0.2,0,100,0.43,0,0.67,0.31,1.1,1.14,4.15,3.31,12.21,6.85,0.03,5.32,30.71,11.51,2.98,1.14,2.23,74,0.92,2.06,0.9,53,0.39,58,1.61,0.08,10.18,8.88,3.64,2.19,0.82,37.5,3.64,36,1.33,61,0.2,0,0,44.12,85,2.58,80,55,4.78,4.07,12,74,-11,39.81,3.01,0.36,0.42,35,98,5.17,5.56,0.27,0.27,0,0.04,1.45,1.72,0.08,43,0.12,50,0.08,29,67,4,27,66,6,20.46,18.6,0.94,91,-1.85,19.22,16.86,0,0,0,0,0,,0,0,,0,0,0,0,0,0,17,7,2.87,19,0.06,0.06,0.08,-0.04,,0.16
Morrison Agyemang,Charlotte,Major League Soccer,2026,1755,Right Centre Back,Ghana,22,20/12/04,0.1,0.1,0.07,0.1,0.77,13,33,0,,0.12,0,0.01,0.15,0,0.01,0.15,0,0,0,0.1,0.09,0.92,0.02,0,0,0,,0.77,0.05,0.1,0.21,1.03,0.88,3.8,3.67,6.21,3.54,0.06,3.49,22.98,8.05,1.74,0.92,1.95,82,0.94,1.82,0.92,50,0.21,73,2.77,0,4.36,4.29,1.69,0.72,0.31,30.39,0.62,14,0.31,43,0.1,0,0,50.93,91,5.64,10,75,4.51,6.77,9,68,-22,33.17,2,0.52,0.56,40.67,99,3.99,2.62,0.1,0.1,0,0.1,1.59,1.69,0,0,0,,0.15,21,76,3,33,63,4,23.25,22.43,0.97,98,-0.82,22.64,21.87,0,0,0,0,0,,0,0,,0,0,0,0,0,0,15,10,3.79,28,0,0.05,0.1,-0.01,,0.14
Myrto Uzuni,Austin FC,Major League Soccer,2026,1745,Left Centre Forward,Albania,31,30/05/95,0.31,0.26,0.23,0.1,2.32,11,40,5,100,0.44,0,0.07,0.57,0,0.07,0.57,0,0,0,0.26,0.3,2.89,-0.04,1.65,0.88,0.77,53,1.34,0,1.13,1.91,0.26,0.32,0.36,0.45,18.98,9.95,0.01,3.92,54.32,3.66,2.42,0.98,1.24,83,1.06,1.38,0.72,50,0.21,18,0.36,0,17.28,16.95,3.56,3.71,1.03,55.7,10.47,61,2.68,72,0.26,0,0,17.48,81,1.44,16,85,0.67,1.39,22,75,-7,58.9,1.91,0.35,0.56,18.46,85,5.16,6.34,0.88,0.88,0,0.26,4.23,5.11,0.05,6,0.05,14,0.36,10,62,28,15,68,16,17.62,15.77,1.02,94,-1.84,17.92,14.79,0,0,0,0,0,,0,0,,0,0,0,0,0,0,15,6,2.37,20,-0.04,0.02,-0.01,0.11,,0.08
Nathan Byrne,Charlotte,Major League Soccer,2026,1689,Right Back,England,34,04/06/92,0,0,0.01,0.08,0.16,0,0,0,,0,0,0.01,0.27,0,0.01,0.27,0,0,0,0,0.03,0.43,-0.03,0.59,0.37,0.21,64,0.91,0,0.48,0.59,0.59,0.49,2.24,2.11,5.7,2.82,0.03,2.72,27.67,5.38,2.29,0.69,1.28,72,0.49,0.98,0.37,62,0.27,42,0.43,0.05,4.64,3.86,1.81,0.75,0.27,34.26,1.49,32,0.59,79,0.16,0,0,42,85,3.09,5,57,2.82,4.85,11,81,-4,49.99,6.34,0.36,0.36,37.84,98,3.72,11.83,0.91,0.85,0.05,0.05,0.64,1.49,0.05,24,0.27,31,0.11,27,60,13,31,61,9,21.17,20.75,0.93,96,-0.42,19.76,19.85,0,0,0,0,0,,0,0,,0,0,0,0,0,0,20,12,3.92,31,0.09,0.06,0.02,-0.01,,0.16
Nathan Harriel,Philadelphia Union,Major League Soccer,2026,2305,Left Centre Back,USA,25,22/04/01,0.04,0.04,0.07,0.09,0.74,5,32,1,,0.08,0.08,0.06,0.31,0.08,0.06,0.27,0,0,0.04,0.12,0.13,1.05,-0.01,0.43,0.31,0.12,73,1.25,0,0.27,0.59,2.23,1.8,3.32,2.88,13.59,7.96,0.04,5.62,34.53,12.3,4.18,1.72,3.94,69,1.39,3.19,1.29,41,0.78,72,3.28,0,10.58,8.79,3.9,2.42,1.13,39.99,3.01,28,1.29,53,0.16,0,0,34.98,74,1.99,13,47,3.71,3.87,13,61,-13,47.9,3.32,0.38,0.44,24.52,97,4.05,6.91,0.62,0.12,0.51,0.23,2.54,2.65,0.04,25,0.35,31,0.27,33,60,7,21,64,14,20.15,16.67,0.94,105,-3.48,18.85,17.49,0,0,0,0,0,,0,0,,0,0,0,0,0,0,26,7,4.11,24,0.14,0.06,0.06,-0.03,,0.22
Nathan Ordaz,LAFC,Major League Soccer,2026,562,Centre Forward,El Salvador,22,11/01/04,0.32,0.32,0.22,0.17,1.28,25,38,4,,0.26,0,0.04,0.48,0,0.04,0.48,0,0,0,0.32,0.26,1.76,0.06,0.32,0,0.32,0,0.96,0,0.64,2.4,0,0,0.48,0.32,18.73,9.13,0.01,2.72,59.52,3.04,1.44,0.48,0.48,60,0.43,0.43,1.28,33,0.32,10,0.16,0,16.97,14.41,2.72,2.08,0.48,60.27,11.37,67,1.44,69,0,0,0,14.09,85,0.32,60,100,0.48,0.32,19,63,-22,59.16,0.48,0.26,0.44,14.57,85,4.46,4.96,0.32,0.32,0,0.16,3.68,4,0,0,0,0,0.64,8,53,39,10,48,42,13.7,11.57,1.05,109,-2.13,14.42,12.6,0,0,0,0,0,,0,0,,0,0,0,0,0,0,19,9,2.83,19,-0.04,0.01,0,0.03,,0
Nectarios Triantis,Minnesota United,Major League Soccer,2026,1333,Right Defensive Midfielder,Greece,23,10/05/03,0.07,0.07,0.08,0.06,1.22,6,22,1,,0.02,0.07,0.07,0.68,0.07,0.07,0.68,0,0,0,0.14,0.14,1.89,-0.01,1.15,0.61,0.54,53,0.81,0,1.01,2.09,0.47,0.41,0.88,0.59,19.92,11.68,0.03,5.67,44.29,9.52,4.66,1.96,2.43,67,1.44,1.85,1.28,42,0.95,36,0.54,0,16.75,13.04,4.19,3.51,1.08,47.37,7.43,44,1.82,52,0.14,0,0,40.93,86,3.17,15,66,1.28,4.39,14,77,-9,48.35,3.51,0.33,0.45,35.25,93,4.53,8.31,1.28,1.15,0.14,0,1.28,2.43,0,11,0.2,30,0.2,15,76,9,15,79,7,19.52,16.43,0.96,104,-3.09,18.69,17.11,0,0,0,0,0,,0,0,,0,0,0,0,0,0,19,10,4.48,30,0.05,0.06,0.03,-0.04,,0.09
Neil Pierre,Philadelphia Union,Major League Soccer,2026,755,Right Centre Back,USA,19,18/10/07,0.48,0.48,0.3,0.21,1.43,33,42,0,,0.37,0,0.02,0.24,0,0.02,0.24,0,0,0,0.48,0.32,1.67,0.16,0.36,0.36,0,100,0.6,0,0.12,0.12,1.55,1.57,3.58,3.14,10.73,5.49,0.08,5.84,33.59,11.45,3.22,1.91,3.46,89,1.41,2.98,0.72,67,0.24,84,3.22,0,8.11,7.65,4.05,1.79,1.19,38.79,2.74,34,1.07,60,0.12,0,0,31.12,75,1.91,11,36,4.29,4.65,15,64,-11,39.53,2.5,0.7,0.73,22.06,99,4.16,3.1,0,0,0,0.12,3.34,3.34,0,,0.24,100,0.24,27,67,6,54,42,4,24.31,23.35,0.92,101,-0.95,22.25,23.62,0,0,0,0,0,,0,0,,0,0,0,0,0,0,22,6,3.98,21,0.05,0.01,-0.05,0.09,,0.11
Nick Fernandez,San Jose Earthquakes,Major League Soccer,2026,692,Centre Attacking Midfielder,USA,25,21/12/01,0.13,0.13,0.1,0.06,1.69,8,38,2,,0.16,0.26,0.11,1.3,0.26,0.11,1.3,0,0,0,0.39,0.21,2.99,0.18,0.26,0,0.26,0,2.08,0,1.3,1.56,0.91,0.97,0.52,0.47,21.99,10.93,0.01,6.37,49.3,7.68,4.81,1.43,2.34,55,1.39,2.36,1.56,30,1.17,29,0.52,0,18.99,17.88,4.94,4.68,0.78,52.11,10.8,57,3.77,81,0.13,0,0,35.78,77,1.95,16,58,0.91,2.99,11,65,-12,56.16,5.07,0.57,0.65,35.65,92,5.53,12.1,1.95,1.95,0,0.65,3.12,5.07,0,7,0.26,29,0.78,17,72,11,18,76,5,18.21,17.29,0.97,98,-0.92,17.67,17,0,0,0,0,0,,0,0,,0,0,0,0,0,0,21,7,5.46,36,0.1,0.13,0.07,0.03,,0.34
Nick Hagglund,Cincinnati,Major League Soccer,2026,972,Right Centre Back,USA,34,13/09/92,0.09,0.09,0.08,0.08,0.93,10,30,0,,0.14,0,0,0,0,0,0,0,0,0,0.09,0.08,0.93,0.01,0,0,0,,0.37,0,0.09,0.09,0.74,0.75,4.54,4.88,6.58,3.06,0.05,3.8,25.65,9.54,3.06,0.65,1.39,64,0.71,1.46,1.02,33,0.37,79,3.8,0,4.91,5,1.85,0.74,0.28,36.58,1.57,32,0.37,50,0.09,0,0,46.41,81,4.17,19,66,5.47,5.37,12,70,-11,39.22,3.71,0.4,0.43,33.63,100,3.4,5.19,0.37,0.09,0.28,0.09,2.59,2.69,0.09,50,0.28,20,0.19,32,64,4,39,55,5,22.97,19.58,0.96,98,-3.4,22.11,19.25,0,0,0,0,0,,0,0,,0,0,0,0,0,0,25,13,3.7,26,0.18,0.04,0.12,-0.03,,0.31
Nico Cavallo,New York City FC,Major League Soccer,2026,1065,Left Back,USA,25,26/12/01,0,0,0,,0,,,0,,0,0,0.08,0.42,0,0.07,0.34,0,0,0.08,0,0.08,0.42,-0.08,0.85,0.42,0.42,50,0.42,0,1.1,1.69,1.1,1.12,2.2,2.28,13.02,7.44,0.02,3.89,31.48,7.52,2.2,2.11,3.21,69,2.23,3.35,0.51,50,0.93,65,0.93,0,10.4,10.82,2.62,1.94,0.76,34.83,2.87,28,1.27,65,0.08,0,0,34.66,83,2.11,73,56,2.79,3.21,16,66,-17,47.91,2.71,0.31,0.34,29,91,4.51,6.93,0.51,0.42,0.08,0.42,1.1,1.52,0,17,0.34,44,0.51,29,54,17,22,57,21,18.27,17.55,0.93,87,-0.72,17.07,15.28,0,0,0,0,0,,0,0,,0,0,0,0,0,0,21,10,3.58,26,0.1,0.04,0.02,,,0.16
Nicolas Hansen,Colorado Rapids,Major League Soccer,2026,1192,Goalkeeper,Denmark,25,09/07/01,0,0,0,,0,,,0,,0,0,0,0,0,0,0,0,0,0,0,0,0,0,0.08,0.08,0,100,0.38,0,0,0.08,0,0,0.15,0.2,0.15,0.08,0,5.36,3.06,4.15,0.08,0.08,0.08,50,0.12,0.12,0,0,0.08,,0,0.15,0.08,0.1,0.08,0,0,9.36,0,0,0,,0,0,0,28.46,89,3.85,20,54,2.34,4.98,26,83,-6,12,0.15,0.21,0.21,25.44,100,4.49,0.08,0,0,0,0,0.08,0.08,0,,0,,0,28,71,0,100,0,0,25.86,26.15,0.84,83,0.29,21.78,21.74,0.83,0.88,0.05,71,69,2,0.94,2.87,32,9.06,2.12,0.15,0.15,28.49,1,13,5,1.74,12,0.06,0.05,0.01,,-0.08,0.04
Nicolás Dubersarsky,Austin FC,Major League Soccer,2026,732,Left Defensive Midfielder,Argentina,22,20/12/04,0,0,0,0.02,0.12,0,0,0,,0,0,0.03,0.49,0,0.03,0.49,0,0,0,0,0.03,0.61,-0.03,0.74,0.37,0.37,50,0.98,0,0.74,0.37,0.98,1.04,1.11,0.59,22.25,13.89,0.04,6.02,38.34,7.87,4.3,2.7,3.69,71,2.44,3.48,1.48,43,1.11,25,0.25,0,18.07,12.89,4.55,2.58,0.98,39.98,5.9,33,1.48,57,0.25,0,0,45.98,88,1.48,10,55,1.48,2.34,18,81,-7,46.46,4.43,0.31,0.32,39.46,97,3.75,7.87,0.25,0.12,0.12,0,0.37,0.49,0,0,0,0,0,18,74,8,25,72,3,17.54,16.07,0.97,100,-1.48,16.96,16.01,0,0,0,0,0,,0,0,,0,0,0,0,0,0,14,6,2.26,25,-0.01,0.03,-0.04,0,,-0.03
Nicolás Fernández Mercau,New York City FC,Major League Soccer,2026,2117,Centre Forward,Argentina,26,10/01/00,0.6,0.43,0.18,0.08,2.21,19,54,3,100,0.35,0.13,0.19,1.74,0.09,0.15,1.28,0.04,0.04,0.47,0.55,0.37,3.95,0.19,1.83,1.36,0.47,74,3.06,0.09,1.87,1.83,0.17,0.15,0.21,0.24,27.33,13.22,0.01,6.59,59.18,5.57,2.89,1.79,1.96,78,1.89,2.04,1.79,45,0.51,36,0.51,0,23.76,26.73,5.87,3.83,1.15,60.74,16.2,68,2.89,76,0.34,0,0,34.99,76,3.44,82,56,0.94,5.44,18,80,4,57.32,5.74,0.49,0.66,38.13,92,5.91,11.86,2.34,1.62,0.72,0.34,4,5.61,0.26,24,0.64,29,0.68,17,66,17,22,65,13,20.36,17.6,0.93,99,-2.77,18.95,17.41,0,0,0,0,0,,0,0,,0,0,0,0,0,0,19,7,6.32,49,0.1,0.18,0.01,0.07,,0.36
Nicolás Romero,Minnesota United,Major League Soccer,2026,702,Left Centre Back,Argentina,23,27/11/03,0,0,0.02,0.05,0.51,0,25,0,,0.02,0,0.03,0.51,0,0.03,0.38,0,0,0.13,0,0.05,1.03,-0.05,0.13,0,0.13,0,0.9,0,0.26,0.26,1.41,0.98,3.2,2.02,10.89,6.28,0.1,4.36,27.72,7.43,2.18,0.77,2.18,67,0.66,1.64,1.03,25,0.38,85,1.41,0,9.1,6.5,3.08,0.77,0.26,34.37,3.2,35,0.51,67,0.26,0,0,38.19,87,3.97,90,67,3.84,5.25,10,82,-4,41.17,3.33,0.37,0.38,32.04,99,3.09,4.49,0.13,0,0.13,0.26,0.9,0.9,0,0,0,0,0.26,31,66,4,20,74,6,21.16,16.96,0.93,104,-4.2,19.71,17.71,0,0,0,0,0,,0,0,,0,0,0,0,0,0,22,11,3.22,23,0.09,0.03,0.13,0,,0.25
Niko Tsakiris,San Jose Earthquakes,Major League Soccer,2026,1352,Centre Attacking Midfielder,USA,21,18/06/05,0.13,0.07,0.15,0.09,1.6,4,21,1,100,0.04,0.33,0.28,2.73,0.2,0.17,1.6,0.13,0.1,1.13,0.4,0.43,4.33,-0.03,1.53,0.47,1.06,30,1.2,0.07,1.33,2.13,0.2,0.25,0.13,0.14,19.03,9.72,0,5.12,57.9,5.79,3.53,1.13,1.33,55,1.27,1.52,1,30,0.93,20,0.13,0,16.9,16.26,4.46,3.86,1.6,58.14,10.91,65,2.53,66,0.13,0,0,46.05,78,4.53,87,55,0.67,7.65,17,79,1,57.5,4.99,0.77,0.89,43.26,93,5.37,13.64,3.06,1.86,1.2,0.27,3.26,5.12,0.07,22,1.13,41,0.4,17,67,17,23,65,12,20.51,17,0.95,102,-3.51,19.41,17.41,0,0,0,0,0,,0,0,,0,0,0,0,0,0,20,6,9.42,54,0.12,0.16,0.01,-0.11,,0.18
Nikola Markovic,DC United,Major League Soccer,2026,474,Left Defensive Midfielder,USA,22,21/07/04,0,0,0.03,0.03,0.95,0,0,1,,0,0.19,0.01,0.38,0.19,0.01,0.38,0,0,0,0.19,0.04,1.33,0.15,1.14,0.95,0.19,83,1.71,0,0.95,1.71,1.14,0.57,4.75,2.24,22.78,10.44,0.04,7.21,37.05,8.92,5.13,1.71,2.85,82,0.95,1.52,2.85,80,0.38,48,3.61,0,18.22,9.99,5.88,6.07,1.33,42.01,7.21,40,3.42,56,0.19,0,0,25.25,69,1.33,24,47,5.13,2.47,20,60,-9,51.99,3.42,0.22,0.24,21.45,90,4.03,6.45,0.76,0.57,0.19,0,1.52,2.09,0,50,0.38,67,0.19,37,55,8,44,47,9,19.64,16.43,0.87,98,-3.21,17.13,16.04,0,0,0,0,0,,0,0,,0,0,0,0,0,0,23,9,2.81,21,0.05,0.01,-0.06,-0.03,,-0.02
Nkosi Tafari,LAFC,Major League Soccer,2026,1716,Left Centre Back,USA,29,22/03/97,0,0,0.05,0.07,0.73,0,14,0,,0.02,0.05,0.02,0.16,0.05,0.02,0.16,0,0,0,0.05,0.07,0.89,-0.02,0.16,0.16,0,100,0.26,0,0.05,0.21,0.84,0.76,3.67,2.79,7.03,3.57,0.1,4.77,19.68,7.55,1.47,0.94,1.78,78,0.83,1.59,0.42,50,0.26,56,1.42,0,5.66,4.79,3.04,1.05,0.42,27.49,0.89,16,0.26,25,0.16,0,0,48.55,90,3.83,19,63,4.61,5.14,10,80,-10,36.37,1.99,0.37,0.4,40.53,99,3.95,2.36,0.16,0.16,0,0,1.26,1.42,0.1,0,0,0,0,20,79,2,20,80,0,21.71,23.89,0.93,89,2.17,20.19,21.28,0,0,0,0,0,,0,0,,0,0,0,0,0,0,12,6,3.46,22,0.04,0.02,0.14,-0.05,,0.15
Noah Allen,Inter Miami,Major League Soccer,2026,1204,Left Back,Greece,22,27/04/04,0.07,0.07,0.04,0.17,0.22,33,67,0,,0.05,0.07,0.04,0.37,0.07,0.04,0.37,0,0,0,0.15,0.07,0.6,0.07,0.67,0.37,0.3,56,0.37,0,0.67,0.6,0.45,0.56,1.5,1.99,13.98,6.73,0.01,4.79,35.8,5.83,2.02,2.02,2.47,82,2.82,3.38,0.67,57,0.45,74,1.05,0,11.29,15.11,3.96,2.17,0.6,37.78,3.29,29,1.2,55,0.15,0,0,46.66,88,3.89,90,67,1.87,5.46,9,78,-11,47.58,3.96,0.45,0.46,41.95,97,4.7,11.22,0.52,0.52,0,0.37,1.5,2.02,0,29,0.3,27,0.3,22,65,13,18,63,19,20.28,18.69,0.96,98,-1.59,19.39,18.39,0,0,0,0,0,,0,0,,0,0,0,0,0,0,16,9,4.25,28,0.05,0.05,0.07,0.02,,0.19
Noah Cobb,Colorado Rapids,Major League Soccer,2026,497,Right Centre Back,USA,21,19/07/05,0,0,0.02,0.04,0.36,0,0,0,,0,0,0.01,0.18,0,0.01,0.18,0,0,0,0,0.02,0.54,-0.02,0,0,0,,0.54,0,0,0.54,1.63,1.6,2.35,2.72,11.04,4.89,0.05,3.44,26.12,9.23,3.08,0.54,2.17,50,0.44,2.04,1.27,40,0.54,65,2.35,0,9.23,9.09,2.9,1.81,0.72,28.97,1.63,18,0.36,20,0.36,0,0,54.11,87,4.71,16,62,2.9,7.06,6,58,-29,41.43,5.97,0.53,0.53,44.52,99,4.05,7.42,0.18,0.18,0,0.18,1.27,1.45,0,0,0,0,0.18,22,74,4,17,76,7,22.34,22.86,0.96,87,0.52,21.34,19.99,0,0,0,0,0,,0,0,,0,0,0,0,0,0,16,8,3.49,30,0.08,0.04,0,-0.02,,0.11
Noah Streit,CF Montreal,Major League Soccer,2026,1040,Left Wing,Switzerland,21,10/10/05,0.09,0.09,0.16,0.1,1.64,5,26,2,,0.08,0.09,0.03,0.78,0.09,0.03,0.78,0,0,0,0.17,0.19,2.42,-0.02,2.51,1.3,1.21,52,0.52,0,1.73,3.38,0.43,0.34,0.43,0.29,21.9,12.21,0,5.28,56.35,6.06,3.55,0.87,1.3,63,0.84,1.18,1.3,50,0.52,29,0.43,0.09,19.74,16.06,4.93,4.42,1.99,57.02,12.21,62,3.72,84,0.09,0,0,26.84,77,0.87,15,67,0.61,1.13,17,70,-8,65.44,4.24,0.41,0.49,28.48,85,6.69,11.77,0.95,0.87,0.09,0.69,4.59,5.45,0.09,18,0.69,67,1.21,16,63,21,13,63,24,15.65,16.39,0.98,97,0.74,15.41,15.87,0,0,0,0,0,,0,0,,0,0,0,0,0,0,24,10,4.85,34,0,0.05,-0.05,-0.12,,-0.12
Noel Caliskan,Real Salt Lake,Major League Soccer,2026,2061,Left Defensive Midfielder,Germany,26,28/08/00,0.04,0.04,0.07,0.08,0.96,5,27,1,,0.07,0.17,0.09,1,0.17,0.09,1,0,0,0,0.22,0.16,1.97,0.06,0.31,0.26,0.04,86,1.22,0,0.39,0.66,1.14,1.02,2.1,1.43,14.72,8.43,0.04,5.46,38.95,9.74,5.02,1.66,2.79,83,1.56,2.58,0.79,67,0.35,69,0.87,0.04,12.27,11.1,3.71,2.75,1.14,43.89,4.85,40,1.53,56,0.17,0,0,51.66,88,3.54,17,76,2.31,4.45,12,78,-10,50.37,6.2,0.69,0.72,41.7,98,4.39,13.36,0.79,0.79,0,0.13,1.09,1.88,0.09,11,0.17,44,0.13,19,69,12,21,73,6,19.18,15.2,0.99,107,-3.98,18.92,16.33,0,0,0,0,0,,0,0,,0,0,0,0,0,0,14,6,6.25,41,0.01,0.07,0.06,0.01,,0.15
Nolan Miller,Orlando City,Major League Soccer,2026,365,Centre Back,USA,22,02/08/04,0,0,0.02,0.09,0.25,0,0,0,,0,0,0,0,0,0,0,0,0,0,0,0.02,0.25,-0.02,0,0,0,,0,0,0.25,0.25,0.49,0.63,4.68,3.02,5.42,1.97,0.03,4.68,19.01,6.41,0.99,0.49,0.99,67,0.41,1.04,0.25,50,0.25,83,1.23,0,4.68,3.95,1.97,1.73,0.25,29.76,0.99,21,0.74,43,0.49,0,0,41.66,89,0.74,12,33,4.68,2.22,9,69,-20,31.53,0.74,0.18,0.18,33.03,99,4.5,1.48,0.25,0.25,0,0,0.99,1.23,0,0,0,,0,22,75,3,50,33,17,18.53,16.85,0.94,103,-1.67,17.46,17.43,0,0,0,0,0,,0,0,,0,0,0,0,0,0,14,5,1.85,18,-0.04,0.04,-0.09,-0.03,,-0.12
Nolan Norris,FC Dallas,Major League Soccer,2026,1584,Left Centre Back,USA,21,16/02/05,0.06,0.06,0.03,0.09,0.34,17,33,0,,0.04,0,0.02,0.23,0,0.02,0.23,0,0,0,0.06,0.05,0.57,0.01,0.23,0.23,0,100,0.57,0,0.23,0.23,1.25,0.73,4.49,3.02,12.56,7.22,0.06,4.49,26.27,9.95,2.22,1.59,2.84,76,1.03,1.77,1.36,53,0.51,60,2.05,0,9.6,6.57,3.24,1.02,0.51,32.94,2.44,25,0.45,44,0.34,0,0,38.02,78,2.61,88,41,5.46,5.46,14,74,-4,39.84,3.24,0.22,0.24,29.38,99,3.35,4.55,0.45,0.34,0.11,0.06,0.97,1.31,0,38,0.17,27,0.06,34,62,4,31,61,8,22.89,22.97,0.88,89,0.08,20.1,20.46,0,0,0,0,0,,0,0,,0,0,0,0,0,0,25,9,3.02,24,0.1,0.04,0.19,-0.01,,0.32
Nouhou,Seattle Sounders,Major League Soccer,2026,2073,Left Back,Cameroon,29,22/06/97,0,0,0.02,0.04,0.43,0,30,0,,0.01,0.04,0.05,0.39,0.04,0.05,0.39,0,0,0,0.04,0.06,0.82,-0.02,0.87,0.52,0.35,60,1.35,0,0.65,0.74,1.43,1.28,3.26,3.18,10.37,5.17,0.04,3.91,27.34,9.55,3.52,1.78,3.21,76,1.78,3.07,0.65,54,0.56,49,1,0.09,7.99,7.79,2.56,0.91,0.43,31.32,2,25,0.65,71,0.09,0,0,49.4,85,1.87,86,43,3.78,3.78,7,66,-19,49.19,6.34,0.47,0.48,45.1,97,4.91,11.76,0.65,0.61,0.04,0.09,0.61,1.22,0.09,47,0.39,32,0.13,24,64,12,26,61,13,18.51,19.59,0.93,97,1.08,17.25,19.01,0,0,0,0,0,,0,0,,0,0,0,0,0,0,16,6,4.58,32,0.07,0.1,0.17,-0.01,,0.33
Novak Mićović,LA Galaxy,Major League Soccer,2026,631,Goalkeeper,Serbia,25,24/10/01,0,0,0,,0,,,0,,0,0,0,0,0,0,0,0,0,0,0,0,0,0,0,0,0,,0.14,0,0,0,0,0,0,0,0,0,0,6.41,2.39,3.28,0,0,0,,0,0,0,,0,,0,0,0,0,0,0,0,,0,,0,,0,0,0,17.39,76,2.99,60,35,2.14,6.41,24,68,-8,11.26,0.86,0.04,0.04,15.25,100,4.67,0.14,0,0,0,0,0,0,0,,0,,0,39,61,0,100,0,0,32.89,31.47,0.7,62,-1.43,23.18,19.55,1.71,1.43,-0.29,48,57,-9,1.02,3.28,32,10.12,1.62,0.29,0.29,24.01,-3,23,2,0.07,1,0.05,0.05,,,-0.49,-0.39
Obinna Nwobodo,Cincinnati,Major League Soccer,2026,916,Left Defensive Midfielder,Nigeria,30,28/11/96,0,0,0.04,0.06,0.79,0,13,1,,0.09,0.1,0.01,0.49,0.1,0.01,0.49,0,0,0,0.1,0.05,1.28,0.04,0.1,0.1,0,100,0.79,0,0.39,0.88,0.88,0.94,1.67,1.38,23.78,13.46,0.02,6.68,41.49,9.93,4.62,2.85,3.73,81,2.63,3.57,2.26,30,0.69,64,0.69,0,18.67,17.34,5.8,4.62,1.18,43.4,7.17,38,1.97,43,0.59,0,0,40.19,82,2.36,16,57,2.16,3.64,15,77,-5,49.25,4.03,0.31,0.33,29.97,97,4.35,8.25,0.29,0.29,0,0,0.69,0.98,0,33,0.1,17,0,18,74,8,18,81,1,19.05,18.47,0.94,95,-0.58,17.85,17.59,0,0,0,0,0,,0,0,,0,0,0,0,0,0,20,8,3.99,29,-0.02,0.03,0.01,-0.02,,0
Oleksandr Svatok,Austin FC,Major League Soccer,2026,1838,Right Centre Back,Ukraine,32,26/09/94,0.05,0.05,0.03,0.12,0.24,20,40,0,,0.06,0,0.01,0.2,0,0.01,0.2,0,0,0,0.05,0.04,0.44,0.01,0.05,0.05,0,100,0.49,0,0.1,0.1,1.42,1.4,4.6,4.26,7.59,4.41,0.06,3.97,23.34,6.61,1.37,0.93,2.35,90,0.87,2.27,0.83,67,0.1,50,1.22,0,5.83,5.02,2.2,0.64,0.15,27.91,0.69,12,0.24,38,0.15,0,0,47.8,90,3.23,13,61,5.73,4.16,11,81,-9,33.79,1.71,0.32,0.35,37.02,100,3.37,2.25,0.2,0.1,0.1,0.15,1.32,1.42,0.1,0,0.05,33,0.2,20,77,3,26,72,2,22.47,25.01,0.94,95,2.54,21.2,23.7,0,0,0,0,0,,0,0,,0,0,0,0,0,0,14,8,2.33,20,0.05,0.05,0.07,-0.01,,0.16
Olger Escobar,CF Montreal,Major League Soccer,2026,470,Centre Attacking Midfielder,Guatemala,20,10/09/06,0,0,0.14,0.07,1.91,0,20,4,,0.02,0,0.08,0.96,0,0.07,0.77,0,0.01,0.19,0,0.22,2.87,-0.22,0.77,0.38,0.38,50,1.34,0,0.96,0.96,0.19,0.15,0.77,0.54,17.98,10.33,0.02,4.97,50.4,5.93,3.83,1.15,1.34,75,0.89,1.04,1.53,60,0.38,50,0.57,0,15.31,12.13,4.21,3.83,1.15,53.61,9.18,60,2.68,70,0.38,0,0,22.58,65,1.72,79,39,0.77,4.4,9,64,-1,62.37,3.06,0.29,0.41,20.47,92,6.54,8.04,0.57,0.19,0.38,0.19,3.25,3.44,0.57,0,0,0,0.19,20,69,11,26,64,10,20.55,10.43,0.86,119,-10.12,17.77,12.38,0,0,0,0,0,,0,0,,0,0,0,0,0,0,28,9,5.18,30,-0.03,0.07,-0.02,-0.08,,-0.07
Oliver Larraz,Vancouver Whitecaps,Major League Soccer,2026,911,Right Defensive Midfielder,USA,25,15/09/01,0,0,0.05,0.04,1.19,0,8,1,,0,0.2,0.24,2.17,0.1,0.16,0.99,0.1,0.08,1.19,0.2,0.29,3.36,-0.1,0.69,0.4,0.3,57,1.38,0,1.19,1.09,1.38,1.91,0.79,1.14,23.62,13.64,0.03,8.2,50.59,8.99,4.55,1.78,3.16,69,2.5,4.41,2.08,53,0.79,42,0.49,0,19.77,26.56,7.02,4.45,1.88,52.39,11.46,58,2.77,62,0.3,0,0,51.69,85,3.56,7,53,1.38,6.13,11,83,-3,55.77,7.21,0.61,0.71,45.07,96,4.72,18.18,2.67,1.58,1.09,0.49,2.37,3.95,0.1,22,0.69,35,0.79,11,76,13,15,75,10,20.5,19.06,0.92,98,-1.43,18.81,18.7,0,0,0,0,0,,0,0,,0,0,0,0,0,0,17,7,9.16,49,0.18,0.05,0.07,-0.04,,0.26
Olwethu Makhanya,Philadelphia Union,Major League Soccer,2026,1307,Left Centre Back,South Africa,22,29/04/04,0,0,0.02,0.05,0.41,0,17,0,,0.01,0,0.02,0.34,0,0.02,0.34,0,0,0,0,0.04,0.76,-0.04,0.83,0.62,0.21,75,0.21,0,0.62,1.17,0.83,0.56,2.69,2.33,12.67,6.34,0.04,6.41,30,15.98,4.06,1.58,2.41,72,1.36,1.93,1.17,43,0.62,76,3.1,0.07,9.92,8.47,4.34,2.34,1.1,34.28,2.82,28,1.17,50,0.34,0.07,0,47.66,79,3.58,23,53,3.86,5.65,15,64,-15,39.59,5.58,0.29,0.29,38.77,97,5.56,7.02,0.41,0.41,0,0.34,1.65,2.07,0,0,0.07,33,0.41,35,61,4,36,60,4,21.35,20.89,0.95,99,-0.47,20.21,20.77,0,0,0,0,0,,0,0,,0,0,0,0,0,0,27,12,4.07,25,0.04,0.09,0.07,-0.01,,0.19
Omar Valencia,New York Red Bulls,Major League Soccer,2026,446,Left Back,Panama,22,07/06/04,0,0,0.01,0.02,0.61,0,100,1,,0.02,0,0.01,0.4,0,0.01,0.2,0,0,0.2,0,0.02,1.01,-0.02,1.41,1.01,0.4,71,1.41,0,1.41,1.21,0.61,0.43,2.62,2.68,19.56,10.49,0.03,5.24,36.81,8.67,3.83,3.03,3.63,79,2.08,2.51,2.82,50,0.81,56,1.01,0.2,13.72,11.6,3.83,3.03,0.61,42.02,4.84,35,2.22,73,1.01,0,0,36.71,75,1.82,87,36,3.43,4.24,12,44,-31,52.48,6.66,0.27,0.3,34.89,92,5.61,10.89,1.01,0.2,0.81,0,0.4,0.61,0,0,0,0,0,28,61,11,35,54,11,19.9,18.01,0.92,89,-1.89,18.34,15.93,0,0,0,0,0,,0,0,,0,0,0,0,0,0,23,9,5.45,31,0.07,0.06,-0.01,-0.01,,0.11
Ondrej Lingr,Houston Dynamo,Major League Soccer,2026,539,Centre Forward,Czech Republic,28,06/10/98,0,0,0.17,0.1,1.67,0,30,3,,0.02,0.17,0.1,1.17,0.17,0.09,1,0,0.01,0.17,0.17,0.27,2.84,-0.1,1.34,1.17,0.17,88,1.5,0,1.17,1.17,0.33,0.2,1.67,1.47,18.88,10.19,0.03,3.01,49.1,4.18,1.67,1,1.34,60,0.64,0.84,0.67,33,0.67,46,1,0,17.21,10,2.84,3.17,0.84,53.19,9.35,54,2.51,79,0,0,0.17,20.88,75,1.34,12,53,2,2.17,15,81,6,59.14,2.84,0.32,0.41,21.72,92,5.93,7.35,0.84,0.67,0.17,0.17,3.34,4.01,0,20,0.17,17,0.33,16,57,26,9,59,32,17.71,18.31,0.94,95,0.6,16.63,17.35,0,0,0,0,0,,0,0,,0,0,0,0,0,0,21,3,3.76,29,0.01,0.05,0.1,-0.1,,0.06
Onni Valakari,San Diego FC,Major League Soccer,2026,1987,Left Centre Midfielder,Finland,27,17/08/99,0.18,0.14,0.16,0.13,1.22,11,41,1,100,0.17,0.14,0.12,1.09,0.14,0.12,1.09,0,0,0,0.27,0.28,2.31,-0.01,0.36,0.32,0.05,88,2.08,0,1.18,1.49,0.23,0.34,0.36,0.44,19.93,12.09,0.01,5.8,52.85,5.89,3.26,1.58,1.81,73,2.19,2.53,0.77,35,0.59,44,0.32,0,17.57,24.36,5.07,4.17,1.68,54.51,10.19,58,2.72,65,0.05,0,0,47.14,88,1.68,74,58,0.77,2.49,18,81,-7,52.42,4.21,0.49,0.6,43.79,95,3.88,13.86,1.18,1.18,0,0.54,3.58,4.75,0.14,4,0.14,50,0.91,15,67,18,17,72,11,15.49,14.56,0.96,103,-0.93,14.87,14.95,0,0,0,0,0,,0,0,,0,0,0,0,0,0,14,7,4.75,35,-0.01,0.07,0.03,0.02,,0.1
Or Blorian,Sporting Kansas City,Major League Soccer,2026,621,Left Centre Back,Israel,26,06/03/00,0,0,0.02,0.05,0.44,0,0,0,,0,0,0.01,0.29,0,0.01,0.29,0,0,0,0,0.03,0.73,-0.03,0.15,0.15,0,100,0.44,0,0,0.15,1.02,0.66,3.48,1.92,6.09,4.06,0.07,3.19,18.65,7.83,2.47,0.44,1.45,60,0.23,0.89,0.58,50,0.29,60,0.87,0,5.08,3.45,1.89,0.44,0,23.92,0.44,9,0.15,33,0,0,0,36.11,87,2.32,29,53,4.21,3.63,8,75,-12,39.19,4.06,0.34,0.35,25.81,100,5.26,4.79,0.15,0.15,0,0,0.44,0.58,0,0,0,,0,18,79,3,27,73,0,21.92,27.28,0.94,84,5.37,20.55,22.87,0,0,0,0,0,,0,0,,0,0,0,0,0,0,15,7,2.55,23,0.03,0.05,0.18,-0.03,,0.23
Osaze De Rosario,Seattle Sounders,Major League Soccer,2026,780,Centre Forward,Guyana,25,18/07/01,0.23,0.23,0.18,0.11,1.73,13,20,4,,0.18,0,0.02,0.46,0,0.02,0.46,0,0,0,0.23,0.2,2.19,0.03,1.38,0.92,0.46,67,1.27,0,2.31,3.23,0.12,0.08,0.23,0.32,19.85,9.46,0,4.04,66.6,3.69,1.85,0.69,0.81,86,0.48,0.56,1.73,75,0.12,36,2.31,0,17.42,16.12,3.92,3.12,1.04,67.8,14.19,81,2.54,81,0,0,0,14.19,74,0.35,18,100,0.35,0.23,32,55,-19,62.8,1.96,0.24,0.34,17.42,74,6.43,5.65,0.35,0.35,0,0.35,4.5,4.85,0.12,0,0,0,0.81,11,57,32,8,61,31,13.68,11.96,1.01,113,-1.72,13.76,13.54,0,0,0,0,0,,0,0,,0,0,0,0,0,0,29,7,2.25,16,-0.06,0.05,-0.02,0,,-0.03
Osaze Urhoghide,FC Dallas,Major League Soccer,2026,1923,Centre Back,England,26,03/07/00,0.05,0.05,0.06,0.11,0.56,8,25,0,,0.05,0.05,0.01,0.09,0.05,0.01,0.09,0,0,0,0.09,0.07,0.66,0.02,0.37,0.23,0.14,63,1.54,0,0.51,0.42,1.12,0.93,4.73,3.22,14.32,7.21,0.05,6.64,26.37,11,2.76,2.25,3.37,91,1.55,2.48,1.4,82,0.23,77,4.07,0.05,10.67,7.38,4.63,1.83,0.75,31.46,2.25,21,0.51,28,0.23,0,0,34.16,86,1.36,26,54,5.15,2.11,16,69,-17,38.3,1.64,0.33,0.35,25.22,97,4.63,2.39,0,0,0,0.23,1.73,1.73,0,,0.09,100,0.23,27,71,1,31,67,2,19.61,16.84,0.96,94,-2.77,18.78,15.81,0,0,0,0,0,,0,0,,0,0,0,0,0,0,16,6,2.87,21,0.04,0.03,0,-0.03,,0.04
Oscar Verhoeven,San Diego FC,Major League Soccer,2026,1602,Right Back,USA,20,30/05/06,0,0,0.04,0.15,0.28,0,40,0,,0.04,0,0.06,0.62,0,0.06,0.62,0,0,0,0,0.1,0.9,-0.1,0.51,0.34,0.17,67,0.62,0,0.62,0.73,0.62,0.94,1.24,1.58,12.47,7.13,0.03,5.17,41.59,6.8,3.03,1.24,1.85,71,1.68,2.62,0.96,50,0.51,38,0.34,0,10.28,13.96,3.54,3.09,1.12,45.58,4.49,44,1.74,56,0.22,0,0,43.82,85,1.46,12,46,1.8,2.58,10,76,-9,52.1,2.13,0.39,0.43,37.41,97,2.99,12.42,0.51,0.45,0.06,0.28,1.63,2.08,0.11,22,0.28,25,0.28,16,63,21,10,61,29,17.32,18.03,0.93,96,0.71,16.12,17.38,0,0,0,0,0,,0,0,,0,0,0,0,0,0,19,10,3.72,31,0.02,0.05,0.04,0.04,,0.15
Osvald Søe,San Diego FC,Major League Soccer,2026,470,Right Centre Back,Denmark,21,04/11/05,0,0,0.01,0.05,0.19,0,0,0,,0,0,0,0,0,0,0,0,0,0,0,0.01,0.19,-0.01,0,0,0,,0,0,0.38,0.19,0.38,0.49,1.34,1.94,8.61,5.36,0.06,3.45,27.88,9.95,2.11,0.77,1.15,57,1.23,1.72,1.53,25,0.57,53,1.53,0,6.32,8.89,2.3,0.96,0.57,31.44,1.15,18,0.19,20,0.19,0,0,75.99,92,3.25,19,63,2.3,4.21,11,88,-4,32.97,4.02,0.36,0.36,61.25,99,2.96,4.4,0,0,0,0.19,0.96,0.96,0,,0,,0.19,23,74,3,48,52,0,18.69,20.74,0.97,98,2.05,18.21,20.26,0,0,0,0,0,,0,0,,0,0,0,0,0,0,13,7,1.95,16,0,0.1,-0.08,0,,0.02
Ousseni Bouda,San Jose Earthquakes,Major League Soccer,2026,1953,Right Wing,Burkina Faso,26,27/04/00,0.23,0.23,0.2,0.13,1.61,14,46,3,,0.22,0.05,0.13,1.2,0.05,0.11,0.97,0,0.02,0.23,0.28,0.34,2.81,-0.06,1.47,0.65,0.83,44,1.84,0.05,3.09,3.09,0.88,0.96,0.6,0.63,16.36,7.05,0,4.47,53.73,4.56,2.4,1.47,2.35,68,1.43,2.39,1.43,48,0.69,45,1.34,0,13.5,12.54,3.73,2.26,0.83,55.71,7.97,59,1.61,71,0.05,0,0,23.87,71,2.03,13,59,0.83,3.18,23,68,-3,62.78,2.03,0.42,0.6,27.01,81,6.6,7.93,1.57,1.29,0.28,0.37,4.42,5.71,0,53,1.24,45,0.55,13,71,16,13,67,20,18.72,14.61,0.99,109,-4.11,18.48,15.89,0,0,0,0,0,,0,0,,0,0,0,0,0,0,30,9,5.42,32,0.09,0.09,0.04,0.01,,0.24
Owen Gene,Minnesota United,Major League Soccer,2026,1524,Left Defensive Midfielder,France,23,18/03/03,0,0,0.02,0.04,0.35,0,0,0,,0,0.06,0.1,1,0.06,0.1,1,0,0,0,0.06,0.12,1.36,-0.06,0.3,0.3,0,100,0.59,0,1.18,0.77,0.71,0.48,0.89,0.66,18.72,10.69,0.03,6.44,42.16,11.28,6.08,1.36,2.07,72,1.24,1.72,1.48,36,0.53,33,0.24,0.06,15.89,13.2,5.08,3.31,1.24,43.76,5.91,37,1.83,55,0.12,0,0,49.97,89,2.6,13,86,1.12,2.78,14,84,-5,49.79,4.19,0.54,0.63,41.82,96,3.26,12.52,0.71,0.71,0,0.18,0.53,1.24,0.12,17,0.24,67,0.12,18,73,9,17,77,7,16.97,14.91,1.01,104,-2.06,17.07,15.58,0,0,0,0,0,,0,0,,0,0,0,0,0,0,13,8,5.01,34,0.06,0.1,0.03,-0.02,,0.16
Owen Wolff,Austin FC,Major League Soccer,2026,418,Left Defensive Midfielder,USA,22,29/12/04,0,0,0,,0,,,0,,0,0,0.03,0.65,0,0.03,0.65,0,0,0,0,0.03,0.65,-0.03,1.72,0.65,1.08,38,2.37,0,1.08,2.59,0.22,0.25,1.08,0.81,20.47,12.93,0.02,4.31,48.59,4.53,2.16,1.51,1.72,70,1.18,1.43,2.37,25,0.65,20,0.22,0,16.59,15.63,3.45,4.09,1.08,51.82,9.91,60,2.8,68,0,0,0,39.01,90,3.23,18,75,1.72,3.66,14,82,-8,55.35,3.88,0.44,0.44,39.66,92,4.17,12.07,1.08,1.08,0,0,0.86,1.94,0,0,0,0,0.22,10,66,24,23,59,18,17.26,16.73,0.98,110,-0.52,16.85,18.36,0,0,0,0,0,,0,0,,0,0,0,0,0,0,12,6,4.83,43,-0.04,0.05,0.03,,,0.03
Patrick Schulte,Columbus Crew,Major League Soccer,2026,2338,Goalkeeper,USA,25,12/03/01,0,0,0,,0,,,0,,0,0,0,0,0,0,0,0,0,0,0,0,0,0,0,0,0,,0.08,0,0,0.08,0,0,0,0,0.08,0.04,0,5.31,2.14,2.16,0,0,0,0,0,0,0,0,0.04,,0,0.04,0.08,0.08,0,0,0,4.49,0,0,0,,0.08,0,0,27.84,82,3.77,68,42,1.89,7.16,17,73,-9,12.93,0.15,0.17,0.17,23.79,100,4.1,0.12,0,0,0,0,0,0,0.04,,0,,0,32,68,0,100,0,0,29.05,32.08,0.79,78,3.03,22.92,25.05,1.39,1.19,-0.2,63,69,-5,1.02,3.77,41,9.24,1.73,0.12,0.12,23.19,-1,14,4,1.24,10,0.04,0.04,,,-0.33,-0.25
Patrick Yazbek,Nashville SC,Major League Soccer,2026,961,Right Defensive Midfielder,Australia,24,04/04/02,0.09,0.09,0.1,0.11,0.94,10,40,1,,0.13,0.19,0.07,0.75,0.19,0.07,0.75,0,0,0,0.28,0.18,1.69,0.1,0.47,0.47,0,100,0.66,0,0.66,0.84,0.47,0.61,1.59,1.89,14.34,9.46,0.03,6.18,39.72,7.87,4.03,1.69,2.15,72,1.93,2.54,1.59,25,0.66,14,0.09,0.09,11.06,13.4,4.68,2.62,1.41,43.15,4.22,38,1.41,54,0.09,0,0,56.5,89,5.06,20,79,2.44,5.53,12,85,-5,49.07,5.72,0.56,0.57,46.66,97,5.14,12.93,0.66,0.56,0.09,0.28,1.78,2.34,0,0,0.09,13,0.37,15,72,13,18,70,12,20.47,18.47,0.98,103,-2,20.11,19.07,0,0,0,0,0,,0,0,,0,0,0,0,0,0,13,6,4.87,33,-0.01,0.09,0.07,0.03,,0.18
Patrickson Delgado,FC Dallas,Major League Soccer,2026,750,Centre Attacking Midfielder,Ecuador,23,16/10/03,0.36,0.36,0.13,0.06,2.16,17,39,2,,0.32,0,0.1,0.96,0,0.03,0.48,0,0.06,0.48,0.36,0.23,3.12,0.13,1.56,0.96,0.6,62,0.84,0,1.44,2.4,0.36,0.18,1.08,0.76,21.84,12,0.03,4.92,52.94,6.84,4.08,1.56,1.92,76,1.1,1.28,0.84,43,0.48,30,0.96,0,19.44,12.55,3.96,4.32,1.32,55.86,11.4,59,3.36,78,0.36,0,0,32.77,76,2.52,11,53,1.2,4.68,14,73,-4,60.3,3.48,0.34,0.43,30.97,90,4.4,12.96,1.08,0.6,0.48,0.48,3.24,3.84,0,22,0.36,25,0.72,13,73,14,12,65,23,18.7,12.46,0.91,108,-6.24,17.09,13.43,0,0,0,0,0,,0,0,,0,0,0,0,0,0,26,9,5.34,35,0.05,0.04,0.07,0.11,,0.27
Paul Arriola,Seattle Sounders,Major League Soccer,2026,419,Right Wing,USA,31,04/02/95,0,0,0.27,0.16,1.72,0,13,2,,0.16,0,0.18,0.86,0,0.18,0.86,0,0,0,0,0.45,2.58,-0.45,1.5,1.07,0.43,71,1.5,0,1.29,1.72,0.43,0.47,0.64,0.47,15.89,7.73,0,4.29,48.44,6.01,2.58,0.86,1.29,57,0.91,1.38,0.86,25,0.64,20,0.21,0,14.17,15.37,3.86,3.22,1.29,50.58,7.08,50,2.15,67,0.21,0,0,30.92,75,1.07,28,56,1.07,1.5,12,56,-19,62.81,3.65,0.37,0.74,30.7,91,4.87,12.24,1.93,1.72,0.21,0.64,4.29,6.01,0,33,0.86,31,0.86,21,60,19,23,51,26,16.86,17.72,0.91,74,0.86,15.41,13.1,0,0,0,0,0,,0,0,,0,0,0,0,0,0,26,8,5.69,43,0.07,0.07,0.07,-0.03,,0.17
Paul Marie,San Jose Earthquakes,Major League Soccer,2026,521,Left Wing,France,31,23/03/95,0,0,0.11,0.13,0.86,0,0,1,,0,0.69,0.44,2.24,0.69,0.39,1.9,0,0.05,0.35,0.69,0.55,3.11,0.14,0.86,0.52,0.35,60,1.38,0,1.9,1.55,0.69,0.61,0.86,0.52,14.67,6.39,0.02,2.93,47.66,7.42,3.8,1.21,1.9,70,1.61,2.22,1.21,80,0.52,15,0.35,0,12.26,12.53,1.9,2.42,0.35,47.94,6.39,52,1.73,71,0,0,0,29.17,73,2.76,9,59,1.21,4.32,6,67,-7,60.51,4.83,0.52,0.7,29.69,90,5.67,11.22,1.9,1.04,0.86,0.86,2.93,3.97,0,27,1.04,46,0.86,27,59,15,20,66,14,20,20.31,0.99,126,0.31,19.83,25.62,0,0,0,0,0,,0,0,,0,0,0,0,0,0,24,10,5.8,32,0.21,0.11,-0.01,0.01,,0.32
Paul Rothrock,Seattle Sounders,Major League Soccer,2026,1881,Left Wing,USA,27,08/01/99,0.24,0.24,0.19,0.13,1.48,16,42,2,,0.14,0.05,0.1,0.96,0.05,0.1,0.96,0,0,0,0.29,0.3,2.44,-0.01,1.48,0.81,0.67,55,1.82,0.1,2.06,2.3,0.72,0.68,0.29,0.26,17.66,9.62,0.04,5.31,49.3,4.79,2.82,1.96,2.68,73,1.83,2.52,1.82,22,0.72,34,0.72,0,13.93,13.63,4.02,2.82,0.86,52.12,7.51,54,2.25,80,0.19,0,0,23.93,75,0.67,19,39,0.48,1.53,16,70,-5,64.47,1.87,0.35,0.54,25.89,86,6.55,9.81,0.62,0.48,0.14,0.57,5.26,5.74,0,38,0.81,31,1.05,10,69,21,7,62,31,17.12,15.88,0.97,103,-1.24,16.55,16.37,0,0,0,0,0,,0,0,,0,0,0,0,0,0,23,6,3.84,26,0.03,0.16,0.07,-0.05,,0.2
Pavel Bucha,Cincinnati,Major League Soccer,2026,1984,Right Wing Back,Czech Republic,28,10/03/98,0.23,0.23,0.07,0.09,0.82,28,44,1,,0.14,0.18,0.09,0.82,0.18,0.09,0.82,0,0,0,0.41,0.16,1.63,0.25,1,0.45,0.54,45,0.64,0.05,1.23,1.54,0.59,0.57,0.95,0.86,16.79,9.75,0,4.67,43.32,7.76,4.17,1.54,2.13,68,1.43,2,0.77,46,0.73,58,0.64,0.05,14.47,14.29,3.77,3.36,0.95,46.01,6.58,45,1.81,54,0.14,0,0,38.88,85,1.54,16,69,1.23,1.95,22,79,-5,52.26,2.95,0.48,0.57,33.89,93,4.58,10.25,0.95,0.95,0,0.73,3.68,4.63,0.05,19,0.32,32,0.73,16,65,20,17,68,15,17,15.29,0.99,104,-1.71,16.84,15.94,0,0,0,0,0,,0,0,,0,0,0,0,0,0,18,10,6.22,40,0.05,0.06,0.03,0.03,,0.17
Paxten Aaronson,Colorado Rapids,Major League Soccer,2026,2065,Centre Attacking Midfielder,USA,23,25/08/03,0.17,0.17,0.17,0.09,1.83,10,36,2,,0.18,0.22,0.26,1.7,0.22,0.19,1.26,0,0.06,0.44,0.39,0.42,3.53,-0.03,0.96,0.61,0.35,64,1.44,0.04,1.35,1.39,0.87,1.12,0.52,0.57,18.44,11.07,0,5.27,53.67,4.97,3.31,1.22,2.09,76,1.47,2.59,1.44,30,0.39,40,0.35,0,15.78,18.11,4.71,2.96,1.18,56.05,9.63,61,2.05,69,0.04,0,0,28.59,76,1.83,15,46,0.87,3.62,14,69,-8,59.07,4.36,0.38,0.61,28.55,91,6.81,9.63,1.79,1.05,0.74,0.31,3.14,4.18,0.09,39,0.78,35,0.31,14,70,16,17,68,15,18.95,16.17,0.92,96,-2.78,17.47,15.58,0,0,0,0,0,,0,0,,0,0,0,0,0,0,20,6,4.63,34,0.09,0.11,-0.02,0.04,,0.21
Pedro Soma,San Diego FC,Major League Soccer,2026,451,Centre Defensive Midfielder,USA,20,29/06/06,0.2,0.2,0.03,0.05,0.6,33,33,0,,0.06,0.4,0.09,0.6,0.4,0.09,0.6,0,0,0,0.6,0.13,1.2,0.47,0,0,0,,0.8,0,0.6,1.2,0.8,1.08,0.2,0.22,16.57,7.79,0,4.39,44.71,7.79,4.19,1,1.8,63,1.65,2.72,2.8,25,0.6,38,0.6,0.2,12.98,19.49,3.59,3,0.8,47.32,6.19,48,2,67,0.4,0,0,89.46,93,5.79,18,74,1.6,6.39,22,90,-2,47.39,10.38,0.61,0.62,75.08,98,3.6,21.37,1.4,1.4,0,0,0,1.4,0.4,14,0.2,100,0.2,17,68,15,24,65,10,18.1,16.54,0.96,99,-1.55,17.31,16.33,0,0,0,0,0,,0,0,,0,0,0,0,0,0,11,7,7.39,43,0.08,0.06,-0.01,0.01,,0.14
Peglow,DC United,Major League Soccer,2026,1834,Left Midfielder,Brazil,24,06/01/02,0.05,0.05,0.11,0.06,1.77,3,19,2,,0.08,0.2,0.18,1.82,0.2,0.13,1.52,0,0.06,0.29,0.25,0.3,3.58,-0.05,1.23,0.25,0.98,20,0.74,0,1.62,2.8,1.08,0.48,0.74,0.4,24.29,13.64,0.01,7.46,48.88,8.29,4.96,2.55,3.63,68,1.45,1.94,1.77,44,1.23,30,0.79,0,19.97,11.96,6.23,4.47,1.52,50.54,9.86,49,3.24,73,0.25,0,0,32.24,72,1.86,13,44,1.08,3.93,21,73,1,60.43,3.44,0.5,0.58,28.66,87,4.88,12.02,1.86,1.52,0.34,0.2,2.7,4.22,0.2,11,0.25,23,0.25,20,65,15,22,64,14,18.23,13.58,0.91,99,-4.64,16.54,13.45,0,0,0,0,0,,0,0,,0,0,0,0,0,0,26,11,6.48,44,0.09,0.04,0.03,-0.09,,0.08
Pep Biel,Charlotte,Major League Soccer,2026,2183,Centre Attacking Midfielder,Spain,30,04/09/96,0.45,0.41,0.22,0.1,2.19,19,38,3,100,0.34,0.29,0.17,1.69,0.16,0.12,1.24,0.12,0.05,0.45,0.7,0.39,3.88,0.31,1.53,0.74,0.78,49,0.87,0,1.61,2.1,0.25,0.21,0.41,0.33,22.31,12.7,0.01,4.12,57.17,3.92,2.85,0.54,0.78,46,0.44,0.66,0.66,30,0.62,29,0.25,0.04,21.11,17.06,3.71,2.97,0.78,58.27,14.06,67,2.1,71,0.12,0,0,29.03,78,2.39,84,52,0.78,4.21,18,83,5,63.63,3.17,0.45,0.62,26.43,88,4.55,13.48,1.77,1.15,0.62,0.41,5.2,6.35,0.08,21,0.41,23,0.99,15,66,19,18,60,21,19.44,15.78,0.93,101,-3.66,18.05,15.91,0,0,0,0,0,,0,0,,0,0,0,0,0,0,19,8,5.88,46,0.02,0.04,0.02,0.04,,0.11
Petar Musa,FC Dallas,Major League Soccer,2026,1796,Centre Forward,Croatia,28,03/03/98,0.9,0.75,0.5,0.14,3.56,21,49,6,100,0.71,0.2,0.12,1,0.2,0.12,1,0,0,0,0.95,0.61,4.56,0.34,1.4,0.65,0.75,46,0.65,0.05,1.35,3.11,0.4,0.2,1.25,0.83,18.59,9.32,0.01,4.66,64.97,4.71,2.81,0.65,1.05,81,0.41,0.62,1.4,71,0.15,43,1.7,0.05,16.54,10.45,4.21,3.51,1.15,70.14,13.93,84,2.91,83,0.1,0,0,21.95,67,1.1,17,44,1.6,2.16,21,63,-5,61.19,2.05,0.5,0.79,21.25,83,4.31,7.72,1,1,0,0.55,8.37,9.37,0,15,0.25,42,0.8,20,66,14,19,71,10,17.78,16.03,0.93,94,-1.75,16.52,15.09,0,0,0,0,0,,0,0,,0,0,0,0,0,0,29,8,3.9,28,-0.03,0.05,0.02,0.16,,0.2
Peter Kingston,Seattle Sounders,Major League Soccer,2026,850,Right Back,USA,25,13/07/01,0,0,0.06,0.07,0.85,0,38,1,,0.09,0,0.09,1.06,0,0.09,0.95,0,0.01,0.11,0,0.15,1.91,-0.15,0.64,0.21,0.42,33,0.42,0,0.85,1.06,1.06,0.89,1.48,1.38,18.75,9.53,0.04,5.19,35.58,7.63,4.02,2.01,3.07,83,1.55,2.43,2.12,33,0.42,52,1.17,0,14.62,12.75,4.02,3.6,1.27,39.76,4.02,28,1.8,50,0.53,0,0,38.87,79,3.39,14,70,1.59,4.77,10,69,-10,52.02,4.98,0.47,0.53,31.46,96,4.46,11.54,1.38,1.27,0.11,0.32,1.27,2.54,0.21,46,0.85,50,0.32,22,64,14,18,66,16,18.97,12.89,0.96,99,-6.08,18.24,12.8,0,0,0,0,0,,0,0,,0,0,0,0,0,0,19,7,5.54,39,0.14,0.07,0.06,0.01,,0.28
Peyton Miller,New England Revolution,Major League Soccer,2026,1585,Left Back,USA,19,07/11/07,0.23,0.23,0.29,0.11,2.55,9,42,3,,0.26,0.23,0.15,0.91,0.23,0.15,0.91,0,0,0,0.45,0.44,3.46,0.01,1.08,0.23,0.85,21,0.74,0.06,1.42,1.93,0.51,0.57,1.48,1.44,9.14,4.66,0.02,2.9,42.24,5.17,2.73,0.79,1.31,61,0.96,1.53,0.79,31,0.51,44,1.19,0,7.55,7.96,1.93,1.36,0.34,49.21,3.35,44,0.91,67,0.06,0,0,29.47,78,0.91,84,44,1.7,1.82,9,63,-15,59.58,3.29,0.48,0.75,28.1,89,6.8,12.09,0.62,0.62,0,0.85,6.81,7.44,0,36,0.91,35,1.08,18,60,22,15,54,31,17.95,16.17,0.95,95,-1.78,17.06,15.43,0,0,0,0,0,,0,0,,0,0,0,0,0,0,22,7,4.92,30,0.09,0.16,0.07,0.03,,0.34
Philip Quinton,Real Salt Lake,Major League Soccer,2026,1452,Right Centre Back,USA,27,15/11/99,0,0,0.01,0.08,0.12,0,0,0,,0,0.06,0.01,0.19,0.06,0.01,0.19,0,0,0,0.06,0.02,0.31,0.04,0,0,0,,0.31,0,0.19,0.31,0.62,0.69,4.77,3.95,8.86,4.53,0.08,5.15,24.58,9.73,2.98,0.87,1.49,64,1.13,1.81,0.37,47,0.5,61,2.05,0.06,7.69,7.88,3.04,0.87,0.62,32.83,2.05,27,0.37,43,0.12,0,0,51.39,87,4.96,21,63,6.01,6.7,11,75,-12,39.54,3.6,0.6,0.61,40.11,99,4.19,4.96,0.25,0.25,0,0.12,0.87,1.12,0.06,0,0,0,0.12,24,71,5,43,51,6,22.28,23.34,0.93,92,1.06,20.78,21.46,0,0,0,0,0,,0,0,,0,0,0,0,0,0,18,9,4.6,29,0.05,0.05,0.17,-0.01,,0.27
Philip Zinckernagel,Chicago Fire,Major League Soccer,2026,1818,Right Wing,Denmark,32,15/12/94,0.25,0.2,0.27,0.09,2.82,7,33,3,50,0.32,0.4,0.25,2.03,0.4,0.19,1.58,0,0.06,0.45,0.59,0.51,4.85,0.08,2.18,1.29,0.89,59,2.13,0.05,2.67,3.12,0.15,0.19,0.15,0.08,20.94,11.19,0.01,6.04,51.67,5.74,3.47,2.03,2.18,62,2.04,2.23,1.83,31,1.24,20,0.15,0,17.28,18.01,5,4.8,1.49,51.4,9.31,54,3.66,76,0.2,0,0,33.51,70,2.03,17,39,0.35,5,21,72,2,62.47,4.46,0.6,0.87,37.82,87,5.95,13.46,3.32,2.43,0.89,0.89,6.68,9.11,0.15,15,0.94,31,1.19,15,70,15,20,69,11,18.57,12.92,0.88,104,-5.64,16.35,13.39,0,0,0,0,0,,0,0,,0,0,0,0,0,0,26,8,8.38,52,0.24,0.11,0.01,-0.03,,0.32
Preston Judd,San Jose Earthquakes,Major League Soccer,2026,1782,Centre Forward,USA,27,27/05/99,0.56,0.56,0.44,0.14,3.23,17,44,12,,0.65,0.15,0.08,0.45,0.15,0.08,0.45,0,0,0,0.71,0.52,3.69,0.19,0.76,0.25,0.5,33,1.51,0.05,1.11,2.02,0.05,0.04,0.3,0.24,14.19,5.55,0,2.68,72.32,1.92,1.62,0.1,0.15,40,0.06,0.11,1.62,25,0.15,57,1.16,0,12.47,11.45,2.47,1.62,0.35,73.93,11.31,91,1.51,94,0.25,0,0,8.74,56,0.76,10,60,0.56,1.01,22,52,-3,62.6,0.86,0.22,0.6,10.35,75,5.47,2.52,0.3,0.3,0,0.15,6.87,7.17,0.05,33,0.15,21,0.35,17,63,20,12,70,18,17.83,18.27,1.02,111,0.44,18.23,20.25,0,0,0,0,0,,0,0,,0,0,0,0,0,0,36,4,1.45,9,-0.02,0.08,-0.01,0.13,,0.17
Prince Owusu,CF Montreal,Major League Soccer,2026,1989,Centre Forward,Germany,29,06/01/97,0.59,0.36,0.31,0.14,2.26,16,42,5,83,0.4,0.23,0.19,1.04,0.23,0.19,1.04,0,0,0,0.59,0.49,3.3,0.1,1.09,0.45,0.63,42,1.36,0.05,2.08,3.39,0.18,0.07,0.72,0.65,20.63,9.23,0.03,4.98,64.19,3.85,2.67,0.63,0.81,93,0.62,0.69,2.31,75,0.05,51,1.72,0,17.78,16.6,4.34,2.67,0.9,67.08,14.39,81,2.35,88,0.27,0,0,16.65,66,0.5,63,55,0.81,0.81,27,65,0,64.11,1.18,0.43,0.7,17.56,76,5.23,6.06,0.77,0.77,0,0.63,7.74,8.51,0.09,24,0.36,32,0.95,14,65,21,13,68,19,14.99,13.35,1.02,102,-1.63,15.34,13.63,0,0,0,0,0,,0,0,,0,0,0,0,0,0,32,11,3.48,24,0.03,-0.04,-0.01,0,,-0.02
Przemyslaw Placheta,Austin FC,Major League Soccer,2026,343,Right Wing Back,Poland,28,22/03/98,0,0,0.13,0.06,2.1,0,50,2,,0.23,0,0.05,0.79,0,0.05,0.79,0,0,0,0,0.18,2.89,-0.18,2.63,1.31,1.31,50,0,0,0.53,1.84,1.84,2.3,0.79,0.73,12.61,6.04,0,5.78,42.71,10.51,4.46,1.05,2.89,44,1.01,3.31,1.58,33,1.31,100,0.79,0,9.98,10.98,3.94,1.84,0.79,44.48,4.46,45,1.05,57,0.26,0,0,45.44,73,4.73,93,69,1.31,6.3,13,46,-27,56.12,4.73,0.36,0.42,40.71,94,6.86,14.97,2.1,1.58,0.53,0.26,4.2,5.78,0.26,13,0.79,17,0.26,12,68,19,16,53,32,20.38,22.06,1,98,1.67,20.42,21.68,0,0,0,0,0,,0,0,,0,0,0,0,0,0,18,6,4.86,35,0.04,0.2,-0.19,0.05,,0.1
Puso Dithejane,Chicago Fire,Major League Soccer,2026,540,Right Wing,South Africa,22,23/07/04,0.33,0.33,0.36,0.12,3,11,33,5,,0.49,0.17,0.16,1.5,0.17,0.16,1.5,0,0,0,0.5,0.52,4.5,-0.02,3.84,1.5,2.34,39,1.33,0.17,1.17,4.34,0.33,0.59,0.17,0.14,15.51,6.84,0,4.5,45.35,6.67,3.34,1,1.33,55,1.01,1.6,1,33,0.83,44,0.67,0,13.51,14.62,3.5,3.34,1.17,45.9,6,44,2.67,80,0.33,0,0,21.52,80,0.5,5,30,0.5,1.33,18,75,-5,63,2,0.41,0.81,27.52,81,5.91,10.01,1.5,1.5,0,1,8.17,9.67,0,0,0.17,17,1.67,15,67,18,10,70,20,15.13,13.92,0.93,99,-1.21,14.13,13.82,0,0,0,0,0,,0,0,,0,0,0,0,0,0,21,12,3.85,22,0.04,0.19,-0.01,0.2,,0.43
Rafael Cabral,Real Salt Lake,Major League Soccer,2026,2110,Goalkeeper,Brazil,36,19/05/90,0,0,0,,0,,,0,,0,0,0,0,0,0,0,0,0,0,0,0,0,0,0.04,0.04,0,100,0.04,0,0,0.04,0,0,0,0,0.04,0.04,0,6.53,2.62,3.8,0,0,0,0,0,0,0,50,0.04,,0,0.04,0.04,0.08,0,0,0,6.89,0,0,0,,0,0,0,31.91,79,5.89,13,45,3.28,9.94,23,76,-4,13.87,0.64,0.33,0.33,28.49,100,4.87,0.47,0,0,0,0,0,0,0.04,,0,,0,31,69,0,91,9,0,32.84,33.02,0.78,83,0.19,25.69,27.44,1.28,1.26,-0.02,64,65,-1,1.19,3.58,31,11.64,1.98,0.09,0.09,20.52,-2,18,3,1.88,13,0.07,0.07,-0.01,,-0.1,0.02
Rafael Mosquera,New York Red Bulls,Major League Soccer,2026,376,Right Wing,Panama,21,23/05/05,0,0,0.05,0.04,1.44,0,17,2,,0.03,0,0.14,1.92,0,0.08,1.2,0,0.05,0.72,0,0.19,3.35,-0.19,1.92,0.96,0.96,50,0.96,0,2.16,2.63,0.48,0.67,0.48,0.39,16.76,7.42,0,5.75,49.39,5.51,3.83,1.92,2.39,80,1.13,1.8,0.96,0,0.48,27,0.96,0,13.89,12.04,4.79,2.63,1.44,51.23,6.95,50,1.2,45,0.48,0,0,32.81,74,1.2,80,25,0.96,4.31,19,73,-1,67.24,2.63,0.36,0.4,33.77,88,3.95,15.57,2.63,1.68,0.96,0.72,3.11,4.79,0,9,0.24,25,0.24,15,69,16,17,68,15,17.75,14.34,0.83,88,-3.42,14.7,12.61,0,0,0,0,0,,0,0,,0,0,0,0,0,0,23,8,7.42,46,0.1,0.05,0.03,-0.05,,0.13
Rafael Navarro,Colorado Rapids,Major League Soccer,2026,2189,Centre Forward,Brazil,26,13/04/00,0.41,0.33,0.46,0.17,2.71,12,41,5,67,0.49,0.08,0.08,0.9,0.08,0.08,0.9,0,0,0,0.41,0.54,3.62,-0.13,1.19,0.86,0.33,72,2.59,0.08,2.18,2.51,0.53,0.66,0.33,0.41,27.59,14.72,0.01,7.15,65.77,3.95,2.38,1.27,1.81,82,1.51,2.17,1.85,30,0.29,42,0.9,0,24.47,29.9,6.66,4.65,1.6,67.79,19.7,81,3.78,81,0.21,0,0,19.28,75,0.99,10,69,0.45,1.32,21,71,-3,55.85,2.43,0.54,0.74,21.83,83,5.85,5.63,0.53,0.53,0,0.21,4.98,5.51,0.12,8,0.08,18,0.37,16,64,20,19,63,18,15.71,13.45,1,97,-2.27,15.72,13,0,0,0,0,0,,0,0,,0,0,0,0,0,0,26,8,3.88,28,-0.04,0.11,0.02,0.11,,0.19
Rafael Santos,St. Louis City,Major League Soccer,2026,1032,Left Wing Back,Brazil,28,04/02/98,0.09,0.09,0.06,0.05,1.22,7,50,1,,0.1,0.09,0.11,1.22,0,0.07,1.05,0.09,0.04,0.17,0.17,0.16,2.44,0.01,1.31,0.7,0.61,53,0.7,0,0.61,1.13,0.87,0.9,1.4,1.27,13.52,8.89,0.04,4.19,38.7,5.84,2.62,0.78,1.66,43,0.81,1.71,1.13,27,1.05,64,0.78,0,11.69,11.07,2.88,1.66,0.26,42.99,5.06,43,1.13,68,0.09,0,0,34.01,71,1.83,90,35,2.01,4.62,19,67,-4,58.53,4.19,0.35,0.48,31.74,95,4.71,10.99,1.4,1.22,0.17,0.09,1.66,2.88,0,69,1.05,27,0.17,19,59,22,11,56,33,19.28,16.3,0.89,89,-2.98,17.07,14.46,0,0,0,0,0,,0,0,,0,0,0,0,0,0,30,8,4.68,33,0.11,0.08,0.14,-0.02,,0.31
Raheem Edwards,Toronto FC,Major League Soccer,2026,824,Left Back,Canada,31,16/07/95,0,0,0.01,0.04,0.33,0,33,0,,0,0,0.05,0.44,0,0.05,0.44,0,0,0,0,0.06,0.76,-0.06,1.53,0.76,0.76,50,1.2,0,1.75,1.86,1.31,1.02,1.53,1.26,23.36,13.86,0.01,8.95,39.97,9.28,3.71,3.93,5.24,71,3.11,4.14,1.75,46,1.64,50,0.98,0,17.79,14,6.55,3.28,1.2,42.67,7.1,40,2.4,73,0.33,0,0.11,37.77,73,1.2,81,33,1.64,3.49,14,78,5,52.26,5.02,0.28,0.28,34.72,91,4.73,10.59,1.2,1.09,0.11,0.22,1.42,2.51,0,36,0.55,33,0.66,23,62,15,19,60,22,18.76,16.17,0.92,104,-2.6,17.23,16.77,0,0,0,0,0,,0,0,,0,0,0,0,0,0,24,9,4.07,33,0.08,0.06,0.02,-0.01,,0.15
Ralph Priso,Vancouver Whitecaps,Major League Soccer,2026,681,Left Centre Back,Canada,24,01/08/02,0.13,0.13,0.13,0.49,0.26,50,50,0,,0.13,0,0.15,0.66,0,0.15,0.66,0,0,0,0.13,0.28,0.93,-0.15,0.13,0,0.13,0,0.53,0,0.4,0.26,0.93,1.24,2.12,2.8,9.92,4.36,0.08,4.63,31.03,8.59,3.04,1.19,2.12,82,1.66,2.9,1.32,60,0.26,38,0.4,0,7.4,9.93,3.04,1.59,0.53,36.64,2.51,34,0.79,50,0,0,0,69.02,93,5.95,82,80,2.78,6.74,17,86,-7,38.09,6.88,0.86,1.06,61.08,99,4.38,10.84,0.53,0.53,0,0.26,1.98,2.51,0.4,25,0.13,100,0.66,18,79,3,27,72,1,21.34,20.86,0.98,98,-0.48,21.02,20.4,0,0,0,0,0,,0,0,,0,0,0,0,0,0,12,9,7.93,38,0.07,0.07,0.14,0.02,,0.3
Ramiro,FC Dallas,Major League Soccer,2026,1483,Left Defensive Midfielder,Brazil,33,21/05/93,0,0,0.02,0.05,0.49,0,13,0,,0,0.12,0.06,0.67,0.06,0.06,0.61,0.06,0,0.06,0.12,0.08,1.15,0.04,0.18,0.12,0.06,67,0.49,0,0.36,0.79,1.27,0.81,1.33,0.69,16.75,10.19,0.04,4,42.53,10.68,5.82,0.97,2.24,50,0.65,1.46,1.33,20,0.97,65,1.33,0.06,14.44,9.44,3.09,3.52,0.73,45.46,6.13,42,1.7,48,0.24,0,0,48.48,81,2.37,11,60,1.82,3.46,14,63,-18,49.4,5.46,0.4,0.44,33.25,97,2.85,11.59,0.42,0.42,0,0.18,0.67,1.09,0.06,29,0.12,40,0.12,27,67,6,35,62,4,16.8,15.4,0.95,90,-1.4,15.9,13.91,0,0,0,0,0,,0,0,,0,0,0,0,0,0,20,9,5.43,40,0.05,0.04,0.03,-0.02,,0.11
Ran Binyamin,FC Dallas,Major League Soccer,2026,799,Left Midfielder,Israel,22,05/02/04,0.11,0.11,0.09,0.09,1.01,11,33,2,,0.14,0.23,0.07,1.01,0.23,0.07,1.01,0,0,0,0.34,0.16,2.03,0.18,1.13,0.79,0.34,70,1.46,0.11,1.8,1.24,0.68,0.34,1.91,1.1,20.39,12.16,0.03,5.41,43.02,8.33,4.05,1.8,2.48,59,1.08,1.41,1.24,31,1.24,60,1.01,0,17.35,9.9,3.94,2.7,0.45,46.58,8.22,47,1.91,71,0.34,0,0,33.56,78,1.8,29,55,2.37,2.82,18,75,-4,55.32,3.83,0.26,0.38,29.74,91,5.52,11.04,0.56,0.56,0,0.34,2.48,3.04,0,20,0.23,40,0.56,16,67,16,15,68,16,17.39,14.71,0.94,102,-2.68,16.27,15.01,0,0,0,0,0,,0,0,,0,0,0,0,0,0,24,10,3.62,24,0,0.16,0.14,0,,0.3
Raul Gustavo,New York City FC,Major League Soccer,2026,1325,Left Centre Back,Brazil,27,23/04/99,0,0,0.03,0.06,0.48,0,29,0,,0.04,0,0,0.07,0,0,0.07,0,0,0,0,0.03,0.54,-0.03,0.54,0.34,0.2,63,0.54,0,0.2,0.61,1.02,1.11,4.75,6.15,8.29,4.35,0.06,5.03,23.52,8.01,1.7,1.49,2.51,76,1.78,2.88,0.88,64,0.48,56,1.97,0.14,5.98,6.81,2.51,1.09,0.61,29.58,0.95,16,0.34,31,0.2,0,0,64.8,86,7.61,88,62,7.06,9.98,13,71,-15,34.47,5.23,0.53,0.54,56.38,99,4.45,5.71,0.27,0.2,0.07,0,0.95,1.15,0,25,0.07,33,0,21,76,3,39,60,1,24.04,26.12,0.93,88,2.07,22.44,22.91,0,0,0,0,0,,0,0,,0,0,0,0,0,0,17,8,3.92,33,0.01,0.04,0.06,-0.01,,0.1
Rayan Elloumi,Vancouver Whitecaps,Major League Soccer,2026,455,Centre Forward,Tunisia,19,16/09/07,0.4,0.4,0.52,0.19,2.77,14,50,5,,0.68,0,0.1,1.19,0,0.1,1.19,0,0,0,0.4,0.62,3.96,-0.22,1.19,0.59,0.59,50,1.19,0,2.18,3.17,0.59,0.82,1.19,1.46,28.9,15.44,0,7.13,62.24,3.76,2.38,0.59,1.19,43,0.9,1.72,2.57,0,0.79,21,0.79,0,25.74,32.36,6.33,3.76,0.99,66.12,20.39,79,3.17,84,0,0,0,16.03,71,0.2,31,100,1.19,0.2,22,67,-4,62.23,2.38,0.2,0.74,17.62,78,5.2,6.73,0.79,0.79,0,0.4,7.13,7.92,0,0,0,0,0.99,6,83,11,6,85,9,14.22,12.06,1.05,103,-2.16,15,12.42,0,0,0,0,0,,0,0,,0,0,0,0,0,0,22,8,2.71,15,0,-0.04,0.01,0.19,,0.16
Reed Baker-Whiting,Nashville SC,Major League Soccer,2026,902,Left Back,USA,21,30/03/05,0.1,0.1,0.05,0.11,0.5,20,40,0,,0.07,0.1,0.03,0.3,0.1,0.03,0.3,0,0,0,0.2,0.08,0.8,0.11,0.5,0.4,0.1,80,0.3,0,0.4,0.9,0.6,0.62,2,2.14,13.57,7.39,0.05,3.69,33.21,7.19,2.4,0.9,1.5,45,0.93,1.55,0.5,23,1.1,63,1,0,12.28,13.35,2.4,1.6,0.4,37.21,3.89,32,1.2,75,0.1,0,0,35.53,83,2.2,49,55,2.79,3.19,12,76,-7,53.06,3.99,0.39,0.39,30.14,96,5.54,10.98,0.8,0.7,0.1,0.3,1.9,2.59,0,25,0.4,25,0.4,22,60,17,23,54,24,19.83,20.68,0.95,99,0.84,18.8,20.37,0,0,0,0,0,,0,0,,0,0,0,0,0,0,21,10,4.14,28,0.08,0.06,0,-0.04,,0.1
Reggie Cannon,Colorado Rapids,Major League Soccer,2026,994,Right Back,USA,28,10/06/98,0.18,0.18,0.02,0.07,0.27,67,100,0,,0.08,0,0.07,0.54,0,0.07,0.54,0,0,0,0.18,0.09,0.81,0.09,0.36,0.27,0.09,75,0.91,0,0.54,0.27,1.27,1.51,2.08,2.61,8.6,4.8,0.03,2.99,36.53,6.25,2.26,0.91,2.17,77,1.22,2.73,1.36,50,0.27,60,0.54,0,6.43,7.67,1.99,2.26,0.91,42.56,2.54,39,0.81,36,0.36,0,0,45.55,90,2.63,7,71,2.44,3.35,8,86,-5,47.4,2.72,0.44,0.5,39.66,98,4.17,7.97,0.81,0.81,0,0.09,1.27,2.08,0,22,0.45,38,0.27,18,67,14,18,60,22,18.17,17.35,0.97,95,-0.81,17.68,16.49,0,0,0,0,0,,0,0,,0,0,0,0,0,0,14,8,5.12,33,0.05,0.05,0.04,0.02,,0.16
Reid Roberts,San Jose Earthquakes,Major League Soccer,2026,2105,Left Centre Back,USA,23,08/12/03,0.09,0.09,0.07,0.15,0.47,18,36,0,,0.08,0,0.02,0.17,0,0.02,0.17,0,0,0,0.09,0.09,0.64,-0.01,0.09,0.09,0,100,0.56,0,0.17,0.09,0.81,0.69,2.78,2.65,12.91,8.17,0.06,5.56,29.85,10.82,3.38,1.58,2.39,82,1.56,2.24,0.81,68,0.34,39,1.07,0,10.52,9.67,3.89,1.11,0.51,33.96,2.22,21,0.38,35,0.3,0,0,48.49,87,4.49,79,68,3.68,5.69,12,71,-16,36.21,2.99,0.43,0.46,38.1,99,4.16,4.32,0.09,0.09,0,0.21,1.33,1.41,0,0,0,0,0.26,28,68,3,32,63,5,22.67,21.01,0.97,97,-1.66,22.03,20.44,0,0,0,0,0,,0,0,,0,0,0,0,0,0,17,8,4.58,29,0.07,0.05,-0.01,-0.01,,0.1
Richie Laryea,Toronto FC,Major League Soccer,2026,1835,Right Back,Canada,31,06/01/95,0.1,0.1,0.03,0.06,0.49,20,30,1,,0.04,0.05,0.06,0.49,0.05,0.06,0.49,0,0,0,0.15,0.09,0.98,0.05,0.83,0.44,0.39,53,3.38,0,0.83,1.47,0.64,0.53,1.42,1.02,15.55,7.99,0.02,5.54,36.58,7.41,3.09,1.81,2.45,73,1.38,1.91,1.23,36,0.69,36,0.44,0,12.51,9.31,4.32,1.96,0.83,39.82,4.17,33,1.13,57,0.2,0,0,29.67,78,2.11,23,54,1.77,3.58,12,76,-2,53,3.97,0.25,0.31,29.33,93,6.22,9.37,0.88,0.59,0.29,0.05,1.37,1.96,0.05,11,0.15,14,0.39,26,60,14,26,59,15,19.61,17.12,0.95,102,-2.5,18.56,17.46,0,0,0,0,0,,0,0,,0,0,0,0,0,0,22,9,3.01,24,0.05,0.13,0.03,-0.02,,0.19
Rob Holding,Colorado Rapids,Major League Soccer,2026,1675,Right Centre Back,England,31,19/09/95,0,0,0.07,0.18,0.38,0,14,0,,0.03,0,0.02,0.21,0,0.02,0.21,0,0,0,0,0.09,0.59,-0.09,0.11,0.11,0,100,0.05,0,0.27,0.32,1.29,1.57,3.01,3.59,7.52,4.67,0.1,3.49,27.96,8.06,2.26,1.24,2.53,85,1.39,2.96,0.54,50,0.21,65,1.67,0.11,5.75,6.77,2.31,1.29,0.43,32.75,1.5,26,0.38,29,0.11,0,0.11,72.43,91,7.25,16,69,4.24,9.3,12,78,-13,36.13,6.77,0.56,0.6,62.49,99,5.66,7.41,0.32,0.32,0,0,0.86,1.18,0.11,17,0.05,33,0.05,23,74,3,32,67,1,22.84,22.07,0.95,93,-0.77,21.68,20.53,0,0,0,0,0,,0,0,,0,0,0,0,0,0,12,7,4.12,31,0.05,0.08,0.11,-0.03,,0.21
Robert Lewandowski,Chicago Fire,Major League Soccer,2026,588,Centre Forward,Poland,38,20/08/88,0.77,0.61,0.39,0.14,2.75,22,44,6,100,0.57,0.15,0.05,0.77,0.15,0.05,0.77,0,0,0,0.77,0.44,3.52,0.32,0.92,0.46,0.46,50,2.14,0.15,1.38,2.3,0.15,0.19,0.92,0.91,12.85,5.2,0.01,3.52,62.23,2.6,1.84,0.15,0.31,33,0.13,0.32,1.22,50,0.31,50,0.77,0,11.63,11.37,2.6,1.99,0.92,66.59,9.64,83,1.53,77,0.15,0,0,17.29,82,1.07,16,78,1.07,1.22,25,73,-8,61.67,1.84,0.41,0.7,20.5,85,5.36,7.19,0.46,0.46,0,0.46,7.19,7.65,0.15,0,0,,0.46,14,60,26,15,64,21,15.8,13.93,1.01,91,-1.86,15.97,12.71,0,0,0,0,0,,0,0,,0,0,0,0,0,0,20,5,3.46,24,-0.04,0.07,-0.04,0.16,,0.15
Robert Taylor,LA Galaxy,Major League Soccer,2026,484,Left Midfielder,Finland,32,20/10/94,0.19,0.19,0.09,0.08,1.11,17,50,1,,0.27,0,0.09,1.3,0,0.08,1.11,0,0.01,0.19,0.19,0.18,2.42,0,2.42,1.49,0.93,62,1.11,0,1.49,3.9,2.42,1.96,0.19,0.12,7.99,2.6,0,2.23,50.69,4.09,2.42,0.19,2.6,50,0.24,2.19,0.19,0,0.19,40,0.74,0,7.62,6.39,1.67,3.72,1.3,59.2,5.2,68,2.79,75,0,0,0,30.85,70,2.97,7,53,0.37,5.39,10,56,-14,61.39,4.83,0.42,0.51,32.15,87,5.86,10.96,1.86,1.49,0.37,0.74,3.72,5.2,0.19,30,0.74,57,0.56,20,64,15,24,64,12,20.49,17.5,0.97,94,-3,19.8,16.51,0,0,0,0,0,,0,0,,0,0,0,0,0,0,30,8,5.07,39,0.04,0.08,0.03,0.18,,0.33
Robert Voloder,New York Red Bulls,Major League Soccer,2026,780,Left Centre Back,Germany,25,08/05/01,0,0,0.05,0.13,0.35,0,0,0,,0,0,0,0.12,0,0,0.12,0,0,0,0,0.05,0.46,-0.05,1.04,0.58,0.46,56,1.15,0,0.23,0.81,0.81,1,4.15,4.92,11.19,5.89,0.02,4.39,31.92,12.81,3.92,1.62,2.42,74,2.31,3.31,0.46,38,0.58,57,1.5,0,9.12,11.19,3.23,2.54,0.58,39.03,2.89,32,1.38,55,0.23,0,0,64.4,87,3.23,82,52,6,4.39,13,68,-18,40.9,6.35,0.4,0.41,52.74,98,6.17,7.16,0.12,0.12,0,0,0.58,0.69,0,0,0,,0,25,72,3,27,71,2,20.78,22.81,0.94,90,2.03,19.55,20.43,0,0,0,0,0,,0,0,,0,0,0,0,0,0,16,7,3.16,21,0.03,0.09,0.15,-0.02,,0.26
Robin Jansson,Orlando City,Major League Soccer,2026,1658,Left Centre Back,Sweden,35,14/11/91,0,0,0.03,0.53,0.05,0,100,0,,0.04,0,0,0,0,0,0,0,0,0,0,0.03,0.05,-0.03,0.05,0.05,0,100,0.49,0,0.16,0.11,0.54,0.58,3.31,3.15,4.56,2.06,0.06,3.42,19.25,5.97,1.41,0.38,0.92,58,0.33,0.91,0.43,55,0.27,46,0.33,0,3.75,3.76,1.85,0.54,0.11,27.48,0.38,10,0.11,20,0.16,0,0,49.83,91,2.77,82,54,3.69,4.78,9,86,-5,34.14,2.23,0.42,0.42,42.17,99,3.51,2.28,0.16,0.16,0,0,0.16,0.33,0.05,0,0,,0,25,74,1,43,55,2,21.45,19.13,0.92,93,-2.33,19.83,17.7,0,0,0,0,0,,0,0,,0,0,0,0,0,0,13,7,3.64,26,0.05,0.03,-0.03,0.02,,0.07
Robin Lod,Chicago Fire,Major League Soccer,2026,1460,Centre Attacking Midfielder,Finland,33,16/04/93,0.25,0.25,0.26,0.2,1.29,19,38,3,,0.18,0.18,0.15,1.29,0.18,0.15,1.29,0,0,0,0.43,0.4,2.59,0.03,0.86,0.31,0.55,36,0.92,0,1.11,2.84,0.55,0.55,0.68,0.54,22.13,11.78,0.02,5.98,54.99,4.81,3.08,1.85,2.4,77,1.83,2.38,2.03,27,0.55,35,1.05,0,18.25,17.26,4.93,3.88,1.48,56.32,11.16,61,2.84,73,0.18,0,0,22.19,74,0.43,67,64,0.86,0.49,23,65,-9,61.69,1.85,0.52,0.76,19.3,84,4.32,8.32,0.62,0.62,0,1.05,5.8,6.41,0.06,10,0.18,38,1.29,18,68,15,17,66,17,13.02,11.39,1.01,99,-1.63,13.09,11.31,0,0,0,0,0,,0,0,,0,0,0,0,0,0,24,8,4.16,30,-0.03,0.07,0.04,-0.02,,0.05
Rocco Novo,Inter Miami,Major League Soccer,2026,523,Goalkeeper,Argentina,24,03/06/02,0,0,0,,0,,,0,,0,0,0,0,0,0,0,0,0,0,0,0,0,0,0,0,0,,0,0,0,0.17,0,0,0,0,0,0,0,6.2,3.12,2.76,0,0,0,,0,0,0,,0,,0,0.17,0,0,0,0,0,,0,,0,,0,0,0,27.04,87,5.86,11,61,2.58,7.06,17,79,-9,10.6,0.17,0.17,0.17,24.45,100,3.59,0,0,0,0,0,0,0,0,,0,,0,24,75,1,,,,29.31,33.24,0.88,90,3.93,25.87,29.83,1.03,1.29,0.25,70,63,7,1.28,3.44,32,10.85,1.99,0,0,19.71,2,11,1,0.67,4,0.03,0.08,,,0.24,0.35
Rodolfo Aloko,Charlotte,Major League Soccer,2026,545,Right Wing,Benin,20,25/12/06,0.17,0.17,0.18,0.11,1.65,10,30,4,,0.17,0.17,0.2,0.83,0.17,0.2,0.83,0,0,0,0.33,0.38,2.48,-0.05,2.48,0.99,1.49,40,1.49,0,2.15,3.3,0.66,0.52,0.33,0.19,26.09,12.88,0.01,5.12,48.68,6.28,2.97,1.65,2.31,71,1.35,1.87,1.98,43,0.66,26,0.83,0,22.63,19.28,3.63,3.8,0.66,50.32,11.56,51,3.14,83,0,0,0,19.49,70,0.5,23,38,0.5,1.16,23,59,-11,64.05,1.82,0.31,0.61,23.62,80,6.89,7.6,0.5,0.5,0,0.5,4.46,4.95,0,67,0.5,20,0.83,13,60,27,11,57,33,18.53,15.64,0.93,86,-2.89,17.23,13.52,0,0,0,0,0,,0,0,,0,0,0,0,0,0,22,8,3.09,23,0.03,0.16,0.03,0,,0.22
Rodrigo De Paul,Inter Miami,Major League Soccer,2026,1845,Right Defensive Midfielder,Argentina,32,23/05/94,0.2,0.2,0.09,0.08,1.22,16,40,1,,0.12,0.29,0.3,2.05,0.29,0.29,1.95,0,0.01,0.1,0.49,0.39,3.27,0.09,1.07,0.63,0.44,59,1.9,0,1.37,1.41,0.83,1.05,0.49,0.55,13.61,8.83,0.01,3.81,50.3,6.83,3.66,0.63,1.46,41,0.85,1.89,0.54,17,0.93,33,0.05,0.05,12.44,15.57,3.07,2.2,0.59,52.65,6.83,55,1.66,76,0.24,0,0,68.2,84,6.2,3,71,1.07,8.1,11,79,-5,53.36,9.81,0.93,1.15,63.86,96,5.58,19.22,2.2,2.15,0.05,0.24,1.85,4,0.68,22,0.73,42,0.39,17,74,9,22,72,6,20.63,17.4,0.99,107,-3.23,20.51,18.69,0,0,0,0,0,,0,0,,0,0,0,0,0,0,16,8,8.98,54,0.15,0.15,0.04,0,,0.33
Roman Bürki,St. Louis City,Major League Soccer,2026,2091,Goalkeeper,Switzerland,36,13/11/90,0,0,0,,0,,,0,,0,0,0,0.04,0,0,0.04,0,0,0,0,0,0.04,0,0.04,0.04,0,100,0.17,0,0,0,0,0,0,0,0.09,0.09,0,5.98,2.38,2.84,0,0,0,0,0,0,0,100,0.04,,0,0,0.09,0.06,0.04,0,0,18.86,0,0,0,,0.04,0,0,22.04,80,5.16,25,48,2.8,7.96,22,77,-3,13.06,0.99,0.24,0.24,18.98,100,4.47,0.6,0,0,0,0,0,0,0,,0,,0,41,59,0,64,36,0,34.76,36.77,0.77,79,2.01,26.6,28.91,1.16,1.33,0.17,64,59,5,0.95,3.23,31,10.46,1.49,0.09,0.09,24.53,-2,19,4,1.74,12,0.08,0.05,0,,0.06,0.19
Roman Celentano,Cincinnati,Major League Soccer,2026,2035,Goalkeeper,USA,26,13/09/00,0,0,0,,0,,,0,,0,0,0,0,0,0,0,0,0,0,0,0,0,0,0.04,0.04,0,100,0.04,0,0,0,0,0,0.04,0.02,0.22,0.04,0,8.45,2.01,2.7,0,0,0,0,0,0,0.18,0,0.09,,0,0.09,0.04,0.04,0.04,0,0,7.37,0,0,0,,0,0,0,17.56,80,4.95,12,50,1.24,8.76,12,77,-3,9.33,0.35,0.18,0.18,15.79,99,4.4,0.18,0,0,0,0,0,0,0,,0,,0,41,59,0,100,0,0,34.38,34.6,0.81,84,0.22,27.7,29.08,1.72,1.61,-0.11,63,65,-2,1.33,4.6,34,13.44,1.69,0.18,0.13,13.61,-2,21,5,1.13,7,0.04,0.07,-0.05,,-0.21,-0.15
Ronald Donkor,New York Red Bulls,Major League Soccer,2026,2093,Right Centre Midfielder,Mali,22,19/11/04,0.04,0.04,0.1,0.16,0.64,7,33,1,,0.1,0.17,0.15,1.5,0.17,0.15,1.5,0,0,0,0.21,0.25,2.15,-0.04,1.76,1.42,0.34,80,1.07,0,2.02,1.5,0.3,0.31,0.56,0.5,19.99,10.32,0.02,5.89,48,7.91,4.69,1.33,1.63,69,1.43,1.74,1.72,42,0.6,50,0.56,0,16.94,17.53,4.94,4.73,1.42,50.09,8.77,52,3.31,70,0.3,0,0,42.95,84,2.41,9,78,1.03,2.62,16,75,-9,57.59,7.44,0.72,0.87,40.63,92,5.85,17.84,1.81,1.81,0,0.52,2.41,4.21,0.09,2,0.09,13,0.64,22,68,9,25,67,8,17.51,15.01,0.99,100,-2.51,17.38,15.02,0,0,0,0,0,,0,0,,0,0,0,0,0,0,17,8,6.82,48,0.03,0.1,0.03,0.02,,0.18
Ronaldo Vieira,San Jose Earthquakes,Major League Soccer,2026,1598,Right Defensive Midfielder,England,28,18/07/98,0,0,0.06,0.06,1.01,0,22,1,,0.03,0,0.07,0.68,0,0.07,0.68,0,0,0,0,0.13,1.69,-0.13,0.51,0.23,0.28,44,0.96,0,0.9,0.84,0.79,0.73,1.69,1.45,13.46,8.39,0.03,4.11,40.78,10.59,5.52,1.58,2.37,88,1.49,2.23,1.8,64,0.23,50,0.84,0.06,10.08,9.55,2.93,1.8,0.39,45.49,3.94,39,0.68,38,0.23,0,0,35.37,83,3.38,18,69,2.82,3.77,19,73,-10,47.97,3.89,0.42,0.44,29.29,94,4.38,7.49,0.51,0.51,0,0.11,1.24,1.75,0.11,11,0.06,25,0.23,21,71,9,23,69,8,20.87,19.93,0.97,100,-0.94,20.21,19.93,0,0,0,0,0,,0,0,,0,0,0,0,0,0,19,7,4.66,28,0.03,0.05,0.04,-0.03,,0.1
Rudy Camacho,Columbus Crew,Major League Soccer,2026,1755,Right Centre Back,France,35,04/03/91,0,0,0.03,0.09,0.31,0,67,0,,0.05,0,0.01,0.15,0,0.01,0.15,0,0,0,0,0.04,0.46,-0.04,0.41,0.31,0.1,75,0.26,0,0.31,0.26,1.13,1.37,3.18,4.21,7.9,4.36,0.07,3.9,27.4,11.33,3.13,0.92,2.05,67,1.15,2.53,1.08,40,0.46,55,1.9,0.05,5.9,7.74,2.77,1.28,0.62,32.92,1.38,23,0.41,32,0.31,0,0,74.76,91,5.02,3,70,3.9,6.46,6,77,-14,35.95,5.18,0.48,0.48,59.99,99,4.93,6.15,0.15,0.15,0,0.05,0.92,1.08,0,0,0,0,0.1,23,74,3,34,64,2,20.86,20.67,0.97,92,-0.18,20.17,19,0,0,0,0,0,,0,0,,0,0,0,0,0,0,16,10,4.18,32,0.07,0.07,0.02,-0.02,,0.13
Ryan Gauld,Vancouver Whitecaps,Major League Soccer,2026,541,Right Wing,Scotland,31,15/12/95,0.33,0.33,0.22,0.08,2.66,13,25,2,,0.35,0,0.16,2,0,0.09,0.83,0,0.07,1.17,0.33,0.38,4.66,-0.05,0.83,0.33,0.5,40,1,0,0.33,1.67,1,1.41,0.33,0.46,25.64,15.65,0.05,8.49,59.97,6.99,4.66,1.83,2.83,65,2.58,3.98,1.83,44,1,33,0.5,0,21.98,32.27,7.16,3.83,1.83,61.11,16.32,74,3.16,83,0.33,0,0,50.78,80,4.5,79,56,1,7.33,14,83,3,64.85,5.99,0.56,0.67,44.96,97,4.21,24.48,3.66,1.83,1.83,0.67,6.99,8.82,0.83,14,1,33,0.83,12,72,16,16,71,12,19.99,19.67,0.92,95,-0.32,18.41,18.73,0,0,0,0,0,,0,0,,0,0,0,0,0,0,15,3,11.79,60,-0.02,0.1,0.03,0.06,,0.17
Ryan Hollingshead,LAFC,Major League Soccer,2026,1521,Right Back,USA,35,15/04/91,0.06,0.06,0.13,0.13,0.95,6,13,1,,0.09,0,0.06,0.89,0,0.06,0.77,0,0,0.12,0.06,0.18,1.83,-0.12,0.65,0.47,0.18,73,0.83,0,0.71,0.89,1.83,1.54,1.66,0.97,13.49,6.92,0.03,4.67,32.96,7.1,2.6,1.42,3.25,69,1.23,2.77,1.3,45,0.65,71,1.42,0.06,10.89,8.89,3.55,1.72,1.06,35.78,2.84,26,0.89,52,0.12,0,0,41,84,2.07,32,63,1.89,3.08,13,70,-14,51.76,4.67,0.47,0.53,33.25,96,4.45,12.01,0.53,0.47,0.06,0.35,2.54,3.02,0.12,44,0.3,45,0.41,21,62,17,26,54,20,17.65,15.97,0.96,102,-1.69,17,16.34,0,0,0,0,0,,0,0,,0,0,0,0,0,0,19,11,4.94,30,0.06,0.04,0.03,-0.04,,0.09
Ryan Porteous,LAFC,Major League Soccer,2026,1954,Right Centre Back,Scotland,27,24/03/99,0,0,0.03,0.06,0.46,0,10,0,,0.01,0,0.03,0.28,0,0.03,0.28,0,0,0,0,0.06,0.74,-0.06,0.14,0.09,0.05,67,0.83,0,0.18,0.14,1.47,1.15,4.33,3.29,9.86,5.07,0.06,4.84,22.6,7.92,2.07,1.7,3.18,82,1.58,2.73,0.78,67,0.37,80,1.8,0.05,7.37,6.43,3.27,1.15,0.46,29.18,1.47,20,0.41,36,0.14,0,0,54.86,89,4.56,6,61,5.21,6.63,11,82,-6,38.95,5.07,0.46,0.48,44.22,99,3.5,6.73,0.18,0.18,0,0.09,0.83,1.01,0.05,50,0.09,40,0.09,23,75,2,21,77,1,23.21,22.3,0.93,92,-0.91,21.66,20.45,0,0,0,0,0,,0,0,,0,0,0,0,0,0,14,7,4.91,30,0.1,0.04,0.08,-0.03,,0.18
Ryan Raposo,LAFC,Major League Soccer,2026,427,Right Back,Canada,27,04/03/99,0,0,0.1,0.07,1.47,0,0,1,,0,0,0.09,1.26,0,0.08,1.05,0,0.01,0.21,0,0.19,2.74,-0.19,0.42,0.21,0.21,50,2.53,0,0.42,1.69,0.84,0.6,1.9,2.05,14.75,8.43,0.04,4,32.44,6.32,3.16,1.26,2.11,86,1.67,2.28,1.69,50,0.21,60,1.26,0,12.01,12.94,2.95,2.74,0.63,37.18,3.16,26,1.47,54,0.42,0,0,46.13,85,2.95,10,56,2.74,4.42,12,72,-12,55.34,3.79,0.33,0.48,43.6,96,3.43,14.75,1.26,1.05,0.21,0.21,3.16,4.21,0,50,0.84,22,0.42,15,69,16,10,69,21,19.19,18.85,0.94,80,-0.34,18.05,15.14,0,0,0,0,0,,0,0,,0,0,0,0,0,0,17,6,5.14,28,0.02,0.06,-0.06,-0.11,,-0.09
Saba Lobjanidze,Atlanta United,Major League Soccer,2026,703,Right Wing,Georgia,32,17/12/94,0.26,0.26,0.23,0.08,2.95,9,48,5,,0.51,0,0.13,1.54,0,0.11,1.15,0,0.02,0.38,0.26,0.35,4.48,-0.1,1.67,0.77,0.9,46,0.13,0,1.54,2.69,0.38,0.42,0.13,0.16,12.3,6.66,0,2.95,60.13,3.46,2.18,0.38,0.77,50,0.48,0.9,0.38,0,0.38,40,0.26,0,11.53,12.33,2.82,2.69,1.02,59.37,7.94,69,2.31,86,0,0,0,21.9,62,0.64,14,26,0.26,2.31,12,42,-20,68.78,1.67,0.39,0.57,24.72,85,8,9.09,1.41,0.77,0.64,0.64,6.28,7.04,0,9,0.38,17,1.28,12,70,19,13,65,23,16.68,13.84,0.92,127,-2.84,15.3,17.54,0,0,0,0,0,,0,0,,0,0,0,0,0,0,32,8,5.9,42,-0.09,0.15,0,0.19,,0.25
Sam Junqua,Real Salt Lake,Major League Soccer,2026,1086,Left Centre Back,USA,30,08/11/96,0,0,0.02,0.04,0.41,0,40,0,,0.02,0.08,0.07,0.41,0.08,0.06,0.33,0,0,0.08,0.08,0.08,0.83,0,0.08,0.08,0,100,0.83,0,0.17,0.08,0.66,0.5,2.73,1.9,10.94,6.13,0.04,3.65,29.94,7.21,1.66,1.24,1.91,88,1.26,1.76,0.83,60,0.17,60,1.24,0,8.87,8.03,2.57,1.24,0.58,34.97,2.49,28,0.58,47,0.17,0,0,44.42,83,4.31,74,58,3.31,6.88,8,63,-21,36.82,3.81,0.46,0.48,37.12,99,3.36,5.05,0.41,0.25,0.17,0.08,0.66,0.91,0.17,60,0.33,31,0.08,29,67,4,31,69,0,22.2,20.43,0.91,108,-1.77,20.25,22.02,0,0,0,0,0,,0,0,,0,0,0,0,0,0,20,8,3.86,34,0.11,0.03,-0.02,-0.02,,0.1
Sam Rogers,Chicago Fire,Major League Soccer,2026,431,Right Centre Back,USA,27,16/05/99,0,0,0.03,0.08,0.42,0,0,0,,0,0,0,0,0,0,0,0,0,0,0,0.03,0.42,-0.03,0,0,0,,0.63,0,0,0.21,1.46,1.82,3.76,4.07,8.15,4.39,0.08,3.34,25.13,9.2,1.67,1.25,2.72,86,1.26,3.08,0.84,67,0.21,43,0.63,0,6.06,6.17,2.09,0.84,0.42,31.96,1.25,21,0.21,25,0.42,0,0,71.49,93,3.34,25,59,4.81,4.6,9,70,-23,33.77,3.14,0.47,0.47,62.5,100,3.78,4.18,0.21,0.21,0,0,0.84,1.05,0,0,0,,0,30,68,2,45,55,0,20.17,19.74,0.97,103,-0.43,19.52,20.29,0,0,0,0,0,,0,0,,0,0,0,0,0,0,16,11,3.89,31,0.02,0.08,0.11,-0.04,,0.16
Sam Sarver,FC Dallas,Major League Soccer,2026,410,Right Wing Back,USA,23,02/03/03,0.66,0.66,0.47,0.26,1.76,38,50,3,,0.73,0,0.11,0.44,0,0.11,0.44,0,0,0,0.66,0.58,2.2,0.08,0.44,0.22,0.22,50,3.08,0,1.98,2.64,1.1,0.93,1.32,0.81,18.46,9.01,0.02,3.74,45.16,4.39,2.2,2.2,3.3,77,1.48,2.41,1.76,50,0.66,42,1.76,0,14.5,9.01,2.86,3.08,0.44,47.79,6.37,44,1.98,64,0.88,0,0,22.63,55,1.1,8,50,1.76,1.76,22,38,-18,58.7,2.42,0.51,0.76,20.87,81,7.34,6.37,0.88,0.88,0,0.22,3.3,4.17,0,75,0.88,44,0.44,25,64,11,28,66,7,16.67,17.74,1.01,83,1.07,16.85,14.69,0,0,0,0,0,,0,0,,0,0,0,0,0,0,41,10,4.37,31,0.04,0.09,0.02,0.33,,0.48
Sam Surridge,Nashville SC,Major League Soccer,2026,1428,Centre Forward,England,28,27/07/98,0.82,0.63,0.38,0.18,2.14,29,56,5,100,0.62,0,0.04,0.44,0,0.04,0.44,0,0,0,0.63,0.42,2.58,0.21,0.63,0.25,0.38,40,1.32,0.06,0.76,1.26,0.38,0.36,0.32,0.27,13.55,7.44,0.01,3.09,64.92,3.09,2.02,0.44,0.82,58,0.53,0.89,0.82,17,0.32,42,1.95,0,12.29,15.28,2.84,2.71,0.76,67.41,10.27,84,2.4,88,0.13,0,0,16.39,67,0.69,14,69,0.38,0.95,25,57,-10,58.99,1.13,0.43,0.64,13.8,88,4.9,4.66,0.32,0.32,0,0.44,6.18,6.49,0.06,20,0.19,33,0.63,13,64,24,18,55,27,15.71,13.6,1.03,112,-2.11,16.26,15.21,0,0,0,0,0,,0,0,,0,0,0,0,0,0,29,7,2.65,20,-0.07,0.08,0,0.15,,0.17
Samuel Gidi,Cincinnati,Major League Soccer,2026,1736,Right Centre Back,Ghana,22,14/04/04,0,0,0.01,0.04,0.16,0,0,0,,0,0,0.05,0.62,0,0.05,0.62,0,0,0,0,0.05,0.78,-0.05,1.04,0.47,0.57,45,1.35,0,0.78,1.24,1.97,1.97,2.54,2.55,13.94,8.86,0.06,5.81,33.98,9.43,3.63,1.24,3.21,49,1.32,3.29,0.73,37,1.3,45,0.78,0,11.97,11.75,4.1,2.54,0.88,37.61,3.58,30,1.45,57,0.16,0,0,53.45,86,4.46,16,62,3.06,6.64,13,80,-6,43.37,4.92,0.6,0.6,45.67,96,5.05,7.78,0.41,0.31,0.1,0.1,0.21,0.52,0.16,0,0,0,0.05,25,69,7,30,64,6,20.91,18.14,0.95,101,-2.76,19.92,18.33,0,0,0,0,0,,0,0,,0,0,0,0,0,0,16,8,6.15,38,0.07,0.08,0.07,0,,0.2
Samuel Piette,CF Montreal,Major League Soccer,2026,822,Centre Defensive Midfielder,Canada,32,11/11/94,0,0,0,0.03,0.11,0,100,0,,0,0,0.04,1.09,0,0.04,1.09,0,0,0,0,0.05,1.2,-0.05,0.11,0.11,0,100,0.99,0,0.55,0.55,1.09,0.78,1.42,1.26,23.1,13.69,0.08,8.21,41.67,11.28,5.36,2.41,3.5,63,2.3,3.08,1.42,35,1.42,67,1.09,0,19.27,15.45,6.13,4.05,1.2,44.07,7.34,38,2.19,54,0.44,0,0,46.31,89,2.19,19,69,1.64,2.96,14,83,-5,49.57,4.6,0.32,0.33,33.39,97,2.44,10.62,0.55,0.55,0,0.11,0.33,0.88,0,20,0.11,33,0.11,24,68,8,27,69,4,17.15,15.85,0.98,100,-1.31,16.73,15.78,0,0,0,0,0,,0,0,,0,0,0,0,0,0,16,9,5.71,40,0.07,0.05,0.05,0,,0.17
Sang-Bin Jeong,St. Louis City,Major League Soccer,2026,913,Right Attacking Midfielder,South Korea,24,31/03/02,0.2,0.2,0.29,0.18,1.58,13,31,2,,0.36,0,0.12,1.28,0,0.12,1.28,0,0,0,0.2,0.41,2.86,-0.21,1.68,0.79,0.89,47,1.08,0,2.17,3.25,0.1,0.1,0.49,0.52,19.33,8.97,0,4.14,62.01,4.44,2.56,0.79,0.89,80,0.65,0.76,0.99,33,0.2,47,0.69,0,17.55,16.02,4.04,2.96,0.2,62.88,12.72,72,2.56,87,0.1,0,0,34.41,79,0.59,10,32,0.59,1.77,12,73,-5,66.35,3.45,0.74,0.85,34.12,87,4.73,15.88,1.77,1.77,0,1.08,5.72,7.49,0,11,0.49,28,1.48,18,63,19,18,64,18,15.61,13.23,0.95,101,-2.38,14.77,13.34,0,0,0,0,0,,0,0,,0,0,0,0,0,0,23,10,5.94,37,0.05,0.14,-0.01,0.14,,0.31
Santiago Moreno,FC Dallas,Major League Soccer,2026,952,Left Midfielder,Colombia,26,20/04/00,0.19,0.09,0.1,0.07,1.51,6,44,2,100,0.27,0.19,0.2,2.17,0,0.16,1.7,0.19,0.04,0.47,0.28,0.3,3.69,-0.02,1.7,0.66,1.04,39,0.66,0,2.17,3.21,0.66,0.47,0.47,0.32,20.6,10.96,0.04,5.95,52.48,6.52,3.69,1.32,1.98,82,1,1.47,1.23,75,0.28,32,0.57,0,18.05,11.15,4.91,3.02,0.85,54.15,11.06,61,1.98,66,0.09,0,0,37.52,74,3.4,4,65,0.76,4.91,20,67,-7,58.92,6.14,0.41,0.56,38.09,87,5.87,13.89,2.93,2.17,0.76,0.09,1.98,4.16,0.57,3,0.38,27,0.38,15,69,16,18,68,14,18.56,16.97,0.99,102,-1.59,18.38,17.33,0,0,0,0,0,,0,0,,0,0,0,0,0,0,25,7,7.46,51,0.11,0.1,0.04,0.14,,0.38
Sean Johnson,DC United,Major League Soccer,2026,2212,Goalkeeper,USA,37,30/05/89,0,0,0,,0,,,0,,0,0,0,0,0,0,0,0,0,0,0,0,0,0,0.04,0.04,0,100,0.08,0,0,0,0,0,0.08,0.04,0,0,0,6.88,2.29,3.21,0,0,0,0,0,0,0,50,0.04,,0,0,0,0,0,0,0,,0,,0,,0,0,0,16.48,59,4.43,26,30,2.56,12.29,13,47,-12,10.71,0.81,0.1,0.1,13.43,100,4.14,0.37,0.08,0.08,0,0,0,0.08,0,0,0,,0,49,51,0,89,11,0,43.71,45.58,0.69,78,1.87,30.29,35.4,1.3,1.5,0.2,69,64,5,1.2,4.19,34,12.45,1.5,0.2,0.16,16.97,-1,30,2,1.39,10,0.08,0.05,0,,-0.02,0.12
Sean Nealis,DC United,Major League Soccer,2026,356,Left Centre Back,USA,29,12/01/97,0,0,0,,0,,,0,,0,0,0,0,0,0,0,0,0,0,0,0,0,0,0,0,0,,0.76,0,0,0.25,1.26,0.78,7.83,3.61,10.11,4.3,0.04,4.3,21.66,8.84,2.02,1.01,2.27,100,0.67,1.45,0.76,100,0,73,2.02,0,8.34,3.8,2.78,1.26,0.76,28.13,1.26,15,0.76,60,0,0,0,36.38,86,0.76,35,30,8.08,2.27,7,73,-14,35.71,1.01,0.23,0.23,27.29,99,3.79,1.77,0,0,0,0.25,1.01,1.01,0,,0,,0.25,26,71,3,57,29,14,19.69,19.72,0.93,112,0.03,18.32,22.15,0,0,0,0,0,,0,0,,0,0,0,0,0,0,15,7,3.41,29,-0.01,0.02,0.02,,,0.03
Sean Zawadzki,Columbus Crew,Major League Soccer,2026,2338,Left Centre Back,USA,26,20/04/00,0,0,0.02,0.06,0.31,0,13,0,,0.01,0,0.01,0.15,0,0.01,0.15,0,0,0,0,0.02,0.46,-0.02,0.31,0.15,0.15,50,0.39,0,0.27,0.5,0.96,1.13,2.39,2.97,11.28,6.93,0.02,5.01,30.59,8.66,2.35,1.77,2.73,70,2.39,3.52,0.65,42,0.77,65,1.5,0,8.86,11.47,3.54,1.85,0.77,35.71,2.58,29,0.92,50,0.12,0,0,58.33,92,1.96,39,54,2.93,3.12,10,82,-10,39.66,3.97,0.42,0.43,47.51,99,4.93,6.81,0.08,0.08,0,0.12,0.77,0.85,0.04,0,0,0,0.15,20,74,6,25,67,8,18.74,20.74,0.95,91,2,17.89,18.8,0,0,0,0,0,,0,0,,0,0,0,0,0,0,15,9,3.8,30,0.02,0.07,0.08,-0.02,,0.15
Sebastian Berhalter,Vancouver Whitecaps,Major League Soccer,2026,1244,Right Defensive Midfielder,USA,25,09/05/01,0.43,0.36,0.2,0.08,2.39,15,24,2,100,0.21,0.29,0.37,2.82,0.14,0.14,0.72,0.14,0.24,2.1,0.65,0.57,5.21,0.08,0.22,0.14,0.07,67,1.45,0,0.94,0.87,0.51,0.64,0.72,0.81,21.27,11.58,0.01,6.37,46.72,9.77,5.43,2.68,3.18,82,3.05,3.69,2.17,43,0.58,56,0.72,0,16.42,18.2,4.77,4.12,1.52,48.49,7.89,48,1.88,46,0.22,0,0,57.88,80,9.12,10,57,2.1,14.61,15,82,2,55.28,10.06,0.89,1.06,49.77,98,4.22,19.61,4.56,1.66,2.89,0.07,1.88,3.54,0.14,19,1.09,34,0.14,17,72,11,23,68,9,24.57,19.94,0.9,96,-4.63,22.09,19.23,0,0,0,0,0,,0,0,,0,0,0,0,0,0,18,7,12.33,62,0.42,0.09,0.02,-0.05,,0.48
Sebastian Gomez,Seattle Sounders,Major League Soccer,2026,417,Right Wing,USA,20,20/05/06,0,0,0.11,0.07,1.51,0,14,2,,0.05,0.22,0.17,1.29,0.22,0.17,1.29,0,0,0,0.22,0.28,2.8,-0.06,1.73,0.65,1.08,38,1.08,0,2.16,2.37,0.65,0.49,1.29,0.8,23.95,11.43,0.03,7.12,46.99,5.83,2.59,1.29,1.94,60,1,1.5,1.51,20,0.86,29,0.43,0,21.14,16.35,5.39,4.96,1.51,50.39,10.36,49,3.02,61,0.22,0,0,27.61,77,0.22,16,13,1.73,1.29,24,77,0,56.79,3.02,0.4,0.61,29.34,87,5.79,8.85,0.22,0.22,0,0.86,5.18,5.39,0,100,0.86,80,1.51,18,64,18,10,71,20,16.44,13.89,0.9,85,-2.54,14.74,11.75,0,0,0,0,0,,0,0,,0,0,0,0,0,0,30,13,4.4,33,0.06,0.06,0.08,-0.07,,0.13
Sebastien Ibeagha,FC Dallas,Major League Soccer,2026,1590,Right Centre Back,USA,34,20/01/92,0.06,0.06,0.04,0.14,0.28,20,60,0,,0.05,0,0,0.06,0,0,0.06,0,0,0,0.06,0.04,0.34,0.02,0.06,0,0.06,0,0.57,0,0,0.17,0.68,0.44,5.32,3.28,6.23,3.62,0.03,3.28,22.37,8.15,1.36,1.02,1.7,86,0.68,1.13,0.62,70,0.17,64,1.58,0.11,4.64,3.21,1.92,0.57,0.34,33.27,1.13,24,0.28,50,0.11,0,0,26.88,79,2.38,15,53,5.55,4.24,11,74,-5,38.01,2.21,0.18,0.21,18.17,99,3.28,2.32,0.34,0.11,0.23,0,0.68,0.79,0,67,0.23,31,0,31,65,3,54,44,2,23.19,18.76,0.93,98,-4.43,21.67,18.36,0,0,0,0,0,,0,0,,0,0,0,0,0,0,24,8,3.49,25,0.07,0.01,0.07,0,,0.16
Sekou Bangoura,Columbus Crew,Major League Soccer,2026,714,Left Defensive Midfielder,Guinea,24,04/04/02,0.13,0.13,0.14,0.19,0.76,17,33,0,,0.14,0,0.01,0.25,0,0.01,0.25,0,0,0,0.13,0.15,1.01,-0.02,1.26,0.76,0.5,60,2.02,0,1.76,0.88,1.26,1.63,0.25,0.35,16.64,8.57,0.06,5.8,44.51,10.33,3.78,2.27,3.53,69,3.2,4.83,2.39,47,1.01,71,0.63,0,11.97,16.84,3.78,4.28,1.64,46.93,5.67,47,2.14,50,0.38,0,0,53.81,87,3.4,15,73,0.5,4.41,14,89,2,49.31,4.79,0.47,0.48,48.27,95,3.5,11.85,0.5,0.5,0,0.13,0.88,1.39,0,25,0.13,50,0.13,13,72,14,16,76,9,19.13,16.43,0.98,102,-2.7,18.7,16.69,0,0,0,0,0,,0,0,,0,0,0,0,0,0,15,8,4.06,33,-0.05,0.09,0.07,0.05,,0.16
Sergi Palencia,LAFC,Major League Soccer,2026,671,Right Back,Spain,30,22/03/96,0.13,0.13,0.04,0.1,0.4,33,33,0,,0.07,0,0.01,0.54,0,0.01,0.54,0,0,0,0.13,0.06,0.94,0.08,0.8,0.4,0.4,50,0.67,0,0.54,0.94,0.54,0.49,1.74,1.8,15.95,9.92,0.01,5.36,37.42,6.57,2.81,1.88,2.41,74,1.91,2.4,2.01,67,0.67,22,0.27,0,12.06,9.81,3.35,2.14,0.27,39.76,3.62,30,1.21,56,0.27,0,0,40.75,81,1.07,14,36,2.28,2.41,14,68,-13,51.92,5.09,0.3,0.32,33.24,96,4.03,10.86,0.4,0.4,0,0,1.74,2.14,0,33,0.13,7,0.13,21,65,14,26,59,15,18.29,18.25,0.93,85,-0.04,17.03,15.47,0,0,0,0,0,,0,0,,0,0,0,0,0,0,20,9,4.65,34,0.04,0.06,0.03,-0.03,,0.1
Sergi Solans,Real Salt Lake,Major League Soccer,2026,1574,Centre Forward,Spain,23,25/02/03,0.51,0.51,0.53,0.2,2.69,19,40,6,,0.47,0.23,0.13,1.03,0.23,0.13,1.03,0,0,0,0.74,0.67,3.72,0.08,1.2,0.51,0.69,43,1.32,0,1.89,3.49,0.17,0.12,0.69,0.5,17.15,7.89,0.01,3.72,65.39,3.77,2.57,0.57,0.74,63,0.6,0.72,1.54,40,0.34,45,1.89,0,15.1,13.89,3.14,3.03,1.03,69.18,12.69,84,2.8,92,0.06,0,0,15.15,72,0.63,13,58,0.69,1.09,28,57,-15,60.24,1.09,0.39,0.82,16.12,76,3.9,4.69,0.63,0.63,0,0.23,6,6.63,0.11,9,0.11,50,1.03,12,64,24,10,70,21,14.4,10.52,1.02,119,-3.88,14.72,12.55,0,0,0,0,0,,0,0,,0,0,0,0,0,0,28,8,3.61,23,-0.03,0.01,0.01,0.04,,0.03
Sergio Córdova,St. Louis City,Major League Soccer,2026,558,Centre Forward,Venezuela,29,08/08/97,0.16,0.16,0.11,0.1,1.13,14,29,2,,0.2,0,0.01,0.48,0,0.01,0.48,0,0,0,0.16,0.12,1.61,0.04,0.48,0.32,0.16,67,2.58,0,1.45,1.94,0.48,0.53,0.65,0.67,19.04,10.97,0,5.33,58.69,4.68,1.78,1.61,2.1,100,1.38,1.9,1.13,100,0,56,2.42,0,16.3,13.82,3.87,1.94,0.65,61.42,10.49,64,1.61,83,0.16,0,0,20.17,62,0.32,15,22,0.97,1.13,28,36,-26,67.07,1.13,0.38,0.55,20.01,82,4.78,8.07,0.48,0.48,0,0.32,4.2,4.68,0,33,0.32,18,0.48,22,60,18,16,64,20,16.05,15.47,0.9,89,-0.58,14.5,13.76,0,0,0,0,0,,0,0,,0,0,0,0,0,0,41,9,2.95,22,0.01,0.02,-0.02,0,,0.02
Sergio Reguilón,Inter Miami,Major League Soccer,2026,785,Left Back,Spain,30,15/12/96,0.11,0.11,0.06,0.07,0.8,14,29,0,,0.08,0,0.2,1.38,0,0.15,0.92,0,0.05,0.46,0.11,0.26,2.18,-0.14,0.69,0.11,0.57,17,0.92,0,0.57,1.49,1.15,1.47,1.6,2.12,12.49,5.85,0.04,6.88,35.17,8.37,3.55,1.03,2.18,47,1.27,2.73,1.49,36,1.15,40,0.46,0,10.2,12.11,4.7,2.41,0.8,39.19,3.09,30,0.92,38,0.34,0,0,49.98,78,3.67,94,56,2.29,5.85,11,70,-9,48.62,4.81,0.76,0.84,43.79,97,4.31,10.77,2.18,1.6,0.57,0.46,2.98,4.58,0,37,1.26,44,0.69,24,65,11,20,67,13,19.75,18.27,0.96,103,-1.49,19.04,18.75,0,0,0,0,0,,0,0,,0,0,0,0,0,0,26,14,7.37,43,0.25,0.11,0.01,0.05,,0.41
Shak Mohammed,Nashville SC,Major League Soccer,2026,547,Right Midfielder,Ghana,23,26/08/03,0.49,0.49,0.23,0.15,1.48,33,56,3,,0.46,0,0.04,0.49,0,0.04,0.49,0,0,0,0.49,0.26,1.98,0.23,0.33,0.33,0,100,1.15,0,1.98,0.99,0.16,0.25,0.16,0.13,18.61,10.87,0,4.61,48.78,6.75,3.29,1.81,1.98,69,2.22,2.48,1.65,17,0.82,33,0.82,0,15.32,16.82,4.12,4.45,1.48,49.59,8.23,54,3.13,70,0.33,0,0,29.31,78,0.49,5,100,0.16,0.49,23,79,1,61.73,2.31,0.35,0.45,26.84,91,6.06,11.69,0.66,0.66,0,0.49,4.61,5.27,0,25,0.66,33,0.82,9,71,20,15,65,20,14.46,14.19,1.03,104,-0.27,14.91,14.74,0,0,0,0,0,,0,0,,0,0,0,0,0,0,19,7,3.97,37,0.02,0.09,0.02,0.2,,0.33
Shapi Suleymanov,Sporting Kansas City,Major League Soccer,2026,1140,Right Midfielder,Russia,27,15/12/99,0.08,0.08,0.1,0.06,1.74,5,36,2,,0.1,0.08,0.06,0.79,0.08,0.04,0.47,0,0.03,0.32,0.16,0.16,2.53,0,0.55,0.47,0.08,86,1.66,0,0.79,1.03,0.39,0.27,1.18,0.79,13.42,7.81,0.01,3.08,48.94,6.55,3,0.95,1.34,80,0.6,0.87,0.79,50,0.24,47,0.71,0,11.68,8.7,2.37,1.74,0.63,53.41,6.24,53,1.18,68,0.16,0,0,30.23,85,2.29,81,74,1.42,2.84,13,84,-2,55.46,2.45,0.34,0.44,27.39,95,5.42,9.08,1.18,0.79,0.39,0.24,2.21,3,0.16,33,0.39,29,0.32,12,65,23,13,73,14,18.48,15.92,0.97,105,-2.56,18.02,16.71,0,0,0,0,0,,0,0,,0,0,0,0,0,0,14,6,4.03,41,0,0.11,0.02,-0.01,,0.12
Shaq Moore,FC Dallas,Major League Soccer,2026,2176,Right Centre Back,USA,30,01/11/96,0.04,0.04,0.01,0.04,0.33,13,50,0,,0.03,0.04,0.02,0.21,0.04,0.02,0.17,0,0,0.04,0.08,0.03,0.54,0.05,0.54,0.37,0.17,69,0.91,0,0.21,0.5,0.87,0.51,2.69,1.85,11.71,6.37,0.07,4.72,29.5,8.32,2.07,1.53,2.4,79,1.01,1.52,1.08,57,0.41,44,0.62,0.04,9.1,6.3,3.23,1.08,0.21,34.14,2.23,25,0.66,62,0.17,0,0,34.25,83,2.28,20,47,3.56,3.93,10,73,-10,41.07,2.9,0.25,0.27,28.83,98,4.55,4.14,0.54,0.41,0.12,0.08,0.79,1.2,0,31,0.25,29,0.17,27,67,6,25,66,9,21.46,23.48,0.9,84,2.02,19.4,19.62,0,0,0,0,0,,0,0,,0,0,0,0,0,0,23,9,3.51,26,0.07,0.07,0.06,0,,0.19
Silvan Hefti,DC United,Major League Soccer,2026,1945,Right Back,Switzerland,29,24/10/97,0.05,0.05,0.03,0.06,0.42,11,22,1,,0.03,0.09,0.07,0.56,0.09,0.07,0.56,0,0,0,0.14,0.1,0.97,0.04,0.19,0.14,0.05,75,0.37,0,0.65,0.46,1.02,0.6,2.18,1.15,18.6,10.32,0.02,6.48,34.38,8.38,3.42,3.01,4.03,75,1.7,2.3,1.25,62,1.02,43,1.11,0,14.49,8.39,5.04,2.45,1.02,38.13,4.3,30,1.67,68,0.23,0.05,0,28.05,72,1.62,14,48,2.96,2.59,17,62,-10,48.69,3.19,0.31,0.38,21.47,95,5.27,6.25,1.02,0.83,0.19,0.23,1.25,2.08,0.05,32,0.56,36,0.28,35,55,10,29,64,7,19.76,18.25,0.93,93,-1.51,18.45,17.04,0,0,0,0,0,,0,0,,0,0,0,0,0,0,32,13,3.19,22,0.1,0.07,0.08,-0.01,,0.24
Simon Becher,St. Louis City,Major League Soccer,2026,1935,Centre Forward,USA,27,19/07/99,0.33,0.33,0.43,0.16,2.7,12,36,5,,0.41,0.19,0.14,0.88,0.19,0.14,0.88,0,0,0,0.51,0.57,3.58,-0.06,1.12,0.56,0.56,50,1.86,0,2.19,3.07,0.05,0.05,1.07,1.06,24.27,10.09,0.02,5.02,65.46,4.09,2.6,0.47,0.51,71,0.4,0.45,1.91,20,0.19,43,2.33,0,21.9,21.91,4.84,4.28,1.21,68.2,18.27,83,3.67,86,0.09,0,0,17.86,70,0.47,11,67,1.21,0.56,34,65,-5,63.01,1.63,0.51,0.83,18.41,77,4.61,6.79,0.6,0.6,0,0.42,8.09,8.7,0.09,8,0.05,14,0.84,19,61,19,18,63,19,13.83,12.4,1.03,98,-1.42,14.25,12.2,0,0,0,0,0,,0,0,,0,0,0,0,0,0,33,9,3.1,22,-0.04,-0.03,0,0.05,,-0.02
Snyder Brunell,Seattle Sounders,Major League Soccer,2026,1472,Right Defensive Midfielder,USA,19,26/03/07,0,0,0.11,0.08,1.41,0,39,1,,0.08,0.06,0.09,0.67,0.06,0.09,0.67,0,0,0,0.06,0.2,2.08,-0.14,0.67,0.37,0.31,55,0.67,0,2.14,1.65,1.28,1.35,1.1,1.06,14.8,7.89,0.05,4.28,43.79,8.38,4.89,1.28,2.57,58,1.45,2.8,1.16,26,0.92,41,0.79,0.06,12.35,12.34,3.18,2.75,0.79,48.7,5.81,47,2.14,78,0.18,0,0,41.89,83,0.92,13,41,1.53,1.83,14,74,-9,55.58,4.16,0.5,0.6,37.73,91,4.44,13.57,1.28,1.28,0,0.49,3.79,5.08,0.12,5,0.12,25,0.61,22,63,15,18,68,14,16.39,16.04,0.95,92,-0.35,15.51,14.72,0,0,0,0,0,,0,0,,0,0,0,0,0,0,20,9,4.78,33,0.02,0.07,0.03,-0.04,,0.08
Son Heung-Min,LAFC,Major League Soccer,2026,1914,Centre Forward,South Korea,34,07/07/92,0.24,0.24,0.31,0.08,3.71,6,25,5,,0.34,0.42,0.23,2.07,0.38,0.2,1.65,0.05,0.03,0.42,0.66,0.53,5.78,0.13,2.73,1.13,1.6,41,1.69,0,1.74,2.73,0.14,0.18,0.24,0.2,17.49,8.75,0,3.34,67.47,4.28,3.06,0.56,0.71,63,0.49,0.67,0.38,13,0.33,9,0.05,0.05,16.55,15.04,3.15,2.59,0.71,68.92,14.01,85,2.21,85,0.09,0,0,25.44,84,1.74,13,71,0.52,2.16,21,82,-2,65.92,4,0.47,0.75,30.71,86,6.49,14.11,1.88,1.36,0.52,0.42,5.31,6.68,0.24,3,0.28,32,0.89,15,64,21,19,65,15,16.88,14.12,0.96,99,-2.76,16.15,13.95,0,0,0,0,0,,0,0,,0,0,0,0,0,0,20,11,6.78,41,0.06,0.14,0,0.04,,0.24
Stefan Cleveland,Sporting Kansas City,Major League Soccer,2026,1389,Goalkeeper,USA,32,24/05/94,0,0,0,,0,,,0,,0,0,0,0,0,0,0,0,0,0,0,0,0,0,0,0,0,,0.06,0,0,0,0,0,0.06,0.04,0.19,0.06,0,7.97,2.51,3.04,0,0,0,0,0,0,0,100,0.06,,0,0.06,0.19,0.21,0.06,0,0,5.32,0,0,0,,0,0,0,22.87,76,6.22,59,49,3.17,9.59,20,69,-7,11.37,0.45,0.21,0.21,19.37,100,4.45,0.26,0,0,0,0,0,0,0,,0,,0,37,63,0,100,0,0,35.73,37.17,0.81,80,1.45,28.84,29.91,1.88,1.74,-0.14,55,58,-3,1.47,4.15,32,12.89,1.93,0.19,0.19,16.38,-1,20,4,1.24,10,0.06,0.09,0,,-0.24,-0.09
Stephen Afrifa,Sporting Kansas City,Major League Soccer,2026,590,Right Wing,Canada,25,18/02/01,0.46,0.46,0.28,0.14,1.98,23,62,3,,0.6,0,0.05,0.76,0,0.05,0.76,0,0,0,0.46,0.33,2.75,0.13,2.29,1.37,0.92,60,1.37,0,2.29,2.9,0,0,0.61,0.45,20.45,10.99,0,4.27,48.84,5.34,3.51,1.68,1.68,73,1.28,1.28,1.68,20,0.61,25,0.61,0,17.09,13.83,3.51,3.2,0.76,50.84,8.85,52,2.75,86,0.15,0,0,24.26,83,1.22,15,100,0.61,1.22,20,76,-7,61.69,2.75,0.5,0.63,27.47,86,5.54,10.68,0.15,0.15,0,1.22,6.26,6.41,0,0,0.31,25,1.37,11,63,26,10,59,31,15.73,12.32,0.98,103,-3.41,15.48,12.65,0,0,0,0,0,,0,0,,0,0,0,0,0,0,19,9,3.75,31,-0.04,0.11,0.04,0.28,,0.39
Stephen Eustáquio,LAFC,Major League Soccer,2026,664,Right Defensive Midfielder,Canada,30,20/12/96,0.14,0.14,0.02,0.03,0.81,17,33,0,,0.06,0.14,0.01,0.41,0.14,0.01,0.27,0,0,0.14,0.27,0.03,1.22,0.24,0.54,0.27,0.27,50,0.95,0,1.63,0.41,1.22,1.07,0.68,0.82,18.44,11.93,0.01,6.78,42.05,8.81,4.2,1.76,2.98,48,1.98,3.05,1.36,32,1.9,57,0.54,0,15.32,15.01,5.15,3.39,1.49,43.26,6.1,40,2.58,76,0,0,0,67.12,88,6.1,12,76,1.49,7.19,13,89,1,52.32,5.83,0.34,0.35,55.87,96,3.18,17.63,0.95,0.95,0,0.14,1.36,2.31,0,14,0.14,25,0.41,16,73,11,18,72,9,19.39,19.57,0.96,100,0.18,18.61,19.6,0,0,0,0,0,,0,0,,0,0,0,0,0,0,15,8,4.39,32,-0.01,0.07,0.02,0,,0.09
Steven Alzate,Atlanta United,Major League Soccer,2026,573,Left Centre Midfielder,Colombia,28,07/09/98,0,0,0.05,0.09,0.63,0,25,0,,0.01,0,0.06,1.1,0,0.06,1.1,0,0,0,0,0.12,1.73,-0.12,0.47,0.47,0,100,1.1,0,0.94,0.63,0.63,0.47,0.94,1.06,18.05,9.57,0,5.34,49.67,5.02,2.04,1.88,2.51,92,2.07,2.54,1.57,83,0.16,0,0,0.16,14.6,17.44,4.71,4.87,1.73,53.26,8.32,57,2.98,61,0.16,0,0,47.87,89,3.14,8,74,1.1,4.08,12,86,-3,50.89,4.39,0.58,0.59,43.95,96,4.8,14.13,0.47,0.31,0.16,0.16,0.63,0.94,0,0,0.16,17,0.31,12,75,13,19,70,11,18.11,15.22,0.95,92,-2.89,17.14,13.96,0,0,0,0,0,,0,0,,0,0,0,0,0,0,15,8,6.78,48,-0.02,0.09,0.04,-0.05,,0.06
Steven Moreira,Columbus Crew,Major League Soccer,2026,1937,Right Back,Cape Verde Islands,32,12/08/94,0,0,0.02,0.04,0.56,0,25,0,,0.01,0,0.04,0.56,0,0.04,0.51,0,0,0.05,0,0.06,1.11,-0.06,0.56,0.33,0.23,58,0.42,0,1.25,0.93,1.02,1.33,1.07,1.3,10.82,5.48,0.01,4.69,35.39,6.32,2.18,1.11,2.14,67,1.52,2.85,0.51,40,0.56,53,0.42,0,9.2,12.11,3.62,1.9,0.88,37.71,3.07,33,0.93,49,0.05,0,0,56.58,90,3.16,10,69,1.72,3.9,13,85,-5,47.25,6.23,0.48,0.51,52.4,96,4.15,14.59,0.6,0.56,0.05,0.09,0.88,1.44,0,15,0.14,21,0.09,23,68,9,29,59,12,18,18.1,0.98,99,0.1,17.63,18,0,0,0,0,0,,0,0,,0,0,0,0,0,0,17,10,4.68,37,0.04,0.08,0.04,-0.02,,0.14
Stian Gregersen,Atlanta United,Major League Soccer,2026,1073,Right Centre Back,Norway,31,16/05/95,0,0,0.03,0.08,0.34,0,0,0,,0,0,0.01,0.17,0,0.01,0.17,0,0,0,0,0.04,0.5,-0.04,0.08,0.08,0,100,1.01,0,0,0.17,1.26,1.18,4.95,5.22,8.64,3.44,0.04,5.03,24.19,7.3,1.84,1.59,2.85,83,1.73,2.91,1.01,70,0.34,72,1.93,0,6.04,6.66,2.6,1.09,0.5,33.39,1.59,26,0.84,77,0.25,0,0,54.08,91,2.6,7,62,5.7,3.44,7,78,-13,35.53,3.35,0.46,0.48,41.67,100,3.55,3.94,0.08,0,0.08,0.08,1.17,1.17,0.17,0,0.08,50,0.25,23,74,3,36,62,2,20,21.69,0.96,88,1.69,19.11,19.06,0,0,0,0,0,,0,0,,0,0,0,0,0,0,10,6,3.01,25,0.05,0.05,0.09,-0.03,,0.15
Stijn Spierings,Real Salt Lake,Major League Soccer,2026,1201,Right Defensive Midfielder,Netherlands,30,11/03/96,0.07,0.07,0.06,0.06,1.05,7,36,1,,0.04,0.07,0.08,0.75,0.07,0.08,0.75,0,0,0,0.15,0.14,1.8,0.01,0.3,0.15,0.15,50,0.82,0,0.9,0.45,1.2,1.3,1.05,0.93,19.27,11.17,0.02,5.77,43.68,10.72,6.22,2.7,3.9,88,2.63,3.93,1.87,71,0.37,57,0.97,0.15,14.77,15.38,4.72,3.45,1.57,47.89,6.97,47,2.02,59,0.15,0,0,55.02,89,3.67,10,69,1.42,4.95,11,79,-11,51.11,6.22,0.84,0.9,43.85,97,3.16,14.54,0.82,0.75,0.07,0.3,1.2,1.95,0.3,27,0.22,60,0.37,16,74,10,15,79,5,18.75,15.71,0.96,101,-3.04,18.08,15.91,0,0,0,0,0,,0,0,,0,0,0,0,0,0,12,5,6.18,40,0.05,0.07,0.04,-0.02,,0.14
Stuart Hawkins,Seattle Sounders,Major League Soccer,2026,633,Left Centre Back,USA,20,17/09/06,0.14,0.14,0.06,0.08,0.71,20,20,0,,0.07,0,0.02,0.28,0,0.02,0.28,0,0,0,0.14,0.08,0.99,0.06,0,0,0,,0.28,0,0.14,0.28,1.14,0.99,3.55,3.15,10.66,5.4,0.05,4.26,30.72,6.39,1.99,1.56,2.7,92,1.15,2.14,0.71,67,0.14,36,1.42,0,8.38,6.21,3.55,1.85,0.85,35.27,2.27,27,1.14,62,0,0,0,44.62,84,1.99,10,47,4.4,3.41,13,65,-19,37.53,2.27,0.4,0.44,34.39,99,4.23,4.55,0.43,0.43,0,0.14,1.71,2.13,0,33,0.14,100,0.14,34,64,2,41,53,6,20.14,20.09,0.95,102,-0.05,19.09,20.52,0,0,0,0,0,,0,0,,0,0,0,0,0,0,17,8,2.53,18,0.05,0.06,0.04,0.02,,0.17
Sébastian Breza,CF Montreal,Major League Soccer,2026,402,Goalkeeper,Canada,28,14/03/98,0,0,0,,0,,,0,,0,0,0,0,0,0,0,0,0,0,0,0,0,0,0,0,0,,0.22,0,0,0,0,0,0,0,0,0,0,9.18,2.72,2.46,0,0,0,,0,0,0,100,0,,0,0.22,0,0,0,0,0,,0,,0,,0.22,0,0,20.61,85,4.48,21,54,2.02,6.27,19,80,-5,12.77,0,0.16,0.16,18.14,100,4.74,0,0,0,0,0,0,0,0,,0,,0,21,79,0,,,,27.45,28.62,0.85,91,1.17,23.31,26.17,0.67,1.15,0.48,79,63,15,1.61,3.14,21,15.01,2.13,0.67,0.67,15.44,-2,15,5,1.08,10,0.05,0.05,,,-0.1,0
Tadeo Allende,Inter Miami,Major League Soccer,2026,484,Right Wing,Argentina,27,19/02/99,0,0,0.18,0.1,1.67,0,44,3,,0.17,0,0.05,0.93,0,0.05,0.93,0,0,0,0,0.23,2.6,-0.23,0.93,0.74,0.19,80,0.56,0,1.12,1.3,0.19,0.29,0.56,0.8,9.67,4.09,0,2.05,57.74,3.53,2.23,0.74,0.93,57,1.2,1.5,1.12,0,0.56,73,1.49,0,7.81,11.51,1.67,3.16,1.12,59.08,5.58,71,2.42,76,0.56,0,0,26.79,69,0.56,19,60,0.74,0.74,19,63,-6,65.92,1.3,0.79,0.85,23.25,91,5.01,10.79,1.12,1.12,0,0.74,6.7,7.81,0,33,0.93,36,0.93,8,73,19,9,72,19,14.51,12.55,1.05,100,-1.95,15.17,12.57,0,0,0,0,0,,0,0,,0,0,0,0,0,0,33,8,4.85,26,-0.04,0.03,0,-0.02,,-0.02
Tah Anunga,Cincinnati,Major League Soccer,2026,633,Left Defensive Midfielder,Cameroon,30,09/08/96,0,0,0,0.03,0.14,0,100,0,,0.05,0,0,0.28,0,0,0.28,0,0,0,0,0.01,0.43,-0.01,0.71,0.57,0.14,80,1.42,0,1.42,0.85,0.57,0.38,0.71,0.73,23.05,15.22,0.02,7.4,38.58,9.11,3.41,2.7,3.27,76,2.52,2.89,0.85,14,0.85,60,0.43,0.14,19.49,17.55,5.69,3.84,1.42,39.51,6.12,31,1.57,41,0.14,0,0,44.39,90,2.28,7,67,0.85,3.27,15,96,5,45.36,2.99,0.33,0.33,40.55,95,4.14,6.83,0,0,0,0.14,0.28,0.28,0.14,,0.14,50,0.14,14,76,10,19,79,2,18.82,15.88,0.98,104,-2.94,18.37,16.48,0,0,0,0,0,,0,0,,0,0,0,0,0,0,13,6,2.48,15,-0.04,0.09,0.03,0,,0.08
Taha Habroune,Columbus Crew,Major League Soccer,2026,1733,Left Midfielder,USA,20,04/02/06,0.1,0.1,0.12,0.12,1.04,10,40,1,,0.12,0.16,0.21,1.82,0.16,0.19,1.71,0,0.01,0.1,0.26,0.33,2.86,-0.07,1.77,0.73,1.04,41,1.14,0,2.13,2.44,0.73,0.98,0.42,0.53,21.14,10.54,0.03,6.44,54.32,6.54,4.15,2.13,2.86,75,2.78,3.76,1.3,43,0.73,28,0.26,0,17.76,23.08,5.56,3.79,1.19,56.48,11.11,63,2.39,63,0.16,0,0,45.6,82,0.93,9,49,0.52,1.82,15,74,-7,59.15,5.09,0.51,0.62,44.2,92,4.8,17.4,1.61,1.56,0.05,0.73,4.15,5.71,0.21,3,0.31,21,0.99,19,64,17,19,65,16,15.15,12.98,0.96,99,-2.16,14.5,12.87,0,0,0,0,0,,0,0,,0,0,0,0,0,0,19,7,5.46,42,0.04,0.08,0.04,-0.01,,0.15
Tai Baribo,DC United,Major League Soccer,2026,1522,Right Centre Forward,Israel,28,14/01/98,0.71,0.53,0.39,0.18,2.19,24,35,5,100,0.36,0,0.05,0.77,0,0.05,0.77,0,0,0,0.53,0.44,2.96,0.09,0.53,0.3,0.24,56,1.42,0,0.95,2.36,0.35,0.18,0.3,0.15,19.39,8.04,0,4.2,60.85,5.08,2.72,0.89,1.24,63,0.56,0.75,1.6,25,0.53,34,2.54,0,16.97,9.72,3.78,3.61,0.71,62.46,11.82,70,2.9,80,0.18,0,0,17.97,74,0.65,18,65,0.41,0.89,27,71,-3,56.27,1.66,0.34,0.57,14.07,85,3.35,5.62,0.18,0.18,0,0.41,5.5,5.68,0.12,0,0.06,17,0.53,13,68,19,13,78,9,15.52,12.85,1.05,105,-2.66,16.36,13.56,0,0,0,0,0,,0,0,,0,0,0,0,0,0,22,6,3.13,24,-0.04,0.04,-0.01,0.08,,0.07
Talles Magno,New York City FC,Major League Soccer,2026,530,Centre Forward,Brazil,24,25/06/02,0.34,0.34,0.48,0.12,3.91,9,39,5,,0.46,0.17,0.07,0.34,0.17,0.07,0.34,0,0,0,0.51,0.54,4.25,-0.03,2.04,1.36,0.68,67,2.21,0,1.87,3.06,0.34,0.49,1.02,1.25,20.22,9.52,0,3.91,61.74,4.25,2.72,0.85,1.19,71,0.92,1.41,1.87,33,0.34,48,2.04,0,17.84,18.52,3.74,4.08,1.02,64.66,13.93,78,3.06,75,0.17,0,0,21.58,73,1.02,17,55,1.7,1.19,25,50,-23,60.17,2.89,0.65,0.92,26.51,83,6.32,6.63,1.02,1.02,0,0.51,8.84,9.86,0,0,0.17,33,0.68,16,65,19,15,74,10,15.94,14.46,1,103,-1.48,15.99,14.83,0,0,0,0,0,,0,0,,0,0,0,0,0,0,30,9,5.95,36,-0.04,0.08,0.01,-0.18,,-0.14
Tarun Karumanchi,Columbus Crew,Major League Soccer,2026,413,Right Defensive Midfielder,USA,23,31/03/03,0,0,0.01,0.06,0.22,0,0,0,,0,0,0.05,0.87,0,0.05,0.87,0,0,0,0,0.06,1.09,-0.06,0.44,0,0.44,0,0.87,0,0.65,1.74,0.65,0.85,1.74,2.42,27.7,16.79,0.02,9.81,44.05,7.85,4.58,3.93,4.58,82,4.57,5.41,1.96,50,0.87,75,1.31,0,21.81,24.91,7.85,4.14,1.74,44.62,8.07,37,1.74,42,0.44,0,0,45.8,94,1.53,17,70,1.96,1.96,16,91,-2,48.6,4.36,0.35,0.37,38.17,94,2.84,10.25,0.44,0.44,0,0.22,0.65,1.09,0,0,0,,0.22,15,73,12,21,70,9,16.38,15.46,0.97,97,-0.92,15.94,14.92,0,0,0,0,0,,0,0,,0,0,0,0,0,0,12,8,2.99,33,0.03,0.03,0.02,-0.01,,0.08
Tate Johnson,Vancouver Whitecaps,Major League Soccer,2026,1827,Left Back,USA,21,09/07/05,0,0,0,0.02,0.2,0,0,0,,0,0,0.09,0.99,0,0.09,0.99,0,0,0,0,0.09,1.18,-0.09,0.49,0.34,0.15,70,1.82,0,0.54,0.89,0.94,1.09,0.99,1.34,11.78,5.52,0.03,5.22,39.28,9.36,4.34,1.63,2.56,75,2.26,3.35,1.08,57,0.54,40,0.59,0,9.16,11.75,3.79,2.37,0.89,43.94,4.39,48,1.63,69,0.1,0,0,53.86,86,4.48,92,69,1.43,6.06,9,78,-8,51.65,8.18,0.65,0.7,48.19,98,4.51,17.39,1.23,1.18,0.05,0.05,0.94,2.12,0,16,0.3,22,0.2,22,68,10,25,65,11,20.53,18.35,0.98,100,-2.18,20.02,18.32,0,0,0,0,0,,0,0,,0,0,0,0,0,0,15,7,6.68,36,0.11,0.09,0.08,0,,0.28
Taylor Calheira,Sporting Kansas City,Major League Soccer,2026,692,Right Centre Forward,USA,24,25/04/02,0.26,0.26,0.42,0.17,2.47,11,47,4,,0.4,0.13,0.18,1.04,0.13,0.18,1.04,0,0,0,0.39,0.6,3.51,-0.21,1.3,0.65,0.65,50,1.04,0,0.91,2.86,0.13,0.19,0.52,0.4,19.25,9.36,0.03,4.03,63.87,5.33,4.03,0.65,0.78,71,0.74,0.93,0.52,33,0.26,31,1.43,0,18.08,17.62,3.9,2.08,0.91,66.3,14.05,78,1.56,75,0.13,0,0,21.07,79,0.65,17,63,0.52,1.04,19,81,2,61.12,1.69,0.57,0.9,20.16,88,4.43,9.36,0.65,0.65,0,0.65,7.28,7.93,0.26,0,0.13,100,0.91,21,61,17,22,67,11,13.65,13.06,0.98,101,-0.59,13.4,13.22,0,0,0,0,0,,0,0,,0,0,0,0,0,0,27,12,4.64,29,-0.02,0.02,0.02,0.11,,0.14
Tayvon Gray,New York City FC,Major League Soccer,2026,1952,Right Back,Jamaica,24,18/08/02,0.05,0.05,0.03,0.05,0.55,8,33,0,,0.06,0.05,0.06,0.6,0.05,0.06,0.6,0,0,0,0.09,0.09,1.15,0,0.78,0.65,0.14,82,0.92,0,0.69,0.88,1.15,1.22,1.89,2.09,15.35,8.48,0.02,5.21,31.31,8.07,2.67,2.12,3.27,84,2.26,3.48,1.15,58,0.41,44,0.74,0.05,12.13,12.64,3.92,2.26,0.78,34.83,3.27,27,0.97,43,0.23,0.05,0,50.91,82,3.83,16,50,3.04,6.5,13,76,-6,44.25,5.03,0.4,0.44,46.62,97,3.83,8.25,0.97,0.92,0.05,0.05,0.6,1.52,0.23,43,0.46,33,0.09,28,61,11,34,56,10,21.29,21.64,0.91,93,0.35,19.35,20.07,0,0,0,0,0,,0,0,,0,0,0,0,0,0,21,12,4.04,29,0.1,0.05,0.05,0.01,,0.22
Teenage Hadebe,Cincinnati,Major League Soccer,2026,399,Left Centre Back,Zimbabwe,31,16/09/95,0,0,0.15,0.22,0.68,0,0,0,,0,0,0.05,0.45,0,0.05,0.45,0,0,0,0,0.2,1.13,-0.2,0.68,0.68,0,100,0.45,0,0.68,0.23,0.23,0.26,4.28,4.49,9.46,4.73,0.11,6.08,25.41,10.14,3.61,0.9,1.13,100,1.08,1.34,0.68,,0,63,2.25,0.23,7.89,8.91,3.38,1.58,0.9,31.24,2.03,26,0.68,43,0.23,0,0,52.28,86,2.03,92,50,5.18,3.15,10,78,-9,40.64,4.28,0.66,0.84,43.04,98,4.25,7.21,0.45,0.45,0,0.23,1.35,1.8,0,50,0.23,50,0.23,27,66,7,31,66,3,20.71,20.42,0.97,102,-0.28,20.11,20.8,0,0,0,0,0,,0,0,,0,0,0,0,0,0,20,12,6.15,39,0.13,0.05,0.05,-0.18,,0.06
Telasco Segovia,Inter Miami,Major League Soccer,2026,1869,Left Centre Midfielder,Venezuela,23,01/04/03,0.14,0.14,0.16,0.14,1.16,13,25,1,,0.17,0.39,0.14,1.4,0.29,0.12,0.91,0.1,0.02,0.48,0.53,0.3,2.55,0.23,1.73,1.06,0.67,61,0.63,0,0.91,1.59,0.43,0.47,0.29,0.36,17.77,9.73,0.01,5.44,45.53,8.67,4.38,1.54,1.97,62,1.79,2.26,1.78,32,0.96,40,0.29,0.05,14.49,18.03,4.53,4.24,1.73,47.32,6.31,44,2.17,51,0.39,0,0,48.64,91,4.05,6,82,0.72,4.48,18,86,-5,53.27,4.96,0.7,0.84,43.77,95,5.04,14.59,1.25,1.01,0.24,0.39,2.12,3.13,0.1,8,0.1,67,0.67,14,74,13,18,73,9,18.39,16.3,0.99,100,-2.09,18.26,16.3,0,0,0,0,0,,0,0,,0,0,0,0,0,0,13,8,6.58,39,0.06,0.12,-0.01,0.02,,0.2
Theo Corbeanu,Toronto FC,Major League Soccer,2026,683,Right Midfielder,Canada,24,16/05/02,0.13,0.13,0.07,0.06,1.32,10,20,2,,0.02,0.26,0.24,1.45,0.26,0.24,1.45,0,0,0,0.4,0.31,2.77,0.08,2.51,1.05,1.45,42,0.4,0,1.45,2.9,0.66,0.4,0.66,0.42,12.26,5.14,0,3.03,50.93,4.62,3.03,0.92,1.58,58,0.74,1.14,0.79,29,0.66,56,0.66,0,10.55,7.95,2.37,1.98,0.53,54.31,6.59,63,1.19,60,0.13,0,0,26.5,74,0.66,64,42,0.66,1.58,14,76,2,69.61,3.69,0.34,0.48,29.41,88,9.54,12.92,1.58,1.58,0,1.05,3.56,5.14,0,50,1.71,33,1.19,7,68,25,6,63,31,17.77,15.96,0.92,104,-1.81,16.33,16.57,0,0,0,0,0,,0,0,,0,0,0,0,0,0,22,8,3.38,29,0.2,0.22,0.03,-0.09,,0.37
Thiago Martins,New York City FC,Major League Soccer,2026,1849,Right Centre Back,Brazil,31,16/03/95,0,0,0,0.04,0.05,0,0,0,,0,0,0.02,0.1,0,0.02,0.1,0,0,0,0,0.02,0.15,-0.02,0.19,0.15,0.05,75,0.1,0,0.24,0.24,0.58,0.65,3.5,4.27,4.19,2.24,0.08,3.36,18.98,11.1,1.51,0.58,1.17,75,0.64,1.3,0.39,33,0.19,70,1.56,0.1,3.21,3.79,1.7,0.92,0.63,24.77,0.58,18,0.34,37,0,0,0,73.29,91,6.72,20,70,4.96,8.08,11,81,-10,32.66,3.5,0.38,0.38,60.34,99,5.14,3.94,0,0,0,0,0.24,0.24,0,,0,0,0,19,79,2,26,70,4,23.56,23.8,0.96,100,0.24,22.57,23.72,0,0,0,0,0,,0,0,,0,0,0,0,0,0,12,8,3.31,26,0.03,0.06,-0.01,0,,0.08
Thomas Gillier,CF Montreal,Major League Soccer,2026,1924,Goalkeeper,Chile,22,27/05/04,0,0,0,,0,,,0,,0,0,0,0.05,0,0,0,0,0,0.05,0,0,0.05,0,0.05,0.05,0,100,0.23,0,0,0.05,0,0,0.05,0.07,0.09,0.05,0,6.36,2.52,2.57,0,0,0,,0,0,0.05,,0,0,0,0.05,0.05,0.03,0.05,0,0,12.92,0,0,0,,0.14,0,0,20.07,77,3.13,34,34,2.2,6.97,17,64,-13,11.54,0.37,0.1,0.1,17.64,100,3.74,0.23,0.05,0,0.05,0,0,0,0,0,0,,0,33,67,0,80,20,0,32.7,38.56,0.73,71,5.86,23.81,27.25,1.78,1.7,-0.08,56,58,-2,1.21,4.07,39,10.34,1.86,0.09,0.09,18.98,1,18,3,1.4,9,0.05,0.04,-0.04,,-0.07,-0.03
Thomas Müller,Vancouver Whitecaps,Major League Soccer,2026,1601,Centre Attacking Midfielder,Germany,37,12/09/89,0.39,0.17,0.15,0.09,1.74,10,42,1,100,0.14,0.22,0.35,2.7,0.22,0.34,2.64,0,0,0.06,0.39,0.5,4.44,-0.1,0.73,0.45,0.28,62,1.12,0.06,1.74,1.86,0.28,0.37,0.39,0.47,16.75,11.07,0.02,5,61.27,5.9,4.1,1.18,1.46,48,1.48,1.85,0.28,19,1.29,35,0.67,0,15.29,17.8,3.94,2.7,0.9,63.2,11.69,76,2.19,81,0.06,0,0,41.26,77,2.53,17,64,1.01,3.32,20,79,2,61.74,5.62,0.66,1.06,35.47,92,4.66,17.99,3.09,3.04,0.06,0.62,5.23,8.26,0.28,24,0.96,57,1.07,16,72,12,17,74,9,18.3,16.2,0.98,96,-2.1,17.91,15.61,0,0,0,0,0,,0,0,,0,0,0,0,0,0,21,10,8.21,41,0.14,0.13,0.03,-0.03,,0.27
Tiago,Orlando City,Major League Soccer,2026,942,Left Centre Forward,Brazil,21,07/04/05,0.1,0.1,0.23,0.2,1.15,8,33,3,,0.2,0.1,0.05,0.29,0.1,0.05,0.29,0,0,0,0.19,0.27,1.43,-0.08,1.43,0.57,0.86,40,2.1,0.1,1.34,3.34,0.67,0.75,0.96,1.1,19.01,8.79,0.01,4.97,54.64,3.53,1.72,1.81,2.48,83,1.61,2.35,2.1,25,0.38,41,0.67,0,15.09,13.78,4.2,2.87,0.57,57,9.55,63,2.39,83,0.38,0,0,20.44,70,0.76,16,57,1.15,1.15,17,63,-7,63.21,1.34,0.21,0.4,20.63,81,5.66,7.26,0.19,0.19,0,0.38,4.68,4.87,0,100,0.38,24,0.96,8,64,27,4,64,32,16.08,12.96,0.97,113,-3.12,15.68,14.65,0,0,0,0,0,,0,0,,0,0,0,0,0,0,27,6,2.24,19,-0.08,-0.01,0.05,0.07,,0.04
Tim Parker,New York Red Bulls,Major League Soccer,2026,508,Left Centre Back,USA,33,22/02/93,0,0,0.02,0.1,0.18,0,0,0,,0,0,0,0,0,0,0,0,0,0,0,0.02,0.18,-0.02,0,0,0,,0.35,0,0,0.18,0.89,0.6,5.13,4.81,7.08,4.6,0.03,4.6,21.56,9.38,1.06,1.06,1.95,75,0.78,1.38,0.53,50,0.35,74,2.48,0.53,5.49,4.56,2.83,0.53,0.35,23.78,0.71,13,0.35,67,0.18,0,0,42.31,84,2.66,20,48,5.66,4.96,14,83,-1,38.52,4.07,0.22,0.22,31.51,100,5.42,4.96,0,0,0,0,0.35,0.35,0,,0,,0,33,64,3,32,68,0,23.11,21.61,0.94,96,-1.5,21.71,20.85,0,0,0,0,0,,0,0,,0,0,0,0,0,0,17,8,2.89,18,0.07,0.04,0.04,-0.01,,0.14
Tim Ream,Charlotte,Major League Soccer,2026,1568,Left Centre Back,USA,39,04/10/87,0,0,0,0.05,0.06,0,0,0,,0,0.06,0.02,0.11,0.06,0.02,0.11,0,0,0,0.06,0.02,0.17,0.03,0.29,0.23,0.06,80,0.4,0,0.17,0.06,0.92,0.78,2.81,2.46,5.51,3.21,0.04,2.87,17.13,5.34,0.92,0.52,1.44,69,0.36,1.13,0.4,56,0.23,54,0.75,0,4.59,3.69,1.84,0.75,0.34,21.72,0.23,5,0.06,8,0.06,0,0,50.92,93,7,77,81,3.79,7.69,12,83,-10,33.74,3.33,0.55,0.56,42.08,99,4.58,4.25,0.17,0.17,0,0.06,0.29,0.46,0,0,0,,0.06,18,80,2,24,74,1,24.54,24.84,0.97,94,0.31,23.9,23.4,0,0,0,0,0,,0,0,,0,0,0,0,0,0,11,9,3.85,28,0.04,0.05,0.07,0,,0.16
Timo Baumgartl,St. Louis City,Major League Soccer,2026,2292,Centre Back,Germany,30,03/03/96,0.04,0.04,0.02,0.14,0.12,33,33,0,,0.03,0,0,0.04,0,0,0.04,0,0,0,0.04,0.02,0.16,0.02,0.12,0.04,0.08,33,0.75,0,0.12,0.12,0.82,0.85,3.69,3.78,8.72,5.38,0.07,4.99,26.79,7.66,1.57,1.37,2.2,76,1.48,2.32,0.63,29,0.43,62,0.9,0,6.71,6.79,3.42,0.82,0.43,34.12,1.37,20,0.31,38,0.08,0,0,52.3,93,4.16,18,69,4.4,5.3,7,79,-14,33.77,3.34,0.37,0.38,42.4,100,3.64,3.49,0.24,0.2,0.04,0.08,0.35,0.55,0.08,0,0,0,0.08,26,72,2,35,64,1,20.15,21.29,0.95,99,1.15,19.11,21.06,0,0,0,0,0,,0,0,,0,0,0,0,0,0,15,10,3.32,23,0.06,0.04,0.11,0.01,,0.22
Timo Werner,San Jose Earthquakes,Major League Soccer,2026,982,Left Wing,Germany,30,05/03/96,0.55,0.28,0.16,0.08,1.93,14,52,2,75,0.27,0.37,0.32,2.93,0.28,0.27,2.11,0.09,0.05,0.83,0.64,0.48,4.86,0.16,1.65,0.83,0.83,50,1.38,0,1.93,2.57,0.09,0.1,0,0,13.48,6.05,0,3.12,61.98,5.32,3.48,0.73,0.83,57,0.76,0.86,0.92,50,0.55,0,0,0,11.83,12.35,2.66,2.66,0.37,61.69,8.44,71,2.38,90,0.18,0,0,35.85,64,3.48,10,44,0.46,7.52,13,68,4,66.09,5.23,0.6,0.83,35.39,90,8.1,13.85,3.03,1.83,1.19,1.01,5.68,7.52,0.18,36,1.93,33,1.01,13,78,9,13,75,11,21.8,16.48,0.91,101,-5.31,19.88,16.59,0,0,0,0,0,,0,0,,0,0,0,0,0,0,28,7,9.87,53,0.2,0.21,0,0.11,,0.51
Timothy Tillman,LAFC,Major League Soccer,2026,1272,Left Centre Midfielder,USA,27,03/01/99,0.07,0.07,0.06,0.07,0.78,9,27,1,,0.11,0.14,0.19,1.56,0.14,0.19,1.49,0,0,0.07,0.21,0.25,2.33,-0.04,2.05,1.2,0.85,59,3.04,0,2.33,1.84,0.78,0.54,0.42,0.37,25.18,15.85,0.03,7.29,51.36,6.93,3.75,2.33,3.11,77,1.94,2.48,1.06,38,0.71,44,0.28,0,21.79,17.73,6.15,3.61,1.13,53.25,12.38,57,2.83,78,0.21,0,0,40.61,84,1.77,17,64,0.78,2.41,21,74,-9,54.22,5.02,0.32,0.52,42.45,91,5.05,13.65,0.99,0.99,0,0.35,2.48,3.47,0.14,14,0.28,57,0.42,20,66,14,22,68,10,17.18,16.32,0.98,98,-0.86,16.9,15.92,0,0,0,0,0,,0,0,,0,0,0,0,0,0,16,7,5.57,36,0.01,0.09,0.11,0.03,,0.24
Tom Barlow,Cincinnati,Major League Soccer,2026,967,Right Centre Forward,USA,31,07/07/95,0.56,0.56,0.41,0.23,1.77,32,63,4,,0.56,0.09,0.06,0.37,0.09,0.06,0.37,0,0,0,0.65,0.47,2.14,0.18,0.47,0.09,0.37,20,0.93,0,2.33,2.14,0.28,0.2,0.74,0.73,21.79,11.27,0.01,5.49,56.71,3.63,1.96,0.84,1.12,69,0.89,1.09,1.02,0,0.37,39,1.77,0,19.93,20.35,5.12,3.07,1.3,58.75,12.85,64,1.86,61,0.19,0,0,19.27,79,0.74,18,89,0.74,0.84,29,72,-7,53.88,1.21,0.47,0.71,17.97,79,4.3,5.4,0.19,0.19,0,0.19,5.03,5.21,0,50,0.28,33,0.93,13,59,27,14,60,26,15.33,13.6,1.04,108,-1.73,15.9,14.71,0,0,0,0,0,,0,0,,0,0,0,0,0,0,24,10,3.04,21,-0.01,-0.01,0.01,0.2,,0.2
Tomas Totland,St. Louis City,Major League Soccer,2026,1457,Left Wing Back,Norway,27,27/09/99,0.12,0.12,0.11,0.18,0.62,20,40,1,,0.19,0.25,0.12,1.11,0.25,0.12,1.11,0,0,0,0.37,0.23,1.73,0.14,0.68,0.37,0.31,55,0.99,0,0.74,0.93,1.24,1.23,1.67,1.63,12.78,6.61,0.01,3.77,39.56,6.42,2.84,1.36,2.59,81,1.25,2.48,1.17,67,0.31,57,0.74,0.06,10.25,9.48,2.9,1.67,0.56,44.4,3.89,38,1.24,74,0.19,0,0,31.75,79,1.73,18,61,2.1,2.41,12,69,-11,58.68,2.72,0.45,0.59,25.94,95,4.47,12.78,0.99,0.8,0.19,0.62,3.21,4.01,0.06,25,0.49,26,0.86,22,59,19,16,58,25,17.45,17.31,0.94,101,-0.15,16.38,17.43,0,0,0,0,0,,0,0,,0,0,0,0,0,0,24,10,3.79,26,0.08,0.06,0.05,0.09,,0.29
Tomás Chancalay,Minnesota United,Major League Soccer,2026,1644,Left Attacking Midfielder,Argentina,27,31/12/98,0.16,0.16,0.18,0.07,2.74,6,28,3,,0.2,0.16,0.23,1.04,0.16,0.2,0.71,0,0.02,0.33,0.33,0.41,3.78,-0.08,2.41,1.04,1.37,43,1.26,0,2.41,3.56,0.66,0.51,0.55,0.36,15.82,7.23,0.01,3.5,50.62,8.16,4.6,1.53,2.19,67,1.36,1.86,1.42,33,0.77,29,0.33,0,12.87,10.37,2.9,2.57,0.77,53.41,7.23,56,1.48,57,0.22,0,0,37.23,76,3.23,14,55,0.77,5.64,12,75,-1,56.29,4.05,0.55,0.67,37.94,87,5.93,11,1.75,1.15,0.6,0.66,4.43,5.58,0,31,0.99,49,0.82,12,69,19,8,75,17,19.62,15.13,0.93,107,-4.49,18.19,16.14,0,0,0,0,0,,0,0,,0,0,0,0,0,0,20,7,5.84,40,0.11,0.1,0.03,-0.02,,0.22
Tomás Jacob,Atlanta United,Major League Soccer,2026,1910,Right Back,Argentina,22,19/04/04,0.14,0.14,0.05,0.12,0.42,33,33,0,,0.1,0.05,0.07,0.75,0.05,0.07,0.75,0,0,0,0.19,0.12,1.18,0.07,0.52,0.28,0.24,55,1.08,0,0.57,0.94,1.55,1.35,2.5,2.44,14.61,7.49,0.02,6.36,29.72,7.49,2.78,2.26,3.82,86,2.3,3.65,1.23,64,0.38,51,1.08,0,11.12,11.59,4.48,2.36,0.9,34.78,3.02,27,1.08,46,0.28,0,0,36.05,80,2.5,8,57,3.02,3.86,9,59,-21,48.45,2.4,0.31,0.38,29.5,96,4.03,8.01,0.75,0.75,0,0.28,1.98,2.73,0,44,0.61,35,0.33,17,69,14,16,63,21,19.32,19.07,0.95,102,-0.25,18.35,19.49,0,0,0,0,0,,0,0,,0,0,0,0,0,0,23,10,3.37,28,0.06,0.05,0.04,0.04,,0.21
Tristan Blackmon,Vancouver Whitecaps,Major League Soccer,2026,2049,Right Centre Back,USA,30,11/08/96,0.04,0.04,0.05,0.08,0.7,6,13,0,,0.03,0,0,0.09,0,0,0.09,0,0,0,0.04,0.06,0.79,-0.01,0.44,0.31,0.13,70,0.7,0,0.26,0.35,0.75,0.9,3.47,4.31,6.68,3.29,0.08,3.03,27.39,11.03,3.95,0.83,1.58,83,1.1,2,1.1,80,0.18,71,1.84,0,4.74,6.19,2.02,1.14,0.79,35.47,1.41,30,0.53,46,0.13,0,0,65.32,90,5.36,26,67,4.22,7.25,12,80,-10,41.77,8.65,0.65,0.7,55.96,99,4.83,11.86,0.48,0.4,0.09,0.09,1.8,2.2,0,18,0.09,20,0.13,23,74,3,30,67,2,21.75,20.02,0.95,99,-1.72,20.73,19.76,0,0,0,0,0,,0,0,,0,0,0,0,0,0,13,7,5.23,28,0.1,0.07,0.01,-0.03,,0.16
Tristan Muyumba,Atlanta United,Major League Soccer,2026,1950,Centre Defensive Midfielder,France,29,06/03/97,0.18,0.18,0.09,0.08,1.11,17,29,1,,0.16,0,0.05,0.78,0,0.05,0.78,0,0,0,0.18,0.14,1.89,0.05,1.06,0.78,0.28,74,0.42,0,1.11,1.11,0.83,0.8,1.2,1.11,19.34,11.86,0.02,6.97,39.92,9.09,4.2,2.45,3.28,68,2.27,3.07,1.2,49,1.15,52,0.55,0,15.69,15.87,5.68,3.69,1.48,42.29,5.26,34,1.8,49,0.14,0,0,53.39,90,2.26,14,79,1.48,2.58,11,90,-1,47.29,4.57,0.51,0.56,44.76,96,3.71,11.12,0.88,0.88,0,0.09,1.62,2.49,0.09,5,0.09,67,0.28,19,71,10,24,67,9,16.9,14.33,0.99,103,-2.57,16.67,14.82,0,0,0,0,0,,0,0,,0,0,0,0,0,0,13,8,5.4,40,0.05,0.05,0.05,0.02,,0.18
Tyler Boyd,LAFC,Major League Soccer,2026,837,Right Wing,USA,32,29/12/94,0.11,0.11,0.17,0.08,2.15,5,40,3,,0.09,0.22,0.11,1.18,0.22,0.1,1.08,0,0.01,0.11,0.32,0.28,3.33,0.05,1.4,0.86,0.54,62,1.29,0,2.58,2.47,0.54,0.33,0.86,0.66,20.54,11.83,0,5.38,49.46,4.73,2.47,1.18,1.72,55,1.3,1.63,2.04,10,0.97,18,0.22,0,17.32,14.58,4.3,3.76,0.86,51.93,8.39,48,2.69,71,0.22,0,0,29.25,76,1.94,25,51,1.51,3.12,21,76,1,64.12,3.33,0.42,0.48,33.88,86,6.74,13.44,1.94,1.72,0.22,0.43,3.76,5.49,0,56,1.61,39,0.43,11,69,20,10,67,22,19.08,17.1,0.91,89,-1.98,17.33,15.18,0,0,0,0,0,,0,0,,0,0,0,0,0,0,22,6,4.8,30,0.02,0.11,0.03,-0.08,,0.08
Tyrese Spicer,Orlando City,Major League Soccer,2026,861,Left Midfielder,Trinidad and Tobago,26,03/12/00,0.63,0.63,0.47,0.14,3.45,18,42,6,,0.53,0.1,0.27,1.15,0.1,0.27,1.15,0,0,0,0.73,0.74,4.6,-0.01,1.88,1.04,0.84,56,0.73,0,1.36,3.55,0.42,0.27,0.73,0.73,17.03,7.52,0.01,4.49,51.64,5.54,3.45,1.99,2.4,95,1.78,2.05,0.63,80,0.1,36,0.52,0,14.42,13.16,3.66,3.13,1.46,54.06,8.25,57,2.19,70,0.1,0,0,21.84,61,0.94,77,33,1.36,2.19,22,52,-9,63.91,2.82,0.65,1.04,24.35,82,6.92,7.52,1.25,1.04,0.21,0.31,6.27,7.31,0,50,0.94,28,0.31,15,69,17,19,60,21,18.33,16.8,0.84,79,-1.53,15.35,13.27,0,0,0,0,0,,0,0,,0,0,0,0,0,0,33,7,4.24,26,0.16,0.13,0.02,0.14,,0.45
Victor Loturi,CF Montreal,Major League Soccer,2026,1892,Right Defensive Midfielder,Canada,25,20/05/01,0.05,0.05,0.02,0.05,0.33,14,29,0,,0.01,0.05,0.02,0.57,0.05,0.02,0.52,0,0,0.05,0.1,0.04,0.9,0.06,1.05,0.48,0.57,45,1.33,0,0.9,1.33,1,0.82,1.05,0.88,14.98,7.42,0.03,5.28,43.73,8.13,3.95,1.52,2.52,70,1.28,2.09,1.09,43,0.67,45,0.62,0.1,12.36,11.44,3.85,2.47,0.81,47.3,5.71,46,1.71,69,0.19,0,0,36.81,84,1.62,23,56,1.43,2.52,14,79,-5,52.72,4.71,0.31,0.32,32.01,94,3.79,10.61,0.62,0.62,0,0.14,0.81,1.43,0.05,8,0.05,14,0.14,21,66,13,26,66,7,17.25,16.56,0.96,97,-0.69,16.64,16,0,0,0,0,0,,0,0,,0,0,0,0,0,0,19,9,4.54,30,0.01,0.07,0.07,-0.02,,0.13
Victor Olatunji,Real Salt Lake,Major League Soccer,2026,494,Centre Forward,Nigeria,27,04/09/99,0.18,0.18,0.54,0.23,2.37,8,46,5,,0.46,0,0.01,0.18,0,0.01,0.18,0,0,0,0.18,0.55,2.55,-0.36,0.73,0.36,0.36,50,2.92,0,1.64,4.19,0.55,0.28,1.46,1.03,16.59,5.65,0.03,4.37,57.42,4.01,2.92,0.36,0.91,100,0.49,0.77,1.46,100,0,35,2,0,14.76,16.16,3.83,2.73,1.64,63.21,10.94,74,2.37,87,0,0,0,13.12,66,0.36,33,40,1.64,0.73,29,55,-12,60.42,0.73,0.26,0.65,13.67,72,5.29,3.46,0.36,0.36,0,0,6.38,6.74,0,0,0,0,0.36,10,65,25,11,58,32,16.95,16.17,0.96,90,-0.78,16.33,14.51,0,0,0,0,0,,0,0,,0,0,0,0,0,0,29,5,1.84,14,-0.04,-0.11,0.04,0.11,,0
Viktor Radojević,Chicago Fire,Major League Soccer,2026,357,Left Back,Serbia,22,13/07/04,0,0,0.01,0.05,0.25,0,0,0,,0,0.25,0.17,1.26,0.25,0.17,1.26,0,0,0,0.25,0.19,1.51,0.07,0.5,0.25,0.25,50,2.02,0,1.26,0.5,1.51,1.38,2.77,2.66,18.9,9.57,0,7.06,37.54,7.06,2.02,1.76,3.28,70,1.78,3.16,3.28,40,0.76,47,1.76,0,13.86,14,5.8,3.28,1.26,39.62,4.03,29,2.02,62,0.76,0,0,33.51,77,2.27,91,38,4.03,4.79,12,67,-10,48.21,5.29,0.35,0.45,28.72,95,4.2,9.07,2.02,2.02,0,0.25,0.76,2.77,0.25,38,1.01,57,0.25,33,54,13,25,56,19,20.72,20.24,0.93,83,-0.49,19.35,16.82,0,0,0,0,0,,0,0,,0,0,0,0,0,0,24,9,5.72,48,0.18,0.05,0.01,-0.01,,0.24
Walker Zimmerman,Toronto FC,Major League Soccer,2026,1674,Right Centre Back,USA,33,18/05/93,0.05,0.05,0.07,0.07,0.91,6,18,0,,0.06,0,0.04,0.16,0,0.04,0.16,0,0,0,0.05,0.1,1.08,-0.05,0.16,0.16,0,100,0.7,0,0.16,0.05,2.04,1.72,4.68,3.71,9.73,5.65,0.07,4.57,26.68,8.28,1.45,1.34,3.39,81,0.94,2.66,1.02,57,0.32,76,3.01,0.16,7.37,5.52,2.96,0.86,0.38,35.78,2.2,30,0.43,50,0.22,0,0.05,43.99,82,4.79,16,58,5.97,6.99,12,58,-24,33.57,2.64,0.36,0.41,33.88,99,4.16,3.12,0.38,0.38,0,0.11,2.8,3.17,0,29,0.16,38,0.16,28,69,3,47,53,0,24.8,24.4,0.93,107,-0.4,22.99,26.05,0,0,0,0,0,,0,0,,0,0,0,0,0,0,21,9,2.09,17,0.1,0.05,0.08,-0.06,,0.16
Warren Madrigal,Nashville SC,Major League Soccer,2026,915,Left Centre Forward,Costa Rica,22,23/07/04,0.49,0.49,0.28,0.11,2.46,20,32,5,,0.42,0.2,0.16,1.08,0.2,0.16,1.08,0,0,0,0.69,0.44,3.54,0.25,1.67,0.59,1.08,35,2.56,0,1.67,2.66,0.1,0.09,0.59,0.64,19.87,10.13,0.01,4.53,56.97,4.43,3.25,0.98,1.08,83,1.18,1.27,1.57,50,0.2,37,1.28,0,17.31,19.01,3.94,2.26,0.89,59.76,11.02,64,1.77,78,0,0,0,17.41,79,0.49,18,100,0.59,0.49,23,71,-8,64.25,1.97,0.52,0.66,20.76,81,5.11,7.28,0.69,0.69,0,0.3,4.53,5.21,0.2,14,0.39,44,0.79,14,61,26,15,65,20,14.22,13.47,1,98,-0.75,14.16,13.2,0,0,0,0,0,,0,0,,0,0,0,0,0,0,21,7,2.72,21,0.04,0.09,0,0.13,,0.26
Wayne Frederick,Colorado Rapids,Major League Soccer,2026,1493,Right Defensive Midfielder,Trinidad and Tobago,22,12/06/04,0.12,0.12,0.11,0.14,0.78,15,15,1,,0.11,0.06,0.05,0.48,0.06,0.05,0.48,0,0,0,0.18,0.15,1.27,0.03,1.27,0.42,0.84,33,2.05,0,1.51,2.05,0.66,0.74,1.21,1.3,13.86,7.53,0.01,4.1,48.2,6.39,3.19,1.39,2.05,68,1.7,2.44,0.9,33,0.66,42,0.48,0,11.57,13.93,3.19,2.95,1.08,52.03,5.79,50,1.69,57,0.06,0,0.06,30.07,84,0.84,14,70,1.33,1.08,18,77,-7,50.82,3.8,0.58,0.65,28.21,89,5.26,7.77,0.48,0.48,0,0.3,1.99,2.47,0.06,13,0.06,17,0.36,18,65,17,23,63,14,15.65,15.16,1.01,104,-0.49,15.86,15.8,0,0,0,0,0,,0,0,,0,0,0,0,0,0,18,7,4.53,33,-0.05,0.07,0.02,-0.02,,0.03
Wessam Abou Ali,Columbus Crew,Major League Soccer,2026,627,Centre Forward,Palestine,27,03/01/99,0.72,0.72,0.44,0.16,2.73,26,42,6,0,0.55,0.14,0.02,0.57,0.14,0.02,0.57,0,0,0,0.86,0.46,3.3,0.4,0.72,0.29,0.43,40,1.87,0,2.44,4.74,0.14,0.2,0.86,0.86,28.7,14.78,0,6.17,67.71,2.44,1.44,0.72,0.86,63,0.8,1,1.44,25,0.43,36,1.15,0,26.55,31.82,5.02,6.89,2.01,69.61,22.82,86,6.03,88,0.14,0,0,15.93,69,0.86,21,75,1,1,32,50,-19,59.54,1.58,0.38,0.64,20.09,74,4.57,4.88,0.14,0.14,0,0.14,5.74,5.88,0,0,0,0,0.29,12,61,27,6,62,32,15.17,11.12,1.06,93,-4.05,16.03,10.3,0,0,0,0,0,,0,0,,0,0,0,0,0,0,27,5,2.27,16,-0.08,-0.03,0.02,0.21,,0.11
Wikelman Carmona,CF Montreal,Major League Soccer,2026,931,Centre Attacking Midfielder,Venezuela,23,23/02/03,0.39,0.39,0.2,0.09,2.22,17,35,3,,0.22,0.19,0.19,2.51,0.1,0.16,2.03,0.1,0.03,0.48,0.58,0.39,4.74,0.19,1.55,0.87,0.68,56,1.55,0,1.06,2.03,0.97,0.69,0.29,0.25,22.53,12.18,0,5.8,51.14,5.61,3.09,1.45,2.42,68,1.55,2.24,1.26,30,0.68,37,0.97,0,19.82,19.02,5.22,3.87,1.16,51.63,10.64,54,2.9,75,0.1,0,0,26.88,75,2.61,87,56,0.39,4.54,21,72,-3,62.91,3,0.44,0.65,27.85,91,5.5,11.6,2.32,1.55,0.77,0.77,4.25,5.8,0.19,17,0.58,43,0.97,17,67,16,18,60,23,18.76,13.56,0.95,112,-5.2,17.9,15.19,0,0,0,0,0,,0,0,,0,0,0,0,0,0,27,13,7.47,42,0.14,0.08,0.04,0.08,,0.33
Wil Trapp,Minnesota United,Major League Soccer,2026,1584,Left Defensive Midfielder,USA,33,14/01/93,0,0,0.01,0.04,0.17,0,33,0,,0,0.06,0.03,0.4,0.06,0.03,0.4,0,0,0,0.06,0.04,0.57,0.02,0.34,0.28,0.06,83,0.68,0,0.97,0.85,0.97,0.91,0.85,0.79,16.25,8.86,0.03,5.17,42.05,8.3,4.94,1.48,2.44,79,1.42,2.33,1.02,42,0.4,44,0.4,0.06,13.75,11.35,4.03,3.07,1.02,44.9,5.85,43,1.76,57,0.11,0,0,46.6,87,2.84,16,63,1.42,3.92,13,86,-1,49.53,5.06,0.43,0.45,38.7,96,3.97,11.88,0.57,0.57,0,0.11,0.34,0.91,0.06,0,0,0,0.17,17,74,9,19,74,7,18.26,16.2,0.96,97,-2.06,17.61,15.72,0,0,0,0,0,,0,0,,0,0,0,0,0,0,14,7,4.53,30,0.01,0.05,0.02,-0.01,,0.07
Wilfried Zaha,Charlotte,Major League Soccer,2026,1282,Left Wing,Côte d'Ivoire,34,09/11/92,0.21,0.21,0.19,0.1,1.97,11,43,2,,0.3,0.07,0.17,1.26,0.07,0.17,1.26,0,0,0,0.28,0.36,3.23,-0.08,2.32,1.68,0.63,73,3.72,0,2.18,2.53,0.14,0.1,0.28,0.37,19.38,9.76,0,4.63,48.25,5.9,3.58,0.91,1.05,62,0.9,1,1.76,11,0.56,40,0.28,0,16.71,14.72,4.14,2.6,0.56,50.13,8.71,52,1.83,70,0.49,0,0,39.1,84,1.83,7,70,0.7,2.18,21,81,-2,62.45,4.49,0.71,0.83,43.74,91,4.76,18.11,2.25,2.25,0,0.77,5.83,8.07,0.07,13,0.49,47,1.05,15,63,23,19,63,18,16.88,14.99,1.01,104,-1.89,17.03,15.53,0,0,0,0,0,,0,0,,0,0,0,0,0,0,14,7,6.23,48,0.09,0.15,-0.01,0.12,,0.34
Will Cleary,Charlotte,Major League Soccer,2026,673,Right Back,USA,23,16/02/03,0.13,0.13,0.04,0.13,0.27,50,50,0,,0.13,0.13,0.04,0.27,0.13,0.04,0.27,0,0,0,0.27,0.07,0.53,0.19,0.4,0.13,0.27,33,0.8,0,0.67,0.8,0.27,0.32,2.27,1.6,9.23,4.55,0.03,4.41,23.2,6.42,2.01,0.4,0.67,33,0.29,0.61,0.13,29,0.8,78,0.94,0,8.82,6.9,3.48,1.07,0.67,27.85,1.6,18,0.8,75,0,0,0,33.29,80,2.54,6,56,2.67,4.14,8,88,9,50.23,3.88,0.2,0.24,29.28,95,4.2,9.76,0.53,0.53,0,0.27,1.6,2.14,0.13,25,0.13,7,0.13,31,56,13,23,60,16,20.49,18.31,0.92,98,-2.18,18.91,17.91,0,0,0,0,0,,0,0,,0,0,0,0,0,0,26,13,2.29,16,0.08,0.06,0.05,0.09,,0.28
Will Reilly,Atlanta United,Major League Soccer,2026,810,Centre Defensive Midfielder,USA,24,12/12/02,0,0,0,0.02,0.11,0,0,0,,0,0,0.01,0.33,0,0.01,0.33,0,0,0,0,0.01,0.44,-0.01,0.44,0.11,0.33,25,0.67,0,0.11,0.78,0.56,0.48,0.67,0.58,18.45,12,0.02,5,39.14,8.11,4,1.67,2.22,71,1.84,2.32,0.67,55,0.67,38,0.33,0,16.12,15.67,3.67,2,0.33,40.69,6.45,40,1.22,61,0.33,0,0,42.68,89,2.56,20,68,1.33,3.11,14,80,-9,48.11,4.78,0.5,0.5,35.12,98,5.05,8.45,0.33,0.33,0,0.11,0.22,0.56,0,0,0,,0.11,17,72,12,29,64,7,18.99,17.66,0.96,95,-1.33,18.16,16.71,0,0,0,0,0,,0,0,,0,0,0,0,0,0,12,5,3.4,30,0,0.05,0.06,0,,0.11
Will Sands,New England Revolution,Major League Soccer,2026,2186,Left Back,USA,26,05/07/00,0.04,0.04,0.05,0.08,0.58,7,21,1,,0.03,0,0.05,0.45,0,0.05,0.45,0,0,0,0.04,0.09,1.03,-0.05,0.66,0.37,0.29,56,1.98,0,0.82,0.91,0.66,0.69,2.51,2.6,10.87,5.43,0.02,4.12,30.81,7.2,1.93,1.4,2.06,87,1.52,2.2,0.95,69,0.21,50,1.85,0.04,8.52,8.94,2.84,1.28,0.58,35.42,2.35,28,0.58,45,0.12,0,0,35.07,82,1.89,72,53,3.13,2.92,12,64,-18,52.66,4.73,0.41,0.44,31.41,95,5.77,10.37,0.7,0.58,0.12,0.21,1.77,2.35,0,29,0.45,41,0.29,26,54,19,26,51,23,18.96,18.47,0.93,93,-0.49,17.66,17.24,0,0,0,0,0,,0,0,,0,0,0,0,0,0,20,7,3.95,27,0.02,0.07,-0.07,-0.04,,-0.02
Wyatt Meyer,Sporting Kansas City,Major League Soccer,2026,1420,Left Centre Back,USA,25,10/01/01,0,0,0,0.08,0.06,0,0,0,,0,0,0,0,0,0,0,0,0,0,0,0,0.06,0,0.32,0.25,0.06,80,0.32,0,0.25,0.19,1.58,1.42,3.74,2.43,9.95,4.82,0.03,5.45,26.41,8.55,2.85,1.39,2.98,71,1.17,2.59,0.06,59,0.57,60,1.58,0.06,8.62,6.82,3.61,1.01,0.44,32.27,1.96,23,0.44,44,0.06,0,0,45.12,89,2.47,67,57,4.25,3.8,10,75,-14,36.5,2.66,0.22,0.23,36.63,99,3.4,3.93,0.06,0.06,0,0.19,0.89,0.95,0,0,0,0,0.32,22,73,5,29,63,8,21.18,21.33,0.96,96,0.15,20.25,20.38,0,0,0,0,0,,0,0,,0,0,0,0,0,0,13,7,1.94,17,0.02,0.04,0.12,0,,0.17
Yannick Bright,Inter Miami,Major League Soccer,2026,1765,Left Defensive Midfielder,Italy,25,02/09/01,0,0,0.01,0.05,0.25,0,20,0,,0,0,0.07,0.82,0,0.07,0.82,0,0,0,0,0.08,1.07,-0.08,0.82,0.31,0.51,38,1.58,0.05,0.41,1.07,1.99,2.59,1.17,1.52,23.65,13.46,0.02,9.07,41.06,9.38,4.49,2.7,4.69,75,3.31,5.9,1.73,50,0.92,59,0.66,0,19.27,23.75,7.03,4.74,1.73,43.59,7.24,38,1.94,41,0.15,0,0.1,54.8,90,3.93,18,79,1.89,4.28,14,79,-11,46.16,4.44,0.73,0.76,44.86,97,3.85,9.94,0.66,0.61,0.05,0.15,1.02,1.63,0.05,0,0.05,25,0.31,18,70,11,30,61,9,18.7,16.85,1,103,-1.86,18.66,17.27,0,0,0,0,0,,0,0,,0,0,0,0,0,0,12,7,6.23,35,0.03,0.1,0.08,-0.02,,0.2
Yevgen Cheberko,LAFC,Major League Soccer,2026,850,Left Back,Ukraine,28,22/01/98,0,0,0.02,0.05,0.32,0,0,0,,0,0,0.05,0.42,0,0.05,0.42,0,0,0,0,0.07,0.74,-0.07,0.85,0.42,0.42,50,0.64,0,0.64,1.16,1.91,1.65,3.39,2.53,13.02,7.83,0,5.08,28.83,6.67,1.59,2.01,3.92,66,1.36,3.01,0.95,41,1.06,68,1.38,0.21,10.06,7.59,3.6,1.38,0.42,33.1,2.22,22,0.64,46,0.11,0,0,50.18,88,2.65,91,60,4.45,3.39,15,79,-8,47.79,5.5,0.31,0.35,42.56,96,4.58,12.7,0.21,0.21,0,0.32,1.8,2.01,0.21,50,0.21,22,0.32,23,68,9,28,60,13,18.72,18.83,0.97,101,0.11,18.14,19.04,0,0,0,0,0,,0,0,,0,0,0,0,0,0,17,10,3.76,23,0.08,0.02,-0.04,-0.02,,0.04
Yohei Takaoka,Vancouver Whitecaps,Major League Soccer,2026,2082,Goalkeeper,Japan,30,15/03/96,0,0,0,,0,,,0,,0,0.04,0.03,0.04,0.04,0.03,0.04,0,0,0,0.04,0.03,0.04,0.02,0.09,0.04,0.04,50,0.26,0,0,0.04,0,0,0.09,0.13,0.04,0.04,0,3.93,3.04,2.98,0.04,0,0,,0,0,0.04,,0,,0,0.04,0,0,0,0,0,,0,,0,,0,0,0.04,27.97,84,4.93,19,52,3.46,6.18,26,77,-7,14.59,0.61,0.22,0.25,26.07,100,4.61,0.52,0,0,0,0,0,0,0,,0,,0,36,64,0,92,8,0,31.39,35.1,0.79,79,3.71,24.88,27.67,0.74,0.76,0.03,64,62,1,0.74,2.03,30,6.79,1.63,0.04,0.04,26.14,-1,15,5,1.88,10,0.09,0.06,0,,-0.02,0.13
Zach Booth,Real Salt Lake,Major League Soccer,2026,487,Right Wing Back,USA,22,16/02/04,0.18,0.18,0.05,0.06,0.74,25,25,2,,0.02,0,0.03,0.55,0,0.03,0.55,0,0,0,0.18,0.07,1.29,0.11,2.03,1.11,0.92,55,1.29,0,1.48,2.22,0.92,0.61,1.11,0.61,20.5,9.05,0,5.72,45.79,5.17,2.4,1.85,2.77,91,1.37,1.97,1.85,50,0.18,17,0.37,0,16.8,11.8,4.8,3.32,1.11,48.03,7.94,47,2.22,67,0.37,0,0,20.31,73,0.92,15,50,1.48,1.48,21,71,-2,54.45,1.29,0.43,0.49,22.16,84,6.6,5.35,0.18,0.18,0,0.18,0.74,0.92,0,100,0.18,11,0.18,16,61,23,7,55,38,16.47,14.77,0.89,94,-1.7,14.65,13.92,0,0,0,0,0,,0,0,,0,0,0,0,0,0,21,8,1.57,14,0,0.08,0.03,0,,0.11
Zack Steffen,Colorado Rapids,Major League Soccer,2026,924,Goalkeeper,USA,31,01/04/95,0,0,0,,0,,,0,,0,0,0,0,0,0,0,0,0,0,0,0,0,0,0,0,0,,0,0,0,0.1,0,0,0.1,0.1,0,0,0,5.94,2.61,3.12,0,0,0,,0,0,0,100,0,,0,0,0,0,0,0,0,,0,,0,,0,0,0,27.75,90,3.89,9,60,1.85,4.77,26,86,-4,10.53,0,0.22,0.22,24.14,100,3.23,0,0,0,0,0,0,0,0,,0,,0,32,68,0,,,,24.83,24.42,0.86,89,-0.42,21.28,21.71,1.27,1.1,-0.16,64,69,-5,1.18,3.5,33,10.51,1.83,0.1,0.1,19.61,1,12,6,1.76,14,0.04,0.04,0,,-0.35,-0.27
Zakaria Taifi,Orlando City,Major League Soccer,2026,639,Right Wing Back,Morocco,21,30/09/05,0,0,0.05,0.05,1.13,0,38,1,,0.06,0.14,0.12,0.56,0.14,0.12,0.42,0,0,0.14,0.14,0.17,1.69,-0.03,0.56,0,0.56,0,2.11,0,0.99,1.27,1.27,1.45,2.39,2.77,12.96,7.04,0.03,5.07,38.09,6.9,2.96,0.99,2.25,50,1.07,2.52,0.84,22,0.99,33,0.42,0,11.13,12.65,2.82,1.97,0.7,45.37,4.65,42,1.55,79,0,0,0,30.14,78,0.99,41,41,2.82,1.97,11,55,-22,51.46,2.39,0.32,0.38,27.32,93,4.43,7.89,0.84,0.84,0,0.42,2.82,3.66,0.14,17,0.14,13,0.42,25,62,13,21,63,16,16.71,17.8,0.9,90,1.09,14.97,16,0,0,0,0,0,,0,0,,0,0,0,0,0,0,21,7,3.21,25,0.09,0.06,0.06,0,,0.21
Zane Monlouis,Toronto FC,Major League Soccer,2026,1211,Right Centre Back,Jamaica,23,15/10/03,0,0,0.02,0.05,0.45,0,50,0,,0.04,0,0,0.07,0,0,0.07,0,0,0,0,0.03,0.52,-0.03,0,0,0,,0.22,0,0.15,0.37,0.59,0.55,3.57,3.08,9.44,5.35,0.04,4.76,26.87,6.69,1.49,1.04,1.64,74,0.72,1.27,0.45,50,0.37,56,1.49,0.15,7.95,6.34,3.42,1.34,0.59,29.79,1.34,17,0.59,44,0.07,0,0,41.63,88,2.16,11,48,4.09,4.01,9,74,-14,35.65,2.38,0.16,0.18,33.45,99,4.07,2.97,0,0,0,0.07,1.26,1.26,0,,0,,0.07,24,71,5,18,80,3,22.33,20.4,0.92,98,-1.93,20.47,20.09,0,0,0,0,0,,0,0,,0,0,0,0,0,0,17,9,2.12,18,0.02,0.03,0.13,0.01,,0.19
Zavier Gozo,Real Salt Lake,Major League Soccer,2026,1588,Right Wing Back,USA,19,21/03/07,0.34,0.34,0.24,0.08,3,11,38,5,,0.28,0.23,0.25,1.47,0.23,0.25,1.47,0,0,0,0.57,0.49,4.48,0.08,2.66,1.13,1.53,43,0.91,0,2.04,3.4,0.51,0.48,0.85,0.79,25.79,14.97,0,7.09,47.41,6.01,3.12,2.89,3.4,69,2.52,3.01,1.36,41,1.3,33,0.51,0,21.6,19.7,6.12,4.2,1.76,49.16,10.49,49,3.34,80,0.23,0,0,25.79,76,0.68,12,40,0.91,1.64,14,70,-5,61.32,2.95,0.45,0.72,30.95,84,6.51,10.37,1.19,1.19,0,0.74,5.61,6.8,0.06,24,0.74,43,0.79,15,64,21,14,62,25,16.34,12.72,0.96,111,-3.62,15.76,14.08,0,0,0,0,0,,0,0,,0,0,0,0,0,0,25,8,4.44,28,0.05,0.17,0.01,0.09,,0.32
Zorhan Bassong,Sporting Kansas City,Major League Soccer,2026,832,Left Defensive Midfielder,Canada,27,06/05/99,0,0,0.1,0.09,1.08,0,20,1,,0.05,0,0.11,1.08,0,0.11,1.08,0,0,0,0,0.2,2.16,-0.2,1.08,0.43,0.65,40,0.65,0,0.65,1.41,1.41,1.28,1.95,1.37,21.2,11.68,0.01,5.08,44.06,9.63,5.84,2.06,3.46,86,1.72,2.99,2.6,73,0.32,55,1.19,0,16.55,12.94,4,3.03,1.19,47.31,7.57,46,1.95,64,0.43,0,0,44.14,82,2.49,82,61,2.16,3.89,12,73,-9,53.91,5.84,0.49,0.52,35.59,95,4.77,14.17,0.76,0.76,0,0.43,2.7,3.46,0,14,0.32,43,0.76,18,73,10,23,67,10,18.15,15.62,0.96,109,-2.53,17.47,17.03,0,0,0,0,0,,0,0,,0,0,0,0,0,0,17,7,4.92,39,0.06,0.07,0.02,-0.04,,0.12
Édier Ocampo,Vancouver Whitecaps,Major League Soccer,2026,1791,Right Back,Colombia,23,02/10/03,0.1,0.1,0.07,0.07,1,10,25,1,,0.06,0.05,0.15,1.31,0.05,0.15,1.26,0,0,0.05,0.15,0.22,2.31,-0.07,1.26,0.85,0.4,68,1.41,0,1.11,1.46,0.7,0.81,1.31,1.74,16.18,8.54,0.08,5.78,43.08,8.59,4.57,2.41,3.12,81,2.87,3.67,1.51,66,0.55,40,0.4,0,12.26,14.89,4.37,2.91,1.06,46.32,5.83,48,2.31,79,0.3,0,0,42.91,80,1.91,13,51,1.91,3.17,14,71,-9,58.83,3.57,0.6,0.67,41.65,95,4.89,15.83,2.46,2.36,0.1,0.35,2.26,4.62,0,61,1.61,39,0.6,13,67,20,9,69,23,18.74,17.31,0.96,101,-1.42,17.91,17.53,0,0,0,0,0,,0,0,,0,0,0,0,0,0,21,9,6.4,32,0.2,0.08,0.1,0,,0.38
Žan Kolmanič,Austin FC,Major League Soccer,2026,537,Left Back,Slovenia,26,02/03/00,0,0,0,0.01,0.17,0,100,0,,0.02,0.17,0.19,2.01,0.17,0.15,1.51,0,0.04,0.5,0.17,0.19,2.18,-0.02,0.34,0.34,0,100,0.34,0,0.5,0.5,0.5,0.51,3.52,2.21,9.38,5.2,0.01,3.52,28,4.36,1.51,1.01,1.51,75,0.74,1.26,0.17,80,0.34,100,0.17,0,8.21,6.77,2.85,1.01,0.67,34.01,2.01,24,0.34,33,0,0,0,48.26,83,3.85,91,53,3.69,7.04,9,81,-2,51.09,6.54,0.34,0.42,43.24,98,4.35,14.08,2.35,1.84,0.5,0,0.34,2.18,0,50,1.34,42,0,23,67,10,27,62,11,22.27,20.42,0.91,100,-1.85,20.36,20.41,0,0,0,0,0,,0,0,,0,0,0,0,0,0,13,5,5.58,50,0.21,0.09,-0.01,0,,0.29