Jugador,Equipo,Equipo durante el período seleccionado,Posición específica,Edad,Minutos jugados,Goles,xG,Asistencias,xA,País de nacimiento,Acciones defensivas realizadas/90,Duelos defensivos/90,"Duelos defensivos ganados, %",Duelos aéreos en los 90,"Duelos aéreos ganados, %",Entradas/90,Posesión conquistada después de una entrada,Tiros interceptados/90,Interceptaciones/90,Posesión conquistada después de una interceptación,Faltas/90,Tarjetas amarillas,Tarjetas amarillas/90,Tarjetas rojas,Tarjetas rojas/90,Acciones de ataque exitosas/90,Goles/90,Goles (excepto los penaltis),"Goles, excepto los penaltis/90",xG/90,Goles de cabeza,Goles de cabeza/90,Remates,Remates/90,"Tiros a la portería, %","Goles hechos, %",Asistencias/90,Centros/90,"Precisión centros, %",Regates/90,"Regates realizados, %",Duelos atacantes/90,"Duelos atacantes ganados, %",Toques en el área de penalti/90,Carreras en progresión/90,Aceleraciones/90,Pases recibidos /90,Pases largos recibidos/90,Faltas recibidas/90,Pases/90,"Precisión pases, %",Pases hacia adelante/90,"Precisión pases hacia adelante, %",Pases hacia atrás/90,"Precision pases hacia atrás, %",Pases laterales/90,"Precisión pases laterales, %",Pases largos/90,"Precisión pases largos, %","Longitud media pases, m","Longitud media pases largos, m",xA/90,Asistencias/90,Second assists/90,Third assists/90,Desmarques/90,"Precisión desmarques, %",Jugadas claves/90,Pases en el último tercio/90,"Precisión pases en el último tercio, %",Pases al área de penalti/90,"Pases hacía el área pequeña, %",Pases en profundidad/90,"Precisión pases en profundidad, %",Ataque en profundidad/90,Centros desde el último tercio/90,Pases progresivos/90,"Precisión pases progresivos, %",Goles recibidos,Goles recibidos/90,Remates en contra,Remates en contra/90,Porterías imbatidas en los 90,"Paradas, %",xG en contra,xG en contra/90,Goles evitados,Goles evitados/90,Pases hacía atrás recibidos del arquero/90,Salidas/90,Duelos aéreos en los 90
A. Kaplan,NEC,Ajax II,LCB,22,299,1,0.35,0,0,Türkiye,8.13,2.11,100,3.61,50,0.3,0.35,0.3,5.72,6.71,0,0,0,0,0,0.9,0.3,1,0.3,0.11,1,0.3,1,0.3,100,100,0,0,0,0.6,100,2.71,55.56,0.3,0.6,0,33.41,0,0.3,48.46,88.82,18.96,77.78,4.52,100,20.47,95.59,3.01,40,19.88,45.21,0,0,0,0,0,0,0,6.02,70,0.3,0,0,0,0,0,9.33,77.42,0,,0,,0,0,0,0,,,3.91,,
N. Ohio,Real Valladolid,Utrecht II,CF,23,602,9,5.29,0,0,Netherlands,2.09,1.05,57.14,1.79,33.33,0.15,0.16,0,1.35,1.4,0.6,1,0.15,0,0,4.19,1.35,8,1.2,0.79,0,0,27,4.04,59.26,33.333,0,0.3,50,1.79,91.67,9.12,40.98,4.04,0.6,0,8.52,1.79,1.2,11.06,90.54,1.94,69.23,3.29,95.45,2.69,100,0,0,14.48,0,0,0,0,0,0,0,0.15,1.05,85.71,0.15,0,0,0,0.3,0,1.05,85.71,0,,0,,0,0,0,0,,,0.15,,
J. Rijkhoff,Almere City,Almere City,"AMF, CF",21,2842,16,13.24,2,2.79,Netherlands,3.1,2.98,46.81,1.58,30,0.06,0.07,0.13,1.65,1.84,0.86,2,0.06,0,0,1.81,0.51,16,0.51,0.42,0,0,70,2.22,52.86,22.857,0.06,0.48,26.67,1.49,29.79,5.42,24.56,3.74,1.17,0.38,14.38,1.33,0.76,19.89,74.68,5.26,53.01,5.73,90.61,4.62,79.45,0.95,50,16.25,21.06,0.09,0.57,0.06,0.03,0.22,28.57,0.35,2,42.86,1.52,43.75,0.32,30,1.27,0.13,2.19,60.87,0,,0,,0,0,0,0,,,0.54,,
L. Zeefuik,AZ,AZ II,CF,21,249,1,1.23,0,0.22,Netherlands,2.53,3.25,55.56,6.51,33.33,0,0,0,0.72,1,1.81,1,0.36,0,0,3.25,0.36,1,0.36,0.44,0,0,6,2.17,50,16.667,0,0,0,2.53,85.71,16.99,31.91,1.45,0.72,0,11.57,2.53,1.45,11.2,90.32,2.17,83.33,3.61,100,2.17,66.67,0.72,0,16.07,16.52,0.08,0.72,0.36,0,0,0,0.72,1.08,66.67,0.72,50,0,0,0.72,0,1.08,100,0,,0,,0,0,0,0,,,0,,
Zidane Iqbal,Utrecht,Utrecht II,"DMF, RCMF, RDMF",23,538,0,0.19,1,0.47,England,9.54,7.86,70.21,1.67,40,0.33,0.41,0.17,3.68,4.46,1.34,3,0.5,0,0,1.84,0,0,0,0.03,0,0,4,0.67,50,0,0.17,0.67,75,1.51,55.56,6.69,55,0.17,2.51,0,34.13,0.17,1.51,53.36,89.03,16.56,75.76,7.53,100,23.59,95.04,6.69,52.5,21.93,34.81,0.08,0.84,0.33,0,0.33,50,0.33,10.71,76.56,3.18,78.95,0.84,0,2.17,0.5,8.87,88.68,0,,0,,0,0,0,0,,,1.17,,
F. Druijf,Almere City,Almere City,CF,28,2218,13,12.16,3,1.33,Netherlands,3.17,2.31,50.88,7.67,53.97,0.08,0.09,0.32,1.91,2.18,0.85,3,0.12,0,0,2.43,0.53,11,0.45,0.49,2,0.08,67,2.72,61.19,19.403,0.12,0.45,36.36,0.89,63.64,8.28,29.9,3.73,0.77,0.16,14.04,3.08,1.54,21.42,67.8,6.33,53.85,4.54,79.46,5.56,79.56,1.26,54.84,16.98,24.06,0.05,0.37,0.12,0.04,0.08,50,0.08,3.53,65.52,1.34,57.58,0.24,33.33,0.97,0.24,2.88,69.01,0,,0,,0,0,0,0,,,0.12,,
D. Lajud,Roda JC,Roda JC,"RAMF, AMF",27,370,0,0.51,0,0.25,Mexico,5.59,6.32,42.31,1.46,16.67,0,0,0,2.92,3.27,0.97,1,0.24,0,0,2.19,0,0,0,0.12,0,0,5,1.22,40,0,0,2.43,40,1.7,28.57,9,27.03,2.19,1.7,0.24,17.27,1.95,0.49,25.3,79.81,6.81,64.29,6.57,100,6.81,64.29,1.22,0,15.13,20.82,0.06,0.73,0,0,0.24,100,0.24,1.46,66.67,3.41,50,0.97,25,1.46,0.73,4.14,64.71,0,,0,,0,0,0,0,,,0,,
S. Doucouré,TOP Oss,TOP Oss,CF,24,1009,2,4.05,2,1.02,France,4.91,4.82,55.56,14.9,52.69,0,0,0.18,2.23,2.7,2.32,5,0.45,0,0,3.03,0.18,1,0.09,0.36,1,0.09,26,2.32,26.92,7.692,0.18,0.89,10,3.84,60.47,15.7,29.55,3.48,1.43,0,8.38,2.41,1.69,15.34,71.51,4.55,72.55,2.85,93.75,3.39,71.05,0.71,37.5,17.14,7.59,0.09,0.36,0,0.09,0,0,0.27,2.5,71.43,1.16,53.85,0.09,0,1.07,0.18,2.41,77.78,0,,0,,0,0,0,0,,,0.09,,
M. Diemers,Cambuur,Cambuur,"LCMF, AMF",32,3119,9,7.97,10,6.67,Netherlands,4.76,3.95,64.23,0.69,41.67,0.49,0.71,0,1.73,2.5,0.66,3,0.09,0,0,3.43,0.26,5,0.14,0.23,0,0,80,2.31,41.25,11.25,0.29,1.82,46.03,2.16,64,10.42,55.4,1.36,1.9,0.14,40.14,0.89,4.73,55.4,89.69,15.41,82.58,12.12,96.19,18.76,90.77,3.81,65.91,18.13,38.51,0.19,1.44,0.09,0,0.38,69.23,0.49,8.19,84.51,3.17,58.18,0.55,36.84,1.01,0.84,8.77,86.18,0,,0,,0,0,0,0,,,0.69,,
J. Hoogma,Willem II,Willem II,LCB,27,2945,2,1.37,1,0.15,Netherlands,7.61,5.2,68.82,4.28,57.14,0.28,0.31,0.49,3.76,4.22,0.92,5,0.15,0,0,0.28,0.06,2,0.06,0.04,1,0.03,5,0.15,40,40,0.03,0.15,60,0.18,66.67,0.86,39.29,0.24,2.44,0,35.08,0.37,0.4,47.92,89.8,19.16,80.22,3.64,98.32,22.28,96.3,6.54,59.81,22.43,39.97,0,0.06,0,0.06,0.03,0,0.06,7.79,74.12,0.89,58.62,0.55,44.44,0.43,0.09,10.05,82.07,0,,0,,0,0,0,0,,,2.29,,
M. Dekker,AZ,AZ II,LCB,22,1090,0,0,0,0.27,Netherlands,7.18,4.54,65.45,2.81,32.35,0.17,0.2,0.74,4.05,4.98,0.83,1,0.08,0,0,0.17,0,0,0,0,0,0,0,0,0,0,0,0.08,100,0.33,25,2.23,29.63,0.33,2.72,0,44.92,0.08,0.66,59.78,92.54,22.05,85.39,3.8,97.83,28.4,98.26,6.44,60.26,21.78,40.98,0.02,0.08,0,0,0,0,0.08,9.25,81.25,0.74,44.44,0.41,60,0.33,0.08,10.73,82.31,0,,0,,0,0,0,0,,,1.49,,
S. Bamba,Willem II,Willem II,"LW, LAMF",22,1159,0,3.43,1,2.01,Germany,3.49,4.27,47.27,0.7,44.44,0.23,0.28,0,1.24,1.5,2.02,1,0.08,0,0,6.37,0,0,0,0.27,0,0,41,3.18,29.27,0,0.08,3.49,33.33,8.23,50.94,16.77,50.46,3.34,5.28,0.54,17.63,1.4,2.48,21.04,71.96,4.43,64.91,5.82,90.67,7.45,67.71,1.55,70,17.6,16.66,0.16,0.93,0.08,0,0.23,33.33,0.7,1.79,78.26,3.96,50.98,0.31,25,1.24,1.24,4.04,78.85,0,,0,,0,0,0,0,,,0.08,,
R. Postema,Emmen,Emmen,CF,24,3316,24,20.73,6,3.42,Netherlands,1.98,1.85,47.06,2.23,26.83,0.11,0.14,0.08,1,1.31,0.62,5,0.14,0,0,2.36,0.65,24,0.65,0.56,5,0.14,97,2.63,47.42,24.742,0.16,0.68,36,1.36,58,3.07,45.13,3.64,0.65,0.08,10.86,1.44,0.76,14.17,70.11,3.69,54.41,3.56,93.89,3.96,65.07,0.98,52.78,17.24,22.25,0.09,0.65,0.03,0.03,0.16,50,0.43,1.63,56.67,1.22,51.11,0.19,42.86,0.81,0.22,1.9,67.14,0,,0,,0,0,0,0,,,0.92,,
D. Van den Buijs,Roda JC,Roda JC,LCB,30,1786,0,0.62,1,0.13,Belgium,9.27,4.23,64.29,4.18,49.4,0.3,0.37,0.96,6.25,7.67,0.45,1,0.05,0,0,0.1,0,0,0,0.03,0,0,2,0.1,0,0,0.05,0.05,0,0.05,100,0.76,46.67,0.3,1.66,0,39.71,0.15,0.5,58.1,86.47,27.82,78.44,3.53,98.57,23.03,94.75,8.62,53.22,23.54,38.37,0.01,0.1,0,0,0.1,50,0.1,9.12,76.8,0.66,46.15,0.3,66.67,0.4,0,13.86,78.55,0,,0,,0,0,0,0,,,2.62,,
J. Amofa,Cambuur,Cambuur,LCB,27,3319,1,1.99,4,0.4,Netherlands,9.06,6.07,70.98,2.98,50.91,0.27,0.39,0.65,4.47,6.4,0.87,7,0.19,0,0,0.62,0.03,1,0.03,0.05,1,0.03,9,0.24,22.22,11.111,0.11,0.03,0,0.79,62.07,3.34,51.22,0.33,1.46,0.27,45.91,0.16,0.71,63.18,90.43,24.3,80.47,3.85,97.18,28.82,97.46,5.75,61.79,19.62,34.09,0.01,0.16,0,0.03,0.14,60,0.16,7.78,74.91,0.81,36.67,0.87,28.13,0.38,0,9.92,78.14,0,,0,,0,0,0,0,,,2.14,,
N. Thomas,ADO Den Haag,ADO Den Haag,"RAMF, LAMF, CF",25,1043,4,3.21,5,2.95,Netherlands,6.64,6.39,54.05,3.19,51.35,0.6,0.99,0.09,2.59,4.25,1.29,5,0.43,0,0,6.04,0.35,4,0.35,0.28,1,0.09,33,2.85,27.27,12.121,0.43,4.92,28.07,6.3,61.64,13.12,46.71,3.97,2.33,0.43,19.07,2.93,1.81,27.61,71.56,5.95,59.42,7.42,90.7,8.46,63.27,1.38,50,18.57,20.14,0.25,0.95,0.17,0,0,0,0.6,2.33,51.85,3.8,40.91,0.17,0,1.29,1.12,3.97,76.09,0,,0,,0,0,0,0,,,0.52,,
J. Boëtius,RKC Waalwijk,RKC Waalwijk,"LW, LDMF, LCMF",32,265,0,0.03,0,0.75,Netherlands,4.08,4.42,69.23,1.02,0,0,0,0,1.02,1.22,0.34,0,0,0,0,1.36,0,0,0,0.01,0,0,1,0.34,100,0,0,0.68,50,0.68,50,5.43,37.5,0.34,0.34,0,37.02,0,0.34,50.6,80.54,15.28,73.33,9.17,92.59,19.36,82.46,6.11,66.67,20.61,33.09,0.26,1.02,0,0,1.02,33.33,0.34,6.45,63.16,2.38,42.86,1.36,25,1.36,0.34,12.23,75,0,,0,,0,0,0,0,,,0.68,,
Mica Pinto,Dordrecht,Dordrecht,LWB,32,520,0,0,0,0.28,Luxembourg,3.46,2.94,41.18,0.35,50,0.35,0.43,0,1.9,2.36,0.52,0,0,0,0,3.46,0,0,0,0,0,0,0,0,0,0,0,5.54,40.63,1.73,70,2.25,53.85,0.87,2.42,0,38.42,1.9,0.52,45.52,80.99,13.15,65.79,12.29,97.18,14.88,81.4,4.85,46.43,20.45,35.67,0.05,1.04,0,0,0,0,1.04,3.81,40.91,4.33,52,0.35,50,0.52,2.08,7.44,72.09,0,,0,,0,0,0,0,,,1.38,,
R. Behounek,Willem II,Willem II,RCB,29,3351,2,2.23,1,1.33,Austria,9.27,4.11,64.71,3.12,58.62,0.16,0.18,0.99,6.45,7.01,0.4,1,0.03,0,0,0.46,0.05,2,0.05,0.06,0,0,16,0.43,62.5,12.5,0.03,0.13,40,0.11,100,1.34,54,0.64,1.72,0.21,41.25,0.35,0.51,58.17,88.83,21.94,77.97,5.29,95.43,25.27,96.81,7.52,59.29,21.03,37.81,0.04,0.3,0.08,0.03,0.05,50,0.13,6.79,73.52,0.64,45.83,0.43,18.75,0.43,0,10.21,70.79,0,,0,,0,0,0,0,,,2.98,,
J. Jacobs,Almere City,Almere City,RCB,26,1565,1,0.67,0,1.33,Netherlands,7.99,5.87,73.53,6.15,55.14,0.29,0.36,0.69,3.39,4.19,1.55,2,0.12,0,0,0.17,0.06,1,0.06,0.04,1,0.06,10,0.58,20,10,0,0.46,0,0.23,25,1.15,30,0.81,1.15,0,34.39,0.35,0.29,49.17,87.02,19.21,77.54,2.65,95.65,23.06,93.52,7.42,54.26,18.67,31.49,0.08,0.86,0,0,0,0,0.23,7.42,78.29,1.44,36,0.63,36.36,0.58,0.06,10.75,75.4,0,,0,,0,0,0,0,,,1.96,,
M. Waem,ADO Den Haag,ADO Den Haag,LCB,25,3232,3,3.79,3,1.3,Belgium,8.02,5.24,72.87,4.98,55.31,0.58,0.9,0.42,3.62,5.58,0.89,5,0.14,0,0,0.5,0.08,3,0.08,0.11,1,0.03,33,0.92,30.3,9.091,0.08,0.36,30.77,0.22,50,1,58.33,1.45,1.48,0.06,44.83,0.39,0.31,63.8,90.96,20.55,81.84,7.18,98.06,27.71,95.28,6.29,65.93,20.27,40.47,0.04,0.31,0.03,0,0,0,0.19,7.88,77.39,0.92,30.3,0.5,27.78,0.33,0.14,9.8,80.4,0,,0,,0,0,0,0,,,4.59,,
J. Vlak,ADO Den Haag,ADO Den Haag,"AMF, LDMF, LCMF",27,3065,11,9.78,7,4.24,Netherlands,7.87,6.37,57.14,3.96,46.67,0.29,0.45,0.09,3.93,6.01,1.35,5,0.15,0,0,2,0.32,9,0.26,0.29,0,0,74,2.17,43.24,14.865,0.21,1.23,40.48,1.06,47.22,3.08,35.24,2.88,1.17,0.12,36.91,0.59,0.32,49.45,79.04,18.47,69,8.25,95.02,13.39,79.61,5.05,50.58,17.71,38.79,0.12,1.23,0.12,0.09,0.29,20,0.73,9.22,71.02,3.82,47.69,1,26.47,1.79,0.5,8.69,81.08,0,,0,,0,0,0,0,,,0.53,,
G. Roemeratoe,RKC Waalwijk,RKC Waalwijk,"RCMF, LCMF, DMF",26,2400,0,1,1,0.35,Curaçao,8.93,6.56,69.14,1.09,58.62,0.45,0.52,0.26,3.94,4.58,0.94,6,0.23,0,0,0.45,0,0,0,0.04,0,0,15,0.56,13.33,0,0.04,0.08,50,0.53,57.14,3,38.75,0.41,0.41,0,24.53,0.15,0.6,35.66,84.33,9.71,71.43,6.45,96.51,13.8,89.13,3.19,51.76,17.76,32.27,0.01,0.11,0.04,0.08,0.11,33.33,0.04,5.59,73.15,0.56,60,0.19,20,0.3,0.04,5.06,62.96,0,,0,,0,0,0,0,,,0.94,,
C. Twigt,Willem II,Willem II,"RCMF, RDMF",23,1203,2,1.21,2,1.6,Netherlands,7.86,4.64,67.74,1.87,40,0.52,0.58,0.22,4.19,4.6,1.35,2,0.15,1,0.07,1.8,0.15,2,0.15,0.09,1,0.07,15,1.12,46.67,13.333,0.15,1.57,33.33,0.82,72.73,3.07,53.66,1.5,1.12,0.07,35.09,0.37,1.05,52.52,83.33,16.91,69.47,8.83,96.61,19.08,90.2,5.16,50.72,18.87,37.46,0.12,1.12,0,0,0.37,40,0.9,8.15,63.3,2.09,50,0.75,40,0.9,0.6,8.83,69.49,0,,0,,0,0,0,0,,,1.27,,
M. Breij,Roda JC,Roda JC,"RAMF, AMF, LAMF",29,3038,10,8.55,1,7.71,Netherlands,5.92,5.81,48.47,2.22,44,0.36,0.44,0.09,2.76,3.43,1.66,6,0.18,0,0,3.08,0.3,8,0.24,0.25,0,0,69,2.04,44.93,14.493,0.03,2.34,35.44,2.1,60.56,8.53,49.31,2.4,1.78,0.18,29.09,1.9,2.67,35.61,76.62,11.64,64.63,8.12,92.7,10.1,76.25,2.78,44.68,18.72,40.11,0.23,1.51,0.12,0,0.18,33.33,0.41,5.6,61.38,3.97,50,0.65,18.18,1.57,0.74,6.93,75.64,0,,0,,0,0,0,0,,,0.33,,
T. Galvez,Cambuur,Cambuur,LB,21,3083,0,0.71,4,4.15,England,6.83,4.61,68.99,0.9,35.48,0.06,0.08,0.2,3.59,5.06,0.58,4,0.12,0,0,2.34,0,0,0,0.02,0,0,11,0.32,18.18,0,0.12,2.48,55.29,1.52,59.62,4.09,42.14,1.78,2.07,0.29,37.34,0.61,0.67,48.78,84.26,18.54,73.7,9.14,96.81,13.05,89.04,4.85,48.8,18.55,37.96,0.12,0.93,0.06,0.03,0.15,0,0.67,5.96,65.2,3.21,60,0.44,33.33,1.05,1.23,8.82,71.52,0,,0,,0,0,0,0,,,1.63,,
F. de Jong,De Graafschap,De Graafschap,"AMF, LCMF, LWF",22,1558,2,3.2,5,3.55,Netherlands,5.26,4.74,54.88,2.25,35.9,0.23,0.35,0.29,2.43,3.63,1.21,1,0.06,0,0,2.08,0.12,2,0.12,0.19,0,0,28,1.62,28.57,7.143,0.29,2.2,42.11,1.27,54.55,3.81,39.39,2.43,1.79,0.17,24.26,0.92,0.29,37.14,82.12,13.58,74.47,6.59,97.37,11.26,84.62,3.99,60.87,17.95,25.51,0.2,1.85,0.06,0,0.12,0,0.46,5.89,77.45,3.47,61.67,0.75,46.15,1.44,0.92,7.74,80.6,0,,0,,0,0,0,0,,,0.4,,
B. Reith,Almere City,Almere City,RB,26,2265,1,1.33,4,3.19,Netherlands,10.73,9.66,66.26,1.75,40.91,0.04,0.05,0.2,4.29,4.96,1.35,1,0.04,0,0,1.35,0.04,1,0.04,0.05,0,0,16,0.64,18.75,6.25,0.16,2.46,35.48,0.68,47.06,3.06,38.96,1.51,0.72,0.28,31.67,1.03,0.6,46.97,80.96,18.6,72.01,6.64,96.41,14.7,86.22,4.49,51.33,20.34,34.1,0.13,0.91,0,0.04,0.12,33.33,0.6,5.52,66.91,2.98,44,0.48,8.33,1.03,0.83,9.38,72.03,0,,0,,0,0,0,0,,,1.51,,
M. El Allouchi,Willem II,Willem II,LW,31,1884,3,5.61,3,3.05,Netherlands,4.44,3.11,63.08,1.72,33.33,0,0,0.19,2.48,2.69,0.53,3,0.14,0,0,4.16,0.14,3,0.14,0.27,1,0.05,62,2.96,30.65,4.839,0.14,3.58,42.67,3.06,54.69,7.98,43.11,3.3,2.53,0.29,30.81,1.39,1.62,42.56,82.83,8.46,70.06,11.85,95.16,14.04,82.31,2.48,50,18.31,31.24,0.15,1.43,0.05,0.05,0.24,20,0.91,4.2,81.82,3.96,61.45,0.53,45.45,1.48,1.58,6.59,78.26,0,,0,,0,0,0,0,,,1.39,,
J. Schuurman,Willem II,Willem II,"RCMF, RDMF, AMF",28,628,0,0.38,0,0.44,Netherlands,5.16,2.87,60,1.86,69.23,0.29,0.33,0,3.15,3.67,0.14,1,0.14,0,0,1.43,0,0,0,0.05,0,0,6,0.86,16.67,0,0,2.87,30,0.86,50,3.73,53.85,2.44,1.29,0.14,20.64,0.86,0.86,32.39,79.2,8.89,70.97,8.17,91.23,9.6,80.6,1.86,69.23,17.52,28.73,0.06,0.86,0.14,0,0,0,0.14,3.15,63.64,3.73,53.85,0,0,1.43,0.72,5.02,71.43,0,,0,,0,0,0,0,,,1.15,,
J. Nisbet,Roda JC,Roda JC,"LDMF, LCMF",26,3437,3,3.63,3,2.35,Australia,8.64,5.68,70.97,1.75,52.24,0.1,0.13,0.24,4.5,5.61,0.47,4,0.1,0,0,1.2,0.08,3,0.08,0.1,0,0,25,0.65,40,12,0.08,0.92,31.43,1.02,61.54,7.57,53.63,1.57,1.96,0.29,28.2,0.39,2.09,42.42,86.48,12.86,76.99,9.03,95.65,13.22,90.89,2.09,53.75,17.11,28.67,0.06,0.58,0.08,0.05,0.08,33.33,0.37,5.87,79.91,2.15,64.63,0.39,46.67,1.28,0.26,5.89,75.56,0,,0,,0,0,0,0,,,1.2,,
J. van der Sande,Cambuur,Cambuur,CF,30,2358,9,7.25,2,2.06,Bonaire,4.81,3.89,57.84,8.78,49.57,0.38,0.58,0.04,2.18,3.32,1.56,4,0.15,0,0,1.03,0.34,9,0.34,0.28,4,0.15,42,1.6,38.1,21.429,0.08,0.19,80,0.69,33.33,11.03,29.07,3.4,0.73,0,16.53,3.02,2.25,25.08,82.04,5.46,66.43,8.51,90.58,5.65,82.43,0.73,47.37,13.82,13.21,0.08,0.34,0.08,0,0.23,16.67,0.34,2.02,69.81,1.56,53.66,0.23,16.67,1.22,0.15,2.4,66.67,0,,0,,0,0,0,0,,,0.19,,
X. Blomme,Eindhoven,Eindhoven,"LCMF, RCMF, LDMF",23,894,0,0.5,0,0.35,Belgium,11.78,9.16,65.93,2.82,28.57,0.4,0.45,0.2,5.34,5.96,2.21,3,0.3,0,0,0.6,0,0,0,0.05,0,0,8,0.81,25,0,0,0.2,50,0.3,100,3.62,38.89,1.31,0.1,0,14.6,0.2,0.81,28.19,78.21,11.58,63.48,4.43,93.18,6.34,90.48,2.32,47.83,14.73,18.78,0.04,0.5,0,0,0.1,0,0,5.23,67.31,1.01,40,0.3,33.33,0.4,0.1,4.13,68.29,0,,0,,0,0,0,0,,,0.4,,
D. Cleonise,RKC Waalwijk,RKC Waalwijk,"RW, RAMF",24,2167,7,6.21,6,4.94,Netherlands,2.74,2.2,45.28,0.29,14.29,0,0,0.12,1.74,2.14,0.33,0,0,0,0,5.69,0.29,7,0.29,0.26,0,0,51,2.12,39.22,13.725,0.25,3.03,35.62,6.85,54.55,16.49,41.56,5.07,5.61,0.87,19.85,1.5,1.54,28.62,81.42,4.44,71.96,11.34,93.77,6.73,75.31,0.75,44.44,17.37,15.03,0.21,1.54,0.04,0,0.12,33.33,1,1.37,66.67,2.41,62.07,0.12,33.33,1.37,1.04,3.28,73.42,0,,0,,0,0,0,0,,,0.08,,
D. van Kaam,RKC Waalwijk,RKC Waalwijk,"RCMF, LCMF",25,2370,1,1.62,2,6.56,Netherlands,3.99,3.04,63.75,1.18,41.94,0.04,0.04,0.15,2.01,2.38,0.27,1,0.04,0,0,1.9,0.04,1,0.04,0.06,0,0,17,0.65,23.53,5.882,0.08,1.44,50,1.63,53.49,5.13,44.44,0.84,2.62,0.53,26.39,0.53,0.76,37.71,85.1,12.3,77.47,6.68,96.02,11.96,87.62,2.28,56.67,16.89,26.75,0.25,1.97,0.11,0,0.3,50,0.72,5.2,78.1,2.92,59.74,0.46,50,1.22,0.72,6.38,76.19,0,,0,,0,0,0,0,,,0.95,,
M. Tirpan,Willem II,Willem II,RB,31,272,0,0,0,0,Belgium,9.93,8.93,44.44,1.99,50,0,0,0.66,5.96,6.84,1.99,0,0,0,0,0.66,0,0,0,0,0,0,1,0.33,0,0,0,1.99,33.33,0.66,0,5.96,38.89,0,2.98,0,39.04,0.99,0.66,51.29,84.52,20.51,79.03,8.6,92.31,14.23,86.05,4.96,53.33,20.54,35.84,0,0,0,0,0,0,0,9.26,78.57,4.3,46.15,0.66,50,0.99,0.99,12.57,78.95,0,,0,,0,0,0,0,,,2.32,,
A. van der Heide,Tondela,De Graafschap,"RW, RWF, LAMF",24,1092,4,4.09,2,3.18,Netherlands,6.51,7.17,59.77,2.06,28,0,0,0.16,2.23,2.97,1.07,3,0.25,0,0,6.68,0.33,4,0.33,0.34,0,0,38,3.13,42.11,10.526,0.16,4.2,43.14,5.85,60.56,12.36,44.67,4.29,3.63,0.33,22.09,2.64,0.82,29.42,73.95,8.49,65.05,5.77,95.71,10.05,68.03,2.14,42.31,18.65,27.62,0.26,2.14,0.16,0.08,0.08,0,1.07,3.63,65.91,5.52,61.19,0.25,66.67,2.31,1.73,6.02,79.45,0,,0,,0,0,0,0,,,0,,
N. Souren,Cambuur,Cambuur,"DMF, RCMF, RDMF",26,1918,2,1.04,0,0.17,Netherlands,6.71,4.69,63,1.6,44.12,0.19,0.28,0.28,3.57,5.3,0.8,6,0.28,0,0,0.38,0.09,2,0.09,0.05,0,0,14,0.66,35.71,14.286,0,0,0,0.23,60,2.44,34.62,0.42,0.61,0.05,26.42,0.14,0.52,39.98,89.55,10.98,77.35,6.57,96.43,15.25,96,1.45,70.97,16.69,24.87,0.01,0.33,0.05,0.09,0.19,0,0.05,4.6,75.51,0.99,57.14,0.28,0,0.47,0,4.46,71.58,0,,0,,0,0,0,0,,,0.84,,
R. Balk,Cambuur,Cambuur,"RCMF, CF, RWF",25,2985,7,8.74,4,1.93,Netherlands,4.43,3.59,56.3,1.72,47.37,0.39,0.56,0.21,2.02,2.9,0.9,3,0.09,1,0.03,1.99,0.21,7,0.21,0.26,0,0,50,1.51,44,14,0.12,1.21,22.5,1.9,55.56,6,48.74,3.92,1.33,0.18,13.15,1.57,1.87,18.36,78,3.92,66.15,5.49,92.31,4.61,75.82,0.72,50,16.73,14.12,0.06,0.66,0,0,0.03,0,0.42,1.33,65.91,1.18,38.46,0.03,0,0.78,0.21,1.96,56.92,0,,0,,0,0,0,0,,,0.18,,
S. Bonnah,Vitesse,Vitesse,RB,22,1640,0,0.12,1,0.61,Netherlands,9.27,8.07,60.54,1.04,47.37,0.38,0.48,0.27,4.01,4.97,0.82,3,0.16,0,0,0.88,0,0,0,0.01,0,0,6,0.33,0,0,0.05,2.03,13.51,1.15,52.38,3.51,42.19,0.71,1.43,0.33,19.04,1.98,0.99,28.98,76.7,9.55,68.97,5.82,96.23,8.23,75.33,3.18,48.28,19.1,31.97,0.03,0.27,0,0,0,0,0.11,2.85,63.46,1.65,30,0.05,0,0.16,0.38,5.71,63.46,0,,0,,0,0,0,0,,,1.59,,
R. Providence,Almere City,Almere City,"LAMF, LW",24,1132,1,2.27,2,1.94,France,5.33,6.6,51.81,1.59,70,0.16,0.18,0.08,1.75,1.97,1.03,0,0,1,0.08,3.1,0.08,1,0.08,0.18,0,0,17,1.35,35.29,5.882,0.16,2.86,16.67,4.29,50,13.6,30.99,3.42,3.66,0,16.93,1.59,0.95,24.41,73.62,6.6,67.47,5.17,92.31,7.23,68.13,1.35,23.53,14.41,10.32,0.15,1.19,0,0,0,0,0.56,1.91,75,2.62,36.36,0.08,0,1.27,0.64,3.02,65.79,0,,0,,0,0,0,0,,,0.24,,
R. Kongolo,Emmen,Emmen,"RCMF, DMF, RDMF",28,2437,2,2.61,1,1.35,Netherlands,7.94,6.35,65.12,2.33,55.56,0.07,0.09,0.37,3.73,4.6,1.4,0,0,0,0,0.63,0.07,2,0.07,0.1,0,0,18,0.66,44.44,11.111,0.04,0.33,11.11,0.55,53.33,3.51,42.11,0.78,0.78,0.15,22.56,0.22,1.11,33.42,83.43,11.6,72.29,6.09,96.36,10.93,86.82,1.62,43.18,17.05,19.23,0.05,0.41,0,0,0.04,0,0.3,4.39,73.11,1,48.15,0.22,50,0.52,0.04,4.47,65.29,0,,0,,0,0,0,0,,,1.03,,
J. Cooper-Love,Roda JC,Roda JC,"CF, AMF",24,1575,7,9.37,1,0.83,Sweden,2.57,2.69,55.32,6.34,26.13,0.11,0.15,0.06,0.97,1.25,1.14,2,0.11,0,0,2.51,0.4,7,0.4,0.54,0,0,53,3.03,49.06,13.208,0.06,0.86,20,1.94,44.12,9.37,25.61,4.63,1.66,0.51,14,1.94,1.66,17.31,74.26,3.83,61.19,4.97,89.66,4.23,72.97,0.29,60,13.41,5.64,0.05,0.46,0,0,0,0,0.29,1.43,64,1.71,50,0.06,0,1.03,0.4,2.11,51.35,0,,0,,0,0,0,0,,,0.06,,
T. Didillon-Hödl,Willem II,Willem II,GK,30,3345,0,0,0,0.44,France,1.1,0.03,100,0.38,92.86,0,0,0,1.08,1.18,0,0,0,0,0,0.08,0,0,0,0,0,0,0,0,0,0,0,0,0,0.05,100,0.13,100,0,0.05,0.05,17.95,0.22,0.13,27.42,84.4,18.19,77.66,0,0,8.83,97.56,13.56,70.83,35.93,49.2,0.01,0.05,0.03,0.05,0.03,100,0,3.17,59.32,0.16,16.67,0.05,0,0.03,0,11.54,79.49,40,1.08,183,4.92,11,78.14,46.3,1.25,6.3,0.17,0,1.02,0.38
A. Ciranni,Willem II,Willem II,RB,29,1507,0,0.35,0,1.6,Belgium,10.99,8.48,61.27,2.33,46.15,0.48,0.55,0.42,5.32,6.07,1.07,2,0.12,0,0,1.73,0,0,0,0.02,0,0,9,0.54,22.22,0,0,3.22,40.74,0.42,71.43,1.13,52.63,0.84,0.66,0.06,30.76,1.02,0.48,41.8,76.14,16.78,64.41,5.26,96.59,14.87,81.53,7.76,50,21.19,35.64,0.1,0.78,0,0,0,0,0.3,7.76,66.92,3.76,49.21,0.6,50,0.66,1.31,10.81,71.27,0,,0,,0,0,0,0,,,1.02,,
N. Doodeman,Willem II,Willem II,"RW, RAMF, RWF",29,3291,6,4.34,18,18.1,Netherlands,4.51,4.16,59.21,0.77,39.29,0.05,0.06,0.08,2,2.19,0.57,1,0.03,0,0,3.91,0.16,6,0.16,0.12,0,0,42,1.15,45.24,14.286,0.49,6.56,28.75,2.52,57.61,5.06,40.54,2.68,2.22,0.33,23.79,3.17,0.44,30.98,72.37,6.75,73.68,6.86,88.05,11.21,63.41,1.94,53.52,19.7,30.89,0.5,3.14,0.14,0,0.08,66.67,1.29,2.27,72.29,5.5,42.29,0.25,44.44,1.18,1.89,6.32,79.22,0,,0,,0,0,0,0,,,0.03,,
Celton Biai,Dordrecht,Dordrecht,GK,25,3263,0,0,0,0,Guinea-Bissau,1.57,0.06,100,0.33,100,0.06,0.07,0,1.46,1.84,0,3,0.08,0,0,0.06,0,0,0,0,0,0,0,0,0,0,0,0,0,0.06,100,0.22,75,0,0.06,0,22.89,0.3,0.08,34.86,78.72,19.91,65.93,0,0,14.04,96.07,15.47,58.29,35.4,51.05,0,0,0,0,0,0,0,4.55,37.58,0.3,36.36,0.52,21.05,0.06,0,12.41,70.44,52,1.43,171,4.72,6,69.59,52.13,1.44,0.13,0.004,0,1.9,0.33
E. Rottier,ADO Den Haag,ADO Den Haag,"CF, AMF",24,2708,9,11.25,5,5.46,Netherlands,2.59,2.29,50.72,3.19,22.92,0,0,0.17,1.43,2.19,0.83,1,0.03,0,0,2.16,0.3,9,0.3,0.37,1,0.03,52,1.73,46.15,17.308,0.17,1.53,28.26,1.33,67.5,8.24,37.5,4.99,0.96,0.13,11.9,2.33,1.3,18.05,71.27,3.59,57.41,4.85,88.36,4.79,68.75,0.8,41.67,15.78,16.85,0.18,1.4,0.07,0,0.1,33.33,0.66,1.66,66,1.53,41.3,0.27,25,1.06,0.4,1.5,66.67,0,,0,,0,0,0,0,,,0,,
R. Sigurgeirsson,Sønderjyske,Willem II,LB,25,266,0,0.02,0,0.02,Iceland,11.84,8.46,60,1.02,66.67,0.68,0.73,1.02,6.09,6.59,1.35,2,0.68,1,0.34,0.68,0,0,0,0.01,0,0,1,0.34,0,0,0,1.02,33.33,0.68,50,4.06,41.67,0,2.37,0.68,17.59,2.03,1.02,32.48,61.46,14.21,45.24,4.74,85.71,9.81,65.52,6.43,15.79,22.49,44.79,0.01,0.34,0,0,0,0,0.34,4.74,35.71,2.03,50,0.34,0,0.34,0,9.47,46.43,0,,0,,0,0,0,0,,,1.69,,
R. Mulders,Cambuur,Cambuur,RB,25,2306,0,0.2,2,1.99,Netherlands,9.76,8.66,59.46,2.3,42.37,0.9,1.28,0.12,3.71,5.29,0.98,6,0.23,0,0,2.38,0,0,0,0.01,0,0,7,0.27,0,0,0.08,3.08,30.38,1.99,70.59,4.76,59.02,1.17,1.37,0.2,37.35,1.09,1.29,50,83.06,19.16,75.97,9.02,96.54,15.53,87.69,5,52.34,20.94,41.5,0.08,0.55,0.12,0.04,0.04,100,0.43,7.26,70.43,2.65,42.65,0.66,23.53,0.66,0.78,9.21,76.27,0,,0,,0,0,0,0,,,3.24,,
J. Müller,Roda JC,Roda JC,"RDMF, RCMF",25,3485,2,2.6,2,3.51,Germany,6.97,4.67,69.61,2.43,44.68,0.03,0.03,0.39,3.69,4.6,0.77,3,0.08,0,0,1.01,0.05,2,0.05,0.07,0,0,37,0.96,32.43,5.405,0.05,0.59,17.39,1.06,53.66,3.8,33.33,1.32,0.83,0.03,25.41,0.41,0.59,37.73,86.86,10.51,73.46,7.26,97.15,13.64,93.56,2.61,62.38,16.96,30.57,0.09,0.65,0.03,0.03,0.03,100,0.18,4.42,78.95,1.01,58.97,0.21,37.5,0.7,0.15,4.83,65.24,0,,0,,0,0,0,0,,,0.85,,
M. Tol,Roda JC,Roda JC,RCB,28,3459,0,2.38,2,1.21,Netherlands,7.49,4.5,68.21,3.28,43.65,0.18,0.23,0.94,4.24,5.28,0.42,3,0.08,0,0,0.42,0,0,0,0.06,0,0,15,0.39,33.33,0,0.05,0.42,31.25,0.21,75,0.78,50,0.65,1.48,0.18,37.57,0.21,0.26,55.47,85.93,22.97,74.63,3.98,96.73,25.21,94.63,10.56,55.67,23.91,38.38,0.03,0.18,0,0.03,0.03,0,0.08,8.77,68.84,1.07,41.46,1.09,26.19,0.36,0.13,12.54,74.69,0,,0,,0,0,0,0,,,3.04,,
T. Jansen,Cambuur,Cambuur,GK,24,3659,0,0,1,0,Netherlands,2.12,0.05,50,0.42,100,0,0,0,2.09,3.03,0.05,1,0.02,0,0,0,0,0,0,0,0,0,0,0,0,0,0.02,0,0,0.02,0,0.17,57.14,0,0,0,22.51,0.39,0.22,33.85,83.43,20.78,74.91,0,0,11.95,97.33,15.57,67.3,32.97,47.36,0,0,0,0.02,0,0,0.02,2.9,45.76,0.17,14.29,0.42,11.76,0.05,0,12.74,76.25,48,1.18,181,4.45,11,73.48,47.85,1.18,-0.15,-0.004,0,1.38,0.42
E. van de Blaak,Almere City,Almere City,"RCB, LCB",21,2606,1,1.25,0,1.04,Netherlands,9.91,5.42,80.25,3.7,47.66,0.41,0.47,0.79,5.15,5.81,0.48,3,0.1,0,0,0.24,0.03,1,0.03,0.04,1,0.03,12,0.41,8.33,8.333,0,0.17,40,0.21,66.67,1.04,56.67,0.73,0.52,0.03,32.5,0.14,0.28,50.35,90.33,16.82,78.64,4.21,95.9,24.28,97.72,3.87,54.46,20.61,38.81,0.04,0.24,0,0.03,0.03,0,0.1,4.52,74.81,0.55,56.25,0.17,20,0.38,0.07,7.63,70.59,0,,0,,0,0,0,0,,,3.32,,
T. Bijleveld,Almere City,Almere City,LB,27,1181,3,0.4,0,1.65,Netherlands,8.92,6.33,65.06,1.75,30.43,0.84,0.97,0.53,3.96,4.57,0.61,1,0.08,0,0,1.98,0.23,3,0.23,0.03,0,0,12,0.91,25,25,0,1.91,36,1.22,62.5,4.27,44.64,1.6,1.91,0.23,31.17,0.61,0.91,44.96,81.86,18.67,76.33,7.16,95.74,12.04,82.28,4.88,51.56,20.49,37.03,0.13,1.22,0.15,0.08,0.38,80,0.46,6.4,75,3.05,60,0.76,70,1.52,0.53,9.98,78.63,0,,0,,0,0,0,0,,,1.75,,
J. Hilton,Dordrecht,Dordrecht,"LB, RB",24,1596,0,0.05,1,0.68,United States,11.05,8.06,65.03,2.2,43.59,0.06,0.07,0.51,5.75,7.43,0.85,1,0.06,0,0,1.69,0,0,0,0,0,0,4,0.23,25,0,0.06,1.97,40,1.58,50,5.19,45.65,0.39,1.24,0.17,19.45,0.62,1.52,35.19,76.92,15.34,67.28,5.64,94,9.08,83.23,5.41,50,19.32,30.1,0.04,0.28,0,0,0.06,100,0.17,4.06,52.78,2.99,39.62,0.79,21.43,0.73,0.79,8.29,59.86,0,,0,,0,0,0,0,,,1.13,,
B. Koglin,Helmond Sport,Helmond Sport,"CB, RCB, LCB",29,2458,2,2.49,2,0.01,Germany,10.55,5.9,70.81,5.49,62.67,0.26,0.31,0.92,6.11,7.29,1.32,5,0.18,0,0,0.73,0.07,2,0.07,0.09,1,0.04,24,0.88,41.67,8.333,0.07,0.04,0,0.48,61.54,0.95,69.23,0.73,0.7,0.33,31.05,0.15,0.22,49.72,86.67,18.64,74.26,2.93,96.25,24.53,95.82,5.57,58.55,21.85,37.35,0,0.04,0,0,0.07,100,0.07,5.13,64.29,0.29,37.5,0.18,100,0.11,0,9.3,68.11,0,,0,,0,0,0,0,,,2.12,,
E. Kehrer,Willem II,Willem II,"LWF, LAMF, LW",23,395,1,1.9,0,0.36,Germany,4.33,5.7,56,2.28,0,0,0,0,1.14,1.43,1.37,0,0,0,0,5.24,0.23,1,0.23,0.43,0,0,13,2.96,46.15,7.692,0,2.73,41.67,7.06,35.48,11.62,33.33,4.33,2.73,0,20.05,2.51,0.23,25.75,70.8,6.15,66.67,7.97,88.57,7.29,59.38,1.14,60,17.42,23.88,0.08,0.68,0,0,0.46,50,0.46,1.14,100,3.65,56.25,0.68,66.67,1.37,1.14,3.87,76.47,0,,0,,0,0,0,0,,,0,,
M. Kleinen,MVV,MVV,"LDMF, RCMF, RDMF",24,1534,1,1.41,0,0.06,Netherlands,8.57,7.33,64.8,1.23,61.9,0.59,0.59,0.18,3.23,3.27,1.23,4,0.23,0,0,1.06,0.06,1,0.06,0.08,0,0,14,0.82,28.57,7.143,0,0.53,22.22,0.88,80,4.05,55.07,0.47,0.94,0.06,22.41,0.53,1.7,35.2,83.67,12.03,67.8,7.04,95.83,11.21,89.53,3.7,58.73,17.95,28.69,0,0.23,0,0,0,0,0,5.34,67.03,1.35,30.43,0.23,50,0.47,0.18,5.63,67.71,0,,0,,0,0,0,0,,,1.41,,
N. Binder,Cambuur,Cambuur,"CF, LWF",24,361,0,0.03,2,0.74,Austria,3.49,3.49,50,11.72,36.17,0,0,0,1.75,3,1.5,0,0,0,0,0.75,0,0,0,0.01,0,0,1,0.25,0,0,0.5,0.25,0,1,75,7.73,25.81,1.99,0.25,0,5.98,1.99,1.75,12.22,81.63,2.74,45.45,4.74,89.47,2.24,100,0.5,50,16.45,7.71,0.18,1,0,0,0,0,0.5,1,75,0.25,100,0,0,0.75,0,0.5,50,0,,0,,0,0,0,0,,,0.25,,
R. Niemeijer,De Graafschap,De Graafschap,"CF, AMF, DMF",31,3373,19,19.51,4,3.6,Netherlands,3.63,3.18,56.3,2.19,23.17,0.21,0.31,0.11,1.63,2.33,0.67,5,0.13,0,0,3.39,0.51,17,0.45,0.52,2,0.05,137,3.66,44.53,13.869,0.11,1.63,29.51,2.13,57.5,4.35,42.94,4.11,1.09,0.19,23.27,1.63,0.88,28.63,75.21,8.4,61.27,7.52,93.62,8.03,76.74,2.88,51.85,19.74,38.58,0.1,0.77,0.08,0.05,0.21,25,0.43,4.46,63.47,2.64,49.49,0.8,33.33,1.31,0.51,4.96,75.81,0,,0,,0,0,0,0,,,0.35,,
F. Limouri,Eindhoven,Eindhoven,RCB,23,1922,2,1.86,0,0.49,Morocco,7.91,4.4,68.09,3.32,57.75,0.23,0.24,0.52,4.68,4.86,0.94,2,0.09,1,0.05,0.37,0.09,2,0.09,0.09,0,0,23,1.08,21.74,8.696,0,0.23,20,0.28,33.33,0.7,20,0.84,0.33,0,28.8,0.19,0.19,42.14,86.78,13.72,68.94,4.07,95.4,21.73,96.55,5.76,52.85,22.74,39.98,0.02,0.19,0,0,0,0,0.05,4.17,55.06,0.61,23.08,0.37,0,0.19,0.05,6.23,63.16,0,,0,,0,0,0,0,,,3.37,,
I. Griffith,Roda JC,Roda JC,"LAMF, RAMF, LW",24,2041,4,4.24,5,4.87,Netherlands,5.25,4.59,68.27,0.62,14.29,0.04,0.06,0.04,2.07,2.61,0.31,0,0,0,0,3.66,0.18,4,0.18,0.19,0,0,31,1.37,35.48,12.903,0.22,2.12,47.92,3.7,58.33,8.07,40.98,3.84,2.87,0.35,23.64,1.59,0.79,31.44,82.75,7.89,74.3,8.86,94.03,8.55,83.51,0.93,33.33,15.43,18.04,0.21,1.41,0.04,0,0,0,0.71,2.73,74.19,2.51,57.89,0.22,20,1.41,0.93,4.37,70.71,0,,0,,0,0,0,0,,,0.04,,
L. Unbehaun,Emmen,Emmen,GK,25,3384,0,0,0,0.19,Germany,2.39,0.16,50,0.59,95.45,0,0,0,2.31,3,0.03,1,0.03,1,0.03,0,0,0,0,0,0,0,0,0,0,0,0,0,0,0.03,0,0.11,75,0,0,0,22.71,0.19,0.16,35.45,81.32,18.3,65.55,0,0,16.04,98.51,14.55,56.86,35.01,52.3,0.01,0.08,0,0.03,0,0,0.03,6.14,52.81,0.32,16.67,0.56,14.29,0.05,0,10.4,76.21,65,1.73,208,5.53,6,68.75,56.59,1.5,-8.41,-0.224,0,1.54,0.59
D. Tomas,ADO Den Haag,ADO Den Haag,RCB,28,1372,5,3.07,2,0.95,Finland,6.69,4.46,63.24,6.03,65.22,0.59,0.94,0.72,3.28,5.24,1.31,5,0.33,0,0,0.79,0.33,5,0.33,0.2,4,0.26,19,1.25,42.11,26.316,0.13,0.33,60,0.33,20,1.38,52.38,2.03,1.31,0.07,39.82,0.39,0.92,57.59,88.84,22.76,79.83,6.69,98.04,20.27,95.15,6.17,52.13,19.67,31.82,0.06,0.46,0,0,0,0,0.33,6.69,63.73,1.12,47.06,0.39,33.33,1.05,0.2,9.05,73.19,0,,0,,0,0,0,0,,,4.26,,
K. van Veen,Eindhoven,Eindhoven,CF,34,1094,4,3.03,1,1.37,Netherlands,3.13,3.87,38.3,7.57,42.39,0.16,0.19,0.08,1.48,1.75,2.71,7,0.58,1,0.08,1.56,0.33,4,0.33,0.25,1,0.08,19,1.56,36.84,21.053,0.08,1.07,30.77,1.07,53.85,6.33,27.27,1.89,0.33,0.08,11.02,2.96,0.66,18.84,61.14,4.69,47.37,3.46,76.19,6.09,60.81,0.9,27.27,16.61,11.13,0.11,0.49,0,0,0.25,33.33,0.33,2.96,58.33,1.48,44.44,0.33,25,0.74,0.25,2.8,70.59,0,,0,,0,0,0,0,,,0,,
J. Lawrence,Almere City,Almere City,LCB,33,2299,1,1.34,1,1.17,England,9.94,5.48,72.86,4.89,47.2,0.27,0.31,0.55,5.68,6.47,0.98,2,0.08,0,0,0.51,0.04,1,0.04,0.05,0,0,14,0.55,28.57,7.143,0.04,0.55,28.57,0.27,57.14,1.64,50,0.82,1.02,0.04,39.42,0.39,0.67,58.72,86.27,24.62,77.11,4.82,95.93,21.96,93.94,6.58,52.98,19.75,37.55,0.05,0.27,0.04,0.04,0.04,100,0.2,6.11,69.23,0.67,47.06,0.43,45.45,0.23,0.16,10.8,67.03,0,,0,,0,0,0,0,,,2.98,,
C. Staring,Emmen,Emmen,"DMF, LDMF, RDMF",25,1361,1,0.5,1,0.68,Netherlands,8.53,5.03,65.79,2.71,36.59,0.13,0.17,0.33,5.09,6.47,0.99,3,0.2,0,0,0.66,0.07,1,0.07,0.03,0,0,16,1.06,18.75,6.25,0.07,0.6,22.22,0.33,100,2.18,42.42,0.53,0.99,0,28.7,0.07,0.53,43.58,85.28,15.21,76.09,6.35,92.71,15.61,91.1,3.11,46.81,18.31,38.1,0.04,0.46,0,0,0,0,0.13,7.6,78.26,1.59,58.33,0.26,25,0.86,0.13,7.14,80.56,0,,0,,0,0,0,0,,,0.66,,
L. Reischl,ADO Den Haag,ADO Den Haag,CF,22,2106,10,11.01,1,0.82,Austria,3.38,3.33,52.56,5.04,40.68,0.21,0.33,0.09,1.41,2.16,1.5,4,0.17,0,0,1.75,0.43,10,0.43,0.47,6,0.26,77,3.29,35.06,12.987,0.04,0.47,9.09,0.81,68.42,6.15,36.81,4.66,0.56,0.21,13.63,1.92,1.79,16.88,74.68,2.48,46.55,6.28,89.8,3.63,67.06,0.51,25,14.37,9.21,0.04,0.43,0,0.04,0,0,0.13,0.77,50,0.68,43.75,0,0,0.34,0.09,1.07,40,0,,0,,0,0,0,0,,,0.09,,
D. van Mieghem,ADO Den Haag,ADO Den Haag,"RAMF, RW",36,1821,7,3.66,8,5.01,Netherlands,3.51,3.61,43.84,0.44,44.44,0.05,0.08,0.05,1.88,3.06,0.89,2,0.1,0,0,4.74,0.35,7,0.35,0.18,0,0,47,2.32,48.94,14.894,0.4,4.79,52.58,2.72,40,5.29,40.19,1.29,0.99,0,29.06,1.68,1.14,37.31,72.72,10.48,55.19,6.52,93.18,14.88,78.74,6.18,51.2,22.68,38.16,0.25,2.08,0.15,0.05,0.1,0,0.74,7.36,60.4,6.18,59.2,0.99,45,1.09,2.52,9.74,83.25,0,,0,,0,0,0,0,,,0.25,,
S. Westerveld,MVV,MVV,GK,23,3671,0,0,1,0,Spain,2.18,0.1,100,0.88,94.44,0.02,0.03,0,2.06,2.15,0,0,0,0,0,0.02,0,0,0,0,0,0,0,0,0,0,0.02,0,0,0.02,100,0.25,80,0,0,0,21.45,0.17,0.29,32.8,84.08,18.68,73.36,0.02,0,13.19,98.51,12.38,61.19,32.24,50.13,0,0,0,0.02,0,0,0.02,3.53,43.06,0.25,10,0.22,33.33,0.02,0,9.81,76.25,73,1.79,231,5.66,6,68.4,67.8,1.66,-5.2,-0.127,0,2.5,0.88
D. Haen,Willem II,Willem II,CF,21,3054,19,18.25,3,3.04,Netherlands,3.04,2.27,54.55,6.37,49.07,0.06,0.06,0.21,1.74,1.91,1.36,3,0.09,0,0,2.3,0.56,18,0.53,0.54,6,0.18,104,3.06,50,18.269,0.09,0.68,26.09,1.15,51.28,5.51,32.09,4.6,0.97,0.32,11.94,2.92,0.65,16.15,71.9,4.07,57.25,3.74,89.76,4.98,71.01,1,55.88,16.97,25.69,0.09,0.74,0.06,0,0.03,0,0.38,2.09,54.93,1.21,46.34,0.06,50,0.91,0.18,2.03,69.57,0,,0,,0,0,0,0,,,0.15,,
R. Kuijpers,RKC Waalwijk,RKC Waalwijk,"RW, LW, RWF",26,970,3,2.79,1,2.27,Netherlands,6.68,6.49,62.86,0.65,42.86,0.28,0.35,0,2.32,2.88,1.11,1,0.09,0,0,6.12,0.28,3,0.28,0.26,0,0,21,1.95,38.1,14.286,0.09,5.75,35.48,5.94,54.69,10.21,44.55,3.25,4.45,0.46,21.06,2.51,0.84,29.41,69.4,7.52,58.02,7.24,92.31,9.28,63,1.86,35,18.16,16.16,0.21,1.21,0,0,0.19,50,0.37,1.95,52.38,5.2,39.29,0.19,0,0.84,2.41,5.2,67.86,0,,0,,0,0,0,0,,,0.19,,
E. Cornelisse,Almere City,Almere City,"LDMF, RDMF, LCMF",23,1930,1,1.94,2,1.08,Netherlands,7.32,5.46,70.94,3.64,47.44,0.05,0.06,0.28,3.4,4.09,1.03,0,0,0,0,1.03,0.05,1,0.05,0.09,1,0.05,30,1.4,16.67,3.333,0.09,0.98,28.57,0.61,76.92,3.22,46.38,1.4,0.61,0,23.04,0.47,0.79,34.27,80.41,11.01,67.37,5.5,98.31,12.08,84.94,3.4,53.42,19.77,32.6,0.05,0.84,0,0,0.19,25,0.33,5.74,66.67,1.31,35.71,0.33,57.14,0.61,0.23,5.64,69.42,0,,0,,0,0,0,0,,,0.89,,
F. Van Den Eynden,Helmond Sport,Helmond Sport,RCB,25,2910,0,0.68,0,0.09,Belgium,10.61,4.98,71.43,4.24,64.96,0.77,0.9,0.96,6.28,7.28,1.02,6,0.19,0,0,0.19,0,0,0,0.02,0,0,9,0.28,11.11,0,0,0.19,16.67,0.19,66.67,0.93,50,0.74,0.84,0.06,31.02,0.37,0.49,45.09,87.86,16.18,78.2,3.93,96.06,20.57,94.89,4.79,49.03,21.08,34.68,0,0.09,0,0,0.03,0,0,4.36,70.21,0.4,23.08,0.19,50,0.19,0.03,6.93,63.84,0,,0,,0,0,0,0,,,2.47,,
M. Paulissen,Roda JC,Roda JC,AMF,33,837,3,2.5,1,1.39,Netherlands,3.23,3.33,61.29,2.58,54.17,0.11,0.14,0.11,1.08,1.42,0.75,1,0.11,0,0,2.69,0.32,3,0.32,0.27,0,0,21,2.26,28.57,14.286,0.11,1.08,30,2.37,63.64,7.63,32.39,3.87,1.72,0.22,25.38,1.4,0.86,35.38,75.68,11.18,65.38,7.2,88.06,8.49,78.48,1.29,0,14.79,14.3,0.15,1.29,0,0.11,0.22,100,0.32,3.66,61.76,2.37,59.09,0.43,50,2.15,0.32,4.41,70.73,0,,0,,0,0,0,0,,,0,,
K. Jansen,Roda JC,Roda JC,LB,22,1549,1,0.94,3,2.62,Netherlands,7.73,5.64,67.01,1.74,50,0.06,0.07,0.12,3.89,4.99,0.41,3,0.17,0,0,2.73,0.06,1,0.06,0.05,0,0,13,0.76,23.08,7.692,0.17,4.3,29.73,1.51,84.62,4.47,58.44,2.09,3.08,0.81,38,1.86,1.16,49.04,80.45,15.34,71.59,10.92,94.68,15.16,81.23,3.66,44.44,18.6,29.84,0.15,1.05,0,0.06,0,0,0.87,3.78,76.92,2.96,50.98,0,0,0.87,1.45,8.6,66.89,0,,0,,0,0,0,0,,,1.45,,
K. Bucker,Emmen,Emmen,GK,29,271,0,0,0,0,Netherlands,2.99,0,0,0.66,100,0,0,0,2.99,3.55,0,0,0,0,0,0,0,0,0,0,0,0,0,0,0,0,0,0,0,0,0,0.33,100,0,0,0,22.58,0.66,0.33,32.88,81.82,21.92,74.24,0,0,9.96,96.67,15.61,65.96,36.18,47.79,0,0,0,0,0,0,0,4.65,50,0,0,0.33,0,0,0,11.29,85.29,7,2.32,16,5.31,0,56.25,8.16,2.71,1.16,0.385,0,4.32,0.66
D. Huisman,Eindhoven,Eindhoven,"RCMF, LCMF, RDMF",23,3125,4,3.64,2,2.32,Netherlands,7.8,4.61,55.63,2.16,46.67,0.55,0.61,0.49,4.69,5.22,1.04,3,0.09,0,0,1.09,0.12,4,0.12,0.1,0,0,38,1.09,36.84,10.526,0.06,0.84,37.93,0.6,57.14,3.2,35.14,1.07,0.6,0.12,24.22,0.4,0.72,39.11,80.78,14.11,70,5.44,95.24,13.62,88.16,5.59,56.7,19.11,32.79,0.07,0.72,0.06,0,0.09,33.33,0.23,7.46,67.57,2.02,50,0.69,41.67,0.72,0.32,7.08,73.98,0,,0,,0,0,0,0,,,0.75,,
S. Blummel,Eindhoven,Eindhoven,RW,29,2212,4,4.83,1,2.85,Netherlands,5.94,5.09,58.4,1.67,34.15,0.24,0.26,0,2.73,2.94,0.81,5,0.2,0,0,2.93,0.16,4,0.16,0.2,0,0,52,2.12,48.08,7.692,0.04,2.03,34,2.12,53.85,3.99,41.84,2.52,1.22,0.33,20.51,3.17,0.41,28.24,78.1,8.22,72.28,6.59,93.83,8.54,73.81,2.44,53.33,18.34,25.81,0.12,1.55,0,0.08,0.16,50,0.57,2.89,71.83,3.09,52.63,0.33,50,1.02,0.69,5.98,72.11,0,,0,,0,0,0,0,,,0.41,,
P. Heise,VVV Venlo,VVV Venlo,"LCB, LB",34,2200,3,1.72,2,5.57,Germany,7.9,5.15,60.32,1.68,51.22,0.2,0.25,0.33,4.58,5.62,0.57,1,0.04,0,0,1.76,0.12,2,0.08,0.07,0,0,23,0.94,34.78,13.043,0.08,2.17,37.74,0.9,59.09,2.45,50,0.78,2.25,0.2,33.59,0.82,1.1,49.42,81.87,20.25,75.56,5.11,96.8,19.02,85.81,7.73,59.26,22.14,36.91,0.23,1.31,0,0.04,0.16,50,0.45,7.2,69.89,2.54,48.39,0.61,46.67,0.53,0.78,11.99,74.74,0,,0,,0,0,0,0,,,2.05,,
J. Mukeh,Emmen,Emmen,LCB,23,2462,1,0.67,0,0.09,Netherlands,7.27,5.12,64.29,2.16,52.54,0.11,0.12,0.51,3.87,4.33,0.73,7,0.26,0,0,0.26,0.04,1,0.04,0.02,0,0,5,0.18,20,20,0,0.15,25,0.22,66.67,1.21,51.52,0.29,0.88,0.04,32.5,0.07,0.48,46.65,88.95,15.57,74.65,3.62,94.95,22.7,97.42,4.94,47.41,20.76,37.85,0,0.07,0,0,0.04,100,0,5.15,60.99,0.66,22.22,0.69,10.53,0.07,0.07,6.43,68.75,0,,0,,0,0,0,0,,,2.45,,
J. Déom,Roda JC,Roda JC,"AMF, RDMF, LDMF",27,551,0,0.21,0,1.04,Belgium,9.15,7.51,67.39,1.8,45.45,0.82,1.12,0.16,3.27,4.48,1.14,1,0.16,0,0,1.8,0,0,0,0.03,0,0,4,0.65,0,0,0,2.12,61.54,0.98,50,4.08,28,2.29,1.63,0,22.21,0.49,0.49,32.18,79.7,10.45,59.38,6.86,85.71,11.76,91.67,2.94,38.89,16.07,13.67,0.17,1.31,0,0,0,0,0.49,4.25,53.85,1.8,63.64,0.49,0,0.33,1.14,4.74,65.52,0,,0,,0,0,0,0,,,0.65,,
R. van Eijma,RKC Waalwijk,RKC Waalwijk,RCB,27,2193,0,0.81,0,0.03,Netherlands,8.41,4.39,70.09,3.41,59.04,0.12,0.15,0.74,5.21,6.17,1.15,3,0.12,1,0.04,0.53,0,0,0,0.03,0,0,7,0.29,57.14,0,0,0.04,0,0.29,100,1.35,63.64,0.33,0.9,0.12,32.87,0.16,0.62,48.14,87.64,19.04,75.43,3.45,94.05,21.55,97.33,5.05,47.97,21.92,40.26,0,0.08,0,0.08,0.12,66.67,0,6.24,70.39,0.41,30,0.45,18.18,0.16,0.04,8.91,70.05,0,,0,,0,0,0,0,,,2.63,,
S. Van Dessel,MVV,MVV,"RCMF, RDMF, LCMF",24,3323,6,4.93,4,5.44,Belgium,7.8,6.31,60.94,1.81,26.87,0.05,0.06,0.41,3.9,4.13,0.87,4,0.11,0,0,1.38,0.16,5,0.14,0.13,1,0.03,33,0.89,45.45,18.182,0.11,1.95,38.89,0.46,41.18,2.28,32.14,1.33,0.43,0.03,24.97,0.84,0.41,36.78,78.79,13.05,67.63,7.72,96.14,9.75,78.61,4.5,50,18.4,32.04,0.15,1.16,0,0,0.08,33.33,0.43,6.53,66.8,2.6,46.88,0.6,54.55,0.7,0.7,7.34,73.8,0,,0,,0,0,0,0,,,1.14,,
N. Tjoe-A-On,Willem II,Willem II,LB,24,2839,0,2.35,1,2.82,Netherlands,9.16,7.13,64.44,2.47,56.41,0.22,0.25,0.25,4.34,4.93,1.01,6,0.19,0,0,1.97,0,0,0,0.07,0,0,25,0.79,28,0,0.03,2.82,32.58,1.43,57.78,4.06,42.97,1.68,1.62,0.48,27.07,1.78,0.41,38.04,80.58,12.4,70.59,7.58,96.65,11.67,83.7,3.49,48.18,20.13,37.55,0.09,0.57,0.03,0,0,0,0.51,4.82,76.97,2.54,48.75,0.25,37.5,0.35,0.95,7.23,69.74,0,,0,,0,0,0,0,,,1.24,,
L. Woudenberg,Dordrecht,Dordrecht,"LCB, LB",32,1770,1,0.63,0,0.63,Netherlands,9.61,6.51,64.84,4.88,47.92,0.46,0.58,0.56,4.93,6.29,1.47,5,0.25,0,0,0.46,0.05,1,0.05,0.03,0,0,6,0.31,33.33,16.667,0,0.86,35.29,0.05,100,1.02,40,0.92,0.51,0,25.12,0.92,0.51,37.27,81.72,15.51,71.48,3.31,95.38,14.08,92.06,5.03,47.47,19.53,36.49,0.03,0.36,0,0,0,0,0.1,5.19,60.78,0.86,64.71,0.41,37.5,0.25,0.25,7.88,70.32,0,,0,,0,0,0,0,,,1.58,,
M. Jensen,Utrecht II,Utrecht II,"RAMF, RW, LAMF",20,2356,3,5.04,2,4.94,Denmark,5.92,6.38,58.08,2.33,34.43,0,0,0.04,2.22,2.51,1.11,1,0.04,0,0,4.93,0.11,3,0.11,0.19,0,0,33,1.26,45.45,9.091,0.08,3.71,28.87,5.42,59.15,12.91,46.45,3.59,4.13,0.42,18.91,2.25,2.29,24.94,69.68,5.88,59.74,6.76,88.7,7.11,64.52,0.99,46.15,17.98,22.38,0.19,1.26,0,0,0.23,33.33,0.5,1.53,65,3.36,46.59,0.23,33.33,1.11,1.15,4.55,68.91,0,,0,,0,0,0,0,,,0.11,,
D. Vos,Helmond Sport,Helmond Sport,LCB,24,2700,0,0.39,0,0.35,Netherlands,7.2,4.9,66.67,2.8,51.19,0.47,0.56,0.6,3.47,4.17,0.93,3,0.1,0,0,0.3,0,0,0,0.01,0,0,4,0.13,50,0,0,0.4,33.33,0.13,50,1.07,50,0.57,1.2,0.07,36.83,0.3,0.43,51.37,87.93,20.37,78.07,4.93,96.62,21.5,95.5,5.93,50,21.24,40.62,0.01,0.2,0,0.03,0.03,100,0.07,6.3,75.66,0.87,46.15,0.37,45.45,0.3,0.13,9.97,70.57,0,,0,,0,0,0,0,,,2.77,,
A. Absalem,Helmond Sport,Helmond Sport,"LB, LW",28,1829,0,2.96,2,2.17,Netherlands,9.69,7.23,63.95,2.36,41.67,0.2,0.24,0.2,4.87,5.82,1.48,6,0.3,0,0,1.48,0,0,0,0.15,0,0,15,0.74,20,0,0.1,2.95,25,1.28,42.31,3.49,40.85,2.46,1.57,0.25,32.62,1.57,0.79,44.88,79.39,16.24,69.39,7.09,96.53,12.94,82.89,4.67,47.37,18.49,31.26,0.11,1.03,0.05,0,0.15,33.33,0.54,6.2,62.7,3.35,50,0.69,14.29,1.43,0.84,9.3,67.2,0,,0,,0,0,0,0,,,0.74,,
X. Lambrix,Sandefjord,TOP Oss,LCB,26,1789,1,0.32,0,0.08,Belgium,7.85,3.32,68.18,5.18,55.34,0.3,0.35,0.75,5.28,6.19,0.96,4,0.2,0,0,0.2,0.05,1,0.05,0.02,1,0.05,6,0.3,33.33,16.667,0,0.3,33.33,0.05,0,1.41,46.43,0.7,1.61,0.3,27.87,0.5,0.91,43.62,85.24,15.95,68.14,4.18,98.8,18.26,95.32,8.2,55.21,22.94,42.49,0,0.15,0,0.05,0,0,0,7.19,64.34,1.01,35,1.01,20,0.35,0.1,8.2,69.33,0,,0,,0,0,0,0,,,2.67,,
N. Bannis,Vitesse,Vitesse,CF,24,1527,9,6.16,5,1.89,Netherlands,4.01,4.54,54.55,4.89,27.71,0.18,0.22,0.12,1.36,1.72,1.59,3,0.18,0,0,1.77,0.53,9,0.53,0.36,0,0,40,2.36,40,22.5,0.29,0.77,7.69,1.36,56.52,7.66,37.69,4.66,1.12,0.18,11.61,2.71,2.12,15.68,69.17,3.18,62.96,4.13,82.86,3.54,63.33,0.41,14.29,12.41,3.37,0.11,1,0.12,0.06,0,0,0.29,1.24,66.67,0.83,64.29,0.12,0,0.94,0,1.71,58.62,0,,0,,0,0,0,0,,,0,,
D. Saddiki,VVV Venlo,VVV Venlo,"RDMF, LCMF, DMF",29,1196,0,1.87,0,0.09,Netherlands,12.12,7.45,67.68,3.16,50,0.9,1.09,0.38,6.17,7.48,1.66,3,0.23,0,0,0.98,0,0,0,0.14,0,0,14,1.05,28.57,0,0,0.38,40,0.83,63.64,4.74,50.79,1.51,0.9,0.08,19.41,0.6,1.58,31.83,78.96,12.04,66.25,4.36,94.83,9.18,83.61,2.18,51.72,17.04,24.47,0.01,0.23,0.08,0,0.15,0,0,5.87,56.41,0.83,63.64,0.23,0,0.38,0.15,5.34,66.2,0,,0,,0,0,0,0,,,0.53,,
M. Remans,TOP Oss,TOP Oss,"AMF, LCMF",27,2559,8,5.18,3,1.87,Netherlands,4.64,3.83,44.95,2,38.6,0.35,0.41,0.39,2.57,3,1.41,4,0.14,0,0,0.98,0.28,8,0.28,0.18,1,0.04,41,1.44,36.59,19.512,0.11,0.53,13.33,0.7,30,4.75,38.52,2,0.6,0.04,12.1,1.2,0.84,20.22,74.96,6.86,60,4.61,93.89,4.85,74.64,1.65,44.68,17.69,25.54,0.07,0.81,0.04,0.07,0.25,71.43,0.35,3.76,58.88,1.55,43.18,0.56,43.75,0.81,0.07,3.02,80.23,0,,0,,0,0,0,0,,,0.14,,
T. Poll,Helmond Sport,Helmond Sport,"LB, LWB",24,2408,1,3.34,4,1.99,Netherlands,9.79,8.52,63.16,2.39,40.63,0.67,0.8,0.3,3.74,4.42,1.57,5,0.19,0,0,2.28,0.04,1,0.04,0.12,0,0,28,1.05,21.43,3.571,0.15,3.1,27.71,2.24,50,5.34,37.06,2.21,2.32,0.19,25.42,2.06,0.52,35.43,74.26,11.92,66.14,7.77,94.71,9.23,70.45,3.66,48.98,19.24,30.99,0.07,0.82,0.04,0,0.15,50,0.34,3.55,60,2.39,37.5,0.56,20,0.52,0.82,7.44,59.8,0,,0,,0,0,0,0,,,0.67,,
L. Daneels,Helmond Sport,Helmond Sport,"CF, AMF, LAMF",28,2800,5,7.6,2,2.66,Belgium,4.18,4.08,55.91,1.32,29.27,0.1,0.12,0.03,1.8,2.29,1.13,4,0.13,0,0,2.19,0.16,4,0.13,0.24,0,0,55,1.77,27.27,9.091,0.06,1.86,27.59,1.86,62.07,6.4,42.21,2.67,1.38,0.26,20.96,1.54,1.16,28.77,76.76,7.91,63.41,8.49,93.18,6.78,70.62,1.96,22.95,16.63,33.44,0.09,0.84,0.06,0,0.1,33.33,0.32,2.83,60.23,2.73,51.76,0.32,0,1.35,0.55,4.08,72.44,0,,0,,0,0,0,0,,,0.61,,
J. Brondeel,Eindhoven,Eindhoven,GK,32,1282,0,0,0,0,Belgium,1.33,0.14,100,0.7,90,0.07,0.07,0,1.12,1.15,0,0,0,0,0,0,0,0,0,0,0,0,0,0,0,0,0,0,0,0,0,0.07,100,0,0,0.07,18.39,0.28,0.14,28.36,79.95,17.69,71.03,0,0,9.62,95.62,14.74,64.29,36.7,50.19,0,0,0,0.07,0,0,0,3.72,33.96,0.42,0,0.35,20,0.07,0,9.62,83.94,20,1.4,84,5.9,5,76.19,20.67,1.45,0.67,0.047,0,3.37,0.7
B. Burgering,Almere City,Almere City,"RAMF, RW",25,1794,8,4.2,3,4.9,Netherlands,4.46,5.67,55.75,0.8,18.75,0,0,0.15,1.3,1.52,1.05,2,0.1,0,0,7.68,0.4,8,0.4,0.21,0,0,60,3.01,36.67,13.333,0.15,4.06,43.21,8.58,54.97,13.85,40.58,3.61,4.52,0.4,14.05,2.21,0.75,17.51,68.48,4.16,57.83,4.52,91.11,6.52,62.31,1.96,41.03,19.81,30.49,0.25,1.61,0.1,0,0.1,100,0.95,1.66,39.39,3.61,55.56,0.25,80,1,1.81,3.46,78.26,0,,0,,0,0,0,0,,,0.25,,
L. Wouters,RKC Waalwijk,RKC Waalwijk,"LCB, LB",26,2927,0,0.64,0,0.3,Netherlands,9.41,6.12,74.87,2.98,69.07,0.25,0.3,0.83,4.58,5.55,0.4,2,0.06,0,0,0.28,0,0,0,0.02,0,0,3,0.09,33.33,0,0,0.46,33.33,0.09,100,1.41,34.78,0.25,0.89,0.03,37.82,0.25,0.34,54.73,90.22,20.08,80.55,4.12,95.52,26.26,97.54,4.95,59.01,21.35,33.99,0.01,0.12,0,0.06,0,0,0.03,5.69,77.84,0.55,38.89,0.22,42.86,0.15,0.12,9.04,72.45,0,,0,,0,0,0,0,,,2.28,,
T. van Grunsven,Den Bosch,Den Bosch,"RCB, CB",26,2288,2,1.91,1,0.16,Netherlands,12.39,7.43,74.6,5.74,66.44,0.98,1.16,0.83,5.86,6.92,1.34,5,0.2,0,0,0.47,0.08,2,0.08,0.08,1,0.04,23,0.9,26.09,8.696,0.04,0.12,33.33,0.28,42.86,1.65,45.24,0.87,0.79,0.04,27.57,0.43,0.79,41.38,82.22,18.21,67.82,3.15,92.5,16.21,95.63,6.96,48.59,22.56,40.49,0.01,0.12,0.04,0,0.12,66.67,0.08,7.08,56.11,1.06,25.93,1.1,21.43,0.2,0.08,9.09,69.7,0,,0,,0,0,0,0,,,2.12,,
M. Schikora,Vitesse,Vitesse,"RDMF, DMF, RCMF",31,3191,6,3.29,2,1.13,Germany,7.81,4.88,69.94,4.68,54.82,0.11,0.14,0.45,4.29,5.32,0.93,7,0.2,0,0,1.04,0.17,6,0.17,0.09,3,0.08,27,0.76,51.85,22.222,0.06,0.82,48.28,0.39,64.29,3.16,47.32,1.3,0.82,0.06,20.9,0.08,1.21,37.34,83.84,14.27,70.95,4.06,93.75,14.36,94.11,4.77,62.72,19.76,32.69,0.03,0.37,0,0,0,0,0.23,4.79,67.06,0.96,58.82,0.23,25,0.51,0.37,7.36,69.73,0,,0,,0,0,0,0,,,0.79,,
K. Felida,Den Bosch,Den Bosch,"DMF, RDMF, RCMF",26,3141,4,2.13,2,1.15,Netherlands,7.56,5.24,57.38,1.72,60,0.34,0.41,0.32,4.21,5.02,1,4,0.11,0,0,1.46,0.11,4,0.11,0.06,0,0,35,1,37.14,11.429,0.06,0.72,32,1,71.43,6.16,55.35,0.43,1.03,0.11,27.16,0.03,2.15,42.64,82.26,16.53,69.15,7.48,97.32,13.78,89.19,6.7,47.01,20.05,36.6,0.03,0.43,0.03,0.03,0.34,41.67,0.2,8.37,63.36,2.49,42.53,1.86,26.15,0.77,0.23,7.94,77.26,0,,0,,0,0,0,0,,,1.66,,
N. Foor,VVV Venlo,VVV Venlo,"LDMF, LCMF, AMF",34,2323,2,1.84,5,2.09,Netherlands,6.01,4.42,64.91,1.28,30.3,0.12,0.15,0.31,3.02,3.8,0.62,5,0.19,0,0,2.29,0.08,2,0.08,0.07,0,0,32,1.24,18.75,6.25,0.19,2.32,36.67,1.67,65.12,4.46,47.83,1.32,1.43,0.15,32,0.74,1.16,46.61,81.71,17.12,73.53,8.79,93.83,13.37,82.03,4.49,50,17.66,31.6,0.08,0.7,0,0,0.12,100,0.46,8.41,74.65,3.8,44.9,0.7,44.44,1.05,0.77,8.06,76.92,0,,0,,0,0,0,0,,,1.16,,
J. Jacobs,Almere City,Almere City,"AMF, LAMF",28,232,1,0.47,1,0.36,Netherlands,6.21,4.66,41.67,2.72,71.43,0.78,1.2,0.39,3.49,5.4,1.16,1,0.39,0,0,1.55,0.39,1,0.39,0.18,1,0.39,3,1.16,33.33,33.333,0.39,2.33,16.67,0.78,100,3.1,50,2.33,0.39,0,29.48,2.72,0.39,35.69,70.65,11.25,68.97,4.27,100,11.25,62.07,2.72,85.71,18.01,27.48,0.14,0.78,0,0,0.39,0,0.39,4.66,66.67,5.04,53.85,0.39,0,2.33,0.78,9.7,72,0,,0,,0,0,0,0,,,0.39,,
L. Everink,Emmen,Emmen,"RB, RWB",25,1934,0,0.99,2,1.72,Netherlands,10.61,8.52,62.3,2.33,44,0.47,0.58,0.19,4.84,6.06,1.07,4,0.19,0,0,1.68,0,0,0,0.05,0,0,14,0.65,7.14,0,0.09,1.58,41.18,1.4,66.67,4.98,46.73,1.02,1.4,0.37,24.52,1.3,1.26,37.18,82.6,11.87,72.16,6.56,94.33,12.84,86.23,2.65,45.61,18.31,35.66,0.08,0.51,0,0,0.14,33.33,0.28,4.98,70.09,1.91,53.66,0.33,28.57,0.51,0.56,7.12,70.59,0,,0,,0,0,0,0,,,1.3,,
A. Leipold,Helmond Sport,Helmond Sport,"RAMF, RW, CF",24,2029,0,3.04,1,1.51,Germany,6.3,6.03,55.88,1.2,70.37,0.18,0.21,0.13,2.75,3.26,1.42,3,0.13,0,0,4.79,0,0,0,0.13,0,0,37,1.64,21.62,0,0.04,3.59,34.57,5.9,54.14,11.4,42.41,3.9,3.77,0.62,19.92,2.17,0.93,27.72,69.44,7.76,56.57,7.81,90.34,6.7,65.56,1.55,34.29,17.16,30.42,0.07,0.89,0,0,0.09,0,0.62,2.04,58.7,2.88,55.38,0.13,0,0.8,1.2,4.57,69.9,0,,0,,0,0,0,0,,,0.4,,
M. Jiménez,ADO Den Haag,ADO Den Haag,"LDMF, DMF, AMF",23,1158,1,1.37,3,1.66,Netherlands,10.1,9.33,60.83,2.95,34.21,0.47,0.75,0.31,3.96,6.35,2.41,4,0.31,0,0,1.24,0.08,1,0.08,0.11,0,0,23,1.79,21.74,4.348,0.23,1.63,23.81,0.85,54.55,4.9,42.86,1.09,1.4,0.08,44.84,0.7,1.55,58.45,84.57,18.34,77.12,10.57,91.91,18.58,88.7,4.74,57.38,17.75,38.13,0.13,1.87,0,0.08,0.16,0,0.54,10.18,75.57,2.56,51.52,0.78,50,1.32,0.39,9.33,77.5,0,,0,,0,0,0,0,,,1.01,,
B. Fiabema,ADO Den Haag,ADO Den Haag,CF,23,882,4,4.34,1,1.65,Norway,2.55,3.27,46.88,6.02,35.59,0.31,0.46,0,0.71,1.07,1.53,0,0,0,0,2.45,0.41,4,0.41,0.44,0,0,21,2.14,61.9,19.048,0.1,0.82,12.5,1.33,69.23,10.31,36.63,4.18,1.02,0.1,12.35,1.73,1.94,18.27,82.12,2.55,72,8.06,87.34,3.57,71.43,0.41,25,12.13,9.91,0.17,0.92,0,0.1,0.1,100,0.41,0.61,66.67,1.53,60,0.31,33.33,1.43,0.1,1.33,69.23,0,,0,,0,0,0,0,,,0,,
J. Familia-Castillo,RKC Waalwijk,RKC Waalwijk,LB,26,2307,2,1.53,7,8.11,Netherlands,8.86,6.05,68.39,1.72,36.36,0.2,0.24,0.23,4.53,5.46,0.59,0,0,0,0,5.42,0.08,2,0.08,0.06,0,0,19,0.74,36.84,10.526,0.27,6.09,50,3.24,63.86,6.94,46.63,1.48,2.65,0.47,33.94,1.6,0.74,46.58,78.73,16.62,70.66,8.11,96.15,14.47,76.01,5.89,52.98,20.42,36.72,0.32,2.03,0.08,0.08,0.08,50,1.48,5.42,64.75,5.85,56.67,0.59,46.67,1.01,2.93,12.21,76.36,0,,0,,0,0,0,0,,,0.62,,
M. Havekotte,TOP Oss,TOP Oss,GK,30,3586,0,0,0,0.3,Netherlands,0.68,0.05,50,0.23,88.89,0,0,0,0.65,0.76,0,2,0.05,0,0,0,0,0,0,0,0,0,0,0,0,0,0,0,0,0,0,0.08,66.67,0.03,0,0,16.31,0.25,0.1,25.37,85.46,15.54,76.9,0,0,9.36,99.2,13.18,72.95,37.56,49.57,0.01,0.03,0,0,0,0,0.03,2.64,60,0.1,0,0.2,50,0.03,0,10.67,82.35,64,1.61,209,5.25,6,69.38,58.88,1.48,-5.12,-0.128,0,1.05,0.23
L. Slagveer,TOP Oss,TOP Oss,"RAMF, RWF, LAMF",32,1709,3,3.16,3,2.37,Netherlands,5.48,4.69,61.8,1.69,56.25,0.42,0.51,0.16,2.16,2.6,0.79,4,0.21,0,0,2.69,0.16,3,0.16,0.17,0,0,21,1.11,47.62,14.286,0.16,2.84,40.74,2,47.37,7.9,39.33,1.9,1.69,0.32,12.85,1.79,1.74,19.85,70.03,4.27,54.32,5.11,87.63,6.64,69.05,1.32,52,18.5,22.16,0.12,1,0.05,0.05,0.11,50,0.68,1.58,60,2.74,55.77,0.16,33.33,0.79,1.26,3.9,62.16,0,,0,,0,0,0,0,,,0.11,,
T. Verheydt,Willem II,Willem II,CF,34,1602,11,10.59,3,1.87,Netherlands,3.65,2.08,43.24,13.09,55.36,0.51,0.57,0.06,2.25,2.54,1.85,3,0.17,0,0,1.74,0.62,10,0.56,0.6,4,0.22,52,2.92,50,21.154,0.17,0.34,16.67,0.62,36.36,6.8,20.66,4.94,0.28,0,15,3.2,1.35,23.65,70.07,5.45,50.52,5.28,87.23,6.63,69.49,1.35,66.67,15.42,18.45,0.11,0.73,0,0.11,0.11,0,0.28,2.87,41.18,0.84,46.67,0.34,16.67,0.96,0.11,2.19,76.92,0,,0,,0,0,0,0,,,0.06,,
N. Venema,Dordrecht,Dordrecht,"RAMF, CF, RW",27,2246,9,9.84,5,5.38,Netherlands,3.25,3.93,48.98,1.32,27.27,0.08,0.1,0.16,1.24,1.57,1.08,6,0.24,0,0,3.49,0.36,9,0.36,0.39,1,0.04,64,2.56,37.5,14.063,0.2,3.97,33.33,2.72,39.71,6.33,31.01,3.93,2.52,0.8,15.79,3.09,0.76,20.28,64.82,5.01,58.4,3.77,89.36,7.57,61.9,1.96,36.73,21.33,27.04,0.22,1.44,0,0.04,0.24,50,0.84,2.64,63.64,3.85,43.75,0.32,37.5,1.2,1.52,4.45,79.28,0,,0,,0,0,0,0,,,0.04,,
L. Schenk,MVV,MVV,LB,24,919,0,0.09,1,0.2,Netherlands,9.5,7.74,56.96,2.15,40.91,0.29,0.31,0.29,4.8,5.02,1.27,1,0.1,0,0,1.27,0,0,0,0.01,0,0,4,0.39,50,0,0.1,2.74,25,0.59,66.67,3.62,32.43,0.39,1.57,0,21.64,0.29,0.49,32.71,73.35,16.65,68.82,4.6,93.62,7.93,76.54,4.9,52,20.62,35.52,0.02,0.39,0,0.1,0,0,0.2,4.5,78.26,2.74,35.71,0.2,50,0.29,0.59,9.89,65.35,0,,0,,0,0,0,0,,,1.27,,
E. Huth,Vitesse,Vitesse,CF,29,2257,4,8.1,2,1.07,Germany,3.63,3.19,48.75,10.65,46.07,0.36,0.47,0.2,1.71,2.23,2.03,4,0.16,0,0,1.36,0.16,4,0.16,0.32,2,0.08,43,1.71,55.81,9.302,0.08,0.44,36.36,0.32,75,6.66,33.53,2.87,0.4,0.04,8.09,2.31,2.39,13.48,76.04,2.63,60.61,4.55,89.47,2.87,72.22,0.2,60,12.6,4.29,0.04,0.52,0.08,0.08,0,0,0.16,0.96,54.17,0.6,66.67,0,0,0.64,0.08,1.12,57.14,0,,0,,0,0,0,0,,,0,,
F. Evina,Emmen,Emmen,CF,25,699,3,2.9,1,1.07,Cameroon,2.83,3.35,46.15,7.6,40.68,0.26,0.38,0.13,1.03,1.52,1.29,0,0,0,0,1.8,0.39,3,0.39,0.37,1,0.13,12,1.55,66.67,25,0.13,1.16,11.11,1.16,55.56,8.37,26.15,3.99,0.52,0,6.7,1.42,1.29,11.72,63.74,3.09,54.17,3.35,84.62,2.32,55.56,0.26,0,15.16,4.72,0.14,0.77,0.13,0,0,0,0.26,0.9,42.86,1.29,30,0,0,0.64,0.13,1.55,58.33,0,,0,,0,0,0,0,,,0.13,,
M. Kramer,RKC Waalwijk,RKC Waalwijk,CF,37,478,1,1.52,0,0,Netherlands,2.64,2.07,81.82,6.78,47.22,0.19,0.25,0.19,0.75,1.02,0.56,2,0.38,0,0,0.19,0.19,0,0,0.29,0,0,7,1.32,14.29,14.286,0,0,0,0,0,1.88,20,2.07,0.19,0,7.53,2.07,0.75,11.11,72.88,2.07,45.45,4.71,92,2.64,71.43,0.38,0,13.55,3.75,0,0,0,0,0,0,0,0.56,33.33,0.94,40,0,0,0.38,0,1.51,12.5,0,,0,,0,0,0,0,,,0.19,,
I. Pata,TOP Oss,TOP Oss,RB,25,745,0,0.08,0,1.16,Sint Maarten,11.23,10.75,58.43,1.09,55.56,0.48,0.59,0.48,4.47,5.41,0.97,3,0.36,0,0,2.17,0,0,0,0.01,0,0,1,0.12,0,0,0,3.5,37.93,0.97,87.5,3.87,53.13,0.97,1.69,0.36,24.64,1.09,1.09,36.72,74.34,17.76,69.39,6.04,88,9.06,80,6.28,53.85,24.08,27.89,0.14,0.72,0,0,0.12,0,0.6,5.68,65.96,2.9,54.17,0.36,33.33,0.36,1.45,12.81,71.7,0,,0,,0,0,0,0,,,2.42,,
J. Ogenia,Helmond Sport,Helmond Sport,"RB, RAMF, RW",27,1155,1,0.9,2,1.86,Netherlands,10.05,8.49,60.55,2.88,54.05,1.17,1.63,0.08,3.74,5.22,2.1,2,0.16,0,0,3.27,0.08,1,0.08,0.07,0,0,18,1.4,16.67,5.556,0.16,6.86,23.86,3.66,38.3,7.4,33.68,1.64,2.96,1.32,22.99,2.49,1.01,32.42,63.22,9.43,52.89,6.23,88.75,11.84,56.58,4.99,40.63,20.73,33.03,0.15,1.01,0,0,0,0,0.62,4.21,50,6.16,25.32,0.23,0,0.55,1.56,7.09,65.93,0,,0,,0,0,0,0,,,0.47,,
R. Janga,Eindhoven,Eindhoven,CF,34,2497,10,8.21,1,0.73,Netherlands,2.88,2.31,57.81,11.1,56.49,0,0,0.11,1.55,1.72,1.19,1,0.04,0,0,1.01,0.36,6,0.22,0.3,1,0.04,36,1.3,52.78,27.778,0.04,0.29,12.5,0.61,47.06,7.03,30.77,2.52,0.4,0.11,8.69,2.31,1.48,13.59,75.86,2.13,61.02,4.65,89.15,3.68,75.49,0.32,44.44,16.03,4.9,0.03,0.65,0,0,0,0,0.22,1.08,70,0.25,28.57,0.07,0,0.47,0,0.94,34.62,0,,0,,0,0,0,0,,,0,,
L. Semić,Helmond Sport,Helmond Sport,"RB, RAMF, RWF",22,295,1,0.88,0,0.14,Germany,9.46,5.8,68.42,2.75,77.78,1.83,2.65,0,3.66,5.29,0.92,0,0,0,0,5.49,0.31,1,0.31,0.27,0,0,9,2.75,88.89,11.111,0,1.53,20,4.58,60,5.8,57.89,3.05,2.75,1.83,22.27,0.31,0.31,33.86,80.18,9.46,74.19,7.02,95.65,11.59,76.32,1.53,60,16.72,11.39,0.04,0.31,0,0,0,0,0.31,3.05,70,2.14,42.86,0.31,0,0.61,0.31,7.02,56.52,0,,0,,0,0,0,0,,,2.14,,
N. Emeran,Emmen,Emmen,"RB, LAMF, RAMF",23,627,0,0.92,2,2.5,France,4.59,4.74,51.52,2.3,50,0.14,0.2,0,2.01,2.76,1.29,2,0.29,0,0,8.76,0,0,0,0.13,0,0,10,1.44,20,0,0.29,6.32,36.36,11.05,54.55,17.94,43.2,3.3,4.31,0.86,22.97,2.01,2.15,32.58,65.64,7.89,50.91,7.46,80.77,11.34,65.82,2.3,50,19.35,27.03,0.36,3.01,0.14,0,0.29,50,1.87,2.3,62.5,6.89,54.17,0.43,33.33,1.87,2.3,6.6,84.78,0,,0,,0,0,0,0,,,0.57,,
A. van den Hurk,Roda JC,Roda JC,CF,33,2700,16,19,1,1.6,Netherlands,4.03,2.6,55.13,5.63,42.6,0.43,0.53,0.27,2.17,2.65,1.63,1,0.03,0,0,1.83,0.53,11,0.37,0.63,0,0,83,2.77,49.4,19.277,0.03,0.43,15.38,0.83,48,9.23,35.38,4.43,0.47,0.03,10.33,2.03,2.47,14.73,74.43,2.9,54.02,4.57,87.59,3.6,71.3,0.3,44.44,14.12,8.19,0.05,0.63,0.03,0.03,0.03,0,0.27,1.4,52.38,0.63,47.37,0.03,0,0.67,0.13,1.1,66.67,0,,0,,0,0,0,0,,,0.03,,
T. Kok,De Graafschap,De Graafschap,LCB,27,2276,0,2.66,1,0.56,Netherlands,8.7,4.35,73.64,4.67,56.78,0.24,0.36,1.03,5.26,7.89,0.67,0,0,0,0,0.75,0,0,0,0.11,0,0,15,0.59,33.33,0,0.04,0.12,33.33,0.51,92.31,2.61,68.18,0.95,1.66,0,45.08,0.16,1.07,63.39,90.83,19.1,78.67,6.17,98.72,30.76,96.4,4.19,45.28,19.86,34.14,0.02,0.16,0.04,0,0.12,33.33,0.12,5.97,68.87,0.51,23.08,0.28,14.29,0.2,0.04,7.87,69.85,0,,0,,0,0,0,0,,,3.32,,
N. Markelo,Vitesse,Vitesse,RB,27,2198,0,0.3,0,1.41,Netherlands,8.19,8.35,63.24,1.47,38.89,0.12,0.15,0.37,2.78,3.51,1.31,4,0.16,1,0.04,1.72,0,0,0,0.01,0,0,4,0.16,25,0,0,2.09,35.29,1.27,74.19,6.1,57.05,0.86,1.68,0.16,21.82,1.19,2.17,32.96,84.1,10.77,77.95,7.62,96.24,9.5,86.64,2.21,62.96,19.2,27.63,0.06,0.57,0,0,0,0,0.25,2.95,79.17,1.6,53.85,0.04,100,0.37,0.82,5.86,66.43,0,,0,,0,0,0,0,,,1.6,,
T. van Leeuwen,Den Bosch,Den Bosch,"CF, RCMF, AMF",24,2734,5,5.64,3,4.27,Netherlands,5.56,5.5,55.09,1.68,41.18,0.49,0.6,0.03,2.04,2.5,1.15,5,0.16,0,0,2.44,0.16,5,0.16,0.19,0,0,55,1.81,32.73,9.091,0.1,2.14,38.46,2.04,45.16,7.04,32.24,3.32,1.51,0.13,23.87,1.74,0.95,33.48,80.14,9.55,72.76,7.18,92.2,9.94,84.11,2.57,56.41,17.29,28.08,0.14,1.25,0.03,0.03,0.26,37.5,0.53,5,73.68,3,58.24,0.76,34.78,1.15,0.76,5.63,85.38,0,,0,,0,0,0,0,,,0.33,,
M. Engel,Almere City,Almere City,"LCB, LB",23,1118,0,0.43,0,0.13,Netherlands,7.57,5.31,66.67,3.46,39.53,0.08,0.1,0.48,3.94,4.88,0.97,1,0.08,0,0,0.32,0,0,0,0.03,0,0,4,0.32,0,0,0,0.32,75,0.08,100,1.29,62.5,0.56,0.72,0,30.19,0.64,0.64,44.6,82.31,21.9,74.26,2.74,94.12,16.18,92.54,8.21,50,22.44,40.93,0.01,0.16,0,0,0,0,0.16,9.9,65.04,1.13,50,0.48,33.33,0.48,0.24,10.22,79.53,0,,0,,0,0,0,0,,,1.53,,
C. Seedorf,Roda JC,Roda JC,"LAMF, RAMF, LWF",26,1464,2,4.15,1,2.45,Netherlands,4.98,5.29,60.47,2.27,18.92,0.31,0.39,0.18,1.48,1.88,1.23,4,0.25,0,0,7.75,0.12,2,0.12,0.26,0,0,40,2.46,25,5,0.06,5.29,33.72,9.04,59.18,16.6,44.81,3.2,4.55,0.25,19.36,1.78,1.48,26.56,72.92,5.1,66.27,7.62,95.16,8.85,62.5,1.41,52.17,19.33,20.29,0.15,1.11,0,0,0.12,0,0.68,2.09,73.53,4.73,36.36,0.25,50,0.61,1.66,4.55,78.38,0,,0,,0,0,0,0,,,0.25,,
Sekou Sylla,ADO Den Haag,ADO Den Haag,LB,27,2447,2,2.34,2,1.45,Netherlands,7.36,7.1,56.48,1.21,36.36,0.22,0.35,0.22,3.13,4.97,2.32,8,0.29,0,0,2.39,0.07,2,0.07,0.09,0,0,37,1.36,35.14,5.405,0.07,3.49,32.63,0.96,80.77,3.64,55.56,2.1,2.21,0.4,29.75,2.98,1.54,40.24,79.71,13.9,71.16,9.78,95.86,11,75.92,4.93,57.46,20.72,34.88,0.05,0.81,0.04,0.04,0.07,0,0.29,5.59,69.08,3.83,46.15,0.55,26.67,0.92,1.1,8.05,82.19,0,,0,,0,0,0,0,,,2.39,,
S. van der Sloot,ADO Den Haag,ADO Den Haag,RB,23,3295,8,4.97,2,4.41,Cameroon,8.71,7.87,60.07,2.76,42.57,0.22,0.34,0.36,3.77,5.86,1.61,3,0.08,0,0,3.58,0.22,8,0.22,0.14,3,0.08,32,0.87,50,25,0.05,4.73,42.77,1.53,73.21,2.79,59.8,2.19,1.97,0.27,29.88,4.21,0.3,40.23,79.09,13.27,67.28,9.29,98.24,11.66,76.35,5.03,48.37,20.09,37.41,0.12,1.26,0.08,0.03,0,0,0.49,5.35,60.2,4.51,50.3,0.55,30,0.82,1.97,9.51,78.45,0,,0,,0,0,0,0,,,1.17,,
M. Kreekels,ADO Den Haag,ADO Den Haag,"LB, RB",24,1099,0,0.48,2,1.49,Netherlands,10.24,7.94,57.73,1.72,52.38,0.82,1.2,0.33,4.83,7.05,1.47,1,0.08,0,0,0.82,0,0,0,0.04,0,0,8,0.66,12.5,0,0.16,1.23,40,0.66,25,3.6,31.82,1.15,2.13,0.98,28.5,3.19,0.82,42.01,83.24,12.61,70.13,10.07,96.75,11.06,80.74,3.03,54.05,17.01,21.64,0.12,0.82,0.08,0,0.16,50,0.41,3.69,66.67,1.97,62.5,0.41,40,0.9,0.49,6.14,65.33,0,,0,,0,0,0,0,,,1.72,,
T. Verheijen,MVV,MVV,"LW, LAMF",23,972,2,3.97,0,0.64,Netherlands,7.96,5.19,58.93,2.59,53.57,0.37,0.41,0.19,4.54,4.98,0.74,1,0.09,0,0,3.24,0.19,2,0.19,0.37,1,0.09,20,1.85,50,10,0,2.22,29.17,3.89,42.86,8.15,42.05,2.59,2.69,0.37,19.07,2.22,1.48,26.02,74.38,6.11,57.58,5.65,100,8.15,70.45,1.57,47.06,17.64,16.01,0.06,0.83,0.09,0,0,0,0.46,2.04,59.09,2.22,50,0.28,0,0.28,0.65,3.8,68.29,0,,0,,0,0,0,0,,,0.19,,
B. Van Hove,TOP Oss,TOP Oss,"LB, RB",25,1842,1,1.07,3,3.4,Netherlands,10.9,8.79,61.11,1.27,38.46,0.59,0.67,0.34,4.93,5.65,1.03,3,0.15,1,0.05,2.79,0.05,1,0.05,0.05,0,0,10,0.49,30,10,0.15,2.59,50.94,2.1,60.47,5.77,50.85,1.17,1.86,0.68,17.93,0.78,1.86,28.93,76.86,11.58,69.2,3.76,93.51,8.45,82.08,3.66,56,20.35,37.16,0.17,0.88,0.15,0,0.15,33.33,0.49,3.96,62.96,2.59,58.49,0.49,60,0.68,1.17,7.43,65.79,0,,0,,0,0,0,0,,,0.39,,
S. Braken,MVV,MVV,CF,32,2535,7,9.9,0,1.85,Netherlands,1.92,2.34,39.39,9.94,47.14,0,0,0.11,0.99,1.07,1.63,4,0.14,0,0,1.56,0.25,5,0.18,0.35,2,0.07,71,2.52,38.03,9.859,0,0.53,20,0.99,46.43,7.31,33.5,3.27,0.32,0.04,12.21,2.38,1.92,18,71.99,4.51,61.42,4.76,79.85,4.19,68.64,0.82,43.48,15.04,21.15,0.07,0.53,0.04,0,0.14,25,0.18,2.31,61.54,0.64,55.56,0.14,25,0.53,0.11,1.99,55.36,0,,0,,0,0,0,0,,,0,,
Pol Llonch,Helmond Sport,Helmond Sport,"DMF, RDMF, RCMF",33,2240,2,0.69,0,0.57,Spain,10.77,8.28,66.99,2.41,35,0.24,0.31,0.56,4.98,6.42,1.57,5,0.2,0,0,0.96,0.08,2,0.08,0.03,0,0,16,0.64,31.25,12.5,0,0.44,36.36,0.96,62.5,4.82,45.83,0.6,0.56,0.08,28.93,0.12,1.81,44.72,85.98,14.71,73.22,7.51,96.79,16.19,92.8,4.38,44.04,18.76,35.1,0.02,0.24,0,0,0.04,0,0.04,6.55,68.71,1.33,48.48,0.52,38.46,0.36,0.16,6.23,70.97,0,,0,,0,0,0,0,,,0.76,,
J. Kruiver,Roda JC,Roda JC,RB,24,3375,1,2.5,3,2.93,Netherlands,7.95,6.91,58.69,2.72,54.9,0.43,0.53,0.4,3.47,4.31,0.91,4,0.11,0,0,1.68,0.03,1,0.03,0.07,0,0,21,0.56,33.33,4.762,0.08,2.21,25.3,1.52,59.65,4.75,46.63,1.25,1.25,0.21,27.07,0.91,1.36,36.99,82.34,14.11,73.91,6.69,97.21,10.61,87.44,2.91,45.87,19.3,31.61,0.08,0.56,0,0,0.08,33.33,0.32,4.51,72.78,2.19,43.9,0.24,22.22,0.75,0.56,8.51,76.49,0,,0,,0,0,0,0,,,1.39,,
J. Hawkins,ADO Den Haag,ADO Den Haag,"RAMF, RW, LW",25,660,2,1.76,2,0.91,Germany,3.68,3.95,62.07,1.5,45.45,0,0,0,1.23,1.6,1.36,0,0,0,0,6.55,0.27,2,0.27,0.24,1,0.14,15,2.05,40,13.333,0.27,5.73,28.57,6,68.18,10.64,51.28,4.09,3.14,0.41,22.5,2.05,1.64,27.41,68.66,6.14,64.44,8.86,93.85,7.36,53.7,0.95,42.86,16.63,7.27,0.12,1.09,0,0,0.14,0,0.41,1.64,41.67,3.95,51.72,0.55,0,0.55,1.91,4.5,75.76,0,,0,,0,0,0,0,,,0,,
S. van Duijn,Telstar,AZ II,CF,22,1926,9,10.37,1,1.06,Netherlands,5.98,4.81,55.34,4.21,44.44,0.61,0.84,0.23,2.71,3.74,1.96,2,0.09,0,0,1.5,0.42,7,0.33,0.48,2,0.09,51,2.38,47.06,17.647,0.05,0.61,15.38,0.84,33.33,4.07,31.03,4.07,0.47,0.05,11.21,2.57,0.7,15.51,71.69,2.99,53.13,4.25,85.71,4.39,67.02,0.7,40,16.8,17.03,0.05,0.61,0.05,0,0.05,0,0.23,1.21,57.69,0.84,44.44,0.05,0,0.84,0.05,1.82,48.72,0,,0,,0,0,0,0,,,0,,
J. Berkhout,Cambuur,Cambuur,"RCB, DMF, LCB",24,1226,1,0.59,0,0.23,Netherlands,6.61,4.62,61.9,4.85,48.48,0.15,0.22,0.66,3.6,5.51,1.39,2,0.15,1,0.07,0.22,0.07,1,0.07,0.04,0,0,5,0.37,40,20,0,0,0,0.15,50,1.17,18.75,0.37,0.59,0,41.11,0.15,0.59,55.28,90.84,18.35,78.4,5.58,96.05,27.6,97.61,5.58,57.89,21.51,29.39,0.02,0.15,0,0.15,0,0,0.15,7.78,73.58,0.66,44.44,0.44,33.33,0.29,0,8.96,81.15,0,,0,,0,0,0,0,,,3.52,,
John Neeskens,Eindhoven,Eindhoven,LCB,32,3308,1,1.97,0,0.93,United States,7.78,4.76,62.29,1.31,45.83,0.19,0.21,0.68,4.63,5.07,0.98,4,0.11,0,0,0.57,0.03,1,0.03,0.05,0,0,23,0.63,34.78,4.348,0,0.54,45,0.22,50,1.22,53.33,0.63,0.9,0.24,28.84,0.3,0.68,43.48,84.36,17.09,73.41,3.78,95.68,18.88,92.07,9.01,57.1,24.43,43.41,0.03,0.27,0.05,0,0,0,0.08,7.24,62.78,0.76,46.43,0.46,23.53,0.14,0.24,9.9,74.73,0,,0,,0,0,0,0,,,2.86,,
K. Monzialo,Den Bosch,Den Bosch,"CF, LWF",25,3020,16,13.72,11,10.94,France,3.61,4.05,54.41,2.38,21.25,0.33,0.4,0,1.07,1.29,1.22,6,0.18,1,0.03,5.75,0.48,13,0.39,0.41,0,0,67,2,56.72,23.881,0.33,4.65,36.54,5.07,55.88,12.34,37.68,4.2,2.56,0.48,15.32,2.98,1.58,22.71,68.5,5.3,62.36,4.17,87.86,8.97,65.12,1.58,47.17,17.69,30.74,0.33,1.91,0.09,0.09,0.18,50,1.1,2.21,63.51,4.29,50,0.42,50,1.37,1.64,4.44,82.55,0,,0,,0,0,0,0,,,0.03,,
F. Gerezgiher,Emmen,Emmen,"RWF, LWF, RAMF",25,1454,2,2.76,2,2.49,Germany,4.7,4.64,52,2.1,23.53,0.12,0.16,0,2.17,2.86,1.05,2,0.12,0,0,4.77,0.12,2,0.12,0.17,0,0,26,1.61,34.62,7.692,0.12,4.52,34.25,4.52,56.16,10.34,44.91,4.15,3.59,0.25,17.52,3.34,1.3,23.21,67.2,4.02,53.85,7.18,89.66,7.92,59.38,0.99,37.5,18.31,17.24,0.15,1.42,0.06,0,0.19,66.67,0.8,1.36,54.55,4.02,41.54,0.31,40,1.18,1.49,2.97,83.33,0,,0,,0,0,0,0,,,0.25,,
A. Hojabrpour,Emmen,Emmen,"RCMF, RDMF",26,456,0,0.54,1,0.4,Canada,8.88,6.12,58.06,0.99,20,0.2,0.25,0.59,5.13,6.45,0.59,1,0.2,0,0,0.39,0,0,0,0.11,0,0,3,0.59,0,0,0.2,0.2,100,0,0,0.99,40,1.18,0,0,20.33,0.2,0.2,33.36,86.39,13.42,79.41,3.75,94.74,9.87,92,2.37,75,16.16,18.25,0.08,0.39,0,0,0.39,50,0.39,4.74,87.5,0.99,80,0.99,60,0.59,0.2,6.71,82.35,0,,0,,0,0,0,0,,,0,,
S. Maas,Den Bosch,Den Bosch,"LCB, RCB",25,2173,1,0.49,0,0,Netherlands,9.28,5.47,68.18,3.35,49.38,0.29,0.33,0.62,5.26,6.07,0.29,0,0,0,0,0.08,0.04,1,0.04,0.02,0,0,5,0.21,40,20,0,0.04,0,0.08,0,0.83,25,0.29,0.5,0.08,21.45,0.08,0.08,33.84,87.76,13.09,77.53,3.35,98.77,13.71,95.77,3.81,56.52,20.52,33.18,0,0,0,0.04,0,0,0,2.94,70.42,0.21,60,0.17,50,0.12,0,5.88,69.72,0,,0,,0,0,0,0,,,2.32,,
L. van Gelderen,RKC Waalwijk,RKC Waalwijk,"LCB, RCB, RB",25,1680,0,0.16,0,0,Netherlands,8.63,5.36,75,3.91,54.79,0.38,0.44,0.38,4.23,4.94,0.8,4,0.21,0,0,0.59,0,0,0,0.01,0,0,2,0.11,50,0,0,0.32,33.33,0.59,72.73,2.63,42.86,0.21,0.75,0.05,36.86,0.43,0.75,50.84,90.73,15.38,78.05,4.5,94.05,26.73,97.8,3.21,46.67,20.25,31.36,0,0,0,0,0,0,0,4.07,77.63,0.75,28.57,0.16,33.33,0.16,0.11,6.96,64.62,0,,0,,0,0,0,0,,,2.36,,
R. Klaasen,MVV,MVV,"LDMF, RCMF, LCMF",32,2307,0,0.64,2,1.92,Netherlands,9.4,6.05,63.23,1.44,56.76,0.74,0.77,0.31,4.84,5.03,1.01,2,0.08,0,0,0.9,0,0,0,0.03,0,0,15,0.59,6.67,0,0.08,0.78,80,0.39,50,1.99,47.06,0.31,0.2,0,22.63,0.16,1.01,37.26,81.88,14.79,72.56,4.68,93.33,12.44,88.4,4.17,48.6,18.81,35.12,0.07,0.86,0,0,0.08,50,0.16,6.87,71.02,1.6,56.1,0.55,35.71,0.35,0.62,7.69,71.07,0,,0,,0,0,0,0,,,1.33,,
M. van Rooijen,TOP Oss,TOP Oss,"DMF, RCMF",27,1062,2,0.72,0,0.31,Netherlands,10.42,4.66,67.27,3.73,29.55,0.93,1.02,1.1,6.36,6.99,0.93,2,0.17,0,0,1.27,0.17,2,0.17,0.06,1,0.08,11,0.93,36.36,18.182,0,1.27,26.67,1.19,50,4.75,42.86,1.1,0.59,0,13.31,0.59,0.93,22.97,74.54,6.95,68.29,4.24,90,6.78,71.25,2.54,53.33,17.7,28.9,0.03,0.42,0,0,0,0,0.08,3.47,73.17,1.44,41.18,0.17,50,0.42,0.25,4.15,59.18,0,,0,,0,0,0,0,,,0.51,,
S. Valk,Dordrecht,Dordrecht,RCB,24,2701,2,0.56,1,1.63,Netherlands,8.93,5.73,63.37,4.13,58.06,0,0,0.73,5.3,6.58,0.93,4,0.13,0,0,0.43,0.07,2,0.07,0.02,2,0.07,6,0.2,50,33.333,0.03,0.47,35.71,0.17,100,0.9,62.96,0.67,0.5,0.03,28.79,0.2,0.53,43.52,81.39,18.13,65.99,3.63,93.58,18.86,93.99,8.8,48.48,24.93,42.6,0.05,0.43,0.03,0,0,0,0.13,9.03,62.73,1.5,37.78,0.7,23.81,0.57,0.2,9.83,71.53,0,,0,,0,0,0,0,,,2.4,,
E. Demircan,Utrecht,Utrecht II,"LAMF, LW, LWF",21,2063,6,5.39,2,4.01,Germany,3.71,3.66,54.76,2.09,39.58,0.09,0.1,0,1.61,1.86,0.74,1,0.04,0,0,4.97,0.26,6,0.26,0.23,0,0,33,1.44,60.61,18.182,0.09,2.62,36.67,6.37,48.63,14.79,38.35,3.1,4.58,0.39,14.7,1.48,1.88,20.59,76.06,4.28,64.29,5.71,93.13,6.76,70.32,1.48,44.12,18.54,29.22,0.17,1.31,0.04,0.09,0.13,33.33,0.65,1.61,70.27,2.92,55.22,0.35,12.5,1.53,0.96,3.1,74.65,0,,0,,0,0,0,0,,,0.04,,
K. Gadellaa,Utrecht,Utrecht II,GK,23,2107,0,0,0,0,Netherlands,2.09,0.17,75,0.43,70,0,0,0.04,1.96,2.26,0,0,0,0,0,0,0,0,0,0,0,0,0,0,0,0,0,0,0,0,0,0.04,0,0,0,0,15.38,0.09,0,25.33,76.73,15.8,64.59,0,0,8.84,97.1,12.17,56.14,36.38,54.49,0,0,0,0.04,0,0,0,4.95,54.31,0.6,14.29,0.56,7.69,0.09,0,9.23,68.98,40,1.71,122,5.21,2,67.21,37.94,1.62,-2.06,-0.088,0,1.96,0.43
J. Schwirten,Roda JC,Roda JC,"AMF, RCMF, DMF",24,654,3,3.07,2,0.92,Germany,6.33,5.5,67.5,2.06,40,0.41,0.48,0.14,2.2,2.54,1.1,1,0.14,0,0,2.75,0.41,3,0.41,0.42,1,0.14,20,2.75,30,15,0.28,1.38,20,3.03,54.55,6.47,38.3,3.72,1.93,0.28,15.14,1.24,0.83,21.74,74.05,5.78,61.9,4.68,79.41,6.06,70.45,1.24,55.56,15.26,13.34,0.13,0.96,0,0,0,0,0.41,1.93,85.71,1.93,57.14,0.14,0,1.51,0.41,2.34,58.82,0,,0,,0,0,0,0,,,0,,
T. Köther,Roda JC,Roda JC,LB,25,859,0,0.59,0,0.77,Germany,9.32,8.8,66.67,0.52,60,0.42,0.48,0.31,3.04,3.48,0.94,0,0,0,0,1.89,0,0,0,0.06,0,0,12,1.26,41.67,0,0,2.31,27.27,1.26,50,3.04,48.28,1.36,1.05,0.21,28.18,0.73,0.84,39.5,71.88,15.09,52.78,8.49,95.06,10.79,80.58,4.71,35.56,20.22,31.82,0.08,0.73,0,0,0.1,100,0.52,4.19,57.5,2.2,38.1,0.21,50,0.63,0.84,9.53,58.24,0,,0,,0,0,0,0,,,1.36,,
A. Büttner,Vitesse,Vitesse,LB,37,2632,6,4.7,3,7.75,Netherlands,4.79,4,61.54,0.85,28,0.58,0.71,0.1,1.74,2.13,0.79,8,0.27,0,0,3.42,0.21,3,0.1,0.16,1,0.03,39,1.33,33.33,15.385,0.1,5.37,41.4,1.64,45.83,5.47,43.75,0.89,0.99,0.17,26.09,1.44,1.71,35.19,73.28,13.16,67.01,6.8,93.47,10.02,70.31,6.39,51.87,23.26,41.55,0.26,2.05,0.1,0.03,0,0,0.51,5.85,66.67,5.16,50.33,0.72,23.81,0.48,2.26,9.34,78.02,0,,0,,0,0,0,0,,,0.58,,
Jeffry Fortes,Den Bosch,Den Bosch,"RB, RCB",37,2701,3,2.72,1,1.42,Netherlands,8.8,6.26,68.09,3.3,61.62,0.13,0.16,0.3,4.4,5.21,0.93,6,0.2,1,0.03,1.27,0.1,3,0.1,0.09,1,0.03,17,0.57,58.82,17.647,0.03,1.67,42,0.37,54.55,1.2,61.11,0.93,0.53,0.03,25.99,1.8,0.8,37.15,81.26,15.46,74.14,5.86,93.75,10.43,83.39,4.66,46.43,20.16,38.67,0.05,0.23,0,0,0.03,100,0.27,5.56,61.08,2.4,48.61,0.27,37.5,0.43,0.67,8.5,73.73,0,,0,,0,0,0,0,,,1.87,,
D. Deen,AZ,AZ II,GK,22,661,0,0,0,0,Netherlands,0.95,0,0,0.54,100,0,0,0,0.95,1.3,0,0,0,0,0,0,0,0,0,0,0,0,0,0,0,0,0,0,0,0,0,0,0,0,0,0,16.48,0.54,0.14,24.24,83.71,14.43,74.53,0,0,8.58,96.83,10.89,66.25,34.07,48.12,0,0,0,0,0,0,0,1.09,37.5,0,0,0,0,0,0,9.67,67.61,14,1.91,36,4.9,1,61.11,10.67,1.45,-3.33,-0.453,0,2.31,0.54
T. Douglas,Eindhoven,Eindhoven,LB,24,2727,3,1.9,2,0.93,Netherlands,7.79,6.7,58.13,1.52,52.17,0.3,0.33,0.2,3.6,3.95,1.12,6,0.2,0,0,2.11,0.1,3,0.1,0.06,0,0,26,0.86,23.08,11.538,0.07,1.39,38.1,1.85,73.21,6.24,50.26,0.76,1.19,0.1,20.73,1.39,1.39,30.33,84.77,10.63,77.95,4.32,93.89,10.56,87.19,2.57,58.97,18.52,33.67,0.03,0.43,0,0,0.13,25,0.26,3.43,79.81,1.75,45.28,0.33,20,0.26,0.5,5.51,68.86,0,,0,,0,0,0,0,,,0.59,,
N. Amadin,Emmen,Emmen,"RW, RAMF, RWF",25,981,3,1.43,2,2.17,Netherlands,1.93,1.74,47.37,1.56,52.94,0.09,0.12,0,1.01,1.31,0.37,0,0,0,0,7.98,0.28,3,0.28,0.13,0,0,28,2.57,53.57,10.714,0.18,4.04,43.18,7.25,65.82,15.69,47.95,2.39,4.77,0.18,16.51,1.74,2.11,23.76,77.22,4.13,68.89,8.17,95.51,7.8,68.24,0.92,30,18.36,18.55,0.2,1.56,0.09,0,0.09,100,0.64,1.19,92.31,4.13,51.11,0.28,66.67,1.01,1.74,3.94,83.72,0,,0,,0,0,0,0,,,0.09,,
S. Mokono,Prishtina,VVV Venlo,RB,26,711,1,0.73,0,0.72,Netherlands,10.89,7.09,69.64,3.67,68.97,0.51,0.61,0.25,5.44,6.52,1.01,2,0.25,0,0,1.52,0.13,1,0.13,0.09,0,0,7,0.89,14.29,14.286,0,1.52,33.33,1.27,50,3.67,27.59,0.76,1.01,0,27.97,1.14,0.25,44.05,77.01,22.28,66.48,5.57,93.18,12.15,84.38,6.71,50.94,19.11,33.55,0.09,0.89,0.13,0,0.25,100,0.63,7.97,68.25,2.66,47.62,0.89,42.86,0.89,0.51,12.41,68.37,0,,0,,0,0,0,0,,,1.9,,
Joshua Zimmerman,Livingston,TOP Oss,"RAMF, LAMF",24,1091,0,1.21,3,1.61,Curaçao,4.04,4.54,43.64,1.24,33.33,0,0,0.25,2.06,2.39,1.24,2,0.16,0,0,4.78,0,0,0,0.1,0,0,12,0.99,25,0,0.25,5.11,35.48,5.86,46.48,12.04,39.04,1.81,2.8,0.58,12.29,2.14,0.91,17.9,68.2,2.97,47.22,5.53,94.03,5.86,56.34,1.07,61.54,20.25,18.61,0.13,0.58,0,0,0,0,0.82,1.24,53.33,3.88,44.68,0,0,0.41,1.73,3.3,65,0,,0,,0,0,0,0,,,0.25,,
J. Foss,Esbjerg,Roda JC,LCB,21,751,0,0,0,0.01,Denmark,9.59,4.31,75,4.43,62.16,0.12,0.16,0.84,6.23,8.21,0.48,0,0,0,0,0.12,0,0,0,0,0,0,0,0,0,0,0,0,0,0.12,100,0.6,20,0.24,1.2,0.12,40.51,0,0.36,59.2,91.09,24.09,84.08,2.88,100,27.68,96.54,5.51,47.83,18.92,29.48,0,0.12,0,0,0,0,0,7.07,81.36,0.72,16.67,0,0,0.24,0,10.67,71.91,0,,0,,0,0,0,0,,,2.28,,
T. Rölke,Cambuur,Cambuur,"CF, RCMF",23,1968,4,6.15,1,1.86,Germany,5.44,3.02,65.15,3.61,40.51,0.23,0.32,0.23,3.25,4.48,0.59,2,0.09,0,0,2.24,0.18,4,0.18,0.28,0,0,46,2.1,30.43,8.696,0.05,0.87,52.63,2.2,43.75,7,35.29,2.33,1.83,0.32,21.17,1.01,1.05,29.18,78.68,7.59,61.45,7.64,88.02,7.87,86.05,1.97,51.16,17.68,28.53,0.09,0.82,0.05,0,0.23,80,0.37,3.84,72.62,1.69,45.95,0.23,60,1.01,0.46,4.25,68.82,0,,0,,0,0,0,0,,,0.73,,
V. Zumberi,Vitesse,Vitesse,"LCB, RCB",23,3127,2,2.7,0,0.68,Germany,6.99,3.48,73.55,2.96,56.31,0.2,0.24,0.46,4.23,5.09,0.55,7,0.2,0,0,0.35,0.06,2,0.06,0.08,1,0.03,16,0.46,31.25,12.5,0,0.2,57.14,0.17,50,1.96,47.06,0.6,0.6,0.2,28.46,0.32,0.66,41.36,85.53,17.44,72.94,3.43,98.32,17.1,95.45,5.15,49.72,21.32,37.79,0.02,0.12,0,0.03,0,0,0.12,3.97,67.39,0.58,40,0.55,36.84,0.23,0.09,7.54,62.21,0,,0,,0,0,0,0,,,2.65,,
B. Van Schuppen,Eindhoven,Eindhoven,"CF, AMF",24,1013,0,0.54,0,2.03,Netherlands,5.24,4.18,59.57,1.87,33.33,0.44,0.49,0,2.31,2.54,0.89,1,0.09,0,0,1.69,0,0,0,0.05,0,0,15,1.33,26.67,0,0,2.31,26.92,1.24,50,4.53,39.22,1.69,0.98,0.09,21.59,0.98,0.8,31.27,80.11,7.64,73.26,8.17,92.39,9.6,78.7,2.22,44,17.93,24.16,0.18,1.33,0,0,0.09,100,0.44,3.55,72.5,2.75,51.61,0.44,40,0.98,0.62,5.24,77.97,0,,0,,0,0,0,0,,,0.36,,
M. Esajas,TOP Oss,TOP Oss,"LDMF, DMF, RDMF",23,2637,2,2.06,1,0.78,Netherlands,11.64,7.85,61.3,1.95,29.82,1.81,2.08,0.61,5.02,5.77,1.91,7,0.24,0,0,1.47,0.07,2,0.07,0.07,0,0,17,0.58,41.18,11.765,0.03,1.02,40,1.88,43.64,7.2,42.65,0.78,1.19,0.1,17.82,0.34,1.4,29.32,82.77,11.77,75.94,4.51,94.7,7.82,87.77,2.7,53.16,17.07,27.79,0.03,0.27,0,0,0.03,0,0.14,5.19,73.68,1.74,54.9,0.58,29.41,0.51,0.38,4.81,80.14,0,,0,,0,0,0,0,,,0.31,,
I. El Kadiri,De Graafschap,De Graafschap,"LW, LWF, LAMF",24,1970,5,4.98,5,7.81,Netherlands,4.57,5.39,52.54,0.46,30,0.27,0.37,0.05,1.46,1.99,0.87,0,0,1,0.05,11.24,0.23,5,0.23,0.23,0,0,68,3.11,33.82,7.353,0.23,6.03,40.15,12.75,60.57,18.78,49.64,5.57,9.18,1.92,27.14,2.38,1.37,33.81,74.05,6.17,66.67,6.9,94.7,13.93,73.11,3.06,67.16,20.53,40.87,0.36,2.6,0.09,0.05,0.05,100,1.28,3.02,81.82,6.03,59.85,0.14,33.33,2.6,2.1,7.04,81.82,0,,0,,0,0,0,0,,,0.09,,
C. Essers,Eindhoven,Eindhoven,"RB, RCB",29,2560,2,2.5,3,0.78,Netherlands,9.35,6.47,61.96,4.57,53.08,0.25,0.27,0.56,5.1,5.64,1.16,3,0.11,0,0,0.95,0.07,2,0.07,0.09,1,0.04,24,0.84,29.17,8.333,0.11,1.86,24.53,0.6,41.18,2.85,43.21,1.27,0.7,0.21,22.22,1.3,0.84,34.1,75.57,15.5,69.16,4.5,95.31,10.51,79.26,7.07,58.21,22.74,37.84,0.03,0.28,0,0.04,0,0,0.11,6.15,61.71,1.83,28.85,0.56,56.25,0.28,0.46,7.8,70.27,0,,0,,0,0,0,0,,,1.58,,
N. Twisk,AZ II,AZ II,RDMF,23,2809,0,1.3,1,0.99,Netherlands,7.75,4.84,57.62,2.24,47.14,0.45,0.58,0.45,4.52,5.84,1.09,4,0.13,0,0,0.48,0,0,0,0.04,0,0,13,0.42,23.08,0,0.03,0.32,50,0.35,54.55,1.99,40.32,0.61,0.8,0,35.95,0.16,0.42,50.37,89.89,12.46,77.89,6.02,95.74,26.95,95.6,2.92,54.95,20.02,29.07,0.03,0.35,0.03,0.03,0.1,33.33,0.16,6.22,84.54,1.12,62.86,0.42,30.77,0.74,0.16,6.98,73.39,0,,0,,0,0,0,0,,,0.93,,
D. Verbeek,Den Bosch,Den Bosch,"RAMF, RWF, RW",35,980,1,1.23,3,1.91,Netherlands,4.78,3.77,65.85,0.92,40,0,0,0.09,2.3,3.15,0.73,5,0.46,0,0,4.13,0.09,1,0.09,0.11,0,0,8,0.73,50,12.5,0.28,3.49,42.11,3.95,53.49,8.82,37.5,2.66,2.02,0.09,28.65,1.19,0.73,40.96,78.92,13.96,71.05,8.91,87.63,12.21,81.2,4.87,64.15,20.88,29.28,0.18,1.38,0,0,0.55,33.33,0.64,6.89,69.33,5.33,60.34,1.65,27.78,2.48,1.29,10.19,86.49,0,,0,,0,0,0,0,,,0.73,,
T. Wildeboer,TOP Oss,TOP Oss,CF,24,2418,8,9.77,0,0.74,Netherlands,3.57,2.27,70.49,8.49,41.23,0.19,0.22,0.15,1.79,2.07,1.27,0,0,0,0,1.53,0.3,7,0.26,0.36,3,0.11,65,2.42,43.08,12.308,0,0.3,12.5,0.97,46.15,9.08,26.64,3.54,0.52,0,7.41,1.97,2.49,11.8,59.94,3.72,43,2.27,83.61,2.68,63.89,0.74,45,14.09,11.28,0.03,0.3,0.04,0,0,0,0.15,1.67,42.22,0.37,50,0.04,0,0.3,0.04,1.53,53.66,0,,0,,0,0,0,0,,,0,,
I. Takidine,Roda JC,Roda JC,"LAMF, RAMF, RWF",25,366,0,0.15,0,0.2,Belgium,4.92,3.2,53.85,0.98,0,0,0,0,3.2,4.11,0.74,0,0,0,0,2.95,0,0,0,0.04,0,0,2,0.49,50,0,0,5.9,12.5,4.92,40,10.57,32.56,2.46,4.67,0.49,26.56,3.2,0.98,33.69,71.53,7.87,75,8.36,94.12,11.07,62.22,0.98,75,17.02,7.03,0.05,0.49,0,0,0,0,0.49,2.21,88.89,4.92,30,0,0,1.23,1.23,4.67,68.42,0,,0,,0,0,0,0,,,0,,
N. Dundas,Utrecht II,Utrecht II,"CF, AMF",22,2233,3,8.5,3,1.9,Netherlands,3.91,3.87,48.96,4.64,36.52,0.08,0.09,0.08,1.93,2.28,1.89,5,0.2,0,0,1.93,0.12,3,0.12,0.34,0,0,68,2.74,27.94,4.412,0.12,0.89,36.36,1.49,51.35,6.17,28.1,2.74,0.81,0.12,13.26,1.33,0.64,20.47,65.35,6.89,53.22,2.58,81.25,6.73,73.05,2.26,35.71,18.93,26.05,0.08,0.64,0.04,0.04,0.16,50,0.28,3.83,52.63,1.65,48.78,0.56,28.57,0.64,0.32,3.59,64.04,0,,0,,0,0,0,0,,,0,,
M. Bergsen,Helmond Sport,Helmond Sport,GK,26,3509,0,0,0,0,Netherlands,1.85,0.08,66.67,0.31,83.33,0,0,0,1.8,2.13,0.03,2,0.05,0,0,0,0,0,0,0,0,0,0,0,0,0,0,0,0,0,0,0.05,50,0,0,0,21.16,0.28,0.1,28.78,80.84,15.54,66.34,0,0,12.18,98.32,12.64,58.82,32.71,46.24,0,0,0,0,0,0,0,2.26,39.77,0.13,0,0.21,25,0.03,0,8.64,68.84,58,1.49,157,4.03,9,63.06,55.57,1.43,-2.43,-0.062,0,1.26,0.31
A. Bakir,Emmen,Emmen,"AMF, LCMF, RCMF",25,1551,1,1.78,3,1.71,Germany,6.15,5.92,50.98,2.09,41.67,0.58,0.75,0.12,2.55,3.31,2.32,5,0.29,0,0,2.44,0.06,1,0.06,0.1,1,0.06,30,1.74,26.67,3.333,0.17,1.28,27.27,2.73,51.06,11.14,44.27,1.68,1.8,0.17,18.63,0.81,3.02,28.2,74.28,7.83,58.52,7.72,91.73,8.3,74.13,3.02,40.38,18.68,31.68,0.1,1.45,0.23,0.06,0.35,66.67,0.35,3.6,54.84,3.02,40.38,0.52,33.33,1.16,0.35,4.06,71.43,0,,0,,0,0,0,0,,,0.46,,
J. Borgmans,Eindhoven,Eindhoven,GK,23,2364,0,0,0,0,Netherlands,1.98,0.08,50,0.49,92.31,0.04,0.04,0,1.9,2.19,0,0,0,0,0,0,0,0,0,0,0,0,0,0,0,0,0,0,0,0,0,0.08,100,0.04,0,0,15.99,0.38,0.11,24.67,80.4,17.4,74.62,0,0,6.74,93.79,14.31,67.55,37.68,48.88,0,0,0,0,0,0,0,2.32,36.07,0.08,0,0.23,33.33,0,0,11,77.85,49,1.87,143,5.44,4,65.73,44.57,1.7,-4.43,-0.169,0,2.13,0.49
J. Wendlinger,Almere City,Almere City,GK,25,2815,0,0.04,1,0,Austria,1.82,0.13,25,0.38,100,0,0,0,1.79,2.08,0.06,0,0,1,0.03,0,0,0,0,0,0,0,1,0.03,0,0,0.03,0,0,0,0,0.1,33.33,0.03,0,0,20.59,0.38,0.03,30.28,81.52,19.76,72.33,0.03,0,9.43,98.98,15.67,66.33,35.41,48.63,0,0,0.03,0,0,0,0,3.77,44.07,0.38,8.33,0.32,10,0.03,0,11.93,78.28,48,1.53,141,4.51,6,65.96,42.21,1.35,-5.79,-0.185,0,1.15,0.38
Y. Schoonderwaldt,VVV Venlo,VVV Venlo,GK,26,3660,0,0,1,0.05,Netherlands,1.84,0.02,100,0.47,89.47,0,0,0,1.82,2.2,0,0,0,0,0,0.05,0,0,0,0,0,0,0,0,0,0,0.02,0,0,0.05,100,0.15,83.33,0,0,0,22.03,0.17,0.12,33.98,84.95,20.07,77.21,0,0,13.03,96.42,14.11,66.9,30.91,45.34,0,0.02,0,0.02,0,0,0.02,4.03,60.98,0.22,0,0.39,43.75,0.02,0,11.04,76.84,58,1.43,200,4.92,7,71,60.76,1.49,2.76,0.068,0,1.94,0.47
D. Zandbergen,VVV Venlo,VVV Venlo,CF,24,2782,15,13.59,3,3.56,Netherlands,4.59,3.69,57.02,9.71,53.67,0.23,0.27,0.16,2.26,2.74,1.49,5,0.16,1,0.03,2.2,0.49,13,0.42,0.44,2,0.06,72,2.33,44.44,20.833,0.1,1.52,36.17,1.04,53.13,4.43,29.93,3.98,0.87,0.1,11.71,3.17,0.84,17.08,66.67,4.76,59.86,3.33,90.29,5.18,57.5,0.97,40,16.8,20.06,0.12,0.55,0.03,0,0.1,66.67,0.58,2.49,55.84,1.49,39.13,0.32,30,0.61,0.52,2.23,82.61,0,,0,,0,0,0,0,,,0.1,,
J. van der Sluijs,Dordrecht,Dordrecht,"AMF, CF, RCMF",24,1247,3,5.31,2,2.13,Netherlands,3.61,3.61,46,0.79,63.64,0.07,0.09,0.14,1.88,2.36,0.65,2,0.14,0,0,2.09,0.22,3,0.22,0.38,0,0,43,3.1,30.23,6.977,0.14,1.66,21.74,1.52,52.38,3.54,30.61,2.53,1.15,0.22,13.35,0.58,0.36,20.28,72.6,6.42,67.42,5.2,93.06,6.13,67.06,2.96,39.02,22.92,32.27,0.15,1.37,0.07,0,0,0,0.43,3.75,73.08,1.95,44.44,0.22,0,0.51,0.36,4.69,76.92,0,,0,,0,0,0,0,,,0.43,,
M. Spenkelink,RKC Waalwijk,RKC Waalwijk,GK,29,3557,0,0,0,0,Netherlands,1.37,0.03,100,0.43,76.47,0,0,0,1.34,1.61,0,2,0.05,0,0,0.05,0,0,0,0,0,0,0,0,0,0,0,0,0,0.08,66.67,0.13,80,0,0,0,17.28,0.1,0.1,25.1,85.89,14.85,78.02,0.03,0,9.18,98.35,10.91,70.07,30.99,45.01,0,0,0.03,0,0,0,0,1.49,54.24,0.05,0,0.13,0,0,0,9.29,73.57,58,1.47,159,4.02,7,63.52,50.25,1.27,-7.75,-0.196,0,1.27,0.43
T. Coremans,Dordrecht,Dordrecht,GK,35,395,0,0,0,0,Netherlands,2.51,0.23,0,0.68,100,0,0,0,2.51,3.17,0,0,0,0,0,0,0,0,0,0,0,0,0,0,0,0,0,0,0,0,0,0.23,100,0,0,0,17.54,0,0.68,26.66,75.21,12.3,50,0,0,13.22,98.28,9.57,42.86,35.61,52.44,0,0,0,0,0,0,0,2.28,30,0.91,0,0.68,0,0,0,7.29,50,4,0.91,15,3.42,2,73.33,4.29,0.98,0.29,0.066,0,2.28,0.68
R. Schwarz,Vitesse,Vitesse,"AMF, RW, LDMF",22,1884,1,1.84,3,1.42,Germany,8.03,7.6,57.23,1.82,28.95,0.86,1.05,0.05,2.82,3.44,1.96,9,0.43,0,0,1.86,0.05,1,0.05,0.09,1,0.05,26,1.24,38.46,3.846,0.14,1.39,24.14,2.29,45.83,7.12,42.28,1.39,1.67,0.33,19.97,0.67,1.58,32.01,82.39,7.93,67.47,8.36,93.14,8.65,87.85,1.39,48.28,16.79,18.77,0.07,0.86,0,0,0,0,0.48,3.39,77.46,2.05,48.84,0.1,0,0.67,0.38,4.11,62.79,0,,0,,0,0,0,0,,,0.76,,
D. Nunumete,Emmen,Emmen,"LCMF, LDMF",24,1574,0,1.1,3,2.3,Netherlands,7.6,7.32,50.78,2.06,41.67,0.29,0.39,0.4,3.6,4.97,2.52,7,0.4,0,0,1.14,0,0,0,0.06,0,0,18,1.03,27.78,0,0.17,1.6,32.14,0.46,37.5,2.46,46.51,0.74,1.43,0.11,27.22,0.23,0.91,39.74,79.14,14.24,61.04,7.83,97.81,12.01,84.29,6.18,49.07,20.53,37.64,0.13,0.97,0.06,0.23,0.17,100,0.34,7.95,66.19,3.37,42.37,1.37,37.5,0.69,0.57,7.89,70.29,0,,0,,0,0,0,0,,,0.86,,
C. Peupion,ADO Den Haag,ADO Den Haag,"LAMF, RAMF, LW",23,2241,7,7.95,2,2.44,Australia,6.79,6.02,60,1.85,34.78,0.16,0.24,0.08,3.01,4.55,1.77,2,0.08,0,0,5.82,0.28,7,0.28,0.32,1,0.04,94,3.78,39.36,7.447,0.08,3.94,32.65,5.46,55.15,10.2,40.55,5.46,3.29,0.8,21.08,2.37,0.88,27.59,71.47,6.06,58.28,7.83,91.79,8.96,65.47,2.45,40.98,17.81,25.09,0.1,1.08,0.16,0,0.08,50,0.28,2.37,55.93,3.61,52.22,0.12,0,1.2,1.2,4.02,79,0,,0,,0,0,0,0,,,0.16,,
J. Kilo,ADO Den Haag,ADO Den Haag,"DMF, RDMF, RCMF",23,3339,4,3.82,9,6.31,Finland,6.79,5.39,60,1.91,47.89,0.08,0.12,0.27,3.48,5.36,1.59,2,0.05,0,0,1.19,0.11,4,0.11,0.1,0,0,37,1,32.43,10.811,0.24,1.08,55,0.4,53.33,2.1,51.28,0.86,1.19,0.03,53.72,0.19,1.27,68.71,89.96,19.97,77.87,9.08,97.92,29.03,95.36,6.6,65.71,18.87,39.94,0.17,1.62,0.08,0.13,0.22,25,0.32,10.7,77.83,2.78,53.4,0.73,22.22,0.86,0.62,10.11,84.27,0,,0,,0,0,0,0,,,1.99,,
J. De Vries,Den Bosch,Den Bosch,"RCMF, RWF, AMF",24,1364,2,2.33,1,2.25,United States,6.07,6.14,59.14,2.57,51.28,0,0,0.2,2.44,2.78,1.78,0,0,0,0,4.09,0.13,2,0.13,0.15,0,0,27,1.78,37.04,7.407,0.07,2.71,36.59,4.42,55.22,10.62,40.37,2.9,2.64,0.26,21.71,1.85,1.12,29.96,76.21,8.78,60.15,7.92,92.5,8.51,79.07,2.64,40,18.25,32.4,0.15,1.19,0.07,0,0.13,0,0.53,3.23,53.06,3.23,48.98,0.66,30,0.92,0.86,5.08,66.23,0,,0,,0,0,0,0,,,0.26,,
R. van der Venne,RKC Waalwijk,RKC Waalwijk,"CF, AMF, LW",33,1370,5,5.73,0,0.87,Netherlands,4.73,3.81,60.34,1.58,33.33,0.2,0.24,0.26,2.23,2.73,1.12,4,0.26,0,0,1.51,0.33,4,0.26,0.38,1,0.07,33,2.17,39.39,15.152,0,1.18,16.67,1.18,33.33,4.01,36.07,2.5,0.59,0,17.61,0.99,0.99,25.95,73.42,9.33,64.79,6.11,93.55,5.65,74.42,2.1,53.13,17.44,20.54,0.06,0.33,0.07,0,0.13,50,0.13,3.55,68.52,2.17,48.48,0.33,80,1.12,0.13,4.47,67.65,0,,0,,0,0,0,0,,,0.39,,
M. Lukowicz,Helmond Sport,Helmond Sport,CF,31,1693,10,8.93,0,0.52,Germany,2.07,2.02,42.11,4.62,32.18,0.11,0.12,0.05,1.12,1.3,1.7,5,0.27,0,0,1.65,0.53,9,0.48,0.47,1,0.05,47,2.5,38.3,21.277,0,0.48,11.11,1.38,46.15,5.05,30.53,3.51,0.64,0,9.94,2.45,0.69,12.44,71.37,2.71,47.06,3.88,90.41,3.14,77.97,0.37,71.43,18.03,8.55,0.03,0.32,0,0,0.11,0,0.16,1.86,62.86,0.58,45.45,0.11,0,0.48,0.05,1.65,70.97,0,,0,,0,0,0,0,,,0.11,,
Joâo Pinto,Vitesse,Vitesse,"RAMF, CF",21,1730,6,7.73,2,1.25,Portugal,7.96,6.29,62.81,5.93,40.35,0.05,0.06,0.1,3.95,4.87,1.92,6,0.31,0,0,1.98,0.31,6,0.31,0.4,1,0.05,43,2.24,27.91,13.953,0.1,1.09,38.1,2.24,41.86,10.04,27.46,3.49,0.88,0.16,8.32,1.77,0.78,14.93,75.26,3.12,68.33,4.01,84.42,3.75,77.78,0.62,58.33,13.8,14.34,0.07,0.57,0,0.16,0.05,0,0.21,1.51,75.86,0.94,66.67,0.05,0,0.42,0.42,2.08,70,0,,0,,0,0,0,0,,,0.05,,
M. Brüll,Vitesse,Vitesse,GK,23,1465,0,0,0,0,Germany,1.11,0,0,0.12,50,0,0,0,1.11,1.37,0,0,0,0,0,0,0,0,0,0,0,0,0,0,0,0,0,0,0,0,0,0,0,0,0,0,21.26,0.43,0,29.12,89.24,15.48,80.16,0.06,100,12.9,99.52,12.59,76.59,33.56,47.75,0,0,0,0,0,0,0.06,1.72,46.43,0,0,0.12,100,0,0,11.24,81.42,26,1.6,78,4.79,2,66.67,21.85,1.34,-4.15,-0.255,0,0.74,0.12
R. Akmum,Den Bosch,Den Bosch,"LCB, CB",25,2022,1,1.13,1,0,Netherlands,9.21,6.01,73.33,3.69,49.4,0.36,0.44,0.76,4.45,5.44,0.89,2,0.09,0,0,0.22,0.04,1,0.04,0.05,0,0,10,0.45,20,10,0.04,0,0,0.18,75,0.93,38.1,0.53,0.67,0,26.08,0.09,0.22,39.44,84.99,15.93,73.18,2.85,98.44,17.14,94.03,5.39,49.59,22.25,36.71,0,0,0,0.04,0.04,0,0.04,5.47,65.04,0.62,7.14,0.58,0,0.18,0,7.74,64.37,0,,0,,0,0,0,0,,,1.96,,
J. Treichel,Roda JC,Roda JC,GK,23,3556,0,0,0,0,Germany,1.34,0.1,50,0.4,81.25,0,0,0.03,1.29,1.61,0.03,3,0.08,0,0,0,0,0,0,0,0,0,0,0,0,0,0,0,0,0,0,0.13,100,0,0,0,22.73,0.2,0.2,31.31,89.57,13.41,77.36,0.03,100,16.88,99.1,9.36,66.76,28.7,43.95,0,0,0,0,0,0,0,1.32,48.08,0.05,0,0.05,0,0.03,0,7.87,73.95,52,1.32,173,4.38,8,69.94,51.27,1.3,-0.73,-0.018,0,1.37,0.4
D. Hoogewerf,Vitesse,Vitesse,"LAMF, LW",23,2866,8,5.3,2,4.89,Netherlands,5.94,5.31,57.4,2.89,36.96,0.35,0.41,0.19,2.54,3.02,1.32,6,0.19,0,0,4.27,0.25,8,0.25,0.17,2,0.06,74,2.32,35.14,10.811,0.06,2.32,40.54,4.24,58.52,10.05,42.81,2.45,2.83,0.35,18.12,1.66,1.32,26.22,74.49,7.63,62.14,5.65,89.44,7.82,74.7,2.07,45.45,17.17,36.71,0.15,1.16,0.09,0.06,0.09,33.33,0.63,3.01,58.33,2.83,45.56,0.38,33.33,1.04,0.85,4.36,69.78,0,,0,,0,0,0,0,,,0.19,,
F. Quispel,Emmen,Emmen,"AMF, CF",25,1406,4,5.26,2,2.67,Netherlands,4.74,4.54,45.07,4.8,33.33,0.64,0.91,0,2.05,2.9,1.47,4,0.26,1,0.06,2.37,0.26,4,0.26,0.34,1,0.06,42,2.69,33.33,9.524,0.13,1.41,40.91,1.79,50,6.59,31.07,3.2,0.45,0.06,17.35,1.6,1.02,26.05,77.89,6.34,68.69,6.21,89.69,8.45,73.48,1.86,62.07,18.14,21.75,0.17,1.28,0.06,0,0,0,0.64,3.14,69.39,1.6,48,0.13,50,0.77,0.51,3.78,71.19,0,,0,,0,0,0,0,,,0.13,,
M. Vetkal,Dordrecht,Dordrecht,"LDMF, LCMF, RCMF",22,2098,0,0.77,1,1.57,Estonia,7.81,6.09,56.34,0.82,31.58,0.17,0.21,0.13,4.2,5.24,1.42,4,0.17,1,0.04,1.07,0,0,0,0.03,0,0,19,0.82,21.05,0,0.04,0.99,34.78,1.16,40.74,4.33,42.57,1.03,1.46,0.17,19.13,0.17,1.33,30.41,79.55,10.72,70.8,5.36,93.6,10.21,83.19,3.99,55.91,19.89,34.08,0.07,0.77,0,0.04,0.09,100,0.3,6.09,67.61,1.84,51.16,0.56,46.15,0.82,0.39,6.22,73.79,0,,0,,0,0,0,0,,,1.12,,
J. Pynadath,Dordrecht,Dordrecht,"LAMF, LWF",24,864,3,1.19,0,2.14,United States,4.79,6.15,47.46,1.46,35.71,0.21,0.25,0,1.67,2.01,1.56,0,0,0,0,9.17,0.31,3,0.31,0.12,0,0,17,1.77,52.94,17.647,0,6.04,39.66,8.65,67.47,12.81,57.72,3.23,5.21,0.63,14.06,2.19,0.73,19.9,63.35,4.58,56.82,5.52,84.91,6.46,56.45,1.46,42.86,24.81,28.94,0.22,1.77,0.1,0,0,0,0.94,1.77,52.94,3.85,48.65,0.21,0,0.63,2.08,3.44,63.64,0,,0,,0,0,0,0,,,0,,
C. van den Berg,Vitesse,Vitesse,GK,25,2227,0,0,0,0,Netherlands,1.45,0.12,100,0.4,100,0.04,0.05,0,1.29,1.58,0,1,0.04,0,0,0,0,0,0,0,0,0,0,0,0,0,0,0,0,0,0,0,0,0,0,0,18.51,0.24,0.04,27.52,86.2,17.09,78.01,0,0,9.98,100,13.58,74.11,37.92,51.9,0,0,0,0.04,0,0,0,2.99,58.11,0.04,0,0.12,33.33,0,0,11.56,82.17,29,1.17,114,4.61,7,74.56,36.8,1.49,7.8,0.315,0,0.93,0.4
T. Wieggers,De Graafschap,De Graafschap,GK,23,3661,0,0,0,0,Netherlands,1.62,0.07,66.67,0.42,88.24,0,0,0,1.57,2.23,0,1,0.02,0,0,0,0,0,0,0,0,0,0,0,0,0,0,0,0,0,0,0.1,75,0,0,0,23.31,0.2,0.07,34.59,89.41,18.51,82.74,0.02,100,13.74,97.5,10.57,70,27.88,46.32,0,0,0,0,0,0,0,1.89,54.55,0.02,100,0.12,60,0,0,8.6,74.57,58,1.43,202,4.97,6,71.29,53.01,1.3,-4.99,-0.123,0,1.65,0.42
B. Edward van Duijl,AZ II,AZ II,"LCB, LB, RCB",,347,0,0.12,1,0.07,,8.3,4.67,77.78,0.26,0,0,0,1.04,4.67,7.4,0,0,0,0,0,0.26,0,0,0,0.03,0,0,1,0.26,100,0,0.26,0.26,0,0,0,1.04,25,0.52,3.89,0,64.84,0.26,0.26,86.63,90.72,34.24,81.82,5.19,95,43.05,96.99,13.75,66.04,23.94,40.71,0.02,0.52,0.52,0,0,0,0.26,18.41,83.1,0.78,66.67,0.52,50,0.78,0,20.23,87.18,0,,0,,0,0,0,0,,,1.82,,
D. Weidmann,Twente,RKC Waalwijk,LCMF,22,352,2,1.04,0,0.23,France,5.63,4.86,73.68,0.51,0,0.51,0.58,0,1.53,1.73,0.51,1,0.26,0,0,4.09,0.51,2,0.51,0.27,0,0,13,3.32,30.77,15.385,0,1.53,33.33,4.09,62.5,10.48,43.9,3.07,3.84,0.51,35.54,0,1.79,47.3,85.95,11.25,75,9.2,91.67,17.13,91.04,3.07,33.33,18.07,49.89,0.06,0.77,0,0,0,0,0,5.63,68.18,2.05,62.5,0,0,1.53,0.51,6.9,55.56,0,,0,,0,0,0,0,,,1.02,,
E. Demrican,Utrecht II,Utrecht II,"LW, LAMF",20,949,3,2.83,2,1.6,Germany,3.79,3.7,56.41,1.61,41.18,0,0,0,1.71,1.91,0.85,0,0,0,0,5.6,0.28,3,0.28,0.27,0,0,19,1.8,57.89,15.789,0.19,3.13,27.27,8.06,45.88,16.5,36.78,3.41,6.26,0.38,16.31,1.61,1.8,21.34,72,4.84,58.82,5.41,91.23,7.02,63.51,1.9,40,18.31,34.72,0.15,1.14,0,0.09,0.09,0,0.66,1.42,73.33,3.32,48.57,0.38,0,1.8,0.85,3.7,69.23,0,,0,,0,0,0,0,,,0,,
D. van Oorschot,VVV Venlo,VVV Venlo,"AMF, CF",20,1296,0,3.01,1,1.16,Netherlands,7.15,6.39,63.04,3.54,17.65,0.35,0.44,0.14,2.78,3.54,1.53,4,0.28,0,0,1.25,0,0,0,0.21,0,0,21,1.46,23.81,0,0.07,1.81,30.77,1.25,27.78,6.88,28.28,3.19,1.25,0.28,12.78,1.67,0.83,19.51,73.67,5.14,50,6.32,93.41,5.14,75.68,1.67,41.67,18.85,20.49,0.08,0.56,0,0,0,0,0.28,1.81,50,1.53,45.45,0.14,50,0.63,0.63,2.36,55.88,0,,0,,0,0,0,0,,,1.81,,
Wang Bohao,Den Bosch,Den Bosch,"LCMF, DMF, LDMF",20,726,0,0.2,1,0.73,China PR,11.16,8.31,58.21,5.21,50,1.24,1.48,0.37,5.08,6.06,2.36,5,0.62,0,0,0.62,0,0,0,0.03,0,0,3,0.37,33.33,0,0.12,0.12,0,0.62,80,6.57,39.62,1.12,0.74,0.37,11.65,0.62,1.86,21.82,84.66,5.58,71.11,6.2,90,6.82,89.09,1.86,53.33,17.71,14,0.09,0.5,0,0,0,0,0.25,2.36,78.95,0.25,50,0.25,0,0.62,0,2.85,73.91,0,,0,,0,0,0,0,,,0.99,,
C. Mmaee,Sarpsborg 08,MVV,"CF, RW, RAMF",22,1157,4,2.64,3,1.74,Morocco,7.08,5.91,53.95,2.57,27.27,0.16,0.16,0.16,3.73,3.84,1.94,3,0.23,0,0,3.11,0.31,4,0.31,0.21,0,0,30,2.33,40,13.333,0.23,1.24,18.75,4.59,38.98,12.99,28.74,3.58,2.18,0.08,20.07,2.41,1.17,24.97,66.67,7.39,56.84,5.6,86.11,7.39,64.21,1.63,38.1,17.63,33.01,0.14,0.86,0,0.08,0.31,50,0.54,3.34,67.44,2.49,50,0.31,25,1.32,0.23,4.82,67.74,0,,0,,0,0,0,0,,,0.16,,
E. Waayers,Go Ahead Eagles,PSV II,RB,19,511,0,0.11,0,0.54,Netherlands,8.28,8.1,52.17,2.47,42.86,0.35,0.48,0.18,3.7,5.04,1.94,2,0.35,0,0,1.23,0,0,0,0.02,0,0,2,0.35,50,0,0,2.82,31.25,0.88,20,3.52,30,1.06,2.11,0.7,30.47,2.29,0.53,44.03,79.6,15.15,75.58,8.63,89.8,13.21,81.33,3.7,47.62,17.93,28.07,0.1,0.88,0,0,0,0,0.7,4.93,50,3.17,38.89,0.18,0,0.53,0.88,7.57,60.47,0,,0,,0,0,0,0,,,2.47,,
Z. Haddaoui,Eindhoven,Eindhoven,"CF, LW, LCMF",20,417,0,0.67,1,0.5,Netherlands,6.04,7.34,50,3.02,14.29,0.65,0.73,0,1.73,1.95,0.86,0,0,0,0,2.81,0,0,0,0.14,0,0,8,1.73,25,0,0.22,1.73,37.5,2.37,63.64,6.91,50,1.08,0.86,0.22,17.27,1.73,1.08,24.82,78.26,5.61,57.69,8.63,92.5,7.99,83.78,1.29,50,16.17,19.19,0.11,1.29,0,0.22,0.22,100,0.43,1.94,55.56,1.51,57.14,0.22,100,0.43,0.65,3.02,71.43,0,,0,,0,0,0,0,,,0.22,,
A. Claridge,Emmen,Emmen,"DMF, RCMF, LDMF",19,1547,1,0.39,1,0.61,Denmark,7.5,6.92,55.46,0.93,68.75,0.76,0.99,0.29,2.91,3.83,1.45,1,0.06,1,0.06,0.76,0.06,1,0.06,0.02,0,0,10,0.58,20,10,0.06,0.52,22.22,0.81,64.29,4.25,41.1,0.29,0.99,0.12,26.35,0.06,0.99,38.69,82.71,11.34,66.67,6.57,95.58,13.85,89.5,4.36,53.33,19.15,38.12,0.04,0.52,0.06,0,0,0,0.06,5.82,65,1.57,33.33,0.47,37.5,0.29,0.12,5,67.44,0,,0,,0,0,0,0,,,0.87,,
S. Vugts,Feyenoord U21,Dordrecht,"RDMF, LDMF, AMF",18,505,0,0.47,0,0.23,Netherlands,8.91,5.35,60,1.6,66.67,0.89,1.25,0,4.81,6.75,1.07,2,0.36,0,0,1.25,0,0,0,0.08,0,0,2,0.36,50,0,0,0.53,33.33,1.78,50,3.92,54.55,0.36,1.07,0,16.04,0.71,1.25,27.45,80.52,7.84,52.27,6.59,97.3,8.73,87.76,2.85,62.5,18.71,27.56,0.04,0.36,0,0,0,0,0.18,3.56,65,0.89,20,0,0,0,0.18,3.21,55.56,0,,0,,0,0,0,0,,,0.89,,
E. Dijkstra,AZ,AZ II,"RB, LB",19,645,0,0.72,0,0.3,Netherlands,7.81,7.81,62.5,0.84,50,0,0,0,2.93,3.99,0.84,0,0,0,0,2.93,0,0,0,0.1,0,0,7,0.98,28.57,0,0,1.4,40,3.21,65.22,8.37,51.67,2.09,5.02,0.7,33.91,2.93,1.53,45.77,85.37,10.6,76.32,13.67,93.88,15.35,88.18,1.81,38.46,19,43.85,0.04,0.7,0,0,0,0,0.14,3.07,77.27,2.09,53.33,0.28,0,0.84,0.56,6.28,77.78,0,,0,,0,0,0,0,,,0.98,,
D. Kwakman,Volendam,AZ II,"LDMF, AMF",21,395,0,0.58,1,0.58,Netherlands,5.7,4.78,47.62,1.82,37.5,0.23,0.32,0.23,3.19,4.47,0.68,1,0.23,0,0,0.91,0,0,0,0.13,0,0,4,0.91,25,0,0.23,1.14,0,1.14,60,5.01,40.91,0.68,1.82,0,40.56,0,2.05,52.41,86.96,16.63,79.45,8.43,94.59,22.78,91,4.1,38.89,19.51,40.49,0.13,1.82,0,0,0.23,0,0.68,8.89,84.62,3.65,43.75,0.68,33.33,1.82,0,9.57,85.71,0,,0,,0,0,0,0,,,0,,
M. Jonathans,Excelsior,Utrecht II,"RAMF, RW, RWF",21,332,1,0.76,0,0.3,Netherlands,4.07,4.34,56.25,1.08,75,0,0,0,1.63,1.86,0.81,0,0,0,0,4.61,0.27,1,0.27,0.21,0,0,12,3.25,8.33,8.333,0,2.44,55.56,6.23,43.48,16.27,35,3.52,4.07,0.54,21.42,1.36,1.9,31.99,77.12,7.32,66.67,10.84,80,9.22,85.29,2.71,40,18.08,36.96,0.08,1.63,0.27,0,0.27,100,0.27,2.98,45.45,3.25,83.33,0.54,50,1.08,1.36,5.15,78.95,0,,0,,0,0,0,0,,,0,,
R. Bounida,Ajax II,Ajax II,"AMF, LAMF, RCMF",19,745,2,3.22,3,2.5,Belgium,5.07,3.5,62.07,1.57,38.46,0.72,0.92,0.24,2.17,2.77,0.97,1,0.12,0,0,4.23,0.24,2,0.24,0.39,0,0,28,3.38,35.71,7.143,0.36,1.57,30.77,4.59,52.63,10.87,42.22,3.38,2.66,0.48,28.51,0.85,1.57,37.45,82.58,10.99,75.82,7.73,95.31,12.08,82,3.62,66.67,19.23,39.6,0.3,2.05,0,0.12,0.12,100,0.6,5.56,73.91,2.66,59.09,0.12,100,2.3,0.48,7.49,69.35,0,,0,,0,0,0,0,,,0.24,,
D. Visser,Cambuur,Cambuur,"DMF, RCMF, RDMF",21,633,0,0.47,1,0.54,Netherlands,10.52,7.54,67.92,1.85,15.38,0.43,0.63,0.28,4.98,7.34,1,2,0.28,0,0,1.28,0,0,0,0.07,0,0,4,0.57,25,0,0.14,0.14,100,1.56,54.55,5.83,53.66,0.71,1.56,0,26.02,0.43,1.56,42.09,84.8,10.52,71.62,9.81,98.55,12.8,87.78,2.56,38.89,16.69,25.52,0.08,0.57,0.14,0,0.57,25,0.28,3.41,75,1.99,50,0.71,20,1,0.14,4.27,63.33,0,,0,,0,0,0,0,,,1.85,,
T. Reinders,VVV Venlo,VVV Venlo,LCB,22,475,0,0.67,0,0,Netherlands,7.77,5.12,44.44,5.12,66.67,0.38,0.48,0.95,5.12,6.48,1.33,2,0.38,0,0,0.38,0,0,0,0.13,0,0,4,0.76,0,0,0,0,0,0.76,50,2.08,45.45,0.95,1.71,0,20.84,0.19,0.38,37.71,83.92,17.05,73.33,3.98,100,11.94,93.65,4.36,52.17,23.3,38.05,0,0,0,0,0,0,0,5.87,61.29,0.38,50,0.19,0,0,0,6.82,72.22,0,,0,,0,0,0,0,,,3.03,,
M. Steffen,Vitesse,Vitesse,RCB,23,1613,1,1.46,2,0.74,Netherlands,8.37,4.58,76.83,3.96,63.38,0.33,0.42,0.95,4.52,5.66,1,6,0.33,0,0,0.33,0.06,1,0.06,0.08,0,0,9,0.5,22.22,11.111,0.11,0.17,100,0.06,100,0.95,52.94,0.67,0.61,0,31.08,0.11,0.89,44.08,86.96,16.4,72.45,5.64,99.01,18.47,96.07,5.24,51.06,20.89,36.07,0.04,0.11,0,0,0,0,0.06,3.91,67.14,0.61,54.55,0.33,16.67,0.28,0.17,7.7,60.87,0,,0,,0,0,0,0,,,4.91,,
D. Fonville,NEC,Dordrecht,LB,22,388,0,0.29,1,0.81,Netherlands,14.38,10.21,72.73,5.8,56,0.7,0.83,0,6.26,7.5,1.86,1,0.23,0,0,1.62,0,0,0,0.07,0,0,2,0.46,0,0,0.23,2.09,66.67,1.39,16.67,4.64,35,1.16,0.93,0.7,16.93,2.09,1.16,29.46,77.95,12.06,71.15,4.64,100,8.12,85.71,3.71,37.5,19.48,36.96,0.19,1.39,0,0,0,0,0.7,3.94,52.94,1.86,50,0,0,0.23,1.39,6.73,75.86,0,,0,,0,0,0,0,,,0.46,,
D. Tehubyuluw,MVV,MVV,LB,20,857,0,0.11,1,0.07,Netherlands,12.29,9.77,60.22,1.05,40,0.32,0.32,0.42,6.09,6.28,2,1,0.11,0,0,0.74,0,0,0,0.01,0,0,1,0.11,0,0,0.11,0.74,28.57,1.47,35.71,4.1,46.15,0.21,0.84,0.21,26.67,0.63,1.68,38.65,81.79,18.9,72.78,4.94,97.87,9.98,93.68,4.1,51.28,18.55,34.74,0.01,0.21,0.11,0,0,0,0.11,5.78,74.55,1.05,40,0.21,50,0.11,0.21,9.66,65.22,0,,0,,0,0,0,0,,,1.26,,
B. Boersma,Mechelen,De Graafschap,CF,20,1481,12,13.36,2,1.16,Netherlands,3.59,2.98,40.82,7.29,46.67,0.18,0.24,0.49,2.19,2.86,1.88,4,0.24,0,0,2.37,0.73,12,0.73,0.81,2,0.12,49,2.98,57.14,24.49,0.12,0.67,9.09,1.46,41.67,10.27,27.81,4.74,0.61,0,10.7,2.31,1.7,15.13,74.7,2.86,57.45,4.07,91.04,3.95,70.77,0.43,42.86,13.15,9.38,0.07,0.55,0,0.06,0,0,0.43,1.09,50,0.85,14.29,0.12,0,0.55,0.06,1.15,52.63,0,,0,,0,0,0,0,,,0,,
O. Raterink,Cagliari,De Graafschap,RB,19,1938,3,2.06,5,4.25,Netherlands,9.66,7.2,66.45,3.16,51.47,0.37,0.51,0.6,4.5,6.18,0.46,2,0.09,0,0,1.53,0.14,3,0.14,0.1,1,0.05,18,0.84,44.44,16.667,0.23,1.58,23.53,1.58,50,3.9,44.05,2.65,2.74,0.42,25.73,2.09,0.84,36.92,73.33,13.61,59.39,7.62,95.12,10.63,81.22,5.48,42.37,20.53,33.15,0.2,0.88,0,0,0,0,0.42,3.99,54.65,2,32.56,0.09,0,0.93,0.42,7.66,55.15,0,,0,,0,0,0,0,,,2.04,,
D. Theodoridis,Kifissia,De Graafschap,CF,23,641,2,2.16,0,0.06,Greece,6.74,4.35,67.74,5.48,41.03,0.42,0.65,0.42,3.37,5.22,2.53,0,0,0,0,2.53,0.28,2,0.28,0.3,0,0,15,2.11,33.33,13.333,0,0.84,16.67,4.07,41.38,13.06,31.18,3.37,0.7,0,6.74,1.26,2.53,9.55,72.06,2.95,61.9,1.97,100,1.83,84.62,0.14,100,14.54,2.52,0.01,0.14,0.14,0,0,0,0,0.42,66.67,0.42,66.67,0,0,0.42,0,2.11,53.33,0,,0,,0,0,0,0,,,0,,
A. Oufkir,AZ,AZ II,"RAMF, RWF",20,378,1,1.43,1,0.55,Netherlands,5.48,8.1,50,0.71,0,0,0,0,1.43,1.88,1.67,1,0.24,0,0,5.95,0.24,1,0.24,0.34,0,0,15,3.57,53.33,6.667,0.24,3.1,23.08,7.14,46.67,11.43,47.92,5,3.33,1.19,28.1,4.29,0.71,34.76,75.34,7.62,53.13,9.52,95,11.67,75.51,2.62,45.45,18.19,31.2,0.13,1.43,0.24,0,0.24,0,0.24,1.67,28.57,5.24,59.09,0.95,25,2.62,0.71,4.29,83.33,0,,0,,0,0,0,0,,,0,,
S. Steur,Ajax II,Ajax II,"LDMF, LCMF",18,906,1,1.59,0,0.85,Netherlands,4.17,3.68,64.86,0.6,16.67,0.2,0.25,0.2,1.59,1.97,0.2,0,0,0,0,2.88,0.1,1,0.1,0.16,0,0,23,2.28,26.09,4.348,0,0.6,33.33,3.28,63.64,5.56,50,1.89,3.58,0.7,33.18,0.5,0.6,43.51,88.58,14.4,80.69,7.55,96.05,14.6,92.52,3.48,71.43,19.29,29.34,0.08,0.99,0,0,0.2,0,0.3,7.25,78.08,2.68,62.96,0.6,0,2.19,0.2,8.84,89.89,0,,0,,0,0,0,0,,,1.19,,
N. Chourak,Kalmar,Ajax II,"RCMF, LCMF, AMF",21,921,2,0.79,1,0.78,Netherlands,5.86,3.42,54.29,1.86,5.26,0.1,0.12,0.49,3.91,4.8,0.78,1,0.1,0,0,1.86,0.2,2,0.2,0.08,1,0.1,16,1.56,43.75,12.5,0.1,0.59,50,1.76,50,6.94,46.48,0.29,2.35,0.78,23.75,0.98,2.35,31.07,82.7,9.58,62.24,6.74,94.2,11.04,92.04,4.5,52.17,21.75,39.16,0.08,0.49,0,0,0.1,0,0.29,6.25,62.5,1.95,50,1.17,33.33,0.68,0.29,5.18,73.58,0,,0,,0,0,0,0,,,0.68,,
G. Alders,Telstar,Ajax II,"RB, LB, RCB",20,756,0,0.49,1,0.21,Netherlands,8.33,5.6,76.6,2.14,38.89,0.83,1.02,0.24,3.21,3.95,0.83,1,0.12,0,0,0.83,0,0,0,0.06,0,0,5,0.6,0,0,0.12,0.83,14.29,1.43,50,5.71,39.58,1.55,1.43,0.24,36.9,0.71,1.55,49.17,89.35,15,76.19,7.98,95.52,19.64,96.97,2.5,57.14,17.86,33.9,0.03,0.36,0,0,0,0,0.12,3.81,75,1.07,66.67,0.12,0,0.24,0.12,5.95,60,0,,0,,0,0,0,0,,,3.1,,
S. Simons,AZ U19,AZ II,LB,18,261,0,0,1,0.85,Netherlands,11.38,6.21,83.33,0.69,100,0,0,0.69,6.21,7.83,0.34,0,0,0,0,0.34,0,0,0,0,0,0,0,0,0,0,0.34,1.38,0,0.69,50,1.38,25,1.03,0.69,1.03,20.69,0.69,0,28.97,76.19,12.07,68.57,5.86,94.12,7.93,73.91,3.79,45.45,20.73,35.19,0.29,0.69,0,0.34,0,0,0.69,3.1,66.67,2.41,0,0.34,0,0.69,0,5.17,66.67,0,,0,,0,0,0,0,,,0.69,,
J. Altena,Hearts,RKC Waalwijk,RB,22,1950,2,2.2,3,3.32,Netherlands,10.66,9.6,64.42,1.71,43.24,0.32,0.41,0.05,4.15,5.21,1.25,2,0.09,0,0,4.29,0.09,2,0.09,0.1,0,0,42,1.94,52.38,4.762,0.14,2.35,31.37,4.29,58.06,11.31,50.2,1.85,3.14,0.78,29.77,1.02,2.22,43.75,81.01,16.25,75,7.2,94.23,14.08,82.95,4.8,57.69,19.41,37.78,0.15,1.2,0,0,0.05,100,0.42,5.91,84.38,3.09,44.78,0.42,44.44,1.15,0.65,9.55,72.46,0,,0,,0,0,0,0,,,1.52,,
F. Al Mazyani,RKC Waalwijk,RKC Waalwijk,"RB, RWB",21,525,0,0.93,1,0.54,Belgium,8.57,6.69,61.54,3.26,52.63,0.51,0.59,0.34,3.94,4.51,0.51,1,0.17,0,0,2.57,0,0,0,0.16,0,0,11,1.89,9.09,0,0.17,3.94,26.09,1.89,72.73,4.8,53.57,1.37,1.89,0,31.2,1.2,0.69,42.17,78.86,14.74,76.74,8.23,95.83,11.49,71.64,4.97,48.28,18.66,24.52,0.09,0.51,0,0,0,0,0.34,2.74,81.25,3.26,36.84,0,0,0.69,1.03,8.23,64.58,0,,0,,0,0,0,0,,,0.86,,
C. Lokesa,SK Beveren,RKC Waalwijk,"LW, LCMF, LAMF",21,980,2,2.14,1,2.06,Belgium,5.23,4.5,53.06,1.29,14.29,0.09,0.12,0,2.76,3.6,1.38,2,0.18,0,0,5.14,0.18,2,0.18,0.2,0,0,26,2.39,34.62,7.692,0.09,1.74,42.11,6.24,50,13.68,40.94,3.95,4.68,0.09,27.37,1.29,1.65,35.08,83.51,10.74,70.09,8.82,94.79,8.72,83.16,1.29,50,16.42,25.95,0.19,1.38,0.09,0,0.55,83.33,0.37,3.67,67.5,3.4,67.57,0.64,57.14,2.57,0.64,6.7,79.45,0,,0,,0,0,0,0,,,0.46,,
T. Essakkati,Helmond Sport,Helmond Sport,"LW, LAMF",20,1270,2,2.55,3,1.66,Netherlands,6.66,5.39,56.58,2.91,26.83,0.35,0.42,0.14,3.26,3.89,1.91,2,0.14,0,0,4.89,0.14,2,0.14,0.18,0,0,27,1.91,44.44,7.407,0.21,2.62,21.62,7.23,45.1,16.94,35.98,3.47,4.25,0.43,19.06,2.06,2.27,25.16,64.51,7.58,51.4,6.24,93.18,6.24,54.55,0.99,35.71,17.08,13.7,0.12,1.13,0,0,0.35,60,0.35,2.83,42.5,3.69,38.46,0.35,20,1.35,0.71,3.61,70.59,0,,0,,0,0,0,0,,,0,,
R. Robbemond,AZ II,AZ II,"AMF, RDMF, LDMF",21,1451,1,1.25,3,1.33,Netherlands,8,7.44,55,2.67,30.23,0.31,0.4,0.31,3.6,4.62,1.74,4,0.25,1,0.06,1.49,0.06,1,0.06,0.08,0,0,16,0.99,25,6.25,0.19,0.31,40,1.74,60.71,5.89,38.95,1.36,0.5,0.06,21.34,0.19,0.62,32.63,85.93,8.19,75.76,7.32,95.76,12.53,88.12,2.29,59.46,17.86,27.47,0.08,0.68,0,0.06,0.12,50,0.37,4.22,80.88,0.99,31.25,0.31,60,0.25,0.12,3.72,68.33,0,,0,,0,0,0,0,,,0.74,,
M. Šín,AZ,AZ II,"AMF, LCMF, RWF",21,404,1,0.99,0,0.07,Czech Republic,3.56,4.68,52.38,2.67,33.33,0,0,0,1.11,1.36,0.89,0,0,0,0,3.79,0.22,1,0.22,0.22,0,0,7,1.56,85.71,14.286,0,2,22.22,2.67,75,8.24,45.95,2,1.56,0.22,21.16,1.34,1.34,30.07,74.81,9.13,60.98,8.69,84.62,6.46,79.31,0.67,33.33,17.32,18.09,0.01,0.89,0,0,0.45,0,0.22,4.23,57.89,3.34,60,0.67,0,1.78,0.22,4.68,80.95,0,,0,,0,0,0,0,,,0,,
R. Ichihara,AZ,AZ II,"RCB, LCB",20,484,0,0.06,0,0.06,Japan,6.14,3.16,82.35,5.58,70,0.19,0.23,1.3,3.35,4.12,0.37,0,0,0,0,0.19,0,0,0,0.01,0,0,1,0.19,0,0,0,0.37,50,0,0,1.12,66.67,0.74,0.93,0,57.64,0,1.12,72.33,94.34,29.94,88.82,2.98,100,32.54,98.29,6.88,67.57,20.72,35.9,0.01,0.37,0,0,0,0,0.19,13.39,86.11,1.12,50,0.74,50,0.56,0.19,14.32,92.21,0,,0,,0,0,0,0,,,2.23,,
A. Thomas,RB Leipzig,PSV II,"LW, LAMF, LWF",18,1524,3,4.17,2,2.45,Netherlands,5.2,5.96,58.42,0.53,33.33,0.06,0.08,0.24,1.65,2.11,1.18,5,0.3,0,0,5.55,0.18,3,0.18,0.25,0,0,44,2.6,47.73,6.818,0.12,1.77,23.33,7.68,50,17.36,38.44,3.43,6.14,1.36,17.54,2.07,2.36,20.67,79.14,3.6,73.77,5.08,91.86,7.56,74.22,1.18,55,17.68,31.49,0.14,1.06,0,0.06,0.18,33.33,0.59,1.12,89.47,1.48,52,0.24,25,0.94,0.41,2.54,60.47,0,,0,,0,0,0,0,,,0.47,,
M. Bresser,PSV II,PSV II,"RCB, RB",18,806,0,0.26,1,0.3,United States,8.6,5.25,57.45,1.67,40,0.33,0.4,1.12,5.25,6.32,0.89,3,0.33,0,0,0.67,0,0,0,0.03,0,0,3,0.33,33.33,0,0.11,0.56,40,0.56,60,1.45,46.15,1,1,0.33,36.07,0.33,0.45,47.46,88.24,19.65,78.98,3.57,96.88,18.42,97.58,3.35,56.67,18.67,33.48,0.03,0.45,0,0,0,0,0.33,5.58,76,1.12,60,0.22,50,0.56,0.22,8.82,70.89,0,,0,,0,0,0,0,,,2.12,,
R. van Duiven,Lommel SK,PSV II,CF,20,1859,14,11.87,1,0.7,Netherlands,3.15,1.26,73.08,6.68,45.65,0.1,0.12,0.19,2.13,2.61,0.77,5,0.24,0,0,1.55,0.68,11,0.53,0.57,3,0.15,55,2.66,49.09,25.455,0.05,0.05,0,0.29,83.33,3.2,33.33,2.81,0.34,0,9.49,1.6,0.87,11.23,68.97,2.18,44.44,3.05,84.13,3.34,71.01,0.92,47.37,17.21,20.81,0.03,0.29,0,0,0,0,0.19,1.4,44.83,0.15,66.67,0,0,0.39,0,1.65,41.18,0,,0,,0,0,0,0,,,0.19,,
T. Abed,Levante,PSV II,"RAMF, RW, RWF",21,1596,7,6.21,3,4.21,Israel,4.85,3.89,57.97,1.07,42.11,0.28,0.36,0.11,2.31,2.94,0.28,2,0.11,0,0,4.57,0.39,6,0.34,0.35,0,0,55,3.1,36.36,12.727,0.17,2.2,28.21,5.47,48.45,11.9,38.39,3.83,3.72,0.9,25.09,2.31,1.24,32.54,80.07,7.5,73.68,9.98,92.09,8.91,74.05,1.58,46.43,16.61,31.73,0.24,1.75,0.11,0.06,0.51,33.33,0.62,3.1,78.18,3.21,45.61,0.56,20,1.52,0.79,5.02,76.4,0,,0,,0,0,0,0,,,0.23,,
T. Cox,TOP Oss,TOP Oss,RB,24,881,0,0,1,0.73,Netherlands,12.57,10.32,63.37,1.74,58.82,1.02,1.29,0.41,5.01,6.31,1.63,3,0.31,1,0.1,2.35,0,0,0,0,0,0,0,0,0,0,0.1,1.63,56.25,1.53,86.67,5.31,48.08,0.2,0.61,0,26.36,0.1,1.23,40.96,79.8,17.16,73.21,6.03,93.22,11.85,87.93,6.54,60.94,21.39,36.73,0.07,0.82,0,0,0.1,100,0.51,7.15,68.57,2.25,72.73,0.41,50,0.72,1.02,11.24,67.27,0,,0,,0,0,0,0,,,2.55,,
J. van de Haar,SK Beveren,Utrecht II,CF,21,819,2,3.59,0,0.71,Netherlands,4.07,3.19,68.97,6.04,36.36,0.22,0.25,0,1.65,1.9,0.88,1,0.11,0,0,1.1,0.22,2,0.22,0.39,0,0,19,2.09,31.58,10.526,0,0.33,0,0.77,42.86,9.89,30,3.63,1.1,0,8.79,1.1,1.1,15.93,69.66,3.08,57.14,4.95,77.78,3.63,60.61,1.1,40,13.06,17.86,0.08,0.88,0,0,0.11,100,0.22,1.76,56.25,0.66,66.67,0.11,100,0.88,0,1.87,58.82,0,,0,,0,0,0,0,,,0,,
J. van Ommeren,Utrecht II,Utrecht II,"RDMF, RCMF",17,1325,0,0.79,2,0.81,Netherlands,10.66,8.49,66.4,2.38,45.71,0.2,0.23,0.14,4.82,5.43,1.29,4,0.27,0,0,0.68,0,0,0,0.05,0,0,9,0.61,11.11,0,0.14,0.07,100,0.75,63.64,3.74,40,0.34,0.48,0,25.68,0.07,0.95,40.82,87.52,12.97,75.92,7.68,96.46,14.47,92.02,2.78,65.85,17.68,34.43,0.06,0.54,0.07,0,0.14,50,0.27,6.18,69.23,1.29,84.21,0.2,66.67,1.09,0.07,6.25,76.09,0,,0,,0,0,0,0,,,1.15,,
O. Agougil,Utrecht II,Utrecht II,"LCMF, LDMF",20,2528,0,2.56,8,8.05,Netherlands,7.97,5.48,59.74,2.35,31.82,0.18,0.2,0.04,4.52,5.01,0.96,5,0.18,0,0,2.31,0,0,0,0.09,0,0,40,1.42,45,0,0.28,1.17,33.33,2.56,48.61,9.75,45.62,0.61,2.1,0.32,29.48,0.64,2.42,42.54,81.42,16.09,69.47,6.12,93.6,13.56,88.71,3.13,46.59,17.93,36.67,0.29,1.96,0.07,0,0.04,100,0.5,7.51,68.72,2.78,51.28,0.36,30,1.14,0.32,7.08,77.39,0,,0,,0,0,0,0,,,0.28,,
B. van Duijl,AZ,AZ II,"LCB, LB, RCB",20,2255,0,0.71,2,0.78,Netherlands,7.34,4.03,71.29,2.08,44.23,0.2,0.27,0.56,4.27,5.86,0.32,2,0.08,0,0,0.68,0,0,0,0.03,0,0,12,0.48,25,0,0.08,0.36,44.44,0.44,72.73,1.48,59.46,0.52,3.19,0.04,51.21,0.6,0.8,70.52,87.95,27.7,77.81,4.79,95.83,33.73,95.74,11.73,62.59,24.06,41.28,0.03,0.28,0.2,0,0.12,66.67,0.2,12.89,75.23,0.88,40.91,0.76,52.63,0.36,0.16,15.41,79.27,0,,0,,0,0,0,0,,,2.55,,
J. Hartog,AZ II,AZ II,"RAMF, RW",20,1689,8,5.48,3,1.02,Netherlands,5.44,7.3,44.53,1.28,20.83,0.11,0.13,0.11,2.08,2.59,2.02,1,0.05,0,0,4.9,0.43,8,0.43,0.29,0,0,74,3.94,35.14,10.811,0.16,2.24,30.95,4.05,69.74,10.44,52.55,2.72,3.52,0.48,20.3,2.08,2.18,23.07,70.44,5.12,50,7.41,94.96,7.57,67.61,1.6,46.67,19.82,28.43,0.05,0.64,0,0,0.11,0,0.32,2.02,42.11,2.02,31.58,0.37,14.29,0.53,0.59,3.46,61.54,0,,0,,0,0,0,0,,,0.16,,
K. Boogaard,AZ,AZ II,"LDMF, AMF, RDMF",20,1956,4,1.39,6,3.02,Netherlands,7.32,6.12,68.42,1.7,27.03,0.14,0.18,0.32,2.99,3.94,0.83,2,0.09,0,0,1.52,0.18,4,0.18,0.06,0,0,34,1.56,29.41,11.765,0.28,0.69,20,1.43,58.06,4.37,40,0.74,1.01,0,32.02,0.32,0.74,43.34,84.82,11.96,71.54,8.93,94.33,17.48,90.79,4.42,59.38,20.48,41.77,0.14,1.43,0.05,0.05,0.14,66.67,0.51,8.05,76.57,1.84,50,0.83,55.56,0.78,0.18,6.67,71.72,0,,0,,0,0,0,0,,,1.06,,
A. Natali,AZ U19,AZ II,"RCB, LCB",18,967,0,0.21,1,0.01,Italy,7.45,4.19,71.11,2.98,50,0,0,0.47,4.47,5.27,0.74,0,0,0,0,0.56,0,0,0,0.02,0,0,4,0.37,50,0,0.09,0.28,66.67,0.19,100,2.33,28,0.47,1.3,0.19,41.32,0.09,0.28,56.77,89.18,20.66,76.13,2.61,89.29,29.69,97.49,6.14,48.48,22.53,41.13,0,0.09,0,0,0,0,0.19,8.93,70.83,1.12,41.67,1.02,27.27,0.19,0.19,11.35,78.69,0,,0,,0,0,0,0,,,1.77,,
T. Vianello,Almere City,Almere City,LB,21,751,1,0.98,1,0.53,Italy,10.07,8.51,63.38,2.16,38.89,0.12,0.14,0,4.55,5.28,1.2,0,0,0,0,1.8,0.12,1,0.12,0.12,0,0,7,0.84,71.43,14.286,0.12,1.68,28.57,1.44,50,4.07,38.24,1.2,2.28,0.6,26.36,2.52,0.84,35.71,78.19,13.42,60.71,9.71,97.53,9.11,80.26,5.03,59.52,19.19,33.61,0.06,0.48,0.12,0.12,0,0,0.36,4.43,64.86,2.4,40,0.24,0,0.24,0.84,8.03,61.19,0,,0,,0,0,0,0,,,0.6,,
J. Kadile,Servette,Almere City,"LAMF, LW, LWF",23,1674,5,6.32,7,3.25,France,7.15,6.29,68.38,2.9,53.7,0.16,0.19,0.16,2.69,3.14,1.24,3,0.16,0,0,7.85,0.27,5,0.27,0.34,0,0,62,3.33,32.26,8.065,0.38,3.6,23.88,8.76,67.48,18.92,47.44,5.27,7.04,0.7,21.13,1.99,1.83,28.12,69.6,7.15,58.65,7.63,87.32,7.8,64.14,1.18,27.27,18.13,27.47,0.17,1.29,0,0.05,0.16,0,0.65,2.2,58.54,3.33,51.61,0.11,0,1.61,1.08,4.95,61.96,0,,0,,0,0,0,0,,,0,,
T. van der Zeeuw,Almere City,Almere City,LB,23,406,0,0.08,0,0.33,Netherlands,7.98,6.65,66.67,3.1,50,0.22,0.28,0.44,3.33,4.13,0.22,0,0,0,0,1.11,0,0,0,0.02,0,0,2,0.44,0,0,0,2,44.44,1.33,16.67,5.32,29.17,0.67,1.11,0,25.27,0.44,0.44,39.24,83.62,14.63,78.79,5.32,87.5,12.64,89.47,4.21,47.37,19.37,32.51,0.07,0.89,0.22,0,0,0,0.22,5.1,73.91,1.77,50,0.22,0,0.44,0.44,7.32,75.76,0,,0,,0,0,0,0,,,1.33,,
G. Arcos Sundqvist,Sparta Rotterdam II,Utrecht II,RW,19,408,0,0.21,0,0.73,Netherlands,6.62,5.29,75,0.88,25,0,0,0,2.65,3.19,0,0,0,0,0,2.87,0,0,0,0.05,0,0,5,1.1,40,0,0,1.99,33.33,3.75,47.06,11.25,43.14,1.76,1.54,0,17.21,1.32,1.99,21.62,68.37,2.87,23.08,8.38,92.11,7.06,65.63,1.1,20,15.1,9.27,0.16,0.88,0,0,0,0,0.66,1.1,20,1.76,37.5,0,0,0.44,0.88,3.09,57.14,0,,0,,0,0,0,0,,,0,,
M. van Kempen,MVV,MVV,LB,23,1384,0,0.28,0,0.76,Netherlands,10.21,7.02,58.33,1.82,39.29,0.65,0.66,0.26,5.46,5.58,0.33,0,0,0,0,1.5,0,0,0,0.02,0,0,6,0.39,16.67,0,0,2.93,35.56,0.72,54.55,2.15,36.36,0.52,0.98,0,22.63,1.3,0.26,33.55,76.16,14.83,74.12,4.75,84.93,8.58,72.73,4.1,57.14,17.86,30.88,0.05,0.78,0.07,0,0.07,0,0.33,4.29,80.3,3.32,50.98,0.46,42.86,0.65,1.04,8.97,65.22,0,,0,,0,0,0,0,,,0.91,,
N. El Basri,MVV,MVV,"AMF, CF, LCMF",22,1549,1,3.62,1,1.65,Morocco,5.35,5.75,57.58,1.8,51.61,0.17,0.18,0,1.86,1.9,0.99,2,0.12,0,0,2.38,0.06,1,0.06,0.21,0,0,28,1.63,39.29,3.571,0.06,1.74,33.33,2.03,57.14,7.38,34.65,2.38,1.28,0.35,19.23,1.63,0.81,24.52,76.54,7.9,67.65,5.23,86.67,6.8,77.78,1.68,62.07,16.42,22,0.1,0.76,0,0,0.06,0,0.41,3.43,72.88,1.92,45.45,0.35,16.67,0.58,0.52,4.53,70.51,0,,0,,0,0,0,0,,,0.06,,
P. Reverson,Ajax II,Ajax II,GK,20,1537,0,0,0,0.44,Netherlands,2.64,0.23,25,0.23,75,0,0,0,2.58,3.14,0.12,3,0.18,0,0,0,0,0,0,0,0,0,0,0,0,0,0,0,0,0.06,0,0.23,50,0,0,0,30.04,0.35,0.06,45.5,79.02,28.69,67.96,0,0,15.11,98.06,16.63,47.89,33.33,54.41,0.03,0.06,0,0.06,0,0,0,6.32,38.89,0.47,25,0.76,38.46,0.12,0,13.12,63.84,32,1.87,95,5.56,2,66.32,31.01,1.82,-0.99,-0.058,0,1.41,0.23
J. Nap,Cambuur,Cambuur,"DMF, LDMF, LCB",21,454,0,0,0,0.05,Netherlands,8.33,5.35,59.26,1.39,57.14,0.4,0.54,0.59,4.76,6.49,0.59,0,0,0,0,0.4,0,0,0,0,0,0,0,0,0,0,0,0.2,0,0.79,50,4.16,47.62,0,0.4,0.2,37.47,0.4,1.19,51.74,87.36,16.26,76.83,7.33,94.59,20.62,93.27,4.16,66.67,17.07,24.83,0.01,0.2,0,0,0,0,0,4.96,72,0.99,40,0,0,0.59,0,6.54,63.64,0,,0,,0,0,0,0,,,2.18,,
O. Sjöstrand,Malmö FF,Cambuur,"LWF, LAMF, LW",21,2519,11,6.79,7,4.75,Sweden,4.64,3.86,55.56,1.25,34.29,0.54,0.77,0.04,1.97,2.82,0.71,3,0.11,0,0,5.39,0.39,11,0.39,0.24,0,0,62,2.22,50,17.742,0.25,3.29,31.52,6.68,47.59,11.08,43.55,4.89,5,0.18,21.44,2.86,1.57,26.47,72.87,4.89,62.04,7.61,91.08,7.4,65.7,1.11,45.16,17.64,26.36,0.17,1.14,0.04,0,0.14,50,0.54,1.75,55.1,4,58.04,0.32,22.22,2.47,0.86,3.82,76.64,0,,0,,0,0,0,0,,,0.14,,
A. Bouwman,Ajax II,Ajax II,"RCB, LCB",18,541,1,0.23,0,0,Netherlands,7.49,3.99,54.17,2.66,56.25,0.5,0.61,0.67,4.82,5.88,1.33,0,0,0,0,0.17,0.17,1,0.17,0.04,0,0,1,0.17,100,100,0,0,0,0,0,2.16,46.15,0.17,1.33,0,45.58,0.17,1,59.56,93.3,16.14,85.57,4.49,100,30.94,96.77,2.99,66.67,19.46,39.82,0,0,0,0.17,0,0,0,3.99,91.67,0,0,0,0,0,0,7.65,69.57,0,,0,,0,0,0,0,,,3.83,,
Moustafa Ashraf,Vitesse,Vitesse,"LCMF, DMF",22,342,0,0.15,0,0,Egypt,5.79,3.42,69.23,1.32,20,0.79,0.87,0.26,2.63,2.88,1.05,2,0.53,0,0,0.79,0,0,0,0.04,0,0,2,0.53,0,0,0,0.53,0,1.58,50,5,36.84,0.53,1.05,0.53,18.16,0,0.79,27.37,83.65,11.05,71.43,5.79,100,7.11,92.59,2.89,45.45,18.42,21.37,0,0,0,0,0,0,0.26,3.16,66.67,1.32,40,0.26,100,0.79,0,4.47,52.94,0,,0,,0,0,0,0,,,0.53,,
T. Braem,De Graafschap,De Graafschap,"RCMF, AMF, RW",20,246,1,0.08,0,0.02,Netherlands,9.15,8.41,56.52,2.56,57.14,0.37,0.54,0,4.02,5.89,1.1,0,0,0,0,1.46,0.37,1,0.37,0.03,0,0,3,1.1,33.33,33.333,0,1.1,33.33,0.73,100,2.93,62.5,0.73,0.37,0,25.98,0,0.37,44.63,81.15,16.46,68.89,7.68,100,13.9,84.21,2.56,28.57,17.52,14.66,0.01,0.37,0,0,0,0,0,5.85,68.75,1.46,0,0,0,0,0,6.59,55.56,0,,0,,0,0,0,0,,,1.1,,
O.  Renfrum,Eindhoven,Eindhoven,"RCB, LB, RB",19,1668,0,2.03,0,0.36,Netherlands,10.2,7.01,66.15,5.88,58.72,0.16,0.18,0.59,5.4,6.02,0.81,5,0.27,0,0,0.81,0,0,0,0.11,0,0,15,0.81,26.67,0,0,0.32,66.67,0.7,53.85,3.18,38.98,1.4,0.86,0.16,18.62,0.43,0.76,29.57,82.66,10.04,69.35,4.75,97.73,11.55,89.72,2.97,38.18,19.2,30.94,0.02,0.43,0,0,0,0,0.05,3.02,66.07,0.49,55.56,0.16,0,0.11,0.22,4.64,55.81,0,,0,,0,0,0,0,,,2.75,,
D. Dorenbosch,Eindhoven,Eindhoven,"LCMF, CF, AMF",23,952,0,1.19,0,0,Netherlands,9.17,7.85,62.65,4.44,36.17,0.47,0.48,0.38,3.78,3.86,1.61,2,0.19,0,0,0.66,0,0,0,0.11,0,0,10,0.95,20,0,0,1.04,27.27,0.57,33.33,4.82,33.33,1.42,0.57,0.09,19.1,1.04,1.32,30.63,83.95,8.22,75.86,6.62,91.43,10.02,87.74,0.95,40,16.05,13.08,0,0.09,0.19,0,0,0,0,3.97,69.05,0.66,28.57,0,0,0,0.28,3.59,68.42,0,,0,,0,0,0,0,,,0.76,,
D. Konadu,Ajax II,Ajax II,CF,19,1266,3,5.08,0,0.25,Netherlands,3.27,2.56,72.22,2.77,41.03,0.21,0.26,0.21,1.21,1.49,0.64,0,0,0,0,1.35,0.21,2,0.14,0.36,0,0,22,1.56,40.91,13.636,0,0.14,0,1.49,47.62,11.52,25.31,2.56,1.07,0.14,9.31,1.99,1.71,15.36,73.15,3.27,47.83,4.76,89.55,3.77,73.58,0.85,33.33,16.28,19.32,0.02,0.5,0,0,0.07,0,0.07,1.99,42.86,1,28.57,0.14,0,0.71,0,1.56,63.64,0,,0,,0,0,0,0,,,0,,
H. Deenen,Eindhoven,Eindhoven,"LW, RW, CF",21,487,1,2.02,0,0.26,Netherlands,7.02,6.65,52.78,2.59,21.43,0.74,0.77,0.18,2.77,2.88,1.48,0,0,0,0,3.7,0.18,1,0.18,0.37,0,0,10,1.85,70,10,0,2.77,40,2.77,46.67,7.21,38.46,3.51,2.77,1.29,18.67,2.77,1.11,25.32,67.88,7.21,53.85,4.99,88.89,8.13,70.45,1.66,33.33,21.35,17.97,0.05,1.29,0.18,0.18,0.18,0,0,2.96,68.75,3.51,47.37,0.37,50,1.48,1.11,5.73,67.74,0,,0,,0,0,0,0,,,0.55,,
Y. van der Veen,RKC Waalwijk,RKC Waalwijk,"LW, RW, LWF",20,741,2,0.84,0,1.48,Netherlands,6.07,4.62,68.42,1.09,44.44,0.24,0.34,0,2.67,3.71,1.09,2,0.24,0,0,8.5,0.24,2,0.24,0.1,0,0,15,1.82,33.33,13.333,0,6.19,33.33,8.74,66.67,12.87,56.6,3.89,6.32,1.58,28.18,2.43,1.58,38.87,72.5,9.35,58.44,9.6,97.47,13,68.22,2.91,45.83,20.23,21.39,0.18,1.58,0.12,0,0.12,0,0.97,2.79,65.22,5.47,46.67,0.49,50,0.97,1.82,7.17,79.66,0,,0,,0,0,0,0,,,0.24,,
L. Jashari,MVV,MVV,"RCMF, LWF, RWF",20,414,0,0.63,0,0.38,Germany,4.35,4.35,40,1.74,0,0,0,0,2.61,2.75,0.65,0,0,0,0,1.74,0,0,0,0.14,0,0,7,1.52,14.29,0,0,0.87,50,2.17,50,5.65,26.92,2.61,0.43,0.65,14.35,1.09,0.65,17.83,68.29,4.35,70,3.7,88.24,5.22,62.5,1.3,50,14.44,27.89,0.08,0.43,0,0,0.43,0,0,1.52,57.14,1.3,66.67,0.43,0,0.43,0.43,1.74,62.5,0,,0,,0,0,0,0,,,0.43,,
L. Foubert,MVV,MVV,"CF, RAMF, RW",21,1009,2,1.7,0,0.86,Belgium,4.73,4.46,46,5.17,37.93,0.18,0.2,0.27,2.5,2.82,1.52,0,0,0,0,2.77,0.18,2,0.18,0.15,0,0,12,1.07,50,16.667,0,2.32,26.92,2.59,58.62,9.81,40.91,2.23,1.34,0.36,12.31,1.52,1.34,19.09,69.63,4.1,54.35,6.51,89.04,5.35,63.33,1.52,58.82,19.06,21.94,0.08,0.54,0,0,0.09,100,0.18,2.05,52.17,2.41,44.44,0.18,50,0.45,0.71,2.5,64.29,0,,0,,0,0,0,0,,,0.62,,
A. Bryson,Eindhoven,Eindhoven,"LW, CF, RAMF",21,444,1,1.93,2,0.26,Netherlands,6.28,6.49,56.25,7.91,41.03,1.01,1.32,0.41,1.62,2.11,2.03,2,0.41,1,0.2,1.82,0.2,1,0.2,0.39,0,0,11,2.23,45.45,9.091,0.41,1.42,14.29,1.62,37.5,7.09,11.43,2.64,0.2,0,10.95,2.03,0,18.24,67.78,5.27,42.31,4.46,90.91,5.47,70.37,1.01,0,14.25,9.43,0.05,0.61,0,0,0,0,0.41,2.23,45.45,2.03,30,0.2,0,0.61,0.41,2.23,72.73,0,,0,,0,0,0,0,,,0,,
H. Ali,Eindhoven,Eindhoven,"LCB, RCB",19,445,0,1.75,0,0.04,Netherlands,8.49,5.87,72.41,5.46,44.44,0,0,1.21,4.25,5.34,1.42,1,0.2,0,0,0.4,0,0,0,0.35,0,0,6,1.21,16.67,0,0,0,0,0.61,33.33,1.42,28.57,1.42,1.01,0,15.57,0,0.4,26.7,89.39,9.91,81.63,3.24,100,11.12,96.36,2.43,75,18.75,17.83,0.01,0.4,0,0,0,0,0,2.22,81.82,0,0,0,0,0.2,0,4.45,63.64,0,,0,,0,0,0,0,,,2.22,,
T. Muller,Eindhoven,Eindhoven,CF,19,1317,5,4.31,0,2.43,Netherlands,4.99,6.15,47.78,2.39,8.57,0.21,0.24,0.21,1.85,2.14,1.44,3,0.21,0,0,2.12,0.34,5,0.34,0.29,0,0,48,3.28,35.42,10.417,0,1.23,16.67,2.05,33.33,6.83,36,2.73,1.16,0,19.54,1.78,1.44,26.38,74.09,6.56,60.42,5.88,89.53,7.86,79.13,1.64,58.33,17.92,19.55,0.17,1.5,0.14,0.07,0.27,25,0.14,3.62,69.81,1.71,52,0.48,14.29,0.82,0.21,3.62,84.91,0,,0,,0,0,0,0,,,0.07,,
M. Van De Wetering,Eindhoven,Eindhoven,RB,18,722,1,0.91,0,0.65,Netherlands,10.22,9.85,54.43,2.37,42.11,0.87,1.03,0.5,3.99,4.71,1,2,0.25,0,0,2.12,0.12,1,0.12,0.11,0,0,5,0.62,60,20,0,1.75,50,1.62,53.85,5.36,46.51,1.37,2.49,0.25,21.32,1.5,0.62,32.04,80.16,12.34,72.73,5.48,95.45,9.72,82.05,1.37,45.45,18.35,14.41,0.08,0.75,0,0,0,0,0.25,4.11,69.7,1.25,60,0,0,0.5,0.87,8.23,68.18,0,,0,,0,0,0,0,,,1.25,,
T. Simons,Eindhoven,Eindhoven,"LW, RB, LAMF",23,3166,4,3.26,4,3.18,Netherlands,6.79,4.86,63.74,2.47,36.78,0.82,0.91,0.14,2.87,3.18,0.82,4,0.11,0,0,4.97,0.11,4,0.11,0.09,1,0.03,48,1.36,39.58,8.333,0.11,3.27,31.3,5.32,63.1,10.57,50.27,2.42,4.04,0.6,20.13,3.01,1.79,27.77,75.95,8.5,73.58,7.05,94.35,7.73,69.12,2.08,58.9,18.84,29.44,0.09,1.14,0.03,0,0.09,66.67,0.57,2.62,78.26,2.98,49.52,0.2,57.14,1.08,0.94,5.37,77.25,0,,0,,0,0,0,0,,,0.85,,
N. Munsters,Eindhoven,Eindhoven,"LCMF, CF, RCB",24,284,0,0.13,0,0.09,Netherlands,15.85,11.41,77.78,2.54,75,0.63,0.7,0.95,6.34,6.98,1.27,1,0.32,0,0,0.95,0,0,0,0.04,0,0,3,0.95,33.33,0,0,0.95,0,1.27,50,5.7,38.89,2.22,1.27,0.63,17.75,1.58,1.27,31.06,77.55,8.56,70.37,5.39,64.71,8.24,84.62,2.22,42.86,14.45,12.74,0.03,1.27,0,0,0,0,0,2.54,75,0.95,66.67,0,0,0.32,0,6.02,47.37,0,,0,,0,0,0,0,,,1.27,,
S. van Manen,Emmen,Emmen,"RAMF, CF, RW",18,420,1,1.49,0,0.24,Netherlands,2.36,2.57,75,4.07,26.32,0,0,0,0.43,0.6,0.86,0,0,0,0,3.43,0.21,1,0.21,0.32,0,0,9,1.93,55.56,11.111,0,2.57,25,3.21,53.33,7.29,29.41,3.21,1.29,0,12.43,2.36,0.43,15,72.86,3.21,60,5.36,88,3.43,68.75,0.43,0,13.05,5.17,0.05,0.64,0,0,0,0,0.43,1.29,66.67,1.29,66.67,0,0,0.21,0.86,2.57,75,0,,0,,0,0,0,0,,,0,,
G. Bolk,Emmen,Emmen,"LCB, LB",21,1694,0,0.34,0,0.6,Netherlands,10.41,8.39,64.56,3.03,49.12,0.05,0.07,0.43,4.94,6.63,1.54,5,0.27,0,0,1.01,0,0,0,0.02,0,0,4,0.21,0,0,0,1.06,35,1.17,54.55,3.19,43.33,0.53,2.44,0.11,31.35,0.48,0.37,48.08,79.67,21.41,69.98,4.78,94.44,17.05,86.29,8.02,43.71,21.26,34.05,0.03,0.37,0.11,0.11,0,0,0.11,10.89,62.44,1.49,39.29,0.74,42.86,0.64,0.27,11.32,72.77,0,,0,,0,0,0,0,,,2.44,,
J. Mesbahi,Emmen,Emmen,"RB, RCB, RCMF",20,1081,0,0.24,1,0.9,Netherlands,8.33,6.91,73.49,2.83,52.94,0.08,0.11,0.25,3.16,4.25,0.67,1,0.08,0,0,0.67,0,0,0,0.02,0,0,6,0.5,16.67,0,0.08,1.17,21.43,0.5,66.67,3.41,36.59,0.58,1.25,0.17,26.56,0.33,0.33,39.88,84.55,14.07,72.78,5.83,97.14,15.49,93.01,3.58,53.49,17.85,25.93,0.07,0.67,0,0.08,0,0,0.17,6.41,81.82,1.17,42.86,0.17,50,0.42,0.25,7.99,73.96,0,,0,,0,0,0,0,,,2,,
C. Østergaard,Emmen,Emmen,RCB,21,2419,0,0.59,1,0.55,Denmark,9.41,7.55,63.05,3.68,48.48,0.22,0.29,0.3,4.43,5.7,1.26,4,0.15,0,0,0.33,0,0,0,0.02,0,0,5,0.19,60,0,0.04,0.19,20,0.26,71.43,1.67,53.33,0.33,1.12,0.07,36.16,0.11,0.89,51.79,87.86,20.54,79.17,3.91,92.38,22.84,95.11,5.25,51.06,21.14,35.53,0.02,0.15,0,0,0.04,0,0.11,7.66,74.27,0.48,38.46,0.15,50,0.19,0.04,10.86,77.05,0,,0,,0,0,0,0,,,3.09,,
D. Beukers,Emmen,Emmen,"RB, RWF",22,1373,0,1.31,0,0.71,Netherlands,11.8,10.16,60,1.97,40,1.11,1.47,0.39,4.59,6.03,1.51,4,0.26,0,0,1.64,0,0,0,0.09,0,0,8,0.52,25,0,0,3.08,34.04,0.85,53.85,5.18,26.58,1.31,1.44,0.13,22.29,1.51,0.46,33.69,75.29,10.62,61.11,6.95,95.28,10.75,79.88,4.13,49.21,20.18,30.51,0.05,0.66,0,0,0,0,0.33,4.72,61.11,2.75,45.24,0.13,0,0.72,1.11,6.88,68.57,0,,0,,0,0,0,0,,,0.72,,
L. Beerten,Roda JC,Roda JC,"LCB, LB",23,2269,1,0.82,0,0.31,Belgium,9.04,6.62,67.07,4.2,47.17,0.16,0.2,0.24,4.44,5.66,1.11,3,0.12,0,0,0.87,0.04,1,0.04,0.03,0,0,9,0.36,22.22,11.111,0,0.52,38.46,0.99,56,4.56,50.43,0.67,1.43,0.32,37.36,0.24,1.47,54.3,88.31,21.18,78.46,6.27,94.3,20.74,96.37,5.55,57.86,19.19,37.14,0.01,0.16,0,0,0.08,50,0.04,7.54,76.32,1.03,46.15,0.56,14.29,0.44,0.2,8.49,71.96,0,,0,,0,0,0,0,,,2.34,,
J. de Bie,Dordrecht,Dordrecht,"CF, RWF",21,824,0,1.47,1,0.75,Netherlands,3.06,2.84,50,4.7,30.23,0.11,0.14,0,1.53,1.96,2.51,3,0.33,0,0,0.55,0,0,0,0.16,0,0,14,1.53,7.14,0,0.11,0.44,25,0.87,37.5,12.01,30,3.39,0.66,0.11,12.01,1.75,2.18,19.22,84.09,2.62,79.17,4.92,95.56,6.66,80.33,1.75,75,15.62,23.14,0.08,1.31,0,0,0,0,0.55,0.98,66.67,0.98,100,0.11,100,1.09,0.11,1.86,82.35,0,,0,,0,0,0,0,,,0,,
N. Kaninda,De Graafschap,De Graafschap,"RAMF, RWF, RW",21,885,3,2.8,1,1.05,France,3.76,3.86,60.53,1.93,21.05,0,0,0,1.42,2.27,0.71,0,0,0,0,3.56,0.31,3,0.31,0.29,0,0,14,1.42,50,21.429,0.1,1.02,40,4.68,52.17,12.41,38.52,3.86,2.64,0.2,12.71,1.53,3.15,15.46,80.92,3.36,60.61,5.49,98.15,2.75,85.19,0.51,20,18.79,10.05,0.11,0.61,0.1,0.1,0,0,0.61,1.12,63.64,0.92,77.78,0.1,0,0.61,0.41,1.93,63.16,0,,0,,0,0,0,0,,,0.1,,
K. Kwint,De Graafschap,De Graafschap,CF,19,498,7,5.88,1,0.43,Netherlands,3.25,2.89,43.75,6.33,37.14,0,0,0,1.99,3.33,1.45,1,0.18,0,0,3.98,1.27,7,1.27,1.06,2,0.36,23,4.16,73.91,30.435,0.18,0.72,25,1.27,57.14,5.96,21.21,4.88,1.27,0,13.01,1.63,0,15.9,72.73,5.24,51.72,2.71,80,5.06,82.14,0.9,60,17.11,11.86,0.08,0.9,0,0,0.18,0,0.36,1.99,36.36,1.08,83.33,0.18,0,0.9,0.18,1.63,77.78,0,,0,,0,0,0,0,,,0,,
T. Jonker,Cambuur,Cambuur,"LCB, LB",20,254,0,0,0,0,Netherlands,9.21,5.31,60,3.19,88.89,0,0,0.71,6.02,10.2,0.35,0,0,0,0,0.71,0,0,0,0,0,0,0,0,0,0,0,0.35,0,0.71,100,2.48,57.14,0.35,0.71,0,32.6,0.35,0.71,49.61,88.57,21.26,83.33,4.61,84.62,19.13,96.3,2.48,14.29,17.98,13.09,0,0,0,0,0,0,0,6.73,84.21,0.35,0,0,0,0,0,8.15,60.87,0,,0,,0,0,0,0,,,2.48,,
N. Eggens,De Graafschap,De Graafschap,CF,21,964,6,5.75,0,0.55,Netherlands,4.67,2.89,67.74,6.26,29.85,0.09,0.15,0.19,2.61,4.12,1.03,0,0,0,0,2.89,0.56,6,0.56,0.54,1,0.09,29,2.71,62.07,20.69,0,1.12,66.67,1.31,35.71,4.11,31.82,4.01,0.75,0.19,9.24,2.99,0.56,12.51,68.66,2.52,44.44,2.89,80.65,4.01,79.07,0.84,44.44,16.47,18.14,0.05,0.47,0,0,0.09,0,0.19,1.77,47.37,0.65,71.43,0.28,0,0.37,0.37,1.49,56.25,0,,0,,0,0,0,0,,,0,,
I. Henstra,Cambuur,Cambuur,"RWF, RAMF, LAMF",19,692,5,2.79,2,1.37,Netherlands,5.33,5.46,61.9,1.69,69.23,0.52,0.9,0.13,1.43,2.48,1.43,3,0.39,0,0,4.94,0.65,5,0.65,0.36,0,0,15,1.95,80,33.333,0.26,2.6,45,4.42,50,8.71,43.28,4.68,3.9,0.39,24.32,2.86,1.43,28.87,81.53,5.07,66.67,9.1,95.71,8.84,83.82,1.17,44.44,19.04,11.19,0.18,1.17,0,0,0,0,0.39,1.69,76.92,2.47,63.16,0.13,0,1.3,0.91,4.55,88.57,0,,0,,0,0,0,0,,,0.52,,
W. Kooistra,Cambuur,Cambuur,"RB, RWF, LWF",19,513,1,0.22,0,0.44,Netherlands,6.32,5.79,66.67,4.74,29.63,0,0,0,2.46,3.93,0.7,0,0,0,0,3.33,0.18,1,0.18,0.04,0,0,3,0.53,66.67,33.333,0,2.98,11.76,4.04,65.22,9.82,37.5,2.63,2.81,0.53,18.6,0.88,0,27.37,69.23,10.18,67.24,4.91,89.29,6.84,61.54,1.93,36.36,19.26,14.04,0.08,0.53,0.18,0.18,0,0,0.35,3.51,65,2.11,41.67,0.18,0,1.23,0.53,4.91,78.57,0,,0,,0,0,0,0,,,0.7,,
E. Apkakou,Cambuur,Cambuur,"DMF, LDMF, LCMF",19,558,0,0.37,1,0.22,France,9.52,8.06,52,2.26,42.86,0.81,1.15,0.16,4.52,6.46,2.42,2,0.32,0,0,0.81,0,0,0,0.06,0,0,4,0.65,25,0,0.16,0.16,0,0.81,80,6.29,38.46,0.65,1.13,0.32,26.61,0.32,1.13,39.68,92.28,7.26,84.44,10.16,95.24,14.68,97.8,0.32,50,14.19,6.35,0.04,0.48,0,0,0,0,0.16,4.19,88.46,0.32,100,0,0,0.32,0,3.06,78.95,0,,0,,0,0,0,0,,,0.81,,
S. Bultman,De Graafschap,De Graafschap,"LCB, RCB",21,2024,1,0.94,1,0.01,Netherlands,7.78,5.42,57.38,4.31,48.45,0.44,0.61,0.89,4.22,5.77,1.07,3,0.13,0,0,0.27,0.04,1,0.04,0.04,0,0,7,0.31,42.86,14.286,0.04,0,0,0.18,75,0.67,53.33,0.36,0.8,0,37.93,0.31,0.18,50.83,90.64,18.76,80.81,3.42,96.1,24.01,97.59,4.98,52.68,20.57,37.09,0,0.04,0.04,0,0.04,0,0.04,4.76,76.64,0.22,0,0.27,16.67,0,0,7.29,67.07,0,,0,,0,0,0,0,,,2.49,,
M. Smits,De Graafschap,De Graafschap,"LCMF, DMF, LDMF",21,600,1,2.3,0,0.8,Belgium,6.45,4.2,71.43,2.4,37.5,0.15,0.25,0,3.3,5.41,0.15,0,0,0,0,1.2,0.15,1,0.15,0.35,0,0,11,1.65,54.55,9.091,0,0.9,33.33,0.3,0,1.05,57.14,2.85,0.9,0.15,18.6,1.05,0.45,26.7,80.34,9.75,67.69,3.6,95.83,7.8,80.77,1.8,50,15.73,8.66,0.12,0.6,0,0,0,0,0.45,3.9,80.77,0.9,33.33,0.15,0,0.45,0.3,4.8,59.38,0,,0,,0,0,0,0,,,0.45,,
F. Kvam,Cambuur,Cambuur,"LWF, LW, LAMF",20,398,2,1.49,0,0.01,Norway,4.52,5.2,60.87,2.26,50,0.23,0.35,0.23,1.13,1.74,1.58,1,0.23,0,0,4.52,0.45,2,0.45,0.34,1,0.23,15,3.39,20,13.333,0,3.17,7.14,7.24,50,12.66,39.29,5.2,5.88,0.9,25.78,1.81,1.36,29.62,77.1,4.3,57.89,10.63,100,7.91,57.14,0.45,0,17.61,8.79,0,0.23,0,0,0,0,0,0.23,100,3.39,26.67,0,0,0.9,0.23,2.04,77.78,0,,0,,0,0,0,0,,,0.23,,
L. Schoppema,De Graafschap,De Graafschap,LB,21,2105,1,1.12,4,5.09,Netherlands,9.11,6.88,53.42,2.91,48.53,0.56,0.84,0.17,4.87,7.34,1.03,2,0.09,0,0,2.86,0.04,1,0.04,0.05,0,0,23,0.98,26.09,4.348,0.17,3.08,36.11,2.39,60.71,5.22,46.72,2.74,2.44,0.64,21.21,1.28,0.77,33.39,77.21,14.02,71.65,5.81,90.44,8.29,76.8,3.21,44,20.2,25.35,0.22,1.37,0.04,0,0.13,33.33,0.68,3.93,78.26,2.39,58.93,0.38,44.44,1.24,1.07,7.05,61.82,0,,0,,0,0,0,0,,,0.73,,
R. Besselink,De Graafschap,De Graafschap,RCB,21,2838,1,1.27,0,0.76,Netherlands,9.23,4.57,68.06,4.6,64.83,0.25,0.35,1.14,5.87,8.2,0.92,8,0.25,0,0,0.67,0.03,1,0.03,0.04,1,0.03,16,0.51,18.75,6.25,0,0.6,36.84,0.48,73.33,2,46.03,0.67,0.76,0.03,39.8,0.41,0.54,56.48,89.61,17.79,77.72,4.15,97.71,30.22,95.91,4.88,53.25,21.52,39.04,0.02,0.44,0,0.03,0,0,0.06,5.87,77.3,0.6,52.63,0.19,66.67,0.16,0.19,8.59,69,0,,0,,0,0,0,0,,,2.85,,
I. Baouf,Cambuur,Cambuur,RCB,19,2794,6,3.87,1,0.92,Belgium,10.15,6.35,70.05,5.22,53.7,0.45,0.65,0.87,5.25,7.51,1.19,6,0.19,0,0,0.71,0.19,6,0.19,0.12,5,0.16,21,0.68,52.38,28.571,0.03,0.19,50,0.29,77.78,1.48,60.87,0.93,1.29,0.06,39.01,0.35,0.87,55.15,90.42,18.91,78.88,3.93,97.54,26.61,97.22,4.35,56.3,19.93,41.6,0.03,0.16,0.03,0.06,0.06,50,0.1,5.51,67.25,0.58,38.89,0.45,28.57,0.23,0.1,7.99,76.21,0,,0,,0,0,0,0,,,2.83,,
K. Visser,Cambuur,Cambuur,"CF, RWF",24,466,1,2.13,0,0.39,Netherlands,5.6,3.28,70.59,10.04,63.46,0.58,1.03,0.39,2.7,4.83,2.12,2,0.39,0,0,1.55,0.19,1,0.19,0.41,0,0,16,3.09,43.75,6.25,0,0.58,33.33,0.39,0,5.79,13.33,5.02,0.39,0,10.82,3.28,0.58,14.68,61.84,2.7,42.86,3.28,88.24,4.83,60,1.16,16.67,16.79,12.08,0.08,0.39,0,0,0,0,0.19,1.74,55.56,0.77,25,0.19,0,0.58,0.19,1.16,66.67,0,,0,,0,0,0,0,,,0,,
I. Ferrah,Cambuur,Cambuur,"RWF, RAMF, RW",20,2695,12,11.93,6,5.33,France,4.27,4.17,52,1.1,21.21,0.27,0.39,0.03,1.84,2.67,0.67,1,0.03,0,0,6.55,0.4,11,0.37,0.4,0,0,95,3.17,43.16,12.632,0.2,2.5,33.33,9.18,45.45,15.8,40.38,3.91,5.54,0.6,30.82,2,1.54,37.44,76.72,9.42,64.89,9.72,89.69,11.39,78.89,2.07,58.06,17.69,29.71,0.18,1.6,0.13,0.07,0.53,31.25,1.1,4.37,64.89,4.24,55.91,0.83,28,2.1,0.94,6.65,82.41,0,,0,,0,0,0,0,,,0.33,,
J. Simons,De Graafschap,De Graafschap,"RAMF, RW, RWF",20,1720,2,3.87,5,3.88,Netherlands,7.27,6.96,59.4,1.88,38.89,0.21,0.31,0.26,2.93,4.34,1.83,6,0.31,0,0,3.45,0.1,2,0.1,0.2,0,0,39,2.04,38.46,5.128,0.26,1.62,41.94,3.09,59.32,8.84,39.05,3.72,3.72,0.52,24.33,1.2,0.52,34.12,80.37,9.73,71.51,7.22,94.93,10.78,80.58,2.46,51.06,17.89,28.84,0.2,1.52,0.16,0.16,0.21,75,0.73,3.51,73.13,3.35,60.94,0.73,35.71,2.41,0.63,4.87,78.49,0,,0,,0,0,0,0,,,0,,
N. Martens,De Graafschap,De Graafschap,RB,21,1094,1,0.85,2,1.64,Belgium,6.5,4.94,41.67,2.14,50,0.33,0.51,0.25,4.11,6.33,0.33,0,0,0,0,3.37,0.08,1,0.08,0.07,0,0,12,0.99,25,8.333,0.16,3.54,25.58,3.54,60.47,6.01,45.21,1.81,1.65,0.16,27.89,1.4,0.49,40.64,77.33,15.47,74.47,6.5,96.2,13.9,76.33,5.76,52.86,22.5,41.18,0.13,0.9,0,0,0.16,50,0.82,4.94,66.67,2.96,38.89,0.74,33.33,0.66,0.82,8.97,70.64,0,,0,,0,0,0,0,,,1.73,,
B. Marsman,Cambuur,Cambuur,"RB, LB",23,918,2,0.92,0,0.64,Netherlands,8.73,7.84,70,1.96,60,0.29,0.45,0.1,2.94,4.52,0.78,1,0.1,0,0,2.55,0.2,2,0.2,0.09,0,0,12,1.18,33.33,16.667,0,1.47,26.67,2.65,66.67,5.49,44.64,2.35,3.24,1.08,26.18,0.88,1.08,38.04,83.51,13.73,75,8.04,97.56,10.2,86.54,2.06,42.86,17.97,26.38,0.06,0.88,0.1,0.1,0,0,0.29,4.8,73.47,1.37,42.86,0.29,0,0.69,0.39,5.49,75,0,,0,,0,0,0,0,,,1.47,,
K. Symons,De Graafschap,De Graafschap,LB,21,1795,1,1.62,2,3.67,Netherlands,11.98,10.98,57.08,2.81,44.64,0.5,0.68,0.4,5.21,7.04,1.1,1,0.05,0,0,1.96,0.05,1,0.05,0.08,0,0,21,1.05,33.33,4.762,0.1,2.91,32.76,1.5,40,3.86,33.77,1.86,1.4,0.1,32.14,0.7,0.6,43.42,80.25,17.2,73.47,5.87,91.45,15.99,87.15,4.76,58.95,19.89,31.13,0.18,1.65,0,0,0.1,50,0.7,5.11,73.53,2.81,48.21,0.25,60,0.75,0.95,8.37,70.06,0,,0,,0,0,0,0,,,1.4,,
T. Gijselhart,De Graafschap,De Graafschap,"LDMF, LCMF",21,3279,0,1.28,2,4.36,Netherlands,9.41,7.47,62.87,1.43,23.08,0.58,0.83,0.36,4.14,5.94,1.34,5,0.14,0,0,1.48,0,0,0,0.04,0,0,22,0.6,31.82,0,0.05,1.13,43.9,1.21,61.36,4.83,44.89,0.33,1.95,0.25,33.51,0.33,1.18,48.36,87.06,15.18,75.41,7.27,97.36,19.76,93.61,3.84,55,19.23,35.06,0.12,0.77,0.05,0.03,0.08,66.67,0.22,6.59,73.75,1.89,52.17,0.58,42.86,0.49,0.47,7.22,74.9,0,,0,,0,0,0,0,,,0.99,,
D. Jermoumi,Cambuur,Cambuur,RB,21,617,0,0.13,0,0.51,Netherlands,6.56,5.83,62.5,1.02,57.14,0.29,0.41,0.29,2.63,3.72,0.73,0,0,0,0,0.15,0,0,0,0.02,0,0,2,0.29,0,0,0,1.31,0,0.88,16.67,1.9,23.08,0.88,0.88,0.15,27.71,1.6,0.29,37.78,79.15,14.73,67.33,5.11,97.14,14,88.54,5.11,34.29,19.9,24.75,0.07,0.44,0,0,0,0,0.15,4.38,70,1.46,40,0.29,50,0.73,0,7.44,56.86,0,,0,,0,0,0,0,,,0.88,,
C. El Allachi,De Graafschap,De Graafschap,"LAMF, LW, LWF",21,1464,4,5.31,1,2.64,Netherlands,5.29,5.29,52.33,1.48,29.17,0.12,0.18,0,2.4,3.48,1.23,4,0.25,0,0,6.64,0.25,4,0.25,0.33,0,0,41,2.52,34.15,9.756,0.06,3.63,20.34,8.36,56.62,13.77,46.43,4.36,5.66,0.61,19.36,2.34,1.35,25.27,70.56,7.38,61.67,6.45,96.19,7.19,60.68,1.84,53.33,21.2,29.2,0.16,1.54,0.25,0,0.55,55.56,0.92,2.52,63.41,4.92,48.75,0.86,42.86,2.09,0.8,5.04,79.27,0,,0,,0,0,0,0,,,0.18,,
J. Meerstadt,De Graafschap,De Graafschap,"RCMF, DMF",24,2626,0,0.48,0,1,Netherlands,9.87,8.05,60.43,1.82,41.51,1.03,1.39,0.41,3.98,5.39,1.82,8,0.27,0,0,0.79,0,0,0,0.02,0,0,14,0.48,7.14,0,0,0.99,37.93,0.58,64.71,2.71,43.04,0.38,1.2,0.07,32.39,0.75,0.41,45.96,81.73,19.3,71.23,5.79,95.27,15.56,90.31,5.45,49.06,19.89,34.26,0.03,0.41,0.03,0,0.07,0,0.17,6.85,72,1.61,53.19,0.45,30.77,0.45,0.38,9.73,70.77,0,,0,,0,0,0,0,,,1.41,,
P. Mulder,ADO Den Haag,ADO Den Haag,"LCB, RCB",27,2874,5,3.11,2,0.73,Netherlands,10.27,5.61,71.51,7.14,60.96,0.13,0.17,0.56,6.14,8.38,1.6,6,0.19,0,0,0.81,0.16,4,0.13,0.1,1,0.03,33,1.03,48.48,15.152,0.06,0.16,40,0.38,66.67,2.1,47.76,1.16,2.38,0.13,41.12,0.41,0.44,60.59,89.1,23.33,79.87,5.7,96.7,25.21,95.53,5.35,59.06,20.58,41.73,0.02,0.19,0.16,0.03,0.03,0,0.06,9.11,76.29,0.69,27.27,0.41,23.08,0.34,0.06,10.99,78.06,0,,0,,0,0,0,0,,,3.13,,
L. Postma,RKC Waalwijk,RKC Waalwijk,"RCB, RCMF",23,2385,0,0.51,1,0.18,Netherlands,10.94,8.53,67.26,2.38,49.21,0.38,0.45,0.64,4.83,5.8,1.96,3,0.11,0,0,0.42,0,0,0,0.02,0,0,12,0.45,16.67,0,0.04,0.08,50,0.53,50,3.58,51.58,0.42,1.66,0.11,29.7,0.19,1.43,46.45,87.9,15.81,77.33,6.53,98.27,17.89,93.04,3.47,57.61,18.03,32.62,0.01,0.15,0,0,0.08,50,0.08,4.68,77.42,0.3,62.5,0.19,40,0.19,0.04,6.72,62.92,0,,0,,0,0,0,0,,,1.74,,
G. Blancquart,VVV Venlo,VVV Venlo,"RCB, LCB, CB",22,2819,3,3.15,0,0.01,France,8.43,5.81,64.29,3.7,54.31,0.16,0.19,0.54,4.53,5.41,1.28,7,0.22,1,0.03,0.48,0.1,3,0.1,0.1,3,0.1,19,0.61,36.84,15.789,0,0.03,0,0.38,66.67,2.36,58.11,0.99,0.86,0.1,28.54,0.19,1.47,42.27,91.01,14.37,80.89,4.05,95.28,19.7,97.24,3.45,66.67,19.31,33.28,0,0.06,0.03,0,0,0,0,3,76.6,0,0,0.16,60,0,0,5.36,67.86,0,,0,,0,0,0,0,,,2.87,,
L. de Blok,VVV Venlo,VVV Venlo,"LB, LWB",21,2657,3,2.44,5,7.12,Netherlands,10.53,8.3,62.45,1.42,45.24,0.27,0.33,0.37,5.08,6.1,0.51,4,0.14,0,0,2.47,0.1,2,0.07,0.08,0,0,23,0.78,34.78,13.043,0.17,3.96,35.04,1.52,48.89,3.12,40.22,0.75,1.9,0.41,26.86,1.52,0.47,38.99,70.29,15.58,61.52,7.55,94.17,9.76,65.97,5.18,50.98,19.55,34.18,0.24,1.69,0,0.03,0.27,25,0.75,5.66,53.29,4.27,46.03,1.19,34.29,0.78,1.52,9.76,67.36,0,,0,,0,0,0,0,,,1.05,,
M. Lukoki,Eindhoven,Eindhoven,"LW, RW",21,1425,1,1.66,2,1.71,France,5.31,5.56,56.82,1.58,28,0,0,0.13,2.15,2.54,0.76,1,0.06,0,0,5.37,0.06,1,0.06,0.11,0,0,21,1.33,33.33,4.762,0.13,4.29,23.53,6.19,63.27,12.13,40.63,3.47,3.98,0.88,12.63,1.96,0.76,18.32,65.17,3.35,54.72,3.92,93.55,6.13,54.64,0.95,26.67,17.15,13.95,0.11,0.82,0.06,0,0,0,0.44,1.26,65,2.97,31.91,0,0,0.88,0.88,2.59,68.29,0,,0,,0,0,0,0,,,0.06,,
S. Simons,Eindhoven,Eindhoven,"LCMF, RCMF",22,3112,7,3.12,2,4.33,Netherlands,7.72,6.74,58.8,1.94,31.34,0.38,0.41,0.2,3.38,3.71,1.65,5,0.14,0,0,2.31,0.2,7,0.2,0.09,1,0.03,55,1.59,36.36,12.727,0.06,2.69,36.56,1.53,49.06,3.47,43.33,1.19,1.3,0.32,24.67,1.13,0.46,37.31,77.05,12.12,65.16,7.17,93.15,11.92,79.13,5,53.18,19.44,34.97,0.13,1.21,0,0.03,0.09,0,0.23,5.93,72.68,2.52,41.38,0.52,22.22,0.23,1.01,7.52,68.08,0,,0,,0,0,0,0,,,0.64,,
M. Marschalk,Vitesse,Vitesse,"LDMF, LCMF, AMF",21,2524,2,1.11,2,1.89,Netherlands,8.49,7.27,59.31,1.28,33.33,0.29,0.36,0.36,3.89,4.89,1.28,2,0.07,0,0,1.43,0.07,2,0.07,0.04,0,0,34,1.21,14.71,5.882,0.07,0.82,47.83,1.53,55.81,6.1,39.77,0.64,1,0,20.75,0.39,1.78,32.23,83.08,11.87,71.47,5.49,96.1,9.98,88.21,3.42,52.08,18.27,31.92,0.07,0.57,0.11,0.04,0.07,0,0.25,4.39,65.85,1.25,48.57,0.32,22.22,0.39,0.36,5.24,72.11,0,,0,,0,0,0,0,,,0.46,,
N. Zonneveld,Vitesse,Vitesse,"RAMF, RW, LAMF",20,1501,9,4.92,4,2.12,Netherlands,6.78,5.4,58.89,3.36,39.29,0.12,0.16,0.06,3.48,4.66,1.08,0,0,0,0,4.08,0.54,9,0.54,0.3,2,0.12,41,2.46,58.54,21.951,0.24,2.4,52.5,2.46,51.22,6.96,37.93,2.76,1.14,0.18,16.25,1.2,0.72,25.12,76.85,7.26,69.42,5.4,92.22,6.66,77.48,1.44,50,16.05,15.21,0.13,1.14,0,0,0.3,40,0.42,2.28,50,2.7,64.44,0.36,33.33,0.96,1.08,4.08,66.18,0,,0,,0,0,0,0,,,0.36,,
A. Tahaui,Vitesse,Vitesse,"CF, AMF",20,2955,5,4.64,9,5.27,Netherlands,6.82,6.18,58.13,2.44,37.5,0.55,0.67,0.12,2.68,3.26,1.22,5,0.15,0,0,3.87,0.15,5,0.15,0.14,0,0,70,2.13,34.29,7.143,0.27,1.8,45.76,3.44,63.72,9.02,47.64,2.22,1.95,0.09,23.39,1.37,1.46,34.29,79.13,11.09,69.23,6.61,90.78,10.17,82.04,2.68,60.23,17.88,34.33,0.16,1.49,0.15,0.03,0.46,26.67,0.76,5.51,66.85,3.26,62.62,0.88,41.38,1.52,0.82,5.88,79.79,0,,0,,0,0,0,0,,,0.24,,
Y. Ranon,Vitesse,Vitesse,"RW, LAMF, RAMF",20,596,2,1.99,0,0.81,Israel,5.74,5.89,58.97,2.87,31.58,0,0,0.3,2.27,3.54,0.6,2,0.3,0,0,2.11,0.3,2,0.3,0.3,0,0,18,2.72,22.22,11.111,0,0.76,60,1.66,63.64,9.51,34.92,3.32,1.66,0.3,13.59,0.91,1.81,21.9,71.03,7.1,53.19,4.68,96.77,5.29,80,1.36,44.44,14.86,12.81,0.12,0.91,0.15,0,0,0,0.3,2.42,56.25,2.87,47.37,0.45,0,1.66,0.45,4.68,64.52,0,,0,,0,0,0,0,,,0,,
E. Adiele,Utrecht,Utrecht II,"LB, LWB",18,382,0,0.31,1,1.35,England,9.19,8.25,54.29,2.12,66.67,0.47,0.61,0,4.24,5.45,2.36,1,0.24,0,0,2.83,0,0,0,0.07,0,0,2,0.47,50,0,0.24,2.59,27.27,3.3,57.14,9.19,38.46,1.41,2.83,1.18,21.91,1.65,2.59,34.16,82.76,9.66,75.61,8.48,88.89,8.25,80,2.59,63.64,16.92,25.8,0.32,0.71,0,0,0,0,0.71,2.83,75,1.88,25,0.47,50,0.71,0.47,4.71,65,0,,0,,0,0,0,0,,,0.47,,
Sheddy Barglan,Den Bosch,Den Bosch,"RB, RAMF",23,1275,1,1.49,1,1.1,Netherlands,9.18,6,64.71,3.6,43.14,0.42,0.51,0.42,4.87,5.88,0.49,0,0,0,0,2.19,0.07,1,0.07,0.1,0,0,7,0.49,28.57,14.286,0.07,2.12,20,2.26,71.88,5.29,52,2.12,1.91,0.78,19.48,2.54,1.62,30.21,78.97,11.65,75.15,6.07,94.19,6.99,78.79,2.61,64.86,16.07,26.01,0.08,0.64,0,0,0.07,0,0.42,2.89,73.17,1.69,41.67,0.21,33.33,0.92,0.28,5.65,71.25,0,,0,,0,0,0,0,,,0.56,,
J. Heerkens,Ajax,Ajax II,GK,19,1747,0,0,0,0,Czech Republic,2.83,0.21,100,0.77,80,0.1,0.13,0.05,2.52,3.1,0.1,0,0,0,0,0,0,0,0,0,0,0,0,0,0,0,0,0,0,0,0,0.15,33.33,0.05,0.05,0,25.71,0.36,0.26,39,87.05,20.97,78.62,0,0,16.59,96.89,10.92,60.85,27.35,44.8,0,0,0,0,0,0,0,1.75,44.12,0.05,0,0.1,0,0,0,8.91,65.32,31,1.6,118,6.08,4,73.73,35.1,1.81,4.1,0.211,0,2.68,0.77
B. Van Zijl,VVV Venlo,VVV Venlo,CF,21,1486,9,7.29,3,3.13,Netherlands,4.06,4.18,56.52,6.54,27.78,0.48,0.59,0.18,1.21,1.47,1.51,2,0.12,1,0.06,3.45,0.55,9,0.55,0.44,0,0,41,2.48,51.22,21.951,0.18,0.55,33.33,4.24,47.14,10.9,31.11,4,1.94,0.3,9.15,2.18,1.21,10.6,61.14,3.27,46.3,2,72.73,2.48,60.98,0.42,28.57,15.54,7.72,0.19,0.97,0,0,0,0,0.73,1.09,44.44,0.97,62.5,0.06,100,1.15,0.18,1.57,61.54,0,,0,,0,0,0,0,,,0.12,,
Y. Sbai,VVV Venlo,VVV Venlo,"RB, RWB",21,1347,0,0.68,0,0.53,Netherlands,10.69,7.48,63.39,3.27,63.27,0.87,1.05,0.4,5.08,6.11,1.07,3,0.2,0,0,2.07,0,0,0,0.05,0,0,7,0.47,28.57,0,0,1.34,50,2.2,51.52,6.75,43.56,0.53,1.07,0.07,25.99,1.54,1.07,38.62,78.72,15.37,66.09,6.41,97.92,11.69,86.29,5.68,52.94,19.51,41.63,0.04,0.27,0,0.07,0.13,100,0.4,4.94,56.76,2.54,57.89,0.94,57.14,0.8,0.67,8.49,72.44,0,,0,,0,0,0,0,,,0.53,,
T. Joosten,VVV Venlo,VVV Venlo,"LCB, CB",19,1328,0,0.57,0,0.22,Netherlands,9.08,5.49,61.73,2.78,46.34,0.54,0.63,0.47,5.15,6.03,0.95,3,0.2,0,0,0.27,0,0,0,0.04,0,0,6,0.41,0,0,0,0.2,0,0.34,80,1.56,56.52,0.75,1.22,0.07,33.61,0.2,0.61,53.4,88.07,22.84,81.31,3.05,95.56,22.03,93.54,6.1,64.44,21.07,40.29,0.02,0.2,0,0,0,0,0.2,7.73,71.93,1.15,52.94,0.95,57.14,0.61,0.07,9.35,78.26,0,,0,,0,0,0,0,,,1.97,,
L. Verheij,VVV Venlo,VVV Venlo,RCB,20,1968,1,1.29,0,0.2,Netherlands,10.61,6.31,73.19,4.16,48.35,0.32,0.39,0.87,5.67,6.93,0.69,2,0.09,0,0,0.46,0.05,1,0.05,0.06,1,0.05,9,0.41,11.11,11.111,0,0.37,37.5,0.59,46.15,2.42,50.94,0.87,0.78,0.27,30.37,0.14,0.91,47.24,88.19,16.37,76.82,4.48,96.94,21.95,95.21,3.75,52.44,20.73,36.89,0.01,0.14,0,0.05,0,0,0.05,3.57,67.95,0.46,30,0.46,20,0.14,0.09,7.27,61.64,0,,0,,0,0,0,0,,,2.56,,
E. Poku,Almere City,Almere City,"RAMF, LAMF, RW",20,2315,9,7.69,5,4.46,Netherlands,4.28,3.85,69.7,0.74,15.79,0.12,0.14,0.16,1.48,1.75,0.58,3,0.12,0,0,4.35,0.35,9,0.35,0.3,0,0,63,2.45,41.27,14.286,0.19,2.45,26.98,5.75,46.62,9.56,38.62,4.94,4.12,0.93,17.81,2.57,0.66,20.14,75.1,3.81,59.18,7.15,94.57,5.09,61.07,0.47,75,16.27,10.8,0.17,1.21,0.12,0,0,0,0.7,0.78,75,2.14,43.64,0,0,1.13,0.51,2.14,61.82,0,,0,,0,0,0,0,,,0.19,,
A. Foah-Sam,Almere City,Almere City,RB,23,1427,2,1.6,1,0.42,Netherlands,11.86,10.09,67.5,4.86,58.44,0.44,0.53,0.32,4.6,5.5,1.32,6,0.38,0,0,1.26,0.13,2,0.13,0.1,2,0.13,13,0.82,30.77,15.385,0.06,1.01,37.5,0.82,76.92,3.85,49.18,1.2,0.88,0.19,20.12,0.19,0.57,33.62,76.17,14.63,61.21,4.86,97.4,9.96,85.44,4.48,29.58,21.71,33.11,0.03,0.44,0,0.06,0,0,0.06,5.17,58.54,1.77,39.29,0.57,0,0.25,0.38,7.95,63.49,0,,0,,0,0,0,0,,,2.14,,
B. Huisman,Almere City,Almere City,CF,20,546,1,1.32,0,0.01,Netherlands,4.29,3.96,58.33,7.09,27.91,0.49,0.7,0.49,1.48,2.09,1.81,2,0.33,0,0,2.31,0.16,1,0.16,0.22,1,0.16,9,1.48,44.44,11.111,0,0.66,25,1.81,81.82,8.57,36.54,3.63,0.99,0.33,11.04,1.98,1.48,18.3,64.86,3.13,57.89,4.95,80,5.27,65.63,0.66,50,14.19,5.86,0,0.16,0,0,0.16,0,0,1.32,62.5,0.82,40,0.16,0,0.99,0,1.48,55.56,0,,0,,0,0,0,0,,,0,,
L. Wehmeyer,VVV Venlo,VVV Venlo,"RAMF, LAMF, RW",23,1270,1,2.59,1,1.12,Germany,5.46,5.88,51.81,2.41,52.94,0,0,0,2.41,2.97,2.41,2,0.14,1,0.07,2.83,0.07,1,0.07,0.18,0,0,22,1.56,50,4.545,0.07,2.34,24.24,3.9,38.18,10.63,41.33,2.62,2.91,0.85,16.65,2.2,1.84,21.19,67.89,6.24,60.23,4.04,85.96,6.09,67.44,0.71,50,16.25,9.93,0.08,0.85,0.07,0.07,0.14,0,0.57,1.77,72,2.98,45.24,0.14,0,1.28,0.57,4.25,66.67,0,,0,,0,0,0,0,,,0.14,,
J. Kluskens,VVV Venlo,VVV Venlo,"LCMF, RCMF, RDMF",23,527,0,0.15,0,0,Netherlands,6.15,4.27,60,2.22,53.85,0.34,0.49,0.68,3.24,4.63,0.68,0,0,0,0,1.02,0,0,0,0.03,0,0,6,1.02,50,0,0,0.68,50,0.68,25,1.71,20,0.34,1.02,0,25.1,0.17,0,39.96,78.21,11.27,63.64,6.32,86.49,16.39,85.42,5.81,50,21.08,34.16,0,0.17,0,0,0,0,0,6.83,60,1.54,44.44,0.51,33.33,0.34,0.34,6.49,63.16,0,,0,,0,0,0,0,,,2.05,,
M. de Haan,Almere City,Almere City,"LDMF, RDMF",22,2849,4,5.28,7,5.15,Netherlands,7.08,6.44,56.37,1.11,28.57,0.32,0.36,0.35,3.13,3.55,1.58,9,0.28,0,0,1.83,0.13,4,0.13,0.17,0,0,64,2.02,25,6.25,0.22,1.11,34.29,1.26,62.5,4.49,54.93,0.79,1.74,0.25,29.98,0.32,0.95,41.1,81.32,15.57,72.62,6.03,95.81,15.01,85.68,4.3,47.06,20.17,38.66,0.16,1.58,0.03,0.09,0.6,26.32,0.44,8.97,69.37,2.84,55.56,1.39,40.91,1.23,0.38,8.56,76.38,0,,0,,0,0,0,0,,,0.88,,
J. Eijgenraam,VVV Venlo,VVV Venlo,"RDMF, RCMF, DMF",24,2107,1,0.55,0,0.26,Netherlands,7.73,6.36,52.35,1.2,50,0.38,0.47,0.21,4.02,4.87,1.37,6,0.26,0,0,0.34,0.04,1,0.04,0.02,0,0,13,0.56,15.38,7.692,0,0.17,25,0.51,33.33,2.09,36.73,0.3,0.38,0.13,22.55,0.17,0.47,35.41,82.51,11.32,68.3,6.15,93.06,12.69,89.9,3.67,60.47,18.26,32.45,0.01,0.17,0.09,0.04,0.09,50,0.04,5.13,75.83,0.85,35,0.38,33.33,0.3,0.04,5.51,57.36,0,,0,,0,0,0,0,,,1.28,,
T. Kuijsten,Almere City,Almere City,GK,21,833,0,0,0,0,Netherlands,2.38,0,0,0.32,66.67,0,0,0,2.38,2.77,0,1,0.11,0,0,0,0,0,0,0,0,0,0,0,0,0,0,0,0,0,0,0.11,100,0.11,0,0,14.15,0.32,0.11,22.47,79.33,14.69,72.06,0,0,6.7,95.16,10.26,60,33.24,50.18,0,0,0,0,0,0,0,1.73,43.75,0.11,0,0.11,100,0,0,7.56,71.43,15,1.62,48,5.19,2,68.75,13.33,1.44,-1.67,-0.18,0,1.19,0.32
J. Kalisvaart,Almere City,Almere City,"RDMF, DMF, LDMF",21,1502,0,0.9,1,1.05,Netherlands,7.25,7.07,57.63,2.4,45,0.48,0.55,0.36,2.7,3.07,2.04,3,0.18,0,0,0.6,0,0,0,0.05,0,0,8,0.48,25,0,0.06,0,0,0.6,70,4.79,41.25,0.66,0.72,0.24,23.13,0.24,1.02,36.25,91.07,8.57,74.83,8.21,97.81,13.96,96.57,1.92,65.63,19.61,34.94,0.06,0.42,0.06,0.06,0.06,100,0.12,4.37,78.08,0.9,86.67,0.18,33.33,0.78,0,3.54,72.88,0,,0,,0,0,0,0,,,1.44,,
M. Davis,VVV Venlo,VVV Venlo,RB,24,1327,0,0.21,0,0.18,Belgium,13.56,10.58,62.82,2.85,64.29,0.81,0.99,0.34,6.1,7.42,1.56,5,0.34,0,0,1.15,0,0,0,0.01,0,0,5,0.34,0,0,0,2.24,36.36,0.88,23.08,3.05,28.89,0.47,1.15,0.14,25.23,0.68,0.27,41.17,75.95,16.55,66.39,5.9,94.25,13.56,76.5,5.29,38.46,20.6,32.52,0.01,0.2,0.07,0.14,0.27,50,0.2,5.56,57.32,2.51,35.14,0.75,27.27,0.14,0.81,9.16,62.96,0,,0,,0,0,0,0,,,1.7,,
N. Matoug,VVV Venlo,VVV Venlo,"RAMF, RW",23,1092,2,2.06,1,3.11,Netherlands,4.45,3.21,66.67,1.9,34.78,0.33,0.44,0.08,1.98,2.64,0.33,1,0.08,0,0,4.62,0.16,2,0.16,0.17,0,0,16,1.32,37.5,12.5,0.08,5.93,29.17,3.46,69.05,7.09,50,1.98,2.14,0.49,18.05,2.31,0.99,23.65,64.11,6.26,50,6.35,92.21,7.58,57.61,0.99,33.33,21.06,15.03,0.26,1.73,0,0,0.08,0,0.58,2.47,70,5.19,33.33,0.08,0,0.33,1.81,4.95,78.33,0,,0,,0,0,0,0,,,0.08,,
L. Kromah,VVV Venlo,VVV Venlo,"RAMF, RW, CF",22,1517,1,4.11,1,2.08,Netherlands,5.1,4.69,63.29,3.14,33.96,0.06,0.07,0.12,2.08,2.47,0.95,1,0.06,0,0,2.37,0.06,1,0.06,0.24,0,0,23,1.36,43.48,4.348,0.06,2.25,34.21,2.61,38.64,7.3,26.02,3.68,2.43,0.53,15.19,2.43,0.59,19.87,72.84,5.22,61.36,5.75,93.81,4.69,67.09,0.65,27.27,16.73,12.64,0.12,1.19,0,0,0.06,0,0.77,1.72,62.07,2.43,56.1,0.18,0,1.31,0.83,3.5,74.58,0,,0,,0,0,0,0,,,0.24,,
N. Ait Mouhou,VVV Venlo,VVV Venlo,"LAMF, LW",21,2437,4,7.36,2,2.51,Morocco,4.99,5.61,52.63,1.74,23.4,0.22,0.27,0.11,1.81,2.23,1.48,7,0.26,0,0,3.62,0.15,4,0.15,0.27,0,0,59,2.18,27.12,6.78,0.07,1.7,34.78,4.21,55.26,10.78,40.07,3.18,3.8,0.74,20.98,1.81,1.44,25.81,79.26,7.72,66.99,6.61,96.09,5.21,79.43,0.66,61.11,15.58,14.46,0.09,0.78,0.04,0.04,0.15,75,0.33,2.25,67.21,2.03,52.73,0.26,71.43,0.74,0.48,3.36,73.63,0,,0,,0,0,0,0,,,0.11,,
J. Triep,VVV Venlo,VVV Venlo,"CF, AMF",21,1422,3,5.93,1,1.19,Netherlands,4.75,5,51.9,1.52,25,0.06,0.08,0.19,2.09,2.54,1.01,0,0,0,0,2.22,0.19,3,0.19,0.38,0,0,37,2.34,48.65,8.108,0.06,0.63,60,1.46,47.83,4.37,40.58,3.67,1.14,0.13,18.54,1.46,0.7,25.19,78.39,7.03,58.56,7.97,93.65,5.89,82.8,1.58,48,17.41,28.02,0.08,0.7,0.06,0,0.06,0,0.32,2.91,56.52,1.14,44.44,0.19,33.33,0.63,0.25,2.91,67.39,0,,0,,0,0,0,0,,,1.33,,
O. de Nijs,Almere City,Almere City,"AMF, LAMF, LW",21,936,5,4.59,1,1.26,Netherlands,7.88,7.21,58.67,4.13,37.21,0.48,0.67,0.19,3.17,4.42,1.35,1,0.1,0,0,2.79,0.48,5,0.48,0.44,2,0.19,23,2.21,47.83,21.739,0.1,1.35,21.43,1.83,68.42,5.38,42.86,4.33,1.25,0.38,18.46,1.44,0.29,26.73,75.9,6.73,60,7.02,93.15,8.46,76.14,0.87,77.78,17.79,10.77,0.12,0.87,0,0,0.29,66.67,0.48,2.5,61.54,1.92,45,0.19,50,1.25,0.29,4.33,55.56,0,,0,,0,0,0,0,,,0.19,,
M. Odriss,VVV Venlo,VVV Venlo,"LCMF, LDMF",21,1564,0,1.53,1,1.38,Netherlands,8,6.68,64.66,2.76,37.5,0.4,0.46,0.06,3.28,3.71,1.67,3,0.17,0,0,1.84,0,0,0,0.09,0,0,19,1.09,10.53,0,0.06,0.81,35.71,2.13,67.57,7.19,46.4,1.67,0.98,0.06,19.45,0.4,2.01,31.76,79.35,11.16,70.62,5.24,97.8,9.03,82.8,1.61,39.29,16.68,23.58,0.08,0.81,0.06,0.06,0.06,0,0.35,4.55,74.68,1.61,53.57,0.29,40,0.98,0.29,5.47,58.95,0,,0,,0,0,0,0,,,1.21,,
R. Vullers,VVV Venlo,VVV Venlo,"RCMF, RB, LCMF",19,312,0,0.36,0,0.05,Netherlands,13.56,12.98,68.89,3.75,38.46,0.29,0.38,0,4.33,5.77,1.15,0,0,0,0,1.73,0,0,0,0.1,0,0,3,0.87,66.67,0,0,1.73,16.67,1.15,75,4.04,35.71,2.02,0.58,0,20.48,0.58,0.87,35.48,74.8,11.83,56.1,8.94,96.77,10.67,72.97,5.19,44.44,19.56,24.81,0.02,0.29,0.29,0,0.29,0,0.58,4.04,64.29,2.31,25,1.15,25,0.29,0.29,4.9,58.82,0,,0,,0,0,0,0,,,1.73,,
H. El Dahri,Almere City,Almere City,"RDMF, RCMF",21,1213,0,0.41,3,2.1,Netherlands,8.24,7.2,54.64,2,25.93,0.37,0.44,0.37,3.93,4.64,1.56,2,0.15,0,0,1.34,0,0,0,0.03,0,0,6,0.45,33.33,0,0.22,0.74,30,1.41,57.89,5.19,31.43,1.34,1.78,0.22,26.12,0.22,0.37,38.66,80.81,16.92,68.86,6.46,96.55,9.72,90.08,4.53,40.98,18.82,32.62,0.16,1.04,0.15,0.15,0.52,28.57,0.52,7.57,66.67,2.97,60,1.11,46.67,2,0.3,6.9,66.67,0,,0,,0,0,0,0,,,0.3,,
N. Takahashi,Almere City,Almere City,LB,20,980,0,0,0,0.41,Spain,11.02,8.54,55.91,1.84,50,0.28,0.31,0.64,5.97,6.68,0.64,1,0.09,0,0,1.19,0,0,0,0,0,0,0,0,0,0,0,2.39,23.08,1.38,46.67,3.58,48.72,0.83,1.19,0.64,24.61,0.37,1.38,41.51,79.65,15.7,74.85,6.98,96.05,12.03,84.73,3.95,39.53,19.56,38.42,0.04,0.55,0,0,0,0,0.18,5.33,63.79,1.84,35,0.28,33.33,0.37,0.55,8.17,65.17,0,,0,,0,0,0,0,,,1.65,,
M. Ghaddari,Utrecht II,Utrecht II,RB,20,1896,3,0.63,1,2.82,Netherlands,8.16,6.22,54.96,2.33,48.98,0.47,0.55,0.28,4.27,4.92,1,1,0.05,0,0,1.8,0.14,3,0.14,0.03,0,0,15,0.71,20,20,0.05,2.14,53.33,1.23,38.46,3.7,32.05,1.23,1.38,0,22.88,0.85,0.66,34.37,79.28,14.76,72.35,5.55,95.73,8.59,81.77,5.22,57.27,19.07,32.41,0.13,0.9,0,0,0.19,25,0.62,4.75,72,2.23,61.7,0.57,33.33,0.9,1.14,8.54,72.22,0,,0,,0,0,0,0,,,0.52,,
L. Messori,Ajax II,Ajax II,"RWF, RW",18,385,0,0.23,0,0.64,Netherlands,5.61,5.38,69.57,1.4,66.67,0,0,0.47,1.87,2.96,0.47,0,0,0,0,2.57,0,0,0,0.05,0,0,4,0.94,0,0,0,1.4,16.67,3.74,62.5,9.35,40,2.34,2.81,0,14.03,1.17,1.17,21.74,76.34,5.14,72.73,4.21,100,6.31,62.96,1.17,40,17.35,8.74,0.15,0.7,0,0.23,0.23,0,0.47,1.4,50,2.57,54.55,0.23,0,1.87,0.23,2.81,83.33,0,,0,,0,0,0,0,,,0,,
M. Eppink,Utrecht II,Utrecht II,GK,20,1343,0,0,0,0,Thailand,3.28,0,0,0.34,100,0,0,0,3.28,3.67,0,0,0,0,0,0,0,0,0,0,0,0,0,0,0,0,0,0,0,0,0,0.13,100,0,0,0,14.94,0.34,0,26,79.12,16.22,69.42,0,0,8.91,94.74,12,59.78,34.9,49.26,0,0,0,0.07,0,0,0,2.68,52.5,0.07,0,0.34,40,0,0,9.72,69.66,17,1.14,67,4.49,5,74.63,18.18,1.22,1.18,0.079,0,1.81,0.34
I. Jenner,Dewa United,Utrecht II,"RCMF, RDMF, LDMF",22,633,1,0.23,0,0.16,Netherlands,11.23,9.1,64.06,3.13,40.91,0.28,0.33,0.85,5.12,6,1.85,2,0.28,0,0,0.71,0.14,1,0.14,0.03,0,0,6,0.85,50,16.667,0,0.28,50,0.28,50,3.84,25.93,1,0.43,0,26.02,0,0.28,37.39,88.21,11.52,75.31,8.53,96.67,12.23,97.67,3.55,44,15.64,20.01,0.02,0.14,0,0,0,0,0,5.97,76.19,0.85,50,0.14,100,0.43,0.14,5.12,72.22,0,,0,,0,0,0,0,,,1.14,,
X. Thenu,Vitesse,Vitesse,LB,21,945,0,0.4,1,0.68,Netherlands,9.81,7.05,72.97,2.29,33.33,0.76,0.93,0.29,3.9,4.79,0.86,1,0.1,0,0,1.9,0,0,0,0.04,0,0,6,0.57,16.67,0,0.1,3.24,29.41,1.43,53.33,3.62,31.58,1.05,1.43,0.67,21.71,1.81,0.19,32.1,71.51,13.62,65.73,6.19,93.85,8.86,68.82,4.76,50,20.82,22.16,0.07,0.67,0.1,0,0.19,50,0.29,3.62,63.16,2.95,38.71,0.57,33.33,0.57,0.76,8.48,65.17,0,,0,,0,0,0,0,,,1.14,,
B. Menzo,Utrecht II,Utrecht II,"RW, RAMF",19,372,1,0.53,1,0.51,Netherlands,9.68,7.74,65.63,2.9,50,0.48,0.61,0,4.11,5.2,1.69,0,0,0,0,5.56,0.24,1,0.24,0.13,0,0,9,2.18,44.44,11.111,0.24,5.32,27.27,6.05,52,14.76,45.9,2.9,2.66,0.48,21.05,1.94,2.18,31.45,64.62,6.77,60.71,6.53,81.48,11.13,67.39,1.94,50,23.29,12.58,0.12,1.21,0,0.24,0,0,0.97,2.18,66.67,3.15,38.46,0,0,0.97,1.21,4.84,70,0,,0,,0,0,0,0,,,0,,
R. El Meliani,Roda JC,Roda JC,"LB, RB",21,375,0,0.11,0,0.48,Netherlands,13.44,13.92,70.69,1.92,62.5,0.72,0.92,0.24,2.88,3.67,1.2,2,0.48,0,0,2.64,0,0,0,0.03,0,0,4,0.96,25,0,0,3.12,38.46,3.36,35.71,5.52,34.78,1.44,2.16,0.72,26.4,0.24,1.2,36.48,77.63,13.44,66.07,6.72,89.29,9.6,82.5,4.32,61.11,17.15,18.9,0.12,0.72,0,0,0.24,0,0,4.08,76.47,2.4,50,0.48,50,0,1.44,9.12,63.16,0,,0,,0,0,0,0,,,0.48,,
Y. Raap,Ilves,PSV II,RB,19,739,0,0.26,0,0.15,Venezuela,10.96,10.96,55.56,1.58,38.46,0.49,0.67,0.12,4.38,6.03,2.07,1,0.12,0,0,1.22,0,0,0,0.03,0,0,3,0.37,0,0,0,0,0,2.07,58.82,8.89,39.73,0.49,2.07,0.61,24.11,0.73,1.83,34.1,87.86,10.84,82.02,5.6,95.65,12.18,91,1.46,50,17.19,14.22,0.02,0.37,0.24,0,0,0,0,3.41,85.71,0.49,50,0,0,0,0,4.38,63.89,0,,0,,0,0,0,0,,,1.58,,
J. van den Berg,PSV,PSV II,"LCMF, LDMF, CF",19,2213,7,6.36,2,1.58,Netherlands,9.23,5.98,59.18,1.87,34.78,0.45,0.56,0.37,5.25,6.59,1.3,5,0.2,0,0,2.24,0.28,7,0.28,0.26,1,0.04,56,2.28,35.71,12.5,0.08,0.73,33.33,2.52,46.77,9.84,34.71,2.89,1.79,0.41,23.79,1.06,1.46,35.3,81.91,7.32,71.67,8.3,92.16,12.65,82.64,1.5,48.65,16.89,28.79,0.06,0.73,0,0,0.12,0,0.33,3.17,84.62,1.38,58.82,0.08,0,0.85,0.24,4.6,57.52,0,,0,,0,0,0,0,,,0.45,,
A. Bouhamdi,PSV II,PSV II,"LAMF, LWF, LW",17,641,1,1.83,3,2.5,Netherlands,7.16,6.74,35.42,1.4,50,0.28,0.34,0.14,4.49,5.49,1.97,1,0.14,0,0,4.49,0.14,1,0.14,0.26,0,0,15,2.11,40,6.667,0.42,2.81,30,7.3,36.54,13.76,35.71,3.09,2.95,0.28,19.94,1.4,2.25,26.54,72.49,6.04,67.44,6.46,84.78,8.71,70.97,0.98,28.57,16.54,14.92,0.35,1.68,0,0,0.42,33.33,1.68,1.97,78.57,3.37,45.83,0.56,25,1.26,0.7,5.48,61.54,0,,0,,0,0,0,0,,,0.28,,
U. van Aalst,Willem II,Willem II,"RCMF, CF, LCMF",19,2271,1,3.4,2,2.52,Netherlands,6.14,5.98,65.56,1.7,27.91,0.12,0.13,0.28,2.1,2.3,0.95,2,0.08,0,0,2.1,0.04,1,0.04,0.13,0,0,26,1.03,34.62,3.846,0.08,1.19,30,2.06,65.38,6.38,47.2,1.47,2.02,0.52,16.25,0.91,0.75,25.48,82.43,6.5,69.51,6.86,97.11,8.28,82.3,1.86,51.06,17.33,21.04,0.1,0.71,0.08,0,0.04,100,0.48,3.21,74.07,1.7,55.81,0.28,57.14,0.83,0.4,3.29,72.29,0,,0,,0,0,0,0,,,0.67,,
A. Zarrouk,Willem II,Willem II,"LCMF, RCMF, LDMF",19,919,0,0.29,0,0.61,Netherlands,8.72,7.74,64.56,2.06,38.1,0.59,0.67,0.49,3.13,3.56,1.47,1,0.1,0,0,0.88,0,0,0,0.03,0,0,6,0.59,33.33,0,0,0.1,100,0.59,83.33,6.07,54.84,0.39,0.88,0,26.05,0,2.45,38.1,89.72,8.91,73.63,7.15,95.89,14.69,96.67,1.57,37.5,15.36,12.31,0.06,0.49,0,0.1,0.49,20,0.49,4.99,82.35,1.08,72.73,0.69,42.86,0.78,0.1,4.21,65.12,0,,0,,0,0,0,0,,,0.1,,
A. Et Taïbi,Willem II,Willem II,RB,23,2339,1,1.05,3,2.78,Morocco,9.97,8.39,56.88,2.96,55.84,0.27,0.31,0.23,4.93,5.69,1.08,1,0.04,0,0,2.15,0.04,1,0.04,0.04,1,0.04,13,0.5,38.46,7.692,0.12,2.85,32.43,1.65,60.47,3.42,43.82,1.15,1.35,0.12,31.01,2,0.31,43.36,77.37,17.74,67.9,5.77,96.67,14.16,80.98,4.35,46.9,19.66,32.48,0.11,0.69,0.04,0,0.04,100,0.46,6.39,70.48,3.58,43.01,0.19,40,0.77,0.96,10.77,69.29,0,,0,,0,0,0,0,,,1.81,,
C. Sunder,Emmen,Emmen,"CF, LAMF, RAMF",17,532,2,0.88,0,0.94,Netherlands,3.55,5.41,37.5,8.8,32.69,0,0,0,1.52,2.13,2.03,3,0.51,0,0,2.03,0.34,2,0.34,0.15,0,0,6,1.02,50,33.333,0,2.03,25,2.2,46.15,7.27,32.56,3.38,1.52,0,11.67,3.05,0.34,16.58,68.37,4.57,66.67,3.38,95,5.08,56.67,0.17,100,14.9,2.04,0.16,1.02,0,0,0.17,0,0.68,1.35,87.5,1.86,45.45,0.17,0,0.85,0.68,2.37,85.71,0,,0,,0,0,0,0,,,0.51,,
T. Geypens,Emmen,Emmen,"LW, LWF, LAMF",20,1312,2,1.57,3,2.37,Netherlands,5.83,6.65,53.61,2.26,24.24,0.62,0.84,0.07,1.65,2.24,1.92,5,0.34,0,0,3.09,0.14,2,0.14,0.11,0,0,16,1.1,37.5,12.5,0.21,3.5,27.45,2.68,58.97,7.07,41.75,2.26,2.33,0.14,15.23,1.65,0.69,21.88,70.53,5.21,52.63,6.04,92.05,6.52,62.11,1.23,61.11,17.8,12.56,0.16,1.03,0.07,0,0.21,66.67,0.55,1.44,61.9,3.36,38.78,0.21,66.67,1.1,0.75,3.5,68.63,0,,0,,0,0,0,0,,,0.69,,
P. Søndergaard,Emmen,Emmen,RCB,19,693,0,0.61,0,0,Denmark,11.3,9.35,61.11,6.23,58.33,0,0,0.78,5.58,6.94,1.95,2,0.26,0,0,0.39,0,0,0,0.08,0,0,5,0.65,20,0,0,0.65,20,0.13,100,1.95,60,1.3,2.21,0.26,26.75,0.26,0.78,43.25,82.88,20.91,74.53,4.29,93.94,13.77,92.45,6.1,48.94,21.7,41.4,0,0,0,0,0,0,0,8.7,68.66,1.43,18.18,0.13,0,0,0.13,9.35,81.94,0,,0,,0,0,0,0,,,2.73,,
L. Larsen,Emmen,Emmen,"LB, LWB",20,3056,3,4.09,4,3.94,Denmark,8.42,6.83,62.93,2.12,55.56,0.18,0.23,0.24,3.95,5.1,0.85,6,0.18,1,0.03,2.53,0.09,3,0.09,0.12,1,0.03,34,1,32.35,8.824,0.12,3.68,32.8,2.06,48.57,5.27,38.55,2.36,2.53,0.44,27.45,1.97,0.62,38.61,72.54,12.13,58.25,8.16,93.5,12.78,75.81,4.68,40.25,21.26,36.83,0.12,0.94,0.06,0,0.06,0,0.53,4.74,45.34,3.45,39.32,0.35,25,0.53,1.24,7.86,64.79,0,,0,,0,0,0,0,,,1.62,,
V. Besuijen,Emmen,Emmen,"LAMF, LW, AMF",25,1045,0,2.15,1,1.2,Colombia,5.34,4.56,64.15,1.72,25,0.17,0.22,0,2.24,2.86,0.86,2,0.17,0,0,3.96,0,0,0,0.18,0,0,19,1.64,26.32,0,0.09,3.36,33.33,4.31,56,13.44,43.59,2.93,2.24,0.17,19.72,1.03,3.01,27.22,72.47,6.46,58.67,6.29,89.04,9.39,70.64,2.15,68,17.5,22.95,0.1,0.6,0.09,0,0,0,0.34,2.76,75,3.62,40.48,0.34,25,0.52,1.38,4.56,64.15,0,,0,,0,0,0,0,,,0.43,,
M. Van der Lans,Ajax II,Ajax II,"RCB, LCB",19,1884,0,0.44,1,0.31,Netherlands,10.37,4.73,61.62,4.11,40.7,0.48,0.58,1.05,6.97,8.44,0.76,1,0.05,0,0,0.24,0,0,0,0.02,0,0,3,0.14,33.33,0,0.05,0,0,0.33,57.14,1.72,61.11,0.38,0.57,0.05,40.56,0.1,0.57,58.52,90.94,15.96,76.05,5.02,92.38,31.05,97.69,3.92,51.22,20.05,35.6,0.01,0.05,0,0,0,0,0.19,4.49,75.53,0.38,12.5,0.24,20,0.19,0,7.26,63.16,0,,0,,0,0,0,0,,,3.06,,
T. Peters,Ajax II,Ajax II,"DMF, RCMF",20,2393,2,1.25,2,1.32,Netherlands,7.33,5.23,66.91,1.84,48.98,0.15,0.18,0.19,3.69,4.4,0.75,2,0.08,0,0,0.68,0.08,2,0.08,0.05,1,0.04,17,0.64,35.29,11.765,0.08,0.19,0,0.79,47.62,4.74,42.06,0.79,1.24,0.19,19.93,0.15,0.94,29.3,83.83,9.18,71.72,4.33,93.04,12,90.28,1.99,41.51,18.15,28.8,0.05,0.56,0.08,0.08,0.08,100,0.34,3.76,66,1.05,50,0.3,37.5,0.71,0,3.87,66.02,0,,0,,0,0,0,0,,,1.09,,
Y. Eduardo,Hoffenheim II,Dordrecht,CF,20,1927,11,10.18,4,2.95,Czech Republic,3.64,2.71,53.45,5.28,31.86,0.09,0.12,0.19,2.1,2.69,1.35,5,0.23,0,0,2.15,0.51,9,0.42,0.48,2,0.09,44,2.06,45.45,25,0.19,0.47,40,2.15,45.65,11.3,25.62,3.88,1.54,0.33,8.59,2.52,1.17,13.31,68.07,2.9,53.23,3.64,78.21,3.18,67.65,0.28,50,14.92,8.93,0.14,0.93,0.05,0,0.19,25,0.51,1.49,40.63,1.03,59.09,0.19,25,0.98,0.19,1.63,62.86,0,,0,,0,0,0,0,,,0,,
A. Drakpe,Slovan Liberec,Dordrecht,"LCB, RCB",24,1924,0,1.23,1,1.07,Netherlands,10.01,6.64,71.13,4.72,52.48,0.56,0.71,0.65,4.72,6.01,1.26,4,0.19,0,0,0.56,0,0,0,0.06,0,0,9,0.42,44.44,0,0.05,0.28,16.67,0.65,50,3.27,47.14,1.08,1.12,0.09,27.65,0.28,1.36,45.28,85.74,19.65,75.71,4.82,97.09,16.75,95.53,5.47,52.99,21.62,42.35,0.05,0.37,0,0,0,0,0.19,6.13,64.12,0.75,37.5,0.33,42.86,0.28,0.05,9.92,66.04,0,,0,,0,0,0,0,,,3.65,,
L. Alessandro Maiorano,Roda JC U23,Roda JC,"LAMF, RAMF, LWF",20,450,2,1.12,1,0.87,Norway,8.2,10.4,51.92,2,30,1,1.63,0,1.8,2.93,3.2,3,0.6,1,0.2,5.8,0.4,2,0.4,0.22,0,0,10,2,60,20,0.2,3.2,43.75,6.2,51.61,11.4,40.35,3.8,3.2,0,25.2,2,1,32.6,75.46,10.6,64.15,9.2,93.48,7.6,76.32,2.6,53.85,16.91,13.01,0.17,1,0,0,0,0,0.6,4,65,3.4,29.41,0.6,0,1.4,1.4,6.4,59.38,0,,0,,0,0,0,0,,,0.2,,
D. van der Klaauw,AZ II,AZ II,RAMF,20,703,2,2.16,1,1.12,Netherlands,6.79,6.4,72,1.66,30.77,0,0,0,2.18,2.98,1.28,0,0,0,0,5.25,0.26,2,0.26,0.28,0,0,18,2.3,66.67,11.111,0.13,3.2,40,4.48,54.29,10.24,41.25,4.74,2.82,0.26,19.2,2.43,0.51,22.28,70.11,3.33,42.31,9.09,91.55,5.38,59.52,0.77,0,21.6,11.13,0.14,1.15,0.13,0.13,0.13,0,0.9,1.02,37.5,1.92,46.67,0.13,0,1.15,0.9,2.18,52.94,0,,0,,0,0,0,0,,,0.26,,
M. Menu,AZ II,AZ II,"RCB, RB",21,2376,1,1.2,1,0.56,Netherlands,9.39,6.06,64.38,3.48,44.57,0.3,0.39,0.68,5.19,6.75,1.17,8,0.3,0,0,0.76,0.04,1,0.04,0.05,1,0.04,10,0.38,30,10,0.04,0.38,40,0.64,76.47,2.01,64.15,0.68,2.05,0.08,47.12,0.61,0.98,61.21,89.6,22.84,80.1,4.13,98.17,29.51,96.53,7.58,62,22.39,41.61,0.02,0.27,0.04,0.11,0.04,0,0.19,10.68,77.66,1.93,37.25,1.06,35.71,0.42,0.15,11.74,81.29,0,,0,,0,0,0,0,,,1.67,,
B. Kovacs,AZ U19,AZ II,"CF, AMF",19,627,8,4.07,0,1.11,Hungary,1.87,2.01,50,2.73,36.84,0,0,0,0.86,1.08,1.58,0,0,0,0,3.3,1.15,8,1.15,0.58,0,0,27,3.88,55.56,29.63,0,0,0,2.87,40,15.65,32.11,4.59,1.29,0.29,10.62,2.01,2.15,14.5,84.16,3.16,77.27,4.31,86.67,4.16,79.31,1.29,77.78,15.93,15.26,0.16,1.58,0,0,0,0,0.43,1.15,75,0.72,80,0.14,100,1.29,0,1.58,90.91,0,,0,,0,0,0,0,,,0.14,,
K. Inge,AZ II,AZ II,"RB, LB",20,671,1,1.32,0,0.1,Netherlands,9.12,8.58,60.94,2.28,47.06,0.4,0.56,0.27,3.49,4.84,1.34,1,0.13,0,0,4.02,0.13,1,0.13,0.18,1,0.13,8,1.07,87.5,12.5,0,1.74,23.08,4.43,60.61,12.07,40,1.48,5.1,0.4,26.15,2.95,2.15,36.62,82.05,9.93,66.22,8.99,94.03,11.67,86.21,1.21,44.44,18.58,20.52,0.01,0.27,0,0,0,0,0.27,4.29,75,2.28,41.18,0.13,0,0.27,0.4,5.9,70.45,0,,0,,0,0,0,0,,,0.4,,
H. de Wit,AZ U19,AZ II,"LDMF, RDMF, RCMF",19,611,1,0.97,1,0.72,Netherlands,9.72,6.63,75.56,3.68,52,0.74,0.99,0.29,3.98,5.33,1.03,0,0,0,0,1.62,0.15,1,0.15,0.14,0,0,8,1.18,50,12.5,0.15,0.88,33.33,1.03,28.57,5.01,26.47,1.91,1.33,0.15,24.6,0.29,0.44,35.35,81.25,11.05,70.67,5.89,87.5,12.96,88.64,2.5,41.18,16.86,18.08,0.11,1.33,0,0,0.59,75,0.44,4.12,57.14,2.21,66.67,0.44,100,1.77,0.29,6.04,58.54,0,,0,,0,0,0,0,,,0.88,,
J. Esajas,AZ II,AZ II,LB,20,1204,0,0.09,0,0,Netherlands,7.92,6.35,61.18,1.79,33.33,0.45,0.61,0.3,3.59,4.9,1.64,2,0.15,0,0,0.75,0,0,0,0.01,0,0,2,0.15,0,0,0,1.87,12,0.9,58.33,4.11,49.09,0.97,1.2,0,28.85,2.09,1.42,36.7,82.89,11.21,74,9.49,94.49,11.96,86.25,2.09,39.29,19.09,28.39,0,0,0,0,0.07,0,0,4.11,76.36,1.5,30,0.07,0,0.37,0.3,6.58,62.5,0,,0,,0,0,0,0,,,1.72,,
K. Toppenburg,AZ II,AZ II,"LAMF, RAMF, AMF",22,2018,4,3.82,3,2.71,Netherlands,3.66,5.22,50.43,0.8,38.89,0.04,0.06,0,0.98,1.35,1.29,3,0.13,0,0,4.06,0.18,4,0.18,0.17,0,0,48,2.14,33.33,8.333,0.13,1.92,39.53,5.13,47.83,13.11,31.29,2.1,3.08,0.36,23.37,1.74,1.07,32.51,80.25,7.05,66.46,11.42,93.75,8.79,82.74,1.07,58.33,17.32,20.06,0.12,1.2,0.04,0.04,0.31,42.86,0.62,2.23,66,3.61,58.02,0.54,33.33,1.69,0.71,4.73,80.19,0,,0,,0,0,0,0,,,0.13,,
Y. Van den Ban,AZ II,AZ II,"CF, AMF",20,1777,7,5,2,1.37,Netherlands,4.56,5.37,49.06,4.76,41.49,0.05,0.07,0.2,1.87,2.48,1.82,3,0.15,0,0,1.72,0.35,6,0.3,0.25,1,0.05,27,1.37,51.85,25.926,0.1,0.61,25,1.57,54.84,6.28,32.26,3.34,0.91,0.15,9.83,1.72,1.01,15.55,68.73,3.8,50.67,3.6,90.14,4.15,70.73,0.71,50,16.13,10.63,0.07,0.35,0.1,0,0,0,0.3,1.72,52.94,0.71,57.14,0.05,100,0.71,0.2,2.28,55.56,0,,0,,0,0,0,0,,,0,,
A. Smits,AZ II,AZ II,"RAMF, LAMF",20,1088,2,1.44,5,1.23,Netherlands,4.47,4.96,56.67,1.08,23.08,0,0,0,1.65,2.28,1.57,2,0.17,0,0,1.74,0.17,2,0.17,0.12,0,0,10,0.83,50,20,0.41,1.08,69.23,1.41,41.18,7.36,22.47,2.32,2.73,0.58,16.71,2.07,0.17,23.41,84.81,3.64,65.91,8.77,95.28,7.11,82.56,0.25,33.33,15.91,3.99,0.1,0.99,0.08,0,0.08,0,0.83,1.41,70.59,2.07,68,0.17,0,1.41,0.58,3.81,73.91,0,,0,,0,0,0,0,,,0,,
J. Zwart,AZ II,AZ II,RB,19,2171,1,0.99,1,1.43,Netherlands,10.41,7.88,55.79,2.2,50.94,0.7,0.89,0.29,5.31,6.71,1.08,6,0.25,0,0,1.53,0.04,1,0.04,0.04,0,0,11,0.46,45.45,9.091,0.04,1.95,25.53,1.04,80,4.35,44.76,1.78,1.78,0.25,26.82,2.07,0.66,36.44,79.75,10.45,65.08,7.63,93.48,13.14,86.44,3.07,37.84,19.82,35.37,0.06,0.83,0.08,0,0.08,0,0.37,3.9,69.15,1.58,39.47,0.41,10,0.66,0.5,6.8,57.93,0,,0,,0,0,0,0,,,0.75,,
W. Bouziane,AZ U19,AZ II,LAMF,19,1343,4,4.5,2,2.92,Netherlands,4.42,4.62,59.42,0.4,16.67,0.07,0.09,0,1.61,2.05,0.74,0,0,0,0,6.77,0.27,4,0.27,0.3,0,0,45,3.02,28.89,8.889,0.13,3.02,42.22,8.38,54.4,14.14,47.87,5.43,4.56,0.4,27.61,3.69,1.47,34.31,78.13,5.9,67.05,7.71,91.3,14.27,75.59,1.34,55,17.12,26.87,0.2,2.41,0,0.07,0.2,33.33,1.21,2.61,61.54,4.56,54.41,0.34,20,2.75,1.14,5.96,84.27,0,,0,,0,0,0,0,,,0.07,,
J. Schipper,AZ U19,AZ II,GK,19,619,0,0,0,0,Netherlands,1.02,0.15,0,0.73,100,0.15,0.18,0,0.87,1.1,0.15,1,0.15,0,0,0,0,0,0,0,0,0,0,0,0,0,0,0,0,0,0,0,0,0,0,0,13.52,0.15,0,20.94,84.72,11.78,76.54,0,0,8.29,94.74,6.98,58.33,30.26,52.19,0,0,0,0,0,0,0,1.45,40,0.15,0,0.15,100,0,0,6.25,65.12,12,1.74,35,5.09,1,65.71,11.04,1.6,-0.96,-0.14,0,2.62,0.73
J. Oerip,AZ II,AZ II,"AMF, CF, LDMF",19,930,1,1.44,3,1.58,Netherlands,6,5.81,61.67,1.45,40,0,0,0.29,2.42,2.84,0.97,1,0.1,0,0,2.81,0.1,1,0.1,0.14,0,0,24,2.32,37.5,4.167,0.29,0.77,37.5,2.81,41.38,6.97,33.33,2.23,1.45,0.39,27.77,0.68,0.68,38.52,82.91,12.39,71.88,7.35,98.68,13.06,85.93,4.45,52.17,19.73,32.08,0.15,1.65,0,0.1,0.48,100,0.77,6.58,66.18,3.29,67.65,1.16,50,2.03,0.29,5.81,91.67,0,,0,,0,0,0,0,,,0.39,,
F. Elkjær Andersen,AZ II,AZ II,"LB, LCB",18,971,1,0.27,1,1.01,Denmark,8.53,7.32,58.23,1.3,50,0,0,0.09,4.26,5.09,0.46,0,0,0,0,0.83,0.09,1,0.09,0.03,0,0,4,0.37,25,25,0.09,0.56,16.67,1.02,63.64,4.63,32,1.02,1.58,0.09,33.83,0.56,0.56,47.83,88.76,16.78,80.11,7.51,97.53,18.44,93.97,4.17,51.11,21.04,38.82,0.09,0.93,0.09,0,0,0,0.19,7.14,77.92,1.2,61.54,0.28,66.67,0.65,0.09,8.43,79.12,0,,0,,0,0,0,0,,,1.58,,
K. Zeggen,AZ II,AZ II,GK,19,1967,0,0,0,0,Netherlands,1.6,0.27,33.33,0.46,80,0.05,0.06,0,1.46,1.84,0.09,0,0,0,0,0,0,0,0,0,0,0,0,0,0,0,0,0,0,0,0,0,0,0,0,0,18.62,0.41,0.09,28.6,77.76,17.34,65.96,0,0,10.11,95.93,11.21,51.02,33.48,52.9,0,0,0,0,0.05,0,0,3.98,37.93,0.32,14.29,0.46,20,0.05,0,8.51,61.29,43,1.97,102,4.67,2,57.84,38.05,1.74,-4.95,-0.226,0,1.42,0.46
B. Budko,AZ U19,AZ II,"LDMF, LB, LCMF",20,1197,1,0.54,1,0.19,Ukraine,9.62,6.99,64.52,1.13,46.67,0.15,0.2,0.23,4.96,6.47,0.83,3,0.23,0,0,1.05,0.08,1,0.08,0.04,0,0,11,0.83,27.27,9.091,0.08,0.68,22.22,1.05,64.29,4.74,39.68,1.05,1.65,0.23,27.67,0.9,0.45,41.13,75.5,13.31,58.76,8.05,91.59,14.51,82.9,5.34,47.89,19.32,37.02,0.01,0.3,0.08,0.08,0,0,0.23,7.07,59.57,1.43,31.58,0.9,16.67,0.38,0.3,7.82,58.65,0,,0,,0,0,0,0,,,0.53,,
T. Kalinauskas,Roda JC,Roda JC,"LAMF, LW, LWF",26,337,2,0.96,0,0.27,Lithuania,4.54,4.54,23.53,2.4,22.22,0.53,0.72,0.27,2.94,3.98,1.87,3,0.8,0,0,5.07,0.53,2,0.53,0.26,1,0.27,6,1.6,83.33,33.333,0,4.81,27.78,4.81,50,12.82,35.42,2.67,2.94,0,23.77,0.27,1.87,29.64,74.77,7.74,62.07,7.21,92.59,9.08,64.71,1.34,20,15.76,22.69,0.07,1.6,0,0,0,0,0.27,2.94,72.73,3.2,41.67,0,0,0.53,1.34,4.01,80,0,,0,,0,0,0,0,,,0.27,,
T. Rafi Wolters,Den Bosch,Den Bosch,CF,19,242,2,1.85,0,0.04,Netherlands,5.21,5.58,53.33,7.81,38.1,0.37,0.56,0,1.86,2.78,2.98,1,0.37,0,0,1.86,0.74,1,0.37,0.69,0,0,7,2.6,57.14,28.571,0,0.37,0,0.37,100,3.35,22.22,5.21,0.74,0.37,7.81,1.49,0.74,11.16,70,1.86,60,4.09,90.91,2.98,62.5,0,0,10.95,0,0.01,0.37,0.37,0,0,0,0.37,1.12,100,0.37,0,0,0,0,0,1.12,66.67,0,,0,,0,0,0,0,,,0,,
Z. El Bakkali,Den Bosch,Den Bosch,"LCMF, RCMF, LDMF",20,626,0,0.87,0,0.32,Netherlands,8.05,6.76,51.06,3.16,40.91,0.58,0.77,0.43,4.03,5.38,2.3,4,0.58,0,0,1.73,0,0,0,0.12,0,0,10,1.44,40,0,0,0.72,40,1.58,54.55,6.61,45.65,1.44,0.72,0.14,21.71,1.01,1.01,35.22,73.47,14.09,56.12,5.18,91.67,10.06,82.86,4.17,51.72,19,24.64,0.05,0.72,0,0,0,0,0.29,5.89,68.29,2.59,55.56,0.43,66.67,0.86,0.29,7.04,63.27,0,,0,,0,0,0,0,,,1.44,,
F. de Bruin,ADO Den Haag,ADO Den Haag,"LDMF, LCMF, LAMF",22,339,0,0.81,0,0.73,Netherlands,8.76,7.43,57.14,2.12,37.5,1.06,2,0,3.45,6.5,1.33,1,0.27,0,0,1.33,0,0,0,0.21,0,0,10,2.65,20,0,0,0.27,0,1.33,60,5.31,45,2.39,1.33,0,29.73,1.33,0.27,43.01,83.95,13.01,71.43,10.35,94.87,11.68,93.18,3.45,61.54,16.58,16.37,0.19,1.86,0,0,0,0,0.53,6.37,87.5,2.39,55.56,0.53,100,1.06,0,5.04,78.95,0,,0,,0,0,0,0,,,1.86,,
M. Laros,Den Bosch,Den Bosch,"LCMF, LDMF",20,3258,1,0.81,1,2.62,Netherlands,8.73,5.77,63.16,3.09,56.25,0.25,0.3,0.47,4.83,5.84,0.58,1,0.03,0,0,1.22,0.03,1,0.03,0.02,0,0,25,0.69,24,4,0.03,1.22,50,0.47,82.35,2.49,47.78,0.97,1.02,0.19,21.24,0.75,0.64,35.58,79.11,14.01,68.05,5.75,93.75,11.22,88.18,4.56,55.15,19.99,32.14,0.07,0.44,0.03,0,0.19,28.57,0.3,6.16,63.23,2.43,56.82,1.05,34.21,0.94,0.61,8.45,70.26,0,,0,,0,0,0,0,,,1.3,,
I. Boumassaoudi,Den Bosch,Den Bosch,"LAMF, LCMF, LWF",21,1602,10,8.58,0,1.5,Netherlands,5.06,4.66,66.27,2.02,41.67,0.22,0.29,0.06,1.74,2.22,0.56,4,0.22,0,0,3.65,0.56,9,0.51,0.48,0,0,58,3.26,53.45,17.241,0,1.07,36.84,2.58,52.17,7.87,34.29,4.21,1.35,0,17.98,1.97,0.56,25.67,78.34,6.8,61.16,7.98,95.77,6.57,77.78,2.08,37.84,17.3,19.28,0.08,0.67,0,0,0.28,60,0.28,3.09,61.82,2.3,56.1,0.67,33.33,1.24,0.45,4.33,74.03,0,,0,,0,0,0,0,,,0.45,,
L. Van Koeverden,Den Bosch,Den Bosch,RCB,20,560,0,0,0,0,Netherlands,10.13,5.95,72.97,3.7,43.48,0.32,0.41,0.64,5.46,7.03,0.48,0,0,0,0,0,0,0,0,0,0,0,0,0,0,0,0,0.32,0,0,0,0.16,100,0.16,0.8,0.32,30.86,0.16,0.48,45.32,89.72,18.8,85.47,3.21,95,18.8,93.16,3.05,42.11,18.27,24.98,0,0,0,0,0,0,0,7.39,73.91,0.48,0,0.8,40,0,0,7.87,81.63,0,,0,,0,0,0,0,,,2.57,,
E. Semedo,Den Bosch,Den Bosch,"RWF, RW, RAMF",23,1454,2,2.02,3,1.71,Netherlands,6.62,7.18,56.9,4.39,38.03,0,0,0.25,2.54,3.01,1.55,2,0.12,0,0,2.72,0.12,2,0.12,0.12,1,0.06,14,0.87,35.71,14.286,0.19,1.8,13.79,4.46,48.61,10.83,35.43,2.54,2.97,0.5,14.24,2.41,1.3,20.49,66.47,7.18,56.9,4.15,89.55,4.95,62.5,1.18,31.58,16.45,13.53,0.11,0.74,0,0,0.06,0,0.56,2.72,54.55,3.16,41.18,0.06,0,0.87,0.31,4.09,72.73,0,,0,,0,0,0,0,,,0.06,,
M. Hokke,ADO Den Haag,ADO Den Haag,"RCB, LB, LCB",22,2110,1,2.15,4,3.99,Netherlands,9.26,7.38,75.14,4.31,47.52,0.6,0.92,0.26,3.11,4.78,0.98,3,0.13,0,0,1.71,0.04,1,0.04,0.09,0,0,31,1.32,25.81,3.226,0.17,1.19,46.43,1.32,58.06,3.54,46.99,1.71,2.22,0.13,47.13,0.73,0.47,65.82,89.89,25.93,82.4,6.53,96.73,25.34,95.79,5.72,63.43,19.85,39.34,0.17,0.77,0.09,0.09,0.09,50,0.47,8.7,78.43,2.47,50,0.55,23.08,1.15,0.47,11.52,78.52,0,,0,,0,0,0,0,,,3.2,,
G. Sillé,Den Bosch,Den Bosch,"LW, LWF, CF",24,816,2,1.62,0,0.37,Netherlands,4.19,4.63,42.86,2.1,21.05,0,0,0.11,2.21,2.71,0.77,0,0,0,0,4.08,0.22,2,0.22,0.18,1,0.11,20,2.21,30,10,0,3.42,25.81,4.74,53.49,9.26,38.1,2.87,2.32,0.22,13.35,1.65,0.88,16.32,65.54,2.98,51.85,4.3,87.18,6.18,55.36,1.1,50,18.3,11.6,0.04,0.33,0.22,0,0.11,0,0.11,0.66,50,3.31,36.67,0.22,0,0.66,0.99,2.87,57.69,0,,0,,0,0,0,0,,,0.11,,
J. Bal,ADO Den Haag,ADO Den Haag,CF,19,1318,8,9.02,3,1.4,Netherlands,3.48,4.64,51.47,4.44,35.38,0.14,0.24,0,0.96,1.65,2.12,2,0.14,0,0,1.71,0.55,8,0.55,0.62,2,0.14,37,2.53,48.65,21.622,0.2,0.55,12.5,1.09,37.5,10.58,23.87,6.21,1.02,0.07,11.54,1.91,0.55,17.89,71.76,3.21,61.7,5.05,86.49,4.51,65.15,0.27,50,14.86,5.13,0.1,1.09,0,0,0,0,0.61,1.43,61.9,1.09,50,0.07,0,1.37,0.07,1.16,70.59,0,,0,,0,0,0,0,,,0,,
I. de Ruijter,ADO Den Haag,ADO Den Haag,"LAMF, LW, LWF",19,1410,2,2.39,0,2.09,Netherlands,4.91,4.66,63.01,1.85,31.03,0.06,0.1,0.19,1.91,2.99,0.7,2,0.13,0,0,3.83,0.13,2,0.13,0.15,0,0,23,1.47,43.48,8.696,0,2.68,38.1,3.26,62.75,9.7,46.71,3.89,2.17,0.19,21.32,2.94,1.85,28.02,78.82,4.85,67.11,9.06,95.77,8.55,76.87,1.15,55.56,16.74,16.51,0.13,1.47,0.06,0.06,0.19,66.67,0.64,2.23,71.43,3.19,66,0.38,66.67,2.17,1.09,4.21,92.42,0,,0,,0,0,0,0,,,0.26,,
N. de Groot,Den Bosch,Den Bosch,LB,24,3466,4,3.85,3,1.67,Netherlands,9.82,7.09,67.77,2.96,38.6,0.31,0.38,0.42,4.7,5.68,0.62,4,0.1,0,0,0.78,0.1,4,0.1,0.1,3,0.08,15,0.39,53.33,26.667,0.08,1.38,20.75,0.44,64.71,1.92,52.7,1.35,0.75,0.21,15.89,1.35,0.88,25.08,79.4,9.22,70.14,4.88,96.28,7.35,81.27,2.47,47.37,20.01,31.79,0.04,0.39,0,0,0,0,0.23,2.41,66.67,1.22,42.55,0.1,25,0.44,0.34,4.62,61.24,0,,0,,0,0,0,0,,,0.93,,
S. Karlsson Grach,Den Bosch,Den Bosch,CF,24,1155,3,5.06,1,0.32,Sweden,2.42,3.12,42.5,8.26,42.45,0,0,0.08,1.09,1.27,2.1,1,0.08,0,0,1.56,0.23,3,0.23,0.39,1,0.08,31,2.42,45.16,9.677,0.08,0.31,25,0.78,50,11.06,26.76,3.27,0.55,0,8.81,1.95,1.71,14.18,74.73,3.66,65.96,3.74,81.25,2.42,83.87,0.23,33.33,12.12,4.76,0.03,0.23,0,0,0,0,0.16,0.7,55.56,0.55,71.43,0,0,0.39,0.08,0.94,50,0,,0,,0,0,0,0,,,0.16,,
K. Nikiema,ADO Den Haag,ADO Den Haag,GK,22,3460,0,0,0,0,Netherlands,1.4,0.05,100,0.29,100,0.03,0.04,0,1.33,2.05,0,2,0.05,0,0,0.03,0,0,0,0,0,0,0,0,0,0,0,0,0,0.03,100,0.13,60,0,0,0,24.53,0.55,0.16,33.06,86.7,18.99,79.18,0.03,100,12.12,97.21,13.06,68.92,30.92,47.52,0,0,0,0,0,0,0,2.13,48.78,0.29,36.36,0.31,33.33,0.05,0,9.05,71.84,34,0.88,110,2.86,15,69.09,31.25,0.81,-2.75,-0.072,0,1.07,0.29
P. van de Merbel,Den Bosch,Den Bosch,GK,24,3674,0,0,0,0,Netherlands,1.15,0.05,0,0.32,69.23,0.05,0.06,0,1.1,1.32,0.02,2,0.05,0,0,0.02,0,0,0,0,0,0,0,0,0,0,0,0,0,0.02,100,0.07,66.67,0,0,0,21.34,0.34,0.02,31.77,79.11,21.53,70.19,0,0,9.31,97.89,16.76,62.13,36.72,50.66,0,0,0,0,0,0,0,4.36,39.89,0.27,9.09,0.47,10.53,0.02,0,12.03,77.39,69,1.69,227,5.56,5,69.6,63.68,1.56,-5.32,-0.13,0,2.01,0.32
R. Fage,RKC Waalwijk,RKC Waalwijk,"LW, CF, RAMF",22,512,3,0.92,3,2.14,France,7.03,7.21,73.17,0.88,0,0,0,0,1.76,2.19,1.05,2,0.35,0,0,2.64,0.53,3,0.53,0.16,0,0,7,1.23,42.86,42.857,0.53,1.76,30,4.57,30.77,13.89,25.32,2.46,4.92,1.41,30.06,1.58,0.88,39.2,80.72,14.41,75.61,7.73,93.18,9.49,77.78,3.52,65,18.98,28.73,0.38,2.81,0.18,0.18,0.35,50,1.23,7.03,77.5,4.75,59.26,0.88,40,3.69,0.53,7.73,86.36,0,,0,,0,0,0,0,,,0.18,,
M. Witteveen,RKC Waalwijk,RKC Waalwijk,"LW, LB, RW",22,409,0,0.79,0,0.09,Netherlands,10.78,9.02,78.05,2.64,41.67,0.22,0.27,0,3.52,4.29,0.66,0,0,0,0,1.1,0,0,0,0.17,0,0,8,1.76,12.5,0,0,1.1,20,1.98,33.33,7.26,42.42,2.2,2.64,0.44,21.12,1.1,2.2,28.61,76.92,8.58,56.41,7.26,90.91,6.6,93.33,2.2,50,15.1,7.49,0.02,0.22,0,0,0,0,0.22,2.2,40,1.1,40,0,0,0.44,0.22,4.84,50,0,,0,,0,0,0,0,,,0.66,,
H. Kuster,RKC Waalwijk,RKC Waalwijk,"LCMF, CF, AMF",20,2096,10,4.82,2,2.2,Netherlands,7.56,5.5,68.75,1.59,35.14,0.3,0.37,0.6,3.48,4.29,0.64,2,0.09,0,0,1.46,0.43,10,0.43,0.21,0,0,42,1.8,38.1,23.81,0.09,0.56,38.46,1.59,32.43,8.5,38.89,2.19,1.55,0.09,21,0.73,2.19,29.46,80.76,8.59,64,6.35,93.92,9.4,89.04,1.8,40.48,16.37,22.91,0.09,0.64,0.04,0.04,0.09,50,0.43,4.08,65.26,1.5,31.43,0.3,14.29,0.6,0.21,4.29,66,0,,0,,0,0,0,0,,,0.6,,
T. Van Der Leij,RKC Waalwijk,RKC Waalwijk,CF,20,1373,13,10.36,1,0.83,Netherlands,4.72,4,59.02,8.65,30.3,0.2,0.24,0.13,2.16,2.61,2.1,4,0.26,0,0,2.56,0.85,13,0.85,0.68,2,0.13,56,3.67,48.21,23.214,0.07,0.33,20,2.23,29.41,12.32,26.06,5.9,1.77,0.33,15.01,3.47,0.79,20.45,78.53,3.8,70.69,5.83,86.52,6.29,81.25,0.92,64.29,13.2,10.56,0.05,0.72,0,0,0.07,100,0.33,1.64,68,0.52,62.5,0.13,50,0.79,0,1.64,64,0,,0,,0,0,0,0,,,0.07,,
N. Held,RKC Waalwijk,RKC Waalwijk,"LB, RB",20,2526,4,5.92,3,3.33,Curaçao,10.97,7.48,65.24,3.95,56.76,0.36,0.43,0.5,5.74,6.88,1.28,4,0.14,0,0,1.96,0.14,4,0.14,0.21,1,0.04,40,1.43,27.5,10,0.11,1.92,40.74,1.43,52.5,4.24,43.7,1.71,1.28,0.36,27.04,1.39,0.78,37.27,79.06,14.47,68.97,6.56,95.11,11.12,79.17,3.71,58.65,18.89,31.3,0.12,0.68,0.04,0.04,0.04,100,0.53,4.85,69.12,2.71,44.74,0.21,33.33,0.53,0.82,8.05,70.8,0,,0,,0,0,0,0,,,0.64,,
R. van Hedel,RKC Waalwijk,RKC Waalwijk,"LW, RCMF, LAMF",21,891,1,1.11,1,1.24,Netherlands,6.36,5.66,50,1.21,16.67,0.3,0.34,0.3,3.23,3.62,1.41,0,0,1,0.1,1.21,0.1,1,0.1,0.11,0,0,12,1.21,16.67,8.333,0.1,0.91,22.22,1.62,43.75,7.07,20,1.11,1.31,0.61,19.39,0.61,0.71,25.86,81.64,6.57,70.77,5.86,89.66,8.59,81.18,1.11,45.45,17.35,17.21,0.12,0.81,0,0,0.1,100,0.61,3.33,78.79,0.91,22.22,0.2,50,0.3,0.3,3.23,53.13,0,,0,,0,0,0,0,,,0.4,,
J. Uneken,RKC Waalwijk,RKC Waalwijk,CF,21,2740,14,17.93,3,3.71,Netherlands,5.19,3.38,59.22,8.7,55.85,0.46,0.56,0.16,2.73,3.3,1.51,5,0.16,0,0,1.45,0.46,12,0.39,0.59,5,0.16,83,2.73,39.76,16.867,0.1,0.26,25,0.49,53.33,4.66,35.21,4.17,0.23,0,14.03,2.3,1.64,20.66,70.91,4.93,48.67,6.34,89.64,5.03,71.9,1.05,40.63,14.98,16.16,0.12,0.82,0.1,0,0.1,33.33,0.39,2.14,52.31,0.92,53.57,0.2,33.33,1.12,0.07,2.3,58.57,0,,0,,0,0,0,0,,,0.13,,
N. Schiks,PSV,PSV II,GK,22,1924,0,0,0,0,Netherlands,1.82,0.09,50,0.37,87.5,0,0,0,1.78,2.24,0,1,0.05,0,0,0,0,0,0,0,0,0,0,0,0,0,0,0,0,0,0,0.09,100,0,0,0,23.11,0.28,0.19,36.3,86.34,20.86,79.37,0,0,14.27,95.41,13.61,67.01,31.04,47.65,0,0,0,0,0,0,0.05,2.57,54.55,0.05,0,0.19,25,0,0,10.43,73.09,30,1.4,124,5.8,4,75.81,29.2,1.37,-0.8,-0.037,0,1.64,0.37
O. Achouitar,Vitesse U19,Vitesse,LCB,20,2218,1,0.9,3,1.21,Netherlands,8.32,5.96,70.07,2.39,35.59,0.08,0.1,0.53,4.06,4.96,0.41,1,0.04,0,0,1.38,0.04,1,0.04,0.04,0,0,10,0.41,30,10,0.12,1.01,24,1.46,66.67,4.87,53.33,0.49,3.21,0.65,29.86,0.49,0.49,46.22,84.11,17.25,71.06,5.68,96.43,18.02,91.89,7.51,53.51,22.07,38.73,0.05,0.45,0,0.04,0.08,50,0.2,6.05,65.1,1.46,41.67,0.61,26.67,0.41,0.28,8.2,66.34,0,,0,,0,0,0,0,,,3.37,,
M. Van de Wiel,TOP Oss,TOP Oss,"RCB, LCB",20,494,0,0.06,0,0.12,Netherlands,8.38,4.01,77.27,2.91,50,0,0,0.18,5.28,5.76,0.36,0,0,0,0,0.36,0,0,0,0.01,0,0,1,0.18,100,0,0,0.18,0,0.36,50,1.09,66.67,0.73,0.18,0,21.13,0,0.55,36.98,84.24,15.67,69.77,3.83,100,14.21,94.87,6.38,54.29,21.51,33.55,0.02,0.18,0,0,0,0,0.18,4.01,63.64,1.28,42.86,0.73,50,0.55,0,6.19,70.59,0,,0,,0,0,0,0,,,2.73,,
J. Pawaridihadjo,MVV,MVV,"CF, LW, LWF",19,458,2,1.05,1,0.71,Netherlands,6.09,5.9,60,2.55,38.46,0.59,0.62,0,1.97,2.07,1.38,1,0.2,0,0,1.77,0.39,2,0.39,0.21,0,0,5,0.98,40,40,0.2,0.79,25,3.73,31.58,13.17,17.91,2.36,0.98,0,10.02,2.36,0.98,12.97,75.76,2.36,50,5.11,80.77,2.75,85.71,0.2,0,13.33,3.7,0.14,0.39,0,0,0,0,0.39,0.98,80,0.2,0,0,0,0.59,0.2,0.79,75,0,,0,,0,0,0,0,,,0,,
A. Zaian,MVV,MVV,"LCB, RCB",21,1251,0,0.13,0,0.29,Netherlands,10.43,6.91,69.79,3.67,60.78,0.36,0.4,1.37,5.25,5.84,0.72,3,0.22,1,0.07,0,0,0,0,0.01,0,0,3,0.22,0,0,0,0.07,0,0,0,0.36,40,0.43,0.22,0,30.94,0,0.14,46.47,88.39,16.55,78.26,4.24,93.22,21.65,95.35,4.32,60,19.8,30.04,0.02,0.07,0.07,0.07,0,0,0,4.32,71.67,0.29,0,0.14,0,0.14,0,8.27,73.91,0,,0,,0,0,0,0,,,3.45,,
A. Amgar,MVV,MVV,"AMF, LCMF, CF",17,313,0,0.44,0,0.17,Belgium,8.63,8.63,53.33,2.59,11.11,0.86,0.88,0,3.16,3.24,1.73,0,0,0,0,1.44,0,0,0,0.13,0,0,1,0.29,0,0,0,0.86,33.33,3.45,33.33,11.21,20.51,1.15,0.58,0,18.12,1.73,0,23.29,76.54,5.75,60,6.33,95.45,8.91,77.42,1.15,25,15.25,12.4,0.05,0.29,0,0,0,0,0.29,2.88,60,1.73,16.67,0.86,33.33,0.29,0,2.3,25,0,,0,,0,0,0,0,,,0,,
M. Hinoke,TOP Oss,TOP Oss,"LAMF, LWF, LW",21,2712,9,6.56,2,2.93,Netherlands,3.75,4.45,44.78,1.89,33.33,0.13,0.16,0.1,1.63,1.91,1.63,9,0.3,0,0,4.28,0.3,9,0.3,0.22,0,0,74,2.46,29.73,12.162,0.07,2.39,38.89,4.78,54.17,11.35,43.57,2.92,2.65,0.43,17.22,2.06,2.26,23.23,74.14,5.74,63.58,5.84,92.05,7.13,73.49,1.63,42.86,16.65,24.07,0.1,0.86,0.1,0,0.27,12.5,0.5,2.22,70.15,2.59,46.15,0.63,26.32,0.9,1.03,4.08,71.54,0,,0,,0,0,0,0,,,0.17,,
L. Mol,TOP Oss,TOP Oss,"RCMF, AMF",21,1527,0,2.31,2,1.44,Netherlands,7.72,6.42,58.72,3.12,47.17,0.29,0.33,0.35,3.65,4.13,0.94,4,0.24,0,0,1.36,0,0,0,0.14,0,0,20,1.18,25,0,0.12,1.47,52,0.83,35.71,3.83,27.69,1.71,0.59,0.06,13.38,1.3,0.71,24.17,75.61,8.37,61.97,5.6,91.58,5.89,76,2.36,55,17.57,24.78,0.09,0.59,0,0,0.06,0,0.41,3.48,66.1,1.83,54.84,0.12,0,0.59,0.59,4.01,75,0,,0,,0,0,0,0,,,0.53,,
T. de Jong,MVV,MVV,"CF, LCMF, AMF",21,375,1,1.96,0,0.92,Netherlands,4.32,2.88,50,10.08,33.33,0,0,0.48,2.88,3.64,0.72,1,0.24,0,0,1.44,0.24,1,0.24,0.47,0,0,13,3.12,38.46,7.692,0,0.24,0,0.24,100,3.36,35.71,4.08,0.24,0,12,2.16,1.2,16.8,72.86,4.56,36.84,3.36,85.71,4.56,78.95,1.68,42.86,16.56,19.63,0.22,1.44,0,0,0.24,0,0.96,1.68,14.29,0.96,25,0.48,50,1.68,0,1.44,50,0,,0,,0,0,0,0,,,0,,
M. Erkan,TOP Oss,TOP Oss,"RAMF, RW, RWF",21,1206,3,2.5,3,3,Netherlands,4.33,4.1,54.55,3.43,21.74,0.07,0.08,0.22,2.01,2.25,1.42,1,0.07,0,0,4.78,0.22,3,0.22,0.19,1,0.07,21,1.57,23.81,14.286,0.22,4.85,41.54,3.88,61.54,8.06,39.81,3.43,2.01,0.3,12.61,2.84,0.6,18.96,66.14,4.85,52.31,4.33,94.83,5.9,55.7,1.27,35.29,18.81,18.6,0.22,1.12,0.07,0.07,0,0,0.9,1.34,72.22,3.81,52.94,0,0,0.67,1.94,3.88,73.08,0,,0,,0,0,0,0,,,0.07,,
Y. Marhoum,TOP Oss,TOP Oss,CF,22,382,1,1.33,0,0.26,Netherlands,1.41,1.65,28.57,8.25,20,0,0,0.24,0.94,1.33,1.65,1,0.24,0,0,1.41,0.24,0,0,0.31,0,0,4,0.94,25,25,0,0.71,66.67,0.71,100,8.01,26.47,2.83,0.24,0,7.77,2.36,1.41,10.84,78.26,2.59,63.64,2.12,77.78,1.88,75,0,0,9.8,0,0.06,0.47,0,0,0,0,0.24,0.94,75,0.71,66.67,0,0,0.71,0.47,0.94,75,0,,0,,0,0,0,0,,,0,,
M. Mariani,TOP Oss,TOP Oss,"LCB, RCB",21,1394,2,0.73,1,0.06,Netherlands,7.68,5.62,58.62,4.52,47.14,0.06,0.08,0.71,4.33,5.36,1.16,4,0.26,0,0,0.39,0.13,2,0.13,0.05,2,0.13,5,0.32,60,40,0.06,0.13,50,0.06,100,1.1,82.35,0.65,1.42,0.45,31.51,0.06,1.74,47.07,89.16,15.95,74.9,4.65,98.61,21.43,96.99,5.68,56.82,19.37,30.15,0,0.06,0,0,0.13,50,0,5.55,69.77,0.39,33.33,0.32,20,0.19,0.06,7.42,75.65,0,,0,,0,0,0,0,,,3.29,,
M. de Lannoy,TOP Oss,TOP Oss,"RB, LB, RW",22,1970,1,1.9,3,1.45,Netherlands,6.76,6.62,46.9,2.19,45.83,0.41,0.47,0.37,3.24,3.73,0.73,1,0.05,0,0,2.1,0.05,1,0.05,0.09,0,0,10,0.46,30,10,0.14,1.96,34.88,1.92,66.67,3.93,44.19,1.55,1.83,0.82,15.62,1.42,0.41,25.17,76.41,9.73,63.38,5.03,94.55,7.63,86.23,4.48,52.04,20.68,26.85,0.07,0.46,0,0,0,0,0.27,2.7,59.32,1.32,51.72,0.27,33.33,0.37,0.64,5.21,64.91,0,,0,,0,0,0,0,,,1.6,,
K. de Wit,TOP Oss,TOP Oss,"AMF, RAMF, LCMF",22,464,3,3.02,0,0.38,Netherlands,4.66,4.66,37.5,3.3,41.18,0,0,0,2.91,3.72,1.75,1,0.19,0,0,1.94,0.58,3,0.58,0.59,1,0.19,9,1.75,55.56,33.333,0,0.78,0,3.69,26.32,9.31,27.08,3.3,1.55,0.39,9.5,0.78,1.36,17.84,75,6.98,75,2.52,100,3.1,87.5,0.97,40,14.87,10.48,0.07,0.78,0,0,0,0,0.19,1.75,100,0.97,40,0.19,0,0.39,0,3.3,70.59,0,,0,,0,0,0,0,,,0.19,,
I. Timas,MVV,MVV,"LAMF, LW, CF",23,2641,5,3,4,5.69,Netherlands,4.8,5.59,56.71,0.89,46.15,0,0,0,1.64,1.7,1.12,4,0.14,0,0,3.54,0.17,5,0.17,0.1,0,0,45,1.53,44.44,11.111,0.14,2.62,36.36,3.85,46.02,10.22,33,2.22,2.32,0.48,17.35,1.94,1.16,24.77,72.35,6.82,62,6.65,92.31,6.95,65.69,2.28,28.36,17.87,33.69,0.19,1.02,0,0,0.31,44.44,0.44,2.83,59.04,3.27,47.92,0.72,33.33,0.95,1.09,4.5,71.21,0,,0,,0,0,0,0,,,0.31,,
Q. Tran,MVV,MVV,RB,19,2547,0,0.71,1,0.65,Belgium,12.44,11.34,60.44,1.77,32,0.35,0.38,0.49,5.23,5.58,0.85,2,0.07,0,0,1.41,0,0,0,0.03,0,0,14,0.49,14.29,0,0.04,1.55,29.55,1.38,64.1,3.5,46.46,0.39,1.13,0.14,15.62,0.49,0.53,24.24,72.16,11.94,63.02,3,87.06,5.72,80.25,3.78,44.86,19.69,31.59,0.02,0.32,0.04,0.07,0.04,0,0.07,2.83,60,1.52,32.56,0.14,0,0.11,0.42,5.83,57.58,0,,0,,0,0,0,0,,,0.71,,
A. Beydts,MVV,MVV,LB,17,324,0,0.01,0,0.1,Belgium,11.94,9.72,54.29,0.28,0,0.83,0.89,0,5.83,6.24,2.78,0,0,0,0,2.22,0,0,0,0,0,0,1,0.28,0,0,0,3.33,33.33,1.94,57.14,4.17,46.67,0,1.39,0,27.22,1.11,0.83,38.33,72.46,15,64.81,6.11,77.27,10.83,74.36,5,50,18.8,39.59,0.03,0.56,0,0,0,0,0.56,4.72,82.35,3.06,54.55,0.28,100,0.83,0.83,11.11,60,0,,0,,0,0,0,0,,,0.83,,
M. Kuipers,MVV,MVV,"LW, RW, LAMF",19,813,1,1.6,0,0.96,Belgium,6.86,7.2,44.62,1.55,21.43,0.55,0.57,0,3.1,3.21,1.11,0,0,0,0,3.65,0.11,1,0.11,0.18,0,0,16,1.77,31.25,6.25,0,1.77,43.75,5.2,44.68,10.63,38.54,1.77,3.1,0.77,18.27,1.99,0.66,23.47,78.3,8.3,70.67,6.31,89.47,4.43,82.5,1.11,60,16.22,19.18,0.11,0.89,0,0,0.11,0,0.66,2.66,70.83,2.44,86.36,0.11,0,1.44,0.77,5.2,85.11,0,,0,,0,0,0,0,,,0,,
F. Dicke,MVV,MVV,"CB, RCB, DMF",21,1521,0,0.12,0,0.11,Netherlands,10.12,5.38,65.93,4.73,61.25,0.18,0.19,0.3,6.39,6.86,0.65,2,0.12,0,0,0.47,0,0,0,0.01,0,0,2,0.12,100,0,0,0.24,75,0.3,40,1.78,46.67,0.18,0.83,0,22.9,0.12,0.89,36.21,87.42,11.95,74.75,3.43,94.83,16.75,96.11,2.66,48.89,18.77,25.66,0.01,0.12,0,0,0.06,100,0,4.08,65.22,0.59,60,0.18,33.33,0.3,0.12,5.15,66.67,0,,0,,0,0,0,0,,,1.24,,
K. Sy,MVV,MVV,RB,20,1208,0,0.31,0,0,Belgium,11.92,9.76,61.83,2.46,51.52,0.97,1.02,0.3,4.92,5.16,1.34,4,0.3,0,0,1.19,0,0,0,0.02,0,0,5,0.37,0,0,0,1.27,23.53,1.64,50,3.73,40,0.6,0.97,0,23.02,0.45,0.67,34.12,77.51,16.99,69.3,4.99,98.51,7.23,79.38,4.25,47.37,17.85,30.19,0,0.07,0,0,0.07,100,0,5.22,71.43,1.27,41.18,0.15,50,0.45,0.3,8.49,62.28,0,,0,,0,0,0,0,,,1.49,,
D. Asante,MVV,MVV,"RW, RAMF, LAMF",26,1598,3,1.34,1,1.94,Netherlands,5.24,5.18,59.78,2.82,42,0.11,0.12,0.11,2.03,2.2,0.28,1,0.06,0,0,2.31,0.17,3,0.17,0.08,0,0,13,0.73,38.46,23.077,0.06,3.15,37.5,1.35,58.33,6.65,33.05,2.14,1.63,0.56,19.32,2.08,1.3,27.6,73.47,6.59,63.25,8,90.14,7.04,70.4,1.69,43.33,18.74,22.9,0.11,0.84,0.06,0,0.17,33.33,0.62,2.87,56.86,2.59,52.17,0.28,20,0.56,1.01,5.29,77.66,0,,0,,0,0,0,0,,,0.45,,
L. Miguel,TOP Oss,TOP Oss,RCB,25,2697,3,1.02,0,0.11,Netherlands,8.04,4.54,59.56,4.27,55.47,0.2,0.23,0.5,5.14,5.97,1.6,3,0.1,0,0,0.27,0.1,3,0.1,0.03,3,0.1,5,0.17,60,60,0,0.03,0,0.27,62.5,2.24,76.12,0.3,0.43,0.03,23.19,0.1,2.34,35.37,87.45,10.55,69.3,3.87,95.69,17.89,96.64,4.4,53.03,21.05,37.94,0,0.07,0.03,0,0,0,0.07,3.27,63.27,0.4,16.67,0.4,25,0.07,0,5.34,60.62,0,,0,,0,0,0,0,,,2.64,,
I. Breugelmans,MVV,MVV,RCB,25,2787,2,1.38,0,0.57,Belgium,9.46,5.33,67.27,4.36,51.85,0.23,0.23,1.13,5.65,5.87,1.13,6,0.19,0,0,0.39,0.06,1,0.03,0.04,0,0,6,0.19,33.33,16.667,0,0.32,30,0.26,75,1.42,52.27,0.45,0.58,0.03,28.13,0.13,0.71,43.05,85.6,17.73,71.04,4.81,97.99,17.86,97.11,5.04,50,21.28,30.95,0.02,0.23,0,0,0.06,50,0.06,4.13,66.41,0.61,26.32,0.32,10,0.19,0.1,7.78,59.75,0,,0,,0,0,0,0,,,3.71,,
J. Kuijpers,TOP Oss,TOP Oss,LB,21,2340,1,0.82,1,1.49,Netherlands,9.96,8.69,51.77,1.27,30.3,0.5,0.57,0.54,4.96,5.63,1.27,7,0.27,0,0,1.19,0.04,1,0.04,0.03,0,0,8,0.31,12.5,12.5,0.04,1.62,38.1,1,50,3.85,39,0.38,1.23,0.31,25.88,1.38,0.65,36.19,78.75,17.5,73.41,5.69,93.24,9.08,82.2,6.38,59.04,20.18,35.24,0.06,0.62,0.04,0.04,0.04,100,0.31,5.35,69.06,2.35,42.62,0.38,20,0.31,0.69,10,69.62,0,,0,,0,0,0,0,,,1.19,,
D. Vianello,TOP Oss,TOP Oss,"RDMF, LCB, LDMF",23,3249,2,2.45,4,3.55,Netherlands,8.12,5.07,59.56,2.96,54.21,0.22,0.26,1.02,4.88,5.64,0.94,6,0.17,0,0,0.64,0.06,2,0.06,0.07,0,0,32,0.89,15.63,6.25,0.11,0.72,26.92,0.47,52.94,2.22,47.5,0.58,0.94,0.14,20.58,0.53,0.89,35.12,81.78,12.71,68.19,6.23,94.67,11.66,89.55,5.35,54.4,20.72,37.25,0.1,0.8,0,0,0.08,66.67,0.22,5.68,64.88,1.36,48.98,0.58,28.57,0.5,0.19,6.15,67.12,0,,0,,0,0,0,0,,,1.44,,
W. Coomans,MVV,MVV,LCB,24,2635,0,1.11,0,0.38,Belgium,9.6,5.84,69.01,3.72,47.71,0.44,0.45,0.89,5.12,5.17,1.23,8,0.27,0,0,0.27,0,0,0,0.04,0,0,12,0.41,16.67,0,0,0.27,37.5,0.1,66.67,1.09,53.13,0.31,0.85,0.03,27.67,0.03,0.51,41.77,85.2,19.47,75.96,2.97,96.55,15.68,95.64,5.84,56.73,21.88,41.59,0.01,0.2,0.03,0,0.07,50,0.14,6.59,67.36,0.92,33.33,0.61,44.44,0.17,0.1,8.91,70.5,0,,0,,0,0,0,0,,,1.84,,
K. Scheepens,Willem II,Willem II,RB,19,309,0,0,0,0.35,Netherlands,9.32,9.9,52.94,0.87,33.33,0.29,0.29,0,3.79,3.71,0.87,1,0.29,0,0,1.46,0,0,0,0,0,0,1,0.29,0,0,0,2.04,42.86,1.46,40,3.5,58.33,0.58,2.04,0.29,18.93,0.58,0.87,31.17,72.9,10.19,57.14,5.83,95,11.36,74.36,3.79,38.46,16.71,25.56,0.1,1.17,0,0,0,0,0.87,4.66,56.25,1.75,66.67,0,0,0.87,0.58,8.45,68.97,0,,0,,0,0,0,0,,,0.29,,
S. Baartmans,Willem II,Willem II,CF,20,660,1,2.13,0,0.44,Netherlands,4.23,3.14,56.52,9.95,45.21,0.27,0.36,0.14,2.18,2.86,1.23,1,0.14,0,0,1.77,0.14,1,0.14,0.29,0,0,15,2.05,33.33,6.667,0,0.82,50,0.95,71.43,9.68,39.44,3.55,0.68,0,9.68,3,2.32,17.45,71.88,3.95,51.72,5.18,86.84,4.77,74.29,0.41,66.67,13.23,6.68,0.06,0.82,0,0,0,0,0.14,1.5,54.55,0.82,16.67,0,0,0.27,0.27,1.64,50,0,,0,,0,0,0,0,,,0.14,,
R. Van Asten,Dordrecht,Dordrecht,"AMF, RCMF",18,1432,1,2.64,0,0.62,Netherlands,7.42,6.35,63.37,2.07,36.36,0.44,0.55,0.25,2.95,3.71,1.13,3,0.19,0,0,1.57,0.06,1,0.06,0.17,0,0,21,1.32,23.81,4.762,0,1.01,43.75,1.38,59.09,4.21,40.3,2.33,1.07,0.06,17.91,1.07,0.5,26.77,80.75,7.42,68.64,5.59,94.38,8.86,85.82,2.01,56.25,16.96,19.57,0.04,0.31,0,0.06,0,0,0.19,2.7,67.44,1.13,50,0.13,0,0.5,0.38,4.4,68.57,0,,0,,0,0,0,0,,,0.38,,
S. Bae,Dordrecht,Dordrecht,"RCMF, RDMF",19,1507,1,1.56,1,0.88,Korea Republic,11.47,8,68.66,3.82,40.63,1.49,1.95,0.24,4.48,5.86,1.55,4,0.24,0,0,1.55,0.06,1,0.06,0.09,0,0,11,0.66,45.45,9.091,0.06,0.72,8.33,1.79,66.67,6.09,51.96,0.9,1.37,0.06,22.16,0.48,1.91,34.22,80.63,11.65,70.26,4.9,93.9,11.53,87.56,2.93,48.98,17.13,25.15,0.05,0.54,0.12,0,0.18,0,0.3,5.55,61.29,1.25,38.1,0.48,25,0.66,0.12,5.14,75.58,0,,0,,0,0,0,0,,,0.72,,
K. de Leeuw,Willem II,Willem II,GK,22,289,0,0,0,0,Netherlands,1.25,0.31,0,0.62,50,0.31,0.38,0,0.93,1.14,0,1,0.31,0,0,0,0,0,0,0,0,0,0,0,0,0,0,0,0,0,0,0,0,0,0,0,19,0.31,0,24.29,74.36,19.62,69.84,0,0,4.67,93.33,17.75,64.91,43.24,51.69,0,0,0,0,0,0,0,4.36,57.14,0,0,0.62,50,0,0,13.39,81.4,2,0.62,10,3.11,1,80,3.29,1.02,1.29,0.402,0,0.93,0.62
P. Van Loon,Willem II,Willem II,"LB, RB",21,969,1,1.47,1,0.46,Netherlands,10.22,9.47,56.86,2.04,36.36,0.28,0.31,0.19,4.55,5.14,1.02,0,0,0,0,2.6,0.09,1,0.09,0.14,0,0,9,0.84,22.22,11.111,0.09,2.51,40.74,2.51,51.85,6.97,38.67,1.58,1.58,0.09,24.06,0.65,1.39,33.99,81.15,9.29,65,8.27,98.88,11.52,82.26,4.18,51.11,20.42,24.19,0.04,0.56,0,0.19,0.09,100,0.28,2.69,72.41,2.69,41.38,0.19,50,0.37,1.11,6.87,74.32,0,,0,,0,0,0,0,,,1.11,,
J. Mathijsen,Willem II,Willem II,"RB, LCB",18,440,0,0.01,0,0.12,Netherlands,10.84,8.8,62.79,2.86,28.57,0.61,0.66,0.41,4.7,5.04,1.43,3,0.61,0,0,0.41,0,0,0,0,0,0,1,0.2,0,0,0,0.2,0,0.61,66.67,4.3,61.9,0.2,1.02,0,26.39,0.82,1.64,35.59,87.36,15.14,75.68,5.52,96.3,11.66,98.25,3.48,64.71,22.28,33.65,0.02,0.2,0,0,0,0,0,3.48,88.24,0.82,75,0,0,0.61,0,7.57,64.86,0,,0,,0,0,0,0,,,0.2,,
Do-Young Yun,Dordrecht,Dordrecht,"RWB, AMF",19,1127,1,2.03,1,2.87,Korea Republic,7.27,7.67,51.04,0.64,12.5,0.16,0.2,0.24,3.19,4,1.52,5,0.4,1,0.08,2.8,0.08,1,0.08,0.16,0,0,22,1.76,36.36,4.545,0.08,1.52,26.32,3.27,46.34,8.86,45.05,2.48,2.24,0,21.4,1.2,1.84,27.39,78.43,7.91,71.72,7.51,93.62,6.63,75.9,1.52,36.84,16.55,29.48,0.23,1.68,0,0.08,0.24,100,0.32,2.48,67.74,2.48,54.84,0.48,50,1.12,0.48,4.55,59.65,0,,0,,0,0,0,0,,,0.32,,
J. Plug,Dordrecht,Dordrecht,LCB,21,1330,1,1.51,0,0.47,Netherlands,10.56,7.78,61.74,1.83,40.74,0.54,0.67,0.41,5.21,6.49,0.88,2,0.14,0,0,1.08,0.07,1,0.07,0.1,0,0,18,1.22,44.44,5.556,0,1.02,26.67,0.34,80,0.74,63.64,1.08,1.02,0.14,41.75,0.41,0.14,59.62,86.04,26.93,77.39,4.94,98.63,22.53,91.89,7.24,45.79,21.88,42.07,0.03,0.47,0,0,0,0,0.14,9.14,74.07,2.1,45.16,0.68,40,0.74,0.34,13.33,78.17,0,,0,,0,0,0,0,,,1.96,,
G. Besselink,Willem II,Willem II,"DMF, LCMF, RCMF",21,2968,0,0.66,1,1,Netherlands,7.52,5.76,64.74,2.88,43.16,0.09,0.1,0.24,3.7,4.08,1.12,4,0.12,0,0,0.45,0,0,0,0.02,0,0,7,0.21,28.57,0,0.03,0.3,60,0.24,75,2.67,62.5,0.33,0.73,0.06,23.14,0.15,1.82,34.27,85.31,10.89,69.64,6.16,97.04,12.55,92.51,4.09,51.85,19.32,34.22,0.03,0.18,0.03,0.03,0.06,50,0.12,5.76,73.68,0.91,60,0.33,63.64,0.36,0.18,5.09,70.83,0,,0,,0,0,0,0,,,0.82,,
A. Ćulum,Willem II,Willem II,"LW, LAMF, RW",22,1089,4,3.08,3,2.23,Sweden,4.46,5.37,52.31,0.99,25,0,0,0.17,1.65,1.82,0.74,2,0.17,0,0,3.72,0.33,4,0.33,0.25,0,0,25,2.07,48,16,0.25,1.57,36.84,3.55,58.14,7.11,44.19,1.98,2.4,0.33,19.42,1.16,0.99,25.87,82.43,7.02,65.88,7.69,96.77,6.94,79.76,1.4,35.29,17.44,18.42,0.18,0.74,0.08,0,0.17,50,0.58,2.4,79.31,2.48,63.33,0.5,50,0.83,0.66,3.72,68.89,0,,0,,0,0,0,0,,,0.58,,
N. Rossi,Dordrecht,Dordrecht,"LAMF, LWB, RWB",24,1430,0,2.09,4,2.65,Uruguay,6.67,7.62,54.55,0.94,0,0.5,0.66,0,2.01,2.66,1.45,5,0.31,0,0,7.8,0,0,0,0.13,0,0,38,2.39,21.05,0,0.25,6.04,39.58,7.99,61.42,14.85,48.31,3.21,3.59,0.38,17.06,1.83,1.57,22.91,63.19,6.36,57.43,3.9,95.16,8.62,56.2,2.64,45.24,21.06,22.94,0.17,1.26,0,0,0.13,0,0.63,2.39,57.89,5.22,40.96,0.31,0,0.5,2.08,5.66,76.67,0,,0,,0,0,0,0,,,0,,
D. van Vianen,Dordrecht,Dordrecht,"LCMF, RCMF",23,939,1,1.16,0,0.8,Netherlands,9.68,6.42,53.73,4.6,41.67,0,0,0.77,6.23,7.89,1.25,2,0.19,0,0,2.01,0.1,1,0.1,0.11,1,0.1,15,1.44,6.67,6.667,0,1.34,35.71,3.07,46.88,6.52,38.24,2.11,1.15,0,22.72,0.48,1.25,38.05,81.11,10.73,73.21,7.86,91.46,13.61,83.1,1.73,61.11,17.87,24.74,0.08,0.86,0,0,0,0,0.19,4.31,60,1.63,41.18,0.1,100,0.38,0.38,5.37,67.86,0,,0,,0,0,0,0,,,0.86,,
A. Darelas,Dordrecht,Dordrecht,AMF,22,1181,2,3.33,0,0.45,Greece,4.12,1.83,70.83,1.75,47.83,0,0,0.15,2.82,3.52,0.3,0,0,0,0,1.22,0.15,2,0.15,0.25,0,0,21,1.6,28.57,9.524,0,0.76,10,1.83,37.5,7.16,34.04,2.97,1.83,0.08,20.27,1.37,0.91,30.48,80.5,8.38,65.45,8.84,94.83,6.4,82.14,0.84,45.45,15.48,24.52,0.03,0.23,0,0.08,0.23,0,0.08,4.12,70.37,1.83,62.5,0.23,0,1.22,0.08,4.34,77.19,0,,0,,0,0,0,0,,,0.08,,
F. Stam,Willem II,Willem II,"LCB, RCB, RB",23,1263,1,1.08,0,0.16,Netherlands,10.69,6.84,62.5,3.63,50.98,0.64,0.72,1.07,5.77,6.5,1.21,3,0.21,0,0,0.64,0.07,1,0.07,0.08,0,0,10,0.71,30,10,0,0.43,0,1,42.86,2.71,39.47,0.57,1.5,0.14,36.34,0.57,0.36,52.8,88.26,20.88,77.82,6.56,96.74,20.88,96.59,5.34,54.67,20.41,36.13,0.01,0.21,0.07,0,0.07,0,0.07,7.27,75.49,0.78,36.36,0.29,25,0.36,0,10.97,72.73,0,,0,,0,0,0,0,,,3.49,,
S. Carrillo,Dordrecht,Dordrecht,CF,20,1460,4,6.11,0,0.02,Mexico,3.51,4.19,47.06,5.67,29.35,0.06,0.08,0,1.48,1.9,1.54,4,0.25,0,0,2.4,0.25,4,0.25,0.38,1,0.06,51,3.14,25.49,7.843,0,0.62,10,2.71,56.82,11.16,34.81,4.75,1.79,0.25,12.39,1.85,1.85,15.97,74.13,3.7,51.67,4.93,91.25,3.82,72.58,0.55,44.44,14.67,8.86,0,0.18,0,0,0.06,0,0.06,1.48,45.83,1.11,33.33,0.12,0,0.49,0.12,1.29,61.9,0,,0,,0,0,0,0,,,0,,
L. Sunderland,Dordrecht,Dordrecht,"LCMF, LDMF, RCMF",24,1910,1,2.54,1,1.19,United States,8.53,5.51,58.12,2.59,47.27,0.38,0.48,0.24,4.95,6.26,1.13,4,0.19,0,0,1.04,0.05,1,0.05,0.12,0,0,26,1.23,26.92,3.846,0.05,0.09,0,1.23,53.85,3.3,44.29,1.37,0.75,0,25.02,0.28,0.28,39.91,80.87,15.5,70.21,7.02,94.63,11.78,87.6,2.26,50,18.39,32.63,0.06,0.61,0.05,0.05,0.28,16.67,0.14,6.31,73.13,1.23,61.54,0.33,42.86,1.04,0,6.74,68.53,0,,0,,0,0,0,0,,,0.71,,
L. Codutti,Dordrecht,Dordrecht,"LWB, RWB, LB",22,717,0,0.36,0,0.54,Italy,9.92,8.66,59.42,1.88,53.33,0.63,0.84,0,4.14,5.53,1.76,1,0.13,0,0,3.77,0,0,0,0.05,0,0,6,0.75,50,0,0,3.64,27.59,3.77,60,7.53,58.33,1.51,2.76,0.25,22.85,1.88,2.51,33.01,74.9,12.8,68.63,6.53,98.08,8.66,72.46,5.9,63.83,21.33,34.94,0.07,0.38,0,0,0.13,100,0.25,3.89,61.29,3.64,44.83,0.13,100,0.75,1,7.78,74.19,0,,0,,0,0,0,0,,,0.5,,
J. Van Aken,Dordrecht,Dordrecht,"RB, RWB",23,1799,2,1.12,2,2.86,Netherlands,11.96,9.71,63.4,1.95,38.46,0.35,0.44,0.5,5.45,6.87,1.05,2,0.1,0,0,2.15,0.1,2,0.1,0.06,0,0,13,0.65,53.85,15.385,0.1,2.4,31.25,1.75,54.29,4,51.25,1.25,1.9,0.2,19.36,2.15,1.1,28.32,67.67,9.71,50.52,6.9,92.03,7.65,66.67,5.2,43.27,22.63,34.04,0.14,0.85,0,0,0.25,40,0.4,4.15,48.19,2.95,32.2,0.75,20,0.6,0.7,6.35,57.48,0,,0,,0,0,0,0,,,0.6,,
Y. M'Bemba,Dordrecht,Dordrecht,CB,24,1684,2,1.86,0,0.25,France,9.99,6.25,65.81,3.53,60.61,0.11,0.13,0.69,5.77,7.28,1.23,3,0.16,0,0,0.8,0.11,0,0,0.1,0,0,8,0.43,50,25,0,0.05,0,0.59,81.82,3.42,51.56,0.21,0.43,0,26.67,0.16,0.96,42.22,88.86,15.39,81.94,4.28,97.5,19.35,94.75,2.3,46.51,20.29,28.76,0.01,0.11,0,0,0.11,100,0.11,4.22,75.95,0.32,66.67,0.37,57.14,0.27,0.05,8.5,71.07,0,,0,,0,0,0,0,,,2.14,,
M. Afaker,Dordrecht,Dordrecht,"LW, RAMF, LAMF",26,1043,1,3.43,2,2.49,Netherlands,2.5,3.8,40.91,0.43,60,0.17,0.23,0,0.78,1.03,1.04,5,0.43,0,0,4.66,0.09,1,0.09,0.3,0,0,32,2.76,31.25,3.125,0.17,3.97,23.91,4.75,60,7.08,48.78,3.28,1.47,0.17,14.84,1.64,0.35,23.04,65.54,7.42,55.81,4.57,96.23,6.21,54.17,2.16,36,19.78,20.07,0.22,1.29,0.09,0,0,0,0.43,2.16,52,3.71,44.19,0,0,0.6,1.04,4.4,66.67,0,,0,,0,0,0,0,,,0.09,,
M. Muzungu,Ajax II,Ajax II,LCB,18,2159,0,0.36,0,0.02,France,10.5,6.54,66.24,3.79,51.65,0.29,0.36,0.63,5.88,7.28,1.42,3,0.13,0,0,0.5,0,0,0,0.02,0,0,3,0.13,33.33,0,0,0,0,0.58,78.57,2.54,59.02,0.17,0.54,0.13,39.39,0.17,0.88,53.11,88.78,20.05,79.42,2.96,95.77,26.01,94.87,4.38,47.62,21.05,39.96,0,0.08,0.04,0.04,0,0,0,5,65,0.46,9.09,0.17,25,0.13,0,8.96,65.12,0,,0,,0,0,0,0,,,2.38,,
M. Abdalla,Ajax U19,Ajax II,"LDMF, LCMF, RCMF",16,970,1,1.62,2,0.61,Netherlands,6.87,5.47,59.32,1.67,27.78,0,0,0.28,3.62,4.32,1.48,2,0.19,0,0,2.23,0.09,1,0.09,0.15,0,0,11,1.02,18.18,9.091,0.19,0.65,85.71,2.78,50,8.72,35.11,1.48,2.88,0.84,23.94,0.74,1.21,36.37,86.22,9,78.35,8.81,93.68,12.34,90.98,2.6,60.71,22.77,39.13,0.06,0.46,0,0,0.09,100,0.37,3.25,85.71,1.3,78.57,0.19,0,0.28,0.46,6.03,70.77,0,,0,,0,0,0,0,,,1.48,,
A. Jones,PSV II,PSV II,CF,18,605,4,3.11,0,0.02,Netherlands,2.08,2.53,41.18,5.21,28.57,0,0,0.15,1.04,1.44,0.6,0,0,0,0,1.34,0.6,4,0.6,0.46,1,0.15,19,2.83,36.84,21.053,0,0.3,0,1.49,20,5.06,14.71,4.46,0.3,0,8.78,1.64,0.89,11.6,73.08,1.64,81.82,3.57,79.17,3.72,72,0,0,14.77,0,0,0.15,0,0,0,0,0,0.89,83.33,0.74,20,0,0,0.15,0,0.74,80,0,,0,,0,0,0,0,,,0,,
J. Johnson,Ajax II,Ajax II,"RCB, LCB",19,2376,0,1.02,2,0.81,Netherlands,9.62,6.55,72.83,2.95,51.28,0.23,0.29,0.8,4.62,5.84,0.91,3,0.11,0,0,0.76,0,0,0,0.04,0,0,11,0.42,36.36,0,0.08,0.15,50,0.98,53.85,4.7,45.97,0.45,0.8,0.19,32.2,0.19,1.14,44.89,89.62,13.52,77.87,5.87,96.77,20.38,97.21,2.54,49.25,19.45,30.04,0.03,0.19,0.08,0.04,0,0,0.11,5.15,73.53,0.42,54.55,0.15,25,0.11,0.04,5.91,64.1,0,,0,,0,0,0,0,,,3.52,,
A. Ouazane,Ajax II,Ajax II,"AMF, RCMF, CF",17,1563,4,3.32,3,1.64,Netherlands,3.45,3.11,42.59,1.32,39.13,0.12,0.15,0.06,2.02,2.57,0.86,4,0.23,0,0,3.11,0.23,4,0.23,0.19,0,0,33,1.9,42.42,12.121,0.17,1.5,19.23,3.69,51.56,11.29,38.27,1.21,2.65,0.35,23.09,1.44,2.19,28.33,72.15,9.16,54.09,6.74,89.74,9.04,78.34,3.69,46.88,19.83,37.53,0.09,0.98,0,0,0.46,25,0.4,5.24,54.95,2.99,36.54,0.98,35.29,1.15,0.4,5.24,68.13,0,,0,,0,0,0,0,,,0.86,,
Z. Ouazane,Ajax II,Ajax II,"CF, LWF, LAMF",19,361,1,0.14,0,0.48,Morocco,6.48,5.48,45.45,1.75,42.86,0.25,0.31,0,3.74,4.64,1.5,1,0.25,0,0,1.75,0.25,1,0.25,0.04,0,0,4,1,25,25,0,1.25,0,4.74,31.58,10.47,35.71,1.75,1.75,0,13.21,1.75,2.49,19.7,73.42,4.49,50,5.73,95.65,5.73,86.96,1.25,40,19.77,11.1,0.12,1,0,0.25,0,0,0.25,1.75,57.14,0.75,0,0,0,0.25,0.25,2.74,45.45,0,,0,,0,0,0,0,,,0.25,,
M. Bahaty,PSV II,PSV II,"RW, RAMF",18,960,1,1.68,1,1.78,Netherlands,5.53,5.91,65.08,1.59,29.41,0,0,0.09,1.69,2.23,1.03,2,0.19,0,0,7.03,0.09,1,0.09,0.16,0,0,13,1.22,15.38,7.692,0.09,6,34.38,8.44,56.67,13.03,46.04,5.25,7.22,0.56,29.25,1.78,1.03,36.84,72.77,7.22,58.44,10.78,93.91,11.25,65,1.5,43.75,16.62,20.35,0.17,1.03,0.19,0,0,0,0.75,2.34,60,5.25,46.43,0.28,0,1.69,2.06,5.72,77.05,0,,0,,0,0,0,0,,,0.28,,
E. Ünüvar,Ajax II,Ajax II,"CF, RWF",18,744,4,2.74,1,0.88,Netherlands,2.42,2.54,52.38,1.69,21.43,0,0,0.12,1.09,1.48,1.09,2,0.24,0,0,1.57,0.48,4,0.48,0.33,1,0.12,18,2.18,33.33,22.222,0.12,1.21,20,1.81,33.33,6.05,22,4.11,0.73,0.12,9.68,0.97,0.73,12.94,71.96,1.94,62.5,3.87,90.63,4.11,58.82,0.24,0,18.9,5.32,0.11,1.09,0,0,0,0,0.48,1.09,66.67,1.57,46.15,0,0,1.21,0.24,1.57,53.85,0,,0,,0,0,0,0,,,0.12,,
P. Nash,Ajax U19,Ajax II,"LWF, LAMF, RWF",18,841,2,3.2,3,1.31,Netherlands,2.14,2.35,54.55,0.96,44.44,0,0,0,0.86,1.11,0.86,0,0,0,0,3.42,0.21,2,0.21,0.34,1,0.11,16,1.71,50,12.5,0.32,1.93,22.22,4.39,48.78,12.63,38.98,2.25,2.46,0.54,13.38,1.61,2.57,18.19,67.06,5.03,44.68,3.75,85.71,7.17,70.15,2.68,48,19.89,28.57,0.14,1.07,0.11,0,0.11,0,0.64,1.93,55.56,2.46,39.13,0.54,40,1.07,0.43,3.75,71.43,0,,0,,0,0,0,0,,,0,,
K. Kasanwirjo,Ajax U19,Ajax II,"RB, RCB, LCB",18,710,0,0.04,0,0.02,Netherlands,12.3,7.23,70.18,2.92,43.48,0.63,0.81,0.63,6.59,8.39,0.89,1,0.13,0,0,0.89,0,0,0,0,0,0,2,0.25,100,0,0,0,0,0.89,71.43,4.44,48.57,0.25,1.52,0.38,27.25,0.13,1.14,41.83,86.36,14.07,72.07,5.58,95.45,17.24,93.38,2.41,47.37,18.28,16.06,0,0.13,0,0,0,0,0,3.3,65.38,0.51,25,0.13,0,0.25,0,7.48,57.63,0,,0,,0,0,0,0,,,2.54,,
Sol Sidibe,PSV II,PSV II,"RCMF, RDMF, DMF",19,2357,1,2.04,1,1.79,France,5.96,5.35,51.43,1.57,53.66,0.31,0.38,0.34,2.9,3.61,1.53,3,0.11,0,0,1.68,0.04,1,0.04,0.08,0,0,25,0.95,28,4,0.04,0.53,35.71,1.76,63.04,8.13,44.6,0.84,1.57,0.08,25.43,0.15,1.6,36.77,82.04,11.91,69.23,6.22,96.32,12.22,88.44,2.41,52.38,16.74,25.16,0.07,0.65,0.04,0,0.31,37.5,0.38,5.31,76.26,1.49,46.15,0.53,42.86,0.69,0.19,5.04,69.7,0,,0,,0,0,0,0,,,0.76,,
R. van de Pavert,Ajax II,Ajax II,"DMF, RDMF",20,477,0,0.18,0,0.03,Netherlands,9.81,7.55,67.5,1.32,42.86,0.75,0.96,0.38,3.96,5.04,1.7,2,0.38,0,0,1.32,0,0,0,0.03,0,0,3,0.57,0,0,0,0,0,2.08,63.64,6.04,40.63,0.94,2.64,0.38,24.91,0,1.13,36.79,82.56,11.51,63.93,6.6,88.57,14.91,93.67,1.51,37.5,19.68,17.65,0.01,0.38,0,0,0.19,0,0,4.91,69.23,0.57,66.67,0,0,0.75,0,5.85,54.84,0,,0,,0,0,0,0,,,1.32,,
J. Koller,PSV II,PSV II,"AMF, CF",19,1313,6,2.59,0,0.27,Netherlands,4.39,4.52,43.94,1.85,29.63,0.21,0.25,0.34,2.19,2.62,1.71,3,0.21,0,0,1.92,0.41,6,0.41,0.18,1,0.07,27,1.85,48.15,22.222,0,1.03,6.67,1.92,42.86,6.03,31.82,2.54,1.1,0.34,16.25,1.17,1.03,21.32,77.17,5.14,68,4.8,91.43,7.06,78.64,0.96,50,16.2,15.38,0.02,0.27,0,0,0.14,100,0.21,2.26,78.79,1.58,39.13,0.14,50,0.55,0.07,2.33,58.82,0,,0,,0,0,0,0,,,0.27,,
A. El Hani,Ajax II,Ajax II,GK,18,363,0,0,0,0,Netherlands,0.99,0.25,100,0.74,100,0,0,0,0.74,1,0,0,0,0,0,0,0,0,0,0,0,0,0,0,0,0,0,0,0,0,0,0,0,0,0,0,19.83,0,0.25,33.47,77.78,20.33,67.07,0,0,11.4,97.83,12.15,51.02,29.5,50.06,0,0,0,0,0,0,0,1.49,16.67,0,0,0.25,0,0,0,10.17,60.98,10,2.48,24,5.95,1,58.33,6.74,1.67,-3.26,-0.808,0,1.49,0.74
D. O'Niel,Ajax II,Ajax II,"RAMF, RW, RWF",19,3017,8,9.47,5,3.47,Netherlands,5.79,5.73,60.94,1.7,33.33,0.06,0.07,0.12,2.24,2.71,1.22,6,0.18,0,0,4.77,0.24,7,0.21,0.28,0,0,86,2.57,37.21,9.302,0.15,2.6,26.44,5.82,53.85,14.56,37.7,4.06,3.97,0.63,19.21,2.36,1.16,25.33,76.56,4.77,66.25,8.74,91.81,6.12,68.78,1.52,45.1,17.64,25.98,0.1,1.04,0.09,0,0.03,0,0.3,1.76,59.32,2.6,55.17,0.12,25,1.28,0.6,3.61,74.38,0,,0,,0,0,0,0,,,0.33,,
N. Fernandez,PSV U19,PSV II,"DMF, AMF, CF",18,1136,1,1.47,3,2.3,Belgium,9.43,9.03,57.89,1.27,31.25,0.4,0.52,0.24,3.8,4.98,1.74,3,0.24,0,0,1.74,0.08,1,0.08,0.12,0,0,14,1.11,42.86,7.143,0.24,0.79,40,3.25,29.27,10.85,35.04,1.27,1.98,0.32,27.81,0.32,2.06,39.38,85.31,10.93,71.74,7.68,93.81,13.94,91.48,1.98,40,17.01,27.71,0.18,1.03,0,0.16,0,0,0.48,4.52,70.18,1.43,55.56,0.16,0,1.03,0.4,6.02,77.63,0,,0,,0,0,0,0,,,1.35,,
F. Merién,PSV,PSV II,"RCB, LCB, RB",17,2830,1,1.14,1,0.96,Netherlands,9.99,6.14,64.25,4.04,45.67,0.16,0.2,0.67,5.88,7.29,1.02,5,0.16,0,0,0.22,0.03,1,0.03,0.04,0,0,3,0.1,33.33,33.333,0.03,0.19,16.67,0.35,45.45,2.23,35.71,0.41,0.76,0.06,36.7,0.6,0.38,53.49,88.53,19.43,78.23,7.22,93.39,21.15,96.84,4.23,55.64,19.55,34.46,0.03,0.16,0.03,0,0,0,0.06,6.33,74.37,0.7,50,0.32,30,0.38,0.03,8.17,71.98,0,,0,,0,0,0,0,,,3.78,,
M. Verkuijl,Ajax II,Ajax II,"RDMF, DMF, RCMF",20,619,0,0.09,0,0.17,Netherlands,11.78,8,60,1.74,33.33,0.29,0.4,0.29,6.69,9.14,2.33,3,0.44,0,0,1.31,0,0,0,0.01,0,0,3,0.44,33.33,0,0,0.58,50,1.02,71.43,3.63,52,0.44,0.73,0,39.84,0.15,0.87,60.05,85.71,18.32,68.25,8.72,98.33,25.3,94.83,3.34,39.13,17.93,28.04,0.02,0.73,0.15,0,0.15,100,0,9.31,75,1.74,58.33,0.29,50,0.87,0.29,10.61,72.6,0,,0,,0,0,0,0,,,2.04,,
E. Bassey,PSV II,PSV II,RB,19,1545,0,0.23,5,3.27,Netherlands,13.46,11.13,61.78,1.4,54.17,0.35,0.43,0.58,6.23,7.72,0.82,3,0.17,0,0,1.69,0,0,0,0.01,0,0,7,0.41,14.29,0,0.29,2.27,38.46,1.22,57.14,4.08,32.86,1.22,2.68,0.35,34.95,1.63,0.58,48.93,80.95,19.51,75.22,7.51,90.7,14.74,86.56,3.96,35.29,19.91,33.48,0.19,1.11,0.06,0.12,0.12,50,0.7,6.41,67.27,2.62,48.89,0.29,40,1.22,0.82,9.84,68.64,0,,0,,0,0,0,0,,,2.1,,
F. Kluit,PSV II,PSV II,"RW, LAMF, RAMF",20,1713,3,5.31,3,4.73,Netherlands,5.2,4.47,64.71,2.05,25.64,0.05,0.06,0.05,2.26,2.74,0.68,0,0,0,0,5.41,0.16,3,0.16,0.28,1,0.05,39,2.05,46.15,7.692,0.16,4.89,32.26,5.57,51.89,11.98,38.16,4.26,3.57,0.68,18.44,2.36,0.53,24.8,71.4,3.73,63.38,7.36,91.43,8.3,58.86,0.53,70,18.37,13.3,0.25,1.94,0.11,0.05,0,0,0.74,1.47,75,3.78,43.06,0.05,100,0.79,1.52,3.78,80.56,0,,0,,0,0,0,0,,,0.21,,
J. Bawuah,PSV II,PSV II,"LCMF, DMF, RCMF",19,1375,1,1.2,0,1.04,Belgium,11.13,8.31,58.27,2.49,60.53,0.59,0.76,0.65,5.69,7.31,1.51,2,0.13,0,0,1.18,0.07,1,0.07,0.08,0,0,22,1.44,36.36,4.545,0,0.65,10,0.92,50,7.33,45.54,0.46,0.72,0.13,22.91,0.59,2.88,36.07,83.48,11.13,71.18,5.83,94.38,14.01,89.72,2.75,59.52,18.16,30.37,0.07,0.92,0,0,0.13,100,0.2,5.5,73.81,1.77,40.74,0.39,66.67,0.65,0.13,5.89,66.67,0,,0,,0,0,0,0,,,1.05,,
N. Verkooijen,PSV II,PSV II,"CF, AMF",19,1992,8,5.11,2,2.62,Belgium,5.06,4.07,57.78,1.49,21.21,0.9,1.15,0.09,1.81,2.3,0.72,2,0.09,0,0,1.94,0.36,8,0.36,0.23,2,0.09,32,1.45,53.13,25,0.09,1.13,36,0.9,80,3.93,43.68,2.44,0.95,0.18,27.38,1.45,1.08,36.1,85.11,8.72,74.61,9.89,94.52,11.43,86.17,1.9,59.52,16.38,27.97,0.12,0.99,0.05,0.14,0.09,50,0.63,3.48,72.73,1.99,59.09,0.27,66.67,1.17,0.36,4.02,75.28,0,,0,,0,0,0,0,,,0.63,,
S. Bouhoudane,PSV II,PSV II,CF,18,1220,7,6.26,1,0.19,Netherlands,3.39,3.32,51.11,6.05,24.39,0,0,0.37,1.7,2.14,1.4,1,0.07,0,0,1.84,0.52,5,0.37,0.46,3,0.22,25,1.84,56,28,0.07,0.3,0,1.33,61.11,6.93,26.6,3.69,0.44,0.3,7.67,1.84,0.96,11.14,69.54,2.51,38.24,2.58,85.71,2.88,76.92,0.3,50,15.3,7.42,0.01,0.07,0,0,0,0,0.07,1.33,44.44,0.52,28.57,0,0,0.37,0,1.11,53.33,0,,0,,0,0,0,0,,,0.07,,
L. Jetten,Ajax II,Ajax II,LB,18,1852,1,0.74,2,1.98,Netherlands,7.39,6.12,56.35,1.02,38.1,0.19,0.25,0.19,3.74,4.88,0.58,2,0.1,0,0,2.38,0.05,1,0.05,0.04,0,0,5,0.24,80,20,0.1,1.6,39.39,2.92,53.33,7.63,39.49,1.51,2.43,0.34,24.44,1.12,1.12,34.94,83.45,10.59,74.31,7.97,97.56,11.08,85.96,2.43,46,18.43,25.97,0.1,0.83,0,0.05,0.05,0,0.39,2.96,77.05,1.51,51.61,0.19,25,0.68,0.68,5.98,60.16,0,,0,,0,0,0,0,,,0.73,,
K. Wolff,Ajax II,Ajax II,"LAMF, LW, LWF",19,1634,5,3.56,2,1.22,Netherlands,5.4,4.9,49.44,2.09,39.47,0.22,0.28,0.22,2.75,3.46,0.88,3,0.17,0,0,3.19,0.28,5,0.28,0.2,1,0.06,37,2.04,37.84,13.514,0.11,1.32,20.83,4.02,53.42,9.58,37.36,3.69,3.64,0.39,26.71,2.48,0.88,33.32,79.34,8.54,72.9,8.87,93.17,9.8,76.4,1.32,50,16.92,22.59,0.07,0.88,0.06,0.06,0.17,0,0.22,3.64,87.88,2.59,48.94,0.17,0,1.49,0.33,5.78,67.62,0,,0,,0,0,0,0,,,0.88,,
S. Vink,Ajax II,Ajax II,"CF, LCMF",19,2068,6,5.38,2,1.96,Netherlands,3.57,3.13,51.39,3.18,34.25,0.26,0.32,0.09,1.7,2.06,0.96,3,0.13,0,0,2.48,0.26,6,0.26,0.23,0,0,35,1.52,45.71,17.143,0.09,0.87,35,2.44,58.93,7.44,38.01,2.65,1.78,0.17,14.1,1.74,0.78,19.06,71,4.83,51.35,5.83,91.04,5.4,70.16,1.52,40,18.47,20.68,0.09,0.61,0,0,0.04,100,0.39,2.52,56.9,1.74,47.5,0.44,40,0.83,0.26,2.74,66.67,0,,0,,0,0,0,0,,,0.3,,
A. Appiah,Ajax II,Ajax II,RB,20,2849,0,1,3,1.48,Netherlands,9.76,8.72,57.97,0.57,44.44,0.25,0.31,0.16,4.45,5.43,0.88,4,0.13,0,0,1.33,0,0,0,0.03,0,0,18,0.57,27.78,0,0.09,1.71,24.07,1.26,55,4.36,38.41,1.52,1.26,0.03,31.97,0.73,1.07,42.24,82.8,15.54,74.59,6.67,95.26,13.46,89.91,2.37,46.67,18.39,33.17,0.05,0.32,0,0.03,0.09,66.67,0.19,3.85,77.05,1.8,43.86,0.19,33.33,0.73,0.35,7.68,57.2,0,,0,,0,0,0,0,,,1.55,,
W. Kuhn,PSV II,PSV II,"LB, LCB",19,1556,0,1.19,3,1.66,Netherlands,8.04,5.9,64.71,2.72,59.57,0.29,0.35,0.12,3.93,4.82,0.64,3,0.17,0,0,1.16,0,0,0,0.07,0,0,11,0.64,9.09,0,0.17,1.74,33.33,0.81,57.14,3.01,48.08,0.75,1.62,0.29,35.98,0.58,0.81,50.49,82.13,22.1,75.13,7.87,93.38,13.71,84.81,5.73,52.53,19.57,32.48,0.1,0.75,0.12,0,0.17,33.33,0.35,8.97,74.84,2.89,40,0.81,42.86,0.58,0.64,10.7,71.35,0,,0,,0,0,0,0,,,2.26,,
T. Smolenaars,PSV II,PSV II,GK,21,1330,0,0,0,0,Netherlands,2.1,0.14,100,0.88,84.62,0,0,0,1.96,2.49,0,1,0.07,0,0,0,0,0,0,0,0,0,0,0,0,0,0,0,0,0,0,0,0,0,0,0,22.94,0.2,0,35.53,83.24,24.09,79.78,0.07,100,10.83,90.63,13.33,62.44,30.7,46.7,0,0,0,0,0,0,0.07,4.06,53.33,0.14,50,0.27,75,0.07,0,10.69,68.99,28,1.89,90,6.09,3,68.89,26.1,1.77,-1.9,-0.129,0,2.1,0.88
S. Van der Plas,PSV II,PSV II,"RCB, LCB",20,2522,0,1.1,0,0,Netherlands,9.6,5.85,73.78,5.89,56.36,0.21,0.27,1,5.07,6.38,0.68,1,0.04,0,0,0.11,0,0,0,0.04,0,0,7,0.25,14.29,0,0,0,0,0.07,100,1.03,37.93,0.43,0.36,0.07,34.72,0.32,0.46,50.53,86.09,19.34,71.22,2.96,97.59,24.27,96.32,5.6,52.87,21.33,37.7,0,0,0,0,0.04,0,0,5.6,58.6,0.54,40,0.29,12.5,0.25,0,9.03,69.17,0,,0,,0,0,0,0,,,2.57,,
R. van de Riet,PSV II,PSV II,LB,19,2321,0,0.74,1,0.83,Netherlands,8.26,6.01,57.42,1.24,43.75,0.08,0.1,0.23,4.73,5.97,0.43,0,0,0,0,1.28,0,0,0,0.03,0,0,23,0.89,17.39,0,0.04,1.47,31.58,1.43,45.95,2.29,40.68,0.66,1.12,0.12,27.18,0.74,0.27,36.84,77.79,17.18,68.62,4.92,94.49,9.69,84.8,3.61,48.39,18.13,24.84,0.03,0.58,0.04,0,0,0,0.23,5.08,66.41,2.09,42.59,0.16,25,0.39,0.35,8.53,65.45,0,,0,,0,0,0,0,,,1.01,,
M. Monamay,PSV II,PSV II,LCB,20,2008,0,0.69,0,0.39,Belgium,10.08,7.35,73.17,2.78,41.94,0.36,0.45,0.76,4.35,5.46,0.94,4,0.18,0,0,1.08,0,0,0,0.03,0,0,10,0.45,30,0,0,0.09,50,1.08,79.17,4.17,55.91,0.45,1.17,0,38.59,0.36,1.17,54.19,91.48,18.6,82.41,5.56,97.58,24.74,97.64,3.32,50,19.47,34.67,0.02,0.09,0,0.04,0.09,50,0.09,5.87,78.63,0.4,55.56,0.18,25,0.27,0.04,7.04,71.34,0,,0,,0,0,0,0,,,4.12,,
D. Van der Vaart,Ajax II,Ajax II,"LDMF, LCMF, DMF",19,892,0,0.77,0,0.38,Netherlands,8.98,8.07,48.75,2.42,25,1.21,1.59,0.5,3.83,5.02,1.61,3,0.3,0,0,0.91,0,0,0,0.08,0,0,13,1.31,23.08,0,0,0.4,25,0.91,44.44,4.24,21.43,1.31,0.61,0.1,18.36,0.61,0.3,27.95,76.53,10.8,62.62,5.45,90.74,6.86,85.29,3.03,36.67,16.93,21.04,0.04,0.61,0,0,0.2,50,0.2,3.73,56.76,1.01,60,0.5,40,0.61,0.1,4.74,61.7,0,,0,,0,0,0,0,,,0.81,,
D. Kalokoh,Ajax II,Ajax II,"CF, LW, LAMF",21,319,2,1.16,0,0.17,Sierra Leone,1.41,2.26,37.5,1.41,40,0,0,0,0.56,0.7,0.56,0,0,0,0,2.82,0.56,2,0.56,0.33,0,0,8,2.26,25,25,0,0.56,100,2.82,60,9.31,42.42,2.54,2.54,0,14.39,0.56,0.85,18.9,80.6,4.51,56.25,5.36,94.74,4.51,81.25,2.26,50,17.35,16.15,0.05,0.85,0,0,0,0,0.56,2.26,87.5,1.13,50,0.28,0,0.85,0.56,3.1,63.64,0,,0,,0,0,0,0,,,0,,
E. Butera,Ajax II,Ajax II,LB,20,1890,0,0.26,0,0.09,Belgium,10.95,7.86,59.39,2.76,43.1,0.29,0.34,0.33,6,7.17,1.52,7,0.33,0,0,0.57,0,0,0,0.01,0,0,2,0.1,0,0,0,0.86,27.78,0.62,38.46,1.9,35,0.24,0.57,0.05,33.67,0.95,0.48,47.9,82.6,22.14,74.84,7.33,95.45,14.14,88.55,6.57,55.8,20.52,32.32,0,0.05,0.1,0,0.1,100,0.1,6.24,74.81,1.14,41.67,0.24,60,0.19,0.24,11.57,65.43,0,,0,,0,0,0,0,,,2.71,,
S. Ebite,Utrecht II,Utrecht II,CF,20,384,1,1.49,0,0,Netherlands,3.52,4.45,63.16,8.91,28.95,0,0,0.23,0.7,0.86,2.34,0,0,0,0,1.88,0.23,1,0.23,0.35,0,0,10,2.34,50,10,0,0,0,2.34,30,10.31,36.36,3.28,1.17,0.23,8.67,2.58,1.88,11.25,79.17,2.34,70,2.11,66.67,2.58,90.91,0,0,8.38,0,0,0,0,0,0,0,0,0.47,50,0,0,0,0,0.23,0,0.94,50,0,,0,,0,0,0,0,,,0,,
D. Geerts,Helmond Sport,Helmond Sport,"RCMF, DMF",19,728,0,0.56,0,0.1,Netherlands,9.77,10.26,51.81,4.7,52.63,0.49,0.5,0.49,3.96,4.03,3.59,3,0.37,0,0,0.49,0,0,0,0.07,0,0,3,0.37,0,0,0,0.25,0,1.24,40,4.7,55.26,0.62,0.49,0,18.67,0,0.99,31.65,76.95,10.63,61.63,7.42,96.67,8.9,79.17,3.59,31.03,18.06,24.92,0.01,0.37,0,0,0,0,0.12,4.57,45.95,0.49,50,0.25,0,0.25,0,4.7,44.74,0,,0,,0,0,0,0,,,1.36,,
N. Beulens,Utrecht II,Utrecht II,"RB, RWB",18,276,0,0,0,0.28,Netherlands,14.35,13.04,62.5,2.28,28.57,0,0,0,6.2,7.13,0.98,0,0,0,0,1.63,0,0,0,0,0,0,0,0,0,0,0,1.3,25,2.93,44.44,5.54,52.94,0.65,2.28,0.33,21.2,1.3,1.63,33.26,86.27,13.04,80,4.24,92.31,9.13,85.71,1.96,83.33,14.47,23.8,0.09,0.98,0.33,0.33,0,0,0.33,1.96,83.33,2.93,66.67,0,0,1.63,0.33,8.8,74.07,0,,0,,0,0,0,0,,,0.33,,
S. van der Wegen,Utrecht II,Utrecht II,RB,21,2479,3,1.75,1,1.59,Netherlands,8.06,6.32,55.75,2.47,45.59,0,0,0.07,4.54,5.05,0.62,3,0.11,1,0.04,0.98,0.11,3,0.11,0.06,0,0,13,0.47,53.85,23.077,0.04,1.09,36.67,0.47,69.23,3.45,44.21,1.09,1.23,0.25,27.74,1.09,1.23,40.77,82.46,16.19,73.09,7.66,96.68,12.53,87.54,3.88,51.4,18.81,31.29,0.06,0.73,0.04,0,0.07,0,0.25,5.48,75.5,1.56,53.49,0.4,45.45,0.58,0.4,9.69,70.79,0,,0,,0,0,0,0,,,1.09,,
J. van Riel,Utrecht II,Utrecht II,"LB, LWB, LAMF",21,311,0,0.05,1,0.6,Netherlands,8.1,5.21,55.56,2.89,50,0.58,0.71,0.29,4.63,5.71,0.58,0,0,0,0,1.45,0,0,0,0.01,0,0,1,0.29,0,0,0.29,2.6,33.33,1.16,50,2.89,60,1.16,0.87,0.29,24.31,0.87,0.87,37.33,74.42,15.63,70.37,4.05,85.71,13.6,76.6,5.5,42.11,19.37,25.11,0.17,1.16,0,0,0,0,0.58,6.37,59.09,4.34,26.67,0.58,0,0.87,1.16,10.13,71.43,0,,0,,0,0,0,0,,,0,,
J. Sneijder,Utrecht II,Utrecht II,"AMF, RDMF, RWF",19,334,0,0.15,0,0.22,Netherlands,7.81,7.01,46.15,2.16,0,0.81,0.94,0.27,3.77,4.38,1.08,1,0.27,0,0,1.35,0,0,0,0.04,0,0,6,1.62,50,0,0,1.35,20,1.35,20,4.58,29.41,0.54,0.27,0,23.98,0,0.27,36.92,72.26,15.36,57.89,4.58,100,12.13,73.33,3.77,42.86,16.65,11.95,0.06,0.81,0,0,0,0,0.27,8.35,61.29,1.08,0,0,0,0,0.27,5.93,68.18,0,,0,,0,0,0,0,,,0.54,,
J. Geerts,Helmond Sport,Helmond Sport,CF,20,416,0,0.92,0,0.29,Netherlands,2.38,1.95,44.44,8,43.24,0.22,0.32,0,1.3,1.91,1.95,0,0,0,0,1.08,0,0,0,0.2,0,0,7,1.51,42.86,0,0,0.22,100,1.08,20,4.33,25,3.68,0.65,0.22,10.38,3.25,1.51,13.63,68.25,2.38,36.36,4.76,77.27,3.89,55.56,0.43,0,10.96,4.31,0.06,0.43,0,0,0,0,0.22,1.73,25,0.22,0,0,0,0.43,0.22,1.08,40,0,,0,,0,0,0,0,,,0,,
L. Edhart,Utrecht II,Utrecht II,"LW, LAMF, CF",20,681,0,1.3,1,1.54,Netherlands,6.08,4.63,65.71,3.7,17.86,0.13,0.16,0,2.91,3.47,1.32,0,0,0,0,4.63,0,0,0,0.17,0,0,19,2.51,21.05,0,0.13,2.91,31.82,4.63,68.57,9.65,43.84,3.96,3.17,0.26,21.41,2.11,0.4,27.89,75.83,5.95,66.67,9.78,95.95,7.67,60.34,1.72,46.15,16.59,12.28,0.2,1.98,0,0,0,0,0.53,2.91,68.18,3.57,48.15,0.26,50,1.32,1.06,5.02,71.05,0,,0,,0,0,0,0,,,0.26,,
H. Ingason,Helmond Sport,Helmond Sport,"CF, AMF, LAMF",20,781,0,0.63,1,0.71,Iceland,4.03,4.72,48.78,1.5,38.46,0.12,0.14,0.35,1.61,1.94,1.15,0,0,0,0,1.04,0,0,0,0.07,0,0,5,0.58,0,0,0.12,0.92,25,0.92,62.5,5.42,34.04,1.15,0.92,0.35,20.51,0.81,0.92,28.46,74.9,9.56,65.06,5.3,84.78,8.53,78.38,2.42,71.43,18.39,23.62,0.08,1.04,0,0,0.46,50,0.23,4.96,65.12,2.77,41.67,0.58,20,1.15,0.23,5.99,69.23,0,,0,,0,0,0,0,,,0.12,,
N. Makanza,Helmond Sport,Helmond Sport,"LCMF, LDMF, AMF",21,3071,7,2.42,2,2.99,Belgium,6.45,5.69,59.79,2.02,31.88,0.53,0.64,0.23,2.52,3.08,1.47,7,0.21,0,0,1.76,0.21,7,0.21,0.07,0,0,28,0.82,39.29,25,0.06,1.17,40,1.44,55.1,5.86,48.5,1.47,0.64,0.06,17.41,0.73,2.02,25.2,77.21,6.86,56.41,5.57,93.68,8.62,83.33,3.08,52.38,18.6,31.23,0.09,0.67,0.09,0,0.29,60,0.35,3.25,63.96,1.76,51.67,0.59,40,0.76,0.44,3.31,70.8,0,,0,,0,0,0,0,,,0.67,,
V. Plantinga,Utrecht II,Utrecht II,"LB, LW",18,1856,1,1.31,3,2.78,Netherlands,10.04,8.44,58.62,3.2,50,0.29,0.33,0.24,4.8,5.47,1.07,0,0,0,0,1.89,0.05,1,0.05,0.06,0,0,15,0.73,20,6.667,0.15,2.33,39.58,1.31,62.96,4.12,42.35,1.75,1.55,0.44,23.28,0.92,0.92,34.67,80.14,12.7,69.08,7.52,95.48,9.31,81.77,3.01,37.1,18.82,29.07,0.13,0.78,0.05,0.05,0,0,0.68,3.64,68,1.89,43.59,0.05,100,0.53,0.87,6.35,64.89,0,,0,,0,0,0,0,,,0.97,,
P. Kloosterboer,Utrecht II,Utrecht II,"LB, LCB",21,2406,0,0.55,0,0.47,Netherlands,10.17,6.28,60.12,3.07,48.78,0.19,0.21,0.71,6.21,7.06,0.71,4,0.15,0,0,0.45,0,0,0,0.02,0,0,6,0.22,0,0,0,0.6,31.25,0.45,58.33,2.99,46.25,0.64,1.27,0.19,29.74,0.64,0.97,44.03,84.71,17.47,73.45,5.05,92.59,16.76,94.64,5.39,59.03,20.68,38.4,0.02,0.15,0.11,0,0,0,0.07,5.69,69.08,1.01,48.15,0.37,40,0.3,0.22,8.12,67.28,0,,0,,0,0,0,0,,,1.72,,
W. Kooy,Utrecht II,Utrecht II,"RCB, LCB",21,2878,2,2.66,0,0.21,Netherlands,8.13,5.6,66.48,5.03,50.31,0.16,0.18,0.47,4.25,4.86,0.94,2,0.06,0,0,0.28,0.06,2,0.06,0.08,1,0.03,14,0.44,28.57,14.286,0,0.19,16.67,0.19,66.67,1.34,58.14,0.84,0.63,0.06,33.77,0.28,0.72,49.85,88.08,19.79,78.2,3,92.71,21.36,96.34,4.32,55.8,20.12,38.21,0.01,0.06,0.03,0.03,0,0,0.03,6.13,76.53,0.47,46.67,0.41,46.15,0.41,0.03,9.13,66.1,0,,0,,0,0,0,0,,,1.25,,
T. den Boggende,Utrecht II,Utrecht II,"CF, AMF",19,1370,5,4.95,0,1.97,Netherlands,4.99,5.19,46.84,3.81,34.48,0.07,0.08,0.07,2.5,2.98,1.91,2,0.13,0,0,1.05,0.33,5,0.33,0.33,0,0,22,1.45,45.45,22.727,0,0.2,33.33,0.59,44.44,4.86,27.03,3.68,0.39,0.2,12.28,1.25,0.92,18.53,78.01,4.14,76.19,3.94,83.33,5.06,77.92,0.33,20,13.67,6.92,0.13,0.59,0,0,0.07,100,0.2,1.71,80.77,1.05,62.5,0.07,100,1.12,0.07,2.3,54.29,0,,0,,0,0,0,0,,,0,,
O. Zimuangana,Helmond Sport,Helmond Sport,"LAMF, RWF, RW",20,549,0,0.93,1,1.49,Netherlands,7.05,7.7,55.32,0.49,33.33,0.33,0.4,0,2.46,3,1.64,2,0.33,0,0,9.02,0,0,0,0.15,0,0,8,1.31,37.5,0,0.16,6.72,36.59,9.84,61.67,16.89,45.63,3.93,4.75,0.98,17.87,1.64,1.31,24.92,64.47,5.57,52.94,4.92,93.33,10.16,59.68,1.97,58.33,18.51,21.16,0.24,1.48,0,0.16,0,0,1.15,1.8,72.73,4.92,40,0.16,0,0.66,2.13,4.1,80,0,,0,,0,0,0,0,,,0.16,,
L. Bajrami,Helmond Sport,Helmond Sport,CF,20,1775,8,5.05,0,0.48,Switzerland,1.06,0.91,50,2.38,14.89,0,0,0,0.61,0.76,0.51,3,0.15,0,0,1.06,0.41,7,0.35,0.26,0,0,31,1.57,51.61,25.806,0,0.35,0,0.96,26.32,9.33,23.91,3.09,0.71,0.2,7.5,1.37,0.96,12.68,76.8,1.98,51.28,4.56,90,2.43,70.83,0.1,100,11.94,2.58,0.02,0.66,0,0.1,0,0,0.2,0.96,68.42,0.35,57.14,0,0,0.76,0,1.06,57.14,0,,0,,0,0,0,0,,,0.2,,
R. El Arguioui,Utrecht,Utrecht II,"CF, AMF, LCMF",20,1900,10,12.51,3,3.48,Netherlands,4.64,4.69,55.56,3.55,40,0.19,0.22,0.24,1.85,2.12,1.71,4,0.19,0,0,3.79,0.47,6,0.28,0.59,1,0.05,75,3.55,44,13.333,0.14,0.99,38.1,3.98,42.86,11.27,37.39,3.93,2.04,0.33,13.74,1.37,1.09,19.14,73.02,6.25,58.33,4.5,85.26,5.73,78.51,2.13,48.89,19.56,26.12,0.16,1.37,0,0,0.33,42.86,0.47,3.32,57.14,2.51,56.6,0.95,30,1.18,0.43,3.41,80.56,0,,0,,0,0,0,0,,,0.14,,
N. Viereck,Utrecht II,Utrecht II,"RCB, LCB, CB",22,2546,4,4.4,1,0.54,Netherlands,8.45,4.74,64.93,5.02,53.52,0,0,0.64,5.37,6.31,1.45,4,0.14,0,0,0.49,0.14,4,0.14,0.16,3,0.11,24,0.85,37.5,16.667,0.04,0.04,100,0.14,75,0.99,35.71,1.1,0.57,0.18,29.98,0.25,0.28,46.06,86.26,15.41,69.04,2.93,96.39,24.18,96.2,5.44,48.05,22.77,35.45,0.02,0.14,0,0,0.07,50,0.04,5.76,62.58,0.57,18.75,0.42,25,0.11,0.04,7.46,68.25,0,,0,,0,0,0,0,,,1.87,,
A. Dizdarević,Helmond Sport,Helmond Sport,"LCMF, RCMF",22,2350,0,0.65,0,0.87,Croatia,7.31,4.86,67.72,1,65.38,0.54,0.61,0.15,3.49,3.95,0.57,3,0.11,0,0,1,0,0,0,0.02,0,0,16,0.61,18.75,0,0,0.15,25,1.3,55.88,4.17,50.46,0.11,2.03,0.88,27.61,0.38,1.07,41.51,90.68,11.26,80.61,7.16,94.12,17.54,97.38,1.84,54.17,18.49,23.52,0.03,0.23,0.04,0,0.15,75,0.19,4.9,83.59,0.65,52.94,0.23,33.33,0.34,0.04,5.17,71.85,0,,0,,0,0,0,0,,,1.34,,
S. Dekkers,Helmond Sport,Helmond Sport,"RB, RWB",21,1531,1,0.58,1,0.81,Netherlands,7.64,7.88,58.96,0.53,22.22,0.12,0.14,0.12,2.88,3.53,1.41,1,0.06,0,0,1.35,0.06,1,0.06,0.03,1,0.06,8,0.47,25,12.5,0.06,1.88,28.13,1.65,42.86,3.59,40.98,0.76,1.18,0.29,30.33,1.76,0.47,38.86,83.06,12.23,72.6,7.47,95.28,12.82,85.78,4.35,59.46,19.14,31.42,0.05,0.35,0,0.06,0,0,0.18,3.94,71.64,1.88,46.88,0.35,50,0.29,0.53,7.41,68.25,0,,0,,0,0,0,0,,,1.35,,