Jugador,Competition,Season,Equipo,Equipo durante el período seleccionado,Posición específica,Edad,Minutos jugados,Goles,xG,Asistencias,xA,País de nacimiento,Acciones defensivas realizadas/90,Duelos defensivos/90,"Duelos defensivos ganados, %",Duelos aéreos en los 90,"Duelos aéreos ganados, %",Entradas/90,Posesión conquistada después de una entrada,Tiros interceptados/90,Interceptaciones/90,Posesión conquistada después de una interceptación,Faltas/90,Tarjetas amarillas,Tarjetas amarillas/90,Tarjetas rojas,Tarjetas rojas/90,Acciones de ataque exitosas/90,Goles/90,Goles (excepto los penaltis),"Goles, excepto los penaltis/90",xG/90,Goles de cabeza,Goles de cabeza/90,Remates,Remates/90,"Tiros a la portería, %","Goles hechos, %",Asistencias/90,Centros/90,"Precisión centros, %",Regates/90,"Regates realizados, %",Duelos atacantes/90,"Duelos atacantes ganados, %",Toques en el área de penalti/90,Carreras en progresión/90,Aceleraciones/90,Pases recibidos /90,Pases largos recibidos/90,Faltas recibidas/90,Pases/90,"Precisión pases, %",Pases hacia adelante/90,"Precisión pases hacia adelante, %",Pases hacia atrás/90,"Precision pases hacia atrás, %",Pases laterales/90,"Precisión pases laterales, %",Pases largos/90,"Precisión pases largos, %","Longitud media pases, m","Longitud media pases largos, m",xA/90,Asistencias/90,Second assists/90,Third assists/90,Desmarques/90,"Precisión desmarques, %",Jugadas claves/90,Pases en el último tercio/90,"Precisión pases en el último tercio, %",Pases al área de penalti/90,"Pases hacía el área pequeña, %",Pases en profundidad/90,"Precisión pases en profundidad, %",Ataque en profundidad/90,Centros desde el último tercio/90,Pases progresivos/90,"Precisión pases progresivos, %",Goles recibidos,Goles recibidos/90,Remates en contra,Remates en contra/90,Porterías imbatidas en los 90,"Paradas, %",xG en contra,xG en contra/90,Goles evitados,Goles evitados/90,Pases hacía atrás recibidos del arquero/90,Salidas/90,Duelos aéreos en los 90
D. Gjengaar,MLS Next Pro,2026,New York RB,New York RB II,"RB, RWF, LB",22,964,3,2.67,6,1.96,Norway,6.35,6.44,37.68,1.03,81.82,0.09,0.15,0,3.83,5.97,1.96,4,0.37,0,0,3.64,0.28,3,0.28,0.25,0,0,14,1.31,64.29,21.429,0.56,2.71,27.59,2.8,63.33,5.88,49.21,3.45,1.77,0.28,33.89,1.59,0.47,43.41,79.14,13.26,73.24,6.82,93.15,14.56,80.77,1.21,53.85,15.86,24.65,0.18,1.31,0,0.09,0.37,75,1.21,4.2,73.33,3.17,50,0.47,60,1.49,0.93,6.35,79.41,0,,0,,0,0,0,0,,,0.56,,
C. Baker,MLS Next Pro,2026,Seattle Sounders,Tacoma Defiance,"RB, LB, RWB",22,451,1,0.07,0,0.88,United States,6.59,7.98,42.5,1.6,50,0.2,0.22,0,2.99,3.36,0.8,1,0.2,0,0,0.8,0.2,1,0.2,0.01,0,0,1,0.2,100,100,0,1.4,14.29,0.8,50,2.79,42.86,0.8,1.2,0.4,35.72,0.8,0.6,45.7,84.72,14.77,75.68,7.18,100,17.36,87.36,3.79,63.16,19.86,45.85,0.18,0.6,0,0,0,0,0.4,5.59,60.71,2.39,50,0.6,100,1.6,0.2,7.58,76.32,0,,0,,0,0,0,0,,,1.2,,
I. Boehmer,MLS Next Pro,2026,Vancouver Whitecaps,Vancouver Whitecaps II,GK,24,400,0,0,0,0,Canada,0.68,0.23,0,0.45,100,0,0,0,0.68,0.76,0,0,0,0,0,0.23,0,0,0,0,0,0,0,0,0,0,0,0,0,0.23,100,0.23,100,0,0,0,25.87,0.23,0,37.8,85.12,21.83,76.29,0,0,15.3,98.53,11.7,57.69,29.02,49.43,0,0,0,0,0,0,0,3.38,40,0,0,0.23,100,0,0,9,67.5,6,1.35,21,4.73,1,71.43,7.06,1.59,1.06,0.239,0,1.8,0.45
T. Williams,MLS Next Pro,2026,Nashville SC,Huntsville City,LCB,21,229,0,0.18,1,0,United States,10.22,7.47,73.68,2.75,71.43,0,0,0,4.72,5.71,0.79,0,0,0,0,1.18,0,0,0,0.07,0,0,1,0.39,100,0,0.39,0.39,0,0.79,50,3.54,55.56,0.79,0.39,0,32.23,0,0.39,43.62,86.49,18.86,77.08,1.97,100,16.11,92.68,7.07,38.89,27.35,51.26,0,0,0,0,0.39,100,0.39,6.29,68.75,0.79,0,0.79,100,0,0,7.07,72.22,0,,0,,0,0,0,0,,,1.18,,
A. Zendejas,MLS Next Pro,2026,Vancouver Whitecaps,Vancouver Whitecaps II,GK,30,294,0,0,0,0,United States,0.31,0,0,0.92,100,0,0,0,0.31,0.36,0,0,0,0,0,0,0,0,0,0,0,0,0,0,0,0,0,0,0,0,0,0,0,0,0,0,17.76,0,0,28.47,88.17,13.78,77.78,0,0,13.47,97.73,6.43,52.38,26.85,52.36,0,0,0,0,0,0,0,1.22,0,0.61,0,0.31,0,0,0,3.67,66.67,4,1.22,8,2.45,0,50,2.26,0.69,-1.74,-0.533,0,2.45,0.92
F. Mrozek,MLS Next Pro,2026,Cincinnati,Cincinnati II,GK,22,579,0,0,0,0,Poland,0.47,0.16,100,0.31,100,0,0,0,0.31,0.34,0,0,0,0,0,0,0,0,0,0,0,0,0,0,0,0,0,0,0,0,0,0.16,0,0,0,0,11.81,0.16,0,20.52,90.15,8.7,78.57,0,0,10.1,100,5.44,68.57,25.97,42.71,0,0,0,0,0,0,0,0.16,0,0,0,0,0,0,0,4.35,64.29,8,1.24,31,4.82,2,74.19,8.85,1.38,0.85,0.132,0,1.71,0.31
T. Zeegers,MLS Next Pro,2026,Carolina Core,Carolina Core,"RDMF, RB, RCMF",26,1078,1,0.93,0,0.01,Netherlands,7.26,5.93,42.25,2,58.33,0.75,0.92,0.92,4.01,4.93,1.42,4,0.33,0,0,0.67,0.08,1,0.08,0.08,1,0.08,9,0.75,33.33,11.111,0,0.58,14.29,0.67,50,2.09,32,0.67,0.83,0.08,15.86,0.58,0.17,25.38,74.34,10.44,62.4,5.26,93.65,6.18,72.97,3.34,55,18.59,37.85,0,0.08,0.08,0,0,0,0.08,3.76,68.89,1.5,22.22,0.42,40,0.42,0.08,6.01,58.33,0,,0,,0,0,0,0,,,0.33,,
W. Charpie,MLS Next Pro,2026,Real Monarchs,Real Monarchs,"RCB, CB, LCB",33,534,1,0.48,0,0,United States,5.73,3.54,52.38,2.19,46.15,0,0,0.34,3.88,5.39,0.67,2,0.34,0,0,0.34,0.17,1,0.17,0.08,1,0.17,1,0.17,100,100,0,0.17,0,0.17,100,0.84,20,0.51,0.34,0,50.56,0,0,65.39,90.21,22.25,78.79,5.56,100,29.83,97.18,6.07,50,19.97,50.64,0,0,0,0.17,0,0,0,6.57,66.67,1.18,0,0.17,0,0,0,8.09,58.33,0,,0,,0,0,0,0,,,2.7,,
G. Marks,MLS Next Pro,2026,Philadelphia Union,Philadelphia Union II,GK,26,477,0,0,0,0,United States,2.64,0.19,100,0.38,100,0,0,0,2.45,2.85,0,2,0.38,0,0,0,0,0,0,0,0,0,0,0,0,0,0,0,0,0,0,0,0,0,0,0,13.58,0,0.19,27.74,85.03,13.02,69.57,0,0,14.15,98.67,9.25,59.18,28.68,44.28,0,0,0,0,0,0,0,0.94,60,0,0,0.19,0,0,0,4.72,52,4,0.75,25,4.72,2,84,8.27,1.56,4.27,0.806,0,2.08,0.38
K. Henry,MLS Next Pro,2026,Real Salt Lake,Real Monarchs,RCB,22,510,2,0.59,1,0.48,United States,9.35,8.29,53.19,1.59,66.67,0,0,0,4.94,6.89,1.59,3,0.53,0,0,0.88,0.35,2,0.35,0.1,1,0.18,3,0.53,100,66.667,0.18,0.35,0,0.71,50,1.24,28.57,0.71,0.18,0.18,39.53,0.71,0.18,52.59,81.88,23.82,73.33,5.82,84.85,20.29,91.3,9.18,59.62,24.04,54.13,0.09,0.35,0,0,0,0,0.18,9.18,63.46,1.41,25,0,0,0.18,0,11.82,64.18,0,,0,,0,0,0,0,,,1.41,,
A. Sorenson,MLS Next Pro,2026,Chattanooga,Chattanooga,LB,23,1523,0,0.04,0,1.03,Haiti,9.16,7.45,57.14,1.42,50,0.59,0.72,0.12,4.31,5.23,1.06,3,0.18,1,0.06,1.48,0,0,0,0,0,0,4,0.24,0,0,0,1.36,39.13,1.36,69.57,4.31,52.05,0.71,1.48,0.06,25.82,2.19,0.83,35.34,73.58,13.41,58.59,6.74,94.74,9.99,81.07,5.91,46,20.36,41.19,0.06,0.53,0,0,0,0,0.35,5.73,62.89,1.95,36.36,0.59,40,0.41,0.41,7.33,58.87,0,,0,,0,0,0,0,,,0.89,,
B. Scott,MLS Next Pro,2026,Los Angeles Galaxy,Ventura County,GK,26,199,0,0,0,0,United States,0,0,0,0,0,0,0,0,0,0,0,0,0,0,0,0,0,0,0,0,0,0,0,0,0,0,0,0,0,0,0,0.45,100,0,0,0,28.04,0.45,0.45,41.61,86.96,17.19,71.05,0,0,22.16,97.96,10.4,52.17,26.61,55.51,0,0,0,0,0,0,0,2.71,50,0,0,0,0,0,0,9.05,55,5,2.26,16,7.24,0,68.75,3.91,1.77,-1.09,-0.493,0,0.45,0
H. Sulte,MLS Next Pro,2026,Portland Timbers,Portland Timbers II,GK,24,501,0,0,0,0,United States,1.62,0,0,0.18,100,0,0,0,1.62,2.05,0,0,0,0,0,0,0,0,0,0,0,0,0,0,0,0,0,0,0,0,0,0.54,100,0,0,0,5.75,0,0.54,14.19,73.42,7.54,57.14,0,0,6.11,91.18,5.39,43.33,32.09,47.4,0,0,0,0,0,0,0.18,1.26,28.57,0,0,0,0,0,0,4.49,48,10,1.8,24,4.31,2,58.33,6.18,1.11,-3.82,-0.686,0,1.44,0.18
J. Gaines,MLS Next Pro,2026,Huntsville City,Huntsville City,RB,23,615,2,1.81,1,0.32,United States,6.88,5.85,57.5,1.02,28.57,0.29,0.33,0.44,3.22,3.59,0.88,3,0.44,0,0,2.63,0.29,2,0.29,0.26,0,0,4,0.59,75,50,0.15,1.61,36.36,2.49,64.71,8.63,52.54,1.32,1.32,0,25.9,0.88,2.05,33.66,86.52,9.95,77.94,8.49,96.55,10.98,86.67,2.2,60,18.48,35.49,0.05,0.73,0,0,0,0,0.59,3.95,74.07,2.05,42.86,0,0,0.59,0.44,4.54,77.42,0,,0,,0,0,0,0,,,0.88,,
M. Wentzel,MLS Next Pro,2026,Real Monarchs,Real Monarchs,"CB, RCB",24,617,0,0,0,0,Germany,6.86,5.25,52.78,2.48,52.94,0,0,0.88,4.08,5.71,2.04,3,0.44,0,0,0.15,0,0,0,0,0,0,0,0,0,0,0,0,0,0.15,100,1.31,77.78,0,0,0,46.68,0,0.73,61.56,94.08,22.9,86.62,2.63,100,29.61,98.52,2.19,33.33,18.8,27.47,0,0,0,0,0,0,0,3.06,57.14,0.15,0,0,0,0,0,4.67,75,0,,0,,0,0,0,0,,,1.31,,
E. Jakupović,MLS Next Pro,2026,Chattanooga,Chattanooga,GK,41,1590,0,0,0,0.18,Bosnia and Herzegovina,1.25,0.11,100,0.11,50,0,0,0,1.13,1.38,0.06,0,0,0,0,0,0,0,0,0,0,0,0,0,0,0,0,0,0,0,0,0.23,100,0,0.06,0,23.66,0.11,0.23,32.77,82.73,15.68,66.43,0.06,100,16.25,97.56,13.08,59.31,35.51,50.36,0.01,0.06,0,0.06,0,0,0.06,5.55,48.98,0.45,12.5,0.06,0,0.11,0,8.38,77.03,23,1.3,64,3.62,4,64.06,17.83,1.01,-5.17,-0.293,0,1.7,0.11
I. McNeil LeFlore,MLS Next Pro,2026,Tampa Bay Rowdies,Huntsville City,LB,23,194,0,0.27,0,0.25,United States,11.13,8.35,72.22,3.71,62.5,0,0,0,5.1,5.41,0.93,0,0,0,0,5.1,0,0,0,0.13,0,0,1,0.46,100,0,0,1.86,75,3.25,100,11.13,75,1.86,2.32,0,21.8,1.39,3.25,33.87,79.45,19.95,76.74,4.18,88.89,5.57,91.67,1.86,75,15.06,33.03,0.11,0.93,0,0,0,0,0.93,2.78,83.33,2.78,66.67,0,0,0.46,1.39,6.96,53.33,0,,0,,0,0,0,0,,,0.93,,
N. Martinez,MLS Next Pro,2026,Carolina Core,Carolina Core,"RB, RCB",25,1003,0,0.29,0,0.67,United States,7.27,6.01,53.73,2.33,61.54,0.27,0.33,0.18,3.77,4.6,0.99,2,0.18,0,0,0.9,0,0,0,0.03,0,0,4,0.36,0,0,0,1.62,38.89,0.36,75,2.33,57.69,0.63,0.27,0.18,20.82,1.17,1.44,29.43,78.35,13.46,70,5.83,98.46,6.64,81.08,2.96,39.39,18.21,27.71,0.06,0.36,0.09,0,0,0,0.18,3.59,70,1.79,35,0.09,0,0.18,0.45,6.91,62.34,0,,0,,0,0,0,0,,,0.9,,
G. Dahlin,MLS Next Pro,2026,,New England II,"RCB, CB, LCB",22,198,0,0,0,0,Sweden,6.82,4.09,100,3.18,42.86,0,0,0.45,2.73,3.33,0,0,0,0,0,0.91,0,0,0,0,0,0,0,0,0,0,0,0,0,1.36,66.67,3.64,62.5,0.45,1.82,0,41.36,0,0.91,60,89.39,24.55,77.78,6.36,100,25.45,98.21,6.82,46.67,21.78,36.97,0,0,0,0,0,0,0,8.18,72.22,0.45,0,0.45,0,0,0,13.18,75.86,0,,0,,0,0,0,0,,,3.18,,
O. Joseph Pratt,MLS Next Pro,2026,Chicago Fire II,Chicago Fire II,GK,17,577,0,0,0,0,United States,0.94,0.16,100,0.16,100,0,0,0,0.78,0.99,0,2,0.31,0,0,0,0,0,0,0,0,0,0,0,0,0,0,0,0,0,0,0.16,100,0,0,0,9.83,0.16,0.31,17.94,89.57,9.05,84.48,0.16,100,8.27,98.11,3.28,61.9,25.62,42.23,0,0,0,0,0,0,0,0.62,50,0,0,0,0,0,0,3.12,45,7,1.09,25,3.9,2,72,5.51,0.86,-1.49,-0.232,0,0.94,0.16
D. Brown,MLS Next Pro,2026,Tacoma Defiance,Tacoma Defiance,"LCB, LB",,244,0,0,0,0.02,United States,6.27,4.43,66.67,1.84,60,0,0,0,3.32,3.6,0.37,1,0.37,0,0,0.74,0,0,0,0,0,0,0,0,0,0,0,0.37,100,0.37,100,2.21,50,0,0.37,0,43.16,0.74,0.37,57.91,92.99,22.5,85.25,2.95,100,28.4,98.7,4.8,69.23,18.66,38.15,0.01,0.37,0,0,0,0,0.37,5.16,78.57,0.74,100,0.37,100,0.37,0.37,7.01,68.42,0,,0,,0,0,0,0,,,0.74,,
M. Fisher,MLS Next Pro,2026,Oakland Roots,Toronto II,RCB,25,192,0,0,0,0,United States,5.63,2.81,66.67,3.75,50,0.94,1.36,0,2.81,4.09,0.94,0,0,0,0,0,0,0,0,0,0,0,0,0,0,0,0,0,0,0,0,4.69,80,0.94,0,0,63.75,0,3.75,87.19,83.87,37.5,65,5.63,100,41.25,100,11.25,41.67,24.54,48.43,0,0,0,0,0,0,0,11.25,58.33,0,0,0,0,0.94,0,20.63,54.55,0,,0,,0,0,0,0,,,5.63,,
A. Ramos,MLS Next Pro,2026,Connecticut FC,Connecticut FC,GK,23,291,0,0,0,0,United States,1.55,0,0,0.31,100,0,0,0,1.55,2.31,0,0,0,0,0,0,0,0,0,0,0,0,0,0,0,0,0,0,0,0,0,0,0,0,0,0,15.15,0.62,0.62,24.43,93.67,8.04,80.77,0,0,14.85,100,4.95,75,22.78,43.31,0,0,0,0,0,0,0,0.31,0,0,0,0,0,0,0,4.95,68.75,7,2.16,11,3.4,0,36.36,3.84,1.19,-3.16,-0.977,0,1.24,0.31
N. Dossmann,MLS Next Pro,2026,The Town,The Town,LCB,,374,0,0.01,0,0,United States,7.7,5.53,65.22,2.41,50,0,0,0.96,4.09,5.67,1.2,1,0.24,0,0,0.24,0,0,0,0,0,0,1,0.24,0,0,0,0,0,0.24,100,0.48,100,0.72,0.72,0.24,56.79,0,0.48,72.67,83.11,27.91,62.93,6.98,100,33.21,96.38,12.99,35.19,24.19,40.84,0,0,0,0,0,0,0,8.18,44.12,0.96,50,0.96,0,0,0,10.83,62.22,0,,0,,0,0,0,0,,,4.81,,
D. Barrett,MLS Next Pro,2026,Houston Dynamo II,Houston Dynamo II,RCB,17,489,0,0,0,0,United States,8.47,6.26,64.71,1.29,57.14,0.55,0.7,0.18,3.87,4.92,1.29,1,0.18,0,0,0,0,0,0,0,0,0,0,0,0,0,0,0,0,0.37,0,2.58,42.86,0,0.74,0,30.55,0.55,0.92,41.41,87.11,17.3,76.6,3.87,95.24,14.72,95,3.13,41.18,17.95,38.2,0,0,0,0,0,0,0,4.6,72,0.55,0,0.37,0,0,0,7.36,57.5,0,,0,,0,0,0,0,,,1.66,,
N. Cavallo,MLS Next Pro,2026,New York City II,New York City II,LB,24,190,0,0.18,0,0,United States,9.95,7.58,56.25,0.95,50,0,0,0.47,5.68,6.43,0.95,1,0.47,0,0,0.95,0,0,0,0.09,0,0,1,0.47,100,0,0,0.95,0,0.95,50,4.74,70,0.95,3.79,3.32,40.74,3.32,1.42,56.37,84.03,19.89,83.33,12.32,96.15,9.95,85.71,3.79,62.5,17.41,39.37,0,0,0,0,0,0,0,7.58,75,1.42,33.33,0.95,0,0,0,8.05,70.59,0,,0,,0,0,0,0,,,1.89,,
M. Murray,MLS Next Pro,2026,New York City II,New York City II,RCB,24,285,0,0,0,0,United States,6.63,3.47,45.45,3.79,91.67,0.32,0.38,1.26,4.74,5.77,1.26,1,0.32,0,0,0,0,0,0,0,0,0,0,0,0,0,0,0,0,0,0,2.84,33.33,0,0.63,0,52.11,0.32,0.32,73.89,84.19,32.53,73.79,6.63,95.24,28.11,94.38,12.95,48.78,22.53,40.05,0,0,0,0,0,0,0,9.79,64.52,1.26,25,0.95,66.67,0.32,0,14.53,73.91,0,,0,,0,0,0,0,,,5.37,,
J. Gunn,MLS Next Pro,2026,New England II,New England II,GK,26,397,0,0,0,0,Panama,0.45,0,0,0.23,100,0,0,0,0.45,0.6,0,0,0,0,0,0,0,0,0,0,0,0,0,0,0,0,0,0,0,0,0,0.23,100,0,0,0,7.25,0,0.45,15.19,88.06,8.61,81.58,0,0,5.89,100,4.53,75,27.82,53.31,0,0,0,0,0,0,0,1.13,60,0,0,0,0,0,0,4.08,72.22,3,0.68,14,3.17,2,78.57,3.07,0.7,0.07,0.016,0,0.23,0.23
A. Erickson,MLS Next Pro,2026,Colorado Rapids II,Colorado Rapids II,"LB, RB",18,267,0,0,0,0,United States,6.74,9.78,41.38,2.36,57.14,0,0,0.34,2.7,4.36,2.02,0,0,0,0,1.01,0,0,0,0,0,0,0,0,0,0,0,0,0,2.02,50,7.08,42.86,0,1.01,0,27.98,0.34,2.02,39.78,83.9,14.16,78.57,10.11,96.67,7.42,90.91,1.69,40,13.92,15.21,0,0,0,0,0,0,0,3.03,77.78,0,0,0,0,0,0,5.06,46.67,0,,0,,0,0,0,0,,,1.01,,
J. Gilman,MLS Next Pro,2026,Toronto II,Toronto II,"RB, LCB, DMF",22,573,0,0.16,0,0.05,United States,9.42,5.5,62.86,1.73,72.73,0,0,0.79,5.97,6.26,0.94,1,0.16,0,0,0.47,0,0,0,0.02,0,0,2,0.31,100,0,0,0.31,50,0,0,2.36,26.67,0.31,0.63,0,30.79,0.94,0.47,43.82,85.3,15.71,76,6.6,100,15.71,89,3.3,57.14,17.52,36.81,0.01,0.31,0,0,0,0,0,4.71,83.33,0.79,60,0.31,50,0.47,0.16,7.7,55.1,0,,0,,0,0,0,0,,,1.41,,
A. Lopez,MLS Next Pro,2026,Seattle Sounders,Tacoma Defiance,"RCB, CB",24,247,0,0.07,0,0,United States,5.83,5.1,42.86,3.64,60,0,0,0.73,3.64,4.48,1.09,1,0.36,0,0,0,0,0,0,0.03,0,0,1,0.36,0,0,0,0.36,0,0.36,0,1.82,60,0.36,0.73,0,49.19,0,1.82,62.31,92.4,23.32,84.38,3.28,100,31.34,97.67,4.37,58.33,22.23,59.91,0,0,0,0,0,0,0,6.56,66.67,1.09,33.33,0,0,0.36,0.36,7.29,80,0,,0,,0,0,0,0,,,2.19,,
N. Newman,MLS Next Pro,2026,Tacoma Defiance,Tacoma Defiance,GK,18,199,0,0,0,0,United States,0.45,0,0,0,0,0,0,0,0.45,0.64,0,0,0,0,0,0,0,0,0,0,0,0,0,0,0,0,0,0,0,0,0,0,0,0,0,0,12.21,0,0,25.33,80.36,14.47,68.75,0,0,9.05,100,6.33,28.57,29.92,50.69,0,0,0,0,0,0,0,1.36,0,0.45,0,0,0,0,0,5.43,41.67,5,2.26,10,4.52,0,50,3.48,1.57,-1.52,-0.687,0,1.36,0
M. Floriani,MLS Next Pro,2026,The Town,The Town,RCB,23,279,0,0.15,0,0,United States,8.06,7.1,50,5.81,61.11,0.65,0.9,0.32,3.87,5.37,2.26,2,0.65,0,0,0.65,0,0,0,0.05,0,0,1,0.32,0,0,0,0.32,0,0.65,100,2.9,77.78,0.65,0.32,0,52.26,0,2.26,70.97,94.09,30.97,92.71,3.87,91.67,31.29,95.88,4.52,78.57,22.43,47.27,0,0,0,0,0,0,0.32,8.71,85.19,0.32,0,0.32,0,0.32,0,12.9,90,0,,0,,0,0,0,0,,,3.23,,
N. Crockford,MLS Next Pro,2026,The Town,The Town,GK,23,683,0,0,0,0,United States,1.32,0.26,50,0.13,100,0,0,0,1.19,1.44,0,0,0,0,0,0,0,0,0,0,0,0,0,0,0,0,0,0,0,0.13,0,0.26,50,0,0,0,22.53,0.13,0.13,33.6,88.63,14.89,77.88,0,0,16.87,98.44,9.88,69.33,28.48,45.46,0,0,0,0,0,0,0,1.32,50,0.13,0,0.13,0,0,0,7.77,67.8,8,1.05,36,4.74,2,77.78,9.08,1.2,1.08,0.142,0,0.79,0.13
J. Jasinski,MLS Next Pro,2026,The Town,The Town,"LB, RB, RCB",22,389,0,0.01,0,0.12,United States,5.32,7.4,53.13,3.7,75,0,0,0.23,1.39,1.91,1.62,1,0.23,0,0,1.16,0,0,0,0,0,0,1,0.23,0,0,0,1.62,71.43,0.23,0,2.08,22.22,0.93,1.39,0,37.71,2.08,0.69,48.12,87.5,13.42,77.59,13.42,96.55,16.2,90,3.93,47.06,20.77,41.29,0.03,0.69,0,0,0,0,0,4.4,63.16,1.85,25,0.93,0,0.23,0.23,4.63,65,0,,0,,0,0,0,0,,,2.78,,
N. Djordjevic,MLS Next Pro,2026,Vancouver Whitecaps II,Vancouver Whitecaps II,"RB, RWB",23,365,0,0.13,0,0.84,United States,12.33,9.62,69.23,0.99,75,0,0,0.25,5.67,6.16,0.25,0,0,0,0,3.95,0,0,0,0.03,0,0,2,0.49,0,0,0,2.22,33.33,4.93,55,14.55,44.07,1.23,3.7,0.49,21.21,2.71,2.71,32.3,80.92,8.38,79.41,5.92,100,13.07,75.47,4.44,55.56,19.52,38.11,0.21,2.22,0,0,0.49,100,1.23,2.96,66.67,2.71,45.45,0.99,100,0.74,0.99,5.18,66.67,0,,0,,0,0,0,0,,,0.74,,
K. Chandler,MLS Next Pro,2026,Minnesota United II,Minnesota United II,"LB, LWB",21,457,0,0.04,0,1.13,United States,13.39,9.85,66,0.39,50,0.79,0.93,0.2,6.11,7.21,1.38,1,0.2,0,0,3.74,0,0,0,0.01,0,0,1,0.2,0,0,0,3.35,47.06,3.94,55,7.68,48.72,1.18,2.76,0.2,30.13,2.95,1.18,43.13,79.91,16.94,73.26,8.47,95.35,10.83,76.36,2.17,36.36,17.6,35.98,0.22,1.77,0,0,0,0,0.79,5.91,66.67,2.95,66.67,0.39,50,0.59,1.77,9.45,75,0,,0,,0,0,0,0,,,0.79,,
W. Sangoquiza,MLS Next Pro,2026,Crown Legacy FC,Crown Legacy FC,"RCB, LB",20,392,0,0.26,0,0,Ecuador,7.81,6.43,64.29,4.13,77.78,0.46,0.61,0.92,3.21,4.24,0.69,2,0.46,0,0,0.23,0,0,0,0.06,0,0,2,0.46,0,0,0,0.46,50,0,0,1.61,28.57,0.92,0.23,0,33.98,0.69,0.23,43.62,93.16,12.86,85.71,4.59,95,22.27,98.97,2.3,70,20.66,33.64,0,0,0.23,0.23,0,0,0.23,3.21,78.57,0.46,100,0.23,0,0.46,0.23,5.97,65.38,0,,0,,0,0,0,0,,,2.3,,
I. Walker,MLS Next Pro,2026,Charlotte FC,Crown Legacy FC,GK,25,198,0,0,0,0,United States,0.45,0,0,0,0,0,0,0,0.45,0.75,0,1,0.45,0,0,0,0,0,0,0,0,0,0,0,0,0,0,0,0,0,0,0,0,0,0,0,15,0,0,26.82,84.75,12.27,74.07,0,0,12.73,92.86,7.73,47.06,28.34,45.29,0,0,0,0,0,0,0,0.91,50,0,0,0.45,0,0,0,6.82,46.67,2,0.91,7,3.18,1,71.43,1.58,0.72,-0.42,-0.191,0,0,0
C. Guske,MLS Next Pro,2026,Orlando City,Orlando City B,"LCMF, LDMF, RCB",19,241,0,0.19,1,0.37,United States,10.83,7.47,55,0,0,0,0,0.75,6.72,9.15,0.75,0,0,0,0,1.87,0,0,0,0.07,0,0,3,1.12,33.33,0,0.37,0.75,50,1.12,100,7.47,80,1.87,1.49,0.37,37.72,0.37,4.85,49.29,84.09,18.67,74,3.73,100,19.42,92.31,6.35,52.94,20.41,49.98,0.14,1.12,0,0,0,0,0.37,10.46,60.71,2.24,16.67,0,0,1.12,0.37,8.96,75,0,,0,,0,0,0,0,,,1.49,,
Z. Taifi,MLS Next Pro,2026,Orlando City B,Orlando City B,"RB, RCB",20,278,1,0.76,0,0,United States,8.74,5.18,56.25,2.27,71.43,0,0,1.29,5.83,7.5,0.65,3,0.97,0,0,2.27,0.32,1,0.32,0.25,0,0,8,2.59,50,12.5,0,1.29,25,0.97,66.67,2.91,66.67,2.27,1.94,0,26.87,0.97,0.65,34.32,80.19,15.54,75,4.21,100,10.36,87.5,5.18,50,22.98,42.88,0,0,0,0,0,0,0,3.88,83.33,0.97,0,0,0,0,0,9.39,65.52,0,,0,,0,0,0,0,,,1.29,,
T. Reid-Brown,MLS Next Pro,2026,Orlando City B,Orlando City B,"LCB, LB",19,283,0,0,0,0.12,United States,7,5.41,70.59,1.91,50,0.32,0.42,0.32,2.86,3.75,0.32,1,0.32,0,0,0.32,0,0,0,0,0,0,0,0,0,0,0,1.27,25,0.32,0,5.72,38.89,0.32,0.64,0.64,25.12,0.64,2.23,37.84,84.03,18.13,73.68,5.41,100,11.13,91.43,4.13,46.15,20.97,46.68,0.04,0.32,0,0.32,0,0,0.32,3.5,63.64,0.95,33.33,0,0,0.32,0.32,6.04,57.89,0,,0,,0,0,0,0,,,2.54,,
V. Rinaldi,MLS Next Pro,2026,Colorado Rapids II,Colorado Rapids II,LCB,19,247,0,0,0,0,United States,6.56,4.74,46.15,4.37,25,0.36,0.48,1.09,4.01,5.24,2.91,1,0.36,1,0.36,0,0,0,0,0,0,0,0,0,0,0,0,0,0,0,0,1.82,60,0,0.73,0,50.65,0,1.09,63.77,90.86,28.06,79.22,3.28,100,24.05,100,5.1,21.43,19.38,41.91,0,0,0,0,0,0,0,8.02,72.73,0,0,0.36,0,0,0,9.11,68,0,,0,,0,0,0,0,,,2.55,,
Luca Antongirolami,MLS Next Pro,2026,Sporting KC II,Sporting KC II,"LCB, LB",15,622,0,1.01,0,0.21,United States,8.83,7.23,56,2.32,50,0.29,0.36,0.72,4.49,5.57,1.45,1,0.14,0,0,0.58,0,0,0,0.15,0,0,4,0.58,25,0,0,0.29,50,0.29,100,1.45,70,1.3,0.58,0,43.7,0.72,0.58,54.69,88.89,16.64,79.13,4.63,93.75,26.62,94.02,5.06,68.57,20.21,43.84,0.03,0.14,0,0,0,0,0.14,3.33,69.57,0.72,60,0,0,0.43,0.14,6.22,65.12,0,,0,,0,0,0,0,,,2.32,,
Z. Wantland,MLS Next Pro,2026,Sporting KC II,Sporting KC II,LB,18,895,0,0.04,2,0.97,United States,9.55,7.44,60.81,1.51,40,0.4,0.44,0.5,4.63,5.07,1.21,1,0.1,0,0,2.21,0,0,0,0,0,0,1,0.1,0,0,0.2,3.42,35.29,1.41,71.43,4.93,67.35,0.91,1.61,0.3,29.26,1.91,2.61,37.01,77.72,12.07,60.83,10.46,95.19,9.15,73.63,3.82,44.74,19.43,31.81,0.1,0.91,0,0,0,0,0.8,3.12,54.84,3.62,44.44,0.3,0,0.8,1.31,7.04,62.86,0,,0,,0,0,0,0,,,0,,
J. Francka,MLS Next Pro,2026,Sporting KC II,Sporting KC II,RB,16,1401,0,0.23,1,2.31,United States,6.94,7.32,49.12,1.16,61.11,0.32,0.38,0.39,3.02,3.53,0.64,1,0.06,0,0,1.09,0,0,0,0.01,0,0,2,0.13,50,0,0.06,1.73,29.63,0.64,80,2.57,50,0.19,0.9,0.06,29.87,0.96,0.64,37.19,82.21,13.81,71.16,7.13,99.1,11.5,83.8,4.43,43.48,18.75,39.36,0.15,0.9,0,0.06,0,0,0.13,3.47,66.67,1.73,33.33,0.13,50,0.13,0.64,6.36,58.59,0,,0,,0,0,0,0,,,0.32,,
J. Molinaro,MLS Next Pro,2026,Sporting KC II,Sporting KC II,GK,19,884,0,0,0,0,United States,0.92,0.1,0,0.81,75,0,0,0,0.92,1.05,0.1,0,0,0,0,0,0,0,0,0,0,0,0,0,0,0,0,0,0,0,0,0.1,100,0,0,0,11.3,0,0.1,17.82,92,7.74,85.53,0,0,9.26,96.7,2.95,65.52,24.82,36.68,0,0,0,0,0,0,0,0.31,66.67,0,0,0,0,0,0,2.65,61.54,25,2.55,59,6.01,0,57.63,18.67,1.9,-6.33,-0.644,0,1.93,0.81
J. Kortkamp,MLS Next Pro,2026,Sporting KC,Sporting KC II,GK,18,691,0,0,0,0,United States,0.13,0,0,0.13,100,0,0,0,0.13,0.15,0.13,0,0,0,0,0,0,0,0,0,0,0,0,0,0,0,0,0,0,0,0,0,0,0,0,0,10.94,0,0.13,17.58,80,8.6,63.64,0,0,7.81,95,5.73,45.45,29.17,44.5,0,0,0,0,0,0,0,1.04,25,0,0,0,0,0,0,3.91,43.33,17,2.21,46,5.99,0,63.04,13.21,1.72,-3.79,-0.494,0,0.26,0.13
P. Lurot,MLS Next Pro,2026,Sporting KC II,Sporting KC II,RCB,24,1575,0,1.07,0,0.72,France,6.97,3.49,68.85,1.94,58.82,0.23,0.27,0.46,4.34,5.07,0.29,1,0.06,0,0,0.4,0,0,0,0.06,0,0,9,0.51,11.11,0,0,0.46,25,0.29,80,1.89,45.45,0.86,0.57,0.11,50,0.46,0.74,65.83,90.97,26.69,83.51,2.86,100,30.11,96.58,7.09,63.71,20.32,38.64,0.04,0.29,0.17,0,0.06,0,0.06,6.69,78.63,0.91,43.75,0.29,40,0.4,0.11,12.17,77.93,0,,0,,0,0,0,0,,,2.17,,
M. Ferguson,MLS Next Pro,2026,Sporting KC II,Sporting KC II,"LCB, RCB",23,343,0,0.05,0,0,United States,8.66,3.15,83.33,2.36,44.44,0.26,0.29,1.05,5.77,6.29,0.26,0,0,0,0,0.26,0,0,0,0.01,0,0,1,0.26,100,0,0,0,0,0,0,0.26,0,0,0,0,41.46,0.52,0,56.68,85.65,21.78,72.29,2.62,80,27.03,96.12,9.45,44.44,22.17,44.85,0,0,0,0,0,0,0,4.46,76.47,0,0,0,0,0,0,11.28,55.81,0,,0,,0,0,0,0,,,1.84,,
K. Nielsen,MLS Next Pro,2026,Los Angeles FC,Los Angeles II,"RCB, RB",24,282,0,0.34,0,0,United States,7.02,4.47,71.43,4.79,60,0,0,0.32,3.83,6.1,0.96,1,0.32,0,0,0.64,0,0,0,0.11,0,0,2,0.64,0,0,0,0.64,0,0.96,66.67,3.19,60,0.64,0.32,0.32,61.6,1.28,1.28,75.96,92.86,23.3,83.56,7.02,100,37.02,97.41,6.06,57.89,19.83,40.68,0,0,0.32,0,0,0,0,4.79,66.67,0.32,0,0,0,0,0,9.57,70,0,,0,,0,0,0,0,,,3.83,,
Richard Chukwu,MLS Next Pro,2026,Toronto II,Toronto II,LB,18,208,0,0.08,0,0.58,Canada,6.49,5.19,83.33,0.43,100,0,0,0,2.16,2.31,0.43,0,0,0,0,1.73,0,0,0,0.03,0,0,1,0.43,0,0,0,1.73,75,1.3,33.33,5.63,61.54,1.3,0.43,0,33.75,0.87,1.73,42.84,82.83,19.9,76.09,5.19,100,11.25,88.46,5.63,30.77,18.43,31.42,0.25,1.73,0,0,0,0,0.43,5.63,53.85,3.03,71.43,0.43,0,1.73,1.3,9.52,59.09,0,,0,,0,0,0,0,,,0,,
J. Bazan,MLS Next Pro,2026,New York RB II,New York RB II,RCB,20,265,1,0.66,1,0.44,Colombia,9.51,6.45,52.63,2.72,50,0,0,0.68,6.11,8.06,1.02,0,0,0,0,1.36,0.34,1,0.34,0.22,0,0,2,0.68,100,50,0.34,0,0,0.68,50,2.04,66.67,1.36,0.68,0,46.53,0.34,0.68,66.23,90.77,22.42,78.79,5.09,100,34.98,97.09,3.74,27.27,20.3,43.63,0.15,0.34,0,0,0.34,100,0.34,6.79,60,0.34,0,0.34,100,0,0,8.15,70.83,0,,0,,0,0,0,0,,,5.09,,
O. Valencia,MLS Next Pro,2026,New York RB II,New York RB II,LB,22,236,0,0.01,0,0.1,Panama,9.53,9.92,42.31,1.91,60,0,0,0.38,5.34,6.18,1.14,1,0.38,0,0,1.91,0,0,0,0,0,0,2,0.76,50,0,0,1.14,33.33,1.14,100,7.25,63.16,1.14,2.29,1.14,40.81,1.14,1.53,54.92,87.5,22.12,86.21,8.77,91.3,14.87,89.74,0.76,50,15.34,21.67,0.04,0.38,0.38,0.38,0,0,0.38,7.63,80,1.14,0,0,0,0.38,0.38,8.01,85.71,0,,0,,0,0,0,0,,,1.14,,
N. Young,MLS Next Pro,2026,Sporting KC II,Sporting KC II,LCB,18,906,0,0,0,0.01,United States,7.35,4.27,55.81,1.69,52.94,0.1,0.11,1.19,4.87,5.63,0.5,1,0.1,0,0,0.1,0,0,0,0,0,0,0,0,0,0,0,0,0,0.1,100,0.79,50,0,0.5,0,44.21,0.3,0.2,57.91,90.05,20.36,80.49,2.48,96,29.7,95.99,3.87,43.59,19.63,30.3,0,0.1,0.2,0,0,0,0,3.87,79.49,0.1,0,0.1,100,0,0,8.44,57.65,0,,0,,0,0,0,0,,,1.19,,
D. Russo,MLS Next Pro,2026,Sporting KC II,Sporting KC II,"LB, LWB",24,414,0,1.11,1,0.12,United States,7.17,5.22,62.5,2.17,50,0.43,0.57,0.43,3.48,4.53,0.87,0,0,0,0,1.96,0,0,0,0.24,0,0,10,2.17,10,0,0.22,1.74,25,2.83,46.15,5.65,53.85,2.39,0.65,0,26.3,2.39,1.3,35.65,79.88,13.26,73.77,5.22,91.67,10.43,81.25,1.52,42.86,16.4,13.18,0.03,0.22,0,0,0,0,0.22,4.35,75,2.61,16.67,0,0,0.22,0.43,5.22,66.67,0,,0,,0,0,0,0,,,0.65,,
C. Abadia-Reda,MLS Next Pro,2026,Inter Miami,Inter Miami II,"LB, LWB",20,245,0,0.08,0,0.23,United States,8.45,6.24,64.71,1.47,50,0.37,0.58,0,4.04,6.35,0.73,1,0.37,0,0,2.94,0,0,0,0.03,0,0,2,0.73,50,0,0,1.47,50,2.2,83.33,5.14,50,0.37,1.1,0,37.1,2.2,0.73,43.71,86.55,11.02,80,15.8,95.35,10.65,82.76,3.67,60,17.67,41.06,0.08,1.1,0,0,0,0,0.37,1.84,80,1.1,33.33,0.37,100,0.37,0.73,7.35,60,0,,0,,0,0,0,0,,,0.73,,
R. Thomas,MLS Next Pro,2026,Austin FC II,Austin FC II,RB,24,621,1,0.62,2,0.34,United States,6.38,5.22,44.44,3.62,56,0,0,0.29,4.06,4.94,1.45,4,0.58,0,0,0.58,0.14,1,0.14,0.09,0,0,4,0.58,50,25,0.29,1.59,18.18,0.29,0,1.3,44.44,1.59,1.01,0.29,34.49,2.32,0.29,44.64,88.96,13.19,84.62,9.57,96.97,12.9,82.02,2.46,58.82,16.72,32.25,0.05,0.72,0,0.14,0,0,0.29,3.62,88,2.03,50,0.14,0,1.01,0.43,6.23,79.07,0,,0,,0,0,0,0,,,0.72,,
Reyniel Perdomo,MLS Next Pro,2026,Connecticut FC,Connecticut FC,"RB, RCB, RCMF",25,358,0,0.78,0,0.22,Panama,8.04,6.79,59.26,4.27,70.59,0,0,0,4.02,5.39,1.76,1,0.25,0,0,1.76,0,0,0,0.2,0,0,4,1.01,50,0,0,4.78,15.79,1.26,40,4.53,66.67,1.26,0,0,28.16,0.25,1.76,42.49,67.46,20.36,66.67,4.53,88.89,13.58,61.11,7.79,41.94,22.24,41.36,0.06,1.01,0,0,0,0,0.25,10.81,60.47,5.53,27.27,0,0,0.75,1.01,12.32,75.51,0,,0,,0,0,0,0,,,0.5,,
R. Hauth,MLS Next Pro,2026,Connecticut FC,Connecticut FC,RCB,20,187,0,0.58,0,0,Germany,9.63,4.33,44.44,5.78,66.67,0,0,0.48,7.7,10.67,1.44,0,0,0,0,0.48,0,0,0,0.28,0,0,3,1.44,33.33,0,0,0,0,0,0,0.48,0,1.44,0.48,0,23.1,0,0.48,37.54,82.05,12.51,57.69,1.93,75,19.73,95.12,5.29,45.45,20.84,20.46,0,0,0,0,0,0,0,4.33,55.56,0.48,0,0,0,0,0,4.81,50,0,,0,,0,0,0,0,,,0.96,,
K. Rizvanovich,MLS Next Pro,2026,Minnesota United,Minnesota United II,GK,18,292,0,0,0,0,United States,0,0,0,0,0,0,0,0,0,0,0,0,0,0,0,0,0,0,0,0,0,0,0,0,0,0,0,0,0,0,0,0,0,0,0,0,31.44,0.62,0,44.69,84.83,20.34,69.7,0,0,23.42,97.37,14.18,54.35,30.72,46.87,0,0,0,0,0,0,0,4.93,31.25,0,0,0,0,0,0,7.71,80,5,1.54,13,4.01,0,61.54,4.4,1.36,-0.6,-0.185,0,2.47,0
L. Sunjic,MLS Next Pro,2026,New York City II,New York City II,"RB, LCMF, LWF",18,243,0,0.01,0,0.39,United States,7.78,5.93,81.25,0.74,50,0.37,0.54,0.74,2.59,3.75,0.37,0,0,0,0,1.48,0,0,0,0,0,0,1,0.37,0,0,0,0.74,100,1.48,50,6.3,41.18,0.74,0.37,0,17.41,1.48,2.96,23.7,73.44,5.93,31.25,9.26,88,4.81,100,1.85,0,11.9,17.42,0.14,0.74,0,0,0,0,0.37,3.33,33.33,1.11,66.67,0.37,0,0.37,0.74,2.96,37.5,0,,0,,0,0,0,0,,,2.22,,
X. Valdez,MLS Next Pro,2026,Nashville SC,Huntsville City,GK,22,294,0,0,0,0,United States,1.22,0.31,0,0,0,0,0,0,1.22,1.46,0,0,0,0,0,0,0,0,0,0,0,0,0,0,0,0,0,0,0,0,0,0,0,0,0,0,14.69,0,0,26.94,77.27,13.16,58.14,0.31,100,13.16,95.35,10.41,44.12,31.53,43.54,0,0,0,0,0,0,0,1.84,33.33,0,0,0.31,100,0,0,6.12,55,17,5.2,27,8.27,0,37.04,12.45,3.81,-4.55,-1.393,0,2.14,0
E. Ponciano,MLS Next Pro,2026,Los Angeles II,Los Angeles II,LB,19,599,0,0.12,0,0.12,United States,7.21,7.21,43.75,1.2,25,0.15,0.21,0.15,3.91,5.34,2.25,2,0.3,0,0,0.6,0,0,0,0.02,0,0,1,0.15,0,0,0,1.05,42.86,0.15,100,3.76,52,0.45,1.05,0,46.73,0.75,1.65,56.04,84.18,18.78,73.6,9.47,95.24,18.48,87.8,5.41,36.11,19.26,33.74,0.02,0.3,0,0,0,0,0,6.61,61.36,2.25,33.33,0.75,20,0.3,0.45,8.71,70.69,0,,0,,0,0,0,0,,,1.05,,
S. Liu,MLS Next Pro,2026,Los Angeles II,Los Angeles II,GK,22,196,0,0,0,0,China PR,0.46,0,0,0,0,0,0,0,0.46,0.65,0,0,0,0,0,0,0,0,0,0,0,0,0,0,0,0,0,0,0,0,0,0,0,0,0,0,11.48,0,0,22.04,89.58,8.72,84.21,0,0,9.18,90,2.76,16.67,19.55,44.72,0,0,0,0,0,0,0,0.46,0,0,0,0,0,0,0,2.3,40,6,2.76,10,4.59,0,40,4.52,2.07,-1.48,-0.68,0,0.92,0
C. Welsh,MLS Next Pro,2026,St. Louis City II,St. Louis City II,GK,23,479,0,0,0,0,United States,0.56,0.38,0,0,0,0.19,0.22,0,0.38,0.44,0,0,0,0,0,0,0,0,0,0,0,0,0,0,0,0,0,0,0,0,0,0,0,0,0,0,16.16,0,0,23.67,90.48,9.77,78.85,0,0,11.65,98.39,4.13,45.45,23.25,47.4,0,0,0,0,0,0,0,0.56,33.33,0,0,0,0,0,0,3.19,52.94,12,2.25,26,4.89,1,53.85,8.55,1.61,-3.45,-0.648,0,0.75,0
K. Hiebert,MLS Next Pro,2026,St. Louis City ,St. Louis City II,"RCB, RB, CB",28,484,1,0.87,0,0,Canada,8.37,5.21,64.29,4.83,61.54,0.19,0.24,0.74,4.83,6.34,0.93,1,0.19,0,0,0.37,0.19,1,0.19,0.16,0,0,6,1.12,33.33,16.667,0,0.19,0,0,0,0.93,40,1.3,0.93,0,51.69,0.37,0.19,64.9,92.26,26.22,85.82,8.37,95.56,20.45,98.18,4.28,60.87,15.93,38.29,0,0,0,0.19,0,0,0,5.21,78.57,0.74,0,0,0,0.37,0,5.58,63.33,0,,0,,0,0,0,0,,,1.3,,
R. Mora,MLS Next Pro,2026,Connecticut FC,Connecticut FC,"LCMF, RCB, RW",21,849,1,0.89,4,1.22,United States,13.14,9.65,56.04,3.07,72.41,0.21,0.25,0.53,7.53,8.84,3.18,5,0.53,1,0.11,0.85,0.11,1,0.11,0.09,0,0,3,0.32,33.33,33.333,0.42,0.95,22.22,0.95,55.56,7.21,50,0.74,0.53,0,21.2,0.42,2.23,35.3,73.57,13.57,61.72,3.71,88.57,13.04,80.49,4.13,41.03,18.82,36.23,0.13,0.74,0,0,0,0,0.64,6.36,58.33,1.59,40,0.53,40,0.53,0.21,5.83,69.09,0,,0,,0,0,0,0,,,0.42,,
A. Alaouieh,MLS Next Pro,2026,Columbus Crew II,Columbus Crew II,"LB, LCMF, LWB",19,218,0,0,0,0,United States,10.32,6.61,68.75,2.89,42.86,0.41,0.57,0.41,5.37,7.36,0.41,1,0.41,0,0,1.65,0,0,0,0,0,0,0,0,0,0,0,0.41,100,2.48,50,8.67,61.9,0,3.3,1.24,24.36,2.06,4.13,33.85,82.93,10.32,60,10.73,88.46,7.02,94.12,0.83,0,17.24,26.15,0,0,0,0,0,0,0,3.3,62.5,0.41,100,0,0,0,0.41,4.95,41.67,0,,0,,0,0,0,0,,,0,,
O. Jorgensen,MLS Next Pro,2026,St. Louis City II,St. Louis City II,RCB,16,260,0,0.08,0,0,United States,7.27,2.77,62.5,1.04,66.67,0,0,0.69,5.54,7.06,0.69,0,0,0,0,0,0,0,0,0.03,0,0,1,0.35,0,0,0,0.35,0,0,0,0,0,0.69,0,0.35,44.65,0.35,0,61.62,85.96,20.42,77.97,2.42,85.71,32.19,90.32,7.27,52.38,22.69,37.3,0,0,0,0.35,0,0,0.35,9,69.23,0.35,0,0,0,0.35,0.35,11.42,60.61,0,,0,,0,0,0,0,,,1.73,,
I. Francoeur,MLS Next Pro,2026,Vancouver Whitecaps II,Vancouver Whitecaps II,GK,17,197,0,0,0,0,Canada,3.2,0,0,0,0,0,0,0,3.2,3.13,0,0,0,0,0,0,0,0,0,0,0,0,0,0,0,0,0,0,0,0,0,0,0,0,0,0,14.16,0.46,0,21.47,89.36,5.03,63.64,0,0,15.99,97.14,3.2,42.86,22.62,45.64,0,0,0,0,0,0,0,0,0,0,0,0,0,0,0,2.74,50,7,3.2,16,7.31,0,56.25,5.47,2.5,-1.53,-0.699,0,0.46,0
D. Hurtado,MLS Next Pro,2026,Cincinnati II,Cincinnati II,"RWB, RB",19,713,1,0.39,0,0.42,Colombia,7.95,8.33,56.06,1.89,33.33,0.13,0.15,0.25,3.16,3.71,2.4,0,0,1,0.13,3.28,0.13,1,0.13,0.05,0,0,3,0.38,100,33.333,0,3.91,19.35,2.9,73.91,6.31,50,1.77,1.89,0.25,18.81,1.89,0.5,29.41,65.67,10.86,60.47,5.55,97.73,8.08,50,2.9,39.13,19.54,26.38,0.05,0.76,0.13,0,0,0,0.5,3.03,58.33,4.17,24.24,0,0,0.38,1.14,7.57,58.33,0,,0,,0,0,0,0,,,0.38,,
W. Kuisel,MLS Next Pro,2026,Cincinnati II,Cincinnati II,LCB,18,904,0,0,0,0.01,United States,7.87,5.08,56.86,2.99,56.67,0,0,0.4,4.98,6.05,1.29,2,0.2,0,0,0.1,0,0,0,0,0,0,0,0,0,0,0,0.4,25,0.1,0,1.79,50,0.2,0.7,0,34.85,0.6,0.5,50.18,84.33,21.4,73.95,5.38,92.59,18.32,91.85,5.77,34.48,19.73,39.21,0,0.2,0,0,0,0,0,7.17,51.39,0.7,14.29,0.3,0,0.1,0,8.56,61.63,0,,0,,0,0,0,0,,,1.1,,
L. McPartlin,MLS Next Pro,2026,St. Louis City II,St. Louis City II,GK,19,680,0,0,0,0,United States,1.99,0,0,0.26,100,0,0,0,1.99,2.83,0,0,0,0,0,0,0,0,0,0,0,0,0,0,0,0,0,0,0,0,0,0.13,0,0,0,0,16.15,0.26,0.13,25.41,78.65,10.85,58.54,0,0,10.85,93.9,8.21,37.1,27.01,48.85,0,0,0,0,0,0,0,2.25,11.76,0.13,0,0,0,0,0,4.5,38.24,8,1.06,32,4.24,3,75,9.46,1.25,1.46,0.193,0,1.85,0.26
R. Lynch,MLS Next Pro,2026,St. Louis City II,St. Louis City II,"RWB, RAMF, RB",23,1290,3,3.76,6,4.35,United States,4.33,3.56,56.86,0.7,20,0.07,0.09,0.28,2.23,2.87,0.91,0,0,0,0,6.7,0.21,3,0.21,0.26,0,0,33,2.3,45.45,9.091,0.42,5.02,31.94,5.23,77.33,10.6,66.45,5.09,3.28,0.28,21.14,2.3,2.51,27.07,74.48,4.88,70,8.37,95,7.95,61.4,0.56,75,17.13,23.29,0.3,1.53,0.14,0,0.07,0,1.33,1.53,77.27,3.91,41.07,0.07,0,1.05,1.67,3.49,90,0,,0,,0,0,0,0,,,0.14,,
J. Wagoner,MLS Next Pro,2026,St. Louis City II,St. Louis City II,"RCMF, RDMF, RCB",22,1176,0,0.1,0,0.06,United States,6.73,6.2,50.62,1.61,57.14,0.23,0.3,0.15,3.37,4.4,2.07,6,0.46,0,0,0.08,0,0,0,0.01,0,0,2,0.15,0,0,0,0.15,0,0.15,50,3.29,65.12,0.38,0.23,0.08,43.09,0.15,1.68,56.17,87.19,17.45,71.49,9.11,98.32,21.28,95.32,3.75,53.06,17.75,36.9,0,0.08,0.08,0.23,0.08,0,0,7.27,70.53,1.07,42.86,0.31,0,0.46,0,7.35,69.79,0,,0,,0,0,0,0,,,0.77,,
C. Ruvalcaba Perez,MLS Next Pro,2026,Columbus Crew II,Columbus Crew II,"CB, RCB",24,391,0,0,0,0,United States,6.91,4.6,60,4.83,57.14,0,0,0.46,4.14,6.14,1.15,1,0.23,0,0,0,0,0,0,0,0,0,0,0,0,0,0,0,0,0,0,0.92,75,0.46,0.92,0.23,43.96,0.46,0.46,58.47,93.31,16.34,78.87,5.98,96.15,29.92,100,2.76,58.33,19.3,44.57,0,0,0.23,0,0,0,0,4.14,77.78,0.23,0,0.23,0,0.23,0,6.21,55.56,0,,0,,0,0,0,0,,,3.91,,
O. Presthus,MLS Next Pro,2026,Columbus Crew,Columbus Crew II,"RWB, RB",20,416,1,0.7,1,0.62,United States,8,6.27,68.97,1.51,42.86,0.22,0.28,0.22,3.46,4.4,0.87,1,0.22,0,0,1.73,0.22,1,0.22,0.15,1,0.22,8,1.73,25,12.5,0.22,2.81,15.38,1.73,50,4.11,31.58,1.73,1.08,0,29.21,2.38,0.22,37.43,68.79,15.36,61.97,6.92,93.75,9.74,55.56,5.84,51.85,20.02,35.83,0.13,0.65,0,0,0.22,0,0.87,6.27,55.17,3.68,29.41,0,0,0.65,0.65,11.03,68.63,0,,0,,0,0,0,0,,,0.43,,
G. Di Noto,MLS Next Pro,2026,Columbus Crew II,Columbus Crew II,CB,17,485,0,0,0,0,United States,9.46,5.2,82.14,2.6,50,0.37,0.45,0.19,4.82,5.91,1.3,2,0.37,0,0,0.19,0,0,0,0,0,0,0,0,0,0,0,0,0,0.93,20,1.67,44.44,0,0.19,0,32.85,0.56,1.67,49.55,91.01,16.14,81.61,3.71,95,24.31,95.42,4.45,58.33,18.86,28.91,0,0,0,0,0,0,0,1.3,71.43,0,0,0.19,0,0,0,5.75,45.16,0,,0,,0,0,0,0,,,2.97,,
K. Abbott,MLS Next Pro,2026,Columbus Crew II,Columbus Crew II,GK,17,299,0,0,0,0,United States,3.31,0,0,0.9,100,0,0,0,3.31,4.78,0,0,0,0,0,0,0,0,0,0,0,0,0,0,0,0,0,0,0,0,0,0,0,0,0,0,14.15,0,0.6,23.48,80.77,11.44,68.42,0,0,9.33,90.32,7.83,46.15,28.03,42.72,0,0,0,0,0,0,0,1.81,33.33,0.3,0,0.3,0,0,0,5.42,61.11,5,1.51,19,5.72,0,73.68,4.08,1.23,-0.92,-0.277,0,2.11,0.9
R. Aoki,MLS Next Pro,2026,Columbus Crew II,Columbus Crew II,"CB, RCB",24,367,0,0.09,0,0,Japan,6.38,3.68,53.33,1.47,50,0.49,0.67,0.49,3.92,5.39,1.47,2,0.49,0,0,0.25,0,0,0,0.02,0,0,1,0.25,0,0,0,0,0,0.25,100,0.49,50,0.25,0,0,44.39,0.25,0.25,57.14,91.85,18.39,82.67,2.45,100,30.41,96.77,3.68,73.33,17.6,27.6,0,0,0,0,0,0,0,2.7,54.55,0,0,0,0,0,0,5.4,50,0,,0,,0,0,0,0,,,2.21,,
J. Heisner,MLS Next Pro,2026,The Town,The Town,"RB, RCB",,742,3,0.99,0,0.16,United States,10.55,7.16,57.63,3.52,82.76,0.49,0.54,0.73,5.94,6.65,1.33,2,0.24,0,0,1.46,0.36,3,0.36,0.12,2,0.24,7,0.85,57.14,42.857,0,1.21,40,0.61,80,2.18,38.89,1.58,0.73,0,31.66,1.09,0.49,41.85,84.06,14.68,67.77,7.52,100,13.22,90.83,3.76,38.71,18.33,33.87,0.02,0.24,0,0,0,0,0.12,4.12,58.82,1.21,60,0,0,0.49,0.61,8.25,67.65,0,,0,,0,0,0,0,,,1.33,,
Z. Bohane,MLS Next Pro,2026,The Town,The Town,"RW, RAMF, RB",22,934,4,2.14,1,1.53,United States,10.02,7.71,51.25,3.37,60,0.29,0.34,0.39,5.78,6.77,1.64,1,0.1,0,0,3.37,0.39,4,0.39,0.21,0,0,15,1.45,40,26.667,0.1,3.57,43.24,2.12,59.09,6.07,46.03,3.66,1.54,0.29,26.69,2.6,1.25,35.56,77.51,9.73,68.32,9.44,95.92,10.7,73.87,2.31,54.17,17.25,33.69,0.15,1.06,0,0,0,0,0.87,2.99,61.29,2.99,64.52,0.1,0,0.87,1.25,5.78,70,0,,0,,0,0,0,0,,,0.48,,
M. Kwende Jr.,MLS Next Pro,2026,The Town,The Town,LB,20,648,0,0,1,0.6,United States,9.72,6.81,61.22,3.19,56.52,0.42,0.51,0.69,5.14,6.34,1.25,3,0.42,0,0,2.64,0,0,0,0,0,0,0,0,0,0,0.14,4.44,25,2.08,73.33,4.86,45.71,0.83,1.81,0,26.39,2.36,0.42,32.78,72.03,10.42,64,8.89,95.31,9.31,58.21,2.78,40,19.32,34.7,0.08,0.69,0,0,0,0,0.56,3.06,45.45,3.75,25.93,0.14,0,0.42,0.97,6.11,63.64,0,,0,,0,0,0,0,,,0.69,,
Diogo Baptista,MLS Next Pro,2026,The Town,The Town,LB,21,456,0,0.38,0,0.22,Brazil,9.08,8.49,55.81,3.55,61.11,0.2,0.22,0.59,4.14,4.57,1.18,3,0.59,0,0,0.79,0,0,0,0.08,0,0,3,0.59,33.33,0,0,1.18,33.33,0.39,50,2.57,84.62,0.59,0.39,0,23.09,0.79,1.58,34.34,78.74,15,69.74,8.09,92.68,5.92,80,3.95,35,18.71,30.25,0.04,0.2,0.2,0,0,0,0.2,3.95,50,0.99,40,0,0,0,0.39,5.92,63.33,0,,0,,0,0,0,0,,,1.38,,
A. Cano,MLS Next Pro,2026,The Town,The Town,"RCB, RB",22,940,1,3.05,1,1.23,United States,9.96,6.99,64.38,2.78,62.07,0.48,0.56,0.57,4.98,5.8,0.67,1,0.1,0,0,1.63,0.1,1,0.1,0.29,1,0.1,10,0.96,40,10,0.1,1.24,46.15,0.86,77.78,1.91,70,1.72,0.86,0.29,44.33,0.38,0.38,59.27,86.91,19.72,74.76,5.36,96.43,28.15,96.26,7.56,51.9,22.4,45.37,0.12,0.86,0.1,0,0,0,0.38,6.99,57.53,1.53,37.5,0.38,75,0.48,0.48,10.15,69.81,0,,0,,0,0,0,0,,,2.68,,
C. Lambe,MLS Next Pro,2026,The Town,The Town,GK,24,479,0,0,0,0,United States,1.32,0,0,0,0,0,0,0,1.32,1.45,0,0,0,0,0,0,0,0,0,0,0,0,0,0,0,0,0,0,0,0,0,0,0,0,0,0,23.3,0.38,0,35.14,83.96,16.72,71.91,0,0,16.91,94.44,9.58,49.02,27.67,47.99,0,0,0,0,0,0,0,2.44,23.08,0.19,0,0,0,0,0,6.95,54.05,7,1.32,25,4.7,1,72,8.57,1.61,1.57,0.295,0,3.01,0
N. Dossmann,MLS Next Pro,2026,The Town,The Town,LCB,23,1194,0,0.01,0,0.51,United States,7.61,4.97,63.64,3.54,44.68,0.15,0.18,1.06,4.3,5.07,0.68,2,0.15,0,0,0.08,0,0,0,0,0,0,1,0.08,0,0,0,0,0,0.15,50,0.38,60,0.3,0.3,0.08,48.62,0.3,0.3,61.28,87.21,23.59,71.57,4.45,98.31,29.92,97.73,8.97,42.86,23.81,40.02,0.04,0.15,0,0,0,0,0.15,6.11,50.62,0.6,37.5,0.38,20,0.15,0,10.33,67.15,0,,0,,0,0,0,0,,,3.47,,
A. Kamdem,MLS Next Pro,2026,Crown Legacy FC,Crown Legacy FC,LB,22,907,2,0.7,0,0.4,United States,6.15,5.06,52.94,1.29,46.15,0.1,0.15,0.3,3.37,5.07,1.09,4,0.4,0,0,0.89,0.2,2,0.2,0.07,0,0,4,0.4,50,50,0,0.79,25,0.5,100,2.98,50,0.3,1.59,0,31.46,1.69,0.89,40.68,85.12,19.55,79.7,7.34,97.3,8.53,91.86,3.18,65.63,18.76,34,0.04,0.5,0,0,0.1,0,0.3,7.94,78.75,1.39,50,0.2,0,0.5,0.1,8.83,70.79,0,,0,,0,0,0,0,,,0.5,,
D. Borso,MLS Next Pro,2026,Chicago Fire II,Chicago Fire II,RB,20,346,0,0.25,1,1.31,United States,9.88,9.1,62.86,0.78,33.33,0,0,0,4.16,5.22,1.56,0,0,0,0,6.5,0,0,0,0.06,0,0,3,0.78,66.67,0,0.26,3.12,41.67,6.76,69.23,11.97,54.35,2.34,3.64,0,37.98,5.2,1.82,50.2,78.76,14.31,61.82,10.14,97.44,17.17,83.33,5.2,45,17.87,32.57,0.34,1.56,0.52,0,0,0,1.04,3.12,50,3.9,53.33,0,0,1.56,1.3,10.4,67.5,0,,0,,0,0,0,0,,,0,,
J. Sandmeyer,MLS Next Pro,2026,Chicago Fire II,Chicago Fire II,"LCB, RCB",,730,1,2.05,0,0.03,United States,9.86,6.04,69.39,5.55,77.78,0,0,0.74,5.67,6.76,0.99,1,0.12,0,0,0.62,0.12,1,0.12,0.25,0,0,7,0.86,28.57,14.286,0,0,0,0.37,100,2.1,58.82,1.23,0.62,0,49.19,0.25,0.74,66.45,88.5,27.74,79.56,2.47,95,29.22,96.62,8.51,57.97,21.8,41.65,0,0.25,0.12,0,0,0,0,11.1,70,0.49,25,0.37,33.33,0.12,0,11.96,74.23,0,,0,,0,0,0,0,,,1.11,,
A. Castro,MLS Next Pro,2026,Inter Miami II,Inter Miami II,"LB, RB",21,193,0,0.16,0,0.21,United States,6.53,6.99,26.67,2.8,33.33,0.47,0.64,0,4.2,5.74,3.26,1,0.47,0,0,2.8,0,0,0,0.08,0,0,2,0.93,100,0,0,1.4,66.67,1.87,25,8.39,27.78,1.4,1.4,0.47,21.92,2.33,1.4,26.58,78.95,7.93,70.59,5.13,100,10.26,77.27,2.8,33.33,22.3,33.69,0.1,0.47,0,0,0.93,50,0.93,5.13,45.45,0.93,100,0.93,50,0.47,0.93,6.53,57.14,1,,3,,0,66.67,0.43,0.2,,,0.93,,
W. Cleary,MLS Next Pro,2026,Crown Legacy FC,Crown Legacy FC,RB,23,947,1,0.92,0,1.27,United States,7.7,6.18,60,2.38,48,0.1,0.14,0.19,3.9,5.54,0.76,1,0.1,0,0,2.57,0.1,1,0.1,0.09,1,0.1,9,0.86,33.33,11.111,0,2.28,50,1.62,70.59,5.23,45.45,1.9,1.05,0,32.6,1.05,0.86,44.57,77.83,19.29,67,8.27,93.1,10.55,84.68,5.61,40.68,18.76,37.97,0.12,0.76,0,0,0,0,0.67,7.51,60.76,2.09,50,0.57,16.67,0.29,1.05,9.41,67.68,0,,0,,0,0,0,0,,,0.76,,
Oluwaseyitan Fakiseyi,MLS Next Pro,2026,Atlanta United II,Atlanta United II,"LB, LWB",16,187,0,0.05,0,0.27,Canada,5.78,5.78,41.67,0.96,0,0,0,1.44,3.37,4.29,0,0,0,0,0,2.89,0,0,0,0.02,0,0,1,0.48,100,0,0,1.93,25,2.41,80,3.85,62.5,0.96,0,0,22.14,2.89,0.96,30.32,61.9,10.11,57.14,9.14,78.95,7.22,53.33,3.37,28.57,17.18,29.67,0.13,1.44,0,0,0,0,0.48,4.81,60,3.37,28.57,0,0,0.96,0,8.18,41.18,0,,0,,0,0,0,0,,,0,,
J. Hibbert,MLS Next Pro,2026,Atlanta United,Atlanta United II,GK,21,199,0,0,0,0,United States,3.17,0,0,0.45,100,0,0,0,3.17,4.29,0,1,0.45,0,0,0,0,0,0,0,0,0,0,0,0,0,0,0,0,0,0,0.9,100,0,0,0,39.8,0,0.45,51.56,87.72,20.35,71.11,0,0,28.49,98.41,12.66,53.57,27.24,45.12,0,0,0,0,0,0,0,3.62,50,0,0,0,0,0,0,8.59,57.89,3,1.36,9,4.07,0,66.67,2.58,1.17,-0.42,-0.19,0,2.26,0.45
A. Rick,MLS Next Pro,2026,Philadelphia Union II,Philadelphia Union II,GK,20,298,0,0,0,0,United States,1.21,0.6,100,0,0,0,0,0,0.6,0.86,0,0,0,0,0,0,0,0,0,0,0,0,0,0,0,0,0,0,0,0,0,0,0,0,0,0,17.52,0.6,0,27.79,80.43,13.59,62.22,0,0,12.68,97.62,12.68,57.14,33.39,44.36,0,0,0,0,0,0,0,1.51,20,0,0,0,0,0,0,6.64,54.55,4,1.21,11,3.32,0,63.64,2.92,0.88,-1.08,-0.326,0,0.6,0
J. Masanka Bungi,MLS Next Pro,2026,RB Leipzig,New York RB II,"LCB, LB, LCMF",19,437,0,0,1,0.05,Belgium,6.38,5.77,42.86,1.65,62.5,0.41,0.67,0,3.5,5.73,0.82,1,0.21,0,0,1.44,0,0,0,0,0,0,1,0.21,100,0,0.21,0.82,75,1.24,50,4.94,33.33,0.21,2.06,0.21,51.69,0.41,0.82,68.99,84.78,29.04,70.92,4.94,91.67,26.98,93.13,4.12,50,18.21,40.38,0.01,0.21,0.21,0,0,0,0.21,12.36,68.33,1.44,57.14,0,0,0.62,0.41,12.77,75.81,0,,0,,0,0,0,0,,,0.41,,
O. Pratt,MLS Next Pro,2026,Chicago Fire II,Chicago Fire II,GK,17,679,0,0,0,0,United States,0.66,0.13,100,0.13,100,0,0,0,0.53,0.65,0,2,0.27,0,0,0,0,0,0,0,0,0,0,0,0,0,0,0,0,0,0,0.13,100,0,0.13,0,9.68,0.13,0.27,17.36,88.55,7.95,85,0.13,100,8.48,95.31,3.05,56.52,25.99,42.59,0,0,0,0,0,0,0,0.8,50,0.13,100,0,0,0.13,0,3.18,41.67,9,1.19,30,3.98,2,70,6.63,0.88,-2.37,-0.314,0,0.93,0.13
G. Syrett,MLS Next Pro,2026,Crown Legacy FC,Crown Legacy FC,GK,18,489,0,0,0,0,United States,1.29,0,0,0.37,100,0,0,0,1.29,1.83,0,0,0,0,0,0,0,0,0,0,0,0,0,0,0,0,0,0,0,0,0,0,0,0,0,0,19.51,0,0,27.42,91.28,13.25,84.72,0,0,13.07,97.18,6.81,78.38,26.49,41.97,0,0,0,0,0,0,0,0.55,33.33,0.18,0,0.37,0,0,0,4.97,66.67,6,1.1,21,3.87,2,71.43,5.86,1.08,-0.14,-0.026,0,1.29,0.37
A. Johnson,MLS Next Pro,2026,Crown Legacy FC,Crown Legacy FC,"LCB, RCB",22,1108,2,1.02,0,0,United States,7.8,3.49,76.74,3.57,54.55,0.24,0.35,0.57,4.87,7.09,0.65,0,0,0,0,0.32,0.16,2,0.16,0.08,2,0.16,7,0.57,42.86,28.571,0,0,0,0.08,100,0.97,58.33,0.73,0.81,0,40.21,0.32,0.65,55.88,91.57,21.85,83.64,3.98,100,26.48,97.24,2.76,41.18,20.55,38.12,0,0,0,0,0,0,0,5.28,73.85,0.24,0,0.08,0,0,0,7.31,74.44,0,,0,,0,0,0,0,,,3.17,,
A. Ouedraogo,MLS Next Pro,2026,Crown Legacy FC,Crown Legacy FC,"LCB, LB",20,549,2,0.66,0,0.44,Côte d'Ivoire,7.54,5.57,41.18,2.95,38.89,0.33,0.56,0.33,4.92,8.33,2.46,3,0.49,2,0.33,0.98,0.33,2,0.33,0.11,2,0.33,4,0.66,75,50,0,0.49,33.33,0.49,66.67,1.8,72.73,0.98,0.82,0.16,31.8,0.66,0.66,44.75,85.35,17.54,71.03,5.57,97.06,17.7,95.37,5.41,54.55,20.91,30.23,0.07,0.16,0,0,0,0,0.16,4.75,62.07,0.66,0,0.16,0,0.16,0.16,6.89,64.29,0,,0,,0,0,0,0,,,3.61,,
J. Smith,MLS Next Pro,2026,Crown Legacy FC,Crown Legacy FC,"RB, RCB",28,187,0,0,0,0,England,5.78,3.37,42.86,3.37,71.43,0,0,0,4.33,5.63,0,0,0,0,0,0.48,0,0,0,0,0,0,0,0,0,0,0,3.37,0,0.48,100,0.96,100,0,0,0.48,27.91,2.41,0.96,35.61,64.86,17.81,59.46,5.78,91.67,10.11,57.14,7.22,46.67,24.73,53,0,0,0,0,0,0,0.48,7.7,50,4.81,0,0,0,0,0,9.63,75,0,,0,,0,0,0,0,,,1.93,,
J. Yearwood,MLS Next Pro,2026,Naples,Orlando City B,"RB, LCB, LB",21,595,0,0,0,0,United States,9.38,8.47,55.36,1.97,7.69,0,0,0.45,4.69,7.05,0.45,0,0,0,0,0.15,0,0,0,0,0,0,0,0,0,0,0,0.45,33.33,0.15,0,3.93,30.77,0.3,0.61,0,37.51,1.21,0.76,48.55,90.34,14.97,78.79,5.29,100,22.39,95.95,1.97,53.85,17.87,29.08,0,0,0,0,0,0,0,4.24,78.57,0.76,80,0,0,0.45,0,6.35,61.9,0,,0,,0,0,0,0,,,1.06,,
N. Lasheras,MLS Next Pro,2026,Orlando City B,Orlando City B,"RCB, LDMF",17,316,1,0.15,0,0.04,United States,11.11,8.83,48.39,5.98,52.38,1.99,2.88,0.28,4.84,6.99,2.85,0,0,0,0,0.28,0.28,1,0.28,0.04,1,0.28,1,0.28,100,100,0,0,0,0.57,0,3.99,57.14,0.85,0,0,25.35,0.28,2.85,38.16,90.3,17.09,83.33,3.99,100,15.38,96.3,3.42,83.33,19.13,24.86,0.01,0.57,0,0,0,0,0,4.56,93.75,0,0,0,0,0.28,0,6.55,78.26,0,,0,,0,0,0,0,,,1.71,,
T.  Himes,MLS Next Pro,2026,Orlando City B,Orlando City B,GK,22,1109,0,0,0,0,United States,0.89,0.41,40,0,0,0.08,0.13,0,0.65,1.03,0.08,1,0.08,0,0,0,0,0,0,0,0,0,0,0,0,0,0,0,0,0,0,0.08,100,0,0,0,13.31,0.32,0.08,22.48,79.06,9.74,58.33,0,0,10.71,94.7,6.17,39.47,30.39,58.54,0,0,0,0,0,0,0.08,2.68,24.24,0.32,0,0.24,33.33,0,0,4.22,57.69,22,1.79,54,4.38,0,59.26,18.27,1.48,-3.73,-0.303,0,1.79,0
T. Szewczyk,MLS Next Pro,2026,New York RB II,New York RB II,GK,17,547,0,0,1,0.34,United States,2.3,0,0,0.16,100,0,0,0,2.3,2.98,0.16,0,0,1,0.16,0,0,0,0,0,0,0,0,0,0,0,0.16,0,0,0,0,0.49,66.67,0,0.16,0,23.03,0.33,0.16,34.72,85.31,13.33,67.9,0,0,18.92,95.65,7.24,47.73,25.51,46.07,0.06,0.16,0,0,0,0,0.16,2.8,29.41,0.49,0,0.33,50,0,0,5.27,46.88,3,0.49,28,4.61,2,89.29,7.12,1.17,4.12,0.678,0,0.99,0.16
A. Peter,MLS Next Pro,2026,Vancouver Whitecaps II,Vancouver Whitecaps II,"LDMF, LCMF, RB",19,223,0,0.08,0,0,Canada,7.26,6.86,88.24,2.42,50,0,0,0,1.21,1.41,0.81,0,0,0,0,1.21,0,0,0,0.03,0,0,2,0.81,50,0,0,0.4,0,1.21,66.67,5.25,46.15,0.4,0.81,0,17.35,0.4,0.4,26.23,90.77,5.25,76.92,5.25,100,14.13,94.29,1.61,50,19.84,19.72,0,0,0.4,0,0,0,0,0.4,100,0.81,50,0,0,0.4,0,2.83,57.14,0,,0,,0,0,0,0,,,0.4,,
K. Sawadogo,MLS Next Pro,2026,Colorado Rapids II,Colorado Rapids II,LCB,17,340,1,0.68,0,0,,5.56,3.18,58.33,1.85,28.57,0,0,0.79,3.71,4.62,1.06,0,0,0,0,0.26,0.26,1,0.26,0.18,1,0.26,1,0.26,100,100,0,0,0,0,0,0.53,0,0.26,0.26,0,38.38,0,0,48.44,91.26,16.94,78.13,1.85,85.71,19.59,100,3.97,60,16.81,41.34,0,0,0,0,0,0,0,4.5,70.59,0.26,0,0,0,0,0,5.82,54.55,0,,0,,0,0,0,0,,,1.32,,
J. Peace,MLS Next Pro,2026,Vancouver Whitecaps II,Vancouver Whitecaps II,"RB, LB",17,214,0,0.38,0,0,United States,8.41,5.89,57.14,3.36,87.5,0,0,0.42,5.05,6.67,0.84,0,0,0,0,1.26,0,0,0,0.16,0,0,3,1.26,33.33,0,0,1.26,33.33,0.84,50,2.52,16.67,2.1,0.84,0.42,29.02,2.94,0,34.49,75.61,14.72,65.71,6.73,93.75,7.99,84.21,2.1,40,18.26,30.54,0,0,0,0,0,0,0,7.99,78.95,0.84,50,0,0,0,0.84,9.67,78.26,0,,0,,0,0,0,0,,,2.52,,
S. Deo,MLS Next Pro,2026,Vancouver Whitecaps II,Vancouver Whitecaps II,"RAMF, RB, RW",18,777,0,2.06,1,1.61,Canada,5.79,5.68,51.02,2.2,57.89,0.23,0.29,0.35,2.66,3.3,1.62,3,0.35,0,0,3.59,0,0,0,0.24,0,0,12,1.39,16.67,0,0.12,3.47,33.33,3.24,67.86,8.22,40.85,2.2,1.16,0.23,22.59,1.97,0.69,27.92,74.27,7.41,73.44,7.99,94.2,7.18,56.45,1.39,41.67,17.94,23.73,0.19,1.16,0,0,0.12,0,1.27,2.66,60.87,4.98,41.86,0.23,0,0.93,1.27,5.44,78.72,0,,0,,0,0,0,0,,,0,,
I. Mathe,MLS Next Pro,2026,Vancouver Whitecaps II,Vancouver Whitecaps II,"RB, RCB",20,833,0,0.55,0,0.09,Canada,7.45,4.11,63.16,1.08,60,0.22,0.24,0.65,4.65,5.1,0.65,3,0.32,0,0,0.97,0,0,0,0.06,0,0,5,0.54,40,0,0,0.32,0,1.4,53.85,4.75,54.55,1.19,2.48,0.11,34.68,0.65,1.51,45.7,89.13,16.21,79.33,5.4,96,19.99,93.51,1.51,42.86,17.94,20.14,0.01,0.22,0,0,0,0,0.32,4.65,76.74,0.43,25,0.11,0,0.11,0,5.51,66.67,0,,0,,0,0,0,0,,,1.19,,
M. Garnette,MLS Next Pro,2026,Vancouver Whitecaps II,Vancouver Whitecaps II,LB,23,1479,0,0.16,1,2.55,United States,6.88,6.02,57.58,1.58,30.77,0.06,0.07,0.37,3.35,3.95,0.73,2,0.12,0,0,2.13,0,0,0,0.01,0,0,6,0.37,33.33,0,0.06,2.31,47.37,1.58,57.69,4.81,55.7,1.28,2.19,0.67,28.6,2.01,1.34,38.88,84.35,14.6,75.83,7,97.39,10.89,87.71,1.95,50,16.82,35.82,0.16,0.73,0,0,0.06,0,0.79,4.32,78.87,2.07,58.82,0.12,0,0.55,0.97,6.02,73.74,0,,0,,0,0,0,0,,,0.55,,
P. Amponsah,MLS Next Pro,2026,Vancouver Whitecaps II,Vancouver Whitecaps II,"LCB, RCB",22,1329,1,0.29,1,0.49,United States,8.4,5.21,62.34,2.98,54.55,0,0,0.47,5.15,6.18,1.35,5,0.34,0,0,0.61,0.07,1,0.07,0.02,0,0,5,0.34,60,20,0.07,0.27,25,0.68,50,2.51,45.95,0.61,0.27,0.07,47.88,0.41,0.88,63.25,88.44,25.6,78.84,3.59,96.23,28.98,95.33,7.25,57.01,22.39,47.32,0.03,0.07,0.14,0,0,0,0.14,9.48,71.43,0.95,7.14,0.41,50,0.34,0,10.77,75.47,0,,0,,0,0,0,0,,,2.03,,
T. Wright,MLS Next Pro,2026,Vancouver Whitecaps II,Vancouver Whitecaps II,"RCB, LCB",24,1379,2,2.65,0,0,United States,9.27,5.03,72.73,4.96,61.84,0.07,0.08,1.37,5.55,6.64,0.46,2,0.13,0,0,0.72,0.13,2,0.13,0.17,1,0.07,13,0.85,38.46,15.385,0,0.13,0,0.46,85.71,2.22,64.71,1.04,0.52,0.07,46.53,0.26,0.78,62.85,90.24,25.26,81.65,2.94,100,30.28,95.69,6.66,52.94,22.32,43.14,0,0,0,0,0,0,0,7.11,74.31,0.52,25,0.26,50,0.2,0,9.85,74.17,0,,0,,0,0,0,0,,,2.15,,
M. Stojadinovic,MLS Next Pro,2026,Toronto II,Toronto II,"RCMF, LCMF, LCB",22,577,0,0.02,0,0.31,Canada,9.05,5.62,61.11,0.31,50,0.16,0.18,0.31,5.46,6.44,0.47,0,0,0,0,0.47,0,0,0,0,0,0,3,0.47,0,0,0,0,0,0.94,50,2.81,55.56,0.16,0.62,0.78,38.21,0.16,0.94,51.63,87.92,15.91,77.45,8.42,94.44,18.41,92.37,4.52,48.28,19.51,46.91,0.05,0.31,0,0,0,0,0.47,6.08,66.67,0.62,50,0,0,0.31,0,6.08,66.67,0,,0,,0,0,0,0,,,0.94,,
J. Clarkson,MLS Next Pro,2026,Minnesota United II,Minnesota United II,"LCB, RCB",,491,0,0.27,1,0.38,United States,6.05,3.3,50,2.2,66.67,0,0,0.73,4.4,5.26,1.28,0,0,0,0,0,0,0,0,0.05,0,0,3,0.55,0,0,0.18,0.18,0,0,0,0.18,100,0.55,0.37,0.37,39.23,0.37,0.18,54.81,85.28,27.13,75,2.57,92.86,22.18,95.04,9.71,56.6,24.33,43.4,0.07,0.18,0,0,0,0,0.18,7.52,70.73,0.55,0,0,0,0.37,0.18,10.08,76.36,0,,0,,0,0,0,0,,,2.2,,
A. Kabia,MLS Next Pro,2026,Minnesota United II,Minnesota United II,"RCB, RDMF, DMF",20,1077,0,0.31,1,0,Sierra Leone,8.52,4.93,67.8,2.76,54.55,0,0,0.92,5.18,6.39,1.09,5,0.42,0,0,0.33,0,0,0,0.03,0,0,3,0.25,0,0,0.08,0.08,0,0.33,75,1.92,47.83,0.75,0.58,0.08,29.83,0.25,0.5,47.21,85.49,17.55,75.24,5.01,96.67,20.89,92,4.35,67.31,20.87,39.02,0,0,0,0.17,0.17,50,0.08,6.27,81.33,0.67,37.5,0.17,50,0.33,0,8.02,66.67,0,,0,,0,0,0,0,,,2.67,,
J. Bery,MLS Next Pro,2026,Austin FC II,Austin FC II,LCB,22,1347,0,0.12,1,0.32,France,6.28,3.54,54.72,1.6,50,0,0,0.47,4.34,5.46,1,1,0.07,0,0,0.33,0,0,0,0.01,0,0,3,0.2,33.33,0,0.07,0.07,100,0.27,50,0.8,66.67,0.2,1,0,42.76,0.33,0.4,55.79,86.59,26.19,77.04,1.54,95.65,23.45,94.87,9.76,58.22,24.51,47.06,0.02,0.27,0.07,0,0.13,50,0.13,10.09,64.24,1.14,35.29,0.87,30.77,0.27,0.07,11.89,78.65,0,,0,,0,0,0,0,,,1.14,,
J. Munson,MLS Next Pro,2026,New York RB II,New York RB II,LCB,17,204,1,0.56,0,0.02,United States,7.94,5.74,61.54,7.5,64.71,0,0,0.44,4.41,7.69,0.88,0,0,0,0,0.44,0.44,1,0.44,0.25,1,0.44,2,0.88,50,50,0,0,0,0,0,0,0,1.32,0.44,0,45,0,0.88,53.82,90.98,21.18,81.25,1.76,75,25.59,98.28,2.65,33.33,20.23,21,0.01,0.44,0,0,0,0,0,6.62,93.33,0.44,0,0,0,0,0,8.38,57.89,0,,0,,0,0,0,0,,,0.88,,
E. Londoño Viafara,MLS Next Pro,2026,New York RB II,New York RB II,RCB,19,478,0,0.28,0,0,Colombia,12.24,9.41,72,2.26,50,0,0,0.75,5.46,7.31,1.51,2,0.38,0,0,0.56,0,0,0,0.05,0,0,1,0.19,0,0,0,0,0,0.75,75,3.01,62.5,0.19,1.32,0.19,40.67,0,1.13,58.93,88.82,20.71,80.91,2.26,91.67,30.5,95.06,3.77,55,18.61,27.02,0,0,0,0.19,0,0,0,4.33,65.22,0,0,0,0,0,0,6.97,56.76,0,,0,,0,0,0,0,,,1.51,,
O. Pratt,MLS Next Pro,2026,Philadelphia Union II,Philadelphia Union II,"RB, LB",22,621,0,0.5,0,0.08,United States,7.97,6.23,58.14,3.04,66.67,0.43,0.48,0.58,3.91,4.35,2.46,2,0.29,0,0,1.01,0,0,0,0.07,0,0,3,0.43,0,0,0,1.3,33.33,0.87,66.67,3.62,52,0.58,0.72,0.14,20.43,1.16,1.45,33.04,61.84,17.97,50.81,3.77,96.15,8.41,65.52,7.54,28.85,23.12,41.81,0.01,0.14,0,0,0.14,0,0,7.1,44.9,1.74,41.67,0.72,20,0.43,0.29,9.28,64.06,0,,0,,0,0,0,0,,,0.58,,
J. Lopez,MLS Next Pro,2026,New York City II,New York City II,"LB, RB",19,200,1,2.32,0,0.29,United States,10.8,6.75,60,3.15,42.86,0.45,0.79,0,6.3,11.05,2.25,3,1.35,1,0.45,4.05,0.45,1,0.45,1.05,0,0,4,1.8,75,25,0,0.9,50,4.05,55.56,8.55,57.89,2.25,2.25,0,37.35,2.25,3.15,46.8,84.62,17.55,79.49,9,100,11.7,80.77,3.6,75,17.83,36.62,0.13,0.45,0,0,0,0,0.45,7.2,87.5,1.35,33.33,0,0,0.45,0.45,10.8,70.83,0,,0,,0,0,0,0,,,0,,
A. Stokes,MLS Next Pro,2026,New York RB II,New York RB II,GK,18,779,0,0,0,0,Wales,1.5,0.35,66.67,0.23,100,0.12,0.19,0,1.16,1.92,0,0,0,0,0,0,0,0,0,0,0,0,0,0,0,0,0,0,0,0.12,0,0.46,50,0,0,0,29.11,0.12,0.12,41.59,89.17,15.83,78.1,0.46,100,23.57,96.08,6.93,48.33,23.3,47.16,0,0,0,0,0,0,0,1.73,33.33,0,0,0.12,0,0,0,4.74,48.78,12,1.39,37,4.27,1,67.57,12.19,1.41,0.19,0.022,0,1.39,0.23
S. Sakai,MLS Next Pro,2026,New York RB II,New York RB II,"RCB, LCB",19,223,0,0,0,0,Japan,8.48,7.67,73.68,3.23,37.5,0.4,0.56,0,2.42,3.33,1.21,0,0,0,0,0,0,0,0,0,0,0,0,0,0,0,0,0,0,0,0,0.81,0,0,0.4,0,46.41,0.4,0.4,64.17,89.94,23,78.95,5.25,76.92,30.67,97.37,5.25,76.92,24.28,35.63,0,0,0,0,0,0,0,6.46,75,0.4,100,0,0,0.4,0,6.86,52.94,0,,0,,0,0,0,0,,,2.42,,
K. Acito,MLS Next Pro,2026,New York City II,New York City II,"LCB, RCB",22,1074,0,0.11,1,0,United States,8.8,5.03,60,1.93,65.22,0.17,0.21,0.75,5.61,7.18,1.01,1,0.08,0,0,0.42,0,0,0,0.01,0,0,1,0.08,100,0,0.08,0,0,0.5,66.67,2.93,42.86,0.25,0.59,0.08,47.93,0.25,0.59,64.86,90.57,24.64,80.61,3.44,92.68,31.01,98.11,4.94,52.54,18.69,31.06,0,0,0,0.17,0,0,0.08,5.03,66.67,0.42,20,0.25,33.33,0.08,0,7.46,56.18,0,,0,,0,0,0,0,,,2.01,,
S. Rogers,MLS Next Pro,2026,Vancouver Whitecaps II,Vancouver Whitecaps II,GK,17,588,0,0,0,0,Canada,0.46,0,0,0,0,0,0,0,0.46,0.6,0,0,0,0,0,0,0,0,0,0,0,0,0,0,0,0,0,0,0,0,0,0.15,100,0,0,0,19.59,0.15,0.15,31.22,89.22,11.63,72.37,0.15,100,17.91,99.15,5.82,47.37,26.68,47.38,0,0,0,0,0,0,0,0.92,33.33,0.15,0,0,0,0,0,4.59,56.67,12,1.84,28,4.29,0,57.14,11.41,1.75,-0.59,-0.09,0,1.22,0
S. Hawkins,MLS Next Pro,2026,Seattle Sounders,Tacoma Defiance,LCB,19,322,1,0.23,0,0,United States,9.5,4.19,66.67,2.24,25,0,0,1.12,6.71,7.74,0.84,1,0.28,0,0,0.28,0.28,1,0.28,0.06,0,0,1,0.28,100,100,0,0,0,0.28,0,0.84,33.33,0.84,0.56,0,36.06,0.28,0.28,48.35,84.97,23.2,73.49,3.35,100,14.81,98.11,2.8,30,18.34,35.09,0,0,0.28,0.28,0,0,0.56,5.59,75,0.28,0,0,0,0,0,7.55,59.26,0,,0,,0,0,0,0,,,1.68,,
C. Diaz,MLS Next Pro,2026,Los Angeles II,Los Angeles II,RCB,20,189,0,0,0,0,United States,8.1,4.76,30,2.38,60,0.95,1.3,0.48,5.71,7.83,0.95,0,0,1,0.48,0,0,0,0,0,0,0,0,0,0,0,0,0,0,0.48,0,0.95,50,0,0,0.48,29.52,0,0.48,40.48,89.41,11.9,76,0.48,100,26.19,96.36,1.43,0,21.26,17.18,0,0,0,0,0,0,0,0.95,0,0,0,0,0,0,0,3.33,42.86,0,,0,,0,0,0,0,,,0,,
J. Medranda,MLS Next Pro,2026,Connecticut FC,Connecticut FC,"LB, LW",,415,0,0.2,1,0.45,United States,6.51,9.11,54.76,1.08,60,0,0,0,1.52,2.12,1.3,1,0.22,0,0,3.25,0,0,0,0.04,0,0,4,0.87,50,0,0.22,3.47,43.75,3.25,40,9.54,38.64,1.08,1.52,0.22,24.94,0.87,1.73,31.23,67.36,14.96,57.97,6.07,85.71,6.51,70,4.55,47.62,24.02,24.37,0.1,0.87,0,0,0,0,1.08,6.29,55.17,3.04,50,0.22,0,0.43,1.3,7.37,79.41,0,,0,,0,0,0,0,,,0,,
L. Kamrath,MLS Next Pro,2026,Connecticut FC,Connecticut FC,LCB,23,1429,0,0.42,0,0.15,United States,6.74,3.09,55.1,3.59,57.89,0.13,0.15,0.38,4.91,5.84,0.63,2,0.13,0,0,0.25,0,0,0,0.03,0,0,5,0.31,20,0,0,0.06,100,0.13,100,0.69,63.64,0.44,0.31,0.06,37.16,0.13,0.44,55.17,86.19,23.43,71.77,2.9,95.65,25.51,97.78,8.63,45.26,23.84,44.94,0.01,0.19,0,0.06,0,0,0.13,8.5,61.48,1.32,42.86,0.5,37.5,0.38,0.06,9.51,74.83,0,,0,,0,0,0,0,,,2.52,,
J. Stephenson,MLS Next Pro,2026,Connecticut FC,Connecticut FC,RCB,,746,0,0.33,0,0,United States,8.93,6.15,54.9,2.53,47.62,0.36,0.41,1.09,5.19,5.84,1.81,5,0.6,0,0,0.6,0,0,0,0.04,0,0,2,0.24,50,0,0,0,0,0.48,100,2.41,55,0.24,0.84,0,26.54,0.36,0.84,43.79,84.3,20.03,69.88,3.38,92.86,17.37,97.22,7.12,47.46,22.08,41.16,0,0,0,0,0,0,0,7.48,64.52,0.72,16.67,0.36,66.67,0.24,0,8.45,72.86,0,,0,,0,0,0,0,,,2.77,,
H. Kouonang,MLS Next Pro,2026,Connecticut FC,Connecticut FC,"RB, CF",23,290,0,0.65,0,0.24,United States,6.52,4.34,71.43,1.86,50,0.31,0.48,0,3.1,4.84,0.62,0,0,0,0,0.93,0,0,0,0.2,0,0,7,2.17,42.86,0,0,4.03,0,0.31,0,3.41,27.27,4.03,0.62,0,23.59,4.34,0.62,27.31,64.77,6.83,36.36,8.38,100,6.21,45,2.17,0,16.24,9.02,0.07,0.62,0.31,0,0,0,0,3.72,25,3.1,10,0,0,0.62,0,2.48,62.5,0,,0,,0,0,0,0,,,0.93,,
M. Boamah,MLS Next Pro,2026,Connecticut FC,Connecticut FC,RCB,23,374,0,0.2,0,0,Finland,5.78,2.41,80,1.68,42.86,0.24,0.28,1.2,3.61,4.13,0.24,0,0,0,0,0.24,0,0,0,0.05,0,0,1,0.24,100,0,0,0,0,0,0,1.68,85.71,0.24,0,0,39.47,0,1.2,51.26,83.57,15.4,57.81,5.29,100,25.27,95.24,8.9,37.84,27.37,40.68,0,0,0,0,0,0,0,9.87,43.9,0.72,66.67,0,0,0.48,0,8.66,69.44,0,,0,,0,0,0,0,,,4.81,,
G. Rankenburg,MLS Next Pro,2026,Connecticut FC,Connecticut FC,GK,26,890,0,0,0,0,United States,0.2,0.2,50,0,0,0,0,0,0.1,0.11,0,1,0.1,0,0,0.1,0,0,0,0,0,0,0,0,0,0,0,0,0,0.1,100,0.1,100,0,0,0,15.27,0.3,0,26.9,81.2,12.54,62.1,0.2,100,12.94,97.66,7.08,38.57,29.61,48.16,0,0,0,0,0,0,0,2.53,44,0.2,50,0,0,0.1,0,5.46,46.3,14,1.42,41,4.15,2,65.85,16.19,1.64,2.19,0.221,0,1.62,0
A. Ramos,MLS Next Pro,2026,Connecticut FC,Connecticut FC,GK,23,592,0,0,0,0,United States,1.06,0,0,0.15,100,0,0,0,1.06,1.51,0,0,0,0,0,0,0,0,0,0,0,0,0,0,0,0,0,0,0,0,0,0,0,0,0,0,13.07,0.3,0.3,20.83,91.97,7.6,78,0,0,12.31,100,4.71,70.97,24.96,42.29,0,0,0,0,0,0,0,0.15,0,0,0,0,0,0,0,4.1,70.37,14,2.13,22,3.34,0,36.36,7.75,1.18,-6.25,-0.95,0,1.06,0.15
R. van Hees,MLS Next Pro,2026,Connecticut FC,Connecticut FC,RB,24,961,0,0.4,0,0.23,United States,10.11,7.87,55.95,2.53,51.85,0,0,0.19,5.71,6.56,0.75,1,0.09,0,0,1.03,0,0,0,0.04,0,0,5,0.47,0,0,0,1.5,31.25,0.56,83.33,4.59,51.02,0.94,0.37,0.09,20.51,0.75,1.78,31.56,76.26,12.17,63.85,6.18,92.42,8.43,84.44,3.75,55,19.56,27.35,0.02,0.09,0,0,0.09,100,0.09,4.12,63.64,1.69,38.89,0.47,40,0.28,0.28,7.59,61.73,0,,0,,0,0,0,0,,,1.12,,
Andreas Applewhaite,MLS Next Pro,2026,Connecticut FC,Connecticut FC,LB,24,1074,2,2.7,0,1.99,Barbados,9.3,6.37,60.53,2.77,66.67,0.08,0.09,0.25,5.36,6.02,1.34,3,0.25,0,0,1.84,0.17,1,0.08,0.23,0,0,15,1.26,53.33,13.333,0,2.26,33.33,0.75,55.56,3.6,39.53,1.84,1.42,0.08,25.56,1.42,0.67,35.61,73.18,15.17,60.77,6.7,92.5,8.46,75.25,4.44,37.74,18.91,32.82,0.17,0.67,0.08,0.17,0,0,0.59,6.12,49.32,3.02,38.89,0.34,50,0.92,1.01,8.3,71.72,0,,0,,0,0,0,0,,,0.67,,
J. Neeley,MLS Next Pro,2026,Crown Legacy FC,Crown Legacy FC,RCB,21,560,0,0,0,0,United States,6.27,2.57,75,2.09,53.85,0,0,0.96,4.34,5.91,0.64,0,0,1,0.16,0,0,0,0,0,0,0,0,0,0,0,0,0,0,0,0,1.13,42.86,0,0.16,0,36.48,0,0.8,49.66,91.26,14.14,78.41,2.73,94.12,30.21,96.81,5.14,56.25,24.29,43.72,0,0,0,0,0,0,0,5.46,73.53,0.16,0,0,0,0,0,7.55,68.09,0,,0,,0,0,0,0,,,1.93,,
Nelson Rodríguez,MLS Next Pro,2026,Connecticut FC,Connecticut FC,LB,23,199,0,0.02,0,0,El Salvador,8.14,7.24,43.75,4.52,60,0,0,0.45,4.97,7.33,2.71,1,0.45,0,0,2.71,0,0,0,0.01,0,0,1,0.45,0,0,0,4.52,20,1.81,100,4.07,77.78,1.81,2.71,0,32.11,0.45,0.9,41.16,76.92,17.19,68.42,5.88,100,11.76,73.08,5.43,41.67,22.19,40.96,0,0,0.45,0,0,0,0,9.5,71.43,4.97,27.27,0,0,0,0.9,9.95,95.45,0,,0,,0,0,0,0,,,0.45,,
I. Luna,MLS Next Pro,2026,Ventura County,Ventura County,"RAMF, LB, LCMF",17,611,2,2.51,0,0.27,United States,5.74,7.51,43.14,1.47,40,0,0,0.44,2.5,3.45,1.33,2,0.29,0,0,2.06,0.29,2,0.29,0.37,0,0,16,2.36,31.25,12.5,0,1.47,30,1.77,50,6.33,30.23,2.5,2.36,0,31.52,0.88,0.88,35.5,84.65,10.02,72.06,10.61,93.06,10.46,88.73,2.36,56.25,16.21,22.86,0.04,0.59,0,0,0,0,0.29,3.39,91.3,1.91,53.85,0,0,0.74,0.44,5.3,61.11,0,,0,,0,0,0,0,,,0.29,,
E. Martinez,MLS Next Pro,2026,Ventura County,Ventura County,"LCB, RCB",18,1205,1,1.26,0,0.23,United States,7.62,5.68,57.89,3.59,45.83,0.22,0.31,0.67,4.11,5.69,0.97,2,0.15,0,0,0.3,0.07,1,0.07,0.09,0,0,7,0.52,14.29,14.286,0,0.15,50,0.15,50,0.67,66.67,0.97,0.3,0.07,61.39,0.6,0.75,73.87,92.32,21.73,79.38,4.03,96.3,40.93,98.72,6.2,56.63,20.39,39.01,0.02,0.15,0.07,0.07,0.07,100,0.15,6.05,67.9,0.75,60,0.15,50,0.37,0.07,7.99,72.9,0,,0,,0,0,0,0,,,2.76,,
J. Magana,MLS Next Pro,2026,Ventura County,Ventura County,"LCB, CB",19,1415,1,1.05,0,0.35,United States,6.81,4.45,52.86,2.61,68.29,0.13,0.17,0.76,4.33,5.83,1.21,2,0.13,0,0,0.76,0.06,1,0.06,0.07,1,0.06,6,0.38,33.33,16.667,0,0.06,0,0.95,60,2.23,48.57,0.64,0.57,0.06,53.62,0.19,0.7,68.76,89.82,26.33,82.13,2.67,92.86,33.01,95.57,6.61,50.96,20.46,44.47,0.02,0.13,0.19,0.19,0.06,100,0.25,6.81,69.16,0.7,27.27,0.45,42.86,0.51,0,9.67,72.37,0,,0,,0,0,0,0,,,1.27,,
M. Vanney,MLS Next Pro,2026,Ventura County,Ventura County,"RB, RWB",18,1649,1,0.38,1,1.03,United States,8.46,8.57,57.32,1.75,37.5,0.16,0.22,0.38,3.38,4.53,1.04,3,0.16,0,0,1.58,0.05,1,0.05,0.02,0,0,6,0.33,33.33,16.667,0.05,3.27,28.33,1.04,52.63,3.49,45.31,1.69,1.36,0.27,32.31,3.77,0.82,41.81,80.42,10.86,63.82,13.43,95.12,10.59,77.84,1.75,37.5,18.27,37.87,0.06,0.65,0.05,0.05,0,0,0.38,1.96,61.11,2.4,43.18,0.05,0,0.33,0.65,5.29,56.7,0,,0,,0,0,0,0,,,1.31,,
J. Dalgado,MLS Next Pro,2026,Ventura County,Ventura County,"LB, LWB",19,1018,0,0.18,0,0.81,United States,7.78,4.6,71.15,0.88,40,0,0,0.44,4.51,5.91,0.71,1,0.09,0,0,1.68,0,0,0,0.02,0,0,3,0.27,66.67,0,0,2.65,30,0.8,88.89,3.01,50,0.8,1.15,0.09,43.85,1.5,0.97,53.58,85.31,19.18,76.96,10.08,97.37,15.65,86.44,5.13,58.62,18.95,41.03,0.07,0.62,0.09,0,0,0,0.44,6.72,68.42,2.83,34.38,0.44,20,0.35,0.8,9.02,74.51,0,,0,,0,0,0,0,,,1.77,,
S. Hernandez,MLS Next Pro,2026,Ventura County,Ventura County,"RCB, LCB",23,1381,1,0.57,1,0.71,United States,6.52,5.54,54.12,2.54,48.72,0.2,0.26,0.33,3.32,4.36,0.98,0,0,0,0,0.65,0.07,1,0.07,0.04,0,0,4,0.26,25,25,0.07,0.2,100,0.46,85.71,2.74,50,0.39,1.04,0.13,52.59,1.04,1.04,66.41,89.7,25.03,77.86,5.28,97.53,29.65,97.8,6.39,52.04,20.73,39.89,0.05,0.2,0,0.07,0,0,0.13,6.71,69.9,0.52,37.5,0.07,0,0.07,0.2,8.08,68.55,0,,0,,0,0,0,0,,,2.61,,
S. Conlon,MLS Next Pro,2026,Ventura County,Ventura County,GK,23,1450,0,0,0,0,United States,0.68,0.25,50,0.25,75,0,0,0,0.56,0.73,0,0,0,0,0,0,0,0,0,0,0,0,0,0,0,0,0,0,0,0,0,0.19,100,0,0,0,27.19,0.37,0.31,38.92,86.92,18.56,74.58,0.06,100,17.75,98.25,12.85,62.8,28.73,48.83,0,0,0,0,0,0,0,2.54,39.02,0.19,33.33,0.12,50,0.06,0,7.94,68.75,19,1.18,82,5.09,4,76.83,26.27,1.63,7.27,0.451,0,0.93,0.25
H. Berg,MLS Next Pro,2026,Chicago Fire II,Chicago Fire II,"LB, LCB",17,585,0,0.89,0,0,United States,7.38,5.08,57.58,2.31,46.67,0.15,0.19,0.92,4.31,5.32,0.92,3,0.46,0,0,0.31,0,0,0,0.14,0,0,4,0.62,50,0,0,0.62,0,0,0,1.08,14.29,1.08,0.15,0,25.38,0.15,0.15,35.08,78.95,16,70.19,3.38,100,10.46,85.29,4.62,46.67,20.78,31.1,0,0.15,0,0,0,0,0,4.62,63.33,1.38,11.11,0,0,0.15,0,5.23,64.71,0,,0,,0,0,0,0,,,0.46,,
S. Basabe,MLS Next Pro,2026,Inter Miami II,Inter Miami II,"LB, LWB",20,597,0,0,0,0.1,United States,9.2,7.84,63.46,1.21,62.5,0.45,0.65,0.3,3.77,5.4,1.06,2,0.3,0,0,1.51,0,0,0,0,0,0,0,0,0,0,0,1.36,33.33,2.11,50,4.97,36.36,0.15,1.06,0.15,36.48,3.32,0.75,46.13,79.41,18.24,68.6,9.05,93.33,11.76,82.05,3.92,42.31,16.17,33.43,0.02,0.15,0,0,0,0,0.15,5.13,55.88,0.75,40,0.15,100,0,0.45,8.44,58.93,0,,0,,0,0,0,0,,,0.15,,
Z. Lloyd,MLS Next Pro,2026,Columbus Crew II,Columbus Crew II,"LCB, LWB",17,274,0,0.35,0,0,United States,6.9,5.26,56.25,3.28,60,0,0,0,3.94,6.1,1.31,1,0.33,0,0,0.66,0,0,0,0.12,0,0,2,0.66,0,0,0,0.33,0,1.31,50,3.28,30,1.64,0.66,0,25.95,2.3,0,35.15,78.5,13.47,73.17,5.58,88.24,8.87,77.78,2.63,37.5,18.02,25.86,0,0,0,0,0,0,0,6.24,73.68,0.33,0,0,0,0,0,6.9,52.38,0,,0,,0,0,0,0,,,0.33,,
A. Gimple,MLS Next Pro,2026,Columbus Crew II,Columbus Crew II,"LB, LWB",17,407,0,0.1,1,1.33,United States,8.18,7.3,51.52,1.55,42.86,0,0,0.22,4.42,5.83,1.11,0,0,0,0,3.32,0,0,0,0.02,0,0,1,0.22,0,0,0.22,0.88,50,4.86,59.09,7.96,52.78,1.55,2.43,0.66,24.99,1.77,1.33,33.17,77.33,15.26,72.46,4.64,90.48,6.19,78.57,2.21,40,15.75,22.75,0.29,1.55,0.22,0,0,0,0.88,5.97,81.48,2.43,63.64,0,0,1.33,0.44,9.73,65.91,0,,0,,0,0,0,0,,,0,,
M. Sullivan,MLS Next Pro,2026,Cincinnati II,Cincinnati II,"RCMF, RCB, DMF",23,1137,1,1.49,1,0.48,United States,9.66,4.91,45.16,3.32,66.67,0.4,0.45,0.95,7.04,8.04,0.87,3,0.24,0,0,0.63,0.08,1,0.08,0.12,0,0,8,0.63,37.5,12.5,0.08,0.4,40,0.4,60,1.82,47.83,0.79,0.4,0,18.68,0.08,0.47,33.4,74.88,13.61,53.49,5.07,96.88,11,89.21,4.35,29.09,19.05,38.96,0.04,0.4,0,0,0,0,0.16,5.22,40.91,0.71,22.22,0.08,100,0.16,0.16,4.99,49.21,0,,0,,0,0,0,0,,,1.5,,
A. Chirila,MLS Next Pro,2026,Cincinnati II,Cincinnati II,"LCB, CB, LB",17,583,0,0.16,0,0,United States,11.11,5.87,71.05,4.94,65.63,0.15,0.18,1.54,6.79,7.72,0.93,1,0.15,0,0,0.31,0,0,0,0.03,0,0,2,0.31,0,0,0,0.31,0,0.77,40,4.01,42.31,0.31,0.31,0,31.96,0.31,0.62,47.08,80.66,21.77,70.21,2.78,83.33,20.38,93.94,8.49,45.45,23.22,45.31,0,0,0,0,0,0,0,6.48,50,0.77,0,0.15,0,0.31,0.15,9.57,58.06,0,,0,,0,0,0,0,,,1.08,,
T. Brown,MLS Next Pro,2026,Columbus Crew II,Columbus Crew II,"LWB, LB",18,949,0,0.87,2,1.86,United States,5.88,5.41,42.11,1.33,78.57,0.09,0.14,0.09,3.51,5.02,1.14,2,0.19,0,0,2.56,0,0,0,0.08,0,0,7,0.66,28.57,0,0.19,2.75,44.83,1.99,57.14,4.74,36,2.18,2.18,0.28,33.86,3.6,0.57,40.21,80.66,9.29,62.24,10.81,96.49,11.57,79.51,2.47,34.62,16.94,34.62,0.18,0.95,0,0.09,0,0,0.85,3.79,50,2.94,51.61,0.19,50,0.38,1.33,6.83,66.67,0,,0,,0,0,0,0,,,0.47,,
B. Adu-Gyamfi,MLS Next Pro,2026,Columbus Crew II,Columbus Crew II,"RWB, RB",20,1240,1,1.11,4,3.62,United States,6.53,6.17,43.53,2.25,35.48,0.22,0.31,0.22,3.63,5.24,1.38,1,0.07,0,0,2.32,0.07,1,0.07,0.08,0,0,15,1.09,26.67,6.667,0.29,2.47,44.12,1.74,54.17,4.57,46.03,2.25,1.02,0.29,30.63,2.83,0.36,38.98,78.03,12.63,66.09,9.36,96.12,10.6,78.77,3.63,52,18.65,38.37,0.26,1.31,0,0,0,0,1.16,4.14,71.93,2.25,45.16,0.15,0,1.02,1.02,8.93,69.11,0,,0,,0,0,0,0,,,0.58,,
C. Rogers,MLS Next Pro,2026,Columbus Crew II,Columbus Crew II,LCB,20,1340,1,0.95,1,0.49,United States,9.27,5.91,63.64,2.96,68.18,0.47,0.64,0.54,5.04,6.84,1.28,6,0.4,0,0,0.54,0.07,1,0.07,0.06,1,0.07,7,0.47,28.57,14.286,0.07,0.34,60,0.27,75,2.15,68.75,0.54,0.87,0,41.71,0.34,1.01,59.44,88.7,25.05,78.82,3.56,94.34,24.31,96.69,7.66,54.39,20.78,40.19,0.03,0.2,0,0.07,0,0,0.2,8.8,70.99,0.74,63.64,0.2,33.33,0.27,0.2,10.54,73.89,0,,0,,0,0,0,0,,,1.28,,
I. Heffess,MLS Next Pro,2026,Columbus Crew II,Columbus Crew II,"CB, LCB, RCB",22,864,0,0.29,1,0,United States,7.81,4.69,62.22,2.92,57.14,0.1,0.15,0.63,4.79,6.97,0.73,0,0,0,0,0.1,0,0,0,0.03,0,0,2,0.21,0,0,0.1,0.1,0,0.1,100,0.83,62.5,0.52,0,0.1,44.27,0.1,0.31,62.4,87.81,22.5,74.54,3.96,92.11,30.52,96.59,6.04,51.72,21.66,41.6,0,0,0,0,0,0,0.1,5.73,70.91,0.31,33.33,0,0,0.1,0,8.75,59.52,0,,0,,0,0,0,0,,,1.88,,
S. Lapkes,MLS Next Pro,2026,Columbus Crew II,Columbus Crew II,GK,20,191,0,0,0,0,Belarus,0.47,0.47,0,0,0,0,0,0,0.47,0.49,0,0,0,0,0,0,0,0,0,0,0,0,0,0,0,0,0,0,0,0,0,0,0,0,0,0,13.66,0.94,0,21.68,78.26,13.19,71.43,0.47,100,6.6,92.86,11.31,66.67,34.43,47.47,0,0,0,0,0,0,0,2.36,40,0.47,100,0,0,0.47,0,8.48,66.67,4,1.88,11,5.18,0,63.64,5.16,2.43,1.16,0.547,0,2.36,0
Q. Elliot,MLS Next Pro,2026,Columbus Crew,Columbus Crew II,RCB,22,1450,0,0.49,0,0.47,United States,9.5,6.08,60.2,2.92,68.09,0.06,0.09,0.93,5.77,8.13,0.93,4,0.25,0,0,2.17,0,0,0,0.03,0,0,7,0.43,14.29,0,0,0.81,38.46,2.67,65.12,4.84,57.69,0.74,1.18,0.12,37.49,0.31,0.68,53.57,84.47,25.08,76.24,4.78,94.81,17.5,91.84,7.63,53.66,19.6,42.22,0.03,0.19,0.12,0,0.06,100,0.31,8.94,70.14,1.37,45.45,0.19,66.67,0.43,0.31,10.92,72.73,0,,0,,0,0,0,0,,,0.93,,
L. Pruter,MLS Next Pro,2026,Columbus Crew,Columbus Crew II,GK,24,1181,0,0,0,0,United States,1.14,0.08,0,0,0,0,0,0,1.14,1.65,0.08,0,0,1,0.08,0,0,0,0,0,0,0,0,0,0,0,0,0,0,0,0,0.38,80,0,0,0,16.77,0.23,0.53,27.36,84.68,12.96,72.94,0,0,12.42,95.71,7.16,52.13,24.68,43.66,0,0,0,0.08,0,0,0,2.36,38.71,0.15,50,0,0,0,0,4.57,55,18,1.37,59,4.5,3,69.49,18.59,1.42,0.59,0.045,0,1.6,0
B. Dowd,MLS Next Pro,2026,Cincinnati,Cincinnati II,GK,24,488,0,0,0,0,United States,1.29,0,0,0.55,66.67,0,0,0,1.29,1.68,0,0,0,0,0,0,0,0,0,0,0,0,0,0,0,0,0,0,0,0,0,0,0,0,0,0,12.91,0,0,22.87,83.87,8.85,62.5,0,0,11.99,96.92,5.72,41.94,26.4,39.62,0,0,0,0,0,0,0,0.74,50,0,0,0,0,0,0,3.32,33.33,13,2.4,33,6.09,0,60.61,9.06,1.67,-3.94,-0.727,0,1.48,0.55
C. Orbaugh,MLS Next Pro,2026,Carolina Core,Carolina Core,"CB, LCB, RCB",20,1043,0,0.82,1,0.24,United States,7.85,5.61,56.92,3.71,72.09,0.17,0.21,0.78,4.49,5.57,0.95,2,0.17,0,0,0.43,0,0,0,0.07,0,0,6,0.52,33.33,0,0.09,0.17,50,0.17,100,1.04,58.33,1.21,0.35,0,26.58,0.17,0.43,41.51,86.69,14.32,73.49,2.67,96.77,20.88,96.69,3.8,50,21.86,37.74,0.02,0.09,0,0,0,0,0.09,3.11,61.11,0.09,0,0.09,0,0.35,0.09,6.13,50.7,0,,0,,0,0,0,0,,,1.9,,
C. Nagle,MLS Next Pro,2026,Chicago Fire II,Chicago Fire II,"LB, LCB, RDMF",17,1277,0,0.26,0,0.21,United States,8.6,7.68,61.47,1.69,41.67,0.07,0.09,0.21,3.81,4.6,0.7,0,0,0,0,1.13,0,0,0,0.02,0,0,2,0.14,0,0,0,0.42,33.33,1.62,56.52,5.36,53.95,0.92,1.9,0.56,31.93,0.49,1.69,43.06,86.09,14.52,73.79,5.64,95,16.28,92.64,1.83,34.62,16.58,24.48,0.02,0.28,0,0,0.07,100,0.07,5.22,71.62,1.48,47.62,0.07,100,0.56,0.14,6.2,68.18,0,,0,,0,0,0,0,,,0.42,,
J. Bori,MLS Next Pro,2026,New York RB II,New York RB II,"LCB, RCB",,263,0,0.09,0,0,United States,8.9,4.45,53.85,5.13,80,0.68,1.05,1.03,5.82,8.95,0.68,0,0,0,0,0.68,0,0,0,0.03,0,0,1,0.34,100,0,0,0,0,0.34,100,1.03,66.67,0.68,0.34,0.34,44.14,0,0.34,62.28,87.36,26.35,74.03,0.68,100,25.67,97.33,5.13,33.33,18.71,41.24,0,0,0,0,0,0,0,8.56,72,1.37,50,0,0,0.68,0,10.27,70,0,,0,,0,0,0,0,,,0.68,,
C. Faello,MLS Next Pro,2026,New York RB II,New York RB II,LB,18,823,0,0.34,1,0.56,United States,10.72,8.53,61.54,2.84,46.15,0.22,0.34,0.22,5.25,8.14,0.77,2,0.22,0,0,1.97,0,0,0,0.04,0,0,7,0.77,14.29,0,0.11,0.77,42.86,2.62,50,4.7,39.53,1.2,1.97,0,37.07,1.75,0.87,48.99,81.47,21.65,72.73,5.03,86.96,14.33,90.08,2.08,36.84,15.61,33.13,0.06,0.44,0.11,0,0.33,66.67,0.55,5.47,64,1.64,60,0.33,66.67,0.87,0.33,7.65,64.29,0,,0,,0,0,0,0,,,0.11,,
Aimar Sánchez,MLS Next Pro,2026,New York RB II,New York RB II,"LCB, RCB",20,1433,0,0.56,0,0.05,Panama,8.54,5.34,51.76,3.52,55.36,0.44,0.68,0.25,5.34,8.2,1.57,6,0.38,0,0,0.19,0,0,0,0.04,0,0,8,0.5,12.5,0,0,0.06,0,0.25,50,1,62.5,0.57,1.07,0.06,47.98,0.13,0.88,68.52,90.83,23.49,80.21,4.71,96,35.42,97.52,5.53,59.09,20.83,39.73,0,0.06,0.13,0.13,0,0,0.06,8.35,74.44,0.44,71.43,0.06,100,0.38,0,10.11,76.4,0,,0,,0,0,0,0,,,3.96,,
Aimar Modelo,MLS Next Pro,2026,New York RB II,New York RB II,RB,21,940,0,0.01,1,1.14,Panama,8.43,7.18,49.33,0.67,57.14,0.1,0.15,0.19,4.79,7.58,0.77,2,0.19,0,0,1.91,0,0,0,0,0,0,1,0.1,0,0,0.1,1.15,50,1.82,73.68,7.47,44.87,1.05,2.11,0.57,37.44,1.44,0.77,49.4,82.17,20.39,73.24,8.43,98.86,13.79,84.72,3.06,37.5,15.91,38.22,0.11,0.57,0.19,0.1,0,0,0.38,7.66,70,1.82,47.37,0,0,0.57,0.38,9.1,70.53,0,,0,,0,0,0,0,,,0.29,,
A. Causey,MLS Next Pro,2026,New York RB II,New York RB II,GK,24,200,0,0,0,0,United States,1.8,0.45,0,0,0,0,0,0,1.8,2.86,0,0,0,0,0,0,0,0,0,0,0,0,0,0,0,0,0,0,0,0,0,0,0,0,0,0,23.85,0.9,0,31.5,84.29,9,55,0,0,21.6,95.83,6.75,40,26.06,38.61,0,0,0,0,0,0,0,0.9,0,0,0,0,0,0,0,3.6,12.5,6,2.7,13,5.85,0,53.85,5.28,2.38,-0.72,-0.324,0,2.7,0
E. Hata,MLS Next Pro,2026,Houston Dynamo II,Houston Dynamo II,"RCB, LB, LCB",,483,0,0.41,0,0,Japan,6.34,5.03,48.15,2.05,63.64,0.19,0.22,0.19,3.73,4.32,0.19,0,0,0,0,0.19,0,0,0,0.08,0,0,2,0.37,0,0,0,0.37,0,0.37,50,2.24,50,0.93,0.56,0,29.44,0.75,0.56,37.45,89.55,12.11,76.92,5.03,100,14.16,94.74,2.8,53.33,18.53,19.33,0,0,0.19,0,0,0,0,3.35,77.78,0.19,0,0,0,0.19,0,3.91,71.43,0,,0,,0,0,0,0,,,1.3,,
M. Gardner,MLS Next Pro,2026,Houston Dynamo II,Houston Dynamo II,"RWB, RB, LAMF",17,364,0,0.08,1,0.14,United States,5.44,6.68,51.85,1.48,16.67,0.25,0.33,0,1.73,2.28,1.73,2,0.49,1,0.25,1.98,0,0,0,0.02,0,0,2,0.49,0,0,0.25,3.96,12.5,1.98,75,4.7,68.42,1.24,1.98,0.25,19.78,3.46,1.48,22.25,62.22,7.17,51.72,5.44,90.91,6.43,46.15,1.24,20,17.98,25.87,0.03,0.25,0,0,0,0,0.25,2.97,66.67,4.45,22.22,0,0,0.25,0.74,3.96,68.75,0,,0,,0,0,0,0,,,0.25,,
Pedro Cruz,MLS Next Pro,2026,Houston Dynamo II,Houston Dynamo II,GK,22,1076,0,0,0,0,Brazil,1,0.17,100,0.25,66.67,0,0,0,0.84,1.03,0,0,0,0,0,0.08,0,0,0,0,0,0,0,0,0,0,0,0,0,0.17,50,0.25,66.67,0,0,0,14.8,0.25,0.33,27.77,86.14,11.46,67.88,0,0,14.3,98.83,8.95,60.75,29.86,51.32,0,0,0,0,0,0,0.17,3.35,47.5,0.08,0,0.08,0,0.08,0,5.44,70.77,8,0.67,56,4.68,5,85.71,16.31,1.36,8.31,0.695,0,1.76,0.25
S. Jura,MLS Next Pro,2026,Portland Timbers,Portland Timbers II,RB,20,536,0,0.16,2,0.71,United States,6.88,8.56,54.9,2.01,41.67,0.34,0.41,0,1.85,2.23,1.01,1,0.17,0,0,2.35,0,0,0,0.03,0,0,2,0.34,0,0,0.34,1.68,70,1.18,100,5.04,50,0.5,0.84,0,28.04,3.19,0.84,38.28,82.89,11.42,72.06,9.24,94.55,11.08,86.36,2.85,52.94,18.06,25.53,0.12,0.84,0,0,0,0,0.84,3.86,52.17,2.69,56.25,0.34,50,0.5,1.18,6.88,70.73,0,,0,,0,0,0,0,,,0.34,,
Connor Dale,MLS Next Pro,2026,Cincinnati II,Cincinnati II,GK,16,395,0,0,0,0,United States,0.91,0,0,0,0,0,0,0,0.91,1.04,0,0,0,0,0,0.23,0,0,0,0,0,0,0,0,0,0,0,0,0,0.23,100,0.68,66.67,0,0,0,7.97,0,0.23,19.14,72.62,9.11,50,0,0,7.75,100,6.84,36.67,29.54,34.06,0,0,0,0,0,0,0,1.82,12.5,0,0,0,0,0,0,5.24,43.48,6,1.37,24,5.47,1,75,9.63,2.19,3.63,0.827,0,1.82,0
F. Samson,MLS Next Pro,2026,Cincinnati,Cincinnati II,RCB,18,910,1,0.82,0,0.31,Canada,10.68,7.71,60.26,1.78,55.56,0.3,0.33,0.59,5.74,6.42,1.48,1,0.1,1,0.1,0.49,0.1,1,0.1,0.08,0,0,2,0.2,50,50,0,0.4,50,0.3,66.67,1.29,46.15,0.1,0.2,0,29.57,0.3,0.59,43.71,82.81,18.79,70.53,4.55,95.65,17.41,90.91,8.6,45.98,23.81,45.22,0.03,0.2,0,0,0,0,0.2,7.81,54.43,1.09,36.36,0,0,0.3,0.3,7.62,71.43,0,,0,,0,0,0,0,,,2.27,,
A. Lajhar,MLS Next Pro,2026,Cincinnati,Cincinnati II,"LWB, LCB",21,675,0,0.38,1,1.57,Libya,5.73,5.07,50,1.87,64.29,0.4,0.47,0.4,2.8,3.3,1.07,3,0.4,1,0.13,2.67,0,0,0,0.05,0,0,5,0.67,40,0,0.13,1.87,42.86,2.4,66.67,6,53.33,1.07,2.27,0.27,23.6,2,0.93,31.07,77.68,10.27,63.64,6.4,93.75,10,86.67,3.07,34.78,19.37,40.58,0.21,0.67,0,0,0,0,0.13,3.87,65.52,1.2,33.33,0,0,0.13,0.53,5.87,68.18,0,,0,,0,0,0,0,,,0.4,,
A. Nicholas,MLS Next Pro,2026,Inter Miami II,Inter Miami II,LCB,19,1031,0,0.12,0,0.5,United States,9.86,6.9,67.09,2.27,61.54,0.35,0.52,0.44,4.89,7.24,0.44,0,0,0,0,0.35,0,0,0,0.01,0,0,3,0.26,33.33,0,0,0,0,0.35,75,1.66,57.89,0.52,1.22,0.17,51.42,1.13,0.44,70.53,89.48,31.43,81.67,2.27,84.62,30.03,98.26,5.06,60.34,20.91,40.78,0.04,0.17,0,0,0,0,0.09,6.72,74.03,0.79,22.22,0.35,25,0.35,0,10.91,68.8,0,,0,,0,0,0,0,,,1.05,,
T. Vorenkamp,MLS Next Pro,2026,Inter Miami II,Inter Miami II,"RB, RWB",20,1178,0,0.73,2,0.81,Spain,10.47,8.4,50,2.29,46.67,0.69,1.02,0.15,5.58,8.3,1.38,5,0.38,0,0,2.06,0,0,0,0.06,0,0,9,0.69,33.33,0,0.15,2.83,24.32,1.99,57.69,6.19,46.91,2.06,1.3,0.38,21.16,2.67,1.07,31.63,73.43,12.38,63.58,6.42,96.43,8.1,77.36,4.2,50.91,20.03,39.79,0.06,0.53,0,0,0,0,0.31,3.97,50,2.6,35.29,0.46,16.67,0.69,0.46,5.65,64.86,0,,0,,0,0,0,0,,,0.76,,
S. Lachekar,MLS Next Pro,2026,Cincinnati II,Cincinnati II,CB,23,1065,0,0.87,0,0,France,9.46,5.92,65.71,2.54,60,0,0,0.76,5.58,6.29,1.18,3,0.25,0,0,0.42,0,0,0,0.07,0,0,3,0.25,66.67,0,0,0,0,0.34,75,2.28,66.67,0.34,0.34,0.17,32.62,0.25,1.18,46.48,87.45,16.9,76,2.62,96.77,23.49,95.68,4.65,45.45,21.01,40.55,0,0,0,0,0,0,0.08,5.92,65.71,0,0,0,0,0,0,6.93,63.41,0,,0,,0,0,0,0,,,1.27,,
K. Smith,MLS Next Pro,2026,New York City II,New York City II,"LB, LCB",18,816,0,0.35,0,0.38,Jamaica,9.49,6.95,60.32,2.76,68,0.66,0.83,0.11,4.63,5.81,1.54,4,0.44,0,0,0.33,0,0,0,0.04,0,0,2,0.22,50,0,0,0.99,0,0.22,100,2.43,63.64,1.32,1.32,0.11,30.88,2.43,0.99,41.69,77.78,17.76,64.6,6.62,98.33,12.9,82.05,4.85,45.45,19.31,32.75,0.04,0.33,0,0,0,0,0.22,4.63,59.52,1.1,10,0,0,0.33,0.22,8.05,50.68,0,,0,,0,0,0,0,,,1.1,,
A. Campos Lopez,MLS Next Pro,2026,New York City II,New York City II,RB,18,792,0,0.19,1,0.21,El Salvador,8.18,8.41,47.3,1.36,66.67,0.23,0.32,0,3.98,5.56,0.8,1,0.11,0,0,1.25,0,0,0,0.02,0,0,2,0.23,50,0,0.11,0.45,75,1.59,50,4.89,41.86,0.45,0.45,0.11,31.25,0.91,0.68,41.48,83.56,15.34,67.41,6.7,96.61,8.75,93.51,2.05,50,14.84,33.05,0.02,0.23,0,0,0,0,0.23,3.98,68.57,0.8,42.86,0,0,0,0.45,7.73,55.88,0,,0,,0,0,0,0,,,1.02,,
D. Randazzo,MLS Next Pro,2026,New York City II,New York City II,RB,19,407,0,0.32,0,0.02,United States,13.27,8.62,58.97,1.55,14.29,0.88,1.1,0.66,7.3,9.08,0.66,1,0.22,0,0,0.22,0,0,0,0.07,0,0,3,0.66,0,0,0,1.11,0,1.33,16.67,5.09,43.48,1.11,0.88,0.66,19.24,1.77,1.99,29.85,68.15,12.83,58.62,3.98,94.44,8.18,67.57,2.65,25,15.22,29.49,0,0.22,0,0,0,0,0.22,4.42,75,1.77,12.5,0,0,0.22,0.44,7.52,47.06,0,,0,,0,0,0,0,,,0.66,,
João Loiola,MLS Next Pro,2026,New York City II,New York City II,RCB,21,792,1,0.48,0,0.3,Brazil,10.68,6.14,59.26,2.5,59.09,0.11,0.15,0.57,6.93,8.97,2.05,2,0.23,0,0,1.59,0.11,1,0.11,0.06,0,0,2,0.23,50,50,0,0.23,50,1.82,75,4.43,71.79,0.68,0.68,0,38.52,0.45,1.59,52.27,84.35,23.18,71.08,2.05,94.44,21.7,95.81,5.57,44.9,20.32,41.14,0.03,0.11,0,0,0,0,0.11,4.43,58.97,0.45,25,0,0,0.23,0.11,9.55,52.38,0,,0,,0,0,0,0,,,1.36,,
D. Parisian,MLS Next Pro,2026,New England II,New England II,GK,21,689,0,0,0,0,United States,0.26,0,0,0.39,100,0,0,0,0.26,0.34,0,1,0.13,0,0,0,0,0,0,0,0,0,0,0,0,0,0,0,0,0,0,0,0,0,0,0,12.93,0.13,0.52,22.34,87.13,11.36,77.01,0.13,100,9.67,97.3,5.36,56.1,29.61,52.18,0,0,0,0,0,0,0,1.96,53.33,0,0,0,0,0,0,4.44,58.82,7,0.91,22,2.87,3,68.18,5.55,0.73,-1.45,-0.189,0,1.96,0.39
S. Mimy,MLS Next Pro,2026,New England II,New England II,LB,25,889,0,0.02,0,0.25,United States,8.71,6.78,58.21,2.02,50,0.1,0.14,0.4,4.66,6.63,1.01,1,0.1,0,0,3.04,0,0,0,0,0,0,4,0.4,25,0,0,2.63,42.31,2.63,69.23,7.19,53.52,0.71,1.82,0.1,28.95,1.52,0.91,40.8,78.91,15.19,74,6.78,91.04,12.65,77.6,3.34,57.58,18.79,36.11,0.03,0.51,0.1,0,0.1,0,0.4,5.06,76,2.73,29.63,0.4,25,0.3,0.61,8.2,74.07,0,,0,,0,0,0,0,,,0.3,,
D. Kerr,MLS Next Pro,2026,New York City II,New York City II,"LB, LAMF",21,845,0,0.85,2,1.31,United States,6.6,6.28,50.85,1.28,58.33,0.11,0.14,0,3.3,4.21,0.53,1,0.11,0,0,2.88,0,0,0,0.09,0,0,12,1.28,33.33,0,0.21,3.09,44.83,1.81,52.94,3.73,51.43,2.02,0.96,0.21,26.63,2.88,0.85,33.23,71.15,13.1,60.98,5.54,92.31,9.16,72.09,4.47,54.76,18.94,42.16,0.14,0.96,0,0,0.11,100,0.75,3.94,59.46,3.2,50,0.21,50,0.85,1.17,9.05,61.18,0,,0,,0,0,0,0,,,0.11,,
J. Suchecki,MLS Next Pro,2026,New York City II,New York City II,"LCB, RDMF, LDMF",24,1296,1,2.34,0,0.39,United States,8.19,3.4,61.22,3.4,55.1,0.28,0.37,0.28,5.83,7.68,0.97,0,0,0,0,0.9,0.07,1,0.07,0.16,0,0,14,0.97,28.57,7.143,0,0.56,50,0.49,71.43,2.5,30.56,1.32,0.42,0.07,32.22,0.56,0.69,44.03,84.23,12.15,64.57,5.63,92.59,19.65,92.93,4.79,49.28,19.35,39.15,0.03,0.21,0.07,0,0,0,0.14,5.28,59.21,1.04,46.67,0.14,0,0.35,0.21,5.49,60.76,0,,0,,0,0,0,0,,,1.18,,
B. Klein,MLS Next Pro,2026,New York City II,New York City II,GK,24,501,0,0,0,0,United States,0.36,0.36,100,0.18,100,0,0,0,0,0,0,0,0,0,0,0,0,0,0,0,0,0,0,0,0,0,0,0,0,0,0,0,0,0,0,0,14.91,0.18,0.18,26.59,79.73,12.4,59.42,0,0,11.32,98.41,7.54,42.86,28.53,50.46,0,0,0,0,0,0,0,1.44,12.5,0.18,0,0,0,0,0,6.29,51.43,7,1.26,26,4.67,1,73.08,7.63,1.37,0.63,0.113,0,1.08,0.18
E. Martin,MLS Next Pro,2026,New York City II,New York City II,"RCB, RB",24,272,0,0,0,0.01,United States,8.6,5.96,44.44,3.97,41.67,0,0,0,5.96,8.44,0.33,0,0,0,0,0.66,0,0,0,0,0,0,0,0,0,0,0,0,0,0.66,100,2.32,57.14,0,0.99,0,32.76,0.33,0.33,48.97,83.78,19.19,62.07,4.3,100,22.5,98.53,5.96,55.56,17.04,21.25,0,0.33,0,0,0,0,0,3.97,50,0,0,0,0,0,0,7.94,50,0,,0,,0,0,0,0,,,1.99,,
M. Learned,MLS Next Pro,2026,New York City II,New York City II,GK,23,868,0,0,0,0,United States,1.87,0,0,0,0,0,0,0,1.87,2.37,0,0,0,0,0,0.1,0,0,0,0,0,0,0,0,0,0,0,0,0,0.1,100,0.31,100,0,0,0,21.67,0.21,0.21,36.39,89.46,11.41,70.91,0.1,100,22.91,97.74,6.22,48.33,24.19,43.25,0,0,0,0,0,0,0,1.14,54.55,0,0,0,0,0,0,4.15,40,15,1.56,49,5.08,2,69.39,14.89,1.54,-0.11,-0.011,0,1.56,0
K. Perkins,MLS Next Pro,2026,Minnesota United II,Minnesota United II,GK,17,490,0,0,0,0,United States,0.92,0.18,0,0.37,100,0,0,0,0.92,1.14,0,0,0,0,0,0,0,0,0,0,0,0,0,0,0,0,0,0,0,0,0,0,0,0,0,0,20.39,0,0.37,28.65,83.97,9.73,54.72,0,0,17.27,98.94,6.98,34.21,28.73,54.6,0,0,0,0,0,0,0,3.67,25,0.55,0,0.18,0,0,0,3.31,61.11,7,1.29,24,4.41,2,70.83,7.54,1.39,0.54,0.099,0,1.29,0.37
K. Starks,MLS Next Pro,2026,Colorado Rapids II,Colorado Rapids II,GK,18,777,0,0,0,0,United States,1.16,0.23,50,0,0,0,0,0,1.04,1.41,0,0,0,0,0,0,0,0,0,0,0,0,0,0,0,0,0,0.12,0,0,0,0.12,100,0.23,0,0.12,23.4,0,0.12,38.92,87.8,19.34,82.63,0.23,0,16.1,94.24,12.05,66.35,25.59,39.99,0,0,0,0,0,0,0,2.32,50,0.35,0,0,0,0,0.12,8.46,65.75,13,1.51,42,4.86,1,69.05,12.61,1.46,-0.39,-0.045,0,1.51,0
D. Colon,MLS Next Pro,2026,Carolina Core,Carolina Core,"LB, RCB, LWB",21,318,0,0.08,0,0.11,United States,9.06,4.53,37.5,4.81,41.18,0,0,0.28,7.36,9.29,1.7,0,0,0,0,2.26,0,0,0,0.02,0,0,3,0.85,100,0,0,1.7,50,0.85,66.67,2.83,70,0.57,0.57,0,18.96,1.98,1.98,25.47,84.44,7.92,75,4.53,93.75,10.19,83.33,2.55,77.78,20.27,28.9,0.03,0.28,0,0,0,0,0,2.83,90,2.26,50,0,0,0.28,1.13,4.81,82.35,0,,0,,0,0,0,0,,,1.7,,
S. Yepes,MLS Next Pro,2026,Carolina Core,Carolina Core,RCB,19,696,0,0.19,0,0,Colombia,6.72,5.43,61.9,1.81,57.14,0,0,0.39,3.36,4.51,0.65,0,0,0,0,0.13,0,0,0,0.02,0,0,2,0.26,50,0,0,0,0,0.13,0,0.65,60,0.26,0.39,0,25.86,0.78,0.26,38.28,83.78,13.58,67.62,2.46,94.74,19.53,92.05,5.56,41.86,24.94,51.47,0,0,0,0,0,0,0,4.78,54.05,0.52,0,0,0,0,0,6.59,60.78,0,,0,,0,0,0,0,,,2.07,,
N. Brown,MLS Next Pro,2026,Carolina Core,Carolina Core,"RB, RW, LB",23,195,0,0,1,0.27,United States,11.54,11.54,56,1.85,25,0,0,0,5.08,6.73,1.85,0,0,0,0,0.46,0,0,0,0,0,0,0,0,0,0,0.46,2.31,20,0,0,2.31,40,1.85,0,0,17.54,2.31,0,27.23,69.49,14.77,62.5,2.31,80,6.92,86.67,2.31,40,20.04,8.95,0.13,0.92,0,0,0,0,0.92,1.38,66.67,1.38,33.33,0,0,0.92,0.46,4.62,40,0,,0,,0,0,0,0,,,0.46,,
J. Caiza Bazurto,MLS Next Pro,2026,Carolina Core,Carolina Core,"LB, LCB",21,1377,0,0.84,0,0.78,Ecuador,10.39,7.39,61.95,1.57,41.67,0.33,0.42,0.07,5.49,7.06,1.57,3,0.2,2,0.13,3.07,0,0,0,0.06,0,0,14,0.92,14.29,0,0,3.53,37.04,2.03,80.65,4.77,61.64,1.18,1.63,0.33,25.1,1.9,0.98,38.56,71.69,17.25,62.5,6.08,92.47,10.85,74.1,5.69,44.83,22.14,42.01,0.05,0.46,0,0,0,0,0.39,7.58,63.79,3.73,42.11,0.33,40,0.65,1.31,10.59,67.28,0,,0,,0,0,0,0,,,1.31,,
L. Christiano,MLS Next Pro,2026,Huntsville City,Huntsville City,"LCB, LB",19,1335,3,1.03,1,0.47,United States,7.96,5.53,50,1.75,50,0.54,0.66,0.54,4.65,5.67,1.01,3,0.2,0,0,1.48,0.2,3,0.2,0.07,0,0,9,0.61,44.44,33.333,0.07,0.94,57.14,1.15,58.82,4.58,58.82,1.28,0.67,0.07,45.51,0.61,1.21,55.28,87.93,18.13,75.09,6.34,97.87,23.26,95.36,5.66,44.05,20.73,46.47,0.03,0.2,0,0,0,0,0.13,7.08,62.86,1.08,37.5,0.27,50,0.2,0.54,8.97,70.68,0,,0,,0,0,0,0,,,2.29,,
M. Molina,MLS Next Pro,2026,Huntsville City,Huntsville City,"RB, LB",19,1325,3,2.17,3,0.95,United States,6.45,4.55,53.73,1.02,60,0.27,0.33,0.27,3.74,4.53,0.27,0,0,0,0,2.51,0.2,3,0.2,0.15,0,0,15,1.02,46.67,20,0.2,1.83,29.63,2.99,47.73,6.32,37.63,1.77,2.17,0.07,27.17,1.7,0.75,33.15,83.2,10.53,70.97,8.15,97.5,7.61,83.04,1.56,39.13,15.64,29.39,0.06,0.61,0.07,0.07,0.14,50,0.48,3.26,64.58,2.24,48.48,0.27,50,0.75,0.54,4.48,69.7,0,,0,,0,0,0,0,,,0.07,,
N. Holliday,MLS Next Pro,2026,Carolina Core,Carolina Core,GK,20,1409,0,0.18,0,0,United States,0.45,0.13,50,0.26,100,0,0,0,0.38,0.48,0,1,0.06,0,0,0,0,0,0,0.01,0,0,1,0.06,0,0,0,0,0,0,0,0.13,100,0.06,0,0,12.97,0.13,0.26,19.23,73.75,9.58,51.33,0.06,100,9.13,96.5,7.86,37.4,37.17,52.7,0,0,0,0,0,0,0,2.24,25.71,0.45,14.29,0,0,0.06,0,4.73,54.05,23,1.47,82,5.24,3,71.95,23.43,1.5,0.43,0.027,0,1.79,0.26
N. Evers,MLS Next Pro,2026,Carolina Core,Carolina Core,"LCB, RCB",24,1216,1,0.84,0,0,United States,9.7,7.03,65.26,2.74,51.35,0.22,0.27,1.18,4.88,6.04,1.33,3,0.22,1,0.07,0.22,0.07,1,0.07,0.06,0,0,1,0.07,100,100,0,0.15,0,0.15,100,0.52,85.71,0.22,0.07,0.07,24.57,0.22,0.81,35.38,81.38,15.99,69.44,2.66,88.89,14.8,93,5.25,40.85,23.26,37.61,0,0,0,0,0.07,0,0,3.77,60.78,0.3,0,0.22,33.33,0,0,6.81,52.17,0,,0,,0,0,0,0,,,1.85,,
A. Talabi,MLS Next Pro,2026,Monterey Bay FC,Huntsville City,RCB,25,593,0,0.44,0,0,United States,6.22,3.19,52.38,2.58,76.47,0,0,0.15,4.55,5.17,0.3,0,0,0,0,0,0,0,0,0.07,0,0,3,0.46,0,0,0,0,0,0.3,0,1.06,42.86,0.46,0.15,0,45.68,0,0.46,58.13,91.64,18.67,81.3,2.73,100,29.29,96.89,4.25,53.57,18.98,45.47,0,0,0,0,0,0,0,6.22,73.17,0.46,100,0,0,0.3,0,5.92,69.23,0,,0,,0,0,0,0,,,2.28,,
T. Jackson,MLS Next Pro,2026,Carolina Core,Carolina Core,GK,25,301,0,0,0,0,United States,1.5,0,0,0.3,100,0,0,0,1.5,1.97,0,0,0,0,0,0,0,0,0,0,0,0,0,0,0,0,0,0,0,0,0,0,0,0,0,0,12.56,0,0,20.93,64.29,14.05,53.19,0,0,5.98,85,10.17,35.29,35.46,49.31,0,0,0,0,0,0,0,2.09,14.29,0,0,0.3,0,0,0,6.28,33.33,5,1.5,14,4.19,1,64.29,4.39,1.31,-0.61,-0.182,0,0.9,0.3
M. Diakite,MLS Next Pro,2026,Carolina Core,Carolina Core,"LCB, RCMF, LDMF",29,621,1,0.52,0,0.37,Côte d'Ivoire,13.48,9.57,65.15,3.77,61.54,0.14,0.19,0.72,7.1,9.25,1.88,3,0.43,0,0,1.3,0.14,1,0.14,0.08,1,0.14,8,1.16,25,12.5,0,0.87,0,1.59,54.55,5.8,32.5,0.72,1.01,0,23.77,0.14,0.72,38.99,81.78,15.07,72.12,3.33,100,17.25,84.87,5.36,40.54,21.87,30.14,0.05,0.29,0,0,0.14,100,0.14,7.25,64,1.88,23.08,0.14,100,0.29,0,5.8,72.5,0,,0,,0,0,0,0,,,0.72,,
S. Siegler,MLS Next Pro,2026,Colorado Rapids II,Colorado Rapids II,"LCMF, RCB",17,191,0,0.1,0,0,United States,9.9,6.6,57.14,3.3,42.86,0,0,0.94,6.13,8.67,2.36,1,0.47,0,0,1.41,0,0,0,0.05,0,0,2,0.94,50,0,0,0.94,100,0.47,0,2.83,0,0.47,0.94,0.47,39.11,0,0,54.66,85.34,18.85,67.5,12.25,92.31,10.37,100,1.88,25,14.13,23.89,0,0,0,0,0,0,0.47,5.18,54.55,2.83,66.67,0,0,0.47,0.94,6.13,61.54,0,,0,,0,0,0,0,,,0.94,,
E. Watt,MLS Next Pro,2026,Austin FC II,Austin FC II,RCB,22,1459,0,0.49,0,0.21,United States,5.74,2.22,63.89,3.58,55.17,0.06,0.08,1.23,4.26,5.24,0.49,0,0,0,0,0.19,0,0,0,0.03,0,0,6,0.37,16.67,0,0,0.12,50,0.06,100,0.49,62.5,0.68,0.43,0,38.55,0.49,0.25,49.6,88.06,18.69,72.94,2.16,100,25.66,97.36,7.4,50.83,24.49,45.1,0.01,0.06,0,0.06,0,0,0,6.11,67.68,0.25,50,0.19,33.33,0.12,0.06,7.83,70.87,0,,0,,0,0,0,0,,,1.97,,
Jonathan De La Fuente,MLS Next Pro,2026,Colorado Rapids II,Colorado Rapids II,"RCMF, RB",17,224,0,0.08,0,0.07,Mexico,5.63,7.23,44.44,1.21,33.33,0,0,0,2.41,3.53,2.81,1,0.4,0,0,1.61,0,0,0,0.03,0,0,2,0.8,0,0,0,0.8,50,2.01,60,4.42,72.73,0,0.4,0,40.18,0.8,0.4,44.6,83.78,17.68,68.18,9.24,100,10.45,88.46,1.61,0,16.38,24.04,0.03,0.4,0,0,0,0,0.8,5.63,71.43,2.41,50,0,0,0.8,0.4,6.43,75,0,,0,,0,0,0,0,,,0.8,,
G. Gilmore,MLS Next Pro,2026,Colorado Rapids II,Colorado Rapids II,RCB,18,770,0,0.38,0,0,United States,8.3,4.56,58.97,2.69,56.52,0.12,0.16,0.82,5.49,7.58,1.4,1,0.12,1,0.12,0.23,0,0,0,0.04,0,0,2,0.23,0,0,0,0,0,0.47,50,1.87,56.25,0.47,1.05,0.12,46.17,0.12,0.47,58.21,91.57,24.19,85.99,3.62,93.55,20.22,98.27,2.34,55,16.93,40.05,0,0,0,0,0,0,0,3.74,68.75,0.35,0,0,0,0.12,0,6.19,50.94,0,,0,,0,0,0,0,,,2.1,,
Jaden Chan Tack,MLS Next Pro,2026,Colorado Rapids II,Colorado Rapids II,LB,18,779,0,0,1,1.4,United States,9.01,5.31,71.74,1.96,58.82,0,0,0.58,5.2,7.54,0.81,0,0,0,0,0.92,0,0,0,0,0,0,1,0.12,0,0,0.12,2.43,28.57,0.46,50,2.66,47.83,0.46,1.96,0.58,36.51,1.5,0.46,43.9,80.26,14.09,70.49,11.78,92.16,9.13,79.75,1.85,50,14.32,30.09,0.16,1.04,0,0.12,0.12,0,0.81,3.7,75,3.12,40.74,0.23,0,0.46,0.81,7.05,52.46,0,,0,,0,0,0,0,,,0.12,,
C. Hayato Harper,MLS Next Pro,2026,Colorado Rapids II,Colorado Rapids II,"LCB, RCB",23,993,0,0.21,0,0,Australia,5.89,3.08,55.88,1.36,60,0.27,0.41,0.63,3.9,5.84,1,5,0.45,1,0.09,0.36,0,0,0,0.02,0,0,2,0.18,0,0,0,0.09,0,0.36,100,1.36,66.67,0.45,0.73,0.18,46.31,0.27,0.36,62.45,89.55,22.39,80.16,2.99,93.94,28.28,95.19,5.98,53.03,20.56,32.22,0,0.09,0,0,0,0,0,5.62,64.52,0.45,20,0,0,0.18,0,7.52,56.63,0,,0,,0,0,0,0,,,2.36,,
J. Decoteau,MLS Next Pro,2026,Colorado Rapids II,Colorado Rapids II,RB,21,1378,0,1.4,1,0.55,United States,7.05,5.55,54.12,1.11,70.59,0.26,0.37,0.33,3.79,5.3,1.31,5,0.33,0,0,1.11,0,0,0,0.09,0,0,12,0.78,33.33,0,0.07,1.44,18.18,0.91,64.29,5.09,50,1.31,1.7,0.13,27.95,1.31,1.76,36.18,82.31,11.04,68.64,7.25,97.3,9.01,81.88,1.5,34.78,15.85,29.01,0.04,0.39,0,0.07,0.2,0,0.33,3.46,60.38,1.83,21.43,0.26,0,0.2,0.33,4.64,54.93,0,,0,,0,0,0,0,,,1.37,,
E. Lauta,MLS Next Pro,2026,Austin FC II,Austin FC II,GK,22,1178,0,0,0,0,United States,0.23,0.15,100,0.15,100,0,0,0,0.08,0.1,0,1,0.08,0,0,0,0,0,0,0,0,0,0,0,0,0,0,0,0,0,0,0.08,100,0,0,0,13.06,0.38,0.23,23.07,91.06,7.95,77.88,0,0,14.13,98.38,4.89,60.94,24.96,43.51,0,0,0,0,0,0,0,0.38,40,0.08,0,0,0,0,0,3.44,55.56,11,0.84,48,3.67,5,77.08,12.91,0.99,1.91,0.146,0,1.38,0.15
J. Cameron,MLS Next Pro,2026,Colorado Rapids II,Colorado Rapids II,"LB, LAMF, LCB",21,677,0,1.27,0,0.16,Canada,6.38,5.85,54.55,2.79,42.86,0,0,0,3.19,4.47,1.33,2,0.27,0,0,2.13,0,0,0,0.17,0,0,8,1.06,37.5,0,0,1.73,38.46,2.13,50,9.17,43.48,1.2,3.06,0.27,29.38,1.06,1.06,36.16,79.41,10.24,62.34,6.25,97.87,12.63,81.05,2.26,35.29,15.75,29.42,0.02,0.4,0,0,0.13,0,0.53,4.25,50,2.26,23.53,0.13,0,0.13,0.8,3.99,43.33,0,,0,,0,0,0,0,,,0.27,,
D. Ciesla,MLS Next Pro,2026,Austin FC II,Austin FC II,RB,21,814,1,0.46,1,0.18,United States,7.85,5.97,61.11,2.32,52.38,0.22,0.28,0.44,3.98,4.95,1,4,0.44,0,0,0.66,0.11,1,0.11,0.05,0,0,3,0.33,33.33,33.333,0.11,1.44,23.08,0.33,66.67,1.77,50,1.11,0.77,0,27.86,1,0.66,33.72,80.66,12.71,67.83,6.63,95,8.85,88.75,3.54,46.88,16.62,28.69,0.02,0.22,0,0,0,0,0.11,3.32,60,1,33.33,0,0,0.33,0.44,5.2,55.32,0,,0,,0,0,0,0,,,0.33,,
C. Farrar,MLS Next Pro,2026,Austin FC II,Austin FC II,GK,22,287,0,0,0,0,England,0.63,0,0,0.31,100,0,0,0,0.63,0.71,0,0,0,0,0,0,0,0,0,0,0,0,0,0,0,0,0,0,0,0,0,0,0,0,0,0,7.21,0,0.31,13.17,88.1,5.02,68.75,0,0,7.21,100,3.14,70,34.83,54.38,0,0,0,0,0,0,0,1.57,40,0,0,0,0,0,0,2.51,75,2,0.63,8,2.51,2,75,2.03,0.64,0.03,0.009,0,1.88,0.31
Z. Campagnolo,MLS Next Pro,2026,Colorado Rapids II,Colorado Rapids II,GK,19,788,0,0,0,0,United States,1.48,0,0,0.23,100,0,0,0,1.48,2.22,0,0,0,0,0,0,0,0,0,0,0,0,0,0,0,0,0,0,0,0,0,0.11,100,0,0,0,22.16,0,0.23,33.01,89.97,10.96,79.17,0,0,17.82,94.87,4.8,52.38,19.84,39.46,0,0,0,0,0,0,0,0.46,0,0,0,0.11,0,0,0,4.8,47.62,21,2.4,49,5.6,0,57.14,14.21,1.62,-6.79,-0.776,0,1.83,0.23
D. Dobruna,MLS Next Pro,2026,Austin FC II,Austin FC II,"LB, RB",20,352,0,0.02,0,0.29,United States,4.09,6.14,41.67,3.07,66.67,0,0,0,1.53,2.07,1.53,2,0.51,0,0,2.56,0,0,0,0.01,0,0,1,0.26,100,0,0,3.32,46.15,2.05,37.5,4.6,44.44,0.26,0.77,0,30.17,0.77,1.02,39.12,84.97,16.36,79.69,7.67,100,9.2,83.33,3.84,46.67,20.86,29.28,0.07,0.51,0.26,0,0,0,0.26,5.37,80.95,1.53,66.67,0,0,0,0.77,7.41,72.41,0,,0,,0,0,0,0,,,0.51,,
K. Thomas,MLS Next Pro,2026,Colorado Rapids II,Colorado Rapids II,"RCB, LCB, CB",23,545,0,0.44,0,0,United States,7.43,4.62,42.86,1.98,66.67,0.5,0.77,0.83,4.95,7.69,0.83,2,0.33,0,0,0,0,0,0,0.07,0,0,1,0.17,0,0,0,0,0,0,0,1.65,80,0.17,0.17,0.33,45.41,0.33,1.98,57.47,89.08,23.94,78.62,3.14,94.74,23.61,97.2,5.78,37.14,22.64,43.01,0,0.17,0.17,0,0,0,0,4.79,72.41,0.33,50,0.17,0,0.17,0,7.76,63.83,0,,0,,0,0,0,0,,,2.15,,
P. Cayelli,MLS Next Pro,2026,Austin FC II,Austin FC II,LB,22,1168,0,0.15,1,1,United States,7.32,5.93,45.45,1.16,40,0.15,0.19,0.15,4.47,5.52,0.54,2,0.15,0,0,1.54,0,0,0,0.01,0,0,3,0.23,33.33,0,0.08,3.54,32.61,0.62,50,1.62,57.14,0.62,1.23,0.08,33.13,2.54,0.54,44.46,76.6,19.65,67.84,6.93,93.33,10.63,79.71,5.39,37.14,18.67,40.99,0.08,0.85,0.08,0,0.15,0,0.62,7.24,54.26,3.54,34.78,0.92,8.33,0.39,1,9.32,68.6,0,,0,,0,0,0,0,,,0.31,,
I. Ettinger,MLS Next Pro,2026,Atlanta United II,Atlanta United II,"RCB, RB",18,340,0,0,1,0.37,United States,9.53,7.15,55.56,6.09,56.52,0.53,0.7,0,5.03,6.63,0.53,0,0,0,0,0.79,0,0,0,0,0,0,0,0,0,0,0.26,1.32,20,0.53,100,2.65,60,0.26,0.53,0,32.82,0.53,0.79,45.53,80.23,20.12,68.42,5.82,86.36,17.21,90.77,5.82,50,20.09,25.5,0.1,0.79,0,0.26,0,0,0.53,5.03,52.63,1.06,25,0,0,0.26,0.26,8.74,69.7,0,,0,,0,0,0,0,,,2.91,,
E. Omoregbe,MLS Next Pro,2026,Toronto II,Toronto II,"RB, LB, RCMF",17,709,0,0.13,0,0.04,Canada,10.41,6.47,72.55,0.63,40,0.38,0.47,0.51,5.33,6.6,0.51,2,0.25,0,0,1.02,0,0,0,0.02,0,0,2,0.25,0,0,0,0.25,50,1.14,66.67,4.7,54.05,0.38,0.51,0,27.42,0.25,1.02,37.45,90.51,12.31,81.44,5.71,93.33,13.71,96.3,1.14,55.56,16.87,18.63,0.01,0.25,0,0,0.25,50,0.13,2.41,89.47,0.25,50,0.25,50,0,0.13,4.57,58.33,0,,0,,0,0,0,0,,,0.76,,
T. Majub,MLS Next Pro,2026,Atlanta United II,Atlanta United II,LCB,20,451,0,0.33,1,0.25,Uganda,10.58,6.78,61.76,1.2,33.33,0,0,0.8,6.39,8.5,1.2,2,0.4,0,0,1.6,0,0,0,0.07,0,0,3,0.6,0,0,0.2,0.6,100,1.8,55.56,4.79,45.83,0.4,0.8,0,34.72,1.2,1.2,53.88,86.67,19.56,73.47,7.38,97.3,21.75,93.58,6.78,41.18,19.16,38.49,0.05,0.2,0,0,0,0,0.2,5.19,65.38,0.8,50,0.8,25,0.2,0.4,8.18,63.41,0,,0,,0,0,0,0,,,4.39,,
Raequan Campbell-Dennis,MLS Next Pro,2026,Toronto II,Toronto II,"RB, RWB",18,844,0,0.12,2,0.52,Jamaica,11.41,11.41,54.21,1.49,0,0.11,0.13,0.43,5.12,6.21,2.03,1,0.11,0,0,1.28,0,0,0,0.01,0,0,3,0.32,66.67,0,0.21,0.85,0,1.6,53.33,5.33,54,1.39,1.07,0.11,21.22,1.71,1.17,29.32,73.82,11.84,62.16,5.76,92.59,5.76,70.37,2.99,42.86,17,35.33,0.05,0.43,0.11,0,0.32,66.67,0.53,3.2,70,2.03,36.84,0.43,50,1.28,0,5.86,47.27,0,,0,,0,0,0,0,,,0.32,,
S. Kapor,MLS Next Pro,2026,Toronto,Toronto II,LCB,17,935,0,0.94,0,0,Canada,8.95,4.52,68.09,1.64,35.29,0.1,0.11,1.25,5.78,6.67,0.19,0,0,0,0,0.19,0,0,0,0.09,0,0,2,0.19,0,0,0,0,0,0.58,33.33,2.12,50,0.29,0.67,0.1,48.9,0.19,0.67,64.3,89.07,21.18,72.73,3.66,92.11,32.73,99.41,4.72,32.65,19.84,33.78,0,0,0,0,0,0,0,3.18,48.48,0.58,16.67,0.19,0,0,0,6.74,48.57,0,,0,,0,0,0,0,,,2.6,,
D. Chong Qui,MLS Next Pro,2026,Atlanta United II,Atlanta United II,"LWB, LB",18,1267,1,2.1,2,4.15,United States,7.96,7.74,55.96,1.7,45.83,0.14,0.2,0.07,3.48,4.85,1.99,1,0.07,0,0,2.91,0.07,1,0.07,0.15,0,0,24,1.7,58.33,4.167,0.14,3.13,25,2.2,51.61,6.54,55.43,3.2,2.56,0.43,19.46,2.7,1.49,25.86,70.6,8.45,60.5,5.54,92.31,7.81,62.73,1.49,38.1,16.99,36.65,0.29,1.42,0.28,0,0.14,0,0.78,2.91,51.22,3.76,35.85,0.36,0,1.56,0.85,4.83,70.59,0,,0,,0,0,0,0,,,0.14,,
J. Donaldson,MLS Next Pro,2026,Atlanta United II,Atlanta United II,GK,17,392,0,0,0,0.15,United States,1.38,0,0,0,0,0,0,0,1.38,2.07,0,1,0.23,0,0,0,0,0,0,0,0,0,0,0,0,0,0,0,0,0,0,0,0,0,0,0,16.3,0,0,22.73,85.86,11.94,75,0,0,8.72,100,7.35,59.38,31.43,50.43,0.03,0.23,0,0,0,0,0.23,3.9,64.71,0.46,50,0,0,0.46,0,5.28,73.91,6,1.38,15,3.44,2,60,5.25,1.2,-0.75,-0.172,0,0.46,0
J. Ransom,MLS Next Pro,2026,Atlanta United II,Atlanta United II,GK,18,979,0,0,0,0,United States,1.1,0.18,100,0.18,100,0.09,0.12,0,0.83,1.1,0,1,0.09,0,0,0,0,0,0,0,0,0,0,0,0,0,0,0,0,0,0,0.18,50,0,0,0,20.32,0.55,0.09,28.31,76.95,16.09,61.14,0.09,100,10.85,97.46,12.23,49.62,33.36,51.27,0,0,0,0,0,0,0,3.86,57.14,0.09,0,0.18,50,0,0,9.19,61,16,1.47,48,4.41,2,66.67,16.37,1.5,0.37,0.034,0,1.01,0.18
M. Senanou,MLS Next Pro,2026,Atlanta United II,Atlanta United II,"CB, RCB",23,1570,1,1,1,0.41,United States,8.54,4.59,62.5,3.27,66.67,0.34,0.47,1.03,5.33,7.32,1.38,2,0.11,0,0,0.4,0.06,1,0.06,0.06,0,0,6,0.34,16.67,16.667,0.06,0.06,100,0.52,55.56,1.43,56,0.8,0.46,0.11,38.29,0.23,0.69,54.8,88.91,17.43,74.67,3.84,95.52,29.87,96.55,5.45,51.58,21.91,41.96,0.02,0.11,0,0,0,0,0.11,4.7,65.85,0.23,25,0.11,0,0.11,0.06,7.17,64.8,0,,0,,0,0,0,0,,,3.21,,
M.  Cisset,MLS Next Pro,2026,Atlanta United II,Atlanta United II,LCB,21,1012,0,1.05,2,0.31,Canada,9.69,5.07,70.18,3.02,61.76,0.18,0.26,0.62,5.96,8.63,0.8,2,0.18,0,0,0.36,0,0,0,0.09,0,0,9,0.8,11.11,0,0.18,0.27,33.33,0.44,40,3.2,58.33,0.89,1.16,0,34.77,0.71,1.51,48.11,85.4,19.12,71.16,4.18,95.74,21.52,95.04,7.2,51.85,22.71,41.54,0.03,0.27,0,0.09,0,0,0.09,8.98,56.44,0.89,0,0.36,50,0,0.18,7.74,71.26,0,,0,,0,0,0,0,,,2.13,,
M. Chisholm,MLS Next Pro,2026,Toronto II,Toronto II,"LB, LCB",21,983,0,0,0,0.46,Canada,7.51,5.31,72.41,1.65,33.33,0.09,0.11,0.09,3.57,4.16,0.82,2,0.18,0,0,0.46,0,0,0,0,0,0,0,0,0,0,0,0.27,33.33,0.46,80,1.65,55.56,0.37,0.18,0,40.83,0.55,0.73,53.19,87.61,21.33,78.54,5.49,96.67,20.42,93.72,4.21,43.48,18.61,38.77,0.04,0.09,0,0,0,0,0.09,3.48,57.89,0.09,100,0,0,0.18,0,7.51,59.76,0,,0,,0,0,0,0,,,1.37,,
D. Barrow,MLS Next Pro,2026,Toronto II,Toronto II,"RCB, CB",22,270,0,0.58,0,0.01,Canada,9,4.33,46.15,2,83.33,0,0,1,7,8.4,1.33,2,0.67,0,0,0.33,0,0,0,0.19,0,0,3,1,33.33,0,0,0,0,0,0,0.67,0,1.33,0,0.33,28,0,0.33,40,90,12.67,78.95,2.67,100,21.67,95.38,3,44.44,22.84,46.61,0,0.33,0,0,0,0,0,3,66.67,0.33,0,0,0,0.33,0,4,66.67,0,,0,,0,0,0,0,,,1.67,,
D. Chica,MLS Next Pro,2026,Atlanta United II,Atlanta United II,"RCB, RB",24,1314,2,1.69,0,0.34,United States,10.55,8.77,67.97,2.19,53.13,0.41,0.55,0.21,4.18,5.63,1.1,2,0.14,2,0.14,1.51,0.14,2,0.14,0.12,1,0.07,14,0.96,42.86,14.286,0,0.41,16.67,1.44,71.43,3.84,60.71,1.37,0.89,0,32.12,0.27,0.68,44.93,86.43,19.04,77.34,3.63,94.34,18.29,95.13,6.23,60.44,21.13,41.79,0.02,0.07,0,0,0,0,0,5.55,77.78,0.34,40,0.14,50,0.27,0.07,7.81,65.79,0,,0,,0,0,0,0,,,1.85,,
R. Fisher,MLS Next Pro,2026,Toronto II,Toronto II,RCB,22,1261,1,0.82,0,0,United States,8.07,3.5,59.18,2.85,75,0.29,0.32,0.86,5.71,6.45,0.57,2,0.14,0,0,0.43,0.07,1,0.07,0.06,0,0,6,0.43,33.33,16.667,0,0.07,100,0.29,75,2.07,65.52,0.93,0,0,34.12,0.29,1.28,48.53,90.74,15.84,77.48,3.57,100,25.69,98.61,4.07,47.37,21.35,45.85,0,0,0,0,0,0,0,4.07,56.14,0.14,0,0.07,100,0.07,0.07,5.21,57.53,0,,0,,0,0,0,0,,,2.85,,
A. De Rosario,MLS Next Pro,2026,Toronto,Toronto II,GK,21,580,0,0,0,0.27,Canada,1.09,0.31,50,0.47,100,0,0,0,0.93,1.03,0.16,1,0.16,0,0,0.16,0,0,0,0,0,0,0,0,0,0,0,0,0,0.16,100,0.62,75,0.16,0,0,31.5,0.16,0.62,45.47,78.84,22.66,60.27,0.16,100,21.72,97.14,17.07,50,35.81,53.2,0.04,0.16,0,0,0,0,0.16,9,39.66,1.09,0,0.47,33.33,0.16,0,10.71,71.01,11,1.71,33,5.12,1,66.67,13.78,2.14,2.78,0.431,0,1.71,0.47
Z. Nakhly,MLS Next Pro,2026,Toronto II,Toronto II,GK,21,1060,0,0,0,0,Morocco,0.76,0.17,50,0.08,100,0,0,0,0.68,0.79,0,2,0.17,0,0,0.08,0,0,0,0,0,0,0,0,0,0,0,0,0,0.08,100,0.17,100,0.08,0,0,27.51,0,0.08,37.19,79.68,15.45,55.49,0.17,0,18.59,98.17,9.76,33.04,28.43,51.59,0,0,0,0,0,0,0.08,2.89,14.71,0.08,0,0.08,0,0,0,5.94,42.86,21,1.78,66,5.6,3,68.18,21.19,1.8,0.19,0.016,0,1.36,0.08
L. Costabile,MLS Next Pro,2026,Toronto II,Toronto II,LB,23,825,0,0.71,1,0.86,Denmark,7.53,6,50.91,1.42,46.15,0.22,0.24,0.33,4.25,4.78,0.76,2,0.22,0,0,1.53,0,0,0,0.08,0,0,11,1.2,45.45,0,0.11,1.42,23.08,1.09,60,6.11,57.14,1.31,2.73,0,34.47,1.42,2.18,43.2,78.79,16.25,66.44,8.62,96.2,8.95,81.71,2.84,50,16.03,28.15,0.09,0.76,0,0.11,0.11,0,0.44,4.15,68.42,2.18,20,0.11,0,0.33,0.22,6.33,51.72,0,,0,,0,0,0,0,,,0,,
B. Vanvoorhis,MLS Next Pro,2026,Portland Timbers II,Portland Timbers II,"RB, RWB",17,461,0,0.12,0,0.02,United States,8.98,7.61,51.28,2.73,50,0.59,0.77,0.2,4.49,5.9,2.15,2,0.39,0,0,0.78,0,0,0,0.02,0,0,4,0.78,25,0,0,1.56,25,0.98,20,4.88,52,0.78,0.59,0.2,20.3,1.95,2.34,26.94,76.81,10.35,67.92,7.61,89.74,4.49,73.91,2.34,33.33,18.9,37.57,0,0.2,0,0,0,0,0,3.51,50,2.15,36.36,0.2,0,0.2,0.39,4.69,66.67,0,,0,,0,0,0,0,,,1.37,,
M. Emert,MLS Next Pro,2026,Tacoma Defiance,Tacoma Defiance,"LWB, RB",18,322,0,0.07,0,0.35,United States,8.94,8.39,40,1.96,100,0.28,0.35,0.28,5.31,6.71,1.4,1,0.28,0,0,1.4,0,0,0,0.02,0,0,1,0.28,100,0,0,1.96,42.86,0.28,100,3.91,57.14,0.84,1.4,0.28,33.54,1.12,1.96,39.13,85.71,13.42,75,6.15,100,14.81,90.57,2.24,62.5,20.84,27.84,0.1,0.56,0.28,0,0,0,0.56,5.03,66.67,1.68,33.33,0,0,0,0.84,5.59,70,0,,0,,0,0,0,0,,,1.68,,
D. Alvarez,MLS Next Pro,2026,Tacoma Defiance,Tacoma Defiance,"RCB, RB",24,644,0,0.69,0,0.18,United States,13.56,10.2,61.64,2.93,85.71,0.14,0.15,0.98,7.13,7.73,2.66,2,0.28,0,0,1.4,0,0,0,0.1,0,0,3,0.42,33.33,0,0,0.84,50,1.26,66.67,2.93,47.62,0.98,0.56,0,26.69,0.28,0.28,39.55,83.39,17.05,72.13,6.15,95.45,10.48,93.33,3.49,40,19.56,48.95,0.03,0.14,0,0.14,0,0,0.42,5.03,61.11,0.7,40,0,0,0.14,0.42,6.57,65.96,0,,0,,0,0,0,0,,,1.26,,
G. Sandnes,MLS Next Pro,2026,Tacoma Defiance,Tacoma Defiance,"RCB, CB, LCB",18,1365,0,0.2,0,0.48,United States,6.07,2.7,63.41,2.57,61.54,0.07,0.07,0.73,4.29,4.79,0.66,0,0,0,0,0.13,0,0,0,0.01,0,0,3,0.2,0,0,0,0.2,33.33,0.07,100,0.99,73.33,0.33,0.26,0,37.91,0.2,0.79,51.63,87.99,20.9,75.08,2.57,100,24.33,97.29,7.38,57.14,22.25,43.8,0.03,0.26,0,0,0,0,0.07,5.14,61.54,0.59,55.56,0.2,33.33,0.33,0.07,8.04,73.77,0,,0,,0,0,0,0,,,1.91,,
M. Shour,MLS Next Pro,2026,Tacoma Defiance,Tacoma Defiance,GK,18,481,0,0,0,0,United States,0.37,0,0,0.19,100,0,0,0,0.37,0.43,0,0,0,0,0,0,0,0,0,0,0,0,0,0,0,0,0,0,0,0,0,0,0,0,0,0,11.23,0,0.37,21.33,85.96,9.17,73.47,0,0,11.23,95,3.56,36.84,25.32,39.42,0,0,0,0,0,0,0,1.31,28.57,0,0,0,0,0,0,2.43,53.85,9,1.68,28,5.24,1,67.86,6.34,1.19,-2.66,-0.498,0,2.06,0.19
C. Phoenix,MLS Next Pro,2026,Tacoma Defiance,Tacoma Defiance,"LB, LWB",21,1187,0,1.2,1,1.19,Wales,6.75,5.53,53.42,1.82,62.5,0.45,0.5,0.15,3.34,3.69,0.68,2,0.15,0,0,0.76,0,0,0,0.09,0,0,9,0.68,22.22,0,0.08,1.52,30,0.23,66.67,1.59,57.14,1.36,0.23,0,21.76,3.18,0.53,27.52,75.76,9.48,56.8,6.6,97.7,8.19,79.63,1.97,30.77,19.43,29.85,0.09,0.45,0,0,0.08,0,0.38,2.2,44.83,1.74,47.83,0.08,0,0.76,0.38,4.78,60.32,0,,0,,0,0,0,0,,,0.61,,
C. Tommy,MLS Next Pro,2026,Portland Timbers II,Portland Timbers II,"RB, RWB, RW",23,213,0,0,0,0.06,South Africa,6.34,5.07,66.67,0.85,100,0,0,0,2.96,3.33,0.85,0,0,0,0,1.69,0,0,0,0,0,0,0,0,0,0,0,0.42,100,1.27,100,2.54,66.67,0.85,1.27,0.42,14.37,0.85,0,21.97,76.92,8.87,76.19,3.38,100,5.07,75,2.11,60,17.61,22.51,0.02,0.42,0,0,0,0,0,2.96,100,1.27,66.67,0,0,0.85,0.42,4.23,60,0,,0,,0,0,0,0,,,0.42,,
M. Anchor,MLS Next Pro,2026,Seattle Sounders,Tacoma Defiance,GK,21,972,0,0,0,0,Canada,0.28,0,0,0.28,66.67,0,0,0,0.28,0.29,0,1,0.09,0,0,0,0,0,0,0,0,0,0,0,0,0,0,0,0,0,0,0.46,100,0,0,0,12.59,0.28,0.37,22.31,86.31,11.11,74.17,0.09,100,10.56,98.25,7.59,62.2,30.49,49.63,0,0,0,0,0,0,0.09,1.39,60,0.19,100,0.09,100,0.09,0,5.28,66.67,10,0.93,46,4.26,3,78.26,12.94,1.2,2.94,0.272,0,1.48,0.28
A. Brown,MLS Next Pro,2026,Tacoma Defiance,Tacoma Defiance,"LCB, LB",23,394,0,0.09,0,0.02,United States,7.99,5.94,53.85,1.83,50,0,0,0.23,4.8,5.21,0.46,1,0.23,0,0,0.91,0,0,0,0.02,0,0,1,0.23,0,0,0,0.69,66.67,0.46,100,2.28,50,0.23,1.14,0,37.46,0.46,0.23,48.65,89.2,19.19,77.38,3.88,94.12,21.7,97.89,4.57,50,16.86,35.35,0,0.23,0,0,0,0,0.23,4.8,76.19,0.91,75,0.23,100,0.23,0.46,7.08,64.52,0,,0,,0,0,0,0,,,0.69,,
Charles Ondo,MLS Next Pro,2026,Portland Timbers II,Portland Timbers II,"LB, LCB",22,1308,1,0.52,0,0.33,Spain,8.46,4.68,55.88,2.2,71.88,0.41,0.52,0.34,5.44,6.83,0.96,2,0.14,1,0.07,1.38,0.07,1,0.07,0.04,1,0.07,13,0.89,46.15,7.692,0,0.69,0,1.65,54.17,5.57,37.04,1.03,1.44,0.55,34.89,0.69,0.83,47.75,85.3,20.78,80.46,5.57,93.83,13.97,90.15,2.75,47.5,17.82,42.59,0.02,0.41,0,0,0.14,50,0.14,4.75,75.36,0.83,25,0.21,33.33,0.14,0.07,7.29,63.21,0,,0,,0,0,0,0,,,0.83,,
A. Bamford,MLS Next Pro,2026,Portland Timbers II,Portland Timbers II,RCB,23,1555,0,0.6,0,0,England,7.76,3.59,59.68,2.03,45.71,0.23,0.28,0.87,5.38,6.44,0.98,4,0.23,0,0,0.17,0,0,0,0.03,0,0,6,0.35,16.67,0,0,0.12,50,0.06,100,1.1,52.63,0.23,0.23,0,29.29,0.12,0.81,43.52,90.29,19.68,83.53,2.6,97.78,17.19,96.63,3.88,52.24,19.76,41.04,0,0,0.06,0.06,0,0,0,5.09,72.73,0.35,33.33,0.12,0,0.06,0,7.06,74.59,0,,0,,0,0,0,0,,,1.39,,
C. Gaffney,MLS Next Pro,2026,Tacoma Defiance,Tacoma Defiance,"RWB, RAMF, RB",22,1152,1,1.3,5,3.51,United States,7.03,5.47,58.57,1.09,71.43,0.08,0.09,0,3.75,4.22,0.08,0,0,0,0,3.28,0.08,1,0.08,0.1,0,0,9,0.7,33.33,11.111,0.39,4.45,38.6,1.56,85,3.83,61.22,3.59,1.72,0.23,21.8,2.66,0.7,28.52,71.23,8.75,58.93,6.02,94.81,8.67,64.86,2.34,43.33,18.39,35.9,0.27,1.25,0,0,0.08,0,1.09,2.5,56.25,4.53,48.28,0.08,0,1.33,1.56,5.7,69.86,0,,0,,0,0,0,0,,,0.23,,
S. Joseph,MLS Next Pro,2026,Portland Timbers II,Portland Timbers II,GK,22,1150,0,0,0,0,United States,1.1,0.16,100,0,0,0,0,0,0.94,1.1,0,1,0.08,0,0,0,0,0,0,0,0,0,0,0,0,0,0,0,0,0,0,0,0,0,0,0,12.99,0.23,0.08,25.75,76.6,17.45,67.26,0.16,100,7.67,95.92,12.05,53.25,36.17,50.36,0,0,0,0,0,0,0,2.82,44.44,0.16,50,0,0,0.08,0,9,62.61,12,0.94,47,3.68,7,74.47,14.49,1.13,2.49,0.195,0,2.43,0
C. Ferguson,MLS Next Pro,2026,Portland Timbers II,Portland Timbers II,"LWB, LB, RB",22,692,0,0.09,2,1.3,England,6.5,5.46,45.24,0.65,20,0,0,0.39,4.03,4.65,0.78,3,0.39,0,0,1.43,0,0,0,0.01,0,0,4,0.52,0,0,0.26,2.08,50,0.65,60,2.73,38.1,0.65,0.91,0.52,26.4,1.82,0.52,31.6,69.14,16.65,60.94,4.42,97.06,6.5,70,4.55,34.29,20.9,37.37,0.17,0.91,0,0,0,0,0.65,6.37,51.02,2.73,33.33,0,0,0.52,1.04,7.8,73.33,0,,0,,0,0,0,0,,,1.04,,
J. Winslow,MLS Next Pro,2026,Tacoma Defiance,Tacoma Defiance,"LCB, RCB",24,1113,0,0.03,0,0.38,United States,8.65,4.77,55.93,2.59,78.13,0.08,0.09,0.89,5.9,6.56,0.81,1,0.08,0,0,0.97,0,0,0,0,0,0,2,0.16,0,0,0,0.32,25,1.13,78.57,2.1,65.38,0.24,1.21,0,34.85,0.24,0.4,52.24,81.73,19.73,66.8,3.15,89.74,25.07,93.55,6.71,40.96,23.17,46.71,0.03,0.24,0,0.08,0.08,0,0.24,6.15,56.58,0.73,44.44,0.49,16.67,0.16,0.08,9.62,57.98,0,,0,,0,0,0,0,,,1.29,,
N. Lund,MLS Next Pro,2026,Portland Timbers II,Portland Timbers II,"LCB, CB",24,1617,1,1.51,0,0.06,Germany,8.13,4.56,64.63,3.4,72.13,0,0,0.39,5.18,6.2,1.22,3,0.17,0,0,0.61,0.06,1,0.06,0.08,1,0.06,11,0.61,63.64,9.091,0,0.06,0,0.28,80,1.11,70,0.83,0.11,0,32.45,0.17,0.89,46.31,88.34,17.87,77.57,2.28,92.68,22.76,95.84,5.01,40,21.45,50.71,0,0.06,0,0,0,0,0.06,5.29,51.58,0.61,18.18,0.11,50,0.11,0,6.23,72.32,0,,0,,0,0,0,0,,,1.45,,
M. O'Neill,MLS Next Pro,2026,Tacoma Defiance,Tacoma Defiance,"RCMF, RDMF, RB",24,1488,1,2.57,2,0.36,United States,10.89,7.62,55.56,4.29,59.15,0.42,0.47,0.42,6.23,6.88,2.12,4,0.24,1,0.06,1.09,0.06,1,0.06,0.16,1,0.06,13,0.79,30.77,7.692,0.12,0.36,50,1.03,64.71,5.87,56.7,1.57,0.97,0.06,31.69,0.48,2.54,46.21,83.51,16.69,72.1,8.17,96.3,14.46,92.47,5.63,61.29,19.75,45.18,0.02,0.18,0.06,0.06,0.06,0,0.18,7.08,70.94,1.27,57.14,0.24,25,0.67,0.24,8.83,73.29,0,,0,,0,0,0,0,,,0.67,,
L. Vejrostek,MLS Next Pro,2026,Dallas U17,North Texas,LB,16,197,0,0,0,0,United States,8.22,5.03,45.45,1.83,100,0,0,0.91,5.94,6.96,0.91,0,0,0,0,0,0,0,0,0,0,0,0,0,0,0,0,0,0,0,0,1.83,25,0,0,0,37.46,0.46,0.91,44.77,90.82,16.9,78.38,7.77,100,12.79,96.43,2.28,40,15.47,42.65,0,0,0,0,0,0,0,3.2,85.71,0,0,0,0,0,0,2.74,50,0,,0,,0,0,0,0,,,1.37,,
J. Gibson,MLS Next Pro,2026,North Texas,North Texas,"RB, RCB",18,472,0,0,0,0.24,United States,8.01,5.53,65.52,1.33,28.57,0,0,0.38,4.39,5.07,0.57,0,0,0,0,0.57,0,0,0,0,0,0,0,0,0,0,0,0.57,33.33,0.76,50,2.1,36.36,0.38,0.19,0.19,24.6,0,0.19,33.18,85.06,15.06,78.48,4.77,100,8.2,86.05,3.05,50,15.58,31.45,0.05,0.19,0,0,0,0,0.19,2.86,53.33,0.38,0,0,0,0,0.38,6.29,51.52,0,,0,,0,0,0,0,,,0.19,,
P. Tarnue,MLS Next Pro,2026,Minnesota United II,Minnesota United II,"RB, RCB",20,792,0,1.34,1,0.19,Liberia,9.55,7.16,61.9,3.75,57.58,0.11,0.14,0.57,5,6.11,1.48,3,0.34,0,0,1.02,0,0,0,0.15,0,0,12,1.36,8.33,0,0.11,2.27,15,1.02,55.56,2.73,50,1.59,0.68,0,22.16,2.5,0.8,32.27,77.11,12.95,71.05,4.55,90,10.34,73.63,2.61,52.17,18.41,39.07,0.02,0.23,0.11,0,0,0,0.11,4.2,56.76,2.73,20.83,0.11,0,0.45,0.45,4.66,73.17,0,,0,,0,0,0,0,,,0.91,,
K. Bite,MLS Next Pro,2026,Minnesota United II,Minnesota United II,GK,19,671,0,0,0,0,Latvia,0.4,0,0,0,0,0,0,0,0.4,0.48,0,0,0,0,0,0,0,0,0,0,0,0,0,0,0,0,0,0,0,0,0,0.27,50,0,0,0.13,17.84,0.13,0.27,30.58,81.58,15.69,68.38,0,0,13.28,95.96,9.66,47.22,28.2,44.55,0,0,0.13,0,0,0,0,1.74,38.46,0.13,0,0,0,0,0,6.97,50,8,1.07,36,4.83,2,77.78,9.52,1.28,1.52,0.204,0,1.74,0
S. Vigilante,MLS Next Pro,2026,Minnesota United II,Minnesota United II,"RB, LCMF, AMF",22,1190,1,2.21,1,1.65,United States,11.12,9.08,67.5,4.01,52.83,0.45,0.56,0.3,4.54,5.57,1.36,0,0,0,0,1.74,0.08,1,0.08,0.17,0,0,12,0.91,33.33,8.333,0.08,2.04,29.63,1.66,50,5.52,34.25,2.27,1.36,0.23,21.63,0.91,0.98,32.6,76.8,10.74,71.13,5.22,97.1,10.44,74.64,2.57,52.94,17.85,38.86,0.12,1.44,0.08,0.08,0.08,0,0.91,4.61,77.05,2.8,51.35,0.15,0,1.29,0.68,6.88,70.33,0,,0,,0,0,0,0,,,0.38,,
N. Dang,MLS Next Pro,2026,Minnesota United II,Minnesota United II,"LCB, RCB, CB",24,1140,0,2.05,0,0.18,United States,7.89,5.61,64.79,3.63,73.91,0.32,0.42,0.47,3.95,5.19,0.95,4,0.32,0,0,0.71,0,0,0,0.16,0,0,14,1.11,28.57,0,0,0.63,37.5,0.16,50,2.05,76.92,1.42,0.71,0,36.32,0.24,1.26,51.16,88.27,17.76,78.22,3,94.74,26.84,93.82,6.24,50.63,22.84,47.07,0.01,0.32,0.08,0,0.16,50,0.24,8.61,69.72,1.66,14.29,0.55,28.57,0.16,0.39,7.74,83.67,0,,0,,0,0,0,0,,,2.13,,
H. Mueller,MLS Next Pro,2026,Portland Timbers II,Portland Timbers II,"LB, LWB",,398,0,0.01,0,0,United States,9.05,5.2,69.57,1.36,33.33,0.9,1.01,0,4.52,5.04,1.13,0,0,0,0,0.9,0,0,0,0,0,0,1,0.23,100,0,0,0.68,33.33,0.9,50,2.94,76.92,0.23,0.9,0.23,23.29,1.58,1.36,29.4,81.54,14.25,76.19,5.2,91.3,5.43,83.33,1.81,25,15.36,17.98,0,0,0,0,0,0,0,5.2,56.52,0.9,50,0,0,0.23,0.23,5.65,64,0,,0,,0,0,0,0,,,0,,
D. Kropp,MLS Next Pro,2026,Real Monarchs,Real Monarchs,RCB,22,168,0,0.3,0,0.02,United States,11.25,8.57,56.25,4.29,50,0.54,0.88,1.07,5.89,9.71,0.54,1,0.54,0,0,0.54,0,0,0,0.16,0,0,1,0.54,0,0,0,1.07,50,0,0,1.61,100,1.07,0,0,23.57,1.07,0.54,40.18,80,19.82,70.27,3.21,83.33,12.86,95.83,7.5,78.57,25.99,46.52,0.01,0.54,0,0,0,0,0,5.89,72.73,0.54,100,0,0,0.54,0.54,10.71,60,0,,0,,0,0,0,0,,,1.07,,
R. Mesalles,MLS Next Pro,2026,Real Monarchs,Real Monarchs,"LCB, LB, LWB",23,1448,1,2.17,1,1.39,United States,7.96,7.02,55.75,2.61,52.38,0,0,0.44,4.04,5.82,1.49,2,0.12,0,0,1.93,0.06,1,0.06,0.14,0,0,16,0.99,31.25,6.25,0.06,1.43,60.87,0.87,71.43,3.23,51.92,1.99,1.31,0.31,41.46,1.55,0.99,54.94,86.76,22.87,79.89,8.45,94.12,17.09,89.82,6.96,57.14,20.13,38.01,0.09,0.81,0.06,0.06,0.19,66.67,0.81,8.58,73.19,2.98,47.92,0.5,62.5,1.18,0.75,12.12,80,0,,0,,0,0,0,0,,,1.74,,
L. Maxim,MLS Next Pro,2026,Orlando City U17,Orlando City B,GK,18,195,0,0,0,0,United States,0.46,0.46,100,0,0,0,0,0,0,0,0,0,0,0,0,0,0,0,0,0,0,0,0,0,0,0,0,0,0,0,0,0,0,0,0,0,21.23,0,0,32.77,78.87,12.92,46.43,0,0,15.23,100,9.69,38.1,29.23,47.5,0,0,0,0,0,0,0,1.38,33.33,0,0,0,0,0,0,7.38,43.75,1,0.46,6,2.77,1,83.33,1.55,0.72,0.55,0.254,0,1.85,0
L. Okonski,MLS Next Pro,2026,Orlando City B,Orlando City B,RCB,16,733,0,0.99,0,0.57,United States,6.63,3.44,42.86,2.09,58.82,0.49,0.79,0.86,4.67,7.55,0.61,3,0.37,0,0,0.49,0,0,0,0.12,0,0,5,0.61,40,0,0,0.25,50,0.61,20,1.72,28.57,1.23,0.12,0,53.04,0.37,0.49,66.3,90.19,23.94,80,3.56,93.1,33.4,97.79,4.3,48.57,18.42,29.45,0.07,0.37,0,0,0,0,0.25,5.53,80,0.49,25,0.12,0,0.12,0.12,7.86,64.06,0,,0,,0,0,0,0,,,2.21,,
A. Chikamso,MLS Next Pro,2026,Orlando City B,Orlando City B,LCB,18,462,0,0.12,0,0,United States,3.12,2.53,46.15,0.58,33.33,0,0,0.58,1.95,3.49,0.39,1,0.19,0,0,0.39,0,0,0,0.02,0,0,1,0.19,0,0,0,0,0,0.58,66.67,1.56,62.5,0.39,0,0,58.25,0.19,0.39,72.08,95.95,13.64,87.14,3.7,94.74,45.78,98.72,2.92,46.67,18.23,27.17,0,0,0,0,0,0,0,4.48,78.26,0.19,0,0,0,0.19,0,3.7,52.63,0,,0,,0,0,0,0,,,2.92,,
P. Amoo-Mensah,MLS Next Pro,2026,Orlando City B,Orlando City B,RB,18,1250,0,0.78,3,1.05,United States,7.78,7.2,53,2.09,55.17,0.22,0.32,0.5,3.74,5.57,1.08,1,0.07,0,0,1.15,0,0,0,0.06,0,0,7,0.5,14.29,0,0.22,1.37,26.32,1.58,45.45,7.06,53.06,1.51,1.8,0.36,33.7,1.66,2.52,45.79,83.18,13.25,69.57,12.82,95.51,11.81,85.98,3.46,52.08,16.78,32.56,0.08,0.86,0,0.07,0,0,0.5,2.95,60.98,1.08,33.33,0,0,0.5,0.22,5.47,48.68,0,,0,,0,0,0,0,,,0.94,,
M. Archange,MLS Next Pro,2026,Orlando City B,Orlando City B,LCB,18,286,0,0.09,0,0,United States,9.13,3.78,58.33,3.15,30,0,0,1.26,6.92,8.68,0.31,1,0.31,0,0,0.31,0,0,0,0.03,0,0,1,0.31,0,0,0,0,0,0.31,100,0.94,33.33,0.31,0.31,0,53.18,0,0,67.34,95.79,21.08,89.55,2.2,100,38.08,99.17,4.41,85.71,20.1,18.72,0,0,0,0,0,0,0,2.83,88.89,0.31,0,0,0,0,0,7.24,73.91,0,,0,,0,0,0,0,,,1.89,,
W. Holt,MLS Next Pro,2026,Charlotte FC,Crown Legacy FC,"LCB, RCB",17,448,0,0.58,0,0,United States,5.63,3.01,66.67,4.02,50,0,0,1.61,3.62,5.45,0.6,1,0.2,0,0,0.8,0,0,0,0.12,0,0,2,0.4,100,0,0,0,0,0.4,100,1,80,0.6,0,0,38.57,0.6,0,49.22,90.2,18.08,77.78,2.81,100,24.71,96.75,4.22,23.81,20.15,24.17,0,0,0,0,0,0,0,7.23,75,0,0,0,0,0,0,7.03,71.43,0,,0,,0,0,0,0,,,2.41,,
J. Chirinos,MLS Next Pro,2026,Orlando City B,Orlando City B,GK,18,294,0,0,0,0,Venezuela,0.92,0.31,100,0.61,100,0,0,0,0.61,0.75,0,0,0,0,0,0,0,0,0,0,0,0,0,0,0,0,0,0,0,0,0,0,0,0,0,0,16.84,0,0.31,28.47,84.95,10.1,63.64,0,0,16.22,96.23,7.35,50,26.38,47.62,0,0,0,0,0,0,0,2.14,14.29,0.31,0,0,0,0,0,3.06,50,5,1.53,18,5.51,0,72.22,5.43,1.66,0.43,0.132,0,2.45,0.61
B. Rhein Goncalves,MLS Next Pro,2026,Orlando City B,Orlando City B,LB,18,1575,2,1.24,2,1.95,United States,7.37,7.49,57.25,1.09,57.89,0.11,0.17,0.06,2.97,4.3,0.69,3,0.17,0,0,1.89,0.11,2,0.11,0.07,0,0,15,0.86,53.33,13.333,0.11,1.6,39.29,1.14,70,4.51,49.37,1.77,1.83,0.06,40,1.09,1.14,50.23,84.87,19.6,75.51,6.51,97.37,16,90.71,3.14,36.36,17.8,46.08,0.11,0.97,0.11,0.06,0.11,0,0.51,5.26,80.43,1.77,54.84,0.17,0,0.63,0.57,9.43,58.18,0,,0,,0,0,0,0,,,0.23,,
G. Smith,MLS Next Pro,2026,Crown Legacy FC,Crown Legacy FC,RB,,200,0,0,0,0,United States,4.5,4.5,40,1.8,25,0,0,0.45,2.7,3.1,0.45,0,0,0,0,0.45,0,0,0,0,0,0,0,0,0,0,0,1.8,25,0,0,3.6,50,0.9,0.45,0,27.9,1.8,1.8,38.25,84.71,12.15,81.48,9.45,100,7.65,82.35,2.7,66.67,15.5,37.28,0,0,0,0,0,0,0,1.8,50,0.9,0,0,0,0,0.45,4.5,50,0,,0,,0,0,0,0,,,0.45,,
M. Thomas,MLS Next Pro,2026,Crown Legacy FC,Crown Legacy FC,LB,21,299,0,0,0,0.22,United States,9.63,6.32,61.9,1.81,66.67,0.3,0.38,0.6,5.42,6.92,0.9,0,0,0,0,0.6,0,0,0,0,0,0,0,0,0,0,0,1.51,20,0.6,50,1.2,50,0,0.9,0.3,29.2,1.51,0.6,38.53,83.59,14.45,79.17,7.22,95.83,12.64,83.33,2.41,12.5,19.82,41.76,0.07,0.6,0,0,0,0,0.3,4.21,71.43,2.11,28.57,0.3,0,0.3,0.3,5.12,82.35,0,,0,,0,0,0,0,,,0.6,,
L. Kaličanin,MLS Next Pro,2026,Crown Legacy FC,Crown Legacy FC,GK,22,586,0,0,0,0,Serbia,0.46,0.31,50,0,0,0,0,0,0.31,0.39,0,0,0,0,0,0,0,0,0,0,0,0,0,0,0,0,0,0,0,0,0,0.31,100,0,0.15,0,15.97,0.46,0.31,26.26,80.7,11.21,58.9,0,0,14.13,97.83,8.29,48.15,32.98,49.73,0,0,0,0,0,0,0.15,1.84,16.67,0.15,0,0,0,0.15,0,6.14,52.5,9,1.38,34,5.22,1,73.53,9.97,1.53,0.97,0.149,0,1.54,0
T. Sandy Jr,MLS Next Pro,2026,Orlando City B,Orlando City B,"LCB, RCB",24,1050,0,0,1,0.07,United States,5.4,3.6,64.29,1.97,43.48,0.09,0.12,0.77,3,4.29,0.51,1,0.09,0,0,0.09,0,0,0,0,0,0,0,0,0,0,0.09,0,0,0.17,50,0.6,42.86,0.17,0.09,0,44.4,0.17,0.09,54.6,94.66,15.51,83.98,1.8,95.24,31.63,99.46,2.4,39.29,19.85,33.37,0.01,0.09,0,0,0,0,0.09,3.86,80,0,0,0,0,0,0,5.49,73.44,0,,0,,0,0,0,0,,,1.03,,
A. Prajapati,MLS Next Pro,2026,New England II,New England II,"RCB, RB, RWB",,227,0,0.11,0,0.1,United States,3.96,3.96,40,1.98,80,0,0,0,2.38,3.05,0.4,0,0,0,0,0,0,0,0,0.04,0,0,2,0.79,0,0,0,0.79,0,0,0,1.19,33.33,0.79,0.4,0,17.84,1.19,0.4,24.19,86.89,5.95,73.33,6.34,100,9.52,87.5,2.78,57.14,17.5,19.77,0.04,0.4,0,0,0,0,0,2.38,83.33,0.79,50,0.4,100,0.4,0,2.78,71.43,0,,0,,0,0,0,0,,,1.19,,
J. Griffin,MLS Next Pro,2026,Philadelphia Union II,Philadelphia Union II,LB,17,1135,0,0.12,2,0.95,United States,8.25,6.42,61.73,1.59,50,0.4,0.49,0.24,3.89,4.82,1.03,2,0.16,0,0,1.11,0,0,0,0.01,0,0,3,0.24,0,0,0.16,1.59,30,1.19,46.67,3.96,38,0.71,0.63,0,19.11,1.35,0.87,29.81,71.28,12.13,61.44,5.07,89.06,8.72,72.73,3.89,36.73,20.27,42.58,0.08,0.56,0,0,0.08,100,0.4,4.6,62.07,2.22,35.71,0.32,25,0.4,0.48,6.98,60.23,0,,0,,0,0,0,0,,,0.4,,
F. Sundstrom,MLS Next Pro,2026,Philadelphia Union,Philadelphia Union II,RCB,19,1054,1,0.27,0,0.21,United States,10.16,7,62.2,1.96,73.91,0.34,0.41,1.02,5.46,6.62,0.85,4,0.34,1,0.09,0.17,0.09,1,0.09,0.02,1,0.09,2,0.17,50,50,0,0,0,0.17,50,1.71,45,0.68,0.34,0.09,26.21,0.17,0.43,42.52,85.74,17.59,74.27,3.16,94.59,16.57,96.39,4.7,49.09,20.75,35.51,0.02,0.17,0,0,0,0,0.09,4.61,64.81,0.26,33.33,0,0,0.17,0,6.66,62.82,0,,0,,0,0,0,0,,,2.05,,
A. Craig,MLS Next Pro,2026,Philadelphia Union II,Philadelphia Union II,LCB,18,488,0,0.01,1,0.06,United States,9.22,4.06,54.55,1.84,60,0,0,1.29,7.01,8.09,0.92,2,0.37,0,0,0.37,0,0,0,0,0,0,2,0.37,0,0,0.18,0,0,0.37,50,1.48,62.5,0,0.37,0,21.58,0.18,0.92,32.46,80.68,14.94,66.67,1.29,100,13.83,93.33,5.35,41.38,25.76,45.7,0.01,0.18,0,0,0.18,100,0.18,4.06,40.91,1.11,16.67,0.18,100,0.18,0,7.75,64.29,0,,0,,0,0,0,0,,,0.74,,
C. Mbaï-Assem,MLS Next Pro,2026,New England II,New England II,LCB,20,829,0,0,0,0,United States,8.79,5.21,72.92,3.37,77.42,0,0,0.65,4.99,6.9,1.19,3,0.33,0,0,0.33,0,0,0,0,0,0,0,0,0,0,0,0,0,0.33,100,4.56,59.52,0.11,1.09,0.33,35.93,0.11,1.41,53.63,87.04,21.39,73.6,2.61,95.83,25.62,97.03,7.17,54.55,23.26,45.09,0,0,0,0,0,0,0,7.38,67.65,0.65,16.67,0.65,0,0.11,0,9.55,68.18,0,,0,,0,0,0,0,,,1.74,,
K. Moore,MLS Next Pro,2026,Philadelphia Union,Philadelphia Union II,"LB, LCB",19,493,0,0,1,0.01,United States,8.03,6.94,42.11,2.56,42.86,0.18,0.21,0.37,4.93,5.74,2.01,1,0.18,0,0,0.37,0,0,0,0,0,0,0,0,0,0,0.18,0.73,25,0.37,50,1.46,37.5,0.18,0.37,0.18,21.18,0,0.37,33.23,80.77,14.42,65.82,4.38,91.67,12.6,89.86,3.1,47.06,21.58,42.12,0,0.18,0.18,0,0,0,0.37,4.56,68,1.28,28.57,0,0,0.18,0.18,6.57,58.33,0,,0,,0,0,0,0,,,0.73,,
D. McIntosh,MLS Next Pro,2026,New England II,New England II,RB,18,1096,1,0.6,4,2.85,United States,6.24,4.35,67.92,1.64,50,0.16,0.24,0,3.12,4.56,0.57,3,0.25,0,0,4.6,0.08,1,0.08,0.05,0,0,9,0.74,33.33,11.111,0.33,4.27,48.08,3.61,61.36,7.06,51.16,2.96,3.86,0.25,35.23,2.63,1.48,46.56,73.54,17,63.29,8.29,90.1,11.99,77.4,4.02,40.82,17.2,37.92,0.23,1.23,0,0,0.16,50,1.4,7.47,63.74,4.11,52,0.16,50,0.9,1.81,9.03,72.73,0,,0,,0,0,0,0,,,0.41,,
G. Sequera,MLS Next Pro,2026,Philadelphia Union II,Philadelphia Union II,RB,20,1159,0,0.03,0,0.99,Venezuela,8.93,9.71,48.8,1.01,46.15,0.23,0.3,0.16,3.96,5.05,2.48,6,0.47,0,0,2.87,0,0,0,0,0,0,3,0.23,66.67,0,0,1.94,32,3.42,61.36,11.49,55.41,0.54,1.86,0.08,25.08,1.16,4.19,37.12,67.99,16.46,60.85,5.82,88,8,71.84,4.04,44.23,17.66,38.49,0.08,0.31,0,0,0.08,0,0.31,5.44,64.29,2.17,35.71,0.08,0,0.39,0.47,8.77,64.6,0,,0,,0,0,0,0,,,1.24,,
J. Shannon,MLS Next Pro,2026,New England II,New England II,"LCB, RCB, CB",22,1095,2,1.89,0,0,United States,7.07,3.45,69.05,4.44,79.63,0.16,0.23,0.33,4.52,6.4,0.33,0,0,0,0,0.33,0.16,2,0.16,0.16,0,0,9,0.74,44.44,22.222,0,0.16,0,0,0,1.23,60,1.07,0.9,0.16,41.18,0.41,0.82,58.44,87.2,23.84,77.24,1.73,95.24,29.1,94.92,6.9,52.38,21.31,39.36,0,0,0,0,0,0,0,9.29,71.68,0.58,42.86,0.08,0,0.16,0,9.53,81.03,0,,0,,0,0,0,0,,,0.82,,
M. Weinstein,MLS Next Pro,2026,New England II,New England II,GK,22,494,0,0,0,0,United States,0.18,0.18,100,0,0,0,0,0,0,0,0,0,0,0,0,0,0,0,0,0,0,0,0,0,0,0,0,0,0,0,0,0,0,0,0,0.18,7.83,0.18,0,13.66,90.67,5.65,83.87,0,0,6.92,94.74,1.82,40,26.22,49.89,0,0,0,0,0,0,0,0.36,0,0,0,0,0,0,0,2,54.55,8,1.46,17,3.1,1,52.94,6.19,1.13,-1.81,-0.33,0,0.91,0
P. Holbrook,MLS Next Pro,2026,Philadelphia Union II,Philadelphia Union II,GK,23,893,0,0,0,0,United States,1.01,0.1,0,0.1,100,0,0,0,1.01,1.17,0,0,0,0,0,0,0,0,0,0,0,0,0,0,0,0,0,0,0,0,0,0.2,100,0,0,0.1,10.78,0,0.3,23.18,76.96,10.88,52.78,0,0,10.88,99.07,7.76,40.26,32.2,50.46,0,0,0,0,0,0,0,1.91,15.79,0.3,0,0,0,0,0,5.54,45.45,13,1.31,61,6.15,1,78.69,17.47,1.76,4.47,0.451,0,1.31,0.1
Gabe Dahlin,MLS Next Pro,2026,New England II,New England II,"RCB, RB",22,1193,0,0.41,3,1.2,Sweden,7.47,4.68,67.74,2.04,59.26,0.23,0.33,0.23,4.07,5.87,0.38,3,0.23,0,0,0.98,0,0,0,0.03,0,0,4,0.3,50,0,0.23,0.45,0,0.98,69.23,3.77,48,0.68,0.98,0.38,40.89,1.06,0.98,56.43,87.3,22.48,75.84,5.88,94.87,24.22,95.95,5.73,56.58,21.55,44.14,0.09,0.3,0,0,0.15,100,0.23,7.92,75.24,1.13,40,0.3,50,0.38,0.08,9.66,77.34,0,,0,,0,0,0,0,,,1.89,,
R. Uzcátegui,MLS Next Pro,2026,Philadelphia Union II,Philadelphia Union II,"LCB, RCB",21,1637,1,1.87,0,0.52,Venezuela,10.01,5.55,64.36,2.69,55.1,0.38,0.47,0.82,6.05,7.32,0.99,2,0.11,0,0,0.22,0.05,1,0.05,0.1,1,0.05,11,0.6,18.18,9.091,0,0,0,0.27,40,1.26,26.09,0.71,0.33,0.05,27.38,0.33,0.16,47.01,82.22,21.06,68.15,2.97,94.44,19.24,95.14,6.87,40.8,21.65,39.38,0.03,0.16,0,0,0,0,0.16,5.06,66.3,0.6,27.27,0.11,50,0.22,0,9.07,56.97,0,,0,,0,0,0,0,,,2.14,,
J. Smith,MLS Next Pro,2026,New England II,New England II,"LB, LWB, LCB",24,757,1,0.16,0,0.6,United States,8.44,5.94,58,2.02,58.82,0,0,0.36,4.99,6.81,1.78,2,0.24,0,0,2.14,0.12,1,0.12,0.02,1,0.12,3,0.36,66.67,33.333,0,3.45,48.28,0.59,40,2.62,31.82,0.36,1.66,0.36,26.39,2.62,0.36,36.62,70.45,16.53,59.71,3.45,72.41,11.77,82.83,3.69,45.16,20.9,34.51,0.07,0.71,0.12,0,0.12,0,0.95,7.25,63.93,4.28,41.67,0.24,0,0.24,1.55,10.22,72.09,0,,0,,0,0,0,0,,,0,,
E. Chavez,MLS Next Pro,2026,Chicago Fire II,Chicago Fire II,"LB, RB",17,535,0,0.01,1,0.4,United States,8.24,6.56,51.28,2.02,41.67,0.67,0.83,0.17,4.21,5.21,0.84,0,0,0,0,0.34,0,0,0,0,0,0,1,0.17,0,0,0.17,1.01,33.33,0.17,0,1.35,37.5,0,0.5,0,29.78,0.84,0.67,36.17,85.12,13.46,72.5,8.58,96.08,8.92,90.57,3.87,39.13,18.5,40.79,0.07,0.34,0,0,0,0,0.34,4.71,75,1.01,33.33,0,0,0,0.34,6.56,69.23,0,,0,,0,0,0,0,,,0.34,,
J. Nemo,MLS Next Pro,2026,Chicago Fire II,Chicago Fire II,GK,16,776,0,0,0,0,,0.58,0.35,66.67,0.23,50,0,0,0,0.35,0.41,0.12,0,0,0,0,0,0,0,0,0,0,0,0,0,0,0,0,0,0,0,0,0,0,0,0,0,12.06,0.12,0.12,22.04,82.63,9.74,69.05,0,0,10.9,93.62,4.76,41.46,24.75,41.97,0,0,0,0,0,0,0,0.35,66.67,0,0,0,0,0,0,4.99,32.56,13,1.51,42,4.87,1,69.05,12.54,1.45,-0.46,-0.053,0,1.16,0.23
G. Alonso,MLS Next Pro,2026,Huntsville City,Huntsville City,LB,18,293,0,0.03,0,0.04,United States,6.76,7.68,44,1.54,40,0.61,0.88,0.61,2.76,3.97,0.92,1,0.31,0,0,1.23,0,0,0,0.01,0,0,2,0.61,0,0,0,1.23,25,2.15,42.86,6.45,47.62,0.61,1.23,0,31.95,0.61,1.54,36.55,85.71,9.83,68.75,9.22,100,11.67,92.11,1.23,50,18.69,47.06,0.01,1.23,0,0,0,0,0,2.76,66.67,1.23,50,0,0,0.31,0.31,7.06,65.22,0,,0,,0,0,0,0,,,0.31,,
C. Cupps,MLS Next Pro,2026,Chicago Fire II,Chicago Fire II,RCB,18,1163,0,0.88,0,0.53,United States,7.51,4.72,65.57,2.94,68.42,0.08,0.09,0.62,4.33,5.27,0.77,1,0.08,0,0,0,0,0,0,0.07,0,0,5,0.39,0,0,0,0,0,0,0,0.54,28.57,0.77,0.54,0.15,51.69,0.46,0.31,67.64,89.7,24.45,81.33,4.33,89.29,34.2,95.7,6.5,55.95,21.7,44.18,0.04,0.08,0,0,0,0,0.08,7.97,72.82,0.31,25,0.08,0,0.23,0,11.61,69.33,0,,0,,0,0,0,0,,,2.63,,
K. Coulibaly,MLS Next Pro,2026,Huntsville City,Huntsville City,LCB,23,481,0,0.19,0,0,France,6.74,2.06,27.27,2.43,76.92,0,0,0.56,6.17,7.23,0.37,2,0.37,0,0,0.19,0,0,0,0.04,0,0,1,0.19,0,0,0,0,0,0.37,50,1.31,28.57,0.37,0,0,38.73,0.56,0.94,52.2,88.89,17.03,71.43,2.81,100,28.81,98.05,4.3,30.43,18.86,36.4,0,0,0,0,0,0,0,5.61,46.67,0.94,0,0.37,0,0,0,5.8,64.52,0,,0,,0,0,0,0,,,1.87,,
W. Mackay,MLS Next Pro,2026,Huntsville City,Huntsville City,GK,18,1279,0,0,0,0,United States,0.56,0.21,100,0.21,100,0,0,0,0.35,0.43,0,1,0.07,0,0,0,0,0,0,0,0,0,0,0,0,0,0,0,0,0,0,0.07,100,0,0,0,23.22,0.14,0.07,33.28,83.3,14.71,64.11,0.07,100,16.33,98.28,10.2,51.03,29.94,49.7,0,0,0,0,0,0,0.07,2.96,40.48,0.14,0,0.07,100,0,0,6.47,63.04,18,1.27,67,4.71,4,73.13,22.22,1.56,4.22,0.297,0,1.27,0.21
J. Pfrommer,MLS Next Pro,2026,Chicago Fire II,Chicago Fire II,"LCB, LB",17,421,0,0.37,0,0,United States,8.98,6.63,70.97,2.57,58.33,0.21,0.24,0.64,4.06,4.6,0.43,0,0,0,0,0.86,0,0,0,0.08,0,0,2,0.43,100,0,0,0.21,100,0.64,33.33,3.42,50,0.86,0.43,0,27.36,0.43,1.28,38.05,89.33,14.32,76.12,3.85,94.44,16.67,98.72,2.35,45.45,18.79,23.29,0,0,0,0,0,0,0,3.85,72.22,0.21,100,0,0,0,0.21,4.06,63.16,0,,0,,0,0,0,0,,,0.86,,
M. Véliz,MLS Next Pro,2026,Huntsville City,Huntsville City,"LCMF, RB, LDMF",21,1027,1,1.35,1,0.41,Panama,10.6,11.57,54.55,1.84,52.38,0.79,0.96,0.44,3.51,4.29,2.54,6,0.53,1,0.09,0.53,0.09,1,0.09,0.12,1,0.09,7,0.61,28.57,14.286,0.09,0,0,0.61,42.86,6.66,52.63,0.61,0.88,0,34.97,0.09,2.72,43.47,91.53,9.29,78.3,8.5,97.94,15.95,95.6,1.4,31.25,17.37,25.54,0.04,0.18,0.09,0.09,0.18,50,0.18,4.12,63.83,0.61,28.57,0.26,66.67,0.18,0,3.86,79.55,0,,0,,0,0,0,0,,,0.53,,
D. Nigg,MLS Next Pro,2026,Chicago Fire II,Chicago Fire II,"RB, LB",21,1297,2,1.64,3,3.38,Switzerland,8.33,8.67,51.2,0.83,75,0.14,0.17,0.14,3.75,4.58,1.25,3,0.21,0,0,4.93,0.14,2,0.14,0.11,0,0,28,1.94,32.14,7.143,0.21,1.32,31.58,4.72,80.88,8.88,55.47,2.01,3.68,0.28,26.85,2.5,0.97,33.31,80.83,10.62,74.51,6.52,92.55,11.87,84.8,3.19,58.7,19.65,45.34,0.23,1.6,0,0.14,0.07,100,0.49,3.89,69.64,2.29,48.48,0.14,100,0.83,0.42,6.38,75,0,,0,,0,0,0,0,,,0.56,,
N. Prince,MLS Next Pro,2026,Huntsville City,Huntsville City,"RCB, LCB",22,912,0,0.65,1,0.48,United States,10.16,5.43,52.73,4.64,46.81,0.79,1.04,1.38,6.51,8.61,1.09,3,0.3,0,0,0.1,0,0,0,0.06,0,0,3,0.3,33.33,0,0.1,0,0,0.1,0,0.99,30,0.59,0.3,0,36.61,0,0.59,47.07,89.73,17.07,76.88,1.78,100,23.78,97.51,3.06,19.35,19.39,31.64,0.05,0.1,0,0,0,0,0.1,3.36,47.06,0.39,0,0.3,33.33,0.1,0,5.13,57.69,0,,0,,0,0,0,0,,,1.28,,
S. Kaplan,MLS Next Pro,2026,Los Angeles II,Los Angeles II,LB,18,450,0,0.38,0,0.1,United States,14,9.6,58.33,1.4,42.86,0.4,0.55,0.4,8,10.91,1.4,4,0.8,0,0,0.8,0,0,0,0.08,0,0,4,0.8,0,0,0,0.8,50,0.4,100,3,93.33,1.4,0.2,0.2,36.6,1,2.2,44.6,78.48,18.6,66.67,7,94.29,11.4,89.47,4.8,29.17,17.81,31.33,0.02,0.2,0,0,0.2,0,0.2,6.4,62.5,1.6,50,0.2,0,0.2,0.4,6.4,65.63,0,,0,,0,0,0,0,,,1,,
E. Scally,MLS Next Pro,2026,Los Angeles II,Los Angeles II,GK,18,793,0,0,0,0,Japan,1.25,0,0,0,0,0,0,0,1.25,1.63,0,0,0,0,0,0,0,0,0,0,0,0,0,0,0,0,0,0,0,0.11,0,0.11,0,0,0,0,13.62,0,0.11,27.12,86.19,11.46,70.3,0.11,0,14.64,98.45,6.47,52.63,25.96,44.77,0,0,0,0,0,0,0,1.13,20,0.11,0,0,0,0,0,5.22,54.35,14,1.59,52,5.9,0,73.08,13.98,1.59,-0.02,-0.002,0,1.25,0
L. Ream,MLS Next Pro,2026,Real Monarchs,Real Monarchs,"LB, LWB",16,275,0,0.01,0,0.01,United States,5.56,4.25,61.54,1.96,33.33,0.33,0.48,0.33,2.62,3.81,0.33,0,0,0,0,0.65,0,0,0,0,0,0,1,0.33,100,0,0,0.33,0,0.33,100,4.25,38.46,0.33,0.65,0,18.33,1.31,0.98,21.93,82.09,3.27,30,10.15,100,3.93,83.33,1.31,50,14.1,13.29,0,0.33,0,0,0,0,0,1.31,25,0.98,0,0,0,0,0,1.64,40,0,,0,,0,0,0,0,,,1.96,,
M. Kerkvliet,MLS Next Pro,2026,Real Monarchs,Real Monarchs,GK,20,994,0,0,0,0,United Arab Emirates,0.81,0.09,0,0.18,100,0,0,0,0.81,1.16,0,0,0,0,0,0,0,0,0,0,0,0,0,0,0,0,0,0,0,0,0,0.27,66.67,0,0,0,13.94,0.18,0.18,24.27,87.69,9.87,75.23,0.09,100,11.5,96.85,5.34,61.02,28.2,44.08,0,0,0,0,0,0,0,1.09,16.67,0.09,0,0,0,0,0,4.16,58.7,20,1.81,54,4.89,1,62.96,20.48,1.85,0.48,0.043,0,0.63,0.18
Gio Villa,MLS Next Pro,2026,Real Monarchs,Real Monarchs,"LWB, RB, RWB",18,1155,0,1.23,1,1.05,United States,4.99,4.52,55.17,0.7,11.11,0.08,0.11,0.23,2.42,3.35,0.94,3,0.23,0,0,2.18,0,0,0,0.1,0,0,6,0.47,33.33,0,0.08,2.03,26.92,1.71,86.36,5.06,55.38,2.57,0.86,0.16,26.57,1.4,1.01,33.74,83.83,9.04,74.14,11.38,97.26,6.31,72.84,1.79,47.83,14.71,23.44,0.08,0.94,0.08,0,0,0,0.62,2.42,67.74,2.26,51.72,0.08,0,1.25,0.7,3.9,70,0,,0,,0,0,0,0,,,0.16,,
L. O''Gara,MLS Next Pro,2026,Real Monarchs,Real Monarchs,"LCMF, DMF, RCB",21,1014,0,0.88,1,1.09,United States,8.43,6.66,60,3.02,38.24,0.44,0.64,0.89,3.99,5.77,1.69,2,0.18,0,0,0.53,0,0,0,0.08,0,0,11,0.98,27.27,0,0.09,0.44,40,0.27,0,2.93,54.55,1.69,0.27,0.09,31.51,0.18,0.89,43.49,88.37,12.25,75.36,7.72,93.1,15.8,93.26,5.33,56.67,18.31,40.48,0.1,0.8,0,0,0.09,100,0.53,6.3,63.38,1.69,42.11,0.18,50,0.71,0.18,5.68,84.38,0,,0,,0,0,0,0,,,0.89,,
E. Gonzalez,MLS Next Pro,2026,Los Angeles II,Los Angeles II,"LCB, LB",20,1048,1,0.7,0,0.71,Panama,9.7,5.93,76.81,1.98,60.87,0.26,0.36,0.86,4.9,6.87,0.77,2,0.17,0,0,1.29,0.09,1,0.09,0.06,0,0,7,0.6,71.43,14.286,0,0.09,0,0.94,90.91,3.95,71.74,0.52,1.46,0,47.75,0.34,1.2,64.24,87.7,23.96,77.42,2.66,100,30.74,94.97,5.24,47.54,19.55,29.89,0.06,0.43,0.17,0,0,0,0.26,7.13,73.49,0.43,20,0.26,33.33,0.26,0,10.91,65.35,0,,0,,0,0,0,0,,,1.29,,
C. Cowell,MLS Next Pro,2026,Real Salt Lake,Real Monarchs,"LWB, RWB, RB",18,207,0,0.09,1,1.13,United States,6.52,6.09,57.14,1.3,0,0,0,0,3.04,5.83,0.87,0,0,0,0,2.61,0,0,0,0.04,0,0,1,0.43,0,0,0.43,2.61,66.67,1.3,66.67,5.65,38.46,1.3,3.04,0.87,28.26,5.22,1.3,31.3,77.78,11.3,69.23,6.09,85.71,7.39,88.24,1.3,100,15.8,19.21,0.49,1.74,0,0.43,0,0,1.74,3.91,55.56,4.35,70,0,0,1.3,1.74,7.39,88.24,0,,0,,0,0,0,0,,,0,,
J. Santiago,MLS Next Pro,2026,Los Angeles II,Los Angeles II,RB,19,555,0,0.12,0,1.05,Mexico,9.41,10.54,49.23,1.62,50,0,0,0.16,4.22,5.95,1.78,2,0.32,0,0,4.38,0,0,0,0.02,0,0,2,0.32,50,0,0,3.57,36.36,2.92,88.89,6.32,69.23,0.65,2.59,0.16,39.89,2.11,0.81,50.27,76.45,22.86,68.79,6.32,92.31,15.89,80.61,6.65,43.9,21.85,46.76,0.17,0.97,0.16,0,0.32,100,0.65,7.14,63.64,4.54,53.57,0.32,100,1.46,1.3,12.97,68.75,0,,0,,0,0,0,0,,,0.32,,
T. Babineau,MLS Next Pro,2026,Los Angeles II,Los Angeles II,RB,,915,0,0.08,0,0.14,United States,8.36,6.49,62.12,1.97,30,0.1,0.13,0.3,4.23,5.56,0.69,3,0.3,0,0,0.98,0,0,0,0.01,0,0,3,0.3,0,0,0,1.38,35.71,0.59,83.33,2.66,44.44,0.3,0.39,0,38.46,0.39,0.69,48.49,81.54,21.05,74.3,8.95,98.9,11.51,84.62,3.34,26.47,18.96,39.17,0.01,0.3,0.1,0,0,0,0.2,5.8,67.8,1.48,46.67,0.2,0,0,0.39,6.98,56.34,0,,0,,0,0,0,0,,,0.69,,
E. Villeda,MLS Next Pro,2026,Los Angeles II,Los Angeles II,"LB, LCMF",,391,0,0.03,0,0.2,United States,10.36,8.29,50,0.92,50,0.69,0.95,0.46,5.52,7.58,2.3,1,0.23,0,0,1.61,0,0,0,0.01,0,0,2,0.46,50,0,0,1.15,40,1.15,60,3.45,60,0.46,0.92,0.23,33.38,0.69,0.92,44.88,83.08,17.26,73.33,9.44,100,13.12,89.47,0.69,66.67,16.74,17.07,0.05,0.92,0,0,0.69,33.33,0.23,6.45,71.43,2.07,44.44,0.69,33.33,0.69,0.23,8.75,68.42,0,,0,,0,0,0,0,,,0.69,,
L. Goodman,MLS Next Pro,2026,Los Angeles II,Los Angeles II,RCB,,590,1,0.35,0,0.12,United States,9,3.97,69.23,3.51,52.17,0.15,0.19,1.37,6.1,7.64,0.92,0,0,1,0.15,0.61,0.15,1,0.15,0.05,0,0,3,0.46,66.67,33.333,0,0,0,0.31,100,0.92,50,0.46,0.15,0,41.34,0,0.46,56.14,91.03,17.54,80,3.81,96,31.12,96.57,3.36,45.45,20.39,27.94,0.02,0.15,0,0.15,0,0,0.15,4.27,82.14,0,0,0,0,0,0,7.93,57.69,0,,0,,0,0,0,0,,,2.9,,
G. Fravolini Whitchurch,MLS Next Pro,2026,Los Angeles II,Los Angeles II,"LCB, RCB",,1342,0,0.15,0,0.22,United States,9.12,4.49,67.16,4.16,69.35,0.13,0.18,0.8,5.97,8.04,0.8,0,0,0,0,0,0,0,0,0.01,0,0,1,0.07,0,0,0,0,0,0,0,0.6,44.44,0.13,0.94,0,56,0.13,0.27,69.68,90.09,23.54,79.49,1.68,96,38.43,95.99,5.63,44.05,20.4,39.19,0.01,0.2,0,0,0,0,0.07,5.16,59.74,0.13,0,0.2,66.67,0.07,0,8.99,64.18,0,,0,,0,0,0,0,,,1.54,,
L. Rivera,MLS Next Pro,2026,Real Monarchs,Real Monarchs,"LCB, LB",18,524,0,0,0,0,United States,5.15,5.67,33.33,0.52,33.33,0.17,0.22,0.52,3.09,4,0.86,1,0.17,0,0,0,0,0,0,0,0,0,0,0,0,0,0,0.34,0,0.17,0,1.37,62.5,0.17,0,0,44.48,0.86,0.86,53.07,85.76,24.56,74.13,5.5,96.88,16.49,93.75,9.96,51.72,20.77,42.38,0,0,0.17,0,0,0,0,9.27,53.7,1.2,0,1.37,25,0,0,9.62,76.79,0,,0,,0,0,0,0,,,0.52,,
C. Carter,MLS Next Pro,2026,Los Angeles FC,Los Angeles II,GK,22,484,0,0,0,0,United States,0.93,0.19,0,0,0,0,0,0,0.93,1.28,0,0,0,0,0,0,0,0,0,0,0,0,0,0,0,0,0,0,0,0,0,0,0,0,0,0,16.55,0.56,0,24.55,79.55,12.64,61.76,0,0,10.97,98.31,8.74,48.94,28.47,48.23,0,0,0,0,0,0,0.19,2.05,36.36,0.37,50,0,0,0.19,0,5.76,48.39,7,1.3,19,3.53,1,63.16,6.11,1.14,-0.89,-0.165,0,0.74,0
T. Alphin,MLS Next Pro,2026,Real Monarchs,Real Monarchs,GK,23,663,0,0,1,0.27,United States,0.81,0.41,66.67,0.14,100,0,0,0,0.54,0.76,0.14,2,0.27,0,0,0,0,0,0,0,0,0,0,0,0,0,0.14,0,0,0,0,0.14,100,0,0,0,20.09,0.27,0.27,34.48,90.55,13.71,78.22,0.27,100,16.43,98.35,4.75,42.86,25.43,57.98,0.04,0.14,0,0,0,0,0.14,2.17,31.25,0.81,16.67,0,0,0.14,0,3.12,60.87,10,1.36,33,4.48,1,69.7,11.2,1.52,1.2,0.163,0,1.49,0.14
G. Calderon,MLS Next Pro,2026,Real Monarchs,Real Monarchs,CB,24,1020,0,0.04,0,0,Puerto Rico,8.03,4.59,40.38,3.53,60,0.09,0.13,0.97,6.09,9.08,2.21,2,0.18,1,0.09,0,0,0,0,0,0,0,1,0.09,0,0,0,0.09,0,0,0,0.62,28.57,0.44,0,0.26,45.71,0.35,0.71,60.44,90.07,17.65,74,3.44,97.44,34.5,97.19,5.29,53.33,20.31,36.82,0,0,0.09,0,0,0,0.09,4.59,57.69,0.26,0,0,0,0,0,6.62,61.33,0,,0,,0,0,0,0,,,2.74,,
F. Ewald,MLS Next Pro,2026,Real Monarchs,Real Monarchs,"RWB, CF, RB",22,1059,1,2.06,2,1.72,Germany,6.54,5.78,50,5.18,50.82,0.08,0.12,0.51,3.57,5.14,1.78,3,0.25,0,0,3.23,0.08,1,0.08,0.17,0,0,12,1.02,25,8.333,0.17,2.46,44.83,2.72,65.63,7.31,47.67,3.4,2.21,0.25,18.36,3.06,0.93,25.33,72.15,5.27,50,7.99,90.43,7.39,66.67,1.02,33.33,15.88,22.08,0.15,1.44,0,0,0.08,100,0.76,1.87,36.36,2.38,39.29,0.08,100,1.02,1.1,2.8,75.76,0,,0,,0,0,0,0,,,0.17,,
M. Bojang,MLS Next Pro,2026,Minnesota United II,Minnesota United II,"RCB, RB",17,387,0,0,0,0.08,United States,5.81,4.19,61.11,0.93,75,0,0,0.23,3.26,4.42,0.23,1,0.23,0,0,0.23,0,0,0,0,0,0,0,0,0,0,0,0,0,0.23,100,3.49,53.33,0.23,0.23,0,31.63,0.7,1.4,38.14,88.41,13.95,75,3.26,100,16.05,97.1,1.86,25,20.66,22.04,0.02,0.23,0.47,0,0,0,0.23,2.33,60,0.7,0,0,0,0,0,3.49,66.67,0,,0,,0,0,0,0,,,0.93,,
J. Bernard,MLS Next Pro,2026,Minnesota United II,Minnesota United II,"LB, LCB",17,475,0,0.08,0,0.15,United States,6.25,6.82,52.78,1.89,50,0,0,0.19,2.65,3.44,1.52,2,0.38,0,0,1.71,0,0,0,0.02,0,0,2,0.38,50,0,0,0.76,25,1.89,70,4.55,50,0.76,0.95,0.38,27.85,1.52,0.76,35.81,84.66,14.78,73.08,7.58,97.5,9.47,90,2.46,69.23,17.76,27.4,0.03,0.38,0,0,0,0,0.19,5.12,74.07,1.33,57.14,0.38,0,0.95,0.19,6.06,75,0,,0,,0,0,0,0,,,0.38,,
T. Putt,MLS Next Pro,2026,Minnesota United II,Minnesota United II,"LW, LWF, RB",19,969,2,1.82,1,1.79,New Zealand,5.76,6.04,53.85,1.67,33.33,0,0,0.09,2.51,3.12,0.84,0,0,0,0,3.62,0.19,2,0.19,0.17,0,0,12,1.11,25,16.667,0.09,2.79,30,4.55,53.06,9.85,50,2.04,2.6,0.19,23.87,2.14,1.95,30.65,73.64,8.17,67.05,5.94,93.75,10.22,71.82,1.86,60,17.9,30.82,0.17,1.3,0,0.09,0.09,100,0.74,2.69,79.31,3.53,44.74,0.09,100,0.93,0.65,5.57,65,0,,0,,0,0,0,0,,,0.19,,
Vinicius Silva,MLS Next Pro,2026,Houston Dynamo II,Houston Dynamo II,"LCB, LB",20,897,3,1.17,2,0.62,Brazil,8.33,6.52,55.38,3.21,59.38,0.1,0.13,1,4.62,5.85,1.51,3,0.3,0,0,2.41,0.3,3,0.3,0.12,0,0,7,0.7,42.86,42.857,0.2,1.61,62.5,1.3,84.62,5.02,58,1.1,1.1,0.1,30.9,1.1,0.9,41.24,81.75,18.16,70.72,3.81,92.11,13.24,91.67,5.52,38.18,20.33,39.52,0.06,0.5,0,0,0,0,0.4,6.52,58.46,1.51,53.33,0.2,0,0.5,0.7,7.53,65.33,0,,0,,0,0,0,0,,,0.8,,
J. Farris,MLS Next Pro,2026,Minnesota United II,Minnesota United II,"LCB, LB",18,1587,1,0.16,1,1.43,United States,6.92,5.5,53.61,1.47,46.15,0.28,0.34,0.28,3.69,4.48,1.02,1,0.06,0,0,0.79,0.06,1,0.06,0.01,0,0,5,0.28,40,20,0.06,1.47,26.92,0.45,50,1.87,60.61,0.91,1.13,0.06,34.76,0.79,0.85,48.6,83.55,18.54,73.09,5.05,93.26,19.91,90.6,5.33,53.19,19.68,42.14,0.08,0.68,0,0.06,0.06,100,0.51,5.78,71.57,2.1,35.14,0.23,50,0.45,0.51,8.56,64.24,0,,0,,0,0,0,0,,,1.42,,
K. Zeruhn,MLS Next Pro,2026,Minnesota United II,Minnesota United II,GK,18,244,0,0,0,0,United States,0.74,0,0,0.37,100,0,0,0,0.74,0.83,0,0,0,0,0,0,0,0,0,0,0,0,0,0,0,0,0,0,0,0.37,0,0.37,0,0,0,0,15.86,0,0,23.61,82.81,9.96,59.26,0,0,12.91,100,5.16,35.71,25.25,44.27,0,0,0,0,0,0,0,0.74,50,0,0,0,0,0,0,4.8,46.15,6,2.21,16,5.9,0,62.5,5.3,1.95,-0.7,-0.258,0,1.84,0.37
I. Mwakutuya,MLS Next Pro,2026,Houston Dynamo II,Houston Dynamo II,"CB, RCB, LB",18,1122,0,0.01,2,0.02,United States,10.51,6.58,67.07,1.6,40,0.4,0.52,0.8,5.7,7.45,1.04,3,0.24,0,0,0.32,0,0,0,0,0,0,1,0.08,100,0,0.16,0,0,0.64,37.5,2.09,38.46,0.32,1.04,0.16,32.57,0.32,0.56,45.48,93.83,18.29,90.35,3.37,97.62,17.17,96.26,1.6,55,16.17,23.48,0,0.08,0,0,0,0,0.08,3.69,89.13,0.24,66.67,0,0,0.08,0,5.21,69.23,0,,0,,0,0,0,0,,,1.04,,
N. Betancourt,MLS Next Pro,2026,Houston Dynamo II,Houston Dynamo II,"RB, RCB",19,930,1,0.76,1,0.22,United States,8.71,8.52,53.41,1.65,64.71,0.29,0.37,0.39,3.87,4.98,0.77,2,0.19,0,0,0.77,0.1,1,0.1,0.07,1,0.1,4,0.39,50,25,0.1,0.87,33.33,0.58,50,1.74,44.44,1.35,0.87,0.1,24.58,0.77,0.29,33.39,85.51,13.94,76.39,4.35,93.33,9.29,89.58,1.94,25,16.68,26.28,0.02,0.29,0.1,0,0,0,0.19,3.58,70.27,0.68,57.14,0,0,0.48,0.29,6.1,65.08,0,,0,,0,0,0,0,,,1.26,,
G. Wolff,MLS Next Pro,2026,Houston Dynamo II,Houston Dynamo II,"LCB, CB",17,910,1,0.22,0,0,United States,6.92,3.86,53.85,3.07,51.61,0,0,0.59,4.85,6.36,0.69,2,0.2,0,0,0.3,0.1,1,0.1,0.02,1,0.1,3,0.3,66.67,33.333,0,0.1,0,0.1,100,1.38,50,0.59,0.2,0,40.85,0.3,0.69,56.57,86.19,26.31,77.07,2.67,100,21.96,94.59,7.91,43.75,21.92,46.02,0,0.1,0,0,0,0,0,9.79,62.63,1.29,15.38,0.49,20,0.2,0,10.88,70,0,,0,,0,0,0,0,,,2.18,,
L. Erb,MLS Next Pro,2026,Houston Dynamo,Houston Dynamo II,GK,22,296,0,0,0,0,United States,0.91,0.3,0,0,0,0,0,0,0.91,1.36,0.3,1,0.3,0,0,0,0,0,0,0,0,0,0,0,0,0,0,0,0,0,0,0.3,100,0,0,0,11.86,0.3,0.3,19.76,90.77,10.34,88.24,0,0,6.69,95.45,3.04,50,21.07,40.75,0,0,0,0,0,0,0,1.22,25,0.3,100,0,0,0.3,0,3.04,60,5,1.52,12,3.65,1,58.33,3.77,1.15,-1.23,-0.374,0,1.82,0
R. White,MLS Next Pro,2026,Inter Miami U18,Inter Miami II,"RCB, RB",17,472,0,0.36,0,0,United States,14.87,7.25,73.68,3.24,70.59,2.1,3.3,1.72,7.44,11.7,0.57,1,0.19,0,0,0.19,0,0,0,0.07,0,0,3,0.57,0,0,0,0.19,0,0.38,50,0.76,50,0.95,0.76,0.19,19.83,0.19,0.38,30.89,80.86,11.25,71.19,6.86,91.67,9.92,90.38,3.05,25,19.51,36.91,0,0,0,0,0,0,0,4.39,43.48,0.57,0,0.57,0,0.19,0,4.58,37.5,0,,0,,0,0,0,0,,,4.39,,
S. Morrison,MLS Next Pro,2026,Inter Miami U18,Inter Miami II,"LB, LCB, LWB",17,416,0,0.32,0,0.32,United States,9.95,7.36,55.88,1.73,50,0.65,1.06,0.22,5.19,8.47,0.22,0,0,0,0,0.65,0,0,0,0.07,0,0,3,0.65,33.33,0,0,1.08,20,0.87,25,4.11,26.32,1.51,0.65,0.22,22.72,0.43,1.08,30.72,83.8,10.17,76.6,6.27,96.55,8.65,87.5,1.51,71.43,16.82,20.25,0.07,0.65,0,0,0.22,0,0.43,1.73,75,1.3,33.33,0.22,0,0.65,0.65,5.41,56,0,,0,,0,0,0,0,,,0.65,,
N. Dearmin,MLS Next Pro,2026,Inter Miami U18,Inter Miami II,"RWB, RB, RWF",16,269,0,0.16,0,0.8,United States,5.35,5.02,60,0.67,100,0,0,0.33,2.34,4.38,1,0,0,0,0,2.68,0,0,0,0.05,0,0,3,1,0,0,0,4.35,38.46,1.34,75,4.68,64.29,1.67,2.34,0,27.1,2.01,1.67,34.8,74.04,9.03,70.37,5.35,93.75,13.38,62.5,1.67,60,15.74,15.81,0.27,2.34,0,0,0,0,1.34,1.67,40,5.69,35.29,0,0,0.67,1.34,6.36,84.21,0,,0,,0,0,0,0,,,0,,
D. Sumalla,MLS Next Pro,2026,Inter Miami II,Inter Miami II,"RCB, CB",19,968,0,0.5,0,0.03,United States,9.3,6.69,55.56,1.58,29.41,0.09,0.15,0.84,5.49,8.59,1.02,1,0.09,1,0.09,0.28,0,0,0,0.05,0,0,6,0.56,0,0,0,0,0,0.28,100,1.21,53.85,0.46,0.74,0.09,39.61,0.56,0.37,53.09,87.92,19.25,73.91,2.79,93.33,27.43,96.61,6.88,47.3,24.03,46.42,0,0.09,0,0,0,0,0,4.74,54.9,0.56,16.67,0.09,0,0,0,6.6,61.97,0,,0,,0,0,0,0,,,2.14,,
M. Marin,MLS Next Pro,2026,Inter Miami II,Inter Miami II,GK,18,1274,0,0,0,0,United States,1.2,0.14,50,0.07,100,0,0,0,1.13,1.75,0,1,0.07,0,0,0.07,0,0,0,0,0,0,0,0,0,0,0,0,0,0.07,100,0.21,100,0,0,0,21.76,0.21,0.28,33.7,83.02,14.13,66,0.07,100,17.52,95.16,11.51,57.06,29.94,48.44,0,0,0,0,0,0,0.07,3.74,39.62,0.57,12.5,0.21,100,0.14,0,7.28,62.14,32,2.26,80,5.65,1,60,28.82,2.04,-3.18,-0.225,0,1.62,0.07
N. Koehler,MLS Next Pro,2026,Chattanooga,Chattanooga,LCB,23,562,0,0.02,0,0,England,8.81,4.8,56.67,4.16,69.23,0,0,1.76,6.09,7.17,0.64,1,0.16,0,0,0,0,0,0,0,0,0,1,0.16,0,0,0,0,0,0,0,0.96,66.67,0.48,0.16,0,38.91,0.16,0.8,51.09,90.6,16.17,77.23,2.08,100,30.59,97.38,5.44,55.88,19.01,29.04,0,0,0,0,0,0,0.16,4.96,61.29,0.64,25,0.32,0,0.48,0,7.21,73.33,0,,0,,0,0,0,0,,,1.76,,
F. Sar-Sar Cairo,MLS Next Pro,2026,Chattanooga,Chattanooga,"RCB, LCB",26,1590,1,1.52,1,0.04,United States,7.53,3.51,67.74,2.94,57.69,0.34,0.41,0.68,4.81,5.86,0.28,4,0.23,0,0,0.23,0.06,0,0,0.09,0,0,6,0.34,33.33,16.667,0.06,0.06,0,0.11,100,0.96,58.82,0.68,0.34,0.06,33.62,0.34,0.51,48.45,90.07,15.4,80.15,3.28,86.21,26.38,97,4.87,60.47,22.55,42.61,0,0.06,0.06,0.11,0,0,0.06,4.53,73.75,0.51,44.44,0.45,50,0.11,0,7.19,67.72,0,,0,,0,0,0,0,,,2.43,,
T. Hall,MLS Next Pro,2026,Inter Miami,Inter Miami II,"RCB, LCB",20,863,0,0.71,0,0.27,United States,9.59,4.9,65.96,3.02,58.62,0.21,0.32,0.73,6.15,9.41,0.63,0,0,0,0,0.42,0,0,0,0.07,0,0,4,0.42,50,0,0,0.1,100,0.31,33.33,1.15,54.55,0.73,0.42,0,25.55,0.94,0.94,36.29,90.23,12.41,82.35,2.82,85.19,17.94,96.51,1.88,50,20.15,38.75,0.03,0.1,0.1,0,0,0,0.1,2.92,75,0.1,0,0,0,0.1,0.1,4.38,64.29,0,,0,,0,0,0,0,,,1.25,,
Y. Tcheuyap,MLS Next Pro,2026,Chattanooga,Chattanooga,RB,22,1275,0,0.01,2,1.04,Canada,7.69,6,64.71,1.48,42.86,0.21,0.26,0.42,3.6,4.43,0.85,2,0.14,1,0.07,0.49,0,0,0,0,0,0,1,0.07,0,0,0.14,0.78,45.45,0.64,22.22,3.04,44.19,0.35,0.99,0,22.38,2.54,0.85,31.27,83.07,10.94,68.39,6.99,97.98,9.6,89.71,2.96,57.14,18.65,32.51,0.07,0.64,0,0,0,0,0.42,2.96,69.05,1.06,46.67,0.07,0,0.28,0.35,5.65,56.25,0,,0,,0,0,0,0,,,1.48,,
M. Hanchard,MLS Next Pro,2026,Chattanooga,Chattanooga,"LCB, RCB",24,1123,0,0.5,0,0,United States,5.53,3.69,58.7,2.4,60,0.32,0.4,0.08,3.05,3.79,0.88,1,0.08,0,0,0.08,0,0,0,0.04,0,0,2,0.16,0,0,0,0,0,0.16,50,1.2,20,0.64,0.08,0,28.53,0.4,0.24,37.27,84.73,13.38,70.66,2.48,90.32,18.67,95.71,5.69,49.3,25.14,46.7,0,0,0,0,0.08,0,0,4.41,50.91,0.24,66.67,0.4,20,0.16,0,5.69,59.15,0,,0,,0,0,0,0,,,2,,
T. Robertson,MLS Next Pro,2026,Chattanooga,Chattanooga,"RB, LCMF, RCMF",29,1492,7,5.41,4,3.66,United States,5.61,2.96,53.06,1.45,75,0.06,0.07,0.36,3.98,4.9,0.66,2,0.12,0,0,1.63,0.42,4,0.24,0.33,0,0,25,1.51,48,28,0.24,1.39,30.43,0.97,43.75,5.01,42.17,1.33,0.6,0.06,26.72,1.81,1.75,36.13,83.47,14.42,79.08,5.55,90.22,11.58,84.38,6.94,63.48,22.65,42.86,0.22,1.51,0.18,0,0.06,100,0.54,8.26,73.72,2.71,51.11,0.48,62.5,1.03,0.42,8.69,84.03,0,,0,,0,0,0,0,,,0.6,,
S. Marion,MLS Next Pro,2026,St. Louis City II,St. Louis City II,"RCB, RWB",18,398,0,0,0,0,United States,7.91,5.88,50,2.49,27.27,0,0,0.45,4.97,6.95,0.68,1,0.23,0,0,0.45,0,0,0,0,0,0,1,0.23,0,0,0,0.9,25,0.45,50,2.26,50,0.23,0.68,0,30.3,0.9,0.45,42.06,83.87,13.57,71.67,6.33,96.43,14.92,93.94,4.07,72.22,19.67,33.69,0,0,0.23,0,0,0,0,4.97,86.36,0.68,0,0,0,0,0.23,8.37,64.86,0,,0,,0,0,0,0,,,2.26,,
Alvaro Ribeiro,MLS Next Pro,2026,North Texas,North Texas,"RCB, LCB",21,760,0,0.16,0,0,Brazil,11.01,4.97,61.9,2.49,80.95,0.47,0.55,1.54,7.46,8.67,1.3,0,0,0,0,0.59,0,0,0,0.02,0,0,3,0.36,0,0,0,0,0,0.71,83.33,2.61,59.09,0.12,0.47,0,44.41,0.47,0.59,59.57,89.46,21.67,78.14,3.91,93.94,29.49,95.98,4.03,32.35,21.21,46.84,0,0,0,0,0,0,0,4.26,61.11,0,0,0,0,0,0,7.93,52.24,0,,0,,0,0,0,0,,,2.13,,
Leandro,MLS Next Pro,2026,North Texas,North Texas,"LCB, LB",21,547,0,0.53,0,0.27,Brazil,11.35,5.1,61.29,1.97,50,0,0,0.66,8.23,9.93,1.15,1,0.16,0,0,0,0,0,0,0.09,0,0,4,0.66,0,0,0,0.16,0,0,0,0.99,50,0.82,0.16,0,46.07,1.32,0.49,55.94,87.94,23.69,79.17,2.47,86.67,24.68,96,5.43,39.39,21.34,24.59,0.04,0.16,0,0,0,0,0.16,7.4,71.11,0.49,100,0,0,0.33,0,8.23,64,0,,0,,0,0,0,0,,,1.15,,
J. Torquato,MLS Next Pro,2026,North Texas,North Texas,LB,18,998,0,0.25,1,0.6,United States,8.12,6.76,42.67,0.9,30,0.36,0.42,0.27,4.87,5.68,1.53,1,0.09,1,0.09,1.89,0,0,0,0.02,0,0,3,0.27,66.67,0,0.09,1.26,57.14,1.53,64.71,5.86,47.69,1.44,2.07,0.36,29.76,1.98,1.35,36.97,85.85,13.8,79.74,8.39,95.7,8.03,87.64,1.89,47.62,15.85,37.4,0.05,0.63,0,0,0,0,0.54,2.34,73.08,1.17,76.92,0,0,0.45,0.63,6.31,65.71,0,,0,,0,0,0,0,,,0.63,,
N. Arango,MLS Next Pro,2026,North Texas,North Texas,GK,19,199,0,0,0,0,Colombia,0,0,0,0,0,0,0,0,0,0,0,1,0.45,0,0,0,0,0,0,0,0,0,0,0,0,0,0,0,0,0,0,0,0,0,0,0,15.38,0,0.45,23.07,82.35,8.59,68.42,0,0,11.31,92,6.78,46.67,27.72,43.26,0,0,0,0,0,0,0,1.36,33.33,0.45,100,0,0,0.45,0,5.88,46.15,2,0.9,10,4.52,1,80,2.05,0.93,0.05,0.023,0,1.36,0
E. Newman,MLS Next Pro,2026,North Texas,North Texas,RB,20,969,1,0.74,0,0.49,United States,6.32,5.39,55.17,1.3,71.43,0.28,0.34,0.19,3.07,3.69,0.74,0,0,0,0,0.74,0.09,1,0.09,0.07,0,0,2,0.19,50,50,0,0.19,50,1.02,54.55,3.53,44.74,0.46,0.28,0,34.64,0.37,0.74,45.79,87.22,21.18,79.39,5.29,94.74,11.98,94.57,3.72,32.5,17.43,45.21,0.05,0.28,0,0,0,0,0.28,4.37,70.21,0.46,60,0.28,33.33,0.19,0.09,6.78,54.79,0,,0,,0,0,0,0,,,0.84,,
J. Biggar,MLS Next Pro,2026,North Texas,North Texas,"LCB, LB",21,668,0,0.28,0,0,United States,8.35,4.31,71.88,1.08,62.5,0,0,0.4,5.25,6.22,0.67,3,0.4,1,0.13,0.67,0,0,0,0.04,0,0,2,0.27,50,0,0,0,0,0.54,100,1.89,42.86,0.4,0.13,0,33.55,0,0.13,42.84,88.68,18.19,83.7,1.62,91.67,18.05,93.28,3.5,38.46,18.49,38.4,0,0,0,0.13,0,0,0,3.37,56,0.4,33.33,0.27,0,0.13,0,7.54,66.07,0,,0,,0,0,0,0,,,0.67,,
Z. Lillington,MLS Next Pro,2026,St. Louis City II,St. Louis City II,"CB, RCB",22,741,0,0.26,1,0.81,United States,9.72,6.56,66.67,4.25,77.14,0.12,0.16,0.49,5.22,6.83,1.82,2,0.24,0,0,1.34,0,0,0,0.03,0,0,4,0.49,25,0,0.12,0.97,37.5,1.34,63.64,3.04,40,1.46,0.61,0.12,52.35,0.24,0.49,73.85,87.83,29.03,77.82,3.28,100,33.28,94.16,8.38,50.72,20.82,46.52,0.1,0.73,0,0,0,0,0.36,9.11,61.33,1.21,30,0.36,33.33,0.12,0.61,8.62,70.42,0,,0,,0,0,0,0,,,2.67,,
N. Martinez,MLS Next Pro,2026,St. Louis City II,St. Louis City II,GK,22,191,0,0,0,0,United States,0.47,0.47,100,0.94,100,0,0,0,0,0,0,0,0,0,0,0,0,0,0,0,0,0,0,0,0,0,0,0,0,0,0,0,0,0,0,0,13.66,0,0.94,25.45,83.33,9.9,61.9,0,0,13.66,96.55,6.6,35.71,26.32,43.49,0,0,0,0,0,0,0,0.47,0,0,0,0,0,0,0,4.71,20,4,1.88,11,5.18,0,63.64,3.42,1.61,-0.58,-0.273,0,0,0.94
S. Starnes,MLS Next Pro,2026,North Texas,North Texas,RCB,22,1006,0,0.45,0,0,United States,12.26,6.17,63.77,3.4,57.89,0.72,0.84,1.43,7.6,8.89,1.25,3,0.27,0,0,0,0,0,0,0.04,0,0,2,0.18,0,0,0,0.09,0,0.09,0,0.89,50,0.54,0.18,0.27,35.7,0.09,0.89,50.64,89.05,16.28,76.37,2.33,96.15,27.11,94.72,4.29,47.92,20.63,39.19,0,0,0.09,0,0,0,0,2.86,71.88,0.18,50,0,0,0.18,0,6.44,51.39,0,,0,,0,0,0,0,,,1.43,,
C. Pearson,MLS Next Pro,2026,St. Louis City II,St. Louis City II,"LCB, CB",23,972,0,0.32,0,0.32,Jamaica,5.65,3.7,72.5,1.39,46.67,0,0,0.37,2.96,3.84,0.56,1,0.09,0,0,0.65,0,0,0,0.03,0,0,8,0.74,37.5,0,0,0.28,33.33,0.28,100,1.94,42.86,0.09,0.93,0,50.09,0.37,0.56,69.17,87.55,27.59,77.52,4.35,91.49,29.63,96.88,9.17,56.57,21.75,45.07,0.03,0.28,0,0,0,0,0.37,11.2,66.94,1.76,31.58,0.09,100,0.56,0.19,11.11,71.67,0,,0,,0,0,0,0,,,2.13,,
E. Dymora,MLS Next Pro,2026,North Texas,North Texas,GK,23,1068,0,0,0,0,United States,0.51,0.17,0,0.17,100,0.08,0.1,0,0.42,0.5,0.08,1,0.08,0,0,0,0,0,0,0,0,0,0,0,0,0,0,0,0,0,0,0,0,0,0,0,12.81,0.08,0.25,19.55,82.76,8.09,58.33,0,0,10.53,100,5.81,46.38,29.37,46.26,0,0,0,0,0,0,0,1.26,26.67,0.17,0,0,0,0,0,4.13,48.98,16,1.35,53,4.47,1,69.81,17.04,1.44,1.04,0.088,0,1.01,0.17
S. Paris,MLS Next Pro,2026,St. Louis City II,St. Louis City II,"LCB, RB, LWB",24,732,0,0.38,0,0.25,Puerto Rico,9.34,9.22,53.33,2.21,38.89,0.25,0.32,0.49,4.18,5.48,2.46,3,0.37,1,0.12,1.97,0,0,0,0.05,0,0,7,0.86,28.57,0,0,1.11,11.11,2.34,63.16,9.47,51.95,0.86,2.09,0,37.5,1.48,3.44,45.12,87.47,15,77.87,6.76,100,12.3,88,3.07,44,16.31,33.02,0.03,0.25,0,0,0.12,100,0.12,4.18,73.53,2.21,22.22,0.25,50,0.37,0.12,6.02,69.39,0,,0,,0,0,0,0,,,0.61,,
A. De Gannes,MLS Next Pro,2026,St. Louis City II,St. Louis City II,"LB, LCB",23,835,0,0.41,1,1.25,Trinidad and Tobago,5.71,3.77,60,1.29,50,0,0,0.43,3.45,4.32,0.86,1,0.11,0,0,1.94,0,0,0,0.04,0,0,7,0.75,28.57,0,0.11,3.23,30,1.08,70,3.13,44.83,0.54,1.29,0.11,42.36,3.13,0.43,55.08,83.56,21.99,74.02,11.64,99.07,11.43,80.19,3.02,39.29,15.77,35.51,0.14,0.65,0.11,0,0,0,0.54,7.11,65.15,4.63,46.51,0,0,1.19,1.08,8.62,81.25,0,,0,,0,0,0,0,,,0.43,,
D. Fitz,MLS Next Pro,2026,Minnesota United,Minnesota United II,"RCMF, RDMF, LDMF",27,188,1,0.27,1,0.25,Austria,6.22,5.27,72.73,0.48,0,0,0,0,2.39,3.41,0.96,0,0,0,0,3.35,0.48,1,0.48,0.13,0,0,3,1.44,66.67,33.333,0.48,4.31,44.44,0.48,100,2.87,50,2.39,0.96,0,52.66,1.44,0.96,64.63,78.52,25.37,62.26,8.62,94.44,23.94,92,13.4,46.43,23,42.53,0.12,1.91,0,0,0.48,0,1.44,17.23,61.11,7.66,43.75,3.35,42.86,2.87,1.91,17.23,86.11,0,,0,,0,0,0,0,,,1.44,,
D. Gjengaar,MLS Next Pro,2026,New York RB,New York RB II,"RB, RWF, LB",22,964,3,2.67,6,1.96,Norway,6.35,6.44,37.68,1.03,81.82,0.09,0.15,0,3.83,5.97,1.96,4,0.37,0,0,3.64,0.28,3,0.28,0.25,0,0,14,1.31,64.29,21.429,0.56,2.71,27.59,2.8,63.33,5.88,49.21,3.45,1.77,0.28,33.89,1.59,0.47,43.41,79.14,13.26,73.24,6.82,93.15,14.56,80.77,1.21,53.85,15.86,24.65,0.18,1.31,0,0.09,0.37,75,1.21,4.2,73.33,3.17,50,0.47,60,1.49,0.93,6.35,79.41,0,,0,,0,0,0,0,,,0.56,,
C. Baker,MLS Next Pro,2026,Seattle Sounders,Tacoma Defiance,"RB, LB, RWB",22,451,1,0.07,0,0.88,United States,6.59,7.98,42.5,1.6,50,0.2,0.22,0,2.99,3.36,0.8,1,0.2,0,0,0.8,0.2,1,0.2,0.01,0,0,1,0.2,100,100,0,1.4,14.29,0.8,50,2.79,42.86,0.8,1.2,0.4,35.72,0.8,0.6,45.7,84.72,14.77,75.68,7.18,100,17.36,87.36,3.79,63.16,19.86,45.85,0.18,0.6,0,0,0,0,0.4,5.59,60.71,2.39,50,0.6,100,1.6,0.2,7.58,76.32,0,,0,,0,0,0,0,,,1.2,,
M. Nyeman,MLS Next Pro,2026,Columbus Crew II,Columbus Crew II,"LCMF, RCMF, DMF",22,520,0,0,0,0.11,United States,7.79,6.58,65.79,1.04,16.67,0,0,0.35,3.46,3.92,1.38,2,0.35,0,0,0.69,0,0,0,0,0,0,1,0.17,0,0,0,0,0,0.69,100,2.25,46.15,0.17,0.17,0,28.04,0.35,0.17,43.62,86.51,12.46,73.61,8.83,96.08,13.5,89.74,4.33,60,15.36,34.31,0.02,0.17,0,0,0.17,0,0.35,6.06,68.57,0.35,50,0.52,66.67,0.52,0,5.88,67.65,0,,0,,0,0,0,0,,,0.69,,
M. Zerkane,MLS Next Pro,2026,Carolina Core,Carolina Core,"LCMF, AMF",26,450,0,0.52,1,1.44,France,9.4,9.2,69.57,2,50,0,0,0.2,3,3.72,2.8,3,0.6,0,0,2.2,0,0,0,0.1,0,0,5,1,60,0,0.2,1.2,50,1.2,83.33,6.8,47.06,2.2,2,0.4,28.2,0.2,2,39,86.15,17.6,81.82,5.2,92.31,11,89.09,1.4,42.86,17.68,21.67,0.29,1.2,0,0,0,0,0.8,5.2,73.08,2.4,58.33,0,0,1,0.4,7,82.86,0,,0,,0,0,0,0,,,0.4,,
C. Dunbar,MLS Next Pro,2026,Atlanta United II,Atlanta United II,"LAMF, AMF, LWF",23,1283,5,5.86,5,4.05,United States,3.3,2.81,47.5,1.19,29.41,0.07,0.1,0,1.89,2.61,0.35,3,0.21,0,0,4.63,0.35,5,0.35,0.41,0,0,49,3.44,40.82,10.204,0.35,1.82,50,3.58,64.71,9.05,50.39,3.79,2.53,0.21,15.92,1.33,1.82,20.41,79.38,6.03,68.6,3.93,94.64,5.68,83.95,1.54,68.18,17.98,23.6,0.28,1.75,0,0.07,0.07,0,0.91,2.24,71.88,2.53,63.89,0.07,0,1.68,0.77,3.09,86.36,0,,0,,0,0,0,0,,,1.05,,
R. Jauregui,MLS Next Pro,2026,Tacoma Defiance,Tacoma Defiance,"AMF, LAMF, RW",21,1024,0,2.24,2,0.91,United States,5.8,4.83,54.55,1.93,40.91,0.09,0.1,0.09,3.08,3.34,1.05,3,0.26,0,0,2.99,0,0,0,0.2,0,0,14,1.23,28.57,0,0.18,1.49,23.53,2.72,74.19,8.61,54.08,2.81,1.49,0.35,17.84,1.14,2.37,24.35,72.56,7.29,59.04,5.45,90.32,6.94,79.75,1.41,37.5,18.72,26.04,0.08,0.53,0,0.09,0.62,42.86,0.53,2.72,61.29,2.81,56.25,0.88,40,1.23,0.44,4.31,73.47,0,,0,,0,0,0,0,,,0,,
S. Sserwadda,MLS Next Pro,2026,Connecticut FC,Connecticut FC,"RCMF, RDMF",23,891,0,0.03,0,0.34,Uganda,14.85,11.92,65.25,1.52,60,0.2,0.25,0.2,6.87,8.4,1.62,4,0.4,0,0,1.41,0,0,0,0,0,0,2,0.2,50,0,0,0.4,50,1.82,55.56,6.77,53.73,0.2,0.71,0.3,22.73,0.2,1.62,41.62,75.24,17.58,62.64,4.44,86.36,13.03,88.37,4.95,40.82,18.28,37.86,0.03,0.61,0,0,0.2,50,0.3,10.61,62.86,2.73,62.96,0.51,60,1.11,0.2,9.9,77.55,0,,0,,0,0,0,0,,,0.2,,
J. Adebayo-Smith,MLS Next Pro,2026,Minnesota United,Minnesota United II,"LW, LWF, CF",25,186,0,0.84,0,0.11,United States,3.39,1.45,100,2.9,50,0,0,0.48,1.94,2.79,0.48,0,0,0,0,1.94,0,0,0,0.4,0,0,6,2.9,0,0,0,1.45,33.33,2.9,50,11.13,43.48,6.29,0.97,0,15,4.35,1.94,22.26,60.87,5.81,58.33,6.77,71.43,4.35,55.56,0,0,15.3,0,0.05,0.97,0,0,0,0,0.97,1.94,75,1.94,50,0,0,0.48,0.48,3.39,71.43,0,,0,,0,0,0,0,,,0,,
X. Gnaulati,MLS Next Pro,2026,Tacoma Defiance,Tacoma Defiance,"LCMF, LDMF",21,1277,0,1.44,0,2.21,United States,7.05,6.62,60.64,1.2,47.06,0.35,0.39,0.28,2.68,2.94,1.41,4,0.28,0,0,1.97,0,0,0,0.1,0,0,16,1.13,37.5,0,0,0.7,20,2.04,65.52,6.34,58.89,0.99,1.69,0.21,31.79,0.21,1.55,41.16,82.02,12.69,67.78,7.82,95.5,14.24,86.14,3.38,33.33,17.8,41.32,0.16,1.2,0.07,0,0.35,20,0.21,6.48,64.13,1.69,50,0.49,14.29,0.85,0.21,4.72,70.15,0,,0,,0,0,0,0,,,0.49,,
Alex Monis,MLS Next Pro,2026,Connecticut FC,Connecticut FC,"RW, CF, RAMF",23,1281,5,6.14,4,2.56,United States,6.67,6.53,60.22,1.55,40.91,0,0,0.07,2.74,3.31,1.05,4,0.28,0,0,2.53,0.35,3,0.21,0.43,0,0,26,1.83,50,19.231,0.28,2.6,16.22,1.97,50,6.6,48.94,2.46,0.98,0,18.13,1.19,1.69,25.64,68.22,7.1,48.51,5.69,91.36,7.17,68.63,1.19,41.18,15.73,20.4,0.18,1.26,0.07,0,0.35,60,0.63,2.6,48.65,2.74,25.64,0.35,60,0.7,0.42,3.72,64.15,0,,0,,0,0,0,0,,,0.14,,
T. Zeegers,MLS Next Pro,2026,Carolina Core,Carolina Core,"RDMF, RB, RCMF",26,1078,1,0.93,0,0.01,Netherlands,7.26,5.93,42.25,2,58.33,0.75,0.92,0.92,4.01,4.93,1.42,4,0.33,0,0,0.67,0.08,1,0.08,0.08,1,0.08,9,0.75,33.33,11.111,0,0.58,14.29,0.67,50,2.09,32,0.67,0.83,0.08,15.86,0.58,0.17,25.38,74.34,10.44,62.4,5.26,93.65,6.18,72.97,3.34,55,18.59,37.85,0,0.08,0.08,0,0,0,0.08,3.76,68.89,1.5,22.22,0.42,40,0.42,0.08,6.01,58.33,0,,0,,0,0,0,0,,,0.33,,
T. Ikoba,MLS Next Pro,2026,Sporting KC II,Sporting KC II,CF,22,684,5,4.6,0,0.3,United States,2.11,3.42,42.31,5.92,53.33,0,0,0.13,0.66,0.78,1.32,0,0,0,0,3.29,0.66,5,0.66,0.61,0,0,24,3.16,62.5,20.833,0,0.13,0,1.97,66.67,9.34,38.03,3.42,0.92,0.26,7.5,2.89,1.84,14.21,74.07,1.45,45.45,6.32,85.42,3.55,66.67,0.39,0,14.44,10.28,0.04,0.53,0,0.13,0,0,0.13,0.53,75,0.39,100,0,0,0.53,0,0.66,60,0,,0,,0,0,0,0,,,0,,
D. Robles,MLS Next Pro,2026,Tacoma Defiance,Tacoma Defiance,"RCMF, RDMF, LCMF",24,211,0,0.07,0,0.19,United States,7.68,6.82,68.75,1.28,0,0,0,0,2.99,3.89,1.28,0,0,0,0,1.28,0,0,0,0.03,0,0,1,0.43,100,0,0,1.28,33.33,0.43,100,3.84,55.56,1.71,0,0,29,0.43,0.85,40.52,77.89,11.52,51.85,6.82,100,15.78,83.78,2.99,28.57,15.07,21.6,0.08,0.43,0,0,0,0,0.43,4.27,60,1.71,0,0.43,0,0,0.43,4.69,54.55,0,,0,,0,0,0,0,,,0.43,,
T. Lepley,MLS Next Pro,2026,Oakland Roots,Ventura County,"RW, RWF, RCMF",24,266,0,0.19,1,0.21,United States,3.38,3.05,55.56,0.34,100,0,0,0,1.69,1.95,0.68,0,0,0,0,1.35,0,0,0,0.06,0,0,3,1.02,0,0,0.34,2.03,33.33,1.35,50,5.08,33.33,1.69,3.38,0,44.66,2.71,0.68,51.77,86.93,12.52,78.38,10.49,100,19.62,94.83,2.71,50,17.56,42.81,0.07,1.02,0,0,0.34,0,0,6.43,73.68,1.35,100,0.34,0,0.34,0.68,7.78,91.3,0,,0,,0,0,0,0,,,0.34,,
R. Mitchell,MLS Next Pro,2026,New York RB II,New York RB II,CF,23,480,4,3.6,1,0.72,United States,3.38,4.88,50,1.88,60,0,0,0,0.94,1.36,2.63,1,0.19,0,0,2.25,0.75,4,0.75,0.67,1,0.19,14,2.63,42.86,28.571,0.19,0,0,2.63,42.86,12.38,34.85,3.38,0.94,0.19,10.13,1.13,2.25,13.88,81.08,3.19,58.82,4.13,90.91,2.81,93.33,0.19,0,11.8,1.38,0.13,0.56,0,0,0,0,0.56,1.13,66.67,0.56,33.33,0,0,0.75,0,1.31,57.14,0,,0,,0,0,0,0,,,0,,
J. Shore,MLS Next Pro,2026,New York City II,New York City II,"LDMF, LCMF",19,199,1,0.85,0,0.15,United States,13.57,9.95,77.27,0.9,100,0,0,0,5.88,7.36,1.36,0,0,0,0,1.36,0.45,1,0.45,0.39,0,0,6,2.71,33.33,16.667,0,1.36,33.33,3.17,0,11.76,15.38,1.36,2.71,0.9,45.68,0.9,0.45,59.25,89.31,21.71,81.25,13.57,96.67,13.12,93.1,4.97,54.55,16.92,39.46,0.07,0.45,0,0,0,0,0.45,9.05,80,3.62,50,1.36,33.33,1.81,0.45,9.95,81.82,0,,0,,0,0,0,0,,,0.45,,
S. Garfield-Reid,MLS Next Pro,2026,New York City II,New York City II,CF,18,254,1,1.58,1,0.1,United States,2.48,3.54,60,1.42,0,0,0,0,0.35,0.42,1.06,1,0.35,0,0,1.77,0.35,1,0.35,0.56,0,0,6,2.13,66.67,16.667,0.35,0.35,0,2.83,12.5,10.98,16.13,4.25,1.42,0,9.57,1.42,0.71,15.24,67.44,4.96,78.57,2.13,83.33,3.9,72.73,0.35,100,14.93,14.06,0.04,0.71,0,0,0,0,0.71,1.42,100,0.35,0,0.35,100,1.06,0,2.13,100,0,,0,,0,0,0,0,,,0,,
M. Kamara,MLS Next Pro,2026,Elfsborg,Minnesota United II,AMF,21,189,0,0.34,1,0.22,Sierra Leone,3.33,4.76,40,1.9,25,0,0,0,1.43,1.45,1.9,1,0.48,0,0,5.24,0,0,0,0.16,0,0,7,3.33,14.29,0,0.48,1.43,66.67,6.19,53.85,12.38,57.69,1.9,4.29,0.48,20,1.9,1.43,30,77.78,9.05,63.16,5.24,90.91,8.1,88.24,0.95,0,16.45,17.95,0.1,0.48,0.48,0,0.48,100,0.48,5.24,81.82,3.81,50,0.48,0,1.43,0.95,7.62,81.25,0,,0,,0,0,0,0,,,0,,
K. Chandler,MLS Next Pro,2026,Minnesota United II,Minnesota United II,"LB, LWB",21,457,0,0.04,0,1.13,United States,13.39,9.85,66,0.39,50,0.79,0.93,0.2,6.11,7.21,1.38,1,0.2,0,0,3.74,0,0,0,0.01,0,0,1,0.2,0,0,0,3.35,47.06,3.94,55,7.68,48.72,1.18,2.76,0.2,30.13,2.95,1.18,43.13,79.91,16.94,73.26,8.47,95.35,10.83,76.36,2.17,36.36,17.6,35.98,0.22,1.77,0,0,0,0,0.79,5.91,66.67,2.95,66.67,0.39,50,0.59,1.77,9.45,75,0,,0,,0,0,0,0,,,0.79,,
S. Mohammed,MLS Next Pro,2026,Huntsville City,Huntsville City,"LWF, CF",22,294,3,1.55,0,0.15,Ghana,2.45,2.45,75,3.06,30,0,0,0,0.61,0.97,0.31,0,0,0,0,4.29,0.92,3,0.92,0.47,0,0,13,3.98,38.46,23.077,0,0.61,0,3.67,75,10.1,48.48,4.29,0.92,0,24.49,2.14,1.53,30.92,93.07,3.37,81.82,11.33,94.59,6.43,100,0,0,13.28,0,0.04,0.31,0,0,0,0,0.31,2.45,100,0,0,0,0,0.61,0,1.22,75,0,,0,,0,0,0,0,,,0,,
J. Terry,MLS Next Pro,2026,Los Angeles FC,Los Angeles II,"RCMF, LCMF",17,218,1,0.07,0,0.22,United States,7.02,8.67,52.38,0.83,50,0,0,0,2.48,3.53,2.48,2,0.83,0,0,2.48,0.41,1,0.41,0.03,0,0,4,1.65,50,25,0,0.83,100,1.65,50,4.95,41.67,0.41,1.65,0.41,43.76,0,1.24,53.26,93.8,14.86,86.11,13.21,96.88,17.34,97.62,2.06,60,16.98,49.51,0.09,0.41,0,0,0,0,0.41,7.02,88.24,2.89,85.71,0,0,1.65,0.83,5.78,85.71,0,,0,,0,0,0,0,,,0.41,,
C. Guske,MLS Next Pro,2026,Orlando City,Orlando City B,"LCMF, LDMF, RCB",19,241,0,0.19,1,0.37,United States,10.83,7.47,55,0,0,0,0,0.75,6.72,9.15,0.75,0,0,0,0,1.87,0,0,0,0.07,0,0,3,1.12,33.33,0,0.37,0.75,50,1.12,100,7.47,80,1.87,1.49,0.37,37.72,0.37,4.85,49.29,84.09,18.67,74,3.73,100,19.42,92.31,6.35,52.94,20.41,49.98,0.14,1.12,0,0,0,0,0.37,10.46,60.71,2.24,16.67,0,0,1.12,0.37,8.96,75,0,,0,,0,0,0,0,,,1.49,,
Y. Tsukada,MLS Next Pro,2026,Orlando City B,Orlando City B,LAMF,24,213,0,1.32,0,0.72,Japan,5.49,5.07,75,0,0,0.42,0.58,0,1.27,1.73,0.85,0,0,0,0,8.45,0,0,0,0.56,0,0,7,2.96,57.14,0,0,4.65,36.36,8.03,63.16,16.06,57.89,4.23,5.49,0.42,19.44,3.8,2.54,22.39,69.81,5.07,58.33,7.18,94.12,6.76,50,2.11,0,22.6,69.15,0.3,1.27,0,0,0,0,0.85,2.54,16.67,3.38,25,0,0,0.42,1.27,3.38,62.5,0,,0,,0,0,0,0,,,0,,
T. Rosborough,MLS Next Pro,2026,New York RB II,New York RB II,"LWF, LW",18,237,1,0.62,0,0.18,United States,5.7,6.08,62.5,0.76,0,0,0,0,1.9,2.34,0.76,0,0,0,0,3.8,0.38,1,0.38,0.23,0,0,6,2.28,16.67,16.667,0,1.14,33.33,4.18,72.73,9.87,42.31,3.04,2.66,0,31.14,3.04,0.76,39.49,81.73,4.18,63.64,11.39,93.33,17.09,77.78,2.66,71.43,16.07,32.55,0.07,1.14,0,0,0,0,0,2.28,83.33,1.52,75,0,0,0.76,0.38,4.56,50,0,,0,,0,0,0,0,,,0.38,,
R. Mosquera,MLS Next Pro,2026,New York RB II,New York RB II,"RW, RWF",21,175,2,0.83,1,0.48,Panama,7.2,7.71,53.33,1.54,66.67,0,0,0,3.09,3.53,2.06,0,0,0,0,8.23,1.03,2,1.03,0.42,0,0,6,3.09,66.67,33.333,0.51,1.54,66.67,8.74,52.94,15.94,38.71,4.63,3.09,1.54,25.71,0.51,1.54,35.49,81.16,14.91,82.76,3.6,100,7.71,66.67,2.06,50,15.15,36.14,0.25,3.6,0.51,0,0.51,100,2.06,5.66,63.64,6.17,66.67,0,0,4.63,0.51,6.17,91.67,0,,0,,0,0,0,0,,,0,,
N. Adimabua,MLS Next Pro,2026,The Town,The Town,CF,25,384,1,0.28,2,0.38,Nigeria,2.11,1.41,66.67,6.09,26.92,0,0,0.23,1.17,1.49,0.7,0,0,0,0,0.7,0.23,1,0.23,0.07,1,0.23,4,0.94,25,25,0.47,0.47,0,0.94,50,9.38,20,3.98,0.47,0,16.17,1.64,1.17,21.09,84.44,3.05,61.54,5.86,92,7.03,90,0.94,100,14.53,26.08,0.09,0.94,0,0,0,0,1.17,1.88,87.5,1.41,33.33,0,0,1.41,0,1.17,80,0,,0,,0,0,0,0,,,0,,
Cielo Tschantret,MLS Next Pro,2026,Sporting KC,Sporting KC II,DMF,20,194,0,0,0,0,United States,9.28,8.81,52.63,1.86,50,0,0,1.39,4.64,5.88,2.78,0,0,0,0,0,0,0,0,0,0,0,0,0,0,0,0,0,0,0.46,0,2.32,40,0.46,0.93,0,44.54,0,0.93,59.85,96.12,10.67,91.3,11.6,96,29.23,96.83,6.03,76.92,19.36,41.22,0,0,0,0,0,0,0,9.74,90.48,0,0,0.93,100,0.93,0,8.81,89.47,0,,0,,0,0,0,0,,,0.46,,
N. Djordjevic,MLS Next Pro,2026,Vancouver Whitecaps II,Vancouver Whitecaps II,"RB, RWB",23,365,0,0.13,0,0.84,United States,12.33,9.62,69.23,0.99,75,0,0,0.25,5.67,6.16,0.25,0,0,0,0,3.95,0,0,0,0.03,0,0,2,0.49,0,0,0,2.22,33.33,4.93,55,14.55,44.07,1.23,3.7,0.49,21.21,2.71,2.71,32.3,80.92,8.38,79.41,5.92,100,13.07,75.47,4.44,55.56,19.52,38.11,0.21,2.22,0,0,0.49,100,1.23,2.96,66.67,2.71,45.45,0.99,100,0.74,0.99,5.18,66.67,0,,0,,0,0,0,0,,,0.74,,
M. Cimermancic,MLS Next Pro,2026,Toronto,Toronto II,"RDMF, LCMF",21,190,0,0.81,0,0.13,Canada,8.05,5.21,72.73,0.95,0,0,0,0.95,4.26,4.15,1.89,0,0,0,0,2.37,0,0,0,0.38,0,0,4,1.89,75,0,0,0,0,0.95,100,8.53,61.11,2.37,1.42,0,18.95,0.47,1.89,35.53,85.33,11.37,66.67,6.16,92.31,14.21,93.33,1.89,75,17.49,36.65,0.06,0.47,0.47,0,0.47,0,0.47,4.26,100,0.47,0,0.47,0,0.47,0,6.63,42.86,0,,0,,0,0,0,0,,,0,,
M. Zambrano,MLS Next Pro,2026,New England,Real Monarchs,"CF, RCMF",21,209,3,1.6,0,0.03,Ecuador,1.72,3.44,37.5,2.15,60,0,0,0,0.43,0.63,0.43,0,0,0,0,2.15,1.29,2,0.86,0.69,0,0,8,3.44,37.5,37.5,0,0,0,2.15,40,9.47,9.09,3.88,0.43,0,15.07,2.15,0,20.24,85.11,2.58,66.67,10.33,91.67,4.74,81.82,0,0,13.85,0,0.01,0.86,0,0,0,0,0,1.29,100,0,0,0,0,0,0,2.58,50,0,,0,,0,0,0,0,,,0,,
J. Gilman,MLS Next Pro,2026,Toronto II,Toronto II,"RB, LCB, DMF",22,573,0,0.16,0,0.05,United States,9.42,5.5,62.86,1.73,72.73,0,0,0.79,5.97,6.26,0.94,1,0.16,0,0,0.47,0,0,0,0.02,0,0,2,0.31,100,0,0,0.31,50,0,0,2.36,26.67,0.31,0.63,0,30.79,0.94,0.47,43.82,85.3,15.71,76,6.6,100,15.71,89,3.3,57.14,17.52,36.81,0.01,0.31,0,0,0,0,0,4.71,83.33,0.79,60,0.31,50,0.47,0.16,7.7,55.1,0,,0,,0,0,0,0,,,1.41,,
P. Kingston,MLS Next Pro,2026,Tacoma Defiance,Tacoma Defiance,"RCMF, LCMF, LDMF",24,362,0,0.5,0,0.15,United States,8.95,7.71,58.06,0.99,75,0.5,0.55,0.25,3.98,4.36,1.24,2,0.5,0,0,0.75,0,0,0,0.12,0,0,6,1.49,33.33,0,0,0.5,50,0,0,2.98,33.33,1.24,1.49,0.75,40.03,0,0.75,53.2,88.79,12.18,77.55,7.71,96.77,21.38,94.19,4.23,58.82,19.21,44.19,0.04,0.99,0,0,0,0,0.25,10.94,77.27,0.99,75,0.25,0,0.99,0.25,8.45,79.41,0,,0,,0,0,0,0,,,0.75,,
D. Phillip,MLS Next Pro,2026,Colorado Rapids II,Colorado Rapids II,"CF, RW",21,581,3,2.92,0,1.29,St. Lucia,3.41,2.01,69.23,2.32,53.33,0,0,0,2.01,2.89,0.62,1,0.15,0,0,2.79,0.46,3,0.46,0.45,2,0.31,18,2.79,50,16.667,0,1.7,45.45,0.93,66.67,4.18,40.74,4.49,1.39,0.15,13.48,2.48,1.39,17.81,74.78,4.03,61.54,4.65,86.67,5.58,77.78,1.24,37.5,18.08,32.88,0.2,1.08,0,0,0.15,0,0.93,1.08,57.14,0.93,66.67,0,0,0.77,0.93,2.94,73.68,0,,0,,0,0,0,0,,,0,,
Eduardo,MLS Next Pro,2026,Toronto II,Toronto II,"LW, LAMF",21,199,0,0.43,1,0.19,Brazil,7.24,5.88,69.23,2.71,0,0,0,0,3.17,4.04,1.36,0,0,0,0,4.52,0,0,0,0.19,0,0,4,1.81,75,0,0.45,1.36,0,4.97,63.64,13.12,58.62,4.07,2.26,0,16.28,3.62,1.81,21.71,79.17,4.52,70,5.88,84.62,4.97,81.82,0.45,100,12.78,11.76,0.08,0.45,0,0,0,0,0.9,0.45,100,1.81,50,0,0,1.36,0,3.17,85.71,0,,0,,0,0,0,0,,,0,,
G. Rivera,MLS Next Pro,2026,Houston Dynamo II,Houston Dynamo II,"LDMF, LCMF",,191,0,0.07,0,0.11,United States,4.74,6.63,42.86,0.95,0,0.95,0.97,0,0.95,0.97,1.89,0,0,0,0,6.63,0,0,0,0.07,0,0,3,2.84,66.67,0,0,0,0,3.79,100,5.68,66.67,0.95,2.84,0,36,0.95,0.95,48.32,86.27,14.21,60,4.74,100,24.63,96.15,10.42,45.45,22.6,47.06,0.11,0.95,0,0,0.95,100,0.95,10.42,63.64,1.89,100,0.95,100,1.89,0,10.42,63.64,0,,0,,0,0,0,0,,,0,,
J. Barclay,MLS Next Pro,2026,St. Louis City II,St. Louis City II,LWB,,257,1,0.41,2,0.8,Jamaica,4.55,5.6,50,1.4,25,0,0,0,1.75,2.17,0.7,0,0,0,0,4.55,0.35,1,0.35,0.15,0,0,4,1.4,50,25,0.7,3.85,36.36,4.55,46.15,9.81,35.71,3.15,3.85,0.35,26.61,4.2,1.05,31.52,73.33,9.11,69.23,7.7,86.36,7,65,1.75,40,19.78,24.22,0.28,1.05,0,0,0.7,50,0.7,3.85,36.36,3.5,50,0.7,50,0.7,1.05,7,80,0,,0,,0,0,0,0,,,0,,
R. Sewell,MLS Next Pro,2026,Vancouver Whitecaps II,Vancouver Whitecaps II,"RDMF, CF, RCMF",17,720,1,2.4,0,0.62,United States,5.75,5,62.5,0.63,60,0.13,0.14,0.25,2.5,2.74,0.75,2,0.25,0,0,1.5,0.13,1,0.13,0.3,0,0,14,1.75,35.71,7.143,0,0.5,50,1.5,41.67,5.38,27.91,1.62,0.88,0.13,17.88,0.38,0.63,25.13,85.57,6.38,72.55,5.25,100,8.75,85.71,2.38,68.42,19.22,40.49,0.08,0.75,0,0,0,0,0.63,4.25,76.47,1.25,70,0.25,50,0.75,0.25,4.13,69.7,0,,0,,0,0,0,0,,,0.25,,
Y. Tsukanome,MLS Next Pro,2026,Seattle Sounders,Tacoma Defiance,"CF, AMF",25,899,5,3.57,0,1.18,Japan,4,4.3,51.16,2.3,47.83,0.1,0.11,0,1.7,1.84,1.7,1,0.1,0,0,2.4,0.5,4,0.4,0.36,0,0,17,1.7,58.82,29.412,0,0.9,55.56,1.2,75,7.01,38.57,3,1,0.1,23.03,1.5,1.3,28.23,77.3,7.41,55.41,7.31,90.41,8.01,83.75,2.7,59.26,17.18,41.46,0.12,0.7,0,0,0.4,0,0.6,4.61,63.04,1.8,44.44,0.6,0,0.7,0.3,3.2,84.38,0,,0,,0,0,0,0,,,0,,
M. Bronnik,MLS Next Pro,2026,Tacoma Defiance,Tacoma Defiance,CF,19,800,5,4.29,0,1.59,United States,2.7,3.6,53.13,3.04,29.63,0,0,0,0.79,0.93,2.14,3,0.34,0,0,1.69,0.56,5,0.56,0.48,3,0.34,25,2.81,40,20,0,0.79,14.29,0.9,50,4.84,27.91,3.83,1.13,0,8.89,2.03,1.01,10.24,71.43,2.03,66.67,3.04,96.3,2.7,58.33,0.34,0,12.38,8.29,0.18,0.56,0,0,0,0,0.45,1.13,50,0.68,33.33,0,0,0.79,0.11,0.9,87.5,0,,0,,0,0,0,0,,,0,,
S. Gomez,MLS Next Pro,2026,Seattle Sounders,Tacoma Defiance,"LAMF, LW, LCMF",20,743,0,1.15,2,1.26,United States,7.39,5.94,57.14,0.97,37.5,0.24,0.27,0.36,3.76,4.12,0.97,0,0,0,0,4.36,0,0,0,0.14,0,0,13,1.57,23.08,0,0.24,3.15,42.31,5.33,50,13.08,41.67,3.88,4.36,0.48,22.41,2.91,1.33,30.65,75.89,8.12,65.67,7.63,92.06,8.48,78.57,1.09,44.44,15.49,27.24,0.15,1.82,0.12,0,0,0,1.21,2.18,66.67,4,54.55,0.24,0,1.45,1.57,4.6,68.42,0,,0,,0,0,0,0,,,0.12,,
Y. Zuluaga,MLS Next Pro,2026,Vancouver Whitecaps II,Vancouver Whitecaps II,"LAMF, LW",23,807,0,0.98,0,1.37,United States,6.69,5.91,58.49,1.67,33.33,0.33,0.37,0.22,2.9,3.24,1.56,2,0.22,0,0,5.35,0,0,0,0.11,0,0,14,1.56,50,0,0,3.79,41.18,4.68,64.29,14.05,37.3,1.56,2.68,0.33,25.76,2.57,1,33.23,71.81,7.7,56.52,10.37,86.02,10.26,68.48,3.35,43.33,19.45,44.68,0.15,1.23,0,0,0.11,0,0.45,4.46,47.5,3.57,46.88,0.45,50,0.45,1.45,5.91,67.92,0,,0,,0,0,0,0,,,0,,
T. Pineda,MLS Next Pro,2026,Carolina Core,Carolina Core,"CF, LAMF, LW",26,642,2,1.51,1,1.16,United States,4.07,5.19,32.43,1.96,21.43,0,0,0.28,2.38,3,0.84,1,0.14,0,0,1.82,0.28,2,0.28,0.21,0,0,7,0.98,71.43,28.571,0.14,0.84,16.67,2.66,36.84,7.29,28.85,2.8,1.12,0.14,12.48,1.12,0.98,15.56,73.87,3.5,64,3.08,100,3.93,64.29,0.7,60,16.45,21.86,0.16,0.7,0,0,0.14,0,0.56,1.68,66.67,1.96,50,0.28,50,1.12,0.42,2.1,73.33,0,,0,,0,0,0,0,,,0,,
I. Jones,MLS Next Pro,2026,Chattanooga,Chattanooga,"LCMF, DMF, LDMF",20,1140,1,0.98,0,0.24,Sierra Leone,7.89,7.89,63,1.11,42.86,0.32,0.38,0.32,2.61,3.12,1.89,5,0.39,0,0,0.63,0.08,1,0.08,0.08,0,0,5,0.39,40,20,0,0.16,50,0.87,45.45,4.34,45.45,0.63,0.47,0,16.89,0.32,1.34,27,83.33,8.37,73.58,3.08,94.87,11.53,89.73,2.61,57.58,18.88,31.34,0.02,0.16,0,0,0.08,0,0,3.32,71.43,0.71,44.44,0.16,0,0.16,0.08,3.95,62,0,,0,,0,0,0,0,,,0.32,,
T. Haas,MLS Next Pro,2026,Sporting KC II,Sporting KC II,"RWF, LAMF, RAMF",17,609,1,1.07,0,0.98,United States,5.17,4.88,51.52,2.36,37.5,0.15,0.18,0.3,2.51,3.09,1.48,2,0.3,0,0,3.1,0.15,1,0.15,0.16,0,0,8,1.18,25,12.5,0,1.77,25,3.55,66.67,10.94,41.89,2.81,2.36,0.44,14.63,1.77,2.36,19.8,74.63,3.99,74.07,7.09,91.67,4.29,65.52,0.44,33.33,15.12,10.44,0.14,0.74,0,0,0,0,0.74,1.03,57.14,1.63,54.55,0,0,0.59,0.59,2.51,64.71,0,,0,,0,0,0,0,,,0.15,,
C. Derksen,MLS Next Pro,2026,Sporting KC II,Sporting KC II,"LCMF, DMF, RDMF",18,897,0,1.23,3,0.86,United States,7.63,7.22,58.33,0.9,44.44,0,0,0.3,3.41,4.1,1.4,4,0.4,0,0,0.9,0,0,0,0.12,0,0,12,1.2,25,0,0.3,0.6,16.67,0.7,57.14,4.31,65.12,1.3,1.4,0.1,32.21,0.4,1.61,42.54,84.67,11.84,67.8,8.13,100,14.65,89.73,3.61,61.11,17.21,36.76,0.09,0.9,0,0.1,0.2,50,0.8,6.82,76.47,1.91,42.11,0.5,40,0.6,0.1,7.12,74.65,0,,0,,0,0,0,0,,,0.3,,
G. Quintero,MLS Next Pro,2026,Sporting KC II,Sporting KC II,"RCMF, RDMF",23,910,1,1.14,0,1.1,United States,8.21,7.91,51.25,0.89,33.33,0.49,0.54,0.2,3.66,4.01,2.47,4,0.4,0,0,1.09,0.1,1,0.1,0.11,1,0.1,10,0.99,40,10,0,0.49,20,0.79,75,4.55,50,1.29,0.4,0.1,37.38,0.4,1.68,47.67,86.31,13.05,75,11.18,92.92,16.32,90.91,3.56,58.33,17.05,41.4,0.11,0.79,0,0.1,0,0,0.49,7.12,72.22,1.68,41.18,0,0,0.89,0.1,6.13,69.35,0,,0,,0,0,0,0,,,0.1,,
S. Donovan,MLS Next Pro,2026,Sporting KC II,Sporting KC II,"AMF, RW, LWF",19,1410,4,2.87,3,2.52,United States,3.26,3.83,53.33,1.21,31.58,0,0,0.06,1.21,1.4,0.77,1,0.06,0,0,1.91,0.26,4,0.26,0.18,1,0.06,27,1.72,44.44,14.815,0.19,0.96,40,1.4,45.45,5.81,38.46,2.62,1.02,0.06,22.28,1.02,1.6,28.53,86.8,7.4,76.72,9,97.16,6.64,87.5,1.34,52.38,14.71,25.56,0.16,0.96,0,0.06,0.19,66.67,0.57,2.55,72.5,1.98,64.52,0.13,50,1.4,0.32,3.89,70.49,0,,0,,0,0,0,0,,,0,,
K. Hines,MLS Next Pro,2026,Sporting KC II,Sporting KC II,CF,17,831,4,4.1,0,0.72,United States,2.82,4.55,42.86,3.03,39.29,0,0,0,0.87,1.02,1.41,1,0.11,0,0,2.27,0.43,4,0.43,0.44,1,0.11,20,2.17,55,20,0,0.54,20,1.41,69.23,9.53,29.55,4.22,1.08,0.22,10.4,1.84,1.62,15.81,83.56,2.82,84.62,6.71,91.94,2.82,69.23,0.32,0,11.71,6.25,0.08,0.76,0.11,0,0,0,0.54,0.87,75,1.19,72.73,0,0,1.08,0.11,1.41,61.54,0,,0,,0,0,0,0,,,0,,
Johann Ortiz,MLS Next Pro,2026,Sporting KC II,Sporting KC II,"RCMF, LCMF, AMF",19,663,2,1.69,2,1.02,El Salvador,4.62,4.75,51.43,0.81,33.33,0.41,0.47,0,1.76,2.02,2.04,4,0.54,0,0,2.71,0.27,1,0.14,0.23,0,0,14,1.9,14.29,14.286,0.27,0.81,33.33,2.71,60,7.74,38.6,1.63,0.95,0,24.43,0.95,1.09,32.99,79.84,8.55,63.49,9.37,91.3,7.74,80.7,2.17,68.75,13.55,22.6,0.14,1.22,0,0,0.54,100,0.68,4.75,82.86,1.9,50,0.54,75,1.09,0.14,4.89,80.56,0,,0,,0,0,0,0,,,0,,
B. Mabie,MLS Next Pro,2026,Sporting KC II,Sporting KC II,"DMF, LDMF, RDMF",23,959,0,1.33,0,0.65,United States,6.66,5.91,65.08,0.38,25,0.19,0.22,0.19,2.63,3.08,0.84,1,0.09,0,0,0.56,0,0,0,0.12,0,0,8,0.75,37.5,0,0,0.47,20,0.38,25,3.66,53.85,0.94,0.94,0,38.2,0.19,1.41,47.77,89.98,13.23,78.72,6.66,97.18,19.99,95.31,3.1,66.67,17.07,34.42,0.06,0.47,0.09,0,0.09,100,0.38,6.01,87.5,1.31,57.14,0.09,100,0.94,0.19,6.19,75.76,0,,0,,0,0,0,0,,,0.09,,
M. Rodríguez,MLS Next Pro,2026,Sporting KC II,Sporting KC II,"LW, RWF, LWF",23,1408,3,4.82,1,1.95,United States,4.15,3.52,60,1.21,47.37,0.32,0.36,0.06,1.73,1.96,0.77,1,0.06,0,0,3.58,0.19,3,0.19,0.31,0,0,51,3.26,31.37,5.882,0.06,2.37,43.24,2.68,57.14,7.29,48.25,3.77,2.49,0.26,23.39,3.45,1.6,24.61,75.84,5.63,65.91,5.88,93.48,7.93,70.16,1.66,50,16.93,33,0.12,1.02,0.06,0,0.19,0,0.7,2.37,67.57,2.49,48.72,0.32,20,0.83,0.89,4.28,70.15,0,,0,,0,0,0,0,,,0,,
S. Sedeh,MLS Next Pro,2026,North Texas,North Texas,"RW, LWF, CF",16,204,0,0.54,0,0,United States,2.21,3.97,33.33,0.88,0,0,0,0,0.88,1.07,2.21,0,0,0,0,2.65,0,0,0,0.24,0,0,5,2.21,80,0,0,0.88,0,1.76,50,7.94,27.78,2.21,1.76,0,16.76,1.32,1.32,19.85,75.56,4.41,70,6.18,85.71,5.74,69.23,1.32,33.33,15.54,11.48,0,0,0,0,0,0,0,2.21,80,0.88,50,0,0,0.44,0,1.32,66.67,0,,0,,0,0,0,0,,,0,,
F. Aroyameh,MLS Next Pro,2026,North Texas,North Texas,DMF,20,208,0,0,0,0,Nigeria,7.79,6.06,57.14,0.43,0,0,0,1.73,4.33,5.88,1.3,0,0,0,0,0.87,0,0,0,0,0,0,0,0,0,0,0,0,0,0.87,100,2.6,50,0,0.43,0,34.62,0,0.43,43.7,87.13,10.82,60,3.89,100,21.63,96,3.89,44.44,19.61,40.8,0,0,0,0,0,0,0,4.33,60,0.87,50,0,0,0.43,0,6.49,60,0,,0,,0,0,0,0,,,0,,
M. Joyner,MLS Next Pro,2026,St. Louis City ,St. Louis City II,"RWF, RAMF, LAMF",19,194,4,2.72,0,0.28,United States,6.49,5.57,66.67,1.39,33.33,0.93,1.2,0,1.86,2.4,1.86,2,0.93,1,0.46,4.64,1.86,4,1.86,1.26,0,0,10,4.64,50,40,0,1.86,50,2.78,50,11.13,45.83,5.1,3.25,0.93,25.05,3.25,2.32,26.91,82.76,8.81,78.95,9.74,90.48,4.64,80,1.86,100,16.5,38.12,0.13,0.93,0,0,0,0,0.93,1.86,50,1.39,66.67,0.93,100,0.46,0.46,4.18,77.78,0,,0,,0,0,0,0,,,0,,
A. Alaouieh,MLS Next Pro,2026,Columbus Crew II,Columbus Crew II,"LB, LCMF, LWB",19,218,0,0,0,0,United States,10.32,6.61,68.75,2.89,42.86,0.41,0.57,0.41,5.37,7.36,0.41,1,0.41,0,0,1.65,0,0,0,0,0,0,0,0,0,0,0,0.41,100,2.48,50,8.67,61.9,0,3.3,1.24,24.36,2.06,4.13,33.85,82.93,10.32,60,10.73,88.46,7.02,94.12,0.83,0,17.24,26.15,0,0,0,0,0,0,0,3.3,62.5,0.41,100,0,0,0,0.41,4.95,41.67,0,,0,,0,0,0,0,,,0,,
M. Fry,MLS Next Pro,2026,New England II,New England II,"RAMF, RW, RWF",21,261,1,0.22,0,0.05,United States,4.14,4.14,41.67,1.38,50,0,0,0,2.41,3.13,1.72,2,0.69,0,0,6.55,0.34,1,0.34,0.08,0,0,3,1.03,66.67,33.333,0,2.07,16.67,6.21,88.89,13.1,60.53,4.48,3.1,0,20.34,2.41,0.34,27.24,73.42,6.9,70,6.9,100,7.24,71.43,1.03,66.67,14.17,26.09,0.02,0.34,0,0.34,0,0,0.34,1.03,66.67,3.45,70,0,0,2.76,0.34,3.45,80,0,,0,,0,0,0,0,,,0.34,,
E. Carlock,MLS Next Pro,2026,St. Louis City II,St. Louis City II,"AMF, LWB, CF",18,484,1,0.9,0,0.17,United States,6.32,6.32,55.88,1.67,33.33,0.37,0.5,0,2.42,3.22,1.86,2,0.37,1,0.19,1.67,0.19,1,0.19,0.17,0,0,10,1.86,50,10,0,1.67,22.22,1.67,22.22,5.39,27.59,2.42,0.93,0,19.15,0.93,1.12,22.5,77.69,6.14,72.73,6.51,94.29,5.02,74.07,1.67,88.89,18.02,29.06,0.03,0.74,0.37,0,0,0,0.37,2.6,57.14,2.42,61.54,0.19,0,0.93,0.56,3.9,76.19,0,,0,,0,0,0,0,,,0,,
E. Preston,MLS Next Pro,2026,Ventura County,Ventura County,"LAMF, CF",18,747,2,3.4,3,2.12,United States,3.98,4.22,45.71,1.33,9.09,0,0,0.36,2.05,3,1.08,1,0.12,0,0,4.58,0.24,2,0.24,0.41,0,0,18,2.17,55.56,11.111,0.36,3.49,34.48,3.86,56.25,10.12,53.57,6.63,4.22,0.6,24.22,2.17,2.17,26.27,78.9,2.89,75,10.24,92.94,7.83,73.85,0.24,50,17.11,9.01,0.26,1.69,0.12,0,0,0,2.05,1.08,77.78,2.53,47.62,0,0,1.81,1.08,2.89,79.17,0,,0,,0,0,0,0,,,0,,
M. Tsakiris,MLS Next Pro,2026,Ventura County,Ventura County,"RCMF, LCMF",18,219,0,0.04,0,0.03,United States,3.7,3.29,50,0.82,50,0.41,0.55,0.41,1.64,2.18,0.82,1,0.41,0,0,0,0,0,0,0.02,0,0,2,0.82,0,0,0,0,0,1.23,0,2.88,42.86,0,0.41,0,55.48,0,0.82,64.93,89.87,11.92,75.86,13.97,94.12,28.36,92.75,4.11,40,18.87,43.52,0.01,0.41,0,0,0,0,0.41,6.58,56.25,2.47,16.67,0,0,0,0,5.75,57.14,0,,0,,0,0,0,0,,,1.64,,
D. Vanney,MLS Next Pro,2026,Ventura County,Ventura County,"AMF, LWF, CF",18,1449,7,5.05,3,2.53,United States,4.35,4.78,54.55,0.93,40,0,0,0.06,1.74,2.29,1.68,4,0.25,0,0,2.86,0.43,7,0.43,0.31,1,0.06,50,3.11,42,14,0.19,1.68,29.63,2.67,39.53,6.52,40,2.05,1.61,0.25,29.63,1.68,1.06,34.66,78.14,8.51,62.77,9.69,89.1,10.56,79.41,2.17,40,16.98,31.18,0.16,0.99,0,0.06,0.06,0,0.81,4.1,72.73,2.86,43.48,0.25,0,0.87,0.56,4.84,67.95,0,,0,,0,0,0,0,,,0.06,,
Arnau Vilamitjana,MLS Next Pro,2026,Ventura County,Ventura County,"RCMF, RDMF",24,988,1,1.12,1,0.71,Spain,8.47,6.56,52.78,2.55,71.43,0.27,0.36,0.55,4.74,6.29,2.37,4,0.36,0,0,0.73,0.09,1,0.09,0.1,0,0,13,1.18,23.08,7.692,0.09,0.64,57.14,0.46,20,5.74,26.98,1.09,0.36,0,38.53,0.18,0.64,51.29,89.88,14.12,77.42,10.48,98.26,19.31,94.81,2.55,46.43,17.6,42.81,0.07,0.36,0.18,0.09,0,0,0.36,7.01,75.32,1.28,64.29,0.55,50,0.55,0.36,6.65,73.97,0,,0,,0,0,0,0,,,1.09,,
J. Machuca,MLS Next Pro,2026,Los Angeles II,Los Angeles II,"RWF, RAMF, RW",18,841,2,2.45,2,0.67,United States,6.74,7.17,52.24,1.07,20,0.21,0.3,0,2.78,3.86,1.39,0,0,0,0,4.49,0.21,2,0.21,0.26,0,0,13,1.39,53.85,15.385,0.21,3.42,34.38,3.96,64.86,7.06,45.45,4.17,3.21,0.11,26.22,1.71,0.32,31.57,78.64,2.78,50,13.8,90.7,8.88,73.49,0.96,44.44,15.76,24.56,0.07,1.07,0,0,0,0,0.86,0.86,50,1.82,58.82,0,0,0.75,1.07,3.21,46.67,0,,0,,0,0,0,0,,,0.11,,
G. Zambrano,MLS Next Pro,2026,Los Angeles II,Los Angeles II,"RCMF, AMF",,398,0,0.94,3,0.95,United States,8.37,7.24,59.38,0.9,0,1.36,2.05,0.45,2.71,4.09,2.04,2,0.45,1,0.23,1.58,0,0,0,0.21,0,0,9,2.04,22.22,0,0.68,1.36,50,0.9,50,7.91,40,2.71,0.9,0,26.91,0.45,0.9,35.5,87.26,8.82,74.36,11.08,97.96,10.63,89.36,0.9,75,18.08,18.8,0.22,1.13,0,0,0,0,1.13,4.3,78.95,2.49,36.36,0,0,0.9,0.23,4.52,95,0,,0,,0,0,0,0,,,0.23,,
M.  Evans,MLS Next Pro,2026,Los Angeles FC,Los Angeles II,"LCMF, AMF",20,652,4,1.26,1,0.6,Guatemala,5.11,6.21,44.44,1.24,22.22,0.41,0.57,0,1.93,2.64,1.38,0,0,0,0,3.04,0.55,4,0.55,0.17,0,0,14,1.93,64.29,28.571,0.14,0.83,50,2.35,58.82,8.7,47.62,2.48,1.52,0,26.64,0.41,1.52,33.68,80.33,9.39,60.29,8.7,90.48,11.18,83.95,1.52,45.45,18.13,28.51,0.08,0.69,0,0,0.41,0,0.97,5.11,70.27,2.21,62.5,0.41,0,0.83,0.41,4.97,69.44,0,,0,,0,0,0,0,,,0.69,,
G. Bracken Serra,MLS Next Pro,2026,The Town,The Town,"LDMF, RDMF, DMF",24,649,2,1.6,0,1.88,United States,6.8,6.93,56,2.5,55.56,0,0,0.14,2.91,3.6,0.97,1,0.14,0,0,0.97,0.28,2,0.28,0.22,0,0,12,1.66,33.33,16.667,0,0.69,20,0.55,25,3.61,53.85,1.8,1.25,0,28.84,0.28,2.08,40.22,85.52,13.04,72.34,7.63,96.36,14.42,89.42,2.77,50,16.9,35.76,0.26,1.66,0.14,0,0.14,100,0.42,3.88,78.57,1.94,42.86,0.28,50,1.25,0.28,4.71,61.76,0,,0,,0,0,0,0,,,0.69,,
T. Allen,MLS Next Pro,2026,The Town,The Town,CF,18,739,3,2.48,1,0.54,United States,3.78,1.58,61.54,4.75,46.15,0,0,0.12,2.8,3.21,0.61,1,0.12,0,0,1.58,0.37,3,0.37,0.3,1,0.12,11,1.34,81.82,27.273,0.12,0.24,50,0.49,75,8.65,21.13,3.17,0.61,0,12.3,2.92,1.34,17.05,81.43,2.19,66.67,5.85,87.5,5.48,80,0.37,66.67,14.83,6.55,0.07,0.49,0,0,0,0,0.73,1.71,64.29,0.61,80,0,0,0.85,0.12,0.97,50,0,,0,,0,0,0,0,,,0.12,,
K. Spivey,MLS Next Pro,2026,The Town,The Town,"AMF, CF, LCMF",17,949,2,2.7,2,0.52,United States,5.12,5.41,42.11,1.23,38.46,0,0,0.09,2.85,3.41,1.52,2,0.19,0,0,2.47,0.19,2,0.19,0.26,0,0,25,2.37,28,8,0.19,1.23,46.15,2.09,50,6.26,42.42,2.56,1.8,0.47,20.48,0.85,0.95,24.56,81.08,7.02,67.57,5.12,98.15,7.4,85.9,0.85,55.56,16.95,28.69,0.05,0.76,0.09,0,0.28,66.67,0.57,2.47,76.92,2.18,65.22,0.19,50,0.85,0.47,3.51,72.97,0,,0,,0,0,0,0,,,0.38,,
J. Donnery,MLS Next Pro,2026,The Town,The Town,"LAMF, LW, CF",20,982,4,3.13,2,1.44,Scotland,4.86,2.84,58.06,3.3,47.22,0,0,0.09,3.21,3.89,0.92,0,0,0,0,3.12,0.37,4,0.37,0.29,0,0,27,2.47,33.33,14.815,0.18,3.21,40,1.65,61.11,5.32,36.21,2.84,1.1,0.37,22.27,3.39,0.55,28.5,71.38,6.42,65.71,8.43,83.7,8.8,66.67,2.11,39.13,17.43,33.09,0.13,1.01,0.09,0.09,0,0,0.64,3.12,76.47,3.85,47.62,0,0,1.19,1.19,5.5,71.67,0,,0,,0,0,0,0,,,0.18,,
Z. Bohane,MLS Next Pro,2026,The Town,The Town,"RW, RAMF, RB",22,934,4,2.14,1,1.53,United States,10.02,7.71,51.25,3.37,60,0.29,0.34,0.39,5.78,6.77,1.64,1,0.1,0,0,3.37,0.39,4,0.39,0.21,0,0,15,1.45,40,26.667,0.1,3.57,43.24,2.12,59.09,6.07,46.03,3.66,1.54,0.29,26.69,2.6,1.25,35.56,77.51,9.73,68.32,9.44,95.92,10.7,73.87,2.31,54.17,17.25,33.69,0.15,1.06,0,0,0,0,0.87,2.99,61.29,2.99,64.52,0.1,0,0.87,1.25,5.78,70,0,,0,,0,0,0,0,,,0.48,,
R. Rajagopal,MLS Next Pro,2026,The Town,The Town,"RDMF, RCMF, LCMF",19,1103,0,0.24,0,0.44,United States,5.06,6.28,54.55,1.55,42.11,0.33,0.4,0.16,1.31,1.61,1.55,3,0.24,1,0.08,0.82,0,0,0,0.02,0,0,6,0.49,16.67,0,0,0.82,30,0.98,50,3.67,46.67,0.33,0.65,0.16,34.03,0.24,1.06,41.78,86.91,11.83,71.03,6.36,94.87,18.69,93.45,2.77,55.88,18.44,37.18,0.04,0.24,0,0,0,0,0,5.06,72.58,1.96,33.33,0.08,100,0.33,0.24,4.65,63.16,0,,0,,0,0,0,0,,,0.98,,
E. Mendoza,MLS Next Pro,2026,The Town,The Town,"LDMF, LCMF, DMF",20,665,0,0.97,1,1.52,United States,6.9,5.41,62.5,1.22,44.44,0,0,0,3.52,4,1.22,3,0.41,0,0,0.54,0,0,0,0.13,0,0,4,0.54,100,0,0.14,0.54,0,0.14,0,1.76,61.54,0.41,0.27,0,24.9,0.41,0.81,34.65,87.11,10.96,80.25,6.63,97.96,11.5,84.71,3.92,58.62,18.78,36.27,0.21,1.08,0.14,0,0,0,0.14,4.47,69.7,1.22,33.33,0,0,0.41,0,5.68,78.57,0,,0,,0,0,0,0,,,0.41,,
S. de Flores,MLS Next Pro,2026,The Town,The Town,"RAMF, LW, RW",23,932,1,1.13,1,0.22,United States,5.7,4.15,51.16,0.87,55.56,0,0,0.1,3.57,4.16,0.77,3,0.29,0,0,1.74,0.1,1,0.1,0.11,0,0,14,1.35,21.43,7.143,0.1,1.35,50,2.22,34.78,5.79,43.33,1.74,1.26,0.19,23.27,1.45,1.06,30.03,80.71,7.92,70.73,8.11,92.86,8.5,84.09,1.74,55.56,17.01,30.61,0.02,0.29,0.1,0,0,0,0.19,3.86,60,2.32,54.17,0.29,0,0.97,0.58,5.31,69.09,0,,0,,0,0,0,0,,,0.39,,
A. Bossenberry,MLS Next Pro,2026,Toronto II,Toronto II,"CF, AMF",17,766,1,1.51,1,0.66,Canada,4.23,3.88,60.61,1.06,11.11,0,0,0,1.88,2.36,1.29,2,0.23,0,0,2.35,0.12,1,0.12,0.18,0,0,10,1.17,30,10,0.12,1.17,30,2.58,59.09,10.46,46.07,2.23,2.58,0,26.79,0.7,1.29,35.13,84.62,7.28,74.19,11.63,96.97,8.69,79.73,0.59,80,14.99,12.73,0.08,0.82,0.12,0.12,0.35,33.33,0.7,4.23,80.56,1.64,50,0.23,0,0.82,0.35,4.46,76.32,0,,0,,0,0,0,0,,,0.23,,
N. Koloniaris,MLS Next Pro,2026,Connecticut FC,Connecticut FC,"RCMF, LCMF",,319,0,0,0,0.11,United States,5.92,7.05,48,2.26,50,0,0,0,2.54,3.1,3.1,1,0.28,0,0,0.56,0,0,0,0,0,0,0,0,0,0,0,0,0,0.56,100,3.1,100,0.28,0.56,0,14.39,0,2.54,24.26,77.91,11.57,63.41,3.39,91.67,6.49,86.96,2.82,40,16.29,25.82,0.03,0.56,0,0.56,0,0,0.85,5.36,57.89,1.97,28.57,0,0,0.56,0,3.1,81.82,0,,0,,0,0,0,0,,,0.56,,
J. Medranda,MLS Next Pro,2026,Connecticut FC,Connecticut FC,"LB, LW",,415,0,0.2,1,0.45,United States,6.51,9.11,54.76,1.08,60,0,0,0,1.52,2.12,1.3,1,0.22,0,0,3.25,0,0,0,0.04,0,0,4,0.87,50,0,0.22,3.47,43.75,3.25,40,9.54,38.64,1.08,1.52,0.22,24.94,0.87,1.73,31.23,67.36,14.96,57.97,6.07,85.71,6.51,70,4.55,47.62,24.02,24.37,0.1,0.87,0,0,0,0,1.08,6.29,55.17,3.04,50,0.22,0,0.43,1.3,7.37,79.41,0,,0,,0,0,0,0,,,0,,
E. Gómez,MLS Next Pro,2026,Connecticut FC,Connecticut FC,"LCMF, RCMF, LDMF",18,858,0,0.31,0,1.04,Panama,3.99,5.56,47.17,0.84,50,0.1,0.12,0.1,1.26,1.49,1.68,3,0.31,0,0,1.15,0,0,0,0.03,0,0,7,0.73,28.57,0,0,1.05,40,1.15,45.45,6.08,50,0.21,0.1,0.1,24.86,0.52,1.78,34.3,84.71,9.86,71.28,6.5,96.77,12.59,90,1.99,52.63,17.02,24.9,0.11,0.84,0,0,0.1,0,0.31,5.87,69.64,1.78,47.06,0.21,50,0.52,0.42,5.87,85.71,0,,0,,0,0,0,0,,,0.21,,
L. Goddard,MLS Next Pro,2026,Connecticut FC,Connecticut FC,CF,23,829,2,6.53,1,0.61,England,4.34,3.37,58.06,8.47,37.18,0,0,0.22,2.39,3.38,0.98,1,0.11,0,0,2.39,0.22,2,0.22,0.71,0,0,27,2.93,37.04,7.407,0.11,0.76,28.57,1.74,50,9.34,39.53,4.56,0.76,0.11,10.75,2.39,0.43,15.85,73.29,5.86,68.52,4.34,92.5,2.82,76.92,0.65,50,15.89,7.12,0.07,0.33,0,0,0.22,100,0.54,2.39,72.73,1.41,46.15,0.33,66.67,1.3,0.22,2.28,76.19,0,,0,,0,0,0,0,,,0,,
D. D'Ippolito,MLS Next Pro,2026,Connecticut FC,Connecticut FC,"CF, LW, LAMF",,639,3,4.78,3,1,United States,3.38,4.08,62.07,3.1,22.73,0,0,0,0.85,0.97,0.7,2,0.28,0,0,2.96,0.42,3,0.42,0.67,0,0,20,2.82,50,15,0.42,1.83,30.77,0.99,100,4.08,55.17,4.37,1.27,0.28,15.63,1.41,0.56,19.3,69.34,5.49,43.59,4.23,96.67,5.49,76.92,1.27,22.22,19.41,19.63,0.14,1.13,0.14,0.14,0,0,1.13,3.52,36,3.1,31.82,0.28,0,1.13,0.56,2.54,83.33,0,,0,,0,0,0,0,,,0,,
D. Lacy,MLS Next Pro,2026,Connecticut FC,Connecticut FC,"LW, RW, LCMF",21,808,2,1.91,1,4.88,Australia,7.57,6.91,59.68,0.89,25,0,0,0.11,3.45,3.88,1.78,3,0.33,0,0,2.12,0.22,2,0.22,0.21,0,0,15,1.67,53.33,13.333,0.11,0.78,57.14,1,77.78,4.12,59.46,1.67,0.89,0.33,25.95,0.56,1.34,34.75,78.85,13.14,68.64,6.46,89.66,10.25,82.61,2.23,55,17.75,35.28,0.54,2.67,0.22,0,0.45,0,0.45,6.24,67.86,3.23,44.83,0.45,25,1.34,0.45,6.91,75.81,0,,0,,0,0,0,0,,,0,,
H. Kouonang,MLS Next Pro,2026,Connecticut FC,Connecticut FC,"RB, CF",23,290,0,0.65,0,0.24,United States,6.52,4.34,71.43,1.86,50,0.31,0.48,0,3.1,4.84,0.62,0,0,0,0,0.93,0,0,0,0.2,0,0,7,2.17,42.86,0,0,4.03,0,0.31,0,3.41,27.27,4.03,0.62,0,23.59,4.34,0.62,27.31,64.77,6.83,36.36,8.38,100,6.21,45,2.17,0,16.24,9.02,0.07,0.62,0.31,0,0,0,0,3.72,25,3.1,10,0,0,0.62,0,2.48,62.5,0,,0,,0,0,0,0,,,0.93,,
T. Miklós Barnabás,MLS Next Pro,2026,Connecticut FC,Connecticut FC,"CF, LW",23,1052,7,6.48,1,1.74,Hungary,2.99,2.74,50,2.31,40.74,0,0,0.09,1.63,1.8,0.86,1,0.09,0,0,3.08,0.6,7,0.6,0.55,0,0,35,2.99,51.43,20,0.09,1.37,25,1.54,66.67,5.13,41.67,5.05,1.03,0.43,14.03,2.05,0.68,18.14,75.47,3.85,68.89,5.56,93.85,4.53,54.72,0.51,50,13.58,16.52,0.15,0.94,0,0,0.26,66.67,0.94,1.54,77.78,1.2,50,0.26,66.67,0.94,0.51,2.14,80,0,,0,,0,0,0,0,,,0,,
A. Peter,MLS Next Pro,2026,Vancouver Whitecaps II,Vancouver Whitecaps II,"LDMF, LCMF, RB",19,223,0,0.08,0,0,Canada,7.26,6.86,88.24,2.42,50,0,0,0,1.21,1.41,0.81,0,0,0,0,1.21,0,0,0,0.03,0,0,2,0.81,50,0,0,0.4,0,1.21,66.67,5.25,46.15,0.4,0.81,0,17.35,0.4,0.4,26.23,90.77,5.25,76.92,5.25,100,14.13,94.29,1.61,50,19.84,19.72,0,0,0.4,0,0,0,0,0.4,100,0.81,50,0,0,0.4,0,2.83,57.14,0,,0,,0,0,0,0,,,0.4,,
Y. Kikuchi,MLS Next Pro,2026,The Town,The Town,"RAMF, RW, LW",18,168,0,0.25,0,0.25,United States,9.64,8.57,43.75,4.82,33.33,0,0,0.54,5.89,7.17,2.68,0,0,0,0,4.82,0,0,0,0.14,0,0,3,1.61,0,0,0,3.21,16.67,6.43,66.67,14.46,55.56,4.82,4.82,0.54,22.5,3.21,0,36.43,63.24,9.11,41.18,9.64,100,9.11,52.94,3.75,14.29,20.48,25.6,0.14,1.07,0,0,0.54,0,0,5.36,40,3.75,28.57,0.54,0,2.14,0.54,4.82,66.67,0,,0,,0,0,0,0,,,0.54,,
O. Taylor,MLS Next Pro,2026,Columbus Crew U17,Columbus Crew II,"RWF, AMF, RW",17,309,1,0.72,1,1.11,Liberia,6.41,5.53,63.16,1.17,50,0,0,0,2.91,4.05,0.58,0,0,0,0,3.5,0.29,1,0.29,0.21,0,0,7,2.04,57.14,14.286,0.29,0.58,50,3.79,53.85,10.78,48.65,4.37,2.33,0.58,20.68,2.04,1.75,25.34,75.86,4.95,70.59,7.28,92,4.95,70.59,0.87,33.33,13.02,6.53,0.32,1.46,0,0,0,0,0.87,1.17,50,1.75,66.67,0,0,2.04,0,3.2,63.64,0,,0,,0,0,0,0,,,0,,
Z. Lloyd,MLS Next Pro,2026,Columbus Crew II,Columbus Crew II,"LCB, LWB",17,274,0,0.35,0,0,United States,6.9,5.26,56.25,3.28,60,0,0,0,3.94,6.1,1.31,1,0.33,0,0,0.66,0,0,0,0.12,0,0,2,0.66,0,0,0,0.33,0,1.31,50,3.28,30,1.64,0.66,0,25.95,2.3,0,35.15,78.5,13.47,73.17,5.58,88.24,8.87,77.78,2.63,37.5,18.02,25.86,0,0,0,0,0,0,0,6.24,73.68,0.33,0,0,0,0,0,6.9,52.38,0,,0,,0,0,0,0,,,0.33,,
K. Gbamblé,MLS Next Pro,2026,Columbus Crew II,Columbus Crew II,"RW, RWF, AMF",19,1422,8,9.89,7,2.95,Côte d'Ivoire,3.8,3.23,45.1,3.73,38.98,0.06,0.09,0.06,2.28,3.17,0.63,1,0.06,0,0,4.49,0.51,8,0.51,0.63,1,0.06,57,3.61,45.61,14.035,0.44,2.15,29.41,3.29,65.38,9.11,44.44,5.76,2.66,0.25,21.2,2.97,1.71,22.47,72.68,4.24,62.69,5.7,86.67,6.84,71.3,0.57,66.67,16.14,17.95,0.19,1.14,0,0,0.06,100,0.95,1.9,70,1.58,36,0.06,100,1.14,0.63,3.54,58.93,0,,0,,0,0,0,0,,,0.06,,
A. Gimple,MLS Next Pro,2026,Columbus Crew II,Columbus Crew II,"LB, LWB",17,407,0,0.1,1,1.33,United States,8.18,7.3,51.52,1.55,42.86,0,0,0.22,4.42,5.83,1.11,0,0,0,0,3.32,0,0,0,0.02,0,0,1,0.22,0,0,0.22,0.88,50,4.86,59.09,7.96,52.78,1.55,2.43,0.66,24.99,1.77,1.33,33.17,77.33,15.26,72.46,4.64,90.48,6.19,78.57,2.21,40,15.75,22.75,0.29,1.55,0.22,0,0,0,0.88,5.97,81.48,2.43,63.64,0,0,1.33,0.44,9.73,65.91,0,,0,,0,0,0,0,,,0,,
M. Sullivan,MLS Next Pro,2026,Cincinnati II,Cincinnati II,"RCMF, RCB, DMF",23,1137,1,1.49,1,0.48,United States,9.66,4.91,45.16,3.32,66.67,0.4,0.45,0.95,7.04,8.04,0.87,3,0.24,0,0,0.63,0.08,1,0.08,0.12,0,0,8,0.63,37.5,12.5,0.08,0.4,40,0.4,60,1.82,47.83,0.79,0.4,0,18.68,0.08,0.47,33.4,74.88,13.61,53.49,5.07,96.88,11,89.21,4.35,29.09,19.05,38.96,0.04,0.4,0,0,0,0,0.16,5.22,40.91,0.71,22.22,0.08,100,0.16,0.16,4.99,49.21,0,,0,,0,0,0,0,,,1.5,,
C. Mesner Adams,MLS Next Pro,2026,Columbus Crew,Columbus Crew II,CF,18,1125,7,4.8,0,0.92,United States,3.92,2.8,54.29,4.48,42.86,0,0,0.16,2.4,3.33,0.96,4,0.32,0,0,2.72,0.56,7,0.56,0.38,1,0.08,36,2.88,47.22,19.444,0,0.96,16.67,3.04,39.47,9.92,29.84,3.44,1.36,0,19.2,1.92,1.04,23.44,77.47,4.8,61.67,8.24,93.2,5.52,75.36,1.52,73.68,16.34,33.15,0.07,0.88,0,0.08,0.08,0,0.8,1.84,69.57,1.84,56.52,0.16,0,0.96,0.16,2.72,73.53,0,,0,,0,0,0,0,,,0.32,,
A. Chávez,MLS Next Pro,2026,Cincinnati,Cincinnati II,"AMF, CF, RWF",17,777,0,0.58,2,0.82,Mexico,1.39,2.66,17.39,0.46,0,0,0,0,0.93,1.07,0.69,2,0.23,0,0,2.55,0,0,0,0.07,0,0,12,1.39,25,0,0.23,1.16,30,4.17,44.44,7.88,30.88,1.74,1.51,0.35,15.98,0.93,0.35,20.04,76.88,6.14,67.92,6.25,94.44,4.4,76.32,1.04,55.56,16.64,22.03,0.09,0.69,0.12,0.12,0.35,0,0.35,2.2,52.63,1.51,23.08,0.23,0,0.35,0.23,2.2,68.42,0,,0,,0,0,0,0,,,0,,
T. Brown,MLS Next Pro,2026,Columbus Crew II,Columbus Crew II,"LWB, LB",18,949,0,0.87,2,1.86,United States,5.88,5.41,42.11,1.33,78.57,0.09,0.14,0.09,3.51,5.02,1.14,2,0.19,0,0,2.56,0,0,0,0.08,0,0,7,0.66,28.57,0,0.19,2.75,44.83,1.99,57.14,4.74,36,2.18,2.18,0.28,33.86,3.6,0.57,40.21,80.66,9.29,62.24,10.81,96.49,11.57,79.51,2.47,34.62,16.94,34.62,0.18,0.95,0,0.09,0,0,0.85,3.79,50,2.94,51.61,0.19,50,0.38,1.33,6.83,66.67,0,,0,,0,0,0,0,,,0.47,,
B. Adu-Gyamfi,MLS Next Pro,2026,Columbus Crew II,Columbus Crew II,"RWB, RB",20,1240,1,1.11,4,3.62,United States,6.53,6.17,43.53,2.25,35.48,0.22,0.31,0.22,3.63,5.24,1.38,1,0.07,0,0,2.32,0.07,1,0.07,0.08,0,0,15,1.09,26.67,6.667,0.29,2.47,44.12,1.74,54.17,4.57,46.03,2.25,1.02,0.29,30.63,2.83,0.36,38.98,78.03,12.63,66.09,9.36,96.12,10.6,78.77,3.63,52,18.65,38.37,0.26,1.31,0,0,0,0,1.16,4.14,71.93,2.25,45.16,0.15,0,1.02,1.02,8.93,69.11,0,,0,,0,0,0,0,,,0.58,,
Z. Zengue,MLS Next Pro,2026,Columbus Crew,Columbus Crew II,"CF, LW, LWF",22,1262,10,8.88,2,2.63,United States,4.35,5.63,53.16,3.07,48.84,0.14,0.21,0,1.21,1.77,1.78,0,0,0,0,3.28,0.71,10,0.71,0.63,0,0,39,2.78,51.28,25.641,0.14,0.93,38.46,2.42,61.76,8.91,48.8,4.56,1.78,0.14,20.32,2.64,2.28,22.25,74.36,6.7,65.96,4.21,91.53,5.56,78.21,1.43,35,14.59,23.08,0.19,1.43,0.07,0.14,0.07,0,0.86,2.57,72.22,1.85,65.38,0.07,0,1.35,0.36,3,73.81,0,,0,,0,0,0,0,,,0.07,,
N. Rincon,MLS Next Pro,2026,Columbus Crew II,Columbus Crew II,"RCMF, LCMF",20,1202,0,0.48,3,1.58,Colombia,6.66,5.17,63.77,1.65,22.73,0.22,0.31,0.22,3.14,4.32,0.67,2,0.15,0,0,0.6,0,0,0,0.04,0,0,5,0.37,40,0,0.22,0.45,33.33,1.05,28.57,3.74,36,0.37,0.67,0.22,28.6,0,0.9,42.23,85.82,11.91,69.18,8.84,96.61,14.38,90.63,3.37,53.33,18.04,36.67,0.12,0.75,0.15,0,0.15,0,0.52,5.24,70,1.12,20,0.37,0,0.52,0.22,5.69,67.11,0,,0,,0,0,0,0,,,1.35,,
J. Chirinos,MLS Next Pro,2026,Columbus Crew II,Columbus Crew II,"LCMF, LWF, LW",21,1368,2,2.53,1,1.84,United States,7.57,6.38,67.01,0.99,53.33,0.26,0.37,0.07,3.03,4.22,0.53,2,0.13,0,0,1.32,0.13,1,0.07,0.17,0,0,21,1.38,33.33,9.524,0.07,0.79,41.67,0.92,50,4.41,37.31,1.18,0.72,0,35,0.86,1.05,43.68,84.79,12.37,71.81,11.25,95.91,12.3,87.7,3.29,68,16.58,35.71,0.12,0.79,0.07,0.07,0.26,25,0.53,5.39,75.61,1.91,65.52,0.33,40,0.99,0.2,6.58,77,0,,0,,0,0,0,0,,,0.92,,
T. Karumanchi,MLS Next Pro,2026,Columbus Crew II,Columbus Crew II,"RCMF, LCMF",23,506,0,0.6,1,0.14,United States,10.49,9.07,56.86,1.6,11.11,0.18,0.3,0.89,5.16,8.7,1.96,1,0.18,0,0,1.07,0,0,0,0.11,0,0,1,0.18,100,0,0.18,1.07,16.67,1.25,42.86,4.45,48,1.25,0.53,0,35.93,0.18,0.71,47.13,89.06,10.67,75,10.85,96.72,17.79,93,1.96,54.55,16.78,33.43,0.02,0.71,0,0,0.18,100,0.53,4.8,74.07,1.6,55.56,0.18,100,0.89,0.18,3.91,72.73,0,,0,,0,0,0,0,,,0.53,,
A. Czech,MLS Next Pro,2026,Carolina Core,Carolina Core,"RWB, LWB",23,362,1,0.97,0,0.14,United States,7.21,7.96,62.5,1.74,57.14,0,0,0.25,2.24,3.42,0.99,1,0.25,0,0,1.74,0.25,1,0.25,0.24,1,0.25,6,1.49,50,16.667,0,2.49,0,1.49,66.67,3.73,60,3.23,0.5,0.25,22.13,0.99,1.49,29.83,69.17,10.44,59.52,6.22,100,6.71,51.85,3.48,28.57,19.43,40.08,0.04,0.25,0,0,0,0,0.25,2.49,50,2.98,16.67,0,0,0.75,0,5.47,63.64,0,,0,,0,0,0,0,,,0.25,,
S. Hammond,MLS Next Pro,2026,Carolina Core,Carolina Core,LWB,23,263,0,0,0,0.39,United States,7.53,8.9,57.69,1.03,100,0,0,0,2.4,3.82,0.68,0,0,0,0,2.74,0,0,0,0,0,0,1,0.34,100,0,0,3.76,27.27,1.71,80,4.79,57.14,1.03,1.03,0,24.64,1.37,1.37,32.17,70.21,12.32,58.33,5.13,100,8.56,72,1.71,60,17.82,30.37,0.13,0.68,0,0,0,0,0.68,3.08,66.67,3.08,33.33,0,0,0.34,1.37,7.19,66.67,0,,0,,0,0,0,0,,,0,,
Tony Pineda,MLS Next Pro,2026,Carolina Core,Carolina Core,"CF, LAMF, LW",26,642,2,1.51,1,1.16,United States,4.07,5.19,32.43,1.96,21.43,0,0,0.28,2.38,3,0.84,1,0.14,0,0,1.82,0.28,2,0.28,0.21,0,0,7,0.98,71.43,28.571,0.14,0.84,16.67,2.52,38.89,7.15,29.41,2.66,1.26,0.14,12.34,1.12,0.98,15.42,74.55,3.5,64,3.08,100,3.93,64.29,0.7,60,16.47,21.86,0.16,0.7,0,0,0.14,0,0.56,1.68,66.67,1.96,50,0.28,50,1.12,0.42,2.1,73.33,0,,0,,0,0,0,0,,,0,,
R. Baer,MLS Next Pro,2026,Carolina Core,Carolina Core,"LCMF, RCMF, DMF",24,284,0,0,0,0,United States,6.97,6.34,60,3.17,60,0.63,1.11,0,2.54,4.44,2.22,1,0.32,0,0,0.32,0,0,0,0,0,0,0,0,0,0,0,0.63,50,0.32,0,1.9,66.67,0.32,0.32,0,34.54,0,0.95,51.02,81.99,14.89,65.96,6.97,95.45,20.6,87.69,2.85,33.33,18.2,41.15,0,0,0,0,0,0,0,7.61,70.83,2.54,62.5,0,0,0.63,0.32,6.34,65,0,,0,,0,0,0,0,,,0.95,,
J. Convers,MLS Next Pro,2026,Inter Miami II,Inter Miami II,"RCMF, LCMF",20,983,0,0.2,0,0.24,United States,6.13,7.87,50,1.56,23.53,0.37,0.54,0.18,1.83,2.68,2.38,4,0.37,0,0,0.64,0,0,0,0.02,0,0,9,0.82,33.33,0,0,0.18,0,0.82,44.44,4.12,35.56,0.37,0.73,0.09,28.93,0.55,1.01,37.9,85.99,9.52,72.12,8.51,94.62,13.73,90,3.48,57.89,17.67,38.91,0.02,0.37,0.09,0,0,0,0.09,5.68,69.35,1.01,27.27,0.27,0,0.37,0.09,4.58,62,0,,0,,0,0,0,0,,,0.82,,
M. Arana,MLS Next Pro,2026,Houston Dynamo,Houston Dynamo II,"AMF, LCMF, RCMF",15,824,2,0.46,1,0.5,Mexico,6.23,6.33,55.17,0.44,25,0.33,0.4,0,2.4,2.92,0.98,3,0.33,0,0,1.09,0.22,2,0.22,0.05,0,0,5,0.55,40,40,0.11,0.33,33.33,1.86,41.18,8.96,32.93,0.87,2.51,0.33,37.79,0.76,1.31,44.56,89.95,10.05,72.83,10.7,97.96,15.29,93.57,2.29,52.38,16.16,33.06,0.05,0.87,0.11,0,0,0,0.55,6.01,76.36,1.2,54.55,0.11,100,0.98,0.11,5.02,76.09,0,,0,,0,0,0,0,,,0.33,,
M. Gardner,MLS Next Pro,2026,Houston Dynamo II,Houston Dynamo II,"RWB, RB, LAMF",17,364,0,0.08,1,0.14,United States,5.44,6.68,51.85,1.48,16.67,0.25,0.33,0,1.73,2.28,1.73,2,0.49,1,0.25,1.98,0,0,0,0.02,0,0,2,0.49,0,0,0.25,3.96,12.5,1.98,75,4.7,68.42,1.24,1.98,0.25,19.78,3.46,1.48,22.25,62.22,7.17,51.72,5.44,90.91,6.43,46.15,1.24,20,17.98,25.87,0.03,0.25,0,0,0,0,0.25,2.97,66.67,4.45,22.22,0,0,0.25,0.74,3.96,68.75,0,,0,,0,0,0,0,,,0.25,,
M. Dimareli,MLS Next Pro,2026,Houston Dynamo II,Houston Dynamo II,"LWB, RWB, LAMF",17,1014,3,2.01,0,2.22,United States,4.7,4.88,45.45,0.8,22.22,0.18,0.21,0.09,2.31,2.79,0.8,2,0.18,0,0,4.17,0.27,3,0.27,0.18,0,0,23,2.04,43.48,13.043,0,3.55,30,3.99,55.56,9.59,44.44,3.37,2.31,0.62,22.46,1.86,1.42,27.87,77.39,5.5,66.13,8.61,95.88,7.81,70.45,1.6,61.11,16.24,41.65,0.2,1.51,0,0,0.09,0,0.98,1.51,70.59,3.28,32.43,0.09,0,0.62,0.98,3.46,69.23,0,,0,,0,0,0,0,,,0,,
G. Guerra,MLS Next Pro,2026,Portland Timbers,Portland Timbers II,CF,23,235,1,2.82,1,0.76,United States,3.45,3.45,77.78,0.77,100,0,0,0,0.77,1.03,0.77,0,0,0,0,2.3,0.38,1,0.38,1.08,0,0,8,3.06,50,12.5,0.38,0.38,0,2.3,33.33,7.28,36.84,3.83,0.77,0,13.02,1.91,2.3,17.62,86.96,3.06,75,6.51,94.12,5.36,78.57,0.77,100,14.62,30,0.29,1.91,0,0,0,0,1.53,3.06,100,0.77,100,0,0,1.15,0,2.68,100,0,,0,,0,0,0,0,,,0,,
D. Gonzalez,MLS Next Pro,2026,Portland Hearts of Pine,Houston Dynamo II,"AMF, LDMF, LCMF",23,512,1,0.8,4,1.36,United States,5.27,4.92,50,0.53,0,0.35,0.47,0.18,2.46,3.28,1.41,1,0.18,0,0,2.11,0.18,1,0.18,0.14,0,0,10,1.76,40,10,0.7,2.99,17.65,1.05,66.67,3.16,66.67,1.05,1.76,0.35,32.17,1.58,1.05,39.2,83.41,10.72,80.33,5.63,93.75,13.89,83.54,2.29,84.62,16.36,26.89,0.24,1.93,0,0,0.35,50,0.88,4.57,84.62,3.16,44.44,0.53,66.67,0.7,0.53,5.8,75.76,0,,0,,0,0,0,0,,,0.35,,
Sean Baitinger,MLS Next Pro,2026,New York RB II,New York RB II,"RWF, LW, RW",17,236,2,1.07,2,1.43,United States,5.72,5.34,64.29,1.53,75,0,0,0,2.29,4.09,1.53,0,0,0,0,4.96,0.76,2,0.76,0.41,0,0,5,1.91,60,40,0.76,3.43,44.44,3.43,55.56,4.96,53.85,5.34,2.67,0.76,33.56,1.53,0,38.14,83,10.3,70.37,9.53,100,11.82,80.65,1.53,50,15.04,23.51,0.54,2.29,0.38,0,0.38,100,2.67,2.67,71.43,3.05,37.5,0.38,100,2.67,1.53,4.58,83.33,0,,0,,0,0,0,0,,,0,,
S. Kone,MLS Next Pro,2026,New York RB II,New York RB II,"DMF, RCMF",,369,0,0.8,0,0.06,Mali,10.24,9.27,52.63,1.22,20,0.24,0.34,0.24,5.12,7.16,2.44,2,0.49,0,0,0.98,0,0,0,0.19,0,0,4,0.98,50,0,0,0,0,0.98,50,4.15,52.94,0.73,0.24,0,37.32,0,0.73,50.24,87.38,12.68,84.62,8.54,91.43,18.05,87.84,1.22,80,15.48,21.12,0.01,0.24,0,0.24,0,0,0,6.83,85.71,1.22,60,0,0,0.73,0,4.88,60,0,,0,,0,0,0,0,,,1.46,,
D. Cadigan,MLS Next Pro,2026,New York RB II,New York RB II,DMF,17,1373,0,1.1,0,0.18,United States,7.93,6.55,62,1.11,35.29,0.07,0.1,0.13,3.8,5.59,1.38,1,0.07,0,0,0.72,0,0,0,0.07,0,0,7,0.46,14.29,0,0,0.33,20,0.92,57.14,3.54,46.3,0.39,0.98,0.07,45.95,0.26,0.52,64.57,88.22,20.78,76.97,7.67,91.45,28.71,95.43,2.88,52.27,17.91,39.55,0.01,0.26,0.07,0,0.13,50,0.26,10.82,76.36,1.18,27.78,0.33,20,0.52,0.13,10.23,78.85,0,,0,,0,0,0,0,,,1.38,,
B. Rodriguez,MLS Next Pro,2026,New York RB II,New York RB II,"RW, RWF, AMF",18,743,4,1.98,0,1.86,United States,7.75,6.54,57.41,2.18,22.22,0.24,0.38,0,3.76,5.92,2.06,2,0.24,0,0,3.63,0.48,4,0.48,0.24,0,0,12,1.45,58.33,33.333,0,2.18,27.78,4.6,44.74,13.93,45.22,4.24,2.42,0,24.47,1.7,3.39,27.62,75.88,6.3,78.85,6.06,94,7.99,72.73,0.73,16.67,16.07,14.32,0.23,1.09,0.24,0.12,0.12,100,1.21,2.18,66.67,2.42,45,0.12,100,1.82,0.61,2.18,83.33,0,,0,,0,0,0,0,,,0,,
M. Wells,MLS Next Pro,2026,New England II,New England II,"RWF, LW, LAMF",17,510,1,0.87,0,0.05,United States,4.06,4.76,40.74,0.88,60,0,0,0,2.12,2.88,1.76,0,0,0,0,3.18,0.18,1,0.18,0.15,0,0,6,1.06,33.33,16.667,0,1.76,30,4.06,52.17,10.76,47.54,2.82,3.53,0.18,17.12,2.65,2.29,17.47,76.77,3.71,71.43,6,94.12,3.53,70,0.53,66.67,16.68,14.36,0.01,0.18,0,0.18,0.35,50,0.53,1.59,55.56,1.59,44.44,0.35,50,0.71,0.53,2.47,64.29,0,,0,,0,0,0,0,,,0,,
N. Dennis,MLS Next Pro,2026,New York RB II,New York RB II,"LWF, LW",18,1007,5,4.97,4,2.01,United States,4.74,4.02,53.33,0.89,20,0.09,0.14,0.09,2.5,4,1.97,2,0.18,0,0,4.65,0.45,5,0.45,0.44,0,0,37,3.31,29.73,13.514,0.36,2.32,53.85,4.56,52.94,8.49,48.42,4.74,1.79,0.18,30.48,1.52,1.07,32.53,73.08,8.31,54.84,6.17,92.75,10.81,74.38,1.88,52.38,14.65,26.88,0.18,1.07,0.18,0,0.18,0,0.98,2.68,50,3.66,56.1,0.36,0,1.88,0.89,5.27,72.88,0,,0,,0,0,0,0,,,0.09,,
C. Gallagher,MLS Next Pro,2026,New York RB II,New York RB II,CF,18,323,3,3.96,1,0.13,United States,2.79,4.18,40,3.07,18.18,0.28,0.5,0,0.84,1.5,1.67,0,0,0,0,3.62,0.84,2,0.56,1.1,0,0,15,4.18,53.33,20,0.28,0.56,0,3.07,45.45,12.54,31.11,5.29,1.39,0,12.82,0.84,1.95,17,67.21,3.62,53.85,5.29,84.21,3.34,58.33,0.28,0,11.4,4.09,0.04,0.28,0.28,0,0,0,0.28,1.11,50,1.67,66.67,0,0,1.11,0,1.67,83.33,0,,0,,0,0,0,0,,,0,,
M. Jimenez,MLS Next Pro,2026,New York RB II,New York RB II,CF,19,982,3,4.46,4,1.39,Panama,4.03,4.22,34.78,4.4,29.17,0,0,0.18,2.57,3.87,2.02,1,0.09,0,0,1.65,0.27,3,0.27,0.41,0,0,23,2.11,43.48,13.043,0.37,0.82,55.56,0.92,30,7.97,22.99,4.67,0.46,0.18,15.67,1.37,1.37,21.35,79.4,2.66,62.07,6.97,85.53,6.32,85.51,0.46,80,12.95,11.03,0.13,1.19,0.09,0,0,0,1.01,0.82,77.78,1.1,50,0,0,1.19,0.46,1.47,68.75,0,,0,,0,0,0,0,,,0.09,,
P. Sokoloff,MLS Next Pro,2026,New York RB II,New York RB II,"LCMF, AMF, RCMF",16,494,3,1.5,0,0.38,United States,5.28,5.1,46.43,2.37,46.15,0,0,0.18,2.91,4.49,1.46,1,0.18,0,0,1.64,0.55,3,0.55,0.27,0,0,10,1.82,40,30,0,0.91,20,2,27.27,6.56,27.78,3.64,1.09,0,29.88,0.55,0.55,40.81,80.36,10.93,70,7.29,97.5,12.57,85.51,2,45.45,15.39,17.35,0.07,0.91,0,0.36,0.36,50,1.09,4.74,73.08,3.83,57.14,0.55,33.33,1.82,0.18,4.19,78.26,0,,0,,0,0,0,0,,,0.36,,
N. Worth,MLS Next Pro,2026,New York RB II,New York RB II,"RCMF, LCMF",19,1505,2,2.36,1,3,United States,4.66,4.84,53.09,1.2,65,0.18,0.27,0,1.91,2.88,1.61,2,0.12,0,0,1.44,0.12,2,0.12,0.14,0,0,32,1.91,28.13,6.25,0.06,1.2,20,1.02,47.06,6.64,45.95,1.91,0.78,0.06,35.4,0.24,2.39,43.71,80.98,13.22,69.23,8.79,93.88,12.74,84.04,2.51,42.86,15.69,30.84,0.18,1.61,0.12,0.06,0.3,60,0.6,6.4,70.09,2.99,46,0.66,54.55,1.67,0.24,6.04,76.24,0,,0,,0,0,0,0,,,0.3,,
A. Jarvis,MLS Next Pro,2026,Huntsville City,Huntsville City,"RCMF, DMF, LDMF",19,526,0,0.38,1,0.38,Antigua and Barbuda,5.65,4.62,55.56,0.86,20,0.17,0.21,0.68,2.91,3.52,0.86,0,0,0,0,1.03,0,0,0,0.06,0,0,4,0.68,0,0,0.17,0.34,50,1.71,50,6.84,37.5,2.22,1.2,0,35.08,0,1.2,46.03,89.22,13.35,78.21,5.99,97.14,19.16,94.64,3.25,73.68,16.27,26.98,0.07,0.86,0,0,0,0,0.51,6.84,80,1.54,44.44,0.34,0,1.2,0.17,5.99,77.14,0,,0,,0,0,0,0,,,0.34,,
V. Hlyut,MLS Next Pro,2026,Chicago Fire II,Chicago Fire II,"LAMF, RW, LW",18,668,2,2.06,1,0.16,United States,4.85,6.6,48.98,2.43,27.78,0.13,0.16,0,1.48,1.76,1.62,1,0.13,0,0,3.77,0.27,2,0.27,0.28,0,0,17,2.29,35.29,11.765,0.13,1.08,37.5,4.99,51.35,11.32,41.67,3.37,2.43,0.4,24.79,1.21,1.75,31.66,78.72,7.95,57.63,10.1,89.33,7.28,79.63,1.62,50,15.98,31.89,0.02,0.54,0,0.27,0,0,0.4,3.37,64,1.75,30.77,0.27,50,0.81,0.27,3.23,79.17,0,,0,,0,0,0,0,,,0,,
S. Basabe,MLS Next Pro,2026,Inter Miami II,Inter Miami II,"LB, LWB",20,597,0,0,0,0.1,United States,9.2,7.84,63.46,1.21,62.5,0.45,0.65,0.3,3.77,5.4,1.06,2,0.3,0,0,1.51,0,0,0,0,0,0,0,0,0,0,0,1.36,33.33,2.11,50,4.97,36.36,0.15,1.06,0.15,36.48,3.32,0.75,46.13,79.41,18.24,68.6,9.05,93.33,11.76,82.05,3.92,42.31,16.17,33.43,0.02,0.15,0,0,0,0,0.15,5.13,55.88,0.75,40,0.15,100,0,0.45,8.44,58.93,0,,0,,0,0,0,0,,,0.15,,
C. Nagle,MLS Next Pro,2026,Chicago Fire II,Chicago Fire II,"LB, LCB, RDMF",17,1277,0,0.26,0,0.21,United States,8.6,7.68,61.47,1.69,41.67,0.07,0.09,0.21,3.81,4.6,0.7,0,0,0,0,1.13,0,0,0,0.02,0,0,2,0.14,0,0,0,0.42,33.33,1.62,56.52,5.36,53.95,0.92,1.9,0.56,31.93,0.49,1.69,43.06,86.09,14.52,73.79,5.64,95,16.28,92.64,1.83,34.62,16.58,24.48,0.02,0.28,0,0,0.07,100,0.07,5.22,71.62,1.48,47.62,0.07,100,0.56,0.14,6.2,68.18,0,,0,,0,0,0,0,,,0.42,,
A. García,MLS Next Pro,2026,Chattanooga,Chattanooga,"RW, LW, LAMF",22,700,0,0.99,0,0.77,United States,4.5,4.37,47.06,2.31,27.78,0.64,0.82,0.13,1.8,2.31,1.54,0,0,0,0,3.86,0,0,0,0.13,0,0,14,1.8,21.43,0,0,2.31,33.33,4.5,60,11.19,42.53,3.47,3.21,0.51,13.76,2.96,2.19,16.59,71.32,4.24,57.58,4.5,80,4.76,72.97,1.16,55.56,16.09,18.71,0.1,0.77,0.13,0,0.13,0,0.9,2.06,56.25,2.06,43.75,0.26,0,1.03,0.9,2.57,80,0,,0,,0,0,0,0,,,0,,
I. Kasule,MLS Next Pro,2026,Connecticut FC,Connecticut FC,"LW, RW, AMF",22,500,2,2.3,1,0.93,Uganda,7.38,6.66,62.16,1.8,50,0,0,0.18,3.24,4.15,0.72,1,0.18,0,0,1.8,0.36,2,0.36,0.41,0,0,9,1.62,44.44,22.222,0.18,0.36,50,1.44,62.5,5.04,42.86,2.7,0.54,0.18,15.48,1.26,1.08,25.38,78.72,7.38,70.73,6.12,94.12,5.76,81.25,0.54,0,14.14,11.18,0.17,1.08,0.18,0,0.18,0,0.72,2.7,60,1.62,33.33,0.18,0,1.26,0.18,2.88,81.25,0,,0,,0,0,0,0,,,0.18,,
R. Mora,MLS Next Pro,2026,Connecticut FC,Connecticut FC,"LCMF, RCB, RW",21,849,1,0.89,4,1.22,United States,13.14,9.65,56.04,3.07,72.41,0.21,0.25,0.53,7.53,8.84,3.18,5,0.53,1,0.11,0.85,0.11,1,0.11,0.09,0,0,3,0.32,33.33,33.333,0.42,0.95,22.22,0.95,55.56,7.21,50,0.74,0.53,0,21.2,0.42,2.23,35.3,73.57,13.57,61.72,3.71,88.57,13.04,80.49,4.13,41.03,18.82,36.23,0.13,0.74,0,0,0,0,0.64,6.36,58.33,1.59,40,0.53,40,0.53,0.21,5.83,69.09,0,,0,,0,0,0,0,,,0.42,,
Y. Ota,MLS Next Pro,2026,St. Louis City II,St. Louis City II,"AMF, LWF",,186,1,0.23,0,0,United States,5.81,7.74,56.25,2.9,16.67,0.48,0.6,0,0.97,1.2,2.42,0,0,0,0,2.42,0.48,1,0.48,0.11,0,0,3,1.45,66.67,33.333,0,0.97,50,1.94,50,6.29,38.46,3.39,0.48,0,13.55,0,1.94,15.48,71.88,5.32,45.45,3.39,85.71,5.32,90.91,0.48,0,11.11,7.86,0,0.48,0,0,0,0,0,1.45,33.33,1.45,0,0,0,0.97,0.48,0.48,100,0,,0,,0,0,0,0,,,0,,
L. Sunjic,MLS Next Pro,2026,New York City II,New York City II,"RB, LCMF, LWF",18,243,0,0.01,0,0.39,United States,7.78,5.93,81.25,0.74,50,0.37,0.54,0.74,2.59,3.75,0.37,0,0,0,0,1.48,0,0,0,0,0,0,1,0.37,0,0,0,0.74,100,1.48,50,6.3,41.18,0.74,0.37,0,17.41,1.48,2.96,23.7,73.44,5.93,31.25,9.26,88,4.81,100,1.85,0,11.9,17.42,0.14,0.74,0,0,0,0,0.37,3.33,33.33,1.11,66.67,0.37,0,0.37,0.74,2.96,37.5,0,,0,,0,0,0,0,,,2.22,,
M. Carrizo,MLS Next Pro,2026,New York City II,New York City II,"DMF, AMF, RAMF",18,291,1,1.18,0,0.25,United States,4.64,4.64,53.33,1.24,50,0.31,0.38,0,1.86,2.28,1.55,2,0.62,0,0,2.78,0.31,1,0.31,0.37,0,0,8,2.47,25,12.5,0,0.93,33.33,3.09,60,14.85,37.5,3.09,2.78,0.31,27.53,0.62,2.78,35.57,73.04,12.06,58.97,7.11,95.65,7.11,73.91,3.09,40,16.38,28.9,0.08,0.62,0,0,0,0,0.93,5.26,52.94,3.09,50,0,0,1.55,0.31,6.19,55,0,,0,,0,0,0,0,,,0,,
L. MacKenzie,MLS Next Pro,2026,Vancouver Whitecaps II,Vancouver Whitecaps II,"AMF, LDMF",19,598,5,3.5,1,0.41,Canada,4.97,6.32,50,1.35,33.33,0,0,0,1.81,2.11,1.96,1,0.15,0,0,2.71,0.75,2,0.3,0.53,1,0.15,16,2.41,37.5,31.25,0.15,1.2,25,2.11,71.43,8.28,45.45,2.86,2.41,0.3,20.02,0.9,1.51,27.84,81.62,6.47,65.12,8.13,94.44,7.83,90.38,1.66,72.73,16.46,39.26,0.06,0.45,0,0,0,0,0.45,3.46,82.61,1.35,44.44,0.15,100,0.9,0.45,3.61,79.17,0,,0,,0,0,0,0,,,0,,
K. Pierre,MLS Next Pro,2026,New York City II,New York City II,"RCMF, RDMF",23,508,0,0.25,0,0.11,United States,10.98,7.26,65.85,3.01,52.94,0,0,0.18,6.2,7.5,1.24,0,0,0,0,0.53,0,0,0,0.04,0,0,1,0.18,100,0,0,0.18,0,0.71,50,4.61,23.08,0.71,0,0,27.64,0.18,0.35,45.53,82.49,13.64,71.43,10.45,94.92,13.29,90.67,2.13,66.67,15.51,29.23,0.02,0.18,0.18,0,0.18,0,0.35,3.54,85,0.53,0,0.71,50,0.18,0,5.85,54.55,0,,0,,0,0,0,0,,,0.53,,
J. Knight,MLS Next Pro,2026,Huntsville City,Huntsville City,"RWF, RAMF, LCMF",24,262,2,0.89,0,0,Canada,5.5,4.47,69.23,3.78,54.55,0,0,0,2.4,3.28,1.72,1,0.34,0,0,6.18,0.69,2,0.69,0.31,0,0,7,2.4,42.86,28.571,0,2.75,25,6.87,65,17.52,45.1,5.5,3.09,0,23.02,3.09,2.75,27.48,76.25,3.78,72.73,7.56,100,8.93,73.08,0.69,100,17.77,16.82,0,0,0.34,0,0,0,0.34,2.06,66.67,1.72,60,0,0,1.37,0.69,2.75,62.5,0,,0,,0,0,0,0,,,0.34,,
A. Shaw,MLS Next Pro,2026,Inter Miami,Inter Miami II,"RCMF, RDMF",18,187,0,0.33,0,0.22,United States,5.29,4.81,50,0.96,0,0,0,0.48,2.89,4.5,1.93,0,0,0,0,1.44,0,0,0,0.16,0,0,4,1.93,25,0,0,0.96,50,0.96,50,3.37,42.86,0.96,1.93,0.48,36.58,0.48,0.48,48.13,82,14.92,74.19,3.37,100,17.33,88.89,3.85,37.5,18.72,38.28,0.11,1.44,0,0,0,0,0.48,5.78,83.33,3.37,42.86,0,0,0.48,0.48,6.74,57.14,0,,0,,0,0,0,0,,,0.48,,
C. Abadia-Reda,MLS Next Pro,2026,Inter Miami,Inter Miami II,"LB, LWB",20,245,0,0.08,0,0.23,United States,8.45,6.24,64.71,1.47,50,0.37,0.58,0,4.04,6.35,0.73,1,0.37,0,0,2.94,0,0,0,0.03,0,0,2,0.73,50,0,0,1.47,50,2.2,83.33,5.14,50,0.37,1.1,0,37.1,2.2,0.73,43.71,86.55,11.02,80,15.8,95.35,10.65,82.76,3.67,60,17.67,41.06,0.08,1.1,0,0,0,0,0.37,1.84,80,1.1,33.33,0.37,100,0.37,0.73,7.35,60,0,,0,,0,0,0,0,,,0.73,,
R. Aloko,MLS Next Pro,2026,Crown Legacy FC,Crown Legacy FC,"CF, RWF, LW",19,517,8,5.96,2,1.65,Benin,4.35,5.05,58.62,3.13,33.33,0.17,0.22,0.17,1.22,1.54,1.91,1,0.17,0,0,4.35,1.39,8,1.39,1.04,1,0.17,20,3.48,45,40,0.35,1.39,37.5,4.35,52,13.93,43.75,6.79,3.48,0.52,12.01,1.57,0.87,18.97,77.06,5.4,70.97,3.31,89.47,5.74,66.67,0.52,66.67,15.46,15.11,0.29,1.57,0.35,0.17,0,0,1.04,2.61,86.67,1.39,50,0,0,1.04,0.52,3.31,78.95,0,,0,,0,0,0,0,,,0,,
Z. Loyo Reynaga,MLS Next Pro,2026,Sporting KC II,Sporting KC II,"AMF, RCMF",15,368,1,0.12,0,0.33,United States,3.91,3.67,46.67,1.22,40,0,0,0.24,2.2,3.03,0.73,0,0,0,0,1.96,0.24,1,0.24,0.03,0,0,1,0.24,100,100,0,0.73,33.33,2.2,44.44,8.32,41.18,1.96,0.98,0,17.85,0.49,2.2,23.72,73.2,7.09,58.62,6.36,84.62,4.89,75,1.96,37.5,16.84,19.38,0.08,1.22,0.24,0,0.73,66.67,0.73,1.96,50,2.45,70,1.22,40,1.96,0.24,3.18,61.54,0,,0,,0,0,0,0,,,0,,
G. Rivera,MLS Next Pro,2026,Phoenix Rising,Houston Dynamo II,"LCMF, RCMF, RDMF",21,728,2,1.92,0,0.52,United States,5.19,5.81,51.06,1.36,27.27,0.49,0.62,0.25,1.73,2.15,1.48,2,0.25,0,0,2.84,0.25,1,0.12,0.24,0,0,15,1.85,53.33,13.333,0,0.37,66.67,2.1,70.59,5.93,58.33,0.25,1.48,0.12,43.89,0.12,1.73,54.64,86.43,17.55,72.54,5.93,93.75,23.24,94.15,8.04,52.31,19.99,42.97,0.06,1.24,0.12,0,0.25,50,0.37,10.14,71.95,1.48,75,0.74,50,0.74,0.25,8.65,70,0,,0,,0,0,0,0,,,0.25,,
D. Russo,MLS Next Pro,2026,Sporting KC II,Sporting KC II,"LB, LWB",24,414,0,1.11,1,0.12,United States,7.17,5.22,62.5,2.17,50,0.43,0.57,0.43,3.48,4.53,0.87,0,0,0,0,1.96,0,0,0,0.24,0,0,10,2.17,10,0,0.22,1.74,25,2.83,46.15,5.65,53.85,2.39,0.65,0,26.3,2.39,1.3,35.65,79.88,13.26,73.77,5.22,91.67,10.43,81.25,1.52,42.86,16.4,13.18,0.03,0.22,0,0,0,0,0.22,4.35,75,2.61,16.67,0,0,0.22,0.43,5.22,66.67,0,,0,,0,0,0,0,,,0.65,,
C. Brunet,MLS Next Pro,2026,Huntsville City,Huntsville City,"DMF, RCMF, RDMF",22,455,0,0.44,1,0.43,Canada,7.12,8.9,51.11,0.4,50,0.4,0.5,0,2.18,2.77,1.78,1,0.2,0,0,0.59,0,0,0,0.09,0,0,3,0.59,33.33,0,0.2,0.2,100,1.19,16.67,6.33,56.25,0.4,0.99,0,44.51,0.4,2.97,54.4,92,11.27,78.95,11.27,98.25,20.57,98.08,3.76,52.63,17.35,45.17,0.08,0.4,0,0,0,0,0.2,4.95,72,1.19,66.67,0.4,50,0.59,0.2,5.34,77.78,0,,0,,0,0,0,0,,,0.79,,
Reyniel Perdomo,MLS Next Pro,2026,Connecticut FC,Connecticut FC,"RB, RCB, RCMF",25,358,0,0.78,0,0.22,Panama,8.04,6.79,59.26,4.27,70.59,0,0,0,4.02,5.39,1.76,1,0.25,0,0,1.76,0,0,0,0.2,0,0,4,1.01,50,0,0,4.78,15.79,1.26,40,4.53,66.67,1.26,0,0,28.16,0.25,1.76,42.49,67.46,20.36,66.67,4.53,88.89,13.58,61.11,7.79,41.94,22.24,41.36,0.06,1.01,0,0,0,0,0.25,10.81,60.47,5.53,27.27,0,0,0.75,1.01,12.32,75.51,0,,0,,0,0,0,0,,,0.5,,
T. Pearce,MLS Next Pro,2026,St. Louis City ,St. Louis City II,"LWB, RWB",18,212,0,0.1,0,0,United States,4.25,5.94,42.86,2.55,33.33,0,0,0,1.7,2.31,0.85,0,0,0,0,1.7,0,0,0,0.04,0,0,1,0.42,100,0,0,5.09,16.67,0.85,50,3.82,33.33,2.97,1.27,0,37.36,4.67,1.27,42.88,78.22,8.07,78.95,15.28,97.22,11.46,59.26,2.12,40,16.03,17.92,0,0,0,0,0,0,0,1.7,50,3.82,11.11,0.42,0,0,0.42,4.25,60,0,,0,,0,0,0,0,,,0.42,,
C. Forcellini,MLS Next Pro,2026,St. Louis City II,St. Louis City II,"RWF, LWF, AMF",22,510,1,1.91,1,1.26,United States,3,3,29.41,2.29,46.15,0.35,0.45,0.18,1.76,2.27,1.41,0,0,0,0,2.82,0.18,1,0.18,0.34,0,0,11,1.94,54.55,9.091,0.18,1.94,36.36,2.82,37.5,11.29,53.13,3.18,4.24,0.88,29.29,1.59,4.76,31.94,82.87,7.41,73.81,10.24,94.83,6.18,80,1.06,50,16.48,23.13,0.22,1.41,0,0.18,0,0,0.53,3,76.47,2.65,60,0,0,1.59,0.71,4.06,86.96,0,,0,,0,0,0,0,,,0,,
P. Ault,MLS Next Pro,2026,St. Louis City II,St. Louis City II,CF,22,1212,7,6.7,6,2.2,United States,2.75,2.67,58.33,2.52,38.24,0,0,0.07,1.19,1.57,0.67,0,0,0,0,2.9,0.52,7,0.52,0.5,2,0.15,36,2.67,38.89,19.444,0.45,1.56,9.52,2.67,63.89,7.8,49.52,6.01,2.45,0,20.57,3.04,0.97,26.21,75.35,6.46,67.82,8.61,88.79,6.09,70.73,0.37,60,14.69,13.89,0.16,1.11,0,0.15,0.22,0,0.97,2.15,82.76,2.82,50,0.22,0,1.93,0.22,3.19,72.09,0,,0,,0,0,0,0,,,0.07,,
R. Lynch,MLS Next Pro,2026,St. Louis City II,St. Louis City II,"RWB, RAMF, RB",23,1290,3,3.76,6,4.35,United States,4.33,3.56,56.86,0.7,20,0.07,0.09,0.28,2.23,2.87,0.91,0,0,0,0,6.7,0.21,3,0.21,0.26,0,0,33,2.3,45.45,9.091,0.42,5.02,31.94,5.23,77.33,10.6,66.45,5.09,3.28,0.28,21.14,2.3,2.51,27.07,74.48,4.88,70,8.37,95,7.95,61.4,0.56,75,17.13,23.29,0.3,1.53,0.14,0,0.07,0,1.33,1.53,77.27,3.91,41.07,0.07,0,1.05,1.67,3.49,90,0,,0,,0,0,0,0,,,0.14,,
J. Wagoner,MLS Next Pro,2026,St. Louis City II,St. Louis City II,"RCMF, RDMF, RCB",22,1176,0,0.1,0,0.06,United States,6.73,6.2,50.62,1.61,57.14,0.23,0.3,0.15,3.37,4.4,2.07,6,0.46,0,0,0.08,0,0,0,0.01,0,0,2,0.15,0,0,0,0.15,0,0.15,50,3.29,65.12,0.38,0.23,0.08,43.09,0.15,1.68,56.17,87.19,17.45,71.49,9.11,98.32,21.28,95.32,3.75,53.06,17.75,36.9,0,0.08,0.08,0.23,0.08,0,0,7.27,70.53,1.07,42.86,0.31,0,0.46,0,7.35,69.79,0,,0,,0,0,0,0,,,0.77,,
D. Dixon,MLS Next Pro,2026,Toronto II,Toronto II,"RW, LW",22,1117,3,3.35,2,1.11,Canada,5.96,4.51,53.57,2.18,25.93,0.08,0.09,0.16,3.46,3.86,1.05,0,0,1,0.08,3.46,0.24,3,0.24,0.27,0,0,24,1.93,37.5,12.5,0.16,1.21,26.67,4.03,60,10.56,55.73,3.79,2.5,0.32,16.11,1.69,1.77,21.84,77.86,6.61,69.51,4.67,93.1,5.48,79.41,0.48,33.33,14.53,13.47,0.09,0.4,0,0,0.08,0,0.4,2.09,76.92,1.05,53.85,0.16,0,0.81,0.32,3.38,61.9,0,,0,,0,0,0,0,,,0,,
O. Presthus,MLS Next Pro,2026,Columbus Crew,Columbus Crew II,"RWB, RB",20,416,1,0.7,1,0.62,United States,8,6.27,68.97,1.51,42.86,0.22,0.28,0.22,3.46,4.4,0.87,1,0.22,0,0,1.73,0.22,1,0.22,0.15,1,0.22,8,1.73,25,12.5,0.22,2.81,15.38,1.73,50,4.11,31.58,1.73,1.08,0,29.21,2.38,0.22,37.43,68.79,15.36,61.97,6.92,93.75,9.74,55.56,5.84,51.85,20.02,35.83,0.13,0.65,0,0,0.22,0,0.87,6.27,55.17,3.68,29.41,0,0,0.65,0.65,11.03,68.63,0,,0,,0,0,0,0,,,0.43,,
A. Rojas,MLS Next Pro,2026,New York RB II,New York RB II,"LCMF, LW",20,616,3,2.04,0,1.21,Costa Rica,7.01,8.33,57.89,1.02,42.86,0.44,0.63,0,1.75,2.5,1.9,2,0.29,0,0,7.6,0.44,3,0.44,0.3,0,0,25,3.65,52,12,0,0.44,33.33,8.62,62.71,21.92,40.67,2.48,4.24,0,28.05,0.58,1.75,39.45,85.93,9.35,70.31,11.1,97.37,10.96,90.67,1.61,72.73,14.7,29.52,0.18,1.31,0.29,0,0.15,100,0.73,3.65,64,2.78,63.16,0.15,100,2.34,0,4.24,75.86,0,,0,,0,0,0,0,,,0.15,,
D. Hurtado,MLS Next Pro,2026,Cincinnati II,Cincinnati II,"RWB, RB",19,713,1,0.39,0,0.42,Colombia,7.95,8.33,56.06,1.89,33.33,0.13,0.15,0.25,3.16,3.71,2.4,0,0,1,0.13,3.28,0.13,1,0.13,0.05,0,0,3,0.38,100,33.333,0,3.91,19.35,2.9,73.91,6.31,50,1.77,1.89,0.25,18.81,1.89,0.5,29.41,65.67,10.86,60.47,5.55,97.73,8.08,50,2.9,39.13,19.54,26.38,0.05,0.76,0.13,0,0,0,0.5,3.03,58.33,4.17,24.24,0,0,0.38,1.14,7.57,58.33,0,,0,,0,0,0,0,,,0.38,,
Yair Ramos,MLS Next Pro,2026,Cincinnati II,Cincinnati II,LCMF,20,223,0,0.01,0,0,Venezuela,9.69,9.69,37.5,1.21,66.67,0.4,0.52,0.81,5.65,7.24,2.83,1,0.4,0,0,0.4,0,0,0,0,0,0,1,0.4,0,0,0,0.4,0,0.4,100,4.84,41.67,0,1.21,0,20.58,0,0,34.3,82.35,6.46,62.5,5.25,92.31,12.91,84.38,4.04,70,16.81,29.04,0,0,0,0,0,0,0,5.25,69.23,2.02,60,0,0,0.81,0,5.25,61.54,0,,0,,0,0,0,0,,,0.4,,
Cauã Souza,MLS Next Pro,2026,Connecticut FC,Connecticut FC,CF,22,553,1,2.3,1,0.68,Brazil,3.09,3.25,50,3.91,33.33,0,0,0,1.46,1.69,1.3,0,0,0,0,2.77,0.16,1,0.16,0.37,0,0,12,1.95,58.33,8.333,0.16,0.81,20,2.77,41.18,8.46,50,3.74,1.46,0.65,14.48,2.12,1.79,18.39,59.29,7,44.19,2.77,76.47,3.74,69.57,0.98,66.67,16.64,17,0.11,0.81,0,0,0.81,40,0.98,3.74,43.48,2.6,31.25,0.98,50,1.46,0.33,2.6,87.5,0,,0,,0,0,0,0,,,0.16,,
N. Lasheras,MLS Next Pro,2026,Orlando City B,Orlando City B,"RCB, LDMF",17,316,1,0.15,0,0.04,United States,11.11,8.83,48.39,5.98,52.38,1.99,2.88,0.28,4.84,6.99,2.85,0,0,0,0,0.28,0.28,1,0.28,0.04,1,0.28,1,0.28,100,100,0,0,0,0.57,0,3.99,57.14,0.85,0,0,25.35,0.28,2.85,38.16,90.3,17.09,83.33,3.99,100,15.38,96.3,3.42,83.33,19.13,24.86,0.01,0.57,0,0,0,0,0,4.56,93.75,0,0,0,0,0.28,0,6.55,78.26,0,,0,,0,0,0,0,,,1.71,,
J. Ramírez,MLS Next Pro,2026,Orlando City,Orlando City B,LDMF,16,251,1,0.39,0,0.18,Puerto Rico,7.17,3.94,63.64,0.72,100,0,0,0.36,4.66,7.96,1.43,1,0.36,0,0,0.72,0.36,1,0.36,0.14,0,0,3,1.08,33.33,33.333,0,0,0,0.36,100,1.79,60,0.72,0.36,0,45.54,0,1.43,55.22,88.96,8.61,66.67,15.78,95.45,23.31,93.85,2.87,50,16.65,21.94,0.06,0.36,0,0,0,0,0,5.74,68.75,0.36,100,0,0,0.36,0,3.94,45.45,0,,0,,0,0,0,0,,,0.72,,
A. Gordon,MLS Next Pro,2026,Chattanooga,Chattanooga,"LW, LAMF, RW",19,324,0,0.93,2,0.46,United States,3.89,4.44,43.75,1.11,25,0,0,0,1.94,2.76,0.83,0,0,0,0,3.06,0,0,0,0.26,0,0,7,1.94,28.57,0,0.56,5.28,21.05,1.94,71.43,4.44,43.75,3.89,1.94,0.56,16.11,1.67,0.28,22.22,61.25,3.61,38.46,6.94,92,9.17,51.52,2.22,50,18.36,23.73,0.13,1.11,0,0.28,0,0,0.56,1.11,25,5.83,23.81,0.83,33.33,1.11,1.11,2.22,75,0,,0,,0,0,0,0,,,0.28,,
S. Tonidandel,MLS Next Pro,2026,Crown Legacy FC,Crown Legacy FC,"DMF, RCMF, LCMF",18,431,0,0.42,1,0.22,Italy,8.77,6.47,64.52,1.88,11.11,1.04,1.52,0,3.55,5.15,1.04,2,0.42,0,0,0.21,0,0,0,0.09,0,0,4,0.84,0,0,0.21,0.63,0,0.21,100,2.92,42.86,1.25,0.21,0,23.81,0,1.25,35.29,79.29,9.81,63.83,7.1,97.06,10.23,81.63,2.51,25,17.57,29.55,0.05,0.21,0,0,0,0,0.21,4.8,47.83,1.04,60,0.21,0,0.84,0,4.59,54.55,0,,0,,0,0,0,0,,,0.63,,
B. Coulibaly,MLS Next Pro,2026,Crown Legacy FC,Crown Legacy FC,"DMF, LDMF, LCMF",20,962,0,0.9,1,0.02,Mali,6.92,6.92,52.7,1.59,52.94,0.19,0.29,0.37,3.09,4.74,1.87,5,0.47,1,0.09,0.65,0,0,0,0.08,0,0,11,1.03,9.09,0,0.09,0.19,50,0.65,57.14,4.68,42,0.19,0.94,0.28,31.53,0,1.5,47.99,89.86,12.82,81.75,8.33,97.75,18.9,94.06,4.68,66,19.82,42.99,0,0.19,0,0,0.19,50,0.19,7.3,79.49,0.65,57.14,0.37,50,0.47,0.09,8.14,74.71,0,,0,,0,0,0,0,,,0.75,,
E. Uchegbu,MLS Next Pro,2026,Crown Legacy FC,Crown Legacy FC,"RWF, RAMF, LAMF",21,664,1,1.61,0,0.54,Nigeria,3.25,3.66,29.63,1.63,41.67,0,0,0.14,2.17,3.45,2.44,0,0,0,0,4.07,0.14,1,0.14,0.22,0,0,13,1.76,23.08,7.692,0,2.17,18.75,4.61,70.59,13.42,44.44,4.07,2.98,0.14,16.67,1.63,1.08,20.2,78.52,3.66,70.37,7.73,96.49,5.02,72.97,0.54,50,14.62,7.46,0.07,0.14,0,0,0,0,0.14,1.22,66.67,1.63,41.67,0,0,0.68,0.54,2.71,65,0,,0,,0,0,0,0,,,0,,
D. Poreba,MLS Next Pro,2026,Chicago Fire II,Chicago Fire II,"CF, AMF, RCMF",23,275,1,0.59,0,0.77,United States,3.27,2.62,75,2.95,44.44,0,0,0.65,1.31,1.88,0.33,0,0,0,0,1.64,0.33,1,0.33,0.19,1,0.33,10,3.27,30,10,0,0.98,0,1.64,40,8.84,33.33,4.58,0.65,0,30.11,0.98,1.64,38.29,94.02,8.51,96.15,6.87,100,15.05,95.65,1.96,100,17.66,14.76,0.25,1.96,0,0,0,0,0.65,4.58,100,2.29,85.71,0,0,2.95,0,7.53,95.65,0,,0,,0,0,0,0,,,0.33,,
A. Subotić,MLS Next Pro,2026,Crown Legacy FC,Crown Legacy FC,"RCMF, LCMF",19,441,0,0.6,4,0.51,Serbia,3.67,3.88,78.95,1.02,0,0,0,0.2,0.61,0.83,0.2,0,0,0,0,2.24,0,0,0,0.12,0,0,7,1.43,57.14,0,0.82,0.41,0,1.22,100,3.47,52.94,1.63,0.82,0,16.12,0,1.02,22.24,85.32,8.37,82.93,4.9,95.83,5.1,80,1.84,66.67,17.23,16.01,0.1,0.61,0,0,0.2,100,1.22,3.06,93.33,2.45,75,0.41,50,1.22,0.2,4.49,86.36,0,,0,,0,0,0,0,,,0.41,,
H. Mbongue,MLS Next Pro,2026,Crown Legacy FC,Crown Legacy FC,CF,21,955,7,4.94,2,1.57,Canada,2.17,2.45,38.46,1.23,46.15,0.09,0.14,0.38,1.13,1.63,0.47,1,0.09,0,0,1.88,0.66,4,0.38,0.47,0,0,18,1.7,55.56,38.889,0.19,0.66,28.57,1.23,53.85,7.26,36.36,3.68,1.32,0.47,12.25,1.6,1.04,17.15,70.88,3.68,53.85,4.81,90.2,4.62,67.35,0.75,12.5,16.41,21.45,0.15,0.85,0.09,0,0.19,50,0.47,2.07,59.09,1.04,63.64,0.38,25,1.13,0.19,2.36,72,0,,0,,0,0,0,0,,,0.09,,
S. Korzeniowski,MLS Next Pro,2026,Philadelphia Union,Philadelphia Union II,CF,23,358,5,2.3,1,0.03,United States,4.27,2.77,54.55,5.53,54.55,0,0,0,2.77,3.98,1.26,1,0.25,0,0,4.02,1.26,5,1.26,0.58,1,0.25,15,3.77,66.67,33.333,0.25,0.75,66.67,1.76,57.14,15.84,41.27,4.27,2.77,0.25,16.59,2.51,3.27,20.61,75.61,3.77,40,5.53,90.91,5.28,90.48,0.75,100,14.38,24.84,0.01,0.25,0,0,0,0,0.5,0.5,100,1.26,80,0,0,1.01,0.5,1.01,75,0,,0,,0,0,0,0,,,0,,
J. Masanka Bungi,MLS Next Pro,2026,RB Leipzig,New York RB II,"LCB, LB, LCMF",19,437,0,0,1,0.05,Belgium,6.38,5.77,42.86,1.65,62.5,0.41,0.67,0,3.5,5.73,0.82,1,0.21,0,0,1.44,0,0,0,0,0,0,1,0.21,100,0,0.21,0.82,75,1.24,50,4.94,33.33,0.21,2.06,0.21,51.69,0.41,0.82,68.99,84.78,29.04,70.92,4.94,91.67,26.98,93.13,4.12,50,18.21,40.38,0.01,0.21,0.21,0,0,0,0.21,12.36,68.33,1.44,57.14,0,0,0.62,0.41,12.77,75.81,0,,0,,0,0,0,0,,,0.41,,
D. Hyte,MLS Next Pro,2026,Chicago Fire II,Chicago Fire II,"RAMF, LAMF, RW",17,455,3,1.18,0,0.11,United States,7.32,6.92,57.14,1.98,40,0.4,0.46,0.2,2.97,3.46,1.38,3,0.59,0,0,3.36,0.59,3,0.59,0.23,1,0.2,6,1.19,83.33,50,0,1.98,20,3.56,55.56,14.64,43.24,3.16,1.98,0.79,19.98,1.38,3.56,22.75,72.17,6.73,61.76,6.13,90.32,4.75,66.67,0.4,50,14.93,10.38,0.02,0.4,0,0.2,0.2,0,0.2,2.18,63.64,2.77,42.86,0.2,0,0.99,0.4,2.97,73.33,0,,0,,0,0,0,0,,,0,,
P. Plambeck,MLS Next Pro,2026,Inter Miami II,Inter Miami II,"LW, CF, LAMF",20,760,2,0.97,3,1.23,United States,5.57,6.04,56.86,0.95,25,0.12,0.17,0,2.01,2.97,0.83,1,0.12,0,0,5.57,0.24,2,0.24,0.11,0,0,12,1.42,50,16.667,0.36,4.26,44.44,6.04,49.02,11.72,38.38,2.37,2.72,0.36,32.21,2.37,0.83,41.33,78.8,13.62,69.57,7.46,98.41,14.45,77.05,5.57,46.81,21.09,40.04,0.15,0.95,0,0,0.24,0,0.95,6.16,65.38,4.5,39.47,0.83,28.57,0.24,2.01,9.24,75.64,0,,0,,0,0,0,0,,,0.24,,
Oluwaseyitan Fakiseyi,MLS Next Pro,2026,Atlanta United II,Atlanta United II,"LB, LWB",16,187,0,0.05,0,0.27,Canada,5.78,5.78,41.67,0.96,0,0,0,1.44,3.37,4.29,0,0,0,0,0,2.89,0,0,0,0.02,0,0,1,0.48,100,0,0,1.93,25,2.41,80,3.85,62.5,0.96,0,0,22.14,2.89,0.96,30.32,61.9,10.11,57.14,9.14,78.95,7.22,53.33,3.37,28.57,17.18,29.67,0.13,1.44,0,0,0,0,0.48,4.81,60,3.37,28.57,0,0,0.96,0,8.18,41.18,0,,0,,0,0,0,0,,,0,,
S. Pita,MLS Next Pro,2026,Atlanta United II,Atlanta United II,"AMF, RWF",19,476,1,1.86,1,1.08,United States,1.89,2.84,53.33,1.13,50,0,0,0,0.38,0.5,0.95,2,0.38,0,0,3.03,0.19,1,0.19,0.35,0,0,11,2.08,45.45,9.091,0.19,1.13,0,3.97,52.38,11.91,31.75,1.32,2.65,0.19,17.21,1.7,1.51,21.93,76.72,5.48,72.41,5.29,89.29,8.7,78.26,2.46,61.54,22.29,26.04,0.2,1.51,0.19,0,0.19,0,0.76,3.97,76.19,2.08,54.55,0,0,0.76,0,3.97,76.19,0,,0,,0,0,0,0,,,1.7,,
L. Brennan,MLS Next Pro,2026,Atlanta United II,Atlanta United II,"LAMF, RAMF",21,174,1,0.29,0,0.1,United States,4.14,2.59,60,0,0,0.52,0.71,0,2.07,2.86,0.52,1,0.52,0,0,8.28,0.52,1,0.52,0.15,0,0,5,2.59,40,20,0,4.14,25,9.83,57.89,16.55,46.88,2.59,4.66,0.52,15.52,2.07,1.55,20.69,75,4.66,88.89,5.17,90,8.28,68.75,0.52,100,19.42,11.73,0.05,0.52,0,0,0.52,100,0.52,0.52,100,3.62,42.86,0.52,100,0.52,1.55,2.59,100,0,,0,,0,0,0,0,,,0,,
D. Baczewski,MLS Next Pro,2026,Orlando City B,Orlando City B,"RDMF, AMF, CF",18,500,0,1.48,0,0.31,United States,5.94,5.76,71.88,1.98,72.73,0,0,0.36,1.8,2.63,1.08,0,0,0,0,0.54,0,0,0,0.27,0,0,7,1.26,42.86,0,0,0,0,0.54,0,4.32,41.67,1.44,0.72,0.18,19.44,1.08,1.26,27,86,8.28,73.91,4.68,96.15,9.18,92.16,1.8,60,17.34,25.34,0.06,0.72,0.18,0.18,0.18,0,0.36,4.68,80.77,1.08,66.67,0.36,50,1.26,0,3.24,72.22,0,,0,,0,0,0,0,,,0,,
J. Ellis,MLS Next Pro,2026,Orlando City B,Orlando City B,AMF,19,398,3,2.7,2,0.65,United States,3.17,2.71,58.33,0.68,33.33,0,0,0,1.58,2.21,0.68,0,0,0,0,3.62,0.68,3,0.68,0.61,0,0,14,3.17,57.14,21.429,0.45,0.45,100,2.49,54.55,12.66,32.14,3.17,2.71,0,19.22,0.9,1.81,22.16,78.57,8.14,75,3.62,81.25,5.88,96.15,2.04,77.78,18.95,43.19,0.15,1.58,0.23,0,0.45,0,0.68,4.07,83.33,3.84,82.35,0.68,0,3.62,0.45,5.2,86.96,0,,0,,0,0,0,0,,,0,,
I. Luna,MLS Next Pro,2026,Ventura County,Ventura County,"RAMF, LB, LCMF",17,611,2,2.51,0,0.27,United States,5.74,7.51,43.14,1.47,40,0,0,0.44,2.5,3.45,1.33,2,0.29,0,0,2.06,0.29,2,0.29,0.37,0,0,16,2.36,31.25,12.5,0,1.47,30,1.77,50,6.33,30.23,2.5,2.36,0,31.52,0.88,0.88,35.5,84.65,10.02,72.06,10.61,93.06,10.46,88.73,2.36,56.25,16.21,22.86,0.04,0.59,0,0,0,0,0.29,3.39,91.3,1.91,53.85,0,0,0.74,0.44,5.3,61.11,0,,0,,0,0,0,0,,,0.29,,
B. Phan,MLS Next Pro,2026,Ventura County,Ventura County,"RDMF, DMF, LDMF",18,386,0,0.16,1,0,United States,5.6,5.83,52,1.17,40,0.47,0.64,0.23,2.1,2.87,0.93,0,0,0,0,0.93,0,0,0,0.04,0,0,2,0.47,0,0,0.23,0.93,50,0.7,66.67,3.5,66.67,0.7,0.93,0,28.21,0,0.93,38.7,89.16,9.09,66.67,8.63,100,15.39,95.45,0.93,75,13.88,6.1,0,0,0.23,0,0.23,0,0.47,2.33,60,0.93,25,0.23,0,0,0.23,2.33,60,0,,0,,0,0,0,0,,,1.17,,
V. Garcia,MLS Next Pro,2026,Ventura County,Ventura County,"RAMF, RWF, AMF",15,1150,3,2.12,3,2.05,United States,3.37,3.44,45.45,0.63,50,0.16,0.22,0.08,1.64,2.3,0.78,1,0.08,0,0,2.82,0.23,3,0.23,0.17,0,0,19,1.49,47.37,15.789,0.23,0.63,37.5,3.76,47.92,11.66,41.61,1.96,2.58,0.31,21.91,1.1,2.5,26.84,83.38,6.81,67.82,7.12,93.41,8.69,85.59,1.17,26.67,16.62,24.63,0.16,1.17,0.08,0,0.08,100,0.55,2.66,73.53,1.96,52,0.16,100,0.86,0.31,3.68,61.7,0,,0,,0,0,0,0,,,0.23,,
M. Vanney,MLS Next Pro,2026,Ventura County,Ventura County,"RB, RWB",18,1649,1,0.38,1,1.03,United States,8.46,8.57,57.32,1.75,37.5,0.16,0.22,0.38,3.38,4.53,1.04,3,0.16,0,0,1.58,0.05,1,0.05,0.02,0,0,6,0.33,33.33,16.667,0.05,3.27,28.33,1.04,52.63,3.49,45.31,1.69,1.36,0.27,32.31,3.77,0.82,41.81,80.42,10.86,63.82,13.43,95.12,10.59,77.84,1.75,37.5,18.27,37.87,0.06,0.65,0.05,0.05,0,0,0.38,1.96,61.11,2.4,43.18,0.05,0,0.33,0.65,5.29,56.7,0,,0,,0,0,0,0,,,1.31,,
Gabriel Arnold,MLS Next Pro,2026,Ventura County,Ventura County,"LDMF, LCMF, RDMF",19,894,1,0.53,2,1.44,El Salvador,6.34,6.44,65.63,1.31,38.46,0,0,0.6,2.11,2.96,0.91,1,0.1,0,0,1.01,0.1,1,0.1,0.05,0,0,6,0.6,33.33,16.667,0.2,1.01,20,0.7,71.43,4.43,40.91,0.6,0.81,0,61.61,0.3,1.01,74.8,88.83,21.14,76.19,14.9,97.97,29.09,93.43,6.24,50,18.76,44.66,0.15,0.7,0.2,0,0.1,100,0.2,10.67,77.36,2.21,27.27,0.4,25,0.3,0.2,9.26,69.57,0,,0,,0,0,0,0,,,2.01,,
T. Elgersma,MLS Next Pro,2026,Ventura County,Ventura County,"LWB, LW, LAMF",22,1090,2,2.46,1,1.97,United States,4.29,2.81,52.94,2.56,70.97,0.08,0.11,0.41,2.72,3.55,0.41,1,0.08,0,0,2.15,0.17,2,0.17,0.2,0,0,21,1.73,42.86,9.524,0.08,1.65,20,1.73,57.14,5.04,57.38,3.3,1.9,0.41,30.96,2.23,1.82,38.89,81.53,8.42,62.75,8.83,95.33,14.7,85.39,2.23,62.96,18.05,34.95,0.16,1.16,0,0.08,0.17,50,0.66,3.88,63.83,1.82,59.09,0.17,50,1.24,0.33,5.2,68.25,0,,0,,0,0,0,0,,,0.58,,
J. Placias,MLS Next Pro,2026,Ventura County,Ventura County,CF,20,1439,6,7.73,5,1.19,United States,2.56,2.38,39.47,5.63,40,0,0,0.25,1.63,2.2,2.13,4,0.25,0,0,1.94,0.38,5,0.31,0.48,2,0.13,32,2,50,18.75,0.31,0.56,22.22,1.31,57.14,8.88,36.62,4.25,1.25,0.31,10.26,2.69,1.81,13.57,71.43,2.25,55.56,5.13,81.71,3.06,71.43,0.25,25,11.97,8.66,0.07,0.63,0,0,0.06,100,0.63,0.56,66.67,0.75,33.33,0.06,100,0.75,0.25,1.13,27.78,0,,0,,0,0,0,0,,,0.06,,
J. Dalgado,MLS Next Pro,2026,Ventura County,Ventura County,"LB, LWB",19,1018,0,0.18,0,0.81,United States,7.78,4.6,71.15,0.88,40,0,0,0.44,4.51,5.91,0.71,1,0.09,0,0,1.68,0,0,0,0.02,0,0,3,0.27,66.67,0,0,2.65,30,0.8,88.89,3.01,50,0.8,1.15,0.09,43.85,1.5,0.97,53.58,85.31,19.18,76.96,10.08,97.37,15.65,86.44,5.13,58.62,18.95,41.03,0.07,0.62,0.09,0,0,0,0.44,6.72,68.42,2.83,34.38,0.44,20,0.35,0.8,9.02,74.51,0,,0,,0,0,0,0,,,1.77,,
M. Stojadinovic,MLS Next Pro,2026,Toronto II,Toronto II,"RCMF, LCMF, LCB",22,577,0,0.02,0,0.31,Canada,9.05,5.62,61.11,0.31,50,0.16,0.18,0.31,5.46,6.44,0.47,0,0,0,0,0.47,0,0,0,0,0,0,3,0.47,0,0,0,0,0,0.94,50,2.81,55.56,0.16,0.62,0.78,38.21,0.16,0.94,51.63,87.92,15.91,77.45,8.42,94.44,18.41,92.37,4.52,48.28,19.51,46.91,0.05,0.31,0,0,0,0,0.47,6.08,66.67,0.62,50,0,0,0.31,0,6.08,66.67,0,,0,,0,0,0,0,,,0.94,,
F. Bank,MLS Next Pro,2026,Toronto II,Toronto II,LW,23,1031,4,1.91,5,2.39,United States,4.71,4.63,62.26,2.1,33.33,0,0,0.09,1.83,2.01,0.87,0,0,0,0,3.49,0.35,4,0.35,0.17,0,0,20,1.75,45,20,0.44,3.32,34.21,2.97,52.94,8.9,39.22,3.75,4.28,0.79,26.89,3.49,1.13,34.04,73.85,6.9,59.49,11.87,90.44,7.86,65.56,1.31,46.67,15.81,16.99,0.21,1.4,0.09,0,0,0,1.13,1.92,54.55,2.97,38.24,0,0,0.96,1.05,4.45,56.86,0,,0,,0,0,0,0,,,0,,
J. Nugent,MLS Next Pro,2026,Toronto II,Toronto II,CF,19,200,0,0.49,0,0,Canada,3.15,3.6,50,4.05,0,0,0,0.45,1.35,1.5,1.35,0,0,0,0,1.35,0,0,0,0.22,0,0,1,0.45,100,0,0,0,0,2.25,40,6.3,35.71,1.35,0.9,0.45,10.35,2.7,0.9,10.8,91.67,1.8,75,4.05,100,2.25,100,0,0,12.55,0,0,0,0,0,0,0,0,1.35,66.67,0.9,0,0,0,0,0,0.9,100,0,,0,,0,0,0,0,,,0,,
M. Badwal,MLS Next Pro,2026,Vancouver Whitecaps II,Vancouver Whitecaps II,RDMF,15,213,0,0.01,0,0,Canada,5.07,6.76,62.5,0.85,0,0,0,0.85,0.85,1.03,1.69,2,0.85,0,0,0,0,0,0,0,0,0,1,0.42,0,0,0,0,0,0,0,4.23,30,0.42,0.42,0.42,15.63,0,1.27,18.59,93.18,4.23,90,2.54,100,8.45,90,2.11,60,17.24,20.72,0,0,0,0,0,0,0.42,2.54,66.67,0.42,100,0,0,0.42,0,1.69,100,0,,0,,0,0,0,0,,,0.42,,
T. Brown,MLS Next Pro,2026,Vancouver Whitecaps II,Vancouver Whitecaps II,"CF, LAMF, RAMF",17,435,1,1.87,0,0.05,Canada,2.48,5.38,30.77,1.03,40,0,0,0,0.83,1.14,1.86,1,0.21,0,0,2.9,0.21,1,0.21,0.39,0,0,9,1.86,44.44,11.111,0,1.24,33.33,2.48,66.67,7.66,43.24,2.69,1.86,0.41,17.17,1.45,1.03,21.31,71.84,5.79,53.57,3.72,88.89,7.86,76.32,1.03,0,15.62,11.27,0.01,0.21,0,0,0,0,0.21,2.9,35.71,2.07,50,0,0,1.24,0.62,2.69,61.54,0,,0,,0,0,0,0,,,0,,
K. Podgorni,MLS Next Pro,2026,Vancouver Whitecaps II,Vancouver Whitecaps II,"CF, RAMF, LAMF",18,370,0,0.73,0,0.5,Canada,4.62,4.86,70,2.43,30,0,0,0,1.22,1.53,1.95,0,0,0,0,1.7,0,0,0,0.18,0,0,6,1.46,33.33,0,0,1.22,60,1.46,33.33,6.08,24,2.43,0.73,0,17.76,1.46,0.73,24.81,74.51,6.32,61.54,9.73,95,4.86,60,1.22,60,18.54,18.43,0.12,0.97,0,0,0,0,0.73,3.41,50,2.19,44.44,0,0,0.73,0.73,4.38,66.67,0,,0,,0,0,0,0,,,0.49,,
C. Rassak,MLS Next Pro,2026,Vancouver Whitecaps II,Vancouver Whitecaps II,"AMF, RDMF, LDMF",18,1059,1,0.98,4,2.29,United States,4.84,4.76,53.57,1.61,47.37,0.25,0.31,0.17,2.04,2.48,1.36,1,0.08,0,0,2.55,0.08,1,0.08,0.08,0,0,12,1.02,41.67,8.333,0.34,1.19,50,2.38,60.71,9.69,44.74,0.76,1.19,0.08,21.59,0.51,1.87,28.9,82.94,5.52,64.62,7.48,93.18,10.79,84.25,2.97,45.71,17.6,33.17,0.19,1.36,0,0.08,0.25,33.33,0.59,4.5,62.26,1.53,55.56,0.42,40,0.59,0.68,4.08,75,0,,0,,0,0,0,0,,,0.42,,
M. Diop,MLS Next Pro,2026,Colorado Rapids II,Colorado Rapids II,CF,19,819,1,3.35,1,0.32,Senegal,2.53,2.97,29.63,3.52,34.38,0.22,0.28,0,1.43,1.85,1.32,1,0.11,1,0.11,2.09,0.11,1,0.11,0.37,0,0,21,2.31,47.62,4.762,0.11,0.33,33.33,1.43,61.54,8.24,33.33,2.53,0.99,0.11,11.43,2.53,0.88,14.95,80.88,2.09,47.37,4.73,95.35,4.07,83.78,1.1,70,16.31,35.5,0.03,0.33,0,0.11,0,0,0.11,1.21,54.55,0.22,50,0,0,0.22,0,1.87,41.18,0,,0,,0,0,0,0,,,0,,
M. Popović,MLS Next Pro,2026,Vancouver Whitecaps II,Vancouver Whitecaps II,CF,20,701,0,2.36,2,1.26,Serbia,3.47,3.98,41.94,2.7,38.1,0,0,0.39,1.8,2.16,1.67,1,0.13,0,0,1.28,0,0,0,0.3,0,0,13,1.67,38.46,0,0.26,0.9,14.29,0.77,66.67,6.55,33.33,2.95,0.51,0,11.43,1.8,0.9,16.05,73.6,4.24,57.58,4.88,92.11,3.47,81.48,1.41,54.55,17.18,18.63,0.16,0.77,0,0,0,0,0.64,2.05,68.75,0.77,33.33,0.13,100,0.77,0.39,2.7,57.14,0,,0,,0,0,0,0,,,0,,
S. Deo,MLS Next Pro,2026,Vancouver Whitecaps II,Vancouver Whitecaps II,"RAMF, RB, RW",18,777,0,2.06,1,1.61,Canada,5.79,5.68,51.02,2.2,57.89,0.23,0.29,0.35,2.66,3.3,1.62,3,0.35,0,0,3.59,0,0,0,0.24,0,0,12,1.39,16.67,0,0.12,3.47,33.33,3.24,67.86,8.22,40.85,2.2,1.16,0.23,22.59,1.97,0.69,27.92,74.27,7.41,73.44,7.99,94.2,7.18,56.45,1.39,41.67,17.94,23.73,0.19,1.16,0,0,0.12,0,1.27,2.66,60.87,4.98,41.86,0.23,0,0.93,1.27,5.44,78.72,0,,0,,0,0,0,0,,,0,,
Y. Tsuji,MLS Next Pro,2026,Vancouver Whitecaps II,Vancouver Whitecaps II,"RDMF, CF, AMF",18,559,1,0.91,0,0.2,Canada,4.83,5.64,54.29,0.97,66.67,0,0,0.32,1.77,2.2,1.61,0,0,0,0,1.29,0.16,1,0.16,0.15,0,0,7,1.13,14.29,14.286,0,0.81,0,1.77,63.64,9.18,45.61,1.13,1.77,0,26.08,0.64,2.58,30.43,85.71,7.25,77.78,10.63,96.97,9.02,78.57,2.74,52.94,17.8,39.93,0.03,0.32,0,0.16,0,0,0,3.86,66.67,1.61,10,0,0,0.32,0,2.25,85.71,0,,0,,0,0,0,0,,,0.32,,
D. Ittycheria,MLS Next Pro,2026,Vancouver Whitecaps II,Vancouver Whitecaps II,"CF, LAMF, RAMF",22,1040,5,6.63,1,1.78,United States,3.2,2.86,48.48,3.29,55.26,0,0,0.09,1.82,2.08,1.3,0,0,0,0,4.59,0.43,5,0.43,0.57,1,0.09,37,3.2,37.84,13.514,0.09,2.6,23.33,3.55,75.61,7.7,43.82,5.02,3.29,0.43,21.72,3.12,0.52,23.28,71.38,5.97,66.67,6.66,87.01,6.14,61.97,0.78,44.44,16.7,32.6,0.15,0.78,0,0,0.09,100,0.69,1.9,68.18,1.99,47.83,0.09,100,0.69,0.61,3.2,70.27,0,,0,,0,0,0,0,,,0,,
C. Bruletti,MLS Next Pro,2026,Vancouver Whitecaps II,Vancouver Whitecaps II,"LDMF, LCMF, RDMF",21,1146,0,0.04,0,0.61,United States,5.89,5.1,49.23,0.79,30,0.55,0.64,0.39,2.83,3.31,1.26,4,0.31,0,0,0.47,0,0,0,0,0,0,4,0.31,25,0,0,0.79,50,0.47,0,2.36,36.67,0.31,0.39,0.31,34.16,0.39,0.94,45.16,89.04,11.31,75.69,9.19,93.16,19.63,94.8,3.38,53.49,18.79,34.62,0.05,0.39,0.08,0,0,0,0.16,5.18,66.67,1.26,43.75,0.16,0,0.39,0.31,4.48,66.67,0,,0,,0,0,0,0,,,1.65,,
I. Sall,MLS Next Pro,2026,Austin FC II,Austin FC II,CF,21,793,3,3.05,0,0.46,Senegal,3.75,4.54,45,3.18,42.86,0,0,0.23,1.7,2.1,2.16,2,0.23,0,0,1.48,0.34,3,0.34,0.35,1,0.11,17,1.93,41.18,17.647,0,0.23,0,1.13,60,8.4,44.59,4.43,1.93,0.23,9.76,2.16,2.84,12.37,78.9,2.27,55,3.63,93.75,3.18,85.71,0.34,66.67,15.91,7.81,0.05,0.91,0,0,0,0,0.45,1.13,60,0.57,80,0,0,0.91,0,1.02,55.56,0,,0,,0,0,0,0,,,0,,
A. Kabia,MLS Next Pro,2026,Minnesota United II,Minnesota United II,"RCB, RDMF, DMF",20,1077,0,0.31,1,0,Sierra Leone,8.52,4.93,67.8,2.76,54.55,0,0,0.92,5.18,6.39,1.09,5,0.42,0,0,0.33,0,0,0,0.03,0,0,3,0.25,0,0,0.08,0.08,0,0.33,75,1.92,47.83,0.75,0.58,0.08,29.83,0.25,0.5,47.21,85.49,17.55,75.24,5.01,96.67,20.89,92,4.35,67.31,20.87,39.02,0,0,0,0.17,0.17,50,0.08,6.27,81.33,0.67,37.5,0.17,50,0.33,0,8.02,66.67,0,,0,,0,0,0,0,,,2.67,,
E. Torres,MLS Next Pro,2026,Austin FC II,Austin FC II,"LCMF, RCMF, RDMF",18,490,2,0.64,1,0.43,United States,9,7.16,48.72,1.65,33.33,0.18,0.24,0.18,5.33,6.9,2.02,0,0,0,0,2.76,0.37,2,0.37,0.12,0,0,7,1.29,71.43,28.571,0.18,1.29,42.86,1.47,87.5,6.8,56.76,1.84,0.92,0,31.78,0.92,2.57,41.69,86.78,11.02,76.67,10.84,94.92,13.78,85.33,2.02,54.55,16.6,35.16,0.08,0.55,0,0.18,0.18,0,0.55,4.41,75,1.65,55.56,0.18,0,0.37,0.55,5.33,68.97,0,,0,,0,0,0,0,,,0.37,,
D. Barro,MLS Next Pro,2026,Austin FC II,Austin FC II,"DMF, LDMF",24,1189,1,0.59,0,0.4,Côte d'Ivoire,6.74,5.53,54.79,1.14,60,0.08,0.09,0.38,3.63,4.53,1.44,6,0.45,0,0,0.38,0.08,1,0.08,0.04,0,0,11,0.83,27.27,9.091,0,0,0,0.3,50,2.95,53.85,0.45,0.53,0,30.28,0,1.74,40.8,89.42,9.76,73.64,5.68,96,19.53,95.35,2.95,69.23,17.72,38.98,0.03,0.38,0,0,0.08,0,0.3,4.47,72.88,0.45,50,0.23,0,0.53,0,3.78,78,0,,0,,0,0,0,0,,,0.45,,
M. Burton,MLS Next Pro,2026,Austin FC II,Austin FC II,"RWF, LWF, CF",20,641,2,0.68,2,0.35,United States,4.91,5.76,46.34,1.54,27.27,0.14,0.18,0,2.11,2.76,2.25,3,0.42,0,0,1.83,0.28,2,0.28,0.1,0,0,10,1.4,40,20,0.28,2.53,11.11,1.97,50,8.99,34.38,1.68,1.83,0.14,28.36,4.35,1.68,34.82,81.05,7.16,62.75,10.95,98.72,9.41,73.13,1.97,35.71,16.23,22.4,0.05,0.56,0.14,0,0.14,0,0.56,1.97,71.43,2.39,29.41,0.42,33.33,0.7,0.56,3.51,56,0,,0,,0,0,0,0,,,0,,
Jorge Alastuey,MLS Next Pro,2026,Austin FC II,Austin FC II,"RCMF, CF, RWF",23,1025,6,5.76,2,1.81,Spain,3.25,2.81,43.75,1.4,37.5,0.18,0.22,0.09,1.84,2.3,0.97,3,0.26,0,0,3.78,0.53,4,0.35,0.51,0,0,38,3.34,47.37,15.789,0.18,2.63,36.67,2.11,54.17,5.18,49.15,3.16,1.32,0.18,26.17,2.55,1.14,33.54,81.68,7.64,68.97,7.46,94.12,12.03,80.29,2.55,55.17,16.82,27.67,0.16,1.4,0,0,0.09,100,0.79,3.34,76.32,2.72,48.39,0.09,100,0.79,0.88,3.95,75.56,0,,0,,0,0,0,0,,,0.09,,
T. Reed,MLS Next Pro,2026,Philadelphia Union II,Philadelphia Union II,CF,18,323,2,1.64,0,0.34,United States,6.69,3.9,57.14,3.9,50,0.28,0.34,0.84,4.18,5.17,1.95,0,0,0,0,1.67,0.56,2,0.56,0.46,1,0.28,10,2.79,50,20,0,0.28,0,1.39,20,4.74,29.41,3.07,1.11,0.28,14.77,2.23,1.11,15.33,69.09,2.51,55.56,3.62,92.31,3.9,50,0.56,0,12.93,11.6,0.09,0.84,0,0,0,0,0.28,1.11,50,0.84,33.33,0,0,0.28,0,0.28,100,0,,0,,0,0,0,0,,,0,,
L. Harrington,MLS Next Pro,2026,Philadelphia Union II,Philadelphia Union II,"RCMF, LCMF",18,198,1,0.54,0,0.01,United States,6.82,5,27.27,3.18,28.57,0.45,0.59,0.45,5,6.47,2.27,1,0.45,0,0,0.45,0.45,1,0.45,0.24,1,0.45,4,1.82,25,25,0,0,0,0.45,0,0.91,50,0.45,0.45,0,9.09,0,0.91,23.64,63.46,13.18,51.72,2.73,100,5.45,66.67,5,36.36,21,39.78,0,0.45,0,0,0,0,0,9.09,50,0.91,50,0,0,0.45,0,5.45,75,0,,0,,0,0,0,0,,,0,,
E. Samb,MLS Next Pro,2026,New York City U15,New York City II,"CF, LAMF, LWF",17,648,2,0.56,4,1.53,United States,2.22,4.03,20.69,2.64,42.11,0,0,0,1.39,1.89,1.81,2,0.28,1,0.14,2.64,0.28,2,0.28,0.08,0,0,6,0.83,33.33,33.333,0.56,2.36,23.53,3.61,46.15,8.75,36.51,2.08,1.67,0.14,11.11,2.08,2.08,11.94,68.6,2.78,65,3.47,92,2.78,50,0.42,66.67,17.89,7.76,0.21,0.83,0,0,0.14,100,0.83,0.83,50,1.67,25,0.14,100,0.56,0.56,2.08,66.67,0,,0,,0,0,0,0,,,0,,
C. Ponce,MLS Next Pro,2026,New York City II,New York City II,"RAMF, RWF, LAMF",22,516,1,0.68,0,0.16,United States,4.19,4.36,44,0.87,40,0.52,0.74,0,1.74,2.48,1.4,1,0.17,0,0,2.09,0.17,1,0.17,0.12,0,0,7,1.22,28.57,14.286,0,0.35,0,3.84,45.45,11.34,33.85,1.4,2.09,0.35,23.72,1.92,1.92,30.7,77.84,8.55,57.14,8.72,96,7.33,80.95,2.44,35.71,14.68,28.97,0.03,0.87,0.17,0,0.52,0,0.17,4.01,43.48,1.4,50,0.7,0,0.7,0.17,3.84,59.09,0,,0,,0,0,0,0,,,0.17,,
M. Berthé,MLS Next Pro,2026,Philadelphia Union II,Philadelphia Union II,LCMF,19,491,0,0.47,1,0.07,United States,8.25,9.9,37.04,3.67,65,0.18,0.25,0.18,4.4,5.95,4.58,3,0.55,0,0,0.73,0,0,0,0.09,0,0,3,0.55,33.33,0,0.18,0,0,0.73,75,4.22,47.83,0,0,0,16.5,0,1.1,29.69,80.25,10.26,67.86,5.13,89.29,10.63,86.21,1.83,50,18.86,27.88,0.01,0.18,0,0.18,0,0,0.37,4.58,68,0.18,0,0,0,0,0,5.13,60.71,0,,0,,0,0,0,0,,,0.73,,
N. Hasan,MLS Next Pro,2026,Philadelphia Union II,Philadelphia Union II,"RW, LW, CF",18,616,0,1.16,0,0.23,United States,6.72,4.82,66.67,2.48,29.41,0,0,0,3.51,4.59,0.44,0,0,0,0,2.92,0,0,0,0.17,0,0,4,0.58,50,0,0,1.46,40,2.78,73.68,9.64,46.97,1.9,1.75,0.58,11.83,1.75,2.34,16.51,72.57,4.82,60.61,3.07,95.24,3.51,70.83,0.29,50,12.47,7.29,0.03,0.58,0,0,0,0,0.29,2.34,62.5,0.88,50,0,0,0.44,0.44,1.9,76.92,0,,0,,0,0,0,0,,,0,,
J. Copeland,MLS Next Pro,2026,Colorado Rapids II,Colorado Rapids II,"LW, RW, AMF",20,678,3,1.29,0,0.95,United States,4.12,3.85,34.48,1.33,30,0,0,0.27,2.79,3.91,1.46,2,0.27,0,0,2.52,0.4,3,0.4,0.17,0,0,10,1.33,60,30,0,1.59,50,1.59,50,6.24,40.43,2.12,1.59,0,16.59,1.33,0.8,20.18,73.68,5.71,62.79,6.11,89.13,4.12,70.97,1.19,22.22,18.01,21.1,0.13,0.8,0,0,0.13,100,0.8,3.32,64,1.59,50,0.13,100,0.4,0.93,3.85,72.41,0,,0,,0,0,0,0,,,0.13,,
K. Stewart-Baynes,MLS Next Pro,2026,Colorado Rapids II,Colorado Rapids II,"LW, CF, RW",21,533,0,0.61,1,0.24,St. Vincent and the Grenadines,3.88,5.23,45.16,0.84,80,0.34,0.52,0.17,1.18,1.83,1.86,1,0.17,0,0,3.88,0,0,0,0.1,0,0,7,1.18,85.71,0,0.17,3.04,5.56,5.74,47.06,14.18,35.71,2.2,3.88,0.34,24.82,3.38,1.01,32.42,76.04,6.59,69.23,11.48,92.65,9.12,61.11,1.18,57.14,16.52,32.3,0.04,0.34,0,0,0,0,0.17,3.21,78.95,2.87,11.76,0,0,0.51,0.68,4.73,60.71,0,,0,,0,0,0,0,,,0.68,,
Christopher Aquino,MLS Next Pro,2026,Colorado Rapids II,Colorado Rapids II,"CF, RCMF, AMF",20,559,2,0.77,1,1.16,United States,1.13,2.42,33.33,0.64,50,0,0,0.16,0.32,0.5,1.77,0,0,0,0,1.61,0.32,2,0.32,0.12,0,0,9,1.45,66.67,22.222,0.16,0.64,0,0.64,75,5.64,45.71,0.81,1.13,0,23.67,0.48,2.09,29.79,77.84,7.57,59.57,7.25,93.33,8.86,78.18,3.54,27.27,15.07,24.86,0.19,1.29,0,0,0.16,100,0.16,3.38,52.38,2.42,33.33,0,0,0.64,0,3.86,62.5,0,,0,,0,0,0,0,,,0,,
A. Harris,MLS Next Pro,2026,Colorado Rapids,Colorado Rapids II,"CF, AMF, LW",21,333,1,0.62,0,0,United States,2.16,4.32,37.5,2.16,62.5,0,0,0,0.54,0.79,1.08,0,0,1,0.27,2.16,0.27,1,0.27,0.17,0,0,6,1.62,50,16.667,0,1.35,0,2.7,50,8.92,51.52,2.43,1.62,0,16.22,1.35,3.51,18.92,72.86,2.7,80,6.22,95.65,5.95,54.55,0.81,33.33,16.29,19.24,0,0,0,0,0,0,0,1.08,50,1.35,0,0,0,0.27,0,1.62,33.33,0,,0,,0,0,0,0,,,0,,
J. Siqueira,MLS Next Pro,2026,New England II,New England II,"RCMF, RAMF, RW",17,687,1,0.73,0,0.75,United States,6.16,6.03,56.52,1.97,33.33,0.52,0.74,0,2.23,3.15,1.7,0,0,0,0,1.97,0.13,1,0.13,0.1,0,0,11,1.44,27.27,9.091,0,1.05,37.5,2.62,45,9.56,56.16,1.7,0.92,0,20.44,1.05,3.14,27.25,82.69,8.38,68.75,5.76,95.45,7.99,90.16,1.31,50,19.6,19.39,0.1,0.92,0,0,0,0,0.52,3.14,75,1.57,66.67,0.13,0,0.66,0.39,3.28,76,0,,0,,0,0,0,0,,,0,,
H. Hvatum,MLS Next Pro,2026,New York City II,New York City II,"RAMF, RWF, RW",17,641,1,0.82,0,0.5,United States,6.04,6.46,50,1.68,25,0.28,0.36,0.14,2.53,3.27,1.97,0,0,0,0,2.39,0.14,1,0.14,0.12,0,0,7,0.98,28.57,14.286,0,2.39,23.53,2.95,52.38,7.3,40.38,2.81,2.53,0.42,16.15,1.97,0.84,18.81,66.42,4.21,50,4.91,88.57,4.49,56.25,0.7,60,15.55,12.97,0.07,0.56,0,0,0,0,0.28,0.98,0,2.25,37.5,0,0,0.56,0.7,2.25,50,0,,0,,0,0,0,0,,,0.14,,
A. Oyirwoth,MLS Next Pro,2026,New England II,New England II,"LCMF, LDMF, DMF",19,1044,1,1.63,0,0.28,Uganda,7.93,8.19,62.11,2.16,60,0,0,0.09,2.84,3.85,1.98,1,0.09,1,0.09,1.38,0.09,1,0.09,0.14,0,0,18,1.55,27.78,5.556,0,0.34,0,1.21,78.57,4.05,65.96,1.03,0.69,0.26,31.03,0.34,0.52,45.69,87.55,10,75,7.67,95.51,20.78,92.12,2.93,64.71,18.55,34.3,0.02,0.34,0,0,0.17,0,0.09,5.26,72.13,1.12,30.77,0.26,33.33,0.52,0,4.4,66.67,0,,0,,0,0,0,0,,,0.52,,
E. Klein,MLS Next Pro,2026,New England II,New England II,DMF,19,387,0,0.16,0,0.62,United States,9.53,5.12,77.27,3.26,50,0.23,0.32,0,5.35,7.34,0,0,0,0,0,0.7,0,0,0,0.04,0,0,3,0.7,33.33,0,0,0.23,100,1.63,14.29,4.42,31.58,0.7,1.16,0,43.49,0,0.47,61.86,86.09,21.16,75.82,5.58,87.5,27.21,94.87,5.81,56,18.21,37.56,0.14,0.7,0,0,0,0,0.23,11.86,76.47,0.93,0,0.23,0,0.23,0.23,9.53,75.61,0,,0,,0,0,0,0,,,0.23,,
D.  Duque,MLS Next Pro,2026,New York City II,New York City II,"AMF, RCMF",20,561,1,0.25,2,0.35,United States,4.49,6.26,48.72,0.8,0,0,0,0,1.44,1.9,1.28,1,0.16,0,0,1.6,0.16,1,0.16,0.04,0,0,4,0.64,100,25,0.32,0.32,0,1.28,62.5,4.33,48.15,0.8,1.44,0.16,25.03,0.8,1.12,28.88,82.22,7.38,76.09,5.29,87.88,8.18,80.39,1.28,62.5,12.96,20.24,0.06,0.96,0,0,0.32,50,0.48,3.05,89.47,1.12,57.14,0.32,50,0.8,0,5.61,68.57,0,,0,,0,0,0,0,,,0,,
P. Molinari,MLS Next Pro,2026,New York City II,New York City II,"RDMF, LCMF",17,464,0,0.01,0,0.51,United States,9.5,6.4,60.61,1.75,0,0,0,0.39,5.63,6.54,0.97,1,0.19,0,0,0.78,0,0,0,0,0,0,1,0.19,0,0,0,0.19,0,0.58,66.67,3.49,55.56,0,0.78,0.39,29.48,0,0.39,43.84,84.07,17.65,74.73,6.01,93.55,13.38,88.41,5.04,42.31,17.78,35.54,0.1,0.39,0.19,0,0.39,100,0.19,7.18,67.57,1.36,57.14,0.58,66.67,1.36,0,7.18,72.97,0,,0,,0,0,0,0,,,0.97,,
D. Kerr,MLS Next Pro,2026,New York City II,New York City II,"LB, LAMF",21,845,0,0.85,2,1.31,United States,6.6,6.28,50.85,1.28,58.33,0.11,0.14,0,3.3,4.21,0.53,1,0.11,0,0,2.88,0,0,0,0.09,0,0,12,1.28,33.33,0,0.21,3.09,44.83,1.81,52.94,3.73,51.43,2.02,0.96,0.21,26.63,2.88,0.85,33.23,71.15,13.1,60.98,5.54,92.31,9.16,72.09,4.47,54.76,18.94,42.16,0.14,0.96,0,0,0.11,100,0.75,3.94,59.46,3.2,50,0.21,50,0.85,1.17,9.05,61.18,0,,0,,0,0,0,0,,,0.11,,
J. Suchecki,MLS Next Pro,2026,New York City II,New York City II,"LCB, RDMF, LDMF",24,1296,1,2.34,0,0.39,United States,8.19,3.4,61.22,3.4,55.1,0.28,0.37,0.28,5.83,7.68,0.97,0,0,0,0,0.9,0.07,1,0.07,0.16,0,0,14,0.97,28.57,7.143,0,0.56,50,0.49,71.43,2.5,30.56,1.32,0.42,0.07,32.22,0.56,0.69,44.03,84.23,12.15,64.57,5.63,92.59,19.65,92.93,4.79,49.28,19.35,39.15,0.03,0.21,0.07,0,0,0,0.14,5.28,59.21,1.04,46.67,0.14,0,0.35,0.21,5.49,60.76,0,,0,,0,0,0,0,,,1.18,,
C. Flax,MLS Next Pro,2026,New York City II,New York City II,"LDMF, RDMF, LWF",22,1217,6,3.72,1,1.29,United States,6.73,4.29,68.97,0.81,36.36,0.15,0.19,0.07,3.62,4.71,0.59,2,0.15,0,0,1.55,0.44,4,0.3,0.28,0,0,23,1.7,30.43,26.087,0.07,0.81,36.36,0.89,83.33,4.66,41.27,1.04,1.18,0.07,43.93,0.74,0.81,54.65,85.66,15.16,69.27,10.8,93.15,19.01,93.39,3.85,46.15,17.05,31.82,0.1,0.81,0.15,0,0,0,0.59,5.99,64.2,2.37,53.13,0.15,50,1.33,0.37,6.73,65.93,0,,0,,0,0,0,0,,,0.59,,
S.Musu,MLS Next Pro,2026,New York City II,New York City II,"CF, AMF",25,1001,5,3.46,3,1.86,Italy,4.14,5.3,44.07,2.07,30.43,0,0,0,1.8,2.35,2.07,1,0.09,1,0.09,2.88,0.45,5,0.45,0.31,0,0,24,2.16,50,20.833,0.27,1.35,33.33,2.07,65.22,8.36,45.16,3.24,1.17,0,21.67,1.8,1.62,27.33,79.61,5.66,73.02,7.91,92.05,7.19,76.25,1.35,66.67,14.2,24.1,0.17,1.35,0,0,0,0,0.99,2.16,79.17,2.07,34.78,0.18,50,1.17,0.45,2.43,81.48,0,,0,,0,0,0,0,,,0.09,,
X. Aguilar,MLS Next Pro,2026,Huntsville City,Huntsville City,"LW, LAMF, CF",,627,1,0.89,0,0.38,United States,5.6,6.46,53.33,2.15,33.33,0.14,0.16,0,2.01,2.3,1.58,0,0,0,0,2.87,0.14,1,0.14,0.13,0,0,5,0.72,40,20,0,0.57,25,4.02,57.14,9.04,41.27,1.58,2.15,0.29,16.51,0.57,1,19.95,81.29,6.03,71.43,4.59,90.63,5.45,89.47,0.72,60,15.23,12.54,0.06,0.72,0,0.14,0.29,50,0.14,2.3,75,1.72,75,0.29,50,1.44,0.14,2.87,75,0,,0,,0,0,0,0,,,0,,
D. Colon,MLS Next Pro,2026,Carolina Core,Carolina Core,"LB, RCB, LWB",21,318,0,0.08,0,0.11,United States,9.06,4.53,37.5,4.81,41.18,0,0,0.28,7.36,9.29,1.7,0,0,0,0,2.26,0,0,0,0.02,0,0,3,0.85,100,0,0,1.7,50,0.85,66.67,2.83,70,0.57,0.57,0,18.96,1.98,1.98,25.47,84.44,7.92,75,4.53,93.75,10.19,83.33,2.55,77.78,20.27,28.9,0.03,0.28,0,0,0,0,0,2.83,90,2.26,50,0,0,0.28,1.13,4.81,82.35,0,,0,,0,0,0,0,,,1.7,,
Anthony Sumoza,MLS Next Pro,2026,Carolina Core,Carolina Core,"CF, RAMF, LAMF",27,941,2,2,0,1.42,Liberia,4.59,5.16,44.44,2.68,32.14,0.1,0.12,0.1,2.2,2.76,1.82,3,0.29,0,0,2.58,0.19,2,0.19,0.19,0,0,12,1.15,58.33,16.667,0,1.24,23.08,3.25,50,13.1,39.42,2.68,2.2,0.19,8.61,0.77,2.2,13.29,69.78,4.69,65.31,3.06,84.38,3.25,70.59,0.67,42.86,17.62,13.92,0.14,0.67,0,0,0.1,0,0.77,2.01,76.19,1.82,42.11,0.1,0,1.05,0.29,3.06,68.75,0,,0,,0,0,0,0,,,0,,
Alenga Charles,MLS Next Pro,2026,Carolina Core,Carolina Core,"LDMF, DMF, RDMF",23,315,0,0,0,0,Tanzania,10.29,8.29,62.07,0.86,0,2.29,2.89,0.29,2.86,3.61,0.86,2,0.57,0,0,0,0,0,0,0,0,0,0,0,0,0,0,0.29,0,0,0,3.14,72.73,0,0.29,0,20.57,0,2.29,31.43,88.18,6.57,78.26,6.57,91.3,13.71,91.67,4,57.14,17.52,26.23,0,0,0,0,0,0,0,4.57,62.5,0.57,0,0,0,0,0,2.86,90,0,,0,,0,0,0,0,,,0.86,,
N. Brown,MLS Next Pro,2026,Carolina Core,Carolina Core,"RB, RW, LB",23,195,0,0,1,0.27,United States,11.54,11.54,56,1.85,25,0,0,0,5.08,6.73,1.85,0,0,0,0,0.46,0,0,0,0,0,0,0,0,0,0,0.46,2.31,20,0,0,2.31,40,1.85,0,0,17.54,2.31,0,27.23,69.49,14.77,62.5,2.31,80,6.92,86.67,2.31,40,20.04,8.95,0.13,0.92,0,0,0,0,0.92,1.38,66.67,1.38,33.33,0,0,0.92,0.46,4.62,40,0,,0,,0,0,0,0,,,0.46,,
R. Montenegro,MLS Next Pro,2026,Carolina Core,Carolina Core,"LCMF, LDMF, RCMF",21,1372,1,1.37,2,1,United States,4.99,4.53,57.97,0.59,44.44,0.2,0.24,0,2.16,2.69,0.98,1,0.07,0,0,0.66,0.07,1,0.07,0.09,0,0,9,0.59,33.33,11.111,0.13,0.66,30,1.25,21.05,4.07,33.87,1.31,1.25,0.33,17.65,0.26,0.46,28.4,84.53,7.02,72.9,5.58,98.82,9.91,86.09,1.38,66.67,15.45,25.75,0.07,0.92,0.13,0.07,0.13,0,0.39,2.95,73.33,1.25,47.37,0.07,0,0.46,0.2,3.41,65.38,0,,0,,0,0,0,0,,,0.39,,
L. Eke,MLS Next Pro,2026,Huntsville City,Huntsville City,"LW, LAMF, CF",20,307,1,1.09,0,0.05,Nigeria,8.21,10.85,54.05,3.22,27.27,0,0,0.29,2.35,2.64,3.22,1,0.29,0,0,2.05,0.29,1,0.29,0.32,0,0,6,1.76,50,16.667,0,1.17,25,1.47,60,5.86,55,2.93,2.05,0,14.36,1.47,0.88,19.35,62.12,5.57,36.84,2.93,90,4.69,56.25,0.59,0,14.75,5.63,0.02,0.29,0,0,0,0,0.29,2.93,50,1.47,40,0,0,0.29,0.59,4.69,50,0,,0,,0,0,0,0,,,0,,
C. Lundeen,MLS Next Pro,2026,Carolina Core,Carolina Core,"AMF, LCMF",25,395,0,0.57,2,0.8,United States,4.56,5.24,52.17,3.42,73.33,0,0,0,1.82,2.67,0.91,1,0.23,0,0,1.37,0,0,0,0.13,0,0,6,1.37,0,0,0.46,1.59,42.86,1.59,42.86,5.47,41.67,1.82,0.68,0.23,21.42,0.91,2.51,27.34,70,9.34,48.78,5.7,92,8.89,82.05,2.73,50,18.96,34.1,0.18,1.82,0.23,0,0.23,0,0.68,4.78,42.86,2.73,66.67,0.23,0,0.91,0.46,5.24,73.91,0,,0,,0,0,0,0,,,0.46,,
D. John,MLS Next Pro,2026,Carolina Core,Carolina Core,"RW, LWF, LAMF",20,372,0,0.58,0,0.45,Jamaica,9.44,10.89,48.89,1.45,16.67,0.48,0.61,0,3.63,4.59,2.66,1,0.24,0,0,1.21,0,0,0,0.14,0,0,5,1.21,0,0,0,1.69,0,2.42,50,7.98,39.39,3.15,2.18,0,15.73,1.69,1.94,21.29,62.5,6.77,50,4.6,89.47,4.84,50,1.69,14.29,18.33,24.52,0.11,1.45,0,0,0.24,0,0.48,1.45,16.67,2.42,50,0.24,0,1.21,0,5.08,47.62,0,,0,,0,0,0,0,,,0,,
D. Diaz,MLS Next Pro,2026,Carolina Core,Carolina Core,"LW, LAMF, RWB",22,1076,2,3.97,2,1.51,United States,7.44,7.7,52.17,1.51,0,0.08,0.11,0.08,3.35,4.27,1.59,2,0.17,0,0,4.01,0.17,2,0.17,0.33,0,0,31,2.59,32.26,6.452,0.17,2.43,31.03,4.27,49.02,11.29,45.19,3.6,3.09,0.84,16.56,1.42,0.75,24.34,74.91,6.94,73.49,6.02,87.5,6.27,65.33,1.17,35.71,16.92,22.82,0.13,1,0.08,0.08,0.42,80,0.84,2.43,65.52,2.76,48.48,0.17,50,0.84,0.67,3.76,71.11,0,,0,,0,0,0,0,,,0.08,,
R. Aguirre,MLS Next Pro,2026,Carolina Core,Carolina Core,"RCMF, LCMF",21,196,0,0.1,0,0.42,United States,3.67,5.51,58.33,0.92,50,0,0,0,0.46,0.68,0.92,0,0,0,0,0,0,0,0,0.04,0,0,1,0.46,0,0,0,0.46,0,0.92,0,3.67,37.5,1.38,0,0,23.88,0.46,0.92,34.9,90.79,8.27,72.22,8.72,100,10.56,91.3,0.92,50,15.63,15.8,0.19,0.92,0,0,0,0,0.92,2.3,100,0.92,50,0,0,0.92,0.46,2.76,50,0,,0,,0,0,0,0,,,0.92,,
K. Balogun,MLS Next Pro,2026,Carolina Core,Carolina Core,CF,27,204,0,0.53,0,0.14,United States,3.09,3.09,14.29,4.41,60,0,0,0,2.65,3.33,4.85,1,0.44,0,0,3.53,0,0,0,0.23,0,0,6,2.65,50,0,0,1.32,33.33,4.41,40,17.65,42.5,4.41,0.44,0,7.94,1.76,3.09,15,73.53,3.09,85.71,3.09,85.71,2.65,83.33,0.44,0,15.52,9.74,0.06,1.32,0,0,0,0,0.88,1.32,33.33,2.21,60,0,0,1.76,0.44,1.32,66.67,0,,0,,0,0,0,0,,,0,,
J. Van Deventer,MLS Next Pro,2026,Huntsville City,Huntsville City,"CF, LW, RCMF",22,583,0,0.02,0,0.32,United States,4.79,5.4,57.14,1.39,33.33,0.15,0.21,0,1.54,2.05,1.08,1,0.15,0,0,0.15,0,0,0,0,0,0,1,0.15,0,0,0,0,0,0.62,25,5.56,38.89,0.31,0.93,0.15,24.24,0.46,0.93,30.87,91.5,6.33,80.49,9.73,96.83,9.57,95.16,0.77,80,14.53,11.77,0.05,0.77,0,0,0,0,0.46,2.47,93.75,0.31,100,0,0,0.31,0,2.47,68.75,0,,0,,0,0,0,0,,,0,,
T. Raimbault,MLS Next Pro,2026,Carolina Core,Carolina Core,"AMF, RAMF, CF",25,1206,2,3.28,4,1.9,France,4.4,4.18,51.79,2.16,44.83,0.3,0.36,0.15,1.94,2.36,0.82,2,0.15,0,0,1.87,0.15,2,0.15,0.24,0,0,19,1.42,36.84,10.526,0.3,1.79,12.5,1.27,58.82,4.7,41.27,2.31,0.82,0.37,19.25,1.04,0.97,25.45,71.85,7.24,57.73,5.22,87.14,7.99,76.64,1.87,44,17.64,30.7,0.14,0.82,0,0,0.45,83.33,0.45,3.06,58.54,2.01,44.44,0.52,57.14,1.04,0.3,3.36,66.67,0,,0,,0,0,0,0,,,0.07,,
M. Diakite,MLS Next Pro,2026,Carolina Core,Carolina Core,"LCB, RCMF, LDMF",29,621,1,0.52,0,0.37,Côte d'Ivoire,13.48,9.57,65.15,3.77,61.54,0.14,0.19,0.72,7.1,9.25,1.88,3,0.43,0,0,1.3,0.14,1,0.14,0.08,1,0.14,8,1.16,25,12.5,0,0.87,0,1.59,54.55,5.8,32.5,0.72,1.01,0,23.77,0.14,0.72,38.99,81.78,15.07,72.12,3.33,100,17.25,84.87,5.36,40.54,21.87,30.14,0.05,0.29,0,0,0.14,100,0.14,7.25,64,1.88,23.08,0.14,100,0.29,0,5.8,72.5,0,,0,,0,0,0,0,,,0.72,,
A. Tattevin,MLS Next Pro,2026,Carolina Core,Carolina Core,CF,26,1044,6,4.58,0,1.63,France,3.1,2.33,55.56,2.67,38.71,0,0,0.09,1.81,2.38,0.43,2,0.17,0,0,2.16,0.52,6,0.52,0.39,1,0.09,31,2.67,41.94,19.355,0,0.6,14.29,1.98,43.48,8.28,40.63,3.88,0.69,0,11.21,1.38,0.86,17.07,69.19,4.74,49.09,4.57,92.45,3.79,75,0.95,36.36,15.47,21.22,0.14,1.21,0,0,0.09,100,0.69,1.98,56.52,1.81,38.1,0.26,33.33,0.86,0.09,2.67,58.06,0,,0,,0,0,0,0,,,0,,
C. Niang,MLS Next Pro,2026,Cincinnati II,Cincinnati II,CF,19,464,3,2.04,0,0,Senegal,2.52,3.3,35.29,7.56,58.97,0,0,0,1.36,1.51,3.1,2,0.39,0,0,1.94,0.58,3,0.58,0.4,0,0,13,2.52,53.85,23.077,0,0.39,0,2.52,23.08,6.59,32.35,3.49,1.16,0,7.56,1.94,1.55,11.06,63.16,2.33,41.67,2.33,91.67,3.49,61.11,0,0,14.17,0,0,0,0,0,0,0,0,0.97,60,0.39,50,0,0,0.39,0,1.16,83.33,0,,0,,0,0,0,0,,,0,,
N. Gassan,MLS Next Pro,2026,Cincinnati II,Cincinnati II,"RCMF, LCMF",18,337,0,0.01,0,0.35,United States,5.88,6.14,56.52,1.87,28.57,0,0,0.8,2.4,3.07,1.34,1,0.27,0,0,0.53,0,0,0,0,0,0,1,0.27,0,0,0,0,0,0.53,100,7.74,48.28,0.27,0,0,15.49,0,0.8,25.1,86.17,6.41,70.83,5.61,95.24,9.08,97.06,0.8,66.67,15.15,17.58,0.09,0.53,0,0,0,0,0.27,2.4,66.67,0.53,100,0.27,0,0.53,0,2.94,54.55,0,,0,,0,0,0,0,,,0,,
C. Sphire,MLS Next Pro,2026,Cincinnati II,Cincinnati II,"RCMF, LCMF",17,701,0,0.2,0,0.19,United States,8.6,8.35,50.77,2.44,36.84,0.26,0.3,0.39,4.11,4.87,2.57,4,0.51,0,0,0.51,0,0,0,0.03,0,0,3,0.39,33.33,0,0,0.51,25,0.51,50,3.08,45.83,0.39,0.26,0.13,15.53,0,1.41,27.48,70.56,10.53,52.44,4.88,100,7.7,73.33,2.57,40,16.82,31.92,0.02,0.26,0.13,0,0.13,0,0.26,4.75,37.84,1.41,54.55,0.13,0,0.9,0.13,4.24,60.61,0,,0,,0,0,0,0,,,0.51,,
D. Mosquera,MLS Next Pro,2026,Cincinnati II,Cincinnati II,"RWB, AMF",18,792,0,0.75,0,0.69,Colombia,5.8,6.14,50,2.73,29.17,0,0,0,2.73,3.2,1.82,1,0.11,0,0,2.84,0,0,0,0.08,0,0,6,0.68,66.67,0,0,2.05,27.78,3.3,55.17,7.73,45.59,1.25,2.39,0.34,14.09,1.82,2.16,18.52,66.87,5.57,63.27,5.11,88.89,5.57,51.02,0.91,37.5,17.33,22.94,0.08,0.8,0,0,0,0,0.45,2.39,80.95,2.61,34.78,0,0,0.45,0.45,2.95,65.38,0,,0,,0,0,0,0,,,0,,
M. Vasquez,MLS Next Pro,2026,Cincinnati II,Cincinnati II,CF,19,334,1,0.47,1,0.5,Honduras,2.69,2.96,36.36,6.2,60.87,0.54,0.63,0.27,1.08,1.25,1.08,0,0,0,0,1.08,0.27,1,0.27,0.13,0,0,7,1.89,28.57,14.286,0.27,0.81,0,0.81,66.67,5.39,45,2.69,0.54,0,5.39,0.54,2.96,8.35,64.52,2.16,37.5,3.77,85.71,1.62,33.33,0.27,0,15.76,5.77,0.13,0.27,0,0,0,0,0.27,0.27,0,1.08,25,0,0,0.54,0.27,1.08,25,0,,0,,0,0,0,0,,,0,,
J. Mize,MLS Next Pro,2026,Cincinnati II,Cincinnati II,"AMF, RWF, LCMF",18,587,0,0.9,1,0.18,Germany,6.29,5.98,76.92,0.46,33.33,0,0,0.15,1.69,2.06,0.77,1,0.15,0,0,2.91,0,0,0,0.14,0,0,10,1.53,30,0,0.15,1.53,50,3.83,44,8.28,40.74,2.3,1.69,0.46,11.19,1.23,0.92,13.49,63.64,4.45,51.72,3.37,86.36,3.07,60,0.61,75,17.32,8.12,0.03,0.61,0,0.15,0,0,0.61,1.84,58.33,1.53,40,0,0,0.15,0.61,2.61,52.94,0,,0,,0,0,0,0,,,0,,
S. Chirila,MLS Next Pro,2026,Cincinnati,Cincinnati II,"CF, AMF",19,946,4,4.63,1,0.38,United States,3.23,3.62,52.63,1.81,5.26,0,0,0.1,1.33,1.59,1.71,3,0.29,0,0,2.85,0.38,3,0.29,0.44,0,0,27,2.57,48.15,14.815,0.1,0.76,25,2.47,53.85,9.8,44.66,2.19,1.33,0.1,10.94,0.95,2.57,13.7,76.39,3.42,58.33,4.09,95.35,3.9,75.61,1.52,31.25,19.38,28.02,0.04,0.38,0,0.1,0.1,100,0.29,2,42.86,1.05,63.64,0.1,100,0.48,0.19,2.09,77.27,0,,0,,0,0,0,0,,,0,,
L. Orejarena,MLS Next Pro,2026,Cincinnati II,Cincinnati II,"LCMF, AMF",18,1236,1,0.89,1,1.17,United States,4,4.15,49.12,0.8,27.27,0.36,0.43,0.07,1.6,1.88,0.66,1,0.07,0,0,2.11,0.07,1,0.07,0.06,0,0,13,0.95,38.46,7.692,0.07,0.73,50,1.97,70.37,7.43,50,0.73,1.09,0.07,27.23,0.8,1.97,33.64,82.9,8.74,62.5,7.28,93,12.96,90.45,2.69,67.57,17.91,37.82,0.09,0.8,0.15,0,0,0,0.36,4.88,73.13,1.17,56.25,0,0,0.36,0.36,5.1,62.86,0,,0,,0,0,0,0,,,0,,
A. Lajhar,MLS Next Pro,2026,Cincinnati,Cincinnati II,"LWB, LCB",21,675,0,0.38,1,1.57,Libya,5.73,5.07,50,1.87,64.29,0.4,0.47,0.4,2.8,3.3,1.07,3,0.4,1,0.13,2.67,0,0,0,0.05,0,0,5,0.67,40,0,0.13,1.87,42.86,2.4,66.67,6,53.33,1.07,2.27,0.27,23.6,2,0.93,31.07,77.68,10.27,63.64,6.4,93.75,10,86.67,3.07,34.78,19.37,40.58,0.21,0.67,0,0,0,0,0.13,3.87,65.52,1.2,33.33,0,0,0.13,0.53,5.87,68.18,0,,0,,0,0,0,0,,,0.4,,
C.  Holmes,MLS Next Pro,2026,Cincinnati II,Cincinnati II,"LWB, RWB, CF",22,1221,1,1.6,0,1.08,United States,5.31,5.23,47.89,3.46,34.04,0.15,0.17,0.15,2.65,3.12,1.03,2,0.15,0,0,1.99,0.07,1,0.07,0.12,0,0,14,1.03,28.57,7.143,0,1.62,40.91,2.21,46.67,5.75,38.46,2.51,1.62,0.07,15.04,2.21,1.03,19.24,77.39,5.6,65.79,4.86,92.42,5.23,71.83,1.33,50,15.91,24.15,0.08,0.44,0,0,0,0,0.37,1.25,52.94,1.47,40,0,0,0.44,0.52,2.8,55.26,0,,0,,0,0,0,0,,,0.07,,
T. Vorenkamp,MLS Next Pro,2026,Inter Miami II,Inter Miami II,"RB, RWB",20,1178,0,0.73,2,0.81,Spain,10.47,8.4,50,2.29,46.67,0.69,1.02,0.15,5.58,8.3,1.38,5,0.38,0,0,2.06,0,0,0,0.06,0,0,9,0.69,33.33,0,0.15,2.83,24.32,1.99,57.69,6.19,46.91,2.06,1.3,0.38,21.16,2.67,1.07,31.63,73.43,12.38,63.58,6.42,96.43,8.1,77.36,4.2,50.91,20.03,39.79,0.06,0.53,0,0,0,0,0.31,3.97,50,2.6,35.29,0.46,16.67,0.69,0.46,5.65,64.86,0,,0,,0,0,0,0,,,0.76,,
H. Mueller,MLS Next Pro,2026,Portland Timbers II,Portland Timbers II,"LB, LWB",,398,0,0.01,0,0,United States,9.05,5.2,69.57,1.36,33.33,0.9,1.01,0,4.52,5.04,1.13,0,0,0,0,0.9,0,0,0,0,0,0,1,0.23,100,0,0,0.68,33.33,0.9,50,2.94,76.92,0.23,0.9,0.23,23.29,1.58,1.36,29.4,81.54,14.25,76.19,5.2,91.3,5.43,83.33,1.81,25,15.36,17.98,0,0,0,0,0,0,0,5.2,56.52,0.9,50,0,0,0.23,0.23,5.65,64,0,,0,,0,0,0,0,,,0,,
J. Ottley,MLS Next Pro,2026,Real Monarchs,Real Monarchs,"RWB, LWB, RCMF",18,376,0,0.96,1,1.28,United States,4.07,5.03,38.1,2.87,41.67,0.24,0.43,0,1.91,3.48,1.2,1,0.24,0,0,5.74,0,0,0,0.23,0,0,14,3.35,57.14,0,0.24,4.31,33.33,4.07,58.82,9.81,51.22,5.27,2.63,0.24,19.87,3.83,2.15,21.54,60,5.03,57.14,6.22,80.77,5.74,50,1.91,75,17.69,22.48,0.31,0.96,0,0,0,0,0.96,2.15,77.78,3.83,43.75,0,0,0.48,1.44,3.83,75,0,,0,,0,0,0,0,,,0,,
V. Parker,MLS Next Pro,2026,Real Salt Lake,Real Monarchs,CF,17,875,4,3.67,1,1.23,United States,3.7,3.81,37.84,4.32,45.24,0.1,0.16,0.1,2.16,3.26,1.54,0,0,0,0,2.06,0.41,4,0.41,0.38,0,0,16,1.65,56.25,25,0.1,0.82,37.5,1.54,53.33,9.77,34.74,4.22,0.82,0.31,9.26,1.95,1.54,13.06,74.8,2.67,73.08,4.83,82.98,2.67,69.23,0,0,15.28,0,0.13,0.72,0.21,0,0,0,0.82,1.13,63.64,0.93,88.89,0,0,1.23,0.31,1.54,73.33,0,,0,,0,0,0,0,,,0,,
N. Santos,MLS Next Pro,2026,Portland Timbers II,Portland Timbers II,"LAMF, LW",19,1244,3,4.3,2,2.53,United States,5.35,5.43,60,0.58,37.5,0,0,0,2.1,2.47,0.58,3,0.22,0,0,7.52,0.22,2,0.14,0.31,0,0,42,3.04,50,7.143,0.14,3.33,34.78,9.04,53.6,19.03,47.15,2.6,3.55,0.65,20.69,1.09,2.17,27.71,73.89,8.18,70.8,6.15,92.94,8.97,67.74,3.76,59.62,20.36,42.36,0.18,1.16,0.14,0,0.07,0,0.8,5.72,68.35,3.83,47.17,0.65,44.44,1.16,1.3,7.09,83.67,0,,0,,0,0,0,0,,,0,,
L. Rodrigues Dos Santos,MLS Next Pro,2026,Real Monarchs,Real Monarchs,"CF, AMF, RWF",24,1170,5,7.74,1,2.84,Brazil,3.38,3.85,52,0.77,30,0.08,0.12,0.08,1.31,1.97,1.46,2,0.15,0,0,2.92,0.38,5,0.38,0.6,0,0,31,2.38,41.94,16.129,0.08,1.08,42.86,2.46,50,11.15,34.48,4.15,1.23,0.31,18.23,1,1.54,23.38,79.28,5.38,62.86,6.08,87.34,6.31,85.37,1.23,62.5,15.05,30.72,0.22,2,0,0,0.23,100,1.08,2.31,70,1.85,37.5,0.38,80,1.38,0.46,2.85,75.68,0,,0,,0,0,0,0,,,0.08,,
R. Mesalles,MLS Next Pro,2026,Real Monarchs,Real Monarchs,"LCB, LB, LWB",23,1448,1,2.17,1,1.39,United States,7.96,7.02,55.75,2.61,52.38,0,0,0.44,4.04,5.82,1.49,2,0.12,0,0,1.93,0.06,1,0.06,0.14,0,0,16,0.99,31.25,6.25,0.06,1.43,60.87,0.87,71.43,3.23,51.92,1.99,1.31,0.31,41.46,1.55,0.99,54.94,86.76,22.87,79.89,8.45,94.12,17.09,89.82,6.96,57.14,20.13,38.01,0.09,0.81,0.06,0.06,0.19,66.67,0.81,8.58,73.19,2.98,47.92,0.5,62.5,1.18,0.75,12.12,80,0,,0,,0,0,0,0,,,1.74,,
S. Siegler,MLS Next Pro,2026,Colorado Rapids II,Colorado Rapids II,"LCMF, RCB",17,191,0,0.1,0,0,United States,9.9,6.6,57.14,3.3,42.86,0,0,0.94,6.13,8.67,2.36,1,0.47,0,0,1.41,0,0,0,0.05,0,0,2,0.94,50,0,0,0.94,100,0.47,0,2.83,0,0.47,0.94,0.47,39.11,0,0,54.66,85.34,18.85,67.5,12.25,92.31,10.37,100,1.88,25,14.13,23.89,0,0,0,0,0,0,0.47,5.18,54.55,2.83,66.67,0,0,0.47,0.94,6.13,61.54,0,,0,,0,0,0,0,,,0.94,,
F. Lisboa,MLS Next Pro,2026,Austin FC II,Austin FC II,LWF,16,630,2,0.37,2,0.81,United States,5.29,4.43,48.39,1.43,30,0.14,0.18,0.14,3,3.82,0.71,3,0.43,0,0,2,0.29,2,0.29,0.05,0,0,6,0.86,50,33.333,0.29,0.86,50,2.86,30,8,50,1.43,2.14,0.14,22.86,1.86,2.43,29.14,79.9,8,75,7.14,94,6.43,66.67,1.71,58.33,16.54,40.29,0.12,1,0,0,0.29,100,1,3.57,64,1.86,53.85,0.29,100,1.43,0.43,5.29,72.97,0,,0,,0,0,0,0,,,0,,
N. Tchoumba,MLS Next Pro,2026,Colorado Rapids II,Colorado Rapids II,"RCMF, LCMF",15,714,0,0.04,1,0.01,United States,5.67,5.29,45.24,1.01,37.5,0.5,0.75,0.25,2.77,4.15,1.76,2,0.25,0,0,0.38,0,0,0,0.01,0,0,1,0.13,0,0,0.13,0,0,0.88,42.86,5.67,37.78,0,0.13,0,28.11,0.25,1.13,36.05,92.31,9.58,84.21,7.56,95,11.85,96.81,0.5,50,16.94,11.24,0,0.13,0,0,0,0,0.13,3.4,85.19,0.38,66.67,0,0,0.13,0,3.15,80,0,,0,,0,0,0,0,,,0.38,,
Jonathan De La Fuente,MLS Next Pro,2026,Colorado Rapids II,Colorado Rapids II,"RCMF, RB",17,224,0,0.08,0,0.07,Mexico,5.63,7.23,44.44,1.21,33.33,0,0,0,2.41,3.53,2.81,1,0.4,0,0,1.61,0,0,0,0.03,0,0,2,0.8,0,0,0,0.8,50,2.01,60,4.42,72.73,0,0.4,0,40.18,0.8,0.4,44.6,83.78,17.68,68.18,9.24,100,10.45,88.46,1.61,0,16.38,24.04,0.03,0.4,0,0,0,0,0.8,5.63,71.43,2.41,50,0,0,0.8,0.4,6.43,75,0,,0,,0,0,0,0,,,0.8,,
Luis García,MLS Next Pro,2026,Colorado Rapids II,Colorado Rapids II,"RCMF, DMF, LCMF",21,376,0,0.37,0,0,Colombia,4.79,4.55,73.68,0.48,100,0,0,0.24,1.44,1.91,0.96,1,0.24,0,0,0.72,0,0,0,0.09,0,0,5,1.2,20,0,0,0,0,0.96,50,7.42,41.94,0.24,0.48,0,30.4,0,2.39,39.73,91.57,10.29,79.07,6.94,93.1,14.36,98.33,1.2,40,15.12,19.83,0,0,0.24,0,0,0,0,2.63,72.73,0.48,50,0,0,0,0,3.11,76.92,0,,0,,0,0,0,0,,,0.48,,
M. Badawiya,MLS Next Pro,2026,Austin FC II,Austin FC II,"RWF, RCMF",18,429,1,0.77,2,0.81,United States,3.99,3.99,52.63,1.05,20,0,0,0,1.89,2.7,1.05,0,0,0,0,3.36,0.21,1,0.21,0.16,0,0,9,1.89,44.44,11.111,0.42,1.05,40,3.36,56.25,8.18,28.21,2.73,1.68,0,25.59,1.47,0.21,33.15,89.87,6.92,72.73,12.17,100,9.23,86.36,0.42,50,14.37,6.81,0.17,0.84,0.21,0,0.21,100,0.63,2.73,76.92,1.89,66.67,0.21,100,1.89,0.42,3.36,81.25,0,,0,,0,0,0,0,,,0,,
L. Strohmeyer,MLS Next Pro,2026,Colorado Rapids II,Colorado Rapids II,"LWF, RDMF, RCMF",18,728,0,0.38,0,0.41,United States,5.19,4.57,59.46,0.49,50,0.37,0.51,0,2.1,2.91,0.87,2,0.25,0,0,0.62,0,0,0,0.05,0,0,4,0.49,25,0,0,0.49,75,0.37,33.33,1.98,43.75,0.49,0.49,0,31.77,0.37,0.87,42.28,85.09,13.6,77.27,8.16,90.91,13.48,92.66,2.97,50,17.69,30.73,0.05,0.37,0,0,0.25,0,0.25,4.82,71.79,1.24,60,0.49,0,0.25,0.12,5.44,63.64,0,,0,,0,0,0,0,,,0.62,,
R. Garcia,MLS Next Pro,2026,Colorado Rapids II,Colorado Rapids II,"RW, CF, LWF",18,235,0,0.39,0,1.08,United States,5.74,4.98,38.46,1.53,50,0.38,0.64,0.38,3.45,5.74,1.15,1,0.38,0,0,1.53,0,0,0,0.15,0,0,3,1.15,0,0,0,0.38,0,3.45,44.44,8.04,61.9,3.83,1.53,0.77,21.06,1.15,3.45,27.19,71.83,5.74,53.33,7.28,100,7.28,68.42,1.15,66.67,16.23,6.32,0.42,2.68,0.38,0,0.38,0,1.53,3.83,40,2.3,50,0.38,0,1.53,0,1.53,75,0,,0,,0,0,0,0,,,0.38,,
J. Cameron,MLS Next Pro,2026,Colorado Rapids II,Colorado Rapids II,"LB, LAMF, LCB",21,677,0,1.27,0,0.16,Canada,6.38,5.85,54.55,2.79,42.86,0,0,0,3.19,4.47,1.33,2,0.27,0,0,2.13,0,0,0,0.17,0,0,8,1.06,37.5,0,0,1.73,38.46,2.13,50,9.17,43.48,1.2,3.06,0.27,29.38,1.06,1.06,36.16,79.41,10.24,62.34,6.25,97.87,12.63,81.05,2.26,35.29,15.75,29.42,0.02,0.4,0,0,0.13,0,0.53,4.25,50,2.26,23.53,0.13,0,0.13,0.8,3.99,43.33,0,,0,,0,0,0,0,,,0.27,,
S. Wathuta,MLS Next Pro,2026,Colorado Rapids II,Colorado Rapids II,"LCMF, CF",22,1287,1,2.15,2,1.92,Canada,6.71,5.59,57.5,1.33,42.11,0,0,0.35,3.5,5.05,1.47,5,0.35,0,0,2.8,0.07,0,0,0.15,0,0,22,1.54,40.91,4.545,0.14,2.52,36.11,2.17,51.61,7.76,43.24,1.12,2.03,0.21,31.47,0.7,1.54,43.22,82.69,11.33,67.9,9.93,92.96,16.01,84.28,3.78,42.59,18.73,43.97,0.13,0.91,0,0.07,0.21,66.67,0.63,4.83,63.77,3.22,50,0.35,60,0.84,0.91,5.87,72.62,0,,0,,0,0,0,0,,,1.47,,
A. Fadal,MLS Next Pro,2026,Colorado Rapids,Colorado Rapids II,"DMF, RCMF, LDMF",22,808,0,0,0,0.41,Ghana,7.69,7.46,46.27,1.34,50,0.67,0.94,0.56,3.56,5.03,2.56,3,0.33,0,0,0.45,0,0,0,0,0,0,0,0,0,0,0,0.22,0,0.67,66.67,3.12,57.14,0.45,0.22,0.11,41.88,0.56,0.89,55.58,86.57,15.71,69.5,8.91,95,22.39,95.52,2.67,41.67,17.39,39.99,0.05,0.11,0,0,0,0,0.11,5.79,69.23,0.78,28.57,0.22,0,0.45,0,6.46,55.17,0,,0,,0,0,0,0,,,1.67,,
B. Jamison,MLS Next Pro,2026,Colorado Rapids II,Colorado Rapids II,"RWF, RW, RAMF",20,1018,2,2.7,0,0.78,United States,3.54,3.8,46.51,2.83,53.13,0.18,0.25,0,1.59,2.28,1.24,1,0.09,0,0,3.27,0.18,2,0.18,0.24,1,0.09,20,1.77,30,10,0,2.03,39.13,2.65,73.33,6.9,60.26,2.83,2.12,0.18,16.89,2.12,1.86,19.54,71.95,5.39,59.02,5.04,92.98,3.89,65.91,0.8,55.56,17.48,16.65,0.07,0.71,0,0,0,0,0.44,1.41,56.25,1.77,55,0,0,0.71,0.62,2.83,62.5,0,,0,,0,0,0,0,,,0.09,,
V. Danciutiu,MLS Next Pro,2026,Austin FC II,Austin FC II,CF,19,443,2,2.2,0,0.29,Romania,2.44,3.05,26.67,5.28,46.15,0,0,0,1.63,1.98,2.84,2,0.41,0,0,2.64,0.41,2,0.41,0.45,0,0,14,2.84,35.71,14.286,0,1.02,40,2.44,50,10.77,39.62,3.25,2.23,0,13.81,1.63,2.03,18.28,68.89,4.27,47.62,5.08,92,4.27,57.14,2.23,27.27,16.21,28.85,0.06,0.41,0,0,0.2,0,0.41,1.83,44.44,0.61,100,0.2,0,0.81,0.41,3.45,47.06,0,,0,,0,0,0,0,,,0,,
S. Dobrijevic,MLS Next Pro,2026,Austin FC II,Austin FC II,"LWF, CF, LAMF",22,678,3,2.56,1,1.23,United States,6.5,6.37,64.58,2.52,42.11,0.13,0.16,0,2.26,2.74,1.59,1,0.13,0,0,4.38,0.4,3,0.4,0.34,0,0,18,2.39,55.56,16.667,0.13,3.19,33.33,2.52,78.95,7.57,43.86,4.51,2.26,0,21.77,3.98,0.93,28.01,66.35,6.9,53.85,8.36,87.3,6.77,54.9,2.52,31.58,17.37,25.61,0.16,0.93,0.13,0,0,0,0.93,3.05,34.78,2.92,40.91,0.13,0,0.27,1.33,4.38,60.61,0,,0,,0,0,0,0,,,0,,
D. Abarca,MLS Next Pro,2026,Austin FC II,Austin FC II,"RWF, RW, RAMF",21,535,4,2.92,0,0.97,United States,5.55,4.54,48.15,2.02,41.67,0.34,0.39,0,3.03,3.55,0.5,2,0.34,0,0,3.36,0.67,3,0.5,0.49,1,0.17,17,2.86,41.18,23.529,0,2.52,46.67,2.36,42.86,8.07,45.83,3.2,1.01,0,18.84,2.36,2.36,23.38,77.7,5.38,68.75,7.74,97.83,6.9,70.73,1.35,37.5,17.81,25.47,0.16,1.01,0.17,0,0,0,0.5,2.69,68.75,2.69,62.5,0.17,0,1.18,1.18,3.53,80.95,0,,0,,0,0,0,0,,,0.17,,
K. Hot,MLS Next Pro,2026,Austin FC II,Austin FC II,"LCMF, RCMF",22,774,2,1.75,2,1.73,United States,5.7,4.88,59.52,0.47,75,0.58,0.75,0,2.21,2.86,0.7,2,0.23,0,0,1.98,0.23,2,0.23,0.2,0,0,10,1.16,60,20,0.23,0.58,20,1.16,70,4.42,60.53,1.16,0.12,0,24.19,0.23,1.86,31.16,86.19,7.56,84.62,6.86,93.22,10,84.88,1.86,50,16.66,24.53,0.2,0.81,0,0,0.35,100,0.58,3.49,73.33,1.4,58.33,0.47,75,1.05,0.12,4.07,71.43,0,,0,,0,0,0,0,,,0.58,,
M. Ruszel,MLS Next Pro,2026,Austin FC II,Austin FC II,"DMF, LCMF",22,460,1,1.45,0,0.05,United States,11.74,11.54,42.37,2.54,69.23,0.98,1.09,0.39,5.87,6.57,4.89,5,0.98,0,0,0.59,0.2,1,0.2,0.28,0,0,5,0.98,60,20,0,0.59,0,0,0,2.74,57.14,1.76,0.39,0.2,15.26,0.39,1.57,21.13,79.63,6.46,69.7,3.13,100,7.04,86.11,0.78,75,14.88,11.77,0.01,0.2,0,0,0,0,0.2,2.74,57.14,0.78,25,0,0,0.2,0,2.15,81.82,0,,0,,0,0,0,0,,,0.59,,
A. González Mendoza,MLS Next Pro,2026,Austin FC II,Austin FC II,"LCMF, RCMF",23,489,0,0.97,0,0.74,Mexico,4.6,7.36,32.5,1.84,40,0,0,0.37,2.21,2.95,2.21,0,0,1,0.18,0.92,0,0,0,0.18,0,0,10,1.84,10,0,0,2.39,7.69,0.74,75,5.89,43.75,1.84,0.92,0,29.82,0.92,2.02,37.91,78.64,8.47,69.57,8.47,97.83,13.99,75,3.13,88.24,17.67,30.44,0.14,1.29,0.18,0.18,0,0,0.18,4.6,72,3.68,35,0.18,100,1.1,0.55,5.71,67.74,0,,0,,0,0,0,0,,,0.37,,
Ernesto Rodriguez,MLS Next Pro,2026,Los Angeles II,Los Angeles II,"RWF, RW",,565,1,1.13,0,0.51,United States,10.67,10.51,62.12,1.59,30,0,0,0,4.14,5.86,2.71,6,0.96,0,0,3.66,0.16,1,0.16,0.18,0,0,13,2.07,30.77,7.692,0,3.03,31.58,3.19,60,9.72,50.82,3.82,2.87,0.32,20.71,2.71,2.07,27.4,69.77,5.42,52.94,9.56,85,6.37,65,1.43,33.33,14.55,17.47,0.08,0.96,0,0,0.16,100,0.48,2.23,42.86,1.91,33.33,0.16,100,0.48,1.59,3.19,55,0,,0,,0,0,0,0,,,0,,
A. Riquelme,MLS Next Pro,2026,Real Monarchs,Real Monarchs,"AMF, LCMF, RW",17,973,3,3.14,0,1.24,United States,3.98,4.53,46.94,1.2,69.23,0,0,0.18,1.85,2.58,1.85,4,0.37,0,0,2.59,0.28,3,0.28,0.29,0,0,31,2.87,35.48,9.677,0,0.74,0,2.31,48,10.45,41.59,1.39,1.39,0.37,23.86,1.2,2.31,29.32,82.97,8.42,72.53,5.64,93.44,10.54,84.21,1.48,62.5,17.78,33.51,0.12,1.02,0.18,0,0.55,83.33,0.28,4.9,71.7,2.77,46.67,0.65,71.43,1.39,0,4.72,80.39,0,,0,,0,0,0,0,,,0.09,,
L. Ream,MLS Next Pro,2026,Real Monarchs,Real Monarchs,"LB, LWB",16,275,0,0.01,0,0.01,United States,5.56,4.25,61.54,1.96,33.33,0.33,0.48,0.33,2.62,3.81,0.33,0,0,0,0,0.65,0,0,0,0,0,0,1,0.33,100,0,0,0.33,0,0.33,100,4.25,38.46,0.33,0.65,0,18.33,1.31,0.98,21.93,82.09,3.27,30,10.15,100,3.93,83.33,1.31,50,14.1,13.29,0,0.33,0,0,0,0,0,1.31,25,0.98,0,0,0,0,0,1.64,40,0,,0,,0,0,0,0,,,1.96,,
L. Lambert,MLS Next Pro,2026,Los Angeles U17,Los Angeles II,"RCMF, AMF, LCMF",17,252,1,0.5,0,0,United States,6.07,6.79,36.84,2.5,42.86,0.36,0.47,0,3.21,4.22,2.5,0,0,0,0,0.71,0.36,1,0.36,0.18,0,0,5,1.79,20,20,0,0,0,0.71,50,2.5,42.86,2.5,0.71,0,20,0.36,0,28.57,78.75,7.86,68.18,6.07,88.24,7.86,90.91,1.79,60,15.17,26.79,0,0.36,0,0,0,0,0,3.57,90,1.07,66.67,0.36,0,1.07,0,2.5,71.43,0,,0,,0,0,0,0,,,1.07,,
C. Kosakoff,MLS Next Pro,2026,Los Angeles II,Los Angeles II,CF,21,1195,3,5.23,1,1.3,United States,1.58,2.49,27.27,4.14,40,0.08,0.1,0.23,0.83,1.09,1.36,2,0.15,0,0,1.96,0.23,3,0.23,0.39,0,0,23,1.73,43.48,13.043,0.08,0.75,40,1.73,52.17,7.98,35.85,3.46,0.9,0.15,12.05,1.43,1.36,16.95,75.56,3.09,56.1,5.5,89.04,4.59,78.69,0.53,42.86,14.3,16.16,0.1,0.6,0,0.08,0.08,0,0.53,1.66,54.55,0.6,62.5,0.15,50,0.68,0.3,1.73,65.22,0,,0,,0,0,0,0,,,0.08,,
O. Marquez,MLS Next Pro,2026,Real Monarchs,Real Monarchs,"RCMF, DMF",18,719,2,1,1,0.91,United States,8.14,7.13,56.14,1.88,26.67,0.5,0.67,0.13,3.63,4.83,1.63,5,0.63,0,0,2.88,0.25,2,0.25,0.13,0,0,11,1.38,63.64,18.182,0.13,0.75,50,1.63,100,6.88,56.36,1.38,0.75,0.13,26.29,0.63,1.75,35.8,84.62,10.51,69.05,8.26,98.48,9.64,88.31,2.38,57.89,16.86,31.26,0.11,0.63,0,0,0,0,0.38,3.63,68.97,1.75,64.29,0,0,0.38,0.5,3.88,64.52,0,,0,,0,0,0,0,,,0.38,,
M. Aiyenero,MLS Next Pro,2026,Los Angeles II,Los Angeles II,CF,18,466,2,3.46,0,0.89,United States,2.7,3.09,50,5.6,55.17,0,0,0.19,1.16,1.51,3.09,1,0.19,0,0,2.7,0.39,2,0.39,0.67,0,0,19,3.67,36.84,10.526,0,0.39,50,2.32,50,10.24,39.62,5.41,1.35,0,15.06,1.93,1.55,16.61,77.91,2.7,57.14,6.57,94.12,4.83,72,0.97,40,16.92,11.14,0.17,1.16,0,0,0,0,0.77,1.74,88.89,0.58,66.67,0,0,1.16,0.19,0.39,100,0,,0,,0,0,0,0,,,0,,
Gio Villa,MLS Next Pro,2026,Real Monarchs,Real Monarchs,"LWB, RB, RWB",18,1155,0,1.23,1,1.05,United States,4.99,4.52,55.17,0.7,11.11,0.08,0.11,0.23,2.42,3.35,0.94,3,0.23,0,0,2.18,0,0,0,0.1,0,0,6,0.47,33.33,0,0.08,2.03,26.92,1.71,86.36,5.06,55.38,2.57,0.86,0.16,26.57,1.4,1.01,33.74,83.83,9.04,74.14,11.38,97.26,6.31,72.84,1.79,47.83,14.71,23.44,0.08,0.94,0.08,0,0,0,0.62,2.42,67.74,2.26,51.72,0.08,0,1.25,0.7,3.9,70,0,,0,,0,0,0,0,,,0.16,,
D. Guerra,MLS Next Pro,2026,Los Angeles II,Los Angeles II,"DMF, RCMF",18,1130,2,2.53,3,0.96,Guatemala,5.97,4.62,44.83,1.12,71.43,0.24,0.32,0.16,3.66,4.89,1.59,2,0.16,0,0,0.72,0.16,0,0,0.2,0,0,14,1.12,42.86,14.286,0.24,0.4,0,0.32,50,3.42,51.16,0.24,0.8,0.08,39.03,0.24,1.27,49.14,86.22,13.7,70.93,7.41,95.7,22.86,92.33,3.11,53.85,18.91,36.43,0.08,0.88,0,0.08,0.4,20,0.24,7.73,72.16,0.88,27.27,0.64,25,0.4,0.16,7.81,71.43,0,,0,,0,0,0,0,,,0.88,,
L. Moisa,MLS Next Pro,2026,Real Salt Lake,Real Monarchs,"LCMF, RCMF",18,664,0,0.23,0,0.23,United States,6.37,7.18,56.6,1.08,62.5,0,0,0.14,2.3,3.05,1.22,0,0,0,0,0.41,0,0,0,0.03,0,0,3,0.41,33.33,0,0,0.27,100,0.27,0,2.85,19.05,0.54,0.41,0.41,25.21,0.14,0.41,34.43,79.92,11.11,71.95,7.59,85.71,9.49,81.43,1.63,50,15.27,41.01,0.03,0.27,0.14,0,0,0,0.27,3.12,69.57,0.95,57.14,0,0,0.41,0.27,5.15,44.74,0,,0,,0,0,0,0,,,0.27,,
L. O''Gara,MLS Next Pro,2026,Real Monarchs,Real Monarchs,"LCMF, DMF, RCB",21,1014,0,0.88,1,1.09,United States,8.43,6.66,60,3.02,38.24,0.44,0.64,0.89,3.99,5.77,1.69,2,0.18,0,0,0.53,0,0,0,0.08,0,0,11,0.98,27.27,0,0.09,0.44,40,0.27,0,2.93,54.55,1.69,0.27,0.09,31.51,0.18,0.89,43.49,88.37,12.25,75.36,7.72,93.1,15.8,93.26,5.33,56.67,18.31,40.48,0.1,0.8,0,0,0.09,100,0.53,6.3,63.38,1.69,42.11,0.18,50,0.71,0.18,5.68,84.38,0,,0,,0,0,0,0,,,0.89,,
C. Cowell,MLS Next Pro,2026,Real Salt Lake,Real Monarchs,"LWB, RWB, RB",18,207,0,0.09,1,1.13,United States,6.52,6.09,57.14,1.3,0,0,0,0,3.04,5.83,0.87,0,0,0,0,2.61,0,0,0,0.04,0,0,1,0.43,0,0,0.43,2.61,66.67,1.3,66.67,5.65,38.46,1.3,3.04,0.87,28.26,5.22,1.3,31.3,77.78,11.3,69.23,6.09,85.71,7.39,88.24,1.3,100,15.8,19.21,0.49,1.74,0,0.43,0,0,1.74,3.91,55.56,4.35,70,0,0,1.3,1.74,7.39,88.24,0,,0,,0,0,0,0,,,0,,
E. Villeda,MLS Next Pro,2026,Los Angeles II,Los Angeles II,"LB, LCMF",,391,0,0.03,0,0.2,United States,10.36,8.29,50,0.92,50,0.69,0.95,0.46,5.52,7.58,2.3,1,0.23,0,0,1.61,0,0,0,0.01,0,0,2,0.46,50,0,0,1.15,40,1.15,60,3.45,60,0.46,0.92,0.23,33.38,0.69,0.92,44.88,83.08,17.26,73.33,9.44,100,13.12,89.47,0.69,66.67,16.74,17.07,0.05,0.92,0,0,0.69,33.33,0.23,6.45,71.43,2.07,44.44,0.69,33.33,0.69,0.23,8.75,68.42,0,,0,,0,0,0,0,,,0.69,,
B. Moyado,MLS Next Pro,2026,Los Angeles II,Los Angeles II,"DMF, RDMF, RCMF",20,348,0,0.03,0,0.03,Mexico,8.02,6.72,69.23,1.29,60,0.26,0.38,0,3.1,4.56,0.52,0,0,0,0,0.52,0,0,0,0.01,0,0,3,0.78,0,0,0,0,0,0.52,100,4.14,31.25,0.26,0,0,56.64,0.26,0.52,68.02,89.73,14.74,78.95,9.83,97.37,32.07,93.55,3.36,30.77,17.67,29.46,0.01,0.26,0,0,0,0,0,10.6,73.17,0.78,0,0.52,0,0.52,0,6.21,62.5,0,,0,,0,0,0,0,,,0,,
O. Anderson,MLS Next Pro,2026,Real Monarchs,Real Monarchs,"AMF, LW, LCMF",19,731,1,1.74,0,0.41,United States,3.57,4.19,44.12,1.48,25,0.25,0.33,0,1.48,1.99,0.98,1,0.12,0,0,3.2,0.12,1,0.12,0.21,0,0,18,2.22,22.22,5.556,0,0.98,50,3.32,66.67,11.2,45.05,1.85,1.6,0.12,22.04,1.23,1.23,26.35,78.5,6.16,58,7.76,95.24,6.03,81.63,1.72,42.86,17.75,31.12,0.05,0.49,0,0,0,0,0.37,2.83,56.52,0.98,87.5,0.12,0,0.49,0.37,4.43,61.11,0,,0,,0,0,0,0,,,0.12,,
I. Amparo,MLS Next Pro,2026,Real Monarchs,Real Monarchs,"RCMF, DMF",19,1124,1,1.39,2,0.74,United States,7.05,6.33,68.35,1.6,50,0.08,0.11,0.24,2.64,3.72,1.2,5,0.4,0,0,1.28,0.08,1,0.08,0.11,1,0.08,15,1.2,46.67,6.667,0.16,0.56,57.14,0.64,62.5,5.44,51.47,1.76,0.72,0.08,28.59,0.08,1.92,39.07,85.45,11.37,77.46,9.21,89.57,12.33,89.61,1.6,55,15.28,17.54,0.06,0.8,0,0.08,0.08,0,0.24,2.8,71.43,1.44,61.11,0.16,50,0.8,0.4,4.48,64.29,0,,0,,0,0,0,0,,,0.56,,
J. Barea,MLS Next Pro,2026,Real Monarchs,Real Monarchs,"CF, LW",24,308,3,1.64,0,0.49,Spain,2.34,2.92,70,1.46,60,0,0,0,0.29,0.38,0.29,0,0,0,0,2.34,0.88,3,0.88,0.48,0,0,15,4.38,26.67,20,0,0.58,0,1.46,80,9.06,41.94,2.63,0.29,0,30.68,2.34,2.05,36.82,88.1,7.89,77.78,8.77,100,12.27,85.71,1.17,50,16.53,27.52,0.14,0.88,0,0,0.29,0,0.29,2.92,80,2.63,55.56,0.29,0,1.46,0,3.21,81.82,0,,0,,0,0,0,0,,,0,,
S. Nava,MLS Next Pro,2026,Los Angeles II,Los Angeles II,"LCMF, RCMF, DMF",23,1423,2,1.03,2,1.92,United States,5.82,4.49,57.75,0.63,40,0.06,0.08,0.19,3.16,4.24,0.95,2,0.13,0,0,1.58,0.13,2,0.13,0.06,0,0,20,1.26,30,10,0.13,1.33,42.86,1.33,38.1,5.38,47.06,0.76,1.83,0.06,40.79,0.44,0.82,51.8,90.6,13.09,82.61,8.48,97.76,22.64,93.58,1.58,60,17,25.57,0.12,1.08,0.19,0,0.13,100,0.51,5.88,84.95,2.66,61.9,0.19,66.67,1.08,0.51,5.88,83.87,0,,0,,0,0,0,0,,,0.32,,
F. Ewald,MLS Next Pro,2026,Real Monarchs,Real Monarchs,"RWB, CF, RB",22,1059,1,2.06,2,1.72,Germany,6.54,5.78,50,5.18,50.82,0.08,0.12,0.51,3.57,5.14,1.78,3,0.25,0,0,3.23,0.08,1,0.08,0.17,0,0,12,1.02,25,8.333,0.17,2.46,44.83,2.72,65.63,7.31,47.67,3.4,2.21,0.25,18.36,3.06,0.93,25.33,72.15,5.27,50,7.99,90.43,7.39,66.67,1.02,33.33,15.88,22.08,0.15,1.44,0,0,0.08,100,0.76,1.87,36.36,2.38,39.29,0.08,100,1.02,1.1,2.8,75.76,0,,0,,0,0,0,0,,,0.17,,
T. Mihalić,MLS Next Pro,2026,Los Angeles II,Los Angeles II,"LWF, LW, LAMF",23,1369,6,5.5,0,1.84,Croatia,3.81,3.88,61.02,1.25,63.16,0.07,0.09,0.07,1.38,1.84,0.92,2,0.13,0,0,5.33,0.39,6,0.39,0.36,0,0,51,3.35,37.25,11.765,0,2.37,27.78,4.34,78.79,8.55,64.62,5.19,3.68,0,24.13,2.43,1.58,28.14,79.91,4.86,63.51,11.44,95.4,8.55,74.62,1.12,29.41,18.48,33.38,0.12,0.59,0,0,0,0,0.53,1.45,50,2.3,54.29,0.07,0,1.25,0.66,4.4,68.66,0,,0,,0,0,0,0,,,0.66,,
J. Swanzy,MLS Next Pro,2026,Huntsville City,Huntsville City,CF,,224,0,0.56,0,0.17,,1.61,2.41,0,2.41,0,0,0,0,1.61,2.18,2.41,0,0,0,0,1.61,0,0,0,0.23,0,0,1,0.4,100,0,0,0.4,100,1.21,66.67,5.63,28.57,2.01,0.4,0,5.22,0.8,0.4,11.65,86.21,2.01,40,5.22,92.31,1.21,100,0,0,15.31,0,0.07,0.8,0,0,0.4,0,0,1.61,75,0,0,0.4,0,0.4,0.4,2.01,60,0,,0,,0,0,0,0,,,0,,
L. Stribling,MLS Next Pro,2026,Huntsville City,Huntsville City,"LW, LWF, RW",15,299,0,0.25,0,0,United States,4.21,5.12,52.94,0.3,100,0,0,0,1.51,1.55,1.81,1,0.3,0,0,1.2,0,0,0,0.08,0,0,3,0.9,33.33,0,0,1.51,20,1.2,50,5.12,47.06,2.41,2.41,0.6,17.76,1.81,1.2,20.77,82.61,3.31,63.64,7.83,100,5.12,76.47,0.9,33.33,14.54,18.75,0,0,0,0,0,0,0.3,2.41,62.5,0.9,33.33,0.3,0,0.3,0.3,2.11,71.43,0,,0,,0,0,0,0,,,0,,
N. Sullivan,MLS Next Pro,2026,Huntsville City,Huntsville City,"CF, LCMF, LW",23,557,1,1.28,1,0.54,United States,2.59,2.26,42.86,1.29,50,0,0,0.16,1.62,2.17,0.48,0,0,0,0,3.07,0.16,1,0.16,0.21,0,0,7,1.13,42.86,14.286,0.16,1.45,44.44,2.75,70.59,6.14,47.37,2.1,0.81,0,15.67,1.29,0.81,22.78,81.56,4.2,65.38,6.79,95.24,6.14,78.95,0.81,40,18.49,13.55,0.09,0.81,0.16,0,0,0,0.48,1.13,42.86,2.1,53.85,0.16,0,0.97,0.65,2.75,58.82,0,,0,,0,0,0,0,,,0,,
D. Boltz,MLS Next Pro,2026,Chicago Fire II,Chicago Fire II,CF,20,1038,3,4.91,1,0.2,United States,3.55,3.12,52.78,4.68,31.48,0,0,0,1.91,2.14,1.3,1,0.09,0,0,1.65,0.26,2,0.17,0.43,0,0,26,2.25,38.46,11.538,0.09,0.35,25,1.56,44.44,4.68,46.3,3.03,0.95,0.09,9.02,1.73,0.95,12.75,68.03,2.77,53.13,3.29,81.58,3.47,65,0.17,100,13.2,5.12,0.02,0.26,0,0,0,0,0.09,1.13,76.92,0.78,55.56,0,0,0.35,0.17,1.47,47.06,0,,0,,0,0,0,0,,,0,,
M. Napoe,MLS Next Pro,2026,Chicago Fire U15,Chicago Fire II,"LAMF, RAMF",16,555,1,1.78,0,0.06,United States,6.32,7.46,50,1.78,63.64,0,0,0,2.59,3.36,2.76,1,0.16,0,0,3.89,0.16,1,0.16,0.29,0,0,12,1.95,41.67,8.333,0,1.95,8.33,3.73,78.26,9.89,45.9,4.38,3.57,0.81,15.89,1.62,0.65,20.43,71.43,5.51,67.65,6,89.19,4.05,72,0.32,0,13.32,6.55,0.01,0.16,0.32,0,0,0,0.16,1.46,66.67,1.14,57.14,0,0,0.97,0,2.92,72.22,0,,0,,0,0,0,0,,,0,,
D. Villanueva,MLS Next Pro,2026,Chicago Fire II,Chicago Fire II,"RAMF, AMF",17,739,3,1.09,4,1.6,United States,5.12,5.85,50,1.83,33.33,0.49,0.6,0.24,1.71,2.09,1.95,3,0.37,0,0,2.56,0.37,3,0.37,0.13,2,0.24,15,1.83,26.67,20,0.49,1.1,44.44,2.31,57.89,5.24,48.84,1.22,0.73,0.12,13.27,0.61,1.1,17.54,69.44,6.21,50.98,3.53,89.66,4.63,68.42,1.58,46.15,17.15,26.74,0.2,1.34,0.12,0,0.37,66.67,0.97,2.07,58.82,2.19,61.11,0.61,60,1.22,0.85,3.9,62.5,0,,0,,0,0,0,0,,,0,,
O. Pineda,MLS Next Pro,2026,Chicago Fire U17,Chicago Fire II,"LDMF, LCMF, RDMF",17,1220,0,0.19,1,0.95,Mexico,6.2,7.52,54.9,0.44,66.67,0.22,0.27,0.15,1.84,2.22,1.18,3,0.22,0,0,0.52,0,0,0,0.01,0,0,6,0.44,16.67,0,0.07,0.37,40,0.52,57.14,3.32,46.67,0.07,0.81,0,37.03,0.22,0.96,47.21,87.97,10.62,71.53,7.08,91.67,22.65,94.14,3.1,40.48,17.79,39.51,0.07,0.66,0.07,0.07,0.07,0,0.44,6.57,73.03,1.62,50,0.3,75,0.74,0.22,5.53,64,0,,0,,0,0,0,0,,,0.22,,
T. Diawara,MLS Next Pro,2026,Chicago Fire II,Chicago Fire II,"CF, AMF",21,296,1,1.55,0,0.11,France,3.34,4.86,50,6.69,13.64,0,0,0,0.91,1.38,3.04,1,0.3,0,0,2.43,0.3,0,0,0.47,0,0,11,3.34,36.36,9.091,0,0.61,0,2.74,44.44,8.82,20.69,4.26,0.91,0.3,13.07,0.91,0.3,15.81,73.08,2.13,71.43,4.56,73.33,4.56,86.67,0.61,50,15.36,10.39,0.03,0.3,0,0,0,0,0.61,0.3,0,1.22,50,0,0,0.91,0,1.22,75,0,,0,,0,0,0,0,,,0,,
R. Turdean,MLS Next Pro,2026,Chicago Fire II,Chicago Fire II,"AMF, RAMF, CF",16,988,2,1.26,2,2.33,United States,4.28,4.55,62,1.09,16.67,0.09,0.1,0.09,1.37,1.56,0.64,2,0.18,0,0,1.55,0.18,2,0.18,0.12,0,0,9,0.82,33.33,22.222,0.18,0.73,50,2.1,43.48,6.83,46.67,1.91,1.09,0,20.77,1.28,1.64,27.87,83.01,5.65,67.74,8.56,93.62,7.38,85.19,0.91,40,14.88,18.71,0.21,1.55,0.18,0,0,0,0.82,2.28,68,1.91,61.9,0,0,1.28,0.36,3.19,68.57,0,,0,,0,0,0,0,,,0.09,,
M. Ekk,MLS Next Pro,2026,Huntsville City,Huntsville City,CF,20,1104,8,5.64,1,0.43,United States,3.26,3.83,59.57,5.38,37.88,0.16,0.2,0,0.82,0.98,1.14,1,0.08,1,0.08,1.63,0.65,7,0.57,0.46,2,0.16,23,1.88,69.57,34.783,0.08,0.33,50,0.82,20,5.3,24.62,2.53,0.49,0,8.4,1.22,0.98,12.39,75.66,2.61,59.38,4.24,86.54,2.77,79.41,0.33,50,13.18,11.28,0.03,0.24,0,0,0,0,0.33,1.06,69.23,0.73,66.67,0,0,0.57,0.16,1.47,66.67,0,,0,,0,0,0,0,,,0,,
A. Iniguez,MLS Next Pro,2026,Huntsville City,Huntsville City,"RWF, RW, AMF",22,759,2,1.64,2,2,United States,3.91,4.27,44.44,0.95,0,0.47,0.65,0.24,1.54,2.1,0.83,1,0.12,0,0,3.56,0.24,2,0.24,0.19,0,0,16,1.9,68.75,12.5,0.24,1.19,50,2.73,56.52,7.47,36.51,1.54,0.71,0,26.44,0.47,0.95,34.39,85.52,7.11,75,7.11,91.67,11.38,86.46,1.78,73.33,17.04,28.82,0.24,1.42,0,0,0.12,100,0.59,3.91,72.73,1.66,78.57,0.12,100,1.07,0.47,4.62,84.62,0,,0,,0,0,0,0,,,0,,
M. Yoshizawa,MLS Next Pro,2026,Huntsville City,Huntsville City,"RW, AMF, RCMF",22,837,2,2.94,1,1.26,Japan,6.77,7.42,47.83,1.18,27.27,0,0,0.11,3.23,3.81,1.51,1,0.11,0,0,3.23,0.22,2,0.22,0.32,0,0,22,2.37,50,9.091,0.11,0.75,57.14,4.19,38.46,11.72,35.78,3.44,2.8,0.32,20.75,1.61,2.04,24.62,79.04,7.1,65.15,6.56,85.25,5.7,88.68,0.97,44.44,14.86,23.4,0.14,0.65,0.22,0,0,0,0.43,2.9,70.37,1.18,36.36,0,0,0.54,0.43,3.23,66.67,0,,0,,0,0,0,0,,,0,,
R. Fleming III,MLS Next Pro,2026,Chicago Fire II,Chicago Fire II,"RDMF, LCMF",21,923,1,0.82,2,0.93,United States,4.39,2.93,63.33,2.44,60,0.1,0.12,0.1,2.44,2.93,0.78,0,0,0,0,1.17,0.1,1,0.1,0.08,0,0,10,0.98,30,10,0.2,0.78,37.5,0.68,71.43,2.93,66.67,0.98,0.78,0.1,37.54,0,1.66,49.05,85.49,13.65,63.57,8.09,95.18,18.72,94.79,4.58,48.94,18.28,38.2,0.09,0.68,0.1,0,0.2,50,0.49,8,64.63,1.17,75,0.49,20,0.78,0.29,5.85,70,0,,0,,0,0,0,0,,,0.59,,
M. Véliz,MLS Next Pro,2026,Huntsville City,Huntsville City,"LCMF, RB, LDMF",21,1027,1,1.35,1,0.41,Panama,10.6,11.57,54.55,1.84,52.38,0.79,0.96,0.44,3.51,4.29,2.54,6,0.53,1,0.09,0.53,0.09,1,0.09,0.12,1,0.09,7,0.61,28.57,14.286,0.09,0,0,0.61,42.86,6.66,52.63,0.61,0.88,0,34.97,0.09,2.72,43.47,91.53,9.29,78.3,8.5,97.94,15.95,95.6,1.4,31.25,17.37,25.54,0.04,0.18,0.09,0.09,0.18,50,0.18,4.12,63.83,0.61,28.57,0.26,66.67,0.18,0,3.86,79.55,0,,0,,0,0,0,0,,,0.53,,
F. Reynolds,MLS Next Pro,2026,Huntsville City,Huntsville City,"RW, RAMF",20,245,0,0.09,1,0.19,Jamaica,5.14,6.24,41.18,0.37,0,0,0,0,2.57,3.04,1.84,1,0.37,0,0,3.31,0,0,0,0.03,0,0,4,1.47,25,0,0.37,2.2,33.33,2.94,62.5,7.71,57.14,2.57,2.94,0,16.53,2.57,0.73,19.47,69.81,5.88,62.5,5.51,86.67,3.31,55.56,1.1,0,16.58,11.32,0.07,0.37,0.37,0,0.37,100,0.37,2.57,42.86,2.57,57.14,0.37,100,0.73,0.73,3.31,66.67,0,,0,,0,0,0,0,,,0,,
N. Pariano,MLS Next Pro,2026,Huntsville City,Huntsville City,"RCMF, AMF",23,1170,0,0.62,0,0.45,United States,4.85,3.85,48,1.31,35.29,0,0,0.15,3,3.75,0.69,3,0.23,0,0,1,0,0,0,0.05,0,0,8,0.62,37.5,0,0,0.92,33.33,0.77,50,4.08,49.06,1.15,1,0,34.54,0.38,1.23,45,85.81,13.38,73.56,7.62,96.97,16.23,90.52,4.08,45.28,17.48,35.52,0.03,0.38,0,0,0.15,50,0.31,7.46,65.98,1.69,50,0.15,50,0.77,0.23,5.15,73.13,0,,0,,0,0,0,0,,,0.77,,
H. Cruz,MLS Next Pro,2026,Minnesota United II,Minnesota United II,"LCMF, RW",,359,0,0.66,0,0.09,United States,7.27,6.52,57.69,0.5,0,0,0,0,3.51,4.62,1.75,0,0,0,0,1.25,0,0,0,0.17,0,0,4,1,50,0,0,1.25,40,0.25,100,5.01,55,1.25,0.5,0,15.29,0.75,2.01,22.56,71.11,8.02,50,4.51,94.44,6.52,73.08,2.01,25,19.29,24.63,0.02,0.25,0.25,0,0.25,0,0.25,4.26,41.18,1,75,0.25,0,0.75,0.5,4.01,68.75,0,,0,,0,0,0,0,,,0,,
S. Mohammad,MLS Next Pro,2026,Houston Dynamo II,Houston Dynamo II,"AMF, LAMF, RAMF",17,1097,2,4.51,1,2.95,United States,4.59,4.59,46.43,1.56,26.32,0,0,0.08,2.46,3.09,1.15,2,0.16,0,0,3.61,0.16,2,0.16,0.37,0,0,29,2.38,31.03,6.897,0.08,2.71,27.27,3.45,61.9,8.61,42.86,4.35,1.72,0.08,23.87,1.56,0.74,29.29,76.75,5.74,58.57,7.63,93.55,8.2,73,1.48,44.44,15.12,29.94,0.24,1.72,0,0.08,0,0,1.07,2.22,62.96,2.3,39.29,0,0,1.07,0.9,3.86,63.83,0,,0,,0,0,0,0,,,0,,
M. Harwood,MLS Next Pro,2026,Minnesota United II,Minnesota United II,"RCMF, RDMF, LCMF",16,937,0,0.21,0,0.27,United States,7.3,5.47,54.39,0.96,20,0.77,0.89,0.29,3.55,4.1,1.15,3,0.29,0,0,0.1,0,0,0,0.02,0,0,4,0.38,0,0,0,0.67,0,0.19,50,1.82,26.32,0.19,0.1,0,22.19,0.29,0.48,30.26,80.32,8.74,57.14,6.44,98.51,10.47,84.4,3.07,50,19.58,34.21,0.03,0.19,0.1,0,0,0,0.19,5.19,61.11,1.92,30,0.1,100,0.67,0.1,3.75,58.97,0,,0,,0,0,0,0,,,0.96,,
J. Friedman,MLS Next Pro,2026,Minnesota United II,Minnesota United II,"RW, AMF, RWF",22,1022,1,1.32,1,1.92,United States,4.4,4.58,50,1.14,30.77,0,0,0.09,2.11,2.6,1.23,1,0.09,0,0,2.47,0.09,1,0.09,0.12,1,0.09,11,0.97,27.27,9.091,0.09,1.94,40.91,1.76,70,6.52,52.7,2.11,0.97,0,15.59,1.67,1.59,22.72,75.58,5.99,66.18,5.64,87.5,6.87,74.36,1.41,62.5,18.15,25.93,0.17,0.97,0.09,0,0.18,100,0.62,2.82,65.63,2.03,60.87,0.18,100,0.62,0.7,3.26,81.08,0,,0,,0,0,0,0,,,0.18,,
T. Putt,MLS Next Pro,2026,Minnesota United II,Minnesota United II,"LW, LWF, RB",19,969,2,1.82,1,1.79,New Zealand,5.76,6.04,53.85,1.67,33.33,0,0,0.09,2.51,3.12,0.84,0,0,0,0,3.62,0.19,2,0.19,0.17,0,0,12,1.11,25,16.667,0.09,2.79,30,4.55,53.06,9.85,50,2.04,2.6,0.19,23.87,2.14,1.95,30.65,73.64,8.17,67.05,5.94,93.75,10.22,71.82,1.86,60,17.9,30.82,0.17,1.3,0,0.09,0.09,100,0.74,2.69,79.31,3.53,44.74,0.09,100,0.93,0.65,5.57,65,0,,0,,0,0,0,0,,,0.19,,
J. Bell,MLS Next Pro,2026,Houston Dynamo II,Houston Dynamo II,"AMF, LWF",18,640,4,2.18,0,0.08,Jamaica,5.48,5.77,58.54,0,0,0.14,0.19,0,1.97,2.63,1.41,3,0.42,0,0,3.8,0.56,3,0.42,0.31,0,0,24,3.38,41.67,16.667,0,0.56,75,3.52,56,13.08,49.46,1.97,1.97,0.14,35.86,1.97,3.66,39.09,89.93,9.14,80,13.08,96.77,9.84,90,2.53,72.22,16.32,28.11,0.01,0.28,0,0.14,0,0,0.28,4.64,75.76,1.69,58.33,0,0,0.84,0.14,3.8,85.19,0,,0,,0,0,0,0,,,0,,
Alan,MLS Next Pro,2026,Houston Dynamo II,Houston Dynamo II,"RAMF, RWB",20,248,1,0.07,0,0.04,Brazil,8.35,7.98,68.18,1.09,0,0.36,0.63,0.36,2.54,4.38,1.45,0,0,0,0,4.72,0.36,1,0.36,0.03,0,0,1,0.36,100,100,0,5.81,37.5,2.9,75,9.8,33.33,3.63,3.27,0.36,20.32,2.9,0.73,24.68,63.24,6.17,70.59,7.26,95,6.53,44.44,1.45,50,14.63,16.34,0.01,0.36,0,0,0,0,0.36,0.73,100,3.99,36.36,0,0,0.36,1.81,5.44,60,0,,0,,0,0,0,0,,,0,,
Gustavo Dohmann,MLS Next Pro,2026,Houston Dynamo II,Houston Dynamo II,"RCMF, LCMF, RDMF",21,1067,1,0.58,1,0.88,Brazil,10.21,9.19,59.63,1.1,61.54,0.08,0.11,0.34,4.64,5.85,1.43,4,0.34,0,0,1.27,0.08,1,0.08,0.05,0,0,6,0.51,66.67,16.667,0.08,0.42,60,1.27,53.33,6.92,46.34,0.84,0.67,0.17,27.58,0,1.52,40.23,87,12.57,77.18,7,91.57,13.33,93.67,1.69,85,14.9,22.42,0.07,0.34,0,0.08,0,0,0.25,3.12,89.19,1.1,53.85,0,0,0.42,0.17,5.57,63.64,0,,0,,0,0,0,0,,,0.51,,
L. Pechota,MLS Next Pro,2026,Minnesota United II,Minnesota United II,"DMF, LDMF, LCMF",22,1592,1,0.96,0,2.63,United States,6.44,5.43,63.54,1.24,36.36,0.17,0.2,0.06,2.83,3.41,1.02,3,0.17,0,0,0.79,0.06,1,0.06,0.05,0,0,16,0.9,18.75,6.25,0,0.9,12.5,0.62,72.73,4.13,53.42,0.85,0.68,0.06,25.04,0.45,1.36,38.78,80.17,13.23,67.09,5.88,95.19,13.74,88.48,3.45,37.7,19.15,39.92,0.15,1.19,0.11,0,0.06,100,0.45,5.71,61.39,2.09,48.65,0.06,100,0.9,0.28,6.05,66.36,0,,0,,0,0,0,0,,,1.3,,
D. Herrera,MLS Next Pro,2026,Houston Dynamo II,Houston Dynamo II,"RDMF, AMF, LWB",22,534,1,0.82,2,0.24,United States,7.42,9.1,57.41,2.87,41.18,0.17,0.25,0.17,2.02,3,1.35,2,0.34,0,0,1.35,0.17,1,0.17,0.14,0,0,7,1.18,42.86,14.286,0.34,1.35,50,0.17,100,3.54,38.1,2.19,1.52,0.34,28.48,0.51,0.51,39.44,82.91,12.47,68.92,5.56,96.97,13.99,87.95,2.36,35.71,16.74,36.74,0.04,0.51,0.17,0,0.17,0,0.67,5.39,81.25,2.36,50,0.17,0,1.35,0.67,5.22,67.74,0,,0,,0,0,0,0,,,0.51,,
Arthur Sousa,MLS Next Pro,2026,Houston Dynamo II,Houston Dynamo II,CF,23,736,2,3.81,1,1.26,Brazil,3.42,2.69,59.09,3.79,29.03,0.37,0.45,0.24,1.47,1.8,1.47,2,0.24,0,0,3.18,0.24,2,0.24,0.47,0,0,24,2.93,45.83,8.333,0.12,0.49,50,2.32,68.42,10.03,48.78,4.65,1.83,0.12,10.15,1.1,2.08,14.18,78.45,2.08,58.82,4.52,89.19,4.52,70.27,0.61,40,14.5,11.12,0.15,0.98,0,0,0,0,0.73,0.86,85.71,0.49,75,0.12,100,0.73,0.24,1.22,60,0,,0,,0,0,0,0,,,0,,
R. Miller,MLS Next Pro,2026,Houston Dynamo,Houston Dynamo II,"LWB, LAMF",22,385,2,1.13,2,2.11,United States,9.35,7.48,56.25,1.17,100,0,0,0.23,5.14,6.23,0.94,1,0.23,0,0,3.74,0.47,2,0.47,0.26,0,0,6,1.4,50,33.333,0.47,3.51,46.67,1.64,71.43,4.91,47.62,3.97,2.1,0.23,28.05,4.21,0.94,37.87,81.48,10.99,65.96,10.52,100,11.69,82,3.27,64.29,17.01,16.14,0.49,2.1,0,0,0.23,100,2.34,3.51,73.33,2.34,50,0.23,100,0.94,1.64,5.84,72,0,,0,,0,0,0,0,,,0.47,,
A. Brummett,MLS Next Pro,2026,Houston Dynamo II,Houston Dynamo II,"CF, AMF",22,903,8,4.94,0,0.92,United States,3.29,3.19,50,3.89,46.15,0.4,0.52,0,1.3,1.69,1.69,2,0.2,0,0,2.09,0.8,8,0.8,0.49,2,0.2,28,2.79,64.29,28.571,0,0.5,20,0.3,33.33,3.29,48.48,3.49,0.5,0.1,19.44,1.59,0.8,22.43,78.67,4.88,59.18,5.78,87.93,5.88,86.44,1.1,63.64,15.24,24.78,0.09,0.7,0.1,0.1,0.1,100,0.9,3.29,57.58,1.2,75,0.1,100,1.5,0,2.69,62.96,0,,0,,0,0,0,0,,,0,,
J. Kibisu,MLS Next Pro,2026,Minnesota United II,Minnesota United II,"RCMF, LCMF, LDMF",,241,0,0.37,0,0,United States,5.23,5.23,28.57,2.99,37.5,0,0,0,3.73,5.26,2.99,1,0.37,0,0,1.49,0,0,0,0.14,0,0,5,1.87,20,0,0,0.37,0,1.49,75,4.85,46.15,2.24,0.37,0,14.19,0.37,1.87,17.55,82.98,5.98,68.75,5.23,100,4.48,83.33,2.24,50,24.52,29.33,0,0.37,0,0,0,0,0,3.36,77.78,0,0,0,0,0.37,0,3.36,100,0,,0,,0,0,0,0,,,0,,
D. Baran,MLS Next Pro,2026,Dallas U17,North Texas,"LW, LWF, LWB",28,316,1,0.69,2,1.24,United States,4.27,5.41,42.11,3.13,45.45,0.28,0.39,0,1.71,2.37,1.14,0,0,0,0,2.28,0.28,1,0.28,0.2,0,0,6,1.71,16.67,16.667,0.57,1.71,33.33,1.14,100,6.27,50,3.42,1.42,0,17.94,1.42,1.99,23.92,82.14,6.84,83.33,8.54,96.67,3.7,84.62,0.57,100,15.27,9.13,0.35,1.42,0,0,0.28,100,1.14,0.57,50,2.28,75,0.28,100,1.14,0.57,2.56,88.89,0,,0,,0,0,0,0,,,0.28,,
C. Salazar,MLS Next Pro,2026,North Texas,North Texas,CF,18,245,0,0.26,0,0.44,United States,1.47,1.1,66.67,4.04,36.36,0.37,0.51,0,0.37,0.51,1.47,0,0,0,0,0.73,0,0,0,0.09,0,0,1,0.37,100,0,0,0.37,100,0,0,7.35,40,1.84,0,0,7.71,1.1,1.84,14.69,82.5,3.31,77.78,5.51,80,1.84,80,0,0,13.35,0,0.16,1.1,0,0,0,0,1.1,1.84,80,0,0,0,0,0.73,0.37,1.84,40,0,,0,,0,0,0,0,,,0,,
Darius Randell,MLS Next Pro,2026,Minnesota United II,Minnesota United II,"LAMF, LW, RWF",18,1273,6,6.72,3,2.21,United States,4.1,4.6,61.54,1.2,41.18,0,0,0,1.27,1.54,1.06,1,0.07,0,0,5.23,0.42,6,0.42,0.47,0,0,47,3.32,38.3,12.766,0.21,2.62,32.43,5.23,58.11,13.5,41.88,5.66,3.11,0.14,16.68,2.69,1.34,18.59,71.1,3.39,68.75,4.6,86.15,6.15,64.37,1.06,53.33,18.64,33.51,0.16,0.64,0.07,0,0.07,100,0.64,1.56,77.27,1.91,40.74,0.07,100,0.85,0.85,2.69,65.79,0,,0,,0,0,0,0,,,0.28,,
K. Michel,MLS Next Pro,2026,Minnesota United II,Minnesota United II,"RAMF, LWF, LAMF",21,515,0,0.71,2,0.95,Costa Rica,2.97,2.27,38.46,1.4,37.5,0,0,0,2.1,2.61,0.87,0,0,0,0,5.59,0,0,0,0.12,0,0,11,1.92,9.09,0,0.35,5.07,44.83,5.77,54.55,10.31,47.46,4.54,2.1,0,19.75,2.1,0.52,26.21,66.67,4.89,60.71,5.24,83.33,10.83,64.52,1.4,62.5,17.58,26.16,0.17,0.87,0,0,0,0,0.87,1.75,60,4.37,48,0,0,1.05,2.1,4.54,65.38,0,,0,,0,0,0,0,,,0.17,,
S. Vigilante,MLS Next Pro,2026,Minnesota United II,Minnesota United II,"RB, LCMF, AMF",22,1190,1,2.21,1,1.65,United States,11.12,9.08,67.5,4.01,52.83,0.45,0.56,0.3,4.54,5.57,1.36,0,0,0,0,1.74,0.08,1,0.08,0.17,0,0,12,0.91,33.33,8.333,0.08,2.04,29.63,1.66,50,5.52,34.25,2.27,1.36,0.23,21.63,0.91,0.98,32.6,76.8,10.74,71.13,5.22,97.1,10.44,74.64,2.57,52.94,17.85,38.86,0.12,1.44,0.08,0.08,0.08,0,0.91,4.61,77.05,2.8,51.35,0.15,0,1.29,0.68,6.88,70.33,0,,0,,0,0,0,0,,,0.38,,
M. Caldeira,MLS Next Pro,2026,Minnesota United II,Minnesota United II,CF,21,1443,10,9.94,3,2.01,Canada,2.31,1.68,55.56,5.43,37.93,0,0,0.25,1.37,1.67,1.19,0,0,0,0,2.18,0.62,9,0.56,0.62,1,0.06,45,2.81,46.67,22.222,0.19,0.56,55.56,0.94,60,7.36,38.14,4.74,0.56,0.06,12.35,1.56,1.25,17.15,76.36,3.56,54.39,4.55,93.15,5.49,79.55,1.12,66.67,16.78,22.37,0.13,0.69,0,0,0,0,0.75,1.62,76.92,1.62,61.54,0,0,1.5,0.19,2.56,78.05,0,,0,,0,0,0,0,,,0.81,,
D. García,MLS Next Pro,2026,North Texas,North Texas,"LCMF, LWF, LAMF",19,1048,0,1.36,2,1.62,United States,5.07,4.21,44.9,0.86,30,0,0,0.52,3.18,3.75,1.03,2,0.17,0,0,1.29,0,0,0,0.12,0,0,10,0.86,50,0,0.17,0.69,37.5,1.12,53.85,6.78,39.24,1.72,0.86,0.17,27.57,0.77,1.72,32.98,85.42,6.87,67.5,7.73,93.33,10.73,90.4,1.63,52.63,15.95,35.11,0.14,0.69,0.09,0,0,0,0.6,2.92,79.41,1.12,46.15,0.09,0,0.52,0.26,4.21,53.06,0,,0,,0,0,0,0,,,0.17,,
N. Desravins,MLS Next Pro,2026,Inter Miami II,Inter Miami II,"RCMF, LCMF, RDMF",18,267,0,0.01,1,0,United States,7.75,4.04,66.67,1.01,66.67,0.34,0.52,0.34,4.72,7.24,0.67,0,0,0,0,0.34,0,0,0,0,0,0,1,0.34,100,0,0.34,0.34,0,0.34,0,4.04,50,0,0,0,27.3,0,2.02,36.4,90.74,10.11,76.67,5.39,100,15.17,97.78,1.35,25,18.41,7.95,0,0,0,0,0,0,0.34,3.37,70,1.01,33.33,0,0,0.34,0,3.71,72.73,0,,0,,0,0,0,0,,,0.67,,
M. de Paula,MLS Next Pro,2026,Inter Miami II,Inter Miami II,"DMF, RCMF",17,244,0,0.02,0,0.2,United States,8.11,6.27,35.29,2.21,16.67,0.74,1.28,0,5.16,8.94,3.32,1,0.37,0,0,0.37,0,0,0,0.01,0,0,1,0.37,0,0,0,0,0,0.37,100,1.84,60,0.37,0,0,21.02,0.37,0.74,32.46,76.14,9.59,46.15,4.43,100,15.12,87.8,4.06,27.27,20.36,38.29,0.07,0.74,0,0,0,0,0,4.8,46.15,1.48,25,0,0,0.37,0,3.69,30,0,,0,,0,0,0,0,,,0.37,,
S. Morrison,MLS Next Pro,2026,Inter Miami U18,Inter Miami II,"LB, LCB, LWB",17,416,0,0.32,0,0.32,United States,9.95,7.36,55.88,1.73,50,0.65,1.06,0.22,5.19,8.47,0.22,0,0,0,0,0.65,0,0,0,0.07,0,0,3,0.65,33.33,0,0,1.08,20,0.87,25,4.11,26.32,1.51,0.65,0.22,22.72,0.43,1.08,30.72,83.8,10.17,76.6,6.27,96.55,8.65,87.5,1.51,71.43,16.82,20.25,0.07,0.65,0,0,0.22,0,0.43,1.73,75,1.3,33.33,0.22,0,0.65,0.65,5.41,56,0,,0,,0,0,0,0,,,0.65,,
N. Dearmin,MLS Next Pro,2026,Inter Miami U18,Inter Miami II,"RWB, RB, RWF",16,269,0,0.16,0,0.8,United States,5.35,5.02,60,0.67,100,0,0,0.33,2.34,4.38,1,0,0,0,0,2.68,0,0,0,0.05,0,0,3,1,0,0,0,4.35,38.46,1.34,75,4.68,64.29,1.67,2.34,0,27.1,2.01,1.67,34.8,74.04,9.03,70.37,5.35,93.75,13.38,62.5,1.67,60,15.74,15.81,0.27,2.34,0,0,0,0,1.34,1.67,40,5.69,35.29,0,0,0.67,1.34,6.36,84.21,0,,0,,0,0,0,0,,,0,,
D. Rey,MLS Next Pro,2026,Inter Miami II,Inter Miami II,"CF, RW",20,1002,0,1.72,1,0.74,United States,5.21,4.94,49.09,3.86,41.86,0.45,0.66,0.09,2.34,3.44,2.16,3,0.27,0,0,1.71,0,0,0,0.15,0,0,12,1.08,58.33,0,0.09,1.62,38.89,1.44,31.25,10.78,30.83,2.6,1.26,0,12.22,1.44,1.17,19.04,71.7,3.68,58.54,5.84,92.31,4.67,67.31,0.9,50,15.17,15.86,0.07,0.36,0,0,0,0,0.36,1.62,61.11,1.26,42.86,0.09,0,0.36,0.63,2.34,50,0,,0,,0,0,0,0,,,0,,
A. Mohand,MLS Next Pro,2026,Chattanooga,Chattanooga,"LW, RW, LAMF",22,253,0,0.34,0,0.31,Algeria,5.69,6.05,47.06,4.62,30.77,0,0,0.71,2.85,4,1.78,0,0,0,0,3.91,0,0,0,0.12,0,0,9,3.2,77.78,0,0,1.42,0,2.85,50,7.47,33.33,4.98,2.13,0.36,18.14,3.91,0.36,23.48,80.3,8.18,78.26,7.11,95,4.27,50,2.13,66.67,18.93,21.07,0.11,0.71,0,0,0,0,1.07,3.2,77.78,2.13,33.33,0,0,2.13,0,4.62,69.23,0,,0,,0,0,0,0,,,0,,
I. Zeltzer-Zubida,MLS Next Pro,2026,Inter Miami II,Inter Miami II,"CF, LW, LWB",20,937,7,2.25,0,0.59,United States,2.21,1.82,42.11,1.82,47.37,0.1,0.14,0,1.34,2.01,0.29,2,0.19,0,0,4.8,0.67,7,0.67,0.22,2,0.19,23,2.21,56.52,30.435,0,1.82,31.58,4.9,60.78,8.07,48.81,3.07,3.94,0.1,23.92,2.69,0.29,27.18,74.2,7.49,51.28,5.76,95,8.16,80,2.4,56,18.25,32.51,0.06,0.77,0.1,0,0.29,0,0.1,3.55,62.16,2.88,50,0.48,20,1.15,0.58,4.32,71.11,0,,0,,0,0,0,0,,,0.19,,
I. Urkidi,MLS Next Pro,2026,Inter Miami II,Inter Miami II,"DMF, LCMF",19,1072,0,0.01,0,0.05,United States,8.48,7.64,54.95,2.43,27.59,0.17,0.27,0.34,4.11,6.56,1.76,5,0.42,1,0.08,0.34,0,0,0,0,0,0,1,0.08,0,0,0,0.34,25,0.59,42.86,2.85,47.06,0.25,0.76,0,34.34,0,0.76,45,87.87,9.91,74.58,7.14,95.29,21.16,93.65,2.94,65.71,17.77,32.29,0,0.17,0,0,0,0,0,4.03,75,0.59,28.57,0.08,0,0.17,0.08,4.28,60.78,0,,0,,0,0,0,0,,,1.26,,
M. Saja,MLS Next Pro,2026,Inter Miami II,Inter Miami II,CF,19,985,4,6.06,0,0.15,United States,3.47,2.65,48.28,2.65,27.59,0.37,0.56,0.09,1.83,2.8,1.64,2,0.18,0,0,0.91,0.37,4,0.37,0.55,1,0.09,22,2.01,45.45,18.182,0,0.18,0,0.27,0,4.2,28.26,3.38,0.27,0.18,6.76,1.46,0.46,10.87,69.75,1.1,58.33,4.66,92.16,2.47,55.56,0.73,37.5,15.03,21.02,0.01,0.09,0,0,0,0,0.09,0.82,44.44,0.27,0,0,0,0.09,0,0.73,37.5,0,,0,,0,0,0,0,,,0,,
A. Krehl,MLS Next Pro,2026,Chattanooga,Chattanooga,CF,23,1110,10,7.14,2,0.86,United States,3.57,3.89,50,7.38,47.25,0.16,0.19,0.08,1.46,1.7,2.03,2,0.16,0,0,2.11,0.81,10,0.81,0.58,3,0.24,33,2.68,54.55,30.303,0.16,0.32,25,1.14,50,7.14,40.91,4.7,1.05,0,10.54,3,1.78,14.03,72.83,2.03,48,3.57,84.09,4.14,66.67,0.41,60,13.63,5.91,0.07,0.41,0,0.08,0.08,0,0.32,0.57,57.14,0.89,63.64,0.08,0,0.97,0.08,1.46,44.44,0,,0,,0,0,0,0,,,0,,
K. Ancelin,MLS Next Pro,2026,Chattanooga,Chattanooga,"CF, RW",23,402,1,0.81,0,0,United States,4.7,6.04,29.63,8.51,57.89,0,0,0,2.91,3.71,3.58,0,0,0,0,0.9,0.22,1,0.22,0.18,0,0,7,1.57,42.86,14.286,0,0.9,0,0.9,25,7.16,25,4.25,1.12,0.22,12.09,2.24,0.67,19.25,72.09,3.36,46.67,5.37,83.33,5.82,69.23,0.9,25,14.33,8.69,0,0,0,0,0,0,0,1.79,37.5,0.9,25,0,0,0.45,0.22,1.34,50,0,,0,,0,0,0,0,,,0,,
A. Flores,MLS Next Pro,2026,Inter Miami II,Inter Miami II,"RW, RWF, RAMF",20,760,0,0.37,0,0.99,United States,3.55,4.38,51.35,1.07,55.56,0,0,0,1.3,1.98,0.59,1,0.12,0,0,2.25,0,0,0,0.04,0,0,11,1.3,18.18,0,0,1.42,50,2.13,61.11,7.82,43.94,1.18,1.78,0,23.8,2.01,2.01,27.47,78.45,7.7,60,4.74,92.5,10.66,84.44,2.72,56.52,21.47,24.45,0.12,0.95,0.12,0,0,0,0.71,4.26,69.44,2.49,61.9,0.24,50,0.95,0.71,5.92,78,0,,0,,0,0,0,0,,,0.12,,
A. Leonel Arrua,MLS Next Pro,2026,Chattanooga,Chattanooga,"AMF, LAMF, RCMF",21,236,0,0.26,0,0,Argentina,3.43,2.67,71.43,2.29,50,0,0,0,1.53,2.35,0,0,0,0,0,1.53,0,0,0,0.1,0,0,2,0.76,50,0,0,0,0,1.14,100,4.96,53.85,1.91,0.38,0,14.87,0.76,1.14,25.55,82.09,6.1,62.5,6.1,100,9.53,84,0.76,50,14.87,9.12,0,0,0,0,0,0,0,3.81,90,0.38,100,0,0,0,0,4.19,63.64,0,,0,,0,0,0,0,,,0,,
S. Louis-Jean,MLS Next Pro,2026,Chattanooga,Chattanooga,"LDMF, RDMF, LCMF",21,488,0,0.41,1,0.05,United States,9.04,8.3,62.22,0.92,80,0.18,0.25,0.18,3.69,5.04,1.29,1,0.18,0,0,0.74,0,0,0,0.07,0,0,6,1.11,33.33,0,0.18,0.18,100,0.18,100,0.92,40,0.18,0.55,0,17.7,0,0,26.93,88.36,5.16,67.86,5.53,96.67,11.99,93.85,2.4,53.85,19.11,35.82,0.01,0.18,0,0,0,0,0.18,3.87,76.19,0.92,40,0,0,0.18,0.18,2.77,66.67,0,,0,,0,0,0,0,,,0.92,,
M. Acevedo,MLS Next Pro,2026,Inter Miami II,Inter Miami II,"AMF, LAMF, LWF",18,349,0,0.42,0,0.92,Argentina,4.38,7.99,32.26,1.55,50,0,0,0.26,1.81,2.69,3.61,2,0.52,0,0,4.13,0,0,0,0.11,0,0,9,2.32,44.44,0,0,1.55,33.33,4.38,58.82,14.44,44.64,3.35,3.87,0.26,23.72,1.03,2.06,27.85,80.56,9.28,80.56,4.9,84.21,7.48,89.66,2.06,87.5,15.8,44.36,0.24,1.29,0,0,0,0,0.77,3.87,73.33,2.58,80,0,0,2.06,0.26,5.16,95,0,,0,,0,0,0,0,,,0,,
D. Barker John,MLS Next Pro,2026,Chattanooga,Chattanooga,"RAMF, RW, LW",21,1281,6,6.31,1,2.96,United States,4.5,3.44,63.27,1.83,26.92,0,0,0.21,2.32,2.79,0.49,0,0,0,0,5.27,0.42,5,0.35,0.44,0,0,38,2.67,50,15.789,0.07,1.76,36,5.34,61.84,13.28,44.44,4.57,2.67,0.21,17,2.04,1.26,22.06,76.43,4.78,61.76,6.39,96.7,6.46,69.57,1.19,64.71,16.9,22.93,0.21,0.7,0.07,0,0,0,0.56,2.18,70.97,1.9,48.15,0.21,33.33,1.26,0.7,3.93,76.79,0,,0,,0,0,0,0,,,0.21,,
Y. Cohen,MLS Next Pro,2026,Chattanooga,Chattanooga,"CF, AMF",20,502,1,4.17,0,0.42,United States,3.76,4.12,56.52,1.79,60,0.36,0.59,0,1.08,1.78,1.08,0,0,0,0,1.79,0.18,1,0.18,0.75,0,0,22,3.94,27.27,4.545,0,0.72,50,1.43,25,5.38,40,6.1,1.97,0,17.75,2.15,1.43,22.59,76.19,5.74,62.5,6.27,85.71,5.56,77.42,0.9,80,13.87,19.62,0.07,0.36,0,0,0.18,0,0.54,2.33,61.54,1.97,54.55,0.18,0,0.9,0.36,2.15,83.33,0,,0,,0,0,0,0,,,0,,
L. Husakiwsky,MLS Next Pro,2026,Chattanooga,Chattanooga,"RDMF, RCMF, LDMF",23,743,1,1.27,1,0.82,United States,5.21,4.6,60.53,2.3,68.42,0,0,0.24,2.42,2.93,1.21,2,0.24,0,0,0.85,0.12,1,0.12,0.15,0,0,12,1.45,33.33,8.333,0.12,0.73,33.33,0.12,0,1.57,53.85,1.57,0.48,0,16.23,0.12,0.73,27.74,83.84,8.12,74.63,5.21,93.02,9.45,85.9,2.66,68.18,17.88,34.16,0.1,0.24,0.24,0,0.12,100,0.24,3.27,77.78,1.21,40,0.24,100,0.24,0.24,3.63,63.33,0,,0,,0,0,0,0,,,0.61,,
A. McGrath,MLS Next Pro,2026,Chattanooga,Chattanooga,"AMF, RCMF, CF",29,823,5,3.12,1,0.5,England,5.03,4.59,50,2.41,40.91,0,0,0.11,2.73,3.06,0.98,1,0.11,0,0,1.53,0.55,5,0.55,0.34,0,0,18,1.97,50,27.778,0.11,0.66,50,0.22,100,2.08,31.58,2.62,1.2,0.33,16.51,1.75,0.33,24.06,81.36,7.33,74.63,4.16,97.37,7.87,83.33,1.86,76.47,17.98,31.75,0.06,0.55,0,0.11,0.11,0,0.55,3.94,69.44,0.98,55.56,0.22,50,0.77,0.33,4.48,87.8,0,,0,,0,0,0,0,,,0.11,,
T. Robertson,MLS Next Pro,2026,Chattanooga,Chattanooga,"RB, LCMF, RCMF",29,1492,7,5.41,4,3.66,United States,5.61,2.96,53.06,1.45,75,0.06,0.07,0.36,3.98,4.9,0.66,2,0.12,0,0,1.63,0.42,4,0.24,0.33,0,0,25,1.51,48,28,0.24,1.39,30.43,0.97,43.75,5.01,42.17,1.33,0.6,0.06,26.72,1.81,1.75,36.13,83.47,14.42,79.08,5.55,90.22,11.58,84.38,6.94,63.48,22.65,42.86,0.22,1.51,0.18,0,0.06,100,0.54,8.26,73.72,2.71,51.11,0.48,62.5,1.03,0.42,8.69,84.03,0,,0,,0,0,0,0,,,0.6,,
D. Mangarov,MLS Next Pro,2026,Chattanooga,Chattanooga,"LAMF, AMF, CF",24,1208,0,1.57,4,4.51,United States,4.84,4.99,56.72,2.38,40.63,0.07,0.09,0.15,1.94,2.39,1.04,2,0.15,0,0,2.53,0,0,0,0.12,0,0,13,0.97,30.77,0,0.3,2.68,38.89,1.94,61.54,6.11,52.44,2.31,1.04,0.15,19.59,2.38,1.64,26.08,75.71,7.97,60.75,6.41,95.35,5.81,65.38,1.49,50,14.61,23.39,0.34,2.16,0,0,0,0,1.04,3.05,58.54,2.76,48.65,0.07,0,0.67,1.04,3.5,80.85,0,,0,,0,0,0,0,,,0.07,,
L. Azar,MLS Next Pro,2026,New England II,New England II,"RCMF, RDMF, LCMF",16,203,0,0,0,0,United States,9.75,4.43,60,2.66,50,0.44,0.47,0,6.65,7.03,1.77,0,0,0,0,0,0,0,0,0,0,0,0,0,0,0,0,0,0,0,0,3.55,50,0.44,0.44,0,12.86,0,1.33,26.16,76.27,7.54,52.94,3.99,88.89,11.08,88,0.89,50,12.75,18.44,0,0,0,0,0,0,0,3.1,42.86,0.44,0,0.44,0,0,0,3.1,28.57,0,,0,,0,0,0,0,,,0,,
T. Gladstone,MLS Next Pro,2026,Philadelphia Union II,Philadelphia Union II,LW,16,179,0,0.38,2,0.81,United States,3.52,3.52,42.86,0,0,0,0,0,2.01,2.55,0.5,0,0,0,0,3.52,0,0,0,0.19,0,0,4,2.01,0,0,1.01,3.02,33.33,4.02,62.5,7.04,57.14,2.01,2.01,0,12.57,0,1.01,17.09,67.65,4.53,66.67,0,0,7.04,64.29,1.51,66.67,16.04,17.74,0.41,3.02,0,0,0,0,1.01,0.5,100,2.51,40,0,0,0.5,1.01,4.02,75,0,,0,,0,0,0,0,,,0,,
M. De Paula,MLS Next Pro,2026,Philadelphia Union II,Philadelphia Union II,"LCMF, RCMF",17,1245,2,1.21,2,1.15,United States,7.95,7.81,56.48,1.59,27.27,0.36,0.45,0.22,3.18,3.98,1.66,6,0.43,0,0,0.58,0.14,2,0.14,0.09,0,0,8,0.58,50,25,0.14,0.29,0,0.72,30,3.98,41.82,0.29,0.8,0.14,21.04,0.07,1.3,33.18,74.51,11.78,59.51,4.63,96.88,10.92,82.78,2.67,40.54,17.66,25.14,0.08,0.65,0,0,0.14,50,0.29,4.77,59.09,0.87,8.33,0.22,33.33,0.51,0,5.78,53.75,0,,0,,0,0,0,0,,,0.43,,
C. Zambrano,MLS Next Pro,2026,New England II,New England II,"AMF, LCMF",21,805,3,2.46,2,2.6,Venezuela,6.26,7.6,50,1.79,56.25,0.34,0.52,0.11,2.12,3.31,2.57,2,0.22,0,0,4.58,0.34,2,0.22,0.28,0,0,29,3.24,34.48,10.345,0.22,2.57,43.48,4.02,58.33,11.85,52.83,2.91,2.01,0.45,26.16,0.67,3.24,32.65,75,11.85,59.43,4.02,91.67,11.29,81.19,4.36,48.72,18.78,32.85,0.29,2.12,0.22,0.11,0.11,0,0.78,6.48,56.9,3.35,46.67,0.34,0,0.78,1.23,5.48,75.51,0,,0,,0,0,0,0,,,0.11,,
J. Ruf,MLS Next Pro,2026,Philadelphia Union II,Philadelphia Union II,CF,16,302,0,0,0,0.38,United States,4.47,8.34,25,9.24,41.94,0.3,0.35,0.3,2.09,2.44,5.36,2,0.6,0,0,0.6,0,0,0,0,0,0,0,0,0,0,0,0.6,50,0.6,50,8.64,31.03,0.89,0.89,0,9.54,2.09,1.49,11.62,66.67,1.79,33.33,3.28,72.73,3.87,69.23,0.3,0,13.5,5.77,0.11,0.6,0,0,0,0,0.6,0.89,66.67,0.6,50,0,0,0.3,0.3,0.6,50,0,,0,,0,0,0,0,,,0,,
I. Mendoza,MLS Next Pro,2026,Philadelphia Union II,Philadelphia Union II,LCMF,16,457,0,0,0,0,United States,9.06,9.45,58.33,1.38,42.86,0,0,0.2,3.54,3.7,0.59,1,0.2,0,0,1.18,0,0,0,0,0,0,0,0,0,0,0,0.2,0,1.58,75,3.54,50,0.2,0,0.2,18.12,0,0.39,29.34,79.87,11.03,66.07,6.89,94.29,6.11,90.32,1.58,37.5,21.08,32.74,0,0,0.2,0,0,0,0,2.36,66.67,0.79,0,0.2,0,0,0,3.94,40,0,,0,,0,0,0,0,,,0.59,,
W. Ferreira,MLS Next Pro,2026,Philadelphia Union II,Philadelphia Union II,"LW, RW",17,1036,0,0.6,3,1.81,United States,4.26,5.73,34.85,1.04,16.67,0.17,0.21,0.09,2.08,2.52,1.48,2,0.17,0,0,2.61,0,0,0,0.05,0,0,8,0.69,37.5,0,0.26,2.08,25,3.82,45.45,10.42,43.33,1.04,1.04,0.09,18.68,0.96,1.65,26.84,66.67,7.99,46.74,5.39,85.48,7.91,70.33,2.95,47.06,18.65,34.75,0.16,0.96,0.17,0,0.17,50,0.52,3.65,40.48,2.95,32.35,0.35,25,0.87,0.69,5.21,55,0,,0,,0,0,0,0,,,0,,
A. Prajapati,MLS Next Pro,2026,New England II,New England II,"RCB, RB, RWB",,227,0,0.11,0,0.1,United States,3.96,3.96,40,1.98,80,0,0,0,2.38,3.05,0.4,0,0,0,0,0,0,0,0,0.04,0,0,2,0.79,0,0,0,0.79,0,0,0,1.19,33.33,0.79,0.4,0,17.84,1.19,0.4,24.19,86.89,5.95,73.33,6.34,100,9.52,87.5,2.78,57.14,17.5,19.77,0.04,0.4,0,0,0,0,0,2.38,83.33,0.79,50,0.4,100,0.4,0,2.78,71.43,0,,0,,0,0,0,0,,,1.19,,
M. Jakupovic,MLS Next Pro,2026,Philadelphia Union II,Philadelphia Union II,CF,17,973,3,2.34,1,0.92,United States,3.79,4.16,28.89,2.22,70.83,0.18,0.22,0.18,2.4,2.86,1.66,2,0.18,0,0,2.5,0.28,3,0.28,0.22,0,0,18,1.66,44.44,16.667,0.09,0.28,66.67,2.22,62.5,4.72,45.1,2.03,1.2,0.28,10.91,2.22,0.37,12.76,57.25,4.62,46,1.66,66.67,3.24,71.43,0.46,20,15.48,11.62,0.08,0.74,0,0,0.37,50,0.55,2.5,51.85,0.83,66.67,0.37,50,0.74,0.28,1.76,73.68,0,,0,,0,0,0,0,,,0,,
J. Mussenden,MLS Next Pro,2026,New England II,New England II,"RCMF, RDMF",18,1272,1,2.19,1,0.26,United States,8.99,7.71,55.96,2.05,41.38,0.64,0.9,0.28,4.03,5.7,1.13,3,0.21,0,0,1.2,0.07,1,0.07,0.15,0,0,12,0.85,58.33,8.333,0.07,0.5,57.14,0.57,62.5,5.09,31.94,1.27,1.06,0.14,29.79,0.35,1.06,43.51,86.5,13.23,73.8,9.27,93.89,13.87,94.39,2.9,56.1,17.47,36.01,0.02,0.28,0,0.14,0.14,50,0.28,5.52,73.08,1.42,35,0.35,40,0.42,0.28,5.94,75,0,,0,,0,0,0,0,,,0.57,,
K. LeBlanc,MLS Next Pro,2026,Philadelphia Union II,Philadelphia Union II,"RW, LW",18,1203,1,2.35,2,1.97,United States,4.04,4.41,52.54,1.05,28.57,0.15,0.17,0,1.57,1.82,1.05,0,0,0,0,1.95,0.07,1,0.07,0.18,0,0,26,1.95,38.46,3.846,0.15,0.67,22.22,2.54,38.24,7.78,36.54,1.87,1.72,0.3,20.27,1.2,1.8,26.56,77.75,8.38,66.07,6.96,94.62,6.43,81.4,2.32,48.39,17.93,35.68,0.15,1.05,0.07,0.15,0.22,33.33,0.45,2.84,63.16,1.42,52.63,0.3,25,0.97,0.15,3.52,61.7,0,,0,,0,0,0,0,,,0.15,,
J. Da,MLS Next Pro,2026,New England II,New England II,CF,24,959,1,5.41,1,0.5,United States,2.82,2.44,42.31,4.13,50,0,0,0.09,1.78,2.56,2.25,5,0.47,0,0,2.35,0.09,1,0.09,0.51,0,0,31,2.91,32.26,3.226,0.09,0.75,37.5,1.97,57.14,8.26,38.64,5.16,1.03,0.09,15.77,2.16,1.13,20.55,75.8,4.13,56.82,6.76,88.89,5.72,70.49,1.03,18.18,15.46,27.05,0.05,0.47,0,0,0,0,0.28,1.69,38.89,1.22,53.85,0,0,0.75,0.28,1.69,72.22,0,,0,,0,0,0,0,,,0,,
S. Sasaki,MLS Next Pro,2026,New England II,New England II,"LWF, LW, LAMF",23,490,1,1.4,0,0.78,Japan,5.33,6.24,44.12,0.92,60,0,0,0.18,2.57,3.75,1.1,1,0.18,0,0,3.67,0.18,1,0.18,0.26,0,0,10,1.84,40,10,0,2.94,12.5,5.69,45.16,14.33,41.03,3.67,3.86,0.37,17.82,2.39,1.84,22.59,70.73,4.78,73.08,6.43,85.71,6.43,60,0.55,66.67,13.41,12.12,0.14,0.92,0,0,0,0,0.37,1.65,66.67,3.86,47.62,0,0,1.29,0.73,2.94,62.5,0,,0,,0,0,0,0,,,0,,
S. Olivas,MLS Next Pro,2026,Philadelphia Union II,Philadelphia Union II,CF,19,635,0,0.99,0,0.13,United States,2.69,4.54,40.63,4.68,30.3,0,0,0,0.85,1.02,1.98,1,0.14,1,0.14,0.85,0,0,0,0.14,0,0,7,0.99,28.57,0,0,0.57,0,1.42,40,8.65,31.15,1.56,1.28,0.28,10.2,1.7,1.98,13.75,64.95,2.98,57.14,4.25,90,2.98,38.1,0.43,66.67,14.26,8.67,0.02,0.28,0,0,0,0,0.14,1.13,62.5,0.99,28.57,0,0,0.43,0.14,1.42,50,0,,0,,0,0,0,0,,,0,,
C. Oliveira,MLS Next Pro,2026,New England II,New England II,"RW, RWF, RAMF",18,841,0,2.56,2,3.95,United States,3.96,5.24,46.94,0.64,16.67,0,0,0,1.5,2.19,1.82,3,0.32,0,0,5.24,0,0,0,0.27,0,0,23,2.46,52.17,0,0.21,2.68,52,3.32,74.19,8.45,43.04,5.14,2.68,0.11,31.14,2.25,0.11,38.95,82.97,8.56,73.75,9.52,95.51,13.48,84.13,1.39,30.77,15.93,26.16,0.42,2.57,0,0.11,0.32,33.33,1.5,3.1,65.52,3.32,58.06,0.43,50,1.61,1.5,5.24,85.71,0,,0,,0,0,0,0,,,0,,
M. Morgan,MLS Next Pro,2026,New England II,New England II,"CF, LW, LWF",21,1155,6,5.95,0,1.5,Canada,5.92,5.3,63.24,4.75,49.18,0.08,0.11,0.08,2.49,3.65,0.86,3,0.23,0,0,2.96,0.47,5,0.39,0.46,1,0.08,39,3.04,38.46,15.385,0,1.4,50,1.71,63.64,6.16,40.51,4.52,1.09,0.08,17.14,1.4,1.09,20.88,72.01,4.99,53.13,4.21,96.3,6.55,72.62,2.88,62.16,17.68,26.91,0.12,1.01,0.16,0,0,0,0.78,2.88,51.35,1.79,43.48,0.31,50,1.01,0.62,3.43,65.91,0,,0,,0,0,0,0,,,0.16,,
O. Benitez,MLS Next Pro,2026,Philadelphia Union II,Philadelphia Union II,RCMF,22,1169,0,1.03,0,0.08,Colombia,8.78,8.62,58.93,3.46,51.11,0,0,0.62,3.7,4.34,2.31,4,0.31,1,0.08,0.38,0,0,0,0.08,0,0,8,0.62,12.5,0,0,0.31,25,0.92,25,4.39,33.33,0.77,0.31,0.08,13.47,0.31,1.15,23.87,73.87,10.09,61.83,2.08,85.19,7.78,84.16,1.62,28.57,16.29,23.43,0.01,0.08,0.08,0,0.08,0,0.08,3.08,70,0.54,28.57,0.08,0,0.15,0.15,4.77,48.39,0,,0,,0,0,0,0,,,0.23,,
E. Davis,MLS Next Pro,2026,Philadelphia Union II,Philadelphia Union II,CF,20,651,5,2.46,0,0,United States,3.46,2.21,62.5,4.01,41.38,0,0,0,2.07,2.46,0.41,0,0,0,0,1.94,0.69,5,0.69,0.34,0,0,24,3.32,41.67,20.833,0,0.55,0,1.24,44.44,5.53,30,3.04,1.66,0.14,14.24,2.21,0.69,15.07,73.39,3.59,65.38,4.42,84.38,4.01,75.86,0.83,66.67,15.09,21.51,0,0.14,0.14,0,0,0,0.14,2.9,76.19,1.11,37.5,0,0,0.55,0.14,2.35,70.59,0,,0,,0,0,0,0,,,0,,
J. Smith,MLS Next Pro,2026,New England II,New England II,"LB, LWB, LCB",24,757,1,0.16,0,0.6,United States,8.44,5.94,58,2.02,58.82,0,0,0.36,4.99,6.81,1.78,2,0.24,0,0,2.14,0.12,1,0.12,0.02,1,0.12,3,0.36,66.67,33.333,0,3.45,48.28,0.59,40,2.62,31.82,0.36,1.66,0.36,26.39,2.62,0.36,36.62,70.45,16.53,59.71,3.45,72.41,11.77,82.83,3.69,45.16,20.9,34.51,0.07,0.71,0.12,0,0.12,0,0.95,7.25,63.93,4.28,41.67,0.24,0,0.24,1.55,10.22,72.09,0,,0,,0,0,0,0,,,0,,
L. Dawson,MLS Next Pro,2026,Toronto II,Toronto II,"RW, CF",15,203,0,0.11,1,0.65,Canada,6.21,7.54,64.71,1.33,0,0,0,0,1.33,1.53,1.33,0,0,0,0,1.77,0,0,0,0.05,0,0,1,0.44,0,0,0.44,0.44,0,2.22,60,8.42,31.58,1.77,2.22,0.44,14.63,0.44,1.33,19.06,76.74,6.21,71.43,4.88,100,4.43,60,1.33,66.67,13.76,37.77,0.29,1.33,0,0,0.44,100,0.89,2.66,50,1.77,50,0.44,100,1.33,0,2.22,80,0,,0,,0,0,0,0,,,0,,
A. Jardines,MLS Next Pro,2026,Atlanta United II,Atlanta United II,"LCMF, RCMF",,542,1,0.58,1,0.67,United States,7.47,6.81,48.78,1,16.67,0.33,0.57,0.33,3.82,6.51,1,1,0.17,0,0,2.32,0.17,1,0.17,0.1,0,0,5,0.83,60,20,0.17,1.16,42.86,1.33,75,4.32,50,1,1.66,0,28.89,0,1,41.35,87.15,9.63,74.14,5.98,97.22,21.42,90.7,3.32,55,22.03,47.84,0.11,1,0,0.17,0.5,66.67,0.66,5.48,78.79,2.32,57.14,0.5,66.67,1.16,0.5,5.15,87.1,0,,0,,0,0,0,0,,,1.16,,
T. Blyth,MLS Next Pro,2026,Toronto II,Toronto II,"RW, CF, LW",16,527,1,1.11,1,0.61,Canada,6.66,5.81,64.71,0.85,60,0,0,0.17,2.9,3.52,0.17,1,0.17,0,0,2.05,0.17,1,0.17,0.19,0,0,9,1.54,44.44,11.111,0.17,1.2,42.86,1.88,45.45,6.66,30.77,2.22,2.05,0.34,23.06,1.2,0.85,26.47,74.84,7.34,62.79,5.98,88.57,7,78.05,1.02,50,15.62,20.36,0.1,0.51,0.17,0.17,0.34,0,0.51,3.24,68.42,1.71,40,0.34,0,0.17,0.68,4.78,67.86,0,,0,,0,0,0,0,,,0,,
S. Pinnock,MLS Next Pro,2026,Toronto II,Toronto II,"RW, RWF, RAMF",17,464,0,0.8,0,0.35,Canada,9.7,10.86,60.71,1.94,10,0,0,0.19,3.1,4.1,2.13,1,0.19,0,0,2.52,0,0,0,0.16,0,0,3,0.58,33.33,0,0,1.16,33.33,3.3,47.06,9.5,30.61,2.72,2.13,0.19,18.04,1.36,0.58,22.89,69.49,4.07,42.86,5.24,77.78,7.56,74.36,0.58,33.33,12.77,10.55,0.07,0.58,0,0,0.78,50,0.19,1.75,55.56,1.55,50,0.58,33.33,0.58,0.39,3.88,55,0,,0,,0,0,0,0,,,0,,
I. Suarez-Couri,MLS Next Pro,2026,Atlanta United II,Atlanta United II,"AMF, RCMF, RWF",17,698,0,2.45,4,1.54,United States,7.22,7.09,65.45,1.16,22.22,0.39,0.56,0.13,2.19,3.17,1.42,2,0.26,0,0,1.81,0,0,0,0.32,0,0,12,1.55,41.67,0,0.52,1.55,50,0.77,50,3.87,33.33,3.35,0.26,0,19.86,1.29,0.77,25.14,80,5.93,67.39,6.32,89.8,9.28,79.17,1.42,45.45,16.57,28.08,0.2,1.16,0,0,0.13,0,1.16,3.22,72,1.93,53.33,0.13,0,0.64,0.77,3.74,82.76,0,,0,,0,0,0,0,,,0.26,,
D. Sibrian,MLS Next Pro,2026,Atlanta United II,Atlanta United II,"LCMF, RDMF, LDMF",16,287,0,0,0,0.13,United States,12.23,8.78,53.57,2.2,71.43,0.63,0.76,1.57,6.9,8.35,2.82,1,0.31,0,0,0.94,0,0,0,0,0,0,0,0,0,0,0,0.94,33.33,0.94,66.67,4.39,28.57,0.31,0,0,11.29,0.31,0.31,20.38,72.31,5.64,50,3.76,100,6.9,86.36,1.25,0,11.53,14.74,0.04,0.31,0,0,0,0,0.31,2.51,50,0.94,33.33,0,0,0,0.63,3.14,30,0,,0,,0,0,0,0,,,0.94,,
K. Kervon,MLS Next Pro,2026,Toronto II,Toronto II,CF,17,399,3,2.07,0,0.17,Canada,2.93,1.58,71.43,4.96,27.27,0,0,0.45,1.8,2.29,0.45,0,0,0,0,1.8,0.68,3,0.68,0.47,0,0,10,2.26,60,30,0,0.23,0,0.68,33.33,3.38,33.33,2.93,0,0,7.44,1.35,0.68,10.38,80.43,0.68,66.67,3.38,93.33,2.71,75,0.45,0,12.26,4.87,0.04,0.45,0,0,0.23,100,0.23,0.23,100,0.23,100,0.23,100,0.45,0,0.45,50,0,,0,,0,0,0,0,,,0.23,,
E. Omoregbe,MLS Next Pro,2026,Toronto II,Toronto II,"RB, LB, RCMF",17,709,0,0.13,0,0.04,Canada,10.41,6.47,72.55,0.63,40,0.38,0.47,0.51,5.33,6.6,0.51,2,0.25,0,0,1.02,0,0,0,0.02,0,0,2,0.25,0,0,0,0.25,50,1.14,66.67,4.7,54.05,0.38,0.51,0,27.42,0.25,1.02,37.45,90.51,12.31,81.44,5.71,93.33,13.71,96.3,1.14,55.56,16.87,18.63,0.01,0.25,0,0,0.25,50,0.13,2.41,89.47,0.25,50,0.25,50,0,0.13,4.57,58.33,0,,0,,0,0,0,0,,,0.76,,
E. Khodri,MLS Next Pro,2026,Toronto II,Toronto II,CF,21,837,2,2.57,1,0.97,United States,3.12,3.98,48.65,2.9,18.52,0.11,0.12,0,1.08,1.17,0.97,1,0.11,0,0,2.37,0.22,2,0.22,0.28,0,0,20,2.15,35,10,0.11,1.08,20,2.37,59.09,10.65,30.3,2.47,2.15,0.32,10.86,1.51,0.65,12.9,71.67,3.01,42.86,3.23,96.67,4.19,61.54,1.29,50,15.62,24.37,0.1,0.54,0,0,0.11,0,0.43,1.4,61.54,1.94,27.78,0.11,0,0.65,0.32,2.47,56.52,0,,0,,0,0,0,0,,,0.43,,
A. Kovac,MLS Next Pro,2026,Atlanta United II,Atlanta United II,CF,19,1003,12,10.22,1,1.82,United States,2.87,2.33,46.15,3.5,28.21,0,0,0.18,1.79,2.68,1.08,2,0.18,0,0,3.23,1.08,11,0.99,0.92,4,0.36,41,3.68,56.1,29.268,0.09,0.36,75,1.44,62.5,7.45,37.35,7,1.17,0,9.42,2.51,1.08,11.75,76.34,2.51,67.86,3.14,77.14,2.33,88.46,0.27,100,13.74,6.27,0.16,0.99,0.09,0,0.09,0,1.08,1.08,83.33,0.81,44.44,0.18,50,1.26,0.27,1.35,80,0,,0,,0,0,0,0,,,0.09,,
Raequan Campbell-Dennis,MLS Next Pro,2026,Toronto II,Toronto II,"RB, RWB",18,844,0,0.12,2,0.52,Jamaica,11.41,11.41,54.21,1.49,0,0.11,0.13,0.43,5.12,6.21,2.03,1,0.11,0,0,1.28,0,0,0,0.01,0,0,3,0.32,66.67,0,0.21,0.85,0,1.6,53.33,5.33,54,1.39,1.07,0.11,21.22,1.71,1.17,29.32,73.82,11.84,62.16,5.76,92.59,5.76,70.37,2.99,42.86,17,35.33,0.05,0.43,0.11,0,0.32,66.67,0.53,3.2,70,2.03,36.84,0.43,50,1.28,0,5.86,47.27,0,,0,,0,0,0,0,,,0.32,,
T. Fortier,MLS Next Pro,2026,Toronto II,Toronto II,"LCMF, RCMF, LDMF",17,1079,0,0.57,2,1.07,United States,9.18,7.17,68.6,1.42,47.06,0.17,0.18,0.25,4.09,4.4,1,3,0.25,0,0,0.92,0,0,0,0.05,0,0,8,0.67,37.5,0,0.17,0.75,11.11,0.75,77.78,5.67,58.82,0.25,0.25,0,37.37,0,2.67,50.71,85.53,15.51,75.27,8.34,97,18.6,87.89,3.42,48.78,17.64,42.26,0.09,0.5,0,0,0,0,0.25,6.51,70.51,1.67,30,0,0,0.5,0.08,7.09,68.24,0,,0,,0,0,0,0,,,0.75,,
J. Nolan,MLS Next Pro,2026,Toronto II,Toronto II,CF,16,868,6,3.86,0,0.26,Jamaica,2.8,1.97,68.42,1.87,33.33,0,0,0,1.45,1.63,0.21,1,0.1,0,0,2.18,0.62,5,0.52,0.4,0,0,20,2.07,55,30,0,0.73,28.57,1.35,61.54,6.53,30.16,2.49,0.93,0.1,19.08,1.14,0.73,23.23,78.57,5.91,66.67,7.05,92.65,6.01,70.69,1.97,63.16,17.25,29.33,0.03,0.1,0.41,0,0.21,0,0.1,3.11,70,1.35,38.46,0.21,0,0.21,0.31,3.21,74.19,0,,0,,0,0,0,0,,,0.1,,
D. Chong Qui,MLS Next Pro,2026,Atlanta United II,Atlanta United II,"LWB, LB",18,1267,1,2.1,2,4.15,United States,7.96,7.74,55.96,1.7,45.83,0.14,0.2,0.07,3.48,4.85,1.99,1,0.07,0,0,2.91,0.07,1,0.07,0.15,0,0,24,1.7,58.33,4.167,0.14,3.13,25,2.2,51.61,6.54,55.43,3.2,2.56,0.43,19.46,2.7,1.49,25.86,70.6,8.45,60.5,5.54,92.31,7.81,62.73,1.49,38.1,16.99,36.65,0.29,1.42,0.28,0,0.14,0,0.78,2.91,51.22,3.76,35.85,0.36,0,1.56,0.85,4.83,70.59,0,,0,,0,0,0,0,,,0.14,,
A. Torres,MLS Next Pro,2026,Atlanta United II,Atlanta United II,"LDMF, LCMF, RCMF",18,1015,0,0.92,0,0.02,United States,7.18,6.12,52.17,1.6,66.67,0.09,0.12,0.44,3.9,5.16,1.77,2,0.18,0,0,0.53,0,0,0,0.08,0,0,9,0.8,11.11,0,0,0,0,0.98,45.45,7,41.77,0.27,0.71,0.27,21.19,0.53,2.39,31.21,83.24,7.36,56.63,7.8,97.73,11.17,92.06,2.13,70.83,17.81,36.73,0,0.09,0.09,0,0.09,0,0.18,3.55,60,0.71,37.5,0.18,50,0.27,0,3.46,48.72,0,,0,,0,0,0,0,,,1.51,,
A. Gill,MLS Next Pro,2026,Atlanta United II,Atlanta United II,"RCMF, RDMF, LDMF",20,1087,1,0.24,0,0.99,United States,6.87,5.05,63.93,0.75,22.22,0.5,0.7,0.33,3.15,4.42,0.5,2,0.17,1,0.08,0.99,0.08,1,0.08,0.02,0,0,8,0.66,37.5,12.5,0,0.5,16.67,1.24,46.67,4.89,50.85,0.41,0.75,0.08,26.58,0.08,1.32,38.17,88.29,11.84,81.12,6.13,97.3,12.42,93.33,2.24,59.26,15.16,32.93,0.08,0.75,0.17,0,0.08,100,0.08,4.97,80,1.08,30.77,0.25,33.33,0.33,0.17,3.97,81.25,0,,0,,0,0,0,0,,,0.17,,
B. Boneau,MLS Next Pro,2026,Toronto II,Toronto II,"RCMF, LCMF",23,1065,1,0.27,2,0.87,United States,10.65,9.04,67.29,1.35,68.75,0.08,0.1,0.42,4.48,5.28,1.52,5,0.42,0,0,0.59,0.08,1,0.08,0.02,0,0,5,0.42,20,20,0.17,0.42,40,0.51,66.67,5.66,55.22,1.1,1.27,0.25,34.65,0.08,2.37,44.2,87.38,14.54,79.07,7.86,95.7,12.76,92.72,2.11,64,15.51,31.49,0.07,0.85,0,0.17,0.17,0,0.51,5.32,82.54,0.93,27.27,0.17,0,0.76,0.08,5.92,67.14,0,,0,,0,0,0,0,,,0.25,,
E. Dovlo,MLS Next Pro,2026,Atlanta United II,Atlanta United II,"RAMF, RWB, AMF",22,1073,2,2.09,1,2.02,France,5.03,5.28,55.56,1.43,23.53,0.25,0.34,0.17,1.85,2.46,1.34,1,0.08,0,0,5.28,0.17,2,0.17,0.18,0,0,22,1.85,40.91,9.091,0.08,3.61,39.53,4.61,67.27,10.07,43.33,3.52,4.11,0.17,23.23,2.85,0.34,30.62,73.42,6.71,57.5,8.14,89.69,10.57,76.19,1.85,50,17.3,24.14,0.17,1.34,0,0.08,0.08,0,1.01,2.85,67.65,3.77,57.78,0.17,0,1.26,1.43,5.12,75.41,0,,0,,0,0,0,0,,,0.17,,
L. Butts,MLS Next Pro,2026,Atlanta United II,Atlanta United II,CF,25,510,3,4.28,1,0.21,United States,2.12,1.94,36.36,8.65,34.69,0.18,0.24,0,1.24,1.68,1.06,1,0.18,0,0,2.12,0.53,3,0.53,0.75,1,0.18,11,1.94,45.45,27.273,0.18,0.18,100,1.24,71.43,9.71,27.27,4.06,1.06,0.71,6.53,1.06,0.88,12.35,77.14,2.12,58.33,4.76,88.89,2.47,78.57,0.18,100,9.66,0.89,0.04,0.53,0,0,0.35,50,0.35,0.71,50,0.53,33.33,0.35,50,0,0.18,0.71,75,0,,0,,0,0,0,0,,,0.18,,
M. Tablante,MLS Next Pro,2026,Atlanta United II,Atlanta United II,"RWB, LWB",25,796,0,1.95,0,1.16,Venezuela,7.35,7.46,48.48,1.58,50,0.23,0.33,0.23,3.51,5.08,1.81,0,0,0,0,4.3,0,0,0,0.22,0,0,17,1.92,23.53,0,0,3.39,26.67,4.86,60.47,11.31,51,3.51,3.73,0.57,26.12,2.94,1.92,31.55,74.91,10.74,66.32,8.25,93.15,8.59,65.79,3.05,29.63,18.1,28.09,0.13,1.36,0.34,0,0,0,0.57,3.73,66.67,2.71,33.33,0.34,33.33,0.9,0.9,5.54,75.51,0,,0,,0,0,0,0,,,0.34,,
B. Smith,MLS Next Pro,2026,Tacoma Defiance,Tacoma Defiance,"LCMF, RDMF, DMF",18,233,0,0.01,0,0.02,United States,2.7,3.09,25,5.02,61.54,0.39,0.41,0.39,1.55,1.62,1.16,1,0.39,0,0,1.16,0,0,0,0.01,0,0,1,0.39,0,0,0,1.55,50,1.16,33.33,6.57,17.65,0.39,0.77,0.39,30.9,0.77,1.16,40.17,82.69,11.2,62.07,8.11,95.24,15.84,90.24,3.86,60,19.45,22.81,0.01,0.77,0,0,0,0,0,3.86,60,1.93,80,0,0,0.77,0.77,5.02,69.23,0,,0,,0,0,0,0,,,0.77,,
L. Fernandez-Kim,MLS Next Pro,2026,Portland Timbers II,Portland Timbers II,"AMF, RCMF, CF",22,989,2,2.85,3,1.91,United States,4.19,4.73,46.15,2.37,26.92,0.09,0.11,0,1.91,2.41,1.55,3,0.27,0,0,1.09,0.18,2,0.18,0.26,1,0.09,13,1.18,38.46,15.385,0.27,0.64,28.57,0.55,83.33,6.46,45.07,3,0.91,0,19.57,0.46,1.27,27.76,88.52,5.64,69.35,8.92,98.98,6.19,89.71,0.91,60,14.38,21.92,0.17,1.27,0.09,0.09,0.09,0,1,2,63.64,1.37,46.67,0.09,0,1.37,0.18,2.91,84.38,0,,0,,0,0,0,0,,,0.18,,
L. Flores Gonazalez,MLS Next Pro,2026,Tacoma Defiance,Tacoma Defiance,CF,18,523,1,2.9,1,0.14,United States,3.44,3.61,42.86,4.13,41.67,0,0,0,1.89,2.1,1.55,1,0.17,0,0,1.72,0.17,1,0.17,0.5,0,0,16,2.75,31.25,6.25,0.17,0.34,50,1.89,36.36,6.2,38.89,3.61,0.52,0,8.78,0.69,2.41,13.42,78.21,3.61,52.38,4.65,96.3,3.1,83.33,1.2,57.14,16.97,15.66,0.02,0.17,0.17,0,0,0,0.17,1.89,45.45,0.17,100,0,0,0.17,0.17,1.2,71.43,0,,0,,0,0,0,0,,,0,,
B. Vanvoorhis,MLS Next Pro,2026,Portland Timbers II,Portland Timbers II,"RB, RWB",17,461,0,0.12,0,0.02,United States,8.98,7.61,51.28,2.73,50,0.59,0.77,0.2,4.49,5.9,2.15,2,0.39,0,0,0.78,0,0,0,0.02,0,0,4,0.78,25,0,0,1.56,25,0.98,20,4.88,52,0.78,0.59,0.2,20.3,1.95,2.34,26.94,76.81,10.35,67.92,7.61,89.74,4.49,73.91,2.34,33.33,18.9,37.57,0,0.2,0,0,0,0,0,3.51,50,2.15,36.36,0.2,0,0.2,0.39,4.69,66.67,0,,0,,0,0,0,0,,,1.37,,
M. Emert,MLS Next Pro,2026,Tacoma Defiance,Tacoma Defiance,"LWB, RB",18,322,0,0.07,0,0.35,United States,8.94,8.39,40,1.96,100,0.28,0.35,0.28,5.31,6.71,1.4,1,0.28,0,0,1.4,0,0,0,0.02,0,0,1,0.28,100,0,0,1.96,42.86,0.28,100,3.91,57.14,0.84,1.4,0.28,33.54,1.12,1.96,39.13,85.71,13.42,75,6.15,100,14.81,90.57,2.24,62.5,20.84,27.84,0.1,0.56,0.28,0,0,0,0.56,5.03,66.67,1.68,33.33,0,0,0,0.84,5.59,70,0,,0,,0,0,0,0,,,1.68,,
E. Carli,MLS Next Pro,2026,Tacoma Defiance,Tacoma Defiance,AMF,18,1102,2,2.66,0,1.1,United States,3.51,4.25,48.08,3.1,47.37,0,0,0.08,1.47,1.62,1.06,2,0.16,0,0,1.55,0.16,1,0.08,0.22,0,0,23,1.88,39.13,8.696,0,0.57,42.86,1.23,40,5.47,29.85,2.21,1.47,0.16,19.27,0.82,0.9,24.42,78.26,6.86,67.86,5.15,93.65,7.51,78.26,1.55,52.63,16.98,21,0.09,0.82,0.08,0,0.08,100,0.25,3.51,60.47,2.04,48,0.08,100,0.74,0.25,3.59,70.45,0,,0,,0,0,0,0,,,0.16,,
E. Izoita,MLS Next Pro,2026,Portland Timbers II,Portland Timbers II,"RDMF, RCMF, LCMF",18,1544,3,2.31,2,4.1,United States,7.17,6.35,52.29,1.17,45,0.29,0.35,0.17,3.56,4.3,0.99,2,0.12,0,0,2.33,0.17,3,0.17,0.13,0,0,30,1.75,36.67,10,0.12,1.69,27.59,1.63,67.86,6.88,45.76,1.63,1.4,0.29,30.49,0.29,0.99,40.8,81,13.17,66.37,8.04,94.93,13.99,87.08,4.9,53.57,19.77,45.28,0.24,1.98,0.12,0.06,0.17,66.67,0.47,6.12,59.05,3.38,44.83,0.29,60,1.34,0.47,7.11,77.87,0,,0,,0,0,0,0,,,0.47,,
D. Nunez,MLS Next Pro,2026,Portland Timbers II,Portland Timbers II,"AMF, CF, RAMF",17,959,0,2.78,1,0.44,Mexico,6.66,6.19,59.09,1.5,25,0,0,0,3,3.61,1.03,2,0.19,0,0,2.06,0,0,0,0.26,0,0,22,2.06,27.27,0,0.09,1.41,26.67,2.35,48,10.23,41.28,3.57,1.31,0.19,22.62,2.06,2.35,28.34,82.78,5.16,70.91,9.85,94.29,5.72,73.77,0.75,75,13.56,17.34,0.04,0.56,0,0,0.09,0,0.19,1.31,71.43,1.97,52.38,0.28,33.33,1.22,0.38,3.19,61.76,0,,0,,0,0,0,0,,,0.19,,
B. Barjolo,MLS Next Pro,2026,Portland Timbers II,Portland Timbers II,"RAMF, RWB",19,546,0,0.52,0,0.4,United States,6.43,7.09,41.86,1.81,54.55,0.16,0.19,0.66,3.3,3.73,2.47,4,0.66,0,0,4.12,0,0,0,0.09,0,0,9,1.48,55.56,0,0,2.97,50,4.12,44,8.24,42,1.98,1.98,0,15.33,1.98,0.82,19.78,70.83,6.43,64.1,5.6,88.24,4.62,64.29,1.98,58.33,14.94,15.31,0.07,0.33,0,0,0,0,0.16,2.31,57.14,2.47,40,0,0,0.49,0.82,3.3,65,0,,0,,0,0,0,0,,,0,,
M. Kissel,MLS Next Pro,2026,Portland Timbers II,Portland Timbers II,CF,23,359,2,2.07,1,0.66,Germany,4.76,6.27,28,7.52,16.67,0.5,0.72,0,2.51,3.61,2.51,0,0,0,0,1.75,0.5,2,0.5,0.52,0,0,9,2.26,33.33,22.222,0.25,0.25,100,2.26,33.33,10.78,39.53,5.26,0.75,0,14.29,2.01,1.5,18.55,70.27,4.76,57.89,4.51,77.78,4.01,62.5,0.5,100,12.2,1.39,0.17,1.5,0,0,0,0,1.25,2.26,44.44,1.25,40,0,0,1.5,0.25,1.75,57.14,0,,0,,0,0,0,0,,,0,,
C. Phoenix,MLS Next Pro,2026,Tacoma Defiance,Tacoma Defiance,"LB, LWB",21,1187,0,1.2,1,1.19,Wales,6.75,5.53,53.42,1.82,62.5,0.45,0.5,0.15,3.34,3.69,0.68,2,0.15,0,0,0.76,0,0,0,0.09,0,0,9,0.68,22.22,0,0.08,1.52,30,0.23,66.67,1.59,57.14,1.36,0.23,0,21.76,3.18,0.53,27.52,75.76,9.48,56.8,6.6,97.7,8.19,79.63,1.97,30.77,19.43,29.85,0.09,0.45,0,0,0.08,0,0.38,2.2,44.83,1.74,47.83,0.08,0,0.76,0.38,4.78,60.32,0,,0,,0,0,0,0,,,0.61,,
C. Tommy,MLS Next Pro,2026,Portland Timbers II,Portland Timbers II,"RB, RWB, RW",23,213,0,0,0,0.06,South Africa,6.34,5.07,66.67,0.85,100,0,0,0,2.96,3.33,0.85,0,0,0,0,1.69,0,0,0,0,0,0,0,0,0,0,0,0.42,100,1.27,100,2.54,66.67,0.85,1.27,0.42,14.37,0.85,0,21.97,76.92,8.87,76.19,3.38,100,5.07,75,2.11,60,17.61,22.51,0.02,0.42,0,0,0,0,0,2.96,100,1.27,66.67,0,0,0.85,0.42,4.23,60,0,,0,,0,0,0,0,,,0.42,,
C. Griffith,MLS Next Pro,2026,Portland Timbers II,Portland Timbers II,"RAMF, RW, RWB",22,622,3,2.73,1,0.35,United States,5.79,5.5,50,2.46,29.41,0.14,0.18,0.29,2.89,3.66,1.01,2,0.29,0,0,3.47,0.43,3,0.43,0.4,0,0,20,2.89,40,15,0.14,1.01,14.29,3.76,53.85,13.89,46.88,4.2,2.32,0,17.22,1.74,2.32,20.4,67.38,7.52,44.23,5.5,97.37,3.62,68,2.17,46.67,16.21,29.41,0.05,0.58,0,0,0.43,33.33,0.43,3.47,50,1.3,44.44,0.43,33.33,0.72,0,3.04,61.9,0,,0,,0,0,0,0,,,0.14,,
V. Velazquez,MLS Next Pro,2026,Portland Timbers II,Portland Timbers II,"LDMF, LCMF, RCMF",20,1606,0,0.4,0,0.97,United States,7,5.44,60.82,1.34,54.17,0.45,0.53,0.28,3.25,3.88,1.01,5,0.28,0,0,0.84,0,0,0,0.02,0,0,11,0.62,18.18,0,0,0.62,54.55,0.62,54.55,4.32,57.14,0.34,0.5,0,28.58,0.06,1.91,41.69,86.02,11.49,68.29,7.51,94.03,16.31,94.85,3.53,52.38,18.72,37.21,0.05,0.73,0.06,0.06,0.06,100,0.22,6.39,66.67,1.23,50,0.22,50,0.56,0.28,6.05,73.15,0,,0,,0,0,0,0,,,0.56,,
D. Cervantes,MLS Next Pro,2026,Portland Timbers II,Portland Timbers II,CF,22,1253,6,5.83,0,0.81,United States,2.37,2.66,40.54,6.11,31.76,0.07,0.09,0.14,1.22,1.46,2.23,3,0.22,0,0,2.08,0.43,4,0.29,0.42,1,0.07,31,2.23,48.39,19.355,0,0.72,20,1.65,52.17,9.48,34.09,3.52,1.08,0.22,14.87,1.8,1.15,18.82,81.68,3.16,72.73,6.39,88.76,4.02,75,0.36,40,12.53,11.07,0.06,0.65,0.14,0,0.07,0,0.36,1.36,78.95,1.15,43.75,0.07,0,1.08,0.22,1.36,78.95,0,,0,,0,0,0,0,,,0,,
C. Gaffney,MLS Next Pro,2026,Tacoma Defiance,Tacoma Defiance,"RWB, RAMF, RB",22,1152,1,1.3,5,3.51,United States,7.03,5.47,58.57,1.09,71.43,0.08,0.09,0,3.75,4.22,0.08,0,0,0,0,3.28,0.08,1,0.08,0.1,0,0,9,0.7,33.33,11.111,0.39,4.45,38.6,1.56,85,3.83,61.22,3.59,1.72,0.23,21.8,2.66,0.7,28.52,71.23,8.75,58.93,6.02,94.81,8.67,64.86,2.34,43.33,18.39,35.9,0.27,1.25,0,0,0.08,0,1.09,2.5,56.25,4.53,48.28,0.08,0,1.33,1.56,5.7,69.86,0,,0,,0,0,0,0,,,0.23,,
C. Ferguson,MLS Next Pro,2026,Portland Timbers II,Portland Timbers II,"LWB, LB, RB",22,692,0,0.09,2,1.3,England,6.5,5.46,45.24,0.65,20,0,0,0.39,4.03,4.65,0.78,3,0.39,0,0,1.43,0,0,0,0.01,0,0,4,0.52,0,0,0.26,2.08,50,0.65,60,2.73,38.1,0.65,0.91,0.52,26.4,1.82,0.52,31.6,69.14,16.65,60.94,4.42,97.06,6.5,70,4.55,34.29,20.9,37.37,0.17,0.91,0,0,0,0,0.65,6.37,51.02,2.73,33.33,0,0,0.52,1.04,7.8,73.33,0,,0,,0,0,0,0,,,1.04,,
M. O'Neill,MLS Next Pro,2026,Tacoma Defiance,Tacoma Defiance,"RCMF, RDMF, RB",24,1488,1,2.57,2,0.36,United States,10.89,7.62,55.56,4.29,59.15,0.42,0.47,0.42,6.23,6.88,2.12,4,0.24,1,0.06,1.09,0.06,1,0.06,0.16,1,0.06,13,0.79,30.77,7.692,0.12,0.36,50,1.03,64.71,5.87,56.7,1.57,0.97,0.06,31.69,0.48,2.54,46.21,83.51,16.69,72.1,8.17,96.3,14.46,92.47,5.63,61.29,19.75,45.18,0.02,0.18,0.06,0.06,0.06,0,0.18,7.08,70.94,1.27,57.14,0.24,25,0.67,0.24,8.83,73.29,0,,0,,0,0,0,0,,,0.67,,
C. Trombino,MLS Next Pro,2026,Orlando City B,Orlando City B,"LDMF, RCMF, RDMF",16,324,1,0.29,0,0.29,United States,7.5,9.17,60.61,2.22,62.5,0,0,0,1.94,3.13,2.5,2,0.56,0,0,0.28,0.28,1,0.28,0.08,1,0.28,1,0.28,100,100,0,0,0,0.56,0,2.22,25,0.83,0,0,30,0,0.56,38.89,90,8.89,71.88,8.33,90,16.11,98.28,0.56,50,15.65,5.97,0.08,0.83,0,0,0,0,0.83,4.44,87.5,1.11,50,0,0,0.28,0,4.72,70.59,0,,0,,0,0,0,0,,,0.83,,
A. Mendoza Gutierrez,MLS Next Pro,2026,Crown Legacy FC,Crown Legacy FC,"LCMF, CF, AMF",18,608,0,1.33,0,0.34,United States,6.07,5.33,58.33,1.33,33.33,0.15,0.22,0,2.81,4.13,1.48,1,0.15,0,0,1.48,0,0,0,0.2,0,0,17,2.52,17.65,0,0,1.33,22.22,1.18,62.5,5.92,45,2.07,2.52,0.15,21.91,1.18,2.07,26.05,79.55,8.88,66.67,4.44,100,9.18,82.26,2.22,53.33,17.83,40.81,0.05,0.44,0,0.15,0,0,0.3,4.44,70,1.18,37.5,0,0,0.44,0.44,2.81,68.42,0,,0,,0,0,0,0,,,0,,
M. Belgodere,MLS Next Pro,2026,Orlando City B,Orlando City B,"LAMF, LW",16,861,2,1.44,0,2.14,Puerto Rico,4.18,2.51,66.67,0.63,50,0,0,0,2.51,3.93,0.31,0,0,0,0,5.33,0.21,2,0.21,0.15,0,0,15,1.57,46.67,13.333,0,2.3,54.55,5.02,66.67,10.77,46.6,3.87,3.76,0.1,24.15,1.88,0.84,29.06,86.33,4.81,73.91,9.62,96.74,7.42,87.32,0.42,100,15.09,15.27,0.22,1.25,0,0,0,0,1.25,1.78,88.24,2.09,70,0,0,1.36,1.25,3.45,81.82,0,,0,,0,0,0,0,,,0.1,,
D. Judelson,MLS Next Pro,2026,Orlando City B,Orlando City B,"RDMF, LDMF, RCMF",18,1076,1,0.45,1,0.25,United States,6.61,6.27,60,0.5,50,0.08,0.12,0.25,2.76,3.82,1.67,3,0.25,0,0,0.84,0.08,1,0.08,0.04,0,0,7,0.59,57.14,14.286,0.08,0.5,33.33,0.59,57.14,4.01,45.83,0.75,0.17,0,41.49,0.17,1.34,53.7,88.79,15.72,75.53,7.86,95.74,22.75,94.85,5.44,55.38,19.8,40.9,0.02,0.33,0.08,0,0,0,0.17,7.7,72.83,1.34,56.25,0.25,33.33,1.09,0,7.7,76.09,0,,0,,0,0,0,0,,,0.59,,
I. Haruna,MLS Next Pro,2026,Orlando City B,Orlando City B,"RAMF, AMF, LCMF",22,1195,2,1.12,2,0.91,Ghana,3.46,3.54,57.45,0.75,20,0,0,0,1.43,2.09,0.53,1,0.08,0,0,2.03,0.15,2,0.15,0.08,0,0,19,1.43,42.11,10.526,0.15,0.45,66.67,1.58,66.67,6.25,45.78,1.51,1.28,0.15,26.13,1.21,0.9,35.17,89.51,6.93,75,9.49,96.83,12.2,93.21,1.28,52.94,16.09,31.21,0.07,0.98,0.15,0,0.08,100,0.75,3.62,79.17,1.51,60,0.15,50,1.28,0.23,3.99,77.36,0,,0,,0,0,0,0,,,0.45,,
J. Hylton,MLS Next Pro,2026,Orlando City B,Orlando City B,"AMF, CF",18,426,3,2.55,1,0.17,United States,4.23,3.59,64.71,0.42,0,0.42,0.73,0,1.48,2.56,0.63,0,0,0,0,1.69,0.63,3,0.63,0.54,0,0,13,2.75,46.15,23.077,0.21,0.42,0,1.27,33.33,7.61,33.33,3.59,1.27,0,36.34,0.21,1.27,38.87,86.41,11.83,69.64,10.14,93.75,10.56,92,1.06,40,14.28,14.62,0.04,0.63,0,0,0,0,0.63,2.96,71.43,1.69,50,0.21,0,1.27,0,5.07,79.17,0,,0,,0,0,0,0,,,0,,
G. Caraballo,MLS Next Pro,2026,Orlando City B,Orlando City B,"RAMF, RW",17,888,4,3.62,3,3.11,United States,4.16,5.57,52.73,0.3,0,0.2,0.27,0,1.01,1.35,1.32,2,0.2,0,0,4.76,0.41,2,0.2,0.37,0,0,24,2.43,37.5,16.667,0.3,2.43,20.83,5.57,54.55,15.2,44.67,2.23,3.45,0.2,24.02,2.13,2.03,29.49,74.23,8.11,63.75,5.88,91.38,10.74,76.42,3.24,81.25,18.5,35.96,0.32,1.42,0.2,0,0.61,50,0.71,3.45,73.53,3.24,59.38,0.51,40,1.42,0.71,5.98,72.88,0,,0,,0,0,0,0,,,0,,
I. Gomez,MLS Next Pro,2026,Orlando City B,Orlando City B,"LDMF, RDMF, RCMF",20,875,2,1.62,0,0.3,Argentina,5.66,5.66,52.73,0.62,16.67,0,0,0,2.67,4.08,1.13,1,0.1,0,0,2.37,0.21,2,0.21,0.17,0,0,17,1.75,35.29,11.765,0,0.72,42.86,2.16,66.67,7.2,50,2.26,1.65,0.41,39.81,0.41,1.13,46.7,87,11.83,77.39,7.71,92,17.28,91.07,1.85,66.67,16.3,41.88,0.03,0.51,0.1,0.1,0,0,0.31,4.53,81.82,1.23,41.67,0.1,0,0.62,0.21,5.55,57.41,0,,0,,0,0,0,0,,,0.1,,
M. Ayoví,MLS Next Pro,2026,Crown Legacy FC,Crown Legacy FC,CF,21,235,0,0.56,0,0.13,Ecuador,3.06,2.68,57.14,3.45,11.11,0,0,0,1.53,2.35,0.38,0,0,0,0,1.91,0,0,0,0.21,0,0,5,1.91,20,0,0,0,0,1.91,80,3.45,77.78,3.45,1.53,0.38,8.81,1.15,1.53,11.49,80,2.68,71.43,2.68,100,2.3,66.67,0,0,13.1,0,0.05,0.38,0,0,0,0,1.15,1.53,100,0,0,0,0,0.77,0,1.53,100,0,,0,,0,0,0,0,,,0,,
Pedro Leão,MLS Next Pro,2026,Orlando City B,Orlando City B,CF,20,1189,7,7.16,1,0.82,Brazil,1.74,2.12,35.71,2.88,44.74,0,0,0.15,0.98,1.4,1.29,3,0.23,0,0,2.2,0.53,5,0.38,0.54,1,0.08,39,2.95,43.59,17.949,0.08,0.53,28.57,1.36,55.56,5.07,38.81,3.33,1.44,0.08,16.35,1.21,0.68,21.42,77.39,5.22,49.28,6.74,91.01,5.22,91.3,1.21,62.5,16.5,26.62,0.06,0.61,0.08,0,0.08,0,0.61,2.2,62.07,1.06,42.86,0.08,0,0.83,0.15,2.27,70,0,,0,,0,0,0,0,,,0.08,,
H. Sarajian,MLS Next Pro,2026,Orlando City B,Orlando City B,"CF, LAMF, RAMF",21,1234,5,5.54,4,3.23,United States,3.79,3.94,55.56,1.9,38.46,0,0,0.07,1.6,2.29,1.31,2,0.15,0,0,4.16,0.36,5,0.36,0.4,0,0,32,2.33,37.5,15.625,0.29,2.26,25.81,3.57,73.47,9.85,46.67,5.47,3.35,0.15,17.65,2.12,0.95,21.66,71.04,3.79,51.92,7.22,87.88,6.35,70.11,1.02,42.86,19.38,30,0.24,1.31,0,0,0.15,50,0.88,1.82,64,2.19,43.33,0.22,33.33,1.31,0.44,2.99,63.41,0,,0,,0,0,0,0,,,0,,
N. Richmond,MLS Next Pro,2026,Crown Legacy FC,Crown Legacy FC,"RWF, RW, AMF",22,958,4,4.56,8,3.59,United States,4.51,4.51,60.42,1.78,63.16,0.19,0.26,0,1.6,2.19,1.22,3,0.28,0,0,4.98,0.38,4,0.38,0.43,0,0,33,3.1,36.36,12.121,0.75,2.16,65.22,3.76,65,9.3,50.51,6.11,3.19,0.19,20.29,2.54,2.54,23.67,79.37,7.14,72.37,7.52,88.75,4.98,81.13,0.56,33.33,14.39,17.66,0.34,2.44,0.09,0.09,0,0,1.5,1.69,88.89,2.63,75,0,0,2.07,1.32,3.19,76.47,0,,0,,0,0,0,0,,,0.19,,
D. Longo,MLS Next Pro,2026,Crown Legacy FC,Crown Legacy FC,"RCMF, RDMF",21,725,0,0.58,1,0.69,United States,4.97,4.72,57.89,3.1,48,0.12,0.18,0.12,2.11,3.13,1.12,2,0.25,0,0,0.74,0,0,0,0.07,0,0,5,0.62,20,0,0.12,1.74,35.71,0.25,0,2.73,22.73,2.36,0.87,0,30.41,0.37,0.25,42.21,82.35,13.9,75.89,8.19,96.97,13.28,83.18,4.72,57.89,19.68,36.73,0.09,0.99,0,0,0,0,0.37,6.83,78.18,2.48,30,0.12,100,1.37,0.5,7.32,81.36,0,,0,,0,0,0,0,,,0.12,,
A. John,MLS Next Pro,2026,Charlotte FC,Crown Legacy FC,"LCMF, RCMF",20,695,0,0.44,2,1.67,United States,5.05,3.11,58.33,2.46,47.37,0.13,0.17,0.52,3.11,4.16,0.65,0,0,0,0,1.17,0,0,0,0.06,0,0,6,0.78,16.67,0,0.26,0.91,28.57,0.78,83.33,3.63,57.14,0.91,0.39,0,32.24,0.13,1.29,42.09,85.85,12.82,71.72,8.03,98.39,13.6,90.48,4.53,48.57,18.53,41.59,0.22,1.29,0,0,0.13,100,0.52,6.47,72,1.42,45.45,0.52,25,0.91,0.26,5.57,83.72,0,,0,,0,0,0,0,,,0.39,,
N. Berchimas,MLS Next Pro,2026,Crown Legacy FC,Crown Legacy FC,"LWF, LW, LAMF",18,1163,8,6.28,2,3.15,United States,4.64,5.11,51.52,1.32,52.94,0,0,0.08,2.01,2.91,1.47,2,0.15,0,0,6.81,0.62,8,0.62,0.49,0,0,39,3.02,41.03,20.513,0.15,4.02,25,7.43,60.42,15.17,45.41,5.8,5.8,0.46,20.58,2.24,1.08,24.07,68.17,4.41,50.88,5.34,91.3,9.21,67.23,0.77,60,18.39,21.84,0.24,1.08,0.23,0,0.39,20,0.31,1.63,52.38,3.56,41.3,0.54,28.57,1.32,1.16,3.64,63.83,0,,0,,0,0,0,0,,,0,,
B. Romero,MLS Next Pro,2026,Crown Legacy FC,Crown Legacy FC,"RWF, RW",20,226,1,0.62,1,0.9,United States,3.58,5.18,30.77,0.8,0,0.4,0.59,0,1.59,2.35,1.59,1,0.4,0,0,5.58,0.4,1,0.4,0.25,0,0,3,1.19,100,33.333,0.4,6.77,47.06,2.39,50,6.77,35.29,1.19,1.59,0,25.49,3.19,1.59,29.87,70.67,7.57,68.42,6.77,100,9.56,54.17,1.19,66.67,17.88,18.51,0.36,2.79,0,0,0,0,1.99,3.58,66.67,9.16,56.52,0,0,2.79,2.39,8.76,81.82,0,,0,,0,0,0,0,,,0,,
E. Nys,MLS Next Pro,2026,North Texas,North Texas,"CF, AMF, RCMF",21,1424,8,7.99,4,3.74,Belgium,3.6,2.65,42.86,0.82,38.46,0.06,0.07,0,2.4,2.83,0.44,3,0.19,0,0,3.54,0.51,8,0.51,0.51,0,0,49,3.1,38.78,16.327,0.25,1.2,31.58,2.91,60.87,8.41,41.35,2.84,2.97,0.51,32.04,1.14,1.83,36.97,82.91,10.87,75.58,8.47,92.54,9.67,80.39,2.02,59.38,16.58,37.96,0.24,1.58,0.19,0,0.25,75,1.01,5.06,75,3.03,60.42,0.38,50,1.71,0.38,5.75,74.73,0,,0,,0,0,0,0,,,0,,
A. Jundt,MLS Next Pro,2026,St. Louis City II,St. Louis City II,"RCMF, LCMF, RWF",17,455,0,0.28,0,0.1,United States,7.52,5.93,76.67,1.19,66.67,0.2,0.3,0.79,2.77,4.24,0.79,1,0.2,0,0,0.99,0,0,0,0.05,0,0,3,0.59,0,0,0,0.4,50,1.58,50,3.96,35,1.58,1.38,0,28.48,0.2,0.2,37.98,86.46,12.07,75.41,7.71,94.87,12.46,88.89,1.78,55.56,14.96,20.81,0.02,0.4,0.4,0,0.2,0,0.4,5.54,82.14,1.19,50,0.4,50,0.59,0.2,5.74,79.31,0,,0,,0,0,0,0,,,0.59,,
S. Marion,MLS Next Pro,2026,St. Louis City II,St. Louis City II,"RCB, RWB",18,398,0,0,0,0,United States,7.91,5.88,50,2.49,27.27,0,0,0.45,4.97,6.95,0.68,1,0.23,0,0,0.45,0,0,0,0,0,0,1,0.23,0,0,0,0.9,25,0.45,50,2.26,50,0.23,0.68,0,30.3,0.9,0.45,42.06,83.87,13.57,71.67,6.33,96.43,14.92,93.94,4.07,72.22,19.67,33.69,0,0,0.23,0,0,0,0,4.97,86.36,0.68,0,0,0,0,0.23,8.37,64.86,0,,0,,0,0,0,0,,,2.26,,
A. Gbadehan,MLS Next Pro,2026,St. Louis City II,St. Louis City II,"RDMF, RCMF, LDMF",22,459,0,0.34,0,0.44,England,5.69,4.71,58.33,1.37,71.43,0,0,0.2,2.94,3.6,1.96,1,0.2,0,0,1.37,0,0,0,0.07,0,0,1,0.2,0,0,0,0.78,50,0.98,100,4.71,45.83,1.18,0.39,0.2,34.12,0,0.39,45.49,84.48,12.55,65.63,11.18,94.74,14.12,88.89,2.55,46.15,13.89,24.28,0.09,0.59,0,0,0,0,0.59,3.53,77.78,2.16,36.36,0,0,0.59,0.39,4.9,52,0,,0,,0,0,0,0,,,0.39,,
R. Louis,MLS Next Pro,2026,North Texas,North Texas,"RAMF, RW, RCMF",21,640,3,3.03,2,0.49,Haiti,4.5,4.92,45.71,1.13,37.5,0,0,0.28,2.25,2.68,1.83,3,0.42,0,0,2.39,0.42,3,0.42,0.43,0,0,9,1.27,66.67,33.333,0.28,0.98,28.57,2.11,60,9.56,27.94,2.67,2.53,0.42,19.13,1.13,0.56,23.91,78.24,4.64,57.58,8.44,91.67,5.77,75.61,1.13,50,17.25,29.52,0.07,0.42,0,0.14,0,0,0.28,1.41,60,1.55,54.55,0,0,0.7,0.28,2.53,44.44,0,,0,,0,0,0,0,,,0.14,,
L. Cornelius,MLS Next Pro,2026,St. Louis City II,St. Louis City II,"LAMF, RAMF, LW",18,413,0,0.99,2,0.42,United States,5.67,5.88,48.15,1.09,40,0.22,0.3,0,2.62,3.64,2.4,1,0.22,0,0,3.27,0,0,0,0.21,0,0,8,1.74,75,0,0.44,1.74,37.5,2.83,46.15,7.41,32.35,3.27,2.4,0.22,22.23,1.96,0.87,27.02,80.65,7.19,72.73,9.15,90.48,5.23,75,0.22,100,11.51,5.76,0.09,0.87,0,0,0,0,0.65,1.53,85.71,1.53,42.86,0,0,0.65,0.65,3.05,64.29,0,,0,,0,0,0,0,,,0.22,,
M. Luccin,MLS Next Pro,2026,North Texas,North Texas,"LCMF, LDMF",18,328,0,0.02,0,0,United States,9.33,7.68,53.57,0,0,0,0,0.55,5.21,6.63,1.65,1,0.27,0,0,0.55,0,0,0,0.01,0,0,4,1.1,25,0,0,0,0,0.27,0,6.04,27.27,0,1.37,0,37.32,0.27,1.37,49.39,89.44,10.43,78.95,10.43,92.11,22.77,95.18,2.74,50,17.99,19.93,0,0,0,0,0.27,100,0.27,5.76,66.67,0,0,0.27,100,0,0,4.39,75,0,,0,,0,0,0,0,,,0,,
J. D´Alesandro Contreras,MLS Next Pro,2026,North Texas,North Texas,"RCMF, RWF, RW",18,833,1,0.88,1,0.7,United States,7.89,8.21,43.42,1.62,33.33,0.32,0.41,0.32,4,5,2.38,4,0.43,0,0,2.16,0.11,1,0.11,0.1,0,0,10,1.08,40,10,0.11,1.51,21.43,2.05,68.42,5.19,47.92,2.16,2.27,0.11,32.2,0.86,0.86,39,81.72,10.37,71.88,10.48,94.85,12.42,80.87,2.38,36.36,15.58,23.19,0.08,0.43,0,0.11,0.11,0,0.54,3.57,72.73,1.73,43.75,0.22,0,0.65,0.32,6.81,69.84,0,,0,,0,0,0,0,,,0.22,,
C. Swann,MLS Next Pro,2026,North Texas,North Texas,"LCMF, DMF",19,413,1,0.98,1,0.16,United States,6.97,5.67,53.85,0,0,0,0,0,3.92,4.46,2.18,1,0.22,0,0,0.87,0.22,1,0.22,0.21,0,0,8,1.74,12.5,12.5,0.22,0.44,0,0.87,75,7.19,66.67,2.4,1.74,0,26.59,0.65,3.49,37.26,82.46,11.77,70.37,6.54,96.67,11.33,88.46,1.74,50,15.15,29.22,0.04,0.44,0.22,0.22,0.44,0,0.65,2.83,61.54,0.87,75,0.44,0,0.65,0.22,4.79,54.55,0,,0,,0,0,0,0,,,0,,
N. Simmonds,MLS Next Pro,2026,North Texas,North Texas,"CF, RWF",19,403,1,1.52,1,0.15,Jamaica,2.9,3.35,40,4.02,44.44,0,0,0.22,1.56,1.75,1.79,1,0.22,0,0,1.79,0.22,1,0.22,0.34,0,0,8,1.79,50,12.5,0.22,0.45,0,1.56,57.14,6.92,41.94,3.57,2.68,0.89,16.75,2.01,1.56,22.33,71,4.91,54.55,6.25,78.57,6.25,60.71,0.45,0,13.72,13.18,0.03,0.89,0,0,0,0,0.89,2.23,70,1.56,71.43,0,0,1.12,0,1.56,71.43,0,,0,,0,0,0,0,,,0,,
Ian Charles,MLS Next Pro,2026,North Texas,North Texas,"DMF, RCMF, LDMF",19,604,0,0.4,0,0.1,Puerto Rico,7.45,5.36,44.44,1.04,28.57,0.15,0.18,0.89,4.92,6,1.64,3,0.45,0,0,0.6,0,0,0,0.06,0,0,2,0.3,50,0,0,0.45,66.67,0.15,100,2.09,64.29,0.3,0,0,33.68,0.15,1.19,43.36,88.32,13.71,73.91,6.26,92.86,17.88,95,5.07,47.06,21.09,42.36,0.01,0.15,0.15,0,0,0,0.15,4.62,58.06,0.45,66.67,0,0,0.15,0.3,5.07,67.65,0,,0,,0,0,0,0,,,1.04,,
T. Ospina,MLS Next Pro,2026,North Texas,North Texas,"DMF, RDMF, LCMF",23,760,1,0.08,0,0,United States,6.99,6.99,45.76,1.07,22.22,0.12,0.14,0.95,3.67,4.29,3.08,5,0.59,1,0.12,0.36,0.12,1,0.12,0.01,0,0,3,0.36,33.33,33.333,0,0.12,0,0.24,100,4.5,39.47,0.12,0.12,0,29.61,0.12,1.07,39.79,91.37,7.46,76.19,11.13,100,15.75,90.98,2.37,55,18.04,28.24,0,0,0,0,0,0,0,3.32,82.14,0.36,33.33,0.24,50,0.24,0,3.32,50,0,,0,,0,0,0,0,,,0.24,,
N. James,MLS Next Pro,2026,North Texas,North Texas,"CF, LWF",22,1321,8,4.59,1,1.16,Trinidad and Tobago,1.98,2.04,50,1.43,14.29,0,0,0.14,0.95,1.11,0.55,0,0,0,0,2.52,0.55,8,0.55,0.31,0,0,27,1.84,55.56,29.63,0.07,1.23,27.78,1.64,66.67,6.2,59.34,2.66,1.29,0.07,19.01,1.91,1.5,23.85,76.57,7.09,65.38,5.45,93.75,5.59,75.61,0.75,81.82,15.54,22.78,0.08,0.61,0.07,0,0.14,50,0.41,3.2,63.83,1.7,56,0.14,50,1.16,0.14,3.61,75.47,0,,0,,0,0,0,0,,,0,,
J. Barclay,MLS Next Pro,2026,St. Louis City II,St. Louis City II,"LWB, LAMF, LW",23,692,3,2.96,2,1.35,Jamaica,2.86,4.03,48.39,1.3,50,0,0,0,0.91,1.09,0.78,0,0,0,0,3.9,0.39,2,0.26,0.38,0,0,19,2.47,36.84,15.789,0.26,3.38,26.92,3.64,53.57,9.49,43.84,4.29,2.99,0.26,23.93,2.08,0.91,27.57,71.23,7.15,63.64,7.54,87.93,6.24,62.5,1.82,35.71,18.12,25.82,0.18,1.04,0,0,0.26,50,0.52,3.25,52,3.12,41.67,0.26,50,0.52,0.91,5.59,76.74,0,,0,,0,0,0,0,,,0,,
P. McDonald,MLS Next Pro,2026,St. Louis City II,St. Louis City II,"LCMF, LDMF, LWF",23,1229,2,1.6,1,0.8,United States,5.57,4.54,61.29,1.61,27.27,0.07,0.1,0.29,2.71,3.54,0.88,3,0.22,0,0,1.03,0.15,2,0.15,0.12,0,0,8,0.59,62.5,25,0.07,0.88,50,0.59,25,3.73,41.18,0.66,1.1,0.15,35.88,0.59,1.1,46.28,85.28,11.72,71.25,10.11,97.83,15.52,90.57,3.81,57.69,17.71,41.3,0.06,0.66,0,0,0.07,100,0.51,5.93,67.9,1.68,47.83,0.22,33.33,0.59,0.37,5.35,73.97,0,,0,,0,0,0,0,,,0.44,,
S. Paris,MLS Next Pro,2026,St. Louis City II,St. Louis City II,"LCB, RB, LWB",24,732,0,0.38,0,0.25,Puerto Rico,9.34,9.22,53.33,2.21,38.89,0.25,0.32,0.49,4.18,5.48,2.46,3,0.37,1,0.12,1.97,0,0,0,0.05,0,0,7,0.86,28.57,0,0,1.11,11.11,2.34,63.16,9.47,51.95,0.86,2.09,0,37.5,1.48,3.44,45.12,87.47,15,77.87,6.76,100,12.3,88,3.07,44,16.31,33.02,0.03,0.25,0,0,0.12,100,0.12,4.18,73.53,2.21,22.22,0.25,50,0.37,0.12,6.02,69.39,0,,0,,0,0,0,0,,,0.61,,