Name,Team,Competition,Season,Minutes,Primary Position,Nationality,Age,Date of Birth,All Goals,NP Goals,xG,xG/Shot,Shots,Goal Conversion%,Shooting%,Shot Touch%,Penalty Conversion%,PSxG,Assists,xG Assisted,Key Passes,OP Assists,OP xG Assisted,OP Key Passes,SP Assists,SP xG Assisted,SP Key Passes,Scoring Contribution,xG & xG Assisted,Shots & Key Passes,O/U Performance,Dribbles,Successful Dribbles,Failed Dribbles,Dribble%,Fouls Won,Penalty Wins,Dispossessed,Turnovers,Interceptions,PAdj Interceptions,Clearances,PAdj Clearances,Defensive Actions,Aggressive Actions,Blocks/Shot,Defensive Regains,Average DA X,Ball Recov. F2,Ball Recoveries,Tackles,Tack&Int,Tack/DP%,PAdj Tackles,PAdj Tack&Int,Fouls,Dribbles Stopped%,Dribbled Past,Aerial Win%,Aerial Wins,Errors,Pressures,PAdj Pressures,Pressure Regains,Counterpressures,Counterpress Regains,Average Pressure X,Pressures F2,Pressures F2%,Counterpressures F2,Counterpressures F2%,Yellow Cards,2nd Yellows,Red Cards,OP Passes,Passing%,Long Balls,L/R Footedness%,Long Ball%,Pr. Long Balls,UPr. Long Balls,Passes Pressured%,Pr. Pass%,Pr. Pass% Dif.,Average Pass X,Deep Progressions,xGBuildup,xGChain,Carries,Carry%,Carry Length,OP F3 Passes,PintoB,OP Passes Into Box,SP PintoB,Passes Inside Box,Touches In Box,PinTin,Throughballs,Successful Box Cross%,Successful Crosses,Crossing%,Deep Completions,Pass Forward%,Pass Sideways%,Pass Backward%,F3 Pass Forward%,F3 Pass Sideways%,F3 Pass Backward%,Pass Length,Pr. Pass Length,Pass Length Ratio,Pr. Pass Length%,Pr. Pass Length Dif.,Succ. Pass Length,Succ.Pr. Pass Length,Goals Conceded,PSxG Faced,GSAA,Save%,xSv%,Shot Stopping%,xG Faced,Shots Faced,Shots Faced OT%,All Shots Faced,Positioning Error,Penalties Faced,Penalties Conceded,GK Aggressive Dist.,Claims%,Pass into Danger%,Pass into Pressure%,Positive Outcome,Positive Outcome%,Pass OBV,D&C OBV,DA OBV,Shot OBV,Goalkeeper OBV,OBV
A.Balbuena Otazú,Club Sportivo Luqueño,"División Profesional, Paraguay",2026,739,Left Back,Paraguay,20,09/03/06,0.12,0.12,0.03,0.12,0.24,50,50,0,,0.08,0,0,0,0,0,0,0,0,0,0.12,0.03,0.24,0.09,0.61,0.24,0.37,40,0.85,0.12,0.97,0.97,0.61,0.4,2.56,2.29,14.62,6.58,0.04,6.82,27.57,9.63,2.44,2.07,2.68,85,1.84,2.24,1.34,50,0.37,58,1.71,0,11.21,10.61,5,2.68,0.85,31.81,1.95,17,0.73,27,0.24,0,0.12,33.14,69,2.32,88,35,4.14,5.12,17,48,-21,43.23,3.17,0.15,0.17,25.59,94,4.98,3.53,0.49,0.49,0,0,0.49,0.97,0,25,0.12,8,0,34,61,5,28,66,7,23.39,22.54,0.87,87,-0.85,20.41,19.57,0,0,0,0,0,,0,0,,0,0,0,0,0,0,30,8,3.14,22,0.03,0.14,0.03,0.03,,0.23
Abel Paredes,Sportivo Ameliano,"División Profesional, Paraguay",2026,2622,Left Back,Paraguay,29,26/05/97,0.07,0.03,0.03,0.02,1.34,3,21,1,100,0.03,0.07,0.09,1.17,0.03,0.08,0.96,0.03,0.01,0.21,0.1,0.12,2.51,-0.02,0.72,0.45,0.27,62,0.21,0,0.69,0.72,1.17,1.21,2.37,2.67,12.42,5.9,0.03,5.35,32.57,10.06,2.47,1.24,2.4,75,1.32,2.53,0.65,37,0.41,44,0.82,0,10.54,11.44,4.08,2.44,0.96,36.62,2.68,25,1.44,59,0.14,0,0,40.39,74,3.53,82,44,3.36,7.1,13,61,-13,48.57,4.74,0.31,0.37,32.88,96,4.1,7.96,1.72,1.17,0.55,0.1,0.65,1.82,0,46,0.93,38,0.14,33,57,10,31,57,12,22.54,19.28,0.89,89,-3.26,20.16,17.21,0,0,0,0,0,,0,0,,0,0,0,0,0,0,25,9,5.63,38,0.2,0.06,0.06,-0.04,,0.29
Adrián Alcaraz,Olimpia,"División Profesional, Paraguay",2026,1122,Centre Forward,Paraguay,27,27/09/99,0.56,0.4,0.52,0.13,3.93,10,33,8,100,0.51,0.08,0.1,1.04,0.08,0.1,1.04,0,0,0,0.48,0.62,4.97,-0.14,2.17,1.04,1.12,48,1.77,0,1.93,2.89,0.16,0.23,0.64,0.92,17.01,6.5,0.03,4.01,63.25,4.89,3.85,0.4,0.56,71,0.44,0.68,2.09,0,0.16,53,4.65,0,14.52,16.43,3.37,2.97,0.72,66.75,11.79,81,2.73,92,0.32,0,0,15.89,64,0.24,15,50,0.8,0.32,40,52,-12,66.28,1.68,0.49,0.7,15.97,73,6.71,6.34,0.64,0.64,0,0.48,9.07,9.71,0,13,0.24,38,0.96,11,70,19,10,72,18,13.85,12.66,0.99,97,-1.19,13.65,12.25,0,0,0,0,0,,0,0,,0,0,0,0,0,0,38,10,4.2,24,-0.01,0.07,0.01,0.04,,0.11
Agustín Da Silveira Muñoa,Sportivo Trinidense,"División Profesional, Paraguay",2026,2312,Right Centre Back,Uruguay,26,10/12/00,0.04,0.04,0.02,0.07,0.27,14,57,0,,0.03,0,0,0.12,0,0,0.12,0,0,0,0.04,0.02,0.39,0.02,0.62,0.43,0.19,69,0.7,0,0.31,0.35,1.36,0.87,5.64,3.79,10.35,5.37,0.07,5.96,24.31,11.17,1.87,1.56,2.92,73,1.09,1.96,0.74,48,0.58,50,2.69,0.08,8.14,5.83,3.46,1.25,0.58,30.21,1.01,12,0.35,28,0.23,0,0,31.26,74,2.72,5,42,6.81,5.26,16,55,-19,37,1.91,0.17,0.18,22.81,98,4.46,1.99,0.12,0.12,0,0.04,0.7,0.82,0,33,0.04,50,0.08,31,65,4,37,59,4,25.17,25.22,0.89,88,0.05,22.36,22.17,0,0,0,0,0,,0,0,,0,0,0,0,0,0,27,9,2.99,20,0.02,0.04,0.13,0.02,,0.21
Agustín Manzur,Club Guaraní,"División Profesional, Paraguay",2026,722,Right Centre Midfielder,Palestine,26,28/09/00,0,0,0.03,0.02,1.37,0,9,1,,0,0,0.11,2,0,0.03,1.12,0,0.08,0.87,0,0.14,3.37,-0.14,1,0.5,0.5,50,1.37,0.12,0.87,1.12,0.87,0.99,0.75,0.67,13.1,5.74,0.01,3.62,50.01,9.35,3.99,1.12,2,56,1.02,2,1.62,33,0.87,25,0.12,0,10.35,10.74,2.12,3.99,1.25,54.19,6.74,65,2.99,75,0.25,0.12,0,47.64,75,7.23,10,53,1.62,12.85,11,71,-4,50.3,6.36,0.31,0.35,40.53,95,4.51,9.6,2.87,1.5,1.37,0,0.75,2.25,0,9,0.62,38,0.12,23,64,13,44,52,4,24.3,20.04,0.89,99,-4.26,21.53,19.82,0,0,0,0,0,,0,0,,0,0,0,0,0,0,24,8,6.62,47,0.05,0.05,0.02,-0.04,,0.07
Agustín Manzur,Libertad,"División Profesional, Paraguay",2026,334,Centre Attacking Midfielder,Palestine,26,28/09/00,0,0,0.1,0.05,2.16,0,0,2,,0,0,0.15,1.35,0,0.1,0.81,0,0.05,0.54,0,0.25,3.51,-0.25,1.08,0.54,0.54,50,1.62,0,1.08,2.97,0.27,0.17,0.27,0.39,15.38,6.75,0,7.56,62.73,5.4,3.51,0.54,0.81,67,0.77,0.94,0.81,0,0.27,0,0,0,14.03,18.24,7.29,5.4,2.97,66.52,10.52,75,4.05,75,0.27,0,0,43.98,77,4.86,6,56,0.54,8.36,12,77,0,56.79,6.75,0.59,0.74,40.21,93,3.7,14.03,1.62,0.54,1.08,0.27,2.43,2.97,0,0,0,0,0.27,19,65,16,25,58,17,20.43,16.2,0.92,110,-4.23,18.89,17.83,0,0,0,0,0,,0,0,,0,0,0,0,0,0,22,9,6.88,41,-0.04,0.03,-0.01,-0.1,,-0.11
Alan Benítez,Libertad,"División Profesional, Paraguay",2026,1236,Right Back,Paraguay,32,24/01/94,0.15,0.15,0.09,0.15,0.58,25,63,1,,0.23,0.22,0.11,1.31,0.22,0.11,1.24,0,0,0.07,0.36,0.2,1.89,0.17,0.36,0.36,0,100,0.15,0.07,0.8,0.58,0.58,0.79,1.09,1.44,11.43,6.12,0.02,4.52,43.04,8.96,3.64,1.31,1.89,60,1.58,2.37,0.51,33,0.87,50,0.29,0,9.61,11.55,3.5,1.6,0.58,45.7,4.15,43,1.02,64,0.07,0,0,42.6,82,2.18,5,50,1.46,4.01,14,69,-13,54.66,3.57,0.56,0.6,34.3,97,4.41,11.8,0.36,0.22,0.15,0.66,3.28,3.5,0.07,40,0.36,19,0.95,17,68,16,10,69,21,18.71,15.64,0.95,102,-3.06,17.68,15.91,0,0,0,0,0,,0,0,,0,0,0,0,0,0,25,12,6.44,37,0.05,0.08,0.01,0.05,,0.19
Alan Gómez,Club 2 de Mayo,"División Profesional, Paraguay",2026,1396,Right Midfielder,Paraguay,24,28/08/02,0.13,0.13,0.12,0.07,1.68,8,38,2,,0.15,0.13,0.09,1.16,0.06,0.07,0.97,0.06,0.02,0.19,0.26,0.22,2.84,0.04,2.51,1.55,0.97,62,1.29,0,1.93,3.74,0.39,0.3,0.45,0.44,15.02,7.35,0.01,4.45,53.38,5.67,2.64,0.71,1.1,42,0.68,0.99,1.1,17,0.97,39,0.84,0,13.22,12.14,3.67,3.35,1.22,54.22,7.09,54,2.45,73,0.19,0,0,26.11,72,1.74,21,53,0.9,2.84,25,65,-7,60.92,3.93,0.36,0.5,27.08,82,6.56,8.64,1.29,1.03,0.26,0.32,3.35,4.38,0.06,25,0.39,27,0.52,15,73,12,16,71,13,18.29,16.14,0.94,104,-2.15,17.22,16.73,0,0,0,0,0,,0,0,,0,0,0,0,0,0,29,11,3.66,33,-0.01,0.04,0,-0.01,,0.02
Alan Rodríguez,Olimpia,"División Profesional, Paraguay",2026,1836,Left Back,Paraguay,26,14/08/00,0.05,0.05,0.02,0.03,0.74,7,20,0,,0.01,0.15,0.13,1.86,0.15,0.1,1.32,0,0.03,0.54,0.2,0.15,2.6,0.05,0.39,0.25,0.15,63,0.83,0,0.34,0.49,0.83,1,2.5,3.44,7.89,4.56,0.01,3.82,32.01,7.26,2.75,1.27,2.11,65,1.71,2.71,0.49,52,0.69,78,1.03,0,6.18,8.02,2.3,1.81,0.74,35.93,1.52,25,0.74,41,0.05,0,0,39.66,78,4.61,89,56,3.38,7.4,10,80,1,51.53,5.05,0.42,0.49,32.65,98,3.07,10.3,2.75,1.57,1.18,0.15,0.44,2.01,0.05,48,1.47,48,0.1,28,61,11,31,57,12,22.54,19.53,0.94,101,-3.01,21.13,19.68,0,0,0,0,0,,0,0,,0,0,0,0,0,0,25,9,7.5,39,0.23,0.03,0,-0.02,,0.25
Alberto Cirilo Contrera Giménez,Sportivo Ameliano,"División Profesional, Paraguay",2026,356,Centre Attacking Midfielder,Paraguay,34,13/02/92,0.25,0,0.08,0.06,1.26,0,20,1,100,0,0,0.12,1.77,0,0.09,1.26,0,0.02,0.51,0,0.2,3.04,-0.2,0.25,0,0.25,0,1.01,0,1.52,0.51,0.25,0.35,0.51,0.6,17.71,8.85,0.05,6.83,50.58,7.84,3.79,1.01,1.26,67,1.27,1.62,1.26,0,0.51,25,0.25,0,15.43,17.99,6.32,5.31,2.53,54.51,9.61,62,4.55,86,0,0,0,39.21,69,5.57,75,58,1.01,9.11,13,79,10,54.51,6.07,0.21,0.29,32.38,94,3.66,12.9,2.28,1.77,0.51,0,1.52,3.29,0,33,0.76,43,0.25,23,64,13,31,55,14,24.12,16.84,0.91,103,-7.29,22.05,17.42,0,0,0,0,0,,0,0,,0,0,0,0,0,0,33,9,9.01,48,0.01,0.09,0.01,-0.06,,0.06
Alberto Espínola Giménez,Club 2 de Mayo,"División Profesional, Paraguay",2026,1332,Right Back,Paraguay,35,07/02/91,0.07,0.07,0.08,0.1,0.88,8,31,0,,0.06,0,0.07,0.41,0,0.07,0.34,0,0,0.07,0.07,0.15,1.28,-0.09,1.15,0.88,0.27,76,0.74,0,0.95,1.35,1.15,1.37,3.11,3.03,17.24,9.26,0.04,8.52,33.33,9.6,2.84,3.11,4.26,69,3.19,4.56,0.88,41,1.42,39,1.01,0,13.25,13.79,6.02,2.64,1.49,37.4,3.31,25,1.49,56,0.07,0,0,40.55,77,4.19,13,67,3.51,5.88,14,73,-4,49.61,4.6,0.29,0.36,34.94,93,4.25,7.64,0.74,0.27,0.47,0.34,2.03,2.3,0,9,0.27,19,0.27,31,61,8,35,61,4,20.78,16.46,0.95,102,-4.32,19.79,16.77,0,0,0,0,0,,0,0,,0,0,0,0,0,0,26,12,4.26,36,0.13,0.05,0.02,-0.01,,0.19
Alcides Javier Barbotte Fariña,Club Guaraní,"División Profesional, Paraguay",2026,1368,Left Back,Paraguay,24,25/06/02,0.13,0.13,0.09,0.11,0.86,15,38,1,,0.14,0,0.01,0.2,0,0.01,0.2,0,0,0,0.13,0.1,1.05,0.03,1.25,0.59,0.66,47,0.53,0,0.99,1.32,0.99,0.97,3.55,3.46,14.34,6.45,0.01,6.51,32.41,9.8,3.09,2.17,3.16,72,2.13,3.1,1.18,43,0.86,51,1.58,0,11.05,10.62,4.6,1.84,0.79,36.29,2.96,27,1.32,71,0.2,0,0,34.47,71,2.17,13,36,4.41,5.13,13,46,-26,43.57,3.29,0.24,0.27,28.22,93,3.9,3.82,0.59,0.39,0.2,0,1.58,1.97,0,22,0.2,14,0,34,58,8,52,45,3,21.84,21.79,0.9,93,-0.05,19.61,20.23,0,0,0,0,0,,0,0,,0,0,0,0,0,0,30,9,2.47,19,0.03,0.03,0.04,0.05,,0.16
Aldo Emmanuel Quiñónez Ayala,San Lorenzo,"División Profesional, Paraguay",2026,1792,Right Defensive Midfielder,Paraguay,35,07/02/91,0,0,0.04,0.03,1.1,0,5,1,,0,0.05,0.04,0.8,0,0.01,0.35,0.05,0.03,0.45,0.05,0.07,1.91,-0.02,0.45,0.3,0.15,67,1.36,0,0.75,1,0.75,0.59,1.41,0.96,19.69,9.99,0.03,7.33,39.86,9.84,4.87,2.01,2.76,75,1.42,2.01,1.71,61,0.65,43,0.95,0.1,15.97,11.76,5.62,3.97,1.81,42.61,5.88,37,2.36,59,0.35,0,0,34.65,76,4.82,6,52,2.66,7.93,17,65,-10,50.31,5.22,0.18,0.2,28.68,96,4.03,7.73,1.61,0.6,1,0,0.55,1.16,0.05,13,0.2,27,0,23,67,10,33,59,8,24.77,23.42,0.9,92,-1.36,22.31,21.45,0,0,0,0,0,,0,0,,0,0,0,0,0,0,24,7,3.32,27,0.07,0.06,0.06,-0.05,,0.14
Aldo González,Deportivo Recoleta,"División Profesional, Paraguay",2026,1442,Left Midfielder,Paraguay,30,27/09/96,0.5,0.5,0.31,0.14,2.31,22,46,4,,0.42,0.12,0.15,1.37,0.12,0.15,1.37,0,0,0,0.62,0.47,3.68,0.16,1.06,0.75,0.31,71,2.75,0,3.31,2.43,0.37,0.33,0.31,0.41,15.23,6.93,0.01,3.93,58.01,6.43,3.74,1.06,1.44,63,1.4,1.73,1.37,23,0.62,30,0.81,0,12.85,12.51,3.24,3,0.94,58.69,8.3,65,2.43,81,0,0,0,26.02,73,0.87,23,56,0.56,1.31,17,63,-10,61.16,3.06,0.51,0.73,27.58,82,6.63,9.11,0.81,0.81,0,0.69,5.43,6.24,0,54,0.69,31,0.81,10,74,17,7,73,21,15.6,15.04,0.96,93,-0.56,14.9,14.01,0,0,0,0,0,,0,0,,0,0,0,0,0,0,23,8,4.92,35,0.01,0.06,0.03,0.19,,0.29
Aldo Maíz,Club Sportivo Luqueño,"División Profesional, Paraguay",2026,1369,Right Defensive Midfielder,Paraguay,26,26/08/00,0.07,0.07,0.04,0.03,1.25,5,26,2,,0.06,0.13,0.04,0.59,0.13,0.04,0.53,0,0,0.07,0.2,0.08,1.84,0.12,1.84,0.92,0.92,50,1.38,0.07,1.25,2.04,0.72,0.55,1.25,0.9,25.44,13.08,0.03,9.53,43.66,10.06,4.6,3.15,3.88,72,2.79,3.34,1.38,35,1.25,48,0.92,0,20.9,18.03,7.16,6.18,1.84,46.42,9.2,44,3.81,62,0.26,0,0,26.82,75,2.1,20,64,1.77,2.76,23,67,-9,49.34,3.48,0.24,0.28,23.99,88,5.81,5.59,0.46,0.33,0.13,0.07,0.59,0.92,0.13,0,0.07,17,0.2,26,64,10,24,69,7,19.82,16.6,1,105,-3.22,19.88,17.43,0,0,0,0,0,,0,0,,0,0,0,0,0,0,28,9,3.33,23,0.01,0.11,0.05,-0.03,,0.15
Alejandro Samudio Ramírez,Club Nacional,"División Profesional, Paraguay",2026,611,Left Wing,Paraguay,27,25/06/99,0.29,0.29,0.16,0.09,1.77,17,42,4,,0.15,0.15,0.14,1.47,0.15,0.13,1.33,0,0.01,0.15,0.44,0.3,3.24,0.14,1.33,1.03,0.29,78,1.92,0,2.21,2.06,0.74,0.71,0.59,0.49,18.42,9.13,0.01,5.6,49.67,7.37,4.13,1.33,2.06,75,1.07,1.78,1.18,40,0.44,55,0.88,0,15.91,15.01,4.42,3.24,1.18,52.06,8.99,56,3.09,95,0.15,0,0,22.39,64,0.74,15,31,0.59,2.36,18,59,-5,63.06,3.98,0.4,0.54,22.69,84,5.7,7.96,1.47,1.03,0.44,0.44,4.27,5.3,0.15,40,0.74,38,0.74,24,57,19,20,61,19,16.53,13.34,0.91,119,-3.19,15.01,15.92,0,0,0,0,0,,0,0,,0,0,0,0,0,0,34,10,6.69,40,0.17,0.05,0.01,0,,0.23
Alejandro Silva,Olimpia,"División Profesional, Paraguay",2026,303,Left Centre Midfielder,Uruguay,37,03/09/89,0.59,0,0.26,0.1,2.67,0,56,2,100,0.29,0,0.11,1.19,0,0.09,0.59,0,0.02,0.59,0,0.37,3.86,-0.37,1.78,0.89,0.89,50,0.89,0,0.59,2.97,0.3,0.49,0.3,0.24,8.01,4.15,0,1.78,44.6,9.5,5.93,0.59,0.89,50,1,1.48,0,33,0.59,,0,0,7.42,11.13,1.48,2.37,0.59,44.1,2.67,36,1.19,50,0,0,0,50.15,80,4.75,14,59,0.59,7.72,15,96,16,54.42,8.31,1.03,1.06,42.73,92,3.64,15.43,2.08,1.48,0.59,0.3,3.26,4.75,0.59,0,0,0,0.3,21,68,10,31,65,4,21.93,17.66,0.96,104,-4.27,20.97,18.29,0,0,0,0,0,,0,0,,0,0,0,0,0,0,23,8,15.34,67,0.05,0.06,0.02,0.07,,0.19
Alejandro Sosa,Club 2 de Mayo,"División Profesional, Paraguay",2026,360,Centre Defensive Midfielder,Paraguay,19,27/01/07,0,0,0.01,0.03,0.5,0,0,1,,0,0,0.05,1,0,0.05,1,0,0,0,0,0.07,1.5,-0.07,1,0.5,0.5,50,0.5,0,0.75,1,1,1.11,0.25,0.16,21.01,12,0.02,7.5,42.51,11.75,6.5,2.25,3.25,64,2.04,3.15,2,44,1.25,50,1.25,0,16.75,14.84,5.75,3,0.25,44.91,7,42,2,67,0,0,0,44.01,84,4.5,17,69,0.5,6.25,16,71,-12,52.85,5.75,0.5,0.51,37.51,96,4.61,12.5,1.25,1.25,0,0,0.25,1.5,0,40,0.5,40,0,15,76,9,10,80,10,21.78,17.87,0.98,98,-3.91,21.33,17.6,0,0,0,0,0,,0,0,,0,0,0,0,0,0,17,8,5.58,43,0.07,0.07,0.01,-0.01,,0.14
Alex Franco,Olimpia,"División Profesional, Paraguay",2026,1058,Right Centre Midfielder,Paraguay,25,19/07/01,0.09,0.09,0.13,0.06,2.13,4,24,2,,0.08,0.09,0.14,1.7,0.09,0.13,1.53,0,0.01,0.17,0.17,0.28,3.83,-0.11,1.53,1.11,0.43,72,0.94,0,1.11,1.62,0.85,0.95,0.68,0.82,13.95,7.49,0.01,4.85,45.71,9.02,4.76,1.45,2.3,63,1.87,2.83,1.02,17,0.85,79,1.96,0,11.49,14.25,3.74,2.81,0.94,47.15,5.36,47,2.04,73,0.26,0,0,40.07,77,2.64,6,58,0.85,4.34,19,71,-6,54.51,4.93,0.51,0.62,33.86,93,5.49,11.49,1.19,0.94,0.26,0.51,2.47,3.4,0.09,29,0.68,33,0.6,14,75,11,13,77,10,19.81,14.69,0.97,105,-5.12,19.13,15.47,0,0,0,0,0,,0,0,,0,0,0,0,0,0,21,7,6.74,36,-0.02,0.11,0.02,-0.04,,0.07
Alex Servian,Sportivo Ameliano,"División Profesional, Paraguay",2026,579,Left Midfielder,Paraguay,21,21/07/05,0.16,0.16,0.14,0.15,0.93,17,17,2,,0.04,0,0.15,1.09,0,0.15,1.09,0,0,0,0.16,0.29,2.02,-0.13,1.86,1.09,0.78,58,0.93,0,0.93,2.49,0.47,0.42,0.78,0.77,15.22,7.15,0,4.19,43.24,6.21,3.11,1.55,2.02,77,1.71,2.13,1.86,0,0.47,25,0.62,0,11.81,12.08,3.26,1.86,0.47,47.32,4.82,41,0.93,50,0.31,0,0,22.06,77,1.09,64,47,1.4,1.71,23,73,-4,62.58,2.02,0.31,0.5,21.28,86,4.97,9.01,0.78,0.78,0,0.31,2.64,3.42,0.16,20,0.47,38,0.62,24,56,20,16,55,29,17.33,16.49,0.92,95,-0.84,15.97,15.62,0,0,0,0,0,,0,0,,0,0,0,0,0,0,28,9,4.29,24,0.06,0.08,0.02,0,,0.16
Alex Álvarez,San Lorenzo,"División Profesional, Paraguay",2026,1331,Right Centre Forward,Paraguay,29,17/08/97,0.14,0.07,0.2,0.11,1.83,4,30,3,50,0.13,0.07,0.04,1.01,0.07,0.04,1.01,0,0,0,0.14,0.24,2.84,-0.11,2.57,1.08,1.49,42,2.03,0,1.62,4.6,0.2,0.11,0.41,0.18,22.66,10.42,0,4.94,60.33,5.48,3.45,0.74,0.95,69,0.43,0.55,1.08,0,0.34,43,2.84,0,20.83,13.71,4.6,4.46,1.22,61.54,14.95,72,3.72,83,0.07,0,0,24.69,71,0.95,10,56,0.74,1.35,29,59,-12,61.71,3.79,0.28,0.37,22.93,80,5.81,9.4,0.95,0.88,0.07,0.41,5.68,6.56,0.07,0,0.14,33,0.68,18,66,17,14,69,17,16.87,15.18,1,99,-1.69,16.82,14.98,0,0,0,0,0,,0,0,,0,0,0,0,0,0,30,10,3.12,25,0.04,0.06,0,-0.12,,-0.01
Alexander Franco,Deportivo Recoleta,"División Profesional, Paraguay",2026,1883,Right Defensive Midfielder,Paraguay,24,25/08/02,0,0,0.02,0.03,0.67,0,0,1,,0,0.05,0.02,0.48,0.05,0.02,0.48,0,0,0,0.05,0.04,1.15,0.01,1.1,0.86,0.24,78,0.91,0,1.15,0.86,0.91,0.95,1.53,1.71,18.69,9.03,0.03,5.97,40.03,10.04,3.92,1.53,2.44,70,1.59,2.54,1.67,35,0.67,54,0.91,0,15.48,16.1,4.92,4.73,1.53,42.96,5.54,36,2.44,52,0.48,0.05,0,45.5,85,3.39,16,64,1.82,5.02,14,82,-3,46.58,4.59,0.27,0.29,37.23,95,4.85,7.07,0.24,0.24,0,0.05,0.19,0.43,0,0,0.05,20,0.05,21,68,11,36,61,3,19.63,16.47,0.97,106,-3.16,18.96,17.52,0,0,0,0,0,,0,0,,0,0,0,0,0,0,18,9,3.57,27,0.02,0.06,0.05,-0.02,,0.12
Alexandro Mendieta,Club Guaraní,"División Profesional, Paraguay",2026,515,Left Back,Paraguay,21,25/07/05,0,0,0.06,0.04,1.57,0,11,1,,0,0,0.05,0.52,0,0.05,0.52,0,0,0,0,0.11,2.1,-0.11,1.4,0.52,0.87,38,0.17,0,0.52,1.75,0.7,0.67,3.15,3.19,8.74,3.5,0.06,3.5,34.09,9.97,3.85,2.45,3.15,88,2.3,2.97,0.17,33,0.35,73,1.92,0,6.29,6.24,1.92,1.22,0.52,37.8,2.1,33,0.87,71,0,0,0,30.6,62,1.57,97,21,4.2,6.29,12,48,-14,50.81,2.8,0.22,0.35,25,94,3.81,5.59,1.22,0.7,0.52,0,1.57,2.27,0,43,0.7,19,0,30,59,11,34,59,6,23.79,22.61,0.84,90,-1.18,19.91,20.45,0,0,0,0,0,,0,0,,0,0,0,0,0,0,33,7,5.46,36,0.14,0.04,0.02,-0.08,,0.13
Alexis Cantero,Club Sportivo Luqueño,"División Profesional, Paraguay",2026,612,Left Back,Paraguay,23,04/02/03,0,0,0,0.01,0.44,0,33,0,,0,0,0.02,0.44,0,0.01,0.29,0,0.01,0.15,0,0.03,0.88,-0.03,0.73,0.44,0.29,60,0.88,0,0.73,0.73,1.32,1.14,1.47,1.29,12.49,6.32,0,7.35,27.64,6.61,1.91,1.91,3.23,68,1.76,2.89,0.15,44,0.88,38,0.44,0,10.43,9.6,5.44,2.06,1.18,30.15,1.76,17,1.03,50,0,0,0,36.74,75,4.7,85,53,2.35,7.94,11,55,-19,49.66,4.85,0.18,0.28,33.51,96,4.68,6.61,1.91,0.88,1.03,0,0,0.88,0,31,0.59,44,0,30,59,11,33,44,22,22.87,18.59,0.93,116,-4.28,21.22,21.59,0,0,0,0,0,,0,0,,0,0,0,0,0,0,28,7,4.94,35,0.11,0.06,0,-0.02,,0.16
Alexis Cañete,Club Nacional,"División Profesional, Paraguay",2026,2158,Right Centre Back,Paraguay,23,26/08/03,0,0,0.03,0.06,0.5,0,25,0,,0.02,0.13,0.05,0.33,0.13,0.05,0.33,0,0,0,0.13,0.08,0.83,0.05,0.21,0.13,0.08,60,1.25,0,0.38,0.5,1.42,1.65,4.67,5.05,11.89,6.01,0.05,6.01,27.69,10.93,2.25,2.09,3.5,89,2.5,4.15,1.33,74,0.25,56,2.21,0.04,8.47,8.88,3.71,1.67,0.75,33.35,1.71,20,0.75,45,0.13,0,0,42.58,81,4.17,14,52,6.3,6.42,12,54,-26,36.5,2.54,0.29,0.35,33.9,98,4.66,3.54,0.54,0.42,0.13,0.17,1.46,1.88,0,38,0.29,32,0.17,30,65,5,39,58,4,24.58,27.46,0.92,83,2.88,22.54,22.71,0,0,0,0,0,,0,0,,0,0,0,0,0,0,20,7,4.02,26,0.11,0.06,0.02,-0.01,,0.18
Alexis Fariña,Club 2 de Mayo,"División Profesional, Paraguay",2026,1678,Left Centre Midfielder,Paraguay,22,16/12/04,0.05,0.05,0.05,0.05,0.97,6,28,1,,0.05,0.16,0.17,1.77,0.16,0.15,1.61,0,0.01,0.16,0.21,0.22,2.74,-0.01,1.13,0.75,0.38,67,1.72,0,1.18,1.98,0.32,0.35,0.54,0.51,14.7,6.81,0.02,5.36,50.06,7.19,3.7,1.45,1.77,56,1.51,1.86,0.43,37,1.13,21,0.27,0,12.82,12.77,4.24,3.27,1.18,52.28,7.46,58,2.31,70,0,0,0.05,44.37,79,3.86,15,63,1.61,5.1,22,78,-1,58.27,7.83,0.42,0.51,42.54,94,4.86,16.9,1.61,1.23,0.38,0.38,1.77,3,0,27,0.75,42,0.32,18,69,12,22,69,9,20.3,18.47,0.95,100,-1.83,19.38,18.51,0,0,0,0,0,,0,0,,0,0,0,0,0,0,21,7,6.17,52,0.08,0.07,0.06,-0.02,,0.19
Alexis Fretes,Libertad,"División Profesional, Paraguay",2026,1413,Left Back,Paraguay,21,24/09/05,0.13,0.13,0.07,0.09,0.76,17,50,1,,0.06,0.25,0.14,1.4,0.25,0.13,1.15,0,0.02,0.25,0.38,0.21,2.17,0.17,2.36,0.89,1.46,38,0.76,0,1.53,4.2,0.96,1.06,1.02,1.2,16.62,7.32,0.01,5.09,42.93,8.22,3.5,1.34,2.29,70,1.39,2.44,1.53,40,0.57,42,1.15,0,13.76,15.76,4.14,4.39,1.53,46.96,5.92,43,2.87,65,0.19,0,0,37.77,76,3.12,87,58,2.29,4.08,20,71,-5,49.72,4.2,0.3,0.43,37.38,87,5.76,9.04,1.15,0.7,0.45,0.25,2.04,2.74,0,50,0.89,24,0.32,25,62,13,25,61,15,19.22,18.81,0.93,97,-0.41,17.8,18.31,0,0,0,0,0,,0,0,,0,0,0,0,0,0,25,11,5.54,37,0.03,0.05,-0.01,0,,0.07
Alexis Martín Arias,Cerro Porteño,"División Profesional, Paraguay",2026,1799,Goalkeeper,Argentina,34,03/07/92,0,0,0,,0,,,0,,0,0,0,0,0,0,0,0,0,0,0,0,0,0,0,0,0,,0,0,0,0,0,0,0,0,0.15,0.05,0,6.25,2.06,2.85,0,0,0,0,0,0,0,0,0.05,,0,0.1,0.15,0.15,0,0.05,0,11.27,0,0,0,0,0.05,0,0,16.56,79,4.85,12,50,1.9,7.76,17,71,-8,11.95,0.65,0.11,0.11,14.81,100,5.38,0.35,0,0,0,0,0,0,0,,0,,0,45,55,0,100,0,0,34.7,38.4,0.8,81,3.7,27.63,31.05,0.7,0.56,-0.14,70,76,-6,0.87,2.35,24,9.86,1.76,0.2,0.15,20.9,0,18,3,1.12,7,0.06,0.05,0,,-0.13,-0.02
Alexis Villalva,Club 2 de Mayo,"División Profesional, Paraguay",2026,498,Right Centre Back,Paraguay,28,27/08/98,0,0,0.09,0.18,0.54,0,0,0,,0,0,0,0,0,0,0,0,0,0,0,0.09,0.54,-0.09,0.36,0,0.36,0,1.44,0,0.54,0.9,1.99,2.02,6.5,6.13,11.2,7.04,0.08,6.32,24.57,9.75,1.44,2.17,4.15,57,1.5,3.52,0.9,50,1.63,58,2.53,0,8.13,7.67,3.61,1.99,0.54,30.71,1.63,20,1.44,73,0,0,0,41.72,80,5.6,7,60,8.31,7.59,12,55,-25,39.21,3.79,0.29,0.29,33.05,97,5.66,3.07,0.18,0.18,0,0,1.26,1.44,0,0,0,0,0,32,65,3,41,59,0,26.39,28.56,0.95,88,2.17,24.97,25.04,0,0,0,0,0,,0,0,,0,0,0,0,0,0,23,7,2.33,22,0.06,0.03,0.07,-0.07,,0.08
Alexis Villalva,Club Sportivo Luqueño,"División Profesional, Paraguay",2026,1601,Right Back,Paraguay,28,27/08/98,0,0,0.05,0.04,1.35,0,29,1,,0.03,0.06,0.06,0.67,0.06,0.06,0.67,0,0,0,0.06,0.11,2.02,-0.06,1.18,0.67,0.51,57,1.18,0.06,0.67,1.35,2.08,1.95,2.92,2.34,13.71,7.14,0.05,5.11,31.17,9.67,2.87,1.57,3.65,68,1.11,3.06,1.07,46,0.73,65,2.02,0,11.07,9.54,3.54,2.14,0.51,36.48,2.92,26,1.18,55,0.11,0,0,28.95,64,3.37,13,43,3.77,7.08,12,55,-9,49.67,4.33,0.28,0.34,22.93,93,4.73,5.62,1.41,1.01,0.39,0.06,1.91,2.92,0,48,0.73,38,0,31,62,6,29,66,5,24.67,21.08,0.9,88,-3.59,22.14,18.47,0,0,0,0,0,,0,0,,0,0,0,0,0,0,37,9,3.82,29,0.13,0.1,0.14,-0.04,,0.33
Alfredo Aguilar,Club Sportivo Luqueño,"División Profesional, Paraguay",2026,1727,Goalkeeper,Paraguay,38,17/07/88,0,0,0,,0,,,0,,0,0,0,0.05,0,0,0.05,0,0,0,0,0,0.05,0,0.05,0.05,0,100,0.1,0,0,0,0,0,0,0,0.1,0.05,0,7.4,2.71,3.49,0,0,0,,0,0,0.05,,0,,0,0.05,0.05,0.03,0,0,0,34.01,0,0,0,,0.16,0,0.05,18.86,71,6.72,11,46,2.76,11.83,19,62,-9,14.48,0.89,0.16,0.16,17.3,100,5.52,0.31,0,0,0,0,0,0,0,,0,,0,42,58,0,83,17,0,41.57,40.67,0.77,74,-0.91,32.03,30.22,1.25,1.39,0.14,63,58,4,1.15,3.33,29,11.51,1.54,0.16,0.16,17.23,-1,27,2,1.45,11,0.09,0.08,0,,0.15,0.32
Allan Wlk,Deportivo Recoleta,"División Profesional, Paraguay",2026,1499,Left Centre Forward,Paraguay,23,28/02/03,0.78,0.66,0.37,0.15,2.52,26,52,5,100,0.55,0.06,0.13,0.6,0.06,0.13,0.6,0,0,0,0.72,0.49,3.12,0.23,1.56,0.66,0.9,42,0.84,0,0.78,3.18,0.12,0.2,0.12,0.1,15.49,5.22,0,3.48,65.35,3.78,2.22,0.78,0.9,65,0.81,1,0.78,33,0.42,50,1.56,0,13.93,14.05,2.94,2.76,1.02,66.32,11.77,84,2.34,85,0,0,0,18.73,73,0.3,8,63,0.36,0.24,26,63,-10,61.44,1.98,0.27,0.59,17.41,83,4.71,6.79,0.48,0.48,0,0.36,5.64,6.12,0,25,0.24,27,0.48,13,72,15,7,83,10,14.31,14.44,0.98,89,0.13,14.07,12.86,0,0,0,0,0,,0,0,,0,0,0,0,0,0,30,13,2.56,21,-0.02,0.01,0,0.14,,0.13
Amin Molinas,Libertad,"División Profesional, Paraguay",2026,1001,Left Defensive Midfielder,Paraguay,21,31/08/05,0.18,0.18,0.07,0.06,1.17,15,46,1,,0.21,0.09,0.11,0.72,0.09,0.11,0.72,0,0,0,0.27,0.18,1.89,0.09,1.44,0.99,0.45,69,2.97,0,1.71,1.44,0.54,0.62,0.72,0.8,25.9,14.75,0.02,9.08,42.57,11.06,4.41,2.79,3.33,70,2.94,3.56,1.17,14,1.17,64,1.26,0.09,22.03,24.19,7.1,5.49,1.98,43.9,8.54,39,3.87,70,0.27,0,0,51.71,87,3.69,12,68,1.44,4.68,20,84,-3,47.92,6.39,0.75,0.81,46.59,94,4.94,11.24,0.9,0.9,0,0.18,0.72,1.62,0.09,0,0,0,0.27,26,66,9,34,62,5,18.77,17.12,0.96,95,-1.65,18.09,16.33,0,0,0,0,0,,0,0,,0,0,0,0,0,0,18,11,6.75,38,0.06,0.08,0.07,0.06,,0.26
Anderson Legüizamón,Club Rubio Nu,"División Profesional, Paraguay",2026,590,Right Wing,Paraguay,20,16/02/06,0.15,0.15,0.16,0.12,1.37,11,33,3,,0.15,0,0.04,0.61,0,0.04,0.61,0,0,0,0.15,0.2,1.98,-0.05,2.14,1.68,0.46,79,1.83,0.15,3.97,2.59,0.15,0.04,0,0,15.72,6.41,0,5.19,52.44,4.12,2.29,0.92,1.07,55,0.64,0.68,1.68,17,0.76,39,1.07,0,13.12,10.21,4.27,3.81,1.37,52.5,7.93,60,3.36,88,0,0,0,17.85,59,0.76,79,36,0.15,1.98,29,65,6,61.24,1.83,0.07,0.24,23.65,75,6.95,5.49,1.37,1.07,0.31,0.31,2.44,3.51,0.15,33,0.61,19,0.31,18,67,15,22,61,17,18.2,13,0.9,107,-5.2,16.45,13.97,0,0,0,0,0,,0,0,,0,0,0,0,0,0,45,9,1.85,15,0.04,0.2,0,0,,0.25
Andrea Falabella,Sportivo Ameliano,"División Profesional, Paraguay",2026,2746,Left Centre Back,Argentina,27,09/03/99,0.07,0.07,0.06,0.12,0.49,13,33,0,,0.05,0,0,0.1,0,0,0.1,0,0,0,0.07,0.06,0.59,0.01,0.2,0.16,0.03,83,0.46,0.03,0.26,0.16,1.25,1.27,5.47,6.28,6.1,2.98,0.05,4.42,21.99,12.06,1.44,0.75,2,72,0.86,2.14,0.49,31,0.29,62,2.79,0.03,4.85,5.22,1.9,0.75,0.33,28.71,0.52,11,0.2,26,0.16,0,0,52.07,88,6,78,73,6.52,7.18,12,72,-17,31.28,2.52,0.27,0.3,40.96,99,5.35,2.72,0.07,0.07,0,0.07,1.18,1.25,0,0,0,,0.07,26,71,3,42,57,1,22.72,22.88,0.97,98,0.16,21.98,22.54,0,0,0,0,0,,0,0,,0,0,0,0,0,0,15,8,3.73,25,0.03,0.06,-0.01,-0.02,,0.07
Andrés Marsengo,Deportivo Recoleta,"División Profesional, Paraguay",2026,397,Goalkeeper,Argentina,24,29/04/02,0,0,0,,0,,,0,,0,0,0,0,0,0,0,0,0,0,0,0,0,0,0.45,0.45,0,100,0,0,0,0,0,0,0,0,0,0,0,7.26,3.65,4.54,0,0,0,,0,0,0,,0,,0,0,0,0,0,0,0,,0,,0,,0,0,0,30.62,80,6.35,19,46,3.4,10.43,14,67,-13,14.5,1.13,0.1,0.1,27.9,100,4.38,0.68,0,0,0,0,0,0,0,,0,,0,40,60,0,100,0,0,34.83,46.61,0.75,73,11.79,26.03,34.06,1.81,1.7,-0.11,58,60,-3,1.22,4.31,40,10.89,1.99,0.45,0.45,22.08,0,17,2,1.88,14,0.09,0.09,,,-0.34,-0.16
Aníbal Aaron Páez Cardozo,San Lorenzo,"División Profesional, Paraguay",2026,399,Left Centre Forward,Paraguay,21,02/02/05,0,0,0.15,0.08,1.8,0,25,4,,0.05,0.23,0.03,0.45,0.23,0.03,0.45,0,0,0,0.23,0.18,2.25,0.05,2.25,0.9,1.35,40,0.9,0,1.13,3.38,0.45,0.43,0.23,0.09,14.43,5.86,0.01,2.93,62.43,8.56,4.96,0.23,0.68,33,0.11,0.54,0.9,33,0.45,38,3.83,0,13.3,9.89,2.25,3.61,0,63.34,9.69,73,2.7,75,0,0,0,27.27,66,1.8,32,62,0.9,2.25,32,57,-9,58.98,2.48,0.32,0.42,18.26,85,7.53,9.02,0.45,0.45,0,0.68,4.73,5.18,0,0,0.45,67,0.9,16,61,23,13,75,13,16.34,14.8,0.99,105,-1.54,16.16,15.48,0,0,0,0,0,,0,0,,0,0,0,0,0,0,34,4,2.12,18,-0.06,0.04,0.02,-0.11,,-0.11
Aníbal Chalá,Olimpia,"División Profesional, Paraguay",2026,465,Left Back,Ecuador,30,08/05/96,0,0,0,,0,,,0,,0,0,0.12,0.97,0,0.12,0.97,0,0,0,0,0.12,0.97,-0.12,0.97,0,0.97,0,0.97,0,0.97,1.93,1.16,1.39,2.71,4.36,10.64,5.22,0,5.61,37.43,7.93,2.9,0.77,1.93,57,1.04,2.43,1.16,0,0.58,45,1.74,0,8.7,11.9,4.45,1.74,0.58,42.1,3.09,36,1.35,78,0.19,0,0,32.29,76,1.35,89,33,3.67,3.09,11,52,-24,53.31,4.25,0.37,0.39,26.3,92,5.15,7.93,2.13,1.74,0.39,0,0,1.74,0,64,1.55,40,0,25,61,14,34,51,15,19.35,19.26,0.93,126,-0.09,18.04,24.3,0,0,0,0,0,,0,0,,0,0,0,0,0,0,30,13,6.05,34,0.2,0.04,-0.15,,,0.09
Ariel Gamarra,Cerro Porteño,"División Profesional, Paraguay",2026,505,Right Centre Midfielder,Paraguay,23,25/02/03,0,0,0.01,0.03,0.36,0,0,0,,0,0.18,0.05,0.36,0.18,0.05,0.36,0,0,0,0.18,0.06,0.71,0.12,1.78,1.07,0.71,60,1.43,0,2.32,2.5,1.6,1.67,1.6,1.99,20.5,10.34,0.02,7.67,42.34,8.2,3.57,2.14,3.74,67,2.46,4.13,1.6,43,1.07,38,0.89,0,16.76,17.72,5.88,4.28,1.78,45.68,6.06,36,1.78,42,0.53,0,0,42.43,77,4.1,11,64,2.14,5.88,17,66,-11,49.16,4.81,0.5,0.5,39.93,89,5.09,7.49,0.36,0.36,0,0.36,1.07,1.43,0,100,0.53,43,0.36,18,71,11,12,76,12,21.59,18.34,0.99,93,-3.24,21.27,16.99,0,0,0,0,0,,0,0,,0,0,0,0,0,0,19,7,4.81,30,0.03,0.03,0.05,-0.02,,0.1
Armando Ruiz Díaz,Sportivo Trinidense,"División Profesional, Paraguay",2026,364,Right Back,Paraguay,33,13/07/93,0,0,0.05,0.04,1.48,0,17,1,,0.01,0,0.02,0.25,0,0,0,0,0.02,0.25,0,0.07,1.73,-0.07,0.25,0,0.25,0,0.49,0,0.49,0.74,0.49,0.53,3.95,4.21,13.35,3.95,0,5.68,32.14,8.16,1.98,1.48,1.98,75,1.42,1.95,0.25,83,0.49,71,1.24,0,11.86,11.75,4.7,4.2,1.98,36.06,2.47,21,1.48,35,0,0,0,22.24,65,3.95,9,57,5.44,5.44,18,58,-7,52.48,3.46,0.18,0.24,17.05,94,4.64,4.94,1.98,1.24,0.74,0,1.73,2.97,0,38,0.99,36,0,26,65,9,20,55,25,25.06,25.17,0.93,95,0.11,23.25,23.95,0,0,0,0,0,,0,0,,0,0,0,0,0,0,38,11,3.46,24,0.16,0.06,-0.18,-0.07,,-0.03
Axel Cañete,Sportivo Trinidense,"División Profesional, Paraguay",2026,1511,Right Back,Paraguay,25,11/12/01,0.06,0.06,0.08,0.09,0.95,6,13,1,,0.07,0,0.04,0.48,0,0.04,0.42,0,0,0.06,0.06,0.12,1.43,-0.07,0.42,0.24,0.18,57,0.66,0.06,0.42,0.36,1.25,0.82,3.99,2.63,12.51,6.67,0.01,4.23,29.39,10.48,3.93,1.85,3.1,72,1.09,1.9,1.31,50,0.71,75,2.92,0,9.47,6.38,2.86,2.38,0.71,36.29,2.08,22,1.13,48,0.42,0,0,28,54,3.4,12,38,5.36,7.63,16,48,-7,50.33,3.87,0.31,0.36,17.81,96,4.45,5.72,2.08,1.13,0.95,0.06,2.03,3.16,0,49,1.01,37,0.06,38,55,7,32,57,10,25.6,21.84,0.87,95,-3.75,22.32,20.83,0,0,0,0,0,,0,0,,0,0,0,0,0,0,43,9,3.99,26,0.16,0.05,0.03,-0.03,,0.2
Axel Galeano,San Lorenzo,"División Profesional, Paraguay",2026,1434,Left Midfielder,Paraguay,20,07/09/06,0.19,0.19,0.06,0.04,1.44,13,26,3,,0.11,0,0.11,1.13,0,0.1,1,0,0.01,0.13,0.19,0.17,2.57,0.02,2.51,1.57,0.94,63,1.13,0,2.89,2.89,0.88,0.64,0.25,0.22,16.44,7.97,0.01,4.58,52.46,7.53,5.02,1.32,2.2,70,1.02,1.65,0.38,36,0.56,32,1.19,0,14.75,11.16,4.02,3.2,1.32,53.56,8.41,57,2.64,82,0,0,0,23.91,70,1.26,11,50,0.56,2.2,20,73,3,61.9,3.08,0.27,0.34,27.87,82,6.39,9.1,0.75,0.56,0.19,0.5,2.95,3.51,0.06,17,0.31,18,0.63,19,63,18,19,52,28,18.42,15.42,0.95,91,-3,17.5,13.99,0,0,0,0,0,,0,0,,0,0,0,0,0,0,30,10,3.6,30,0.01,0.08,0.01,0,,0.1
Blas Riveros,Cerro Porteño,"División Profesional, Paraguay",2026,344,Left Back,Paraguay,28,02/02/98,0.26,0.26,0.03,0.04,0.78,33,33,1,,0.07,0,0.2,0.52,0,0.19,0.26,0,0.01,0.26,0.26,0.23,1.31,0.03,3.92,1.31,2.62,33,0.78,0,1.83,3.4,1.57,1.68,1.83,1.78,10.2,5.49,0,5.23,40.34,7.32,2.09,2.09,3.66,73,2.11,3.79,0.26,40,0.78,33,0.52,0,7.85,8.64,3.14,3.14,1.31,44.74,3.4,43,2.09,67,0,0,0,33.48,74,2.88,91,44,2.09,6.28,7,50,-24,51.41,4.97,0.65,0.67,32.44,89,5.17,7.32,1.31,0.26,1.05,0.52,2.62,2.88,0.26,0,0.78,21,0.52,27,63,10,21,71,7,20.8,19.95,0.9,99,-0.85,18.71,19.81,0,0,0,0,0,,0,0,,0,0,0,0,0,0,22,5,5.05,34,0.29,0.07,0.05,-0.02,,0.38
Braian Romero,Olimpia,"División Profesional, Paraguay",2026,365,Right Centre Forward,Argentina,35,14/06/91,0.25,0.25,0.18,0.1,1.73,14,14,6,,0.14,0,0.11,0.74,0,0.11,0.74,0,0,0,0.25,0.29,2.47,-0.04,1.23,0,1.23,0,0.49,0,1.73,2.71,0.25,0.31,0,0,10.11,4.68,0.06,2.71,70.26,1.97,1.48,0.49,0.74,100,0.58,0.89,0.25,100,0,21,0.99,0,9.37,11.84,2.22,1.73,0.49,69.33,8.14,87,1.48,86,0.25,0,0,10.85,71,0.25,3,100,0,0.25,23,75,4,60.97,0.49,0.23,0.36,12.57,67,3.8,3.21,0,0,0,0,5.18,5.18,0.25,,0,,0.49,13,56,31,23,54,23,12.99,15.16,1.11,98,2.17,14.48,14.81,0,0,0,0,0,,0,0,,0,0,0,0,0,0,21,4,2.22,13,-0.07,-0.05,0.04,-0.13,,-0.21
Brian Blasi,Club Rubio Nu,"División Profesional, Paraguay",2026,2313,Right Centre Back,Argentina,30,07/02/96,0.04,0.04,0.04,0.04,0.86,5,41,0,,0.05,0,0.01,0.16,0,0.01,0.16,0,0,0,0.04,0.05,1.01,-0.01,0.16,0.08,0.08,50,0.12,0,0.27,0.16,0.74,0.63,4.24,3.43,6.5,2.72,0.03,4.16,22.19,9.41,1.79,1.21,1.95,78,0.89,1.52,0.43,68,0.35,66,2.45,0,4.94,3.74,2.3,0.82,0.51,25.93,0.7,14,0.31,38,0.08,0,0.08,33.26,82,4.16,6,55,5.41,6.34,13,66,-17,37.13,2.68,0.26,0.28,23.5,98,4.84,2.8,0.39,0.35,0.04,0.04,1.4,1.75,0,10,0.08,29,0.08,30,67,3,50,50,0,26.07,25.58,0.89,91,-0.5,23.28,23.18,0,0,0,0,0,,0,0,,0,0,0,0,0,0,21,8,2.09,15,0.09,0.04,0.04,-0.01,,0.16
Bruno Piñatares,San Lorenzo,"División Profesional, Paraguay",2026,1686,Left Defensive Midfielder,Uruguay,36,24/06/90,0.05,0.05,0.04,0.07,0.48,11,11,0,,0,0,0.04,0.37,0,0.04,0.27,0,0,0.11,0.05,0.08,0.85,-0.03,0.21,0.11,0.11,50,1.28,0,0.53,0.8,1.07,0.69,2.08,1.46,15.38,8.76,0.02,6.09,36.65,12.33,4.48,2.24,3.31,74,1.51,2.2,1.01,52,0.8,59,1.07,0.05,12.12,8.72,4.64,3.2,1.23,39.17,3.2,26,1.6,50,0.16,0,0.05,45.54,83,4.64,84,70,3.63,5.13,15,73,-10,45.8,4.91,0.18,0.22,34.44,97,3.33,6.78,0.21,0.16,0.05,0.16,1.28,1.44,0,25,0.11,50,0.32,22,67,10,32,64,4,22,23.64,0.98,96,1.65,21.49,22.59,0,0,0,0,0,,0,0,,0,0,0,0,0,0,19,8,3.02,28,0.01,0.04,0.01,-0.03,,0.03
Bruno Valdez,Sportivo Trinidense,"División Profesional, Paraguay",2026,1840,Left Centre Back,Paraguay,34,05/10/92,0.05,0,0.01,0.06,0.2,0,25,0,100,0,0.05,0.05,0.15,0.05,0.05,0.1,0,0,0.05,0.05,0.06,0.34,-0.01,0.05,0,0.05,0,0.88,0.05,0.1,0.15,1.08,0.67,8.02,5.13,8.22,4.84,0.06,5.18,23.32,12.13,1.47,1.42,2.49,85,1.09,1.76,1.22,73,0.24,80,4.7,0.1,5.62,4.38,2.64,0.68,0.44,27.73,0.59,10,0.39,57,0.15,0,0.05,30.82,78,2.84,18,55,8.61,4.55,16,63,-15,35.52,1.86,0.31,0.33,20.64,99,4.56,1.42,0.2,0.1,0.1,0.1,0.78,0.88,0,0,0,0,0.1,30,67,3,48,48,3,24.21,21.43,0.93,96,-2.78,22.61,20.67,0,0,0,0,0,,0,0,,0,0,0,0,0,0,25,10,1.85,12,0.07,0.04,0.01,-0.02,,0.09
Bryan Bentaberry,Olimpia,"División Profesional, Paraguay",2026,828,Left Centre Back,Uruguay,29,20/01/97,0,0,0,0.01,0.11,0,100,0,,0,0,0,0,0,0,0,0,0,0,0,0,0.11,0,0.43,0.33,0.11,75,1.52,0,0.33,0.33,1.2,1.49,4.67,5.28,5.54,2.39,0.04,2.93,20.38,10.54,1.2,0.87,2.07,100,1.08,2.56,0.43,100,0,81,2.83,0.11,4.24,5.14,1.52,0.11,0,22.87,0.33,8,0,0,0.11,0,0,54.89,83,6.52,12,58,6.09,9.89,10,42,-41,35.34,4.78,0.41,0.42,42.93,98,6.56,4.78,0.33,0.33,0,0,0.43,0.76,0,33,0.11,33,0.11,30,67,3,59,39,2,25.61,26.86,0.93,84,1.25,23.89,22.63,0,0,0,0,0,,0,0,,0,0,0,0,0,0,17,7,3.66,24,0.05,0.08,-0.04,0,,0.08
Camilo Saiz,Club 2 de Mayo,"División Profesional, Paraguay",2026,1966,Left Centre Back,Colombia,34,29/02/92,0.05,0.05,0.02,0.08,0.23,20,20,0,,0.04,0,0,0.05,0,0,0.05,0,0,0,0.05,0.02,0.27,0.03,0.05,0,0.05,0,0.14,0,0.05,0.05,0.78,0.62,5.22,4.39,6.96,3.75,0.05,4.39,20.91,8.1,0.96,0.96,1.74,68,0.89,1.51,0.69,64,0.46,62,2.2,0,5.36,5.29,2.56,0.82,0.27,26.56,0.32,6,0.14,17,0.09,0,0,37.21,87,5.22,12,75,5.77,6.45,9,67,-21,34.08,1.28,0.16,0.18,28.24,100,4.78,1.37,0,0,0,0,0.55,0.55,0,,0,,0,24,73,3,50,43,7,24.03,22.25,0.96,93,-1.78,23.15,20.72,0,0,0,0,0,,0,0,,0,0,0,0,0,0,12,5,1.56,13,0.01,0.03,0.09,0,,0.13
Carlos Alberto Arrua García,Club Nacional,"División Profesional, Paraguay",2026,303,Left Defensive Midfielder,Paraguay,29,29/07/97,0,0,0.12,0.05,2.68,0,22,3,,0.27,0.3,0.38,2.38,0.3,0.29,1.78,0,0.09,0.59,0.3,0.5,5.06,-0.2,0.59,0,0.59,0,0.59,0,2.38,1.49,0.59,0.41,0.3,0.44,15.47,6.25,0,6.84,57.89,5.95,4.16,1.78,2.38,75,2.33,2.74,1.19,80,0.59,17,0.3,0,12.49,13.9,5.06,6.54,3.27,57.15,9.22,74,5.65,86,0.89,0,0,36.59,77,3.87,11,45,1.19,7.73,15,76,-1,58.92,7.44,0.61,0.76,35.1,91,5.13,14.58,3.27,2.08,1.19,0.3,2.38,4.46,0,18,0.89,75,0.59,22,71,6,27,63,10,23.92,17.47,0.88,109,-6.45,21.09,19.13,0,0,0,0,0,,0,0,,0,0,0,0,0,0,25,9,6.84,46,0.19,0.06,0.02,-0.1,,0.18
Carlos Daniel Meza Montiel,San Lorenzo,"División Profesional, Paraguay",2026,1587,Left Back,Argentina,23,08/01/03,0,0,0.01,0.03,0.4,0,14,0,,0,0,0.03,0.51,0,0.03,0.51,0,0,0,0,0.04,0.91,-0.04,1.76,1.08,0.68,61,0.96,0,1.3,1.47,1.08,0.69,1.82,1.05,15.6,8,0.02,6.58,30.85,7.49,2.38,2.1,3.18,61,1.18,1.87,0.91,41,1.36,23,0.28,0,12.59,7.16,4.14,2.33,0.45,33.55,2.95,23,1.25,54,0.17,0,0.06,28.7,76,2.38,89,54,2.72,3.52,11,61,-15,48.98,3.35,0.1,0.12,25.92,91,4.38,6.3,1.02,0.68,0.34,0.06,0.51,1.19,0.06,39,0.45,35,0.06,34,56,9,27,59,14,19.18,18.89,0.92,89,-0.29,17.74,16.88,0,0,0,0,0,,0,0,,0,0,0,0,0,0,27,11,2.32,22,0.12,0.06,0.04,-0.01,,0.21
Carlos Giménez,Club Rubio Nu,"División Profesional, Paraguay",2026,1576,Left Back,Paraguay,20,10/06/06,0.06,0.06,0.04,0.06,0.63,9,18,1,,0.07,0.17,0.1,0.86,0.17,0.1,0.86,0,0,0,0.23,0.14,1.48,0.09,2.63,1.66,0.97,63,0.63,0,1.77,2.06,0.8,0.69,2,1.84,17.25,7.37,0.02,5.82,43.64,8.11,3.83,2.23,3.03,62,1.81,2.5,1.14,42,1.37,49,0.97,0.06,14.05,11.3,4.51,4.28,1.03,47.74,6.28,45,2.86,67,0.29,0.06,0,28.84,70,1.37,85,37,2.46,3.26,15,60,-11,52.48,3.83,0.28,0.39,28.72,88,5.29,6.74,1.54,1.09,0.46,0.06,1.26,2.34,0,44,0.86,35,0.17,26,63,11,25,64,11,20.33,18.67,0.91,97,-1.65,18.58,18.12,0,0,0,0,0,,0,0,,0,0,0,0,0,0,30,8,4.16,27,0.1,0.06,0.02,0.02,,0.21
Carlos Niño Junior Espinola Díaz,Club Nacional,"División Profesional, Paraguay",2026,818,Right Back,Paraguay,27,24/12/99,0,0,0.04,0.05,0.77,0,14,0,,0,0.11,0.07,0.77,0.11,0.07,0.77,0,0,0,0.11,0.12,1.54,-0.01,0.44,0.22,0.22,50,1.32,0,1.1,1.32,1.21,1.26,2.2,2.59,11.44,5.61,0.02,5.06,37.36,9.35,3.3,1.65,2.86,75,2.16,3.42,1.54,57,0.55,42,2.31,0.11,8.25,10.06,4.07,3.08,1.54,43.07,2.86,35,1.76,57,0.22,0,0,36.96,72,2.53,9,47,2.97,4.62,16,57,-15,49.63,5.61,0.34,0.43,29.81,94,3.72,8.8,1.21,0.88,0.33,0.11,1.32,2.2,0.11,36,0.66,25,0.11,32,58,10,36,54,10,22.16,20.4,0.92,88,-1.77,20.48,17.95,0,0,0,0,0,,0,0,,0,0,0,0,0,0,26,6,4.71,27,0.15,0.05,-0.05,-0.05,,0.11
Carlos Santacruz,Cerro Porteño,"División Profesional, Paraguay",2026,442,Left Centre Midfielder,Paraguay,18,04/01/08,0,0,0.08,0.06,1.22,0,33,2,,0.04,0,0.22,1.83,0,0.22,1.83,0,0,0,0,0.29,3.06,-0.29,2.44,1.02,1.43,42,1.63,0,1.63,6.52,0.2,0.14,0.61,0.84,18.95,8.35,0,5.09,53.99,8.15,3.67,0.81,1.02,67,0.81,0.95,1.83,0,0.41,9,0.2,0,16.3,19.69,4.89,5.7,1.83,53.81,9.17,56,2.85,50,0.61,0,0,29.13,72,2.24,26,65,0.81,3.26,19,66,-6,57.92,4.89,0.66,0.75,32.19,83,6.56,10.39,1.02,1.02,0,0.41,4.07,5.09,0,80,1.63,80,1.02,16,70,15,18,67,16,17.79,13.8,1,104,-3.99,17.77,14.41,0,0,0,0,0,,0,0,,0,0,0,0,0,0,29,7,7.07,43,-0.03,0.08,-0.01,-0.04,,0.01
Cecilio Domínguez,Cerro Porteño,"División Profesional, Paraguay",2026,1379,Right Wing,Paraguay,32,10/08/94,0.33,0.26,0.27,0.16,1.63,16,44,2,50,0.31,0.2,0.3,2.94,0,0.16,1.37,0.2,0.15,1.57,0.46,0.57,4.57,-0.11,3.72,2.15,1.57,58,2.54,0.07,2.41,3.59,0.33,0.4,0.26,0.36,10.44,4.24,0.01,3.52,54.05,6.33,3.85,1.04,1.37,57,1.48,1.88,0.91,20,0.78,57,0.52,0,8.55,11.71,2.41,3.13,0.98,56.04,4.96,58,2.22,71,0.26,0,0,29.3,64,3.52,14,51,0.78,6.33,18,66,2,65.86,4.37,0.71,1.06,33.15,85,6.22,9.85,3.92,1.83,2.09,0.52,3.65,5.48,0,23,1.44,37,0.46,16,71,13,28,63,9,21.5,16.23,0.96,107,-5.27,20.62,17.35,0,0,0,0,0,,0,0,,0,0,0,0,0,0,31,9,9.7,51,0.17,0.15,0.02,0.14,,0.47
Cesar Bobadilla,Cerro Porteño,"División Profesional, Paraguay",2026,925,Right Centre Midfielder,Paraguay,20,28/12/06,0.1,0.1,0.09,0.13,0.68,14,43,1,,0.1,0.19,0.14,0.78,0.19,0.14,0.78,0,0,0,0.29,0.23,1.46,0.06,1.85,1.17,0.68,63,0.97,0.1,1.17,2.04,0.58,0.88,1.07,1.48,19.17,7.59,0,8.17,49.01,7.98,4.67,2.33,2.92,71,2.98,3.87,0.97,41,0.97,35,0.88,0,15.86,21.35,5.84,6.62,2.92,51.03,8.37,53,4.48,68,0.1,0,0,31.81,83,1.17,15,60,1.36,1.65,15,80,-3,51.11,3.11,0.54,0.6,29.87,92,5.79,7.1,0.68,0.68,0,0.58,2.43,3.11,0.1,14,0.39,40,0.97,16,73,11,21,77,3,17.98,15.44,0.98,102,-2.55,17.71,15.72,0,0,0,0,0,,0,0,,0,0,0,0,0,0,19,8,4.27,30,0.04,0.04,0.05,0.04,,0.17
Claudio Figueredo,Deportivo Recoleta,"División Profesional, Paraguay",2026,479,Right Back,Paraguay,27,29/04/99,0,0,0,0.01,0.56,0,33,1,,0.01,0,0.01,0.38,0,0.01,0.19,0,0,0.19,0,0.01,0.94,-0.01,1.13,0.75,0.38,67,0.94,0,1.13,0.75,0.94,0.89,2.07,2.05,15.23,6.77,0.04,4.7,35.13,9.02,2.07,2.26,3.2,71,2.11,3,1.5,67,0.94,54,1.32,0,11.47,11.19,3.57,2.63,0.56,36.85,3.76,33,1.88,71,0.19,0,0,29.14,70,2.26,13,40,3.38,4.32,16,58,-13,51.03,3.95,0.14,0.15,25,93,6.08,7.33,1.13,0.75,0.38,0,1.13,1.88,0,50,0.56,30,0,36,51,13,38,51,10,20.33,18.78,0.92,98,-1.55,18.62,18.43,0,0,0,0,0,,0,0,,0,0,0,0,0,0,29,12,3.67,30,0.11,0.09,-0.03,-0.02,,0.15
Clementino González Martínez,Sportivo Trinidense,"División Profesional, Paraguay",2026,2157,Centre Forward,Paraguay,36,03/06/90,0.25,0.25,0.2,0.1,1.92,13,33,3,,0.26,0.08,0.12,1.04,0.08,0.12,1.04,0,0,0,0.33,0.32,2.96,0.02,0.42,0.17,0.25,40,1.42,0.04,0.96,2.25,0.17,0.06,0.75,0.38,16.78,7.47,0.02,4.3,62.25,4.42,3.26,0.25,0.42,67,0.21,0.28,0.88,50,0.13,41,5.72,0,15.65,11.43,3.71,3.34,1.04,66.06,12.69,81,2.88,86,0.13,0,0,21.49,53,0.46,20,61,0.83,0.67,35,44,-9,63.12,1.09,0.34,0.51,10.98,82,3,6.38,0.58,0.58,0,0.79,7.6,8.18,0.04,7,0.08,22,0.92,22,62,16,17,65,18,14.18,12.19,1,100,-1.99,14.22,12.13,0,0,0,0,0,,0,0,,0,0,0,0,0,0,43,10,3.96,26,0.06,0.01,0.01,0.05,,0.13
Cristhian Ocampos,Sportivo Ameliano,"División Profesional, Paraguay",2026,1190,Centre Forward,Paraguay,27,12/07/99,0.3,0.3,0.29,0.13,2.27,13,33,5,,0.36,0.15,0.1,0.76,0.15,0.1,0.76,0,0,0,0.45,0.39,3.03,0.06,1.21,0.68,0.53,56,1.21,0,1.21,2.42,0.38,0.35,0.91,1.05,19.29,7.49,0.01,4.84,64.14,3.71,2.34,0.45,0.83,55,0.46,0.81,2.72,0,0.38,45,2.95,0,16.19,17.81,4.08,2.87,0.98,67.75,14.14,87,2.57,89,0.23,0.08,0,15.88,67,0.3,13,40,1.06,0.61,34,54,-13,61.97,1.36,0.32,0.5,13.54,79,4.38,4.99,0.15,0.15,0,0.38,7.03,7.19,0,0,0,0,0.98,17,58,26,11,70,20,14.76,12.41,1.02,102,-2.35,15.1,12.62,0,0,0,0,0,,0,0,,0,0,0,0,0,0,28,6,2.95,20,-0.04,-0.04,0,0.05,,-0.04
Cristhian Paredes,Cerro Porteño,"División Profesional, Paraguay",2026,430,Right Centre Midfielder,Paraguay,28,17/05/98,0,0,0.09,0.08,1.26,0,17,1,,0.02,0,0.08,1.26,0,0.08,1.05,0,0,0.21,0,0.18,2.51,-0.18,1.05,0.42,0.63,40,1.67,0,1.26,1.26,1.47,1.57,0.42,0.58,19.26,7.33,0.02,5.44,45.68,11.09,5.65,1.88,3.35,82,2.13,3.7,1.26,33,0.42,57,0.84,0,16.12,18.65,4.19,5.02,1.67,47.34,6.7,42,2.72,54,0,0,0,38.09,81,1.47,20,78,0.84,1.47,21,80,-1,50.63,5.23,0.26,0.33,30.98,95,5.02,10.05,1.47,1.26,0.21,0.21,2.3,3.56,0.21,14,0.21,50,0.63,21,70,9,29,65,6,17.94,17.41,1,99,-0.53,17.89,17.2,0,0,0,0,0,,0,0,,0,0,0,0,0,0,18,6,3.68,33,0.09,0.05,0.03,-0.09,,0.07
Cristian Colmán,San Lorenzo,"División Profesional, Paraguay",2026,974,Centre Forward,Paraguay,32,25/02/94,0.09,0.09,0.13,0.12,1.11,8,50,2,,0.06,0,0.05,1.02,0,0.05,1.02,0,0,0,0.09,0.19,2.13,-0.09,0.46,0.37,0.09,80,1.02,0.09,0.55,2.22,0.28,0.1,0.28,0.08,12.2,5.08,0.01,2.49,65.04,3.05,1.66,0.28,0.55,33,0.15,0.25,0.74,0,0.55,41,3.6,0,11.18,7.33,2.22,3.79,0.92,68.59,8.96,80,3.05,80,0.09,0,0,17.74,52,0.65,33,47,0.37,1.29,30,49,-3,60.58,1.39,0.19,0.27,12.38,85,3.73,4.53,0.09,0.09,0,0.65,4.62,4.71,0,0,0,0,0.83,20,65,16,16,67,16,16.46,15.66,1.03,111,-0.8,16.93,17.3,0,0,0,0,0,,0,0,,0,0,0,0,0,0,48,10,2.01,19,-0.01,-0.02,0,-0.03,,-0.06
Cristian Núñez,Club Rubio Nu,"División Profesional, Paraguay",2026,374,Left Defensive Midfielder,Paraguay,29,19/09/97,0,0,0,,0,,,0,,0,0,0,0,0,0,0,0,0,0,0,0,0,0,0,0,0,,0.24,0,0.72,0.48,1.69,1.56,1.44,1.02,23.11,13.48,0,9.87,40.37,10.59,5.54,4.09,5.78,77,3.7,5.26,1.93,38,1.2,38,0.72,0,17.09,15.05,7.46,6.5,2.17,41.49,5.06,30,4.09,63,0.72,0.24,0,48.39,94,4.57,15,86,1.44,5.3,14,90,-4,44.97,4.09,0.19,0.19,36.11,97,3.41,5.3,0,0,0,0,0,0,0,,0,,0,19,73,8,23,77,0,19.67,16.21,1,107,-3.46,19.63,17.28,0,0,0,0,0,,0,0,,0,0,0,0,0,0,10,5,2.55,21,0.04,0.02,0.01,,,0.07
César Castro,Club 2 de Mayo,"División Profesional, Paraguay",2026,2394,Left Back,Paraguay,33,28/07/93,0.04,0.04,0.03,0.05,0.53,7,21,1,,0.01,0.08,0.04,0.6,0.08,0.04,0.49,0,0,0.11,0.11,0.07,1.13,0.04,1.69,0.9,0.79,53,0.98,0,1.01,1.73,1.2,1.09,1.95,1.64,15.52,7.63,0.03,5.6,31.54,8.16,2.52,2.33,3.53,81,2.08,3.17,1.32,68,0.56,65,1.13,0.04,11.88,10.1,3.98,2.29,0.9,33.92,2.44,21,1.09,48,0.11,0,0,41.27,80,3.08,71,56,2.63,4.85,12,69,-11,50.93,7.07,0.3,0.32,37.74,94,6.19,10.37,1.24,0.79,0.45,0.11,0.9,1.69,0.04,21,0.3,21,0.15,32,57,11,32,56,12,20.1,18.04,0.93,97,-2.05,18.72,17.5,0,0,0,0,0,,0,0,,0,0,0,0,0,0,23,10,3.87,34,0.14,0.09,0.03,-0.02,,0.24
César Eduardo Miño Amarilla,Club Guaraní,"División Profesional, Paraguay",2026,309,Right Midfielder,Paraguay,19,30/05/07,0.29,0.29,0.19,0.08,2.33,13,38,4,,0.16,0.58,0.21,1.17,0.58,0.2,0.87,0,0,0.29,0.87,0.4,3.5,0.48,1.75,0.58,1.17,33,2.04,0,1.75,2.33,0.29,0.28,0.87,1,13.69,5.24,0,2.91,51.97,10.2,6.7,0.29,0.58,50,0.26,0.54,1.46,0,0.29,75,1.75,0,11.95,14.12,2.91,3.5,1.17,56.05,6.7,56,2.62,75,0,0,0,24.77,58,1.17,67,27,1.46,3.79,25,61,3,62.37,3.2,0.46,0.57,23.89,87,5.99,8.16,1.17,1.17,0,0.29,1.46,2.62,0,50,0.58,25,0,18,70,12,21,61,18,21.04,18.35,0.83,76,-2.7,17.47,13.89,0,0,0,0,0,,0,0,,0,0,0,0,0,0,29,9,3.55,24,0.08,0.09,-0.01,-0.07,,0.08
César Iván Benítez León,Sportivo Trinidense,"División Profesional, Paraguay",2026,1614,Left Centre Back,Paraguay,36,21/05/90,0,0,0.01,0.05,0.28,0,0,0,,0,0,0.01,0.11,0,0.01,0.11,0,0,0,0,0.03,0.39,-0.03,0,0,0,,0.39,0,0.22,0.06,0.95,0.6,4.24,3.18,7.86,3.4,0.05,5.07,25.57,11.71,1.84,0.84,1.78,63,0.51,1.11,0.5,46,0.5,51,1.73,0,6.52,4.51,3.12,1.23,0.33,32.12,1.12,17,0.45,36,0.11,0,0,33.52,77,4.46,11,57,5.52,6.52,15,64,-13,40.15,4.85,0.21,0.22,23.48,99,4.69,5.13,0.61,0.33,0.28,0.06,0.78,1.12,0.06,18,0.11,29,0.11,39,58,4,49,49,2,25.06,24.89,0.93,92,-0.17,23.27,22.82,0,0,0,0,0,,0,0,,0,0,0,0,0,0,28,11,4.28,30,0.09,0.04,0.05,-0.01,,0.18
César Ramírez,Club 2 de Mayo,"División Profesional, Paraguay",2026,612,Left Centre Back,Paraguay,23,08/09/03,0,0,0.01,0.06,0.15,0,0,0,,0,0,0,0.15,0,0,0.15,0,0,0,0,0.01,0.29,-0.01,0,0,0,,0.29,0,0.29,0,1.77,1.33,5.89,4.49,9.42,5.89,0.05,6.62,22.43,12.36,1.91,1.18,2.94,73,0.9,2.23,0.59,57,0.44,63,2.21,0,7.65,5.64,3.68,1.03,0.74,26.53,0,0,0,0,0.29,0,0,39.44,81,2.65,90,46,7.36,4.27,16,66,-15,36,1.62,0.13,0.13,24.87,99,4.56,1.77,0,0,0,0,0.29,0.29,0,,0,,0,34,64,2,50,50,0,24.32,26.44,0.92,92,2.12,22.41,24.22,0,0,0,0,0,,0,0,,0,0,0,0,0,0,24,7,1.52,14,0.04,0.03,0.1,0,,0.17
Dairon Mosquera,Deportivo Recoleta,"División Profesional, Paraguay",2026,672,Left Back,Colombia,34,22/06/92,0,0,0.03,0.07,0.4,0,0,0,,0,0,0.02,0.27,0,0.02,0.27,0,0,0,0,0.05,0.67,-0.05,0.67,0.27,0.4,40,0.67,0,0.67,1.34,0.94,0.82,4.42,3.96,15.27,7.37,0.03,5.89,31.62,9.78,3.48,2.68,3.62,80,2.43,3.25,1.88,38,0.67,56,1.88,0,10.72,9.09,3.88,1.88,0.54,35.29,2.81,26,0.94,50,0.13,0,0,34.29,75,2.28,90,55,5.22,3.35,14,60,-15,45.72,2.41,0.17,0.22,26.26,93,2.97,4.96,0.67,0.54,0.13,0,1.07,1.61,0,100,0.67,56,0.13,37,54,9,38,54,8,19.58,20.34,0.93,92,0.76,18.3,18.66,0,0,0,0,0,,0,0,,0,0,0,0,0,0,30,9,2.24,19,0.16,0.03,0.04,-0.03,,0.19
Dante Nicolás Campisi,Club Sportivo Luqueño,"División Profesional, Paraguay",2026,488,Goalkeeper,Argentina,30,28/10/96,0,0,0,,0,,,0,,0,0,0,0,0,0,0,0,0,0,0,0,0,0,0,0,0,,0.37,0,0,0,0,0,0,0,0,0,0,9.04,2.38,2.95,0,0,0,,0,0,0,,0,,0,0,0,0,0,0,0,,0,,0,,0,0,0,16.23,66,4.98,27,36,2.4,11.25,14,40,-26,11.01,0.74,0.11,0.11,14.76,100,5.19,0,0,0,0,0,0,0,0,,0,,0,46,54,0,,,,42.33,45.05,0.72,69,2.72,30.58,31.27,1.84,1.55,-0.3,68,73,-5,1.28,5.72,44,12.91,1.67,0,0,16.65,-3,32,1,0.7,5,0.06,0.05,,,-0.67,-0.56
Derlis Osmar Rodríguez Maciel,Cerro Porteño,"División Profesional, Paraguay",2026,323,Right Wing,Paraguay,29,17/09/97,0,0,0.09,0.1,0.84,0,33,1,,0.07,0,0.16,1.11,0,0.16,1.11,0,0,0,0,0.25,1.95,-0.25,1.67,0.56,1.11,33,2.23,0,3.34,4.45,0.56,0.58,0,0,17.82,8.91,0,5.01,58.51,7.79,4.45,2.51,3.06,100,3.35,3.94,1.11,,0,33,0.84,0,14.2,17.91,5.01,3.06,1.39,58.19,9.19,65,2.23,73,0.28,0,0,32.29,68,1.11,15,100,0.28,0.84,28,64,-4,62.2,3.62,0.58,0.6,32.29,80,5.81,10.3,1.95,1.95,0,1.11,4.73,6.68,0,14,0.84,30,1.39,19,64,17,35,54,11,15.16,13.86,1.02,92,-1.3,15.48,12.77,0,0,0,0,0,,0,0,,0,0,0,0,0,0,36,14,3.73,33,-0.02,0.06,0.04,-0.02,,0.07
Derlis Osmar Rodríguez Maciel,Club Guaraní,"División Profesional, Paraguay",2026,1087,Left Midfielder,Paraguay,29,17/09/97,0.25,0.25,0.07,0.05,1.49,17,44,2,,0.19,0.25,0.13,1.16,0.17,0.11,0.75,0.08,0.02,0.41,0.5,0.21,2.65,0.29,3.15,1.32,1.82,42,2.32,0,3.15,3.89,0.58,0.63,0.5,0.56,22.52,10.52,0,7.04,54.09,8.36,4.22,1.74,2.32,68,1.5,2.13,1.82,17,0.83,42,1.24,0,18.96,15.84,6.04,4.39,1.9,55.57,11.51,61,3.89,89,0.58,0,0,22.27,65,1.49,11,51,0.75,2.65,25,58,-8,62.38,4.14,0.29,0.4,26.33,75,7.3,7.95,1.57,1.08,0.5,0.41,3.31,4.39,0,16,0.75,27,0.58,21,66,13,22,67,11,18.41,14.58,0.99,99,-3.84,18.18,14.38,0,0,0,0,0,,0,0,,0,0,0,0,0,0,34,10,4.29,34,0.05,0.1,0.01,-0.01,,0.15
Diego Agustín Fernández Servín,Club Guaraní,"División Profesional, Paraguay",2026,2036,Right Midfielder,Paraguay,24,01/09/02,0.22,0.22,0.11,0.06,1.68,13,29,3,,0.16,0.18,0.2,1.99,0.13,0.15,1.33,0.04,0.06,0.66,0.4,0.31,3.67,0.09,0.8,0.35,0.44,44,1.02,0,1.33,1.59,0.27,0.22,0.71,0.57,11.14,5.08,0.01,2.92,54.51,6.1,3.54,0.75,1.02,57,0.67,0.89,0.44,29,0.57,36,1.02,0,9.95,7.44,2.3,2.12,0.57,56.76,5.88,59,1.55,73,0.18,0,0,23.17,66,1.9,85,38,1.55,4.16,20,56,-10,62.81,2.87,0.28,0.46,19.76,87,4.87,7.96,2.21,1.33,0.88,0.18,2.12,3.45,0.13,24,0.62,39,0.22,18,69,12,19,72,9,21.68,21.07,0.89,81,-0.61,19.34,17.03,0,0,0,0,0,,0,0,,0,0,0,0,0,0,34,10,5.83,44,0.14,0.05,-0.03,-0.03,,0.13
Diego Emmanuel Acosta Curtido,Club 2 de Mayo,"División Profesional, Paraguay",2026,956,Centre Forward,Paraguay,24,11/11/02,0.47,0.47,0.2,0.1,2.07,23,45,4,0,0.22,0.09,0.11,1.32,0.09,0.11,1.32,0,0,0,0.56,0.31,3.39,0.25,1.69,0.85,0.85,50,1.69,0,1.79,3.48,0.19,0.19,0.85,1.05,13.93,5.46,0,4.52,60.59,3.01,2.26,0.38,0.56,36,0.28,0.47,1.51,0,0.66,32,1.32,0,12.05,12.17,3.95,3.67,1.41,64.36,9.88,82,2.92,79,0.19,0,0,20.52,72,0.75,17,44,0.94,1.6,19,64,-7,65.05,2.92,0.21,0.48,22.41,81,4.12,9.88,0.75,0.75,0,0.47,4.61,5.37,0,13,0.09,33,0.94,18,65,17,14,70,16,16.76,15.49,0.96,88,-1.27,16.13,13.66,0,0,0,0,0,,0,0,,0,0,0,0,0,0,25,10,4.55,34,-0.05,-0.02,0.01,-0.07,,-0.14
Diego Melgarejo,Sportivo Trinidense,"División Profesional, Paraguay",2026,818,Left Back,Paraguay,30,18/09/96,0,0,0.03,0.07,0.44,0,0,1,,0,0,0.04,0.22,0,0.04,0.22,0,0,0,0,0.08,0.66,-0.08,0.77,0.55,0.22,71,1.1,0,0.55,0.55,0.77,0.57,4.4,2.78,10.34,4.4,0.01,4.51,29.54,11,3.85,1.54,2.31,64,1.1,1.67,0.99,46,0.88,73,3.63,0,7.81,6.32,2.42,1.54,0.66,35.87,1.98,25,0.66,43,0.11,0,0,26.51,62,2.31,89,42,5.28,4.62,22,58,-5,48.51,4.4,0.26,0.27,18.15,95,3.76,5.06,0.55,0.11,0.44,0.22,0.99,1.1,0,20,0.22,33,0.22,51,44,5,57,35,9,23.91,21.35,0.88,93,-2.57,21.06,19.83,0,0,0,0,0,,0,0,,0,0,0,0,0,0,43,13,2.56,20,0.12,0.03,-0.13,-0.03,,-0.01
Diego Viera,Libertad,"División Profesional, Paraguay",2026,1874,Right Centre Back,Paraguay,35,29/04/91,0,0,0.03,0.05,0.58,0,8,0,,0.01,0,0.01,0.1,0,0.01,0.1,0,0,0,0,0.04,0.67,-0.04,0,0,0,,0,0,0.19,0.05,0.77,0.91,5.96,7.43,5.81,2.74,0.06,3.7,22.66,9.32,1.59,0.72,1.49,75,0.89,1.8,0.58,67,0.24,61,2.45,0.14,4.52,5.15,1.92,1.01,0.48,29.05,0.53,12,0.29,29,0.1,0,0,48.56,89,4.61,8,70,6.92,5.67,12,74,-14,34.71,2.64,0.36,0.42,38.09,99,4.56,3.12,0.14,0.05,0.1,0.1,1.2,1.25,0,0,0,0,0.14,21,77,3,34,63,3,22.83,21.91,0.97,95,-0.93,22.06,20.86,0,0,0,0,0,,0,0,,0,0,0,0,0,0,13,5,2.95,19,0.03,0.04,0.1,-0.04,,0.14
Eduardo Delmás,Olimpia,"División Profesional, Paraguay",2026,1306,Right Midfielder,Paraguay,19,18/04/07,0.28,0.28,0.2,0.1,2,14,24,2,,0.21,0.14,0.2,1.86,0.07,0.19,1.58,0.07,0.02,0.28,0.41,0.4,3.86,0.01,1.24,0.83,0.41,67,0.55,0,1.65,2.07,0.55,0.59,0.21,0.21,18.26,8.89,0,5.58,54.26,8.4,5.44,2,2.55,69,2.55,3.14,1.03,39,0.9,33,0.96,0,15.29,19.78,4.62,4.89,1.24,54.6,9.3,61,3.86,79,0.14,0,0,31.62,75,1.31,66,49,0.55,2.34,20,76,1,61.26,3.72,0.66,0.85,26.66,89,5.48,11.44,1.58,1.17,0.41,0.62,3.51,4.68,0,30,0.83,44,0.55,16,70,13,14,76,10,17.36,14.89,0.97,102,-2.47,16.86,15.16,0,0,0,0,0,,0,0,,0,0,0,0,0,0,24,7,5.77,32,0.07,0.09,-0.04,0.02,,0.15
Eliezer Barreto,Deportivo Recoleta,"División Profesional, Paraguay",2026,451,Left Back,Paraguay,19,27/09/07,0,0,0.02,0.03,0.6,0,0,1,,0,0,0,0,0,0,0,0,0,0,0,0.02,0.6,-0.02,1.4,0.8,0.6,57,0.4,0,1,1.4,1.2,1.06,2.2,1.91,22.56,11.98,0.02,9.38,31.85,7.19,2.4,3.39,4.59,59,3.54,4.6,1,33,2.4,57,1.6,0,18.17,16.56,7.19,4.79,2.6,34.2,4.19,23,2.2,46,0,0,0,21.96,68,2,94,63,2.6,2.79,20,48,-20,49.3,2.79,0.17,0.18,19.76,91,5.04,4.39,1,0.4,0.6,0,0.6,1,0,0,0,0,0,39,53,8,36,59,5,19.28,12.88,0.99,100,-6.4,19.11,12.89,0,0,0,0,0,,0,0,,0,0,0,0,0,0,39,16,1.88,18,0.08,0.05,0.02,-0.02,,0.14
Elvio de Jesús Vera Brítez,Libertad,"División Profesional, Paraguay",2026,448,Left Midfielder,Paraguay,26,13/12/00,0.2,0.2,0.33,0.07,5.02,4,32,5,,0.48,0.2,0.25,3.01,0.2,0.25,2.81,0,0.01,0.2,0.4,0.59,8.04,-0.18,2.21,1,1.21,45,2.01,0,2.21,4.82,0.4,0.64,0,0,10.85,3.62,0,3.82,59.32,7.03,4.62,1.61,2.01,100,2.53,3.18,1.21,100,0,55,1.21,0,8.04,12.53,3.42,1.81,0.8,60.39,5.22,65,0.8,44,0,0,0,41.39,69,2.01,9,40,0.4,4.62,22,60,-9,64.45,5.22,0.67,0.94,41.79,87,5.9,16.88,3.42,3.21,0.2,0.4,6.43,9.64,0,35,1.81,45,1.21,15,65,19,12,69,19,20.42,15.73,0.9,102,-4.69,18.34,16.12,0,0,0,0,0,,0,0,,0,0,0,0,0,0,24,9,7.29,37,0.17,0.02,0.01,0.06,,0.27
Elvio de Jesús Vera Brítez,Sportivo Ameliano,"División Profesional, Paraguay",2026,1620,Centre Forward,Paraguay,26,13/12/00,0.5,0.28,0.18,0.06,3.06,9,38,5,100,0.32,0.06,0.09,0.72,0.06,0.09,0.67,0,0,0.06,0.33,0.28,3.78,0.06,1.67,1.06,0.61,63,1.83,0.06,2.11,3.39,0.28,0.26,0.17,0.18,13.11,5.28,0,3.33,62.13,5.22,2.94,0.39,0.67,50,0.46,0.73,1.06,30,0.39,35,0.89,0,11.67,11.86,2.94,2.56,0.78,63.93,9,77,2.06,80,0.17,0,0.06,25.5,72,2.56,14,64,0.89,3.28,25,66,-7,60.8,4.39,0.3,0.53,28.94,85,5.98,9.39,1.44,1.22,0.22,0.39,4.33,5.56,0.17,35,0.67,48,0.78,16,67,17,20,67,12,20.12,17.35,0.99,109,-2.77,19.96,18.87,0,0,0,0,0,,0,0,,0,0,0,0,0,0,22,9,4.29,30,0.02,0.12,0,0.08,,0.22
Elías Ezequiel Alfonso Aranda,Club 2 de Mayo,"División Profesional, Paraguay",2026,909,Right Midfielder,Paraguay,27,24/09/99,0.2,0.1,0.1,0.12,0.79,13,25,1,100,0.13,0,0.07,1.19,0,0.07,1.09,0,0,0.1,0.1,0.17,1.98,-0.07,3.66,2.18,1.48,59,0.79,0,3.86,3.66,0.59,0.78,0,0,14.06,6.83,0,3.17,52.89,6.83,4.06,0.69,1.29,47,0.62,1.4,1.19,30,0.79,40,0.99,0,12.18,11.38,2.77,3.37,0.89,52.79,6.53,54,2.18,65,0.1,0,0,30.09,73,1.48,9,63,0.59,1.78,28,68,-5,61.21,3.46,0.31,0.45,33.16,80,5.29,11.09,1.98,1.88,0.1,0.1,1.98,3.86,0.1,40,1.09,39,0.1,18,66,15,22,69,9,16.47,15.16,0.97,98,-1.31,16,14.78,0,0,0,0,0,,0,0,,0,0,0,0,0,0,27,10,4.95,42,0.04,0.05,0.01,0,,0.1
Elías Rubén Sarquis Vargas,Club Rubio Nu,"División Profesional, Paraguay",2026,317,Left Centre Forward,Paraguay,35,20/03/91,0,0,0.14,0.08,1.7,0,50,4,,0.18,0,0.03,0.85,0,0.03,0.85,0,0,0,0,0.16,2.55,-0.16,1.13,1.13,0,100,3.12,0,1.7,2.55,0.28,0.12,0.85,0.39,18.43,10.78,0,3.4,52.22,4.25,2.84,0.85,1.13,60,0.48,0.6,3.4,33,0.57,39,3.69,0,14.18,8.79,2.55,2.84,0,54.46,7.94,56,1.7,60,0,0,0,21.55,68,0.57,86,67,0.85,0.85,29,57,-11,60.79,1.98,0.17,0.27,17.01,80,4.92,7.66,0.57,0.57,0,0,4.25,4.82,0,0,0,,0.57,22,67,12,15,70,15,14.42,13.76,0.99,110,-0.66,14.25,15.14,0,0,0,0,0,,0,0,,0,0,0,0,0,0,32,15,2.47,15,-0.07,0,-0.01,0,,-0.08
Estivel Iván Moreira Benítez,Sportivo Ameliano,"División Profesional, Paraguay",2026,883,Right Defensive Midfielder,Paraguay,27,15/04/99,0.41,0.41,0.1,0.07,1.32,31,38,1,,0.22,0,0.03,0.61,0,0.03,0.61,0,0,0,0.41,0.13,1.94,0.28,0.92,0.71,0.2,78,1.63,0,1.12,1.02,0.71,0.85,2.14,2.5,17.42,8.05,0,6.11,38.31,9.98,4.07,2.04,2.75,77,2.47,3.33,1.12,50,0.61,50,1.94,0,14.26,16.38,4.79,2.95,1.32,40.89,4.28,30,1.22,41,0.41,0,0,40.95,83,3.77,8,84,2.65,3.97,18,76,-6,46.86,5.4,0.39,0.44,34.02,95,5.47,7.95,0.61,0.61,0,0,1.32,1.94,0.1,0,0,0,0,17,70,13,26,69,5,20.82,17.87,1.02,108,-2.95,21.29,19.22,0,0,0,0,0,,0,0,,0,0,0,0,0,0,18,6,5.48,32,0.04,0.08,0.03,0.14,,0.29
Estiven Osmar Pérez Yegros,Club Rubio Nu,"División Profesional, Paraguay",2026,1669,Centre Forward,Paraguay,26,04/08/00,0.43,0.32,0.36,0.12,3.13,10,41,7,67,0.37,0,0.05,0.81,0,0.05,0.81,0,0,0,0.32,0.41,3.94,-0.09,0.54,0.32,0.22,60,0.81,0.05,0.86,1.73,0.11,0.07,0.7,0.58,17.42,6.36,0.01,3.88,65.36,3.29,2.32,0.59,0.7,55,0.51,0.57,1.08,18,0.49,52,5.12,0,15.75,13.23,3.67,3.78,0.92,67.71,13.11,83,3.4,90,0.11,0,0,17.75,61,0.81,9,75,0.92,0.86,34,55,-7,61.85,1.4,0.37,0.61,11.06,83,3.83,5.72,0.65,0.65,0,0.43,8.58,9.22,0.05,17,0.27,36,0.7,21,61,18,13,71,16,16,14.84,1.04,101,-1.16,16.56,15.02,0,0,0,0,0,,0,0,,0,0,0,0,0,0,38,8,3.43,21,0,0.05,0.01,0.05,,0.11
Estiven Villalba,Libertad,"División Profesional, Paraguay",2026,975,Right Back,Paraguay,18,03/06/08,0,0,0.06,0.08,0.74,0,38,1,,0.03,0,0.04,0.83,0,0.03,0.65,0,0.02,0.18,0,0.1,1.57,-0.1,1.57,1.02,0.55,65,0.46,0,1.11,1.02,0.92,0.94,2.12,2.35,11.17,4.89,0.01,5.35,34.35,9.88,3.79,1.2,2.12,72,1.05,1.99,0.55,67,0.46,29,0.37,0,9.42,9.94,3.69,1.57,0.55,39.16,2.95,31,0.92,59,0.18,0,0,33.33,68,3.79,10,50,3.14,6.55,11,62,-6,50.76,4.99,0.38,0.45,29.73,94,6.4,8.68,1.57,1.11,0.46,0.18,0.92,2.03,0,35,0.83,28,0.18,32,57,11,31,55,14,22.8,22.96,0.92,95,0.17,20.99,21.8,0,0,0,0,0,,0,0,,0,0,0,0,0,0,27,9,5.21,36,0.13,0.11,0.02,-0.01,,0.25
F.Díaz,Club Nacional,"División Profesional, Paraguay",2026,957,Left Back,Paraguay,25,27/02/01,0,0,0.01,0.04,0.28,0,0,0,,0,0,0.03,0.47,0,0.03,0.47,0,0,0,0,0.04,0.75,-0.04,0.56,0.47,0.09,83,0.28,0,0.75,0.85,1.22,0.96,2.92,3.17,10.82,4.99,0.05,4.61,35.3,8.37,2.63,1.98,3.2,91,2.46,3.42,0.94,75,0.19,42,1.32,0,7.9,9.36,2.73,2.16,0.66,40.21,2.73,35,1.13,52,0.09,0,0,36.31,74,2.92,86,44,4.14,5.36,12,69,-5,48.32,4.8,0.24,0.28,28.69,95,4.58,7.15,0.66,0.38,0.28,0,0.56,0.94,0,43,0.38,22,0.09,35,56,9,29,61,11,20.79,22.18,0.9,90,1.39,18.71,19.94,0,0,0,0,0,,0,0,,0,0,0,0,0,0,27,9,4.22,29,0.1,0.06,0.13,-0.01,,0.27
Fabricio Domínguez,Cerro Porteño,"División Profesional, Paraguay",2026,1351,Right Back,Uruguay,28,23/06/98,0.07,0.07,0.05,0.09,0.53,13,25,1,,0,0.07,0.09,1.47,0.07,0.09,1.47,0,0,0,0.13,0.13,2,0,1.53,1,0.53,65,1.4,0,1.13,1.67,2,2.55,1.93,2.13,16.66,7.06,0.03,6.4,41.17,8.33,3.93,2.53,4.53,61,3.04,5.59,1.27,15,1.6,50,0.93,0,12.99,15.7,4.8,4,1.27,44.08,5.26,41,2.87,72,0.4,0,0,37.92,71,2.8,15,44,2.67,5.66,15,62,-9,53.36,5,0.41,0.49,33.38,94,4.77,10.6,1.8,1.67,0.13,0.07,1.73,3.4,0,56,1.13,45,0.13,26,65,9,22,70,8,20.79,16.78,0.89,103,-4,18.5,17.33,0,0,0,0,0,,0,0,,0,0,0,0,0,0,27,9,5.72,36,0.09,0.07,0.01,-0.03,,0.14
Fabrizio Baruja Alderete,Sportivo Trinidense,"División Profesional, Paraguay",2026,336,Right Midfielder,Paraguay,20,11/08/06,0,0,0.02,0.02,0.8,0,33,2,,0.02,0.27,0.05,1.07,0.27,0.04,0.8,0,0.01,0.27,0.27,0.07,1.88,0.2,0.8,0.27,0.54,33,1.07,0,1.34,1.07,1.34,0.43,1.34,0.93,28.41,14.21,0.02,8.04,39.23,8.58,5.09,2.95,4.29,69,2.09,2.52,3.48,50,1.34,50,0.8,0,21.98,14.85,7.24,5.09,1.88,42.27,7.51,34,3.22,63,1.07,0,0,24.66,64,1.88,24,32,2.14,5.09,19,57,-7,51.93,3.22,0.12,0.14,22.52,90,5.49,4.29,1.61,0.8,0.8,0,0,0.8,0,17,0.27,20,0,21,67,11,19,69,13,22.54,21.58,0.87,91,-0.96,19.52,19.71,0,0,0,0,0,,0,0,,0,0,0,0,0,0,32,9,7.05,50,0.01,0.04,0.03,-0.02,,0.06
Fabrizio Jesús Jara Ledesma,Club Nacional,"División Profesional, Paraguay",2026,2070,Right Defensive Midfielder,Paraguay,24,18/08/02,0,0,0.02,0.04,0.52,0,8,1,,0.01,0.09,0.09,1.17,0.09,0.09,1.17,0,0,0,0.09,0.11,1.7,-0.02,0.96,0.7,0.26,73,0.57,0,1.13,1,0.65,0.67,0.87,0.81,20.22,10,0.01,7.3,45.97,13.52,6.61,2.52,3.17,78,2.62,3.29,1.17,27,0.7,39,0.91,0,16.61,16.88,5.96,6.04,2.22,47.11,7.48,45,3.91,65,0.04,0,0,49.65,78,3.83,13,61,1.65,5.52,16,70,-7,49.4,5.91,0.48,0.52,38.22,95,4.43,10.56,0.87,0.83,0.04,0.26,0.83,1.65,0.09,30,0.26,30,0.3,23,67,10,24,70,6,20.98,18.94,0.97,98,-2.03,20.36,18.47,0,0,0,0,0,,0,0,,0,0,0,0,0,0,22,8,6.26,42,0.05,0.1,0.02,-0.02,,0.15
Fabrizio Peralta,Cerro Porteño,"División Profesional, Paraguay",2026,547,Centre Defensive Midfielder,Paraguay,24,01/08/02,0,0,0.09,0.08,1.15,0,14,0,,0,0.16,0.04,0.66,0.16,0.04,0.66,0,0,0,0.16,0.13,1.81,0.03,0.99,0.82,0.16,83,0.66,0,0.33,0.99,0.99,1.25,3.78,4.66,19.24,9.7,0.05,6.91,39.97,18.58,7.73,1.15,2.14,50,1.52,2.77,1.97,44,1.15,68,3.78,0,16.11,20.34,5.1,4.28,1.32,41.84,4.77,30,2.3,54,0.16,0,0,59.19,78,4.77,12,60,4.44,7.23,16,69,-9,47.23,7.23,0.7,0.76,41.27,98,4.17,10.69,0.33,0.33,0,0,1.15,1.48,0,50,0.33,67,0,25,67,8,34,58,8,20.74,16.3,0.94,105,-4.45,19.58,17.09,0,0,0,0,0,,0,0,,0,0,0,0,0,0,24,8,6.17,37,0.03,0.07,-0.1,-0.09,,-0.08
Facundo Echeguren,Deportivo Recoleta,"División Profesional, Paraguay",2026,1766,Right Back,Paraguay,23,23/10/03,0,0,0.02,0.21,0.1,0,50,0,,0.02,0,0.06,0.71,0,0.06,0.66,0,0,0.05,0,0.08,0.82,-0.08,1.12,0.76,0.36,68,0.41,0,1.27,1.33,0.87,0.95,2.09,1.97,18.71,9.48,0.02,6.93,33.74,6.32,1.99,2.8,3.67,76,3,3.95,1.22,64,0.87,45,1.38,0,14.68,15.04,5.25,2.91,1.27,37.4,4.13,28,1.58,54,0.25,0.05,0,27.32,74,1.53,12,51,2.6,2.5,14,60,-15,53.54,3.21,0.28,0.35,23.5,90,3.79,6.88,0.76,0.56,0.2,0.31,1.12,1.68,0,33,0.36,21,0.31,28,57,15,30,53,17,18.33,17.63,0.96,103,-0.7,17.63,18.23,0,0,0,0,0,,0,0,,0,0,0,0,0,0,29,11,3.91,31,0.07,0.02,0.02,0.01,,0.13
Facundo Wiechniak,Club Sportivo Luqueño,"División Profesional, Paraguay",2026,2296,Right Centre Back,Argentina,24,26/08/02,0,0,0.01,0.05,0.27,0,29,0,,0.01,0,0.01,0.12,0,0.01,0.12,0,0,0,0,0.02,0.39,-0.02,0.16,0.08,0.08,50,0.78,0,0.12,0.16,1.14,1.14,4.9,3.86,8.54,3.84,0.06,6.04,22.01,9.41,1.37,1.25,2.39,80,1.02,2.16,0.59,47,0.31,47,1.88,0.04,6.74,6.36,3.68,1.21,0.67,25.56,0.78,12,0.31,26,0.04,0,0,38.72,84,3.8,9,63,5.92,5.06,12,68,-16,34.72,1.53,0.17,0.17,30.02,99,5.17,1.61,0.12,0.12,0,0.04,0.55,0.67,0,0,0,0,0.04,21,76,3,44,56,0,24.31,25.19,0.97,98,0.88,23.5,24.73,0,0,0,0,0,,0,0,,0,0,0,0,0,0,19,7,2.78,20,0.01,0.05,0.02,-0.02,,0.07
Federico Alfredo Cristóforo Pepe,San Lorenzo,"División Profesional, Paraguay",2026,1432,Goalkeeper,Uruguay,37,18/09/89,0,0,0,,0,,,0,,0,0,0,0,0,0,0,0,0,0,0,0,0,0,0.06,0.06,0,100,0.13,0,0,0,0,0,0.06,0.05,0.19,0.06,0,6.79,3,2.77,0.06,0,0,0,0,0,0,33,0.13,,0,0,0.19,0.09,0.06,0,0,5.74,0,0,0,,0,0,0,15.84,61,6.54,5,40,1.95,14.52,10,48,-14,12.18,2.26,0.06,0.06,14.14,100,5.27,0.94,0,0,0,0,0,0,0,,0,,0,61,39,0,100,0,0,49.89,51.73,0.75,73,1.84,37.39,37.57,1.82,1.49,-0.33,56,64,-8,1.46,4.15,36,11.5,2.21,0.19,0.19,16.08,-1,37,3,1.37,10,0.1,0.07,-0.03,,-0.31,-0.17
Federico Carrizo,Libertad,"División Profesional, Paraguay",2026,1564,Centre Attacking Midfielder,Argentina,35,16/05/91,0.23,0.23,0.1,0.08,1.38,17,38,1,,0.23,0.17,0.15,1.84,0.12,0.1,1.32,0.06,0.05,0.52,0.4,0.26,3.22,0.15,0.81,0.4,0.4,50,1.32,0,1.15,1.84,0.81,1.21,0.69,0.86,13.06,6.96,0.01,5.01,49.46,8,3.74,0.86,1.67,65,1.03,2.25,0.58,42,0.46,45,0.29,0,11.68,14.16,3.68,2.65,0.81,52.37,7.02,60,2.19,83,0.12,0,0,53.35,81,5.18,16,58,1.84,7.83,16,88,7,53.28,7.71,0.48,0.56,48.23,95,5.03,13.93,2.01,1.44,0.58,0,0.63,2.07,0.17,6,0.17,19,0.06,22,67,11,30,62,7,21.11,18.42,0.93,98,-2.69,19.56,17.97,0,0,0,0,0,,0,0,,0,0,0,0,0,0,20,8,7.56,48,0.05,0.06,0.03,0.05,,0.19
Fernando Benitez,Club Sportivo Luqueño,"División Profesional, Paraguay",2026,893,Centre Defensive Midfielder,Paraguay,27,03/06/99,0,0,0,0.03,0.1,0,100,0,,0.02,0,0.02,0.3,0,0.02,0.3,0,0,0,0,0.02,0.4,-0.02,0.71,0.5,0.2,71,1.21,0,0.5,1.01,1.51,1.49,2.12,1.65,18.86,9.78,0.03,6.05,36.17,13.21,4.54,2.12,3.63,78,2.22,3.71,1.71,33,0.6,61,1.92,0,15.02,13.21,4.64,3.02,1.21,40.28,4.74,32,1.71,57,0.5,0,0,39.83,86,3.13,10,63,2.92,4.13,16,75,-10,45.82,3.93,0.23,0.25,28.94,95,5.07,5.65,0.2,0.2,0,0.2,0.71,0.91,0,0,0,0,0.2,23,71,6,32,63,5,20.3,18.52,0.95,96,-1.78,19.29,17.8,0,0,0,0,0,,0,0,,0,0,0,0,0,0,17,7,3.48,27,0.04,0.05,0.06,0.01,,0.16
Fernando Cardozo,Olimpia,"División Profesional, Paraguay",2026,826,Right Midfielder,Paraguay,25,07/02/01,0.11,0.11,0.11,0.07,1.42,8,23,1,,0.05,0.22,0.06,0.87,0.22,0.06,0.76,0,0,0.11,0.33,0.16,2.29,0.16,2.83,1.31,1.53,46,0.54,0,1.85,3.16,1.09,1.17,1.42,1.93,17.54,8.5,0.02,4.9,49.17,8.5,4.03,1.63,2.72,71,1.78,2.95,1.96,44,0.65,56,1.96,0,13.95,16.07,3.92,3.16,0.98,52.57,7.95,57,2.51,79,0.33,0,0,41.73,75,3.49,25,56,2.62,5.01,18,61,-13,53.21,4.69,0.37,0.43,39.01,89,4.96,11.33,0.65,0.65,0,0.22,2.62,3.27,0,33,0.44,24,0.22,23,66,11,32,57,12,20.33,18.7,0.97,112,-1.63,19.64,20.97,0,0,0,0,0,,0,0,,0,0,0,0,0,0,24,7,5.13,30,0.04,0.08,0.03,-0.04,,0.1
Fernando Cáceres,Club 2 de Mayo,"División Profesional, Paraguay",2026,870,Centre Forward,Paraguay,30,30/07/96,0.62,0.62,0.34,0.14,2.48,25,46,6,,0.48,0,0.02,0.72,0,0.02,0.72,0,0,0,0.62,0.37,3.21,0.26,0.62,0.21,0.41,33,1.45,0,2.17,2.69,0.21,0.29,0.31,0.28,15.21,5.48,0.01,3.52,65.44,3.93,2.28,0.41,0.62,80,0.46,0.75,1.35,50,0.1,35,1.66,0,13.45,14.85,3.41,2.69,1.14,67.9,10.76,80,2.07,77,0.31,0,0,16.66,69,0.52,15,63,0.41,0.72,36,65,-4,59.94,1.76,0.2,0.47,16.66,73,4.05,6,0.31,0.31,0,0.31,5.69,6,0,33,0.1,33,0.62,18,61,21,17,60,22,14.32,12.37,1.06,102,-1.95,15.23,12.66,0,0,0,0,0,,0,0,,0,0,0,0,0,0,30,11,3.27,23,-0.03,0,0.02,0.14,,0.13
Fernando Fernández,Club Guaraní,"División Profesional, Paraguay",2026,919,Centre Forward,Paraguay,34,07/01/92,0.2,0.2,0.17,0.1,1.76,11,44,4,,0.24,0.1,0.08,1.27,0.1,0.08,1.27,0,0,0,0.29,0.25,3.03,0.04,0.1,0,0.1,0,0.98,0,0.49,1.17,0,0,0.69,0.57,16.64,7.44,0,3.72,58.74,4.5,2.94,0.78,0.78,57,0.72,0.72,0.49,0,0.59,26,0.78,0,15.37,14.19,3.33,2.45,0.78,61.61,10.87,71,1.96,80,0,0,0,19.97,73,1.66,14,55,1.27,2.45,22,65,-8,55.82,2.55,0.22,0.4,15.47,94,3.24,5.38,0.88,0.88,0,0.29,3.62,4.5,0.1,11,0.2,50,0.39,19,67,14,16,78,5,19.68,16.47,0.96,91,-3.22,18.95,15.03,0,0,0,0,0,,0,0,,0,0,0,0,0,0,25,8,3.75,31,-0.04,0.04,0.01,-0.02,,-0.01
Fernando Galeano,Deportivo Recoleta,"División Profesional, Paraguay",2026,534,Right Defensive Midfielder,Paraguay,27,05/05/99,0,0,0.01,0.01,1.18,0,14,2,,0,0,0.04,1.01,0,0.03,0.84,0,0.01,0.17,0,0.05,2.19,-0.05,0.84,0.84,0,100,2.53,0,1.18,0.84,0.17,0.13,1.86,1.73,16.19,9.61,0.01,6.24,40.11,12.82,5.23,2.02,2.19,57,1.65,1.78,1.18,27,1.52,50,1.18,0.17,12.99,10.21,4.72,3.04,1.35,43.09,4.05,31,2.02,67,0.17,0,0,33.9,72,2.53,8,44,2.02,5.57,16,56,-16,49.95,5.06,0.3,0.31,29.18,94,4.68,8.27,0.84,0.51,0.34,0.34,0.84,1.35,0,80,0.84,63,0.17,31,63,6,37,59,4,21.72,17.96,0.9,88,-3.75,19.45,15.72,0,0,0,0,0,,0,0,,0,0,0,0,0,0,27,7,4.57,33,0.03,0.08,0.04,-0.03,,0.12
Fernando Martínez Rojas,Club Rubio Nu,"División Profesional, Paraguay",2026,1810,Right Defensive Midfielder,Paraguay,32,12/05/94,0.05,0.05,0.05,0.11,0.45,11,22,1,,0.04,0.05,0.08,0.4,0.05,0.08,0.4,0,0,0,0.1,0.12,0.85,-0.02,0.45,0.3,0.15,67,1.14,0,0.75,0.75,0.85,0.57,3.08,2.16,18.75,9.75,0.05,6.27,39.3,11.34,4.97,1.74,2.59,81,1.2,1.77,1.44,67,0.4,50,1.29,0.05,15.57,11.45,4.43,3.88,0.94,43.96,5.37,35,2.19,56,0.15,0,0.05,36.9,79,4.13,23,72,3.78,5.02,21,78,-1,46.84,4.18,0.31,0.34,26.31,95,3.44,6.42,0.2,0.2,0,0.05,0.55,0.75,0.1,0,0,0,0.1,23,69,9,26,70,5,21.79,17.78,0.99,106,-4.01,21.67,18.93,0,0,0,0,0,,0,0,,0,0,0,0,0,0,24,7,3.28,25,0.01,0.07,0.02,-0.01,,0.09
Fernando Raúl Romero González,Sportivo Trinidense,"División Profesional, Paraguay",2026,1327,Right Centre Forward,Paraguay,26,23/04/00,0.47,0.34,0.45,0.17,2.64,13,41,6,100,0.46,0.07,0.1,0.88,0.07,0.1,0.88,0,0,0,0.41,0.55,3.53,-0.14,0.54,0.14,0.41,25,0.95,0,0.81,2.92,0.47,0.29,0.75,0.41,15.8,6.17,0,3.8,61.04,3.8,2.03,0.54,1.02,89,0.27,0.56,1.02,0,0.07,33,1.56,0,14.24,8.8,3.12,2.78,0.54,63.85,10.98,77,2.44,88,0,0,0,15.59,67,0.54,12,47,0.88,1.02,31,58,-8,63.28,1.22,0.39,0.75,14.51,83,4.23,6.31,0.47,0.47,0,0.27,7.53,8,0.14,43,0.34,50,0.68,17,59,24,9,70,22,16.23,13.37,0.97,106,-2.86,15.67,14.17,0,0,0,0,0,,0,0,,0,0,0,0,0,0,36,16,3.51,25,-0.05,-0.01,0.04,0.1,,0.09
Francisco Mongelos,Club Sportivo Luqueño,"División Profesional, Paraguay",2026,735,Goalkeeper,Paraguay,21,15/02/05,0,0,0,,0,,,0,,0,0,0,0,0,0,0,0,0,0,0,0,0,0,0,0,0,,0.49,0,0,0,0,0,0,0,0,0,0,8.57,2.47,4.53,0,0,0,,0,0,0,,0,,0,0,0,0,0,0,0,,0,,0,,0,0,0,16.41,55,4.78,19,28,1.59,15.43,9,48,-7,12.09,1.35,0.04,0.04,15.8,100,6.61,0.61,0,0,0,0,0,0,0,,0,,0,54,46,0,100,0,0,48.38,46.23,0.69,83,-2.14,33.21,38.16,1.22,1.13,-0.1,72,74,-2,1.25,4.41,31,14.21,1.84,0.12,0.12,19.14,-1,41,3,0.34,3,0.09,0.1,0.01,,-0.27,-0.08
Franco Alfonso,Olimpia,"División Profesional, Paraguay",2026,544,Left Midfielder,Argentina,24,03/05/02,0.33,0.33,0.12,0.09,1.32,25,38,1,,0.39,0.33,0.12,1.82,0.33,0.12,1.49,0,0.01,0.33,0.66,0.24,3.14,0.42,1.99,0.5,1.49,25,2.65,0,1.16,2.65,0.5,0.56,0.17,0.21,19.86,10.26,0,5.3,53.93,9.27,5.96,2.32,2.81,67,2.95,3.5,1.49,36,1.16,27,0.5,0,16.05,19.55,4.8,5.13,1.99,54.1,8.77,55,3.64,71,0.33,0,0,33.43,80,1.99,11,67,0.5,2.65,20,72,-8,57.46,3.81,0.46,0.58,33.76,89,5.58,10.26,1.32,0.83,0.5,0.33,3.64,4.47,0.17,38,0.66,22,0.33,13,69,18,18,69,13,18.48,13.46,0.99,117,-5.01,18.34,15.8,0,0,0,0,0,,0,0,,0,0,0,0,0,0,21,7,6.27,39,0.05,0.08,0.01,0.14,,0.28
Franco Ezequiel Aragón,San Lorenzo,"División Profesional, Paraguay",2026,316,Left Defensive Midfielder,Argentina,32,03/05/94,0,0,0.05,0.02,2.85,0,10,2,,0,0,0.02,0.85,0,0.02,0.85,0,0,0,0,0.08,3.7,-0.08,0.28,0.28,0,100,0.28,0,0.57,0,0.57,0.39,1.14,1.11,16.22,8.82,0,5.98,37.88,12.24,5.41,1.71,2.28,67,1.29,1.69,0.85,0,0.85,50,0.57,0,14.23,10.65,5.41,2.85,1.42,39.92,3.98,28,2.56,90,0,0,0,64.59,81,7.97,10,64,2.28,11.38,11,81,0,48.56,11.38,0.14,0.18,54.35,99,4.79,14.23,0.85,0.85,0,0,0.57,1.42,0,33,0.57,50,0,22,70,8,16,78,6,23.85,23.58,0.96,99,-0.27,22.98,23.36,0,0,0,0,0,,0,0,,0,0,0,0,0,0,24,8,4.69,48,0.05,0.09,0.06,-0.08,,0.13
Franco Fragueda,Club Rubio Nu,"División Profesional, Paraguay",2026,1882,Goalkeeper,Argentina,26,24/07/00,0,0,0,,0,,,0,,0,0,0,0,0,0,0,0,0,0,0,0,0,0,0,0,0,,0.24,0,0,0.05,0,0,0,0,0.14,0.1,0,6.55,3.14,3.83,0,0,0,0,0,0,0.1,0,0.05,,0,0.1,0.05,0.04,0,0,0,8.22,0,0,0,,0.05,0,0,13.29,61,5.55,9,38,1.39,13.34,7,44,-16,11.18,1.48,0.09,0.09,11.91,99,7.06,0.57,0,0,0,0,0,0,0,,0,,0,58,42,0,92,8,0,47.86,54.62,0.74,80,6.76,35.6,43.59,0.77,0.83,0.06,72,70,2,0.94,2.73,26,10.57,1.88,0.1,0.05,15.56,3,36,3,1.12,8,0.1,0.05,0,,0.2,0.35
Fredy Vera,Sportivo Ameliano,"División Profesional, Paraguay",2026,973,Right Midfielder,Paraguay,28,11/06/98,0,0,0.15,0.12,1.3,0,36,3,,0.13,0.09,0.17,1.76,0.09,0.16,1.48,0,0.02,0.28,0.09,0.33,3.05,-0.23,1.2,0.65,0.56,54,0.65,0,1.67,2.13,0.37,0.32,0.93,0.99,13.88,7.59,0,3.7,51.01,4.26,2.04,1.85,2.22,77,2.06,2.38,0.28,45,0.56,52,1.02,0,11.75,11.89,2.96,1.94,0.37,53.61,6.66,57,1.57,81,0,0,0,19.89,60,2.41,15,55,1.3,3.98,19,56,-4,62.82,2.5,0.32,0.5,18.97,84,6.12,6.2,1.76,1.2,0.56,0.56,3.7,4.9,0.09,42,1.3,29,1.02,15,74,10,19,73,7,22.4,16.74,0.94,100,-5.66,21.01,16.78,0,0,0,0,0,,0,0,,0,0,0,0,0,0,34,10,6.88,40,0.18,0.05,0.04,0.05,,0.31
Félix Jesús María Llano Centurión,Club Guaraní,"División Profesional, Paraguay",2026,1057,Right Centre Midfielder,Paraguay,25,30/06/01,0.09,0.09,0.13,0.11,1.19,7,29,2,,0.12,0.17,0.07,1.28,0.17,0.06,1.02,0,0.01,0.26,0.26,0.2,2.47,0.05,0.77,0.51,0.26,67,2.13,0,1.02,1.19,0.43,0.29,0.34,0.21,20.85,10.89,0,5.62,52.53,6.72,3.92,0.85,1.28,43,0.71,1,1.45,32,1.11,61,1.87,0,18.64,15.78,4.77,5.45,1.79,53.24,10.81,58,3.92,72,0.17,0,0,26.9,74,1.11,17,46,1.11,1.62,33,73,-1,55.11,2.98,0.31,0.37,22.47,92,4.58,7.06,0.51,0.26,0.26,0.77,4.68,4.94,0.09,17,0.26,33,1.11,23,64,13,31,55,13,17.19,17.49,0.98,102,0.3,16.82,17.78,0,0,0,0,0,,0,0,,0,0,0,0,0,0,27,11,3.34,24,-0.01,0.04,0.02,-0.02,,0.04
Gaspar Servio,Club Guaraní,"División Profesional, Paraguay",2026,2476,Goalkeeper,Argentina,34,08/03/92,0.11,0,0,,0,,,0,100,0,0,0,0,0,0,0,0,0,0,0,0,0,0,0,0,0,,0.25,0,0,0,0,0,0.04,0.03,0,0,0,6.03,2.42,3.53,0,0,0,0,0,0,0,0,0.04,,0,0.04,0,0,0,0,0,,0,,0,,0.07,0,0,16.79,67,6.11,6,41,2,12.87,10,52,-15,12.88,1.89,0.09,0.09,15.37,100,6.66,0.98,0.15,0.04,0.11,0,0.11,0.15,0.04,0,0,,0,50,50,0,93,7,0,45.43,51.04,0.74,73,5.61,33.74,37.07,0.8,0.97,0.17,73,67,6,0.89,2.94,28,10.5,1.89,0.07,0.04,16.4,-2,28,2,1.16,9,0.1,0.06,0,-0.01,0.16,0.32
Gastón Giménez,Cerro Porteño,"División Profesional, Paraguay",2026,435,Centre Defensive Midfielder,Paraguay,35,26/07/91,0,0,0.03,0.03,1.03,0,0,0,,0,0,0.06,1.03,0,0.06,1.03,0,0,0,0,0.08,2.07,-0.08,1.24,1.03,0.21,83,2.07,0,1.24,1.03,2.28,3.11,0.62,0.71,16.55,8.69,0,6.41,42.52,10.14,5.38,3.1,5.38,83,3.98,7.09,0.83,40,0.62,30,0.62,0,12.62,16.33,4.76,3.52,1.45,44.27,4.76,38,1.66,47,0.41,0,0,47.59,86,5.17,86,74,1.45,6.21,16,80,-6,47.24,3.93,0.45,0.48,41.18,95,4.17,6.41,1.03,1.03,0,0,0,1.03,0.21,60,0.62,60,0,13,77,10,29,68,3,21.23,19.51,0.97,103,-1.72,20.55,20.11,0,0,0,0,0,,0,0,,0,0,0,0,0,0,14,8,4.86,33,0.07,0.06,0.04,-0.03,,0.13
Gastón Kevin Benítez Ibarra,Club Nacional,"División Profesional, Paraguay",2026,471,Left Centre Back,Paraguay,24,20/05/02,0.38,0.38,0.13,0.14,0.95,40,60,0,,0.2,0,0,0.19,0,0,0.19,0,0,0,0.38,0.13,1.15,0.25,0,0,0,,0.38,0,0.76,0.19,1.15,1.34,3.25,2.65,7.06,2.29,0.05,4.2,30.83,9.93,3.25,0.95,2.1,100,0.94,2.28,0.57,100,0,58,1.34,0.38,5.54,5.24,2.67,0.76,0.38,35.25,1.15,21,0,0,0,0,0,43.53,81,1.91,82,37,3.82,4.58,10,50,-31,35.47,2.48,0.14,0.21,33.79,97,3.62,2.67,0.76,0.19,0.57,0,1.34,1.53,0,0,0,0,0,33,63,4,50,43,7,21.06,24.27,0.91,94,3.2,19.22,22.78,0,0,0,0,0,,0,0,,0,0,0,0,0,0,20,5,2.75,22,0.05,0.03,0.11,0.08,,0.28
Gastón Olveira,Olimpia,"División Profesional, Paraguay",2026,2490,Goalkeeper,Paraguay,33,20/04/93,0,0,0,,0,,,0,,0,0,0,0.04,0,0,0.04,0,0,0,0,0,0.04,0,0,0,0,,0.29,0,0,0.07,0,0,0.04,0.03,0.14,0.04,0,5.17,2.82,4.34,0,0,0,,0,0,0.04,,0,,0,0.04,0.11,0.14,0.07,0.04,0.04,23.33,0.04,33,0.04,100,0.14,0,0,23.68,78,6.54,16,49,3.29,10.01,15,58,-20,11.93,1.12,0.18,0.18,20.35,100,5.43,0.72,0,0,0,0,0.04,0.04,0,,0,,0,41,59,0,75,25,0,37.94,47.82,0.79,83,9.88,29.93,39.91,0.61,0.61,-0.01,70,71,0,0.61,2.06,25,8.1,1.67,0.18,0.07,17.33,0,19,2,1.98,11,0.09,0.08,0,,0.09,0.26
Gatito Fernández,Cerro Porteño,"División Profesional, Paraguay",2026,336,Goalkeeper,Paraguay,38,28/03/88,0,0,0,,0,,,0,,0,0,0,0,0,0,0,0,0,0,0,0,0,0,0,0,0,,0,0,0,0,0,0,0,0,0,0,0,4.29,1.75,3.22,0,0,0,0,0,0,0,0,0.27,,0,0,0,0,0,0,0,,0,,0,,0,0,0,18.22,79,3.48,15,38,2.95,6.16,22,68,-11,8.81,0.54,0.02,0.02,16.35,100,3.61,0.27,0,0,0,0,0,0,0,,0,,0,36,64,0,100,0,0,30.59,39.22,0.71,76,8.63,21.61,29.98,0.54,0.4,-0.13,75,81,-6,0.67,2.14,27,8.04,1.73,0.27,0.27,18.13,-2,15,2,0.91,8,0.04,0.08,,,-0.24,-0.12
Giovanni Bogado,Club Sportivo Luqueño,"División Profesional, Paraguay",2026,2238,Left Defensive Midfielder,Paraguay,25,15/09/01,0.04,0.04,0.03,0.04,0.8,5,20,1,,0.02,0.12,0.12,1.69,0.04,0.07,0.84,0.08,0.06,0.84,0.16,0.16,2.49,0.01,1.13,0.68,0.44,61,1.57,0,1.21,1.13,1.17,1.05,0.8,0.73,16.21,8.85,0.02,6.11,42.7,9.89,4.06,1.65,2.82,66,1.72,2.77,0.44,36,0.84,33,0.32,0,14.12,13.9,5.03,3.3,1.17,44.44,5.47,39,1.93,59,0.16,0,0,48.43,86,5.59,7,69,1.81,7.12,20,84,-3,50.19,6.11,0.31,0.38,43.48,95,6.53,9.41,1.81,0.64,1.17,0.08,0.76,1.41,0.12,18,0.36,39,0.16,16,76,8,30,66,4,21.91,18.85,0.96,98,-3.05,21.02,18.55,0,0,0,0,0,,0,0,,0,0,0,0,0,0,16,6,6.15,45,0.05,0.09,0.06,-0.02,,0.19
Guillermo Benítez,Cerro Porteño,"División Profesional, Paraguay",2026,1046,Left Back,Argentina,33,07/12/93,0,0,0.04,0.09,0.43,0,20,0,,0.01,0.17,0.09,0.86,0.17,0.08,0.77,0,0,0.09,0.17,0.12,1.29,0.05,1.12,0.69,0.43,62,0.52,0,1.12,1.64,0.77,0.64,2.15,2.72,14.29,7.14,0.02,4.65,36.45,8.35,2.93,1.89,2.67,76,2.29,2.93,1.38,54,0.6,68,1.81,0,11.02,12.68,3.01,3.36,1.03,39.7,3.36,30,2.15,64,0.17,0,0,34.86,77,1.2,87,40,2.41,2.75,13,61,-16,50.67,2.93,0.37,0.42,28.14,92,3.84,6.71,0.95,0.77,0.17,0.34,1.55,2.32,0.09,27,0.77,36,0.43,28,60,12,24,67,9,17.55,14.98,0.93,97,-2.57,16.31,14.54,0,0,0,0,0,,0,0,,0,0,0,0,0,0,28,12,4.89,36,0.08,0.04,-0.02,-0.02,,0.09
Gustavo Aguilar,Libertad,"División Profesional, Paraguay",2026,1567,Centre Forward,Paraguay,27,13/12/99,0.17,0.17,0.3,0.13,2.41,7,38,4,,0.28,0.11,0.08,0.75,0.11,0.08,0.75,0,0,0,0.29,0.38,3.16,-0.1,0.46,0.34,0.11,75,0.86,0,1.44,1.72,0.29,0.28,0.57,0.8,16.59,8.67,0.01,4.36,62.25,3.16,1.84,0.75,1.03,68,0.83,1.1,0.92,14,0.34,50,4.36,0,14.99,17.13,4.02,4.02,1.44,64.54,11.48,77,3.39,84,0.06,0,0,18.78,71,0.98,88,77,1.03,0.8,39,60,-11,59.38,1.84,0.48,0.67,13.49,82,3.75,5.86,0.34,0.34,0,0.4,6.03,6.37,0.06,0,0,0,0.63,14,63,23,16,69,16,15.13,14.34,1.02,103,-0.79,15.39,14.81,0,0,0,0,0,,0,0,,0,0,0,0,0,0,26,8,3.43,21,0,0.01,0.03,-0.07,,-0.04
Gustavo Agustín Viera Velázquez,Sportivo Trinidense,"División Profesional, Paraguay",2026,2054,Right Defensive Midfielder,Paraguay,31,27/08/95,0.04,0.04,0.08,0.08,1.01,4,30,2,0,0.07,0.04,0.04,0.48,0.04,0.03,0.44,0,0,0.04,0.09,0.11,1.49,-0.03,0.35,0.22,0.13,63,0.96,0,0.48,0.48,1.1,0.75,1.62,1.16,20.07,10.03,0.03,6.44,43.24,12.8,6.09,1.53,2.63,65,0.97,1.73,1.4,36,0.83,36,0.83,0,17.13,11.35,5.04,4.25,1.53,46.47,7.1,41,2.67,63,0.31,0,0,32.65,71,3.11,17,50,2.63,5.17,19,62,-9,48.08,4.16,0.32,0.35,25.2,97,3.82,6.13,0.31,0.22,0.09,0.04,0.48,0.7,0.04,0,0.04,11,0,27,64,9,26,69,4,23.17,20.28,0.93,95,-2.89,21.53,19.21,0,0,0,0,0,,0,0,,0,0,0,0,0,0,27,7,4.18,29,0.01,0.07,0.02,0.01,,0.11
Gustavo Avalos,Club Rubio Nu,"División Profesional, Paraguay",2026,408,Right Defensive Midfielder,Paraguay,30,15/03/96,0,0,0.03,0.02,1.54,0,43,2,,0.03,0,0.05,0.66,0,0.03,0.44,0,0.02,0.22,0,0.08,2.21,-0.08,0.66,0.44,0.22,67,1.1,0,1.32,0.88,1.32,0.87,0.88,0.66,20.96,11.7,0,5.96,45.65,10.37,6.4,2.43,3.75,92,1.83,2.7,1.77,83,0.22,0,0,0,16.77,11.56,5.08,3.97,1.32,46.71,7.28,43,2.87,72,0.44,0,0,34.42,81,3.75,93,68,1.54,4.85,16,89,8,49.66,4.85,0.36,0.38,26.48,93,4.56,8.16,0.66,0.22,0.44,0,0.44,0.66,0.22,0,0,0,0.22,19,73,8,30,59,11,21.13,19.76,0.97,99,-1.37,20.41,19.59,0,0,0,0,0,,0,0,,0,0,0,0,0,0,23,12,5.69,44,0.01,0.06,0.02,-0.02,,0.06
Gustavo Vargas,Olimpia,"División Profesional, Paraguay",2026,1603,Right Centre Back,Paraguay,25,28/09/01,0.17,0.17,0.07,0.14,0.51,33,56,0,,0.12,0,0.02,0.45,0,0.02,0.45,0,0,0,0.17,0.09,0.95,0.08,0,0,0,,0.45,0,0.11,0.11,1.12,1.4,4.55,6.13,10.67,4.83,0.08,6.34,24.87,14.09,2.98,1.68,2.81,77,2.22,3.62,0.73,71,0.51,56,3.26,0.11,8.37,11.55,3.82,1.97,1.07,28.64,1.24,15,0.51,26,0.22,0,0.06,58.4,87,6.63,9,71,5.73,8.14,11,73,-14,37.07,6.51,0.4,0.42,45.48,100,5.57,7.19,0.34,0.34,0,0.11,1.18,1.52,0,0,0,0,0.17,27,71,2,49,49,2,23.47,23.19,0.97,100,-0.28,22.74,23.25,0,0,0,0,0,,0,0,,0,0,0,0,0,0,21,10,4.34,22,0.1,0.1,0.05,0.02,,0.28
Gustavo Velázquez,Cerro Porteño,"División Profesional, Paraguay",2026,1763,Right Centre Back,Paraguay,35,16/04/91,0,0,0.01,0.07,0.15,0,0,0,,0,0,0,0.05,0,0,0.05,0,0,0,0,0.01,0.2,-0.01,0.15,0.05,0.1,33,0.71,0,0.41,0.51,1.68,2.01,5.72,6.65,7.96,4.49,0.05,4.65,22.54,11.44,2.45,1.17,2.86,74,1.38,3.39,0.61,42,0.41,60,2.45,0,6.23,7.15,2.81,1.02,0.66,27.91,0.46,7,0.15,15,0.1,0,0,50.59,82,4.7,10,54,7.1,7.35,12,56,-26,34.86,3.52,0.49,0.5,39.06,98,5.34,3.68,0.31,0.31,0,0.05,0.56,0.87,0.05,17,0.1,67,0.05,28,70,2,40,57,3,24.46,25.69,0.93,92,1.23,22.79,23.52,0,0,0,0,0,,0,0,,0,0,0,0,0,0,18,6,3.87,26,0.05,0.04,0.1,-0.01,,0.19
Hector López,Deportivo Recoleta,"División Profesional, Paraguay",2026,918,Left Midfielder,Paraguay,20,23/02/06,0.2,0.2,0.15,0.08,1.86,11,32,3,,0.15,0,0.15,1.37,0,0.12,1.08,0,0.03,0.29,0.2,0.29,3.24,-0.1,2.06,1.18,0.88,57,2.35,0,2.45,2.94,0.39,0.2,0.59,0.62,12.94,5.98,0.01,4.8,48.51,9.22,4.22,1.27,1.67,81,1.08,1.28,0.78,50,0.29,32,0.59,0,10.88,10.87,3.63,2.94,1.08,52.34,5.69,52,2.25,77,0.2,0,0,31.08,70,3.53,80,51,1.08,6.37,17,69,-1,55.15,3.82,0.32,0.46,33.33,87,6.99,8.53,1.37,0.88,0.49,0.69,2.55,3.43,0.1,0,0.39,22,0.78,16,65,19,25,52,23,21.59,15.72,0.9,93,-5.87,19.5,14.62,0,0,0,0,0,,0,0,,0,0,0,0,0,0,27,9,5.42,37,-0.02,0.17,0.01,0.05,,0.2
Henry Riquelme,Club 2 de Mayo,"División Profesional, Paraguay",2026,418,Left Midfielder,Paraguay,19,12/05/07,0,0,0.03,0.04,0.65,0,33,1,,0.11,0,0.04,0.43,0,0.04,0.43,0,0,0,0,0.07,1.08,-0.07,0.86,0.43,0.43,50,1.08,0,0.86,2.37,0.22,0.13,0.22,0.27,12.27,6.46,0.02,2.37,53.53,3.88,2.15,0,0.22,0,0,0.13,0.86,0,0.43,0,0,0,11.41,12.05,1.94,3.23,0.86,55.34,6.67,58,2.8,87,0.22,0,0,22.17,77,1.08,18,56,0.86,1.29,20,73,-4,61.11,2.58,0.22,0.27,21.96,88,3.67,8.18,1.08,1.08,0,0.22,1.51,2.58,0,20,0.22,33,0.43,18,67,16,21,66,13,16.96,19.66,1.02,89,2.7,17.25,17.55,0,0,0,0,0,,0,0,,0,0,0,0,0,0,22,9,1.79,20,0.04,0.01,0.01,0,,0.06
Hernesto Caballero,Libertad,"División Profesional, Paraguay",2026,1170,Right Defensive Midfielder,Paraguay,35,08/04/91,0,0,0.01,0.07,0.15,0,0,0,,0,0,0.03,0.69,0,0.03,0.69,0,0,0,0,0.04,0.85,-0.04,1,0.69,0.31,69,0.38,0,0.85,1,1.15,1.2,1.62,1.77,21.69,11,0.05,6.46,37.63,10.54,4.46,2.15,3.31,70,2.32,3.53,1.54,48,0.92,51,1.38,0,18.23,18.56,4.85,4.69,1.31,39.86,4.92,27,2.54,54,0.15,0,0,43.3,84,3.23,18,61,2.46,4.46,18,75,-9,43.68,4,0.41,0.42,32.53,95,4.65,6.31,0.69,0.69,0,0,0.23,0.92,0.08,33,0.23,60,0.08,22,69,9,29,67,4,19.89,18.23,0.95,94,-1.66,18.81,17.2,0,0,0,0,0,,0,0,,0,0,0,0,0,0,18,8,4.21,31,-0.02,0.04,0.04,-0.01,,0.05
Hugo Benítez,Club Nacional,"División Profesional, Paraguay",2026,1397,Centre Forward,Paraguay,23,29/07/03,0.58,0.52,0.39,0.13,3.03,17,53,6,100,0.66,0.13,0.06,0.9,0.13,0.06,0.9,0,0,0,0.64,0.46,3.93,0.19,0.9,0.32,0.58,36,0.71,0,1.93,2.58,0.13,0.13,0.32,0.27,17.65,7.28,0,5.41,63.11,4.12,2.77,0.64,0.77,77,0.79,0.92,1.35,25,0.19,32,1.35,0,15.65,17.21,5.09,2.83,1.16,64.6,12.17,78,2.38,84,0.06,0,0,14.62,70,0.26,18,40,0.32,0.64,25,73,3,61.36,1.42,0.28,0.56,14.49,75,4.91,5.02,0.58,0.58,0,0.13,5.99,6.57,0,33,0.19,50,0.32,19,65,15,21,69,10,15.27,12.29,0.98,104,-2.98,14.93,12.76,0,0,0,0,0,,0,0,,0,0,0,0,0,0,29,8,3.2,21,-0.01,-0.02,0.01,0.23,,0.22
Hugo Fabián Franco Schlender,Sportivo Ameliano,"División Profesional, Paraguay",2026,2345,Right Back,Paraguay,28,10/10/98,0.04,0.04,0.05,0.03,1.54,3,25,1,,0.07,0.08,0.06,0.69,0.08,0.04,0.5,0,0.02,0.19,0.12,0.11,2.23,0.01,0.61,0.42,0.19,69,1.31,0.04,0.58,0.92,1.92,2.17,3.38,4.04,11.52,5.72,0.04,4.8,31.78,10.71,3.57,1.77,3.69,75,1.9,4.07,0.96,46,0.58,66,1.46,0.08,8.83,9.52,3.22,2.5,0.65,37.55,2.26,26,1.23,49,0.15,0,0,42.07,73,6.68,7,55,4.72,10.83,11,55,-17,45.88,4.84,0.27,0.33,33.51,96,3.99,6.22,1.38,0.69,0.69,0,0.77,1.46,0.15,22,0.38,24,0.12,32,63,5,35,59,6,25.43,22.15,0.92,92,-3.29,23.49,20.43,0,0,0,0,0,,0,0,,0,0,0,0,0,0,24,8,4.89,34,0.12,0.1,0.03,-0.02,,0.23
Hugo González,San Lorenzo,"División Profesional, Paraguay",2026,1245,Left Defensive Midfielder,Paraguay,27,19/09/99,0,0,0.03,0.08,0.43,0,17,1,,0,0.07,0.03,0.58,0.07,0.03,0.51,0,0,0.07,0.07,0.07,1.01,0,1.16,0.72,0.43,63,1.73,0,1.52,1.08,0.94,0.77,2.31,1.29,22.84,12.43,0.02,7.88,42.22,10.05,4.84,1.81,2.75,66,0.95,1.73,1.52,24,0.94,49,1.73,0,19.66,11.35,6.07,4.99,1.88,45.19,7.95,40,3.18,64,0,0,0,31.08,74,2.1,78,53,2.6,3.69,17,71,-4,49.93,3.61,0.26,0.27,25.37,91,4.44,6.72,0.8,0.72,0.07,0.07,1.16,1.88,0,18,0.14,40,0.29,26,64,10,18,73,9,19.57,14.88,0.95,122,-4.69,18.63,18.21,0,0,0,0,0,,0,0,,0,0,0,0,0,0,25,5,2.89,25,0.01,0.07,0.08,-0.03,,0.13
Hugo Iván Valdez Medina,Club Nacional,"División Profesional, Paraguay",2026,1840,Left Midfielder,Paraguay,31,09/06/95,0.29,0.24,0.19,0.11,1.76,14,33,2,100,0.21,0.1,0.11,1.37,0.05,0.09,1.08,0.05,0.02,0.29,0.34,0.3,3.13,0.05,1.47,0.88,0.59,60,1.47,0,1.61,2.25,0.1,0.09,0.54,0.41,16.73,7.58,0.02,4.11,49.62,6.7,3.52,1.42,1.52,66,1.46,1.55,1.37,42,0.73,50,0.64,0.05,14.04,13.1,3.77,3.23,0.83,51.94,7.63,54,2.35,73,0.2,0,0.05,31.3,75,2.2,14,55,0.93,3.62,17,67,-8,58.63,5.09,0.41,0.61,30.96,89,6.43,10.32,1.52,1.08,0.44,0.34,2.69,3.77,0.1,29,0.54,26,0.34,15,64,21,22,63,15,19.28,16.48,0.95,106,-2.8,18.25,17.42,0,0,0,0,0,,0,0,,0,0,0,0,0,0,25,9,5.83,43,0.06,0.08,0.01,0.02,,0.16
Hugo Martínez,Libertad,"División Profesional, Paraguay",2026,639,Left Defensive Midfielder,Paraguay,26,26/04/00,0,0,0.04,0.04,1.13,0,25,1,,0.03,0.14,0.07,0.85,0.14,0.02,0.42,0,0.05,0.42,0.14,0.11,1.97,0.03,0.85,0.56,0.28,67,1.97,0,1.13,1.97,1.41,1.59,1.83,2.31,18.46,10.71,0.02,6.62,44.3,13.11,6.91,2.26,3.66,76,2.81,4.4,1.13,0,0.7,46,0.85,0,15.08,18.02,5.07,3.38,1.41,45.8,6.48,43,1.69,50,0.14,0,0,43.27,78,3.81,22,59,2.26,6.06,18,75,-3,49.21,5.78,0.43,0.44,36.36,92,5.69,8.46,0.7,0.28,0.42,0,1.41,1.69,0.14,0,0,0,0.28,20,72,8,25,70,5,21.44,17.53,0.97,106,-3.91,20.78,18.52,0,0,0,0,0,,0,0,,0,0,0,0,0,0,15,4,5.84,39,0.08,0.1,0.02,0,,0.2
Hugo Quintana,Olimpia,"División Profesional, Paraguay",2026,1184,Left Centre Midfielder,Paraguay,25,09/11/01,0.15,0.15,0.17,0.07,2.36,6,32,3,,0.16,0.15,0.16,1.82,0.15,0.09,1.06,0,0.06,0.76,0.3,0.33,4.18,-0.02,1.37,1.14,0.23,83,0.68,0.08,1.37,2.2,0.23,0.28,0.08,0.07,7.98,3.12,0.01,2.89,56.74,7.14,4.64,0.68,0.91,64,0.98,1.26,0.15,50,0.38,46,0.46,0,7.14,9.05,2.36,2.66,1.29,58.03,4.48,63,1.9,71,0,0,0,38.61,78,3.12,13,62,0.91,4.18,18,78,0,59.31,6.54,0.63,0.78,35.95,93,5.99,13.53,2.13,1.22,0.91,0.84,3.57,4.79,0.15,11,0.53,35,0.84,19,69,11,24,67,9,19.76,17.28,0.97,106,-2.48,19.21,18.37,0,0,0,0,0,,0,0,,0,0,0,0,0,0,21,6,7.41,42,0.06,0.17,0,0.01,,0.25
Hugo Sandoval,Olimpia,"División Profesional, Paraguay",2026,688,Centre Forward,Paraguay,26,08/02/00,0.52,0.52,0.43,0.17,2.49,21,47,4,,0.72,0.13,0.16,0.92,0.13,0.16,0.92,0,0,0,0.65,0.59,3.4,0.06,0.26,0.26,0,100,1.31,0.26,0.65,2.49,0,0,0.26,0.4,20.16,7.46,0.02,3.4,64.34,4.58,3.27,1.31,1.31,83,1.84,1.84,1.96,33,0.26,46,4.06,0,17.02,23.81,3.14,3.27,0.79,66.07,14.4,85,3.27,100,0.26,0,0,16.36,66,0.39,17,50,0.39,0.65,30,55,-11,61.17,1.31,0.39,0.73,11,80,2.74,5.63,0.39,0.39,0,0.65,7.99,8.38,0,33,0.26,100,0.79,20,66,13,16,77,7,13.26,12.04,0.94,87,-1.22,12.45,10.52,0,0,0,0,0,,0,0,,0,0,0,0,0,0,37,9,4.07,20,-0.01,0.11,0,0.2,,0.3
Héctor Villamayor,San Lorenzo,"División Profesional, Paraguay",2026,1058,Right Midfielder,Paraguay,29,02/08/97,0,0,0.07,0.04,1.45,0,29,1,0,0.02,0.26,0.22,2.21,0,0.05,0.6,0.26,0.17,1.62,0.26,0.28,3.66,-0.03,0.34,0.09,0.26,25,0.68,0,1.02,1.62,0.85,0.65,1.11,0.99,11.99,5.87,0.01,3.15,41.39,8,3.91,0.85,1.7,50,0.69,1.34,0.94,23,0.85,43,0.85,0,10.38,8.15,2.13,3.15,0.85,46.84,4.59,44,2.13,68,0.17,0.09,0.09,32.41,80,5.7,18,74,2.13,6.72,16,71,-9,54.22,4,0.19,0.26,28.15,92,4.38,7.48,2.98,0.68,2.3,0,1.28,1.96,0.09,20,0.6,41,0,18,71,12,30,58,13,23.16,21.61,0.97,100,-1.56,22.56,21.71,0,0,0,0,0,,0,0,,0,0,0,0,0,0,20,7,6.86,50,0.13,0.05,0.06,-0.07,,0.17
Ignacio Aliseda,Cerro Porteño,"División Profesional, Paraguay",2026,1512,Left Midfielder,Argentina,26,13/03/00,0.36,0.36,0.26,0.11,2.26,16,47,4,,0.45,0.18,0.18,1.55,0.12,0.16,1.31,0.06,0.02,0.24,0.54,0.44,3.81,0.1,1.9,0.95,0.95,50,1.19,0.06,1.61,2.14,0.65,0.79,0.18,0.16,10.42,3.75,0.01,2.8,52.74,6.49,3.87,0.6,1.25,63,0.72,1.51,0.54,33,0.36,50,0.71,0,9.29,10.24,2.5,2.56,0.65,55.24,5.42,58,2.02,79,0,0,0,25.3,77,1.07,8,35,0.42,2.8,19,78,1,60.83,2.98,0.5,0.76,27.09,90,6.1,9.23,1.49,1.13,0.36,0.24,4.11,5.24,0.18,12,0.18,14,0.36,15,66,19,19,63,18,19.23,17.05,0.91,96,-2.18,17.42,16.39,0,0,0,0,0,,0,0,,0,0,0,0,0,0,22,7,4.85,29,0,0.13,0.01,0.22,,0.36
Ignacio Bailone,Club Nacional,"División Profesional, Paraguay",2026,956,Centre Forward,Argentina,32,19/01/94,0.57,0.28,0.3,0.12,2.45,12,35,7,100,0.26,0.09,0.06,0.57,0.09,0.06,0.57,0,0,0,0.38,0.36,3.01,0.02,0.57,0.19,0.38,33,1.51,0.09,0.66,1.7,0.09,0.12,0.85,0.72,13.47,5.93,0.02,3.2,61.59,2.54,1.7,0.28,0.38,75,0.34,0.46,0.75,0,0.09,47,3.58,0,12.43,12.06,2.83,2.35,0.66,64.92,9.42,76,2.17,92,0.09,0,0,15.44,62,0.47,91,45,1.04,0.85,31,52,-10,60.06,1.04,0.38,0.61,11.21,83,3.79,4.24,0.57,0.47,0.09,0.09,6.12,6.59,0,33,0.19,25,0.19,18,63,19,9,73,18,16.33,14.7,0.94,105,-1.63,15.41,15.38,0,0,0,0,0,,0,0,,0,0,0,0,0,0,37,11,2.31,14,-0.04,-0.01,-0.02,-0.03,,-0.09
Imanol Segovia,Club Guaraní,"División Profesional, Paraguay",2026,2568,Right Centre Back,Argentina,25,05/02/01,0,0,0.05,0.07,0.67,0,16,0,,0.04,0,0.01,0.14,0,0.01,0.14,0,0,0,0,0.06,0.81,-0.06,0.56,0.53,0.04,94,0.39,0,0.14,0.25,0.81,0.68,6.24,5.16,8.1,3.96,0.05,4.49,24.07,9.64,1.19,0.81,1.61,77,0.7,1.37,0.98,55,0.25,79,4.49,0.04,6.34,5.27,2.66,1.3,0.53,30.37,1.12,18,0.46,35,0.25,0,0,39.15,80,3.86,17,51,7.33,6.41,14,59,-21,34.64,1.82,0.27,0.28,29.23,99,4.73,2.21,0.11,0.11,0,0.14,2.31,2.42,0,0,0.07,67,0.18,31,66,3,54,44,2,25.02,23.69,0.91,86,-1.33,22.72,20.29,0,0,0,0,0,,0,0,,0,0,0,0,0,0,20,7,2.39,18,0.07,0.04,0.02,-0.03,,0.09
Ivan Emanuel Ramirez Ferreira,Libertad,"División Profesional, Paraguay",2026,316,Centre Forward,Paraguay,22,04/06/04,0.28,0.28,0.28,0.11,2.56,11,22,7,,0.11,0.28,0.18,0.85,0.28,0.18,0.85,0,0,0,0.57,0.46,3.42,0.11,0.28,0,0.28,0,1.14,0,2.85,3.13,0.28,0.49,0.28,0.41,16.24,7.12,0,5.7,64.37,6.55,3.99,1.42,1.71,83,1.66,2.15,1.14,75,0.28,33,0.57,0,13.68,19.63,5.7,5.13,2.56,66.76,11.11,81,4.56,89,0.28,0,0,17.1,66,1.42,8,56,0.85,1.99,28,39,-27,58.56,1.71,0.22,0.54,18.52,71,5.09,4.84,0.57,0.57,0,0.28,3.7,4.27,0,50,0.57,67,0.28,17,65,18,18,65,18,15.72,12.58,0.98,128,-3.14,15.4,16.11,0,0,0,0,0,,0,0,,0,0,0,0,0,0,34,6,1.8,10,-0.04,0.02,0.01,-0.16,,-0.17
Ivan Emanuel Ramirez Ferreira,Club Guaraní,"División Profesional, Paraguay",2026,1064,Centre Forward,Paraguay,22,04/06/04,0.17,0.17,0.14,0.08,1.78,10,29,5,,0.18,0.08,0.06,0.51,0.08,0.06,0.51,0,0,0,0.25,0.21,2.28,0.05,1.18,0.42,0.76,36,0.68,0,1.86,3.38,0.42,0.38,0.34,0.32,18.36,7.62,0.01,4.32,66.76,4.57,2.62,0.51,0.93,40,0.23,0.6,1.1,25,0.76,37,1.44,0,16.75,15.95,4.15,4.4,1.61,68.09,14.21,85,4.06,92,0.17,0,0,12.52,67,0.59,10,70,0.51,0.68,33,59,-7,62.04,1.1,0.25,0.39,14.98,73,4.52,4.23,0.59,0.59,0,0.17,3.13,3.72,0.08,29,0.25,50,0.25,17,64,19,8,70,22,15.52,12.85,1.01,95,-2.67,15.66,12.25,0,0,0,0,0,,0,0,,0,0,0,0,0,0,32,9,2.61,22,0.02,-0.01,0.03,-0.02,,0.01
Iván Franco,Libertad,"División Profesional, Paraguay",2026,992,Right Midfielder,Paraguay,26,15/04/00,0.09,0.09,0.13,0.09,1.54,6,24,2,,0.15,0.09,0.1,0.91,0.09,0.1,0.91,0,0,0,0.18,0.23,2.45,-0.05,2,0.91,1.09,45,2.09,0,2,2.54,0.91,1.2,0.36,0.44,18.88,7.62,0.02,6.9,48.15,7.99,4.45,2.18,3.09,75,2.83,4.03,1.27,54,0.73,33,1.18,0,15.43,19.76,5.36,3.99,1.45,50.16,7.72,50,2.9,73,0.18,0,0,35.4,76,1.27,14,47,1,2.09,27,73,-3,57.2,4.63,0.5,0.58,32.31,88,5.28,12.07,1,1,0,0.27,3.81,4.81,0,18,0.27,50,0.73,17,68,15,19,68,14,16.34,14.53,0.96,96,-1.8,15.76,13.96,0,0,0,0,0,,0,0,,0,0,0,0,0,0,18,7,5.09,33,0.02,0.09,0,-0.08,,0.04
Iván Leguizamón,Olimpia,"División Profesional, Paraguay",2026,686,Left Midfielder,Paraguay,24,02/07/02,0.26,0.26,0.21,0.09,2.36,11,28,4,,0.26,0,0.1,0.79,0,0.1,0.79,0,0,0,0.26,0.32,3.15,-0.05,2.49,1.57,0.92,63,2.49,0.13,2.49,2.62,0.39,0.57,0.66,0.84,18.11,7.48,0.04,4.07,56.6,6.43,4.59,1.18,1.57,60,1.66,2.23,1.97,43,0.79,14,0.26,0,14.96,20.17,3.28,3.41,0.79,57.95,9.58,64,2.62,77,0.26,0,0,25.59,75,0.66,76,38,1.18,1.18,21,74,-1,63.62,3.15,0.54,0.7,30.06,84,7.16,9.45,0.39,0.39,0,0.66,4.07,4.46,0.13,0,0.26,11,0.79,10,69,21,17,61,22,17.21,17.83,0.96,95,0.62,16.47,17.01,0,0,0,0,0,,0,0,,0,0,0,0,0,0,25,9,5.87,34,0.01,0.23,0.03,-0.01,,0.26
Iván Maggi,Club Sportivo Luqueño,"División Profesional, Paraguay",2026,2609,Centre Forward,Argentina,27,13/06/99,0.38,0.31,0.34,0.14,2.35,13,41,5,67,0.38,0.07,0.08,0.83,0.07,0.08,0.83,0,0,0,0.38,0.41,3.17,-0.04,1.45,0.79,0.66,55,0.34,0,2.31,2.83,0.34,0.31,0.79,0.68,25.52,11.45,0.01,7.04,62.77,4.48,3.35,1.1,1.45,70,0.93,1.24,1.79,30,0.48,39,2.86,0,22.66,20.66,6.14,6.28,2.04,64.96,17.66,78,5.21,83,0.21,0,0,17.28,67,0.69,28,54,1.17,0.9,33,58,-8,61.58,1.72,0.33,0.54,16.63,76,6.12,5.79,0.24,0.24,0,0.48,6,6.24,0,29,0.31,30,0.62,15,65,20,13,68,19,16.44,15.8,0.95,98,-0.64,15.65,15.45,0,0,0,0,0,,0,0,,0,0,0,0,0,0,33,8,2.93,22,-0.02,0.03,0.04,0.01,,0.07
Iván Ramírez,Libertad,"División Profesional, Paraguay",2026,1062,Right Back,Paraguay,32,07/12/94,0,0,0.03,0.04,0.68,0,38,0,,0.03,0.17,0.13,1.69,0.08,0.09,1.1,0.08,0.03,0.59,0.17,0.15,2.37,0.02,0.76,0.59,0.17,78,1.61,0,0.59,0.85,0.85,1.11,2.29,2.85,12.2,6.27,0.03,5.08,33.06,9.15,2.37,2.03,2.88,73,2.77,3.88,0.59,71,0.76,62,1.36,0.08,9.57,12.48,3.3,1.95,0.59,36.28,2.63,27,1.02,52,0.08,0,0,44.23,74,5.34,13,53,3.47,8.98,16,62,-12,47.63,5.08,0.36,0.42,38.04,97,4.25,8.98,2.37,1.36,1.02,0.08,0.85,2.2,0.08,29,1.02,32,0.17,28,60,12,30,58,12,23.15,20.3,0.9,86,-2.85,20.95,17.48,0,0,0,0,0,,0,0,,0,0,0,0,0,0,24,9,6.39,39,0.14,0.08,-0.04,-0.03,,0.16
Iván Ramírez,Cerro Porteño,"División Profesional, Paraguay",2026,595,Right Back,Paraguay,32,07/12/94,0.3,0.3,0.05,0.09,0.6,50,50,1,,0.08,0,0.06,0.6,0,0.02,0.45,0,0.03,0.15,0.3,0.11,1.21,0.19,0.91,0.6,0.3,67,2.27,0.15,1.51,2.27,1.06,0.96,1.21,1.61,11.04,4.84,0,4.08,39.79,10.74,3.48,1.66,2.72,79,1.95,2.91,1.06,63,0.45,63,1.51,0,8.62,9.3,2.72,2.42,1.21,43.59,2.87,33,1.51,63,0,0,0,47.49,78,3.18,15,44,1.97,6.5,13,62,-16,47.11,5.6,0.4,0.46,42.04,92,4.09,8.92,1.36,0.91,0.45,0.15,1.36,2.27,0,22,0.45,30,0.3,30,60,10,32,59,8,20.31,17.74,0.91,102,-2.57,18.51,18.02,0,0,0,0,0,,0,0,,0,0,0,0,0,0,22,11,4.05,25,0.15,0.16,0.02,0.03,,0.36
Iván Torres,San Lorenzo,"División Profesional, Paraguay",2026,1909,Left Back,Paraguay,35,26/02/91,0,0,0.03,0.04,0.8,0,6,1,,0,0.05,0.06,1.04,0.05,0.05,0.8,0,0.02,0.24,0.05,0.09,1.84,-0.05,1.74,1.08,0.66,62,1.04,0,1.41,1.84,1.04,0.76,1.41,1.08,9.81,4.86,0.01,3.35,37.93,7.97,3.25,0.99,2.03,64,0.82,1.58,0.57,53,0.57,34,0.66,0,8.25,6.6,2.55,1.98,0.61,41.82,3.06,37,1.18,60,0.19,0,0,37.48,75,3.06,81,54,2.12,5,15,62,-13,53.48,4.9,0.2,0.25,33.14,91,4.81,9.76,1.7,1.18,0.52,0.05,1.13,2.31,0,31,0.57,32,0.09,25,62,13,32,58,10,20.4,17.87,0.95,101,-2.53,19.36,18.13,0,0,0,0,0,,0,0,,0,0,0,0,0,0,25,8,4.41,35,0.08,0.06,0.03,-0.03,,0.14
Javier Alexandro Vallejos Fleitas,Club Rubio Nu,"División Profesional, Paraguay",2026,2317,Left Centre Back,Paraguay,22,06/01/04,0.04,0.04,0.07,0.1,0.7,6,33,0,,0.05,0.04,0.01,0.12,0.04,0.01,0.12,0,0,0,0.08,0.08,0.82,0,0.16,0.16,0,100,0.43,0.04,0.12,0.04,1.17,0.92,5.98,4.46,8.35,4.23,0.05,4.78,22.73,9.83,1.28,1.13,2.29,64,0.98,1.89,0.78,38,0.62,67,3.92,0,6.45,5.16,2.64,1.13,0.54,27.47,0.62,10,0.16,14,0.31,0,0,30.61,80,3.81,10,58,6.99,5.55,17,66,-14,34.36,1.51,0.23,0.26,20.36,99,4.57,1.67,0.23,0.19,0.04,0.08,1.75,1.94,0,17,0.04,33,0.12,29,68,3,44,56,0,25.65,23.98,0.93,97,-1.67,23.89,23.35,0,0,0,0,0,,0,0,,0,0,0,0,0,0,22,7,2.47,18,0.06,0.02,0.07,-0.03,,0.13
Jhon Sánchez,Club Guaraní,"División Profesional, Paraguay",2026,635,Left Centre Midfielder,Ecuador,27,29/07/99,0,0,0.07,0.12,0.57,0,25,1,,0.01,0,0.02,0.71,0,0.02,0.71,0,0,0,0,0.09,1.27,-0.09,0.99,0.42,0.57,43,0.71,0,1.27,1.7,0.71,0.78,1.42,1.52,16.29,8.5,0.01,6.23,48.08,6.66,2.41,1.7,2.41,80,1.56,2.34,0.85,25,0.42,56,2.12,0,14.17,13.72,5.1,2.97,1.7,51.37,7.93,56,2.27,76,0,0,0.14,30.32,72,2.12,13,54,2.12,3.26,24,58,-13,54.5,2.41,0.26,0.3,22.24,88,4.52,7.37,0.57,0.57,0,0.14,1.84,2.41,0,50,0.42,30,0.42,16,64,20,6,69,25,19.44,18.87,0.93,97,-0.57,18.14,18.32,0,0,0,0,0,,0,0,,0,0,0,0,0,0,27,11,2.34,24,0.02,0,-0.01,-0.01,,0
Jonatan Torres,Cerro Porteño,"División Profesional, Paraguay",2026,1202,Centre Forward,Argentina,30,28/12/96,0.22,0.22,0.32,0.09,3.37,7,33,5,0,0.39,0.07,0.18,1.27,0.07,0.18,1.27,0,0,0,0.3,0.5,4.64,-0.2,1.27,0.67,0.6,53,1.27,0,1.72,2.62,0,0,0.52,0.67,15.42,6.89,0.03,3.74,63.94,3.74,2.32,0.6,0.6,67,0.81,0.81,1.87,20,0.3,49,3.59,0,12.95,15.62,3.29,4.04,1.65,67.06,10.03,77,3.22,80,0.15,0,0,23.58,71,1.5,12,63,0.82,2.1,26,58,-13,60.54,2.77,0.6,0.92,20.21,87,3.96,7.78,0.67,0.67,0,0.52,6.29,6.96,0.07,33,0.45,50,0.97,16,68,16,17,70,13,17.8,15.83,1.02,112,-1.97,18.09,17.75,0,0,0,0,0,,0,0,,0,0,0,0,0,0,32,8,4.27,22,0.08,-0.04,0,0.08,,0.13
Jonathan Ariel Diaz Gimenez,Club Sportivo Luqueño,"División Profesional, Paraguay",2026,934,Right Centre Back,Paraguay,21,03/09/05,0,0,0.02,0.03,0.48,0,20,0,,0,0,0.02,0.29,0,0.02,0.29,0,0,0,0,0.04,0.77,-0.04,0.39,0.39,0,100,0.29,0,0.19,0.1,0.96,1.06,5.78,5.62,13.78,8.29,0.05,8.58,23.1,7.81,1.45,2.31,3.28,73,2.36,3.42,0.67,77,0.87,50,2.41,0,10.8,11.12,5.21,1.83,0.48,27.09,1.35,13,0.58,32,0.48,0,0,50.61,80,7.71,6,57,6.36,12.92,7,72,-8,38.66,4.24,0.3,0.31,42.03,100,5.38,4.82,0.39,0.29,0.1,0.19,1.25,1.54,0.1,0,0,0,0.19,27,70,3,30,70,0,27.66,22.26,0.9,107,-5.4,24.92,23.75,0,0,0,0,0,,0,0,,0,0,0,0,0,0,20,6,2.82,24,0.05,0.05,0.19,-0.02,,0.27
Jonathan Daniel Benítez Benítez,Sportivo Ameliano,"División Profesional, Paraguay",2026,1918,Centre Defensive Midfielder,Paraguay,25,27/01/01,0.05,0.05,0.07,0.09,0.75,6,13,0,,0.04,0.05,0.03,0.52,0.05,0.03,0.52,0,0,0,0.09,0.1,1.27,0,0.42,0.38,0.05,89,0.99,0,0.89,0.84,0.7,0.75,3.61,4.49,19.1,10.37,0.06,6.8,34.5,10.98,3.05,2.11,2.82,69,2.21,2.96,2.02,36,0.94,52,2.02,0.05,14.97,15.68,4.83,4.46,1.78,39.77,4.04,27,1.83,41,0.33,0,0,38.01,81,3.24,77,57,4.46,4.79,20,72,-8,42.16,2.53,0.25,0.33,29.52,95,4.44,3.99,0.28,0.28,0,0.05,1.31,1.6,0.09,33,0.14,75,0.14,21,70,9,22,75,2,21.52,19.32,0.93,98,-2.21,20.08,18.9,0,0,0,0,0,,0,0,,0,0,0,0,0,0,18,7,3.16,22,-0.01,0.06,-0.02,-0.04,,0
Jonathan Vidal Ramos Benitez,Club Sportivo Luqueño,"División Profesional, Paraguay",2026,807,Left Midfielder,Paraguay,19,29/08/07,0.11,0.11,0.05,0.03,1.34,8,33,3,,0.03,0.22,0.1,1.34,0.22,0.1,1.34,0,0,0,0.33,0.15,2.68,0.19,3.12,1.67,1.45,54,0.45,0,4.24,3.57,0.22,0.19,0.22,0.23,15.05,6.13,0.01,5.8,49.4,6.46,3.01,0.78,1,39,0.95,1.14,1.11,27,1.23,38,0.67,0,13.15,12.49,4.79,5.13,1.45,50.83,7.36,56,4.01,78,0.22,0,0,22.85,64,1,84,56,0.56,1.45,18,44,-20,65.9,2.01,0.22,0.27,27.87,77,7.12,7.69,0.89,0.89,0,0.33,3.23,4.12,0,88,1.34,36,0.45,20,61,19,19,58,23,16.93,13.23,1.02,130,-3.7,17.23,17.19,0,0,0,0,0,,0,0,,0,0,0,0,0,0,39,11,3.05,24,0.01,0.12,0.01,-0.05,,0.09
Jorge González,Club Rubio Nu,"División Profesional, Paraguay",2026,537,Left Centre Back,Paraguay,29,01/02/97,0,0,0.03,0.05,0.67,0,25,0,,0.02,0,0.01,0.17,0,0.01,0.17,0,0,0,0,0.04,0.84,-0.04,0.34,0.17,0.17,50,0.5,0,0,0.5,0.17,0.19,7.38,5.55,12.74,7.04,0.06,7.88,24.68,12.58,2.01,1.34,1.51,73,1.28,1.46,0.67,25,0.5,59,3.35,0,10.73,9.43,5.7,2.01,1.17,29.03,1.51,14,0.84,42,0.17,0,0,31.02,75,2.01,79,39,8.55,4.02,16,60,-15,37.95,2.01,0.17,0.19,16.43,97,4.66,1.68,0.17,0.17,0,0,1.68,1.84,0,0,0,0,0,31,65,4,40,50,10,22.53,24.11,0.87,76,1.58,19.65,18.21,0,0,0,0,0,,0,0,,0,0,0,0,0,0,29,8,2.31,18,0.02,0,0.24,-0.03,,0.23
Jorge Luis Sanguina Morínigo,Club 2 de Mayo,"División Profesional, Paraguay",2026,377,Centre Forward,Paraguay,27,01/05/99,0,0,0.1,0.08,1.19,0,20,2,,0.13,0,0.04,1.19,0,0.04,1.19,0,0,0,0,0.13,2.39,-0.13,0.95,0.48,0.48,50,2.15,0,2.15,4.06,0.24,0.1,0.95,0.83,17.89,10.5,0,4.77,63.58,2.39,0.95,0.24,0.48,17,0.1,0.2,1.67,0,1.19,45,2.39,0,15.98,9.57,4.06,1.67,0.95,66.28,12.88,81,1.67,100,0.24,0,0,18.37,65,1.19,19,50,1.19,2.15,24,55,-10,59.13,0.95,0.36,0.4,16.22,71,4.3,4.29,0.24,0.24,0,0,2.86,3.1,0,100,0.24,25,0.24,13,67,19,0,67,33,16.95,14.52,0.97,107,-2.43,16.45,15.61,0,0,0,0,0,,0,0,,0,0,0,0,0,0,25,5,3.63,37,0.05,-0.06,-0.01,0.06,,0.04
Jorge Luis Sanguina Morínigo,Sportivo Ameliano,"División Profesional, Paraguay",2026,626,Centre Forward,Paraguay,27,01/05/99,0.29,0.29,0.37,0.23,1.58,18,36,3,0,0.21,0.14,0.08,1.15,0.14,0.08,1.15,0,0,0,0.43,0.44,2.73,-0.01,0.57,0.29,0.29,50,2.59,0.29,1.29,3.31,0.29,0.32,0.57,0.58,19.11,9.77,0.01,5.17,66.24,3.74,2.44,0.57,0.86,44,0.63,0.95,1.29,17,0.72,36,2.01,0,17.39,18.36,4.45,2.73,0.72,69.4,15.09,87,2.59,95,0.14,0,0,17.1,70,0.43,24,100,0.57,0.43,23,53,-17,62.58,1.15,0.37,0.6,15.23,75,3.37,5.75,0.14,0.14,0,0.43,6.04,6.18,0,0,0,0,1.15,16,59,25,5,73,23,15.65,14.53,1,78,-1.12,15.57,11.31,0,0,0,0,0,,0,0,,0,0,0,0,0,0,27,9,3.48,24,-0.09,0.18,0.01,0.01,,0.11
Jorge Morel,Cerro Porteño,"División Profesional, Paraguay",2026,1754,Right Defensive Midfielder,Paraguay,28,21/01/98,0.26,0.26,0.18,0.09,2.1,12,34,2,,0.25,0.05,0.08,0.51,0.05,0.08,0.51,0,0,0,0.31,0.26,2.62,0.05,0.21,0.15,0.05,75,0.46,0,0.72,1.18,0.97,1.17,1.59,1.69,15.39,8.26,0.03,5.18,42.81,8.46,4.05,1.8,2.77,78,2.13,3.3,1.08,44,0.51,56,1.28,0,12.72,14.73,4.16,3.74,1.28,46.04,5.08,40,2.21,59,0.1,0,0,41.76,85,3.9,10,66,2.15,5.34,14,78,-7,46.38,4.36,0.47,0.6,33.14,96,4.98,7.08,0.56,0.51,0.05,0.05,2.67,3.18,0,18,0.26,33,0.1,19,73,9,24,69,7,21.55,19.26,0.97,99,-2.29,20.82,19.02,0,0,0,0,0,,0,0,,0,0,0,0,0,0,18,7,5.11,33,0.04,0.05,0.05,0.05,,0.19
Jorge Recalde,Libertad,"División Profesional, Paraguay",2026,480,Centre Attacking Midfielder,Paraguay,34,07/05/92,0.38,0.38,0.22,0.08,2.81,13,33,4,,0.31,0,0.03,0.75,0,0.03,0.75,0,0,0,0.38,0.24,3.57,0.13,0.56,0.19,0.38,33,1.13,0,1.13,2.63,0.38,0.41,0.56,0.63,21.39,8.44,0,5.82,56.7,5.44,3.19,1.31,1.69,58,1.48,1.89,1.69,17,0.94,60,5.07,0,18.39,20.93,5.07,4.88,1.88,57.74,12.01,65,3.75,77,0.56,0,0,28.71,70,2.06,26,61,1.5,2.44,30,59,-11,57.9,3.19,0.24,0.28,21.95,86,3.21,8.82,0.75,0.75,0,0.19,4.88,5.63,0,25,0.19,50,0.38,15,63,22,13,70,17,19.34,18.36,1,104,-0.98,19.34,19.07,0,0,0,0,0,,0,0,,0,0,0,0,0,0,26,10,3.19,30,-0.05,0.02,0.04,0.04,,0.05
Josué Colmán,Club Nacional,"División Profesional, Paraguay",2026,1144,Centre Attacking Midfielder,Paraguay,28,24/07/98,0.31,0.16,0.09,0.08,1.18,13,20,2,100,0.05,0,0.17,2.05,0,0.11,1.34,0,0.05,0.71,0.16,0.26,3.23,-0.1,1.89,1.02,0.87,54,0.63,0,2.52,2.52,0.24,0.21,0.63,0.45,12.83,6.22,0,3.62,52.87,6.22,3.86,0.55,0.79,70,0.54,0.76,0.55,50,0.24,21,0.31,0,11.88,12.5,2.91,2.44,0.63,54.92,7.08,60,1.89,77,0.08,0,0,26.6,73,2.44,24,53,0.94,4.25,19,82,9,59.96,4.41,0.49,0.6,27.7,84,6.23,10.07,2.2,1.34,0.87,0.31,2.2,3.54,0,21,0.71,38,0.63,18,68,14,19,70,12,21.07,18.98,0.93,103,-2.09,19.66,19.57,0,0,0,0,0,,0,0,,0,0,0,0,0,0,29,9,6.71,47,0.04,0.06,0.02,-0.04,,0.08
José Barrios,San Lorenzo,"División Profesional, Paraguay",2026,1552,Centre Forward,Paraguay,22,31/10/04,0.17,0.06,0.18,0.1,1.8,3,32,3,100,0.14,0.06,0.09,0.75,0.06,0.09,0.75,0,0,0,0.12,0.27,2.55,-0.15,0.52,0.29,0.23,56,1.22,0.06,1.33,3.3,0.12,0.08,0.64,0.37,20.29,9.33,0.01,4,64.17,4.06,2.67,0.35,0.46,40,0.16,0.24,1.45,10,0.52,48,3.88,0,18.61,14.07,3.83,3.94,0.93,66.06,14.55,78,3.13,79,0.06,0,0.06,17.51,67,0.93,7,70,0.93,1.04,32,50,-18,60.53,1.16,0.26,0.4,13.86,73,4.58,5.57,0.23,0.23,0,0.46,6.49,6.73,0,0,0.12,40,0.87,20,61,19,16,71,14,15.41,13.08,1.06,106,-2.33,16.33,13.8,0,0,0,0,0,,0,0,,0,0,0,0,0,0,32,10,2.7,21,-0.03,-0.08,0.05,-0.03,,-0.09
José Doldán,San Lorenzo,"División Profesional, Paraguay",2026,1926,Left Centre Back,Paraguay,29,26/02/97,0,0,0.05,0.11,0.47,0,10,0,,0.01,0,0.01,0.09,0,0.01,0.05,0,0,0.05,0,0.06,0.56,-0.06,0.61,0.61,0,100,0.37,0,0.28,0.23,0.75,0.5,5.51,3.21,8.74,4.02,0.07,3.97,21.36,9.11,1.82,0.84,1.59,72,0.33,0.84,1.54,50,0.33,57,2.52,0.05,6.36,3.82,2.29,0.93,0.37,28.25,0.98,15,0.23,25,0.28,0.05,0,30.79,75,3.74,87,48,6.26,7.1,11,56,-19,38.06,2.62,0.17,0.21,24.39,98,4.71,2.9,0.28,0.14,0.14,0.09,1.12,1.26,0,33,0.14,75,0.09,36,62,3,40,55,5,26.62,23.84,0.85,84,-2.78,22.73,19.94,0,0,0,0,0,,0,0,,0,0,0,0,0,0,24,7,1.84,15,0.08,0.04,0.02,-0.05,,0.09
José Duarte,San Lorenzo,"División Profesional, Paraguay",2026,490,Right Midfielder,Paraguay,21,05/05/05,0,0,0.17,0.12,1.47,0,38,3,,0.05,0,0.04,0.55,0,0.03,0.37,0,0,0.18,0,0.21,2.02,-0.21,1.84,0.92,0.92,50,0.55,0,3.12,2.75,0.55,0.32,0.55,0.47,15.61,8.63,0,2.94,47.34,6.79,4.04,1.47,2.02,89,1.25,1.58,1.1,50,0.18,50,2.02,0,13.04,11.95,2.75,2.94,0.37,48.48,5.88,45,2.02,69,0,0,0,19.46,60,1.29,21,64,0.92,1.65,25,43,-17,55.28,1.47,0.33,0.46,20.57,75,5.78,4.41,0.55,0.18,0.37,0.37,3.49,3.67,0,0,0.37,29,0.55,27,59,14,17,67,17,19.33,16.06,0.97,126,-3.27,18.76,20.31,0,0,0,0,0,,0,0,,0,0,0,0,0,0,34,7,2.44,24,0.01,0.07,0.01,-0.08,,0.02
José Espínola,Deportivo Recoleta,"División Profesional, Paraguay",2026,2299,Left Defensive Midfielder,Paraguay,25,18/03/01,0.04,0.04,0.03,0.02,1.1,4,14,1,,0.04,0.04,0.04,0.59,0.04,0.04,0.59,0,0,0,0.08,0.07,1.68,0.01,0.82,0.51,0.31,62,1.02,0,0.78,0.7,1.29,1.22,2.31,2.35,13.19,7.63,0.04,5.52,37.07,11.82,4.62,1.41,2.7,71,1.32,2.54,0.98,38,0.59,55,0.82,0.12,10.81,10.27,3.76,2.82,1.29,42.3,3.84,36,1.61,57,0.12,0,0,46.79,85,3.92,8,65,3.21,5.09,14,76,-9,43.02,4.23,0.31,0.35,35.16,96,3.53,6.58,0.39,0.35,0.04,0,0.16,0.51,0.08,20,0.08,25,0.08,21,69,10,30,67,4,20.84,19.99,0.96,100,-0.85,19.97,19.99,0,0,0,0,0,,0,0,,0,0,0,0,0,0,20,9,3.68,29,0.02,0.06,0.06,-0.01,,0.12
José Hosue López,Club 2 de Mayo,"División Profesional, Paraguay",2026,546,Centre Defensive Midfielder,Paraguay,21,06/02/05,0,0,0.01,0.01,0.82,0,0,1,,0,0,0.02,0.66,0,0.02,0.66,0,0,0,0,0.02,1.48,-0.02,0.99,0.82,0.16,83,0.33,0,0.49,0.33,0.49,0.62,1.32,1.34,20.75,12.52,0.04,6.75,39.64,14.16,4.45,1.98,2.47,71,1.95,2.57,1.98,20,0.82,55,1.81,0,16.8,15.63,5.43,4.28,1.65,42.22,5.27,31,2.64,62,0.49,0,0,42.49,81,5.27,11,68,1.65,7.41,16,76,-5,45.85,3.46,0.14,0.16,33.1,98,4.2,4.78,0.16,0.16,0,0,0,0.16,0,0,0,0,0,18,73,8,21,79,0,23.47,18.39,0.95,102,-5.09,22.39,18.76,0,0,0,0,0,,0,0,,0,0,0,0,0,0,17,5,2.85,31,0.01,0.07,0.11,-0.02,,0.17
Juan Daniel Pérez Centurión,Club Guaraní,"División Profesional, Paraguay",2026,1341,Right Back,Paraguay,33,16/11/93,0,0,0.01,0.02,0.34,0,20,0,,0,0,0.04,0.6,0,0.04,0.6,0,0,0,0,0.05,0.94,-0.05,0.34,0.2,0.13,60,0.67,0,0.34,0.81,0.6,0.57,2.15,1.88,18.72,8.59,0.03,6.31,32.26,10.67,3.56,3.02,3.62,85,2.62,3.19,1.14,64,0.54,50,1.21,0,14.56,11.55,4.56,2.35,0.81,34.57,3.02,21,1.21,51,0.34,0,0,27.91,64,2.55,13,39,2.95,5.77,15,63,-1,48.46,3.49,0.13,0.19,20.53,95,4.57,5.3,1.21,1.01,0.2,0,0.34,1.34,0,56,0.87,30,0.13,35,55,10,33,57,10,23.42,20.16,0.85,88,-3.26,19.99,17.66,0,0,0,0,0,,0,0,,0,0,0,0,0,0,36,10,3.21,27,0.08,0.04,0.02,-0.01,,0.12
Juan Danilo Santacruz González,Club Nacional,"División Profesional, Paraguay",2026,548,Left Defensive Midfielder,Paraguay,31,11/06/95,0.33,0.33,0.16,0.07,2.14,15,46,1,,0.34,0.16,0.19,1.48,0.16,0.15,0.99,0,0.04,0.49,0.49,0.35,3.61,0.14,1.15,0.82,0.33,71,1.97,0,0.82,1.64,0.82,0.94,1.15,1.57,13.47,5.59,0.04,3.12,49.96,7.39,4.44,0.66,1.48,57,0.57,1.51,1.48,33,0.49,47,1.31,0,11.33,12.64,2.46,2.96,0.33,52.87,6.24,55,2.3,78,0.49,0,0,42.05,79,4.44,13,68,2.14,5.59,22,75,-3,56.8,7.56,0.36,0.65,38.77,95,4.37,12.65,2.63,1.31,1.31,0,1.97,3.29,0.16,19,0.49,38,0,19,67,14,32,58,9,20.14,18.23,0.94,93,-1.91,19.02,16.96,0,0,0,0,0,,0,0,,0,0,0,0,0,0,22,9,6.77,42,0.07,0.1,-0.01,0.06,,0.22
Juan Falcón,Deportivo Recoleta,"División Profesional, Paraguay",2026,544,Right Midfielder,Paraguay,18,03/08/08,0,0,0.06,0.07,0.83,0,20,2,,0.02,0.17,0.17,0.66,0.17,0.17,0.66,0,0,0,0.17,0.23,1.49,-0.06,2.98,1.49,1.49,50,0.5,0.17,3.8,5.62,0.33,0.5,0.17,0.3,14.22,5.29,0,3.8,57.76,5.46,2.98,1.16,1.49,54,1.26,1.75,0.99,25,0.99,0,0,0,12.07,10.91,2.98,2.48,0.66,58.49,7.61,63,1.98,80,0.17,0,0,17.53,64,0.5,10,43,0.17,1.16,24,58,-6,60.98,2.81,0.24,0.31,24.14,66,7.07,5.95,0.17,0.17,0,0.33,2.15,2.32,0,0,0.17,20,0.33,16,72,12,8,72,19,14.92,11.43,0.98,113,-3.49,14.58,12.87,0,0,0,0,0,,0,0,,0,0,0,0,0,0,35,7,2,15,-0.01,0.14,0,-0.03,,0.1
Juan Feliú,Club Nacional,"División Profesional, Paraguay",2026,1652,Right Back,Argentina,25,06/02/01,0,0,0.02,0.07,0.33,0,50,0,,0.03,0.05,0.08,1.03,0.05,0.08,0.93,0,0,0.11,0.05,0.1,1.36,-0.05,0.82,0.44,0.38,53,0.49,0,0.82,0.98,1.09,1.08,2.4,1.86,10.51,5.28,0.01,4.63,30.19,9.69,3.43,1.47,2.56,73,1.37,2.45,0.38,56,0.54,67,0.76,0,8.66,7.77,3.1,1.53,0.22,34.54,2.23,26,1.14,75,0.05,0,0.05,35.62,78,2.12,11,53,3.32,3.1,13,68,-10,47.8,3.49,0.38,0.42,29.9,94,4.56,6.97,0.87,0.54,0.33,0.38,1.69,2.23,0,13,0.33,29,0.49,24,64,12,20,69,11,19.13,19.82,0.95,97,0.69,18.17,19.29,0,0,0,0,0,,0,0,,0,0,0,0,0,0,25,10,4.36,34,0.11,0.06,-0.01,0.02,,0.18
Juan Fernando Alfaro,Olimpia,"División Profesional, Paraguay",2026,1731,Right Centre Midfielder,Argentina,27,15/10/99,0,0,0.09,0.08,1.04,0,15,1,,0.03,0,0.05,0.73,0,0.05,0.73,0,0,0,0,0.14,1.77,-0.14,0.88,0.52,0.36,59,0.88,0.05,1.14,1.51,1.3,1.59,1.25,1.71,17.99,9.46,0.05,6.76,45.92,9.46,5.04,2.18,3.48,75,2.98,4.57,1.4,43,0.73,48,1.61,0,14.66,18.3,5.35,4.47,1.82,48.12,6.45,44,2.81,63,0.21,0,0,47.05,86,1.77,15,68,1.77,2.08,19,78,-8,49.07,4.94,0.4,0.48,37.79,94,3.94,10.45,0.73,0.73,0,0.1,2.18,2.91,0,29,0.21,29,0.21,22,67,11,35,58,7,18.16,16.59,0.99,100,-1.57,17.92,16.66,0,0,0,0,0,,0,0,,0,0,0,0,0,0,17,8,5.39,32,0.02,0.04,0.03,-0.04,,0.06
Juan Iturbe,Cerro Porteño,"División Profesional, Paraguay",2026,981,Right Midfielder,Paraguay,33,03/06/93,0.46,0.46,0.3,0.13,2.2,21,38,4,,0.35,0.09,0.11,1.28,0.09,0.09,1.19,0,0.01,0.09,0.55,0.4,3.49,0.15,1.74,0.92,0.83,53,1.65,0,0.92,2.39,0.28,0.33,0.46,0.33,12.3,5.14,0.01,3.85,52.75,5.32,3.21,1.28,1.56,67,1.35,1.68,1.01,45,0.64,37,0.92,0,10.19,10.76,2.94,2.84,0.83,55.27,5.97,59,2.02,71,0.37,0,0,20.65,68,1.56,75,50,1.47,2.11,32,71,2,58.84,3.67,0.43,0.57,20.92,86,6.36,7.43,1.28,1.01,0.28,0.18,2.66,3.67,0.28,14,0.28,23,0.28,18,70,11,23,70,6,20.24,19,0.92,97,-1.24,18.59,18.35,0,0,0,0,0,,0,0,,0,0,0,0,0,0,30,9,4.56,34,0.04,0.05,-0.01,0.09,,0.17
Juan José Giménez Delgado,Club Rubio Nu,"División Profesional, Paraguay",2026,703,Right Midfielder,Paraguay,23,31/05/03,0,0,0.09,0.04,2.3,0,28,4,,0.06,0,0.05,1.02,0,0.04,0.9,0,0.01,0.13,0,0.14,3.33,-0.14,2.43,1.15,1.28,47,3.46,0,3.2,2.94,0.38,0.22,0.13,0.04,16,7.81,0,4.74,51.01,6.66,3.84,1.66,2.05,72,1.23,1.45,0.77,17,0.64,25,0.51,0,13.57,10.06,3.84,3.07,0.77,52.41,7.42,55,2.56,83,0.13,0,0,23.3,71,0.64,78,42,0.26,1.41,20,67,-5,61.07,3.2,0.31,0.38,29.18,79,7.07,8.83,0.64,0.51,0.13,0.13,2.82,3.33,0.13,20,0.26,20,0.26,16,69,15,14,67,19,16.32,13.88,0.98,106,-2.44,15.99,14.75,0,0,0,0,0,,0,0,,0,0,0,0,0,0,29,9,5.11,37,0,0.13,0.01,-0.09,,0.05
Juan Manuel García,Club Guaraní,"División Profesional, Paraguay",2026,418,Centre Forward,Argentina,34,13/11/92,0.22,0.22,0.22,0.08,2.8,8,23,8,,0.04,0,0.04,0.65,0,0.04,0.65,0,0,0,0.22,0.26,3.44,-0.04,0.65,0.22,0.43,33,0.86,0,1.29,2.8,0.22,0.12,0.43,0.23,15.93,8.61,0,3.66,62.66,4.52,2.8,0,0.22,0,0,0.12,0.86,0,0.43,44,4.09,0,15.07,10.62,3.44,3.66,1.08,64.29,10.76,71,3.66,100,0.22,0,0,16.58,67,1.51,17,100,0.43,1.51,41,58,-9,59.43,1.72,0.36,0.44,12.92,78,4.23,5.38,0.22,0.22,0,0.65,6.24,6.46,0,0,0,0,0.86,14,65,21,12,56,32,16.46,12.5,1.08,106,-3.96,17.8,13.28,0,0,0,0,0,,0,0,,0,0,0,0,0,0,31,11,2.17,14,-0.06,0.01,0.02,-0.05,,-0.08
Juan Rodrigo Rojas,Club Rubio Nu,"División Profesional, Paraguay",2026,2055,Right Defensive Midfielder,Paraguay,38,08/04/88,0,0,0.05,0.07,0.66,0,13,1,,0,0.09,0.12,1.8,0,0.05,0.79,0.09,0.08,1.01,0.09,0.17,2.45,-0.08,0.39,0.26,0.13,67,0.53,0,1.36,1.49,0.66,0.48,0.83,0.65,14.23,7.75,0.02,4.6,43.31,9.02,4.69,1.8,2.45,63,1.37,1.84,1.23,37,1.05,54,1.09,0,11.21,8.56,3.37,3.07,0.92,46.53,5.17,46,2.06,67,0.39,0,0,41.78,74,4.07,12,45,1.62,8.28,16,68,-6,54.15,6.13,0.31,0.36,33.98,93,3.89,10.99,2.76,1.23,1.53,0.09,1.05,2.28,0.04,16,0.48,29,0.18,20,71,9,26,68,6,22.4,17.48,0.9,93,-4.92,20.1,16.26,0,0,0,0,0,,0,0,,0,0,0,0,0,0,30,9,6.8,52,0.09,0.04,0.02,-0.04,,0.1
Juan Sebastián Vargas Melgarejo,Club Nacional,"División Profesional, Paraguay",2026,1686,Left Back,Paraguay,24,16/01/02,0.05,0.05,0.04,0.04,0.96,6,44,1,,0.08,0.05,0.1,0.96,0.05,0.09,0.75,0,0.02,0.21,0.11,0.14,1.92,-0.04,1.01,0.64,0.37,63,1.49,0.05,0.96,0.96,1.07,0.78,3.52,3.3,16.65,10.14,0.02,5.92,35.41,10.51,3.95,2.88,3.95,77,2.52,3.3,0.91,57,0.85,55,1.55,0,12.97,11.67,3.79,3.26,1.01,39.34,3.63,28,1.71,52,0.21,0,0,33.83,71,3.36,85,49,4.75,5.66,15,71,0,48.51,4,0.42,0.52,26.79,94,3.99,6.19,1.6,0.85,0.75,0.21,1.07,1.92,0,27,0.53,28,0.27,30,61,9,27,70,3,21.82,20.99,0.91,101,-0.83,19.96,21.2,0,0,0,0,0,,0,0,,0,0,0,0,0,0,28,8,4.6,32,0.14,0.06,-0.03,0,,0.18
Juan Vera,Olimpia,"División Profesional, Paraguay",2026,1612,Right Centre Back,Paraguay,27,04/02/99,0.06,0.06,0.05,0.06,0.78,7,14,0,,0.06,0,0.02,0.11,0,0.02,0.11,0,0,0,0.06,0.06,0.89,-0.01,0.22,0.06,0.17,25,0.28,0,0.34,0.45,1.28,1.55,4.47,5.62,9.27,3.46,0.1,5.47,23.63,9.1,2.35,1.23,2.51,79,1.66,3.21,1.34,45,0.34,59,2.62,0,6.76,8.51,2.85,1.28,0.39,29.89,1.12,17,0.56,43,0.22,0,0,45,87,2.79,15,56,4.86,4.58,11,78,-9,36.37,3.02,0.44,0.46,36.35,98,4.7,3.35,0.11,0.11,0,0.11,1.73,1.84,0,0,0,,0.11,25,72,3,43,57,0,22.63,20.75,0.95,99,-1.88,21.39,20.64,0,0,0,0,0,,0,0,,0,0,0,0,0,0,15,6,4.62,26,0.08,0.06,0.07,-0.03,,0.17
Julio González,Sportivo Ameliano,"División Profesional, Paraguay",2026,2941,Right Centre Back,Paraguay,34,27/06/92,0.03,0.03,0.01,0.08,0.15,20,60,0,,0.03,0.03,0.01,0.12,0.03,0.01,0.12,0,0,0,0.06,0.02,0.28,0.04,0.09,0.09,0,100,0.67,0,0.21,0.15,1.04,1.16,5.2,5.69,9.61,5.02,0.09,5.75,22.27,10.25,1.47,1.35,2.39,85,1.5,2.66,0.55,65,0.24,66,2.57,0.06,7.71,8.75,3.37,1.44,0.55,27.3,0.86,11,0.52,36,0.12,0,0,45.7,87,5.78,13,69,6.67,6.86,13,70,-17,31.86,1.56,0.34,0.34,36.18,99,4.87,1.68,0.06,0.06,0,0.03,0.21,0.28,0,0,0,0,0.03,22,74,4,31,65,4,24.97,25.75,0.95,89,0.78,23.73,22.9,0,0,0,0,0,,0,0,,0,0,0,0,0,0,15,7,2.62,18,0.04,0.05,0.1,0,,0.19
Junior Noguera,Deportivo Recoleta,"División Profesional, Paraguay",2026,736,Left Midfielder,Paraguay,24,07/05/02,0.12,0.12,0.23,0.19,1.22,10,30,1,,0.16,0.37,0.21,2.08,0.24,0.16,1.47,0.12,0.05,0.61,0.49,0.44,3.3,0.05,2.08,0.98,1.1,47,1.83,0,1.71,3.3,1.1,0.8,1.22,1.18,19.07,8.92,0,6.85,46.9,7.95,3.91,1.47,2.57,57,1.43,2.23,0.73,11,1.1,30,0.37,0,16.87,16.33,5.62,5.5,2.32,49.21,7.82,46,4.03,73,0,0,0,38.88,73,3.91,90,62,2.45,5.13,23,70,-3,55.3,6.48,0.37,0.53,40.22,90,5.69,11.86,2.57,1.59,0.98,0.49,2.45,4.03,0.49,24,0.86,58,0.86,16,64,20,22,64,14,20.44,18.2,0.95,97,-2.25,19.52,17.6,0,0,0,0,0,,0,0,,0,0,0,0,0,0,28,10,6.7,57,0.13,0.1,0.04,-0.01,,0.26
Kevin Ferreira,San Lorenzo,"División Profesional, Paraguay",2026,355,Right Midfielder,Paraguay,19,27/07/07,0,0,0.03,0.1,0.25,0,0,1,,0,0,0.14,1.77,0,0.1,1.52,0,0.04,0.25,0,0.16,2.03,-0.16,3.55,2.03,1.52,57,0.76,0,4.31,2.53,0.25,0.08,1.01,0.41,22.04,10.39,0.02,5.07,51.86,8.11,4.56,1.01,1.27,50,0.41,0.48,0.76,0,1.01,23,0.76,0,20.27,9.01,5.07,5.07,1.52,54.7,11.65,57,4.31,85,0,0,0,24.83,58,1.52,15,43,1.52,3.04,26,52,-6,62.68,3.55,0.11,0.15,27.87,78,6.22,8.11,2.03,1.52,0.51,0.25,2.79,4.31,0,50,1.01,29,0.51,24,65,12,25,66,9,18.49,15.98,0.91,84,-2.51,16.8,13.42,0,0,0,0,0,,0,0,,0,0,0,0,0,0,47,13,3.6,31,0,0.12,0.04,-0.02,,0.13
Kevin Parzajuk,Deportivo Recoleta,"División Profesional, Paraguay",2026,1384,Right Centre Forward,Paraguay,24,08/09/02,0.2,0.13,0.26,0.12,2.08,6,56,5,100,0.37,0.26,0.19,0.98,0.2,0.13,0.91,0.07,0.05,0.07,0.39,0.45,3.06,-0.06,0.52,0.33,0.2,63,1.04,0,1.5,2.93,0.33,0.38,0.85,0.85,20.29,7.48,0.03,5.66,64.34,4.23,2.6,0.46,0.78,88,0.49,0.86,1.95,0,0.07,22,1.11,0,17.95,18.64,4.81,3.84,0.65,67.64,14.7,82,3.19,83,0.13,0,0,14.76,60,0.26,20,36,0.98,0.59,21,50,-10,60.21,1.56,0.35,0.55,12.68,78,6.56,4.75,0.52,0.46,0.07,0.52,4.49,4.94,0.13,38,0.52,57,0.65,17,60,23,14,70,16,16.25,15.68,1.03,107,-0.57,16.71,16.74,0,0,0,0,0,,0,0,,0,0,0,0,0,0,33,6,2.65,20,0.06,0.04,0.04,0.05,,0.19
Kevin Pereira,Club Sportivo Luqueño,"División Profesional, Paraguay",2026,592,Right Midfielder,Paraguay,22,14/01/04,0,0,0.12,0.07,1.67,0,45,2,,0.17,0.15,0.19,0.76,0.15,0.19,0.76,0,0,0,0.15,0.3,2.43,-0.15,1.52,0.3,1.22,20,1.98,0,1.98,2.59,0.46,0.39,0.3,0.17,16.13,7.3,0,5.17,56.66,6.09,3.35,1.22,1.67,62,1.43,1.82,1.52,17,0.76,36,1.52,0,13.39,12.94,4.56,3.35,1.22,56.94,8.67,65,2.74,82,0.15,0,0,20.08,65,0.76,6,56,0.3,1.37,21,62,-3,63.79,2.13,0.31,0.39,20.08,80,7.07,7,0.61,0.61,0,0.76,4.87,5.48,0,50,1.06,54,0.76,16,70,14,9,78,13,16.6,12.8,0.99,93,-3.8,16.45,11.87,0,0,0,0,0,,0,0,,0,0,0,0,0,0,35,10,2.92,17,-0.01,0.1,0,-0.04,,0.05
L.de Jesús Gómez Peralta,Club Rubio Nu,"División Profesional, Paraguay",2026,559,Right Centre Back,Paraguay,21,22/04/05,0,0,0.03,0.05,0.64,0,0,0,,0,0,0.01,0.32,0,0.01,0.32,0,0,0,0,0.04,0.97,-0.04,0,0,0,,1.13,0,0.32,0.16,1.29,0.86,3.22,1.78,12.08,5.8,0.06,6.44,30.14,8.7,2.42,0.64,1.93,44,0.52,1.38,0.48,20,0.81,38,1.29,0,10.95,6.65,4.51,2.09,0.81,35.28,2.9,26,1.29,62,0,0,0,32.21,80,2.25,10,40,4.35,4.51,14,66,-14,41.29,2.42,0.07,0.1,26.25,98,5.13,4.03,0.16,0.16,0,0,0.97,1.13,0,0,0,,0,26,70,3,20,76,4,23.41,24.29,0.86,74,0.88,20.13,17.86,0,0,0,0,0,,0,0,,0,0,0,0,0,0,22,5,1.98,17,0.04,0.07,0,-0.04,,0.07
Lautaro Comas,Club Sportivo Luqueño,"División Profesional, Paraguay",2026,1268,Right Midfielder,Argentina,31,13/01/95,0.14,0.07,0.06,0.06,1.06,7,27,3,50,0.08,0.21,0.14,1.63,0.14,0.11,1.14,0.07,0.02,0.5,0.28,0.2,2.7,0.09,1.49,0.78,0.71,52,2.41,0,1.56,2.41,0.78,0.77,0.43,0.24,15.33,7.52,0,4.33,50.07,5.47,2.56,1.42,2.2,67,1.17,1.94,0.92,23,0.71,27,0.57,0.07,12.99,11.57,3.34,2.2,0.35,51.99,6.46,50,1.35,61,0.21,0,0,18.52,67,1.21,13,53,0.71,1.99,19,57,-10,60.58,2.7,0.21,0.33,20.37,86,6.3,5.96,1.56,0.85,0.71,0.28,2.13,2.98,0.07,27,0.64,38,0.21,20,63,17,24,58,18,18.44,15.33,0.95,115,-3.11,17.58,17.6,0,0,0,0,0,,0,0,,0,0,0,0,0,0,37,10,4.02,31,0.05,0.06,0.01,0,,0.14
Leandro Esteche,San Lorenzo,"División Profesional, Paraguay",2026,2012,Right Back,Paraguay,25,01/05/01,0,0,0.02,0.04,0.54,0,25,1,,0.01,0,0.03,0.4,0,0.02,0.31,0,0.01,0.09,0,0.05,0.94,-0.05,1.12,0.67,0.45,60,1.12,0.04,0.63,0.81,1.52,1.01,2.77,1.63,11.63,6.35,0.02,4.25,32.22,8.64,3.13,1.61,3.13,65,1.24,2.25,0.58,29,0.85,57,1.48,0,9.44,6.23,2.73,1.48,0.4,36.48,2.46,26,1.03,70,0.27,0,0,24.7,65,2.24,9,40,3.18,5.19,12,59,-6,51.79,3.94,0.15,0.16,20.76,94,4.8,5.73,1.3,0.81,0.49,0.13,1.07,1.88,0,34,0.58,27,0.22,32,58,10,27,59,13,22.13,16.55,0.88,97,-5.58,19.44,16.11,0,0,0,0,0,,0,0,,0,0,0,0,0,0,34,8,2.75,23,0.07,0.05,0.05,-0.02,,0.15
Leandro Meza,Club Nacional,"División Profesional, Paraguay",2026,910,Left Defensive Midfielder,Paraguay,25,04/12/01,0.1,0.1,0.15,0.12,1.29,8,8,2,,0.02,0,0.03,0.3,0,0.03,0.3,0,0,0,0.1,0.19,1.58,-0.09,0.59,0.4,0.2,67,0.79,0,1.29,1.58,0.4,0.31,1.78,1.71,22.15,12.56,0.03,7.32,43.23,6.13,2.97,1.48,1.88,83,1.54,1.85,1.58,50,0.3,38,1.68,0,19.09,16.07,5.54,4.35,1.88,46.23,7.52,39,2.37,55,0.2,0,0.1,29.87,73,1.88,9,54,2.47,2.77,26,57,-16,49.64,3.07,0.32,0.41,26.9,91,5.26,5.93,0.4,0.4,0,0.1,2.18,2.57,0,25,0.1,17,0,22,69,9,18,72,10,19.6,17.01,0.98,110,-2.59,19.17,18.7,0,0,0,0,0,,0,0,,0,0,0,0,0,0,27,10,3.3,25,-0.04,0.05,-0.01,-0.1,,-0.11
Lorenzo Melgarejo,Libertad,"División Profesional, Paraguay",2026,1626,Centre Forward,Paraguay,36,09/08/90,0.72,0.61,0.52,0.11,4.76,13,38,9,67,0.6,0.11,0.14,1.05,0.11,0.14,1,0,0,0.06,0.72,0.65,5.81,0.07,1.99,1.05,0.94,53,1.6,0,1.83,3.04,0.17,0.14,0.77,1.04,10.18,3.82,0.01,2.93,65.22,2.82,2.43,0.33,0.5,67,0.37,0.51,0.44,0,0.17,42,1.33,0,9.41,11.01,2.6,1.99,0.89,70.21,7.97,85,1.83,92,0.17,0,0,15.55,69,0.94,81,77,0.89,1.11,21,53,-16,63.97,1.94,0.52,0.83,20.7,82,5.91,6.03,1,1,0,0.17,8.69,9.68,0.11,39,0.44,40,0.55,13,68,19,14,70,17,16.84,13.63,1.03,94,-3.21,17.39,12.8,0,0,0,0,0,,0,0,,0,0,0,0,0,0,24,6,2.92,17,0.01,0.13,0.04,0.06,,0.24
Lucas David González Gamarra,Club Nacional,"División Profesional, Paraguay",2026,633,Right Centre Forward,Paraguay,29,17/10/97,0.14,0.14,0.5,0.15,3.27,4,43,7,,0.63,0.14,0.11,1.14,0.14,0.11,1.14,0,0,0,0.28,0.6,4.41,-0.32,0.28,0.14,0.14,50,1.28,0,1.71,2.56,0.14,0.1,0.85,1.03,19.49,7.54,0.02,6.12,62.94,4.12,2.7,1,1.14,78,1.07,1.17,1.42,0,0.28,54,3.84,0,17.07,18.05,5.55,4.12,1.14,66.06,13.37,78,3.13,76,0.14,0,0,20.34,71,0.71,80,50,1.28,1,39,60,-11,60.2,1.56,0.47,0.7,18.63,84,4.64,6.69,0.85,0.85,0,0.14,5.97,6.83,0,17,0.14,33,0.43,21,64,14,28,64,9,14.89,13.52,0.95,99,-1.37,14.17,13.43,0,0,0,0,0,,0,0,,0,0,0,0,0,0,26,8,3.43,20,-0.07,0.05,0.01,0.24,,0.23
Lucas González,Sportivo Trinidense,"División Profesional, Paraguay",2026,621,Right Defensive Midfielder,Argentina,22,03/07/04,0.14,0.14,0.13,0.08,1.59,9,45,2,,0.18,0,0.04,0.58,0,0.01,0.43,0,0.02,0.14,0.14,0.17,2.17,-0.02,1.59,0.72,0.87,45,0.58,0,2.03,2.17,1.16,0.88,2.03,1.15,27.09,14.78,0.01,7.97,43.2,13.18,7.24,2.03,3.19,67,1.31,2.19,1.74,42,1.01,47,1.16,0,23.32,13.42,6.23,5.21,2.03,45.6,9.13,39,3.33,64,0.43,0,0,30.28,76,4.2,8,71,2.9,5.07,25,73,-4,53.96,5.36,0.19,0.21,27.09,87,5.89,9.27,1.3,1.01,0.29,0,1.45,2.46,0,11,0.14,50,0.29,19,70,11,22,67,11,20.91,16.06,0.97,99,-4.85,20.36,15.87,0,0,0,0,0,,0,0,,0,0,0,0,0,0,27,10,4.59,35,0.1,0.1,-0.08,0.07,,0.19
Lucas Monzón,Deportivo Recoleta,"División Profesional, Paraguay",2026,2262,Left Centre Back,Argentina,23,08/01/03,0,0,0.03,0.08,0.32,0,13,0,,0.01,0,0,0.16,0,0,0.16,0,0,0,0,0.03,0.48,-0.03,0.6,0.48,0.12,80,0.84,0,0.36,0.36,1.59,1.78,5.21,5.48,10.5,5.17,0.05,6.52,25.34,12.85,2.23,1.51,3.1,70,1.62,3.4,0.6,48,0.64,55,2.07,0.04,8.39,8.63,3.74,1.43,0.68,29.82,1.03,12,0.52,36,0.32,0,0,46.7,83,4.77,87,60,6.44,6.72,14,68,-15,34.66,2.63,0.27,0.27,36.4,98,4.83,3.14,0.32,0.32,0,0.04,0.44,0.76,0,25,0.08,33,0.04,32,63,5,43,57,0,23.41,22.86,0.94,90,-0.55,21.93,20.51,0,0,0,0,0,,0,0,,0,0,0,0,0,0,22,10,2.64,21,0.05,0.05,0.01,-0.01,,0.1
Lucas Morales,Club Sportivo Luqueño,"División Profesional, Paraguay",2026,637,Right Back,Uruguay,27,24/11/99,0.28,0.28,0.08,0.05,1.56,18,27,1,,0.21,0.28,0.15,1.27,0.28,0.15,1.27,0,0,0,0.57,0.24,2.83,0.33,0.85,0.14,0.71,17,0.28,0,2.26,1.84,0.99,0.92,2.69,2.45,15.55,7.92,0,7.78,33.48,9.05,3.68,2.12,3.11,63,1.77,2.68,0.71,46,1.27,68,1.84,0,12.73,10.92,5.66,2.26,1.27,36.66,2.69,21,0.99,44,0,0,0,36.2,71,3.82,8,47,3.25,7.49,9,53,-18,49.13,3.96,0.32,0.41,30.68,89,3.83,6.79,1.98,1.27,0.71,0.28,2.26,3.53,0.28,29,0.57,27,0.57,26,62,12,29,56,15,23.14,18.63,0.91,104,-4.51,21.01,19.39,0,0,0,0,0,,0,0,,0,0,0,0,0,0,28,6,4.14,29,0.17,0.03,0.03,0.08,,0.32
Lucas Quintana,Cerro Porteño,"División Profesional, Paraguay",2026,1679,Right Centre Back,Paraguay,21,01/01/05,0,0,0.03,0.1,0.32,0,50,0,,0.01,0,0.01,0.11,0,0.01,0.11,0,0,0,0,0.04,0.43,-0.04,0.54,0.43,0.11,80,0.64,0,0.32,0.27,1.5,1.86,5.09,5.94,11.63,6.16,0.1,6.75,24.58,11.74,1.07,1.66,3.16,70,2.02,3.88,0.8,57,0.7,65,3.65,0.16,9.17,10.56,4.4,1.77,0.7,27.71,0.75,8,0.43,24,0,0,0,50.45,87,4.24,12,64,6.11,5.58,13,77,-10,36.21,3,0.31,0.31,40.74,99,4.58,3.38,0.05,0.05,0,0.05,0.7,0.75,0,0,0.05,100,0.05,27,71,3,48,44,8,22.78,23.2,0.95,98,0.42,21.65,22.68,0,0,0,0,0,,0,0,,0,0,0,0,0,0,16,7,3.64,23,0.05,0.06,0.14,-0.02,,0.23
Lucas Rodríguez,Club Rubio Nu,"División Profesional, Paraguay",2026,859,Left Wing,Paraguay,19,12/02/07,0.1,0.1,0.18,0.19,0.94,11,56,2,,0.21,0,0.08,1.36,0,0.08,1.36,0,0,0,0.1,0.26,2.31,-0.15,2.73,1.26,1.47,46,1.36,0,2.2,2.62,0.84,0.69,0.31,0.25,19.71,8.49,0,6.29,52.37,5.66,2.52,2.2,3.04,78,1.68,2.37,1.05,54,0.63,33,0.94,0,16.46,13.61,5.03,2.94,0.94,53.12,8.91,54,2.41,82,0,0,0,20.34,71,0.73,5,54,0.63,1.05,29,66,-5,56.77,3.04,0.22,0.47,23.06,82,5.9,5.98,1.26,1.26,0,0.21,2.41,3.67,0.1,17,0.42,40,0.21,18,70,12,26,65,9,16.46,13.75,1,105,-2.71,16.47,14.46,0,0,0,0,0,,0,0,,0,0,0,0,0,0,27,9,3.64,28,-0.02,0.1,0,0.05,,0.12
Lucas Sanabria,Libertad,"División Profesional, Paraguay",2026,907,Left Defensive Midfielder,Paraguay,27,12/09/99,0,0,0.05,0.03,1.39,0,36,1,,0.03,0.1,0.11,1.19,0.1,0.04,0.5,0,0.07,0.69,0.1,0.15,2.58,-0.05,0,0,0,,0.69,0,0.5,0.69,0.4,0.55,0.79,0.94,13.99,8.53,0.01,6.05,44.12,9.13,4.86,1.49,1.88,68,2.07,2.62,0.5,36,0.69,67,0.79,0,12,16.71,4.96,2.68,1.09,46.86,5.65,47,1.69,63,0,0,0,52.58,84,5.36,88,64,0.99,8.14,16,75,-9,52.44,6.45,0.49,0.56,42.86,98,3.82,13.29,1.79,0.99,0.79,0.2,1.09,2.08,0,22,0.4,57,0.2,14,75,12,18,73,9,21.08,15.36,0.96,100,-5.72,20.14,15.38,0,0,0,0,0,,0,0,,0,0,0,0,0,0,13,5,5.99,38,0.06,0.07,-0.01,-0.02,,0.1
Luis Alejandro Ortiz Franco,Sportivo Ameliano,"División Profesional, Paraguay",2026,509,Left Midfielder,Paraguay,26,29/01/00,0,0,0.08,0.06,1.24,0,0,3,,0,0,0.17,1.24,0,0.15,0.88,0,0.02,0.35,0,0.25,2.48,-0.25,1.95,0.71,1.24,36,1.24,0,2.12,4.07,0.53,0.52,0.35,0.47,14.87,6.02,0,4.42,47.65,7.26,4.07,1.42,1.95,80,1.32,1.84,0.88,50,0.35,14,0.18,0,12.57,14.25,3.89,3.19,1.59,50.17,6.9,55,2.83,89,0,0,0,21.06,75,1.77,80,67,0.53,2.48,16,80,5,63.16,1.77,0.44,0.66,24.42,79,5.36,9.03,1.77,1.42,0.35,0.35,2.3,3.72,0.18,20,0.71,40,0.88,20,60,20,18,59,24,18.86,15.98,0.97,96,-2.87,18.37,15.31,0,0,0,0,0,,0,0,,0,0,0,0,0,0,26,11,5.11,33,0.07,0.07,0.05,-0.09,,0.1
Luis Ayala,Sportivo Ameliano,"División Profesional, Paraguay",2026,1324,Right Midfielder,Paraguay,21,17/05/05,0.07,0.07,0.07,0.12,0.61,11,44,1,,0.07,0.14,0.08,1.56,0.14,0.08,1.5,0,0,0.07,0.2,0.15,2.18,0.05,1.77,0.82,0.95,46,0.82,0,1.84,2.79,0.48,0.47,0.34,0.4,10.4,5.17,0,2.99,50.64,5.85,2.86,0.75,1.22,50,0.89,1.36,0.2,29,0.75,33,0.14,0,9.45,10.23,2.58,3.13,1.16,51.86,4.96,53,2.31,74,0,0,0,35.15,79,3.33,88,66,1.29,4.08,17,80,1,58.45,3.74,0.38,0.46,35.08,88,5.65,10.95,1.56,1.43,0.14,0.27,1.97,3.4,0.27,26,0.54,33,0.82,11,74,15,11,77,12,19.84,20.16,0.98,95,0.33,19.51,19.18,0,0,0,0,0,,0,0,,0,0,0,0,0,0,19,7,4.73,34,-0.01,0.09,0.03,0.01,,0.12
Luis Cardozo,Deportivo Recoleta,"División Profesional, Paraguay",2026,797,Left Centre Back,Paraguay,38,09/10/88,0,0,0.02,0.16,0.11,0,100,0,,0.02,0,0.01,0.11,0,0.01,0.11,0,0,0,0,0.02,0.23,-0.02,0.23,0.23,0,100,0.11,0,0,0.23,0.79,0.85,3.73,4.1,5.42,2.82,0.04,2.48,26.83,8.7,1.47,0.23,1.02,67,0.2,1.05,0.68,0,0.11,47,2.03,0,4.52,4.4,1.69,0.34,0.23,33.28,1.02,23,0.23,67,0,0,0,44.16,88,4.86,30,61,4.74,6.89,12,59,-28,35.25,2.6,0.25,0.26,35.12,100,3.48,2.94,0,0,0,0.11,0.45,0.45,0,,0.11,100,0.11,24,74,2,42,54,4,23.62,22.24,0.94,82,-1.38,22.17,18.13,0,0,0,0,0,,0,0,,0,0,0,0,0,0,15,6,2.54,21,0.06,0.05,0.01,0.01,,0.14
Luis Carlos Abreu Benegas,Sportivo Trinidense,"División Profesional, Paraguay",2026,341,Left Centre Midfielder,Paraguay,22,15/02/04,1.32,1.32,0.53,0.11,4.75,28,39,7,0,0.84,0.26,0.15,2.11,0.26,0.15,2.11,0,0,0,1.58,0.68,6.86,0.9,2.11,0.79,1.32,38,0.79,0,3.17,3.17,0.53,0.37,1.06,1.02,18.2,9.76,0,3.96,57.59,7.91,5.01,1.32,1.85,56,1.08,1.45,0.79,0,1.06,50,1.58,0,16.09,13.95,3.69,4.75,0.79,61.19,11.08,69,3.43,72,0.53,0,0,27.7,71,1.32,7,50,1.58,2.11,30,59,-12,59.14,2.9,0.52,0.88,29.81,81,6.85,8.71,1.32,1.32,0,0.79,10.03,11.34,0,0,0.26,33,0.79,27,56,17,18,67,15,18.02,16.67,0.96,98,-1.35,17.23,16.26,0,0,0,0,0,,0,0,,0,0,0,0,0,0,28,7,4.06,22,0.03,0.08,0.04,-0.22,,-0.06
Luis Espinola,Deportivo Recoleta,"División Profesional, Paraguay",2026,342,Left Back,Paraguay,30,25/06/96,0,0,0,,0,,,0,,0,0,0.05,0.79,0,0.05,0.79,0,0,0,0,0.05,0.79,-0.05,0.79,0.26,0.53,33,1.05,0,1.05,0.79,1.32,1.65,2.37,3.07,15.8,9.48,0.02,6.59,31.26,9.22,3.95,3.95,5.27,94,5.19,6.84,0.26,80,0.26,40,1.05,0,11.59,14.45,4.74,1.58,0.79,33.93,2.63,23,0.79,50,0,0,0,39.77,74,2.9,84,44,2.37,6.59,11,57,-17,47.74,2.9,0.14,0.18,31.08,96,4.86,7.64,1.05,1.05,0,0.26,0.79,1.84,0,50,0.53,18,0.53,27,63,11,28,62,10,21.11,14.69,0.91,125,-6.43,19.3,18.42,0,0,0,0,0,,0,0,,0,0,0,0,0,0,30,11,3.79,26,0.16,0.09,0.11,,,0.36
Luis Fernando Cáceres Maciel,San Lorenzo,"División Profesional, Paraguay",2026,2050,Right Centre Back,Paraguay,30,16/01/96,0.09,0.09,0.07,0.07,1.01,9,22,0,,0.1,0,0.01,0.22,0,0.01,0.22,0,0,0,0.09,0.08,1.23,0,0.31,0.26,0.04,86,0.66,0,0.31,0.22,1.1,0.79,5.84,4,10.98,5.8,0.07,6.01,21.47,11.2,1.27,1.49,2.59,74,1.13,1.92,1.01,31,0.53,65,4,0.04,8.47,6.36,4,0.83,0.4,26.11,0.66,8,0.09,11,0.31,0,0.04,33.89,79,4.17,28,53,6.67,6.98,16,65,-14,37.17,3.38,0.16,0.18,25.29,98,5.16,3.42,0.31,0.22,0.09,0.18,2.37,2.59,0,0,0,0,0.22,33,64,3,53,47,0,25.57,21.53,0.92,96,-4.04,23.52,20.77,0,0,0,0,0,,0,0,,0,0,0,0,0,0,23,6,1.57,13,0.07,0.06,0.09,-0.04,,0.17
Luis Gilberto Martínez Soto,Club Guaraní,"División Profesional, Paraguay",2026,1880,Centre Defensive Midfielder,Paraguay,26,15/02/00,0,0,0,0.07,0.05,0,100,0,,0.01,0,0.01,0.34,0,0.01,0.34,0,0,0,0,0.01,0.38,-0.01,0.24,0.1,0.14,40,0.91,0,0.34,0.67,1.05,0.9,1.48,1.32,15.36,8.61,0.05,5.89,36.77,13.11,5.5,2.01,3.06,74,1.91,2.81,1.05,62,0.72,56,1.96,0,12.35,10.39,4.64,2.78,1.2,39.9,3.45,28,1.48,53,0.19,0,0,40.39,84,2.68,5,64,2.11,3.59,16,73,-11,46.03,4.02,0.28,0.28,29.19,97,3.47,6.03,0.19,0.19,0,0,0,0.19,0,25,0.05,50,0,23,67,10,25,70,5,20.2,18.75,0.98,97,-1.45,19.71,18.26,0,0,0,0,0,,0,0,,0,0,0,0,0,0,19,9,3.13,24,0.03,0.07,0.05,0,,0.16
Luis Hernán Franco Fariña,San Lorenzo,"División Profesional, Paraguay",2026,899,Goalkeeper,Paraguay,27,09/04/99,0,0,0,,0,,,0,,0,0,0,0,0,0,0,0,0,0,0,0,0,0,0,0,0,,0.1,0,0,0,0,0,0,0,0,0.1,0,7.1,2.74,3.9,0,0,0,0,0,0,0,0,0.1,,0,0,0,0,0,0,0,,0,,0,,0.1,0,0,14.81,67,7.91,11,50,1.5,14.41,8,60,-7,10.89,0.8,0.05,0.05,13.71,100,5.59,0.5,0,0,0,0,0,0,0,,0,,0,54,46,0,80,20,0,45.38,45.05,0.81,87,-0.33,36.81,39.11,1.6,1.63,0.03,65,65,1,1.54,4.6,33,13.91,1.93,0.1,0,14.16,-4,31,4,1.72,17,0.09,0.08,,,0.18,0.35
Luis de la Cruz,Sportivo Trinidense,"División Profesional, Paraguay",2026,1716,Left Centre Midfielder,Paraguay,35,22/03/91,0.1,0.1,0.06,0.05,1.15,9,41,1,,0.05,0.05,0.06,1.36,0,0.02,0.58,0.05,0.04,0.79,0.16,0.12,2.52,0.03,0.37,0.21,0.16,57,1.15,0,1,0.52,0.89,0.65,1.1,0.9,23.5,12.43,0.04,8.92,42.88,10.7,5.56,2.68,3.57,69,2.36,3.01,1.15,42,1.21,51,1.1,0,19.67,16.02,7.29,4.98,1.94,45.13,7.82,40,3.2,64,0.31,0,0,38.97,72,5.51,11,51,2.36,9.6,16,71,-1,51.03,5.4,0.27,0.32,29.16,96,4.23,8.65,1.99,0.84,1.15,0.05,0.63,1.47,0,18,0.42,38,0,24,65,10,30,64,6,24.68,20.3,0.9,93,-4.38,22.22,18.91,0,0,0,0,0,,0,0,,0,0,0,0,0,0,26,8,6,44,0.07,0.04,0.04,-0.04,,0.11
Manuel Roffo,Cerro Porteño,"División Profesional, Paraguay",2026,632,Goalkeeper,Argentina,26,03/04/00,0,0,0,,0,,,0,,0,0,0,0,0,0,0,0,0,0,0,0,0,0,0,0,0,,0.43,0,0,0,0,0,0,0,0.57,0.14,0,6.98,3.97,4.84,0,0,0,0,0,0,0,50,0.14,,0,0.14,0.57,0.73,0.28,0,0,9.9,0,0,0,,0,0,0,21.36,67,5.41,15,36,2.56,12.39,14,40,-27,12.18,0.85,0.16,0.16,20.22,100,5.29,0.57,0,0,0,0,0,0,0,,0,,0,49,51,0,75,25,0,39.85,44.64,0.73,65,4.79,29.08,29.21,1.14,1.17,0.03,60,59,1,0.77,2.85,28,10.11,2.22,0,0,19.59,-2,25,2,1.71,11,0.1,0.08,,,0.06,0.24
Manuel Schupp,Deportivo Recoleta,"División Profesional, Paraguay",2026,424,Left Midfielder,Paraguay,20,06/07/06,0,0,0.04,0.09,0.42,0,50,1,,0.03,0,0.24,1.49,0,0.24,1.49,0,0,0,0,0.28,1.91,-0.28,3.4,1.49,1.91,44,1.49,0,3.61,5.74,0.42,0.38,1.06,0.78,16.99,8.28,0.01,5.74,43.54,5.52,3.19,1.49,1.91,58,1.03,1.41,1.27,17,1.06,22,0.42,0,14.23,12.3,4.25,2.76,1.7,47.63,7.01,49,1.91,69,0,0,0,19.54,70,0.64,87,33,1.91,1.06,30,52,-18,61.87,3.82,0.36,0.41,28.68,72,7.85,8.28,0.42,0.21,0.21,0.64,2.12,2.34,0,0,0.42,50,0.85,21,60,20,8,69,23,18.04,17.22,0.96,103,-0.82,17.3,17.76,0,0,0,0,0,,0,0,,0,0,0,0,0,0,22,4,3.99,32,0.09,0.06,0.08,-0.03,,0.21
Marcelo Bordón,San Lorenzo,"División Profesional, Paraguay",2026,397,Left Centre Forward,Paraguay,33,16/08/93,0.23,0.23,0.21,0.1,2.04,11,33,5,,0.17,0,0.02,0.23,0,0.02,0.23,0,0,0,0.23,0.23,2.27,0,0.68,0.45,0.23,67,0.91,0,0.68,2.04,0,0,0.68,0.2,14.95,7.02,0.03,3.17,60.79,2.72,1.59,1.13,1.13,100,0.64,0.64,0.91,,0,40,3.85,0,12.91,8.49,2.72,3.17,1.13,65.47,9.51,74,2.27,71,0,0,0,17.44,68,0.68,67,100,0.91,0.45,39,58,-10,60.5,1.36,0.14,0.25,13.14,83,4.31,5.21,0.68,0.68,0,0,3.17,3.85,0,33,0.23,50,0,14,69,17,13,70,17,15.92,14.79,1.09,115,-1.13,17.38,17,0,0,0,0,0,,0,0,,0,0,0,0,0,0,40,15,1.72,17,-0.05,-0.02,0.05,-0.07,,-0.09
Marcelo Chaparro,Cerro Porteño,"División Profesional, Paraguay",2026,1387,Left Back,Paraguay,19,29/04/07,0,0,0.02,0.03,0.45,0,14,0,,0,0.06,0.16,0.97,0.06,0.13,0.78,0,0.03,0.19,0.06,0.18,1.43,-0.11,0.84,0.32,0.52,38,0.52,0,0.78,1.23,1.3,1.77,3.18,3.51,12.91,5.65,0.01,5.06,34.23,8.89,3.63,1.36,2.66,78,1.62,3.39,0.45,54,0.39,56,1.3,0,11.1,13.94,3.89,2.92,0.91,39.2,3.57,32,1.88,64,0.06,0,0,38.54,67,2.01,83,30,3.96,6.03,11,61,-6,53.62,3.5,0.35,0.41,31.73,96,3.57,9.34,1.82,1.04,0.78,0.32,1.23,2.27,0,46,1.04,24,0.32,28,63,8,28,61,11,21.71,19.76,0.88,85,-1.95,19.02,16.8,0,0,0,0,0,,0,0,,0,0,0,0,0,0,29,8,5.33,31,0.21,0.06,0.02,-0.02,,0.27
Marcelo Fernández,Libertad,"División Profesional, Paraguay",2026,695,Right Midfielder,Paraguay,25,24/10/01,0.26,0.26,0.3,0.11,2.85,9,41,4,,0.3,0,0.09,0.91,0,0.09,0.91,0,0,0,0.26,0.39,3.76,-0.13,3.89,2.59,1.3,67,2.07,0,2.07,3.63,0.91,1.02,0.52,0.64,16.45,9.2,0.01,5.31,52.57,8.68,4.4,1.17,2.07,69,1.33,2.35,0.78,25,0.52,40,1.04,0,14.9,18.42,4.66,3.89,1.3,53.9,8.68,58,3.37,87,0.13,0,0,29.41,66,1.55,8,40,1.17,3.24,22,60,-6,59.68,4.28,0.41,0.56,31.61,85,6.12,10.49,1.43,1.43,0,0.13,4.53,5.96,0,27,0.65,22,0.26,16,69,15,11,70,19,18.93,16.83,0.87,93,-2.09,16.42,15.62,0,0,0,0,0,,0,0,,0,0,0,0,0,0,34,8,4.47,24,-0.01,0.07,-0.08,0.07,,0.06
Marcelo Medina,Deportivo Recoleta,"División Profesional, Paraguay",2026,456,Right Back,Paraguay,30,11/04/96,0,0,0,,0,,,0,,0,0.2,0.06,0.99,0.2,0.06,0.99,0,0,0,0.2,0.06,0.99,0.14,1.18,0.99,0.2,83,0.39,0,0.59,0.59,1.18,1.05,2.17,1.8,15.78,8.48,0.01,6.11,34.53,12.03,2.96,2.96,4.14,83,2.51,3.56,1.18,63,0.59,41,1.38,0,11.64,11.89,4.34,2.96,1.58,34.61,3.16,27,1.38,47,0,0,0,34.71,75,1.78,11,53,2.56,2.96,11,67,-9,49.98,4.93,0.33,0.37,24.85,96,4.93,7.3,0.99,0.59,0.39,0,0.79,1.38,0,40,0.59,30,0.2,32,53,15,35,54,11,19.68,16.93,0.96,103,-2.75,18.93,17.46,0,0,0,0,0,,0,0,,0,0,0,0,0,0,29,10,4.18,30,0.13,0.06,0.06,,,0.25
Marcelo Ojeda,Club Sportivo Luqueño,"División Profesional, Paraguay",2026,1039,Right Midfielder,Paraguay,22,14/01/04,0.09,0.09,0.16,0.07,2.42,4,39,4,,0.16,0.17,0.07,1.04,0.17,0.07,1.04,0,0,0,0.26,0.23,3.46,0.03,2.68,1.47,1.21,55,3.03,0,1.99,3.38,0.78,0.47,0.26,0.13,16.28,9.27,0,4.85,47.6,9.18,5.11,2.08,2.86,67,2.02,2.48,1.04,36,1.04,25,0.26,0,13.34,12.26,3.46,3.03,0.78,48.85,6.67,50,2.25,74,0.09,0,0,29.53,68,1.82,82,49,0.69,3.29,24,62,-5,56.49,2.94,0.39,0.49,35.42,86,6.96,7.97,1.21,1.21,0,0.17,2.34,3.55,0.17,50,0.78,36,0.17,18,65,17,16,66,17,18.91,15.06,0.97,103,-3.85,18.4,15.55,0,0,0,0,0,,0,0,,0,0,0,0,0,0,31,8,2.87,22,0.02,0.17,0.03,-0.02,,0.19
Marcelo Rubén Acosta Ríos,Club 2 de Mayo,"División Profesional, Paraguay",2026,1003,Right Centre Midfielder,Paraguay,26,05/12/00,0.09,0.09,0.17,0.1,1.7,5,37,1,,0.19,0.09,0.13,1.17,0.09,0.13,1.17,0,0,0,0.18,0.3,2.87,-0.12,0.99,0.45,0.54,45,2.78,0,0.9,2.24,0.54,0.61,0.72,0.61,15.79,9.33,0.03,6.1,47.63,9.87,4.22,1.08,1.61,52,1.18,1.78,1.26,15,0.99,43,1.79,0,13.46,13.06,4.93,2.6,0.81,48.77,6.46,48,1.7,66,0.18,0,0.09,48.99,80,3.95,15,67,1.53,5.11,16,75,-5,54.77,6.73,0.56,0.63,40.91,94,4.5,14.53,1.53,1.53,0,0.18,3.41,4.93,0.18,18,0.36,25,0.36,18,69,14,23,64,13,19.67,17.81,0.98,98,-1.86,19.19,17.46,0,0,0,0,0,,0,0,,0,0,0,0,0,0,20,9,5.59,45,0.05,0.09,0.04,-0.03,,0.15
Marcelo Sebastián González Cabral,Club 2 de Mayo,"División Profesional, Paraguay",2026,427,Right Wing,Paraguay,30,26/05/96,0.21,0.21,0.14,0.11,1.26,17,33,2,,0.09,0,0.11,0.84,0,0.07,0.63,0,0.05,0.21,0.21,0.25,2.11,-0.04,2.32,0.63,1.68,27,1.26,0,1.47,4.63,0.42,0.21,0.21,0.11,17.27,8,0.01,2.32,53.26,5.05,2.53,0.63,1.05,38,0.42,0.63,1.47,0,1.05,50,0.84,0,15.16,10.79,1.68,3.58,0.42,56.05,9.9,65,2.53,71,0,0,0,23.59,72,1.47,14,50,0.63,2.53,23,75,3,60.37,2.11,0.32,0.44,24.01,82,6.56,6.53,1.26,0.84,0.42,0.42,3.16,4,0,33,0.63,30,0.21,18,63,20,16,58,26,18.14,16.73,0.92,100,-1.41,16.62,16.68,0,0,0,0,0,,0,0,,0,0,0,0,0,0,30,9,2.55,25,0.14,0.02,-0.04,0.01,,0.13
Marcos Ezequiel Gómez Paredes,Club 2 de Mayo,"División Profesional, Paraguay",2026,669,Centre Defensive Midfielder,Paraguay,25,09/11/01,0,0,0.01,0.01,0.67,0,0,0,,0,0,0,0.13,0,0,0.13,0,0,0,0,0.01,0.81,-0.01,0.54,0.27,0.27,50,0.13,0,0.54,0.27,1.21,1.09,1.75,1.46,17.09,10.9,0.02,6.86,37.55,14.8,6.73,1.75,2.96,65,1.39,2.49,1.35,13,0.94,41,0.94,0,13.99,12.35,5.11,3.63,1.21,40.61,3.9,28,1.21,33,0.27,0,0,48.04,83,4.04,18,75,2.42,4.71,15,71,-12,47.49,4.04,0.29,0.29,37.68,98,4.43,7.27,0.4,0.4,0,0.13,0.27,0.67,0,33,0.13,33,0.13,19,76,6,19,78,4,20.89,17.36,1.01,105,-3.53,21.1,18.15,0,0,0,0,0,,0,0,,0,0,0,0,0,0,21,8,3.36,30,-0.03,0.09,0.06,-0.02,,0.11
Marcos Pereira,Deportivo Recoleta,"División Profesional, Paraguay",2026,831,Right Centre Back,Paraguay,24,25/07/02,0.11,0.11,0.06,0.07,0.87,13,38,0,,0.12,0.11,0.07,0.32,0.11,0.07,0.32,0,0,0,0.22,0.13,1.19,0.08,0.11,0.11,0,100,0.76,0,0.32,0.22,1.62,1.52,7.8,6.82,10.07,5.74,0.07,5.52,23.22,11.05,1.3,1.52,3.14,70,1.63,3.15,1.52,25,0.65,60,4.33,0,7.04,7.41,2.92,1.19,0.65,29.32,0.87,12,0.54,45,0.22,0,0,45.7,80,3.68,8,46,9.85,5.96,14,48,-32,34.13,2.92,0.28,0.39,33.03,99,4.86,3.57,0.11,0.11,0,0.11,2.27,2.38,0,0,0,0,0.11,29,66,5,36,64,0,24.39,28.74,0.89,79,4.35,21.72,22.73,0,0,0,0,0,,0,0,,0,0,0,0,0,0,23,8,3.09,22,0.08,0.05,0.02,0.01,,0.16
Mariano Ramos,Club Guaraní,"División Profesional, Paraguay",2026,585,Right Back,Argentina,22,02/05/04,0,0,0,,0,,,0,,0,0,0.09,0.92,0,0.09,0.92,0,0,0,0,0.09,0.92,-0.09,0.15,0.15,0,100,1.38,0,0.62,0.92,1.54,1.56,2.61,1.81,14.46,6.77,0.04,4.61,31.48,8.31,2.92,1.23,2.77,73,1.21,2.78,0.77,57,0.46,46,0.92,0,12.46,10.25,3.38,2.15,0.62,33.39,2.92,23,1.38,64,0.15,0.15,0,35.53,75,2.61,16,49,3.69,4.31,16,64,-11,47.73,3.69,0.07,0.15,27.68,96,3.67,6.46,1.54,1.08,0.46,0,0.92,2,0,30,0.46,33,0.15,30,58,12,33,62,5,20.13,18.52,0.94,114,-1.61,19.01,21.18,0,0,0,0,0,,0,0,,0,0,0,0,0,0,27,12,3.25,25,0.1,0.04,0.06,,,0.2
Mario Federico López Quintana,San Lorenzo,"División Profesional, Paraguay",2026,1201,Left Centre Back,Paraguay,31,05/07/95,0,0,0.01,0.04,0.3,0,25,0,,0,0,0,0,0,0,0,0,0,0,0,0.01,0.3,-0.01,0.07,0.07,0,100,0.37,0,0.07,0.07,0.9,0.73,4.8,3.86,6.52,3.82,0.04,4.12,20.5,8.24,1.2,0.6,1.5,57,0.51,1.24,0.82,25,0.45,59,2.47,0,5.25,3.91,2.02,0.82,0.22,27.38,0.82,16,0.37,45,0,0,0,30.05,78,4.27,14,56,6.22,6.22,12,47,-31,32.54,1.65,0.1,0.11,20.61,100,3.98,1.5,0.15,0.15,0,0,0.75,0.9,0,0,0,,0.07,34,65,2,55,45,0,27.99,29.94,0.93,110,1.95,26.07,32.85,0,0,0,0,0,,0,0,,0,0,0,0,0,0,22,6,1.48,12,0.04,0.03,-0.08,-0.01,,-0.02
Mateo Gamarra,Olimpia,"División Profesional, Paraguay",2026,2061,Left Centre Back,Paraguay,26,19/10/00,0.09,0.09,0.05,0.06,0.83,11,32,0,,0.11,0.09,0.03,0.22,0.09,0.03,0.22,0,0,0,0.17,0.08,1.05,0.1,0.52,0.35,0.17,67,0.52,0,0.17,0.48,1,1.14,4.76,6.18,9.69,4.98,0.07,5.55,25.7,11.35,2.49,1.66,2.66,78,1.95,3.09,0.87,61,0.48,64,2.75,0.04,7.16,8.72,3.27,1.48,0.61,28.57,0.79,11,0.39,26,0.17,0,0,53.97,84,7.03,87,61,6.16,10.22,9,67,-17,36.98,5.68,0.43,0.48,42.97,99,5.54,6.29,0.61,0.57,0.04,0.17,2.18,2.75,0,14,0.09,25,0.31,24,72,4,38,58,4,25.05,25.54,0.92,96,0.49,23.1,24.48,0,0,0,0,0,,0,0,,0,0,0,0,0,0,17,5,5.28,31,0.11,0.06,0.07,0.04,,0.27
Mateo Klimowicz,Cerro Porteño,"División Profesional, Paraguay",2026,977,Left Centre Midfielder,Germany,26,05/07/00,0.09,0.09,0.14,0.09,1.47,6,31,2,,0.11,0.18,0.2,1.11,0.18,0.2,1.11,0,0,0,0.28,0.34,2.58,-0.06,2.67,1.66,1.01,62,2.86,0,2.86,2.3,0.64,0.77,0,0,12.44,4.98,0.02,4.33,53.18,6.08,3.04,1.29,1.93,70,1.79,2.56,0.74,33,0.55,33,0.55,0,10.41,14.02,3.69,2.86,1.01,54.45,6.08,58,2.21,77,0.09,0,0,29.39,73,1.57,23,52,0.55,2.49,20,65,-8,55.68,5.25,0.37,0.47,32.25,88,5.9,9.12,0.92,0.92,0,0.18,2.21,3.13,0.18,30,0.28,20,0.28,22,65,13,31,62,7,18.14,14.9,0.93,100,-3.24,16.78,14.96,0,0,0,0,0,,0,0,,0,0,0,0,0,0,25,8,4.78,34,0.04,0.11,0.01,0.01,,0.16
Matias Dufour,Sportivo Trinidense,"División Profesional, Paraguay",2026,2448,Goalkeeper,Uruguay,27,23/02/99,0,0,0,,0,,,0,,0,0,0,0,0,0,0,0,0,0,0,0,0,0,0.07,0.07,0,100,0.22,0,0,0,0,0,0,0,0.07,0.07,0,6.21,2.69,4.23,0,0,0,0,0,0,0,50,0.07,0,0,0.07,0.07,0.07,0.04,0,0,5.32,0,0,0,,0.11,0.04,0,18.5,62,6.58,11,38,2.13,15.33,11,49,-12,13.28,2.28,0.07,0.07,16.99,100,6.58,0.96,0.07,0.04,0.04,0,0,0.04,0,0,0,,0,59,41,0,96,4,0,46.5,46.28,0.75,70,-0.22,34.7,32.2,0.7,0.85,0.15,76,71,5,0.86,2.94,28,10.55,1.7,0.11,0.07,16.16,-1,33,3,1.63,11,0.12,0.08,,,0.11,0.32
Matías Agüero,San Lorenzo,"División Profesional, Paraguay",2026,346,Right Centre Back,Paraguay,22,30/04/04,0.26,0.26,0.1,0.37,0.26,100,100,0,,0.25,0,0.01,0.26,0,0,0,0,0.01,0.26,0.26,0.1,0.52,0.16,0.26,0.26,0,100,0.26,0,0,0.52,1.04,1.24,8.83,9.34,11.69,6.23,0.02,7.01,22.87,9.87,2.6,2.34,3.38,82,2.12,3.35,0.26,75,0.52,80,3.12,0.26,9.09,9.22,5.45,1.82,1.04,24.75,0.52,6,0.52,29,0,0,0,42.86,79,5.71,16,55,10.65,8.57,9,44,-35,35.98,3.12,0.18,0.27,34.29,98,4.17,3.38,0,0,0,0,0.78,0.78,0,,0,0,0,34,62,3,38,62,0,26.89,30.7,0.92,100,3.81,24.65,30.8,0,0,0,0,0,,0,0,,0,0,0,0,0,0,21,7,2.88,28,0.01,0.04,0.12,0.13,,0.3
Matías Espinoza,Libertad,"División Profesional, Paraguay",2026,1880,Left Back,Paraguay,29,18/09/97,0.14,0.14,0.13,0.12,1.15,13,25,1,,0.12,0.1,0.08,0.96,0.1,0.08,0.96,0,0,0,0.24,0.21,2.11,0.03,0.53,0.34,0.19,64,1.01,0,1.48,1.2,1.2,1.51,3.73,4.36,10.91,5.5,0.02,4.69,37.26,9.38,3.69,1.34,2.54,70,1.55,3.06,0.62,40,0.57,60,2.68,0,9,10.96,2.73,1.91,0.67,45.59,3.73,41,1.1,57,0.1,0,0,39.92,74,2.82,76,47,4.69,5.03,18,59,-15,51.29,4.93,0.43,0.54,31.02,93,3.95,9.81,1.05,0.81,0.24,0.34,2.97,3.78,0,50,0.62,30,0.43,28,60,12,29,58,13,20.24,17.41,0.92,88,-2.84,18.56,15.31,0,0,0,0,0,,0,0,,0,0,0,0,0,0,25,8,4.35,27,0.1,0.03,0.03,0.01,,0.18
Matías Julian López Estigarribia,Club Guaraní,"División Profesional, Paraguay",2026,1949,Right Centre Midfielder,Paraguay,23,18/09/03,0.23,0.23,0.26,0.18,1.48,16,50,3,,0.33,0.09,0.06,1.02,0.09,0.05,0.83,0,0.01,0.18,0.32,0.32,2.49,0,1.89,1.06,0.83,56,1.06,0,1.52,2.82,0.65,0.48,0.74,0.65,24.43,12.05,0.02,6.65,51.3,9.61,6,1.52,2.17,61,1.23,1.71,1.25,46,0.97,42,1.02,0,21.75,16.91,5.59,5.08,1.48,52.58,12.1,56,3.69,73,0.14,0,0.05,27.48,72,1.66,17,53,1.11,2.77,22,65,-7,56.92,4.11,0.46,0.51,24.38,85,4.97,8.27,1.02,0.6,0.42,0.32,2.86,3.46,0.05,0,0.05,8,0.42,22,67,11,21,72,7,19.03,16.45,0.97,105,-2.58,18.42,17.25,0,0,0,0,0,,0,0,,0,0,0,0,0,0,26,9,4.27,33,0.01,0.07,0.02,0.12,,0.22
Matías Pérez,Cerro Porteño,"División Profesional, Paraguay",2026,1913,Left Centre Back,Argentina,27,02/03/99,0.05,0.05,0.05,0.11,0.47,10,10,0,,0.04,0,0,0.19,0,0,0.19,0,0,0,0.05,0.06,0.66,-0.01,0.38,0.28,0.09,75,0.56,0,0.24,0.52,1.83,2.51,4.66,5.78,9.55,4,0.05,5.46,26.67,12.37,2.02,1.65,3.48,81,2.26,4.77,0.71,50,0.38,65,3.2,0.09,7.2,9.34,3.15,1.83,0.75,30.77,1.27,18,0.75,41,0.42,0,0,57.02,90,5.79,13,73,5.55,7.06,12,75,-16,34.85,2.87,0.33,0.37,45.26,99,4.4,3.39,0.14,0.09,0.05,0,0.85,0.94,0.05,0,0,0,0.09,22,76,2,46,54,0,22.83,20.31,0.98,98,-2.51,22.26,19.93,0,0,0,0,0,,0,0,,0,0,0,0,0,0,15,7,3.53,24,0.05,0.04,0.07,-0.01,,0.16
Matías Rojas,Libertad,"División Profesional, Paraguay",2026,326,Right Midfielder,Paraguay,31,02/11/95,0,0,0.16,0.06,2.49,0,33,2,,0.1,0,0.33,2.21,0,0.32,1.93,0,0,0.28,0,0.49,4.7,-0.49,1.11,0.55,0.55,50,0.83,0,1.38,2.76,0,0,0.83,0.76,17.41,8.57,0,4.15,44.44,6.91,3.59,1.66,1.66,75,1.31,1.31,1.93,33,0.55,100,0.83,0,13.82,13.01,3.59,1.93,0,46.24,5.25,38,1.11,57,0,0,0,31.23,73,3.32,81,57,1.66,4.97,31,79,7,57.33,4.15,0.84,1.09,28.46,90,5.29,9.4,3.04,2.49,0.55,1.38,4.7,7.18,0.28,27,1.38,100,1.38,19,60,21,26,62,12,20.26,17.54,1.01,103,-2.71,20.38,18.1,0,0,0,0,0,,0,0,,0,0,0,0,0,0,35,18,6.72,38,0.13,0.12,0.02,-0.03,,0.24
Mauricio Roldán,Club Rubio Nu,"División Profesional, Paraguay",2026,659,Centre Attacking Midfielder,Argentina,21,09/02/05,0,0,0.1,0.07,1.5,0,18,3,,0.03,0,0.03,0.41,0,0.03,0.41,0,0,0,0,0.13,1.91,-0.13,3.14,1.5,1.64,48,1.23,0,2.87,4.51,0.41,0.25,0.14,0.13,22.54,9.97,0,5.33,56.36,4.51,2.73,0.82,1.23,50,0.58,0.83,1.91,0,0.82,37,0.96,0,19.81,11.43,4.65,4.92,1.91,56.65,11.89,60,4.24,86,0.41,0,0,16.39,67,0.68,9,50,0.41,1.09,30,49,-18,54.48,1.64,0.15,0.18,22.54,73,6.25,3.42,0.27,0.27,0,0.14,2.73,3.01,0,0,0.14,8,0.14,13,69,18,8,76,16,17.8,14.3,0.99,137,-3.5,17.64,19.6,0,0,0,0,0,,0,0,,0,0,0,0,0,0,33,9,2.1,21,-0.07,-0.01,0,-0.05,,-0.12
Mauro Alexis Coronel Gomez,Club Nacional,"División Profesional, Paraguay",2026,1393,Right Centre Back,Paraguay,18,24/05/08,0,0,0.02,0.06,0.39,0,17,0,,0.01,0,0.03,0.19,0,0.03,0.19,0,0,0,0,0.06,0.58,-0.06,0.06,0.06,0,100,1.03,0,0.06,0.13,1.23,1.16,5.49,4.99,10.66,5.43,0.07,6.91,25.15,11.63,1.81,1.55,2.78,67,1.42,2.58,0.9,41,0.78,59,2.97,0.06,8.27,7.14,4.59,1.87,1.1,29.98,1.1,13,0.52,28,0.19,0,0,44.59,81,6.01,5,56,6.46,9.76,10,59,-22,34.64,2.91,0.38,0.41,33.6,99,4.47,2.84,0.06,0.06,0,0.06,0.84,0.9,0,0,0.06,33,0.06,32,64,4,70,30,0,26.86,24.38,0.89,87,-2.48,23.94,21.29,0,0,0,0,0,,0,0,,0,0,0,0,0,0,19,6,3.81,27,0.08,0.05,0.08,-0.02,,0.18
Maximiliano Antonio Garcia Soley,San Lorenzo,"División Profesional, Paraguay",2026,1125,Right Back,Paraguay,23,12/06/03,0,0,0.01,0.02,0.48,0,33,1,,0.02,0,0.02,0.4,0,0.02,0.4,0,0,0,0,0.03,0.88,-0.03,1.52,1.04,0.48,68,0.8,0,1.04,1.28,1.44,1.3,2.8,2.64,22.08,11.52,0.01,7.2,35.02,8.56,3.28,3.44,4.88,74,3.2,4.5,1.12,56,1.2,31,0.88,0,17.52,15.21,5.36,3.68,1.12,38.14,6.24,36,2.72,74,0.08,0,0,28.55,62,2.32,6,29,4.16,6.56,15,43,-19,48.83,4.8,0.09,0.11,25.35,93,4.9,5.12,0.72,0.64,0.08,0.16,0.64,1.28,0,44,0.4,14,0.08,33,60,7,47,39,14,23.02,22.59,0.84,77,-0.42,19.26,17.46,0,0,0,0,0,,0,0,,0,0,0,0,0,0,39,10,1.79,17,0.07,0.06,0.03,-0.01,,0.15
Maximiliano Añasco,Club Guaraní,"División Profesional, Paraguay",2026,463,Left Midfielder,Uruguay,25,03/05/01,0,0,0.15,0.13,1.17,0,17,1,,0.05,0.19,0.09,1.17,0.19,0.08,0.97,0,0.01,0.19,0.19,0.24,2.33,-0.05,1.36,0.97,0.39,71,1.95,0,1.75,2.14,0.58,0.47,0.39,0.22,26.26,14.01,0,6.22,52.52,5.25,3.89,1.95,2.53,67,1.47,1.94,0.97,17,0.97,33,0.58,0,23.54,16.54,5.45,5.25,1.56,53.01,11.87,50,4.67,89,0.19,0,0,23.34,62,1.36,72,50,0.58,2.53,19,54,-8,58.11,1.17,0.34,0.38,22.95,86,4.56,6.22,1.36,0.58,0.78,0.19,1.95,2.53,0,57,0.78,27,0.39,16,70,14,9,69,22,17.66,13.29,0.97,101,-4.37,17.19,13.39,0,0,0,0,0,,0,0,,0,0,0,0,0,0,32,8,3.48,25,0.02,0.07,0,-0.11,,-0.02
Miguel Barreto,Club 2 de Mayo,"División Profesional, Paraguay",2026,1021,Right Centre Back,Paraguay,28,29/01/98,0.09,0.09,0.04,0.11,0.35,25,25,0,,0.05,0,0.01,0.18,0,0.01,0.18,0,0,0,0.09,0.05,0.53,0.04,0.35,0.26,0.09,75,0.79,0,0.18,0.62,0.97,1.15,3.88,4.35,8.02,4.59,0.04,4.94,24.19,10.93,1.06,1.15,2.12,76,1.29,2.44,0.88,60,0.35,68,2.38,0.09,6,6.85,3.09,0.88,0.26,30.81,0.97,16,0.44,50,0.09,0,0,41.53,83,6,27,67,4.41,8.47,11,69,-14,34.26,2.29,0.27,0.31,34.74,98,5.09,2.56,0.26,0.26,0,0,1.41,1.68,0,33,0.18,50,0.09,25,71,4,45,55,0,24.87,20.48,0.95,107,-4.39,23.7,21.99,0,0,0,0,0,,0,0,,0,0,0,0,0,0,17,7,2.16,17,0.02,0.01,-0.06,0.04,,0.02
Miguel Barreto,Club Sportivo Luqueño,"División Profesional, Paraguay",2026,320,Right Back,Paraguay,28,29/01/98,0,0,0.02,0.04,0.56,0,50,0,,0,0,0,0.28,0,0,0.28,0,0,0,0,0.03,0.84,-0.03,1.12,0.84,0.28,75,0.84,0,1.41,1.41,1.12,0.89,4.78,4.38,9.55,5.06,0.05,3.93,30.1,8.71,1.69,0,1.12,0,0,0.89,1.41,0,0.56,57,3.65,0,8.15,6.94,2.81,1.69,0.84,35.3,1.97,24,0.84,50,0.28,0,0,34.28,68,3.65,22,43,5.06,8.15,14,65,-3,42.08,5.34,0.16,0.18,31.19,91,5.65,5.9,0.84,0.56,0.28,0,1.97,2.53,0,0,0,0,0,31,62,7,48,48,5,26.79,18.11,0.85,73,-8.68,22.77,13.29,0,0,0,0,0,,0,0,,0,0,0,0,0,0,30,5,2.22,19,0.08,-0.03,0.09,-0.02,,0.12
Miguel Benítez,Sportivo Ameliano,"División Profesional, Paraguay",2026,323,Left Back,Paraguay,29,12/08/97,0,0,0,,0,,,0,,0,0,0,0,0,0,0,0,0,0,0,0,0,0,1.11,0.84,0.28,75,1.67,0,1.95,1.95,0.84,0.67,3.62,4.27,9.75,5.01,0.02,4.73,28.83,8.07,1.95,1.11,1.95,80,0.98,1.65,0.28,67,0.28,57,2.23,0,8.35,9.59,3.06,3.06,1.11,33.62,2.51,30,1.67,55,0,0,0,32.58,78,4.73,87,65,3.9,6.96,11,50,-28,45.74,3.34,0.07,0.07,30.35,92,4.41,6.96,0.28,0.28,0,0,0.84,1.11,0,100,0.28,100,0,33,58,10,32,44,24,21.31,16.7,0.94,104,-4.61,20.07,17.4,0,0,0,0,0,,0,0,,0,0,0,0,0,0,25,12,2.7,21,0.07,0.02,0.17,,,0.26
Miguel Martínez,Sportivo Ameliano,"División Profesional, Paraguay",2026,2172,Goalkeeper,Paraguay,28,28/09/98,0,0,0,,0,,,0,,0,0,0,0.04,0,0,0.04,0,0,0,0,0,0.04,0,0.08,0.08,0,100,0.17,0,0,0.08,0,0,0.04,0.03,0.08,0,0,6.22,2.76,3.73,0,0,0,,0,0,0.04,,0,0,0,0.04,0.04,0.05,0.04,0,0,2.75,0,0,0,,0.08,0,0,23.04,81,5.18,14,50,2.2,8.16,22,78,-3,11.53,0.58,0.06,0.06,20.43,100,4.98,0.21,0.04,0,0.04,0,0.04,0.04,0,0,0,,0,34,66,0,100,0,0,33.66,31.76,0.82,82,-1.9,27.52,26.18,0.7,0.72,0.01,65,64,1,0.82,1.99,20,10.03,1.74,0.17,0.12,16.33,0,16,3,0.97,7,0.05,0.1,-0.03,,0.07,0.19
Nelson Ariel Gauto Castillo,Sportivo Trinidense,"División Profesional, Paraguay",2026,1934,Left Defensive Midfielder,Paraguay,23,13/07/03,0.09,0.09,0.09,0.08,1.07,9,22,1,,0.08,0.09,0.05,0.79,0.09,0.05,0.79,0,0,0,0.19,0.14,1.86,0.05,0.88,0.6,0.28,68,0.51,0.05,0.7,0.88,1.63,1.1,1.77,1.38,22.33,11.12,0.01,7.82,43.02,15.08,8.38,2.33,3.95,71,1.88,2.98,1.49,31,0.93,56,2.28,0.05,18.52,13.19,6.47,5.03,1.95,44.94,7.17,39,2.79,56,0.14,0,0,41.78,74,2.79,12,50,2.98,4.42,20,66,-8,48.28,4.47,0.37,0.43,29.82,95,4.55,7.86,0.51,0.51,0,0.28,1.21,1.72,0,27,0.23,56,0.37,28,63,9,29,66,5,21.94,21.13,0.94,93,-0.81,20.71,19.7,0,0,0,0,0,,0,0,,0,0,0,0,0,0,28,9,5.17,35,0.03,0.06,0,0,,0.08
Nelson Ferreira,Deportivo Recoleta,"División Profesional, Paraguay",2026,2055,Goalkeeper,Paraguay,28,22/01/98,0,0,0,0.05,0.04,0,100,0,,0,0,0,0.04,0,0,0,0,0,0.04,0,0,0.09,0,0,0,0,,0.39,0,0,0.04,0,0,0.09,0.1,0.13,0.04,0,8.36,2.88,4.12,0,0,0,,0,0,0,,0,,0,0.04,0.13,0.09,0.04,0,0,6.78,0,0,0,,0.13,0,0,33.93,79,7.93,9,48,3.5,13.18,14,66,-13,15.79,1.49,0.12,0.12,31.44,100,4.61,1.05,0.13,0.09,0.04,0,0,0.09,0,0,0,,0,34,65,0,50,50,0,36.05,41.21,0.8,79,5.16,28.69,32.73,1.14,1.15,0.01,69,69,0,1.15,3.72,28,13.31,2.01,0.13,0.13,16.52,1,17,3,1.69,13,0.11,0.09,-0.01,0,-0.01,0.17
Nelson Romero,Club Guaraní,"División Profesional, Paraguay",2026,335,Centre Forward,Paraguay,18,19/02/08,0,0,0.14,0.13,1.07,0,0,2,,0,0.27,0.05,1.34,0.27,0.05,1.34,0,0,0,0.27,0.19,2.42,0.08,0.54,0.27,0.27,50,0,0,0.81,5.37,0.27,0.26,1.34,0.98,24.15,9.66,0.03,3.76,60.86,3.49,1.88,1.61,1.88,67,1.38,1.63,1.88,25,0.81,28,1.88,0,20.66,15.42,3.22,4.56,1.07,63.64,14.22,69,3.76,82,0.27,0,0.27,13.42,71,0.54,23,33,2.15,0.81,31,69,-2,63.81,2.15,0.12,0.34,14.76,69,5.36,5.64,0.54,0.54,0,0.54,5.37,5.9,0,100,0.54,67,0.81,15,69,15,19,62,19,18.07,17.7,0.86,68,-0.36,15.58,12.08,0,0,0,0,0,,0,0,,0,0,0,0,0,0,33,13,3.09,26,-0.01,-0.08,0,-0.09,,-0.19
Nicolás Freire,Libertad,"División Profesional, Paraguay",2026,468,Left Centre Back,Argentina,32,17/02/94,0,0,0.04,0.05,0.96,0,20,0,,0,0,0.06,0.19,0,0.06,0.19,0,0,0,0,0.11,1.15,-0.11,0,0,0,,0,0,0.19,0,1.35,1.8,5.96,7.47,5.38,2.69,0.12,5,22.94,13.64,3.07,0.38,1.73,50,0.45,2.25,0.58,50,0.38,54,2.5,0,4.42,5.76,1.92,0.77,0.38,30.77,0.38,9,0.38,50,0,0,0,61.3,88,8.26,87,78,6.73,9.8,11,69,-19,36.35,5.38,0.85,0.85,43.62,100,6.3,5.57,0.19,0.19,0,0.19,1.73,1.92,0,0,0,,0.19,28,71,1,34,66,0,24.86,22.64,0.99,99,-2.22,24.52,22.42,0,0,0,0,0,,0,0,,0,0,0,0,0,0,15,5,4.27,24,0.16,0.06,0.12,-0.04,,0.29
Nicolás Maná,Sportivo Trinidense,"División Profesional, Paraguay",2026,828,Right Midfielder,Argentina,32,24/03/94,0.22,0.22,0.11,0.06,1.74,13,44,2,,0.07,0.43,0.24,2.5,0.43,0.2,2.07,0,0.03,0.43,0.65,0.35,4.24,0.31,1.85,0.98,0.87,53,0.76,0,1.52,3.48,0.22,0.1,0.33,0.29,17.17,9.24,0,5.43,55.96,8.59,4.57,1.96,2.17,64,1.61,1.71,0.76,25,1.09,22,0.54,0,14.57,10.02,4.24,3.59,1.09,55.12,8.91,61,3.04,85,0.33,0,0,25,70,1.3,11,48,0.65,2.39,20,75,5,62.17,3.48,0.62,0.77,26.63,83,6.05,8.8,2.17,1.41,0.76,0.76,4.57,5.98,0,20,0.98,38,0.87,20,67,13,23,64,12,17.77,13.53,0.97,95,-4.23,17.31,12.85,0,0,0,0,0,,0,0,,0,0,0,0,0,0,32,10,6.07,36,0.16,0.09,0.02,-0.07,,0.2
Nicolás Marotta,Deportivo Recoleta,"División Profesional, Paraguay",2026,2017,Right Centre Back,Argentina,30,22/12/96,0.09,0.09,0.06,0.1,0.62,14,36,0,,0.13,0,0,0.04,0,0,0.04,0,0,0,0.09,0.06,0.67,0.03,0.36,0.22,0.13,63,0.67,0,0.13,0.58,1.2,1.18,5.76,6.07,9.01,4.46,0.09,4.46,23.34,10.26,1.34,1.16,2.37,70,1.25,2.43,1.07,47,0.49,66,4.11,0.04,6.78,6.94,2.32,1.07,0.58,27.98,0.71,11,0.27,25,0.13,0,0,44.09,81,2.86,12,50,6.69,4.77,13,57,-24,35.18,2.45,0.32,0.35,33.87,99,4.86,2.9,0,0,0,0,1.83,1.83,0,,0.04,25,0.04,31,65,3,54,40,6,23.58,23.53,0.94,92,-0.05,22.16,21.7,0,0,0,0,0,,0,0,,0,0,0,0,0,0,20,7,2.52,19,0.04,0.03,0,0.02,,0.09
Nicolás Rossi,Club 2 de Mayo,"División Profesional, Paraguay",2026,778,Goalkeeper,Uruguay,28,15/05/98,0,0,0,,0,,,0,,0,0,0,0,0,0,0,0,0,0,0,0,0,0,0,0,0,,0.23,0,0,0,0,0,0,0,0,0,0,7.63,2.05,5.32,0,0,0,,0,0,0,,0,,0,0,0,0,0,0,0,,0,,0,,0,0,0,18.85,64,6.94,14,39,2.2,15.73,11,54,-10,11.16,0.93,0.07,0.07,16.42,100,6.34,0.58,0,0,0,0,0,0,0,,0,,0,49,51,0,100,0,0,46.61,48.95,0.71,78,2.34,32.97,38.07,0.46,0.93,0.47,85,70,15,1.08,3.12,23,13.3,1.66,0.12,0.12,13.44,-4,30,4,1.17,11,0.1,0.11,0,,0.35,0.55
Néstor Camacho,Sportivo Trinidense,"División Profesional, Paraguay",2026,750,Left Centre Forward,Paraguay,39,14/10/87,0.84,0.48,0.28,0.15,1.92,25,31,4,100,0.27,0.36,0.16,2.04,0.24,0.09,0.96,0.12,0.07,1.08,0.84,0.44,3.96,0.4,1.2,0.6,0.6,50,0.72,0,2.04,2.64,0.12,0.11,0.12,0.09,16.45,7.44,0.01,3.96,63.77,3.6,1.92,0.72,0.84,55,0.41,0.53,0.96,43,0.6,11,0.24,0,14.77,10.95,3.48,3.24,1.2,64.95,12.01,81,2.88,89,0.12,0,0,22.21,67,3,86,51,0.48,5.52,23,72,5,63.46,3.6,0.42,0.54,22.69,84,4.83,8.4,2.52,1.08,1.44,0.12,3.96,5.04,0.24,10,0.24,15,0.12,23,62,16,36,59,6,20.76,14.05,0.93,109,-6.71,19.21,15.26,0,0,0,0,0,,0,0,,0,0,0,0,0,0,29,12,5.92,43,0.03,0.02,0.04,0.16,,0.24
Néstor Giménez,Libertad,"División Profesional, Paraguay",2026,2227,Left Back,Paraguay,29,23/07/97,0.12,0.12,0.07,0.18,0.4,30,40,0,,0.13,0.16,0.09,0.57,0.12,0.08,0.44,0.04,0.01,0.12,0.28,0.16,0.97,0.12,0.61,0.36,0.24,60,0.53,0,0.61,0.57,1.09,1.41,3.88,4.71,12.97,6.79,0.05,6.22,30.75,10.95,3.27,1.21,2.3,68,1.5,2.92,1.37,48,0.57,58,1.82,0.04,10.38,13.38,4,2.02,0.81,35.5,2.38,23,1.01,50,0.4,0.04,0,52.37,84,5.37,76,66,4.97,7.03,15,73,-12,42.34,6.18,0.45,0.52,43.23,97,4.52,7.92,0.97,0.57,0.4,0.08,1.01,1.58,0,17,0.28,23,0.12,29,66,5,39,56,6,22.31,19.96,0.96,93,-2.35,21.36,18.48,0,0,0,0,0,,0,0,,0,0,0,0,0,0,20,9,4.66,29,0.15,0.08,-0.03,0.03,,0.23
Orlando David Colmán,Club 2 de Mayo,"División Profesional, Paraguay",2026,397,Right Centre Midfielder,Paraguay,24,01/02/02,0,0,0.09,0.05,1.81,0,13,3,,0.06,0,0.09,1.13,0,0.01,0.23,0,0.08,0.91,0,0.18,2.95,-0.18,0.68,0,0.68,0,1.13,0,0.68,2.04,0.23,0.27,0,0,19.73,9.3,0,3.85,52.96,8.62,5.21,1.13,1.36,71,1.4,1.67,2.27,50,0.45,71,1.13,0,16.33,15.33,3.63,4.08,1.36,52.89,9.3,57,2.49,61,0.23,0,0,27.89,73,1.81,9,53,0.23,3.17,21,60,-13,58.97,3.17,0.22,0.25,25.62,91,4.13,7.03,1.59,0.23,1.36,0.23,3.85,4.08,0,14,0.23,14,0,16,71,13,26,52,23,19.15,13.03,0.96,109,-6.12,18.32,14.23,0,0,0,0,0,,0,0,,0,0,0,0,0,0,23,5,4.67,31,0.09,0,0.01,-0.03,,0.07
Orlando Gabriel Gaona Lugo,Club Nacional,"División Profesional, Paraguay",2026,1873,Right Wing,Paraguay,36,24/07/90,0.1,0.1,0.21,0.16,1.35,7,29,2,,0.18,0.19,0.2,1.11,0.19,0.19,1.01,0,0,0.1,0.29,0.41,2.45,-0.12,0.58,0.24,0.34,42,0.67,0,1.44,2.64,0.48,0.57,0.62,0.71,16.91,8.5,0.01,5.09,51.04,6.01,3.27,1.78,2.26,82,1.99,2.56,1.39,43,0.38,18,0.29,0,13.84,14.9,4.08,3.12,1.01,53.2,7.64,55,2.5,80,0.05,0,0,25.42,65,1.11,16,52,0.86,1.87,17,59,-5,62.32,2.4,0.41,0.63,23.3,86,6.36,7.83,1.25,1.06,0.19,0.43,3.65,4.71,0.05,46,1.01,27,0.43,12,69,19,16,66,18,17.56,15.37,0.97,96,-2.19,17.01,14.69,0,0,0,0,0,,0,0,,0,0,0,0,0,0,32,7,5.32,35,0.1,0.06,0,0.04,,0.2
Oscar Giménez,Sportivo Trinidense,"División Profesional, Paraguay",2026,579,Right Centre Forward,Paraguay,36,25/04/90,0,0,0.16,0.1,1.71,0,55,3,,0.29,0.31,0.3,2.02,0.31,0.3,2.02,0,0,0,0.31,0.47,3.73,-0.15,2.49,1.09,1.4,44,1.56,0,1.56,4.98,0.16,0.06,1.4,0.88,18.05,7.16,0.01,3.58,55.33,5.76,4.04,0.78,0.93,56,0.57,0.62,3.58,20,0.62,51,6.69,0,13.69,9.16,3.11,4.51,1.4,59.71,7.93,58,3.27,72,0.78,0,0.16,21.16,52,0.16,15,20,1.71,0.47,36,43,-9,68.63,1.71,0.54,0.69,15.09,71,4.93,7.16,0.93,0.93,0,2.02,10.42,11.36,0.31,0,0.16,25,2.18,26,64,9,20,74,7,15.24,14.18,0.93,107,-1.06,14.12,15.15,0,0,0,0,0,,0,0,,0,0,0,0,0,0,41,9,4.04,28,0.06,-0.02,-0.01,0.05,,0.08
Pablo Vegetti,Cerro Porteño,"División Profesional, Paraguay",2026,2062,Centre Forward,Argentina,38,14/10/88,0.26,0.22,0.41,0.17,2.4,9,40,5,50,0.3,0.04,0.09,0.92,0.04,0.09,0.92,0,0,0,0.26,0.5,3.32,-0.24,0.13,0.09,0.04,67,1.14,0.04,0.83,1.48,0.13,0.14,0.83,0.93,15.28,6.94,0.03,4.98,65.6,2.97,2.01,0.44,0.57,59,0.49,0.63,0.7,38,0.31,45,2.88,0,14.19,17.31,4.45,2.05,0.61,69.27,12.05,85,1.88,91,0.04,0,0,14.14,72,0.65,16,63,1.22,0.65,30,63,-9,57.95,0.65,0.49,0.72,10.78,85,3.63,4.23,0.17,0.17,0,0.52,6.9,7.07,0.04,0,0.13,43,0.74,12,62,26,10,76,13,15.69,15.97,1.01,103,0.28,15.87,16.41,0,0,0,0,0,,0,0,,0,0,0,0,0,0,31,9,2.79,20,-0.01,-0.02,0.03,-0.05,,-0.05
Patricio Gabriel Coronel Galeano,Club Guaraní,"División Profesional, Paraguay",2026,544,Left Midfielder,Paraguay,19,18/04/07,0.33,0.33,0.08,0.05,1.66,20,20,3,,0.12,0,0,0,0,0,0,0,0,0,0.33,0.08,1.66,0.25,2.32,1.49,0.83,64,1.82,0,2.82,2.48,1.32,0.95,2.15,1.17,14.9,5.46,0,3.15,41.04,5.13,2.32,0.99,2.32,86,0.63,1.59,2.15,50,0.17,63,1.66,0,11.76,7.3,2.82,1.99,0.83,43.66,4.31,37,1.49,75,0.33,0,0.17,15.73,63,1.32,85,47,2.82,2.15,17,55,-8,55.53,1.49,0.11,0.16,19.87,78,6.47,3.15,0.66,0.5,0.17,0.17,1.49,1.99,0,25,0.33,20,0.17,27,55,18,5,68,26,20.87,23.39,0.92,71,2.52,19.26,16.7,0,0,0,0,0,,0,0,,0,0,0,0,0,0,33,14,1.72,20,-0.02,0.04,0.02,0.01,,0.05
Patricio Tanda,Club Guaraní,"División Profesional, Paraguay",2026,1994,Centre Defensive Midfielder,Argentina,24,04/04/02,0.05,0.05,0.05,0.07,0.68,7,13,1,,0.04,0,0.03,0.63,0,0.03,0.63,0,0,0,0.05,0.07,1.31,-0.03,0.9,0.77,0.14,85,2.17,0,1.17,1.53,0.95,0.75,2.44,1.83,17.15,8.3,0.03,5.55,41.09,10.15,4.92,1.44,2.39,60,1.13,1.88,1.58,35,0.95,58,1.31,0,14.13,10.51,3.93,3.7,0.77,44.11,5.55,39,2.26,61,0.32,0,0,41.7,79,3.93,88,59,3.7,5.37,19,71,-8,48.89,5.82,0.28,0.3,37.51,94,4.78,8.21,0.86,0.5,0.36,0.09,1.13,1.62,0.09,42,0.36,32,0.09,21,69,10,25,69,6,22.26,20.93,0.95,98,-1.34,21.24,20.6,0,0,0,0,0,,0,0,,0,0,0,0,0,0,23,9,4.34,36,0.05,0.06,0.03,0,,0.14
Paul Charpentier,Deportivo Recoleta,"División Profesional, Paraguay",2026,493,Left Centre Forward,Argentina,26,30/04/00,0.18,0.18,0.25,0.15,1.64,11,33,4,,0.3,0.18,0.15,0.73,0.18,0.15,0.73,0,0,0,0.36,0.4,2.37,-0.04,0,0,0,,0.55,0,0.91,1.64,0.73,0.66,0.36,0.47,15.87,6.38,0.01,3.47,66.22,4.38,2.55,0.73,1.46,100,0.64,1.29,1.09,,0,21,0.73,0,14.05,13.42,3.1,4.01,0.73,67.67,11.67,83,3.83,95,0.18,0,0,18.97,75,0.91,10,56,0.55,1.46,20,79,4,59.84,1.64,0.5,0.75,15.14,88,3.46,6.2,0,0,0,0.91,5.65,5.65,0,,0.36,50,1.46,14,61,25,12,65,24,16.79,17.31,0.92,83,0.53,15.49,14.37,0,0,0,0,0,,0,0,,0,0,0,0,0,0,23,5,2.9,21,0.01,-0.01,0.04,-0.01,,0.03
Paul Riveros,Club Sportivo Luqueño,"División Profesional, Paraguay",2026,1500,Left Centre Back,Paraguay,29,07/07/97,0.06,0.06,0.02,0.05,0.48,13,38,0,,0.02,0,0,0.06,0,0,0.06,0,0,0,0.06,0.03,0.54,0.03,0.3,0.24,0.06,80,0.6,0.06,0.3,0.18,0.84,0.68,5.64,4.38,9.6,5.7,0.08,5.94,22.38,10.08,1.14,0.72,1.56,52,0.67,1.35,0.54,47,0.66,70,3.18,0.06,8.34,7.55,3.66,1.56,0.6,26.24,0.84,10,0.36,23,0.06,0,0,34.99,82,2.82,16,59,6,4.38,11,57,-25,36.09,1.74,0.19,0.2,24.37,99,3.95,1.68,0.12,0.12,0,0.06,1.02,1.14,0,0,0,,0.06,31,68,1,54,46,0,22.47,18.56,0.97,101,-3.91,21.76,18.75,0,0,0,0,0,,0,0,,0,0,0,0,0,0,22,7,1.86,15,0.01,0.03,0.11,-0.02,,0.14
Pedro Báez,Club Rubio Nu,"División Profesional, Paraguay",2026,358,Right Centre Forward,Paraguay,29,14/01/97,0.25,0.25,0.29,0.15,2.01,13,50,5,,0.45,0,0.12,0.75,0,0.12,0.75,0,0,0,0.25,0.42,2.77,-0.17,0,0,0,,0.5,0,1.76,3.02,0.25,0.2,0,0,19.62,7.8,0.02,3.77,69.7,3.27,2.26,0.25,0.5,100,0.18,0.37,1.51,,0,18,1.26,0,17.86,15.11,3.52,3.52,0.25,70.47,15.85,89,2.77,79,0,0,0,15.09,76,0.5,16,50,0.5,0.5,22,73,-3,64.74,1.76,0.38,0.54,14.84,75,4.32,6.54,1.01,1.01,0,0.75,7.8,8.8,0,0,0,0,1.51,15,66,19,19,65,15,14.58,15.44,1,89,0.85,14.62,13.8,0,0,0,0,0,,0,0,,0,0,0,0,0,0,24,7,5.08,33,-0.07,-0.01,-0.01,0.24,,0.15
Pedro Reinaldo Delvalle Romero,Club 2 de Mayo,"División Profesional, Paraguay",2026,1356,Left Midfielder,Paraguay,32,05/01/94,0.13,0.13,0.13,0.09,1.39,10,29,2,,0.11,0.07,0.12,1.13,0.07,0.1,0.93,0,0.02,0.2,0.2,0.25,2.52,-0.05,1.33,0.53,0.8,40,1.39,0.07,1.79,2.19,0.27,0.13,0.2,0.18,14.34,5.71,0.01,3.52,52.55,4.85,2.79,1.73,1.99,90,1.51,1.64,0.33,70,0.2,35,0.4,0,12.28,10.7,2.99,3.52,1.13,54.48,7.1,58,2.92,83,0.07,0,0.07,25.62,68,1.33,12,41,0.8,2.66,19,56,-12,63.33,3.92,0.27,0.41,26.15,86,6.32,9.23,1.53,1.19,0.33,0.33,2.39,3.58,0,35,0.8,39,0.27,14,72,13,16,71,14,18.09,17.49,0.94,99,-0.6,17.02,17.31,0,0,0,0,0,,0,0,,0,0,0,0,0,0,28,8,4.01,33,0.08,0.07,0,-0.03,,0.12
Pedro Ríos,Deportivo Recoleta,"División Profesional, Paraguay",2026,1555,Left Back,Paraguay,22,19/05/04,0.06,0.06,0.07,0.14,0.46,13,13,1,,0.01,0.12,0.05,0.69,0.12,0.05,0.69,0,0,0,0.17,0.12,1.16,0.05,1.62,1.27,0.35,79,0.75,0,1.39,1.56,1.27,1.26,1.33,1.57,12.91,6.83,0.01,4.98,37.89,8.1,2.55,1.16,2.43,67,1.2,2.46,0.58,53,0.58,47,0.81,0.06,11.4,12.24,3.88,2.95,0.93,41.21,4.05,36,2.14,73,0,0,0.06,33.86,81,2.37,89,53,2.03,3.76,14,72,-9,49.86,3.88,0.22,0.26,31.31,92,4.92,7.58,1.33,0.98,0.35,0.23,1.27,2.26,0.12,22,0.52,32,0.17,28,60,12,36,53,11,19.28,19.56,0.93,98,0.29,17.86,19.11,0,0,0,0,0,,0,0,,0,0,0,0,0,0,23,11,3.59,27,0.09,0.08,0.03,-0.05,,0.16
Pedro Sosa,Club 2 de Mayo,"División Profesional, Paraguay",2026,2082,Right Centre Back,Paraguay,35,10/10/91,0,0,0.03,0.14,0.22,0,20,0,,0,0,0.01,0.04,0,0.01,0.04,0,0,0,0,0.04,0.26,-0.04,0.04,0.04,0,100,0.43,0,0.09,0.04,1.08,0.93,4.84,3.94,7.83,4.02,0.05,4.58,21.15,8.04,0.82,1.47,2.55,83,1.37,2.29,0.82,67,0.3,67,2.59,0.04,5.58,4.31,2.46,0.86,0.39,24.87,0.43,8,0.17,20,0.17,0,0,36.1,84,4.06,16,57,5.97,5.97,10,63,-21,33.32,1.69,0.13,0.17,27.63,100,3.85,1.77,0.04,0.04,0,0.09,0.65,0.69,0,0,0,,0.09,24,73,3,34,66,0,25.31,26.74,0.92,86,1.43,23.33,22.87,0,0,0,0,0,,0,0,,0,0,0,0,0,0,18,5,1.77,16,0.02,0.04,0.1,-0.04,,0.11
Pedro Zarza,Sportivo Trinidense,"División Profesional, Paraguay",2026,944,Left Midfielder,Paraguay,19,28/06/07,0.1,0.1,0.06,0.05,1.34,7,43,3,,0.01,0.1,0.08,1.05,0.1,0.08,1.05,0,0,0,0.19,0.14,2.38,0.05,3.05,1.53,1.53,50,2,0.1,4.01,3.72,0.57,0.25,0.67,0.43,19.84,8.2,0,5.15,46.29,7.06,2.19,1.34,1.91,58,0.76,1.01,1.24,23,0.95,37,0.95,0,17.27,10.97,4.39,4.39,1.43,47.68,7.92,46,2.86,65,0.1,0,0,17.07,70,0.67,24,54,1.05,0.86,26,55,-15,58.99,2.67,0.13,0.23,23.56,71,9.5,5.82,0.76,0.76,0,0.48,1.72,2.48,0,38,0.57,32,0.48,30,59,11,34,54,11,17.45,17.12,0.95,94,-0.33,16.65,16.06,0,0,0,0,0,,0,0,,0,0,0,0,0,0,31,12,4.38,31,0.06,0.21,0,-0.05,,0.22
Pedro Álvarez,Club Rubio Nu,"División Profesional, Paraguay",2026,1228,Left Back,Paraguay,25,09/02/01,0,0,0.01,0.03,0.22,0,0,0,,0,0,0.03,0.37,0,0.03,0.37,0,0,0,0,0.03,0.59,-0.03,0.73,0.37,0.37,50,0.59,0,0.29,0.66,1.1,0.87,5.2,3.63,7.26,3.44,0.05,4.4,24.2,9.16,2.78,1.03,2.13,82,0.86,1.74,0.95,75,0.22,70,2.71,0.07,5.28,3.92,2.35,0.59,0.44,32.34,1.17,22,0.37,63,0.15,0,0.07,35.91,73,3.59,88,48,6.01,6.74,15,61,-12,41.51,3.22,0.2,0.21,26.6,98,3.59,4.03,1.25,0.73,0.51,0.07,0.37,1.1,0,35,0.44,33,0.07,36,59,4,38,55,7,24.15,21.07,0.9,97,-3.09,21.8,20.37,0,0,0,0,0,,0,0,,0,0,0,0,0,0,32,9,2.18,17,0.16,0.04,0.02,-0.01,,0.22
PeraltaRonald Peralta,Sportivo Ameliano,"División Profesional, Paraguay",2026,415,Right Back,Paraguay,21,28/05/05,0,0,0.03,0.05,0.65,0,0,1,,0,0,0.03,0.87,0,0.01,0.22,0,0.02,0.65,0,0.06,1.52,-0.06,0.87,0.22,0.65,25,2.17,0,0.87,1.73,1.95,1.95,3.9,4.06,18.87,9.32,0.03,8.89,30.68,9.76,2.6,2.17,4.12,71,2.66,4.61,1.08,43,0.87,67,1.3,0,15.61,18.89,6.51,3.04,1.08,33.88,3.47,22,1.3,43,0.22,0,0,42.93,73,4.12,7,43,4.77,8.67,11,41,-32,41.93,3.25,0.19,0.22,38.16,94,4.11,5.42,1.73,0.65,1.08,0,1.08,1.73,0,25,0.43,33,0.22,33,57,10,32,56,12,22.13,20.86,0.89,74,-1.27,19.78,15.52,0,0,0,0,0,,0,0,,0,0,0,0,0,0,29,11,3.66,25,0.09,0.06,0.31,-0.04,,0.42
Piris da Motta,Cerro Porteño,"División Profesional, Paraguay",2026,1519,Centre Defensive Midfielder,Paraguay,32,25/07/94,0,0,0.07,0.06,1.07,0,28,1,,0.1,0.12,0.03,0.41,0.06,0.03,0.36,0.06,0,0.06,0.12,0.1,1.48,0.02,0.47,0.36,0.12,75,1.54,0,0.59,0.95,1.01,1.33,1.24,1.54,16.65,8.3,0.05,6.4,42.65,9.48,4.33,1.78,2.79,61,2.11,3.44,1.6,33,1.13,45,1.13,0.06,13.28,15.63,4.33,3.08,1.01,45.71,5.33,40,1.6,52,0.18,0,0,49.02,84,5.57,9,72,2.07,6.93,13,69,-15,43.94,5.57,0.42,0.49,39.95,97,3.36,6.93,0.36,0.3,0.06,0,1.07,1.36,0,17,0.24,57,0,21,72,7,28,71,1,22.21,20.07,0.96,101,-2.14,21.43,20.3,0,0,0,0,0,,0,0,,0,0,0,0,0,0,17,7,4.36,32,0.06,0.04,0.1,-0.03,,0.16
Raúl Cáceres,Olimpia,"División Profesional, Paraguay",2026,2109,Right Back,Paraguay,35,17/09/91,0,0,0.03,0.08,0.34,0,25,0,,0.01,0.09,0.08,0.9,0.09,0.08,0.85,0,0,0.04,0.09,0.11,1.24,-0.03,0.68,0.43,0.26,63,0.21,0,0.34,0.64,0.68,0.68,2.43,3.12,11.01,4.78,0.03,4.57,35.17,7.89,3.03,1.83,2.52,70,2.26,2.94,0.47,58,0.77,59,1.28,0,8.75,11.03,2.9,2.01,0.6,40.5,2.9,33,1.49,74,0.09,0,0.04,38.49,77,2.69,9,48,3.16,4.91,11,60,-16,51.87,4.18,0.38,0.45,27.82,98,4.12,10.03,1.28,1.07,0.21,0.68,2.43,3.5,0,37,0.98,38,0.68,25,64,11,22,64,14,20.38,18.75,0.92,98,-1.63,18.81,18.3,0,0,0,0,0,,0,0,,0,0,0,0,0,0,27,10,5.64,32,0.14,0.05,0.02,-0.01,,0.2
Raúl Ignacio Cabral,Sportivo Ameliano,"División Profesional, Paraguay",2026,2047,Left Centre Midfielder,Argentina,21,21/02/05,0.18,0.18,0.06,0.09,0.66,27,40,1,0,0.08,0.18,0.1,1.45,0.18,0.09,1.28,0,0.01,0.18,0.35,0.16,2.11,0.19,1.54,1.06,0.48,69,1.23,0,2.42,2.24,0.44,0.41,0.35,0.4,19.22,8.27,0,4.75,51.9,6.77,3.03,0.97,1.41,65,1.07,1.49,2.15,8,0.53,37,0.57,0,16.14,17.84,4.22,4.57,1.36,53.05,9.01,56,2.81,62,0.31,0,0,38.52,78,4.44,10,64,1.32,6.02,21,74,-4,55.78,6.02,0.33,0.43,36.54,89,4.96,12.62,1.58,1.32,0.26,0.22,1.98,3.3,0.18,6,0.13,21,0.44,17,70,12,25,66,9,21.26,18.59,0.97,98,-2.67,20.57,18.17,0,0,0,0,0,,0,0,,0,0,0,0,0,0,20,9,6.1,44,-0.02,0.06,0.01,-0.03,,0.03
René Osmar Rodríguez Echeverria,Club 2 de Mayo,"División Profesional, Paraguay",2026,619,Right Back,Paraguay,24,12/01/02,0,0,0.02,0.04,0.58,0,0,0,,0,0,0,0,0,0,0,0,0,0,0,0.02,0.58,-0.02,1.02,0.44,0.58,43,1.02,0,0.87,1.16,0.87,0.73,3.34,2.82,10.76,5.09,0,4.8,30.9,11.34,3.05,2.04,2.91,78,1.69,2.42,1.16,75,0.58,53,1.31,0.15,7.56,7.36,2.62,1.31,0.44,36.73,1.89,25,0.73,56,0.15,0,0,35.32,70,2.47,17,40,4.36,5.09,12,56,-14,44.95,4.65,0.12,0.12,31.25,93,6.07,3.78,0.29,0.15,0.15,0,0.73,0.87,0.15,0,0,0,0,40,52,8,27,62,12,21.1,24.44,0.9,88,3.34,19.05,21.54,0,0,0,0,0,,0,0,,0,0,0,0,0,0,30,10,3.26,26,0.06,0.1,-0.01,-0.03,,0.12
René Osmar Rodríguez Echeverria,Club Guaraní,"División Profesional, Paraguay",2026,387,Right Back,Paraguay,24,12/01/02,0,0,0.01,0.01,0.7,0,0,1,,0,0.23,0.03,0.23,0.23,0.03,0.23,0,0,0,0.23,0.04,0.93,0.19,0.7,0.7,0,100,2.09,0,0.46,0.93,1.39,1.03,5.11,3.17,10.46,4.88,0.02,3.02,27.25,10.22,2.56,1.16,2.56,63,0.82,1.85,1.16,0,0.7,57,2.79,0,8.13,6.05,1.16,1.16,0.46,33.49,1.86,23,0.7,60,0,0,0,31.37,72,2.09,21,36,6.27,4.65,17,59,-12,42.45,2.56,0.16,0.16,26.72,95,5,4.18,0.23,0.23,0,0,0.46,0.7,0,100,0.23,25,0.23,35,56,9,22,56,22,23.42,22.38,0.91,82,-1.04,21.34,18.31,0,0,0,0,0,,0,0,,0,0,0,0,0,0,30,12,2.97,22,0.06,0.05,-0.04,-0.02,,0.05
Richard Ortiz,Deportivo Recoleta,"División Profesional, Paraguay",2026,795,Centre Forward,Paraguay,31,03/01/95,0.45,0.45,0.24,0.09,2.72,17,38,7,,0.4,0.11,0.1,0.57,0.11,0.1,0.57,0,0,0,0.57,0.34,3.28,0.22,0.11,0,0.11,0,1.24,0,1.13,1.58,0.34,0.23,0.79,0.76,15.27,6.45,0.02,3.73,57.69,2.72,1.47,0.57,0.91,71,0.64,0.88,2.04,0,0.23,34,1.92,0,12.67,12.26,3.28,3.51,0.45,62.07,9.39,74,3.05,87,0.11,0,0,15.27,65,0.34,79,43,0.91,0.68,26,65,0,58.93,1.24,0.32,0.47,12.33,83,3.43,4.53,0.23,0.23,0,0.23,4.64,4.87,0,0,0.23,40,0.45,19,63,18,20,63,18,14.17,14.17,1.03,102,0,14.59,14.52,0,0,0,0,0,,0,0,,0,0,0,0,0,0,29,9,1.92,14,-0.03,0.03,0.04,0.06,,0.1
Richard Ortiz,Olimpia,"División Profesional, Paraguay",2026,1496,Centre Defensive Midfielder,Paraguay,36,21/05/90,0.18,0.18,0.14,0.13,1.02,18,35,0,,0.16,0,0.03,0.54,0,0.03,0.54,0,0,0,0.18,0.16,1.56,0.02,0.24,0.24,0,100,0.48,0,0.42,0.48,0.84,0.92,2.35,2.8,18.35,9.69,0.01,5.72,38.48,11.01,5.11,1.93,2.77,68,2.05,2.98,2.47,38,0.9,48,1.8,0,13.96,15.81,4.45,4.87,1.68,41,4.57,33,2.53,52,0.42,0,0,42.11,77,3.55,81,55,2.95,5.84,13,67,-10,44.51,3.85,0.47,0.53,28.7,98,2.92,5.96,0.54,0.54,0,0.06,1.62,2.17,0,11,0.06,25,0.12,27,64,9,37,61,2,22.22,20.57,0.93,91,-1.65,20.66,18.69,0,0,0,0,0,,0,0,,0,0,0,0,0,0,25,8,4.25,25,0.01,0.04,0.03,-0.01,,0.08
Richard Prieto,Club Nacional,"División Profesional, Paraguay",2026,1550,Left Back,Paraguay,29,24/02/97,0.06,0.06,0.12,0.07,1.68,3,21,2,,0.09,0.12,0.12,1.34,0.06,0.08,0.81,0.06,0.04,0.52,0.17,0.24,3.02,-0.07,1.34,0.58,0.75,43,2.26,0.06,1.05,2.26,0.81,0.58,1.51,1.25,17.88,9.23,0.02,5.46,46.67,9.41,5.11,1.51,2.32,70,1.52,2.11,1.68,39,0.64,53,1.57,0.06,14.75,14.16,3.89,4.01,1.34,50.61,7.61,52,2.67,67,0.23,0,0,35.3,68,3.6,73,51,2.38,6.15,20,60,-9,54.98,5.05,0.3,0.47,32.28,91,4.32,8.42,1.86,0.87,0.99,0.29,2.15,3.02,0.17,25,0.75,33,0.29,24,66,11,25,68,7,20.72,16.94,0.95,104,-3.78,19.6,17.58,0,0,0,0,0,,0,0,,0,0,0,0,0,0,28,7,4.81,35,0.07,0.09,-0.03,-0.02,,0.11
Richard Sánchez,Olimpia,"División Profesional, Paraguay",2026,925,Right Centre Midfielder,Paraguay,30,28/03/96,0.1,0.1,0.06,0.03,1.75,6,28,1,,0.07,0.29,0.21,1.95,0.29,0.17,1.07,0,0.05,0.88,0.39,0.27,3.7,0.12,0.97,0.78,0.19,80,1.46,0,0.29,1.46,0.68,1.02,0.49,0.67,19.74,10.89,0,8.07,47.24,8.46,3.99,1.65,2.33,55,2.29,3.31,0.88,13,1.36,40,0.39,0,17.21,24.06,6.81,4.77,1.95,48.48,8.46,49,2.82,59,0,0,0,54.85,85,3.99,14,61,0.97,6.03,14,83,-3,52.83,7.39,0.8,0.84,47.95,98,5.22,14.49,2.63,1.65,0.97,0.19,1.46,3.11,0.1,22,0.68,50,0.29,17,72,11,20,74,6,20.16,16.89,0.94,98,-3.27,19.03,16.62,0,0,0,0,0,,0,0,,0,0,0,0,0,0,19,8,8.55,46,0.06,0.08,0.02,-0.05,,0.12
Richard Torales,Club Guaraní,"División Profesional, Paraguay",2026,902,Centre Forward,Paraguay,25,25/02/01,0.2,0.2,0.31,0.11,2.79,7,39,5,,0.28,0.1,0.08,0.6,0.1,0.08,0.6,0,0,0,0.3,0.39,3.39,-0.09,1,0.4,0.6,40,1.1,0.1,1.1,1.89,0.2,0.17,0.9,0.9,20.74,9.47,0,4.69,68.38,4.59,3.49,0.6,0.8,67,0.61,0.78,1,40,0.3,47,4.69,0,19.15,17.72,4.09,3.99,1.1,70.88,16.66,87,3.79,95,0.1,0,0,16.95,62,0.7,4,64,1.1,0.9,34,58,-4,62.14,2.09,0.43,0.6,12.97,80,4.67,6.18,0.9,0.9,0,0.4,6.38,7.28,0,33,0.6,50,0.5,27,59,14,26,66,8,16.89,16.17,1.02,94,-0.73,17.15,15.17,0,0,0,0,0,,0,0,,0,0,0,0,0,0,40,11,3.75,26,0.12,0,0.01,0.01,,0.14
Richard Torales,Sportivo Ameliano,"División Profesional, Paraguay",2026,305,Centre Forward,Paraguay,25,25/02/01,0.59,0.59,0.73,0.18,4.13,14,36,9,,0.78,0,0.02,0.59,0,0.02,0.59,0,0,0,0.59,0.75,4.71,-0.16,2.06,1.47,0.59,71,1.18,0.29,0.88,2.95,0.29,0.39,0.59,0.75,15.62,7.07,0,4.13,71.22,4.13,3.24,0,0.29,0,0,0.39,0.29,0,0.59,67,2.36,0,15.32,18.3,4.13,2.36,0.88,74.44,14.73,96,2.36,100,0,0,0,15.03,64,0.29,6,100,0.59,0.29,28,50,-14,62.2,1.77,0.51,0.7,14.73,76,8.06,4.42,0.59,0.59,0,0.29,9.72,10.31,0,0,0.29,33,0.59,14,62,24,7,73,20,13.86,11.91,1.14,104,-1.94,15.85,12.41,0,0,0,0,0,,0,0,,0,0,0,0,0,0,38,9,3.15,18,-0.06,0.28,0.01,0.43,,0.66
Robert Rojas,Libertad,"División Profesional, Paraguay",2026,1120,Right Centre Back,Paraguay,30,29/04/96,0.08,0.08,0.07,0.08,0.88,9,18,0,,0.05,0,0.01,0.24,0,0.01,0.24,0,0,0,0.08,0.08,1.12,0,0.24,0.08,0.16,33,0.48,0,0.24,0.56,0.8,1.06,4.5,5.35,9.8,3.86,0.06,5.62,27.02,10.2,2.09,1.69,2.49,91,2.12,3.18,0.88,86,0.16,65,3.62,0,7.23,9.92,3.45,2.01,0.96,32.6,1.61,22,0.96,48,0.16,0,0,56.32,87,5.22,8,70,6.03,5.94,14,71,-16,38.89,3.13,0.46,0.49,44.59,99,5.14,4.02,0.16,0.08,0.08,0.16,2.25,2.33,0.08,0,0,0,0.24,26,70,4,38,52,10,22.33,22.39,0.97,96,0.05,21.63,21.59,0,0,0,0,0,,0,0,,0,0,0,0,0,0,19,9,4.67,31,0.08,0.06,-0.06,-0.01,,0.06
Roberto Carlos Ramírez Antúnez,Club Nacional,"División Profesional, Paraguay",2026,1678,Right Defensive Midfielder,Paraguay,26,28/05/00,0,0,0.01,0.01,0.54,0,0,1,,0,0.05,0.02,0.32,0.05,0.02,0.32,0,0,0,0.05,0.02,0.86,0.03,0.38,0.21,0.16,57,1.61,0,0.8,0.75,1.5,1.52,1.5,1.23,22.52,12.17,0.02,8.74,40,12.98,6.27,1.88,3.38,59,1.73,3.25,1.56,35,1.29,61,1.5,0,19.25,18.14,7.19,4.88,1.5,41.17,6.7,35,2.9,59,0.43,0.05,0.05,39.58,78,3,17,55,2.04,4.88,15,76,-2,46.23,3.75,0.3,0.3,30.25,95,4.81,5.95,0.32,0.32,0,0.05,0.16,0.48,0,17,0.05,50,0.05,22,70,8,24,72,4,21.27,18.43,0.93,97,-2.85,19.89,17.94,0,0,0,0,0,,0,0,,0,0,0,0,0,0,21,7,3.73,27,0.01,0.05,-0.04,-0.01,,0
Rodi David Ferreira,Club Rubio Nu,"División Profesional, Paraguay",2026,1756,Right Back,Paraguay,28,28/05/98,0,0,0.04,0.06,0.67,0,8,1,,0.01,0,0.07,0.87,0,0.06,0.67,0,0.01,0.21,0,0.11,1.54,-0.11,0.72,0.41,0.31,57,0.72,0,1.49,1.08,1.23,0.97,2.72,1.76,16.5,9.17,0.01,6.61,35.76,10.71,4.51,2.67,3.9,60,1.88,2.85,1.13,31,1.79,52,1.85,0,12.86,9.01,4.2,2.87,1.03,39.07,3.74,29,1.54,54,0.15,0.05,0,28.96,65,2.31,17,36,3.64,5.48,14,53,-12,50.24,3.33,0.33,0.36,21.73,89,3.89,6.82,1.18,0.67,0.51,0.21,2.36,3.02,0,30,0.62,24,0.21,33,58,8,28,61,11,22.37,19.49,0.89,87,-2.88,19.88,16.98,0,0,0,0,0,,0,0,,0,0,0,0,0,0,35,8,4.39,32,0.1,0.04,0.05,-0.02,,0.16
Rodrigo Alborno Ortega,Club Rubio Nu,"División Profesional, Paraguay",2026,983,Left Back,Paraguay,33,11/08/93,0,0,0.05,0.07,0.64,0,14,1,,0.01,0,0.1,0.82,0,0.1,0.73,0,0,0.09,0,0.15,1.46,-0.15,0.37,0.18,0.18,50,0.55,0,0.46,0.64,1.19,0.82,3.11,2.03,10.16,4.67,0.04,4.12,31.04,7.78,2.47,1.65,2.84,64,1.25,2.07,1.1,33,0.92,63,1.37,0,7.41,5.36,2.65,1.56,0.64,37.13,2.1,28,0.92,59,0.18,0,0,24.71,70,2.56,83,49,3.66,4.67,14,55,-16,46.56,3.2,0.14,0.25,19.4,95,4.5,4.12,1.56,1.19,0.37,0.09,1.56,2.75,0,59,1.1,60,0.09,34,59,6,31,69,0,22.48,18.3,0.93,103,-4.18,20.9,18.94,0,0,0,0,0,,0,0,,0,0,0,0,0,0,32,11,3.14,25,0.15,0.06,0.03,-0.02,,0.21
Rodrigo Morínigo,Libertad,"División Profesional, Paraguay",2026,2461,Goalkeeper,Paraguay,28,06/10/98,0,0,0,,0,,,0,,0,0,0,0,0,0,0,0,0,0,0,0,0,0,0.04,0.04,0,100,0.18,0,0,0,0,0,0.11,0.13,0.04,0.04,0,6.62,3.23,4.42,0,0,0,0,0,0,0,0,0.04,,0,0.04,0.04,0.07,0.04,0,0,13.29,0,0,0,,0.04,0,0,17.26,76,5.01,9,45,1.76,9.58,13,70,-6,10.18,1.02,0.08,0.08,15.47,100,5.1,0.44,0,0,0,0,0,0,0,,0,,0,38,62,0,83,17,0,38.51,39.37,0.76,82,0.86,29.13,32.37,0.88,0.87,0,67,67,0,0.89,2.63,28,9.51,2.12,0.18,0.11,20.22,0,20,2,1.26,8,0.07,0.05,0,,-0.01,0.11
Rodrigo Pérez,Olimpia,"División Profesional, Paraguay",2026,401,Centre Defensive Midfielder,Uruguay,30,22/07/96,0,0,0.02,0.04,0.45,0,50,0,,0.1,0,0.02,0.67,0,0.02,0.67,0,0,0,0,0.04,1.12,-0.04,0,0,0,,2.47,0,0.45,0.67,1.35,1.82,4.49,6.7,13.69,8.75,0.03,6.29,38.96,11.45,4.71,2.24,3.59,71,2.93,4.74,1.35,50,0.9,62,2.92,0,10.1,12.54,4.49,3.82,1.8,44.45,3.82,38,2.02,53,0,0,0,64.2,88,3.59,12,80,5.16,3.82,8,71,-17,48.71,6.51,0.37,0.48,53.42,99,4.62,12.35,0.45,0.45,0,0,1.12,1.57,0,0,0,0,0,15,81,4,22,75,4,18.21,17.86,1,113,-0.35,18.2,20.1,0,0,0,0,0,,0,0,,0,0,0,0,0,0,12,4,5.23,34,0.05,0.09,-0.12,0.03,,0.05
Rodrigo Ruiz Díaz,Club Rubio Nu,"División Profesional, Paraguay",2026,330,Centre Forward,Paraguay,27,14/01/99,0.27,0.27,0.23,0.08,2.73,10,20,6,,0.03,0,0.03,0.82,0,0.03,0.82,0,0,0,0.27,0.26,3.54,0.01,0.82,0.55,0.27,67,0.55,0,0.82,1.64,0.27,0.3,0.27,0.3,16.63,7.63,0.02,5.45,65.75,2.73,1.91,0.82,1.09,75,0.81,1.12,0.55,0,0.27,43,4.36,0,15.27,12.75,4.63,4.09,1.36,68.02,13.09,86,4.09,100,0,0,0,19.63,61,1.36,10,71,0.27,1.91,22,35,-26,64.09,2.18,0.24,0.43,12.54,89,3.75,7.63,0.82,0.82,0,0.27,5.18,6,0,0,0,0,0.82,10,70,19,4,71,25,16.96,12.23,1.02,86,-4.73,17.26,10.55,0,0,0,0,0,,0,0,,0,0,0,0,0,0,31,8,3.44,23,-0.03,0,0.01,-0.23,,-0.25
Rodrigo Ruiz Díaz,Club 2 de Mayo,"División Profesional, Paraguay",2026,890,Centre Forward,Paraguay,27,14/01/99,0.2,0.2,0.18,0.08,2.12,10,33,5,,0.13,0.1,0.12,1.11,0.1,0.12,1.11,0,0,0,0.3,0.3,3.24,0,0.3,0.2,0.1,67,0.71,0,1.01,1.62,0.4,0.35,0.91,0.71,15.99,7.79,0.01,2.23,60.85,3.14,2.33,0.61,1.01,75,0.62,0.97,0.91,0,0.2,24,1.82,0,14.47,12,2.12,3.44,0.61,64.69,11.64,80,2.63,76,0.51,0,0,16.9,71,0.61,13,50,1.21,0.91,24,64,-8,60.1,1.92,0.19,0.37,13.46,83,4.38,6.58,0.51,0.51,0,0.2,5.16,5.67,0,20,0.2,33,0.71,16,64,20,11,77,12,16.26,15.89,0.98,101,-0.37,15.87,16.02,0,0,0,0,0,,0,0,,0,0,0,0,0,0,28,8,3.18,29,-0.02,-0.01,0,0.02,,-0.01
Rodrigo Villalba,Cerro Porteño,"División Profesional, Paraguay",2026,427,Right Back,Paraguay,20,08/05/06,0,0,0,,0,,,0,,0,0,0.12,1.26,0,0.12,1.26,0,0,0,0,0.12,1.26,-0.12,1.05,0.63,0.42,60,0.42,0,0.42,1.05,1.47,1.63,1.68,1.93,17.05,8.21,0.07,4.42,36.99,10.74,5.05,0.63,2.11,50,0.77,2.4,3.16,25,0.63,60,1.89,0,13.26,16.05,3.16,3.37,0.42,41.04,4.84,37,2.32,69,0,0,0.21,43.37,81,4.84,12,74,2.11,6.11,8,75,-6,53.51,5.26,0.44,0.48,37.48,97,3.94,11.16,1.68,1.68,0,0,0.21,1.89,0,38,0.84,27,0,21,64,15,21,66,13,19.34,15.25,0.98,119,-4.09,18.94,18.19,0,0,0,0,0,,0,0,,0,0,0,0,0,0,22,8,5.75,41,0.12,0.09,-0.13,,,0.09
Rodrigo Villalba,Libertad,"División Profesional, Paraguay",2026,781,Right Midfielder,Paraguay,20,01/03/06,0.23,0.23,0.2,0.1,1.96,12,47,3,,0.25,0,0.2,2.19,0,0.16,1.84,0,0.03,0.35,0.23,0.4,4.15,-0.17,3.46,2.3,1.15,67,1.27,0,3.23,3.69,0,0,0.81,1.12,18.32,8.18,0,5.07,53.98,7.03,4.38,1.73,1.73,65,2.33,2.33,1.73,55,0.92,33,0.69,0,14.86,19.92,4.03,5.18,1.84,55.38,9.33,63,4.15,80,0,0,0,29.95,68,2.76,15,56,0.92,4.84,22,69,1,62.86,3.23,0.48,0.66,34.56,82,6.96,10.37,1.84,0.92,0.92,1.04,3.57,4.49,0,31,0.81,27,1.04,14,67,18,10,69,21,19.68,14.1,0.94,104,-5.58,18.6,14.71,0,0,0,0,0,,0,0,,0,0,0,0,0,0,28,5,6.65,38,0.1,0.11,0,0.1,,0.3
Romeo Benítez,Olimpia,"División Profesional, Paraguay",2026,1046,Left Midfielder,Paraguay,24,13/11/02,0.09,0.09,0.15,0.06,2.58,3,33,3,,0.14,0.43,0.18,1.81,0.43,0.16,1.64,0,0.02,0.17,0.52,0.33,4.39,0.19,5.34,2.75,2.58,52,1.81,0,2.58,5.59,0.34,0.48,0.43,0.58,11.79,5.51,0,3.1,57.19,5.94,4.22,1.38,1.72,76,1.81,2.28,1.12,44,0.43,9,0.09,0,9.3,12.6,2.24,2.67,0.86,59,6.63,71,2.32,87,0.26,0,0,27.71,65,1.2,9,29,0.6,3.96,13,60,-5,66.55,3.44,0.62,0.82,36.15,80,7.49,10.76,1.98,1.46,0.52,0.69,4.13,5.59,0,39,1.2,27,0.77,8,74,18,14,68,18,19.13,14.08,0.89,108,-5.06,16.98,15.16,0,0,0,0,0,,0,0,,0,0,0,0,0,0,30,7,5.9,30,0.04,0.18,-0.01,-0.05,,0.15
Ronal Domínguez,Deportivo Recoleta,"División Profesional, Paraguay",2026,948,Right Defensive Midfielder,Paraguay,34,18/07/92,0,0,0.03,0.1,0.28,0,0,0,,0,0.19,0.05,0.66,0.19,0.05,0.57,0,0,0.09,0.19,0.08,0.95,0.11,0.19,0.09,0.09,50,0.66,0,0.85,0.57,0.95,0.93,1.23,1.31,24.3,13.67,0.01,8.35,40.68,9.49,3.42,2.66,3.61,70,2.35,3.27,2.09,29,1.14,46,1.23,0,19.65,18.24,6.65,4.75,1.61,42.23,6.17,31,2.09,44,0.19,0,0,43.95,83,3.32,9,63,1.33,5.22,13,72,-11,47.25,4.56,0.46,0.49,33.99,97,4,7.12,0.76,0.57,0.19,0.09,0.76,1.33,0,25,0.28,60,0.19,19,70,12,31,63,7,20.51,14.08,0.96,104,-6.43,19.76,14.62,0,0,0,0,0,,0,0,,0,0,0,0,0,0,20,8,4.4,37,0.06,0.05,0.04,-0.02,,0.13
Ronaldo Báez,Sportivo Trinidense,"División Profesional, Paraguay",2026,541,Left Midfielder,Paraguay,28,22/03/98,0,0,0.2,0.17,1.16,0,43,3,,0.2,0.17,0.07,1.33,0.17,0.06,1.16,0,0.01,0.17,0.17,0.26,2.49,-0.1,1.33,0.5,0.83,38,1,0,1.66,2,0.33,0.2,0,0,14.8,5.49,0.03,4.49,51.38,6.82,2.49,0.83,1.16,56,0.83,1.03,1.16,20,0.67,14,0.17,0,12.97,8.94,3.66,3.49,1.16,52.7,6.98,54,2.83,81,0.33,0,0,18.79,67,1,77,60,0.17,1.5,27,63,-4,56.02,2.66,0.29,0.46,18.79,83,6.66,4.99,1.16,1,0.17,0.33,4.32,5.32,0,29,0.67,67,1,19,68,13,20,67,13,17.06,13.8,1,121,-3.26,17.07,16.74,0,0,0,0,0,,0,0,,0,0,0,0,0,0,33,13,4.69,32,-0.02,0.06,0,0.05,,0.09
Roque Santa Cruz,Club Nacional,"División Profesional, Paraguay",2026,1032,Centre Forward,Paraguay,45,15/08/81,0.44,0.44,0.28,0.19,1.48,29,47,2,,0.29,0,0.04,0.52,0,0.04,0.52,0,0,0,0.44,0.32,2.01,0.11,0.35,0.26,0.09,75,1.13,0,1.48,2.44,0.09,0.09,1.22,1.2,17.53,7.94,0.01,6.54,62.11,5.23,3.75,0.52,0.61,100,0.56,0.66,0.96,,0,43,4.71,0,16.14,17.03,5.93,3.23,1.57,66.43,13.52,84,2.7,84,0.09,0,0,22.68,74,0.26,22,50,1.48,0.26,30,56,-18,60.52,1.22,0.49,0.62,16.14,83,3.65,7.15,0.52,0.52,0,0.35,5.41,5.93,0.09,33,0.26,75,0.7,14,65,22,21,57,22,12.74,13.81,1.03,100,1.06,13.08,13.76,0,0,0,0,0,,0,0,,0,0,0,0,0,0,29,9,4.17,27,-0.04,-0.01,0.01,0.03,,-0.01
Rubén Lezcano,Olimpia,"División Profesional, Paraguay",2026,1135,Right Midfielder,Paraguay,22,08/02/04,0.16,0.16,0.21,0.1,2.14,7,30,3,,0.33,0.16,0.19,2.14,0.16,0.16,1.67,0,0.03,0.48,0.32,0.4,4.28,-0.08,1.82,1.03,0.79,57,0.56,0,2.14,2.78,0.4,0.39,0.4,0.6,15.55,6.66,0.01,5.08,55.27,6.66,4.36,1.43,1.82,69,1.84,2.22,0.48,42,0.63,24,0.32,0,13.64,17.53,4.52,4.44,1.59,57.66,8.65,63,3.89,88,0.08,0,0,30.46,79,3.17,90,70,1.03,3.89,16,74,-5,62.59,3.01,0.48,0.61,29.91,86,5.4,13.01,1.75,1.03,0.71,0.87,5.32,6.35,0.08,14,0.71,53,0.87,15,72,13,20,68,12,19.86,17.82,0.99,98,-2.04,19.75,17.48,0,0,0,0,0,,0,0,,0,0,0,0,0,0,21,8,7.21,36,0.09,0.08,0,0.02,,0.19
Santiago Gerardo Rojas López,Club Nacional,"División Profesional, Paraguay",2026,2972,Goalkeeper,Paraguay,30,04/04/96,0,0,0,0.01,0.03,0,0,0,,0,0.03,0.01,0.12,0.03,0,0.09,0,0,0.03,0.03,0.01,0.15,0.02,0,0,0,,0.24,0,0,0,0,0,0.03,0.01,0,0,0,5.48,3.01,4.3,0.03,0,0,0,0,0,0,0,0.03,0,0,0.03,0,0,0,0,0,,0,,0,,0.18,0,0,27.83,72,9.08,5,46,2.88,16.75,11,70,-2,13.99,2.36,0.23,0.23,23.29,100,4.43,0.88,0.15,0.06,0.09,0,0,0.06,0.03,0,0,,0,38,61,0,93,7,0,44.03,45.05,0.77,87,1.02,33.96,39,0.61,0.62,0.01,75,74,0,0.71,2.39,25,9.48,2,0.21,0.21,16.22,0,25,3,2.18,15,0.13,0.08,0,0,-0.01,0.19
Santiago Mosquera,Cerro Porteño,"División Profesional, Paraguay",2026,309,Right Midfielder,Colombia,31,06/02/95,0,0,0.08,0.04,1.75,0,33,2,,0.04,0,0.08,0.87,0,0.05,0.58,0,0.03,0.29,0,0.16,2.62,-0.16,2.04,0.87,1.17,43,1.17,0,2.62,3.21,0,0,1.17,1.31,15.16,4.96,0,4.08,60.31,5.25,3.21,0.87,0.87,100,1.28,1.28,0.29,,0,40,0.58,0,14,16.66,4.08,3.5,1.17,64.47,10.5,75,3.21,92,0,0,0,29.45,56,0.87,17,16,2.33,4.37,20,36,-20,64.46,1.17,0.57,0.68,31.2,84,6.46,7.58,1.46,1.17,0.29,0,4.08,5.25,0,20,0.58,8,0,11,75,15,15,65,19,22.89,20.48,0.79,62,-2.4,18.07,12.73,0,0,0,0,0,,0,0,,0,0,0,0,0,0,35,11,5.51,47,-0.09,0.07,0.04,-0.09,,-0.07
Santiago Ocampos Ibarra,Club Sportivo Luqueño,"División Profesional, Paraguay",2026,973,Right Back,Paraguay,24,21/01/02,0,0,0,0.01,0.28,0,0,0,,0,0,0.06,0.83,0,0.06,0.83,0,0,0,0,0.06,1.11,-0.06,0.83,0.83,0,100,1.29,0,0.55,1.02,0.92,0.86,2.59,2.54,12.3,6.57,0.02,5.46,33.42,8.51,2.31,1.57,2.5,74,1.67,2.53,0.37,67,0.55,59,0.92,0,10.36,11.14,3.88,1.66,0.55,38.51,3.33,32,0.92,56,0.09,0,0,40.51,74,1.85,16,29,3.14,5.92,9,55,-19,49.64,4.62,0.2,0.23,34.87,97,3.63,7.68,1.29,1.02,0.28,0.28,0.65,1.66,0,43,0.92,42,0.37,32,58,10,34,53,13,20.47,17.56,0.85,89,-2.91,17.39,15.7,0,0,0,0,0,,0,0,,0,0,0,0,0,0,30,10,3.42,29,0.15,0.04,0.03,-0.01,,0.21
Sebastian Fabian Aranda Marin,Sportivo Ameliano,"División Profesional, Paraguay",2026,706,Left Midfielder,Paraguay,19,05/08/07,0,0,0.06,0.05,1.28,0,10,3,,0,0,0.07,1.02,0,0.06,0.89,0,0,0.13,0,0.13,2.3,-0.13,1.15,0.51,0.64,44,1.79,0,1.79,2.04,0.38,0.35,0.13,0.15,26.52,12.62,0,7.52,52.6,5.61,2.68,1.79,2.17,74,1.88,2.24,2.55,50,0.64,21,0.38,0,22.31,23.9,6.76,5.36,1.4,53.35,12.24,55,4.21,79,0.38,0,0,20.4,72,1.4,79,85,0.26,1.53,28,72,1,56.79,1.79,0.31,0.4,21.42,85,6.16,5.87,0.64,0.51,0.13,0.38,3.57,4.08,0,40,0.51,57,0.51,15,62,22,11,63,26,15.29,13.46,1.07,108,-1.83,16.41,14.48,0,0,0,0,0,,0,0,,0,0,0,0,0,0,27,12,3.97,29,0.01,0.07,0.01,-0.06,,0.04
Sebastián Ferreira,Olimpia,"División Profesional, Paraguay",2026,1074,Centre Forward,Paraguay,28,12/02/98,0.34,0.34,0.35,0.15,2.35,14,50,5,0,0.57,0,0.11,1.34,0,0.11,1.34,0,0,0,0.34,0.47,3.69,-0.13,0.5,0.17,0.34,33,1.01,0,0.92,2.43,0.17,0.21,0.34,0.46,16.67,7.37,0.03,4.27,66.41,3.02,1.68,0.92,1.09,73,1.23,1.43,0.75,33,0.34,37,2.09,0,15,19.56,3.85,3.18,0.75,69.21,12.4,83,2.6,82,0.17,0,0.08,16.84,69,0.92,20,69,0.5,1.17,32,63,-6,61.1,1.09,0.5,0.8,13.66,85,3.61,5.61,0.42,0.42,0,0.59,8.29,8.71,0.25,0,0,0,0.92,12,65,23,9,72,19,16.04,14.15,1.01,105,-1.89,16.28,14.87,0,0,0,0,0,,0,0,,0,0,0,0,0,0,35,13,3.63,20,-0.05,0,0.01,0.22,,0.17
Sebastián Lentinelly,Olimpia,"División Profesional, Paraguay",2026,394,Goalkeeper,Uruguay,29,06/08/97,0,0,0,,0,,,0,,0,0,0,0,0,0,0,0,0,0,0,0,0,0,0,0,0,,0,0,0,0,0,0,0,0,0.23,0.23,0,6.62,2.39,2.28,0,0,0,,0,0,0,,0,,0,0,0.23,0.29,0,0,0,9.27,0,0,0,,0,0,0,16.66,85,2.74,24,46,0.46,5.48,5,80,-5,11.37,0.68,0.19,0.19,14.61,100,4.18,0.46,0,0,0,0,0,0,0,,0,,0,30,70,0,100,0,0,27.7,35.22,0.81,82,7.52,22.46,28.76,1.37,1.22,-0.15,54,59,-5,1.03,2.97,29,10.27,2.09,0,0,18.16,1,12,4,1.71,9,0.05,0.03,,,-0.12,-0.04
Sebastián Maldonado,Club Sportivo Luqueño,"División Profesional, Paraguay",2026,592,Left Back,Paraguay,26,06/05/00,0,0,0,,0,,,0,,0,0,0.01,0.15,0,0.01,0.15,0,0,0,0,0.01,0.15,-0.01,0.3,0.15,0.15,50,0.46,0,1.82,0.3,1.67,1.2,1.82,1.08,23.55,10.64,0.01,8.51,34.01,10.94,3.49,4.25,5.93,85,3.06,4.26,0.91,58,0.76,73,1.67,0.15,18.38,13.23,6.08,5.32,1.82,37.38,5.62,31,3.34,63,0.15,0,0,31.76,63,2.43,81,46,2.58,4.56,16,63,-1,47.58,2.58,0.16,0.17,23.4,91,4.37,5.32,0.91,0.91,0,0,0.61,1.52,0,67,0.76,50,0.3,38,58,4,26,74,0,21.39,19.47,0.92,97,-1.91,19.61,18.82,0,0,0,0,0,,0,0,,0,0,0,0,0,0,35,9,3.01,24,0.09,0.04,0.11,,,0.24
Sebastián Zaracho,Club Guaraní,"División Profesional, Paraguay",2026,1891,Left Centre Back,Paraguay,27,19/01/99,0.1,0.1,0.06,0.1,0.62,15,23,0,,0.04,0.05,0.03,0.14,0.05,0.03,0.14,0,0,0,0.14,0.1,0.76,0.05,0.24,0.19,0.05,80,0.38,0,0.38,0.19,0.81,0.71,5.57,4.47,8.04,3.43,0.05,4.66,22.39,10.85,1.62,0.62,1.43,76,0.55,1.26,1.43,33,0.19,68,3.9,0.05,6.14,5.42,2.52,0.76,0.24,27.21,1,16,0.33,44,0.29,0,0,39.45,80,4.62,89,58,6.8,6.66,14,53,-27,34.53,2.62,0.24,0.26,29.79,98,3.57,3,0.05,0.05,0,0.24,1.81,1.86,0,0,0,,0.29,31,68,2,44,52,3,24.71,23.82,0.93,95,-0.89,22.96,22.53,0,0,0,0,0,,0,0,,0,0,0,0,0,0,19,6,1.89,15,0.08,0.04,0.02,-0.03,,0.1
Sergio Daniel Fretes Galeano,Club 2 de Mayo,"División Profesional, Paraguay",2026,549,Left Midfielder,Paraguay,27,06/02/99,0,0,0.18,0.1,1.8,0,9,3,,0.01,0.16,0.13,1.8,0.16,0.12,1.64,0,0,0.16,0.16,0.31,3.61,-0.15,2.79,0.49,2.29,18,0.82,0,0.66,3.61,0.33,0.22,0.33,0.36,22.12,10.82,0,6.06,50.4,6.39,3.61,2.29,2.62,67,1.9,2.12,1.31,30,1.15,33,0.98,0,18.68,15.43,4.92,4.1,1.47,51.02,8.52,46,3.11,76,0.33,0,0,34.25,73,1.97,16,63,0.66,2.79,19,68,-5,64.32,4.92,0.43,0.55,33.59,89,5.77,15.08,1.64,0.98,0.66,0.33,4.1,5.08,0,50,0.82,24,0.98,16,66,18,18,57,25,17.65,15.68,0.95,88,-1.97,16.74,13.81,0,0,0,0,0,,0,0,,0,0,0,0,0,0,27,9,6.67,50,0.01,0.08,0.01,-0.02,,0.08
Sergio Díaz,Club Sportivo Luqueño,"División Profesional, Paraguay",2026,1039,Centre Attacking Midfielder,Paraguay,28,04/03/98,0.17,0.17,0.16,0.1,1.56,11,22,1,,0.14,0,0.03,0.95,0,0.02,0.78,0,0.01,0.17,0.17,0.19,2.51,-0.02,1.56,1.21,0.35,78,2.6,0,2.51,2.43,0.09,0.1,0,0,15.86,7.97,0,5.55,53.09,7.11,3.38,1.82,1.91,88,1.96,2.06,1.21,71,0.26,33,0.52,0,12.82,13.19,4.51,2.86,1.47,53.68,7.63,59,1.91,67,0.09,0,0,41.68,86,2.51,18,66,0,3.81,20,77,-9,55.78,5.98,0.43,0.52,43.06,90,6.3,12.82,0.95,0.69,0.26,0.17,1.99,2.69,0,18,0.35,67,0.35,11,75,14,19,72,9,18.32,13.37,0.98,104,-4.95,18.02,13.91,0,0,0,0,0,,0,0,,0,0,0,0,0,0,20,11,5.42,45,-0.03,0.1,0.01,0.01,,0.09
Sergio Mendoza,Sportivo Trinidense,"División Profesional, Paraguay",2026,1934,Left Back,Paraguay,32,26/05/94,0.05,0.05,0.02,0.08,0.28,17,17,0,,0.04,0,0.03,0.61,0,0.02,0.56,0,0,0.05,0.05,0.05,0.88,0,0.28,0.23,0.05,83,0.88,0,0.47,0.47,1.35,0.98,2.7,2.03,15.22,7.68,0.02,6.19,35.48,10.71,3.82,1.68,3.03,67,1.41,2.4,1.44,53,0.84,38,0.84,0.05,12.15,9.57,4.65,2.7,1.21,40.55,4,33,1.86,69,0.37,0,0,31.14,65,3.07,83,41,3.44,6.75,11,60,-5,51.38,5.03,0.3,0.32,20.94,96,4.51,7.07,1.86,0.98,0.88,0.09,0.65,1.63,0.05,33,0.74,33,0.19,40,52,7,39,56,5,24.03,21.54,0.91,88,-2.49,21.85,18.92,0,0,0,0,0,,0,0,,0,0,0,0,0,0,34,9,4.43,29,0.17,0.04,0.04,0.01,,0.26
Sergio Sanabria,Club 2 de Mayo,"División Profesional, Paraguay",2026,1320,Centre Defensive Midfielder,Paraguay,27,15/05/99,0,0,0,0.01,0.2,0,0,0,,0,0,0.01,0.2,0,0.01,0.2,0,0,0,0,0.01,0.41,-0.01,0.48,0.27,0.2,57,0.75,0,0.41,0.82,1.3,1.39,2.45,2.17,22.71,13.23,0.03,8.66,37.27,15,4.57,2.66,3.95,80,2.88,4.27,1.43,53,0.68,49,1.84,0,18.62,19.09,6.61,5.11,1.91,39.72,5.11,27,2.25,44,0.34,0,0.07,41.87,85,2.93,27,70,3.41,3.2,18,80,-4,44.79,3,0.4,0.4,30.07,97,5.15,4.16,0,0,0,0.14,0.14,0.14,0,,0,0,0.14,20,71,9,23,75,2,19.55,19.64,0.99,97,0.1,19.27,19.14,0,0,0,0,0,,0,0,,0,0,0,0,0,0,21,10,3.29,25,0.02,0.05,0,-0.01,,0.07
Silvio Gabriel Torales Castillo,Club Nacional,"División Profesional, Paraguay",2026,318,Right Defensive Midfielder,Paraguay,35,22/09/91,0,0,0.01,0.02,0.57,0,50,1,,0,0,0.03,0.85,0,0.03,0.85,0,0,0,0,0.04,1.41,-0.04,0,0,0,,1.41,0,0.28,0.28,2.55,3.17,2.83,3.56,12.17,7.64,0,6.23,44.31,10.47,6.51,1.13,3.68,67,1.12,4.29,0.85,50,0.57,63,2.83,0.28,10.19,11.62,3.96,3.11,1.41,50.14,5.38,53,2.26,73,0,0,0,34.81,84,1.98,10,58,3.68,2.55,18,65,-19,49.75,3.96,0.38,0.39,27.45,98,3.59,7.07,0,0,0,0,0.85,0.85,0,,0,,0.57,22,72,6,16,80,4,20.27,18.52,0.97,84,-1.75,19.66,15.6,0,0,0,0,0,,0,0,,0,0,0,0,0,0,13,8,4.3,31,0,0.04,-0.07,-0.02,,-0.05
Teodoro Paredes,San Lorenzo,"División Profesional, Paraguay",2026,422,Right Centre Back,Paraguay,33,31/03/93,0,0,0.03,0.08,0.43,0,0,0,,0,0,0.11,0.64,0,0.11,0.64,0,0,0,0,0.14,1.07,-0.14,0,0,0,,0,0,0,0.43,1.71,1.39,5.33,3.77,7.47,3.84,0.06,4.05,20.92,10.88,1.49,1.71,3.41,89,0.69,2.07,0.85,0,0.21,54,3.2,0,4.91,2.41,2.35,0.64,0.43,26.31,0.43,9,0,0,0.21,0,0,37.98,72,4.48,15,46,5.76,9.39,9,53,-19,34.57,1.92,0.13,0.16,26.24,98,3.81,2.35,0.21,0.21,0,0.43,2.13,2.35,0,0,0,,0.43,37,58,5,55,45,0,28.44,19.95,0.87,107,-8.49,24.72,21.32,0,0,0,0,0,,0,0,,0,0,0,0,0,0,30,7,1.51,16,0.11,0,0.09,-0.04,,0.16
Thiago Adalberto Franco Paniagua,Club Sportivo Luqueño,"División Profesional, Paraguay",2026,312,Centre Attacking Midfielder,Paraguay,19,15/01/07,0.29,0.29,0.2,0.14,1.44,20,40,3,,0.33,0,0.03,0.29,0,0.03,0.29,0,0,0,0.29,0.23,1.73,0.06,1.16,0.87,0.29,75,0.58,0,1.16,2.31,0,0,0.58,0.7,19.65,8.09,0,6.07,54.77,4.62,2.6,1.16,1.16,67,1.41,1.41,1.73,33,0.58,33,1.44,0,17.05,17.57,5.2,1.44,0,55.57,10.69,63,1.16,80,0.29,0,0.29,17.62,68,0.29,56,50,0.87,0.29,30,68,0,56.56,2.89,0.11,0.3,15.89,84,4.63,4.33,0.29,0.29,0,0,1.73,2.02,0,0,0.29,25,0,24,63,13,33,60,7,15.95,14.97,1,109,-0.99,15.92,16.25,0,0,0,0,0,,0,0,,0,0,0,0,0,0,40,10,1.96,19,-0.03,0,0,0.11,,0.09
Thiago Adrián Servín Aguilar,Club Guaraní,"División Profesional, Paraguay",2026,1606,Left Back,Paraguay,23,04/06/03,0,0,0.02,0.07,0.34,0,33,0,,0.04,0.06,0.06,0.28,0.06,0.06,0.22,0,0,0.06,0.06,0.09,0.62,-0.03,0.84,0.5,0.34,60,0.62,0,0.5,0.78,1.18,1.05,3.75,3.22,16.19,8.35,0.03,7.4,30.27,11.38,3.14,2.3,3.47,79,1.74,2.78,1.34,63,0.62,55,1.85,0,12.55,9.2,4.99,2.97,1.29,32.13,2.24,18,1.18,40,0.11,0,0,36.2,71,2.19,85,43,4.26,4.54,12,57,-15,41.78,3.87,0.27,0.28,27.74,96,4.5,4.15,0.34,0.17,0.17,0,0.39,0.56,0.06,50,0.22,25,0,31,63,5,36,61,3,22.07,18.98,0.94,98,-3.09,20.64,18.57,0,0,0,0,0,,0,0,,0,0,0,0,0,0,31,11,2.45,20,0.07,0.05,0.04,0.01,,0.16
Thiago Fernández,Libertad,"División Profesional, Paraguay",2026,733,Right Centre Back,Paraguay,19,07/07/07,0,0,0.02,0.17,0.12,0,0,0,,0,0,0,0,0,0,0,0,0,0,0,0.02,0.12,-0.02,0,0,0,,0.25,0,0.12,0.12,0.74,1.13,3.44,4.24,8.22,4.54,0.12,4.05,23.67,8.1,0.86,0.86,1.6,88,1.1,2.23,1.47,67,0.12,42,1.23,0,5.89,6.87,1.96,0.74,0.12,27.63,0.74,13,0.25,33,0.12,0,0,53.4,90,4.54,7,66,3.93,6.38,8,69,-20,33.69,2.82,0.43,0.45,43.33,99,3.84,2.33,0.25,0.25,0,0,0.25,0.49,0,0,0,,0,26,73,1,58,42,0,23.18,23.08,0.95,90,-0.1,21.97,20.75,0,0,0,0,0,,0,0,,0,0,0,0,0,0,13,6,2.59,17,0.06,0.04,-0.03,-0.03,,0.05
Thomás Serna,Club Nacional,"División Profesional, Paraguay",2026,2283,Left Centre Back,Colombia,26,29/02/00,0.04,0.04,0.04,0.08,0.43,9,9,0,,0.02,0.04,0.02,0.04,0.04,0.02,0.04,0,0,0,0.08,0.06,0.47,0.02,0.2,0.16,0.04,80,0.79,0.08,0.12,0.2,0.71,0.73,5.44,5.29,6.66,3,0.09,4.1,24.99,10.64,1.34,0.71,1.42,100,0.87,1.6,0.95,100,0,68,3.47,0.04,5.05,5.54,2.17,1.06,0.55,30.6,0.87,17,0.47,44,0.16,0,0,40.92,86,3.55,86,64,6.7,4.26,14,63,-24,34.86,1.77,0.34,0.38,29.65,99,4.38,2.05,0.08,0.08,0,0.16,1.38,1.46,0,0,0,0,0.16,31,66,4,48,48,4,23.36,23.29,0.97,91,-0.07,22.59,21.23,0,0,0,0,0,,0,0,,0,0,0,0,0,0,18,8,3.61,23,0.08,0.02,0,-0.03,,0.07
Tiago Caballero,Olimpia,"División Profesional, Paraguay",2026,504,Centre Forward,Paraguay,21,26/05/05,0,0,0.15,0.08,1.96,0,18,4,,0.19,0,0.12,0.89,0,0.12,0.89,0,0,0,0,0.28,2.86,-0.28,0.54,0.54,0,100,1.25,0,0.36,2.68,0.36,0.11,1.25,1.07,15.88,6.96,0.04,3.21,59.69,4.28,2.32,0.89,1.25,83,0.97,1.09,1.78,67,0.18,55,4.1,0,13.21,14.17,3.03,2.68,0.54,65.56,10.53,80,2.14,80,0.36,0,0,21.95,57,0.18,8,17,1.43,0.89,28,42,-15,62.32,0.89,0.21,0.38,14.81,90,2.34,6.6,0.54,0.54,0,0.54,7.14,7.67,0,0,0.18,20,1.25,21,66,13,11,81,8,17.14,16.12,0.89,101,-1.02,15.22,16.2,0,0,0,0,0,,0,0,,0,0,0,0,0,0,38,6,2.61,15,-0.14,-0.02,0.01,-0.02,,-0.17
Tobías Morinigo,Sportivo Trinidense,"División Profesional, Paraguay",2026,1846,Left Midfielder,Paraguay,21,21/09/05,0.1,0.1,0.14,0.1,1.46,7,23,2,,0.08,0.2,0.14,1.51,0.15,0.11,1.07,0.05,0.04,0.44,0.29,0.29,2.97,0,2.39,1.32,1.07,55,0.98,0.05,2.49,3.8,0.83,0.56,0.93,0.64,23.5,11.17,0.01,6.49,48.84,6.92,3.36,2,2.83,67,1.6,2.16,1.85,49,0.98,38,0.78,0,19.65,15.22,5.27,5.07,1.46,51.17,9.8,50,3.85,76,0.24,0,0,21.65,54,1.9,81,35,1.76,4.58,20,52,-2,61.6,2.1,0.31,0.48,25.16,80,5.39,6.44,2.63,1.76,0.88,0.34,2.73,4.49,0.05,41,1.32,38,0.39,25,67,8,18,73,9,22.41,18.74,0.87,83,-3.67,19.58,15.47,0,0,0,0,0,,0,0,,0,0,0,0,0,0,42,10,5.69,39,0.11,0.1,-0.02,-0.03,,0.16
Tobías Zarza,San Lorenzo,"División Profesional, Paraguay",2026,417,Right Midfielder,Paraguay,17,05/05/09,0,0,0.03,0.03,0.86,0,0,2,,0,0,0.08,1.08,0,0.04,0.65,0,0.04,0.43,0,0.1,1.94,-0.1,1.51,0.86,0.65,57,2.81,0,1.94,2.38,0.65,0.28,0.43,0.43,22.03,10.37,0.01,4.1,51.03,4.97,3.02,1.73,2.38,73,1.34,1.62,1.3,25,0.65,36,0.86,0,19.22,12.28,3.24,4.54,0.86,54.09,10.15,53,3.02,67,0.43,0,0,14.47,53,1.73,85,50,1.08,2.81,16,71,18,62.82,2.38,0.09,0.13,15.55,78,6.85,4.32,1.08,0.65,0.43,0.22,1.51,2.16,0,60,0.65,60,0.22,23,66,10,25,55,20,19.43,15.08,0.88,123,-4.36,17.03,18.55,0,0,0,0,0,,0,0,,0,0,0,0,0,0,47,7,3.87,42,0.2,0.06,-0.03,-0.03,,0.2
Tomás Canteros,Club Rubio Nu,"División Profesional, Paraguay",2026,488,Goalkeeper,Argentina,25,15/07/01,0,0,0,,0,,,0,,0,0,0,0,0,0,0,0,0,0,0,0,0,0,0,0,0,,0.18,0,0,0,0,0,0,0,0.37,0.18,0,7.92,3.64,5.34,0,0,0,,0,0,0,100,0,,0,0,0.37,0.37,0.18,0,0,13.13,0,0,0,,0,0,0,19.71,60,7,13,38,2.95,15.29,14,45,-14,13.37,0.92,0.06,0.06,16.21,100,6.41,0.18,0,0,0,0,0,0,0,,0,,0,56,44,0,100,0,0,44.91,44.19,0.76,79,-0.72,34.34,35,1.84,1.62,-0.22,60,65,-5,0.98,4.61,42,11.06,2.18,0,0,18.44,0,39,2,1.29,9,0.11,0.11,,,-0.08,0.14
Tomás Ezequiel Rayer,Sportivo Trinidense,"División Profesional, Paraguay",2026,1728,Right Midfielder,Argentina,25,08/12/01,0.05,0.05,0.1,0.08,1.35,4,42,3,,0.09,0.05,0.15,0.83,0.05,0.15,0.83,0,0,0,0.1,0.26,2.19,-0.15,1.41,0.78,0.63,56,1.25,0,1.04,2.29,0.83,0.55,0.63,0.43,27.4,12.45,0,8.49,53.73,7.5,3.85,2.5,3.33,70,1.71,2.26,1.67,46,1.09,24,0.68,0,23.23,16.78,7.29,6.15,2.24,56,14.22,61,5.16,84,0.16,0,0,21.72,74,0.57,13,48,0.89,0.94,25,65,-9,56.48,1.61,0.23,0.37,21.77,87,4.48,6.56,0.89,0.78,0.1,0.36,3.75,4.53,0.05,18,0.36,28,0.57,19,66,16,16,64,20,15.75,13.07,0.97,111,-2.67,15.35,14.52,0,0,0,0,0,,0,0,,0,0,0,0,0,0,29,11,3.71,27,-0.01,0.06,0.01,-0.04,,0.02
Ulises Coronel,Club 2 de Mayo,"División Profesional, Paraguay",2026,803,Left Back,Paraguay,28,27/07/98,0,0,0.08,0.05,1.68,0,33,2,,0.09,0,0.07,1.01,0,0.05,0.9,0,0.02,0.11,0,0.15,2.69,-0.15,2.35,1.57,0.78,67,0.45,0,1.57,1.68,1.01,1.05,1.34,1.53,11.21,4.82,0.02,4.03,45.64,9.19,3.92,1.23,2.24,73,1.08,2.13,0.67,33,0.45,58,1.57,0,9.41,8.41,2.8,2.47,1.12,49.92,4.82,51,1.9,77,0,0,0,43.14,79,2.35,65,49,2.35,3.81,20,70,-9,53.66,6.84,0.44,0.52,40.45,93,5.23,13,1.12,0.9,0.22,0,1.12,2.02,0,30,0.45,22,0.34,23,67,10,22,70,8,19.35,18.67,0.94,93,-0.69,18.13,17.27,0,0,0,0,0,,0,0,,0,0,0,0,0,0,20,6,4.63,36,0.03,0.1,0.06,0.03,,0.22
Valentín Larralde,Sportivo Ameliano,"División Profesional, Paraguay",2026,2328,Right Centre Midfielder,Argentina,26,14/11/00,0,0,0.08,0.06,1.31,0,15,1,,0.03,0.04,0.03,0.93,0.04,0.03,0.89,0,0,0.04,0.04,0.11,2.24,-0.07,1.24,0.73,0.5,59,1.08,0,1.97,2.01,0.58,0.57,0.77,0.89,18.33,8.93,0.01,5.37,46.61,8.66,3.6,1.35,1.93,57,1.52,2.09,1.2,30,1.01,30,0.62,0,15.78,17.11,4.18,4.29,1.7,48.65,7.35,47,2.9,68,0.12,0,0,42.84,80,3.17,9,62,1.43,4.49,19,74,-6,49.87,5.49,0.31,0.35,39.28,92,5.15,9.7,0.43,0.43,0,0.08,1.82,2.24,0,18,0.08,11,0.19,18,71,11,24,66,10,20.31,17.17,0.97,97,-3.14,19.74,16.72,0,0,0,0,0,,0,0,,0,0,0,0,0,0,19,9,4.55,33,-0.02,0.06,0.02,-0.04,,0.01
Victor Céspedes,San Lorenzo,"División Profesional, Paraguay",2026,504,Right Midfielder,Paraguay,23,27/03/03,0.36,0.36,0.33,0.17,1.97,18,55,4,,0.38,0,0.04,0.54,0,0.04,0.54,0,0,0,0.36,0.37,2.5,-0.01,2.5,1.43,1.07,57,1.25,0,1.43,3.4,0.36,0.43,0,0,16.8,6.43,0.01,3.75,53.24,6.97,3.75,1.07,1.43,75,0.82,1.25,0.89,33,0.36,28,0.89,0,14.83,11.21,3.04,3.4,0.54,55.28,8.76,59,2.86,84,0,0,0,16.08,67,0.54,18,30,0,1.79,21,75,8,65.65,1.97,0.25,0.48,18.41,79,7.09,6.08,0.89,0.54,0.36,0.54,4.47,5,0,20,0.18,20,0.71,18,66,16,21,59,21,17.39,11.54,0.9,96,-5.85,15.73,11.13,0,0,0,0,0,,0,0,,0,0,0,0,0,0,43,15,2.41,18,0,0.08,0.01,0.08,,0.17
Víctor Hugo Dávalos Aguirre,Club 2 de Mayo,"División Profesional, Paraguay",2026,640,Right Back,Paraguay,35,02/02/91,0,0,0,0.01,0.28,0,0,0,,0,0,0.08,0.56,0,0.04,0.28,0,0.04,0.28,0,0.09,0.84,-0.09,0.28,0,0.28,0,0.14,0,0.42,0.84,0.7,0.78,1.83,1.76,11.82,5.21,0.03,4.22,32.75,9.15,2.25,2.25,2.96,76,2.02,2.8,0.99,55,0.7,36,0.56,0,8.87,7.96,2.67,1.55,0.14,37.92,2.81,32,0.84,55,0.28,0,0,33.49,69,2.67,14,46,2.39,5.21,12,67,-3,49.33,3.38,0.25,0.29,25.47,96,3.33,5.35,1.13,0.42,0.7,0,0.14,0.56,0,38,0.42,30,0,42,48,10,26,61,13,22.53,19.93,0.91,107,-2.6,20.45,21.39,0,0,0,0,0,,0,0,,0,0,0,0,0,0,34,11,2.34,22,0.17,0.03,0.04,-0.01,,0.23
Víctor Ramón Cabañas,Club Rubio Nu,"División Profesional, Paraguay",2026,1258,Right Back,Paraguay,23,12/02/03,0,0,0.05,0.06,0.79,0,27,1,,0.04,0,0.05,1,0,0.05,1,0,0,0,0,0.1,1.79,-0.1,2.22,1.5,0.72,68,1.29,0.07,2.07,1.36,1.5,1.33,2.65,2.37,15.31,6.58,0.04,6.37,35.47,10.08,4.15,2.36,3.86,73,2.45,3.78,0.79,59,0.86,69,1.43,0.07,12.23,11.78,4.51,2.93,1,40,4.22,35,2.15,73,0.29,0,0,37.26,74,2.5,19,43,3.43,5.01,15,66,-8,50.46,4.72,0.29,0.32,33.69,91,4.86,7.94,1.86,1.29,0.57,0.21,1.43,2.72,0,54,1.22,35,0.29,27,63,10,26,66,8,20.63,18.57,0.92,104,-2.07,18.89,19.26,0,0,0,0,0,,0,0,,0,0,0,0,0,0,28,9,5.29,35,0.11,0.11,0.05,0,,0.28
Víctor Samudio,Sportivo Trinidense,"División Profesional, Paraguay",2026,499,Goalkeeper,Paraguay,39,16/05/87,0,0,0,,0,,,0,,0,0.18,0.08,0.18,0.18,0.08,0.18,0,0,0,0.18,0.08,0.18,0.1,0,0,0,,0.18,0,0,0,0,0,0.18,0.14,0.18,0,0,6.67,3,4.87,0,0,0,0,0,0,0,0,0.18,100,0.18,0,0.18,0.07,0.18,0,0,5.27,0,0,0,,0,0,0,13.52,63,5.05,80,38,1.26,12.07,7,63,-1,11.61,1.26,0.19,0.19,12.25,100,5.83,0.9,0.18,0.18,0,0,0,0.18,0,0,0,,0,57,43,0,100,0,0,47.4,47.39,0.71,79,-0.01,33.51,37.33,1.08,0.81,-0.28,67,75,-9,0.8,3.24,31,10.45,1.67,0,0,21.29,0,34,3,2.2,15,0.1,0.06,0,,-0.06,0.1
Víctor Sebastián Quintana Herrera,Club Sportivo Luqueño,"División Profesional, Paraguay",2026,1723,Left Defensive Midfielder,Paraguay,23,05/03/03,0.21,0.21,0.16,0.09,1.72,12,27,2,,0.15,0.05,0.12,1.46,0.05,0.12,1.36,0,0.01,0.1,0.26,0.29,3.19,-0.02,1.67,1.15,0.52,69,1.41,0,1.57,1.36,1.36,1.09,1.36,1.07,20.06,10.6,0.03,7.1,41.95,9.45,4.86,2.56,3.92,80,2.43,3.52,1.31,52,0.63,35,0.68,0.1,16.19,15.48,5.12,3.97,1.46,45.02,6.79,42,2.56,64,0.16,0,0,37.24,77,2.66,78,50,2.19,4.54,23,69,-8,52.18,4.75,0.39,0.5,34.52,93,5.21,8.25,1.36,0.94,0.42,0.16,2.56,3.5,0.1,31,0.57,38,0.31,20,70,10,27,65,8,19.95,17.11,0.93,96,-2.84,18.61,16.47,0,0,0,0,0,,0,0,,0,0,0,0,0,0,25,10,5.23,40,0.04,0.11,0.02,0,,0.17
Walter González,Club Sportivo Luqueño,"División Profesional, Paraguay",2026,490,Centre Forward,Paraguay,31,20/05/95,0.18,0.18,0.23,0.07,3.3,6,22,5,,0.26,0,0.07,0.92,0,0.07,0.92,0,0,0,0.18,0.29,4.22,-0.11,0.37,0.37,0,100,1.47,0,1.1,2.39,0.18,0.16,0.37,0.16,13.77,4.59,0,1.84,67.37,3.3,1.84,0.18,0.37,100,0.07,0.23,1.28,,0,44,5.69,0,12.3,11.97,1.65,2.2,0.18,69.18,10.46,85,2.02,92,0.37,0,0,22.58,64,0.92,24,63,0.73,1.1,37,47,-17,62.19,1.84,0.33,0.47,16.89,88,4.34,7.53,0.37,0.37,0,1.1,9.55,9.91,0,50,0.18,20,0.92,17,69,15,15,76,10,16.11,16.67,0.96,103,0.56,15.54,17.12,0,0,0,0,0,,0,0,,0,0,0,0,0,0,37,10,2.57,17,-0.08,0.03,0,-0.06,,-0.11
Walter Rodriguez,Sportivo Ameliano,"División Profesional, Paraguay",2026,921,Centre Defensive Midfielder,Paraguay,31,06/10/95,0.1,0.1,0.03,0.03,0.98,10,50,1,,0.07,0,0.02,0.68,0,0.02,0.68,0,0,0,0.1,0.04,1.66,0.06,0.2,0.1,0.1,50,0.29,0,0.2,0.59,1.27,1.2,1.66,1.7,20.13,12.02,0.05,7.82,37.34,9.77,4.49,2.25,3.52,77,2.19,3.39,1.95,50,0.68,59,0.98,0,15.93,17.13,6.25,3.91,1.66,40.09,4.4,28,1.66,43,0.49,0,0,42.79,84,5.86,14,70,2.93,7.13,14,83,-1,44.2,5.57,0.26,0.28,32.24,98,3.12,7.82,0.29,0.29,0,0,0.68,0.98,0,0,0,,0.1,19,72,8,26,73,1,24.12,23.32,0.95,100,-0.8,22.98,23.25,0,0,0,0,0,,0,0,,0,0,0,0,0,0,13,5,3.73,27,0.03,0.05,0.06,-0.01,,0.13
Wilfrido Báez,Deportivo Recoleta,"División Profesional, Paraguay",2026,1998,Right Midfielder,Paraguay,32,17/06/94,0.27,0.27,0.25,0.14,1.76,15,31,3,0,0.2,0.45,0.25,1.62,0.36,0.22,1.17,0.09,0.03,0.45,0.72,0.5,3.38,0.22,1.49,1.04,0.45,70,0.77,0.05,2.03,2.48,0.54,0.6,0.45,0.43,20.32,10.77,0,5.77,48.54,7.48,3.47,1.26,1.8,47,1.52,2.12,1.58,25,1.4,38,0.72,0,17.52,18.64,4.82,4.1,1.13,49.58,8.6,49,2.7,66,0.23,0,0,30.54,62,3.29,11,51,1.22,5.68,22,63,0,58.15,5.45,0.35,0.62,30,87,5.12,9.28,2.21,1.35,0.86,0.23,3.02,4.37,0.18,24,0.81,41,0.32,25,66,9,31,62,7,22.33,18.05,0.96,100,-4.28,21.34,18.07,0,0,0,0,0,,0,0,,0,0,0,0,0,0,34,10,4.72,38,0.15,0.1,0.02,0.03,,0.29
William Mendieta,Club Rubio Nu,"División Profesional, Paraguay",2026,1436,Left Centre Forward,Paraguay,37,08/01/89,0.13,0.06,0.2,0.12,1.69,4,30,2,100,0.16,0.25,0.21,2.07,0.25,0.18,1.69,0,0.03,0.38,0.31,0.41,3.76,-0.1,1,0.56,0.44,56,2.07,0,1.88,2.26,0.31,0.31,0.25,0.23,15.92,7.71,0.02,5.33,61.41,7.46,4.45,0.31,0.63,33,0.25,0.56,0.5,20,0.63,41,1.07,0,15.11,10.83,4.58,5.7,2.19,62.33,11.28,75,4.7,82,0.19,0,0,28.27,73,2.19,9,58,0.75,3.26,23,66,-7,57.96,3.7,0.37,0.5,26.27,87,3.67,8.53,1.25,0.88,0.38,0.44,3.57,4.45,0.31,5,0.19,38,0.69,17,69,14,19,71,10,19.1,16.09,0.96,105,-3.01,18.31,16.83,0,0,0,0,0,,0,0,,0,0,0,0,0,0,28,10,5.61,44,-0.01,0.05,0.03,0.06,,0.13
Wilson Ibarrola,Club 2 de Mayo,"División Profesional, Paraguay",2026,301,Left Back,Paraguay,30,01/07/96,0,0,0,,0,,,0,,0,0.3,0.03,0.6,0.3,0.03,0.6,0,0,0,0.3,0.03,0.6,0.26,0,0,0,,0.3,0,1.2,0.9,0.6,0.56,2.39,1.94,13.76,6.28,0,5.98,31.77,6.88,2.39,0.9,1.5,60,0.48,1.04,1.2,50,0.6,33,0.6,0,11.66,8.58,4.49,2.99,1.5,36.95,2.39,21,1.2,40,0.3,0,0,29.01,78,1.5,88,45,2.69,2.99,11,79,0,43.54,2.69,0.14,0.14,25.42,94,3.43,4.19,0.3,0.3,0,0,0,0.3,0,100,0.3,50,0,38,52,10,36,57,7,20.02,17.26,0.94,102,-2.76,18.82,17.61,0,0,0,0,0,,0,0,,0,0,0,0,0,0,30,16,2.48,24,0.08,0.05,-0.29,,,-0.16
Wilson Quiñónez,San Lorenzo,"División Profesional, Paraguay",2026,598,Goalkeeper,Paraguay,38,03/09/88,0,0,0,,0,,,0,,0,0,0,0,0,0,0,0,0,0,0,0,0,0,0,0,0,,0,0,0,0.15,0,0,0,0,0.3,0.15,0,9.79,2.57,3.76,0,0,0,,0,0,0.15,,0,,0,0,0.15,0.15,0,0,0,10.22,0,0,0,,0.45,0,0,14,60,6.17,15,36,1.81,15.51,8,27,-34,11.19,2.26,0.06,0.06,12.19,100,6.92,0.9,0,0,0,0,0,0,0,,0,,0,55,45,0,100,0,0,47.7,52.29,0.75,60,4.59,35.64,31.63,0.75,1.18,0.42,79,67,12,1.19,3.61,22,16.11,1.76,0.3,0.3,15.09,-1,31,3,0.84,9,0.1,0.09,0,,0.31,0.5
Álvaro Campuzano,Libertad,"División Profesional, Paraguay",2026,1906,Right Defensive Midfielder,Paraguay,31,11/06/95,0,0,0.07,0.09,0.71,0,20,0,,0.04,0.05,0.06,1.09,0.05,0.05,1.04,0,0,0.05,0.05,0.12,1.79,-0.08,1.32,0.99,0.33,75,1.27,0.05,0.94,1.13,1.09,1.56,1.23,1.67,22.47,12.23,0.02,8.59,42.39,14.45,6.75,3.73,4.82,81,4.75,6.31,1.75,52,0.9,68,1.89,0.05,17,21.59,6.47,5.52,2.12,43.61,6,35,2.93,53,0.14,0,0.05,57.55,87,3.59,16,74,1.89,4.2,20,81,-7,47.37,6.61,0.5,0.57,47.49,97,4.66,11.33,0.76,0.76,0,0.14,1.46,2.22,0.19,6,0.05,50,0.24,17,72,11,19,77,4,18.56,16.26,0.99,102,-2.29,18.31,16.51,0,0,0,0,0,,0,0,,0,0,0,0,0,0,17,9,5.22,31,0.03,0.11,0.05,-0.02,,0.17
Álvaro Matías Martínez Cubilla,Club Sportivo Luqueño,"División Profesional, Paraguay",2026,1005,Left Back,Paraguay,24,08/02/02,0,0,0.01,0.04,0.18,0,50,0,,0.02,0,0.04,0.72,0,0.04,0.63,0,0,0.09,0,0.05,0.9,-0.05,1.07,0.63,0.45,58,0.09,0,1.07,1.34,1.61,1.59,1.79,1.86,16.57,8.33,0.03,6.9,29.05,7.25,2.06,2.33,3.94,87,2.4,3.99,1.07,79,0.36,53,1.43,0,13.16,11.81,4.66,2.87,0.54,31.69,2.78,21,1.25,44,0.18,0.09,0,31.61,72,1.7,90,43,2.15,3.58,15,55,-17,51.13,4.48,0.28,0.29,26.15,91,4.48,6.54,0.99,0.63,0.36,0.09,0.54,1.16,0,27,0.36,27,0.18,38,53,9,38,48,14,19.13,17.51,0.92,103,-1.62,17.61,18.1,0,0,0,0,0,,0,0,,0,0,0,0,0,0,31,9,4.01,25,0.13,0.04,0.01,0,,0.18
Ángel Adrián Brizuela Céspedes,Club Sportivo Luqueño,"División Profesional, Paraguay",2026,308,Right Centre Back,Paraguay,22,11/02/04,0,0,0,,0,,,0,,0,0,0,0,0,0,0,0,0,0,0,0,0,0,0,0,0,,0.59,0,0.88,0,1.17,1.2,5.85,5.25,14.33,5.27,0.02,9.36,23.67,11.41,2.63,2.93,4.1,91,2.65,3.85,0.29,100,0.29,20,0.59,0,11.12,9.41,6.14,2.63,1.46,27.59,1.46,13,0.88,33,0,0,0,55.88,77,8.19,3,58,8.48,11.41,18,62,-15,32.97,3.51,0.25,0.25,48.85,98,5.3,3.22,0,0,0,0,0,0,0,,0,,0,29,68,3,45,55,0,28.02,28.7,0.91,84,0.68,25.6,24.1,0,0,0,0,0,,0,0,,0,0,0,0,0,0,26,8,3.63,23,0.04,0.07,-0.08,,,0.03
Ángel Benítez,Club Sportivo Luqueño,"División Profesional, Paraguay",2026,1092,Right Centre Back,Paraguay,30,26/01/96,0,0,0.03,0.07,0.41,0,20,0,,0.04,0,0.04,0.16,0,0.04,0.16,0,0,0,0,0.07,0.58,-0.07,0.16,0.08,0.08,50,0.66,0,0.49,0.49,1.4,1.16,4.7,4.53,17.63,9.23,0.05,7.33,31.59,9.64,2.64,2.06,3.46,76,1.64,2.79,1.32,38,0.66,66,3.13,0,14.25,9.41,5.11,2.06,0.66,38.53,4.2,29,1.07,52,0.25,0,0,27.27,81,1.57,26,50,5.52,2.31,18,56,-24,40.9,1.73,0.39,0.4,18.95,95,4.8,2.55,0.08,0.08,0,0.08,1.24,1.32,0,0,0,,0.16,22,72,6,32,61,6,21.5,20.66,0.94,86,-0.84,20.22,17.69,0,0,0,0,0,,0,0,,0,0,0,0,0,0,21,7,2.31,18,0,0.02,-0.05,-0.01,,-0.03
Ángel Benítez,San Lorenzo,"División Profesional, Paraguay",2026,381,Right Centre Back,Paraguay,30,26/01/96,0,0,0,,0,,,0,,0,0,0,0.24,0,0,0.24,0,0,0,0,0,0.24,0,0.71,0.24,0.47,33,1.65,0,1.18,0.47,0.94,0.49,2.36,0.8,18.41,9.91,0,5.9,44.92,10.38,4.72,0.94,1.89,100,0.45,0.95,1.18,100,0,50,1.65,0,16.28,7.37,4.25,3.3,0.71,48.73,8.02,49,2.12,64,0.24,0,0,30.21,75,2.83,25,39,3.78,5.9,14,50,-25,42.51,4.25,0.12,0.12,24.78,92,4.85,4.25,0.24,0.24,0,0.47,1.18,1.42,0,0,0.24,50,0.24,21,71,8,28,72,0,25.17,26.39,0.86,75,1.22,21.75,19.87,0,0,0,0,0,,0,0,,0,0,0,0,0,0,27,9,1.56,15,0.04,0.04,0.02,,,0.1
Ángel Martínez,Club 2 de Mayo,"División Profesional, Paraguay",2026,2167,Goalkeeper,Paraguay,24,30/07/02,0,0,0,,0,,,0,,0,0,0,0.04,0,0,0,0,0,0.04,0,0,0.04,0,0.04,0,0.04,0,0.29,0,0,0.04,0,0,0.04,0.02,0.25,0.08,0,6.48,2.66,3.36,0,0,0,,0,0,0.08,100,0,,0,0,0.17,0.09,0.12,0,0,8.48,0,0,0,,0,0,0,19.43,68,7.23,14,48,3.82,11.25,19,53,-16,12,0.91,0.08,0.08,17.77,100,6.18,0.62,0.04,0.04,0,0,0,0.04,0,0,0,,0,40,60,0,100,0,0,43.64,46.86,0.8,83,3.22,34.97,38.81,1.25,1.34,0.09,66,63,3,1.04,3.61,38,9.63,1.65,0.25,0.17,17.57,-1,27,2,1.26,10,0.08,0.06,-0.04,,-0.03,0.06
Ángel Ramón Sánchez Chávez,Sportivo Ameliano,"División Profesional, Paraguay",2026,769,Goalkeeper,Paraguay,25,30/08/01,0,0,0,,0,,,0,,0,0,0,0,0,0,0,0,0,0,0,0,0,0,0,0,0,,0.47,0,0,0,0,0,0,0,0,0,0,7.84,2.97,3.51,0,0,0,,0,0,0,,0,,0,0.12,0,0,0,0,0,,0,,0,,0,0,0,22.83,78,4.92,19,47,2.69,7.84,23,72,-6,10.09,0.59,0.3,0.3,22.12,100,5.53,0.47,0,0,0,0,0,0,0,,0,,0,30,70,0,100,0,0,33.88,33.84,0.79,89,-0.04,26.9,30.18,1.17,1.13,-0.04,64,66,-1,1.08,3.28,26,12.41,1.52,0.12,0,17.91,-3,14,2,1.03,7,0.04,0.07,-0.03,,0.04,0.11
Ángel Rodrigo Cardozo Lucena,Club Rubio Nu,"División Profesional, Paraguay",2026,1668,Left Defensive Midfielder,Paraguay,32,18/10/94,0.05,0.05,0.03,0.05,0.59,9,45,1,0,0.04,0,0.02,0.59,0,0.02,0.59,0,0,0,0.05,0.05,1.19,0,0.7,0.43,0.27,62,2.64,0.05,0.54,0.7,1.02,0.79,0.92,0.69,19.74,11.22,0.04,7.12,39.12,11.49,5.56,2.1,3.13,57,1.74,2.53,1.02,37,1.56,44,0.81,0,16.62,12.03,5.66,3.72,1.24,40.34,5.12,31,2.1,57,0.05,0,0.05,43.91,82,3.94,13,63,1.78,5.39,15,74,-9,46.09,4.86,0.25,0.29,34.15,97,3.68,7.44,0.76,0.76,0,0.05,0.65,1.4,0,29,0.22,57,0.05,25,70,6,31,66,3,21.8,19.57,0.96,101,-2.24,20.85,19.86,0,0,0,0,0,,0,0,,0,0,0,0,0,0,21,8,4.01,29,0.03,0.11,-0.01,0,,0.12
Ángel Rodrigo Cardozo Lucena,Club Nacional,"División Profesional, Paraguay",2026,411,Centre Defensive Midfielder,Paraguay,32,18/10/94,0,0,0.01,0.03,0.44,0,50,0,,0,0,0,0.22,0,0,0.22,0,0,0,0,0.02,0.66,-0.02,0.44,0.44,0,100,1.31,0,1.75,0.88,0.66,0.52,2.19,2.12,18.38,8.53,0.07,6.13,34.07,14.44,4.38,2.63,3.28,75,2.52,3.04,0.88,50,0.88,44,1.75,0,14.88,11.85,5.25,3.06,2.19,37.02,3.5,24,1.09,36,0.44,0,0,60.82,81,5.69,17,62,3.06,8.31,11,63,-19,42.89,4.16,0.64,0.65,49.44,95,3.37,6.56,0.66,0.66,0,0,0,0.66,0,0,0,,0,29,65,6,40,57,3,21.44,21.81,0.97,104,0.38,20.74,22.74,0,0,0,0,0,,0,0,,0,0,0,0,0,0,24,8,5.21,40,0.03,0.05,0.14,-0.02,,0.2
Óscar Ramón Ruiz Roa,Club Sportivo Luqueño,"División Profesional, Paraguay",2026,1428,Left Midfielder,Paraguay,35,13/05/91,0.13,0.13,0.04,0.05,0.76,17,58,1,,0.08,0.13,0.08,0.88,0.13,0.08,0.88,0,0,0,0.25,0.11,1.64,0.14,1.58,0.82,0.76,52,0.88,0,1.51,2.39,0.69,0.55,0.38,0.28,11.79,6.18,0,3.4,50.68,5.61,2.58,1.01,1.7,76,1.03,1.58,0.38,67,0.32,24,0.76,0,10.4,8.75,2.77,2.39,0.63,52.66,5.42,52,1.51,63,0.13,0,0,26.66,77,1.01,80,53,0.5,1.76,18,69,-8,56.98,4.1,0.29,0.35,24.71,87,6.69,8.13,0.76,0.76,0,0.32,2.39,3.15,0.06,17,0.25,16,0.63,20,66,15,24,62,14,17.69,13.59,0.95,111,-4.1,16.87,15.11,0,0,0,0,0,,0,0,,0,0,0,0,0,0,28,10,4.32,29,0.01,0.04,0.03,0.01,,0.09
Óscar Rigoberto Romero Adorno,Club 2 de Mayo,"División Profesional, Paraguay",2026,1424,Right Centre Midfielder,Paraguay,27,05/03/99,0.06,0.06,0.09,0.07,1.33,5,24,2,,0.03,0.06,0.02,0.44,0,0.01,0.38,0.06,0.01,0.06,0.13,0.11,1.77,0.02,0.44,0.19,0.25,43,0.63,0.06,1.45,1.33,1.2,1.04,1.26,0.91,20.22,8.4,0.02,6.07,45.01,9.92,4.42,1.64,2.84,72,1.53,2.57,1.77,50,0.63,31,0.7,0,17.06,13.73,4.42,4.68,0.7,46.79,7.2,42,2.91,62,0.25,0,0.06,39.24,75,2.4,17,58,1.96,3.48,23,72,-3,50.55,4.11,0.19,0.25,33.87,94,4.24,7.96,0.57,0.38,0.19,0,1.39,1.77,0.06,11,0.06,25,0.19,27,61,12,28,63,10,19.1,17.25,1.01,108,-1.84,19.2,18.59,0,0,0,0,0,,0,0,,0,0,0,0,0,0,27,11,4.19,41,-0.04,0.1,0.06,-0.03,,0.09
Óscar Toledo,Deportivo Recoleta,"División Profesional, Paraguay",2026,491,Goalkeeper,Paraguay,27,05/05/99,0,0,0,,0,,,0,,0,0,0,0,0,0,0,0,0,0,0,0,0,0,0,0,0,,0.18,0,0,0,0,0,0,0,0.37,0,0,6.41,2.63,3.48,0,0,0,,0,0,0.18,,0,,0,0,0.18,0.22,0,0,0,7.37,0,0,0,,0.18,0,0,35.9,80,6.23,40,44,3.3,10.81,17,60,-20,15.74,0.55,0.11,0.11,32.23,99,5.91,0.18,0,0,0,0,0,0,0,,0,,0,30,70,0,100,0,0,30.93,37.68,0.84,83,6.75,26.08,31.15,1.65,1.56,-0.09,64,66,-2,1.27,4.58,38,12.09,1.65,0,0,15.6,-1,18,6,1.94,14,0.05,0.11,-0.01,,-0.03,0.12