Jugador,Equipo,Equipo durante el período seleccionado,Posición específica,Edad,Minutos jugados,Goles,xG,Asistencias,xA,País de nacimiento,Acciones defensivas realizadas/90,Duelos defensivos/90,"Duelos defensivos ganados, %",Duelos aéreos en los 90,"Duelos aéreos ganados, %",Entradas/90,Posesión conquistada después de una entrada,Tiros interceptados/90,Interceptaciones/90,Posesión conquistada después de una interceptación,Faltas/90,Tarjetas amarillas,Tarjetas amarillas/90,Tarjetas rojas,Tarjetas rojas/90,Acciones de ataque exitosas/90,Goles/90,Goles (excepto los penaltis),"Goles, excepto los penaltis/90",xG/90,Goles de cabeza,Goles de cabeza/90,Remates,Remates/90,"Tiros a la portería, %","Goles hechos, %",Asistencias/90,Centros/90,"Precisión centros, %",Regates/90,"Regates realizados, %",Duelos atacantes/90,"Duelos atacantes ganados, %",Toques en el área de penalti/90,Carreras en progresión/90,Aceleraciones/90,Pases recibidos /90,Pases largos recibidos/90,Faltas recibidas/90,Pases/90,"Precisión pases, %",Pases hacia adelante/90,"Precisión pases hacia adelante, %",Pases hacia atrás/90,"Precision pases hacia atrás, %",Pases laterales/90,"Precisión pases laterales, %",Pases largos/90,"Precisión pases largos, %","Longitud media pases, m","Longitud media pases largos, m",xA/90,Asistencias/90,Second assists/90,Third assists/90,Desmarques/90,"Precisión desmarques, %",Jugadas claves/90,Pases en el último tercio/90,"Precisión pases en el último tercio, %",Pases al área de penalti/90,"Pases hacía el área pequeña, %",Pases en profundidad/90,"Precisión pases en profundidad, %",Ataque en profundidad/90,Centros desde el último tercio/90,Pases progresivos/90,"Precisión pases progresivos, %",Goles recibidos,Goles recibidos/90,Remates en contra,Remates en contra/90,Porterías imbatidas en los 90,"Paradas, %",xG en contra,xG en contra/90,Goles evitados,Goles evitados/90,Pases hacía atrás recibidos del arquero/90,Salidas/90,Duelos aéreos en los 90
Vinícius Zanocelo,Ceará,Ceará,"LDMF, RDMF",25,464,1,1.2,0,0.03,Brazil,6.98,7.56,46.15,2.13,27.27,0.58,0.87,0.39,2.91,4.33,2.52,1,0.19,0,0,0.58,0.19,0,0,0.23,0,0,8,1.55,25,12.5,0,0,0,0.19,100,2.13,90.91,0.58,0.39,0,26.96,0,1.36,37.24,87.5,11.44,69.49,3.69,100,17.65,96.7,2.13,63.64,18.24,28.62,0.01,0.39,0,0,0,0,0,5.82,83.33,0.19,0,0.19,0,0,0,5.63,72.41,0,,0,,0,0,0,0,,,0.19,,
Gabriel Pires,Juventude,Juventude,"LCMF, RCMF",33,487,1,0.83,2,0.26,Brazil,5.73,5.73,45.16,1.11,83.33,0.37,0.5,0,2.77,3.75,1.48,1,0.18,0,0,1.85,0.18,1,0.18,0.15,0,0,18,3.33,22.22,5.556,0.37,0.74,50,2.4,30.77,9.43,35.29,1.66,0.37,0,39.92,0.74,1.66,51.75,79.64,17.74,61.46,9.24,88,16.08,91.95,8.32,60,20.86,41.95,0.05,1.11,0,0.37,0,0,0.55,8.5,67.39,2.22,50,0.18,100,1.48,0.37,7.21,64.1,0,,0,,0,0,0,0,,,0.55,,
G. Mastriani,América Mineiro,América Mineiro,CF,33,1408,4,4.11,1,0.46,Uruguay,2.94,1.73,51.85,4.15,32.31,0.06,0.1,0.13,1.98,3.02,0.64,2,0.13,0,0,1.6,0.26,4,0.26,0.26,1,0.06,31,1.98,51.61,12.903,0.06,0.77,16.67,1.09,41.18,4.86,30.26,2.49,0.45,0,7.22,0.45,1.28,11.95,68.98,2.94,47.83,3.96,85.48,2.62,68.29,0.32,40,15.53,7.35,0.03,0.32,0,0,0,0,0.19,1.02,43.75,1.21,36.84,0.06,0,0.58,0.26,1.47,34.78,0,,0,,0,0,0,0,,,0.06,,
Marcos Paulo,Juventude,Juventude,"AMF, LWF, CF",25,1775,4,4.15,0,1.84,Brazil,3.85,3.65,55.56,1.47,41.38,0.15,0.23,0.05,1.67,2.58,0.46,0,0,0,0,1.57,0.2,4,0.2,0.21,0,0,27,1.37,62.96,14.815,0,0.66,0,1.57,45.16,7.71,36.18,2.64,0.76,0.1,17.44,2.28,1.37,23.32,77.39,7.15,62.41,5.43,95.33,5.78,74.56,1.47,55.17,16.63,19.46,0.09,0.66,0.1,0,0.05,0,0.46,2.54,64,1.37,37.04,0.1,0,1.12,0.05,3.55,74.29,0,,0,,0,0,0,0,,,0.35,,
João Basso,Cuiabá,Cuiabá,RCB,29,2746,2,1.69,1,1.2,Brazil,7.01,3.7,65.49,4.42,63.7,0.03,0.04,0.52,4.56,5.94,1.18,2,0.07,0,0,0.56,0.07,2,0.07,0.06,2,0.07,12,0.39,41.67,16.667,0.03,0.59,44.44,0.26,50,1.15,42.86,0.69,0.66,0.07,33,0.52,0.23,46.15,85.94,18.85,72.7,3.74,95.61,19.44,95.95,6.46,46.7,22.41,43.81,0.04,0.33,0,0,0,0,0.13,7.18,66.21,1.28,38.46,0.26,37.5,0.29,0.23,7.64,68.67,0,,0,,0,0,0,0,,,2.13,,
Matheus Araújo,Ceará,Ceará,"LAMF, AMF, LW",24,1243,3,2.1,1,0.62,Brazil,4.2,4.34,46.67,2.46,26.47,0.22,0.33,0.22,1.95,3,0.94,6,0.43,0,0,1.59,0.22,3,0.22,0.15,0,0,26,1.88,34.62,11.538,0.07,1.74,20.83,1.16,50,4.27,50.85,2.82,1.01,0.14,24.04,0.94,1.3,30.19,79.14,7.39,69.61,6.08,83.33,9.99,82.61,1.38,47.37,15.2,23.38,0.04,0.58,0.07,0,0,0,0.58,2.61,77.78,2.03,46.43,0.07,0,0.72,0.36,3.69,72.55,0,,0,,0,0,0,0,,,0.14,,
Hyoran,São Bernardo FC,São Bernardo FC,"AMF, CF",33,879,1,1.42,1,1.97,Brazil,3.48,4.61,37.78,1.43,14.29,0.31,0.48,0.41,1.43,2.22,1.95,2,0.2,0,0,3.69,0.1,1,0.1,0.15,0,0,29,2.97,24.14,3.448,0.1,2.46,54.17,2.87,53.57,8.4,51.22,2.76,1.54,0.2,21.4,1.64,2.66,25.39,76.21,6.66,56.92,5.43,92.45,10.14,77.78,2.35,60.87,18.11,23.01,0.2,1.43,0.1,0.1,0.51,20,0.61,3.38,66.67,2.97,37.93,0.72,14.29,0.61,0.92,4.1,72.5,0,,0,,0,0,0,0,,,0,,
Douglas Mendes,Vila Nova,Vila Nova,"RCB, LCB",22,773,1,0.42,0,0.67,Brazil,7.8,3.26,46.43,1.98,76.47,0.12,0.16,0.58,6.17,8.69,0.58,1,0.12,0,0,0.58,0.12,1,0.12,0.05,1,0.12,4,0.47,50,25,0,0.23,0,0.35,100,1.05,55.56,0.58,0.7,0.12,31.32,0.47,0.23,43.2,83.56,13.16,67.26,2.68,91.3,22.59,90.72,6.64,47.37,23.13,45.94,0.08,0.47,0,0,0,0,0.35,6.87,52.54,1.4,16.67,0.23,0,0.58,0.12,7.1,63.93,0,,0,,0,0,0,0,,,1.51,,
Gabriel Fuentes,Fortaleza,Fortaleza,"LB, LWB",29,1161,0,0.01,0,1.46,Colombia,6.74,5.27,67.65,2.48,75,0,0,0.23,3.18,4.66,1.09,3,0.23,0,0,1.94,0,0,0,0,0,0,2,0.16,0,0,0,3.33,37.21,1.01,61.54,2.64,61.76,0.7,0.78,0,34.19,1.63,0.78,42.64,81.27,13.95,71.67,7.6,96.94,14.34,83.78,3.88,68,19.49,37.03,0.11,1.4,0.08,0,0.16,50,0.54,5.35,78.26,4.73,47.54,0.54,57.14,1.24,1.24,8.76,77.88,0,,0,,0,0,0,0,,,0.39,,
T. Cardona,Fortaleza,Fortaleza,LCB,30,1045,0,0.39,0,0.01,Argentina,8.01,3.44,65,3.44,65,0.26,0.33,0.86,5.51,7.11,0.52,2,0.17,0,0,0.17,0,0,0,0.03,0,0,4,0.34,25,0,0,0,0,0.09,100,0.34,50,0.26,1.21,0,46.16,0.69,0,61.49,88.8,24.29,77.66,3.44,95,30.75,97.48,6.98,53.09,24.63,41.79,0,0.09,0,0.09,0,0,0,8.44,70.41,0.69,0,0.09,0,0,0,9.82,77.19,0,,0,,0,0,0,0,,,2.41,,
Jemerson,São Bernardo FC,São Bernardo FC,"RCB, CB, LCB",34,2104,2,1.59,0,0.28,Brazil,8.17,3.81,69.66,3.21,70.67,0.21,0.29,0.81,5.3,7.09,0.86,3,0.13,1,0.04,0.34,0.09,2,0.09,0.07,1,0.04,11,0.47,54.55,18.182,0,0.04,100,0.04,100,1.07,40,0.43,0.17,0.04,35.38,0.34,0.43,48.25,91.49,14.5,78.47,2.35,98.18,27.33,97.5,5.86,59.85,21.32,39.9,0.01,0.09,0,0,0,0,0.04,3.98,79.57,0.34,50,0.04,100,0.09,0.04,6.63,67.1,0,,0,,0,0,0,0,,,1.63,,
Wesley Gasolina,Nacional,Avaí,RB,26,697,0,0.12,1,0.77,Brazil,6.71,5.16,62.5,1.68,46.15,0,0,0.26,3.49,5.13,0.77,2,0.26,0,0,1.42,0,0,0,0.02,0,0,6,0.77,33.33,0,0.13,1.29,30,1.94,40,7.49,46.55,0.65,1.29,0.65,20.66,1.29,2.97,27.76,81.86,9.68,77.33,4.91,92.11,8.13,80.95,2.58,35,15.65,20.6,0.1,0.65,0,0,0,0,0.39,2.2,82.35,1.81,35.71,0.13,0,0.39,0.39,5.04,69.23,0,,0,,0,0,0,0,,,0.26,,
Henri,CRB,CRB,RCB,24,1300,0,0.44,0,0.19,Brazil,5.82,4.08,54.24,4.15,63.33,0.07,0.09,0.48,3.53,4.72,0.83,3,0.21,0,0,0.9,0,0,0,0.03,0,0,8,0.55,50,0,0,0.9,46.15,0.28,75,0.76,63.64,0.55,1.45,0,38.84,0.76,0.28,53.93,86.39,19.04,72.36,2.42,97.14,27.35,94.94,7.41,41.12,23.77,45.53,0.01,0.14,0,0.07,0,0,0.07,8.65,67.2,1.8,34.62,0.48,14.29,0.21,0.48,7.75,70.54,0,,0,,0,0,0,0,,,1.59,,
Zé Gabriel,Sport Recife,Sport Recife,"RDMF, RCMF, DMF",27,1697,0,0.48,0,0.2,Brazil,7.64,5.57,58.1,1.96,62.16,0,0,0.58,4.4,6.75,1.48,2,0.11,0,0,0.58,0,0,0,0.03,0,0,4,0.21,50,0,0,0.21,75,0.37,85.71,1.91,58.33,0.27,0.74,0.11,34.47,0.37,0.95,43.91,88.16,12.46,77.87,5.41,94.12,20.74,94.63,2.81,62.26,18.5,29.82,0.01,0.37,0,0,0,0,0.05,6.42,76.03,0.21,100,0,0,0.11,0.16,6.31,66.39,0,,0,,0,0,0,0,,,0.32,,
Raul,Cuiabá,Cuiabá,"RCMF, CB, LCMF",30,3016,0,0.75,0,0.66,Brazil,7.28,4.71,62.66,1.34,31.11,0.36,0.47,0.45,3.97,5.22,0.51,5,0.15,0,0,0.72,0,0,0,0.02,0,0,17,0.51,35.29,0,0,0.21,85.71,0.51,58.82,2.48,54.22,0.27,0.36,0.18,29.9,0.09,1.28,42.46,89.18,12.62,78.25,4.09,96.35,19.4,95.85,5.49,69.57,20.61,42.81,0.02,0.36,0,0,0.12,50,0.18,6.39,78.5,0.81,59.26,0.21,42.86,0.3,0.12,6.98,79.06,0,,0,,0,0,0,0,,,0.51,,
Pedro Henrique,Cuiabá,Cuiabá,CF,29,548,1,2.86,0,0.1,Brazil,2.96,2.3,42.86,9.69,42.37,0,0,0.49,1.97,2.77,1.64,1,0.16,0,0,0.82,0.16,0,0,0.47,0,0,11,1.81,36.36,9.091,0,0.33,0,0.33,50,4.43,48.15,3.78,0.16,0,7.06,2.3,1.48,11.66,59.15,1.64,40,3.12,73.68,3.94,54.17,0.33,0,13.52,2.54,0.02,0.66,0,0,0,0,0.33,0.66,50,0.49,66.67,0,0,0.33,0,0.66,50,0,,0,,0,0,0,0,,,0,,
Nicolas,Goiás,Goiás,LB,29,1782,0,0.36,0,1.74,Brazil,5.91,4.75,51.06,1.46,51.72,0.15,0.22,0.15,3.33,4.91,1.57,7,0.35,1,0.05,2.27,0,0,0,0.02,0,0,14,0.71,21.43,0,0,3.48,34.78,1.77,51.43,4.44,39.77,1.52,1.26,0,33.48,2.63,0.66,41.26,80.17,13.69,69.37,8.94,97.18,11.11,78.64,3.13,45.16,19.16,41.62,0.09,0.91,0,0.05,0,0,0.61,4.34,72.09,3.18,42.86,0,0,0.3,1.16,7.53,65.77,0,,0,,0,0,0,0,,,0.4,,
Leonai,Millonarios,Náutico,"LDMF, RDMF, LCMF",31,493,0,0,0,0.24,Brazil,8.22,9.68,47.17,2.56,57.14,0.18,0.37,0.18,3.47,7.04,2.92,4,0.73,0,0,0.91,0,0,0,0,0,0,2,0.37,0,0,0,0.37,0,1.83,50,6.94,36.84,0.37,1.83,0.55,26.84,0.18,1.64,38.88,84.98,10.59,68.97,4.75,100,16.8,90.22,1.46,87.5,18.12,14.83,0.04,0.91,0,0,0,0,0.37,6.21,76.47,1.46,25,0.18,100,0.18,0,5.48,80,0,,0,,0,0,0,0,,,0.55,,
W. Silva,Ceará,Ceará,CF,26,664,0,1.68,1,0.67,Brazil,2.44,2.71,55,6.64,24.49,0,0,0.14,0.95,1.43,0.68,1,0.14,0,0,0.68,0,0,0,0.23,0,0,10,1.36,30,0,0.14,0.14,0,0.41,33.33,6.37,25.53,2.58,0.54,0.27,9.22,0.95,1.22,15.32,75.22,4.34,56.25,4.47,93.94,3.39,76,0.41,33.33,13.4,9.59,0.09,0.68,0,0,0.14,100,0.27,1.36,60,1.9,42.86,0,0,1.08,0,0.81,83.33,0,,0,,0,0,0,0,,,0,,
Claudinho,Sport Recife,Sport Recife,RB,26,458,1,0.1,1,0.39,Brazil,8.65,6.68,41.18,1.18,0,0,0,0.79,5.9,7.56,0.59,1,0.2,0,0,1.38,0.2,1,0.2,0.02,0,0,1,0.2,100,100,0.2,2.36,33.33,0.98,40,2.75,35.71,0.79,0.39,0,28.49,2.95,0.59,36.16,81.52,13.17,71.64,8.45,97.67,9.83,82,4.91,56,16.21,32.15,0.08,0.79,0,0,0.2,0,0.79,3.34,58.82,2.75,50,0.2,0,0.79,0.79,6.88,74.29,0,,0,,0,0,0,0,,,1.18,,
Perotti,Sport Recife,Sport Recife,CF,28,2768,11,11.93,1,0.99,Brazil,3.15,2.5,46.75,4.91,26.49,0.2,0.31,0.39,1.79,2.81,1.37,2,0.07,0,0,1.53,0.36,10,0.33,0.39,2,0.07,73,2.37,41.1,15.068,0.03,0.07,100,0.94,51.72,7.77,33.89,2.76,0.29,0.13,9.53,1.27,2.37,12.71,79.03,2.34,61.11,4.36,88.81,2.7,78.31,0.59,66.67,13.99,15.94,0.03,0.46,0.03,0.03,0.03,0,0.26,1.17,72.22,0.42,61.54,0.07,0,0.42,0.07,1.14,57.14,0,,0,,0,0,0,0,,,0.03,,
L. Sosa,América Mineiro,América Mineiro,LCB,32,827,0,0.65,0,0,Argentina,6.75,2.94,44.44,2.61,54.17,0,0,1.31,5.44,6.98,0.87,1,0.11,0,0,0.98,0,0,0,0.07,0,0,4,0.44,50,0,0,0.33,33.33,0.65,100,1.74,68.75,0.33,0.87,0.22,44.84,0.33,0.33,58.22,86.36,25.57,74.47,4.24,97.44,24.38,95.09,9.14,47.62,22.58,43.68,0,0.11,0,0,0,0,0,6.96,60.94,1.09,30,0.11,0,0.33,0,10.67,66.33,0,,0,,0,0,0,0,,,2.61,,
Vinícius,Fortaleza,Fortaleza,GK,32,613,0,0,0,0,Brazil,2.06,0.15,100,0.73,100,0,0,0,1.91,2.48,0,0,0,0,0,0,0,0,0,0,0,0,0,0,0,0,0,0,0,0,0,0.29,100,0,0,0,6.02,0,0.59,12.04,78.05,6.75,69.57,0.15,100,4.26,86.21,5.73,53.85,31.9,45.74,0,0,0,0,0,0,0,0.59,50,0,0,0,0,0,0,4.4,66.67,5,0.73,26,3.82,3,80.77,6.69,0.98,1.69,0.248,0,2.5,0.73
Romarinho,Criciúma,Criciúma,"AMF, LWF, RWF",32,636,0,0.19,3,0.72,Brazil,2.55,3.25,47.83,1.98,35.71,0.14,0.23,0,0.85,1.35,0.71,2,0.28,0,0,1.42,0,0,0,0.03,0,0,4,0.57,25,0,0.42,1.27,33.33,2.26,37.5,10.47,47.3,1.84,1.84,0.14,22.36,1.84,3.4,28.16,84.42,6.23,79.55,6.51,93.48,9.34,84.85,0.99,71.43,15.4,13.92,0.1,0.99,0.14,0,0,0,0.57,2.83,85,2.26,50,0,0,0.99,0.42,3.68,92.31,0,,0,,0,0,0,0,,,0,,
Nathan,Buriram United,América Mineiro,RCB,31,898,1,0.63,0,0.06,Brazil,8.02,4.81,70.83,5.51,60,0.6,0.94,0.3,4.01,6.25,0.9,3,0.3,0,0,0.4,0.1,1,0.1,0.06,1,0.1,5,0.5,60,20,0,0,0,0.2,50,1.6,75,0.9,0.6,0,37.48,0.3,1.4,51.11,90.98,19.74,83.25,1.5,93.33,24.05,97.5,3.41,50,20,36.41,0.01,0.1,0,0,0,0,0,5.41,79.63,0,0,0,0,0,0,8.92,74.16,0,,0,,0,0,0,0,,,1.1,,
L. Phellype,CRB,CRB,"CF, AMF",33,452,2,2.36,0,0.09,Brazil,2.59,3.78,42.11,6.37,25,0,0,0,1,1.47,1.79,0,0,0,0,1.99,0.4,2,0.4,0.47,1,0.2,15,2.99,53.33,13.333,0,0,0,0.6,66.67,5.97,33.33,3.58,0.2,0,7.77,0.4,1.39,9.76,79.59,1.99,60,3.19,87.5,2.39,83.33,0.2,0,14.89,3.47,0.02,0.4,0,0,0,0,0.2,0.6,66.67,0.6,33.33,0,0,0.4,0,1.19,50,0,,0,,0,0,0,0,,,0,,
Wallace,Botafogo SP,Botafogo SP,"LCB, CB",31,1216,0,0.88,0,0.19,Brazil,7.99,3.63,61.22,5.18,68.57,0.15,0.23,0.81,5.63,8.74,0.89,4,0.3,0,0,0.3,0,0,0,0.06,0,0,6,0.44,50,0,0,0.07,0,0.07,100,0.81,54.55,0.74,0.22,0,20.8,0.15,0.37,34.12,81.78,15.17,68.29,2.22,93.33,14.51,93.88,6,53.09,20.41,34.17,0.01,0.07,0,0,0,0,0,4.29,58.62,0.44,16.67,0.37,20,0.3,0,6.81,64.13,0,,0,,0,0,0,0,,,1.26,,
Dieguinho,Shimizu S-Pulse,Ceará,"RDMF, LDMF, RB",31,546,0,0.08,0,0.38,Brazil,5.44,4.62,60.71,2.31,35.71,0.66,1.05,0.33,1.98,3.16,1.32,1,0.16,0,0,2.47,0,0,0,0.01,0,0,5,0.82,20,0,0,1.48,22.22,2.31,85.71,8.24,50,0.33,0.99,0.16,25.22,0.16,2.31,38.74,90.21,11.21,85.29,5.44,96.97,16.48,90,2.64,62.5,18.98,32,0.06,0.82,0,0,0,0,0.49,4.95,86.67,2.97,38.89,0.33,100,0.99,0.16,5.44,87.88,0,,0,,0,0,0,0,,,0.33,,
Filipe Machado,Goiás,Goiás,"LDMF, RDMF, DMF",30,2140,0,0.17,0,0.37,Brazil,6.6,3.91,60.22,1.56,56.76,0.38,0.55,0.55,3.87,5.63,0.84,6,0.25,1,0.04,0.34,0,0,0,0.01,0,0,7,0.29,28.57,0,0,0.17,0,0.46,45.45,3.24,46.75,0.04,0.55,0.13,41.59,0.08,1.09,55.01,89.37,15.9,76.98,6.27,97.32,25.74,95.26,4.54,60.19,20.11,41.6,0.02,0.25,0.08,0,0.13,33.33,0.08,9.34,76.58,1.47,37.14,0.21,20,0.38,0.04,8.96,77.93,0,,0,,0,0,0,0,,,0.97,,
Matheus Sales,Botafogo SP,Botafogo SP,"DMF, LDMF, RDMF",31,1742,0,0.26,0,0.01,Brazil,6.72,4.86,57.45,1.65,53.13,0.1,0.15,0.57,3.82,5.54,1.76,7,0.36,0,0,0.41,0,0,0,0.01,0,0,6,0.31,0,0,0,0.36,42.86,0.46,55.56,3.05,45.76,0.46,0.31,0,16.89,0.1,1.08,26.09,85.74,8.63,74.85,5.01,95.88,8.52,90.91,1.76,41.18,16.37,22.85,0,0.1,0,0,0,0,0,3.15,77.05,0.57,36.36,0.1,0,0.15,0.05,3.56,73.91,0,,0,,0,0,0,0,,,0.26,,
L. Maciel,Botafogo SP,Botafogo SP,"DMF, LDMF, RDMF",30,1221,0,1.38,0,1.39,Argentina,4.94,4.72,48.44,1.18,56.25,0.15,0.24,0.22,2.51,4.03,1.84,8,0.59,0,0,0.81,0,0,0,0.1,0,0,27,1.99,18.52,0,0,0.66,22.22,0.37,80,1.7,69.57,0.44,0.37,0.07,28.89,0.15,0.52,39.29,84.99,12.09,70.12,5.09,95.65,17.32,91.49,5.23,49.3,19.53,35.54,0.1,0.81,0,0,0,0,0.29,6.78,67.39,1.33,61.11,0.29,0,0.66,0.22,4.42,75,0,,0,,0,0,0,0,,,0.37,,
Clayson,Sport Recife,Sport Recife,"LAMF, LW",31,1133,1,1.11,2,1.57,Brazil,3.81,4.37,36.36,1.03,30.77,0.08,0.12,0.08,2.14,3.33,1.59,1,0.08,1,0.08,2.62,0.08,1,0.08,0.09,0,0,16,1.27,12.5,6.25,0.16,1.59,35,3.57,53.33,8.5,45.79,1.75,2.46,0.4,20.57,1.99,2.07,26.29,81.87,7.94,80,6.12,96.1,7.31,79.35,1.51,73.68,17.09,23.26,0.12,1.43,0.08,0.08,0.16,0,0.71,2.54,84.38,2.14,59.26,0.16,0,0.95,0.56,3.18,72.5,0,,0,,0,0,0,0,,,0.16,,
Marrony,Atlético GO,Atlético GO,"AMF, CF",27,2083,5,5.45,2,2.94,Brazil,5.27,4.36,59.41,2.42,37.5,0.09,0.12,0.09,2.59,3.6,1.47,4,0.17,0,0,1.73,0.22,5,0.22,0.24,2,0.09,45,1.94,33.33,11.111,0.09,1.08,20,1.81,42.86,8.34,45.08,3.24,2.12,0.35,19.88,1.21,2.03,24.37,78.37,7.22,61.08,4.02,95.7,8.55,82.32,1.69,51.28,17.32,28.45,0.13,1.08,0,0,0.17,50,0.69,4.23,67.35,1.81,35.71,0.48,45.45,1.04,0.35,3.5,72.84,0,,0,,0,0,0,0,,,0.04,,
David,Ponte Preta,Ponte Preta,"CF, AMF, LAMF",26,1446,1,4.62,1,0.47,Brazil,3.86,3.05,42.86,2.86,30.43,0,0,0.12,2.55,3.23,0.75,3,0.19,0,0,1.31,0.06,1,0.06,0.29,0,0,20,1.24,50,5,0.06,0.31,20,1.62,34.62,8.53,47.45,2.61,0.75,0.06,13.13,1.99,3.42,18.3,75.85,3.73,51.67,5.29,85.88,4.67,78.67,0.68,54.55,14.7,16.59,0.03,0.44,0,0,0.06,100,0.31,1.62,53.85,1.12,50,0.06,100,0.68,0.06,1.68,70.37,0,,0,,0,0,0,0,,,0,,
Lucas Ribeiro,Goiás,Goiás,"LCB, RCB",27,1800,0,0.25,0,0.05,Brazil,6.3,4.4,62.5,2.65,52.83,0,0,0.4,3.55,5.16,1.1,6,0.3,0,0,0.55,0,0,0,0.01,0,0,7,0.35,28.57,0,0,0.2,25,0.45,88.89,1.25,64,0.35,1,0,38.45,0.6,0.25,52.35,91.79,18.05,83.38,2.9,98.28,26.6,96.43,5.3,66.98,21.69,35.09,0,0.15,0,0,0,0,0.05,4.8,86.46,0.45,33.33,0.05,100,0.25,0.1,7.65,68.63,0,,0,,0,0,0,0,,,2.25,,
Rodrigo Soares,Goiás,Goiás,RB,33,1610,0,0.38,1,1.63,Brazil,4.92,4.19,62.67,1.57,57.14,0,0,0.5,2.29,3.3,0.89,2,0.11,1,0.06,2.29,0,0,0,0.02,0,0,14,0.78,14.29,0,0.06,3.02,44.44,1.51,55.56,3.13,41.07,1.4,0.89,0,37.34,2.46,0.17,44.89,86.18,15.43,80.07,8.05,97.92,14.09,84.92,4.86,52.87,19.23,33.94,0.09,0.67,0.06,0.11,0.06,0,0.28,4.36,83.33,3.13,58.93,0.17,33.33,0.84,1.34,8.72,77.56,0,,0,,0,0,0,0,,,0.73,,
Zé Ricardo,Avaí,Avaí,"RDMF, RCMF, LCMF",30,1923,0,0.55,1,0.45,Brazil,6.74,6.13,49.62,1.83,43.59,0.19,0.23,0.47,3.51,4.27,1.64,5,0.23,1,0.05,0.56,0,0,0,0.03,0,0,12,0.56,16.67,0,0.05,0.33,14.29,0.56,66.67,2.57,52.73,0.14,0.42,0,27.99,0.23,0.94,40.2,85.68,11.75,68.53,3.74,96.25,18.16,93.81,3.51,52,18.36,31.82,0.02,0.19,0,0,0.05,100,0.09,5.62,69.17,0.61,30.77,0.05,100,0.19,0.05,5.52,71.19,0,,0,,0,0,0,0,,,0.37,,
Reynaldo,Avaí,Avaí,LCB,29,1030,0,0.58,0,0,Brazil,7.69,4.46,47.06,1.92,54.55,0.26,0.29,0.7,5.33,5.96,0.96,2,0.17,0,0,0.26,0,0,0,0.05,0,0,2,0.17,0,0,0,0.09,0,0.26,100,0.79,55.56,0.17,0.09,0.09,24.03,0,0.17,33.38,84.03,14.94,73.68,1.14,100,14.33,95.73,5.16,52.54,20.38,37.02,0,0,0,0,0,0,0,3.84,59.09,0.17,0,0,0,0,0,6.2,60.56,0,,0,,0,0,0,0,,,0.79,,
Lourenço,Goiás,Goiás,"RDMF, AMF, LDMF",29,1701,0,1.09,0,1.26,Brazil,4.76,4.02,48.68,1.38,26.92,0,0,0.26,2.8,4.18,1.11,2,0.11,0,0,0.95,0,0,0,0.06,0,0,36,1.9,25,0,0,0.69,30.77,0.58,36.36,4.66,44.32,0.37,0.85,0.21,36.88,0.53,1.53,47.88,86.19,13.76,73.08,6.93,96.18,19.89,89.1,4.92,53.76,19.59,39.51,0.07,0.79,0.11,0.05,0.05,100,0.11,9.68,74.32,1.8,35.29,0.11,100,0.42,0.32,7.25,78.1,0,,0,,0,0,0,0,,,0.32,,
Vinícius,Náutico,Náutico,"RAMF, LAMF, CF",33,2157,9,6.27,3,3.03,Brazil,4.63,3.05,64.38,1.34,53.13,0.21,0.36,0.04,2.46,4.25,0.67,1,0.04,0,0,3.63,0.38,8,0.33,0.26,1,0.04,65,2.71,41.54,13.846,0.13,3.09,29.73,2.55,57.38,5.8,46.76,3,2.5,0.5,30.46,2.13,0.88,35.92,74.56,9.3,65.92,6.3,90.07,13.27,77.99,3.34,62.5,17.93,33.56,0.13,0.92,0.04,0.13,0.13,100,0.88,4.63,75.68,2.88,49.28,0.58,57.14,1.04,0.83,6.09,81.51,0,,0,,0,0,0,0,,,0.04,,
Helton Leite,Vila Nova,Vila Nova,GK,35,2937,0,0,0,0,Brazil,1.2,0.06,0,0.21,100,0,0,0,1.2,1.85,0,0,0,0,0,0,0,0,0,0,0,0,0,0,0,0,0,0,0,0,0,0.12,75,0,0,0,7.91,0.25,0.21,16.73,78.39,10.2,67.27,0.09,100,5.88,95.31,6.77,51.58,33.67,49.57,0,0,0,0,0,0,0,1.41,45.65,0.09,0,0,0,0,0,5.21,59.41,28,0.86,135,4.14,12,79.26,34.65,1.06,6.65,0.204,0,1.59,0.21
Juan Alano,Sport Recife,Sport Recife,"AMF, LDMF",30,928,2,1.42,3,2.36,Brazil,3.78,4.07,35.71,1.36,21.43,0.1,0.15,0.1,2.23,3.4,1.55,0,0,0,0,2.13,0.19,2,0.19,0.14,0,0,14,1.36,35.71,14.286,0.29,2.13,36.36,1.16,58.33,6.89,43.66,1.75,1.75,0.29,27.74,1.45,1.16,35.5,81.15,11.54,69.75,6.5,97.01,11.73,84.3,2.81,68.97,16.17,23.46,0.23,1.45,0.1,0,0.58,33.33,0.87,5.24,74.07,3.69,63.16,0.58,33.33,1.75,0.87,5.82,71.67,0,,0,,0,0,0,0,,,0.1,,
Robson,Grêmio Novorizontino,Grêmio Novorizontino,CF,35,2639,16,14.33,5,4.06,Brazil,3.75,3.62,42.45,5.42,36.48,0.1,0.14,0.27,2.11,2.9,1.81,4,0.14,0,0,2.22,0.55,16,0.55,0.49,3,0.1,81,2.76,35.8,19.753,0.17,1.16,41.18,1.16,58.82,5.56,47.24,4.09,0.75,0.14,13.37,2.08,1.57,18.72,73.59,4.37,55.47,4.57,89.55,5.73,76.19,0.99,51.72,16.25,24.59,0.14,1.23,0.1,0,0.14,50,0.72,2.46,65.28,1.57,41.3,0.17,40,0.75,0.38,2.63,74.03,0,,0,,0,0,0,0,,,0.03,,
Lucas Lovat,CRB,CRB,LB,29,1996,0,0.67,2,1.8,Brazil,6.94,5.5,55.74,0.86,57.89,0.32,0.42,0.32,3.56,4.78,1.17,6,0.27,1,0.05,2.43,0,0,0,0.03,0,0,18,0.81,27.78,0,0.09,3.02,47.76,1.58,48.57,3.52,38.46,0.45,0.9,0.09,29.89,1.4,0.5,38.91,79.95,17.22,72.77,5.19,95.65,12.04,82.77,4.6,47.06,20.64,43.45,0.08,0.63,0.05,0,0.05,0,0.32,5.55,66.67,3.2,40.85,0.36,0,0.32,1.26,7.8,65.32,0,,0,,0,0,0,0,,,0.45,,
William Pottker,Londrina,Londrina,"CF, RWF",32,1487,2,6.28,0,1.73,Brazil,3.15,2.66,52.27,3.81,22.22,0.18,0.23,0.12,1.57,2.01,1.76,4,0.24,0,0,2.24,0.12,1,0.06,0.38,1,0.06,31,1.88,38.71,6.452,0,1.51,36,2.42,40,9.08,32,3.39,1.33,0.3,14.1,2.54,1.33,20.52,80.24,3.75,69.35,7.2,93.28,5.39,78.65,1.39,65.22,17.49,26.63,0.1,0.73,0.06,0,0,0,0.42,1.39,65.22,1.63,40.74,0.12,50,0.61,0.54,2.36,64.1,0,,0,,0,0,0,0,,,0.12,,
Luiz Otávio,Ceará,Ceará,"LCB, RCB, CB",33,2402,3,2.71,0,0,Brazil,7.42,3.6,59.38,5.02,64.18,0,0,0.86,5.28,7.95,0.6,0,0,0,0,0.52,0.11,3,0.11,0.1,2,0.07,18,0.67,44.44,16.667,0,0.04,0,0.22,100,0.82,68.18,0.82,0.26,0,21.39,0.15,0.3,35.52,85.65,13.56,70.99,1.16,93.55,17.91,95.19,5.55,59.46,22.78,40.32,0,0.04,0,0.07,0,0,0,3.6,64.58,0.22,0,0,0,0.04,0.04,6.71,64.8,0,,0,,0,0,0,0,,,0.94,,
Janderson,Vila Nova,Vila Nova,LAMF,27,2636,7,4.8,7,4.14,Brazil,4.13,4.47,52.67,0.72,23.81,0.1,0.16,0.03,1.67,2.59,1.26,3,0.1,0,0,4.64,0.24,7,0.24,0.16,0,0,57,1.95,36.84,12.281,0.24,4.3,27.78,4.78,57.14,11.16,44.04,2.83,2.66,0.2,23.35,2.8,1.88,28.92,73.79,5.67,70.48,6.42,89.36,11.3,68.28,2.12,54.84,19.28,38.27,0.14,1.4,0.07,0.03,0,0,0.68,1.95,63.16,3.69,45.37,0,0,0.89,1.4,4.92,79.86,0,,0,,0,0,0,0,,,0.03,,
E. Brítez,Vitória,Fortaleza,RCB,34,1208,0,1.18,0,0,Argentina,8.05,4.25,64.91,2.98,52.5,0.15,0.2,0.45,5.14,6.76,1.27,4,0.3,1,0.07,0.3,0,0,0,0.09,0,0,4,0.3,0,0,0,0.3,50,0.15,100,1.49,75,0.45,0.37,0,28.61,0.6,0.89,43.06,85.99,20.19,74.91,2.01,96.3,16.02,95.81,5.44,42.47,20.39,39.2,0,0,0.07,0,0,0,0.07,5.74,67.53,0.67,44.44,0.37,0,0.15,0.07,7.82,72.38,0,,0,,0,0,0,0,,,1.04,,
Weverton,Londrina,Londrina,RB,27,596,0,0,1,0.57,Brazil,6.8,4.53,66.67,0.3,0,0,0,0.3,3.78,4.9,0.15,1,0.15,0,0,1.96,0,0,0,0,0,0,0,0,0,0,0.15,3.32,40.91,1.06,57.14,2.27,33.33,0.3,0.91,0.15,34.13,1.36,0.15,43.79,84.48,18.72,79.84,6.19,100,12.84,84.71,3.93,53.85,16.98,32.38,0.09,0.91,0,0,0,0,0.76,6.34,83.33,2.72,33.33,0,0,0.15,0.91,9.51,73.02,0,,0,,0,0,0,0,,,0.3,,
Pablo,Operário PR,Operário PR,CF,34,1911,5,5.82,1,2.06,Brazil,2.54,3.25,30.43,2.87,29.51,0.05,0.07,0.09,1.51,2.22,1.74,4,0.19,0,0,1.65,0.24,5,0.24,0.27,0,0,44,2.07,40.91,11.364,0.05,0.33,42.86,1.32,50,6.73,39.16,2.17,0.52,0,17.43,1.55,1.84,23.31,80.81,4.43,61.7,7.44,92.41,6.83,86.9,1.22,73.08,16.04,26.09,0.1,0.89,0,0,0.05,0,0.42,2.31,65.31,0.94,40,0.09,0,0.57,0.14,2.21,63.83,0,,0,,0,0,0,0,,,0,,
Arthur Caíke,Botafogo SP,Botafogo SP,CF,34,838,1,2.45,1,0.33,Brazil,2.26,2.15,40,7.2,32.84,0,0,0.21,1.4,2.17,1.93,0,0,0,0,0.43,0.11,1,0.11,0.26,0,0,15,1.61,26.67,6.667,0.11,0.11,0,0.11,0,4.3,27.5,2.68,0.32,0,6.66,0.54,0.75,10.63,69.7,3.22,56.67,2.04,94.74,2.04,73.68,0.86,62.5,13.88,12.22,0.04,0.43,0,0,0.11,0,0.32,1.5,57.14,0.43,50,0.11,0,0.32,0,0.75,85.71,0,,0,,0,0,0,0,,,0.21,,
Matheus Bianqui,Grêmio Novorizontino,Grêmio Novorizontino,"RCMF, RDMF",28,1507,5,5.78,0,0.27,Brazil,7.58,6.27,60.95,5.2,68.97,0.06,0.09,0.54,3.7,5.3,1.37,4,0.24,1,0.06,1.31,0.3,5,0.3,0.34,2,0.12,36,2.15,30.56,13.889,0,1.19,15,0.42,85.71,2.87,41.67,2.51,0.6,0.06,20.96,0.48,0.9,31.23,78.97,9.26,64.52,5.32,92.13,12.42,89.9,3.17,43.4,19.39,30.69,0.02,0.3,0.06,0,0.12,100,0.3,5.37,75.56,1.25,38.1,0.24,50,0.24,0.18,5.08,77.65,0,,0,,0,0,0,0,,,0.24,,
Dalbert,América Mineiro,América Mineiro,LB,33,1423,0,0.1,1,1.15,Brazil,7.46,6.39,52.48,2.91,71.74,0.19,0.28,0.19,3.92,5.71,1.64,2,0.13,0,0,1.96,0,0,0,0.01,0,0,4,0.25,0,0,0.06,3.48,30.91,1.14,77.78,3.04,60.42,0.38,0.89,0.06,28.52,2.09,0.82,38.96,75.97,16.06,68.11,6.83,96.3,11.13,72.73,5.5,44.83,20.91,42.32,0.07,0.7,0,0,0,0,0.44,5.25,59.04,3.73,33.9,0.25,25,0.51,1.01,8.54,67.41,0,,0,,0,0,0,0,,,1.33,,
Pedro Henrique,Fortaleza,Fortaleza,"LAMF, LWF, RWF",36,1050,2,3.8,0,0.79,Brazil,2.4,2.66,32.26,3.09,41.67,0.17,0.24,0.09,1.37,1.96,2.06,1,0.09,0,0,1.97,0.17,2,0.17,0.33,0,0,23,1.97,26.09,8.696,0,2.83,30.3,1.2,50,3.86,48.89,3,1.11,0.17,18.94,2.31,1.03,19.54,69.74,3.34,53.85,5.14,95,7.97,54.84,1.71,50,19.15,28.06,0.07,0.6,0,0,0,0,0.17,1.29,46.67,3,25.71,0,0,0.26,0.77,2.14,76,0,,0,,0,0,0,0,,,0.09,,
Éder,Ceará,Ceará,"RCB, LCB",31,2025,0,0.85,0,0.07,Brazil,6,4,46.67,3.6,54.32,0.04,0.07,0.76,4.09,6.22,1.51,7,0.31,0,0,0.31,0,0,0,0.04,0,0,10,0.44,30,0,0,0.18,50,0.09,100,0.71,56.25,0.53,1.07,0.04,29.02,0.44,0.44,40.13,89.92,14.36,77.71,1.96,100,19.24,98.15,4.31,50.52,20.03,38.97,0,0.04,0,0,0,0,0.04,4.71,66.04,0.31,42.86,0.09,0,0.09,0.09,4.93,71.17,0,,0,,0,0,0,0,,,1.64,,
Warley,Atlético GO,Atlético GO,RB,27,675,0,0.03,2,0.67,Brazil,7.47,4.8,50,1.6,41.67,0.27,0.4,0.13,4.8,7.15,0.8,1,0.13,0,0,1.47,0,0,0,0,0,0,2,0.27,0,0,0.27,3.33,24,1.07,62.5,3.47,65.38,0.27,0.67,0,33.87,2.13,1.6,43.07,76.47,16.67,64.8,8.27,91.94,11.73,73.86,2.93,36.36,17.65,32.34,0.09,1.2,0,0,0,0,0.53,4.93,62.16,3.87,34.48,0,0,0.53,0.93,8.53,68.75,0,,0,,0,0,0,0,,,0.27,,
Pedrinho,São Bernardo FC,São Bernardo FC,"LAMF, LWF, AMF",26,1278,5,2.75,0,0.81,Brazil,5,4.86,52.17,1.2,29.41,0.07,0.09,0.07,2.39,3.07,1.06,0,0,0,0,3.94,0.35,5,0.35,0.19,0,0,25,1.76,32,20,0,2.82,30,4.44,55.56,11.06,49.68,2.11,3.03,0.21,19.65,1.83,1.9,25.85,75.48,3.94,64.29,5.92,89.29,10.85,74.03,1.62,60.87,19.74,28.49,0.06,1.06,0,0.07,0.07,100,0.28,2.04,72.41,2.68,42.11,0.07,100,0.92,0.92,4.08,55.17,0,,0,,0,0,0,0,,,0,,
Cauê,Criciúma,Criciúma,"CF, AMF",23,475,1,1.11,0,0.76,Brazil,3.22,3.79,60,6.63,37.14,0,0,0,0.95,1.61,1.89,0,0,0,0,1.89,0.19,1,0.19,0.21,1,0.19,13,2.46,30.77,7.692,0,0.19,100,1.14,83.33,7.96,30.95,2.65,1.71,0,19.14,1.71,0.95,23.87,81.75,4.36,52.17,5.12,92.59,7.96,85.71,1.52,75,17.41,18.17,0.14,1.33,0,0,0,0,0.76,3.22,70.59,1.89,50,0,0,1.14,0,3.03,81.25,0,,0,,0,0,0,0,,,0,,
Rómulo Otero,Criciúma,Criciúma,"RWF, AMF, LWF",33,1705,3,3,4,6.04,Venezuela,3.48,4.12,56.41,1.9,36.11,0.21,0.34,0,0.95,1.53,1,3,0.16,0,0,2.9,0.16,2,0.11,0.16,0,0,56,2.96,26.79,5.357,0.21,2.01,42.11,2.85,44.44,12.19,47.19,1.11,0.84,0.16,22.28,0.84,3.7,27.66,80.15,9.18,70.69,5.49,93.27,7.87,81.21,2.32,63.64,17.34,32.97,0.32,2.48,0,0.11,0.05,0,0.79,4.33,74.39,2.9,49.09,0.21,50,0.84,0.79,4.86,88.04,0,,0,,0,0,0,0,,,0,,
Ronald,Criciúma,Criciúma,"RCMF, LCMF",29,735,0,0.17,0,0.23,Brazil,9.06,9.31,48.68,1.35,36.36,0.24,0.37,0.12,4.29,6.44,2.45,1,0.12,0,0,2.08,0,0,0,0.02,0,0,6,0.73,33.33,0,0,1.59,38.46,1.35,90.91,5.63,47.83,0.49,1.47,0,34.9,0.49,0.86,47.76,88.21,12.12,71.72,8.57,97.14,20.33,93.37,3.67,66.67,19.17,31.1,0.03,0.61,0,0.12,0,0,0.12,7.59,77.42,2.57,33.33,0,0,0.49,0.73,6.24,78.43,0,,0,,0,0,0,0,,,0.73,,
Vina,Ceará,Ceará,"AMF, CF",35,774,3,2.29,0,1.46,Brazil,2.56,1.98,47.06,0.7,66.67,0,0,0.23,1.63,2.8,0.58,1,0.12,0,0,2.21,0.35,3,0.35,0.27,0,0,25,2.91,40,12,0,1.28,45.45,0.58,80,3.95,64.71,3.14,1.16,0.12,29.07,1.05,1.86,35.35,77.96,10.58,65.93,5.35,95.65,13.6,81.2,2.21,52.63,16.06,23.08,0.17,1.63,0.12,0,0.12,0,0.47,5.58,77.08,3.02,53.85,0.12,0,1.05,0.47,5,79.07,0,,0,,0,0,0,0,,,0,,
Luiz Felipe,Goiás,Goiás,RCB,33,2081,0,2.09,1,0.02,Brazil,7.27,3.16,57.53,4.2,69.07,0,0,0.74,5.45,7.65,0.95,6,0.26,1,0.04,0.3,0,0,0,0.09,0,0,11,0.48,36.36,0,0.04,0.13,33.33,0.09,100,0.61,71.43,0.48,0.35,0.04,29.06,0.43,0.48,43.16,89.28,16.22,77.33,2.51,98.28,19.72,96.93,4.8,49.55,21.67,31.92,0,0.09,0,0,0,0,0.04,5.23,76.86,0.48,45.45,0,0,0.13,0.09,6.49,66.67,0,,0,,0,0,0,0,,,2.16,,
Derek,Náutico,Náutico,"CF, RAMF, LAMF",28,1709,3,8.06,1,1.08,Brazil,5,4.48,54.12,3.9,33.78,0.21,0.37,0.21,2.37,4.21,1.05,5,0.26,0,0,2.42,0.16,3,0.16,0.42,0,0,52,2.74,21.15,5.769,0.05,1.37,15.38,2.53,64.58,9.27,45.45,4.69,1.84,0.26,14.43,2.11,1.42,17.64,73.13,3.16,53.33,5.53,86.67,5.16,73.47,0.68,38.46,14.25,15.9,0.06,0.9,0,0,0,0,0.63,0.95,66.67,1.16,40.91,0,0,0.63,0.26,1.9,69.44,0,,0,,0,0,0,0,,,0,,
André Luis,Vila Nova,Vila Nova,"CF, RAMF",29,1650,8,3.84,2,1.03,Brazil,3.16,2.18,62.5,3.87,40.85,0.22,0.33,0.22,1.58,2.37,0.87,5,0.27,0,0,1.25,0.44,8,0.44,0.21,0,0,33,1.8,39.39,24.242,0.11,0.82,20,1.04,36.84,5.95,40.37,3.55,0.49,0.11,10.15,1.36,1.58,14.35,69.96,4.25,60.26,3.87,88.73,3.22,57.63,0.49,44.44,14.34,16.43,0.06,0.44,0,0.05,0,0,0.16,1.8,54.55,1.2,50,0,0,0.65,0.16,2.13,69.23,0,,0,,0,0,0,0,,,0.05,,
Hayner,Vila Nova,Vila Nova,RB,31,1542,1,0.56,1,0.76,Brazil,5.95,4.03,47.83,1.05,38.89,0,0,0.18,4.03,6.02,1.23,4,0.23,0,0,2.16,0.06,1,0.06,0.03,1,0.06,6,0.35,33.33,16.667,0.06,1.87,43.75,2.04,60,6.65,55.26,0.58,1.28,0.12,19.73,0.88,2.22,27.14,77.63,10.45,65.92,3.91,97.01,8.93,79.74,3.15,48.15,17.69,27.54,0.04,0.53,0,0,0,0,0.35,4.32,58.11,2.68,45.65,0.12,50,0.53,0.64,4.67,70,0,,0,,0,0,0,0,,,0.7,,
Ewerthon,Atlético GO,Atlético GO,RB,25,2178,1,1.16,1,2.2,Brazil,7.02,4.71,64.04,1.86,62.22,0.12,0.17,0.25,3.88,5.33,0.62,1,0.04,0,0,1.36,0.04,1,0.04,0.05,0,0,30,1.24,26.67,3.333,0.04,2.48,28.33,0.45,63.64,2.36,33.33,0.74,1.2,0.08,29.46,2.15,0.33,38.84,78.62,15.41,71.05,5.08,94.31,11.86,81.53,3.84,46.24,18.64,38.37,0.09,1.03,0.04,0.08,0.12,33.33,0.33,5.54,70.9,2.77,32.84,0.54,30.77,0.45,0.66,7.44,65.56,0,,0,,0,0,0,0,,,0.87,,
Douglas Baggio,CRB,CRB,"RW, CF, RAMF",31,859,1,2.37,1,0.67,Brazil,4.3,5.34,54.9,4.3,24.39,0.21,0.29,0,1.15,1.61,1.78,3,0.31,0,0,2.2,0.1,0,0,0.25,0,0,21,2.2,47.62,4.762,0.1,1.05,30,1.47,57.14,8.49,46.91,2.31,0.94,0.1,16.87,0.94,2.51,20.85,83.42,4.4,76.19,5.24,96,5.66,81.48,0.21,50,14.12,4.34,0.07,0.52,0.1,0,0,0,0.31,1.47,71.43,1.26,25,0,0,0.52,0.21,1.47,64.29,0,,0,,0,0,0,0,,,0,,
Alan Empereur,Cuiabá,Cuiabá,LCB,32,717,0,0,0,0,Brazil,4.64,3.26,53.85,3.14,64,0.13,0.17,0.25,2.76,3.73,0.88,1,0.13,0,0,0.5,0,0,0,0,0,0,0,0,0,0,0,1,37.5,0.25,50,1.26,30,0.13,0.75,0.13,32.38,0.38,0.38,43.18,83.14,20.84,75.3,1.51,100,16.32,90.77,6.4,49.02,21.26,40.17,0,0,0,0.25,0,0,0.13,8.54,69.12,1.51,41.67,0,0,0.25,0.38,7.78,70.97,0,,0,,0,0,0,0,,,0.75,,
Fábio Gomes,Cuiabá,Cuiabá,CF,29,750,2,2.49,2,0.64,Brazil,1.32,0.72,50,6,34,0,0,0,0.96,1.19,0.72,0,0,0,0,1.08,0.24,2,0.24,0.3,1,0.12,14,1.68,21.43,14.286,0.24,0.24,50,1.2,50,5.28,34.09,2.04,1.2,0.36,6,0.96,0.72,11.16,76.34,3.6,70,1.92,81.25,2.4,70,0.24,0,14.63,10.01,0.08,0.72,0,0,0,0,0.6,2.16,66.67,0.24,50,0,0,0.24,0.12,1.2,90,0,,0,,0,0,0,0,,,0.12,,
César Martins,Criciúma,Criciúma,"RCB, CB",33,2242,1,3.14,1,0.24,Brazil,8.23,3.53,55.68,4.05,61.39,0.12,0.19,0.8,6.14,9.44,0.8,3,0.12,0,0,0.32,0.04,1,0.04,0.13,0,0,20,0.8,25,5,0.04,0.28,14.29,0.24,33.33,1,36,1.12,0.28,0.08,32.52,0.84,0.36,49.7,83.68,23.76,75.68,3.13,94.87,19.71,92.26,7.35,55.19,23.53,42.35,0.01,0.08,0,0,0,0,0.04,8.31,68.12,1.16,27.59,0.24,0,0.28,0.04,11.12,76.17,0,,0,,0,0,0,0,,,2.29,,
Daniel Penha,Avaí,Avaí,"CF, AMF, RAMF",27,1719,5,4.46,1,1.89,Brazil,4.19,4.24,55.56,2.09,22.5,0.21,0.28,0.16,1.62,2.14,1.15,3,0.16,1,0.05,2.3,0.26,4,0.21,0.23,0,0,45,2.36,37.78,11.111,0.05,0.68,38.46,1.99,52.63,5.55,48.11,1.78,1.36,0.21,26.39,1.88,1.47,33.46,77,10.94,56.46,7.28,92.81,9.84,84.57,3.25,50,17.63,26.17,0.1,1.15,0.05,0.1,0.42,25,0.73,6.07,58.62,2.62,44,0.68,30.77,1.1,0.31,5.18,75.76,0,,0,,0,0,0,0,,,0.26,,
Jean Carlos,Náutico,Náutico,"AMF, CF",34,1302,3,3.57,4,4.21,Brazil,2.35,2.83,41.46,1.87,29.63,0.21,0.33,0.07,0.97,1.53,1.24,2,0.14,0,0,3.04,0.21,1,0.07,0.25,0,0,46,3.18,41.3,6.522,0.28,2.7,41.03,0.97,64.29,5.18,50.67,1.66,0.9,0.28,27.03,1.52,1.59,31.45,71.87,11.27,61.35,4.35,92.06,10.92,75.32,4.91,57.75,20.4,41.08,0.29,2.28,0,0,0.07,0,0.83,5.94,72.09,3.66,43.4,0.14,0,0.76,1.04,6.36,79.35,0,,0,,0,0,0,0,,,0,,
Dodô,Vila Nova,Vila Nova,"AMF, CF, LWF",32,664,0,1.04,1,0.38,Brazil,4.47,3.12,52.17,1.22,44.44,0,0,0.14,2.85,4.67,1.22,1,0.14,0,0,0.68,0,0,0,0.14,0,0,14,1.9,14.29,0,0.14,1.08,12.5,0.54,50,3.39,44,1.49,0.54,0,22.23,0.95,1.36,29.28,78.7,9.22,61.76,3.93,100,9.35,84.06,1.49,81.82,16.16,12.91,0.05,0.81,0,0,0.14,0,0.14,4.2,77.42,1.63,58.33,0.14,0,1.08,0.14,4.88,69.44,0,,0,,0,0,0,0,,,0,,
Thalis,Londrina,Londrina,"LCMF, CF",30,894,0,0.41,1,1.6,Brazil,6.04,5.34,43.4,1.61,43.75,0.3,0.38,0.1,3.42,4.3,1.61,4,0.4,0,0,1.21,0,0,0,0.04,0,0,21,2.11,9.52,0,0.1,1.41,28.57,1.11,54.55,6.04,65,0.1,0.91,0.3,23.46,0.5,3.02,32.01,81.45,8.05,66.25,5.64,96.43,12.08,84.17,2.42,45.83,18.46,28.89,0.16,1.41,0.2,0,0.2,0,0.3,3.72,59.46,2.01,45,0.2,0,0.6,0.6,4.73,63.83,0,,0,,0,0,0,0,,,0.3,,
Iury,Sport Recife,Sport Recife,"LAMF, LW, LWF",30,743,1,3.56,1,0.9,Brazil,4,4.24,62.86,2.54,19.05,0.12,0.2,0,1.21,2,1.45,3,0.36,1,0.12,2.3,0.12,1,0.12,0.43,0,0,16,1.94,43.75,6.25,0.12,1.21,50,1.7,50,6.42,41.51,3.03,0.97,0.24,14.54,1.82,1.33,17.56,86.21,3.15,76.92,4.48,94.59,5.45,80,0.61,80,14.38,13.9,0.11,0.61,0,0,0,0,0.48,1.33,72.73,1.57,61.54,0,0,1.09,0.61,1.82,93.33,0,,0,,0,0,0,0,,,0,,
Thiaguinho,CRB,CRB,"RW, RWF, RAMF",25,1748,3,5.13,2,2.62,Brazil,3.6,3.66,46.48,1.91,29.73,0.1,0.13,0.26,1.8,2.35,1.24,5,0.26,0,0,2.78,0.15,3,0.15,0.26,0,0,60,3.09,25,5,0.1,1.29,32,2.32,62.22,7.77,49.67,3.86,2.68,0.36,28.06,2.27,1.8,33.72,79.39,7.05,68.61,8.96,93.1,9.73,79.89,1.49,65.52,15.88,31.58,0.13,1.7,0.1,0,0.15,100,0.51,2.47,77.08,2.57,54,0.21,75,1.39,0.46,4.84,72.34,0,,0,,0,0,0,0,,,0.26,,
Vinícius Paiva,Grêmio Novorizontino,Grêmio Novorizontino,"LAMF, LW, RAMF",25,1403,1,2.09,1,1.94,Brazil,3.01,2.89,55.56,1.09,29.41,0.13,0.18,0.06,1.28,1.81,0.9,0,0,0,0,4.81,0.06,1,0.06,0.13,0,0,20,1.28,40,5,0.06,3.46,29.63,4.88,67.11,11.23,49.71,2.63,2.31,0.51,15.52,1.54,1.99,21.17,70.91,5.97,65.59,4.23,90.91,6.16,57.29,1.41,31.82,16.57,25,0.12,0.77,0.06,0.13,0,0,0.58,2.12,60.61,3.46,50,0.13,0,1.09,1.15,3.98,77.42,0,,0,,0,0,0,0,,,0.06,,
Guilherme Parede,América Mineiro,América Mineiro,"LAMF, LW, RW",31,1044,0,1.01,1,2.78,Brazil,2.07,2.5,27.59,1.29,20,0,0,0.17,1.38,1.99,0.95,1,0.09,0,0,2.93,0,0,0,0.09,0,0,23,1.98,47.83,0,0.09,2.33,48.15,1.38,62.5,4.66,51.85,1.9,0.26,0,15.6,1.9,1.64,19.57,75.33,4.57,58.49,4.83,96.43,6.12,67.61,1.55,61.11,17.64,34.5,0.24,2.24,0,0,0,0,1.12,2.24,69.23,2.33,44.44,0,0,0.6,0.86,3.19,78.38,0,,0,,0,0,0,0,,,0,,
Luís Oyama,Grêmio Novorizontino,Grêmio Novorizontino,"RDMF, LCMF, RCMF",29,2287,3,2.25,2,2.25,Brazil,5.82,4.37,57.66,0.87,45.45,0.16,0.21,0.31,3.15,4.21,0.98,4,0.16,0,0,1.14,0.12,3,0.12,0.09,0,0,26,1.02,46.15,11.538,0.08,0.51,46.15,0.75,57.89,3.66,38.71,0.83,0.83,0.04,25.74,0.55,0.51,38.45,84.95,10.78,70.8,5.98,93.42,17.43,90.74,3.54,58.89,19.94,29.97,0.09,0.79,0,0,0.08,0,0.43,5.9,79.33,1.34,47.06,0.08,0,0.59,0.2,5.94,72.19,0,,0,,0,0,0,0,,,0.55,,
Echaporã,São Bernardo FC,São Bernardo FC,"LAMF, LWF, LW",26,1228,0,1.82,2,0.6,Brazil,4.91,5.2,52.11,1.98,18.52,0.15,0.2,0.07,2.05,2.83,1.17,2,0.15,0,0,2.64,0,0,0,0.13,0,0,20,1.47,60,0,0.15,1.03,21.43,2.57,57.14,8.28,41.59,1.47,2.13,0.15,17.88,1.32,1.39,20.89,80.35,4.76,60,5.86,96.25,5.79,78.48,1.17,43.75,17.38,18.92,0.04,0.66,0.07,0.07,0.15,50,0.15,1.47,50,1.54,38.1,0.15,0,0.37,0.22,2.27,58.06,0,,0,,0,0,0,0,,,0.15,,
Guilherme Marques,Atlético GO,Atlético GO,"AMF, RAMF",35,1031,2,2.1,2,2.32,Brazil,5.06,5.41,54.84,1.57,44.44,0.79,1.21,0.17,1.31,2.02,2.36,4,0.35,0,0,2.71,0.17,1,0.09,0.18,0,0,18,1.57,38.89,11.111,0.17,2.44,28.57,2.18,60,5.5,47.62,2.36,1.83,0.09,27.93,1.92,1.31,34.48,78.73,11.52,72.73,6.2,94.37,9.08,74.04,2.18,56,17.67,28.5,0.2,1.57,0,0,0.09,100,0.35,4.1,76.6,3.4,48.72,0.35,50,1.22,0.7,5.5,80.95,0,,0,,0,0,0,0,,,0.09,,
Gabriel Lacerda,Londrina,Londrina,"LCB, RCB",27,2114,1,1.52,0,0.01,Brazil,6.85,2.38,55.36,3.19,68,0.21,0.28,0.55,5.32,6.89,0.43,1,0.04,0,0,0.17,0.04,1,0.04,0.06,0,0,8,0.34,25,12.5,0,0.26,16.67,0.04,100,0.43,20,0.6,0.72,0,25.54,0.26,0.17,37.85,85.83,15.45,73.28,2.04,93.75,17.41,96.33,4.6,49.07,22.35,41.71,0,0.13,0,0.04,0,0,0,4.9,66.96,0.34,25,0.04,0,0.04,0.04,6.73,63.92,0,,0,,0,0,0,0,,,1.45,,
Léo Alaba,Chaves,América Mineiro,RB,27,660,0,0.35,0,0.34,Brazil,6,4.77,42.86,2.05,93.33,0.14,0.2,0,3.82,5.68,1.5,2,0.27,0,0,2.59,0,0,0,0.05,0,0,5,0.68,80,0,0,3.55,19.23,1.77,76.92,3.27,66.67,1.23,1.09,0.14,32.05,2.45,1.23,42.41,80.06,14.59,75.7,7.91,93.1,12.95,76.84,4.36,46.88,19.78,37.72,0.05,0.55,0,0.14,0,0,0.27,5.18,71.05,2.59,21.05,0.14,0,0.27,0.55,8.05,72.88,0,,0,,0,0,0,0,,,0.55,,
Zé Marcos,Sport Recife,Sport Recife,LCB,28,1173,0,2.03,0,0.05,Brazil,6.45,3.53,63.04,3.07,60,0.38,0.6,0.77,3.84,5.98,1.53,3,0.23,0,0,0.23,0,0,0,0.16,0,0,8,0.61,12.5,0,0,0.23,66.67,0.15,0,0.84,45.45,0.61,0.84,0,36.75,0.15,0.84,48.95,88.4,19.8,74.81,2.61,100,21.48,97.14,7.14,44.09,21.26,40.71,0,0.08,0.15,0,0,0,0,5.75,52,0.77,40,0.31,0,0.08,0.15,7.21,73.4,0,,0,,0,0,0,0,,,1.76,,
Marlon,Remo,Cuiabá,"LWB, LB, LCB",32,1544,1,0.3,0,2.16,Brazil,8.51,5.6,65.63,1.63,53.57,0.12,0.15,0.23,4.72,6.06,0.93,2,0.12,1,0.06,1.57,0.06,1,0.06,0.02,0,0,8,0.47,50,12.5,0,2.22,39.47,0.87,53.33,3.61,41.94,0.64,2.16,0.29,29.96,1.57,0.76,39.99,82.8,16.85,74.05,6.94,95.8,10.49,85,4.84,48.19,18.87,36.11,0.13,1.05,0.06,0,0,0,0.47,5.65,74.23,2.86,48.98,0.29,40,0.7,0.76,8.74,73.33,0,,0,,0,0,0,0,,,0.29,,
Rafael Gava,Botafogo SP,Botafogo SP,"LCMF, AMF",33,2263,3,3.46,7,4.79,Brazil,3.58,3.3,43.37,1.31,51.52,0,0,0.12,2.15,2.99,0.68,3,0.12,0,0,1.27,0.12,1,0.04,0.14,0,0,27,1.07,29.63,11.111,0.28,1.47,45.95,0.84,33.33,3.3,43.37,0.91,0.84,0.08,30.07,0.56,1.27,41.2,83.4,13.92,73.71,7.44,96.26,12.61,86.12,2.7,54.41,17.34,34.01,0.19,1.91,0,0,0.08,0,0.6,5.93,76.51,2.51,52.38,0.16,0,0.87,0.64,5.61,81.56,0,,0,,0,0,0,0,,,0.99,,
Anderson,Vila Nova,Vila Nova,LCB,31,946,0,0.22,0,0.05,Brazil,6.37,4.57,64.58,4.19,54.55,0.1,0.16,0.48,3.33,5.5,1.33,3,0.29,0,0,0.1,0,0,0,0.02,0,0,1,0.1,100,0,0,0,0,0,0,0.95,20,0.29,0.57,0.1,29.59,0.38,0.38,43.29,91.65,18.55,84.62,1.62,100,18.17,97.38,2.57,55.56,19.26,27.26,0.01,0.19,0,0,0,0,0.1,5.9,85.48,0.1,0,0.19,50,0,0,7.04,81.08,0,,0,,0,0,0,0,,,1.43,,
Kevin,CRB,CRB,RB,29,1302,1,0.16,0,1.42,Brazil,7.19,5.46,45.57,2.35,55.88,0,0,0.28,4.7,6.38,1.45,2,0.14,0,0,1.59,0.07,1,0.07,0.01,0,0,6,0.41,50,16.667,0,2.63,47.37,0.35,40,1.38,50,0.62,1.11,0.07,37.26,2.14,0.9,48.94,87.99,19.7,86.67,6.91,99,14.72,86.38,4.56,60.61,18.69,38.89,0.1,1.18,0,0,0,0,0.76,5.6,79.01,2.63,65.79,0.07,100,0.48,1.31,8.71,85.71,0,,0,,0,0,0,0,,,0.41,,
Jordi,Grêmio Novorizontino,Grêmio Novorizontino,GK,33,2248,0,0,1,0.1,Brazil,0.48,0.08,50,0.16,100,0,0,0,0.44,0.61,0.04,1,0.04,0,0,0,0,0,0,0,0,0,0,0,0,0,0.04,0,0,0,0,0.24,100,0,0,0,5.93,0.12,0.32,12.45,76.21,7.25,64.64,0,0,4.68,93.16,5.6,55,38.81,56.48,0,0.04,0,0,0,0,0.04,2.48,45.16,0.16,25,0.08,0,0.04,0,3.96,66.67,18,0.72,58,2.32,7,68.97,15.32,0.61,-2.68,-0.107,0,2.2,0.16
Diogo Barbosa,Juventude,Juventude,"LWB, LB",34,1863,0,1.29,0,1.65,Brazil,7.73,6.52,65.19,1.3,40.74,0.05,0.06,0.1,3.43,4.59,0.77,3,0.14,0,0,1.88,0,0,0,0.06,0,0,13,0.63,7.69,0,0,3.04,34.92,1.5,51.61,3.38,48.57,1.16,2.13,0.19,26.33,3.19,0.87,33.77,80.26,9.52,71.07,7.1,97.96,10.87,76.89,2.61,61.11,18.49,30.66,0.08,0.58,0.05,0,0,0,0.34,3.53,72.6,3.38,42.86,0.14,33.33,0.53,1.11,6.09,77.78,0,,0,,0,0,0,0,,,0.72,,
Messias,Juventude,Juventude,CB,31,1816,1,2.37,0,0,Brazil,6.74,2.97,63.33,3.42,66.67,0.45,0.67,0.59,4.41,6.66,1.14,3,0.15,0,0,0.2,0.05,1,0.05,0.12,1,0.05,13,0.64,23.08,7.692,0,0,0,0.05,100,0.55,45.45,0.84,0.05,0,17.84,0.2,0.3,25.18,88.78,5.95,65,2.53,98.04,14.03,97.53,1.64,48.48,19.82,33.51,0,0,0,0,0,0,0,0.99,50,0.1,50,0,0,0.1,0,2.87,46.55,0,,0,,0,0,0,0,,,2.18,,
Neris,Fortaleza,Fortaleza,RCB,34,428,1,0.27,0,0,Brazil,8.41,3.15,53.33,3.57,41.18,0.21,0.29,0.84,6.52,8.86,1.26,1,0.21,0,0,0.42,0.21,1,0.21,0.06,1,0.21,2,0.42,50,50,0,0,0,0.21,100,0.42,50,0.42,0.42,0.21,29.02,0.42,0,43.53,85.99,17.03,76.54,1.68,100,21.66,94.17,4.84,39.13,19.16,26.87,0,0,0,0,0,0,0,2.73,53.85,0,0,0,0,0,0,7.15,61.76,0,,0,,0,0,0,0,,,1.26,,
G. Cabezas,Athletic Club,Athletic Club,"RCMF, LCMF",23,1015,0,0.31,0,0.1,Colombia,6.3,4.61,48.08,1.33,46.67,0.62,0.82,0.18,3.46,4.55,1.68,2,0.18,0,0,0.71,0,0,0,0.03,0,0,6,0.53,33.33,0,0,0.98,9.09,0.98,45.45,3.28,35.14,0.62,0.71,0,26.33,0.71,0.27,36,83.74,10.02,76.99,6.12,95.65,13.48,88.82,2.22,40,17.57,22.15,0.01,0.35,0,0,0,0,0.18,5.23,77.97,1.24,35.71,0.18,0,0.35,0.27,4.43,66,0,,0,,0,0,0,0,,,0.53,,
Fabrício Daniel,São Bernardo FC,São Bernardo FC,"CF, AMF, RAMF",29,485,2,0.88,1,0.73,Brazil,5.01,4.27,65.22,2.78,33.33,0.37,0.47,0,1.86,2.34,0.74,2,0.37,0,0,1.3,0.37,1,0.19,0.16,0,0,6,1.11,66.67,33.333,0.19,1.11,16.67,1.3,28.57,7.98,30.23,1.11,0.74,0.19,17.26,1.67,1.86,22.64,72.13,6.68,44.44,5.75,90.32,5.2,75,1.11,50,15.89,9.9,0.13,0.93,0.19,0,0,0,0.37,2.41,38.46,2.41,23.08,0.19,0,0.56,0.37,3.15,52.94,0,,0,,0,0,0,0,,,0.19,,
Miranda,Operário PR,Operário PR,LCB,26,2105,0,0.62,0,0.31,Brazil,6.46,4.57,57.94,2.95,53.62,0.04,0.06,0.56,3.76,5.7,0.81,5,0.21,0,0,0.13,0,0,0,0.03,0,0,2,0.09,50,0,0,0.13,33.33,0.09,50,0.77,66.67,0.21,0.68,0.09,31.34,0.26,0.56,43.74,87,16.59,72.68,1.33,87.1,22.06,97.09,6.71,50.96,23.29,43.12,0.01,0.17,0,0,0,0,0.09,4.45,58.65,0.38,33.33,0.34,25,0.17,0.04,7.27,61.76,0,,0,,0,0,0,0,,,0.77,,
Bruno Alves,Criciúma,Criciúma,"RCB, CB, LCB",35,1146,2,1.1,0,0,Brazil,10.05,7.7,59.18,5.73,75.34,0.47,0.62,0.79,5.03,6.64,1.73,6,0.47,0,0,0.39,0.16,2,0.16,0.09,1,0.08,6,0.47,66.67,33.333,0,0.16,50,0,0,0.63,75,0.55,0.39,0.08,22.3,0.55,0.55,33.22,82.98,15.86,72.28,1.96,96,11.78,96,6.36,58.02,22.07,39.89,0,0,0,0,0,0,0,5.1,63.08,0.47,33.33,0.16,0,0.08,0.08,7.93,73.27,0,,0,,0,0,0,0,,,1.18,,
Wenderson,Avaí,Avaí,"LAMF, RCMF, LDMF",27,773,1,1.01,0,0.22,Brazil,5.71,4.66,47.5,2.45,28.57,0,0,0.47,3.49,4.89,0.93,2,0.23,0,0,1.75,0.12,1,0.12,0.12,0,0,11,1.28,18.18,9.091,0,1.16,30,1.86,62.5,6.99,46.67,0.82,1.4,0.12,21.89,1.28,1.63,28.87,80.65,7.68,57.58,6.4,92.73,8.27,83.1,1.28,54.55,15.26,16.48,0.03,0.58,0,0.12,0.12,0,0.23,3.73,65.63,1.28,45.45,0.23,0,0.23,0.58,3.96,52.94,0,,0,,0,0,0,0,,,0.35,,
Lucas Lima,Goiás,Goiás,"AMF, CF, RAMF",36,1983,0,1.69,4,3.22,Brazil,4.27,5.26,53.45,0.5,18.18,0.14,0.2,0.14,1.32,1.89,1.04,4,0.18,0,0,2.36,0,0,0,0.08,0,0,13,0.59,30.77,0,0.18,2.41,50.94,1.41,54.84,6.54,52.78,1.23,1.63,0.23,36.85,1.68,2.22,45.43,84.62,14.7,76.85,7.58,96.41,16.07,87.01,4.22,67.74,18.09,38.08,0.15,1.63,0,0.09,0.27,66.67,0.82,7.22,77.99,4.04,55.06,0.59,69.23,1.09,1.23,7.03,84.52,0,,0,,0,0,0,0,,,0.14,,
Elias,Mirassol,Vila Nova,RB,27,475,0,0.18,0,0.12,Brazil,8.15,8.91,42.55,2.46,61.54,0.19,0.32,0.19,4.17,6.95,3.22,2,0.38,0,0,1.33,0,0,0,0.03,0,0,4,0.76,25,0,0,2.08,36.36,1.33,28.57,3.22,29.41,0.95,1.71,0.19,19.33,0.95,0.76,25.58,72.59,12.13,70.31,3.6,89.47,6.25,63.64,3.79,40,17.62,23.81,0.02,0.38,0,0,0.19,0,0.38,2.65,50,2.65,35.71,0.57,0,0.19,0.76,7.2,63.16,0,,0,,0,0,0,0,,,0.38,,
Emerson Santos,América Mineiro,América Mineiro,"LCB, RCB",31,496,1,0.51,0,0.08,Brazil,6.17,4.35,58.33,4.35,45.83,0.36,0.64,0.18,3.27,5.74,0.91,0,0,1,0.18,0.18,0.18,1,0.18,0.09,0,0,4,0.73,25,25,0,0,0,0.18,0,2.36,23.08,0.91,2.36,0,39.74,0.91,0.36,52.98,88.36,21.41,79.66,3.27,83.33,23.04,96.06,5.81,53.13,19.71,35.53,0.01,0.18,0,0,0,0,0,7.98,75,0.73,25,0.54,0,0.18,0,9.8,77.78,0,,0,,0,0,0,0,,,1.63,,
Ian Luccas,Alverca,Athletic Club,"CF, LCMF",23,1433,4,4.86,1,1.12,Brazil,6.59,5.34,51.76,4.96,41.77,0.25,0.33,0.31,3.58,4.68,1.57,4,0.25,2,0.13,1.51,0.25,3,0.19,0.31,0,0,29,1.82,34.48,13.793,0.06,0.57,33.33,1.57,44,7.73,30.08,2.7,1.32,0.13,15.39,1.38,1.26,21.29,74.04,6.15,60.2,4.58,90.41,5.59,78.65,1.19,52.63,15.81,26.41,0.07,0.57,0,0.06,0.06,0,0.38,4.02,53.13,1.38,63.64,0.19,0,0.82,0.19,3.71,67.8,0,,0,,0,0,0,0,,,0.06,,
Zeca,Athletic Club,Athletic Club,"LB, RCB",32,1569,0,0.95,2,1.95,Brazil,5.97,5.85,51.96,1.43,28,0,0,0.69,2.93,3.73,1.09,4,0.23,0,0,1.2,0,0,0,0.05,0,0,9,0.52,33.33,0,0.11,1.61,46.43,0.46,50,2.07,33.33,0.11,1.09,0.17,30,0.98,0.29,39.01,82.65,17.32,74.5,6.14,95.33,11.19,87.18,6.6,47.83,22.11,39.37,0.11,0.86,0,0,0.06,100,0.46,6.14,65.42,1.84,43.75,0.4,14.29,0.23,0.75,8.72,72.37,0,,0,,0,0,0,0,,,0.92,,
Artur,Londrina,Londrina,"LB, LCB",32,476,0,0.1,0,0.11,Brazil,10.59,7.37,58.97,3.03,68.75,0.57,0.82,0.95,5.67,8.18,1.13,1,0.19,0,0,0.76,0,0,0,0.02,0,0,2,0.38,50,0,0,1.89,30,0,0,1.32,42.86,0.38,0.57,0.19,29.87,1.89,0.38,36.87,80,17.21,70.33,4.35,100,8.7,78.26,7.18,50,19.03,30.94,0.02,0.38,0.19,0,0,0,0.19,5.11,59.26,2.46,30.77,0.19,0,0.19,0.57,9.08,77.08,0,,0,,0,0,0,0,,,0.38,,
Felipinho,Sport Recife,Sport Recife,LB,29,2169,1,1.89,2,1.66,Brazil,6.22,4.4,48.11,2.16,67.31,0.04,0.07,0.29,4.07,6.39,1.16,5,0.21,0,0,2.78,0.04,1,0.04,0.08,0,0,22,0.91,27.27,4.545,0.08,3.11,41.33,1.78,69.77,3.86,62.37,1.16,1.7,0.33,35.6,1.78,0.91,45.06,79.37,17.1,67.23,6.31,94.74,13.24,86.83,5.23,49.21,20.09,41.37,0.07,0.66,0,0.08,0,0,0.46,5.89,66.2,3.28,48.1,0.29,42.86,0.79,0.91,9.21,68.92,0,,0,,0,0,0,0,,,0.75,,
Willian Oliveira,Sport Recife,Sport Recife,"LDMF, RDMF, LCMF",33,888,0,0.83,1,0.77,Brazil,7.6,4.76,55.32,1.62,62.5,0.3,0.42,0.3,4.66,6.45,1.11,1,0.1,0,0,0.61,0,0,0,0.08,0,0,8,0.81,62.5,0,0.1,0.3,33.33,0,0,2.03,50,1.01,0,0.1,30.51,0.2,1.22,40.44,89.47,10.44,77.67,6.99,97.1,16.93,94.01,2.84,71.43,17,34.45,0.08,0.61,0,0,0,0,0.3,4.66,76.09,0.61,16.67,0,0,0.41,0.1,5.37,66.04,0,,0,,0,0,0,0,,,0.3,,
Bruno José,Atlético GO,Atlético GO,"RAMF, RW",28,1016,2,2.83,2,1.35,Brazil,4.96,4.16,44.68,2.92,57.58,0.27,0.4,0.18,2.83,4.23,1.24,2,0.18,1,0.09,4.16,0.18,2,0.18,0.25,1,0.09,16,1.42,31.25,12.5,0.18,4.87,29.09,3.54,65,8.33,56.38,2.75,2.92,0.18,24.01,3.37,1.77,28.08,69.4,5.94,73.13,5.49,87.1,9.57,56.48,1.77,55,18.83,18.79,0.12,1.33,0.09,0,0,0,0.89,1.86,57.14,4.52,35.29,0.18,0,0.8,1.33,4.52,78.43,0,,0,,0,0,0,0,,,0.18,,
Mádson,Grêmio Novorizontino,Grêmio Novorizontino,RB,34,1763,2,1.64,2,1.99,Brazil,6.33,4.03,53.16,3.11,67.21,0.2,0.29,0.2,3.98,5.65,0.66,4,0.2,0,0,1.33,0.1,2,0.1,0.08,2,0.1,12,0.61,25,16.667,0.1,1.89,59.46,0.15,33.33,1.12,50,1.53,0.26,0.1,25.88,1.79,0.87,33.03,82.53,13.43,73.76,5.31,97.12,10.01,88.27,3.01,44.07,19.61,32.93,0.1,0.82,0.05,0,0,0,0.51,4.65,71.43,1.43,60.71,0.1,50,0.15,0.97,6.02,74.58,0,,0,,0,0,0,0,,,0.87,,
Barreto,América Mineiro,América Mineiro,"RDMF, DMF, LCMF",30,764,0,0.28,0,0.19,Brazil,6.48,6.6,46.43,1.41,33.33,0,0,0.94,3.42,4.55,2.12,3,0.35,0,0,0.59,0,0,0,0.03,0,0,5,0.59,40,0,0,0.35,0,0.71,50,4.48,47.37,0.71,0.47,0,26.62,0.47,1.18,36.52,90,9.9,83.33,5.77,97.96,14.61,95.97,1.41,75,17.61,39.49,0.02,0.71,0.12,0,0,0,0.35,3.65,80.65,0.82,28.57,0,0,0.47,0,3.42,72.41,0,,0,,0,0,0,0,,,0.47,,
Aderlan,Juventude,Juventude,RWB,36,1376,0,0.32,4,3.22,Brazil,10.01,8.7,67.67,1.7,50,0,0,0.39,4.12,5.69,1.64,5,0.33,0,0,2.49,0,0,0,0.02,0,0,9,0.59,11.11,0,0.26,3.53,51.85,0.78,75,3.34,50.98,1.24,0.92,0.33,25.05,2.75,0.78,34.53,73.67,13.21,67.33,4.51,97.1,11.51,71.59,4.91,57.33,19.09,38.11,0.21,1.64,0.13,0,0,0,1.18,4.38,65.67,4.19,45.31,0,0,0.59,1.64,8.76,63.43,0,,0,,0,0,0,0,,,0.39,,
Raí Ramos,Juventude,Juventude,"RWB, RB",32,737,0,0.32,0,0.23,Brazil,5.86,5.86,54.17,0.73,16.67,0,0,0.24,2.69,3.86,1.34,1,0.12,0,0,1.71,0,0,0,0.04,0,0,8,0.98,62.5,0,0,2.44,20,1.22,50,2.81,34.78,0.49,1.1,0.24,19.17,1.83,0.12,25.52,76.08,10.26,71.43,4.15,97.06,7.57,70.97,3.79,54.84,20.65,33.07,0.03,0.24,0,0,0,0,0,3.05,72,1.95,25,0,0,0,0.49,5.74,72.34,0,,0,,0,0,0,0,,,0.49,,
Fábio Lima,Juventude,Juventude,"AMF, RWF, RW",29,1657,3,3.91,2,1.99,Brazil,2.99,2.61,43.75,2.12,38.46,0.05,0.08,0.11,1.79,2.61,0.76,2,0.11,0,0,2.66,0.16,3,0.16,0.21,0,0,36,1.96,38.89,8.333,0.11,2.28,35.71,2.23,48.78,7.06,46.92,2.66,0.98,0.22,14.18,1.58,2.01,18.74,75.94,2.77,66.67,5.7,95.24,6.46,68.07,1.36,56,19.31,24.32,0.11,1.68,0.05,0,0,0,0.81,1.25,69.57,2.44,44.44,0.05,100,0.81,0.71,2.77,64.71,0,,0,,0,0,0,0,,,0.11,,
Carlinhos,Athletic Club,Athletic Club,CF,29,474,2,1.3,1,0.24,Brazil,3.23,3.99,33.33,6.46,35.29,0,0,0.19,1.9,2.26,1.9,0,0,0,0,1.9,0.38,2,0.38,0.25,0,0,10,1.9,40,20,0.19,0.19,100,1.14,83.33,5.13,66.67,2.09,0.76,0,7.41,1.71,1.14,11.96,74.6,2.47,30.77,4.37,82.61,3.8,85,0.38,100,16.61,8.29,0.05,0.19,0.19,0,0,0,0.19,1.52,37.5,0.38,50,0,0,0.19,0.19,0.76,50,0,,0,,0,0,0,0,,,0,,
Felipe Vizeu,Avaí,Avaí,CF,29,655,0,3.53,0,0.13,Brazil,2.2,1.51,54.55,4.95,22.22,0,0,0.14,1.37,1.52,0.96,2,0.27,0,0,1.92,0,0,0,0.48,0,0,18,2.47,44.44,0,0,0,0,0.96,71.43,4.53,42.42,3.44,0.55,0,12.09,1.65,0.82,16.63,84.3,3.85,82.14,4.81,94.29,3.44,88,0.41,66.67,12.82,18.63,0.02,0.27,0,0,0.14,100,0.41,1.51,72.73,0.41,66.67,0.14,100,0.41,0,1.79,76.92,0,,0,,0,0,0,0,,,0,,
Guilherme,Atlético GO,Atlético GO,LB,24,2652,2,1.81,2,3.03,Brazil,8.08,6.69,56.35,1.8,49.06,0.2,0.28,0.31,4.11,5.64,1.49,8,0.27,0,0,2.58,0.07,2,0.07,0.06,1,0.03,15,0.51,53.33,13.333,0.07,3.26,37.5,2.04,51.67,4.21,43.55,0.61,2.04,0.2,25.38,1.56,0.68,33.83,78.54,11.44,67.66,4.68,95.65,11.81,81.32,3.29,57.73,19.28,38.57,0.1,0.95,0,0,0.07,50,0.58,3.77,70.27,3.16,46.24,0.14,25,0.48,1.12,6.79,71,0,,0,,0,0,0,0,,,0.31,,
Adriano Martins,Atlético GO,Atlético GO,"LCB, CB",29,2067,2,0.86,0,0.2,Brazil,8.32,3.66,73.81,2.57,66.1,0,0,0.91,5.62,8.06,0.57,2,0.09,0,0,0.39,0.09,2,0.09,0.04,2,0.09,9,0.39,33.33,22.222,0,0.04,100,0.26,83.33,1.22,57.14,0.61,0.7,0.04,29.65,0.96,0.44,43.24,91.14,15.76,81.77,1.83,95.24,22.55,97.49,3.66,54.76,21.4,35.05,0.01,0.13,0,0,0,0,0.09,5.53,74.8,0.3,42.86,0.09,50,0.13,0.04,6.1,75.71,0,,0,,0,0,0,0,,,1.26,,
A. Torres,Operário PR,Operário PR,"RAMF, RW, LW",26,577,1,0.8,2,0.44,Colombia,5.62,5.77,43.24,2.81,33.33,0.47,0.64,0.16,2.65,3.64,1.72,0,0,0,0,2.34,0.16,1,0.16,0.13,0,0,6,0.94,33.33,16.667,0.31,1.09,28.57,3.12,55,10.14,35.38,0.94,2.03,0.47,27.76,1.87,1.56,33.54,76.74,7.33,48.94,10.29,95.45,7.64,77.55,2.03,53.85,14.14,28.87,0.07,0.94,0,0,0,0,0.31,2.81,44.44,1.25,50,0,0,0.31,0.31,2.34,53.33,0,,0,,0,0,0,0,,,0,,
Klaus,Operário PR,Operário PR,"RCB, LCB",32,1152,0,1.99,0,0,Brazil,6.48,2.5,53.13,4.06,57.69,0.08,0.13,1.09,5.08,8.13,0.86,3,0.23,0,0,0.16,0,0,0,0.16,0,0,7,0.55,0,0,0,0.16,50,0.08,100,0.23,66.67,0.86,0.31,0,24.06,0.31,0.23,36.88,86.44,15.78,74.75,1.41,94.44,16.95,95.39,3.67,40.43,19.49,32.61,0,0,0,0,0,0,0,2.5,59.38,0.39,20,0,0,0.16,0.08,5.7,68.49,0,,0,,0,0,0,0,,,1.25,,
Rafael Ramos,Ceará,Ceará,"RB, RWB",31,1005,0,0.57,1,1.43,Portugal,9.13,7.61,68.24,3.31,51.35,0.27,0.41,0.18,3.67,5.62,1.43,2,0.18,0,0,2.42,0,0,0,0.05,0,0,10,0.9,30,0,0.09,3.4,26.32,1.61,77.78,3.4,57.89,0.99,1.25,0.45,24.27,1.7,0.63,34.12,77.95,12.72,70.42,6.27,92.86,9.31,76.92,4.12,56.52,20.44,36.52,0.13,1.25,0,0,0.09,0,0.27,4.21,70.21,3.67,41.46,0.09,0,0.63,1.16,7.16,71.25,0,,0,,0,0,0,0,,,0.81,,
Willean Lepo,Criciúma,Criciúma,RWB,29,1810,3,1.34,2,3.01,Brazil,8.6,6.31,64.57,3.23,38.46,0.1,0.16,0.35,4.43,6.97,0.9,3,0.15,1,0.05,4.52,0.15,3,0.15,0.07,1,0.05,19,0.94,26.32,15.789,0.1,5.82,32.48,3.93,60.76,9.75,37.76,2.59,2.19,0.1,32.37,3.63,0.8,42.41,75.03,14.87,70.9,9.35,97.87,10.19,66.34,3.13,44.44,19.23,32.87,0.15,0.99,0.1,0,0.1,0,0.85,4.62,65.59,4.57,40.22,0.3,16.67,0.55,1.89,9,74.59,0,,0,,0,0,0,0,,,0,,
Fernando,Chapecoense,Ceará,"LB, LWB",27,853,0,0.41,0,0.38,Brazil,8.12,6.44,60.66,2.43,56.52,0.32,0.5,0.32,3.9,6.13,1.27,1,0.11,0,0,2.22,0,0,0,0.04,0,0,10,1.06,20,0,0,3.59,32.35,1.79,47.06,7.07,43.28,1.27,1.27,0.21,29.23,1.37,1.69,38.62,79.51,12.45,72.03,6.54,90.32,12.77,83.47,4.54,62.79,19.97,34.27,0.04,0.63,0.11,0,0,0,0.21,5.49,67.31,3.38,40.63,0.42,0,0.63,0.95,8.65,81.71,0,,0,,0,0,0,0,,,0.63,,
Dellatorre,Vila Nova,Vila Nova,CF,34,921,2,3.25,1,0.38,Brazil,1.86,1.27,46.15,5.08,32.69,0,0,0.1,1.27,2.14,0.2,1,0.1,1,0.1,1.37,0.2,2,0.2,0.32,1,0.1,20,1.95,30,10,0.1,0.29,66.67,0.98,60,3.71,42.11,2.74,0.49,0.1,9.19,1.47,1.07,11.92,72.95,2.25,39.13,3.32,88.24,3.81,71.79,0.29,0,13.94,8.34,0.04,0.39,0.1,0,0,0,0.29,0.68,57.14,0.68,28.57,0,0,0.29,0.2,0.78,62.5,0,,0,,0,0,0,0,,,0,,
Luan Polli,Athletic Club,Athletic Club,GK,33,3008,0,0,0,0,Brazil,0.99,0.09,0,0.12,100,0,0,0,0.99,1.25,0,1,0.03,0,0,0,0,0,0,0,0,0,0,0,0,0,0,0,0,0,0,0.09,100,0,0,0,9.81,0.15,0.12,17.95,75.33,9.72,59.38,0.03,0,7.48,95.6,6.58,41.36,34.29,53.9,0,0,0,0.03,0,0,0,2,34.33,0.15,0,0.12,0,0,0,5.33,54.49,34,1.02,148,4.43,8,77.03,35.9,1.07,1.9,0.057,0,1.59,0.12
Gustavo Maia,Atlético GO,Atlético GO,"LAMF, LWF, RAMF",25,686,1,0.98,0,1.15,Brazil,3.15,3.94,40,1.18,33.33,0.13,0.21,0.26,1.44,2.29,0.79,1,0.13,0,0,4.59,0.13,1,0.13,0.13,0,0,15,1.97,53.33,6.667,0,3.41,38.46,2.62,80,6.69,54.9,2.23,2.1,0.26,28.08,1.31,1.44,33.32,79.13,8.13,72.58,7.74,94.92,9.71,72.97,1.31,50,15.41,14.88,0.15,1.84,0.13,0,0.39,33.33,0.52,2.62,60,4.2,56.25,0.39,33.33,1.31,1.57,5.51,73.81,0,,0,,0,0,0,0,,,0.13,,
Marcelo Hermes,Criciúma,Criciúma,"LWB, LB",31,2894,3,2.75,2,2.57,Brazil,6.44,5.19,58.68,2.3,39.19,0.06,0.09,0.16,3.33,4.99,0.93,3,0.09,0,0,2.05,0.09,3,0.09,0.09,0,0,45,1.4,24.44,6.667,0.06,3.36,29.63,1.09,65.71,2.86,47.83,1.71,1.46,0.19,26.53,2.52,0.72,34.64,73.97,13.5,67.97,6.03,93.3,10.01,70.5,3.98,47.66,19.94,39.17,0.08,0.72,0.03,0,0,0,0.37,4.04,65.38,3.14,36.63,0.16,40,0.44,1.03,7.46,70.83,0,,0,,0,0,0,0,,,0.28,,
Hildeberto Pereira,Operário PR,Operário PR,"RW, RAMF, RWF",30,1826,4,2.53,2,1.89,Portugal,3.8,3.11,49.21,2.42,32.65,0.05,0.07,0.2,2.22,3.27,0.79,5,0.25,1,0.05,2.76,0.2,4,0.2,0.12,0,0,20,0.99,50,20,0.1,2.27,28.26,2.81,56.14,8.72,37.29,1.73,2.46,0.35,21.24,2.17,1.43,26.86,76.7,4.93,66,8.53,91.91,6.7,72.06,0.79,50,15.41,21.21,0.09,1.13,0.1,0,0.05,100,0.64,2.32,80.85,1.87,26.32,0.05,100,0.49,0.69,3.45,65.71,0,,0,,0,0,0,0,,,0.39,,
Marcinho,Criciúma,Criciúma,"RWB, RB",30,1098,0,0.51,0,1.56,Brazil,7.95,5.57,50,1.64,60,0.16,0.25,0.33,5,7.53,1.56,0,0,0,0,3.44,0,0,0,0.04,0,0,15,1.23,13.33,0,0,3.52,53.49,2.3,60.71,5.33,46.15,1.8,1.56,0.08,33.03,3.03,0.49,42.46,82.82,13.85,69.23,8.44,97.09,13.11,90.63,5,59.02,20.99,39.67,0.13,0.9,0.08,0,0,0,0.74,5.08,66.13,3.2,61.54,0.33,75,0.49,1.64,7.62,83.87,0,,0,,0,0,0,0,,,0.74,,
Djalma Silva,Goiás,Goiás,LB,32,1395,2,1.04,1,0.45,Brazil,6.65,4.77,64.86,2.77,62.79,0.13,0.19,0.19,3.42,5.06,1.03,3,0.19,0,0,2.65,0.13,2,0.13,0.07,0,0,20,1.29,20,10,0.06,2.58,20,2.52,74.36,4.9,55.26,1.16,0.77,0,28.32,1.94,1.03,36.19,72.55,14.9,59.31,6.9,99.07,10.26,71.07,5.94,38.04,20.24,38.58,0.03,0.32,0.06,0,0,0,0.06,5.48,58.82,2.77,30.23,0,0,0.19,0.45,7.74,60.83,0,,0,,0,0,0,0,,,0.32,,
Ronaldo Tavares,Athletic Club,Athletic Club,CF,28,501,5,2.58,0,0.33,Portugal,2.87,3.41,42.11,3.23,61.11,0,0,0,1.44,1.86,1.8,1,0.18,0,0,3.23,0.9,4,0.72,0.46,0,0,14,2.51,71.43,35.714,0,0.72,0,2.69,53.33,8.08,33.33,2.87,1.62,0.54,8.26,1.62,0.72,9.88,72.73,1.98,72.73,3.41,89.47,1.8,70,0,0,13.83,0,0.06,0.36,0,0,0,0,0.18,0.36,50,1.26,42.86,0,0,0.54,0,0.72,100,0,,0,,0,0,0,0,,,0,,
N. Castrillón,Grêmio Novorizontino,Grêmio Novorizontino,RB,30,1030,0,0.23,1,1.16,Colombia,7.43,5.16,59.32,2.88,69.7,0.17,0.24,0.35,4.19,5.65,1.4,5,0.44,0,0,0.61,0,0,0,0.02,0,0,3,0.26,0,0,0.09,2.01,26.09,0.35,25,2.36,51.85,0.52,1.05,0.17,23.16,0.79,1.05,32.24,79.95,14.33,74.39,3.5,97.5,10.4,81.51,3.58,53.66,19.04,35.88,0.1,0.61,0,0,0,0,0.26,4.81,74.55,1.92,22.73,0.35,0,0.09,0.61,7.51,72.09,0,,0,,0,0,0,0,,,0.7,,
Ramon Menezes,Goiás,Goiás,"LCB, RCB",31,1484,0,1.37,0,0.31,Brazil,6.19,2.85,61.7,2.55,69.05,0.18,0.26,0.42,4.25,6.12,0.97,2,0.12,1,0.06,0.18,0,0,0,0.08,0,0,10,0.61,20,0,0,0.06,0,0.06,100,0.49,50,0.79,0.55,0,38.87,0.73,0.24,50.34,93.01,17.77,84.3,2.24,100,24.74,98.53,3.4,64.29,20.67,39.59,0.02,0.06,0,0,0,0,0.06,3.21,73.58,0.18,0,0,0,0.12,0.06,4.85,58.75,0,,0,,0,0,0,0,,,1.7,,
Fernandinho,Mirassol,Ceará,"LAMF, CF",29,689,1,0.75,1,1.01,Brazil,4.31,5.22,70,3.92,16.67,0,0,0,0.65,1.07,1.44,2,0.26,1,0.13,4.83,0.13,1,0.13,0.1,0,0,11,1.44,27.27,9.091,0.13,1.83,35.71,6.4,57.14,14.37,37.27,2.87,2.87,0.52,13.32,1.7,1.7,17.11,72.52,3.66,57.14,4.83,86.49,4.05,80.65,0,0,14.3,0,0.13,1.44,0.13,0,0.52,25,0.65,0.65,80,2.09,62.5,0.39,33.33,1.44,0.52,2.22,70.59,0,,0,,0,0,0,0,,,0,,
Rafa Silva,Vila Nova,Vila Nova,CF,34,432,3,2.45,0,0.04,Brazil,2.29,2.08,60,5.21,24,0.42,0.68,0,0.63,1.02,0.42,2,0.42,0,0,1.46,0.63,3,0.63,0.51,1,0.21,12,2.5,50,25,0,0,0,0.83,25,7.08,26.47,3.13,0,0,6.88,0.63,1.46,9.17,79.55,1.67,50,3.54,94.12,1.67,75,0,0,12.75,0,0.01,0.42,0,0,0,0,0,0.42,50,0.21,0,0,0,0.21,0,0.42,50,0,,0,,0,0,0,0,,,0,,
Lucas Sasha,Fortaleza,Fortaleza,"RCMF, LCMF",36,2066,2,3.07,2,0.84,Brazil,7.54,6.49,51.68,1.26,31.03,0.65,0.88,0.26,3.53,4.76,1.35,2,0.09,0,0,0.78,0.09,2,0.09,0.13,0,0,17,0.74,35.29,11.765,0.09,0.65,20,0.57,69.23,2.66,49.18,1.31,0.74,0,33.85,0.48,0.91,43.52,88.39,13.64,82.75,6.97,94.38,15.77,91.44,2.48,64.91,16.94,30.48,0.04,0.57,0,0,0,0,0.35,7.84,83.33,1,30.43,0.17,50,0.39,0.17,5.01,77.39,0,,0,,0,0,0,0,,,0.52,,
Zé Hugo,Botafogo SP,Botafogo SP,"RAMF, RW, RWF",26,2180,2,1.9,3,2.75,Brazil,4.75,4.95,52.5,2.52,26.23,0.04,0.06,0,2.11,3.12,1.24,1,0.04,0,0,4.54,0.08,2,0.08,0.08,0,0,34,1.4,38.24,5.882,0.12,4.17,25.74,4.54,63.64,11.93,50.17,2.6,2.68,0.54,15.03,2.31,2.15,20.72,62.95,5.37,61.54,4.58,91.89,5.7,53.62,1.24,56.67,18.84,28.6,0.11,0.66,0,0,0.04,100,0.58,2.11,50.98,3.26,31.65,0.04,100,0.66,0.99,3.18,76.62,0,,0,,0,0,0,0,,,0,,
Kelvin,Botafogo SP,Botafogo SP,"LW, LAMF, LWF",29,1654,0,2.03,3,2.46,Brazil,4.35,3.21,59.32,1.03,15.79,0.22,0.31,0.16,2.23,3.23,0.33,2,0.11,0,0,3.16,0,0,0,0.11,0,0,25,1.36,28,0,0.16,2.12,53.85,3.32,49.18,7.62,41.43,2.12,1.63,0.22,19.64,1.03,0.98,25.96,83.44,6.53,80.83,5.66,92.31,8.05,82.43,1.63,63.33,16.99,21.5,0.13,1.03,0.11,0,0,0,0.65,3.1,82.46,1.9,60,0,0,0.76,1.2,3.1,78.95,0,,0,,0,0,0,0,,,0.05,,
Everton Morelli,Botafogo SP,Botafogo SP,"RCMF, AMF",28,2782,8,5.56,2,0.98,Brazil,5.66,4.66,45.83,3.36,45.19,0.13,0.19,0.26,3.4,4.97,1.49,4,0.13,0,0,1.62,0.26,8,0.26,0.18,4,0.13,48,1.55,35.42,16.667,0.06,1.65,35.29,0.87,55.56,6.31,39.49,2.49,1.1,0.23,17.73,0.74,1.88,27.11,78.52,8.48,66.41,6.05,93.58,7.83,79.34,1.97,54.1,18.09,33.67,0.03,0.39,0,0,0.03,0,0.19,3.27,69.31,1.78,40,0.16,0,0.58,0.55,3.69,66.67,0,,0,,0,0,0,0,,,1,,
Bressan,CRB,CRB,RCB,33,1797,2,1.85,0,0.67,Brazil,6.16,4.11,47.56,3.26,63.08,0.15,0.2,0.55,4.06,5.42,1.4,6,0.3,0,0,0.3,0.1,2,0.1,0.09,0,0,11,0.55,36.36,18.182,0,0.2,50,0.05,0,0.15,33.33,0.5,0.75,0,40.02,0.3,0.05,53.94,87.56,19.88,74.31,2.35,95.74,27.65,96.01,8.51,56.47,21.44,38.12,0.03,0.25,0,0.05,0,0,0.05,5.81,62.07,0.9,38.89,0.15,0,0.25,0.1,9.07,68.51,0,,0,,0,0,0,0,,,1.9,,
Pedro Castro,CRB,CRB,"DMF, RCMF, LDMF",33,2556,3,2.44,0,1.18,Brazil,5.46,3.49,57.58,1.87,52.83,0.04,0.05,0.14,3.42,4.44,0.67,0,0,0,0,1.13,0.11,3,0.11,0.09,1,0.04,38,1.34,26.32,7.895,0,0.42,33.33,1.06,56.67,3.94,54.46,1.02,0.63,0.07,25.32,0.28,1.48,36.3,84.87,11.16,72.56,5.25,95.3,14.61,90.84,2.85,51.85,18.73,36.83,0.04,0.63,0,0,0.11,33.33,0.14,6.16,73.14,1.37,38.46,0.21,16.67,0.39,0.14,5.67,73.91,0,,0,,0,0,0,0,,,0.49,,
Paulo Victor,América Mineiro,América Mineiro,"CF, LW, RAMF",25,1500,2,4.7,1,1.22,Brazil,5.52,4.38,49.32,4.56,39.47,0.24,0.35,0.18,3.12,4.56,2.22,5,0.3,0,0,2.04,0.12,2,0.12,0.28,1,0.06,31,1.86,45.16,6.452,0.06,1.56,30.77,1.2,60,5.82,59.79,3.18,1.26,0.12,9.72,1.38,1.98,13.32,72.52,3.06,56.86,3.12,88.46,3.84,73.44,0.78,38.46,16.66,18.97,0.07,0.66,0,0.06,0,0,0.66,0.9,53.33,1.14,36.84,0,0,0.36,0.48,1.62,66.67,0,,0,,0,0,0,0,,,0,,
Léo Naldi,Grêmio Novorizontino,Grêmio Novorizontino,"LDMF, LCMF",25,1946,1,2.69,0,0.62,Brazil,7.26,4.95,57.94,3.01,50.77,0.23,0.31,0.51,4.16,5.6,1.48,2,0.09,0,0,0.6,0.05,0,0,0.12,0,0,24,1.11,20.83,4.167,0,0.28,33.33,0.37,75,2.22,56.25,1.11,0.6,0.05,16.93,0.23,1.16,24.28,84.76,7.4,72.5,3.38,93.15,10.45,91.15,2.03,45.45,18.76,30.04,0.03,0.46,0,0,0,0,0.14,3.56,68.83,0.6,38.46,0.14,33.33,0.23,0.09,3.33,75,0,,0,,0,0,0,0,,,0.18,,
Jandrei,Juventude,Juventude,GK,33,2798,0,0,0,0,Brazil,1.13,0.06,50,0.48,93.33,0.03,0.05,0,1.06,1.55,0.03,1,0.03,0,0,0,0,0,0,0,0,0,0,0,0,0,0,0,0,0,0,0.23,100,0,0,0,13.64,0.23,0.42,25.64,78.8,14.15,66.36,0,0,10.87,94.67,10.13,55.24,37.73,53.89,0,0,0.03,0,0,0,0,3.92,46.72,0.35,18.18,0.16,20,0.03,0,7.56,66.38,18,0.58,95,3.06,19,81.05,21.57,0.69,3.57,0.115,0,2.22,0.48
Alisson Safira,Juventude,Juventude,"CF, RWF",31,1806,6,5.95,0,0.91,Brazil,3.49,4.53,36.26,6.23,52,0.3,0.44,0.2,1.54,2.25,3.59,3,0.15,0,0,1.4,0.3,5,0.25,0.3,3,0.15,45,2.24,33.33,13.333,0,1,20,0.6,66.67,7.13,56.64,3.44,0.5,0.1,10.17,1.3,3.64,13.6,71.06,2.69,57.41,3.44,94.2,4.29,65.12,0.35,42.86,14.63,6.41,0.05,0.5,0.05,0,0.15,33.33,0.35,1.35,55.56,1.15,39.13,0.15,33.33,0.5,0.25,1.45,68.97,0,,0,,0,0,0,0,,,0.25,,
Léo Tocantins,Atlético GO,Atlético GO,"RAMF, RW, LW",27,401,0,0.12,0,0.5,Brazil,5.39,5.84,53.85,3.37,20,0.22,0.33,0,2.02,2.97,1.12,1,0.22,0,0,1.57,0,0,0,0.03,0,0,2,0.45,50,0,0,2.02,33.33,1.12,60,7.86,42.86,1.8,0.9,0,17.28,0.9,2.02,24.46,76.15,5.39,66.67,4.49,95,8.75,74.36,2.69,75,16.99,21.63,0.11,0.9,0.22,0,0,0,0.67,3.37,73.33,2.02,44.44,0,0,0.45,0.67,4.26,63.16,0,,0,,0,0,0,0,,,0,,
Mikael Doka,Operário PR,Operário PR,RB,26,2180,0,0.74,4,3.19,Brazil,7.27,6.36,59.74,1.78,48.84,0.37,0.55,0,3.1,4.55,1.4,5,0.21,0,0,2.48,0,0,0,0.03,0,0,22,0.91,18.18,0,0.17,2.39,37.93,2.02,69.39,5.33,66.67,0.5,2.31,0.5,30.96,1.69,1.98,40.87,85.66,14.24,80,6.48,96.82,13.62,85.45,2.81,57.35,18.75,39.46,0.13,1.2,0.08,0.04,0,0,0.5,4.17,76.24,2.56,41.94,0.17,0,0.37,0.95,7.02,78.24,0,,0,,0,0,0,0,,,0.29,,
Jean Irmer,Criciúma,Criciúma,"RCMF, DMF, LCMF",32,556,0,0.42,0,0,Brazil,9.55,8.58,54.72,2.75,47.06,0.97,1.27,0.32,3.88,5.07,2.43,2,0.32,0,0,0.49,0,0,0,0.07,0,0,6,0.97,33.33,0,0,0.32,0,0.32,50,1.62,30,0.49,0.32,0,18.29,0.65,0.16,28.65,78.53,8.42,55.77,2.75,94.12,12.63,91.03,4.53,46.43,23.6,32.25,0,0,0,0,0,0,0,5.83,52.78,0.81,0,0,0,0,0,3.88,58.33,0,,0,,0,0,0,0,,,0.65,,
Eduardo,Criciúma,Criciúma,"RCMF, LCMF",29,1277,0,0.16,0,0.36,Brazil,6.27,8.1,42.61,0.99,50,0.21,0.31,0.21,2.61,3.85,2.61,5,0.35,0,0,0.35,0,0,0,0.01,0,0,2,0.14,50,0,0,0.49,28.57,0.56,25,3.88,34.55,0.14,0.28,0.07,26.43,0.35,0.7,38.76,88.18,12.47,78.53,5.99,96.47,13.32,92.06,2.82,57.5,17.18,29.92,0.03,0.63,0.07,0,0,0,0.14,5.43,80.52,0.92,38.46,0.07,100,0.35,0.14,5.64,68.75,0,,0,,0,0,0,0,,,0.49,,
J. Cuenú,Operário PR,Operário PR,RCB,31,2079,1,1.05,0,0.03,Colombia,9,2.73,60.32,3.16,67.12,0.22,0.3,1.39,7.14,9.98,0.87,7,0.3,1,0.04,0.22,0.04,1,0.04,0.05,0,0,6,0.26,66.67,16.667,0,0.04,0,0.04,100,0.74,35.29,0.39,0.13,0.04,26.06,0.48,0.35,37.19,81.49,19,69.02,2.12,93.88,13.38,95.79,6.45,42.28,23.21,44.26,0,0.13,0,0,0,0,0,4.76,54.55,0.52,8.33,0.13,0,0,0,7.45,61.05,0,,0,,0,0,0,0,,,1.69,,
Gilberto,Londrina,Londrina,CF,37,568,2,2.95,0,0.06,Brazil,2.85,3.64,39.13,3.64,52.17,0.32,0.5,0,1.11,1.75,2.22,3,0.48,0,0,1.11,0.32,1,0.16,0.47,0,0,20,3.17,20,10,0,1.43,0,0.48,100,3.96,48,2.69,0.63,0,11.88,1.43,0.95,15.37,74.23,2.06,76.92,4.91,93.55,4.91,61.29,0.79,40,15.85,16.55,0.01,0.32,0.16,0,0,0,0.16,1.27,62.5,1.27,12.5,0,0,0,0.16,0.48,66.67,0,,0,,0,0,0,0,,,0,,
Heron,Londrina,Londrina,"LB, LCB",26,1849,0,1.66,2,1.48,Brazil,8.32,5.74,56.78,3.46,73.24,0.19,0.25,0.34,4.87,6.33,1.22,2,0.1,0,0,1.7,0,0,0,0.08,0,0,13,0.63,38.46,0,0.1,2.53,30.77,0.92,73.68,3.85,56.96,1.02,1.31,0.15,20.2,2.14,1.31,28.62,69.05,12.85,59.85,3.26,92.54,8.42,74.57,3.21,30.3,19.93,35.95,0.07,0.54,0,0,0,0,0.34,3.8,62.82,2.34,31.25,0.1,50,0.15,0.68,6.04,51.61,0,,0,,0,0,0,0,,,0.39,,
Marquinhos Gabriel,Vila Nova,Vila Nova,AMF,36,2353,3,4.06,6,6.49,Brazil,2.49,1.84,62.5,1.11,27.59,0,0,0,1.34,2.12,0.27,1,0.04,0,0,2.6,0.11,2,0.08,0.16,0,0,40,1.53,40,7.5,0.23,2.29,30,1.84,66.67,6.43,42.86,2.33,1.34,0.08,20.54,1.03,1.07,28.04,80.49,7.27,74.21,6.77,94.35,7.96,77.88,1.42,56.76,17.3,28.35,0.25,1.87,0.08,0,0.11,66.67,0.73,3.4,83.15,3.02,58.23,0.11,66.67,1.22,0.76,3.98,77.88,0,,0,,0,0,0,0,,,0.42,,
Élvis,Ponte Preta,Ponte Preta,"AMF, CF",35,1505,2,2.07,3,4.25,Brazil,2.21,3.23,40.74,1.91,37.5,0,0,0.06,0.9,1.28,1.32,3,0.18,0,0,2.27,0.12,1,0.06,0.12,0,0,31,1.85,48.39,6.452,0.18,2.03,32.35,1.26,42.86,3.95,48.48,0.48,1.14,0.12,23.14,1.32,1.55,31.87,77.3,13.46,69.78,4.43,90.54,9.99,79.04,6.16,61.17,20.63,32.24,0.25,1.61,0.06,0.06,0.3,60,0.78,9.15,70.59,4.54,44.74,0.96,43.75,1.32,0.66,7.42,87.9,0,,0,,0,0,0,0,,,0.36,,
Marcelo Carné,Cuiabá,Cuiabá,GK,36,2110,0,0,0,0.23,Brazil,1.11,0,0,0.13,100,0,0,0,1.11,1.5,0,1,0.04,0,0,0,0,0,0,0,0,0,0,0,0,0,0,0,0,0,0,0.04,100,0,0,0,8.49,0.21,0.13,14.84,84.48,6.1,67.83,0,0,7.98,96.79,3.8,47.19,30.29,55.51,0.01,0.04,0,0,0,0,0,1.71,40,0.13,0,0.04,100,0,0,2.69,61.9,16,0.68,49,2.09,9,67.35,14.22,0.61,-1.78,-0.076,0,0.85,0.13
Danilo Barcelos,Ponte Preta,Ponte Preta,"LCB, LB, DMF",35,1567,1,1.16,0,0.9,Brazil,5.05,4.94,36.05,2.58,37.78,0.11,0.15,0.23,3.16,4.17,2.41,6,0.34,0,0,0.98,0.06,1,0.06,0.07,1,0.06,19,1.09,36.84,5.263,0,1.67,17.24,0.52,55.56,2.93,54.9,0.63,0.46,0,16.54,0.34,1.21,27.22,75.32,10.45,61.54,4.65,95.06,8.1,79.43,4.65,44.44,21.74,36.52,0.05,0.57,0,0,0,0,0.11,5.51,55.21,1.72,16.67,0.29,40,0.06,0.29,5.17,71.11,0,,0,,0,0,0,0,,,0.52,,
Alexis Alvariño,Grêmio Novorizontino,Grêmio Novorizontino,"RB, RCB",25,827,0,0.05,0,0.45,Argentina,7.07,4.57,45.24,2.72,76,0,0,0.33,5.01,7.34,0.98,2,0.22,0,0,1.2,0,0,0,0.01,0,0,2,0.22,0,0,0,1.2,45.45,0.76,85.71,0.98,88.89,0.33,1.74,0.33,38.96,0.44,0.44,51.26,84.08,24.81,75.44,3.05,96.43,20.02,93.48,8.71,55,23.16,37.89,0.05,0.33,0,0,0,0,0.11,12.19,74.11,2.18,35,0.54,60,0.54,0.22,12.41,85.96,0,,0,,0,0,0,0,,,0.44,,
Marlon,Sport Recife,Sport Recife,"LAMF, RAMF, LW",29,821,1,1.88,1,1.79,Brazil,4.28,5.26,52.08,2.08,42.11,0.22,0.37,0,1.32,2.21,1.21,3,0.33,0,0,2.96,0.11,1,0.11,0.21,1,0.11,15,1.64,26.67,6.667,0.11,3.18,37.93,1.43,92.31,7.24,53.03,2.41,0.99,0.33,23.68,1.32,2.19,30.69,79.29,8.11,70.27,6.03,90.91,10.41,80,1.53,28.57,16.21,18.4,0.2,0.88,0,0,0,0,0.44,3.07,64.29,2.74,44,0,0,0.55,1.1,3.29,76.67,0,,0,,0,0,0,0,,,0,,
F. Elizari,América Mineiro,América Mineiro,"LCMF, AMF",35,618,2,0.56,1,1.29,Argentina,2.18,2.62,33.33,1.02,14.29,0,0,0,1.31,2.09,1.02,1,0.15,0,0,1.31,0.29,2,0.29,0.08,0,0,6,0.87,66.67,33.333,0.15,1.31,22.22,0.73,60,3.64,52,2.33,2.04,0.29,32.91,0.73,1.17,41.8,86.06,10.92,73.33,6.84,95.74,15.29,94.29,2.48,70.59,16.67,27.11,0.19,1.75,0,0,0.15,0,0.73,5.83,87.5,2.33,56.25,0.15,0,1.6,0.29,5.83,75,0,,0,,0,0,0,0,,,0,,
Jean Dias,Cuiabá,Cuiabá,"AMF, LWF, RWF",35,1126,3,2.53,1,1.8,Brazil,2.24,2.72,26.47,2.16,18.52,0.16,0.21,0.08,1.36,1.78,1.6,2,0.16,0,0,4.24,0.24,3,0.24,0.2,0,0,25,2,44,12,0.08,3.92,36.73,2.88,66.67,9.27,59.48,2.32,1.04,0.08,16.87,1.6,3.68,23.26,71.48,4.4,56.36,5.99,86.67,8.15,67.65,1.92,62.5,16.93,35.95,0.14,1.44,0,0,0.08,0,0.96,1.76,72.73,3.76,38.3,0.08,0,0.48,1.52,3.6,75.56,0,,0,,0,0,0,0,,,0,,
João Ricardo,Fortaleza,Fortaleza,GK,38,2222,0,0,1,0,Brazil,0.41,0.08,50,0.16,50,0,0,0,0.36,0.49,0,1,0.04,0,0,0,0,0,0,0,0,0,0,0,0,0,0.04,0,0,0.04,0,0.16,75,0,0,0,10.86,0.32,0.2,16.93,86.12,7.82,72.54,0.04,100,8.59,98.11,4.74,52.99,32.16,51.87,0,0,0,0.04,0,0,0.04,1.9,38.3,0.28,28.57,0.12,0,0.04,0,2.96,75.34,17,0.69,93,3.77,9,81.72,25.12,1.02,8.12,0.329,0,1.7,0.16
Welliton Matheus,Fortaleza,Fortaleza,"RWF, RW, RAMF",26,723,1,1.28,0,0.44,Brazil,5.35,4.36,54.29,1.87,20,0,0,0.25,2.99,4.86,0.87,0,0,0,0,4.98,0.12,1,0.12,0.16,0,0,19,2.37,36.84,5.263,0,1.99,25,5.85,61.7,19.67,44.94,4.23,3.98,0,17.68,0.62,2.24,21.91,77.84,4.11,72.73,5.98,95.83,6.35,80.39,0.62,20,16.38,13.42,0.05,0.87,0.25,0,0,0,0.5,1,100,1.37,72.73,0,0,1.37,0.5,2.99,87.5,0,,0,,0,0,0,0,,,0,,
Fellipe Mateus,Criciúma,Criciúma,"LCMF, AMF, LWF",35,2192,3,2.38,0,2.47,Brazil,4.64,3.41,63.86,2.71,37.88,0.12,0.19,0.08,2.34,3.68,0.49,4,0.16,0,0,1.44,0.12,3,0.12,0.1,1,0.04,30,1.23,30,10,0,1.4,35.29,0.86,61.9,5.01,54.1,1.4,0.45,0.04,22.66,0.9,1.93,30.96,82.23,7.51,70.49,7.84,93.19,10.26,82.8,2.67,56.92,17.58,30.53,0.1,0.9,0,0.04,0.08,50,0.25,4.02,73.47,1.93,51.06,0.12,33.33,0.49,0.41,4.06,68.69,0,,0,,0,0,0,0,,,0.29,,
Aylon,Operário PR,Operário PR,"LWF, RW, LAMF",34,1587,2,2.64,1,1.39,Brazil,4.88,5.22,50,3.06,40.74,0.28,0.43,0.23,1.98,2.99,1.87,5,0.28,0,0,1.3,0.11,2,0.11,0.15,0,0,24,1.36,29.17,8.333,0.06,0.96,35.29,0.74,76.92,5.67,44,1.87,0.85,0.23,16.62,1.81,1.25,23.36,81.07,5.16,67.03,7.15,92.06,6.18,81.65,1.3,52.17,14.07,18.74,0.08,0.79,0,0.06,0.17,0,0.34,1.81,75,1.08,42.11,0.34,0,0.34,0.45,3.18,58.93,0,,0,,0,0,0,0,,,0.06,,
Maurício Kozlinski,Londrina,Londrina,GK,35,2788,0,0,0,0,Brazil,0.65,0,0,0.1,100,0,0,0,0.65,0.86,0,2,0.06,0,0,0,0,0,0,0,0,0,0,0,0,0,0,0,0,0,0,0.13,100,0,0,0.03,9.07,0.19,0.16,15.91,87.22,8.23,80,0,0,7.01,94.47,4.78,67.57,29.56,47.77,0,0,0,0,0,0,0,0.9,46.43,0.1,0,0.13,0,0,0,3.74,66.38,41,1.32,118,3.81,5,65.25,37.24,1.2,-3.76,-0.121,0,1.9,0.1
Alê,América Mineiro,América Mineiro,"DMF, LCMF",36,684,0,1.03,0,0.02,Brazil,8.68,7.11,66.67,1.58,58.33,0.26,0.4,0.26,3.68,5.56,2.11,1,0.13,0,0,1.05,0,0,0,0.14,0,0,7,0.92,14.29,0,0,0.66,60,0.53,100,4.47,50,1.18,1.05,0.13,39.74,0.53,1.18,53.16,87.87,15.92,80.99,7.63,93.1,21.32,94.44,2.11,37.5,16.95,24.11,0,0.13,0.13,0,0,0,0,6.97,79.25,1.18,44.44,0.13,0,0.26,0.39,5.39,63.41,0,,0,,0,0,0,0,,,0.66,,
Matheus Ribeiro,Náutico,Náutico,"RB, LB",33,912,0,0.77,0,0.83,Brazil,7.2,6.32,54.69,1.28,53.85,0.1,0.19,0.2,3.65,7.07,1.18,3,0.3,0,0,2.86,0,0,0,0.08,0,0,8,0.79,12.5,0,0,3.65,43.24,1.78,66.67,3.06,64.52,1.88,1.58,0.49,28.82,1.58,0.59,39.87,77.48,16.38,72.89,8.19,92.77,9.08,75,3.16,59.38,19.09,28.75,0.08,0.99,0,0,0,0,0.2,5.03,68.63,3.26,45.45,0.1,100,0.39,1.48,8.29,79.76,0,,0,,0,0,0,0,,,0.79,,
Eduardo Person,América Mineiro,América Mineiro,"RCMF, LCMF",29,725,0,1.19,0,1.55,Brazil,5.46,4.97,50,0.74,50,0,0,0.25,2.98,4.53,1.37,2,0.25,0,0,1.37,0,0,0,0.15,0,0,8,0.99,25,0,0,2.23,22.22,0.37,100,5.34,51.16,1.74,0.99,0.25,29.67,1.24,1.49,39.6,80.25,15.77,74.8,6.33,96.08,11.54,79.57,4.34,57.14,16.9,32.54,0.19,1.74,0,0,0.25,100,0.74,6.33,72.55,4.34,42.86,0.62,40,1.37,0.62,5.71,86.96,0,,0,,0,0,0,0,,,0.25,,
E. Garcia,Goiás,Goiás,"LAMF, LW, LWF",26,619,2,2.5,3,1.22,Venezuela,5.53,5.09,71.43,1.6,18.18,0,0,0,1.89,3.1,1.74,2,0.29,1,0.15,5.09,0.29,2,0.29,0.36,0,0,17,2.47,76.47,11.765,0.44,2.62,22.22,4.22,48.28,13.38,47.83,3.34,1.02,0,20.21,1.45,3.34,23.84,79.27,5.09,80,5.82,97.5,7.85,77.78,1.31,77.78,16.5,9.56,0.18,1.6,0.15,0.15,0.58,100,0.73,2.33,81.25,2.91,55,1.02,71.43,1.74,0.58,3.63,80,0,,0,,0,0,0,0,,,0,,
Pedro Martins,Brusque,Sport Recife,"LCMF, RCMF, RDMF",26,558,0,0.05,0,0.45,Brazil,6.45,5.32,45.45,2.9,55.56,0,0,0.16,4.03,6.82,1.61,2,0.32,0,0,0.97,0,0,0,0.01,0,0,5,0.81,0,0,0,0.65,50,0.81,80,3.23,60,0.16,0.48,0,37.1,0.16,0.97,49.19,89.84,15.16,79.79,9.35,96.55,17.9,91.89,3.55,63.64,15.64,33.51,0.07,0.32,0.16,0,0,0,0.16,7.26,77.78,1.61,80,0,0,0.48,0.16,6.13,78.95,0,,0,,0,0,0,0,,,0.48,,
Jordan,Botafogo SP,Botafogo SP,GK,28,497,0,0,0,0,Brazil,0.72,0,0,0.18,100,0,0,0,0.72,1.14,0,1,0.18,0,0,0,0,0,0,0,0,0,0,0,0,0,0,0,0,0,0,0,0,0,0,0,10.5,0.18,0,17.02,85.11,9.24,72.55,0,0,7.42,100,7.42,65.85,37.77,54.47,0,0,0,0,0,0,0,4.35,62.5,0.36,50,0,0,0,0,5.07,85.71,5,0.91,20,3.62,0,75,4.17,0.76,-0.83,-0.15,0,0.91,0.18
Mikael,CRB,CRB,CF,27,2578,16,14.67,4,2.53,Brazil,2.34,1.96,44.64,3.53,46.53,0.14,0.19,0.14,1.33,1.8,0.73,1,0.03,0,0,3.18,0.56,13,0.45,0.51,5,0.17,104,3.63,44.23,15.385,0.14,0.77,22.73,2.3,57.58,6.84,43.88,4.4,1.26,0.24,8.94,1.78,1.08,10.19,73.29,1.71,59.18,2.76,93.67,3.21,67.39,0.66,57.89,16.97,24.46,0.09,0.77,0.03,0.07,0.14,50,0.52,1.05,66.67,0.91,57.69,0.17,40,0.73,0.24,1.26,72.22,0,,0,,0,0,0,0,,,0,,
Fabio Alemão,CRB,CRB,LCB,29,1685,0,0.29,0,0,Brazil,7.91,4.59,65.12,2.78,44.23,0.11,0.15,0.96,4.81,6.63,0.96,5,0.27,0,0,0.48,0,0,0,0.02,0,0,4,0.21,50,0,0,0.21,50,0.37,71.43,1.18,54.55,0.64,0.53,0,38.19,0.21,0.48,50.58,89.44,18.85,78.75,3.31,96.77,23.13,97,6.14,52.17,21.69,41.04,0,0.05,0,0,0,0,0,7.16,71.64,1.34,36,0.37,42.86,0.53,0.11,7.74,77.24,0,,0,,0,0,0,0,,,2.78,,
Manoel,América Mineiro,América Mineiro,"LCB, RCB",36,833,0,0,0,0,Brazil,6.27,1.3,58.33,2.05,73.68,0.11,0.14,0.76,5.4,7.21,0.43,2,0.22,0,0,0,0,0,0,0,0,0,0,0,0,0,0,0.11,0,0,0,0.76,57.14,0,0.54,0,34.25,0,0.54,46.03,93.9,14.48,87.31,2.05,100,26.58,98.37,4.54,69.05,21.89,38.67,0,0,0.11,0,0,0,0,4.54,76.19,0.11,0,0,0,0,0,2.92,62.96,0,,0,,0,0,0,0,,,1.94,,
Bruno Brígido,América Mineiro,América Mineiro,GK,35,729,0,0,0,0,Brazil,0.12,0,0,0,0,0,0,0,0.12,0.18,0,0,0,0,0,0,0,0,0,0,0,0,0,0,0,0,0,0,0,0,0,0.12,100,0,0,0,13.7,0.25,0.12,20.12,82.21,11.36,75,0,0,8.4,91.18,5.93,47.92,29.41,36.46,0,0,0,0,0,0,0,0.99,12.5,0.25,0,0,0,0,0,4.94,45,13,1.6,37,4.57,1,64.86,11.7,1.44,-1.3,-0.16,0,1.36,0
Ricardo Silva,América Mineiro,América Mineiro,RCB,34,1384,0,1.83,0,0.39,Brazil,7.15,2.67,60.98,3.9,75,0,0,1.3,5.53,8.02,0.46,0,0,0,0,0.2,0,0,0,0.12,0,0,7,0.46,14.29,0,0,0.13,0,0.13,100,0.78,75,0.78,0.39,0.07,44.8,0.26,0.98,58.85,91.38,18.99,81.16,3.64,96.43,31.47,97.11,5.79,52.81,22.31,41.95,0.03,0.26,0,0.07,0,0,0.2,6.11,72.34,0.72,27.27,0.2,66.67,0.39,0,6.76,75,0,,0,,0,0,0,0,,,2.99,,
César Augusto,Grêmio Novorizontino,Grêmio Novorizontino,GK,31,888,0,0,0,0,Brazil,2.23,0.2,50,0.41,75,0,0,0,2.13,2.97,0,0,0,0,0,0,0,0,0,0,0,0,0,0,0,0,0,0,0,0,0,0.2,100,0,0,0,5.68,0.2,0,12.77,94.44,6.28,88.71,0,0,5.47,100,2.23,81.82,26.44,41.64,0,0,0,0,0,0,0,0.3,33.33,0,0,0,0,0,0,2.23,90.91,9,0.91,29,2.94,3,68.97,9.41,0.95,0.41,0.042,0,1.72,0.41
Alan Kardec,Juventude,Juventude,CF,37,1298,4,3.65,2,1.1,Brazil,2.29,1.73,32,5.48,50.63,0,0,0.07,1.73,2.49,1.11,1,0.07,0,0,2.08,0.28,4,0.28,0.25,3,0.21,23,1.59,56.52,17.391,0.14,0.42,50,1.04,73.33,5.48,39.24,2.77,0.42,0.07,8.53,2.08,1.46,11.58,67.66,2.7,53.85,3.12,80,2.5,66.67,0.35,60,14.33,7.16,0.08,0.76,0,0,0.28,75,0.55,1.53,59.09,1.11,56.25,0.28,75,0.49,0.21,1.59,60.87,0,,0,,0,0,0,0,,,0.07,,
Vitor Mendes,Cuiabá,Cuiabá,"LCB, CB",27,1730,2,1.12,0,0.01,Brazil,8.58,5.31,63.73,4.47,66.28,0.21,0.25,0.62,4.99,6.09,1.09,3,0.16,0,0,0.26,0.1,2,0.1,0.06,1,0.05,7,0.36,42.86,28.571,0,0.05,100,0.05,100,0.52,50,0.47,0.05,0,29.6,0.42,0.42,42.61,87.91,14.67,75.18,2.6,98,21.64,95.43,4.68,45.56,22.02,44.42,0,0.1,0,0,0,0,0,4.53,60.92,0.26,20,0.05,0,0,0.05,5.88,58.41,0,,0,,0,0,0,0,,,1.04,,
Igor Inocêncio,Cuiabá,Cuiabá,RWB,28,1039,0,0.82,1,1.81,Brazil,5.8,4.76,43.64,3.21,43.24,0.09,0.11,0.35,3.64,4.67,1.91,2,0.17,0,0,3.55,0,0,0,0.07,0,0,17,1.47,5.88,0,0.09,5.46,39.68,2.34,55.56,3.72,46.51,1.47,0.87,0.17,30.92,4.76,0.26,37.25,65.12,11.78,50,9.18,95.28,11.26,56.15,5.37,33.87,19.83,42.47,0.16,1.3,0.09,0,0,0,1.04,4.68,44.44,6.41,37.84,0.09,0,0.43,2.17,8.92,70.87,0,,0,,0,0,0,0,,,0.26,,
Rodrigo Rodrigues,Cuiabá,Cuiabá,"CF, LW, LWF",26,1481,0,3.32,3,1.75,Brazil,3.16,3.04,52,3.52,6.9,0.06,0.08,0.06,1.52,2.09,1.4,1,0.06,0,0,2.86,0,0,0,0.2,0,0,41,2.49,36.59,0,0.18,1.52,20,3.22,50.94,10.57,34.48,2.98,1.4,0.12,14.58,2.86,1.46,17.81,74.74,4.01,75.76,4.38,90.28,4.92,74.07,0.79,69.23,16.82,11.93,0.11,0.61,0.06,0.06,0.06,0,0.43,1.7,75,1.7,60.71,0,0,0.91,0.24,2.49,73.17,0,,0,,0,0,0,0,,,0,,
Maguinho,Operário PR,Operário PR,RB,34,968,0,0.4,0,0.68,Brazil,6.79,6.42,43.48,3.44,48.65,0.37,0.62,0.28,3.63,6.06,2.51,2,0.19,0,0,2.14,0,0,0,0.04,0,0,9,0.84,33.33,0,0,2.6,35.71,1.39,66.67,3.63,51.28,0.56,1.49,0.37,30.77,1.21,1.12,39.7,80.8,15.62,72.02,6.23,95.52,11.34,83.61,3.81,48.78,16.18,28.92,0.06,0.65,0,0,0.09,0,0.37,4.56,73.47,3.07,33.33,0.09,0,0.37,1.02,6.79,71.23,0,,0,,0,0,0,0,,,0.74,,
Foguinho,São Bernardo FC,São Bernardo FC,"RDMF, DMF, LDMF",34,2249,3,2.11,0,0.28,Brazil,6.16,4.8,49.17,1.16,17.24,0.04,0.05,0.56,3.76,4.89,1.16,4,0.16,0,0,0.6,0.12,3,0.12,0.08,1,0.04,16,0.64,43.75,18.75,0,0.24,50,0.4,50,2.16,64.81,0.76,0.28,0,26.25,0.6,0.96,34.46,86.64,9.96,69.08,4.44,96.4,14.21,94.65,2.72,48.53,17.81,31.04,0.01,0.24,0,0,0,0,0.16,3.96,71.72,0.88,36.36,0.04,100,0.24,0.08,4.08,60.78,0,,0,,0,0,0,0,,,0.28,,
Luciano Castán,Criciúma,Criciúma,LCB,37,2250,2,1.82,1,0.53,Brazil,7.2,4.76,49.58,3.92,70.41,0.24,0.37,0.32,4.6,7.01,1.4,6,0.24,0,0,0.76,0.08,2,0.08,0.07,2,0.08,8,0.32,50,25,0.04,0.64,62.5,0.32,62.5,1.36,41.18,0.88,0.76,0.08,31.36,1.6,0.48,46.08,86.11,23.04,81.08,2.84,92.96,15.68,93.37,5.96,57.72,20.66,39.21,0.02,0.24,0,0,0,0,0.08,6.16,70.13,1.2,46.67,0.04,0,0.2,0.36,9.4,74.89,0,,0,,0,0,0,0,,,1.56,,
Caio Dantas,Operário PR,Operário PR,CF,33,921,4,2.45,0,0.17,Brazil,1.95,1.95,55,2.74,28.57,0.1,0.14,0.1,0.78,1.16,0.29,0,0,0,0,0.78,0.39,4,0.39,0.24,1,0.1,11,1.07,54.55,36.364,0,0.1,0,0.68,28.57,9.77,34,1.95,0.2,0,6.06,0.78,2.05,10.65,85.32,1.86,63.16,3.13,90.63,2.64,88.89,0.29,33.33,11.59,4.47,0.02,0.49,0,0,0,0,0.2,0.78,62.5,0.1,100,0,0,0.29,0,0.49,80,0,,0,,0,0,0,0,,,0,,
Lucas Mugni,Ceará,Ceará,"AMF, LCMF",34,447,0,0.35,1,0.44,Argentina,6.85,4.43,68.18,2.82,42.86,0,0,0.2,3.83,5.88,1.01,2,0.4,0,0,1.41,0,0,0,0.07,0,0,4,0.81,25,0,0.2,3.22,18.75,1.41,42.86,5.64,39.29,2.01,1.21,0,28.99,1.61,0.6,41.07,76.47,15.91,68.35,4.03,85,15.3,82.89,4.43,54.55,19.82,28.71,0.09,0.81,0,0.2,0,0,0,9.26,78.26,3.62,16.67,0,0,0.6,0.6,9.26,82.61,0,,0,,0,0,0,0,,,0.2,,
Richardson,Ceará,Ceará,"RDMF, RCMF, LDMF",35,952,0,0.06,0,0.01,Brazil,5.48,6.14,38.46,1.61,70.59,0.38,0.59,0.38,2.74,4.31,2.17,4,0.38,0,0,0.47,0,0,0,0.01,0,0,2,0.19,0,0,0,0.47,40,0.28,100,1.8,84.21,0.28,1.13,0,30.82,0.19,1.8,44.62,90.04,13.52,75.52,3.5,100,22.12,97.01,4.07,55.81,20.17,29.89,0,0.09,0.09,0,0,0,0,7.66,79.01,1.13,41.67,0,0,0.19,0.19,5.2,80,0,,0,,0,0,0,0,,,0.57,,
Wallison,Avaí,Avaí,RB,25,1521,2,0.64,1,2,Brazil,7.93,7.81,51.52,2.78,53.19,0,0,0.18,3.91,5.14,2.31,6,0.36,0,0,1.66,0.12,2,0.12,0.04,0,0,15,0.89,33.33,13.333,0.06,1.07,55.56,1.12,68.42,3.85,46.15,0.71,0.83,0.12,27.22,0.53,0.89,38.82,78.96,16.51,70.97,4.62,96.15,11.66,83.25,5.09,47.67,19.21,38.38,0.12,0.59,0,0,0.12,0,0.3,6.15,63.46,2.6,45.45,0.41,28.57,0.53,0.65,9.11,72.08,0,,0,,0,0,0,0,,,0.3,,
Igor Bohn,Avaí,Avaí,GK,30,754,0,0,0,0,Brazil,0.72,0,0,0.36,33.33,0,0,0,0.72,0.93,0,0,0,0,0,0,0,0,0,0,0,0,0,0,0,0,0,0,0,0,0,0.24,100,0,0,0,7.28,0.24,0.36,15.88,75.94,11.82,67.68,0,0,3.7,100,9.43,59.49,41.96,53.11,0,0,0,0,0,0,0,4.18,51.43,0.36,0,0.12,0,0,0,6.8,77.19,9,1.07,44,5.25,2,79.55,9.93,1.19,0.93,0.111,0,2.86,0.36
B. Borasi,Náutico,Náutico,"LAMF, RAMF",28,849,1,2.64,0,0.23,Argentina,7.21,6.15,53.45,1.8,35.29,0.64,1.01,0.42,3.29,5.22,1.91,2,0.21,0,0,2.23,0.11,1,0.11,0.28,1,0.11,20,2.12,25,5,0,2.23,19.05,2.23,57.14,7,51.52,2.76,1.27,0.11,21.63,1.91,1.8,26.5,73.2,7.31,53.62,6.89,87.69,7.95,74.67,1.59,46.67,17.72,28.9,0.02,0.64,0.11,0,0.11,0,0.42,3.39,59.38,1.7,37.5,0.11,0,0.32,0.32,4.13,76.92,0,,0,,0,0,0,0,,,0,,
Reginaldo,Náutico,Náutico,"RB, RAMF",33,1605,1,0.89,0,1.13,Brazil,5.83,4.04,65.28,2.13,42.11,0.11,0.2,0.22,3.08,5.43,0.39,2,0.11,0,0,2.64,0.06,1,0.06,0.05,0,0,5,0.28,60,20,0,4.32,49.35,0.62,54.55,2.64,42.55,0.67,1.63,0.17,30.5,2.24,0.9,39.08,80.2,13.18,74.47,7.18,92.97,10.71,83.25,2.02,55.56,18.82,24.84,0.06,1.01,0.06,0,0,0,0.5,4.43,82.28,3.93,60,0,0,0.17,2.02,9.14,74.23,0,,0,,0,0,0,0,,,0.62,,
Pablo Dyego,Londrina,Londrina,"LW, RAMF, CF",32,990,2,1.81,0,0.28,Brazil,3.82,3.45,47.37,2.55,35.71,0.09,0.12,0.09,2.09,2.84,1.64,0,0,0,0,1.27,0.18,2,0.18,0.16,1,0.09,16,1.45,25,12.5,0,1,18.18,1.27,57.14,6.45,49.3,1.45,0.45,0.09,13.09,1.55,2.18,16.27,75.42,3.27,69.44,4.82,84.91,4.18,69.57,0.73,75,14.49,13.6,0.03,0.36,0,0,0,0,0.09,0.73,50,0.82,33.33,0,0,0.09,0.18,1.55,52.94,0,,0,,0,0,0,0,,,0,,
T. Ostchega,América Mineiro,América Mineiro,LB,28,808,1,1.57,1,0.46,Argentina,7.91,5.01,60,2.56,56.52,0.11,0.16,0.45,4.79,6.83,0.78,1,0.11,0,0,2.34,0.11,1,0.11,0.17,0,0,13,1.45,23.08,7.692,0.11,3.56,21.88,1.34,91.67,4.46,62.5,1.56,1.78,0.33,36.2,2.45,0.89,43,78.76,16.49,67.57,7.02,93.65,11.81,78.3,2.78,48,18.12,38.52,0.05,0.45,0,0,0,0,0.45,5.24,68.09,4.12,29.73,0,0,0.67,1,7.35,69.7,0,,0,,0,0,0,0,,,0.45,,
Léo Gomes,Ponte Preta,Ponte Preta,"LCMF, RCMF, LDMF",29,908,1,1.14,0,0.46,Brazil,6.24,6.15,43.55,3.17,43.75,0.1,0.14,0.4,3.47,4.73,2.18,0,0,0,0,0.79,0.1,1,0.1,0.11,1,0.1,11,1.09,18.18,9.091,0,0.2,100,0.99,40,3.57,33.33,0.69,0.4,0.1,14.77,0.3,0.5,22.5,78.41,7.14,48.61,4.56,97.83,7.43,92,1.88,42.11,18.85,35.54,0.05,0.3,0,0,0,0,0.1,3.17,43.75,0.5,20,0,0,0,0.2,2.68,55.56,0,,0,,0,0,0,0,,,0.69,,
Gabriel Inocêncio,Botafogo SP,Botafogo SP,RB,32,1766,0,0.07,0,1.32,Brazil,8.36,7.34,56.94,2.96,56.9,0.05,0.07,0.2,4.13,6.04,1.68,3,0.15,0,0,2.5,0,0,0,0,0,0,7,0.36,0,0,0,1.78,31.43,2.75,70.37,6.63,54.62,0.41,1.33,0.25,25.48,0.97,1.58,38.32,80.05,16.66,72.48,6.22,94.26,10.19,86,4.18,46.34,18.69,30.56,0.07,0.56,0,0,0,0,0.25,6.63,67.69,2.34,43.48,0.41,37.5,0.36,0.66,7.85,70.13,0,,0,,0,0,0,0,,,0.46,,
Felipe,Botafogo SP,Botafogo SP,LB,27,522,1,0.28,0,0.86,Brazil,5.86,5.69,36.36,3.97,52.17,0.17,0.29,0.17,3.62,6.12,2.59,6,1.03,0,0,2.76,0.17,1,0.17,0.05,1,0.17,2,0.34,100,50,0,2.59,46.67,1.21,100,5.52,68.75,1.55,1.38,0,28.79,1.03,1.72,36.72,78.4,15.34,70.79,5.17,96.67,10.52,78.69,3.62,38.1,17.71,35.7,0.15,1.21,0,0.17,0,0,0.69,6.21,61.11,2.41,42.86,0.17,0,0.34,0.86,8.1,72.34,0,,0,,0,0,0,0,,,0.52,,
Hereda,CRB,CRB,RB,28,1653,1,0.22,3,1.87,Brazil,7.46,8.22,54.3,2.83,55.77,0.05,0.08,0.11,2.94,4.06,2.18,3,0.16,1,0.05,3.05,0.05,1,0.05,0.01,0,0,12,0.65,41.67,8.333,0.16,3.65,40.3,2.07,63.16,6.48,56.3,0.76,1.96,0.38,30.33,2.29,1.69,40.18,83.06,11.11,75.98,9.04,93.37,13.34,84.49,1.74,50,17.33,35.15,0.1,1.25,0,0.05,0,0,0.6,3.38,77.42,3.7,45.59,0.22,75,0.54,1.47,7.24,66.92,0,,0,,0,0,0,0,,,0.6,,
Willian,América Mineiro,América Mineiro,"CF, AMF, LW",39,1586,4,5.97,2,2.14,Brazil,3.35,2.84,38,2.1,37.84,0.06,0.09,0.23,2.21,3.45,1.36,3,0.17,0,0,1.48,0.23,3,0.17,0.34,1,0.06,48,2.72,27.08,8.333,0.11,0.51,55.56,0.91,50,5.45,48.96,2.95,0.57,0,18.67,1.31,2.1,22.19,84.4,5.62,72.73,5.9,96.15,5.22,83.7,1.87,69.7,16.02,26.22,0.12,0.96,0,0.06,0,0,0.79,3.46,81.97,1.19,38.1,0,0,1.02,0.17,2.61,89.13,0,,0,,0,0,0,0,,,0.06,,
Eduardo Brock,Grêmio Novorizontino,Grêmio Novorizontino,"LCB, CB",35,571,0,0.27,0,0.01,Brazil,6.78,2.36,86.67,2.52,37.5,0,0,0.79,4.73,6,0,0,0,0,0,0.63,0,0,0,0.04,0,0,4,0.63,25,0,0,0.63,75,0,0,0.32,50,0.16,0.32,0.16,30.42,0.47,0.16,42.4,84.01,16.71,69.81,1.42,88.89,22.07,93.57,8.04,43.14,25.54,45.7,0,0.16,0,0,0,0,0,8.51,62.96,1.26,12.5,0.16,0,0,0.47,9.3,71.19,0,,0,,0,0,0,0,,,0.63,,
Alex Silva,América Mineiro,América Mineiro,RB,32,1084,0,0.48,0,0.34,Brazil,6.39,4.15,56,3.9,59.57,0.08,0.12,0.42,3.99,5.88,0.91,3,0.25,0,0,1.08,0,0,0,0.04,0,0,6,0.5,50,0,0,1.83,22.73,0.66,62.5,3.82,50,1.16,1.49,0.08,31.47,2.57,1.33,38.94,79.74,13.62,68.9,8.55,92.23,9.46,81.58,3.82,43.48,19.33,35.7,0.03,0.83,0.17,0.08,0,0,0.17,4.07,57.14,2.24,40.74,0.08,0,0.42,0.5,5.4,60,0,,0,,0,0,0,0,,,1.33,,
Sander,Grêmio Novorizontino,Grêmio Novorizontino,LB,36,916,1,0.99,0,0.55,Brazil,7.17,4.81,57.14,2.16,50,0.29,0.36,0.29,4.13,5.1,1.18,2,0.2,0,0,1.77,0.1,1,0.1,0.1,1,0.1,9,0.88,44.44,11.111,0,2.75,42.86,0.39,50,2.65,59.26,0.88,1.18,0.1,29.87,1.77,1.38,39.89,82.27,15.13,74.03,6.09,98.39,12.77,86.15,3.64,40.54,18.96,35.64,0.05,0.59,0.1,0,0,0,0.49,5.11,78.85,2.55,50,0,0,0.2,1.08,8.06,73.17,0,,0,,0,0,0,0,,,0.98,,
Leandro Vilela,Atlético GO,Atlético GO,"LDMF, DMF, RDMF",31,1345,0,0.99,0,1.03,Brazil,7.36,6.09,61.54,1.81,55.56,0,0,0.27,3.61,4.91,1.74,3,0.2,0,0,0.33,0,0,0,0.07,0,0,8,0.54,12.5,0,0,0.2,100,0.33,20,2.41,44.44,0.67,0.54,0.13,21.88,0.2,1.14,33.52,86.43,10.57,70.25,5.29,96.2,12.25,93.44,2.34,57.14,17.75,28.4,0.07,0.33,0.07,0,0,0,0.27,4.35,63.08,0.67,70,0,0,0.6,0.2,3.61,74.07,0,,0,,0,0,0,0,,,0.2,,
Paulo Baya,Fortaleza,Fortaleza,"LAMF, LWF, LW",27,538,1,1.19,2,1.19,Brazil,3.68,2.51,40,2.34,28.57,0,0,0,2.68,3.69,0.33,1,0.17,0,0,6.02,0.17,1,0.17,0.2,0,0,25,4.18,36,4,0.33,3.35,35,4.85,68.97,7.86,59.57,3.51,2.84,0.84,19.41,3.51,1.34,23.25,66.91,4.01,50,6.19,91.89,9.87,61.02,1.84,36.36,18.66,22.82,0.2,1.67,0,0,0,0,1,2.17,69.23,3.18,36.84,0,0,0.5,1.51,4.18,72,0,,0,,0,0,0,0,,,0.17,,
Richard,Ceará,Ceará,GK,35,2386,0,0,0,0,Brazil,0.53,0.08,100,0.23,83.33,0.04,0.06,0,0.41,0.63,0,2,0.08,0,0,0,0,0,0,0,0,0,0,0,0,0,0,0,0,0,0,0.11,100,0,0,0,7.13,0.11,0.3,13.58,81.39,7.58,67.66,0,0,5.54,98.64,4.98,51.52,35.17,54.4,0,0,0,0,0,0,0,1.85,40.82,0.19,0,0.04,0,0,0,3.43,72.53,27,1.02,109,4.11,6,75.23,30.45,1.15,3.45,0.13,0,1.4,0.23
Nicolas,Criciúma,Criciúma,CF,37,926,2,2.35,1,0.42,Brazil,2.33,1.65,47.06,6.61,23.53,0.1,0.16,0,1.46,2.39,0.87,2,0.19,0,0,1.17,0.19,2,0.19,0.23,1,0.1,17,1.65,41.18,11.765,0.1,0.49,40,0.49,60,6.22,34.38,3.11,0.19,0,10.3,1.94,1.36,14.48,77.18,3.11,68.75,4.37,80,3.3,79.41,0.39,100,12.79,7.26,0.04,0.19,0.1,0,0,0,0.39,1.36,78.57,0.97,60,0,0,0.39,0.1,1.36,57.14,0,,0,,0,0,0,0,,,0,,
Airton,Criciúma,Criciúma,GK,32,2206,0,0,0,0,Brazil,0.98,0,0,0.24,100,0,0,0,0.98,1.39,0,1,0.04,0,0,0,0,0,0,0,0,0,0,0,0,0,0,0,0,0,0,0.12,100,0,0,0,9.91,0.49,0.24,17.71,87.79,9.59,80,0,0,7.67,97.34,6.81,71.26,34.31,47.58,0,0,0,0,0,0,0,1.06,53.85,0.08,0,0,0,0,0,5.1,80,22,0.9,87,3.55,9,74.71,22,0.9,0,0,0,1.75,0.24
Waguininho,Criciúma,Criciúma,"CF, RWB",36,2118,4,4.37,1,1.1,Brazil,2.72,2.8,36.36,6.03,37.32,0.13,0.19,0.04,1.57,2.37,1.95,7,0.3,0,0,1.66,0.17,4,0.17,0.19,3,0.13,35,1.49,34.29,11.429,0.04,1.78,28.57,1.19,53.57,6.76,47.17,2.51,1.06,0.17,14.32,2.34,2.46,18.91,71.91,3.74,60.23,4.21,91.92,6.08,62.94,1.06,52,16.15,22.49,0.05,0.51,0.04,0,0,0,0.34,1.78,64.29,1.44,32.35,0,0,0.47,0.47,2.29,66.67,0,,0,,0,0,0,0,,,0.04,,
Juninho,Goiás,Goiás,"RDMF, RAMF, RCMF",38,1080,1,1.29,1,0.56,Brazil,6.92,4.92,49.15,2.25,29.63,0.33,0.49,0.67,4.17,6.07,1.67,1,0.08,0,0,1,0.08,1,0.08,0.11,0,0,8,0.67,37.5,12.5,0.08,1.58,31.58,0.83,30,4.25,39.22,1.67,0.5,0.17,20.25,0.75,1.5,28.42,81.23,9.75,71.79,4.92,94.92,8.33,87,2.33,60.71,16.44,18.63,0.05,0.5,0.08,0,0,0,0.33,4.58,74.55,1.58,52.63,0,0,0.5,0.5,4.17,74,0,,0,,0,0,0,0,,,0.17,,
Jean Lucas,Avaí,Avaí,"AMF, LAMF, LW",31,2251,3,1.52,5,3.21,Brazil,3.88,4.56,46.49,1.92,25,0.08,0.1,0.08,1.68,2.11,1.64,6,0.24,0,0,1.84,0.12,3,0.12,0.06,0,0,45,1.8,28.89,6.667,0.2,1.64,24.39,1.8,51.11,7.88,38.58,0.84,1.52,0.04,27.23,1.6,1.28,33.63,77.76,10.64,64.66,5.56,92.81,11.55,80.62,4.28,48.6,18.6,40.75,0.13,1.28,0.04,0,0.04,0,0.44,6.36,61.64,2.72,36.76,0.48,25,0.72,0.6,6,77.33,0,,0,,0,0,0,0,,,0.12,,
Moraes,Operário PR,Operário PR,"LB, LW",29,2007,2,2.8,0,1.24,Brazil,7.22,4.75,53.77,2.42,48.15,0.36,0.53,0.4,4.3,6.41,0.81,4,0.18,0,0,1.84,0.09,2,0.09,0.13,1,0.04,28,1.26,35.71,7.143,0,1.48,27.27,1.43,68.75,4.8,44.86,1.84,1.39,0.31,23.95,2.38,1.17,30.99,81.62,10.49,76.07,5.56,90.32,9.73,84.33,1.48,42.42,16.16,20.89,0.06,0.4,0,0,0,0,0.13,2.51,69.64,1.17,34.62,0.04,0,0.09,0.36,4.04,58.89,0,,0,,0,0,0,0,,,0.4,,
Tiago Pagnussat,Vila Nova,Vila Nova,RCB,36,1874,0,0.96,2,0.58,Brazil,8.12,4.13,65.12,4.71,73.47,0.24,0.38,0.24,5.19,8.14,0.96,3,0.14,1,0.05,0.1,0,0,0,0.05,0,0,6,0.29,33.33,0,0.1,0.19,0,0,0,0.34,57.14,0.67,0.72,0,29.54,0.19,0.14,43.75,85.62,18.44,73.96,2.4,94,18.73,94.62,5.72,44.54,20.51,36.83,0.03,0.14,0.05,0,0,0,0.1,6.82,66.2,0.67,14.29,0.14,66.67,0.29,0.05,7.25,74.17,0,,0,,0,0,0,0,,,1.58,,
Jonathan Costa,Vila Nova,Vila Nova,"LCB, RCB",31,455,1,0.3,0,0.01,Brazil,9.49,5.14,65.38,3.56,77.78,0,0,0.79,6.13,8.02,1.38,0,0,0,0,0.4,0.2,1,0.2,0.06,1,0.2,1,0.2,100,100,0,0,0,0.2,100,1.78,66.67,0.4,0.79,0,33.63,0.4,1.19,53.01,89.18,18.4,80.65,3.76,89.47,24.33,95.12,4.55,47.83,20.6,48.21,0,0.4,0,0,0,0,0,5.34,81.48,0,0,0,0,0,0,7.91,65,0,,0,,0,0,0,0,,,2.18,,
Éverton Brito,Guarani,América Mineiro,"RW, LW, LWF",31,709,0,1.29,0,0.45,Brazil,5.08,6.35,52,2.03,18.75,0.13,0.19,0.13,1.65,2.41,1.14,1,0.13,0,0,1.78,0,0,0,0.16,0,0,7,0.89,42.86,0,0,1.52,41.67,1.27,60,7.24,38.6,2.54,1.52,0,19.55,3.05,1.78,25.26,84.42,6.09,68.75,5.71,97.78,8.63,85.29,1.78,64.29,14.41,29.19,0.06,1.02,0,0,0.13,0,0.25,2.54,75,2.03,56.25,0.13,0,1.4,0.63,3.43,77.78,0,,0,,0,0,0,0,,,0.13,,
Igor Henrique,Atlético GO,Atlético GO,"RDMF, RCMF, LDMF",34,715,0,2.2,0,0.01,Brazil,7.93,7.17,50.88,2.14,47.06,0.25,0.38,0.25,4.03,6.11,3.15,1,0.13,1,0.13,1.26,0,0,0,0.28,0,0,14,1.76,7.14,0,0,0.63,40,1.51,58.33,6.42,50.98,1.64,0.76,0.25,17.62,0.5,2.52,29.58,82.55,8.56,75,5.54,90.91,10.07,85,2.27,33.33,17.84,24.77,0,0.13,0,0,0.13,0,0,4.15,63.64,1.13,33.33,0.5,0,0.13,0.25,4.78,73.68,0,,0,,0,0,0,0,,,0,,
G. Barros,América Mineiro,América Mineiro,"LW, RW, LWF",24,991,1,1.9,1,0.73,Brazil,4.18,4,45.45,2.36,34.62,0,0,0,2.36,3.5,0.91,0,0,0,0,3.18,0.09,1,0.09,0.17,1,0.09,18,1.63,33.33,5.556,0.09,2.82,38.71,3,51.52,5.9,47.69,2.18,1.36,0.18,21.25,2.36,0.91,24.7,75.37,4.9,59.26,5.63,90.32,8.72,70.83,1.09,58.33,16.69,23.51,0.07,0.54,0,0.09,0,0,0.27,2.45,66.67,3,45.45,0.09,100,0.73,0.91,3.72,82.93,0,,0,,0,0,0,0,,,0.18,,
Biel,Sport Recife,Sport Recife,"LDMF, RDMF, RW",24,1872,1,2.54,3,1.12,Brazil,8.85,7.02,59.59,2.12,34.09,0.53,0.85,0.34,4.13,6.63,1.49,3,0.14,0,0,0.91,0.05,1,0.05,0.12,0,0,20,0.96,45,5,0.14,0.63,30.77,0.43,55.56,2.31,39.58,1.44,0.77,0.1,29.52,0.91,0.63,37.64,86.97,11.88,81.38,6.2,97.67,13.94,86.9,2.07,53.49,17.17,29.97,0.05,0.82,0,0,0.05,100,0.29,4.9,80.39,1.78,62.16,0.14,0,1.06,0.19,5.48,78.95,0,,0,,0,0,0,0,,,0.38,,
Reverson,CRB,CRB,LB,29,913,0,0.51,1,1.08,Brazil,7.2,6.41,43.08,2.27,39.13,0,0,0.2,4.44,5.79,1.48,3,0.3,0,0,2.76,0,0,0,0.05,0,0,10,0.99,20,0,0.1,3.15,46.88,2.17,50,4.73,52.08,1.18,1.48,0,31.45,1.87,0.79,41.4,83.33,19.03,81.35,5.62,100,11.24,78.95,3.06,51.61,17.94,29.5,0.11,0.89,0,0,0,0,0.89,5.62,75.44,3.75,42.11,0,0,0.79,1.18,8.18,78.31,0,,0,,0,0,0,0,,,0.1,,
Thiago Couto,Sport Recife,Sport Recife,GK,27,3145,0,0,0,0,Brazil,0.69,0.06,50,0.23,100,0,0,0,0.66,1.02,0,1,0.03,0,0,0.03,0,0,0,0,0,0,0,0,0,0,0,0,0,0.03,100,0.06,100,0,0,0,10.99,0.17,0.09,18.66,88.96,7.3,76.86,0.06,100,10.9,96.85,4.18,53.42,27.79,45.02,0,0,0,0,0,0,0,0.63,40.91,0.06,0,0.03,0,0,0,2.78,55.67,33,0.94,132,3.78,10,75,35.75,1.02,2.75,0.079,0,1.66,0.23
Titi,Juventude,Juventude,CB,38,762,0,0.44,0,0,Brazil,6.38,3.19,59.26,1.89,50,0.12,0.16,0.35,4.37,5.78,1.3,2,0.24,0,0,0.12,0,0,0,0.05,0,0,2,0.24,50,0,0,0.12,0,0,0,0.94,62.5,0.47,0.47,0,27.4,0.35,0.59,38.74,91.16,10.63,77.78,1.77,100,23.27,95.43,4.02,58.82,22.3,33.87,0,0,0,0,0,0,0,4.13,80,0.12,0,0,0,0.12,0,4.61,76.92,0,,0,,0,0,0,0,,,1.06,,
W. Aponzá,Athletic Club,Athletic Club,CF,26,641,4,3.66,0,0.28,Colombia,2.95,2.81,40,6.6,44.68,0,0,0.14,1.83,2.45,2.53,4,0.56,0,0,2.67,0.56,2,0.28,0.51,0,0,23,3.23,39.13,17.391,0,0.84,33.33,1.26,88.89,8.14,53.45,4.07,1.12,0,9.97,1.4,1.97,10.95,74.36,1.83,46.15,3.23,86.96,2.95,61.9,0.42,33.33,14.02,13.74,0.04,0.7,0,0.14,0,0,0.28,1.12,37.5,0.7,40,0,0,0.28,0.28,0.7,80,0,,0,,0,0,0,0,,,0,,
Mário Sérgio,São Bernardo FC,São Bernardo FC,"LB, LWB",32,804,2,1.58,3,1.16,Brazil,7.28,6.04,53.7,2.13,52.63,0.56,0.69,0.34,3.47,4.29,0.78,0,0,0,0,1.46,0.22,2,0.22,0.18,1,0.11,7,0.78,57.14,28.571,0.34,1.9,47.06,0.45,25,1.79,37.5,1.46,0.67,0,25.19,2.57,0.45,31.68,80.21,11.53,70.87,5.15,91.3,9.07,79.01,3.13,50,17.28,34.91,0.13,0.9,0.11,0,0,0,0.45,3.58,65.63,2.01,33.33,0,0,0.22,0.56,5.71,70.59,0,,0,,0,0,0,0,,,0.11,,
Marcão,São Bernardo FC,São Bernardo FC,"RDMF, RCB, DMF",35,564,0,0.15,0,0,Brazil,8.46,6.38,62.5,3.83,50,0.16,0.22,0.16,4.31,5.87,1.44,1,0.16,0,0,0.48,0,0,0,0.02,0,0,3,0.48,33.33,0,0,0,0,0.48,66.67,2.23,35.71,0,0,0,20.11,0.8,0.64,27.29,88.3,7.66,75,3.19,95,13.09,93.9,2.07,76.92,17.5,21.56,0,0.16,0,0.16,0,0,0,1.44,88.89,0,0,0,0,0.16,0,3.83,58.33,0,,0,,0,0,0,0,,,1.28,,
Paulo Vítor,Atlético GO,Atlético GO,GK,37,2800,0,0,0,0,Brazil,0.87,0.06,50,0.29,100,0,0,0,0.84,1.17,0,3,0.1,0,0,0,0,0,0,0,0,0,0,0,0,0,0,0,0,0,0,0.29,100,0,0,0,9.55,0.23,0.35,17.65,74.86,11.44,65.17,0,0,5.66,93.18,8.13,50.2,39.47,57.66,0,0,0,0,0,0,0,4.18,46.15,0.42,15.38,0.29,44.44,0.03,0,5.85,68.68,23,0.74,116,3.73,12,80.17,26.32,0.85,3.32,0.107,0,2.48,0.29
Matheus Trindade,Operário PR,Operário PR,"DMF, RDMF, RCMF",30,2357,1,0.69,0,0.13,Brazil,8.67,6.68,57.71,1.87,44.9,0.46,0.67,0.38,4.35,6.33,1.79,3,0.11,0,0,0.57,0.04,1,0.04,0.03,0,0,12,0.46,33.33,8.333,0,0.23,33.33,0.57,60,3.4,56.18,0.27,0.42,0.23,22.11,0,1.41,31.54,87.17,8.74,71.18,4.51,94.92,12.87,94.36,2.21,53.45,17.15,28.59,0,0.08,0.08,0,0,0,0.04,3.51,71.74,0.5,30.77,0.11,0,0.04,0.08,3.13,62.2,0,,0,,0,0,0,0,,,0.34,,
Luiz Otávio,Ceará,Ceará,"LCB, RCB",38,613,0,0.18,1,0,Brazil,10.57,5.14,68.57,4.99,82.35,0.29,0.44,0.44,6.75,10.22,1.32,1,0.15,0,0,0,0,0,0,0.03,0,0,1,0.15,0,0,0.15,0,0,0,0,0.88,33.33,0.44,0.15,0,28.19,0,0.44,38.91,91.7,13.07,83.15,2.06,100,21.14,97.92,1.91,53.85,16.96,20.08,0,0,0,0,0,0,0,2.94,80,0,0,0,0,0.15,0,5.14,71.43,0,,0,,0,0,0,0,,,1.17,,
Sávio,Ceará,Ceará,LB,31,611,0,0.47,0,0.7,Brazil,6.78,4.57,67.74,1.03,57.14,0,0,0.29,3.68,6.25,0.15,0,0,0,0,1.18,0,0,0,0.07,0,0,5,0.74,40,0,0,1.77,41.67,0.44,33.33,1.47,40,0.29,1.77,0.15,35.5,1.47,0.74,43.9,80.87,18.12,74.8,4.71,96.88,15.32,86.54,4.27,44.83,19.37,34.64,0.1,1.18,0,0,0,0,0.29,5.89,72.5,2.65,38.89,0.29,0,0.59,0.74,9.87,71.64,0,,0,,0,0,0,0,,,0.59,,
Léo Gamalho,Avaí,Avaí,CF,40,583,1,1.26,1,0.29,Brazil,1.7,0.77,60,12.97,38.1,0,0,0.46,1.23,1.83,0.93,1,0.15,0,0,0.31,0.15,1,0.15,0.19,0,0,4,0.62,25,25,0.15,0.46,33.33,0.15,0,3.86,28,1.39,0,0,6.02,1.23,1.23,10.34,71.64,3.4,50,2.47,100,2.32,66.67,0.31,50,16.01,4.23,0.04,0.77,0,0,0.15,0,0.31,1.54,50,1.39,44.44,0.15,0,0.77,0.31,1.23,62.5,0,,0,,0,0,0,0,,,0,,
Allyson,Avaí,Avaí,"RCB, CB",35,2329,1,1.12,0,0.38,Brazil,8.58,2.94,68.42,3.28,76.47,0.12,0.14,0.54,6.45,7.91,0.73,3,0.12,1,0.04,0.39,0.04,1,0.04,0.04,1,0.04,7,0.27,42.86,14.286,0,0,0,0.27,100,1.24,68.75,0.46,0.27,0.04,22.18,0.12,1,36.4,88,13.99,76.8,1.93,92,17.97,96.13,4.06,47.62,21.73,46.17,0.01,0.08,0,0,0,0,0,2.82,49.32,0.43,9.09,0.04,0,0.12,0,5.26,61.03,0,,0,,0,0,0,0,,,1.31,,
Gegé,Goiás,Goiás,"LAMF, LCMF",32,1049,2,1.14,0,1.59,Brazil,5.32,4.12,60.42,1.54,27.78,0,0,0.09,2.83,4.09,0.86,0,0,0,0,1.72,0.17,2,0.17,0.1,0,0,24,2.06,25,8.333,0,1.72,20,1.29,60,3.6,40.48,1.37,0.86,0,31.74,0.86,0.43,38.87,81.46,10.64,65.32,7.12,92.77,15.1,89.2,3.69,53.49,19.01,34.1,0.14,1.37,0,0,0.17,50,0.43,6.52,72.37,2.4,53.57,0.17,50,1.29,0.34,5.32,85.48,0,,0,,0,0,0,0,,,0.34,,
Bruno Ferreira,Avaí,Avaí,GK,32,1601,0,0,0,0,Brazil,0.28,0.06,100,0.06,100,0,0,0,0.22,0.29,0,2,0.11,0,0,0,0,0,0,0,0,0,0,0,0,0,0,0,0,0,0,0,0,0,0,0,7.65,0,0,15.52,80.8,8.43,67.33,0,0,6.35,98.23,5.4,50,32.74,47.77,0,0,0,0,0,0,0,1.63,17.24,0.22,0,0,0,0,0,3.26,65.52,24,1.35,69,3.88,1,65.22,21.98,1.24,-2.02,-0.114,0,1.69,0.06
Muriel,Náutico,Náutico,GK,39,3156,0,0,0,0,Brazil,0.94,0.09,100,0.14,100,0,0,0,0.86,1.5,0,2,0.06,0,0,0.06,0,0,0,0,0,0,0,0,0,0,0,0,0,0.06,100,0.23,87.5,0,0,0.03,10.44,0.23,0.17,19.08,82.51,9.3,69.94,0.03,100,8.93,94.25,5.3,45.7,29.62,47.85,0,0,0,0,0,0,0,1.91,47.76,0.2,0,0.06,0,0,0,4.05,58.45,38,1.08,144,4.11,8,73.61,42.51,1.21,4.51,0.129,0,1.17,0.14
Willian Formiga,Vila Nova,Vila Nova,"LB, LCB",31,1011,1,0.27,0,0.07,Brazil,6.94,5.79,49.23,3.03,58.82,0.18,0.28,0.18,3.92,6.08,2.14,5,0.45,0,0,0.27,0.09,1,0.09,0.02,1,0.09,4,0.36,25,25,0,0.36,25,0.18,50,2.14,29.17,0.36,0.62,0,27.69,0.8,0.62,35.7,84.54,15.04,75.74,3.03,94.12,13.35,94,2.58,41.38,17.13,26.75,0.01,0.09,0,0,0.09,0,0.09,5.16,75.86,0.53,33.33,0.45,20,0.09,0.18,6.14,65.22,0,,0,,0,0,0,0,,,0.98,,
Diogo Silva,Ponte Preta,Ponte Preta,GK,40,1421,0,0,0,0,Brazil,1.71,0.25,75,0.19,100,0.06,0.08,0,1.46,1.93,0,0,0,0,0,0,0,0,0,0,0,0,0,0,0,0,0,0,0,0,0,0.13,50,0,0,0,8.11,0.13,0.06,15.2,74.17,9.82,61.94,0,0,4.75,96,7.92,52,38.72,55.46,0,0,0.06,0,0,0,0,4.12,49.23,0.44,0,0.51,0,0,0,5.13,79.01,27,1.71,85,5.38,2,68.24,26.23,1.66,-0.77,-0.049,0,1.08,0.19
Mateus Silva,Náutico,Náutico,RCB,31,865,0,0.71,0,0,Brazil,6.45,3.64,65.71,3.85,72.97,0.1,0.21,0.31,3.95,8.09,1.14,4,0.42,0,0,0,0,0,0,0.07,0,0,6,0.62,0,0,0,0,0,0,0,0.52,20,0.83,1.77,0,32.46,0.42,0.31,48.9,89.15,20.18,78.87,2.5,91.67,20.5,97.97,3.85,35.14,19.08,40.93,0,0.1,0,0,0.1,0,0,7.39,76.06,0.62,16.67,0.94,22.22,0.1,0,8.64,72.29,0,,0,,0,0,0,0,,,1.77,,
Anselmo Ramon,Goiás,Goiás,CF,38,1367,5,6.46,2,1.97,Brazil,2.77,1.65,60,2.57,38.46,0.13,0.2,0.13,1.65,2.53,0.53,1,0.07,0,0,1.32,0.33,4,0.26,0.43,1,0.07,24,1.58,45.83,20.833,0.13,0.4,50,0.79,33.33,6.85,30.77,2.24,0.4,0,12.25,1.65,1.25,17.45,80,3.36,66.67,4.87,86.49,6.12,81.72,1.38,52.38,16.24,19.82,0.13,0.86,0,0,0.2,66.67,0.72,1.71,65.38,1.45,54.55,0.33,60,0.72,0.2,2.3,80,0,,0,,0,0,0,0,,,0.07,,
Caio Marcelo,Seoul E-Land,Vila Nova,LCB,28,738,0,0.41,0,0,Brazil,8.41,4.76,58.97,3.29,62.96,0.61,0.93,0.98,5,7.64,1.22,3,0.37,0,0,0.12,0,0,0,0.05,0,0,1,0.12,0,0,0,0,0,0.24,50,0.61,80,0.37,0.85,0,25.61,0.37,0.37,39.27,88.51,13.54,79.28,1.71,85.71,19.27,94.94,2.93,50,19.31,27.94,0,0,0,0,0,0,0,4.51,70.27,0.12,0,0.12,0,0,0,6.1,72,0,,0,,0,0,0,0,,,1.34,,
Victor Souza,Botafogo SP,Botafogo SP,GK,34,2634,0,0,0,0.31,Brazil,0.58,0.07,50,0.24,100,0,0,0,0.55,0.78,0,1,0.03,0,0,0,0,0,0,0,0,0,0,0,0,0,0,0,0,0,0,0.1,100,0,0,0,10.25,0.17,0.21,17.77,80.19,9.77,67.13,0.03,100,7.38,95.83,7.11,54.81,36.51,54.76,0.01,0.03,0,0,0,0,0.07,3.9,57.02,0.44,30.77,0.1,66.67,0.14,0,5.57,73.01,32,1.09,94,3.21,6,65.96,27.63,0.94,-4.37,-0.149,0,1.47,0.24
Hygor,Botafogo SP,Botafogo SP,CF,34,1842,7,7.84,0,1.07,Brazil,2.88,2.3,48.94,6.94,33.8,0,0,0.29,1.76,2.47,0.93,0,0,0,0,1.12,0.34,7,0.34,0.38,4,0.2,45,2.2,35.56,15.556,0,0.59,25,0.49,40,4.79,43.88,3.27,0.34,0.05,8.16,1.47,1.95,8.55,66.86,2.44,50,2.15,72.73,2.15,79.55,0.24,40,15.69,9.5,0.05,0.39,0,0,0,0,0.2,0.64,53.85,0.73,40,0,0,0.68,0.24,1.03,47.62,0,,0,,0,0,0,0,,,0.2,,
Matheus Albino,CRB,CRB,GK,31,785,0,0,0,0,Brazil,1.95,0.23,100,0.34,100,0,0,0.11,1.72,2.6,0,1,0.11,0,0,0,0,0,0,0,0,0,0,0,0,0,0,0,0,0,0,0,0,0,0,0.11,11.46,0.11,0.34,18.92,92.73,9.86,86.05,0,0,7.57,100,3.55,64.52,25.43,41.33,0,0,0,0,0,0,0,1.38,66.67,0,0,0.11,0,0,0,2.98,80.77,12,1.38,29,3.32,0,58.62,7.23,0.83,-4.77,-0.547,0,2.41,0.34
Railan,Cuiabá,Cuiabá,"RWB, RB",26,1539,0,2.22,0,0.36,Brazil,7.43,5.2,55.06,1.87,65.63,0.35,0.47,0.12,4.21,5.7,1.23,2,0.12,0,0,2.92,0,0,0,0.13,0,0,22,1.29,27.27,0,0,2.51,37.21,2.46,66.67,6.43,53.64,1.17,1.75,0.18,22.34,2.63,1.35,29.77,78.19,8.07,65.22,6.96,91.6,10.12,78.03,3.22,60,18.49,30.59,0.02,0.76,0,0,0,0,0.06,2.51,74.42,2.92,46,0.18,33.33,0.41,0.99,6.02,66.99,0,,0,,0,0,0,0,,,0.7,,
Rodrigo,Criciúma,Criciúma,CB,39,2122,0,2.43,1,0.86,Brazil,8.74,4.16,64.29,5.6,62.12,0,0,0.89,6.07,9.19,1.06,2,0.08,0,0,0.25,0,0,0,0.1,0,0,13,0.55,15.38,0,0.04,0.04,0,0.25,66.67,1.06,36,1.19,0.47,0.04,25.36,0.04,0.38,39.57,89.71,12.43,79.86,2.04,93.75,21.84,95.34,4.71,73.87,21.98,40.11,0.04,0.25,0.04,0.04,0,0,0.17,4.37,74.76,0.34,37.5,0.13,33.33,0.34,0,5.6,75,0,,0,,0,0,0,0,,,1.27,,
Luiz Henrique,Avaí,Avaí,"LCMF, LDMF",27,2334,2,1.19,0,0.45,Brazil,6.56,4.82,49.6,1.97,52.94,0.04,0.05,0.46,4.13,5.35,1.58,5,0.19,0,0,0.81,0.08,1,0.04,0.05,0,0,18,0.69,16.67,11.111,0,1.16,33.33,0.46,58.33,3.66,55.79,0.35,0.23,0,29.42,0.42,1.74,41.95,84.65,12.53,71.69,7.25,95.21,14.88,89.12,3.32,44.19,16.97,31.93,0.02,0.23,0.04,0,0.08,50,0.12,5.59,73.1,1.89,40.82,0.42,36.36,0.42,0.39,5.71,62.16,0,,0,,0,0,0,0,,,0.42,,
Thiago Rodrigues,Goiás,Goiás,GK,37,1512,0,0,0,0.26,Brazil,0.89,0.06,0,0.12,100,0.06,0.08,0,0.83,1.19,0.12,1,0.06,0,0,0.06,0,0,0,0,0,0,0,0,0,0,0,0,0,0.06,100,0.24,100,0,0,0,12.08,0.24,0.36,20.54,86.67,9.4,72.78,0,0,10.48,98.3,6.73,60.18,28.67,42.1,0.02,0.06,0,0,0,0,0,0.89,53.33,0.06,0,0,0,0,0,4.23,57.75,16,0.95,57,3.39,5,71.93,15.57,0.93,-0.43,-0.026,0,1.85,0.12
Patrick Brey,Botafogo SP,Botafogo SP,"LB, LWB",29,2697,4,4.38,2,3.25,Brazil,8.04,6.77,59.61,3.57,43.93,0.13,0.19,0.17,3.87,5.52,1.77,6,0.2,0,0,2.64,0.13,4,0.13,0.15,2,0.07,31,1.03,35.48,12.903,0.07,2.97,30.34,2.3,56.52,7.81,48.72,2.17,1.57,0.37,22.66,1.23,2.3,31.13,68.6,11.88,60.67,3.94,87.29,8.94,71.64,3.8,43.86,19.02,40.75,0.11,1,0.03,0,0.07,100,0.43,4.64,58.99,3.24,44.33,0.23,57.14,0.9,0.7,6.17,72.43,0,,0,,0,0,0,0,,,0.2,,
Diego Tavares,Botafogo PB,Ponte Preta,"AMF, RAMF, RW",35,789,1,1.26,3,0.95,Brazil,3.08,3.19,46.43,1.94,29.41,0,0,0.23,1.6,2.07,1.03,2,0.23,1,0.11,4.45,0.11,1,0.11,0.14,0,0,12,1.37,33.33,8.333,0.34,4.11,33.33,3.76,69.7,8.9,55.13,2.4,2.62,0.57,12.32,1.25,2.4,18.48,66.67,3.08,70.37,4.33,94.74,6.5,61.4,1.14,60,24.99,26.77,0.11,0.8,0,0.11,0,0,0.57,0.91,50,2.85,48,0.11,0,0.34,1.14,3.76,51.52,0,,0,,0,0,0,0,,,0,,
Luiz Felipe,Náutico,Náutico,"RDMF, RAMF",28,1141,0,1.17,1,0.61,Brazil,6.55,6.15,47.44,2.37,40,0.71,1.32,0.32,2.92,5.41,2.21,6,0.47,0,0,1.1,0,0,0,0.09,0,0,12,0.95,16.67,0,0.08,1.1,28.57,0.87,63.64,5.21,40.91,1.18,0.79,0.16,31,0.16,1.1,42.36,83.24,13.65,69.94,6.63,94.05,14.59,91.35,2.84,61.11,16.46,32.95,0.05,0.47,0,0,0.16,50,0.32,7.34,74.19,2.05,38.46,0.16,50,0.55,0.32,4.73,88.33,0,,0,,0,0,0,0,,,0.39,,
Victor Andrade,Náutico,Náutico,"LAMF, LW",31,1054,1,1.23,0,1.37,Brazil,4.35,4.27,54,1.37,31.25,0.34,0.69,0.09,1.71,3.47,1.96,5,0.43,0,0,5.89,0.09,1,0.09,0.1,0,0,35,2.99,25.71,2.857,0,2.39,25,7.51,60.23,17.85,56.46,1.96,4.53,0.26,15.28,1.2,4.53,19.04,71.3,5.04,66.1,3.07,86.11,7.69,68.89,0.6,42.86,17.9,13.93,0.12,0.94,0,0,0,0,0.34,1.88,63.64,2.22,42.31,0,0,0.77,0.85,1.79,80.95,0,,0,,0,0,0,0,,,0,,
Vitor Caetano,CRB,CRB,GK,27,2338,0,0,0,0,Brazil,1.08,0.12,0,0.19,80,0,0,0,1.08,1.39,0.08,2,0.08,0,0,0,0,0,0,0,0,0,0,0,0,0,0,0,0,0,0,0.12,100,0,0,0,13.13,0.23,0.15,22.17,83.16,12.28,73.04,0,0,9.28,95.44,7.24,50,31.05,50.23,0,0,0,0,0,0,0,1.96,35.29,0.35,11.11,0,0,0.04,0,5.24,61.03,32,1.23,114,4.39,7,71.93,34.2,1.32,2.2,0.085,0,2.31,0.19
J. Jiménez,América Mineiro,América Mineiro,"DMF, LDMF",33,566,0,0.21,0,0,Paraguay,7,5.41,52.94,1.91,50,0.16,0.22,0.48,3.98,5.56,1.11,2,0.32,0,0,0.16,0,0,0,0.03,0,0,4,0.64,25,0,0,0.16,0,0.16,0,1.75,63.64,0.32,0.32,0,43.09,0.8,0.48,57.72,88.43,16.86,74.53,6.84,97.67,27.51,95.38,4.29,40.74,19.8,28.25,0,0.16,0,0,0,0,0,6.68,61.9,0.95,16.67,0.16,0,0.16,0,5.41,58.82,0,,0,,0,0,0,0,,,0.64,,
Nícolas Careca,Grêmio Novorizontino,Grêmio Novorizontino,"LAMF, LW",29,623,1,1.68,1,0.42,Brazil,5.2,5.49,42.11,4.62,59.38,0,0,0.29,2.89,3.61,1.73,3,0.43,0,0,2.17,0.14,1,0.14,0.24,1,0.14,15,2.17,46.67,6.667,0.14,2.46,35.29,1.59,18.18,7.8,25.93,2.6,1.73,0.14,15.17,1.59,1.16,23.26,67.08,5.2,52.78,4.77,84.85,7.08,59.18,1.59,27.27,15.96,24.68,0.06,0.43,0,0,0,0,0.29,2.46,47.06,2.17,26.67,0.14,0,0.14,0.72,3.32,69.57,0,,0,,0,0,0,0,,,0.14,,
João Carlos,Cuiabá,Cuiabá,GK,38,1005,0,0,0,0,Brazil,0.27,0,0,0,0,0,0,0,0.27,0.34,0,0,0,0,0,0,0,0,0,0,0,0,0,0,0,0,0,0,0,0,0,0,0,0,0,0,9.13,0.45,0,15.22,87.65,5.73,70.31,0.09,100,7.7,100,4.12,58.7,29.5,50.37,0,0,0,0,0,0,0,1.07,58.33,0.18,50,0,0,0,0,3.22,72.22,9,0.81,34,3.04,4,73.53,8.37,0.75,-0.63,-0.056,0,1.25,0
Luan Freitas,Fortaleza,Fortaleza,"CB, RCB, LCB",25,1198,0,0.45,1,0.18,Brazil,6.01,3.61,70.83,2.18,55.17,0.3,0.42,0.6,3.16,4.42,0.53,0,0,0,0,0.08,0,0,0,0.03,0,0,3,0.23,0,0,0.08,0,0,0.08,100,0.45,66.67,0.23,0.83,0,27.57,0.38,0.45,38.39,91.78,12.77,80,0.68,100,22.16,97.97,5.33,64.79,19.53,26.53,0.01,0.23,0,0,0,0,0.15,3.83,80.39,0.23,33.33,0.3,25,0.15,0,5.86,74.36,0,,0,,0,0,0,0,,,0.45,,
Daniel Peixoto,Atlético GO,Atlético GO,"RDMF, LDMF, RCMF",29,861,0,0.94,0,0.1,Brazil,5.64,6.17,38.98,1.78,64.71,0,0,0.31,3.24,4.7,2.61,2,0.21,0,0,1.15,0,0,0,0.1,0,0,15,1.57,6.67,0,0,1.36,38.46,0.73,71.43,5.02,62.5,1.78,1.05,0.31,27.49,0.31,1.67,37.11,82.54,10.66,73.53,5.23,94,14.53,87.05,3.14,46.67,18.03,41.18,0.01,0.21,0,0,0,0,0.21,5.44,67.31,1.57,40,0,0,0.42,0.63,5.02,70.83,0,,0,,0,0,0,0,,,0.21,,
Felipe Garcia,São Bernardo FC,São Bernardo FC,CF,35,1912,3,3.79,1,0.94,Brazil,3.11,2.78,42.37,5.46,30.17,0.09,0.13,0.05,1.84,2.49,1.6,5,0.24,0,0,0.8,0.14,2,0.09,0.18,0,0,20,0.94,30,15,0.05,0.47,50,0.47,60,4.14,46.59,2.31,0.61,0.19,10.73,2.21,1.13,15.2,76.78,3.25,66.67,3.67,82.05,4.8,80.39,0.42,66.67,14.85,9.58,0.04,0.75,0.05,0.05,0,0,0.38,0.89,68.42,0.89,52.63,0,0,0.47,0.24,1.22,65.38,0,,0,,0,0,0,0,,,0.05,,
Pará,São Bernardo FC,São Bernardo FC,LB,31,2266,2,0.76,1,2.11,Brazil,6.51,4.92,50.81,1.51,63.16,0.24,0.32,0.16,3.77,5.14,0.71,4,0.16,0,0,1.55,0.08,2,0.08,0.03,1,0.04,8,0.32,50,25,0.04,2.46,35.48,0.87,59.09,2.5,39.68,0.48,1.63,0.2,32.37,2.86,0.36,41.31,80.29,14.89,67.73,5.92,92.62,15.09,86.32,5.24,52.27,21.1,38.05,0.08,0.71,0.04,0,0,0,0.24,4.37,64.55,2.74,44.93,0.04,100,0.4,0.79,8.94,63.56,0,,0,,0,0,0,0,,,0.68,,
Vinicius Diniz,Operário PR,Operário PR,"LCMF, LDMF, RCMF",27,2710,6,4.73,1,0.6,Brazil,6.77,4.62,51.08,2.59,50,0.33,0.49,0.53,4.08,6.06,1.66,8,0.27,0,0,0.9,0.2,6,0.2,0.16,5,0.17,45,1.49,26.67,13.333,0.03,0.46,21.43,0.86,42.31,4.98,54.67,1.3,0.6,0.07,27.66,0.63,1.86,36.37,86.76,10.83,77.3,5.51,92.77,14.18,92.04,2.56,58.44,17.29,32.88,0.02,0.4,0.07,0.03,0.07,50,0.23,5.51,81.33,1.03,35.48,0.07,50,0.43,0.1,5.15,74.84,0,,0,,0,0,0,0,,,0.07,,
Índio,Operário PR,Operário PR,"DMF, LDMF, RDMF",33,641,0,0.2,1,0.02,Brazil,6.6,5.05,47.22,2.11,66.67,0.84,1.18,0.42,3.37,4.74,0.84,3,0.42,0,0,0.14,0,0,0,0.03,0,0,2,0.28,0,0,0.14,0,0,0.56,25,2.39,52.94,0.56,1.12,0,26.96,0.56,0.98,36.65,89.27,10.95,73.08,4.07,96.55,16.29,96.55,3.93,67.86,16.87,26.23,0,0.14,0,0,0,0,0.14,5.62,75,0.7,80,0.14,100,0.42,0,4.21,66.67,0,,0,,0,0,0,0,,,0.14,,
Joseph,Operário PR,Operário PR,"LCB, RCB",31,906,0,0.07,0,0.01,Brazil,8.64,3.28,54.55,2.78,60.71,0,0,0.7,6.85,9.76,0.99,3,0.3,0,0,0,0,0,0,0.01,0,0,3,0.3,0,0,0,0.1,0,0,0,0.7,57.14,0.3,0.3,0,23.54,0.5,0.7,35.26,90.14,12.81,79.84,2.19,100,16.19,96.93,1.39,28.57,18.95,33.22,0,0.1,0,0,0,0,0,3.28,63.64,0.2,0,0,0,0,0,3.28,54.55,0,,0,,0,0,0,0,,,1.39,,
Wanderson,Náutico,Náutico,RCB,31,914,0,1.19,0,0.13,Brazil,8.17,4.04,56.1,6.5,68.18,0.2,0.34,0.59,5.71,10,1.48,3,0.3,1,0.1,0.3,0,0,0,0.12,0,0,7,0.69,28.57,0,0,0.2,50,0,0,0.69,57.14,0.89,0.2,0,26.78,0.2,0.49,43.23,80.87,19.79,64.18,2.95,93.33,16.05,95.71,7.48,38.16,21.16,32,0.01,0.1,0,0,0,0,0.1,7.58,46.75,1.38,21.43,0.79,25,0.39,0.1,7.98,61.73,0,,0,,0,0,0,0,,,1.97,,
João Vitor,Londrina,Londrina,LCMF,28,1252,3,2.56,4,2.37,Brazil,4.6,3.52,51.02,1.58,40.91,0.14,0.19,0.65,2.66,3.45,0.79,3,0.22,0,0,2.01,0.22,2,0.14,0.18,1,0.07,40,2.88,22.5,7.5,0.29,2.23,29.03,1.87,38.46,5.25,46.58,0.79,0.43,0.07,31.56,0.93,0.79,39.68,73.01,14.59,57.14,5.25,90.41,15.74,81.28,8.91,65.32,23.47,43.44,0.17,1.44,0.07,0.07,0.07,0,0.43,8.63,67.5,2.66,37.84,0.29,50,0.43,0.79,9.2,76.56,0,,0,,0,0,0,0,,,0.07,,
Wallace,Londrina,Londrina,"LCB, CB, DMF",38,1375,0,0.67,0,0.11,Brazil,7.72,3.4,59.62,2.36,55.56,0,0,0.79,5.69,7.74,0.59,4,0.26,0,0,0.39,0,0,0,0.04,0,0,6,0.39,0,0,0,0.2,33.33,0.33,100,2.42,67.57,0.52,1.05,0.07,29.59,0.39,1.11,46.54,88.33,20.16,79.55,2.88,93.18,18.39,95.37,3.99,54.1,20.43,34.9,0.01,0.13,0,0.07,0,0,0.07,5.17,74.68,0.39,33.33,0.13,100,0.2,0.07,6.87,67.62,0,,0,,0,0,0,0,,,1.05,,
João Vieira,Vila Nova,Vila Nova,"RDMF, LDMF",28,2446,3,4.24,4,4.15,Brazil,4.05,5.34,44.14,1.03,39.29,0.07,0.11,0.04,1.62,2.5,2.43,8,0.29,0,0,0.99,0.11,2,0.07,0.16,0,0,28,1.03,35.71,10.714,0.15,0.81,22.73,0.59,75,3.53,53.13,1.29,0.44,0,27.89,0.4,1.55,35.95,88.95,9.2,78.8,5.74,94.23,15.05,91.93,2.54,60.87,18.63,31.56,0.15,1.47,0.22,0,0,0,0.33,5.45,80.41,1.77,56.25,0.22,33.33,0.92,0.18,4.93,80.6,0,,0,,0,0,0,0,,,0.26,,
Kevyn,Londrina,Londrina,"LB, LWB",28,965,0,1,0,0.29,Brazil,6.81,3.82,53.66,2.61,39.29,0.28,0.36,0.28,4.48,5.69,1.31,5,0.47,0,0,1.4,0,0,0,0.09,0,0,6,0.56,16.67,0,0,1.68,44.44,1.59,35.29,5.5,44.07,0.93,0.65,0.19,18,1.77,1.87,24.81,79.7,8.39,68.89,4.94,92.45,6.9,81.08,2.52,51.85,16.47,24.85,0.03,0.37,0,0,0,0,0.09,2.61,75,1.12,66.67,0,0,0,0.65,4.57,65.31,0,,0,,0,0,0,0,,,0.84,,
Bruno Santos,Mirassol,Londrina,CF,29,1539,11,9.16,3,1.41,Brazil,2.28,2.11,61.11,5.2,47.19,0,0,0.06,0.99,1.28,0.94,1,0.06,0,0,1.93,0.64,8,0.47,0.54,1,0.06,41,2.4,48.78,26.829,0.18,0.58,20,1.64,39.29,5.85,41,2.51,0.99,0.53,10.12,1.35,1.7,14.62,73.2,2.69,60.87,4.39,90.67,4.44,73.68,0.47,62.5,15.69,11.11,0.08,0.7,0.06,0.06,0,0,0.35,1.17,65,0.94,56.25,0.06,100,0.64,0.18,1.7,58.62,0,,0,,0,0,0,0,,,0.35,,
Pierre,Fortaleza,Fortaleza,"DMF, RCMF",24,1502,0,0.34,1,0.71,Brazil,7.79,6.17,50.49,1.5,68,1.02,1.39,0.06,3.66,4.97,1.98,8,0.48,0,0,0.36,0,0,0,0.02,0,0,4,0.24,25,0,0.06,0.36,33.33,0.3,60,3.12,65.38,0.42,0.3,0.06,38.17,0.18,1.74,50.63,92.19,14.56,86.83,7.07,95.76,21.69,95.86,2.46,80.49,17.77,30.57,0.04,0.36,0,0.06,0,0,0.24,7.73,89.15,0.9,60,0.24,50,0.3,0.18,7.43,79.84,0,,0,,0,0,0,0,,,0.42,,
Ericson,Botafogo SP,Botafogo SP,RCB,27,1666,0,0.23,0,0.35,Brazil,7.18,3.78,54.29,1.78,54.55,0.05,0.08,0.7,5.08,7.14,1.3,3,0.16,0,0,0.49,0,0,0,0.01,0,0,3,0.16,0,0,0,0.27,40,0.49,77.78,1.4,61.54,0.27,0.54,0.05,31.98,0.43,0.38,44.89,85.2,18.21,72.11,1.4,96.15,23.12,95.33,8.21,51.32,25.84,47.01,0.02,0.05,0.05,0.05,0,0,0.05,8.48,64.33,1.24,26.09,0.11,50,0.27,0.11,9.62,78.09,0,,0,,0,0,0,0,,,0.97,,
Crystopher,CRB,CRB,"RCMF, RDMF, LCMF",28,2539,5,2.81,5,3.96,Brazil,4.54,4.18,45.76,0.78,36.36,0.04,0.05,0.21,2.59,3.44,0.82,2,0.07,0,0,1.49,0.18,5,0.18,0.1,2,0.07,54,1.91,33.33,9.259,0.18,0.89,28,0.6,70.59,3.9,38.18,1.6,1.52,0.11,34.95,0.96,0.74,45.41,81.89,16.41,70.63,6.24,93.18,14.04,88.13,3.15,60.67,17.25,37.69,0.14,1.49,0.18,0,0.21,83.33,0.99,7.48,74.88,3.05,50,0.53,46.67,1.67,0.32,7.09,81,0,,0,,0,0,0,0,,,0.28,,
Carlinhos,Grêmio Novorizontino,Grêmio Novorizontino,"RCB, LCB",31,770,0,0,0,0,Brazil,7.6,4.91,59.52,4.09,54.29,0.12,0.17,0.47,4.56,6.65,1.4,1,0.12,0,0,0,0,0,0,0,0,0,0,0,0,0,0,0,0,0,0,0.47,50,0.12,0.47,0,23.49,0,0.47,35.88,87.95,15.31,82.44,0.94,87.5,18.47,93.67,5.14,65.91,22.54,31.27,0,0.23,0,0,0,0,0,4.91,71.43,0.23,50,0.12,0,0,0,7.83,74.63,0,,0,,0,0,0,0,,,0.58,,
Rodrigo Sam,Juventude,Juventude,RCB,31,2670,0,0.93,2,0.57,Brazil,8.87,6.44,60.21,3,59.55,0.13,0.2,0.57,4.85,7.09,1.65,5,0.17,0,0,0.4,0,0,0,0.03,0,0,8,0.27,12.5,0,0.07,0.4,41.67,0.27,75,2.29,57.35,0.88,0.78,0.13,31.65,0.54,1.28,46.08,88.95,18.71,83.06,3.54,97.14,18.17,93.51,3.2,41.05,19.12,39.8,0.02,0.17,0,0,0.03,0,0.1,4.69,68.35,0.81,25,0.13,0,0.3,0.17,6.74,66.5,0,,0,,0,0,0,0,,,1.85,,
Bryan,Ceará,Ceará,"RB, LW, LCMF",30,1616,1,1.88,0,1.37,Brazil,7.91,5.85,59.05,2.39,37.21,0.39,0.57,0,4.07,5.9,1.45,7,0.39,0,0,2.34,0.06,1,0.06,0.1,0,0,28,1.56,25,3.571,0,2,25,2.78,50,7.96,41.96,1.28,1.89,0.11,23.45,1.06,1.67,30.69,82.03,9.13,71.95,6.13,97.27,10.02,80.56,1.39,48,17.06,21.82,0.08,0.72,0.11,0,0.11,50,0.28,3.73,74.63,2.28,29.27,0.06,100,0.11,0.61,4.96,64.04,0,,0,,0,0,0,0,,,0.06,,
Vágner,Operário PR,Operário PR,GK,40,2743,0,0,0,0,Brazil,0.66,0.07,50,0.1,100,0,0,0,0.62,0.9,0.03,3,0.1,0,0,0,0,0,0,0,0,0,0,0,0,0,0,0,0,0,0,0.03,100,0,0,0,9.91,0.3,0.07,17.75,87.06,7.55,73.91,0.07,100,9.55,97.59,5.25,62.5,29.63,44.81,0,0,0,0,0,0,0,0.82,40,0.07,0,0.07,50,0,0,3.97,64.46,38,1.25,138,4.53,9,72.46,37.55,1.23,-0.45,-0.015,0,1.21,0.1
Neto Paraíba,Operário PR,Operário PR,"RCMF, LCMF, DMF",34,957,0,0.88,0,1.25,Brazil,5.27,3.67,41.03,1.97,66.67,0.09,0.17,0.38,3.67,6.57,1.13,2,0.19,0,0,2.54,0,0,0,0.08,0,0,19,1.79,26.32,0,0,0.85,22.22,2.45,69.23,10.16,58.33,0.94,1.69,0.38,22.19,0.38,2.82,29.25,77.49,10.53,65.18,3.76,92.5,9.22,85.71,1.32,50,16.83,15.54,0.12,0.94,0.09,0,0.56,33.33,0.85,4.89,65.38,2.26,33.33,0.75,25,0.47,0.38,4.23,75.56,0,,0,,0,0,0,0,,,0.19,,
Tárik,Londrina,Londrina,"DMF, RDMF, RCMF",33,1194,2,1.38,0,0.07,Brazil,5.8,4.6,45.9,1.73,65.22,0.38,0.5,0.23,3.32,4.37,1.96,3,0.23,0,0,1.13,0.15,2,0.15,0.1,2,0.15,10,0.75,60,20,0,0.38,40,0.6,87.5,1.88,60,0.68,0.15,0,29.62,0.15,0.75,41.16,87.91,12.81,72.94,4.67,98.39,17.41,94.37,3.62,54.17,18.24,35.46,0.01,0.23,0,0,0,0,0,5.43,72.22,1.36,44.44,0.38,0,0.3,0.15,5.73,73.68,0,,0,,0,0,0,0,,,0.68,,
João Vitor,Athletico Paranaense,Grêmio Novorizontino,RCB,21,689,0,0.08,0,0,Brazil,5.49,3.79,68.97,2.87,54.55,0,0,0.65,2.87,4.02,0.65,1,0.13,0,0,0.26,0,0,0,0.01,0,0,1,0.13,100,0,0,0,0,0.26,50,1.31,70,0.13,0.39,0,27.82,0.13,0.65,40.89,91.37,14.24,84.4,1.57,91.67,22.6,97.11,6.53,64,23.12,44,0,0,0,0,0,0,0,6.66,82.35,0.26,0,0.13,0,0,0,7.84,81.67,0,,0,,0,0,0,0,,,1.04,,
Wallace,Grêmio,CRB,"LCB, DMF",21,426,0,0.54,0,0,Brazil,7.61,6.97,66.67,4.23,60,0,0,0,2.96,3.93,2.11,1,0.21,0,0,0.42,0,0,0,0.11,0,0,4,0.85,25,0,0,0.21,0,0.21,100,2.32,36.36,1.27,1.9,0.21,31.48,0,0.85,42.68,87.62,12.89,72.13,3.8,94.44,21.55,94.12,2.11,20,19.27,33.98,0,0,0.21,0,0,0,0,3.38,68.75,0.21,0,0.21,0,0,0,3.59,58.82,0,,0,,0,0,0,0,,,0.85,,
Thauan,América Mineiro,América Mineiro,"LW, RW",22,606,0,0.69,0,0.37,Brazil,5.35,5.79,41.03,0.89,33.33,0.15,0.27,0,2.82,5.09,1.93,2,0.3,0,0,7.57,0,0,0,0.1,0,0,19,2.82,47.37,0,0,4.31,13.79,9.36,60.32,18.42,53.23,2.67,4.01,0.45,17.38,2.38,4.01,23.91,68.32,5.64,47.37,5.94,95,8.32,60.71,1.49,40,18.36,23.01,0.05,0.74,0.15,0,0,0,0,2.67,50,4.31,20.69,0.15,100,0.59,0.89,2.82,73.68,0,,0,,0,0,0,0,,,0.15,,
T. Pochettino,Vitória,Fortaleza,"AMF, RW",30,882,0,0.4,0,1.73,Argentina,5.2,4.59,46.67,1.02,40,0.31,0.41,0.1,2.76,3.65,1.33,1,0.1,0,0,3.47,0,0,0,0.04,0,0,16,1.63,6.25,0,0,2.76,29.63,3.57,71.43,7.76,53.95,1.53,2.35,0.41,15.92,0.92,1.63,20.71,67,6.43,57.14,2.35,95.65,8.57,64.29,3.16,41.94,21.67,28.43,0.18,1.94,0.1,0,0.1,0,0.2,3.16,58.06,3.27,34.38,0.51,40,0.92,0.71,3.78,75.68,0,,0,,0,0,0,0,,,0,,
B. Baldini,Athletico Paranaense U20,Avaí,LCB,19,938,0,0.76,0,0,Brazil,6.14,4.03,61.9,1.92,45,0.29,0.38,0.29,3.36,4.49,0.96,3,0.29,0,0,0.29,0,0,0,0.07,0,0,4,0.38,50,0,0,0.1,0,0.29,33.33,0.86,44.44,0.38,1.06,0.1,21.3,0.48,0.1,34.73,84.53,15.54,75.93,1.92,75,13.43,97.14,3.26,41.18,20.07,34.19,0,0,0,0,0,0,0,3.55,62.16,0.29,33.33,0,0,0,0,4.99,65.38,0,,0,,0,0,0,0,,,1.06,,
Léo Aragão,Avaí,Avaí,GK,24,1285,0,0,0,0,Brazil,1.54,0.07,0,0.28,100,0.07,0.1,0,1.47,2.11,0,0,0,0,0,0,0,0,0,0,0,0,0,0,0,0,0,0,0,0,0,0,0,0,0,0,6.02,0.07,0.14,12.96,84.86,6.79,75.26,0,0,5.67,95.06,3.57,50.98,28.51,43.09,0,0,0,0,0,0,0,0.77,18.18,0,0,0.07,0,0,0,2.38,67.65,18,1.26,63,4.41,4,71.43,21.76,1.52,3.76,0.263,0,1.26,0.28
Paulinho,Vasco da Gama,América Mineiro,LB,22,458,0,0.13,1,0.57,Brazil,6.09,4.32,63.64,0.98,60,0.2,0.34,0,3.14,5.45,0.98,1,0.2,0,0,2.95,0,0,0,0.03,0,0,4,0.79,50,0,0.2,4.32,36.36,1.38,71.43,4.72,58.33,0.79,1.18,0.79,23.19,3.54,0.79,30.66,75.64,9.63,61.22,8.84,100,9.04,65.22,2.95,20,20.95,28.25,0.11,1.18,0,0,0,0,0,2.75,42.86,4.13,28.57,0,0,0.2,1.18,4.91,64,0,,0,,0,0,0,0,,,0.39,,
Fábio Matheus,Sport Recife,Sport Recife,"LCMF, LDMF",23,422,1,0.39,0,0.16,Brazil,5.12,5.33,56,3.41,37.5,0.21,0.39,0,1.92,3.51,1.49,0,0,0,0,1.07,0.21,1,0.21,0.08,0,0,6,1.28,16.67,16.667,0,0,0,1.49,57.14,7.25,35.29,0.64,0.43,0,34.76,0.43,0.64,52.46,91.46,14.5,83.82,7.25,94.12,22.18,94.23,4.27,75,16.53,37,0.03,0.85,0,0,0,0,0.64,7.46,80,0.85,50,0.21,100,0.43,0,5.12,83.33,0,,0,,0,0,0,0,,,0.21,,
Sorriso,Avaí,Avaí,"LAMF, LW",21,844,2,1.78,0,0.41,Brazil,3.52,4.27,55,1.07,10,0,0,0,1.17,1.76,0.64,2,0.21,0,0,2.67,0.21,2,0.21,0.19,0,0,16,1.71,25,12.5,0,1.81,29.41,3.73,45.71,8.85,53.01,2.77,3.95,0.32,15.78,1.81,2.56,20.37,77.49,4.37,65.85,6.5,85.25,4.48,80.95,0.75,57.14,18.2,18.17,0.04,0.43,0.21,0,0.21,0,0.11,1.6,86.67,1.17,54.55,0.32,33.33,0.32,0.64,2.56,70.83,0,,0,,0,0,0,0,,,0.11,,
João Maistro,Brusque,Avaí,LCB,26,476,0,0,0,0,Brazil,7.37,4.35,65.22,3.4,72.22,0,0,0.57,4.54,6.92,0.38,0,0,0,0,0,0,0,0,0,0,0,0,0,0,0,0,0,0,0,0,0.19,100,0,0.57,0,25.71,0,0.19,38.95,89.32,11.91,84.13,2.84,93.33,19.29,93.14,2.84,53.33,18.25,26.1,0,0,0,0,0,0,0,0.95,40,0,0,0,0,0,0,3.21,41.18,0,,0,,0,0,0,0,,,1.7,,
Dodô,Náutico,Náutico,AMF,25,1516,5,4.96,2,5.76,Brazil,2.73,2.73,65.22,0.89,13.33,0,0,0.12,0.95,1.88,0.71,1,0.06,0,0,4.39,0.3,4,0.24,0.29,0,0,46,2.73,41.3,10.87,0.12,1.84,22.58,4.81,50.62,11.7,43.65,2.97,2.37,0.59,22.68,0.89,2.49,27.96,77.92,10.03,73.96,4.22,90.14,7.48,80.95,1.19,60,16.42,25.86,0.34,2.43,0.06,0,0.42,100,0.36,3.98,76.12,3.09,53.85,0.47,87.5,1.54,0.42,3.86,84.62,0,,0,,0,0,0,0,,,0.06,,
Thalys,Ponte Preta,Ponte Preta,"RB, RWB",26,1006,0,0.25,0,0.06,Brazil,9.93,8.14,59.34,1.88,52.38,0.09,0.11,0.18,5.01,6.41,1.25,1,0.09,0,0,1.97,0,0,0,0.02,0,0,3,0.27,33.33,0,0,2.77,25.81,2.06,56.52,4.65,34.62,0.45,1.07,0.27,13.96,0.81,0.54,25.59,73.78,10.02,61.61,4.47,96,6.62,81.08,3.67,48.78,22.19,41.28,0.01,0.18,0.09,0,0.09,0,0.27,2.95,66.67,1.7,42.11,0.18,0,0.18,0.72,5.19,63.79,0,,0,,0,0,0,0,,,0.89,,
Kevyson,Ponte Preta,Ponte Preta,"LB, LWB, AMF",22,1345,0,0.59,0,0.73,Brazil,6.96,5.55,59.04,3.35,64,0.07,0.09,0.4,3.61,4.92,1.07,1,0.07,0,0,3.48,0,0,0,0.04,0,0,13,0.87,23.08,0,0,2.81,28.57,4.01,61.67,7.9,48.31,1,2.54,0.2,18.27,1.61,0.94,25.96,72.94,8.77,67.18,4.88,93.15,8.3,72.58,2.54,44.74,20.05,32.8,0.05,0.74,0,0,0,0,0.4,2.81,69.05,2.61,41.03,0.2,33.33,0.33,0.87,5.55,60.24,0,,0,,0,0,0,0,,,0.2,,
Leo Jacó,Santa Clara,Atlético GO,CF,21,564,4,3.48,0,0.23,Brazil,3.83,3.83,45.83,6.38,40,0.48,0.67,0,1.6,2.22,2.71,2,0.32,0,0,1.91,0.64,4,0.64,0.55,2,0.32,11,1.76,45.45,36.364,0,0.8,0,2.07,53.85,8.62,33.33,2.23,0.64,0,6.38,2.23,2.23,10.05,76.19,1.91,83.33,3.03,84.21,3.03,52.63,0,0,12.74,0,0.04,0.32,0,0,0,0,0.16,0.64,75,1.12,14.29,0,0,0.48,0,1.28,75,0,,0,,0,0,0,0,,,0.16,,
Walace,Gil Vicente,Avaí,CF,21,609,3,0.87,0,0.02,Brazil,2.36,2.66,22.22,9.01,27.87,0.15,0.22,0,1.63,2.39,1.63,3,0.44,1,0.15,1.48,0.44,3,0.44,0.13,0,0,8,1.18,50,37.5,0,0.3,0,2.22,40,7.39,32,1.77,0.89,0,6.65,1.92,1.77,8.57,72.41,1.03,28.57,2.51,82.35,2.22,73.33,0.15,100,12.17,3.3,0,0.15,0.15,0,0,0,0,0.89,83.33,0.44,33.33,0,0,0.3,0.3,0.59,75,0,,0,,0,0,0,0,,,0,,
Márcio,Hapoel Ramat Gan,Ponte Preta,"LCB, CB",25,1261,0,0.05,1,0,Brazil,8.28,4.35,63.93,3.5,61.22,0.36,0.49,1.14,5.14,7.04,1.28,4,0.29,1,0.07,0.14,0,0,0,0,0,0,1,0.07,0,0,0.07,0,0,0.29,50,2,46.43,0.43,0.21,0.07,14.56,0.21,0.79,24.27,84.12,9.71,75,1.64,100,10.49,91.16,2.78,53.85,19.66,36.82,0,0,0,0,0,0,0,2.14,66.67,0.07,100,0,0,0.14,0,4.78,50.75,0,,0,,0,0,0,0,,,0.93,,
Lucas Rian,São Bernardo FC,São Bernardo FC,"RWF, RAMF, LAMF",26,677,2,1.33,1,0.84,Brazil,2.92,2.92,50,1.46,54.55,0,0,0.13,1.46,2.34,0.4,1,0.13,1,0.13,3.99,0.27,2,0.27,0.18,0,0,15,1.99,46.67,13.333,0.13,2.79,42.86,3.06,60.87,8.38,47.62,2.26,2.26,0.53,22.87,2.39,2.13,26.59,72,5.58,52.38,8.11,95.08,8.24,67.74,1.99,60,18.22,28.44,0.11,1.2,0,0,0,0,0.66,1.86,50,2.92,40.91,0,0,0.27,1.2,3.19,70.83,0,,0,,0,0,0,0,,,0.4,,
Jefferson Nem,Botafogo SP,Botafogo SP,"LAMF, AMF, LW",30,592,0,0.44,0,0.28,Brazil,4.1,2.89,52.63,3.19,33.33,0.15,0.26,0,2.43,4.1,0.76,1,0.15,0,0,2.74,0,0,0,0.07,0,0,10,1.52,10,0,0,2.13,35.71,3.65,50,8.82,39.66,3.65,1.67,0.3,20.83,1.82,1.52,29.65,85.13,6.39,80.95,6.84,91.11,10.49,85.51,0.91,100,17.07,6.5,0.04,0.3,0,0,0,0,0.3,2.58,94.12,1.82,58.33,0,0,0.61,0.76,3.65,79.17,0,,0,,0,0,0,0,,,0,,
Baianinho,Floresta EC,Ponte Preta,"RCMF, LWB, RWF",27,737,1,1.82,0,0.64,Brazil,4.64,6.72,38.18,3.79,9.68,0.37,0.56,0,1.71,2.63,3.42,3,0.37,1,0.12,2.69,0.12,1,0.12,0.22,0,0,10,1.22,40,10,0,1.83,13.33,3.66,53.33,9.77,52.5,2.44,2.44,0.12,12.21,1.95,2.93,14.29,70.94,3.91,71.88,3.05,84,4.4,66.67,0.85,85.71,15.64,10,0.08,0.49,0,0,0,0,0.49,0.73,83.33,1.83,26.67,0,0,0.49,0.24,1.1,77.78,0,,0,,0,0,0,0,,,0,,
Thayllon Roberth,Avaí,Avaí,"RAMF, RW, RWF",20,1916,3,3.33,3,2.89,Brazil,2.91,2.91,43.55,1.13,25,0,0,0.05,1.64,2.1,0.61,3,0.14,0,0,2.35,0.14,3,0.14,0.16,1,0.05,31,1.46,25.81,9.677,0.14,1.32,28.57,3.66,43.59,7.66,44.17,2.72,2.35,0.09,16.96,2.07,1.74,20.39,78.8,4.79,70.59,5.07,89.81,5.78,73.17,0.47,20,15.56,13.74,0.14,1.32,0.09,0.05,0.09,0,0.52,1.6,50,1.78,55.26,0.14,0,1.08,0.38,2.3,65.31,0,,0,,0,0,0,0,,,0,,
William,Avaí,Avaí,"LB, LWB, LW",20,567,0,0.36,0,0.64,Brazil,7.62,5.71,63.89,3.65,60.87,0.16,0.21,0,3.81,4.97,1.27,0,0,1,0.16,3.02,0,0,0,0.06,0,0,5,0.79,40,0,0,2.38,26.67,3.17,65,6.98,56.82,2.54,1.27,0.32,19.37,1.43,2.22,25.4,74.38,7.62,62.5,6.67,92.86,6.98,68.18,2.06,38.46,13.79,21.1,0.1,0.95,0,0,0,0,0.48,2.7,64.71,2.38,33.33,0.16,0,0.95,0.95,3.97,64,0,,0,,0,0,0,0,,,0.16,,
Jhonny,América Mineiro,América Mineiro,RB,24,834,0,0.07,0,0.43,Brazil,5.18,4.21,46.15,2.16,55,0,0,0.32,3.24,4.86,0.97,0,0,0,0,1.19,0,0,0,0.01,0,0,3,0.32,0,0,0,3.45,25,0.32,100,2.16,35,0.97,0.97,0.22,29.14,2.7,0.32,34.96,76.23,11.01,67.65,7.77,91.67,9.17,71.76,4.21,51.28,19.75,35.43,0.05,0.43,0,0,0,0,0.32,3.78,60,2.91,37.04,0.43,50,0.32,0.97,7.45,60.87,0,,0,,0,0,0,0,,,0.65,,
Diego Caito,Grêmio,Goiás,RB,22,682,0,0.45,2,1.22,Brazil,6.86,4.62,60,1.98,46.67,0.13,0.19,0.13,3.96,5.84,0.53,0,0,0,0,3.17,0,0,0,0.06,0,0,4,0.53,50,0,0.26,4.62,34.29,2.11,62.5,5.28,42.5,2.38,1.72,0.26,32.73,2.11,0.66,41.57,76.51,12.27,66.67,8.84,89.55,12.01,83.52,3.43,34.62,18.69,27.15,0.16,0.4,0.13,0.13,0,0,0.53,2.9,63.64,2.64,55,0.13,0,0.26,1.32,7.79,67.8,0,,0,,0,0,0,0,,,0.26,,
Patrick De Lucca,CRB,CRB,"DMF, RB, LDMF",26,968,0,1.43,2,0.26,Brazil,7.07,5.67,60.66,2.23,62.5,0.37,0.47,0.37,3.25,4.15,1.3,1,0.09,0,0,0.46,0,0,0,0.13,0,0,6,0.56,16.67,0,0.19,0.28,66.67,0.09,0,1.02,18.18,0.74,0.56,0,33.47,0.19,0.37,46.49,89,14.88,78.13,6.42,95.65,18.5,94.97,3.25,42.86,18.83,24.51,0.02,0.74,0.09,0,0.19,100,0.46,7.53,80.25,1.67,38.89,0.56,33.33,0.84,0.19,5.21,78.57,0,,0,,0,0,0,0,,,0.37,,
Ruan Carvalho,Criciúma,Criciúma,RCB,19,617,0,0.25,1,0.46,Brazil,9.48,7.88,48.15,4.23,41.38,0.15,0.22,0.88,5.54,8.38,2.33,2,0.29,0,0,0.88,0,0,0,0.04,0,0,3,0.44,0,0,0.15,1.02,42.86,0.58,75,1.9,53.85,0.88,0.44,0,25.96,0.44,0.15,38.07,83.91,22.03,74.83,1.6,90.91,10.36,98.59,5.54,50,19.76,28.12,0.07,0.44,0,0.15,0.15,0,0.29,5.54,68.42,1.02,57.14,0.29,50,0.29,0.44,9.34,79.69,0,,0,,0,0,0,0,,,1.17,,
Lucas Cunha,Ponte Preta,Ponte Preta,"CB, RCB, LCB",29,2106,0,0.72,0,0,Brazil,7.31,3.46,53.09,2.69,66.67,0,0,1.03,5.47,7.27,0.85,8,0.34,0,0,0.13,0,0,0,0.03,0,0,7,0.3,28.57,0,0,0.13,33.33,0,0,0.51,25,0.47,0.34,0,19.74,0.09,0.34,30.73,82.75,14.57,71.26,1.2,96.43,13.08,94.12,6.11,50.35,24.94,42.36,0,0,0,0,0,0,0,5.38,58.73,0.47,27.27,0.3,28.57,0.09,0.09,6.5,78.95,0,,0,,0,0,0,0,,,0.94,,
Kauã Rocha,Fortaleza,Fortaleza,"CB, LCB",19,503,0,0,0,0,Brazil,5.55,3.76,57.14,3.58,60,0.36,0.47,0.18,3.04,4.02,0.54,1,0.18,0,0,0,0,0,0,0,0,0,0,0,0,0,0,0,0,0,0,0.18,0,0,0.36,0,34.17,0.18,0,47.42,89.06,18.43,76.7,3.04,100,23.26,96.15,6.98,51.28,22.98,35.5,0,0,0,0,0,0,0.18,5.19,68.97,1.07,33.33,0.89,40,0.18,0,7.16,67.5,0,,0,,0,0,0,0,,,1.43,,
Zé Lucas,Cruzeiro,Sport Recife,"LDMF, RDMF, RCMF",18,1087,0,0.31,0,0.38,Brazil,6.95,5.55,55.22,1.82,36.36,0.08,0.13,0.33,3.81,6.05,1.16,4,0.33,0,0,0.75,0,0,0,0.03,0,0,3,0.25,33.33,0,0,0.58,71.43,0.99,25,4.89,54.24,0.5,0.25,0,18.55,0.33,2.07,28.07,81.71,9.44,69.3,3.39,97.56,9.85,88.24,2.57,67.74,16.68,28.76,0.03,0.5,0.08,0,0,0,0.08,3.73,75.56,1.08,53.85,0.17,0,0.58,0.33,4.8,65.52,0,,0,,0,0,0,0,,,0.17,,
Rafael Monteiro,Londrina,Londrina,LB,22,549,0,0.06,0,0.01,Brazil,9.84,7.87,68.75,0.98,83.33,0.33,0.47,0.49,4.1,5.86,0.98,2,0.33,0,0,1.15,0,0,0,0.01,0,0,2,0.33,0,0,0,3.11,15.79,0.82,80,4.26,34.62,0.66,0.66,0.16,25.25,1.64,0.82,33.93,69.57,12.13,58.11,5.57,85.29,11.15,75,3.28,25,18.36,27.9,0,0.16,0,0,0.16,0,0.16,4.1,52,2.95,22.22,0.49,0,0.16,0.49,5.08,41.94,0,,0,,0,0,0,0,,,0.16,,
Iago Teles,Júbilo Iwata,Londrina,"LW, LAMF, LWF",26,1103,2,2.4,3,1.42,Brazil,5.55,6.2,51.32,2.94,41.67,0.16,0.22,0.08,2.2,2.99,2.28,5,0.41,1,0.08,4.98,0.16,2,0.16,0.2,0,0,39,3.18,38.46,5.128,0.24,1.06,38.46,4,79.59,13.22,51.85,2.28,2.12,0.08,16.4,1.22,2.28,23.25,79.3,8.32,69.61,4.41,87.04,6.12,90.67,1.88,47.83,18.36,29.63,0.12,1.63,0.08,0,0.33,50,0.65,3.51,67.44,2.2,70.37,0.41,40,1.06,0.33,3.75,73.91,0,,0,,0,0,0,0,,,0,,
Yago Felipe,Chapecoense,Sport Recife,"AMF, RB, LCMF",31,821,0,0.98,0,0,Brazil,6.03,6.58,48.33,2.08,31.58,0.77,1.24,0.11,2.08,3.35,1.97,3,0.33,0,0,0.66,0,0,0,0.11,0,0,10,1.1,10,0,0,0.77,28.57,0.66,50,4.17,44.74,0.55,0.66,0,23.46,0.99,1.86,33.43,83.93,11.4,70.19,6.8,98.39,9.87,83.33,3.07,46.43,16.44,27.92,0,0,0,0,0.11,0,0,4.28,58.97,1.32,41.67,0.44,25,0.44,0.22,4.82,70.45,0,,0,,0,0,0,0,,,0.44,,
André Luiz,Viettel,Londrina,"DMF, LCMF, LDMF",31,1438,2,1.09,0,0.14,Brazil,9.01,3.38,59.26,3.19,54.9,0.06,0.08,0.69,6.95,8.81,1.06,2,0.13,0,0,0.5,0.13,2,0.13,0.07,1,0.06,12,0.75,41.67,16.667,0,0.06,100,0.25,50,1.94,58.06,0.63,0.13,0,22.28,0.13,0.81,34.3,86.5,11.33,74.03,3.19,94.12,15.77,93.25,2.94,61.7,19.81,34.36,0.01,0.5,0,0.06,0,0,0.06,4.57,73.97,0.31,60,0.06,100,0.13,0.06,5.57,66.29,0,,0,,0,0,0,0,,,0.5,,
Otávio,América Mineiro,América Mineiro,"LDMF, LCMF, RCMF",20,654,0,0.79,0,0.64,Brazil,6.47,6.61,37.5,0.41,0,0,0,1.1,3.99,5.58,2.34,3,0.41,0,0,0.96,0,0,0,0.11,0,0,15,2.06,13.33,0,0,0.83,16.67,0.96,57.14,3.99,72.41,0.41,0.41,0,32.89,0.28,1.93,41.15,87.29,11.28,73.17,4.27,93.55,20.64,93.33,3.03,77.27,18.49,30.04,0.09,0.83,0,0,0.14,0,0.14,6.33,76.09,0.96,28.57,0.28,50,0.14,0,3.99,86.21,0,,0,,0,0,0,0,,,0.41,,
Daniel Amorim,São Bernardo FC,São Bernardo FC,CF,37,881,2,2.18,1,0.06,Brazil,2.35,2.55,52,5.93,36.21,0,0,0,1.02,1.4,1.02,0,0,0,0,0.51,0.2,2,0.2,0.22,1,0.1,9,0.92,44.44,22.222,0.1,0.31,0,0.1,100,5.72,35.71,1.53,0.2,0,8.99,1.74,1.63,12.67,79.03,3.06,73.33,2.96,82.76,3.06,80,0.2,100,13.69,2.75,0.01,0.31,0,0,0,0,0.1,1.43,64.29,0.41,25,0,0,0.31,0,0.92,66.67,0,,0,,0,0,0,0,,,0,,
Paulinho Moccelin,Londrina,Londrina,"LW, AMF, CF",32,1117,2,1.61,2,1.75,Brazil,5.08,5.4,50.75,1.21,20,0,0,0.24,2.34,3.11,1.61,3,0.24,0,0,2.74,0.16,2,0.16,0.13,0,0,21,1.69,28.57,9.524,0.16,2.34,27.59,2.82,57.14,7.82,42.27,1.53,1.45,0.08,17.48,1.29,1.37,23.69,71.43,9.27,65.22,3.14,82.05,6.69,75.9,2.01,56,19.55,23.44,0.14,1.53,0.08,0,0.32,0,0.81,3.71,71.74,2.74,41.18,0.4,0,0.81,0.73,5,72.58,0,,0,,0,0,0,0,,,0.16,,
Pepê,Cuiabá,Cuiabá,"LCMF, RW, RWF",28,1568,1,0.65,3,2.3,Brazil,4.88,5.22,47.25,1.95,44.12,0.4,0.54,0.23,2.01,2.7,1.95,5,0.29,0,0,1.61,0.06,1,0.06,0.04,0,0,12,0.69,33.33,8.333,0.17,1.61,35.71,1.15,65,4.88,55.29,0.92,1.15,0.11,23.3,0.75,1.49,34.44,85.33,9.76,75.88,7.58,96.97,11.65,85.22,3.62,55.56,18.44,33.83,0.13,1.43,0,0,0.06,100,0.29,5.91,72.82,2.18,36.84,0.46,62.5,0.63,0.46,4.76,83.13,0,,0,,0,0,0,0,,,0.06,,
Giulio,Viborg,Ceará,"LAMF, CF, LW",21,662,1,2.43,2,1.06,Brazil,3.13,4.35,53.13,2.45,22.22,0,0,0,0.82,1.18,1.22,0,0,0,0,2.85,0.14,1,0.14,0.33,0,0,13,1.77,23.08,7.692,0.27,0.41,66.67,3.4,64,10.06,52.7,3.67,2.45,0.14,15.09,1.63,2.45,15.36,71.68,4.89,63.89,3.13,95.65,4.89,63.89,0.27,50,15.34,5.44,0.14,0.41,0,0,0,0,0.54,1.5,81.82,1.09,37.5,0,0,0.54,0.27,1.36,60,0,,0,,0,0,0,0,,,0,,
Pedro Romano,Kawasaki Frontale,Vila Nova,"RCB, LCB",25,466,0,0.37,0,0.06,Brazil,8.11,5.79,50,2.32,66.67,0.39,0.61,0,4.83,7.58,1.93,4,0.77,2,0.39,0.77,0,0,0,0.07,0,0,5,0.97,20,0,0,0.19,0,1.16,50,2.51,46.15,0.97,2.9,0,30.13,0,0.39,45.58,83.9,20.28,70.48,2.9,93.33,17.19,95.51,5.6,55.17,20.32,36.66,0.01,0.39,0,0,0,0,0,9.08,72.34,0.58,0,0.58,0,0,0,10.24,77.36,0,,0,,0,0,0,0,,,1.74,,
Murilo,Ponte Preta,Ponte Preta,"RCMF, LCMF",27,886,0,0.31,0,0.17,Brazil,7.01,7.01,50.72,0.81,62.5,0.51,0.66,0.1,2.95,3.8,1.42,1,0.1,0,0,1.22,0,0,0,0.03,0,0,12,1.22,8.33,0,0,1.63,43.75,1.02,40,3.86,39.47,0.2,0.91,0.1,29.76,0.61,0.51,43.27,80.52,14.02,68.84,7.82,90.91,13.61,86.57,2.95,48.28,17.45,31.26,0.02,0.3,0,0,0,0,0.2,6.09,53.33,2.54,52,0.2,50,0.71,0.71,7.11,74.29,0,,0,,0,0,0,0,,,0,,
André Lima,Ponte Preta,Ponte Preta,"RCMF, LCMF, DMF",26,1834,0,0.88,0,0.07,Brazil,6.04,4.86,49.49,0.93,57.89,0,0,0.15,3.63,4.83,1.28,7,0.34,0,0,0.74,0,0,0,0.04,0,0,15,0.74,6.67,0,0,0.2,25,0.74,80,3.63,58.11,0.39,0.59,0.05,24.14,0.15,1.13,36.36,85.43,14.38,73.38,4.17,98.82,12.56,92.58,4.07,57.83,18.83,34.06,0,0.05,0,0,0.05,100,0.1,6.53,75.94,0.83,23.53,0.2,50,0.1,0.05,6.04,83.74,0,,0,,0,0,0,0,,,0.49,,
Pedro,Athletic Club,Athletic Club,"RCMF, LCMF, RWF",28,421,1,0.29,0,0.04,Brazil,4.28,3.42,43.75,1.28,33.33,0,0,0,2.78,3.42,1.5,0,0,0,0,2.14,0.21,1,0.21,0.06,0,0,5,1.07,60,20,0,0.86,75,1.92,44.44,6.84,56.25,0.86,1.28,0,8.98,1.07,3.21,14.75,73.91,4.92,56.52,3.63,88.24,3.63,76.47,1.5,57.14,16.81,14.65,0.01,0.21,0,0,0,0,0,2.99,42.86,1.28,50,0,0,0.43,0.43,2.14,80,0,,0,,0,0,0,0,,,0,,
Tavinho,Grêmio Novorizontino,Grêmio Novorizontino,"RW, RAMF, LW",22,760,2,1.24,0,1.31,Brazil,4.74,5.57,40.43,2.25,21.05,0.24,0.38,0,2.25,3.65,1.89,2,0.24,0,0,2.84,0.24,2,0.24,0.15,0,0,14,1.66,42.86,14.286,0,1.78,20,3.32,53.57,8.76,48.65,2.13,2.72,0.47,21.2,1.3,1.89,25.7,81.57,6.51,74.55,6.51,98.18,8.88,82.67,1.66,50,18.66,21.33,0.16,1.42,0.12,0,0,0,0.95,2.01,58.82,2.61,50,0.12,0,1.18,0.36,4.03,85.29,0,,0,,0,0,0,0,,,0,,
Breno,Vila Nova,Vila Nova,LCB,24,640,1,1.11,0,0,Brazil,10.97,5.91,61.9,4.22,76.67,0.28,0.47,0.42,7.03,11.72,0.7,1,0.14,0,0,0.42,0.14,1,0.14,0.16,0,0,3,0.42,66.67,33.333,0,0.14,0,0.14,100,0.98,42.86,0.7,0.56,0,29.67,0.14,0.56,43.03,81.7,17.02,60.33,1.97,100,19.69,96.43,7.31,48.08,23.83,38.02,0,0.14,0,0,0,0,0,6.75,39.58,1.13,0,0.28,0,0.14,0,5.77,56.1,0,,0,,0,0,0,0,,,1.41,,
Julio Cesar,América Mineiro U20,América Mineiro,"RAMF, RW, AMF",20,577,0,0.5,0,1.21,Brazil,5.93,4.68,53.33,1.56,10,0.16,0.22,0.16,3.28,4.63,0.94,0,0,0,0,2.96,0,0,0,0.08,0,0,12,1.87,41.67,0,0,1.56,30,2.34,73.33,8.58,41.82,1.72,2.03,0.16,22.77,0.94,1.72,28.54,83.61,4.68,73.33,7.95,94.12,9.51,85.25,1.25,62.5,16.34,20.79,0.19,1.09,0,0,0,0,0.47,2.03,69.23,2.5,25,0,0,0.31,0.78,2.96,63.16,0,,0,,0,0,0,0,,,0.16,,
M. Segovia,América Mineiro,América Mineiro,"RW, RCMF",23,1564,3,2.75,3,3.73,Paraguay,4.6,3.8,56.06,0.35,33.33,0.17,0.25,0,2.3,3.3,0.58,3,0.17,0,0,3.05,0.17,3,0.17,0.16,0,0,33,1.9,42.42,9.091,0.17,2.13,35.14,2.7,55.32,5.93,44.66,1.84,2.24,0.23,31.88,2.47,1.15,39.48,82.65,10.19,71.75,9.21,91.88,13.58,84.75,2.7,68.09,18.47,37.78,0.21,1.96,0,0,0.06,0,0.58,4.43,68.83,3.05,54.72,0.06,0,1.21,0.92,6.16,81.31,0,,0,,0,0,0,0,,,0.17,,
Paulo Sérgio,Náutico,Náutico,CF,37,425,1,1.92,1,0.66,Brazil,1.91,2.96,50,2.12,40,0,0,0,0.42,0.86,1.48,1,0.21,0,0,1.06,0.21,1,0.21,0.41,0,0,13,2.75,23.08,7.692,0.21,0.64,66.67,0.64,0,6.78,21.88,4.87,0.42,0,11.86,0.64,1.27,16.94,80,2.12,70,6.56,90.32,3.81,77.78,0.42,50,12.43,9.3,0.14,0.64,0,0,0,0,0.42,0.85,75,0.42,50,0,0,0.21,0.42,1.69,50,0,,0,,0,0,0,0,,,0,,
Pedro Henrique,Botafogo SP,Botafogo SP,"RB, RWB",19,1166,0,0.87,1,1.1,Brazil,8.49,8.64,52.68,1.47,42.11,0.08,0.12,0.15,3.86,6,2.16,2,0.15,0,0,1.78,0,0,0,0.07,0,0,6,0.46,33.33,0,0.08,2.39,41.94,0.93,66.67,2.62,44.12,1,0.85,0.15,22.77,1.47,0.39,31.88,79.18,13.12,69.41,5.17,98.51,8.8,82.46,3.86,40,18.38,34.9,0.09,0.62,0,0,0,0,0.46,5.17,68.66,2.16,57.14,0,0,0.23,1,5.71,79.73,0,,0,,0,0,0,0,,,0.85,,
Yuri Felipe,Botafogo SP,Botafogo SP,"RCMF, DMF, RB",20,549,0,0.01,0,0,Brazil,6.23,5.57,44.12,1.31,50,0.16,0.21,0.33,3.61,4.62,1.8,3,0.49,1,0.16,0.49,0,0,0,0,0,0,3,0.49,0,0,0,0.66,25,0.33,100,1.48,44.44,0,0.16,0.16,17.38,0.16,0,29.18,87.64,9.18,75,3.77,95.65,11.15,92.65,1.8,27.27,19.32,23.49,0,0,0.16,0,0,0,0,2.62,68.75,1.64,50,0,0,0.49,0.16,4.43,70.37,0,,0,,0,0,0,0,,,0.66,,
Vilar,Botafogo SP,Botafogo SP,"LCB, RCB",26,3008,3,4.53,0,0.73,Brazil,7.48,4.04,57.04,4.88,66.26,0,0,0.72,5.18,7.49,0.96,4,0.12,0,0,0.33,0.09,3,0.09,0.14,2,0.06,22,0.66,40.91,13.636,0,0.12,50,0.06,0,0.33,36.36,1.02,0.36,0,26.81,0.27,0.3,40.78,86.72,14.48,73.35,2.45,93.9,21.21,94.64,4.97,43.98,23.42,41.97,0.02,0.12,0.03,0,0,0,0.09,3.92,60.31,0.45,33.33,0.21,14.29,0.15,0.06,5.71,61.78,0,,0,,0,0,0,0,,,1.83,,
Ryan Lima,Vila Nova,Vila Nova,RAMF,25,1518,4,2.67,2,1.94,Brazil,3.85,3.85,46.15,1.72,31.03,0.06,0.1,0,2.02,3.36,1.07,3,0.18,0,0,3.91,0.24,4,0.24,0.16,1,0.06,47,2.79,31.91,8.511,0.12,1.48,44,4.57,49.35,10.02,43.79,1.13,2.31,0.18,18.14,1.36,1.9,22.11,78.55,5.57,63.83,5.75,93.81,7.94,82.09,1.48,56,17.49,25.12,0.12,0.95,0,0,0.18,66.67,0.42,2.85,66.67,2.08,60,0.24,50,0.71,0.83,3.74,73.02,0,,0,,0,0,0,0,,,0.18,,
Wesley Pinheiro,Botafogo SP,Botafogo SP,"LAMF, LWF",26,989,2,0.92,1,0.81,Brazil,6.19,5.55,62.3,2.28,48,0.09,0.14,0,2.64,3.94,1.37,2,0.18,0,0,4.37,0.18,2,0.18,0.08,0,0,20,1.82,30,10,0.09,2.64,44.83,5.19,50.88,10.37,42.11,2.18,1.55,0.55,14.65,0.82,0.55,21.84,80,3.64,57.5,6.46,91.55,7.46,82.93,1.55,82.35,17.76,20.64,0.07,0.91,0,0,0,0,0.46,1.73,73.68,2.73,53.33,0,0,0.46,1.09,3.46,73.68,0,,0,,0,0,0,0,,,0.18,,
A. De Freitas,Sport Recife,Sport Recife,RB,18,1404,1,0.69,2,1.4,Brazil,6.67,6.09,52.63,1.22,26.32,0.19,0.31,0.19,3.27,5.35,0.83,5,0.32,0,0,1.92,0.06,1,0.06,0.04,0,0,6,0.38,66.67,16.667,0.13,2.69,33.33,1.35,57.14,3.72,46.55,1.15,0.9,0.13,27.88,1.92,0.45,35.83,79.61,13.78,73.95,5.9,95.65,8.59,78.36,2.69,50,17.49,31.03,0.09,0.83,0,0,0.06,0,0.64,4.36,67.65,2.82,45.45,0.38,50,0.71,0.9,5.9,78.26,0,,0,,0,0,0,0,,,0.77,,
Kayky Almeida,Sport Recife,Sport Recife,LCB,21,817,0,0.14,0,0.07,Brazil,7.27,2.53,47.83,2.53,60.87,0,0,1.43,6.06,8.87,0.77,1,0.11,0,0,0.44,0,0,0,0.01,0,0,3,0.33,33.33,0,0,0.55,20,0.22,100,0.44,50,0.33,0.55,0.33,44.72,1.21,0.11,60.37,87.04,25.45,77.49,2.97,96.3,28.09,95.29,7.27,39.39,26.78,46.23,0.01,0.11,0.11,0,0,0,0,9.14,62.65,1.1,30,0.11,0,0.33,0.11,8.92,69.14,0,,0,,0,0,0,0,,,2.09,,
Lyncon,CRB,CRB,LCB,21,1317,0,1.9,0,0,Brazil,8.47,3.69,62.96,3.96,58.62,0,0,0.62,6.15,7.99,0.75,0,0,0,0,0.55,0,0,0,0.13,0,0,11,0.75,27.27,0,0,0,0,0.48,71.43,1.71,52,0.82,1.03,0.07,39.02,0.55,0.62,52.14,91.61,15.17,82.43,3.69,98.15,28.15,96.36,1.98,44.83,20.3,32.15,0,0,0,0,0,0,0,2.87,76.19,0.14,0,0,0,0,0,3.55,48.08,0,,0,,0,0,0,0,,,2.8,,
Edson Lucas,Sport Recife,Sport Recife,LB,26,764,0,0.2,1,0.34,Brazil,7.66,4.95,52.38,1.65,50,0,0,0.35,5.07,8.11,1.06,2,0.24,0,0,2.71,0,0,0,0.02,0,0,7,0.82,57.14,0,0.12,2.83,45.83,1.65,57.14,4.71,57.5,1.3,2.36,0.24,36.16,1.77,1.06,46.65,79.29,18.26,69.03,7.66,93.85,14.02,83.19,3.89,30.3,14.17,28.12,0.04,0.71,0.12,0,0,0,0.71,5.77,67.35,3.18,37.04,0.47,50,0.59,1.41,9.66,58.54,0,,0,,0,0,0,0,,,0.71,,
Diego Hernández,Sport Recife,Sport Recife,"AMF, RAMF",26,937,3,1.68,1,1.72,Uruguay,5.09,5.57,65.52,1.15,16.67,0,0,0,1.44,2.2,1.15,0,0,0,0,2.69,0.29,3,0.29,0.16,0,0,33,3.17,18.18,9.091,0.1,1.34,35.71,2.31,70.83,6.92,58.33,1.15,1.25,0.19,26.99,1.15,1.54,33.14,80.29,10.28,71.03,7.88,93.9,10.28,81.31,3.07,62.5,18.7,40.2,0.17,1.54,0,0.1,0,0,0.38,5.19,70.37,2.11,50,0,0,0.77,0.38,4.71,79.59,0,,0,,0,0,0,0,,,0.29,,
Marcelo Ajul,Sport Recife,Sport Recife,"RCB, LCB, RB",24,1779,1,1.6,0,0.39,Brazil,8.45,3.59,54.93,3.44,64.71,0.25,0.36,1.06,6.22,8.93,0.71,2,0.1,1,0.05,0.61,0.05,1,0.05,0.08,0,0,8,0.4,12.5,12.5,0,0.3,66.67,0.76,46.67,2.28,35.56,0.76,0.96,0.05,34.15,0.35,0.25,47.66,89.07,18.72,78.92,3.24,98.44,21.45,96.23,2.78,49.09,20.29,33.49,0.02,0.2,0.05,0.05,0,0,0.15,3.09,65.57,0.51,50,0.05,0,0.1,0.25,5.67,60.71,0,,0,,0,0,0,0,,,1.77,,
Chrystian Barletta,Sport Recife,Sport Recife,"RAMF, RW",25,2392,11,8.88,3,5.01,Brazil,3.95,3.69,56.12,0.94,24,0.11,0.18,0.04,1.77,2.81,0.87,6,0.23,0,0,4.4,0.41,4,0.15,0.33,0,0,59,2.22,37.29,18.644,0.11,2.41,37.5,4.21,61.61,11.74,47.12,2.41,3.31,0.71,23.1,1.66,2.14,27.39,75,7.6,64.36,6.4,92.35,6.55,74.71,1.32,45.71,17.2,23.61,0.19,1.32,0.04,0.04,0.15,50,0.64,2.67,67.61,2.71,44.44,0.34,33.33,0.94,0.9,4.18,72.07,0,,0,,0,0,0,0,,,0.11,,
Habraão,Sport Recife,Sport Recife,"LCB, RCB",25,587,0,0.78,0,0,Brazil,6.44,2.76,66.67,5.21,67.65,0.15,0.28,0.31,4.45,8.21,0.61,1,0.15,0,0,0.15,0,0,0,0.12,0,0,5,0.77,20,0,0,0,0,0,0,0.46,66.67,0.61,0.15,0,34.8,0.46,0.46,45.69,93.29,12.88,77.38,0.31,100,28.21,99.46,2.76,38.89,21.29,43.17,0,0.15,0.15,0,0,0,0,3.07,55,0.61,0,0,0,0.15,0,4.14,66.67,0,,0,,0,0,0,0,,,0.31,,
C. de Pena,Sport Recife,Sport Recife,"AMF, LAMF, LW",34,956,2,1.95,2,2.83,Uruguay,4.42,3.11,48.48,1.6,70.59,0.56,0.86,0.09,2.35,3.59,0.66,4,0.38,0,0,2.17,0.19,2,0.19,0.18,1,0.09,26,2.45,38.46,7.692,0.19,2.17,39.13,0.47,80,3.58,42.11,2.07,1.13,0.09,27.4,0.94,1.04,34.93,78.17,11.01,68.38,7.15,89.47,10.36,78.18,4.42,55.32,19.03,33.36,0.27,1.98,0.09,0,0.09,0,0.56,5.46,79.31,2.54,44.44,0.09,0,0.56,0.85,7.44,69.62,0,,0,,0,0,0,0,,,0.38,,
Danielzinho,CRB,CRB,"LCMF, AMF",30,2177,3,4.05,4,2.37,Brazil,3.18,2.52,59.02,0.5,41.67,0.04,0.06,0.08,1.65,2.33,0.37,7,0.29,0,0,1.61,0.12,3,0.12,0.17,0,0,39,1.61,25.64,7.692,0.17,1.12,44.44,0.87,66.67,4.42,45.79,1.86,1.98,0.17,34.19,0.45,1.28,42.29,84.75,13.85,73.43,7.57,95.63,13.81,89.82,2.23,48.15,16.39,35.42,0.1,1.41,0,0.08,0.17,75,0.62,7.69,76.34,3.02,56.16,0.37,33.33,1.45,0.5,6.04,88.36,0,,0,,0,0,0,0,,,0.21,,
Dadá Belmonte,CRB,CRB,"LW, LWF, LAMF",29,2663,5,6.96,5,7.68,Brazil,4.93,4.39,57.69,1.22,33.33,0.3,0.41,0.17,2.1,2.8,0.91,3,0.1,0,0,5.04,0.17,5,0.17,0.24,0,0,84,2.84,34.52,5.952,0.17,2.87,40,4.53,61.94,11.25,52.25,2.64,2.74,0.07,21.36,1.62,2.77,24.5,78.9,4.77,68.09,6.76,96.5,8.82,72.8,2.2,56.92,18.32,40.4,0.26,1.93,0.07,0.03,0.1,100,0.98,2.03,66.67,3.31,48.98,0.44,46.15,0.98,1.18,4.02,84.87,0,,0,,0,0,0,0,,,0.03,,
Benevenuto,Sport Recife,Sport Recife,RCB,30,2141,1,1.38,0,0.24,Brazil,7.82,3.32,67.09,2.9,68.12,0.21,0.34,0.8,5.38,8.67,0.42,3,0.13,0,0,0.34,0.04,1,0.04,0.06,1,0.04,11,0.46,18.18,9.091,0,0.04,100,0.25,83.33,1.09,57.69,0.84,0.5,0.04,30.1,0.34,0.46,42.08,91.01,13.07,78.14,2.27,96.3,22.62,97.4,4.04,53.13,18.87,32.02,0.01,0.13,0.04,0,0,0,0.04,3.83,73.63,0.21,0,0.21,40,0.08,0,5.42,66.67,0,,0,,0,0,0,0,,,1.56,,
Vinícius Barata,CRB,CRB,"RW, RAMF, RWF",27,457,0,1.37,0,1.01,Brazil,3.54,4.73,33.33,1.97,10,0,0,0,1.97,3,0.39,1,0.2,0,0,7.09,0,0,0,0.27,0,0,12,2.36,50,0,0,3.35,47.06,5.71,75.86,12.41,49.21,3.54,3.15,0,25.4,2.56,0.79,33.28,89.35,6.89,85.71,8.27,97.62,9.26,82.98,0.39,100,13.64,4.91,0.2,2.17,0,0,0,0,1.18,2.36,83.33,4.33,68.18,0,0,1.97,1.77,4.92,92,0,,0,,0,0,0,0,,,0,,
Nathan,Juventude,Juventude,"RB, RWB",25,763,0,0.1,1,1.12,Brazil,6.25,5.66,70.83,1.89,62.5,0.35,0.57,0,1.89,3.04,1.06,1,0.12,0,0,3.89,0,0,0,0.01,0,0,2,0.24,0,0,0.12,3.3,35.71,4.72,57.5,11.68,39.39,1.77,3.18,0.12,24.89,2.6,0.47,34.09,77.85,7.67,60,10.38,94.32,8.73,71.62,2.24,52.63,17.82,37.35,0.13,1.18,0,0,0,0,0.83,2.71,69.57,3.54,43.33,0.35,66.67,1.06,0.94,5.43,56.52,0,,0,,0,0,0,0,,,0.83,,
Reidiney,Grêmio Novorizontino U20,Grêmio Novorizontino,"RAMF, RW",19,1360,1,0.92,2,2.74,Brazil,8.74,6.95,52.38,3.57,51.85,0.26,0.36,0.26,4.83,6.48,1.79,2,0.13,0,0,3.44,0.07,1,0.07,0.06,0,0,19,1.26,36.84,5.263,0.13,4.04,29.51,2.45,72.97,6.35,52.08,2.05,1.13,0.07,19.32,2.51,1.26,28.72,69.35,9.07,62.77,6.68,91.09,8.4,63.78,2.58,51.28,18.45,38.79,0.18,1.06,0.07,0,0.07,0,0.93,3.31,62,4.1,35.48,0.13,0,1.06,1.26,5.36,76.54,0,,0,,0,0,0,0,,,0.2,,
Maykon,Grêmio Novorizontino,Grêmio Novorizontino,LB,20,2108,0,0.97,1,1.52,Brazil,6.83,5.98,53.57,3.07,58.33,0.17,0.24,0.17,3.46,4.91,0.9,2,0.09,0,0,2.18,0,0,0,0.04,0,0,19,0.81,36.84,0,0.04,3.97,29.03,1.02,66.67,3.12,52.05,1.45,1.11,0.13,24.08,1.88,1.11,31.08,70.19,10.63,60.64,6.02,93.62,9.78,74.67,3.16,54.05,21.02,31.78,0.06,0.68,0.09,0,0.04,100,0.43,3.16,63.51,3.29,35.06,0.13,66.67,0.26,1.02,6.11,63.64,0,,0,,0,0,0,0,,,0.34,,
Yago,Al Feiha,América Mineiro,"LCMF, RCMF",20,1008,0,0.28,0,0.71,Brazil,6.43,6.16,46.38,2.05,39.13,0.36,0.55,0.54,3.21,4.91,2.23,1,0.09,0,0,1.43,0,0,0,0.02,0,0,5,0.45,0,0,0,1.25,21.43,1.79,60,8.66,54.64,0.71,1.7,0.27,25.98,0.71,2.86,33.21,84.14,9.73,73.39,6.96,92.31,10.63,89.08,1.7,47.37,18.24,27.41,0.06,0.54,0,0,0.09,100,0.45,4.02,77.78,1.52,58.82,0.09,100,0.63,0.36,4.46,80,0,,0,,0,0,0,0,,,0.36,,
Diego Galo,Grêmio Novorizontino,Grêmio Novorizontino,"LAMF, LW, LB",21,694,1,1.28,2,1.58,Brazil,5.32,3.76,58.62,2.33,44.44,0.26,0.36,0,2.85,4,0.91,2,0.26,0,0,3.5,0.13,1,0.13,0.17,0,0,16,2.07,37.5,6.25,0.26,3.76,27.59,3.11,54.17,7.39,40.35,1.17,1.56,0,20.23,1.3,1.43,26.59,75.61,5.84,55.56,6.22,97.92,9.08,75.71,1.04,25,21.53,14.03,0.2,1.3,0,0,0,0,0.65,2.59,65,3.24,36,0.26,0,0.52,0.91,3.5,81.48,0,,0,,0,0,0,0,,,0,,
Rafael Barcelos,América Mineiro,América Mineiro,"LCB, RCB",22,1894,0,1.65,0,0.01,Brazil,6.41,3.66,57.14,3.99,65.48,0.38,0.58,0.95,3.94,6,1.28,6,0.29,0,0,0.33,0,0,0,0.08,0,0,12,0.57,33.33,0,0,0.05,100,0.1,100,1.09,43.48,0.67,0.57,0,37.25,0.62,0.48,51.18,93.69,17.77,86.1,2.61,98.18,27.47,98.27,3.18,52.24,20.67,35.91,0,0.1,0,0,0,0,0,5.46,83.48,0.19,25,0,0,0,0,6.51,78.83,0,,0,,0,0,0,0,,,1.85,,
Felipe Amaral,América Mineiro,América Mineiro,"DMF, RCMF, LCMF",23,1689,1,1.13,1,0.47,Brazil,6.29,4.9,54.35,2.5,51.06,0.27,0.41,0.43,3.36,5.15,1.12,3,0.16,0,0,1.12,0.05,1,0.05,0.06,1,0.05,23,1.23,26.09,4.348,0.05,0.75,42.86,0.59,81.82,2.61,55.1,0.91,0.43,0.11,24.19,0.37,0.64,34.58,82.59,9.8,69.57,4.64,90.8,14.87,89.25,4.58,68.6,19.45,36.4,0.03,0.48,0,0,0.05,0,0.21,5.01,74.47,1.28,58.33,0.21,25,0.64,0.32,4.96,66.67,0,,0,,0,0,0,0,,,0.48,,
Fábio,América Mineiro,América Mineiro,RB,25,650,0,0.09,0,0.73,Brazil,7.75,3.6,65.38,1.25,44.44,0,0,0.55,5.4,6.88,0.97,0,0,0,0,1.8,0,0,0,0.01,0,0,5,0.69,40,0,0,2.77,25,0.97,71.43,4.02,48.28,0.69,0.97,0.28,29.35,2.49,1.38,37.66,73.16,12.05,56.32,6.92,100,12.6,74.73,4.15,36.67,21.18,42.62,0.1,0.97,0,0,0.14,100,0.83,4.57,36.36,3.46,36,0.14,100,0.69,0.83,7.34,58.49,0,,0,,0,0,0,0,,,0.55,,
Rômulo,Grêmio Novorizontino,Grêmio Novorizontino,"AMF, CF",24,2644,10,11.34,8,11.22,Brazil,3.54,3.03,53.93,2.04,31.67,0.03,0.05,0.07,1.87,2.54,0.65,2,0.07,0,0,2.62,0.34,6,0.2,0.39,1,0.03,61,2.08,44.26,16.393,0.27,2.52,35.14,1.4,53.66,5.04,42.57,2.21,1.97,0.24,21.72,1.91,1.5,27.71,72.73,8,60.85,5.14,91.39,9.94,79.45,1.97,60.34,18.71,33.88,0.38,2.35,0.14,0.1,0.24,28.57,1.06,3.91,68.7,3.4,54,0.34,40,1.33,0.99,5.17,77.63,0,,0,,0,0,0,0,,,0,,
Patrick,Grêmio Novorizontino,Grêmio Novorizontino,LCB,27,2662,1,2.43,2,0.56,Brazil,7.54,4.29,63.78,4.26,68.25,0.17,0.24,0.74,4.63,6.49,1.39,7,0.24,0,0,0.37,0.03,1,0.03,0.08,0,0,16,0.54,31.25,6.25,0.07,0.47,28.57,0.24,28.57,1.93,43.86,0.74,0.98,0.03,31.81,0.27,0.68,45.98,84.85,19.34,73.43,1.86,92.73,21.27,94.75,5.68,43.45,21.62,37.25,0.02,0.2,0.03,0.03,0,0,0.1,7.95,71.91,0.74,22.73,0.3,22.22,0.2,0.1,8.93,71.97,0,,0,,0,0,0,0,,,1.05,,
Juninho,Grêmio Novorizontino,Grêmio Novorizontino,"LDMF, CF, AMF",25,1247,4,3.28,3,1.85,Brazil,4.98,4.91,64.71,1.3,27.78,0.07,0.11,0.22,1.73,2.69,1.01,5,0.36,0,0,3.9,0.29,4,0.29,0.24,0,0,40,2.89,35,10,0.22,1.52,42.86,3.03,66.67,9.74,45.93,2.17,2.89,0.43,27.93,0.51,1.66,34.86,86.54,7.36,72.55,6.78,94.68,16.82,92.27,1.66,69.57,19.88,23,0.13,0.87,0.14,0.07,0.29,75,0.58,4.19,82.76,2.02,64.29,0.36,60,1.08,0.58,3.83,75.47,0,,0,,0,0,0,0,,,0.36,,
Carlão,Grêmio Novorizontino,Grêmio Novorizontino,CF,34,691,4,3.15,0,0.43,Brazil,4.95,4.69,50,7.95,29.51,0,0,0,2.6,4.58,1.3,1,0.13,0,0,1.43,0.52,4,0.52,0.41,3,0.39,18,2.34,44.44,22.222,0,0.78,16.67,0.78,33.33,4.3,45.45,4.43,0.26,0,10.29,0.78,1.82,14.72,74.34,3.91,66.67,4.04,90.32,3.91,80,0.39,100,13.72,3.17,0.06,0.39,0,0,0,0,0.39,1.04,75,0.91,57.14,0.13,100,0.78,0.13,1.3,60,0,,0,,0,0,0,0,,,0,,
Gustavo,América Mineiro,América Mineiro,GK,33,2180,0,0,0,0,Brazil,1.07,0.04,100,0.08,50,0,0,0,1.03,1.54,0,5,0.21,0,0,0,0,0,0,0,0,0,0,0,0,0,0,0,0,0,0,0.08,50,0,0,0,13.33,0.37,0.08,22,87.99,10.11,78.78,0.04,100,10.9,96.59,6.56,67.3,30.81,50.33,0,0,0,0,0,0,0,2.23,46.3,0.04,0,0.04,0,0,0,5.12,77.42,36,1.49,115,4.75,3,68.7,30.29,1.25,-5.71,-0.236,0.04,0.91,0.08
Gabriel Bahia,Grêmio Novorizontino,Grêmio Novorizontino,RCB,27,1649,0,2.85,0,0.39,Brazil,7.8,3.82,68.57,3.44,77.78,0.16,0.22,1.04,5.02,6.75,0.6,2,0.11,0,0,0.33,0,0,0,0.16,0,0,13,0.71,15.38,0,0,0.22,75,0.05,100,0.44,50,1.09,0.22,0.05,33.51,0.65,0.33,49.61,88.67,15.28,71.79,1.96,97.22,29.09,98.12,6.44,50.85,24.13,43.21,0.02,0.27,0.05,0,0,0,0.11,5.79,63.21,0.49,33.33,0,0,0.16,0.16,6.88,76.19,0,,0,,0,0,0,0,,,1.53,,
Hélder Maciel,São Bernardo FC,São Bernardo FC,"RCB, LCB",36,1555,1,0.66,1,0.69,Brazil,6.89,3.41,62.71,3.82,74.24,0.12,0.15,0.46,4.63,6.09,0.87,7,0.41,0,0,0.52,0.06,1,0.06,0.04,1,0.06,4,0.23,50,25,0.06,0.29,80,0.23,75,2.08,69.44,0.58,0.69,0.06,32.01,1.45,1.33,46.48,90.41,16.96,78.84,2.26,97.44,22.63,97.7,3.59,54.84,19.91,34.81,0.04,0.17,0,0,0,0,0.12,3.59,66.13,0.58,40,0,0,0.12,0.17,6.48,68.75,0,,0,,0,0,0,0,,,1.45,,
Júlio,Ponte Preta,Ponte Preta,"RWB, RB, RW",19,1230,0,0.39,0,0.92,Brazil,9.8,7.32,50,2.27,51.61,0.66,0.85,0.59,5.49,7.08,1.68,4,0.29,1,0.07,2.78,0,0,0,0.03,0,0,5,0.37,60,0,0,1.61,50,2.93,60,6.44,53.41,0.51,1.68,0.15,14.34,1.68,1.17,22.24,71.38,10.54,64.58,3.07,80.95,5.12,71.43,2.56,51.43,17.46,24.23,0.07,0.44,0.07,0,0,0,0.22,3.51,60.42,1.98,44.44,0.29,75,0.22,1.1,5.41,66.22,0,,0,,0,0,0,0,,,0.37,,
Miguel,Ponte Preta,Ponte Preta,"LW, LAMF, AMF",21,717,1,1.26,0,0.02,Brazil,4.9,3.89,45.16,2.89,26.09,0.5,0.7,0.13,2.64,3.68,1,3,0.38,0,0,2.01,0.13,1,0.13,0.16,1,0.13,15,1.88,20,6.667,0,0.63,0,2.38,68.42,8.16,40,1.51,1.38,0.25,11.05,1,1.76,16.32,81.54,4.27,64.71,3.89,93.55,4.9,89.74,0.75,66.67,15.51,9.76,0,0.13,0,0,0,0,0,0.88,100,0.38,0,0,0,0,0,2.89,47.83,0,,0,,0,0,0,0,,,0,,
Gustavo Telles,Ponte Preta,Ponte Preta,"LDMF, RCMF, DMF",21,439,0,0.08,0,1.03,Brazil,4.72,3.9,47.37,2.26,54.55,0,0,0,2.87,3.18,1.44,0,0,0,0,1.03,0,0,0,0.02,0,0,4,0.82,0,0,0,0.82,25,1.23,66.67,5.74,57.14,0.21,0,0,15.79,0.41,2.67,22.55,76.36,5.95,48.28,4.1,90,8.61,83.33,2.26,36.36,16.37,19.59,0.21,1.03,0,0,0,0,0.21,2.26,36.36,1.64,25,0,0,0.21,0.21,2.46,50,0,,0,,0,0,0,0,,,0.21,,
Sergio Palacios,Ponte Preta,Ponte Preta,"RCB, RB",21,1451,0,0.26,0,0.52,Colombia,9.18,6.39,58.25,2.36,60.53,0.12,0.16,0.43,5.33,6.81,1.8,7,0.43,2,0.12,0.56,0,0,0,0.02,0,0,4,0.25,25,0,0,0.37,33.33,0.43,85.71,2.36,73.68,0.37,0.5,0.06,14.89,0.25,1.49,23.82,73.7,11.78,60,0.93,93.33,8.31,88.06,4.78,42.86,21.04,40.93,0.03,0.06,0,0,0,0,0.06,3.23,51.92,0.62,20,0.12,50,0.06,0.12,5.89,53.68,0,,0,,0,0,0,0,,,0.5,,
Juan Rodrigues,Ponte Preta,Ponte Preta,"RCMF, RWB, RDMF",20,620,0,0.68,0,0.33,Brazil,6.39,6.39,43.18,2.03,35.71,0.44,0.52,0.29,3.19,3.79,1.31,3,0.44,0,0,1.89,0,0,0,0.1,0,0,5,0.73,60,0,0,1.31,44.44,0.73,100,4.21,51.72,0.44,0.29,0.15,12.48,1.31,1.45,19.45,71.64,6.39,52.27,3.77,92.31,6.1,80.95,1.74,50,16.82,22.34,0.05,0.44,0.15,0,0.15,100,0.15,2.9,50,1.45,40,0.15,100,0.29,0.44,3.48,58.33,0,,0,,0,0,0,0,,,0,,
Gustavo Almeida,Ponte Preta,Ponte Preta,"LCB, RB",20,771,0,0.11,0,0,Brazil,9.46,6.3,46.3,3.62,45.16,0.35,0.41,0.58,6.19,7.33,1.17,1,0.12,0,0,0.12,0,0,0,0.01,0,0,1,0.12,0,0,0,0.12,100,0.12,0,1.63,64.29,0.23,0.12,0.12,16.69,0.47,0.82,26.03,71.3,14.94,59.38,2.22,84.21,5.37,89.13,3.74,25,18.05,32.2,0,0,0,0,0.12,0,0,3.62,51.61,0.47,25,0.12,0,0,0.12,5.84,50,0,,0,,0,0,0,0,,,0.12,,
Diego Leão,Ponte Preta,Ponte Preta,"CB, RCB, LCB",21,1117,0,0.09,0,0,Brazil,7.98,3.38,52.38,3.14,76.92,0.16,0.19,0.97,6.04,7.03,0.64,1,0.08,0,0,0,0,0,0,0.01,0,0,1,0.08,0,0,0,0,0,0,0,0.32,50,0.16,0,0,13.7,0.16,0.4,24.09,82.61,8.38,64.42,1.69,95.24,11.12,94.93,2.82,57.14,19.2,31.01,0,0,0,0,0,0,0,1.61,55,0.16,50,0,0,0.08,0,4.27,41.51,0,,0,,0,0,0,0,,,0.73,,
Brandão,Ponte Preta,Ponte Preta,CF,22,1401,4,4.19,1,1.03,Brazil,2.89,2.44,42.11,7.39,22.61,0,0,0.13,1.86,2.42,1.86,1,0.06,1,0.06,0.9,0.26,4,0.26,0.27,0,0,22,1.41,36.36,18.182,0.06,0.32,20,0.45,71.43,6.04,40.43,2.25,0.45,0.06,6.23,1.35,1.86,10.73,73.05,1.73,51.85,3.85,90,2.06,68.75,0.06,100,11.39,1.09,0.07,0.51,0,0,0,0,0.26,0.9,71.43,0.32,40,0,0,0.26,0.06,1.16,50,0,,0,,0,0,0,0,,,0,,
Vinicius Ferrari,Ponte Preta,Ponte Preta,GK,23,1304,0,0,0,0,Brazil,0.55,0,0,0.14,50,0,0,0.07,0.55,0.67,0,1,0.07,0,0,0,0,0,0,0,0,0,0,0,0,0,0,0,0,0,0,0.14,100,0,0,0,3.8,0,0.21,12.42,63.89,8.9,51.16,0,0,2.97,95.35,6.97,41.58,39.81,53.61,0,0,0,0,0,0,0,3.24,34.04,0.35,0,0,0,0,0,4.56,62.12,31,2.14,93,6.42,1,66.67,29.24,2.02,-1.76,-0.121,0,2.69,0.14
Guilherme Viana,Ponte Preta,Ponte Preta,GK,23,409,0,0,0,0,Brazil,0.66,0,0,0,0,0,0,0,0.66,0.93,0,0,0,0,0,0,0,0,0,0,0,0,0,0,0,0,0,0,0,0.22,0,0.22,0,0,0,0,5.06,0,0,7.7,77.14,4.4,65,0,0,2.86,92.31,3.08,42.86,32.92,45.55,0,0,0,0,0,0,0,1.1,20,0,0,0,0,0,0,1.98,77.78,8,1.76,21,4.62,0,61.9,5.33,1.17,-2.67,-0.588,0,0.66,0
Diego Porfírio,Ponte Preta,Ponte Preta,"LWB, LB, LW",27,1060,0,0.52,0,0.28,Brazil,7.73,6.03,56.34,1.02,58.33,0,0,0.34,4.33,6.02,0.85,2,0.17,0,0,1.78,0,0,0,0.04,0,0,6,0.51,33.33,0,0,1.53,33.33,1.87,59.09,5.6,46.97,0.85,1.78,0.17,16.39,1.27,0.76,23.26,76.28,10.61,73.6,3.14,91.89,5.86,78.26,3.06,55.56,18.97,32.87,0.02,0.51,0,0,0,0,0.25,3.65,86.05,1.53,44.44,0.08,100,0.42,0.51,6.28,74.32,0,,0,,0,0,0,0,,,0.08,,
Rodrigo Souza,Ponte Preta,Ponte Preta,"DMF, RCMF, LCMF",38,479,0,0.78,0,0.04,Brazil,11.27,6.39,70.59,3.57,57.89,0,0,0.94,6.76,7.77,1.32,1,0.19,0,0,0,0,0,0,0.15,0,0,3,0.56,0,0,0,0.19,0,0,0,2.07,63.64,0.75,0.38,0,14.28,0.38,0.75,23.67,80.16,7.33,66.67,2.82,80,9.02,93.75,2.44,46.15,17.78,21.24,0.01,0.19,0,0,0,0,0.19,3.38,66.67,0.56,33.33,0.19,0,0,0,3.38,61.11,0,,0,,0,0,0,0,,,0,,
Wadson,Juventude,Juventude,"LB, LWB, LW",26,584,1,0.7,1,0.62,Brazil,9.4,7.4,58.33,2.47,68.75,0.46,0.74,0,4.62,7.38,1.23,2,0.31,0,0,3.24,0.15,1,0.15,0.11,0,0,6,0.92,83.33,16.667,0.15,3.39,36.36,2.16,57.14,5.86,44.74,1.54,2.47,0.92,25.27,2.77,2.16,35.75,76.72,13.56,71.59,5.86,94.74,9.09,74.58,4.32,39.29,21.23,22.51,0.1,0.77,0,0,0,0,0.62,4.01,61.54,2.93,42.11,0,0,0.46,1.54,8.63,69.64,0,,0,,0,0,0,0,,,0.46,,
Raí,Juventude,Juventude,"RCMF, RW",24,2476,5,2.43,3,3.18,Brazil,5.53,4.62,52.76,0.84,43.48,0.55,0.77,0.18,2.54,3.61,1.24,3,0.11,0,0,2.04,0.18,5,0.18,0.09,0,0,48,1.74,35.42,10.417,0.11,1.38,28.95,1.24,76.47,7.45,62.93,0.76,0.84,0.07,24.79,0.58,2.58,33.7,84.68,9.56,76.05,6,95.76,12.87,85.31,3.49,68.75,19.24,38.78,0.12,1.16,0.07,0.04,0.11,66.67,0.15,5.16,77.46,1.96,50,0.22,50,0.58,0.51,6.11,77.38,0,,0,,0,0,0,0,,,0.33,,
Marcos Paulo,Juventude,Juventude,LCB,23,2557,2,2.88,2,1.16,Brazil,7.92,6.58,60.43,3.41,67.01,0.32,0.45,0.56,3.63,5.2,1.48,9,0.32,0,0,0.84,0.07,2,0.07,0.1,0,0,20,0.7,20,10,0.07,1.09,35.48,0.56,56.25,2.18,58.06,1.23,1.13,0.11,32.03,1.09,0.84,46.25,83.49,20.66,74.96,4.86,94.93,16.09,91.03,5.77,53.05,21.75,42.65,0.04,0.35,0,0,0,0,0.35,7.71,68.04,1.72,36.73,0.28,37.5,0.32,0.46,9.29,73.86,0,,0,,0,0,0,0,,,2.04,,
Luan Gonçalves,Juventude,Juventude,"LCMF, RCMF",26,1405,0,0.63,2,1.42,Brazil,6.21,6.34,52.53,1.47,52.17,0.19,0.29,0.7,2.69,4.12,2.5,5,0.32,0,0,0.9,0,0,0,0.04,0,0,13,0.83,15.38,0,0.13,0.58,44.44,0.64,50,3.72,50,0.58,0.58,0.13,26.52,0.13,1.54,36.58,83.54,12.81,71.5,5.12,97.5,13.39,90.91,4.55,56.34,21.17,36.32,0.09,0.64,0,0,0.19,100,0.45,6.98,73.39,2.31,58.33,0.32,80,1.28,0.19,7.05,78.18,0,,0,,0,0,0,0,,,0.77,,
Mandaca,Juventude,Juventude,"LCMF, LWF, RCMF",25,1112,2,3.26,2,0.86,Brazil,8.17,6.47,56.25,2.02,72,0.32,0.46,0.73,4.21,6.02,2.43,5,0.4,0,0,1.78,0.16,1,0.08,0.26,0,0,21,1.7,23.81,9.524,0.16,0.65,37.5,2.02,52,7.45,41.3,2.35,1.94,0.81,23.79,1.21,1.62,30.92,78.8,9.79,63.64,4.86,91.67,10.44,87.6,2.83,54.29,18.45,28.87,0.07,0.81,0.08,0.08,0.32,25,0.32,4.61,70.18,2.27,46.43,0.81,40,0.89,0.16,5.42,71.64,0,,0,,0,0,0,0,,,0.16,,
Gabriel Pinheiro,Juventude,Juventude,"RCB, LCB, CB",29,1502,1,0.37,0,0.58,Brazil,9.17,5.03,57.14,3.24,66.67,0,0,0.66,6.29,8.73,1.38,5,0.3,0,0,0.3,0.06,1,0.06,0.02,1,0.06,4,0.24,50,25,0,0.18,33.33,0.12,100,1.56,57.69,0.42,0.54,0.06,23.19,0.48,0.72,34.51,86.63,13.24,75.57,2.64,95.45,16.12,94.05,6.11,64.71,21.63,34.26,0.03,0.12,0,0,0,0,0.06,3.24,64.81,0.54,33.33,0.18,100,0.12,0.06,6.59,62.73,0,,0,,0,0,0,0,,,1.26,,
M. Castro,Juventude,Juventude,"LW, RW, AMF",31,815,0,0.32,1,1.01,Uruguay,3.2,3.64,45.45,3.2,27.59,0.33,0.46,0,1.21,1.7,1.44,1,0.11,0,0,1.88,0,0,0,0.04,0,0,6,0.66,33.33,0,0.11,2.1,36.84,1.44,53.85,4.2,47.37,1.33,1.33,0.22,16.23,1.44,1.21,20.98,77.37,4.75,58.14,5.41,95.92,7.18,75.38,1.55,50,17.69,16.36,0.11,0.66,0,0.11,0.22,50,0.33,1.99,72.22,2.32,33.33,0.44,50,0.11,0.66,4.2,63.16,0,,0,,0,0,0,0,,,0,,
Lucas Mineiro,Juventude,Juventude,"LCMF, RCMF",30,1694,0,0.25,0,0.37,Brazil,7.76,6.38,49.17,2.39,60,0.32,0.45,0.53,4.3,6.11,2.02,7,0.37,0,0,0.53,0,0,0,0.01,0,0,6,0.32,0,0,0,0.21,25,0.69,61.54,4.14,56.41,0.43,0.27,0,23.8,0.11,1.43,33.47,87.14,9.56,74.44,5.15,96.91,14.13,93.61,2.55,62.5,18.68,34.93,0.02,0.27,0,0,0.05,100,0.11,4.99,73.4,0.53,20,0.11,50,0.11,0.05,4.68,63.64,0,,0,,0,0,0,0,,,0.64,,
Vinicius Peixoto,Cuiabá,Cuiabá,"CF, AMF",22,934,4,4.36,0,0.33,Brazil,2.79,2.89,46.67,6.84,23.94,0,0,0,1.45,1.95,1.93,1,0.1,0,0,2.12,0.39,4,0.39,0.42,2,0.19,34,3.28,38.24,11.765,0,1.16,0,1.54,56.25,6.84,36.62,3.85,0.77,0.29,10.5,1.35,1.83,10.89,69.03,2.89,60,2.02,85.71,3.37,57.14,0.67,42.86,16.16,6.67,0.03,0.58,0,0,0.19,0,0.39,1.35,71.43,1.83,15.79,0.39,25,0.67,0,1.54,81.25,0,,0,,0,0,0,0,,,0.1,,
Kauan Cristtyan,Cuiabá,Cuiabá,"AMF, CF",20,1566,6,4.52,3,1.45,Brazil,4.66,4.71,45.12,3.91,27.94,0.11,0.17,0.17,2.41,3.52,1.44,1,0.06,0,0,2.53,0.34,6,0.34,0.26,1,0.06,28,1.61,39.29,21.429,0.17,2.64,30.43,2.47,41.86,8.28,36.81,3.45,1.03,0.23,14.31,2.36,1.26,18.16,70.89,3.74,56.92,5.52,95.83,5,58.62,0.86,40,16.55,12.81,0.08,0.63,0.06,0,0.06,100,0.4,1.09,57.89,2.07,44.44,0.06,100,0.46,0.69,2.47,67.44,0,,0,,0,0,0,0,,,0.11,,
Lorenzo,Cuiabá,Cuiabá,"LWB, LB",19,1288,1,1.88,0,1,Brazil,7.55,6.08,66.67,2.24,53.13,0,0,0.28,3.49,4.41,0.63,1,0.07,0,0,2.93,0.07,1,0.07,0.13,1,0.07,11,0.77,27.27,9.091,0,2.93,26.19,2.59,75.68,6.36,52.75,1.12,2.17,0.07,23.2,2.24,0.63,30.33,77.42,9.99,66.43,7.69,94.55,6.64,71.58,2.31,45.45,16.88,36.14,0.07,0.77,0.07,0.07,0,0,0.49,2.52,63.89,2.03,31.03,0,0,0.21,0.63,4.4,61.9,0,,0,,0,0,0,0,,,0.14,,
David,Cuiabá,Cuiabá,"LCMF, RCMF, AMF",19,1869,0,1.64,0,0.38,Brazil,5.54,6.26,49.23,3.32,49.28,0.14,0.19,0.34,2.31,3.06,2.46,10,0.48,0,0,0.82,0,0,0,0.08,0,0,31,1.49,22.58,0,0,0.67,7.14,0.77,50,5.83,42.15,1.3,0.63,0,19.17,0.29,1.78,27.59,78.36,7.56,56.69,5.97,95.97,8.67,83.89,2.79,43.1,18.32,37.17,0.02,0.39,0.05,0.05,0.05,100,0.1,3.95,59.76,1.44,36.67,0.14,66.67,0.43,0.05,3.52,65.75,0,,0,,0,0,0,0,,,0.19,,
Luisão,Cuiabá,Cuiabá,"RCB, CB, LCB",21,641,0,0.75,0,0,Brazil,8.56,6.32,55.56,4.21,56.67,0.42,0.58,0.56,4.63,6.35,1.83,1,0.14,0,0,0.42,0,0,0,0.11,0,0,5,0.7,40,0,0,0.28,50,0,0,0.7,60,0.56,0.14,0.14,31.31,0.42,0.42,41.14,89.08,16.57,79.66,2.53,100,19.8,95.04,5.34,65.79,20.53,35.31,0,0,0,0,0,0,0,5.2,64.86,0.7,40,0,0,0.14,0.14,6.74,72.92,0,,0,,0,0,0,0,,,0.56,,
Calebe Costa,Cuiabá,Cuiabá,"CB, RCMF",23,2617,2,1.6,0,1.13,Brazil,6.05,3.68,54.21,2.1,55.74,0.1,0.13,0.38,3.95,5.16,1.1,4,0.14,0,0,0.93,0.07,2,0.07,0.06,0,0,25,0.86,36,8,0,0.48,35.71,0.65,68.42,2.37,55.07,0.65,0.96,0.14,32.02,0.38,0.83,44.5,88.95,12.55,72.88,4.61,99.25,22.11,95.8,4.99,60.69,19.97,37.66,0.04,0.34,0,0,0.07,0,0.17,5.16,70,0.89,46.15,0.14,0,0.24,0.17,5.74,69.46,0,,0,,0,0,0,0,,,1.03,,
Bruninho,Athletic Club,Athletic Club,"RWF, RW, RAMF",23,716,2,2.53,0,0.53,Brazil,6.16,6.91,52.73,2.89,13.04,0.13,0.2,0.38,2.39,3.73,2.39,4,0.5,0,0,4.15,0.25,2,0.25,0.32,0,0,18,2.26,33.33,11.111,0,2.64,9.52,4.9,64.1,14.58,44.83,2.64,2.14,0.5,15.08,1.76,3.14,21.24,76.92,3.9,74.19,6.66,90.57,6.54,69.23,1.13,33.33,17.16,20.97,0.07,1.01,0,0,0,0,0.25,1.38,81.82,2.14,23.53,0,0,0.63,0.13,2.01,81.25,0,,0,,0,0,0,0,,,0.13,,
Eliel,Cuiabá,Cuiabá,"AMF, RWF, CF",23,663,0,1.45,4,1.73,Brazil,4.21,2.31,47.06,4.89,13.89,0.14,0.16,0.14,2.99,3.57,0.81,0,0,0,0,1.9,0,0,0,0.2,0,0,12,1.63,25,0,0.54,1.76,61.54,0.68,40,4.62,35.29,2.17,1.22,0.14,8.28,2.04,1.22,9.1,70.15,1.36,50,1.63,100,4.21,64.52,0.41,100,16.98,7.79,0.24,0.68,0,0,0.14,100,0.81,0.95,42.86,1.63,58.33,0.14,100,0.27,0.81,1.76,76.92,0,,0,,0,0,0,0,,,0,,
Weverson,Cuiabá,Cuiabá,"LB, RWF, RW",23,673,0,0.21,1,0.8,Brazil,7.62,4.55,67.65,5.35,45,0.4,0.56,0.13,4.15,5.74,0.53,2,0.27,0,0,2.94,0,0,0,0.03,0,0,6,0.8,33.33,0,0.13,3.74,32.14,1.6,91.67,5.48,43.9,1.87,1.2,0.4,19.39,1.07,0.53,31.43,63.4,12.7,58.95,3.48,88.46,9.9,66.22,4.55,47.06,21.76,29.53,0.11,1.34,0.13,0,0,0,0.53,6.42,50,4.68,31.43,0.67,40,0.53,1.2,7.49,71.43,0,,0,,0,0,0,0,,,0.27,,
Diogo Batista,Athletic Club,Athletic Club,"RB, RWB",23,1806,1,0.51,2,0.6,Brazil,7.72,8.12,63.8,1.59,28.13,0.3,0.37,0.3,2.24,2.81,1.5,7,0.35,1,0.05,1.74,0.05,1,0.05,0.03,0,0,19,0.95,21.05,5.263,0.1,2.69,33.33,1.05,61.9,4.68,48.94,0.45,0.8,0,25.07,1,1.74,31.84,74.49,12.86,60.08,4.58,96.74,9.87,79.8,5.43,42.2,22.88,39.85,0.03,0.45,0,0,0.05,0,0.3,5.03,52.48,2.79,41.07,0.4,50,0.35,0.9,7.03,71.63,0,,0,,0,0,0,0,,,0.95,,
Eric,Cuiabá,Cuiabá,"LCB, LWB, LB",26,753,1,0.58,0,0.37,Brazil,6.57,5.74,50,4.9,48.78,0.6,0.91,0.36,3.11,4.76,2.39,4,0.48,0,0,1.91,0.12,1,0.12,0.07,0,0,3,0.36,66.67,33.333,0,2.27,36.84,0.96,87.5,2.87,45.83,1.31,0.96,0.12,30.6,0.84,0.72,40.76,81.82,16.85,76.6,4.3,100,13.63,84.21,4.54,50,18.92,29.87,0.04,0.72,0.24,0,0,0,0.36,4.9,65.85,2.39,35,0.12,100,0.24,0.72,7.89,80.3,0,,0,,0,0,0,0,,,1.08,,
Jhonatan Silva,Athletic Club,Athletic Club,"RCB, CB",27,2525,0,0.54,0,0.43,Brazil,7.13,2.82,56.96,3.39,64.21,0.29,0.37,0.46,5.24,6.74,0.96,5,0.18,1,0.04,0.18,0,0,0,0.02,0,0,12,0.43,25,0,0,0.11,33.33,0.07,50,1.14,50,0.46,0.46,0.04,28.41,0.43,0.61,40.31,90.01,12.8,76.32,2.85,95,20,97.15,5.13,59.72,21.8,44.65,0.02,0.11,0,0.04,0,0,0.11,3.96,61.26,0.57,37.5,0.29,50,0.18,0.04,5.81,68.71,0,,0,,0,0,0,0,,,2,,
Luiz Otávio,Cuiabá,Cuiabá,"LCMF, RCMF",29,447,0,0.12,0,0.55,Brazil,5.84,4.83,58.33,2.01,0,0.2,0.3,0.2,2.82,4.2,2.21,1,0.2,0,0,1.41,0,0,0,0.02,0,0,6,1.21,0,0,0,1.41,71.43,0.6,66.67,3.22,50,0.4,0.2,0,34.63,0,1.81,44.7,88.29,7.45,59.46,5.64,92.86,25.17,95.2,4.63,56.52,23.07,35.37,0.11,0.81,0,0,0,0,0.2,7.85,76.92,2.01,30,0.6,0,0,1.01,4.23,71.43,0,,0,,0,0,0,0,,,0.2,,
Thiaguinho,Criciúma,Criciúma,"LCMF, RCMF",20,566,0,0.15,0,0.13,Brazil,7.31,5.09,59.38,0.95,66.67,1.43,2.29,0,2.86,4.58,0.95,2,0.32,0,0,0.48,0,0,0,0.02,0,0,3,0.48,0,0,0,0.8,0,0.95,50,4.13,38.46,0.48,0.48,0.16,24.96,0.32,1.11,36.25,84.21,10.02,71.43,5.25,96.97,14.47,93.41,2.39,46.67,21.5,16.73,0.02,0.64,0,0,0,0,0.16,4.45,71.43,1.27,25,0,0,0.64,0.32,4.93,54.84,0,,0,,0,0,0,0,,,0.16,,
Diego Gonçalves,Criciúma,Criciúma,"AMF, LWF, CF",32,902,2,2.87,0,0.45,Brazil,5.19,4.29,44.19,4.69,51.06,0.1,0.14,0.2,3.19,4.47,2.2,3,0.3,0,0,4.19,0.2,2,0.2,0.29,1,0.1,20,2,45,10,0,2.99,33.33,3.99,57.5,8.48,44.71,4.09,1.7,0.1,19.76,2.39,1.2,24.75,70.56,6.19,59.68,5.69,87.72,8.88,71.91,2,40,18.98,23.97,0.05,0.5,0,0,0,0,0.2,2,45,3.59,58.33,0.1,100,1.1,1.1,3.89,71.79,0,,0,,0,0,0,0,,,0,,
J. Miritello,Fortaleza,Fortaleza,CF,27,1795,5,7.69,1,0.74,Argentina,1,1.4,25,5.01,31,0,0,0,0.65,0.88,1.4,2,0.1,2,0.1,1.2,0.25,5,0.25,0.39,2,0.1,40,2.01,52.5,12.5,0.05,0.15,66.67,0.15,33.33,5.21,30.77,3.16,0.1,0,8.97,1.15,1.25,12.13,85.12,1.05,66.67,4.86,89.69,3.31,87.88,0.2,100,12.78,7.43,0.04,0.6,0.05,0,0,0,0.25,0.75,66.67,0.2,75,0,0,0.45,0.1,0.45,77.78,0,,0,,0,0,0,0,,,0,,
Rodrigo Santos,Fortaleza,Fortaleza,"LCMF, RDMF",26,1535,1,2,0,0.43,Brazil,7.92,6.63,52.21,3.4,62.07,0.47,0.63,0.41,3.99,5.33,2.17,3,0.18,0,0,0.76,0.06,1,0.06,0.12,0,0,22,1.29,13.64,4.545,0,0.23,0,1.06,50,5.39,47.83,1.11,0.94,0.06,29.73,0.53,1.82,40.22,86.44,12.9,74.55,5.51,92.55,16.18,94.57,2.23,50,18.03,21.03,0.03,0.47,0,0.06,0.06,100,0.35,6.39,75.23,1.17,50,0.12,50,0.47,0.06,5.75,70.41,0,,0,,0,0,0,0,,,0.18,,
Patryck,Juventude,Juventude,LWB,23,609,1,0.57,0,0.46,Brazil,4.43,3.99,37.04,2.07,64.29,0.3,0.49,0.15,2.66,4.39,1.18,1,0.15,0,0,2.81,0.15,1,0.15,0.08,0,0,11,1.63,36.36,9.091,0,3.69,32,1.48,70,3.84,53.85,1.18,1.03,0,19.95,2.22,1.18,26.16,66.1,7.54,60.78,5.32,91.67,9.31,55.56,1.48,40,19.62,22.06,0.07,0.74,0,0.15,0,0,0.44,2.51,52.94,3.69,32,0,0,0.3,1.18,3.99,74.07,0,,0,,0,0,0,0,,,0.74,,
Rodriguinho,Fortaleza,Fortaleza,"LCMF, RWB, AMF",23,1693,0,1.1,0,1.25,Brazil,6.33,6.38,52.5,1.81,35.29,0,0,0.21,2.98,4.14,1.75,5,0.27,1,0.05,2.07,0,0,0,0.06,0,0,19,1.01,15.79,0,0,2.76,26.92,1.86,60,6.65,46.4,0.9,1.97,0.16,32.48,1.33,1.49,41.57,80.95,12.23,69.57,6.75,96.85,15.2,81.47,3.14,49.15,18.2,36.07,0.07,0.96,0,0.05,0.05,100,0.37,5.26,71.72,3.61,38.24,0.16,33.33,0.53,1.06,6.01,73.45,0,,0,,0,0,0,0,,,0.05,,
Maílton,Fortaleza,Fortaleza,"RB, RWB",28,2243,7,4.09,1,5.54,Brazil,6.62,4.33,52.78,1.4,25.71,0.28,0.38,0.12,4.05,5.48,1,4,0.16,1,0.04,4.41,0.28,3,0.12,0.16,0,0,49,1.97,36.73,14.286,0.04,4.57,23.68,3.89,67.01,7.02,61.14,1.24,1.6,0.36,32.3,2.33,1.4,41.09,71.68,14.85,62.97,7.9,93.4,12.28,70.59,5.1,40.16,21.78,44.65,0.22,1.89,0.12,0,0,0,0.76,5.98,56.38,4.9,36.07,0.24,33.33,0.8,1.08,9.15,71.93,0,,0,,0,0,0,0,,,0.44,,
Lucas Crispim,Fortaleza,Fortaleza,"LCMF, AMF, RB",32,453,0,0.51,0,0.52,Brazil,5.76,4.37,50,1.79,77.78,0.6,0.91,0,2.98,4.55,1.59,1,0.2,0,0,1.39,0,0,0,0.1,0,0,8,1.59,50,0,0,0.99,20,1.19,33.33,4.97,44,1.79,1.19,0.2,32.98,1.59,1.79,39.14,90.36,8.74,84.09,7.95,97.5,15.89,88.75,2.19,54.55,16.33,27.89,0.1,0.79,0,0,0,0,0,6.75,85.29,0.99,20,0,0,0,0.2,3.38,82.35,0,,0,,0,0,0,0,,,0.2,,
Kaio Henrique,Fortaleza,Fortaleza,LB,20,541,0,0,0,0,Brazil,3.16,3.49,33.33,2.66,37.5,0,0,0.17,2,2.77,1.16,0,0,0,0,0.67,0,0,0,0,0,0,0,0,0,0,0,1.66,30,0.33,50,4.33,50,0,1,0,31.61,1,2.33,36.93,86.94,11.81,83.1,10.31,98.39,9.82,81.36,1.66,50,16.14,37.14,0,0,0,0,0,0,0,2.99,94.44,1.16,28.57,0,0,0,0.33,4.33,69.23,0,,0,,0,0,0,0,,,0,,
Ryan,Fortaleza,Fortaleza,"LCMF, DMF, RCMF",23,839,1,0.28,0,0,Brazil,8.26,7.83,57.53,0.43,75,0.32,0.41,0.43,3.43,4.38,2.04,3,0.32,0,0,0.75,0.11,1,0.11,0.03,0,0,5,0.54,40,20,0,0.32,0,0.86,62.5,4.72,56.82,0.97,0.43,0,30.14,0.11,1.61,40.01,92.23,10.62,84.85,6.22,98.28,15.88,95.95,1.61,73.33,15.37,10.82,0,0,0,0,0,0,0,5.9,85.45,0.54,60,0,0,0.11,0.11,5.36,80,0,,0,,0,0,0,0,,,0,,
Maurício,Fortaleza,Fortaleza,"LB, LWB, RB",25,1754,0,0.66,2,1.12,Brazil,6.47,5.54,59.26,1.85,50,0.1,0.13,0.15,3.08,4.02,1.33,4,0.21,0,0,2.36,0,0,0,0.03,0,0,14,0.72,7.14,0,0.1,1.9,45.95,1.95,71.05,6.67,53.08,0.77,1.64,0.1,26.78,1.49,1.18,37.05,82.96,13.34,73.85,6.82,97.74,11.44,83.41,2.77,42.59,18.21,25.21,0.06,0.67,0,0.05,0.05,100,0.36,4.57,70.79,2.57,58,0.15,66.67,0.51,0.82,7.29,75.35,0,,0,,0,0,0,0,,,0.21,,
Ronald,Fortaleza,Fortaleza,"CB, LDMF, RCMF",23,599,1,0.95,0,0,Brazil,5.41,4.21,75,4.06,55.56,0,0,0.45,2.25,3.21,0.9,0,0,0,0,0.3,0.15,1,0.15,0.14,1,0.15,7,1.05,28.57,14.286,0,0,0,0,0,0.6,50,1.2,0.3,0.15,28.7,0.45,0,38.46,92.19,10.82,81.94,3.31,100,20.88,97.12,2.85,57.89,17.34,26.72,0,0,0,0,0,0,0,3.61,91.67,0.15,100,0,0,0,0,5.11,70.59,0,,0,,0,0,0,0,,,0,,
André Dhominique,Londrina,Londrina,RB,22,435,0,0,0,0.08,Brazil,6,4.76,30.43,2.9,71.43,0.21,0.28,0,4.34,5.78,1.24,1,0.21,1,0.21,2.28,0,0,0,0,0,0,0,0,0,0,0,2.69,30.77,1.66,87.5,4.14,75,0.83,1.24,0,26.07,1.45,2.07,33.52,79.01,11.59,71.43,4.76,91.3,10.55,78.43,1.66,75,18.71,26.79,0.02,0.41,0,0.21,0.21,0,0.41,3.52,70.59,2.07,30,0.21,0,0.21,0.83,5.79,67.86,0,,0,,0,0,0,0,,,0,,
Vitinho,Fortaleza,Fortaleza,"RWF, AMF, RAMF",25,1688,6,2.81,0,1.36,Brazil,3.84,4.37,45.12,1.07,20,0.11,0.14,0,1.76,2.28,1.39,3,0.16,0,0,2.03,0.32,6,0.32,0.15,0,0,35,1.87,51.43,17.143,0,0.85,37.5,1.07,65,5.49,40.78,2.03,2.08,0.16,23.14,1.76,1.01,27.09,84.84,6.45,63.64,6.82,96.88,8.64,88.89,1.39,50,16.62,26.86,0.07,0.96,0,0,0.05,100,0.43,2.51,76.6,1.71,43.75,0.21,50,0.8,0.32,2.77,86.54,0,,0,,0,0,0,0,,,0.21,,
Lucas Gazal,Fortaleza,Fortaleza,"RCB, LCB",27,2737,0,1.02,1,0.22,Brazil,5.66,3.16,48.96,4.21,71.09,0.16,0.22,0.56,3.95,5.33,1.12,8,0.26,0,0,0.03,0,0,0,0.03,0,0,15,0.49,0,0,0.03,0.16,20,0.03,0,0.33,50,0.72,0.3,0,37.52,0.36,0.26,49.69,91.53,17.89,82.35,1.87,96.49,26.4,97.38,4.77,57.93,23.19,44.91,0.01,0.16,0.03,0,0,0,0.03,6.15,77.54,0.56,29.41,0.1,33.33,0.16,0.03,7.86,75.31,0,,0,,0,0,0,0,,,1.28,,
Luiz Fernando,Fortaleza,Fortaleza,"LWF, AMF, CF",29,2179,3,5.09,2,1.68,Brazil,3.3,2.07,46,1.98,35.42,0,0,0.21,2.35,3.23,0.78,6,0.25,0,0,2.35,0.12,2,0.08,0.21,0,0,53,2.19,32.08,5.66,0.08,1.16,46.43,1.94,57.45,4.87,48.31,3.22,1.32,0.29,16.89,1.78,0.99,20.2,82.41,3.26,70.89,5.74,90.65,6.24,82.12,1.16,60.71,15.71,24.64,0.07,0.83,0.04,0.04,0,0,0.45,1.24,63.33,1.61,51.28,0.04,100,0.62,0.5,2.15,73.08,0,,0,,0,0,0,0,,,0.08,,
João Vitor,Avaí,Avaí,"RB, RWB",24,640,0,0.14,1,0.37,Brazil,7.87,4.92,54.29,2.53,44.44,0,0,0.56,5.2,5.9,1.27,1,0.14,0,0,1.69,0,0,0,0.02,0,0,4,0.56,25,0,0.14,2.67,26.32,1.13,75,4.36,67.74,1.27,1.83,0.14,26.86,1.69,1.83,33.61,76.99,12.23,75.86,5.77,92.68,9.7,71.01,2.53,44.44,18.71,37,0.05,0.84,0,0,0,0,0.42,3.38,79.17,2.95,28.57,0,0,0.7,0.7,5.77,63.41,0,,0,,0,0,0,0,,,0.7,,
DG,Avaí,Avaí,"LB, LWB",25,2187,1,1.55,1,0.98,Brazil,10.74,8.52,55.56,3.13,67.11,0.49,0.64,0.37,5.51,7.12,1.77,12,0.49,0,0,2.18,0.04,1,0.04,0.06,0,0,17,0.7,47.06,5.882,0.04,2.63,20.31,2.35,56.14,6.05,50.34,1.44,1.36,0.12,24.57,1.44,2.1,33.42,70.94,16.05,65.38,3.54,90.7,9.09,72.4,4.36,44.34,19.04,36.02,0.04,0.49,0,0,0,0,0.21,5.39,64.89,2.63,25,0.12,66.67,0.29,0.58,8.02,65.13,0,,0,,0,0,0,0,,,0.12,,
Felipe Vieira,Athletic Club,Athletic Club,LCB,21,436,0,0.25,0,0.24,Brazil,9.7,6.4,64.52,3.92,78.95,0.62,0.8,0.21,4.95,6.37,1.03,1,0.21,0,0,0.21,0,0,0,0.05,0,0,2,0.41,0,0,0,0.41,50,0,0,1.24,50,1.03,0.41,0.21,25.6,0.41,1.03,38.39,77.96,15.69,59.21,2.27,90.91,16.31,93.67,5.37,26.92,23.2,29.26,0.05,0.21,0,0,0,0,0,2.27,54.55,0.62,66.67,0,0,0.41,0.21,7.64,43.24,0,,0,,0,0,0,0,,,1.44,,
João Miguel,Athletic Club,Athletic Club,"DMF, LCMF, LDMF",22,2504,0,1.32,0,0.65,Brazil,9.63,5.82,62.35,3.23,54.44,0.04,0.05,0.75,5.97,7.6,1.08,3,0.11,1,0.04,0.29,0,0,0,0.05,0,0,13,0.47,0,0,0,0.22,50,0.36,50,2.52,35.71,0.43,0.43,0,23.79,0.22,0.36,37.78,88.01,10.14,68.79,5.32,93.92,18.01,96.41,3.77,55.24,19.9,37.3,0.02,0.47,0,0,0.04,0,0.25,5.07,75.89,0.72,30,0.04,0,0.22,0.11,5.21,68.97,0,,0,,0,0,0,0,,,0.68,,
Max,Athletic Club,Athletic Club,"RWF, RW, CF",24,1712,2,3.67,4,2.31,Brazil,2.21,2.26,44.19,1.37,23.08,0,0,0.05,1.21,1.52,1.1,5,0.26,0,0,3.47,0.11,2,0.11,0.19,0,0,28,1.47,21.43,7.143,0.21,2.89,27.27,3.31,71.43,7.15,58.09,3.52,1.89,0.32,10.72,2.37,2.16,13.62,66.41,3.31,63.49,3.68,87.14,3.79,59.72,0.37,85.71,16.26,9.03,0.12,0.58,0,0,0,0,0.53,0.58,72.73,2.05,30.77,0,0,0.63,0.74,1.63,64.52,0,,0,,0,0,0,0,,,0,,
Kauan Lindes,Athletic Club,Athletic Club,"LW, LAMF, LWF",22,529,3,0.78,0,0.2,Brazil,3.74,3.23,42.11,1.53,11.11,0,0,0.17,2.38,2.92,1.36,1,0.17,0,0,2.55,0.51,3,0.51,0.13,1,0.17,11,1.87,36.36,27.273,0,1.36,37.5,3.06,44.44,10.55,41.94,0.85,1.7,0.17,17.18,1.19,2.21,24.5,85.42,4.59,70.37,8.51,96,6.64,79.49,1.53,33.33,16.78,30.37,0.03,0.68,0,0,0,0,0.34,2.04,58.33,1.19,42.86,0,0,0,0.51,2.89,76.47,0,,0,,0,0,0,0,,,0.17,,
Marcelo,Athletic Club,Athletic Club,"LB, LWB",21,825,0,0.11,0,0.32,Brazil,8.07,6.55,46.67,1.64,53.33,0.22,0.28,0.44,4.8,6.23,1.53,2,0.22,0,0,1.09,0,0,0,0.01,0,0,2,0.22,0,0,0,1.53,28.57,1.75,37.5,6.44,44.07,0.22,1.2,0,19.96,1.53,2.18,27.16,70.28,14.29,58.02,4.69,93.02,5.02,84.78,4.69,30.23,22.31,36.32,0.04,0.33,0,0,0,0,0.11,4.36,50,1.09,50,0,0,0.11,0.44,6.11,60.71,0,,0,,0,0,0,0,,,0.65,,
Kauan,Athletic Club,Athletic Club,"AMF, LCMF, LWF",21,2576,3,2.92,2,1.88,Brazil,4.37,2.9,50.6,1.4,25,0.21,0.27,0.21,2.69,3.42,0.73,4,0.14,0,0,1.54,0.1,3,0.1,0.1,0,0,35,1.22,42.86,8.571,0.07,0.7,45,0.87,64,4.89,47.86,0.98,1.12,0.07,20.33,0.87,1.57,26.06,82.84,8.52,72.13,5.63,93.79,7.86,85.78,2.38,57.35,18.53,37.48,0.07,0.63,0,0,0.17,80,0.38,5.21,74.5,1.29,51.35,0.14,75,0.49,0.35,4.61,78.03,0,,0,,0,0,0,0,,,0.03,,
Jota,Athletic Club,Athletic Club,"RCMF, DMF",22,1430,1,0.96,2,1.51,Brazil,7.11,7.93,57.14,1.89,36.67,0,0,0.31,2.58,3.29,2.58,4,0.25,1,0.06,1.01,0.06,1,0.06,0.06,0,0,13,0.82,23.08,7.692,0.13,0.88,28.57,1.01,50,4.28,39.71,0.88,0.82,0,22.59,0.63,1.13,33.99,82.59,11.01,73.71,7.55,95.83,10.32,86.59,1.89,33.33,16.55,20.81,0.09,0.63,0,0.06,0.19,33.33,0.31,4.47,70.42,1.45,34.78,0.19,33.33,0.38,0.38,5.22,71.08,0,,0,,0,0,0,0,,,0.31,,
Enzo,Athletic Club,Athletic Club,"LB, LWB",24,1418,1,2.72,0,1.13,Brazil,7.05,6.16,52.58,3.05,35.42,0.19,0.24,0.38,3.62,4.56,1.08,1,0.06,0,0,2.09,0.06,1,0.06,0.17,1,0.06,14,0.89,14.29,7.143,0,3.36,32.08,1.08,82.35,3.05,52.08,1.4,1.08,0.06,24.56,2.41,0.57,31.99,73.41,10.28,61.11,7.68,95.04,10.03,69.62,4,36.51,19.56,40.99,0.07,0.83,0.13,0,0,0,0.57,3.43,51.85,3.74,38.98,0.06,0,0.44,1.21,6.92,61.47,0,,0,,0,0,0,0,,,0.32,,
D. Vera,Athletic Club,Athletic Club,"LWF, LW, LAMF",23,1167,4,1.88,1,2.28,Ecuador,5.71,7.56,45.92,1.31,23.53,0.31,0.41,0,1.93,2.54,2.7,4,0.31,1,0.08,3.01,0.31,4,0.31,0.14,1,0.08,17,1.31,47.06,23.529,0.08,1.93,36,3.55,47.83,9.18,37.82,1.77,0.69,0.08,12.49,0.62,1.16,19.51,73.52,5.71,62.16,3.93,90.2,6.25,72.84,1.54,55,18.01,24.78,0.18,1.23,0,0,0,0,0.69,2.39,70.97,2.39,48.39,0.23,33.33,0.85,0.69,3.47,77.78,0,,0,,0,0,0,0,,,0,,
Yago Santos,Athletic Club,Athletic Club,"RCMF, LCMF, RDMF",23,578,1,0.81,0,0,Brazil,4.83,3.89,48,1.87,33.33,0,0,0.47,2.96,3.88,0.78,0,0,0,0,0.62,0.16,1,0.16,0.13,0,0,8,1.25,25,12.5,0,0.31,0,0.31,100,3.74,50,2.34,0.47,0,22.11,0.31,1.56,28.03,85.56,7.63,79.59,5.92,100,8.88,84.21,1.71,63.64,15.93,26.25,0,0.16,0,0,0.16,0,0,4.05,84.62,0.93,50,0.16,0,0.47,0.16,3.58,56.52,0,,0,,0,0,0,0,,,0.47,,
Felipe Negrucci,Athletic Club,Athletic Club,"RCMF, RDMF, DMF",22,636,1,0.09,0,0.06,Brazil,7.5,4.95,65.71,1.42,40,0.42,0.5,0.57,3.82,4.5,0.85,0,0,0,0,0.42,0.14,1,0.14,0.01,0,0,6,0.85,50,16.667,0,0.57,0,0.28,0,2.26,50,0.57,0.28,0,21.93,0,0.57,34.25,78.93,11.89,61.9,3.96,100,14.15,88,3.82,25.93,19.29,37.86,0.01,0.57,0.14,0,0,0,0.14,5.24,51.35,0.57,0,0.28,0,0,0,4.1,51.72,0,,0,,0,0,0,0,,,0.42,,
Redney,Athletic Club,Athletic Club,"AMF, RAMF, RW",24,713,0,0.71,1,0.36,Brazil,5.18,8.2,33.85,1.39,27.27,0.25,0.35,0,2.15,2.95,3.53,2,0.25,0,0,2.02,0,0,0,0.09,0,0,11,1.39,27.27,0,0.13,0.5,50,2.15,52.94,8.58,39.71,2.27,1.51,0.25,16.66,1.01,0.88,24.11,82.72,7.19,70.18,4.67,97.3,7.19,84.21,0.76,50,15.32,14.4,0.05,0.63,0,0,0.63,40,0.25,3.41,77.78,1.64,61.54,0.63,40,1.14,0.38,3.79,70,0,,0,,0,0,0,0,,,0.13,,
Jhan Torres,Athletic Club,Athletic Club,LCB,25,619,0,0,0,0,Colombia,11.05,4.94,58.82,2.47,47.06,0.87,1.09,1.31,7.27,9.09,1.16,1,0.15,0,0,0,0,0,0,0,0,0,0,0,0,0,0,0,0,0,0,1.45,70,0,0.29,0.15,22.97,0.58,1.02,35.19,80.17,16.58,68.42,1.74,100,13.23,91.21,6.54,48.89,22.06,33.02,0,0,0.15,0,0,0,0,4.51,61.29,0.58,50,0,0,0.15,0,8.58,57.63,0,,0,,0,0,0,0,,,0.58,,
Lucas Belezi,Athletic Club,Athletic Club,"LCB, CB",23,2702,1,2.2,2,1,Brazil,7.86,3.5,60,3.2,58.33,0.17,0.21,0.7,5.6,6.95,0.63,2,0.07,2,0.07,0.13,0.03,1,0.03,0.07,0,0,11,0.37,27.27,9.091,0.07,0.13,25,0,0,0.23,14.29,0.47,0.47,0,32.01,0.27,0.2,44.8,87.21,18.15,75.05,1.73,90.38,21.38,95.79,5.66,45.88,22.38,42.46,0.03,0.27,0.03,0.07,0,0,0.17,5.26,67.09,0.5,13.33,0.27,25,0.17,0.07,7.69,68.83,0,,0,,0,0,0,0,,,0.83,,
Douglas Pelé,Athletic Club,Athletic Club,"RB, RWB",27,944,0,0.39,2,1.91,Brazil,8.01,6.48,63.24,2.48,53.85,0.1,0.12,0.38,3.81,4.82,1.14,3,0.29,0,0,2.67,0,0,0,0.04,0,0,8,0.76,0,0,0.19,3.34,42.86,2.76,44.83,6.58,37.68,1.05,1.81,0.38,27.65,2.96,1.14,34.8,71.78,13.35,57.14,4,95.24,10.87,77.19,3.81,32.5,20.18,32.32,0.18,1.43,0.1,0,0,0,1.14,4.96,57.69,3.53,45.95,0,0,0.57,1.53,8.1,64.71,0,,0,,0,0,0,0,,,0.48,,
Arnaldo,Náutico,Náutico,RB,34,1037,0,0.18,1,0.96,Brazil,6.94,6.68,46.75,1.22,42.86,0.26,0.45,0.35,3.56,6.21,2.08,7,0.61,0,0,1.39,0,0,0,0.02,0,0,1,0.09,0,0,0.09,1.39,31.25,0.95,90.91,3.04,68.57,0.35,1.74,0.43,28.9,2.43,1.22,38.97,79.51,14.58,65.48,7.03,92.59,11.02,86.61,3.73,48.84,17.11,32.05,0.08,0.87,0,0,0.17,50,0.61,5.99,66.67,2.69,45.16,0.35,75,0.87,0.35,7.03,80.25,0,,0,,0,0,0,0,,,0.95,,
Júnior Todinho,Náutico,Náutico,"RAMF, RW, CF",32,924,3,3.21,1,0.55,Brazil,4.77,5.45,44.64,3.21,54.55,0.29,0.51,0.1,2.05,3.56,1.85,2,0.19,0,0,1.95,0.29,3,0.29,0.31,1,0.1,19,1.85,36.84,15.789,0.1,1.46,20,1.75,55.56,9.25,45.26,2.82,1.17,0.19,25.52,1.17,1.85,32.53,83.53,7.11,73.97,7.79,91.25,11.3,87.93,1.17,66.67,15.58,14,0.05,0.78,0.1,0.1,0,0,0.1,3.7,81.58,1.36,35.71,0,0,0.49,0.29,2.92,86.67,0,,0,,0,0,0,0,,,0.1,,
Léo Índio,Náutico,Náutico,RCB,30,1096,1,0.59,0,0.16,Brazil,9.2,4.84,67.8,3.28,57.5,0.33,0.53,0.49,5.58,8.95,0.74,1,0.08,0,0,0.74,0.08,1,0.08,0.05,1,0.08,5,0.41,20,20,0,0.41,20,0.57,100,3.12,71.05,0.66,2.05,0.25,33.34,0.41,1.07,53.21,83.18,23.49,76.22,2.22,85.19,23.07,91.46,5.83,47.89,20.49,39.98,0.01,0.16,0.08,0.08,0,0,0,8.7,68.87,1.15,28.57,0,0,0.16,0.08,9.69,71.19,0,,0,,0,0,0,0,,,0.82,,
Daniel Davi,São Bernardo FC,São Bernardo FC,"LAMF, LWF",21,458,1,1.11,1,0.09,Brazil,7.27,5.31,48.15,2.36,8.33,0.39,0.56,0.39,4.32,6.17,1.38,3,0.59,0,0,4.72,0.2,1,0.2,0.22,0,0,14,2.75,35.71,7.143,0.2,0.98,20,5.5,64.29,12.38,47.62,2.36,2.36,0.39,15.33,1.38,1.57,18.47,85.11,2.95,86.67,4.52,95.65,7.07,88.89,1.18,83.33,16.49,17.75,0.02,0.59,0,0,0,0,0.2,1.77,100,0.39,0,0,0,0.39,0.2,1.38,85.71,0,,0,,0,0,0,0,,,0,,
J. Barreto,Atlético GO,Atlético GO,"RCB, LCB",28,2268,0,0.63,0,0.21,Paraguay,8.85,4.52,56.14,4.88,67.48,0.24,0.33,0.83,6.07,8.35,1.15,2,0.08,0,0,0.24,0,0,0,0.03,0,0,8,0.32,25,0,0,0.08,50,0.16,75,0.6,60,0.6,0.87,0.04,32.82,0.63,0.28,46.71,87.17,19.72,74.85,1.67,95.24,21.67,97.07,4.01,38.61,22.01,36.52,0.01,0.28,0,0,0,0,0.08,7.02,73.45,0.44,54.55,0.12,33.33,0.2,0.04,6.98,70.45,0,,0,,0,0,0,0,,,0.99,,
Tito,Atlético GO,Atlético GO,RCB,26,1737,0,0.67,0,0,Brazil,7.77,5.44,62.86,3.89,65.33,0.16,0.21,0.62,4.2,5.8,1.55,2,0.1,0,0,0.16,0,0,0,0.03,0,0,7,0.36,14.29,0,0,0.05,0,0.21,50,1.04,35,0.36,0.41,0,24.82,0.26,0.36,36.94,85.97,13.89,70.52,2.69,98.08,17.46,96.44,5.18,49,22.89,37.11,0,0,0,0,0,0,0.05,4.92,56.84,0.78,33.33,0.31,33.33,0.26,0,5.8,70.54,0,,0,,0,0,0,0,,,2.18,,
Henrique Freitas,Atlético GO,Atlético GO,"RAMF, AMF, LCMF",27,518,0,1.49,1,0.51,Brazil,5.39,5.39,58.06,2.26,30.77,0.52,0.76,0,1.74,2.54,1.91,1,0.17,0,0,2.08,0,0,0,0.26,0,0,15,2.61,26.67,0,0.17,2.08,33.33,1.04,66.67,7.47,41.86,3.82,2.08,0,17.72,2.26,1.39,20.5,77.12,5.04,79.31,5.56,96.88,5.56,71.88,0.69,75,16.26,18.82,0.09,0.35,0,0,0,0,0.35,2.26,69.23,2.08,41.67,0,0,0.35,0.69,2.43,85.71,0,,0,,0,0,0,0,,,0.17,,
Soares,Atlético GO,Atlético GO,"LAMF, LW",26,2259,2,5.36,9,5.28,Brazil,2.19,1.83,54.35,0.48,50,0.08,0.12,0,1.12,1.65,0.24,1,0.04,0,0,4.66,0.08,2,0.08,0.21,0,0,47,1.87,44.68,4.255,0.36,2.87,34.72,4.5,61.95,8.01,55.72,2.79,3.47,0.64,20.76,1.59,1.24,26.45,80.12,5.3,69.92,6.25,92.99,10.44,81.68,2.55,76.56,18.99,31.7,0.21,1.47,0,0.04,0.12,33.33,1,2.47,72.58,3.15,48.1,0.12,0,1.12,0.96,3.71,83.87,0,,0,,0,0,0,0,,,0.08,,
Miraíma,São Bernardo FC,São Bernardo FC,"LDMF, RCMF, LCMF",26,2529,2,1.59,5,4.43,Brazil,6.23,5.05,46.48,0.89,28,0.25,0.33,0.39,3.63,4.81,1.49,5,0.18,0,0,1.14,0.07,2,0.07,0.06,0,0,50,1.78,28,4,0.18,0.6,52.94,0.53,53.33,4.59,43.41,0.21,0.39,0,42.35,0.78,1.1,53.24,86.76,17.51,75.41,8.51,94.98,21.96,92.22,8.36,69.36,21.15,39.11,0.16,1.39,0.04,0.04,0.11,33.33,0.28,11.71,75.99,2.14,55,0.53,33.33,0.75,0.28,10.46,79.25,0,,0,,0,0,0,0,,,0.43,,
Cristiano,Atlético GO,Atlético GO,"LDMF, RDMF, DMF",26,1845,0,0.75,0,0.55,Brazil,5.51,4.68,48.96,0.73,46.67,0.1,0.14,0.2,3.12,4.35,1.37,8,0.39,0,0,1.02,0,0,0,0.04,0,0,18,0.88,11.11,0,0,0.73,13.33,1.12,69.57,5.17,50.94,0.29,0.68,0.1,32.34,0.2,1.22,45.17,89.52,13.41,79.27,6.63,97.79,19.07,93.86,4.73,63.92,19.19,34.36,0.03,0.44,0,0.05,0.1,50,0.2,7.17,76.87,1.71,45.71,0.73,60,0.68,0.15,5.61,81.74,0,,0,,0,0,0,0,,,0.54,,
Lucas Lima,São Bernardo FC,São Bernardo FC,"RDMF, RCMF",26,1179,4,3.83,2,0.53,Brazil,6.79,5.5,54.17,2.21,41.38,0,0,0.38,3.82,5.4,1.6,4,0.31,2,0.15,1.22,0.31,4,0.31,0.29,0,0,23,1.76,43.48,17.391,0.15,0.46,0,0.76,40,5.27,42.03,1.76,1.53,0.08,24.66,0.31,1.45,34.89,84.9,13.21,79.19,2.82,86.49,12.82,90.48,1.07,71.43,16.93,15.12,0.04,0.92,0,0,0.23,66.67,0.53,6.11,85,1.37,44.44,0.15,50,0.53,0,5.88,80.52,0,,0,,0,0,0,0,,,0.15,,
Alex Alves,São Bernardo FC,São Bernardo FC,GK,39,2964,0,0,0,0,Brazil,0.7,0,0,0.33,100,0,0,0,0.7,0.92,0,4,0.12,0,0,0,0,0,0,0,0,0,0,0,0,0,0,0,0,0,0,0.09,100,0,0,0.03,10.54,0.43,0.18,17.95,86.8,6.68,69.09,0.03,100,9.84,97.53,4.49,52.7,28,43.37,0,0,0,0,0,0,0,0.79,23.08,0.09,0,0,0,0,0,3.28,53.7,31,0.94,139,4.22,8,77.7,33.01,1,2.01,0.061,0.03,2,0.33
Yuri,Atlético GO,Atlético GO,LB,30,844,0,0.42,1,1.15,Brazil,8,6.18,65.52,1.81,29.41,0.43,0.85,0.21,3.52,7.02,1.81,2,0.21,0,0,2.03,0,0,0,0.05,0,0,6,0.64,16.67,0,0.11,3.09,44.83,1.07,50,4.16,33.33,1.92,1.28,0.11,27.62,1.07,0.64,37.43,85.47,13.12,79.67,6.29,98.31,9.92,84.95,2.56,41.67,16.46,25.37,0.12,1.39,0,0,0,0,0.85,4.05,78.95,3.2,70,0.43,50,1.07,1.39,5.86,87.27,0,,0,,0,0,0,0,,,0.21,,
Matheusinho,Atlético GO,Atlético GO,"AMF, LWF, LAMF",28,700,0,1.25,1,0.24,Brazil,3.99,3.86,50,1.93,33.33,0.13,0.19,0,1.93,2.88,0.51,1,0.13,0,0,3.09,0,0,0,0.16,0,0,14,1.8,21.43,0,0.13,2.44,31.58,2.57,70,9.9,48.05,2.31,1.41,0.13,17.49,2.19,3.09,25.2,72.96,5.27,65.85,6.81,94.34,9,65.71,2.19,35.29,16.88,17.74,0.03,0.51,0,0,0.13,100,0.51,3.34,69.23,1.93,53.33,0.13,100,0.77,0.64,3.6,60.71,0,,0,,0,0,0,0,,,0.13,,
Augusto,São Bernardo FC,São Bernardo FC,LCB,29,2307,0,0.71,0,0.23,Brazil,6.83,3.43,55.68,4.56,64.1,0.08,0.1,0.86,4.84,6.36,0.94,6,0.23,0,0,0.2,0,0,0,0.03,0,0,5,0.2,20,0,0,0.23,16.67,0.27,42.86,1.83,51.06,0.27,0.59,0,33.63,1.25,0.47,48.41,87.59,20.56,78.18,1.17,96.67,22.94,96.77,7.14,60.11,22.55,39.21,0.01,0.16,0,0,0,0,0.08,4.17,67.29,0.82,23.81,0.16,0,0.16,0.04,8.74,65.18,0,,0,,0,0,0,0,,,0.74,,
Rodrigo Ferreira,São Bernardo FC,São Bernardo FC,"RB, RWB",31,2928,4,3.62,2,1.09,Brazil,7.59,4.67,59.87,2.03,53.03,0.18,0.24,0.37,4.61,6.02,0.98,5,0.15,0,0,1.41,0.12,4,0.12,0.11,0,0,32,0.98,31.25,12.5,0.06,2.4,33.33,0.58,47.37,2.61,44.71,1.2,0.46,0,32.7,3.87,0.71,41.31,81.7,15.09,72.3,6.45,95.71,14.69,86.4,5.04,57.93,20.27,38.14,0.03,0.43,0.03,0.03,0.03,100,0.22,3.41,70.27,2.09,38.24,0.06,100,0.15,0.71,7.78,63.64,0,,0,,0,0,0,0,,,0.86,,
Romisson,São Bernardo FC,São Bernardo FC,"AMF, LDMF, LCMF",30,2165,1,2.12,4,2.85,Brazil,4.49,2.79,58.21,1.16,32.14,0.04,0.06,0.29,2.83,3.79,0.25,1,0.04,0,0,1.45,0.04,1,0.04,0.09,0,0,20,0.83,30,5,0.17,0.96,39.13,1.29,61.29,4.28,46.6,1.25,2.2,0.21,30.18,1.08,1,40.24,86.98,10.35,79.12,7.15,97.67,15.92,90.08,2.95,67.61,17.51,30.78,0.12,1.08,0.17,0,0.08,50,0.29,5.24,79.37,1.87,55.56,0.21,60,1.04,0.33,4.91,75.42,0,,0,,0,0,0,0,,,0.25,,
Pedro Vitor,São Bernardo FC,São Bernardo FC,"RAMF, RW, RWF",28,1393,4,3.89,3,1.59,Brazil,7.82,7.24,57.14,4.59,52.11,0.52,0.67,0.26,3.17,4.13,1.87,4,0.26,0,0,3.68,0.26,4,0.26,0.25,0,0,42,2.71,40.48,9.524,0.19,2.52,35.9,3.3,49.02,11.24,43.68,3.1,1.74,0.26,20.03,2.26,2.39,25.97,68.41,5.81,48.89,5.69,85.23,8.98,70.5,2.46,52.63,18.56,31.63,0.1,0.84,0.06,0.06,0.06,100,0.52,1.81,50,3.36,30.77,0.13,0,0.58,0.9,3.62,69.64,0,,0,,0,0,0,0,,,0.13,,
Gustavo Coutinho,Atlético GO,Atlético GO,CF,27,2046,13,12.28,0,1.51,Brazil,3.26,3.04,43.48,6.11,25.9,0.13,0.19,0.09,1.8,2.62,1.36,5,0.22,1,0.04,1.54,0.57,8,0.35,0.54,1,0.04,64,2.82,45.31,20.313,0,0.31,28.57,0.7,25,5.37,36.89,3.56,0.35,0.09,9.02,1.19,1.58,13.59,76.38,2.9,59.09,4.18,91.58,3.43,79.49,0.84,63.16,15.14,21.06,0.07,0.7,0.04,0,0,0,0.4,1.19,59.26,0.4,77.78,0.04,0,0.57,0.09,1.19,62.96,0,,0,,0,0,0,0,,,0.04,,
Pedro Santos,Criciúma,Criciúma,GK,21,605,0,0,0,0,Brazil,1.19,0,0,0.3,100,0,0,0,1.19,2.14,0,0,0,0,0,0,0,0,0,0,0,0,0,0,0,0,0,0,0,0,0,0.3,50,0,0,0,12.35,0.6,0.3,20.53,82.61,8.93,68.33,0,0,10.56,92.96,7.44,56,29.92,46.81,0,0,0,0,0,0,0,1.19,50,0,0,0,0,0,0,6.1,60.98,4,0.6,18,2.68,3,77.78,4.86,0.72,0.86,0.128,0,1.64,0.3
Gabriel Feliciano,Operário PR,Operário PR,LB,25,1898,1,0.4,4,2.38,Brazil,7.21,4.93,56.73,1.47,54.84,0,0,0.19,4.41,6.76,0.81,2,0.09,0,0,2.61,0.05,1,0.05,0.02,0,0,25,1.19,16,4,0.19,3.03,35.94,2.04,65.12,5.31,46.43,0.33,1.71,0.43,31.25,1.94,0.62,43.77,77.36,16.93,67.79,6.16,90.77,14.79,83.33,6.26,59.09,20.55,33.33,0.11,1,0,0,0.05,0,0.62,5.45,65.22,3.27,37.68,0.28,0,0.52,1.04,10.38,66.67,0,,0,,0,0,0,0,,,1.14,,
Guilherme Lobo,Criciúma,Criciúma,"LCMF, RCMF",26,2089,0,2.2,1,0.94,Brazil,4.91,3.96,47.83,1.38,50,0.22,0.33,0.26,2.8,4.24,1.03,5,0.22,0,0,0.6,0,0,0,0.09,0,0,26,1.12,15.38,0,0.04,0.43,40,0.43,60,2.8,44.62,0.65,0.47,0.09,35.03,0.47,0.86,48.9,87.31,14.69,74.49,7.11,96.36,21.33,92.32,4.57,65.09,19.68,34.9,0.04,0.65,0,0.04,0.09,0,0.3,8.4,75.9,1.08,40,0.22,40,0.47,0.22,7.71,78.77,0,,0,,0,0,0,0,,,0.56,,
Jhonata Robert,Criciúma,Criciúma,"AMF, RWF",26,933,1,2.18,1,2.56,Brazil,5.21,5.5,59.65,2.41,32,0,0,0.1,1.93,3.02,1.25,2,0.19,0,0,4.63,0.1,0,0,0.21,0,0,24,2.32,29.17,4.167,0.1,3.18,51.52,3.47,61.11,11.38,46.61,2.41,2.22,0.48,28.17,1.45,2.99,35.31,73.5,10.13,63.81,6.17,93.75,11.29,76.07,3.47,61.11,18.03,30.57,0.25,2.03,0,0,0.39,50,1.25,6.75,71.43,4.82,54,0.68,42.86,1.16,1.64,6.75,80,0,,0,,0,0,0,0,,,0.1,,
Boschilia,Operário PR,Operário PR,"AMF, RCMF",30,2771,13,9.45,4,4.17,Brazil,2.63,4.45,41.61,0.68,23.81,0,0,0.13,0.78,1.13,1.46,8,0.26,0,0,2.34,0.42,9,0.29,0.31,0,0,90,2.92,35.56,14.444,0.13,1.23,21.05,1.82,57.14,6.37,55.1,0.88,1.92,0.45,36.28,0.68,2.14,42.55,86.79,11.98,77.78,7.05,95.39,15.07,90.73,2.96,63.74,17.5,36.77,0.14,1.2,0.03,0.1,0.03,0,0.45,6.43,79.29,1.88,34.48,0.26,37.5,0.52,0.32,5.39,81.93,0,,0,,0,0,0,0,,,0.45,,
Joao Gabriel,Ceará,Ceará,"LDMF, LCMF, RDMF",20,2125,2,0.43,1,0.94,Brazil,5.08,5.38,49.61,2.2,44.23,0.08,0.13,0.34,2.33,3.49,1.99,4,0.17,0,0,0.68,0.08,2,0.08,0.02,0,0,16,0.68,25,12.5,0.04,0.42,40,0.68,43.75,3.35,51.9,0.34,0.89,0.17,19.74,0.08,1.14,30.28,80.84,9.74,63.48,3.43,92.59,12.41,90.1,3.56,53.57,18.63,34.73,0.04,0.47,0.04,0.08,0.08,50,0.34,5.34,68.25,1.27,56.67,0.34,62.5,0.55,0.13,4.49,72.64,0,,0,,0,0,0,0,,,0.13,,
Enzo Lodovico,Ceará,Ceará,"RAMF, RB, RWB",20,883,2,0.68,2,1.32,Brazil,7.54,6.63,50.77,2.65,30.77,0.31,0.48,0.2,3.87,6.06,2.55,3,0.31,0,0,3.36,0.2,2,0.2,0.07,0,0,12,1.22,58.33,16.667,0.2,4.69,30.43,2.34,52.17,7.03,50.72,1.33,2.14,0.51,18.35,2.14,2.14,22.83,67.41,6.83,62.69,4.48,86.36,7.54,62.16,1.73,52.94,20.58,23.09,0.13,1.12,0.1,0,0,0,0.71,2.55,48,3.87,39.47,0,0,0.41,1.53,3.87,73.68,0,,0,,0,0,0,0,,,0,,
Melk,Ceará,Ceará,"RAMF, AMF, RW",20,2160,7,5.9,3,3.34,Brazil,3.88,3.38,58.02,1.79,20.93,0,0,0.04,1.92,2.97,0.54,1,0.04,0,0,4,0.29,7,0.29,0.25,0,0,63,2.63,36.51,11.111,0.13,1.96,27.66,3.88,64.52,9.17,46.36,2.33,1.71,0.21,17.42,0.38,1.04,23.63,70.72,7.5,61.11,4.67,90.18,7,71.43,2.08,56,18.48,31.82,0.14,1,0.04,0,0,0,0.29,4.17,59,2.67,45.31,0.38,44.44,0.67,0.71,4.29,72.82,0,,0,,0,0,0,0,,,0.04,,
Gabriel Rocha,Ceará,Ceará,LCB,20,564,1,0.36,1,0,Brazil,7.02,6.22,51.28,3.51,63.64,0.16,0.27,0.32,3.67,6.27,1.12,0,0,0,0,0.16,0.16,1,0.16,0.06,1,0.16,2,0.32,50,50,0.16,0.32,0,0,0,0.32,50,0.32,0,0.16,23.3,0.16,0.32,36.06,84.51,13.56,71.76,2.71,94.12,16.28,94.12,2.07,15.38,19.08,31.99,0,0.16,0,0,0,0,0.16,4.63,72.41,0.64,25,0,0,0.16,0.16,4.79,40,0,,0,,0,0,0,0,,,1.6,,
Nicolás Ferreira,Ceará,Ceará,"LAMF, RAMF, LW",24,723,1,0.64,2,0.9,Uruguay,5.6,4.98,50,1.49,50,0.12,0.19,0,2.99,4.65,1,1,0.12,0,0,2.37,0.12,1,0.12,0.08,0,0,10,1.24,30,10,0.25,2.86,30.43,2.24,50,10.83,39.08,1.62,1.24,0.12,20.66,1.62,1.87,27.51,75.57,6.72,66.67,7.22,91.38,6.72,62.96,1,62.5,15.1,17.34,0.11,1,0,0,0,0,0.62,1.87,86.67,2.74,36.36,0,0,0.5,0.75,3.86,77.42,0,,0,,0,0,0,0,,,0,,
Júlio César,Ceará,Ceará,"RB, RCB, LDMF",23,2111,2,0.92,1,1.11,Brazil,7.12,5.03,57.63,2.86,47.76,0.09,0.13,0.64,4.14,6.22,1.49,6,0.26,0,0,0.6,0.09,2,0.09,0.04,2,0.09,10,0.43,20,20,0.04,0.55,53.85,0.26,83.33,2.26,49.06,0.47,0.9,0.09,24.09,0.55,1.32,34.32,86.58,14.03,80.24,3.5,96.34,12.75,92.64,3.07,55.56,18.83,33.55,0.05,0.51,0.04,0,0,0,0.21,5.37,75.4,0.98,39.13,0.04,100,0.26,0.34,5.76,77.04,0,,0,,0,0,0,0,,,0.77,,
Lucca,Ceará,Ceará,CF,23,1287,1,2.82,2,1.8,Brazil,3.78,3.36,54.17,6.78,26.8,0.07,0.13,0.28,1.89,3.4,1.26,2,0.14,0,0,1.54,0.07,1,0.07,0.2,0,0,27,1.89,40.74,3.704,0.14,0.77,36.36,0.77,63.64,5.8,46.99,3.5,1.26,0.21,8.53,1.4,1.4,14.97,74.3,2.03,48.28,5.31,88.16,3.36,64.58,0.49,57.14,11.88,13,0.13,0.7,0,0,0,0,0.49,0.77,36.36,0.77,27.27,0,0,0.56,0.21,1.12,62.5,0,,0,,0,0,0,0,,,0.14,,
Yago Lincoln,Cercle Brugge,Londrina,RCB,23,2039,1,2.1,0,0,Brazil,9.36,5.16,64.96,4.55,67.96,0.26,0.35,0.66,5.74,7.65,1.1,5,0.22,0,0,0.22,0.04,1,0.04,0.09,1,0.04,15,0.66,13.33,6.667,0,0.18,0,0.13,100,1.1,48,0.79,0.44,0.09,26.26,0.53,0.4,40.21,87.05,16.68,78.04,2.03,91.3,18.1,95.12,4.41,47,21.51,44.86,0,0.04,0,0.04,0,0,0,3.84,66.67,0.31,14.29,0.09,0,0,0.09,6.84,63.23,0,,0,,0,0,0,0,,,1.59,,
Sánchez,Ceará,Ceará,LB,31,1487,1,2.2,0,1.79,Brazil,6.96,5.39,60.67,3.93,53.85,0.12,0.18,0.24,3.57,5.21,1.21,3,0.18,1,0.06,1.45,0.06,1,0.06,0.13,0,0,15,0.91,13.33,6.667,0,1.88,51.61,0.85,35.71,2.84,42.55,1.45,1.21,0.18,22.82,1.57,0.67,30.5,75.2,14.34,64.56,4.48,95.95,7.69,79.53,4.48,44.59,18.43,34.67,0.11,0.85,0,0,0.06,100,0.36,4.72,64.1,1.57,57.69,0.18,33.33,0.3,0.85,8.17,71.85,0,,0,,0,0,0,0,,,0.12,,
Lucas Rodrigues,Goiás U20,Goiás,"RDMF, RCMF, AMF",18,1272,1,0.97,0,0.31,Brazil,7,7.71,55.05,1.34,42.11,0.42,0.62,0.14,2.33,3.4,1.91,5,0.35,0,0,1.27,0.07,1,0.07,0.07,1,0.07,10,0.71,40,10,0,0.35,40,1.27,66.67,9.83,51.8,1.06,0.99,0.07,28.02,0.28,2.83,36.93,84.87,11.04,66.67,4.88,94.2,13.87,94.9,2.76,61.54,17.14,34.89,0.02,0.5,0.07,0,0.14,0,0,6.01,65.88,1.63,39.13,0.14,0,0.5,0.07,4.39,75.81,0,,0,,0,0,0,0,,,0.07,,
Paulo Vitor,Avaí,Avaí,"RCMF, RDMF, LDMF",22,1790,2,1.78,0,0.07,Brazil,8.8,6.94,54.35,2.61,76.92,0.75,0.96,0.5,4.27,5.45,1.66,9,0.45,0,0,0.7,0.1,2,0.1,0.09,1,0.05,14,0.7,35.71,14.286,0,0.4,25,0.65,53.85,3.12,45.16,0.85,0.5,0,25.04,0,0.8,37.36,81.43,11.21,69.06,5.43,94.44,14.28,86.27,3.72,52.7,19.32,38.63,0,0.3,0,0.05,0.05,0,0,5.13,71.57,0.7,42.86,0.2,0,0.3,0.05,6.08,63.64,0,,0,,0,0,0,0,,,0.65,,
Kadu,Goiás,Goiás,"LAMF, CF",24,1734,9,7.22,0,0.31,Brazil,5.35,4.62,46.07,4.83,39.78,0.57,0.8,0.16,2.65,3.69,1.87,3,0.16,0,0,2.34,0.47,9,0.47,0.37,3,0.16,56,2.91,41.07,16.071,0,0.93,22.22,1.76,52.94,9.24,42.13,2.91,0.78,0,14.12,2.75,1.82,17.8,75.22,3.79,54.79,5.5,87.74,4.62,77.53,0.88,41.18,14.98,19.75,0.02,0.26,0.05,0,0,0,0.21,1.71,45.45,0.88,35.29,0.05,0,0.21,0.26,2.23,58.14,0,,0,,0,0,0,0,,,0.05,,
Gabriel Simples,Avaí,Avaí,"RB, RCB, RWB",21,523,0,0.05,0,0.09,Brazil,8.26,4.65,62.96,1.89,72.73,0.17,0.24,1.03,5.16,7.09,1.38,3,0.52,0,0,0.69,0,0,0,0.01,0,0,3,0.52,100,0,0,0.52,0,0.34,50,0.86,60,0.34,0.34,0,26.67,0.86,0.34,37.86,85.45,18.24,80.19,3.61,95.24,12.91,92,5.85,58.82,21.06,35.97,0.01,0.17,0,0,0,0,0.17,4.82,71.43,0.86,20,0,0,0.17,0,9.29,75.93,0,,0,,0,0,0,0,,,0.86,,
Cadu,Goiás,Goiás,CF,22,1342,2,5.72,1,0.2,Brazil,4.43,4.16,46.77,4.63,18.84,0.07,0.1,0.27,2.41,3.74,1.81,1,0.07,0,0,0.94,0.13,1,0.07,0.38,0,0,26,1.74,26.92,7.692,0.07,0.2,66.67,0.67,50,6.64,44.44,2.15,0.2,0.07,11.87,0.94,1.81,16.77,86.8,3.55,83.02,6.37,87.37,3.08,82.61,0.47,71.43,12.61,7.61,0.01,0.34,0,0.07,0.07,0,0.2,1.27,73.68,0.6,77.78,0.07,0,0.07,0.13,1.27,63.16,0,,0,,0,0,0,0,,,0,,
Guilherme Vargas,Avaí,Avaí,"RCB, LCB",22,703,0,0.66,0,0,Brazil,8.19,4.86,44.74,4.22,69.7,0.51,0.78,1.15,5.5,8.38,1.54,3,0.38,0,0,0.26,0,0,0,0.08,0,0,3,0.38,66.67,0,0,0,0,0,0,0.13,100,1.02,0.77,0,23.68,0,0.38,39.43,83.44,20.23,75.32,1.41,90.91,14.72,93.04,6.91,46.3,20.23,31.24,0,0,0,0.13,0,0,0,5.5,60.47,0.26,0,0.13,100,0,0,8.83,69.57,0,,0,,0,0,0,0,,,1.15,,
Jean Carlos,Goiás,Goiás,"RAMF, CF, RW",21,1703,3,3.28,1,1.22,Brazil,5.13,4.86,51.09,1.64,38.71,0.21,0.31,0,2.43,3.6,1.22,1,0.05,0,0,3.22,0.16,3,0.16,0.17,0,0,38,2.01,31.58,7.895,0.05,1.27,41.67,3.59,55.88,9.35,41.24,3.28,1.96,0.26,19.71,2.01,1.37,23.83,82.48,4.7,73.03,7.98,94.04,5.6,81.13,0.42,62.5,14.97,13.2,0.06,0.74,0.05,0,0.05,100,0.32,1.27,83.33,1.64,67.74,0,0,0.9,0.48,2.27,67.44,0,,0,,0,0,0,0,,,0.11,,
Baldória,Goiás,Goiás,"LDMF, DMF, LCMF",21,757,0,0.03,0,0.4,Brazil,9.99,5.59,59.57,1.78,46.67,0.59,0.82,0.71,6.06,8.32,1.19,2,0.24,0,0,0.59,0,0,0,0,0,0,2,0.24,50,0,0,0.12,0,0.24,100,3.33,53.57,0.12,0.24,0,22.11,0,1.31,33.88,86.32,9.15,74.03,4.04,94.12,16.05,91.85,2.85,70.83,17.79,31.5,0.05,0.48,0,0.12,0.36,66.67,0.24,3.57,76.67,1.07,55.56,0.36,66.67,0.71,0,5.59,65.96,0,,0,,0,0,0,0,,,0.24,,
Luisão,Goiás,Goiás,"LCB, RB, RCB",23,1590,0,0,0,0.41,Brazil,6,4.13,35.62,3.4,65,0.06,0.09,0.34,4.47,6.83,1.25,5,0.28,0,0,0.57,0,0,0,0,0,0,0,0,0,0,0,0.51,66.67,0.34,66.67,1.42,48,0.11,1.42,0.06,39.79,1.53,0.51,52.87,90.36,19.98,82.72,4.98,96.59,21.96,94.33,3.74,40.91,20.33,37.77,0.02,0.34,0,0,0,0,0.17,6.79,77.5,0.91,62.5,0.28,20,0.23,0.34,8.04,77.46,0,,0,,0,0,0,0,,,2.38,,
Jefferson Maciel,Avaí,Avaí,"LCB, RCB",23,1072,1,1.5,0,0.44,Brazil,6.88,3.19,55.26,3.61,67.44,0,0,0.67,5.12,5.98,1.01,1,0.08,0,0,1.34,0.08,1,0.08,0.13,1,0.08,6,0.5,50,16.667,0,0.08,100,1.01,100,3.11,62.16,0.59,0.84,0.17,21.07,0.5,0.59,31.32,81.5,12.68,62.91,2.43,96.55,12.09,97.22,2.35,39.29,19.09,41.06,0.04,0.17,0,0,0.08,0,0.17,3.69,54.55,0.59,28.57,0.17,0,0.34,0.08,4.79,52.63,0,,0,,0,0,0,0,,,1.6,,
Tadeu,Goiás,Goiás,GK,34,1607,2,2.28,0,0,Brazil,0.73,0.06,100,0.45,100,0.06,0.08,0,0.62,0.91,0,0,0,0,0,0.17,0.11,0,0,0.13,0,0,3,0.17,100,66.667,0,0,0,0,0,0.06,100,0,0.06,0,15.63,0.22,0.39,22.85,83.09,10.19,63.74,0.06,100,12.32,98.64,7,45.6,32.78,51.36,0,0,0,0,0,0,0,2.24,35,0.22,0,0.34,16.67,0.11,0,4.42,56.96,23,1.29,82,4.59,2,71.95,21.99,1.23,-1.01,-0.057,0,1.68,0.45
Samuel,Náutico,Náutico,"LDMF, RDMF",22,1220,0,1.1,0,0.05,Brazil,7.89,9.59,36.92,2.36,50,0.22,0.37,0.66,4.13,6.83,3.69,4,0.3,1,0.07,0.37,0,0,0,0.08,0,0,12,0.89,33.33,0,0,0.15,0,0.07,0,1.62,18.18,1.18,0.52,0.15,17.56,0.15,0.15,25.16,85.34,6.64,70,3.91,98.11,10.62,90.97,1.33,50,19.16,19.21,0,0.3,0,0,0.07,100,0.07,3.61,69.39,0.74,30,0.07,100,0.22,0,2.14,62.07,0,,0,,0,0,0,0,,,0.96,,
Gustavo Henrique,Náutico,Náutico,LCB,20,560,1,0.62,0,0,Brazil,7.39,3.7,60.87,2.09,76.92,0,0,0.48,5.14,9.7,1.13,2,0.32,0,0,0.32,0.16,1,0.16,0.1,0,0,3,0.48,66.67,33.333,0,0,0,0,0,0.16,100,0.64,1.29,0.48,24.11,0.8,0.16,39.05,85.6,14.95,69.89,2.41,100,18.8,94.02,5.79,36.11,26.74,41.59,0,0.16,0,0,0,0,0,4.98,64.52,0.64,25,0,0,0.16,0,7.71,70.83,0,,0,,0,0,0,0,,,1.77,,
Kauan Maranhão,Náutico,Náutico,CF,22,929,3,4.98,1,0.26,Brazil,2.23,2.33,29.17,5.04,21.15,0,0,0.19,1.55,2.53,1.55,2,0.19,0,0,1.45,0.29,3,0.29,0.48,2,0.19,35,3.39,31.43,8.571,0.1,0.39,25,0.58,50,5.04,50,4.65,0.1,0.1,10.08,2.62,1.07,13.95,77.08,3,64.52,5.13,79.25,3.58,75.68,0.48,80,12.78,11.21,0.02,0.48,0,0,0,0,0.39,1.36,64.29,0.48,20,0,0,0.58,0.1,1.45,60,0,,0,,0,0,0,0,,,0,,
Ryan,Náutico,Náutico,LB,24,540,0,0.03,0,0.53,Brazil,5,4.5,37.04,1.83,63.64,0,0,0.33,3.33,5.36,1.5,0,0,0,0,2,0,0,0,0,0,0,4,0.67,0,0,0,5,33.33,0.83,40,3.67,31.82,0.83,1,0.33,36,3,0.67,43.83,78.33,17.5,73.33,8.33,98,12.33,71.62,7.67,45.65,22.58,42.47,0.09,1,0,0,0,0,0.67,7.33,61.36,4.67,39.29,0.17,0,0.17,1.5,8.67,80.77,0,,0,,0,0,0,0,,,0.33,,
Betão,Náutico,Náutico,"LCB, RCB",27,1825,0,0.67,1,0.11,Brazil,7.15,4.93,59,3.9,59.49,0.1,0.16,0.39,4.14,6.92,1.08,2,0.1,1,0.05,0.25,0,0,0,0.03,0,0,7,0.35,14.29,0,0.05,0.05,100,0.1,100,1.38,64.29,0.39,0.64,0.15,27.37,0.2,0.84,42.31,85.55,17.36,72.16,1.73,88.57,19.43,97.72,5.67,53.04,22.23,37.99,0.01,0.1,0,0,0.1,50,0.05,5.13,63.46,0.2,50,0.35,42.86,0.05,0.05,7.59,59.74,0,,0,,0,0,0,0,,,1.18,,
Igor Fernandes,Náutico,Náutico,"LB, LCB",34,2690,2,1.91,1,1.52,Brazil,6.49,4.65,60.43,4.05,60.33,0.03,0.06,0.37,3.65,6.48,1.2,3,0.1,0,0,0.97,0.07,2,0.07,0.06,1,0.03,13,0.43,38.46,15.385,0.03,1.27,39.47,0.4,75,2.31,43.48,0.97,2.04,0.07,30.21,1.14,0.74,43.16,85.19,19.91,78.66,4.38,97.71,12.91,92.23,3.78,50.44,18.43,33.72,0.05,0.47,0,0,0,0,0.2,7.29,76.61,1.17,37.14,0.2,16.67,0.23,0.43,7.63,75.88,0,,0,,0,0,0,0,,,0.74,,
Wenderson,Náutico,Náutico,"LDMF, RDMF",28,2782,0,0.83,2,2.36,Brazil,7.96,5.66,54.29,1.49,50,0.52,0.92,0.32,4.37,7.8,1.68,8,0.26,0,0,1.16,0,0,0,0.03,0,0,27,0.87,18.52,0,0.06,0.61,36.84,1.2,62.16,3.46,48.6,0.71,1.23,0.19,30.54,0.19,0.78,46.39,88.91,14.56,79.78,4.69,92.41,20.38,94.44,2.78,65.12,17.97,37.97,0.08,0.74,0,0,0.03,100,0.49,7.15,83.26,1.49,60.87,0.26,50,0.68,0.26,5.69,80.11,0,,0,,0,0,0,0,,,0.42,,
Caio Rodrigues,Londrina,Londrina,RCB,22,704,1,0.3,0,0,Brazil,7.29,4.47,48.57,1.79,64.29,0,0,1.02,5.11,6.35,1.53,4,0.51,0,0,0.26,0.13,1,0.13,0.04,1,0.13,2,0.26,50,50,0,0.38,33.33,0,0,0.77,83.33,0.13,0.38,0,29.53,0.38,0.51,39.76,90.68,14.19,81.08,3.71,100,18.41,97.22,4.09,50,21.49,43.43,0,0,0,0,0,0,0,3.71,75.86,0.89,28.57,0.13,0,0.13,0.13,4.86,71.05,0,,0,,0,0,0,0,,,2.56,,
Kauê Leonardo,Londrina,Londrina,RB,21,1513,0,0.12,1,0.46,Brazil,6.72,5.89,48.48,2.02,58.82,0.24,0.31,0.06,3.63,4.74,1.73,4,0.24,0,0,0.83,0,0,0,0.01,0,0,5,0.3,20,0,0.06,1.49,28,0.65,54.55,3.63,52.46,0.54,0.54,0.12,23.14,1.61,1.55,29.92,80.91,11.6,73.33,5.06,95.29,7.73,83.08,1.78,53.33,16.5,25.18,0.03,0.24,0.06,0,0,0,0.18,3.51,71.19,1.84,38.71,0,0,0.48,0.3,5.35,68.89,0,,0,,0,0,0,0,,,0.42,,
João Andrade,Londrina,Londrina,"RW, RWF",20,419,0,0.19,1,1.74,Brazil,6.44,5.37,56,1.29,66.67,0,0,0.21,3.44,4.95,0.43,1,0.21,0,0,3.65,0,0,0,0.04,0,0,7,1.5,28.57,0,0.21,2.79,46.15,3.01,64.29,6.66,35.48,0.86,1.29,0,13.32,2.15,0.21,18.04,79.76,4.73,77.27,2.79,92.31,7.3,76.47,2.15,70,22.85,31.07,0.37,2.15,0,0.21,0,0,1.93,2.79,100,3.87,61.11,0,0,1.5,1.93,6.23,82.76,0,,0,,0,0,0,0,,,0,,
Higor,Vila Nova,Vila Nova,LB,21,2200,0,0.3,1,0.43,Brazil,8.55,5.73,62.86,2.29,58.93,0.33,0.5,0.16,4.62,7.11,1.19,4,0.16,0,0,1.47,0,0,0,0.01,0,0,21,0.86,19.05,0,0.04,1.68,29.27,1.23,63.33,3.48,48.24,0.61,1.96,0.16,25.45,0.82,0.98,37.02,75.36,17.88,66.59,3.93,91.67,9.45,82.68,5.15,38.1,19.62,37.23,0.02,0.2,0,0.04,0.12,33.33,0.08,5.4,62.88,1.92,38.3,0.41,50,0.41,0.45,7.24,65.54,0,,0,,0,0,0,0,,,0.37,,
João Vitor,Londrina,Londrina,"RCMF, LCMF",22,1341,1,0.56,1,0.74,Brazil,6.58,6.11,51.65,1.41,47.62,0.87,1.1,0.27,2.55,3.2,1.81,3,0.2,0,0,0.94,0.07,1,0.07,0.04,0,0,11,0.74,27.27,9.091,0.07,1.01,40,0.74,45.45,3.83,33.33,0.81,1.14,0.34,21.14,0.4,0.81,28.93,79.58,8.39,66.4,6.24,90.32,9.06,85.19,2.15,50,17.86,25.77,0.05,0.34,0,0.07,0,0,0.27,3.15,68.09,0.87,30.77,0.07,0,0,0.34,3.96,61.02,0,,0,,0,0,0,0,,,0.2,,
Dudu,Vila Nova,Vila Nova,"LDMF, RDMF",24,2071,4,1.75,0,0.38,Brazil,8.95,8.3,52.36,4.08,55.32,0.17,0.26,0.3,4.43,6.73,2.78,8,0.35,0,0,1.04,0.17,4,0.17,0.08,2,0.09,35,1.52,25.71,11.429,0,1.26,34.48,0.65,33.33,3.95,45.05,0.87,0.7,0.04,20.38,0.39,1.74,28.9,78.65,10.39,67.36,3.09,90.14,9.52,85.84,3.39,56.41,17.69,34.3,0.02,0.26,0,0.04,0,0,0.17,5.21,71.67,1.17,44.44,0.04,0,0.22,0.35,4.78,70,0,,0,,0,0,0,0,,,0.13,,
Victor Hugo,Londrina,Londrina,"RW, RWF, CF",23,1390,1,1.58,3,1.31,Brazil,6.28,6.35,55.1,2.01,16.13,0,0,0.06,2.78,3.57,0.52,2,0.13,0,0,3.37,0.06,1,0.06,0.1,1,0.06,21,1.36,28.57,4.762,0.19,2.85,25,3.37,65.38,7.77,55,2.2,2.14,0.19,16.45,1.55,1.68,23.7,73.5,6.09,71.28,4.6,92.96,8.55,69.7,1.42,40.91,19.01,23.74,0.08,0.78,0.19,0,0.13,50,0.65,1.55,66.67,2.53,41.03,0.19,66.67,0.52,0.91,3.76,63.79,0,,0,,0,0,0,0,,,0,,
Nathan Camargo,Vila Nova,Vila Nova,"RB, LDMF",21,1280,1,0.29,0,0.27,Brazil,8.02,6.54,53.76,1.76,52,0.42,0.64,0.07,4.08,6.15,1.41,3,0.21,0,0,0.56,0.07,1,0.07,0.02,1,0.07,6,0.42,16.67,16.667,0,0.56,37.5,0.42,66.67,2.46,54.29,0.42,0.49,0,21.87,0.84,1.05,31.5,83.71,9.91,74.47,5.48,91.03,10.48,87.92,2.04,48.28,17.44,30.6,0.02,0.28,0,0,0,0,0.14,2.74,76.92,0.98,64.29,0,0,0.28,0.14,3.87,58.18,0,,0,,0,0,0,0,,,0.56,,
Guilherme Portuga,Londrina,Londrina,"RCMF, LCMF, DMF",28,635,1,0.72,0,0.27,Brazil,4.82,5.1,47.22,1.56,27.27,0.28,0.41,0.43,2.13,3.06,0.85,2,0.28,0,0,1.42,0.14,1,0.14,0.1,0,0,13,1.84,23.08,7.692,0,0.57,50,1.13,50,7.23,54.9,1.28,0.85,0.28,33.31,0.71,2.27,42.66,87.04,11.91,78.57,6.38,93.33,16.87,89.08,2.98,76.19,18.33,25.02,0.04,0.57,0,0,0.14,100,0.57,6.52,76.09,0.85,50,0.28,100,0.57,0.28,5.81,78.05,0,,0,,0,0,0,0,,,0.43,,
Nino Paraíba,Londrina,Londrina,"RB, RWB",40,708,0,0.05,0,0.98,Brazil,7.37,3.94,48.39,2.67,52.38,0.13,0.19,0,5.34,7.78,1.27,0,0,0,0,3.18,0,0,0,0.01,0,0,2,0.25,0,0,0,5.85,34.78,2.29,50,5.72,57.78,0.38,1.65,0.51,23.01,4.07,1.91,33.56,67.05,12.84,54.46,5.85,95.65,11.69,67.39,5.34,47.62,21.06,29.42,0.12,1.53,0,0,0,0,1.02,4.32,50,6.23,40.82,0,0,0.38,2.42,8.77,66.67,0,,0,,0,0,0,0,,,0.64,,
Willian Maranhão,Vila Nova,Vila Nova,"LDMF, DMF, RDMF",30,1015,0,0.26,0,0.04,Brazil,6.12,4.08,52.17,1.86,76.19,0.18,0.26,0.35,3.81,5.56,1.51,3,0.27,0,0,0.35,0,0,0,0.02,0,0,7,0.62,14.29,0,0,0.09,0,0.35,75,3.01,44.12,0.35,0.44,0.18,23.05,0.18,0.8,34.14,82.86,11.17,62.7,6.12,97.1,11.97,94.81,3.37,34.21,17.48,24.24,0,0.27,0,0,0.09,0,0,5.59,76.19,0.8,22.22,0.35,25,0.18,0,5.05,68.42,0,,0,,0,0,0,0,,,0.44,,
Igor Bahia,Londrina,Londrina,CF,33,450,2,2.9,0,0.08,Brazil,4.4,2.8,57.14,8.4,45.24,0.2,0.26,0.2,2.6,3.42,1.8,1,0.2,0,0,1.8,0.4,2,0.4,0.58,1,0.2,11,2.2,63.64,18.182,0,0.2,0,0.4,100,6.6,39.39,4.2,0,0,11,1.6,2,15.4,72.73,2,30,5.2,76.92,4.6,82.61,0.4,100,13.76,14.58,0.02,0.8,0,0,0,0,0.4,0.8,75,0.2,0,0,0,0.8,0,1.2,16.67,0,,0,,0,0,0,0,,,0,,
Everton Galdino,Vila Nova,Vila Nova,"RAMF, RWF",29,728,2,1.26,0,0.4,Brazil,3.96,2.84,47.83,2.1,23.53,0.12,0.18,0.37,2.47,3.57,0.62,0,0,0,0,2.47,0.25,2,0.25,0.16,0,0,12,1.48,50,16.667,0,0.87,42.86,1.98,68.75,6.3,41.18,2.47,0.25,0,20.27,1.61,0.87,25.84,79.9,5.56,66.67,6.3,96.08,8.65,80,1.48,58.33,17.17,35.79,0.05,0.49,0,0.25,0,0,0.37,2.23,66.67,2.47,45,0,0,0.62,0.25,2.6,76.19,0,,0,,0,0,0,0,,,0,,
Lucas Marques,Londrina,Londrina,"RCMF, DMF",31,1753,2,1.06,1,1.74,Brazil,6.57,4.93,52.08,1.54,43.33,0.26,0.34,0.31,3.75,4.94,0.92,4,0.21,1,0.05,1.18,0.1,2,0.1,0.05,0,0,27,1.39,37.04,7.407,0.05,1.03,40,0.31,83.33,2.31,42.22,0.92,0.56,0.1,28.39,0.51,0.46,38.09,81,13.19,65.76,4.72,96.74,14.79,90.28,4.31,52.38,20.43,35.24,0.09,0.98,0.1,0,0.05,0,0.41,7.39,66.67,1.8,42.86,0.26,0,0.56,0.41,6.98,70.59,0,,0,,0,0,0,0,,,0.51,,
Hebert,Londrina,Londrina,"LW, LWF, RW",26,528,2,1.95,1,0.37,Brazil,4.43,4.43,42.31,2.22,30.77,0,0,0,2.56,3.54,2.22,1,0.17,0,0,4.26,0.34,2,0.34,0.33,1,0.17,21,3.58,42.86,9.524,0.17,2.22,53.85,2.05,66.67,8.01,48.94,4.43,3.07,0.17,21.65,2.9,2.22,23.69,73.38,5.45,68.75,4.94,96.55,6.31,78.38,2.05,58.33,17.33,32.81,0.06,1.19,0,0,0.17,100,0.17,2.56,53.33,1.7,20,0.17,100,0.51,0.51,2.9,58.82,0,,0,,0,0,0,0,,,0,,