Name,Team,Competition,Season,Minutes,Primary Position,Nationality,Age,Date of Birth,All Goals,NP Goals,xG,xG/Shot,Shots,Goal Conversion%,Shooting%,Shot Touch%,Penalty Conversion%,PSxG,Assists,xG Assisted,Key Passes,OP Assists,OP xG Assisted,OP Key Passes,SP Assists,SP xG Assisted,SP Key Passes,Scoring Contribution,xG & xG Assisted,Shots & Key Passes,O/U Performance,Dribbles,Successful Dribbles,Failed Dribbles,Dribble%,Fouls Won,Penalty Wins,Dispossessed,Turnovers,Interceptions,PAdj Interceptions,Clearances,PAdj Clearances,Defensive Actions,Aggressive Actions,Blocks/Shot,Defensive Regains,Average DA X,Ball Recov. F2,Ball Recoveries,Tackles,Tack&Int,Tack/DP%,PAdj Tackles,PAdj Tack&Int,Fouls,Dribbles Stopped%,Dribbled Past,Aerial Win%,Aerial Wins,Errors,Pressures,PAdj Pressures,Pressure Regains,Counterpressures,Counterpress Regains,Average Pressure X,Pressures F2,Pressures F2%,Counterpressures F2,Counterpressures F2%,Yellow Cards,2nd Yellows,Red Cards,OP Passes,Passing%,Long Balls,L/R Footedness%,Long Ball%,Pr. Long Balls,UPr. Long Balls,Passes Pressured%,Pr. Pass%,Pr. Pass% Dif.,Average Pass X,Deep Progressions,xGBuildup,xGChain,Carries,Carry%,Carry Length,OP F3 Passes,PintoB,OP Passes Into Box,SP PintoB,Passes Inside Box,Touches In Box,PinTin,Throughballs,Successful Box Cross%,Successful Crosses,Crossing%,Deep Completions,Pass Forward%,Pass Sideways%,Pass Backward%,F3 Pass Forward%,F3 Pass Sideways%,F3 Pass Backward%,Pass Length,Pr. Pass Length,Pass Length Ratio,Pr. Pass Length%,Pr. Pass Length Dif.,Succ. Pass Length,Succ.Pr. Pass Length,Goals Conceded,PSxG Faced,GSAA,Save%,xSv%,Shot Stopping%,xG Faced,Shots Faced,Shots Faced OT%,All Shots Faced,Positioning Error,Penalties Faced,Penalties Conceded,GK Aggressive Dist.,Claims%,Pass into Danger%,Pass into Pressure%,Positive Outcome,Positive Outcome%,Pass OBV,D&C OBV,DA OBV,Shot OBV,Goalkeeper OBV,OBV
Abel Hernández,Peñarol,Primera División,2026,800,Centre Forward,Uruguay,36,07/08/90,0.79,0.68,0.67,0.16,4.16,16,49,9,100,0.73,0,0.05,0.9,0,0.05,0.9,0,0,0,0.68,0.71,5.06,-0.04,0.79,0.45,0.34,57,0.34,0.11,1.24,1.69,0.11,0.07,0.56,0.55,15.08,7.43,0.01,4.95,56.67,4.16,3.04,0.68,0.79,60,0.76,0.83,1.35,20,0.45,47,2.93,0,13.05,13.13,4.16,3.04,0.68,59.01,8.89,68,2.59,85,0.23,0,0,16.43,71,0.23,83,25,0.56,0.9,25,66,-5,61.57,1.46,0.37,0.87,13.61,83,3.66,6.3,0.34,0.34,0,0.56,7.54,7.88,0,0,0.11,33,0.79,17,69,14,11,73,16,15.14,10.96,0.94,107,-4.18,14.18,11.72,0,0,0,0,0,,0,0,,0,0,0,0,0,0,33,8,2.7,14,-0.03,-0.01,0.02,0.12,,0.09
Adrian Vila,Deportivo Maldonado,Primera División,2026,316,Right Centre Midfielder,Uruguay,24,31/12/01,0,0,0.15,0.07,1.99,0,29,2,,0.19,0,0.07,1.14,0,0.07,1.14,0,0,0,0,0.22,3.13,-0.22,3.7,1.71,1.99,46,2.28,0.28,2.85,3.42,0.57,0.63,2.28,2.44,26.75,14.8,0.05,7.4,44.01,11.95,5.69,3.13,3.7,65,3.24,3.87,1.99,14,1.71,50,0.85,0,21.63,20.48,5.69,4.55,1.14,46.14,8.82,41,3.7,81,0.28,0,0,31.88,67,1.99,25,64,3.13,2.28,18,48,-19,57.55,3.42,0.4,0.47,31.31,83,5.76,10.25,0.57,0.57,0,0.85,3.7,4.27,0,100,1.14,80,1.14,24,68,8,22,69,8,17.15,17.02,1.01,108,-0.13,17.41,18.39,0,0,0,0,0,,0,0,,0,0,0,0,0,0,38,12,6.35,34,0.12,0.16,0.06,0,,0.35
Adriano Freitas,Deportivo Maldonado,Primera División,2026,461,Goalkeeper,Uruguay,29,16/06/97,0,0,0,,0,,,0,,0,0,0,0,0,0,0,0,0,0,0,0,0,0,0,0,0,,0,0,0,0,0,0,0,0,0.59,0.39,0,8.2,3.71,4.49,0,0,0,,0,0,0.2,,0,,0,0,0.39,0.45,0.2,0,0,5.54,0,0,0,,0.39,0,0,18.95,61,5.47,11,32,2.73,14.46,12,40,-21,9.16,0.39,0.07,0.07,17.78,100,5.49,0.39,0,0,0,0,0,0,0,,0,,0,46,54,0,100,0,0,42.48,44.29,0.71,95,1.81,29.99,42.08,0.78,0.82,0.04,75,74,1,1.03,3.13,28,11.33,2.36,0.39,0.39,17.08,1,34,2,0.8,5,0.06,0.08,-0.13,,-0.09,-0.08
Adrián Colombino,Progreso,Primera División,2026,1503,Right Defensive Midfielder,Uruguay,33,11/10/93,0,0,0.02,0.03,0.48,0,13,1,,0,0,0.05,0.84,0,0.04,0.66,0,0.01,0.18,0,0.07,1.32,-0.07,0.66,0.48,0.18,73,0.54,0,0.84,0.78,0.78,0.72,1.68,1.36,19.23,10.3,0.04,7.67,38.14,12.76,6.47,2.34,3.11,60,2.02,2.74,1.38,29,1.56,65,0.9,0,15.51,13.41,5.39,4.07,1.62,41.1,4.97,32,2.28,56,0.18,0,0,33.48,72,3.65,20,47,2.4,7.07,13,67,-5,48.75,4.91,0.18,0.19,23.6,94,5.06,7.07,1.08,0.9,0.18,0,0.3,1.2,0,22,0.3,50,0.12,23,69,8,34,63,3,23.94,20.64,0.91,87,-3.3,21.7,18,0,0,0,0,0,,0,0,,0,0,0,0,0,0,28,9,4.28,32,0.03,0.06,-0.01,-0.01,,0.08
Agustín Aguirre,Boston River,Primera División,2026,769,Left Centre Back,Argentina,22,11/01/04,0,0,0,0.03,0.12,0,0,0,,0,0,0,0,0,0,0,0,0,0,0,0,0.12,0,0.35,0.12,0.23,33,0.12,0,0.7,0.47,1.52,1.84,7.6,9.27,9.12,3.74,0.04,5.03,21.87,8.19,1.29,1.29,2.81,73,1.58,3.42,1.05,33,0.47,57,2.46,0,6.78,8.55,2.46,1.4,0.47,27.9,0.82,12,0.23,17,0.23,0,0.12,44.34,86,3.98,88,61,8.31,5.85,9,71,-14,37.09,2.22,0.17,0.17,34.74,98,4.79,3.16,0,0,0,0.12,0.47,0.47,0,,0.23,67,0.12,30,65,5,52,44,4,22.98,23.11,0.95,94,0.14,21.82,21.7,0,0,0,0,0,,0,0,,0,0,0,0,0,0,18,7,2.02,15,0.04,0.04,0.01,-0.01,,0.07
Agustín Alaniz,CA Juventud,Primera División,2026,758,Left Wing,Uruguay,24,15/05/02,0.12,0.12,0.18,0.06,3.09,4,31,4,,0.24,0.12,0.1,0.83,0.12,0.1,0.83,0,0,0,0.24,0.28,3.92,-0.04,2.61,1.42,1.19,55,1.54,0,1.9,4.51,0.71,0.89,0.36,0.4,18.05,6.77,0.01,6.17,55.48,7.01,3.56,0.83,1.54,41,0.98,1.87,1.66,17,1.19,29,0.59,0,15.55,19.15,5.22,5.7,1.66,56.77,9.26,60,4.87,85,0.24,0,0,27.19,68,1.78,19,60,0.83,2.49,24,58,-10,59.98,3.09,0.21,0.34,30.75,84,6.09,8.43,1.19,1.19,0,0,4.04,5.22,0.12,10,0.47,18,0.24,18,66,16,17,62,21,18.15,16.24,1.01,113,-1.92,18.32,18.3,0,0,0,0,0,,0,0,,0,0,0,0,0,0,31,7,3.7,26,-0.04,0.08,0.01,-0.04,,0.01
Agustín Amado,Boston River,Primera División,2026,1749,Left Defensive Midfielder,Uruguay,25,05/02/01,0,0,0.03,0.02,1.03,0,10,1,,0.01,0.05,0.08,0.98,0.05,0.08,0.98,0,0,0,0.05,0.11,2.01,-0.06,2.42,1.6,0.82,66,1.18,0,2.32,2.16,0.87,0.95,1.18,1.06,18.37,9.01,0.03,8.03,37.71,10.34,4.53,1.7,2.57,60,1.8,2.75,0.82,42,1.13,71,0.62,0.1,15.9,16.07,6.02,4.22,1.8,40.92,5.15,32,1.9,45,0.15,0,0,45.9,84,3.45,13,68,1.85,4.43,14,76,-8,48.78,7,0.48,0.52,43.9,92,5.89,9.57,1.13,0.82,0.31,0,0.31,1.13,0.21,23,0.26,42,0.05,25,68,7,37,59,4,20.27,19.2,0.98,98,-1.07,19.78,18.83,0,0,0,0,0,,0,0,,0,0,0,0,0,0,18,10,4.69,40,0.01,0.09,-0.02,-0.03,,0.04
Agustín Bernardo Vera Flores,Albion,Primera División,2026,1340,Left Wing,Uruguay,22,01/01/04,0.07,0.07,0.08,0.08,0.94,7,29,1,,0.07,0.13,0.15,1.34,0.13,0.15,1.34,0,0,0,0.2,0.23,2.28,-0.03,1.81,0.81,1.01,44,2.42,0,3.49,2.75,0.47,0.43,0.54,0.55,18.68,6.72,0.04,5.51,48.33,6.79,3.43,1.81,2.28,64,1.95,2.38,1.75,18,1.01,29,0.47,0,15.18,16.16,4.7,4.37,1.55,50.37,7.59,50,3.43,78,0.27,0,0,27.61,78,1.61,84,55,1.21,2.28,26,78,0,58.02,3.63,0.32,0.41,31.71,83,5.27,9.88,0.94,0.94,0,0.2,1.81,2.75,0.2,29,0.34,29,0.34,21,65,15,17,70,13,17.3,16.33,0.96,100,-0.97,16.57,16.26,0,0,0,0,0,,0,0,,0,0,0,0,0,0,23,9,4.86,33,0.08,0.04,-0.07,0.01,,0.05
Agustín Buffa,Wanderers,Primera División,2026,2677,Goalkeeper,Uruguay,28,07/01/98,0,0,0,,0,,,0,,0,0,0.02,0.2,0,0.01,0.13,0,0,0.07,0,0.02,0.2,-0.02,0,0,0,,0.2,0,0.03,0,0,0,0,0,0.24,0.24,0,7.8,2.96,4.14,0.07,0,0,0,0,0,0.03,40,0.17,0,0,0,0.2,0.16,0.2,0.07,0.07,15.55,0,0,0,0,0.1,0,0,17.79,69,8.61,8,50,2.49,14.59,12,58,-11,11.47,1.55,0.14,0.14,16,100,6.45,0.91,0.07,0.07,0,0,0,0.07,0,0,0,,0,49,51,0,85,15,0,44.49,45.7,0.81,86,1.21,36.18,39.39,1.04,0.98,-0.06,62,64,-2,1.06,2.76,23,11.77,2.02,0.2,0.13,19.92,-1,27,3,2.23,14,0.1,0.1,-0.03,,0,0.16
Agustín Cayetano Arbelo,Liverpool,Primera División,2026,602,Left Centre Back,Uruguay,27,08/08/99,0,0,0,0.01,0.45,0,0,0,,0,0.15,0.05,0.75,0.15,0.05,0.6,0,0,0.15,0.15,0.06,1.2,0.09,0.3,0.3,0,100,0.6,0,0.75,0.3,0.6,0.77,3.44,3.35,14.2,7.62,0.03,5.23,39.29,12.7,4.78,2.84,3.44,76,3.27,4.04,0.75,55,0.9,63,1.79,0,10.61,11.61,3.59,2.54,0.9,44.71,4.33,41,1.94,76,0.15,0,0,54.55,75,5.68,91,45,4.78,11.21,7,55,-20,47.4,8.97,0.26,0.28,41.84,98,5.06,10.76,1.49,0.75,0.75,0.3,0.75,1.49,0.15,10,0.3,15,0.3,33,65,3,38,61,1,24.12,23.94,0.89,106,-0.18,21.53,25.49,0,0,0,0,0,,0,0,,0,0,0,0,0,0,23,6,4.78,25,0.22,0.06,0.04,-0.01,,0.31
Agustín De la Cuesta Airoldi,Racing,Primera División,2026,351,Left Defensive Midfielder,Argentina,20,03/01/06,0.26,0.26,0.04,0.03,1.54,17,33,3,,0.29,0,0.07,0.77,0,0.04,0.26,0,0.03,0.51,0.26,0.11,2.31,0.14,0.77,0.77,0,100,1.03,0,2.05,1.03,0.77,0.61,1.03,0.86,19.75,8.47,0,7.44,45.36,16.68,8.21,2.57,3.34,63,2.04,2.65,2.05,43,1.54,33,1.03,0,15.39,13.37,6.16,5.13,2.82,48.76,7.44,48,3.59,70,0.26,0,0,32.58,63,2.57,85,48,1.54,4.87,11,47,-17,54.7,5.39,0.11,0.17,25.91,88,5.82,8.72,1.03,0.51,0.51,0,1.8,2.31,0,25,0.26,33,0,28,69,3,29,65,6,22.07,14.86,0.97,115,-7.21,21.36,17.02,0,0,0,0,0,,0,0,,0,0,0,0,0,0,38,10,3.05,21,0.04,0.08,0.05,0,,0.17
Agustín Dos Santos,Nacional,Primera División,2026,907,Right Defensive Midfielder,Uruguay,18,08/02/08,0,0,0.03,0.04,0.89,0,22,1,,0,0,0.04,0.5,0,0.02,0.3,0,0.03,0.2,0,0.07,1.39,-0.07,0.5,0.3,0.2,60,0.89,0,1.09,1.69,0.99,1.13,0.99,1.01,25.81,11.51,0.04,8.44,46.43,11.02,6.15,3.08,4.07,76,3.79,4.93,1.99,43,0.99,50,1.49,0,20.74,23.59,6.95,6.35,2.68,47.57,9.23,44,3.37,53,0.3,0,0,39.7,74,4.57,18,60,1.89,6.75,16,68,-6,54.12,4.96,0.39,0.4,33.75,94,5.42,8.73,1.09,0.4,0.69,0,1.59,1.99,0.1,9,0.1,14,0.2,17,70,13,20,69,10,22.07,17.88,0.97,113,-4.19,21.38,20.24,0,0,0,0,0,,0,0,,0,0,0,0,0,0,26,6,6.65,38,0.01,0.01,0.03,-0.04,,0.02
Agustín Miranda,Cerro,Primera División,2026,660,Left Centre Midfielder,Uruguay,34,27/11/92,0.14,0.14,0.05,0.04,1.23,11,33,1,,0.12,0.27,0.07,0.95,0.27,0.06,0.82,0,0,0.14,0.41,0.12,2.18,0.29,1.09,0.55,0.55,50,1.64,0,2.32,2.32,0.68,0.4,1.36,0.78,23.72,11.72,0.04,8.45,45.75,10.5,5.59,2.45,3.14,75,1.55,1.96,2.59,25,0.82,57,1.77,0.14,18.67,11.75,6.27,6.41,2.18,47.31,8.72,47,3.95,62,0.14,0.14,0.14,28.49,71,1.77,12,45,1.64,3.68,24,63,-8,51.44,2.86,0.19,0.21,23.31,87,4.12,5.59,0.27,0.14,0.14,0.14,2.32,2.45,0.14,0,0.14,33,0.41,23,69,7,27,63,10,18.86,14.61,0.93,100,-4.25,17.63,14.66,0,0,0,0,0,,0,0,,0,0,0,0,0,0,27,7,2.6,30,-0.03,0.06,-0.03,0.06,,0.05
Agustín Ocampo,Progreso,Primera División,2026,338,Centre Attacking Midfielder,Uruguay,29,22/11/97,0.27,0,0.26,0.16,1.6,0,33,3,100,0.11,0,0,0.27,0,0,0.27,0,0,0,0,0.26,1.86,-0.26,1.6,1.33,0.27,83,1.6,0,2.93,1.86,0.53,0.1,1.6,0.48,20.5,9.05,0,6.66,44.63,11.72,5.59,2.13,2.66,67,0.84,0.95,1.6,0,1.07,50,0.8,0,16.78,8.47,6.12,5.59,2.4,48.13,7.99,48,3.46,62,0.53,0,0.27,31.69,52,3.73,70,40,1.86,9.05,10,46,-6,48,5.06,0.42,0.5,28.76,84,5.53,4.79,0.53,0.27,0.27,0,3.73,3.99,0,0,0,0,0,36,54,10,44,56,0,24.77,15.43,0.9,119,-9.34,22.36,18.41,0,0,0,0,0,,0,0,,0,0,0,0,0,0,39,7,4.1,34,0.05,0.04,0.06,-0.2,,-0.06
Agustín Pereira,Albion,Primera División,2026,744,Right Back,Uruguay,25,23/03/01,0,0,0.02,0.05,0.48,0,25,0,,0,0,0.02,0.48,0,0.01,0.24,0,0.01,0.24,0,0.04,0.97,-0.04,0.48,0.24,0.24,50,1.57,0,0.61,0.73,0.73,0.93,3.15,3.97,16.58,7.63,0.06,5.69,29.93,10.41,2.9,2.78,3.51,70,3.79,4.73,1.57,56,1.21,77,2.06,0,12.22,15.81,3.51,3.51,1.09,36.55,3.27,27,1.69,48,0.36,0,0.12,41.76,82,2.18,12,50,4.12,3.39,15,69,-13,46.32,3.99,0.22,0.24,35.58,97,4.92,6.29,0.97,0.24,0.73,0,0.97,1.21,0.12,13,0.12,14,0.12,25,62,13,23,63,13,20.32,21.95,0.92,83,1.62,18.75,18.21,0,0,0,0,0,,0,0,,0,0,0,0,0,0,21,8,5.17,43,0.1,0.1,0.02,-0.03,,0.19
Agustín Pinheiro,Progreso,Primera División,2026,2123,Left Defensive Midfielder,Uruguay,24,14/03/02,0,0,0.01,0.04,0.25,0,50,0,,0.01,0.08,0.02,0.38,0.08,0.02,0.38,0,0,0,0.08,0.03,0.64,0.05,0.59,0.34,0.25,57,1.06,0,0.85,1.1,1.19,0.71,1.57,0.94,21.24,9.37,0.04,7.29,40.19,11.19,4.28,2.92,4.11,75,2.41,3.12,1.19,38,0.97,54,1.61,0.04,17.17,12.55,5.55,4.32,1.27,42.42,6.19,36,2.71,63,0.21,0,0.08,25.18,73,1.53,10,49,1.95,2.71,17,65,-8,49.84,3.09,0.19,0.2,18.44,92,5.09,5.64,0.38,0.38,0,0.04,0.51,0.89,0.04,22,0.13,27,0.08,29,62,9,28,68,5,19.2,16.14,0.94,98,-3.06,17.98,15.76,0,0,0,0,0,,0,0,,0,0,0,0,0,0,27,8,2.37,21,0.01,0.07,0.02,-0.01,,0.08
Agustín Requena,Progreso,Primera División,2026,600,Goalkeeper,Uruguay,28,08/12/98,0,0,0,,0,,,0,,0,0,0,0,0,0,0,0,0,0,0,0,0,0,0,0,0,,0.15,0,0,0,0,0,0,0,0.3,0.15,0,7.2,2.12,4.95,0,0,0,,0,0,0.15,,0,,0,0,0.15,0.1,0.15,0,0,5.37,0,0,0,,0.15,0,0,12.74,59,9.3,64,49,1.35,17.54,6,70,11,11.04,0.45,0.14,0.14,11.25,100,6.87,0.3,0,0,0,0,0,0,0,,0,,0,68,32,0,100,0,0,50.44,47.63,0.87,103,-2.81,44.09,49.09,1.05,1.34,0.29,73,66,7,1.24,3.9,33,11.99,1.82,0.3,0.3,18.49,-2,43,2,1.36,8,0.09,0.05,-0.1,,-0.29,-0.25
Agustín Rogel,Nacional,Primera División,2026,1418,Right Centre Back,Uruguay,29,16/10/97,0.13,0.13,0.1,0.22,0.44,29,43,0,,0.11,0,0.01,0.06,0,0.01,0.06,0,0,0,0.13,0.11,0.51,0.01,0.19,0,0.19,0,0.44,0,0.19,0.25,0.44,0.62,3.43,4.28,9.01,4.38,0.04,4.57,28.63,11.3,2.35,1.71,2.16,93,2.07,2.69,1.02,60,0.13,68,3.24,0,6.35,7.8,3.36,1.33,0.7,30.49,1.52,24,1.02,76,0.32,0,0,47.03,83,5.78,12,59,4.95,8.19,12,56,-27,37.31,4,0.37,0.39,36.75,99,4.52,4.44,0.38,0.38,0,0.19,1.4,1.78,0,0,0,,0.25,27,72,1,37,63,0,25.46,25.94,0.93,87,0.48,23.63,22.65,0,0,0,0,0,,0,0,,0,0,0,0,0,0,18,5,3.34,19,0.1,0.04,0.09,-0.01,,0.22
Agustín Álvarez,Racing,Primera División,2026,987,Centre Defensive Midfielder,Uruguay,25,19/04/01,0,0,0.03,0.03,1,0,9,1,,0,0.18,0.15,1.82,0,0.04,0.82,0.18,0.11,1,0.18,0.18,2.83,0,0.64,0.46,0.18,71,0.46,0,0.36,0.64,1.09,0.96,1.73,1.39,14.78,7.3,0.06,6.57,38.5,15.14,6.11,1.46,2.55,70,1.41,2.37,1.28,42,0.64,57,1.19,0.09,12.04,11.15,5.38,2.92,1.09,42.01,3.37,28,1.28,44,0.27,0,0,34.02,80,3.1,21,52,2.1,5.56,14,69,-11,51.6,5.02,0.35,0.4,24.9,97,4.69,7.39,2.01,0.64,1.37,0,0.64,1.28,0,27,0.55,60,0,27,66,7,37,60,2,22.18,18.75,0.94,100,-3.43,20.85,18.74,0,0,0,0,0,,0,0,,0,0,0,0,0,0,21,7,7.51,43,0.19,0.08,0.01,-0.04,,0.23
Alan Nicolás García Pereyra,Wanderers,Primera División,2026,713,Left Back,Uruguay,27,13/09/99,0,0,0.03,0.09,0.38,0,0,0,,0,0,0,0.25,0,0,0.25,0,0,0,0,0.04,0.63,-0.04,0.38,0.38,0,100,0.38,0,1.39,0.88,1.01,1,2.02,1.47,18.67,7.82,0.03,6.56,41.26,11.73,4.16,3.28,4.29,70,3.1,4.1,1.39,42,1.39,35,0.76,0,14.13,12.07,4.54,4.67,1.39,47.7,6.06,43,3.15,68,0.25,0,0,32.93,69,2.52,20,44,2.9,4.79,10,59,-10,50.14,3.66,0.37,0.38,23.21,91,5.04,7.7,0.63,0.25,0.38,0,0.63,0.88,0.13,0,0,0,0,36,56,9,30,64,7,20.37,22.48,0.91,118,2.11,18.57,26.51,0,0,0,0,0,,0,0,,0,0,0,0,0,0,33,7,3.68,27,0.06,0.03,-0.01,-0.04,,0.04
Alan del Arco,Defensor Sporting,Primera División,2026,1064,Right Wing,Uruguay,18,02/01/08,0,0,0.16,0.08,2.03,0,29,4,,0.13,0,0.11,1.1,0,0.11,1.1,0,0,0,0,0.28,3.13,-0.28,5.41,2.2,3.21,41,1.02,0,2.45,6.43,0.34,0.33,0.85,1.02,17.34,7.61,0.01,3.89,50.94,7.7,4.57,1.18,1.52,61,1.39,1.72,1.44,18,0.76,66,1.61,0,14.72,15.94,3.38,4.4,1.18,54.28,8.29,56,3.55,81,0.34,0,0,20.64,47,0.76,13,24,1.02,3.05,24,47,0,63.95,2.79,0.31,0.5,25.97,72,5.9,5.08,0.93,0.93,0,0.34,4.15,5.08,0,82,0.93,32,0.42,21,65,14,22,62,17,19.28,14.11,0.9,107,-5.17,17.28,15.16,0,0,0,0,0,,0,0,,0,0,0,0,0,0,42,7,4.04,25,0.01,0.03,0.06,0.02,,0.12
Alejandro Severo,Cerro,Primera División,2026,599,Left Wing,Uruguay,21,26/08/05,0.3,0.3,0.09,0.06,1.5,20,50,3,,0.27,0,0.12,0.75,0,0.12,0.75,0,0,0,0.3,0.21,2.26,0.09,2.71,2.11,0.6,78,1.2,0,3.16,3.01,0.15,0.11,0.75,0.47,20.75,10.98,0,6.01,47.87,6.77,4.51,1.65,1.8,58,0.9,1.01,1.35,22,1.2,18,0.45,0,17.74,9.74,4.96,4.51,1.65,49.04,7.52,42,3.31,73,0.3,0,0,20.45,68,0.45,22,43,1.2,0.6,27,68,0,61.39,3.01,0.09,0.27,26.77,78,5.11,7.52,0.9,0.9,0,0,2.26,3.16,0,0,0,0,0.3,21,57,22,20,58,22,15.74,13.13,0.97,121,-2.61,15.32,15.92,0,0,0,0,0,,0,0,,0,0,0,0,0,0,28,9,2.71,26,-0.02,0.04,0.01,0.09,,0.12
Alejo Cruz,CA Juventud,Primera División,2026,1301,Left Wing,Uruguay,26,31/08/00,0.28,0.28,0.13,0.07,1.94,14,39,3,,0.22,0.14,0.1,1.25,0.14,0.1,1.25,0,0,0,0.42,0.24,3.18,0.18,2.35,1.11,1.25,47,1.25,0,2.42,3.04,0.35,0.36,0.21,0.18,9.41,4.15,0.02,3.25,55.09,7.06,4.08,0.97,1.31,93,1.16,1.52,0.42,50,0.07,40,0.42,0,8.03,9.55,2.84,3.39,1.18,58.2,4.98,62,2.77,82,0.07,0,0,29.76,68,1.45,75,45,0.83,2.63,15,63,-5,62.84,4.84,0.41,0.52,31.56,86,5.81,11.21,1.8,1.8,0,0.21,2.98,4.78,0.07,15,0.69,26,0.48,20,69,11,20,65,14,18.92,18.86,0.93,107,-0.05,17.56,20.12,0,0,0,0,0,,0,0,,0,0,0,0,0,0,32,10,5.2,35,0.04,0.11,0.02,0.03,,0.19
Alejo Macelli,Cerro,Primera División,2026,2422,Right Centre Back,Argentina,28,01/03/98,0.11,0.11,0.06,0.08,0.67,17,28,0,,0.06,0,0.02,0.22,0,0.02,0.22,0,0,0,0.11,0.07,0.89,0.04,0.22,0.22,0,100,1.26,0,0.89,0.26,1.41,1.05,5.2,3.74,15.87,8.66,0.05,8.21,29.59,13.71,4.35,2.82,4.24,70,1.87,2.92,1.04,32,1.23,73,3.05,0.04,12.08,8.35,4.76,2.97,1,36.9,2.86,24,1.23,41,0.3,0.04,0,36.68,77,3.68,12,53,6.32,5.8,19,68,-9,40.3,3.72,0.22,0.24,26.91,97,4.17,3.94,0.26,0.19,0.07,0,0.97,1.15,0.04,0,0,0,0,34,61,5,49,46,5,22.92,21.22,0.93,101,-1.69,21.22,21.34,0,0,0,0,0,,0,0,,0,0,0,0,0,0,26,8,2.51,21,0.03,0.05,0.05,0.01,,0.14
Alexander Ezequiel Velázquez Ghigliazza,Danubio,Primera División,2026,371,Left Wing Back,Uruguay,19,08/04/07,0,0,0.03,0.02,1.7,0,14,3,,0,0,0.05,0.49,0,0,0,0,0.05,0.49,0,0.08,2.19,-0.08,2.43,1.21,1.21,50,1.21,0,1.46,2.91,1.94,1.82,1.94,2.15,17,7.29,0,6.07,43.53,13.11,6.8,2.19,4.13,53,2.2,4.02,1.21,27,1.94,50,0.97,0,13.6,14.23,3.89,3.64,1.21,47.52,6.07,45,2.67,73,0.24,0,0,32.54,52,2.67,93,38,2.67,6.31,18,39,-14,52.7,4.13,0.27,0.28,30.6,89,6.57,4.61,1.7,1.21,0.49,0,1.7,2.91,0,14,0.24,7,0,34,55,12,37,53,11,22.9,16.97,0.91,98,-5.93,20.79,16.61,0,0,0,0,0,,0,0,,0,0,0,0,0,0,45,10,6.14,36,0.05,0.08,0.02,-0.07,,0.09
Alexander González,Boston River,Primera División,2026,856,Centre Forward,Uruguay,24,07/08/02,0.11,0.11,0.33,0.24,1.37,8,46,3,0,0.38,0,0.09,0.74,0,0.09,0.74,0,0,0,0.11,0.42,2.1,-0.31,0.42,0.21,0.21,50,0.84,0,1.68,2.1,0.63,0.58,0.63,0.67,16.4,6.83,0.01,3.99,57.06,4.52,2.73,0.74,1.37,70,0.89,1.47,1.58,50,0.32,41,2.84,0,14.08,14.42,3.15,3.57,0.95,60.46,9.98,71,2.52,71,0.11,0,0,16.82,64,1.05,17,63,0.95,1.37,24,38,-26,55.15,1.26,0.34,0.56,13.35,76,4.77,4.2,0.53,0.53,0,0.63,5.26,5.78,0.21,20,0.11,50,0.84,21,64,15,25,60,15,19.02,17.66,1.02,101,-1.36,19.5,17.84,0,0,0,0,0,,0,0,,0,0,0,0,0,0,31,6,2.93,26,-0.01,-0.06,0.03,0.09,,0.06
Alexander Hernández,Cerro Largo,Primera División,2026,2458,Right Back,Uruguay,22,17/08/04,0.04,0.04,0.02,0.04,0.37,10,40,1,,0.03,0,0.02,0.33,0,0.02,0.33,0,0,0,0.04,0.04,0.7,0,1.25,0.88,0.37,71,0.55,0,1.54,1.35,1.43,1.37,2.75,2.72,16.3,7.8,0.02,6.7,33.68,7.51,2.12,2.56,3.99,71,2.57,3.94,0.99,55,1.06,60,1.25,0,12.78,12.45,4.76,2.56,0.81,38.06,3.77,30,1.54,60,0.22,0,0,29.26,75,1.72,13,39,3.59,3.59,15,67,-8,49.63,3.77,0.17,0.19,25.34,90,5.62,5.9,0.33,0.26,0.07,0.04,0.7,0.95,0,22,0.15,13,0.07,33,58,10,29,58,13,20.04,21.59,0.9,90,1.55,18,19.51,0,0,0,0,0,,0,0,,0,0,0,0,0,0,28,12,2.84,25,0.07,0.04,0.04,0,,0.16
Alexander Machado,Defensor Sporting,Primera División,2026,1414,Left Wing,Uruguay,24,27/05/02,0.25,0.25,0.33,0.12,2.67,10,36,5,,0.29,0,0.07,0.89,0,0.07,0.89,0,0,0,0.25,0.4,3.56,-0.14,1.53,0.83,0.7,54,0.89,0,1.59,2.23,0.19,0.16,0.83,0.74,13.43,5.03,0.01,4.33,51.7,5.73,3.44,0.95,1.15,58,1.15,1.31,0.51,29,0.7,61,1.91,0,11.96,13.59,3.56,3.12,1.08,54.28,6.49,54,2.16,69,0.13,0,0,23.61,69,0.95,69,44,1.34,1.65,28,56,-13,59.98,3.25,0.31,0.49,23.22,88,5.42,8.27,0.95,0.95,0,0.25,5.22,6.17,0.13,67,0.89,40,0.57,21,63,16,19,65,16,18.65,16.69,0.94,95,-1.96,17.51,15.87,0,0,0,0,0,,0,0,,0,0,0,0,0,0,37,12,3.72,24,0.02,0.06,0.04,0,,0.12
Alexis Piegas,Cerro Largo,Primera División,2026,1282,Left Centre Back,Uruguay,24,10/02/02,0,0,0.01,0.07,0.21,0,33,0,,0.01,0,0,0,0,0,0,0,0,0,0,0.01,0.21,-0.01,0.42,0.42,0,100,1.75,0,0.35,0.07,1.26,1.24,6.81,6.28,12.42,6.95,0.11,7.51,21.61,10.46,1.26,2.04,3.3,76,1.99,3.23,1.12,71,0.63,61,2.18,0.21,9.27,9.21,4.14,1.68,0.49,26.83,0.63,7,0.21,13,0.7,0,0,32.57,80,2.88,17,50,8.28,4.28,17,63,-18,35.04,1.83,0.18,0.19,25.97,98,4.95,2.04,0.21,0.21,0,0.07,0.7,0.91,0,0,0,,0.07,32,65,3,48,52,0,24.46,25.95,0.92,87,1.5,22.44,22.63,0,0,0,0,0,,0,0,,0,0,0,0,0,0,19,7,1.31,12,0.03,0.05,0.08,-0.01,,0.14
Alis Maximiliano Noble Sequeira,Deportivo Maldonado,Primera División,2026,1822,Centre Attacking Midfielder,Uruguay,29,12/09/97,0.3,0.1,0.17,0.07,2.47,4,40,2,80,0.18,0.2,0.1,1.28,0.2,0.1,1.14,0,0,0.15,0.3,0.27,3.75,0.03,1.28,0.74,0.54,58,2.22,0,1.93,2.62,0.4,0.41,0.69,0.69,14.57,6.72,0,4.59,54.11,8.2,4.5,1.14,1.53,64,1.15,1.57,1.48,33,0.64,36,0.59,0,11.96,12.78,3.9,3.56,1.33,55.78,7.06,59,2.82,79,0.3,0,0,43.08,75,3.51,11,65,1.38,4.69,19,69,-6,59.57,6.82,0.47,0.57,40.76,91,5.5,15.86,1.33,1.14,0.2,0.2,2.91,4.05,0.05,4,0.2,19,0.35,24,64,13,24,64,12,19.06,16.21,0.98,107,-2.85,18.61,17.33,0,0,0,0,0,,0,0,,0,0,0,0,0,0,26,11,8.04,46,-0.01,0.07,0.02,-0.09,,0
Andrés Mehring,Progreso,Primera División,2026,1478,Goalkeeper,Argentina,32,18/04/94,0,0,0,,0,,,0,,0,0,0,0.06,0,0,0.06,0,0,0,0,0,0.06,0,0.06,0.06,0,100,0.3,0,0,0,0,0,0,0,0.18,0.12,0,7.67,2.8,4.93,0,0,0,0,0,0,0.06,0,0.06,,0,0.06,0.12,0.08,0.12,0,0,9.74,0,0,0,,0.12,0,0,17.9,64,7.98,11,46,2.25,15.22,12,62,-2,12.24,1.77,0.08,0.08,15.41,100,6.87,1.04,0,0,0,0,0,0,0,,0,,0,55,44,0,94,6,0,47.41,45.47,0.79,91,-1.94,37.67,41.24,1.16,1.24,0.08,69,67,2,1.08,3.71,33,11.2,2.04,0.18,0.18,17.29,2,33,3,0.97,8,0.1,0.1,-0.04,,0.07,0.23
Andrés Sebastián Romero Fernández,Albion,Primera División,2026,1060,Right Back,Uruguay,28,07/06/98,0,0,0.02,0.03,0.68,0,25,0,,0.03,0,0,0.17,0,0,0.08,0,0,0.08,0,0.02,0.85,-0.02,1.02,0.76,0.25,75,1.02,0,1.27,0.51,1.19,1.04,2.55,2.54,15.11,7.47,0.02,7.56,30.59,13.92,3.99,1.7,2.89,69,1.75,2.79,0.85,36,0.76,64,1.95,0,12.65,12.32,5.52,2.04,0.93,33.02,3.31,26,0.93,46,0.34,0,0,44.06,75,5.52,12,59,4.24,7.73,14,60,-15,42.41,5.35,0.44,0.44,35.74,96,4.64,6.28,0.51,0.34,0.17,0,0.76,1.1,0.08,17,0.08,10,0,38,58,3,46,53,1,23.62,24.74,0.93,94,1.12,21.86,23.33,0,0,0,0,0,,0,0,,0,0,0,0,0,0,30,12,5.51,33,0.22,0.08,0.03,-0.02,,0.3
Ariel Lima,Cerro,Primera División,2026,878,Left Centre Back,Uruguay,21,01/03/05,0.1,0.1,0.03,0.05,0.51,20,20,0,,0.06,0,0,0.1,0,0,0,0,0,0.1,0.1,0.03,0.61,0.07,0.51,0.41,0.1,80,0.61,0,0.72,0.31,0.51,0.43,6.46,5.17,11.48,5.64,0.13,6.25,19.04,10.76,1.74,2.15,2.66,88,1.75,2.19,0.72,50,0.31,78,3.18,0.1,8.71,6.94,3.48,0.82,0.31,24.13,0.51,6,0.2,25,0.2,0,0,22.75,80,2.66,82,55,7.58,3.69,16,67,-13,34.22,1.84,0.08,0.08,17.22,96,5.09,1.74,0.2,0.1,0.1,0,0.61,0.72,0,0,0,,0.1,33,62,5,71,29,0,24.17,26.14,0.91,88,1.96,22.01,22.98,0,0,0,0,0,,0,0,,0,0,0,0,0,0,21,7,1.27,9,0.03,-0.03,0.03,-0.01,,0.02
Augusto Rosas,Cerro,Primera División,2026,900,Centre Forward,Uruguay,21,16/01/05,0.3,0.3,0.29,0.12,2.3,13,35,6,,0.2,0,0.03,1,0,0.03,1,0,0,0,0.3,0.31,3.3,-0.01,0.5,0.2,0.3,40,1.3,0.1,1.2,3.6,0.1,0.16,0.5,0.33,21.2,7.4,0.01,4.9,61.32,3.9,2.1,0.6,0.7,86,0.46,0.62,2.1,50,0.1,49,4.4,0,18.5,12.16,4.6,2.9,0.7,63.47,14.9,81,2.7,93,0.3,0,0,16.7,64,0.4,19,40,0.7,0.8,43,61,-3,60.04,0.9,0.29,0.45,12.5,77,3.46,4.9,0.3,0.3,0,0,5.4,5.7,0,0,0,0,0.3,16,60,24,12,65,22,13.83,13.05,1,101,-0.78,13.83,13.22,0,0,0,0,0,,0,0,,0,0,0,0,0,0,43,9,2.95,23,-0.02,0.04,0,-0.07,,-0.06
Axel Marotta,Defensor Sporting,Primera División,2026,2321,Left Back,Uruguay,21,31/03/05,0,0,0.04,0.13,0.31,0,25,0,,0.02,0,0.05,0.43,0,0.05,0.43,0,0,0,0,0.09,0.74,-0.09,0.62,0.31,0.31,50,2.44,0,0.62,0.81,2.05,2.24,3.72,3.9,19.08,9.69,0.02,9.07,30.5,11.28,3.57,3.61,5.66,77,4.19,6.43,1.01,58,1.09,55,1.12,0.04,14.62,16.65,6.09,3.14,1.28,34.07,3.41,23,1.78,57,0.31,0,0,39,74,2.6,86,44,4.46,5.12,12,67,-7,43.61,3.88,0.26,0.28,31.64,96,5.39,5,0.74,0.43,0.31,0.12,0.78,1.2,0,21,0.19,18,0.08,33,61,6,35,61,4,20.78,19.61,0.93,97,-1.16,19.41,19.07,0,0,0,0,0,,0,0,,0,0,0,0,0,0,27,8,3.48,23,0.09,0.07,0.08,-0.01,,0.22
Axel Michele Pandiani Quaglia,Cerro Largo,Primera División,2026,1533,Centre Attacking Midfielder,Uruguay,26,22/08/00,0.41,0.35,0.17,0.11,1.58,22,33,2,100,0.24,0,0.11,1.41,0,0.1,1.23,0,0.01,0.18,0.35,0.28,2.99,0.07,1.29,0.82,0.47,64,0.59,0,1.58,2.17,1.41,1.41,1.06,0.96,27.06,13.79,0.02,8.39,51.4,7.46,3.76,2,3.4,72,2.08,3.49,2.64,29,0.76,47,2.17,0,22.42,22.43,6.69,6.05,1.82,53.9,12.62,56,4.75,79,0.29,0,0,34.81,70,1.82,84,44,1.58,3.58,20,55,-15,58.84,3.17,0.2,0.39,28.41,89,4.1,10.57,1.12,0.65,0.47,0.18,3.17,3.82,0,37,0.53,38,0.53,18,69,13,14,69,17,19.15,17.86,0.9,88,-1.28,17.2,15.7,0,0,0,0,0,,0,0,,0,0,0,0,0,0,28,8,4.39,38,-0.02,0.03,0.05,0,,0.06
Ayrton Cougo,Progreso,Primera División,2026,1018,Left Back,Uruguay,30,14/06/96,0,0,0.04,0.06,0.62,0,0,0,,0,0,0.05,0.8,0,0.04,0.62,0,0.01,0.18,0,0.09,1.41,-0.09,1.06,0.8,0.27,75,1.5,0,0.88,1.95,1.5,1.28,2.74,2.38,12.64,5.75,0.01,5.92,32.19,12.02,3.54,2.56,4.07,71,2.48,3.75,0.97,42,1.06,58,1.59,0,9.11,8.55,4.16,1.68,0.8,38.05,2.56,28,1.06,63,0.44,0.09,0.09,36.34,65,2.56,83,31,3.54,7.43,10,41,-24,49.16,6.01,0.26,0.32,30.15,92,5.06,6.98,1.77,1.06,0.71,0.09,1.59,2.65,0,25,0.53,19,0.18,35,58,7,43,47,10,23.19,20.37,0.85,86,-2.82,19.82,17.58,0,0,0,0,0,,0,0,,0,0,0,0,0,0,37,12,4.29,33,0.19,0.07,0.07,-0.06,,0.27
Baltasar Barcia,Nacional,Primera División,2026,897,Right Wing,Uruguay,25,18/02/01,0.1,0.1,0.12,0.18,0.7,14,43,1,,0.09,0,0.16,1,0,0.16,1,0,0,0,0.1,0.28,1.71,-0.18,2.41,1.1,1.3,46,1,0,2.21,3.41,0.4,0.41,0.7,0.97,16.06,6.82,0,5.22,47.91,7.53,3.71,1.81,2.21,58,2.04,2.45,1.2,33,1.3,60,1.2,0,13.05,13.17,4.32,3.71,1.3,49.82,6.42,49,2.71,73,0.3,0,0,30.11,62,1.1,19,35,1.51,2.31,19,56,-5,58.96,3.91,0.39,0.6,32.62,85,7.34,8.43,1.3,1.3,0,0.3,2.21,3.51,0,62,0.9,18,0.4,18,68,14,24,57,19,18.24,16.99,0.91,101,-1.25,16.67,17.12,0,0,0,0,0,,0,0,,0,0,0,0,0,0,34,9,5.44,30,0.01,0.11,0.02,-0.02,,0.12
Bautista Kociubinski,Torque,Primera División,2026,869,Centre Defensive Midfielder,Argentina,25,25/04/01,0.1,0.1,0.03,0.03,0.83,13,38,1,,0.03,0,0.03,0.83,0,0.03,0.83,0,0,0,0.1,0.05,1.66,0.05,0.62,0.62,0,100,0.62,0,0.41,0.62,0.62,0.74,2.8,3.01,17.5,7.77,0,6.01,40.84,16.57,8.18,2.38,3,77,2.79,3.54,2.07,29,0.72,68,1.55,0,13.05,14.05,4.25,4.66,1.35,45.01,5.59,43,2.9,62,0.31,0,0,42.56,80,4.87,12,68,3.52,6.42,18,78,-2,50.16,6.52,0.43,0.43,31.38,98,4.09,9.42,0.62,0.62,0,0.1,0.52,1.14,0,0,0.1,50,0.21,21,73,6,19,78,3,22.4,19.25,0.96,98,-3.14,21.56,18.94,0,0,0,0,0,,0,0,,0,0,0,0,0,0,22,7,4.59,28,0.03,0.07,0.03,0,,0.12
Bautista Tomatis,Racing,Primera División,2026,357,Left Centre Forward,Argentina,22,10/08/04,0.25,0.25,0.25,0.08,3.28,8,54,6,,0.4,0,0.13,1.77,0,0.12,1.51,0,0.01,0.25,0.25,0.38,5.04,-0.12,2.52,0.76,1.77,30,0.76,0,1.77,5.3,0.5,0.38,0.76,0.56,13.62,3.53,0,3.28,49.94,8.07,4.79,1.77,2.27,88,1.45,1.83,1.01,50,0.25,55,3.03,0,10.84,8.93,2.77,2.77,0.25,51.86,6.05,56,2.02,73,0.5,0,0,17.15,68,0.5,9,22,0.76,2.27,19,50,-18,62.37,2.77,0.25,0.41,17.65,71,7.4,5.55,1.26,0.76,0.5,0.25,5.04,5.8,0,20,0.5,33,0.25,22,65,14,32,64,5,18.36,13.48,0.81,116,-4.88,14.87,15.59,0,0,0,0,0,,0,0,,0,0,0,0,0,0,31,5,5.42,32,0.13,-0.08,0.01,0.04,,0.09
Brahian Alemán,Cerro,Primera División,2026,1667,Left Centre Midfielder,Uruguay,37,22/12/89,0.11,0.11,0.11,0.04,2.92,4,33,3,,0.13,0.27,0.16,1.46,0.05,0.08,0.7,0.22,0.08,0.76,0.38,0.27,4.37,0.11,1.35,0.86,0.49,64,2.92,0,3.08,3.19,0.38,0.29,0.7,0.56,11.77,4.91,0.02,2.97,48.81,8.8,4.59,0.59,0.97,48,0.52,0.81,0.86,14,0.65,27,0.76,0,10.31,7.07,2.32,2.81,0.92,52.16,5.78,56,1.94,69,0.43,0,0,37.85,64,4.32,80,39,2.27,9.5,19,64,0,55.09,5.72,0.22,0.37,38.39,87,4.09,9.5,2.16,0.97,1.19,0.11,1.57,2.54,0.16,18,0.38,16,0.16,28,60,12,35,58,7,23.51,20.41,0.87,97,-3.09,20.46,19.81,0,0,0,0,0,,0,0,,0,0,0,0,0,0,32,7,5.12,47,0.12,0.03,-0.03,-0.04,,0.08
Braian Luka Andrade,Torque,Primera División,2026,947,Left Wing,Argentina,19,02/01/07,0.09,0.09,0.09,0.06,1.42,7,27,2,,0.12,0.09,0.14,1.8,0.09,0.14,1.8,0,0,0,0.19,0.23,3.23,-0.04,4.27,2.75,1.52,64,3.23,0.09,3.23,4.18,0.38,0.39,0.57,0.51,14.34,5.7,0,4.65,56.25,7.6,4.27,0.76,1.14,53,0.76,1.14,1.04,14,0.66,47,0.76,0,12.54,11.89,3.42,3.7,1.42,59.1,8.74,70,2.94,79,0.28,0,0,22.8,67,1.52,24,53,1.04,2.37,19,67,0,65.24,3.8,0.59,0.69,30.68,80,6.26,9.5,1.14,1.14,0,0.57,4.46,5.6,0.09,50,0.85,36,0.95,20,58,22,21,51,28,19.08,20.85,0.96,84,1.77,18.26,17.6,0,0,0,0,0,,0,0,,0,0,0,0,0,0,29,9,4.37,28,0.05,0.14,-0.01,-0.05,,0.13
Briam Acosta,Albion,Primera División,2026,503,Right Wing,Uruguay,29,06/09/97,0,0,0.12,0.1,1.25,0,43,2,,0.15,0,0.26,1.43,0,0.26,1.43,0,0,0,0,0.38,2.68,-0.38,1.61,1.07,0.54,67,0.89,0,1.07,2.86,0.72,0.65,1.25,1.49,20.94,7.52,0.01,5.55,42.8,7.52,3.94,1.97,2.68,73,2.11,2.76,2.51,0,0.72,40,0.72,0,16.47,17.78,4.47,4.65,1.61,46.36,7.7,47,3.4,73,0.72,0,0,25.77,67,0.89,25,50,1.25,1.79,17,60,-7,57.63,3.22,0.41,0.7,25.6,89,6.64,7.7,0.89,0.89,0,0.54,3.4,4.3,0,80,0.89,36,0.36,19,69,12,16,70,14,16.24,11.48,1,125,-4.76,16.26,14.33,0,0,0,0,0,,0,0,,0,0,0,0,0,0,32,10,4.83,31,0.04,0.08,0.02,0,,0.15
Brian Chamorra,Peñarol,Primera División,2026,888,Right Back,Uruguay,18,13/05/08,0,0,0.01,0.03,0.3,0,33,0,,0.02,0,0.01,0.41,0,0.01,0.41,0,0,0,0,0.02,0.71,-0.02,1.62,0.71,0.91,44,0.3,0,1.62,2.03,1.22,1.01,3.75,3.2,18.85,10.74,0.02,9.22,34.04,11.56,4.46,2.74,3.95,56,2.42,3.43,1.32,51,2.13,63,1.01,0.1,14.8,14.19,5.78,2.94,0.91,39.07,4.26,29,1.82,62,0.3,0,0,32.64,70,1.93,8,42,4.16,4.16,11,58,-12,49.17,4.56,0.2,0.24,30.31,89,5.82,6.79,1.11,1.11,0,0,0.41,1.52,0,73,0.81,33,0,29,64,8,36,60,4,19.37,17.18,0.92,108,-2.19,17.73,18.48,0,0,0,0,0,,0,0,,0,0,0,0,0,0,28,8,3.3,22,0.1,0.07,0.03,-0.01,,0.19
Brian Guillermo Montenegro Benítez,Defensor Sporting,Primera División,2026,2276,Centre Forward,Paraguay,33,09/06/93,0.24,0.24,0.24,0.15,1.58,15,48,3,0,0.34,0,0.08,0.79,0,0.08,0.79,0,0,0,0.24,0.32,2.37,-0.08,0.43,0.28,0.16,64,0.51,0,0.95,1.62,0.04,0.05,0.75,0.86,17.91,7.95,0.01,5.1,65.09,3.56,2.02,0.36,0.4,53,0.44,0.49,0.79,27,0.32,49,3.28,0,16.8,18.12,4.59,3.48,0.95,68.07,13.84,82,2.93,84,0.04,0,0,19.97,66,0.43,73,73,0.79,0.55,36,61,-5,58.91,1.03,0.33,0.48,13.21,88,3.38,5.34,0.4,0.4,0,0.32,4.35,4.74,0.12,10,0.08,50,0.51,19,63,19,13,68,19,13.91,12.35,1.04,109,-1.56,14.5,13.51,0,0,0,0,0,,0,0,,0,0,0,0,0,0,35,7,2.97,19,-0.03,-0.04,0.01,0.09,,0.04
Brian Lozano,Defensor Sporting,Primera División,2026,471,Centre Attacking Midfielder,Uruguay,32,22/02/94,0,0,0.13,0.03,4.01,0,29,3,,0.04,0.19,0.34,3.44,0.19,0.24,2.87,0,0.1,0.57,0.19,0.46,7.46,-0.27,2.1,1.34,0.76,64,1.53,0,1.53,1.72,0.38,0.45,0.19,0.31,16.44,5.35,0,5.35,49.15,6.69,3.44,1.15,1.53,67,1.37,1.81,1.15,60,0.57,60,0.57,0,14.15,18.05,4.97,4.78,2.1,50.39,7.65,54,2.87,60,0.76,0,0,58.12,77,8.6,9,58,1.72,13.38,16,75,-2,57.82,14.15,0.74,0.83,58.88,95,5.86,21.8,2.87,1.91,0.96,0.57,3.44,5.35,0.19,7,0.19,6,0.76,18,70,11,25,68,6,24.35,18.4,0.95,96,-5.95,23.05,17.65,0,0,0,0,0,,0,0,,0,0,0,0,0,0,20,4,10.78,67,0.2,0.13,0,-0.14,,0.19
Bruno Antúnez,Boston River,Primera División,2026,2463,Goalkeeper,Uruguay,23,30/01/03,0,0,0,,0,,,0,,0,0,0,0.04,0,0,0.04,0,0,0,0,0,0.04,0,0.11,0.11,0,100,0.18,0,0,0,0,0,0,0,0.18,0.04,0,8.48,2.47,3.4,0,0,0,,0,0,0.04,,0,0,0,0,0.15,0.15,0.04,0.04,0,11.55,0,0,0,0,0.07,0,0,19.51,73,7.02,18,49,1.97,12.42,16,71,-2,10.42,0.8,0.09,0.09,17.39,100,5.29,0.26,0.04,0.04,0,0,0,0.04,0,0,0,,0,45,55,0,100,0,0,39.68,36.76,0.79,76,-2.92,31.45,27.86,1.02,0.98,-0.04,72,73,-1,1.08,3.65,28,13.04,1.98,0.04,0.04,16.94,-1,23,2,1.06,9,0.07,0.08,-0.02,,-0.07,0.06
Bruno Daniel Morales Rodríguez,Cerro,Primera División,2026,787,Centre Forward,Uruguay,22,09/12/04,0,0,0.19,0.1,1.94,0,41,3,,0.16,0,0.04,0.8,0,0.03,0.69,0,0.01,0.11,0,0.23,2.74,-0.23,0.46,0.23,0.23,50,2.17,0,2.29,3.89,0,0,1.03,0.78,17.6,8.46,0.02,4.46,60.91,4.46,3.2,1.14,1.14,91,0.9,0.9,2.51,50,0.11,46,3.77,0,13.95,11.19,3.54,3.09,0.8,64.7,11.32,81,2.74,89,0.46,0,0,21.03,68,0.46,10,44,1.71,0.34,39,60,-8,62.52,2.17,0.22,0.3,19.89,78,3.79,6.06,0.34,0.34,0,0.34,4.69,5.03,0,0,0,0,0.8,14,69,17,13,70,17,13.85,13.44,0.97,103,-0.4,13.48,13.83,0,0,0,0,0,,0,0,,0,0,0,0,0,0,32,8,3.6,28,-0.06,-0.03,0,-0.01,,-0.1
Bruno Hernández,Cerro Largo,Primera División,2026,433,Left Wing,Uruguay,22,16/09/04,0.21,0.21,0.08,0.04,2.28,9,36,3,,0.21,0.42,0.26,2.28,0.42,0.19,1.45,0,0.07,0.83,0.62,0.35,4.57,0.27,1.04,1.04,0,100,2.28,0,4.78,2.91,1.04,0.98,0.21,0.13,18.48,6.85,0,6.02,53.83,6.23,3.53,2.08,3.11,91,1.89,2.87,2.28,50,0.21,17,0.42,0,14.33,13.72,4.36,3.95,1.66,55.41,8.1,57,2.7,68,0.42,0,0,31.15,63,1.87,77,29,1.25,5.4,12,52,-11,62.89,4.15,0.65,0.83,37.17,86,6.12,10.8,3.11,2.08,1.04,0,1.87,3.95,0,40,1.25,26,0.42,16,70,14,25,62,13,21.65,23.84,0.81,57,2.18,17.49,13.65,0,0,0,0,0,,0,0,,0,0,0,0,0,0,29,6,6.15,44,0.21,0.04,0,0.1,,0.36
Bruno Larregui,CA Juventud,Primera División,2026,838,Centre Forward,Uruguay,25,06/03/01,0,0,0.12,0.14,0.86,0,50,3,,0.15,0,0.04,1.18,0,0.04,1.18,0,0,0,0,0.17,2.04,-0.17,1.18,0.43,0.75,36,1.4,0,1.29,3.55,0.21,0.23,0.54,0.54,12.25,5.16,0,4.51,64.56,3.12,1.93,0.43,0.64,67,0.4,0.63,0.75,0,0.21,8,0.21,0,11.07,13.78,4.3,2.04,1.07,66.4,9.03,82,1.83,89,0.21,0,0,15.69,68,0.64,23,67,0.86,0.64,22,56,-13,67.46,1.4,0.09,0.22,16.12,80,4.2,6.66,0.43,0.43,0,0.75,6.02,6.45,0,0,0.11,20,0.86,13,60,28,13,60,27,14.26,12.7,1.03,114,-1.55,14.65,14.54,0,0,0,0,0,,0,0,,0,0,0,0,0,0,32,9,2.3,16,-0.03,-0.02,0.02,0.01,,-0.02
Bruno Zuculini,Nacional,Primera División,2026,392,Centre Defensive Midfielder,Argentina,33,01/04/93,0,0,0.11,0.12,0.92,0,0,1,,0,0,0.02,0.69,0,0.02,0.69,0,0,0,0,0.13,1.61,-0.13,0.23,0.23,0,100,0.23,0,1.38,0.46,1.15,1.95,0.92,0.93,14.69,7.8,0.02,5.28,39.28,13.54,5.74,2.98,4.13,87,3.72,5.66,1.84,50,0.46,69,2.07,0,9.87,11.52,3.9,2.75,0.92,40.21,3.21,33,0.92,33,0.23,0,0,48.65,81,3.44,12,71,1.15,4.59,9,63,-18,47.74,5.05,0.58,0.6,35.57,96,4.8,8.49,1.15,0.92,0.23,0.23,2.07,2.98,0.46,0,0,,0.23,26,68,6,38,62,0,20.46,18.14,0.99,98,-2.32,20.25,17.78,0,0,0,0,0,,0,0,,0,0,0,0,0,0,23,10,4.41,30,0.07,0.08,0.02,-0.12,,0.05
Camilo Cándido,Nacional,Primera División,2026,1144,Left Back,Uruguay,31,01/06/95,0.08,0.08,0.07,0.07,1.02,8,23,1,,0.04,0,0.09,1.02,0,0.08,0.71,0,0.01,0.31,0.08,0.16,2.05,-0.08,0.94,0.87,0.08,92,0.63,0,0.79,0.79,2.05,2.3,2.12,2.42,11.72,5.98,0.01,4.88,36.37,12.35,4.48,2.05,4.09,70,2.29,4.6,0.79,39,0.87,50,0.79,0,8.89,10.26,3.93,2.36,0.79,42.02,3.3,37,1.81,77,0.24,0,0.08,40.28,75,5.82,86,60,2.91,8.97,12,74,0,51.91,5.35,0.55,0.58,33.67,96,4.07,11.41,1.97,1.26,0.71,0.24,1.34,2.6,0,36,1.18,44,0.24,26,62,13,18,69,13,23.11,17.99,0.95,109,-5.12,21.85,19.55,0,0,0,0,0,,0,0,,0,0,0,0,0,0,27,8,5.53,32,0.14,0.08,0.02,-0.04,,0.2
Camilo Mayada,Danubio,Primera División,2026,1710,Right Back,Uruguay,35,07/01/91,0,0,0.03,0.03,0.84,0,13,1,,0.02,0.05,0.04,0.58,0.05,0.04,0.58,0,0,0,0.05,0.06,1.42,-0.01,1.53,1.16,0.37,76,0.89,0,1.26,1.47,0.53,0.52,1.58,1.73,11.53,5.32,0.02,3.9,37.64,9.16,3.68,1.47,2,62,1.57,2.09,0.79,38,0.89,36,0.42,0,9.26,9.91,2.53,2.58,0.74,40.39,2.84,31,1.26,49,0.16,0,0,32.69,80,1.74,14,57,1.79,2.84,16,77,-3,49.97,4,0.22,0.29,29.05,94,6.44,7.32,0.68,0.37,0.32,0.05,0.89,1.26,0,8,0.11,14,0.11,22,67,11,24,66,9,18.55,15.57,0.96,104,-2.98,17.8,16.15,0,0,0,0,0,,0,0,,0,0,0,0,0,0,26,11,3.45,30,0.01,0.06,0,-0.01,,0.07
Carlos Javier Airala,Albion,Primera División,2026,2102,Left Wing,Argentina,24,24/08/02,0.21,0.17,0.09,0.05,1.71,10,35,2,100,0.15,0.13,0.14,0.86,0.13,0.14,0.86,0,0,0,0.3,0.23,2.57,0.07,2.18,1.2,0.98,55,2.74,0.13,3.04,3.13,0.56,0.64,0.81,0.83,23.25,12.21,0.01,8.09,46.1,6.51,3.3,2.48,3.04,66,2.63,3.27,1.46,33,1.28,27,0.56,0,19.36,20.81,6.64,5.01,1.84,47.92,8.52,44,3.51,70,0.34,0,0,26.21,77,1.07,78,56,0.98,1.76,22,78,1,59.4,3.68,0.36,0.46,32.16,83,5.64,8.99,1.16,1.16,0,0.3,2.78,3.94,0.09,30,0.64,33,0.39,15,63,22,19,65,16,16.94,14.75,0.98,101,-2.19,16.58,14.87,0,0,0,0,0,,0,0,,0,0,0,0,0,0,25,8,4.06,29,0.05,0.13,0.02,0,,0.2
Cesar Nunes,Central Español,Primera División,2026,1884,Left Back,Brazil,27,29/09/99,0,0,0,0.02,0.19,0,25,0,,0,0,0.04,0.48,0,0.04,0.38,0,0,0.1,0,0.05,0.67,-0.05,0.62,0.53,0.1,85,0.81,0,0.76,0.76,0.62,0.44,2.63,1.63,9.12,3.82,0.02,4.25,27.03,9.31,2.01,1.24,1.86,72,0.82,1.26,0.29,41,0.48,53,1,0,7.69,4.45,3.2,1.19,0.24,30.37,1.72,22,0.67,56,0.14,0,0,27.84,76,1.67,79,40,2.87,3.96,11,71,-5,46.01,4.06,0.17,0.2,23.02,95,5.78,5.16,0.81,0.72,0.1,0.14,0.62,1.34,0.05,71,0.72,38,0.19,37,54,9,34,58,7,21.11,17.72,0.91,97,-3.39,19.17,17.24,0,0,0,0,0,,0,0,,0,0,0,0,0,0,28,10,2.71,28,0.1,0.06,0.01,-0.01,,0.16
Christian Tabó,Deportivo Maldonado,Primera División,2026,2160,Right Centre Forward,Uruguay,33,22/11/93,0.33,0.33,0.24,0.1,2.33,14,41,4,0,0.3,0.13,0.13,1.08,0.13,0.13,1,0,0,0.08,0.46,0.37,3.42,0.09,1.63,0.79,0.83,49,0.96,0.04,2.17,2.92,0.08,0.07,0.46,0.53,15.21,6.29,0,4.63,63.1,4.33,3.25,0.79,0.88,66,0.89,0.96,2.25,18,0.42,32,1,0,12.21,12.92,4,3.13,1.13,66.04,9.58,78,2.83,91,0.33,0,0,21.13,67,0.67,7,38,0.79,1.42,25,69,2,66.85,2.13,0.32,0.54,22.71,82,5.21,9.17,1,0.92,0.08,0.54,5.75,6.67,0.08,17,0.38,24,0.67,11,70,19,11,75,14,15.56,13.96,0.94,98,-1.6,14.57,13.71,0,0,0,0,0,,0,0,,0,0,0,0,0,0,32,9,5.72,37,-0.06,0.08,0.01,-0.04,,-0.01
Cristian Barros,Cerro,Primera División,2026,1851,Right Midfielder,Uruguay,26,08/04/00,0.05,0,0.05,0.04,1.26,0,15,2,100,0.02,0.05,0.09,0.92,0.05,0.06,0.58,0,0.03,0.34,0.05,0.14,2.19,-0.09,1.99,1.26,0.73,63,1.6,0,2.58,2.29,0.53,0.29,0.73,0.46,16.43,7.83,0.03,4.72,46.27,7.39,4.08,1.8,2.33,73,1.21,1.5,1.12,22,0.68,30,0.63,0,13.52,8.76,3.74,3.01,0.88,49.23,6.47,48,2.19,73,0.24,0.05,0,27.13,71,2.19,21,48,1.26,3.99,21,67,-4,55.77,2.97,0.21,0.25,26.59,86,4.69,7.2,1.17,0.63,0.53,0.15,1.36,1.99,0.05,25,0.39,32,0.19,18,66,16,19,70,11,19.58,17.2,0.89,87,-2.39,17.44,14.98,0,0,0,0,0,,0,0,,0,0,0,0,0,0,25,6,3.63,31,0.03,0.04,0.02,-0.04,,0.05
Cristian Jaime,Peñarol,Primera División,2026,582,Centre Attacking Midfielder,Argentina,20,13/07/06,0.31,0.31,0.17,0.13,1.24,25,50,2,,0.22,0.46,0.34,2.48,0.46,0.26,1.39,0,0.08,1.08,0.77,0.51,3.71,0.26,6.34,4.18,2.17,66,3.4,0,5.73,4.95,0.62,0.51,0,0,24.91,11.45,0,7.58,51.25,9.59,5.42,2.32,2.94,63,2.19,2.7,1.24,18,1.39,8,0.15,0,21.35,18.75,6.04,6.5,2.17,51.52,10.99,51,4.64,71,0.31,0,0,31.41,69,2.48,84,50,0.62,4.33,19,79,10,59.62,5.26,0.65,0.8,43.48,78,6.03,11.14,2.01,0.93,1.08,1.08,2.63,3.56,0.31,8,0.62,29,0.93,21,69,10,33,58,8,19.52,16.81,0.94,111,-2.71,18.32,18.58,0,0,0,0,0,,0,0,,0,0,0,0,0,0,30,10,6.62,40,0.17,0.11,0.04,0.04,,0.35
D.Mülhethaler Méndez,Peñarol,Primera División,2026,321,Right Wing,Uruguay,20,30/01/06,0,0,0.04,0.04,1.12,0,0,2,,0,0,0.07,1.4,0,0.07,1.4,0,0,0,0,0.11,2.52,-0.11,2.8,1.96,0.84,70,2.24,0,3.64,1.96,0.28,0.34,0,0,17.08,5.32,0,6.72,57.44,8.68,5.6,2.24,2.52,89,2.7,3.04,1.4,0,0.28,20,0.56,0,13.44,15.74,5.88,5.6,2.52,56.74,6.72,50,4.76,85,0,0,0,26.05,65,1.68,17,55,0.28,2.8,15,53,-13,62.93,4.48,0.29,0.36,29.97,81,4.83,9.52,1.68,1.12,0.56,0,1.12,2.24,0,83,1.4,42,0,20,65,15,24,56,21,18.88,17.2,0.96,122,-1.69,18.08,21.04,0,0,0,0,0,,0,0,,0,0,0,0,0,0,39,12,9.24,47,0.14,0.06,0.04,-0.03,,0.21
Damián Suárez,Cerro,Primera División,2026,1431,Right Back,Uruguay,38,26/04/88,0,0,0.02,0.04,0.5,0,13,0,,0,0.06,0.02,0.44,0.06,0.01,0.31,0,0,0.13,0.06,0.04,0.94,0.03,0.88,0.63,0.25,71,1.26,0,0.63,0.5,0.57,0.38,2.39,1.55,15.22,6.67,0.01,5.53,33.82,10.5,3.77,2.2,2.77,71,1.43,1.81,1.26,46,0.88,67,0.88,0,11.76,7.49,3.96,2.52,1.07,37.38,3.33,28,1.7,68,0.57,0,0,27.29,68,2.58,13,46,3.08,4.97,14,56,-12,49.18,5.28,0.16,0.2,21.7,95,4.69,5.85,0.82,0.5,0.31,0.19,0.57,1.07,0,15,0.25,20,0.19,40,54,6,46,49,4,21.16,17.14,0.92,98,-4.01,19.37,16.83,0,0,0,0,0,,0,0,,0,0,0,0,0,0,36,12,3.49,33,0.13,0.06,0.01,-0.02,,0.18
Darlin Mencia,Wanderers,Primera División,2026,1203,Left Wing Back,Honduras,23,08/04/03,0,0,0.02,0.04,0.52,0,0,1,,0,0,0.02,0.45,0,0.02,0.37,0,0,0.07,0,0.04,0.97,-0.04,1.87,1.27,0.6,68,1.2,0,1.2,1.5,0.82,0.57,2.62,1.96,20.43,7.78,0.01,7.33,34.97,10.85,3.82,3.44,4.27,82,2.44,3.01,1.65,67,0.75,56,1.5,0.07,15.34,11.02,4.86,3.37,1.35,39.67,4.86,32,2.54,76,0.67,0.07,0,31.65,67,2.69,76,50,3.37,4.64,17,60,-8,50.71,5.16,0.14,0.18,27.61,91,4.74,7.26,1.35,0.9,0.45,0.15,1.27,2.17,0.07,33,0.52,23,0.15,37,58,5,45,48,6,21.54,18.4,0.93,101,-3.14,20.07,18.67,0,0,0,0,0,,0,0,,0,0,0,0,0,0,37,11,2.73,23,0.1,0.08,0.03,-0.02,,0.18
David Morosini,CA Juventud,Primera División,2026,936,Right Back,Uruguay,22,17/02/04,0,0,0.02,0.04,0.58,0,17,1,,0.02,0,0.08,0.67,0,0.08,0.67,0,0,0,0,0.1,1.25,-0.1,0.29,0.29,0,100,0.96,0,0.38,0.58,0.96,1.19,4.81,5.77,16.05,7.79,0.1,7.5,26.08,11.15,2.69,2.31,3.27,92,2.72,3.92,1.44,50,0.19,63,2.4,0.1,12.3,14.72,5.48,2.21,0.67,31.37,2.69,22,1.35,61,0.38,0.1,0,37.1,76,3.75,9,54,5.96,5.77,14,66,-10,42.08,4.33,0.18,0.23,27.97,97,5.26,5.67,0.77,0.58,0.19,0.29,1.15,1.73,0,25,0.48,45,0.29,33,63,5,39,49,12,22.67,21.22,0.94,97,-1.45,21.24,20.57,0,0,0,0,0,,0,0,,0,0,0,0,0,0,26,9,2.71,19,0.1,0.06,0.01,-0.03,,0.14
Diego Alexandre Segovia Hernández,Deportivo Maldonado,Primera División,2026,2068,Goalkeeper,Uruguay,26,14/05/00,0,0,0,,0,,,0,,0,0,0,0,0,0,0,0,0,0,0,0,0,0,0,0,0,,0,0,0,0,0,0,0.13,0.16,0.22,0.13,0,6.09,2.96,4.79,0,0,0,,0,0,0.09,,0,,0,0,0.13,0.1,0.13,0,0,27.74,0.04,33,0,,0.13,0,0.04,16.36,71,5.92,13,44,1.65,11.92,9,51,-20,11.27,0.57,0.04,0.04,14.97,100,6.21,0.39,0.04,0.04,0,0,0,0.04,0,0,0,,0,41,59,0,100,0,0,41.02,45.16,0.74,78,4.15,30.43,35.44,0.7,0.63,-0.06,70,73,-3,0.79,2.35,26,9.09,1.8,0.17,0.17,16.99,-1,24,2,1.3,8,0.06,0.07,-0.03,,-0.13,-0.03
Diego Daguerre,Cerro Largo,Primera División,2026,1165,Centre Forward,Uruguay,21,28/04/05,0.39,0.39,0.21,0.14,1.47,26,53,3,,0.35,0.08,0.04,0.15,0.08,0.04,0.15,0,0,0,0.46,0.25,1.62,0.21,1.54,1.24,0.31,80,1.39,0,2.55,3.63,0.08,0.06,0.39,0.39,17.45,5.64,0.01,5.02,60.54,5.48,3.09,0.77,0.85,77,0.74,0.8,0.62,0,0.23,33,1.47,0,16.06,17.28,4.71,4.25,1.31,62.3,11.51,72,3.4,80,0.08,0,0,20.39,75,0.77,14,56,0.77,1,31,67,-8,58.89,2.01,0.3,0.41,22.63,78,5.52,6.95,0.08,0.08,0,0,2.55,2.63,0,0,0,0,0.08,15,63,23,9,70,21,15.43,13.81,1,105,-1.62,15.46,14.53,0,0,0,0,0,,0,0,,0,0,0,0,0,0,25,10,2.54,23,-0.06,0.02,0,0.17,,0.13
Diego Laxalt,Peñarol,Primera División,2026,681,Left Centre Midfielder,Uruguay,33,06/02/93,0.13,0.13,0.02,0.04,0.53,25,75,1,,0.13,0.13,0.11,1.06,0.13,0.11,1.06,0,0,0,0.26,0.13,1.59,0.13,0.79,0.66,0.13,83,0.4,0.13,1.06,2.91,1.19,1.37,1.32,1.38,18.11,6.61,0.04,5.95,43.95,9.25,4.89,1.98,3.17,79,2.12,3.49,1.85,50,0.53,17,0.4,0,14.27,14.62,4.76,4.63,1.19,48.06,6.61,46,3.44,74,0.4,0,0,39.12,74,1.59,74,43,1.98,3.04,15,76,2,53.61,5.02,0.23,0.4,33.57,90,3.64,9.91,0.93,0.93,0,0.26,1.72,2.64,0.4,14,0.26,20,0.4,30,61,9,23,72,5,17.69,15.79,0.92,89,-1.9,16.32,14.06,0,0,0,0,0,,0,0,,0,0,0,0,0,0,31,10,4.98,34,0.05,0.07,0.02,-0.01,,0.13
Diego Nahuel Soria Barcos,Cerro,Primera División,2026,466,Centre Forward,Uruguay,24,22/01/02,0,0,0.22,0.13,1.74,0,22,5,,0.13,0,0.01,0.58,0,0.01,0.58,0,0,0,0,0.24,2.32,-0.24,0.97,0.39,0.58,40,0.97,0,2.32,3.67,0,0,0.97,0.79,20.68,8.5,0,4.83,60.78,6.38,4.06,0.77,0.77,80,0.51,0.51,0.97,50,0.19,30,2.32,0,18.94,13.7,4.06,5.6,1.35,63.86,14.49,77,5.22,93,0,0,0,16.04,49,0.19,9,17,1.16,0.97,27,48,-1,60.5,0.77,0.27,0.3,14.11,81,4.16,3.29,0,0,0,0.19,3.48,3.48,0,,0,0,0.39,16,63,21,6,59,35,15.24,12.17,0.88,101,-3.06,13.39,12.31,0,0,0,0,0,,0,0,,0,0,0,0,0,0,44,7,1.22,11,-0.04,-0.01,-0.02,-0.06,,-0.13
Diego Romero Lanz,Liverpool,Primera División,2026,1621,Left Wing Back,Uruguay,26,01/03/00,0.17,0.17,0.06,0.06,1.05,16,26,1,,0.11,0.11,0.13,1,0.11,0.11,0.56,0,0.02,0.44,0.28,0.2,2.05,0.08,1.39,0.67,0.72,48,0.83,0,1.39,2.33,0.5,0.45,2.89,2.98,11.83,5.61,0.02,5.16,39.28,8.94,3.11,1.72,2.22,69,1.71,2.16,0.39,43,0.78,43,0.56,0,9.72,9.9,3.83,2,0.67,44.89,3.83,39,1.39,69,0.06,0,0,32.31,71,3.44,85,47,3.44,6.83,12,49,-21,55.58,4.89,0.27,0.38,30.42,89,5.5,8.33,2.17,1.05,1.11,0.17,1.72,2.78,0.06,28,0.78,29,0.33,32,58,10,27,61,12,22.19,19.32,0.91,100,-2.87,20.16,19.37,0,0,0,0,0,,0,0,,0,0,0,0,0,0,31,12,4.94,37,0.19,0.06,0.02,0.02,,0.28
Diego Sánchez,Progreso,Primera División,2026,608,Centre Forward,Uruguay,27,29/07/99,0.15,0,0.23,0.1,2.22,0,40,5,100,0.23,0,0.04,0.44,0,0.04,0.44,0,0,0,0,0.27,2.66,-0.27,0.59,0.44,0.15,75,1.33,0,0.89,3.11,0.15,0.1,0.74,0.52,16.87,4.59,0.05,3.7,60.58,5.62,5.03,1.04,1.18,70,0.67,0.77,2.07,25,0.44,64,6.07,0,13.91,9.99,3.26,4,1.04,64.3,11.25,81,3.55,89,0.15,0,0,19.39,54,0.44,24,43,1.18,0.59,39,44,-10,65.62,1.63,0.37,0.44,11.84,76,3.97,6.36,0.3,0.3,0,0.44,7.25,7.55,0,50,0.15,50,0.89,22,61,17,23,56,21,15.72,14.99,1.03,111,-0.72,16.12,16.68,0,0,0,0,0,,0,0,,0,0,0,0,0,0,46,6,2.32,17,-0.01,-0.07,0.12,-0.11,,-0.07
Diego Zabala,Liverpool,Primera División,2026,1184,Centre Attacking Midfielder,Uruguay,35,18/09/91,0,0,0.16,0.07,2.2,0,31,3,,0.12,0.3,0.21,1.98,0.3,0.18,1.52,0,0.02,0.46,0.3,0.36,4.18,-0.06,1.44,0.68,0.76,47,0.38,0,2.05,2.2,0.38,0.42,0.23,0.23,12.54,5.02,0.01,3.5,55.78,5.62,2.96,0.76,1.14,63,0.88,1.31,0.76,25,0.46,36,0.38,0,11.02,11.84,3.12,3.12,1.44,56.42,6.99,63,2.66,85,0.08,0,0.08,35.19,72,2.74,11,61,0.99,3.72,21,68,-4,60.65,6.54,0.26,0.48,33.9,91,5.68,12.92,2.43,1.52,0.91,0.3,2.96,4.48,0.15,19,0.53,21,0.68,18,71,11,23,66,11,19.96,18.24,0.99,110,-1.73,19.69,20.08,0,0,0,0,0,,0,0,,0,0,0,0,0,0,28,10,6.11,43,0.1,0.08,0.02,0.02,,0.23
Diogo Guzmán,Torque,Primera División,2026,883,Right Centre Midfielder,Argentina,21,28/11/05,0,0,0.06,0.04,1.33,0,8,2,,0,0,0.12,1.43,0,0.12,1.43,0,0,0,0,0.17,2.75,-0.17,2.04,1.33,0.71,65,1.02,0,1.73,1.43,0.82,0.77,1.22,1.25,18.97,7.24,0.05,6.83,45.53,10.6,5.81,2.65,3.47,65,3.01,3.79,2.55,48,1.43,41,0.71,0.1,13.77,14.53,4.28,5.4,2.14,47.9,6.02,44,3.16,58,0.31,0,0.31,32.02,67,2.24,11,48,1.63,4.28,14,61,-6,55.26,4.08,0.4,0.5,28.45,90,5.96,8.16,1.02,1.02,0,0.2,1.12,2.14,0.2,30,0.31,33,0.2,25,65,11,24,64,13,20.67,16.32,0.98,108,-4.35,20.2,17.57,0,0,0,0,0,,0,0,,0,0,0,0,0,0,32,7,4.55,24,0.02,0.09,0.1,-0.05,,0.16
Eduardo Agüero,Torque,Primera División,2026,1668,Right Back,Uruguay,22,13/02/04,0.05,0.05,0.06,0.06,1.08,5,20,2,,0.04,0.05,0.12,0.59,0.05,0.11,0.54,0,0.01,0.05,0.11,0.19,1.67,-0.08,0.27,0.22,0.05,80,0.54,0,0.81,0.65,0.81,0.91,3.61,3.68,15.54,7.17,0.05,7.23,33.32,11.71,3.34,1.94,2.75,65,2.02,2.94,0.86,50,1.02,55,1.78,0,12.84,13.89,4.75,2.43,1.02,37.48,3.61,28,1.83,76,0.05,0,0,33.72,70,3.07,21,41,4.48,6.69,12,63,-7,52.25,4.32,0.35,0.46,25.84,95,5.16,7.61,1.35,0.7,0.65,0.27,2.21,2.91,0,28,0.65,38,0.32,36,54,10,29,55,16,23.2,21.2,0.88,85,-2,20.5,18.12,0,0,0,0,0,,0,0,,0,0,0,0,0,0,28,11,4.14,26,0.16,0.04,0.09,-0.03,,0.27
Eduardo Darias,Peñarol,Primera División,2026,1090,Right Defensive Midfielder,Uruguay,28,27/02/98,0.17,0.17,0.11,0.05,2.23,7,22,2,,0.18,0,0.01,0.5,0,0.01,0.5,0,0,0,0.17,0.13,2.72,0.04,2.72,1.4,1.32,52,3.14,0,2.56,3.47,1.4,1.36,1.4,1.27,21.38,10.23,0.04,8.83,45.05,12.79,5.61,4.04,5.45,74,4.08,5.44,0.99,52,1.4,54,1.16,0,16.34,16.57,6.19,5.2,2.48,46.82,6.77,41,3.05,59,0.25,0,0,29.55,76,1.65,12,59,1.49,2.72,19,71,-5,51.78,3.8,0.37,0.48,31.53,84,5.42,6.85,0.41,0.41,0,0,2.56,2.97,0,20,0.08,8,0.25,25,64,11,25,60,14,18.59,16.35,0.99,109,-2.24,18.43,17.81,0,0,0,0,0,,0,0,,0,0,0,0,0,0,25,9,3.75,23,-0.01,0.09,0.1,0.02,,0.2
Elvis Nahuel López Barboza,Progreso,Primera División,2026,1500,Left Wing,Uruguay,19,23/01/07,0.18,0.18,0.13,0.04,2.94,6,33,4,,0.14,0.12,0.09,1.08,0.12,0.08,0.9,0,0.01,0.18,0.3,0.22,4.02,0.08,2.58,1.8,0.78,70,1.68,0.06,2.46,2.94,0.3,0.22,0.96,0.7,13.8,4.8,0,3.96,46.07,6.66,3.72,1.2,1.5,83,1.08,1.29,1.26,43,0.24,36,0.84,0,11.4,9.17,3.24,2.94,0.96,48.87,5.28,46,2.04,69,0.12,0,0,25.19,58,2.22,18,46,1.92,3.9,27,46,-12,61.44,4.68,0.33,0.45,27.05,84,6.89,8.46,1.8,1.5,0.3,0.42,3.6,5.1,0.12,30,0.78,26,0.54,19,73,8,21,71,9,21.35,19.08,0.93,97,-2.27,19.96,18.54,0,0,0,0,0,,0,0,,0,0,0,0,0,0,40,9,4.36,31,0.09,0.09,0.02,-0.05,,0.15
Emanuel Cecchini,CA Juventud,Primera División,2026,1415,Centre Defensive Midfielder,Argentina,30,23/12/96,0,0,0.02,0.03,0.7,0,45,1,,0.04,0.06,0.02,0.51,0,0.02,0.45,0.06,0,0.06,0.06,0.05,1.21,0.01,0.13,0,0.13,0,1.21,0,1.14,0.64,0.76,0.88,2.8,3.1,16.85,8.71,0.03,5.85,39.13,13.48,5.41,2.23,2.99,78,2.54,3.42,1.59,47,0.64,62,1.84,0,13.04,14.34,4.26,4.26,1.4,42.4,4.26,33,2.29,54,0.45,0,0,49.22,84,3.43,7,68,3.69,4.13,20,81,-3,46.67,5.09,0.36,0.38,38.35,96,4.43,8.78,0.45,0.45,0,0,0.45,0.89,0,29,0.13,50,0.06,21,71,8,29,68,3,20.3,18.57,0.97,102,-1.72,19.72,18.86,0,0,0,0,0,,0,0,,0,0,0,0,0,0,18,7,5.07,39,0,0.08,0.04,-0.02,,0.11
Emanuel Gularte,Peñarol,Primera División,2026,879,Right Centre Back,Uruguay,29,29/09/97,0,0,0.1,0.2,0.51,0,20,0,,0.03,0,0.01,0.1,0,0.01,0.1,0,0,0,0,0.11,0.61,-0.11,0.2,0.1,0.1,50,0.72,0,0.2,0.31,1.23,1.59,4.51,5,5.63,2.77,0.02,3.58,25.42,9.93,2.05,0.82,2.05,73,1.14,2.73,1.13,50,0.31,63,1.95,0,3.89,4.79,2.15,0.72,0.51,29.1,0.51,13,0.31,43,0.2,0,0,38.92,82,2.56,8,53,5.33,3.99,10,59,-24,36.57,2.15,0.4,0.4,29.09,99,5.1,2.46,0.31,0.31,0,0.2,1.33,1.64,0,33,0.1,50,0.31,27,70,3,38,63,0,21.63,23.41,0.95,83,1.78,20.63,19.33,0,0,0,0,0,,0,0,,0,0,0,0,0,0,20,7,4.06,24,0.06,0.04,0,-0.07,,0.03
Emiliano Ancheta,Nacional,Primera División,2026,1324,Right Back,Uruguay,27,08/06/99,0,0,0.01,0.04,0.34,0,20,0,,0,0.07,0.03,0.61,0.07,0.03,0.61,0,0,0,0.07,0.04,0.95,0.02,0.68,0.2,0.48,30,0.88,0,1.16,1.16,2.17,2.64,3.74,3.89,16.72,7.41,0.02,8.43,36.17,11.96,5.1,2.92,5.1,73,3.3,5.95,0.75,38,1.09,46,1.16,0,13.19,14.9,6.12,3.33,1.36,39.98,4.15,31,2.24,67,0.2,0,0,39.01,73,2.58,11,40,4.49,5.64,12,69,-4,52.24,5.85,0.22,0.24,31.81,94,4.07,9.72,1.36,0.88,0.48,0.14,0.61,1.5,0,45,0.61,38,0.14,34,58,8,39,52,8,20.3,18.56,0.9,106,-1.74,18.27,19.59,0,0,0,0,0,,0,0,,0,0,0,0,0,0,28,10,5,31,0.2,0.06,0.09,-0.01,,0.34
Emiliano Bellion,Cerro Largo,Primera División,2026,637,Left Defensive Midfielder,Uruguay,22,02/02/04,0,0,0.05,0.05,0.99,0,14,1,,0,0,0.05,1.13,0,0.03,0.85,0,0.02,0.28,0,0.1,2.12,-0.1,0.42,0.42,0,100,1.55,0,1.13,0.99,1.27,0.9,0.85,0.71,25.71,15.4,0.02,9.61,46.07,13.42,6.78,2.12,3.39,52,2.01,2.92,2.83,41,1.98,21,0.57,0,20.77,18.64,7.21,6.22,2.12,48.54,10.31,50,3.81,61,0.57,0,0,47.47,71,3.67,73,41,1.84,8.05,17,65,-6,52.87,6.08,0.38,0.41,37.44,96,3.64,12.15,1.84,1.13,0.71,0,0.99,2.12,0,38,0.85,43,0,24,66,11,24,67,8,21.76,19.77,0.91,89,-1.99,19.76,17.58,0,0,0,0,0,,0,0,,0,0,0,0,0,0,27,7,5.82,44,0.06,0.09,0.02,-0.05,,0.12
Emiliano Sosa,Cerro,Primera División,2026,301,Right Defensive Midfielder,Uruguay,28,17/02/98,0,0,0.02,0.04,0.6,0,50,1,,0.01,0,0.03,0.9,0,0.03,0.9,0,0,0,0,0.05,1.5,-0.05,0.6,0.6,0,100,0.3,0,0.6,0,0.3,0.29,2.39,1.86,22.13,8.07,0.04,6.58,40.39,8.37,3.89,2.39,2.69,53,1.28,1.57,4.49,30,2.09,60,1.79,0,15.25,8.59,2.39,5.68,0.6,47.26,6.28,41,3.29,58,0.9,0,0,26.01,72,1.5,23,42,3.59,2.39,17,75,3,51.15,2.99,0.26,0.27,17.64,97,5.22,5.38,0,0,0,0.3,1.2,1.2,0,,0,0,0.3,34,57,9,44,50,6,23.43,23.71,0.91,86,0.28,21.2,20.28,0,0,0,0,0,,0,0,,0,0,0,0,0,0,33,13,3.68,22,0.06,0.03,0.11,-0.02,,0.18
Emiliano Velázquez,Danubio,Primera División,2026,2171,Right Centre Back,Uruguay,32,29/04/94,0,0,0.03,0.05,0.54,0,54,0,,0.07,0,0.02,0.25,0,0.02,0.21,0,0,0.04,0,0.05,0.79,-0.05,0.66,0.54,0.12,81,0.62,0,0.41,0.79,1.45,1.49,5.39,5.78,14.59,7.59,0.08,8.13,26.26,14.43,2.99,2.78,4.23,77,2.84,4.32,0.91,53,0.83,66,3.15,0.12,10.9,11.21,4.89,2.03,0.87,29.07,1.45,13,0.62,31,0.21,0,0.04,37.57,71,4.52,14,52,6.3,7.8,13,49,-22,36.01,3.32,0.27,0.28,26.08,97,4.54,3.36,0.33,0.21,0.12,0.04,1.12,1.33,0,13,0.12,43,0.08,39,59,2,53,44,2,25.03,22.48,0.91,91,-2.55,22.86,20.38,0,0,0,0,0,,0,0,,0,0,0,0,0,0,31,7,2.88,21,0.08,0.03,0.12,0.01,,0.24
Emiliano Álvarez,Progreso,Primera División,2026,556,Right Back,Uruguay,25,05/02/01,0,0,0.02,0.03,0.65,0,50,1,,0.01,0,0.13,1.78,0,0.05,0.65,0,0.08,1.13,0,0.15,2.43,-0.15,0.49,0.16,0.32,33,0.81,0,0.32,1.62,1.46,0.92,4.69,2.04,19.26,11.17,0.03,7.28,28.57,10.52,2.75,3.4,4.86,75,1.84,2.77,1.29,36,1.13,55,0.97,0,14.57,7.04,4.05,1.78,0.49,32.35,3.07,21,1.46,82,0,0,0,24.92,51,4.53,13,41,5.66,10.2,12,37,-14,49.59,4.21,0.26,0.27,18.13,93,5.83,4.53,2.27,0.65,1.62,0.16,1.29,1.94,0,14,0.49,27,0.16,40,54,6,36,57,7,26.99,19.71,0.9,74,-7.28,24.33,14.53,0,0,0,0,0,,0,0,,0,0,0,0,0,0,41,9,6.55,52,0.36,0.05,0.08,-0.03,,0.46
Emmanuel Mas,CA Juventud,Primera División,2026,1490,Left Centre Back,Argentina,37,14/01/89,0,0,0.01,0.05,0.3,0,20,0,,0.01,0,0.01,0.18,0,0.01,0.18,0,0,0,0,0.02,0.48,-0.02,0.3,0.24,0.06,80,0.91,0,0.72,0.12,1.09,1.46,4.29,5.44,11.29,5.07,0.04,6.1,27,10.33,2.29,1.81,2.9,79,2.31,3.77,0.79,27,0.48,48,1.57,0.06,8.76,11.09,3.8,2.11,0.6,31.64,1.93,22,0.85,40,0.06,0,0,44.15,80,4.05,85,48,5.98,6.7,14,70,-10,40.73,4.59,0.25,0.26,33.94,98,5.56,5.31,0.18,0.12,0.06,0.06,0.66,0.79,0,67,0.12,17,0.06,34,62,4,47,49,5,22.96,25.75,0.9,88,2.79,20.65,22.7,0,0,0,0,0,,0,0,,0,0,0,0,0,0,22,6,3.39,24,0.09,0.07,0.06,-0.01,,0.21
Enzo Cabrera,Danubio,Primera División,2026,1422,Left Wing,Italy,23,18/11/03,0.25,0.25,0.22,0.08,2.66,10,33,4,,0.2,0.13,0.18,1.2,0.13,0.17,1.14,0,0,0.06,0.38,0.4,3.86,-0.02,3.35,1.71,1.64,51,0.89,0,3.61,4.11,0.38,0.39,0.32,0.35,13.98,5.82,0.01,4.05,59.14,6.71,3.92,1.08,1.46,57,1.1,1.49,0.89,20,0.82,21,0.38,0,12.08,11.83,2.97,3.99,0.89,59.94,8.1,67,3.29,83,0.06,0,0,24.93,65,1.27,10,47,0.63,2.4,19,67,2,63.68,2.97,0.36,0.59,30.12,82,6.16,8.35,1.39,1.27,0.13,0.32,4.18,5.44,0,55,1.27,34,0.57,13,69,18,15,65,20,17.34,14.09,0.95,102,-3.24,16.48,14.39,0,0,0,0,0,,0,0,,0,0,0,0,0,0,35,9,3.65,25,0.06,0.12,0.01,0.01,,0.2
Enzo Castillo,Liverpool,Primera División,2026,2179,Right Centre Back,Uruguay,26,22/12/00,0,0,0.03,0.03,1.03,0,16,0,,0.01,0,0.03,0.33,0,0.02,0.21,0,0.01,0.12,0,0.06,1.36,-0.06,0.87,0.74,0.12,86,1.16,0,0.74,0.45,1.65,1.77,5,4.96,13.79,7.8,0.04,6.98,30.25,12.93,3.34,2.19,3.84,76,2.28,4.05,1.45,53,0.7,61,2.11,0,10.2,10.66,4.42,2.27,1.03,34.43,2.4,23,1.24,55,0.33,0,0,44.93,72,5.24,15,42,6.15,11.44,10,57,-15,39.65,4.91,0.22,0.24,37.08,98,5.58,4.42,0.5,0.29,0.21,0,1.03,1.32,0.12,33,0.21,24,0.08,34,62,4,43,53,4,27.23,25.07,0.86,90,-2.16,23.5,22.53,0,0,0,0,0,,0,0,,0,0,0,0,0,0,27,7,3.36,22,0.11,0.09,0.03,-0.04,,0.19
Eric Remedi,Peñarol,Primera División,2026,1437,Right Defensive Midfielder,Argentina,31,03/06/95,0.06,0.06,0.03,0.03,0.94,7,27,1,,0.07,0.13,0.11,1.06,0.13,0.11,1.06,0,0,0,0.19,0.14,2,0.05,1.75,1.06,0.69,61,3.63,0,1.57,1.94,1.25,1.25,1.19,1.37,15.97,8.58,0,7.45,42.42,12.15,5.01,2,3.26,57,2.35,3.6,0.81,27,1.5,41,0.56,0,13.15,14.79,5.95,4.26,1.75,43.96,5.01,38,2.25,53,0.5,0.13,0,54.66,86,4.88,16,72,2.32,5.7,17,83,-4,48.65,7.39,0.52,0.55,51.09,94,5.15,10.96,0.75,0.69,0.06,0.06,0.63,1.31,0.19,17,0.19,43,0.13,20,74,6,26,70,4,20.65,20.35,0.97,102,-0.3,20.1,20.68,0,0,0,0,0,,0,0,,0,0,0,0,0,0,17,7,6.49,38,0.02,0.11,0.04,0.01,,0.18
Erico Cuello,Defensor Sporting,Primera División,2026,425,Left Defensive Midfielder,Uruguay,21,24/05/05,0,0,0.15,0.06,2.33,0,0,2,,0,0,0.01,0.21,0,0.01,0.21,0,0,0,0,0.16,2.54,-0.16,0.64,0.64,0,100,1.48,0,2.33,1.48,1.69,1.47,2.96,2.84,24.55,11.64,0.08,7.41,37.96,13.76,6.99,1.69,3.39,33,1.72,3.2,1.69,18,3.39,73,3.39,0,21.17,19.02,4.66,5.93,1.69,41.54,6.99,33,2.96,50,0.21,0,0,31.54,72,1.27,31,38,4.23,2.12,37,69,-3,54.78,3.39,0.38,0.46,26.04,89,5.16,9.1,0.42,0.42,0,0.21,3.18,3.6,0.21,0,0.21,25,0.42,25,67,8,26,63,12,18.4,19.38,0.92,97,0.97,16.91,18.85,0,0,0,0,0,,0,0,,0,0,0,0,0,0,30,9,3.22,23,-0.02,0.09,0.08,-0.1,,0.05
Esteban Obregón,Torque,Primera División,2026,1710,Right Wing,Argentina,25,23/10/01,0.42,0.42,0.4,0.17,2.32,18,36,4,,0.34,0.11,0.22,1.79,0.11,0.22,1.74,0,0,0.05,0.53,0.63,4.11,-0.1,2.58,1.26,1.32,49,1.68,0.05,3.26,3.42,0.68,0.78,0.58,0.57,21.21,9.26,0.01,6.42,55.75,7.11,5.11,1.68,2.37,70,2.04,2.82,1.37,35,0.74,48,1.42,0,18.16,21.05,5.05,5.16,1.79,57.37,11.79,65,4.69,91,0.32,0,0,24.58,69,0.47,14,26,0.89,1.47,29,67,-2,68.09,2.58,0.47,0.82,26.37,80,6.76,11.11,1.63,1.53,0.11,0.79,5.69,7.21,0,39,1.21,47,1.05,14,67,19,11,68,21,16.54,15.01,0.96,98,-1.54,15.84,14.65,0,0,0,0,0,,0,0,,0,0,0,0,0,0,27,12,4.86,29,0.11,0.17,-0.01,0.02,,0.29
Esteban Santiago Da Silva Álvarez,Racing,Primera División,2026,1777,Right Wing Back,Uruguay,25,09/03/01,0.05,0.05,0.14,0.08,1.67,3,27,3,,0.13,0,0.06,0.91,0,0.05,0.81,0,0.01,0.1,0.05,0.2,2.58,-0.15,3.85,2.08,1.77,54,0.71,0,1.97,3.75,0.51,0.3,0.46,0.26,15.45,7.24,0.01,5.27,56.13,11.39,6.18,1.97,2.48,65,1.76,2.07,0.76,24,1.06,36,0.86,0,12.71,10.81,4.1,3.44,1.42,57.34,8.15,64,2.63,76,0.2,0,0,22.89,62,1.01,16,44,0.76,1.97,18,53,-9,62.87,2.53,0.33,0.41,24.21,81,7.11,8.1,1.01,0.86,0.15,0.15,4.1,4.96,0,15,0.41,24,0.56,20,65,15,14,63,23,17.75,16.07,0.97,104,-1.68,17.28,16.65,0,0,0,0,0,,0,0,,0,0,0,0,0,0,34,8,4.27,27,0.04,0.13,0.04,-0.02,,0.19
Ezequiel Burdin Márquez,Albion,Primera División,2026,2082,Left Centre Back,Uruguay,22,15/10/04,0,0,0.03,0.1,0.3,0,29,0,,0,0,0.01,0.22,0,0.01,0.17,0,0,0.04,0,0.04,0.52,-0.04,0.26,0.17,0.09,67,0.35,0.04,0.26,0.17,0.35,0.29,6.22,6.54,7,3.37,0.09,5.1,19.64,9.08,0.91,0.65,0.99,58,0.69,0.97,0.78,40,0.48,61,2.2,0.09,5.58,5.84,2.42,1.38,0.65,26.87,0.86,16,0.52,38,0.26,0,0,46.99,85,4.37,88,57,7.61,6.31,12,70,-15,35.27,2.46,0.35,0.37,38.47,99,4.89,2.51,0.22,0.22,0,0,0.61,0.82,0.09,0,0,0,0,26,71,4,53,43,3,22.46,24,0.91,91,1.55,20.47,21.81,0,0,0,0,0,,0,0,,0,0,0,0,0,0,19,8,2.45,17,0.03,0.05,0.13,-0.04,,0.17
Ezequiel Busquets,Torque,Primera División,2026,674,Left Back,Uruguay,26,23/10/00,0.13,0.13,0.15,0.1,1.47,9,27,1,,0.1,0.13,0.07,0.53,0.13,0.07,0.53,0,0,0,0.27,0.22,2,0.04,0.67,0.13,0.53,20,1.87,0,0.67,1.2,1.2,1.39,2.27,2.38,18.44,7.62,0,6.28,35.93,9.89,3.21,2.67,3.87,83,3.04,4.43,2,33,0.53,58,0.94,0,13.76,14.24,4.54,3.07,1.47,40.15,4.68,34,1.87,61,0.4,0,0,32.87,76,2.81,18,53,3.21,4.41,13,66,-10,51.32,5.21,0.41,0.5,28.59,94,4.37,7.88,0.8,0.4,0.4,0.13,1.87,2.27,0,0,0.27,22,0.13,37,52,12,29,61,10,21.17,18.39,0.93,79,-2.78,19.61,14.59,0,0,0,0,0,,0,0,,0,0,0,0,0,0,31,13,4.33,28,0.12,0.07,0,-0.11,,0.09
Ezequiel Olivera,Liverpool,Primera División,2026,529,Left Centre Midfielder,Uruguay,23,19/12/03,0,0,0.02,0.02,0.85,0,0,1,,0,0.17,0.02,0.34,0.17,0.02,0.34,0,0,0,0.17,0.03,1.19,0.14,4.08,2.55,1.53,63,2.89,0.17,2.55,3.06,1.53,1.67,0.85,1.01,21.95,10.38,0.03,6.81,47.43,10.38,4.59,2.21,3.74,62,1.92,3.59,1.19,36,1.36,55,1.02,0,18.72,13.81,5.28,6.3,1.87,50.3,9.02,48,3.74,59,0.51,0,0,30.97,67,1.87,36,46,1.7,3.23,25,64,-3,48.98,4.42,0.3,0.3,33.36,85,6.15,7.15,0.68,0.68,0,0,0.68,1.36,0.17,50,0.34,50,0,35,53,12,43,48,10,19.15,18.43,0.98,101,-0.72,18.68,18.61,0,0,0,0,0,,0,0,,0,0,0,0,0,0,28,9,3.62,26,-0.01,0.2,0.04,-0.02,,0.21
F.Álvarez,Racing,Primera División,2026,2486,Left Centre Back,Argentina,22,01/05/04,0.14,0.14,0.07,0.1,0.69,21,32,0,,0.11,0,0.01,0.11,0,0.01,0.11,0,0,0,0.14,0.08,0.8,0.07,0.22,0.11,0.11,50,0.43,0,0.11,0.14,0.83,0.69,7.1,5.96,9.05,4.02,0.09,5.54,24.77,11.51,1.92,1.56,2.39,72,1.53,2.22,0.51,50,0.62,59,3.22,0.07,6.99,5.76,2.79,1.16,0.65,30.05,0.94,13,0.29,25,0.04,0,0,27.08,67,2.9,83,37,8.07,6.88,13,40,-27,38.45,2.82,0.22,0.28,17.27,99,5.85,2.46,0.29,0.29,0,0.04,1.45,1.74,0.04,0,0,0,0.04,42,56,2,62,38,0,26.91,23.44,0.85,75,-3.47,22.77,17.57,0,0,0,0,0,,0,0,,0,0,0,0,0,0,30,6,2.09,13,0.07,0.03,0.11,0.03,,0.24
Fabricio Formiliano,Wanderers,Primera División,2026,2516,Right Centre Back,Uruguay,33,13/01/93,0,0,0.08,0.13,0.61,0,18,0,,0.05,0,0.01,0.18,0,0.01,0.18,0,0,0,0,0.09,0.79,-0.09,0.21,0.18,0.04,83,0.54,0,0.25,0.14,1.04,0.94,5.62,4.81,7.94,3.47,0.07,5.58,23.64,14.53,1.79,1.29,2.33,73,1.19,2.13,0.47,35,0.47,57,2.43,0,6.23,5.57,2.93,1.29,0.57,29.43,0.86,14,0.39,31,0.07,0,0.04,36.17,82,3.58,16,56,6.26,5.76,12,72,-10,33.78,2.15,0.27,0.31,23.47,99,4.27,2.33,0.11,0.11,0,0,1.32,1.43,0,33,0.04,100,0.04,32,66,3,45,52,3,24.37,20.93,0.93,91,-3.44,22.7,19.14,0,0,0,0,0,,0,0,,0,0,0,0,0,0,22,9,3.42,22,0.07,0.04,0.14,-0.05,,0.2
Fabrizio Correa,Cerro,Primera División,2026,1570,Goalkeeper,Uruguay,25,17/01/01,0,0,0,,0,,,0,,0,0,0,0,0,0,0,0,0,0,0,0,0,0,0,0,0,,0.11,0,0,0.06,0,0,0,0,0.11,0,0,6.94,2.84,4.13,0,0,0,0,0,0,0,25,0.23,0,0,0,0.11,0.07,0.06,0,0,5.7,0,0,0,,0.06,0,0,12.38,53,6.65,11,38,1.15,16.17,6,16,-37,10.56,1.55,0.04,0.04,11.58,100,8.09,0.86,0.06,0.06,0,0,0,0.06,0,0,0,,0,63,36,0,100,0,0,52.29,49.81,0.77,102,-2.48,40.51,50.85,1.26,1.26,0,63,63,0,1.09,3.38,29,11.87,2.09,0.34,0.34,14.74,-2,34,1,1.73,13,0.11,0.08,0.01,,-0.16,0.03
Facundo Aristegui,Boston River,Primera División,2026,412,Left Midfielder,Uruguay,19,02/11/07,0,0,0.11,0.08,1.31,0,33,3,,0.02,0,0.23,0.87,0,0.23,0.87,0,0,0,0,0.34,2.19,-0.34,4.59,3.28,1.31,71,1.09,0,5.03,5.25,0.22,0.11,1.09,0.96,21.21,7.65,0.02,5.25,50.42,7.43,2.4,2.62,2.84,63,2.64,2.76,1.97,0,1.53,40,0.87,0,16.83,15.54,3.72,5.47,1.09,51.51,7.87,47,3.5,64,0.22,0,0,19.68,64,0.87,13,67,1.09,1.31,22,65,1,55.77,2.84,0.23,0.59,30.17,68,7.36,5.25,0.22,0.22,0,0.44,3.72,3.94,0,0,0,0,0.66,19,75,7,17,79,4,15.76,12.34,1,92,-3.42,15.82,11.31,0,0,0,0,0,,0,0,,0,0,0,0,0,0,34,12,3.34,26,-0.03,0.15,0.03,-0.08,,0.07
Facundo Barcelo,Liverpool,Primera División,2026,702,Centre Forward,Uruguay,33,30/03/93,0.51,0.38,0.21,0.11,1.92,20,47,4,100,0.32,0.13,0.06,0.77,0.13,0.06,0.77,0,0,0,0.51,0.27,2.69,0.24,0.64,0.38,0.26,60,0.9,0,1.03,2.57,0.26,0.16,0.64,0.64,13.08,5.9,0.03,3.59,63.28,3.98,2.57,0.38,0.64,43,0.49,0.65,0.77,25,0.51,33,2.05,0,12.06,12.04,2.95,3.08,0.77,66.7,9.75,81,2.57,83,0.51,0.13,0,21.16,66,0.51,15,44,0.77,1.03,26,64,-3,63.85,1.67,0.29,0.47,17.57,86,4.73,7.82,0.38,0.38,0,0.26,7.44,7.82,0,0,0,0,0.77,15,68,17,8,77,15,15.69,12.17,0.94,84,-3.52,14.77,10.2,0,0,0,0,0,,0,0,,0,0,0,0,0,0,28,8,4.64,27,-0.08,-0.07,0.05,0.07,,-0.03
Facundo Batista,Peñarol,Primera División,2026,791,Centre Forward,Uruguay,27,15/01/99,0.11,0.11,0.24,0.12,1.93,6,24,5,0,0.15,0.11,0.12,1.02,0.11,0.12,1.02,0,0,0,0.23,0.36,2.96,-0.14,0,0,0,,1.02,0.11,0.91,1.48,0.11,0.14,0.46,0.58,17.3,9.1,0.02,5.69,61.17,2.73,1.82,0.91,1.02,67,0.9,1.04,0.8,63,0.46,36,2.05,0,15.59,17.32,4.44,1.71,0.57,63.48,12.06,77,1.59,93,0.23,0,0,11.04,84,0.34,10,75,0.57,0.34,28,62,-22,61.19,0.91,0.29,0.6,8.31,79,3.42,4.32,0.8,0.8,0,0.57,6.15,6.94,0,14,0.23,67,0.68,14,70,15,21,71,8,13.22,12.57,0.97,97,-0.65,12.8,12.25,0,0,0,0,0,,0,0,,0,0,0,0,0,0,20,8,1.84,10,0.04,0.03,0.02,-0.11,,-0.01
Facundo Butti,Cerro,Primera División,2026,390,Left Centre Back,Argentina,26,01/03/00,0,0,0,0.02,0.23,0,0,0,,0,0,0,0.23,0,0,0.23,0,0,0,0,0.01,0.46,-0.01,0.23,0.23,0,100,0.69,0,0,0,0.92,0.53,4.16,2.18,8.78,3.46,0.07,5.08,24.46,5.54,0.92,0.92,1.85,67,0.4,0.93,1.15,33,0.46,29,0.46,0,7.16,3.96,3.23,0.69,0.46,27.61,0.69,10,0.23,33,0.23,0,0,16.86,66,2.08,67,36,4.39,5.54,10,88,21,39.63,1.62,0.03,0.03,12.7,100,4.19,1.39,0,0,0,0,0.69,0.69,0,,0,,0,50,49,1,33,67,0,29.27,21.65,0.84,111,-7.63,24.46,23.99,0,0,0,0,0,,0,0,,0,0,0,0,0,0,30,9,0.81,6,0.03,0.02,0.08,-0.01,,0.12
Facundo Castro,Defensor Sporting,Primera División,2026,818,Right Wing,Uruguay,31,21/01/95,0.22,0.22,0.14,0.09,1.54,14,29,2,,0.12,0.11,0.07,0.77,0.11,0.07,0.66,0,0,0.11,0.33,0.21,2.31,0.12,1.87,1.21,0.66,65,0.88,0,1.87,1.98,0.33,0.31,0.88,1.03,12.65,4.84,0.02,3.41,51.59,8.91,4.62,0.55,0.88,45,0.44,0.75,0.11,0,0.66,40,0.66,0.11,11.99,14.1,2.97,3.74,1.43,53.79,6.05,50,2.53,68,0,0,0,36.52,66,3.52,12,47,1.98,6.38,17,64,-2,55.72,4.18,0.25,0.39,31.35,91,4.83,9.57,0.88,0.66,0.22,0.22,2.75,3.41,0.22,63,0.66,25,0.33,20,66,14,23,64,13,22.36,19.52,0.93,102,-2.84,20.75,19.85,0,0,0,0,0,,0,0,,0,0,0,0,0,0,30,8,5.08,37,0,0.05,0.04,0.02,,0.1
Facundo Ezequiel dos Santos,Boston River,Primera División,2026,1348,Centre Attacking Midfielder,Uruguay,22,10/06/04,0.27,0.27,0.24,0.09,2.6,10,38,4,,0.3,0.13,0.16,1.47,0.07,0.13,1.2,0.07,0.03,0.27,0.4,0.4,4.07,0,1.8,1.27,0.53,70,1.4,0,3.41,2.8,0.2,0.19,0.27,0.26,18.23,8.61,0.01,4.81,53.14,8.01,3.67,1.47,1.67,63,1.47,1.66,1.07,19,0.87,38,0.8,0,15.69,16.44,4.14,4.67,1.27,53.19,8.68,55,3.41,73,0.07,0,0,32.85,76,2.6,85,60,0.87,3.74,16,67,-9,58.67,5.81,0.34,0.53,36.66,87,6.62,10.35,1.2,0.73,0.47,0.27,3.94,4.67,0.2,28,0.53,38,0.4,16,66,18,21,66,12,19.38,16.55,0.96,106,-2.83,18.52,17.57,0,0,0,0,0,,0,0,,0,0,0,0,0,0,20,7,5.03,42,-0.03,0.14,-0.01,0,,0.1
Facundo González,Racing,Primera División,2026,710,Right Wing Back,Uruguay,21,09/05/05,0,0,0.04,0.02,1.65,0,31,2,,0.01,0,0.04,0.89,0,0.01,0.25,0,0.03,0.63,0,0.08,2.54,-0.08,0.51,0.25,0.25,50,0.89,0,1.4,1.14,0.89,0.82,1.27,1.06,13.07,4.06,0,5.58,38.04,9.89,4.95,1.65,2.54,57,1.22,2.03,0.76,17,1.27,43,0.76,0,10.78,7.8,4.06,3.3,1.14,43.33,4.06,38,2.03,62,0.25,0,0,21.82,58,4.31,21,41,1.78,9.89,11,60,2,60.93,4.31,0.22,0.25,18.39,90,5.73,5.58,2.16,0.51,1.65,0,0.89,1.4,0,12,0.63,21,0.38,33,60,7,25,64,11,26.61,22.89,0.87,86,-3.72,23.18,19.75,0,0,0,0,0,,0,0,,0,0,0,0,0,0,39,11,5.11,31,0.14,0.05,0.01,-0.06,,0.15
Facundo Kidd,Progreso,Primera División,2026,808,Left Back,Uruguay,29,03/08/97,0,0,0.03,0.06,0.56,0,40,0,,0.06,0.22,0.07,1.23,0.22,0.06,1.11,0,0.01,0.11,0.22,0.11,1.78,0.12,0.78,0.56,0.22,71,0.56,0,1.23,0.89,0.67,0.6,2.23,1.33,13.93,7.13,0.04,5.68,34.33,8.8,3.34,1.56,2.23,47,1.36,1.96,1.11,41,1.78,52,1.45,0,11.37,7.95,3.9,2.45,0.56,38.3,3.79,33,1.89,77,0.33,0,0,27.52,64,3.01,85,44,3.45,5.68,13,60,-4,54.03,3.57,0.13,0.15,20.5,93,3.19,7.02,1.78,1.11,0.67,0.22,1.34,2.45,0,44,1.11,40,0.22,36,56,9,25,62,13,22.99,20.9,0.9,107,-2.09,20.67,22.37,0,0,0,0,0,,0,0,,0,0,0,0,0,0,37,9,4.48,37,0.14,0.01,0.02,0,,0.17
Facundo Labandeira,Wanderers,Primera División,2026,1129,Left Centre Forward,Uruguay,30,02/03/96,0.32,0.32,0.28,0.13,2.07,15,50,4,,0.42,0.24,0.15,1.12,0.24,0.15,1.12,0,0,0,0.56,0.43,3.19,0.13,1.51,0.8,0.72,53,1.36,0.08,2.79,3.11,0.64,0.55,0.56,0.4,18.89,6.86,0.01,6.06,56.82,6.62,3.99,1.36,1.99,57,1.27,1.82,1.59,29,1.04,33,1.91,0,15.94,13.19,4.86,4.22,1.83,58.34,9.8,62,3.27,77,0.16,0,0,23.99,58,0.88,7,39,0.96,1.83,26,49,-10,59.74,2.39,0.37,0.57,23.99,80,5.52,6.86,0.72,0.72,0,0.16,4.62,5.34,0.16,22,0.32,22,0.32,22,66,13,16,70,14,17.51,15.03,0.93,83,-2.48,16.33,12.44,0,0,0,0,0,,0,0,,0,0,0,0,0,0,37,7,3.43,23,-0.05,0.08,0.03,0.12,,0.18
Facundo Luzardo,Danubio,Primera División,2026,1087,Right Back,Uruguay,18,08/06/08,0,0,0.04,0.05,0.83,0,10,1,,0.02,0,0.01,0.25,0,0.01,0.25,0,0,0,0,0.04,1.08,-0.04,2.48,1.41,1.08,57,2.4,0,1.82,2.65,1.41,1.49,2.4,2.34,16.06,8.61,0.01,6.95,38.02,12.83,4.3,2.4,3.81,63,2.51,4.01,1.82,38,1.41,48,1.24,0,11.84,12.57,4.47,2.57,1.08,38.96,3.48,29,1.32,52,0.08,0,0.08,26.16,62,1.49,8,31,2.65,4.64,11,45,-17,50.79,3.48,0.16,0.18,26.08,87,6.29,3.81,1.16,0.66,0.5,0,1.08,1.74,0,36,0.5,29,0,38,53,9,39,50,11,20.65,13.88,0.88,103,-6.77,18.26,14.29,0,0,0,0,0,,0,0,,0,0,0,0,0,0,40,11,2.96,22,0.13,0.11,-0.05,-0.02,,0.16
Facundo Machado Campos,Racing,Primera División,2026,390,Goalkeeper,Uruguay,22,18/01/04,0,0,0,,0,,,0,,0,0,0,0,0,0,0,0,0,0,0,0,0,0,0,0,0,,0.69,0,0,0,0,0,0,0,0.23,0,0,4.61,3.23,4.84,0,0,0,,0,0,0,,0,,0,0,0.23,0.11,0,0,0,16.77,0,0,0,,0,0,0,13.14,51,4.61,3,31,0.92,14.06,4,50,-1,13.1,1.38,0.3,0.3,11.76,100,6.65,0.46,0,0,0,0,0,0,0,,0,,0,64,36,0,100,0,0,50.89,55.81,0.7,87,4.91,35.82,48.68,1.38,1.29,-0.1,54,57,-3,0.9,3,36,8.3,1.8,0,0,15.84,-1,36,0,2.33,15,0.17,0.06,,,0.19,0.42
Facundo Perdomo,Liverpool,Primera División,2026,1110,Right Back,Uruguay,27,20/08/99,0,0,0.02,0.02,0.73,0,0,1,,0,0.08,0.05,0.65,0.08,0.05,0.65,0,0,0,0.08,0.07,1.38,0.01,0.57,0.41,0.16,71,0.65,0,0.65,0.81,1.05,1.06,2.35,2.31,17.27,8.67,0.02,6.32,37.69,9.48,3.97,3.16,4.22,80,3.09,4.15,0.97,60,0.81,50,1.13,0,13.13,12.94,4.86,3.24,0.81,40.73,4.3,33,2.19,68,0.16,0,0,37.61,77,2.51,8,49,2.92,4.54,12,62,-14,51.36,5.11,0.35,0.42,31.77,95,4.2,8.75,1.3,0.89,0.41,0.16,0.65,1.54,0,38,0.57,25,0.32,30,62,8,33,55,12,20.28,20.28,0.92,94,0,18.58,19.03,0,0,0,0,0,,0,0,,0,0,0,0,0,0,25,10,5.94,34,0.12,0.08,0.08,-0.02,,0.26
Facundo Pérez,CA Juventud,Primera División,2026,741,Right Defensive Midfielder,Uruguay,26,22/03/00,0.12,0.12,0.09,0.06,1.34,9,55,2,,0.16,0,0.03,0.61,0,0.03,0.61,0,0,0,0.12,0.12,1.94,0,1.34,0.97,0.36,73,1.22,0,1.82,1.09,1.22,1.48,1.82,2.05,18.35,8.51,0.01,5.35,42.73,12.52,5.1,1.34,2.55,61,1.52,3,2.31,29,0.85,50,1.46,0,14.71,16.26,4.13,3.77,1.09,45.49,5.83,40,2.67,71,0.49,0,0,42.78,77,3.04,11,64,2.55,4.01,20,70,-8,49.89,4.86,0.24,0.35,36.1,93,4.43,10.21,1.22,1.22,0,0.12,1.58,2.8,0,20,0.24,25,0.12,22,69,9,26,65,8,19.58,17.31,0.99,111,-2.28,19.47,19.13,0,0,0,0,0,,0,0,,0,0,0,0,0,0,21,8,4.93,39,-0.03,0.1,0.04,0.04,,0.15
Facundo Silvera,Torque,Primera División,2026,1820,Left Back,Uruguay,29,19/01/97,0.05,0.05,0.02,0.04,0.64,8,38,0,,0.03,0.15,0.07,1.53,0.1,0.05,0.99,0.05,0.02,0.54,0.2,0.09,2.18,0.11,0.35,0.2,0.15,57,0.64,0,0.45,0.4,1.19,1.29,2.92,3.18,14.84,6.97,0.01,4.95,34.49,10.98,3.61,2.47,3.66,81,2.76,4.05,1.43,47,0.59,57,0.84,0,10.98,12.07,3.61,2.13,0.64,38.13,2.97,27,1.14,53,0.4,0,0,43.47,70,4.95,85,41,4.7,10.34,12,65,-6,52.23,6.97,0.38,0.42,33.28,98,4.22,10.78,2.87,1.68,1.19,0.05,0.84,2.52,0.05,43,1.24,38,0.1,31,61,7,32,59,9,24.39,24.6,0.88,92,0.21,21.38,22.6,0,0,0,0,0,,0,0,,0,0,0,0,0,0,28,10,7,43,0.25,0.06,-0.02,0,,0.28
Facundo Sosa,Central Español,Primera División,2026,1055,Right Midfielder,Uruguay,23,16/01/03,0.17,0.17,0.15,0.07,2.13,8,44,4,,0.34,0,0.07,0.51,0,0.07,0.51,0,0,0,0.17,0.22,2.65,-0.04,2.99,1.45,1.54,49,2.82,0,1.62,4.86,0.51,0.27,0.6,0.28,21.67,9.47,0.01,6.74,46.47,5.21,2.73,2.39,2.9,80,1.47,1.74,1.45,50,0.6,40,1.37,0,17.92,11.06,5.29,3.84,1.11,48.49,7.68,43,3.07,80,0,0,0,14.93,56,0.68,20,32,1.37,1.37,29,38,-18,60.7,2.05,0.23,0.32,20.91,74,7.64,4.35,0.43,0.43,0,0.17,3.07,3.5,0,60,0.51,26,0.26,27,59,14,22,57,22,19.64,21.39,0.92,85,1.75,18.01,18.27,0,0,0,0,0,,0,0,,0,0,0,0,0,0,43,7,1.67,14,0.01,0.02,0.01,0.07,,0.11
Facundo Tealde,Deportivo Maldonado,Primera División,2026,1718,Left Centre Back,Uruguay,37,14/03/89,0.1,0.1,0.01,0.05,0.21,50,50,0,,0.05,0,0.01,0.21,0,0.01,0.21,0,0,0,0.1,0.02,0.42,0.09,0.37,0.21,0.16,57,0.21,0,0.31,0.31,1.83,2.07,5.5,6.12,9.43,4.24,0.06,5.24,25.91,11.68,2.04,1.73,3.56,72,1.92,3.99,0.89,40,0.68,54,1.62,0.05,6.97,7.73,2.88,1.41,0.42,30.77,1.1,16,0.63,44,0.26,0.05,0,35.35,71,3.51,78,39,6.34,8.22,10,60,-11,37.3,3.3,0.27,0.28,25.93,98,6.42,3.35,0.26,0.21,0.05,0,0.47,0.68,0,0,0,0,0,40,58,2,42,58,0,26.95,24.42,0.86,79,-2.54,23.3,19.37,0,0,0,0,0,,0,0,,0,0,0,0,0,0,28,6,3.11,19,0.06,0.05,0,0,,0.12
Facundo de León,Progreso,Primera División,2026,1350,Right Wing,Uruguay,22,30/04/04,0.13,0.13,0.13,0.11,1.13,12,18,3,,0.1,0.07,0.1,0.47,0.07,0.1,0.47,0,0,0,0.2,0.22,1.6,-0.02,2.4,1,1.4,42,1.27,0.07,2.73,3.8,0.2,0.14,0.47,0.25,17.87,6.47,0.01,5.27,50.38,5.47,2.2,1.13,1.33,50,0.63,0.77,0.87,19,1.13,28,0.6,0,16,9.91,4.53,4.13,0.87,51.98,8.13,51,3.07,74,0.2,0,0,16.07,61,0.33,15,38,0.53,0.8,15,42,-20,56.36,1.53,0.17,0.32,20.27,74,7.18,4.67,0.73,0.73,0,0.27,2.93,3.67,0.07,36,0.53,26,0.2,22,64,14,24,54,21,15.4,10.95,0.94,145,-4.45,14.53,15.89,0,0,0,0,0,,0,0,,0,0,0,0,0,0,37,11,2.3,20,0,0.1,0,-0.07,,0.03
Federico Andueza,Progreso,Primera División,2026,425,Left Centre Back,Uruguay,29,24/05/97,0,0,0.01,0.03,0.42,0,50,0,,0,0,0,0,0,0,0,0,0,0,0,0.01,0.42,-0.01,0.85,0.64,0.21,75,0.21,0,0.21,0.64,0.42,0.3,5.51,4,10.59,5.93,0.02,4.66,24.55,11.65,2.12,0.64,1.06,50,0.48,0.78,1.27,50,0.64,63,2.12,0.21,8.68,5.97,2.54,2.12,0,28.91,1.48,17,0.85,40,0.42,0,0,27.32,68,4.87,81,61,6.14,7.41,18,63,-5,37.18,2.75,0.05,0.06,17.79,98,5.16,2.33,0,0,0,0,0.64,0.64,0,,0,,0,41,55,4,36,55,9,27.4,20.94,0.95,99,-6.46,26.05,20.8,0,0,0,0,0,,0,0,,0,0,0,0,0,0,35,9,1.97,22,0.08,0.03,0.04,-0.01,,0.15
Federico Barrandeguy,CA Juventud,Primera División,2026,929,Right Back,Uruguay,30,07/05/96,0,0,0.02,0.04,0.39,0,75,0,,0.06,0,0.1,1.45,0,0.06,0.87,0,0.04,0.58,0,0.12,1.84,-0.12,0.77,0.48,0.29,63,0.87,0,1.07,0.58,1.07,1.21,2.62,2.88,15.98,8.33,0.04,7.17,32.41,12.21,3.78,2.23,3.29,74,2.74,3.95,0.97,56,0.77,58,1.36,0,12.79,15.19,5.13,3.39,1.16,38.03,4.26,33,2.13,63,0,0,0,43.98,73,5.52,14,52,3.87,9.4,13,64,-9,50.8,5.33,0.24,0.27,37.39,96,4.3,10.46,2.32,1.36,0.97,0,0.39,1.74,0.1,42,1.07,32,0.1,30,59,10,22,63,15,22.54,21.18,0.89,95,-1.36,20.13,20.04,0,0,0,0,0,,0,0,,0,0,0,0,0,0,28,11,5.76,42,0.2,0.06,0.16,-0.01,,0.41
Federico Dafonte,Boston River,Primera División,2026,778,Right Defensive Midfielder,Uruguay,22,07/12/04,0,0,0.04,0.04,0.93,0,38,1,,0.1,0.12,0.01,0.46,0.12,0.01,0.46,0,0,0,0.12,0.05,1.39,0.06,0.69,0.23,0.46,33,0.69,0,0.93,1.62,1.04,1.08,1.04,1.32,16.89,8.56,0.02,7.75,37.64,10.29,3.35,1.27,2.31,52,1.49,2.57,0.93,29,1.16,46,0.69,0.12,14.81,16.3,5.55,3.24,1.16,38.54,3.93,27,1.5,46,0.12,0,0,46.27,84,4.86,19,74,1.85,5.78,12,82,-2,45.02,3.47,0.28,0.3,37.82,96,4.41,7.17,0.46,0.46,0,0.23,1.04,1.5,0,25,0.23,50,0.35,20,72,8,13,84,3,22.15,20.1,0.99,98,-2.05,22,19.65,0,0,0,0,0,,0,0,,0,0,0,0,0,0,18,6,3.27,26,-0.01,0.06,0.05,0.03,,0.14
Federico Garcia,Progreso,Primera División,2026,731,Right Centre Back,Uruguay,20,14/02/06,0,0,0,,0,,,0,,0,0,0.02,0.12,0,0.02,0.12,0,0,0,0,0.02,0.12,-0.02,0.25,0.25,0,100,0.12,0,0.25,0.25,0.99,0.43,5.42,3.53,13.18,5.3,0.07,7.27,23.85,12.32,1.11,1.48,2.46,75,1.03,1.46,1.72,33,0.49,63,2.46,0,9.98,6,5.05,1.72,0.74,28.18,1.23,12,0.49,29,0.37,0,0,26.86,61,3.33,13,40,7.64,6.16,16,44,-17,32.37,1.48,0.15,0.17,16.63,98,5.24,1.6,0.25,0.12,0.12,0,0.25,0.37,0,50,0.12,33,0,40,55,4,31,69,0,28.73,34.4,0.87,81,5.67,24.9,27.7,0,0,0,0,0,,0,0,,0,0,0,0,0,0,35,5,1.9,15,0.01,0.06,0.12,,,0.19
Federico Ismael Varese Valenzuela,Racing,Primera División,2026,2195,Goalkeeper,Uruguay,23,24/03/03,0,0,0,,0,,,0,,0,0,0.01,0.04,0,0.01,0.04,0,0,0,0,0.01,0.04,-0.01,0.04,0.04,0,100,0.25,0,0,0,0,0,0.04,0.02,0.08,0.08,0,4.96,3.39,4.06,0,0,0,0,0,0,0,0,0.08,0,0,0.08,0.08,0.09,0,0,0,36.46,0.04,50,0,,0.12,0,0,10.05,52,4.43,25,33,0.62,12.96,4,48,-4,12.8,1.27,0.07,0.07,9.39,100,7.88,0.57,0.08,0.08,0,0,0,0.08,0,0,0,,0,69,31,0,93,7,0,50.16,45.76,0.72,93,-4.4,36.31,42.34,0.45,0.45,0,66,66,0,0.54,1.31,17,7.71,2.22,0.04,0.04,19.44,-1,34,2,1.34,9,0.09,0.07,0,,0.03,0.19
Federico Martínez,Liverpool,Primera División,2026,1642,Left Wing,Uruguay,30,27/02/96,0.44,0.38,0.35,0.12,2.91,13,45,4,100,0.42,0.11,0.04,0.93,0.05,0.02,0.49,0.05,0.03,0.44,0.49,0.39,3.84,0.1,1.37,0.88,0.49,64,1.7,0.05,3.62,2.74,0.71,0.65,0.27,0.32,14.86,6.52,0.03,4.28,56.07,6.58,4.33,0.71,1.43,50,0.76,1.41,1.43,25,0.71,45,0.71,0,12.72,13.88,3.67,3.73,1.04,56.97,8.33,66,2.91,78,0.16,0.05,0,27.36,73,1.75,15,52,0.77,2.85,23,76,2,62.26,3.34,0.37,0.6,31.63,85,6.51,10.47,1.1,0.6,0.49,0.27,4.11,4.71,0.05,5,0.11,6,0.55,13,67,20,14,66,20,18.6,16.97,0.94,92,-1.63,17.41,15.69,0,0,0,0,0,,0,0,,0,0,0,0,0,0,27,8,5.87,37,-0.01,0.11,0.03,0.14,,0.27
Federico Puente Arap,Albion,Primera División,2026,600,Left Back,Uruguay,31,28/12/95,0,0,0.03,0.02,1.2,0,50,1,,0.1,0.15,0.03,0.75,0.15,0.03,0.75,0,0,0,0.15,0.06,1.95,0.09,0.6,0.45,0.15,75,0.6,0,1.95,0.45,0.75,0.72,3.45,3.46,10.95,4.35,0.03,3.9,26.65,9.3,2.55,2.25,3,79,2.11,2.83,1.2,33,0.6,0,0,0,7.5,7.35,2.1,1.95,0.9,32.45,1.8,24,0.75,38,0.3,0,0,39.92,75,5.55,77,51,4.2,10.05,12,76,1,44.88,6.9,0.47,0.49,34.82,95,5.08,7.35,0.9,0.75,0.15,0,0.3,1.05,0.15,0,0,0,0,31,61,8,53,39,8,25.75,19.93,0.9,108,-5.82,23.1,21.54,0,0,0,0,0,,0,0,,0,0,0,0,0,0,23,6,4.02,29,0.08,0.06,0.03,-0.01,,0.16
Federico Álvarez,Nacional,Primera División,2026,708,Left Back,Uruguay,18,28/01/08,0,0,0.09,0.07,1.14,0,22,1,,0.07,0,0.01,0.25,0,0.01,0.25,0,0,0,0,0.09,1.4,-0.09,1.4,0.89,0.51,64,0.76,0,2.41,0.76,0.76,0.8,1.53,1.71,20.84,10.55,0,8.01,30.1,7.37,2.67,3.3,4.07,84,3.27,4.08,0.51,81,0.64,38,0.64,0,17.03,17.5,6.35,2.03,0.64,31.19,2.16,13,0.38,19,0.13,0,0,29.11,79,1.78,76,42,1.91,3.81,14,67,-12,48.5,3.43,0.3,0.33,27.83,90,5.39,5.72,0.38,0.13,0.25,0.13,1.14,1.27,0,33,0.25,20,0.13,29,58,13,38,49,13,19.16,15.87,0.89,99,-3.29,17.14,15.73,0,0,0,0,0,,0,0,,0,0,0,0,0,0,28,14,2.97,20,0.06,0.07,-0.04,0,,0.08
Felipe Cairus,Racing,Primera División,2026,1726,Right Centre Midfielder,Uruguay,26,27/04/00,0.05,0.05,0.13,0.08,1.67,3,25,3,,0.09,0.1,0.15,1.15,0.1,0.15,1.09,0,0,0.05,0.16,0.28,2.82,-0.13,1.3,0.57,0.73,44,2.19,0.05,1.72,2.03,0.57,0.43,0.73,0.59,19.76,8.13,0.01,6.62,47.11,10.79,5.94,2.35,2.92,79,2.17,2.6,1.56,43,0.63,43,1.36,0,15.95,12.71,5.16,4.43,1.25,47.89,6.99,44,2.97,67,0.21,0,0,24.3,65,1.3,22,43,1.41,2.35,25,63,-2,55.01,3.7,0.31,0.39,20.86,87,4.91,6.52,0.78,0.73,0.05,0.36,3.7,4.43,0,7,0.1,17,0.52,34,58,7,38,56,6,19.25,17.01,0.96,98,-2.25,18.51,16.71,0,0,0,0,0,,0,0,,0,0,0,0,0,0,34,9,3.07,19,0,0.04,0.02,-0.09,,-0.03
Fernando Camarda,Central Español,Primera División,2026,882,Right Midfielder,Uruguay,23,07/11/03,0.1,0.1,0.11,0.07,1.43,7,50,3,,0.11,0.2,0.12,0.92,0.2,0.12,0.92,0,0,0,0.31,0.22,2.35,0.08,2.96,1.94,1.02,66,1.33,0,2.45,4.18,0.61,0.19,0.51,0.25,15.4,5.92,0.01,3.88,47.98,7.04,3.98,0.82,1.43,67,0.47,0.66,0.82,0,0.41,39,0.71,0,13.77,7.41,3.16,3.16,1.02,50.48,6.53,47,2.55,81,0.1,0,0,21.93,72,1.94,20,70,0.61,2.65,18,59,-14,60.72,3.06,0.17,0.42,27.14,80,7.77,8.88,1.12,1.02,0.1,0.31,2.86,3.88,0,55,0.82,53,0.31,15,71,14,11,72,16,17.23,12.66,1.03,110,-4.57,17.73,13.87,0,0,0,0,0,,0,0,,0,0,0,0,0,0,27,7,2.94,28,-0.01,0.07,0.02,0.01,,0.09
Fernando Mimbacas,CA Juventud,Primera División,2026,1547,Centre Forward,Uruguay,24,25/03/02,0.35,0.29,0.27,0.12,2.21,13,42,6,100,0.37,0.06,0.08,0.76,0.06,0.08,0.76,0,0,0,0.35,0.35,2.97,0,1.45,0.7,0.76,48,0.81,0.06,2.39,3.9,0.06,0.04,0.64,0.91,16.87,7.27,0.02,4.07,65.04,3.14,1.98,0.23,0.29,33,0.29,0.33,1.28,13,0.47,54,2.97,0,15.36,16.02,3.67,3.72,0.87,68.01,12.97,84,3.49,94,0.12,0.06,0,13.79,60,0.41,75,41,0.87,0.76,35,56,-4,62.46,2.15,0.22,0.46,14.78,69,6.34,4.89,0.41,0.41,0,0.52,5.99,6.4,0,14,0.17,27,0.76,18,60,22,15,67,18,16.25,14.73,1.02,100,-1.52,16.61,14.73,0,0,0,0,0,,0,0,,0,0,0,0,0,0,36,5,2.64,18,-0.03,-0.02,-0.04,0.04,,-0.05
Francisco Barrios,Boston River,Primera División,2026,1075,Right Defensive Midfielder,Uruguay,24,18/02/02,0,0,0.06,0.07,0.92,0,9,1,,0,0,0.07,0.33,0,0.07,0.33,0,0,0,0,0.14,1.26,-0.14,0.67,0.42,0.25,63,0.84,0,1.26,0.84,0.92,0.91,2.34,2.36,20.6,11.22,0.03,7.87,37.25,11.72,4.1,2.26,3.18,73,2.24,3.14,0.59,56,0.84,57,1.09,0,17.84,16.64,6.36,5.78,2.26,40.53,5.86,33,3.35,58,0.17,0,0,37.76,79,3.6,15,57,3.27,5.36,17,73,-6,44.57,3.18,0.32,0.37,27.3,96,4.12,6.36,0.5,0.5,0,0.17,0.75,1.26,0,0,0.08,33,0.25,25,66,9,25,67,8,22.11,21.12,0.95,89,-0.99,20.99,18.82,0,0,0,0,0,,0,0,,0,0,0,0,0,0,23,10,2.63,27,0.1,0.04,0.03,-0.04,,0.13
Francisco Bonfiglio,Boston River,Primera División,2026,1413,Centre Forward,Argentina,24,01/01/02,0.32,0.32,0.35,0.15,2.29,14,42,4,,0.42,0.06,0.04,0.89,0.06,0.04,0.83,0,0,0.06,0.38,0.4,3.18,-0.01,0.7,0.45,0.25,64,1.53,0,1.15,3.12,0.45,0.47,0.83,0.8,18.28,6.94,0.02,4.97,58.93,3.31,2.23,0.57,1.02,64,0.59,1.06,1.97,29,0.32,35,2.17,0,15.73,15.38,4.2,3.63,1.15,62.27,11.91,76,2.87,79,0.32,0,0,15.92,77,0.96,14,71,1.08,1.08,26,71,-7,56.24,1.34,0.36,0.6,14.46,80,4.01,4.65,0.45,0.38,0.06,0.25,5.61,5.99,0.06,0,0.06,25,0.45,16,60,24,15,59,26,17,16.76,0.97,93,-0.23,16.42,15.56,0,0,0,0,0,,0,0,,0,0,0,0,0,0,25,8,2.82,23,-0.02,-0.01,0,0.05,,0.03
Francisco Bregante,Cerro,Primera División,2026,1446,Left Back,Uruguay,22,17/04/04,0,0,0.07,0.19,0.37,0,17,0,,0.03,0,0.01,0.19,0,0.01,0.19,0,0,0,0,0.08,0.56,-0.08,0.5,0.37,0.12,75,0.68,0,1,0.56,1.12,1.01,2.74,1.74,14.07,6.85,0.02,6.6,32.4,8.59,2.8,2.3,3.42,67,1.61,2.61,1,52,1.12,62,1.43,0.06,10.77,8.16,4.11,2.61,1.06,34.86,2.61,24,1.56,60,0.25,0,0,28.51,67,1.49,79,31,3.86,3.67,15,49,-18,49.3,2.86,0.16,0.21,21.29,94,4.36,5.04,0.56,0.31,0.25,0,0.87,1.18,0,33,0.37,23,0,34,56,10,30,53,17,19.92,21.14,0.87,88,1.22,17.29,18.63,0,0,0,0,0,,0,0,,0,0,0,0,0,0,35,10,2.21,22,0.05,0.04,-0.02,-0.04,,0.02
Francisco Calvo,Nacional,Primera División,2026,678,Left Centre Back,Costa Rica,34,07/07/92,0.13,0.13,0.04,0.06,0.66,20,20,0,,0.12,0,0.01,0.27,0,0.01,0.27,0,0,0,0.13,0.05,0.93,0.09,0.53,0.53,0,100,0.66,0,0.8,0.13,1.86,2.91,2.92,3.04,7.16,2.65,0.09,4.24,26.81,12.87,2.12,1.86,3.71,88,2.42,5.33,0.8,67,0.27,67,2.65,0,4.51,5.42,2.52,0.8,0.27,28.47,0.8,18,0.53,67,0.4,0,0,54.92,78,5.97,90,58,3.98,9.29,10,62,-16,42.11,7.69,0.42,0.46,45.1,98,4.65,9.42,0.53,0.53,0,0.13,2.39,2.92,0.13,25,0.13,33,0.27,32,65,3,41,56,3,24.12,22.47,0.95,106,-1.65,22.8,23.83,0,0,0,0,0,,0,0,,0,0,0,0,0,0,25,7,3.83,27,0.03,0.08,0,-0.01,,0.1
Francisco Couture,Albion,Primera División,2026,1704,Right Centre Back,Uruguay,23,04/08/03,0.05,0.05,0.01,0.09,0.16,33,33,0,,0.04,0,0,0,0,0,0,0,0,0,0.05,0.01,0.16,0.04,0.05,0.05,0,100,0.69,0,0.32,0.32,0.9,0.86,3.8,4.12,12.15,5.6,0.03,5.28,24.23,7.76,1,1.74,2.64,73,1.71,2.57,0.85,42,0.63,42,0.58,0,9.56,9.82,3.8,2.11,0.79,28.36,1.53,16,0.85,40,0.26,0,0,48.44,87,3.49,19,51,4.38,6.23,8,74,-13,32.67,2.17,0.37,0.38,40.99,99,5.09,2.06,0.05,0.05,0,0.05,0.32,0.37,0,0,0,0,0.05,25,70,5,31,62,8,22.72,22.95,0.9,93,0.23,20.41,21.39,0,0,0,0,0,,0,0,,0,0,0,0,0,0,18,9,3.13,23,0.02,0.05,0.07,0.03,,0.17
Francisco Ginella,Albion,Primera División,2026,2261,Left Defensive Midfielder,Uruguay,27,20/01/99,0.12,0.12,0.06,0.07,0.84,14,29,1,,0.07,0.04,0.06,0.72,0.04,0.05,0.52,0,0.01,0.2,0.16,0.12,1.55,0.04,0.52,0.36,0.16,69,1.63,0,1.23,1.07,0.6,0.68,1.31,1.64,17.39,8.72,0.02,6.45,41.26,9.71,4.38,2.15,2.75,63,2.33,3.01,1.11,33,1.27,47,0.6,0,14.13,16.41,4.86,4.26,1.63,43.7,5.65,40,2.59,61,0.2,0,0.04,45.66,83,3.38,18,64,2.07,4.54,17,75,-8,49.15,4.62,0.43,0.51,39.88,95,4.39,8.28,1,0.68,0.32,0,0.92,1.59,0.12,12,0.12,30,0.04,20,71,10,32,63,5,19.88,18.45,0.97,104,-1.43,19.19,19.22,0,0,0,0,0,,0,0,,0,0,0,0,0,0,18,8,4.96,34,-0.04,0.06,0.03,0,,0.06
Franco Escobar,Peñarol,Primera División,2026,1114,Right Back,Argentina,31,20/02/95,0,0,0.03,0.06,0.48,0,17,0,,0,0,0.04,0.81,0,0.04,0.81,0,0,0,0,0.07,1.29,-0.07,0.73,0.16,0.57,22,0.65,0,1.05,1.21,1.53,1.49,1.78,2.02,15.67,7.27,0.03,7.11,35.42,11.47,3.63,3.15,4.68,87,3.97,5.46,1.05,57,0.48,53,1.7,0,11.47,13.15,4.85,2.83,1.13,39.68,4.04,35,1.7,60,0.16,0,0,34.89,83,1.62,15,56,2.18,2.5,14,69,-14,44.84,3.55,0.26,0.31,27.79,93,4.03,6.87,0.4,0.4,0,0.08,1.37,1.78,0.08,20,0.08,17,0.32,24,67,9,27,55,18,18.02,15.93,0.96,104,-2.09,17.38,16.63,0,0,0,0,0,,0,0,,0,0,0,0,0,0,25,12,3.28,19,0.06,0.04,0.09,-0.03,,0.16
Franco Muñoz,Central Español,Primera División,2026,1479,Right Centre Midfielder,Uruguay,27,05/02/99,0.18,0.18,0.08,0.12,0.67,27,55,1,,0.14,0,0.03,0.43,0,0.03,0.43,0,0,0,0.18,0.11,1.1,0.07,0.37,0.3,0.06,83,1.64,0,0.55,1.22,0.55,0.28,1.1,0.54,20.7,10.71,0.04,5.72,44.26,9.68,4.75,1.46,2.01,73,1.09,1.37,1.03,20,0.55,48,1.16,0,18.26,9.27,4.2,3.96,0.97,46.16,7.67,42,2.25,57,0.24,0,0.06,25.75,72,2.13,17,51,1.77,3.47,22,71,-1,52.78,2.25,0.24,0.3,18.44,93,4.73,6.21,0.67,0.61,0.06,0.06,0.97,1.58,0,18,0.12,25,0.3,26,61,13,29,60,11,21.86,20.61,0.94,96,-1.24,20.5,19.77,0,0,0,0,0,,0,0,,0,0,0,0,0,0,28,7,1.66,16,0,0.04,0.06,0.07,,0.17
Franco Pizzichillo,Torque,Primera División,2026,1388,Right Centre Midfielder,Uruguay,30,02/01/96,0.19,0.19,0.07,0.05,1.3,15,40,2,,0.06,0.06,0.1,1.49,0,0.05,0.65,0.06,0.05,0.84,0.26,0.17,2.79,0.09,0.78,0.39,0.39,50,0.97,0,1.43,1.95,0.26,0.27,0.97,1.2,16.73,7.85,0.01,5.19,50.75,7.85,3.44,2.08,2.33,73,2.53,2.8,1.3,15,0.78,32,0.78,0,13.42,15.25,4.09,4.02,1.49,53.39,7.65,57,2.53,63,0.26,0,0,31.97,68,2.53,9,41,1.43,5.71,13,61,-6,59.49,4.15,0.33,0.4,27.95,90,3.6,10.12,2.4,1.43,0.97,0.13,2.53,3.96,0.19,19,0.58,27,0.26,27,62,11,28,58,14,21.76,18.62,0.92,109,-3.13,20.12,20.37,0,0,0,0,0,,0,0,,0,0,0,0,0,0,29,10,6.02,40,0.16,0.04,0.02,-0.04,,0.19
Franco Pérez,Boston River,Primera División,2026,967,Left Wing,Uruguay,25,31/07/01,0.09,0.09,0.15,0.11,1.4,7,47,2,,0.14,0.09,0.14,1.21,0.09,0.11,0.93,0,0.02,0.28,0.19,0.29,2.61,-0.1,1.58,0.93,0.65,59,1.58,0,3.16,2.79,0.56,0.37,0.74,0.75,16.29,5.86,0.01,5.49,42.86,7.07,2.79,1.77,2.33,58,1.64,2.01,2.23,22,1.3,55,1.02,0,12.29,11.51,3.72,3.82,1.02,46.09,5.59,45,2.89,76,0.37,0,0.09,26.34,69,1.58,73,49,0.93,3.07,14,60,-8,55.71,4.1,0.22,0.41,25.51,86,7.23,7.82,1.3,1.02,0.28,0.28,2.79,3.82,0,36,0.65,21,0.47,19,72,9,17,67,17,19.54,16.83,0.93,111,-2.71,18.1,18.75,0,0,0,0,0,,0,0,,0,0,0,0,0,0,30,8,3.45,28,0.09,0.1,0,0.03,,0.22
Franco Risso,CA Juventud,Primera División,2026,928,Right Centre Back,Uruguay,23,14/05/03,0,0,0,0.01,0.1,0,0,0,,0,0,0,0,0,0,0,0,0,0,0,0,0.1,0,0,0,0,,0.29,0,0.1,0.1,0.58,0.5,5.72,6.31,12.81,5.34,0.06,5.34,23.07,9.8,1.65,2.33,2.91,89,2.85,3.35,1.36,78,0.29,50,2.52,0.1,9.6,10.69,3.49,1.55,0.58,26.1,1.26,13,0.39,25,0.49,0,0,33.27,74,5.34,22,53,6.98,8.73,13,60,-13,33.91,3.3,0.23,0.23,23.86,99,5.26,3.01,0.49,0.49,0,0,0,0.49,0,0,0,,0,43,57,1,68,32,0,29.56,26,0.86,96,-3.57,25.38,24.89,0,0,0,0,0,,0,0,,0,0,0,0,0,0,25,6,2.91,22,0.05,0.05,0.01,0,,0.11
Franco Romero,Torque,Primera División,2026,1155,Right Centre Back,Uruguay,31,10/02/95,0.08,0.08,0.1,0.11,0.94,8,25,0,,0.03,0,0.03,0.16,0,0.03,0.16,0,0,0,0.08,0.12,1.09,-0.05,0.08,0.08,0,100,0.23,0,0.08,0.16,1.09,1.28,6.55,8.02,8.73,3.43,0.03,5.92,24.87,10.6,0.94,1.17,2.26,83,1.43,2.72,0.7,63,0.23,66,1.95,0.08,6.86,8.53,3.74,0.62,0.23,28.92,0.78,11,0.23,38,0.31,0,0,45.74,79,7.33,10,56,8.42,11.14,13,49,-29,39.03,5.61,0.4,0.43,36.47,99,5.48,6.16,0.16,0.16,0,0.08,1.48,1.64,0,0,0,0,0,28,68,4,41,56,4,29.33,30.41,0.9,76,1.08,26.54,23.08,0,0,0,0,0,,0,0,,0,0,0,0,0,0,17,5,3.8,23,0.08,0.05,0.04,-0.07,,0.1
Franco Suárez Rodríguez,Racing,Primera División,2026,353,Left Midfielder,Uruguay,23,21/09/03,0.25,0.25,0.1,0.05,1.78,14,14,3,,0.09,0,0.05,1.02,0,0.05,0.76,0,0,0.25,0.25,0.15,2.8,0.11,0.51,0,0.51,0,0.76,0,1.78,2.04,0.51,0.69,0.51,0.62,25.47,9.93,0,5.35,61.67,7.64,5.35,1.78,2.29,100,2.24,2.92,1.02,100,0,20,0.76,0,22.92,18.84,4.58,5.09,2.04,64.09,17.06,74,3.82,75,0,0,0,25.47,63,1.27,80,63,1.27,1.27,31,55,-9,67.58,1.78,0.26,0.42,23.18,87,5.11,10.19,1.27,1.27,0,0.76,3.06,4.33,0,20,0.51,22,0.76,15,68,17,8,65,28,15.88,14.65,1.05,111,-1.23,16.73,16.24,0,0,0,0,0,,0,0,,0,0,0,0,0,0,31,6,4.13,26,-0.02,0.08,0.08,-0.09,,0.05
Franco Torgnascioli,Torque,Primera División,2026,1417,Goalkeeper,Uruguay,36,23/08/90,0,0,0,,0,,,0,,0,0,0,0,0,0,0,0,0,0,0,0,0,0,0,0,0,,0.51,0,0,0,0,0,0.06,0.07,0.06,0.06,0,5.72,2.84,3.62,0,0,0,,0,0,0,,0,100,0.06,0.06,0.06,0.07,0.06,0,0,14.66,0,0,0,,0,0,0,16.07,76,5.33,69,48,2.22,8.95,13,51,-24,11.32,0.51,0.08,0.08,14.61,100,5.42,0.19,0,0,0,0,0,0,0,,0,,0,43,57,0,100,0,0,36.76,42.14,0.78,74,5.38,28.82,31.02,1.02,0.93,-0.09,71,73,-2,0.88,3.49,36,9.59,2.1,0.13,0.06,18.61,-1,18,2,1.02,7,0.05,0.07,0,,-0.16,-0.04
Fredy Martínez,Boston River,Primera División,2026,1188,Left Back,Uruguay,25,30/04/01,0.08,0.08,0.07,0.12,0.61,13,38,1,,0.08,0.08,0.14,0.83,0.08,0.14,0.76,0,0,0.08,0.15,0.21,1.44,-0.06,1.06,0.61,0.45,57,1.14,0,1.82,1.36,1.74,1.63,3.94,4.47,15.46,6.82,0.01,5.76,33.63,12.88,4.55,2.12,3.86,80,2.32,3.95,1.36,61,0.53,65,1.82,0,11.97,13.41,3.41,3.64,1.06,37.72,3.71,31,2.42,67,0.3,0,0,34.4,74,2.65,78,52,4.24,4.77,12,63,-11,47.71,4.47,0.33,0.39,27.81,91,5.64,6.82,0.83,0.61,0.23,0.15,1.14,1.74,0.08,55,0.45,24,0.45,31,56,13,34,47,19,20.35,15.29,0.94,104,-5.07,19.16,15.83,0,0,0,0,0,,0,0,,0,0,0,0,0,0,30,12,4.28,40,0.13,0.04,0.04,0.03,,0.24
G.Matturo,Deportivo Maldonado,Primera División,2026,615,Right Centre Forward,Uruguay,23,14/01/03,0.29,0.29,0.2,0.07,2.78,11,32,6,,0.21,0.29,0.18,0.88,0.15,0.18,0.73,0.15,0.01,0.15,0.59,0.39,3.66,0.2,1.32,0.73,0.59,56,0.29,0,2.63,2.93,0.15,0.13,0.59,0.79,13.46,4.68,0,3.95,54.67,5.56,3.95,1.46,1.61,71,1.67,1.8,0.88,50,0.59,32,0.88,0,11.12,12.38,3.51,3.36,1.02,57.24,6.87,62,2.49,74,0.15,0,0,21.06,63,0.88,7,35,0.88,2.19,22,79,16,62.87,3.07,0.52,0.62,24.86,80,7.2,8.04,0.88,0.73,0.15,0.29,3.07,3.8,0.15,17,0.29,14,0.59,14,75,11,9,82,9,17.32,13.32,0.89,111,-4,15.49,14.76,0,0,0,0,0,,0,0,,0,0,0,0,0,0,38,7,4.18,22,0.01,0.09,0.03,0,,0.13
Gary Kagelmacher,Torque,Primera División,2026,1731,Left Centre Back,Uruguay,38,20/04/88,0.1,0.1,0.04,0.14,0.26,40,60,0,,0.09,0.05,0.03,0.16,0.05,0.03,0.16,0,0,0,0.16,0.06,0.42,0.09,0,0,0,,0.31,0,0.1,0.16,0.26,0.33,6.03,7.08,7.38,3.9,0.06,4.68,24.87,8.48,1.04,0.94,1.2,86,1.12,1.45,0.62,40,0.16,58,1.77,0,5.88,6.83,2.39,0.73,0.26,32.3,1.04,18,0.31,43,0.1,0,0,35.31,86,4.89,17,75,6.97,5.56,9,68,-18,35.24,2.44,0.3,0.33,25.53,99,4.33,2.34,0,0,0,0,0.47,0.47,0,,0,,0,24,72,4,44,56,0,24.52,27.5,0.97,93,2.98,23.79,25.6,0,0,0,0,0,,0,0,,0,0,0,0,0,0,17,9,3.11,19,0.05,0.03,0.06,0.03,,0.16
Gastón Pereiro,CA Juventud,Primera División,2026,1084,Centre Attacking Midfielder,Uruguay,31,10/06/95,0.25,0.25,0.14,0.06,2.24,11,44,3,,0.26,0.08,0.1,1.25,0.08,0.06,0.91,0,0.03,0.33,0.33,0.24,3.49,0.1,0.91,0.58,0.33,64,0.83,0,1.33,1.66,0.17,0.2,0.75,1,12.71,5.57,0.01,3.9,52.87,5.9,3.49,0.83,1,83,1.06,1.27,1.16,100,0.17,63,0.83,0,10.8,11.47,2.91,2.91,1.08,55.95,7.23,67,2.49,86,0.25,0,0.08,32.06,75,2.49,74,61,1.41,3.41,20,67,-8,58.35,6.15,0.39,0.51,30.23,92,5.79,11.21,1.83,1.41,0.42,0.5,3.32,4.73,0.08,14,0.33,29,0.58,25,60,16,27,58,15,20.03,17.07,0.97,98,-2.96,19.43,16.65,0,0,0,0,0,,0,0,,0,0,0,0,0,0,23,7,5.37,37,0.03,0.12,0.01,0.01,,0.17
Gastón Ramírez,Boston River,Primera División,2026,504,Centre Attacking Midfielder,Uruguay,36,01/12/90,0.18,0.18,0.09,0.04,2.32,8,38,2,,0.15,0,0.04,1.43,0,0.03,1.25,0,0.01,0.18,0.18,0.13,3.75,0.04,2.5,1.07,1.43,43,2.32,0,2.86,4.28,0.89,0.73,0.54,0.63,17.85,8.57,0.03,6.43,45.04,10.17,5.89,1.43,2.32,67,1.22,1.95,1.61,50,0.71,43,1.61,0,15.17,13.53,5,3.57,1.25,47.89,7.32,48,2.14,60,0.54,0,0,39.8,78,3.03,87,59,1.25,4.46,18,70,-7,52.14,3.93,0.2,0.27,38.02,88,5.26,9.64,1.07,0.89,0.18,0.54,3.57,4.46,0.18,0,0,0,0.89,19,66,15,22,67,11,19.37,17.58,0.95,98,-1.79,18.34,17.17,0,0,0,0,0,,0,0,,0,0,0,0,0,0,23,7,4.16,32,-0.03,0.06,0.03,0.06,,0.11
Gastón Rodríguez,Torque,Primera División,2026,1055,Goalkeeper,Uruguay,32,11/02/94,0,0,0,,0,,,0,,0,0,0,0.09,0,0,0.09,0,0,0,0,0,0.09,0,0,0,0,,0.26,0,0,0,0,0,0,0,0.09,0.09,0,6.06,3.04,4.18,0,0,0,,0,0,0,,0,,0,0,0.09,0.11,0.09,0,0,19.79,0,0,0,,0.17,0,0,15.27,68,5.21,13,40,1.71,11.26,11,58,-10,10.37,1.28,0.05,0.07,13.65,100,5.56,0.68,0,0,0,0,0,0,0,,0,,0,51,49,0,100,0,0,42.36,51.5,0.74,79,9.14,31.45,40.91,0.94,0.69,-0.25,68,76,-9,0.8,2.9,33,8.87,1.91,0.09,0,13.67,-1,32,4,1.36,8,0.07,0.06,,,-0.34,-0.21
Gastón Silva,Progreso,Primera División,2026,777,Left Centre Back,Uruguay,32,04/03/94,0.12,0.12,0.08,0.34,0.23,50,50,0,,0.11,0,0.09,0.46,0,0.05,0.35,0,0.05,0.12,0.12,0.17,0.7,-0.06,0.23,0.23,0,100,0.35,0,0,0,0.81,0.55,4.52,2.96,9.27,4.75,0.02,4.98,23.72,10.08,2.43,1.51,2.32,93,0.92,1.47,0.46,75,0.12,46,1.39,0,7.3,5.9,2.9,1.62,0.58,28.05,1.16,16,0.46,29,0,0,0.12,28.73,79,3.59,76,58,5.44,5.21,15,64,-15,40.63,2.32,0.3,0.35,19.92,99,5.64,3.24,0.58,0.23,0.35,0.35,0.81,1.04,0,0,0.23,100,0.46,31,62,7,32,50,18,24.45,21.95,0.93,82,-2.5,22.82,17.92,0,0,0,0,0,,0,0,,0,0,0,0,0,0,22,9,2.78,17,0.08,0.05,0.04,0.07,,0.24
Gastón Togni,Peñarol,Primera División,2026,1047,Left Wing,Argentina,29,19/09/97,0.09,0.09,0.07,0.04,1.72,5,20,2,,0.08,0.17,0.13,1.63,0.17,0.12,1.38,0,0.02,0.26,0.26,0.2,3.35,0.05,1.89,1.03,0.86,55,1.46,0,1.63,3.44,1.2,1.31,1.38,1.6,11.95,5.42,0.02,5.5,46.47,8.51,4.13,1.55,2.75,69,1.64,2.95,0.6,38,0.69,46,1.12,0,9.8,11.91,3.96,2.75,1.12,50.68,5.25,54,2.15,78,0.17,0,0,38.1,70,1.29,70,34,1.55,3.61,21,68,-3,59.61,3.44,0.44,0.57,36.46,89,4.84,11.35,1.55,1.29,0.26,0.43,3.96,5.25,0,61,1.29,32,0.6,14,72,14,14,70,17,17.25,13.56,0.9,92,-3.69,15.59,12.54,0,0,0,0,0,,0,0,,0,0,0,0,0,0,31,9,6.91,44,0.05,0.06,0,-0.01,,0.1
Germán Barrios,Defensor Sporting,Primera División,2026,1819,Left Defensive Midfielder,Uruguay,22,25/01/04,0,0,0.05,0.03,1.68,0,32,2,,0.04,0,0.02,0.69,0,0.02,0.69,0,0,0,0,0.07,2.37,-0.07,1.34,0.94,0.4,70,1.04,0,1.63,1.29,1.43,1.38,1.88,2.07,17.21,7.91,0.01,6.38,39.53,12.86,6.48,1.93,3.36,65,2.31,3.68,0.79,42,1.04,43,1.09,0.05,14.49,16.43,5.05,4.06,1.88,41.91,5.39,37,2.37,59,0.15,0,0,40.96,81,3.22,9,56,2.82,4.8,15,70,-11,48.77,5.69,0.41,0.45,35.86,94,5.75,8.36,0.59,0.54,0.05,0,0.69,1.24,0,33,0.2,40,0.25,21,71,9,27,68,5,21.56,20.43,0.96,95,-1.13,20.69,19.46,0,0,0,0,0,,0,0,,0,0,0,0,0,0,21,7,4.37,28,0.01,0.11,0.04,-0.04,,0.12
Gian Medina,Progreso,Primera División,2026,1253,Right Back,Uruguay,27,13/09/99,0,0,0.01,0.04,0.36,0,20,0,,0,0,0.04,0.57,0,0.04,0.57,0,0,0,0,0.05,0.93,-0.05,1.15,0.5,0.65,44,1.29,0,0.86,1.22,1.72,1.05,2.73,1.55,16.38,9.7,0.01,5.82,30.49,9.99,3.45,2.44,4.17,72,1.83,2.89,1.51,57,0.93,43,0.72,0,12.43,9.43,4.6,2.51,0.5,33.91,2.73,22,1.36,54,0.29,0,0,27.37,60,2.66,13,38,3.81,5.96,11,42,-18,49.11,4.81,0.22,0.24,24.07,92,6.87,5.17,1.36,1.08,0.29,0.22,0.65,1.72,0,37,0.65,25,0.22,38,57,5,38,58,4,23.76,23.17,0.89,95,-0.6,21.12,22.01,0,0,0,0,0,,0,0,,0,0,0,0,0,0,39,10,4.47,35,0.13,0.09,0.03,-0.01,,0.23
Gianni Daniel Rodríguez Fernández,Cerro,Primera División,2026,1593,Left Centre Back,Uruguay,32,06/06/94,0,0,0.01,0.04,0.23,0,0,0,,0,0,0.02,0.45,0,0.01,0.23,0,0.01,0.23,0,0.03,0.68,-0.03,0.28,0.28,0,100,0.28,0,0.23,0.23,0.9,0.53,3.22,2.7,9.77,5.03,0.03,5.42,31.77,9.1,2.2,1.36,2.26,69,0.87,1.4,0.56,35,0.62,32,0.45,0,7.85,5.88,3.56,1.81,1.07,39.15,2.26,29,0.96,53,0.11,0,0.06,32.03,70,3.33,70,42,4.46,6.67,11,56,-14,46.08,4.07,0.11,0.12,23.45,99,3.83,4.97,1.19,0.45,0.73,0,0.28,0.73,0,33,0.4,24,0,44,51,5,49,43,8,24.09,25.59,0.87,92,1.5,21.04,23.45,0,0,0,0,0,,0,0,,0,0,0,0,0,0,30,9,3.15,23,0.15,0.04,0.08,-0.01,,0.26
Gonzalo Carneiro,Nacional,Primera División,2026,549,Centre Forward,Uruguay,31,11/09/95,0.16,0.16,0.27,0.15,1.8,9,27,4,,0.16,0.16,0.09,0.66,0.16,0.09,0.66,0,0,0,0.33,0.35,2.46,-0.02,0.98,0,0.98,0,1.15,0,0.66,2.46,0,0,1.31,0.52,18.54,6.4,0,4.1,60.08,3.45,2.13,0.82,0.82,56,1.04,1.04,2.95,0,0.66,58,2.95,0,14.77,15.43,3.28,5.09,1.64,63.45,10.99,74,4.43,87,0.33,0,0,13.45,61,0.33,82,100,1.48,0.16,32,48,-13,62.11,0.98,0.47,0.76,10.01,75,4.92,3.94,0.49,0.49,0,0.33,5.09,5.58,0,0,0,,0.49,26,62,12,21,67,13,15.16,13.57,1.05,111,-1.59,15.86,15.01,0,0,0,0,0,,0,0,,0,0,0,0,0,0,32,5,2.28,13,0.06,-0.03,-0.01,-0.17,,-0.15
Gonzalo Freitas,Wanderers,Primera División,2026,918,Centre Defensive Midfielder,Uruguay,35,01/10/91,0.1,0.1,0.09,0.06,1.57,6,25,1,,0.03,0,0.03,0.69,0,0.03,0.69,0,0,0,0.1,0.13,2.25,-0.03,0.78,0.59,0.2,75,0.39,0,0.78,1.08,1.37,1.5,3.23,2.95,19.7,8.63,0.03,6.76,35.83,13.92,5.88,1.18,2.55,57,0.8,2.31,3.04,38,0.88,73,4.61,0.1,15.49,13.89,4.61,3.23,0.69,39.77,4.02,26,1.96,61,0.59,0,0.1,32.15,71,2.35,16,53,3.72,3.92,19,63,-7,47.9,3.63,0.45,0.52,19.31,93,4.45,5.49,0.29,0.29,0,0.1,2.65,2.94,0,33,0.1,17,0.2,28,65,7,21,77,2,21.61,18.64,0.98,104,-2.97,21.11,19.32,0,0,0,0,0,,0,0,,0,0,0,0,0,0,29,8,4.07,24,0.03,0.04,0,-0.08,,-0.02
Gonzalo Gómez,CA Juventud,Primera División,2026,660,Right Wing,Uruguay,22,12/12/04,0.27,0.27,0.08,0.04,2.18,13,31,2,,0.19,0.14,0.09,1.5,0.14,0.07,1.09,0,0.03,0.41,0.41,0.18,3.68,0.23,1.77,0.82,0.96,46,1.64,0,3.27,3.55,0.68,0.56,0.27,0.25,22.11,8.05,0.03,6.28,53.5,9.55,4.78,2.05,2.73,75,2.4,2.96,1.64,33,0.68,17,0.41,0,18.69,19.33,5.87,5.46,2.05,53.97,10.64,57,3.68,68,0.14,0,0,24.97,70,0.96,78,35,0.55,2.46,19,61,-10,61.02,2.46,0.32,0.43,27.15,79,5.5,9.55,1.09,0.68,0.41,0.41,3.14,3.82,0,0,0.14,14,0.55,15,68,16,14,61,24,18.43,16.35,0.9,103,-2.08,16.61,16.92,0,0,0,0,0,,0,0,,0,0,0,0,0,0,30,7,4.22,32,-0.01,0.07,0.06,-0.03,,0.09
Gonzalo Larrazábal,Deportivo Maldonado,Primera División,2026,582,Centre Attacking Midfielder,Uruguay,24,03/11/02,0.31,0.31,0.15,0.06,2.48,13,25,3,,0.18,0,0.12,1.55,0,0.08,0.93,0,0.04,0.62,0.31,0.27,4.02,0.04,2.01,1.7,0.31,85,0.77,0,2.01,4.02,0.62,0.57,0.77,0.89,17.33,8.2,0,5.57,57.68,7.43,3.87,1.86,2.48,71,1.99,2.56,0.62,17,0.77,20,0.31,0,14.86,16.56,4.33,5.26,1.55,60,10.21,69,4.02,76,0.15,0,0,33.43,71,2.01,14,43,1.39,4.02,20,72,2,63.13,5.11,0.52,0.65,36.37,86,4.98,13.16,1.86,0.93,0.93,0.31,2.32,3.25,0.15,0,0,0,0.46,26,67,7,28,66,6,18.81,16.59,0.93,98,-2.22,17.55,16.26,0,0,0,0,0,,0,0,,0,0,0,0,0,0,32,9,7.75,43,-0.04,0.08,0.01,-0.05,,0
Gonzalo Montes,Torque,Primera División,2026,1478,Left Centre Midfielder,Uruguay,32,21/12/94,0.18,0.18,0.14,0.08,1.7,11,36,1,,0.22,0.18,0.05,0.97,0.12,0.04,0.91,0.06,0.01,0.06,0.37,0.19,2.68,0.17,0.73,0.49,0.24,67,1.16,0,1.22,1.46,0.67,0.8,1.83,2.02,16.8,9.5,0.01,5.54,41.62,12.24,6.57,1.89,2.56,61,1.96,2.76,1.34,18,1.22,60,1.83,0,13.7,14.7,4.14,3.41,0.91,45.46,5.84,43,2.25,66,0.43,0,0,47.55,76,6.15,13,67,2.68,8.28,17,69,-7,53.17,7.31,0.59,0.7,38.17,94,4.47,11.63,0.61,0.55,0.06,0.12,1.16,1.7,0,20,0.3,36,0.12,20,68,12,21,70,9,22.43,18.54,0.99,99,-3.89,22.11,18.41,0,0,0,0,0,,0,0,,0,0,0,0,0,0,20,8,6.44,40,0.02,0.06,0.04,0.08,,0.19
Gonzalo Nicolás de Mello Cartagena,Liverpool,Primera División,2026,476,Left Defensive Midfielder,Uruguay,21,06/04/05,0,0,0.02,0.03,0.57,0,0,1,,0,0.19,0.08,0.57,0.19,0.08,0.57,0,0,0,0.19,0.1,1.13,0.09,1.13,0.57,0.57,50,0.76,0,1.32,0.95,0.19,0.33,2.84,3.33,17.97,8.13,0.01,7.57,38.42,10.4,3.03,2.65,2.84,61,3.23,3.56,1.13,33,1.7,44,1.32,0,14.18,14.63,5.11,4.54,1.7,42.46,5.67,40,3.03,67,0.19,0,0,37.83,82,2.46,50,52,4.35,3.22,16,74,-8,48.32,4.54,0.54,0.59,32.34,96,5.43,7.57,0.57,0.57,0,0,0.57,1.13,0,67,0.38,22,0,25,65,9,23,75,3,20.15,22.7,0.9,95,2.55,18.18,21.49,0,0,0,0,0,,0,0,,0,0,0,0,0,0,22,8,4.31,32,0.09,0.12,0.05,-0.03,,0.24
Gonzalo Reyna,Boston River,Primera División,2026,711,Right Wing,Argentina,20,22/07/06,0,0,0.11,0.11,1.01,0,50,2,,0.07,0.13,0.18,1.39,0.13,0.18,1.39,0,0,0,0.13,0.29,2.41,-0.16,4.94,2.53,2.41,51,1.65,0,4.18,3.93,0.38,0.39,0.63,0.55,11.65,4.56,0,3.8,50.59,5.95,2.41,1.01,1.39,62,0.94,1.33,0.51,17,0.63,23,0.38,0,10.13,10.12,3.04,3.42,1.01,51.63,4.94,49,2.53,74,0.13,0,0,25.45,70,2.15,72,55,1.52,3.04,17,63,-7,57.92,3.55,0.4,0.55,30.14,82,7.07,7.85,1.27,1.14,0.13,0.38,2.15,3.29,0.25,30,0.76,32,0.76,19,65,16,26,58,16,20.34,20.73,0.93,98,0.39,18.83,20.34,0,0,0,0,0,,0,0,,0,0,0,0,0,0,32,15,4.5,40,0.07,0.13,0,-0.01,,0.18
Gonzalo de Los Santos,Racing,Primera División,2026,1080,Right Midfielder,Uruguay,27,15/01/99,0,0,0.03,0.03,0.83,0,40,1,,0.03,0,0.08,0.75,0,0.08,0.75,0,0,0,0,0.11,1.58,-0.11,1.42,0.75,0.67,53,1.33,0,1,1.5,0.5,0.27,1.83,1.39,15.08,6.5,0.02,4.42,44.15,11,5.08,1.17,1.67,58,0.8,1.07,0.42,33,0.83,46,1,0.08,13.5,9.77,3.58,3.67,0.92,47.89,6.17,46,2.75,75,0.08,0,0,28.49,58,2.67,19,42,2.42,5.83,17,48,-11,54.8,4.17,0.28,0.32,23,93,5.26,7.5,1.33,1.17,0.17,0.08,1.92,3.08,0.08,44,0.67,25,0.33,27,65,8,18,68,14,23.88,18.76,0.9,96,-5.11,21.4,18.03,0,0,0,0,0,,0,0,,0,0,0,0,0,0,38,9,4.52,33,0.06,0.11,0.02,-0.01,,0.18
Guillermo Cotugno,Racing,Primera División,2026,1920,Right Centre Back,Uruguay,31,11/03/95,0.09,0.09,0.08,0.09,0.89,11,32,0,,0.06,0,0.03,0.42,0,0.03,0.42,0,0,0,0.09,0.12,1.31,-0.02,0.28,0.23,0.05,83,0.75,0,0.33,0.56,0.94,0.74,5.76,4.93,10.78,4.78,0.02,5.01,31.95,11.34,2.86,2.02,2.95,84,1.88,2.61,0.84,71,0.37,56,1.87,0,7.92,6.64,3.33,1.36,0.47,38.3,2.58,33,1.08,79,0.23,0,0,27.93,66,3.52,13,41,7.22,7.17,12,57,-8,49.12,4.22,0.25,0.3,18.51,96,5.32,5.2,1.27,0.94,0.33,0.09,2.16,3.09,0,48,0.61,38,0.14,39,55,6,24,68,8,25.88,26.6,0.88,97,0.72,22.73,25.88,0,0,0,0,0,,0,0,,0,0,0,0,0,0,28,8,4.8,31,0.12,0.03,0.03,-0.03,,0.15
Guillermo Gandolfo Antunes,Central Español,Primera División,2026,1803,Centre Defensive Midfielder,Uruguay,24,12/08/02,0.1,0.1,0.07,0.08,0.85,12,41,1,,0.16,0.05,0.05,0.7,0.05,0.05,0.7,0,0,0,0.15,0.12,1.55,0.03,0.5,0.2,0.3,40,0.9,0,0.65,1,0.6,0.33,3.09,1.6,21.76,11.58,0.04,7.74,34.83,12.88,5.89,2.35,2.94,66,1.43,1.75,1.9,41,1.2,63,2.25,0.05,17.52,9.54,5.24,3.54,1.25,38.44,4.74,27,1.65,46,0.3,0.05,0,30.95,67,2.3,22,44,3.79,4.54,18,61,-5,47.2,3.49,0.22,0.26,21.76,95,4.24,5.49,0.35,0.3,0.05,0.05,1.2,1.5,0,0,0,0,0.2,35,59,6,44,51,5,22.15,20,0.9,86,-2.15,19.94,17.28,0,0,0,0,0,,0,0,,0,0,0,0,0,0,29,6,2.82,25,0.02,0.05,0,0.03,,0.11
Guillermo de los Santos,Defensor Sporting,Primera División,2026,1585,Left Centre Back,Uruguay,35,14/02/91,0.06,0.06,0.09,0.1,0.91,6,19,0,,0.03,0,0.02,0.11,0,0.02,0.11,0,0,0,0.06,0.1,1.02,-0.05,0.11,0.11,0,100,1.19,0,0.06,0.06,0.8,0.86,6.59,6.58,8.86,4.88,0.07,5.79,23.01,11.81,1.48,0.74,1.53,68,0.77,1.62,0.97,38,0.34,61,2.22,0,7.16,7.23,3.24,1.31,0.68,28.65,0.85,12,0.34,26,0.17,0,0,42.71,83,5.57,28,59,8.12,7.84,10,64,-19,30.17,1.93,0.29,0.4,31.58,99,4.46,1.87,0.4,0.34,0.06,0.11,1.99,2.33,0,14,0.06,33,0.11,27,72,2,61,39,0,25.34,27.89,0.92,83,2.55,23.41,23.26,0,0,0,0,0,,0,0,,0,0,0,0,0,0,19,6,2.27,16,0.09,0.05,0,-0.06,,0.08
Gustavo Viera,Cerro Largo,Primera División,2026,1223,Right Wing,Uruguay,26,20/10/00,0,0,0.02,0.02,0.81,0,36,2,,0.04,0.07,0.02,0.37,0.07,0.02,0.37,0,0,0,0.07,0.04,1.18,0.04,3.09,1.25,1.84,40,0.66,0,2.36,5.08,0.59,0.66,0.15,0.25,10.82,4.2,0,2.5,60.48,4.49,2.21,0.66,1.25,56,0.77,1.42,1.1,13,0.52,32,0.74,0,9.05,9.48,1.99,2.5,0.74,60.5,6.18,68,2.13,85,0.15,0,0,25.91,71,1.03,11,52,0.37,1.77,21,69,-3,64.42,3.09,0.21,0.24,30.11,78,6.3,10.75,0.59,0.52,0.07,0,1.4,1.91,0,38,0.22,15,0.07,13,65,22,9,67,24,16.27,14.21,0.96,102,-2.06,15.66,14.56,0,0,0,0,0,,0,0,,0,0,0,0,0,0,28,10,2.85,26,-0.01,0.01,0,0,,0
H.Carroso Pais,Progreso,Primera División,2026,2197,Left Centre Back,Uruguay,20,05/01/06,0.04,0.04,0.04,0.08,0.49,8,17,0,,0.03,0,0.02,0.25,0,0.02,0.25,0,0,0,0.04,0.06,0.74,-0.01,0.2,0.16,0.04,80,0.7,0,0.2,0.16,0.9,0.57,4.91,3.72,12.53,6.64,0.07,5.98,24.11,13.6,2.17,1.92,2.83,76,1.51,2.07,1.02,50,0.61,61,2.58,0.04,9.67,7.18,3.81,1.43,0.45,28.17,1.15,12,0.49,34,0.12,0,0.04,30.92,73,4.3,15,55,5.9,6.8,13,64,-9,35.76,2.54,0.19,0.22,20.81,98,5.97,2.91,0.33,0.33,0,0.12,1.15,1.47,0,25,0.12,60,0.25,37,60,3,42,56,1,26.14,23.21,0.93,101,-2.93,24.27,23.49,0,0,0,0,0,,0,0,,0,0,0,0,0,0,31,8,2.78,22,0.04,0.09,0.04,-0.02,,0.15
Hernán Menosse,Deportivo Maldonado,Primera División,2026,1540,Right Centre Back,Uruguay,39,27/04/87,0,0,0.03,0.06,0.58,0,30,0,,0.04,0.06,0.01,0.18,0.06,0.01,0.18,0,0,0,0.06,0.04,0.76,0.01,0.47,0.23,0.23,50,1.23,0.06,0.18,0.35,0.93,0.98,6.31,6.82,12.86,5.32,0.05,7.01,21.97,12.56,1.58,2.8,3.74,76,3.15,4.13,1.34,46,0.88,73,3.33,0.06,8.71,9.33,4.27,1.4,0.76,24.75,0.76,9,0.64,46,0.58,0,0,34.88,80,4.85,9,61,7.19,7.01,14,71,-8,33.96,2.34,0.23,0.23,24.25,98,6.32,2.69,0,0,0,0.12,1.64,1.64,0,,0,0,0.12,31,67,3,33,65,2,24.53,20.02,0.95,100,-4.52,23.35,19.95,0,0,0,0,0,,0,0,,0,0,0,0,0,0,23,8,2.42,16,0.05,0.06,0.04,-0.01,,0.14
Hernán Toledo,Albion,Primera División,2026,1504,Right Wing,Argentina,30,16/01/96,0.06,0.06,0.13,0.16,0.78,8,23,1,,0.08,0.24,0.21,1.79,0.24,0.21,1.74,0,0,0.06,0.3,0.34,2.57,-0.04,2.33,1.56,0.78,67,1.56,0.18,1.85,2.33,0.84,0.74,0.78,0.59,16.81,7.78,0,4.37,49.64,5.32,3.41,1.08,1.91,49,1.13,1.87,1.14,18,1.14,13,0.06,0,14.6,15.29,3.35,4.19,1.02,53.26,7.96,55,3.41,81,0.18,0,0,24.35,70,0.96,19,42,1.2,1.85,22,67,-3,65.05,2.45,0.3,0.45,28.18,87,6.96,9.09,1.56,1.44,0.12,0.72,3.59,5.03,0,62,1.79,42,0.84,13,63,24,9,68,23,17.78,16.65,0.91,95,-1.13,16.24,15.76,0,0,0,0,0,,0,0,,0,0,0,0,0,0,31,10,4.1,28,0.02,0.21,0.02,0,,0.25
Hugo Silveira,Danubio,Primera División,2026,338,Centre Forward,Uruguay,33,22/05/93,0,0,0.23,0.11,2.13,0,0,3,,0,0,0.03,0.53,0,0.03,0.53,0,0,0,0,0.25,2.66,-0.25,0.8,0.53,0.27,67,1.06,0,0.8,3.73,0,0,1.33,1.06,11.45,3.19,0,3.19,62.47,3.73,2.4,0.27,0.27,50,0.45,0.45,2.13,0,0.27,52,6.39,0,9.05,9.16,2.4,3.73,1.86,68.58,7.45,82,2.93,79,0,0,0,21.29,44,0.53,35,50,1.33,1.06,36,28,-16,63.82,0.8,0.25,0.44,13.31,78,3.66,5.06,0,0,0,0.53,8.52,8.52,0,,0,0,0.8,18,70,13,11,68,21,14.44,12.31,1.01,77,-2.13,14.61,9.51,0,0,0,0,0,,0,0,,0,0,0,0,0,0,53,5,2.42,18,-0.13,-0.04,0.06,-0.24,,-0.35
Ignacio Elizondo,Boston River,Primera División,2026,1019,Left Centre Back,Uruguay,18,10/12/08,0,0,0.01,0.07,0.09,0,0,0,,0,0.09,0.05,0.27,0.09,0.05,0.27,0,0,0,0.09,0.06,0.35,0.03,0.53,0.27,0.27,50,0.27,0,0.62,0.88,0.62,0.65,5.65,4.85,11.93,6.1,0.05,6.8,22.78,7.77,2.03,1.68,2.3,66,1.56,2.2,0.35,63,0.88,50,1.77,0,9.89,9.43,3.89,1.06,0.09,27.01,1.41,14,0.44,42,0.18,0,0,34.45,85,2.74,86,57,6.54,3.89,12,65,-19,35.33,2.21,0.23,0.29,28.8,97,5.45,2.74,0.18,0.18,0,0,0.27,0.44,0,50,0.09,50,0,30,64,6,32,61,6,22.44,23.92,0.94,89,1.48,21.06,21.29,0,0,0,0,0,,0,0,,0,0,0,0,0,0,18,8,2.11,19,0.06,0.04,0.03,-0.01,,0.12
Ignacio Lemmo,Progreso,Primera División,2026,399,Centre Attacking Midfielder,Uruguay,36,12/01/90,0,0,0.26,0.12,2.26,0,30,3,,0.17,0,0.05,0.68,0,0.01,0.23,0,0.05,0.45,0,0.32,2.93,-0.32,0.45,0.23,0.23,50,0.68,0,1.58,2.26,0.45,0.53,0.68,0.47,22.1,12.86,0.02,6.54,44.72,6.54,4.06,1.35,1.8,50,1.41,1.94,1.8,0,1.35,29,0.45,0,18.95,18.35,5.19,4.29,1.58,46.02,7.44,39,2.48,58,0.68,0,0,29.1,68,2.03,59,38,1.58,4.51,13,47,-20,60.1,5.64,0.08,0.31,25.71,93,5.79,9.92,1.35,0.45,0.9,0.23,6.54,6.99,0,0,0.23,14,0.68,21,67,12,27,52,20,21.31,21.08,0.88,70,-0.23,18.76,14.81,0,0,0,0,0,,0,0,,0,0,0,0,0,0,26,10,3.09,27,-0.07,-0.17,0,-0.15,,-0.4
Ignacio Mujica,CA Juventud,Primera División,2026,487,Right Back,Uruguay,20,06/06/06,0,0,0.03,0.05,0.55,0,67,1,,0.04,0.37,0.15,0.92,0.37,0.15,0.92,0,0,0,0.37,0.18,1.48,0.19,1.11,0.18,0.92,17,0.55,0,1.48,2.4,0.92,0.85,5.35,3.9,29.36,13.85,0.02,10.52,33.48,13.11,5.17,7.02,7.94,90,7.13,7.98,2.22,67,0.74,52,2.4,0.37,20.12,19.96,7.94,3.88,1.11,36.53,6.28,31,2.77,71,0.37,0,0,33.97,60,2.95,16,47,6.65,4.98,23,41,-19,49.81,4.98,0.18,0.32,26.96,90,4.36,7.39,1.29,1.11,0.18,0,0.18,1.29,0,29,0.37,40,0,42,53,5,38,45,18,20.83,17.56,0.97,123,-3.27,20.19,21.66,0,0,0,0,0,,0,0,,0,0,0,0,0,0,38,8,4.65,38,0.14,0.06,0.03,0,,0.23
Ignacio Rodríguez Elduayen,Central Español,Primera División,2026,1756,Right Centre Back,Uruguay,23,09/11/03,0.1,0.1,0.06,0.1,0.56,18,36,0,,0.07,0,0.01,0.21,0,0.01,0.21,0,0,0,0.1,0.06,0.77,0.04,0.1,0,0.1,0,0.21,0,0.05,0.26,0.72,0.48,5.48,2.99,9.12,5.07,0.09,4.77,20.48,9.33,0.92,1.13,1.85,81,0.74,1.22,1.18,29,0.26,54,1.69,0,6.87,4.19,2.72,1.08,0.26,24.43,0.62,9,0.31,29,0.36,0.1,0.05,29.68,73,5.38,13,50,6.56,9.64,11,54,-19,33.38,2.82,0.14,0.19,21.84,99,5.08,2.56,0.15,0.15,0,0.05,1.23,1.38,0,0,0,0,0.05,38,60,2,54,46,0,29.45,27.56,0.87,79,-1.88,25.71,21.7,0,0,0,0,0,,0,0,,0,0,0,0,0,0,27,7,1.8,15,0.09,0.03,-0.04,0.01,,0.09
Ignacio Suárez,Nacional,Primera División,2026,603,Goalkeeper,Uruguay,24,04/02/02,0,0,0,,0,,,0,,0,0,0,0,0,0,0,0,0,0,0,0,0,0,0,0,0,,0.3,0,0,0,0,0,0,0,0.15,0,0,5.97,2.89,2.99,0,0,0,,0,0,0.15,,0,,0,0,0,0,0,0,0,,0,,0,,0.3,0,0,15.53,72,6.87,15,53,1.49,11.5,10,88,16,13.18,0.9,0.15,0.15,14.34,100,5.96,0.3,0,0,0,0,0,0,0,,0,,0,43,57,0,100,0,0,43.86,43.8,0.78,89,-0.06,34.06,38.88,1.49,0.99,-0.51,52,69,-16,0.69,3.14,36,8.81,2.04,0.45,0.45,17.43,-1,23,1,1.72,10,0.07,0.07,0,,-0.69,-0.56
Isaac Méndez,Central Español,Primera División,2026,896,Left Defensive Midfielder,Uruguay,25,18/04/01,0.2,0.2,0.04,0.1,0.4,50,50,1,,0.16,0,0.04,0.8,0,0.04,0.8,0,0,0,0.2,0.08,1.21,0.12,0.2,0.2,0,100,0.3,0,1.01,0.4,0.9,0.59,2.41,1.4,16.28,9.35,0.03,6.73,33.78,9.75,3.12,1.41,2.31,58,0.79,1.38,0.5,25,1.01,50,1.61,0,14.47,8.97,5.13,3.02,0.6,37.17,3.62,25,1.51,50,0.3,0,0,32.66,80,2.11,22,60,3.02,2.91,17,71,-9,46.41,2.21,0.15,0.18,23.92,95,3.76,5.43,0.2,0.2,0,0,1.11,1.31,0,0,0,0,0.3,17,69,14,7,80,13,19.42,17.12,0.96,101,-2.3,18.67,17.3,0,0,0,0,0,,0,0,,0,0,0,0,0,0,18,5,2,20,-0.02,0.03,0.07,0.08,,0.16
Iván Rossi,Danubio,Primera División,2026,1925,Left Defensive Midfielder,Argentina,33,31/10/93,0,0,0.01,0.1,0.14,0,33,0,,0,0,0.03,0.37,0,0.02,0.33,0,0.01,0.05,0,0.04,0.51,-0.04,0.28,0.23,0.05,83,1.73,0.05,0.51,0.37,1.31,1.32,1.64,1.75,20.34,10.8,0.03,8.04,40.96,10.38,4.07,2.95,4.26,80,2.97,4.29,1.22,32,0.75,58,1.17,0.09,16.18,16.17,6.13,4.35,1.64,43.01,5.56,34,2.53,58,0.28,0,0,39.37,80,3.09,86,54,2.2,5.14,16,73,-7,45.3,4.26,0.16,0.16,29.6,98,3.51,5.66,0.28,0.19,0.09,0.05,0.37,0.56,0.14,0,0,0,0.09,27,63,10,33,62,5,21.36,18.36,0.94,98,-2.99,20.09,18.08,0,0,0,0,0,,0,0,,0,0,0,0,0,0,22,6,2.99,25,0.03,0.04,0.03,-0.01,,0.1
J.Dupont Vaz,Central Español,Primera División,2026,744,Left Back,Uruguay,22,21/07/04,0,0,0.03,0.27,0.12,0,0,0,,0,0.36,0.09,0.85,0.36,0.09,0.73,0,0,0.12,0.36,0.12,0.97,0.24,0.24,0.24,0,100,0.85,0,0.6,0.85,0.48,0.22,3.39,1.3,11.37,5.68,0.02,5.08,23.8,7.5,2.42,1.93,2.42,67,0.69,0.91,0.6,57,0.97,55,1.33,0,8.83,3.29,3.51,0.85,0.36,27.52,1.57,18,0.48,57,0.12,0,0,18.74,62,3.14,76,39,3.75,7.74,8,59,-3,46.77,3.14,0.14,0.17,13.66,92,4.77,4.23,0.97,0.24,0.73,0.24,1.09,1.33,0,25,0.36,20,0.36,39,57,4,29,63,9,27.5,17.84,0.87,69,-9.66,23.96,12.31,0,0,0,0,0,,0,0,,0,0,0,0,0,0,38,7,4.16,30,0.19,0.03,0.03,-0.04,,0.21
Jairo O'Neil,Boston River,Primera División,2026,1175,Left Back,Uruguay,25,30/07/01,0.15,0.15,0.11,0.12,0.92,17,42,1,,0.2,0.08,0.07,0.46,0.08,0.07,0.46,0,0,0,0.23,0.18,1.38,0.05,0.84,0.46,0.38,55,0.46,0,0.84,1.23,0.84,0.76,3.29,3.46,12.11,5.82,0.02,5.59,28.95,10.11,2.68,1.23,2.07,64,1.02,1.78,0.15,47,0.69,38,0.69,0.08,10.73,10.48,3.83,2.76,0.92,33.98,2.61,24,1.53,56,0.15,0,0,35.4,75,2.83,85,51,4.21,4.6,13,55,-20,45.88,3.75,0.26,0.37,30.8,96,4.6,6.82,0.92,0.92,0,0,1.15,2.07,0.08,42,0.46,38,0.08,33,51,17,42,43,16,21.74,22.77,0.94,86,1.02,20.36,19.68,0,0,0,0,0,,0,0,,0,0,0,0,0,0,25,8,2.28,19,0.02,0.07,0.06,0.1,,0.25
Jairo Sebastián Amaro Mello,Cerro,Primera División,2026,2011,Centre Defensive Midfielder,Uruguay,23,26/01/03,0.09,0.09,0.05,0.04,1.21,7,19,2,,0.08,0,0.03,0.76,0,0.03,0.72,0,0,0.04,0.09,0.08,1.97,0,1.43,1.07,0.36,75,1.3,0,1.7,1.48,1.25,0.91,1.34,1.06,31.46,15.48,0.01,10.2,43.36,12.22,5.86,3.98,5.24,78,2.85,3.75,2.82,31,1.12,50,1.07,0,24.66,17.63,7.65,7.74,2.28,44.92,9.31,38,4.16,54,0.36,0,0,30.56,72,2.24,15,49,1.97,3.94,20,62,-10,49.98,4.12,0.17,0.22,26.4,91,4.96,6.44,0.4,0.36,0.04,0,1.16,1.52,0.04,22,0.09,20,0.04,28,62,9,29,64,7,20.08,16.98,0.92,90,-3.1,18.44,15.32,0,0,0,0,0,,0,0,,0,0,0,0,0,0,29,10,2.78,25,0.01,0.06,0.09,0,,0.16
Javier Cabrera,Peñarol,Primera División,2026,727,Right Midfielder,Uruguay,34,17/03/92,0,0,0.08,0.11,0.74,0,33,1,,0.03,0.49,0.31,1.86,0.49,0.31,1.86,0,0,0,0.49,0.39,2.6,0.11,1.36,0.87,0.49,64,1.11,0,1.61,1.86,0.99,1.18,1.48,1.44,14.97,7.18,0,4.83,45.42,10.77,4.95,2.1,3.09,63,2.42,3.61,0.62,25,1.24,25,0.25,0,12.25,13.7,3.96,4.7,1.86,49.78,6.19,51,3.09,66,0,0,0,36.25,62,1.98,29,41,2.1,4.21,15,48,-14,58.48,3.46,0.55,0.65,32.67,91,4.3,9.78,2.35,1.98,0.37,0.37,1.98,3.96,0.12,47,1.36,28,0.25,26,66,7,27,71,3,20.18,15.9,0.94,92,-4.29,18.94,14.56,0,0,0,0,0,,0,0,,0,0,0,0,0,0,32,10,5.1,31,0.22,0.07,0.03,-0.04,,0.29
Jesús Trindade,Peñarol,Primera División,2026,1569,Left Defensive Midfielder,Uruguay,33,09/07/93,0.06,0.06,0.08,0.07,1.03,6,22,1,,0.03,0.06,0.05,1.03,0.06,0.03,0.57,0,0.02,0.46,0.11,0.13,2.06,-0.01,0.46,0.23,0.23,50,0.46,0,1.2,0.97,0.97,1.08,1.43,1.47,16.92,7.68,0.04,7.05,42.59,12.44,5.73,2.18,3.15,78,2.27,3.35,1.03,48,0.63,50,0.97,0,13.71,15.27,5.16,3.5,1.43,45.27,5.73,42,2.47,70,0.11,0,0,49.49,85,3.44,19,61,2.01,5.05,16,83,-2,50.02,6.59,0.42,0.45,41.52,95,4.33,12.04,1.32,0.69,0.63,0.17,1.89,2.58,0,13,0.29,24,0.23,26,67,7,32,63,5,19.1,16.73,0.95,100,-2.37,18.13,16.7,0,0,0,0,0,,0,0,,0,0,0,0,0,0,19,7,6.06,36,0.09,0.07,0.08,-0.01,,0.22
Joaquín Fernández Pertusso,Deportivo Maldonado,Primera División,2026,923,Left Centre Back,Uruguay,27,21/01/99,0.1,0.1,0.01,0.04,0.2,50,100,0,,0.07,0,0.01,0.39,0,0.01,0.39,0,0,0,0.1,0.02,0.59,0.08,0.1,0.1,0,100,0.68,0.1,0.29,0,0.78,0.83,4.68,5.12,9.07,4.68,0.05,5.85,23.41,9.07,1.76,1.27,2.05,81,1.51,2.34,0.59,57,0.29,54,1.46,0,7.22,8.21,4,1.17,0.68,25.84,0.49,7,0.2,17,0,0,0,33.26,76,4.1,81,51,5.85,6.83,10,63,-13,37.11,2.93,0.15,0.18,24.48,100,6.4,2.93,0.29,0.2,0.1,0,0.59,0.78,0.1,0,0,0,0.1,38,59,3,47,53,0,26.42,31.3,0.89,80,4.88,23.46,24.92,0,0,0,0,0,,0,0,,0,0,0,0,0,0,22,6,4.18,25,0.07,0.1,-0.02,0.01,,0.15
Joaquín Pereyra,Danubio,Primera División,2026,1082,Right Centre Back,Uruguay,32,09/07/94,0.08,0.08,0.03,0.07,0.42,20,40,0,,0.02,0,0.01,0.25,0,0.01,0.25,0,0,0,0.08,0.04,0.67,0.04,0.33,0.33,0,100,0.58,0,0.17,0.25,1.08,1.18,6.07,6.96,13.14,6.49,0.06,5.99,23.86,11.65,1.5,1.41,2.5,71,1.55,2.73,0.67,36,0.58,54,2.83,0,11.06,12.29,3.99,1.33,0.67,27.37,1.08,10,0.5,38,0.17,0,0,38.02,72,3.16,20,38,7.32,6.99,13,45,-27,33.8,1.66,0.13,0.16,26.95,99,5.16,1.83,0,0,0,0.08,1.08,1.08,0,,0.08,100,0.08,40,58,2,50,50,0,25.01,25.27,0.87,91,0.26,21.78,23.04,0,0,0,0,0,,0,0,,0,0,0,0,0,0,28,9,1.56,15,0.04,0.05,0.09,-0.01,,0.17
Joaquín Zeballos,Wanderers,Primera División,2026,1534,Centre Forward,Uruguay,30,12/11/96,0.29,0.12,0.3,0.13,2.29,5,44,5,100,0.38,0.06,0.06,0.76,0.06,0.06,0.76,0,0,0,0.18,0.35,3.05,-0.18,1,0.59,0.41,59,1.41,0.06,2.46,3.87,0.23,0.2,0.65,0.61,17.31,5.87,0.02,5.28,63.47,4.34,2.7,0.76,1,65,0.8,1,1.53,13,0.41,34,2.52,0,15.08,14.71,4.63,3.58,1.17,65.46,12.03,80,2.93,82,0.12,0,0,19.18,68,0.41,14,58,0.94,0.41,35,59,-9,60.77,1.7,0.31,0.5,19.77,77,4.29,6.28,0.41,0.41,0,0.29,6.69,7.1,0.12,0,0.12,67,0.53,17,66,17,15,74,11,13.85,14.1,1,98,0.25,13.85,13.84,0,0,0,0,0,,0,0,,0,0,0,0,0,0,33,9,3.06,19,-0.05,-0.03,0.03,0,,-0.05
Jonathan Dellarossa,Central Español,Primera División,2026,312,Centre Forward,Argentina,26,17/01/00,0,0,0.21,0.12,1.73,0,33,2,,0.18,0.29,0.07,0.87,0.29,0.07,0.87,0,0,0,0.29,0.28,2.6,0,0.58,0,0.58,0,0.58,0,2.6,3.17,0,0,0.87,0.75,17.3,6.35,0.02,3.46,61.13,4.33,3.46,0.29,0.29,25,0.17,0.17,1.15,0,0.87,40,2.88,0.29,15.86,13.04,3.17,3.46,0.58,64.39,12.4,78,2.88,83,0,0,0,23.07,68,0.87,16,38,0.87,2.31,25,50,-18,60.29,2.6,0.09,0.34,17.3,77,4.64,6.35,0.58,0.58,0,0,5.19,5.77,0,50,0.29,33,0.29,15,66,20,27,45,27,16.57,13.09,0.95,110,-3.48,15.82,14.35,0,0,0,0,0,,0,0,,0,0,0,0,0,0,22,5,2.74,27,-0.11,0.03,-0.04,-0.1,,-0.22
Jonathan Dos Santos,Progreso,Primera División,2026,494,Centre Forward,Uruguay,34,17/04/92,0.18,0.18,0.35,0.12,2.92,6,31,4,0,0.35,0.18,0.09,0.91,0.18,0.09,0.91,0,0,0,0.36,0.44,3.83,-0.07,0,0,0,,1.64,0,1.82,3.1,0.18,0.19,0.36,0.3,16.96,6.38,0.02,4.38,63.93,5.83,4.19,0.36,0.55,67,0.15,0.34,1.28,50,0.18,58,5.29,0,15.5,13.34,4.01,4.19,1.46,64.86,13.13,85,3.28,78,0.55,0,0,23.52,57,1.28,29,70,0.91,1.28,40,48,-9,63.01,2.01,0.5,0.75,16.41,79,4.37,7.11,0.91,0.73,0.18,0.73,8.75,9.48,0.18,60,0.73,50,1.09,18,65,17,13,72,15,14.96,13.32,1.07,108,-1.64,16.07,14.39,0,0,0,0,0,,0,0,,0,0,0,0,0,0,32,5,6.05,35,-0.03,-0.03,-0.1,-0.06,,-0.22
Jonathan Urretaviscaya,Wanderers,Primera División,2026,1532,Left Centre Midfielder,Uruguay,36,18/03/90,0.06,0.06,0.08,0.04,1.76,3,23,2,,0.04,0.29,0.22,2.29,0.18,0.14,1.35,0.12,0.08,0.94,0.35,0.3,4.05,0.06,1.59,1.18,0.41,74,1.41,0,2.29,1.53,0.53,0.42,0.29,0.23,14.1,8.46,0,5.05,46.83,9.81,4.88,1.12,1.65,56,0.91,1.33,0.59,30,0.88,40,0.59,0,12.4,10.17,4.11,3.23,1.23,48.17,5.88,47,2.23,69,0.29,0,0.06,39.26,66,4.05,14,49,0.94,7.7,14,67,2,59.42,6.23,0.43,0.56,34.2,92,4.19,12.93,3.29,1.7,1.59,0.12,1.18,2.88,0.35,21,0.71,30,0.06,27,63,10,36,54,10,21.85,16.8,0.92,106,-5.05,20.13,17.87,0,0,0,0,0,,0,0,,0,0,0,0,0,0,32,9,9.63,59,0.12,0.06,0.03,-0.07,,0.14
Jonás Luna,Wanderers,Primera División,2026,1516,Right Midfielder,Argentina,21,09/05/05,0.24,0.24,0.24,0.1,2.43,10,34,6,,0.33,0.12,0.15,0.77,0.12,0.15,0.77,0,0,0,0.36,0.39,3.21,-0.03,3.03,1.84,1.19,61,2.02,0.06,2.85,3.86,0.65,0.59,0.71,0.6,17.1,6.71,0,5.4,52.33,5.7,3.21,0.89,1.54,48,0.75,1.35,1.37,20,0.95,31,0.89,0,14.84,13.2,4.28,3.92,1.01,56.13,9.09,61,3.44,88,0.24,0,0,16.75,74,0.95,11,70,0.95,1.13,23,54,-20,58.27,2.26,0.36,0.57,22.15,77,6.25,5.88,0.65,0.65,0,0.12,3.68,4.33,0.06,18,0.36,50,0.18,17,67,16,19,66,15,16.85,14.61,1.02,109,-2.24,17.24,15.92,0,0,0,0,0,,0,0,,0,0,0,0,0,0,28,9,2.84,18,0.04,0.16,-0.02,0.01,,0.19
José Alberti,Wanderers,Primera División,2026,2207,Right Centre Midfielder,Uruguay,29,28/03/97,0.08,0.08,0.09,0.06,1.59,5,26,2,,0.13,0.08,0.11,1.14,0.04,0.08,0.82,0.04,0.03,0.33,0.16,0.2,2.73,-0.04,0.77,0.33,0.45,42,0.69,0,1.51,1.3,0.29,0.2,1.1,0.85,18.88,9.3,0.01,6.16,45.58,10.56,6.16,1.79,2.08,53,1.66,1.86,1.14,24,1.59,33,0.9,0,15.95,14.26,4.89,4.65,1.47,48.47,7.18,45,2.94,63,0.12,0,0,32.01,71,2.45,17,46,1.63,4.81,19,66,-5,54.47,4.04,0.32,0.37,25.08,92,4.15,9.26,0.98,0.57,0.41,0.12,1.59,2.16,0.2,25,0.33,27,0.16,22,68,10,23,67,10,21.58,18.7,0.92,98,-2.88,19.87,18.3,0,0,0,0,0,,0,0,,0,0,0,0,0,0,29,7,4.89,32,0.07,0.06,0.02,0,,0.14
José Tarán,Torque,Primera División,2026,786,Left Centre Back,Uruguay,21,28/03/05,0,0,0.03,0.1,0.34,0,67,0,,0.1,0,0,0,0,0,0,0,0,0,0,0.03,0.34,-0.03,0,0,0,,0.57,0,0.23,0.46,0.69,0.58,7.78,7.88,9.96,4.35,0.02,5.38,24.71,9.84,1.83,1.49,2.17,72,1.31,1.89,0.57,43,0.57,62,2.63,0,7.9,8.04,2.17,1.26,0.34,30.51,1.14,14,0.34,27,0.23,0,0,30.79,77,3.32,20,53,9.5,4.58,15,53,-24,36.38,1.49,0.2,0.21,22.09,98,5.2,1.49,0,0,0,0,0.8,0.8,0.11,,0,,0,34,61,5,46,46,8,24.41,26.91,0.93,94,2.5,22.65,25.4,0,0,0,0,0,,0,0,,0,0,0,0,0,0,25,8,2.46,16,0.02,0.03,-0.02,0.07,,0.1
José Álvarez,Albion,Primera División,2026,2139,Left Back,Uruguay,32,26/12/94,0.17,0.17,0.08,0.05,1.39,12,33,1,,0.15,0.04,0.07,0.55,0.04,0.07,0.46,0,0,0.08,0.21,0.15,1.94,0.06,0.88,0.55,0.34,62,0.34,0,0.76,1.01,0.72,0.72,2.44,2.53,13.59,6.35,0.02,5.64,31.45,8.88,3.16,2.23,2.95,76,2.42,3.15,0.8,38,0.72,22,0.08,0,10.56,12.01,3.87,3.07,1.26,36.31,3.24,31,1.89,62,0.08,0,0.04,35.09,77,2.23,87,41,3.16,4.71,8,66,-10,48.12,3.58,0.29,0.38,28.61,95,5.12,6.65,1.22,0.93,0.29,0.13,1.43,2.36,0.08,34,0.59,27,0.17,21,65,14,23,63,14,20.16,22.85,0.88,91,2.69,17.69,20.75,0,0,0,0,0,,0,0,,0,0,0,0,0,0,27,11,4.09,30,0.13,0.05,0.04,0.01,,0.24
Juan Acosta,Boston River,Primera División,2026,2045,Right Back,Uruguay,33,10/11/93,0,0,0.02,0.07,0.26,0,33,0,,0,0.04,0.06,0.53,0.04,0.06,0.53,0,0,0,0.04,0.08,0.79,-0.04,1.1,0.57,0.53,52,1.06,0,0.97,1.14,1.28,1.38,2.42,2.45,17.52,8.93,0.03,6.78,34.83,9.07,3.08,2.24,3.52,75,2.44,3.81,1.5,56,0.75,64,0.7,0,13.82,13.84,4.71,3.43,0.84,38.84,4.58,33,1.85,54,0.44,0,0.04,38.51,73,3.34,11,40,3.26,7.57,9,59,-14,48.15,5.11,0.3,0.35,33.54,95,4.92,7.66,0.97,0.79,0.18,0.13,0.97,1.76,0.04,41,0.66,28,0.18,34,55,11,34,55,11,22.97,19.99,0.89,95,-2.98,20.44,19.08,0,0,0,0,0,,0,0,,0,0,0,0,0,0,27,8,4.14,34,0.11,0.08,0.09,-0.02,,0.25
Juan Bosca,Racing,Primera División,2026,1117,Centre Defensive Midfielder,Uruguay,21,12/04/05,0,0,0.05,0.05,1.05,0,8,2,,0.03,0,0,0.16,0,0,0.16,0,0,0,0,0.06,1.21,-0.06,0.48,0.48,0,100,0.32,0,0.48,0.56,1.21,0.91,2.01,1.73,20.87,10.56,0.01,7.82,40.83,13.46,5.72,2.58,3.79,65,2.29,3.2,2.26,35,1.37,64,2.01,0,16.04,12.63,5.64,4.27,1.77,43.11,6.04,38,2.58,60,0.4,0,0,25.31,69,1.85,14,49,2.18,3.63,19,65,-4,47.52,3.47,0.17,0.19,16.04,96,4.75,4.59,0.08,0.08,0,0.08,0.97,1.05,0,0,0.08,100,0.08,40,55,5,37,58,5,21.42,17.23,0.92,103,-4.19,19.63,17.69,0,0,0,0,0,,0,0,,0,0,0,0,0,0,28,8,2.84,19,0.03,0.06,-0.03,-0.05,,0
Juan Cruz Guasone,Cerro,Primera División,2026,1852,Right Centre Back,Argentina,25,26/03/01,0,0,0.03,0.07,0.44,0,44,0,,0.04,0,0.02,0.1,0,0.02,0.1,0,0,0,0,0.05,0.53,-0.05,0.15,0.1,0.05,67,1.02,0,0.24,0.19,1.51,1.04,7.43,4.91,9.86,3.89,0.05,4.71,21.66,10.16,1.7,1.07,2.58,73,0.67,1.71,1.8,50,0.39,83,3.26,0,7,4.84,2.53,1.46,0.73,27.45,0.92,13,0.68,47,0.34,0,0,22.06,72,1.65,9,44,8.21,2.96,19,60,-12,34.2,0.92,0.15,0.16,14.04,98,3.97,1.26,0,0,0,0.05,1.36,1.36,0,,0,,0.05,37,60,3,50,50,0,22.9,20.35,0.91,100,-2.55,20.86,20.37,0,0,0,0,0,,0,0,,0,0,0,0,0,0,31,8,1.17,11,0.01,0.03,0.01,-0.01,,0.05
Juan Cruz de los Santos,Nacional,Primera División,2026,683,Left Wing,Uruguay,23,21/02/03,0.26,0.26,0.25,0.11,2.24,12,35,3,,0.29,0,0.11,1.84,0,0.11,1.84,0,0,0,0.26,0.36,4.08,-0.1,3.42,2.37,1.05,69,1.71,0,3.16,1.98,1.58,1.5,1.05,0.98,17.25,7.64,0.01,5.4,48.64,8.3,4.48,2.5,4.08,68,2.78,4.28,1.19,18,1.19,43,0.79,0,13.83,14.4,3.69,3.69,0.92,53,8.16,59,3.03,82,0,0,0,30.02,66,0.53,65,20,1.58,2.11,26,61,-5,63.04,3.42,0.49,0.66,34.5,85,6.67,10.93,0.66,0.53,0.13,1.05,5.4,5.93,0.13,20,0.4,12,1.05,16,67,17,16,65,19,17.55,15.96,0.87,99,-1.59,15.3,15.73,0,0,0,0,0,,0,0,,0,0,0,0,0,0,30,11,4.94,26,-0.02,0.19,0.04,-0.02,,0.2
Juan Martín Ginzo,Deportivo Maldonado,Primera División,2026,2252,Right Back,Argentina,24,04/03/02,0.04,0.04,0.02,0.08,0.2,20,60,0,,0.03,0.04,0.04,0.68,0.04,0.04,0.64,0,0,0.04,0.08,0.06,0.88,0.02,1.2,0.76,0.44,63,0.96,0,0.92,1.16,1.12,1.25,2,2.23,15.03,7.04,0.03,6.08,33.1,10.19,3.36,2.12,3.24,73,2.29,3.53,0.92,50,0.8,55,0.88,0,12.07,13.34,4.64,2.76,0.76,36.33,3.32,27,1.56,57,0.08,0,0,39.97,78,2.56,7,48,2.28,5.04,10,64,-13,50.57,5.08,0.3,0.33,34.26,96,4.29,9.79,0.72,0.64,0.08,0.28,1.4,2.04,0.04,33,0.36,29,0.36,30,62,8,26,62,12,19.19,15.64,0.93,94,-3.55,17.82,14.64,0,0,0,0,0,,0,0,,0,0,0,0,0,0,29,11,4.79,30,0.1,0.08,0.01,-0.01,,0.18
Juan Moreno,Cerro Largo,Primera División,2026,492,Goalkeeper,Colombia,27,08/07/99,0,0,0,,0,,,0,,0,0,0,0,0,0,0,0,0,0,0,0,0,0,0,0,0,,0,0,0,0,0,0,0.18,0.12,0,0,0,7.32,3.26,3.84,0,0,0,,0,0,0,,0,0,0,0.18,0,0,0,0,0,,0,,0,,0,0,0,13.54,69,3.66,20,34,0.73,10.06,9,67,-3,10.31,0.37,0.16,0.16,12.99,100,6.61,0,0,0,0,0,0,0,0,,0,,0,47,53,0,,,,35.97,29.88,0.69,93,-6.1,24.73,27.67,1.46,1.45,-0.01,62,62,0,1.2,3.84,30,12.8,2.47,0,0,17.13,-2,30,2,0.66,5,0.03,0.06,0,,0.04,0.13
Juan Picasso,Defensor Sporting,Primera División,2026,1085,Left Centre Back,Uruguay,18,13/08/08,0,0,0,,0,,,0,,0,0,0.01,0.17,0,0.01,0.17,0,0,0,0,0.01,0.17,-0.01,0.66,0.58,0.08,88,0.66,0,0.66,0.41,0.83,0.96,4.48,5.33,12.69,5.97,0.04,6.72,26.94,10.78,1.66,1.16,1.99,74,1.43,2.38,0.91,43,0.41,47,1.99,0,10.61,13.08,4.64,1.74,0.75,30.79,1.66,16,0.5,29,0.33,0,0,40.72,82,3.48,15,48,5.81,5.89,14,74,-7,34.47,1.58,0.35,0.35,33.09,98,4.68,1.66,0,0,0,0.08,0.17,0.17,0,,0,,0.08,27,70,4,55,45,0,25.13,26.95,0.9,87,1.82,22.71,23.41,0,0,0,0,0,,0,0,,0,0,0,0,0,0,22,6,3.96,25,0.04,0.05,0.1,,,0.19
Juan Pintado,Nacional,Primera División,2026,429,Right Back,Uruguay,29,27/07/97,0,0,0.02,0.03,0.84,0,75,1,,0.02,0,0.04,0.63,0,0.04,0.63,0,0,0,0,0.06,1.47,-0.06,1.68,1.26,0.42,75,1.05,0,2.1,1.89,0.63,0.8,1.47,1.98,11.53,6.08,0.02,4.19,39.82,10.27,4.82,2.31,2.93,92,2.92,3.72,0.84,67,0.21,27,0.84,0,8.8,11.17,3.35,1.89,0.42,40.84,3.35,38,1.47,78,0,0,0,44.02,77,3.77,5,43,2.31,7.97,7,65,-13,54.23,10.06,0.34,0.37,44.44,92,6.6,13.83,1.89,1.26,0.63,0,1.26,2.52,0.21,44,1.05,29,0.21,24,67,9,30,62,8,21.07,23.79,0.88,99,2.73,18.61,23.59,0,0,0,0,0,,0,0,,0,0,0,0,0,0,28,10,5.43,36,0.13,0.14,0.03,-0.03,,0.27
Juan Quintana,Torque,Primera División,2026,669,Right Wing,Uruguay,26,03/01/00,0,0,0.03,0.03,0.94,0,14,2,,0,0.13,0.14,1.48,0.13,0.14,1.34,0,0,0.13,0.13,0.17,2.42,-0.04,1.61,1.08,0.54,67,0.94,0,2.42,2.15,0.54,0.6,1.08,0.96,14.12,5.24,0.01,4.97,50.07,7.26,3.23,2.15,2.69,76,2.48,3.08,0.81,64,0.67,54,1.75,0,11.16,12.31,3.5,2.29,0.67,51.77,5.51,49,1.61,71,0,0,0,22.59,62,1.48,11,37,1.75,3.36,22,61,-1,61.72,3.5,0.23,0.29,22.99,84,5.33,7.93,1.34,1.34,0,0.54,3.23,4.57,0,70,1.21,47,0.54,19,67,14,19,63,19,20.97,16.37,0.88,99,-4.6,18.55,16.27,0,0,0,0,0,,0,0,,0,0,0,0,0,0,38,10,4.29,25,0.17,0.08,0,-0.04,,0.21
Juan Ramos,Deportivo Maldonado,Primera División,2026,1571,Left Back,Uruguay,30,31/08/96,0,0,0.05,0.14,0.34,0,0,0,,0,0,0.06,0.74,0,0.06,0.69,0,0,0.06,0,0.11,1.09,-0.11,0.74,0.63,0.11,85,0.63,0,0.63,0.46,0.52,0.54,2.23,2.46,11.8,4.47,0.01,5.21,33.14,9.68,2.81,1.89,2.41,73,2.12,2.66,0.69,52,0.69,69,1.37,0.06,9.22,9.84,3.95,2.12,0.92,39.13,3.49,38,1.66,78,0.17,0,0,32.65,69,4.18,87,53,3.04,7.05,13,60,-9,51.17,5.38,0.28,0.34,25.49,97,4.54,8.08,0.97,0.8,0.17,0.34,1.37,2.18,0,35,0.57,34,0.4,34,59,8,35,59,6,22.78,18.93,0.92,100,-3.84,20.99,18.94,0,0,0,0,0,,0,0,,0,0,0,0,0,0,31,9,4.32,27,0.12,0.07,0.05,-0.04,,0.2
Julián Millán,Nacional,Primera División,2026,400,Left Centre Back,Colombia,28,26/03/98,0.22,0.22,0.24,0.35,0.67,33,33,0,,0.16,0,0,0,0,0,0,0,0,0,0.22,0.24,0.67,-0.01,0.22,0,0.22,0,1.57,0,0.45,1.12,0.67,1.02,8.32,12.74,6.75,3.6,0.07,6.75,22.15,9.45,1.12,1.8,2.47,80,2.76,3.78,0.22,67,0.45,52,2.7,0,4.72,6.83,2.47,1.8,1.35,25.86,0.45,10,0.22,13,0,0,0,47.46,86,8.32,84,70,9.9,10.35,7,75,-11,34.41,2.92,0.27,0.41,39.81,98,7.25,3.37,0.22,0.22,0,0.22,2.7,2.92,0,0,0,,0.45,23,75,2,47,47,7,25.78,30.14,0.95,92,4.36,24.5,27.83,0,0,0,0,0,,0,0,,0,0,0,0,0,0,15,4,2.23,18,0,0.04,0.04,-0.05,,0.03
Kevin Adrián Rolón Benítez,CA Juventud,Primera División,2026,480,Left Back,Uruguay,25,01/03/01,0,0,0.03,0.06,0.56,0,0,0,,0,0,0.07,0.75,0,0.07,0.75,0,0,0,0,0.1,1.31,-0.1,0,0,0,,0.94,0,0.75,0.38,1.13,1.24,2.63,2.97,11.07,5.63,0.03,5.82,34.07,8.63,1.69,1.5,2.63,67,1.67,2.9,0.56,50,0.75,100,0.75,0.19,9.19,10.83,4.32,1.88,0.56,41.01,3.38,37,1.5,80,0,0,0,47.1,76,5.63,87,60,4.69,7.32,17,68,-8,50.67,6.19,0.23,0.27,41.66,97,3.49,11.26,0.75,0.75,0,0.19,2.44,3.19,0,0,0.19,8,0.38,36,56,7,37,58,5,22.28,23.42,0.92,93,1.14,20.6,21.82,0,0,0,0,0,,0,0,,0,0,0,0,0,0,23,9,3.45,25,0.06,0.1,0.05,-0.01,,0.21
Kevin Chiappa,Nacional,Primera División,2026,640,Left Wing,Uruguay,18,21/03/08,0,0,0.04,0.03,1.12,0,0,2,,0,0.14,0.19,1.26,0.14,0.11,0.7,0,0.08,0.56,0.14,0.23,2.39,-0.09,2.39,1.55,0.84,65,2.39,0,2.25,4.36,0.42,0.59,0.56,0.55,20.52,7.87,0,6.18,48,7.87,4.22,2.25,2.67,73,2.79,3.39,1.83,50,0.84,36,0.7,0,16.58,20.28,5.06,3.79,1.12,49.83,8.43,51,2.25,59,0.14,0,0,26.84,68,3.79,11,51,1.41,6.61,14,64,-4,63.36,4.22,0.28,0.32,33.03,84,7.24,9.14,2.67,1.41,1.26,0,0.98,2.39,0,42,1.12,35,0.14,14,76,10,15,69,15,24.41,17.49,0.93,121,-6.92,22.76,21.19,0,0,0,0,0,,0,0,,0,0,0,0,0,0,26,5,5.26,37,0.25,0.08,0,-0.05,,0.28
Kevin Dawson,Defensor Sporting,Primera División,2026,1978,Goalkeeper,Uruguay,34,07/02/92,0,0,0,,0,,,0,,0,0,0,0,0,0,0,0,0,0,0,0,0,0,0.05,0.05,0,100,0.14,0,0,0,0,0,0,0,0.36,0.23,0,7.64,2.39,4.23,0,0,0,0,0,0,0.05,0,0.14,,0,0.05,0.32,0.39,0.18,0,0,9.76,0,0,0,,0.05,0,0,18.38,78,7.46,5,56,2.68,10.65,14,72,-6,10.02,0.27,0.12,0.12,17.65,100,6.46,0.14,0,0,0,0,0,0,0,,0,,0,44,56,0,100,0,0,35.32,40.53,0.84,92,5.21,29.56,37.09,0.73,0.9,0.18,76,70,6,0.99,3.05,26,11.69,1.96,0.05,0.05,14.71,0,21,2,0.81,5,0.07,0.08,-0.03,,0.14,0.26
Kevin Johan Amaro Viega,Liverpool,Primera División,2026,1422,Right Wing Back,Uruguay,22,02/03/04,0,0,0.06,0.07,0.95,0,0,1,,0,0.06,0.09,0.89,0.06,0.08,0.82,0,0.01,0.06,0.06,0.15,1.84,-0.09,2.03,1.27,0.76,63,0.95,0,1.84,2.34,0.51,0.43,1.71,1.75,14.93,5.95,0.01,5.51,41.15,8.48,3.54,1.33,1.84,68,1.37,1.8,0.76,38,0.63,52,0.76,0,12.91,13.78,4.3,3.54,1.01,45.25,5.32,41,2.53,71,0,0,0.06,31.39,79,1.52,13,52,1.84,2.78,9,70,-9,58.08,4.81,0.31,0.35,30.44,90,6.67,11.14,1.2,0.76,0.44,0.13,1.46,2.21,0,47,0.76,29,0.19,20,65,15,19,63,18,19.21,16.39,0.95,106,-2.82,18.18,17.4,0,0,0,0,0,,0,0,,0,0,0,0,0,0,24,10,4.11,30,0.09,0.09,-0.06,-0.04,,0.08
Kevin Lewis,Liverpool,Primera División,2026,678,Left Wing Back,Uruguay,27,07/01/99,0,0,0.02,0.03,0.66,0,20,1,,0,0,0.05,0.93,0,0.05,0.93,0,0,0,0,0.07,1.59,-0.07,0.4,0.27,0.13,67,0.93,0,2.26,0.8,0.8,0.83,2.52,2.63,14.34,7.97,0,5.45,41.08,10.63,5.71,1.86,2.66,88,2.03,2.86,0.53,50,0.27,71,1.33,0,11.95,12.88,4.25,3.05,0.93,46,5.31,44,1.99,65,0,0,0,39.05,71,2.66,82,41,3.05,5.98,15,73,1,57.01,5.71,0.25,0.32,35.46,93,4.76,11.82,0.8,0.66,0.13,0.27,2.13,2.79,0,33,0.53,20,0.4,25,59,17,22,55,22,21.11,16.11,0.9,108,-4.99,19.07,17.39,0,0,0,0,0,,0,0,,0,0,0,0,0,0,34,10,5.57,28,0.09,0.09,0.01,-0.03,,0.16
Kevin Rodríguez,Peñarol,Primera División,2026,523,Right Back,Uruguay,21,28/10/05,0,0,0.04,0.04,1.03,0,33,1,,0,0.17,0.11,1.2,0.17,0.11,1.2,0,0,0,0.17,0.15,2.24,0.02,2.58,1.03,1.55,40,1.89,0,1.55,2.93,0.52,0.53,1.2,1.6,19.62,7.23,0.02,8.26,33.17,9.64,3.79,4.48,4.99,81,6.07,6.61,1.03,33,1.03,33,0.17,0,14.29,18.33,6.2,3.44,1.2,33.35,3.79,27,2.75,80,0.34,0,0,37.53,72,1.55,21,28,1.89,4.82,14,61,-11,52.16,3.27,0.24,0.37,37.87,89,4.28,8.09,1.55,1.38,0.17,0,1.03,2.41,0,56,1.03,26,0,26,64,10,19,70,11,18.08,16.52,0.86,86,-1.56,15.59,14.28,0,0,0,0,0,,0,0,,0,0,0,0,0,0,32,8,7.4,36,0.15,0.06,0.01,-0.04,,0.18
Kevin Silva,Torque,Primera División,2026,1338,Right Centre Back,Argentina,23,15/04/03,0,0,0.04,0.11,0.34,0,0,0,,0,0,0.05,0.27,0,0.05,0.27,0,0,0,0,0.09,0.61,-0.09,0,0,0,,0.54,0,0.07,0.27,1.48,1.61,7.13,7.48,9.89,5.05,0.06,5.85,24.56,13.72,2.09,1.48,2.96,71,1.46,3.07,0.94,42,0.61,75,3.63,0,7.47,7.62,3.97,1.01,0.27,30.34,1.08,14,0.4,40,0.2,0,0,38.68,71,5.92,20,51,9.62,9.22,18,54,-17,34.99,3.09,0.25,0.28,27.04,99,5.8,3.09,0.13,0.13,0,0,0.67,0.81,0.07,50,0.07,100,0,38,59,3,59,41,0,29.83,30.67,0.89,84,0.83,26.59,25.85,0,0,0,0,0,,0,0,,0,0,0,0,0,0,24,7,2.48,16,0.09,0.05,0.11,-0.03,,0.22
Kevin Sotto,Boston River,Primera División,2026,735,Left Centre Back,Uruguay,20,21/01/06,0,0,0,0.02,0.12,0,0,0,,0,0,0.03,0.12,0,0.03,0.12,0,0,0,0,0.03,0.24,-0.03,0.24,0.24,0,100,0.61,0,0.12,0.12,1.1,1.28,5.51,6.67,13.22,6.86,0.07,8.32,22.21,10.04,1.1,2.33,3.43,70,2.51,3.79,0.61,59,0.98,76,1.96,0.12,10.28,12.17,5.26,2.08,0.86,25.95,1.1,11,0.61,29,0.12,0,0,45.91,87,2.33,16,61,6.12,3.18,12,67,-19,29.68,1.1,0.13,0.16,35.5,100,4.57,1.22,0.12,0,0.12,0.24,0.37,0.37,0,0,0,0,0.24,27,69,4,20,70,10,21.1,19.44,0.97,108,-1.66,20.56,20.98,0,0,0,0,0,,0,0,,0,0,0,0,0,0,16,9,2.17,20,0.05,0.06,0.04,0,,0.15
Leandro Nicolás Umpiérrez,Peñarol,Primera División,2026,1487,Right Midfielder,Uruguay,22,19/03/04,0.18,0.18,0.09,0.06,1.63,11,48,2,,0.16,0.12,0.04,0.79,0.12,0.03,0.73,0,0,0.06,0.3,0.13,2.42,0.18,1.94,1.33,0.61,69,1.21,0,3.27,2.42,0.79,0.79,0.36,0.47,13.98,5.45,0.01,5.09,54.14,7.69,4.12,1.33,2.12,76,1.61,2.4,0.67,50,0.42,40,1.03,0,12.05,13.94,4,4,1.7,55.96,7.45,62,3.21,80,0.24,0,0,36.75,78,1.27,19,55,0.61,2.06,21,75,-3,57.42,4.54,0.37,0.44,36.81,87,5.59,12.23,0.48,0.42,0.06,0.12,2.12,2.54,0.06,38,0.24,22,0.3,17,69,14,14,70,16,15.44,14.09,0.96,102,-1.35,14.81,14.34,0,0,0,0,0,,0,0,,0,0,0,0,0,0,24,8,5.56,32,-0.03,0.07,0.03,0,,0.07
Leandro Sosa,Danubio,Primera División,2026,1011,Left Back,Uruguay,35,17/03/91,0,0,0.01,0.03,0.27,0,33,0,,0.02,0,0.04,0.27,0,0.04,0.27,0,0,0,0,0.05,0.53,-0.05,0.36,0.36,0,100,0.62,0,0.8,0.36,0.62,0.55,2.23,2.41,14.25,6.59,0.02,5.17,37.61,9.08,3.56,1.87,2.49,72,1.87,2.42,0.89,42,0.71,50,1.07,0,11.49,12.4,4.1,2.67,0.89,38.97,3.21,28,1.87,70,0.36,0,0,43.73,70,3.74,85,43,3.3,7.66,9,52,-18,51.95,6.95,0.33,0.33,31.88,97,3.24,10.42,1.07,0.62,0.45,0.09,0.62,1.25,0,8,0.09,6,0.09,36,57,7,36,53,11,22.15,22.94,0.9,89,0.79,19.92,20.47,0,0,0,0,0,,0,0,,0,0,0,0,0,0,36,15,4.76,42,0.11,0.04,0.07,0,,0.21
Leandro Suhr,Boston River,Primera División,2026,1878,Right Midfielder,Uruguay,29,23/09/97,0.19,0.19,0.2,0.11,1.77,11,43,3,,0.27,0.34,0.15,1.25,0.34,0.15,1.25,0,0,0,0.53,0.36,3.02,0.17,2.35,1.25,1.1,53,1.29,0,2.16,3.74,0.29,0.28,0.53,0.54,14.81,5.37,0.01,4.22,50,5.75,2.73,1.01,1.29,64,1.1,1.38,1.25,23,0.58,43,0.86,0,12.56,13.44,3.26,3.45,0.77,52.44,6.85,55,2.35,68,0.1,0,0,22.24,67,1.2,25,49,1.05,1.92,22,53,-14,58.81,2.64,0.3,0.5,25.64,83,6.91,6.9,0.86,0.81,0.05,0.34,3.74,4.55,0.14,33,0.58,28,0.72,20,63,18,19,59,22,18.18,17.89,0.97,108,-0.29,17.56,19.34,0,0,0,0,0,,0,0,,0,0,0,0,0,0,29,8,3.93,34,0.01,0.08,0.01,0.09,,0.2
Leandro Zazpe,Wanderers,Primera División,2026,1423,Left Back,Uruguay,32,28/04/94,0.13,0.13,0.07,0.07,0.95,13,33,1,,0.1,0,0.04,0.44,0,0.03,0.38,0,0.01,0.06,0.13,0.11,1.39,0.02,1.01,0.63,0.38,63,1.39,0,0.76,0.95,0.57,0.71,3.42,2.86,13.91,5.69,0.04,6.45,34.11,11.51,3.23,2.02,2.59,64,2.03,2.75,1.2,48,1.14,54,2.09,0,10.69,10.37,3.98,2.02,0.51,39.31,3.67,34,1.26,63,0.51,0,0,32.38,67,2.59,81,35,4.17,6.58,12,59,-7,47.7,4.93,0.33,0.35,24.41,95,4.94,6.2,0.95,0.57,0.38,0.13,1.52,2.09,0.06,33,0.51,26,0.13,46,50,4,56,43,1,23.41,20.29,0.85,81,-3.12,19.82,16.34,0,0,0,0,0,,0,0,,0,0,0,0,0,0,30,10,4.33,26,0.14,0.05,0.06,0.02,,0.27
Leonardo Fernández,Peñarol,Primera División,2026,959,Centre Attacking Midfielder,Uruguay,28,07/11/98,0.09,0.09,0.06,0.02,2.63,4,29,1,,0.08,0.47,0.36,3.28,0.38,0.28,2.53,0.09,0.08,0.75,0.56,0.41,5.91,0.15,1.69,0.84,0.84,50,2.06,0,2.81,1.78,0.28,0.34,0.09,0.17,10.7,4.88,0,4.69,59.05,6.57,4.5,0.56,0.84,46,0.77,1.11,0.38,25,0.66,44,0.38,0,9.76,12.01,4.13,2.06,1.22,60.62,7.51,77,1.97,95,0.19,0,0,45.88,68,7.13,74,54,1.59,11.73,14,65,-4,57.89,9.01,0.46,0.65,44.47,92,4.28,14.45,3.47,2.16,1.31,0.28,1.5,3.66,0.28,19,0.75,28,0.28,25,69,6,29,67,5,24.6,22.34,0.92,112,-2.26,22.67,25.1,0,0,0,0,0,,0,0,,0,0,0,0,0,0,31,10,8.86,53,0.15,0.07,0.01,-0.08,,0.16
Leonel Roldán,CA Juventud,Primera División,2026,1566,Left Defensive Midfielder,Argentina,22,09/10/04,0,0,0.06,0.08,0.69,0,8,1,,0,0.11,0.07,1.38,0.11,0.07,1.38,0,0,0,0.11,0.12,2.07,-0.01,0.86,0.52,0.34,60,1.32,0,1.38,1.55,1.26,1.54,2.01,2.52,19.08,10.11,0.02,6.26,42.13,13.85,6.26,2.47,3.74,70,3.08,4.62,1.44,33,1.03,54,1.44,0.06,15.17,18.14,5.06,4.37,1.55,44.57,6.15,41,2.93,67,0.52,0,0,49.59,79,2.76,16,59,2.93,3.79,17,74,-5,51.84,6.67,0.42,0.51,39.65,94,5.22,12.36,0.63,0.63,0,0.23,1.03,1.67,0.11,0,0.06,14,0.29,24,70,6,24,69,7,19.66,19.05,0.97,103,-0.62,19.08,19.61,0,0,0,0,0,,0,0,,0,0,0,0,0,0,23,9,6.04,43,0.05,0.1,0.04,-0.03,,0.16
Logan Ponce,Central Español,Primera División,2026,398,Right Centre Back,Uruguay,24,24/01/02,0,0,0.09,0.13,0.68,0,0,2,,0,0,0,0.23,0,0,0.23,0,0,0,0,0.09,0.91,-0.09,0,0,0,,0.23,0,0,0.23,0.23,0.07,6.57,3.08,7.92,3.62,0.18,5.43,19.4,7.25,0.91,0,0.23,0,0,0.07,1.13,33,0.68,67,3.17,0,6.79,2.93,2.49,1.13,0.23,25.58,0.68,10,0.45,40,0,0,0,22.42,64,3.85,3,37,7.25,9.74,9,40,-24,31.43,2.26,0.11,0.16,14.04,98,4.08,2.04,0.45,0.45,0,0,1.13,1.58,0,0,0,,0,45,54,2,44,56,0,35.15,29.15,0.81,94,-6,28.33,27.51,0,0,0,0,0,,0,0,,0,0,0,0,0,0,36,4,1.54,13,0.07,0.04,0.09,-0.07,,0.13
Lucas Acosta Moreno,Liverpool,Primera División,2026,1111,Right Centre Midfielder,Uruguay,24,25/01/02,0.08,0.08,0.05,0.04,1.22,7,33,1,,0.07,0,0.08,1.86,0,0.06,1.62,0,0.02,0.24,0.08,0.13,3.08,-0.05,2.35,1.22,1.13,52,1.22,0,2.43,3.32,1.05,0.9,1.38,1.33,23.25,9.88,0.01,9.72,49.18,11.02,5.59,2.75,3.81,79,2.71,3.62,1.05,47,0.73,38,1.22,0,19.6,18.28,7.61,6.97,2.92,51.42,10.77,55,5.51,79,0.32,0,0,29.24,74,1.54,11,49,1.62,2.92,18,70,-4,55.3,5.02,0.28,0.33,27.22,85,4.83,9.07,1.22,0.89,0.32,0.08,1.05,1.94,0,27,0.49,43,0.24,28,63,9,31,63,5,18.35,14.72,0.98,108,-3.63,18.07,15.93,0,0,0,0,0,,0,0,,0,0,0,0,0,0,25,8,5.04,31,0.04,0.04,0.03,-0.01,,0.11
Lucas Agazzi,Defensor Sporting,Primera División,2026,2410,Right Back,Uruguay,21,01/05/05,0.11,0.11,0.11,0.14,0.78,14,33,1,,0.11,0.15,0.17,0.93,0.11,0.14,0.82,0.04,0.02,0.11,0.26,0.27,1.72,-0.01,0.75,0.37,0.37,50,1.16,0.04,0.6,1.34,0.49,0.52,2.39,2.54,14.53,7.62,0.02,6.05,35,9,3.36,1.94,2.43,70,2.13,2.65,0.71,46,0.82,49,1.05,0.04,11.88,13.02,4.18,1.94,0.71,38.12,3.96,33,1.31,67,0.04,0,0,30.81,66,3.1,11,42,2.95,6.87,12,65,-1,49.11,4.44,0.35,0.49,26.33,94,4.51,6.24,1.34,0.82,0.52,0.22,1.83,2.65,0.04,72,1.23,27,0.3,29,60,11,32,58,10,23.24,19.04,0.88,94,-4.2,20.52,17.87,0,0,0,0,0,,0,0,,0,0,0,0,0,0,35,9,5.42,35,0.19,0.08,-0.01,-0.01,,0.25
Lucas Duré,Torque,Primera División,2026,525,Right Centre Midfielder,Uruguay,21,20/10/05,0.34,0.34,0.07,0.06,1.2,29,43,2,,0.07,0.17,0.07,0.86,0,0.02,0.17,0.17,0.05,0.69,0.51,0.14,2.06,0.37,1.2,1.03,0.17,86,0.51,0,1.88,1.37,0,0,2.4,2.34,15.24,6.34,0,4.97,43.66,9.76,5.14,0.69,0.69,67,0.54,0.54,1.37,50,0.34,47,1.37,0,13.19,12.19,3.43,3.94,1.54,48.45,6.17,47,2.4,61,0,0,0,28.77,66,5.48,15,51,3.43,9.76,18,67,1,59.03,6.17,0.38,0.43,25.52,90,5.07,9.59,2.06,1.03,1.03,0.17,1.03,2.06,0,8,0.17,10,0.17,20,68,13,23,68,9,26.74,19.51,0.94,100,-7.23,25.11,19.48,0,0,0,0,0,,0,0,,0,0,0,0,0,0,27,6,4.52,34,0.11,0.04,0,0.05,,0.19
Lucas Ferreira,Peñarol,Primera División,2026,2073,Left Centre Back,Uruguay,26,15/06/00,0,0,0.03,0.09,0.3,0,0,0,,0,0,0.01,0.13,0,0.01,0.13,0,0,0,0,0.04,0.43,-0.04,0.3,0.26,0.04,86,1.26,0,0.26,0.35,1.82,2.08,4.6,4.46,12.46,6.08,0.05,7.34,25.72,13.46,1.78,2.47,4.3,76,2.66,4.74,0.96,53,0.78,66,3.17,0.04,9.2,9.79,4.73,1.91,0.74,29.06,1.13,12,0.74,39,0.35,0,0.04,44.28,80,3.78,9,52,5.86,5.95,14,58,-22,35.64,3.04,0.29,0.3,32.39,98,4.88,3.34,0.17,0.09,0.09,0,0.78,0.87,0,0,0,0,0.04,33,64,3,45,52,3,22.97,23.62,0.92,91,0.65,21.18,21.55,0,0,0,0,0,,0,0,,0,0,0,0,0,0,21,7,3.73,22,0.06,0.05,0.03,-0.04,,0.1
Lucas Hernández,Peñarol,Primera División,2026,483,Left Back,Uruguay,34,04/08/92,0,0,0.01,0.04,0.19,0,0,0,,0,0,0.08,0.93,0,0.02,0.19,0,0.06,0.75,0,0.09,1.12,-0.09,1.3,0.75,0.56,57,0.56,0,1.3,1.3,1.3,1.01,1.3,1.39,7.08,2.61,0,3.35,43.28,8.94,3.73,0.93,2.24,45,0.64,1.65,0.37,33,1.12,83,0.93,0,5.77,4.97,2.42,2.05,0.93,46.38,2.79,48,1.68,82,0.19,0,0,36.51,74,3.35,90,51,1.86,5.96,12,66,-9,53.19,6.33,0.22,0.22,33.16,93,3.73,9.69,2.98,1.3,1.68,0.19,1.3,2.61,0,13,0.56,23,0.19,32,61,7,35,50,15,19.16,14.73,0.92,114,-4.43,17.66,16.8,0,0,0,0,0,,0,0,,0,0,0,0,0,0,26,10,8.35,51,0.23,0.04,0.01,0,,0.27
Lucas Leonel Correa Sebben,Cerro Largo,Primera División,2026,2290,Right Centre Back,Uruguay,30,06/05/96,0.04,0.04,0.1,0.12,0.86,5,27,1,,0.06,0,0,0.2,0,0,0.2,0,0,0,0.04,0.1,1.06,-0.07,0.39,0.28,0.12,70,0.28,0,0.16,0.35,1.14,1.12,6.13,6.55,11.99,5.34,0.05,6.41,23.86,11.32,2,1.85,2.99,78,2,3.11,0.98,63,0.51,57,2.4,0,9.16,9.12,3.85,1.26,0.59,29.79,1.3,14,0.35,28,0.31,0,0.04,35.45,77,3.97,11,51,7.98,5.93,20,64,-13,37.43,2.91,0.25,0.27,27.66,98,5.43,2.75,0.2,0.12,0.08,0,1.41,1.53,0,40,0.08,25,0.04,33,65,2,43,57,0,25.37,25.83,0.91,94,0.46,23.12,24.31,0,0,0,0,0,,0,0,,0,0,0,0,0,0,26,9,2.19,19,0.06,0.06,0.18,-0.05,,0.26
Lucas Machado,Defensor Sporting,Primera División,2026,475,Goalkeeper,Uruguay,28,09/04/98,0,0,0,,0,,,0,,0,0,0,0,0,0,0,0,0,0,0,0,0,0,0.19,0.19,0,100,0.38,0,0,0,0,0,0,0,0.19,0.19,0,6.06,2.9,3.79,0,0,0,,0,0,0.19,100,0,,0,0,0.19,0.19,0.19,0,0,6.04,0,0,0,,0,0,0,15.72,73,4.17,7,41,1.89,8.34,12,47,-26,8.75,0.38,0.04,0.04,14.4,100,5.22,0,0.19,0,0.19,0,0,0,0,0,0,,0,45,55,0,,,,36.97,43.58,0.74,80,6.61,27.3,34.9,1.33,1.24,-0.09,71,73,-2,0.8,4.55,41,10.99,1.69,0.19,0.19,16.92,-1,27,3,0.63,4,0.05,0.07,-0.01,,-0.21,-0.09
Lucas Pino García,Central Español,Primera División,2026,1002,Right Defensive Midfielder,Uruguay,21,29/10/05,0.27,0.27,0.14,0.07,1.89,14,33,2,,0.23,0.18,0.07,0.99,0.18,0.06,0.9,0,0.01,0.09,0.45,0.2,2.87,0.25,2.78,1.89,0.9,68,1.44,0,2.6,2.6,1.17,0.62,0.81,0.42,22.27,9.16,0.02,6.11,42.49,9.7,5.21,2.24,3.41,64,1.54,2.16,1.89,33,1.26,23,0.63,0.09,18.14,9.62,4.67,4.76,1.44,43.55,6.55,36,2.87,60,0.36,0,0,29.18,70,2.96,15,52,1.26,5.21,16,70,1,53.36,3.86,0.22,0.31,30.44,86,5.54,7,0.99,0.63,0.36,0.18,2.07,2.69,0.09,18,0.27,27,0.27,23,62,15,28,65,6,22.08,17.68,0.94,108,-4.4,20.82,19.11,0,0,0,0,0,,0,0,,0,0,0,0,0,0,29,7,4.43,39,-0.05,0.11,0.01,0.05,,0.12
Lucas Rodríguez,Nacional,Primera División,2026,1516,Left Defensive Midfielder,Uruguay,33,07/05/93,0,0,0.05,0.06,0.77,0,23,1,,0.05,0,0.02,0.24,0,0.02,0.24,0,0,0,0,0.07,1.01,-0.07,0.59,0.3,0.3,50,1.31,0,0.83,0.95,1.84,2.23,2.49,2.48,24.46,11.34,0.05,10.03,38.22,15.26,6.06,3.8,5.64,77,4.51,6.74,2.14,31,1.13,37,1.31,0,18.7,20,7.24,5.76,2.02,40.5,5.88,31,3.15,55,0.18,0,0,36.69,80,1.9,14,56,3.09,2.79,14,63,-17,46.06,3.32,0.29,0.3,29.33,95,3.89,5.52,0.18,0.18,0,0,0.47,0.65,0.12,0,0,0,0.06,21,73,6,25,74,1,18.95,17.8,0.98,93,-1.14,18.59,16.53,0,0,0,0,0,,0,0,,0,0,0,0,0,0,21,9,2.97,18,0.01,0.08,0.01,0,,0.1
Lucas Rodríguez,Albion,Primera División,2026,583,Centre Attacking Midfielder,Uruguay,29,24/02/97,0.15,0.15,0.16,0.1,1.54,10,50,2,,0.18,0,0.14,1.23,0,0.13,1.08,0,0.01,0.15,0.15,0.3,2.78,-0.15,2.47,1.54,0.93,63,1.39,0,1.39,3.39,0.31,0.42,0,0,21.76,10.8,0.04,4.48,52.25,4.78,2.93,0.77,1.08,45,0.89,1.31,1.23,25,0.93,43,0.46,0,19.91,25.08,4.17,5.56,1.39,53.82,11.11,56,3.55,64,0.15,0,0,31.48,73,2.47,83,53,0.31,4.32,16,65,-9,61.26,5.86,0.37,0.46,32.71,89,5.69,12.04,1.39,0.62,0.77,0.46,3.24,3.86,0,22,0.46,30,0.46,19,70,12,28,59,13,19.91,15.93,0.95,111,-3.99,19.01,17.74,0,0,0,0,0,,0,0,,0,0,0,0,0,0,27,8,5.91,37,0.01,0.06,0.01,-0.04,,0.03
Lucas de los Santos,Defensor Sporting,Primera División,2026,1574,Right Centre Back,Uruguay,25,25/07/01,0,0,0.03,0.05,0.63,0,0,0,,0,0,0.03,0.23,0,0.03,0.23,0,0,0,0,0.06,0.86,-0.06,0.23,0.17,0.06,75,1.66,0,0.11,0.63,0.74,0.91,4.06,4.39,12.64,6.98,0.08,6.86,28.44,13.55,2.97,1.26,2,59,1.49,2.41,0.86,33,0.86,66,2.4,0,10.58,10.86,4.63,2.52,0.91,32.99,1.94,18,0.63,25,0.17,0.06,0.06,50.54,77,5.66,6,49,6.23,9.32,19,64,-13,36.65,5.66,0.37,0.4,40.99,98,5.6,5.95,0.11,0.11,0,0.06,0.57,0.69,0.06,50,0.11,40,0.06,37,60,3,53,44,3,25.87,23.19,0.89,84,-2.69,23.03,19.56,0,0,0,0,0,,0,0,,0,0,0,0,0,0,24,7,4.15,29,0.11,0.07,0.13,-0.05,,0.27
Luciano Boggio,Nacional,Primera División,2026,1772,Right Defensive Midfielder,Uruguay,27,09/03/99,0.1,0.1,0.23,0.14,1.63,6,28,2,,0.17,0.1,0.08,1.07,0.1,0.06,0.81,0,0.02,0.25,0.2,0.3,2.69,-0.1,0.36,0.2,0.15,57,1.27,0.05,1.37,0.91,1.27,1.66,1.37,1.37,14.07,6.55,0.01,5.89,47.94,10.66,6.2,1.68,2.95,67,2.12,3.78,1.02,22,0.81,43,0.96,0,11.48,13.2,4.42,3.45,1.52,50.63,5.84,51,2.03,59,0.15,0,0,33.52,80,3.05,15,63,1.78,4.47,17,72,-7,54.35,5.03,0.42,0.52,29.66,93,5.68,9.6,1.37,0.86,0.51,0.05,2.49,3.35,0,15,0.2,21,0.1,20,70,10,25,69,5,20.36,16.38,0.96,95,-3.99,19.45,15.51,0,0,0,0,0,,0,0,,0,0,0,0,0,0,21,8,4.93,33,0.01,0.13,0.02,0.02,,0.18
Luciano Cosentino,Wanderers,Primera División,2026,1001,Left Midfielder,Uruguay,25,17/05/01,0.72,0.63,0.37,0.17,2.16,29,54,3,100,0.43,0,0.09,0.9,0,0.08,0.81,0,0,0.09,0.63,0.46,3.06,0.17,2.16,1.35,0.81,63,1.98,0.09,3.15,3.15,1.17,1.19,0.27,0.28,13.94,4.86,0,4.05,53.39,5.67,3.33,1.44,2.61,80,1.6,2.79,1.35,33,0.36,38,0.81,0,11.15,11.76,3.15,3.33,1.53,55.26,7.01,63,2.52,76,0.09,0,0,22.48,72,0.54,26,46,0.27,1.17,22,62,-10,61.92,1.8,0.41,0.63,24.73,79,5.46,7.73,0.81,0.81,0,0.36,4.59,5.4,0,22,0.27,27,0.9,20,59,21,15,60,24,15.46,13.19,1.02,114,-2.27,15.74,15.07,0,0,0,0,0,,0,0,,0,0,0,0,0,0,25,7,4.16,26,-0.01,0.12,-0.06,0.15,,0.21
Luciano Fernández,Central Español,Primera División,2026,1544,Right Back,Uruguay,24,15/02/02,0.06,0.06,0.02,0.03,0.82,7,14,1,,0.06,0,0.05,0.82,0,0.03,0.41,0,0.03,0.41,0.06,0.08,1.63,-0.02,0.7,0.58,0.12,83,0.58,0,0.47,1.11,0.87,0.42,2.16,1.28,17.02,8.63,0.01,6.18,31,8.98,2.33,2.97,3.85,72,1.78,2.2,1.05,44,1.17,36,0.58,0,13,7.88,4.66,2.33,0.93,34.86,3.09,24,1.34,57,0.17,0.06,0.06,30.89,71,3.61,11,41,3.44,7.58,12,63,-9,52.78,5.65,0.15,0.17,27.39,96,5.6,8.63,2.04,0.99,1.05,0,0.47,1.46,0,40,0.93,37,0.06,34,57,9,39,46,15,23.5,23.97,0.87,96,0.47,20.5,22.91,0,0,0,0,0,,0,0,,0,0,0,0,0,0,32,12,4.05,32,0.15,0.08,0.03,0,,0.26
Luis Angulo,Peñarol,Primera División,2026,830,Right Wing,Colombia,22,22/03/04,0.43,0.43,0.32,0.2,1.63,27,60,3,,0.48,0,0.04,0.76,0,0.04,0.76,0,0,0,0.43,0.37,2.38,0.07,4.66,2.82,1.84,60,0.65,0,3.36,4.77,0.33,0.28,0.11,0.1,16.69,7.8,0,4.99,56.64,6.72,3.79,1.52,1.84,70,1.92,2.2,2.17,50,0.65,36,0.43,0,13.11,15.53,3.9,3.9,1.19,58.32,8.56,65,3.14,81,0.43,0,0,25.47,64,0.98,33,56,0.43,1.41,20,49,-15,59.84,3.03,0.57,0.67,32.29,78,7.95,8.67,1.41,1.41,0,0.43,4.44,5.85,0.11,8,0.33,15,0.33,11,77,12,15,71,14,15.57,13.45,1.03,112,-2.13,16.07,15.08,0,0,0,0,0,,0,0,,0,0,0,0,0,0,39,10,4.59,24,-0.04,0.15,0,0.2,,0.31
Luis Femia,Danubio,Primera División,2026,902,Right Wing Back,Uruguay,24,26/05/02,0,0,0.07,0.06,1.1,0,27,2,,0.04,0,0.08,1,0,0.08,1,0,0,0,0,0.15,2.09,-0.15,3.09,2.09,1,68,0.9,0,2.79,2.99,0.7,0.67,2.19,2.3,19.15,7.88,0.02,7.38,44.05,11.67,4.99,2.49,3.19,63,2.45,3.12,0.9,38,1.5,49,1.7,0,15.76,15.68,5.49,5.49,1.7,48.16,7.68,49,3.99,73,0.2,0,0,33.12,66,1.5,22,35,2.99,3.49,18,54,-12,55.5,3.39,0.33,0.41,32.12,87,5.38,7.88,1,0.5,0.5,0.6,3.09,3.59,0,40,1.1,44,0.8,29,59,12,27,57,16,19.08,18.3,0.9,108,-0.78,17.12,19.8,0,0,0,0,0,,0,0,,0,0,0,0,0,0,39,12,3.77,25,0.03,0.1,0.04,-0.04,,0.12
Luis Mejía,Nacional,Primera División,2026,1632,Goalkeeper,Panama,35,15/03/91,0,0,0,,0,,,0,,0,0.06,0.01,0.06,0.06,0.01,0.06,0,0,0,0.06,0.01,0.06,0.04,0.11,0.11,0,100,0.11,0,0,0,0,0,0.06,0.09,0.11,0.06,0,5.35,2.94,3.42,0,0,0,,0,0,0,,0,,0,0,0.11,0.12,0.06,0,0,7.97,0,0,0,,0.06,0,0,18.19,77,5.35,70,49,1.21,9.81,9,74,-4,12.02,0.61,0.08,0.1,16.65,100,5.56,0.39,0.06,0.06,0,0,0,0.06,0,0,0,,0,36,64,0,100,0,0,37.54,38.81,0.8,84,1.27,30,32.61,0.77,0.88,0.1,68,64,4,0.73,2.43,30,8.22,1.99,0.11,0.11,17.48,-2,22,2,1.07,7,0.07,0.07,,,-0.03,0.11
Maicol Sebastián Ferreira Soppi,Danubio,Primera División,2026,1214,Centre Attacking Midfielder,Uruguay,28,19/01/98,0.22,0.22,0.1,0.06,1.56,14,24,2,,0.13,0.22,0.22,2.15,0.15,0.19,1.78,0.07,0.03,0.37,0.44,0.31,3.71,0.13,2.08,1.19,0.89,57,1.41,0,2.52,3.11,0.52,0.62,0.15,0.16,19.35,8.01,0.01,5.63,53.57,6.82,4.3,1.78,2.3,67,2.17,2.79,1.85,39,0.89,27,0.44,0,15.71,17.65,4.23,5.93,1.93,55.88,9.19,58,4.67,79,0.22,0,0.07,29.58,67,2.45,16,49,0.59,4.52,19,67,0,59.38,3.71,0.3,0.45,29.65,88,4.83,8.45,1.7,1.26,0.44,0.22,1.93,3.19,0.3,26,0.59,25,0.37,17,68,15,25,65,11,20.16,17.13,0.94,107,-3.04,18.92,18.34,0,0,0,0,0,,0,0,,0,0,0,0,0,0,32,10,4.56,43,0.06,0.06,0.02,0.01,,0.15
Marcelo Pérez,CA Juventud,Primera División,2026,343,Centre Forward,Paraguay,25,22/03/01,0,0,0.03,0.02,1.05,0,25,2,,0,0,0.1,0.79,0,0.1,0.79,0,0,0,0,0.12,1.84,-0.12,0.52,0.26,0.26,50,1.05,0,2.1,1.57,0.26,0.14,0.26,0.16,14.17,5.25,0,3.15,62.96,4.46,3.67,0.52,0.79,100,0.6,0.74,2.36,,0,36,2.36,0,11.28,11.26,2.89,2.1,0.79,65.2,8.4,74,2.1,100,0.26,0,0,17.32,70,0.26,14,50,0.26,0.52,30,76,6,61.05,1.31,0.32,0.41,13.91,79,5.57,5.77,1.05,1.05,0,0.26,2.36,3.41,0,0,0,0,1.05,24,61,15,18,64,18,15.09,15.15,1.06,119,0.07,16.01,18.09,0,0,0,0,0,,0,0,,0,0,0,0,0,0,32,8,4.3,37,0,0.06,-0.02,-0.02,,0.02
Marco Mancebo,Boston River,Primera División,2026,450,Right Centre Back,Uruguay,25,01/05/01,0,0,0.01,0.06,0.2,0,0,0,,0,0,0.01,0.2,0,0.01,0.2,0,0,0,0,0.02,0.4,-0.02,0.2,0,0.2,0,2.2,0,0.6,0.8,0.8,0.74,7.39,6.27,17.78,10.99,0.1,9.39,24.07,9.39,1.6,1.8,2.6,75,2.12,2.86,2.2,25,0.6,40,1.2,0,13.79,15.12,6.19,3.2,0.8,29.41,2.4,17,1.8,56,0.8,0,0.2,33.37,83,3.6,9,60,8.19,5.19,11,71,-12,32.51,1.2,0.1,0.1,26.57,95,4.88,1.4,0.2,0.2,0,0,0.2,0.4,0,0,0,0,0,26,70,4,29,71,0,22.76,23.62,0.92,59,0.86,21.02,13.95,0,0,0,0,0,,0,0,,0,0,0,0,0,0,18,7,1.22,14,0.04,0.01,0,-0.01,,0.04
Marcos Montiel,Central Español,Primera División,2026,1942,Left Defensive Midfielder,Uruguay,31,11/07/95,0.05,0.05,0.06,0.09,0.65,7,50,1,,0.06,0,0,0.05,0,0,0.05,0,0,0,0.05,0.06,0.7,-0.01,0.88,0.51,0.37,58,0.37,0,0.6,1.11,0.88,0.49,2.87,1.61,14.23,7.23,0.03,6.16,35.37,9.08,2.78,1.07,1.95,72,0.52,1.01,0.83,46,0.42,57,1.53,0,12.33,6.43,4.36,2.41,0.88,40.57,3.61,29,1.07,44,0.14,0,0,27.71,76,2.92,8,59,3.38,4.4,15,64,-12,40.73,2.87,0.2,0.23,21.08,95,5.21,4.03,0.37,0.28,0.09,0,1.02,1.3,0,25,0.09,10,0.09,23,71,6,24,67,9,22.95,18.73,0.97,104,-4.22,22.18,19.45,0,0,0,0,0,,0,0,,0,0,0,0,0,0,25,7,2.26,20,0.04,0.04,0.04,0.02,,0.14
Marcos Paolini,Progreso,Primera División,2026,611,Right Centre Back,Uruguay,25,13/08/01,0,0,0.02,0.08,0.29,0,0,0,,0,0,0,0.15,0,0,0.15,0,0,0,0,0.02,0.44,-0.02,0.15,0.15,0,100,0.44,0,0.15,0.74,1.33,1.19,6.34,5.44,10.17,5.45,0.01,5.01,26.98,12.23,2.8,1.33,2.65,69,1.24,2.43,0.88,25,0.59,64,3.39,0,7.96,7.31,2.65,2.06,0.88,33.06,1.33,17,0.44,21,0.29,0,0,35.07,69,4.86,13,49,7.96,8.4,15,59,-10,35.56,3.24,0.05,0.06,22.11,99,4.66,3.68,0.29,0.29,0,0,1.03,1.33,0,0,0,0,0,36,60,4,56,44,0,26.65,24.77,0.91,89,-1.88,24.28,22.1,0,0,0,0,0,,0,0,,0,0,0,0,0,0,27,5,1.78,17,0.04,0,0.09,-0.02,,0.1
Mariano Aguilera,Central Español,Primera División,2026,1503,Left Midfielder,Argentina,23,06/12/03,0.06,0.06,0.1,0.05,2.1,3,34,2,,0.09,0.18,0.1,1.2,0.12,0.04,0.54,0.06,0.06,0.66,0.24,0.2,3.29,0.04,3.59,1.92,1.68,53,3.29,0.06,4.13,4.61,0.54,0.32,0.3,0.15,23.59,10.9,0.01,6.29,45.76,7.9,3.89,2.33,2.87,72,1.27,1.59,1.26,40,0.9,28,0.3,0,20,11.21,5.15,3.83,0.96,46.21,8.08,40,2.63,69,0.24,0.06,0,25.03,63,2.69,13,42,0.96,5.69,17,60,-3,62.42,5.87,0.16,0.27,34.43,79,7.58,9.34,1.92,0.96,0.96,0.12,1.14,2.1,0,16,0.42,14,0.12,19,69,12,22,63,15,21.81,16.47,0.86,91,-5.35,18.86,15.06,0,0,0,0,0,,0,0,,0,0,0,0,0,0,33,7,4.16,35,0.06,0.16,0.02,-0.05,,0.19
Mario García,Cerro Largo,Primera División,2026,1984,Left Centre Midfielder,Uruguay,27,07/09/99,0,0,0.02,0.04,0.59,0,15,1,,0,0,0.09,1.04,0,0.07,0.82,0,0.03,0.23,0,0.12,1.63,-0.12,0.86,0.59,0.27,68,1.59,0,1.13,1.95,1,0.96,1.54,1.64,19.33,10.12,0.01,7.94,42.54,10.75,4.94,2.59,3.58,76,2.64,3.6,0.59,50,0.82,52,1.5,0.05,16.15,16.09,6.12,4.4,1.95,45.33,6.76,42,2.86,65,0,0,0,42.55,78,3.81,27,61,2.59,5.22,19,73,-5,54.51,6.17,0.3,0.36,35.07,94,5.19,12.11,1.13,0.73,0.41,0.09,0.59,1.32,0,24,0.32,37,0.23,22,67,10,24,67,9,20.03,18.7,0.95,96,-1.32,18.97,17.95,0,0,0,0,0,,0,0,,0,0,0,0,0,0,22,9,5.33,48,0.07,0.05,0,-0.03,,0.1
Martín Campaña,Liverpool,Primera División,2026,1533,Goalkeeper,Uruguay,37,28/05/89,0,0,0,,0,,,0,,0,0,0,0,0,0,0,0,0,0,0,0,0,0,0,0,0,,0.18,0,0,0,0,0,0,0,0.18,0.18,0,5.69,2.43,3.76,0,0,0,0,0,0,0,0,0.06,,0,0,0.18,0.19,0.06,0,0,10.91,0,0,0,,0,0,0,17.73,72,5.69,24,43,1.47,11.62,13,84,12,11.57,0.41,0.08,0.08,16.09,100,6.08,0.18,0,0,0,0,0,0,0,,0,,0,45,54,0,100,0,0,37.53,32.44,0.77,91,-5.09,29.01,29.47,0.94,0.82,-0.12,64,68,-5,0.84,2.58,26,9.98,1.72,0.23,0.18,15.39,0,28,3,1.04,8,0.09,0.07,,,-0.02,0.13
Martín Cáceres,CA Juventud,Primera División,2026,1012,Left Centre Back,Uruguay,39,06/04/87,0,0,0.03,0.06,0.44,0,0,0,,0,0,0,0,0,0,0,0,0,0,0,0.03,0.44,-0.03,0.09,0.09,0,100,0.53,0,0.09,0.09,0.53,0.4,5.25,4.89,5.87,2.67,0.05,3.29,19.97,9.87,1.16,0.44,0.98,56,0.46,0.86,0.62,40,0.36,58,1.6,0,4.89,4.5,1.69,0.53,0.18,22.09,0.44,9,0.09,17,0.36,0.09,0,30.85,84,3.47,35,58,5.69,5.51,9,58,-26,35.27,2.22,0.21,0.22,22.14,100,5.17,2.49,0,0,0,0,0.98,0.98,0,,0,,0.09,29,66,5,32,64,4,23.94,22.18,0.91,86,-1.76,21.88,18.98,0,0,0,0,0,,0,0,,0,0,0,0,0,0,18,6,2.26,17,0.01,0.05,-0.01,-0.03,,0.02
Martín Ferreira,Racing,Primera División,2026,1878,Left Centre Back,Uruguay,34,06/03/92,0.05,0.05,0.04,0.07,0.62,8,38,0,,0.01,0.1,0.1,1.01,0.05,0.09,0.81,0.05,0.01,0.19,0.14,0.14,1.63,0,0.53,0.29,0.24,55,0.19,0,0.48,0.62,0.96,0.83,4.65,3.71,13.28,5.99,0.05,5.75,34.87,10.59,3.79,1.73,2.68,78,1.34,2.17,1.25,56,0.48,69,2.78,0.05,10.35,8.4,3.4,2.54,0.72,40.63,3.55,34,1.58,62,0.19,0,0,29.47,61,6.13,80,44,6.09,12.41,15,56,-6,52.55,6.18,0.31,0.33,21.14,95,5.14,7.52,2.25,1.39,0.86,0.1,1.25,2.64,0,43,1.1,28,0.1,38,56,7,32,61,7,28.49,22.76,0.89,92,-5.72,25.23,21.04,0,0,0,0,0,,0,0,,0,0,0,0,0,0,37,10,4.69,30,0.23,0.04,0.07,0,,0.33
Martín González,Boston River,Primera División,2026,1641,Right Centre Back,Uruguay,32,02/06/94,0,0,0.02,0.06,0.38,0,14,0,,0,0,0.01,0.22,0,0.01,0.22,0,0,0,0,0.04,0.6,-0.04,0.38,0.22,0.16,57,0.55,0,0.33,0.27,0.71,0.74,5.54,5.82,7.57,4.39,0.12,4.39,23.7,9.27,1.15,1.26,1.97,74,1.27,2.02,0.49,50,0.44,74,2.96,0,5.82,6.06,2.47,1.7,0.6,29.52,0.77,13,0.38,23,0.27,0,0,43.45,87,3.95,24,60,6.36,5.82,11,63,-24,31.81,0.88,0.37,0.37,33.79,98,4.65,1.37,0.22,0.22,0,0,0.82,1.04,0,25,0.05,100,0,23,74,3,32,56,12,23.6,23.6,0.95,86,0,22.46,20.42,0,0,0,0,0,,0,0,,0,0,0,0,0,0,17,7,2.61,21,0.01,0.05,0.21,-0.02,,0.25
Martín Rabuñal,Defensor Sporting,Primera División,2026,399,Right Defensive Midfielder,Uruguay,32,21/04/94,0.23,0.23,0.03,0.06,0.45,50,50,0,,0.02,0,0,0,0,0,0,0,0,0,0.23,0.03,0.45,0.2,0,0,0,,0.68,0,1.35,1.13,0.68,0.77,2.48,2.96,22.53,11.71,0.02,7.66,38.64,13.97,6.31,2.25,2.93,83,2.9,3.67,2.03,50,0.45,50,0.9,0,18.7,22.64,6.31,5.63,2.25,41.01,4.96,27,2.7,48,0.9,0,0,42.8,80,2.25,15,48,3.15,4.06,16,68,-12,46.27,2.7,0.23,0.23,34.02,93,3.76,4.28,0.23,0.23,0,0,0.68,0.9,0,0,0,,0,21,70,9,21,79,0,19.95,19.28,0.93,98,-0.67,18.63,18.93,0,0,0,0,0,,0,0,,0,0,0,0,0,0,22,8,2.7,17,0.02,0.06,0.04,-0.02,,0.1
Martín Rabuñal,Liverpool,Primera División,2026,1474,Left Defensive Midfielder,Uruguay,32,21/04/94,0.12,0.12,0.1,0.09,1.16,11,37,1,,0.14,0.12,0.06,0.85,0.06,0.06,0.79,0.06,0,0.06,0.24,0.17,2.01,0.08,0.73,0.49,0.24,67,0.98,0,0.98,0.67,0.85,0.82,1.95,2.13,21.24,11.66,0.03,8.49,38.75,12.82,5.92,2.56,3.42,67,2.6,3.42,1.59,33,1.28,56,1.53,0,17.09,18.37,6.1,5.25,1.95,40.72,4.88,29,2.56,49,0.12,0,0.06,39.86,77,2.56,12,57,2.38,4.09,15,68,-9,49.81,4.64,0.43,0.51,30.4,97,4.9,7.75,0.73,0.61,0.12,0.18,1.4,2.01,0.06,8,0.06,50,0.24,25,66,9,31,65,5,20.13,15.51,0.96,101,-4.63,19.3,15.66,0,0,0,0,0,,0,0,,0,0,0,0,0,0,25,9,4.64,33,-0.02,0.1,0.08,-0.03,,0.13
Mateo Argüello Santoro,Cerro,Primera División,2026,483,Right Wing Back,Uruguay,24,09/07/02,0,0,0.01,0.01,0.75,0,0,1,,0,0,0.04,0.56,0,0.04,0.56,0,0,0,0,0.05,1.3,-0.05,0.56,0.56,0,100,0.37,0,1.49,0.37,0.75,0.63,2.24,1.87,10.06,5.78,0.01,3.54,34.43,8.2,4.29,1.49,2.24,62,1.12,1.74,1.12,17,0.93,36,0.75,0.19,7.64,6.63,2.61,2.24,0.93,42.08,2.98,39,1.68,75,0.37,0,0,31.5,62,2.05,18,39,2.61,4.85,14,41,-21,52.75,5.96,0.17,0.21,24.41,95,3.6,6.52,1.12,0.37,0.75,0,0.19,0.56,0,33,0.37,29,0,42,50,8,46,46,9,19.39,14.66,0.96,101,-4.73,18.64,14.84,0,0,0,0,0,,0,0,,0,0,0,0,0,0,36,8,3.69,27,0.15,0.03,0.08,-0.02,,0.23
Mateo Caballero,Defensor Sporting,Primera División,2026,826,Right Centre Back,Uruguay,19,25/08/07,0,0,0.05,0.11,0.44,0,25,0,,0.03,0,0,0.22,0,0,0.22,0,0,0,0,0.05,0.65,-0.05,0.65,0.44,0.22,67,0.11,0,0.65,0.33,0.44,0.49,6.43,7.78,9.37,3.7,0.08,4.47,23.5,10.24,1.96,0.98,1.42,75,1.08,1.57,1.2,50,0.33,70,1.74,0.11,7.19,7.86,2.94,0.98,0.44,28.62,1.2,17,0.44,44,0.22,0,0,41.84,74,3.7,9,43,7.41,7.63,8,34,-40,34.52,3.6,0.35,0.35,32.25,98,6.04,3.16,0,0,0,0,0.44,0.44,0,,0,,0,36,60,3,59,38,3,25.59,24.74,0.9,83,-0.84,22.91,20.41,0,0,0,0,0,,0,0,,0,0,0,0,0,0,25,7,4.19,24,0.06,0.05,0.11,-0.05,,0.17
Mateo Izaguirre,CA Juventud,Primera División,2026,695,Right Defensive Midfielder,Uruguay,23,23/05/03,0.13,0.13,0.04,0.03,1.3,10,20,2,,0.11,0.26,0.07,1.17,0.26,0.07,1.17,0,0,0,0.39,0.11,2.46,0.28,1.04,0.39,0.65,38,1.17,0,1.55,1.81,0.65,0.78,1.68,1.89,14.76,6.86,0.01,3.89,41.81,12.3,5.57,2.07,2.72,70,2.05,2.83,1.81,22,0.91,48,1.55,0,11.14,11.86,2.85,3.89,1.17,46.68,5.18,47,2.33,60,0.52,0,0,34.06,71,2.46,11,50,2.2,4.4,21,69,-2,49.35,3.63,0.36,0.39,28.23,89,4.58,5.96,0.78,0.78,0,0,1.3,2.07,0,33,0.26,29,0.13,29,61,10,30,63,7,21.06,16.31,0.94,98,-4.75,19.73,16.03,0,0,0,0,0,,0,0,,0,0,0,0,0,0,28,8,4.44,29,0,0.08,0.01,0.03,,0.12
Mateo Levato,Wanderers,Primera División,2026,664,Centre Forward,Argentina,30,06/06/96,0.14,0,0.14,0.09,1.63,0,25,3,100,0.1,0.14,0.15,1.08,0.14,0.15,1.08,0,0,0,0.14,0.29,2.71,-0.15,1.49,0.27,1.22,18,1.08,0,2.03,4.61,0.14,0.15,1.22,0.93,18.97,7.45,0.04,5.69,59.31,5.42,4.07,0.41,0.54,100,0.46,0.6,1.76,,0,44,4.74,0,16.8,14.84,5.29,4.47,1.63,63.09,12.74,76,3.66,82,0.27,0,0,16.94,53,0.27,11,20,1.76,0.81,51,47,-6,61.05,0.95,0.37,0.55,12.47,75,4.73,4.61,0.68,0.68,0,0.27,5.42,6.1,0.27,0,0.14,20,0.68,25,61,14,24,62,15,16.36,15.39,0.92,95,-0.97,15.13,14.67,0,0,0,0,0,,0,0,,0,0,0,0,0,0,48,8,3.6,24,0.01,0,0.06,-0.04,,0.02
Mateo Monserrat,Cerro Largo,Primera División,2026,314,Left Back,Argentina,21,30/01/05,0,0,0.05,0.09,0.57,0,0,0,,0,0,0,0,0,0,0,0,0,0,0,0.05,0.57,-0.05,1.15,0.86,0.29,75,0.29,0,0.86,1.44,1.15,0.98,4.88,4.23,22.1,11.19,0.04,7.46,30.61,8.9,3.16,2.87,4.02,71,2.37,3.35,3.16,56,1.15,71,1.44,0,16.07,14.51,4.88,4.02,2.01,36.48,4.02,25,2.58,64,0.86,0,0,33.58,74,1.44,71,33,5.45,3.73,13,58,-16,46.56,2.58,0.08,0.12,27.27,93,4.06,4.59,0,0,0,0,1.72,1.72,0,,0,0,0,28,66,6,38,50,13,18.1,13.53,0.9,95,-4.57,16.33,12.83,0,0,0,0,0,,0,0,,0,0,0,0,0,0,27,11,2.41,22,-0.02,0.04,-0.19,-0.05,,-0.22
Mateo Peralta,Danubio,Primera División,2026,2217,Centre Attacking Midfielder,Uruguay,20,07/04/06,0.16,0.16,0.08,0.04,1.95,8,25,2,,0.06,0,0.08,1.38,0,0.05,0.93,0,0.03,0.45,0.16,0.16,3.33,0.01,1.95,1.02,0.93,52,1.66,0.04,2.4,3.05,0.73,0.69,0.57,0.58,16,6.58,0,4.75,49.94,9.87,5.72,1.71,2.44,66,1.73,2.43,0.81,34,0.89,30,0.61,0,13.48,13.85,3.78,4.51,1.26,52.4,7.31,54,3.17,70,0.12,0,0,37.43,74,3.9,15,56,1.18,6.37,15,70,-4,56.79,6.01,0.33,0.36,34.88,90,5.35,11.57,1.5,0.85,0.65,0.08,0.97,1.83,0.12,16,0.45,33,0.16,25,61,14,27,64,10,21.07,17.63,0.93,94,-3.44,19.66,16.61,0,0,0,0,0,,0,0,,0,0,0,0,0,0,26,8,5.12,40,0.04,0.11,0.01,-0.04,,0.13
Mateo Rinaldi,Danubio,Primera División,2026,1041,Left Centre Back,Argentina,26,03/04/00,0,0,0.08,0.16,0.52,0,17,0,,0.01,0,0.01,0.09,0,0.01,0.09,0,0,0,0,0.1,0.61,-0.1,0,0,0,,0.35,0,0.09,0.35,0.43,0.39,6.22,5.66,11.5,5.88,0.04,8.39,22.04,12.71,2.16,1.99,2.42,72,2.07,2.45,0.43,53,0.78,57,2.59,0,9.16,8.35,4.84,2.07,1.47,25.92,0.86,9,0.35,17,0.17,0.09,0,31.47,71,2.33,17,40,7.18,4.84,16,50,-21,35.06,1.56,0.18,0.27,19.45,98,4.6,1.73,0.09,0.09,0,0,1.21,1.3,0,100,0.09,33,0,37,59,4,50,50,0,23.15,23.27,0.88,72,0.12,20.44,16.65,0,0,0,0,0,,0,0,,0,0,0,0,0,0,32,8,1.75,15,0.03,0.04,0.03,-0.04,,0.06
Mateo Rivero,Boston River,Primera División,2026,1422,Right Centre Back,Uruguay,22,21/09/04,0.06,0.06,0.02,0.11,0.19,33,33,0,,0.04,0.06,0.04,0.25,0.06,0.04,0.19,0,0,0.06,0.13,0.06,0.44,0.07,0.63,0.51,0.13,80,0.44,0,0.51,0.44,0.76,0.87,5.7,6.19,8.99,5.06,0.06,5.25,23.92,9.69,1.46,1.14,1.9,82,1.27,2.15,0.51,43,0.25,59,1.71,0,7.34,7.87,3.17,1.77,1.08,31.99,1.46,20,0.82,46,0.25,0,0,49.95,85,6.58,11,65,6.52,9.31,9,74,-11,34.21,4.05,0.42,0.44,41.91,98,5.23,4.24,0.25,0.19,0.06,0.06,0.57,0.76,0.06,25,0.06,100,0.06,31,67,1,40,58,1,26.04,25.05,0.93,82,-1,24.34,20.52,0,0,0,0,0,,0,0,,0,0,0,0,0,0,20,9,3.25,27,0.12,0.07,0.22,0,,0.41
Mateo Urrutia,Central Español,Primera División,2026,460,Right Centre Back,Uruguay,23,01/06/03,0,0,0,,0,,,0,,0,0.2,0.02,0.39,0.2,0.02,0.39,0,0,0,0.2,0.02,0.39,0.18,0,0,0,,0.98,0,0.2,0.39,0.98,0.43,4.7,2.87,10.37,5.09,0.03,4.3,20.66,6.46,0.98,1.37,2.35,70,1.02,1.45,0.78,25,0.59,56,1.76,0,8.22,5.1,1.96,1.37,0.39,24.5,0.59,7,0.59,43,0.39,0,0,25.05,68,1.37,48,25,5.67,4.5,17,61,-8,32.01,0.59,0.1,0.11,17.22,97,3.76,1.37,0.2,0.2,0,0,0,0.2,0,100,0.2,100,0,32,65,4,14,71,14,25.1,21.45,0.81,89,-3.66,20.4,18.99,0,0,0,0,0,,0,0,,0,0,0,0,0,0,29,5,1,12,0.01,0.02,0.03,,,0.05
Mathías Nicolás Bernatene Carle,Liverpool,Primera División,2026,939,Goalkeeper,Uruguay,26,23/07/00,0,0,0,,0,,,0,,0,0,0,0.1,0,0,0.1,0,0,0,0,0,0.1,0,0,0,0,,0.1,0,0,0,0,0,0,0,0,0,0,4.41,2.38,4.12,0,0,0,,0,0,0,,0,,0,0,0,0,0,0,0,,0,,0,,0.1,0,0,11.21,77,5.65,21,57,0.86,9.1,5,30,-47,10.54,0.96,0.04,0.04,10.45,100,5.5,0.58,0,0,0,0,0,0,0,,0,,0,39,60,1,83,17,0,39.44,48.37,0.81,64,8.93,31.76,30.74,0.38,0.8,0.42,84,67,17,0.55,2.4,36,6.71,1.74,0,0,18.09,-1,20,4,0.7,4,0.05,0.09,,,0.41,0.55
Matteo Tiziano Copelotti Clara,Progreso,Primera División,2026,1080,Centre Forward,Uruguay,22,15/02/04,0.25,0.25,0.22,0.12,1.83,14,41,4,0,0.22,0,0.05,0.58,0,0.04,0.5,0,0.01,0.08,0.25,0.28,2.42,-0.03,0.58,0.33,0.25,57,1.42,0,1,2.58,0.25,0.21,0.42,0.29,15.08,5.17,0,3.67,63.27,3.75,2.5,0.42,0.67,63,0.16,0.37,1.33,40,0.25,38,3.75,0,13.33,8.8,3.42,3.08,1.08,66.22,11.25,84,2.83,92,0.17,0,0,15.59,58,0.67,9,67,0.5,0.92,30,41,-17,58.72,1.25,0.35,0.45,11.67,79,3.56,4,0.58,0.5,0.08,0.17,4.25,4.75,0.08,14,0.08,50,0.25,22,58,20,17,69,15,15.41,12.12,1.06,109,-3.29,16.41,13.22,0,0,0,0,0,,0,0,,0,0,0,0,0,0,40,7,2.23,15,-0.05,0,-0.01,0,,-0.07
Matías Arezo,Peñarol,Primera División,2026,1884,Centre Forward,Uruguay,24,20/11/02,0.43,0.38,0.37,0.1,3.92,10,38,7,100,0.39,0.05,0.1,1.34,0.05,0.1,1.29,0,0,0.05,0.43,0.47,5.25,-0.04,1.48,0.76,0.72,52,0.53,0,0.91,2.72,0.1,0.12,0.48,0.66,14.9,6.45,0,3.82,68.49,4.01,3.15,0.76,0.86,55,0.94,1.06,1.1,19,0.62,36,1.43,0,13.04,14.26,3.15,4.16,0.96,71.16,11.23,86,3.58,86,0.14,0,0.05,19.59,67,1.24,15,68,0.86,1.43,25,63,-4,62.31,2.15,0.36,0.65,18.34,85,4.76,7.17,0.76,0.76,0,0.33,6.5,7.26,0.05,13,0.1,13,0.53,13,72,15,14,77,9,16.09,14.53,1.03,108,-1.55,16.63,15.76,0,0,0,0,0,,0,0,,0,0,0,0,0,0,31,9,3.94,23,-0.04,0.04,0.01,-0.01,,-0.01
Matías Espíndola,Deportivo Maldonado,Primera División,2026,1621,Right Centre Midfielder,Argentina,23,25/11/03,0.11,0.11,0.08,0.04,2.11,5,24,2,,0.12,0.22,0.12,1.5,0.17,0.1,1.17,0.06,0.02,0.33,0.33,0.2,3.61,0.14,2.66,1.78,0.89,67,1.55,0,4.16,2.78,0.56,0.55,0.56,0.58,14.32,6.27,0.01,4.61,49.71,9.16,4.33,1.28,1.83,68,1.38,1.92,0.83,23,0.61,26,0.33,0,12.21,12.21,3.83,3.5,1.22,51.84,6.16,50,2.39,68,0.28,0,0,37.8,75,3,11,61,0.89,4.55,16,80,4,59.53,8.05,0.33,0.42,40.8,87,6.65,13.71,1.94,1.39,0.56,0.06,1.33,2.72,0.06,26,0.56,38,0.11,23,67,10,26,70,4,19.93,17.97,0.97,103,-1.97,19.38,18.51,0,0,0,0,0,,0,0,,0,0,0,0,0,0,24,8,6.92,43,0.1,0.1,0.02,-0.03,,0.18
Matías Fracchia,Cerro Largo,Primera División,2026,1444,Left Centre Back,Chile,31,20/09/95,0,0,0.02,0.02,0.75,0,25,0,,0,0,0.02,0.25,0,0.02,0.25,0,0,0,0,0.04,1,-0.04,0.37,0.25,0.12,67,0.5,0,0.31,0.25,1.93,2.11,6.86,7.63,8.6,4.86,0.07,5.42,24.22,11.72,1.62,1.18,3.12,68,1.31,3.43,0.69,54,0.56,63,2.49,0.19,6.8,7.17,2.68,1,0.5,29.37,0.87,13,0.12,13,0.19,0,0,41.46,76,6.11,86,51,8.79,10.04,15,64,-12,36,3.3,0.2,0.24,29.05,99,4.67,3.43,0.25,0.25,0,0,0.44,0.69,0,50,0.12,25,0.06,35,61,4,58,38,4,27.48,26.89,0.88,89,-0.59,24.09,23.86,0,0,0,0,0,,0,0,,0,0,0,0,0,0,21,8,2.76,27,0.06,0.05,0.03,-0.03,,0.11
Matías González,Central Español,Primera División,2026,453,Right Centre Back,Uruguay,24,28/11/02,0,0,0.02,0.04,0.4,0,0,0,,0,0,0.01,0.2,0,0.01,0.2,0,0,0,0,0.03,0.6,-0.03,0,0,0,,0.2,0,0.2,0.79,0.99,0.95,3.97,3.48,17.66,6.55,0.06,7.74,27.43,11.31,2.18,3.18,4.17,62,2.97,3.92,1.19,17,1.98,53,1.79,0,13.3,12.19,5.95,2.38,1.19,31.92,2.38,18,1.19,50,0.2,0,0,38.5,68,3.37,7,41,5.36,6.75,12,48,-20,42.92,3.37,0.08,0.1,26,98,3.18,4.37,0,0,0,0,1.19,1.19,0,,0,0,0,33,57,10,27,64,9,22.98,21.84,0.88,78,-1.14,20.29,17.1,0,0,0,0,0,,0,0,,0,0,0,0,0,0,30,8,1.69,18,0.03,0.04,0.21,-0.03,,0.26
Matías Ocampo,Cerro,Primera División,2026,588,Left Midfielder,Uruguay,24,13/03/02,0.15,0.15,0.09,0.09,1.07,14,29,2,,0.12,0,0.06,1.07,0,0.06,1.07,0,0,0,0.15,0.15,2.14,0,1.99,1.23,0.77,62,2.91,0,2.6,4.14,0.46,0.23,1.07,0.63,21.29,9.96,0,7.2,51.32,6.43,2.91,2.3,2.76,68,1.44,1.67,2.76,30,1.07,30,0.46,0,16.24,10.9,5.51,3.52,0.77,53.45,8.89,55,2.91,83,0.31,0,0,20.37,73,0.31,20,40,1.23,0.61,22,70,-3,60.46,1.69,0.27,0.29,26.66,79,6.04,6.59,0.61,0.61,0,0.15,2.45,3.06,0,75,0.61,33,0.77,7,70,23,5,67,28,15.65,13.6,0.96,110,-2.05,15.01,15.02,0,0,0,0,0,,0,0,,0,0,0,0,0,0,28,9,3.16,28,-0.04,0.05,0.02,0.02,,0.05
Matías de los Santos,Albion,Primera División,2026,988,Right Centre Back,Uruguay,34,21/11/92,0,0,0.05,0.08,0.73,0,38,0,,0.07,0,0,0.18,0,0,0.18,0,0,0,0,0.06,0.91,-0.06,0.18,0.18,0,100,0.18,0,0.09,0.36,0.82,0.83,6.01,6.85,5.28,2.92,0.04,3.55,22.16,11.21,2.55,1,1.82,73,1.17,2,0.18,56,0.36,75,3.01,0,4.1,4.82,1.91,1,0.55,28.01,0.18,4,0.09,9,0.18,0,0,56.12,85,5.28,6,59,6.56,8.38,7,66,-19,36.47,3.83,0.3,0.32,44.91,99,4.23,4.1,0.18,0.09,0.09,0.09,1.18,1.28,0,50,0.18,100,0.18,26,71,3,49,49,2,23.01,19.21,0.94,96,-3.8,21.66,18.43,0,0,0,0,0,,0,0,,0,0,0,0,0,0,19,8,2.83,21,0.03,0.06,0.06,-0.01,,0.14
Mauricio Amaro,Defensor Sporting,Primera División,2026,1928,Right Defensive Midfielder,Uruguay,21,18/07/05,0,0,0.05,0.03,1.59,0,12,1,,0.01,0.05,0.02,0.65,0.05,0.02,0.65,0,0,0,0.05,0.07,2.24,-0.03,0.79,0.56,0.23,71,1.31,0,0.79,1.59,2.15,2.3,2.43,2.55,22.87,11.25,0.01,8.17,40.69,14.93,7.33,2.66,4.81,69,2.9,5.2,1.21,30,1.21,59,1.68,0,18.99,21.15,6.63,4.71,1.73,41.82,6.3,33,2.66,56,0.33,0,0,45.13,79,3.73,18,63,3.36,5.04,22,71,-7,47.99,5.74,0.38,0.4,36.26,94,5.74,8.17,0.42,0.37,0.05,0.05,1.49,1.87,0,11,0.14,27,0.09,21,70,9,22,74,4,21.3,19.97,0.98,103,-1.33,20.89,20.47,0,0,0,0,0,,0,0,,0,0,0,0,0,0,21,7,5.3,35,-0.02,0.12,0.05,-0.06,,0.09
Mauricio Lemos,Peñarol,Primera División,2026,1183,Left Centre Back,Uruguay,31,27/12/95,0,0,0.04,0.04,0.84,0,9,0,,0,0,0.03,0.3,0,0.03,0.3,0,0,0,0,0.07,1.14,-0.07,0.3,0.3,0,100,0.99,0,0.08,0.08,0.99,1.15,3.73,4.35,7.15,3.57,0.09,4.56,26.45,12.4,2.05,1.06,2.05,74,1.22,2.37,0.91,73,0.38,65,2.59,0.08,5.17,6.12,2.59,0.46,0.08,30.71,0.91,18,0.3,67,0.23,0.08,0,44.72,81,5.55,12,60,5.02,7.99,15,67,-13,35.63,2.74,0.33,0.34,32.24,100,5.12,3.04,0.15,0.15,0,0.15,1.75,1.9,0,0,0,0,0.15,28,70,2,43,57,0,24.52,22.73,0.94,94,-1.79,23.05,21.41,0,0,0,0,0,,0,0,,0,0,0,0,0,0,22,7,3.16,19,0.08,0.06,0.02,-0.05,,0.1
Mauricio Vera,Nacional,Primera División,2026,307,Left Defensive Midfielder,Argentina,28,07/05/98,0,0,0.01,0.03,0.29,0,0,0,,0,0,0.03,0.29,0,0.03,0.29,0,0,0,0,0.04,0.59,-0.04,0.59,0.59,0,100,1.17,0,2.05,0,0.59,0.59,1.76,2.09,23.14,12.3,0,9.96,37.6,12.59,4.69,4.98,5.56,77,6.02,6.61,2.05,43,1.46,33,0.59,0,16.11,18.36,7.32,5.27,2.64,37.78,4.1,25,2.05,39,0.29,0,0,37.49,80,2.64,44,64,2.34,3.51,14,70,-10,45.45,3.51,0.41,0.41,30.46,92,6.13,6.15,0,0,0,0.29,0.88,0.88,0,,0,,0.29,22,68,9,24,71,5,20,17.31,0.99,122,-2.69,19.72,21.2,0,0,0,0,0,,0,0,,0,0,0,0,0,0,29,10,2.72,17,-0.03,0.05,0.08,-0.01,,0.09
Mauro Brasil,Danubio,Primera División,2026,545,Left Centre Back,Uruguay,27,26/04/99,0,0,0.14,0.11,1.32,0,13,0,,0.14,0,0,0.17,0,0,0.17,0,0,0,0,0.14,1.49,-0.14,0.33,0.33,0,100,0.99,0,0.33,0.33,0.33,0.31,4.46,4.67,10.41,5.12,0,6.77,27.18,16.35,3.47,1.98,2.31,63,2.1,2.41,1.16,14,1.16,75,3.47,0,7.27,7.47,4.29,0.99,0.5,31.76,1.32,18,0.17,17,0.66,0,0,44.1,77,3.63,22,47,5.62,6.61,11,53,-24,36.63,2.81,0.39,0.43,31.88,99,4.66,3.3,0.17,0.17,0,0,2.97,3.14,0,0,0,,0,34,61,5,70,30,0,23.13,24.44,0.91,99,1.31,21.07,24.08,0,0,0,0,0,,0,0,,0,0,0,0,0,0,26,8,2.68,18,0.01,0.07,-0.05,-0.12,,-0.08
Mauro Goicoechea,Danubio,Primera División,2026,2545,Goalkeeper,Uruguay,38,26/03/88,0,0,0,,0,,,0,,0,0,0,0,0,0,0,0,0,0,0,0,0,0,0.04,0.04,0,100,0.14,0,0,0,0,0,0,0,0.07,0.11,0,6.36,2.54,4.38,0,0,0,0,0,0,0,33,0.11,,0,0.04,0.07,0.08,0.07,0,0,5.77,0,0,0,,0,0,0,15.91,67,6.68,16,45,1.77,13.08,9,58,-9,10.59,0.42,0.06,0.06,14.36,100,5.7,0.04,0,0,0,0,0,0,0,,0,,0,54,46,0,0,100,0,41.61,44.33,0.78,90,2.72,32.59,40.04,0.99,1.01,0.02,71,71,1,0.97,3.47,33,10.5,1.89,0.11,0.11,17.1,-1,32,3,0.86,7,0.06,0.07,,,0,0.13
Mauro Joaquín Martin Colmán,Progreso,Primera División,2026,1463,Right Back,Uruguay,27,28/07/99,0.06,0.06,0.04,0.05,0.92,7,27,1,,0.01,0,0.01,0.18,0,0,0.06,0,0,0.12,0.06,0.05,1.11,0.01,0.49,0.31,0.18,63,0.98,0,0.92,1.05,1.6,1.03,3.94,2.41,16.3,7.5,0.03,7.75,32.03,10.15,2.4,2.4,4,70,1.7,2.73,1.66,39,1.05,56,1.66,0.06,12.24,8.71,5.17,2.71,1.35,38.63,3.75,31,1.78,66,0.25,0.06,0,26.51,65,1.48,15,26,4.74,4.86,12,51,-14,46.46,3.69,0.16,0.18,18.58,90,5.54,4.74,0.8,0.18,0.62,0.12,1.85,2.03,0,23,0.31,24,0.12,40,53,7,39,53,8,23.68,22.33,0.83,88,-1.35,19.77,19.65,0,0,0,0,0,,0,0,,0,0,0,0,0,0,35,10,2.01,17,0.1,0.04,0.05,-0.05,,0.14
Maxi Gómez,Nacional,Primera División,2026,1889,Centre Forward,Uruguay,30,13/08/96,0.62,0.38,0.33,0.11,2.86,13,37,4,100,0.38,0.14,0.17,1.29,0.14,0.17,1.29,0,0,0,0.52,0.5,4.14,0.03,1.24,0.67,0.57,54,2.57,0.05,2.67,2.38,0.19,0.27,0.71,0.81,10.24,3.67,0.02,2.95,65.99,3.95,3.33,0.29,0.48,55,0.42,0.68,1.52,20,0.24,59,3.76,0,8.43,10.12,2.29,2.14,0.62,70.4,7.34,87,2.05,96,0.33,0,0.05,20.67,58,0.86,10,43,0.95,1.76,28,53,-5,66.17,1.86,0.54,0.8,20.96,80,4.44,7.91,0.86,0.86,0,0.38,6.96,7.81,0.05,11,0.14,12,0.91,16,73,11,13,77,10,17.56,13.69,0.95,98,-3.87,16.63,13.45,0,0,0,0,0,,0,0,,0,0,0,0,0,0,37,10,4.03,25,-0.02,0.05,0.02,0,,0.05
Maximiliano Añasco,Cerro Largo,Primera División,2026,1026,Left Midfielder,Uruguay,25,03/05/01,0.09,0.09,0.12,0.08,1.49,6,24,2,,0.12,0.18,0.15,1.14,0.18,0.14,1.05,0,0.01,0.09,0.26,0.27,2.63,0,1.23,0.35,0.88,29,3.42,0,2.02,2.81,0.44,0.53,0.61,0.7,18.95,8.42,0,5.88,53.25,7.46,3.33,1.4,1.84,57,1.34,1.87,0.7,14,1.05,29,0.35,0,16.84,17.03,5.18,4.74,1.75,53.76,9.65,57,3.77,80,0.09,0,0,28.33,70,1.23,67,35,1.14,2.98,19,73,3,60.68,3.42,0.28,0.4,29.12,88,5.81,9.82,1.05,0.96,0.09,0.44,3.95,4.91,0.09,25,0.53,29,0.53,17,65,18,21,64,14,17.81,15.41,0.88,102,-2.41,15.66,15.76,0,0,0,0,0,,0,0,,0,0,0,0,0,0,35,13,3.96,38,0.05,0.1,0.02,-0.04,,0.14
Maximiliano González,Deportivo Maldonado,Primera División,2026,2226,Centre Defensive Midfielder,Argentina,22,03/05/04,0.04,0.04,0.03,0.04,0.77,5,11,1,,0.01,0.08,0.02,0.69,0.08,0.02,0.69,0,0,0,0.12,0.06,1.46,0.07,0.81,0.53,0.28,65,2.39,0,1.21,1.37,1.33,1.43,2.3,2.59,19.33,9.3,0.04,7.84,37.85,14.52,5.86,2.43,3.76,74,2.63,4.06,1.86,40,0.85,64,1.66,0,15.12,17.07,5.62,4.21,1.62,40.48,4.21,28,1.9,45,0.4,0.04,0,42.05,81,2.79,18,68,2.67,3.76,17,76,-5,48.72,5.01,0.31,0.34,33.6,93,4.46,8.49,0.36,0.36,0,0.04,0.89,1.25,0.08,0,0,0,0.08,24,69,7,28,68,4,19.2,17.49,0.98,97,-1.72,18.79,17.04,0,0,0,0,0,,0,0,,0,0,0,0,0,0,22,8,5.3,32,0.01,0.09,0.04,-0.03,,0.1
Maximiliano Juambeltz Fernández,Progreso,Primera División,2026,446,Centre Forward,Uruguay,24,08/06/02,0,0,0.2,0.17,1.21,0,17,2,,0.08,0,0.05,0.81,0,0.05,0.81,0,0,0,0,0.26,2.02,-0.26,0.2,0.2,0,100,0.4,0,1.81,2.62,0.2,0.04,0.2,0.18,12.5,4.03,0.03,3.23,60.62,2.42,1.41,0.2,0.4,50,0.04,0.08,1.01,0,0.2,40,2.82,0,11.29,6.49,3.02,2.22,0.4,61.73,8.06,71,2.02,91,0.2,0,0,14.92,59,0.81,3,67,0.4,1.01,24,42,-17,59.01,0.81,0.22,0.36,13.51,76,5.1,3.43,0.4,0.4,0,0.2,3.63,4.03,0.2,50,0.2,33,0.4,21,63,16,24,59,18,16.74,15.08,0.97,109,-1.66,16.18,16.45,0,0,0,0,0,,0,0,,0,0,0,0,0,0,39,8,2.2,19,-0.03,-0.05,-0.02,-0.01,,-0.1
Maximiliano Olivera,Peñarol,Primera División,2026,935,Left Back,Uruguay,34,04/03/92,0.29,0.29,0.06,0.08,0.77,38,50,0,,0.18,0,0.03,0.67,0,0.03,0.58,0,0,0.1,0.29,0.09,1.44,0.2,0.39,0.29,0.1,75,0.67,0,0.67,0.39,0.67,0.72,2.41,2.95,9.14,5.01,0.01,4.24,33.39,14.25,3.66,1.54,2.21,76,1.95,2.67,0.87,55,0.48,71,1.44,0,6.74,7.89,3.27,2.12,1.25,37.23,2.12,31,1.35,64,0.29,0.1,0.1,51.88,76,7.12,89,52,4.43,11.55,12,58,-18,43.35,6.06,0.26,0.31,40.43,98,3.97,8.76,0.77,0.58,0.19,0.1,1.83,2.41,0,13,0.1,8,0.1,30,66,4,33,62,5,25.5,25.73,0.91,83,0.22,23.2,21.47,0,0,0,0,0,,0,0,,0,0,0,0,0,0,29,9,4.59,30,0.13,0.08,-0.04,0.01,,0.17
Maximiliano Silvera,Nacional,Primera División,2026,1077,Centre Attacking Midfielder,Uruguay,29,04/09/97,0.25,0.25,0.26,0.13,2.01,13,25,4,,0.25,0.08,0.08,1.09,0.08,0.08,1.09,0,0,0,0.33,0.34,3.09,-0.01,1.17,0.67,0.5,57,2.01,0,2.01,2.26,0.25,0.35,0.5,0.68,22.31,10.28,0.02,6.77,58.43,6.18,3.76,1.42,1.67,68,1.98,2.33,1.5,33,0.67,36,1.34,0,19.39,23.36,6.1,5.85,2.09,61.04,13.12,68,4.43,76,0.17,0,0,20.39,69,1.34,10,67,1.25,1.25,24,59,-10,61.83,2.17,0.48,0.6,19.55,83,4.5,7.94,0.67,0.67,0,0.58,5.6,6.27,0,13,0.08,14,0.84,18,70,13,15,67,18,17.09,17.69,1.04,127,0.6,17.85,22.49,0,0,0,0,0,,0,0,,0,0,0,0,0,0,28,5,3.71,25,-0.05,0.04,-0.08,-0.01,,-0.11
Miguel Alejandro Villoldo Rueda,Central Español,Primera División,2026,2246,Left Centre Back,Uruguay,37,07/08/89,0,0,0,0.03,0.16,0,0,0,,0,0,0.02,0.24,0,0.01,0.2,0,0.01,0.04,0,0.02,0.4,-0.02,0.08,0.08,0,100,0.8,0,0.08,0.08,0.72,0.45,4.53,2.39,7.49,4.17,0.04,4.53,21.13,9.38,1.12,1,1.72,74,0.69,1.14,0.4,38,0.36,46,0.88,0,6.09,3.61,2.85,0.84,0.4,26.08,0.56,9,0.2,24,0.4,0.04,0,26.09,68,5.13,92,46,5.65,10.02,9,52,-16,31.21,2.52,0.11,0.11,19,99,4.68,2,0.2,0.08,0.12,0,0.12,0.2,0,20,0.08,40,0,42,54,5,36,62,2,32.06,34.79,0.86,90,2.73,27.64,31.22,0,0,0,0,0,,0,0,,0,0,0,0,0,0,34,7,1.52,14,0.07,0.04,0.02,-0.01,,0.13
Máximo David Alonso Fontes,Central Español,Primera División,2026,842,Right Midfielder,Uruguay,24,04/07/02,0.21,0.21,0.11,0.06,1.71,13,25,4,,0.16,0,0.06,0.53,0,0.06,0.53,0,0,0,0.21,0.16,2.24,0.05,4.91,2.88,2.03,59,2.46,0.11,3.53,5.56,0.11,0.04,0.32,0.15,20.83,8.12,0.01,5.13,46.4,7.8,4.49,1.6,1.71,75,0.74,0.78,1.18,17,0.53,33,0.75,0,18.05,7.69,4.17,4.06,1.28,47.09,7.37,41,3.1,76,0.21,0,0,17.2,66,0.43,78,33,0.53,1.07,28,60,-6,60.97,2.88,0.18,0.28,26.49,78,8.14,6.2,0.32,0.32,0,0.11,3.42,3.74,0,33,0.11,11,0.21,21,68,11,17,67,16,17.15,14.31,0.95,101,-2.84,16.23,14.48,0,0,0,0,0,,0,0,,0,0,0,0,0,0,33,9,2.29,17,-0.03,0.16,0.01,-0.02,,0.11
Nahuel Arena,Cerro,Primera División,2026,681,Right Centre Back,Argentina,28,01/06/98,0.13,0.13,0.13,0.34,0.4,33,33,0,,0.13,0,0.01,0.13,0,0.01,0.13,0,0,0,0.13,0.14,0.53,-0.01,0.4,0.26,0.13,67,0.66,0,0.13,0.4,0.79,0.43,5.55,3.08,12.02,5.15,0.08,7.66,22.08,9.24,1.32,3.17,3.96,92,1.85,2.28,0.66,83,0.26,78,1.85,0.26,8.19,4.94,5.15,1.98,1.32,29.46,1.58,19,0.66,33,0.4,0,0,23.51,75,1.45,12,31,6.21,3.96,19,70,-5,30.6,0.79,0.21,0.21,17.83,97,4.87,0.79,0,0,0,0,0.53,0.53,0,,0,,0,40,57,4,50,50,0,23.54,19.14,0.87,103,-4.4,20.55,19.66,0,0,0,0,0,,0,0,,0,0,0,0,0,0,30,12,1.25,16,0.04,0.06,0.18,0.1,,0.38
Nahuel Da Silva,Torque,Primera División,2026,912,Centre Forward,Uruguay,21,08/04/05,0.39,0.3,0.51,0.14,3.65,8,27,7,100,0.32,0,0.08,0.99,0,0.08,0.89,0,0,0.1,0.3,0.59,4.64,-0.29,1.58,0.69,0.89,44,1.28,0.1,2.86,5.82,0,0,0.39,0.48,17.96,5.53,0,4.15,62.25,7.01,5.53,1.58,1.58,89,1.97,1.97,2.37,80,0.2,33,1.68,0,14.11,13.71,3.55,3.85,1.48,64.22,11.45,81,2.86,74,0.39,0,0.1,16.09,61,0.59,21,55,0.69,0.79,33,57,-4,63.56,1.58,0.54,0.89,20.13,69,4.74,5.72,0.39,0.39,0,0.39,9.28,9.67,0,25,0.1,14,0.99,15,61,24,7,74,19,15.36,14.55,1.08,119,-0.81,16.54,17.36,0,0,0,0,0,,0,0,,0,0,0,0,0,0,41,12,3.63,20,-0.1,0.05,-0.01,-0.21,,-0.27
Nahuel Furtado,Wanderers,Primera División,2026,2227,Right Back,Uruguay,28,19/03/98,0,0,0.02,0.03,0.69,0,29,1,,0.04,0.08,0.07,0.89,0.08,0.07,0.89,0,0,0,0.08,0.09,1.58,-0.01,1.45,1.01,0.44,69,2.26,0,1.37,1.21,1.13,1.04,2.06,1.83,13.17,5.98,0.02,5.78,34.36,10.55,4.04,1.98,3.11,71,1.63,2.67,0.85,27,0.81,48,0.77,0.08,10.43,9.67,4.16,2.22,0.77,37.34,3.07,29,1.5,67,0.2,0,0,33.06,70,2.14,7,39,3.15,4.4,14,59,-11,53.37,5.09,0.25,0.35,29.18,93,5.67,8.24,1.45,1.13,0.32,0.08,0.93,2.06,0.04,36,0.69,30,0.24,31,58,11,39,52,8,20.48,20.79,0.9,95,0.31,18.35,19.65,0,0,0,0,0,,0,0,,0,0,0,0,0,0,31,10,4.49,27,0.14,0.08,0.03,0,,0.26
Nahuel Herrera,Peñarol,Primera División,2026,327,Left Centre Back,Uruguay,22,30/11/04,0,0,0,,0,,,0,,0,0,0,0,0,0,0,0,0,0,0,0,0,0,0,0,0,,0,0,0,0,0.83,0.83,4.95,3.5,7.7,3.85,0.11,4.68,18.86,7.7,0.55,1.1,1.93,67,0.68,1.51,0.28,100,0.55,17,0.55,0,6.33,5.51,2.48,0.28,0.28,26.94,0.28,4,0.28,100,0,0,0,27.23,74,4.13,11,50,5.5,7.7,11,75,1,33.03,2.2,0.1,0.1,17.88,100,4.04,2.48,0.28,0.28,0,0,0,0.28,0,100,0.28,100,0,37,58,5,33,56,11,27.72,29.23,0.89,72,1.51,24.6,21.08,0,0,0,0,0,,0,0,,0,0,0,0,0,0,30,13,2.34,19,0.03,0.02,0.2,,,0.25
Nicolás Agustín Paz,Progreso,Primera División,2026,434,Right Wing,Argentina,23,21/08/03,0,0,0.04,0.03,1.45,0,29,4,,0.06,0.21,0.05,0.83,0.21,0.05,0.83,0,0,0,0.21,0.09,2.28,0.12,2.07,0.83,1.24,40,1.45,0.21,1.66,2.9,0.21,0.24,0.21,0.27,21.97,9.12,0,3.73,53.92,7.46,3.94,1.24,1.45,67,1.54,1.78,3.52,25,0.62,22,1.04,0,17.21,14.39,3.11,3.94,0.62,55.03,8.91,52,3.11,79,0.41,0,0,20.32,64,1.24,13,67,0.41,1.66,12,54,-10,60.55,2.49,0.35,0.36,18.04,84,8,5.8,0.62,0.62,0,0,2.9,3.52,0,100,0.62,27,0.21,12,71,16,21,57,21,17.45,17.74,1.04,102,0.29,18.13,18.1,0,0,0,0,0,,0,0,,0,0,0,0,0,0,40,11,3.4,21,-0.07,0.2,-0.01,-0.03,,0.09
Nicolás Azambuja,Danubio,Primera División,2026,1573,Centre Forward,Uruguay,18,27/03/08,0.06,0.06,0.22,0.14,1.54,4,44,4,0,0.21,0.23,0.12,0.86,0.23,0.12,0.86,0,0,0,0.29,0.34,2.4,-0.06,1.72,0.86,0.86,50,1.77,0,3.32,4.52,0.57,0.48,0.74,0.66,24.83,8.98,0.01,5.89,63.22,4.69,3.15,0.74,1.32,62,0.77,1.25,1.66,11,0.46,31,1.6,0,22.43,22.53,5.26,5.78,1.43,64.99,17.51,78,4.86,84,0.29,0,0,15.91,64,0.29,12,31,0.97,0.69,28,60,-4,63.36,1.26,0.32,0.49,18.31,71,5.13,5.32,0.17,0.17,0,0.74,5.55,5.72,0,0,0.06,11,1.09,13,65,22,9,67,25,15.22,13.75,0.91,98,-1.47,13.91,13.48,0,0,0,0,0,,0,0,,0,0,0,0,0,0,35,7,2.91,21,-0.08,0,-0.03,-0.01,,-0.12
Nicolás Bertocchi,Cerro Largo,Primera División,2026,381,Right Defensive Midfielder,Argentina,37,08/06/89,0,0,0.02,0.08,0.24,0,0,0,0,0,0,0.02,0.94,0,0.02,0.94,0,0,0,0,0.04,1.18,-0.04,0.47,0.47,0,100,1.18,0,0.71,0,1.18,0.96,2.83,3.04,15.57,8.97,0.02,5.66,34.58,8.97,3.78,1.65,2.83,50,1.47,2.44,3.07,33,1.65,38,1.42,0,10.86,8.93,4.01,1.42,0.47,37.38,3.3,30,1.18,83,1.18,0,0,37.52,73,4.01,6,50,3.54,7.32,13,70,-4,45.94,4.48,0.1,0.1,25.96,98,4.68,5.19,0.24,0.24,0,0.24,1.42,1.65,0,0,0.24,50,0.47,26,66,8,27,73,0,23.42,17.35,0.91,98,-6.08,21.35,17.05,0,0,0,0,0,,0,0,,0,0,0,0,0,0,31,13,3.87,31,0.03,0.04,0.09,-0.09,,0.07
Nicolás Cabral,Wanderers,Primera División,2026,657,Left Centre Back,Argentina,27,08/10/99,0,0,0,,0,,,0,,0,0,0.02,0.27,0,0.02,0.27,0,0,0,0,0.02,0.27,-0.02,0.14,0.14,0,100,0.41,0,0.14,0,1.1,1.22,3.7,3.71,9.46,5.62,0.07,5.89,25.84,12.33,1.78,1.64,2.74,75,1.82,3.04,0.69,63,0.55,60,2.06,0,7.54,8.21,3.97,1.64,0.96,31.36,1.37,18,0.82,50,0.14,0,0,52.21,74,5.48,81,48,4.25,10.83,10,48,-27,35.29,3.29,0.15,0.15,38.78,100,5.1,3.56,0,0,0,0.27,0.55,0.55,0,,0.14,33,0.27,31,66,3,50,50,0,25.08,18.55,0.92,106,-6.54,23.05,19.68,0,0,0,0,0,,0,0,,0,0,0,0,0,0,23,7,2.59,16,0.05,0.06,0.1,,,0.2
Nicolás Fernández,Peñarol,Primera División,2026,1835,Left Defensive Midfielder,Uruguay,28,01/03/98,0.1,0.05,0.08,0.05,1.67,3,24,1,100,0.08,0.05,0.05,0.83,0.05,0.05,0.83,0,0,0,0.1,0.13,2.5,-0.03,1.08,0.39,0.69,36,1.08,0,1.77,2.16,0.34,0.36,1.72,1.85,22.51,10.74,0.02,9.02,44.15,15.4,7.21,2.8,3.14,68,3.39,3.75,2.31,30,1.32,60,2.75,0,17.41,20.31,6.92,5.64,2.06,46.69,7.55,43,3.68,65,0.25,0.05,0,47.13,80,2.31,14,55,2.31,3.63,17,67,-12,51.94,6.38,0.44,0.53,37.62,92,5.14,11.82,0.74,0.54,0.2,0.34,2.11,2.65,0.05,13,0.1,13,0.39,22,68,10,28,68,4,18.02,15.48,0.96,100,-2.54,17.36,15.45,0,0,0,0,0,,0,0,,0,0,0,0,0,0,23,8,6.54,36,0.08,0.05,0.03,-0.03,,0.13
Nicolás Garayalde,Liverpool,Primera División,2026,1739,Right Defensive Midfielder,Argentina,27,20/07/99,0.1,0.1,0.07,0.07,1.09,10,29,1,,0.17,0.05,0.06,0.57,0.05,0.06,0.57,0,0,0,0.16,0.14,1.66,0.02,0.57,0.47,0.1,82,1.55,0,1.4,0.83,0.72,0.82,0.93,0.92,24.79,12.94,0.02,10.15,42.74,13.66,7.14,3.73,4.45,83,4.06,4.89,1.97,60,0.78,60,1.55,0.05,19.2,20.29,7.71,4.45,2.07,44.27,6.57,34,2.74,62,0.41,0,0.05,45.76,80,1.76,19,55,1.5,2.64,17,71,-9,51.97,4.66,0.34,0.39,34.52,95,3.75,10.35,0.67,0.67,0,0.05,1.35,2.02,0,8,0.05,13,0.05,22,68,10,26,71,3,18.21,17.97,0.97,97,-0.24,17.68,17.39,0,0,0,0,0,,0,0,,0,0,0,0,0,0,21,8,3.97,26,0.01,0.09,0.04,0.04,,0.17
Nicolás Guillermo Fuica Collazzi,Deportivo Maldonado,Primera División,2026,1199,Right Centre Back,Uruguay,22,02/05/04,0.08,0.08,0.06,0.06,0.9,8,8,0,,0.07,0,0.01,0.38,0,0.01,0.38,0,0,0,0.08,0.07,1.28,0,0.23,0.23,0,100,0.53,0,0.53,0.08,0.83,0.92,5.93,7.03,12.69,5.26,0.07,6.83,24.48,9.69,1.13,2.63,3.45,90,2.9,3.82,0.68,75,0.3,77,3.08,0,9.39,9.99,4.28,2.03,1.2,28.72,1.35,14,0.9,44,0.23,0,0,38.37,80,5.33,9,61,7.36,7.36,15,66,-14,34.61,3.98,0.27,0.33,30.33,98,6.14,3.9,0.15,0.15,0,0.08,1.88,2.03,0,0,0.08,100,0.08,37,61,2,52,46,2,26.74,26.7,0.94,92,-0.04,25.17,24.46,0,0,0,0,0,,0,0,,0,0,0,0,0,0,25,9,3.46,20,0.08,0.05,0.02,-0.05,,0.09
Nicolás Lodeiro,Nacional,Primera División,2026,710,Left Centre Midfielder,Uruguay,37,20/03/89,0,0,0.09,0.05,1.9,0,33,1,,0.04,0,0.18,2.28,0,0.12,1.52,0,0.07,0.76,0,0.27,4.19,-0.27,0.76,0.13,0.63,17,2.03,0,1.9,1.78,0.89,0.66,1.14,0.98,24.48,12.94,0,7.1,46.71,11.16,6.98,1.9,2.79,63,2.33,3,1.52,36,1.14,88,0.89,0,21.06,23.55,6.22,6.85,2.03,49.34,10.02,48,4.57,67,0.13,0,0.25,46.93,71,3.04,86,44,2.16,5.96,19,65,-6,60.3,6.6,0.5,0.62,36.91,91,3.79,16.87,2.54,1.27,1.27,0.63,3.81,5.07,0,25,1.01,33,0.63,22,66,12,27,62,11,19.02,16.4,0.91,91,-2.62,17.23,14.98,0,0,0,0,0,,0,0,,0,0,0,0,0,0,31,11,8.07,50,0.13,0.04,0.03,-0.09,,0.11
Nicolás López,Nacional,Primera División,2026,500,Centre Attacking Midfielder,Uruguay,33,30/09/93,0.36,0.18,0.35,0.08,4.14,4,43,6,100,0.47,0,0.06,1.08,0,0.04,0.9,0,0.02,0.18,0.18,0.4,5.22,-0.22,2.7,1.8,0.9,67,1.44,0,3.24,2.52,0.36,0.47,0.54,0.7,8.64,3.24,0,1.62,64.42,6.48,5.04,0.72,1.08,57,0.9,1.37,0.72,25,0.54,50,0.18,0,7.2,8.78,1.26,3.96,0.72,67.98,5.58,78,3.06,77,0,0,0.18,22.32,69,1.26,90,33,1.44,2.88,19,64,-4,64.57,3.96,0.62,0.72,27.18,81,4.54,10.26,0.72,0.36,0.36,0.72,6.3,6.66,0,0,0,0,0.54,18,65,17,18,68,14,20.67,18.25,0.89,73,-2.42,18.49,13.33,0,0,0,0,0,,0,0,,0,0,0,0,0,0,26,4,6.82,38,0.05,0.11,0.02,-0.18,,0.01
Nicolás Olivera,Wanderers,Primera División,2026,1524,Left Centre Back,Uruguay,33,16/02/93,0.06,0.06,0.04,0.09,0.47,13,38,0,,0.09,0,0.03,0.3,0,0.03,0.3,0,0,0,0.06,0.08,0.77,-0.02,0,0,0,,0.3,0,0.06,0.12,1.3,1.18,4.61,3.91,10.51,5.43,0.05,4.96,24.99,9.1,1.12,1.65,2.95,72,1.48,2.66,1.3,47,0.65,68,2.01,0.06,7.56,6.08,3.37,1.12,0.35,30.4,1.24,16,0.41,37,0.3,0.06,0,28.83,72,4.73,89,47,5.79,8.98,13,57,-15,32.29,2.72,0.28,0.29,20.62,99,4.78,2.78,0.12,0.12,0,0.12,1.06,1.18,0,0,0,,0.18,40,58,3,60,38,2,28.62,26.46,0.88,98,-2.16,25.09,25.85,0,0,0,0,0,,0,0,,0,0,0,0,0,0,29,7,3.14,21,0.08,0.04,0.03,-0.02,,0.13
Nicolás Queiróz,Wanderers,Primera División,2026,2321,Left Centre Midfielder,Uruguay,30,06/05/96,0.04,0.04,0.04,0.03,1.36,3,34,1,,0.07,0,0.05,0.74,0,0.05,0.7,0,0,0.04,0.04,0.09,2.09,-0.05,1.94,1.4,0.54,72,0.58,0,1.36,1.67,0.97,0.86,1.4,1.04,17.06,8.22,0.02,6.71,43.1,11.79,5.66,1.67,2.64,63,1.42,2.28,1.16,27,0.97,55,0.62,0.08,14.23,12.95,5.08,4.57,1.51,45.74,5.43,38,2.64,58,0.12,0,0,35.16,72,2.95,12,49,2.33,5.12,15,61,-11,50.42,5.54,0.3,0.36,30.51,92,5.76,7.91,0.39,0.35,0.04,0.04,0.54,0.89,0.16,30,0.19,25,0.08,27,64,9,33,61,6,21.86,20.7,0.92,86,-1.16,20.07,17.76,0,0,0,0,0,,0,0,,0,0,0,0,0,0,28,8,4.62,31,0.05,0.08,0,0,,0.12
Nicolás Ramos,Cerro Largo,Primera División,2026,813,Left Centre Back,Uruguay,21,31/03/05,0.11,0.11,0.09,0.11,0.77,14,29,1,,0.12,0,0.01,0.11,0,0.01,0.11,0,0,0,0.11,0.09,0.89,0.02,1.66,1.33,0.33,80,0.22,0,0,0.44,1.11,0.89,5.31,4.27,13.95,7.31,0.05,7.31,26.96,11.51,2.32,1.55,2.66,67,1.35,2.24,1.11,40,0.77,65,2.21,0,11.29,10.01,4.98,2.1,1,32.23,2.1,19,0.89,42,0.33,0,0,37.97,83,2.77,24,56,6.53,3.76,18,75,-8,39.52,3.32,0.39,0.39,29.34,98,4.08,4.32,0.22,0.22,0,0.11,0.77,1,0,0,0,0,0.11,25,73,3,23,74,3,21.89,23.82,0.93,97,1.93,20.45,23.12,0,0,0,0,0,,0,0,,0,0,0,0,0,0,20,9,3.15,25,0.04,0.07,0.11,0.05,,0.26
Nicolás Rodríguez,Nacional,Primera División,2026,738,Right Back,Uruguay,35,21/07/91,0,0,0.02,0.03,0.61,0,0,0,,0,0.12,0.13,1.83,0.12,0.1,1.46,0,0.03,0.37,0.12,0.15,2.44,-0.03,1.1,0.49,0.61,44,0.49,0,0.98,0.73,1.34,2.18,3.9,4.57,11.1,4.51,0.03,5.49,34.61,11.95,4.76,1.95,3.29,73,2.55,4.72,0.85,56,0.73,71,1.83,0.12,8.41,9.55,3.41,2.44,1.1,42.16,2.8,33,1.59,65,0.12,0,0,42.19,69,6.83,26,53,5.85,10.85,14,52,-16,52.01,6.83,0.5,0.55,35.61,95,5.26,10.49,2.32,1.59,0.73,0.12,0.37,1.95,0,58,1.59,36,0.12,25,68,7,30,69,1,24.54,26.04,0.94,98,1.49,23.12,25.39,0,0,0,0,0,,0,0,,0,0,0,0,0,0,29,6,8.45,47,0.31,0.06,0.06,-0.02,,0.42
Nicolás Rossi,CA Juventud,Primera División,2026,497,Goalkeeper,Uruguay,28,15/05/98,0,0,0,,0,,,0,,0,0,0,0.18,0,0,0.18,0,0,0,0,0,0.18,0,0.18,0.18,0,100,0.36,0,0,0,0,0,0,0,0,0,0,7.43,2.46,5.25,0,0,0,,0,0,0,,0,,0,0,0,0,0,0,0,,0,,0,,0,0,0,20.65,63,9.06,23,43,3.08,17.75,12,55,-8,10.36,1.99,0.1,0.1,19.2,100,6.21,0.91,0,0,0,0,0,0,0,,0,,0,51,49,0,100,0,0,46.4,48.27,0.75,90,1.86,34.88,43.21,1.09,0.88,-0.21,70,76,-6,0.91,3.62,28,12.86,1.59,0,0,19.47,2,30,3,1.03,8,0.08,0.12,,,-0.07,0.13
Nicolás Sosa,Racing,Primera División,2026,368,Centre Forward,Uruguay,30,05/04/96,0.24,0.24,0.44,0.18,2.44,10,30,4,,0.44,0,0.28,2.2,0,0.28,2.2,0,0,0,0.24,0.72,4.64,-0.48,1.71,1.22,0.49,71,0.73,0,1.71,3.91,0,0,1.71,0.97,17.34,5.37,0,4.15,60.62,5.62,3.91,1.71,1.71,88,1.22,1.22,0.98,0,0.24,49,6.35,0,14.65,10.92,3.66,2.93,0.98,64.35,10.5,72,2.2,75,0.24,0,0,24.18,54,0.49,26,50,1.95,0.73,39,44,-10,64.18,3.18,0.34,0.84,16.36,90,4.48,7.08,0.49,0.49,0,0.98,10.5,10.99,0,0,0.24,50,2.44,17,66,17,14,72,14,13.05,12.87,1.09,118,-0.18,14.17,15.16,0,0,0,0,0,,0,0,,0,0,0,0,0,0,45,10,3.18,25,0.03,0.02,0.11,0.09,,0.25
Nicolás Wunsch,Defensor Sporting,Primera División,2026,1439,Centre Attacking Midfielder,Uruguay,23,13/06/03,0.13,0.06,0.08,0.08,1.06,6,24,1,100,0.1,0.19,0.21,2.88,0.06,0.14,2,0.13,0.07,0.88,0.25,0.29,3.94,-0.04,2,1.44,0.56,72,1.44,0,2.5,1.94,0.69,0.78,0.63,0.79,18.27,8.76,0.01,5.76,50.46,8.88,4.63,1.69,2.38,71,1.92,2.7,0.81,33,0.69,38,0.38,0,15.83,17.9,5.01,4.38,1.44,52.96,8.76,55,2.94,67,0.19,0,0,47.61,72,5.38,16,54,1.63,8.95,16,71,-2,56.38,8.07,0.44,0.57,47.17,93,5.22,14.83,4.07,2.82,1.25,0.13,2.57,5.38,0.13,18,0.88,26,0.38,20,71,9,29,61,10,22.68,18.62,0.92,92,-4.06,20.92,17.13,0,0,0,0,0,,0,0,,0,0,0,0,0,0,26,8,8.82,58,0.15,0.1,0.02,-0.06,,0.21
P.Nongoy,Cerro,Primera División,2026,747,Right Midfielder,Uruguay,23,25/11/03,0,0,0.09,0.09,0.96,0,38,1,,0.09,0,0.02,0.36,0,0.02,0.36,0,0,0,0,0.11,1.33,-0.11,0.96,0.48,0.48,50,1.57,0,1.81,1.57,0.96,0.68,0.96,0.69,19.65,8.68,0.01,6.75,48.5,7.84,4.7,1.93,2.89,73,1.47,2.15,1.09,33,0.72,20,0.36,0,16.88,11.87,4.82,4.82,1.33,50.39,8.92,53,3.86,80,0.36,0,0,26.4,67,0.96,7,40,1.45,1.93,26,52,-16,59.05,2.65,0.12,0.26,23.75,89,4.8,7.72,0.48,0.48,0,0,1.69,2.17,0,50,0.24,17,0.12,28,61,11,25,55,20,16.48,13.94,0.98,111,-2.54,16.1,15.5,0,0,0,0,0,,0,0,,0,0,0,0,0,0,29,7,2.92,21,0.02,0.05,0.03,-0.01,,0.09
Pablo Alcoba,Albion,Primera División,2026,729,Right Defensive Midfielder,Uruguay,18,09/11/08,0.12,0.12,0.01,0.03,0.37,33,33,1,,0,0,0.01,0.12,0,0.01,0.12,0,0,0,0.12,0.02,0.49,0.1,1.11,0.86,0.25,78,0.99,0,2.72,1.73,0.62,0.7,1.11,1.41,16.17,8.39,0.04,6.91,35.04,9.26,3.21,1.36,1.97,79,1.55,2.25,1.11,50,0.37,67,0.74,0,13.7,15.28,5.31,3.09,1.6,38.87,4.44,32,1.23,40,0.25,0,0,33.32,81,1.36,14,55,1.85,1.73,16,74,-7,47.05,2.96,0.29,0.3,32.95,88,5.58,4.94,0.62,0.49,0.12,0,0.49,0.99,0,0,0,,0.12,21,66,13,23,70,8,18.7,18.34,0.97,97,-0.36,18.1,17.75,0,0,0,0,0,,0,0,,0,0,0,0,0,0,17,5,3.72,26,0.01,0.06,0.05,-0.01,,0.1
Pablo Lacoste,Albion,Primera División,2026,783,Right Centre Back,Uruguay,38,14/01/88,0,0,0,,0,,,0,,0,0,0,0,0,0,0,0,0,0,0,0,0,0,0.11,0.11,0,100,0.69,0,0.11,0,0.11,0.09,5.28,5.22,5.63,2.99,0.07,3.91,17.79,7.24,0.57,0.69,0.8,86,0.81,0.9,0.8,75,0.11,69,2.3,0,4.14,3.94,2.41,1.26,0.69,21.84,0.46,11,0.23,18,0.23,0.11,0,33.09,86,1.49,29,33,6.2,3.56,14,70,-16,30.29,1.61,0.19,0.19,26.19,100,3.54,1.49,0,0,0,0,0.23,0.23,0,,0,,0,28,69,3,85,15,0,23.15,25.43,0.9,92,2.28,20.85,23.37,0,0,0,0,0,,0,0,,0,0,0,0,0,0,16,4,1.42,10,0.02,0.08,0.12,,,0.22
Pablo Lago,CA Juventud,Primera División,2026,668,Right Wing,Uruguay,20,15/11/06,0,0,0.1,0.04,2.56,0,37,3,,0.07,0.13,0.06,1.21,0.13,0.05,0.94,0,0.01,0.27,0.13,0.16,3.77,-0.03,2.56,1.21,1.35,47,2.56,0,3.5,3.64,0.27,0.38,0.54,0.67,17.66,6.87,0,5.66,53.9,6.6,3.77,0.94,1.21,39,1.22,1.6,2.29,17,1.48,33,0.54,0.13,14.56,18.46,4.58,4.72,1.89,55.03,8.76,60,3.5,74,0.54,0,0.13,30.19,58,3.1,68,49,0.67,6.2,15,54,-4,61.29,5.12,0.21,0.33,35.32,80,6.2,8.49,2.16,1.62,0.54,0,2.43,4.04,0.13,13,0.54,19,0,20,72,8,24,68,8,22.39,15.77,1.02,116,-6.63,22.74,18.25,0,0,0,0,0,,0,0,,0,0,0,0,0,0,34,5,4.22,33,-0.04,0.08,0,-0.05,,-0.01
Pablo Nicolás Fernández Sosa,Progreso,Primera División,2026,1283,Centre Attacking Midfielder,Uruguay,23,05/02/03,0.07,0.07,0.05,0.05,1.05,7,27,1,,0.08,0,0.08,1.47,0,0.05,1.05,0,0.02,0.42,0.07,0.13,2.52,-0.06,1.26,0.84,0.42,67,1.82,0.07,2.24,1.89,0.35,0.29,0.28,0.22,20.13,8.63,0.02,7.08,53.3,8.13,4.28,3.09,3.44,75,2.49,2.77,0.63,42,1.05,21,0.21,0,16.41,14.96,5.61,4.14,1.89,53.79,9.12,56,2.73,66,0.28,0,0,32.68,78,3.09,13,67,0.84,4.07,16,65,-14,58.66,5.12,0.17,0.24,31.7,90,7.05,11.85,1.75,1.05,0.7,0.49,2.03,3.09,0,16,0.42,24,0.56,18,68,14,20,70,10,19.11,16.58,0.98,106,-2.53,18.65,17.54,0,0,0,0,0,,0,0,,0,0,0,0,0,0,23,10,6.16,47,0.05,0.1,0.02,0.03,,0.2
Pablo Siles,Torque,Primera División,2026,1537,Centre Defensive Midfielder,Uruguay,29,14/07/97,0,0,0.01,0.02,0.23,0,25,0,,0,0.06,0.04,0.41,0.06,0.04,0.41,0,0,0,0.06,0.05,0.64,0.01,0.53,0.47,0.06,89,0.47,0,0.82,0.7,1.05,1.15,1.17,1.22,18.56,9.66,0.04,6.79,39.56,14.87,5.91,1.76,2.81,59,2.25,3.39,1.76,27,1.23,40,0.47,0.06,15.1,17,5.33,3.28,1.11,41.16,4.39,29,1.58,48,0.29,0,0.06,48.24,77,7.2,9,62,2.69,10.13,17,74,-3,47.35,6.85,0.48,0.48,37.82,97,4.29,9.6,0.94,0.94,0,0.06,0.12,1.05,0.23,13,0.12,40,0.12,26,68,6,31,67,2,25.62,23.04,0.94,100,-2.57,24,23.15,0,0,0,0,0,,0,0,,0,0,0,0,0,0,19,8,5.18,31,0.08,0.09,-0.06,-0.01,,0.11
Paolo Calione,Nacional,Primera División,2026,400,Right Centre Back,Uruguay,20,21/05/06,0,0,0.05,0.24,0.22,0,100,0,,0.21,0,0,0,0,0,0,0,0,0,0,0.05,0.22,-0.05,0.45,0.45,0,100,0.45,0,0,0,0.45,0.48,5.4,6.65,11.69,7.42,0.02,6.52,26.46,11.47,1.35,2.25,2.7,77,2.69,3.17,0.45,50,0.67,77,2.25,0,9,10.69,4.27,2.02,1.35,32.14,1.57,18,1.12,56,0.22,0,0,35.98,77,4.5,30,51,6.07,8.1,10,65,-12,32.29,2.25,0.31,0.31,25.19,100,5.84,2.25,0.22,0.22,0,0,0.22,0.45,0,0,0,,0,34,62,4,70,30,0,26.97,23.56,0.92,80,-3.41,24.7,18.85,0,0,0,0,0,,0,0,,0,0,0,0,0,0,28,7,3.17,18,0.02,0.04,-0.01,0.12,,0.17
Patricio Pernicone,CA Juventud,Primera División,2026,1573,Right Centre Back,Argentina,25,03/07/01,0.11,0.11,0.05,0.14,0.34,33,33,0,,0.02,0,0.01,0.34,0,0.01,0.34,0,0,0,0.11,0.06,0.69,0.05,0.11,0.11,0,100,0.63,0,0.17,0.17,0.69,0.83,5.78,7.1,10.82,4.98,0.06,5.67,23.23,7.73,0.97,2.17,2.86,95,2.72,3.55,1.03,88,0.11,53,1.32,0.06,7.84,9.63,3.15,1.2,0.17,26.57,0.86,11,0.29,24,0.4,0,0,42.86,86,4.98,11,64,7.32,6.24,12,71,-15,36.68,3.15,0.33,0.35,36.16,99,4.63,3.38,0.11,0.11,0,0,0.69,0.8,0.06,0,0,,0.06,31,66,3,46,54,0,24.36,26.84,0.94,92,2.48,22.99,24.69,0,0,0,0,0,,0,0,,0,0,0,0,0,0,15,5,3.59,26,0.04,0.05,0.06,-0.03,,0.12
Pavel Núñez,Nacional,Primera División,2026,502,Centre Forward,Uruguay,20,03/02/06,0.18,0.18,0.45,0.23,1.97,9,36,5,,0.35,0,0.16,0.72,0,0.16,0.72,0,0,0,0.18,0.61,2.69,-0.43,1.79,1.26,0.54,70,1.26,0.18,5.2,3.77,0,0,0.36,0.36,20.63,10.04,0,5.92,64.81,5.56,3.95,0.54,0.54,43,0.67,0.67,1.26,0,0.72,40,1.79,0,18.83,17.79,5.56,3.77,1.08,66.32,15.96,85,3.59,95,0,0,0,13.63,72,0.72,21,80,0.36,0.9,28,50,-22,64.82,1.26,0.54,0.8,19.37,61,5.85,5.56,0.36,0.36,0,0.54,5.74,6.1,0,50,0.18,50,0.72,13,62,25,6,65,29,15.67,13.77,1.08,98,-1.9,16.86,13.47,0,0,0,0,0,,0,0,,0,0,0,0,0,0,32,13,3.25,17,-0.01,0.05,0.05,0.11,,0.21
Pedro González,Cerro Largo,Primera División,2026,2175,Goalkeeper,Paraguay,27,20/02/99,0,0,0,,0,,,0,,0,0,0,0,0,0,0,0,0,0,0,0,0,0,0,0,0,,0.12,0,0,0,0,0,0,0,0.17,0.12,0,7.86,3.29,3.6,0,0,0,0,0,0,0.12,50,0.12,,0,0,0.04,0.03,0,0.04,0,2.95,0,0,0,0,0.08,0,0,16.14,57,5.67,6,34,2.11,14.69,11,35,-21,10.7,1.24,0.04,0.04,13.45,100,6.28,0.54,0,0,0,0,0,0,0,,0,,0,58,42,0,85,15,0,48.84,49.33,0.71,67,0.49,34.91,33.05,0.7,0.92,0.22,77,70,7,1.09,3.06,25,12.46,1.98,0.21,0.21,19.49,0,32,4,0.96,9,0.08,0.06,-0.07,,0.05,0.13
R.Tarragona,Central Español,Primera División,2026,1795,Centre Forward,Uruguay,39,05/03/87,0.3,0.15,0.1,0.07,1.5,10,43,4,100,0.22,0,0.07,0.9,0,0.07,0.9,0,0,0,0.15,0.17,2.41,-0.02,1.05,0.55,0.5,52,0.7,0,1.65,2.91,0.15,0.1,0.8,0.38,13.19,5.11,0,2.61,62.96,3.46,2.16,0.6,0.75,75,0.38,0.48,0.95,33,0.2,40,1.91,0,11.73,6.76,2.36,2.86,0.85,66.91,9.28,79,2.46,86,0.15,0,0,16.25,61,1,15,50,1.25,1.55,27,56,-5,61.07,1.55,0.24,0.33,15.24,80,4.56,4.81,0.25,0.25,0,0.25,3.71,3.96,0.05,20,0.15,20,0.5,17,64,19,15,71,15,18.87,16.87,1,95,-2,18.84,16.02,0,0,0,0,0,,0,0,,0,0,0,0,0,0,34,7,3.12,26,0,0,0.02,0.04,,0.06
Rafael Haller,Boston River,Primera División,2026,346,Right Back,Uruguay,26,16/08/00,0,0,0.04,0.03,1.04,0,75,1,,0.1,0,0,0,0,0,0,0,0,0,0,0.04,1.04,-0.04,0.78,0,0.78,0,0.26,0,0.78,1.3,1.04,1.2,2.08,2.45,9.36,4.42,0.04,6.76,31.16,10.92,4.16,1.04,2.08,67,1.22,2.42,0.78,50,0.52,86,1.56,0.26,7.54,8.74,3.9,3.12,1.3,38.07,2.34,31,1.82,58,0.26,0,0,53.29,76,4.42,11,55,2.6,7.54,11,69,-7,43.77,5.98,0.14,0.16,40.55,96,3.61,6.76,0.78,0.52,0.26,0,0.78,1.3,0,100,0.78,33,0,27,71,2,38,62,0,20.96,16.88,0.94,110,-4.07,19.69,18.55,0,0,0,0,0,,0,0,,0,0,0,0,0,0,20,6,2.5,20,0.17,0.05,0.08,-0.03,,0.27
Ramiro Brazionis,Racing,Primera División,2026,1836,Right Centre Back,Uruguay,25,14/12/01,0.05,0.05,0.05,0.1,0.44,11,22,1,,0.05,0,0.02,0.29,0,0.02,0.29,0,0,0,0.05,0.07,0.74,-0.02,0.1,0,0.1,0,0.25,0,0.2,0.25,0.59,0.42,6.32,4.9,6.62,2.99,0.08,3.78,25.98,9.9,1.72,1.27,1.86,76,1.12,1.54,0.54,65,0.39,55,1.62,0,4.8,3.94,1.96,0.59,0.25,34.9,0.93,19,0.39,67,0.2,0,0,26.23,70,3.53,13,44,6.86,7.5,10,51,-20,38.72,3.14,0.21,0.25,17.6,98,5.79,2.99,0.49,0.29,0.2,0.1,1.03,1.32,0,10,0.1,20,0.05,34,63,3,31,67,2,28.94,26.24,0.87,97,-2.7,25.3,25.39,0,0,0,0,0,,0,0,,0,0,0,0,0,0,31,8,2.45,16,0.07,0.04,0.04,-0.02,,0.13
Ramiro Cristóbal,Progreso,Primera División,2026,471,Left Defensive Midfielder,Uruguay,30,09/04/96,0,0,0.08,0.05,1.72,0,11,2,,0.02,0,0.02,0.76,0,0.02,0.76,0,0,0,0,0.1,2.48,-0.1,0.57,0.57,0,100,0.76,0,1.34,0.38,1.53,0.96,2.87,1.43,17.96,10.7,0.01,7.07,34.68,16.63,5.35,1.72,3.25,47,1.3,2.26,0.96,10,1.91,72,2.48,0,15.48,9.99,5.16,5.73,1.53,39.44,4.2,27,2.1,37,0.38,0,0,35.74,78,3.06,11,67,3.25,4.2,11,48,-30,44.81,3.82,0.34,0.39,28.86,95,4.77,6.31,0.38,0.38,0,0.19,2.29,2.68,0.38,0,0,,0.38,21,73,6,30,64,6,20.09,19.47,0.98,78,-0.62,19.69,15.11,0,0,0,0,0,,0,0,,0,0,0,0,0,0,25,10,3.82,31,0.01,0.13,0.08,-0.07,,0.15
Ramiro Lecchini,Torque,Primera División,2026,1185,Left Wing,Uruguay,19,23/07/07,0.08,0.08,0.26,0.13,2.05,4,30,3,,0.16,0.23,0.09,0.76,0.15,0.08,0.68,0.08,0,0.08,0.3,0.35,2.81,-0.05,2.51,1.29,1.21,52,0.53,0,2.58,2.73,0.23,0.3,0.38,0.46,17.77,8.35,0.02,4.86,55.36,6.38,4.48,1.14,1.37,60,1.16,1.46,1.06,38,0.76,35,0.46,0,15.64,16.45,3.8,4.63,1.44,55.83,9.34,60,3.95,85,0.23,0,0,25.21,62,1.67,10,47,0.91,3.04,21,62,0,63.15,2.35,0.28,0.47,27.56,83,5.71,8.5,1.21,1.14,0.08,0.15,3.34,4.48,0,38,0.46,20,0.3,14,70,16,7,74,19,18.43,15.73,0.94,89,-2.7,17.41,14.07,0,0,0,0,0,,0,0,,0,0,0,0,0,0,31,10,4.01,24,0.03,0.14,0.01,-0.06,,0.13
Ramiro Matías Degregorio,Liverpool,Primera División,2026,919,Left Centre Midfielder,Argentina,23,08/02/03,0.1,0.1,0.09,0.03,2.64,4,33,3,,0.07,0.29,0.24,2.06,0.29,0.21,1.57,0,0.03,0.49,0.39,0.33,4.7,0.06,3.52,2.35,1.17,67,3.33,0,4.8,4.21,0.69,0.87,0.39,0.4,19.68,7.05,0,5.48,56.15,8.81,5.09,2.25,2.94,85,2.35,3.22,1.66,43,0.39,67,0.98,0,15.76,16.58,4.7,4.99,1.57,57.7,9.99,63,3.92,78,0.49,0.1,0,33.68,72,2.25,12,44,1.08,4.41,18,68,-4,62.88,4.99,0.35,0.51,40.73,82,6.75,12.53,1.76,1.17,0.59,0.39,3.23,4.41,0.1,33,0.98,31,0.69,18,70,13,15,69,16,19.57,16.13,0.94,107,-3.45,18.38,17.26,0,0,0,0,0,,0,0,,0,0,0,0,0,0,27,7,5.96,35,0.08,0.12,0.02,-0.11,,0.1
Ramiro Peralta,CA Juventud,Primera División,2026,2045,Left Centre Midfielder,Argentina,23,21/04/03,0.26,0.18,0.1,0.05,1.8,10,41,2,100,0.19,0.09,0.14,1.23,0.09,0.14,1.14,0,0.01,0.09,0.26,0.24,3.04,0.02,1.85,1.36,0.48,74,1.14,0,2.11,1.72,0.62,0.62,0.75,0.9,16.15,7.35,0.01,5.59,49.06,8.8,4.4,0.97,1.58,59,1.18,1.8,1.32,13,0.66,36,0.57,0,13.95,16.72,4.53,4.14,1.41,50.17,7.26,52,2.99,72,0.18,0,0,41.89,78,3.26,13,54,1.63,5.1,20,75,-3,56.12,7.04,0.37,0.47,40.7,92,5.63,14.21,1.89,1.8,0.09,0.31,2.77,4.58,0.26,9,0.31,25,0.44,22,63,15,26,62,12,20.61,18.14,0.95,99,-2.47,19.61,18.05,0,0,0,0,0,,0,0,,0,0,0,0,0,0,22,8,5.01,38,0,0.1,0,0,,0.1
Renato César,Deportivo Maldonado,Primera División,2026,1854,Left Centre Forward,Uruguay,33,15/08/93,0.19,0.19,0.25,0.18,1.41,14,38,4,,0.3,0,0.09,1.17,0,0.09,1.17,0,0,0,0.19,0.33,2.57,-0.14,0.29,0.15,0.15,50,0.44,0,1.6,1.51,0.24,0.28,0.87,0.85,9.27,3.59,0,2.48,63.11,3.45,2.23,0.49,0.73,91,0.5,0.78,1.17,67,0.05,43,1.75,0,7.62,8.2,1.94,1.94,0.49,69.18,6.55,86,1.75,90,0.24,0,0,16.17,72,0.44,18,82,0.92,0.49,24,67,-5,63.4,1.6,0.27,0.51,13.98,83,4.27,6.46,0.53,0.53,0,0.24,4.9,5.44,0.1,27,0.19,44,0.68,13,71,16,13,76,11,14.58,13.83,1.05,97,-0.75,15.31,13.38,0,0,0,0,0,,0,0,,0,0,0,0,0,0,33,10,4.56,29,-0.04,0,0,0.09,,0.04
Renzo Bacchia,Progreso,Primera División,2026,398,Goalkeeper,Uruguay,27,22/01/99,0,0,0,,0,,,0,,0,0,0,0,0,0,0,0,0,0,0,0,0,0,0.23,0.23,0,100,0.23,0,0,0,0,0,0.23,0.11,0.23,0.23,0,7.01,4.52,3.62,0,0,0,,0,0,0,,0,,0,0.23,0.23,0.21,0,0,0,12.83,0,0,0,,0.23,0,0,16.28,50,6.56,5,31,1.36,19.9,5,50,0,12.08,1.13,0.08,0.08,16.28,100,7.64,0.45,0,0,0,0,0,0,0,,0,,0,68,32,0,100,0,0,52.58,50.05,0.71,78,-2.53,37.46,38.92,0.9,1.13,0.22,75,69,6,0.87,3.62,32,11.3,2.57,0,0,21.38,-5,32,1,0.84,8,0.03,0.08,0,,0.37,0.49
Renzo Machado,Liverpool,Primera División,2026,1062,Centre Forward,Uruguay,21,20/09/05,0.25,0.25,0.25,0.1,2.46,10,34,5,,0.35,0.08,0.05,0.93,0.08,0.05,0.93,0,0,0,0.34,0.3,3.39,0.04,1.27,1.02,0.25,80,1.61,0,2.29,2.63,0.34,0.25,0.59,0.38,22.46,8.14,0,5.43,63.79,5.76,3.73,1.02,1.36,63,1.05,1.3,1.02,25,0.59,35,1.78,0,20.43,17.87,4.75,6.53,1.86,65.46,15.51,76,5.59,86,0.08,0,0,17.97,67,0.76,24,75,0.93,0.68,26,67,-1,59.27,2.2,0.35,0.45,18.9,83,4.81,5.76,0.34,0.34,0,0.25,4.92,5.26,0,25,0.08,14,0.76,18,67,15,15,72,13,15.71,15.25,1.01,94,-0.46,15.86,14.38,0,0,0,0,0,,0,0,,0,0,0,0,0,0,33,13,3.56,22,-0.07,0.01,0.02,0.08,,0.04
Renzo Rabino,CA Juventud,Primera División,2026,1355,Left Back,Uruguay,29,18/12/97,0.07,0.07,0.02,0.04,0.66,10,20,1,,0.03,0.13,0.06,0.86,0.13,0.06,0.8,0,0,0.07,0.2,0.09,1.53,0.11,0.93,0.66,0.27,71,1.53,0,1.06,1.13,1.39,1.4,3.52,4.14,16.81,7.11,0.01,6.58,34.72,9.76,2.79,3.52,4.92,87,3.91,5.31,1.13,71,0.53,43,1.13,0,12.16,13.06,4.52,3.65,1.26,38.58,3.92,32,2.26,62,0.46,0,0.07,36,77,2.92,71,53,4.18,4.85,12,62,-15,48.71,5.65,0.27,0.32,31.48,94,5.21,7.44,1.06,0.8,0.27,0.27,1.79,2.59,0,19,0.53,32,0.2,33,58,9,34,54,13,20.26,18.66,0.93,96,-1.6,18.95,17.99,0,0,0,0,0,,0,0,,0,0,0,0,0,0,29,12,4.7,32,0.12,0.09,0.04,0,,0.25
Rodolfo,Central Español,Primera División,2026,2110,Goalkeeper,Brazil,35,18/03/91,0,0,0,,0,,,0,,0,0.04,0.01,0.09,0.04,0,0.04,0,0,0.04,0.04,0.01,0.09,0.04,0.09,0.04,0.04,50,0.55,0,0,0.04,0,0,0,0,0.09,0.04,0,8.1,2.65,4.44,0,0,0,0,0,0,0,0,0.04,,0,0,0.09,0.04,0.04,0,0,11.91,0,0,0,,0.21,0,0,14.97,65,7.68,76,45,0.94,16.21,7,63,-2,11.16,1.32,0.08,0.08,13.56,100,6.89,0.34,0,0,0,0,0,0,0,,0,,0,54,46,0,100,0,0,46.3,39.32,0.77,72,-6.98,35.44,28.5,0.6,0.9,0.3,83,74,9,0.98,3.41,26,13.14,1.77,0.13,0.13,16.7,2,31,3,1.22,10,0.1,0.08,-0.04,,0.28,0.42
Rodolfo Sena,Cerro,Primera División,2026,408,Left Back,Uruguay,22,03/07/04,0,0,0.05,0.06,0.88,0,25,1,,0.08,0.22,0.08,0.88,0,0.06,0.44,0.22,0.03,0.44,0.22,0.13,1.76,0.09,0.66,0.22,0.44,33,1.1,0,1.54,1.1,1.1,0.8,3.53,2.5,18.08,9.04,0,4.85,32.22,10.14,6.4,1.54,2.65,47,0.79,1.59,0.88,0,1.76,55,1.32,0,15.66,10.92,3.97,2.65,0,35.61,3.75,24,1.76,67,0.22,0,0,26.9,59,1.98,73,36,3.97,5.07,18,48,-11,55.37,4.41,0.18,0.4,21.39,92,6.42,6.84,1.98,1.32,0.66,0,1.1,2.43,0,44,0.88,33,0,30,63,8,29,61,10,22.03,16.67,0.87,114,-5.36,19.17,18.98,0,0,0,0,0,,0,0,,0,0,0,0,0,0,36,14,3.7,32,0.1,0.07,0.04,0.04,,0.25
Rodrigo Agustín Saravia Salvia,Boston River,Primera División,2026,682,Centre Defensive Midfielder,Uruguay,26,16/08/00,0,0,0,0.02,0.13,0,0,0,,0,0,0.03,0.79,0,0.03,0.66,0,0.01,0.13,0,0.04,0.92,-0.04,0.4,0.4,0,100,0.79,0,1.32,0.53,1.06,0.9,1.58,1.65,15.45,7.66,0,5.15,39.41,16.11,6.34,2.24,3.3,71,1.94,2.85,1.32,0,0.92,78,0.92,0,11.88,12.64,4.09,3.96,1.45,40.45,4.09,34,2.51,63,0.4,0,0,55.72,81,6.6,14,63,2.38,9.77,8,78,-3,44.05,5.81,0.49,0.49,42.25,96,4.25,8.85,0.4,0.26,0.13,0,0.4,0.66,0,0,0,0,0,23,70,7,37,60,3,22.14,19.43,0.96,101,-2.71,21.2,19.72,0,0,0,0,0,,0,0,,0,0,0,0,0,0,17,6,4.79,37,0.01,0.07,0.05,0,,0.12
Rodrigo Chagas,CA Juventud,Primera División,2026,756,Right Centre Midfielder,Uruguay,23,19/08/03,0,0,0.05,0.04,1.19,0,20,2,,0.05,0,0.01,0.24,0,0.01,0.24,0,0,0,0,0.07,1.43,-0.07,0.6,0.36,0.24,60,0.95,0,0.83,2.14,1.19,1.4,1.79,2.02,22.86,11.55,0.03,6.67,40.38,11.79,5.12,2.86,4.05,71,3.3,4.7,1.55,43,1.19,45,0.6,0,18.46,21.19,5.12,4.05,1.67,42.48,7.03,38,2.62,65,0.48,0,0,38.58,75,4.05,14,55,2.74,6.43,17,64,-10,52.37,5.12,0.26,0.29,31.32,94,5.76,10.12,0.6,0.6,0,0.24,2.26,2.86,0,80,0.83,54,0.24,24,65,11,29,56,14,21.11,18.15,0.93,95,-2.96,19.68,17.17,0,0,0,0,0,,0,0,,0,0,0,0,0,0,22,7,3.49,22,0.04,0.05,0.04,-0.06,,0.08
Rodrigo Dudok Rivero,Racing,Primera División,2026,627,Left Wing,Uruguay,19,22/07/07,0.14,0.14,0.19,0.06,3.01,5,29,5,,0.13,0,0.16,1.29,0,0.16,1.29,0,0,0,0.14,0.36,4.3,-0.21,4.45,2.15,2.3,48,1.15,0,1.43,5.02,0.29,0.28,0.29,0.23,20.38,8.47,0,6.6,57.38,11.48,6.89,1.72,2.01,63,1.44,1.71,1.58,33,1,30,1,0,17.08,15.45,4.88,4.74,1.87,58.67,11.48,67,3.73,79,0.14,0,0,22.82,58,0.86,88,29,1.29,2.01,25,46,-11,62.59,3.3,0.19,0.41,26.26,81,7.2,7.03,1.58,1.58,0,0.43,4.59,6.17,0,45,1.15,29,0.57,20,67,13,6,76,18,20.04,18.37,0.89,98,-1.67,17.83,17.95,0,0,0,0,0,,0,0,,0,0,0,0,0,0,39,13,3.75,21,0.07,0.07,0.03,-0.08,,0.09
Rodrigo Mederos,Cerro,Primera División,2026,914,Right Centre Midfielder,Uruguay,21,24/07/05,0,0,0.01,0.02,0.69,0,29,1,,0.02,0.1,0.04,0.99,0.1,0.04,0.99,0,0,0,0.1,0.06,1.67,0.04,1.08,0.79,0.3,73,1.18,0,1.97,2.46,0.3,0.27,1.18,0.75,24.23,12.12,0.02,10.05,45.18,10.84,4.73,2.76,3.05,70,2.16,2.43,1.38,8,1.18,53,0.89,0,20.29,15.32,8.27,5.42,2.27,47.15,8.37,41,3.15,58,0.2,0,0,36.15,78,2.36,13,60,1.97,3.15,20,73,-5,52.29,3.05,0.19,0.23,32.11,91,4.78,8.77,0.69,0.69,0,0.2,1.18,1.87,0,14,0.1,10,0.3,19,67,14,18,66,16,17.95,16.66,0.94,81,-1.29,16.8,13.48,0,0,0,0,0,,0,0,,0,0,0,0,0,0,21,7,3.95,35,-0.02,0.06,0.04,-0.02,,0.06
Rodrigo Muniz,Central Español,Primera División,2026,510,Centre Attacking Midfielder,Uruguay,25,31/08/01,0,0,0.04,0.07,0.53,0,0,1,,0,0,0.02,0.35,0,0.02,0.35,0,0,0,0,0.06,0.88,-0.06,0.71,0.35,0.35,50,1.41,0,1.77,2.65,0.53,0.25,1.24,0.5,17.65,8.65,0,5.3,49.48,6.53,3,1.24,1.77,44,0.82,1.06,1.94,30,1.59,33,0.53,0,14.65,6.76,4.41,4.41,1.41,54.6,8.83,60,3.53,80,0.35,0,0,19.59,72,0.18,59,11,1.24,1.59,29,76,4,56.62,2.65,0.22,0.23,21.18,83,5.76,6.53,0.35,0.35,0,0.18,0.88,1.24,0,0,0,0,0.18,23,60,17,19,65,16,18.09,14.33,0.88,104,-3.76,15.92,14.91,0,0,0,0,0,,0,0,,0,0,0,0,0,0,24,7,2.72,26,-0.03,0.07,0.01,-0.03,,0.03
Rodrigo Rivero,Wanderers,Primera División,2026,884,Left Midfielder,Uruguay,31,26/12/95,0.2,0.1,0.08,0.03,2.54,4,32,3,100,0.1,0.1,0.12,1.42,0.1,0.06,0.81,0,0.07,0.61,0.2,0.21,3.97,0,1.73,1.02,0.71,59,1.42,0,3.97,3.46,0.2,0.22,0.51,0.49,15.37,6.11,0,4.38,50.19,9.57,5.5,1.32,1.53,76,1.19,1.41,1.12,25,0.41,38,1.02,0,12.93,12.76,3.77,4.68,1.53,52.16,7.12,55,3.05,65,0.61,0,0,36.95,67,2.75,80,38,1.63,6.21,22,69,2,60.99,6.11,0.28,0.39,38.47,86,6.06,13.33,2.54,1.32,1.22,0.31,2.34,3.66,0.1,24,0.81,25,0.61,20,68,11,25,63,11,20.78,18.07,0.87,99,-2.71,18.18,17.81,0,0,0,0,0,,0,0,,0,0,0,0,0,0,32,7,5.89,39,0.1,0.06,0.03,-0.04,,0.15
Rubén Bentancourt,Liverpool,Primera División,2026,1699,Centre Forward,Uruguay,33,01/03/93,0.32,0.26,0.19,0.11,1.75,15,48,3,100,0.25,0,0.1,1.17,0,0.1,1.17,0,0,0,0.26,0.29,2.91,-0.02,1.27,0.85,0.42,67,1.54,0,2.49,3.29,0.21,0.28,0.64,0.64,20.08,8.21,0.01,5.4,61.35,4.61,3.29,1.85,2.07,95,1.88,2.16,1.8,50,0.11,42,2.81,0.05,16.48,16.72,4.5,3.13,1.17,63.46,11.98,73,2.65,85,0.26,0,0,18.07,63,0.53,15,53,0.85,0.79,29,52,-11,63.59,1.38,0.34,0.47,18.65,76,4.63,6.25,0.48,0.48,0,0.37,5.62,6.09,0,11,0.32,26,0.9,16,69,14,15,69,15,14.77,12.26,1.01,105,-2.51,14.97,12.82,0,0,0,0,0,,0,0,,0,0,0,0,0,0,40,11,4.41,29,-0.04,-0.05,-0.01,0.09,,-0.01
Salomón Rodríguez,Torque,Primera División,2026,1873,Centre Forward,Uruguay,26,15/02/00,0.53,0.34,0.34,0.11,3.22,10,39,5,100,0.41,0.19,0.17,1.1,0.19,0.17,1.06,0,0,0.05,0.53,0.51,4.32,0.01,0.67,0.43,0.24,64,0.67,0.05,1.83,2.21,0.1,0.12,0.67,0.71,20.8,9.99,0.02,5.91,65.13,4.8,3.36,0.82,0.91,71,0.85,0.97,1.78,38,0.34,49,2.83,0,18.3,20.02,4.85,4.13,1.39,67.74,15.85,87,3.7,90,0.29,0,0,18.11,66,0.43,61,38,0.91,0.91,31,61,-5,63.39,1.68,0.36,0.69,15.61,80,4.26,6.73,0.29,0.24,0.05,0.43,8.31,8.55,0.1,0,0.1,18,1.2,17,61,22,12,64,24,16.66,15.22,0.95,100,-1.44,15.83,15.26,0,0,0,0,0,,0,0,,0,0,0,0,0,0,31,9,3.61,21,-0.02,0.01,0.03,-0.01,,0.01
Sander Andrés Navarro de la Cruz,Central Español,Primera División,2026,447,Right Back,Colombia,23,21/07/03,0,0,0,,0,,,0,,0,0,0.01,0.2,0,0.01,0.2,0,0,0,0,0.01,0.2,-0.01,1.01,0.4,0.6,40,0.6,0,1.41,1.61,0.81,0.31,3.42,1.19,22.36,10.07,0,6.85,30.37,8.86,1.61,2.42,3.22,80,0.93,1.24,1.41,67,0.6,22,0.4,0.2,18.53,7.62,5.64,3.22,0.81,34.14,5.04,27,2.01,63,0.2,0,0,17.93,53,0.81,13,17,3.83,4.43,9,54,1,43.82,1.61,0.03,0.03,14.7,79,6.18,1.21,0.4,0,0.4,0,0.2,0.2,0,50,0.2,10,0,46,46,9,50,50,0,24.46,22.68,0.78,65,-1.78,19.17,14.76,0,0,0,0,0,,0,0,,0,0,0,0,0,0,46,12,1.71,18,0.03,0.04,0.03,,,0.1
Santiago Albistur,Deportivo Maldonado,Primera División,2026,1039,Right Centre Midfielder,Uruguay,24,31/08/02,0,0,0.09,0.05,1.73,0,25,2,,0.03,0.17,0.11,1.21,0.17,0.11,1.21,0,0,0,0.17,0.2,2.95,-0.02,0.87,0.69,0.17,80,0.61,0.09,0.78,1.3,0.43,0.53,0.69,0.68,18.37,8.58,0,5.8,47.19,10.57,4.94,2.43,2.86,72,2.83,3.37,1.21,50,0.95,23,0.26,0,14.73,16.08,5.02,4.42,1.91,48.75,7.45,51,3.29,75,0.26,0,0,56.31,77,3.98,13,61,1.91,5.37,15,73,-4,55.8,8.06,0.35,0.46,47.04,97,4.01,17.67,1.21,1.21,0,0,1.3,2.51,0.09,36,0.43,23,0,24,66,11,29,63,8,20.1,20.58,0.95,93,0.48,19.02,19.21,0,0,0,0,0,,0,0,,0,0,0,0,0,0,26,11,5.97,38,-0.01,0.12,0.02,-0.08,,0.06
Santiago Benítez,Wanderers,Primera División,2026,1818,Right Centre Back,Uruguay,23,11/08/03,0.05,0.05,0.03,0.08,0.35,14,43,0,,0.05,0.05,0.02,0.3,0.05,0.02,0.3,0,0,0,0.1,0.05,0.64,0.05,0.64,0.4,0.25,62,1.04,0,0.49,0.59,1.04,0.86,3.86,2.95,15.84,8.07,0.04,6.93,29.63,11.34,3.12,1.83,2.87,67,1.49,2.35,1.29,46,0.89,57,2.57,0,12.82,10.94,4.9,3.07,1.24,35.25,3.02,24,1.44,47,0.2,0,0,31.48,72,3.32,12,47,4.75,6.19,16,63,-9,41.68,2.87,0.18,0.21,23.46,96,4.57,3.81,0.2,0.2,0,0.1,0.54,0.74,0.1,25,0.15,43,0.1,36,59,5,38,60,3,24.1,21.53,0.9,94,-2.57,21.81,20.33,0,0,0,0,0,,0,0,,0,0,0,0,0,0,26,7,2.38,15,0.06,0.04,0,0.02,,0.13
Santiago Franca Ascarate,Cerro Largo,Primera División,2026,1893,Left Back,Uruguay,24,25/10/02,0.05,0.05,0.03,0.04,0.71,7,20,1,,0.02,0.1,0.09,0.71,0.1,0.09,0.67,0,0,0.05,0.14,0.12,1.43,0.02,0.67,0.43,0.24,64,0.76,0,0.52,0.43,2,2.21,4.23,4.4,13.17,6.61,0.05,5.42,33.46,10.74,3.47,1.85,3.85,63,1.81,4.03,0.81,31,1.09,57,2.14,0,10.51,10.8,3.42,2.57,0.95,39.03,3.38,32,1.47,57,0.24,0,0,42.59,73,3.33,86,44,5.61,6.23,15,60,-13,52.01,5.56,0.29,0.33,32.04,97,3.88,10.89,0.86,0.71,0.14,0.1,0.57,1.28,0.05,56,0.62,28,0.05,33,57,10,30,56,14,21.4,21.17,0.91,95,-0.23,19.43,20.02,0,0,0,0,0,,0,0,,0,0,0,0,0,0,27,9,3.42,32,0.16,0.06,0.06,-0.01,,0.27
Santiago Laquidaín,Liverpool,Primera División,2026,1687,Left Centre Back,Argentina,25,27/07/01,0,0,0.01,0.07,0.16,0,0,0,,0,0,0.03,0.21,0,0.03,0.16,0,0,0.05,0,0.04,0.37,-0.04,0.16,0.11,0.05,67,1.01,0,0.32,0.32,1.33,1.43,5.18,5.11,10.09,4.64,0.03,5.6,25.63,9.98,1.55,1.49,2.83,76,1.7,3.13,1.12,71,0.48,62,2.08,0,7.47,7.9,2.77,1.76,0.53,29.89,1.33,18,0.96,55,0.27,0,0,40.66,80,3.58,84,46,6.08,6.83,12,67,-13,36.73,3.79,0.22,0.23,33.25,98,5.16,3.79,0.37,0.27,0.11,0.05,0.48,0.75,0,43,0.16,60,0.05,34,64,2,46,51,3,24.44,23.1,0.91,89,-1.34,22.19,20.63,0,0,0,0,0,,0,0,,0,0,0,0,0,0,25,11,2.9,21,0.1,0.01,-0.01,-0.01,,0.09
Santiago Leguina,Central Español,Primera División,2026,432,Centre Forward,Uruguay,22,19/11/04,0,0,0.2,0.14,1.46,0,71,3,,0.31,0,0.03,0.42,0,0.03,0.42,0,0,0,0,0.23,1.88,-0.23,1.25,0.63,0.63,50,1.04,0,2.5,2.92,0.42,0.18,0.83,0.93,11.46,4.17,0,3.33,54.24,4.58,2.5,0.42,0.83,29,0.16,0.33,0.42,20,1.04,30,1.67,0,10.63,6.89,2.5,3.33,1.04,58.85,6.67,63,2.5,75,0,0,0,15,72,1.04,20,71,1.25,1.04,15,75,3,54.27,2.08,0.21,0.32,15.83,75,4.49,3.96,0.21,0.21,0,0.21,3.33,3.54,0,0,0,0,0.21,15,68,17,26,68,5,16.88,17.32,1.05,117,0.44,17.74,20.27,0,0,0,0,0,,0,0,,0,0,0,0,0,0,28,8,2.25,29,-0.03,-0.03,0.01,0.14,,0.1
Santiago Marcel,Cerro Largo,Primera División,2026,1697,Centre Defensive Midfielder,Uruguay,24,16/03/02,0.05,0.05,0.04,0.04,0.9,6,41,1,,0.04,0.11,0.05,0.37,0.11,0.05,0.37,0,0,0,0.16,0.09,1.27,0.07,1.17,0.9,0.27,77,0.8,0,1.27,0.69,1.33,1.42,2.65,2.88,25.56,10.55,0.02,10.77,38.98,13.42,5.57,3.87,5.2,79,3.97,5.4,2.07,42,1.01,53,1.64,0.05,19.68,20.6,7.9,6.95,2.7,41.09,6.15,31,3.66,53,0.32,0,0,43.38,78,3.66,13,61,4.14,4.51,18,66,-12,47.72,5.62,0.3,0.31,33.62,95,5.15,7.64,0.37,0.37,0,0.05,0.48,0.85,0.11,14,0.11,33,0.05,25,67,8,32,60,8,20.6,20.61,0.96,90,0.01,19.73,18.63,0,0,0,0,0,,0,0,,0,0,0,0,0,0,24,9,3.12,29,0.03,0.09,0.02,-0.02,,0.12
Santiago Nicolás Costa Harreguy,Albion,Primera División,2026,1258,Centre Attacking Midfielder,Uruguay,26,11/02/00,0.07,0.07,0.07,0.07,1,7,43,1,,0.1,0.07,0.09,1.14,0.07,0.05,0.86,0,0.04,0.29,0.14,0.16,2.15,-0.01,0.86,0.64,0.21,75,1.57,0,1.86,1.65,0.21,0.22,0.93,0.9,23.33,11.45,0.04,8.52,45.96,7.87,3.51,1.65,1.86,61,2.21,2.43,1.29,19,1.07,27,0.29,0.07,20.39,23.7,6.87,5.51,1.65,48.24,9.88,48,3.36,61,0.5,0.07,0,32.42,75,2.43,82,56,1.65,3.65,19,87,12,57.8,4.87,0.38,0.46,30.06,91,4.39,11.81,1.57,1.22,0.36,0.14,2.15,3.36,0.14,9,0.14,13,0.14,18,70,12,20,70,10,19.48,18.56,0.94,95,-0.92,18.35,17.59,0,0,0,0,0,,0,0,,0,0,0,0,0,0,21,7,5.93,40,0.04,0.06,0.02,-0.02,,0.1
Santiago Paiva,Cerro,Primera División,2026,529,Centre Forward,Uruguay,27,10/01/99,0,0,0.11,0.08,1.53,0,33,3,,0.14,0,0.03,0.68,0,0.03,0.68,0,0,0,0,0.15,2.21,-0.15,0.85,0.51,0.34,60,2.04,0,2.55,3.06,0.17,0.07,0.34,0.24,21.44,8.68,0.02,4.08,67.35,4.93,3.06,1.19,1.36,88,0.86,0.93,1.36,0,0.17,41,3.74,0,19.05,13.34,3.4,3.57,1.19,69.13,15.82,83,2.72,76,0.17,0,0,18.54,75,0.68,14,80,0.34,0.85,39,73,-2,58.27,2.55,0.24,0.28,13.61,84,4.74,6.63,0.17,0.17,0,0.34,4.08,4.25,0,0,0.17,50,0.51,20,56,24,23,54,23,14.59,11.69,0.99,96,-2.89,14.39,11.23,0,0,0,0,0,,0,0,,0,0,0,0,0,0,36,8,3.47,28,0.02,-0.05,0.02,-0.03,,-0.04
Santiago Strasorier,Liverpool,Primera División,2026,2071,Centre Back,Argentina,26,06/06/00,0,0,0.04,0.15,0.26,0,67,0,,0.04,0,0,0.04,0,0,0.04,0,0,0,0,0.04,0.3,-0.04,0.09,0.04,0.04,50,0.57,0,0.17,0.22,1.13,1.26,6.65,6.67,9.13,4.61,0.08,5,22.36,11.34,1.39,1.83,2.96,84,1.91,3.17,0.57,58,0.35,69,2.56,0,6.78,7.07,2.39,0.91,0.35,26.63,0.74,11,0.22,24,0.22,0,0,39.9,82,3.56,17,54,7.61,5.65,10,59,-24,34.55,1.87,0.21,0.23,29.91,99,4.97,1.91,0.13,0.09,0.04,0,0.74,0.83,0,33,0.04,25,0.04,25,72,2,41,59,0,24,24,0.92,104,0,22.2,24.98,0,0,0,0,0,,0,0,,0,0,0,0,0,0,20,6,2.34,15,0.05,0.03,0.06,0.01,,0.15
Santiago Valentín Ramírez Polero,Deportivo Maldonado,Primera División,2026,1670,Left Centre Midfielder,Uruguay,25,02/09/01,0.32,0.32,0.2,0.07,2.7,12,26,4,,0.21,0.11,0.11,1.56,0.11,0.06,1.02,0,0.04,0.54,0.43,0.31,4.26,0.12,0.81,0.49,0.32,60,1.99,0,1.94,2.37,0.7,0.71,1.46,1.63,20.65,9.76,0.02,6.85,46.52,9.06,4.69,2.26,2.96,76,2.52,3.24,1.46,24,0.7,58,1.35,0,16.93,18.08,5.55,5.23,1.72,49.87,8.73,52,4.04,77,0.22,0,0,30.29,66,2.48,72,45,1.99,4.96,18,67,1,56.36,3.61,0.4,0.54,27.49,87,5.09,7.39,1.67,0.86,0.81,0.11,1.72,2.59,0.05,23,0.49,24,0.05,20,72,8,19,69,12,21.13,17.44,0.91,106,-3.69,19.33,18.5,0,0,0,0,0,,0,0,,0,0,0,0,0,0,32,8,5.58,36,0.07,0.07,0.03,0.01,,0.19
Santiago Viera,Progreso,Primera División,2026,765,Right Centre Midfielder,Uruguay,28,03/06/98,0.12,0.12,0.04,0.04,1.06,11,44,2,,0.04,0,0.02,0.47,0,0.02,0.47,0,0,0,0.12,0.06,1.53,0.06,1.29,0.59,0.71,45,1.53,0,2,1.41,0.82,0.7,1.18,0.96,18.82,9.17,0.01,5.06,45.69,9.53,4.82,1.88,2.71,89,1.72,2.42,1.18,67,0.24,39,0.82,0,15.76,13.19,3.76,4.12,0.71,49.6,7.76,49,2.59,63,0.12,0,0,26.93,66,1.65,19,44,1.65,3.29,20,55,-11,56.41,4.94,0.07,0.11,23.99,89,6.8,8.94,1.65,1.53,0.12,0,1.65,3.18,0,21,0.59,28,0.12,27,64,9,30,58,12,20.96,17.53,0.94,105,-3.42,19.76,18.37,0,0,0,0,0,,0,0,,0,0,0,0,0,0,28,9,2.35,21,0.03,0.1,0,-0.02,,0.1
Sebastián Assís,Cerro Largo,Primera División,2026,2177,Right Centre Midfielder,Uruguay,33,03/03/93,0,0,0.05,0.06,0.74,0,17,1,,0.02,0.17,0.12,1.16,0.17,0.11,1.07,0,0,0.08,0.17,0.16,1.9,0,0.29,0.04,0.25,14,1.03,0,1.28,1.74,0.95,0.89,0.91,0.95,20.46,9.22,0.03,6.82,43.77,10.13,5.37,2.11,3.06,69,2.1,2.99,1.36,41,0.95,36,0.83,0,17.03,16.94,5.58,5.33,1.57,46.25,7.15,42,3.43,64,0.17,0,0,54.48,77,4.18,14,54,2.07,6.61,21,73,-4,53.43,8.6,0.34,0.4,44.89,95,3.68,14.63,1.07,0.87,0.21,0,0.87,1.74,0.12,15,0.21,24,0.08,24,66,9,31,64,5,21.09,19.03,0.93,94,-2.06,19.69,17.94,0,0,0,0,0,,0,0,,0,0,0,0,0,0,22,7,4.26,39,0.02,0.06,0.02,-0.03,,0.07
Sebastián Britos,Peñarol,Primera División,2026,502,Goalkeeper,Uruguay,38,01/01/88,0,0,0,,0,,,0,,0,0,0,0,0,0,0,0,0,0,0,0,0,0,0,0,0,,0.36,0,0,0,0,0,0,0,0.18,0,0,4.48,2.99,3.05,0,0,0,,0,0,0,,0,,0,0,0.18,0.12,0.18,0,0,6.51,0,0,0,,0,0,0,19.55,79,5.74,21,55,2.87,7.53,19,45,-34,11.8,0.72,0.14,0.14,17.58,100,4.36,0.54,0,0,0,0,0,0,0,,0,,0,31,69,0,100,0,0,34.58,43.58,0.85,69,8.99,29.47,30.14,0.9,0.73,-0.17,67,73,-6,0.55,2.69,38,6.99,2.06,0.18,0.18,21.1,-2,21,2,2.06,12,0.05,0.05,,,-0.3,-0.2
Sebastián Caceres,Torque,Primera División,2026,827,Left Centre Midfielder,Uruguay,26,14/01/00,0.11,0.11,0.05,0.06,0.76,14,14,1,,0.02,0.11,0.12,0.98,0.11,0.11,0.87,0,0.01,0.11,0.22,0.16,1.74,0.05,1.31,1.31,0,100,2.4,0,1.85,1.96,0.65,0.74,1.74,1.78,21.67,10.67,0.01,8.17,45.07,11.22,5.66,2.94,3.59,84,3.2,3.94,0.87,55,0.54,43,1.42,0,17.86,19.41,6.42,5.88,1.96,48.08,7.51,42,3.16,54,0.44,0,0,42.47,74,3.05,12,44,2.29,6.42,16,68,-5,55.83,4.9,0.34,0.48,36.59,92,5.21,11.54,1.09,0.98,0.11,0.11,1.2,2.18,0,20,0.33,20,0.11,22,63,14,31,56,13,21.91,18.37,0.9,102,-3.54,19.77,18.75,0,0,0,0,0,,0,0,,0,0,0,0,0,0,27,6,5.12,35,-0.02,0.1,0.04,-0.01,,0.11
Sebastián Coates,Nacional,Primera División,2026,1429,Right Centre Back,Uruguay,36,06/10/90,0,0,0.08,0.11,0.69,0,18,0,,0.05,0,0.02,0.44,0,0.02,0.44,0,0,0,0,0.1,1.13,-0.1,0.31,0.31,0,100,0.69,0,0.19,0.31,0.69,0.98,4.72,5.12,7.5,3.59,0.07,3.97,22.44,10.71,1.89,1.45,2.14,77,1.37,2.35,1.07,57,0.44,77,2.77,0.06,4.98,5.25,2.14,0.69,0.19,26.49,0.57,11,0.25,36,0.38,0,0,39.5,85,5.86,9,68,6.11,7.24,13,78,-7,36.8,4.54,0.35,0.37,29.67,99,5.67,5.23,0.44,0.31,0.13,0.25,2.2,2.52,0,0,0,,0.31,31,67,3,47,45,8,26.11,26.24,0.95,103,0.13,24.68,27.02,0,0,0,0,0,,0,0,,0,0,0,0,0,0,20,9,3.36,22,0.12,0.05,0.01,-0.02,,0.16
Sebastián Fernández,Danubio,Primera División,2026,800,Right Centre Forward,Uruguay,41,22/05/85,0.45,0.45,0.26,0.25,1.01,44,67,2,,0.41,0,0.02,0.34,0,0.02,0.34,0,0,0,0.45,0.27,1.35,0.18,0.34,0,0.34,0,0.68,0,1.8,2.25,0.11,0.15,0.9,1.05,14.96,6.98,0.01,2.93,58.85,4.95,3.26,1.13,1.24,67,1.24,1.39,1.35,17,0.56,29,1.35,0,12.49,14.26,2.81,3.49,0.9,62.55,9.34,75,2.7,77,0,0,0.11,21.49,66,1.01,27,60,1.24,1.35,20,48,-18,56.97,1.58,0.2,0.38,17.1,83,3.19,5.51,0.11,0.11,0,0,2.59,2.7,0.11,100,0.11,17,0.11,17,67,17,12,67,20,15.06,13.07,0.98,105,-1.99,14.82,13.72,0,0,0,0,0,,0,0,,0,0,0,0,0,0,37,11,2.13,19,-0.07,0.03,0.06,0.24,,0.26
Sebastián González,Deportivo Maldonado,Primera División,2026,409,Left Defensive Midfielder,Uruguay,26,10/02/00,0,0,0.01,0.03,0.22,0,100,0,,0,0,0.02,0.66,0,0.02,0.66,0,0,0,0,0.03,0.88,-0.03,0,0,0,,1.32,0,0.44,0.22,1.54,1.47,2.86,1.88,11.68,7.27,0.03,4.85,31.88,12.78,5.07,0.66,2.2,33,0.62,2.1,1.1,0,1.32,45,1.1,0,9.91,9.21,3.08,1.76,0.44,36.55,2.42,24,0.88,50,0,0,0,29.3,78,2.64,5,63,3.52,3.52,15,90,12,45.07,2.2,0.17,0.17,19.17,97,4.21,3.08,0.22,0.22,0,0,0,0.22,0,0,0,0,0,24,68,7,21,79,0,20.29,19.7,0.96,108,-0.59,19.5,21.26,0,0,0,0,0,,0,0,,0,0,0,0,0,0,21,4,2.71,22,0.02,0.03,0.21,0,,0.25
Sebastián Jaume Méndez,Albion,Primera División,2026,2573,Goalkeeper,Uruguay,22,25/06/04,0,0,0,,0,,,0,,0,0,0,0.07,0,0,0,0,0,0.07,0,0,0.07,0,0.24,0.24,0,100,0.31,0,0,0,0,0,0,0,0.14,0.1,0,7.94,2.56,4.02,0,0,0,0,0,0,0,0,0.03,,0,0.03,0.14,0.11,0.07,0,0,12.11,0,0,0,,0,0,0,23.05,73,5.74,9,41,1.99,12.1,18,74,2,11.29,1.92,0.13,0.13,20.75,100,5.67,0.7,0.03,0,0.03,0,0,0,0,0,0,,0,53,47,0,95,5,0,38.14,32.23,0.71,73,-5.92,27.2,23.67,1.01,1.28,0.27,73,65,7,1.07,3.71,27,13.75,1.8,0.07,0,17.47,-1,24,3,1.22,9,0.12,0.07,-0.04,,0.15,0.3
Sebastián Rodríguez,Danubio,Primera División,2026,1896,Right Defensive Midfielder,Uruguay,34,15/08/92,0.09,0.05,0.07,0.06,1.19,4,32,1,100,0.11,0.09,0.04,1,0.09,0.02,0.76,0,0.01,0.24,0.14,0.1,2.18,0.04,0.76,0.47,0.28,63,1.14,0,1.23,0.76,0.62,0.64,1.57,1.72,15.23,7.88,0.02,6.17,39.19,12.05,4.75,2.23,2.85,81,2.35,2.99,0.85,61,0.52,57,0.62,0,12.2,12.65,4.32,3.27,1.42,42.33,4.18,34,1.9,58,0.24,0,0,48.27,81,2.99,12,47,2.28,5.65,15,80,-1,49.31,6.26,0.35,0.37,42.29,97,4.12,10.44,1.76,1.09,0.66,0,0.95,2.04,0.05,8,0.14,27,0.05,23,68,9,33,63,4,20.6,17.79,0.93,97,-2.81,19.09,17.21,0,0,0,0,0,,0,0,,0,0,0,0,0,0,23,8,6.33,50,0.06,0.09,0.01,-0.03,,0.13
Sebastián Sosa,CA Juventud,Primera División,2026,1699,Goalkeeper,Uruguay,40,18/08/86,0,0,0,,0,,,0,,0,0,0,0,0,0,0,0,0,0,0,0,0,0,0,0,0,,0.21,0,0,0,0.05,0.08,0,0,0.05,0,0,6.94,2.83,4.29,0,0,0.05,0,0,0.08,0,0,0.05,,0,0,0.05,0.04,0.05,0,0,7.27,0,0,0,,0,0,0,20.5,84,5.25,13,54,2.33,7.31,15,69,-15,12.85,0.37,0.09,0.09,17.86,100,5.24,0.26,0,0,0,0,0.05,0.05,0,,0,,0,35,64,0,80,20,0,30.87,38.56,0.83,86,7.69,25.72,33.27,1.11,1.33,0.21,72,67,5,1.01,3.97,35,11.5,1.87,0,0,20.18,-2,17,3,0.88,6,0.06,0.06,-0.05,,0.14,0.21
Sebastián Vicente Tormo Módena,Deportivo Maldonado,Primera División,2026,1009,Left Back,Uruguay,26,27/12/00,0.09,0.09,0.09,0.14,0.62,14,43,1,,0.1,0,0.09,1.34,0,0.09,1.25,0,0,0.09,0.09,0.18,1.96,-0.09,1.07,0.8,0.27,75,0.98,0,0.62,0.98,1.16,1.14,2.32,2.61,16.14,7.94,0.03,5.62,37.05,11.5,3.12,1.96,3.12,63,2,3.14,1.34,57,1.16,64,1.6,0.09,12.84,13.91,3.92,2.5,0.62,39.17,3.57,28,1.69,68,0.09,0,0,32.54,69,4.28,80,55,3.03,7.13,15,59,-10,50.15,3.83,0.16,0.31,26.66,96,4.88,6.95,1.96,1.87,0.09,0.09,1.16,3.03,0.09,55,1.34,48,0.27,31,58,11,23,67,10,23.71,19.55,0.94,101,-4.16,22.34,19.69,0,0,0,0,0,,0,0,,0,0,0,0,0,0,32,9,4.76,32,0.16,0.08,0.11,0.04,,0.39
Sebastián da Silva,Racing,Primera División,2026,1639,Left Centre Forward,Uruguay,24,27/04/02,0.22,0.11,0.29,0.15,1.98,6,25,5,67,0.26,0.05,0.03,0.77,0.05,0.03,0.77,0,0,0,0.16,0.32,2.75,-0.16,2.03,0.66,1.37,32,1.54,0,2.64,4.34,0.11,0.11,0.6,0.36,18.17,6.26,0.01,4.28,66.38,3.68,2.75,0.88,0.99,80,0.67,0.78,2.8,43,0.22,35,2.31,0,14.66,10.86,3.95,4.12,0.99,68.51,12.52,85,3.79,92,0.33,0.05,0,13.4,57,0.16,30,25,0.71,0.55,34,50,-7,65.18,1.48,0.26,0.41,14.93,64,5.6,4.83,0.16,0.16,0,0.38,5.82,5.98,0,0,0,0,0.6,25,59,16,22,61,17,14.54,11.54,1.02,107,-3,14.79,12.4,0,0,0,0,0,,0,0,,0,0,0,0,0,0,32,6,3,19,-0.08,-0.04,0,-0.06,,-0.18
Teddy Vázquez,Boston River,Primera División,2026,492,Left Centre Midfielder,Uruguay,20,06/05/06,0.18,0.18,0.2,0.15,1.28,14,29,1,,0.16,0,0.1,1.65,0,0.1,1.65,0,0,0,0.18,0.29,2.93,-0.11,2.93,1.83,1.1,63,2.56,0,2.2,2.75,0.73,0.68,1.28,1.29,28.92,14.46,0.02,8.97,45.57,11.9,5.86,4.58,5.31,74,3.67,4.35,2.2,18,1.65,56,0.92,0,22.51,18.77,7.5,5.31,1.46,46.82,8.42,37,3.29,62,0.37,0,0,31.3,77,1.28,14,64,1.46,1.83,20,61,-17,51.75,3.66,0.53,0.6,31.3,86,4.66,7.69,1.1,0.73,0.37,0.37,2.56,3.29,0,0,0.18,50,0.55,24,66,9,31,67,2,17.52,16.92,1.02,114,-0.6,17.82,19.21,0,0,0,0,0,,0,0,,0,0,0,0,0,0,30,13,4.96,38,0.05,0.13,0.04,-0.08,,0.14
Tiago Rijo,Cerro,Primera División,2026,493,Right Midfielder,Uruguay,21,13/06/05,0,0,0.16,0.11,1.46,0,50,4,,0.2,0.37,0.22,1.64,0.37,0.22,1.64,0,0,0,0.37,0.38,3.1,-0.01,2.74,0.73,2.01,27,0.55,0,1.83,5.11,0.37,0.18,0.73,0.6,14.43,5.48,0.05,2.92,52.15,6.21,3.65,1.28,1.64,100,1.14,1.32,2.01,100,0,39,1.28,0,11.14,9.61,2.37,3.29,0.73,58.29,7.3,66,2.74,83,0.55,0,0,18.81,61,0.73,10,40,1.64,0.91,26,59,-1,63.25,0.73,0.24,0.52,21.37,81,6.43,5.3,0.91,0.91,0,0.91,3.29,4.2,0,60,1.28,33,0.91,12,73,15,17,66,17,18.72,19.74,0.89,83,1.02,16.65,16.33,0,0,0,0,0,,0,0,,0,0,0,0,0,0,43,12,5.88,39,0.17,-0.04,-0.14,-0.03,,-0.03
Tiziano Correa Reyes,Nacional,Primera División,2026,332,Left Centre Forward,Uruguay,22,30/08/04,0,0,0.19,0.06,2.98,0,36,5,,0.16,0.27,0.21,0.81,0.27,0.21,0.81,0,0,0,0.27,0.4,3.79,-0.13,1.35,1.08,0.27,80,1.9,0,3.25,3.25,0.54,0.8,0.27,0.4,9.48,3.25,0,1.35,66.36,6.5,3.52,0.27,0.81,100,0.36,1.16,1.08,,0,62,2.17,0,8.13,12.19,1.35,2.17,0.27,74.03,7.32,90,1.9,88,0,0,0,24.39,63,1.35,25,38,0.27,3.52,13,67,3,61.86,2.98,0.52,0.7,25.47,80,5.46,8.13,0.54,0.54,0,1.35,5.96,6.5,0.27,0,0.27,13,1.35,13,73,14,7,73,20,20.43,11.79,0.87,99,-8.64,17.79,11.72,0,0,0,0,0,,0,0,,0,0,0,0,0,0,33,11,3.85,26,0.02,-0.07,0,-0.03,,-0.09
Tiziano Correa Reyes,Cerro Largo,Primera División,2026,1858,Centre Forward,Uruguay,22,30/08/04,0.24,0.24,0.24,0.11,2.23,11,41,5,0,0.24,0.1,0.09,0.92,0.1,0.09,0.92,0,0,0,0.34,0.33,3.15,0.01,1.21,0.82,0.39,68,0.53,0,1.84,2.33,0.48,0.46,0.97,1.04,14.44,4.94,0.02,3.83,62.1,4.41,3.15,0.53,1.02,73,0.58,1.03,0.73,50,0.19,34,1.6,0,13.18,13.6,3.29,3.39,0.92,66.86,11,83,3.05,90,0.1,0,0,19.14,62,1.16,26,59,1.36,1.6,25,62,-1,61.53,2.28,0.26,0.41,18.07,84,5.18,6.64,0.78,0.78,0,0.24,4.12,4.89,0,31,0.29,30,0.48,17,64,19,18,68,15,18.44,16.32,0.99,102,-2.13,18.28,16.66,0,0,0,0,0,,0,0,,0,0,0,0,0,0,29,8,3,27,0.01,0.04,0.01,-0.04,,0.02
Tobías Figueroa,Albion,Primera División,2026,839,Centre Forward,Argentina,34,01/02/92,0.32,0.32,0.31,0.13,2.47,13,48,6,,0.43,0,0.02,0.54,0,0.02,0.54,0,0,0,0.32,0.33,3,-0.01,0.75,0.43,0.32,57,1.29,0,2.47,2.68,0,0,0.75,0.93,16.09,6.65,0.01,3.22,56.75,3.43,1.93,0.54,0.54,71,0.66,0.66,2.04,33,0.21,49,3.54,0,13.52,15.92,3.11,2.79,0.86,59.6,8.69,64,2.36,85,0.21,0,0,14.81,66,0.43,38,33,1.07,0.97,35,53,-13,61.11,0.75,0.25,0.42,14.7,77,4.35,5.04,0.21,0.21,0,0.32,5.26,5.47,0,0,0,0,0.43,10,73,17,13,77,11,15.56,13.88,0.93,93,-1.68,14.5,12.88,0,0,0,0,0,,0,0,,0,0,0,0,0,0,38,9,2.61,21,-0.05,-0.02,0.01,0.09,,0.03
Tomás Cavanagh,Danubio,Primera División,2026,1818,Left Back,Argentina,25,04/01/01,0,0,0.05,0.16,0.3,0,0,0,,0,0,0.03,0.54,0,0.03,0.54,0,0,0,0,0.08,0.84,-0.08,0.74,0.54,0.2,73,0.3,0,0.45,0.4,1.29,1.13,3.46,3.73,15.44,7.72,0,6.78,29.39,11.53,2.03,2.67,3.96,79,2.8,3.94,1.19,56,0.69,64,1.83,0.05,11.58,11.7,4.9,2.23,0.99,31.65,2.13,18,1.14,51,0.25,0.05,0,37.72,69,2.97,88,36,4.41,7.33,10,59,-11,42.37,3.51,0.23,0.27,26.73,97,3.87,4.6,0.89,0.45,0.45,0,0.64,1.09,0,28,0.25,17,0.05,41,54,5,48,44,8,23.53,21.74,0.87,87,-1.79,20.5,18.95,0,0,0,0,0,,0,0,,0,0,0,0,0,0,34,10,3.35,27,0.13,0.03,0.03,-0.04,,0.16
Tomás Habib,Racing,Primera División,2026,1548,Right Centre Forward,Argentina,24,30/04/02,0.29,0.23,0.24,0.13,1.8,13,32,4,100,0.25,0.06,0.07,1.1,0.06,0.07,1.1,0,0,0,0.29,0.31,2.91,-0.02,0.87,0.41,0.47,47,0.93,0,1.92,3.26,0.41,0.24,0.29,0.19,20.93,8.02,0.01,5.35,67.1,4.24,3.02,0.81,1.22,67,0.58,0.82,2.21,25,0.41,36,3.2,0,18.08,14.45,4.83,4.01,1.4,68.4,15.17,84,3.66,91,0.29,0,0,16.8,57,0.12,10,20,0.29,0.58,29,48,-9,64.56,1.8,0.32,0.48,13.02,74,4.51,5.58,0.29,0.29,0,0.41,5.81,6.1,0,0,0.06,13,0.76,23,65,12,27,66,7,13.95,12.07,0.96,105,-1.88,13.43,12.64,0,0,0,0,0,,0,0,,0,0,0,0,0,0,47,13,3.6,22,-0.05,-0.02,0,-0.02,,-0.09
Tomás Moschión,Albion,Primera División,2026,1661,Right Defensive Midfielder,Argentina,26,01/06/00,0,0,0.03,0.03,1.08,0,15,1,,0.01,0.11,0.07,0.54,0.11,0.06,0.27,0,0.02,0.27,0.11,0.1,1.63,0.01,0.76,0.6,0.16,79,0.76,0,0.6,0.54,0.87,0.88,2.33,2.45,21.94,10.95,0.03,8.94,34.49,14.79,6.29,2.17,3.03,69,2.18,3.06,1.35,46,0.98,44,0.92,0,18.42,19.06,6.56,5.26,2.33,37.16,4.5,24,2.11,40,0.16,0.05,0,53.64,82,2.93,13,52,2.93,5.04,20,77,-4,47,5.36,0.39,0.42,40.58,98,4.74,8.02,0.7,0.27,0.43,0,0.27,0.54,0.05,15,0.11,20,0,21,67,12,28,69,3,19.9,18,0.94,99,-1.9,18.77,17.79,0,0,0,0,0,,0,0,,0,0,0,0,0,0,22,9,4.89,37,0.07,0.1,0.04,-0.05,,0.15
Tomás Verón Lupi,Nacional,Primera División,2026,1203,Right Wing,Argentina,26,02/09/00,0.3,0.3,0.17,0.12,1.42,21,37,2,,0.17,0.15,0.15,1.12,0.07,0.12,0.82,0.07,0.03,0.3,0.45,0.32,2.54,0.13,3.44,2.1,1.35,61,1.42,0,3.14,3.22,0.6,0.77,0.45,0.58,18.63,8.46,0.02,5.01,50.73,9.05,5.54,1.72,2.32,66,2.25,3.03,1.5,21,0.9,26,0.37,0,15.72,19.26,4.19,3.59,1.12,52.18,7.71,49,2.54,71,0.07,0,0,32.78,61,2.54,18,45,1.12,4.94,18,57,-3,62.06,4.12,0.36,0.58,35.1,83,5.29,10.18,1.95,1.2,0.75,0.3,2.99,4.19,0,38,1.2,27,0.37,15,72,12,19,65,15,19.66,16.35,0.93,97,-3.3,18.35,15.93,0,0,0,0,0,,0,0,,0,0,0,0,0,0,33,6,6.16,40,0.13,0.16,0.02,-0.03,,0.28
Tomás Viera,Nacional,Primera División,2026,1112,Left Centre Back,Uruguay,20,17/03/06,0,0,0.04,0.08,0.57,0,29,0,,0.05,0,0.03,0.24,0,0.03,0.24,0,0,0,0,0.08,0.81,-0.08,0.32,0.16,0.16,50,1.21,0,0.32,0.65,0.49,0.44,4.94,4.08,14.08,7.28,0.04,6.64,23.61,9.23,1.54,2.59,3.08,84,2.39,2.82,1.05,78,0.49,65,1.62,0.08,10.52,8.84,4.29,1.13,0.57,27.31,1.13,11,0.49,43,0.24,0,0,35.04,70,4.53,79,45,5.66,9.31,11,49,-20,37.99,4.37,0.31,0.4,27.52,97,6.12,4.37,0.4,0.4,0,0.08,1.05,1.46,0,40,0.24,50,0.08,38,60,2,44,56,0,28.27,22.63,0.87,96,-5.64,24.56,21.67,0,0,0,0,0,,0,0,,0,0,0,0,0,0,26,6,3.16,19,0.09,0.06,-0.13,0.01,,0.03
Washington Aguerre,Peñarol,Primera División,2026,2098,Goalkeeper,Uruguay,33,22/04/93,0,0,0,,0,,,0,,0,0,0.01,0.04,0,0.01,0.04,0,0,0,0,0.01,0.04,-0.01,0.04,0.04,0,100,0.26,0,0,0.04,0,0,0.04,0.03,0.21,0.09,0,6.43,3.06,3.47,0,0.04,0.04,50,0.03,0.03,0.04,0,0.04,100,0.04,0.04,0.13,0.17,0.04,0,0,7.09,0,0,0,,0.26,0.04,0,18.23,58,5.1,19,31,2.75,13.77,15,44,-14,11.76,0.64,0.08,0.08,16.43,100,6.1,0.34,0.13,0.09,0.04,0,0,0.09,0.04,0,0,,0,53,47,0,88,13,0,46.37,44.12,0.69,71,-2.25,32.05,31.52,0.64,0.76,0.11,76,72,4,0.72,2.7,27,9.95,2,0.04,0,21.23,1,36,1,1.42,8,0.1,0.05,0,,0.12,0.28
Xavier Vázquez,Defensor Sporting,Primera División,2026,394,Right Wing,Mexico,21,27/03/05,0.23,0.23,0.09,0.04,2.51,9,9,4,,0.1,0,0.26,2.06,0,0.07,0.91,0,0.19,1.14,0.23,0.35,4.57,-0.12,1.83,0.91,0.91,50,2.29,0,2.06,4.34,0.46,0.49,0,0,13.94,6.63,0,3.66,55.28,11.88,7.77,0.69,1.14,43,0.85,1.34,1.37,20,0.91,9,0.23,0,11.88,13.09,3.2,3.66,1.83,55.09,8,67,2.74,75,0.23,0,0,32.91,73,3.43,82,52,0.69,5.94,15,64,-9,62.33,4.8,0.42,0.43,37.25,86,6.5,12.8,2.74,1.37,1.37,0,2.51,3.89,0.23,17,0.46,13,0.23,12,73,15,20,68,13,21.68,16.67,0.94,115,-5.01,20.47,19.13,0,0,0,0,0,,0,0,,0,0,0,0,0,0,24,9,10.33,57,0.15,0.1,0.01,-0.07,,0.19
Yair González,Boston River,Primera División,2026,1208,Centre Attacking Midfielder,Argentina,24,20/03/02,0.15,0.15,0.06,0.03,1.79,8,25,2,,0.05,0.07,0.16,1.79,0,0.14,1.42,0.07,0.02,0.37,0.22,0.22,3.58,0.01,2.46,1.64,0.82,67,1.64,0,3.05,2.46,0.45,0.5,0.82,1,16.24,8.05,0.01,4.47,50.31,6.03,2.68,1.27,1.71,49,1.45,1.95,1.27,18,1.34,32,0.6,0,13.78,15.16,3.28,4.62,1.56,51.72,7.3,53,3.05,66,0.37,0.07,0,34.86,72,1.94,18,43,1.64,3.65,21,70,-3,56.49,3.8,0.49,0.61,37.99,90,5.57,9.09,1.56,0.82,0.74,0.3,2.98,3.8,0.22,14,0.37,19,0.52,19,68,13,22,61,16,18.72,17.21,0.91,95,-1.51,16.95,16.43,0,0,0,0,0,,0,0,,0,0,0,0,0,0,28,10,5.7,47,0.05,0.08,-0.01,-0.06,,0.07
Yonatan Irrazábal,Cerro,Primera División,2026,994,Goalkeeper,Uruguay,38,11/02/88,0,0,0,,0,,,0,,0,0,0,0,0,0,0,0,0,0,0,0,0,0,0,0,0,,0.36,0,0,0,0,0,0,0,0.18,0.27,0,8.51,2.55,4.35,0,0,0,0,0,0,0,0,0.27,0,0,0,0.18,0.1,0.09,0,0,6.72,0,0,0,,0.09,0,0,16.3,60,9.15,27,43,2.08,19.38,9,55,-5,12.2,0.45,0.03,0.03,15.39,100,10.13,0.18,0,0,0,0,0,0,0,,0,,0,60,40,0,100,0,0,45.96,44.11,0.81,89,-1.85,37.18,39.36,1,1.05,0.05,69,68,2,1.18,3.26,24,13.4,2.13,0.18,0.09,17.72,-1,37,3,0.43,5,0.09,0.09,0,,0.05,0.23
Yury Michel Oyarzo Barragán,Racing,Primera División,2026,1349,Left Wing Back,Uruguay,19,12/12/07,0.13,0.13,0.05,0.06,0.73,18,18,1,,0.09,0.13,0.06,0.53,0.13,0.06,0.47,0,0,0.07,0.27,0.1,1.27,0.16,0.87,0.47,0.4,54,2.6,0,2.07,1,0.8,0.6,2.6,2.02,19.49,9.41,0.03,6.27,38.64,12.55,4.54,2.67,3.47,80,2.09,2.69,1.6,44,0.67,38,1.07,0,15.28,11.77,4.34,3.54,1.4,42.77,5.74,38,2.4,68,0.4,0,0,22.89,54,1.87,88,29,3.74,5.34,15,46,-8,53.26,3.74,0.19,0.24,19.95,89,6.17,4.94,1.27,0.67,0.6,0.13,0.67,1.33,0,26,0.47,29,0.2,47,47,7,35,61,4,24.99,24.24,0.88,86,-0.75,22.06,20.76,0,0,0,0,0,,0,0,,0,0,0,0,0,0,39,11,2.82,19,0.12,0.06,0.02,0.02,,0.22
Álex Vázquez,Racing,Primera División,2026,2029,Left Centre Midfielder,Uruguay,24,08/03/02,0.18,0.18,0.07,0.04,1.82,10,27,2,,0.16,0.22,0.19,1.64,0.04,0.09,0.71,0.18,0.1,0.93,0.4,0.25,3.46,0.15,1.82,0.84,0.98,46,2.04,0,2.04,2.57,0.98,0.8,1.55,1.1,18.54,7.32,0.02,5.9,47.16,13.22,7.32,1.77,2.75,67,1.18,1.99,1.77,37,0.89,45,2.26,0,14.99,11.36,4.52,4.57,1.51,50.84,7.67,51,3.19,70,0.22,0,0.04,29.89,60,3.37,81,45,2.13,6.92,19,61,1,59.91,4.61,0.28,0.37,26.43,87,5.17,8.03,3.06,1.06,2,0.13,1.33,2.39,0,16,0.49,21,0.27,27,64,9,24,65,10,23.83,17.58,0.92,102,-6.25,21.86,17.87,0,0,0,0,0,,0,0,,0,0,0,0,0,0,32,5,6.56,41,0.22,0.07,0,0,,0.29
Álvaro López,Albion,Primera División,2026,1713,Centre Forward,Argentina,28,05/08/98,0.74,0.42,0.52,0.22,2.36,18,38,5,100,0.3,0.16,0.09,1.21,0.16,0.09,1.21,0,0,0,0.58,0.61,3.57,-0.03,2,1.16,0.84,58,1.05,0,2.73,4.26,0.16,0.14,0.37,0.28,17.24,7.2,0.01,4.68,61.49,3.94,2.63,0.58,0.74,79,0.61,0.74,0.58,25,0.16,42,2.42,0,16.08,16.67,4.41,2.94,0.95,62.82,11.77,73,2.31,79,0.16,0,0.05,18.13,68,0.42,22,57,0.53,0.58,29,60,-8,61.34,1.05,0.38,0.71,20.44,74,4.45,5.83,0.42,0.42,0,0.47,7.67,8.09,0.05,13,0.16,50,0.89,12,64,24,9,64,27,14.67,14.52,0.98,105,-0.14,14.43,15.25,0,0,0,0,0,,0,0,,0,0,0,0,0,0,31,9,3.11,21,-0.11,0.01,-0.07,-0.09,,-0.26